#{"t_start": 1774611429.304103, "env_id": "continuous-exit-v0"}
r,l,t
0.553212,2,7.012554
0.5234,2,7.11255
0.562096,2,7.213297
0.880712,3,7.375854
0.858115,3,7.535064
0.514879,2,7.652824
0.555779,2,7.771049
0.542868,2,7.888313
-3.570463,4,8.104349
0.52978,2,8.225559
0.504156,2,8.349211
0.534896,2,8.463637
0.544086,2,8.578266
2.303345,6,8.918615
0.510877,2,9.034413
0.45828,2,9.155201
0.491341,2,9.275343
1.596386,5,9.544673
0.575544,2,9.660457
0.476978,2,9.775983
1.132311,4,9.993335
0.894763,3,10.149778
0.711245,3,10.322024
0.531883,2,10.43643
0.325121,2,10.533071
3.013302,8,10.964059
1.352535,5,11.235226
0.320845,2,11.332474
0.532682,2,11.446982
0.508122,2,11.543438
-3.694242,4,11.742504
0.332501,2,11.841331
3.556227,11,12.414328
1.414822,5,12.701133
0.91405,3,12.876672
0.354218,2,12.991286
-3.540357,4,13.20375
2.171198,6,13.519316
2.316283,7,13.880464
1.255371,4,14.075202
0.447048,2,14.173485
0.901223,3,14.332896
0.553115,2,14.446651
0.915375,3,14.618961
0.328292,2,14.733502
0.522831,2,14.83163
0.527723,2,14.946888
0.552246,2,15.062758
0.968398,3,15.218341
0.51383,2,15.317339
1.084299,4,15.532204
0.961981,3,15.67058
-2.899734,6,15.983986
0.855363,3,16.119759
-3.23271,5,16.410381
1.653708,5,16.663872
0.545839,2,16.779457
0.456953,2,16.897464
0.523484,2,17.012775
0.512361,2,17.127507
0.537849,2,17.243078
1.10358,4,17.453832
0.538746,2,17.570801
1.446071,5,17.859849
0.331809,2,17.973633
0.547159,2,18.071489
0.548431,2,18.185946
1.973519,6,18.532157
0.543324,2,18.628905
1.353089,5,18.902206
1.33758,4,19.114048
0.581987,2,19.210755
0.347525,2,19.327019
0.505334,2,19.422284
-3.426888,5,19.698145
0.354442,2,19.813076
-3.051407,5,20.04796
0.33972,2,20.144842
0.913837,3,20.303796
0.550711,2,20.420549
0.959391,3,20.57511
-2.468808,7,20.963614
0.447769,2,21.077673
0.559566,2,21.173406
0.45657,2,21.291669
-3.37185,4,21.506458
0.514684,2,21.622749
3.196745,8,22.066926
0.511305,2,22.16383
2.537456,7,22.521373
1.670926,5,22.774469
-3.43673,4,22.984675
0.557369,2,23.099519
2.202408,6,23.409382
-2.76819,6,23.720993
1.504206,5,23.972022
0.964128,3,24.126667
2.823585,8,24.539709
1.347309,4,24.77601
-3.052395,5,25.04674
-2.058615,7,25.415267
1.618984,5,25.68347
0.575045,2,25.798495
2.85152,8,26.189971
0.998059,3,26.325694
0.563416,2,26.423407
0.318808,2,26.5196
2.733905,7,26.876282
0.543305,2,26.990541
0.532888,2,27.103609
0.754425,3,27.27746
2.965351,7,27.608003
0.946009,3,27.761674
0.543004,2,27.878145
1.377735,4,28.108066
-3.337584,4,28.31992
0.517301,2,28.4168
0.53269,2,28.515152
2.045302,6,28.824378
0.535645,2,28.939814
-2.641592,6,29.249753
2.413175,7,29.586809
1.666768,5,29.838478
2.245074,6,30.130986
0.353816,2,30.228363
1.886065,6,30.560317
1.384921,4,30.755266
1.225347,4,30.9563
0.485183,2,31.074343
0.933031,3,31.232737
0.901444,3,31.388817
0.51879,2,31.486153
1.77526,5,31.759268
0.35416,2,31.87456
1.276066,4,32.073684
0.544494,2,32.171018
-3.012235,5,32.425612
-3.149692,5,32.679171
0.467821,2,32.7753
0.908289,3,32.928717
0.534643,2,33.027653
0.52231,2,33.142954
0.530097,2,33.240326
2.639295,7,33.629321
0.541337,2,33.72752
0.45281,2,33.826863
0.486578,2,33.925198
0.538337,2,34.021435
2.614686,7,34.395618
0.744714,3,34.55317
0.461641,2,34.672818
0.547325,2,34.769711
2.021124,6,35.064627
1.683133,5,35.335568
0.914791,3,35.4914
0.467977,2,35.615201
0.445941,2,35.713317
-3.483757,4,35.926751
0.531546,2,36.042083
0.885157,3,36.200389
0.52673,2,36.318703
0.527714,2,36.434805
0.521696,2,36.550741
0.931215,3,36.706955
2.597542,8,37.103242
0.530022,2,37.218792
2.773753,8,37.616833
-3.120053,5,37.89228
1.274924,4,38.121676
-2.975019,5,38.389591
2.039236,6,38.683168
-3.668541,4,38.882413
2.127918,7,39.253728
0.512359,2,39.350337
2.734919,7,39.759999
0.462775,2,39.875407
2.621766,7,40.231818
0.465844,2,40.34741
0.542625,2,40.444486
-3.440923,4,40.640173
0.544221,2,40.738157
0.520141,2,40.833978
-3.242725,5,41.09048
3.232734,8,41.523639
0.734037,3,41.678748
0.765749,3,41.839328
1.565937,5,42.092566
1.477233,5,42.350595
0.335449,2,42.448057
1.745594,5,42.701657
2.733271,8,43.079921
0.583255,2,43.195658
-3.032921,5,43.469124
0.360795,2,43.585536
0.554525,2,43.701204
2.722794,7,44.05753
0.339813,2,44.155214
0.887386,3,44.311161
0.486772,2,44.427729
1.669069,5,44.698673
0.529215,2,44.795459
1.364488,4,45.029855
1.621961,5,45.321985
0.949482,3,45.478307
0.929495,3,45.652382
-2.769678,6,45.945869
-2.874331,7,46.299713
-3.561147,4,46.512772
1.515008,5,46.804806
0.483371,2,46.919216
1.83918,5,47.155156
0.50872,2,47.252238
0.324267,2,47.367693
0.314413,2,47.483793
0.932095,3,47.638699
-3.43715,4,47.851718
0.542968,2,47.967635
0.513752,2,48.082266
0.700521,3,48.257025
-2.677165,6,48.585434
-2.789927,7,48.955136
0.504927,2,49.069106
0.937762,3,49.242228
1.825549,6,49.542279
0.353001,2,49.658604
0.521964,2,49.778255
0.906705,3,49.934415
0.933385,3,50.090514
2.674334,7,50.47693
1.720911,5,50.765826
1.513307,5,51.05375
1.71476,5,51.290002
0.503841,2,51.389875
0.516377,2,51.506891
-3.092966,5,51.776317
0.515644,2,51.872737
0.562865,2,51.988376
2.621957,7,52.358603
0.533161,2,52.474485
0.553293,2,52.590577
-3.250202,5,52.876955
0.52671,2,52.991155
1.704244,5,53.2621
1.973445,6,53.590046
2.012699,6,53.908212
2.259794,7,54.262506
2.587675,7,54.655062
0.474922,2,54.768491
0.536505,2,54.883175
1.992712,6,55.175935
0.549113,2,55.290318
0.90401,3,55.444145
1.566364,5,55.71719
0.531323,2,55.83167
-1.18474,9,56.303712
0.550605,2,56.417521
0.504664,2,56.514181
0.547042,2,56.629839
-2.273132,7,57.01806
3.431528,9,57.471664
0.907473,3,57.643412
0.319767,2,57.758729
-2.440402,8,58.170484
0.330674,2,58.286418
0.538534,2,58.401505
0.928688,3,58.573577
1.317755,4,58.767931
1.421272,5,59.041085
-2.755723,6,59.377909
0.495347,2,59.491839
2.237891,6,59.821088
0.53238,2,59.936317
-3.342825,5,60.192654
0.908017,3,60.351154
-2.251196,7,60.719413
0.520909,2,60.834449
0.353503,2,60.931321
0.533207,2,61.047821
0.857205,3,61.207541
0.554218,2,61.322815
0.520632,2,61.441424
-2.851214,6,61.736052
-2.322842,7,62.145371
0.351082,2,62.260027
-2.130158,7,62.62996
1.312146,4,62.842751
1.472223,5,63.115676
3.994962,10,63.625977
0.521514,2,63.742134
0.561803,2,63.838633
1.696616,5,64.110563
0.916708,3,64.281753
0.324985,2,64.378618
0.52414,2,64.475566
0.888166,3,64.630288
0.895607,3,64.786506
0.503346,2,64.9022
0.538233,2,64.998205
1.798603,6,65.294958
0.53616,2,65.391158
0.511759,2,65.507822
0.888233,3,65.679368
1.131211,4,65.908099
1.343844,4,66.120598
1.097996,5,66.39186
0.490646,2,66.48917
0.525191,2,66.586232
0.533223,2,66.685125
0.538295,2,66.78545
0.532736,2,66.904757
3.044467,9,67.401054
0.537004,2,67.515678
0.910231,3,67.670297
0.560338,2,67.769609
0.543467,2,67.870721
2.836067,8,68.284049
0.314738,2,68.381138
0.533866,2,68.49708
2.082361,6,68.792264
-2.98848,5,69.029238
0.937485,3,69.183479
1.326963,4,69.379136
1.452056,5,69.65332
3.776947,10,70.149626
0.525594,2,70.266034
0.532442,2,70.382105
0.909215,3,70.554179
0.86453,3,70.707917
0.329532,2,70.80521
2.147475,6,71.121938
2.904959,8,71.582352
0.502457,2,71.699159
0.503804,2,71.814413
0.523917,2,71.92994
0.512784,2,72.044675
0.524788,2,72.161522
0.499048,2,72.260231
1.46235,5,72.529843
0.520078,2,72.631052
0.447901,2,72.751042
0.525689,2,72.866647
0.544619,2,72.969266
0.874959,3,73.117748
0.918874,3,73.279533
1.484075,5,73.567521
0.525504,2,73.68253
-3.58825,4,73.878066
0.33591,2,73.976744
0.379852,2,74.078454
0.574988,2,74.179053
-2.019668,7,74.554604
0.512491,2,74.651268
2.223529,6,74.970988
2.485354,7,75.341912
1.119858,4,75.557235
0.524824,2,75.673584
0.330475,2,75.771421
0.738624,3,75.926416
2.881742,8,76.399712
0.311285,2,76.496971
1.1345,4,76.697932
0.560002,2,76.815506
4.213592,11,77.382923
0.531443,2,77.483367
1.26589,4,77.717793
0.572022,2,77.814999
0.549963,2,77.915045
0.997746,3,78.091868
0.468365,2,78.207225
3.900716,10,78.77547
0.320639,2,78.889924
0.533633,2,78.987833
1.897868,6,79.30291
1.820172,5,79.557624
0.873083,3,79.730978
-3.090299,5,79.984993
0.557012,2,80.083127
1.995652,6,80.415822
0.508234,2,80.512769
2.164838,6,80.828793
0.331787,2,80.943831
-3.555671,4,81.177283
1.548154,5,81.466027
0.514482,2,81.580404
1.756871,5,81.833283
-2.935973,6,82.153523
1.620596,5,82.408777
-3.192494,5,82.701163
0.525021,2,82.815916
1.299064,4,83.029336
1.396956,5,83.289689
0.52968,2,83.393325
0.527564,2,83.514154
1.281094,4,83.728593
0.528859,2,83.828165
0.468554,2,83.944978
1.413333,4,84.163564
-1.650574,8,84.546129
0.543173,2,84.663216
-3.125278,5,84.94105
0.525091,2,85.037729
0.443485,2,85.152482
-2.204132,7,85.494776
0.54044,2,85.592434
0.50621,2,85.709009
0.525956,2,85.806165
0.316259,2,85.903296
0.514949,2,86.019444
0.903568,3,86.175197
0.938639,3,86.330406
2.320518,7,86.666667
0.926536,3,86.823439
0.338593,2,86.938838
1.340329,4,87.153903
1.631636,5,87.393301
0.343598,2,87.493605
0.540677,2,87.592282
0.518104,2,87.707993
1.225081,4,87.922505
0.361165,2,88.038267
0.516495,2,88.136488
2.842645,8,88.547818
0.981809,3,88.721958
0.488548,2,88.81878
1.608124,5,89.088594
0.545794,2,89.186006
1.553956,5,89.459146
2.576205,7,89.827663
-3.581464,4,90.041829
0.334537,2,90.14091
1.655113,5,90.380014
-3.024599,5,90.641302
-3.552806,4,90.854644
0.324267,2,90.952011
0.543025,2,91.049711
0.531975,2,91.166617
0.556853,2,91.281317
0.360964,2,91.395225
2.110575,6,91.694242
3.86719,10,92.242076
0.5253,2,92.451931
0.938377,3,92.62511
0.50019,2,92.815253
0.351315,2,92.915461
0.900599,3,93.071223
0.474588,2,93.184916
1.256875,4,93.361937
0.549744,2,93.47825
-3.118939,5,93.766565
3.339087,9,94.240767
0.554943,2,94.337169
2.629981,8,94.749082
0.518329,2,94.865264
0.537645,2,94.979172
0.538023,2,95.077231
0.555174,2,95.176834
0.891811,3,95.315752
0.533936,2,95.416122
0.504912,2,95.534577
1.231723,4,95.729422
0.506031,2,95.846691
-1.65205,8,96.25965
1.36166,4,96.562183
-3.434559,4,96.77644
0.530019,2,96.873092
0.710057,3,97.009655
0.47551,2,97.12518
0.515236,2,97.223936
0.911909,3,97.398171
0.534154,2,97.496126
3.800493,10,98.025285
0.940196,3,98.18272
2.256402,7,98.574087
-2.949374,5,98.827365
-1.11033,10,99.331074
0.517087,2,99.444867
0.559523,2,99.542145
-3.580727,4,99.720316
0.554713,2,99.835005
0.889439,3,100.008622
0.535646,2,100.210051
0.48455,2,100.324715
2.436721,7,100.676097
0.893057,3,100.849514
-3.515487,5,101.102309
0.543233,2,101.198807
0.559359,2,101.295771
1.587548,5,101.548763
0.543942,2,101.663656
0.570778,2,101.778723
0.533615,2,101.893945
0.539114,2,102.011371
1.590886,5,102.281714
1.555538,5,102.551511
1.26287,5,102.804878
0.513135,2,102.902103
0.558897,2,103.001132
2.214867,6,103.296882
0.550604,2,103.411647
-2.705004,6,103.743742
0.91163,3,103.898043
1.417533,5,104.169199
2.158842,6,104.468124
0.510704,2,104.582669
1.003019,3,104.734036
0.473163,2,104.831394
0.53201,2,104.929989
0.554221,2,105.047982
0.527211,2,105.163582
1.315949,4,105.374482
1.359207,4,105.588699
0.968003,3,105.762725
-1.600215,8,106.155535
0.524742,2,106.269869
0.506398,2,106.385854
0.498303,2,106.499801
0.514346,2,106.613968
0.718082,3,106.767205
0.492621,2,106.863412
-0.113536,12,107.481433
0.552656,2,107.597052
0.50677,2,107.713128
1.595006,5,107.967116
0.563374,2,108.082804
1.709793,5,108.32316
1.633963,5,108.576717
0.538851,2,108.672884
0.541655,2,108.770992
0.489941,2,108.869639
0.528564,2,108.967478
1.772367,5,109.238597
-3.560001,4,109.431311
0.506664,2,109.527155
0.332479,2,109.624787
1.091254,4,109.85631
0.561501,2,109.952225
0.959667,3,110.109416
-3.114127,5,110.347297
0.517966,2,110.445986
0.520483,2,110.545807
2.802946,7,110.884611
-1.595464,8,111.278375
-2.370137,6,111.588323
-0.985157,9,112.026696
0.537046,2,112.141745
1.990244,6,112.476699
0.530626,2,112.591779
2.122056,6,112.900132
0.884102,3,113.055185
0.54351,2,113.169799
0.539322,2,113.284214
0.548114,2,113.400154
1.640828,5,113.672156
0.534331,2,113.786046
0.542422,2,113.882794
-3.608481,4,114.062121
0.48869,2,114.159898
2.29639,7,114.514862
0.518169,2,114.630012
0.899748,3,114.784489
-3.098231,6,115.079248
2.71574,7,115.431163
0.374965,2,115.545709
0.512934,2,115.660567
3.90757,11,117.652364
2.568112,7,118.018503
-3.493693,4,118.215172
-3.525655,4,118.429832
0.587821,2,118.54366
0.519915,2,118.640646
1.896921,6,118.937486
-2.762666,6,119.247818
0.87154,3,119.401278
0.545874,2,119.516895
1.630436,5,119.76954
-2.52999,6,120.064318
0.546289,2,120.17842
-1.869557,7,120.550054
0.526064,2,120.665081
0.566008,2,120.782773
0.554295,2,120.879231
1.619585,5,121.150533
0.441182,2,121.264326
0.465436,2,121.37955
0.906589,3,121.534431
0.538723,2,121.650013
0.50867,2,121.763774
0.939731,3,121.917911
2.228188,6,122.245915
2.089756,6,122.540697
0.89355,3,122.695174
0.553345,2,122.811688
1.28147,4,123.005727
0.526275,2,123.102097
0.560006,2,123.216702
0.550966,2,123.314391
2.353084,6,123.624653
8.737525,20,124.624002
0.990742,3,124.77775
1.582186,5,125.03075
0.982546,3,125.187474
0.348328,2,125.305225
2.095823,7,125.694236
1.008435,3,125.848192
0.517482,2,125.944939
1.574346,5,126.21972
2.243313,7,126.59051
0.325388,2,126.706786
0.551992,2,126.822502
2.060165,6,127.117734
0.925127,3,127.272806
0.553405,2,127.386987
1.709269,5,127.675502
0.334269,2,127.790677
0.956068,3,127.963856
0.334966,2,128.081892
0.349485,2,128.18025
0.343196,2,128.28015
0.522428,2,128.398163
0.508991,2,128.515285
0.954655,3,128.689868
-3.254467,5,128.96274
1.265982,4,129.174443
2.581047,7,129.529874
0.741242,3,129.70334
0.529436,2,129.818449
3.483411,9,130.289641
0.558748,2,130.403702
0.502089,2,130.500842
-3.581793,4,130.71622
0.503769,2,130.813322
0.551096,2,130.910957
0.568901,2,131.027912
2.804332,9,131.533932
2.242398,7,131.903668
0.5768,2,132.000435
0.557553,2,132.116474
2.353784,7,132.504838
-3.238014,5,132.757205
1.300769,4,132.951852
1.188962,4,133.186008
0.522665,2,133.3001
0.866029,3,133.455048
0.556168,2,133.554795
0.558648,2,133.673199
1.682817,5,133.947556
-3.493647,4,134.1594
0.900903,3,134.334364
0.528436,2,134.430488
3.897723,11,134.961558
3.171589,9,135.4145
1.272393,4,135.64623
1.238128,4,135.839198
0.914412,3,136.013954
2.164158,7,136.385936
0.557877,2,136.501559
0.566015,2,136.62041
0.872716,3,136.777962
1.059312,4,136.976959
0.538788,2,137.09489
1.435149,5,137.349205
0.517916,2,137.448729
0.520103,2,137.566801
0.347119,2,137.665462
0.514762,2,137.76365
0.558655,2,137.879633
-2.10671,8,138.259186
-3.474898,4,138.456003
3.315328,9,138.909762
0.548206,2,139.006969
0.563242,2,139.122308
1.301443,4,139.335047
0.551836,2,139.449386
2.368473,6,139.74408
-2.71432,6,140.094684
0.465401,2,140.193508
0.534723,2,140.312559
0.54712,2,140.427299
0.339971,2,140.542722
0.890992,3,140.718221
2.73189,8,141.148465
-3.491113,5,141.436207
0.995045,3,141.608462
1.470956,5,141.860114
0.556563,2,141.975039
0.527193,2,142.090139
0.54039,2,142.18721
0.490994,2,142.285973
-2.777949,6,142.582031
3.128974,8,142.990923
1.581969,5,143.246567
0.540515,2,143.362578
2.229013,6,143.694224
0.350117,2,143.809493
0.533677,2,143.928206
4.010796,10,144.435918
-2.391217,7,144.810427
0.521481,2,144.924505
-3.179933,5,145.178341
0.327212,2,145.27674
0.890996,3,145.432855
2.317262,7,145.805265
0.324339,2,145.901998
0.969226,3,146.058535
1.169017,4,146.251282
0.926763,3,146.425299
0.483919,2,146.541169
0.837061,3,146.700967
0.501967,2,146.80103
0.914712,3,146.957409
0.35086,2,147.071863
2.368458,7,147.448689
0.323735,2,147.546863
-2.758858,6,147.882681
1.141191,4,148.094896
1.269712,4,148.327469
1.745092,5,148.598474
0.508175,2,148.697368
-3.493187,4,148.909057
1.297051,4,149.122308
0.935732,3,149.28073
-3.063469,5,149.552283
-3.253663,5,149.84037
0.869909,3,149.993661
0.548736,2,150.109303
1.221947,4,150.338873
0.528652,2,150.453498
0.530809,2,150.569251
1.193638,4,150.801291
-3.262634,5,151.087594
0.336932,2,151.184416
0.525741,2,151.299851
0.86971,3,151.456604
2.918606,8,151.911396
0.540728,2,152.025956
0.340389,2,152.140615
0.546555,2,152.254589
0.55259,2,152.370113
0.573353,2,152.48796
0.535977,2,152.602006
4.393208,10,153.150688
1.637608,5,153.42298
0.357296,2,153.536392
0.726104,3,153.694152
0.856773,3,153.869323
3.186982,9,154.360539
0.517172,2,154.475327
0.910994,3,154.630188
0.890715,3,154.784655
0.326454,2,154.900698
0.338569,2,155.0181
0.565718,2,155.13652
0.528402,2,155.250132
1.136707,4,155.463467
0.525522,2,155.559616
0.933503,3,155.715547
1.390885,4,155.89504
1.246114,4,156.127956
0.351322,2,156.226871
0.521337,2,156.343787
0.537318,2,156.459828
0.915257,3,156.597485
0.884184,3,156.734962
2.093391,7,157.074314
0.554351,2,157.188192
0.462547,2,157.286321
0.343495,2,157.385056
0.537899,2,157.48515
-2.776298,6,157.779988
0.569348,2,157.896246
0.55304,2,157.994519
0.526412,2,158.111555
-2.952046,5,158.367253
1.617903,5,158.620664
0.527876,2,158.734821
2.063816,6,159.08801
0.521788,2,159.204038
2.418361,7,159.540935
3.890948,10,160.053015
-3.60962,5,160.306893
0.537016,2,160.405073
1.344639,4,160.604521
0.549885,2,160.703052
1.699759,5,160.962127
0.499742,2,161.060834
0.533185,2,161.178059
0.841522,3,161.351822
1.84267,5,161.62484
1.563339,5,161.897433
0.518436,2,162.014004
0.549335,2,162.130134
2.783277,8,162.562301
0.908675,3,162.734949
-3.01797,5,163.007974
0.93791,3,163.163692
0.329687,2,163.261136
0.581958,2,163.377157
0.358385,2,163.492862
0.503667,2,163.611962
0.514142,2,163.727385
0.499934,2,163.84411
1.075407,4,164.059689
0.867497,3,164.214813
0.535502,2,164.329261
0.911273,3,164.502764
0.447828,2,164.618386
1.301458,4,164.8198
1.312123,4,165.057456
1.528344,5,165.345085
0.318071,2,165.458868
0.341271,2,165.57561
0.766202,3,165.73196
0.547155,2,165.845792
0.520632,2,165.96076
0.507142,2,166.077591
0.923047,3,166.231848
0.914669,3,166.388929
0.903847,3,166.561124
0.563265,2,166.676456
1.652704,5,166.935337
1.079371,4,167.129853
1.245006,4,167.345934
0.522784,2,167.463801
0.972739,3,167.62058
2.163419,6,167.920735
0.547209,2,168.019242
0.577016,2,168.134899
2.222121,6,168.465775
0.449176,2,168.562917
1.908243,5,168.819916
0.515363,2,168.919125
0.511841,2,169.018332
0.529032,2,169.117342
0.888038,3,169.274032
1.577965,5,169.548837
0.358601,2,169.663953
0.877118,3,169.80017
0.862152,3,169.957326
0.510939,2,170.074492
0.548849,2,170.189491
1.529851,5,170.426347
0.786726,3,170.583348
0.552478,2,170.700476
0.537407,2,170.818792
-2.996228,5,171.090816
1.802099,6,171.395206
0.586808,2,171.493844
0.50467,2,171.608918
0.96149,3,171.765085
1.842277,6,172.116081
1.65379,5,172.38824
3.224331,9,172.879043
0.508113,2,172.976398
0.531462,2,173.092959
0.847482,3,173.24738
1.334482,5,173.517909
2.213239,6,173.846684
0.507418,2,173.961169
1.590162,5,174.232039
0.498469,2,174.347113
0.902034,3,174.501156
1.149266,5,174.774015
0.512522,2,174.88988
0.565205,2,175.005067
0.545451,2,175.120808
-3.49287,4,175.333204
0.557966,2,175.448102
0.50039,2,175.545676
0.498579,2,175.66073
1.552759,5,175.932855
0.504225,2,176.02942
0.518027,2,176.144824
-2.02035,8,176.560075
0.537796,2,176.674301
0.549399,2,176.789351
0.543058,2,176.904473
0.90688,3,177.05951
1.347436,4,177.293906
0.488011,2,177.411944
-3.224158,5,177.665699
1.228078,4,177.879446
1.28992,4,178.094756
0.914291,3,178.252656
-3.4553,4,178.48339
-3.645538,4,178.715828
1.344102,4,178.928696
0.538302,2,179.046404
0.956919,3,179.201841
0.914277,3,179.356779
2.187033,6,179.656681
0.538023,2,179.770852
1.259265,4,180.001187
2.516457,7,180.372368
0.545722,2,180.487324
0.481933,2,180.584308
0.334328,2,180.699871
0.316775,2,180.797929
0.536244,2,180.917822
2.857703,8,181.350844
3.099257,8,181.801106
-3.015541,5,182.056772
1.636491,5,182.328816
0.559284,2,182.444118
0.898637,3,182.617905
1.045412,4,182.818089
0.88869,3,182.992801
1.506526,5,183.265666
0.357825,2,183.383027
0.930948,3,183.554729
0.323993,2,183.669627
0.557893,2,183.785891
0.577377,2,183.901784
0.555264,2,184.018604
1.662375,5,184.272863
0.529327,2,184.37028
1.274772,4,184.554708
1.221579,4,184.754239
2.783971,8,185.167666
2.701056,7,185.540561
0.512668,2,185.654885
0.539083,2,185.770762
0.340329,2,185.885987
0.574772,2,185.981929
-3.133068,5,186.238642
0.525415,2,186.338871
0.525706,2,186.457336
0.944057,3,186.610822
2.707071,7,186.981983
-3.389647,4,187.214845
0.985545,3,187.371087
0.899569,3,187.544512
0.986272,3,187.716705
0.5303,2,187.831
0.900952,3,187.985764
-1.494244,8,188.400271
0.501758,2,188.497228
2.802732,7,188.88617
0.518709,2,189.001467
0.547671,2,189.098452
2.285317,6,189.427574
0.510761,2,189.523913
0.587329,2,189.641258
0.350417,2,189.756926
0.522378,2,189.855754
0.508208,2,189.971005
0.545433,2,190.087812
0.556864,2,190.202877
0.526557,2,190.300755
0.973435,3,190.475782
0.5881,2,190.591819
1.988124,6,190.886458
2.437964,7,191.298055
5.245602,13,191.912544
1.672396,5,192.184966
0.532869,2,192.300571
0.314261,2,192.417662
2.40458,7,192.793073
0.530369,2,192.890055
0.330291,2,192.987211
-0.78121,9,193.462786
1.470026,5,193.756226
0.501338,2,193.871894
0.546447,2,193.986452
0.488241,2,194.102037
0.546107,2,194.216525
0.494246,2,194.333882
0.879444,3,194.506362
0.539668,2,194.621365
0.549955,2,194.735935
1.532489,5,194.994433
0.934679,3,195.148656
0.879037,3,195.305053
0.493054,2,195.403076
0.554324,2,195.503684
0.52342,2,195.600404
0.498929,2,195.71659
0.350382,2,195.833701
0.510308,2,195.952168
2.037568,6,196.263014
0.341378,2,196.360153
0.562332,2,196.456588
1.786234,5,196.729976
0.343784,2,196.826366
0.964335,3,196.983527
1.254163,4,197.181049
1.40943,4,197.412525
0.520685,2,197.527985
0.550634,2,197.644042
3.110403,9,198.134427
0.352056,2,198.249117
-2.737581,6,198.561689
0.532424,2,198.678285
0.834745,3,198.8506
1.354414,4,199.046098
1.600102,5,199.299614
1.746028,5,199.554733
0.546502,2,199.651178
0.49174,2,199.749165
0.539685,2,199.846245
1.938632,6,200.177598
0.502277,2,200.275892
0.538763,2,200.395302
0.549702,2,200.511957
0.489508,2,200.628231
-3.598799,4,200.804873
0.564375,2,200.921537
0.519437,2,201.036314
0.322167,2,201.152806
1.146,4,201.364311
1.229093,5,201.630111
0.897257,3,201.807425
0.888815,3,201.965297
1.542201,5,202.238493
-2.500948,6,202.577887
5.102749,13,203.320614
0.535737,2,203.417932
1.120634,4,203.651839
1.126962,4,203.851336
-2.850092,6,204.204879
1.285666,5,204.494453
0.527659,2,204.610087
0.452116,2,204.725119
0.56285,2,204.843995
1.598658,5,205.079702
0.503377,2,205.194714
4.08456,10,205.702855
-3.231876,5,205.961632
1.273682,5,206.214476
0.518099,2,206.311452
-3.607722,4,206.524414
-2.620566,6,206.834872
-3.514492,4,207.050292
0.878087,3,207.210614
0.499482,2,207.327489
0.335841,2,207.424145
0.591964,2,207.540579
-1.573986,10,208.071852
0.498376,2,208.187771
0.541203,2,208.304758
1.518855,5,208.592774
0.584374,2,208.708369
0.728355,3,208.863886
0.568928,2,208.979806
0.535138,2,209.077568
3.85473,11,209.686837
1.314592,4,209.883872
0.544105,2,210.00121
0.920452,3,210.155783
-3.388696,4,210.37186
0.55162,2,210.487738
0.546901,2,210.586264
0.504635,2,210.703992
-3.467225,4,210.902562
0.46228,2,211.020614
1.524569,5,211.293038
0.888284,3,211.465323
1.251668,4,211.681544
2.186253,6,211.997861
0.329527,2,212.112655
0.943008,3,212.267478
0.514074,2,212.383196
0.340405,2,212.499685
0.549656,2,212.60063
1.542447,6,212.917652
0.542132,2,213.016045
0.971613,3,213.191586
0.521653,2,213.307422
-3.448919,5,213.561797
1.816782,6,213.898
0.515238,2,214.014984
0.952767,3,214.170743
1.628145,5,214.443212
0.914908,3,214.598505
0.529692,2,214.717171
2.167358,6,215.031806
1.67073,5,215.322637
0.897823,3,215.461927
0.521495,2,215.580411
1.535248,5,215.858059
1.700904,5,216.110993
1.406375,5,216.36571
1.391654,5,216.635399
0.519162,2,216.749841
1.58832,5,217.002218
0.534646,2,217.117459
-2.109379,7,217.493305
2.269263,7,217.867505
0.500402,2,217.983094
0.543509,2,218.097561
2.506037,7,218.487078
5.111252,14,219.259448
0.911157,3,219.416234
1.299004,4,219.614833
0.561561,2,219.714092
0.532319,2,219.829121
0.540071,2,219.927813
0.88177,4,220.140135
0.333271,2,220.25642
-3.522364,4,220.471925
0.345489,2,220.586956
0.916426,3,220.75945
2.72479,8,221.190668
-3.006866,5,221.461131
0.350973,2,221.576849
1.086368,4,221.791052
0.90918,3,221.964836
0.523278,2,222.079411
-3.5385,4,222.29593
2.067513,6,222.614159
1.293001,4,222.848521
1.439474,5,223.126836
-2.379071,7,223.463933
1.979811,6,223.781706
2.040675,6,224.09789
0.532771,2,224.213568
0.52083,2,224.332051
1.235603,4,224.546329
0.898833,3,224.719073
0.541355,2,224.835163
0.499205,2,224.951032
0.34235,2,225.065702
0.544808,2,225.180767
3.545951,9,225.654909
1.555194,5,225.913555
-3.375663,5,226.188735
0.450001,2,226.304664
0.561559,2,226.402693
0.521409,2,226.50047
0.540915,2,226.616807
2.590079,7,226.989725
0.716097,3,228.442212
0.540765,2,228.539981
1.254841,4,228.757075
0.336194,2,228.855162
1.255355,4,229.075061
0.537362,2,229.190096
1.51099,5,229.460902
1.297948,4,229.696982
0.525417,2,229.811768
0.948504,3,229.948555
0.90625,3,230.10675
0.335745,2,230.225993
1.839617,6,230.538986
0.980103,3,230.693695
0.468354,2,230.791257
0.512909,2,230.890979
0.850079,3,231.053226
0.326652,2,231.170016
0.535487,2,231.267919
0.543709,2,231.365338
1.256131,4,231.579112
0.533121,2,231.695049
-1.863835,8,232.117177
0.35063,2,232.232023
0.898804,3,232.404701
1.295831,4,232.618655
0.502824,2,232.733406
1.707489,5,233.024132
0.540908,2,233.140748
0.341738,2,233.256459
0.937363,3,233.430166
1.292965,5,233.704134
0.897539,3,233.860836
0.949983,3,234.039434
0.522663,2,234.138453
0.915714,3,234.312746
2.647927,7,234.683948
0.98266,3,234.839685
0.718774,3,234.995296
0.498178,2,235.112038
0.541914,2,235.226836
2.061328,6,235.558156
0.344022,2,235.673248
0.513159,2,235.789632
0.98473,3,235.945108
0.5216,2,236.063506
1.241221,4,236.277394
0.581903,2,236.375518
0.353863,2,236.490453
1.238992,4,236.687438
0.332015,2,236.803609
1.526742,5,237.05741
0.602971,2,237.175514
0.898156,3,237.331344
0.551841,2,237.446514
0.536615,2,237.562877
0.464094,2,237.67819
1.40525,5,237.951136
0.534603,2,238.066601
0.566824,2,238.165427
0.73215,3,238.340899
0.571198,2,238.457461
0.524662,2,238.554914
0.546428,2,238.653867
0.956625,3,238.82913
0.518123,2,238.947159
-1.709787,8,239.367614
0.519886,2,239.483694
0.527084,2,239.601812
0.534879,2,239.718413
0.51776,2,239.816582
0.477076,2,239.915298
0.545631,2,240.032352
5.092684,14,240.775229
0.9623,3,240.931463
0.925735,3,241.089052
0.501406,2,241.186967
0.55084,2,241.283845
0.544696,2,241.382747
0.530955,2,241.501862
0.341294,2,241.603744
2.42347,7,241.977185
0.521665,2,242.077625
0.965074,3,242.235737
0.517753,2,242.33407
3.114299,8,242.784385
0.590869,2,242.882256
0.555845,2,242.979503
0.903,3,243.155853
0.367462,2,243.255439
0.527169,2,243.370497
0.970995,3,243.545595
0.539338,2,243.644165
0.327455,2,243.760297
0.535227,2,243.879103
2.295371,7,244.236466
0.553989,2,244.352292
-2.031534,7,244.746749
0.95041,3,244.920218
0.535191,2,245.035669
1.130394,4,245.266683
-2.835989,6,245.56628
1.528378,5,245.823864
0.337803,2,245.939372
0.866939,3,246.098163
0.5477,2,246.217009
0.496097,2,246.333006
0.343566,2,246.448489
0.488569,2,246.546924
-1.806213,8,246.98068
0.539872,2,247.07778
0.89201,3,247.252834
3.272532,8,247.649266
0.525889,2,247.747217
1.351971,4,247.97908
0.51729,2,248.076387
0.941216,3,248.232285
0.901414,3,248.391583
0.557186,2,248.50947
0.556897,2,248.626774
2.761303,7,248.99798
0.499989,2,249.096653
2.688883,8,249.508039
0.549379,2,249.623776
0.537188,2,249.738361
0.507894,2,249.853928
0.533382,2,249.952249
1.343574,4,250.153262
-3.522921,4,250.351238
-2.882642,5,250.610908
0.526268,2,250.709746
0.566968,2,250.829043
0.475796,2,250.927238
4.565973,13,251.589873
-1.397541,9,252.070398
0.529371,2,252.187287
1.637077,5,252.483711
0.54447,2,252.601052
0.532872,2,252.7161
-3.29534,5,252.993861
2.113523,6,253.344647
0.557842,2,253.460739
0.560138,2,253.580295
-2.951015,5,253.837442
0.513212,2,253.93559
0.559837,2,254.035983
-3.068653,5,254.289598
0.540487,2,254.406007
0.504423,2,254.523722
0.93155,3,254.70136
0.526106,2,254.81743
0.341532,2,254.933064
0.886579,3,255.107648
0.554021,2,255.208354
1.353081,4,255.403999
0.509508,2,255.503432
0.890856,3,255.679242
-2.977212,5,255.954328
-2.562969,6,256.25257
0.568033,2,256.368999
0.904017,3,256.524117
-1.986333,7,256.881277
0.543746,2,256.99668
0.961728,3,257.152279
3.145983,9,257.635351
0.524717,2,257.751601
0.365405,2,257.867053
0.574364,2,257.98262
0.539991,2,258.079408
0.375705,2,258.177183
0.537845,2,258.274789
2.063026,6,258.606059
2.552161,7,258.977333
0.876772,3,259.13528
0.539953,2,259.234708
0.536078,2,259.332811
0.926365,3,259.489639
0.500961,2,259.590202
0.568379,2,259.69012
0.332399,2,259.806001
0.497522,2,259.922666
-1.98271,8,260.339345
0.33725,2,260.437471
0.542216,2,260.540672
0.554176,2,260.642025
0.363527,2,260.75925
0.500705,2,260.873805
0.344566,2,260.990395
0.920285,3,261.150851
0.878826,3,261.305942
0.538754,2,261.40365
0.910061,3,261.561552
0.512036,2,261.678519
0.511231,2,261.798471
0.528672,2,261.914746
0.902019,3,262.091678
0.511727,2,262.206901
0.547022,2,262.322845
0.546896,2,262.438911
0.341099,2,262.537141
1.225437,4,262.716675
0.560385,2,262.836411
0.892692,3,262.992953
0.336954,2,263.09056
1.305802,4,263.307188
2.227229,7,263.685364
0.522384,2,263.781719
0.329831,2,263.897931
2.649536,7,264.289994
0.319441,2,264.404792
0.545066,2,264.521863
-3.581408,4,264.717189
0.480484,2,264.833019
0.522871,2,264.948611
2.756362,18,265.94075
-1.916644,8,266.337762
1.288298,4,266.532546
0.562353,2,266.629905
0.525192,2,266.746351
0.553702,2,266.862252
0.565148,2,266.976967
-3.539457,5,267.233333
1.725958,5,267.50716
0.370042,2,267.623199
0.554768,2,267.739537
0.523758,2,267.839254
0.511449,2,267.955025
0.550722,2,268.073105
4.089549,10,268.608316
2.788266,8,269.022108
2.178184,6,269.337008
0.968101,3,269.492105
0.878847,3,269.66577
0.548091,2,269.782
0.504816,2,269.896166
0.566743,2,269.993674
-3.196549,6,270.307877
0.926021,3,270.481539
0.52996,2,270.596375
0.927178,3,270.769201
0.554605,2,270.886269
-2.12245,7,271.275072
1.831057,5,271.533824
0.515648,2,271.651184
0.980703,3,271.823214
1.301,4,272.038156
0.531102,2,272.135018
2.722694,8,272.548146
0.537279,2,272.646119
0.557059,2,272.765387
0.583126,2,272.884493
0.545523,2,272.999346
-3.270839,5,273.271049
0.964888,3,273.444875
0.928697,3,273.618963
0.899892,3,273.791934
0.548494,2,273.906306
0.551206,2,274.022624
0.523164,2,274.141083
-3.580459,4,274.37813
0.339879,2,274.493368
0.529935,2,274.608463
0.512883,2,274.706947
0.54242,2,274.805299
0.864059,3,274.960518
0.534105,2,275.075679
-2.67261,6,275.423913
0.517608,2,275.539896
-2.631929,6,275.83676
0.509212,2,275.934467
0.863167,3,276.092019
0.569532,2,276.209685
1.660609,5,276.501547
1.69358,5,276.79434
0.512728,2,276.892297
0.528086,2,277.011605
0.504303,2,277.128013
2.109692,6,277.463798
3.587996,9,277.915885
0.526852,2,278.013237
-3.791176,4,278.229034
0.960414,3,278.401312
0.541831,2,278.497922
0.50205,2,278.614108
0.515709,2,278.730565
0.545885,2,278.847568
0.518568,2,278.947382
1.306682,5,279.244566
0.94862,3,279.41651
0.524626,2,279.532184
-3.373874,4,279.746093
1.941095,6,280.095787
0.95792,3,280.25074
1.78393,5,280.543943
0.362717,2,280.659509
0.969122,3,280.816196
1.436103,4,281.030397
0.928203,3,281.205412
0.341303,2,281.319843
0.52466,2,281.436287
0.542953,2,281.553061
1.796899,5,281.845633
0.53063,2,281.94226
0.719723,3,282.098813
1.253641,4,282.333046
-3.451122,5,282.587013
0.567604,2,282.70559
1.864102,6,283.035907
2.077271,6,283.349551
0.330964,2,283.466547
0.54002,2,283.569077
0.739844,3,283.748959
0.944186,3,283.886631
0.322945,2,283.987642
-3.432232,4,284.221099
0.5396,2,284.338107
0.866426,3,284.49369
0.349424,2,284.609847
0.518805,2,284.707042
-3.076191,5,284.965405
1.738909,5,285.221497
0.527379,2,285.3358
-2.978198,5,285.626802
0.523486,2,285.741255
-1.970221,8,286.138867
0.345122,2,286.253982
0.52067,2,286.352644
0.357413,2,286.468887
0.508485,2,286.583929
1.598728,5,286.855632
0.517077,2,286.971819
0.53484,2,287.069495
0.323943,2,287.184165
0.559326,2,287.301719
0.520613,2,287.400176
0.530696,2,287.497728
0.549977,2,287.616155
0.540291,2,287.713889
1.432467,5,287.96946
0.896526,3,288.127774
1.2406,4,288.345886
1.342577,4,288.579222
0.911964,3,288.733305
0.526735,2,288.849252
3.092441,8,289.278916
2.341748,6,289.612064
1.128965,4,289.808543
0.774282,3,289.946758
0.542799,2,290.064998
0.554581,2,290.182852
1.598423,5,290.455229
0.337606,2,290.570456
-2.019078,7,290.931791
0.545061,2,291.046831
0.874694,3,291.219402
0.9128,3,291.375865
2.14873,6,291.67427
0.935568,3,291.847042
0.547648,2,291.944402
0.479246,2,292.059764
0.957923,3,292.196137
0.554183,2,292.295644
0.556987,2,292.414285
1.254049,4,292.627365
4.159926,12,293.225224
0.539104,2,293.341186
0.536281,2,293.456691
0.565593,2,293.572387
0.51852,2,293.670996
0.339649,2,293.768526
0.33627,2,293.866099
0.547266,2,293.98186
0.934317,3,294.155756
1.735971,5,294.40942
0.543079,2,294.527342
-1.823604,9,295.018623
0.51029,2,295.134101
0.541618,2,295.251242
0.526047,2,295.366316
2.184527,6,295.698062
0.357062,2,295.812523
0.821572,3,295.972504
0.511053,2,296.089487
0.357438,2,296.205926
2.512955,7,296.565385
-2.333337,8,297.001213
0.974099,3,297.174724
0.737842,3,297.329854
1.285574,4,297.526467
0.56489,2,297.626074
0.509426,2,297.741226
0.529158,2,297.857254
0.510683,2,297.973991
0.324398,2,298.088822
0.35059,2,298.20427
0.545917,2,298.319699
0.51472,2,298.435101
1.702754,5,298.708395
0.74014,3,298.88351
0.342163,2,298.999248
0.33725,2,299.117054
0.493734,2,299.234535
0.931877,3,299.406101
-3.199109,5,299.681538
0.524994,2,299.778832
1.629113,5,300.055029
1.750874,5,300.327761
0.520728,2,300.425403
0.920951,3,300.599761
0.532623,2,300.696928
0.543638,2,300.793897
0.327895,2,300.910839
1.491866,5,301.166242
1.583031,5,301.442674
-2.529937,6,301.739917
0.496753,2,301.855454
0.346334,2,301.973563
2.060459,6,302.288169
-3.120033,5,302.543173
0.371396,2,302.659507
0.867346,3,302.798432
0.471591,2,302.914488
0.483774,2,303.030523
0.558244,2,303.145924
0.358041,2,303.260983
0.546965,2,303.378844
-2.808379,6,303.710805
0.939263,3,303.865885
1.089486,4,304.080773
-3.00069,6,304.375101
0.9333,3,304.53012
0.527941,2,304.64658
3.668951,9,305.15884
2.027039,6,305.49298
1.336915,4,305.711513
0.525686,2,305.809789
0.538463,2,305.9074
1.824769,5,306.163659
0.556222,2,306.279265
0.527954,2,306.394698
1.283849,4,306.5904
1.09281,4,306.808723
1.238876,4,307.041853
3.518571,9,307.51518
1.552999,5,307.790396
0.54111,2,307.905729
0.511984,2,308.02038
-2.958843,5,308.293912
0.556349,2,308.409255
0.925928,3,308.567048
0.501651,2,308.681659
0.98151,3,308.838006
1.322049,4,309.051322
0.522018,2,309.166818
0.539955,2,309.283644
0.506721,2,309.399287
0.330578,2,309.51493
0.481808,2,309.631271
1.752764,5,309.893476
0.533543,2,309.993065
0.735366,3,310.151575
0.506004,2,310.267543
0.567204,2,310.388131
0.524753,2,310.503974
1.109955,4,310.735982
0.511417,2,310.853148
0.569154,2,310.98282
0.458485,2,311.100659
0.525099,2,311.215649
0.510775,2,311.332527
1.399101,4,311.554547
0.530928,2,311.672044
-3.598305,4,311.884656
0.898156,3,312.061953
0.93674,3,312.23579
0.5156,2,312.334382
0.522409,2,312.451125
0.876034,3,312.608115
0.853063,3,312.764501
1.263457,4,313.003447
2.338559,7,313.39329
1.300978,4,313.624913
0.849393,3,313.802746
0.556483,2,313.921026
-2.939882,5,314.194007
0.539847,2,314.309363
1.247259,4,314.524835
0.508033,2,314.639312
1.275908,4,314.853878
0.522299,2,314.951802
0.324267,2,315.0705
0.316245,2,315.168109
0.548536,2,315.284833
1.265027,4,315.518349
0.553165,2,315.616883
0.918858,3,315.755239
-2.970048,5,316.014356
-3.167889,5,316.306706
0.512802,2,316.403783
3.215268,8,316.801098
0.51391,2,316.915796
2.231612,7,317.274547
-2.11122,7,317.646658
0.371294,2,317.763738
0.332109,2,317.880029
0.53019,2,317.998732
1.766547,5,318.253891
0.557865,2,318.351473
2.586482,8,318.821322
0.517624,2,318.936934
0.542323,2,319.035656
2.098757,6,319.313346
0.324267,2,319.413302
0.539002,2,319.514611
0.054301,13,320.243154
0.525479,2,320.34041
0.94428,3,320.513593
0.914922,3,320.69085
0.52529,2,320.806473
0.527829,2,320.903076
1.858236,5,321.180738
1.314613,4,321.379772
1.359267,4,321.576405
0.885917,3,321.735724
0.520397,2,321.850379
1.321502,4,322.063824
0.514648,2,322.179401
0.529466,2,322.297873
0.544666,2,322.413278
3.492409,9,322.924638
-1.217366,10,323.492363
3.506773,9,323.968895
0.543678,2,324.085522
-2.85817,5,324.379585
0.563427,2,324.495177
0.341006,2,324.612698
0.914702,3,324.774165
0.92352,3,324.935896
0.538847,2,325.036781
-1.732489,9,325.492579
0.524984,2,325.590961
0.534362,2,325.689565
0.541686,2,325.790644
0.553706,2,325.911035
0.528407,2,326.00856
0.577578,2,326.107993
-3.122396,5,326.384034
0.568229,2,326.49983
1.716532,5,326.758051
0.543147,2,326.875986
1.371383,4,327.107027
0.561332,2,327.225316
0.324267,2,327.327248
0.516761,2,327.427175
0.516061,2,327.546212
0.868955,3,327.72095
0.567762,2,327.838968
0.357097,2,327.956105
0.553275,2,328.054541
0.538041,2,328.17146
2.51152,7,328.543186
0.876568,3,328.719639
-3.115494,5,328.975213
0.492594,2,329.092785
-2.379137,7,329.450249
0.555891,2,329.548012
1.000308,3,329.724245
0.524047,2,329.822374
0.935952,3,329.978215
0.544515,2,330.077248
0.977995,3,330.231296
-2.631531,6,330.54689
0.354418,2,330.643347
0.917458,3,330.783634
0.485163,2,330.901437
0.496147,2,331.000128
0.489259,2,331.115372
0.35304,2,331.214182
0.512501,2,331.330654
3.049307,8,331.751035
0.896346,3,331.906203
0.931232,3,332.078324
-2.141807,7,332.454719
1.223517,4,332.650285
0.875425,3,332.808744
0.545676,2,332.90859
0.553041,2,333.026052
0.778067,3,333.186637
0.495021,2,333.287945
0.36414,2,333.403629
1.275016,4,333.636562
0.545929,2,333.753082
0.519413,2,333.869045
0.540833,2,333.984361
0.532105,2,334.100318
0.553289,2,334.21777
0.558489,2,334.333603
0.502764,2,334.43272
1.242633,4,334.636021
2.34078,6,334.956371
0.461633,2,335.071996
0.330884,2,335.189343
0.50143,2,335.30524
1.979713,6,335.621299
0.737604,3,335.794726
0.563718,2,335.910985
0.350758,2,336.026832
1.636944,5,336.265522
1.359948,4,336.482416
2.732721,8,336.931718
1.53557,5,337.203409
0.531558,2,337.320362
0.512771,2,337.418168
-3.076877,5,337.693876
-3.443514,4,337.909081
1.784165,6,338.20503
0.53614,2,338.321423
2.396515,7,338.693113
0.487834,2,338.80892
0.529984,2,338.926353
0.473562,2,339.024715
0.464111,2,339.142729
0.446975,2,339.260326
2.216032,6,340.836335
0.943918,3,340.977513
1.613248,5,341.274831
0.527935,2,341.371812
1.37385,4,341.604516
0.896694,3,341.778205
1.113865,4,342.013373
0.92195,3,342.186598
3.223982,9,342.675671
0.543148,2,342.792061
1.70139,5,343.067133
4.506039,12,343.757357
0.894579,3,343.93143
-3.079404,5,344.184882
0.365736,2,344.283843
2.308129,7,344.678891
0.35567,2,344.795954
-3.129944,5,345.075268
3.894766,11,345.674129
0.54947,2,345.788982
0.532255,2,345.906875
0.337411,2,346.023028
0.887044,3,346.179023
0.563593,2,346.294029
0.502448,2,346.410164
1.277447,4,346.641266
1.226972,4,346.855234
0.311285,2,346.972768
0.892954,3,347.128976
0.350339,2,347.248014
0.561084,2,347.366289
0.925031,3,347.523072
0.561315,2,347.64262
0.499799,2,347.739205
0.53605,2,347.838326
0.355731,2,347.93673
1.600374,5,348.198908
-3.740079,4,348.396056
3.118427,8,348.800301
0.503468,2,348.915972
-1.986159,7,349.289987
0.352334,2,349.387148
0.327197,2,349.485478
0.465259,2,349.584026
0.546473,2,349.6821
0.900013,3,349.839403
0.545478,2,349.954534
2.153404,7,350.318902
0.53994,2,350.435809
0.535932,2,350.555148
0.919512,3,350.715868
-3.771654,4,350.954239
0.513679,2,351.069258
0.526219,2,351.185824
0.316773,2,351.305017
0.5584,2,351.424842
1.325168,4,351.620902
0.496798,2,351.737338
0.934295,3,351.894828
0.540754,2,352.012391
0.351956,2,352.13188
0.913018,3,352.293764
0.322436,2,352.39208
0.535921,2,352.489684
0.35598,2,352.588351
-3.147702,5,352.880963
1.260772,4,353.076677
2.196564,6,353.391187
1.622619,5,353.647154
-2.916478,5,353.920381
2.387778,7,354.276172
0.34495,2,354.393338
0.558953,2,354.509786
3.676695,9,354.972942
2.440012,7,355.334671
1.415973,5,355.609601
0.540207,2,355.727254
2.059415,6,356.058575
0.585731,2,356.156835
0.533619,2,356.275487
0.724433,3,356.451485
0.338515,2,356.548319
3.453145,9,357.016111
0.533166,2,357.133235
0.524446,2,357.249491
0.338391,2,357.347026
0.698592,3,357.51989
0.555258,2,357.638992
0.971896,3,357.813086
0.923995,3,357.987655
0.517919,2,358.103442
0.500065,2,358.201902
-1.938956,8,358.614896
0.932086,3,358.787271
0.358271,2,358.904594
0.453704,2,359.022731
0.890164,3,359.179631
0.567417,2,359.296925
0.516703,2,359.41326
0.531816,2,359.511255
1.39983,4,359.706474
0.335027,2,359.805814
0.533026,2,359.924614
0.506969,2,360.041503
0.547681,2,360.156658
0.879376,3,360.311685
0.515924,2,360.412618
0.376235,2,360.529926
3.852627,10,361.118779
0.800773,3,361.292353
-3.511338,4,361.524956
1.723071,5,361.761681
2.591021,8,362.144261
1.207779,4,362.363404
2.615452,7,362.753266
0.973286,3,362.910784
0.920008,3,363.070697
0.731133,3,363.232373
0.558155,2,363.350008
0.512157,2,363.46878
0.336246,2,363.58974
1.655174,5,363.878426
0.897482,3,364.051167
0.855612,3,364.208812
0.545128,2,364.325604
1.6669,5,364.580942
0.4502,2,364.697201
0.533358,2,364.814097
0.550945,2,364.932923
2.498901,7,365.323622
0.528496,2,365.44057
1.245452,4,365.655553
0.565219,2,365.770888
0.551869,2,365.886867
0.568233,2,366.004619
0.333816,2,366.120939
0.332783,2,366.218443
0.942517,3,366.392164
0.51547,2,366.492286
0.351716,2,366.589775
1.301312,4,366.793903
0.502742,2,366.913901
2.155102,17,367.870897
0.518625,2,367.969027
0.540008,2,368.086075
0.524877,2,368.203125
0.54689,2,368.302824
2.562712,7,368.697237
0.528267,2,368.814118
2.141111,6,369.146212
0.336411,2,369.262753
0.527446,2,369.380079
0.981618,3,369.540025
0.522078,2,369.639527
0.500769,2,369.740236
2.308447,7,370.07883
0.53157,2,370.194177
2.214485,6,370.508107
0.552835,2,370.624035
0.51378,2,370.720351
-2.956797,6,371.022761
2.088344,6,371.318351
0.322628,2,371.416115
0.543522,2,371.532278
0.552655,2,371.658468
0.584504,2,371.77566
0.565067,2,371.891278
0.538627,2,371.989197
0.936847,3,372.16545
0.532814,2,372.263703
0.512974,2,372.36125
2.489455,7,372.736809
0.556219,2,372.854263
1.431122,4,373.087674
0.751915,3,373.244579
0.515861,2,373.36218
0.545535,2,373.477155
0.33436,2,373.596342
-2.816241,6,373.908945
0.538262,2,374.024899
0.544708,2,374.145672
0.362211,2,374.262105
0.537708,2,374.377607
-3.263539,5,374.636996
1.817976,5,374.918596
0.935932,3,375.073582
1.605492,5,375.36647
2.573851,7,375.737648
0.740325,3,375.893739
0.537477,2,376.009026
0.340105,2,376.125888
2.140915,6,376.478035
0.550428,2,376.575622
0.539167,2,376.692215
0.542333,2,376.812163
0.508522,2,376.931848
1.752306,5,377.205999
0.902168,3,377.362129
0.879513,3,377.537943
0.915914,3,377.694068
0.543752,2,377.793871
0.534476,2,377.892349
0.513093,2,378.011498
0.33725,2,378.129806
1.289692,4,378.342697
0.492713,2,378.459114
0.501802,2,378.57618
0.533887,2,378.696348
0.538529,2,378.816462
1.311879,4,379.05225
1.28313,4,379.283316
0.557705,2,379.400196
0.530556,2,379.517756
0.921925,3,379.692322
0.540012,2,379.791147
0.340945,2,379.89113
0.898854,3,380.046849
0.549709,2,380.16359
0.490479,2,380.279708
0.933078,3,380.452965
1.221745,4,380.66817
0.546275,2,380.784519
-2.910675,6,381.101413
0.564331,2,381.198208
0.513352,2,381.29849
0.514249,2,381.417481
0.860802,3,381.577249
-3.001894,5,381.839258
0.51819,2,381.954914
0.57101,2,382.073233
0.533164,2,382.190254
0.537213,2,382.307529
0.347929,2,382.423884
0.906495,3,382.563942
0.335809,2,382.66275
0.527443,2,382.763321
0.872408,3,382.921968
0.376303,2,383.038169
0.516609,2,383.154101
0.5541,2,383.253412
0.530016,2,383.369873
0.540818,2,383.489739
-0.36086,12,384.129077
0.546215,2,384.227127
2.146974,6,384.566254
0.560478,2,384.682357
0.935709,3,384.856416
0.538278,2,384.954643
0.900132,3,385.113986
0.531195,2,385.229087
0.550634,2,385.344657
0.926265,3,385.502513
0.731081,3,385.675956
1.252425,4,385.893224
0.524565,2,386.00937
1.598804,5,386.282255
-3.131079,5,386.539637
0.528715,2,386.653982
1.73047,5,386.945465
0.944316,3,387.101116
0.81949,3,387.257871
0.341405,2,387.356231
0.500508,2,387.453863
0.457315,2,387.570091
1.654655,5,387.864748
1.292687,4,388.096485
1.214111,4,388.332025
2.157634,6,388.663214
0.530898,2,388.761672
0.553965,2,388.862134
0.903413,3,389.026596
0.913177,3,389.203563
2.568524,7,389.611892
4.552243,11,390.243718
0.531212,2,390.34136
0.564043,2,390.439836
1.254561,4,390.659023
0.566878,2,390.775996
0.90075,3,390.954791
0.55141,2,391.054876
0.546404,2,391.15359
0.332806,2,391.273878
0.553852,2,391.374017
0.545161,2,391.471329
1.441653,4,391.672574
0.495097,2,391.772267
0.5294,2,391.888701
1.19017,4,392.122929
0.345007,2,392.238118
0.533157,2,392.353172
0.703785,3,392.509692
0.505524,2,392.608185
1.324608,4,392.822851
0.501781,2,392.940162
0.54203,2,393.056127
1.9981,6,393.391957
0.906556,3,393.566348
1.26913,4,393.798789
-3.051624,5,394.072393
0.525565,2,394.169973
1.366646,4,394.370192
1.633946,5,394.645011
0.546258,2,394.744593
0.514486,2,394.863304
0.561092,2,394.979267
0.313486,2,395.078434
-2.561132,7,395.460697
0.344405,2,395.558819
0.881676,3,395.718658
2.015859,6,396.050609
0.557768,2,396.148684
0.560647,2,396.248245
1.972973,6,396.566822
0.521206,2,396.681378
0.500122,2,396.819106
1.260831,4,397.051591
0.565204,2,397.168384
0.531927,2,397.283553
1.335314,4,397.508384
2.151761,6,397.851098
0.526129,2,397.967423
-3.430789,4,398.170699
0.929105,3,398.341012
0.552363,2,398.464916
0.320908,2,398.58233
2.140051,6,398.894607
0.555354,2,399.010877
0.518794,2,399.132467
0.912741,3,399.298305
0.546959,2,399.402245
0.923818,3,399.564459
0.528279,2,399.682027
2.8487,8,400.10476
0.531843,2,400.223068
0.586714,2,400.342044
4.597735,12,400.991035
0.559441,2,401.115249
0.945012,3,401.276166
0.526949,2,401.37776
0.561569,2,401.480165
0.521413,2,401.599265
0.339543,2,401.71862
0.896447,3,401.906084
1.947927,6,402.22956
0.547036,2,402.347056
0.582808,2,402.464469
1.394227,5,402.733338
1.866505,5,403.010215
0.457617,2,403.131878
0.946368,3,403.297182
0.537571,2,403.414037
1.229284,4,403.65489
0.510106,2,403.772875
0.34062,2,403.873911
0.538468,2,403.994403
1.580777,5,404.285705
0.540099,2,404.383879
0.728548,3,404.560258
1.756799,5,404.833305
1.598321,5,405.096057
0.513997,2,405.193778
0.352712,2,405.292413
-3.589933,4,405.488705
0.514406,2,405.605453
0.334665,2,405.723465
1.194008,4,405.940233
0.513804,2,406.062855
0.346807,2,406.185816
0.538662,2,406.313498
0.362258,2,406.433014
0.906137,3,406.610121
0.525051,2,406.707965
0.532287,2,406.829139
0.923744,3,407.003319
0.358406,2,407.120982
3.496354,10,407.636297
0.540911,2,407.762044
0.377036,2,407.877996
0.700797,3,408.035076
2.813876,7,408.430528
0.340011,2,408.54579
0.54283,2,408.661717
0.560672,2,408.75986
1.245499,4,408.961227
0.510795,2,409.073166
0.987283,3,409.230667
0.358075,2,409.329688
1.761152,5,409.604506
0.53617,2,409.701599
0.848073,3,409.859145
2.001625,6,410.171556
0.343295,2,410.289224
0.535928,2,410.406953
6.731847,16,411.253312
0.521093,2,411.353054
0.521005,2,411.471787
0.899278,3,411.631938
0.335725,2,411.731372
0.916316,3,411.888422
1.324359,4,412.102317
-2.941983,5,412.379404
0.55968,2,412.494187
0.528323,2,412.611752
0.320567,2,412.708584
0.556761,2,412.825991
0.332733,2,412.925307
0.353668,2,413.04188
0.950257,3,413.197277
-2.935248,5,413.455935
2.671656,7,413.866302
0.330367,2,413.982493
2.295273,7,414.355377
0.338874,2,414.45449
0.452549,2,414.57227
0.312262,2,414.690661
0.34763,2,414.806035
0.52768,2,414.921778
0.472236,2,415.037648
0.558347,2,415.156433
3.568738,10,415.728715
4.55817,12,416.362665
0.534026,2,416.478492
0.506851,2,416.596617
0.919113,3,416.771031
0.525188,2,416.886684
0.553021,2,417.002602
0.545129,2,417.119369
0.548793,2,417.235297
0.534545,2,417.353923
0.966279,3,417.53589
0.357351,2,417.63559
0.555931,2,417.751385
0.933255,3,417.907012
0.550405,2,418.005896
3.056775,9,418.48614
0.527289,2,418.584383
0.53721,2,418.702643
0.510999,2,418.818459
0.33164,2,418.934817
0.33725,2,419.049934
0.333415,2,419.165636
2.070099,6,419.514576
0.537963,2,419.630918
-3.489488,4,419.865017
0.488213,2,419.981885
0.347723,2,420.103262
0.517339,2,420.219595
2.326034,6,420.533834
0.492299,2,420.65075
1.672709,5,420.92382
0.902487,3,421.079966
2.304365,7,421.471693
1.289422,4,421.668598
1.770026,5,421.941047
0.343628,2,422.05711
0.560097,2,422.173232
0.541737,2,422.289447
3.94101,10,422.840813
2.836648,9,423.309513
-3.602799,4,423.544391
0.563532,2,423.660226
0.540358,2,423.77651
0.514547,2,423.893195
1.751366,5,424.150622
0.502743,2,424.267936
0.527213,2,424.365318
1.877949,6,424.679843
0.491297,2,424.795708
0.939797,3,424.970984
3.166095,8,425.419625
0.507204,2,425.517507
2.442341,7,425.91671
0.549199,2,426.033251
0.514999,2,426.150069
0.332899,2,426.248112
0.553559,2,426.347161
3.050723,9,426.840073
0.498387,2,426.960038
-0.55045,11,427.551853
0.887195,3,427.728189
-2.030069,7,428.084836
0.48795,2,428.199863
0.904319,3,428.356841
0.569913,2,428.456241
1.072148,4,428.653285
0.574337,2,428.751927
0.912797,3,428.90848
0.529029,2,429.024691
0.52121,2,429.142946
1.747133,5,429.435795
0.3747,2,429.551877
1.192277,4,429.785704
0.477292,2,429.883602
-2.674221,6,430.21611
1.48893,5,430.507689
2.009965,6,430.840358
0.517452,2,430.938835
0.521548,2,431.054734
2.239957,7,431.395706
1.403673,5,431.649567
0.77704,3,431.805999
0.510332,2,431.903405
0.727282,3,432.059901
0.518603,2,432.178436
0.536773,2,432.294972
0.359984,2,432.41122
0.336262,2,432.527151
0.334984,2,432.642289
1.638117,5,432.934708
0.526697,2,433.050918
0.505989,2,433.167085
0.71076,3,433.340596
0.528289,2,433.439209
0.523648,2,433.539787
0.514113,2,433.66053
0.548066,2,433.777254
0.714732,3,433.933739
0.91581,3,434.107481
2.656655,7,434.483197
0.530632,2,434.600865
0.578629,2,434.719307
0.52088,2,434.836886
0.557488,2,434.957497
0.363207,2,435.074743
1.316529,4,435.293667
0.510285,2,435.408638
0.55054,2,435.5239
0.509037,2,435.62159
0.880658,3,435.777728
0.33525,2,435.894513
0.537959,2,436.009838
0.557912,2,436.127461
0.354979,2,436.226646
2.034096,6,436.543907
0.54302,2,436.659708
0.553191,2,436.774786
0.349114,2,436.874461
1.812883,6,437.188044
0.498817,2,437.304565
0.956056,3,437.459852
0.518105,2,437.57743
0.47351,2,437.678832
0.541869,2,437.79819
1.144904,4,438.015116
-3.114129,5,438.286618
3.817104,10,438.806473
0.875472,3,438.963007
0.343411,2,439.062464
0.34787,2,439.161669
0.93648,3,439.320283
0.520965,2,439.421804
0.329253,2,439.539952
0.541479,2,439.655746
-1.553749,8,440.087914
1.81529,5,440.384722
0.780607,3,440.557627
0.498153,2,440.673336
0.324638,2,440.790929
0.808504,3,440.967787
0.549593,2,441.086101
0.356364,2,441.201927
0.529623,2,441.317867
0.476622,2,441.434173
2.673033,7,441.775898
1.331307,5,442.051605
0.549357,2,442.149838
0.524827,2,442.24918
0.531253,2,442.365427
3.435953,9,442.8941
5.51708,13,443.568907
0.546168,2,443.670075
1.509184,5,443.965611
0.531829,2,444.0825
1.353539,4,444.29908
0.515916,2,444.416119
1.58591,5,444.67523
0.530776,2,444.774253
1.186632,4,444.99094
0.325552,2,445.106897
0.546048,2,445.222156
0.555842,2,445.321962
0.515401,2,445.421981
1.344969,4,445.618329
1.317288,4,445.851408
0.853484,3,446.024894
0.530843,2,446.139817
0.722157,3,446.299041
0.951493,3,446.474289
-2.753813,6,446.759321
0.934134,3,446.915045
3.34477,9,447.40855
1.37195,4,447.621948
0.517471,2,447.720443
0.514082,2,447.839793
0.901279,3,448.020076
0.923024,3,448.198659
0.501871,2,448.296136
0.921232,3,448.469698
0.551381,2,448.585601
0.560836,2,448.701198
-3.177389,5,448.981442
0.944617,3,449.137161
0.893388,3,449.293011
1.973296,6,449.611635
0.711496,3,449.785497
0.537639,2,449.901575
0.341822,2,450.016976
1.301547,4,450.233752
0.336678,2,450.334866
0.937287,3,450.494756
-2.156044,7,450.871109
0.507917,2,450.987033
0.543743,2,451.103541
0.533859,2,451.202184
0.543462,2,451.302789
0.316671,2,451.404046
0.578634,2,451.522259
1.794015,5,451.778619
0.355476,2,451.877712
0.529289,2,451.99701
1.231527,4,452.211574
1.17815,4,452.425205
0.541313,2,452.540351
0.536653,2,452.658762
0.363718,2,452.77343
0.365729,2,452.889142
0.530199,2,453.00617
0.876692,3,454.451468
0.518796,2,454.567427
0.578704,2,454.683025
0.544472,2,454.798489
0.340588,2,454.914954
0.349044,2,455.032399
0.919881,3,455.212129
2.577877,7,455.624422
0.504141,2,455.739779
0.519688,2,455.856384
0.53242,2,455.955803
-3.196088,5,456.215583
0.502797,2,456.331092
0.544901,2,456.446403
0.213616,10,456.998852
1.284739,4,457.234438
0.326479,2,457.349208
0.516483,2,457.465011
0.892094,3,457.639522
0.511492,2,457.75584
0.3447,2,457.854161
0.541988,2,457.952591
0.532554,2,458.069216
0.351865,2,458.185063
2.429052,7,458.525034
1.313528,4,458.765792
0.540723,2,458.886878
5.126923,12,459.559592
0.509312,2,459.656796
0.538547,2,459.7553
2.205743,7,460.112411
0.586785,2,460.21089
2.055427,6,460.526538
-1.759902,8,460.964116
1.332312,4,461.161259
0.899665,3,461.303247
0.550492,2,461.401783
1.623873,5,461.664741
0.965917,3,461.804809
0.92996,3,461.964966
1.899985,6,462.297026
0.457744,2,462.412694
0.512537,2,462.511542
0.315782,2,462.627893
3.402959,9,463.119075
1.8924,6,463.448896
-3.121892,5,463.744822
0.551067,2,463.843533
0.56191,2,463.959685
0.558118,2,464.0772
1.660119,5,464.331927
0.350216,2,464.431093
0.507356,2,464.550011
1.266413,4,464.766088
0.382651,2,464.88182
0.536902,2,464.998075
0.572277,2,465.095902
3.135957,8,465.480514
1.377352,4,465.676445
0.482112,2,465.794396
-0.631565,9,466.275399
0.352674,2,466.391236
1.940833,6,466.703823
0.32908,2,466.822699
0.899302,3,466.960253
0.561215,2,467.059689
0.55942,2,467.159524
0.918626,3,467.334727
-3.328633,4,467.550793
0.573408,2,467.668036
0.886688,3,467.844777
0.534558,2,467.960788
0.528475,2,468.076804
2.074183,6,468.376602
0.540321,2,468.492188
0.344301,2,468.590915
2.825386,8,469.028312
0.518547,2,469.144432
1.343543,4,469.359802
0.565856,2,469.476744
3.163369,9,469.985205
0.970577,3,470.140893
0.86311,3,470.297601
0.331474,2,470.412872
0.535083,2,470.528409
0.55126,2,470.643514
2.106201,6,470.942045
0.356949,2,471.058082
1.314283,4,471.29222
0.536386,2,471.408164
-3.528136,4,471.640819
0.513583,2,471.756235
0.538274,2,471.871192
0.529006,2,471.969413
0.732151,3,472.143116
0.550452,2,472.259145
0.561099,2,472.37538
1.258969,4,472.608366
1.369694,5,472.864478
0.522451,2,472.980316
0.355539,2,473.095411
1.684627,5,473.369706
2.161177,6,473.675272
4.393476,11,474.267816
1.276375,4,474.469827
1.674973,5,474.76134
1.748233,5,475.034231
0.526548,2,475.132271
1.691569,5,475.372176
0.542116,2,475.471051
1.300388,4,475.688269
0.551866,2,475.805398
0.500783,2,475.923608
0.557533,2,476.021106
0.52836,2,476.139084
1.710023,5,476.378375
2.750341,7,476.755362
1.621006,5,477.011374
-3.09684,5,477.302949
0.873975,3,477.479581
1.370209,4,477.693415
2.168913,6,477.978148
3.202964,10,478.476011
0.350312,2,478.574962
0.902717,3,478.735215
0.343439,2,478.853762
0.44307,2,478.971334
-2.116816,7,479.329442
0.535067,2,479.428632
0.922291,3,479.603594
3.461351,9,480.068055
2.686848,7,480.467704
1.341195,4,480.684479
0.557649,2,480.803632
0.922366,3,480.943321
0.323356,2,481.061943
2.207951,6,481.379638
2.369562,6,481.698406
0.492033,2,481.79567
1.310807,4,482.012199
0.517603,2,482.109862
0.527268,2,482.228441
0.56013,2,482.32673
0.526833,2,482.443996
0.537963,2,482.560289
0.517446,2,482.675446
0.537616,2,482.773573
0.538604,2,482.873696
0.752412,3,483.04746
0.509564,2,483.16544
1.374209,4,483.384158
-3.100807,5,483.642338
0.931043,3,483.797674
0.544456,2,483.918686
0.572358,2,484.03557
0.579642,2,484.152155
0.534843,2,484.268379
2.277949,6,484.603967
-1.899487,7,484.977268
0.526577,2,485.09324
0.545915,2,485.208746
1.248408,4,485.422818
0.326882,2,485.521185
1.231865,5,485.814656
2.079281,6,486.115341
0.920939,3,486.27254
0.522093,2,486.392597
0.53015,2,486.509057
0.554299,2,486.607316
1.314501,4,486.807786
-2.695458,6,487.157388
0.542483,2,487.255987
0.926165,3,487.394453
1.524368,5,487.653378
-2.058848,7,488.046875
-2.202537,7,488.422835
0.340017,2,488.538372
5.427178,13,489.2382
4.31854,11,489.787724
0.52383,2,489.904441
1.255525,4,490.101241
2.459607,7,490.496683
0.545913,2,490.6116
4.152228,10,491.18842
0.381467,2,491.305417
0.510707,2,491.406829
2.279255,6,491.709399
0.529761,2,491.826238
0.326846,2,491.944334
0.541634,2,492.060639
2.86681,8,492.462807
0.870641,3,492.620821
1.628608,5,492.915313
0.937313,3,493.072124
3.11151,9,493.565182
3.179531,10,494.091425
0.562579,2,494.190692
0.75416,3,494.349084
2.643265,7,494.710614
0.487747,2,494.826339
0.435744,2,494.923455
0.539925,2,495.040037
0.551384,2,495.156539
0.316484,2,495.274614
0.975408,3,495.432673
-2.085779,7,495.831406
0.871619,3,495.989532
0.904233,3,496.147052
0.963265,3,496.323147
1.248461,4,496.558764
0.343767,2,496.674507
-0.235921,10,497.251003
0.54078,2,497.349098
0.509781,2,497.466371
2.680558,7,497.862627
0.537205,2,497.961197
0.692089,3,498.135813
2.695041,8,498.498865
0.914651,3,498.658417
0.55975,2,498.774997
0.878572,3,498.949471
0.995476,3,499.126326
0.503485,2,499.242292
-3.099351,5,499.498371
0.544532,2,499.596986
0.540675,2,499.714098
2.070916,6,500.013421
0.534774,2,500.112736
0.534478,2,500.228593
0.5263,2,500.34656
1.582565,5,500.584632
2.623829,8,501.020014
0.547572,2,501.136263
0.526617,2,501.251755
0.54595,2,501.367733
0.328971,2,501.466501
0.929983,3,501.641797
2.789844,8,502.060125
2.104985,6,502.393871
-0.635727,12,503.009398
1.226892,4,503.228123
0.497829,2,503.345147
0.528615,2,503.444114
0.522713,2,503.544343
0.888006,3,503.702909
3.290372,9,504.199743
0.33788,2,504.316576
0.518713,2,504.433024
0.539716,2,504.550308
0.520676,2,504.666855
0.517502,2,504.78395
0.560775,2,504.90135
0.550525,2,505.000643
0.476614,2,505.100061
0.550395,2,505.1984
0.526623,2,505.299906
0.50799,2,505.418028
1.63048,5,505.675313
0.324378,2,505.773294
2.223588,6,506.108026
0.554548,2,506.205176
-2.30954,7,506.561858
0.499061,2,506.677378
0.329508,2,506.795326
3.894237,10,507.318712
3.444187,10,507.850246
1.213414,4,508.080196
1.368257,4,508.281613
7.301275,18,509.230844
2.820673,8,509.662003
0.539228,2,509.75951
1.55292,5,510.041843
0.857204,3,510.217504
0.316216,2,510.334033
3.491558,9,510.822917
0.937997,3,510.961196
-2.943969,5,511.220465
0.519039,2,511.318584
0.515497,2,511.435339
0.548929,2,511.552451
-3.528808,4,511.74745
0.933018,3,511.904594
0.545361,2,512.002248
-1.890075,7,512.396249
0.547729,2,512.512544
1.341469,4,512.712579
0.864204,3,512.888426
0.546188,2,513.008187
1.583297,5,513.280321
0.511588,2,513.378384
1.039191,4,513.579037
0.890306,3,513.75468
0.532994,2,513.872336
0.565844,2,513.971386
4.997538,13,514.672475
0.566192,2,514.789558
1.359629,4,515.004452
0.537068,2,515.104578
2.299232,6,515.408167
0.565499,2,515.507937
0.940002,3,515.684072
0.904494,3,515.839109
0.462728,2,515.957375
2.112641,6,516.241307
0.964041,3,516.4205
0.953124,3,516.596775
3.605869,10,517.116628
0.951267,3,517.27177
0.454574,2,517.38769
0.545895,2,517.485431
0.542087,2,517.583658
0.928919,3,517.759686
0.337328,2,517.875564
-2.17231,7,518.25158
4.265401,12,518.877525
0.930301,3,519.033837
0.947106,3,519.212798
0.546295,2,519.332808
2.125984,6,519.64823
1.350475,4,519.844627
-3.555463,4,520.065799
1.137243,4,520.299337
0.558081,2,520.416145
-2.911979,5,520.710725
-3.111928,5,521.00034
2.756795,8,521.421107
0.549068,2,521.518367
0.327234,2,521.637788
0.508033,2,521.754033
0.352666,2,521.86999
2.575908,7,522.227198
0.543817,2,522.343818
1.315706,4,522.561545
0.906051,3,522.720418
0.546985,2,522.819094
0.524841,2,522.91729
3.429472,9,523.373174
0.554388,2,523.473018
0.576746,2,523.592778
0.537558,2,523.710963
1.806486,5,524.009668
-0.752022,10,524.514838
0.550325,2,524.630585
-2.57834,6,524.972342
2.553476,7,525.364987
0.893992,3,525.540976
0.530241,2,525.657214
0.531066,2,525.755776
0.345659,2,525.855371
0.940998,3,526.014062
0.521319,2,526.13161
2.103259,6,526.446659
1.29516,4,526.681527
0.343262,2,526.780408
1.23072,4,527.011464
3.234576,8,527.413262
0.524923,2,527.514021
1.653404,5,527.775205
0.896269,3,527.931018
2.471469,7,528.30932
2.270463,6,528.629684
0.50802,2,528.745446
0.534164,2,528.864242
0.517769,2,528.981041
0.540537,2,529.09751
0.518797,2,529.212899
-3.478235,4,529.43144
1.631977,5,529.707226
0.51261,2,529.805224
0.523275,2,529.904675
0.544678,2,530.024279
0.565533,2,530.141571
0.53049,2,530.239086
0.565657,2,530.355748
0.50242,2,530.453065
0.53356,2,530.552025
0.554671,2,530.669102
-2.17404,7,531.025733
0.369783,2,531.143725
0.313988,2,531.261425
0.548212,2,531.375842
0.511857,2,531.492068
0.900621,3,531.632194
0.922711,3,531.791241
-1.877286,8,532.26521
-3.700442,4,532.462785
0.545221,2,532.578472
0.522408,2,532.694834
0.526768,2,532.79251
0.92952,3,532.948831
0.514742,2,533.049678
0.544361,2,533.168646
0.518365,2,533.287121
3.371687,9,533.74877
0.559238,2,533.84672
2.700902,19,534.868122
-2.797858,6,535.202123
1.819685,5,535.479747
0.961788,3,535.6364
0.349388,2,535.736909
2.402608,7,536.10038
0.32834,2,536.218042
0.513405,2,536.338581
0.538708,2,536.455648
0.539238,2,536.553558
0.343379,2,536.652963
0.973047,3,536.811022
0.536666,2,536.927631
0.342423,2,537.043041
0.523761,2,537.159558
2.568877,7,537.554632
2.695947,7,537.950881
2.265264,7,538.292133
3.00794,8,538.750124
0.73839,3,538.888595
2.381504,7,539.258174
2.457448,7,539.616945
1.647149,5,539.855199
-2.155119,7,540.234618
0.571972,2,540.350507
0.913021,3,540.507463
0.533727,2,540.623856
0.537108,2,540.722271
0.913114,3,540.896716
0.338322,2,540.995318
-2.168266,7,541.337512
0.556788,2,541.435052
1.238594,4,541.636402
0.509787,2,541.752832
-1.331404,9,542.232191
0.490924,2,542.347929
0.346189,2,542.465516
0.892973,3,542.623838
0.561786,2,542.739862
0.538293,2,542.857511
1.278746,4,543.091165
0.538056,2,543.207856
0.587036,2,543.30708
4.59568,11,543.921268
0.518517,2,544.037901
0.544449,2,544.15504
1.814826,5,544.448627
0.516116,2,544.564281
0.558628,2,544.681832
0.527122,2,544.797801
1.622018,5,545.092024
1.231308,4,545.308635
0.783641,3,545.464112
0.559696,2,545.561076
1.27774,4,545.777879
0.561187,2,545.89443
1.344629,4,546.109839
0.321474,2,546.224649
0.501841,2,546.343748
0.317242,2,546.445108
1.412741,4,546.680655
1.662132,5,546.952166
0.538866,2,547.069226
0.937781,3,547.243882
0.323486,2,547.359324
0.541891,2,547.476244
1.296154,4,547.694306
3.806952,10,548.270025
0.953235,3,548.445707
0.33725,2,548.545127
0.323715,2,548.661492
1.619606,5,548.903225
0.546916,2,549.003121
2.571908,7,549.396348
1.673849,5,549.671439
0.480339,2,549.78598
0.847085,3,549.961825
0.586241,2,550.059054
0.536674,2,550.177405
0.937487,3,550.354384
0.514152,2,550.470115
2.692151,7,550.825214
-2.610413,7,551.18771
0.935672,3,551.361401
0.552427,2,551.459365
0.555796,2,551.558473
0.50593,2,551.658666
2.024279,6,551.957605
0.541107,2,552.074159
0.542091,2,552.190917
2.717254,7,552.552096
-3.448578,4,552.769782
0.91094,3,552.926844
0.586842,2,553.043302
0.516084,2,553.160393
3.291547,9,553.620335
0.545913,2,553.737121
0.529546,2,553.85443
1.650645,5,554.114155
0.526151,2,554.211999
0.99195,3,554.353187
1.650979,5,554.629357
0.340367,2,554.73003
2.529169,7,555.089158
0.532732,2,555.188574
-2.944573,5,555.44416
0.473244,2,555.543554
0.553034,2,555.659191
0.496865,2,555.757446
0.445093,2,555.858741
0.347171,2,555.960674
2.575088,7,556.301651
0.5334,2,556.419816
0.509268,2,556.536114
0.919541,3,556.696113
2.959635,8,557.138606
2.946415,8,557.557765
2.772979,8,558.029827
2.385639,7,558.387546
1.287723,4,558.599934
1.347518,4,558.798965
0.901198,3,558.977661
0.527509,2,559.075129
0.529793,2,559.176597
0.908586,3,559.355172
2.190685,7,559.70779
0.332051,2,559.828787
2.736171,7,560.184937
0.541938,2,560.300771
1.151985,4,560.497463
0.353155,2,560.599103
0.535194,2,560.717067
0.349871,2,560.835292
3.569862,9,561.292136
2.498803,7,561.691088
1.309899,4,561.923917
1.576027,5,562.164132
1.799768,6,562.484819
0.548914,2,562.583934
0.516947,2,562.701724
0.517909,2,562.821245
2.242878,7,563.198765
0.547815,2,563.315738
0.546513,2,563.432498
0.537616,2,563.549766
1.68734,5,563.820967
-2.898227,6,564.103861
0.551674,2,564.222608
0.493757,2,564.322515
0.970591,3,564.459652
1.343053,4,564.676973
1.781079,6,566.310119
1.798649,5,566.569604
4.382396,11,567.135281
1.544001,5,567.397879
0.851565,3,567.55717
0.530526,2,567.675205
1.321353,4,567.873643
0.576769,2,567.991272
0.546807,2,568.107709
0.478213,2,568.223656
0.485645,2,568.323199
0.535628,2,568.422672
-2.303105,7,568.78443
3.141544,9,569.264088
4.009296,10,569.768998
0.55461,2,569.866411
0.895478,3,570.02267
1.267793,4,570.238606
2.813302,8,570.639266
0.463085,2,570.755143
6.02305,16,571.578773
1.332146,4,571.77699
0.500831,2,571.896024
2.18712,6,572.209742
0.491884,2,572.308988
2.821682,8,572.743451
1.608511,5,573.001429
0.544673,2,573.100988
0.501469,2,573.201577
-1.351982,9,573.650175
0.963753,3,573.826856
0.865324,3,573.982488
6.308821,17,574.809976
0.888724,3,574.967348
2.54924,7,575.326767
0.533673,2,575.444191
1.445831,5,575.68686
-3.092325,5,575.948472
0.556963,2,576.047343
0.584966,2,576.165971
0.521972,2,576.265117
0.584895,2,576.385077
4.527985,12,577.023915
2.874401,8,577.474479
2.802657,8,577.892308
1.724013,5,578.132006
0.913933,3,578.306767
1.360262,4,578.52915
0.884525,3,578.687542
1.333918,4,578.884917
2.590329,7,579.258678
2.447177,7,579.64028
-2.35037,7,579.997874
1.278317,4,580.199361
1.591919,5,580.475022
1.324864,4,580.694247
1.798947,5,580.97176
0.730402,3,581.148226
1.710101,5,581.403666
0.541108,2,581.521493
1.562741,5,581.759917
0.523301,2,581.877587
0.74366,3,582.035081
0.525306,2,582.132993
0.555587,2,582.230825
-1.325942,8,582.650336
0.537183,2,582.768209
0.888187,3,582.93054
-3.410207,5,583.187399
1.468145,5,583.441828
3.076885,8,583.832669
0.537815,2,583.950917
1.59237,5,584.191763
3.342521,9,584.639037
1.812452,5,584.895202
0.968066,3,585.072238
0.541478,2,585.171483
-2.717673,6,585.507324
1.777492,5,585.763394
0.555731,2,585.879771
0.337441,2,585.997599
0.89537,3,586.17263
1.877778,5,586.447903
3.423793,9,586.910327
0.532358,2,587.009174
0.543894,2,587.127069
0.349011,2,587.245177
-2.011417,7,587.60379
1.635353,5,587.842594
0.524869,2,587.942503
0.550726,2,588.043352
0.699536,3,588.222395
0.331578,2,588.321501
0.523749,2,588.420062
0.508369,2,588.518589
0.469,2,588.620345
1.637968,5,588.863145
-1.922309,9,589.34083
0.519015,2,589.457147
1.214349,4,589.688702
-3.42141,4,589.903122
1.206034,4,590.118793
-1.795972,9,590.525676
1.266633,4,590.744549
0.542021,2,590.842383
3.14647,8,591.227487
2.963222,8,591.651453
1.979173,6,591.986218
1.456848,5,592.261023
0.540264,2,592.359174
0.533893,2,592.476213
1.57158,5,592.73294
1.052673,15,593.512271
-1.83789,7,593.830816
0.911692,3,593.97457
2.770831,8,594.419917
2.218965,6,594.732308
2.924095,8,595.136353
2.674064,7,595.509872
0.875447,3,595.685812
2.226035,6,595.990372
0.51596,2,596.088383
2.501002,7,596.42735
0.926417,3,596.584509
-1.869686,8,597.02123
4.147157,12,597.680563
0.542098,2,597.796781
2.344992,7,598.155826
0.494545,2,598.272082
0.562296,2,598.390943
0.87325,3,598.547543
0.878148,3,598.704185
1.258563,4,598.939546
-3.063452,5,599.19705
-3.47826,4,599.396032
0.530857,2,599.497111
0.541988,2,599.597742
2.699344,8,600.024055
0.508948,2,600.12584
0.531209,2,600.226613
4.221059,10,600.73004
0.321693,2,600.829761
2.148959,6,601.133479
0.532056,2,601.252629
0.910415,3,601.408125
0.49621,2,601.524363
1.372607,5,601.769995
2.781578,9,602.248374
1.292728,4,602.445115
-2.627996,6,602.767321
3.334276,9,603.208121
0.508352,2,603.307921
0.353445,2,603.409024
0.497384,2,603.507197
0.90499,3,603.667368
-2.920412,5,603.931969
3.20288,8,604.332391
0.560982,2,604.453465
0.542968,2,604.555883
0.892792,3,604.715448
2.514071,7,605.036939
0.328676,2,605.137373
0.498105,2,605.256617
1.256001,4,605.439628
1.669785,5,605.685834
-2.807575,6,606.041342
0.521727,2,606.140148
0.537755,2,606.241004
0.548929,2,606.360099
0.901402,4,606.5612
0.565891,2,606.660118
2.710649,7,606.99931
2.413941,7,607.359914
0.888957,3,607.517009
0.519214,2,607.617452
0.525319,2,607.738201
0.926343,3,607.892918
0.560822,2,608.011762
1.037469,4,608.24708
0.519464,2,608.345224
1.598769,5,608.604023
0.565856,2,608.701989
0.5059,2,608.820091
1.676948,5,609.09713
0.507249,2,609.2129
2.534094,7,609.572268
-1.517846,8,610.026544
1.326278,4,610.225035
0.519526,2,610.341413
0.532852,2,610.458406
-3.252766,5,610.716221
-2.479815,6,611.032323
0.920654,3,611.190762
0.545474,2,611.290832
2.602135,7,611.687644
0.536831,2,611.785228
-3.0642,5,612.061801
1.427615,4,612.279204
0.521117,2,612.394288
0.894356,3,612.553355
0.529136,2,612.669662
0.558911,2,612.771056
0.587433,2,612.890632
1.665915,5,613.146162
0.554248,2,613.263727
0.561127,2,613.379533
4.293285,10,613.907575
1.687526,5,614.164684
0.509469,2,614.264546
0.551468,2,614.382896
1.593927,5,614.655996
0.554982,2,614.77257
1.308832,4,614.973364
4.418256,12,615.583043
0.508187,2,615.700483
0.528639,2,615.798574
-1.537026,9,616.244931
0.539645,2,616.360538
0.54058,2,616.459796
2.37552,6,616.798277
0.529295,2,616.916615
2.756474,7,617.277405
1.695622,5,617.553422
0.560799,2,617.671718
0.529889,2,617.769794
0.526039,2,617.869929
2.746353,7,618.21265
-2.13461,7,618.536092
0.544409,2,618.654575
1.386634,4,618.856896
0.580399,2,618.958213
0.552065,2,619.079127
2.088786,6,619.414705
0.935729,3,619.579708
0.554562,2,619.679078
-3.553215,4,619.896017
-3.58663,4,620.11146
2.431067,7,620.452471
-2.376072,7,620.791188
0.534771,2,620.889962
0.537002,2,621.007598
0.492753,2,621.124361
0.461812,2,621.240604
0.526858,2,621.358249
0.554603,2,621.457918
0.500327,2,621.556606
2.773482,8,621.961323
0.900323,3,622.137105
1.817684,5,622.374562
5.415568,13,623.038121
0.945137,3,623.195401
0.552143,2,623.312809
0.555034,2,623.430099
-0.505616,10,623.980204
0.541432,2,624.099834
0.364795,2,624.218277
3.541922,9,624.644956
1.733765,5,624.940021
2.835271,8,625.337118
1.338057,4,625.518329
-0.979462,10,626.098665
-3.20777,5,626.318333
0.966978,3,626.476123
0.896076,3,626.633552
-3.405645,5,626.910228
-3.622084,4,627.143916
0.546266,2,627.241628
2.258705,7,627.58851
0.538744,2,627.705516
2.69538,8,628.107884
0.892057,3,628.286901
0.562958,2,628.403615
0.368638,2,628.520401
0.525493,2,628.618768
0.536997,2,628.717096
0.505337,2,628.834055
0.351621,2,628.952082
2.148047,6,629.252131
0.538827,2,629.350296
2.998784,8,629.771043
1.764403,6,630.087452
0.530981,2,630.204531
0.579827,2,630.323179
0.525337,2,630.439819
0.540677,2,630.555255
0.532236,2,630.673816
2.201903,6,630.98853
0.892258,3,631.145361
0.318111,2,631.262416
0.529046,2,631.360896
0.557126,2,631.459782
0.541834,2,631.560555
0.525369,2,631.659838
0.547236,2,631.759952
-2.151561,7,632.125921
0.880334,3,632.301707
2.496934,7,632.663064
4.163097,12,633.29015
0.541887,2,633.406605
0.571335,2,633.523489
0.566719,2,633.623503
0.346953,2,633.740141
-3.422856,4,633.957559
1.953934,6,634.298506
0.547051,2,634.415565
0.919036,3,634.573079
0.527956,2,634.673069
0.351123,2,634.791533
0.544704,2,634.908337
0.556976,2,635.006395
-2.588842,7,635.364119
0.533148,2,635.482048
-2.483114,7,635.860944
0.530808,2,635.959084
2.876101,8,636.394783
0.543776,2,636.512419
0.561459,2,636.628671
0.946768,3,636.785203
0.498723,2,636.901903
0.497738,2,637.022609
0.555968,2,637.124459
0.948928,3,637.283898
0.520708,2,637.402186
1.644593,5,637.678356
0.542689,2,637.793964
1.63523,5,638.072028
-2.54394,6,638.370078
-3.643326,4,638.589057
1.716725,5,638.853111
0.510656,2,638.953027
-1.458915,10,639.491452
1.303604,4,639.693052
0.565266,2,639.812608
0.927583,3,639.968956
0.553271,2,640.068171
0.53862,2,640.18854
0.924056,3,640.346231
0.570233,2,640.463259
2.778234,7,640.819446
1.438673,4,641.019733
0.548673,2,641.12046
1.624608,5,641.399899
0.510428,2,641.497387
0.933632,3,641.656372
0.901192,3,641.799092
0.525357,2,641.919737
0.550038,2,642.039354
2.66661,7,642.4208
0.520112,2,642.537235
2.359954,7,642.916218
0.898279,3,643.076478
0.525972,2,643.17687
0.900891,3,643.353803
-2.75516,6,643.693578
0.923377,3,643.86915
0.516808,2,643.985744
0.558144,2,644.102944
2.153954,6,644.422737
0.52428,2,644.538245
0.524861,2,644.657011
1.623432,5,644.918453
2.91036,8,645.350032
0.557048,2,645.466577
0.528145,2,645.588625
0.90915,3,645.765423
0.906517,3,645.92249
1.007193,3,646.081505
0.512892,2,646.201193
0.896736,3,646.340166
0.561831,2,646.442071
1.972278,6,646.741726
2.038349,6,647.065434
0.944258,3,647.240496
4.056265,11,647.821321
0.333477,2,647.937639
1.179513,4,648.139688
0.740627,3,648.301254
0.522271,2,648.402446
0.347357,2,648.51947
0.87505,3,648.677477
0.555641,2,648.775239
1.230567,4,648.979308
-2.120228,7,649.371933
2.813595,7,649.70872
3.765651,10,650.215265
3.655245,9,650.692838
1.120669,4,650.908069
1.812545,5,651.18739
0.531975,2,651.302513
1.300084,4,651.503717
0.550609,2,651.623071
0.361438,2,651.73957
2.0852,6,652.054595
2.800055,8,652.459364
0.537599,2,652.577187
0.542661,2,652.693926
0.547272,2,652.791744
-3.069822,5,653.052684
0.514729,2,653.150917
1.293969,4,653.349457
0.564392,2,653.468255
4.271471,11,653.99473
0.318484,2,654.093399
1.243207,4,654.296195
1.826227,5,654.57013
0.52884,2,654.66969
1.244676,4,654.904844
0.550128,2,655.003288
2.29412,7,655.378117
0.553063,2,655.493506
0.540319,2,655.610301
2.658724,7,655.96817
0.94941,3,656.143378
0.549796,2,656.24248
0.902588,3,656.400726
0.891524,3,656.563992
0.520844,2,656.680191
-2.638496,6,657.003757
0.518097,2,657.102313
0.917703,3,657.24337
1.719103,5,657.502985
3.164224,9,657.959063
1.579954,5,658.219299
0.513867,2,658.318235
1.590024,5,658.558174
2.360605,7,658.918139
2.212378,6,659.236756
1.282012,4,659.455081
0.528408,2,659.571514
0.53764,2,659.687711
0.363862,2,659.78536
-1.675499,8,660.221477
0.95394,3,660.380087
0.544898,2,660.478652
0.540698,2,660.578888
0.543285,2,660.680194
0.350997,2,660.779429
3.30307,9,661.258709
0.946601,3,661.436874
1.096393,4,661.652711
0.539304,2,661.768782
-1.820596,8,662.186733
0.516732,2,662.302331
0.342348,2,662.418928
0.566421,2,662.53451
0.521076,2,662.653068
0.953895,3,662.830188
1.974903,6,663.12715
0.530666,2,663.243858
1.99593,6,663.560462
1.277625,4,663.774903
2.745298,7,664.153978
2.881962,8,664.533701
5.548461,13,665.238245
3.067716,8,665.656463
4.198577,12,666.330821
1.197568,4,666.547741
0.905358,3,666.725819
0.925724,3,666.882462
0.52493,2,666.980903
0.545999,2,667.099581
0.524793,2,667.21814
0.334954,2,667.337227
0.542292,2,667.457496
0.533015,2,667.573853
-2.696104,6,667.900133
0.532118,2,668.017699
0.524574,2,668.133599
0.525339,2,668.23263
1.403269,4,668.434034
4.697832,13,669.124299
0.559234,2,669.241749
0.888411,3,669.418028
1.089686,4,669.614346
1.320164,4,669.818582
1.750043,5,670.09702
2.172256,6,670.434067
1.719866,5,670.691829
-3.170614,5,670.967225
0.540019,2,671.083839
0.53178,2,671.201838
0.506895,2,671.302089
2.155067,6,671.603144
0.557861,2,671.703043
1.084772,4,671.903153
0.68172,3,672.081991
-2.754684,6,672.380348
0.528345,2,672.498669
2.883157,8,672.932959
1.302255,4,673.134059
-3.339126,5,673.392524
0.508851,2,673.49077
0.515867,2,673.590342
1.222434,4,673.810894
0.985956,3,673.969727
0.986755,3,674.128114
0.539201,2,674.245116
-1.72999,8,675.996808
1.420018,4,676.198419
0.522708,2,676.297785
3.240838,9,676.758474
1.749072,5,677.017069
-3.610497,4,677.232897
-3.000804,5,677.492674
0.585405,2,677.611197
0.520713,2,677.72768
1.777579,6,678.023618
0.875693,3,678.183032
2.641278,7,678.527516
5.708012,13,679.186698
0.871653,3,679.342787
1.968629,6,679.658692
-2.972126,5,679.934997
0.5567,2,680.03375
3.657002,9,680.501165
0.541744,2,680.617106
-3.143007,5,680.873412
2.775565,7,681.236389
1.339097,4,681.454341
5.031155,11,681.982456
0.543883,2,682.099481
0.516231,2,682.197397
-0.909123,10,682.697073
1.25891,4,682.878311
3.92839,11,683.458529
-2.784333,6,683.779228
1.662759,5,684.038496
1.698129,5,684.296098
0.538434,2,684.394232
0.528183,2,684.495094
2.422764,7,684.875678
2.311964,7,685.254399
0.526747,2,685.371159
1.955243,6,685.67798
0.942095,3,685.835518
0.534492,2,685.952714
0.523469,2,686.050377
0.524396,2,686.168
0.965685,3,686.346183
5.96005,15,687.096595
0.52388,2,687.215352
2.540272,7,687.607351
2.159581,6,687.925002
0.572529,2,688.026981
1.650064,5,688.288159
0.520883,2,688.390123
2.83969,8,688.793513
3.878021,9,689.298182
3.919091,10,689.817268
2.177444,6,690.116337
3.638428,10,690.602008
0.504311,2,690.702801
1.349411,4,690.923871
0.918166,3,691.084643
2.053062,6,691.387156
0.539006,2,691.487006
5.576319,14,692.220977
0.50473,2,692.33886
3.514654,10,692.874342
5.570318,13,693.554685
1.969665,6,693.891591
1.658051,5,694.165587
1.319469,4,694.361716
0.578461,2,694.47954
1.747899,5,694.70085
3.489987,10,695.204537
1.690128,5,695.464359
3.672151,10,695.963689
1.898467,5,696.201324
0.332318,2,696.317751
0.985363,3,696.494832
0.530514,2,696.611068
0.538589,2,696.729738
0.538283,2,696.83281
0.496385,2,696.935375
-2.762388,6,697.24135
0.829439,3,697.398815
2.787894,8,697.787511
2.881964,8,698.207563
0.540411,2,698.325546
2.572905,7,698.701521
0.953812,3,698.841496
3.792855,11,699.386166
1.236058,4,699.568579
5.62107,15,700.321592
1.802541,5,700.563261
0.542136,2,700.663645
0.526407,2,700.783863
3.800849,9,701.224398
-2.794697,6,701.541377
0.496214,2,701.657073
1.235252,4,701.854185
0.515351,2,701.955709
0.519388,2,702.07667
4.535381,11,702.646806
0.533349,2,702.746478
1.555938,5,703.036468
4.546694,11,703.599539
0.559029,2,703.718109
0.504813,2,703.838552
1.983133,6,704.116569
0.518031,2,704.234447
1.889286,6,704.569448
2.76355,8,705.009147
0.539675,2,705.107021
0.558749,2,705.206759
0.542071,2,705.306583
1.581075,5,705.588394
0.565333,2,705.703424
1.629387,5,705.981912
2.035292,6,706.277421
5.125512,13,706.923231
0.543957,2,707.021491
1.909401,6,707.283548
0.889679,3,707.443325
0.516248,2,707.559263
-2.389661,7,707.900118
2.394289,7,708.257935
1.04166,4,708.475022
2.096692,6,708.793706
3.560275,10,709.296713
0.536181,2,709.39518
1.260779,4,709.632119
-1.091431,9,710.111733
0.523085,2,710.228257
0.438167,2,710.332743
1.479075,5,710.596028
1.318633,4,710.798601
2.351525,7,711.159699
1.030209,4,711.342479
1.55638,5,711.604246
2.04502,6,711.884541
0.529966,2,711.986071
0.516212,2,712.106359
0.526331,2,712.203444
0.581974,2,712.302856
1.29234,4,712.502236
0.558665,2,712.600113
0.531641,2,712.699032
-2.063089,8,713.118904
0.545998,2,713.236148
3.166455,9,713.669378
1.266512,4,713.884771
3.398185,9,714.323595
1.691989,5,714.582519
3.696705,10,715.099018
0.337348,2,715.214935
0.503961,2,715.334666
0.541867,2,715.450217
2.085203,6,715.750166
2.17092,6,716.052993
0.324173,2,716.154727
0.961879,3,716.333423
0.521231,2,716.449209
0.563451,2,716.568401
-0.783375,11,717.130691
0.528802,2,717.247694
2.794472,7,717.588853
3.006626,8,718.01116
0.533981,2,718.126684
-2.357868,7,718.501239
1.262384,4,718.701572
0.538569,2,718.800064
-3.46095,4,718.981071
2.078266,7,719.345447
2.118315,6,719.644504
-2.264433,7,719.967451
1.736506,5,720.224924
1.887266,6,720.525304
1.79247,6,720.874878
0.959649,3,721.029588
0.545995,2,721.148613
0.678249,14,721.837256
5.825454,14,722.554796
-2.103915,7,722.915946
0.963026,3,723.07307
1.827835,5,723.331345
0.523174,2,723.430465
2.455588,7,723.772494
3.814836,10,724.244573
0.554622,2,724.344477
0.535725,2,724.463897
1.340025,4,724.663479
1.260407,4,724.880247
-2.238805,7,725.274247
0.546615,2,725.372621
3.409518,9,725.832246
0.931934,3,725.98865
3.02267,8,726.424088
1.281775,4,726.624835
2.752293,8,727.061203
3.868125,12,727.628916
0.528503,2,727.727615
1.030199,4,727.907579
0.542301,2,728.028232
0.530168,2,728.144765
3.552725,9,728.56746
0.575797,2,728.66673
0.499512,2,728.768572
0.935521,3,728.912036
0.536604,2,729.014349
0.514661,2,729.137132
4.127923,11,729.670153
-3.081044,5,729.927256
0.868324,3,730.086355
1.577784,5,730.363002
-2.587829,7,730.742166
4.66148,12,731.331512
2.122807,6,731.632741
2.449218,7,731.988814
3.171952,8,732.442438
0.511922,2,732.540985
1.238941,4,732.773895
0.560621,2,732.872176
0.697602,3,733.012948
0.691189,3,733.157501
0.515183,2,733.276715
0.524544,2,733.397083
1.280022,4,733.613796
0.496178,2,733.713828
1.25122,4,733.914562
0.467716,2,734.031557
1.272243,4,734.268931
-2.688074,6,734.585793
-2.738069,6,734.884026
0.549743,2,735.002001
0.934477,3,735.165787
0.52131,2,735.265314
4.435701,12,735.88601
0.900656,3,736.045764
0.551611,2,736.164668
0.516334,2,736.282145
2.067215,6,736.601334
3.333791,9,737.076319
1.999698,6,737.393881
5.581008,13,738.041539
1.280198,4,738.25581
1.29961,4,738.453958
2.504666,8,738.870321
1.270451,4,739.052823
3.815572,10,739.535837
2.201308,6,739.874162
1.754842,5,740.129794
1.220735,4,740.310104
0.519081,2,740.431889
-2.863404,5,740.689468
1.803565,6,741.008367
2.577571,7,741.366687
3.401208,9,741.840616
-3.434053,4,742.062219
2.139122,6,742.382398
0.514548,2,742.499847
0.542807,2,742.602425
1.323237,4,742.819222
0.549266,2,742.916776
0.503089,2,743.015166
1.930246,6,743.29331
3.912396,10,743.772483
0.525253,2,743.889287
0.562069,2,744.006562
-3.47776,4,744.240233
0.920329,3,744.39752
2.623744,7,744.757976
0.53633,2,744.874636
0.57299,2,744.972546
-2.497898,6,745.329487
3.701659,10,745.831854
0.322854,2,745.930524
0.525053,2,746.030648
1.253448,4,746.23145
5.151458,13,746.880952
3.043882,8,747.316628
0.366059,2,747.432155
1.659283,5,747.688957
1.491066,5,747.964538
-2.613632,6,748.265403
0.543314,2,748.365707
-2.939971,5,748.607096
1.320947,4,748.822726
0.534209,2,748.941879
1.975565,6,749.258193
0.922847,3,749.39879
0.53203,2,749.518854
-2.826079,5,749.795427
1.299636,4,750.011605
0.548498,2,750.130871
-2.914665,5,750.40857
3.515645,10,750.917145
2.504223,7,751.293942
0.539912,2,751.391685
1.214265,4,751.609637
0.540469,2,751.710234
2.228458,6,752.013113
3.271609,9,752.420321
0.535229,2,752.520626
1.851122,5,752.765059
0.560558,2,752.864021
0.515574,2,752.96558
0.930125,3,753.14238
-1.461425,9,753.575427
3.083046,9,754.04105
0.493568,2,754.159257
0.512403,2,754.261657
0.525499,2,754.365096
0.558603,2,754.486592
5.170684,14,755.246666
0.892805,3,755.42112
0.913551,3,755.560215
1.063519,4,755.762613
0.938497,3,755.927201
-2.46705,7,756.282542
0.916821,3,756.438798
1.938828,6,756.771094
0.323752,2,756.885941
1.329143,4,757.102774
0.522106,2,757.200799
0.346713,2,757.299298
1.698447,5,757.554073
0.554434,2,757.670653
0.531117,2,757.769771
0.704309,3,757.945716
2.468454,7,758.301821
0.525373,2,758.401495
0.523427,2,758.519781
3.015111,9,758.966191
0.868748,3,759.143217
-0.478811,12,759.752241
0.457283,2,759.868731
0.542827,2,759.98565
0.552747,2,760.085477
0.553669,2,760.185719
0.336223,2,760.306395
0.509203,2,760.407152
4.36079,12,761.055693
0.318102,2,761.155724
1.740865,5,761.416584
1.544633,5,761.66003
0.346066,2,761.760133
-3.481263,4,761.979587
0.544763,2,762.097214
-1.244118,9,762.538587
0.592234,2,762.63886
-1.626606,10,763.161152
2.963605,8,763.584661
0.513386,2,763.702773
3.21041,9,764.170408
0.544581,2,764.287779
0.324046,2,764.387482
0.947533,3,764.560967
1.682486,5,764.835143
1.254876,4,765.033529
0.525496,2,765.153165
5.24829,14,765.898416
0.527273,2,765.996969
0.881393,3,766.153292
-2.525203,6,766.508295
1.266989,4,766.703169
1.108799,15,767.492862
3.720098,10,767.979208
0.565089,2,768.078967
1.409025,4,768.315868
4.208143,11,768.917831
0.539905,2,769.034167
0.511626,2,769.153316
2.132913,6,769.45521
-3.424209,4,769.673745
0.565852,2,769.791543
2.496015,7,770.129637
0.508933,2,770.24661
-2.130017,7,770.625957
0.51518,2,770.723649
0.540934,2,770.841669
-2.422304,6,771.138777
2.423499,7,771.484413
3.972051,11,772.068759
0.555784,2,772.167476
0.527945,2,772.28709
2.183039,6,772.639105
9.432914,24,773.831315
0.525227,2,773.949308
5.678351,16,774.774119
2.745531,8,775.174139
-1.952438,7,775.532643
0.944054,3,775.710595
0.5527,2,775.809528
0.736467,3,775.949453
1.405325,4,776.153707
0.540026,2,776.274883
1.75543,5,776.533713
1.81458,5,776.777162
0.94222,3,776.955
1.999396,6,777.260133
0.543932,2,777.377525
0.575727,2,777.494191
3.172926,8,777.946854
0.546469,2,778.063421
0.564495,2,778.181071
0.544968,2,778.300189
3.343999,9,778.747188
0.546231,2,778.845983
0.505569,2,778.964781
0.537353,2,779.063352
5.502909,14,779.792001
1.233911,4,779.991283
0.547435,2,780.090432
0.484002,2,780.191896
0.513459,2,780.293086
0.925364,3,780.473193
0.522989,2,780.573077
0.555594,2,780.68909
1.833478,6,780.990546
0.888546,3,781.165573
1.733409,5,781.442982
1.634576,5,781.721004
0.543833,2,781.839402
0.501861,2,781.940713
0.501113,2,782.041481
2.111413,6,782.360831
3.337379,9,784.128419
-3.085548,5,784.373319
2.582554,7,784.694313
2.579724,7,785.071004
4.478309,12,785.69759
3.546903,9,786.178323
3.915321,11,786.725677
2.245904,17,787.607423
10.025406,25,788.805789
0.867654,3,788.946768
0.524667,2,789.047124
10.462394,24,790.242647
3.523994,10,790.764282
4.137589,11,791.311775
3.734775,10,791.779533
2.57689,7,792.106904
3.916988,10,792.628191
0.504585,2,792.72642
1.347285,4,792.926414
0.898638,3,793.083425
3.885354,10,793.573431
3.114615,9,794.016956
0.532205,2,794.115963
2.663281,7,794.496702
-3.233331,5,794.718399
0.532296,2,794.819181
1.313584,4,795.022167
1.416951,4,795.225537
2.538401,7,795.549338
0.559001,2,795.649194
2.885654,8,796.055496
0.542353,2,796.173008
-2.687824,6,796.493327
2.673511,8,796.89524
-1.760803,8,797.3176
0.864364,3,797.475885
2.03918,6,797.780417
0.581615,2,797.879643
2.744211,8,798.262249
2.445474,7,798.619402
-2.162619,7,798.965777
0.921229,3,799.128947
2.686076,7,799.51297
0.963297,3,799.670507
1.317953,4,799.886543
2.310487,17,800.75498
0.54606,2,800.87237
5.790548,15,801.678776
0.885451,3,801.818888
0.967849,3,801.964571
0.565023,2,802.06589
2.275951,6,802.385916
4.0141,22,803.501906
3.151824,8,803.926378
0.957776,3,804.099932
-2.71758,6,804.420112
0.860267,3,804.57741
-2.907159,5,804.837183
3.720447,10,805.348124
3.511822,9,805.81286
0.527663,2,805.911763
1.731619,5,806.172418
3.496137,10,806.732089
0.537198,2,806.85068
1.794523,5,807.108229
0.556429,2,807.226976
-2.676863,6,807.546493
2.506049,7,807.885595
3.709475,11,808.458182
1.312118,4,808.673088
0.551649,2,808.771823
0.568504,2,808.872843
-2.922573,5,809.120867
2.098087,6,809.425718
2.485377,7,809.792821
2.09942,6,810.112238
1.275124,4,810.312189
2.608117,7,810.659868
2.749948,7,811.040585
0.534064,2,811.138677
0.529644,2,811.237901
3.716557,10,811.761169
4.382739,12,812.371824
0.635476,13,813.056909
0.536457,2,813.154008
0.587454,2,813.271169
2.232481,6,813.553485
3.792324,10,814.05691
4.818159,14,814.746027
4.314702,11,815.316481
0.936994,3,815.457063
0.537148,2,815.559895
0.337615,2,815.679537
0.554905,2,815.799068
1.717508,5,816.074108
2.804362,8,816.443562
3.351565,9,816.892002
3.707885,10,817.363956
5.30761,13,818.00815
1.680599,5,818.305812
0.534993,2,818.404991
0.50659,2,818.50595
-2.985461,5,818.770023
-3.522823,4,819.00494
2.798482,8,819.389822
1.883462,6,819.727184
0.528941,2,819.843148
2.769765,7,820.187232
0.922248,3,820.345827
2.742052,8,820.749581
1.619158,5,821.011503
0.525454,2,821.112381
3.547922,9,821.581023
0.903119,3,821.738704
2.88183,8,822.139547
0.555979,2,822.239866
-2.846391,6,822.539411
2.703893,8,822.944941
0.546368,2,823.062539
4.191038,11,823.598323
-2.278229,8,823.985934
2.580559,7,824.350376
2.820356,8,824.733264
1.339788,4,824.956948
0.549993,2,825.0732
-0.425822,11,825.62177
0.50918,2,825.739892
0.941553,3,825.903164
0.959513,3,826.060541
0.882915,3,826.219101
8.269253,21,827.271473
0.863544,3,827.430975
1.666843,5,827.653414
-2.10096,7,828.002394
0.539851,2,828.102094
0.759682,3,828.265651
2.475017,7,828.612144
1.836433,5,828.872108
0.504057,2,828.97077
0.551815,2,829.090346
0.906957,3,829.266779
2.994381,9,829.699089
0.490282,2,829.796901
2.638359,8,830.241316
0.93006,3,830.380969
5.743119,15,831.195431
2.810097,8,831.597128
3.251134,9,832.025056
0.555992,2,832.123577
0.901277,3,832.280644
-1.75026,9,832.72762
-2.093477,7,833.110943
6.394101,17,833.943473
1.756401,5,834.201622
0.898214,3,834.360473
4.873324,12,834.987363
0.55176,2,835.088614
2.054899,6,835.372031
0.517209,2,835.494683
1.309112,4,835.716316
1.672417,5,835.992933
1.442312,4,836.200347
0.530946,2,836.299891
-2.648609,6,836.571212
-3.211362,5,836.830931
1.236582,4,837.027736
0.586843,2,837.128777
-2.436227,6,837.468024
-2.321378,7,837.796877
0.896799,3,837.955573
0.553528,2,838.054215
1.462623,5,838.416556
0.951928,3,838.555501
2.467029,7,838.935588
0.524009,2,839.051792
0.565236,2,839.149841
1.259644,4,839.365279
1.306265,4,839.582352
0.533194,2,839.68289
4.218574,11,840.212302
3.119797,9,840.619499
1.21728,4,840.837785
-1.426661,9,841.306683
0.522981,2,841.422635
9.379295,23,842.584523
3.371005,9,843.04351
2.017309,6,843.344626
2.755919,7,843.700161
0.956791,3,843.838471
0.513159,2,844.037907
1.331868,4,844.25423
0.518326,2,844.370873
4.833318,12,844.990105
3.465345,10,845.49593
0.52612,2,845.59366
3.765764,11,846.15505
3.204613,8,846.608882
0.562162,2,846.707283
2.878861,8,847.105646
2.664486,7,847.496854
0.519658,2,847.594712
2.958243,8,848.033655
2.563378,7,848.355986
1.529335,5,848.596751
0.559559,2,848.696853
0.542235,2,848.816455
0.918514,3,848.972306
0.537811,2,849.071981
0.523063,2,849.191336
0.550063,2,849.310687
-1.997347,7,849.633558
0.962175,3,849.775507
4.286753,11,850.38915
-2.929507,5,850.610646
3.142868,8,851.01025
1.18818,4,851.211484
0.571634,2,851.329618
0.327232,2,851.446376
1.426063,5,851.700141
0.547538,2,851.798307
1.162729,15,852.636588
-2.163898,8,853.038643
1.230286,4,853.236547
-1.917231,8,853.659356
2.150325,6,853.990563
6.153718,17,854.828013
3.646029,10,855.347787
-2.50881,7,855.705255
3.792299,11,856.268546
8.193843,22,857.404785
0.52911,2,857.502254
0.526391,2,857.618543
3.561987,10,858.111877
2.066409,6,858.406746
0.873264,3,858.560679
1.166338,4,858.93142
-2.805497,5,859.175832
2.399599,7,859.519411
5.05054,13,860.173291
1.303022,4,860.371719
2.343408,7,860.71374
-0.018128,13,861.338868
2.851733,8,861.740654
1.819989,5,861.965852
-2.870218,6,862.264426
3.721622,10,862.77683
0.521607,2,862.889134
7.166798,17,863.774475
4.12442,10,864.243639
0.559194,2,864.342817
3.042828,9,864.796595
0.457788,2,864.89409
1.635965,5,865.131917
-0.793561,10,865.63341
0.571534,2,865.749367
0.477286,2,865.866724
-3.000427,5,866.147493
0.942544,3,866.30398
-2.83826,5,866.541512
6.6219,16,867.301165
1.569695,5,867.579703
-2.121118,8,867.958088
0.579881,2,868.055207
0.519799,2,868.154497
-3.472901,4,868.371348
0.565352,2,868.488258
-3.401406,4,868.690619
1.853345,6,868.966783
2.851914,8,869.382019
3.208299,8,869.776364
7.223535,19,870.712101
-1.77149,8,871.120458
1.900993,6,871.417159
1.395219,4,871.633284
0.892978,3,871.807312
0.923472,3,871.964429
1.224501,4,872.143621
2.035774,6,872.456105
-0.316609,11,873.027969
7.620738,19,873.999255
0.369239,2,874.09687
0.522658,2,874.196219
0.947792,3,874.354789
0.529465,2,874.472568
-3.068939,5,874.698527
1.542953,5,874.975077
0.949563,3,875.129485
0.906149,3,875.269121
0.536823,2,875.369646
6.942412,18,876.271236
3.314062,9,876.690547
0.550788,2,876.8056
0.531475,2,876.922158
1.628022,5,877.175263
-2.655219,6,877.46709
3.110406,9,877.910833
2.470302,7,878.249004
-2.516536,6,878.542811
0.543813,2,878.640928
0.875699,3,878.796728
1.50224,5,879.049477
1.994062,6,879.346524
2.85401,8,879.778278
3.393394,9,880.233304
0.550351,2,880.330169
1.270795,4,880.548097
3.006373,8,880.960824
1.646599,5,881.181393
-2.866441,6,881.514538
0.535448,2,881.610743
3.078824,8,882.006769
0.557235,2,882.122363
-0.710874,10,882.637297
4.142093,11,883.191708
1.927909,6,883.487126
1.999799,6,883.772626
-3.531491,4,883.969095
0.541413,2,884.066129
0.576577,2,884.182366
0.581229,2,884.279629
0.470701,2,884.395531
0.496635,2,884.512209
1.65883,5,884.785744
1.8005,5,885.038306
1.395342,4,885.250839
1.216283,4,885.479838
0.554235,2,885.576322
2.109186,6,885.892624
0.471114,2,886.007737
-2.648677,6,886.329473
0.538261,2,886.4304
1.354283,4,886.649795
2.129633,6,886.943181
2.403104,7,887.296285
0.33725,2,887.394026
2.049322,6,887.680788
-3.52523,4,887.8949
3.726205,11,888.449054
1.272441,4,889.95406
1.321549,4,890.154256
1.502056,5,890.399411
-0.620141,10,890.916235
1.299992,4,891.10981
5.433301,15,891.830509
-1.197908,10,892.341675
0.545851,2,892.439123
0.892886,3,892.595154
0.535208,2,892.71068
2.865498,8,893.126202
3.020893,8,893.504596
0.538781,2,893.620192
0.723937,3,893.794926
2.329721,7,894.116089
0.529997,2,894.215684
2.976328,8,894.588871
2.067981,6,894.88449
3.320331,9,895.34888
0.519682,2,895.446695
-0.600403,11,895.974369
3.12574,20,896.948538
0.523632,2,897.064236
2.803663,8,897.482527
2.103489,6,897.762985
-2.107266,7,898.123421
2.32224,7,898.484685
-2.944208,5,898.757191
0.352171,2,898.856123
1.352195,4,899.054011
1.525664,5,899.308278
0.524132,2,899.405571
2.643902,7,899.728383
0.932149,3,899.884549
2.383243,7,900.225287
1.335672,4,900.420712
1.935858,6,900.701556
0.525795,2,900.799651
4.251301,11,901.369931
2.818358,8,901.751341
1.172811,4,901.930236
2.228886,6,902.207796
0.925628,3,902.364848
3.894575,11,902.883095
2.028775,6,903.188521
1.321768,4,903.370972
1.941068,6,903.677466
1.589911,5,903.95132
2.076199,6,904.247828
3.196405,8,904.663585
3.881218,10,905.121883
1.773678,5,905.377693
4.6645,13,905.978881
2.488972,7,906.332454
1.525448,16,907.074419
6.677853,17,907.909717
4.315308,12,908.493886
1.406472,4,908.72627
1.243062,4,908.92175
-0.182439,14,909.619964
3.560848,10,910.119114
0.96382,3,910.257593
0.50765,2,910.374477
1.971202,6,910.6905
6.171357,15,911.410519
1.014203,3,911.548039
2.533493,7,911.876333
0.518839,2,911.972762
1.818724,5,912.230726
2.040811,6,912.512589
1.788081,5,912.76912
-2.067957,8,913.151397
0.5581,2,913.249047
0.907553,3,913.406926
0.835823,3,913.584138
0.902741,3,913.724199
-1.666181,8,914.139469
0.49543,2,914.236478
2.936721,8,914.600402
0.530515,2,914.70078
5.724552,14,915.449203
0.554009,2,915.564636
4.807871,13,916.200071
0.494965,2,916.298745
0.557507,2,916.41706
1.226143,4,916.635924
2.932839,8,917.038428
0.547531,2,917.137825
2.987156,8,917.553681
1.841321,5,917.790418
2.292469,7,918.114388
0.885492,3,918.254207
3.799942,11,918.808649
1.35742,4,919.01995
0.550856,2,919.135584
1.698932,5,919.374412
4.231446,12,919.988436
2.008426,6,920.286872
5.161779,14,920.937818
3.472286,10,921.435022
6.235766,15,922.155386
1.564505,5,922.378416
0.542581,2,922.476897
2.872257,8,922.891
0.549808,2,922.988965
0.922416,3,923.151186
2.362215,7,923.49004
2.240541,6,923.805174
0.588364,2,923.918742
0.890624,3,924.056765
0.533404,2,924.156951
0.521737,2,924.276013
3.692621,11,924.805895
0.534716,2,924.902912
3.273529,9,925.393486
1.935746,6,925.688679
0.512322,2,925.78652
4.818512,13,926.417418
2.113208,6,926.698643
3.080613,9,927.114227
-2.521917,7,927.469115
0.926486,3,927.625978
0.508675,2,927.722821
-2.203864,7,928.079121
2.776464,8,928.49244
2.466645,7,928.846924
-1.991321,7,929.185572
0.949697,3,929.342411
2.543667,7,929.68112
0.501477,2,929.780786
2.126315,6,930.066488
2.871032,8,930.469225
-3.018081,5,930.727374
3.946096,11,931.311317
1.282674,4,931.507402
3.301656,9,931.944511
3.074185,8,932.348754
2.638839,7,932.692632
1.7706,5,932.949409
2.107582,6,933.288311
4.145275,11,933.820249
-2.87437,6,934.10305
1.259285,4,934.302024
1.231259,4,934.503986
5.093626,12,935.141115
0.551265,2,935.23857
2.663465,7,935.627462
4.89733,13,936.250155
0.528238,2,936.349013
0.916782,3,936.491681
4.559738,13,937.104387
3.575244,10,937.673539
2.431956,7,938.012966
3.057766,9,938.452859
2.065563,6,938.795347
1.726746,5,939.031528
0.530025,2,939.131894
2.645254,7,939.49173
0.542252,2,939.59006
2.834943,8,940.003171
6.214817,16,940.781253
0.53166,2,940.877877
1.280333,4,941.075197
0.350928,2,941.175485
1.547232,5,941.416281
0.893352,3,941.557577
0.501018,2,941.675914
2.205109,7,942.055013
1.686107,5,942.317854
3.117286,9,942.746124
1.634604,5,942.990177
0.511766,2,943.110421
0.516904,2,943.226938
1.807352,5,943.481815
0.910006,3,943.62519
1.908415,6,943.916341
2.06556,6,944.199381
2.118484,6,944.484667
2.010878,6,944.801688
4.54163,13,945.452012
2.073829,6,945.769966
1.859721,6,946.071522
5.525751,14,946.772513
0.53919,2,946.871386
1.864132,6,947.220617
3.593522,10,947.699067
-3.113244,5,947.976084
1.335011,4,948.190556
1.595832,5,948.464033
3.455806,9,948.940829
3.768865,11,949.528254
3.322239,9,949.985003
4.981245,13,950.629053
-3.218823,5,950.869874
1.241873,4,951.064495
1.317216,4,951.246941
3.359835,10,951.74566
4.617047,11,952.3062
2.340997,7,952.644411
2.617106,8,953.059497
2.171021,6,953.39111
3.420714,9,953.866976
0.545301,2,953.963531
0.545858,2,954.063478
0.851984,3,954.204704
4.553332,12,954.825352
2.067178,6,955.121471
3.539437,9,955.58367
3.938267,11,956.114697
2.570891,7,956.473874
0.542017,2,956.587185
-2.349593,7,956.946403
1.768538,5,957.179674
5.058684,15,957.867946
0.525845,2,957.984177
3.261888,8,958.367314
0.540043,2,958.464614
1.644733,5,958.723309
0.574964,2,958.84016
-3.044867,5,959.066834
0.570485,2,959.184483
3.559878,10,959.655557
0.902876,3,959.814002
3.632113,10,960.31061
2.528934,7,960.63163
0.540374,2,960.750321
0.537275,2,960.86518
0.948241,3,961.002916
2.558609,7,961.360959
0.510178,2,961.476085
0.51812,2,961.59318
1.671179,5,961.850574
1.337106,4,962.047862
2.115687,6,962.345573
1.915238,6,962.621049
3.368291,9,963.046864
3.5007,10,963.491985
2.134647,6,963.823452
6.700789,17,964.630465
3.073208,9,965.070696
-2.99722,5,965.345983
0.928689,3,965.503689
4.360666,12,966.030715
2.491164,7,966.354631
0.921331,3,966.511528
3.253188,9,966.955075
0.575539,2,967.070644
0.525614,2,967.189638
0.540031,2,967.3105
0.888076,3,967.466481
3.482536,10,967.983211
0.907412,3,968.119659
-2.711074,6,968.441401
3.867369,12,969.023749
0.536755,2,969.14096
-1.501742,8,969.54113
7.675551,21,970.537525
0.88354,3,970.674785
4.34897,12,971.276989
5.209096,15,972.018218
0.513079,2,972.119152
1.711223,5,972.36052
1.33186,4,972.559915
0.538747,2,972.657571
0.544921,2,972.756576
0.547247,2,972.855942
1.76236,5,973.081586
3.421943,10,973.548126
1.362287,4,973.767122
0.565366,2,973.864318
2.531903,7,974.224307
-2.594127,6,974.525304
3.687404,10,975.004544
0.909073,3,975.162193
3.185842,9,975.58289
0.511818,2,975.700603
6.359793,18,976.577228
2.42055,7,976.918211
1.284496,4,977.11766
0.565529,2,977.235074
2.539758,8,977.639292
0.485327,2,977.735796
0.574612,2,977.834073
1.333601,4,978.03283
3.339982,9,978.472313
0.536626,2,978.570236
0.521632,2,978.671926
5.443935,15,979.399626
-2.701455,6,979.697191
0.932012,3,979.853166
0.548267,2,979.95188
5.623139,16,980.753656
0.526317,2,980.849819
4.830843,13,981.495087
1.335589,4,981.708139
0.568997,2,981.80555
0.536804,2,981.904591
0.519166,2,982.023702
1.82473,5,982.304487
5.393533,14,983.037898
-0.654422,11,983.583053
0.540057,2,983.680754
0.53847,2,983.780497
0.559643,2,983.88234
4.336111,11,984.390396
0.547253,2,984.490049
3.518749,10,984.93749
2.866312,8,985.337082
4.219453,11,985.915761
1.195089,4,986.12802
0.535521,2,986.244608
0.503643,2,986.362928
0.574789,2,986.481503
3.282296,9,986.924793
1.641472,5,987.146757
0.571225,2,987.248111
-2.193275,7,987.595965
-3.140734,5,987.833612
2.014337,6,988.133205
-2.25345,7,988.437717
2.51876,7,988.777519
0.546837,2,988.893893
2.651913,8,989.296159
5.468176,14,989.997862
1.620577,5,990.252726
0.5393,2,990.369734
2.352519,7,990.70123
6.085725,17,991.489536
0.518895,2,991.587345
1.671695,5,991.844635
8.343857,21,994.278194
3.267417,9,994.714261
2.447745,7,995.059169
1.712269,5,995.297513
1.618814,5,995.541812
0.560578,13,996.200656
1.178229,4,996.399359
1.556754,5,996.657667
4.843381,13,997.304747
1.62159,5,997.526409
0.936766,3,997.665787
0.527752,2,997.765149
-2.387839,7,998.108241
2.410094,7,998.448607
3.21274,9,998.867694
0.571759,2,998.984629
5.651562,17,999.808065
3.096704,9,1000.25151
2.342699,7,1000.592034
2.321491,7,1000.962749
0.560515,2,1001.060774
3.364014,9,1001.470293
3.533564,9,1001.909319
2.12743,6,1002.206995
0.573807,2,1002.305429
0.522675,2,1002.423157
1.768163,5,1002.679977
0.885922,3,1002.857224
0.471376,14,1003.485024
0.517092,2,1003.604552
-3.002619,5,1003.851768
4.753494,12,1004.420776
2.787551,8,1004.802146
2.332111,7,1005.126315
1.534405,5,1005.368727
5.670756,15,1006.074047
2.454905,7,1006.412269
0.559809,2,1006.529394
1.272826,4,1006.762525
2.692999,8,1007.126348
0.535,2,1007.226343
0.513011,2,1007.34553
5.428863,15,1008.118578
1.380576,4,1008.333841
4.132489,11,1008.855809
0.311285,2,1008.955086
5.92687,15,1009.649516
-1.237279,10,1010.09989
4.382019,12,1010.678652
0.964743,3,1010.820687
1.968349,6,1011.098682
0.567699,2,1011.196492
2.451925,7,1011.532847
1.759345,5,1011.773408
0.565625,2,1011.872312
2.850368,8,1012.273155
4.913911,13,1012.878841
-2.914525,5,1013.140045
0.558662,2,1013.23843
5.140636,14,1013.925118
0.514331,2,1014.022619
2.14502,6,1014.303102
1.997774,6,1014.614205
0.528324,2,1014.728736
-2.667177,6,1015.043342
2.892038,8,1015.441643
7.57904,21,1016.43166
3.871116,11,1016.937593
6.338424,17,1017.74428
1.55126,16,1018.490115
0.507122,2,1018.589849
4.183513,11,1019.118411
-1.379459,10,1019.619138
-2.180814,7,1019.946204
0.509023,2,1020.046631
2.654275,7,1020.412889
1.280523,4,1020.627228
4.134388,11,1021.173519
0.916958,3,1021.309859
4.94895,13,1021.942474
1.316636,4,1022.160573
1.301077,4,1022.378508
3.139953,8,1022.776541
-2.279135,7,1023.132177
3.086206,9,1023.570834
0.526286,2,1023.689364
5.35934,14,1024.333626
-3.004629,5,1024.591761
2.542253,18,1025.482587
-2.316398,7,1025.857638
0.497226,2,1025.954788
0.558553,2,1026.054169
3.861186,10,1026.541379
0.361293,2,1026.659207
-0.656026,11,1027.16886
0.559479,2,1027.285319
0.560137,2,1027.40261
0.52714,2,1027.501989
3.804836,11,1028.030896
1.296648,4,1028.22843
2.152977,6,1028.528481
0.519499,2,1028.644242
2.889614,8,1029.06137
4.309047,11,1029.583995
2.607791,7,1029.929769
3.93429,10,1030.396914
-2.63717,6,1030.717193
0.546012,2,1030.831421
-1.88422,8,1031.208541
5.1939,14,1031.889916
0.513683,2,1032.004814
0.951173,3,1032.145919
5.175304,12,1032.711307
5.26632,15,1033.453921
-1.514607,8,1033.846021
2.96232,8,1034.249889
3.446683,9,1034.663199
1.742809,5,1034.890879
-2.468162,7,1035.201407
2.016075,20,1036.153749
2.529914,7,1036.476982
7.847431,22,1037.524585
1.816757,5,1037.768922
3.93481,11,1038.306962
6.272044,17,1039.165985
1.262522,4,1039.36044
3.201079,9,1039.799367
-0.148779,12,1040.381473
4.03051,11,1040.874048
2.765131,7,1041.214144
0.529001,2,1041.329702
4.021201,11,1041.906009
4.802788,14,1042.591358
1.299714,4,1042.810714
0.53884,2,1042.907239
-3.07012,5,1043.153921
2.054317,6,1043.465626
2.63404,8,1043.867944
0.520694,2,1043.984419
0.532441,2,1044.104128
0.521975,2,1044.203174
-2.282146,7,1044.549699
4.098694,11,1045.076341
2.450767,7,1045.422591
2.189427,7,1045.781039
1.802674,17,1046.563229
3.511608,10,1047.06652
2.164644,6,1047.401119
1.797705,19,1048.288873
-1.590296,9,1048.733442
0.508257,2,1048.847933
4.031115,11,1049.357574
2.84138,8,1049.776461
0.544645,2,1049.87572
2.382359,7,1050.23497
4.061263,11,1050.773525
10.642994,26,1052.110648
3.348559,9,1052.537085
4.366496,11,1053.06634
2.004859,6,1053.385002
5.803942,15,1054.117068
2.788384,8,1054.514637
0.972097,3,1054.653855
1.32255,4,1054.869726
4.901509,13,1055.496574
0.942085,3,1055.651353
1.641451,5,1055.890674
0.56131,2,1055.988991
3.830806,11,1056.496033
0.537978,2,1056.61265
1.615916,5,1056.866254
0.537559,2,1056.982814
3.113115,9,1057.431782
2.674145,8,1057.816162
0.545178,2,1057.9159
1.38869,4,1058.115568
9.189874,23,1059.163234
2.657922,7,1059.527137
2.232013,21,1060.537236
0.537719,2,1060.652086
1.594415,5,1060.894566
-3.102061,5,1061.137591
0.559559,2,1061.235577
0.90219,3,1061.393811
0.942818,3,1061.535079
3.877015,11,1062.06582
5.03701,14,1062.744905
2.643052,7,1063.11341
2.168514,6,1063.397309
6.149469,17,1064.222755
4.322396,24,1065.313051
0.931387,3,1065.452834
3.08883,9,1065.926977
0.553551,2,1066.025853
0.910344,3,1066.16556
3.11839,8,1066.567006
0.51069,2,1066.664442
2.568962,8,1067.060642
10.724615,28,1068.398549
0.527796,2,1068.496647
3.363069,10,1069.031998
6.026424,17,1069.860771
2.335382,7,1070.184327
1.286617,4,1070.382157
0.942733,3,1070.541039
3.780343,10,1071.02994
1.732997,5,1071.272031
0.529125,2,1071.371766
1.334331,4,1071.573497
0.919461,3,1071.716576
1.678623,5,1071.979526
0.546436,2,1072.077572
4.179693,11,1072.616966
3.540257,9,1073.03653
1.465997,16,1073.821727
3.695765,11,1074.346476
3.598862,9,1074.788228
4.373603,12,1075.3893
-1.50238,9,1075.867011
1.423494,4,1076.046554
0.536057,2,1076.147608
8.098841,22,1077.1479
3.767083,10,1077.635994
3.903914,11,1078.18302
2.721562,7,1078.513842
1.234247,4,1078.714484
3.398707,10,1079.213391
1.488131,5,1079.454749
0.563598,2,1079.554302
5.098069,14,1080.25353
2.275789,7,1080.592712
2.484892,7,1080.94719
0.946718,3,1081.085943
2.410971,7,1081.431226
1.704375,5,1081.673113
2.425485,7,1081.995239
3.643706,10,1082.479983
3.354051,9,1082.936028
3.697549,10,1083.436445
0.479649,2,1083.552375
-2.878017,5,1083.811903
1.219328,4,1084.008801
5.392474,14,1084.728375
2.242976,6,1085.00787
0.529675,2,1085.125316
0.562786,2,1085.240905
2.79374,7,1085.578406
1.672692,5,1085.836858
0.861012,3,1085.994808
2.171698,6,1086.31311
0.905075,3,1086.454898
1.783111,5,1086.718856
1.307807,4,1086.915621
0.888818,3,1087.072334
2.348621,7,1087.393016
-2.790649,5,1087.651211
2.677324,8,1088.03499
0.916027,3,1088.193617
0.51891,2,1088.311543
0.935017,3,1088.451329
2.595091,8,1088.838544
2.995089,8,1089.204357
3.065866,9,1089.649489
3.042034,8,1090.032051
0.537347,2,1090.147446
4.655215,12,1090.745298
2.482005,7,1091.117805
1.689381,5,1091.34029
0.834689,3,1091.500593
2.762289,8,1091.916201
3.667935,10,1092.343457
3.872167,10,1092.810583
3.782219,10,1093.296075
1.635938,5,1093.555423
3.359443,9,1095.274277
7.821864,21,1096.301749
5.111499,14,1096.963421
0.508238,2,1097.08213
2.904103,8,1097.505106
0.896793,3,1097.661282
5.761847,16,1098.440012
5.891284,15,1099.143218
5.041676,13,1099.770151
3.937969,11,1100.293891
7.385306,19,1101.165703
4.057467,12,1101.77058
1.9676,6,1102.034222
11.331841,30,1103.492724
5.088022,13,1104.116559
3.049616,8,1104.510829
4.083802,11,1105.092642
1.65674,5,1105.316678
5.68285,15,1106.072556
9.134331,23,1107.16315
2.012484,18,1108.01743
1.850219,6,1108.303265
3.617719,10,1108.787441
0.528668,2,1108.886506
2.838482,8,1109.253557
1.624717,5,1109.497728
0.545401,2,1109.615765
1.217639,4,1109.796003
3.196181,9,1110.188745
3.423524,9,1110.633609
2.660975,7,1111.012355
2.431248,7,1111.334858
-2.448403,7,1111.663144
7.414266,20,1112.565144
2.007163,6,1112.863004
2.613556,8,1113.228866
0.976383,3,1113.370284
1.926608,6,1113.674861
1.332436,4,1113.858523
2.413718,7,1114.216372
5.282874,16,1114.981535
4.47234,12,1115.529602
3.484611,10,1115.97988
-2.616579,6,1116.281488
4.043987,11,1116.862588
9.991956,26,1118.061703
0.563505,2,1118.161111
4.439019,22,1119.204179
0.929695,3,1119.344146
2.04317,6,1119.613568
4.563224,13,1120.220951
7.385882,19,1121.121053
-0.82965,11,1121.645996
4.466799,12,1122.211642
0.5179,2,1122.309584
0.506836,2,1122.411018
2.840293,8,1122.759891
0.554885,2,1122.87638
2.870514,22,1123.886594
2.74938,8,1124.272346
3.561436,10,1124.753921
-2.079925,8,1125.139595
-0.165573,13,1125.769311
5.010223,14,1126.400745
0.948283,3,1126.540802
2.470807,7,1126.866505
5.168785,14,1127.517535
0.52877,2,1127.633651
-2.206322,8,1128.016069
4.196341,12,1128.554279
5.787577,15,1129.284325
1.676552,5,1129.524771
1.407516,5,1129.783
10.834961,26,1130.96574
5.613075,15,1131.643619
2.453882,7,1131.984528
1.289497,4,1132.184335
1.15294,16,1132.965067
1.778422,5,1133.187417
2.841703,8,1133.560449
2.862451,8,1133.946017
0.528762,2,1134.062272
-0.369491,13,1134.665098
3.66837,10,1135.147832
1.74833,5,1135.389507
0.537695,2,1135.489631
2.959381,8,1135.860629
1.567041,5,1136.100737
2.304606,7,1136.459962
2.350201,7,1136.782721
3.126393,9,1137.228301
0.922552,3,1137.385757
3.523394,10,1137.835309
5.695347,16,1138.636956
2.029732,6,1138.931776
3.313929,9,1139.35594
2.938975,9,1139.76245
0.545915,2,1139.88021
0.949921,3,1140.038892
6.259654,16,1140.78686
6.139876,17,1141.558742
1.240302,4,1141.775144
2.963789,8,1142.124029
2.14279,6,1142.409455
2.604191,8,1142.766828
9.517772,25,1143.956171
2.083046,6,1144.219106
2.198587,6,1144.521854
4.803984,13,1145.118621
1.663931,5,1145.364449
8.560718,23,1146.447519
1.88101,6,1146.750218
-2.0368,7,1147.055393
2.556679,7,1147.397541
5.092076,13,1148.021075
3.066641,8,1148.402378
5.293747,15,1149.101518
2.048193,6,1149.371678
3.501164,10,1149.873642
0.515399,2,1149.971014
-2.27394,7,1150.314334
2.259997,7,1150.65451
3.175122,8,1151.028162
0.534446,2,1151.129053
2.845362,8,1151.4985
1.252007,4,1151.69863
2.629092,7,1152.059662
2.791664,8,1152.447138
0.547407,2,1152.566644
3.578963,10,1153.032046
1.952894,6,1153.31459
7.296964,18,1154.13761
4.576178,12,1154.685232
4.100504,11,1155.211314
1.267263,15,1155.936003
0.507992,2,1156.052491
5.491548,15,1156.749213
-1.625915,9,1157.180537
3.717155,10,1157.647929
2.093841,6,1157.914285
10.14668,27,1159.214419
3.807119,11,1159.754713
0.569878,2,1159.851983
3.994869,11,1160.344227
2.009872,6,1160.646799
3.715193,10,1161.096489
8.199039,22,1162.190135
0.549074,2,1162.293035
8.691427,23,1163.375672
3.102936,9,1163.801343
5.221984,13,1164.43357
1.367886,4,1164.632659
2.143071,6,1164.918445
4.316001,11,1165.427116
0.485041,2,1165.545598
3.168956,9,1165.975978
4.776528,14,1166.646815
4.976754,13,1167.253413
0.354367,2,1167.351514
2.021543,6,1167.634098
1.647893,5,1167.910938
2.282863,7,1168.250628
3.338867,9,1168.654202
7.967958,23,1169.7594
2.099024,6,1170.038538
1.619616,5,1170.292185
1.667541,5,1170.531988
0.519729,2,1170.632794
2.822896,8,1171.017966
7.930943,21,1172.031682
3.96225,10,1172.513132
0.915624,3,1172.65353
5.350466,15,1173.377098
0.51054,2,1173.476216
0.915465,3,1173.619185
0.55501,2,1173.720633
1.252362,4,1173.919227
-3.448042,4,1174.101314
1.867119,5,1174.34482
2.770494,8,1174.730697
3.727012,10,1175.178239
4.831473,26,1176.399402
4.585618,13,1177.025229
0.886251,3,1177.167092
0.557948,2,1177.266765
-1.921182,8,1177.631121
2.267525,7,1177.957973
0.501904,2,1178.056164
1.840683,6,1178.341438
0.502338,2,1178.439505
3.663871,10,1178.942752
0.568427,2,1179.040964
-0.313745,11,1179.587437
2.562224,7,1179.896542
3.162348,9,1180.339747
4.52153,12,1180.9428
3.260332,9,1181.368322
5.640478,15,1182.08755
1.301462,4,1182.285593
0.519516,2,1182.384454
2.580927,7,1182.727152
2.150667,6,1183.004346
-0.341862,13,1183.631998
4.66871,13,1184.236172
1.344969,4,1184.433317
0.968337,3,1184.590366
4.347256,12,1185.130248
1.686024,5,1185.351209
-0.635784,11,1185.876676
1.639824,5,1186.116559
3.313169,9,1186.543603
-0.204053,13,1187.153156
2.773077,8,1187.549505
3.523552,10,1188.022163
2.008121,6,1188.305053
3.938758,11,1188.809385
4.837695,13,1189.399035
1.598832,5,1189.656283
5.061894,15,1190.363621
0.53228,2,1190.462546
3.336022,9,1190.873191
1.301296,4,1191.055563
2.572899,7,1191.39779
1.995615,6,1191.680763
7.270709,20,1193.955928
3.731599,10,1194.400929
5.223342,14,1195.065464
3.32146,9,1195.493118
1.575032,5,1195.750264
-3.069681,5,1195.970671
2.654405,8,1196.353529
3.02557,8,1196.717182
3.003262,8,1197.08137
6.536107,18,1197.944303
3.561172,10,1198.369614
2.982829,8,1198.734972
2.421487,7,1199.075888
4.321178,12,1199.645781
5.087772,27,1200.907048
3.982797,11,1201.468347
1.597016,5,1201.705873
4.819384,14,1202.354447
3.99034,11,1202.828835
3.442896,10,1203.300984
2.949828,8,1203.665437
8.258676,21,1204.667027
0.572505,2,1204.766881
8.160803,21,1205.7758
4.043575,11,1206.329672
12.007012,32,1207.81788
3.468581,9,1208.225049
0.527168,2,1208.342002
0.553725,2,1208.457294
3.308769,9,1208.879057
0.888233,3,1209.036177
1.688903,5,1209.280107
2.101582,6,1209.548478
10.015376,27,1210.820616
4.433055,13,1211.407476
6.734648,19,1212.314305
3.131408,20,1213.260629
9.215878,23,1214.336413
9.699438,25,1215.48492
3.017113,9,1215.912071
1.687148,5,1216.136014
3.3631,10,1216.605609
-3.116221,5,1216.880398
2.389545,7,1217.219682
1.608588,5,1217.46191
8.759676,24,1218.590677
8.087109,22,1219.558626
3.650979,10,1220.007366
7.066453,18,1220.833029
0.543235,2,1220.949883
-2.366723,7,1221.298271
-3.052088,5,1221.53778
0.859722,3,1221.677966
1.219375,4,1221.878187
0.576321,2,1221.977412
5.139094,14,1222.592211
4.69603,12,1223.161079
4.994193,14,1223.796951
7.348041,19,1224.660223
7.0512,19,1225.566958
1.348467,4,1225.767216
2.386214,7,1226.106776
4.537369,12,1226.676486
2.408606,20,1227.596684
1.259356,4,1227.7766
4.288718,11,1228.316844
3.781773,10,1228.781095
5.109533,13,1229.393424
2.049081,6,1229.67737
0.545347,2,1229.77848
2.900477,8,1230.182289
5.366525,14,1230.844721
-3.048453,5,1231.085584
-0.268671,12,1231.649869
1.800963,5,1231.909541
7.512554,18,1232.725229
2.531629,7,1233.066486
-0.158801,12,1233.651638
5.405874,14,1234.315272
8.719397,22,1235.346961
10.965189,28,1236.618951
2.04037,6,1236.883987
5.640585,16,1237.649017
3.323321,10,1238.116714
5.633615,16,1238.850079
4.279819,12,1239.413249
1.374098,4,1239.594489
11.099307,34,1241.201145
5.105239,14,1241.88626
7.286232,17,1242.698716
3.057301,8,1243.082244
4.23999,11,1243.59341
5.969548,17,1244.353482
4.772725,13,1244.943227
0.739481,15,1245.658985
5.632704,14,1246.313007
1.452346,5,1246.556971
0.678016,14,1247.210534
-1.222458,10,1247.696894
5.736585,26,1248.910827
-2.474266,6,1249.183777
0.577336,2,1249.284972
0.497253,2,1249.387036
8.295678,34,1250.998434
8.288202,20,1251.948855
2.652212,7,1252.250408
3.359795,9,1252.653869
2.070734,6,1252.939786
2.813687,8,1253.32506
11.457421,27,1254.585874
3.203248,9,1254.995917
0.535427,2,1255.114212
2.444535,7,1255.436795
9.924899,29,1256.790734
14.618456,37,1258.449911
11.698231,29,1259.814424
3.840575,11,1260.363818
-0.119478,13,1260.965617
20.598949,52,1263.420699
1.674251,5,1263.643867
-3.461848,4,1263.878462
2.648118,8,1264.25919
-2.157108,7,1264.585859
7.183693,19,1265.503005
2.66259,8,1265.902578
12.386856,30,1267.301812
1.262929,4,1267.501621
4.999889,26,1268.705164
-0.076776,13,1269.333363
-3.090394,5,1269.552979
1.729806,5,1269.782583
10.158676,26,1271.034959
0.669674,14,1271.673777
0.822246,15,1272.355015
2.179547,6,1272.654155
-3.182143,5,1272.877192
3.495562,10,1273.382501
-0.250948,12,1273.978579
4.448195,13,1274.602159
10.105952,30,1275.957805
6.045092,17,1276.798525
4.010566,11,1277.30714
-2.505992,7,1277.630298
4.337399,24,1278.746362
1.316067,4,1278.92611
4.551552,12,1279.4918
-1.473644,9,1279.933872
0.486234,2,1280.03246
16.348345,41,1281.935642
7.30917,19,1282.813442
3.986395,11,1283.318605
2.961082,8,1283.698705
2.429596,20,1284.596473
1.631272,5,1284.852332
0.526943,2,1284.95148
-0.037917,14,1285.587994
0.518283,2,1285.687213
2.828996,8,1286.092468
2.376715,19,1287.003838
11.818064,29,1288.306709
5.785896,17,1289.079396
1.244237,4,1289.279684
6.646919,17,1291.348557
7.235414,19,1292.220191
6.651007,18,1293.045091
6.683034,17,1293.840171
3.589449,9,1294.262802
3.182798,9,1294.686806
0.14265,13,1295.280035
1.713986,6,1295.560977
3.878645,11,1296.038871
2.055035,6,1296.344402
4.483413,12,1296.914293
2.736141,8,1297.313725
4.401173,12,1297.863886
5.126216,15,1298.571168
6.662953,20,1299.487093
2.850945,8,1299.871284
7.108871,18,1300.664116
0.52041,2,1300.763868
2.232009,7,1301.089805
0.523603,2,1301.189155
0.522358,2,1301.289676
2.407669,7,1301.613898
9.477156,24,1302.692775
5.836663,30,1304.117171
4.736789,12,1304.694167
2.757122,8,1305.064533
5.956988,16,1305.801093
1.571756,17,1306.553887
5.475988,15,1307.25932
6.366845,18,1308.074624
3.465934,10,1308.543162
-1.272755,10,1309.01108
0.96287,3,1309.150975
11.022411,30,1310.603574
0.528719,2,1310.701749
1.71703,17,1311.516271
2.050019,6,1311.796551
0.549581,2,1311.913871
7.166522,18,1312.734055
4.064753,11,1313.22052
2.318835,18,1314.049788
4.554196,12,1314.621637
9.302767,24,1315.703868
4.81762,13,1316.326189
4.019657,11,1316.818961
9.530248,27,1318.048575
6.195732,15,1318.705194
0.544682,2,1318.805986
2.747244,8,1319.218839
1.246339,4,1319.420165
2.121951,6,1319.726117
1.959488,6,1319.99939
3.411594,9,1320.41702
2.856563,8,1320.784284
6.042846,16,1321.550944
14.314199,43,1323.504592
8.714042,22,1324.510049
11.891784,34,1325.994632
2.541358,7,1326.357
3.113985,9,1326.78279
2.538699,7,1327.105281
4.17175,11,1327.615401
9.701373,24,1328.716937
-2.128607,7,1329.044245
1.990166,6,1329.32753
13.576516,34,1330.91154
4.286588,12,1331.49873
1.351954,16,1332.265572
3.58385,10,1332.757864
9.095695,23,1333.875797
5.415179,15,1334.546597
-0.711452,12,1335.123089
8.18407,21,1336.059172
2.85545,20,1337.018059
6.40867,33,1338.525646
3.197275,10,1338.980188
0.871671,3,1339.13885
12.084746,35,1340.678257
5.453766,15,1341.387128
7.605875,20,1342.272681
6.47932,19,1343.237439
1.068027,16,1343.9554
1.751605,5,1344.199915
-0.111566,14,1344.814678
4.00236,11,1345.326111
11.091719,31,1346.762567
9.011764,24,1347.888582
5.582025,16,1348.606654
0.558221,2,1348.705125
6.749658,18,1349.528555
4.512633,13,1350.107354
0.519166,2,1350.206263
8.388354,23,1351.239147
2.916044,9,1351.649234
7.700565,21,1352.596259
0.932049,15,1353.276449
0.543537,2,1353.373173
4.037402,10,1353.85729
1.686329,5,1354.114634
5.511068,15,1354.788953
7.342571,18,1355.624662
-3.139138,5,1355.847469
2.618222,19,1356.693454
2.339926,7,1357.056296
7.480417,32,1358.521149
2.484414,7,1358.845027
5.455626,14,1359.496265
10.203204,26,1360.627091
4.552668,13,1361.215725
6.145211,16,1362.002364
2.745651,8,1362.370824
3.670997,10,1362.824034
3.081893,8,1363.192091
7.325754,18,1364.032119
10.437991,26,1365.220985
2.727085,8,1365.593163
4.965049,13,1366.214568
3.614068,11,1366.760007
2.885355,8,1367.140582
-3.081519,5,1367.401589
5.116801,14,1368.053294
4.646291,13,1368.685442
2.239255,7,1368.988309
2.281718,19,1369.848234
0.492137,2,1369.946859
2.013319,6,1370.235995
8.323485,21,1371.197324
0.528417,2,1371.297758
7.742674,20,1372.223303
2.775017,8,1372.591063
3.882914,11,1373.131125
1.711598,5,1373.352659
5.425527,15,1374.02317
-2.94439,6,1374.325182
-1.378803,9,1374.74755
11.436808,29,1376.063482
5.53175,16,1376.784814
-2.580618,7,1377.140264
0.927181,3,1377.281123
0.408047,13,1377.879573
3.551581,10,1378.328814
2.376942,7,1378.65715
1.219484,4,1378.859607
6.14562,17,1379.655232
7.041481,18,1380.448144
3.752555,10,1380.933836
4.950759,14,1381.620601
4.04911,11,1382.127049
0.262131,14,1382.762675
4.24439,11,1383.25614
6.411469,19,1384.123459
1.286463,4,1384.343801
3.985586,11,1384.838786
2.913977,8,1385.209059
-1.939322,8,1385.564641
-1.988229,8,1385.954881
0.676015,16,1388.015064
8.167301,21,1388.981138
7.913265,21,1389.942331
-2.865929,5,1390.182095
-0.319082,12,1390.706733
1.26861,4,1390.889313
11.278158,30,1392.168844
6.677334,17,1392.926419
8.793091,25,1394.008436
10.358974,29,1395.294617
2.438726,7,1395.633174
4.509574,12,1396.179296
17.165751,47,1398.297771
1.680487,5,1398.543668
4.277197,12,1399.091674
7.302595,20,1400.009745
1.270628,4,1400.191355
4.777567,13,1400.787352
5.111167,14,1401.425403
2.464778,7,1401.749146
17.271302,42,1403.612791
-1.379597,9,1404.000025
-2.625848,6,1404.300986
-2.313391,7,1404.623624
3.275445,9,1405.010689
11.059492,28,1406.289692
6.599592,18,1407.144967
3.647111,10,1407.592139
0.958168,3,1407.732488
8.522242,23,1408.73107
7.036582,20,1409.619138
13.259502,46,1411.636228
2.951393,19,1412.485288
0.516104,2,1412.584923
20.290529,55,1415.022027
10.795473,28,1416.308462
5.666956,14,1416.938841
0.477943,2,1417.056149
5.036896,26,1418.241399
3.571273,9,1418.648506
-1.822821,8,1419.03534
1.7302,5,1419.261292
6.831736,18,1420.095859
3.234099,9,1420.541775
8.603857,23,1421.536469
6.727201,32,1422.958149
3.057235,9,1423.403111
13.203317,37,1425.080302
0.891826,3,1425.220766
4.12582,12,1425.794629
14.363317,38,1427.526809
10.694697,31,1428.865706
9.535304,23,1429.875071
2.566207,8,1430.25808
5.667975,16,1430.950521
-0.282696,12,1431.487949
9.912932,29,1432.78394
4.909764,14,1433.434512
3.978355,11,1433.956393
1.989446,6,1434.239158
0.538697,2,1434.357024
3.897737,11,1434.836103
4.594989,27,1436.088399
0.55555,2,1436.186216
2.105572,6,1436.467585
1.089413,17,1437.249933
3.938292,11,1437.751412
12.225159,35,1439.377271
4.307829,12,1439.91459
2.370567,7,1440.255562
8.716543,23,1441.31902
8.705804,23,1442.363446
0.530303,2,1442.462841
4.816455,13,1443.094164
1.765597,18,1443.912694
5.739477,27,1445.196434
2.071336,6,1445.460304
-1.780966,9,1445.86809
5.580085,28,1447.126234
9.808174,28,1448.35904
9.821907,34,1449.93248
2.979401,8,1450.321231
-1.65535,8,1450.720348
4.772415,13,1451.374548
5.910024,17,1452.101573
7.358349,20,1452.99228
5.116989,14,1453.632449
5.616175,15,1454.331599
4.217115,12,1454.849008
7.20764,21,1455.776271
9.382675,26,1456.942613
5.201294,14,1457.589158
13.894797,34,1459.05229
4.606847,12,1459.57922
20.519506,54,1461.975626
5.77736,28,1463.234416
-1.623897,8,1463.601077
10.905984,27,1464.807998
2.813787,8,1465.18019
2.788215,8,1465.549756
10.574769,38,1467.327486
0.102144,13,1467.905258
-0.605156,12,1468.437582
7.280733,21,1469.41523
2.111749,18,1470.230128
0.557944,2,1470.32998
17.424869,51,1472.663321
-0.955783,10,1473.151886
5.382097,28,1474.420268
6.637151,18,1475.204617
11.846656,34,1476.705283
3.724641,10,1477.171449
16.558811,48,1479.325477
2.579472,21,1480.219653
0.517561,2,1481.60837
2.104943,6,1481.894833
11.069127,33,1483.395832
7.435708,20,1484.298195
7.601291,20,1485.194144
5.811486,28,1486.462181
6.160422,17,1487.216392
2.927936,8,1487.603676
17.256991,50,1489.757184
0.610493,15,1490.419306
10.861287,32,1491.842006
6.131644,17,1492.594296
5.281639,27,1493.789138
6.804735,19,1494.664296
4.937688,13,1495.24165
2.890281,8,1495.624166
7.334265,20,1496.523132
4.077087,11,1497.032198
0.529425,2,1497.130935
6.64312,17,1497.905076
2.466666,21,1498.878963
-0.134108,11,1499.369604
21.122673,64,1502.142403
2.596042,7,1502.465218
4.763618,12,1503.014766
3.00499,8,1503.400962
4.151013,12,1503.936335
16.512193,43,1505.81485
11.299575,27,1506.985408
17.180528,43,1508.900754
6.343383,16,1509.619362
0.579495,14,1510.242405
10.753517,42,1512.114563
2.476889,7,1512.421189
17.089155,42,1514.325098
10.793106,30,1515.665992
2.71986,8,1516.019448
21.511168,55,1518.432801
3.458879,22,1519.43326
5.148444,14,1520.050701
1.30968,17,1520.826439
1.119213,15,1521.518064
4.352053,12,1522.033408
4.975032,13,1522.644098
10.083372,26,1523.803606
8.114706,21,1524.747231
0.967753,16,1525.484795
8.863306,24,1526.565971
16.744111,47,1528.653311
-1.610016,9,1529.075643
0.987641,3,1529.235583
3.658167,23,1530.260308
19.231982,53,1532.618247
6.05861,16,1533.329199
19.254219,52,1535.602436
0.539997,2,1535.702442
5.683581,15,1536.360372
4.317367,12,1536.895278
9.626573,25,1537.988745
-0.65029,12,1538.522706
-2.608594,6,1538.785709
1.708768,5,1539.046998
-1.535159,9,1539.458224
10.052297,28,1540.667436
-0.276059,13,1541.242698
18.328632,49,1543.388178
4.76009,25,1544.529386
-3.032539,5,1544.756312
3.555163,10,1545.226742
18.061524,51,1547.556285
8.609961,21,1548.483197
12.496294,33,1549.986686
3.007381,8,1550.369916
2.286745,7,1550.678617
-1.556906,9,1551.109822
3.378514,24,1552.158117
5.331853,31,1553.512405
5.013567,14,1554.135491
3.866486,11,1554.608032
13.870297,41,1556.448145
1.953751,6,1556.712154
2.829157,8,1557.07941
2.749908,8,1557.431355
7.992361,20,1558.299745
1.678822,18,1559.114204
3.472415,22,1560.106411
6.761106,20,1560.978484
8.492041,23,1561.995672
4.176166,12,1562.567682
1.700351,5,1562.79182
-3.16919,5,1563.021736
10.541694,27,1564.239625
2.880794,8,1564.591616
-2.383926,7,1564.905595
14.699557,37,1566.549693
20.400437,55,1568.998304
5.742196,15,1569.691807
-3.089681,5,1569.91529
2.734795,21,1570.899157
5.658179,15,1571.540319
2.542097,7,1571.847123
1.530787,5,1572.090523
5.967572,15,1572.7822
13.154076,34,1575.603429
8.327055,22,1576.584198
3.843226,10,1577.038777
1.995764,6,1577.340062
6.660042,18,1578.183142
11.517917,32,1579.593747
15.979374,48,1581.728526
6.414611,17,1582.470633
14.067463,37,1584.097105
-0.156532,13,1584.675349
1.236279,16,1585.405749
13.913645,37,1586.987759
5.693556,16,1587.69802
7.719942,22,1588.700483
-2.160054,7,1589.014095
16.591666,61,1591.676439
5.375287,27,1592.9249
-1.891925,8,1593.289647
11.029439,29,1594.583974
-1.512055,10,1595.031509
11.006714,30,1596.348379
11.087985,30,1597.635193
3.529998,10,1598.07892
-1.5056,9,1598.521936
16.254893,42,1600.370858
5.207798,14,1601.043308
10.79183,32,1602.446487
6.449268,30,1603.767063
15.359478,53,1606.165228
29.875477,83,1609.817661
27.122177,76,1613.184415
3.559888,11,1613.700554
6.256596,31,1615.059138
17.154577,48,1617.186444
2.748043,8,1617.538583
9.275455,25,1618.671552
36.475968,113,1623.550579
8.305487,21,1624.461528
-0.984193,10,1624.913401
3.03319,8,1625.281624
5.005389,14,1625.917891
-0.552261,12,1626.472897
3.128882,22,1627.46161
13.620744,37,1629.113957
0.90336,15,1629.799451
20.269287,51,1632.039447
11.712045,32,1633.454031
7.54627,19,1634.303024
2.166622,18,1635.104887
3.536292,21,1636.049878
10.256997,26,1637.181007
2.653239,21,1638.090532
12.114531,42,1639.966661
12.353092,30,1641.295485
19.376974,48,1643.433056
15.155677,38,1645.117424
2.039235,6,1645.386198
6.683992,29,1646.689945
-2.587902,6,1646.95838
11.144713,46,1649.020149
2.154442,6,1649.300668
4.365032,12,1649.850691
16.142003,42,1651.726088
2.506993,7,1652.033322
5.774713,15,1652.708073
3.886671,25,1653.830701
4.358819,12,1654.367325
3.543161,10,1654.836357
5.170176,13,1655.394511
27.612725,72,1658.553085
-0.716589,11,1659.064894
-1.77233,8,1659.432353
7.249936,20,1660.320745
0.855635,16,1661.02368
7.90323,22,1661.991059
4.455032,28,1663.2157
14.203636,35,1664.791933
5.382001,28,1667.349223
7.042004,18,1668.174111
18.47135,77,1671.507019
0.137781,13,1672.083333
5.764793,15,1672.729402
29.435279,89,1676.636311
6.256271,30,1677.952843
0.554187,2,1678.051844
5.742631,15,1678.765395
5.857463,15,1679.422405
22.049199,59,1681.966164
9.679062,24,1683.04462
3.683368,10,1683.478463
5.248794,27,1684.656018
25.660446,84,1688.28068
14.966087,53,1690.60932
5.132651,14,1691.227534
5.919043,15,1691.914323
8.130464,22,1692.887457
10.838564,30,1694.179702
-1.870759,8,1694.534682
4.125315,11,1695.048388
4.328464,12,1695.622333
22.05635,58,1698.207999
27.639294,78,1701.597983
13.824558,36,1703.173811
31.185246,85,1706.814965
5.199324,13,1707.394858
20.111037,52,1709.645751
-2.470378,7,1709.953207
8.310265,22,1710.938113
3.456831,9,1711.349111
2.455273,7,1711.676518
11.059448,40,1713.420763
6.372601,17,1714.15941
6.417133,17,1714.921316
1.292604,16,1715.636662
0.526691,2,1715.736955
16.669472,55,1718.145804
-2.173054,7,1718.454996
31.861467,87,1722.234549
27.871355,98,1726.491685
6.313641,17,1727.261069
5.457835,14,1727.87974
9.820945,29,1729.146557
7.453113,20,1730.047161
2.037196,6,1730.314567
8.725885,25,1731.448776
2.866128,8,1731.810894
-2.673268,6,1732.095422
4.677634,13,1732.645797
1.060289,16,1733.386943
-1.29243,9,1733.797786
1.367664,4,1733.978371
4.800517,25,1735.099226
1.723635,18,1735.930272
9.806204,25,1736.996007
20.2314,52,1739.27885
4.369835,12,1739.819224
13.197359,47,1741.927737
1.9099,6,1742.193851
3.613133,27,1743.347755
3.111228,21,1744.251768
7.355456,18,1745.055558
6.739497,20,1745.907539
20.15341,51,1748.186051
3.228235,21,1749.116935
4.835791,46,1751.107923
-2.729479,6,1751.390015
16.948822,57,1753.833946
12.077663,52,1756.081979
17.477341,44,1759.27616
7.683396,20,1760.160491
3.402186,21,1761.060302
0.18085,13,1761.6553
12.536524,47,1763.672403
6.924595,32,1765.056209
13.190987,47,1767.111367
9.730345,38,1768.750099
6.835767,18,1769.533503
29.138461,99,1773.817435
-2.750461,6,1774.105549
17.251221,48,1776.170102
15.08219,37,1777.791063
13.659988,34,1779.25493
9.821752,25,1780.329348
4.443799,12,1780.865098
-1.230786,10,1781.301722
5.383057,31,1782.644126
5.725456,29,1783.934732
10.179812,26,1785.045362
4.184212,24,1786.131788
1.984555,18,1786.94502
19.91399,53,1789.247191
16.486075,52,1791.524646
-1.006443,10,1791.959991
17.390726,53,1794.298643
13.127946,35,1795.838891
11.202301,66,1798.637372
26.2418,91,1802.500949
-2.004466,7,1802.813058
0.907255,16,1803.535074
12.280101,37,1805.111378
3.722589,23,1806.125543
9.874759,25,1807.208319
2.232704,20,1808.107621
-2.265464,7,1808.436599
14.412923,45,1810.411595
3.830038,10,1810.843477
-0.259238,13,1811.425691
0.883973,3,1811.584874
3.906159,11,1812.06791
-3.461489,4,1812.251865
2.331628,21,1813.198361
16.160534,61,1815.845242
6.414465,32,1817.26552
3.869636,25,1818.377782
17.712506,49,1820.559709
10.603894,31,1821.934172
-3.096971,5,1822.159387
1.919508,6,1822.446242
22.671736,57,1824.968986
14.747291,41,1826.794773
4.402394,27,1827.999795
17.882561,75,1831.30588
1.298821,4,1831.491149
0.555885,2,1831.592747
4.224215,12,1832.112919
18.790705,52,1834.345869
10.280868,29,1835.64539
22.393517,55,1838.070486
14.425495,41,1839.83335
48.810748,176,1847.485071
5.043479,14,1849.38483
21.58776,78,1852.767388
6.375785,32,1854.163114
3.546892,23,1855.146146
20.311328,68,1858.179174
3.593117,10,1858.630004
7.252204,17,1859.372985
6.87525,20,1860.282031
13.337405,56,1862.641636
6.798772,21,1863.56202
12.763355,33,1864.987304
-2.578857,6,1865.253859
49.019831,176,1872.895832
5.551827,29,1874.165497
0.55043,2,1874.263846
0.645446,16,1874.987627
50.513941,173,1882.43522
-1.50795,9,1882.826246
1.99816,18,1883.602652
10.674115,41,1885.321537
11.151437,35,1886.83401
2.771019,20,1887.677637
16.1557,66,1890.492946
11.520817,43,1892.324794
0.141866,13,1892.876467
23.556137,59,1895.416406
11.972736,32,1896.77969
-3.118734,5,1897.004354
7.071002,54,1899.389151
8.805646,22,1900.32615
16.516977,57,1902.758316
12.117926,32,1904.192936
4.602524,26,1905.360468
4.246784,25,1906.471212
10.931495,29,1907.782278
37.560938,176,1915.476678
3.405204,21,1916.368328
17.731692,45,1918.36904
17.258004,58,1920.89781
18.03468,54,1923.247813
3.4155,9,1923.6459
18.266104,71,1926.747282
3.623336,10,1927.201081
7.028772,20,1928.043578
4.921212,26,1929.168995
7.174728,21,1930.074616
6.36026,32,1931.534606
6.62556,17,1932.28586
39.369673,129,1937.944081
22.193629,72,1942.43361
2.893449,21,1943.347014
32.948347,113,1948.1815
19.255951,67,1951.065116
8.432293,24,1952.074703
35.35037,176,1959.541271
4.718274,29,1960.793716
21.798728,70,1963.814805
10.391352,42,1965.633121
17.630817,90,1969.521625
6.442804,28,1970.710211
13.280475,66,1973.568185
7.917842,46,1975.484178
7.26285,34,1977.025508
3.829165,24,1978.134189
1.37692,16,1978.817904
18.595869,55,1981.125886
8.012512,25,1982.230875
8.343109,21,1983.125914
5.829744,30,1984.421848
1.978646,34,1985.879797
-0.952352,10,1986.329198
-0.525157,12,1986.86401
-0.42926,12,1987.378378
20.853603,64,1990.112882
18.802544,53,1992.410689
9.876772,41,1994.211326
14.196829,36,1995.812913
-2.743921,6,1996.081665
2.259106,19,1996.929321
31.75902,110,2001.738712
19.341218,56,2004.121368
4.909109,14,2004.744537
-0.121389,13,2005.321694
2.569999,21,2006.22752
11.726304,50,2008.374535
4.394522,25,2009.45972
32.016478,87,2013.205007
-0.037235,13,2013.782303
17.345908,48,2015.84091
4.877708,13,2016.416682
-1.084701,10,2016.849778
5.659241,51,2019.060663
10.142596,28,2020.303411
12.552312,51,2022.504005
-0.160327,13,2023.064629
10.889956,32,2024.46051
24.105546,68,2027.415704
24.343986,72,2031.830619
1.638085,19,2032.681136
42.166755,176,2040.264992
8.179706,22,2041.217542
12.139935,60,2043.786846
-0.638923,12,2044.300152
23.818713,78,2047.707216
0.384516,14,2048.344134
8.961829,66,2051.18884
2.145236,21,2052.081687
10.812997,33,2053.530685
18.394898,67,2056.46158
3.88853,25,2057.572472
47.109744,157,2064.234387
6.22303,16,2064.908032
15.489495,41,2066.671335
10.764803,30,2067.945957
4.180195,26,2069.044026
29.108353,176,2076.519099
2.323361,7,2076.832163
0.479409,15,2077.498235
32.930635,176,2085.088912
-1.60931,9,2085.495158
21.31111,61,2088.117104
12.790706,84,2091.730637
14.698559,46,2093.70316
15.546439,45,2095.634149
2.956532,8,2096.00114
6.356277,31,2097.335106
3.778782,11,2097.809771
4.253611,12,2098.362266
22.749566,64,2101.128882
12.819577,39,2102.828959
9.735446,28,2104.027984
6.905648,32,2105.415524
2.307547,21,2106.350782
20.182359,63,2109.071413
5.727024,30,2110.389924
1.071517,17,2111.138581
8.704887,26,2112.272785
4.302458,26,2113.376458
5.119159,28,2114.635356
3.402104,10,2115.086306
-2.157574,8,2115.456373
16.087807,60,2119.365857
2.581534,22,2120.322367
6.521089,48,2122.328167
34.696155,176,2129.872651
26.680925,149,2136.154321
31.463312,176,2143.591428
3.956823,10,2144.026904
10.952584,33,2145.457168
13.641396,64,2148.147446
43.979176,176,2155.480811
15.190599,65,2158.190442
10.756114,30,2159.469651
-0.02778,12,2159.978105
8.652077,37,2161.547056
25.063009,114,2166.394236
-2.394135,7,2166.703599
-1.123548,10,2167.15791
4.300242,13,2167.732864
8.492881,39,2169.427346
0.103781,14,2170.029163
14.915284,87,2173.762806
4.130985,12,2174.303805
22.251996,68,2177.206599
55.271451,176,2184.700462
-2.292575,7,2185.014961
28.218336,176,2192.434603
11.810321,76,2195.755421
-0.870111,11,2196.250937
16.510632,54,2198.573143
1.760109,18,2199.362264
0.456664,13,2199.918106
2.398049,21,2200.830125
5.314869,30,2202.078964
12.527177,34,2203.519754
40.565895,176,2212.347847
39.030861,176,2219.894841
23.298777,79,2223.29774
34.100886,176,2230.701066
19.667731,110,2235.391401
5.713717,16,2236.096239
30.065711,119,2241.223833
13.567696,42,2242.985728
1.178149,16,2243.663322
25.735525,110,2248.325183
2.630728,8,2248.678918
21.616127,71,2251.732599
22.513088,68,2254.542259
13.60449,60,2257.06219
-2.144088,8,2257.410554
7.678972,35,2258.922049
26.913175,176,2266.349046
5.521995,49,2268.476163
21.33321,75,2271.687363
-0.284727,13,2272.284648
38.05434,176,2279.732895
16.992822,94,2283.69506
1.574988,5,2283.919367
-2.546057,6,2284.185953
19.678127,62,2286.870187
16.468383,74,2290.096839
14.455992,43,2291.968677
40.849237,176,2300.789349
20.20488,58,2303.248351
7.928422,39,2304.915146
7.886074,63,2307.602895
1.80008,18,2308.40884
6.802352,58,2310.874508
8.493824,72,2313.95914
19.322987,76,2317.177629
2.547752,7,2317.48994
-0.832245,11,2317.963124
16.808447,56,2320.330992
-2.075795,7,2320.654867
12.264258,66,2323.473867
7.051724,18,2324.272182
15.438964,58,2326.736192
10.508486,29,2327.960105
1.255263,18,2328.716191
33.330008,163,2335.604224
53.465082,150,2341.942237
5.309566,44,2343.820192
25.265671,78,2347.142102
14.04984,42,2348.95372
11.306584,64,2351.696168
1.373487,17,2352.417177
46.008353,176,2360.004133
9.067636,24,2361.002075
11.058324,31,2362.298928
15.326897,88,2366.038524
8.06604,21,2366.976866
12.661744,67,2369.853581
-0.576747,12,2370.370828
-2.914561,6,2370.641116
0.138472,14,2371.247471
32.35941,176,2378.669174
20.997485,60,2381.276546
3.171236,22,2382.233108
4.757921,13,2382.816333
47.727948,176,2391.717069
1.688764,19,2392.539894
5.862576,16,2393.233966
10.949976,28,2394.460649
2.265512,7,2394.788123
40.341974,176,2402.204794
6.146511,30,2403.531296
7.216226,46,2405.551587
11.903192,52,2407.766575
2.976539,24,2408.809032
-2.331879,7,2409.115284
20.36107,53,2411.428524
4.257867,28,2412.634442
1.74459,5,2412.858399
5.146028,14,2413.456943
2.447417,21,2414.378029
7.659497,47,2416.377323
11.704076,34,2417.856281
33.140296,134,2423.589016
16.934903,43,2425.45492
0.454484,15,2426.103122
28.245046,130,2431.629805
30.696465,85,2435.288332
0.790751,14,2435.908526
5.713501,15,2436.551041
15.438396,56,2438.956145
38.030487,133,2444.743801
39.074626,176,2452.27977
18.420454,90,2456.179059
4.814626,30,2457.475145
37.063951,176,2464.931653
27.218373,131,2470.652153
23.221439,76,2475.203484
5.899607,30,2476.51678
3.321011,9,2476.931279
8.497449,23,2477.936058
53.058903,176,2485.413029
37.874591,176,2492.968163
29.970395,93,2496.968495
-2.088411,8,2497.322349
5.83439,30,2498.596745
2.271324,17,2499.332562
9.868261,27,2500.557744
9.650663,24,2501.620285
2.55737,19,2502.458698
-0.459126,12,2502.988181
3.092462,23,2503.965954
3.067293,9,2504.358147
5.7199,45,2506.296693
-1.701257,9,2506.707686
52.633201,176,2514.197941
18.575486,114,2519.087906
21.729453,107,2523.656284
40.773271,176,2531.098418
18.942378,87,2534.877268
2.798561,8,2535.226715
11.031994,47,2537.259757
46.674902,176,2544.6237
20.586787,61,2547.247711
9.905653,48,2549.327244
17.129589,68,2552.268064
-2.004808,8,2552.618925
19.13926,101,2557.017927
8.949479,25,2558.10032
13.664235,54,2560.410455
8.169342,41,2563.43314
-0.96305,11,2563.945823
0.219109,13,2564.528029
13.646562,49,2566.643973
47.169996,176,2574.206999
20.835509,65,2576.974652
15.725384,43,2578.853854
20.694137,97,2582.95453
25.188397,74,2586.145493
9.628052,50,2588.286888
2.747948,20,2589.152763
7.513589,52,2591.34257
13.367924,35,2592.857582
12.440104,56,2595.259018
8.204283,23,2596.245234
8.823941,23,2597.211846
21.356025,71,2600.334892
26.425583,97,2604.465098
25.108781,66,2607.304724
2.331715,19,2608.150765
1.370219,17,2608.888781
40.830916,176,2616.42483
33.960524,118,2621.449193
15.80686,56,2623.910098
0.924492,15,2624.582286
24.623102,67,2627.462395
4.074801,12,2627.997952
12.384995,46,2630.009676
3.874859,25,2631.083745
12.64599,34,2632.528249
4.867162,14,2633.125581
10.05659,26,2634.210658
8.742107,40,2635.873833
14.050247,37,2637.452254
20.439225,83,2641.083052
0.231849,14,2641.722983
4.753707,42,2643.544596
5.281813,14,2644.1828
2.167198,19,2645.006011
6.020459,29,2646.308418
0.917615,3,2646.449356
2.487123,20,2647.322141
7.660217,38,2649.006943
26.009595,71,2653.428299
4.510744,44,2655.288963
9.71478,28,2656.500948
7.777026,47,2658.558125
23.101231,92,2662.471138
13.466672,37,2664.127375
23.879366,83,2667.704461
34.526731,151,2674.143984
9.356903,24,2675.174859
3.741215,11,2675.656847
10.23804,62,2678.315261
6.321129,33,2679.768529
2.34232,7,2680.077209
17.8343,49,2682.174797
-1.56313,9,2682.585964
12.927838,63,2685.299889
23.281696,132,2690.903695
5.055506,14,2691.514731
6.428267,29,2692.747856
9.99094,44,2694.625147
1.11443,17,2695.350157
5.289308,15,2696.028372
18.00588,46,2698.0415
11.074678,44,2700.003501
0.748498,16,2700.67843
-2.00898,8,2701.045315
25.792648,79,2704.480233
9.209527,25,2705.576354
0.560241,2,2705.675615
3.672525,24,2706.719272
-1.207276,11,2707.21437
25.667648,124,2712.514581
45.262076,150,2718.831954
-0.150609,13,2719.39731
46.95977,176,2726.75298
3.033957,20,2727.637167
-2.016168,7,2727.947665
7.72332,21,2728.877423
38.335794,176,2736.317028
9.062007,23,2737.309749
15.742061,61,2739.958831
12.597827,46,2743.24667
12.174997,67,2746.073014
19.676931,56,2748.430242
0.312383,14,2749.028191
39.046295,176,2756.547014
54.424932,173,2763.89362
17.684118,48,2765.934338
13.123309,48,2767.99948
14.330765,44,2769.886663
49.096446,176,2777.199343
16.725856,45,2779.147887
42.025532,176,2786.679319
17.107021,48,2788.7793
-1.835594,9,2789.19031
-2.085625,8,2789.555503
13.522532,53,2791.766989
8.036035,39,2793.472116
10.714211,67,2796.368913
13.722567,68,2799.253711
7.030513,20,2800.117961
5.389227,43,2801.976486
16.638237,45,2803.90169
18.903285,44,2805.791391
2.563139,21,2806.736139
6.76583,18,2807.544149
34.340776,170,2814.633762
34.538427,106,2819.237263
1.511825,17,2819.988034
58.270645,176,2827.524933
13.355894,35,2829.05794
27.511744,96,2834.388702
20.279556,86,2838.037407
10.084353,54,2840.358586
18.019853,72,2843.463797
17.632073,73,2846.606733
5.43164,15,2847.28165
12.383492,56,2849.700511
9.143241,67,2852.569
4.171839,27,2853.720294
19.590447,67,2856.582835
-1.874445,9,2856.990329
18.867429,48,2859.033487
7.765792,34,2860.49768
1.192463,16,2861.209893
-2.230223,7,2861.522607
-0.806803,11,2862.001834
46.602879,176,2869.475006
17.156936,68,2872.404203
21.119347,49,2874.50411
42.419674,176,2882.039823
12.552519,46,2884.020226
12.581382,47,2886.016848
22.096472,77,2889.337021
3.939435,47,2891.353512
8.177299,39,2893.069752
16.936881,50,2895.193877
-2.391609,7,2895.50446
22.641426,94,2899.492919
51.394593,176,2907.059283
5.126832,14,2907.677986
14.274472,71,2910.779353
7.654886,23,2911.755805
6.64312,38,2913.388252
14.598481,81,2916.830282
-2.109038,8,2917.179982
55.737554,176,2925.982747
-0.703258,11,2926.457024
3.84421,25,2927.517996
23.218534,176,2935.120439
7.843466,33,2936.542413
3.05414,9,2936.952036
28.339938,84,2940.528029
17.432111,84,2944.127145
22.782694,61,2946.738594
14.415994,46,2948.669145
38.398936,176,2956.118077
3.168134,22,2957.048008
4.565303,28,2958.2452
19.007036,68,2961.113008
15.392839,40,2962.854759
2.078961,18,2963.621655
5.055225,30,2964.959244
20.527573,70,2967.917159
5.560408,15,2968.556919
19.49839,52,2970.833857
13.129348,62,2973.506424
5.973728,17,2974.258577
-0.173216,13,2974.83558
19.4231,111,2979.476668
24.610557,111,2984.160092
16.09673,77,2987.434502
14.019327,48,2989.556772
4.099299,27,2990.747187
28.885123,83,2994.255312
36.693913,120,2999.39025
-0.47388,12,2999.924347
11.458505,50,3002.058306
51.825776,176,3010.824943
-0.919293,11,3011.30356
1.420011,17,3012.022382
-1.92407,8,3012.371899
12.845702,36,3013.933157
7.150846,32,3015.311972
8.421316,22,3016.272979
22.574563,72,3019.373523
24.668176,79,3022.742913
9.374244,39,3024.446426
1.307931,17,3025.211304
7.155364,18,3026.003553
20.651764,137,3031.892492
15.302403,66,3034.756498
8.682585,39,3036.460856
8.798057,34,3037.936613
6.178716,31,3039.250264
6.901129,33,3040.675952
10.888807,61,3043.304821
8.063483,36,3044.869695
10.509096,50,3047.033057
21.343783,71,3050.089446
7.611321,33,3051.549394
4.236159,28,3052.761224
0.540777,2,3052.862289
13.126544,66,3055.769219
30.638113,88,3059.526864
3.908836,10,3059.961981
24.41895,72,3063.099463
51.911917,176,3070.639163
5.433647,29,3071.910767
1.799544,17,3072.648607
6.854469,32,3074.040489
3.385892,22,3075.004776
1.224217,17,3075.733899
9.48026,24,3076.793792
1.948888,6,3077.060498
3.565431,24,3078.104094
8.048784,57,3080.560464
44.932503,176,3088.135342
48.160874,148,3094.345008
10.800269,40,3096.087981
5.164776,46,3099.407866
14.513659,45,3101.329841
5.200441,42,3103.110727
9.795483,37,3104.693474
10.568361,41,3106.450423
16.24056,91,3110.365216
6.845228,19,3111.168749
26.585913,91,3115.131451
13.511881,72,3118.23713
7.977426,22,3119.219049
5.064423,28,3120.470768
30.931452,106,3125.057306
1.252181,18,3125.826435
50.115261,171,3133.087858
-0.200458,12,3133.615289
29.247526,94,3137.646028
20.943462,77,3140.911513
15.171271,53,3143.17063
30.332745,106,3147.619881
29.17092,89,3151.416505
1.393456,18,3152.214313
6.67914,17,3152.937932
22.886568,65,3155.641901
9.389501,27,3156.793547
1.307443,16,3157.476327
0.381258,14,3158.10766
7.944656,36,3159.663541
6.303259,18,3160.473854
5.141384,28,3161.715821
36.996606,176,3169.241738
7.825967,36,3170.809461
1.730988,18,3171.601425
6.529567,56,3174.021325
13.722156,56,3176.45999
44.797337,146,3182.75847
13.77858,51,3184.933436
0.642124,15,3185.579119
24.422851,119,3191.921479
1.293966,17,3192.68866
45.540161,176,3200.13713
13.574962,66,3202.966645
41.9749,176,3210.496287
0.694101,16,3211.2262
2.074991,6,3211.492778
-2.691238,6,3211.779789
44.472889,164,3218.792775
17.387453,49,3220.918769
-1.183371,10,3221.35459
17.412458,46,3223.316024
58.872086,170,3230.640914
40.744706,176,3238.212887
5.307119,29,3239.474264
-1.535154,9,3239.89711
10.638962,31,3241.299188
47.267771,144,3247.697923
5.068322,14,3248.349777
37.445181,176,3256.050096
12.803905,74,3259.302135
12.60646,48,3261.47628
18.302317,53,3263.819229
-2.58687,6,3264.097334
-1.226381,10,3264.549343
4.655402,24,3265.632926
10.630252,29,3266.902433
11.063486,83,3270.534912
24.817445,95,3274.684282
9.898203,25,3275.825761
11.325369,31,3278.589815
11.128041,31,3279.993979
6.732403,32,3281.429896
39.893979,176,3289.178041
9.708168,28,3290.437369
5.60551,45,3292.450517
10.752476,46,3294.491014
19.066849,52,3296.834593
26.534844,157,3303.810054
15.36774,109,3308.686951
33.60455,176,3316.323362
4.145985,28,3317.552282
7.179728,34,3319.111312
16.566781,50,3321.332029
32.281019,121,3326.722753
26.524306,75,3330.067854
42.955868,176,3337.88734
2.983092,8,3338.24949
15.283584,47,3340.394526
-1.507138,9,3340.793652
0.557179,2,3340.89523
0.95706,18,3341.704678
5.931362,33,3343.187144
1.834953,18,3344.016963
0.577544,14,3344.661996
3.519217,27,3345.874548
18.332208,55,3348.319869
10.721465,30,3349.62498
1.419825,18,3350.416702
-0.628511,12,3350.948092
25.180081,96,3355.153314
2.415062,20,3356.043313
29.270034,161,3363.243169
2.898158,23,3364.24763
4.726506,13,3364.839558
7.646803,21,3365.762937
13.59834,52,3368.075279
51.628145,176,3377.426593
29.308756,90,3381.443745
18.202515,53,3383.757306
-0.544167,12,3384.291414
10.988364,33,3385.810295
12.829068,59,3388.547213
19.070884,91,3392.673571
-0.858665,11,3393.207766
17.287311,55,3395.63235
5.422833,15,3396.310745
37.086376,176,3403.993948
15.365467,85,3407.736919
15.779452,40,3409.51139
-2.375825,8,3409.877627
19.309134,58,3412.422196
11.997595,33,3413.883536
10.776969,64,3416.663448
23.738785,98,3420.948104
9.385276,60,3423.600196
34.783512,176,3431.243723
19.843217,88,3435.121997
20.171742,88,3439.025805
11.265071,69,3442.048594
8.564953,36,3443.682942
5.378691,63,3446.525053
48.084287,176,3454.330716
8.976039,40,3456.143828
-1.399316,10,3456.612676
1.304005,4,3456.801206
47.560202,147,3464.654012
5.940718,52,3466.987152
9.872568,64,3469.881499
6.112278,17,3470.65428
9.97423,27,3471.840749
21.911187,60,3474.463235
28.860347,83,3478.142085
5.138301,28,3479.372887
18.563786,51,3481.646406
41.151133,147,3488.279827
10.557972,61,3491.056325
0.532858,15,3491.738318
3.432252,23,3492.772481
1.753136,19,3493.61747
16.029187,65,3496.511133
56.702785,174,3504.379186
26.875838,119,3509.727007
1.500375,18,3510.529131
1.406798,18,3511.340617
30.483939,97,3515.652619
25.203821,71,3518.891817
17.671428,119,3524.140458
3.095767,22,3525.118432
9.797335,24,3526.194313
25.153542,82,3529.901404
37.634655,176,3537.712304
18.423515,61,3540.437829
5.569634,26,3541.625048
21.024575,97,3545.912297
6.133783,48,3548.055413
6.047654,17,3548.824106
40.48387,176,3558.167049
0.524088,2,3558.291282
-0.71939,12,3558.859929
9.214815,38,3560.592623
1.408768,17,3561.354334
13.13272,67,3564.347814
20.845357,54,3566.748118
5.063824,27,3567.967073
12.95067,52,3570.340326
54.033271,160,3577.484063
31.210226,82,3581.145255
2.101179,18,3581.941034
14.094656,41,3583.817016
3.418822,22,3584.796911
3.643879,10,3585.259786
15.991788,70,3588.445359
9.587899,27,3589.668698
8.527348,24,3590.778886
13.866656,38,3592.416677
12.306764,34,3593.957602
3.127271,21,3594.888075
-2.857152,5,3595.125085
19.868465,50,3597.337197
0.213544,14,3598.035021
48.192832,176,3605.951125
22.140673,62,3608.734063
3.898727,26,3609.903608
11.266215,31,3611.292604
6.375444,18,3612.104054
41.312223,173,3619.780509
48.747276,134,3625.927303
3.487329,9,3626.370135
47.037085,176,3634.115604
19.154639,75,3637.447648
30.06546,85,3641.256222
1.90829,19,3642.116295
40.788507,118,3647.334353
20.781282,70,3651.911044
25.332077,83,3655.635283
3.886781,11,3656.134306
41.405872,176,3663.984538
14.014546,36,3665.613732
6.341182,17,3666.39375
0.369812,15,3667.058797
0.806299,16,3667.792279
35.523087,112,3672.79224
42.494197,165,3680.134872
3.206617,23,3681.219204
13.656665,41,3683.077231
24.093128,89,3686.985927
3.798053,11,3687.481773
15.196045,41,3689.324139
9.855833,24,3690.423467
20.743125,70,3693.636713
54.108279,167,3700.990845
11.683671,33,3702.4763
9.321029,28,3703.786238
19.009648,59,3706.455436
3.331213,22,3707.459715
5.362043,16,3708.209124
9.850747,24,3709.305059
24.535199,72,3712.512462
1.397233,18,3713.32067
6.453685,30,3714.643992
36.961726,107,3719.456943
1.782152,19,3720.324766
1.120736,17,3721.117861
18.410138,50,3723.416146
21.597747,65,3726.342143
2.726268,8,3726.706114
11.449339,59,3729.308578
3.312912,22,3730.336443
21.201722,53,3732.692027
-0.528157,12,3733.246979
-2.039579,8,3733.624305
6.399829,33,3735.078216
9.617033,58,3737.754869
17.181327,59,3740.363045
29.60905,111,3746.574729
8.715554,23,3747.593855
5.188847,15,3748.293656
-1.82382,9,3748.697516
16.213482,45,3750.766376
0.640238,15,3751.43685
24.869153,80,3755.045617
18.164213,72,3758.315079
3.339375,9,3758.74532
11.767074,32,3760.262624
14.94361,42,3762.20109
-0.430108,13,3762.789932
42.045726,162,3770.046736
3.191373,22,3771.009522
24.220879,99,3775.421432
-0.580135,12,3775.984787
42.774439,126,3781.622984
-0.545283,13,3782.240544
2.575,21,3783.175941
26.990043,116,3788.422455
55.166258,154,3795.366211
20.132319,57,3798.018458
25.679673,77,3801.372193
2.509132,20,3802.25216
6.629486,17,3803.011513
12.154543,31,3804.36497
10.947605,58,3806.956132
9.591714,43,3808.876392
-2.06268,8,3809.245007
17.808932,89,3813.063596
20.187236,57,3815.619539
3.012097,22,3816.618824
35.104682,122,3822.03922
17.326682,45,3824.097728
35.708818,102,3828.644096
11.547273,43,3830.589403
17.429712,48,3832.739741
5.232528,27,3833.935649
15.415491,38,3836.995205
2.4812,7,3837.308021
14.04526,35,3838.806774
15.349621,39,3840.52688
-2.480355,6,3840.80225
29.292063,88,3844.792448
28.040758,75,3848.183082
18.357177,45,3850.181117
10.4931,28,3851.529528
19.356027,51,3853.81656
21.163223,59,3856.429237
15.71943,51,3858.728431
-1.090631,10,3859.193989
18.098378,83,3862.95486
26.401764,67,3865.996181
8.079796,57,3868.520987
11.488058,30,3869.89028
38.146762,142,3876.260298
8.912161,24,3877.335206
15.185468,51,3879.654372
19.98745,57,3882.249062
0.243011,13,3882.852198
4.029639,11,3883.341502
6.903965,33,3884.809821
-0.026934,13,3885.405617
15.206957,38,3887.10004
2.480201,20,3887.976399
17.890703,57,3890.542095
4.633892,26,3891.702269
16.138692,42,3893.540625
-0.383842,12,3894.102778
18.44757,49,3896.318084
9.275979,51,3898.599363
21.501911,73,3901.886789
-2.658713,6,3902.184431
13.898438,47,3904.28501
46.261005,164,3911.531612
5.037788,25,3912.653786
-1.547158,9,3913.068129
3.432157,9,3913.493553
13.906037,38,3915.205468
1.055583,17,3916.007742
23.544579,79,3919.467467
15.873994,51,3921.724085
0.224244,14,3922.375212
20.084083,59,3924.940717
11.711118,53,3927.280236
11.351369,43,3930.544973
16.736413,44,3932.493604
3.135148,20,3933.428336
33.810453,112,3938.414581
-1.005581,11,3938.923171
14.705004,38,3940.578155
14.112289,38,3942.317608
2.437281,19,3943.155868
15.361979,54,3945.54705
32.281787,85,3949.285659
8.14216,39,3950.967839
34.45495,82,3954.639516
7.955236,37,3956.299109
12.778063,46,3958.298947
31.598263,88,3962.148689
-0.222828,12,3962.710614
13.256448,49,3964.85222
12.179928,48,3966.966117
13.529129,62,3969.65229
3.5851,10,3970.115463
11.62709,38,3971.790398
0.68597,15,3972.457743
28.702915,88,3976.225376
17.909946,48,3978.352556
18.846047,62,3981.119553
12.864659,66,3984.063831
28.754691,92,3988.104737
15.020894,39,3989.812443
32.436096,100,3994.192588
27.114783,85,3997.975984
12.473613,32,3999.405598
14.455557,36,4001.002477
50.105604,129,4006.658747
9.843625,62,4009.316439
16.565916,58,4011.809965
32.211778,91,4015.774088
12.701218,60,4018.327181
1.876504,18,4020.499179
31.191765,88,4024.305865
-0.224481,13,4024.86852
-1.194878,10,4025.333218
25.546604,75,4028.522163
8.346514,22,4029.519322
21.266824,53,4031.842081
4.215795,11,4032.344766
30.062003,73,4035.556555
20.898321,53,4037.856064
13.334563,34,4039.315309
2.357769,19,4040.153166
5.942808,43,4042.040741
4.419162,25,4043.127847
-1.03156,10,4043.584528
4.324251,27,4044.792732
2.23761,19,4045.679522
-0.447265,13,4046.276787
22.865797,61,4048.958951
2.71712,20,4049.871993
4.678961,25,4050.96699
35.49977,115,4056.028387
8.586206,23,4057.030475
2.05932,6,4057.322855
12.365987,33,4058.815075
22.953162,62,4061.573425
3.608503,22,4062.605664
22.67889,55,4065.045373
30.307102,93,4069.171116
2.761092,21,4070.096442
0.689843,14,4070.7451
18.240387,66,4073.659637
36.350386,108,4078.355211
0.78352,17,4079.147418
16.425961,54,4081.573297
3.380604,10,4082.040145
36.635857,102,4086.626067
4.6672,25,4087.786223
19.449821,47,4089.884406
10.507862,28,4091.115546
6.94142,18,4091.935977
17.092666,44,4093.874721
5.663518,15,4094.53959
25.851206,112,4099.372488
3.861284,10,4099.806654
2.027523,19,4100.638085
10.69774,30,4101.950366
8.930809,23,4102.95924
4.804369,27,4104.17875
12.727311,34,4105.63176
18.84408,57,4108.089327
32.463257,113,4114.182859
17.231496,41,4116.007241
-1.609813,9,4116.443433
9.483937,26,4117.633379
8.597851,51,4119.970436
20.100899,53,4122.334268
18.216373,46,4124.374904
1.441018,17,4125.167483
8.336672,46,4127.239295
24.973755,70,4130.412719
32.209665,84,4134.059932
25.273467,65,4136.896093
33.751615,108,4141.526725
16.552344,40,4143.243838
6.959431,18,4144.032139
14.341154,36,4145.576484
20.319172,53,4147.85509
1.303058,30,4149.205989
16.921691,43,4151.073172
0.489771,14,4151.671678
-0.527659,11,4152.199985
7.16139,30,4153.529322
2.132147,19,4154.343899
1.628788,18,4155.129497
7.695158,19,4155.965944
0.291429,14,4156.589391
16.817177,43,4158.490241
2.841745,20,4159.353773
6.190411,16,4160.034474
22.035777,53,4162.356923
12.808241,44,4164.259184
27.129816,87,4168.028742
4.883928,12,4168.568955
11.185732,30,4169.857988
7.856397,21,4170.760147
9.794344,27,4171.969582
12.138893,40,4173.690197
19.895597,52,4175.915705
19.669037,68,4178.874123
19.804977,50,4181.046663
7.393204,33,4182.501983
5.65067,27,4183.664153
8.271479,22,4184.602465
32.670829,90,4188.466738
6.171405,29,4189.741766
-0.239933,12,4190.27651
16.672269,54,4192.585734
46.051118,117,4197.584229
2.719721,20,4198.484909
0.699654,15,4199.149689
4.223973,25,4200.224902
8.899073,33,4202.942252
31.495421,83,4206.525833
2.434345,21,4207.481115
5.57104,27,4208.673709
6.849872,33,4210.183031
15.253159,51,4212.44385
13.204359,34,4213.922391
3.393847,25,4214.995697
-1.322435,9,4215.385517
23.668887,63,4218.116652
-2.677655,6,4218.379817
12.747269,44,4220.273139
9.044426,22,4221.226968
-2.525117,7,4221.53127
6.884616,30,4222.825438
18.392488,53,4225.116102
2.35308,7,4225.42698
28.24329,97,4229.569803
26.096324,65,4232.354568
29.320909,86,4235.992067
29.897306,76,4239.286149
41.636142,101,4243.687994
10.885279,56,4246.116152
0.643962,15,4246.775702
4.328781,25,4247.85458
6.524204,30,4249.180366
24.85806,60,4251.771752
10.117511,38,4253.377485
21.351013,53,4255.630336
8.647776,25,4256.709133
-0.619835,11,4257.208888
-0.743435,11,4257.686956
58.305622,166,4264.885301
11.437783,46,4266.892829
13.15149,32,4268.269081
15.391048,37,4269.902987
46.341958,111,4274.662047
9.067719,37,4276.280318
26.843338,61,4278.940188
19.840567,57,4281.424197
15.464961,41,4283.165625
-2.60819,6,4283.434391
27.660317,83,4286.998019
4.972626,42,4288.762932
20.064749,72,4293.119545
29.177197,82,4296.631778
22.078828,75,4299.866686
5.76425,15,4300.511974
-2.624931,6,4300.78417
22.760692,64,4303.656222
4.220098,25,4304.735907
6.413274,16,4305.425431
5.746932,27,4306.604398
23.686811,54,4308.939368
-0.896336,11,4309.411572
1.327802,17,4310.164097
2.263768,19,4310.994311
40.567489,89,4314.763387
-1.689979,9,4315.149021
2.995133,19,4315.964967
7.658726,19,4316.808881
1.786043,17,4317.528715
2.252091,19,4318.354133
32.47638,83,4321.968062
9.099594,27,4323.140124
26.590042,67,4325.987934
-1.473678,9,4326.378783
20.294737,65,4329.19284
1.233521,16,4329.887576
43.221185,106,4334.419886
25.207053,61,4337.063556
10.842833,40,4338.772628
26.532787,98,4342.978445
-0.233392,12,4343.513217
4.709387,26,4344.639979
54.243999,166,4351.753726
-2.372675,7,4352.064138
15.045711,45,4353.997976
15.934976,45,4355.949599
-0.731055,11,4356.426353
15.276672,45,4358.364267
18.227862,63,4361.051389
6.569293,27,4362.204048
15.679817,40,4363.922389
1.782075,18,4364.720477
29.373403,71,4367.727162
13.933024,68,4370.662087
33.383228,90,4374.498038
18.111862,45,4376.412473
14.890699,49,4378.537489
8.089786,21,4379.465143
-2.168922,7,4379.773023
25.306511,67,4383.916418
13.075556,46,4385.892458
38.07212,93,4389.902716
17.441387,58,4392.471473
22.789417,60,4395.164594
16.661539,62,4397.817908
19.40778,48,4399.875059
7.171945,31,4401.229956
11.580327,31,4402.538164
12.734431,67,4405.414542
31.942334,85,4409.044896
17.114942,67,4411.948065
38.284084,109,4416.591579
-1.417438,9,4417.002867
21.393356,63,4419.8104
21.481311,55,4422.149435
11.667822,28,4423.347359
15.174774,52,4425.60338
1.094595,16,4426.306681
5.428873,29,4427.58998
2.398276,18,4428.422571
22.916617,61,4431.055085
26.058837,64,4433.805357
41.402285,118,4438.929352
15.090005,44,4440.835313
41.714192,128,4446.322777
2.945058,21,4447.245712
10.53665,39,4448.997965
23.140408,69,4451.954939
7.094077,18,4452.767581
-2.546202,7,4453.074723
18.659524,45,4454.991841
17.7388,55,4457.369111
29.934474,69,4460.310494
27.085657,62,4462.965251
20.896839,53,4465.248574
20.855546,79,4468.663135
8.387402,36,4470.206727
0.145229,13,4470.783339
42.399463,158,4478.905516
15.422892,53,4481.206889
13.342544,46,4483.226855
15.300825,41,4485.033694
21.503568,58,4487.591892
37.192158,97,4491.754401
15.558948,48,4493.84594
15.426833,43,4495.695364
15.593495,64,4498.472646
-1.881258,8,4498.824201
0.117198,13,4499.391539
12.168538,44,4501.317947
1.910152,16,4502.027006
9.598566,40,4503.760419
-2.686643,6,4504.046075
10.037589,40,4505.745134
2.25045,19,4506.556806
13.405945,62,4509.292567
2.690754,21,4510.200088
-0.513476,12,4510.721641
11.201267,54,4513.015216
47.648185,111,4517.784941
36.490789,113,4522.55137
-0.828508,11,4523.039755
14.377847,33,4524.453689
33.744569,104,4528.980424
0.071262,13,4529.550774
-0.065396,13,4530.110603
10.09947,26,4531.232563
10.009435,48,4533.343626
18.482633,72,4536.45726
17.864169,59,4539.033113
-0.255701,12,4539.570052
48.043644,143,4545.628029
-2.656118,6,4545.896547
24.18054,61,4548.481499
9.088705,36,4550.037504
47.820218,112,4554.867539
34.761642,113,4559.640306
6.91895,30,4562.238309
22.111771,64,4565.006817
21.612923,54,4567.362398
11.940038,46,4569.340191
59.568487,153,4575.876175
16.448145,41,4577.664409
0.48029,14,4578.266456
8.800367,24,4579.34572
4.637141,13,4579.896746
7.638735,33,4581.291788
26.298389,65,4584.123834
0.991155,14,4584.727005
3.899301,25,4585.84523
-1.42784,10,4586.303074
1.049029,15,4586.946348
22.72866,67,4589.877911
-3.017686,5,4590.122487
24.514381,71,4593.178993
25.085589,67,4596.040459
35.580485,112,4600.883655
27.436276,84,4604.497791
14.181075,36,4606.040822
-0.430061,12,4606.559634
19.738965,68,4609.492057
16.193257,54,4611.799155
3.990713,24,4612.875615
-1.568387,8,4613.229509
-1.948844,8,4613.581616
4.166899,22,4614.538742
14.527787,52,4616.814759
17.081302,44,4618.715748
22.606348,57,4621.161848
12.370586,51,4623.391379
16.235143,41,4625.164747
43.696908,101,4629.525089
13.452354,37,4631.148463
40.40305,120,4636.220913
4.545541,12,4636.746142
59.935861,156,4643.454848
13.087955,62,4646.09253
6.770783,33,4647.534879
22.908739,57,4649.96845
2.140149,18,4652.10716
1.001899,17,4652.833492
-2.760427,6,4653.115233
20.830106,63,4655.862033
4.69876,27,4657.05753
16.210367,53,4659.353409
1.922752,18,4660.11843
13.87961,54,4662.476486
5.072036,29,4663.740761
14.602665,55,4666.151572
-0.495462,13,4666.713612
42.08862,117,4671.773937
8.604007,35,4673.297506
32.980327,96,4677.419836
6.805125,19,4678.263295
1.957492,18,4679.027956
9.287238,50,4681.191394
36.440602,88,4685.056435
10.69403,44,4686.948744
46.622312,120,4692.098361
46.189988,176,4699.534512
0.45448,14,4700.134715
27.321635,96,4704.267668
8.204555,32,4705.676339
22.793513,71,4708.750778
10.969199,43,4710.619981
11.224946,49,4712.75036
14.791016,49,4714.880238
-2.148685,8,4715.248394
17.791974,45,4717.194366
19.416312,77,4720.509833
4.305918,23,4721.548585
24.595223,107,4726.096684
9.049948,36,4727.644917
5.668842,28,4728.866302
1.604379,17,4729.609548
24.24243,128,4735.113574
-0.277258,12,4735.652305
12.595318,47,4737.689673
51.0413,162,4745.90497
17.531761,73,4749.030401
0.030566,13,4749.620183
2.658226,21,4750.518941
20.766054,70,4753.515813
17.005088,43,4755.416063
3.0266,21,4756.320829
3.629754,10,4756.771108
7.530904,46,4758.740174
20.853692,48,4760.843079
31.57101,95,4764.957749
23.550857,104,4769.475346
28.619351,93,4773.43037
11.002735,42,4775.24985
12.893095,52,4777.470005
13.825612,36,4779.040159
19.707146,62,4781.649358
15.715014,42,4783.437744
1.21576,18,4784.205287
20.30775,50,4786.336566
5.365564,43,4788.191343
22.066585,52,4790.437087
4.234209,38,4792.05508
-0.177309,11,4792.533959
2.95661,21,4793.450616
21.003231,78,4796.838566
0.882913,15,4797.518729
7.469821,50,4799.697984
11.16955,61,4802.290624
1.482467,18,4803.076905
4.178758,24,4804.085698
13.258223,71,4807.083898
1.314573,16,4807.76758
20.643019,73,4810.904071
6.555318,46,4812.891927
3.860669,25,4814.013144
55.603828,162,4820.951107
13.998809,39,4822.631389
17.682091,48,4824.699499
4.11576,23,4825.705623
22.16866,59,4828.217713
12.99447,34,4830.915045
33.8662,106,4835.459505
26.390321,101,4839.785943
13.255732,53,4842.091422
16.456172,85,4845.716295
28.514688,92,4849.70042
-0.906002,10,4850.138462
35.40188,138,4856.009752
9.481821,36,4857.582683
9.013096,41,4859.374183
4.701541,23,4860.40492
2.95991,21,4861.329027
10.864571,27,4862.488236
60.476732,153,4869.048911
19.669703,72,4872.117798
35.429577,123,4877.308946
-0.342436,12,4877.823405
-0.924464,10,4878.250759
16.16151,64,4880.957655
3.911524,24,4881.980788
-2.254211,7,4882.302213
14.06774,35,4883.791524
55.030036,167,4890.853266
17.489392,73,4893.969831
16.489588,53,4896.222793
12.173091,33,4897.634803
2.294595,18,4898.398803
14.051261,51,4900.570064
9.032132,42,4902.360642
11.319149,45,4904.3359
0.99717,15,4904.981084
16.143962,44,4906.871243
28.331265,80,4910.253144
-1.545547,9,4910.640061
50.175186,176,4918.187951
0.594222,14,4920.087731
26.679479,94,4924.1296
5.43467,29,4925.387495
7.805334,37,4926.953252
3.964614,24,4927.957564
12.513673,48,4929.959358
15.35572,78,4933.27769
2.61841,20,4934.177612
-2.203815,7,4934.489862
0.268172,14,4935.088148
13.501874,58,4937.55537
-0.860795,10,4938.004042
4.721849,25,4939.11526
8.384653,38,4940.724598
0.396395,15,4941.426078
-0.705268,12,4941.942324
40.95737,176,4949.438287
4.84665,25,4950.512032
8.218721,49,4952.572894
1.981588,19,4953.393167
1.344368,16,4954.084442
-2.006432,8,4954.448947
12.770322,50,4956.604224
11.380655,27,4957.765264
10.1561,40,4959.460882
23.152471,59,4961.977606
8.878543,39,4963.683563
5.22603,25,4964.774867
17.659264,69,4967.713365
46.241142,171,4975.009917
3.750241,41,4976.825868
-1.212024,10,4977.281049
45.9419,176,4984.827147
0.710285,14,4985.448302
20.674673,52,4987.718014
43.371483,176,4995.276865
9.461309,25,4996.345061
33.28235,92,5000.355505
3.233416,24,5001.40213
11.702001,42,5003.185596
-0.421022,13,5003.768661
3.203729,24,5004.835297
39.390725,129,5011.695927
5.540423,29,5012.906648
-2.280323,7,5013.21262
-1.858916,8,5013.595506
-1.879039,8,5013.944342
14.025525,34,5015.405918
38.454602,176,5022.924905
14.837408,38,5024.559859
17.574576,80,5028.076628
24.776306,62,5030.687363
18.646985,98,5034.951186
3.072276,22,5035.885798
35.574528,116,5040.78872
-0.17737,13,5041.367638
52.041114,167,5048.42182
9.794081,26,5049.53665
27.196301,125,5054.845153
12.706721,45,5056.739097
5.476675,29,5057.970348
28.600135,86,5061.658094
33.005387,104,5066.084857
3.021816,21,5066.981615
-2.30673,7,5067.292987
22.452549,86,5070.920848
27.594668,65,5073.726506
4.202872,23,5074.757546
27.157083,74,5077.929436
9.702176,55,5080.254893
13.351159,45,5082.193993
9.481058,46,5084.164215
21.145382,78,5087.523352
55.264609,167,5094.623445
1.226789,17,5095.344747
0.618203,15,5095.976989
21.514354,95,5101.300714
1.567474,18,5102.086827
14.534468,54,5104.348271
6.445334,31,5105.658149
22.291372,119,5110.777472
9.797337,80,5114.188436
38.592364,176,5121.64428
22.951474,89,5125.377956
1.634505,17,5126.104339
5.093036,14,5126.696513
10.079763,28,5127.908577
18.540073,63,5130.589898
9.180906,28,5131.837302
1.886845,19,5132.690984
8.417116,39,5134.354021
2.144205,19,5135.198353
10.870695,64,5137.94202
6.77299,32,5139.358084
49.855706,176,5146.742239
31.832002,88,5150.528958
4.144641,25,5151.585622
17.772738,46,5153.545861
4.139665,25,5154.609617
7.365295,19,5155.423818
42.700049,114,5160.320979
1.922363,18,5161.091111
5.174012,26,5162.209714
38.649343,176,5169.791497
57.272449,170,5177.020554
8.648235,38,5178.674529
6.704027,33,5180.063938
22.655596,127,5186.831445
20.416811,59,5189.332046
14.577725,43,5191.193709
13.296763,34,5192.649998
41.212995,113,5197.510131
0.734347,15,5198.170941
-0.26668,12,5198.686693
3.885688,23,5199.680928
50.965567,164,5206.670832
10.015726,25,5207.725596
-0.730666,11,5208.192493
55.112366,176,5215.707982
25.217465,93,5219.714072
15.194997,48,5221.791408
10.395476,58,5224.258697
15.223532,56,5226.675278
18.151861,81,5230.160813
1.516025,17,5230.881499
1.040151,16,5231.563706
13.250816,35,5233.05699
8.86061,24,5234.086399
0.217998,13,5234.660865
25.370143,86,5238.44578
41.431987,126,5243.813751
7.551846,33,5245.233847
2.200149,21,5246.180623
12.168558,30,5247.4789
7.582284,54,5249.777181
13.21431,46,5251.754106
49.146944,168,5258.939943
57.6602,162,5265.861313
31.924955,139,5271.766016
-0.702032,11,5272.255801
37.137826,100,5277.791404
44.88733,154,5284.292008
6.293196,31,5285.615371
4.146188,22,5286.559139
56.45689,165,5293.628167
1.906096,18,5294.413419
59.851325,148,5300.754197
-2.412076,7,5301.065773
7.561411,32,5302.423407
22.044114,89,5306.321539
21.579096,61,5308.909255
9.396909,26,5310.020986
-0.500454,11,5310.492938
47.929903,141,5316.557558
7.14414,32,5317.936654
11.539884,43,5319.737185
20.10568,58,5322.245876
12.688608,51,5324.4962
8.247307,36,5326.038451
0.068069,13,5326.607282
8.309263,52,5328.856352
-1.303743,9,5329.268363
3.197495,23,5330.268177
8.183357,23,5331.272248
2.973475,22,5332.256238
11.850745,55,5334.598865
31.052428,81,5338.043689
11.591096,43,5339.939778
19.880613,79,5343.381291
12.947859,32,5344.747896
5.032175,25,5345.87232
17.087553,44,5347.790541
-1.888563,8,5348.136703
26.861667,65,5350.949377
2.822714,22,5351.910346
12.033874,29,5353.168677
4.303689,26,5354.289467
16.768118,47,5356.333477
42.934943,119,5361.370806
-1.939671,8,5361.72098
23.204768,71,5365.99045
12.446953,54,5368.319426
8.088652,23,5369.310738
20.61589,64,5372.048877
9.559424,27,5373.24253
-2.125706,8,5373.58984
4.824672,26,5374.715321
10.912996,29,5375.980417
12.826038,35,5377.491825
27.981547,71,5380.539665
8.256925,51,5382.816828
5.844426,16,5383.507723
8.84346,23,5384.515261
31.770039,94,5388.472111
-0.267002,13,5389.044449
1.441111,17,5389.770099
15.955806,40,5391.558084
12.615414,46,5393.55591
11.782826,39,5395.249526
2.023703,17,5395.997256
15.693317,44,5397.921289
17.703475,47,5399.943643
2.460167,19,5400.760224
0.678478,15,5401.406504
0.955364,16,5402.08861
13.911437,36,5403.639289
28.885858,68,5406.551295
16.763875,43,5408.430751
7.505603,20,5409.276737
6.074326,32,5410.72417
12.686447,34,5412.203088
2.798282,24,5413.272496
36.253602,107,5417.966914
19.711992,68,5420.928797
7.959363,20,5421.807161
4.924951,43,5423.662903
-0.109574,14,5424.278263
24.089773,76,5427.554244
11.34455,31,5428.917224
15.801115,42,5430.719873
-1.591176,9,5431.125109
10.881242,28,5432.353561
10.017027,55,5434.744039
0.037207,14,5435.338394
10.255223,30,5436.656964
13.388718,37,5438.236424
2.434685,19,5439.073041
16.492194,42,5440.896217
4.1913,24,5441.92881
5.341354,26,5443.048455
16.112821,42,5444.887904
25.490263,70,5447.885559
-1.899807,9,5448.303444
14.712658,38,5449.959358
12.610183,32,5451.345701
17.954281,52,5453.590896
11.191378,48,5456.972314
52.373934,164,5464.055532
18.729507,74,5467.176221
8.843483,25,5468.262095
4.23639,29,5469.523415
5.33732,15,5470.167044
15.096689,43,5472.054339
13.470965,55,5474.41801
6.275766,29,5475.677122
-2.231611,8,5476.043661
13.779769,38,5477.678525
3.578826,10,5478.110159
18.099177,48,5480.208335
14.426896,40,5481.970046
20.914013,56,5484.356572
46.898562,176,5491.755425
18.224311,49,5493.832815
4.919458,25,5494.888133
4.295808,26,5496.037972
13.554081,47,5498.065637
20.702892,82,5501.584604
10.437852,66,5504.406845
1.743398,18,5505.193067
11.01986,33,5506.622357
18.029027,55,5508.947726
7.891658,21,5509.835943
17.535522,107,5514.350393
46.656297,176,5521.85856
7.35215,55,5524.211588
9.585694,26,5525.327177
15.033796,43,5527.167625
14.977848,42,5528.976
3.247971,10,5529.407346
26.45908,110,5534.077367
2.74131,24,5535.137258
9.266503,26,5536.267476
11.27048,29,5537.542819
2.886711,20,5538.398142
5.984685,30,5539.663141
30.679165,110,5545.613292
8.948153,26,5546.714144
10.497781,30,5547.983564
0.556192,16,5548.690836
7.917937,39,5550.334458
9.12452,41,5552.131969
19.967455,65,5554.924954
17.71834,58,5557.394726
3.84609,25,5558.490267
27.570075,71,5561.54998
10.646866,33,5562.99606
24.48174,76,5566.320803
14.338318,39,5567.98692
12.039096,46,5569.966182
9.522679,24,5571.038834
2.859004,20,5571.90723
6.363657,49,5574.033862
2.067742,6,5574.298538
1.458304,17,5575.025778
1.235662,17,5575.78472
20.391232,62,5578.465108
-0.950627,11,5578.93766
9.82504,29,5580.163663
11.306148,32,5581.506883
6.074104,16,5582.195415
3.710976,26,5583.28998
36.053522,107,5587.797471
-1.769574,9,5588.209737
28.401536,84,5591.823105
35.078898,176,5599.364113
6.532304,19,5600.18955
9.260307,25,5601.237727
1.867425,19,5602.053515
2.339497,19,5602.875106
16.422129,42,5604.700203
3.705331,24,5605.761739
5.111811,14,5606.363152
15.751474,41,5608.137849
0.501109,14,5608.748786
1.214326,20,5609.612478
-0.272816,12,5610.12882
14.126991,43,5611.979906
-1.195037,10,5612.425073
21.51008,54,5614.798707
9.873426,61,5617.453696
21.854058,59,5619.942153
4.486083,12,5620.470115
-1.523223,9,5620.862835
30.230932,91,5624.784521
8.880025,65,5627.59163
6.77338,45,5629.545262
2.015378,6,5629.807905
4.360923,24,5630.829986
10.416565,31,5632.176791
46.553739,116,5638.336521
37.780487,102,5642.718321
15.462956,54,5645.032959
-2.236939,7,5645.347469
9.309865,28,5646.560648
20.603479,52,5648.783581
12.395035,51,5650.918361
11.657397,72,5654.0101
10.693788,39,5655.652332
31.711006,93,5659.630411
31.553663,96,5663.710759
9.871309,40,5665.416188
-2.396553,7,5665.724693
23.899728,67,5668.577891
17.067757,43,5670.429431
-1.774997,9,5670.854654
21.054686,61,5673.427941
12.331248,50,5675.547114
6.1776,33,5676.983504
19.636044,68,5679.889471
43.975459,116,5684.799306
29.537873,80,5688.230006
20.805509,58,5690.707517
1.00727,17,5691.4421
13.044614,49,5693.567336
24.529304,66,5696.456943
36.352902,161,5703.414814
31.679928,93,5707.386759
21.964522,62,5709.996034
53.174895,173,5717.391228
11.982996,59,5719.947971
