#{"t_start": 1773748726.1347456, "env_id": "continuous-highway-v0"}
r,l,t
1.161187,15,5.881321
6.122992,14,6.263127
4.537181,12,6.58447
6.70278,15,7.007668
5.301638,13,7.354342
6.169695,16,7.780652
5.206561,13,8.123767
5.944598,15,8.526063
1.090037,15,8.942887
0.418642,13,9.303172
6.255393,15,9.754727
5.812297,14,10.262031
5.902479,13,10.687186
4.831334,14,11.082894
4.111833,11,11.388191
5.801038,15,11.804283
6.246885,15,12.229533
5.635577,14,12.639256
4.783769,12,12.986015
5.47298,13,13.312948
6.160618,15,13.69725
6.100867,15,14.097319
6.407848,15,14.483537
5.228812,13,14.835059
6.906872,14,15.250913
0.362269,13,15.707355
4.461998,13,16.081865
4.000303,11,16.389799
4.499235,12,16.722659
1.97621,16,17.173779
0.940384,14,17.558863
6.038226,15,17.96126
1.981557,16,18.37004
1.398116,15,18.757026
5.342307,14,19.121837
6.547696,15,19.524443
7.640258,17,19.958267
5.324417,13,20.298048
5.061726,13,20.640103
5.2875,13,20.984196
5.430382,13,21.339936
5.349477,14,21.729656
5.738297,13,22.05565
6.488061,16,22.466112
6.06801,14,22.819022
6.209899,14,23.170167
7.252557,16,23.592572
6.062669,15,23.99195
1.676006,17,24.452456
4.426768,11,24.735271
6.214015,14,25.0981
4.970274,13,25.427435
6.375796,16,25.83979
5.155665,12,26.173158
6.029551,14,26.550005
5.586245,13,26.904663
4.540641,12,27.225305
6.35905,14,27.602392
1.684202,15,28.002398
0.74099,14,28.380266
4.407494,12,28.712841
5.146644,13,29.054181
5.468419,13,29.394424
6.224608,14,29.768734
6.028046,15,30.247859
5.917869,14,30.649146
5.129769,13,31.009564
7.014414,17,31.438911
3.865887,12,31.777275
2.100439,16,32.206733
5.960762,14,32.581065
2.20571,18,33.04786
4.895415,13,33.386537
5.508324,15,33.784506
5.93468,14,34.160363
4.947114,13,34.513104
5.304146,13,34.853925
5.441596,14,35.217831
5.19069,13,35.570967
6.922591,15,35.97094
4.247804,12,36.377322
6.727993,16,36.965454
1.460407,15,37.434547
0.177859,13,37.818144
4.67928,12,38.159667
5.750294,14,38.560295
5.06326,13,38.907343
2.106631,16,39.336248
5.453889,13,39.689138
4.80161,12,40.007335
4.920197,13,40.408102
5.666814,14,41.01547
6.955946,16,41.449812
5.369297,13,41.816107
5.117449,13,42.182241
4.882936,13,42.546662
6.029962,14,42.931245
2.052947,16,43.37004
5.584646,13,43.712141
5.506564,14,44.092156
6.012732,14,44.470884
4.644206,12,44.790216
6.229546,16,45.22684
5.331793,13,45.586306
6.308838,14,46.077068
5.256983,14,46.577284
5.149545,13,46.989332
6.32028,15,47.430167
1.54789,15,47.86682
6.461092,15,48.297884
4.735836,13,48.668469
6.342024,15,49.064853
5.406351,13,49.415422
5.251915,13,49.739081
6.495061,16,50.14489
6.21428,15,50.529215
6.849513,16,50.95279
4.706293,13,51.37768
6.779945,16,51.799903
6.146185,15,52.211406
4.971519,12,52.535867
2.076738,15,52.930397
4.637112,13,53.283713
6.320821,15,53.681826
5.37574,13,54.103752
6.91851,16,54.652475
5.386764,14,55.027742
5.387122,14,55.398961
5.662307,15,55.829778
5.837391,14,56.205523
5.708795,15,56.608394
6.183284,15,56.995056
5.525306,13,57.336419
6.168036,15,57.738093
-0.200442,12,58.056894
5.667648,14,58.433537
5.134483,15,58.832659
5.189617,13,59.21435
5.769959,14,59.648962
5.123774,13,59.989348
5.83705,14,60.37877
5.711724,13,60.72555
5.434949,14,61.10261
5.620539,14,61.454924
5.476661,14,61.832615
4.965975,13,62.186208
4.221137,12,71.039811
6.578828,15,71.456688
5.553709,14,71.846703
6.198599,14,72.22261
1.512141,15,72.636981
6.136873,15,73.040243
6.252197,16,73.578736
0.629175,13,73.96311
5.988529,14,74.364786
-0.538829,12,74.701312
0.74138,13,75.063371
4.588619,12,75.367788
5.957673,14,75.731282
5.279369,13,76.042156
0.475888,13,76.39563
5.494602,15,76.77919
2.43469,17,77.249848
4.657608,13,77.574536
6.731291,16,78.036719
4.368968,12,78.432892
1.361762,14,78.867122
4.763982,12,79.203051
5.310936,13,79.58158
6.251478,15,80.01589
5.949041,16,80.477181
6.272918,14,80.878164
5.489384,13,81.34264
5.801122,14,81.782127
1.448014,15,82.218983
4.784227,12,82.563747
0.525562,14,82.959886
5.034746,13,83.321665
6.803501,15,83.729456
6.335184,15,84.127625
5.574433,14,84.64588
5.778838,14,85.138281
5.179373,14,85.566262
4.94226,13,86.042529
5.736406,13,86.495883
4.931133,13,86.870543
6.987197,17,87.365636
5.835085,14,87.772233
5.378514,13,88.146301
5.181534,13,88.506624
5.604075,14,88.88522
5.750511,14,89.276128
6.352985,15,89.683833
5.316564,14,90.06508
5.772161,15,90.485537
2.275447,17,90.948389
1.662431,15,91.358734
5.121303,13,91.720695
5.669217,14,92.109568
4.98048,13,92.474837
4.974679,13,92.818799
1.746627,16,93.257436
1.359678,15,93.663087
6.279959,14,94.056906
6.611321,15,94.467409
5.277217,13,94.877572
1.466807,14,95.331728
5.663464,13,95.720553
4.342222,12,96.092134
5.160392,13,96.471466
1.734232,15,96.906259
4.829826,13,97.266264
4.325508,12,97.592175
5.813856,14,97.961595
1.515365,16,98.384029
5.779264,15,98.794308
5.88764,14,99.169761
4.796669,13,99.520235
5.195951,13,99.871073
5.813041,13,100.330052
6.488827,15,100.812363
0.918634,14,101.211967
5.734876,14,101.600967
1.151983,14,102.012482
6.653289,15,102.418641
5.145751,13,102.784928
5.120539,14,103.162413
6.319393,15,103.579572
6.755371,15,103.986085
5.123631,13,104.32853
5.215984,13,104.690235
1.700999,15,105.093345
4.254274,12,105.42205
1.052682,14,105.797576
5.78245,14,106.291324
5.225284,13,106.730155
5.540269,12,107.094161
0.568875,13,107.464145
6.010385,15,107.894999
1.910276,15,108.320644
1.693471,15,108.73788
0.992838,14,109.12349
5.282394,14,109.521533
4.723882,12,109.858792
6.557652,14,110.243743
0.881336,14,110.630167
6.357214,15,111.036857
4.830929,14,111.432879
6.190911,16,111.862446
3.158709,17,112.348116
5.167576,13,112.726147
1.993417,16,113.333858
1.583751,15,113.773015
6.13196,15,114.200871
3.994467,12,114.545194
5.489901,14,114.959315
4.881913,13,115.312896
5.45689,13,115.67415
6.285713,15,116.080777
1.511492,15,116.499232
1.09826,14,116.883059
5.617304,13,117.234882
6.145631,14,117.605675
5.902336,14,117.990631
5.002946,12,118.322043
6.573915,16,118.771169
5.816114,14,119.167407
6.214566,15,119.581277
5.191482,14,119.964305
5.462499,14,120.320562
4.638708,12,120.620919
2.011832,15,121.034351
1.06617,14,121.411361
4.583295,12,121.73094
5.12173,13,122.099814
6.368978,15,122.487958
2.711372,18,122.958251
6.039205,14,123.32294
5.709332,13,123.665746
1.199488,14,124.032544
5.063311,13,124.361615
6.321516,14,124.726985
5.344203,14,125.105269
6.096063,14,125.468621
1.524557,16,125.879644
4.60198,12,126.197923
4.989163,12,126.515724
6.584965,16,126.944118
6.348289,15,127.345659
5.446783,13,127.687672
5.067575,13,128.041865
0.684447,15,128.455981
6.155345,15,137.609095
5.737425,14,138.009275
5.325824,13,138.384181
5.953025,14,138.784703
7.038541,16,139.246853
6.152996,15,139.639199
2.271955,16,140.05049
4.720086,13,140.404564
3.874387,12,140.735238
5.870831,14,141.102476
0.580893,14,141.454273
5.680069,13,141.792742
5.761299,14,142.158272
6.866934,16,142.579032
5.942543,14,142.941479
5.713242,14,143.317167
4.688736,13,143.64251
4.629506,13,144.057742
1.518634,15,144.631467
6.918354,17,145.11812
5.771363,14,145.490405
4.981962,12,145.819961
6.811214,16,146.25485
5.642656,14,146.640665
0.989531,14,147.020801
5.523557,14,147.412882
6.436447,15,147.800672
3.71437,12,148.11873
5.297676,13,148.459866
4.364987,12,148.780295
5.62583,14,149.158691
6.803711,14,149.537269
6.031618,15,149.939372
6.584141,15,150.341011
6.342945,16,150.767333
5.078337,13,151.194916
6.134098,14,151.606934
6.738033,15,152.021488
1.672572,16,152.459058
4.232501,12,152.7858
5.506594,14,153.240996
6.995089,15,153.750377
5.85164,14,154.153971
5.778343,15,154.580147
4.557993,13,154.9268
6.482041,15,155.351739
4.967682,13,155.693558
0.9618,14,156.070348
4.938289,13,156.412983
5.724337,13,156.754881
4.288379,12,157.062071
4.043249,12,157.381025
1.106588,15,157.756514
4.765787,12,158.07681
6.10689,15,158.464065
7.030546,15,158.839026
1.233546,15,159.26759
8.110046,20,159.883543
7.421777,17,160.315832
5.71418,14,160.70262
0.961908,15,161.112323
4.403095,12,161.43683
6.340315,15,161.837674
5.398389,13,162.177554
5.266968,13,162.516896
5.66566,14,162.881663
5.179624,14,163.393595
0.931471,14,163.901128
0.920177,14,164.298141
4.847744,12,164.648622
5.243182,14,165.046073
5.448497,14,165.432999
5.33919,13,165.774488
5.099793,13,166.128104
5.78169,14,166.506379
6.104647,14,166.885696
5.941473,14,167.264935
6.139217,15,167.66581
5.800553,15,168.071548
6.154772,15,168.631069
6.083412,15,169.161399
5.934373,15,169.672616
5.357107,13,170.040572
6.073558,14,170.436421
6.185607,15,170.861101
4.501425,12,171.18936
6.594696,15,171.599526
5.574934,14,172.035034
4.466282,12,172.456939
5.884916,14,173.102811
5.642828,14,173.487687
7.741506,18,174.000275
6.002669,14,174.401002
4.902536,13,174.765435
4.582713,13,175.105108
6.098045,14,175.485012
0.80834,15,175.88755
6.580494,15,176.298035
0.599969,14,176.687098
5.410442,13,177.06392
5.292621,13,177.509964
5.615506,14,177.924213
4.855469,12,178.385126
6.197781,14,178.833107
4.414818,13,179.268274
5.376164,13,179.652975
4.599444,12,179.995902
5.260297,13,180.369716
5.526299,13,180.733186
2.071775,16,181.184381
6.882057,16,181.607236
5.66997,14,181.968923
6.561964,14,182.344046
1.637021,16,182.766819
5.349083,14,183.129431
5.736008,15,183.541612
5.18862,13,183.881004
6.271416,15,184.28253
7.760044,18,184.765588
4.344318,12,185.095345
3.975764,11,185.388507
2.225195,15,185.788637
6.840695,15,186.201011
6.817931,15,186.587598
4.770218,13,186.928039
4.898063,13,187.31495
5.705477,15,187.791145
5.468011,14,188.31136
5.114708,13,188.790915
6.514568,16,189.306112
4.312183,12,189.658703
6.755727,16,190.115795
0.78311,15,190.596656
5.129159,13,191.069084
5.213696,13,191.445512
3.916685,12,191.796669
0.204945,13,192.157035
0.897718,14,192.568037
1.647197,15,192.968776
6.003597,14,193.345041
1.133535,16,193.767855
6.216893,15,194.169172
6.411357,16,194.595147
5.382394,14,194.971449
5.108372,13,195.311946
1.527487,15,195.713146
6.899091,17,204.809636
1.180562,15,205.211309
7.608468,19,205.716795
5.626147,14,206.09463
4.909861,13,206.438341
6.141149,14,206.803403
6.604372,15,207.203812
6.292458,16,207.631525
5.795663,15,208.029779
4.934728,13,208.36826
5.678107,14,208.743296
2.499145,17,209.203327
6.204833,15,209.589696
5.763153,15,209.98797
5.371892,14,210.363525
6.644817,16,210.800452
6.895879,16,211.224594
7.097267,15,211.753725
2.78244,17,212.353878
6.654309,16,212.827523
6.530126,16,213.290088
2.070822,16,213.744718
5.694073,14,214.128262
6.325446,15,214.517493
1.086769,14,214.896193
5.609458,14,215.274094
6.706935,15,215.661104
6.442037,16,216.098849
5.178855,13,216.456346
4.842979,13,216.812579
0.867792,14,217.179469
4.963966,13,217.535447
6.090281,16,217.959682
4.845596,13,218.314448
5.39575,15,218.715428
5.481979,15,219.11675
6.020389,16,219.543851
6.159717,15,219.933893
5.03685,13,220.276537
6.43578,15,220.667725
6.017514,15,221.057399
4.033829,12,221.393134
0.388469,15,221.79778
4.83128,13,222.141092
5.573225,16,222.751028
6.236266,16,223.528909
5.443159,14,223.902666
6.294679,15,224.318339
5.898296,14,224.695877
5.556571,13,225.040666
2.034998,17,225.474548
5.122296,14,225.840844
5.853886,15,226.230619
5.001777,13,226.555549
5.581064,14,226.908378
6.507741,16,227.354292
1.76298,16,227.888145
5.547421,14,228.3052
6.279037,15,228.701464
6.637623,15,229.098198
5.562715,14,229.476229
5.547533,14,229.834874
5.054247,14,230.200911
5.772866,14,230.578854
6.081102,16,231.002673
5.904674,13,231.360164
1.043573,14,231.739108
6.172899,16,232.165423
4.83937,13,232.506286
5.499292,13,232.83452
0.642452,13,233.175296
1.096295,15,233.580339
4.997129,13,233.921923
6.046638,14,234.301086
4.350236,12,234.618558
4.888308,13,234.973881
5.860135,14,235.35207
5.651715,14,235.73001
2.401964,17,236.193044
6.559402,15,236.585295
4.766466,13,236.941991
5.678352,13,237.283654
6.015278,15,237.66998
1.780661,15,238.057886
5.840007,14,238.437441
4.819045,13,238.79351
4.576695,13,239.134781
5.792745,14,239.501203
5.359597,14,239.892547
6.464407,16,240.460553
7.067045,16,240.91016
6.48006,15,241.309527
6.301082,16,241.765115
5.813111,15,242.183327
7.083062,16,242.61083
6.698253,15,243.017279
5.767103,14,243.397473
7.139482,16,243.823666
6.000841,14,244.205188
5.833617,15,244.611164
6.255546,15,245.013086
5.045597,13,245.367471
6.3284,15,245.76994
7.036883,16,246.207998
5.585278,13,246.548909
1.216211,15,246.963717
6.549797,15,247.363555
6.268472,15,247.761969
6.272394,15,248.163564
5.347649,14,248.527427
4.633175,12,248.832369
5.370182,14,249.210623
5.426789,14,249.575115
6.076571,14,249.95361
6.335017,15,250.368516
6.599745,15,250.768531
4.521091,13,251.125397
6.056564,16,251.657129
5.766531,15,252.095591
6.101441,15,252.50681
5.720979,14,252.883014
4.639164,13,253.248684
5.267405,14,253.619739
1.128163,14,254.000053
6.777996,16,254.430562
1.77289,15,254.833923
5.735495,14,255.212834
6.277707,15,255.602449
5.569524,13,255.931599
5.613079,14,256.301054
4.61263,12,256.621049
5.969196,15,257.025824
0.655699,14,257.4062
5.759221,15,257.809305
6.727453,16,258.23615
5.358034,14,258.602305
2.245468,16,259.016233
7.45612,18,259.759676
6.343732,14,260.164873
6.951885,16,260.600699
5.502249,14,269.988757
6.031981,15,270.390423
5.580762,14,270.770732
5.201816,14,271.151707
5.004049,13,271.498992
5.656215,14,271.867221
5.312825,14,272.235223
5.347823,14,272.616004
4.911424,13,272.960207
5.396865,14,273.338565
5.205424,15,273.714571
4.413802,13,274.070824
4.447002,12,274.40349
5.938928,15,274.805014
1.077507,16,275.229421
5.009795,14,275.606522
4.420767,12,275.924219
7.1504,17,276.373412
6.675009,16,276.798697
4.977352,14,277.177554
4.743079,13,277.575055
5.312094,14,278.082256
5.754753,15,278.581459
1.344033,15,279.062245
6.256155,14,279.47708
1.741311,15,279.929772
5.551297,14,280.319954
6.831898,16,280.740758
5.073673,13,281.099038
6.782066,16,281.513829
5.064158,14,281.892825
3.826973,12,282.226311
6.410102,15,282.627718
1.088644,15,283.030569
5.496908,15,283.419821
4.746809,13,283.827202
5.562704,13,284.260872
5.673331,14,284.653366
7.303156,17,285.116378
7.045946,17,285.563768
4.296256,12,285.88958
5.924331,14,286.254893
7.526932,17,286.719249
4.672922,13,287.062634
4.740389,13,287.406785
1.273741,15,287.812278
5.301804,14,288.194022
6.142264,16,288.73636
5.25441,14,289.129286
6.399878,16,289.575918
6.102032,17,290.165201
5.672513,15,290.603334
5.890651,15,291.027453
5.936295,16,291.520625
6.28088,15,292.084798
6.297043,15,292.600787
5.804668,15,293.12877
5.579192,14,293.543598
5.993407,14,293.943993
6.71832,15,294.376728
5.36591,15,294.779644
1.209846,16,295.268739
2.099292,17,295.95149
4.58037,13,296.328251
3.067507,11,296.641808
5.851688,14,297.030242
6.560395,17,297.504388
5.638947,14,297.885143
5.107244,13,298.239024
6.01309,14,298.616166
5.868254,15,299.018187
5.469576,14,299.384887
7.058855,17,299.832374
1.89419,17,300.266923
0.967562,14,300.645911
4.867883,14,301.023571
7.476694,17,301.559991
6.979472,18,302.045392
5.365337,14,302.419586
4.756393,13,302.768109
5.05544,13,303.134167
6.022398,14,303.612426
7.633236,18,304.244623
4.626084,13,304.644522
5.170884,14,305.055405
6.362647,16,305.515144
4.654357,13,305.899386
5.603045,13,306.269147
4.424506,12,306.603904
5.883351,15,307.087741
6.092975,15,307.54612
6.281487,15,307.96167
1.249155,15,308.379274
5.082221,13,308.72
6.307454,16,309.150282
6.316883,15,309.555195
6.040517,16,309.969188
6.608017,16,310.385106
5.289584,13,310.729195
5.687525,15,311.13148
5.901186,14,311.512821
4.738047,13,311.870456
4.292152,12,312.206287
5.383959,14,312.574164
5.198776,14,312.928343
6.377032,15,313.318465
5.466679,14,313.688028
1.853199,17,314.126
5.719633,14,314.504439
1.666758,16,315.079028
6.598505,16,315.511206
5.554681,14,315.90488
5.290254,14,316.29427
4.754572,14,316.681836
2.402311,17,317.136757
5.964486,15,317.538221
5.612591,15,318.000592
5.871715,16,318.533029
4.984459,14,319.174943
6.143272,15,319.590205
5.223398,13,319.965272
1.201748,15,320.390086
6.709551,16,320.815065
6.04738,15,321.216294
5.257037,14,321.594613
6.129736,15,321.981238
1.389834,15,322.369329
5.733944,14,322.747107
5.851943,15,323.133887
5.109168,14,323.497569
6.235601,15,323.885232
4.250514,12,324.190663
5.811123,15,324.577962
6.959413,16,324.998971
4.716194,12,325.30336
6.381038,15,325.69025
6.000554,15,326.078033
5.87752,15,326.480176
7.001652,16,326.90457
5.527502,14,327.285517
5.278633,14,327.663235
0.889153,15,336.924816
5.711942,15,337.475411
6.462359,15,337.920735
7.415421,17,338.397308
6.961104,16,338.838184
5.175089,13,339.189702
6.291207,15,339.601496
6.770494,18,340.061606
5.780186,14,340.427286
5.960091,14,340.796904
4.301459,13,341.140845
4.603806,13,341.484722
5.028784,13,341.829312
5.044922,13,342.172685
4.887283,13,342.530196
1.520161,16,342.954943
1.400902,15,343.328118
7.301791,17,343.773624
0.607556,15,344.16117
2.501214,16,344.587432
1.634788,16,344.998333
6.169392,16,345.4237
5.387114,14,345.800888
4.160886,12,346.131857
4.880238,14,346.512452
6.449057,16,346.938809
6.082233,15,347.34021
1.089388,15,347.726664
1.544001,16,348.149373
6.772667,17,348.595995
6.623971,18,349.067005
6.462337,17,349.528543
4.853642,14,349.89412
5.087274,13,350.22376
4.34733,12,350.618896
5.020732,14,351.02737
5.695891,14,351.418786
4.709499,13,351.854731
5.86904,14,352.248375
1.070098,15,352.663368
4.907819,13,353.01375
5.911175,15,353.424838
5.38329,14,353.807986
6.227284,15,354.196463
6.329092,15,354.61089
0.886786,15,354.998728
5.126132,14,355.410608
8.4844,19,356.032355
1.194269,15,356.461534
5.576605,15,356.875451
4.311522,13,357.228701
6.420258,16,357.678913
5.732537,14,358.045914
6.975009,19,358.553449
5.405209,14,358.90652
5.640835,14,359.285443
5.818557,16,359.711405
7.214146,18,360.186611
4.484321,13,360.543589
5.484077,14,360.924
5.235692,15,361.310386
6.004419,15,361.730499
5.231677,14,362.096803
4.563147,13,362.449428
6.593922,16,362.873008
5.219538,14,363.251954
6.521714,17,363.696384
5.910749,15,364.082544
1.93707,17,364.517064
5.356719,15,364.918969
5.390081,14,365.283783
6.194757,15,365.684029
5.884299,15,366.08672
6.360267,16,366.512842
5.05406,13,366.945628
1.093013,15,367.37953
6.349667,14,367.754349
6.30303,15,368.142122
4.896478,13,368.494004
4.658721,14,368.877103
6.804459,16,369.300561
1.637804,16,369.713659
4.332517,13,370.096242
6.188067,15,370.828751
5.580543,15,371.347619
4.407027,13,371.70956
4.423836,12,372.06402
5.749218,15,372.48935
6.297796,16,372.908526
4.989185,13,373.249803
6.113531,16,373.661116
4.057926,12,373.966111
6.988428,17,374.414249
5.880543,15,374.816507
1.51871,16,375.242635
5.665859,14,375.621454
5.429105,14,375.985217
7.755626,19,376.482059
5.300159,15,376.885285
4.905825,13,377.241183
1.289106,15,377.629255
6.166542,16,378.055032
4.445783,13,378.384567
4.785119,14,378.781736
0.433499,14,379.261791
3.406482,21,379.891441
6.273858,16,380.334933
7.273626,17,380.784338
6.965715,17,381.250981
8.017171,19,381.766559
6.632354,16,382.224393
4.66507,13,382.695455
5.92067,15,383.128157
5.364872,14,383.529854
6.532281,16,383.980714
2.563202,19,384.516776
4.707692,12,384.848132
5.897907,15,385.251248
1.313369,16,385.675922
6.843951,17,386.110782
5.321616,15,386.514837
5.444472,13,386.871382
1.481323,15,387.248996
6.577571,15,387.637277
0.527069,15,388.038608
3.915859,12,388.358089
6.102432,15,388.759988
5.680975,15,389.161432
5.355387,14,389.540448
2.751678,18,390.013019
5.303836,14,390.380291
5.737948,14,390.745744
7.461501,17,391.310876
5.543167,14,391.701036
5.346788,13,392.054689
6.758492,16,392.492984
5.395618,14,392.897187
7.293444,18,402.578212
4.504861,13,402.929891
6.256616,16,403.380799
6.953243,19,403.919958
7.333358,18,404.39672
7.325688,17,404.836028
7.072417,18,405.309627
4.877278,14,405.675085
6.415925,15,406.078968
6.261006,17,406.531226
6.419892,18,407.020191
6.333027,15,407.411962
1.645215,16,407.826195
1.126617,16,408.24082
6.763271,16,408.654321
7.08137,18,409.142257
7.478851,18,409.603426
6.715959,16,410.031384
4.163092,13,410.375555
4.842741,13,410.716803
6.450107,16,411.156728
5.447995,15,411.549301
5.007086,14,411.928158
5.418117,15,412.330952
5.566136,14,412.747967
6.790924,17,413.247332
6.251064,15,413.657981
5.058244,13,414.073633
0.771501,15,414.78226
6.570757,16,415.236856
4.852265,14,415.622277
5.660756,17,416.10092
4.390876,13,416.491145
4.121672,12,416.799971
4.433661,13,417.15455
5.420172,14,417.652884
4.757895,13,417.999319
7.417227,17,418.572656
6.805446,18,419.087647
6.724239,18,419.603863
4.810213,13,419.972471
6.630828,17,420.431291
3.996889,13,420.788414
6.455722,16,421.213581
5.38175,15,421.617541
5.803531,15,422.020605
2.120857,16,422.434444
6.545845,16,422.985168
5.543215,15,423.478939
7.114452,18,424.055878
6.700735,16,424.493726
4.246139,12,424.841811
6.071186,16,425.293383
6.665002,17,425.753056
4.247805,13,426.083627
0.430858,14,426.451099
7.129819,17,426.902806
6.041419,15,427.29512
2.026808,17,427.744376
1.864373,16,428.169346
6.423515,16,428.569221
6.386143,16,429.13709
5.53889,14,429.670137
6.047324,16,430.092781
6.108464,15,430.495153
6.150392,15,430.894985
5.761411,16,431.311016
5.848757,14,431.681034
0.332373,14,432.052305
6.738266,15,432.442966
5.931419,15,432.830427
5.74888,16,433.289131
0.870117,17,433.795472
5.666208,15,434.193189
6.538118,19,434.772085
6.725362,17,435.334213
1.345825,16,435.835501
5.750854,15,436.263669
4.794314,14,436.665402
5.732914,15,437.076939
5.667839,16,437.52482
6.596854,16,437.952259
6.75398,15,438.326242
5.559556,15,438.71494
5.932031,15,439.102609
7.884992,19,439.584196
2.304825,18,440.054887
6.224361,17,440.51693
4.93377,14,440.894498
6.379416,16,441.31903
5.910996,16,441.969769
6.007502,16,442.425138
6.444398,16,442.877093
6.82954,15,443.303632
5.055659,14,443.701285
5.874992,16,444.128059
5.4259,15,444.531831
4.750016,13,444.876025
5.418273,14,445.243879
6.99852,17,445.706441
7.081077,17,446.157373
5.29794,14,446.5253
6.699031,17,446.975836
2.253833,17,447.428393
7.076698,18,447.902219
6.786221,17,448.351665
5.564114,15,448.756401
2.052078,16,449.1838
5.835011,14,449.564513
5.862337,15,449.968312
5.169565,15,450.358889
6.773656,17,450.808406
7.231395,19,451.303804
1.737608,16,451.843833
0.829531,15,452.276516
5.626635,16,452.712952
5.923281,16,453.150921
6.747364,16,453.589063
5.730011,14,453.966526
7.035629,16,454.391703
1.586731,15,454.794217
6.458564,15,455.194906
6.407268,16,455.619748
5.265416,13,455.960648
6.442957,15,456.360786
5.903954,15,456.76498
5.582554,14,457.145105
1.185676,17,457.59516
6.994687,18,458.054968
6.235922,16,458.480156
5.354895,14,458.859291
7.051752,17,468.378376
6.702781,17,468.827112
6.533537,16,469.241379
3.29523,21,469.788608
5.606825,15,470.177622
6.212741,17,470.625472
5.527073,15,471.026952
6.735106,17,471.477014
2.928984,20,471.981537
4.815476,13,472.327489
7.799814,20,472.846791
6.107059,15,473.234268
6.415816,16,473.644478
6.470723,16,474.070715
2.028424,17,474.520981
5.68285,17,474.984556
7.045305,16,475.397837
5.600957,16,475.812408
6.20157,17,476.251371
5.788423,16,476.655004
8.101668,20,477.186925
6.742439,17,477.702399
6.483175,17,478.272498
4.970669,14,478.747102
6.182481,15,479.262379
6.74671,18,479.929601
6.211032,16,480.518459
6.796573,16,480.979989
1.929346,17,481.445431
5.161271,16,481.883384
6.11042,16,482.310991
4.181744,13,482.667186
6.725574,17,483.098458
6.108385,15,483.499519
4.305877,13,483.938668
7.172876,18,484.431864
5.561193,15,484.844174
2.357481,19,485.352704
2.930246,21,485.913249
6.526912,17,486.362501
6.374771,16,486.794494
6.810363,16,487.228243
5.510381,15,487.635078
5.900586,15,488.026314
5.409659,14,488.394735
2.106254,18,488.873715
6.246977,16,489.276568
6.376561,17,489.719013
5.615915,16,490.151885
6.377299,17,490.604844
0.997726,16,491.03771
6.361253,16,491.455932
5.525348,16,491.889322
6.440001,17,492.344229
5.907032,15,492.734828
6.968473,17,493.175142
7.010461,17,493.823904
5.13791,14,494.365989
5.974018,15,494.765963
1.868676,18,495.28072
2.141411,18,495.75863
5.976436,17,496.224674
5.464257,14,496.600978
6.391456,17,497.0574
7.104201,17,497.527253
1.146773,16,497.975501
5.936764,15,498.488363
7.24572,19,498.997212
6.668934,16,499.522027
6.474059,17,500.092938
5.53403,15,500.527242
5.672168,15,500.960011
6.20058,16,501.414162
6.325662,17,501.86942
3.132726,20,502.396449
8.005292,19,502.897068
5.087444,14,503.279068
5.516076,14,503.660802
5.495998,15,504.068665
5.449834,15,504.4621
6.478227,16,504.972429
5.340872,14,505.4064
6.353549,16,506.108666
0.217248,14,506.509628
5.592729,14,506.89625
6.329901,16,507.422036
5.308896,14,507.792383
6.868775,18,508.273802
7.29403,19,508.753917
6.334986,16,509.391896
5.646371,15,509.858488
5.061422,15,510.28466
5.501175,16,510.73336
6.546641,17,511.20554
6.809061,16,511.623257
5.221935,15,512.010482
5.546217,14,512.377163
6.699974,17,512.837718
4.328026,14,513.202385
6.400761,16,513.627565
1.650284,17,514.061068
0.615587,14,514.427202
2.426528,19,514.925506
5.908517,16,515.337676
6.004811,16,515.747598
6.174721,15,516.14937
5.72884,15,516.539757
6.271069,16,516.940203
6.592578,18,517.399576
5.579881,15,517.787242
7.551929,19,518.292526
4.567605,13,518.634435
5.532077,15,519.022126
1.975463,16,519.447666
1.181025,17,519.89512
5.242773,13,520.248477
5.106704,14,520.626966
6.732549,17,521.075954
6.268564,16,521.503458
4.993708,14,521.886435
5.825747,16,522.314929
5.932967,15,522.718181
5.494122,15,523.129371
7.753503,18,523.590116
5.855895,16,524.019324
5.728906,16,524.439017
6.576382,16,524.866906
6.021864,16,534.525426
5.696778,15,534.917101
6.528949,18,535.391142
2.218563,19,535.886256
6.484558,17,536.348115
6.639695,16,536.777407
6.088704,16,537.296494
6.274455,16,537.746985
2.697073,18,538.256768
5.584393,15,538.669925
1.960799,17,539.264136
6.457528,16,539.732918
6.594291,16,540.171232
6.668931,18,540.661232
5.67012,15,541.059592
1.971431,17,541.496936
6.292575,17,541.931218
5.511491,15,542.335872
6.279377,16,542.762997
6.651591,17,543.213094
6.346098,16,543.635443
7.510157,18,544.120659
6.018885,15,544.546179
5.162805,14,545.021206
5.442483,15,545.526948
7.130983,18,546.034949
4.992076,15,546.64736
6.269309,16,547.309459
2.575247,18,547.831126
4.789687,14,548.236623
6.234117,16,548.685949
5.477198,14,549.070191
6.430197,17,549.520457
6.395728,16,549.94973
5.80964,16,550.376035
6.391966,16,550.801679
7.197521,18,551.272756
7.18753,18,551.777962
5.182777,14,552.226554
5.630938,15,552.650173
6.182871,16,553.092402
6.638384,17,553.558098
4.845179,13,553.99081
6.157488,16,554.487231
5.99418,15,554.890046
7.919568,19,555.408447
7.133401,18,555.911168
5.818868,16,556.327166
2.655702,18,556.806214
6.977161,18,557.2835
6.136126,16,557.69966
4.406959,13,558.057791
5.356187,14,558.438518
5.129891,15,558.842561
6.165025,16,559.272087
5.752432,15,559.667101
6.954611,17,560.093964
5.051903,14,560.46023
1.821188,18,560.934148
4.87411,14,561.299696
5.057333,14,561.654376
3.389726,11,561.964842
5.868866,16,562.378058
5.688313,16,562.790252
7.147761,18,563.249834
1.697242,17,563.688167
6.661448,18,564.174012
6.608405,18,564.710645
1.623468,17,565.246903
6.047762,15,565.659019
5.265471,13,566.024711
6.056989,17,566.493766
8.319346,19,567.135696
5.838031,16,567.634615
6.689021,17,568.200738
6.248945,16,568.681753
6.553694,16,569.141788
7.024306,18,569.635026
6.447321,17,570.097774
6.399686,16,570.521218
5.581401,16,570.94488
6.94511,17,571.391429
6.308126,15,571.782557
5.973351,15,572.199629
0.766491,15,572.601238
7.857285,20,573.119369
2.625926,18,573.590235
2.411043,19,574.098919
6.810947,18,574.571954
5.992544,16,575.011825
5.753131,14,575.376728
5.884615,16,575.800482
6.315768,17,576.247102
5.117624,15,576.651718
2.175431,18,577.125721
6.001351,16,577.550396
6.466209,17,577.997815
6.1132,15,578.3997
4.476746,13,578.75495
6.376545,17,579.202123
8.03688,21,579.954626
4.421364,13,580.301065
6.858488,19,580.8265
6.250243,16,581.262671
6.366922,17,581.721658
4.778227,14,582.102006
6.827906,16,582.52872
6.42709,17,582.964995
6.253733,16,583.391569
6.831671,19,583.887497
5.996909,15,584.273808
6.76388,18,584.746904
4.814358,14,585.112381
5.686615,15,585.515498
6.852988,18,585.989458
5.505366,15,586.39128
6.196292,16,586.81676
6.172787,16,587.427964
6.630777,16,587.92628
5.381409,14,588.314549
7.146029,17,588.936855
6.702438,17,589.425381
5.248339,14,589.816238
6.096205,17,590.277639
4.994624,14,590.66382
9.021257,21,591.193908
6.793163,17,600.592787
7.207758,16,601.01802
7.692613,18,601.488751
2.605721,18,601.947858
7.428826,20,602.503775
6.071544,16,603.078743
5.624789,15,603.704542
5.683499,15,604.123561
4.442251,13,604.459651
6.559885,17,604.91998
4.472486,14,605.402446
2.043541,17,605.966067
4.037048,13,606.332258
5.787224,15,606.756782
5.776136,15,607.175613
4.474405,13,607.540021
7.006106,17,608.00292
5.0224,14,608.368216
8.24311,20,608.900999
6.058156,15,609.289154
1.676712,17,609.739474
5.965003,15,610.14283
2.758577,19,610.639475
2.430147,18,611.110553
6.258692,17,611.582899
7.049412,17,612.103873
6.666856,17,612.65099
6.013868,16,613.101342
4.598653,13,613.460961
2.906585,18,613.962732
8.955848,20,614.494131
6.119618,16,614.933503
7.207952,18,615.408694
6.778475,17,615.869192
5.956132,15,616.415982
6.386454,17,617.044967
6.114686,15,617.469612
5.208556,14,617.856912
6.258462,16,618.304905
0.884033,15,618.704364
-0.17095,13,619.059892
6.297841,16,619.484372
5.753877,15,619.872788
6.339344,17,620.32197
6.65699,16,620.733487
7.116621,17,621.181868
4.488235,13,621.528313
1.494674,15,622.041904
3.99853,12,622.371858
6.315436,17,622.832367
5.455836,16,623.254267
5.408706,14,623.638316
5.805453,15,624.03566
1.412768,15,624.437036
5.659985,16,624.877948
6.743357,16,625.290334
6.064595,16,625.714459
2.472149,18,626.191704
6.576618,16,626.602931
7.093382,18,627.090564
6.880293,16,627.517146
5.95408,15,627.89116
6.034639,16,628.389763
1.446773,16,628.862555
4.309066,13,629.210016
2.185228,17,629.67485
5.707251,15,630.08736
5.758291,14,630.462591
7.405543,18,630.933974
7.781923,18,631.420251
5.694513,14,631.799444
0.991573,14,632.163646
5.285689,14,632.542892
5.04396,14,632.908617
6.692097,16,633.320282
5.505102,15,633.694914
4.720114,14,634.047637
5.60061,16,634.47306
6.564597,17,634.922278
5.822242,15,635.313283
7.544161,19,635.900171
6.983444,17,636.479783
4.04699,13,636.85965
6.311669,16,637.315454
7.194814,19,637.854827
5.274085,14,638.226521
0.908467,16,638.635198
1.441676,17,639.095533
5.985287,15,639.495873
4.853792,13,639.824872
4.542751,14,640.201761
5.360176,15,640.602432
3.716718,12,640.922277
5.261132,14,641.285569
6.70261,17,641.734349
1.311281,16,642.131843
6.451803,16,642.567432
5.884544,16,643.003874
4.205849,12,643.308509
5.971518,14,643.671521
1.920398,16,644.094719
0.774537,14,644.474265
5.154182,15,644.88141
5.905072,15,645.280946
0.705029,14,645.659379
6.59909,17,646.105611
4.013,12,646.43847
1.329847,16,646.863166
7.526747,18,647.335356
5.280995,14,647.714056
5.907178,17,648.162845
5.725343,16,648.572982
4.641973,13,648.928798
6.242156,16,649.339989
4.839616,14,649.721278
6.454706,17,650.156305
5.870172,15,650.543974
4.439578,13,650.885463
5.022688,14,651.240438
6.147635,17,651.677674
1.111496,15,652.089273
5.534646,15,652.504306
6.646223,17,653.029652
6.317951,16,653.468858
6.239976,15,653.884806
5.771593,15,654.304151
6.243658,16,654.751579
4.573688,13,655.268408
6.516681,16,655.693709
6.489432,16,656.13285
6.737757,15,656.521813
5.38894,14,656.897202
6.964996,18,666.527316
4.180818,12,666.834476
5.267137,15,667.210476
5.874213,14,667.576597
5.243719,15,667.968726
0.815724,14,668.347304
5.977325,17,668.794872
6.337584,16,669.220282
6.37923,17,669.670615
6.505019,17,670.120537
6.527902,16,670.546592
5.114129,14,670.925996
4.411456,14,671.304334
7.657311,18,671.775859
5.607088,15,672.181048
5.624315,16,672.608046
5.053307,13,672.950506
6.647766,16,673.502799
7.602378,19,674.030633
5.345167,15,674.446877
0.080393,14,674.852756
5.735855,15,675.265429
7.081774,18,675.737677
5.954146,16,676.18067
5.899399,16,676.673212
7.492837,18,677.145558
4.322783,13,677.502317
6.824351,18,677.991452
6.392474,16,678.555627
1.899185,17,679.069395
5.045931,15,679.488696
5.940854,15,680.001124
6.776478,18,680.626816
7.720653,19,681.254486
2.498323,19,681.780471
4.961091,15,682.206305
6.110322,15,682.622478
0.837429,15,683.038977
4.864704,14,683.406454
4.266377,13,683.73808
6.096471,16,684.16926
4.922593,14,684.549855
1.974594,19,685.063337
1.447115,16,685.491688
6.849629,18,685.966176
5.63117,16,686.39401
1.537914,17,686.832989
5.997205,15,687.22216
8.11684,19,687.720792
8.689187,20,688.237957
4.818707,14,688.602893
5.603624,15,689.007386
5.637051,16,689.435067
1.791357,17,689.88512
4.941017,14,690.250285
5.651586,14,690.615853
7.149555,17,691.066988
2.870995,20,691.571275
5.126443,15,691.973863
7.03009,17,692.420765
7.403364,19,692.942001
4.68419,14,693.30732
4.785997,14,693.657391
7.576155,19,694.274682
8.507336,22,694.935524
2.63466,20,695.655058
1.072429,15,696.166749
5.402671,14,696.580701
2.397989,19,697.117512
5.811599,16,697.660422
4.874053,14,698.205941
6.865726,17,698.722075
6.076782,16,699.173747
4.728986,14,699.580626
1.260659,16,700.033333
7.252728,19,700.53925
1.43348,17,700.990969
6.292326,16,701.416638
6.063218,17,701.867211
5.149822,15,702.271236
7.054961,17,702.71116
5.624039,15,703.101762
4.904163,15,703.505626
4.948839,14,703.885783
5.834212,16,704.299634
5.555837,15,704.704233
5.750866,16,705.130376
4.996959,14,705.511146
5.834329,15,705.902792
5.939145,15,706.293479
5.95796,16,706.822503
4.989998,13,707.241673
1.832482,17,707.709375
2.459732,18,708.212994
6.15548,16,708.665602
4.864972,14,709.027543
5.815794,16,709.45464
5.422418,14,709.822745
6.074268,16,710.249522
1.306758,16,710.66382
5.113925,14,711.029947
6.443287,16,711.457338
4.50875,14,711.837968
6.13832,16,712.269509
6.995495,17,712.737575
5.297126,15,713.249694
6.044434,17,713.735703
1.819344,17,714.346641
5.312139,14,714.836457
6.086436,15,715.266824
1.629788,17,715.729962
5.272741,14,716.106562
2.930527,19,716.614697
4.24683,12,716.938971
6.315818,16,717.369973
5.390944,15,717.749993
6.467885,15,718.156381
1.685515,17,718.607862
6.115403,16,719.035121
5.511562,15,719.438481
4.973989,14,719.82149
5.136312,14,720.201346
2.572476,20,720.707682
5.698869,16,721.122048
4.70217,13,721.477863
5.112251,16,721.905274
5.298773,15,722.309518
6.468106,16,722.738115
6.637772,16,723.175313
5.901169,16,732.803389
6.154736,17,733.372351
6.372693,16,733.806583
5.887583,16,734.231982
6.16992,17,734.721614
7.343067,19,735.234042
4.684691,14,735.606591
4.71734,15,735.999686
4.824746,13,736.344181
5.98097,16,736.788166
7.091392,18,737.268806
6.273983,17,737.708724
5.36638,16,738.125478
6.873767,18,738.616057
5.918278,16,739.017436
4.666345,14,739.408042
6.305633,16,739.947256
4.872411,15,740.398864
2.213842,17,740.845878
4.284473,13,741.184115
1.161689,16,741.621124
5.993551,16,742.053813
4.701565,14,742.423378
6.757218,18,743.014627
6.267869,17,743.541356
6.780841,18,744.053295
5.875402,17,744.531202
5.608609,16,744.963523
6.412659,16,745.375433
7.670466,20,745.907515
7.209487,18,746.37938
6.248598,17,746.831194
8.943033,24,747.44361
5.4458,16,747.85811
6.596997,17,748.294227
0.358336,14,748.661484
4.393776,14,749.040989
4.613213,13,749.384646
5.352999,16,749.900955
5.961316,15,750.580096
6.512346,16,751.018255
5.143087,16,751.55946
6.343457,19,752.131687
7.476687,19,752.648358
2.148285,19,753.178146
4.661579,14,753.581887
7.278013,19,754.190891
7.098935,19,754.707735
6.497079,17,755.173084
6.031758,15,755.589378
3.168383,18,756.066637
5.777856,16,756.496484
6.273265,17,756.950018
6.593549,19,757.449504
6.022222,16,757.876698
6.153003,17,758.314674
5.794818,16,758.727872
6.483287,17,759.165108
6.457697,17,759.604307
5.036547,14,759.960045
3.559555,22,760.542363
7.401667,18,761.018158
6.414587,16,761.447261
5.984972,17,761.898209
5.189337,15,762.303502
1.709615,18,762.77528
5.953582,18,763.247315
4.37402,14,763.615597
6.29068,16,764.028068
5.00451,15,764.416431
5.574999,16,764.843877
5.803194,16,765.257875
0.831094,15,765.649525
1.623111,17,766.085926
5.69535,17,766.535921
5.787657,16,766.966403
4.489867,14,767.335419
4.987253,14,767.718313
7.369876,19,768.214887
7.902528,19,768.698881
6.559319,17,769.136611
5.2469,15,769.540216
5.449441,15,769.947194
6.921837,18,770.420853
5.404703,15,770.824044
5.406507,15,771.228073
6.380142,15,771.618609
4.204043,13,772.044585
4.312685,14,772.462214
1.220219,16,772.914199
6.04212,15,773.343712
5.725442,15,773.757972
6.683066,18,774.228024
5.294709,15,774.630161
7.327191,19,775.131377
5.213629,14,775.497951
2.320356,19,776.007208
6.980021,18,776.478582
5.129951,15,776.883463
5.798564,15,777.272987
6.084998,16,777.686789
5.180926,15,778.090223
5.333337,15,778.481539
7.297417,19,778.979019
5.925331,17,779.413863
5.734121,16,779.891999
5.819392,15,780.3721
5.589969,16,780.815667
4.789363,14,781.19515
6.367565,19,781.707995
7.711445,20,782.476876
4.150442,13,782.830071
7.171373,19,783.354818
5.315073,14,783.72747
5.79586,16,784.17518
4.664324,14,784.564414
7.185237,20,785.096281
6.428478,17,785.530445
6.617322,18,786.017918
5.724354,17,786.455604
7.090383,17,786.893159
4.919074,15,787.282097
6.44836,16,787.697794
6.182056,17,788.133834
5.76507,16,788.546258
5.755743,17,798.035889
7.081772,18,798.511268
5.813266,17,798.961494
1.850223,19,799.457971
6.803828,18,799.931962
5.845241,16,800.359181
5.801989,17,800.796604
5.845372,17,801.350873
5.741033,17,801.828578
6.102724,17,802.366546
5.828265,15,802.857517
6.799412,19,803.389809
6.831292,18,803.887624
4.986585,14,804.403512
6.829329,19,804.919044
6.759482,18,805.509537
4.836322,14,805.918208
6.399025,18,806.420779
6.76255,18,806.911891
4.551458,14,807.303514
5.660214,14,807.672149
4.751007,14,808.041665
5.47863,15,808.447667
6.292855,18,808.922365
5.22984,14,809.290085
6.687839,18,809.766244
5.79705,16,810.199615
5.844169,15,810.747728
5.781413,16,811.290072
5.461038,16,811.731312
5.075391,15,812.157567
5.890421,17,812.60964
6.371234,16,813.040941
6.785194,18,813.518085
6.910817,19,814.129296
7.55803,19,814.717207
6.364089,18,815.209539
5.661222,17,815.676826
5.776791,16,816.119257
5.355363,15,816.513828
6.043394,17,816.965323
4.300268,14,817.321241
5.96001,16,817.752505
7.23014,19,818.249384
6.801944,17,818.684766
6.093575,17,819.134385
4.451192,14,819.502732
4.114156,14,819.942944
6.741912,17,820.524339
6.52652,18,821.085873
6.933538,20,821.641759
6.632565,17,822.128208
7.330998,19,822.636313
6.498424,17,823.087786
6.689032,18,823.549722
5.868658,16,823.978671
6.118519,16,824.377759
5.320863,15,824.756717
6.604587,17,825.208268
6.284803,17,825.661952
7.301953,19,826.1581
4.933178,14,826.543294
6.597101,18,827.087922
1.151645,18,827.582836
7.125238,19,828.094558
6.416022,17,828.55454
6.064127,17,829.009007
7.434107,18,829.581908
7.735946,19,830.171547
6.474716,18,830.774888
6.754214,18,831.293037
6.936268,18,831.805973
4.06591,14,832.193862
4.836075,15,832.585518
7.500524,19,833.099048
6.805695,18,833.561077
6.080767,17,834.011875
6.992157,19,834.510232
5.730692,16,834.927787
5.353259,15,835.321195
5.392338,14,835.690305
7.190607,19,836.175487
0.765297,15,836.556421
6.610266,18,837.019632
2.424742,19,837.518256
4.765401,14,837.888437
3.295911,20,838.398448
5.939386,16,838.825051
7.322036,20,839.3685
6.53049,17,839.931728
4.292981,14,840.311512
8.093566,21,840.870038
6.310428,16,841.295284
5.495659,15,841.707613
2.584423,18,842.169913
6.475377,19,842.682553
5.990602,16,843.094728
6.769559,18,843.568184
7.088212,17,844.005781
6.402288,19,844.502203
4.696006,15,844.90849
6.911715,18,845.383407
5.603757,15,845.789263
6.763697,19,846.286813
6.39915,17,846.736504
5.837344,16,847.15282
5.737156,15,847.561041
2.407112,19,848.046654
5.932234,16,848.475495
7.148611,18,848.966164
5.24668,16,849.604689
5.065407,15,850.021951
7.78449,21,850.623307
7.184053,20,851.179686
6.623801,18,851.661482
5.959343,16,852.092141
5.278646,16,852.505833
6.05762,17,852.955544
6.342052,18,853.433258
7.101094,18,853.922147
5.01314,14,863.654006
5.566877,17,864.095664
2.664468,19,864.596617
6.283236,18,865.073263
2.42681,19,865.55967
8.755584,23,866.166519
5.601248,16,866.582479
6.992195,18,867.071806
6.100166,17,867.596806
5.660323,17,868.047242
6.309382,18,868.525824
7.136228,20,869.046383
6.600194,17,869.474261
4.935644,16,869.893862
6.495151,18,870.372575
6.312192,18,870.848182
7.096127,19,871.342757
4.903924,15,871.748755
2.320514,18,872.226989
6.722719,18,872.714491
4.992845,14,873.273009
2.161635,19,873.935734
5.505732,16,874.387022
5.322029,15,874.802054
5.303874,15,875.215344
6.085318,17,875.683614
6.155946,17,876.133965
5.630883,17,876.571611
6.105957,18,877.233387
6.811628,17,877.859174
8.09526,21,878.436775
6.965491,21,879.015694
5.951832,17,879.471959
5.914844,17,879.92618
6.798048,18,880.491847
6.372356,19,881.281976
6.083564,17,881.747814
5.181561,16,882.195087
3.221622,20,882.73296
4.981867,15,883.137564
6.314241,16,883.565698
6.84301,19,884.065596
5.670851,17,884.51663
5.23078,16,884.947225
7.578207,21,885.489003
6.842939,18,885.964086
5.673435,17,886.403053
4.404175,13,886.760707
5.446189,16,887.177726
3.690832,22,887.762971
6.192341,17,888.215726
6.312629,18,888.789734
5.419747,16,889.243642
5.800933,17,889.70785
5.692774,17,890.178706
5.995539,17,890.632279
6.782295,18,891.092504
5.560116,16,891.519177
4.726377,15,891.925864
5.418895,17,892.35851
6.999981,19,892.858049
6.758909,19,893.354104
6.139636,17,893.807204
8.343391,21,894.351714
6.163443,16,894.776368
5.769536,16,895.177424
6.94742,20,895.711905
6.752596,18,896.185299
6.120634,17,896.634848
6.746633,20,897.157518
7.2437,19,897.657007
5.999788,16,898.07292
1.354231,17,898.525265
6.87137,18,898.986048
5.879119,16,899.413028
5.801552,17,899.865071
5.787452,16,900.293734
6.878515,19,900.794101
6.653087,18,901.26752
7.950789,21,901.813834
5.908161,16,902.241451
5.847426,17,902.696823
6.073591,17,903.148456
5.912763,17,903.600463
6.251383,17,904.037896
4.349722,14,904.390193
6.637617,18,904.90034
5.358839,16,905.481249
6.414098,18,905.98823
5.885656,17,906.451266
5.128865,14,906.842606
7.124239,20,907.395256
6.088541,17,907.84717
2.983025,21,908.409603
5.217467,14,908.776997
7.701274,21,909.322794
7.086257,19,909.821912
5.32787,16,910.251046
6.06736,17,910.844519
6.08892,17,911.336327
7.203053,18,911.842493
5.632693,17,912.324405
5.56747,16,912.768869
5.538223,16,913.171901
5.844684,17,913.62306
1.918471,18,914.220195
5.486385,16,914.733013
6.392454,18,915.238012
5.250811,16,915.694545
5.401916,16,916.131874
7.431838,21,916.690567
6.109534,18,917.171136
6.619395,19,917.656125
7.337881,19,918.171615
5.558976,16,918.586563
7.373992,21,919.116516
8.533453,22,919.669868
5.562312,16,929.372995
8.836783,22,930.110665
7.116382,19,930.64456
7.145232,19,931.166477
6.214003,18,931.661708
7.412354,21,932.235977
8.409552,22,932.805106
6.666201,17,933.2559
2.745224,21,933.80073
7.698602,22,934.368144
6.090448,18,934.938786
5.134031,16,935.49338
7.201861,21,936.053036
6.898993,20,936.591313
6.168564,17,937.088881
7.047733,19,937.744703
7.536469,21,938.325924
5.033258,15,938.739437
5.580658,16,939.162084
6.98666,19,939.661702
6.076746,18,940.140922
1.186123,18,940.630825
1.694351,18,941.093484
7.076936,21,941.638238
7.618376,19,942.127184
5.769002,18,942.591256
7.610866,23,943.18329
5.551876,16,943.612508
5.922031,18,944.076802
6.303279,19,944.577147
5.73012,16,945.007654
5.848568,18,945.481756
6.955735,20,946.004781
6.137161,18,946.485093
6.780259,19,946.990824
5.738342,17,947.440641
7.288468,19,947.984495
7.476455,21,948.688403
5.903909,17,949.260854
5.195377,16,949.792204
6.99636,20,950.353802
7.459975,21,950.93012
4.887391,15,951.334472
5.899888,17,951.786777
6.657353,19,952.30255
6.991062,19,952.80306
7.207022,22,953.369736
5.402587,16,953.78457
5.195181,16,954.196422
5.976138,19,954.813557
5.764306,17,955.25294
4.332734,15,955.640859
4.984366,15,956.087932
7.850333,20,956.758554
8.500107,23,957.386925
8.100728,21,958.07746
6.274602,17,958.618332
1.172792,16,959.05838
6.918908,20,959.605602
7.459619,21,960.258628
6.312747,17,960.876077
6.448236,18,961.379917
6.471819,19,961.933397
5.542535,15,962.345595
2.419473,20,962.885047
7.538271,21,963.444745
7.255289,20,963.967772
7.665581,20,964.503747
6.781697,19,965.005684
6.491207,17,965.507523
6.86381,20,966.266353
5.613978,16,966.695007
6.112398,17,967.164202
7.248967,19,967.652542
5.932446,16,968.071215
5.432576,16,968.486847
5.331161,16,968.916838
6.65693,19,969.404542
7.549051,21,969.954124
5.991867,18,970.429701
3.218827,21,970.97658
7.220123,19,971.477563
6.712844,19,971.976048
5.675547,16,972.391345
7.287006,21,972.937912
3.171861,23,973.534788
6.179675,18,974.008692
5.653005,17,974.444784
5.842117,17,974.897349
6.295282,19,975.395193
6.512121,19,975.89347
7.115411,21,976.43485
4.956045,15,976.814544
6.299684,18,977.277177
5.981556,16,977.706684
6.977012,19,978.202243
7.045654,19,978.715154
7.62203,20,979.248753
6.417909,19,979.744172
5.841747,17,980.195869
5.615325,17,980.702302
7.180088,20,981.345563
6.534089,19,981.844488
7.533658,21,982.407865
6.97231,19,982.930407
7.641431,19,983.415264
8.008928,21,983.964086
6.139558,18,984.42531
6.582367,18,984.90253
8.179287,23,985.493597
4.662572,14,995.122262
6.407616,18,995.696636
5.162995,16,996.151464
6.872687,19,996.745822
6.203476,17,997.314621
6.139916,18,997.822196
7.127992,19,998.338553
5.458287,16,998.766562
4.915327,15,999.161163
7.636036,20,999.68082
5.336984,16,1000.110555
6.475652,19,1000.607878
7.54462,20,1001.131919
6.093379,18,1001.607069
6.156879,17,1002.060009
6.506936,17,1002.498663
6.717825,19,1003.000181
7.412277,21,1003.560352
6.564425,18,1004.036545
5.361349,16,1004.507789
6.597392,19,1005.116866
4.69091,15,1005.64001
2.230382,19,1006.209164
6.873902,21,1006.796882
6.1729,18,1007.274625
4.712882,15,1007.686288
4.926138,15,1008.092301
5.717661,17,1008.514712
6.317725,17,1008.966748
6.506539,19,1009.447838
7.840288,21,1010.007954
4.63012,14,1010.376308
5.967351,17,1010.827058
7.116212,19,1011.320796
7.575108,21,1011.862599
6.539799,18,1012.321786
5.282648,15,1012.712255
6.21884,19,1013.19371
6.71267,19,1013.689592
6.27008,18,1014.149107
7.594222,20,1014.669961
7.972366,22,1015.240104
7.753212,21,1015.797839
7.261224,20,1016.319229
6.160619,18,1016.782007
7.989942,23,1017.426702
5.426043,16,1018.033943
7.769779,21,1018.642907
1.069632,16,1019.09844
7.179068,19,1019.749411
9.153982,25,1020.488888
7.414447,19,1021.039837
7.738118,23,1021.659926
2.253912,20,1022.1807
5.834165,18,1022.645118
6.048193,17,1023.094176
6.155948,18,1023.553979
7.308397,19,1024.049997
6.718846,20,1024.572412
5.161796,15,1024.963586
5.629602,17,1025.414328
6.847035,19,1025.913266
6.139159,17,1026.337858
6.952763,20,1026.873286
1.933685,19,1027.358023
6.121945,17,1027.80826
7.210118,18,1028.282745
5.714329,16,1028.811504
7.032162,19,1029.351033
6.677543,19,1029.88185
5.418823,16,1030.338377
6.098968,18,1030.832762
5.796359,18,1031.310601
6.64776,18,1031.785194
6.904532,19,1032.287135
6.320853,16,1032.705835
5.83509,17,1033.1449
6.216657,17,1033.581318
6.28811,17,1034.033875
5.507564,16,1034.447562
6.905559,19,1034.962649
7.134643,19,1035.587924
6.799795,18,1036.088385
7.353311,20,1036.623542
7.650436,21,1037.182656
6.410232,18,1037.67222
6.037452,18,1038.148104
7.417403,21,1038.691585
6.939748,21,1039.23469
6.997907,19,1039.74809
5.212354,16,1040.176709
7.014598,20,1040.685694
5.686048,16,1041.112977
6.698707,18,1041.590341
7.154588,20,1042.113582
6.010625,18,1042.587209
7.112229,19,1043.08823
5.909296,17,1043.526675
6.26121,18,1044.002083
6.83094,20,1044.637772
6.950345,18,1045.128561
7.147231,18,1045.607034
5.675897,17,1046.071793
5.898858,17,1046.510193
6.53625,19,1046.994963
5.921592,16,1047.423224
5.945238,17,1047.87681
5.203904,16,1048.305506
6.720774,18,1048.767379
8.303671,21,1049.325014
7.950452,22,1049.90844
5.904061,17,1050.349185
6.215968,17,1060.280766
6.052647,18,1060.752962
6.567964,19,1061.250434
5.969493,18,1061.711966
6.586441,19,1062.213783
4.765479,15,1062.659546
6.334787,18,1063.408733
7.715866,24,1064.167387
6.139664,19,1064.698455
7.944184,22,1065.330732
5.211934,16,1065.797817
5.409394,17,1066.263471
4.013129,25,1066.931184
6.582316,19,1067.449182
5.963818,18,1067.911783
7.079277,20,1068.434895
6.202248,18,1068.906648
4.986635,16,1069.332167
6.626183,18,1069.794297
5.612242,16,1070.222754
5.768152,17,1070.671529
5.499719,16,1071.070401
7.030805,20,1071.589944
7.813066,21,1072.134387
8.420633,24,1072.752122
5.294996,17,1073.201467
5.455821,17,1073.62493
5.255276,17,1074.075217
6.349131,19,1074.559104
6.625955,18,1075.034259
7.709545,21,1075.742064
6.87487,18,1076.308073
6.469922,19,1076.809304
7.467834,21,1077.358869
5.617779,17,1077.808963
6.248148,19,1078.306343
1.967761,19,1078.794958
6.939767,20,1079.315751
6.625654,18,1079.778304
5.454471,16,1080.194192
7.842778,23,1081.005895
5.752671,17,1081.628506
6.610369,20,1082.170878
5.351664,16,1082.61086
4.291615,14,1082.985261
7.846344,20,1083.630645
3.869707,13,1084.247915
7.067401,20,1084.774654
5.229323,16,1085.208548
6.277925,17,1085.659574
7.760101,21,1086.209155
6.646178,20,1086.733338
5.670289,16,1087.136837
6.826991,20,1087.673875
7.655679,21,1088.204832
7.446375,21,1088.751099
6.28408,18,1089.22768
9.237359,27,1090.020093
6.070498,17,1090.538031
5.442929,17,1091.034708
2.185746,20,1091.741743
5.878412,18,1092.380733
1.493864,17,1092.863531
1.358923,18,1093.347247
7.502828,20,1093.872274
5.409465,17,1094.328741
2.630493,21,1094.886211
7.14267,20,1095.407618
6.805699,20,1095.914457
2.691822,21,1096.444509
6.851117,20,1096.965185
7.446301,22,1097.532089
2.039186,20,1098.052359
6.096422,17,1098.501655
3.378139,24,1099.115892
8.176438,23,1099.693453
5.738445,17,1100.143868
5.563338,17,1100.580333
7.637802,22,1101.150203
4.595895,15,1101.541853
7.162514,19,1102.04328
8.771849,25,1102.710331
7.557314,21,1103.25619
6.850809,20,1103.778344
5.710533,18,1104.23844
3.468287,23,1104.829413
6.034554,19,1105.330914
7.293891,19,1105.816349
8.010751,22,1106.382071
6.75832,19,1106.865102
7.767649,23,1107.472873
5.065988,16,1107.90071
6.484448,20,1108.426351
7.887102,23,1109.005967
8.493323,24,1109.617244
6.909939,19,1110.116777
6.281734,18,1110.577662
6.510273,18,1111.050671
6.012952,18,1111.525277
7.142124,19,1112.025002
4.361473,14,1112.393234
5.628316,17,1112.843897
6.872039,20,1113.362958
6.350418,18,1113.836053
7.129542,21,1114.379603
6.816693,19,1114.879168
6.522555,19,1115.362297
4.311307,15,1115.75468
4.844221,16,1126.03562
6.386106,19,1126.514998
5.041129,16,1126.930657
7.489411,22,1127.499612
7.31513,21,1128.04151
5.451793,17,1128.564673
5.878617,16,1129.09771
7.310031,22,1129.696567
7.067529,20,1130.248268
6.450283,19,1130.7652
6.985142,19,1131.247563
6.460076,19,1131.883002
6.735045,19,1132.444497
6.765435,20,1132.982202
7.184437,20,1133.532488
7.519606,22,1134.107797
7.24856,21,1134.650786
6.474669,19,1135.135651
5.393779,17,1135.57141
6.683132,20,1136.09218
6.598966,19,1136.590207
7.129713,20,1137.088741
2.779106,21,1137.634118
6.06656,18,1138.06888
6.492299,20,1138.574212
1.933007,20,1139.095768
5.986166,18,1139.555628
6.978446,20,1140.079553
6.845782,20,1140.588093
7.398325,21,1141.131893
5.891703,17,1141.568885
6.389337,20,1142.091515
2.572406,20,1142.688325
5.508373,16,1143.194506
7.111746,22,1143.779703
8.604084,25,1144.449514
7.571135,22,1145.022979
7.863004,22,1145.588876
7.890062,22,1146.157605
7.265055,22,1146.727753
6.441291,19,1147.229231
7.662502,21,1147.775523
6.579707,21,1148.320608
7.301782,21,1148.854406
7.270834,21,1149.385147
6.379155,20,1149.905245
6.809055,19,1150.403928
6.399305,20,1150.957291
1.068191,18,1151.643464
6.997731,23,1152.366197
6.261642,18,1152.866304
2.559295,21,1153.45945
6.403353,20,1153.995901
7.812098,21,1154.537596
4.591801,16,1154.950513
6.882104,20,1155.487131
7.645331,22,1156.188568
6.428222,19,1156.706091
1.717017,19,1157.207272
7.608915,23,1157.80849
6.936558,20,1158.330606
6.620772,20,1158.838231
7.494057,23,1159.444205
6.194962,19,1159.943955
6.980149,21,1160.492373
5.533235,16,1160.90806
7.257965,23,1161.499837
6.722115,20,1162.008001
2.502363,21,1162.541297
6.416052,20,1163.063316
3.348828,23,1163.659096
7.047729,21,1164.205938
2.595443,20,1164.727989
5.364991,17,1165.180514
6.470479,20,1165.68939
6.342857,19,1166.174713
6.280867,19,1166.688131
7.173402,20,1167.198681
6.713646,21,1167.745926
7.317608,21,1168.293368
7.560166,22,1168.862671
6.248818,20,1169.384763
7.638851,22,1170.29039
8.212806,22,1170.916084
6.992355,22,1171.518215
6.515416,19,1172.022078
5.254405,17,1172.475647
6.209127,19,1172.975095
6.961796,22,1173.531052
6.042362,17,1173.985783
7.858121,23,1174.578141
6.240883,18,1175.055587
7.948299,22,1175.612274
7.29766,20,1176.135207
2.383092,21,1176.682594
6.210833,19,1177.195855
6.683821,19,1177.696163
7.392066,21,1178.22503
4.926593,16,1178.627398
6.180048,18,1179.089018
6.022238,18,1179.563033
7.349223,21,1180.094281
7.767927,22,1190.373695
7.256812,22,1190.930141
5.225282,18,1191.376677
7.379839,21,1191.90545
7.731914,24,1192.52286
7.435678,23,1193.099901
5.58106,17,1193.508505
4.820642,16,1193.909401
6.882274,21,1194.47454
5.693817,19,1195.05094
6.318326,19,1195.551457
7.824191,23,1196.173284
6.97854,20,1196.706149
6.089715,18,1197.182995
6.48615,20,1197.695331
6.639265,19,1198.181712
7.807452,25,1198.837363
7.108906,22,1199.408991
6.711128,20,1199.931534
5.190218,17,1200.357845
5.919541,19,1200.844174
6.650715,21,1201.388725
5.850698,18,1201.864391
5.197104,17,1202.31969
6.69981,20,1202.879191
10.025151,31,1203.833406
7.21223,22,1204.422103
7.566843,21,1204.988392
7.39565,23,1205.596213
8.293519,26,1206.259626
7.793791,24,1206.879166
7.212986,21,1207.425682
6.229271,19,1207.926503
6.48478,21,1208.463884
8.415032,26,1209.144248
5.752269,17,1209.59883
6.136615,19,1210.088533
7.467218,21,1210.623559
7.532843,22,1211.208302
5.385093,17,1211.636946
3.288415,24,1212.284151
7.037421,21,1212.833966
8.373331,24,1213.450532
5.95514,19,1213.918681
8.505391,24,1214.547368
6.54611,22,1215.116794
7.812431,22,1215.671189
6.030962,19,1216.29075
1.548534,18,1216.867902
5.544753,19,1217.455602
7.775049,23,1218.070988
5.598616,18,1218.553573
8.149363,23,1219.172865
6.444385,20,1219.696579
9.985958,28,1220.407951
8.712899,26,1221.241437
0.975843,18,1221.742716
6.204818,20,1222.422528
7.045532,21,1223.18824
7.850581,22,1223.793012
6.293092,19,1224.296455
6.577267,20,1224.838623
5.520068,17,1225.293234
7.138682,22,1226.003146
6.376656,20,1226.706899
6.957826,20,1227.267373
8.386289,26,1227.968246
5.221019,17,1228.418584
3.376228,24,1229.034212
6.738416,18,1229.497667
8.098306,23,1230.086695
6.839698,21,1230.630733
6.683522,20,1231.155697
6.460969,20,1231.666676
2.857943,23,1232.261044
6.146843,20,1232.77154
7.335225,21,1233.304291
6.806738,21,1233.839161
5.723767,19,1234.338994
5.655949,18,1234.798449
6.779081,22,1235.369588
6.842072,21,1235.920067
6.384487,20,1236.429372
7.646064,23,1237.092034
6.892219,20,1237.750759
5.809724,18,1238.416392
6.293798,18,1238.92625
5.978437,19,1239.433089
6.388713,20,1239.964362
7.084318,21,1240.50241
6.148076,18,1240.967081
7.749431,23,1241.62083
7.106375,21,1242.333571
9.163438,28,1243.107553
6.642816,21,1243.695778
5.586996,18,1244.155945
7.624636,22,1244.783195
8.438397,24,1245.487061
7.38152,21,1246.04871
7.17027,22,1256.006659
7.918426,23,1256.705963
6.924155,20,1257.256175
7.968537,23,1257.865275
3.620157,26,1258.673214
5.841061,19,1259.281224
7.721424,22,1259.880747
7.402932,24,1260.572223
6.312994,20,1261.121043
6.503107,20,1261.63378
6.244436,18,1262.099557
3.31706,23,1262.69547
5.779648,18,1263.174696
8.075042,23,1263.770128
7.520674,20,1264.295847
7.797556,22,1264.866696
3.106846,23,1265.464308
6.128782,19,1265.965034
7.156461,23,1266.559689
6.464379,19,1267.059483
6.75376,21,1267.593007
7.054709,22,1268.163886
7.156727,22,1268.723848
7.857061,23,1269.316951
6.081451,18,1269.779381
7.704085,20,1270.303715
7.492044,21,1270.866992
7.287098,21,1271.428406
5.73809,18,1271.878817
6.562348,20,1272.405657
6.819693,19,1272.908207
2.172125,21,1273.456045
7.163577,21,1274.002467
9.017525,27,1274.879955
2.520211,21,1275.461681
6.350167,19,1275.980439
5.756606,17,1276.460637
3.24393,23,1277.224673
8.234338,26,1277.971215
6.262701,19,1278.512687
5.160574,16,1278.953269
6.99272,20,1279.480705
7.047689,19,1279.966389
6.048999,18,1280.44178
6.366606,19,1280.937953
6.9733,20,1281.610152
6.739081,21,1282.273293
7.038317,21,1282.839422
6.234438,19,1283.355425
6.649554,20,1283.878913
7.440853,23,1284.47259
7.018485,19,1284.957369
5.903571,19,1285.457681
5.781737,18,1285.932886
7.378032,21,1286.482055
6.057636,19,1286.981144
7.288614,21,1287.527487
6.291736,18,1288.005384
8.691696,24,1288.622016
6.447733,20,1289.145059
6.301956,19,1289.630186
7.225911,21,1290.16463
6.508796,19,1290.652607
5.533757,17,1291.094864
4.269563,15,1291.474771
7.962449,23,1292.094691
6.883137,21,1292.643909
7.995981,23,1293.238845
4.512926,15,1293.641981
5.322675,17,1294.081464
6.237159,18,1294.530543
7.234354,22,1295.101378
5.545896,19,1295.589296
7.167804,20,1296.099427
7.209408,21,1296.648395
8.257095,23,1297.243738
6.572538,20,1297.768826
7.51964,22,1298.326853
6.799542,19,1298.812135
7.456621,22,1299.385116
5.623088,17,1299.824401
2.697167,23,1300.42135
6.758066,22,1300.995164
6.210649,19,1301.496886
7.332591,21,1302.044975
6.83416,21,1302.593215
8.607797,25,1303.250744
7.160224,21,1303.79792
6.504277,20,1304.306424
6.031181,18,1304.783067
5.182667,16,1305.187707
5.595826,18,1305.659302
7.081001,20,1306.245641
5.738631,18,1306.757366
7.327021,22,1307.358745
7.364329,23,1307.975098
6.088531,19,1308.48506
5.259512,17,1308.927158
8.479083,24,1309.542938
6.370558,19,1310.042917
6.644317,19,1319.829958
5.435712,17,1320.255326
7.579679,22,1320.839331
7.186039,22,1321.407395
5.138591,16,1321.821261
7.629121,22,1322.394646
6.619683,20,1322.91815
6.19843,19,1323.510297
7.384801,22,1324.083719
5.364101,17,1324.581833
6.610811,19,1325.082246
2.189064,22,1325.659213
7.165558,21,1326.206764
6.198528,19,1326.705899
5.422789,17,1327.147499
6.87947,21,1327.696498
7.511053,23,1328.347657
6.519479,20,1329.059003
7.754041,23,1329.935518
6.57825,21,1330.535871
6.618501,21,1331.094484
4.281115,28,1331.842137
7.3178,22,1332.417613
2.606582,22,1332.994458
6.490284,20,1333.521021
6.960819,20,1334.032518
6.821285,20,1334.545023
6.736056,21,1335.093375
6.543269,21,1335.628069
2.138259,21,1336.177599
5.938627,19,1336.680301
7.660543,22,1337.256956
6.405746,20,1337.772318
7.265945,22,1338.346542
6.748817,20,1338.857026
6.756435,21,1339.407266
5.10172,17,1339.845178
6.914279,20,1340.358546
6.371194,20,1340.871017
6.855761,22,1341.440035
7.181737,21,1341.983726
7.479907,22,1342.678371
6.051396,18,1343.240039
7.387536,22,1343.829175
4.832682,16,1344.256503
6.371746,20,1344.764652
8.742087,26,1345.668977
6.935271,20,1346.233221
2.519698,23,1346.865682
6.376019,20,1347.407192
5.878653,19,1347.880265
6.313139,19,1348.382906
6.640456,20,1348.893378
6.38387,21,1349.461689
3.931246,26,1350.384641
7.528063,22,1350.984875
9.060412,28,1351.734334
7.545743,21,1352.36979
5.735358,18,1352.936336
8.543638,26,1353.79083
6.156636,19,1354.377294
6.230865,20,1354.947023
6.596799,19,1355.490597
7.697101,23,1356.131588
5.034212,17,1356.655214
6.966573,22,1357.374813
6.453936,20,1357.917807
7.832601,23,1358.543657
5.133525,30,1359.348443
6.680566,20,1359.873603
6.399451,20,1360.399309
8.11983,24,1361.015951
7.192839,21,1361.560164
6.625187,19,1362.060108
7.342434,22,1362.631678
5.536951,18,1363.081802
4.862546,16,1363.51202
7.723092,22,1364.084131
3.131534,24,1364.898597
8.977294,25,1365.670684
7.556354,23,1366.328399
1.943903,21,1366.903297
8.691145,28,1367.617655
6.014709,19,1368.118537
8.335943,25,1368.758972
6.000742,19,1369.261348
5.897391,19,1369.745375
6.990322,21,1370.29111
6.471082,20,1370.812718
7.044345,20,1371.328691
5.981977,19,1371.811432
7.078083,22,1372.462376
7.537758,22,1373.198039
4.512239,29,1373.964852
6.817166,20,1374.515066
6.020074,19,1375.011153
8.808862,26,1375.671691
7.241381,22,1386.183432
7.816597,24,1386.958216
7.506596,22,1387.559929
8.270572,26,1388.262482
4.123044,15,1388.644047
8.261623,24,1389.26098
10.008361,29,1390.020108
8.595575,25,1390.657679
6.836549,21,1391.201202
7.416485,21,1391.735513
5.113388,16,1392.152756
8.071511,24,1392.772651
8.035954,24,1393.374496
7.504713,22,1393.946589
6.45972,20,1394.427645
6.765285,20,1394.921433
7.318574,22,1395.490545
6.187403,19,1395.97802
6.08651,20,1396.500302
6.90818,21,1397.050876
0.774679,18,1397.775445
6.647997,21,1398.357805
7.457592,22,1398.947804
6.196854,19,1399.455992
7.254588,23,1400.035629
6.822318,22,1400.620063
7.920574,24,1401.237797
6.578869,21,1401.783316
7.926022,23,1402.375882
8.282162,24,1402.996285
7.041709,21,1403.544666
7.45273,21,1404.0774
7.106122,22,1404.648701
7.058008,21,1405.19753
7.098985,21,1405.7438
6.343134,19,1406.242056
6.56406,20,1406.76236
5.750885,19,1407.263596
6.242118,20,1407.787587
5.676533,18,1408.248756
8.128665,23,1408.836905
8.541706,26,1409.494239
7.295108,22,1410.059358
7.289787,22,1410.624892
5.090663,16,1411.025593
7.481884,21,1411.555455
6.899886,21,1412.085519
7.175122,23,1412.67747
6.849107,20,1413.18424
8.087812,22,1413.751027
6.004726,19,1414.249074
7.878025,23,1414.839312
7.218916,21,1415.384075
2.673235,22,1415.953219
5.710966,19,1416.45259
3.191628,23,1417.044536
7.3283,23,1417.638846
5.389402,17,1418.079506
5.48609,19,1418.566649
7.093228,20,1419.075846
6.650278,21,1419.623195
8.807662,27,1420.326266
8.880504,25,1420.964763
8.86851,25,1421.601593
3.2335,23,1422.193217
7.983182,22,1422.767727
7.600253,24,1423.397457
7.409168,22,1423.964599
7.294391,22,1424.535448
3.453671,23,1425.129194
7.328298,22,1425.700437
2.168251,21,1426.243604
9.276487,27,1426.918035
7.16771,21,1427.463971
7.220215,22,1428.032669
7.380031,21,1428.562883
6.261554,20,1429.072381
8.291278,25,1429.72567
6.908027,22,1430.283946
6.841257,21,1430.847882
7.16005,23,1431.480696
6.14308,20,1432.150762
6.036048,18,1432.759033
6.461269,20,1433.307561
4.413023,28,1434.104048
5.869284,19,1434.608799
5.252707,16,1434.994746
6.343261,19,1435.478852
7.904736,23,1436.055003
8.267688,25,1436.691631
7.687981,23,1437.280657
8.707511,25,1437.915981
8.064039,25,1438.552123
7.235644,21,1439.083029
7.591406,23,1448.960714
7.393377,23,1449.551905
8.527822,25,1450.203405
6.44251,21,1450.723246
6.727166,21,1451.255533
7.329848,23,1451.87941
6.463488,20,1452.471849
3.271612,25,1453.132339
7.802004,24,1453.901761
8.369732,27,1454.703245
7.36372,23,1455.362603
6.399939,20,1455.924565
9.482363,28,1456.67054
6.538843,21,1457.422196
7.427948,22,1458.134534
7.13026,23,1458.800563
5.514898,18,1459.307824
3.135076,24,1459.968691
7.447219,23,1460.580087
6.416218,20,1461.107981
6.314825,20,1461.649302
6.962653,22,1462.237022
10.259098,32,1463.08601
8.237093,26,1463.849292
4.981853,17,1464.399625
5.673087,18,1464.898652
6.823144,23,1465.562556
7.017016,21,1466.13835
8.58537,25,1466.785526
8.554279,25,1467.441347
7.188231,22,1468.044486
6.347119,20,1468.80509
7.915927,25,1469.724527
7.500407,23,1470.406433
6.654574,20,1471.085887
7.73443,24,1471.817692
6.932348,22,1472.511209
7.990505,26,1473.238771
7.523453,23,1473.881686
8.346182,26,1474.565581
7.720425,24,1475.21751
8.137544,24,1475.850171
3.76558,26,1476.53336
7.975968,24,1477.153792
6.80451,21,1477.712316
7.952712,23,1478.325381
6.634502,22,1478.904069
6.736033,22,1479.494198
7.081761,21,1480.056704
6.552771,21,1480.670943
3.145111,22,1481.415744
7.785303,24,1482.072621
5.284447,17,1482.524787
6.937349,21,1483.115658
4.652556,16,1483.638659
8.758486,28,1484.610949
7.078968,21,1485.331616
7.014728,22,1486.110271
7.946971,24,1486.824077
7.642258,23,1487.5415
1.819841,21,1488.161784
8.074418,24,1488.840552
7.092199,22,1489.458762
5.562831,19,1490.040228
8.521117,26,1490.880779
7.280081,23,1491.534369
6.598641,21,1492.129185
7.884903,24,1492.778486
6.787778,20,1493.319446
5.065003,17,1493.761063
8.629013,26,1494.429249
7.852679,24,1495.047854
6.926267,22,1495.609224
9.4799,28,1496.336396
6.592149,20,1496.833282
8.234465,25,1497.491029
7.088707,22,1498.036658
6.673551,21,1498.579588
5.33735,17,1499.006802
5.968353,19,1499.505763
7.338856,23,1500.098501
8.218061,25,1500.822518
6.611094,20,1501.675321
8.294201,26,1502.358659
8.692837,26,1503.041561
6.690484,21,1503.583376
3.401037,26,1504.257256
8.515127,23,1504.852722
5.590155,19,1505.324785
7.442226,23,1505.924976
7.472697,23,1506.512411
8.036237,24,1516.627646
5.750967,19,1517.12365
7.285734,22,1517.676617
6.764211,21,1518.206429
6.421945,21,1518.748939
8.651132,27,1519.443492
6.602951,21,1520.059441
6.304575,20,1520.62443
7.042262,23,1521.268686
6.968874,22,1521.856978
5.77871,19,1522.35198
8.125708,25,1523.006217
8.10113,25,1523.630288
7.21372,23,1524.222175
8.492172,25,1524.847849
7.207844,23,1525.440459
7.255756,22,1526.008635
6.215955,20,1526.532782
8.08276,25,1527.173352
8.145299,27,1527.863038
6.040527,19,1528.350667
7.032409,21,1528.898422
9.290283,29,1529.634825
6.440782,21,1530.166752
8.098659,25,1530.806394
7.239565,23,1531.400714
7.72935,24,1532.004237
8.183944,26,1532.681701
5.960424,19,1533.168877
5.587871,19,1533.655587
7.986574,24,1534.274661
1.735618,21,1534.806709
6.8221,21,1535.324451
7.016193,22,1535.945406
7.000328,22,1536.689185
7.246334,23,1537.323725
7.54371,23,1537.970143
7.602081,24,1538.6017
7.881993,24,1539.218062
3.519097,26,1539.897578
6.016207,20,1540.412483
3.446777,26,1541.089733
7.519922,22,1541.646472
8.237054,24,1542.274944
8.353457,25,1542.921061
8.093724,25,1543.562817
8.207686,27,1544.247841
8.366773,26,1544.910655
7.116999,22,1545.466265
8.780487,27,1546.164605
7.58424,25,1546.80726
5.239401,18,1547.269938
7.972633,24,1547.887321
8.548104,25,1548.528082
8.435884,25,1549.168123
6.4786,21,1549.701798
7.661611,24,1550.320681
5.749541,19,1550.806853
8.016655,25,1551.44987
7.276472,23,1552.043563
7.103354,22,1552.605847
5.876997,19,1553.078209
8.133137,25,1553.720087
8.740562,27,1554.410038
7.330585,24,1555.03011
1.599005,21,1555.566602
5.692749,19,1556.067551
7.613038,24,1556.875489
7.737839,23,1557.51286
8.142292,25,1558.268388
6.113923,19,1558.765558
7.190569,23,1559.393137
4.608172,16,1559.79956
6.702228,22,1560.370096
4.492647,16,1560.775393
9.522351,29,1561.527242
7.524569,22,1562.098429
6.457298,21,1562.710773
8.872246,26,1563.59527
6.766877,21,1564.208215
8.158457,25,1565.07524
8.452822,26,1565.769852
5.510684,18,1566.245959
3.929083,27,1566.944556
7.893098,24,1567.556452
8.309632,26,1568.235942
7.053079,22,1568.791743
6.67065,22,1569.363567
7.54107,23,1569.983716
5.728456,19,1570.802206
8.624513,27,1581.174176
9.456104,28,1582.036615
3.354972,25,1582.719556
8.278169,26,1583.412748
10.43635,31,1584.249986
6.826191,22,1584.902568
8.230059,26,1585.5719
8.535518,26,1586.232832
7.897884,25,1586.861967
8.327568,26,1587.543599
7.479416,23,1588.339618
7.50257,24,1588.997514
7.076019,22,1589.575063
7.895987,24,1590.180942
2.37487,23,1590.776529
8.713279,27,1591.464938
6.892132,22,1592.035427
7.735406,24,1592.656243
8.293174,27,1593.347122
6.86805,22,1593.915929
8.355532,25,1594.614374
3.24192,25,1595.389281
5.136415,19,1595.892473
2.402635,22,1596.670729
6.296002,21,1597.25226
8.182597,27,1597.979836
9.239809,28,1598.715337
7.416235,24,1599.317374
7.091194,23,1599.911801
8.692606,27,1600.584513
6.338047,20,1601.11097
8.344293,26,1601.762794
6.990356,23,1602.343858
7.931339,25,1602.9731
5.987963,19,1603.46082
7.032784,22,1604.030651
6.758817,22,1604.602143
6.642572,22,1605.172702
6.479491,21,1605.721729
7.991133,26,1606.386483
9.313676,28,1607.096594
7.440012,24,1607.714896
7.546579,25,1608.371357
7.40188,24,1609.006647
7.648148,25,1609.768314
6.907324,22,1610.381681
6.60953,21,1610.952196
7.218142,23,1611.562932
1.02719,20,1612.070936
6.713435,22,1612.645155
6.543383,21,1613.193751
6.097519,20,1613.718208
6.451611,20,1614.225589
6.43454,21,1614.78162
6.254801,20,1615.368568
6.875328,22,1616.025862
6.423796,21,1616.692766
5.979392,20,1617.251539
6.978698,22,1617.85253
7.135319,23,1618.606993
7.349466,23,1619.291301
7.726891,24,1619.936283
7.317103,23,1620.55334
8.111958,25,1621.188095
7.293578,24,1621.809011
8.802127,28,1622.524087
6.787996,23,1623.132748
7.851785,25,1623.777611
2.666572,25,1624.423453
7.743457,24,1625.042376
8.352762,26,1625.711324
7.624039,24,1626.328617
8.407913,28,1627.056781
8.600365,26,1627.727235
6.61594,21,1628.266999
2.311676,23,1629.007318
6.763489,22,1629.586462
7.438435,23,1630.187409
7.648629,23,1630.795735
6.296979,20,1631.29532
6.7589,22,1631.870136
5.247467,18,1632.352119
1.823302,21,1632.908024
7.350457,23,1633.492014
7.206803,23,1634.089565
8.505098,27,1634.783062
2.432987,24,1635.406556
2.146276,23,1645.862495
7.631475,24,1646.484825
8.071632,25,1647.12892
6.747341,22,1647.703005
6.726394,21,1648.236978
8.808593,27,1648.92331
7.071071,23,1649.504917
8.720376,28,1650.223234
7.186554,22,1650.796792
7.426019,24,1651.417776
6.127501,21,1651.966729
7.473879,23,1652.561562
9.873654,32,1653.366529
7.424593,24,1653.984021
6.460765,21,1654.515094
7.596242,24,1655.125993
8.650422,27,1655.810969
8.874178,28,1656.499448
7.615879,24,1657.095561
5.79413,18,1657.55756
6.120824,21,1658.167279
8.491762,28,1658.96234
8.876439,26,1659.64079
6.405418,21,1660.183449
6.850083,23,1660.776983
6.440162,22,1661.346682
8.785152,26,1662.007746
6.821798,23,1662.602586
9.361456,29,1663.334584
9.215303,28,1664.043947
7.864089,26,1664.720676
7.363241,24,1665.336455
8.237707,26,1666.001893
2.941527,25,1666.641298
7.14748,23,1667.236335
7.5418,24,1667.854996
8.253446,26,1668.517177
9.628462,29,1669.249883
6.151198,20,1669.770448
7.776648,24,1670.374696
7.16281,23,1670.968734
6.287644,21,1671.487579
8.577758,27,1672.31254
7.304829,23,1672.98968
7.163453,23,1673.607389
7.144263,23,1674.23812
7.598125,25,1674.883543
6.515454,21,1675.43223
6.806858,21,1675.963686
8.171593,25,1676.608343
7.0449,23,1677.188708
8.301754,26,1677.854492
7.778004,25,1678.620558
8.111722,27,1679.347352
7.619321,25,1680.007633
7.971209,25,1680.863342
8.585842,27,1681.83824
8.656836,28,1682.704279
6.677539,21,1683.414631
7.59045,25,1684.088387
8.269312,26,1684.764238
6.9134,21,1685.311195
8.43331,27,1686.26573
8.394751,26,1686.969499
3.622124,27,1687.697272
8.05014,25,1688.340707
7.246328,23,1688.928071
9.601697,31,1689.704136
6.971713,23,1690.297284
8.489609,27,1690.988861
6.469799,21,1691.53442
7.285701,23,1692.126605
7.432541,24,1692.744738
8.40385,27,1693.432673
7.743736,25,1694.074816
8.256698,27,1694.759427
7.353401,24,1695.361912
9.56388,30,1696.126927
8.34539,26,1696.795027
8.543049,26,1697.776359
8.195086,27,1698.509785
7.673227,25,1699.189342
7.951142,25,1699.819046
7.319529,24,1709.964451
6.659447,22,1710.524672
7.839503,26,1711.417563
7.213747,24,1712.136523
7.768817,25,1712.810082
7.67213,24,1713.451891
1.683592,22,1714.016161
7.612612,24,1714.64581
6.805027,22,1715.193233
8.331548,26,1715.858025
6.929398,23,1716.454251
5.517616,18,1716.930669
8.744474,28,1717.643567
6.377788,20,1718.16715
8.569463,26,1718.83093
7.83925,25,1719.471713
8.230241,25,1720.213328
8.606049,26,1720.952032
8.152955,26,1721.6678
8.263319,27,1722.387093
6.670262,21,1722.922365
6.337038,21,1723.454973
8.429911,27,1724.142913
7.928714,25,1724.768023
7.17096,23,1725.360996
5.846848,20,1725.860459
5.856497,20,1726.379902
6.590265,23,1726.968873
6.108854,20,1727.475369
6.818263,22,1728.030504
8.027325,25,1728.669117
6.672839,22,1729.23817
7.003696,23,1729.829544
6.76582,22,1730.397535
7.902365,25,1731.037604
6.504599,22,1731.745793
7.226215,23,1732.376268
7.447543,24,1733.044735
7.227466,24,1733.684593
7.546168,24,1734.300268
8.275076,25,1734.938981
8.804073,28,1735.648329
8.179548,27,1736.333014
9.074873,28,1737.029357
7.98182,25,1737.656825
8.073638,26,1738.308994
8.116216,25,1738.949336
7.060154,23,1739.539463
7.741441,25,1740.179819
7.619538,24,1740.797083
9.290187,28,1741.508492
10.315089,32,1742.321922
7.811302,24,1742.952282
6.108205,21,1743.639029
7.155608,21,1744.232314
7.843874,24,1744.88989
8.875657,26,1745.657934
6.023361,21,1746.333664
5.820284,19,1746.931636
8.301216,26,1747.633753
8.391866,27,1748.364691
7.856754,25,1749.028738
8.370931,27,1749.716486
9.673955,30,1750.490528
7.140896,23,1751.084968
6.53823,21,1751.630679
9.530183,29,1752.591109
7.51385,25,1753.26846
7.150922,23,1753.8809
6.946601,22,1754.465785
6.516109,22,1755.004767
7.849416,25,1755.655747
8.768041,27,1756.554381
6.930785,23,1757.135167
8.023166,26,1757.81291
7.220462,24,1758.451995
8.433241,27,1759.222004
6.853246,23,1759.824888
6.03791,20,1760.34884
7.520854,24,1760.967658
7.515131,24,1761.582664
4.93458,17,1762.020887
5.896614,20,1762.54559
7.191487,23,1763.122245
7.333968,23,1763.716181
7.014279,23,1774.155157
7.390094,23,1774.748628
8.7661,27,1775.437436
7.735915,24,1776.054964
6.67283,21,1776.603709
6.481599,22,1777.158925
7.675417,24,1777.762091
7.456564,24,1778.370565
7.277713,23,1778.96479
8.63883,27,1779.652983
8.669187,26,1780.315979
7.66559,23,1780.955425
7.842773,25,1781.832299
6.739853,21,1782.482292
7.18337,23,1783.182407
10.064163,31,1784.027823
8.165752,24,1784.629972
7.452328,23,1785.210951
6.280738,21,1785.764036
8.689342,27,1786.599309
7.717637,24,1787.251447
6.052563,20,1787.778722
7.602944,24,1788.386181
6.551608,21,1788.933995
7.832984,26,1789.612167
6.833896,22,1790.165441
8.098109,25,1790.79259
8.973924,28,1791.507589
7.785548,25,1792.147976
7.733823,25,1792.841494
6.434783,22,1793.497108
9.115506,29,1794.254376
8.565873,26,1794.936719
6.690187,21,1795.467388
7.143947,23,1796.050333
6.50323,21,1796.597857
6.64786,21,1797.126017
7.927888,25,1797.762232
7.177135,23,1798.338594
3.778178,28,1799.057701
8.330911,26,1799.720726
7.684357,25,1800.360527
7.790335,25,1801.000782
6.478235,21,1801.518052
7.247129,23,1802.110257
7.8362,24,1802.726976
7.731821,24,1803.343262
8.563523,26,1804.004864
7.515412,25,1804.656689
8.097712,26,1805.317888
8.270388,25,1805.962351
8.662403,28,1806.675375
6.687538,21,1807.221253
7.28552,24,1807.824178
8.20707,25,1808.563514
7.860655,24,1809.350013
6.625447,22,1810.04267
9.561823,30,1810.856329
6.113969,20,1811.383975
8.62975,27,1812.077188
7.367336,23,1812.673016
9.692726,30,1813.449557
6.384429,21,1814.0002
9.53248,28,1814.728726
7.910585,23,1815.321754
8.268488,25,1815.965088
6.781252,21,1816.500427
8.320372,26,1817.184924
7.707041,25,1817.828515
7.785439,25,1818.47164
9.210781,28,1819.185267
7.859863,25,1819.827854
8.305129,26,1820.48051
6.979081,23,1821.077306
8.204922,26,1821.91606
7.854847,24,1822.557178
6.436195,21,1823.124861
8.398196,26,1823.794476
6.271489,20,1824.303432
7.879206,25,1824.943682
9.412447,29,1825.733102
8.235417,25,1826.55888
8.736645,26,1827.278803
6.071954,20,1827.805903
4.823956,17,1828.270343
9.393579,29,1838.550472
5.271915,19,1839.240761
6.390096,21,1839.79856
9.227126,28,1840.615334
7.734479,24,1841.253187
7.422574,24,1841.886659
7.6924,24,1842.502509
8.845816,28,1843.217139
6.956766,23,1843.812615
6.846521,23,1844.407197
8.443532,27,1845.102164
7.52174,24,1845.827074
6.628198,22,1846.635159
6.647377,22,1847.325264
7.41488,23,1847.958549
7.702208,24,1848.621529
7.040481,23,1849.22556
5.843575,20,1849.739239
8.69829,27,1850.440604
7.513718,24,1851.05032
7.046923,23,1851.648376
6.855965,22,1852.221581
6.251834,20,1852.735443
3.676788,27,1853.425244
7.159897,23,1854.019897
7.935603,25,1854.798752
7.400301,23,1855.431521
7.688736,24,1856.073891
2.307652,23,1856.683963
2.191212,23,1857.280701
6.518542,21,1857.831263
8.33024,26,1858.570559
8.167444,25,1859.290884
7.673222,23,1859.911865
8.402212,25,1860.56571
5.609653,19,1861.068392
8.880105,28,1861.795429
7.073101,23,1862.378943
6.634712,23,1862.964901
7.726653,25,1863.590083
7.847528,25,1864.232572
6.183769,21,1864.766839
9.271735,28,1865.491322
7.598887,24,1866.107692
9.537491,29,1866.849876
7.037118,23,1867.440691
5.587269,19,1867.925323
5.539249,18,1868.399101
7.461837,24,1869.009213
7.954517,26,1869.668657
7.789171,25,1870.302944
7.514952,23,1870.894136
6.533996,22,1871.459729
7.894195,25,1872.097027
7.921039,24,1872.700476
8.061767,26,1873.364401
7.151488,23,1873.941159
7.576305,24,1874.557701
7.609346,25,1875.18216
7.560889,25,1875.823268
9.938839,30,1876.719522
2.453281,23,1877.616197
9.763898,30,1878.432964
7.678413,24,1879.092564
7.209344,22,1879.655668
6.869864,22,1880.211634
6.772255,22,1880.783481
7.582991,24,1881.515388
8.01164,25,1882.29881
9.165901,28,1883.032537
6.594036,21,1883.682793
9.243297,28,1884.418764
7.477024,24,1885.132356
7.698745,25,1885.94441
8.705422,27,1887.025014
7.778266,24,1887.707955
6.722194,22,1888.317139
7.397351,24,1888.945957
6.449361,21,1889.496849
8.415457,26,1890.347621
6.841262,23,1891.037095
3.352225,26,1891.730962
6.984102,23,1892.354639
6.934126,23,1893.067948
7.221837,23,1893.773955
6.172921,21,1904.184333
6.683229,21,1904.736857
5.822797,20,1905.261986
8.497732,27,1905.954863
7.466116,24,1906.574276
7.894631,25,1907.219331
6.974874,22,1907.79274
5.473968,19,1908.275483
6.899344,23,1908.858641
8.453891,26,1909.535307
7.616042,24,1910.124626
6.543917,22,1910.694511
6.57191,22,1911.26601
8.038118,25,1911.891082
6.815788,22,1912.461778
8.063349,26,1913.127191
5.077252,30,1913.898535
7.791101,24,1914.514323
8.630438,27,1915.213924
7.0194,23,1915.858673
7.318625,24,1916.652924
7.906242,25,1917.357463
7.812787,25,1918.028802
6.561596,21,1918.555661
7.937393,25,1919.201013
7.658013,25,1919.845942
6.90122,22,1920.419851
7.798159,25,1921.061184
9.990279,31,1921.842937
6.733896,22,1922.416377
6.302071,20,1922.944079
7.817205,25,1923.585352
7.204259,23,1924.17754
6.493618,22,1924.740246
7.633653,23,1925.336865
7.229294,23,1925.922736
8.544405,26,1926.576555
7.479843,24,1927.186315
7.621736,24,1927.797145
6.125413,21,1928.34484
8.171774,27,1929.044002
8.641659,27,1929.735126
3.012755,25,1930.378481
6.846355,23,1930.961236
4.364538,16,1931.377322
7.617118,24,1932.011522
8.109106,26,1932.67883
6.358689,21,1933.244875
8.366241,27,1934.201421
9.163474,28,1934.937946
8.084807,26,1935.629614
8.108276,25,1936.280762
7.633873,25,1936.918779
8.300728,26,1937.570032
3.124661,26,1938.278476
7.236397,24,1939.019434
7.810665,24,1939.656295
6.767737,23,1940.254292
9.204059,29,1941.005686
7.739637,25,1941.641929
7.382169,24,1942.257827
7.54922,24,1942.862072
6.313567,21,1943.396953
9.706441,31,1944.204853
7.649683,24,1944.81106
6.900905,22,1945.38063
7.767941,25,1946.021949
6.606353,22,1946.57988
9.745623,30,1947.350646
7.259712,24,1947.954481
2.683402,24,1948.573779
7.85066,26,1949.450015
8.686638,28,1950.235748
7.959356,24,1950.882712
7.526807,24,1951.518097
7.852066,25,1952.17433
7.678494,24,1952.809284
6.303545,21,1953.348224
7.571038,25,1954.079217
6.930988,23,1954.8491
7.092467,23,1955.486364
6.711149,22,1956.096036
8.914492,26,1956.774786
8.963473,28,1957.502431
5.850577,20,1958.004489
8.060829,26,1968.46595
9.562636,29,1969.234054
7.684256,25,1969.981251
2.8688,25,1970.644221
8.978703,28,1971.380694
9.122461,28,1972.11947
7.343239,24,1972.852369
8.208891,27,1973.566118
8.560946,27,1974.288395
6.307094,21,1974.822451
10.868929,34,1975.673181
7.21477,23,1976.359806
6.867322,21,1976.954406
6.268855,20,1977.497767
6.588108,22,1978.084798
7.659112,25,1978.738336
7.662619,24,1979.357467
8.415147,26,1980.021513
5.948601,20,1980.540649
6.7422,23,1981.131856
3.338548,26,1981.825905
7.25117,24,1982.616637
6.41936,21,1983.16892
8.439405,26,1983.854223
7.120573,23,1984.452337
6.736801,23,1985.043165
7.152257,24,1985.659833
6.586249,22,1986.230519
3.485959,26,1986.894574
3.276212,26,1987.573712
8.16424,25,1988.214921
7.912766,25,1988.860269
7.593891,24,1989.478207
7.322735,23,1990.059517
6.192251,20,1990.582976
6.654619,21,1991.119867
7.114992,23,1991.729275
8.227626,26,1992.395402
7.385351,24,1993.016902
7.411349,24,1993.623842
5.524984,19,1994.126239
7.65163,24,1994.733208
8.740883,28,1995.447803
6.449973,21,1995.999798
7.211148,23,1996.601089
7.23436,24,1997.208079
7.76447,25,1997.866374
7.743164,25,1998.678593
7.573147,24,1999.498889
8.096625,26,2000.228277
6.633213,22,2000.830772
4.400292,29,2001.582945
8.927216,27,2002.263216
7.010902,23,2002.831744
6.389194,21,2003.378792
4.761494,17,2003.806526
9.516005,30,2004.56758
7.82893,25,2005.195811
7.905454,25,2005.825081
8.556037,27,2006.589762
7.164351,24,2007.271157
8.690176,27,2007.984873
7.606085,25,2008.675151
2.888466,25,2009.562035
7.537504,24,2010.421977
8.292579,26,2011.278154
5.46259,18,2011.794847
7.984915,25,2012.511287
3.53528,26,2013.197359
8.347522,27,2013.887259
8.049863,26,2014.547101
6.900927,23,2015.138945
9.704442,30,2015.911722
8.991907,27,2016.613576
8.698785,27,2017.28815
4.16065,27,2017.979371
7.422198,24,2018.655205
6.881923,22,2019.4989
7.265557,24,2020.550358
7.571086,24,2021.225159
7.480348,24,2022.000469
7.634074,25,2022.821657
6.884276,23,2023.628857
8.273122,26,2034.046231
8.244273,24,2034.655409
7.64498,24,2035.263212
6.338401,21,2035.786811
8.400029,26,2036.445018
6.583797,22,2037.006306
8.150635,25,2037.648691
7.392109,24,2038.271324
5.932909,20,2038.801536
7.23157,23,2039.397521
7.08879,23,2039.993589
8.695609,27,2040.670039
7.237489,23,2041.258959
7.553609,25,2041.891999
7.242042,24,2042.497134
8.683388,27,2043.202823
7.958511,25,2043.849504
7.930048,25,2044.495033
7.752413,25,2045.127059
6.698271,21,2045.676602
8.064163,25,2046.335173
7.426243,23,2046.922386
7.789161,24,2047.529671
6.854509,23,2048.104245
3.911219,27,2048.817075
5.933067,20,2049.303771
8.140244,25,2049.960985
8.210172,25,2050.605754
7.755378,24,2051.215449
7.620211,25,2051.93612
8.266125,27,2052.743559
6.061177,20,2053.302132
9.444587,29,2054.085971
8.014872,26,2054.86139
7.789988,25,2055.527828
7.517727,24,2056.150593
6.846965,22,2056.731306
3.073074,25,2057.360592
9.069891,27,2058.036456
7.68776,24,2058.661186
6.804501,22,2059.345802
7.658199,24,2060.09445
6.372405,21,2060.66262
5.926847,20,2061.197166
7.928459,25,2061.852884
6.982357,23,2062.435225
7.065216,23,2063.030058
2.341545,24,2063.636053
8.245101,25,2064.265227
6.91463,22,2064.837662
6.796755,22,2065.411343
3.094065,26,2066.080664
8.056731,25,2066.725847
8.253281,27,2067.431085
7.123945,23,2068.01557
5.91951,20,2068.52971
6.983336,22,2069.09017
8.489986,27,2069.770845
7.512174,24,2070.391276
7.390709,24,2071.015025
8.277312,25,2071.649381
6.756446,22,2072.223476
7.892486,25,2072.863317
6.911405,22,2073.437048
7.092504,23,2074.038749
5.098129,18,2074.507095
5.868262,20,2075.033781
8.30678,26,2075.700264
6.579601,22,2076.277735
7.497516,24,2076.898756
6.096954,20,2077.411315
5.818083,20,2077.940216
7.295159,23,2078.536701
1.810939,23,2079.136892
8.090692,25,2079.779594
8.384236,25,2080.422626
3.581892,27,2081.116554
3.212189,26,2081.994117
6.82587,22,2082.86429
6.866993,22,2083.480712
4.063466,27,2084.220829
7.942875,25,2084.890909
7.418547,23,2085.490255
7.50363,24,2086.10993
7.669802,25,2086.759552
7.734326,24,2087.379219
6.60632,22,2097.618605
7.475495,23,2098.428307
7.786606,24,2099.136711
2.838904,25,2099.890903
6.664366,21,2100.488226
9.110854,28,2101.228019
7.013654,22,2101.795732
6.849047,22,2102.391402
8.430228,26,2103.100939
7.850644,25,2103.776479
7.114364,23,2104.391481
7.768558,24,2105.032674
8.430726,26,2105.725636
6.236728,21,2106.383287
8.648828,27,2107.203628
8.810882,27,2108.140463
7.767327,25,2108.862945
7.478574,23,2109.509373
4.039486,28,2110.25047
7.535187,24,2110.898807
6.654916,22,2111.483111
6.81841,22,2112.059398
7.510846,23,2112.676913
8.701496,26,2113.435699
7.518607,24,2114.514941
7.330414,23,2115.121669
6.374053,21,2115.701419
8.958573,29,2116.489853
7.93824,24,2117.127675
6.441172,21,2117.684617
9.195268,28,2118.427672
8.920737,28,2119.193052
7.689966,24,2119.814507
7.86567,24,2120.449486
8.375497,27,2121.17405
8.330526,26,2121.878246
8.690612,27,2122.592921
8.155761,26,2123.286978
7.416293,24,2123.933181
7.227737,23,2124.550131
9.537489,29,2125.2917
7.077261,23,2125.895402
7.44967,24,2126.548377
8.979318,27,2127.241981
8.930533,29,2128.0546
8.211955,25,2128.797249
3.160221,27,2129.54018
7.020491,22,2130.127701
3.594376,26,2130.795235
8.640991,27,2131.484646
8.27889,26,2132.149989
8.602185,26,2133.154557
7.402687,23,2133.763918
7.42048,23,2134.391942
6.491752,21,2134.955926
7.544217,24,2135.561304
8.521455,27,2136.265162
7.841484,25,2136.906439
7.718501,24,2137.525757
6.870133,22,2138.093544
7.411436,23,2138.939546
7.975206,25,2139.586437
7.963163,25,2140.230755
7.722044,24,2140.881657
7.111738,22,2141.575788
7.908205,24,2142.36827
7.723373,24,2143.071718
7.115834,23,2143.711428
7.046081,23,2144.326735
10.200446,31,2145.127995
6.721276,22,2145.698438
8.530758,26,2146.36742
7.413688,23,2146.963326
7.075904,23,2147.635209
6.716247,22,2148.300076
9.309013,28,2149.03791
3.698601,27,2149.759531
7.224433,23,2150.431799
6.401844,21,2151.366534
7.454787,24,2152.020826
7.149326,23,2152.72496
7.86556,24,2153.496607
8.175521,25,2154.156214
8.195815,25,2154.87144
6.43938,21,2165.461776
6.953828,23,2166.057795
3.300759,26,2166.723677
7.967692,25,2167.36776
8.045218,25,2168.009255
7.797455,25,2168.64754
7.439626,24,2169.265298
6.834116,22,2169.821676
8.295898,26,2170.480703
6.701966,22,2171.037297
7.906597,24,2171.650595
6.038444,20,2172.295295
8.311978,25,2172.976927
5.712816,20,2173.487627
3.58117,26,2174.164796
7.215024,22,2174.721092
8.042297,25,2175.360544
6.845961,22,2175.931808
6.280116,21,2176.464293
7.972679,25,2177.093926
7.953881,25,2177.733468
9.272955,29,2178.484215
6.776813,22,2179.042707
8.113142,25,2179.682712
6.933049,22,2180.241465
7.545677,24,2180.845783
8.861042,28,2181.587356
7.0539,22,2182.389493
7.771845,24,2183.057775
6.782527,22,2183.653991
6.082261,20,2184.182019
6.041944,20,2184.779504
8.031852,26,2185.556514
6.90896,22,2186.132439
7.016113,23,2186.743248
6.912381,23,2187.346404
8.059161,25,2187.991333
7.319501,23,2188.587215
6.87562,22,2189.145921
7.202559,23,2189.728013
7.246895,23,2190.324967
7.142243,23,2190.90838
7.477429,23,2191.503693
7.969584,25,2192.145696
6.208851,21,2192.681103
7.0762,23,2193.265023
6.747872,22,2193.824885
7.313265,23,2194.421325
7.287435,23,2194.999076
6.973445,22,2195.569062
9.981313,30,2196.331269
7.148941,23,2196.927763
3.963497,27,2197.626686
5.754568,19,2198.108751
6.826195,22,2198.667997
9.567095,27,2199.357556
7.587351,24,2199.970304
7.706832,23,2200.548666
8.066741,25,2201.203315
8.398541,26,2201.863364
3.267792,26,2202.526947
8.488484,26,2203.177106
7.86198,24,2203.780402
7.709984,24,2204.395469
6.085598,20,2204.889881
8.300967,25,2205.528258
6.40128,21,2206.077741
6.003914,20,2206.602327
7.22806,24,2207.220616
8.851754,27,2207.909763
3.331006,25,2208.551435
6.604071,22,2209.12835
6.85444,22,2209.698938
6.338134,21,2210.232495
7.474992,23,2210.926556
8.252347,26,2211.657103
7.213433,23,2212.28922
8.676789,27,2213.011579
7.186955,23,2213.7519
6.254934,21,2214.320177
6.181763,21,2214.868342
8.104176,25,2215.524564
8.414377,26,2216.371152
7.180728,22,2216.984275
3.213342,25,2217.652301
6.051111,20,2218.19518
7.176845,23,2218.779674
7.688833,23,2229.664971
7.201955,23,2230.25413
8.086704,25,2230.898784
8.217418,26,2231.566385
5.918134,20,2232.079217
7.669926,24,2232.697769
4.696288,29,2233.450542
6.819879,22,2234.027096
7.740169,24,2234.645123
7.062429,22,2235.238468
6.518641,21,2236.041676
5.388803,19,2236.536736
7.984687,25,2237.182302
5.819172,20,2237.688398
8.766901,27,2238.386689
6.967593,22,2238.945398
2.946073,25,2239.587343
7.643156,24,2240.189369
6.892465,22,2240.75512
7.907789,25,2241.395668
7.018746,22,2241.949703
7.852639,24,2242.566476
6.910945,22,2243.12314
8.751918,27,2243.823531
6.42566,21,2244.356611
7.026949,23,2244.95168
6.726001,22,2245.524139
6.578938,22,2246.095384
6.180409,21,2246.64346
5.79595,20,2247.168082
7.919238,26,2247.83165
8.512903,26,2248.4996
3.370815,27,2249.191633
7.123157,23,2249.787123
6.468528,22,2250.357854
8.113388,26,2251.014195
5.372057,19,2251.517773
8.349041,26,2252.184808
7.919488,24,2252.790258
5.97034,20,2253.32275
7.572446,24,2253.937164
7.293696,23,2254.519096
7.877418,24,2255.130319
4.196065,27,2256.014647
9.964647,29,2256.954286
9.618318,28,2257.810532
8.895517,27,2258.546841
8.087611,25,2259.21453
6.229748,20,2259.831906
7.071999,22,2260.399036
8.404385,25,2261.063689
7.788811,25,2261.713173
8.279632,26,2262.379827
7.287121,23,2262.979025
7.331332,24,2263.600001
9.350358,28,2264.315597
8.333864,25,2264.971832
7.662166,24,2265.573628
7.247519,23,2266.128406
8.592339,27,2267.167143
7.886425,24,2267.804308
7.713125,23,2268.41578
7.63236,24,2269.04569
6.846981,22,2269.618263
5.828636,19,2270.119019
7.465474,23,2270.709987
3.170953,25,2271.347898
7.713802,24,2272.051226
7.239711,22,2272.696916
2.975707,26,2273.442953
7.424988,23,2274.19055
8.518648,26,2274.881363
2.817514,24,2275.535754
3.942115,27,2276.395249
9.210009,28,2277.203425
7.402337,24,2277.957564
6.719041,22,2278.577386
8.530984,26,2279.284774
8.003296,25,2279.938527
7.920584,25,2280.598982
6.921735,22,2281.161362
8.482531,26,2281.896138
7.896022,25,2282.723932
4.543658,16,2283.141235
3.808046,27,2283.839626
8.651636,26,2284.53219
6.912041,23,2295.19273
6.534504,21,2295.728906
5.575404,19,2296.219684
7.260083,23,2296.801982
2.566244,23,2297.383183
3.496405,26,2298.065835
7.857744,25,2298.700061
7.234176,24,2299.318319
8.109055,25,2299.958755
8.183709,26,2300.625208
6.24677,20,2301.139505
8.686444,27,2301.830757
7.833073,25,2302.47106
6.627691,22,2303.034379
8.501529,26,2303.702832
6.660475,21,2304.249888
6.390537,21,2304.782615
9.036145,28,2305.510584
6.511978,21,2306.062914
8.114048,25,2306.706583
6.223621,20,2307.218255
6.874533,22,2307.788405
6.866292,22,2308.363843
2.82052,24,2308.982663
6.762542,21,2309.534702
3.15571,25,2310.350505
7.629909,24,2310.990367
3.312257,26,2311.674133
6.791847,22,2312.252026
5.913366,32,2313.07466
7.012834,22,2313.648448
7.524779,24,2314.271126
6.549831,21,2314.814897
6.836385,23,2315.39484
6.430072,21,2315.928794
9.380193,29,2316.664459
8.278932,26,2317.332299
6.419456,22,2317.886837
4.193522,28,2318.617372
3.138462,25,2319.262031
7.989065,25,2319.889347
6.750861,22,2320.421988
7.578279,24,2321.141495
6.692042,21,2321.747044
8.146096,26,2322.435466
7.159265,23,2323.032439
7.368913,24,2323.658935
6.761711,22,2324.234292
6.760507,22,2324.899447
7.50472,24,2325.634538
8.012075,25,2326.326278
8.483476,26,2327.11325
7.776336,24,2327.786296
7.762909,24,2328.427621
8.23723,25,2329.085838
8.325134,25,2329.731372
6.9085,22,2330.265742
9.088775,28,2330.990572
6.548688,21,2331.51626
8.151227,25,2332.162092
6.877068,22,2332.719959
7.100809,23,2333.318602
8.355723,25,2333.953514
7.961816,25,2334.601255
6.512868,22,2335.174767
9.022907,27,2335.864346
8.358073,26,2336.534603
6.508053,22,2337.109206
6.760462,22,2337.669255
8.215783,25,2338.31997
8.328444,27,2339.014904
7.478455,24,2339.635766
8.207358,25,2340.303848
6.312771,20,2340.934555
8.6227,27,2341.934225
8.397915,26,2342.7355
7.741316,24,2343.563294
7.572355,23,2344.181595
7.267031,24,2344.833144
3.166685,25,2345.481895
7.158903,24,2346.259842
6.104418,20,2346.801853
7.905985,25,2347.463743
6.349877,20,2348.017817
7.027461,22,2348.564524
5.657896,20,2349.076695
5.461787,19,2359.545283
7.597738,25,2360.418157
8.049005,24,2361.135373
9.605313,29,2361.945099
6.594958,22,2362.523742
7.285357,24,2363.144177
7.074577,23,2363.739514
4.547728,29,2364.477006
2.235676,23,2365.056722
7.743937,24,2365.674355
8.126326,25,2366.316678
4.973032,18,2366.781214
3.9057,28,2367.49637
7.121314,22,2368.069142
7.07978,23,2368.650349
9.697401,30,2369.410864
6.619055,21,2369.946352
7.492568,23,2370.540588
7.686308,24,2371.160728
9.279338,28,2371.872466
8.299492,26,2372.538046
8.808707,27,2373.233606
7.82292,25,2373.882779
7.770504,24,2374.502348
6.549068,22,2375.07286
6.632518,22,2375.614686
7.48055,24,2376.232709
7.018515,23,2376.816314
5.195096,18,2377.293807
9.116591,28,2378.004147
8.836095,28,2378.714261
7.354341,23,2379.412368
7.699523,24,2380.291944
7.284007,23,2380.90288
9.39883,29,2381.752818
5.410162,19,2382.351207
7.349236,23,2382.948169
8.179888,26,2383.641039
8.875303,27,2384.33038
7.356379,24,2384.930301
7.685001,25,2385.567242
7.087091,23,2386.159309
7.406882,23,2386.75225
7.864441,25,2387.390996
6.931907,23,2387.984089
7.972736,24,2388.603966
6.859799,22,2389.178685
6.320884,20,2389.686668
8.583314,27,2390.379217
7.716074,24,2390.997127
7.682209,25,2391.654767
7.77347,24,2392.273281
8.787521,27,2392.95925
9.187012,29,2393.714533
7.013856,24,2394.50032
6.397403,21,2395.065534
8.888011,27,2395.776086
6.737815,22,2396.354128
3.355639,26,2397.031918
8.441075,26,2397.698616
6.596478,22,2398.271031
6.632843,21,2398.821376
8.117175,26,2399.48597
7.265215,23,2400.08112
8.876058,27,2400.771209
7.101579,23,2401.369286
8.616507,28,2402.06835
7.728633,25,2402.709883
3.126197,25,2403.532656
8.214338,25,2404.421299
6.591862,22,2405.080552
6.978096,23,2405.919216
7.910999,26,2406.731112
7.815383,25,2407.611895
7.156122,23,2408.224656
7.296958,24,2408.861468
8.23362,26,2409.51732
4.520857,28,2410.24395
9.780137,30,2410.992383
7.762904,24,2411.598976
1.284828,20,2412.113315
9.253352,30,2412.874042
6.733558,22,2413.445679
3.277014,26,2414.126291
7.69138,25,2424.887078
7.806912,26,2425.550234
3.574716,28,2426.261802
8.681596,27,2426.95498
6.8671,23,2427.548976
2.932585,25,2428.189495
6.642317,22,2428.911861
3.934987,29,2429.667981
7.102045,23,2430.278728
8.457228,27,2430.973002
8.714584,27,2431.659976
7.582445,25,2432.314236
8.167316,26,2432.984735
4.768929,30,2434.076937
6.434974,22,2434.775978
8.151867,26,2435.572484
8.260234,27,2436.391058
8.205609,26,2437.082696
6.49332,22,2437.65741
8.570295,27,2438.349385
7.306387,24,2438.96877
8.333148,26,2439.62385
8.277374,26,2440.275225
7.987627,26,2440.941439
5.751085,20,2441.44025
7.491762,25,2442.082273
6.78674,22,2442.639072
6.469117,22,2443.210516
6.455169,21,2443.757857
6.610899,22,2444.329551
8.057835,25,2444.97244
8.207396,27,2445.661866
6.962283,23,2446.257775
8.006815,25,2446.90098
7.011899,23,2447.496744
2.767967,25,2448.171766
8.260438,26,2448.934957
7.560451,24,2449.57903
7.573945,24,2450.229916
6.44354,22,2450.777442
7.734674,25,2451.410326
7.156284,24,2452.030382
8.608748,27,2452.720668
8.284585,25,2453.364967
8.157809,26,2454.030113
7.032565,23,2454.622592
6.241456,21,2455.170909
4.638533,30,2455.927747
8.59034,27,2456.613868
7.771167,25,2457.251006
7.077206,23,2457.83936
7.490956,24,2458.457441
7.269802,24,2459.073073
6.825718,23,2459.663882
9.365521,29,2460.505021
6.326738,22,2461.087929
7.371287,24,2461.72193
6.119288,21,2462.274285
6.284908,21,2462.932165
9.248952,29,2463.752735
7.717021,25,2464.418181
9.933229,31,2465.219769
9.619898,29,2466.159132
7.062895,24,2466.815124
8.499501,27,2467.542375
7.069432,23,2468.124207
8.524597,27,2468.830688
5.906108,20,2469.341225
7.940606,25,2470.088864
3.767637,27,2470.828
8.73148,28,2471.564169
8.152193,26,2472.236948
7.809991,25,2472.994591
6.995713,22,2473.607602
7.084826,24,2474.252557
6.794292,22,2474.832108
7.665415,25,2475.4648
7.241564,24,2476.192451
6.828622,23,2476.796181
7.036853,23,2477.41015
6.593124,22,2477.997438
8.465698,26,2478.641962
5.635377,19,2479.147626
5.83535,20,2489.816956
6.995594,23,2490.413382
7.09149,23,2491.011533
6.026098,21,2491.533999
8.984314,28,2492.248707
7.344956,23,2492.831794
7.606307,24,2493.46989
7.407731,24,2494.095424
9.851445,30,2494.869554
3.181924,25,2495.508833
6.466362,22,2496.076379
8.178921,26,2496.747974
7.893779,25,2497.390715
7.252403,24,2498.022208
7.225804,24,2498.642002
7.868372,24,2499.257121
7.709401,25,2499.882475
3.32886,27,2500.567172
8.207638,26,2501.231828
9.142822,28,2502.072493
8.847404,28,2502.887621
2.605037,25,2503.556506
7.147343,23,2504.183676
7.499594,24,2504.804406
8.187661,26,2505.458701
7.994303,26,2506.125783
6.643578,22,2506.698281
3.648103,27,2507.389765
4.444571,29,2508.142195
7.836598,25,2508.789588
8.291491,26,2509.444131
7.746307,25,2510.075068
4.200512,29,2510.826758
7.399944,24,2511.435881
8.198118,25,2512.064474
6.023475,20,2512.580183
2.573135,24,2513.201605
7.405345,24,2513.821137
8.243759,26,2514.486671
6.817896,22,2515.061492
7.053259,23,2515.656912
8.502737,27,2516.365238
8.684896,27,2517.059072
6.784272,22,2517.618586
7.862006,25,2518.262563
7.780507,26,2518.916339
8.468533,27,2519.607772
6.922031,23,2520.202829
7.200274,23,2520.852364
6.948083,23,2521.549727
6.638102,22,2522.108567
9.078576,28,2523.137948
7.581595,25,2523.799799
9.681867,30,2524.597718
7.412521,24,2525.264431
7.742744,24,2525.882549
6.307601,21,2526.417409
6.602367,22,2526.977628
5.601448,19,2527.476279
7.803659,25,2528.119269
6.478076,22,2528.692319
6.882921,23,2529.284214
6.837427,22,2529.849889
9.979424,30,2530.724794
8.310942,26,2531.424458
7.523672,24,2532.178734
9.112631,28,2533.015958
7.456152,24,2533.781356
8.640851,27,2534.495906
6.265514,21,2535.059385
8.958263,29,2535.865664
7.193941,24,2536.678563
7.93815,25,2537.70783
8.017893,25,2538.392576
6.717516,22,2538.982018
7.842435,25,2539.626537
8.003931,26,2540.29284
8.518927,26,2541.128783
7.6456,25,2541.887685
7.772242,25,2542.583022
7.047468,23,2543.218428
8.873085,28,2543.948653
2.011201,23,2544.533726
7.725887,25,2555.241222
7.509175,24,2555.904078
6.92637,23,2556.590124
6.702853,22,2557.235268
7.708006,24,2557.895514
6.086354,21,2558.463973
5.798614,20,2558.991456
9.314076,29,2559.730273
6.842557,22,2560.334027
7.962313,26,2561.183633
7.849965,25,2561.884604
6.86826,22,2562.497852
6.428087,21,2563.065732
3.209871,26,2563.740149
8.193542,26,2564.40997
8.884515,28,2565.138646
8.221627,26,2566.190211
7.055288,23,2566.823981
6.906418,23,2567.449443
6.811611,23,2568.050674
7.556712,25,2568.699575
7.008145,23,2569.30784
6.648656,21,2569.842969
7.570649,24,2570.467958
6.904768,23,2571.050516
9.674521,29,2571.783629
6.901569,22,2572.360013
7.023599,23,2572.939472
8.611612,27,2573.641607
8.851363,28,2574.35184
7.825772,25,2574.9914
7.303479,24,2575.605921
8.40456,26,2576.258101
3.215599,27,2576.945592
7.194521,24,2577.561648
7.188729,23,2578.156565
8.076978,25,2578.787126
8.259985,26,2579.456891
7.322284,24,2580.073901
7.856185,26,2580.739791
3.345109,26,2581.406358
6.160614,21,2582.126184
7.018141,23,2582.777665
3.759113,28,2583.515562
6.946417,23,2584.145212
5.51013,19,2584.636078
9.28218,28,2585.363394
8.302453,26,2586.031089
7.773721,25,2586.677695
2.340764,23,2587.364995
2.261201,23,2588.018494
7.172227,23,2588.653687
8.224267,25,2589.327274
9.394935,28,2590.040862
2.808138,25,2590.671937
7.112993,23,2591.254292
9.239491,29,2591.979591
6.402597,21,2592.5298
7.111807,23,2593.111553
7.824084,25,2593.743448
7.584731,25,2594.370837
7.266288,24,2594.989329
8.768781,28,2595.690363
7.364285,24,2596.312698
7.657567,24,2596.930987
7.821957,25,2597.706531
7.083186,23,2598.337005
7.751514,25,2599.050465
7.474574,24,2599.755002
7.438127,23,2600.368435
7.718624,25,2601.081547
8.836021,27,2602.044017
9.969378,30,2602.824832
6.351943,21,2603.389513
7.130869,23,2603.984662
7.2522,23,2604.5812
2.815777,26,2605.245785
8.403487,27,2605.935192
2.133784,23,2606.529383
8.161612,26,2607.196002
6.999177,22,2607.755152
8.192399,26,2608.42007
6.473316,22,2608.990401
6.956721,22,2609.560961
8.369827,27,2620.274168
8.879482,28,2620.991209
7.298922,24,2621.610361
7.500394,25,2622.25225
7.271324,24,2622.856951
8.147654,26,2623.545732
2.542716,25,2624.348018
8.180414,26,2625.046427
6.993993,24,2625.703687
8.168803,26,2626.389937
6.878431,23,2626.98702
8.164983,27,2627.664789
7.29586,24,2628.286828
7.328731,24,2628.914628
8.777103,28,2629.633185
7.204471,24,2630.253013
7.957551,26,2630.919744
7.34647,24,2631.539048
8.225966,27,2632.217349
6.103742,21,2632.76995
7.637398,25,2633.41381
7.442534,24,2634.032995
1.802145,23,2634.617444
8.098858,26,2635.285022
7.274944,24,2635.8909
9.07356,29,2636.617361
9.009623,29,2637.371741
2.011637,23,2637.956365
10.358883,32,2638.850752
9.227113,29,2639.680754
7.277191,24,2640.323423
9.034445,29,2641.089892
7.538194,25,2641.722451
7.105814,23,2642.332217
10.222866,32,2643.293064
7.972924,25,2643.978921
3.407949,27,2644.680687
9.057843,29,2645.413206
9.268383,29,2646.150219
8.679497,28,2646.971342
7.667709,25,2647.644395
6.895333,23,2648.297812
7.629904,24,2649.071457
6.764699,22,2649.66595
7.086809,23,2650.37097
8.339381,27,2651.14625
7.466463,24,2651.76984
7.849487,26,2652.451103
6.976584,23,2653.047539
9.158807,29,2653.797161
3.492244,27,2654.490469
5.425553,19,2654.992693
4.013767,29,2655.718771
7.531056,25,2656.351606
7.475244,24,2656.968793
6.896736,23,2657.785902
8.173564,26,2658.564037
7.59415,25,2659.234358
7.36124,24,2659.858543
7.61359,24,2660.533216
8.416862,26,2661.326898
6.934496,23,2661.95369
4.726661,30,2663.035235
7.915503,26,2663.750534
6.85454,23,2664.382754
8.442104,27,2665.165709
7.772707,25,2665.894781
9.147263,30,2666.675834
8.491896,26,2667.377888
3.98019,29,2668.137468
5.688831,20,2668.934865
3.40188,27,2669.77038
5.83892,21,2670.357794
8.178378,27,2671.097944
7.999994,26,2671.766943
8.329406,27,2672.459503
6.497873,22,2673.034209
7.790983,25,2673.692422
9.077938,29,2674.437384
6.836383,22,2674.995625
8.215899,26,2685.783251
7.071482,24,2686.470533
7.563076,24,2687.186073
6.268873,21,2687.8806
8.391622,27,2688.699815
7.716747,24,2689.342004
8.335421,27,2690.050429
3.251935,27,2690.739758
3.653024,28,2691.448268
8.685908,28,2692.170485
6.816138,23,2692.771194
6.670147,23,2693.363884
7.418264,25,2694.005365
6.639999,22,2694.565864
8.696555,27,2695.250903
7.456937,24,2695.867789
8.262269,27,2696.559234
10.501718,32,2697.368796
8.01896,25,2697.998963
7.00224,23,2698.585522
8.101098,26,2699.25367
7.707408,25,2699.895029
6.965196,23,2700.491987
9.013299,28,2701.220075
6.942341,23,2701.818777
7.213074,24,2702.441307
8.096766,26,2703.108136
7.24462,24,2703.728196
5.745041,20,2704.24484
9.239486,29,2704.996064
8.159615,26,2705.663337
6.927061,23,2706.261306
5.75155,19,2706.738077
7.301947,24,2707.345732
7.075326,24,2707.953121
9.412453,29,2708.702734
9.344361,28,2709.519792
6.84224,23,2710.207293
7.801375,25,2710.892747
9.158673,29,2711.667371
2.580974,24,2712.287713
7.887911,25,2712.934821
6.255934,22,2713.511875
8.243814,26,2714.166017
6.942707,23,2714.750331
9.369662,29,2715.492865
8.054336,25,2716.11992
5.669205,20,2716.635899
7.783315,25,2717.279676
7.857928,25,2717.924102
8.277479,26,2718.59414
7.261794,23,2719.192883
6.90112,23,2719.771639
7.618562,24,2720.380028
7.75771,25,2721.011669
6.532499,22,2721.569118
6.734099,22,2722.138565
8.052496,27,2722.816514
7.998916,26,2723.470936
8.417496,27,2724.325132
9.48252,30,2725.272044
8.832847,28,2726.110753
6.47411,22,2726.721189
7.070684,24,2727.3757
6.937617,23,2727.97485
7.518828,25,2728.62447
7.816473,26,2729.29498
8.697934,28,2730.011503
7.706676,25,2730.65504
7.799246,25,2731.302128
7.537342,24,2731.910486
8.27626,27,2732.585051
8.823373,28,2733.318842
6.791086,23,2733.922518
8.343877,27,2734.61729
7.641113,25,2735.248574
7.491555,24,2735.84236
7.342496,24,2736.45197
7.267954,24,2737.08175
7.32826,24,2737.702176
4.168749,29,2738.455471
3.256756,27,2739.134283
7.264626,24,2750.187826
6.915752,23,2750.84851
8.032233,26,2751.5501
8.842838,28,2752.280944
6.901292,23,2752.878068
8.766991,28,2753.746984
3.209671,27,2754.461507
8.59235,28,2755.209801
8.76992,28,2756.029064
8.513418,27,2756.848337
3.26816,27,2757.700385
8.141305,26,2758.42105
5.496474,20,2758.96414
2.49415,25,2759.613119
5.455265,19,2760.133688
6.532621,22,2760.762216
7.000406,23,2761.418455
10.136359,32,2762.250482
7.199233,24,2762.869645
6.556303,22,2763.429601
8.317102,26,2764.119074
4.148268,30,2764.87827
6.791243,23,2765.455616
7.607911,25,2766.097106
8.433092,27,2766.784485
2.75257,25,2767.424775
7.472722,25,2768.066458
8.105874,26,2768.789124
8.865188,28,2769.701648
7.058095,24,2770.358961
7.271963,24,2770.99982
7.19562,24,2771.624456
6.669797,22,2772.425514
4.019736,29,2773.212398
8.074734,27,2773.957857
6.993648,23,2774.555925
8.10544,26,2775.223385
6.733465,23,2775.816305
8.27257,28,2776.528999
6.886913,23,2777.125627
7.960343,25,2777.755542
5.254361,19,2778.263787
9.059172,29,2779.16014
5.755234,20,2779.686602
7.334511,24,2780.309942
7.749021,25,2781.027491
8.102069,26,2781.931915
8.410332,27,2782.64459
8.589353,27,2783.355664
6.840492,23,2783.924748
6.440388,22,2784.483163
3.445553,27,2785.329349
7.901017,26,2786.020178
7.106632,24,2786.655906
8.757867,28,2787.366446
7.710377,26,2788.035786
7.26282,24,2788.643915
6.223531,21,2789.203138
8.785964,28,2790.050387
9.273642,29,2790.892572
9.315452,30,2791.708009
2.797269,26,2792.397744
6.944635,23,2792.977588
7.983333,26,2793.647162
7.840818,25,2794.279409
6.516119,22,2794.830559
9.004665,29,2795.570603
6.234087,21,2796.125283
3.037044,26,2796.916908
6.692434,23,2797.515276
9.526964,30,2798.326252
8.992104,28,2799.072231
9.129701,29,2800.014183
2.951918,27,2800.730664
7.275372,24,2801.387233
8.006895,25,2802.0468
7.819728,25,2802.691121
6.85292,23,2803.284937
8.233301,26,2803.938678
7.572506,25,2804.581455
8.176418,26,2805.230423
8.619934,27,2815.950785
6.741771,22,2816.497859
9.654009,30,2817.263644
8.23975,26,2817.932064
8.659285,28,2818.648871
6.72058,23,2819.248942
7.438074,24,2819.87149
7.874674,25,2820.504045
5.517474,19,2821.105266
6.958106,23,2821.821097
8.134925,26,2822.510026
7.21842,24,2823.145383
7.067178,23,2823.755279
8.032912,26,2824.434694
7.843092,25,2825.083196
6.861594,23,2825.656236
6.99822,24,2826.261904
7.871653,26,2826.941084
7.275155,24,2827.562551
7.225423,23,2828.162186
8.631797,28,2828.879047
6.780634,23,2829.473211
7.869962,26,2830.125972
8.503463,27,2830.819222
5.635448,20,2831.331636
6.810261,23,2831.965038
7.291347,24,2832.709003
2.850551,25,2833.374061
7.32136,24,2834.01827
8.103868,27,2834.712729
6.908598,23,2835.28424
7.436035,25,2835.917605
7.644411,25,2836.552311
7.997574,25,2837.206357
8.116395,25,2837.841541
7.303974,23,2838.411497
3.740165,27,2839.093765
7.299595,24,2839.708261
6.776134,23,2840.286696
7.103951,23,2840.879739
7.457975,24,2841.496695
6.757443,23,2842.075183
2.169347,24,2842.692372
7.385711,24,2843.308881
3.968506,28,2844.024028
10.086869,32,2844.817823
8.909368,29,2845.553182
7.483619,25,2846.195933
7.040974,23,2846.791092
6.953634,23,2847.385216
8.530589,27,2848.079894
7.581958,25,2848.729011
6.749526,22,2849.302579
5.766352,33,2850.131601
6.228677,21,2850.777971
8.944649,29,2851.700172
7.684898,25,2852.486352
8.337377,26,2853.200628
7.161067,23,2853.830334
7.500564,25,2854.482328
8.043298,26,2855.1504
7.348753,24,2855.769457
7.796947,25,2856.410996
8.145339,26,2857.232946
7.278731,24,2857.869798
7.119394,23,2858.501626
8.484373,27,2859.21595
7.675179,25,2859.944125
6.825584,23,2860.602206
7.677634,25,2861.293722
7.187882,24,2861.907257
6.587592,22,2862.479696
8.688633,27,2863.183435
7.792715,25,2863.832797
6.585136,22,2864.575249
8.068536,25,2865.262989
7.759109,26,2865.96853
7.151194,23,2866.575923
7.539997,25,2867.205048
6.994839,23,2867.798256
8.899811,28,2868.513022
7.740379,25,2869.232433
7.166445,24,2880.594157
8.344868,26,2881.370674
5.778697,20,2881.98854
5.947089,20,2882.510865
7.815712,26,2883.176606
8.040062,26,2883.847555
7.603433,25,2884.488151
7.688989,24,2885.105302
8.522062,27,2885.795648
7.303514,24,2886.398919
5.758569,20,2886.908993
2.959197,25,2887.548863
7.589633,24,2888.15259
7.438083,24,2888.771049
8.606071,27,2889.473541
3.206297,26,2890.138461
7.764538,25,2890.766558
7.172485,24,2891.37294
7.712994,25,2892.013825
7.142771,24,2892.604291
2.796719,25,2893.247293
6.990545,23,2893.844998
7.549813,25,2894.489269
7.656851,25,2895.132229
6.27849,22,2895.704843
8.060603,25,2896.346661
7.642523,24,2896.980049
7.350508,23,2897.547246
5.288011,19,2898.047698
8.262925,26,2898.703424
7.874025,25,2899.343916
7.949607,26,2900.00999
7.432315,24,2900.628972
9.203017,28,2901.34213
7.086385,23,2901.925168
8.377092,27,2902.629224
7.260974,24,2903.247642
7.366914,24,2903.857379
6.412915,22,2904.398957
8.991731,28,2905.122932
6.023912,21,2905.834062
7.544478,25,2906.537903
7.52704,24,2907.166592
9.14122,29,2907.945366
5.630341,20,2908.44183
7.738914,25,2909.087968
7.295661,24,2909.705467
7.082082,23,2910.30076
8.371585,27,2910.989362
3.427973,27,2911.858681
8.15968,26,2912.550992
7.79551,25,2913.211026
8.830684,27,2913.916361
2.704042,25,2914.541899
6.933472,22,2915.093138
6.850776,23,2915.671503
6.89794,23,2916.264009
7.048861,23,2916.912572
7.430148,25,2917.65385
8.763309,27,2918.379582
6.437577,22,2918.98547
7.518168,24,2919.607898
7.619834,25,2920.247633
7.085931,23,2920.843319
6.463102,22,2921.404525
8.95749,28,2922.116686
7.985798,26,2922.795342
9.08345,28,2923.509158
7.408642,24,2924.130754
7.611307,25,2924.771558
9.560353,30,2925.528145
5.733054,20,2926.039716
9.038145,28,2926.90371
8.794793,27,2927.636458
8.467753,27,2928.342266
6.693486,22,2928.934
7.280894,24,2929.539371
7.430407,24,2930.254882
3.080083,26,2931.033998
7.390432,24,2931.692173
3.020925,26,2932.399081
7.004357,23,2932.983243
7.318798,24,2933.584634
7.979223,26,2944.497608
6.080087,21,2945.034977
7.691012,25,2945.668791
2.837933,25,2946.310099
6.455889,22,2946.867883
5.25322,19,2947.343017
8.077681,25,2947.981072
7.349447,24,2948.596249
7.465844,24,2949.215704
7.040237,23,2949.813305
6.56637,22,2950.384167
8.708916,28,2951.089771
7.132158,24,2951.707791
8.234422,26,2952.370686
8.373786,26,2953.033022
9.122031,28,2953.974896
7.797048,25,2954.75968
2.20932,23,2955.384739
7.682205,25,2956.072524
7.310973,24,2956.707422
7.288724,24,2957.319184
7.856992,25,2957.954675
3.590974,27,2958.642154
7.577398,25,2959.28445
8.222737,26,2960.022051
5.603675,20,2960.590499
8.749807,27,2961.299489
7.910006,26,2961.978313
8.794339,28,2962.705575
7.429091,24,2963.310231
2.918092,26,2963.991169
8.370349,27,2964.823293
8.319132,27,2965.552691
8.604962,27,2966.318121
2.677078,24,2967.042441
6.575023,22,2967.621103
1.78492,22,2968.21225
9.048004,28,2968.934052
7.08402,23,2969.532043
6.941784,23,2970.118157
7.77062,26,2970.774847
7.712267,25,2971.419025
8.444215,27,2972.357775
9.05961,29,2973.148965
3.648924,27,2973.888632
8.761616,28,2974.611671
8.272466,26,2975.28167
9.893387,29,2976.023341
8.972723,28,2976.859114
7.963472,25,2977.666598
8.287031,26,2978.629839
4.080994,28,2979.433107
6.996249,23,2980.059314
8.108952,26,2980.832669
7.387637,24,2981.638735
6.819461,23,2982.393063
7.082623,23,2983.038666
8.553693,27,2983.802297
8.090072,26,2984.480868
8.206694,27,2985.175431
9.40072,29,2985.922119
7.350705,24,2986.543789
9.200045,28,2987.258959
7.083254,23,2987.852692
6.660177,22,2988.510145
7.792794,25,2989.209266
8.79566,27,2989.920085
6.605285,22,2990.489461
6.574696,22,2991.030166
7.597926,25,2991.732425
3.366402,26,2992.532143
8.539879,27,2993.279457
7.595543,24,2993.93219
7.656693,25,2994.582768
7.238238,24,2995.202852
8.481822,27,2995.882855
10.372561,32,2996.692339
8.965103,28,2997.426856
8.235808,26,2998.095239
9.733164,30,2998.859482
7.518818,25,2999.50485
7.329122,24,3010.376217
6.678961,23,3010.979003
6.268785,21,3011.503612
2.653613,24,3012.126297
7.308079,24,3012.721625
6.125169,21,3013.274086
7.597018,25,3013.923984
7.143007,23,3014.510885
8.383364,27,3015.203018
6.643686,22,3015.766772
8.087847,26,3016.438879
7.251452,24,3017.048077
7.768182,26,3017.714449
7.72479,25,3018.361833
7.126945,23,3018.963453
8.963839,28,3019.678916
7.976065,26,3020.332251
7.710691,25,3020.976915
8.047265,26,3021.630995
6.505797,22,3022.193138
7.559333,25,3022.835217
8.656399,28,3023.55482
8.684513,27,3024.248859
6.13173,21,3024.796254
6.578535,22,3025.36562
9.065426,28,3026.09442
6.005254,21,3026.632774
7.660254,25,3027.268345
7.891856,26,3027.932864
6.666481,23,3028.529748
7.470634,24,3029.148263
6.277238,21,3029.656008
7.370902,24,3030.255179
8.836562,28,3030.988696
9.538677,30,3031.746291
10.315816,32,3032.553115
9.006386,29,3033.317932
8.518171,28,3034.215802
7.113199,23,3034.816603
3.370494,27,3035.525931
7.203073,24,3036.14887
7.599845,24,3036.782643
6.191273,22,3037.354029
8.058749,26,3038.166869
8.453232,26,3038.867049
3.063446,26,3039.560825
8.584936,27,3040.257699
6.586982,22,3040.816628
8.318249,27,3041.509058
3.633798,28,3042.227644
7.27173,24,3042.850209
7.395955,24,3043.457012
9.644649,30,3044.233116
7.482054,24,3044.926045
6.366673,22,3045.515642
7.952519,26,3046.199769
9.384693,29,3046.955143
7.151785,23,3047.554824
7.760674,25,3048.200716
8.348682,27,3048.902585
8.566839,27,3049.596206
7.89248,25,3050.24398
7.792678,25,3050.89199
8.295934,27,3051.589578
7.428767,24,3052.212449
8.965526,28,3052.95728
8.056893,26,3053.630034
7.666,25,3054.275255
8.936841,28,3054.994067
6.729811,22,3055.553822
9.465385,29,3056.305595
7.289465,23,3056.984133
3.222754,26,3057.740216
8.86766,28,3058.486907
8.360855,27,3059.284365
8.006629,26,3060.169913
6.484229,22,3060.964367
4.101846,28,3061.742003
7.84862,25,3062.414364
7.666375,25,3063.055858
7.744715,25,3063.697755
7.421425,24,3064.331424
8.427148,27,3075.292058
8.564768,27,3075.982233
7.206548,23,3076.610872
7.831994,25,3077.474708
7.811077,25,3078.16253
7.655026,25,3078.84562
8.079712,25,3079.6344
6.983612,23,3080.270662
7.10677,23,3080.923373
6.996618,23,3081.703117
8.189436,26,3082.550701
7.18343,23,3083.243436
6.525723,22,3083.823216
4.51047,29,3084.585011
6.540465,22,3085.131689
7.76564,25,3085.776613
6.727881,23,3086.374645
2.212707,24,3086.997038
7.434739,24,3087.833167
2.954491,25,3088.596183
8.206891,26,3089.301848
8.364539,26,3090.021344
4.405568,29,3090.757795
7.514015,25,3091.387211
6.255555,21,3091.921396
7.018974,23,3092.517894
7.950611,25,3093.160043
7.359374,24,3093.784714
7.686232,25,3094.428825
7.838082,25,3095.070445
4.177527,28,3095.769777
6.398687,21,3096.304937
7.227935,24,3096.928705
7.255432,24,3097.542538
8.140482,26,3098.205329
7.311334,24,3098.823579
7.636151,25,3099.467205
7.007184,23,3100.057409
8.566309,27,3100.745404
9.096691,28,3101.457129
7.335602,24,3102.078012
7.138855,23,3102.917354
5.462213,19,3103.423137
7.042321,23,3104.209386
7.174742,23,3104.841992
8.471324,26,3105.576058
7.753851,25,3106.232229
9.696428,30,3107.030001
7.971022,25,3107.693917
7.965937,25,3108.357101
8.160279,26,3109.088408
8.23605,27,3109.92545
8.189943,27,3110.681093
2.929687,26,3111.40349
7.602565,25,3112.06319
7.756615,25,3112.735769
9.326441,28,3113.474624
7.712945,25,3114.129604
8.033265,25,3115.070938
8.12626,26,3115.92319
9.191246,29,3116.752513
2.747035,25,3117.413351
8.77896,27,3118.131479
7.652001,24,3118.770734
8.011245,25,3119.445148
5.323738,19,3119.960768
9.006868,28,3120.70578
8.590325,26,3121.389719
7.642056,25,3122.06492
9.004205,28,3122.814037
6.782816,22,3123.416279
6.531836,22,3124.026955
8.083627,25,3124.694463
3.551605,27,3125.404096
7.806468,25,3126.076874
9.961767,30,3126.884964
8.401579,27,3127.599175
6.939155,23,3128.19257
7.932797,25,3128.85384
7.939184,26,3129.551586
6.854814,23,3130.170444
6.529997,22,3130.766304
8.263372,25,3141.622025
7.882947,25,3142.291039
4.898249,29,3143.053121
4.829512,17,3143.520113
7.738626,24,3144.146866
6.489761,21,3144.699929
8.005809,25,3145.365411
6.739286,22,3145.932796
8.913891,28,3146.676606
9.214869,29,3147.439745
7.800844,25,3148.103501
3.639336,26,3148.79138
7.878078,24,3149.416127
1.657459,22,3149.984818
3.375268,26,3150.672663
5.83882,20,3151.201629
7.656501,25,3151.862239
6.168823,21,3152.416943
6.669547,22,3152.978905
8.02105,25,3153.655533
8.844231,27,3154.373642
7.448372,23,3154.990093
7.819966,25,3155.637111
7.569897,24,3156.273086
7.467761,24,3156.923856
7.253763,23,3157.544769
2.412022,24,3158.178146
8.30195,26,3158.864309
7.431947,24,3159.606535
8.403667,26,3160.352157
7.723564,24,3161.001068
8.943354,27,3161.746176
7.422496,23,3162.497073
7.794888,26,3163.233167
8.10581,26,3163.970053
6.404208,21,3164.688165
3.573358,27,3165.464254
6.790956,22,3166.078268
7.997135,25,3166.783428
7.707964,25,3167.449451
7.494186,24,3168.095214
3.553548,26,3168.79383
3.55336,27,3169.537758
7.976671,26,3170.233439
8.014921,25,3170.906198
7.569184,24,3171.54905
6.500589,22,3172.204881
7.906627,24,3172.958159
7.570551,24,3173.614537
7.290203,24,3174.296203
6.15214,21,3174.883924
3.60639,26,3175.562126
7.831837,25,3176.22445
8.129621,25,3176.881641
8.366296,26,3177.68987
3.476349,26,3178.422137
7.139478,23,3179.080891
2.600117,24,3179.913937
7.358727,24,3180.546437
7.529004,24,3181.178588
3.636746,26,3181.857737
7.327464,24,3182.539312
8.198256,25,3183.426407
8.884226,27,3184.154482
7.356646,24,3184.877147
9.503592,29,3185.845693
6.567555,22,3186.554482
9.711105,30,3187.418016
6.830225,22,3188.17613
8.818352,27,3189.059608
7.598584,24,3189.748026
6.169663,21,3190.341473
7.54729,24,3190.980177
4.095248,28,3191.939974
8.070906,25,3192.631912
7.166631,23,3193.273374
6.626451,22,3193.899747
8.477177,27,3194.682227
7.9948,26,3195.414099
7.472404,24,3196.0299
5.867201,20,3196.545371
6.543233,22,3197.141765
7.064645,23,3197.761853
8.050914,25,3198.425957
7.770038,24,3209.280039
7.835293,25,3209.948698
8.309074,26,3210.628894
6.999444,23,3211.239736
8.866672,27,3211.963773
8.369093,26,3212.671313
7.730722,25,3213.351686
7.692596,25,3214.017346
7.033311,23,3214.621702
6.689533,22,3215.192447
7.544548,24,3215.810012
7.353766,24,3216.447056
7.072653,23,3217.05601
9.223534,28,3217.773087
9.123109,28,3218.474387
7.988874,26,3219.144643
4.322547,29,3220.012787
8.658929,27,3220.769398
7.028475,23,3221.571462
7.639617,24,3222.214086
7.425583,24,3222.846298
6.760759,22,3223.432272
6.777269,22,3224.012448
9.196995,28,3224.737807
7.967296,25,3225.377829
7.987083,25,3226.004096
7.008993,23,3226.571126
4.409789,29,3227.320347
7.382573,24,3227.947674
8.064261,25,3228.758387
7.302387,24,3229.399553
5.192293,18,3229.896148
6.318541,21,3230.434609
6.366056,21,3231.101764
7.45543,24,3231.739498
7.89691,25,3232.387926
6.670687,22,3232.978251
6.159549,20,3233.480357
8.585433,26,3234.146107
2.268025,24,3234.753627
3.947586,28,3235.451692
6.093758,21,3235.984603
7.686327,25,3236.62936
3.329991,26,3237.408353
8.509829,27,3238.276664
8.105706,25,3238.968982
6.6297,22,3239.575865
6.975036,23,3240.192745
7.727243,24,3240.816242
8.464858,26,3241.474544
3.195785,26,3242.161509
9.73295,29,3242.901641
8.598034,27,3243.607069
3.078317,26,3244.293464
2.979518,25,3244.940879
7.912884,25,3245.585905
6.90705,22,3246.158659
7.146863,23,3246.757022
5.722864,31,3247.556168
7.781108,25,3248.200835
6.687761,22,3248.760087
7.109642,23,3249.360569
7.924072,25,3250.019075
3.762863,27,3250.707205
7.763884,24,3251.328797
7.45069,24,3251.936927
7.163984,23,3252.520284
6.88129,23,3253.098821
7.625445,24,3253.720511
10.431548,31,3254.509063
7.832289,25,3255.149171
7.546722,24,3255.766687
7.537865,24,3256.382815
7.101769,23,3256.964611
8.555489,26,3257.626471
8.080807,25,3258.268139
6.626875,22,3258.837325
9.649682,29,3259.572389
5.976146,20,3260.186091
6.749632,23,3260.840543
5.829327,20,3261.36809
8.080601,26,3262.126998
7.125871,23,3262.759616
7.770535,25,3273.636881
7.423393,24,3274.265828
8.728781,27,3274.957137
9.051836,28,3275.697874
6.333,21,3276.219582
6.377906,21,3276.758181
3.227607,25,3277.393361
8.677617,26,3278.061715
6.596324,22,3278.634704
8.560304,27,3279.329029
9.25117,28,3280.060424
8.804996,27,3280.75463
6.668459,22,3281.328149
8.359055,26,3282.011741
8.208084,25,3283.042721
4.296976,28,3283.77759
8.389157,26,3284.516441
6.829597,22,3285.186697
7.774228,25,3285.959035
6.215617,21,3286.544694
7.362845,24,3287.180342
8.649429,27,3288.057577
6.670032,22,3288.679499
7.507146,24,3289.352965
4.130876,28,3290.195728
6.303684,21,3290.750531
4.030626,28,3291.592956
3.382206,26,3292.373741
2.40993,23,3293.008255
7.300738,23,3293.642967
6.47545,21,3294.199067
7.163439,23,3294.784253
7.142395,24,3295.374692
6.034831,21,3296.019819
8.29357,26,3296.9344
7.031437,23,3297.565636
3.248871,25,3298.241269
7.843157,25,3298.915594
6.539212,22,3299.594176
7.698838,24,3300.253723
9.236118,28,3301.01266
6.979155,23,3301.687825
8.598713,26,3302.381262
8.005952,25,3303.048979
8.075144,25,3303.687464
7.083633,23,3304.267138
7.310328,24,3304.863261
7.733461,25,3305.49593
8.305569,26,3306.164927
7.962469,25,3306.796687
7.471254,24,3307.40575
8.37117,26,3308.076645
7.796174,24,3308.682698
7.190736,23,3309.285714
6.910532,22,3309.848608
6.943404,23,3310.447554
9.323256,27,3311.27138
8.550981,26,3312.064165
4.4051,28,3312.818029
9.023305,28,3313.553543
7.404005,24,3314.161791
8.021299,25,3314.805291
7.81228,25,3315.452509
8.037709,25,3316.083788
8.083089,25,3316.726977
7.363844,23,3317.317867
7.992506,25,3317.953411
6.808576,22,3318.684967
3.370783,26,3319.392687
1.586114,22,3319.972768
7.01503,23,3320.587975
8.152092,26,3321.255786
7.363177,24,3322.127892
7.916457,25,3322.861816
7.545529,24,3323.524683
6.324456,21,3324.108844
8.320053,26,3324.764908
8.476396,27,3325.443074
8.193145,26,3326.112252
7.676692,24,3326.729548
6.754564,22,3327.303271
6.918829,23,3327.888678
7.368797,24,3328.509722
7.539856,24,3329.126747
8.254414,26,3339.943655
8.895098,28,3340.654197
9.173431,29,3341.390948
6.191543,20,3341.90103
6.640364,22,3342.458328
7.875022,25,3343.098655
8.062503,25,3343.740858
7.328927,24,3344.362317
9.012534,28,3345.07607
5.776909,20,3345.587269
7.562385,25,3346.215206
9.339387,28,3346.943036
6.993669,23,3347.530297
5.832698,20,3348.042409
6.824392,22,3348.602527
5.916382,20,3349.120315
9.199378,29,3349.876482
9.009811,28,3350.592921
5.050025,18,3351.060189
6.315889,21,3351.598251
6.610984,22,3352.159264
9.060149,28,3353.014865
7.405263,24,3353.864073
6.668494,22,3354.618342
6.609724,22,3355.221777
8.30231,26,3356.092956
8.152861,26,3356.806442
8.281789,26,3357.51948
8.555318,26,3358.257647
6.808854,22,3359.121754
6.856747,23,3359.742093
8.190117,26,3360.558304
7.565659,25,3361.361204
8.015154,26,3362.088843
7.577,24,3362.747648
7.951609,25,3363.398928
7.813863,25,3364.056327
7.281183,24,3364.67785
7.637308,25,3365.322879
2.384198,24,3365.940324
7.464329,24,3366.791952
8.747996,27,3367.526203
3.226469,25,3368.207999
8.848823,27,3368.905014
8.193165,25,3369.542522
8.224822,26,3370.19671
6.942713,23,3370.791654
5.811218,20,3371.315273
5.816458,20,3371.837368
3.443466,27,3372.528854
8.141007,26,3373.192985
7.40199,24,3373.79812
7.509118,24,3374.41567
7.084805,23,3375.009422
8.202544,26,3375.672978
8.415068,26,3376.339203
7.109024,23,3376.936653
7.263197,24,3377.541613
9.301685,28,3378.271117
7.328115,24,3378.893274
8.315103,26,3379.561081
7.323697,24,3380.181723
8.281715,26,3380.84773
3.261328,26,3381.514945
8.964811,27,3382.191531
7.234343,24,3382.812727
6.782431,22,3383.386106
6.948551,23,3384.228927
8.052018,26,3384.935263
8.554879,27,3385.646801
7.110962,24,3386.255054
7.947105,25,3386.898536
8.248683,26,3387.548328
8.995049,28,3388.262969
7.067302,23,3388.861947
6.631438,22,3389.423186
7.53308,24,3390.133667
3.433004,26,3390.841699
7.173663,23,3391.505191
8.824914,28,3392.425934
7.733289,25,3393.228461
8.843888,27,3393.992133
7.688862,25,3394.660479
6.454151,22,3405.816935
7.820685,25,3406.53166
9.083551,28,3407.262735
7.039259,23,3407.862441
7.284819,24,3408.48318
7.683022,25,3409.132759
6.285121,22,3409.679421
8.459835,27,3410.365593
4.596921,29,3411.116247
6.756428,22,3411.668785
7.304783,23,3412.27057
9.482156,28,3412.98718
3.775395,27,3413.66138
6.402726,21,3414.196462
6.420586,21,3414.745932
7.289592,24,3415.363537
7.516759,24,3415.979687
7.772299,25,3416.622191
9.98938,30,3417.390877
8.808828,27,3418.154047
7.420619,24,3418.994907
7.270265,24,3419.673941
7.50903,24,3420.344023
3.130392,26,3421.042065
7.584469,24,3421.664314
7.487212,24,3422.28283
6.863165,23,3422.872236
7.623691,24,3423.482136
7.761967,25,3424.13502
9.041465,28,3424.848522
9.83497,30,3425.624754
6.946978,23,3426.208503
7.488084,24,3426.817553
6.663402,22,3427.377438
8.309729,26,3428.034195
9.551978,29,3428.789792
8.610895,26,3429.594631
8.706469,27,3430.300426
9.477959,29,3431.07682
9.050096,28,3431.794923
6.550622,21,3432.347353
8.010489,25,3432.987846
8.992572,28,3433.688953
6.657473,22,3434.241427
6.227864,21,3434.765114
8.407378,26,3435.427288
8.582183,27,3436.17982
6.497635,22,3436.775081
7.874825,25,3437.412389
8.147993,26,3438.091006
9.080431,28,3438.832376
1.270353,21,3439.359912
8.658571,27,3440.0526
8.114197,25,3440.678992
6.332655,21,3441.213408
7.501198,24,3441.834361
8.724801,27,3442.525378
2.731321,25,3443.164788
7.370219,24,3443.78346
8.323619,26,3444.451348
8.268447,26,3445.11399
6.860601,22,3445.67931
7.873204,25,3446.306024
5.230388,19,3446.804412
3.042717,25,3447.432868
8.618038,27,3448.130316
7.883161,26,3448.861818
6.528201,21,3449.500426
7.860575,25,3450.161199
8.46214,27,3450.976655
6.889845,23,3451.745014
7.092707,22,3452.418893
7.070239,23,3453.062715
8.615773,27,3453.793793
7.336275,23,3454.383431
6.626155,22,3454.943941
8.297795,26,3455.599754
8.807015,27,3456.290576
3.375777,26,3456.991683
3.109026,26,3457.662123
6.641465,22,3458.21003
8.235071,26,3458.878439
7.812771,25,3459.523705
2.229637,24,3470.508876
8.509624,27,3471.189726
7.384549,24,3471.811661
6.653392,22,3472.380653
8.710316,27,3473.076195
8.542999,27,3473.768729
8.279228,26,3474.434331
8.619039,26,3475.114938
6.767486,23,3475.700101
7.203113,24,3476.321183
5.097485,30,3477.084861
8.58715,27,3477.822075
9.079821,28,3478.807248
7.00762,23,3479.441495
8.083935,26,3480.168586
8.114249,26,3480.859753
6.874267,23,3481.485383
7.790166,25,3482.336372
3.567807,27,3483.081406
3.529541,27,3483.97718
5.919331,33,3485.040589
7.478019,24,3485.689391
6.726397,23,3486.282916
7.315346,24,3487.062867
7.289203,24,3487.789866
8.529764,27,3488.499465
6.253162,21,3489.064945
7.408426,24,3489.690411
3.576268,27,3490.377117
8.224835,26,3491.042741
8.131735,26,3491.6949
7.925139,26,3492.366333
9.000161,29,3493.126067
7.9941,26,3494.013422
6.922842,23,3494.803387
6.998384,23,3495.45285
7.965548,25,3496.121862
9.073821,28,3496.849546
6.275775,21,3497.399075
5.744747,20,3497.923133
8.522118,26,3498.589598
7.810371,25,3499.327903
9.630599,29,3500.246145
6.428727,22,3500.847831
7.299246,24,3501.503317
7.384888,24,3502.138749
6.286155,21,3502.663714
7.823807,25,3503.309955
9.32131,29,3504.070156
7.292554,24,3504.695132
8.185413,26,3505.365165
8.272349,26,3506.039939
9.005528,28,3506.762403
9.097896,28,3507.480515
7.935708,25,3508.110816
8.29093,26,3508.785985
9.393659,29,3509.533214
8.825195,28,3510.252595
7.917291,25,3511.027177
7.211926,24,3511.948637
6.597035,22,3512.604252
7.71466,25,3513.270849
8.333011,26,3513.977824
6.314313,22,3514.554494
6.680559,22,3515.118016
6.663131,22,3515.678271
6.80351,23,3516.273987
6.084157,21,3516.814642
8.224848,26,3517.487017
9.231612,28,3518.198504
8.317074,26,3518.864161
7.664373,24,3519.487992
1.93229,23,3520.069666
8.412506,27,3520.751623
8.781793,27,3521.435951
7.620384,25,3522.079004
7.783183,25,3522.843391
7.743913,24,3523.501482
8.321062,27,3524.226462
8.109742,26,3524.909819
9.187627,28,3525.638907
7.643686,25,3536.384306
3.472209,27,3537.092021
7.439345,24,3537.702177
7.093732,23,3538.273975
7.239312,24,3538.884113
7.24754,23,3539.45881
3.935093,27,3540.16786
5.980995,21,3540.705772
6.625656,22,3541.268617
8.00653,25,3541.913791
7.937102,25,3542.553046
8.866788,28,3543.287886
7.879944,25,3543.93839
7.419981,24,3544.560746
6.62519,22,3545.137137
8.041089,25,3545.944867
7.874617,25,3546.63845
6.182133,21,3547.232665
7.886974,25,3547.961271
2.307072,24,3548.616959
3.403152,26,3549.316149
5.83918,20,3549.848691
3.191909,26,3550.520097
8.38016,26,3551.192339
8.687367,27,3551.884773
6.858145,22,3552.459538
7.178657,23,3553.057581
8.910062,27,3553.751479
7.511179,24,3554.374298
8.881227,27,3555.068348
7.112977,23,3555.66889
6.7369,22,3556.243792
6.178575,21,3556.887541
7.907978,25,3557.606959
6.811647,23,3558.240617
8.524738,27,3558.961854
7.846207,25,3559.610524
6.806058,22,3560.174317
6.531303,22,3560.735521
6.125815,21,3561.386762
6.791862,22,3561.989662
8.319612,26,3562.806721
6.796551,22,3563.407451
5.459226,19,3563.910301
7.020916,23,3564.518606
4.417739,28,3565.232182
3.171936,26,3565.898407
3.168817,26,3566.57739
8.009212,26,3567.378115
7.664338,25,3568.043521
8.324746,26,3568.732088
7.139887,23,3569.319033
6.885617,23,3569.90457
6.497491,22,3570.479168
7.754424,24,3571.100981
5.959136,20,3571.600263
7.462235,24,3572.208745
7.931256,25,3572.86888
8.435556,26,3573.543781
8.092914,26,3574.230576
7.773969,25,3574.875581
6.868096,23,3575.473387
8.653733,27,3576.168603
6.823317,23,3576.768974
7.291713,24,3577.379251
7.26997,24,3577.999914
6.23417,21,3578.524578
7.317843,24,3579.16731
7.13693,23,3579.875704
3.388467,26,3580.605718
7.00364,23,3581.471421
6.651525,22,3582.089862
8.501444,26,3582.786876
6.854413,22,3583.41498
3.090763,25,3584.226945
7.694542,24,3584.862783
8.319956,25,3585.510993
7.535516,24,3586.124654
7.166198,23,3586.721855
8.522671,27,3587.418302
9.936198,30,3588.180135
6.692824,23,3588.77914
7.596489,25,3589.44176
7.15953,23,3590.045752
8.959736,28,3601.124311
8.174812,26,3601.78951
8.610936,27,3602.493383
7.996066,25,3603.140214
9.710562,30,3603.918196
5.263893,19,3604.569884
7.928245,25,3605.414765
8.321358,26,3606.286801
3.129113,26,3607.041766
7.683866,25,3607.710452
7.779392,25,3608.36383
9.890932,30,3609.122602
8.38386,27,3609.813822
6.862017,22,3610.370712
8.377233,27,3611.254381
8.322994,26,3611.942804
7.390007,24,3612.578066
7.982159,25,3613.224084
9.509282,29,3613.964254
8.429651,26,3614.63229
3.931669,28,3615.346341
8.677124,27,3616.071542
8.69903,27,3616.927478
7.409628,24,3617.595808
4.692123,29,3618.378115
6.923918,23,3619.052851
7.651746,25,3619.923334
8.643983,27,3620.814264
8.00522,26,3621.573335
3.851799,27,3622.285117
7.976713,25,3623.195662
6.646227,22,3623.786798
7.08386,23,3624.421499
8.497213,27,3625.127663
7.725359,25,3625.774882
7.906423,25,3626.420465
5.993083,20,3626.933043
7.892556,25,3627.577637
3.569248,27,3628.270937
8.528589,27,3628.963342
7.141812,24,3629.582584
6.732668,22,3630.153651
5.597291,19,3630.658592
5.208179,19,3631.150185
7.847729,25,3631.787443
7.848029,25,3632.415319
8.582239,27,3633.10009
8.0576,26,3633.868461
3.556893,27,3634.639037
3.430702,27,3635.366683
7.212275,23,3635.989192
6.618436,22,3636.532855
3.609954,27,3637.234804
7.997836,25,3637.858088
3.294907,26,3638.521816
7.543963,24,3639.128018
6.780157,22,3639.672731
7.943937,25,3640.302486
8.64381,27,3641.003169
9.228861,29,3641.767045
4.995197,18,3642.218855
8.14981,26,3642.871829
2.701072,25,3643.488238
6.194226,21,3644.037369
7.406292,24,3644.647935
6.392428,21,3645.199665
7.619081,25,3645.844868
7.673797,24,3646.45277
7.607123,25,3647.098284
7.337094,24,3647.718443
8.533772,27,3648.411002
8.631413,27,3649.109189
8.041846,26,3649.778239
6.911007,23,3650.366282
7.02477,23,3650.949795
8.408641,26,3651.75596
6.758816,22,3652.35047
7.419386,24,3652.996129
2.668473,25,3653.661969
8.524599,26,3654.345745
7.441107,24,3654.955918
7.596392,25,3655.584643
9.341498,29,3666.643621
3.682189,27,3667.327497
7.655802,25,3667.959185
7.645827,25,3668.60324
3.622043,27,3669.296204
6.732348,22,3669.873363
6.892225,23,3670.471763
7.474868,24,3671.060791
6.879287,23,3671.707469
8.957567,28,3672.829519
2.814028,25,3673.500144
7.961668,25,3674.16246
8.789665,28,3674.875744
8.509184,27,3675.569405
6.325902,22,3676.128025
7.817007,25,3676.761928
8.225314,26,3677.566134
6.906285,23,3678.150317
3.717727,28,3678.878004
7.524258,24,3679.492638
6.45833,22,3680.047787
8.020775,26,3680.710224
7.624445,25,3681.360922
8.99696,28,3682.071393
8.863077,28,3682.855092
8.170193,27,3683.607149
7.078511,23,3684.335436
8.200946,27,3685.205024
9.167157,29,3686.104974
8.879804,27,3686.847671
6.683829,22,3687.442622
7.583443,25,3688.197168
7.559023,24,3688.839515
7.844396,26,3689.519761
8.241236,26,3690.198814
8.680551,27,3690.890741
7.785718,25,3691.521819
6.062639,21,3692.073838
7.280113,24,3692.699505
7.405792,24,3693.323997
7.470808,25,3693.975954
8.892986,28,3694.693941
7.650004,25,3695.340885
7.073997,24,3695.960967
6.416674,22,3696.533584
7.842009,25,3697.184281
8.120591,26,3697.854844
7.994138,25,3698.764991
6.780386,23,3699.431843
6.431494,22,3700.042627
7.362964,24,3700.685588
7.189596,24,3701.305737
8.631466,27,3701.995929
6.208523,21,3702.53452
8.301453,26,3703.200826
8.586283,27,3703.886793
9.434274,29,3704.625213
8.355653,27,3705.329784
6.446279,22,3705.890565
8.813037,28,3706.604852
8.75606,27,3707.295653
8.688219,28,3707.999037
2.173724,23,3708.566845
6.432503,22,3709.127844
3.900886,28,3709.877805
2.846584,25,3710.733167
9.150442,29,3711.663057
9.030788,27,3712.429011
6.364642,22,3713.14331
8.005437,26,3713.914557
7.704043,25,3714.611834
8.360452,26,3715.291031
7.904007,25,3715.919721
7.692059,25,3716.54926
8.756338,27,3717.239762
7.423711,24,3717.859073
8.203721,27,3718.550165
3.677948,28,3719.283089
8.708139,27,3719.979849
7.313368,24,3720.586159
7.247671,24,3721.208
2.387913,24,3732.711859
8.56653,28,3733.749033
9.8208,30,3734.556131
8.324126,27,3735.253225
7.354648,24,3735.87915
7.888397,26,3736.55092
9.338953,30,3737.319096
6.899114,23,3737.941423
7.34137,24,3738.666933
7.539252,25,3739.341759
7.284618,24,3739.982965
8.179188,27,3740.681628
8.311076,27,3741.375677
7.328665,25,3742.022079
7.528395,25,3742.669886
7.7603,26,3743.33924
7.364254,24,3743.963604
5.427287,19,3744.456824
6.468353,22,3745.030825
7.620558,25,3745.676396
4.537632,31,3746.465672
8.841761,28,3747.184896
7.954781,26,3747.854132
6.369396,22,3748.4284
8.628079,28,3749.148618
6.853734,23,3749.743611
6.961649,23,3750.372271
6.596191,23,3751.096152
8.247492,27,3751.809004
3.277143,28,3752.54915
6.982885,24,3753.174992
8.771505,28,3754.118913
8.156107,26,3754.925155
3.140345,26,3755.629689
6.893901,23,3756.350637
9.26177,29,3757.325684
8.417192,27,3758.059938
7.160406,24,3758.712554
6.687802,23,3759.298131
8.559055,27,3759.973558
8.492273,27,3760.651557
7.477162,25,3761.297047
7.838809,26,3761.936615
8.878555,28,3762.703871
7.066064,24,3763.378613
8.346268,27,3764.080262
8.230622,27,3764.790128
4.336434,30,3765.555624
8.819588,28,3766.270239
7.654899,25,3766.914352
7.217462,24,3767.511124
7.303032,24,3768.147604
8.086909,26,3768.821399
8.100871,26,3769.481597
7.545295,25,3770.104152
8.052275,27,3770.799952
7.696753,25,3771.446475
8.538471,27,3772.141679
8.151193,26,3772.8172
8.193073,26,3773.485481
8.144988,26,3774.159486
8.191934,26,3774.829894
6.956466,23,3775.425772
7.255219,24,3776.048698
7.210653,24,3776.668568
7.914118,25,3777.3154
8.256135,27,3777.993057
7.964411,26,3778.678965
8.077432,26,3779.338951
7.999516,26,3779.997344
6.359639,22,3780.551329
7.34371,24,3781.285227
8.390021,27,3782.001572
7.578583,25,3782.666988
8.285944,27,3783.36288
6.640196,22,3783.938894
6.99887,23,3784.539712
6.582672,23,3785.127377
9.435087,30,3786.102168
8.36864,27,3786.819625
7.808176,26,3797.645396
7.934517,26,3798.31031
7.674824,25,3799.101737
8.245768,27,3799.851003
8.126279,27,3800.59687
4.599706,30,3801.565448
8.455519,28,3802.325623
7.089165,24,3802.967335
8.708307,28,3803.678868
7.334312,24,3804.286155
8.521956,27,3804.963611
6.238204,21,3805.579589
7.311256,24,3806.227813
5.791479,20,3806.770559
7.33886,25,3807.43465
3.138631,27,3808.130306
3.11544,27,3808.826288
8.154718,27,3809.520259
8.107572,27,3810.214041
8.275162,27,3810.907872
6.609388,23,3811.507455
9.284469,29,3812.247433
7.206067,24,3812.869269
8.333136,27,3813.792717
4.800589,30,3814.781899
7.036197,24,3815.44236
7.691671,25,3816.119523
7.270911,24,3816.769828
6.26399,22,3817.347188
7.574737,25,3817.994164
9.475742,30,3818.772403
8.172049,27,3819.468099
8.499505,28,3820.333624
7.722274,25,3821.173784
7.661697,26,3821.871137
6.82906,23,3822.483206
8.355312,27,3823.185324
7.750908,26,3823.841575
7.891858,25,3824.475701
9.629661,30,3825.239142
8.055102,26,3825.893437
6.95503,24,3826.485996
7.524815,25,3827.130204
6.091221,22,3827.69513
8.505945,28,3828.6673
7.450882,24,3829.330179
6.576786,23,3829.96051
7.823812,26,3830.640328
6.810239,23,3831.235081
7.232344,25,3831.858284
7.440175,25,3832.504379
9.521155,30,3833.249994
8.30666,27,3833.921235
6.669139,22,3834.569976
7.017915,23,3835.293198
7.619932,25,3835.977831
5.733363,20,3836.520458
8.43426,27,3837.218197
7.729708,26,3837.888392
6.644105,22,3838.446138
8.596812,28,3839.160737
6.615327,23,3839.749172
8.872398,28,3840.476281
7.378505,24,3841.353973
7.120753,24,3842.093626
6.718357,23,3842.751048
8.347754,27,3843.467909
7.043127,24,3844.099585
6.81298,23,3844.672976
10.56547,33,3845.525099
8.13018,26,3846.19789
7.936979,26,3846.872476
8.334807,27,3847.557265
7.773833,26,3848.213351
7.081105,24,3848.80706
7.681562,26,3849.495789
7.520459,25,3850.129912
6.620688,23,3850.729733
7.697003,25,3851.361952
6.672658,23,3851.984132
3.648008,28,3852.929592
8.257059,27,3864.314008
8.634343,28,3865.031105
7.653041,26,3865.675987
6.03899,21,3866.330164
5.983268,21,3866.909473
7.602219,26,3867.602655
7.430989,25,3868.259505
6.603342,23,3868.857903
7.163168,24,3869.4805
4.858475,18,3869.918396
8.581115,28,3870.632099
6.768677,23,3871.217637
2.002262,24,3871.838368
4.712975,30,3872.599664
7.788576,26,3873.256627
7.068615,24,3873.868673
7.320876,25,3874.516488
6.314217,22,3875.08873
5.998959,21,3875.637536
8.93332,30,3876.364055
7.719375,26,3877.029468
7.62161,25,3877.673668
7.537215,25,3878.348496
6.61682,23,3879.154035
3.987723,29,3880.00053
8.213678,27,3880.745888
7.932687,26,3881.437878
7.973308,26,3882.10182
7.712651,26,3882.769
6.844667,23,3883.365553
7.423841,25,3884.010047
7.355477,24,3884.632161
6.997871,24,3885.238595
9.178585,30,3886.126737
6.939297,24,3886.961481
3.654834,27,3887.750624
7.539857,25,3888.559231
9.261791,29,3889.357329
6.33657,22,3889.940351
6.835273,23,3890.547935
6.964023,24,3891.170513
6.533081,22,3891.716956
7.30587,25,3892.367713
8.149945,27,3893.055813
7.144888,24,3893.678608
6.599056,22,3894.240854
8.600691,28,3894.973147
9.761714,31,3895.767242
8.187095,27,3896.458833
7.828206,26,3897.128303
8.21463,27,3897.826731
9.650583,31,3898.63002
9.180281,29,3899.356607
8.089041,26,3900.026584
9.407549,30,3900.794227
6.676812,23,3901.377455
6.833807,24,3901.97205
6.09323,21,3902.508929
6.696248,23,3903.107731
8.670932,28,3903.828207
7.152119,24,3904.562443
8.029569,26,3905.467225
7.82133,26,3906.179142
8.895105,29,3906.933627
6.586164,23,3907.529877
7.59985,25,3908.159861
7.445408,25,3908.805301
7.436433,25,3909.450094
7.460563,25,3910.076052
7.320136,25,3910.78355
7.447616,25,3911.480734
8.739406,28,3912.215329
7.274419,24,3912.835754
8.851809,29,3913.573298
6.810115,23,3914.14306
8.161618,27,3914.833586
8.596463,28,3915.644252
7.669996,25,3916.326725
9.229804,30,3917.136297
8.005526,27,3917.838045
7.496268,25,3928.993294
3.930364,29,3929.792423
4.322334,30,3930.589265
9.004851,29,3931.332199
5.494009,20,3931.830254
8.1993,28,3932.543542
6.734321,23,3933.147087
9.677572,31,3934.009192
8.479652,28,3934.879837
8.550944,28,3935.674125
7.833223,26,3936.379195
3.718605,29,3937.124663
6.857105,23,3937.710768
8.554173,28,3938.42553
9.201234,30,3939.458962
9.078092,29,3940.429353
7.017252,24,3941.070174
7.19612,25,3941.720718
6.288195,22,3942.297341
8.272911,27,3943.175344
6.667037,24,3943.961344
8.293127,27,3944.716114
3.341558,27,3945.454923
8.872825,28,3946.184114
9.138898,30,3946.943019
7.646657,26,3947.595603
7.118987,24,3948.216513
8.978222,29,3948.961142
8.048104,27,3949.65109
7.759516,25,3950.283228
6.816812,24,3950.903329
7.852151,26,3951.571892
10.815539,34,3952.437543
8.90712,29,3953.172009
8.035365,27,3953.862412
7.007692,24,3954.466479
7.02412,24,3955.08564
8.875807,28,3955.79791
7.865967,26,3956.463897
7.234788,24,3957.081095
6.521548,23,3957.676131
7.191552,25,3958.315703
8.626165,28,3959.030922
7.4436,24,3959.650963
7.882915,26,3960.318612
7.721345,26,3960.982199
8.958237,29,3961.720922
8.739021,29,3962.458997
9.806588,31,3963.307503
7.435299,25,3964.058403
8.795908,29,3964.84273
9.520755,30,3965.631097
8.096195,27,3966.319204
2.781688,26,3966.987525
8.384668,27,3967.664999
8.175365,27,3968.358174
8.914143,28,3969.087916
7.248336,24,3969.73962
7.687553,26,3970.635266
7.690989,25,3971.305297
7.175371,24,3971.954574
3.887296,29,3972.815194
7.912036,26,3973.501086
7.866532,26,3974.188123
8.086769,27,3974.907495
8.782467,28,3975.95305
9.704322,31,3976.766164
8.124746,27,3977.476601
8.258093,27,3978.155881
7.944279,26,3978.824479
3.300098,27,3979.519357
8.587693,28,3980.235472
6.526911,23,3980.815537
7.165575,24,3981.42274
7.863488,26,3982.092255
6.897583,23,3982.694424
3.198637,27,3983.385103
7.048077,23,3994.681858
8.447755,27,3995.393834
7.584524,26,3996.06972
7.965722,26,3996.736348
2.659489,25,3997.361331
8.232195,27,3998.051434
8.836538,28,3998.763287
8.199365,27,3999.454431
7.298376,24,4000.072746
3.039506,26,4000.827064
7.527588,25,4001.568007
2.045997,23,4002.201166
2.551374,25,4002.879373
8.532741,28,4003.59554
6.787903,23,4004.177514
8.064922,26,4004.835688
7.784625,27,4005.529906
8.627432,27,4006.205263
7.615502,25,4007.004302
8.229963,27,4008.389638
8.639633,28,4009.192399
7.933907,27,4009.92208
7.859244,26,4010.580569
7.197394,24,4011.198
4.576786,31,4011.994032
7.379138,25,4012.624829
9.001133,29,4013.363667
7.445603,25,4013.99186
7.906591,26,4014.659463
7.791065,26,4015.326151
9.964678,32,4016.133974
7.964366,26,4016.798978
6.294402,22,4017.373404
4.190916,30,4018.150451
8.745703,28,4018.863288
7.589169,25,4019.507512
7.375368,25,4020.152303
8.163593,27,4021.152713
8.050852,27,4021.864492
2.702417,25,4022.530435
8.653119,29,4023.274421
7.601348,26,4023.953709
8.093145,26,4024.622845
4.804961,31,4025.404989
8.809264,28,4026.117298
8.810171,30,4026.893351
3.687137,28,4027.608798
4.995863,30,4028.37009
7.483332,25,4029.013304
7.595423,25,4029.64587
3.3316,27,4030.337803
5.030261,31,4031.132078
8.186476,27,4031.951524
6.801983,23,4032.564262
9.22204,30,4033.355271
7.435099,25,4033.996096
7.878097,26,4034.711924
8.329584,27,4035.489604
8.360986,28,4036.237646
6.984934,24,4036.951132
8.49964,28,4037.686906
7.367052,25,4038.329477
3.345267,27,4039.015593
6.432562,23,4039.638621
7.809252,26,4040.590791
6.303127,22,4041.21872
7.524377,25,4041.958738
8.233259,27,4042.689295
3.485378,28,4043.42099
6.906206,23,4043.990979
8.092232,26,4044.660022
9.060936,29,4045.387778
7.406983,24,4046.008226
7.172496,24,4046.62954
7.427899,25,4047.273457
6.516268,23,4047.87471
8.20183,27,4048.554785
7.999721,26,4049.223666
