#{"t_start": 1773726099.7124667, "env_id": "continuous-highway-v0"}
r,l,t
1.161187,15,5.70456
6.122992,14,6.095202
4.537181,12,6.429614
6.70278,15,6.849916
5.301638,13,7.195268
6.169695,16,7.620765
5.206561,13,7.962918
5.944598,15,8.366563
1.090037,15,8.785274
0.418642,13,9.140416
6.255393,15,9.542646
5.812297,14,9.921006
5.902479,13,10.26332
4.831334,14,10.643613
4.111833,11,10.938794
5.801038,15,11.492498
6.246885,15,12.015125
5.635577,14,12.493828
4.783769,12,12.862299
5.47298,13,13.213321
6.160618,15,13.691448
6.100867,15,14.131964
6.407848,15,14.540579
5.228812,13,14.903266
6.906872,14,15.389924
0.362269,13,15.843377
4.461998,13,16.318599
4.000303,11,16.650221
4.499235,12,16.993153
1.97621,16,17.509405
0.940384,14,18.006553
6.038226,15,18.435954
1.981557,16,18.859743
1.398116,15,19.255841
5.342307,14,19.626139
6.547696,15,20.026681
7.640258,17,20.458987
5.324417,13,20.798878
5.061726,13,21.140308
5.2875,13,21.480763
5.430382,13,21.832754
5.349477,14,22.222799
5.738297,13,22.54952
6.488061,16,22.959946
6.06801,14,23.311809
6.209899,14,23.662288
7.252557,16,24.086065
6.062669,15,24.485852
1.676006,17,24.945048
4.426768,11,25.225645
6.214015,14,25.588513
4.970274,13,25.915614
6.375796,16,26.326967
5.155665,12,26.657595
6.029551,14,27.035202
5.586245,13,27.388165
4.540641,12,27.704593
6.35905,14,28.080446
1.684202,15,28.584132
0.74099,14,29.031898
4.407494,12,29.427078
5.146644,13,29.844328
5.468419,13,30.212545
6.224608,14,30.617295
6.028046,15,31.02739
5.917869,14,31.410316
5.129769,13,31.761022
7.014414,17,32.277828
3.865887,12,32.641043
2.100439,16,33.074664
5.960762,14,33.459456
2.20571,18,33.945343
4.895415,13,34.289917
5.508324,15,34.685624
5.93468,14,35.059606
4.947114,13,35.412589
5.304146,13,35.751193
5.441596,14,36.112761
5.19069,13,36.465265
6.922591,15,36.863541
4.247804,12,37.179933
6.727993,16,37.6128
1.460407,15,38.012106
0.177859,13,38.36402
4.67928,12,38.679666
5.750294,14,39.055682
5.06326,13,39.394448
2.106631,16,39.819447
5.453889,13,40.173041
4.80161,12,40.490943
4.920197,13,40.832346
5.666814,14,41.209419
6.955946,16,41.618591
5.369297,13,41.972585
5.117449,13,42.3297
4.882936,13,42.68534
6.029962,14,43.062209
2.052947,16,43.498793
5.584646,13,43.839882
5.506564,14,44.217273
6.012732,14,44.593063
4.644206,12,44.909942
6.229546,16,45.348776
5.331793,13,45.701849
6.308838,14,46.0665
5.256983,14,46.485501
5.149545,13,46.924147
6.32028,15,47.347507
1.54789,15,47.768682
6.461092,15,48.191354
4.735836,13,48.561928
6.342024,15,48.966197
5.406351,13,49.319254
5.251915,13,49.645165
6.495061,16,50.163188
6.21428,15,50.563153
6.849513,16,50.995609
4.706293,13,51.345652
6.779945,16,51.765066
6.146185,15,52.168527
4.971519,12,52.484817
2.076738,15,52.870622
4.637112,13,53.22356
6.320821,15,53.622256
5.37574,13,53.976272
6.91851,16,54.398381
5.386764,14,54.835835
5.387122,14,55.262131
5.662307,15,55.688752
5.837391,14,56.063018
5.708795,15,56.474834
6.183284,15,56.865471
5.525306,13,57.20875
6.168036,15,57.609274
-0.200442,12,57.927738
5.667648,14,58.305429
5.134483,15,58.705551
5.189617,13,59.095408
5.769959,14,59.664293
5.123774,13,60.065398
5.83705,14,60.454209
5.711724,13,60.806195
5.434949,14,61.278494
5.620539,14,61.648949
5.476661,14,62.038524
4.965975,13,62.402411
4.221137,12,71.328953
6.578828,15,71.732422
5.553709,14,72.111084
6.198599,14,72.477071
1.512141,15,72.893927
6.136873,15,73.295147
6.252197,16,73.71821
0.629175,13,74.074272
5.988529,14,74.451794
-0.538829,12,74.770735
0.74138,13,75.111912
4.588619,12,75.404256
5.957673,14,75.769529
5.279369,13,76.084189
0.475888,13,76.436855
5.494602,15,76.820655
2.43469,17,77.289305
4.657608,13,77.61572
6.731291,16,78.037484
4.368968,12,78.340818
1.361762,14,78.715801
4.763982,12,79.018621
5.310936,13,79.358012
6.251478,15,79.756958
5.949041,16,80.179082
6.272918,14,80.555885
5.489384,13,80.897534
5.801122,14,81.260849
1.448014,15,81.661729
4.784227,12,81.979659
0.525562,14,82.342671
5.034746,13,82.717676
6.803501,15,83.183905
6.335184,15,83.591078
5.574433,14,83.970717
5.778838,14,84.366136
5.179373,14,84.761278
4.94226,13,85.102737
5.736406,13,85.443551
4.931133,13,85.783895
6.987197,17,86.244381
5.835085,14,86.622091
5.378514,13,86.975043
5.181534,13,87.328856
5.604075,14,87.706971
5.750511,14,88.08415
6.352985,15,88.486896
5.316564,14,88.865844
5.772161,15,89.281579
2.275447,17,89.730661
1.662431,15,90.132063
5.121303,13,90.48604
5.669217,14,90.864428
4.98048,13,91.219074
4.974679,13,91.56058
1.746627,16,91.985353
1.359678,15,92.386735
6.279959,14,92.765183
6.611321,15,93.165981
5.277217,13,93.508469
1.466807,14,93.873455
5.663464,13,94.22675
4.342222,12,94.559092
5.160392,13,94.910542
1.734232,15,95.310477
4.829826,13,95.662024
4.325508,12,95.985707
5.813856,14,96.368632
1.515365,16,96.800925
5.779264,15,97.596344
5.88764,14,98.091395
4.796669,13,98.450433
5.195951,13,98.811322
5.813041,13,99.182792
6.488827,15,99.603941
0.918634,14,99.973443
5.734876,14,100.335171
1.151983,14,100.710898
6.653289,15,101.097734
5.145751,13,101.451181
5.120539,14,101.815986
6.319393,15,102.216384
6.755371,15,102.617414
5.123631,13,102.945375
5.215984,13,103.30021
1.700999,15,103.688412
4.254274,12,104.006084
1.052682,14,104.370756
5.78245,14,104.749367
5.225284,13,105.105476
5.540269,12,105.43629
0.568875,13,105.777373
6.010385,15,106.164945
1.910276,15,106.567373
1.693471,15,106.97065
0.992838,14,107.351218
5.282394,14,107.729884
4.723882,12,108.0615
6.557652,14,108.440211
0.881336,14,108.818378
6.357214,15,109.220402
4.830929,14,109.598361
6.190911,16,110.009016
3.158709,17,110.456731
5.167576,13,110.798184
1.993417,16,111.210057
1.583751,15,111.676841
6.13196,15,112.206055
3.994467,12,112.537993
5.489901,14,112.92554
4.881913,13,113.279809
5.45689,13,113.628413
6.285713,15,114.120968
1.511492,15,114.542441
1.09826,14,114.940486
5.617304,13,115.298003
6.145631,14,115.678455
5.902336,14,116.055175
5.002946,12,116.371912
6.573915,16,116.808738
5.816114,14,117.185625
6.214566,15,117.583176
5.191482,14,117.94569
5.462499,14,118.301258
4.638708,12,118.596638
2.011832,15,119.010325
1.06617,14,119.49888
4.583295,12,119.838296
5.12173,13,120.318383
6.368978,15,120.833498
2.711372,18,121.445379
6.039205,14,121.894051
5.709332,13,122.27138
1.199488,14,122.672479
5.063311,13,123.024573
6.321516,14,123.410182
5.344203,14,123.798859
6.096063,14,124.164101
1.524557,16,124.575064
4.60198,12,124.904753
4.989163,12,125.335379
6.584965,16,125.808947
6.348289,15,126.220007
5.446783,13,126.575714
5.067575,13,126.939636
0.684447,15,127.361074
6.155345,15,136.975103
5.737425,14,137.385355
5.325824,13,137.749855
5.953025,14,138.132243
7.038541,16,138.570526
6.152996,15,138.959499
2.271955,16,139.371634
4.720086,13,139.856734
3.874387,12,140.374919
5.870831,14,140.74952
0.580893,14,141.110111
5.680069,13,141.457634
5.761299,14,141.83018
6.866934,16,142.252945
5.942543,14,142.617512
5.713242,14,142.994221
4.688736,13,143.318951
4.629506,13,143.658259
1.518634,15,144.05771
6.918354,17,144.51625
5.771363,14,144.877551
4.981962,12,145.194356
6.811214,16,145.618412
5.642656,14,145.996386
0.989531,14,146.374646
5.523557,14,146.791747
6.436447,15,147.27743
3.71437,12,147.657767
5.297676,13,148.018279
4.364987,12,148.353143
5.62583,14,148.750752
6.803711,14,149.148046
6.031618,15,149.559552
6.584141,15,149.961036
6.342945,16,150.385439
5.078337,13,150.725962
6.134098,14,151.10264
6.738033,15,151.503891
1.672572,16,151.928455
4.232501,12,152.246121
5.506594,14,152.625901
6.995089,15,153.0287
5.85164,14,153.407244
5.778343,15,153.807796
4.557993,13,154.135706
6.482041,15,154.536534
4.967682,13,154.877981
0.9618,14,155.256082
4.938289,13,155.597568
5.724337,13,155.939012
4.288379,12,156.245398
4.043249,12,156.563713
1.106588,15,156.938249
4.765787,12,157.2567
6.10689,15,157.645519
7.030546,15,158.018234
1.233546,15,158.417589
8.110046,20,158.947996
7.421777,17,159.368734
5.71418,14,159.74506
0.961908,15,160.186341
4.403095,12,160.587403
6.340315,15,161.00005
5.398389,13,161.348161
5.266968,13,161.698499
5.66566,14,162.06982
5.179624,14,162.445769
0.931471,14,162.916749
0.920177,14,163.304329
4.847744,12,163.64475
5.243182,14,164.036235
5.448497,14,164.421007
5.33919,13,164.764747
5.099793,13,165.117334
5.78169,14,165.493289
6.104647,14,165.870914
5.941473,14,166.247961
6.139217,15,166.649653
5.800553,15,167.051064
6.154772,15,167.451992
6.083412,15,167.851813
5.934373,15,168.252049
5.357107,13,168.594766
6.073558,14,168.972744
6.185607,15,169.373672
4.501425,12,169.693541
6.594696,15,170.093735
5.574934,14,170.459007
4.466282,12,170.775531
5.884916,14,171.153584
5.642828,14,171.518336
7.741506,18,172.000288
6.002669,14,172.381091
4.902536,13,172.856661
4.582713,13,173.219033
6.098045,14,173.616243
0.80834,15,174.040481
6.580494,15,174.46591
0.599969,14,174.848518
5.410442,13,175.202643
5.292621,13,175.557843
5.615506,14,175.935585
4.855469,12,176.267016
6.197781,14,176.631955
4.414818,13,176.974097
5.376164,13,177.324628
4.599444,12,177.880336
5.260297,13,178.24811
5.526299,13,178.622425
2.071775,16,179.069916
6.882057,16,179.499217
5.66997,14,179.916626
6.561964,14,180.40376
1.637021,16,180.83967
5.349083,14,181.209934
5.736008,15,181.63459
5.18862,13,182.042976
6.271416,15,182.551925
7.760044,18,183.395577
4.344318,12,183.738354
3.975764,11,184.039271
2.225195,15,184.451842
6.840695,15,184.878014
6.817931,15,185.265425
4.770218,13,185.606911
4.898063,13,185.947916
5.705477,15,186.350178
5.468011,14,186.72754
5.114708,13,187.082114
6.514568,16,187.492844
4.312183,12,187.810225
6.755727,16,188.233672
0.78311,15,188.60973
5.129159,13,188.952974
5.213696,13,189.309728
3.916685,12,189.640455
0.204945,13,190.044543
0.897718,14,190.553746
1.647197,15,190.977731
6.003597,14,191.377491
1.133535,16,191.827973
6.216893,15,192.244955
6.411357,16,192.668332
5.382394,14,193.045037
5.108372,13,193.388052
1.527487,15,193.792145
6.899091,17,202.978942
1.180562,15,203.382284
7.608468,19,203.890859
5.626147,14,204.269475
4.909861,13,204.610447
6.141149,14,204.973315
6.604372,15,205.375715
6.292458,16,205.801361
5.795663,15,206.203718
4.934728,13,206.54617
5.678107,14,206.922567
2.499145,17,207.380656
6.204833,15,207.766626
5.763153,15,208.165147
5.371892,14,208.542517
6.644817,16,208.978462
6.895879,16,209.401354
7.097267,15,209.786854
2.78244,17,210.248514
6.654309,16,210.70295
6.530126,16,211.208014
2.070822,16,211.72658
5.694073,14,212.10621
6.325446,15,212.581492
1.086769,14,213.081442
5.609458,14,213.491612
6.706935,15,213.899553
6.442037,16,214.399161
5.178855,13,214.832115
4.842979,13,215.208933
0.867792,14,215.595402
4.963966,13,215.967628
6.090281,16,216.400376
4.845596,13,216.75444
5.39575,15,217.154556
5.481979,15,217.554215
6.020389,16,217.976902
6.159717,15,218.363626
5.03685,13,218.705939
6.43578,15,219.094608
6.017514,15,219.48257
4.033829,12,219.813552
0.388469,15,220.213993
4.83128,13,220.554044
5.573225,16,220.978103
6.236266,16,221.404084
5.443159,14,221.769031
6.294679,15,222.171933
5.898296,14,222.536921
5.556571,13,222.878016
2.034998,17,223.313737
5.122296,14,223.677654
5.853886,15,224.068331
5.001777,13,224.395741
5.581064,14,224.746801
6.507741,16,225.272227
1.76298,16,225.707448
5.547421,14,226.097051
6.279037,15,226.491623
6.637623,15,226.888476
5.562715,14,227.250408
5.547533,14,227.599066
5.054247,14,227.991333
5.772866,14,228.593788
6.081102,16,229.055616
5.904674,13,229.418395
1.043573,14,229.807315
6.172899,16,230.239875
4.83937,13,230.584289
5.499292,13,230.911679
0.642452,13,231.25287
1.096295,15,231.772769
4.997129,13,232.181831
6.046638,14,232.581585
4.350236,12,232.918659
4.888308,13,233.292111
5.860135,14,233.691273
5.651715,14,234.074142
2.401964,17,234.535897
6.559402,15,234.923451
4.766466,13,235.27833
5.678352,13,235.61973
6.015278,15,236.008993
1.780661,15,236.398245
5.840007,14,236.778046
4.819045,13,237.131983
4.576695,13,237.472782
5.792745,14,237.838475
5.359597,14,238.205667
6.464407,16,238.630301
7.067045,16,239.056254
6.48006,15,239.447182
6.301082,16,239.886581
5.813111,15,240.349116
7.083062,16,240.818408
6.698253,15,241.243725
5.767103,14,241.68306
7.139482,16,242.207049
6.000841,14,242.594753
5.833617,15,243.009499
6.255546,15,243.425685
5.045597,13,243.781773
6.3284,15,244.183715
7.036883,16,244.624001
5.585278,13,244.965184
1.216211,15,245.379936
6.549797,15,245.783859
6.268472,15,246.204604
6.272394,15,246.753872
5.347649,14,247.314267
4.633175,12,247.802887
5.370182,14,248.280625
5.426789,14,248.743077
6.076571,14,249.150953
6.335017,15,249.590659
6.599745,15,250.01314
4.521091,13,250.384225
6.056564,16,250.810356
5.766531,15,251.209954
6.101441,15,251.610462
5.720979,14,251.975396
4.639164,13,252.402568
5.267405,14,252.796793
1.128163,14,253.18422
6.777996,16,253.6197
1.77289,15,254.030041
5.735495,14,254.416216
6.277707,15,254.804147
5.569524,13,255.135343
5.613079,14,255.498808
4.61263,12,255.817876
5.969196,15,256.220174
0.655699,14,256.598883
5.759221,15,257.000736
6.727453,16,257.424816
5.358034,14,257.790244
2.245468,16,258.203268
7.45612,18,258.686538
6.343732,14,259.063685
6.951885,16,259.477344
5.502249,14,269.025333
6.031981,15,269.428478
5.580762,14,269.80848
5.201816,14,270.186865
5.004049,13,270.580599
5.656215,14,271.007312
5.312825,14,271.388579
5.347823,14,271.779767
4.911424,13,272.130852
5.396865,14,272.517449
5.205424,15,272.893532
4.413802,13,273.250585
4.447002,12,273.584605
5.938928,15,273.983832
1.077507,16,274.4085
5.009795,14,274.78502
4.420767,12,275.103359
7.1504,17,275.551366
6.675009,16,275.973787
4.977352,14,276.351324
4.743079,13,276.705473
5.312094,14,277.082455
5.754753,15,277.46962
1.344033,15,277.871037
6.256155,14,278.252933
1.741311,15,278.753535
5.551297,14,279.150374
6.831898,16,279.582232
5.073673,13,279.954929
6.782066,16,280.388332
5.064158,14,280.771339
3.826973,12,281.102567
6.410102,15,281.502982
1.088644,15,281.903987
5.496908,15,282.291428
4.746809,13,282.631876
5.562704,13,282.973128
5.673331,14,283.350691
7.303156,17,283.8001
7.045946,17,284.232964
4.296256,12,284.550057
5.924331,14,284.913879
7.526932,17,285.375041
4.672922,13,285.715529
4.740389,13,286.057024
1.273741,15,286.458811
5.301804,14,286.837455
6.142264,16,287.262096
5.25441,14,287.639681
6.399878,16,288.075619
6.102032,17,288.646787
5.672513,15,289.034631
5.890651,15,289.446692
5.936295,16,289.886408
6.28088,15,290.312177
6.297043,15,290.700802
5.804668,15,291.103019
5.579192,14,291.481511
5.993407,14,291.846992
6.71832,15,292.249522
5.36591,15,292.637789
1.209846,16,293.04831
2.099292,17,293.494926
4.58037,13,293.849385
3.067507,11,294.145861
5.851688,14,294.518312
6.560395,17,294.972797
5.638947,14,295.458244
5.107244,13,295.85942
6.01309,14,296.247289
5.868254,15,296.65958
5.469576,14,297.037265
7.058855,17,297.490867
1.89419,17,297.924601
0.967562,14,298.336722
4.867883,14,298.847414
7.476694,17,299.312499
6.979472,18,299.812952
5.365337,14,300.195785
4.756393,13,300.555691
5.05544,13,300.91306
6.022398,14,301.27705
7.633236,18,301.748857
4.626084,13,302.091378
5.170884,14,302.469306
6.362647,16,302.894817
4.654357,13,303.251644
5.603045,13,303.616474
4.424506,12,303.948317
5.883351,15,304.349282
6.092975,15,304.752896
6.281487,15,305.184443
1.249155,15,305.711631
5.082221,13,306.075788
6.307454,16,306.515033
6.316883,15,306.929353
6.040517,16,307.351298
6.608017,16,307.772426
5.289584,13,308.115617
5.687525,15,308.517357
5.901186,14,308.897326
4.738047,13,309.252988
4.292152,12,309.586449
5.383959,14,309.953252
5.198776,14,310.306651
6.377032,15,310.766759
5.466679,14,311.277119
1.853199,17,311.726429
5.719633,14,312.117366
1.666758,16,312.554543
6.598505,16,312.97223
5.554681,14,313.417979
5.290254,14,313.909731
4.754572,14,314.308799
2.402311,17,314.784761
5.964486,15,315.203637
5.612591,15,315.614965
5.871715,16,316.106505
4.984459,14,316.526523
6.143272,15,316.934312
5.223398,13,317.307089
1.201748,15,317.767193
6.709551,16,318.282608
6.04738,15,318.707535
5.257037,14,319.108051
6.129736,15,319.516705
1.389834,15,319.922127
5.733944,14,320.302436
5.851943,15,320.691664
5.109168,14,321.057632
6.235601,15,321.446589
4.250514,12,321.753266
5.811123,15,322.141379
6.959413,16,322.567828
4.716194,12,322.873616
6.381038,15,323.261434
6.000554,15,323.650595
5.87752,15,324.053396
7.001652,16,324.478777
5.527502,14,324.858239
5.278633,14,325.238005
0.889153,15,334.549605
5.711942,15,334.953959
6.462359,15,335.347313
7.415421,17,335.808223
6.961104,16,336.235608
5.175089,13,336.581125
6.291207,15,337.066038
6.770494,18,337.622384
5.780186,14,337.998675
5.960091,14,338.379218
4.301459,13,338.729958
4.603806,13,339.081982
5.028784,13,339.4261
5.044922,13,339.833903
4.887283,13,340.257826
1.520161,16,340.706636
1.400902,15,341.101448
7.301791,17,341.574032
0.607556,15,341.973994
2.501214,16,342.394422
1.634788,16,342.806182
6.169392,16,343.230367
5.387114,14,343.607212
4.160886,12,343.937079
4.880238,14,344.314718
6.449057,16,344.73949
6.082233,15,345.14156
1.089388,15,345.529663
1.544001,16,345.953028
6.772667,17,346.40017
6.623971,18,346.871387
6.462337,17,347.33741
4.853642,14,347.722373
5.087274,13,348.069602
4.34733,12,348.493009
5.020732,14,348.970835
5.695891,14,349.358577
4.709499,13,349.726157
5.86904,14,350.104324
1.070098,15,350.511346
4.907819,13,350.853056
5.911175,15,351.254419
5.38329,14,351.63404
6.227284,15,352.022956
6.329092,15,352.437843
0.886786,15,352.826524
5.126132,14,353.206439
8.4844,19,353.701943
1.194269,15,354.121039
5.576605,15,354.526353
4.311522,13,354.869058
6.420258,16,355.308729
5.732537,14,355.67505
6.975009,19,356.184818
5.405209,14,356.53609
5.640835,14,356.915396
5.818557,16,357.341713
7.214146,18,357.816393
4.484321,13,358.174554
5.484077,14,358.554156
5.235692,15,358.943095
6.004419,15,359.359385
5.231677,14,359.725377
4.563147,13,360.081316
6.593922,16,360.506568
5.219538,14,360.884608
6.521714,17,361.330818
5.910749,15,361.717377
1.93707,17,362.150848
5.356719,15,362.552088
5.390081,14,362.918552
6.194757,15,363.319333
5.884299,15,363.720939
6.360267,16,364.146632
5.05406,13,364.488009
1.093013,15,364.891816
6.349667,14,365.258843
6.30303,15,365.709135
4.896478,13,366.161182
4.658721,14,366.608299
6.804459,16,367.05617
1.637804,16,367.494979
4.332517,13,367.869526
6.188067,15,368.289135
5.580543,15,368.677757
4.407027,13,369.020927
4.423836,12,369.354355
5.749218,15,369.754964
6.297796,16,370.166236
4.989185,13,370.507736
6.113531,16,370.919315
4.057926,12,371.225964
6.988428,17,371.674682
5.880543,15,372.078938
1.51871,16,372.505467
5.665859,14,372.94121
5.429105,14,373.393413
7.755626,19,373.919485
5.300159,15,374.344727
4.905825,13,374.71988
1.289106,15,375.301855
6.166542,16,375.853246
4.445783,13,376.287333
4.785119,14,376.671984
0.433499,14,377.058796
3.406482,21,377.661319
6.273858,16,378.096633
7.273626,17,378.652035
6.965715,17,379.131164
8.017171,19,379.67217
6.632354,16,380.127812
4.66507,13,380.606761
5.92067,15,381.063113
5.364872,14,381.459338
6.532281,16,381.896828
2.563202,19,382.430533
4.707692,12,382.769777
5.897907,15,383.172369
1.313369,16,383.595807
6.843951,17,384.030149
5.321616,15,384.433239
5.444472,13,384.786852
1.481323,15,385.160441
6.577571,15,385.547376
0.527069,15,385.948538
3.915859,12,386.301683
6.102432,15,386.972226
5.680975,15,387.384063
5.355387,14,387.774161
2.751678,18,388.258794
5.303836,14,388.630377
5.737948,14,388.995791
7.461501,17,389.448132
5.543167,14,389.814288
5.346788,13,390.156759
6.758492,16,390.582378
5.395618,14,390.975282
7.293444,18,400.498679
4.504861,13,400.827662
6.256616,16,401.253333
6.953243,19,401.777447
7.333358,18,402.252236
7.325688,17,402.689429
7.072417,18,403.162639
4.877278,14,403.530288
6.415925,15,403.934141
6.261006,17,404.383562
6.419892,18,404.871925
6.333027,15,405.262079
1.645215,16,405.676224
1.126617,16,406.089511
6.763271,16,406.504646
7.08137,18,406.99201
7.478851,18,407.450666
6.715959,16,407.877604
4.163092,13,408.220071
4.842741,13,408.562606
6.450107,16,409.003477
5.447995,15,409.433151
5.007086,14,409.91141
5.418117,15,410.356336
5.566136,14,410.738413
6.790924,17,411.207748
6.251064,15,411.629973
5.058244,13,411.996957
0.771501,15,412.397764
6.570757,16,412.858256
4.852265,14,413.337443
5.660756,17,413.943026
4.390876,13,414.337987
4.121672,12,414.664994
4.433661,13,415.047603
5.420172,14,415.432978
4.757895,13,415.795998
7.417227,17,416.366447
6.805446,18,416.865232
6.724239,18,417.36566
4.810213,13,417.741297
6.630828,17,418.333745
3.996889,13,418.71936
6.455722,16,419.155182
5.38175,15,419.577499
5.803531,15,419.992383
2.120857,16,420.40697
6.545845,16,420.830709
5.543215,15,421.233643
7.114452,18,421.693106
6.700735,16,422.094772
4.246139,12,422.415556
6.071186,16,422.842205
6.665002,17,423.290437
4.247805,13,423.619307
0.430858,14,423.986467
7.129819,17,424.43683
6.041419,15,424.965967
2.026808,17,425.614282
1.864373,16,426.064956
6.423515,16,426.486346
6.386143,16,426.933782
5.53889,14,427.313226
6.047324,16,427.724191
6.108464,15,428.113727
6.150392,15,428.501626
5.761411,16,428.962258
5.848757,14,429.463767
0.332373,14,429.876311
6.738266,15,430.276744
5.931419,15,430.678397
5.74888,16,431.127199
0.870117,17,431.566351
5.666208,15,431.953345
6.538118,19,432.579115
6.725362,17,433.199603
1.345825,16,433.625566
5.750854,15,434.037239
4.794314,14,434.424073
5.732914,15,434.815869
5.667839,16,435.245182
6.596854,16,435.670148
6.75398,15,436.045277
5.559556,15,436.432971
5.932031,15,436.821336
7.884992,19,437.30243
2.304825,18,437.775946
6.224361,17,438.239712
4.93377,14,438.618482
6.379416,16,439.04416
5.910996,16,439.470382
6.007502,16,439.89778
6.444398,16,440.323463
6.82954,15,440.725993
5.055659,14,441.105674
5.874992,16,441.663131
5.4259,15,442.109498
4.750016,13,442.462258
5.418273,14,442.839509
6.99852,17,443.312371
7.081077,17,443.768038
5.29794,14,444.134488
6.699031,17,444.583657
2.253833,17,445.034063
7.076698,18,445.517099
6.786221,17,446.186121
5.564114,15,446.611163
2.052078,16,447.150635
5.835011,14,447.558417
5.862337,15,447.991406
5.169565,15,448.40416
6.773656,17,448.876905
7.231395,19,449.373965
1.737608,16,449.799919
0.829531,15,450.189943
5.626635,16,450.612569
5.923281,16,451.037
6.747364,16,451.46174
5.730011,14,451.840123
7.035629,16,452.262112
1.586731,15,452.660509
6.458564,15,453.060356
6.407268,16,453.48498
5.265416,13,453.825315
6.442957,15,454.227412
5.903954,15,454.72098
5.582554,14,455.196158
1.185676,17,455.680169
6.994687,18,456.171769
6.235922,16,456.626168
5.354895,14,457.011381
7.051752,17,466.280954
6.702781,17,466.732781
6.533537,16,467.146214
3.29523,21,467.690039
5.606825,15,468.119038
6.212741,17,468.636444
5.527073,15,469.062486
6.735106,17,469.534637
2.928984,20,470.070838
4.815476,13,470.419155
7.799814,20,470.939251
6.107059,15,471.329379
6.415816,16,471.742847
6.470723,16,472.169405
2.028424,17,472.617871
5.68285,17,473.078944
7.045305,16,473.492217
5.600957,16,473.905104
6.20157,17,474.342076
5.788423,16,474.740002
8.101668,20,475.27238
6.742439,17,475.708528
6.483175,17,476.157721
4.970669,14,476.536176
6.182481,15,476.927053
6.74671,18,477.426779
6.211032,16,477.852446
6.796573,16,478.278973
1.929346,17,478.730151
5.161271,16,479.15785
6.11042,16,479.585889
4.181744,13,479.944303
6.725574,17,480.377959
6.108385,15,480.768112
4.305877,13,481.12597
7.172876,18,481.595897
5.561193,15,481.995445
2.357481,19,482.488574
2.930246,21,483.040914
6.526912,17,483.488873
6.374771,16,483.91327
6.810363,16,484.339062
5.510381,15,484.739645
5.900586,15,485.128638
5.409659,14,485.494714
2.106254,18,486.005211
6.246977,16,486.482742
6.376561,17,486.939136
5.615915,16,487.379318
6.377299,17,487.866813
0.997726,16,488.299333
6.361253,16,488.712215
5.525348,16,489.140708
6.440001,17,489.591556
5.907032,15,489.984503
6.968473,17,490.421874
7.010461,17,490.874195
5.13791,14,491.25695
5.974018,15,491.633861
1.868676,18,492.119039
2.141411,18,492.564459
5.976436,17,493.016078
5.464257,14,493.383014
6.391456,17,493.832765
7.104201,17,494.297214
1.146773,16,494.723657
5.936764,15,495.125226
7.24572,19,495.606938
6.668934,16,496.019894
6.474059,17,496.470209
5.53403,15,496.873115
5.672168,15,497.279507
6.20058,16,497.756356
6.325662,17,498.300667
3.132726,20,498.847588
8.005292,19,499.367311
5.087444,14,499.796152
5.516076,14,500.375153
5.495998,15,500.859836
5.449834,15,501.270349
6.478227,16,501.70833
5.340872,14,502.121651
6.353549,16,502.687389
0.217248,14,503.158305
5.592729,14,503.655082
6.329901,16,504.089611
5.308896,14,504.468571
6.868775,18,504.977537
7.29403,19,505.468813
6.334986,16,505.894384
5.646371,15,506.270247
5.061422,15,506.672971
5.501175,16,507.10036
6.546641,17,507.548165
6.809061,16,507.959413
5.221935,15,508.402198
5.546217,14,508.884074
6.699974,17,509.447463
4.328026,14,509.909325
6.400761,16,510.360456
1.650284,17,510.824762
0.615587,14,511.202427
2.426528,19,511.710271
5.908517,16,512.123211
6.004811,16,512.535032
6.174721,15,512.938406
5.72884,15,513.500601
6.271069,16,513.999872
6.592578,18,514.486241
5.579881,15,514.899431
7.551929,19,515.436838
4.567605,13,515.780804
5.532077,15,516.174321
1.975463,16,516.621404
1.181025,17,517.165016
5.242773,13,517.540675
5.106704,14,517.94354
6.732549,17,518.417418
6.268564,16,518.853871
4.993708,14,519.235581
5.825747,16,519.663275
5.932967,15,520.066138
5.494122,15,520.470096
7.753503,18,520.931143
5.855895,16,521.358324
5.728906,16,521.77307
6.576382,16,522.199088
6.018836,16,531.80132
5.676769,15,532.190521
6.51779,18,532.662056
2.20299,19,533.157653
6.463693,17,533.617884
6.597555,16,534.02818
6.090633,16,534.439241
6.251317,16,534.863001
2.645851,18,535.356013
5.56054,15,535.855016
1.92771,17,536.392242
6.433993,16,536.830316
6.575434,16,537.262095
7.189351,19,537.767972
6.056748,16,538.195777
6.821742,18,538.668246
5.783941,16,539.094101
5.158039,14,539.472792
6.244431,16,539.898152
6.219119,16,540.323712
6.326131,16,540.753173
7.506494,18,541.309057
5.998996,15,541.732465
5.135262,14,542.132171
6.030636,16,542.564502
7.091116,18,543.055141
5.595328,16,543.480731
1.512412,16,543.90578
2.677453,18,544.378093
4.576038,14,544.760302
5.946834,16,545.188116
5.863656,14,545.557157
6.895824,18,546.029114
6.103491,16,546.482886
6.464843,17,547.01885
5.826393,15,547.40573
6.307088,17,547.855943
7.389085,19,548.377756
5.32818,15,548.785779
4.718276,13,549.128532
2.457626,19,549.625169
6.725115,17,550.075032
5.748033,16,550.488561
1.446935,16,551.013713
6.820532,18,551.645302
7.51694,20,552.451213
7.092875,17,552.938572
0.726818,14,553.334959
7.098045,19,553.897161
5.705744,15,554.492644
6.016596,16,554.935347
5.02406,14,555.295773
5.512165,15,555.710324
4.95138,14,556.085338
5.650598,15,556.487844
6.676,17,556.951059
2.841103,18,557.421324
5.572485,15,557.821415
7.031679,19,558.317979
4.693814,13,558.673179
4.933699,13,559.002824
4.736928,14,559.380286
4.932837,15,559.769782
4.462896,13,560.112751
1.689953,16,560.583984
6.828255,19,561.175394
5.604472,16,561.702035
5.401296,14,562.191414
6.307925,16,562.647474
1.398434,16,563.077089
5.703662,14,563.47161
6.533284,17,563.935667
7.059226,16,564.34669
5.435801,15,564.748719
6.65346,17,565.197103
6.224943,16,565.623832
6.517608,16,566.036021
6.98689,18,566.522173
6.426525,17,566.970844
6.37446,16,567.396732
5.567843,16,567.821825
6.902184,17,568.270999
6.275325,15,568.675791
6.593427,16,569.106242
5.770429,15,569.49655
3.817198,22,570.063651
6.669316,17,570.513649
7.292725,19,571.012145
6.37325,17,571.528064
5.597235,15,572.046069
5.720339,14,572.425846
5.861664,16,572.861331
6.338556,17,573.32461
5.101152,15,573.725521
2.154387,18,574.175785
5.985361,16,574.899558
6.450929,17,575.360057
6.082327,15,575.786306
4.449733,13,576.147404
6.342442,17,576.601835
8.026491,21,577.152293
4.411317,13,577.494788
6.827544,19,578.002018
6.868287,17,578.462281
6.816354,18,578.933565
4.257356,13,579.289506
6.392911,15,579.692679
6.410223,17,580.127126
1.859264,17,580.561845
6.68859,19,581.057666
6.027123,15,581.458673
7.201303,19,581.967607
5.53119,15,582.369278
5.753875,16,582.782118
7.189527,19,583.277919
4.608306,14,583.645578
1.896164,17,584.095346
5.904771,15,584.486192
2.220049,16,584.911316
5.678451,16,585.349564
5.798235,14,585.701996
6.639909,17,586.151724
5.196091,14,586.517404
6.322133,17,586.952137
6.089278,16,587.379264
8.78432,20,587.912209
6.357293,17,597.470044
7.135998,16,597.92048
7.613108,20,598.45933
6.676474,18,598.931353
8.130534,21,599.474109
6.196208,15,599.877136
5.911499,15,600.280453
5.774501,16,600.706354
3.652366,12,601.013277
6.810516,18,601.486599
4.413417,14,601.867671
2.224286,18,602.341888
5.516805,16,602.754313
5.064372,14,603.121319
5.694683,15,603.513276
5.338088,15,603.91724
6.932409,18,604.378347
6.238962,17,604.82818
8.213113,19,605.326018
6.718222,18,605.798257
1.438885,16,606.427643
6.520841,17,606.875284
6.910364,18,607.359374
7.554341,20,607.874077
6.051696,16,608.295974
6.971736,19,608.788195
6.982137,18,609.27321
4.917088,13,609.61458
6.073677,17,610.154112
7.80619,18,610.62482
8.81163,21,611.177842
5.844177,16,611.616457
6.234517,17,612.050868
1.379964,15,612.43954
7.138221,19,613.038452
5.594396,15,613.451083
2.617233,19,613.972867
2.289364,18,614.456153
5.864824,15,614.83974
5.37944,15,615.242178
0.420929,15,615.644019
7.297694,19,616.207309
6.001932,16,616.687858
5.837447,15,617.097502
6.098221,16,617.55114
7.00447,17,618.014579
1.23972,17,618.464876
5.63748,16,618.891453
4.753003,14,619.271797
2.516207,19,619.767145
5.310095,14,620.120492
6.398587,17,620.58253
5.699437,15,620.971301
6.353195,17,621.4198
6.131583,17,621.868687
5.742797,15,622.260007
6.232212,16,622.687539
6.705036,17,623.138832
3.011124,20,623.657785
6.914434,18,624.344573
6.710365,17,624.945293
6.571103,18,625.445057
5.775111,15,625.873128
1.565134,16,626.322862
5.38466,16,626.725632
2.344415,18,627.187452
0.938525,15,627.576888
7.174054,17,628.013244
7.104198,18,628.575089
7.472169,19,629.071496
5.653334,15,629.460712
5.914543,17,629.909491
5.464714,15,630.425761
5.717509,17,631.122398
6.861423,17,631.625253
5.6453,16,632.180587
4.716315,15,632.602804
5.419052,15,632.993785
5.710955,15,633.395526
3.920554,13,633.757164
7.867312,21,634.306252
7.310988,18,634.768161
5.465244,16,635.306202
6.294022,17,635.889437
5.602464,15,636.413512
5.744503,16,636.87862
5.936433,17,637.34836
5.209571,15,637.777687
6.637501,17,638.325855
5.538439,15,638.842592
4.764195,14,639.223166
6.091489,16,639.664572
4.382433,14,640.053102
5.357171,14,640.439625
6.256936,15,640.841226
4.472241,13,641.182158
6.572394,16,641.594155
6.660364,18,642.079597
5.404235,15,642.453296
3.970242,12,642.783647
2.473475,19,643.276777
6.159608,17,643.723449
4.8869,15,644.124622
6.024965,15,644.526857
4.69547,14,644.904125
7.816874,21,645.445761
4.491253,14,645.811316
5.92355,16,646.273957
7.22734,18,646.822839
7.600081,20,647.356246
4.904788,14,647.747228
5.183263,15,648.157483
4.966658,14,648.525681
7.433762,20,649.046644
4.902613,14,649.425554
7.964637,20,649.944046
5.838486,16,650.370542
0.596243,15,650.761943
5.241019,14,651.141718
5.230445,15,651.545953
1.381161,16,651.976934
1.685108,16,652.390954
1.716593,16,652.79132
5.475061,14,653.158624
5.231089,14,653.539042
6.589654,18,663.365403
1.633325,17,663.830043
5.507312,15,664.235124
1.659913,16,664.663686
2.298917,19,665.162621
6.521923,16,665.590104
1.87389,18,666.065972
7.853835,20,666.660257
6.325784,18,667.233485
5.081788,14,667.621945
5.94278,15,668.037208
5.623034,16,668.586198
4.95986,14,669.038405
6.108614,16,669.46421
5.610844,16,669.90852
5.994919,16,670.350663
6.582719,17,670.804169
1.813989,17,671.251112
5.518979,15,671.652897
5.355097,15,672.129153
7.608445,19,672.724478
6.478119,17,673.195762
5.282081,15,673.604468
5.376328,15,674.056046
8.386684,20,674.750853
7.85503,20,675.345297
5.904736,17,675.913436
4.850712,14,676.282984
1.422267,17,676.768522
5.707815,16,677.231954
7.15326,19,677.835546
2.124625,20,678.382915
6.716633,17,678.873181
5.669252,16,679.301139
7.561873,19,679.81027
6.836142,17,680.247173
5.304467,15,680.650213
4.527218,13,680.979874
1.785538,18,681.46693
7.217864,18,681.941536
8.350632,22,682.521417
1.855401,16,682.946663
5.69167,16,683.360448
6.09733,17,683.809577
6.118058,17,684.262142
5.104188,14,684.641756
5.42513,15,685.0445
5.062565,14,685.412004
6.247273,17,685.861447
6.361295,17,686.310408
6.253026,17,686.745898
5.808033,16,687.173913
5.229826,15,687.578449
5.517786,14,687.957711
6.833135,17,688.407917
8.033815,20,688.95483
8.140542,21,689.514257
5.294921,15,689.89014
7.523841,19,690.374935
5.118262,15,690.777864
6.387884,17,691.21469
5.497409,15,691.60547
6.689603,19,692.101722
7.873837,21,692.64563
5.772705,15,693.048497
5.218603,14,693.39994
6.606047,18,693.872756
6.320159,17,694.32292
4.61683,14,694.691784
5.417375,15,695.066089
8.016016,20,695.582326
6.561189,17,696.030144
2.159263,18,696.486874
1.524064,17,696.937509
6.532366,17,697.385199
6.360028,16,697.795846
5.756515,17,698.257724
4.853819,14,698.610895
7.243213,18,699.084794
5.379083,15,699.487854
6.058307,17,699.936019
5.998354,16,700.361347
7.492462,19,700.870137
6.224304,17,701.496107
2.574559,19,702.122648
6.395404,16,702.599793
5.979747,16,703.070452
6.951045,18,703.608746
6.316628,16,704.047338
0.875578,16,704.478779
1.666721,17,704.929091
6.367782,16,705.355492
6.517442,17,705.803716
1.529868,17,706.25517
4.320789,13,706.613338
2.181314,18,707.074927
1.666397,17,707.526122
1.920982,17,707.962924
5.760835,16,708.392519
5.274026,15,708.794486
6.705582,17,709.232136
6.898092,18,709.721567
5.313452,17,710.172924
6.299526,16,710.572842
6.110889,16,711.000728
5.715946,16,711.428823
5.637858,16,711.843409
6.396212,18,712.330869
6.495593,16,712.730636
4.897575,13,713.098191
5.582636,16,713.582835
5.810441,15,714.095112
5.470228,16,714.58644
6.246136,16,715.04745
6.48697,17,715.535851
6.926738,18,716.102581
6.076482,16,716.576107
5.733128,17,717.05129
5.878471,16,717.500692
7.104524,17,717.952558
4.591497,15,718.363224
6.187077,17,718.820506
6.38139,17,719.282903
6.327859,16,728.863138
5.907874,16,729.312514
1.715069,18,729.80286
5.21537,15,730.220769
5.57412,15,730.63048
4.964178,15,731.028651
6.618101,18,731.518404
5.175871,15,731.92004
5.421687,16,732.351115
1.28224,15,732.763287
5.72123,15,733.178349
6.390438,17,733.624365
6.30975,17,734.094881
6.078016,17,734.554051
7.285341,19,735.071227
7.312974,18,735.559022
5.443576,15,735.942702
7.063767,17,736.39009
7.165135,18,736.891213
4.878112,14,737.265741
4.945891,14,737.627417
7.216233,19,738.129987
6.472082,17,738.571147
7.615495,20,739.126632
2.422843,19,739.625517
5.118004,15,740.013436
6.155557,18,740.51528
6.06708,17,740.956782
5.143209,14,741.373846
7.449094,19,742.02789
5.557074,15,742.432249
6.776991,19,742.987027
5.638934,16,743.434201
1.696464,18,743.929151
2.044701,18,744.400063
3.722032,12,744.712342
5.036261,14,745.102359
6.785715,18,745.590672
7.807055,21,746.179155
5.800583,15,746.57463
0.804635,15,746.955168
6.031144,18,747.454766
8.024184,23,748.075721
7.976771,20,748.609236
2.451677,18,749.184639
8.646833,24,749.926986
4.303776,14,750.333565
5.995178,16,750.789195
4.143958,13,751.139908
1.451491,16,751.589057
5.221485,14,751.965609
5.206899,15,752.397206
6.716108,18,752.881604
5.930776,18,753.356195
5.774431,16,753.791536
6.227402,17,754.244576
6.705654,18,754.781398
6.65233,17,755.33374
5.935465,16,755.788332
6.793428,17,756.263656
3.41358,22,756.890678
6.416699,17,757.358394
6.128451,16,757.936541
6.990804,19,758.592264
6.146054,17,759.12138
7.386652,20,759.71933
6.696492,18,760.222041
5.783495,16,760.667569
6.418106,17,761.116323
6.844174,18,761.590081
6.89588,18,762.13924
6.236962,16,762.861112
5.847615,16,763.288989
7.512403,21,763.895791
3.010525,19,764.533706
6.726618,17,764.996665
1.718331,19,765.508463
5.371836,15,765.907454
6.088837,16,766.336283
5.656229,16,766.762029
4.155405,13,767.108643
7.904313,21,767.666505
4.261334,13,768.009532
1.899265,18,768.487794
1.058317,16,768.903874
5.549629,15,769.364993
7.028839,19,770.02325
6.363376,16,770.798573
4.908394,14,771.180053
4.826794,14,771.603615
6.570224,18,772.118003
6.986012,18,772.612699
8.416107,21,773.176854
6.233169,16,773.689268
1.171441,17,774.238638
5.639322,16,774.683543
7.130551,19,775.236529
6.651738,17,775.792312
5.080423,14,776.291533
7.056282,19,776.832542
4.358144,14,777.243012
5.255245,16,777.691576
6.227389,17,778.161605
6.769862,18,778.631067
5.153817,15,779.022042
5.931804,17,779.468612
6.03313,18,779.942413
6.532179,18,780.416857
6.005732,16,780.843899
6.930365,18,781.304883
7.140773,18,781.77957
5.123644,15,782.184317
2.673315,19,782.682446
5.81518,18,783.169935
5.399998,16,783.587421
6.103821,17,784.028395
7.062547,20,784.563698
5.872236,15,784.955028
4.991203,15,785.333688
6.403489,16,785.747795
4.87493,15,786.137005
4.677041,14,786.514987
6.480396,18,796.583287
6.636383,17,797.050461
4.74543,15,797.466878
7.510672,21,798.023228
6.020214,16,798.451181
6.755069,18,798.92447
4.620956,14,799.293158
2.744295,21,799.836546
5.961771,17,800.27214
7.318337,19,800.75408
4.954717,14,801.118839
6.36698,18,801.604949
5.330109,16,802.028556
5.269771,14,802.379714
6.969854,19,802.926959
4.4792,14,803.413337
5.509937,15,803.942084
7.291867,18,804.543538
5.72481,15,804.995723
1.72201,18,805.5076
6.979333,17,805.979704
6.212518,17,806.444675
5.675857,16,806.857777
1.402264,18,807.330648
5.348257,14,807.709343
6.210019,17,808.160252
5.810457,16,808.674469
6.309415,16,809.147998
6.950769,18,809.623328
6.467641,19,810.134442
6.358126,17,810.591262
7.249829,20,811.110636
6.900803,18,811.569796
6.224008,19,812.066121
7.33989,18,812.541151
4.603497,15,812.932322
7.154645,20,813.452349
4.746295,15,813.840988
4.335065,13,814.205038
6.500184,18,814.85742
7.11632,18,815.376851
6.665592,18,815.896201
5.238171,15,816.32196
1.356705,17,816.819676
6.849495,17,817.370934
6.191236,16,817.823504
6.147892,18,818.3238
6.093417,16,818.756128
7.11854,19,819.261046
7.370111,20,819.780184
5.871992,16,820.192925
7.201384,19,820.690343
6.169189,17,821.141368
6.277163,17,821.578476
4.429065,14,821.946974
5.680869,15,822.353808
5.499324,15,822.743335
5.556023,16,823.169731
5.876329,15,823.574321
2.713045,19,824.072216
8.656121,22,824.627809
5.001712,15,825.029745
5.710203,17,825.464758
4.672265,14,825.832659
6.330012,17,826.254846
5.755558,15,826.642495
7.146213,18,827.099553
6.30533,16,827.525056
7.320489,17,827.972348
6.909815,19,828.521218
7.226544,19,829.224235
6.451155,17,829.70269
5.786915,17,830.17623
6.56318,17,830.653955
7.255919,19,831.180258
6.873749,18,831.63962
7.29023,19,832.136852
5.033671,15,832.649782
5.832273,16,833.130484
4.206775,13,833.473954
6.004381,16,833.899358
6.619415,18,834.388837
6.385148,16,834.809105
7.233909,19,835.293454
7.393681,19,835.792629
4.325297,14,836.17467
7.091769,18,836.63701
5.771273,16,837.065946
4.944544,15,837.457048
5.701201,16,837.884634
7.00399,19,838.383226
7.669804,20,838.906967
6.218848,17,839.345513
6.248295,17,839.797714
2.765546,19,840.297373
6.684033,18,840.774706
2.124538,20,841.300046
7.104363,18,841.776727
5.711707,16,842.191488
7.187466,21,842.738172
6.651344,18,843.215309
6.218934,16,843.645758
8.408273,22,844.228342
5.813295,16,844.657502
6.440681,17,845.110445
4.877609,14,845.572628
5.619277,16,846.0832
7.20051,18,846.55976
6.340192,17,847.021167
6.912274,19,847.531488
7.35158,19,848.040934
6.188916,17,848.463356
6.309964,18,848.935369
6.33145,17,849.387001
7.992847,20,849.892742
6.775481,18,850.350623
0.846392,16,850.763643
6.976438,19,851.244313
6.316035,17,851.678493
1.984097,17,861.216275
6.169476,17,861.667315
4.482356,13,861.999748
6.560956,18,862.460968
6.273729,17,862.89676
6.247302,18,863.371151
7.77317,21,863.913923
5.620132,16,864.328476
5.214093,15,864.717475
3.56565,22,865.301116
2.846068,20,865.805779
6.107693,18,866.278933
5.823104,15,866.669657
5.486038,17,867.121104
7.660968,21,867.664527
1.452249,18,868.13916
6.578781,18,868.612995
1.010267,17,869.065796
5.118816,14,869.433168
7.448729,19,869.93206
6.786241,17,870.369107
6.729091,19,870.882082
7.076883,19,871.381249
5.906467,16,871.781193
6.550298,17,872.218059
4.9333,15,872.623107
5.434849,16,873.050801
6.405726,18,873.523649
5.955588,17,873.975091
6.850739,18,874.672447
4.202869,13,875.049932
7.390872,22,875.634247
1.511191,17,876.095978
3.16184,21,876.669843
5.341907,15,877.046075
7.539507,21,877.596865
6.74184,18,878.245558
5.305483,17,878.813189
6.741492,18,879.424941
6.722416,18,880.015575
5.450407,15,880.4416
6.439405,18,880.951271
6.510008,18,881.462417
5.255904,16,881.880467
6.376913,18,882.717677
5.65949,16,883.140168
7.071681,20,883.660829
6.999186,18,884.157681
1.940886,18,884.622561
7.974314,21,885.164927
6.219298,17,885.698572
5.756844,17,886.146339
7.184663,19,886.800774
2.03726,19,887.337382
5.831124,16,887.751628
7.340666,19,888.235094
5.052469,15,888.633259
6.899382,19,889.129629
7.029713,19,889.625216
4.990035,15,890.015084
6.503283,18,890.491336
6.749806,18,890.967908
7.822796,21,891.543131
5.869668,16,892.009609
5.304189,15,892.426741
4.611177,14,892.819412
8.461745,23,893.424965
6.385731,18,893.888772
6.716999,19,894.39915
5.670876,17,894.835857
6.705245,17,895.272966
5.682997,16,895.700896
6.767702,18,896.1767
6.11525,17,896.601106
5.991773,17,897.052763
1.522055,18,897.528643
5.985373,17,897.965928
7.56591,20,898.481531
8.281807,23,899.073199
7.5212,19,899.558369
8.118674,21,900.101731
5.663833,16,900.527977
6.056287,17,900.978719
6.851461,18,901.452198
6.763848,18,901.928404
6.704972,18,902.402251
7.582836,20,902.922378
6.855926,19,903.418911
5.114258,14,903.894838
5.976863,17,904.471488
7.090425,19,904.980454
6.666549,18,905.461779
5.736838,16,905.880441
5.894294,16,906.292378
6.158289,17,906.742025
2.18476,19,907.252346
8.045613,21,907.795486
5.80408,16,908.210294
1.620204,17,908.662175
6.934379,19,909.146333
1.65055,18,909.607911
5.638926,16,910.02305
4.0944,13,910.354612
8.400048,21,910.900108
4.976452,14,911.253389
5.357448,16,911.667399
5.462223,15,912.070224
6.064264,17,912.520612
6.297685,18,912.982142
5.671318,17,913.434117
7.731912,21,913.979103
6.485851,18,914.456752
7.01148,18,914.918581
7.197623,19,915.469039
6.395644,18,916.095885
6.405029,17,916.600674
6.292122,17,926.397221
6.887259,18,926.872199
6.508987,18,927.334638
5.57173,16,927.749944
2.219279,19,928.236649
7.054306,20,928.833527
6.57856,18,929.407721
5.655242,16,929.861316
4.132459,13,930.220567
5.663092,17,930.692785
5.817481,17,931.15243
6.626774,19,931.683458
5.716568,16,932.205582
8.500476,23,932.827861
6.503272,18,933.312634
4.928648,14,933.687852
6.639248,18,934.151584
8.417203,23,934.767829
5.979605,17,935.29442
8.645696,22,935.875163
7.270747,20,936.419042
7.361321,21,936.984524
7.313402,20,937.50404
5.559043,16,937.917325
4.73435,26,938.586949
6.635133,18,939.059561
7.778517,22,939.640596
8.22445,23,940.240592
5.000297,15,940.643961
5.300043,16,941.057949
5.769527,17,941.493472
7.389661,20,942.013098
5.285363,17,942.462747
5.801006,16,942.87667
7.027798,19,943.371052
5.820648,17,943.821398
6.25192,18,944.28185
6.626443,17,944.733547
4.636362,15,945.126565
5.86915,17,945.563724
6.376238,18,946.027893
7.317186,20,946.548449
6.420496,19,947.044052
5.295432,16,947.470307
5.57121,16,947.895011
6.929207,19,948.392666
6.795445,18,948.968961
8.863577,25,949.704414
5.466616,16,950.145804
6.456886,18,950.623577
6.194529,19,951.128428
6.721715,18,951.603132
5.993206,18,952.06467
6.326264,17,952.518962
7.113322,19,953.016928
6.681087,18,953.493787
6.312657,17,953.945235
5.099297,15,954.348833
7.602665,19,954.844415
7.984379,22,955.413612
5.551909,17,955.969644
6.876561,18,956.492077
5.35563,16,956.942831
6.977758,19,957.467422
6.253457,17,957.939278
6.210533,18,958.411979
4.925507,16,958.824924
7.301984,19,959.32397
1.654267,17,959.761583
4.959073,15,960.165493
6.064404,19,960.635593
3.331378,20,961.154622
7.860094,22,961.721663
7.093886,17,962.375352
7.049614,19,962.982037
5.88369,17,963.444156
6.425965,17,963.916596
7.000528,19,964.442023
6.776829,19,964.949011
7.388738,21,965.509159
6.655338,18,965.970455
7.759832,20,966.504861
6.337253,18,966.980127
6.311018,17,967.431438
6.463231,18,967.907502
6.979712,20,968.429044
6.319987,17,968.88022
2.185753,20,969.404001
6.780007,19,969.904031
5.604827,16,970.331317
6.420285,18,970.79223
7.017042,20,971.314768
6.334545,18,971.774646
6.634053,19,972.274268
5.09058,15,972.66652
6.701101,18,973.139736
6.045692,17,973.592539
4.795791,15,973.997636
3.331426,21,974.544918
6.788102,18,975.021525
7.520743,21,975.583991
5.461746,16,976.013207
5.570557,16,976.442306
2.733427,21,977.002764
6.931532,19,977.488787
5.421112,16,977.917444
6.775199,18,978.381107
6.385637,17,978.832443
5.921996,17,979.28649
7.501594,19,979.785647
5.630092,17,980.33361
6.684237,18,980.865313
6.313335,17,981.33949
7.228932,19,991.356592
8.591428,23,991.934103
6.425257,18,992.407817
6.092579,17,992.845258
5.937932,18,993.307327
5.908015,17,993.787274
7.132314,19,994.378079
5.857689,17,994.839146
5.974,17,995.292736
2.579178,21,995.848458
7.473155,21,996.405502
7.694818,20,996.926497
6.75826,19,997.423105
7.140674,19,997.893379
7.222385,20,998.414673
5.46585,16,998.816566
7.250044,20,999.339629
5.830642,17,999.792827
2.809456,21,1000.422607
6.634729,19,1001.033001
5.052539,15,1001.447937
7.842124,23,1002.193179
6.018148,18,1002.792186
5.578264,16,1003.235654
7.380517,21,1003.792563
4.545184,15,1004.192889
6.798769,19,1004.695223
7.928207,22,1005.26535
6.931478,19,1005.761758
5.727847,16,1006.176398
5.930229,17,1006.615089
6.063094,17,1007.067486
7.544354,21,1007.615308
7.731688,21,1008.159092
4.679154,14,1008.514447
7.677029,23,1009.117915
2.07261,20,1009.642505
6.539798,19,1010.139413
7.108546,19,1010.638353
2.751083,23,1011.245663
5.106915,16,1011.745797
6.010219,17,1012.315766
6.5078,19,1012.824496
5.788313,18,1013.328414
6.937538,19,1013.987307
7.359246,21,1014.561078
4.42634,14,1014.926325
6.462065,18,1015.432958
7.950866,22,1016.115192
6.192738,18,1016.613611
6.599866,18,1017.128136
5.606834,17,1017.709057
6.798361,20,1018.28963
2.357913,20,1018.841734
6.238215,17,1019.325931
7.193446,20,1019.941648
5.634783,16,1020.363168
9.108654,25,1021.032376
6.495881,18,1021.502924
6.394902,18,1021.974315
3.216833,22,1022.527032
7.109851,20,1023.035334
7.736706,21,1023.704538
5.262093,16,1024.128148
6.31193,17,1024.580558
3.695858,22,1025.164435
6.964142,19,1025.652536
7.451615,20,1026.186846
6.678633,19,1026.684363
6.920196,20,1027.192086
7.431082,21,1027.749005
1.454494,18,1028.223368
5.283555,15,1028.627349
7.150606,20,1029.148672
5.890203,17,1029.60012
5.621117,16,1030.001082
2.138022,19,1030.48845
5.889025,17,1030.938337
6.294837,18,1031.401056
6.735002,18,1031.875585
6.651065,19,1032.375121
5.537925,16,1032.778607
6.018111,17,1033.231204
7.510666,21,1033.777915
6.281652,18,1034.2533
5.662533,17,1034.690329
5.718381,18,1035.164965
6.195174,18,1035.653149
6.951527,20,1036.175042
7.390522,20,1036.698471
6.308904,17,1037.148025
2.091147,19,1037.647447
6.650501,18,1038.109926
6.376221,19,1038.606949
5.273667,16,1039.165596
3.254511,22,1039.911643
7.18857,19,1040.537578
2.333745,19,1041.17817
7.469575,20,1041.737534
6.789788,19,1042.254602
6.031322,17,1042.715739
5.932713,18,1043.189581
6.316364,17,1043.640301
5.366813,16,1044.054021
7.502138,21,1044.612649
5.585467,16,1045.013844
7.397479,20,1045.536208
6.504884,19,1046.035789
6.239315,18,1046.509054
6.35901,17,1046.945128
6.74045,20,1056.854195
7.233606,20,1057.375443
6.25725,18,1057.849665
6.576638,18,1058.323406
4.991996,15,1058.715058
7.638408,20,1059.223189
7.094544,22,1059.806349
5.744471,18,1060.282986
7.345667,21,1060.935784
7.93728,21,1061.502399
5.082032,16,1061.945569
6.326857,19,1062.459634
4.840825,14,1062.846212
6.378279,18,1063.320994
9.171934,24,1063.936859
7.957232,21,1064.484065
6.885275,19,1064.97028
5.831234,16,1065.413322
5.833506,16,1065.896057
6.094184,18,1066.477094
6.450042,18,1066.979342
7.057846,20,1067.531737
4.985505,15,1067.958465
1.537558,18,1068.438237
3.276074,23,1069.04638
6.121221,18,1069.511717
8.372205,24,1070.158233
6.275572,18,1070.634853
5.814946,16,1071.036448
7.204315,20,1071.543712
5.59463,16,1071.945327
5.603587,17,1072.383722
6.005438,18,1072.859295
2.88109,21,1073.405096
4.982757,16,1073.818952
7.780227,22,1074.387578
5.517002,16,1074.801891
5.5591,17,1075.250475
4.936095,15,1075.641853
6.79332,18,1076.115599
6.972636,21,1076.66036
7.108654,20,1077.167844
6.408146,19,1077.653215
5.341321,16,1078.068242
5.938926,17,1078.522191
5.286555,16,1078.937716
7.736691,21,1079.496732
6.829849,18,1079.972942
6.824873,19,1080.471269
6.683882,18,1080.919365
7.081383,20,1081.441133
5.817935,17,1081.878339
6.183002,18,1082.340449
6.512107,18,1082.802593
6.154366,18,1083.277193
8.491388,23,1084.162405
6.99735,19,1084.688067
3.467026,23,1085.317069
6.060314,18,1085.807868
5.688568,17,1086.260777
1.229703,17,1086.699957
4.563763,15,1087.108348
8.348745,21,1087.63967
4.795869,16,1088.055616
6.811683,18,1088.519746
4.932052,16,1088.936832
6.784255,19,1089.43734
7.258825,20,1089.960817
6.893781,20,1090.486084
6.361969,18,1090.94696
7.383131,20,1091.457217
8.386975,23,1092.185144
2.145514,19,1092.835346
7.704656,20,1093.474106
7.350055,21,1094.045835
6.703253,19,1094.564637
5.069484,16,1095.059526
6.781296,19,1095.745744
6.099635,17,1096.374303
6.247985,19,1096.907803
5.5742,16,1097.40464
6.591157,19,1097.903615
6.409573,19,1098.411582
6.504252,18,1098.863105
6.997626,20,1099.383755
7.674456,22,1099.966977
6.305625,18,1100.444566
7.219409,21,1100.990779
6.949533,18,1101.472299
1.908882,19,1101.979884
6.243896,17,1102.443689
7.338483,22,1103.02293
7.592021,21,1103.57342
6.289153,19,1104.075173
6.663916,20,1104.600628
7.388828,20,1105.133739
5.261124,16,1105.576883
6.914623,19,1106.092587
7.591233,20,1106.63731
3.615796,22,1107.223724
6.54479,18,1107.689374
5.815902,16,1108.129195
7.054805,19,1108.678337
5.017391,16,1109.216482
7.696066,21,1109.814883
7.19991,20,1110.448257
6.448036,19,1111.037281
7.463813,20,1111.602655
5.475013,16,1112.054437
5.730925,17,1121.800835
7.431495,20,1122.324852
7.259354,20,1122.848556
6.854372,20,1123.383473
6.619827,19,1123.90724
6.668941,19,1124.421167
4.96507,14,1124.797723
8.178697,23,1125.571721
5.419029,16,1126.140984
5.377375,17,1126.649284
5.851095,17,1127.146305
2.310571,20,1127.715169
6.878619,19,1128.250591
6.363389,18,1128.735164
6.499508,19,1129.244931
5.845125,18,1129.737685
5.587554,17,1130.177255
6.667018,19,1130.695866
5.973426,17,1131.252899
6.56098,19,1131.783165
6.945422,19,1132.28733
6.042644,17,1132.735238
5.648076,17,1133.178197
6.686274,19,1133.669635
6.956319,18,1134.143299
5.69966,17,1134.598049
8.677569,25,1135.240123
6.487535,18,1135.71694
6.387491,18,1136.192154
7.665182,21,1136.738999
7.367611,20,1137.266762
3.521947,23,1137.846966
6.813302,20,1138.388024
6.716761,18,1138.862329
0.607846,16,1139.377715
5.890973,18,1139.922781
6.20364,18,1140.410269
6.732117,19,1140.924231
7.105984,20,1141.463236
6.945641,19,1142.092003
5.716426,17,1142.557841
6.57472,19,1143.056597
5.676142,18,1143.543744
6.200324,17,1143.988836
7.105457,21,1144.535973
7.42651,21,1145.068403
5.883341,17,1145.510432
6.829494,19,1145.998474
7.109606,21,1146.54611
5.402294,16,1146.984854
10.140254,27,1147.818424
7.638421,20,1148.35588
6.437127,19,1148.865901
5.699602,17,1149.311414
7.282197,20,1149.820648
7.397262,21,1150.36811
6.031293,17,1150.809724
8.10303,23,1151.401679
7.235488,19,1151.900716
6.273708,19,1152.403482
8.063127,21,1152.950668
7.482927,20,1153.471355
2.616025,21,1154.016997
6.197311,18,1154.505935
5.621252,17,1154.930553
6.943227,20,1155.449478
2.98559,22,1156.159446
2.724076,22,1156.808469
6.211057,17,1157.257935
6.922812,22,1157.840759
5.172527,16,1158.246135
6.303683,18,1158.707007
6.571512,20,1159.226829
7.310673,20,1159.760473
5.005319,15,1160.151639
3.103284,22,1160.704986
7.087906,19,1161.188306
6.487122,20,1161.696945
6.9754,20,1162.296091
6.558017,18,1162.801067
4.874788,15,1163.220469
4.990875,15,1163.637338
5.336259,17,1164.086679
7.346,21,1164.6306
6.835142,19,1165.141304
6.769902,20,1165.647629
7.985215,22,1166.214629
6.347096,19,1166.698014
7.378881,21,1167.241258
4.91887,16,1167.667617
6.113346,17,1168.104861
6.640342,19,1168.601842
5.63307,17,1169.054136
7.79457,23,1169.646449
5.841997,16,1170.062158
6.956994,20,1170.597337
3.281942,20,1171.121211
6.222758,18,1171.594968
2.356911,19,1172.079232
8.054429,21,1172.623136
6.845697,20,1173.544667
6.782854,19,1174.068234
0.885775,17,1174.500793
6.317937,18,1175.004217
7.278622,21,1175.587418
6.08524,18,1176.048663
7.344375,20,1176.569478
5.607724,16,1176.996853
7.909092,21,1186.672123
7.456878,21,1187.220252
6.608361,19,1187.718356
5.607662,17,1188.155493
7.278278,21,1188.711912
6.452598,19,1189.389091
5.935904,17,1189.838377
5.73394,17,1190.302238
6.642679,19,1190.799898
7.115762,21,1191.341965
7.88061,21,1191.887052
7.056055,20,1192.410293
5.934873,17,1192.846333
6.877065,19,1193.327508
6.146087,18,1193.800427
5.290431,16,1194.225004
6.925454,20,1194.74386
5.199095,17,1195.194406
7.00256,20,1195.712772
5.731699,17,1196.162124
7.433157,21,1196.754506
7.406375,21,1197.382207
7.849364,22,1197.948202
6.896027,19,1198.474094
6.953596,20,1199.104681
7.82485,21,1199.695565
7.445378,22,1200.306171
8.374505,24,1200.986028
5.655786,16,1201.523948
1.190476,19,1202.321231
6.472908,18,1202.824292
5.403854,17,1203.287525
5.532405,17,1203.74405
5.716772,17,1204.193457
6.237246,18,1204.721231
8.999765,26,1205.427449
7.574004,22,1206.013652
7.4855,20,1206.546593
6.835355,20,1207.066879
6.80729,19,1207.564372
3.003135,21,1208.10943
7.315363,20,1208.631382
5.4496,17,1209.070045
4.9591,16,1209.485106
8.413582,23,1210.079077
1.401988,19,1210.590966
5.024712,16,1211.205543
6.97858,19,1211.731401
6.961633,21,1212.309446
4.892035,16,1212.759368
7.320223,19,1213.251081
6.2785,18,1213.711202
7.933675,23,1214.302931
6.462435,19,1214.787284
7.916545,22,1215.466501
5.728893,17,1215.944212
7.725464,21,1216.517794
6.118669,17,1216.993901
6.415705,18,1217.457612
6.15308,17,1217.88005
7.999525,22,1218.42034
6.657507,20,1219.156559
8.109057,22,1219.871246
2.710945,21,1220.525641
9.151386,24,1221.151258
8.85233,24,1221.77785
4.866616,15,1222.166796
5.217004,17,1222.617644
6.757341,19,1223.101933
7.753568,22,1223.669098
7.269676,21,1224.241619
6.48624,19,1225.031211
5.488063,17,1225.497317
7.327629,20,1226.030756
6.920793,19,1226.539857
6.748984,19,1227.121541
8.171301,23,1227.753623
5.72451,17,1228.201774
6.941388,20,1228.721298
6.57702,19,1229.206447
8.029576,23,1229.808751
6.885192,19,1230.292686
6.935397,20,1230.813647
7.058621,21,1231.384331
6.561294,19,1231.870453
6.110937,19,1232.369435
7.578062,22,1232.938755
5.40671,17,1233.361919
5.192652,16,1233.789437
6.270347,18,1234.263937
5.934025,18,1234.724195
6.841982,19,1235.209278
5.795036,16,1235.63606
7.800702,22,1236.201982
5.908384,19,1236.688195
5.721335,17,1237.126114
7.068726,19,1237.722365
2.168536,20,1238.256786
1.971247,20,1238.885055
6.971059,20,1239.47417
6.514342,19,1239.988913
7.247449,22,1240.554432
6.046277,19,1241.040422
7.342119,21,1241.595893
5.869706,17,1242.031038
6.249058,18,1242.488463
7.637885,23,1252.02848
8.484478,24,1252.692468
7.314651,20,1253.243085
7.034619,20,1253.761918
7.569659,21,1254.289739
7.066807,21,1254.81759
8.58453,23,1255.404106
8.075191,24,1256.002249
2.324374,21,1256.545895
8.15765,23,1257.159215
5.843436,17,1257.592046
1.280869,18,1258.051537
5.721599,17,1258.488225
5.959917,18,1258.961329
7.555738,20,1259.480303
5.170797,15,1259.882089
7.495482,21,1260.632191
7.016169,20,1261.193874
7.587708,21,1261.752449
7.914285,23,1262.371929
6.54673,19,1262.868227
6.103611,19,1263.350153
6.123481,19,1263.833755
2.419502,20,1264.356853
6.341738,19,1264.842872
2.227146,20,1265.367183
6.58031,18,1265.829089
6.108806,18,1266.277237
6.683171,19,1266.772954
7.784588,21,1267.443994
6.759132,19,1267.943108
5.895361,18,1268.416767
6.947374,20,1268.94905
5.475409,17,1269.510942
5.91578,18,1270.046496
6.085769,19,1270.541051
9.350752,25,1271.209747
2.694946,21,1271.748031
5.929915,17,1272.201245
5.844904,17,1272.624567
7.182305,21,1273.156662
7.814148,23,1273.763017
5.686089,17,1274.324267
6.262806,19,1274.818687
2.223065,20,1275.339953
7.338002,20,1275.870656
5.581756,16,1276.268619
5.284081,16,1276.677905
6.806478,19,1277.159487
6.652835,20,1277.679499
6.944737,20,1278.184892
6.171509,18,1278.655284
6.364415,19,1279.134278
7.113809,21,1279.674305
7.516318,19,1280.170229
6.149364,19,1280.666118
5.681825,18,1281.110532
6.800261,19,1281.604335
6.834168,20,1282.122588
6.88017,20,1282.641078
6.462223,18,1283.115191
4.372201,25,1283.770452
5.916645,18,1284.235617
6.481712,19,1284.84058
6.800594,19,1285.431557
6.282231,18,1285.92196
5.571933,17,1286.385302
4.776061,15,1286.784843
7.846362,22,1287.358072
5.646419,18,1287.832839
7.111837,20,1288.352969
4.8642,16,1288.780893
5.248805,16,1289.20751
5.810268,17,1289.643582
6.868568,19,1290.153637
5.369763,17,1290.590755
7.313177,23,1291.180958
5.934495,17,1291.617815
7.566454,21,1292.148019
6.256354,18,1292.621573
5.805139,18,1293.094404
5.986745,18,1293.567451
6.604761,19,1294.050566
6.153288,18,1294.508675
6.403355,18,1294.971264
6.76396,19,1295.472354
6.287415,19,1295.969974
7.471548,23,1296.561482
6.522781,19,1297.060799
2.857282,21,1297.595219
7.308033,21,1298.137852
3.091582,23,1298.713717
6.650967,19,1299.209108
5.511863,17,1299.644637
6.068061,18,1300.117774
2.356975,20,1300.637028
4.754204,16,1301.049031
6.707393,19,1301.543655
5.85066,18,1302.003633
6.365638,19,1302.499583
5.953028,19,1302.983321
7.984123,24,1303.595942
5.777473,18,1304.068455
6.607026,19,1304.565422
0.672025,17,1305.041974
8.157562,21,1305.718177
7.96366,22,1316.082796
5.202375,16,1316.550728
7.304942,20,1317.099187
6.038711,19,1317.642196
5.404425,16,1318.15416
7.730911,21,1318.735035
6.165539,18,1319.224762
6.898821,19,1319.854459
6.287123,19,1320.639036
7.281028,20,1321.187754
5.102806,16,1321.607297
5.466513,17,1322.059303
6.327998,18,1322.53541
6.60774,19,1323.034674
6.004358,18,1323.494375
7.603707,21,1324.039329
6.05339,18,1324.498684
6.261597,19,1324.995764
7.418958,21,1325.54073
7.026704,20,1326.062711
7.086296,21,1326.607244
6.993578,21,1327.152136
7.073572,21,1327.69578
6.702126,19,1328.231279
6.097852,18,1328.765128
5.489709,17,1329.253839
6.254088,18,1329.750731
5.429162,16,1330.199914
6.673163,19,1330.705328
1.644673,19,1331.174714
2.228327,21,1331.734934
5.830729,18,1332.182858
6.4292,19,1332.683893
5.033843,16,1333.110883
5.761241,17,1333.563788
6.365503,20,1334.07124
6.126691,19,1334.584593
2.050648,19,1335.086537
7.669294,22,1335.654371
6.793458,19,1336.152257
7.027958,20,1336.67202
5.111434,16,1337.085043
7.029791,21,1337.655977
7.006123,20,1338.268429
6.104317,18,1338.767986
5.448233,17,1339.241631
6.559439,19,1339.766163
4.950396,16,1340.181984
5.454214,18,1340.6423
1.475787,18,1341.102049
5.207728,17,1341.540348
6.783165,19,1342.036627
7.470516,21,1342.591972
9.405685,26,1343.363745
7.98645,23,1343.973014
4.901619,15,1344.370738
7.33305,21,1344.913131
6.991931,22,1345.480353
2.020577,20,1346.04599
6.69054,19,1346.620607
7.218811,20,1347.158189
5.438437,17,1347.622132
5.670861,16,1348.056047
6.499739,19,1348.552343
7.675082,22,1349.12143
8.559371,23,1349.715121
7.142148,20,1350.248281
5.456175,16,1350.651122
8.01199,22,1351.230993
6.088277,19,1351.700815
7.087672,21,1352.260497
2.737289,21,1352.805866
5.281336,16,1353.209245
4.961905,16,1353.624894
8.260801,23,1354.271165
6.714629,19,1354.950557
9.781221,27,1355.716511
6.512379,20,1356.254329
5.612156,17,1356.68613
8.077932,21,1357.237771
6.006551,18,1357.698154
8.183526,23,1358.289141
5.280956,16,1358.69045
4.989751,16,1359.116503
7.333364,21,1359.661334
5.958372,18,1360.136689
7.420657,20,1360.65687
6.676636,20,1361.176036
6.93942,20,1361.693995
7.846151,23,1362.294569
8.503511,24,1362.891896
6.633043,19,1363.384981
5.720648,17,1363.89746
8.670454,24,1364.549127
6.719646,19,1365.061852
6.980322,21,1365.61518
7.21756,19,1366.130687
8.007025,23,1366.871531
5.13662,17,1367.405632
7.04948,20,1367.924817
9.556029,26,1368.635324
7.694902,21,1369.207413
6.44118,18,1369.651552
7.493714,21,1370.196319
4.800275,15,1370.572106
7.521243,21,1380.247545
7.799178,22,1380.815236
7.540946,21,1381.371988
6.108595,19,1381.856004
2.120679,20,1382.391378
7.09326,21,1382.9203
6.572945,20,1383.426965
5.520489,17,1383.8652
6.557636,19,1384.351316
5.219256,16,1384.780337
6.750968,20,1385.290928
6.71502,19,1385.787349
6.284453,18,1386.24648
7.256582,20,1386.741389
6.412608,19,1387.23788
8.151802,22,1387.804108
6.495764,20,1388.325986
8.057748,22,1388.894097
8.246924,22,1389.460754
2.713645,21,1389.979439
6.967148,21,1390.522565
6.756192,20,1391.042452
7.325674,20,1391.564106
6.351819,19,1392.061545
6.355619,18,1392.521222
6.473704,19,1393.00589
6.112633,19,1393.57589
6.336637,19,1394.144343
6.149808,18,1394.614271
7.131927,21,1395.190752
7.39023,21,1395.741606
2.804643,21,1396.47568
7.249242,21,1397.035944
5.589764,17,1397.482413
5.73665,17,1397.942822
7.189578,21,1398.484898
5.37733,16,1398.909942
6.43014,19,1399.406944
7.864095,22,1399.974677
5.602737,16,1400.38842
7.457741,21,1400.904967
7.146691,21,1401.543389
6.856919,20,1402.07618
5.578511,17,1402.539339
7.77809,22,1403.125317
7.274399,21,1403.669608
5.067002,16,1404.096109
6.079161,18,1404.568436
6.475393,19,1405.064938
6.070209,17,1405.517223
6.632225,19,1406.014656
8.289631,24,1406.628886
7.715378,22,1407.321831
6.579793,18,1407.893326
7.171687,20,1408.415315
7.088663,20,1408.955887
6.938445,20,1409.486269
7.80749,21,1410.031935
3.496002,23,1410.622227
6.74705,20,1411.14246
6.233801,18,1411.679201
9.019292,25,1412.467
6.426652,18,1412.968948
6.569954,20,1413.564799
7.497386,21,1414.198938
7.631337,23,1414.806995
7.033205,21,1415.353564
7.115727,20,1415.967451
2.3466,20,1416.547313
7.006876,20,1417.067589
5.414111,16,1417.504145
5.873421,17,1417.936483
6.783812,20,1418.439227
9.14194,25,1419.089348
5.941,18,1419.548267
4.827811,15,1419.942743
6.734276,18,1420.540436
7.930136,22,1421.266572
4.51546,26,1422.073491
8.212575,23,1422.720444
7.415242,20,1423.236681
7.37337,21,1423.757769
5.741878,17,1424.193769
6.686987,20,1424.726179
7.786943,22,1425.293124
4.287059,26,1425.951782
6.307826,19,1426.445719
6.785622,21,1426.973411
2.831525,22,1427.553704
5.68322,16,1427.966821
8.3094,23,1428.556522
7.506594,21,1429.099117
9.475314,26,1429.746976
6.265972,17,1430.183943
5.295103,16,1430.598276
9.882207,26,1431.260163
7.002399,20,1431.77813
7.16013,20,1432.28493
5.867138,17,1432.734947
5.683593,17,1433.21195
6.856491,21,1433.933076
5.546361,17,1434.409004
6.452811,19,1434.922227
1.319756,18,1444.685181
6.771124,19,1445.17127
8.643626,24,1445.860936
7.446085,21,1446.544147
4.928714,16,1446.981627
4.89282,16,1447.432756
7.284257,21,1448.00052
8.768209,24,1448.620231
9.800776,27,1449.335475
7.746398,22,1449.876669
7.148137,21,1450.425123
6.136245,18,1450.900134
7.664075,21,1451.443906
7.527068,21,1451.97761
5.850677,18,1452.454103
7.484223,21,1453.002447
6.661906,20,1453.517043
7.78799,22,1454.203866
5.722678,17,1454.666407
7.64028,22,1455.252133
7.381372,19,1455.758314
7.517971,23,1456.333642
7.019413,20,1456.838955
9.217182,26,1457.499652
7.362949,21,1458.031168
8.120261,24,1458.834299
1.543021,19,1459.42438
5.647906,17,1459.895639
8.027291,24,1460.562344
6.402237,19,1461.080285
7.639231,21,1461.609196
7.480409,21,1462.150987
6.182409,18,1462.61498
6.077216,19,1463.11216
5.482568,17,1463.563579
7.183233,21,1464.108053
7.394793,21,1464.791745
1.824593,19,1465.328351
7.197044,21,1465.88978
8.177215,23,1466.520683
6.057506,19,1467.166923
7.110169,20,1467.690386
7.274965,21,1468.250427
0.960499,18,1468.735939
7.329057,21,1469.279831
6.55418,20,1469.802549
5.638091,18,1470.279711
6.837786,20,1470.790381
6.133422,18,1471.26499
5.609547,18,1471.712449
7.925369,22,1472.283497
4.06714,26,1472.972558
6.620083,19,1473.472533
8.508231,23,1474.063215
6.148872,19,1474.55936
6.780404,19,1475.044203
6.834999,19,1475.5405
7.321791,21,1476.083482
5.496739,16,1476.484301
5.724421,18,1476.945833
5.753177,17,1477.396417
8.613729,25,1478.034104
6.745378,19,1478.531896
3.575584,24,1479.172127
7.309202,21,1479.71626
6.960011,20,1480.207821
6.945401,20,1480.726773
9.024208,25,1481.366378
4.527532,15,1481.743472
7.537774,21,1482.296946
6.807526,20,1482.817773
2.879627,22,1483.395948
5.922599,18,1483.856494
6.953378,20,1484.883742
6.511681,19,1485.385555
5.260342,16,1485.808934
7.752592,22,1486.387636
6.156491,18,1486.851399
6.073652,18,1487.311246
7.219208,21,1487.855479
1.923517,20,1488.37647
5.370272,17,1488.811655
6.949259,20,1489.344921
3.514052,23,1489.931852
6.728841,20,1490.436863
7.987251,22,1491.004304
7.159041,21,1491.533426
2.283155,21,1492.077146
1.028732,17,1492.527436
8.264353,23,1493.129944
7.605608,22,1493.792883
6.085058,18,1494.323037
6.201616,19,1494.82081
8.503483,24,1495.590019
5.899415,18,1496.05973
7.736831,22,1496.653256
6.347961,19,1497.160459
6.771963,19,1497.65113
6.627622,21,1498.199526
6.603119,19,1498.696727
5.895702,18,1499.159143
6.686833,20,1508.706973
6.159679,18,1509.169645
6.548587,19,1509.654482
7.064542,21,1510.1876
7.2549,20,1510.722739
6.795985,20,1511.230411
7.093404,20,1511.751827
7.843272,22,1512.321869
7.234761,20,1512.844595
7.920481,23,1513.437092
4.88968,16,1513.850531
2.572309,21,1514.390475
5.772784,18,1514.870715
7.5002,21,1515.520376
8.595267,25,1516.215596
7.41601,20,1516.757228
6.286995,19,1517.297555
7.714286,22,1517.873461
6.167594,18,1518.461311
3.928381,24,1519.278478
6.206649,19,1519.864386
5.100081,17,1520.337806
8.327703,24,1521.180607
8.087149,22,1521.896891
6.743897,20,1522.449422
6.564858,20,1522.991844
6.753669,20,1523.816741
6.612957,19,1524.317279
7.927741,23,1524.923511
5.651109,17,1525.357643
6.28926,20,1525.862738
4.708089,16,1526.27588
6.649158,19,1526.756493
3.440106,24,1527.381084
6.120162,18,1527.826978
5.672879,17,1528.261802
4.310604,15,1528.679407
6.963225,20,1529.31863
3.021009,22,1530.084965
7.784612,22,1530.708979
7.106212,21,1531.418506
6.846785,20,1531.990388
4.921944,16,1532.430463
7.256451,21,1532.983841
4.4081,15,1533.392299
9.515123,26,1534.047775
8.860586,25,1534.684608
5.777967,18,1535.159464
7.793541,21,1535.688395
6.965865,19,1536.184286
5.920597,18,1536.643721
3.581017,24,1537.26751
6.316555,19,1537.763527
7.326289,22,1538.328981
7.981117,22,1538.88148
7.031718,20,1539.399741
5.828851,18,1539.871336
4.900814,16,1540.268144
7.240173,22,1540.834084
5.884833,18,1541.305224
8.119053,22,1541.874888
9.049811,24,1542.498074
6.16493,18,1542.956925
6.998597,20,1543.460383
8.62158,25,1544.075649
5.941313,18,1544.545825
6.200175,19,1545.039414
7.250101,21,1545.578951
2.603791,21,1546.1306
6.916941,20,1546.657958
7.691691,21,1547.197038
6.174154,19,1547.676303
6.525577,20,1548.190602
7.258268,22,1548.755948
6.355631,19,1549.251214
3.071766,22,1549.814982
5.826898,17,1550.247309
7.298778,21,1550.787235
7.149494,20,1551.302942
6.054314,18,1551.77509
6.951844,20,1552.29279
8.21069,23,1552.882215
4.279046,15,1553.270661
2.326772,21,1553.811199
5.369294,17,1554.232432
7.808644,22,1554.798414
8.899391,23,1555.401533
6.252548,19,1555.881478
6.68683,20,1556.398627
9.062238,24,1557.020963
5.355785,16,1557.418972
8.103178,22,1557.982815
6.108683,19,1558.466688
3.40462,23,1559.10863
6.847533,20,1559.776323
5.941187,17,1560.318378
5.422416,17,1560.823747
5.928143,18,1561.317074
5.757445,18,1561.793191
6.917926,21,1562.343425
8.077549,23,1562.93315
6.534148,19,1563.427144
6.69015,21,1573.149814
7.024234,21,1573.700482
6.663484,19,1574.335712
1.877805,20,1574.905705
5.594759,17,1575.361203
5.723717,18,1575.856048
0.331887,16,1576.281554
5.804651,18,1576.841398
6.10397,18,1577.428415
5.460327,17,1577.890154
7.413955,21,1578.454308
5.737759,18,1578.947839
5.724553,18,1579.418548
5.461892,17,1579.852627
5.974969,18,1580.317007
5.458214,17,1580.760221
7.475601,22,1581.319343
7.518692,21,1581.855973
3.852117,24,1582.464728
6.956385,20,1582.980335
6.969471,20,1583.482184
7.353675,22,1584.044052
7.461558,21,1584.582977
7.80992,22,1585.144582
5.610463,18,1585.615322
3.189084,23,1586.201184
6.756972,19,1586.69816
7.662874,22,1587.259405
7.666631,22,1587.823342
7.132031,21,1588.364354
8.060182,22,1588.926384
6.557669,20,1589.572221
6.653939,20,1590.122563
1.616272,19,1590.643383
6.494812,19,1591.148881
5.868522,18,1591.65892
2.879493,22,1592.36572
5.712686,17,1592.809779
7.286944,21,1593.381561
4.827652,16,1593.811367
5.626652,17,1594.237358
2.360965,21,1594.764826
5.738154,18,1595.224347
7.718686,21,1595.766314
6.485027,19,1596.26044
5.546827,17,1596.69694
7.44128,22,1597.262444
8.41742,24,1597.874725
6.239128,18,1598.345321
7.098377,22,1598.909232
7.886857,22,1599.47277
5.711048,18,1599.935531
7.757699,23,1600.521996
7.291904,21,1601.064729
6.461217,19,1601.549983
6.222782,19,1602.044604
7.444059,21,1602.587013
7.974451,22,1603.150896
6.90288,20,1603.667612
5.104102,17,1604.089576
6.694443,19,1604.58398
6.328205,18,1605.056865
7.748171,21,1605.583644
6.137105,18,1606.051702
1.814974,19,1606.542831
5.247133,17,1606.975571
7.068404,20,1607.490618
7.962596,22,1608.052929
5.766532,18,1608.511747
6.029466,19,1609.005809
5.543677,17,1609.452191
7.801539,23,1610.037905
6.250391,19,1610.532034
8.203596,22,1611.108
9.025608,25,1611.740879
6.363986,19,1612.232116
7.499069,21,1612.758991
7.766963,22,1613.321604
6.831605,20,1613.828386
8.465559,25,1614.604645
6.278443,19,1615.212592
8.285369,23,1615.839976
8.271632,23,1616.493523
6.425011,19,1617.105569
6.898099,20,1617.639684
7.249426,21,1618.200085
5.569293,17,1618.660565
8.41926,24,1619.286012
6.596505,19,1619.782494
6.462382,19,1620.278191
6.813073,20,1620.794529
6.764519,20,1621.311768
5.766194,17,1621.759907
1.816704,19,1622.393626
7.958319,22,1623.067128
2.256997,20,1623.624246
8.009164,22,1624.214186
7.405801,21,1624.821933
6.673541,20,1625.43457
7.118047,20,1626.046175
7.98623,22,1626.773457
7.535307,22,1627.379126
7.0479,21,1627.936295
6.118864,19,1637.588146
7.059588,21,1638.326288
6.954095,21,1638.895794
2.258687,21,1639.448418
7.229215,21,1639.998493
8.412457,22,1640.546902
6.739287,20,1641.061137
7.083763,21,1641.597933
6.649567,20,1642.112954
8.769105,24,1642.718527
5.907277,18,1643.17354
7.696447,23,1643.756658
6.438164,20,1644.270734
5.500891,17,1644.702607
7.749451,23,1645.289171
7.462167,22,1645.852245
2.747043,22,1646.415904
7.579988,22,1646.979387
7.052764,21,1647.60927
9.000887,25,1648.293877
7.378861,22,1648.870102
7.572971,22,1649.44941
2.694047,20,1649.966749
6.466814,20,1650.517998
7.339419,22,1651.206914
6.46237,18,1651.696601
6.073902,18,1652.180385
6.346084,19,1652.673325
6.447733,20,1653.192263
7.698331,23,1653.789077
6.061923,18,1654.516484
6.240525,19,1655.132395
6.462347,20,1655.66704
6.194733,19,1656.173674
8.071106,23,1656.92494
6.066244,19,1657.500381
6.023928,19,1658.010935
8.754208,25,1658.674044
5.700276,18,1659.134861
3.376239,23,1659.708787
7.745394,22,1660.274611
8.115471,23,1660.876076
3.364292,23,1661.465028
7.251344,21,1661.995199
8.144105,22,1662.562247
6.281336,18,1663.033831
5.753585,18,1663.505946
8.487855,24,1664.116349
7.198241,21,1664.673953
5.455381,17,1665.124786
6.082858,19,1665.604548
5.886769,18,1666.073624
6.093163,19,1666.565614
5.335332,17,1667.011742
6.413349,19,1667.5968
8.018302,23,1668.197513
5.554567,18,1668.652394
6.451451,19,1669.152206
5.970948,18,1669.62118
7.194967,21,1670.158803
5.075643,17,1670.605279
7.459824,21,1671.143202
6.509501,20,1671.659864
6.116761,20,1672.178756
6.346765,20,1672.69488
7.334248,22,1673.307445
3.597273,23,1674.142492
6.276462,19,1674.650339
8.295116,24,1675.280391
7.177234,20,1675.804078
7.745257,23,1676.379806
7.656112,22,1676.943262
6.389393,18,1677.414978
7.545848,22,1677.97786
7.306298,21,1678.51939
8.079615,23,1679.106278
7.944701,23,1679.680869
7.54904,21,1680.22024
4.645201,15,1680.608019
7.767963,22,1681.156137
6.634744,20,1681.674089
6.992986,21,1682.202062
4.662776,16,1682.626911
6.147552,19,1683.104951
7.299911,21,1683.646064
2.547539,21,1684.172925
7.755263,22,1684.749167
8.055115,23,1685.438797
8.429889,24,1686.144229
7.641395,22,1686.742256
6.779327,21,1687.308064
8.03314,22,1687.880632
5.762659,19,1688.372823
6.713377,20,1688.875991
6.026918,19,1689.371
5.948574,18,1689.832058
6.611954,21,1690.471745
8.707842,25,1691.141778
6.214474,19,1691.636976
6.475467,20,1701.276624
6.287794,20,1701.81422
8.729502,24,1702.527248
6.492217,20,1703.076861
2.815835,23,1703.664278
8.441197,24,1704.308435
7.226033,21,1704.849547
5.559084,18,1705.292017
5.568765,18,1705.764296
2.452237,21,1706.305139
6.64781,20,1706.822649
6.707593,20,1707.33918
6.957073,21,1707.867137
8.780598,24,1708.475981
7.521837,22,1709.039122
1.751064,19,1709.535268
4.782097,16,1709.934358
5.876174,18,1710.39317
6.692565,20,1710.999436
6.94149,20,1711.634813
4.119137,25,1712.314546
7.470261,21,1712.898599
7.052759,21,1713.445504
6.86086,21,1713.990061
6.824728,20,1714.492674
5.741263,18,1714.961105
9.070089,26,1715.661924
7.623129,22,1716.310517
7.032326,21,1716.88135
6.145837,19,1717.399284
8.210651,23,1717.992259
7.458001,23,1718.580168
4.890862,16,1719.166144
7.735404,23,1719.788439
1.443356,19,1720.311462
7.064834,21,1720.948569
7.486197,22,1721.516868
7.936178,23,1722.120023
7.397438,22,1722.706222
7.079075,21,1723.674925
7.753563,23,1724.289793
6.40814,19,1724.797316
8.794903,25,1725.472795
8.69405,25,1726.120709
2.345744,21,1726.661792
5.610869,17,1727.096054
5.892674,18,1727.540043
2.232125,21,1728.083605
7.14892,22,1728.64925
6.083273,19,1729.144463
7.524769,22,1729.709801
7.516762,22,1730.261656
7.907033,23,1730.849262
6.957893,20,1731.502478
2.67613,22,1732.202968
6.828936,20,1732.813699
6.582539,20,1733.366049
2.614164,21,1733.920197
4.112703,26,1734.59492
7.618963,22,1735.157059
6.732691,20,1735.675121
3.115356,23,1736.261758
6.848171,18,1736.732443
6.493109,19,1737.228443
7.467605,21,1737.758446
7.730875,21,1738.287209
7.248312,22,1738.850986
5.520629,17,1739.287006
8.905133,25,1739.937824
6.172291,20,1740.456977
8.239539,24,1741.094665
7.683822,23,1741.801163
3.998414,25,1742.45724
5.368572,17,1742.91704
9.312057,26,1743.595255
7.130507,20,1744.102173
8.551117,24,1744.700156
6.654934,20,1745.220775
7.240853,21,1745.774549
8.064511,23,1746.523957
7.950163,22,1747.401908
7.016648,21,1747.995409
7.173158,22,1748.586296
6.231673,19,1749.06973
6.966006,21,1749.616453
7.909041,23,1750.221388
7.333769,22,1750.787224
6.618994,20,1751.384803
9.072618,26,1752.081655
7.02018,21,1752.6486
3.022504,22,1753.245515
8.750086,25,1753.884948
7.857226,22,1754.560786
8.575671,24,1755.20521
6.262652,19,1755.725705
5.260437,17,1756.181564
9.213968,26,1765.776871
4.654891,16,1766.186012
5.645304,18,1766.640119
4.645472,27,1767.328573
7.823568,22,1767.873393
6.571755,19,1768.350917
7.837184,23,1768.936068
7.706102,22,1769.500575
6.63294,20,1770.03046
6.318154,19,1770.49721
3.327395,24,1771.105078
6.50099,19,1771.595358
5.227245,17,1772.026212
5.519119,17,1772.472347
7.46093,22,1773.0258
7.978512,23,1773.624865
6.380195,20,1774.170085
5.961047,18,1774.78507
3.774456,25,1775.470274
6.06217,18,1775.966593
5.878966,18,1776.442911
6.028713,19,1776.93357
5.784815,18,1777.599643
7.520073,22,1778.270656
7.17836,21,1779.031
7.519328,22,1779.69566
7.519556,22,1780.277831
7.955565,23,1780.890535
2.342734,23,1781.462816
5.369317,17,1781.885429
6.281396,20,1782.401474
7.025581,20,1782.906572
7.952895,24,1783.529044
6.929651,21,1784.080028
9.460975,27,1784.894293
5.593682,18,1785.377649
7.870375,24,1786.004503
6.701031,20,1786.519082
5.502453,17,1786.969413
6.458626,19,1787.45079
8.055813,23,1788.024398
5.806393,18,1788.494445
8.872818,24,1789.10307
7.451375,22,1789.671624
8.217442,24,1790.280834
7.202134,22,1790.842481
6.158099,19,1791.339596
6.145962,19,1791.819973
6.826929,21,1792.34589
8.305029,24,1792.939281
6.817947,20,1793.455046
7.286595,21,1793.993558
5.936731,18,1794.461179
7.533824,22,1795.020897
6.806002,20,1795.535029
7.25981,21,1796.073425
6.957784,22,1796.635962
7.305926,22,1797.196117
7.121728,20,1797.698193
7.026252,22,1798.277276
9.220115,26,1798.934265
6.713119,20,1799.449039
9.290005,27,1800.140368
7.426811,21,1800.680961
6.703828,19,1801.172712
7.046515,21,1801.711562
5.468109,18,1802.181514
7.181718,21,1802.694501
7.154948,21,1803.224127
3.890432,25,1803.857841
6.028538,19,1804.354376
7.79761,23,1804.943145
6.70481,20,1805.46203
6.738508,20,1805.979384
3.870985,24,1806.5917
6.527662,19,1807.191283
5.842284,18,1807.661582
5.947166,18,1808.147645
1.238734,19,1808.653063
8.874993,27,1809.351566
6.215401,19,1809.829354
7.210588,21,1810.346802
6.752271,21,1811.059868
6.529983,20,1811.5768
6.002088,19,1812.08155
6.902939,21,1812.64623
2.055467,21,1813.191562
5.004116,17,1813.626656
7.368735,21,1814.165892
7.658929,22,1814.701196
7.527352,22,1815.250051
6.087358,18,1815.770981
5.543675,18,1816.353926
6.079063,19,1816.875163
7.986036,23,1817.493195
6.925547,20,1818.016231
1.932232,20,1818.505809
5.303718,17,1818.951351
6.937456,20,1819.464451
5.786389,18,1829.099009
7.995479,23,1829.724326
9.934038,28,1830.521093
7.884196,23,1831.345643
8.647689,25,1832.054081
6.885962,21,1832.609815
3.056189,24,1833.247003
7.676122,22,1833.811613
8.583024,25,1834.44113
6.466789,20,1834.958037
7.419726,23,1835.544329
8.633467,25,1836.17667
6.936639,21,1836.717975
6.815863,21,1837.289663
9.271403,26,1838.108541
5.960716,19,1838.745722
6.23719,18,1839.248938
7.425505,22,1839.845813
6.700851,21,1840.399428
1.804764,21,1840.941078
7.045636,21,1841.481444
6.980857,21,1842.00586
8.316439,24,1842.617571
7.595117,22,1843.180281
7.541444,21,1843.706024
5.821673,19,1844.188329
8.564294,24,1844.87535
8.036309,23,1845.647361
7.873249,23,1846.296844
5.927487,19,1846.783963
4.72249,16,1847.231223
2.633352,22,1847.808185
7.64876,22,1848.497993
5.750264,18,1849.024904
8.750071,25,1849.69877
9.158707,25,1850.366288
6.329933,19,1850.849132
7.718803,22,1851.40122
6.071849,19,1851.886626
8.258624,25,1852.674062
7.5119,22,1853.265185
6.83245,21,1853.816769
8.045156,25,1854.466645
6.270986,20,1855.165111
8.983481,26,1856.40284
7.711366,23,1857.008171
7.12022,21,1857.567516
7.04558,21,1858.089973
5.298881,17,1858.535813
4.073595,25,1859.167011
8.068918,24,1859.777348
6.46019,19,1860.257747
7.708963,23,1860.843201
6.323585,19,1861.334381
9.943042,28,1862.037306
5.802564,18,1862.50693
6.711211,20,1863.025834
8.052367,23,1863.615496
8.92773,25,1864.472138
6.743078,20,1864.991212
3.192111,24,1865.639068
6.374516,19,1866.131013
7.244734,21,1866.671575
6.679129,20,1867.173997
7.413712,21,1867.701803
5.769588,19,1868.18503
6.942188,21,1868.728469
6.947714,21,1869.256706
6.805023,20,1869.774909
3.934092,25,1870.410145
5.542972,18,1870.868264
7.11712,20,1871.385483
8.818474,25,1872.031926
6.535506,20,1872.536976
7.250403,21,1873.08017
7.407083,22,1873.633245
8.63376,24,1874.245036
6.184708,19,1874.741983
8.773141,24,1875.368442
7.928322,23,1875.955591
5.650219,18,1876.416051
9.471595,27,1877.253005
6.770173,20,1877.84479
7.637886,22,1878.436886
6.08325,19,1879.051665
5.42159,18,1879.633292
7.090911,21,1880.216651
6.963305,21,1880.86552
8.368295,24,1881.677156
5.331461,18,1882.271799
6.717457,20,1882.830317
7.889117,23,1883.441651
6.525051,20,1883.981594
5.848771,19,1884.448053
8.330253,24,1885.052153
7.017466,21,1894.690322
5.792267,18,1895.132991
6.652764,20,1895.64708
5.670847,18,1896.114506
3.199564,24,1896.718945
6.824584,21,1897.255806
7.736214,22,1897.818207
7.584877,22,1898.378366
7.304679,22,1898.938645
7.543832,22,1899.511547
5.682449,18,1899.965622
6.446367,20,1900.48055
6.510097,20,1900.994804
8.664825,25,1901.802077
6.708184,20,1902.456405
7.187176,21,1903.027492
5.952883,19,1903.541254
2.802327,23,1904.137752
8.453619,24,1904.746769
6.248356,19,1905.22507
6.834383,21,1905.908705
6.259039,19,1906.453504
6.70722,21,1907.008938
7.006337,21,1907.562237
7.419894,22,1908.141603
7.402607,22,1908.693846
6.668982,21,1909.241708
9.576391,27,1909.928157
9.083537,26,1910.600237
5.719632,18,1911.105678
6.823531,21,1911.744405
4.201728,15,1912.142422
8.845357,25,1912.792486
2.816606,22,1913.377744
7.36359,22,1913.941302
8.48381,24,1914.548607
7.699269,23,1915.133894
7.506462,22,1915.708863
6.141805,19,1916.324605
2.640887,22,1916.919612
6.666857,20,1917.443048
7.823657,23,1918.054908
5.891739,19,1918.546447
8.447798,25,1919.17948
8.912259,26,1919.846791
8.800667,25,1920.495799
2.894891,22,1921.059846
5.750884,18,1921.511043
9.405866,27,1922.196573
8.655868,25,1922.837451
7.351138,22,1923.383767
7.269005,21,1923.991487
8.028726,24,1924.897589
6.36504,19,1925.404021
6.088372,19,1925.933928
6.274406,20,1926.471254
2.173527,21,1927.012913
6.99744,21,1927.554208
6.099631,18,1928.0241
7.986014,23,1928.605808
8.215114,24,1929.209818
7.260155,22,1929.767052
5.338137,17,1930.185737
7.811615,23,1930.756912
6.385021,20,1931.271472
8.116314,24,1931.892092
6.74885,21,1932.417181
5.496183,18,1932.887228
5.972237,19,1933.36409
6.932989,21,1933.901452
8.940691,26,1934.581377
6.738665,21,1935.118507
7.222722,22,1935.679871
7.400405,22,1936.322983
8.410493,24,1937.044505
7.718168,23,1937.661098
8.37232,24,1938.299603
7.480978,23,1938.893056
7.56141,22,1939.455195
3.918639,26,1940.110172
6.62901,20,1940.613201
8.210426,23,1941.200214
6.013226,19,1941.693952
8.463139,24,1942.304915
5.988687,19,1942.7879
7.531893,22,1943.373453
7.286502,22,1944.104287
7.505907,23,1944.728881
2.440397,22,1945.318406
7.367037,22,1945.900066
5.007058,17,1946.345482
8.034274,23,1946.92777
7.103843,21,1947.450575
6.927338,21,1947.988925
7.403868,22,1957.800613
6.120429,19,1958.28099
6.749966,20,1958.779151
9.57318,27,1959.488214
7.576202,22,1960.028622
6.013852,19,1960.51751
7.010926,21,1961.051042
6.156973,19,1961.54121
5.421307,18,1962.12833
7.767998,22,1962.985038
7.159367,22,1963.731606
6.128009,19,1964.260362
5.84355,18,1964.734807
7.596775,22,1965.308459
6.353922,20,1965.813284
1.511442,19,1966.288744
6.571899,19,1966.778482
7.135495,20,1967.279276
2.507578,21,1967.802415
2.707677,22,1968.357533
5.873464,18,1968.812998
5.718579,18,1969.265809
7.574221,22,1969.823506
7.346884,21,1970.345643
6.980401,21,1970.881111
7.845094,23,1971.45416
6.97524,21,1971.9898
6.860699,20,1972.498991
6.748945,20,1972.996582
6.388781,19,1973.484903
5.052014,17,1973.915642
4.958383,17,1974.573133
7.496442,22,1975.242516
5.163382,17,1975.734161
7.264949,22,1976.341403
5.162843,17,1976.786882
6.04473,19,1977.274806
6.919298,20,1977.787781
5.993544,18,1978.258664
7.343017,21,1978.784818
8.618293,24,1979.50847
7.474686,21,1980.075178
7.093535,20,1980.618351
6.225676,18,1981.096532
5.838077,18,1981.54773
8.089051,23,1982.125755
2.511619,21,1982.65786
2.279443,21,1983.252634
6.559888,20,1983.895103
7.18637,21,1984.546013
7.821905,22,1985.142816
6.344525,19,1985.661645
7.635017,22,1986.226104
7.617457,22,1986.782884
7.171246,21,1987.455667
6.449424,20,1987.990763
8.014678,23,1988.586227
6.41016,20,1989.211056
5.62915,18,1989.682281
7.46275,22,1990.25209
7.827054,22,1990.842225
6.157519,19,1991.323223
7.806133,23,1991.890535
8.219107,23,1992.483572
5.814655,19,1992.960872
7.088061,21,1993.483072
8.776059,24,1994.088084
7.41671,22,1994.644331
7.689981,23,1995.238216
3.59532,24,1995.839359
7.397835,22,1996.396158
6.261953,19,1996.882502
6.979644,21,1997.414715
7.312881,21,1997.948632
8.61447,24,1998.566265
6.411463,20,1999.078331
5.605334,18,1999.544944
6.142731,18,1999.997568
6.637986,20,2000.510151
8.441655,23,2001.08956
5.6478,18,2001.555988
8.137299,23,2002.137038
8.213797,24,2002.742219
7.589986,22,2003.300858
8.150125,23,2004.040341
8.721329,25,2004.696904
7.952294,23,2005.297668
7.341295,21,2005.855818
7.721683,22,2006.411399
7.033791,20,2007.036479
6.781056,20,2007.559985
9.272872,25,2008.406136
5.996602,18,2008.960876
6.585893,20,2009.477235
9.086653,25,2010.102541
8.16373,23,2010.693672
8.754114,25,2011.318264
2.676228,22,2011.874069
6.777931,20,2012.374482
3.122314,22,2022.270591
2.906628,21,2022.80368
7.298711,21,2023.324983
8.115826,23,2023.91579
6.92647,21,2024.520218
6.938888,21,2025.194375
6.287449,19,2025.797419
2.490215,22,2026.397817
8.917649,25,2027.077605
7.359259,21,2027.620409
6.968178,21,2028.141135
6.562664,19,2028.626949
6.321175,20,2029.262252
7.765259,22,2029.845296
8.175648,24,2030.478896
7.972654,23,2031.071023
6.603137,20,2031.568756
8.40054,24,2032.183692
6.802355,21,2032.723638
6.836717,21,2033.317389
5.780566,18,2033.809968
7.955871,23,2034.389376
6.465946,20,2034.902314
8.331671,23,2035.482116
7.244086,21,2036.004158
6.242305,20,2036.516745
6.163558,19,2037.005973
7.98002,23,2037.587716
7.343625,22,2038.149004
6.387025,19,2038.686432
5.937496,18,2039.211084
6.814457,20,2039.742469
2.348757,22,2040.316281
7.413719,22,2040.886956
7.797672,23,2041.574189
7.691608,22,2042.148373
5.570762,18,2042.627842
6.38785,20,2043.148199
3.317124,24,2043.749845
7.8305,23,2044.31597
7.335979,22,2044.887707
7.808445,23,2045.46575
6.198457,19,2045.939041
6.078325,19,2046.413
2.790263,22,2046.970107
5.827232,18,2047.435792
7.265711,21,2047.970295
6.398745,19,2048.445737
8.773405,24,2049.048568
5.182019,17,2049.49133
8.3933,24,2050.094424
6.779881,20,2050.658216
7.818264,23,2051.455255
6.371296,20,2052.051294
5.758266,18,2052.552099
3.200862,23,2053.158805
7.282877,21,2053.695321
9.0429,26,2054.343528
6.244854,19,2054.833448
4.32484,26,2055.484931
6.654861,20,2055.998195
7.829191,23,2056.579071
7.975622,22,2057.139136
7.038799,21,2057.676498
6.928361,21,2058.211132
6.828915,20,2058.708186
6.019257,19,2059.197898
4.741845,16,2059.60784
8.577557,23,2060.192259
6.628855,20,2060.70587
6.375175,19,2061.193362
6.7193,20,2061.707069
3.087262,23,2062.275293
6.629821,20,2062.973918
2.391265,22,2063.548454
2.282793,21,2064.11239
7.055974,21,2064.66172
6.518687,20,2065.179062
7.37887,22,2065.736821
7.818536,23,2066.330089
5.702168,18,2066.78143
5.85035,19,2067.243499
6.68244,20,2067.744455
7.17474,21,2068.267989
6.818094,20,2068.767464
6.872802,21,2069.28511
10.103864,28,2069.981312
6.794897,20,2070.483747
7.719173,22,2071.0436
5.370551,18,2071.506071
5.706682,17,2071.996785
5.250482,28,2073.20633
7.156459,21,2073.751567
6.941971,21,2074.270678
7.866061,23,2074.864738
8.201836,23,2075.445933
7.518096,22,2085.292211
6.850367,20,2085.859885
7.702433,22,2086.475202
7.666139,23,2087.191211
5.842635,18,2087.745056
8.028824,23,2088.349025
1.320754,19,2088.837178
5.787949,18,2089.311871
6.517893,20,2089.810153
8.673606,25,2090.436288
8.149887,24,2091.040993
6.433521,20,2091.539429
6.846035,21,2092.059794
5.921671,18,2092.512127
7.2282,21,2093.145116
3.849725,25,2093.792944
7.366419,22,2094.375014
8.268419,24,2095.015555
6.806979,21,2095.643137
6.051683,19,2096.172589
5.673585,18,2096.640462
8.385869,24,2097.276998
8.377215,24,2097.886621
6.773245,21,2098.414837
3.123358,23,2098.999401
5.650782,18,2099.466446
6.419723,20,2099.979522
7.562091,22,2100.539603
7.154226,21,2101.074952
8.334264,23,2101.659619
8.062849,24,2102.356209
5.450178,18,2102.872454
6.654694,20,2103.412017
4.428986,26,2104.113408
7.081008,22,2104.666878
2.88991,23,2105.249431
6.753446,20,2105.759446
5.801144,19,2106.235355
5.207406,17,2106.681827
7.517926,23,2107.26318
6.010734,19,2107.735949
9.103554,26,2108.381811
6.954797,21,2108.913132
7.261176,22,2109.574014
6.764555,21,2110.210841
6.23256,19,2110.708732
7.19593,22,2111.282868
6.178847,19,2111.764656
7.196239,22,2112.29501
7.511435,23,2112.896919
8.38113,24,2113.527998
6.622296,21,2114.647112
6.531212,20,2115.270548
6.304978,20,2115.806472
6.011217,19,2116.319592
5.256511,17,2116.816967
5.445244,18,2117.349149
7.889651,23,2117.965338
7.592311,22,2118.551404
8.204398,24,2119.16197
6.186249,19,2119.637074
6.147278,19,2120.123112
7.710131,22,2120.693209
4.684239,16,2121.072058
7.900189,23,2121.652989
7.315788,22,2122.199123
5.829795,19,2122.676312
7.55784,22,2123.235542
6.396059,20,2123.761497
8.051109,23,2124.343303
8.801085,24,2124.947855
8.922664,26,2125.63943
8.843135,25,2126.455971
8.83666,25,2127.122109
7.406836,21,2127.670738
6.308108,19,2128.175299
6.55272,20,2128.676911
8.419392,24,2129.267295
6.533162,20,2129.780209
7.27885,22,2130.504086
7.154834,21,2131.179642
6.953816,21,2131.730027
8.57269,24,2132.380389
7.762686,22,2132.949111
7.968328,24,2133.551742
7.089506,21,2134.111947
8.546575,24,2134.827653
7.884092,23,2135.444631
8.236498,24,2136.08167
7.375178,22,2136.652877
7.330619,23,2137.22944
5.779988,19,2137.71776
7.798147,23,2138.29502
7.461949,21,2138.828161
7.683884,22,2139.418145
7.363669,21,2140.195677
6.588989,20,2150.148414
7.622726,23,2150.729568
9.130308,26,2151.392979
2.881227,23,2151.973316
8.407899,24,2152.577325
4.988344,28,2153.28234
5.624782,18,2153.734206
7.220065,22,2154.290135
8.44109,24,2154.907507
6.427018,20,2155.404486
6.908213,21,2156.083549
6.615099,21,2156.636809
8.854838,25,2157.419605
8.250437,24,2158.165782
4.860697,17,2158.607914
4.452655,26,2159.320998
9.324626,27,2160.033639
6.486065,20,2160.665495
6.036509,19,2161.192245
5.418322,18,2161.637977
7.761655,23,2162.251397
6.891899,21,2162.784388
8.530883,25,2163.411732
7.26851,22,2163.95552
6.847344,21,2164.476541
8.089809,23,2165.056218
8.259154,24,2165.664426
7.121066,22,2166.23138
8.155423,24,2166.951334
6.959865,21,2167.489418
6.31831,19,2167.994573
4.055883,25,2168.636012
6.451136,20,2169.134994
6.018573,19,2169.621634
8.185065,25,2170.24789
5.592429,18,2170.714723
7.737978,23,2171.297216
5.750658,19,2171.773273
5.974079,19,2172.263314
5.525321,18,2172.730339
7.418629,22,2173.288547
7.030218,21,2173.821091
7.351938,22,2174.374578
7.614428,22,2174.929266
8.295011,24,2175.528708
6.622511,20,2176.025626
10.123656,28,2176.744419
6.955634,21,2177.277333
7.329805,22,2177.831354
5.880302,19,2178.289136
6.976228,21,2178.807858
5.931376,19,2179.294165
8.586955,24,2179.894427
8.181136,24,2180.697012
5.116718,17,2181.153795
8.776545,25,2181.791175
7.380833,22,2182.359312
8.143203,23,2182.912816
6.159124,19,2183.386758
6.898953,20,2183.884302
6.239373,20,2184.397194
8.298783,23,2184.977751
6.158349,19,2185.454456
5.890893,19,2185.942473
1.496256,20,2186.45311
6.821514,21,2186.98859
7.364335,22,2187.552064
7.676423,22,2188.221676
8.143117,23,2188.827276
7.51281,22,2189.40344
7.885258,23,2190.074712
7.661023,22,2190.765227
7.778294,23,2191.358625
6.902431,21,2191.909553
8.703732,25,2192.544936
5.040886,17,2192.987379
6.824997,20,2193.48566
6.596372,21,2193.995124
7.012665,21,2194.516246
8.220538,24,2195.131686
2.687241,22,2195.674556
5.680501,19,2196.148148
9.271296,26,2196.794534
8.801163,25,2197.418013
5.584546,18,2197.881179
5.979522,19,2198.368729
7.504445,22,2198.925218
7.852491,23,2199.504647
2.428082,22,2200.060038
7.950644,23,2200.648516
6.346387,20,2201.142418
7.904922,23,2201.706866
8.049933,23,2202.368131
6.981618,21,2202.955217
7.748128,22,2212.842362
7.851691,23,2213.411313
7.958774,23,2213.994597
6.409193,20,2214.536791
6.350683,20,2215.151125
7.265835,22,2215.720703
6.623636,21,2216.287417
7.01085,21,2216.878931
5.58802,18,2217.414894
4.937923,17,2217.878877
7.44508,22,2218.465873
7.727908,23,2219.065775
9.810727,28,2219.773252
6.38526,20,2220.259751
6.283276,20,2220.773663
2.663153,23,2221.337862
9.231423,26,2221.984885
6.405167,20,2222.490861
6.671241,21,2223.030876
7.838931,23,2223.779987
4.933634,17,2224.505928
8.650429,25,2225.185763
2.031372,21,2225.916211
7.392471,22,2226.507228
9.016897,27,2227.21741
6.377448,20,2227.74316
2.739538,23,2228.3247
7.267593,23,2228.903389
9.633076,28,2229.597917
9.08777,26,2230.30221
9.205112,27,2231.097545
8.77736,27,2231.808825
7.78729,23,2232.41952
6.104207,20,2232.977061
5.78638,19,2233.53878
2.728927,22,2234.108966
6.032291,19,2234.585936
5.257995,18,2235.047897
8.870134,26,2235.68292
7.800507,24,2236.260048
7.885381,23,2236.853729
7.563174,23,2237.409041
7.478559,23,2237.971414
8.580428,25,2238.594126
5.544895,18,2239.044379
6.653541,20,2239.554837
7.085484,22,2240.111082
8.671684,24,2240.701906
7.083806,21,2241.219097
6.062937,19,2241.693993
7.403889,22,2242.249946
6.462822,20,2242.759036
7.411105,22,2243.316251
6.877832,21,2243.850539
8.401379,24,2244.450988
8.037551,24,2245.066279
7.086544,21,2245.637262
8.396604,25,2246.362302
7.516275,23,2246.970733
7.203741,22,2247.543083
6.36902,20,2248.069464
7.733309,23,2248.837316
9.109208,26,2249.540359
6.756004,21,2250.103762
5.983957,19,2250.600356
8.711634,25,2251.217762
6.711613,21,2251.751488
8.194719,24,2252.356081
8.462573,24,2252.97468
5.803415,18,2253.443959
6.777746,21,2253.978379
7.706336,23,2254.557555
7.305128,22,2255.244794
8.675746,25,2255.963463
6.17977,20,2256.502126
8.773129,25,2257.162067
6.881676,21,2257.691186
7.796971,23,2258.269751
7.330917,22,2258.825232
5.90053,19,2259.297677
7.103783,22,2259.867223
7.019848,22,2260.42334
7.836739,23,2261.000873
6.110887,20,2261.642337
6.30675,20,2262.178173
7.695422,24,2262.855244
8.125635,24,2263.564007
9.57803,27,2264.297322
8.135846,24,2265.035759
5.066103,17,2265.487855
9.665729,27,2266.197557
6.497494,20,2266.733799
7.366733,23,2277.166497
6.958505,21,2277.687931
7.469676,22,2278.247815
8.296884,24,2278.851243
8.058171,23,2279.428767
5.920477,19,2279.901491
7.368202,22,2280.432387
6.825474,21,2280.965875
3.436748,25,2281.591597
6.854932,21,2282.124607
4.084147,26,2282.769541
7.817332,23,2283.415703
7.231774,22,2284.049093
3.47837,25,2284.705523
9.333327,27,2285.422916
6.013657,19,2285.897703
7.494198,22,2286.441241
7.875145,23,2287.020152
3.305863,24,2287.755685
5.926398,19,2288.248084
7.329134,22,2289.070807
6.508551,20,2289.598924
7.439217,22,2290.161114
7.808622,23,2290.758873
7.263669,22,2291.316056
5.719884,18,2291.767935
2.470849,22,2292.324106
6.690864,21,2292.858723
6.875757,21,2293.542201
6.25263,20,2294.2108
6.913047,21,2294.782362
8.287234,24,2295.418967
7.100298,21,2295.971753
7.1123,21,2296.506645
7.832883,23,2297.088608
6.059073,19,2297.579292
3.07906,24,2298.183833
8.458339,25,2298.810459
6.354168,20,2299.309215
7.134595,22,2299.869815
6.53829,21,2300.404973
8.04234,24,2301.00582
6.620942,21,2301.541417
8.151316,24,2302.146447
8.142692,24,2302.746873
6.856735,21,2303.278427
6.667181,21,2303.810939
6.368775,20,2304.307476
9.262457,27,2304.965425
8.953001,26,2305.613636
7.393198,22,2306.168352
7.596741,23,2306.747094
7.502031,23,2307.326673
2.637183,22,2307.886007
5.388372,18,2308.349184
8.660214,25,2308.987105
5.514378,18,2309.444232
7.9233,23,2310.037112
5.895856,19,2310.690797
6.23516,20,2311.24516
9.854968,27,2311.932006
6.956454,21,2312.462204
9.765651,27,2313.148358
8.488019,24,2313.752273
7.034437,22,2314.411299
7.455413,22,2315.007968
6.717911,21,2315.57261
8.136919,24,2316.206894
5.869648,19,2316.684508
7.490984,23,2317.264879
8.254862,24,2317.971786
3.548636,25,2318.632809
8.481689,25,2319.305203
8.219992,24,2319.912637
6.548935,20,2320.423641
7.357367,23,2321.003558
7.358562,22,2321.562207
2.584136,22,2322.121685
6.323632,20,2322.634542
6.278506,19,2323.097296
6.965521,22,2323.628972
1.887542,21,2324.151311
7.721104,23,2324.746821
5.595235,18,2325.200713
5.344521,18,2325.731392
6.861337,21,2326.384596
6.534223,20,2326.911091
6.334143,21,2327.463289
8.428564,24,2328.080998
7.495868,23,2328.65002
7.290359,21,2329.170928
7.191072,21,2329.701789
9.175171,27,2330.373562
7.715928,23,2340.325511
6.928729,22,2340.881362
8.463978,24,2341.482366
7.281369,22,2342.02476
7.595565,23,2342.590711
6.251327,20,2343.208608
6.832995,21,2343.744938
7.501691,23,2344.337514
7.248487,22,2344.904846
7.967214,24,2345.509217
8.109709,24,2346.126437
8.113689,24,2346.728774
6.822085,21,2347.250532
6.606376,21,2347.787845
6.003715,19,2348.278376
9.108348,26,2348.926812
7.890412,24,2349.527051
5.986827,19,2350.015238
7.49444,22,2350.572806
8.618581,25,2351.198713
7.826549,23,2351.779108
8.546587,25,2352.406238
5.767688,19,2352.883389
8.550866,25,2353.5083
6.246886,20,2354.299284
8.026385,24,2354.984848
5.577354,19,2355.653486
6.885185,21,2356.217432
7.202729,22,2356.79725
8.050643,24,2357.41972
6.618207,20,2358.058496
7.10775,22,2358.63588
8.882268,26,2359.306136
8.342257,24,2359.917706
6.846276,21,2360.440307
7.537917,23,2361.021169
6.1783,20,2361.533552
8.419052,25,2362.160647
2.486688,22,2362.729816
6.927184,22,2363.283887
6.33763,20,2363.795161
5.905195,19,2364.269313
8.443693,26,2364.908792
2.516472,23,2365.501529
8.683255,25,2366.125929
6.859661,21,2366.660764
7.059942,22,2367.218402
6.554211,21,2367.737973
6.567683,20,2368.348681
5.072369,17,2368.776965
6.246752,20,2369.288015
6.169931,19,2369.787294
6.61019,21,2370.333777
7.376273,22,2371.035824
9.549822,28,2371.782755
7.846934,23,2372.388272
7.599034,23,2372.982536
8.662782,25,2373.604576
6.601669,21,2374.135929
3.731189,25,2374.762303
5.637033,19,2375.237989
8.793073,25,2375.86251
6.540836,21,2376.411207
8.170935,24,2377.126825
7.730269,23,2377.73587
6.091285,20,2378.258933
6.933466,21,2378.814521
7.731879,23,2379.392546
4.577759,27,2380.076235
7.238987,22,2380.680264
6.980338,22,2381.307918
6.685467,21,2381.86192
4.785757,28,2382.647701
1.518778,20,2383.379651
7.13555,22,2383.960354
7.474599,22,2384.549636
6.337125,20,2385.071985
6.561928,21,2385.61508
7.986034,24,2386.202298
5.665557,19,2386.690797
5.714817,19,2387.178758
9.093173,26,2387.825671
6.63845,21,2388.358555
7.740395,23,2389.02615
3.460842,24,2389.669727
7.448996,23,2390.37485
6.388539,20,2391.078304
2.727964,22,2391.692672
7.850371,24,2392.321172
8.436917,25,2392.964809
2.986442,24,2393.571496
2.201172,22,2404.132034
6.549709,21,2404.653086
6.546958,21,2405.186426
7.562176,24,2405.791024
6.553064,20,2406.302669
6.665006,22,2406.871938
6.907794,21,2407.394093
6.690632,21,2407.926919
10.216081,29,2408.644458
7.414908,23,2409.225354
6.001261,19,2409.718209
8.723766,26,2410.525215
4.533063,27,2411.214422
7.99919,24,2411.818232
6.785779,21,2412.354911
7.620721,23,2412.935328
7.393284,22,2413.494713
7.536654,23,2414.179271
6.416944,21,2414.761508
8.123103,25,2415.403669
7.000799,22,2415.975117
6.647411,21,2416.513956
2.694253,23,2417.095809
3.031327,24,2418.107858
6.960223,21,2418.75887
6.466187,20,2419.304919
7.8916,24,2419.945612
5.947858,20,2420.488936
5.39042,18,2421.117882
9.097938,27,2421.808286
7.930511,24,2422.426948
7.426785,23,2423.016341
1.866547,20,2423.528294
6.525428,20,2424.039788
6.92169,21,2424.572445
8.077348,25,2425.20123
9.77966,28,2425.912222
6.901512,21,2426.508563
7.573366,23,2427.197535
9.211641,27,2427.923795
6.373743,20,2428.466823
7.000285,22,2429.015248
7.384166,22,2429.573937
7.618779,24,2430.190205
7.504726,23,2430.772118
8.006575,24,2431.366132
6.872141,22,2431.912988
6.975856,22,2432.470297
7.529991,22,2433.015297
6.868196,21,2433.539613
6.708784,21,2434.062244
2.421507,22,2434.621463
7.479792,23,2435.220181
7.348552,22,2435.769523
8.67531,25,2436.395539
10.290165,30,2437.133842
6.095782,20,2437.642857
6.640928,21,2438.177447
7.684289,23,2438.743067
7.571423,23,2439.309659
8.52725,25,2439.936985
6.985478,22,2440.627112
7.891784,24,2441.272536
7.007361,22,2441.858471
8.280797,25,2442.527082
6.165391,20,2443.024165
6.750104,21,2443.557213
8.184224,24,2444.157501
7.556442,23,2444.723279
5.896291,19,2445.211567
6.492095,21,2445.732949
7.055279,22,2446.278463
7.556023,23,2446.857306
7.007303,21,2447.390785
7.194204,22,2447.948442
6.53951,21,2448.470409
8.40398,25,2449.109135
7.766575,24,2449.710614
7.946503,24,2450.313484
6.687612,21,2450.831574
7.054316,22,2451.389035
7.176919,21,2451.923066
6.631709,22,2452.481543
8.191821,24,2453.084406
7.12443,22,2453.640168
8.424369,25,2454.265187
5.722114,19,2454.754796
7.804036,24,2455.358406
7.544915,24,2455.961298
1.486021,20,2456.471869
7.026529,21,2456.993757
6.819086,21,2467.05385
8.910653,26,2467.71918
8.733427,26,2468.368854
6.071333,20,2468.881436
9.566612,28,2469.578372
9.146219,26,2470.228978
7.289723,22,2470.794021
8.461473,25,2471.446616
3.020975,24,2472.328407
7.530204,23,2472.925028
10.673496,30,2473.702311
7.848551,24,2474.329255
7.839187,24,2475.029202
8.752486,26,2475.694563
8.743695,26,2476.359835
6.954429,21,2476.879889
7.18638,22,2477.499488
6.882417,22,2478.237554
6.988037,22,2478.817548
6.688386,21,2479.403339
6.72284,21,2479.945685
7.678049,23,2480.510878
7.458689,23,2481.077183
4.136467,27,2481.774855
7.138141,22,2482.3191
9.28089,27,2482.991065
7.928297,24,2483.593101
5.253559,18,2484.031926
7.747727,23,2484.596713
6.924495,22,2485.369503
7.589849,23,2486.058514
5.417346,18,2486.538765
8.728787,26,2487.236169
3.34548,25,2487.888855
6.919305,22,2488.445968
7.862585,24,2489.047485
8.266023,24,2489.649373
6.183998,19,2490.139328
9.174497,26,2490.788861
7.133281,22,2491.3476
6.704361,21,2491.870374
8.294899,25,2492.495627
8.354143,24,2493.089941
8.46998,25,2493.704971
8.046092,25,2494.332777
3.754457,25,2494.972413
5.302316,18,2495.41509
8.165149,24,2496.032795
5.638892,19,2496.520304
7.068586,22,2497.078547
6.176381,20,2497.589947
7.780878,23,2498.157321
5.887503,19,2498.654784
2.692065,23,2499.473882
8.55496,25,2500.133006
6.711172,21,2500.666788
7.830453,24,2501.261643
6.513829,21,2501.782655
7.209488,22,2502.339021
6.245666,20,2502.849825
7.979105,23,2503.429512
7.889381,24,2504.016569
7.239467,22,2504.736799
7.669219,23,2505.35971
8.003808,24,2506.082216
8.34236,25,2506.812753
6.62002,21,2507.448975
5.881865,19,2508.025878
7.555152,23,2508.645972
6.727811,21,2509.194955
7.63921,23,2509.785078
7.439833,23,2510.365361
8.637542,26,2511.015931
9.396236,27,2511.674059
3.254753,24,2512.276726
7.009015,22,2512.836309
8.25375,25,2513.731137
7.637919,23,2514.327245
7.110796,22,2514.884645
9.335261,27,2515.595161
6.634889,21,2516.116521
7.583655,23,2516.683465
8.026056,24,2517.288613
7.191128,22,2517.86335
5.525799,19,2518.50229
9.453549,27,2519.413427
8.570954,25,2520.256306
6.729785,21,2520.836608
6.621197,22,2521.432569
6.999053,21,2532.321778
6.231624,20,2532.831542
8.56618,24,2533.435016
4.60626,27,2534.137887
7.152993,22,2534.695439
8.289023,25,2535.323059
8.086905,24,2535.916103
6.438514,20,2536.427233
8.259831,24,2537.091611
5.858952,19,2537.660717
8.926878,26,2538.314772
7.119221,21,2538.862027
8.26529,24,2539.471538
7.85394,23,2540.053591
5.749827,19,2540.541849
7.406823,22,2541.100708
3.392414,25,2541.727494
8.179527,24,2542.331692
7.09208,22,2543.085523
6.650877,21,2543.655632
7.17437,22,2544.222258
7.438934,22,2544.796611
6.775476,21,2545.336084
6.272276,20,2545.847912
7.063255,21,2546.370565
2.894959,23,2546.939429
7.271364,22,2547.529264
4.32811,26,2548.280997
8.09387,23,2548.877781
4.951947,17,2549.330291
5.902397,19,2549.825505
6.753697,21,2550.345381
7.568293,23,2550.927265
7.758074,23,2551.507702
7.997921,24,2552.108554
7.878272,23,2552.675556
2.807787,24,2553.279603
7.574879,23,2553.846392
3.40719,24,2554.45025
3.223461,24,2555.066265
6.58642,21,2555.58903
7.35102,22,2556.148
7.206695,22,2556.706403
7.100458,22,2557.263999
2.284832,22,2557.824916
6.760134,21,2558.362115
7.143486,22,2558.906347
7.561377,23,2559.475002
7.317765,22,2560.049876
7.098261,21,2560.572916
7.021957,21,2561.11181
4.13169,26,2561.761267
7.557924,23,2562.330361
6.802356,21,2562.866073
3.632874,24,2563.484616
8.161704,24,2564.103289
8.520111,25,2564.732102
8.131152,24,2565.444965
7.255389,22,2566.022108
2.753497,23,2566.637919
7.966535,23,2567.246778
5.296441,18,2567.712623
7.037267,22,2568.257198
5.268119,18,2568.710436
6.191062,20,2569.225057
5.837361,19,2569.68793
8.916076,26,2570.3479
5.717273,19,2570.823569
6.543361,21,2571.357317
3.196294,24,2571.960407
8.101152,24,2572.561935
6.679035,21,2573.094902
5.878635,18,2573.54474
7.905186,24,2574.16043
7.303019,22,2574.701608
6.893308,21,2575.232558
7.640668,22,2575.7886
7.951076,24,2576.391029
6.357473,20,2576.901079
6.606108,20,2577.413559
7.758319,23,2577.993084
5.512193,18,2578.445963
3.258074,24,2579.050315
2.995486,23,2579.630345
6.118029,20,2580.128333
8.131411,24,2580.938885
7.107636,22,2581.716212
7.465669,22,2582.308262
6.731118,21,2582.855672
7.693701,23,2583.437712
5.913898,19,2583.91379
8.43078,25,2584.581382
5.319169,17,2585.097332
7.323316,22,2595.220262
7.337858,22,2595.778902
7.391921,22,2596.324057
7.620022,23,2596.90519
7.751147,23,2597.486576
6.781293,21,2598.00879
6.727861,21,2598.543557
7.248883,22,2599.365092
7.817846,23,2599.962151
7.229011,22,2600.744654
8.293455,24,2601.392448
7.303589,22,2601.968667
6.935448,21,2602.545809
5.783249,19,2603.136885
8.417,24,2603.775605
7.829455,23,2604.383675
9.099386,26,2605.029265
6.804663,21,2605.565784
7.271458,22,2606.125009
7.965982,23,2606.705933
7.557858,22,2607.265719
6.147913,20,2607.780642
7.789378,23,2608.360045
5.466177,18,2608.812496
6.723405,20,2609.32218
6.76169,21,2609.854291
9.144516,25,2610.479826
7.400983,22,2611.037175
8.47866,24,2611.652843
7.386652,22,2612.215191
7.07252,21,2612.925118
7.945712,23,2613.598053
6.932883,21,2614.17573
6.854964,21,2614.750021
7.934183,23,2615.341277
7.380964,22,2615.937968
7.766523,23,2616.942098
8.370182,24,2617.561104
2.287532,21,2618.109363
8.908804,25,2618.771595
8.282188,24,2619.488328
3.526431,24,2620.125761
6.76286,21,2620.694979
7.161587,22,2621.249142
7.413014,22,2621.807655
6.033981,19,2622.377874
2.254372,22,2622.967905
8.309653,24,2623.589313
6.479047,20,2624.113245
1.844314,20,2624.629728
7.610056,22,2625.174614
2.86101,22,2625.719433
5.894822,19,2626.320834
5.575447,18,2626.88184
2.522577,22,2627.458311
6.558361,21,2628.006356
2.070301,21,2628.562165
8.595503,25,2629.205819
6.579582,20,2629.708121
2.92944,23,2630.274847
8.852717,25,2630.901025
5.31291,18,2631.354257
6.741488,21,2631.902721
7.543922,22,2632.447805
7.111345,21,2633.156084
7.144234,21,2633.826239
7.454478,21,2634.402905
6.292643,20,2635.055599
6.981359,21,2635.733237
6.887374,21,2636.285888
6.714084,20,2636.802001
7.440666,22,2637.35675
6.981898,21,2637.863398
8.103289,23,2638.445251
6.744679,21,2638.964491
6.394392,20,2639.463016
6.619533,20,2639.950389
8.207249,24,2640.571908
6.023534,19,2641.062495
5.744901,19,2641.571189
6.699092,20,2642.270105
3.550068,25,2642.93585
9.170354,26,2643.629293
4.070425,26,2644.303684
2.561933,23,2644.884681
7.483092,22,2645.435002
6.913854,21,2645.960122
7.892962,24,2646.57329
7.283199,22,2647.23599
6.850051,21,2647.797657
8.332825,24,2648.432323
6.322712,20,2648.958289
8.915903,25,2649.58653
7.563396,22,2659.903222
7.741431,23,2660.491693
6.522484,20,2661.008287
6.144521,19,2661.489732
7.115428,21,2662.221958
6.72724,21,2663.074096
7.732158,22,2663.779333
9.067006,26,2664.465491
7.650507,23,2665.069231
6.871212,21,2665.613955
8.3455,24,2666.221522
2.102746,21,2666.757723
6.35656,20,2667.27187
7.16171,22,2667.820786
7.159796,22,2668.381239
6.494297,20,2668.883579
8.039373,23,2669.47052
7.547729,22,2670.032481
6.637752,21,2670.569026
7.871096,23,2671.236383
6.805238,21,2671.852917
7.166539,21,2672.407035
6.792198,20,2672.933965
6.369082,20,2673.440191
7.951942,23,2674.026034
2.454648,22,2674.600306
6.860543,21,2675.275619
8.454182,24,2675.897374
5.123042,17,2676.34031
5.3829,18,2676.80286
6.782548,21,2677.323547
7.352108,22,2677.879076
6.355274,20,2678.378098
7.38049,22,2678.932375
7.856659,23,2679.511277
6.403214,20,2680.008615
5.169718,17,2680.424038
6.557896,20,2680.922355
7.429325,21,2681.457145
7.375401,22,2682.014135
8.155267,24,2682.628582
7.035656,21,2683.164449
6.814436,20,2683.678505
6.555203,20,2684.188182
7.396291,22,2684.758178
6.004134,19,2685.221225
7.144111,21,2685.731204
6.331754,20,2686.242275
6.968288,21,2686.771512
7.005859,21,2687.456645
5.22186,18,2687.938177
7.101363,21,2688.47402
6.873738,21,2689.024155
7.337041,22,2689.583724
4.606175,16,2690.003808
7.5849,22,2690.589747
7.710779,23,2691.50055
2.551852,22,2692.186792
6.551906,20,2692.788819
7.968733,23,2693.421931
6.416074,20,2693.950427
7.659329,22,2694.525954
6.545382,20,2695.014716
7.258564,21,2695.548441
6.443833,20,2696.050359
8.389491,24,2696.6689
6.419417,20,2697.157176
6.178098,20,2697.656069
7.076496,21,2698.1936
9.214273,26,2698.863229
5.011097,17,2699.29549
8.246787,24,2699.913392
2.413277,22,2700.445634
6.865283,21,2700.967995
7.716065,22,2701.525102
3.366437,24,2702.141478
7.56953,22,2702.695102
7.884918,23,2703.272188
8.027653,24,2703.876425
7.377484,22,2704.434982
6.836556,21,2704.968013
5.926954,19,2705.454449
6.003051,19,2705.956421
1.964841,21,2706.783632
6.287242,20,2707.294833
8.196795,24,2707.913506
5.909312,19,2708.40943
7.078042,21,2708.945776
7.005184,21,2709.466196
7.072465,21,2709.987183
6.539835,20,2710.487523
7.860186,23,2711.070689
7.069983,21,2711.60375
7.917282,23,2712.185212
7.019236,21,2712.720225
7.162576,22,2713.266237
8.558581,25,2723.877422
5.095785,17,2724.396272
4.332343,26,2725.066087
8.810506,25,2725.710948
7.492038,22,2726.264474
6.45498,20,2726.823465
6.518889,21,2727.498429
6.740311,21,2728.064281
7.37645,22,2728.673541
6.720851,21,2729.327137
2.507887,22,2729.904092
6.33835,20,2730.418067
6.073831,19,2730.921193
7.378648,22,2731.482301
5.503815,18,2731.950683
6.284874,20,2732.463906
7.491479,23,2733.047925
1.823195,21,2733.57275
5.096262,17,2734.006753
7.971495,23,2734.57619
6.403121,20,2735.08888
6.611371,21,2735.627624
6.847259,21,2736.148799
6.059131,19,2736.61003
7.275538,22,2737.16518
6.218584,19,2737.655062
8.474231,25,2738.281683
9.007829,26,2739.001971
7.945272,23,2739.631898
7.033891,21,2740.179358
6.970837,21,2740.728394
7.013695,21,2741.238467
7.738611,23,2741.912299
6.750743,21,2742.501618
7.470593,22,2743.101614
7.790901,23,2743.737765
6.850865,21,2744.268113
7.296976,23,2744.84905
5.089109,17,2745.292333
8.065883,23,2745.874711
2.792265,23,2746.455323
8.56769,25,2747.068999
7.310858,22,2747.715925
6.930896,21,2748.26116
7.946112,23,2748.857786
8.115974,24,2749.477456
7.237438,22,2750.037067
6.929346,21,2750.560565
5.474894,18,2750.987622
5.978533,19,2751.451203
8.61328,25,2752.091864
6.883192,21,2752.626136
5.935469,19,2753.104578
6.419765,20,2753.592119
7.572807,22,2754.16524
7.757928,23,2754.747243
9.062841,25,2755.388212
7.553907,22,2755.94585
7.965281,23,2756.549261
7.788049,23,2757.312017
10.146287,28,2758.030493
8.10899,24,2758.683304
7.1633,22,2759.389031
8.314299,24,2760.026173
9.062796,26,2760.729805
7.024211,21,2761.271225
6.941155,21,2761.793726
6.31256,20,2762.306119
6.864631,21,2762.828132
6.60275,20,2763.327174
8.156933,24,2763.929963
8.152228,24,2764.53306
3.403002,24,2765.141577
8.078002,24,2765.763375
7.654764,23,2766.343487
8.528407,24,2766.944985
6.618138,20,2767.456274
5.830866,19,2767.944444
7.857675,23,2768.52709
9.570309,27,2769.200944
5.791289,19,2769.689011
6.329301,20,2770.199439
7.396673,22,2770.758411
7.627616,22,2771.316285
8.069453,24,2771.920658
7.213309,22,2772.478673
7.236562,22,2773.0223
6.491917,20,2773.567838
7.84589,23,2774.288541
9.06928,25,2775.019279
8.852391,25,2775.680893
7.502681,22,2776.297584
8.947867,26,2776.993048
7.055518,21,2777.526717
6.76124,21,2787.654339
5.35075,18,2788.094124
2.239355,22,2788.875263
2.38529,22,2789.498501
7.063759,21,2790.077244
5.870891,19,2790.700493
6.698358,21,2791.250947
6.366318,20,2791.778107
2.938717,23,2792.374589
5.962482,19,2792.948189
7.541944,22,2793.700904
6.980468,21,2794.339409
6.902254,21,2794.888507
7.546561,23,2795.480792
2.045767,21,2795.997483
8.321553,24,2796.60309
8.432543,25,2797.231333
6.714264,21,2797.765504
7.839672,23,2798.348024
5.951964,20,2798.929158
6.500276,20,2799.536973
7.218169,22,2800.287797
8.370772,24,2800.986483
6.048024,20,2801.514972
6.634623,21,2802.12315
4.823587,28,2802.961851
5.620882,19,2803.468724
7.271437,22,2804.037624
7.178425,22,2804.600126
6.517251,21,2805.121948
6.84757,21,2805.656619
5.492926,18,2806.120181
6.654849,21,2806.653905
8.298021,25,2807.27712
7.525721,22,2807.844747
10.14282,29,2808.560499
8.111231,24,2809.164291
7.808534,23,2810.069957
6.403541,20,2810.567834
7.951174,23,2811.151299
5.929621,19,2811.678087
7.639555,22,2812.220517
5.91839,19,2812.707179
6.614203,21,2813.226589
7.918047,23,2813.807297
2.484426,22,2814.351462
8.479775,25,2814.964515
6.275417,20,2815.476109
7.540624,22,2816.033392
8.183309,24,2816.653881
7.284397,22,2817.363571
7.145528,22,2817.951754
9.529615,28,2818.703729
6.869596,21,2819.247272
5.062951,17,2819.664817
7.04954,21,2820.198074
9.036765,26,2820.862206
6.762082,21,2821.385302
7.33505,22,2822.04146
7.856343,23,2822.643048
8.202756,24,2823.283429
7.84369,22,2823.849481
7.719545,23,2824.43244
7.824374,23,2825.014211
7.374016,22,2825.575518
8.512216,25,2826.20391
7.359171,22,2826.763882
6.278037,20,2827.344008
8.186319,24,2828.070538
6.471133,20,2828.615811
9.381329,27,2829.333822
6.992029,21,2829.857675
7.561008,22,2830.414186
3.584302,25,2831.355303
6.881379,21,2831.90751
7.713482,23,2832.502347
6.573422,21,2833.030197
7.882042,24,2833.633482
7.498371,22,2834.194048
7.06683,22,2834.737077
7.566717,22,2835.294744
6.463168,20,2835.794468
8.151524,23,2836.360925
3.424603,24,2836.962435
6.638731,20,2837.472753
6.923366,21,2838.006339
7.892046,24,2838.610162
7.897869,23,2839.191438
7.739586,23,2839.776264
6.766918,21,2840.297486
6.431863,20,2840.797918
6.439489,20,2841.29852
8.105366,23,2851.911688
6.686384,20,2852.448144
5.987825,19,2852.927039
8.761933,25,2853.555751
5.609058,18,2854.023296
2.697779,23,2854.591547
6.741262,21,2855.126737
6.48439,20,2855.739821
7.160302,21,2856.416002
7.212276,22,2857.00775
3.876808,26,2857.690256
8.350063,25,2858.328533
8.677321,24,2858.933931
7.044225,21,2859.468985
5.156931,17,2859.899974
6.945893,21,2860.434906
7.485467,22,2860.994239
7.110743,21,2861.531166
6.09754,20,2862.0446
2.591105,22,2862.603044
4.36622,27,2863.276188
6.513031,20,2863.78952
1.944949,21,2864.325447
6.298451,20,2864.82594
3.267817,24,2865.416272
6.785872,21,2865.951972
7.27405,22,2866.511364
6.466112,20,2867.022966
8.296859,23,2867.603471
8.932536,26,2868.253514
6.36481,20,2868.752991
2.06703,21,2869.320096
5.77405,19,2869.878191
6.16876,20,2870.415944
7.032277,21,2870.984602
8.339757,25,2871.626243
2.878516,23,2872.195013
8.165152,24,2872.797961
7.697789,23,2873.375965
7.509215,23,2873.967354
7.729615,23,2874.547658
7.3498,22,2875.077332
8.711113,25,2875.703758
7.130117,21,2876.226883
3.363178,24,2876.819309
6.575758,21,2877.341129
4.891871,28,2878.064199
7.292298,21,2878.773972
8.37522,25,2879.707997
7.548425,23,2880.320584
7.222931,22,2880.893083
6.821931,21,2881.438146
7.982254,23,2882.019359
7.995755,24,2882.636517
8.85278,26,2883.41384
5.612844,18,2883.882157
8.137585,24,2884.534333
8.686131,26,2885.213939
6.965063,21,2885.752257
8.065944,24,2886.358967
5.742594,18,2886.815366
6.707835,21,2887.351385
7.873851,23,2887.920324
3.017178,23,2888.504313
7.251506,23,2889.072387
8.707581,25,2889.685712
7.60205,23,2890.256903
6.524308,20,2890.770736
7.599801,23,2891.352317
7.113308,21,2891.888717
6.502773,21,2892.425397
6.449394,20,2892.938063
7.750308,23,2893.506393
7.50909,23,2894.087123
10.445977,29,2894.820203
4.935559,17,2895.252623
7.96011,24,2895.845826
6.599819,20,2896.356618
7.645774,23,2896.937891
6.221435,20,2897.449015
8.838635,25,2898.064637
8.422031,24,2898.667923
2.659439,23,2899.250633
8.211719,24,2900.233161
3.696151,25,2900.890822
5.598792,18,2901.345646
7.40612,22,2901.901557
5.352107,18,2902.370571
6.362345,20,2902.917507
5.916522,19,2903.495221
1.577349,20,2904.036104
8.366442,24,2904.672364
8.245466,24,2905.296634
6.789264,21,2916.25219
6.952137,21,2916.785842
6.504512,20,2917.406554
6.27096,20,2917.932935
7.593038,23,2918.530751
6.365002,20,2919.056011
7.710394,22,2919.616898
7.676364,23,2920.185503
7.958878,23,2920.769218
3.171505,24,2921.376342
8.57027,25,2922.006613
6.589765,21,2922.558253
7.520279,23,2923.235837
6.91886,21,2923.912196
6.078116,20,2924.573138
7.52574,22,2925.224485
6.958388,21,2925.800602
7.606201,22,2926.37534
7.157692,21,2926.919561
6.652938,20,2927.60537
8.357184,25,2928.289264
8.088602,24,2929.109453
7.611793,23,2929.736901
7.056699,21,2930.305112
6.323649,20,2930.81885
5.844738,19,2931.30506
2.925888,23,2931.887341
7.129164,22,2932.446776
2.172318,22,2933.017924
5.524963,18,2933.472812
8.495528,25,2934.115278
7.611564,23,2934.697005
8.323463,24,2935.298997
9.192649,27,2935.986198
3.071434,24,2936.592203
7.26805,22,2937.162974
6.947782,21,2937.696371
6.226128,20,2938.195076
3.499177,24,2938.800735
7.160049,21,2939.54705
6.476706,20,2940.075047
8.307216,24,2940.693604
7.88462,23,2941.283047
6.798671,21,2941.816765
9.635034,29,2942.550277
5.874971,19,2943.03903
8.186864,24,2943.693428
6.76573,21,2944.358144
8.807468,25,2945.013062
7.391027,22,2945.602208
6.606464,21,2946.154368
7.039712,21,2946.689983
8.286337,24,2947.292766
7.097136,21,2947.814717
6.916243,21,2948.350621
2.154866,21,2948.886505
8.300825,24,2949.488398
6.888673,21,2950.009266
7.200985,22,2950.567239
5.39476,18,2951.005907
5.969785,19,2951.479591
7.010349,21,2952.016378
7.891497,24,2952.619629
8.511873,24,2953.222699
7.345004,22,2953.779517
8.044623,24,2954.369989
6.714114,21,2954.905809
4.271219,27,2955.606731
8.267139,24,2956.2114
6.77419,21,2956.746498
7.793398,23,2957.327363
6.9121,21,2957.865728
6.290345,19,2958.47435
6.859198,21,2958.999958
7.343973,22,2959.57573
6.358883,20,2960.09987
8.826763,26,2960.749007
9.086038,26,2961.41327
2.64498,22,2961.957239
8.401504,24,2962.574966
7.710618,23,2963.142422
6.12691,19,2963.61872
7.203602,22,2964.19196
7.655879,24,2964.795372
6.577627,21,2965.332004
6.625524,21,2965.867763
7.018865,22,2966.412819
7.729531,23,2966.993426
8.398015,24,2967.597018
6.865783,21,2968.130792
8.233514,25,2968.757831
6.689968,21,2969.279343
7.238971,22,2979.812298
6.935033,21,2980.335099
5.201586,17,2980.778341
5.770485,18,2981.229739
5.88462,18,2981.668594
6.848512,20,2982.166941
8.133908,24,2982.784857
6.344849,20,2983.375746
5.80985,18,2983.860198
7.197886,22,2984.434376
6.081981,19,2984.908674
7.31676,22,2985.475793
5.795421,18,2985.945243
2.886995,23,2986.530016
7.821406,24,2987.133063
7.48966,22,2987.678328
7.11832,21,2988.201183
5.843665,19,2988.69078
6.592071,21,2989.226445
3.436187,24,2989.83098
8.546609,24,2990.420417
7.61395,22,2990.978629
8.797652,25,2991.606205
8.488954,25,2992.246607
7.367834,22,2992.789858
7.076772,21,2993.312807
7.634611,22,2993.859706
5.735501,18,2994.286617
7.03681,21,2994.809788
9.652368,27,2995.511454
6.97187,21,2996.058274
6.800802,21,2996.64993
6.87029,21,2997.401185
7.538265,23,2998.016232
8.776688,24,2998.658522
7.19526,21,2999.214181
7.710734,22,2999.770725
6.189113,20,3000.389771
6.645359,21,3001.011115
7.76755,23,3001.598802
10.370638,30,3002.356916
7.697958,24,3002.96192
7.809834,23,3003.541435
7.869254,23,3004.120197
7.104953,21,3004.651663
9.518345,27,3005.350672
8.904907,25,3006.137955
5.705941,18,3006.662553
9.413744,27,3007.3649
5.578275,18,3007.934868
5.283034,17,3008.419958
5.788916,18,3008.882014
6.664294,20,3009.408774
6.667344,20,3010.081446
7.812028,22,3010.687325
7.209053,22,3011.272289
9.129429,27,3011.981198
8.231541,23,3012.564853
6.308204,19,3013.07691
5.993292,19,3013.674978
2.938548,23,3014.301734
7.562555,22,3014.890767
1.970659,21,3015.506408
8.22876,24,3016.229303
9.035834,26,3016.900079
7.81474,23,3017.495163
6.671357,20,3018.007692
3.820325,25,3018.64644
7.876837,23,3019.228469
9.552782,27,3019.901953
8.514752,24,3020.505667
1.638003,20,3021.018492
6.658456,21,3021.556616
6.104752,19,3022.032848
6.81541,20,3022.518572
7.900643,23,3023.173072
7.03246,21,3023.739423
6.424499,20,3024.266861
7.620606,22,3024.848922
1.61013,20,3025.361392
8.110497,23,3025.957102
7.032958,21,3026.49231
5.988616,18,3026.947788
6.499197,20,3027.529218
5.195277,17,3028.125847
7.293241,23,3028.742536
5.956739,19,3029.245603
5.47029,18,3029.715998
6.892831,21,3030.249276
6.175079,19,3030.739125
7.267473,21,3031.259149
2.696544,22,3031.818547
6.409002,20,3032.441023
8.456057,24,3033.078036
8.347349,24,3033.700386
6.549393,20,3044.213402
3.962351,26,3044.892047
6.976019,21,3045.432541
8.209389,23,3046.02715
6.287352,20,3046.577081
6.573324,20,3047.267748
6.7698,21,3047.831076
8.273318,24,3048.47222
7.138321,21,3049.028927
6.726236,21,3049.563466
8.452119,24,3050.168243
6.891672,21,3050.70271
6.313655,20,3051.214657
2.297457,21,3051.735244
6.09298,19,3052.210262
8.638844,25,3052.834511
8.115608,24,3053.436752
8.61625,25,3054.129637
9.13829,27,3054.86476
7.082959,22,3055.442006
7.689254,23,3056.064004
6.684929,20,3056.776345
7.726687,23,3057.409816
7.977493,23,3057.993189
6.939474,21,3058.662394
8.057149,24,3059.372065
6.324295,20,3059.884084
8.103215,24,3060.518064
5.660859,18,3060.958925
6.605208,20,3061.457263
7.324722,22,3062.028656
7.065444,21,3062.549657
7.904135,23,3063.129955
5.99838,19,3063.605335
6.038069,19,3064.093519
7.376165,22,3064.650148
8.003831,24,3065.323626
6.864595,21,3066.19521
6.962667,21,3066.749004
6.698822,21,3067.281498
6.314827,20,3067.806119
6.688854,21,3068.325828
6.960764,21,3068.831712
7.37801,23,3069.423771
8.438193,24,3070.026776
8.794375,25,3070.816382
6.213535,19,3071.340446
5.979919,19,3071.828228
7.689691,23,3072.435995
7.590267,22,3072.992492
6.042355,19,3073.465574
8.97812,25,3074.090964
5.385488,18,3074.555226
6.879788,22,3075.11
8.932139,26,3075.760941
6.395176,20,3076.25925
5.538396,18,3076.700192
1.950882,21,3077.238035
5.394937,18,3077.705716
8.960174,26,3078.356344
8.948,27,3079.042524
4.914026,17,3079.458312
6.250162,20,3079.968025
6.268532,20,3080.48025
7.892606,23,3081.062221
7.047464,21,3081.58422
1.529496,20,3082.084145
6.084424,19,3082.574168
6.982146,21,3083.109552
7.744636,23,3083.690766
8.195901,24,3084.29516
7.982724,23,3084.876007
6.922232,21,3085.410199
5.610439,18,3085.876968
7.713036,22,3086.436158
7.694807,23,3087.020104
7.530713,23,3087.72353
3.015561,23,3088.308493
6.876068,21,3088.949268
6.791675,21,3089.492963
6.763995,21,3090.029542
7.127101,21,3090.565577
1.906857,21,3091.086962
6.940989,21,3091.609841
7.770803,23,3092.193539
7.952791,24,3092.786786
7.813209,23,3093.354455
7.854201,23,3093.935354
7.579836,23,3094.507571
5.922888,19,3095.119044
6.013952,19,3095.607461
6.280313,20,3096.105772
2.749751,23,3096.701028
7.744292,23,3097.282677
6.742258,20,3097.782462
7.080555,21,3108.044756
6.636961,21,3108.567709
3.630072,25,3109.196702
7.258772,22,3109.741109
7.051451,21,3110.275778
6.939494,21,3110.810821
4.671814,27,3111.596836
6.712729,21,3112.145985
8.28243,25,3112.881465
7.576117,23,3113.532742
8.161686,24,3114.152521
3.073652,24,3114.767774
9.924459,28,3115.464455
7.38832,23,3116.045858
6.426536,20,3116.55655
6.901885,21,3117.092681
7.076476,21,3117.628458
9.747251,28,3118.356984
6.380708,20,3119.037453
2.981662,23,3119.634276
8.043039,23,3120.358686
8.268786,24,3121.023315
6.596866,20,3121.549408
6.483514,20,3122.171304
7.045035,21,3122.853276
7.783891,23,3123.545354
7.763078,23,3124.182782
3.978123,26,3124.876282
6.899484,21,3125.446928
3.266661,24,3126.187567
7.113656,21,3126.753346
5.401884,18,3127.23265
2.482124,22,3127.806329
4.378068,26,3128.717155
2.715458,22,3129.323901
6.668999,21,3129.875456
6.336956,20,3130.405834
6.294603,20,3130.918277
9.140711,26,3131.566964
8.770535,25,3132.180442
6.76038,21,3132.713924
6.985623,21,3133.255609
9.15178,27,3134.117816
8.148994,24,3134.763245
5.604422,18,3135.236821
5.88673,19,3135.748132
7.296847,22,3136.30943
7.270534,22,3136.862835
6.882894,21,3137.396596
4.767179,27,3138.065504
7.803386,23,3138.644895
7.030604,21,3139.150553
6.434555,20,3139.662191
6.940503,22,3140.218477
7.604044,23,3140.797008
6.545232,20,3141.308329
7.238823,22,3142.014024
6.288479,20,3142.628858
7.857352,23,3143.226718
7.791814,23,3143.821834
8.078924,24,3144.434928
10.613937,29,3145.153385
5.885901,19,3145.641351
7.043056,22,3146.198558
6.822327,21,3146.721117
8.0854,23,3147.287748
9.226152,27,3147.960039
7.452057,22,3148.517531
8.25431,24,3149.137653
9.299045,27,3149.82337
8.872891,26,3150.471557
2.352702,22,3151.018161
7.424694,22,3151.563097
9.171321,26,3152.213228
6.359574,20,3152.712564
5.979034,19,3153.191618
8.188408,24,3153.810534
8.623152,25,3154.450269
5.989928,19,3155.017303
7.628091,23,3155.707912
6.965827,21,3156.245728
8.411423,24,3156.868936
0.766484,18,3157.331679
8.796156,26,3157.982779
8.453429,25,3158.61106
5.867246,19,3159.086901
7.045332,21,3159.598814
8.470143,25,3160.241221
6.855728,21,3160.890887
7.420589,22,3161.473836
8.085017,24,3172.069857
7.631144,22,3172.756614
6.434629,20,3173.294064
8.226425,24,3173.941295
4.975664,17,3174.384002
7.286814,21,3174.915713
3.481143,24,3175.515688
7.160358,22,3176.057347
1.491738,20,3176.568827
6.989299,22,3177.125891
7.686716,23,3177.706538
6.513418,20,3178.20468
6.6676,21,3178.737847
5.999007,19,3179.224972
8.060569,23,3179.80463
7.445791,22,3180.362344
2.011908,21,3180.89772
7.945533,24,3181.514325
8.79526,26,3182.165561
7.648144,23,3182.764769
8.032029,24,3183.376843
6.038424,19,3184.072994
3.090891,24,3184.973091
6.822642,21,3185.773008
6.772016,21,3186.390093
7.924972,23,3186.989666
6.133172,19,3187.462621
6.331085,20,3187.970578
7.733032,23,3188.551953
8.848549,25,3189.194355
7.998058,24,3189.788371
8.843736,26,3190.451762
6.006209,19,3190.942332
6.075705,19,3191.433393
9.152667,26,3192.08447
8.342836,25,3192.702268
9.083665,25,3193.532119
7.211027,22,3194.158309
7.343748,22,3194.746536
8.111458,24,3195.411846
6.710151,20,3195.903637
2.329792,22,3196.632142
7.473272,22,3197.222578
7.425732,22,3197.810882
9.249702,26,3198.484208
6.344261,20,3198.982511
6.142367,20,3199.494396
7.046401,22,3200.048678
2.773331,23,3200.628352
7.213072,22,3201.185769
5.530083,18,3201.649892
5.835061,19,3202.137138
3.308008,24,3202.738634
7.166248,22,3203.293
3.035964,23,3203.875413
6.985675,21,3204.565255
8.124687,24,3205.185187
3.255372,24,3205.804318
6.391056,20,3206.323406
7.47024,23,3206.906838
8.277827,25,3207.548008
4.661386,27,3208.221459
6.040064,19,3208.710135
5.170407,17,3209.127297
3.324753,24,3209.746325
6.89909,21,3210.283651
9.04367,26,3210.933577
5.53633,19,3211.423573
6.831359,21,3211.973892
6.839125,21,3212.495453
5.482527,18,3212.94916
7.79994,23,3213.51545
8.332712,24,3214.107468
6.983645,21,3214.631806
7.239845,22,3215.19329
8.070198,24,3215.801263
8.848047,25,3216.431884
9.358957,27,3217.092313
7.762632,23,3217.703995
3.61042,25,3218.87788
8.660031,25,3219.650097
9.196867,27,3220.389468
7.565053,23,3220.987777
6.448103,20,3221.552997
6.107011,19,3222.187576
7.187194,22,3222.762196
8.188897,24,3223.381656
5.669044,18,3223.843897
6.496269,21,3224.393505
6.661956,21,3225.023197
5.537249,19,3225.559453
5.451866,18,3226.038974
6.843766,21,3226.604005
9.923928,28,3237.378792
7.864752,23,3237.975255
7.096878,22,3238.52279
5.972353,19,3239.000453
7.311082,22,3239.545065
7.274733,22,3240.09553
6.765388,21,3240.638774
7.611856,23,3241.480459
6.971529,21,3242.09298
7.821172,23,3242.68844
7.56325,23,3243.281821
8.071711,24,3243.902003
2.39568,22,3244.448736
7.198992,21,3244.983799
5.982184,19,3245.461596
7.033717,21,3246.097582
7.17955,21,3246.75758
6.867009,21,3247.309178
7.959267,23,3247.907359
5.082513,17,3248.360527
5.934846,19,3248.837969
7.698479,23,3249.406941
6.83238,21,3249.943346
8.367775,24,3250.548576
6.245567,20,3251.061846
7.031182,21,3251.598873
6.384899,20,3252.112495
8.887953,26,3252.762308
7.47013,22,3253.320749
5.576284,18,3253.772908
7.127003,22,3254.332119
1.571878,20,3254.84565
2.847032,22,3255.422416
5.646314,18,3256.057064
7.139854,21,3256.643333
8.37127,23,3257.243722
9.534373,28,3257.984285
7.046951,21,3258.521068
6.869483,21,3259.05901
9.17797,26,3259.930946
7.747001,22,3260.513671
9.156448,27,3261.206532
6.890032,21,3261.7614
2.056632,21,3262.296883
5.972082,19,3262.770893
7.340495,22,3263.327919
6.321075,20,3263.828306
7.960655,23,3264.51671
6.749998,21,3265.065425
6.943082,21,3265.615943
6.125687,19,3266.114785
5.446035,18,3266.580604
6.771802,21,3267.100634
7.973838,24,3267.689191
6.383353,20,3268.172361
5.044093,17,3268.588582
6.775966,21,3269.122833
8.564613,25,3269.759339
7.389802,22,3270.330159
7.305622,21,3270.850315
6.116545,19,3271.325485
2.414866,22,3271.869159
7.998045,24,3272.472528
6.339246,19,3272.947607
6.169921,19,3273.435807
5.661746,18,3273.888272
6.65045,20,3274.574462
5.510083,18,3275.177451
7.202488,22,3275.757257
7.383456,22,3276.347366
8.184163,24,3276.959794
7.168126,22,3277.492165
7.354843,22,3278.049887
5.147704,17,3278.467796
8.44508,24,3279.086892
5.557925,18,3279.55232
6.977184,21,3280.254095
6.571156,20,3280.770917
5.875893,19,3281.275224
6.578341,20,3281.785205
6.566442,21,3282.307895
3.373696,24,3282.91085
7.065171,21,3283.447933
5.794354,19,3283.938666
8.947461,25,3284.554026
6.578379,20,3285.065071
7.491238,22,3285.622193
7.552588,23,3286.202314
8.14006,25,3286.829152
2.918287,23,3287.409371
8.191269,24,3288.015325
8.145687,23,3288.619127
9.587972,27,3289.445514
6.321235,20,3289.985504
7.041038,21,3290.551477
6.943564,21,3300.974463
3.671802,24,3301.582356
7.261106,22,3302.127481
8.339659,25,3302.758413
7.426368,21,3303.281497
9.12645,26,3304.03282
5.135398,17,3304.538484
7.323982,22,3305.127077
3.487185,24,3305.760402
2.760822,22,3306.326669
7.932896,23,3306.906219
8.104271,24,3307.52239
9.399218,27,3308.197236
7.415194,22,3308.756679
6.719335,20,3309.269172
7.15194,21,3309.791278
8.600791,24,3310.395706
6.980848,21,3310.931499
7.617834,23,3311.511945
9.583347,27,3312.183918
8.452767,24,3312.772985
7.69634,23,3313.478524
8.272267,24,3314.123961
8.213578,24,3314.760654
7.338138,22,3315.352983
4.065007,25,3316.129875
6.05004,19,3316.725323
6.90379,21,3317.25989
3.341118,24,3317.872257
7.574239,22,3318.429148
7.726884,22,3318.988617
8.059654,23,3319.569576
5.991145,19,3320.059381
6.758001,21,3320.606803
3.074643,23,3321.302603
7.649439,23,3321.900283
6.971435,22,3322.517318
5.64413,18,3323.09266
7.754382,23,3323.663207
7.299207,21,3324.199875
8.01872,23,3324.836348
6.523821,20,3325.498489
7.043959,22,3326.198893
5.556289,18,3326.734649
5.146018,17,3327.287138
6.410428,20,3327.952954
2.534296,21,3328.547857
8.217966,23,3329.287993
6.879815,21,3329.867046
7.641233,22,3330.459976
8.187578,24,3331.089578
6.655085,20,3331.602934
5.921448,19,3332.077109
3.686228,25,3332.703846
7.81952,23,3333.282944
6.981918,21,3333.81598
7.363813,22,3334.37041
6.34084,19,3334.858006
2.975814,23,3335.511417
7.009292,21,3336.115936
7.337512,22,3336.701892
4.992699,17,3337.149851
8.007847,23,3337.727786
6.504678,20,3338.198491
5.729897,19,3338.672756
6.469922,20,3339.171551
5.855544,19,3339.659476
6.936449,21,3340.192608
7.680142,23,3340.75947
7.265387,22,3341.318022
2.046467,21,3341.852711
3.934325,25,3342.569976
8.230595,23,3343.199856
7.813536,23,3343.79684
5.899433,19,3344.284534
6.47685,20,3344.802047
7.101613,22,3345.359759
6.083231,20,3345.872074
7.319381,22,3346.417095
6.820277,22,3346.975377
8.095373,23,3347.555301
6.568652,20,3348.056115
6.654466,21,3348.577965
8.458874,24,3349.183307
7.741446,23,3349.778805
2.085131,21,3350.314982
7.683163,22,3350.860945
2.757899,22,3351.420407
5.607486,18,3351.873223
6.276506,19,3352.350306
6.733132,21,3352.885726
5.920972,19,3353.373796
8.785841,25,3354.00353
2.527701,23,3354.582417
7.63489,23,3364.976461
7.756363,23,3365.563352
8.62403,25,3366.206245
5.199596,17,3366.622666
7.000677,21,3367.15672
7.218043,22,3367.715191
5.967687,19,3368.192612
8.12733,24,3368.892515
6.440382,20,3369.529346
6.155906,20,3370.156246
8.046894,23,3370.764138
6.372437,19,3371.267458
4.146432,25,3371.917211
7.702177,22,3372.486986
7.101609,21,3373.068016
6.80013,20,3373.677236
7.337677,22,3374.251963
4.760481,28,3374.984855
8.020559,23,3375.569266
6.497964,20,3376.079765
6.801401,21,3376.613027
6.699976,20,3377.126009
6.531507,20,3377.6393
3.044994,23,3378.207166
8.186257,24,3378.809314
2.578296,22,3379.368316
0.821857,18,3379.819947
5.937488,19,3380.297567
7.404244,21,3380.832009
6.574919,20,3381.345155
8.274093,24,3381.949227
7.917888,23,3382.531027
6.114805,19,3383.008703
5.576068,18,3383.485886
7.770788,23,3384.201346
7.696988,23,3384.802643
6.73119,20,3385.345183
5.747016,18,3385.965197
5.379375,17,3386.410589
6.803199,20,3386.942548
5.948912,19,3387.480338
8.24758,24,3388.170911
5.637413,18,3388.637137
8.300557,23,3389.233456
8.044339,23,3389.804892
9.149596,26,3390.468255
8.66531,25,3391.092941
5.281284,17,3391.512524
8.310347,23,3392.106455
7.66776,22,3392.654484
3.673554,24,3393.257005
6.355262,20,3393.756591
5.092557,17,3394.186715
7.269828,21,3394.708995
6.788619,21,3395.244872
7.542338,22,3395.788527
8.634965,24,3396.395409
6.04352,19,3396.884896
3.301449,23,3397.466017
7.423427,22,3398.012075
7.539684,22,3398.566185
6.932677,21,3399.100051
7.22744,21,3399.633079
3.401887,24,3400.249474
6.988577,21,3400.782759
7.982292,24,3401.38791
7.002632,21,3401.921747
7.991209,23,3402.503145
6.119427,19,3402.978709
6.95315,21,3403.512934
6.431506,19,3404.002338
7.506247,22,3404.775573
8.986436,25,3405.448957
7.553503,22,3406.022195
7.020483,21,3406.57456
7.775072,22,3407.141771
9.868679,27,3407.829247
6.3092,19,3408.305051
7.10085,20,3408.815903
6.890869,21,3409.338601
6.468176,20,3409.852045
7.57103,22,3410.413257
7.209554,21,3410.950762
5.947426,18,3411.406767
6.632683,20,3411.921816
6.902488,21,3412.459677
6.095583,19,3412.950457
5.389804,18,3413.417229
5.934586,18,3413.881986
6.873091,20,3414.383964
8.518861,24,3414.99009
7.723374,22,3415.547943
7.621109,22,3416.205327
6.059873,19,3416.754679
6.970362,21,3417.301512
6.019576,19,3417.801928
7.104964,21,3428.498307
5.624636,18,3429.223037
7.63862,22,3429.840909
7.986576,23,3430.428084
6.512582,20,3430.953599
7.868632,23,3431.535092
7.248444,21,3432.156938
6.882483,20,3432.689219
6.119884,19,3433.195795
3.443425,23,3433.802933
6.957504,21,3434.340434
7.172976,21,3434.873553
5.599191,18,3435.336611
7.75858,22,3435.89132
7.921677,22,3436.548885
2.088254,21,3437.236883
8.008952,23,3437.907616
7.498017,22,3438.503309
5.971667,19,3439.019427
7.546305,22,3439.579822
8.518216,25,3440.204677
7.792864,22,3440.761461
7.605246,22,3441.319813
7.522012,22,3441.998365
6.49009,20,3442.612833
6.175637,19,3443.242243
6.917827,21,3443.82852
6.717041,20,3444.375997
6.84504,21,3444.929411
6.499097,20,3445.42878
7.17733,21,3445.965028
7.556421,22,3446.52359
7.37345,21,3447.044848
7.015707,21,3447.686991
7.678084,22,3448.312203
7.394184,21,3448.867209
6.554589,20,3449.48274
6.9831,21,3450.082705
6.637679,20,3450.62432
6.97539,21,3451.188962
2.782747,23,3451.771183
7.532007,22,3452.330588
3.613375,24,3452.937265
7.532759,22,3453.494889
5.328831,17,3453.924605
6.735579,20,3454.411546
8.069394,23,3455.010289
6.358854,19,3455.488813
7.139167,21,3456.009404
0.957337,18,3456.463852
6.611204,20,3456.960804
5.777775,18,3457.416664
9.347255,25,3458.063076
7.981661,23,3458.659522
7.142639,21,3459.185086
8.156152,23,3459.765316
6.91815,20,3460.263525
7.845324,22,3461.005478
7.350009,21,3461.631455
8.719743,25,3462.303058
7.414776,22,3462.885412
5.597522,18,3463.342708
3.24591,23,3463.949051
5.981797,19,3464.427023
3.445414,24,3465.033076
1.760775,20,3465.91301
5.788005,18,3466.61795
5.408818,17,3467.033143
6.182928,19,3467.536314
7.167933,21,3468.084539
7.068583,21,3468.620077
7.565942,22,3469.165312
7.836997,22,3469.723529
7.538605,22,3470.281273
6.571938,20,3470.794169
8.967012,25,3471.42206
7.149808,21,3471.960533
7.89714,23,3472.543646
8.675872,24,3473.14913
5.482733,17,3473.570431
6.875945,21,3474.109764
6.195195,19,3474.590802
5.445693,18,3475.06017
7.230614,21,3475.595648
8.204966,23,3476.176369
7.747931,22,3476.736683
6.540624,19,3477.213535
5.88286,18,3477.668277
6.670104,20,3478.183457
6.506146,20,3478.69948
7.335556,21,3479.238133
7.208136,22,3479.786785
7.782782,23,3480.356594
7.966341,22,3480.930051
7.188768,21,3481.566058
6.472145,20,3482.182808
6.219792,19,3482.684614
5.684474,18,3483.166302
7.951559,23,3493.78022
6.621164,20,3494.478202
5.813387,19,3494.97888
7.152298,21,3495.506087
1.725268,20,3496.029097
7.091493,22,3496.589043
6.866219,20,3497.148777
8.206901,24,3497.878025
2.774994,22,3498.457098
5.698775,18,3498.933064
6.599291,20,3499.423485
6.716139,20,3499.921887
5.115132,17,3500.366439
8.061352,24,3500.969621
7.290957,22,3501.528862
6.703224,20,3502.027689
7.931099,23,3502.594874
1.120521,19,3503.072705
7.612568,22,3503.619989
6.639154,20,3504.132442
6.23481,20,3504.644143
5.485754,18,3505.098764
8.124702,23,3505.680656
6.57645,20,3506.191887
1.708109,20,3506.692961
8.842189,25,3507.333382
3.804296,25,3507.961478
7.517641,22,3508.523943
7.80751,23,3509.106159
7.738705,22,3509.664332
6.585015,21,3510.20047
7.367415,22,3510.862721
7.075187,21,3511.424688
5.548007,18,3512.049646
6.212628,19,3512.578929
5.930036,19,3513.084343
7.941161,23,3513.697689
7.560025,22,3514.262028
8.256139,24,3514.865146
8.258449,25,3515.493655
5.555367,18,3515.96103
5.325539,18,3516.429138
7.126936,21,3516.952149
6.167109,19,3517.442317
6.140231,19,3517.918489
6.76799,21,3518.468446
4.680287,16,3518.861902
9.172171,25,3519.517879
6.373824,20,3520.017736
6.324995,19,3520.467212
9.095124,25,3521.10796
6.641281,20,3521.606566
5.99172,19,3522.071006
2.221788,22,3522.633459
5.717393,19,3523.112891
5.641518,18,3523.581297
8.25164,24,3524.184893
6.55183,20,3524.698865
7.425528,22,3525.262064
7.114693,21,3525.806952
5.980063,19,3526.371089
8.426191,24,3527.014325
7.863271,23,3527.636924
6.964681,20,3528.276047
3.240214,23,3528.875667
7.296234,22,3529.452777
6.113265,19,3529.944619
6.540557,20,3530.429353
6.986392,21,3530.949277
6.327316,20,3531.460355
7.947695,23,3532.228364
6.193931,19,3532.747089
8.348257,24,3533.370327
6.740427,21,3533.918722
8.712316,25,3534.545978
6.227381,20,3535.062365
6.224047,19,3535.665056
5.035009,17,3536.172599
5.990817,19,3536.664942
5.615145,18,3537.14702
6.715307,20,3537.710836
6.037412,19,3538.352639
6.317193,20,3538.879228
6.878476,21,3539.417876
8.590618,24,3540.034066
7.794386,22,3540.578865
7.098761,21,3541.088888
7.437974,21,3541.627371
8.42267,23,3542.21029
7.58631,22,3542.767271
3.575918,24,3543.38505
9.496729,27,3544.070081
6.103535,19,3544.57301
6.015932,19,3545.148725
5.767953,19,3545.650997
5.44622,18,3546.132884
7.998693,23,3546.760916
6.753266,21,3547.284217
7.004602,21,3558.065912
6.492832,20,3558.581024
7.434628,22,3559.138381
5.65792,18,3559.590227
2.23008,21,3560.126396
6.340885,20,3560.625119
7.698785,23,3561.207057
6.604673,20,3561.703781
7.015501,21,3562.24113
6.369749,20,3562.728639
8.128647,24,3563.318219
6.677763,20,3563.81628
8.261511,24,3564.431735
6.057856,19,3564.917419
6.644118,21,3565.449315
7.044358,22,3566.005528
6.528023,20,3566.517031
8.722246,25,3567.140984
7.353829,22,3567.698182
6.890313,21,3568.327138
7.541268,22,3568.914835
8.658322,25,3569.763643
7.179682,21,3570.336317
4.788873,16,3570.753519
7.206538,22,3571.325119
5.64175,18,3571.800498
8.939532,25,3572.580095
7.464106,22,3573.152654
8.457622,24,3573.77403
6.595936,20,3574.28158
6.973908,21,3574.803216
6.373605,20,3575.318591
8.55795,25,3576.01521
8.525421,25,3576.75913
8.587117,24,3577.386814
5.663746,18,3577.861619
6.532811,20,3578.53052
5.001945,17,3578.998738
6.929514,21,3579.545383
6.689607,21,3580.098711
8.038055,24,3580.712943
6.952748,21,3581.250419
8.077195,23,3581.834089
8.065526,23,3582.418351
6.915617,21,3582.941604
6.878819,21,3583.476893
7.429383,22,3584.038327
7.588733,22,3584.598013
7.039042,21,3585.135775
6.095533,19,3585.628968
6.670768,20,3586.129347
9.186748,26,3586.778255
8.186941,24,3587.393791
8.395495,24,3588.00055
6.244214,20,3588.606185
6.751222,21,3589.187164
8.172238,24,3589.97912
7.766806,23,3590.634992
6.933521,21,3591.203292
5.870834,19,3591.705222
6.608731,20,3592.206276
7.426718,22,3592.772973
6.128398,19,3593.24735
7.356607,22,3593.811777
6.052919,19,3594.295367
3.293467,23,3595.061319
7.770094,23,3595.951889
8.594482,24,3596.583635
7.355127,22,3597.155741
7.78371,23,3597.741513
8.38998,24,3598.347627
7.665568,23,3598.917315
7.094155,21,3599.426507
7.514937,22,3599.972616
7.439611,22,3600.535208
8.362959,23,3601.481976
6.703224,21,3602.032227
7.273795,21,3602.570904
6.896601,21,3603.100841
5.840608,19,3603.59182
8.517432,24,3604.199379
7.334868,22,3604.771241
7.424681,22,3605.330793
7.679386,23,3605.913771
8.169114,24,3606.520262
8.68533,25,3607.149926
6.679829,20,3607.666505
7.514437,22,3608.225934
7.359578,21,3608.761895
7.091771,22,3609.321802
6.986797,21,3609.844078
5.699153,18,3610.298364
6.150557,19,3610.787177
7.388849,22,3611.331931
7.061129,22,3611.89335
7.751534,23,3622.471315
7.383532,22,3623.019372
7.59125,23,3623.601671
7.549192,23,3624.18627
6.718791,21,3624.709336
7.46281,22,3625.547386
7.461362,22,3626.282915
8.367188,24,3626.923141
7.79724,23,3627.572254
7.050981,22,3628.267687
2.79778,23,3629.100898
6.900978,21,3629.73761
1.270561,19,3630.26381
2.079584,22,3630.863093
6.804042,21,3631.41613
5.894538,19,3631.9034
7.672134,23,3632.494018
6.693781,20,3633.015401
8.18433,24,3633.632509
7.388784,22,3634.210056
7.584579,23,3634.864614
7.803846,23,3635.618962
7.63939,23,3636.242483
7.831247,23,3636.872731
6.972782,21,3637.447805
8.580511,24,3638.287976
6.851647,21,3638.90764
8.837546,26,3639.632766
6.923834,22,3640.364727
7.413233,22,3640.978191
3.125653,25,3641.68054
8.253286,24,3642.324167
7.373571,22,3642.899391
6.018976,19,3643.374058
8.378509,25,3644.02772
8.176698,24,3644.710945
6.777482,21,3645.444513
3.404716,25,3646.127573
7.816522,23,3646.744366
7.464982,22,3647.337038
6.683307,21,3647.874176
8.641023,25,3648.519207
6.519017,20,3649.027558
7.503381,23,3649.620848
8.935235,26,3650.317369
9.516398,27,3651.018255
7.266153,22,3651.593879
7.317574,22,3652.161509
4.815058,27,3652.853791
5.899275,19,3653.356272
6.76088,21,3653.901979
7.28149,22,3654.476493
4.095829,25,3655.123173
7.49047,23,3655.72037
6.738533,21,3656.2636
3.782053,25,3657.012707
7.188285,22,3657.6573
6.811231,21,3658.239583
8.064793,24,3658.90654
7.805063,23,3659.505238
2.37155,22,3660.087537
7.865056,23,3660.685627
6.456223,20,3661.208726
7.590399,23,3661.801518
5.361952,18,3662.276779
7.960671,24,3662.908777
5.658295,18,3663.365122
7.214535,21,3663.915384
7.903182,24,3664.546603
7.478941,22,3665.12185
6.362994,20,3665.637054
7.581852,22,3666.19526
7.932279,23,3666.892833
6.760541,20,3667.692991
7.247396,22,3668.313928
7.210401,21,3668.884931
5.693608,18,3669.373971
7.221723,22,3670.005242
7.525809,23,3670.709741
5.94879,19,3671.23561
8.442521,24,3671.915076
6.998072,21,3672.465724
7.29825,22,3673.051227
7.786565,23,3673.6667
5.616862,18,3674.16373
6.425534,20,3674.711475
9.139255,27,3675.636512
7.499187,23,3676.273524
6.8157,21,3676.863491
6.484792,20,3677.430313
8.916429,26,3678.113449
8.308781,24,3678.768812
7.122958,22,3689.284791
2.698837,23,3689.89682
5.966263,19,3690.397424
5.859731,19,3690.879722
7.458687,22,3691.44547
7.166044,22,3692.020234
7.469015,23,3692.634142
5.800459,19,3693.127074
7.354532,22,3693.710844
6.221358,20,3694.23165
8.050684,24,3694.865736
8.073013,24,3695.483321
8.131829,25,3696.12163
8.017747,24,3696.866875
6.688912,21,3697.472741
6.096461,20,3698.133413
6.79473,21,3698.763826
7.467229,23,3699.41313
9.947743,28,3700.196005
6.553145,20,3700.877816
9.457522,27,3701.732998
8.080366,24,3702.563787
8.250886,25,3703.331376
7.023578,22,3703.960818
9.039458,27,3704.699091
7.064123,22,3705.264812
6.445285,20,3705.80143
7.916606,24,3706.424941
8.126852,24,3707.039546
6.191716,19,3707.52759
7.046601,22,3708.246429
6.679224,21,3709.098867
7.772703,24,3709.787514
7.084347,22,3710.418912
7.564394,23,3711.08225
4.618762,28,3711.810406
9.030832,26,3712.557607
7.134334,22,3713.204414
8.216999,25,3713.893276
6.289035,20,3714.419687
8.35624,24,3715.059267
6.390856,20,3715.564021
8.917947,26,3716.269154
8.694651,25,3716.931886
7.449324,23,3717.54239
6.761376,21,3718.064635
5.846189,19,3718.586672
6.996041,22,3719.186094
6.066727,19,3719.701017
8.779389,26,3720.36571
7.736888,23,3720.996375
6.180505,20,3721.531554
6.823098,21,3722.098048
8.818383,26,3722.787655
6.750046,21,3723.332618
9.571664,27,3724.036395
6.417418,20,3724.567917
7.80401,23,3725.164546
6.836913,21,3725.716218
7.175817,22,3726.293047
8.272968,24,3726.941006
4.510199,16,3727.34359
10.019549,29,3728.124365
6.847783,21,3728.772322
7.572023,22,3729.393163
6.348745,20,3730.027308
8.307116,25,3730.90942
7.355471,22,3731.644091
6.81954,21,3732.245732
8.328851,24,3732.922343
7.795908,23,3733.538455
6.916459,21,3734.087087
6.222099,20,3734.611807
6.887122,21,3735.15817
8.885636,26,3735.828076
7.821687,23,3736.423855
10.026142,29,3737.188297
6.806569,21,3737.733733
7.704174,23,3738.38296
8.377272,24,3739.177304
7.052056,21,3739.772939
5.884066,19,3740.399188
7.707003,23,3741.155309
8.96459,26,3741.900248
8.710477,25,3742.59866
7.244062,22,3743.183576
7.480659,23,3743.796068
6.232876,20,3744.322719
7.116753,22,3744.912813
8.421765,25,3745.55368
8.10631,24,3756.323851
6.854311,21,3756.877063
7.453239,22,3757.463511
6.982493,21,3758.025747
2.893588,23,3758.631972
6.604608,21,3759.176014
6.189625,20,3759.71435
6.810513,22,3760.274847
6.191304,20,3760.805853
6.961864,21,3761.365321
3.87517,26,3762.036022
7.536001,22,3762.602937
7.934418,23,3763.288972
5.646296,18,3763.838836
6.388928,20,3764.392832
3.702113,25,3765.223846
3.444894,25,3765.907481
9.375606,27,3766.667812
8.016096,24,3767.311926
6.858008,21,3767.867193
3.110076,25,3768.631225
8.080806,24,3769.30015
7.232453,22,3769.922001
3.218759,24,3770.529985
7.876268,23,3771.118698
8.300364,24,3771.782521
9.097867,26,3772.469342
7.262317,22,3773.039413
7.616932,23,3773.640638
6.871529,21,3774.177675
8.009829,24,3774.806482
6.456172,20,3775.323668
8.653927,25,3775.986249
3.314125,24,3776.628576
7.350355,22,3777.217569
6.610392,21,3777.78233
6.452957,20,3778.295317
8.096069,24,3778.924122
8.210273,25,3779.585728
5.823383,19,3780.080887
6.762602,21,3780.612757
7.748833,23,3781.226295
2.669834,23,3781.830459
6.903165,21,3782.381638
7.760919,23,3782.9762
7.695896,23,3783.571072
7.789157,23,3784.178279
8.199832,24,3784.802879
4.986878,17,3785.276736
9.614704,28,3785.992598
3.466168,25,3786.795852
7.681586,22,3787.401672
2.343,22,3788.011527
3.647249,25,3788.672813
7.395732,22,3789.262643
7.304489,22,3789.836086
5.999207,19,3790.337092
7.204683,22,3790.92058
8.281971,24,3791.552552
1.486527,20,3792.085516
5.637522,18,3792.546652
5.686585,19,3793.054488
8.105804,24,3793.670889
7.612362,23,3794.258859
6.395913,20,3794.79178
2.953375,23,3795.393499
7.053301,22,3795.964432
7.120558,21,3796.507763
3.021426,24,3797.132973
8.126076,24,3797.761987
6.476879,21,3798.47211
8.152513,24,3799.213072
7.514077,22,3799.817753
3.556774,24,3800.470174
7.48954,23,3801.085145
8.754825,25,3801.737128
5.798214,19,3802.226331
7.639341,23,3802.809675
7.209201,22,3803.535166
6.812907,21,3804.152601
5.937981,19,3804.651086
6.682129,21,3805.229102
7.696552,23,3805.883006
7.163438,22,3806.626071
4.667361,16,3807.08386
8.380372,24,3807.774868
6.99539,22,3808.39579
7.195395,22,3808.969561
9.122945,26,3809.642529
6.031173,19,3810.141443
6.699259,21,3810.688203
3.245308,24,3811.306907
9.004206,26,3822.036944
5.875551,19,3822.524598
7.475847,22,3823.090647
5.643432,19,3823.597249
8.301262,24,3824.229937
6.079866,19,3824.792029
8.041098,24,3825.710423
7.043364,22,3826.324382
7.747182,23,3826.98437
8.71834,25,3827.63011
8.212094,24,3828.351383
8.667243,25,3829.188327
7.345138,22,3829.82656
8.585518,25,3830.840642
4.66656,26,3831.598257
6.926455,21,3832.331913
6.176816,20,3832.973367
7.94886,23,3833.679216
7.240384,22,3834.278146
3.742163,25,3834.961613
7.485777,22,3835.551456
8.250319,25,3836.304951
8.543512,25,3837.021799
6.547934,20,3837.577809
6.111326,20,3838.109282
9.596465,27,3838.837504
9.383167,27,3839.729218
9.343936,26,3840.435164
7.900364,23,3841.122892
5.783503,19,3841.787946
8.258645,24,3842.472505
8.837207,26,3843.209699
2.621916,23,3843.799097
7.92131,24,3844.441854
1.930938,21,3845.010617
7.766584,23,3845.61246
8.401031,25,3846.251573
8.018197,24,3846.880752
7.449368,22,3847.466795
6.571883,20,3848.001515
7.148702,21,3848.57731
7.956906,23,3849.179452
7.298607,22,3849.760928
2.531482,22,3850.339044
7.503262,23,3850.944248
7.583596,22,3851.507314
7.05621,22,3852.096068
8.675114,25,3852.750424
8.88162,25,3853.402723
2.644177,22,3853.990977
7.186488,22,3854.57409
7.032423,22,3855.147293
6.423515,20,3855.676099
3.291719,24,3856.304948
8.71972,25,3856.962568
8.210599,24,3857.604081
3.681161,25,3858.41891
7.368236,22,3859.179963
3.346032,24,3859.843258
8.586229,24,3860.493248
7.714409,23,3861.099609
5.427573,18,3861.58267
9.561598,27,3862.279981
7.008741,21,3862.832758
7.304477,22,3863.412521
6.889383,21,3864.16026
8.166819,24,3864.992028
6.069257,19,3865.617962
3.332861,24,3866.316029
7.187189,22,3866.908743
7.263027,22,3867.49866
7.679714,23,3868.120057
2.275957,22,3868.68911
6.896624,21,3869.229976
8.409467,24,3869.866153
5.741164,19,3870.379058
7.628866,23,3870.986812
7.203274,22,3871.561625
7.608334,23,3872.202562
8.676752,25,3872.940716
7.78707,23,3873.572376
7.656319,23,3874.196636
6.842409,21,3874.753372
7.770125,23,3875.362954
9.520133,27,3876.082294
7.474346,23,3876.677245
7.983336,23,3877.285436
7.548742,23,3877.893327
6.445589,20,3878.409477
6.323726,20,3878.935124
7.775576,23,3889.773385
7.625228,23,3890.394616
6.40693,20,3890.910241
7.100709,21,3891.455592
6.652424,20,3891.989752
6.353214,20,3892.518391
6.991735,22,3893.102217
6.980112,21,3893.639286
2.963703,23,3894.239473
7.787374,23,3894.849637
9.155141,26,3895.548499
6.846953,21,3896.302558
1.467158,20,3897.094781
6.554115,21,3897.668146
9.314016,26,3898.381357
7.541041,22,3898.962767
6.970399,21,3899.519939
6.745628,21,3900.067759
7.984967,23,3900.672378
6.816978,21,3901.220001
7.285139,22,3901.807379
3.110725,24,3902.452385
7.631963,23,3903.117898
8.278899,24,3903.820859
8.364838,25,3904.503901
8.451906,24,3905.155133
6.996951,21,3905.706357
6.531346,20,3906.242136
6.803386,21,3906.805957
6.698646,21,3907.374942
4.996783,17,3907.826517
8.323175,24,3908.460764
7.905884,23,3909.061024
4.14595,25,3909.716917
8.54349,25,3910.368129
2.990847,23,3910.959461
6.266378,20,3911.49592
8.361728,24,3912.119047
7.05183,21,3912.677216
6.914896,21,3913.223817
8.973264,26,3913.917523
7.01349,22,3914.779277
8.339643,24,3915.442726
8.256275,24,3916.121319
8.893513,25,3916.792707
7.832519,23,3917.401414
6.599676,20,3917.938343
8.117138,24,3918.567724
6.07947,19,3919.064339
6.838956,21,3919.616355
7.775319,23,3920.205361
7.786064,22,3920.77428
8.744031,25,3921.426565
1.380261,20,3921.956434
6.539264,20,3922.490709
3.870839,25,3923.140691
8.057364,24,3923.774449
7.259995,22,3924.522851
6.221094,20,3925.071778
7.561426,22,3925.696606
7.428409,22,3926.291625
8.990658,25,3926.95126
6.876111,21,3927.501424
5.80731,19,3928.00198
8.722599,25,3928.829748
6.887714,21,3929.489883
8.254471,24,3930.27399
2.160355,21,3930.877344
6.765802,21,3931.461134
7.930641,23,3932.067828
6.725649,20,3932.776894
7.535456,22,3933.474296
7.156943,21,3934.09347
7.375447,22,3934.734591
6.989416,22,3935.48699
7.058401,21,3936.072469
6.668383,20,3936.622009
7.252436,22,3937.237055
7.096067,21,3937.78107
6.203594,19,3938.269919
7.528842,23,3938.876816
6.87742,21,3939.42104
7.925386,23,3940.01275
8.181919,23,3940.598026
7.603364,23,3941.190178
6.105657,19,3941.672625
8.183137,24,3942.306105
5.685041,19,3942.770266
8.745039,25,3943.435289
8.283094,24,3944.24283
8.12877,23,3945.049121
8.069223,24,3945.715018
5.835547,19,3956.348596
7.666822,23,3956.982858
5.274245,18,3957.471461
6.955011,22,3958.082941
6.671572,21,3958.630066
8.187302,24,3959.506847
6.564302,21,3960.087435
8.306523,24,3960.755877
8.551214,25,3961.450213
8.330831,25,3962.098946
7.489712,23,3962.707856
7.226631,22,3963.283978
6.164988,20,3963.811787
8.358621,24,3964.41421
6.144099,20,3965.018525
7.404785,23,3965.654276
6.88226,21,3966.320971
6.508404,20,3966.933293
7.480753,23,3967.572144
8.962813,27,3968.327986
7.483594,22,3968.902834
7.740697,23,3969.698101
9.368923,27,3970.493114
8.069223,24,3971.15483
10.399795,30,3971.966687
8.44854,25,3972.632884
6.209593,20,3973.133752
6.670626,21,3973.692705
6.135435,20,3974.229782
7.977284,24,3974.857129
6.806691,21,3975.414938
3.125131,24,3976.043292
2.849734,23,3976.653288
5.854592,19,3977.153446
9.00496,26,3977.822369
3.476431,26,3978.491653
6.736654,21,3979.075992
8.038728,24,3979.82335
8.398409,25,3980.520719
7.62274,23,3981.153621
6.413579,20,3981.705757
7.255946,22,3982.287965
2.475016,23,3982.882895
2.92057,24,3983.518011
6.422988,21,3984.074412
8.028738,24,3984.69149
4.126229,27,3985.383225
9.132674,27,3986.080744
10.328081,29,3986.987564
7.687074,23,3987.723346
8.153015,25,3988.395555
7.726478,23,3989.051673
6.928204,22,3989.638363
8.423698,25,3990.269342
6.855497,21,3990.815225
7.638181,23,3991.421228
6.518708,21,3991.954312
8.051674,24,3992.586009
7.612748,23,3993.182431
7.341612,22,3993.750065
0.595937,18,3994.220172
3.533484,24,3994.858835
6.968177,22,3995.435868
6.164079,20,3995.964425
7.97621,24,3996.58286
6.950869,22,3997.172775
6.473833,21,3997.730212
8.632826,26,3998.411582
6.139233,20,3999.019837
6.639152,21,3999.789268
7.924239,24,4000.456654
6.928526,22,4001.069881
8.561805,25,4001.757259
7.854595,24,4002.39152
8.268246,25,4003.045471
7.096177,22,4003.627389
7.414811,23,4004.229781
6.531005,21,4004.790893
6.288388,20,4005.313197
8.335138,25,4005.971786
1.459548,20,4006.484823
8.713295,25,4007.145399
6.376,20,4007.682707
6.794354,21,4008.213032
7.152484,22,4008.781471
6.219281,20,4009.320408
2.556241,23,4009.928502
6.450321,21,4010.464533
8.380696,25,4011.264133
8.955718,26,4011.984219
