#{"t_start": 1773726099.7189946, "env_id": "continuous-highway-v0"}
r,l,t
2.207465,16,5.735943
6.761311,16,6.185378
4.516586,13,6.544811
5.197069,13,6.903551
6.228881,16,7.318255
6.164477,15,7.720212
6.953085,16,8.145603
0.789552,14,8.527427
1.538854,14,8.908315
5.284951,14,9.286044
5.291843,13,9.642259
5.736344,14,10.020105
4.520794,12,10.354078
5.866772,15,10.756676
5.957253,14,11.232334
1.394077,15,11.739054
2.291971,16,12.290641
7.045097,16,12.791455
6.317817,15,13.206884
6.555451,14,13.637484
4.952385,13,14.036587
4.491677,12,14.37567
4.488161,12,14.719129
6.735801,16,15.204687
5.009447,13,15.654941
5.570661,13,16.105669
5.310367,14,16.581763
0.752137,14,16.987139
0.73876,14,17.428476
5.30775,13,17.905893
0.454634,14,18.321022
6.629326,15,18.705091
5.360797,13,19.055893
6.404588,15,19.452104
5.873596,15,19.841797
4.458112,12,20.171751
5.403762,14,20.53459
5.047787,13,20.875114
4.713695,13,21.216694
6.215889,15,21.616266
5.373817,13,21.967536
5.992832,15,22.367965
1.297222,15,22.755075
5.017682,13,23.084484
5.647649,14,23.434714
1.984383,15,23.822304
7.224397,17,24.268223
1.568375,16,24.690971
5.299912,13,25.044053
4.614231,12,25.347927
5.582888,14,25.710886
6.771447,15,26.097553
5.493615,13,26.45261
6.124819,14,26.817129
4.667954,12,27.134558
6.311917,15,27.532702
4.585836,12,27.849077
4.957868,13,28.236686
4.49515,13,28.686944
1.574017,15,29.141152
5.931459,15,29.651978
5.874066,14,30.053061
7.229866,16,30.505426
5.268323,13,30.875417
6.139652,14,31.259856
5.983868,14,31.636555
5.876276,14,32.043556
5.161579,13,32.453139
1.785129,15,32.862442
4.685758,12,33.19857
5.034239,15,33.608447
4.576616,12,33.93842
7.157338,17,34.387804
4.785495,13,34.737872
4.262716,13,35.089404
5.025647,13,35.442356
4.317519,12,35.744947
6.365286,15,36.142493
6.510952,15,36.540952
6.680883,15,36.939726
5.739076,14,37.314469
5.479631,14,37.689679
5.891153,15,38.101178
5.010733,13,38.453703
4.80887,12,38.768504
6.320727,15,39.168233
6.673867,15,39.553234
5.275127,13,39.909236
1.294336,14,40.286265
5.440726,15,40.67329
5.673485,13,41.01432
5.317684,13,41.368221
6.445114,17,41.814155
0.611605,14,42.19151
5.750363,13,42.550311
6.170955,15,42.950295
5.543938,13,43.30355
5.175473,13,43.644346
5.665272,14,44.022178
5.155435,14,44.398699
7.48772,17,44.843719
1.761839,16,45.269129
5.238313,13,45.636116
5.947671,14,46.000336
5.763068,15,46.436826
4.33445,12,46.831299
4.802366,12,47.192095
2.109135,15,47.611712
5.137638,13,47.972562
1.541135,15,48.390241
4.555787,13,48.758162
5.616268,15,49.156583
6.222353,14,49.533611
5.519842,14,49.94612
6.013703,15,50.383093
6.3064,15,50.780669
5.426771,14,51.168595
5.268307,13,51.517946
5.559731,14,51.889751
7.691028,17,52.336221
6.61445,15,52.721497
6.331883,15,53.134887
5.544215,13,53.48673
6.579162,15,53.88708
7.31927,17,54.332065
5.7803,15,54.781845
6.734443,16,55.295623
5.237694,13,55.645336
6.74476,15,56.056779
6.356283,14,56.429843
6.510993,16,56.85919
5.310611,13,57.202086
5.803303,14,57.566337
5.222255,14,57.957651
5.568684,15,58.358959
6.257635,14,58.735822
4.428568,12,59.08908
5.936221,14,59.658078
5.659583,13,60.059076
5.654583,13,60.409037
5.930474,14,60.799536
4.666205,13,61.232583
2.141403,16,61.680083
6.343182,16,62.13197
4.521351,12,62.455389
5.49065,15,71.465773
0.869647,14,71.845769
5.344767,14,72.211163
1.277263,14,72.590744
4.89843,13,72.947578
6.799417,16,73.37191
5.625258,14,73.748065
4.547632,12,74.067432
5.140879,13,74.409041
4.533827,12,74.727515
1.193707,14,75.105053
4.688939,12,75.397542
4.963756,13,75.726728
6.924813,17,76.187736
4.5045,12,76.489612
5.236263,14,76.850194
5.758971,14,77.210464
7.018064,15,77.609272
6.317214,15,77.994715
6.132504,14,78.370406
5.142016,13,78.709257
4.964509,13,79.049072
5.303647,13,79.38773
5.51015,14,79.750354
6.033676,14,80.113102
4.041801,11,80.406798
1.220568,14,80.784493
5.257505,14,81.148057
1.05599,14,81.512864
1.784406,15,81.913627
5.689201,13,82.253061
4.82545,13,82.606418
1.050038,13,83.041606
4.832728,13,83.401545
4.842918,13,83.759337
5.301416,15,84.162997
6.706552,16,84.605429
7.052809,16,85.035847
5.176041,13,85.37775
4.25087,12,85.694808
5.568794,14,86.072597
6.353994,14,86.449349
5.607893,14,86.826736
6.011995,14,87.202154
4.581125,13,87.557494
5.643591,14,87.934849
4.683147,13,88.29126
5.815264,15,88.692378
4.535146,12,89.025623
-0.038067,13,89.381229
6.068669,14,89.760567
6.180357,15,90.161845
5.602299,14,90.539137
5.281919,13,90.894287
3.593608,11,91.175906
5.432465,14,91.554097
1.81848,15,91.94219
5.738714,13,92.284371
6.480406,15,92.698769
1.294447,15,93.099849
6.038002,15,93.502064
5.487788,15,93.903117
5.436194,13,94.25727
5.125134,13,94.611932
6.138706,14,94.98637
7.870222,18,95.455353
4.969585,13,95.806824
4.772338,13,96.164735
5.786226,14,96.543482
5.314785,13,97.053116
5.226772,13,97.714052
5.91419,14,98.164453
5.331572,13,98.506635
1.204706,14,98.890029
6.54307,14,99.286191
6.047921,16,99.746073
7.046628,17,100.177388
4.421291,12,100.506955
2.36318,16,100.91636
5.912503,15,101.315675
5.029636,14,101.680227
5.738958,14,102.057819
5.098609,13,102.412297
5.02738,13,102.73984
4.732354,13,103.068123
6.110376,16,103.506386
6.414582,14,103.870658
0.932684,14,104.234874
0.595592,12,104.553705
0.321224,13,104.896643
6.192814,15,105.310628
6.479383,15,105.710649
6.127208,14,106.075575
5.391479,13,106.431506
0.831018,14,106.797496
5.428346,13,107.141176
0.077034,12,107.47433
6.506994,16,107.91273
0.85451,14,108.277298
4.713052,13,108.632118
5.115193,13,108.987831
5.035648,13,109.34338
5.973216,15,109.743858
5.358554,13,110.085333
7.507943,16,110.51047
6.31886,15,110.89785
5.551027,14,111.263573
5.35906,13,111.686871
1.487142,15,112.200107
4.911763,13,112.567958
6.488153,14,112.958463
5.231317,14,113.335374
5.794995,14,113.712894
1.974019,17,114.25105
6.405384,15,114.670998
7.042969,16,115.116462
5.158409,13,115.475265
5.787347,13,115.838128
4.517122,12,116.167241
6.500885,15,116.567637
5.59843,13,116.921772
5.564524,13,117.274247
6.243097,14,117.636533
4.691411,12,117.939101
5.155221,13,118.256082
5.213919,14,118.626548
0.52921,14,119.003775
6.266717,15,119.530529
3.956245,12,119.870026
4.178877,11,120.263602
7.40104,16,120.826755
4.391926,12,121.240932
5.293751,14,121.718646
2.196819,18,122.223485
5.531602,13,122.598067
7.204375,17,123.081988
0.570496,13,123.443909
6.909374,15,123.852373
4.480275,12,124.157736
4.339713,12,124.462593
5.103982,13,124.803633
5.165552,13,125.251776
0.520415,14,125.690881
5.747874,15,126.090509
1.476587,15,126.505737
5.810801,14,126.893508
0.677367,13,127.257232
4.562536,12,127.590231
5.151193,14,137.18952
6.493519,16,137.645767
4.878925,13,138.006118
6.663701,15,138.408137
5.279173,14,138.786529
6.296832,15,139.175908
4.839898,13,139.537017
6.00734,15,140.229979
6.524988,15,140.643787
6.002461,15,141.041049
5.675573,15,141.451416
6.252962,15,141.859833
1.351888,15,142.246884
5.213314,13,142.574045
4.873584,12,142.891031
1.942322,16,143.312561
6.20467,15,143.724239
6.094756,15,144.124001
4.957765,12,144.426835
7.392243,17,144.871016
5.626128,15,145.270113
5.872154,14,145.648334
6.414507,15,146.049739
5.140656,13,146.404792
4.650668,12,146.738088
6.578567,16,147.270656
0.006652,13,147.691349
4.916203,13,148.049156
5.886053,15,148.472229
7.407892,16,148.918555
6.030064,15,149.339195
5.515098,13,149.695699
6.487803,16,150.12075
4.691558,14,150.485031
6.997736,16,150.907929
4.292808,12,151.239063
6.136113,14,151.603471
5.160178,13,151.958658
6.886199,16,152.382629
4.812321,13,152.73903
5.931293,15,153.128772
5.583987,13,153.483687
4.532524,12,153.801246
5.403618,14,154.166085
5.766093,14,154.53018
5.649066,14,154.90767
5.306781,13,155.249605
6.593348,15,155.650756
4.92117,13,155.993248
5.696777,14,156.359217
5.357568,13,156.686654
6.012959,14,157.037557
6.779902,16,157.450778
6.480357,15,157.836153
4.961637,13,158.17641
6.231443,15,158.577201
5.924128,14,158.941041
5.339134,13,159.256143
6.366308,15,159.655841
6.757909,17,160.13484
6.429336,15,160.643181
7.584548,17,161.102299
6.747066,15,161.499078
5.732594,14,161.883023
6.12171,15,162.277147
4.731426,12,162.647808
6.033426,15,163.101791
5.697314,15,163.528708
6.566439,16,163.969161
1.076434,14,164.35527
6.316647,16,164.794314
5.615608,14,165.169996
4.731225,12,165.486867
4.669847,13,165.828149
4.639181,12,166.158865
0.876258,14,166.537175
6.176848,16,166.961837
5.88102,15,167.362621
5.095513,13,167.716461
5.155064,13,168.070386
3.881495,12,168.375682
5.813017,15,168.791029
2.288248,16,169.214628
4.940753,13,169.555519
6.895229,16,169.968096
5.782968,14,170.346463
5.300489,14,170.709751
5.263737,14,171.086993
6.650618,16,171.511504
4.582347,12,171.829385
5.729453,14,172.205656
5.053065,14,172.676729
5.834302,14,173.100399
1.219615,14,173.497748
5.725654,14,173.883698
6.008884,14,174.282486
4.971384,12,174.628666
5.572521,14,175.007643
0.966065,14,175.38592
4.693248,13,175.740042
0.620951,14,176.118781
1.007202,13,176.473664
6.814128,16,176.884685
5.856017,14,177.25036
1.598158,15,177.912346
5.949114,14,178.304427
0.868932,13,178.677503
4.529328,12,179.00139
5.146143,13,179.364278
5.697728,15,179.761592
6.276649,15,180.270755
5.299301,14,180.687059
5.872676,14,181.072223
4.946745,12,181.41181
5.987533,15,181.819394
0.366473,13,182.274729
4.617654,13,182.842686
6.718292,14,183.428489
4.16283,12,183.768628
5.586815,15,184.181051
5.826079,14,184.567498
4.68371,13,184.931343
5.959265,15,185.318858
5.591403,14,185.683204
6.211338,16,186.107725
5.726489,15,186.509367
4.808708,13,186.864092
6.943165,18,187.333982
1.032686,14,187.698237
6.194113,15,188.097843
5.410657,14,188.450136
6.179126,14,188.816474
6.622608,14,189.196201
5.70327,15,189.597701
1.808395,15,190.090454
4.467868,12,190.506198
6.108781,14,190.908987
4.338565,12,191.24289
4.642198,12,191.581837
5.337937,13,191.957559
-0.327422,12,192.298452
6.060611,15,192.698204
4.811492,13,193.038704
5.252901,13,193.38153
5.311059,13,193.725623
4.322717,12,202.796099
5.874851,15,203.198638
5.904687,16,203.612053
6.170588,16,204.037209
6.09675,16,204.474728
6.620476,15,204.86149
7.453464,17,205.308976
6.325636,15,205.711817
7.532265,17,206.159993
5.242036,13,206.502944
5.494311,14,206.880038
0.376645,14,207.254801
6.456372,15,207.654838
5.121142,13,207.993468
1.181916,14,208.370164
4.68167,13,208.724364
5.907642,14,209.100778
6.134005,14,209.476925
5.913679,15,209.864628
1.295777,15,210.281715
5.991373,14,210.658657
5.689074,14,211.097935
6.222894,16,211.63252
5.879105,15,212.039575
7.259248,17,212.575177
4.967032,12,212.99491
6.283425,15,213.445617
6.434457,16,213.89322
5.260836,13,214.27124
5.461321,14,214.74698
5.227183,13,215.124646
7.344695,17,215.62839
2.168255,17,216.108212
0.091475,13,216.466573
5.851573,14,216.844067
4.954093,13,217.184617
5.157787,13,217.51156
5.703316,14,217.88756
5.970102,15,218.274007
5.820936,14,218.640188
2.320481,17,219.088371
6.974401,16,219.512391
5.238388,14,219.889619
4.960164,13,220.24396
7.395789,18,220.699804
5.566191,14,221.077686
4.39718,13,221.434053
6.307954,15,221.822941
5.744366,13,222.165261
6.391131,15,222.566514
4.180085,12,222.871534
6.452006,15,223.246278
6.307645,16,223.671077
4.860284,13,224.001127
5.670874,14,224.352703
0.899973,15,224.740544
5.907318,15,225.223162
6.583524,16,225.663134
5.209035,14,226.051126
5.654107,14,226.424441
5.937259,16,226.845149
5.641843,14,227.207466
6.253865,15,227.592529
6.299768,16,228.100623
4.63069,13,228.634057
6.225009,15,229.049351
3.338558,11,229.352475
4.876349,14,229.739142
5.976611,15,230.150425
5.796994,15,230.541098
0.729516,14,230.905395
4.440971,12,231.208849
5.547372,14,231.684977
5.828462,15,232.175296
4.877937,13,232.537515
6.702371,16,232.997829
6.223355,14,233.39588
5.514823,14,233.79488
0.294232,13,234.151956
4.367643,13,234.492821
4.015238,11,234.788023
5.544268,15,235.188919
6.271653,15,235.576616
6.614467,16,236.002285
7.160088,16,236.428753
5.275296,14,236.807754
4.851879,13,237.161975
6.844076,17,237.609653
5.679623,14,237.961759
5.828867,13,238.318411
5.24293,14,238.69736
5.553015,15,239.086195
0.992689,15,239.478337
5.507857,14,239.843331
5.369048,14,240.264813
0.680693,14,240.700473
2.150428,16,241.148856
4.815546,13,241.530091
3.080367,17,242.110629
6.052248,15,242.526299
6.622386,15,242.94269
5.940046,15,243.355824
5.29012,14,243.738669
6.851682,15,244.140332
1.07379,15,244.544014
5.020787,13,244.898223
1.159916,14,245.277205
5.257254,13,245.633265
5.333245,14,246.022061
6.050189,15,246.453684
5.891356,15,247.092026
5.1455,13,247.65727
1.473272,15,248.171799
7.904415,18,248.778235
5.72957,14,249.187449
4.786209,13,249.543408
5.632951,14,249.941679
5.921534,14,250.341161
5.472663,14,250.721307
5.302897,13,251.061408
6.375605,15,251.461989
4.422278,13,251.816684
1.79612,15,252.255698
7.013824,16,252.725302
6.179676,14,253.114798
1.502723,15,253.528219
5.836883,15,253.939575
4.756089,13,254.289912
3.066786,19,254.797868
6.409778,14,255.165551
5.471019,14,255.528942
0.47896,14,255.894808
5.272069,14,256.273471
5.369753,13,256.628652
5.229923,14,256.993891
6.307738,15,257.38195
5.829866,15,257.783764
6.664363,16,258.196284
5.17027,15,258.583679
6.116438,15,258.984667
6.301298,15,259.387753
4.85706,13,268.896635
6.006595,15,269.316072
5.090333,14,269.695243
1.814362,16,270.12085
1.387483,15,270.573988
4.10386,12,270.938347
1.089303,14,271.322278
5.589123,14,271.711901
5.70157,15,272.124097
4.866648,13,272.474293
3.052528,18,272.947464
5.103266,14,273.327378
6.11571,15,273.729243
6.977598,17,274.175178
5.886557,14,274.553752
5.43897,13,274.907083
6.307122,15,275.308496
5.610657,14,275.686324
5.916053,15,276.086826
7.329486,17,276.547255
6.465041,14,276.923986
6.101624,15,277.311368
6.510269,17,277.758232
1.108207,14,278.136767
5.593778,14,278.587233
5.38833,14,278.994355
5.280805,13,279.353413
2.226695,17,279.836496
5.085725,14,280.219803
7.192608,16,280.657782
3.828486,11,280.953665
2.687166,18,281.436749
1.5831,16,281.860997
0.881264,15,282.248691
5.423322,14,282.625249
5.77813,14,283.003084
2.01193,16,283.428869
7.366236,19,283.922174
7.182541,19,284.41467
5.135573,13,284.755221
5.504548,14,285.133592
6.075239,15,285.534322
5.445332,14,285.884349
4.957859,13,286.23928
5.626821,13,286.582013
6.053124,14,286.96039
6.456396,15,287.361888
5.101758,14,287.739439
1.489032,15,288.168465
5.364936,14,288.640183
6.178955,16,289.064972
2.208833,17,289.528996
5.492236,14,289.917093
4.427649,13,290.269321
6.228969,15,290.657767
4.446542,13,291.013082
5.263126,14,291.392106
6.175548,15,291.780699
5.669595,14,292.159727
4.678096,13,292.502335
5.880652,15,292.88894
5.64071,14,293.254599
0.676224,14,293.645205
4.803931,13,293.984523
5.503721,13,294.331932
5.579546,15,294.724269
6.342614,16,295.198036
5.650436,15,295.719097
5.176158,13,296.068715
5.487713,15,296.484813
6.268468,16,296.922016
5.545778,14,297.294787
6.110118,15,297.696175
5.824362,14,298.046931
4.21871,12,298.430186
5.061234,14,298.926448
6.6718,15,299.344485
7.234841,18,299.843776
4.549763,13,300.189394
6.573013,17,300.671382
6.446663,16,301.094929
5.481891,14,301.459682
1.581161,16,301.872923
4.998975,14,302.251004
4.925204,13,302.605783
6.265559,15,303.008244
6.938227,15,303.412032
2.518854,18,303.905486
5.792438,15,304.30598
4.327352,12,304.626671
5.948642,15,305.023115
5.283776,14,305.485198
6.471726,16,306.006685
5.344016,14,306.385882
2.044623,17,306.862646
2.334707,18,307.345085
7.846266,19,307.849447
6.372127,15,308.2513
7.133109,17,308.714394
6.086379,15,309.117183
6.517478,15,309.520091
4.776455,13,309.849522
6.657942,17,310.299867
6.034563,15,310.771794
7.7595,18,311.381236
2.389457,17,311.828635
6.837337,16,312.267034
5.818052,14,312.658223
5.544311,14,313.025138
6.918023,17,313.57184
6.220331,15,314.064413
6.242117,15,314.488124
7.050186,16,314.937494
6.260197,16,315.381879
6.546596,15,315.803164
5.644328,14,316.258218
5.984114,16,316.704572
5.038944,13,317.063687
6.456197,15,317.486041
6.32985,16,318.038942
0.723485,14,318.439177
5.387086,14,318.836569
5.983054,16,319.284877
6.347655,15,319.695368
4.798165,13,320.046373
6.520434,16,320.471535
1.506326,16,320.885142
1.909104,17,321.319589
5.693404,14,321.686582
5.457159,14,322.037768
4.488736,12,322.357292
5.372729,13,322.714654
5.421114,14,323.07958
1.639583,16,323.491125
6.856208,17,323.926736
5.247254,14,324.306254
5.455721,14,324.685029
6.946901,17,325.148612
6.062798,15,334.459359
5.420955,15,334.864052
4.931249,14,335.233529
6.065866,15,335.636608
2.756218,18,336.10891
0.280994,13,336.467017
6.090325,15,336.900706
5.587314,14,337.379115
5.74273,14,337.77348
1.1779,15,338.173253
1.764659,16,338.614387
6.109131,15,339.014535
5.484905,15,339.419445
6.20193,15,339.906106
4.334961,12,340.289122
5.88436,15,340.699693
5.488775,16,341.134898
5.963498,15,341.530035
5.844458,15,341.93031
4.333419,12,342.259484
4.948213,14,342.62428
6.861772,17,343.071742
5.65435,14,343.44904
6.285342,16,343.871399
5.670429,14,344.248708
5.891711,15,344.650223
7.295228,17,345.098622
5.086555,13,345.440037
6.718259,16,345.863439
3.899814,12,346.181926
4.024782,13,346.536625
6.103698,15,346.924546
5.450069,14,347.293172
5.729185,15,347.715889
7.661391,17,348.193731
6.282723,15,348.736197
6.189977,15,349.175329
5.382899,14,349.565528
5.728546,16,350.009993
7.779232,19,350.541405
5.247369,15,350.943173
5.585383,13,351.284757
5.774912,15,351.687729
5.212128,14,352.052966
4.618195,12,352.371215
4.993084,13,352.713415
4.911698,13,353.070149
5.204218,14,353.449141
5.954388,14,353.81603
5.942073,14,354.19825
5.479099,14,354.579669
4.969561,13,354.935273
5.550275,14,355.302249
6.62226,15,355.705533
7.600297,17,356.141741
1.559197,16,356.566797
1.172896,16,356.992669
4.877029,13,357.335516
1.436703,15,357.72644
5.694252,15,358.130867
5.062203,14,358.510984
7.533515,18,358.997036
3.703647,12,359.316231
5.827562,16,359.755378
5.642167,15,360.158266
0.711273,15,360.560806
6.681341,17,361.006951
7.304326,17,361.452826
6.629492,16,361.862949
4.813371,13,362.204393
0.667498,14,362.582692
6.167898,15,362.985276
1.585979,15,363.386238
5.129025,14,363.751676
6.340657,17,364.213268
6.084606,16,364.624308
5.796809,14,364.991776
7.261982,17,365.429423
5.398262,14,365.926065
6.242693,15,366.442332
6.216316,15,366.865073
5.594205,14,367.251866
0.605073,14,367.638605
5.925683,15,368.061786
5.673896,14,368.448947
5.088629,13,368.778281
4.073174,13,369.121117
7.357804,18,369.606247
6.252252,15,369.993861
5.985394,15,370.382302
5.936216,15,370.783271
4.101167,12,371.08944
6.886896,18,371.56199
6.777568,16,371.989253
4.994503,14,372.368321
4.762655,13,372.728375
1.221432,15,373.25134
6.122887,16,373.687047
5.385745,14,374.087794
6.292403,16,374.524593
5.967257,17,375.148137
6.426972,17,375.745409
2.019834,16,376.281265
5.203564,14,376.665702
6.315534,15,377.093236
5.959913,15,377.507702
6.264391,15,377.920363
4.21733,12,378.270163
5.36203,14,378.744949
1.936864,17,379.217011
4.841464,13,379.579907
5.46595,15,380.002005
5.432475,14,380.470336
1.6479,17,381.018528
4.825979,13,381.391951
1.186457,16,381.828998
4.961136,14,382.226098
4.822223,13,382.597676
5.363987,14,382.97594
5.819079,16,383.401302
5.129764,13,383.741646
6.423832,16,384.166477
5.502668,14,384.546203
5.443045,15,384.931897
6.00678,15,385.305909
4.155308,12,385.623652
5.33429,14,386.001831
5.090861,14,386.433696
7.648764,17,387.122819
0.893083,14,387.5103
7.139655,16,387.962
4.155065,12,388.288821
5.137852,15,388.684028
6.656765,17,389.119456
4.946845,13,389.47827
6.209802,16,389.891019
4.706753,13,390.233111
6.817525,16,390.672083
1.363775,14,391.052348
4.949606,14,400.455661
6.174659,17,400.9175
5.706526,14,401.283652
6.112302,15,401.687508
5.769784,15,402.092417
5.103062,14,402.460459
1.854371,18,402.934093
5.623466,15,403.323019
7.599537,19,403.82063
5.58222,14,404.200849
6.711725,16,404.627881
5.221324,14,404.995285
6.591664,16,405.409716
4.12524,13,405.752899
5.941807,16,406.166998
7.473884,19,406.665361
6.023639,15,407.068771
6.353833,15,407.44436
6.068612,15,407.834067
5.79579,16,408.273011
5.509375,14,408.652838
3.313555,20,409.173422
5.306141,14,409.633672
3.986157,12,410.0543
5.038156,13,410.411501
6.545852,17,410.88159
7.646513,17,411.352006
2.21651,18,411.845039
6.854378,17,412.308285
6.900268,17,412.775034
7.129331,18,413.410255
2.94252,20,414.097973
5.141126,15,414.51979
4.728631,13,414.888021
7.111378,19,415.426641
5.814295,15,415.866768
1.027617,14,416.314085
6.152813,16,416.770906
6.802828,17,417.245307
5.17699,14,417.647787
6.230472,17,418.203609
5.425257,14,418.649681
5.768946,15,419.065205
6.466773,17,419.53249
1.390743,15,419.947381
4.376158,12,420.270999
8.310098,20,420.787637
4.997993,13,421.130257
5.567416,16,421.556096
6.013061,14,421.911138
7.388735,18,422.372539
5.410947,15,422.774459
5.91024,16,423.200761
4.103354,12,423.505996
6.864562,17,423.943282
6.261577,16,424.370606
5.27796,14,424.789342
5.6844,15,425.469511
6.314362,16,425.907476
5.381794,15,426.319211
6.952465,18,426.803364
2.178103,17,427.270144
5.258803,14,427.620522
4.574064,13,427.964152
4.980406,13,428.305767
6.740215,17,428.759032
6.805372,17,429.312775
6.371492,16,429.828033
1.447514,15,430.230095
6.968647,18,430.73242
4.062158,12,431.046042
5.557532,15,431.453135
4.561324,13,431.794639
6.164442,17,432.268378
2.383825,18,433.001071
4.162846,13,433.353363
6.050383,17,433.800061
6.653926,16,434.245931
1.958985,16,434.679351
6.469178,16,435.094071
5.892266,14,435.46047
6.976613,17,435.909024
5.986313,15,436.283617
5.795737,16,436.695135
4.849089,13,437.036242
6.160794,17,437.485884
6.586759,17,437.949371
6.042334,17,438.399318
5.446769,15,438.801676
7.361385,18,439.274072
6.392128,17,439.724903
6.788963,17,440.17375
6.59271,15,440.576064
5.01218,13,440.932342
4.734196,13,441.354268
6.381308,17,441.90523
4.453349,13,442.272963
5.762128,16,442.700478
6.288944,15,443.099217
4.982135,14,443.487716
5.357919,14,443.868263
5.720588,17,444.304537
7.021223,17,444.75398
5.772185,15,445.15676
5.367335,13,445.510807
5.820013,16,446.126449
6.005438,15,446.563486
5.176086,13,447.027134
1.071121,14,447.437423
5.308106,14,447.832918
4.923821,14,448.236551
6.88045,17,448.709747
5.652908,15,449.120665
5.648413,15,449.523898
7.038662,16,449.937323
5.209669,14,450.288987
5.556366,15,450.688358
2.061495,17,451.137573
5.742201,15,451.538095
7.081447,17,451.985703
6.808888,18,452.465904
3.143414,20,452.994565
6.971823,16,453.419103
6.194002,16,453.855416
6.869033,18,454.33655
7.172335,17,454.914209
4.469651,14,455.357827
7.304408,18,455.863836
1.258041,16,456.318539
0.934749,15,456.745463
6.177591,15,457.147399
5.884196,15,466.371348
6.459697,16,466.786542
5.87558,16,467.199918
6.399937,16,467.600036
7.144478,17,468.064976
5.874751,16,468.56738
6.063954,16,469.015365
5.18751,15,469.442051
3.976076,12,469.778013
5.335848,14,470.150572
5.739003,15,470.557091
1.168285,16,470.970018
5.685823,15,471.359682
6.7501,18,471.83303
6.93851,18,472.292733
6.083318,16,472.731148
0.684254,14,473.109429
1.269266,15,473.485559
5.985409,16,473.898426
6.623201,17,474.335707
5.306256,14,474.673443
6.097432,16,475.099282
6.680637,18,475.572114
6.724873,17,476.007801
5.478309,14,476.386788
6.188434,16,476.813918
3.921374,13,477.170194
4.943682,14,477.549844
5.688051,15,477.951969
7.118709,17,478.402686
5.253004,14,478.783739
6.19892,16,479.211427
5.44071,15,479.616066
7.38861,18,480.089955
6.158774,16,480.501885
5.214177,15,480.90623
5.861791,16,481.330474
6.329743,16,481.754365
5.940969,16,482.177937
6.162934,16,482.601335
2.847688,18,483.071263
6.626965,16,483.482332
5.450955,15,483.87033
1.341877,16,484.295738
5.823999,15,484.696664
5.885582,16,485.121408
5.693156,15,485.524767
5.246009,15,485.923118
7.458588,19,486.512958
3.587788,22,487.104204
5.360732,15,487.521636
4.921976,14,487.92275
5.10216,14,488.292603
5.746969,17,488.742255
5.234464,15,489.134125
1.339099,16,489.548669
5.819138,16,489.978063
6.557491,17,490.415208
4.615835,13,490.74691
6.100917,16,491.177244
6.82023,18,491.664133
6.095123,16,492.075856
1.978345,19,492.557856
5.098101,15,492.949375
6.715896,18,493.436301
6.285872,16,493.863007
5.403062,15,494.254041
6.444296,16,494.680489
5.496379,15,495.082095
5.817125,16,495.494062
8.230005,21,496.050401
7.050791,17,496.500397
5.95626,16,496.926445
6.604903,16,497.356206
6.053822,16,497.861539
7.073309,17,498.37995
4.863292,14,498.752287
6.714276,18,499.250606
4.122268,13,499.623146
5.159324,14,500.202581
1.191641,15,500.701636
6.193814,16,501.150662
3.513747,21,501.740353
6.538067,17,502.274808
4.705486,15,502.78844
4.932706,15,503.281513
5.556678,14,503.777712
5.971148,15,504.184396
1.229634,15,504.588187
6.257913,16,505.031058
6.243151,17,505.462108
0.289265,15,505.851635
6.968956,18,506.323821
6.060944,15,506.726028
5.318079,15,507.13058
5.814722,15,507.505344
6.015866,17,507.952605
5.204426,15,508.395617
5.875984,15,508.928078
5.22348,15,509.396595
5.418015,15,509.902768
5.936257,15,510.317258
6.593807,16,510.750885
7.312747,18,511.256404
6.266151,15,511.642895
6.098571,17,512.08016
7.377905,18,512.565268
6.231256,17,513.016032
7.54492,18,513.717346
5.044669,15,514.146608
6.320692,17,514.608469
6.302597,17,515.085565
8.594803,20,515.62105
5.602324,14,515.989275
5.762961,14,516.358121
6.166698,17,516.904911
5.493321,16,517.373603
6.980654,17,517.849293
5.414477,15,518.274434
5.228983,15,518.694022
2.626337,18,519.168948
6.212026,16,519.59603
5.588639,15,519.999672
4.975015,14,520.366817
3.609813,11,520.663155
5.709053,15,521.05447
5.893074,17,521.505224
5.77366,16,521.91991
4.246779,13,522.275925
6.048546,16,531.878464
5.23318,14,532.243772
5.488657,16,532.655272
6.473239,17,533.089989
6.40171,17,533.538367
6.795941,18,534.02155
6.361904,17,534.469247
6.825832,16,534.892773
5.237813,15,535.281745
1.9441,18,535.896633
4.502962,13,536.281997
6.398264,16,536.738577
7.140227,19,537.255284
2.778143,18,537.725047
5.58302,15,538.128825
6.600444,17,538.578664
7.103563,17,539.028198
4.914989,14,539.406359
5.725719,15,539.808762
5.883376,16,540.234094
4.413457,13,540.57616
5.860433,14,541.022036
7.008056,18,541.514419
4.371279,13,541.888374
5.39589,14,542.28654
6.228988,16,542.71907
5.958517,17,543.178434
4.8753,13,543.533688
7.139536,17,543.982136
7.224049,19,544.480824
6.397228,17,544.930016
5.701347,15,545.335579
5.498101,15,545.753684
4.810993,12,546.059228
5.585994,15,546.476439
5.691798,15,546.948721
7.127173,17,547.399716
7.518274,18,547.888729
5.577431,14,548.248035
4.133977,13,548.612776
5.523288,14,548.99265
6.083726,15,549.396283
6.81125,19,549.89237
6.381689,17,550.32859
5.816039,15,550.781126
5.980203,15,551.302032
6.503554,17,551.972777
6.13591,16,552.548783
6.180534,17,553.025969
6.317712,16,553.481459
4.998411,14,553.875582
1.359861,16,554.53055
5.82348,15,554.928376
5.481608,15,555.325894
5.191924,14,555.703655
5.798368,15,556.116646
0.540276,15,556.519548
4.720131,13,556.861694
5.633736,15,557.262413
6.40216,17,557.708771
6.389488,15,558.110733
6.218482,15,558.514233
5.504418,14,558.866128
6.198952,17,559.313752
7.143637,18,559.79992
5.414173,13,560.142956
5.909313,15,560.577253
6.726735,18,561.129805
6.798687,18,561.743703
5.727862,15,562.248439
2.346912,18,562.754417
5.942037,16,563.194009
5.232752,14,563.577631
5.317471,15,563.989368
1.880172,17,564.423801
6.622697,16,564.84854
5.030275,14,565.227252
5.916529,15,565.617207
7.075348,17,566.066407
4.768489,15,566.455428
6.114417,16,566.881027
6.173303,15,567.283716
6.513698,18,567.754231
6.025124,16,568.181245
1.242725,16,568.608958
5.581132,15,569.015883
6.412816,18,569.48965
2.525218,19,569.97311
6.774301,16,570.386937
4.810714,14,570.768494
2.585993,18,571.242988
7.175657,16,571.802154
5.346605,15,572.244272
7.743638,20,572.778795
5.431876,15,573.195215
6.53727,16,573.632487
6.242113,16,574.037559
2.030198,16,574.643449
5.492248,15,575.153933
1.201587,15,575.563754
6.816921,17,576.039377
4.917199,14,576.424774
6.387544,16,576.841709
4.894218,15,577.251865
5.079568,14,577.630613
5.581674,15,578.03179
4.657269,13,578.373219
0.809078,15,578.774522
7.07435,17,579.223339
4.739134,13,579.552379
6.656685,16,579.977727
5.809463,16,580.388208
4.785381,14,580.756098
5.777226,14,581.134089
0.25506,14,581.512473
5.684581,15,581.9015
6.532102,16,582.326559
3.113668,21,582.882646
4.706202,14,583.234798
5.719453,15,583.638899
6.357942,16,584.051921
6.550746,17,584.51615
1.8174,16,584.941787
4.431572,14,585.306647
5.789723,15,585.695439
6.213886,16,586.108686
6.847584,17,586.570692
5.919116,16,586.982422
6.541915,17,587.432381
6.207482,16,587.845451
5.178844,14,597.327307
6.295029,16,597.773549
8.097764,19,598.286306
6.472496,16,598.712307
6.814651,19,599.207217
6.670323,18,599.681149
6.44657,17,600.130298
6.17421,16,600.557003
1.869649,18,601.043867
7.657607,19,601.540163
5.355648,15,601.944524
6.261905,18,602.418664
5.480401,15,602.80847
6.402143,17,603.245227
5.165717,15,603.649794
5.023812,14,604.017835
5.758405,16,604.432428
6.903374,17,604.881462
7.231763,18,605.356237
7.754965,19,605.961211
3.479133,12,606.360543
5.896731,15,606.761968
4.836647,14,607.127307
6.77183,18,607.610111
5.747425,15,608.009912
5.97752,17,608.454828
5.617525,15,608.841393
4.827643,14,609.206611
5.651982,15,609.608455
5.053854,15,610.088423
5.131089,15,610.487784
6.206502,17,610.935982
2.348793,17,611.385013
5.653962,15,611.785279
8.435529,23,612.372905
6.703898,17,612.897238
2.630691,19,613.445366
7.135536,17,613.901267
8.184802,21,614.487856
7.062337,18,614.966742
4.927971,14,615.332313
6.058657,16,615.743173
5.328637,16,616.249715
5.905568,15,616.679581
0.77342,15,617.0912
6.536834,15,617.506348
6.718591,16,617.945206
6.087811,16,618.373134
6.490081,17,618.823398
0.948252,15,619.22853
6.655857,18,619.699056
7.035891,18,620.187546
5.858859,16,620.613134
5.26205,14,620.964754
6.275642,17,621.41345
4.995,14,621.765814
5.471495,16,622.193351
1.485593,16,622.62088
7.159683,18,623.095601
5.615181,15,623.497804
6.154287,16,623.9493
7.068727,18,624.736907
2.916107,19,625.264584
5.205485,16,625.716104
6.632205,16,626.165568
5.419312,15,626.56599
4.776184,14,626.918784
6.088904,16,627.333821
6.321966,17,627.768795
6.574474,17,628.219838
6.099655,17,628.75759
2.794282,20,629.278846
6.436367,17,629.727699
5.015233,14,630.132556
5.427205,15,630.770674
5.136875,15,631.268512
5.047401,15,631.728426
5.981349,16,632.266101
4.338554,13,632.635587
8.241744,21,633.1853
5.641981,16,633.618392
4.839459,14,633.978621
6.528331,18,634.452578
3.191383,21,635.056471
5.12367,14,635.552825
4.588094,13,635.983537
5.176543,15,636.499172
6.310395,16,636.961971
6.730444,18,637.457833
5.926883,15,637.883605
5.133655,15,638.388577
6.756392,17,638.946343
6.340955,17,639.412506
5.926105,15,639.830552
4.835866,14,640.203285
5.648065,16,640.632723
1.606473,17,641.08018
5.271296,15,641.481467
6.924405,19,641.977321
5.550008,14,642.341334
4.573579,14,642.718141
5.695407,15,643.117331
5.846381,15,643.517838
7.269841,18,643.988373
1.863426,17,644.436525
2.01715,16,644.861224
6.619312,18,645.332199
8.013429,20,645.864652
4.933136,14,646.268389
6.588127,17,646.777308
6.295589,17,647.240491
4.99099,14,647.630383
6.577171,18,648.114459
7.937223,22,648.695487
5.721566,15,649.100101
5.150433,15,649.502278
7.955325,19,649.997544
6.771369,18,650.470553
7.319991,18,650.930742
4.889249,14,651.312042
5.413081,16,651.740982
4.964971,14,652.12266
6.101106,16,652.537499
5.878415,17,652.976545
5.64289,17,653.425936
7.258443,19,663.274649
6.09046,17,663.739106
5.395828,16,664.168824
5.519336,14,664.550425
6.951912,19,665.048251
6.631931,18,665.523254
5.720655,15,665.928054
6.062958,17,666.405049
6.484167,17,666.973852
5.546991,14,667.377641
5.811662,15,667.792304
5.207575,14,668.214533
4.713924,14,668.709677
5.472961,15,669.141463
6.344496,17,669.590743
5.285083,15,670.015713
8.246253,21,670.598675
5.807083,15,670.986987
6.248866,16,671.410034
6.998806,18,671.907327
7.614675,20,672.56625
6.422053,18,673.074409
6.164661,16,673.511626
5.385967,15,673.938542
4.563811,14,674.415428
6.795506,17,674.979683
5.73582,16,675.467571
6.266266,17,676.017621
7.309503,19,676.537564
5.385524,15,676.954886
6.32606,18,677.549016
4.54188,13,677.915276
6.383435,17,678.37615
4.125459,13,678.739653
5.384654,15,679.162524
5.783059,16,679.592287
6.713801,17,680.027428
5.69146,17,680.47736
8.039401,20,681.01016
5.690639,16,681.423441
6.827946,17,681.874645
7.822091,19,682.370626
5.64511,15,682.772573
2.229105,18,683.246206
6.720785,18,683.71836
6.229556,16,684.14758
5.381354,15,684.55075
6.489409,17,685.001231
7.677753,19,685.512589
6.288308,17,685.962404
5.777804,16,686.387096
6.776918,18,686.848278
4.870482,14,687.227314
6.182306,17,687.67801
0.685262,14,688.058303
5.561819,16,688.485134
5.180256,14,688.851749
6.131506,15,689.255634
5.958544,15,689.660573
4.721123,14,690.01418
6.913533,17,690.451265
6.136175,16,690.877634
4.994965,16,691.291976
7.326203,19,691.788688
7.458707,19,692.284146
6.37877,18,692.744982
6.401758,18,693.21689
5.231829,14,693.582399
5.835055,16,693.995715
6.0688,16,694.423072
5.680002,15,694.813797
6.300303,16,695.226671
5.143317,15,695.612135
5.979703,16,696.023805
7.00822,18,696.479934
5.550072,15,696.870373
6.965817,17,697.319108
5.385398,14,697.683787
6.549617,18,698.155109
7.264821,19,698.664537
5.125143,14,699.018031
6.311231,16,699.444861
6.692107,17,699.893049
5.995827,16,700.318081
5.17625,14,700.671571
5.480966,15,701.171562
5.666848,15,701.72356
6.941367,20,702.355219
8.675285,22,703.000946
2.362251,18,703.541485
6.164669,17,704.003514
5.237945,15,704.411525
6.043329,16,704.839188
6.170793,16,705.265882
5.675361,16,705.691389
5.131884,15,706.09497
5.879405,17,706.547158
5.011821,14,706.915141
1.231479,16,707.341498
5.775238,16,707.75593
6.473248,17,708.194782
4.979284,14,708.575069
6.25347,16,709.000649
7.176996,17,709.453407
6.242014,17,709.905154
5.745072,17,710.342256
7.412024,19,710.840945
6.660338,17,711.292768
1.898738,19,711.776191
4.583887,13,712.120821
6.206953,17,712.570917
8.702785,21,713.155438
3.94367,13,713.536037
5.78937,15,714.04077
1.419836,16,714.537841
3.998712,13,714.925022
2.022314,17,715.41354
5.101987,14,715.827011
9.233362,23,716.531574
7.136266,19,717.08584
5.173213,15,717.494435
7.202098,20,718.044026
6.203611,17,718.503031
5.020092,14,718.876269
5.24059,14,719.23889
7.323381,20,728.953411
7.53469,21,729.523749
6.373796,17,730.010043
6.562461,18,730.47645
6.544675,17,730.939018
6.728745,18,731.417383
8.407621,22,732.022462
8.894637,22,732.610031
6.743858,18,733.109747
5.818725,16,733.5316
5.099698,15,733.939547
6.413549,17,734.4165
2.657144,20,734.953782
6.83615,18,735.424387
7.367322,19,735.936228
7.723248,22,736.529626
1.72142,18,737.015393
5.97511,17,737.463838
6.231809,17,737.908949
6.177871,17,738.364338
6.361721,18,738.847485
4.334286,13,739.206896
1.244579,16,739.618746
6.064329,17,740.081647
4.999131,15,740.470751
5.943191,16,740.890448
7.228634,19,741.477728
5.342151,16,742.021279
6.629522,17,742.488827
5.124137,15,742.900628
6.173485,17,743.389403
5.692924,16,743.824363
7.653706,19,744.332245
5.922503,15,744.742938
5.79615,15,745.156794
7.325206,19,745.672449
5.665519,15,746.072572
6.358025,17,746.530772
5.287712,15,746.911582
5.455179,16,747.36122
1.67633,18,747.852462
6.575032,17,748.318404
2.126097,19,748.83969
7.941027,19,749.496832
5.822935,16,749.960629
5.502762,15,750.400318
1.217853,15,750.82272
5.878596,17,751.304969
9.018213,22,751.874148
5.499279,16,752.315187
5.407632,15,752.725366
5.771913,17,753.180343
6.841004,18,753.645138
6.232882,16,754.090697
4.412502,13,754.446835
5.008691,15,754.94735
1.84715,18,755.499228
4.988267,15,755.915939
4.922116,15,756.346742
6.84812,18,756.845013
4.932671,15,757.267163
6.558543,17,757.854352
8.080715,21,758.585689
7.452856,18,759.156507
5.658308,15,759.565337
6.586179,17,760.050972
6.406422,16,760.513518
7.178486,19,761.02643
7.424632,19,761.523048
4.618746,14,761.934141
7.246992,19,762.77114
2.220446,21,763.343868
6.510581,17,763.793532
2.057342,18,764.43978
7.051486,18,764.92706
5.289384,15,765.342597
6.518224,18,765.814858
6.161676,16,766.246409
6.457434,18,766.719264
7.146712,18,767.208725
5.052589,14,767.57566
4.968771,15,767.966254
6.879723,18,768.444388
5.746551,15,768.835542
2.350584,18,769.406384
5.366853,16,769.919539
5.667257,15,770.659747
6.71242,19,771.241589
6.887161,17,771.761631
5.004971,15,772.190551
5.630803,15,772.569295
7.096903,20,773.087369
7.002661,19,773.743455
5.291851,15,774.191361
7.079429,19,774.741445
4.754307,14,775.141118
7.546756,19,775.736537
2.167299,17,776.349119
7.500572,20,776.918421
6.45165,17,777.402153
5.102531,15,777.842818
3.223153,21,778.399633
5.9244,17,778.838686
4.836477,14,779.201176
6.817182,19,779.710824
5.433354,15,780.10335
5.73966,16,780.516433
6.810769,18,780.991571
5.069932,14,781.357835
5.768149,17,781.809952
1.617845,18,782.284719
5.751301,17,782.735973
4.261502,13,783.079573
1.157661,17,783.520548
7.286247,21,784.082622
6.543794,16,784.496894
5.674975,15,784.888597
6.770308,17,785.327219
5.877808,16,785.741257
5.291471,15,786.13037
5.519933,15,786.555534
6.813568,19,796.642473
6.986889,17,797.104593
5.758509,16,797.546695
8.3052,21,798.10234
6.381114,17,798.551607
6.375228,16,798.978571
6.504435,18,799.452844
6.092662,17,799.889874
5.868033,17,800.325809
6.739773,19,800.807393
8.419308,20,801.339285
6.684156,19,801.833208
6.344423,18,802.290223
2.700141,20,802.832064
7.611308,20,803.572366
6.537535,18,804.200929
5.319787,15,804.654074
7.269714,18,805.182248
6.150775,15,805.61313
7.763975,20,806.172177
5.425923,15,806.568131
2.787243,19,807.064432
6.49402,18,807.536484
6.311822,17,807.987118
5.631567,16,808.450951
5.290258,16,808.968671
6.998796,20,809.506407
0.642074,16,809.934082
4.770595,15,810.346378
5.628419,15,810.75064
8.015369,21,811.294257
7.094167,19,811.776364
5.197273,14,812.142934
4.629296,13,812.474406
1.339485,17,812.926109
6.230493,17,813.362863
6.562535,19,813.870949
6.811346,17,814.407622
5.155166,15,814.935726
6.085551,17,815.410094
8.208224,20,815.983562
5.262697,15,816.420441
7.133764,20,817.016173
6.27584,17,817.542578
7.006901,18,818.027643
5.53709,16,818.477625
6.013915,16,818.909051
7.114183,18,819.383667
4.948143,14,819.737107
5.398717,16,820.149665
6.753415,17,820.600664
5.877653,16,821.028685
7.712957,21,821.571858
6.759599,20,822.094338
6.270922,16,822.523154
5.550838,15,822.927023
8.22286,21,823.471263
6.667497,18,823.957618
5.591194,16,824.359361
5.90418,16,824.773544
5.002233,15,825.175336
6.212083,17,825.611302
7.248287,19,826.094831
7.071791,18,826.552182
6.403434,17,826.988143
7.715814,19,827.482194
5.232087,15,827.882267
6.362681,17,828.358095
4.765739,14,828.843567
4.52138,14,829.331217
6.506278,18,829.832031
4.885604,15,830.258927
5.350126,15,830.684863
6.724337,17,831.137249
8.316462,21,831.694002
6.763553,18,832.167182
6.359067,17,832.758178
6.672373,18,833.260433
8.477593,22,833.831924
5.976977,17,834.295281
5.182094,15,834.682268
4.784491,14,835.050265
5.090699,16,835.465055
6.317553,18,835.940391
7.316696,19,836.438972
6.379071,17,836.879205
5.636302,15,837.282956
5.858715,16,837.710796
7.044878,19,838.196548
6.005066,16,838.624986
6.806862,18,839.10138
4.354579,14,839.469985
6.432909,16,839.897939
5.346195,15,840.290862
5.397663,15,840.684417
6.984196,19,841.184826
4.659105,14,841.541338
6.582278,18,842.017613
5.346239,15,842.409939
5.943664,16,842.839002
5.812303,16,843.269038
5.738253,16,843.699295
5.04271,15,844.091217
7.009136,18,844.567798
4.838534,15,844.973046
5.75045,16,845.431011
6.806957,17,846.016291
6.157119,17,846.46823
8.075677,19,846.977712
5.985518,16,847.401717
5.946078,16,847.831608
9.598573,26,848.529598
6.416952,17,848.965915
5.074405,15,849.343645
6.083315,16,849.756032
6.679318,18,850.215052
6.650454,18,850.673431
6.080412,16,851.086241
6.770745,18,851.542423
7.367335,19,861.126308
6.792532,18,861.586945
5.828652,15,861.993624
7.189326,19,862.491218
6.971424,19,862.986933
5.59346,15,863.364916
6.362176,18,863.824502
6.632024,17,864.261761
6.564647,18,864.747842
2.036031,18,865.210136
5.83495,16,865.622559
5.507871,17,866.05969
7.133405,19,866.556417
6.142089,17,867.007592
7.830096,21,867.551766
5.509778,16,867.964051
1.368178,18,868.439122
6.16551,17,868.890415
1.859404,18,869.366481
5.92822,16,869.794881
7.175325,19,870.279153
7.604417,20,870.801987
2.554426,19,871.314707
5.343642,15,871.690749
3.289276,22,872.272699
6.215563,17,872.723559
1.956012,18,873.197415
1.854238,17,873.647187
7.256612,20,874.227846
8.352906,21,874.979555
5.323316,16,875.41664
6.706773,18,875.902382
5.694795,16,876.338807
5.712344,17,876.793879
6.042709,17,877.215677
7.626525,19,877.759718
2.021458,18,878.422015
6.0229,16,878.95216
5.922481,17,879.521602
6.449458,17,880.073989
5.883231,17,880.565215
5.696449,16,881.022979
5.774807,16,881.455903
7.260664,19,882.005146
6.897526,18,882.79454
5.846935,17,883.242837
5.84365,17,883.6925
6.10448,16,884.114615
7.815557,21,884.675612
6.850503,19,885.158251
7.635668,21,885.802303
4.419918,14,886.185766
6.836973,18,886.784227
5.888717,17,887.254627
7.018927,18,887.745185
7.494776,20,888.266231
5.992828,17,888.709997
7.925759,21,889.267714
6.311241,19,889.748565
6.487618,18,890.222844
6.374357,18,890.699361
6.941745,19,891.198098
5.786553,17,891.721276
5.765816,18,892.201973
6.903786,19,892.713664
5.690798,17,893.176021
1.667614,17,893.635839
6.954974,19,894.118876
5.345969,15,894.522376
7.593139,20,895.043597
3.650261,22,895.611255
7.100997,18,896.086418
3.678263,23,896.67813
6.999572,19,897.191593
4.770752,15,897.582702
7.350673,20,898.103306
6.297622,16,898.511879
5.697915,17,898.921463
6.769353,17,899.375463
6.882748,19,899.872514
5.460409,16,900.298706
7.859419,20,900.819293
6.884928,20,901.339556
5.667886,17,901.790794
7.062451,18,902.264788
3.239121,21,902.809309
5.673271,15,903.213003
7.640279,21,903.847596
5.954531,17,904.427073
6.558509,17,904.885742
6.703621,18,905.369875
7.139585,19,905.875235
6.138104,17,906.322614
1.213525,17,906.772304
5.057414,15,907.162484
5.448995,16,907.588932
5.579916,15,907.965848
8.211386,21,908.511173
6.373147,16,908.925177
6.544807,18,909.385194
1.849278,19,909.872581
1.839614,18,910.348474
6.983594,20,910.857042
4.974161,15,911.247139
6.194325,16,911.660677
5.477952,14,912.027184
6.011552,17,912.477707
7.918296,21,913.03628
5.375588,17,913.487505
2.356858,20,914.009577
5.804419,17,914.450023
7.061352,19,914.948758
4.617035,15,915.351454
5.965803,18,915.960299
8.381842,22,916.659992
6.788373,19,926.512526
5.692645,16,926.927122
6.349641,19,927.411373
6.688905,18,927.874064
6.418996,18,928.350268
6.838108,18,928.898602
6.481366,18,929.46563
7.043944,18,929.967276
2.185262,19,930.486399
6.141819,17,930.946846
6.922112,20,931.476731
4.829595,15,932.00251
6.568578,18,932.491449
8.314636,22,933.08865
6.804578,19,933.597885
8.153234,22,934.181456
6.736984,19,934.66108
7.934179,20,935.2882
7.294632,22,935.868329
6.271782,18,936.34867
4.168057,14,936.71771
6.187719,17,937.192526
4.301622,14,937.557217
1.456798,18,938.017013
5.955607,17,938.450421
4.596163,15,938.853747
6.453946,19,939.350095
6.704252,19,939.846129
6.434472,18,940.317838
6.356284,18,940.789948
6.866682,19,941.274108
6.943905,18,941.746353
4.949369,15,942.150088
5.826459,17,942.585871
6.331907,18,943.073082
1.08929,17,943.509379
5.64507,18,943.968545
1.954697,19,944.466364
5.896356,17,944.904642
6.167603,18,945.38078
6.550847,19,945.867488
5.252717,15,946.258839
7.193513,19,946.769512
7.024117,19,947.264074
7.483687,20,947.782246
6.206175,17,948.233062
2.610439,19,948.798709
5.735862,17,949.342182
6.812683,20,949.881718
7.734997,22,950.463906
6.250956,18,950.955035
6.590244,18,951.415764
5.899174,16,951.844366
5.615541,16,952.274613
6.550126,17,952.726292
2.109686,19,953.225876
6.844261,18,953.700953
6.985164,19,954.199011
5.826389,16,954.624591
6.869009,19,955.122358
5.765872,16,955.563224
4.816104,14,956.042525
8.106278,22,956.660544
6.560742,18,957.164153
1.056356,16,957.611309
7.545299,19,958.122883
3.864875,13,958.465557
7.776079,20,958.98628
6.841364,18,959.447278
6.021151,18,959.921059
6.771941,19,960.405701
7.835042,20,960.912684
7.874071,21,961.441584
6.104004,17,961.937125
6.479947,17,962.61291
6.126432,18,963.133748
6.647499,17,963.595274
6.837608,18,964.095229
5.743314,17,964.572359
5.587936,17,965.025891
5.832643,16,965.442665
7.549198,22,966.024085
7.777886,20,966.55827
7.810387,20,967.080682
5.206358,16,967.508275
5.61361,16,967.937784
7.867009,22,968.506372
7.950766,21,969.051079
5.595719,16,969.480829
7.236616,20,970.017624
5.885243,17,970.456045
7.000106,17,970.894529
7.157358,19,971.405224
7.287299,20,971.925154
6.151625,17,972.36579
7.542938,19,972.864544
5.85966,17,973.314259
7.1741,19,973.812943
7.488787,20,974.336357
7.677677,21,974.885282
5.431408,16,975.314791
6.95257,19,975.815567
5.408397,16,976.243921
6.760451,18,976.719988
6.019186,18,977.197288
6.078282,17,977.651086
1.430133,18,978.112486
5.919258,17,978.551391
6.512211,18,979.040691
2.942986,22,979.6257
5.340462,16,980.088202
0.80005,17,980.634017
4.993289,14,981.020203
5.506791,16,981.469293
6.69288,19,991.479606
2.582289,20,991.98783
5.675901,16,992.401182
6.227688,17,992.837652
6.876337,20,993.361161
7.405027,20,993.955006
5.772892,17,994.456582
6.312184,19,994.969854
6.251129,18,995.443462
6.112374,17,995.901674
6.150717,18,996.362436
7.112612,20,996.883152
6.423116,18,997.356001
7.895558,23,997.947536
6.860414,19,998.444857
3.960043,24,999.047696
6.957969,21,999.594459
5.681572,17,1000.054481
5.851732,17,1000.636331
6.845095,17,1001.155993
6.388306,18,1001.643253
6.296466,18,1002.280449
8.693862,24,1003.00737
3.264155,22,1003.592708
7.396283,19,1004.087357
5.500564,16,1004.521804
6.268256,17,1004.974698
6.101211,18,1005.448968
6.195535,18,1005.908727
6.853988,19,1006.40731
2.092522,18,1006.870082
6.683222,18,1007.347161
6.533247,19,1007.845647
6.388274,19,1008.330772
2.745781,20,1008.851458
6.826966,20,1009.373408
8.30074,23,1009.979785
6.493509,18,1010.454793
5.971238,17,1010.906818
6.931471,19,1011.418686
6.881086,20,1012.116638
5.356272,16,1012.567049
7.611651,20,1013.099791
5.854142,16,1013.590143
8.078803,22,1014.275562
5.608999,16,1014.711899
7.725928,22,1015.295771
6.442533,18,1015.88132
5.140412,15,1016.295373
6.673219,19,1016.819007
5.258009,16,1017.347108
8.259582,23,1018.073058
5.059747,15,1018.499091
4.594549,14,1018.87361
5.961206,18,1019.398285
7.408396,21,1020.033656
6.695372,18,1020.504383
4.975638,15,1020.892572
5.560263,16,1021.317456
6.073776,18,1021.778448
7.92256,22,1022.343005
2.159466,19,1022.828041
7.928608,21,1023.445044
5.841953,17,1023.9421
7.714519,20,1024.462128
4.935286,15,1024.865089
6.053622,18,1025.352962
7.595519,21,1025.896088
6.140152,18,1026.370054
5.118717,16,1026.784941
7.296822,21,1027.329219
2.097549,18,1027.802707
7.227485,19,1028.300231
6.422646,18,1028.77532
7.202874,19,1029.272463
7.818053,20,1029.794239
7.002371,19,1030.265543
7.549863,21,1030.812235
8.224758,21,1031.357725
5.132298,16,1031.771687
2.833373,21,1032.331013
6.947521,19,1032.845989
8.212629,21,1033.377942
6.641981,18,1033.854735
5.278196,16,1034.283657
5.904909,18,1034.745362
6.467137,17,1035.195113
4.520403,14,1035.563304
2.177231,19,1036.061587
1.782291,18,1036.525061
5.24503,16,1036.950989
5.480104,16,1037.378981
5.800313,17,1037.831778
0.986994,16,1038.234775
6.437335,19,1038.748759
6.808483,20,1039.504218
1.47638,18,1040.047138
2.956826,21,1040.802976
5.731793,16,1041.287987
8.752638,24,1041.937801
2.457043,21,1042.50189
7.677402,20,1043.040672
7.568173,20,1043.574126
7.767188,21,1044.130449
5.965036,17,1044.569609
6.399577,18,1045.045109
7.298897,21,1045.589364
8.711715,23,1046.181914
7.885629,21,1046.725674
6.097109,17,1056.555988
6.072911,18,1057.03839
6.66414,19,1057.536242
8.830214,23,1058.126012
7.671031,20,1058.648917
2.062361,19,1059.133576
5.894034,17,1059.571122
5.797499,17,1060.024323
6.149544,18,1060.552884
7.824326,21,1061.177536
6.77018,20,1061.713817
6.614195,18,1062.208418
5.942126,17,1062.672344
6.493001,18,1063.147737
7.506635,22,1063.728444
4.739368,15,1064.121455
6.945839,20,1064.647158
6.594899,18,1065.109165
0.691514,16,1065.538892
6.193458,18,1066.125205
1.926579,17,1066.628942
7.036436,20,1067.186354
2.141285,20,1067.738488
1.219884,17,1068.214917
5.16257,16,1068.646194
6.508631,20,1069.170391
7.073841,20,1069.710591
0.962088,17,1070.152071
5.213143,16,1070.554552
5.476813,17,1070.992738
6.85681,20,1071.50015
6.277975,17,1071.938773
1.018764,17,1072.377816
5.653752,17,1072.815642
6.469807,18,1073.291317
5.767419,18,1073.75196
6.95779,19,1074.237481
5.743636,17,1074.687232
7.262778,20,1075.207179
1.911312,19,1075.719509
6.493924,18,1076.192064
5.982682,18,1076.654026
7.041529,20,1077.16143
8.400418,22,1077.730314
7.911218,21,1078.278109
1.97282,20,1078.801546
6.093878,17,1079.254129
8.233256,21,1079.79951
6.60492,20,1080.32095
8.940218,23,1080.912648
5.47669,16,1081.328344
5.590886,17,1081.765454
8.292846,21,1082.296908
3.489217,22,1082.879839
5.983257,17,1083.336771
5.150696,16,1084.002276
6.465962,18,1084.505662
3.143344,23,1085.148841
6.704341,19,1085.671488
5.133368,16,1086.085573
7.275582,19,1086.585206
5.418144,15,1086.979789
7.796025,20,1087.502692
5.749855,17,1087.942121
7.179303,18,1088.406006
5.876468,17,1088.846833
6.955684,20,1089.370537
7.394862,21,1089.917559
7.410334,20,1090.442602
7.19535,21,1091.000929
6.225945,19,1091.48785
5.585384,17,1091.991636
7.621423,21,1092.725606
7.394336,21,1093.399187
2.628235,20,1093.950008
7.496799,21,1094.521238
7.887229,21,1095.195793
5.967585,17,1095.84935
1.654679,18,1096.46199
7.384286,21,1097.084668
7.360611,22,1097.679309
6.486049,20,1098.220902
5.10732,15,1098.608973
5.676755,16,1099.009201
6.428767,18,1099.486871
8.61806,24,1100.115928
7.866498,21,1100.675767
5.985025,17,1101.13549
6.334145,19,1101.63438
7.236448,21,1102.192624
8.20882,22,1102.789505
6.028064,17,1103.231375
5.157509,16,1103.661708
7.28382,21,1104.199714
6.573947,19,1104.702677
6.664982,18,1105.187404
1.889375,20,1105.727081
5.313623,16,1106.172154
5.647131,16,1106.59292
7.886644,22,1107.179682
7.876172,22,1107.771288
6.872263,19,1108.279089
7.663444,20,1108.903567
8.096859,22,1109.5776
5.616491,17,1110.064109
7.355912,21,1110.765321
5.902414,17,1111.244919
8.654436,24,1111.936388
5.010652,15,1121.631692
6.062225,18,1122.098391
5.905108,17,1122.548826
2.651336,21,1123.122061
6.045834,17,1123.571736
7.396106,20,1124.104931
6.49192,19,1124.619208
6.83336,19,1125.221012
7.793514,21,1125.955353
5.34867,16,1126.456917
7.131416,20,1127.045059
5.282462,16,1127.501366
7.726112,22,1128.129396
6.519726,19,1128.641766
6.597819,18,1129.115692
5.594297,16,1129.562023
7.162048,19,1130.064467
5.779675,17,1130.519881
1.809766,20,1131.131347
7.870111,21,1131.736953
7.583668,21,1132.31813
6.428277,18,1132.788938
7.004099,19,1133.278946
7.050594,21,1133.829609
7.450413,21,1134.363748
7.28992,21,1134.925229
5.711867,16,1135.341154
8.178598,22,1135.910256
6.35277,19,1136.410948
6.044258,18,1136.886598
8.233398,22,1137.46072
6.653139,20,1137.984585
7.077537,21,1138.534978
5.260142,17,1138.986867
7.365518,20,1139.67408
2.419294,20,1140.209692
6.939067,19,1140.723164
7.233647,21,1141.283733
6.619953,19,1141.882041
7.396701,21,1142.49025
5.990208,18,1142.961163
7.106441,20,1143.497637
6.690642,21,1144.065827
6.281476,17,1144.49274
6.723388,19,1144.97812
5.874019,17,1145.420396
8.14346,23,1146.029432
7.584694,20,1146.539674
6.688552,19,1147.134303
6.780071,21,1147.722914
7.563987,22,1148.312291
4.7098,16,1148.751355
5.372433,17,1149.183614
7.783187,21,1149.716745
5.913716,17,1150.156085
7.598397,21,1150.705736
5.195466,16,1151.134342
6.922616,20,1151.642379
5.772662,17,1152.095857
5.181654,16,1152.527735
7.611764,20,1153.0512
5.958217,18,1153.524814
7.228319,20,1154.047233
4.705112,15,1154.439511
3.768115,23,1155.031643
6.374779,19,1155.526458
6.14213,17,1156.075437
7.578692,21,1156.717599
7.824588,22,1157.316575
6.648361,19,1157.796839
7.113369,21,1158.34577
6.475804,18,1158.820332
7.680489,22,1159.386861
6.676145,19,1159.88502
7.212695,21,1160.428594
5.786209,17,1160.865489
6.769152,19,1161.349269
7.010528,20,1161.871305
6.828048,20,1162.490766
1.986413,19,1163.010547
3.237335,22,1163.593656
7.420188,21,1164.164204
7.469685,20,1164.697521
5.319756,16,1165.097883
6.514955,19,1165.580417
5.209597,16,1165.980994
3.01922,21,1166.524077
6.096036,18,1166.998133
5.186819,16,1167.424379
6.386618,19,1167.921549
2.641693,21,1168.46566
4.785715,15,1168.870156
6.442823,19,1169.355756
5.635592,17,1169.808538
5.39692,17,1170.259552
1.95706,19,1170.759101
6.178855,18,1171.235604
7.351226,20,1171.756181
6.54238,19,1172.252952
6.142022,18,1172.717492
5.463148,17,1173.538579
6.059745,18,1174.023015
3.74316,23,1174.634594
5.732985,17,1175.110456
4.611933,15,1175.519821
4.731971,15,1175.911622
6.90881,20,1176.433544
5.316636,17,1176.869604
4.78105,16,1186.426126
7.379674,20,1186.951279
7.20016,19,1187.451781
6.978086,20,1187.958039
6.529055,18,1188.420485
6.627649,19,1189.099026
7.348157,21,1189.65889
2.90156,21,1190.221856
6.463316,19,1190.733247
7.002639,19,1191.215115
8.006604,22,1191.797128
5.151842,16,1192.212181
2.752368,21,1192.742759
4.826682,15,1193.145416
4.410915,15,1193.54854
7.457972,20,1194.065986
6.22526,18,1194.538613
7.369336,21,1195.081086
5.198785,15,1195.484174
8.042386,23,1196.072356
6.209836,18,1196.553708
5.599968,17,1197.10765
5.805263,18,1197.586652
7.614982,21,1198.144057
7.006835,19,1198.671604
6.743637,19,1199.292261
5.123884,16,1199.726855
2.439925,22,1200.339647
7.054089,21,1200.885213
7.072054,20,1201.644795
6.648385,19,1202.375905
6.438688,19,1202.902225
5.596295,17,1203.365374
5.936755,17,1203.82094
3.154722,22,1204.388232
6.517719,19,1204.970114
3.721353,25,1205.626948
9.137128,25,1206.312596
8.208191,23,1206.907174
5.881774,17,1207.358189
6.574952,19,1207.856219
7.2207,20,1208.376766
5.950394,18,1208.839692
5.216284,16,1209.254898
2.280249,20,1209.764084
7.248372,19,1210.263343
6.420999,19,1210.834381
6.236689,17,1211.412773
6.25148,18,1211.913373
7.365012,20,1212.464686
6.95388,20,1213.008001
7.789552,21,1213.537314
6.019925,19,1214.035505
4.911505,16,1214.450792
3.015607,23,1215.069504
6.239304,18,1215.637221
6.452395,19,1216.162575
6.380566,19,1216.687427
6.405748,19,1217.205459
5.509585,17,1217.626926
6.133496,19,1218.096874
6.697171,20,1218.644898
6.898483,20,1219.480813
6.3639,18,1220.032108
8.171776,21,1220.607078
2.914951,22,1221.182134
7.213687,20,1221.68801
7.018803,20,1222.220603
6.505105,18,1222.694811
7.055125,20,1223.202421
6.97044,19,1223.699451
5.236527,15,1224.074598
5.874707,17,1224.755296
5.058665,16,1225.257013
6.528805,19,1225.76558
5.501332,17,1226.22988
4.846982,14,1226.619155
7.745999,21,1227.273822
7.755649,20,1227.80881
6.694948,18,1228.280351
9.106652,26,1228.954827
6.715303,19,1229.435789
6.59416,19,1229.931744
6.419707,18,1230.407027
6.958009,20,1230.927032
4.390569,14,1231.280607
2.043241,19,1231.77972
6.496416,19,1232.279489
7.016688,20,1232.801945
8.258835,25,1233.452403
5.592482,16,1233.866117
5.891755,18,1234.341045
6.876346,20,1234.861495
5.853086,19,1235.346271
7.174252,20,1235.8654
7.117151,20,1236.386885
5.763365,17,1236.812464
2.910397,22,1237.441545
7.129803,20,1238.000679
5.860605,17,1238.477149
5.54222,17,1239.061834
7.210003,20,1239.616225
7.499434,20,1240.140702
6.325757,18,1240.611196
8.700176,23,1241.213182
5.584059,17,1241.649189
6.350039,18,1242.107366
6.751103,20,1251.47686
6.205257,18,1252.021839
6.841047,20,1252.557231
7.024125,21,1253.147981
6.306346,19,1253.635566
5.801826,18,1254.107754
6.032445,18,1254.551608
6.012839,18,1255.009664
7.087098,21,1255.549782
2.337838,20,1256.056322
7.509512,21,1256.612654
6.556685,19,1257.07966
5.894653,19,1257.585505
7.157631,21,1258.128524
7.671974,22,1258.694985
6.069664,18,1259.168379
6.799539,19,1259.662907
5.738813,17,1260.204829
5.47222,17,1260.784125
8.157554,23,1261.406384
7.072586,19,1261.919507
8.245515,23,1262.518698
7.042607,20,1263.038284
4.965216,28,1263.743442
6.691756,19,1264.228801
6.564623,19,1264.714938
1.377366,18,1265.192888
8.873254,24,1265.82253
6.758138,19,1266.307649
6.785422,20,1266.826385
5.52446,17,1267.334304
2.536914,21,1267.936521
8.06498,22,1268.520396
5.417326,18,1269.005864
5.508583,16,1269.551523
7.036925,20,1270.123235
5.700322,18,1270.59568
7.220017,20,1271.116956
5.359615,16,1271.540417
8.340939,23,1272.133387
6.284442,19,1272.618042
7.92143,23,1273.210352
6.407836,18,1273.656237
6.102096,18,1274.254962
7.269462,21,1274.812578
7.066821,21,1275.372151
5.930398,18,1275.82477
6.72402,20,1276.344666
6.314819,20,1276.847329
8.026726,22,1277.399671
5.942058,18,1277.872256
6.199588,18,1278.330463
6.386787,19,1278.823874
7.369918,22,1279.386306
6.115815,18,1279.84414
7.066892,19,1280.340177
6.019418,19,1280.835953
6.522149,19,1281.33004
5.919526,18,1281.800417
6.782152,21,1282.342573
6.52442,20,1282.861895
7.433672,22,1283.428061
3.177927,23,1284.029385
1.405445,19,1284.553363
0.934712,17,1285.15957
5.494023,17,1285.624204
7.496666,21,1286.183436
7.097519,20,1286.715963
7.893681,22,1287.291007
6.506281,19,1287.789673
4.890433,15,1288.193196
5.547093,17,1288.644067
6.63102,19,1289.14133
7.398722,21,1289.697256
5.224652,16,1290.110654
7.91663,23,1290.71414
7.919626,22,1291.280918
6.176621,18,1291.741319
6.072885,20,1292.261937
7.558179,22,1292.828374
2.745994,21,1293.357251
6.97135,21,1293.900604
7.043052,20,1294.418808
3.144645,23,1295.025608
4.358241,15,1295.405303
6.804509,20,1295.927035
4.603526,14,1296.280092
2.238398,20,1296.802315
7.905752,22,1297.387593
7.301253,21,1297.931874
7.388947,21,1298.460232
7.748951,21,1299.003451
9.133204,25,1299.638376
5.048757,16,1300.050325
6.270702,19,1300.546067
8.465326,23,1301.14825
6.866929,20,1301.666791
6.424787,19,1302.163365
5.961979,18,1302.622952
4.860053,16,1303.036677
8.433951,24,1303.649024
7.643616,22,1304.214624
5.76612,18,1304.689185
8.312848,24,1305.416891
7.196845,21,1315.767394
8.358917,24,1316.479906
5.708386,18,1316.980099
6.40193,18,1317.458596
5.105485,16,1318.011753
6.212143,18,1318.505153
2.942066,22,1319.094216
6.258573,17,1319.635658
7.168305,20,1320.494985
6.18921,18,1320.981413
8.349491,23,1321.600869
7.076786,20,1322.135805
5.452737,18,1322.612853
6.470755,19,1323.112508
2.677362,20,1323.619045
6.74445,20,1324.139791
7.986482,22,1324.70553
5.741285,17,1325.143573
6.606558,19,1325.641258
7.046921,20,1326.163218
7.081782,20,1326.684174
6.900419,20,1327.205678
7.137718,20,1327.725843
5.829926,18,1328.225163
7.338557,21,1328.848612
6.605215,20,1329.407482
7.167094,19,1329.928636
8.017438,22,1330.517479
6.617851,18,1330.991557
6.475377,19,1331.490628
8.166347,22,1332.045212
5.217451,16,1332.475805
5.003301,16,1332.904633
2.803704,22,1333.473917
8.142821,24,1334.101349
4.998649,16,1334.516552
6.499146,18,1334.995478
2.931361,23,1335.587732
6.64061,19,1336.084577
7.001831,20,1336.605145
6.360889,18,1337.078774
8.955224,26,1337.840786
2.945082,22,1338.461376
7.377808,21,1339.035358
5.701397,16,1339.471819
6.337952,19,1339.985149
5.562099,17,1340.423365
6.227432,18,1340.896282
6.179971,18,1341.357661
7.493064,21,1341.9002
3.232093,23,1342.492608
5.722907,17,1343.023587
5.64445,18,1343.512964
5.668722,18,1344.003248
8.329887,23,1344.59616
5.364553,16,1345.013785
6.475426,19,1345.510582
2.547766,21,1346.120675
6.300099,18,1346.653972
8.917107,26,1347.334623
6.991299,18,1347.82038
1.724432,19,1348.318982
6.296724,18,1348.792888
5.474473,17,1349.244767
6.810167,19,1349.74573
6.596085,18,1350.205111
7.179528,20,1350.741015
6.081864,18,1351.186878
2.839351,21,1351.731587
4.414075,14,1352.087506
6.831226,20,1352.607865
3.446781,24,1353.239316
5.073737,16,1353.655568
5.874887,18,1354.116411
8.34202,23,1354.944557
2.45533,21,1355.536696
6.335851,18,1356.027018
6.510412,19,1356.52346
6.608202,19,1357.029324
6.051783,18,1357.492277
5.61072,17,1357.929142
7.253668,20,1358.436655
6.966546,20,1358.956895
7.046339,20,1359.477713
2.977418,21,1360.022499
6.333917,18,1360.497566
5.125111,16,1360.922238
4.980423,17,1361.35809
6.134758,17,1361.821258
6.12243,18,1362.251649
6.531546,19,1362.733346
8.33302,23,1363.309032
7.07136,19,1363.891139
2.696084,21,1364.458501
6.822638,20,1364.992152
6.815519,19,1365.497232
7.468471,22,1366.086162
5.531059,18,1366.66661
6.231244,19,1367.286412
8.994175,25,1367.956637
2.422034,20,1368.493038
6.994367,20,1369.033726
8.375628,24,1369.64524
7.132141,18,1370.106136
6.892152,20,1370.625809
8.537249,24,1380.37079
6.624718,19,1380.882154
6.170242,18,1381.328894
7.018109,21,1381.886264
5.553131,17,1382.323063
8.471461,24,1382.950253
6.535178,19,1383.42036
3.495536,22,1383.991227
2.034518,20,1384.499328
7.629125,22,1385.069931
4.96165,16,1385.482635
8.062481,23,1386.073026
6.709887,19,1386.558221
7.340188,21,1387.086887
7.35741,20,1387.607098
7.608494,20,1388.127915
9.56625,28,1388.850886
7.812487,22,1389.416955
3.413539,22,1389.972799
5.36746,17,1390.409304
6.610232,19,1390.906001
8.564062,23,1391.49685
1.442574,18,1391.970852
7.01036,21,1392.514836
6.991886,21,1393.060039
6.466754,19,1393.660111
3.021144,22,1394.285294
5.634513,17,1394.731443
6.228768,17,1395.18437
6.355038,18,1395.651371
6.677529,19,1396.318563
5.329514,16,1396.762581
7.027696,20,1397.297359
6.393198,19,1397.803466
5.749721,18,1398.278298
6.66913,20,1398.79676
5.540748,17,1399.233406
7.3978,21,1399.776807
4.374202,15,1400.168693
6.684305,19,1400.652079
7.04327,20,1401.215285
6.940723,21,1401.805326
5.664496,17,1402.264075
6.602846,19,1402.776834
7.659292,22,1403.357176
5.852104,17,1403.806598
6.344362,18,1404.265685
7.174434,21,1404.821042
6.454571,19,1405.307436
6.072855,18,1405.781373
6.006924,18,1406.254963
7.88106,22,1406.822792
7.151246,20,1407.524889
3.146438,22,1408.142611
6.751508,20,1408.677943
7.231625,20,1409.215736
6.168149,18,1409.693334
7.443071,21,1410.226042
6.273998,19,1410.722587
6.408056,18,1411.196024
5.093422,15,1411.625457
5.073603,16,1412.151881
3.444419,23,1412.824296
6.765349,19,1413.366919
6.231409,18,1413.959146
6.882055,19,1414.47267
6.289269,18,1414.947083
5.709121,17,1415.384211
4.580498,15,1415.819346
7.515226,22,1416.461865
6.251328,18,1416.948441
5.459982,18,1417.435001
6.666563,19,1417.92905
7.607018,22,1418.505972
5.428582,17,1418.929889
8.025526,23,1419.504576
5.005545,15,1419.893124
6.989806,20,1420.581923
5.938798,18,1421.129657
5.16969,16,1421.702346
1.973228,20,1422.272319
6.07241,18,1422.773852
1.170493,18,1423.23039
7.375514,21,1423.751579
6.9958,20,1424.284605
5.276194,16,1424.682314
5.824255,17,1425.119755
1.73458,19,1425.61489
5.968579,18,1426.087626
7.070609,20,1426.59307
7.859229,23,1427.178757
7.369491,20,1427.700811
7.970959,23,1428.277373
7.879065,22,1428.84201
7.665173,22,1429.408217
5.581567,17,1429.847034
2.592408,21,1430.377295
5.897028,17,1430.814803
8.375952,24,1431.457004
6.348109,18,1431.914809
8.28823,26,1432.574699
6.325655,18,1433.048154
7.4173,21,1433.749416
6.301835,19,1434.314942
5.669608,18,1434.802535
10.05521,27,1444.810308
5.904762,18,1445.285183
8.564783,23,1446.039258
8.417301,23,1446.684378
1.377308,19,1447.199293
6.522518,19,1447.728725
8.01869,21,1448.282383
5.995909,19,1448.781652
5.345694,17,1449.205776
8.827768,23,1449.786842
7.583436,21,1450.334554
5.697163,18,1450.809651
7.749025,22,1451.377718
5.340538,17,1451.816833
6.409832,19,1452.301626
8.666622,23,1452.898029
7.68222,22,1453.469856
2.744368,21,1454.118853
5.420634,17,1454.584903
3.101449,22,1455.18495
5.400319,17,1455.63003
8.329433,22,1456.197135
6.711442,20,1456.70146
6.513703,19,1457.198969
6.26238,18,1457.660597
8.974189,26,1458.388514
7.424466,20,1459.073957
6.165388,18,1459.600552
7.03693,21,1460.181232
4.811133,27,1460.900157
7.944308,22,1461.472785
7.185608,20,1461.978616
5.595528,17,1462.416252
6.93096,20,1462.938823
5.436297,17,1463.376831
7.386797,21,1463.92148
7.016674,20,1464.494375
6.442177,20,1465.146004
6.437175,18,1465.630312
7.541218,22,1466.223974
7.892417,22,1466.90741
6.052989,18,1467.44102
6.876323,20,1467.964908
2.929102,21,1468.521815
6.458176,20,1469.045548
1.324947,18,1469.522049
1.099328,18,1469.997683
5.112638,30,1470.784371
5.752232,17,1471.221465
7.106016,20,1471.743021
8.032025,23,1472.337223
6.535963,19,1472.822191
8.20477,22,1473.405879
7.537696,21,1473.95005
6.901597,21,1474.479516
6.926806,20,1475.001323
6.234258,19,1475.496986
5.756246,17,1475.934042
6.853416,21,1476.478108
8.061859,23,1477.069617
6.46454,19,1477.567617
6.502332,19,1478.064121
7.705779,21,1478.622033
6.744612,20,1479.12879
6.938174,20,1479.648408
2.887518,23,1480.238436
6.61857,19,1480.720387
1.519702,19,1481.192864
7.828955,23,1481.809455
6.903612,20,1482.327559
8.266512,24,1482.954121
6.997891,21,1483.495494
5.938383,18,1484.027891
6.793065,20,1484.995738
8.029835,23,1485.581948
6.40197,19,1486.091969
6.45577,19,1486.584352
1.529317,18,1487.059845
4.354331,15,1487.448194
6.604563,18,1487.909277
6.458861,19,1488.406134
6.004422,18,1488.864666
5.275024,16,1489.277617
5.690402,18,1489.748801
9.729182,27,1490.430307
6.931786,20,1490.93818
5.336611,17,1491.373642
2.210218,20,1491.89369
6.591761,19,1492.390067
7.571337,22,1492.955975
8.451406,25,1493.673419
5.963465,18,1494.22948
6.144559,19,1494.727411
3.323854,24,1495.466633
8.075119,23,1496.130382
3.113946,22,1496.710548
7.223056,21,1497.278835
6.107841,18,1497.741555
6.762337,20,1498.265625
9.85074,26,1498.929635
6.671963,19,1499.411515
7.094604,20,1508.961618
5.674299,17,1509.387045
9.435262,28,1510.096373
7.236966,20,1510.619767
6.384139,19,1511.117377
4.406851,15,1511.50828
6.323577,18,1511.984214
7.324738,21,1512.530611
5.721642,17,1512.970184
7.235874,21,1513.513982
5.14014,16,1513.940218
6.006553,18,1514.383832
7.869207,21,1514.953106
6.404788,18,1515.514275
2.34038,20,1516.072452
7.345516,21,1516.631313
6.011974,19,1517.180978
6.107103,19,1517.666821
7.673897,21,1518.316883
6.64647,19,1518.957002
7.572503,21,1519.666218
2.388154,21,1520.238405
7.883621,22,1520.993511
6.056853,19,1521.641905
8.591101,24,1522.328902
6.45869,19,1522.848194
2.270194,20,1523.530303
6.720599,20,1524.186965
5.120342,17,1524.636367
7.118119,21,1525.19285
6.556473,19,1525.68035
7.186852,21,1526.208406
7.720158,21,1526.74994
6.893816,20,1527.254601
8.243392,24,1527.88079
8.503884,23,1528.467624
5.914305,18,1529.044655
3.145292,22,1529.778
6.82409,19,1530.373735
6.091352,18,1530.862256
7.140186,21,1531.596271
8.337311,23,1532.213334
5.319568,17,1532.675826
6.607462,19,1533.182327
5.674317,18,1533.653544
6.385595,19,1534.148388
8.018059,22,1534.715087
6.888056,20,1535.23603
7.107393,21,1535.765194
2.147529,19,1536.261383
5.42842,16,1536.673805
7.183311,21,1537.200766
6.126182,17,1537.636873
7.876327,21,1538.192351
3.553728,24,1538.791583
6.574643,20,1539.30972
6.984742,20,1539.828029
7.366563,21,1540.380791
6.433383,19,1540.864253
5.521825,17,1541.298912
6.726307,19,1541.78519
6.422062,19,1542.278895
7.03979,20,1542.78458
5.386273,16,1543.194947
5.642542,17,1543.62868
8.030621,22,1544.175197
6.325535,17,1544.622711
5.479549,18,1545.092587
7.380137,20,1545.608694
5.274372,16,1546.018394
7.779697,22,1546.579268
6.392992,19,1547.071285
6.428223,19,1547.564034
7.806402,21,1548.087929
5.481713,17,1548.534872
2.577016,21,1549.092083
8.456661,24,1549.701844
7.537023,21,1550.240892
7.121651,20,1550.744147
4.822186,16,1551.16675
6.782761,20,1551.685819
7.28957,21,1552.226314
6.17307,19,1552.722603
7.275285,21,1553.264385
6.048786,17,1553.69799
8.454649,24,1554.309269
2.342671,20,1554.828879
3.803917,24,1555.455402
6.144053,19,1555.934881
6.73491,20,1556.452108
5.991529,19,1556.930959
6.077081,18,1557.375558
6.489966,20,1557.893133
7.643328,22,1558.460186
5.710369,17,1558.896542
7.103994,19,1559.544479
7.666119,21,1560.202406
5.226427,16,1560.703042
2.90498,22,1561.310604
7.015394,20,1561.847361
5.951294,18,1562.30039
2.416064,21,1562.843505
7.346442,21,1563.383445
6.504734,19,1573.045988
6.964113,19,1573.542012
3.728891,24,1574.329364
5.437183,17,1574.809904
7.557903,22,1575.420079
6.323646,19,1575.935825
6.217866,19,1576.443895
8.218555,23,1577.196366
2.496868,21,1577.795067
6.894229,20,1578.336669
5.648724,17,1578.802932
8.022937,24,1579.448458
5.727439,18,1579.918258
7.209863,21,1580.439185
7.066379,20,1580.950965
7.950241,23,1581.532816
9.132254,26,1582.199515
8.297919,24,1582.808061
7.35149,20,1583.32332
6.240059,19,1583.815691
6.625133,19,1584.296259
5.533262,18,1584.752522
6.511358,19,1585.245289
7.646208,21,1585.784296
6.312679,18,1586.254674
7.029513,20,1586.774736
5.907183,17,1587.193297
6.820922,19,1587.674492
2.715458,21,1588.228895
5.807651,18,1588.698475
5.300596,16,1589.134992
6.535031,19,1589.733405
7.655351,21,1590.301522
7.640389,21,1590.870772
6.28223,19,1591.389658
5.760554,18,1591.980329
6.804821,21,1592.567367
7.002721,20,1593.117499
6.942369,20,1593.645711
3.357267,23,1594.230922
7.481323,21,1594.75788
7.363654,21,1595.301387
7.219436,21,1595.843098
7.783546,21,1596.384173
6.481886,19,1596.880939
7.387593,22,1597.445243
7.38127,20,1597.951438
5.985021,19,1598.445838
6.052552,19,1598.93906
7.443036,20,1599.429677
5.064301,17,1599.868902
5.817369,18,1600.327199
6.313794,19,1600.807474
7.732293,22,1601.377352
6.107799,19,1601.858845
6.399768,20,1602.378189
1.495025,18,1602.848678
8.848199,23,1603.435746
6.821193,20,1603.952914
1.658476,19,1604.447552
7.018873,21,1604.98965
8.209678,24,1605.614112
7.615649,22,1606.186638
6.644069,20,1606.688713
5.726937,17,1607.121031
7.738088,21,1607.672719
5.425149,18,1608.129312
6.195863,19,1608.624772
6.65445,20,1609.14096
6.51759,19,1609.620632
6.03554,18,1610.091305
6.020041,18,1610.562308
6.482174,19,1611.041218
7.758836,22,1611.591678
7.5328,22,1612.165725
8.704676,25,1612.812769
2.835305,22,1613.37557
6.952085,21,1613.952131
5.801478,18,1614.488936
6.643729,19,1615.080853
8.086949,22,1615.695032
6.752496,21,1616.269456
5.858921,18,1616.891318
1.431376,18,1617.367858
6.716637,20,1617.899778
7.109819,20,1618.435342
6.27097,19,1618.937237
5.925878,18,1619.412016
3.126441,21,1619.95346
6.712776,19,1620.446449
8.285386,24,1621.069889
2.700201,22,1621.633927
6.055269,18,1622.197636
5.926209,18,1622.793307
5.853862,18,1623.298059
6.819802,20,1623.853844
5.754515,18,1624.340566
5.709363,18,1624.885962
6.929522,20,1625.492266
7.385709,22,1626.180645
6.380471,19,1626.80668
6.418067,19,1627.311195
7.643125,22,1627.889905
7.54337,22,1637.641909
9.909008,27,1638.540313
5.354348,17,1639.010961
7.656991,21,1639.563768
9.488718,26,1640.227215
5.246428,17,1640.646108
7.018131,21,1641.182952
5.777364,17,1641.628324
7.693228,22,1642.189107
8.003301,23,1642.771528
8.195681,23,1643.354947
7.637811,22,1643.915465
3.573275,24,1644.521446
6.432036,19,1645.015492
8.465834,24,1645.610523
8.213202,23,1646.196448
6.852073,20,1646.715207
5.809051,18,1647.189578
7.562528,22,1647.876401
8.745937,24,1648.501601
1.837146,20,1649.020704
6.271364,18,1649.502769
8.295022,25,1650.136317
8.811606,25,1650.915325
1.977694,20,1651.471663
8.111163,23,1652.074
8.988228,25,1652.752454
7.341739,21,1653.292148
6.467369,19,1653.783188
7.287656,21,1654.66072
7.099513,20,1655.263728
7.770641,22,1655.843317
6.296418,19,1656.337229
7.688621,22,1657.143995
7.674404,22,1657.726013
3.164648,23,1658.329769
7.10431,20,1658.859927
6.162488,18,1659.304497
8.446593,23,1659.89187
7.965614,23,1660.480154
6.516344,19,1660.977027
4.092769,26,1661.635016
6.691951,20,1662.154817
6.644092,20,1662.675218
9.333864,25,1663.323496
9.264604,28,1664.025186
0.754179,17,1664.47776
4.798765,16,1664.905515
6.752164,20,1665.422437
7.017672,21,1665.9601
6.994538,20,1666.476598
6.889467,20,1667.004894
7.501306,22,1667.677824
6.844537,20,1668.191049
8.127218,24,1668.814513
7.081729,20,1669.333892
6.464308,19,1669.812501
6.000993,19,1670.304416
7.011314,21,1670.842165
6.429762,19,1671.335416
5.989782,19,1671.829905
7.835307,23,1672.416893
6.694442,20,1672.931748
8.029686,23,1673.640079
3.180269,24,1674.457006
1.610057,18,1674.938254
6.807112,19,1675.444598
7.972888,23,1676.0216
7.142387,21,1676.562963
3.024153,22,1677.127102
8.673617,25,1677.759182
8.238737,23,1678.346625
3.83024,24,1678.957357
7.142402,21,1679.498745
6.182502,19,1679.978277
6.426289,19,1680.471962
7.948243,22,1681.020699
7.549687,21,1681.561472
6.233746,19,1682.043439
2.362015,21,1682.583768
7.416127,22,1683.158489
6.04298,19,1683.639525
7.499916,22,1684.203411
6.868242,20,1684.706027
6.514181,19,1685.251678
6.900073,19,1685.849885
5.316863,17,1686.324699
7.802555,22,1686.920485
7.672126,22,1687.509293
6.257092,18,1687.980427
6.452277,20,1688.495077
6.939285,21,1689.036005
4.678591,16,1689.447627
7.14814,20,1689.984742
4.711258,27,1690.757874
5.905705,19,1691.269019
7.765096,22,1691.834183
9.59254,28,1701.674054
6.937367,21,1702.327122
9.851814,27,1703.070215
8.415007,24,1703.695229
6.105552,19,1704.182496
1.694306,20,1704.700814
3.410228,23,1705.285875
5.897073,17,1705.721387
6.05131,18,1706.191334
6.24604,20,1706.709608
2.648712,22,1707.272714
3.240943,23,1707.86113
5.799921,18,1708.317701
7.61597,22,1708.879724
7.475058,22,1709.431799
6.532611,19,1709.928236
8.378161,24,1710.540641
7.129447,21,1711.227146
7.053751,21,1711.851146
6.448473,19,1712.370306
5.565576,18,1712.854161
6.727293,21,1713.402185
6.282629,19,1713.887074
7.284365,21,1714.426471
4.910142,17,1714.85883
6.068528,19,1715.355619
6.670766,20,1715.981022
7.289781,21,1716.566191
7.404844,22,1717.145578
7.03306,21,1717.717278
7.38905,21,1718.257596
8.031947,24,1718.976224
7.350037,22,1719.62177
6.157585,19,1720.143447
7.056001,20,1720.734783
8.283741,24,1721.378465
6.329558,19,1721.871602
7.3419,21,1722.425461
4.397851,26,1723.505617
8.604046,24,1724.171886
8.232514,24,1724.82974
2.811875,21,1725.383191
7.383387,22,1725.94744
6.0218,19,1726.442971
7.744901,22,1727.006091
7.967785,24,1727.617096
6.303356,19,1728.113603
2.922365,22,1728.680046
8.378943,24,1729.290731
6.979581,21,1729.83286
6.370647,20,1730.338154
7.202855,21,1730.885871
7.380305,21,1731.569858
6.591579,19,1732.154585
7.604679,22,1732.848378
5.957055,19,1733.359831
6.217382,19,1733.853307
7.245708,22,1734.423833
5.818546,18,1734.891773
4.810619,16,1735.317076
7.622104,23,1735.904326
6.391927,20,1736.420735
1.711357,20,1736.939103
6.30895,18,1737.399106
7.040838,22,1737.951159
2.546789,21,1738.493106
8.24738,24,1739.103445
7.577632,22,1739.669766
8.849032,24,1740.284206
6.647485,20,1740.802806
7.406788,22,1741.478499
7.477872,21,1742.061502
6.740182,19,1742.57371
2.973804,22,1743.150975
7.291626,21,1743.695611
8.200853,24,1744.296318
5.775441,18,1744.753736
7.67543,22,1745.320801
6.36717,19,1745.829252
7.347157,21,1746.51737
3.446939,24,1747.476816
6.883385,21,1748.06284
6.428768,20,1748.579747
2.185983,21,1749.137382
7.021481,21,1749.670105
6.83883,20,1750.178034
6.398736,19,1750.674257
6.391009,18,1751.164212
7.163186,20,1751.768662
8.326423,24,1752.393997
7.807411,23,1753.026749
8.386919,25,1753.679476
4.550746,16,1754.115192
7.746563,22,1754.779008
7.510825,21,1755.347707
7.950633,23,1755.967238
5.538835,17,1756.416324
6.454692,19,1765.830457
7.292487,21,1766.366319
5.674908,18,1766.8219
6.954576,20,1767.322269
8.582056,25,1767.949395
5.937251,19,1768.440083
4.259023,26,1769.095469
2.098531,21,1769.637969
7.673444,22,1770.19997
6.163401,19,1770.667796
5.471228,18,1771.13504
8.346879,24,1771.74095
5.704425,17,1772.185136
6.25662,19,1772.666158
9.104878,26,1773.338045
6.526256,19,1773.817022
3.148027,23,1774.55045
5.979298,19,1775.10565
6.769272,21,1775.674397
2.158355,20,1776.21733
8.007994,23,1776.806624
5.542059,17,1777.379754
8.019501,23,1778.117013
7.234986,22,1778.903351
8.444403,24,1779.65045
6.448138,19,1780.159586
6.465043,20,1780.703695
11.111684,31,1781.493101
6.002636,18,1781.952592
7.375134,22,1782.514443
5.66121,17,1782.937007
8.128447,23,1783.52351
6.232021,20,1784.026222
6.73573,20,1784.666076
5.975021,18,1785.140795
8.181355,24,1785.78057
8.271858,24,1786.405562
5.505668,18,1786.879679
7.486952,22,1787.444996
6.224016,19,1787.912409
6.394318,20,1788.428779
8.274617,25,1789.060408
2.148763,21,1789.605441
6.225914,19,1790.099655
1.759883,20,1790.614175
5.437478,17,1791.048511
7.214157,21,1791.592388
6.286652,19,1792.072548
6.665007,20,1792.560738
7.903149,22,1793.12087
9.01643,26,1793.789506
7.258621,21,1794.3261
7.487702,22,1794.88606
8.493284,24,1795.492389
5.778892,19,1795.984507
8.40284,24,1796.593482
7.588791,22,1797.153785
7.217032,22,1797.728111
6.143778,19,1798.211994
1.647201,20,1798.729297
7.659057,22,1799.289885
6.837798,20,1799.794355
7.801823,23,1800.393629
6.03986,19,1800.898428
7.190494,22,1801.460766
6.495432,20,1801.976117
9.345413,29,1802.688555
6.848599,20,1803.181263
7.254798,21,1803.722031
6.38262,19,1804.217913
7.036336,21,1804.761729
8.142186,23,1805.348655
3.407302,23,1805.936671
2.517105,21,1806.47844
5.451152,18,1807.012444
8.145439,24,1807.694006
6.705207,21,1808.250847
5.774543,18,1808.732423
6.988082,21,1809.263009
7.667949,22,1809.823597
8.033097,23,1810.418577
7.321565,21,1811.117517
6.843768,21,1811.672295
7.841609,24,1812.311268
5.338297,17,1812.763114
5.342996,17,1813.185671
8.079476,24,1813.810055
7.257034,22,1814.357821
6.159218,20,1814.859193
7.065916,21,1815.385865
7.780334,22,1816.049042
7.129779,22,1816.69362
9.614224,27,1817.425403
6.488638,20,1817.950351
7.626741,23,1818.535927
6.648466,19,1819.027604
7.508043,22,1819.58599
9.977907,28,1829.480937
7.803405,23,1830.175148
8.271063,24,1830.932031
7.571929,22,1831.655652
7.416694,22,1832.243346
9.211843,26,1832.932453
4.890012,27,1833.616693
8.018361,23,1834.214079
7.66063,22,1834.776006
8.041472,24,1835.385675
7.509452,22,1835.948039
5.631826,18,1836.419122
7.283353,21,1836.960421
5.961956,18,1837.47845
6.93292,20,1838.101946
8.6055,25,1838.916646
7.427815,22,1839.519551
3.538195,24,1840.153383
7.935119,23,1840.74603
8.696132,25,1841.379174
8.342743,24,1841.999933
7.582227,22,1842.55168
7.212186,21,1843.09151
8.103588,24,1843.699698
3.689525,25,1844.336125
6.889412,21,1844.980273
7.525218,23,1845.724662
6.201789,19,1846.249508
7.58585,22,1846.856612
7.788528,22,1847.434148
7.973085,23,1848.100928
6.664352,21,1848.73111
5.809995,19,1849.269215
6.958083,20,1849.818301
7.550451,21,1850.360437
6.294529,20,1850.87912
7.999708,23,1851.455703
6.765757,21,1852.00969
4.928342,17,1852.542049
3.716483,24,1853.195315
7.823099,23,1853.810743
6.767517,20,1854.330996
5.173397,17,1854.860507
7.475525,23,1856.106541
5.869857,19,1856.61373
6.063084,19,1857.114853
7.066136,22,1857.703151
6.90562,21,1858.23974
7.480887,23,1858.822951
7.645912,23,1859.396402
7.341617,22,1859.94674
6.901448,21,1860.47318
7.502528,23,1861.058417
6.892047,21,1861.597213
6.538577,20,1862.113707
6.775241,20,1862.630841
6.392404,20,1863.150023
7.465778,22,1863.716425
8.280542,23,1864.528833
7.140799,21,1865.071934
6.577476,20,1865.594977
7.700358,23,1866.208936
6.448621,20,1866.72454
7.878008,23,1867.29753
7.451135,22,1867.849507
3.030941,23,1868.451962
8.105721,23,1869.015681
7.176446,21,1869.568748
6.050293,19,1870.066266
5.662256,18,1870.524363
7.123191,21,1871.064011
6.63737,21,1871.605139
8.62355,24,1872.213755
6.316301,20,1872.733815
8.209687,23,1873.310367
9.561734,27,1873.993058
5.982463,19,1874.488244
5.79906,19,1874.986603
6.216093,19,1875.468844
7.052166,21,1876.008967
8.320801,24,1876.624441
5.839584,18,1877.199667
6.573837,20,1877.800877
3.06402,23,1878.431352
9.700131,27,1879.312124
7.891209,23,1879.995861
9.093954,26,1880.72253
5.529824,18,1881.410713
6.358416,20,1882.044119
6.470589,20,1882.63822
5.79804,18,1883.135319
6.626601,19,1883.641704
5.65765,18,1884.104682
7.229044,21,1884.631042
7.255048,21,1894.262544
5.999777,19,1894.743961
7.96115,23,1895.327791
7.428624,21,1895.864631
5.963548,19,1896.342656
8.469995,24,1896.959901
6.979712,21,1897.49732
7.904469,23,1898.082304
6.740047,20,1898.583294
6.459665,20,1899.111141
6.732567,20,1899.623218
5.657524,18,1900.065768
7.142382,22,1900.639343
7.429129,22,1901.235809
7.020255,22,1902.060524
5.205658,28,1902.812356
5.737753,18,1903.306386
6.560918,21,1903.861562
6.775671,21,1904.403186
5.391355,17,1904.823845
6.568441,21,1905.360104
6.417701,20,1906.061259
3.720493,25,1906.712071
7.143964,22,1907.29156
8.247085,24,1907.935854
2.067233,21,1908.464174
6.047473,19,1908.948564
9.792404,28,1909.673067
5.67043,19,1910.17127
5.893938,19,1910.653917
9.687149,28,1911.493636
7.372206,22,1912.075827
5.142363,17,1912.521815
8.182299,24,1913.159335
8.130822,24,1913.769605
8.433265,24,1914.390222
5.423596,17,1914.824287
5.75333,18,1915.292721
7.039385,21,1915.852471
7.225379,22,1916.528539
5.884388,19,1917.049581
6.109911,19,1917.562374
7.769777,23,1918.170836
2.368799,22,1918.7321
8.926207,26,1919.382524
7.919319,23,1919.970147
5.669222,19,1920.452954
6.95881,21,1920.993987
7.127596,21,1921.540884
6.533857,20,1922.039882
2.954655,23,1922.620449
7.606319,23,1923.20242
7.447815,23,1923.82024
7.092875,22,1924.651963
9.269428,27,1925.437848
6.539119,20,1925.991791
6.691991,20,1926.525215
6.83431,20,1927.043135
3.386131,23,1927.644465
8.427869,24,1928.252125
5.958394,18,1928.717773
8.636062,24,1929.320943
6.976878,21,1929.84385
5.990883,19,1930.308013
8.534913,24,1930.915696
6.812579,21,1931.453438
10.07525,29,1932.176414
7.27515,21,1932.715654
6.335811,19,1933.206735
7.518609,22,1933.766318
4.551795,27,1934.456312
6.902685,21,1935.006739
7.981638,23,1935.591449
7.697789,22,1936.209002
6.0983,19,1936.828856
5.739087,18,1937.294558
8.058452,23,1937.925413
8.067486,24,1938.546099
7.311486,22,1939.107893
2.835508,22,1939.683594
7.527799,23,1940.269043
8.152732,24,1940.866433
7.103086,21,1941.392867
7.134173,21,1941.934155
7.314015,22,1942.499142
6.100147,19,1942.982409
7.303581,22,1943.627959
8.432811,23,1944.336244
6.058372,18,1944.836414
6.196219,19,1945.349625
7.63211,22,1945.930099
2.446888,22,1946.492487
12.230733,34,1947.337919
7.554799,22,1947.899292
5.924003,19,1948.370933
5.74606,18,1958.092748
4.959143,17,1958.524522
6.626193,20,1959.046572
2.299296,21,1959.58566
7.322264,21,1960.117908
7.978317,23,1960.698084
7.529078,22,1961.25495
7.165735,21,1961.817267
8.618893,24,1962.809723
8.164909,23,1963.558412
2.545861,22,1964.193093
6.64937,20,1964.728052
7.17094,21,1965.266268
2.596829,22,1965.842777
7.008937,21,1966.377816
7.173702,21,1966.901646
6.455497,20,1967.400976
2.206772,21,1967.936787
6.876778,21,1968.46019
5.931021,18,1968.925009
6.086226,19,1969.400867
7.784463,22,1969.957927
4.638905,16,1970.338986
6.451188,19,1970.815793
7.310555,22,1971.363818
7.484655,21,1971.901456
6.854337,20,1972.411251
6.580141,20,1972.908116
4.962739,17,1973.35075
7.787775,22,1973.909283
5.155915,17,1974.567298
7.234323,21,1975.199142
7.170897,21,1975.827907
6.51785,20,1976.373825
6.969818,21,1976.907566
6.682797,20,1977.418603
8.963717,25,1978.04963
5.160164,17,1978.496917
2.695742,22,1979.05007
7.079535,21,1979.710375
6.716973,20,1980.251572
5.898158,19,1980.770284
6.062854,19,1981.273207
7.692903,22,1981.805731
5.756562,18,1982.269269
7.535179,22,1982.824374
8.181133,23,1983.523538
7.028383,20,1984.173476
5.713894,18,1984.700823
5.84145,18,1985.2035
8.600732,23,1985.809371
7.797306,22,1986.370015
6.39107,20,1986.880672
6.762895,20,1987.541617
6.057648,19,1988.04577
6.963965,21,1988.579931
9.436074,26,1989.364608
5.673753,18,1989.832254
5.415878,18,1990.308307
6.919194,20,1990.835386
8.1879,24,1991.444674
6.291162,19,1991.920163
7.264432,21,1992.441452
6.644017,20,1992.955055
5.372565,18,1993.394704
7.880535,23,1993.976198
7.731035,23,1994.556871
6.391418,19,1995.030606
6.483581,19,1995.518421
7.50414,22,1996.074844
5.537659,18,1996.539592
6.555928,20,1997.048704
5.681933,18,1997.512811
7.662872,22,1998.06976
5.218044,17,1998.500827
7.045675,20,1999.013195
6.135641,19,1999.50278
7.535936,22,2000.072881
2.909592,22,2000.631546
2.853263,22,2001.188748
7.566146,21,2001.723586
8.03268,23,2002.304495
7.894754,22,2002.863965
5.6373,17,2003.29434
7.389677,22,2003.990465
8.104272,23,2004.603819
5.957656,19,2005.11527
4.745461,16,2005.534602
6.885696,20,2006.059331
7.264395,22,2006.644547
6.799981,20,2007.24869
7.165752,21,2007.796433
6.36802,19,2008.553056
7.892422,22,2009.151353
7.022615,20,2009.662826
7.443908,22,2010.217809
6.246134,19,2010.686958
7.330721,21,2011.207127
6.37872,19,2011.681399
5.123852,17,2012.111064
6.816139,21,2021.984092
7.277625,22,2022.542065
6.177671,19,2023.030974
4.522155,16,2023.436157
5.671634,18,2023.873752
6.842475,20,2024.438953
8.438764,24,2025.23097
2.808143,23,2025.931215
7.948833,22,2026.529629
6.386029,19,2027.031906
6.761641,21,2027.577825
8.146369,23,2028.170459
6.792696,21,2028.705283
1.76958,20,2029.349144
8.028468,23,2029.946404
6.038652,19,2030.435737
7.769624,22,2031.005532
7.010241,21,2031.526627
6.944921,21,2032.0584
7.620336,22,2032.620866
7.885448,23,2033.266795
7.475152,22,2033.885984
7.608112,22,2034.447356
6.040214,19,2034.935164
8.467957,25,2035.558128
7.351108,22,2036.115954
6.058105,19,2036.591992
7.328728,21,2037.126943
9.082229,25,2037.76972
6.480744,20,2038.272073
8.115994,23,2038.969135
5.768488,18,2039.461406
6.051224,19,2039.953926
7.332782,22,2040.526716
7.128377,22,2041.124735
8.037416,22,2041.746568
6.522324,20,2042.275738
7.532446,22,2042.844727
6.218643,19,2043.33805
5.744343,18,2043.802239
6.64135,21,2044.309358
6.156992,19,2044.786098
7.82918,22,2045.341269
6.687852,20,2045.850903
5.701909,18,2046.302114
6.750888,20,2046.811634
6.52243,20,2047.325075
5.735656,18,2047.790173
7.168292,21,2048.311082
7.910167,23,2048.891238
6.121501,19,2049.380244
6.801794,20,2049.892392
5.307035,17,2050.323172
7.63845,23,2051.034927
7.258161,21,2051.770099
6.480285,20,2052.321752
5.772388,18,2052.816277
9.205574,25,2053.456674
7.637307,22,2053.999315
9.469221,26,2054.661595
8.905255,25,2055.304369
7.432643,22,2055.863858
8.075114,23,2056.445131
5.926735,19,2056.934994
6.751964,20,2057.450523
7.092774,21,2057.986234
8.455593,24,2058.574248
6.595733,20,2059.086659
7.817538,22,2059.660729
3.440169,23,2060.245001
7.472809,22,2060.804042
6.071646,19,2061.292475
3.22297,23,2061.874794
6.825855,21,2062.409586
6.459472,19,2063.077025
6.031585,19,2063.578629
6.286673,20,2064.105787
7.71366,22,2064.692339
7.54276,22,2065.254427
6.870672,21,2065.788843
6.457752,19,2066.264894
6.478949,19,2066.739021
7.469674,22,2067.295902
5.614837,18,2067.737648
8.019905,22,2068.297191
5.914909,19,2068.760735
3.425135,23,2069.337642
6.162252,19,2069.799723
8.004087,24,2070.394784
5.434239,18,2070.862505
8.448546,24,2071.463746
6.505582,20,2072.080494
7.538637,22,2073.07965
7.511995,23,2073.672182
9.417009,26,2074.346758
5.753337,18,2074.79955
7.230769,21,2075.334929
8.107929,23,2075.914028
6.361231,20,2085.743232
7.981761,23,2086.407249
7.231537,22,2087.087573
6.105253,20,2087.701873
8.211692,23,2088.306638
2.841019,22,2088.892841
7.407802,22,2089.455589
6.929287,21,2089.977246
4.789288,17,2090.393954
7.074792,21,2090.929546
6.960462,21,2091.451433
7.392438,22,2091.994507
6.904382,21,2092.543181
6.858967,20,2093.138943
6.345668,20,2093.655208
7.197656,21,2094.211288
8.93586,26,2094.903278
7.370385,22,2095.518091
6.81498,20,2096.091189
6.049914,18,2096.57003
1.420063,19,2097.077462
7.537432,22,2097.645437
7.154231,21,2098.185837
7.286846,21,2098.724987
3.497668,24,2099.332558
6.261738,19,2099.822609
3.058872,23,2100.405055
7.667052,23,2100.986848
7.477876,22,2101.547312
7.384403,21,2102.110085
5.951844,18,2102.681862
7.776582,23,2103.294593
2.561116,22,2103.884744
7.477459,22,2104.464109
6.533703,20,2104.963065
7.984627,24,2105.566022
6.514875,20,2106.077934
2.714127,22,2106.639405
7.50289,23,2107.220899
7.247112,22,2107.788471
6.578933,20,2108.270453
7.893589,22,2108.811793
5.894418,19,2109.350653
7.760596,23,2110.09585
5.237097,17,2110.535701
9.294501,26,2111.214193
6.935976,21,2111.757828
8.077363,23,2112.324663
6.451279,20,2112.815803
6.754339,20,2113.348312
7.65302,22,2114.343512
6.123896,19,2115.104126
7.520173,22,2115.686769
8.29411,24,2116.351794
7.373484,22,2117.009449
2.713779,22,2117.599831
8.093625,23,2118.213787
4.081783,15,2118.631451
7.555046,22,2119.191067
7.162117,21,2119.726084
6.392485,19,2120.212481
6.002028,19,2120.686428
6.50751,20,2121.184899
5.80488,19,2121.646597
7.619062,22,2122.1926
3.227979,23,2122.789421
3.487816,24,2123.393854
6.976566,21,2123.928339
9.329762,26,2124.593219
3.41039,24,2125.19728
7.404464,22,2125.846577
6.431144,20,2126.488742
10.234378,28,2127.240215
8.689924,23,2127.853369
7.311254,22,2128.404797
6.568587,20,2128.903307
8.044381,24,2129.507889
8.52314,24,2130.181288
6.455806,20,2130.899307
8.106357,23,2131.515844
8.503695,23,2132.128323
8.223015,24,2132.754595
7.070152,21,2133.303205
7.067801,21,2133.821631
7.366409,22,2134.484696
7.247357,22,2135.078574
6.14057,19,2135.596881
6.673029,20,2136.135751
9.002511,26,2136.809006
8.409286,24,2137.409668
7.033053,21,2137.942537
8.047651,23,2138.52115
7.548796,22,2139.076095
8.030946,23,2139.920688
5.895329,18,2140.403802
7.528632,22,2150.411663
6.967644,21,2150.946781
7.414125,22,2151.504006
7.233426,22,2152.061691
6.81515,21,2152.570524
8.100818,24,2153.157698
5.986693,19,2153.646133
6.531542,20,2154.143375
7.444659,22,2154.699995
7.595069,23,2155.279408
7.873241,23,2155.993109
7.558057,22,2156.59096
7.587904,23,2157.322529
7.837589,23,2158.028314
8.567492,24,2158.705353
7.215042,22,2159.275034
8.358649,24,2159.907052
7.350734,21,2160.496177
6.409471,20,2161.123268
7.655563,22,2161.69371
5.735064,18,2162.146058
6.983241,21,2162.695083
6.781467,20,2163.209159
6.078004,19,2163.684192
6.969409,21,2164.204189
8.172806,24,2164.807453
5.992006,19,2165.283688
7.137851,22,2165.845227
2.532773,22,2166.461646
6.056386,19,2167.008625
3.060516,23,2167.591497
8.473505,24,2168.214635
8.322825,23,2168.803292
5.559888,18,2169.255614
7.037811,21,2169.787928
6.972221,21,2170.322984
7.011552,22,2170.881906
5.956384,19,2171.372231
7.640927,22,2171.931077
1.971504,21,2172.467301
8.926909,25,2173.09371
3.994034,25,2173.7335
8.302933,24,2174.332209
7.316406,21,2174.863888
6.857051,21,2175.395084
8.754427,26,2176.054553
7.765555,23,2176.61982
8.057986,24,2177.234518
7.408923,22,2177.788886
7.806374,23,2178.377835
7.606282,23,2178.955609
3.64963,25,2179.577942
7.458706,22,2180.236837
4.251238,26,2180.994007
5.976884,19,2181.493341
5.782453,19,2181.990656
4.912964,17,2182.412723
7.155757,22,2182.941973
7.555434,22,2183.48461
6.424666,20,2183.996037
7.066456,20,2184.509278
6.836143,21,2185.030422
3.582719,24,2185.634652
5.796923,19,2186.122573
3.864456,24,2186.726102
8.353449,25,2187.366689
8.046986,23,2188.053753
6.889634,21,2188.617286
6.969041,21,2189.165705
8.660495,25,2189.822347
7.296597,22,2190.558827
3.668966,25,2191.207211
7.704623,23,2191.805725
1.091009,19,2192.304832
8.085736,24,2192.908558
6.586558,20,2193.420103
7.585336,23,2193.988461
7.669579,23,2194.568739
6.960169,21,2195.089191
7.80439,23,2195.668019
6.885998,21,2196.200677
6.507895,20,2196.683663
6.781963,21,2197.215563
5.915775,19,2197.701959
6.568525,20,2198.197674
6.224419,19,2198.686871
7.793492,22,2199.2425
7.777712,23,2199.821227
6.332446,20,2200.330011
7.93163,23,2200.905329
6.400606,20,2201.400156
3.45817,24,2202.001923
7.814218,23,2202.695235
7.410043,22,2212.601952
5.922232,19,2213.079213
3.596158,26,2213.718909
7.924621,23,2214.318561
7.045863,21,2214.973179
7.949413,23,2215.584253
6.588697,21,2216.145335
6.760635,21,2216.695799
8.187215,24,2217.446845
7.183561,22,2218.031254
2.173075,21,2218.593563
5.797287,19,2219.095022
8.983062,26,2219.730465
7.094865,22,2220.289991
5.445515,18,2220.730678
6.596793,21,2221.249625
8.17059,24,2221.850872
8.081254,25,2222.484334
9.054493,26,2223.15422
8.642797,26,2224.232819
7.33236,22,2224.829316
9.244616,27,2225.704845
8.706214,25,2226.400027
6.63233,21,2226.966062
7.625435,23,2227.572723
7.848402,23,2228.153297
7.911486,23,2228.746689
8.084217,24,2229.349583
3.952306,27,2230.008716
7.77964,23,2230.733391
7.610491,23,2231.346557
7.962987,24,2231.984749
6.926836,21,2232.54116
4.593957,27,2233.336907
8.404412,25,2233.981603
9.385305,27,2234.687961
6.788538,21,2235.215018
8.115398,23,2235.782115
8.146883,24,2236.371737
4.950607,17,2236.788131
7.397782,23,2237.342762
6.526366,20,2237.823845
8.025192,24,2238.437435
9.364474,27,2239.11928
2.330127,21,2239.65301
6.376936,20,2240.163571
6.96501,22,2240.695372
6.7694,21,2241.212606
9.346802,27,2241.897002
7.342609,22,2242.451913
6.58283,21,2242.985342
8.108725,25,2243.610196
6.795976,21,2244.144101
7.200637,22,2244.699391
8.831126,25,2245.339183
8.948673,26,2246.111046
8.000183,23,2246.719749
9.634808,27,2247.426238
6.355636,20,2247.957061
6.872711,22,2248.653645
8.420535,25,2249.359383
6.223206,20,2249.899843
6.940363,21,2250.459893
5.547287,18,2250.924027
3.417246,24,2251.526218
8.240739,24,2252.130206
6.476227,20,2252.64205
7.72903,23,2253.22597
8.518697,25,2253.85401
6.816647,21,2254.386698
7.729524,23,2255.022681
5.93132,19,2255.676728
4.860227,28,2256.407408
8.543974,25,2257.068611
5.217309,17,2257.512203
7.62465,23,2258.089633
7.562769,22,2258.632407
5.775463,19,2259.118693
8.479987,25,2259.743009
5.818169,19,2260.229944
8.666882,25,2260.866986
8.045988,24,2261.589293
7.670832,22,2262.208718
9.003773,26,2262.95664
7.197537,22,2263.594429
7.42537,22,2264.179873
7.664317,23,2264.844916
7.034669,21,2265.443638
6.863474,21,2265.998889
6.920011,21,2266.556091
7.795555,23,2276.995147
6.79924,21,2277.517397
6.798939,21,2278.038286
7.781775,23,2278.620832
6.352102,20,2279.13176
3.026315,24,2279.731158
7.303012,23,2280.297541
8.018323,24,2280.900787
7.692378,23,2281.480304
5.318325,18,2281.931799
5.955405,20,2282.440248
7.169269,22,2282.996139
6.016646,19,2283.598778
1.82722,21,2284.153748
7.275262,22,2284.735028
6.868035,21,2285.270894
6.63506,21,2285.809454
5.939138,19,2286.284284
8.795938,25,2286.908323
6.061417,20,2287.468948
7.628876,23,2288.133172
7.331586,22,2288.911735
6.404812,20,2289.467493
6.580975,21,2290.025094
3.181049,24,2290.643928
3.351726,24,2291.25083
8.206371,24,2291.865802
6.776575,21,2292.399343
7.228241,21,2292.94509
2.024204,21,2293.642108
7.988933,24,2294.41011
8.204193,25,2295.068204
7.245773,22,2295.653344
6.645471,20,2296.175584
9.239441,27,2296.83444
7.05656,21,2297.370604
7.066313,21,2297.907979
7.993256,23,2298.487683
1.803293,21,2299.023265
7.43436,22,2299.58381
6.735036,20,2300.083452
7.160168,22,2300.639909
6.62872,20,2301.149831
8.370296,24,2301.754962
8.021271,23,2302.336815
6.198904,20,2302.844262
4.825206,28,2303.549553
8.301973,25,2304.173446
8.072466,24,2304.763108
6.10879,20,2305.25968
6.80286,21,2305.793467
8.163194,24,2306.394219
5.883397,19,2306.868599
7.536614,23,2307.461267
7.695192,23,2308.042952
7.394556,22,2308.611301
8.060665,24,2309.214389
9.19538,26,2309.876761
6.501173,21,2310.49179
7.323995,22,2311.177526
8.53279,25,2311.818819
7.311164,22,2312.374227
7.778362,23,2312.954356
7.247921,22,2313.50025
8.802176,25,2314.184688
7.196027,22,2314.843731
6.064292,20,2315.381253
6.460275,20,2315.919871
7.718632,23,2316.505442
5.405289,18,2316.956677
6.341822,20,2317.54327
7.26364,22,2318.138524
2.312594,22,2318.72666
5.600548,19,2319.214156
7.752019,23,2319.801335
6.865402,21,2320.335321
5.794607,19,2320.810528
7.08322,22,2321.368337
6.262361,20,2321.880809
7.333792,22,2322.439923
7.285587,22,2322.985828
8.611685,26,2323.622474
8.195923,24,2324.239921
7.13404,21,2324.776124
7.383607,23,2325.346879
7.822043,23,2326.118761
6.838947,21,2326.672193
6.28881,19,2327.175949
8.298996,24,2327.809652
5.820289,19,2328.28404
7.320676,22,2328.831309
6.943909,21,2329.363795
7.598617,23,2329.927958
4.298323,27,2339.973611
6.805261,22,2340.528517
5.438763,18,2340.979673
3.762646,26,2341.640747
7.363227,22,2342.168737
8.707151,25,2342.863345
2.411511,22,2343.46736
7.235516,22,2344.024793
7.909835,24,2344.64028
8.361505,25,2345.267936
6.286628,20,2345.781242
5.835937,19,2346.270693
9.002221,26,2346.918949
7.488687,23,2347.488244
6.366604,20,2348.001501
6.840925,21,2348.536758
8.614302,25,2349.161871
6.259658,20,2349.670925
8.632168,26,2350.319781
6.680698,21,2350.853773
9.240558,26,2351.517061
7.005351,21,2352.037105
6.632985,21,2352.573492
7.959295,23,2353.141729
7.134881,22,2353.700427
7.943683,24,2354.65429
6.46543,20,2355.248719
7.537564,23,2355.964278
1.430655,20,2356.502602
5.939976,19,2357.007268
8.083392,24,2357.676208
6.19743,20,2358.276955
5.912169,20,2358.788296
4.557173,27,2359.497346
6.895613,22,2360.052599
6.356853,20,2360.551869
2.596318,23,2361.133027
8.395781,25,2361.759537
7.410978,22,2362.31777
7.702798,23,2362.896323
7.351861,23,2363.473708
5.238936,29,2364.204216
7.30259,22,2364.750411
7.55225,23,2365.330843
7.398691,23,2365.909958
7.573414,23,2366.489952
1.659425,20,2366.988343
8.197254,24,2367.604552
6.88488,22,2368.252837
6.234924,20,2368.770461
6.919171,22,2369.340919
7.370959,22,2369.91168
6.212647,20,2370.45105
6.872662,21,2371.115543
7.730663,23,2371.713536
7.969506,23,2372.320467
8.362008,25,2372.976325
6.629246,20,2373.471288
8.160502,25,2374.094027
8.266183,24,2374.697012
8.334726,24,2375.31274
3.226448,24,2375.915101
7.189687,22,2376.503336
8.954065,26,2377.254558
7.668588,23,2377.863598
6.175018,20,2378.386016
7.769721,23,2378.980903
7.444324,23,2379.559623
5.724901,19,2380.033337
5.993395,19,2380.536984
2.705893,23,2381.219545
10.065446,29,2381.989382
6.274971,20,2382.529389
2.727328,23,2383.373176
6.643127,21,2383.916417
7.317752,22,2384.506202
7.493215,23,2385.12593
5.93734,19,2385.608538
8.42194,25,2386.231722
6.965349,21,2386.766038
7.750066,23,2387.344823
6.021886,20,2387.854693
5.631555,19,2388.316071
5.391996,18,2388.82375
7.258449,22,2389.455361
6.954058,21,2390.092768
7.293479,22,2390.791122
7.468382,22,2391.4689
7.101096,22,2392.064499
6.487919,21,2392.602459
5.618563,19,2393.099919
6.847313,21,2393.624619
6.360754,20,2404.125382
9.111198,27,2404.810707
5.970107,19,2405.284178
8.257988,25,2405.926886
6.623589,21,2406.459965
8.617503,26,2407.108115
9.077325,26,2407.756629
6.68181,21,2408.290654
5.543226,18,2408.756113
5.745667,19,2409.218956
7.954824,24,2409.902015
6.496271,20,2410.48253
8.903915,26,2411.147392
6.571398,21,2411.681568
7.176864,22,2412.243734
5.895597,19,2412.731932
7.310791,23,2413.314357
7.044628,22,2413.914078
6.9839,22,2414.573947
8.116344,25,2415.216246
7.635298,23,2415.814781
6.871619,22,2416.366282
3.57779,25,2416.993639
7.192737,23,2417.741969
8.99214,27,2418.828409
7.499659,23,2419.450923
8.161622,24,2420.08435
3.507363,25,2420.835989
6.323982,21,2421.429662
5.322747,18,2421.908502
8.202261,24,2422.528763
7.959045,24,2423.137256
7.723568,23,2423.731465
6.906149,22,2424.287158
9.195016,26,2424.937721
8.95216,26,2425.603247
6.916664,22,2426.163066
5.728737,19,2426.763505
5.988516,19,2427.301985
5.523173,18,2427.783234
6.69502,21,2428.333602
3.100321,24,2428.950107
6.916972,21,2429.485934
8.210835,24,2430.102118
8.057161,25,2430.729474
8.249641,25,2431.359493
7.810734,24,2431.965959
7.992581,24,2432.568887
5.262109,18,2433.008694
6.848632,21,2433.532849
7.219881,22,2434.09169
3.272446,24,2434.697917
5.341214,18,2435.140686
7.416594,22,2435.703584
5.887933,19,2436.192518
7.925818,23,2436.744946
6.450681,20,2437.254599
2.255751,22,2437.809556
8.010545,24,2438.41273
6.567862,21,2438.932491
6.253083,20,2439.430602
7.045318,23,2440.012695
4.572064,28,2440.874817
7.419323,22,2441.462563
6.309542,20,2442.000811
6.820195,21,2442.556555
8.573663,25,2443.180717
7.957476,24,2443.781981
6.723861,20,2444.279055
7.135287,22,2444.835342
7.078144,21,2445.368332
6.503479,20,2445.867179
5.885047,19,2446.330972
7.852669,23,2446.909004
7.167843,22,2447.479044
6.369247,20,2447.977984
9.091386,26,2448.62774
7.489899,23,2449.206828
6.791127,21,2449.740019
8.806808,26,2450.388321
7.339936,23,2450.952358
4.470043,28,2451.660768
8.060317,24,2452.278161
5.847109,19,2452.767765
7.628831,23,2453.346365
8.524837,25,2453.971205
7.818146,24,2454.560418
7.169516,22,2455.119225
4.31932,27,2455.804446
7.98647,24,2456.393147
7.42994,23,2456.987246
7.112055,22,2467.083553
6.248063,20,2467.570507
7.014911,22,2468.12975
6.997586,22,2468.685879
5.502093,19,2469.165046
6.917295,22,2469.722537
5.798689,19,2470.186182
5.915885,19,2470.678712
2.376013,22,2471.261503
6.53552,21,2471.984959
3.878116,26,2472.742236
4.464863,27,2473.433053
8.219123,25,2474.060512
6.758415,21,2474.687724
7.842744,23,2475.292228
8.08359,24,2475.91192
8.119427,25,2476.550162
5.776451,19,2477.037544
9.083753,27,2477.853014
7.9102,24,2478.563817
7.466157,23,2479.182352
6.918401,22,2479.772531
3.248882,24,2480.37711
5.471011,19,2480.851399
2.208567,22,2481.40824
6.024638,20,2481.918861
2.679271,23,2482.487193
8.52085,25,2483.111698
9.104842,26,2483.760347
6.557408,20,2484.258582
7.445931,23,2484.864583
5.13555,18,2485.537367
7.738868,23,2486.202482
8.970874,26,2486.896031
8.045449,24,2487.517181
5.840832,19,2488.009951
8.023916,24,2488.612337
8.116257,24,2489.21412
8.497062,25,2489.854283
7.860548,24,2490.456883
8.205934,24,2491.04853
3.085458,24,2491.652741
7.125124,22,2492.196962
8.174049,24,2492.803142
6.160263,20,2493.303821
5.679549,19,2493.780385
7.140297,23,2494.361707
7.300218,22,2494.906893
1.804303,21,2495.444353
5.216449,18,2495.89871
7.479083,22,2496.455193
6.039785,19,2496.944258
8.128692,24,2497.547677
7.946551,24,2498.150898
6.864291,21,2498.724095
7.203456,23,2499.52885
7.045227,22,2500.086708
5.985523,20,2500.600713
8.761581,26,2501.25491
7.6126,23,2501.835083
8.726228,26,2502.482459
7.405512,23,2503.062545
7.494159,22,2503.619099
7.97289,23,2504.21362
2.750317,23,2504.958107
6.534526,21,2505.521477
6.576714,20,2506.13929
6.349161,20,2506.700737
8.222017,24,2507.442582
7.635158,23,2508.134015
7.960198,24,2508.775845
8.499779,25,2509.415547
7.842887,23,2509.999217
8.633425,26,2510.661298
7.308696,22,2511.206783
6.133497,20,2511.703402
7.717238,24,2512.306451
7.322017,22,2512.876696
6.459876,21,2513.625841
7.9498,24,2514.245764
7.259561,22,2514.819066
7.471923,23,2515.422685
8.902408,26,2516.073404
7.796196,23,2516.641227
6.458447,21,2517.177309
7.205347,22,2517.745848
7.088463,22,2518.448594
7.174336,22,2519.203621
7.395287,23,2520.017415
7.377008,22,2520.643247
9.125037,27,2521.364976
5.384589,18,2532.166378
8.609603,25,2532.824966
4.414569,26,2533.504048
6.996027,21,2534.02652
5.617581,18,2534.479402
6.529362,20,2534.990871
8.08186,24,2535.596957
5.815662,19,2536.07393
7.715317,23,2536.653351
5.879617,19,2537.234193
7.350992,22,2537.83279
6.958993,21,2538.381489
8.861312,26,2539.045809
7.954076,23,2539.642616
8.38313,25,2540.27047
2.775772,23,2540.851601
7.499925,23,2541.43264
6.849781,21,2541.967331
5.677658,19,2542.443844
7.018367,22,2543.223592
7.49025,22,2543.791929
8.815742,25,2544.430529
8.827173,25,2545.085355
6.3488,20,2545.585344
7.220928,22,2546.129833
8.371417,24,2546.734223
7.100455,22,2547.26815
6.506646,20,2547.903395
5.960164,19,2548.405344
6.931572,22,2548.978447
7.524878,22,2549.546385
8.229994,24,2550.151984
7.960502,23,2550.719334
9.249364,27,2551.406113
7.400539,22,2551.975461
10.398958,28,2552.669038
6.869846,21,2553.191182
6.138172,20,2553.68951
6.859412,21,2554.209906
7.792728,23,2554.803854
8.438008,25,2555.431402
7.357774,22,2555.976854
8.038405,23,2556.558441
5.921366,19,2557.047307
6.604385,21,2557.570061
4.790197,28,2558.282932
7.020177,22,2558.840611
6.70955,21,2559.363519
7.503102,23,2559.9479
7.661834,23,2560.529999
5.437824,18,2560.999601
8.148767,24,2561.603867
5.842557,19,2562.080739
6.967768,21,2562.617158
3.534365,25,2563.24451
3.381881,24,2563.848989
7.638856,22,2564.408703
3.733865,25,2565.054649
4.298924,26,2565.819047
7.764904,23,2566.447891
8.547195,25,2567.108356
7.1798,22,2567.670429
4.40693,27,2568.355597
7.353953,22,2568.916018
6.006763,19,2569.392919
8.657883,25,2570.018875
6.959558,21,2570.552412
6.701175,21,2571.072736
0.977867,19,2571.54734
7.950373,24,2572.150023
6.962325,22,2572.705528
7.50516,22,2573.260903
1.984482,21,2573.793268
7.552721,22,2574.349138
7.262454,22,2574.904016
5.803723,19,2575.37566
2.981078,24,2575.991509
7.59772,23,2576.570669
7.152623,22,2577.127429
6.4734,20,2577.640144
5.384423,18,2578.090883
7.190455,22,2578.649697
6.432242,20,2579.161052
6.721163,21,2579.683097
5.608945,18,2580.122129
7.199436,21,2580.693154
6.29332,20,2581.574054
6.181823,19,2582.079846
8.3547,25,2582.726982
6.867249,21,2583.266331
6.906923,21,2583.802404
2.943964,24,2584.411457
7.36259,22,2585.090705
7.674931,23,2595.249769
6.56441,21,2595.772271
7.207675,22,2596.317564
7.318487,22,2596.862844
7.518559,22,2597.421397
8.800894,25,2598.06114
3.616136,24,2598.664937
2.590297,22,2599.4902
5.991534,19,2599.995495
6.699555,21,2600.73793
7.862809,23,2601.349635
7.550156,22,2601.925825
7.535837,22,2602.539538
6.875646,21,2603.203632
8.194848,24,2603.830209
6.773974,20,2604.340772
6.191333,19,2604.825591
7.441052,22,2605.371343
6.740108,21,2605.909092
6.500408,20,2606.420071
6.56866,20,2606.933659
7.492665,22,2607.493191
7.417017,22,2608.051946
6.858085,21,2608.573455
7.797291,23,2609.15198
6.780637,21,2609.683934
7.431032,22,2610.239079
2.404265,22,2610.797475
8.115803,24,2611.400484
5.434073,18,2611.86482
2.823806,23,2612.550953
8.211051,24,2613.315482
7.875387,23,2613.945116
7.446799,22,2614.543295
8.254521,24,2615.184127
7.881475,23,2615.766274
7.281663,21,2616.755212
7.081589,21,2617.304843
8.631857,25,2617.948464
8.436535,24,2618.560771
7.081194,21,2619.207078
7.689615,23,2619.823586
8.09744,23,2620.438307
6.42051,20,2620.97589
8.277246,24,2621.581811
6.576186,20,2622.088163
3.744536,25,2622.829929
6.577638,20,2623.355098
7.439506,22,2623.929377
7.692499,23,2624.518185
3.654492,25,2625.13219
6.492324,20,2625.63058
7.515065,22,2626.313996
7.340258,22,2626.98848
7.266198,22,2627.564094
7.958384,23,2628.174216
7.968523,23,2628.766333
7.98794,23,2629.351321
6.640864,21,2629.875431
7.558867,23,2630.442158
7.149133,22,2630.999457
5.38529,18,2631.466276
8.410503,24,2632.070357
6.973249,21,2632.606327
9.957872,27,2633.560423
7.193286,21,2634.145257
6.913967,21,2634.757842
5.847779,19,2635.437477
8.804374,25,2636.096323
7.989747,23,2636.711497
8.187873,25,2637.350344
7.633224,23,2637.916348
7.261035,22,2638.474903
6.252961,20,2638.957712
6.374453,20,2639.456254
7.442374,21,2639.980242
5.801915,18,2640.420181
7.104186,22,2640.997494
8.950579,25,2641.731628
7.397625,22,2642.429388
7.247026,22,2643.015805
7.193831,22,2643.585867
6.612447,20,2644.122192
3.041389,23,2644.703809
4.162883,26,2645.346258
8.358419,24,2645.953146
5.568557,28,2646.694611
8.154194,24,2647.401984
7.180166,22,2647.970389
7.428613,22,2648.560738
6.184902,20,2649.079644
6.909561,21,2649.615649
6.025815,19,2659.837354
6.728061,20,2660.356726
3.313512,24,2660.965588
6.743602,20,2661.483047
8.190496,24,2662.338117
5.738576,19,2663.107103
7.360837,21,2663.772862
7.548151,22,2664.350149
6.030435,19,2664.859056
6.142822,19,2665.361674
8.868598,26,2666.018331
8.561996,24,2666.623147
6.474391,20,2667.136958
9.000668,25,2667.755308
6.936749,21,2668.292609
7.474847,23,2668.877373
2.244417,22,2669.427172
6.714599,20,2669.943708
7.145197,21,2670.480828
7.831611,23,2671.125417
7.049349,21,2671.763689
6.392491,20,2672.290631
6.974025,21,2672.842418
6.414858,20,2673.350611
6.492204,20,2673.85547
8.211258,24,2674.45823
7.292406,21,2675.148315
3.102682,23,2675.744591
7.122235,21,2676.296979
6.083614,19,2676.796357
7.134869,21,2677.316673
7.009596,21,2677.836439
7.078008,21,2678.371406
6.214055,20,2678.86725
8.020924,23,2679.445851
6.405841,19,2679.91984
7.511876,22,2680.476776
5.912456,19,2680.951798
8.06749,24,2681.555161
6.061994,20,2682.066543
5.820401,19,2682.540392
7.839885,23,2683.121907
6.598501,20,2683.636152
5.807433,19,2684.123306
6.629635,20,2684.633061
7.776225,23,2685.214498
2.142794,21,2685.725113
6.10844,19,2686.199819
2.439153,22,2686.765471
7.182727,22,2687.486561
7.291432,22,2688.062355
7.103286,21,2688.612363
7.724186,22,2689.182369
8.860092,26,2689.846641
8.56145,24,2690.450544
7.297294,22,2691.191681
6.87752,21,2691.986049
7.194538,22,2692.66878
7.021217,21,2693.235679
7.038005,21,2693.809063
7.694706,22,2694.390736
8.894566,26,2695.044088
6.645352,21,2695.577707
6.313071,20,2696.079756
6.628878,20,2696.566581
8.47128,24,2697.186428
8.235002,24,2697.791481
3.804351,25,2698.422656
3.498694,25,2699.055416
6.780006,21,2699.59126
8.812846,25,2700.218432
5.971439,19,2700.696026
1.647465,20,2701.207895
8.611221,24,2701.80941
6.476853,20,2702.307683
7.047547,21,2702.838353
7.581512,22,2703.393949
4.44049,26,2704.044015
7.625685,22,2704.615452
7.48766,22,2705.170947
8.334389,24,2705.758036
6.397808,20,2706.566203
5.439931,18,2707.050178
6.923041,21,2707.598078
8.406437,24,2708.214557
7.121506,22,2708.775208
3.29384,24,2709.377876
5.366294,18,2709.829734
6.727642,21,2710.353644
9.069591,26,2711.005007
7.570592,22,2711.561325
7.486886,22,2712.120071
7.3495,22,2712.677943
7.236798,22,2713.223307
7.746504,23,2713.804335
5.370517,18,2724.325994
8.282152,24,2724.92416
9.368352,27,2725.645234
7.452186,22,2726.198517
7.726827,23,2726.860635
7.871073,23,2727.579006
7.516429,23,2728.194577
8.028068,23,2728.853419
5.528529,18,2729.407446
6.718838,21,2729.959389
8.110539,24,2730.582703
6.119501,20,2731.102611
6.025937,19,2731.594661
8.681418,26,2732.246982
7.554267,22,2732.807408
8.214658,24,2733.413368
7.890645,23,2734.000453
9.06034,26,2734.651272
6.413648,20,2735.165107
4.944164,17,2735.585159
1.599996,20,2736.082997
7.719176,23,2736.67531
5.36771,18,2737.099756
5.970741,19,2737.589794
6.612396,21,2738.124652
5.769856,19,2738.613049
4.903333,17,2739.135708
8.185876,24,2739.768872
7.672202,22,2740.343803
6.380394,20,2740.852112
8.620448,24,2741.441458
7.26903,22,2742.121019
8.261361,23,2742.744078
7.341794,22,2743.3444
7.242138,22,2743.936352
7.25595,22,2744.494873
7.953661,23,2745.076411
7.602313,23,2745.656209
6.50395,20,2746.169818
4.555191,27,2746.842958
8.794085,26,2747.525779
3.810422,25,2748.218372
7.593674,23,2748.814155
7.194875,22,2749.386311
7.008874,21,2749.898797
6.809228,21,2750.435673
7.360707,22,2750.980954
6.366901,20,2751.480669
5.624518,18,2751.934816
7.253877,22,2752.492106
7.930395,23,2753.061321
7.369841,22,2753.621705
6.274256,20,2754.122669
6.575478,20,2754.62239
8.771975,25,2755.263151
7.611631,23,2755.858189
8.367984,25,2756.496018
8.117063,24,2757.305664
7.943102,23,2757.87879
6.540765,21,2758.429996
7.974933,24,2759.224155
7.205659,21,2759.790205
7.447574,22,2760.365279
6.860004,21,2760.923772
7.630244,23,2761.507329
6.292033,20,2762.007224
6.238842,20,2762.519516
6.334336,20,2763.018332
7.39407,23,2763.58567
7.350603,22,2764.142651
3.72788,25,2764.782763
5.574593,18,2765.254262
8.296353,24,2765.861483
7.634967,23,2766.441521
7.223261,22,2766.997117
7.589209,23,2767.576925
7.218489,22,2768.135201
7.645111,23,2768.71868
6.907504,21,2769.253182
8.908784,26,2769.914349
6.25299,20,2770.426429
5.094075,17,2770.856857
8.462203,24,2771.460556
7.40151,22,2772.018552
7.850206,23,2772.599867
7.197534,22,2773.156696
10.299288,29,2774.003413
2.895116,23,2774.665578
9.256436,26,2775.41325
6.507311,21,2775.99309
6.260142,20,2776.537291
6.834493,21,2777.0908
3.270484,24,2787.299
5.928728,19,2787.775254
7.562525,22,2788.398769
7.420432,22,2789.150326
5.483484,18,2789.654744
4.148181,26,2790.393791
6.643902,21,2791.019894
7.038232,22,2791.581257
7.469531,23,2792.177023
6.600213,20,2792.747626
7.661694,23,2793.5228
7.87851,23,2794.242429
7.419613,22,2794.817467
8.533928,25,2795.474401
7.623281,23,2796.050214
6.35619,20,2796.537938
9.020887,26,2797.188968
6.772224,21,2797.723243
6.775662,21,2798.259362
5.641599,18,2798.766201
6.362731,20,2799.394253
7.741171,23,2800.133477
5.593879,18,2800.716083
6.7975,21,2801.284617
7.199405,22,2801.851398
7.614473,23,2802.629254
7.1277,22,2803.210866
9.070916,26,2803.877543
5.49828,18,2804.350482
7.153635,21,2804.872503
7.556793,23,2805.454726
5.219366,18,2805.90466
7.659414,23,2806.483862
8.390087,24,2807.085126
5.851339,19,2807.56949
7.689904,23,2808.147374
6.926454,21,2808.682065
6.374404,20,2809.193404
7.15606,22,2810.06345
7.363795,23,2810.646034
8.084067,24,2811.253015
6.98495,21,2811.83536
6.690898,20,2812.331412
7.516454,23,2812.910181
6.698849,21,2813.443486
4.081354,26,2814.080347
7.194933,22,2814.60989
8.621998,25,2815.237315
5.707736,18,2815.688675
3.346934,24,2816.305089
7.375249,21,2816.903445
2.696204,24,2817.628757
5.140553,17,2818.079911
1.979691,21,2818.63283
6.685374,21,2819.18171
7.393145,22,2819.753308
6.727557,21,2820.287
6.962974,21,2820.797026
5.218955,29,2821.529851
7.32564,22,2822.194412
7.500795,22,2822.771233
6.044657,19,2823.277144
6.933702,22,2823.842675
6.260506,20,2824.343745
6.319026,20,2824.857447
7.481019,22,2825.417843
7.152157,22,2825.977058
7.622981,23,2826.55946
7.897042,23,2827.166437
7.428522,23,2827.90022
7.977483,23,2828.521142
5.823309,19,2829.04396
5.164515,17,2829.496051
6.544147,20,2829.99211
6.138081,20,2830.515074
7.31772,22,2831.348428
5.424858,18,2831.802493
8.009363,23,2832.411622
7.418271,22,2832.965039
7.171493,22,2833.521593
7.972545,23,2834.091981
4.020845,26,2834.766838
8.957777,26,2835.429384
3.180041,24,2836.021044
6.268085,20,2836.530958
7.572212,22,2837.087333
5.949918,19,2837.561307
7.404751,22,2838.117454
7.128987,22,2838.662473
6.380288,20,2839.148678
2.245895,22,2839.697173
6.159671,19,2840.186576
6.999253,22,2840.73241
3.976269,25,2841.374493
2.456934,22,2851.987723
7.664045,23,2852.569811
6.608713,20,2853.072505
6.173951,20,2853.58533
7.269918,22,2854.144335
7.788147,23,2854.712482
8.199723,24,2855.322412
8.886236,26,2856.196067
5.707039,19,2856.728986
9.164715,27,2857.44109
7.223155,22,2858.01569
8.709796,26,2858.685658
6.114296,19,2859.17472
6.237773,20,2859.673082
5.474427,18,2860.11349
7.008574,22,2860.671007
6.323151,20,2861.184481
7.174944,22,2861.744591
7.859223,24,2862.34868
9.343251,27,2863.036544
8.467814,25,2863.677569
7.315551,22,2864.236497
8.483509,26,2864.901239
7.754782,24,2865.491916
7.498492,22,2866.050983
8.578858,25,2866.678597
6.658698,21,2867.213193
3.996287,26,2867.862977
6.577724,20,2868.374213
7.089424,21,2868.910389
7.788932,23,2869.590785
6.478058,20,2870.131679
7.69469,23,2870.744052
5.5553,18,2871.206594
9.555621,27,2871.899362
7.083052,21,2872.421445
6.784535,21,2872.967783
5.697699,19,2873.441895
6.439332,20,2873.925066
2.446031,22,2874.46888
8.897326,25,2875.106644
8.459305,24,2875.697164
7.208524,22,2876.256496
7.568143,23,2876.81247
6.444203,20,2877.298784
7.260867,22,2877.856294
6.730356,20,2878.484607
6.8593,21,2879.193253
7.514765,23,2879.981457
7.609597,23,2880.592478
5.759347,19,2881.100935
7.389118,22,2881.665066
4.121204,25,2882.291791
5.062139,17,2882.734674
7.141366,22,2883.407226
3.507979,25,2884.072482
8.108717,24,2884.709608
6.854823,21,2885.266503
5.538253,18,2885.709096
7.492352,22,2886.270286
6.421193,20,2886.772251
7.166741,21,2887.309239
8.707122,25,2887.949612
7.148023,22,2888.497454
8.207156,24,2889.101598
9.916908,28,2889.78575
7.242955,22,2890.346379
8.490085,25,2890.97493
6.359146,20,2891.487018
6.820226,21,2892.023501
8.405753,25,2892.652256
3.244169,24,2893.257179
8.2785,26,2893.906767
8.281021,25,2894.533856
7.854749,23,2895.117646
6.531931,20,2895.605834
6.861165,21,2896.139894
6.978983,21,2896.674953
6.244927,20,2897.187199
6.821873,21,2897.709131
6.432324,20,2898.208434
8.440788,25,2898.848615
2.377599,22,2899.469109
7.806907,23,2900.374993
5.453764,18,2900.823809
7.323438,22,2901.398316
9.780063,28,2902.119842
2.808513,23,2902.703584
5.978135,19,2903.307555
7.537014,23,2903.918017
7.20439,22,2904.508381
6.694381,21,2905.070075
8.269338,24,2916.095246
8.093677,23,2916.674995
7.367749,22,2917.311877
5.724621,18,2917.821332
8.414433,24,2918.439385
5.526156,18,2918.905489
7.830944,24,2919.514809
7.380372,22,2920.074533
7.724411,23,2920.657401
5.493005,18,2921.113484
6.371748,20,2921.624561
2.796784,23,2922.209955
5.26652,17,2922.663983
8.561299,24,2923.385064
8.180677,25,2924.206857
8.309059,24,2924.963658
5.064359,17,2925.449376
6.331286,20,2925.984107
6.99111,21,2926.525568
3.345628,24,2927.223047
5.407343,18,2927.815857
6.651307,21,2928.377616
7.239722,22,2929.150185
9.505213,27,2929.883368
6.834971,21,2930.43164
5.675919,18,2930.899157
7.251473,22,2931.448696
6.169756,19,2931.940113
6.952155,21,2932.47588
6.648701,20,2932.974825
7.664787,22,2933.547988
5.265597,18,2933.989436
6.271282,20,2934.502253
6.949268,22,2935.060283
5.928403,19,2935.549016
7.850051,23,2936.130956
7.390443,22,2936.690576
4.4912,16,2937.097759
4.814483,17,2937.525593
6.582333,20,2938.023939
7.672488,23,2938.602849
7.205854,22,2939.370919
8.81882,25,2940.029413
6.011012,19,2940.518909
3.164687,24,2941.149086
6.570226,20,2941.646887
6.900219,21,2942.180007
2.396355,22,2942.740833
9.296796,26,2943.403838
5.906519,19,2944.042108
7.980803,24,2944.691764
7.833623,23,2945.300275
6.107853,19,2945.814284
7.787252,23,2946.404009
7.512765,23,2946.985121
8.052569,24,2947.575816
8.206394,24,2948.17995
7.991372,24,2948.784548
8.669367,25,2949.422702
8.362569,25,2950.061678
8.090641,24,2950.665694
7.353329,22,2951.195068
6.04849,19,2951.683318
6.630666,20,2952.197463
7.570581,23,2952.763502
9.149439,26,2953.426191
6.861849,21,2953.959864
7.511335,23,2954.528475
6.950674,21,2955.064209
6.133016,20,2955.563741
7.199151,22,2956.122416
7.23564,21,2956.658527
7.730921,22,2957.202788
7.641209,23,2957.798193
1.846892,21,2958.468113
8.045085,24,2959.078645
6.319295,20,2959.6059
2.379868,22,2960.176413
9.015897,26,2960.824343
6.646048,20,2961.324506
9.748204,28,2962.032947
5.148771,17,2962.463832
8.185414,24,2963.053962
7.995519,24,2963.671887
6.03434,19,2964.148466
6.445581,21,2964.684382
0.66299,18,2965.138435
6.103633,20,2965.637334
8.767519,25,2966.277933
7.177891,22,2966.822285
3.437874,24,2967.440322
6.469035,20,2967.923538
6.958897,21,2968.471986
6.821598,21,2968.99395
6.905246,21,2969.515559
7.795233,24,2980.108253
7.067794,21,2980.631086
6.673129,20,2981.140993
5.480781,18,2981.579371
5.996365,19,2982.055024
6.812688,20,2982.554957
9.083445,26,2983.281516
7.021014,21,2983.89284
6.992439,21,2984.428306
9.267776,26,2985.09608
3.097918,24,2985.703063
7.900373,23,2986.303311
8.244218,23,2986.884323
6.589354,20,2987.382615
8.187795,24,2987.974547
8.985821,25,2988.589015
6.182249,19,2989.07872
6.531116,20,2989.591051
7.025067,21,2990.112333
6.3826,20,2990.610302
4.343303,27,2991.310147
7.3692,22,2991.870054
5.896306,19,2992.358291
6.847813,21,2992.865955
5.883247,18,2993.306178
6.680917,21,2993.816374
8.146974,24,2994.422211
7.50199,22,2994.980881
9.441366,27,2995.660367
7.270256,22,2996.245928
5.644515,18,2996.847463
6.033268,19,2997.458119
6.880008,21,2998.010031
7.551428,22,2998.59057
5.569413,18,2999.066385
8.19589,25,2999.705053
7.539139,22,3000.383446
4.883559,16,3000.856696
2.839837,22,3001.425164
7.160236,21,3001.958763
7.989808,23,3002.564219
8.004274,23,3003.155605
8.789877,25,3003.781702
1.947639,21,3004.313299
6.108398,19,3004.785202
7.755402,23,3005.380162
7.288889,21,3006.023207
7.721719,23,3006.715504
6.150103,19,3007.205772
6.077744,19,3007.746014
7.222498,22,3008.413233
7.41299,22,3008.986524
6.479582,20,3009.542349
6.149322,19,3010.181471
7.306422,22,3010.765206
5.721207,18,3011.229949
5.882233,19,3011.732716
6.555161,20,3012.255526
7.864328,23,3012.836487
6.913033,21,3013.483478
8.293098,23,3014.12255
6.645567,21,3014.687768
6.235921,19,3015.203346
7.03899,21,3015.898881
7.842956,23,3016.509593
7.006861,21,3017.062985
7.914367,23,3017.652363
5.570148,18,3018.10566
6.426526,20,3018.603525
7.614725,22,3019.148516
6.351949,20,3019.662033
6.586429,20,3020.188277
7.224939,22,3020.732483
6.811645,20,3021.246254
5.486569,18,3021.714695
6.564423,21,3022.22409
6.884447,21,3022.741962
7.623563,22,3023.402915
8.287924,25,3024.051989
5.632921,18,3024.545385
5.837085,18,3025.006523
7.42694,21,3025.542175
7.091771,21,3026.092316
7.574729,22,3026.65077
8.246748,24,3027.266225
7.831634,23,3028.057798
7.59272,22,3028.648288
7.07666,22,3029.238923
7.613341,23,3029.836368
5.599573,19,3030.324928
5.994487,19,3030.81405
1.839865,21,3031.348781
8.022974,24,3031.945157
8.216146,24,3032.679726
7.491812,22,3033.250965
6.206858,19,3033.756285
9.098632,26,3044.419401
8.898369,25,3045.065575
8.075177,23,3045.665656
3.934628,25,3046.301412
8.187158,25,3047.145768
5.92451,19,3047.663711
7.278373,22,3048.258226
7.467085,22,3048.846932
6.000724,20,3049.347038
7.577653,22,3049.904855
8.605021,25,3050.546427
7.817819,23,3051.125668
2.938801,24,3051.72894
4.544212,27,3052.399584
6.760052,21,3052.932549
7.933135,23,3053.511912
8.085174,24,3054.199832
8.325399,23,3054.798438
6.636722,21,3055.352531
6.312072,20,3055.885183
8.889513,25,3056.722268
6.793002,21,3057.317558
7.942,23,3057.899222
8.564257,25,3058.702911
6.484727,20,3059.280408
6.768309,21,3059.816108
7.665975,24,3060.433936
7.530105,22,3061.011602
7.25934,22,3061.569552
7.866368,23,3062.1499
7.156169,21,3062.685188
6.665168,20,3063.182817
8.441889,24,3063.785145
9.49315,28,3064.493632
7.402442,22,3065.062365
8.295428,24,3066.053091
8.607115,25,3066.704122
7.760976,23,3067.312988
5.95645,18,3067.763662
6.747134,21,3068.283091
7.396226,22,3068.825267
6.260612,20,3069.335608
7.810767,23,3069.91523
6.885817,21,3070.504606
7.677063,23,3071.223199
9.055154,26,3071.907612
6.946521,21,3072.465646
7.647399,22,3073.022097
8.580014,25,3073.645424
8.158665,24,3074.248227
9.36506,27,3074.916732
8.22992,24,3075.520592
3.001886,23,3076.089475
8.534806,25,3076.729708
7.696368,23,3077.313853
8.060058,24,3077.932495
4.819555,28,3078.628644
7.614483,22,3079.186362
6.266554,20,3079.696902
8.323623,24,3080.300416
8.961465,26,3080.950268
8.826947,25,3081.577674
6.790343,21,3082.113298
8.088183,24,3082.718832
8.694056,25,3083.358523
8.324204,24,3083.962857
5.094524,18,3084.429973
7.489165,22,3084.987821
9.063631,26,3085.650409
7.054649,21,3086.172624
6.205168,19,3086.649824
7.397913,22,3087.251718
8.527242,24,3087.944063
7.76701,23,3088.612525
7.610027,22,3089.206012
6.57359,20,3089.706654
7.402471,22,3090.266293
8.526345,25,3090.892495
8.680263,25,3091.52112
7.884851,23,3092.105121
7.089218,22,3092.651189
8.084456,24,3093.242462
2.370676,22,3093.801034
8.616509,25,3094.414901
7.871093,23,3095.150949
7.168061,21,3095.685208
5.589676,18,3096.1358
5.950749,19,3096.595966
3.122172,23,3097.179975
5.448167,17,3097.610981
8.039913,23,3107.919717
6.360027,20,3108.419698
8.146511,24,3109.013118
7.929325,23,3109.606521
4.689383,16,3110.013521
4.388585,27,3110.685845
6.781356,21,3111.316493
5.419427,18,3111.807796
6.795265,21,3112.356606
6.929927,21,3113.042835
7.101198,22,3113.610343
6.557419,20,3114.109581
6.389989,20,3114.605701
6.411042,20,3115.11823
6.653724,20,3115.632757
7.957986,23,3116.212564
5.949356,19,3116.700386
5.843093,19,3117.191082
8.246652,24,3117.795776
6.994239,21,3118.350447
8.899097,27,3119.207098
6.38093,20,3119.739226
6.538255,20,3120.39953
7.118555,21,3120.955426
7.319168,22,3121.542766
7.91346,23,3122.281902
6.274613,19,3122.882984
3.80663,25,3123.63704
4.206618,26,3124.338963
2.98949,23,3124.957046
4.999591,17,3125.403707
5.936147,19,3126.004585
8.372283,25,3126.685361
7.015833,22,3127.288383
8.310449,24,3127.932196
7.705774,23,3128.747963
5.651777,19,3129.254253
9.441883,27,3129.979624
8.597691,25,3130.61957
7.757198,22,3131.176614
8.23828,24,3131.779489
7.228201,22,3132.337849
3.033216,23,3132.917919
7.836849,23,3133.580154
6.754218,21,3134.236778
9.101197,27,3134.942863
7.401135,22,3135.520593
8.016354,24,3136.13806
3.128044,23,3136.715982
7.983569,23,3137.295524
7.295037,22,3137.850789
2.895576,23,3138.44231
6.16835,20,3138.925389
7.671241,23,3139.504521
7.075934,21,3140.038902
6.238506,20,3140.535079
8.052669,24,3141.150965
8.099541,24,3141.854553
4.997195,17,3142.444472
6.354981,20,3142.957358
3.169325,23,3143.552944
7.225461,22,3144.124692
6.918252,21,3144.648595
7.229278,22,3145.205265
7.507231,23,3145.784557
8.23789,24,3146.388728
7.511501,22,3146.934837
7.100297,22,3147.491394
8.279934,24,3148.094698
5.508007,18,3148.547052
6.930478,22,3149.094905
7.294188,22,3149.653337
9.648956,27,3150.310607
8.103433,24,3150.914825
8.836572,25,3151.556479
5.859309,19,3152.005464
8.196119,24,3152.624125
8.300961,24,3153.244035
7.05087,21,3153.768242
7.524595,22,3154.311608
7.823398,23,3155.007085
6.699537,21,3155.640209
7.837622,23,3156.239682
10.146891,28,3156.985427
4.053544,26,3157.642079
7.643076,23,3158.222811
7.164994,22,3158.76913
7.223045,22,3159.300596
8.161339,24,3159.909343
6.264002,20,3160.447788
6.166931,20,3161.04309
7.330078,22,3161.624101
6.730395,20,3172.134469
7.418906,22,3172.814123
7.912503,24,3173.46541
8.696216,25,3174.130923
6.44582,20,3174.645933
8.961647,26,3175.290678
8.508435,24,3175.878578
5.690702,18,3176.343159
6.400015,20,3176.840471
2.365001,22,3177.397987
8.479199,25,3178.024853
5.043973,17,3178.453557
7.141206,22,3179.009928
7.062812,22,3179.5653
4.988946,17,3179.994854
5.815361,19,3180.483692
6.887898,21,3181.018595
5.330632,18,3181.471838
7.878383,22,3182.030743
6.772294,21,3182.567878
8.085168,23,3183.16042
8.939193,26,3184.024244
5.462757,18,3184.730427
8.722426,25,3185.639369
6.259223,19,3186.231063
8.412697,24,3186.857951
6.689075,20,3187.373385
7.224584,21,3187.904782
7.515105,22,3188.463339
8.997849,25,3189.105543
3.434043,24,3189.699766
1.979671,21,3190.235173
1.60553,20,3190.748481
8.603502,25,3191.390799
4.508012,16,3191.784324
6.894434,21,3192.322218
7.781244,23,3192.904191
9.03334,25,3193.795507
6.04642,19,3194.300656
7.042738,22,3194.903096
7.485014,22,3195.492524
4.270081,26,3196.220792
3.199035,24,3196.922154
8.269358,24,3197.560345
6.45154,20,3198.097727
6.888332,21,3198.628776
1.532395,20,3199.140589
6.967466,21,3199.673837
7.617603,24,3200.273967
5.966221,19,3200.763157
6.270191,20,3201.261311
5.130846,17,3201.702204
7.527143,22,3202.257727
9.019685,26,3202.904989
7.014647,22,3203.459398
7.848455,23,3204.129656
6.92843,21,3204.737812
6.285161,20,3205.265087
7.483081,22,3205.833939
6.353182,20,3206.352924
7.807595,23,3206.936231
7.185287,22,3207.48268
7.336278,22,3208.040148
5.991825,19,3208.516444
8.952063,26,3209.179722
9.012427,26,3209.844998
6.693421,21,3210.382218
7.969597,23,3210.963053
6.005641,19,3211.453122
5.881556,19,3211.930993
7.096315,22,3212.488858
6.798221,21,3213.024536
6.904082,22,3213.568204
7.470756,22,3214.101341
7.867804,23,3214.68537
6.469697,20,3215.186976
7.074704,22,3215.735154
6.478321,20,3216.237134
5.930396,19,3216.715277
6.937357,21,3217.236546
7.303665,23,3218.080247
6.324821,20,3218.907386
6.8107,21,3219.504528
9.37786,27,3220.298258
7.250336,22,3220.872711
4.700994,17,3221.328892
8.058167,23,3222.086463
1.536356,20,3222.624374
7.18138,22,3223.198402
9.016127,26,3223.873801
5.683238,18,3224.32838
8.310484,24,3225.064348
6.798369,21,3225.639431
6.930791,21,3226.205714
9.066234,26,3236.954455
6.927617,21,3237.477916
5.674584,18,3237.932622
2.619627,23,3238.516926
6.050565,19,3238.99418
7.073663,22,3239.538519
7.761912,23,3240.125844
7.722761,23,3240.716427
7.385021,22,3241.551295
6.64256,20,3242.124712
7.985396,23,3242.718638
8.618211,25,3243.37252
6.501373,20,3243.85946
8.682697,25,3244.501254
7.305436,22,3245.059129
7.27347,22,3245.618932
6.643309,20,3246.264331
6.635569,21,3246.88478
8.431005,24,3247.522849
7.909213,23,3248.117223
3.238255,24,3248.726053
6.707101,21,3249.249027
6.877383,22,3249.80807
5.547262,18,3250.275823
7.20398,22,3250.835296
7.676794,22,3251.394567
6.852378,21,3251.917965
7.930876,23,3252.500705
7.647302,23,3253.080966
2.496665,22,3253.638111
8.280557,24,3254.243505
6.417284,20,3254.756816
6.154193,19,3255.247782
6.33828,20,3255.868534
7.757417,23,3256.564818
8.44895,24,3257.199608
6.076105,19,3257.712682
2.709582,22,3258.279882
7.358155,22,3258.841289
7.695289,23,3259.531269
6.983541,21,3260.197415
8.861689,25,3260.839503
8.585593,25,3261.487263
7.264095,22,3262.057613
6.001462,19,3262.544952
6.881222,21,3263.079021
7.211275,22,3263.623598
4.910382,17,3264.061876
6.792008,20,3264.666732
7.580016,22,3265.239873
6.868358,21,3265.786458
9.316376,27,3266.479606
7.529495,23,3267.057849
8.663403,25,3267.682663
7.546658,22,3268.225549
7.023392,21,3268.745644
7.503572,22,3269.302966
5.09032,17,3269.716908
6.556356,20,3270.229367
7.449568,22,3270.785029
5.944879,19,3271.260062
6.921487,21,3271.780766
6.478311,20,3272.292889
1.423015,20,3272.791291
7.551653,22,3273.34781
3.458198,24,3273.963991
5.6048,18,3274.612202
6.801388,21,3275.294759
5.917091,19,3275.787801
6.690476,21,3276.341053
7.178197,22,3276.894333
8.473772,25,3277.521448
7.706795,23,3278.10251
6.093247,19,3278.593334
2.902757,23,3279.175953
9.819234,28,3279.944087
6.440537,21,3280.571477
7.160985,21,3281.109523
6.025158,19,3281.609803
5.301289,18,3282.069555
8.103395,24,3282.671569
6.602175,20,3283.184496
6.781937,21,3283.721838
7.163835,22,3284.266974
5.988896,19,3284.74432
7.136955,21,3285.277634
7.839563,23,3285.858124
8.360474,25,3286.48444
7.654844,22,3287.041669
6.61219,20,3287.554383
1.842614,20,3288.068088
8.251572,23,3288.688952
6.604517,20,3289.303746
7.985077,23,3289.915174
6.508226,20,3290.459492
3.571105,25,3301.004719
7.768445,23,3301.576009
7.950947,23,3302.156802
8.419568,24,3302.751724
8.582258,25,3303.379658
7.545676,22,3304.026039
7.742182,23,3304.691683
7.847644,23,3305.318545
8.029549,23,3305.926203
7.639198,22,3306.497389
7.165403,22,3307.054775
8.904518,25,3307.667398
7.761198,23,3308.249451
7.837907,23,3308.832287
8.644026,25,3309.459035
5.844404,19,3309.935704
8.366146,24,3310.540223
8.599354,25,3311.167335
6.475321,20,3311.679445
4.21483,26,3312.328157
6.619981,20,3312.825831
6.246036,20,3313.427625
7.458061,22,3314.03407
7.037531,21,3314.598122
6.435131,20,3315.136849
6.868673,21,3315.718404
6.007841,19,3316.372176
6.929962,20,3316.922862
6.689226,21,3317.459332
8.147405,23,3318.042851
3.578717,25,3318.693124
9.943392,28,3319.389238
3.434503,24,3319.993899
7.325117,21,3320.531299
5.928618,19,3321.123343
8.23511,23,3321.724331
4.442723,16,3322.141717
6.774025,21,3322.799143
7.209453,21,3323.383421
8.378846,25,3324.01693
6.449677,21,3324.548629
5.673977,18,3325.124766
7.823485,23,3325.861698
7.398788,22,3326.546594
7.122905,22,3327.23069
7.151499,22,3327.992494
6.608072,20,3328.541106
8.911149,26,3329.370961
8.410565,25,3330.048498
7.643651,22,3330.639575
5.768706,19,3331.142274
8.333077,24,3331.746309
8.144753,24,3332.335657
8.742036,25,3332.977171
9.581242,27,3333.645421
7.938952,23,3334.235847
6.005937,19,3334.723419
7.797951,23,3335.347164
8.32672,25,3336.070738
5.325559,17,3336.521899
7.826874,23,3337.14365
7.657111,23,3337.721033
6.261635,20,3338.192106
6.095596,19,3338.666651
8.036295,23,3339.246837
8.241537,23,3339.82604
8.564783,25,3340.451183
7.644098,23,3341.031316
7.675534,22,3341.590113
2.208852,21,3342.124615
7.728799,23,3342.832801
6.893976,21,3343.383774
9.00327,25,3344.029674
6.341029,20,3344.539129
2.687026,23,3345.134358
7.724094,22,3345.691716
6.727412,20,3346.189905
7.869591,23,3346.772214
7.585082,22,3347.329117
6.573223,20,3347.829032
7.684836,23,3348.398554
6.374958,20,3348.910426
6.329575,20,3349.41075
6.757779,21,3349.946649
8.163251,24,3350.551618
7.611064,23,3351.13463
7.61981,22,3351.692654
5.876301,19,3352.155807
7.739374,23,3352.738113
7.427951,22,3353.295018
6.012504,19,3353.786035
8.434619,24,3354.402651
8.565842,24,3364.805065
1.462031,19,3365.298311
8.066796,23,3365.897428
6.031006,19,3366.373931
8.542256,24,3366.976801
6.428651,20,3367.488473
6.424702,20,3367.988875
7.963831,23,3368.597735
5.95638,19,3369.218957
5.91189,19,3369.852595
8.268902,24,3370.500921
5.16252,17,3370.953278
7.424274,22,3371.523551
8.433402,24,3372.137277
7.582794,22,3372.703548
7.557073,22,3373.355356
8.773717,25,3374.066402
7.246373,21,3374.620402
7.830062,23,3375.216351
4.009454,26,3375.877735
7.943515,23,3376.456044
6.31192,20,3376.954938
7.601892,22,3377.527588
7.782711,22,3378.072351
5.952795,19,3378.54688
6.606405,20,3379.059237
6.429226,20,3379.571205
6.805948,21,3380.093848
7.342387,22,3380.652411
3.321329,23,3381.233598
5.864246,19,3381.722488
8.038034,23,3382.291232
6.571916,20,3382.79085
7.161188,21,3383.328074
5.664366,18,3383.907655
6.89166,21,3384.491484
6.396924,19,3384.992147
4.515756,27,3385.820489
3.258679,24,3386.486595
7.039609,21,3387.043293
7.22835,22,3387.717164
6.944411,21,3388.272655
6.44055,20,3388.799553
7.448577,22,3389.357843
7.059761,22,3389.903426
6.144638,19,3390.366793
7.09598,21,3390.899785
8.580467,25,3391.541819
6.138158,19,3392.003857
5.508336,18,3392.459636
1.824481,20,3392.958228
8.218404,24,3393.562286
7.166894,21,3394.097786
9.152274,25,3394.738586
6.749958,20,3395.238116
4.278283,26,3395.888075
4.750816,27,3396.576768
5.559183,18,3397.029099
2.05749,20,3397.541353
8.329344,24,3398.132174
10.05583,27,3398.829403
3.081761,23,3399.408738
9.631221,27,3400.078691
7.332635,22,3400.63532
7.086073,21,3401.170578
7.141514,21,3401.705818
3.353336,23,3402.286109
6.9158,21,3402.821177
7.686812,22,3403.37846
8.235266,23,3403.959919
7.189035,21,3404.691803
6.449997,20,3405.260535
6.119929,19,3405.751019
6.787975,21,3406.299917
6.359299,20,3406.817183
6.131314,19,3407.308872
6.259223,19,3407.787008
7.288063,22,3408.357342
8.738969,25,3408.983104
1.687477,20,3409.497081
5.491293,17,3409.94189
7.50432,21,3410.466209
7.037131,21,3411.003103
5.907718,19,3411.482487
7.114232,21,3412.020789
6.277035,19,3412.512324
6.139321,19,3413.003318
5.287145,18,3413.469501
7.576226,22,3414.027409
6.43734,20,3414.541954
6.955105,20,3415.04264
8.826195,25,3415.68253
6.024845,19,3416.275854
6.691913,20,3416.83284
7.333962,22,3417.420779
5.778163,18,3417.880939
6.284488,20,3428.568986
8.430638,23,3429.447351
5.820804,18,3429.919006
7.240546,21,3430.458162
6.779259,20,3430.983732
7.57798,22,3431.528764
7.994578,23,3432.231822
6.345119,19,3432.719429
6.650436,20,3433.248257
6.144313,19,3433.736807
1.020484,18,3434.204571
5.577019,18,3434.671048
7.317767,21,3435.203111
7.837468,23,3435.780468
6.692442,20,3436.355001
7.276764,21,3437.028506
8.32332,23,3437.742538
7.553564,22,3438.337136
7.658321,22,3438.928097
5.967623,19,3439.422836
7.288341,21,3439.956059
8.481044,24,3440.558985
4.639106,26,3441.208319
4.922338,16,3441.668144
7.197527,21,3442.364631
6.874838,20,3442.983318
8.983031,25,3443.707076
7.474763,22,3444.310647
7.487706,21,3444.859871
8.060088,23,3445.45823
7.093103,21,3445.994554
7.376024,21,3446.51694
8.017006,23,3447.097421
7.369168,21,3447.755506
7.62588,22,3448.367664
7.043466,21,3448.922589
6.316037,19,3449.52284
9.40444,25,3450.211248
5.791474,18,3450.703443
7.418141,22,3451.293978
7.147818,21,3451.837043
6.485791,20,3452.324371
4.738089,16,3452.719103
2.564568,21,3453.242113
6.66008,20,3453.754101
7.525055,22,3454.299894
5.791719,18,3454.769206
6.247417,19,3455.262407
8.949144,25,3455.875287
3.116701,23,3456.457138
6.730307,21,3456.990456
6.60571,20,3457.506788
7.296999,21,3458.020366
6.208472,19,3458.498513
6.607062,20,3459.013409
5.51396,18,3459.479833
6.621864,20,3459.991493
7.721208,22,3460.572769
7.512395,22,3461.373783
5.787874,18,3461.858458
7.406975,21,3462.406912
2.891235,22,3462.988782
6.101993,19,3463.489926
7.227332,21,3464.024505
6.258239,19,3464.503477
5.834378,18,3464.943522
6.88927,20,3465.728088
6.177954,19,3466.551036
8.903449,25,3467.208694
6.458308,20,3467.707293
5.822974,19,3468.205642
7.439854,22,3468.764635
7.63548,22,3469.310059
7.173853,21,3469.844908
6.979397,21,3470.379906
3.329291,24,3470.997906
7.00303,21,3471.534251
8.745719,24,3472.129234
7.026885,21,3472.665352
2.213976,21,3473.202574
4.571208,16,3473.600265
6.137767,19,3474.067176
7.66658,22,3474.643775
7.588862,22,3475.204648
6.245682,19,3475.694199
5.717839,18,3476.133859
2.935196,22,3476.694097
6.785464,20,3477.206919
6.870668,20,3477.720614
7.190182,21,3478.259939
7.450994,22,3478.821652
7.493889,22,3479.383125
7.210786,21,3479.908679
7.669961,22,3480.468796
7.830754,23,3481.05171
6.937002,21,3481.747938
7.160048,21,3482.330349
6.76695,20,3482.859876
6.731181,20,3483.384183
7.544269,22,3494.075875
6.456787,20,3494.692981
2.620259,22,3495.250774
6.289729,19,3495.738411
6.928347,21,3496.279605
7.786105,23,3496.862117
7.605197,23,3497.591391
7.437967,22,3498.170717
6.845174,20,3498.697851
6.491986,20,3499.220384
5.052594,17,3499.650964
8.538005,24,3500.25484
7.856191,23,3500.83568
7.672672,22,3501.393944
9.443192,26,3502.057274
8.535582,25,3502.670654
8.757166,25,3503.286751
6.870595,21,3503.810626
7.925174,23,3504.391631
8.514878,24,3505.009863
6.646063,20,3505.523349
7.802988,23,3506.103364
7.963677,24,3506.72238
7.494522,22,3507.267434
5.539973,18,3507.734202
10.188169,28,3508.435004
6.953691,21,3508.971096
8.308183,24,3509.575892
6.332662,20,3510.089162
6.05998,19,3510.619862
7.144568,21,3511.227622
6.32903,19,3511.8273
6.326751,20,3512.420906
7.246119,21,3512.991376
8.02125,23,3513.604319
7.078631,21,3514.150372
6.90159,21,3514.684997
6.489665,20,3515.197595
6.046696,19,3515.674811
7.403625,21,3516.211977
5.992757,19,3516.688601
3.894686,25,3517.317277
6.556487,20,3517.829964
5.751663,18,3518.284197
6.674001,21,3518.819512
7.812198,23,3519.415262
8.121872,23,3520.011044
1.623617,20,3520.496858
8.436457,24,3521.101174
6.051083,19,3521.56412
2.954164,23,3522.147008
1.586983,20,3522.663094
7.270294,22,3523.211807
5.56342,18,3523.679426
8.097752,23,3524.261304
8.867002,25,3524.890271
7.072058,21,3525.430773
7.847637,23,3526.083652
6.734276,21,3526.646683
5.294541,17,3527.120573
6.583733,20,3527.669867
6.004092,19,3528.26927
8.02312,24,3528.90631
7.558762,22,3529.483449
6.675908,20,3529.997663
7.693555,23,3530.564314
5.683534,18,3531.001434
5.560829,18,3531.454094
6.009675,19,3532.079407
7.608362,22,3532.701952
7.312183,21,3533.255458
2.647342,22,3533.828439
8.087934,23,3534.411468
7.118842,21,3534.947051
8.056306,23,3535.658551
1.598398,20,3536.254138
6.717699,20,3536.781091
6.805547,20,3537.31028
2.822524,22,3537.977142
7.884829,23,3538.658815
7.47674,22,3539.231875
7.101327,21,3539.781512
6.365488,19,3540.261622
6.883151,21,3540.769749
9.290917,26,3541.423522
5.611789,18,3541.891611
7.817201,23,3542.473304
3.219391,24,3543.075975
6.654431,20,3543.588184
8.30569,24,3544.191204
2.60284,22,3544.844577
7.600358,22,3545.436832
9.660195,27,3546.16594
1.71498,20,3546.694843
7.293015,22,3547.241793
5.086529,17,3557.930493
5.357373,18,3558.387095
5.949959,19,3558.8767
5.545163,18,3559.341757
7.278257,22,3559.885225
7.317803,22,3560.444719
8.099226,25,3561.072405
6.876297,21,3561.59311
7.920134,23,3562.161241
7.767846,23,3562.758461
2.829331,23,3563.312175
2.04747,21,3563.846306
6.976334,21,3564.366035
5.866287,19,3564.852217
6.887918,21,3565.384207
6.002506,19,3565.871653
8.120887,24,3566.474615
6.154857,19,3566.962051
7.895921,24,3567.563996
6.433668,20,3568.159066
8.731647,24,3568.797482
6.833822,21,3569.412224
6.14836,19,3570.062999
7.38272,22,3570.637179
6.941386,20,3571.164573
6.948134,21,3571.711864
7.166797,22,3572.40633
7.616273,21,3572.955405
7.510437,23,3573.553159
7.396183,22,3574.110183
5.858205,19,3574.599816
5.929848,19,3575.091652
7.095123,21,3575.62829
6.191045,20,3576.28054
5.662779,18,3576.753124
6.568587,20,3577.269506
6.431347,20,3577.793431
6.483763,20,3578.449438
7.474028,23,3579.099899
7.543194,22,3579.672102
6.119212,20,3580.200103
8.374464,24,3580.825177
7.577047,22,3581.385907
8.407148,23,3581.969527
7.920162,23,3582.540199
7.196217,22,3583.099684
2.299245,22,3583.658782
7.679692,23,3584.242479
8.111304,23,3584.824962
7.125009,22,3585.387502
7.221,22,3585.948296
6.832774,21,3586.470981
7.049789,22,3587.027007
7.366176,22,3587.585601
7.861896,23,3588.168908
5.968576,19,3588.783627
5.717608,18,3589.264743
6.623797,20,3589.880794
2.660805,22,3590.566237
7.114425,21,3591.135565
5.634593,19,3591.636633
7.717893,23,3592.235843
6.515551,20,3592.730746
8.734641,25,3593.368278
7.85212,23,3593.970284
3.54404,24,3594.676478
2.811297,22,3595.516569
2.986723,23,3596.228988
5.952247,19,3596.737198
7.553614,22,3597.283464
7.303893,22,3597.853516
8.395673,24,3598.446651
8.159606,23,3599.015636
6.657975,21,3599.538146
5.591196,18,3599.965915
6.83861,21,3600.491596
7.933063,23,3601.434416
6.422446,20,3601.949346
6.060943,19,3602.456622
2.829473,22,3603.012357
6.821946,21,3603.549253
6.364454,19,3604.040762
7.871407,24,3604.646901
7.176202,21,3605.182838
6.093618,19,3605.674155
8.719268,25,3606.302163
9.056574,26,3606.969114
7.791775,23,3607.554489
7.596564,22,3608.11438
2.725265,23,3608.696414
6.723167,21,3609.233224
7.384901,22,3609.778547
5.403798,18,3610.232635
6.255473,19,3610.721819
8.336876,25,3611.361202
7.066006,21,3611.887115
8.074153,24,3622.500815
6.883783,21,3623.013281
6.803627,21,3623.535991
3.412124,24,3624.143768
3.375333,25,3624.789268
7.260826,22,3625.729787
6.783862,21,3626.33606
7.902907,23,3626.953892
3.418594,24,3627.657289
3.095174,23,3628.363973
5.479977,18,3629.014008
1.75013,20,3629.639907
5.936378,19,3630.171615
7.69794,23,3630.789685
5.884206,19,3631.297863
9.257655,27,3632.002839
6.397052,20,3632.525262
7.938726,23,3633.1135
1.952106,21,3633.662774
8.456183,24,3634.289287
7.822731,24,3634.99727
6.901906,21,3635.678215
7.904171,23,3636.29675
7.026917,21,3636.86661
7.693123,23,3637.50367
7.038344,21,3638.223547
7.111272,22,3638.900723
8.536378,25,3639.586252
6.868287,21,3640.289769
6.514423,20,3640.843002
9.085371,26,3641.579631
2.608812,22,3642.187254
9.137054,26,3642.854716
8.472254,25,3643.50122
7.428621,22,3644.082101
7.225966,22,3644.69492
8.625754,25,3645.553628
6.667437,20,3646.080472
5.042392,28,3646.854237
7.348175,22,3647.438344
8.033652,23,3648.023679
6.759889,21,3648.576142
6.478313,20,3649.081698
7.676986,23,3649.688622
7.078121,21,3650.226075
9.570809,28,3650.937907
7.149582,22,3651.525763
2.512421,22,3652.094253
9.130887,26,3652.761374
6.943298,21,3653.312546
6.004722,19,3653.81052
6.167324,19,3654.312938
6.587359,21,3654.847688
5.508111,18,3655.330817
2.733258,22,3655.894989
1.655317,20,3656.416283
7.145007,22,3657.114093
6.363405,20,3657.693035
6.768467,21,3658.271947
7.135686,21,3658.835812
6.243569,20,3659.366443
6.405426,20,3659.902795
3.093986,23,3660.502222
7.144828,22,3661.070543
4.256066,27,3661.757191
6.288018,20,3662.306549
6.812398,21,3662.841825
8.362485,25,3663.492016
9.127427,25,3664.131919
7.001203,21,3664.695029
9.383788,27,3665.391113
2.516123,22,3665.961322
6.959936,21,3666.505114
7.787004,23,3667.403682
7.756197,22,3668.083429
8.622147,25,3668.76042
7.979819,23,3669.40485
6.844506,21,3670.000108
6.721494,21,3670.616756
6.10779,20,3671.187253
3.907535,27,3671.971513
7.661631,23,3672.581957
6.727087,21,3673.143734
5.882613,19,3673.622269
4.92721,17,3674.092433
9.30606,27,3674.898426
6.477612,20,3675.550735
5.621776,18,3676.078068
5.970851,19,3676.620557
7.329914,22,3677.229095
3.24503,24,3677.864392
7.931675,24,3678.486399
7.640304,23,3689.055765
6.936535,21,3689.607466
3.049111,23,3690.215865
5.31399,28,3690.959784
6.497155,20,3691.476856
7.034942,22,3692.052893
7.789556,23,3692.665698
7.191471,22,3693.234737
7.28346,22,3693.81193
6.436035,20,3694.335761
5.487158,18,3694.797142
7.710398,23,3695.391871
8.701511,26,3696.053338
8.554399,25,3696.81111
8.243206,24,3697.543276
9.230728,27,3698.434038
8.031147,24,3699.09874
8.607225,25,3699.790444
7.494802,22,3700.480069
5.777686,19,3701.072587
3.001671,23,3701.818138
5.525455,18,3702.385287
6.838388,21,3703.104591
7.434908,23,3703.773016
7.154002,22,3704.39482
2.844459,23,3705.004673
5.470022,18,3705.47638
6.817783,21,3706.024473
4.377804,27,3706.718267
8.470239,25,3707.366447
5.345014,18,3707.904097
7.370752,22,3708.673396
7.862355,23,3709.508338
6.929402,22,3710.133948
2.773085,23,3710.777499
8.877656,26,3711.483072
7.580637,23,3712.092334
6.753277,21,3712.750852
8.882979,26,3713.475097
8.160091,24,3714.127403
6.427383,20,3714.668527
8.006674,23,3715.264901
6.387599,20,3715.791771
7.012793,22,3716.372342
8.280918,25,3717.034925
7.302044,22,3717.621069
5.947391,19,3718.099413
7.510873,23,3718.72457
6.735702,21,3719.290195
6.6865,21,3719.854737
7.760321,23,3720.456806
8.061625,24,3721.097924
8.274908,24,3721.732728
7.65102,23,3722.359037
6.148993,20,3722.894089
2.563864,22,3723.475302
7.693535,23,3724.067085
2.343456,22,3724.646151
8.455865,25,3725.307842
7.134783,22,3725.861859
8.184897,24,3726.505446
7.727532,23,3727.113199
6.946206,21,3727.6639
7.6742,23,3728.272796
7.518777,23,3728.98594
6.915619,21,3729.574034
8.223935,24,3730.394827
6.373402,20,3731.156096
9.163745,26,3731.904516
6.61738,21,3732.515752
6.317632,20,3733.079301
6.223645,20,3733.61515
2.544957,23,3734.213521
8.784227,26,3734.891117
8.086664,24,3735.522213
7.128204,22,3736.098209
8.350141,24,3736.726671
8.663945,25,3737.363195
6.129208,20,3737.884768
8.100392,24,3738.641521
6.70046,21,3739.286471
9.067053,26,3740.010028
7.972587,24,3740.879414
5.462928,18,3741.408703
6.320297,20,3741.984969
7.118417,22,3742.591682
5.472178,18,3743.062414
7.010844,22,3743.638838
6.069331,20,3744.180969
7.126423,22,3744.75894
6.631869,21,3745.306837
8.097833,25,3756.097061
5.93858,19,3756.610942
6.496566,20,3757.142881
7.280629,22,3757.709023
9.808777,28,3758.467437
7.433418,22,3759.03705
6.756605,21,3759.598692
9.946295,28,3760.33318
7.759468,23,3760.929361
2.528535,22,3761.510844
8.751047,25,3762.164434
2.435185,22,3762.744037
5.884801,19,3763.342216
7.647941,23,3763.99635
6.454409,20,3764.607044
8.23771,24,3765.359718
8.127199,24,3766.033333
6.364401,20,3766.567069
8.266037,25,3767.229512
7.668966,23,3767.861289
6.874456,21,3768.494754
6.445747,20,3769.055951
7.268776,22,3769.682939
9.195436,27,3770.390226
6.690261,21,3770.930839
6.847611,21,3771.50977
5.944217,19,3772.020712
7.783427,23,3772.631311
7.67243,23,3773.236335
7.749887,23,3773.820679
7.514175,23,3774.426341
7.999234,24,3775.041502
7.176857,22,3775.623525
9.878031,28,3776.340855
6.766954,21,3776.904839
8.553462,25,3777.556204
6.986727,22,3778.15789
5.572024,18,3778.628616
4.630537,27,3779.351278
7.507017,23,3779.922399
4.22176,26,3780.60661
5.839017,19,3781.099443
7.783877,24,3781.738844
7.825628,23,3782.334659
7.751559,23,3782.933638
4.339957,27,3783.647767
8.384469,25,3784.3024
7.811349,23,3784.929588
5.926915,19,3785.425638
3.432717,24,3786.050637
8.043414,24,3786.830081
7.870667,23,3787.459109
6.183194,19,3787.963825
6.505872,20,3788.500124
7.401877,22,3789.083617
7.932861,24,3789.720532
5.476793,18,3790.199248
3.022868,23,3790.804365
7.839925,23,3791.400962
7.006239,22,3791.978804
8.778944,25,3792.646519
8.29926,24,3793.269394
7.453546,22,3793.861787
9.412394,28,3794.584311
6.95875,22,3795.158938
8.098499,24,3795.776318
7.042272,21,3796.324971
8.47145,25,3796.972995
8.852249,26,3797.647067
7.466235,23,3798.385222
7.857265,23,3799.100898
9.216171,26,3799.851107
8.209379,24,3800.505354
5.821028,19,3800.994178
7.889495,23,3801.592005
7.688134,23,3802.182425
1.135469,19,3802.672993
3.445015,25,3803.449851
6.955612,21,3804.082177
7.228781,22,3804.684052
7.634209,23,3805.340084
9.136921,26,3806.121799
6.22338,20,3806.755894
6.758707,21,3807.353501
8.333264,24,3808.037472
7.174076,22,3808.626468
8.143819,24,3809.267802
8.242721,25,3809.91209
6.712823,21,3810.460667
9.10822,26,3811.121339
3.32687,24,3821.787686
6.345092,20,3822.311099
7.111405,22,3822.864057
6.393172,20,3823.392259
6.611257,21,3823.955331
7.908386,24,3824.5874
7.260459,22,3825.495797
6.398843,20,3826.063967
6.819433,21,3826.651823
7.883202,24,3827.318694
7.187941,22,3827.887745
7.317085,22,3828.647261
7.476746,22,3829.325588
6.524122,20,3829.94472
6.275945,20,3830.747552
8.264381,24,3831.450728
7.364568,22,3832.224134
8.573586,25,3833.045992
8.021466,23,3833.739233
2.719778,23,3834.377959
7.316588,22,3834.954866
7.889194,24,3835.628336
8.792273,25,3836.36304
6.51888,20,3836.907381
5.668195,18,3837.418256
7.034204,21,3837.993993
6.809998,21,3838.537939
5.708968,19,3839.150664
7.113648,22,3839.848247
3.359152,24,3840.49507
7.58723,23,3841.207327
7.726748,23,3841.959147
6.542236,20,3842.532369
7.99149,24,3843.203155
9.826842,28,3843.937428
4.504489,27,3844.636905
6.050508,19,3845.161482
7.323499,22,3845.73769
7.527359,23,3846.329628
8.901782,25,3846.999499
7.324499,22,3847.583635
6.791459,21,3848.147224
6.839421,21,3848.699728
7.512786,23,3849.307385
9.86451,28,3850.029315
7.028148,22,3850.613285
8.623585,25,3851.276141
8.178863,24,3851.903942
6.84077,21,3852.469891
8.003769,24,3853.095155
8.120385,24,3853.730673
7.27066,22,3854.313833
2.587474,22,3854.894502
4.561233,27,3855.585437
8.844373,25,3856.233869
6.856912,21,3856.797673
5.953309,19,3857.293051
6.027091,20,3857.825223
8.565905,24,3858.774133
6.286732,20,3859.338953
6.760978,21,3859.926109
7.46897,22,3860.525359
8.724277,25,3861.178464
7.569204,22,3861.754813
8.024373,23,3862.357318
7.726148,23,3862.959215
6.438075,20,3863.494667
6.260051,19,3864.201877
7.568815,22,3864.937789
6.145728,19,3865.57034
6.059884,19,3866.103989
7.099865,22,3866.719041
6.033609,19,3867.253012
7.662212,23,3867.859961
6.532296,20,3868.392009
7.475184,22,3868.968719
8.518393,25,3869.627877
9.223128,26,3870.31221
8.074633,23,3870.920066
5.197518,18,3871.397728
7.660751,23,3872.008625
7.154409,21,3872.655096
7.671029,23,3873.291312
8.185259,24,3873.94219
5.368796,18,3874.429543
7.173304,22,3875.018519
8.147294,24,3875.647534
7.984407,24,3876.277812
8.166832,24,3876.898704
7.160634,22,3877.485089
3.43319,24,3878.131822
7.59975,23,3878.717319
7.32612,22,3889.509188
8.390907,24,3890.164406
2.004532,21,3890.709013
6.439367,20,3891.233889
7.489815,22,3891.796006
6.676825,21,3892.365728
9.370041,26,3893.057825
6.250126,19,3893.546885
8.66402,25,3894.195938
7.752876,23,3894.803231
6.452699,20,3895.360751
7.712948,22,3896.099547
6.821779,21,3896.926873
7.045085,21,3897.510428
3.170817,24,3898.180403
8.097978,23,3898.787042
8.984547,25,3899.435372
6.639269,21,3899.999637
5.865506,19,3900.493688
8.257779,24,3901.128093
5.884891,19,3901.640539
7.898813,23,3902.25263
7.142073,22,3902.838339
6.331886,20,3903.47616
6.704304,20,3904.0448
7.173773,21,3904.61202
8.293284,24,3905.269309
7.399516,22,3905.833104
7.108569,22,3906.417009
8.290626,24,3907.066796
7.378103,22,3907.644316
7.833121,23,3908.244185
5.609963,18,3908.723434
8.544792,24,3909.351398
6.677994,20,3909.893974
9.059477,26,3910.56876
7.434218,22,3911.133473
3.703208,25,3911.794149
6.532136,20,3912.318636
8.756734,25,3912.969069
9.60455,27,3913.698436
7.782487,23,3914.52754
7.958143,23,3915.22139
8.668154,25,3915.910894
7.538681,23,3916.538821
8.027003,24,3917.177402
8.396207,24,3917.805845
7.025694,21,3918.367241
7.012052,21,3918.922174
3.709464,25,3919.572349
6.363511,20,3920.090111
9.183414,26,3920.76723
6.798426,21,3921.310346
6.775636,20,3921.826692
7.55848,23,3922.435414
8.377846,24,3923.072423
6.497254,20,3923.59043
6.108476,19,3924.241883
7.696033,23,3924.885196
4.055997,25,3925.597779
6.52464,20,3926.152823
3.663981,24,3926.784805
7.643112,23,3927.387115
9.10736,26,3928.094001
8.237805,25,3928.926386
6.817711,21,3929.615385
7.801429,23,3930.346857
8.506156,24,3931.020095
6.706826,21,3931.591814
6.528243,20,3932.140254
7.030833,21,3932.886545
9.569614,27,3933.708323
6.676543,20,3934.307779
6.890235,21,3934.971309
6.435069,20,3935.593071
8.518904,24,3936.268903
9.237408,26,3936.974731
6.110567,20,3937.503226
7.765231,23,3938.109183
4.857129,28,3938.832448
3.004145,23,3939.45316
3.530732,25,3940.095397
8.320877,24,3940.717596
6.405565,20,3941.221153
7.24005,21,3941.754615
7.029558,21,3942.299038
8.115843,24,3942.911061
8.529736,25,3943.560863
3.679989,24,3944.517495
8.764762,25,3945.235541
3.043915,23,3945.877423
8.436222,26,3956.679758
3.327783,24,3957.33679
7.499619,23,3957.959737
4.272737,27,3958.743477
6.961332,22,3959.551883
7.527474,23,3960.176289
1.198433,20,3960.711785
7.81684,24,3961.379213
6.939255,21,3961.921585
7.411054,23,3962.529862
5.652412,19,3963.025185
7.320451,22,3963.599632
4.376011,27,3964.283186
3.381367,25,3965.048717
7.153806,22,3965.647762
7.358883,23,3966.395463
7.851536,24,3967.120924
7.23329,22,3967.720093
6.316238,20,3968.257533
9.840117,29,3969.035585
6.704915,21,3969.808122
9.836919,28,3970.60402
8.098732,24,3971.263542
8.539034,25,3971.922129
7.966575,24,3972.551272
8.682776,25,3973.211271
5.74613,19,3973.72465
9.191889,27,3974.42907
7.598984,23,3975.034234
6.405855,20,3975.561281
8.052464,24,3976.193889
3.442089,25,3976.85569
9.065144,26,3977.532383
7.885195,23,3978.125474
7.778316,24,3978.764197
7.468629,23,3979.422351
7.214481,22,3980.106734
7.59161,23,3980.74267
8.189436,24,3981.407597
5.870868,19,3981.906191
8.872473,26,3982.599092
7.075013,22,3983.175455
9.457368,27,3983.875279
7.634701,23,3984.463766
5.890903,19,3984.966561
9.409667,27,3985.665641
7.470669,23,3986.25812
7.380112,23,3987.031492
6.731951,21,3987.671816
5.786309,19,3988.180159
7.069969,22,3988.800792
2.933382,24,3989.446557
8.41488,25,3990.107361
2.014895,21,3990.637417
7.14166,22,3991.206596
7.613404,23,3991.814119
7.724078,23,3992.405652
8.406002,25,3993.06087
6.593811,21,3993.610028
7.411433,22,3994.174009
7.162886,22,3994.765476
7.605191,23,3995.368536
7.027243,22,3995.957678
8.563777,26,3996.638343
9.642269,28,3997.369649
7.296772,22,3997.956828
8.301613,25,3998.607506
6.584176,21,3999.379374
5.378736,18,3999.968284
7.492898,23,4000.592187
7.440688,23,4001.234957
6.733992,21,4001.815328
7.365691,22,4002.384463
7.410499,23,4002.977625
6.673277,21,4003.534018
6.17476,20,4004.066198
6.891547,22,4004.636538
8.838177,26,4005.344654
7.312542,22,4005.903235
6.791022,21,4006.44003
2.001921,21,4006.985784
7.002377,22,4007.574386
5.746081,19,4008.060529
7.362717,22,4008.643698
7.830848,24,4009.275705
7.0637,22,4009.846721
8.265035,24,4010.495222
6.104888,20,4011.110672
6.954536,21,4011.719744
