#{"t_start": 1773975668.000202, "env_id": "continuous-highway-v0"}
r,l,t
5.754441,15,6.131999
6.64253,15,6.615021
4.520247,13,7.036444
6.567511,15,7.530116
1.188263,15,8.016617
5.950935,15,8.483336
6.931991,16,9.000906
5.588968,14,9.442762
4.857651,12,9.840856
5.326773,14,10.298871
6.509993,16,10.828028
5.726798,14,11.271451
1.80055,15,11.75535
5.318038,13,12.186865
4.828848,13,12.612436
5.209601,13,13.028438
6.486183,15,13.510665
7.216644,17,14.052019
5.641739,13,14.4697
5.934884,15,14.954413
6.008032,14,15.395629
6.097557,15,15.877607
6.016223,15,16.35299
5.89882,15,16.821265
2.317725,16,17.346166
5.524676,14,17.808168
1.181537,15,18.29118
4.108183,12,18.675334
4.028796,11,19.013454
5.578274,13,19.422701
5.15811,13,19.831414
6.67394,16,20.339288
5.037711,13,20.750546
5.623883,14,21.203829
5.514037,14,21.67355
5.686774,14,22.10498
7.366506,16,22.626259
5.80435,13,23.036505
4.907968,13,23.447975
5.055825,13,23.85798
2.26327,17,24.426317
5.033236,13,24.854296
5.819361,14,25.31206
5.325435,14,25.751517
6.262957,14,26.190229
5.817286,14,26.63531
7.263517,17,27.176013
1.223198,14,27.628561
5.583176,14,28.087073
4.616738,12,28.48578
6.059444,14,28.94024
4.608968,12,29.325538
6.075378,15,29.808251
5.336155,14,30.263376
1.550906,14,30.70349
6.484935,16,31.228504
5.27219,13,31.64403
6.53615,16,32.17427
6.054985,14,32.615601
5.076315,13,33.017942
4.452077,12,33.39115
5.809371,14,33.833883
6.082223,14,34.292723
1.458699,14,34.749548
4.840104,13,35.161045
6.383499,14,35.613528
5.291886,13,36.039954
2.053621,16,36.538885
3.634592,11,36.910188
1.851298,15,37.394068
6.023022,14,37.850429
5.951739,14,38.288631
4.485878,12,38.687498
5.730512,14,39.126687
1.375481,14,39.568088
5.613073,14,40.009348
5.531345,14,40.450428
4.614063,12,40.853171
5.814144,14,41.301495
6.962857,17,41.843715
4.918095,13,42.254376
6.70809,16,42.777109
6.01453,14,43.221688
0.31944,13,43.649611
5.452557,14,44.106557
5.758999,13,44.533611
5.260156,14,44.990313
6.133407,15,45.471969
6.028953,15,45.956091
4.590008,12,46.340264
5.021017,13,46.765919
5.218048,13,47.17883
6.478303,15,47.667064
5.239249,13,48.085176
5.075667,13,48.514201
4.04381,12,48.899421
6.46627,16,49.412291
6.230659,14,49.87168
5.63962,14,50.325076
6.094671,15,50.806509
6.708349,15,51.288137
0.440791,13,51.715452
1.20838,14,52.170011
1.928731,17,52.708185
6.435433,14,53.151471
5.077914,13,53.579866
5.167175,13,53.986701
5.404747,13,54.377075
5.737191,14,54.821375
1.926655,15,55.320353
4.46208,12,55.689134
5.957275,15,56.174196
0.392292,13,56.599231
5.587158,14,57.053824
5.863079,14,57.506389
6.341566,14,57.941414
6.584329,16,58.465971
4.803437,13,58.890836
6.220317,14,59.311646
5.853343,14,59.768189
1.123657,14,60.22611
6.191917,14,60.685597
4.858754,13,61.094495
1.254786,14,61.531954
1.940161,16,62.059462
5.46785,14,62.51908
5.347543,13,62.914117
5.822595,15,63.397503
5.305666,14,63.836986
6.353372,15,64.326169
0.912803,14,64.783378
1.201849,15,65.267717
5.874232,14,65.719341
5.701262,13,66.12781
5.172836,14,66.550728
1.596566,15,67.031798
4.513209,12,67.419308
5.995322,15,67.891611
5.652023,13,68.317652
0.840636,14,68.760458
6.060664,15,69.242401
4.793599,13,69.669441
5.244133,14,70.127028
5.795997,14,70.590056
6.318929,15,71.075873
5.99378,14,76.460864
5.253181,13,76.890033
2.127453,16,77.399255
1.002002,15,77.881764
6.453961,15,78.360006
5.107641,14,78.777999
6.15048,15,79.270661
5.254838,13,79.693886
5.04322,13,80.100517
6.05703,15,80.568482
3.944028,12,80.95137
6.183349,16,81.477845
4.755884,12,81.840281
2.311275,17,82.386862
4.696583,13,82.775441
0.395385,13,83.1649
5.195932,14,83.599454
7.245037,17,84.135074
4.723967,13,84.544074
6.646796,16,85.052018
1.153583,15,85.534723
5.9536,15,86.037797
6.718564,16,86.537384
6.259467,16,87.04949
5.314695,13,87.48605
4.633056,12,87.86982
6.055454,14,88.322757
5.366832,13,88.730359
6.079127,15,89.197778
5.717888,14,89.657444
5.234337,14,90.112253
4.743771,13,90.522488
4.580745,12,90.920647
6.363477,14,91.381767
6.188479,15,91.873181
6.065696,15,92.360359
6.148474,14,92.817343
4.810689,13,93.242276
5.766812,14,93.697538
6.11962,15,94.203936
5.493268,13,94.615472
6.988045,16,95.130472
5.769599,15,95.617203
4.584542,12,96.004458
4.945697,13,96.433244
5.834627,15,96.900553
1.640736,16,97.414286
2.059739,17,97.943041
5.276975,14,98.396475
6.459517,16,98.90529
6.607692,16,99.416296
6.214528,15,99.9012
0.537586,13,100.331751
7.035753,17,100.869669
4.57945,12,101.254458
5.27058,14,101.708138
6.18478,14,102.148196
5.833667,15,102.61925
6.476792,15,103.10533
6.447736,15,103.581792
5.15115,13,103.989891
5.817957,14,104.429661
5.61527,14,104.867906
4.463451,12,105.250252
0.86477,14,105.706003
1.531977,15,106.178089
0.408166,14,106.632725
5.443915,14,107.087911
5.788714,14,107.539604
5.304564,13,107.966716
4.633457,12,108.353687
5.951378,14,108.808275
5.206562,14,109.268277
6.702929,16,109.778906
1.982562,16,110.27852
5.844244,14,110.704744
5.457677,13,111.132441
5.507394,14,111.584828
5.088948,13,111.998427
6.418007,15,112.484674
5.624256,14,112.941216
4.864884,12,113.325784
6.3335,15,113.794198
6.125055,15,114.292075
4.910587,13,114.704858
6.131447,15,115.18825
1.540597,15,115.676542
4.840908,13,116.092696
6.664301,18,116.680906
6.280481,15,117.152005
5.50664,14,117.598859
5.711132,14,118.042057
5.338242,13,118.45769
1.431507,16,118.971195
5.59848,14,119.398698
6.048406,14,119.843326
4.944248,12,120.230294
1.544663,15,120.703227
5.755662,14,121.151423
5.89467,14,121.605177
5.78067,14,122.067203
5.250629,14,122.512632
0.675447,13,122.9102
6.339698,14,123.351377
6.138345,14,123.818291
0.6226,14,124.264116
6.585519,15,124.739719
5.144577,13,125.170979
6.003887,14,125.617696
5.443718,14,126.059745
5.180701,14,126.519191
5.721238,14,126.976614
5.536594,14,127.421746
6.59785,16,127.93697
5.14916,12,128.336968
5.947501,14,128.778225
1.95442,17,129.310939
5.693479,15,129.79339
5.525436,14,130.264125
6.022652,15,130.745612
5.203879,13,131.160422
6.64993,15,131.64708
6.386634,15,132.131086
4.635521,13,132.541848
5.469048,14,132.982996
5.248589,13,133.414086
6.803703,15,133.883556
5.566517,14,134.322128
4.927901,13,134.745763
5.331814,14,135.16634
6.081881,15,135.646957
2.164713,16,136.143146
7.160723,17,136.682426
4.799274,13,137.093166
5.984628,15,137.574811
5.3843,13,137.982848
7.02554,17,138.553567
5.418812,14,138.991682
6.648922,17,139.551722
5.283399,15,140.037563
5.209998,14,140.480258
5.517657,13,140.892989
6.515982,15,141.376884
1.237924,14,141.840295
5.351939,14,147.172092
5.28962,14,147.632503
5.425292,14,148.088805
5.465159,14,148.546644
5.558911,14,149.00175
1.305538,15,149.488752
5.7838,15,149.978924
5.734232,13,150.390455
6.898564,17,150.925155
2.588386,17,151.452941
4.691958,12,151.838689
4.399693,12,152.242005
5.197077,14,152.699575
4.500443,13,153.111188
6.554364,17,153.664037
6.359994,15,154.14318
7.262203,17,154.676983
6.578014,17,155.207106
5.938987,15,155.687093
5.799595,14,156.135561
4.866521,13,156.546296
6.396905,16,157.03739
7.317183,19,157.625139
5.714455,15,158.102804
5.510727,14,158.55274
2.216619,17,159.085521
5.685793,15,159.563065
6.423811,16,160.068205
5.119278,13,160.477552
6.524028,17,161.02818
4.753214,12,161.410301
6.060318,16,161.915131
6.234903,16,162.404886
6.983377,17,162.940146
6.970289,16,163.44569
5.543894,14,163.899305
5.989816,15,164.364435
6.353791,16,164.863929
5.458794,14,165.320536
6.881754,15,165.804994
2.83704,18,166.381935
5.825149,15,166.884644
4.930532,13,167.298775
5.511195,14,167.742016
7.457332,17,168.29852
6.649661,16,168.811031
5.266248,13,169.238178
5.198492,14,169.700281
7.777253,18,170.287449
5.94526,15,170.75814
5.060658,14,171.216181
5.166392,13,171.629806
6.705757,17,172.179551
5.05844,13,172.580662
4.109197,12,172.982619
6.083586,16,173.482226
4.007868,11,173.824869
5.584319,15,174.301891
7.111351,16,174.813816
5.135535,13,175.244009
6.96435,17,175.784883
5.756081,15,176.255915
1.712132,18,176.820277
4.90668,12,177.219412
4.992406,13,177.629649
6.623205,16,178.121711
5.126752,14,178.560883
4.964998,12,178.926178
6.419874,15,179.407509
5.972494,14,179.845172
5.043532,13,180.234786
5.157801,13,180.641237
4.674694,13,181.052729
4.835442,13,181.477379
1.780261,16,181.966838
5.998271,15,182.445981
4.463923,12,182.842033
6.300161,15,183.306071
6.274081,16,183.814085
5.516721,14,184.267264
6.626342,16,184.779541
5.254213,14,185.231977
6.484102,16,185.729871
5.722799,14,186.185313
6.067097,16,186.681665
5.592636,14,187.123245
6.030539,15,187.626352
1.582597,16,188.121734
6.095588,15,188.604842
6.533191,15,189.087317
5.267631,14,189.524922
4.086904,12,189.919872
5.796975,15,190.385525
6.403874,16,190.893007
6.860793,17,191.428929
6.543325,16,191.92212
5.89073,14,192.361286
4.504727,12,192.764019
5.919385,14,193.221555
5.063506,13,193.636407
6.880591,16,194.146133
4.694619,13,194.573945
3.796535,11,194.915987
5.323585,14,195.374562
5.758923,15,195.859436
4.60906,13,196.291902
5.748017,15,196.775386
0.447414,14,197.237937
5.600758,14,197.678512
5.981009,15,198.179471
5.861805,15,198.645417
5.876594,15,199.125784
2.00942,16,199.635661
6.765098,15,200.114713
5.765016,16,200.605097
5.026154,13,201.020738
5.981592,14,201.473116
4.933041,14,201.912761
5.507692,14,202.349307
5.450052,14,202.799449
6.909736,16,203.309659
3.424127,19,203.890379
5.745444,15,204.374846
4.612496,13,204.784918
2.685563,17,205.322344
6.265181,16,205.831254
7.388672,18,206.381598
5.665839,15,206.856585
4.458336,13,207.27161
6.333773,16,207.772362
5.442346,15,208.241058
4.990412,13,208.653756
6.811941,15,209.14365
6.066998,16,209.656798
6.103461,15,210.146447
4.999492,13,210.578461
5.950301,15,211.050553
5.315475,14,211.506595
5.468272,15,211.995818
5.574862,16,217.389925
5.771886,15,217.88653
6.850825,18,218.474285
4.657818,13,218.904963
4.823774,13,219.319624
5.781193,14,219.780076
5.659073,15,220.26721
6.214036,17,220.81198
5.724146,15,221.297989
6.024457,16,221.812657
2.248264,17,222.358602
5.32531,14,222.836475
6.469516,15,223.30202
5.89334,15,223.788402
5.039694,14,224.248914
7.483873,18,224.814155
5.625639,15,225.279686
5.140828,14,225.715725
4.657687,13,226.112235
4.503176,13,226.524422
1.192558,15,227.003977
7.581166,18,227.566605
7.314154,19,228.157598
1.894278,15,228.637765
7.058889,17,229.171647
6.132485,15,229.658351
6.018499,15,230.129041
6.146074,15,230.616593
6.553401,15,231.088125
6.586226,17,231.627146
5.576045,15,232.098716
5.837709,16,232.604661
5.919579,16,233.113003
6.615771,15,233.578687
5.472863,14,234.00107
6.799755,16,234.506856
6.299787,15,234.98807
5.378832,14,235.440881
5.665292,16,235.932749
5.64914,14,236.370415
5.923504,15,236.866134
6.06274,16,237.359312
1.24525,15,237.841702
5.015998,14,238.297764
4.727975,14,238.751838
5.6103,14,239.206428
6.725145,18,239.769768
1.878819,18,240.319991
4.480897,13,240.728433
7.018546,19,241.319162
5.320101,13,241.74518
3.361668,11,242.102229
3.759726,12,242.469551
5.630966,16,242.948056
1.634407,16,243.441934
5.706886,14,243.897759
4.623937,13,244.278116
6.528635,17,244.843684
6.690971,17,245.385508
6.308355,16,245.898996
6.666911,17,246.440674
5.022675,14,246.886319
5.990652,15,247.380925
5.254441,14,247.819492
5.668938,14,248.244487
6.130299,15,248.726579
5.451253,15,249.187718
5.903827,16,249.712397
5.742536,15,250.191799
5.977845,15,250.655217
1.156039,15,251.137719
6.405553,15,251.604683
5.884226,15,252.087265
4.681092,13,252.515105
6.321261,15,252.990215
1.74057,15,253.456535
6.112622,15,253.92722
5.016142,14,254.352656
5.678767,15,254.825605
6.424058,17,255.388118
1.179307,16,255.888587
6.184641,16,256.389049
5.071081,14,256.844233
5.16944,14,257.285275
4.303257,12,257.657153
5.492336,15,258.109041
5.4057,14,258.54881
1.560626,17,259.106671
2.024777,16,259.608073
6.717492,16,260.102483
4.405758,13,260.482253
6.160077,16,260.984131
5.902498,15,261.45626
5.922796,15,261.942928
1.066007,15,262.418262
1.016887,15,262.905143
0.90764,15,263.380222
4.973552,13,263.77643
4.185731,12,264.164764
6.051423,15,264.651929
1.932858,15,265.140709
6.776777,16,265.654229
5.992381,15,266.150729
4.787907,14,266.589766
6.248724,15,267.0777
5.951861,15,267.54999
1.818209,17,268.090326
7.598128,17,268.633838
6.51001,16,269.152822
5.050817,14,269.614404
6.746297,18,270.188689
4.242062,14,270.63365
1.367382,15,271.101765
7.282606,18,271.662472
5.797048,14,272.08233
5.586297,16,272.588521
6.434724,16,273.095187
6.350543,15,273.574202
6.694256,17,274.108008
1.048959,14,274.557271
4.530775,13,274.970976
5.599555,15,275.452955
4.951917,14,275.890917
5.773879,15,276.343339
6.320133,15,276.812382
6.858389,16,277.328247
4.954428,14,277.768472
6.183188,15,278.255838
1.614974,17,278.792588
6.746718,17,279.326659
6.612634,17,279.865397
1.279799,15,280.333677
4.774471,12,280.736882
1.299405,15,281.208005
6.2863,15,281.65834
6.676844,17,286.999051
5.3622,15,287.473414
6.442078,16,287.986798
5.633786,14,288.444305
5.741043,14,288.870276
5.80578,16,289.380945
5.796343,14,289.82042
5.356615,15,290.302682
5.559582,14,290.755908
5.855625,16,291.26888
4.254137,12,291.67121
6.858399,16,292.185697
6.364344,16,292.698194
7.287647,18,293.248882
7.042337,18,293.81578
5.905883,16,294.310622
2.117894,18,294.877936
1.064954,15,295.344726
5.896117,15,295.831754
4.303986,13,296.244642
6.537309,16,296.741469
0.722655,15,297.211629
1.329494,15,297.698024
5.500517,15,298.1877
5.495541,15,298.659213
6.358262,16,299.144343
4.536434,13,299.56495
5.492289,15,300.045816
6.144509,17,300.583216
5.208887,14,301.006474
5.266665,14,301.462546
4.993068,14,301.900837
7.009933,18,302.468666
6.14239,16,302.980154
1.577807,18,303.564233
5.441704,14,304.004515
5.600819,14,304.460117
6.978456,18,305.02718
6.329816,16,305.521091
6.846205,17,306.045353
6.478086,17,306.595746
4.937578,14,307.047618
1.821119,16,307.56684
6.207592,15,308.054986
7.321708,16,308.552511
6.493217,16,309.066461
3.908798,12,309.467922
6.18745,16,309.983195
1.004386,15,310.452893
5.31037,14,310.900061
1.093598,15,311.389326
1.540582,17,311.93111
7.090592,17,312.453667
2.605744,17,312.995542
5.802441,14,313.432562
5.545041,14,313.871156
6.379118,18,314.450184
7.55819,18,315.031386
6.430221,16,315.521823
4.786153,13,315.931706
6.275275,15,316.401215
1.604313,16,316.910649
6.362468,17,317.431701
6.667386,17,317.935225
6.306377,16,318.425197
5.640145,14,318.877308
1.567519,17,319.431091
6.391935,18,319.999714
5.201268,14,320.43723
2.381736,19,321.065501
7.572216,19,321.674449
5.598088,14,322.114603
6.239689,16,322.623239
6.149692,15,323.107893
7.010906,16,323.638067
5.102106,15,324.126106
0.808929,14,324.576618
6.696329,16,325.08763
5.075104,13,325.513434
3.292023,11,325.87279
7.048761,18,326.441147
5.533788,14,326.899111
5.253405,14,327.354646
4.937891,14,327.811863
1.597318,16,328.328998
6.027994,15,328.814475
6.087862,16,329.331181
7.040938,18,329.901631
6.368545,16,330.414958
6.14272,17,330.958305
0.688553,15,331.428537
6.639268,16,331.919564
6.089608,15,332.373822
6.074334,16,332.878334
4.547076,13,333.276446
6.109893,16,333.789911
6.19779,15,334.261812
6.836177,17,334.805152
5.631187,15,335.294049
6.435032,16,335.791373
5.625803,15,336.260727
6.132468,15,336.752299
6.205215,15,337.236809
5.882287,15,337.719319
5.588716,14,338.176819
6.640435,17,338.736545
6.255271,15,339.222572
5.398033,14,339.680302
5.641478,15,340.162522
5.284862,13,340.57284
5.512174,14,341.031534
5.800952,16,341.543577
5.917373,15,342.030552
5.467832,14,342.491944
5.948146,15,342.964128
6.604769,17,343.507099
0.971447,16,344.023624
4.469377,13,344.453546
4.516461,12,344.83831
5.793654,15,345.307419
7.385339,19,345.919144
5.82847,17,346.462659
6.058901,15,346.947863
2.387878,17,347.490665
2.265057,19,348.096634
5.785047,14,348.54671
5.710327,14,348.997216
1.603007,16,349.50831
5.038901,14,349.967106
7.263161,18,350.538375
5.666167,15,351.008393
6.920646,17,351.535099
5.31219,16,352.031225
5.904344,17,357.434242
1.669171,16,357.952714
6.257822,17,358.494242
5.726659,16,359.010088
6.631738,16,359.546093
6.176322,16,360.04218
5.041898,14,360.48174
6.393568,15,360.966555
5.9396,15,361.451736
6.096138,16,361.969459
7.974618,21,362.617786
5.549213,16,363.135349
6.409279,17,363.658293
4.727836,14,364.11682
6.206055,15,364.60369
3.064496,21,365.298388
5.289295,15,365.787936
3.113225,22,366.460387
6.178723,16,366.989958
6.148765,16,367.505723
3.842776,21,368.17599
6.298868,18,368.764662
5.406075,15,369.23721
5.819314,15,369.722337
0.635678,14,370.184937
7.335315,20,370.822618
7.735448,20,371.444718
6.649295,18,372.007198
6.122346,16,372.507875
6.195267,16,373.023537
6.312727,15,373.511113
6.288636,16,374.027535
6.502161,17,374.57265
6.513997,17,375.111929
4.871365,14,375.568546
5.896605,15,376.034968
5.423304,15,376.521201
4.904862,13,376.951064
1.694931,17,377.493019
6.204962,16,378.006783
3.196783,19,378.596625
5.289028,15,379.074995
6.962224,17,379.606035
5.662122,15,380.068842
6.562353,18,380.639601
4.977265,14,381.092251
4.884685,15,381.582902
6.49454,17,382.120693
6.276204,18,382.690357
5.824875,16,383.184214
5.782549,15,383.64928
6.306717,15,384.133596
6.85019,18,384.699744
6.800451,18,385.284066
7.050777,19,385.861324
5.840258,17,386.383678
6.102342,16,386.895695
5.531983,14,387.352934
5.802457,16,387.849575
5.899112,15,388.334745
4.621445,14,388.762887
6.147001,17,389.302813
1.426612,17,389.846806
5.321739,15,390.327985
5.807504,14,390.782481
5.531377,15,391.249043
7.407738,18,391.818114
1.654503,16,392.329613
0.945695,15,392.813036
5.378147,14,393.265309
3.638073,19,393.856916
5.691281,17,394.394404
6.619033,16,394.887015
5.841462,17,395.430338
6.016565,14,395.88564
1.181927,15,396.37124
7.047527,18,396.924318
1.014379,14,397.380858
5.256187,14,397.819647
6.07226,16,398.326245
7.080503,18,398.891442
4.77329,13,399.30305
5.630077,14,399.754026
5.120429,14,400.188456
5.9705,15,400.652166
6.729659,17,401.189581
5.380927,15,401.667374
6.042283,16,402.165707
0.703378,14,402.609331
6.288566,16,403.101029
4.803043,14,403.552859
6.414923,16,404.059173
7.067008,19,404.646187
5.328206,15,405.127119
3.145946,19,405.723858
6.276135,16,406.23654
6.385038,17,406.759564
1.368218,16,407.255362
5.494122,15,407.704252
7.194041,18,408.27273
2.549194,18,408.840953
2.148786,18,409.407256
5.245331,14,409.850045
2.956202,18,410.430193
6.978023,19,411.033506
5.311975,15,411.4945
2.460433,18,412.065865
5.89394,15,412.552058
4.97491,14,413.015172
4.188648,12,413.418547
5.570857,15,413.895325
5.758827,15,414.381993
5.199837,14,414.822568
4.380531,13,415.218857
5.202494,14,415.661702
2.786434,19,416.251266
5.25045,15,416.723511
6.000503,15,417.212325
5.765036,15,417.699864
2.179183,18,418.275882
7.853643,20,418.954392
5.282063,16,419.473925
6.226591,17,420.011437
6.015261,16,420.499445
5.327759,14,420.959691
6.502886,17,421.504507
5.074514,14,421.964681
5.049862,14,427.306677
7.305432,17,427.861808
5.831959,15,428.330352
7.811448,20,428.953892
6.46302,15,429.440156
8.305919,19,430.056093
6.494708,18,430.628061
7.420464,19,431.226002
1.589907,17,431.783564
5.7785,16,432.26387
6.184864,16,432.778097
6.82419,18,433.349583
5.730475,16,433.869028
7.960178,21,434.54355
5.376994,14,434.984995
6.670256,18,435.574949
7.222397,18,436.150316
5.915706,15,436.620365
6.222189,16,437.107157
2.147714,17,437.638613
4.889423,14,438.081218
5.389717,15,438.570469
5.322347,15,439.058199
6.856979,20,439.693276
7.90578,20,440.319272
7.979025,21,440.978276
6.139501,18,441.537097
5.800335,15,441.994531
8.025485,20,442.636109
6.574729,17,443.183031
1.56786,18,443.719216
7.419302,20,444.355959
5.744382,17,444.894965
7.104613,17,445.438527
5.717605,15,445.923563
6.682595,18,446.491714
5.965646,15,446.961052
5.233104,14,447.417936
6.110738,16,447.907135
6.714483,18,448.476086
6.044147,17,449.014712
5.922454,15,449.496773
5.252565,15,449.986055
5.833555,16,450.486351
5.662396,15,450.973818
6.569235,16,451.472041
1.087018,16,451.990353
7.510646,20,452.620372
5.789429,16,453.118565
7.608599,18,453.690986
8.087888,22,454.373704
5.800687,16,454.866852
4.186428,13,455.282066
5.77797,16,455.794134
4.771925,15,456.277383
4.793685,14,456.735383
6.069974,17,457.278192
6.467942,20,457.905098
5.990128,16,458.405205
5.530625,16,458.916606
6.113328,17,459.456903
5.789296,16,459.973348
5.338386,15,460.453467
5.769803,15,460.937018
5.969426,17,461.463663
5.429297,14,461.903442
6.063056,17,462.429111
5.076938,15,462.901824
6.644127,19,463.479636
3.934201,13,463.91432
6.452263,17,464.452657
6.34636,16,464.95021
5.864545,17,465.477115
5.362831,15,465.945588
5.026113,13,466.359067
5.297228,16,466.871133
2.506989,19,467.475051
5.56984,16,467.987831
2.012613,19,468.587823
6.905826,16,469.101222
7.479533,21,469.777075
4.819658,14,470.215205
7.575692,21,470.854813
5.600205,15,471.321666
4.823251,14,471.757784
2.092478,18,472.304775
7.956018,21,472.941301
3.569,12,473.321343
5.556171,16,473.796706
6.89588,19,474.371301
5.695261,15,474.818128
6.88324,17,475.337709
2.255707,19,475.927964
6.317255,17,476.465067
6.893252,18,477.047053
5.692701,16,477.546459
2.065753,18,478.110679
6.562638,17,478.644239
7.301791,20,479.261539
1.250926,15,479.727595
2.383256,18,480.292639
0.463443,15,480.754712
7.670396,19,481.356208
2.239268,19,481.955304
5.636432,15,482.436768
5.586562,16,482.929837
7.139448,19,483.515495
5.948409,16,484.011822
5.618834,15,484.48076
5.220128,15,484.965765
6.412393,18,485.535233
5.995822,17,486.076972
5.645426,17,486.597731
6.510467,17,487.130749
6.297703,17,487.664549
8.700828,21,488.334405
5.996403,18,488.906816
6.496144,18,489.476227
7.148594,18,490.04076
6.832282,17,490.588269
5.95847,16,491.067939
1.038883,16,491.566752
7.647113,21,497.111402
5.396604,15,497.579415
6.561569,18,498.13726
7.273964,20,498.788338
7.211817,20,499.418514
2.188527,17,499.974662
6.015806,17,500.504905
4.596935,14,500.963992
4.012434,12,501.350405
6.039853,16,501.866626
8.015235,21,502.507543
6.822898,17,503.037991
6.533168,17,503.569077
7.327424,20,504.203906
6.410634,17,504.748158
6.534829,17,505.264232
6.81335,17,505.808748
6.195393,17,506.339661
7.336693,18,506.894394
6.523731,17,507.42308
6.804573,19,508.022364
4.420317,13,508.416296
6.73965,17,508.976719
7.457387,19,509.553259
5.906414,16,510.072156
0.747679,15,510.542276
5.464428,15,511.012465
2.237021,18,511.564301
6.314383,17,512.089589
4.166964,13,512.521461
7.734726,21,513.17242
5.55905,14,513.611394
6.366122,17,514.157026
8.266954,23,514.886606
6.100167,16,515.382955
7.650672,21,516.036724
6.772179,18,516.607468
5.451466,16,517.105775
5.452508,16,517.607035
7.86676,21,518.26406
7.969424,23,518.95941
2.150471,20,519.600739
7.148074,18,520.163635
6.226118,16,520.658595
4.9781,14,521.113187
6.999614,16,521.629829
6.222756,16,522.145931
6.726975,18,522.717977
5.526871,15,523.193101
7.203914,18,523.765776
6.788866,17,524.314724
5.083229,15,524.786954
6.674174,18,525.361224
6.867053,19,525.949981
6.754752,18,526.522461
6.29835,17,527.064301
7.594807,22,527.755771
4.485233,14,528.217248
2.968585,20,528.871262
6.361822,20,529.4945
6.482287,17,530.039878
6.600561,17,530.568913
8.813237,23,531.288791
7.408506,20,531.915175
8.08044,22,532.617801
0.962956,17,533.140986
6.688555,18,533.687744
6.389062,18,534.242265
6.928763,18,534.817291
6.374254,19,535.39939
7.204031,19,536.005159
5.09612,16,536.486051
7.003609,20,537.113182
4.677141,14,537.534299
7.71744,20,538.181376
6.865259,19,538.762828
0.759515,16,539.248971
2.422609,19,539.850155
4.801029,13,540.268407
6.962912,18,540.835628
6.44765,18,541.40667
6.481295,17,541.94986
6.610133,18,542.504325
6.397613,18,543.068181
5.996839,16,543.578534
6.160729,17,544.104472
5.668244,15,544.576322
6.881024,19,545.171582
6.286447,18,545.72682
7.062832,20,546.37579
0.820123,15,546.848813
7.060094,19,547.47164
5.684394,16,547.970821
6.722119,18,548.545674
5.669251,15,549.030188
7.070136,20,549.635552
6.383982,18,550.202096
6.822138,18,550.75289
7.234066,18,551.306205
8.347875,24,552.057005
6.738459,18,552.604502
2.036486,19,553.199578
6.912747,20,553.817228
6.292072,18,554.382444
5.883995,17,554.922641
6.471903,17,555.43968
7.476707,22,556.129562
5.304827,15,556.593937
6.386921,18,557.170918
7.030518,18,557.735729
8.606436,24,558.464875
6.63735,17,559.002293
6.460813,17,559.535611
7.417048,20,560.151194
5.902126,17,560.695692
5.413006,16,566.060827
7.285673,17,566.58951
3.130541,19,567.186673
5.502039,17,567.720606
4.642475,14,568.16248
5.258465,16,568.670123
5.989722,18,569.234772
6.220566,17,569.771701
6.024163,17,570.297391
2.908297,20,570.89718
4.942208,15,571.387314
5.861351,16,571.886556
1.590636,16,572.385545
6.342464,18,572.958567
8.294048,24,573.727784
6.828063,18,574.301023
7.577329,22,574.985004
6.78707,19,575.580467
5.312351,16,576.111063
6.466819,19,576.692809
6.090531,18,577.26345
7.790191,19,577.862034
6.740332,20,578.494549
6.849247,22,579.176142
6.958918,16,579.696687
5.104754,15,580.183454
6.668005,19,580.786053
6.39937,18,581.322758
5.611917,17,581.856586
2.819632,21,582.516724
6.794909,20,583.160329
4.563067,14,583.588983
6.666455,19,584.193656
6.910389,19,584.797368
8.665257,26,585.627625
7.197863,19,586.232278
6.581821,17,586.78321
7.242642,18,587.361829
6.050212,17,587.895781
6.740724,18,588.470854
8.728734,26,589.301344
1.000431,16,589.812038
6.580187,18,590.390363
5.445023,16,590.888443
6.864682,18,591.46269
6.833412,19,592.085643
5.142809,15,592.540957
6.079927,19,593.143092
1.570914,17,593.690846
7.334312,21,594.380011
8.256344,21,595.046154
7.958191,25,595.824794
5.313644,15,596.298078
6.609861,19,596.893939
6.463978,19,597.492674
6.061066,17,598.039103
2.111929,17,598.575077
6.352152,18,599.132821
6.570981,19,599.753229
2.77245,20,600.384537
1.576118,18,600.962319
6.794067,18,601.531316
7.669265,20,602.165129
5.660727,16,602.66835
7.005321,18,603.229595
7.105512,19,603.812745
4.514103,14,604.275603
6.802578,19,604.874505
7.559657,19,605.486793
7.324353,21,606.157007
6.203489,16,606.656087
0.698432,16,607.170733
5.397609,15,607.644846
6.263827,18,608.198201
5.859005,20,608.826516
7.858702,22,609.54118
7.083915,24,610.278818
4.994319,16,610.791225
6.836863,17,611.330995
7.138284,20,611.953756
5.055382,15,612.438392
6.226,19,613.030043
7.587391,20,613.653523
4.546512,13,614.08164
2.385094,21,614.731427
6.063575,16,615.228149
7.527928,19,615.808123
6.603713,19,616.405942
8.440695,23,617.156733
6.860567,18,617.714604
6.869158,20,618.345567
7.564094,21,619.00274
4.489166,13,619.416877
5.486963,16,619.913144
7.177458,19,620.515717
6.834155,19,621.079113
5.878831,17,621.621837
1.41031,16,622.134495
3.28162,23,622.843945
7.557408,20,623.461416
6.026659,17,624.015774
5.867421,16,624.508176
7.379943,21,625.140354
7.49511,22,625.83699
5.848719,16,626.333708
5.790626,16,626.830684
6.48803,18,627.398207
6.975165,20,628.013508
6.046954,16,628.501439
7.559763,23,629.200395
7.457963,20,629.804692
6.897732,21,635.269935
6.914816,20,635.873238
5.6601,18,636.416665
6.002609,16,636.922361
4.101951,13,637.331639
5.948725,16,637.822087
5.656134,18,638.366928
2.135693,18,638.910592
6.627776,18,639.457485
6.202886,17,639.981542
5.839081,17,640.502613
7.465009,25,641.247966
6.746625,20,641.854612
6.520805,18,642.423114
6.152085,17,642.964534
7.219463,19,643.562149
7.306435,22,644.259938
7.511097,23,644.985786
7.957833,23,645.697827
6.062717,16,646.193828
9.008812,29,647.071342
6.131927,18,647.642393
7.872661,22,648.343503
1.576421,18,648.914549
7.182526,19,649.517861
6.599488,18,650.085293
7.363242,24,650.803979
5.368985,15,651.273049
7.941392,24,652.007632
9.025715,27,652.863882
7.88188,23,653.555645
7.460301,21,654.209981
5.621987,17,654.748781
1.967856,18,655.30285
5.753814,18,655.871284
5.541351,16,656.387148
5.471788,17,656.912426
5.88995,16,657.425858
7.418569,24,658.157426
5.3555,16,658.668676
5.456008,16,659.160744
1.851991,18,659.726289
6.579836,18,660.277656
7.266991,21,660.941841
5.074025,15,661.405348
5.641201,17,661.922651
7.151603,24,662.649344
7.474895,21,663.312305
0.264494,15,663.778153
7.76238,22,664.455183
6.294307,17,664.981814
6.516418,17,665.504478
1.903895,19,666.081518
7.050129,19,666.658244
-27.849255,151,671.161228
5.094641,15,671.644803
6.323458,17,672.187681
6.770231,19,672.76522
4.854892,15,673.231505
7.49931,22,673.909727
6.352031,20,674.530341
7.777353,22,675.191973
6.199465,18,675.761615
2.872469,20,676.388171
8.105381,23,677.103107
6.314665,17,677.631037
5.69768,16,678.143151
6.078642,18,678.697448
10.463474,30,679.646317
6.328131,20,680.273424
6.314401,17,680.813079
8.08528,23,681.508581
7.699438,21,682.157605
7.832545,22,682.854458
6.6806,18,683.406174
6.624422,19,684.000097
5.906235,17,684.521403
4.726252,14,684.958254
7.456453,20,685.596791
5.018245,15,686.067059
8.663913,26,686.879427
6.034385,17,687.408633
5.480358,16,687.890619
6.455915,19,688.475533
5.61928,17,689.02106
7.900994,23,689.733175
6.112713,18,690.305648
4.148737,24,691.063091
7.264935,20,691.689501
6.038192,18,692.245877
5.777569,17,692.755663
6.063314,16,693.255373
8.017833,24,694.00586
6.517046,19,694.601114
6.486286,19,695.180727
6.981529,19,695.763659
6.495503,17,696.285259
6.407557,20,696.895912
9.098175,26,697.664793
9.730788,26,703.335442
7.436756,21,704.006903
7.736849,22,704.699505
6.541358,17,705.22046
7.330923,21,705.87715
5.042743,16,706.389561
6.315346,19,706.971573
5.188145,17,707.504545
6.253836,18,708.058995
6.650962,20,708.662167
4.91683,15,709.11043
7.996984,25,709.837261
6.322576,18,710.372096
7.695753,24,711.092314
6.576472,20,711.700504
7.743899,21,712.349432
6.51506,20,712.953561
7.146134,21,713.585963
4.682383,16,714.064492
7.775088,22,714.757419
2.224738,20,715.37404
7.071828,21,716.169753
1.468944,18,716.701174
5.605981,16,717.191015
6.559222,21,717.840538
7.967427,23,718.53539
-33.704793,151,723.232962
7.45552,22,723.905875
7.439535,22,724.581782
7.007338,21,725.23951
6.602585,20,725.867852
6.016625,18,726.438284
5.300664,15,726.915087
6.625156,19,727.522268
4.569355,15,728.00788
8.006798,23,728.698494
7.172066,22,729.375853
7.874437,23,730.101928
3.754121,23,730.813038
7.97296,23,731.503581
6.711921,19,732.050092
5.927707,18,732.571195
-29.712359,151,736.960969
7.165592,21,737.618282
7.069399,21,738.275002
5.715029,17,738.796988
3.962016,14,739.369049
6.363304,21,740.039036
2.098087,19,740.623222
6.025425,16,741.120839
-27.262694,151,745.855386
7.988449,24,746.586074
5.164102,16,747.096452
3.586854,25,747.866107
7.134759,21,748.535095
1.820658,20,749.145544
6.123057,19,749.739744
6.036686,18,750.302619
-30.720358,151,754.802623
5.434855,16,755.302498
5.10297,15,755.755482
5.726715,18,756.275495
5.041036,15,756.743408
5.996671,18,757.314302
7.526948,24,758.056432
5.539338,17,758.587409
8.189955,24,759.341982
2.227537,20,759.96909
6.48282,20,760.592877
5.855634,19,761.192922
6.972048,21,761.849129
6.116762,18,762.417583
6.03937,18,762.965595
7.014324,20,763.591873
4.494193,14,764.039432
9.122708,28,764.887193
5.050781,16,765.369838
2.544848,22,766.082817
8.250797,30,771.868637
7.181875,22,772.546762
7.206306,24,773.271816
6.906875,20,773.886888
1.362619,20,774.516272
6.832433,18,775.062727
4.67671,16,775.54307
7.403143,20,776.14802
7.227313,22,776.823675
5.780991,19,777.413612
6.330524,20,778.022603
6.016781,18,778.573993
6.452334,19,779.152414
7.257315,20,779.780097
-36.50745,151,784.280066
7.645412,24,785.022307
7.896519,22,785.699879
6.684865,21,786.332778
7.567996,25,787.117096
6.626649,21,787.765421
6.919015,23,788.450237
7.468223,22,789.141109
6.989127,21,789.772632
6.501236,21,790.402366
-32.706971,151,794.846977
4.854224,16,795.321815
0.532028,16,795.796987
8.468808,27,796.576252
5.262445,17,797.071856
5.392377,17,797.570828
5.974781,18,798.09749
7.802719,24,798.799879
7.670616,21,799.415971
7.293055,24,800.131444
6.841637,19,800.691907
6.502206,18,801.229813
4.478358,14,801.637182
-32.775205,151,806.134628
7.487772,23,806.851669
6.363405,19,807.447649
6.242295,20,808.07487
8.799881,26,808.846205
-27.270268,151,813.424159
5.367663,17,813.948305
0.532288,17,814.459379
6.27935,20,815.085649
-32.525414,151,819.556443
-29.237182,151,823.972983
7.357247,23,824.683592
7.147995,19,825.282278
6.784804,21,825.934595
3.593813,23,826.66068
6.134897,18,827.230431
6.244098,18,827.78022
6.134263,19,828.358754
6.729381,22,829.020622
8.013563,23,829.711272
-28.787414,151,838.864723
7.202963,23,839.567843
-25.949339,151,843.918528
6.854509,20,844.483826
6.276,20,845.071092
6.336841,18,845.617685
6.245006,18,846.1679
6.698116,23,846.843217
7.325853,22,847.495605
8.037991,27,848.280972
-25.440988,151,852.677299
7.040077,22,853.325675
6.086119,20,853.913282
6.961805,22,854.541642
7.452266,22,855.168159
-32.104725,151,859.566389
-28.030689,151,863.947087
-33.431048,151,868.285179
7.700941,24,868.997674
7.010324,23,869.668861
6.991822,21,870.29907
6.575446,19,870.843696
7.767798,24,871.574762
8.551837,28,872.41644
-26.909445,151,876.808005
5.855257,20,877.401915
10.10978,35,878.46406
7.863051,25,879.211214
3.690855,13,879.588833
5.62798,19,880.186224
-26.598003,151,884.545581
7.042536,22,885.205156
8.460599,26,885.982527
6.588566,19,886.542256
8.397031,28,887.367496
6.134693,18,887.907536
7.045901,22,888.567005
6.423612,19,889.141768
-33.198232,151,893.61609
6.727139,22,894.28245
-29.043241,151,903.605305
1.545928,18,904.137622
9.562382,29,904.970049
5.325833,17,905.487722
8.174122,25,906.231917
5.920352,20,906.855332
5.517151,18,907.404335
7.507213,22,908.067249
6.862504,22,908.7323
5.547272,17,909.225168
6.631215,20,909.831857
5.971552,19,910.391117
6.920518,20,910.983051
5.932167,18,911.515137
4.180998,14,911.9534
8.073965,25,912.70112
6.31455,19,913.241516
7.487476,23,913.912492
5.123446,16,914.386709
6.305403,20,914.971936
-23.438785,151,919.448582
7.84511,25,920.183752
6.65863,21,920.804975
8.883346,28,921.626835
8.067457,26,922.398559
-24.843199,151,926.836089
4.793379,15,927.278882
8.21246,27,928.110967
6.233306,20,928.690366
5.481193,16,929.189443
5.48306,17,929.717064
-29.058496,151,934.144133
6.266085,17,934.636806
5.763544,18,935.154448
7.045523,23,935.844415
7.389926,26,936.619946
6.113983,20,937.206007
7.029957,23,937.863485
6.698113,21,938.465064
7.969967,21,939.067183
7.793189,26,939.81687
8.497966,25,940.568432
5.404267,18,941.103217
7.423401,23,941.813988
-31.123708,151,946.274691
7.36366,24,946.98588
5.717031,18,947.51639
7.277095,24,948.220495
6.122332,19,948.796202
5.41572,17,949.315933
5.890961,19,949.890043
4.541761,16,950.382335
6.745349,19,950.95274
6.649653,21,951.583936
6.5267,18,952.133305
7.331963,22,952.791342
6.530912,19,953.365229
7.376265,20,953.952029
7.44007,21,954.568525
5.992282,20,955.154678
7.329292,21,955.78825
6.694234,19,956.382797
5.457777,18,956.927668
-26.502114,151,961.361111
8.349175,27,962.167795
6.584639,21,962.80468
8.644719,30,968.575351
5.350149,17,969.089691
5.701981,18,969.642915
6.33826,19,970.227182
7.506521,23,970.92094
8.678876,30,971.848358
8.286937,29,972.705212
6.303869,20,973.310341
6.639936,19,973.906436
5.739453,17,974.447852
6.233319,20,975.068567
6.644503,21,975.733806
4.722956,16,976.215619
6.489399,19,976.800141
-27.098772,151,981.248365
-25.781843,151,985.634032
1.716096,18,986.157927
5.387449,16,986.617784
-24.876743,151,990.938981
6.810043,19,991.481722
-26.212979,151,995.854038
6.812869,20,996.452481
9.707205,32,997.381012
5.746189,19,997.966157
8.121209,30,998.84827
5.02283,15,999.297159
5.093135,17,999.821618
4.818484,17,1000.342408
5.536461,17,1000.871293
7.743943,25,1001.62651
7.095819,21,1002.264074
5.391319,17,1002.811311
5.552009,16,1003.290572
8.197653,24,1004.028189
6.917187,20,1004.633842
4.944002,15,1005.090746
7.655796,23,1005.784812
7.433715,21,1006.423028
-23.624787,151,1010.966998
7.749889,22,1011.640741
8.652817,28,1012.493586
7.267231,23,1013.186278
8.119522,25,1013.944778
7.752265,26,1014.735873
6.267558,19,1015.339323
5.341042,16,1015.84072
6.658929,21,1016.499974
7.243606,19,1017.101791
7.92985,25,1017.871403
5.699299,18,1018.408193
7.138141,21,1019.053952
8.348613,24,1019.760648
7.009487,22,1020.422792
1.94815,21,1021.047761
7.00047,21,1021.668122
7.202313,21,1022.28536
4.486913,14,1022.725268
4.886974,15,1023.191885
-23.717511,151,1027.582393
5.789497,20,1028.162875
6.384148,18,1028.685709
5.112316,16,1033.96751
5.672224,17,1034.483462
6.382862,18,1035.048981
7.593099,22,1035.735116
5.383365,18,1036.308565
4.79065,15,1036.787183
5.698978,18,1037.325101
7.218738,24,1038.076149
8.725477,26,1038.904039
7.746032,23,1039.633621
5.723226,18,1040.198063
2.167745,23,1040.917467
6.556845,19,1041.509918
5.474738,17,1042.029195
7.006357,19,1042.617736
7.225935,20,1043.233133
4.273614,14,1043.679878
5.735959,19,1044.274553
6.661881,20,1044.851109
6.573196,19,1045.437952
6.610854,19,1046.023848
5.764571,17,1046.564238
5.6001,18,1047.120923
7.833068,23,1047.814345
5.38889,15,1048.263689
8.004173,26,1049.058715
8.539691,25,1049.80487
6.093936,20,1050.391933
6.801395,20,1050.978202
6.274017,17,1051.483665
6.633981,19,1052.029732
6.231706,17,1052.520977
9.316387,31,1053.461998
6.230661,18,1054.020902
5.660906,16,1054.517838
6.717873,20,1055.106492
5.417475,17,1055.62537
5.450923,17,1056.149209
5.926223,18,1056.703029
7.887365,23,1057.437084
5.190588,16,1057.916302
8.685339,27,1058.754646
6.136168,19,1059.325233
6.457175,19,1059.921155
5.829061,19,1060.53594
6.740985,20,1061.184842
6.487131,21,1061.851679
6.941483,20,1062.463247
5.033052,16,1062.981801
5.753268,17,1063.486433
6.738719,21,1064.129909
6.608889,20,1064.734755
-20.825998,151,1069.300975
5.328851,16,1069.797492
4.864353,16,1070.292784
7.315959,20,1070.915622
2.016877,20,1071.534742
5.895283,18,1072.063854
8.032882,25,1072.860977
8.063032,25,1073.625198
7.620482,23,1074.332724
5.586725,17,1074.840562
5.509482,17,1075.362792
6.268727,18,1075.931535
6.952788,20,1076.556164
7.786499,25,1077.327445
-24.42247,151,1081.844818
6.109759,18,1082.419607
6.318776,20,1083.029022
7.769799,25,1083.830317
7.187104,20,1084.458472
5.119362,16,1084.961645
7.421219,22,1085.649562
5.363078,17,1086.181057
6.375961,18,1086.754597
5.861383,18,1087.313822
4.744895,15,1087.769935
6.492601,19,1088.366656
6.750657,21,1089.040416
7.514085,20,1089.671077
7.00883,22,1090.37209
7.089285,21,1091.009374
7.875694,23,1091.722627
6.253839,18,1092.300936
6.224725,19,1092.883712
7.505025,22,1093.566213
6.678464,21,1094.22812
7.540281,22,1094.910694
6.533699,18,1095.484095
-19.685265,151,1104.906884
6.424927,19,1105.49921
6.70516,21,1106.131064
4.12401,14,1106.554003
6.84683,20,1107.175118
5.395445,16,1107.684283
4.567386,16,1108.177646
6.820389,19,1108.757204
8.022495,21,1109.404772
7.696081,20,1110.009684
6.405714,18,1110.562295
6.657724,20,1111.182023
4.651821,15,1111.629172
8.603343,28,1112.472973
6.108937,17,1112.995408
7.696064,19,1113.579904
7.321718,22,1114.273324
9.106409,28,1115.147172
8.424687,25,1115.926197
7.81341,24,1116.673617
6.407261,18,1117.242505
5.835078,16,1117.75829
6.241676,18,1118.308602
7.901965,23,1119.014678
6.434564,18,1119.577636
7.536952,20,1120.198261
5.282566,16,1120.710845
7.299935,22,1121.394588
5.925146,19,1121.979097
7.269669,20,1122.590469
6.897538,21,1123.247998
7.128669,19,1123.842736
9.67124,32,1124.842332
7.83189,22,1125.543153
4.730478,16,1126.025388
6.000306,18,1126.582398
7.036418,20,1127.193905
4.451403,15,1127.678886
5.684942,18,1128.249845
9.493818,28,1129.081951
8.35964,24,1129.838996
6.407965,18,1130.416849
6.49636,18,1130.954905
8.348021,25,1131.746486
6.398404,19,1132.349226
5.507423,17,1132.877749
8.408433,26,1133.711611
5.437372,16,1134.225107
6.446673,18,1134.783023
6.400384,18,1135.352371
6.918472,20,1135.984752
-18.681035,151,1140.511081
6.164665,18,1141.080139
7.469841,20,1141.712506
6.91617,19,1142.316866
5.517079,18,1142.887618
7.853042,23,1143.610907
6.661185,18,1144.166912
6.365851,18,1144.740199
7.912537,23,1145.454598
6.182872,17,1145.980611
6.291562,18,1146.558604
8.022653,23,1147.265093
7.329672,21,1147.930047
6.666594,19,1148.508776
6.79377,22,1149.211141
6.302976,17,1149.703929
6.344722,19,1150.306164
5.550232,15,1150.761064
6.060269,18,1151.316025
5.858507,17,1151.843283
5.412859,15,1152.317416
7.126341,19,1152.92069
5.69046,18,1153.497728
8.45931,25,1154.282366
4.832788,14,1154.725841
6.467962,20,1155.355294
9.992464,32,1156.361073
7.489898,21,1157.042157
6.195409,17,1157.571757
7.62419,23,1158.296767
5.269805,17,1158.828953
8.242419,24,1159.570125
6.668234,19,1160.174987
6.372672,19,1160.778123
5.335699,17,1161.328276
5.914303,18,1161.879733
8.637026,26,1162.697989
6.847347,20,1163.324122
2.326781,19,1163.923422
7.752127,22,1164.605979
7.138838,21,1165.25942
6.58175,19,1170.727887
7.223618,22,1171.400432
5.867839,19,1172.004491
2.185349,20,1172.631868
6.908465,21,1173.284143
7.558991,23,1173.984518
4.753663,15,1174.47262
7.465574,21,1175.116233
2.172707,22,1175.806638
7.719038,20,1176.418322
6.058737,18,1176.971009
9.504227,30,1177.905803
6.843623,20,1178.51423
6.010109,19,1179.099886
2.468698,21,1179.742855
2.753375,22,1180.427488
6.208979,20,1181.016407
5.827607,17,1181.521374
6.182087,18,1182.068583
5.059544,16,1182.559733
6.198921,20,1183.197989
8.776366,28,1184.044971
7.139937,21,1184.681919
8.76372,27,1185.506343
6.969104,20,1186.095033
6.775367,20,1186.685322
7.604132,22,1187.344187
7.197782,21,1187.976878
7.766368,23,1188.680445
7.136907,22,1189.338502
5.398329,16,1189.832792
-23.282486,151,1194.342178
5.510102,16,1194.821723
7.229597,20,1195.411358
6.99439,20,1196.003111
6.463837,21,1196.625126
6.242429,19,1197.190232
8.018223,24,1197.913583
9.152845,28,1198.769179
6.941323,21,1199.421987
5.087578,16,1199.948219
5.916711,21,1200.601305
8.601744,25,1201.369578
5.969418,19,1201.960555
6.289364,19,1202.564815
5.888348,20,1203.183289
5.801261,17,1203.729744
1.662414,20,1204.340848
6.466114,17,1204.869465
6.155671,18,1205.426266
7.060851,23,1206.123969
4.556846,15,1206.578917
6.371355,21,1207.21812
8.738928,27,1208.059478
7.621649,22,1208.722736
6.584639,18,1209.273211
7.869184,22,1209.941157
7.499825,23,1210.653426
6.421953,19,1211.237061
7.057609,21,1211.877735
8.270911,24,1212.619943
6.984291,21,1213.273885
8.465834,26,1214.053982
8.137978,23,1214.759362
6.385418,18,1215.33008
6.437212,19,1215.915868
7.811116,22,1216.566864
7.482283,21,1217.196171
7.709605,24,1217.921266
5.594274,18,1218.474642
2.264513,21,1219.111335
6.375257,18,1219.66911
3.698337,24,1220.395851
1.637428,19,1220.997908
6.399971,18,1221.575299
7.592106,21,1222.211608
6.031273,18,1222.767043
6.941602,20,1223.396078
4.906705,15,1223.86992
8.718258,23,1224.583704
5.09176,17,1225.117175
7.006221,22,1225.816755
6.84459,21,1226.458385
6.368533,20,1227.101661
6.070494,19,1227.69999
6.341686,20,1228.324296
8.718297,29,1229.226693
5.739534,16,1229.722604
7.791434,21,1230.396015
6.864035,20,1231.028032
7.763274,26,1231.841883
6.693193,20,1232.465997
6.289409,19,1233.066468
8.11128,25,1238.701555
5.596562,17,1239.234967
5.366705,15,1239.723228
7.063198,20,1240.342782
6.949552,20,1240.973469
6.290358,18,1241.518424
1.103486,17,1242.034633
5.699996,17,1242.567707
5.736743,17,1243.096963
5.75106,17,1243.611017
7.549071,20,1244.239446
6.891283,21,1244.87796
6.76799,19,1245.4468
8.738612,26,1246.282221
0.986966,18,1246.856559
5.991142,17,1247.368907
7.576331,21,1248.027501
6.080596,17,1248.5795
8.975821,25,1249.349124
7.743164,25,1250.139561
8.233324,26,1250.94222
6.829755,18,1251.499743
5.724228,17,1252.0301
11.153708,36,1253.154554
6.652147,20,1253.778848
7.505268,21,1254.436134
9.326282,25,1255.206289
6.011446,18,1255.77758
5.630026,15,1256.261777
6.341273,17,1256.786409
7.58496,21,1257.458147
6.299221,18,1258.028158
2.467714,21,1258.651045
7.163038,20,1259.260118
5.889008,18,1259.816205
6.575123,20,1260.436435
6.402102,20,1261.056621
6.064696,19,1261.61984
5.875329,18,1262.171705
5.295426,15,1262.63981
7.923811,22,1263.301223
6.524201,17,1263.822088
4.734919,15,1264.272207
5.9473,18,1264.80248
5.277408,16,1265.298625
6.290735,19,1265.87924
7.77378,23,1266.603821
5.302381,16,1267.079819
6.742796,20,1267.706041
6.575099,18,1268.257485
7.277939,21,1268.923768
6.239072,18,1269.477329
5.549539,17,1269.998976
6.48658,19,1270.595269
6.972729,19,1271.208344
5.728872,16,1271.715677
6.4597,18,1272.287685
3.776071,25,1273.098819
6.585294,18,1273.644818
5.089836,14,1274.110169
7.433656,22,1274.800449
5.156303,16,1275.299853
6.151546,17,1275.830546
8.10497,23,1276.552014
5.381351,16,1277.052285
5.655962,18,1277.59726
6.131894,18,1278.170261
7.423721,22,1278.859039
4.702182,15,1279.329262
5.316278,16,1279.795216
9.868983,31,1280.730013
8.218941,22,1281.39713
7.466842,20,1282.013633
9.688926,30,1282.934805
5.957222,18,1283.508242
7.509314,23,1284.226107
6.743661,19,1284.827784
7.807801,22,1285.511881
6.458381,19,1286.110902
6.657605,20,1286.739345
8.573116,27,1287.599768
7.140023,21,1288.256143
6.995409,20,1288.855815
7.966717,23,1289.58839
-20.509283,151,1294.223979
7.813675,24,1294.985501
6.999234,21,1295.619723
6.148805,18,1296.189836
5.650081,18,1296.77759
5.684464,16,1297.277956
7.519679,22,1297.961562
6.11955,17,1298.5066
6.231465,21,1299.181633
5.944701,18,1299.752669
7.303373,22,1300.421817
10.001967,33,1301.447722
6.025515,18,1306.837224
7.392698,21,1307.508394
6.956752,20,1308.125134
6.244531,18,1308.70226
6.164262,19,1309.269982
6.318387,17,1309.77034
6.344375,18,1310.324706
6.456655,19,1310.916965
5.868935,19,1311.493519
6.634621,20,1312.106837
7.241691,21,1312.744523
5.721788,17,1313.295791
7.726009,21,1313.935705
6.534486,19,1314.536995
7.625101,21,1315.199702
5.881195,17,1315.733761
8.075781,23,1316.446229
8.23382,24,1317.208853
7.04843,20,1317.819827
1.733238,19,1318.405813
5.695859,17,1318.935369
6.740838,20,1319.564009
7.141685,20,1320.200148
7.08223,20,1320.83607
2.339648,20,1321.470196
5.656616,16,1321.954587
5.541707,16,1322.478463
7.622381,21,1323.136081
6.617175,19,1323.732316
7.678213,22,1324.425653
7.207257,20,1325.046116
5.828721,18,1325.614761
7.578423,22,1326.298321
6.408541,20,1326.928761
6.359352,18,1327.510675
6.092838,17,1328.040933
6.60583,20,1328.659285
7.464508,24,1329.389915
1.202086,17,1329.903937
5.682101,17,1330.452674
8.101681,23,1331.165976
5.755578,18,1331.740334
7.001461,20,1332.35585
7.55244,20,1332.994038
7.059574,21,1333.658173
5.6598,16,1334.183658
2.178926,20,1334.815579
5.939435,18,1335.394794
8.962467,26,1336.189798
8.613705,25,1336.975825
1.004139,17,1337.498914
7.274415,20,1338.103622
2.897973,25,1338.848732
6.15022,18,1339.395977
7.254373,21,1340.047424
6.597393,22,1340.7217
4.90151,16,1341.218243
5.791166,17,1341.759597
5.300135,17,1342.296748
6.393197,19,1342.888358
2.740863,22,1343.56468
7.784844,23,1344.268661
4.9506,18,1344.821644
7.130198,20,1345.464015
8.030396,23,1346.153796
7.174234,21,1346.790819
5.440553,16,1347.271646
6.484178,20,1347.9125
6.171475,19,1348.492269
6.696999,20,1349.112437
4.717128,15,1349.595806
6.578162,19,1350.174917
6.790737,19,1350.75505
8.404231,24,1351.492455
6.866098,20,1352.11924
5.787145,17,1352.651748
8.830717,29,1353.555892
7.280552,23,1354.269654
7.684234,21,1354.93404
5.112321,18,1355.506228
7.212826,20,1356.136254
8.778968,25,1356.895482
3.402164,25,1357.684057
7.807944,22,1358.383173
6.420311,19,1358.962871
5.863335,16,1359.480738
6.877087,20,1360.092313
6.865564,21,1360.768261
5.175625,16,1361.288078
7.090873,21,1361.943949
5.391404,16,1362.439793
5.850575,18,1363.005922
7.408778,22,1363.691952
6.167544,19,1364.275011
7.252489,23,1364.991689
6.329798,18,1365.554657
6.612468,20,1366.198632
8.428009,27,1367.027688
6.343184,20,1367.658161
6.326119,18,1368.216524
7.302719,22,1368.912957
6.015796,19,1369.499657
6.321343,18,1370.058218
5.679191,17,1375.494074
6.621488,19,1376.089642
7.821047,23,1376.806473
6.249971,18,1377.36036
6.005074,18,1377.894096
6.789299,21,1378.520255
6.093702,18,1379.078307
5.648611,18,1379.624251
7.428589,22,1380.291943
7.887109,24,1381.022651
7.01273,20,1381.646193
7.670208,22,1382.323649
4.027505,26,1383.15109
5.979988,19,1383.730907
6.725154,21,1384.388243
6.76807,20,1384.978479
-9.491767,151,1389.601732
6.272513,18,1390.155845
6.267159,19,1390.737891
7.614644,24,1391.461078
7.366137,20,1392.079283
8.101916,26,1392.878982
7.382345,23,1393.575434
6.233488,19,1394.1605
6.913227,21,1394.797079
6.576522,20,1395.428612
8.489854,26,1396.225054
6.907966,21,1396.905274
7.93024,24,1397.638575
8.597342,27,1398.466982
6.392285,20,1399.06546
7.046145,22,1399.739002
7.229982,23,1400.439736
6.069152,18,1400.99069
5.783914,19,1401.572719
6.434843,20,1402.210692
7.109623,21,1402.870453
9.200564,28,1403.727231
-10.266097,151,1408.293741
6.90949,22,1408.970765
6.605435,20,1409.603941
6.650554,20,1410.237687
6.022189,18,1410.800468
6.778061,21,1411.464091
-9.803228,151,1416.064237
5.606169,17,1416.597605
6.618047,19,1417.179847
7.288734,20,1417.78642
6.58452,20,1418.391168
6.623395,19,1418.968458
2.202717,23,1419.693031
6.525288,20,1420.300503
6.256736,18,1420.863403
6.039127,18,1421.429
6.086054,18,1421.979602
6.477435,20,1422.584665
8.54712,26,1423.360617
6.243538,19,1423.943147
7.387976,21,1424.611686
5.080717,18,1425.163367
5.328507,17,1425.67129
4.810494,16,1426.178951
3.034178,23,1426.895629
6.597935,19,1427.469627
7.505959,22,1428.127102
5.150942,17,1428.633232
6.425072,19,1429.230178
6.276268,19,1429.814065
7.154512,21,1430.467258
9.311997,31,1431.434219
8.644793,27,1432.257135
8.795564,27,1433.062411
6.337036,19,1433.65207
-12.335837,151,1442.978604
6.736201,21,1443.634687
6.540937,21,1444.293231
6.377558,19,1444.875209
7.623131,24,1445.620857
-13.83252,151,1450.197767
6.059992,20,1450.825469
7.175155,21,1451.462846
7.637316,25,1452.232919
6.348215,20,1452.847193
6.000427,19,1453.433241
6.467134,23,1454.128819
9.833291,31,1455.042482
5.406799,18,1455.579385
6.782322,23,1456.29803
5.466765,18,1456.873486
7.346536,22,1457.560908
7.729477,22,1458.253491
7.883934,22,1458.907063
6.18601,20,1459.521394
6.427252,19,1460.120496
7.483882,23,1460.83428
7.914666,24,1461.573558
7.654911,23,1462.282799
10.269951,37,1463.403647
2.819321,24,1464.13702
6.173957,21,1464.773123
6.158172,18,1465.309409
5.417372,18,1465.860108
6.364261,19,1466.438222
1.416367,18,1466.962686
4.127796,28,1467.801267
6.735977,21,1468.455572
7.482733,22,1469.141198
8.114008,24,1469.87048
6.246292,19,1470.436942
6.033122,19,1471.004312
6.703953,20,1471.61887
7.305992,24,1472.347903
7.046435,21,1472.968186
7.294274,21,1473.593165
6.611002,19,1474.197084
8.207733,24,1474.940104
6.932606,23,1475.652172
6.977062,21,1476.277853
7.425702,22,1476.949718
1.195028,18,1477.507683
7.150877,19,1478.075523
7.487817,20,1478.685967
6.717694,20,1479.297388
6.51341,20,1479.921744
6.201448,20,1480.53633
8.590882,25,1481.283091
6.544059,20,1481.896921
7.535615,25,1482.647743
7.96282,23,1483.339803
9.582544,33,1484.315561
6.910061,19,1484.888974
5.910827,20,1485.49561
7.623595,24,1486.215669
2.913386,22,1486.866405
1.983963,151,1491.313364
7.512447,24,1492.050018
6.526697,19,1492.640745
6.885077,20,1493.220167
6.407683,20,1493.816323
7.253578,21,1494.471163
6.166308,20,1495.089538
5.350224,19,1495.675563
7.339621,21,1496.353392
7.46891,22,1497.022558
7.80048,23,1497.727091
6.773879,22,1498.38906
7.029758,22,1499.04741
5.174773,16,1499.557247
5.423033,18,1500.105224
6.224691,18,1500.670726
6.367257,21,1501.302831
-7.510683,151,1510.635687
6.536767,19,1511.183409
5.91251,18,1511.740479
5.770018,18,1512.311494
7.403703,21,1512.952147
8.248707,25,1513.709576
8.950854,31,1514.647009
8.201826,27,1515.460038
7.33324,23,1516.180454
7.512469,22,1516.863644
7.04091,20,1517.488922
7.865172,24,1518.230872
7.978826,23,1518.942398
6.012956,19,1519.546417
7.912367,23,1520.251088
5.421842,17,1520.760893
7.838761,24,1521.478452
7.42773,22,1522.160304
7.90694,25,1522.913256
7.697136,22,1523.585389
6.629896,21,1524.237731
5.366014,18,1524.771711
7.058532,22,1525.453315
6.107439,19,1526.052282
6.291468,19,1526.64417
7.994401,24,1527.40627
4.386728,32,1528.376917
6.139625,20,1528.987057
5.925871,19,1529.57122
7.934223,26,1530.403164
7.01267,23,1531.122965
13.185664,151,1535.661781
10.06617,32,1536.628294
8.314995,25,1537.393172
7.979332,26,1538.172295
7.311836,23,1538.85294
6.931296,20,1539.464443
7.609235,24,1540.200101
8.651929,24,1540.916769
8.228948,26,1541.727532
7.414592,25,1542.479952
9.009009,27,1543.312185
8.21824,24,1544.047275
6.144456,19,1544.643916
6.736266,21,1545.294621
5.814913,20,1545.88895
7.709138,23,1546.592688
3.185809,24,1547.319876
7.262204,22,1547.986129
6.208709,20,1548.581233
7.31669,21,1549.197043
4.345269,15,1549.648988
7.55738,24,1550.367606
8.432075,30,1551.298429
7.224,22,1552.003002
6.04696,19,1552.582436
8.486747,27,1553.391252
6.193665,18,1553.948451
5.887608,18,1554.490669
9.118773,30,1555.402312
5.346843,17,1555.912602
2.264831,22,1556.596562
4.031184,14,1557.03619
6.006076,19,1557.616279
-6.028383,151,1562.152185
8.025518,25,1562.946604
6.830107,22,1563.615882
7.622492,21,1564.255172
7.374079,22,1564.924047
8.18916,25,1565.679852
6.005851,18,1566.236694
6.635507,20,1566.847491
6.740583,22,1567.51548
1.411779,19,1568.122114
9.662493,31,1569.074218
6.534045,20,1569.682886
-10.836835,151,1579.136545
9.402928,27,1579.973845
5.500097,19,1580.546328
6.821338,21,1581.179847
7.992035,25,1581.938264
11.07026,38,1583.093297
7.977264,25,1583.855337
5.547937,18,1584.408262
6.574041,20,1585.030885
7.098678,23,1585.721758
6.476257,20,1586.327349
9.703876,36,1587.399193
7.133526,23,1588.091157
9.250803,29,1588.945285
7.677294,22,1589.602102
6.522392,20,1590.22761
9.298436,30,1591.135221
7.307419,21,1591.77292
7.324781,23,1592.465533
6.037836,19,1593.036386
6.194618,19,1593.61586
7.917352,25,1594.352193
6.363313,20,1594.969364
8.988819,27,1595.792501
7.323725,22,1596.478947
6.807136,22,1597.167908
8.410028,27,1597.992153
7.239167,23,1598.706601
5.949993,18,1599.265578
6.738611,20,1599.87864
4.847648,16,1600.381319
8.058383,26,1601.179021
6.264778,21,1601.819673
7.447277,24,1602.577149
8.386008,27,1603.397019
7.232073,21,1604.055289
6.27833,19,1604.652458
6.880662,21,1605.305728
7.545541,21,1605.939105
7.6505,24,1606.697327
9.16934,29,1607.577943
7.209124,22,1608.266668
5.380532,17,1608.810096
5.594454,18,1609.363528
7.329615,23,1610.066755
5.575107,18,1610.606859
5.114722,16,1611.112642
6.698534,21,1611.752626
10.269681,33,1612.76841
8.133007,26,1613.58834
7.071566,20,1614.203422
6.222332,19,1614.804715
26.021405,151,1619.412791
4.004013,27,1620.238957
7.561199,24,1620.997758
6.141937,19,1621.600334
7.662382,25,1622.365789
8.354937,28,1623.218672
5.564331,17,1623.762538
7.133425,23,1624.470583
7.561434,24,1625.223649
6.647109,20,1625.847452
6.16924,19,1626.43802
7.857065,23,1627.14566
2.096486,20,1627.774497
9.425667,28,1628.622714
8.463614,27,1629.426112
8.870143,28,1630.311662
6.239833,18,1630.889451
8.530884,26,1631.708567
6.141859,19,1632.294791
2.515005,23,1632.97969
6.674797,22,1633.69902
8.599405,27,1634.516275
4.662168,15,1634.973629
6.98323,22,1635.644761
6.831141,21,1636.285181
9.83201,37,1637.392718
6.581742,20,1638.006211
6.664494,22,1638.674766
6.175543,20,1639.292098
7.242333,22,1639.96766
8.138633,24,1645.631208
8.051896,26,1646.466327
5.455744,17,1647.005399
5.355461,16,1647.494333
7.916755,24,1648.229244
7.065629,21,1648.884319
7.078314,22,1649.557179
7.461259,23,1650.248957
4.445427,15,1650.718106
8.228214,27,1651.540998
5.790403,18,1652.108817
8.890333,28,1652.939291
6.932697,21,1653.562536
6.328454,19,1654.149354
6.625457,20,1654.777903
7.724681,23,1655.492122
5.641495,18,1656.032954
7.745727,25,1656.782986
7.190558,22,1657.460445
6.713639,22,1658.142258
6.133657,19,1658.703169
6.193568,21,1659.351934
8.073043,25,1660.097146
2.065195,22,1660.776811
6.753123,20,1661.398756
7.940596,25,1662.165432
5.878651,18,1662.72284
7.901722,27,1663.539104
6.348208,20,1664.12707
7.150462,23,1664.850578
2.228102,21,1665.502651
7.392394,23,1666.210086
7.837701,24,1666.941218
8.460085,29,1667.830228
8.601458,28,1668.680121
6.658249,20,1669.296487
6.925855,23,1670.011521
8.026918,26,1670.803225
8.049742,24,1671.555257
7.904489,23,1672.244987
7.306064,22,1672.931868
7.197313,22,1673.600059
7.868701,24,1674.341918
9.227894,31,1675.278828
8.20359,24,1676.020507
6.890655,21,1676.673996
9.136856,30,1677.593247
7.686492,25,1678.386714
5.702226,18,1678.943386
6.775722,22,1679.631745
6.323846,20,1680.244532
9.310236,30,1681.17452
5.117359,16,1681.678172
7.860097,24,1682.434111
6.347966,20,1683.049646
9.614508,29,1683.90962
7.693741,23,1684.606257
8.879849,29,1685.481225
7.42292,24,1686.209212
6.843814,21,1686.855222
7.037512,21,1687.520554
6.515665,19,1688.112335
7.538491,24,1688.846339
6.404257,19,1689.433424
6.544401,20,1690.048409
6.672158,20,1690.641416
8.010444,24,1691.362608
8.437117,27,1692.211711
5.439473,17,1692.7408
7.204424,21,1693.383578
6.496666,20,1693.996383
2.519501,24,1694.758924
6.810271,20,1695.369206
10.244814,34,1696.419563
6.634159,21,1697.072382
5.327017,18,1697.603582
6.934858,22,1698.283045
7.683227,23,1698.980296
9.154342,26,1699.759782
8.558318,28,1700.625997
6.695354,21,1701.282152
7.365241,23,1701.981944
7.343427,22,1702.665967
5.665758,18,1703.221297
4.952008,16,1703.70335
6.571084,20,1704.31166
10.523331,37,1705.405467
7.856161,24,1706.147571
5.693649,17,1706.638741
7.819947,24,1707.363704
7.626748,24,1712.991384
8.829453,27,1713.835107
4.593125,15,1714.320052
6.149689,20,1714.955888
6.717601,22,1715.634454
6.294373,19,1716.225831
7.311817,23,1716.958326
6.754095,21,1717.622962
9.148426,26,1718.423748
6.489691,22,1719.113675
6.870381,20,1719.744754
6.638961,21,1720.392329
6.449979,21,1721.058133
6.759951,21,1721.703649
4.698702,16,1722.211424
3.589635,26,1723.038288
7.283542,23,1723.75985
4.708321,31,1724.722792
5.375424,18,1725.298005
5.488218,18,1725.88203
6.13817,21,1726.531342
7.315895,22,1727.204268
6.030038,19,1727.814001
9.62269,30,1728.735984
6.396474,21,1729.384189
8.988941,27,1730.231061
6.978101,23,1730.918267
6.014536,20,1731.53935
7.098373,22,1732.225047
7.355874,22,1732.902891
6.549706,21,1733.58708
8.348833,29,1734.497737
6.647286,20,1735.13584
5.970724,18,1735.676739
10.14269,35,1736.747224
7.362516,23,1737.453584
8.219181,26,1738.229781
7.321745,23,1738.904363
7.691761,27,1739.755663
7.657862,24,1740.485904
5.514632,18,1741.046761
9.291187,30,1741.923923
6.650555,20,1742.545526
6.713967,21,1743.181019
7.353215,24,1743.914116
6.921434,22,1744.576776
6.091482,20,1745.198705
6.780199,21,1745.851559
10.017575,33,1746.839031
6.307954,20,1747.447593
9.744084,32,1748.419714
5.031503,17,1748.950368
9.075152,30,1749.875323
7.278038,21,1750.543633
6.430255,20,1751.156172
7.089059,22,1751.848345
8.582881,29,1752.753707
6.70204,22,1753.447967
9.229877,31,1754.426003
6.532021,20,1755.0233
5.847699,19,1755.628639
6.44337,21,1756.273391
9.560663,31,1757.232547
6.103137,19,1757.838692
5.742983,19,1758.429682
6.773451,20,1759.04105
8.243137,25,1759.811286
7.988239,26,1760.615303
8.128682,25,1761.388579
7.386785,23,1762.103129
5.524774,18,1762.678684
8.756038,26,1763.488196
5.992272,18,1764.027185
7.443141,23,1764.756727
6.921615,21,1765.411944
8.201594,27,1766.218025
6.854366,22,1766.869606
7.772362,25,1767.619885
5.8305,18,1768.146694
5.501368,18,1768.722961
4.967333,16,1769.227669
7.78862,25,1770.010553
5.78597,18,1770.555181
6.80702,22,1771.236033
5.890403,19,1771.826019
6.983998,23,1772.549429
1.505169,20,1773.172584
6.881968,22,1773.853975
6.474775,19,1774.462316
7.075898,23,1775.173742
7.648889,24,1775.922319
7.493544,22,1781.47818
6.883352,21,1782.142717
7.589001,24,1782.888483
5.347707,17,1783.430145
8.388449,29,1784.314313
7.943023,22,1785.011607
6.711612,21,1785.668035
6.710643,22,1786.351071
5.935069,19,1786.950463
5.586389,19,1787.535335
6.467906,20,1788.169073
6.004608,18,1788.727691
6.137122,20,1789.357317
8.473459,25,1790.139484
7.788843,25,1790.938835
8.413945,24,1791.693775
3.965011,26,1792.495794
5.004956,17,1793.045951
4.237929,28,1793.904234
7.569649,23,1794.625386
5.673108,18,1795.214046
7.81872,24,1795.959844
2.915449,24,1796.710562
6.08248,19,1797.309126
5.355432,17,1797.858435
6.662931,21,1798.52352
7.270347,21,1799.189209
8.859321,27,1800.012961
6.602971,21,1800.673876
6.039846,19,1801.283955
8.983457,28,1802.146347
5.995958,19,1802.738063
6.260069,20,1803.325505
7.963774,25,1804.099363
5.702511,19,1804.710431
4.653969,16,1805.208142
7.997402,24,1805.95796
7.045172,23,1806.680955
10.439203,33,1807.703326
8.652667,27,1808.538276
6.818347,22,1809.235079
8.589514,26,1810.036202
2.014454,22,1810.724827
8.407704,26,1811.521244
6.648705,21,1812.175006
5.610782,18,1812.734501
8.194866,25,1813.511039
5.872959,19,1814.118385
8.208989,25,1814.904785
1.544901,19,1815.508084
8.151694,25,1816.283756
8.188051,25,1817.039086
9.724261,32,1818.007623
7.088639,22,1818.686203
5.156878,17,1819.193288
8.841127,27,1820.028949
7.197968,23,1820.733447
9.456519,31,1821.685171
7.425299,22,1822.363423
9.007246,29,1823.241832
4.676048,17,1823.7459
6.755516,21,1824.380705
11.306133,36,1825.464693
7.706195,24,1826.202018
6.904077,21,1826.820972
7.385944,22,1827.498559
5.203178,17,1828.037037
7.982374,24,1828.76198
7.777688,23,1829.469455
7.16415,21,1830.124612
6.134994,19,1830.683104
7.572003,23,1831.390033
6.199689,19,1831.963683
6.875864,23,1832.654131
5.086915,16,1833.170475
6.165391,19,1833.758044
5.521497,18,1834.3126
6.364677,20,1834.906856
8.32431,26,1835.723875
6.820089,22,1836.415079
8.009279,26,1837.223334
6.708556,22,1837.895181
8.976701,29,1838.774329
6.478782,21,1839.432263
8.93453,28,1840.287155
8.753865,25,1841.057184
7.015975,22,1841.762723
7.370308,24,1842.526198
6.400327,20,1843.133955
7.89047,23,1843.854879
7.358526,24,1844.59834
5.89251,19,1850.057801
6.442886,19,1850.656407
1.45845,19,1851.270075
5.856369,18,1851.834254
5.823963,18,1852.399222
6.425842,20,1853.043975
7.880779,23,1853.765239
7.338636,22,1854.446647
6.868317,20,1855.070757
5.903797,19,1855.655368
8.652742,27,1856.483423
6.663866,21,1857.1341
7.283181,23,1857.837369
6.72741,21,1858.489656
8.733306,26,1859.290565
4.807415,16,1859.795279
7.652665,23,1860.513491
7.789789,23,1861.230415
2.987405,24,1861.956547
6.158845,19,1862.561513
7.893288,24,1863.298099
6.828599,20,1863.926749
5.806858,18,1864.498554
5.303986,18,1865.077951
7.276785,22,1865.759041
6.560848,21,1866.395055
9.015909,29,1867.266078
9.630135,29,1868.170691
8.911592,26,1868.969824
7.909908,24,1869.73155
8.887339,27,1870.584099
7.876311,25,1871.339513
2.050584,20,1871.974494
8.590408,26,1872.774111
8.318274,26,1873.590863
5.959779,18,1874.15282
6.507404,19,1874.755421
8.946116,26,1875.563511
7.208468,22,1876.249937
3.057712,25,1877.015193
7.528868,23,1877.728287
6.928114,22,1878.395905
8.615128,27,1879.221192
6.826259,20,1879.819349
6.952192,22,1880.4905
7.841265,25,1881.264615
5.281306,17,1881.810642
5.383354,17,1882.334444
5.664628,18,1882.910292
9.046915,27,1883.742325
5.853129,19,1884.325422
5.281702,17,1884.876342
6.614454,20,1885.500703
7.726169,22,1886.203013
9.314383,27,1887.034321
8.499364,25,1887.808137
10.0944,31,1888.748703
7.230866,22,1889.433077
7.81617,23,1890.15092
6.562031,20,1890.778737
7.599716,23,1891.479038
9.548609,29,1892.376346
6.837983,21,1893.032451
5.667169,18,1893.591592
7.019195,21,1894.252526
6.962882,21,1894.914773
8.034641,26,1895.711481
7.985017,24,1896.458818
11.753527,42,1897.750543
6.568832,21,1898.399988
6.374052,21,1899.033512
10.013099,29,1899.91676
7.303484,23,1900.623308
8.266644,26,1901.412084
6.399806,20,1902.031689
5.719567,18,1902.598313
7.262142,22,1903.279418
6.612959,19,1903.860605
6.264859,20,1904.472175
5.553488,18,1905.024904
2.818188,23,1905.733533
9.694396,30,1906.652974
7.262607,22,1907.331806
4.827058,16,1907.831531
5.256412,17,1908.372684
7.805501,25,1909.119555
9.218674,28,1909.965272
9.504811,28,1910.815277
8.287063,25,1911.615382
7.111767,21,1912.267586
6.674795,21,1912.938034
9.465427,30,1918.740259
8.884635,28,1919.59995
6.894571,23,1920.319524
8.019269,23,1921.048499
7.890582,25,1921.838085
7.599749,23,1922.531932
5.55861,17,1923.055926
8.946943,29,1923.972973
8.111135,26,1924.789515
8.917752,27,1925.604903
7.468783,24,1926.355512
5.094166,30,1927.299275
6.491424,21,1927.951389
6.729717,21,1928.597306
6.27632,20,1929.226185
6.319546,20,1929.857773
8.852583,28,1930.718675
8.15013,24,1931.458227
8.341909,25,1932.233768
8.344528,25,1933.007279
6.320085,20,1933.634357
6.450855,19,1934.244964
4.705128,16,1934.766753
9.150362,27,1935.601212
6.640793,20,1936.231752
6.007017,19,1936.815464
7.489692,22,1937.499611
8.083571,24,1938.22274
1.45179,19,1938.790863
7.24037,22,1939.475106
3.375773,26,1940.291913
5.924135,19,1940.8882
7.946942,24,1941.62966
5.738419,18,1942.150099
5.811118,19,1942.73652
6.955393,21,1943.396588
6.44519,20,1944.026798
5.030996,17,1944.566446
9.244765,28,1945.412248
9.814384,33,1946.437262
2.809427,25,1947.196577
8.912453,26,1947.991991
7.061333,21,1948.634439
6.15304,19,1949.237506
7.374244,23,1949.977064
7.246964,22,1950.672097
6.50675,21,1951.328217
6.270682,20,1951.941228
2.922008,24,1952.690341
8.932742,26,1953.493024
7.471177,23,1954.200478
7.772558,22,1954.881628
8.758808,27,1955.728452
6.076328,19,1956.315188
8.48809,28,1957.190905
9.607507,29,1958.087918
5.555166,18,1958.659741
8.378316,25,1959.413535
6.500855,20,1960.006137
6.802009,19,1960.610174
6.696762,21,1961.256351
6.698276,21,1961.900059
6.926296,21,1962.558527
5.716963,18,1963.111839
8.795864,28,1963.966742
5.419041,17,1964.496935
6.573044,20,1965.129264
3.163717,25,1965.906821
1.462854,18,1966.481965
5.619519,18,1967.045378
6.916867,20,1967.674615
8.822787,26,1968.466523
2.758893,23,1969.1681
8.989673,28,1970.060205
8.258891,26,1970.860748
7.220947,22,1971.535334
5.389319,18,1972.093076
3.594747,26,1972.900321
8.072406,25,1973.6769
5.972419,19,1974.266511
6.668295,20,1974.899153
9.602252,28,1975.746938
6.223729,19,1976.348529
8.098215,25,1977.118979
7.344901,22,1977.802084
7.481355,23,1978.509712
6.976513,21,1979.158185
6.817834,22,1979.836243
5.777149,18,1980.387493
7.082814,22,1981.051249
6.204706,20,1986.520518
7.93023,26,1987.326802
8.100436,27,1988.132846
8.061229,26,1988.922719
6.979986,21,1989.567881
6.923983,21,1990.214597
3.33224,25,1990.965807
7.017394,22,1991.637648
3.985398,28,1992.513283
4.784384,16,1993.010979
7.598403,23,1993.745945
7.795173,24,1994.495426
7.786461,24,1995.204715
8.870894,28,1996.075983
6.917581,21,1996.725013
7.332318,22,1997.394548
9.069818,28,1998.267058
6.977572,22,1998.950157
8.738723,27,1999.794638
7.828216,25,2000.565488
4.806741,16,2001.050082
8.132262,24,2001.794412
9.076682,28,2002.670121
7.88948,24,2003.416872
5.850488,19,2004.018378
6.995988,22,2004.702874
6.530904,21,2005.359304
7.19134,21,2005.999347
6.011141,19,2006.580209
7.784713,24,2007.366957
5.340575,17,2007.879097
7.84916,23,2008.615052
7.851533,24,2009.356614
6.04987,19,2009.960113
1.39545,20,2010.591734
4.704709,16,2011.076055
8.822876,29,2011.965262
7.567316,23,2012.69307
8.264549,25,2013.461685
6.357097,20,2014.092637
7.858389,26,2014.884994
4.807934,17,2015.416543
7.533898,24,2016.13997
5.757849,19,2016.724436
11.647553,39,2017.941477
8.127503,23,2018.655922
5.950639,19,2019.25898
8.603391,25,2020.015067
7.321517,22,2020.695845
8.347933,26,2021.50789
9.130521,28,2022.347061
6.088889,21,2023.0044
8.397901,27,2023.846131
7.448623,23,2024.542405
8.407323,26,2025.359247
7.159391,22,2026.044666
6.037382,19,2026.630302
6.115904,19,2027.216205
6.833512,21,2027.87643
8.642182,26,2028.676082
11.01676,36,2029.763754
8.184493,26,2030.576665
7.129256,21,2031.219191
13.184034,46,2032.621453
6.989264,21,2033.264707
8.307029,27,2034.116741
8.509477,25,2034.881404
2.538878,22,2035.564386
7.956105,25,2036.318429
8.691726,28,2037.175584
7.248673,22,2037.862998
7.155599,22,2038.539024
6.85322,22,2039.212108
6.786592,22,2039.891362
3.834423,27,2040.707803
6.63363,20,2041.342225
8.150282,24,2042.076708
7.776702,23,2042.789397
6.465237,19,2043.376921
7.506254,23,2044.105225
9.403765,31,2045.034937
5.379119,18,2045.611438
7.499747,23,2046.307927
6.203913,19,2046.893828
7.952083,25,2047.681412
9.329583,30,2048.611406
5.726525,19,2049.199556
6.914282,22,2054.808587
10.909258,33,2055.843568
6.035622,19,2056.396343
8.276018,25,2057.180581
5.79767,19,2057.761715
7.210052,22,2058.440189
6.565459,21,2059.076495
7.310528,22,2059.737101
5.40369,18,2060.274065
5.284405,17,2060.816804
7.185399,22,2061.514739
7.343315,22,2062.164201
9.708056,31,2063.114836
7.537379,24,2063.85318
6.651733,21,2064.492803
7.29391,23,2065.203572
6.621939,21,2065.85325
6.519668,21,2066.505357
2.353352,22,2067.170778
7.024887,23,2067.85812
5.646416,19,2068.45664
6.645632,21,2069.108532
6.521918,20,2069.716386
6.015316,21,2070.351765
8.259779,26,2071.155094
6.075501,20,2071.785043
6.618482,21,2072.42806
6.513906,20,2073.025832
6.447627,20,2073.664452
5.941346,19,2074.271471
7.648796,24,2075.016812
8.659458,28,2075.872137
7.516666,24,2076.597371
6.734362,22,2077.285028
6.548024,21,2077.928065
7.510823,22,2078.61449
7.303958,23,2079.312543
7.621117,22,2080.001063
6.621086,21,2080.641539
8.825652,28,2081.543105
7.34051,23,2082.250455
3.316364,25,2083.023535
7.569241,22,2083.713821
7.337138,22,2084.386709
9.030788,28,2085.253145
7.795827,23,2085.969377
6.113224,20,2086.567249
6.802664,21,2087.217199
6.357525,19,2087.821571
2.833781,24,2088.547748
7.328102,23,2089.279877
6.105092,19,2089.846597
7.865704,26,2090.66552
5.512538,19,2091.25324
5.850236,19,2091.839865
8.195648,26,2092.637304
6.807597,21,2093.294021
4.05281,29,2094.186269
5.787682,18,2094.706912
6.635363,20,2095.334683
7.901463,25,2096.103468
9.499175,28,2096.959032
5.305653,18,2097.533437
7.089625,22,2098.220073
7.752257,25,2098.995472
7.036458,22,2099.663604
7.588301,23,2100.363185
6.575049,21,2101.019541
7.547407,23,2101.732877
6.080623,19,2102.313587
7.203686,23,2103.020905
9.455625,28,2103.87358
7.230777,22,2104.555715
6.14261,20,2105.167215
6.442674,19,2105.735482
7.619032,24,2106.479111
8.45423,26,2107.301586
6.566102,19,2107.888884
6.772427,22,2108.582696
5.658427,18,2109.144094
8.092585,24,2109.890291
7.97275,23,2110.588371
6.335471,21,2111.250452
5.282758,17,2111.782442
5.835207,19,2112.384179
9.44336,28,2113.241232
6.937354,22,2113.914568
7.828286,22,2114.601303
9.008987,28,2115.453082
6.93803,22,2116.126939
3.432909,26,2116.932635
8.124388,25,2122.573825
6.420858,20,2123.189065
7.372468,22,2123.878994
7.359051,23,2124.606334
7.958308,24,2125.348456
9.219619,28,2126.199893
7.190165,23,2126.91835
7.758001,24,2127.658107
7.750406,24,2128.4044
5.853444,19,2128.994279
8.716831,27,2129.828281
6.851542,22,2130.519602
7.008584,21,2131.179319
6.35544,20,2131.776299
7.32464,23,2132.515694
1.90321,22,2133.202806
6.479114,20,2133.815982
8.583568,25,2134.570785
7.311248,22,2135.23951
7.767701,24,2135.994158
7.589962,23,2136.724922
7.675213,24,2137.46994
7.233524,23,2138.158422
7.78092,25,2138.88764
8.481,25,2139.666192
7.443775,22,2140.346265
8.440239,26,2141.139773
7.761254,24,2141.874218
8.853822,27,2142.691375
6.502893,20,2143.296423
8.744906,26,2144.090169
9.894605,31,2145.037131
7.633247,23,2145.74171
7.569959,23,2146.446666
6.082672,19,2147.006395
11.289025,36,2148.10339
7.820856,24,2148.838159
7.071767,22,2149.501992
6.588976,21,2150.134916
7.350853,23,2150.84514
7.174709,22,2151.51559
7.744104,23,2152.229701
7.523526,24,2152.961444
9.002677,27,2153.806648
7.120452,23,2154.524692
7.920948,23,2155.239221
7.951546,25,2156.009499
8.511426,26,2156.814967
8.683056,26,2157.630736
6.622664,21,2158.269837
7.388919,23,2158.983627
6.668242,21,2159.642374
2.128295,23,2160.349569
6.688082,21,2161.004224
6.06132,19,2161.601742
8.534564,27,2162.425961
6.119702,19,2163.012961
6.321195,20,2163.641529
9.662719,30,2164.556264
5.999168,19,2165.147818
3.429968,25,2165.94007
6.645129,21,2166.58345
6.093145,20,2167.215546
9.239745,27,2168.055482
7.110561,22,2168.744508
7.281781,22,2169.427638
6.705134,20,2170.054446
8.538291,26,2170.847688
8.027001,25,2171.614401
7.253753,22,2172.301454
9.106799,29,2173.180866
6.95899,22,2173.850535
6.866169,21,2174.508631
8.434143,26,2175.309487
8.165829,25,2176.077576
6.33372,20,2176.688154
6.254914,20,2177.301973
6.515026,20,2177.927072
6.15336,20,2178.551341
5.093002,17,2179.090308
6.394578,20,2179.698038
3.812175,27,2180.530647
6.183928,20,2181.139544
6.071059,20,2181.749728
6.133057,20,2182.378506
7.872505,23,2183.069407
6.005151,20,2183.691479
8.530137,26,2184.46867
6.419443,19,2185.067738
6.877742,21,2190.612131
7.45239,23,2191.329065
6.799423,21,2191.985128
8.704271,27,2192.833627
7.036564,22,2193.484165
9.84274,31,2194.427435
8.400768,26,2195.220414
8.523652,27,2196.063853
2.987742,23,2196.762838
7.251517,23,2197.465506
8.054445,25,2198.233781
8.003284,25,2199.005095
9.549318,30,2199.921737
10.28336,32,2200.925529
7.827778,24,2201.649093
5.187713,17,2202.177783
7.34556,23,2202.889139
7.852565,24,2203.631783
8.218192,26,2204.435241
5.160564,17,2204.980542
6.51313,21,2205.656462
6.809883,21,2206.31105
8.155815,26,2207.09386
7.400718,22,2207.780763
6.956004,20,2208.395284
8.544741,24,2209.127403
7.833455,24,2209.884573
6.1898,20,2210.480403
8.24017,24,2211.208373
6.767301,21,2211.85131
6.395546,19,2212.421855
7.181914,22,2213.108638
6.421743,22,2213.785925
6.821092,21,2214.460797
7.322817,23,2215.166988
6.143195,19,2215.749067
7.352081,22,2216.418097
6.368395,20,2217.047116
9.737783,32,2218.013467
6.439624,21,2218.665964
6.322149,20,2219.292513
8.284505,25,2220.057609
7.459367,23,2220.767407
6.149715,19,2221.363427
6.12736,19,2221.958443
7.573389,23,2222.652539
7.618978,23,2223.360478
6.282418,19,2223.942247
6.327195,19,2224.523908
8.979737,26,2225.313374
3.858999,27,2226.128062
6.542649,20,2226.731672
5.969424,19,2227.326275
7.787122,24,2228.03995
6.568329,21,2228.694429
6.343569,20,2229.316249
9.256525,28,2230.16187
8.815017,26,2230.956633
7.043182,21,2231.594119
7.934005,26,2232.413855
8.149918,25,2233.204595
5.901502,19,2233.774626
11.465602,36,2234.901718
8.610041,28,2235.753587
6.128236,19,2236.357223
5.164207,17,2236.888031
8.843866,26,2237.68382
2.837882,24,2238.424571
5.776913,18,2238.97925
2.618892,23,2239.687397
5.932238,19,2240.285737
7.688623,26,2241.087697
7.346254,23,2241.802159
8.314065,26,2242.605791
9.31906,30,2243.517736
7.338889,22,2244.221552
9.010325,28,2245.088434
6.28247,20,2245.704786
9.186275,28,2246.555459
8.507603,25,2247.330886
7.231221,22,2247.999667
2.180875,21,2248.657687
5.939628,18,2249.216537
5.492188,17,2249.749102
6.943675,22,2250.433981
7.691022,25,2251.187061
8.704161,27,2252.008419
8.753469,27,2252.865244
8.009314,24,2253.606198
3.139745,25,2259.278087
6.998522,22,2259.945164
7.035761,21,2260.583528
7.570815,23,2261.289722
7.811816,24,2262.045979
8.458856,27,2262.871038
7.7583,24,2263.615611
7.247868,23,2264.348404
8.500017,27,2265.177729
7.867277,24,2265.923939
6.274832,20,2266.541083
7.220774,21,2267.202652
9.038404,28,2268.047549
8.313419,26,2268.859022
6.872573,22,2269.516977
10.192159,33,2270.547297
6.218446,20,2271.141325
9.705739,30,2272.083946
8.404996,26,2272.880917
9.57531,29,2273.761374
5.270478,17,2274.307647
6.363704,36,2275.398432
9.455346,31,2276.347114
9.06994,28,2277.190491
7.080575,23,2277.894217
7.879859,24,2278.636853
8.260746,27,2279.464703
7.730169,23,2280.162094
7.983087,25,2280.951574
7.396218,23,2281.649271
7.24338,22,2282.316248
6.881364,22,2282.987369
7.911331,25,2283.738634
8.58813,26,2284.536739
6.277073,21,2285.173751
9.53731,29,2286.078405
7.269789,23,2286.794398
8.599754,27,2287.607045
12.215995,41,2288.846583
8.976944,27,2289.675378
9.325994,31,2290.62154
6.045343,20,2291.246173
5.059273,17,2291.788548
10.109723,32,2292.737115
5.143385,17,2293.26669
5.449982,18,2293.821647
9.447888,29,2294.720809
8.692519,27,2295.548561
7.057674,21,2296.192729
8.450132,26,2297.014094
8.064582,24,2297.756407
6.433357,20,2298.35423
7.054191,22,2299.042111
7.835019,25,2299.813617
8.020788,26,2300.60831
5.95588,20,2301.217247
6.213569,20,2301.84322
2.645689,23,2302.536472
8.365853,27,2303.376137
7.125475,23,2304.087434
5.771267,19,2304.662064
9.161656,30,2305.564123
7.995644,25,2306.328531
6.674768,21,2306.979253
6.770608,21,2307.626362
6.285191,21,2308.274249
8.591464,27,2309.093915
8.763685,28,2309.959547
7.232145,22,2310.626404
7.658226,23,2311.321562
7.589378,24,2312.044765
6.538313,20,2312.653103
7.120898,23,2313.369768
1.713948,21,2314.027894
7.512738,24,2314.771206
8.518915,27,2315.59487
8.096623,26,2316.409043
9.13863,28,2317.26533
5.572221,18,2317.824732
7.836585,24,2318.570497
7.910642,25,2319.352681
0.901352,19,2319.958631
7.761069,24,2320.686636
7.596446,23,2321.411719
6.09732,20,2326.974227
10.543608,35,2328.033254
8.167773,26,2328.834483
10.319389,32,2329.831289
7.214119,23,2330.552824
5.863733,19,2331.130479
5.9345,19,2331.695318
7.800887,25,2332.449383
4.10858,29,2333.356164
7.430557,24,2334.096339
7.326694,23,2334.806997
5.279805,18,2335.345912
8.237749,26,2336.145452
3.676089,26,2336.940461
7.817641,25,2337.712893
6.309971,20,2338.307509
3.274685,25,2339.087198
3.194122,26,2339.863639
7.122221,23,2340.56298
9.557104,30,2341.509327
6.319738,20,2342.129706
9.656021,30,2343.060155
8.163541,27,2343.878238
8.389163,27,2344.72905
6.125456,20,2345.328522
6.913781,23,2346.050689
7.622071,24,2346.796663
9.438397,31,2347.739726
8.957457,29,2348.636979
6.398637,22,2349.31451
9.36589,30,2350.234183
6.605038,21,2350.895679
7.209275,23,2351.611673
9.219125,30,2352.530214
7.81051,25,2353.289891
6.718777,23,2354.023724
7.85378,26,2354.82384
5.595296,18,2355.381854
9.256025,30,2356.29678
6.145552,21,2356.959287
8.685879,28,2357.821341
7.125277,24,2358.56951
6.517027,22,2359.252368
2.806121,27,2360.082133
6.326286,21,2360.728544
7.353459,24,2361.474411
6.60826,22,2362.158037
9.604935,31,2363.119231
7.63502,24,2363.862279
7.914458,25,2364.632926
7.520995,24,2365.363156
6.346806,21,2366.007443
6.78039,22,2366.684068
9.418313,32,2367.640406
8.224982,26,2368.440702
7.11577,25,2369.21222
5.571706,19,2369.815089
9.124112,29,2370.69439
7.089005,24,2371.436158
8.387793,27,2372.26495
10.652983,35,2373.337529
7.815692,24,2374.066159
9.095406,28,2374.90901
7.935625,26,2375.747587
7.928639,26,2376.550235
8.078841,28,2377.416915
4.255799,28,2378.277155
6.656177,21,2378.93468
7.545605,24,2379.677769
8.230515,26,2380.464535
7.104623,23,2381.171158
7.668512,25,2381.921104
10.103803,31,2382.861088
6.577074,20,2383.486722
2.172868,23,2384.198358
8.061167,26,2384.991255
6.632519,22,2385.667081
7.041777,23,2386.390613
7.049177,22,2387.071034
6.843798,22,2387.753448
9.34458,29,2388.618315
7.36779,24,2389.353537
8.375992,28,2395.141296
5.521404,19,2395.732674
9.468308,33,2396.732601
9.193271,30,2397.649426
6.831743,23,2398.349489
7.112312,24,2399.108436
4.990793,18,2399.673465
3.338782,27,2400.511544
7.310571,24,2401.24811
6.147546,20,2401.865061
10.07154,33,2402.887657
10.400683,36,2403.973081
9.807213,34,2405.013315
3.817312,29,2405.900738
7.87665,26,2406.702095
9.543035,32,2407.678834
7.205576,24,2408.423829
7.753135,26,2409.226393
8.553661,28,2410.086737
6.516154,21,2410.751797
10.437178,34,2411.752632
8.208534,28,2412.59695
7.89966,25,2413.365418
8.477974,28,2414.201789
6.49466,22,2414.852888
10.2944,34,2415.877059
8.053656,26,2416.65204
7.128978,24,2417.372001
8.518885,29,2418.251449
7.127514,24,2418.993024
11.114232,37,2420.134728
7.34391,24,2420.879728
7.235798,24,2421.605285
8.836372,29,2422.492845
9.431844,32,2423.463999
8.343051,26,2424.270854
8.120017,28,2425.128514
7.903981,27,2425.958132
8.180169,28,2426.813449
6.206037,22,2427.501764
7.85705,26,2428.30357
6.215302,21,2428.957744
7.525495,25,2429.71744
7.081142,23,2430.423862
9.854033,32,2431.380655
9.311457,30,2432.308979
5.207725,18,2432.879265
8.987799,30,2433.773173
9.791944,33,2434.790075
8.367379,28,2435.647787
7.422367,24,2436.358372
9.217935,29,2437.269248
9.860551,34,2438.302582
7.598804,24,2439.028845
11.159479,37,2440.166477
8.871182,29,2441.035737
5.673104,18,2441.593213
13.020398,45,2442.952166
7.363624,23,2443.671416
7.117477,24,2444.423515
7.049636,23,2445.122255
6.618615,23,2445.839487
6.622997,22,2446.515585
7.11753,23,2447.219712
8.409948,27,2448.048369
6.313496,21,2448.692623
7.287352,24,2449.41769
8.428807,27,2450.259634
6.762479,22,2450.942352
6.504942,23,2451.651158
8.904549,30,2452.547417
7.301843,24,2453.292574
6.774536,23,2453.991706
7.695772,26,2454.781757
5.692086,19,2455.386661
8.461956,29,2456.274408
8.30327,27,2457.121627
8.423345,29,2462.9142
10.080548,33,2463.916771
7.754605,26,2464.703904
8.084388,27,2465.53498
6.183671,21,2466.168276
7.224459,23,2466.855631
7.235412,23,2467.554525
10.093386,33,2468.551139
7.343628,24,2469.271611
7.646615,24,2470.008338
5.121582,18,2470.563995
8.695778,29,2471.434919
10.680849,37,2472.552727
7.521497,25,2473.326656
7.901396,27,2474.167489
6.49563,21,2474.830471
8.815528,28,2475.687346
7.405459,24,2476.430131
8.237831,27,2477.256611
9.031359,31,2478.201809
7.361758,24,2478.948457
9.661713,32,2479.938357
9.814697,31,2480.878501
6.805171,23,2481.594786
6.543717,22,2482.273145
4.357501,16,2482.777874
9.693834,32,2483.74847
7.582897,24,2484.476354
7.838929,25,2485.2403
9.142469,30,2486.160635
7.002877,23,2486.875252
8.377019,28,2487.734937
6.75204,23,2488.455131
8.335204,28,2489.301064
7.514192,25,2490.068093
10.550917,36,2491.184431
6.410776,21,2491.81057
10.106818,35,2492.864413
9.682746,31,2493.800702
9.407874,31,2494.74859
8.275185,28,2495.599611
6.54129,22,2496.284323
6.466037,37,2497.407335
10.739856,36,2498.48872
8.28442,27,2499.310517
9.762225,31,2500.249568
7.897316,26,2501.047496
6.976704,22,2501.721649
7.080962,23,2502.423262
7.413231,24,2503.15006
7.265059,23,2503.85031
8.15686,26,2504.657534
1.874812,22,2505.331591
8.118273,25,2506.107645
9.323326,33,2507.109954
6.989128,23,2507.825037
6.765507,23,2508.538449
9.378532,31,2509.48457
6.125974,21,2510.141701
8.362379,27,2510.967265
6.767435,22,2511.620812
5.930132,20,2512.234443
6.510976,23,2512.954886
8.072334,26,2513.758875
10.504901,33,2514.792128
9.114377,30,2515.709188
7.015593,22,2516.400388
6.864581,22,2517.094208
10.692651,36,2518.177065
8.38025,27,2519.009435
10.239156,35,2520.083451
7.121988,23,2520.808006
9.357334,30,2521.726349
9.603253,31,2522.642963
7.143295,23,2523.360876
8.186183,27,2524.188664
6.725367,23,2529.842803
10.049363,33,2530.867039
7.207745,25,2531.639952
8.939834,31,2532.580797
8.910861,29,2533.466953
9.515464,32,2534.439663
7.554672,25,2535.209606
8.057245,26,2536.025939
5.582453,19,2536.594952
11.14956,40,2537.82209
8.284782,27,2538.630092
7.691936,26,2539.429292
7.638545,25,2540.191003
6.726821,22,2540.856157
7.291394,24,2541.588774
11.898019,42,2542.836386
7.230456,24,2543.570382
7.191705,24,2544.307359
8.563532,28,2545.158759
7.134641,24,2545.892743
5.677356,20,2546.502925
4.784953,33,2547.512858
7.111181,23,2548.208261
6.720454,22,2548.87143
7.570151,26,2549.665168
4.967178,33,2550.652479
7.331416,24,2551.392533
6.537516,22,2552.045278
7.401977,24,2552.77589
8.245471,28,2553.630974
7.710437,25,2554.399253
7.810937,26,2555.196784
6.906027,24,2555.935232
7.909015,27,2556.761151
8.913452,30,2557.678155
8.243,27,2558.486007
7.644996,24,2559.229395
10.165029,34,2560.25406
7.299086,23,2560.967753
9.09713,31,2561.916715
7.926909,28,2562.768811
6.404202,21,2563.398792
4.715785,17,2563.946462
5.286352,19,2564.520689
8.855419,30,2565.447392
6.459035,22,2566.103398
8.719427,30,2567.014416
5.703201,19,2567.619835
6.86488,24,2568.365713
7.639042,25,2569.085159
6.569674,23,2569.803436
9.559171,32,2570.769765
10.511965,35,2571.822958
9.124381,31,2572.766354
7.737731,25,2573.517702
6.224419,21,2574.148088
7.161414,24,2574.869421
9.066162,30,2575.774337
9.047413,29,2576.670195
7.950868,27,2577.474111
7.200615,23,2578.177621
8.469358,28,2579.023394
9.008586,29,2579.893339
6.753986,23,2580.610386
7.303884,24,2581.354083
8.551579,29,2582.243949
7.900223,26,2583.029863
7.181947,25,2583.787871
9.972399,35,2584.887687
7.65534,26,2585.689043
7.699861,27,2586.498939
9.498868,32,2587.466829
9.698105,34,2588.522058
7.463337,26,2589.323388
8.933112,29,2590.217927
8.951479,28,2591.077031
6.763098,24,2591.830435
8.609811,29,2597.698257
10.015249,32,2598.677577
9.615266,33,2599.685537
6.801642,22,2600.351797
10.924029,37,2601.480695
10.07653,36,2602.562519
6.599477,21,2603.203604
7.029899,23,2603.919903
8.859227,31,2604.845248
10.845015,38,2605.983411
7.35968,24,2606.729498
7.811881,26,2607.514715
6.874878,24,2608.258432
9.167743,30,2609.164061
9.729711,35,2610.250403
6.073207,20,2610.850923
10.111381,34,2611.85678
9.393012,31,2612.815884
7.387136,25,2613.540768
9.223339,31,2614.489962
9.598849,33,2615.509271
8.998995,31,2616.453094
8.344797,28,2617.310177
9.157334,31,2618.264005
7.424845,25,2619.020777
8.077489,28,2619.876359
11.368118,39,2621.031958
6.339769,22,2621.70703
9.340355,31,2622.652658
10.96878,39,2623.811934
10.01728,34,2624.816753
9.536431,32,2625.768901
8.4215,28,2626.61628
7.946826,27,2627.404131
8.747125,28,2628.25098
8.20037,27,2629.071546
8.318517,29,2629.949549
9.918023,32,2630.910763
8.374034,28,2631.761323
7.084574,24,2632.500452
8.010383,29,2633.382337
7.633668,26,2634.179594
10.551423,36,2635.243126
8.072046,26,2636.039632
7.300695,26,2636.840053
7.583845,25,2637.610708
6.897709,22,2638.301738
7.372043,24,2639.034711
8.503672,27,2639.863374
8.415692,28,2640.720946
7.652359,26,2641.526352
10.169383,33,2642.521553
8.244227,27,2643.354661
8.019207,28,2644.208026
8.176807,29,2645.106804
11.800054,40,2646.285522
6.75347,23,2646.995069
9.666602,32,2647.972623
8.519375,29,2648.852038
7.360253,24,2649.571162
6.437582,21,2650.222976
10.261848,36,2651.297914
8.999451,30,2652.207376
7.966454,27,2653.033195
7.080939,25,2653.787115
7.737848,26,2654.605082
6.895072,23,2655.3023
8.014178,26,2656.077016
9.801812,33,2657.101303
9.121812,31,2658.041317
7.139893,24,2658.77842
7.491868,25,2664.426155
8.998906,31,2665.38264
9.176357,31,2666.324656
8.033117,26,2667.129634
8.051543,29,2668.015149
6.518014,22,2668.676178
5.780413,19,2669.266659
9.004071,32,2670.240718
6.873247,24,2670.96806
9.525571,33,2671.986361
6.758215,24,2672.708098
12.095022,46,2674.093457
6.022744,21,2674.714988
9.59326,33,2675.719648
9.120496,32,2676.694321
8.938532,31,2677.626727
7.067169,24,2678.360048
6.596076,22,2679.053116
9.040719,30,2679.966055
4.297646,32,2680.934615
12.579339,46,2682.335365
6.446459,22,2682.990047
11.182893,40,2684.221443
7.899281,28,2685.065884
8.744014,30,2685.996802
9.553612,33,2686.996389
8.994238,31,2687.956018
7.550878,25,2688.679811
7.317105,25,2689.451821
6.66069,24,2690.183838
6.233378,22,2690.877141
10.587888,38,2692.033329
4.34395,34,2693.066864
2.168951,23,2693.763869
3.89951,30,2694.66451
8.36164,29,2695.515381
7.123425,24,2696.257638
8.488588,29,2697.117459
7.213327,24,2697.854394
7.979784,26,2698.67074
7.871056,27,2699.482709
8.718307,30,2700.396104
10.328512,35,2701.455463
6.570349,23,2702.127777
6.509966,22,2702.809242
7.232086,26,2703.568937
7.806481,26,2704.378622
8.659654,28,2705.225517
7.879431,28,2706.076409
12.033414,42,2707.334318
8.019894,27,2708.148911
10.414392,35,2709.183413
5.578873,20,2709.806817
6.857754,24,2710.526198
13.18084,49,2711.973647
8.148316,27,2712.794893
7.411582,25,2713.557028
11.040719,39,2714.746193
9.71574,33,2715.74205
4.308462,32,2716.729996
8.930465,31,2717.674186
8.014416,27,2718.504148
9.217764,31,2719.450021
7.409009,25,2720.224395
9.416295,34,2721.264824
6.079039,21,2721.894459
6.225783,22,2722.56696
7.701859,27,2723.395619
10.151506,35,2724.450481
9.086501,33,2725.472252
7.318336,25,2726.228791
6.432045,22,2731.777986
6.665775,22,2732.437892
7.146001,25,2733.194091
9.803453,33,2734.175678
8.060829,28,2735.030823
10.738886,39,2736.211634
9.300136,32,2737.174738
6.439605,22,2737.856505
5.585237,19,2738.424283
9.257919,31,2739.346039
9.617533,36,2740.461874
9.049795,32,2741.409492
9.227683,31,2742.346922
6.038262,20,2742.941457
7.557964,25,2743.693222
9.050225,32,2744.65694
9.330688,32,2745.619826
8.638319,30,2746.525933
9.454643,33,2747.52074
6.08941,21,2748.161603
9.322892,33,2749.151695
11.165931,38,2750.303702
8.256298,29,2751.184228
9.743815,34,2752.222034
7.574657,25,2753.009949
7.070714,24,2753.741829
5.999591,21,2754.399857
9.630388,33,2755.381222
6.496113,23,2756.061122
6.983961,43,2757.360278
7.958673,27,2758.191992
8.419022,28,2759.032184
8.356717,29,2759.915286
7.362188,25,2760.685218
9.962832,35,2761.733287
7.688313,27,2762.558825
8.388548,29,2763.441406
7.549482,26,2764.222007
9.609013,32,2765.173501
1.813297,22,2765.860856
7.332376,25,2766.618076
7.361884,25,2767.376007
7.020511,25,2768.130539
6.63497,22,2768.79814
5.99163,21,2769.437211
9.234729,32,2770.390153
8.466187,29,2771.275724
8.942426,30,2772.180273
7.789506,27,2773.005503
7.345246,25,2773.75893
8.926641,32,2774.746457
0.595001,19,2775.333945
8.613764,29,2776.21968
8.625071,29,2777.103944
7.088279,25,2777.879096
8.180927,28,2778.72769
8.565449,30,2779.637082
7.940871,26,2780.43115
8.897416,28,2781.276186
11.866751,40,2782.438062
6.824998,41,2783.692188
10.010704,35,2784.737103
7.487617,25,2785.498688
7.95443,27,2786.316464
9.737218,33,2787.3227
9.766619,34,2788.353554
8.354475,29,2789.226262
8.262487,28,2790.067015
7.603155,26,2790.839224
8.179178,29,2791.734976
12.123207,44,2793.048296
9.280925,32,2798.862944
8.88107,31,2799.781599
8.667207,30,2800.693025
9.139516,32,2801.658828
10.306601,37,2802.767668
5.741493,38,2803.920934
7.527189,26,2804.702208
8.310797,30,2805.591795
6.6745,24,2806.32725
9.169967,31,2807.248068
9.030607,33,2808.239064
8.583531,30,2809.135088
9.453679,34,2810.158462
8.991602,32,2811.141779
8.574951,30,2812.03851
10.934669,40,2813.259237
7.61204,26,2814.036888
10.348316,36,2815.147758
12.957004,47,2816.572217
8.350083,30,2817.47442
8.115551,29,2818.344796
11.621243,43,2819.665086
9.870102,37,2820.792542
7.685874,28,2821.624398
7.20833,24,2822.331534
12.587708,47,2823.749957
10.76766,36,2824.840647
5.757156,20,2825.422154
12.083573,42,2826.689225
10.730297,38,2827.842382
6.96813,24,2828.562274
7.935507,29,2829.444426
5.787032,22,2830.111077
10.631441,39,2831.271105
7.195913,25,2832.024071
10.919968,39,2833.222878
8.948553,31,2834.148587
8.268888,31,2835.08882
7.269181,44,2836.404141
10.418042,37,2837.498974
7.124686,25,2838.268668
10.672304,37,2839.377719
10.497035,38,2840.521318
8.25323,29,2841.396977
10.249067,35,2842.473391
7.972084,28,2843.316331
2.058964,25,2844.081851
11.016911,38,2845.221874
7.271978,26,2846.003515
8.550564,30,2846.925031
7.468117,26,2847.729399
8.733465,30,2848.618335
7.399205,27,2849.420592
8.913954,32,2850.382962
7.23957,26,2851.184304
9.747291,36,2852.290438
4.385682,33,2853.283416
9.337991,32,2854.251129
7.43851,27,2855.055568
13.525802,50,2856.56676
7.785605,27,2857.396296
7.832322,27,2858.205347
7.324023,25,2858.958537
7.030524,24,2859.679293
7.429404,26,2865.342042
12.074387,45,2866.681701
10.363655,39,2867.818408
6.011142,22,2868.482404
12.803516,47,2869.872271
9.614271,35,2870.936422
10.38475,39,2872.091935
6.967639,25,2872.817808
8.874749,33,2873.795186
8.541062,32,2874.763242
10.927851,40,2875.992511
9.118232,33,2876.997805
7.068357,26,2877.794227
6.835484,24,2878.515063
7.597463,28,2879.362426
9.73384,36,2880.468682
9.467617,36,2881.552306
10.314052,36,2882.6401
9.816997,37,2883.75348
10.146358,37,2884.868837
9.586449,34,2885.866187
11.30673,42,2887.130091
8.239259,30,2888.056925
10.362174,36,2889.150918
6.572576,23,2889.838341
10.014056,36,2890.919741
8.939776,32,2891.890175
9.100331,33,2892.874598
10.004437,36,2893.986786
9.338881,33,2895.010569
6.506905,23,2895.692244
11.430309,42,2896.983201
10.347789,36,2898.068939
6.292484,22,2898.744944
7.557523,27,2899.560366
10.639062,37,2900.653573
9.858258,37,2901.770112
8.155749,29,2902.650658
10.853066,41,2903.890613
8.43619,31,2904.826721
9.454648,33,2905.814308
9.463245,31,2906.726672
8.143359,29,2907.610428
10.015019,36,2908.689874
9.100163,34,2909.732136
11.197984,44,2911.038392
8.97755,32,2912.012033
6.968084,24,2912.740804
9.148082,35,2913.818744
7.419492,26,2914.573818
8.078664,28,2915.424921
6.135071,22,2916.095441
6.388568,22,2916.752084
9.31533,33,2917.764023
10.01605,35,2918.821212
11.600985,42,2920.078821
7.613972,27,2920.90828
7.215706,26,2921.708103
7.982198,28,2922.567439
12.066836,44,2923.884541
7.803154,29,2924.742516
7.764482,27,2925.574581
11.391055,44,2931.802751
6.008271,22,2932.48953
11.129813,43,2933.806261
8.223777,29,2934.678366
9.000045,33,2935.668585
13.471016,49,2937.13708
7.686179,28,2937.979886
8.463764,30,2938.895881
8.762822,31,2939.853258
11.816278,42,2941.074346
11.20848,40,2942.253014
11.611215,40,2943.454742
12.552782,45,2944.794605
9.115806,33,2945.779884
7.719278,28,2946.606297
7.567633,28,2947.459591
9.405677,35,2948.510045
8.519555,29,2949.387233
5.468387,20,2949.994163
12.505086,47,2951.408718
9.640878,34,2952.427916
9.613187,33,2953.40742
4.358439,34,2954.444761
7.649255,26,2955.25392
12.492684,45,2956.601004
6.399546,23,2957.32404
10.059982,38,2958.494838
9.301369,34,2959.531641
11.507237,42,2960.80671
8.28812,30,2961.730702
8.086074,28,2962.619379
7.400396,25,2963.389074
8.374821,29,2964.282851
9.509042,35,2965.364914
7.292991,26,2966.139533
8.293999,28,2966.999181
10.603802,39,2968.200052
9.709842,36,2969.287833
11.372523,41,2970.549236
8.376231,30,2971.479749
10.15742,38,2972.61801
7.91133,28,2973.469741
9.754024,35,2974.517813
11.669285,43,2975.810674
7.656947,27,2976.620756
7.257668,26,2977.399348
10.341969,36,2978.475462
7.196467,25,2979.210001
9.56004,32,2980.175099
10.066294,36,2981.276572
7.474349,27,2982.080557
10.618609,38,2983.239356
9.334944,33,2984.218478
8.645603,31,2985.15558
11.914587,44,2986.46925
7.338837,26,2987.263296
12.742287,48,2988.675202
8.950243,33,2989.68381
5.256489,36,2990.769767
6.336318,40,2991.959522
7.479689,27,2992.784213
9.347728,35,2998.757456
8.340964,31,2999.691744
8.934176,32,3000.68305
7.929315,29,3001.567798
8.627066,32,3002.529492
10.00871,36,3003.645496
11.121054,41,3004.889844
14.113936,57,3006.636425
8.870844,32,3007.606043
5.157337,19,3008.16757
13.469237,51,3009.739605
7.836532,28,3010.599762
10.015957,39,3011.785042
10.601002,40,3012.988695
6.451218,42,3014.251127
10.484635,39,3015.417495
12.284341,48,3016.880147
7.017518,25,3017.637158
8.627431,31,3018.561582
7.436714,27,3019.398922
10.691805,40,3020.593191
7.899683,29,3021.474468
11.802145,46,3022.825261
10.809865,39,3023.984937
7.345267,27,3024.769265
9.60796,35,3025.808818
13.515747,52,3027.351768
6.086921,22,3028.015181
10.324177,40,3029.168602
9.127772,35,3030.198707
9.727121,35,3031.239428
7.345601,27,3032.03073
10.497711,39,3033.174634
8.575082,31,3034.099727
11.021121,42,3035.349928
10.470139,38,3036.478198
9.352486,33,3037.467457
6.630704,25,3038.236226
8.998396,33,3039.199535
8.046347,30,3040.079672
3.84569,31,3041.023526
7.163775,27,3041.833401
7.433742,27,3042.645046
10.966727,40,3043.842132
9.257531,34,3044.856172
7.700447,29,3045.690814
9.541105,36,3046.773144
8.448572,33,3047.767564
9.328137,35,3048.820834
11.710784,46,3050.219336
9.491008,36,3051.306196
9.15306,34,3052.33081
8.011384,30,3053.247484
10.81915,39,3054.439279
2.918987,28,3055.296165
12.931432,50,3056.806126
11.32442,42,3058.061119
12.559793,48,3059.506092
7.470185,27,3065.170381
7.74371,29,3066.078264
14.655402,59,3067.831801
11.863678,44,3069.151651
9.399987,35,3070.214881
4.88357,37,3071.307361
9.170924,33,3072.290682
9.601499,37,3073.402399
8.318809,31,3074.327251
10.723037,42,3075.595179
7.511498,28,3076.456569
11.73046,45,3077.798904
7.07403,26,3078.579297
7.803945,28,3079.415452
14.160797,56,3081.076514
8.989655,32,3082.045866
13.883317,53,3083.589135
12.952848,55,3085.223505
7.57773,28,3086.050238
10.958192,42,3087.309231
9.179606,37,3088.403325
11.045486,44,3089.730789
6.898015,26,3090.516958
11.962651,48,3091.949484
11.307757,46,3093.293038
10.272996,41,3094.527309
11.1641,45,3095.88259
10.097523,39,3097.018991
7.907326,28,3097.867284
8.981596,32,3098.83931
4.158534,33,3099.818299
10.324421,42,3101.074094
8.465494,31,3101.989509
8.00005,30,3102.876685
7.78656,29,3103.739989
8.435786,32,3104.688165
11.135976,47,3106.067674
6.710786,26,3106.860845
6.167592,23,3107.535182
7.336438,27,3108.337327
8.372854,31,3109.27518
6.924313,27,3110.082215
10.545065,40,3111.26531
9.721512,37,3112.361715
12.197554,48,3113.768655
8.872813,34,3114.782442
11.983314,46,3116.156228
10.065103,40,3117.353911
7.219634,26,3118.132399
12.34882,47,3119.551208
9.214186,34,3120.546593
10.338813,38,3121.665445
7.979095,30,3122.560355
10.748553,41,3123.776155
8.805687,33,3124.768027
10.152082,39,3125.926761
9.359598,34,3131.841074
10.678245,38,3132.980569
11.434918,42,3134.243158
9.109568,35,3135.285054
8.289287,30,3136.191665
8.630473,33,3137.186802
12.000626,47,3138.550262
10.610055,38,3139.678543
7.034297,25,3140.431698
9.451971,35,3141.495584
11.995963,43,3142.780231
9.110293,33,3143.776618
11.890321,48,3145.230846
8.113343,29,3146.080445
10.600136,38,3147.215539
6.8946,24,3147.937163
12.320229,46,3149.318186
7.694079,29,3150.176134
9.381477,37,3151.295191
7.828782,28,3152.154349
9.750156,37,3153.272552
8.78332,33,3154.279735
9.558073,36,3155.36183
6.005106,41,3156.607993
10.575024,41,3157.829865
8.877528,32,3158.784686
10.792428,40,3159.976129
8.066124,30,3160.886136
10.446856,39,3162.051012
4.558838,34,3163.078599
8.322837,30,3163.977958
8.547934,32,3164.933402
7.220801,26,3165.737323
11.190348,42,3166.997312
8.722456,33,3167.981204
10.675063,39,3169.163509
8.300396,31,3170.100196
11.740587,44,3171.408858
7.588861,28,3172.249157
7.766494,27,3173.07647
6.373964,24,3173.803748
8.899526,32,3174.738621
7.463145,27,3175.570225
8.68905,33,3176.565766
8.488772,32,3177.517392
13.116595,50,3179.030534
10.210677,38,3180.150431
11.097584,42,3181.406398
10.824217,40,3182.608888
8.266,30,3183.494645
9.693619,35,3184.536463
6.682949,25,3185.250579
11.693707,41,3186.503967
7.901225,30,3187.408888
10.17705,37,3188.512984
9.764313,37,3189.599914
7.579884,28,3190.444482
8.697415,33,3191.434438
10.457075,39,3197.421572
12.411658,48,3198.863232
8.803093,33,3199.851286
10.378134,38,3201.034927
9.228086,34,3202.040946
12.881517,48,3203.479887
7.450181,28,3204.306573
9.79829,37,3205.415387
13.350834,49,3206.898458
9.782592,37,3207.998459
7.930219,30,3208.903191
9.225051,36,3209.994608
7.643172,28,3210.828522
6.322054,24,3211.560312
13.381595,54,3213.177437
9.24692,35,3214.241747
10.766925,41,3215.463759
11.741669,44,3216.773133
10.162172,40,3217.958427
7.566939,29,3218.83821
9.382713,35,3219.893641
9.893137,36,3220.966392
10.465309,40,3222.143406
10.411322,42,3223.39262
8.464486,33,3224.379552
8.347335,32,3225.326763
7.681822,28,3226.150037
11.434818,45,3227.517346
4.140892,36,3228.600847
8.928291,33,3229.555573
9.153424,36,3230.620929
9.251068,35,3231.679597
14.093978,55,3233.346468
10.971762,44,3234.675468
8.824357,33,3235.683867
11.820781,45,3237.044091
11.313356,46,3238.411487
10.350151,38,3239.562066
7.895905,29,3240.45704
9.298726,34,3241.490173
9.426157,36,3242.541987
8.95691,34,3243.557839
9.571225,37,3244.694658
11.070077,42,3245.974076
10.818849,39,3247.14876
9.535951,37,3248.270426
9.77201,39,3249.435966
11.194718,44,3250.757931
6.969341,25,3251.489972
8.900955,33,3252.462561
8.992826,33,3253.460299
7.276606,27,3254.272957
6.808846,25,3255.034195
11.7349,49,3256.506011
10.797461,41,3257.722209
8.853098,32,3263.560197
10.722835,44,3264.862857
9.840096,40,3266.030059
9.374178,38,3267.177163
10.767403,39,3268.336572
15.2645,61,3270.121366
11.006732,43,3271.405524
9.738784,38,3272.521299
12.92209,48,3273.920823
8.041545,31,3274.848879
8.902748,33,3275.823964
9.648097,36,3276.869639
10.16046,39,3278.051191
10.120511,40,3279.259348
11.123899,43,3280.534286
10.24816,41,3281.754971
10.266361,45,3283.091933
10.929333,42,3284.344375
10.785778,46,3285.713435
10.042966,38,3286.862086
9.343057,36,3287.95277
10.842286,42,3289.2077
11.912097,45,3290.529021
11.432854,47,3291.919411
12.345026,46,3293.287956
9.189249,36,3294.373473
8.105518,32,3295.328299
11.020303,45,3296.643125
10.772284,42,3297.881432
11.991255,46,3299.237674
9.182526,36,3300.311808
10.888196,40,3301.5072
8.547172,32,3302.469609
10.633324,39,3303.598089
8.767259,32,3304.543587
8.848241,33,3305.5297
10.35416,44,3306.83525
10.745284,40,3308.031545
9.254799,34,3309.046689
8.162793,31,3309.957856
10.136893,40,3311.141593
9.905739,40,3312.342034
8.501148,32,3313.314008
12.689494,50,3314.796461
9.127236,36,3315.876556
12.995931,50,3317.35276
9.613707,36,3318.431413
10.617206,41,3319.644272
10.683705,41,3320.866336
10.676149,40,3322.081521
11.353869,43,3323.361205
7.426971,27,3324.177413
11.000399,41,3330.304095
10.224135,43,3331.577432
12.851625,52,3333.14663
7.987755,30,3334.03963
11.404703,44,3335.355232
9.53231,35,3336.407437
8.11063,33,3337.410019
10.449607,40,3338.588791
8.737463,32,3339.559027
11.680455,45,3340.893566
11.152335,41,3342.114008
8.281393,33,3343.062194
12.69128,48,3344.526955
11.69989,44,3345.800833
9.150176,35,3346.813333
13.449234,53,3348.370668
9.772836,38,3349.470466
10.492057,42,3350.686148
14.131513,54,3352.272734
11.380112,45,3353.608687
12.09434,46,3354.961077
11.362379,43,3356.24776
11.916677,46,3357.628729
11.823818,46,3358.98598
9.131839,35,3360.034293
8.367937,31,3360.954869
9.200301,35,3362.016473
9.544324,37,3363.104972
9.532543,38,3364.242443
9.831462,38,3365.37371
9.920029,37,3366.482007
11.110209,40,3367.683172
8.899568,35,3368.738627
13.007941,50,3370.216963
13.308162,55,3371.835836
6.449106,25,3372.605279
12.379296,47,3373.999906
8.077258,32,3374.954705
10.373621,43,3376.230975
7.709194,30,3377.127669
11.663971,43,3378.40269
9.95456,37,3379.509555
7.97801,30,3380.402851
11.938284,50,3381.874524
11.576255,44,3383.180592
7.642143,28,3384.018013
11.863984,46,3385.377796
10.720676,40,3386.558313
10.476422,40,3387.748682
11.718011,45,3389.102958
11.320724,45,3395.3173
13.744306,55,3396.965156
11.345191,44,3398.310112
12.440361,49,3399.788442
6.659746,26,3400.586145
10.726058,44,3401.919505
5.637312,21,3402.591326
10.216381,39,3403.764585
11.777923,47,3405.178651
10.411364,40,3406.386753
8.16336,32,3407.354635
5.729016,43,3408.649615
15.211412,63,3410.535891
8.908236,34,3411.576693
10.342402,41,3412.822431
9.225603,36,3413.931099
10.74674,45,3415.301131
8.079693,31,3416.236795
11.570227,48,3417.698728
11.86207,48,3419.15829
12.24026,49,3420.637755
11.30796,44,3421.947434
12.311122,49,3423.401929
11.539236,44,3424.702073
7.060458,26,3425.477538
8.514783,32,3426.421278
10.14326,41,3427.616164
7.572988,28,3428.44354
10.492218,41,3429.654963
10.177192,39,3430.804327
11.60161,46,3432.145369
13.700018,55,3433.745901
11.611062,49,3435.183042
9.304781,38,3436.309354
10.045344,37,3437.409649
10.403768,42,3438.66817
9.555309,37,3439.756205
12.399323,51,3441.259671
7.750512,31,3442.20284
11.358625,45,3443.546342
10.655023,43,3444.822028
12.151737,49,3446.270522
11.06206,49,3447.757925
12.978957,50,3449.237893
13.649029,53,3450.816933
8.100518,31,3451.726403
7.820092,29,3452.608546
9.434147,38,3453.749892
9.765667,38,3454.855936
12.848271,52,3461.224868
13.691172,54,3462.859224
12.859009,54,3464.486722
13.356979,52,3466.020863
12.925914,53,3467.58958
9.768762,39,3468.763764
11.423216,46,3470.128454
8.510096,34,3471.146413
12.892971,52,3472.697459
9.878313,40,3473.900502
14.364856,59,3475.651012
11.263483,46,3477.025449
7.569692,30,3477.921939
9.837963,39,3479.072915
13.11296,57,3480.77565
14.888096,62,3482.631764
12.181367,49,3484.078875
11.58887,48,3485.510288
10.348454,42,3486.770081
10.560949,43,3488.07578
8.955118,37,3489.176541
7.366475,29,3490.046703
13.828775,57,3491.738287
10.162433,40,3492.927476
11.121518,47,3494.32538
13.223244,51,3495.841933
12.061241,48,3497.285733
11.910065,53,3498.839508
9.216984,37,3499.923275
9.284529,36,3500.978062
9.960918,42,3502.233677
12.611578,50,3503.719682
11.444605,45,3505.047967
10.394617,42,3506.28873
9.829122,41,3507.495246
10.537296,42,3508.704423
10.972296,43,3509.966685
11.222057,44,3511.258461
8.759828,34,3512.270976
13.141912,56,3513.899566
11.132934,46,3515.249515
8.749515,36,3516.318503
9.354481,36,3517.412337
9.699288,44,3518.709228
11.903305,50,3520.188969
12.211911,48,3521.606154
11.204422,46,3527.878541
10.109615,41,3529.091471
12.319795,51,3530.579928
15.713058,70,3532.66543
13.748363,61,3534.450633
11.938485,51,3535.972732
14.358683,61,3537.781133
10.542697,42,3539.014464
13.756883,58,3540.720995
14.483934,60,3542.477796
12.921828,52,3544.020909
12.390163,51,3545.527439
10.647849,42,3546.761271
7.571643,30,3547.660118
10.224145,43,3548.952446
6.557378,26,3549.737374
9.716703,39,3550.894035
11.669978,49,3552.353117
13.902195,60,3554.116037
6.725551,25,3554.873518
10.092555,40,3556.064909
8.636419,62,3557.911916
12.600082,55,3559.53469
8.979417,35,3560.598984
11.94157,51,3562.100793
13.848976,57,3563.796216
10.144664,40,3564.987933
10.525439,43,3566.250741
11.786756,51,3567.740465
14.978196,63,3569.595773
10.755252,47,3570.999431
9.06279,37,3572.119332
13.113787,53,3573.687299
8.822812,35,3574.738954
12.619243,52,3576.2678
12.517298,52,3577.833041
8.82286,35,3578.858789
11.081918,46,3580.225546
8.720253,34,3581.222034
11.694406,48,3582.65319
12.246933,48,3584.076956
12.083454,52,3585.58982
7.461765,30,3586.49509
10.984232,46,3592.653617
8.37331,34,3593.640126
10.443106,46,3594.982244
11.999869,53,3596.556687
10.23819,42,3597.792766
14.841558,62,3599.641033
14.066407,63,3601.510664
10.96045,44,3602.83166
10.945647,46,3604.228416
12.04473,52,3605.788187
14.548817,62,3607.6258
12.796377,53,3609.227854
11.410464,48,3610.685498
13.719114,59,3612.415777
10.924465,51,3613.9069
7.959454,32,3614.836842
13.399135,60,3616.60039
12.992148,54,3618.159651
16.621583,69,3620.221008
10.979495,50,3621.674321
11.183564,47,3623.064331
13.241156,56,3624.73378
14.852383,62,3626.565777
12.924165,59,3628.320943
12.217718,50,3629.798812
8.363921,34,3630.824578
9.948831,41,3632.045172
10.558264,43,3633.298096
14.520361,64,3635.207884
16.057689,66,3637.13342
11.231284,48,3638.567515
11.171925,50,3640.053929
11.012892,49,3641.496949
12.735073,54,3643.080479
12.236631,54,3644.697356
10.675616,43,3645.966346
13.22976,61,3647.777763
13.461733,59,3649.508395
12.616229,57,3651.203917
14.721324,65,3658.025449
14.144307,64,3659.911735
15.379085,65,3661.820082
16.112265,73,3663.964871
15.740035,67,3665.930618
12.305664,56,3667.602046
17.222642,79,3669.877834
15.899272,70,3671.888865
9.790353,44,3673.167014
10.192686,44,3674.462543
9.37071,64,3676.322808
11.450954,56,3677.9514
12.932909,57,3679.600996
16.304724,72,3681.726041
13.653467,63,3683.603111
8.306677,35,3684.628261
13.23875,60,3686.378585
12.211077,55,3687.996574
14.330448,61,3689.782598
10.916179,50,3691.263063
15.047315,67,3693.241934
10.549119,47,3694.61996
13.447608,57,3696.302171
14.530893,68,3698.309076
10.665336,51,3699.798817
12.721126,54,3701.394759
12.794761,59,3703.12264
10.406509,44,3704.431115
13.433806,60,3706.200014
15.15923,67,3708.179168
10.892659,49,3709.644449
13.295721,58,3711.34702
12.92735,57,3713.032691
13.111205,54,3714.642254
14.612572,65,3716.567642
11.969949,56,3723.108682
14.330862,66,3725.046286
13.630776,60,3726.800207
11.616725,53,3728.373615
11.824294,53,3729.944527
12.813495,59,3731.672146
11.886092,55,3733.28805
12.90457,62,3735.109473
9.059236,37,3736.227703
14.709786,65,3738.132771
15.674177,66,3740.066036
17.456231,81,3742.447013
13.377995,61,3744.249305
13.572787,66,3746.179065
12.87845,60,3747.92148
14.696604,66,3749.83241
12.516183,56,3751.467004
12.569783,59,3753.182571
20.175254,87,3755.699411
11.825047,50,3757.160408
15.987192,68,3759.142843
12.363439,53,3760.710021
11.688393,55,3762.337117
13.03454,64,3764.247505
11.825575,52,3765.761141
12.512252,59,3767.518318
16.054389,69,3769.529735
14.86208,67,3771.487305
15.567508,71,3773.530644
13.663243,58,3775.224385
13.326426,61,3777.006983
13.374572,61,3778.780403
10.961212,48,3780.193354
12.921742,57,3781.864873
12.736199,61,3788.533423
14.029165,70,3790.580764
12.423791,58,3792.297611
16.816974,73,3794.419436
16.743254,78,3796.700272
16.708884,76,3798.921451
15.761516,70,3800.977242
12.087405,53,3802.522673
14.898158,71,3804.608605
13.668959,61,3806.375945
13.781013,65,3808.272353
17.646726,77,3810.546434
13.976083,65,3812.437265
13.426851,62,3814.248487
14.238583,66,3816.159624
10.403801,51,3817.638677
14.19169,67,3819.612997
15.071301,69,3821.616762
14.419542,65,3823.515055
13.31119,60,3825.249537
14.249076,66,3827.185796
14.687558,71,3829.252748
13.808427,61,3831.029365
12.440433,56,3832.648349
11.74161,53,3834.166011
14.430466,70,3836.190484
16.089311,74,3838.350477
14.080389,61,3840.13015
11.482513,52,3841.716326
12.8768,59,3843.48551
12.89739,60,3845.259995
10.73795,48,3846.67879
11.87756,51,3853.112951
14.056825,63,3854.95314
13.515553,69,3857.007558
15.223692,71,3859.103092
15.459411,70,3861.14673
10.155842,46,3862.509729
15.686618,77,3864.801069
14.683064,69,3866.882208
15.419884,77,3869.165454
6.219889,25,3869.915621
14.594202,74,3872.107484
15.069677,71,3874.213395
12.950428,60,3875.989357
14.604077,71,3878.098795
16.62769,78,3880.409608
12.880145,66,3882.359771
14.969557,70,3884.383432
15.975278,76,3886.649652
15.917204,74,3888.847104
13.744587,70,3890.954778
16.628837,74,3893.09836
16.341085,78,3895.40948
14.055204,70,3897.470039
14.63694,69,3899.514047
16.80606,74,3901.698864
7.767296,32,3902.65111
14.6987,70,3904.726714
16.479232,81,3907.109901
10.237484,46,3908.479
17.454348,83,3910.921173
19.726567,87,3918.253266
15.466743,68,3920.234595
19.56793,90,3922.897969
19.652409,93,3925.60198
9.636833,44,3926.920774
15.657021,70,3928.970397
13.679639,67,3930.906701
11.85825,81,3933.30214
14.699582,69,3935.290442
14.398096,69,3937.286235
12.895771,82,3939.718559
12.165629,58,3941.429962
18.31052,92,3944.155449
15.109207,74,3946.320587
14.235737,76,3948.576818
14.983257,75,3950.774661
18.821673,86,3953.287795
16.709931,76,3955.558632
15.84394,71,3957.660486
14.70203,69,3959.731043
14.504762,70,3961.786061
18.44665,84,3964.296019
8.249267,37,3965.415886
37.417492,151,3969.872551
16.621045,80,3972.249606
14.140053,70,3974.334246
14.589537,66,3976.305168
14.562078,68,3978.325485
13.525416,66,3985.209828
35.456408,151,3989.584296
17.758341,84,3992.050289
14.692035,72,3994.148498
18.313572,86,3996.663439
16.153917,83,3999.086219
15.924199,79,4001.398973
13.620314,66,4003.359891
36.46956,151,4007.82551
16.190182,75,4010.064441
16.261722,82,4012.476005
16.429405,79,4014.788173
16.688996,78,4017.071097
17.992276,88,4019.638867
16.172138,76,4021.867369
15.334699,86,4024.402813
13.987686,73,4026.561548
17.683147,82,4028.973362
13.372457,67,4030.933933
17.715064,83,4033.383934
17.129386,78,4035.66421
13.825075,67,4037.638428
17.936012,81,4039.997629
13.773896,70,4042.048113
15.498271,75,4049.218131
18.120197,91,4051.874124
36.542404,151,4056.268991
17.354595,83,4058.682499
17.783695,89,4061.291407
15.830675,74,4063.472523
36.433294,151,4067.888947
14.376551,79,4070.167935
16.33213,77,4072.410427
15.948971,76,4074.602256
36.87635,151,4078.967381
36.265001,151,4083.36376
15.547986,75,4085.575642
16.800057,87,4088.12301
36.861558,151,4092.512623
16.219258,75,4094.73612
15.780115,78,4097.025725
15.507598,72,4099.130367
15.542519,81,4101.505881
17.441705,83,4103.93017
14.687436,72,4106.016905
14.668353,70,4108.079607
16.447,90,4115.701663
35.837593,151,4120.077947
36.579286,151,4124.454741
36.759702,151,4128.839957
37.766111,151,4133.188946
35.124666,151,4137.560606
17.626011,90,4140.170817
38.586726,151,4144.581881
17.434276,81,4146.94758
35.69859,151,4151.309949
36.553474,151,4155.663507
34.036552,151,4160.009733
34.888041,151,4164.385591
37.150627,151,4168.709835
15.21744,78,4170.958337
