#{"t_start": 1774748499.8619723, "env_id": "continuous-exit-v0"}
r,l,t
-3.533934,4,12.013855
0.5498,2,12.120318
0.861945,3,12.288524
0.540725,2,12.398232
0.447222,2,12.533266
1.754786,6,12.919799
0.547278,2,13.037009
0.507426,2,13.16788
0.52898,2,13.294176
0.530454,2,13.402603
0.548867,2,13.510791
0.512815,2,13.618614
0.344356,2,13.725537
-3.149484,5,14.251776
0.519617,2,14.477651
0.541116,2,14.68526
0.570173,2,14.900163
3.381961,8,15.718694
0.474429,2,15.925771
-3.417825,4,16.247203
0.343787,2,16.38546
0.598704,2,16.518677
2.64414,7,17.051669
0.469269,2,17.228625
2.674172,7,17.770188
0.545041,2,17.919332
3.386325,10,18.508313
2.588121,7,18.924911
0.860318,3,19.078276
0.528117,2,19.210295
0.454157,2,19.342027
0.513478,2,19.474064
0.538797,2,19.605004
-1.229015,9,20.1098
2.520347,7,20.505619
0.524364,2,20.615421
-2.532149,7,21.056141
1.988455,6,21.407636
1.218291,4,21.624452
1.980773,6,21.997131
1.274243,4,22.214745
-3.091003,5,22.503481
0.528361,2,22.629884
0.341449,2,22.740261
0.530807,2,22.847626
-3.509245,4,23.101052
0.903492,3,23.25284
0.5586,2,23.381426
0.547669,2,23.510123
3.707258,9,24.056082
-2.981036,5,24.374187
0.518679,2,24.502541
1.393479,5,24.804383
0.938382,3,25.000299
-3.702147,4,25.284317
1.461836,5,25.811008
0.525561,2,26.01418
0.538391,2,26.187601
1.084644,4,26.578768
0.894808,4,26.956819
1.475564,5,27.410783
0.742146,3,27.615049
1.509302,5,27.894467
0.561832,2,28.002112
0.971979,3,28.197981
0.544291,2,28.398178
1.757579,5,28.758727
1.258138,4,29.108518
-3.109041,5,29.489127
0.538503,2,29.671244
1.626583,5,30.092691
-3.644428,5,30.447306
0.55024,2,30.584377
1.29028,4,30.845725
2.946352,7,31.245391
0.927372,3,31.445624
0.865639,3,31.616277
0.503329,2,31.743351
0.32966,2,31.872839
1.396567,4,32.112364
0.55012,2,32.241431
0.51828,2,32.353142
0.508111,2,32.485254
1.310407,4,32.729271
-3.510902,4,32.976103
1.340615,4,33.192724
0.917186,3,33.38816
1.22144,4,33.632917
2.518393,7,34.026744
0.564988,2,34.161168
0.533582,2,34.293145
0.516086,2,34.427211
0.868844,3,34.623971
0.522579,2,34.73426
0.346189,2,34.846974
0.543031,2,34.95914
0.572018,2,35.067569
0.52634,2,35.198581
0.350436,2,35.312157
1.699158,5,35.635223
1.281798,4,35.873314
0.527806,2,35.983667
0.372852,2,36.110461
0.926542,3,36.289434
3.946786,10,36.858596
0.528304,2,36.994037
2.328059,7,37.428622
-3.164904,5,37.731137
3.389272,9,38.296974
0.56138,2,38.424728
0.52956,2,38.531379
1.693205,5,38.837142
0.323494,2,38.963187
0.335773,2,39.069663
0.861682,3,39.240706
0.534084,2,39.349823
1.384921,4,39.566677
2.545947,8,40.014273
0.910523,3,40.18692
0.542855,2,40.294519
1.354868,5,40.556254
1.57946,5,40.861392
0.828242,3,41.038188
1.395291,5,41.322615
3.363718,9,41.869021
-2.952839,5,42.174497
-3.380405,5,42.620141
2.043367,6,43.179387
0.533033,2,43.445729
0.544902,2,43.610149
0.870304,3,43.877042
0.526196,2,44.098662
0.890468,3,44.304906
3.365534,9,44.793969
1.586203,5,45.206169
0.917378,3,45.46125
-2.560664,6,45.931027
0.51084,2,46.092838
-2.798612,6,46.603096
1.635974,5,46.996214
0.357587,2,47.179104
0.535021,2,47.316159
0.58799,2,47.466488
-3.224538,5,47.862775
4.652394,11,48.804757
0.555946,2,48.979366
0.774696,3,49.236048
0.562736,2,49.351517
0.543603,2,49.464542
1.507634,5,49.796566
-2.860208,5,50.106285
0.544237,2,50.238575
2.267461,7,50.639912
-2.175741,7,51.018611
0.333053,2,51.146619
-3.699099,4,51.369887
2.143809,6,51.747544
0.906843,3,51.930788
0.874827,3,52.106242
-3.066159,5,52.412739
2.273237,6,52.757025
0.328268,2,52.86678
1.934117,6,53.187705
0.355256,2,53.303155
0.326935,2,53.416928
0.521797,2,53.549528
2.493262,7,53.955056
0.937455,3,54.155455
0.713512,3,54.329485
0.513144,2,54.443108
-3.59981,4,54.673388
0.521445,2,54.786661
0.543874,2,54.901159
0.512384,2,55.035456
0.544608,2,55.146895
0.552648,2,55.282269
1.805365,5,55.573898
-2.939656,5,55.874512
1.069093,4,56.119864
0.961402,3,56.316729
-3.105184,5,56.625937
0.530082,2,56.735222
0.538156,2,56.841936
0.536523,2,56.950582
-1.984547,7,57.374567
-3.493934,4,57.641195
-3.503137,4,57.89541
0.477291,2,58.02827
5.166833,13,58.793196
0.532412,2,58.927632
-2.538992,6,59.271044
0.337255,2,59.385357
2.818596,7,59.792896
1.736082,5,60.106318
0.560281,2,60.240456
1.363189,4,60.446089
2.288594,6,60.786046
-3.386465,4,61.052901
0.529876,2,61.183822
0.490521,2,61.314519
0.529296,2,61.443251
0.51349,2,61.569883
2.162995,6,61.902265
-3.367782,5,62.210081
0.928328,3,62.387168
0.525417,2,62.518223
0.515175,2,62.626339
1.397375,4,62.865206
0.833775,3,63.056252
0.915609,3,63.245455
1.029213,5,63.550474
1.550889,5,63.856012
2.080399,6,64.197657
1.932414,6,64.535401
0.556677,2,64.664496
0.565956,2,64.792446
-2.894054,5,65.074243
0.363196,2,65.204922
0.547648,2,65.314861
0.509682,2,65.450871
0.51042,2,65.585021
-1.942449,7,66.007795
0.531871,2,66.120154
0.89771,3,66.318165
0.54354,2,66.445602
-3.652807,4,66.712561
0.500719,2,66.847627
1.21184,4,67.06921
1.080729,4,67.296016
0.518967,2,67.406865
2.591614,7,67.828306
0.533213,2,67.962285
0.934623,3,68.164135
0.527611,2,68.29537
0.539472,2,68.425858
1.304153,4,68.671283
0.492705,2,68.803578
0.547062,2,68.935618
0.557653,2,69.04837
0.464636,2,69.183105
0.547643,2,69.296716
0.340052,2,69.411635
-2.575687,7,69.809621
0.558399,2,69.945063
-3.535568,4,70.149529
0.550968,2,70.259132
0.553176,2,70.388286
0.491711,2,70.519965
2.057164,6,70.859766
0.498276,2,70.968807
0.441164,2,71.078583
0.543496,2,71.210227
1.581512,5,71.494292
0.52533,2,71.624138
0.33261,2,71.751056
0.574716,2,71.876688
1.280162,4,72.161459
2.339229,7,72.791798
0.344189,2,72.951944
0.568862,2,73.129899
-3.59971,4,73.446264
1.073477,4,73.820801
0.554701,2,74.001953
0.321998,2,74.225008
0.550535,2,74.414257
0.94191,3,74.628106
0.362804,2,74.739295
2.221642,6,75.14682
0.543314,2,75.33304
0.900864,3,75.617224
2.058867,6,76.086999
3.937039,10,76.860209
0.525388,2,77.003016
0.889806,3,77.238193
3.0553,8,77.889015
0.340414,2,78.05173
0.792078,3,78.334117
0.516248,2,78.50558
1.356288,4,78.823441
1.884601,6,79.332958
-3.380845,5,79.607255
1.556945,5,79.941545
1.201108,4,80.184303
1.214723,5,80.479757
0.529503,2,80.592317
1.651572,5,80.929411
-3.56316,4,81.168819
0.533513,2,81.295786
1.683806,5,81.600329
2.652232,7,82.025464
-3.238332,5,82.34531
0.712974,3,82.522887
0.543124,2,82.629719
0.546475,2,82.7574
0.549163,2,82.867736
0.353627,2,83.003856
0.943611,3,83.181421
0.525636,2,83.316426
0.896356,3,83.494016
0.502546,2,83.607153
0.940786,3,83.785118
0.565559,2,83.919553
0.32835,2,84.051749
0.562105,2,84.166119
-3.129324,5,84.477029
0.850675,3,84.65438
0.544658,2,84.786417
0.543681,2,84.915604
2.128608,6,85.299101
0.462478,2,85.430674
0.513664,2,85.541256
3.291276,9,86.0517
0.522743,2,86.18254
2.182413,6,86.517581
0.468451,2,86.65058
1.654592,5,86.915929
0.485018,2,87.02743
1.983338,6,87.388994
0.531193,2,87.517077
1.724516,5,87.805436
1.254378,4,88.023515
0.52178,2,88.154627
2.214631,6,88.489346
0.552229,2,88.600844
0.523774,2,88.71248
1.326093,4,88.953872
0.526299,2,89.08953
0.497661,2,89.223193
3.939263,10,89.786399
0.735081,3,89.986433
0.73446,3,90.18463
1.096872,4,90.424477
2.77152,7,90.815067
1.697214,5,91.092387
0.872879,3,91.27692
-2.250774,7,91.72572
0.550824,2,91.838866
0.532748,2,91.974796
-3.31676,5,92.271632
-3.298933,5,92.565269
0.538336,2,92.696808
-0.958621,10,93.272486
0.946067,3,93.429555
0.52736,2,93.565948
-2.575415,6,93.927738
-3.568425,4,94.174145
1.267269,4,94.419082
0.354902,2,94.526997
0.515407,2,94.640995
1.79451,5,94.954115
2.240463,6,95.310374
1.481409,5,95.616576
0.544822,2,95.72692
0.515862,2,95.861697
-2.954659,5,96.160314
0.362195,2,96.291205
-3.106693,5,96.6041
0.519674,2,96.738787
1.45289,5,97.004308
2.239227,7,97.430532
-2.604488,6,97.752767
-3.501545,4,98.020095
2.43201,7,98.419113
0.536723,2,98.555023
0.341048,2,98.687698
-2.933564,5,98.998766
0.909336,3,99.175597
1.620506,5,99.493615
-3.594111,4,99.711529
0.359049,2,99.847631
-3.633433,4,100.092304
0.525619,2,100.202207
0.476509,2,100.334992
-1.857033,9,100.875335
1.452847,5,101.197778
1.383578,4,101.439312
0.887809,3,101.611675
0.740461,3,101.783791
0.486224,2,101.916276
0.33725,2,102.08132
0.560577,2,102.266607
0.549659,2,102.416876
1.773071,5,102.879947
-3.229342,5,103.403569
0.932387,3,103.656938
-3.56033,4,104.099546
0.907675,3,104.383853
0.480223,2,104.516888
0.533535,2,104.634661
0.51173,2,104.749837
4.644211,11,105.553729
0.520175,2,105.713434
4.755293,13,106.63634
-0.178861,12,107.376048
0.523212,2,107.511412
-1.919935,8,108.029254
1.732916,5,108.320191
0.458519,2,108.455488
-2.987281,5,108.771837
-3.212462,5,109.079919
0.491559,2,109.212336
-1.663373,8,109.642701
0.561773,2,109.777827
0.880168,3,109.953286
0.537235,2,110.06502
-3.552729,4,110.295269
0.900009,3,110.473173
0.921079,3,110.647504
-3.349072,5,110.979386
1.505961,5,111.294775
0.535919,2,111.428622
1.188652,4,111.658711
0.886712,3,111.839993
0.34988,2,111.975602
1.258237,4,112.215377
0.874646,3,112.385264
2.06692,6,112.745006
0.921973,3,112.944925
2.935242,7,113.367376
0.516199,2,113.497565
0.532039,2,113.631001
0.33248,2,113.765792
1.728273,5,114.060529
3.089997,8,114.735237
0.331266,2,114.90535
0.534863,2,115.085226
0.869176,3,115.394123
0.517037,2,115.540415
0.535848,2,115.738688
1.590652,5,116.225947
0.331346,2,116.347588
0.541183,2,116.462124
0.847126,3,116.641836
1.662139,5,117.00266
0.346851,2,117.185122
0.56098,2,117.367435
1.599183,5,117.901053
0.542939,2,118.097046
1.872307,6,118.582197
0.560945,2,118.754077
0.528457,2,118.922538
-3.03993,5,119.462519
0.951633,3,119.707616
-1.389448,9,120.415037
1.57702,5,120.831937
1.492648,5,121.282834
2.349981,7,121.679762
2.998344,8,122.166529
0.541819,2,122.298982
0.348812,2,122.434375
0.506006,2,122.5649
0.567476,2,122.698525
0.546656,2,122.833482
1.333927,5,123.14008
0.541033,2,123.274716
0.51904,2,123.405926
1.004432,3,123.60825
-2.616321,7,124.008704
0.557909,2,124.142737
0.531575,2,124.277555
0.341728,2,124.390196
-2.876937,5,124.675864
0.934532,3,124.850324
0.966219,3,125.046116
0.55937,2,125.156511
0.530514,2,125.266531
-3.059087,5,125.595487
0.990741,3,125.753341
0.961805,3,126.076684
0.527982,2,126.206205
2.17329,6,126.558804
2.763488,8,127.03338
0.525391,2,127.165083
0.544192,2,127.298487
1.18481,4,127.521625
0.551131,2,127.654003
2.378844,7,128.086197
2.576374,8,128.559438
-3.135286,5,128.847953
0.520728,2,128.970762
0.507979,2,129.097894
2.194485,6,129.47585
0.530788,2,129.605099
3.295456,8,130.051506
1.68181,5,130.336291
1.50383,5,130.614305
0.568403,2,130.744242
0.539721,2,130.871411
2.603872,7,131.277227
0.552569,2,131.389955
0.85327,3,131.570714
-3.062112,5,131.855273
0.526483,2,131.964238
0.481854,2,132.098386
-2.12899,8,132.555289
2.1818,7,132.980721
-3.49231,4,133.223245
0.549853,2,133.350096
1.138129,4,133.580538
0.506128,2,133.686571
2.002807,6,134.014747
1.424938,5,134.330994
0.511265,2,134.456482
2.240321,6,134.779754
0.936147,3,134.928414
0.454648,2,135.035687
-3.04465,5,135.319905
4.157281,11,135.935066
0.512449,2,136.044411
1.542197,5,136.312547
0.886619,3,136.463565
4.609035,11,137.067478
-2.202168,8,137.52542
0.525088,2,137.636873
-3.685325,4,137.90388
1.579253,5,138.174654
0.532971,2,138.304151
0.544151,2,138.40988
-3.243131,5,138.713976
1.635226,5,138.954779
0.532211,2,139.06096
0.517118,2,139.165522
0.522929,2,139.272247
1.040806,4,139.50945
1.274578,4,139.759466
-2.637255,6,140.078829
0.508687,2,140.207456
-2.996309,6,140.551579
0.882371,3,140.730989
2.784164,7,141.143424
0.539747,2,141.271626
1.566992,5,141.567981
0.510819,2,141.697953
0.504825,2,141.804702
-3.100828,5,142.08449
1.674807,5,142.345344
-3.10592,5,142.627464
0.538577,2,142.734532
2.51266,7,143.123284
0.545816,2,143.249598
1.740994,6,143.589119
1.36749,4,143.801797
-3.036123,5,144.065875
1.361174,4,144.318453
1.776168,5,146.39278
0.536649,2,146.519757
0.558092,2,146.647873
1.410705,4,146.904128
0.525905,2,147.117712
0.9315,3,147.418675
-2.947825,5,147.825672
0.558863,2,148.046032
0.514434,2,148.244546
2.812526,7,148.860237
3.544857,9,149.488545
0.53507,2,149.635004
0.536405,2,149.780397
0.92374,3,150.012965
2.070714,6,150.441399
0.520991,2,150.604431
0.522118,2,150.763934
0.956536,3,151.010263
0.855307,3,151.267316
0.348068,2,151.428999
0.95617,3,151.663739
-3.086061,5,151.951322
0.942755,3,152.146236
0.544597,2,152.283567
0.540904,2,152.421563
0.49756,2,152.537614
0.505059,2,152.671846
-2.463584,6,153.014923
1.32923,4,153.268321
0.91237,3,153.427474
1.841252,5,153.723633
0.574022,2,153.857306
0.520157,2,154.00168
-3.177708,5,154.320879
-3.127918,5,154.644788
0.330549,2,154.778405
1.300671,4,155.034361
0.51284,2,155.168256
0.333584,2,155.30244
0.533702,2,155.418066
0.926233,3,155.603859
0.528538,2,155.74438
-3.166363,5,156.055558
0.33664,2,156.193753
0.374284,2,156.330557
0.518219,2,156.454048
0.525967,2,156.591197
1.371953,4,156.845483
0.343463,2,156.981172
0.518216,2,157.11753
0.494556,2,157.254199
0.514749,2,157.366862
1.32211,4,157.637364
2.499976,7,158.099532
0.927434,3,158.308417
-3.025894,5,158.615825
-3.487099,4,158.864879
2.95246,7,159.293685
0.537465,2,159.430442
0.739691,3,159.610843
0.359827,2,159.747965
0.486282,2,159.873839
0.507246,2,160.007547
2.111388,6,160.360617
3.731657,11,161.007695
2.109707,6,161.410275
0.513508,2,161.547735
0.539959,2,161.687584
2.096172,6,162.038148
0.461261,2,162.17198
1.720232,5,162.516939
2.135993,7,162.936206
2.136328,6,163.268753
3.194956,8,163.745155
0.894458,3,163.943925
0.326308,2,164.081827
0.566436,2,164.245417
2.216928,6,164.852398
1.259345,4,165.216762
0.542012,2,165.437363
0.503543,2,165.637738
0.561887,2,165.835065
1.079443,4,166.241154
1.711551,5,166.582087
0.327305,2,166.717512
0.507396,2,166.850262
0.502856,2,167.011158
0.55583,2,167.170553
0.554821,2,167.301797
-3.11957,5,167.619853
1.897427,6,168.063321
0.049896,12,169.202291
3.552087,10,169.922054
-1.567936,8,170.613441
0.906307,3,170.863106
0.901197,3,171.144624
0.856878,3,171.372051
0.528025,2,171.568492
0.859322,3,171.838902
-2.85441,5,172.269836
1.785156,6,172.788671
0.460735,2,172.964143
1.303192,4,173.260206
3.238717,9,173.806412
0.872319,3,173.990937
0.513113,2,174.134631
1.68414,5,174.412045
1.765842,5,174.720921
-2.942901,5,175.043515
1.645318,5,175.301888
0.856659,3,175.487785
0.938807,3,175.673722
0.517316,2,175.813989
0.525984,2,175.948441
1.234661,4,176.224774
2.514769,7,176.62231
0.334599,2,176.746788
2.901365,9,177.344888
0.52204,2,177.482765
0.548021,2,177.613032
0.523932,2,177.749473
0.870434,3,177.933728
1.891896,6,178.303918
0.521063,2,178.422219
1.261148,4,178.677844
0.833801,3,178.860432
2.337521,7,179.320199
0.506311,2,179.441276
1.974583,6,179.838242
1.405007,4,180.063757
0.534207,2,180.203522
0.966379,3,180.383679
1.866256,6,180.771091
0.538509,2,180.902979
-3.546247,4,181.161983
1.393717,4,181.430055
2.816831,7,181.833348
-3.306848,5,182.149859
2.039861,6,182.487926
0.469013,2,182.601318
-3.189239,5,182.902367
0.523789,2,183.032933
0.514437,2,183.1466
0.516271,2,183.260157
0.910656,3,183.460626
0.496212,2,183.606961
2.237482,6,184.015391
0.515317,2,184.146972
0.972239,3,184.345434
0.90662,3,184.528694
0.856131,3,184.711056
-2.177413,7,185.154332
0.532623,2,185.286249
0.350057,2,185.40327
0.476724,2,185.519001
2.355305,7,185.954651
0.544218,2,186.087718
-3.435928,4,186.355272
0.514576,2,186.492946
0.520066,2,186.627047
-1.603661,8,187.106677
0.526639,2,187.219053
-3.085203,5,187.522519
0.958742,3,187.705008
1.850189,5,187.999901
0.327588,2,188.135468
0.368841,2,188.252878
0.529986,2,188.395827
0.544635,2,188.520233
0.502251,2,188.655824
0.874368,3,188.836396
0.542876,2,188.970564
0.560461,2,189.11003
0.511587,2,189.253144
-3.542107,4,189.529777
0.532193,2,189.637965
0.508421,2,189.755409
0.918345,3,189.993135
0.526773,2,190.188788
0.987434,3,190.476302
0.345363,2,190.694567
-3.64923,4,191.10368
0.442601,2,191.311196
0.339426,2,191.491282
0.321451,2,191.742976
0.551823,2,191.918577
0.472176,2,192.053467
1.320222,5,192.344207
0.519907,2,192.483719
0.907712,3,192.698936
2.900326,8,193.179246
0.551185,2,193.308759
0.539602,2,193.442942
-1.846161,7,193.894217
2.106933,6,194.449706
-3.566319,4,194.834945
2.124804,6,195.469623
-2.935628,6,195.940947
0.510613,2,196.072725
0.867188,3,196.247144
0.903601,3,196.443151
1.687142,5,196.726383
0.524778,2,196.864234
0.537771,2,196.994247
3.842154,10,197.627706
0.87803,3,197.809822
0.545055,2,197.922125
0.555873,2,198.057439
0.536646,2,198.192472
-2.622582,6,198.567693
3.117789,9,199.242899
1.846209,5,199.793963
1.123926,4,200.15399
2.263832,6,200.652481
0.553636,2,200.784772
0.531325,2,200.922882
0.504889,2,201.054728
0.53043,2,201.221611
0.353841,2,201.419473
0.550374,2,201.563873
1.694893,5,201.947006
1.656824,5,202.371091
0.561337,2,202.511261
0.537429,2,202.680606
0.523225,2,202.833575
0.500073,2,202.989542
0.514723,2,203.125352
1.946292,6,203.604151
0.449495,2,203.721561
1.359027,4,203.946008
1.616105,5,204.24259
1.76813,5,204.574452
0.878114,3,204.758472
0.874535,3,204.919867
0.865553,3,205.128712
0.523874,2,205.269859
0.527413,2,205.409189
0.460015,2,205.546592
0.557784,2,205.67447
0.527026,2,205.787372
0.490273,2,205.92756
0.524446,2,206.06524
0.506847,2,206.176289
0.324267,2,206.317686
0.567554,2,206.464542
0.497263,2,206.58396
2.024863,6,206.935657
-3.367402,5,207.258181
0.921995,3,207.44482
1.261962,4,207.683115
0.54373,2,207.819427
4.568392,12,208.620107
0.746249,3,208.82688
0.56564,2,208.940271
0.975403,3,209.12999
0.980739,3,209.336039
0.352513,2,209.4791
2.191447,6,209.846797
2.101433,6,210.241611
0.922607,3,210.425916
0.503511,2,210.542002
2.739416,8,211.060202
0.505187,2,211.179564
0.333455,2,211.297961
-2.058268,7,211.731014
0.532667,2,211.872618
0.325932,2,211.988633
0.505287,2,212.105747
-3.525048,5,212.43859
0.53114,2,212.554122
0.539865,2,212.697137
4.738651,12,213.431986
2.153179,6,213.830311
0.923344,3,214.008214
3.362272,9,214.539203
0.461252,2,214.672211
0.540193,2,214.806592
3.989379,10,215.606912
0.538875,2,215.810228
0.92606,3,216.102822
1.302283,4,216.503826
5.03389,13,217.547897
0.55579,2,217.693194
0.522083,2,217.871591
0.459124,2,218.063054
0.347116,2,218.222803
1.580836,5,218.643245
0.922703,3,218.881705
1.672973,5,219.291177
2.125317,6,219.755615
1.131087,4,220.070047
0.861717,3,220.252283
0.907973,3,220.449396
1.581566,5,220.744618
0.506715,2,220.873365
0.349513,2,220.979248
0.508259,2,221.092454
0.535784,2,221.205816
0.554448,2,221.340714
0.338361,2,221.476261
0.481392,2,221.608912
0.523635,2,221.743217
0.48482,2,221.879322
0.499341,2,221.993418
0.530585,2,222.128234
1.317597,4,222.366215
1.681289,5,222.666872
0.586593,2,222.797717
1.921499,6,223.165783
1.549001,5,223.429908
0.334892,2,223.563875
1.678423,5,223.855239
2.558074,7,224.295333
0.541251,2,224.426241
0.539611,2,224.535831
0.894498,3,224.731447
-2.134214,7,225.137068
0.53725,2,225.250598
0.580458,2,225.364762
0.526556,2,225.495776
0.520354,2,225.607989
0.568677,2,225.736947
1.069304,4,225.968417
0.520877,2,226.105278
0.892584,3,226.283776
0.53903,2,226.416672
2.219457,6,226.751652
0.325224,2,226.887507
0.519914,2,227.021293
0.526041,2,227.152232
0.937306,3,227.335696
2.557124,7,227.750211
0.534373,2,227.880488
0.565498,2,227.992666
0.947898,3,228.170915
0.345229,2,228.279362
1.807406,5,228.593912
2.569399,7,229.034247
0.547014,2,229.164717
0.494268,2,229.300659
0.485228,2,229.417373
0.551479,2,229.529582
0.544934,2,229.663676
0.825716,3,229.840026
-1.183773,10,230.466232
0.508112,2,230.59628
0.505243,2,230.728666
0.500275,2,230.859817
0.912882,3,231.061185
0.334219,2,231.193535
2.249937,6,231.585319
0.934028,3,231.760426
0.331771,2,231.868459
0.521832,2,231.977524
1.106782,4,232.194355
2.237549,6,232.528739
0.546634,2,232.714517
3.148855,9,233.597505
-2.94119,5,234.076729
-1.523104,8,234.867452
0.516488,2,235.057855
2.911688,8,235.637629
0.324716,2,235.766066
0.566559,2,235.945398
0.549995,2,236.130939
0.33725,2,236.294974
1.566624,5,236.691634
0.520198,2,236.850488
0.89822,3,237.051359
0.558649,2,237.184439
0.345054,2,237.317258
0.555175,2,237.452389
1.541611,5,237.773799
0.499211,2,237.889304
1.740264,5,238.186653
0.496905,2,238.300496
0.963523,3,238.486616
0.93682,3,238.688735
0.501811,2,238.82602
1.237914,4,239.065752
0.527189,2,239.193855
-2.727006,6,239.546805
0.328645,2,239.67466
1.959313,6,240.070478
2.184393,6,240.446257
0.520189,2,240.580473
1.522701,5,240.915115
0.535025,2,241.027827
0.482552,2,241.142925
0.558561,2,241.258343
0.545427,2,241.370615
2.132502,7,241.835542
0.541179,2,241.967035
0.94017,3,242.149473
0.51877,2,242.258699
0.487342,2,242.369062
1.555793,5,242.682664
2.459657,7,243.108895
0.927217,3,243.306063
2.055415,6,243.678537
1.694546,5,243.94983
-2.880777,6,244.603157
0.353244,2,244.801847
0.330399,2,245.007181
0.565822,2,245.236521
0.537914,2,245.419461
0.52812,2,245.618887
0.537882,2,245.81138
0.511943,2,246.070377
0.526613,2,246.213896
0.336511,2,246.355043
0.536659,2,246.464915
0.739261,3,246.630552
0.537079,2,246.77512
-3.725234,4,247.034788
0.326261,2,247.147408
0.506789,2,247.269445
1.526506,5,247.585828
0.570245,2,247.725899
0.337857,2,247.866162
2.345674,6,248.358729
0.955173,3,248.627107
0.462398,2,248.821151
0.537803,2,249.003097
0.543598,2,249.220598
2.619007,7,249.824006
0.834119,3,249.997532
0.361734,2,250.102983
0.325896,2,250.209534
1.831611,5,250.604624
1.967842,6,250.954895
0.941728,3,251.150785
2.189522,6,251.530675
0.85337,3,251.726105
1.428536,5,252.035336
2.282752,6,252.400438
1.308789,4,252.802162
0.546204,2,253.020864
1.274329,4,253.364607
0.578562,2,253.566273
2.285418,7,254.075112
0.352294,2,254.217453
0.489566,2,254.348164
1.708224,5,254.697255
1.28594,4,255.015941
0.928435,3,255.266008
0.560582,2,255.408541
1.947914,6,255.84855
0.529426,2,255.992551
1.831153,5,256.398776
0.529277,2,256.577324
0.578846,2,256.747896
0.358693,2,256.937304
4.292021,11,257.699726
0.527123,2,257.835168
0.943105,3,258.015005
-1.738794,8,258.509374
1.771833,5,258.790632
0.946975,3,258.965296
0.871055,3,259.161986
0.538978,2,259.292671
2.232218,6,259.667422
1.400545,5,259.938124
0.538659,2,260.072443
0.510258,2,260.206078
2.210624,7,260.633374
2.052938,6,260.960465
0.528015,2,261.070201
1.325629,4,261.292121
0.573008,2,261.427778
0.526593,2,261.565402
0.933554,3,261.721008
2.230159,6,262.083666
0.740535,3,262.263458
0.496714,2,262.392544
0.525425,2,262.50038
1.33366,4,262.763792
1.313908,4,263.013364
0.540781,2,263.12689
2.495428,7,263.543702
0.528549,2,263.679314
0.552047,2,263.814622
0.499646,2,263.948123
1.290033,4,264.215474
0.909459,3,264.39509
0.932054,3,264.578202
0.583742,2,264.69317
-2.787101,6,265.102376
1.644715,5,265.400953
-2.39737,7,265.851758
0.879665,3,266.03999
0.920248,3,266.23864
0.492806,2,266.370237
0.516066,2,266.507744
-1.10643,9,267.019524
2.24096,6,267.377288
1.211605,4,267.624515
0.58579,2,267.736051
0.550106,2,267.848354
0.537988,2,267.984983
0.542346,2,268.117532
0.95043,3,268.294326
0.522442,2,268.426154
-2.592565,7,268.862107
-3.153023,5,269.175743
0.951043,3,269.357773
2.970741,9,269.88733
0.355482,2,270.019538
0.376386,2,270.157385
0.92058,3,270.335616
1.449897,5,270.623243
1.611925,5,270.937193
0.524603,2,271.067979
0.514149,2,271.177392
0.34154,2,271.311543
2.246291,6,271.674368
0.59531,2,271.788299
0.52628,2,271.924057
-3.019668,5,272.238535
0.347088,2,272.370819
2.872452,8,272.822066
0.572093,2,272.955961
0.353919,2,273.088598
0.568408,2,273.223316
0.543893,2,273.356704
0.506397,2,273.489898
1.289701,4,273.712576
0.516931,2,273.857806
0.335026,2,273.990655
0.799016,3,274.153034
0.477516,2,274.286989
-3.325908,5,274.562325
0.510774,2,274.699538
0.555298,2,274.83551
0.52531,2,274.969987
0.534157,2,275.102834
0.717812,3,275.285423
0.882912,3,275.487935
0.926556,3,275.692358
0.715469,3,275.895934
0.548072,2,276.011791
0.927885,3,276.215464
0.904633,3,276.380236
0.681447,3,276.560452
0.54486,2,276.672665
0.527594,2,276.782151
0.915073,3,276.960046
0.902842,3,277.137497
1.431521,5,277.474805
2.494513,7,277.879675
0.506011,2,278.013819
2.222186,6,278.350641
1.004662,3,278.549204
2.113092,6,278.910603
0.515458,2,279.025294
0.533987,2,279.157312
4.632767,12,279.884383
0.916427,3,280.102912
0.464979,2,280.27915
1.751189,5,280.768228
-1.906588,7,281.437248
0.526986,2,281.621857
-3.049257,5,282.034617
0.484684,2,282.217228
-3.361271,5,282.568874
0.35337,2,282.704745
0.526395,2,282.844872
2.311492,7,283.436818
0.464983,2,283.618745
-3.721982,4,283.974863
0.506384,2,284.138849
0.522431,2,284.318321
0.332519,2,284.486807
-2.383854,7,285.092857
2.737267,7,285.631724
0.937843,3,285.848465
0.550277,2,286.030078
0.936921,3,286.273626
0.545122,2,286.438504
0.942235,3,286.619064
0.512809,2,286.784355
0.527677,2,286.974129
0.554829,2,288.815495
0.547442,2,288.941331
1.223982,4,289.186056
0.528134,2,289.322805
0.948454,3,289.511787
0.564642,2,289.647377
0.527665,2,289.785728
-2.209907,7,290.230759
0.535798,2,290.364532
0.928798,3,290.519768
1.06775,4,290.742193
0.541151,2,290.875255
0.582328,2,290.989098
0.558741,2,291.121014
0.8023,3,291.304155
0.540672,2,291.416986
0.340172,2,291.534582
0.324313,2,291.652274
0.475679,2,291.790324
1.878911,5,292.124427
3.400584,9,292.679239
0.56117,2,292.807851
0.529708,2,292.93541
1.085066,4,293.205942
0.539544,2,293.337639
0.548373,2,293.466303
0.531994,2,293.594931
0.944662,3,293.786294
0.565866,2,293.913805
0.53393,2,294.023053
2.456501,7,294.489488
0.683339,3,294.683309
3.155583,9,295.233773
0.488257,2,295.342312
0.514763,2,295.4497
0.552004,2,295.576108
0.529617,2,295.685324
0.911081,3,295.841835
0.560264,2,295.979057
0.529712,2,296.112909
0.334345,2,296.246285
0.331089,2,296.379207
0.528058,2,296.514468
0.565999,2,296.648432
0.565812,2,296.780658
-2.867499,6,297.166401
0.522946,2,297.299474
0.518327,2,297.432963
2.173079,6,297.809105
0.347136,2,297.940386
0.498161,2,298.07287
1.294624,5,298.380268
-3.464188,4,298.62898
0.547194,2,298.742412
3.598946,9,299.285045
0.332586,2,299.418658
0.33725,2,299.550118
2.60893,7,299.95829
0.537519,2,300.093358
0.51701,2,300.229997
1.339809,4,300.476254
0.331619,2,300.610041
0.934913,3,300.791965
2.697651,7,301.215764
-3.032507,5,301.508007
0.533448,2,301.64089
1.867611,6,302.037641
0.560271,2,302.169372
0.918608,3,302.34687
0.567709,2,302.459397
0.773079,3,302.660819
0.523126,2,302.778126
0.908728,3,302.960982
0.538563,2,303.072769
0.329002,2,303.209112
0.49867,2,303.322351
2.716336,7,303.981292
1.419859,5,304.456117
0.457389,2,304.676952
0.477241,2,304.853529
-3.050883,5,305.332741
0.973018,3,305.603985
0.931985,3,305.792692
0.922603,3,305.990468
0.522473,2,306.122746
0.531341,2,306.250044
0.529314,2,306.430939
0.50862,2,306.591254
-2.806665,7,307.169912
2.167346,6,307.698221
1.275811,4,308.032484
1.362257,5,308.389773
0.351352,2,308.568301
0.560129,2,308.747351
1.565301,5,309.126676
0.51825,2,309.291234
1.33779,4,309.591691
0.554573,2,309.698906
1.093896,4,309.922535
0.526736,2,310.031008
0.536111,2,310.139971
0.518758,2,310.250146
0.519233,2,310.379757
1.682852,5,310.67503
0.524156,2,310.80411
1.486263,5,311.1306
-2.431298,7,311.529738
1.635971,5,311.858308
0.312393,2,311.987552
2.040063,6,312.30275
3.672969,11,312.97022
1.997556,6,313.325905
0.534133,2,313.436677
2.102238,6,313.801979
0.496193,2,313.934508
0.53764,2,314.048015
0.527965,2,314.16114
0.557653,2,314.270232
0.511168,2,314.383047
0.890402,3,314.565485
0.525087,2,314.699412
-2.542527,6,315.060368
0.912985,3,315.236818
-2.188375,7,315.634042
2.325465,6,316.037673
-3.087138,5,316.328513
0.954339,3,316.488902
0.524383,2,316.606193
0.549821,2,316.725826
0.342308,2,316.841632
0.537802,2,316.955791
0.959348,3,317.203953
0.832135,3,317.490886
0.541736,2,317.726084
0.568063,2,317.929756
0.552018,2,318.112181
0.530624,2,318.277575
-2.244768,7,318.977181
0.548874,2,319.08251
0.796108,3,319.250945
0.560538,2,319.357299
0.533396,2,319.461894
0.528316,2,319.601633
0.550416,2,319.782774
2.186947,6,320.25464
0.559836,2,320.402689
0.504551,2,320.549635
2.134972,6,321.024734
0.545088,2,321.199912
0.525218,2,321.339478
0.341137,2,321.488237
-3.007539,5,321.764372
1.542345,5,322.020442
0.888491,3,322.210821
0.516212,2,322.339233
0.509805,2,322.473902
0.58252,2,322.586662
1.569181,5,322.864859
0.48152,2,322.979135
1.22964,4,323.235343
1.933339,6,323.621736
0.545089,2,323.75511
3.184378,8,324.238158
3.152445,9,324.785084
0.525706,2,324.922431
0.55838,2,325.056906
0.349821,2,325.187252
0.572456,2,325.31743
0.354208,2,325.449567
0.515192,2,325.562199
0.325336,2,325.6784
0.552603,2,325.794227
0.352876,2,325.910179
-3.572599,4,326.137983
0.530151,2,326.27133
4.250471,11,326.935753
0.906115,3,327.118319
0.549162,2,327.253824
1.320638,4,327.496675
0.326494,2,327.630982
1.71658,5,327.930562
1.090946,4,328.154767
4.04667,10,328.805973
-2.256202,7,329.214296
0.941997,3,329.38726
0.587063,2,329.497506
0.347366,2,329.611816
0.891479,3,329.811853
-2.342657,7,330.26218
2.185167,6,330.622603
-3.434443,4,330.867555
0.511925,2,330.997257
0.53534,2,331.181144
0.51361,2,331.379637
1.28521,4,331.709601
0.908536,3,332.030421
0.557109,2,332.203271
0.514699,2,332.407728
-2.703708,6,332.987293
0.318586,2,333.218728
0.504045,2,333.366308
1.554844,5,333.651869
0.529261,2,333.779317
1.2341,4,334.011161
1.984496,6,334.379174
0.510608,2,334.529581
1.303564,4,334.957886
0.53287,2,335.153671
0.550288,2,335.362344
1.638544,5,335.628921
0.360467,2,335.761231
0.534333,2,335.92013
1.582792,5,336.335916
0.942266,3,336.560275
0.528604,2,336.73556
0.529259,2,336.918006
0.317228,2,337.085241
-3.437363,4,337.363592
0.859229,3,337.582317
0.535871,2,337.763537
2.126881,7,338.376493
0.538957,2,338.581294
0.34717,2,338.762658
1.494547,5,339.1117
0.535695,2,339.291313
-2.591288,6,339.787818
0.561256,2,339.972568
0.33914,2,340.09289
0.909689,3,340.274718
0.530057,2,340.388338
0.531405,2,340.504507
0.531072,2,340.64159
1.622899,5,340.981762
0.567285,2,341.115423
-3.118735,5,341.414906
0.589921,2,341.549824
0.886018,3,341.73343
0.525674,2,341.848914
0.499042,2,341.983599
1.045941,4,342.236708
-1.942069,8,342.707269
0.490467,2,342.844961
0.565476,2,342.979394
1.677105,5,343.309274
0.725528,3,343.482433
0.525881,2,343.594731
0.530405,2,343.708018
0.87964,3,343.88637
0.958977,3,344.066457
0.554295,2,344.203848
0.344771,2,344.336372
0.58218,2,344.471608
0.533848,2,344.605062
0.770935,3,344.796919
1.553621,5,345.124735
0.511291,2,345.25539
0.843725,3,345.453828
0.547648,2,345.589224
0.557639,2,345.726083
0.558703,2,345.861535
0.50912,2,345.996489
1.352292,5,346.325564
0.53384,2,346.455313
0.543292,2,346.563483
0.378037,2,346.677726
0.542529,2,346.812292
0.497724,2,346.948755
0.526515,2,347.06576
1.268083,4,347.298306
0.364637,2,347.433837
0.541722,2,347.547501
0.883751,3,347.729572
1.056906,4,347.981086
1.374987,4,348.231065
0.535747,2,348.346212
0.332972,2,348.461518
0.523424,2,348.577898
0.532901,2,348.715828
2.743155,8,349.208717
0.892558,3,349.387169
1.384816,4,349.657194
2.390405,7,350.047631
0.924411,3,350.230994
0.507843,2,350.347296
1.273829,4,350.618915
-3.078668,5,350.935546
-3.75901,4,351.164007
0.546237,2,351.300587
0.512826,2,351.435422
0.847259,3,351.614191
0.464666,2,351.747415
1.563122,5,352.07746
0.548002,2,352.187904
0.483866,2,352.305156
0.510372,2,352.42023
0.556783,2,352.552057
1.688471,5,352.866678
0.521077,2,353.003252
0.528583,2,353.139393
0.515446,2,353.250708
1.751584,5,353.551434
0.496213,2,353.6885
0.448003,2,353.804006
0.517566,2,353.939336
0.516576,2,354.077456
0.514394,2,354.21279
0.540255,2,354.347725
3.598853,8,354.846531
0.554986,2,354.963181
1.350133,4,355.214756
0.512292,2,355.348284
0.338873,2,355.480679
0.539794,2,355.592953
0.319842,2,355.72643
-3.017635,6,356.093715
0.879935,3,356.279042
0.966104,3,356.457984
0.570982,2,356.59421
2.053333,7,357.018806
0.531997,2,357.128437
0.938438,3,357.323204
-3.618381,4,357.566341
1.696161,5,357.862517
0.52322,2,357.974365
0.886344,3,358.147639
1.924383,6,358.544364
-3.824801,4,358.805283
0.555526,2,358.939554
-1.149532,9,359.45699
1.32967,4,359.696725
0.54518,2,359.827704
0.487163,2,359.937649
0.882779,3,360.140488
0.53216,2,360.274914
2.645369,7,360.705377
0.559432,2,360.836064
-3.394945,5,361.124944
0.512548,2,361.253435
1.798002,5,361.551627
0.511817,2,361.670675
0.554376,2,361.809054
0.506365,2,361.941124
0.940286,3,362.125687
0.497537,2,362.258779
0.529998,2,362.372487
0.944616,3,362.570167
0.503483,2,362.680061
1.548943,5,362.988574
0.947099,3,363.160954
1.562079,5,363.447692
0.516129,2,363.560445
2.227763,6,363.948021
0.556029,2,364.078085
-3.438152,4,364.328484
-2.03749,7,364.738644
0.525491,2,364.851923
0.96156,3,365.053261
0.935041,3,365.25141
2.358226,7,365.633708
0.843813,3,365.827329
0.336344,2,365.956368
0.966466,3,366.129164
0.98194,3,366.282457
1.382835,5,366.605671
-2.549615,6,367.023016
2.083148,6,367.59056
1.738003,5,368.136376
0.944242,3,368.487327
0.526757,2,368.646034
0.529482,2,368.791533
0.530063,2,368.92467
0.34026,2,369.061042
0.341264,2,369.260193
0.52431,2,369.440576
0.932757,3,369.682739
0.333135,2,369.839056
-1.01365,9,370.643476
0.524719,2,370.812951
0.453796,2,371.003307
0.332172,2,371.176574
0.530417,2,371.347993
5.138968,13,372.375166
1.271085,4,372.71747
0.514655,2,372.919366
1.206166,4,373.211033
-2.925183,6,373.546156
0.508822,2,373.680124
0.912869,3,373.881434
0.522631,2,374.016171
0.728765,3,374.211535
0.324267,2,374.343898
0.518348,2,374.477196
0.937079,3,374.656538
1.554488,5,374.95413
0.534691,2,375.086749
0.470952,2,375.219899
0.512719,2,375.355254
2.102234,6,375.74287
0.499153,2,375.87529
0.688762,3,376.081681
0.551894,2,376.215742
0.515865,2,376.329093
-1.668308,8,376.839983
0.530407,2,376.951326
0.545968,2,377.082684
1.485626,5,377.38389
-2.996466,5,377.722523
2.040017,6,378.123323
-1.184098,9,378.698126
0.703854,3,378.89683
0.540716,2,379.009899
-2.991641,5,379.307528
0.518172,2,379.443009
0.521767,2,379.577785
0.568197,2,379.689839
2.041749,6,380.025007
0.557227,2,380.137924
1.337646,4,380.3872
0.535024,2,380.522143
0.515997,2,380.656651
1.809096,6,381.013279
0.53769,2,381.123146
1.305399,4,381.349048
-3.719324,4,381.589581
0.460243,2,381.719878
2.880851,7,382.098324
1.621425,5,382.40898
0.547957,2,382.540629
-3.464543,4,382.789858
0.336013,2,382.92277
-3.067721,5,383.233329
1.557632,5,383.55076
2.039845,6,383.930883
0.325635,2,384.04592
1.341988,4,384.27633
3.885123,10,384.870637
0.357789,2,385.005656
0.494471,2,385.134928
1.714527,5,385.430582
0.527016,2,385.545702
1.629231,5,385.851655
0.921946,3,386.02711
0.36182,2,386.142794
0.583753,2,386.257121
2.157926,6,386.623814
0.537828,2,386.760676
0.498555,2,386.897473
2.072162,6,387.280413
1.242167,4,387.525137
0.91392,3,387.706627
0.545601,2,387.839577
0.518509,2,387.966771
0.916944,3,388.145598
2.543991,7,388.551693
0.535641,2,388.679317
0.52688,2,388.808794
0.947983,3,389.009198
-2.969124,5,389.343859
0.512941,2,389.480457
0.345859,2,389.61058
-2.490675,6,390.017261
0.565706,2,390.127751
0.834059,3,390.32489
1.966654,6,390.684686
0.920456,3,390.866169
1.643155,5,391.158914
-1.333034,9,391.71927
0.531409,2,391.850752
-1.913439,7,392.283047
0.551421,2,392.396999
0.373514,2,392.531577
0.885037,3,392.730642
-3.470053,4,392.973531
0.49417,2,393.111511
1.316673,4,393.358781
0.552402,2,393.489284
-2.81175,6,393.833138
0.528374,2,393.946227
2.000803,6,394.321152
0.324267,2,394.458611
0.553333,2,394.590424
0.477098,2,394.704064
2.677952,8,395.200311
0.542313,2,395.334571
1.350533,5,395.606337
0.539756,2,395.719449
0.914341,3,395.893036
1.532227,5,396.217946
0.539581,2,396.347949
0.518506,2,396.4551
1.404873,4,396.75227
2.545827,7,397.407701
0.569912,2,397.610428
0.348086,2,397.84438
-3.075746,5,398.314078
2.629818,7,398.735996
0.331192,2,398.855307
0.502778,2,399.001584
0.467099,2,399.178481
0.354029,2,399.329134
-0.327641,12,400.256058
2.351885,7,400.680454
0.889806,3,400.862261
0.328202,2,401.007962
0.511503,2,401.156324
0.552354,2,401.293486
0.524606,2,401.433306
0.532053,2,401.563443
2.703127,7,401.993469
0.508342,2,402.147943
0.931473,3,402.332931
0.569548,2,402.472638
0.548026,2,402.588272
0.325172,2,402.710063
0.338199,2,402.85091
0.54574,2,402.992024
0.527669,2,403.130039
1.715655,5,403.445627
1.526136,5,403.771383
0.730176,3,403.953544
0.350149,2,404.093342
0.55264,2,404.230058
0.520621,2,404.366404
0.941081,3,404.528452
0.339997,2,404.664534
0.468138,2,404.797924
-0.877784,10,405.412949
0.350209,2,405.552474
0.538946,2,405.665674
-2.972819,5,405.959425
0.883095,3,406.142709
0.316672,2,406.279067
0.564125,2,406.414864
0.50992,2,406.531767
0.333503,2,406.650189
0.897289,3,406.805035
-2.94212,5,407.079666
-0.443718,12,407.817807
1.071607,4,408.074802
-1.839337,8,408.583737
0.321103,2,408.745705
0.326127,2,408.992185
0.547894,2,409.190488
0.941971,3,409.507178
0.588498,2,409.69808
0.533588,2,409.845547
0.497947,2,409.979788
0.561998,2,410.111755
0.33725,2,410.249903
1.284544,4,410.621715
0.926692,3,410.892126
3.627531,10,411.750712
1.050877,4,412.062214
0.551149,2,412.230981
0.357185,2,412.37752
0.338071,2,412.565746
1.77057,5,413.003238
0.361046,2,413.204801
0.54316,2,413.379294
0.542947,2,413.559992
0.929349,3,413.843677
0.520396,2,413.982197
0.336736,2,414.176625
0.482022,2,414.329057
-1.323043,9,415.038041
0.528299,2,415.223057
1.399143,4,415.55523
1.528418,5,415.94572
1.257479,4,416.178515
0.461468,2,416.292891
1.259702,4,416.525099
2.210329,6,416.843848
0.375982,2,416.956764
-2.915633,6,417.318781
0.534615,2,417.45336
2.578707,7,417.905582
0.536089,2,418.037189
0.451018,2,418.148173
0.513954,2,418.281958
1.639059,5,418.622003
0.854371,3,418.823554
0.527098,2,418.958255
0.565263,2,419.07225
3.736874,11,419.716432
0.557114,2,419.824173
1.304457,4,420.068233
0.532011,2,420.18349
0.533959,2,420.320864
1.304837,4,420.562418
0.887118,3,420.739645
0.960746,3,420.920403
1.326566,5,421.21512
1.738092,5,421.518782
0.323786,2,421.650616
0.539666,2,421.783155
0.327694,2,421.917716
-3.506642,4,422.186542
0.538547,2,422.320847
0.552487,2,422.448595
0.535217,2,422.58009
0.516998,2,422.690834
1.219214,4,422.938995
0.51098,2,423.072803
0.329354,2,423.184657
0.812186,3,423.360189
0.32443,2,423.474827
0.891922,3,423.682145
0.911937,3,423.856486
-3.377106,5,424.120391
0.523651,2,424.22882
0.513127,2,424.337866
1.246932,4,424.573979
0.903158,3,424.770423
0.502179,2,424.88082
0.524161,2,426.720366
2.404616,7,427.13357
2.043086,6,427.537884
1.264703,4,427.798435
0.516183,2,427.912956
0.325156,2,428.028934
0.918915,3,428.210002
0.334472,2,428.325032
0.512337,2,428.46112
2.846745,8,428.961034
0.544729,2,429.095356
0.341361,2,429.227233
0.523301,2,429.362637
1.919641,6,429.699157
0.478528,2,429.833638
0.671949,3,430.037394
0.545978,2,430.174874
0.961234,3,430.355708
-3.157376,5,430.614147
0.546928,2,430.728417
0.537504,2,430.866776
0.328503,2,431.002678
2.73801,8,431.476978
1.232945,4,431.70819
-3.27926,5,431.999426
0.542676,2,432.133223
1.823205,5,432.466173
4.731875,11,433.139246
0.519906,2,433.252799
0.98009,3,433.43401
0.525841,2,433.572166
0.782996,3,433.75088
-3.498077,4,434.017713
1.31668,4,434.263661
0.534727,2,434.397334
1.224561,4,434.636407
0.547917,2,434.763538
-3.048983,5,435.048985
2.100478,6,435.367496
2.31442,7,435.777577
0.931721,3,435.959272
0.50845,2,436.090297
0.512552,2,436.22224
0.317896,2,436.335222
1.17444,4,436.55382
0.514525,2,436.664288
0.547842,2,436.795454
3.562144,8,437.290794
0.907501,3,437.468549
2.349768,7,437.918404
3.989583,10,438.570354
0.927067,3,438.749542
0.560154,2,438.861708
-1.439319,9,439.447965
0.917459,3,439.599896
0.46519,2,439.726453
0.333037,2,439.852742
1.256968,4,440.120752
3.111692,9,440.68289
0.862278,3,440.861017
2.021071,6,441.198341
0.533503,2,441.332856
0.570774,2,441.442438
3.996119,10,442.011447
0.503088,2,442.146658
0.317856,2,442.281189
0.518231,2,442.415277
0.494432,2,442.54421
1.726329,5,442.836848
0.325964,2,442.97494
0.902807,3,443.16292
2.180872,6,443.566028
0.521125,2,443.702058
0.525048,2,443.837518
1.764804,5,444.126
0.330258,2,444.256429
-2.054393,7,444.664026
-1.584173,8,445.110339
0.536086,2,445.24376
1.27295,4,445.49061
0.342303,2,445.623498
0.537575,2,445.753924
0.324547,2,445.891009
0.342584,2,446.024081
0.528757,2,446.170804
0.550963,2,446.302598
1.246773,4,446.528369
4.653076,12,447.310888
0.541994,2,447.448193
0.507552,2,447.585432
0.560284,2,447.718581
0.554561,2,447.850665
0.345169,2,447.987746
0.553082,2,448.102373
1.639926,5,448.421512
0.326655,2,448.536313
0.538086,2,448.651708
5.099543,12,449.720867
0.342449,2,449.941744
0.315645,2,450.204316
1.768757,5,450.705377
0.496997,2,450.887114
0.334223,2,451.030947
0.558586,2,451.168187
-2.993583,5,451.467767
0.885887,3,451.744738
0.536203,2,451.925763
0.469176,2,452.125221
0.955044,3,452.367362
-2.316329,7,453.003654
0.51711,2,453.195859
-1.990531,7,453.808014
0.52835,2,453.960967
0.53665,2,454.162551
0.538781,2,454.346556
0.512777,2,454.520701
0.529119,2,454.676291
0.563283,2,454.824971
0.530862,2,454.951152
5.026651,13,455.777279
2.199094,6,456.149285
0.896043,3,456.351122
0.522866,2,456.486746
0.556078,2,456.622766
0.500092,2,456.736611
0.526463,2,456.87002
2.163258,6,457.265853
0.521259,2,457.392203
0.874552,3,457.589764
0.881006,3,457.770678
0.547619,2,457.883279
1.320933,4,458.115849
0.898989,3,458.316714
0.921926,3,458.511651
0.54856,2,458.643912
0.332333,2,458.780334
0.960818,3,458.959822
0.540736,2,459.096141
2.392603,7,459.495996
0.556636,2,459.624996
1.712196,5,459.92205
0.330951,2,460.056041
1.355388,4,460.317685
1.530144,5,460.607165
2.84646,8,461.125526
0.34133,2,461.255449
1.239815,4,461.507289
0.55671,2,461.639436
0.827744,3,461.81923
1.367892,4,462.082829
0.890785,3,462.255387
0.515907,2,462.382374
0.956768,3,462.57851
1.288019,4,462.815465
0.919132,3,463.012504
0.574597,2,463.11958
0.347186,2,463.250577
0.311285,2,463.386042
0.514178,2,463.520864
0.362222,2,463.632382
0.901288,3,463.826436
-3.231451,6,464.195434
0.332826,2,464.322938
0.543273,2,464.453968
0.534174,2,464.587195
1.919799,6,464.949844
0.526693,2,465.065869
0.52854,2,465.201637
0.884644,3,465.407567
0.857965,3,465.609686
0.518437,2,465.737148
0.915988,3,465.929702
1.330128,4,466.173802
0.319331,2,466.284853
1.410365,5,466.584889
0.568128,2,466.719102
3.443312,10,467.29703
0.522221,2,467.425622
0.516985,2,467.554041
0.371148,2,467.682883
0.498826,2,467.816272
2.125718,6,468.195277
0.51403,2,468.325933
0.540103,2,468.457077
0.520451,2,468.590339
-3.808042,4,468.855963
0.545773,2,468.972671
0.559267,2,469.090667
1.703171,5,469.407345
5.520242,14,470.22525
0.523691,2,470.356965
0.501539,2,470.467035
0.526452,2,470.579406
0.547249,2,470.711296
0.334894,2,470.843925
0.33378,2,470.978687
1.745706,5,471.285174
0.558401,2,471.39728
0.52135,2,471.53523
0.474095,2,471.648772
0.329663,2,471.758165
0.55001,2,471.871646
1.404347,4,472.099328
0.509554,2,472.214715
1.375801,5,472.692993
1.398052,4,473.081882
0.524417,2,473.308349
1.225554,4,473.698305
0.534996,2,473.967215
0.897356,3,474.297041
1.602732,5,474.656629
1.415572,5,474.977479
0.530398,2,475.143859
0.335008,2,475.344089
2.111076,6,475.909963
0.32968,2,476.090259
0.552535,2,476.225556
-3.156371,5,476.715144
0.319676,2,476.873818
0.52122,2,477.018468
0.51487,2,477.153421
2.447102,7,477.698276
-2.998389,5,478.093973
0.526097,2,478.261602
2.184914,7,478.741668
3.391708,9,479.222466
0.953123,3,479.401746
2.206037,6,479.760861
0.530212,2,479.889088
1.337077,4,480.151977
0.554287,2,480.289575
0.517512,2,480.392934
0.562756,2,480.502602
0.542012,2,480.636564
0.546684,2,480.773165
0.514779,2,480.907192
2.187195,6,481.285926
0.916046,3,481.484695
0.5392,2,481.619648
0.521299,2,481.751748
0.556565,2,481.885995
1.586738,5,482.175226
0.536338,2,482.312008
0.539393,2,482.453906
2.1648,6,482.832921
1.270313,4,483.06375
0.498804,2,483.20213
1.305242,4,483.428121
0.561581,2,483.560211
0.332414,2,483.69194
2.228548,7,484.164015
0.877429,3,484.368294
0.537205,2,484.503315
3.657331,10,485.092742
0.752059,3,485.288499
0.314568,2,485.426186
0.555107,2,485.560184
0.542347,2,485.695451
0.565368,2,485.827524
0.923643,3,486.007973
1.268504,4,486.262375
1.292722,4,486.514568
1.271691,4,486.764258
0.558462,2,486.880297
0.562794,2,487.016928
0.718107,3,487.196882
2.161375,6,487.561483
2.462077,7,487.9898
1.722769,5,488.29747
0.346705,2,488.428382
0.533014,2,488.562785
0.348443,2,488.693766
2.765711,8,489.202428
0.910114,3,489.371053
0.541633,2,489.498286
0.54451,2,489.626988
0.52847,2,489.760124
0.345307,2,489.871483
0.53512,2,490.007608
0.572599,2,490.146159
0.502068,2,490.278841
0.570575,2,490.410397
0.516319,2,490.546784
0.495568,2,490.678617
0.9608,3,490.856764
0.556763,2,490.969968
0.539346,2,491.099103
0.349666,2,491.23031
0.947007,3,491.411221
1.36118,5,491.723763
0.525566,2,491.854217
0.910634,3,492.027888
0.941481,3,492.20631
2.894287,8,492.688866
1.245557,4,492.940103
0.536074,2,493.074532
0.877517,3,493.25958
0.53552,2,493.372238
1.462799,5,493.672037
-2.145503,7,494.106597
0.437488,2,494.240162
2.227618,7,494.671433
1.587807,5,494.960413
1.303048,4,495.222955
0.537835,2,495.333057
0.530138,2,495.445216
0.520456,2,495.580303
0.470272,2,495.713533
0.544187,2,495.847244
1.321047,4,496.077026
0.510213,2,496.211502
0.53522,2,496.343118
0.578756,2,496.477462
-1.958495,7,496.914507
2.813212,8,497.372002
2.953839,8,497.837231
0.50402,2,497.969591
0.525352,2,498.082086
0.993242,3,498.257091
2.384705,7,498.657967
0.538325,2,498.76683
0.528781,2,498.900128
0.544394,2,499.03392
0.911139,3,499.231066
0.494667,2,499.344586
0.505831,2,499.453735
2.688641,8,499.928497
-3.157761,5,500.213287
0.903657,3,500.391137
0.543788,2,500.502969
0.555105,2,500.63417
0.536067,2,500.748233
3.830689,10,501.503782
0.503997,2,501.69674
0.563065,2,501.926413
0.329062,2,502.148082
0.343448,2,502.40489
1.349745,5,502.891663
0.346983,2,503.101078
0.313899,2,503.304985
3.31321,9,503.95992
0.524749,2,504.122562
0.555075,2,504.294774
1.743882,5,504.706218
0.536858,2,504.911999
1.347652,4,505.235612
0.363117,2,505.419405
0.495516,2,505.628008
0.510877,2,505.821212
0.358591,2,506.009248
0.52312,2,506.20597
1.232518,4,506.579008
0.504541,2,506.726895
0.909426,3,506.94802
1.917522,6,507.289714
0.527091,2,507.395997
0.933499,3,507.585679
0.557763,2,507.700343
0.522407,2,507.81484
0.532089,2,507.926
0.515114,2,508.037603
1.241017,4,508.27119
0.452179,2,508.377727
0.50473,2,508.506837
-1.254256,10,509.098218
0.538594,2,509.223777
0.508486,2,509.332198
0.552755,2,509.443884
1.22495,4,509.687212
1.64383,5,509.980842
-3.01479,5,510.299215
0.451026,2,510.432791
0.514463,2,510.550915
0.530216,2,510.66637
0.499516,2,510.783212
0.518114,2,510.895373
1.528551,5,511.197198
3.86098,10,511.839277
0.542286,2,511.972995
0.328646,2,512.109121
0.535502,2,512.24229
0.977114,3,512.420712
-3.140427,5,512.718196
0.873999,3,512.887047
0.543025,2,512.994589
0.546374,2,513.106637
0.887248,3,513.289867
2.531413,7,513.724216
0.510995,2,513.836279
0.891563,3,514.017134
0.54559,2,514.150226
1.283168,4,514.414302
0.364485,2,514.552451
0.549148,2,514.687325
0.516087,2,514.824992
0.854991,3,515.026331
0.359053,2,515.162881
1.308755,4,515.4142
0.52999,2,515.551456
0.714303,3,515.75573
-3.324867,4,516.035152
2.244428,6,516.404928
0.546429,2,516.542548
0.356275,2,516.665362
0.918334,3,516.874442
0.331636,2,517.005978
0.575707,2,517.116485
1.045542,4,517.342291
2.471483,7,517.796935
0.520574,2,517.929025
1.671415,5,518.26769
0.902684,3,518.45967
2.115137,6,518.853048
0.520568,2,518.983114
1.581434,5,519.288245
0.900926,3,519.468303
0.521646,2,519.600136
3.693966,9,520.127716
0.331414,2,520.262728
0.535268,2,520.393578
0.941407,3,520.571274
0.9459,3,520.747346
1.290182,4,520.983411
0.987715,3,521.177463
0.565192,2,521.311873
0.560832,2,521.423555
0.548353,2,521.556997
1.649058,5,521.85555
0.346362,2,521.968354
1.690744,5,522.255016
0.327681,2,522.387339
2.202668,6,522.962808
0.54046,2,523.187754
0.922521,3,523.484007
0.495808,2,523.688635
0.325527,2,523.865657
0.532635,2,524.022643
0.910746,3,524.350115
0.523769,2,524.563458
2.394392,7,525.109065
0.822843,3,525.275464
0.525631,2,525.434013
0.319251,2,525.589698
0.554513,2,525.736431
0.544215,2,525.897707
1.732383,5,526.312803
-1.261359,9,527.041558
0.536866,2,527.233053
0.538328,2,527.430444
1.151292,5,527.905183
1.275315,4,528.247061
0.335164,2,528.402856
0.926958,3,528.649143
0.56541,2,528.8363
0.51169,2,529.022624
0.534982,2,529.218496
0.534516,2,529.429655
0.51697,2,529.604573
3.10707,8,530.353089
0.581907,2,530.487109
0.902384,3,530.757178
-3.441782,4,531.133452
0.533268,2,531.318201
0.95831,3,531.630588
0.881553,3,531.891793
1.628554,5,532.285263
-0.706385,11,533.017955
0.512075,2,533.131371
0.328368,2,533.247322
1.892264,5,533.548493
0.323073,2,533.6635
0.541251,2,533.783735
0.53847,2,533.893542
0.538551,2,534.022486
0.32424,2,534.161402
2.108732,6,534.529181
0.844595,3,534.728238
1.348222,4,534.980106
0.549371,2,535.113858
0.544856,2,535.230544
0.547211,2,535.366365
0.530753,2,535.501677
1.406482,5,535.840334
0.512293,2,535.947872
0.326813,2,536.060279
0.323217,2,536.172997
0.54585,2,536.282623
0.544037,2,536.413513
1.355106,4,536.635167
0.523347,2,536.750948
0.535312,2,536.859294
2.559426,7,537.289568
0.561524,2,537.404523
0.532053,2,537.520264
0.865058,3,537.702665
0.928918,3,537.899296
-2.729493,6,538.282004
0.549432,2,538.41408
0.320289,2,538.542833
1.088002,4,538.79849
1.676019,5,539.132445
0.56651,2,539.268029
0.51664,2,539.40258
4.016169,10,540.003896
1.751855,6,540.382244
0.55083,2,540.491429
0.525115,2,540.622864
0.576837,2,540.752613
0.566312,2,540.864617
1.266829,4,541.132154
1.676242,5,541.429579
0.512428,2,541.564174
0.339544,2,541.698981
0.558063,2,541.826695
1.791092,6,542.20645
0.518677,2,542.320364
0.338721,2,542.454819
0.529595,2,542.584759
0.56359,2,542.712306
-3.109062,5,543.013507
1.271844,4,543.258823
1.970335,6,543.629604
0.939243,3,543.830068
1.216817,4,544.077164
0.547804,2,544.212848
-3.057607,5,544.524337
1.061309,4,544.790129
0.548663,2,544.901589
1.715601,6,545.249014
0.559362,2,545.361851
2.872409,8,545.875139
2.113663,6,546.230609
0.551429,2,546.361392
0.534332,2,546.472089
0.947396,3,546.67455
1.685291,5,547.008625
3.643473,10,547.639693
0.534765,2,547.775274
-3.537745,4,548.013342
0.560784,2,548.144479
0.511977,2,548.28055
0.538264,2,548.414477
0.542905,2,548.547229
0.532805,2,548.678933
1.731059,5,549.014613
1.933656,6,549.397088
-3.287978,5,549.731209
-3.596995,4,549.979005
0.542816,2,550.115289
0.540686,2,550.233249
0.49609,2,550.353126
2.057968,6,550.759409
1.043909,4,551.004812
3.538637,9,551.572123
1.592408,5,551.865228
1.643918,5,552.18201
0.328324,2,552.316199
0.884099,3,552.498465
0.53472,2,552.626865
1.269094,4,552.847144
2.040255,6,553.230925
1.593986,5,553.57006
3.434172,9,554.138383
2.66837,7,554.561238
0.326603,2,554.674871
0.544596,2,554.787446
2.298156,7,555.234081
0.536499,2,555.368701
3.041352,8,555.865106
0.541196,2,555.979185
4.692142,12,556.719325
-3.078385,5,557.015584
0.865793,3,557.217196
0.899716,3,557.418618
0.558093,2,557.553115
1.257542,4,557.802963
0.511329,2,557.915938
0.541063,2,558.049516
0.545699,2,558.163887
0.327217,2,558.278944
0.514207,2,558.418835
0.320896,2,558.55376
-1.813789,7,559.002712
0.51081,2,559.130735
0.912426,3,559.30927
0.533841,2,559.438288
-3.194722,5,559.716346
0.547867,2,559.84944
0.52959,2,559.978766
2.814405,8,560.429536
3.064832,9,560.940756
0.528336,2,561.073471
0.541875,2,561.208298
0.477953,2,561.339901
-3.033509,6,561.716944
0.948859,3,561.914151
0.524714,2,562.044437
0.582789,2,562.173533
0.927249,3,564.097486
0.517129,2,564.235228
0.575678,2,564.365295
0.875423,3,564.55877
0.528454,2,564.691054
0.87848,3,564.89621
0.908286,3,565.071186
0.52099,2,565.186197
1.603002,5,565.498085
1.312903,4,565.744608
0.516507,2,565.855808
1.315341,4,566.095589
0.339523,2,566.226272
0.535783,2,566.359795
1.236857,4,566.60259
-3.097993,6,566.975132
0.544114,2,567.101713
1.29568,4,567.341879
0.912826,3,567.516759
0.547342,2,567.682486
0.900871,3,568.006329
0.89974,3,568.3187
0.545927,2,568.515121
0.342598,2,568.711653
4.300884,11,569.738827
1.289233,4,570.005213
0.506944,2,570.110582
2.014706,6,570.453254
0.531945,2,570.562195
1.370159,4,570.785522
3.867149,11,571.467982
0.502874,2,571.57606
0.329349,2,571.712258
1.271617,4,571.981099
1.221868,4,572.203707
0.525016,2,572.386145
0.535237,2,572.566147
2.978535,8,573.358463
-3.324178,5,573.676491
1.326902,4,573.907469
-1.90531,8,574.536067
3.04517,8,575.198745
0.362205,2,575.408769
1.828877,5,575.851821
2.243457,7,576.241419
0.478269,2,576.345945
1.967456,6,576.688404
1.133965,4,576.91363
0.548493,2,577.026101
0.499214,2,577.143297
-1.698605,8,577.649573
0.559593,2,577.752702
3.541482,9,578.287809
0.534851,2,578.4015
0.551994,2,578.530554
1.540128,5,578.796334
0.339779,2,578.932607
0.484206,2,579.065087
0.901081,3,579.263339
-3.529149,4,579.483111
0.553873,2,579.610285
0.855304,3,579.78351
0.358062,2,579.914785
0.356905,2,580.089834
2.972976,8,580.899518
0.837623,3,581.198953
0.543462,2,581.42335
1.262504,4,581.838114
0.514361,2,582.042999
1.252385,4,582.314035
0.324782,2,582.449302
1.298919,4,582.704426
0.491437,2,582.835283
-3.187457,6,583.351867
2.191406,6,583.86004
0.534104,2,584.002745
0.549617,2,584.136467
0.518134,2,584.265554
0.458065,2,584.373573
0.55728,2,584.481174
-3.600382,4,584.702434
0.548542,2,584.835725
0.513668,2,584.978285
0.448451,2,585.118768
1.667132,5,585.417738
0.534863,2,585.53171
-3.481476,5,585.833998
0.539916,2,585.964823
0.446622,2,586.094092
0.476056,2,586.202496
1.951373,6,586.542122
1.26591,4,586.774949
0.54317,2,586.913948
-3.522637,4,587.175407
0.499377,2,587.316397
0.556069,2,587.430288
0.938128,3,587.622142
0.924468,3,587.802976
0.528353,2,587.939169
0.883662,3,588.144259
0.532355,2,588.279113
2.233137,6,588.64383
1.268831,4,588.875932
0.898091,3,589.036995
0.519886,2,589.166866
3.576408,10,589.754387
0.545545,2,589.882788
0.530392,2,589.986714
1.705142,5,590.267688
1.679483,5,590.572772
0.870489,3,590.750057
0.533247,2,590.881888
2.126303,6,591.237668
2.03711,6,591.593673
1.859874,5,591.885029
0.516907,2,592.017967
1.66015,5,592.343004
0.525047,2,592.556558
0.340925,2,592.747619
0.50859,2,592.972139
0.857258,3,593.298283
-1.882202,8,593.921134
0.533789,2,594.053206
0.552633,2,594.190136
-2.17346,7,594.712822
2.810516,7,595.324205
0.535156,2,595.501639
0.542595,2,595.691744
0.902368,3,595.92282
0.335976,2,596.03386
0.344253,2,596.149382
0.526647,2,596.285537
0.489366,2,596.417007
-0.743154,9,596.926827
1.696933,5,597.248118
0.924546,3,597.453937
0.995545,3,597.655972
1.303896,4,597.879482
2.923129,8,598.35385
0.530959,2,598.467468
0.585622,2,598.582638
0.904311,3,598.786392
1.743449,5,599.080981
0.548427,2,599.189785
-3.316925,5,599.476008
0.337675,2,599.606791
2.73837,7,600.018915
0.551343,2,600.129267
0.32645,2,600.287925
0.543961,2,600.482396
-2.664148,6,601.073732
2.774083,8,601.787402
0.329956,2,602.018933
0.568407,2,602.226224
0.883999,3,602.481351
0.515592,2,602.613898
0.513857,2,602.74282
0.915456,3,602.909086
1.691402,5,603.301342
2.036918,6,603.878622
1.367247,4,604.155826
0.5563,2,604.279244
0.521212,2,604.404577
0.333378,2,604.530999
0.565115,2,604.639202
1.610525,5,604.927294
1.366682,4,605.179418
0.514672,2,605.291479
2.139375,6,605.67281
0.887523,3,605.853873
3.075398,8,606.289615
0.533606,2,606.42422
0.546653,2,606.560305
0.49841,2,606.693282
1.745343,5,606.998547
1.678424,5,607.298511
0.530184,2,607.416075
0.53974,2,607.556065
0.530043,2,607.671057
0.555821,2,607.789552
0.314373,2,607.907877
1.013821,3,608.109105
0.33951,2,608.223835
-2.62866,7,608.632
0.549306,2,608.764396
0.559484,2,608.892404
0.518463,2,609.019742
0.958276,3,609.225696
0.529316,2,609.364118
0.89991,3,609.563756
0.968563,3,609.748062
0.577126,2,609.88563
0.546269,2,610.021815
0.512371,2,610.160603
0.926611,3,610.343129
0.525925,2,610.461619
0.517088,2,610.598372
0.511625,2,610.730028
1.587202,5,611.02443
1.637466,5,611.320731
0.5442,2,611.458825
-0.245666,11,612.151665
0.552623,2,612.261317
0.58636,2,612.373489
0.507325,2,612.48238
0.536004,2,612.612911
0.856053,3,612.90012
-2.946239,5,613.426609
0.333374,2,613.585232
0.536957,2,613.743599
1.605782,5,614.216048
-1.000267,10,615.140695
0.530446,2,615.286891
1.337944,4,615.543035
2.611245,7,616.035161
-2.557789,6,616.506104
0.542437,2,616.683567
0.557503,2,616.865569
1.207804,4,617.275912
0.52342,2,617.44478
0.31782,2,617.609633
0.537543,2,617.792998
0.541485,2,617.982445
0.550768,2,618.113879
0.515339,2,618.24315
0.530072,2,618.371894
0.350313,2,618.499686
0.347064,2,618.624831
0.563708,2,618.737211
0.522153,2,618.854808
0.350757,2,618.969712
0.499998,2,619.081235
0.9946,3,619.288467
0.5658,2,619.405949
0.518049,2,619.539748
0.567959,2,619.672098
0.539154,2,619.804253
1.765047,5,620.0972
3.195255,8,620.529244
0.471401,2,620.666609
0.522412,2,620.804462
0.357375,2,620.944944
0.543051,2,621.084018
0.552907,2,621.216185
1.985164,6,621.571618
0.512806,2,621.680485
0.535504,2,621.815279
0.541766,2,621.929436
0.53668,2,622.041939
0.515317,2,622.156893
1.8922,6,622.518999
-3.32006,5,622.835835
0.541445,2,622.953162
0.520797,2,623.067412
0.338685,2,623.207254
0.351097,2,623.344043
0.355496,2,623.46072
2.237563,6,623.843257
2.157656,6,624.222139
0.539887,2,624.358032
0.859766,3,624.522175
1.301502,4,624.772543
0.534833,2,624.902324
0.925946,3,625.077504
-1.425135,9,625.618534
0.535667,2,625.729268
0.329299,2,625.863315
0.567685,2,625.992772
1.274703,4,626.237643
1.139894,4,626.45595
-2.932365,6,626.821749
1.224261,4,627.07725
0.892077,3,627.254298
-3.04915,5,627.569225
0.545954,2,627.70147
1.276251,4,627.928807
2.030261,6,628.316971
0.536801,2,628.448612
4.186663,10,629.061215
0.575679,2,629.190435
0.350169,2,629.320053
1.257092,4,629.53573
0.474484,2,629.667596
1.575493,5,629.97364
0.508351,2,630.081203
1.268867,4,630.278266
1.526694,5,630.575126
0.512027,2,630.688206
0.567108,2,630.808782
2.179594,6,631.154692
0.546779,2,631.266728
0.549546,2,631.38116
0.558607,2,631.517398
0.556238,2,631.635576
0.536145,2,631.749247
0.33416,2,631.886567
1.821851,5,632.168324
0.570431,2,632.281095
0.950583,3,632.466406
0.354506,2,632.60118
0.348345,2,632.712039
0.534225,2,632.827687
4.298796,11,633.500906
0.557627,2,633.610085
0.550581,2,633.748502
0.515614,2,633.87726
1.063067,4,634.126185
3.660922,9,634.64658
-2.253995,7,635.041618
0.336424,2,635.151018
0.352948,2,635.26218
0.337204,2,635.390043
2.888344,8,635.89702
1.759594,5,636.368123
2.053898,6,636.841935
0.543886,2,637.050389
0.5546,2,637.303485
0.521043,2,637.508208
0.899137,3,637.772944
-3.383419,4,638.084808
0.323396,2,638.211512
0.313605,2,638.339051
0.541136,2,638.465378
2.076821,6,638.946719
0.536326,2,639.115219
0.541055,2,639.269617
0.355429,2,639.440152
0.513442,2,639.596434
0.540008,2,639.704873
5.909243,16,640.625216
-2.146484,7,641.083258
2.818096,8,641.531472
0.55465,2,641.644439
0.329185,2,641.787083
0.516425,2,641.905845
0.518501,2,642.02498
0.565914,2,642.148836
0.345019,2,642.260758
0.540839,2,642.379736
1.198704,4,642.631367
0.350921,2,642.771701
1.678352,5,643.08311
0.52363,2,643.216438
0.910044,3,643.410133
3.781735,11,644.091814
0.502721,2,644.204372
1.319346,4,644.518608
0.528417,2,644.693577
1.599961,5,645.211219
0.544808,2,645.419409
1.768464,5,645.901807
0.932129,3,646.201696
2.735017,7,646.611192
1.291293,4,646.880533
-3.048987,5,647.328042
1.188668,4,647.686026
2.011041,6,648.167358
0.546557,2,648.364667
2.496298,7,649.007365
0.495338,2,649.155905
0.85545,3,649.398604
1.99282,6,649.813005
0.532967,2,649.930769
0.982346,3,650.111489
1.118421,4,650.34246
2.546533,7,650.755267
1.490765,5,651.069404
-3.050005,5,651.347596
1.38315,4,651.585655
-3.4964,4,651.834663
0.35372,2,651.943792
0.869935,3,652.123363
3.130857,8,652.597281
2.137616,6,652.959825
2.313577,7,653.385503
0.561885,2,653.496258
2.509935,7,653.880945
1.578803,5,654.19122
0.94441,3,654.349383
0.503066,2,654.463841
3.385376,9,654.990042
0.508419,2,655.125574
0.368131,2,655.241101
0.955555,3,655.420337
0.56519,2,655.530302
0.518719,2,655.640005
3.520308,9,656.185086
1.963245,6,656.543241
2.068619,6,656.925546
0.506454,2,657.06264
0.514328,2,657.198314
0.530508,2,657.332289
0.545583,2,657.467938
2.802135,8,657.96722
-1.418275,9,658.547175
0.908481,3,658.748093
1.594616,5,659.057817
0.53163,2,659.187215
3.144083,9,659.704478
0.524278,2,659.831808
0.520254,2,659.965766
1.780821,6,660.318418
0.51256,2,660.451639
0.958929,3,660.655052
0.528835,2,660.786374
0.324267,2,660.902041
1.225245,4,661.131501
0.533967,2,661.243033
0.330504,2,661.354877
1.295615,4,661.603747
3.395453,9,662.158512
0.558194,2,662.284357
0.572563,2,662.419851
0.536294,2,662.550148
1.708674,5,662.825931
-3.582977,4,663.073169
0.886072,3,663.274646
0.538059,2,663.404454
0.885889,3,663.560581
1.301033,4,663.789943
0.911068,3,663.991229
-2.994982,5,664.294811
0.543003,2,664.431153
3.644574,9,664.981523
0.525126,2,665.09643
0.941058,3,665.27296
0.557054,2,665.411067
0.568251,2,665.544028
0.555265,2,665.655209
1.729761,5,665.937996
1.366999,4,666.183673
0.355883,2,666.312364
2.169912,6,666.676194
0.554949,2,666.803374
-3.576301,4,667.047581
0.52149,2,667.179647
0.491025,2,667.297611
-3.079844,5,667.608693
0.909696,3,667.783904
0.922686,3,667.965738
0.534359,2,668.100913
4.307633,12,668.77941
1.258363,4,668.996871
0.569364,2,669.103701
0.931633,3,669.280864
0.911031,3,669.447214
2.238893,6,670.019923
0.705347,3,670.299592
0.531086,2,670.51098
1.289047,4,670.858722
2.739989,7,671.521863
0.519212,2,671.647312
4.477189,11,672.27512
1.26944,4,672.6233
0.521578,2,672.805039
0.52829,2,672.981342
3.110355,8,673.686987
0.552496,2,673.870681
0.538197,2,674.030702
0.92284,3,674.313502
0.531002,2,674.497878
1.329744,4,674.895226
0.565185,2,675.060721
0.340401,2,675.166613
0.542244,2,675.274083
1.73328,5,675.55298
0.549758,2,675.688617
0.517438,2,675.820539
0.519256,2,675.954885
0.356381,2,676.069419
1.659924,5,676.367031
0.496892,2,676.50351
0.522743,2,676.632377
0.543859,2,676.76642
0.907592,3,676.962867
0.504175,2,677.073757
3.812037,10,677.642677
3.021357,9,678.204175
0.720677,3,678.384424
0.501917,2,678.520967
0.573165,2,678.654383
0.587067,2,678.768135
1.671818,5,679.076336
2.446557,7,679.482394
1.313735,4,679.701091
1.970385,6,680.055832
0.513985,2,680.167147
0.525873,2,680.298721
-2.942216,5,680.616226
0.339315,2,680.750395
2.10986,6,681.094546
0.732472,3,681.271776
1.279019,4,681.503215
1.496262,5,681.795732
1.674401,5,682.083323
1.0905,4,682.350501
0.545719,2,682.485768
0.498559,2,682.618559
0.871679,3,682.823097
0.527826,2,682.931839
0.503768,2,683.065696
1.370717,4,683.295245
1.288701,4,683.546564
0.535246,2,683.682303
0.877988,3,683.86201
0.975995,3,684.046516
0.511736,2,684.178756
0.44816,2,684.308472
1.476612,5,684.605325
0.346449,2,684.738176
0.542144,2,684.87015
2.815039,8,685.330664
0.346274,2,685.438207
1.261094,4,685.670999
0.827053,3,685.852959
1.729979,5,686.137879
2.663938,7,686.553015
0.530251,2,686.668592
0.541322,2,686.786794
2.551146,7,687.197903
-2.971942,5,687.512502
-1.725118,9,688.03587
0.519797,2,688.171567
1.598481,5,688.465752
-3.101491,5,688.773967
0.538492,2,688.886207
0.922974,3,689.067209
-2.924619,5,689.366273
0.553011,2,689.498234
0.520243,2,689.633903
0.542299,2,689.767188
0.92645,3,689.949388
1.315211,4,690.201936
0.541501,2,690.316053
2.009507,6,690.770576
1.199838,4,691.192299
0.806372,3,691.475866
0.550124,2,691.656177
0.520438,2,691.863686
0.542184,2,692.1104
-3.438308,4,692.525521
0.574821,2,692.690772
2.150312,6,693.073014
0.882469,3,693.256465
0.936893,3,693.462951
0.551644,2,693.641531
2.102728,6,694.106109
0.561735,2,694.249487
1.733922,5,694.649982
0.911799,3,694.906798
0.548939,2,695.066252
0.951046,3,695.415163
0.943935,3,695.626635
0.338965,2,695.765035
0.532073,2,695.902409
1.318998,4,696.159558
0.500958,2,696.292146
0.565545,2,696.40516
1.54854,5,696.697696
0.952293,3,696.871943
0.543422,2,697.006439
0.5086,2,697.140394
0.50504,2,697.279907
1.542777,5,697.598795
0.979341,3,697.779278
-2.081276,8,698.260002
0.945457,3,698.464273
3.09152,8,698.970657
0.549732,2,699.102825
0.704646,3,699.282704
0.527998,2,699.417235
0.509845,2,699.52561
0.324267,2,699.665329
0.910656,3,699.846308
0.565556,2,699.984515
-2.241798,7,700.410549
0.344225,2,700.546775
0.551315,2,700.663909
1.741604,6,702.803942
2.727699,8,703.291088
1.267747,4,703.539751
1.202896,4,703.759277
3.17633,8,704.263589
0.538543,2,704.377067
0.90586,3,704.535465
0.526424,2,704.670283
0.538622,2,704.784498
0.891625,3,704.967974
0.52913,2,705.107821
0.531433,2,705.218085
1.760423,5,705.466664
1.321548,4,705.694856
0.516848,2,705.829159
0.690005,3,706.008273
-3.003122,5,706.289075
0.561392,2,706.402689
1.374219,4,706.632038
1.682497,5,706.948921
0.537756,2,707.062104
-3.522399,4,707.328432
2.451356,7,707.731422
1.651192,5,708.011733
2.072271,6,708.360198
2.100698,6,708.693197
0.540609,2,708.828579
-3.476493,4,709.075043
0.515894,2,709.192423
-3.190469,5,709.521133
0.856405,3,709.701298
1.689849,5,709.960393
1.331508,4,710.212442
-2.970618,6,710.590825
0.958089,3,710.763935
4.460264,12,711.411122
4.628617,13,712.195732
0.973863,3,712.370844
0.965836,3,712.559494
0.522543,2,712.698207
2.196402,6,713.057243
0.556047,2,713.191066
0.532096,2,713.319566
5.392391,12,713.964514
1.1992,4,714.20596
0.327966,2,714.415124
0.550818,2,714.558491
1.557662,5,715.021133
0.943915,3,715.311502
0.866175,3,715.57439
0.922823,3,715.850533
0.496304,2,716.005146
0.910267,3,716.208733
0.527152,2,716.346144
0.537539,2,716.482156
0.863414,3,716.821095
1.586296,5,717.205269
0.942925,3,717.464345
0.546601,2,717.610893
0.363447,2,717.803657
0.333605,2,717.936321
0.52798,2,718.105556
0.531021,2,718.249515
0.916507,3,718.49189
0.892692,3,718.724327
-2.334275,7,719.317938
0.522948,2,719.506125
-3.103747,5,719.905378
2.229637,6,720.367221
0.83067,3,720.591126
2.720595,7,721.074013
1.666337,5,721.377388
3.06718,8,721.869429
1.929316,6,722.205559
-2.197018,7,722.653764
0.34279,2,722.789788
0.548946,2,722.911736
3.145002,8,723.375885
0.950521,3,723.556304
0.346169,2,723.668842
0.321765,2,723.783664
0.557271,2,723.91804
4.143991,11,724.554332
0.943039,3,724.734399
2.021176,6,725.067905
0.506154,2,725.183293
-3.617302,4,725.41586
0.523145,2,725.551075
1.821209,5,725.867632
0.529113,2,725.991652
0.917186,3,726.162891
0.519955,2,726.293069
0.350669,2,726.423691
0.546512,2,726.551399
-2.659074,6,726.91123
2.219678,7,727.289342
0.51513,2,727.405112
0.341459,2,727.539573
2.644397,7,727.954413
2.108181,7,728.403082
0.547686,2,728.537247
1.338431,4,728.785052
0.545757,2,728.921287
-2.92324,5,729.215031
0.538929,2,729.344893
0.540742,2,729.477489
0.463934,2,729.616841
1.283383,4,729.861925
2.914036,8,730.310117
1.757383,5,730.587729
1.182024,4,730.821678
0.551217,2,730.953882
0.906583,3,731.155567
0.860592,3,731.358938
0.338649,2,731.474665
0.919777,3,731.659055
0.513556,2,731.770706
0.520557,2,731.88581
2.905779,8,732.365386
2.560382,7,732.814966
5.337503,13,733.600617
2.457486,7,733.984142
0.53229,2,734.09226
0.333528,2,734.206525
1.363104,4,734.450864
0.529976,2,734.584413
0.54702,2,734.695011
0.546924,2,734.826351
0.537423,2,734.938828
1.669436,5,735.236935
0.503127,2,735.35136
0.539816,2,735.46658
0.530004,2,735.580647
0.337019,2,735.71428
4.639948,12,736.393482
1.764066,6,736.76072
0.557107,2,736.894784
1.575371,5,737.343826
2.499362,7,737.99485
-3.021495,5,738.482292
3.253625,10,739.334396
1.702039,5,739.612217
0.51262,2,739.742456
0.546612,2,739.898986
0.883801,3,740.135633
1.302586,4,740.47281
2.263722,6,741.075756
0.528057,2,741.253566
1.358847,4,741.559644
1.171617,4,741.949613
1.640903,5,742.375799
0.540131,2,742.578876
1.018103,3,742.787407
1.951154,6,743.176013
0.56404,2,743.308582
1.667399,5,743.614996
2.217118,6,743.953173
0.477552,2,744.060358
0.462057,2,744.171746
-0.874741,11,744.871328
0.906788,3,745.051781
1.307627,4,745.284316
0.514523,2,745.417613
3.352714,9,745.940198
0.937487,3,746.10113
0.513668,2,746.214584
0.340881,2,746.356656
4.332497,12,747.062904
0.544318,2,747.181915
1.240525,4,747.43261
4.744806,12,748.120521
0.904996,3,748.299508
1.582605,5,748.600938
-2.226259,7,749.028724
3.973329,12,749.692451
2.793662,8,750.190838
0.535416,2,750.3041
3.246969,9,750.788063
0.536004,2,750.902723
3.587019,10,751.514374
0.52021,2,751.627061
0.340945,2,751.739403
3.176117,9,752.228521
0.881242,3,752.406261
1.279206,4,752.624682
0.525384,2,752.738262
0.886802,3,752.909964
0.523902,2,753.016533
3.605243,10,754.034321
0.915309,3,754.290026
0.568775,2,754.446039
0.927355,3,754.656693
2.037314,6,755.026649
0.922228,3,755.257776
0.713554,3,755.507135
3.932308,9,756.207804
0.514767,2,756.348293
0.529621,2,756.487896
0.932114,3,756.659406
1.324934,4,756.905723
0.526474,2,757.022655
0.519238,2,757.159516
1.244223,4,757.380968
2.83911,8,757.832509
2.271411,7,758.264639
0.912098,3,758.463744
0.5423,2,758.594371
0.521332,2,758.70595
0.549182,2,758.81882
1.777664,5,759.133583
0.999266,3,759.317455
0.574227,2,759.452674
0.330875,2,759.566952
1.506028,5,759.886654
0.543315,2,760.021732
0.920978,3,760.201672
0.581296,2,760.337651
2.234502,6,760.753035
1.766501,5,761.289486
2.156231,6,761.768532
0.537797,2,761.931853
2.543027,7,762.456764
0.522682,2,762.577766
0.530321,2,762.735014
0.520795,2,762.917469
0.561246,2,763.107478
-1.730236,8,763.719436
3.646232,10,764.286152
0.516024,2,764.420087
2.336408,7,764.824164
0.874779,3,765.002232
0.544208,2,765.113866
0.526225,2,765.224707
0.528754,2,765.337522
1.311405,4,765.566953
2.90775,8,766.066808
2.007301,6,766.450469
0.914695,3,766.650434
0.523371,2,766.783423
0.5513,2,766.917415
0.978442,3,767.095623
1.315711,4,767.476334
0.468261,2,767.650897
0.534472,2,767.841743
2.040631,6,768.36871
1.642046,5,768.700474
1.344618,4,768.94831
0.519068,2,769.106818
0.325918,2,769.30489
1.24572,4,769.608552
0.514622,2,769.765153
0.559253,2,769.925133
0.691795,3,770.180649
2.371921,7,770.665366
1.751522,5,770.962713
0.965689,3,771.147702
0.523812,2,771.285973
2.897092,8,771.810385
0.551863,2,771.943786
1.578563,5,772.262746
-3.078573,5,772.562389
0.334847,2,772.696049
2.774097,8,773.185595
3.929963,10,773.755909
1.588014,5,774.054427
0.531427,2,774.185276
0.503209,2,774.318309
0.540318,2,774.452774
0.523329,2,774.583971
1.678602,5,774.874865
0.557689,2,774.990029
2.494473,7,775.39001
0.553207,2,775.504766
1.52053,5,775.826674
0.321014,2,775.96375
0.5143,2,776.075536
0.484532,2,776.187539
0.490126,2,776.321432
0.547171,2,776.432855
-2.715478,6,776.761582
0.530145,2,776.901468
0.449196,2,777.0346
4.83829,13,777.978116
0.458605,2,778.174948
0.346445,2,778.38564
0.993391,3,778.644908
2.060405,6,779.270401
1.696103,5,779.701057
0.922151,3,779.907626
0.95449,3,780.09109
2.752909,7,780.559899
0.535475,2,780.701651
-0.463089,12,781.750952
0.369277,2,781.88712
-2.691098,6,782.335215
1.52184,5,782.670177
0.539564,2,782.808322
0.567257,2,782.925242
0.544216,2,783.0603
0.510622,2,783.191722
0.538469,2,783.331475
0.701143,3,783.540738
1.644383,5,783.884643
0.524235,2,784.017991
-3.167207,5,784.295779
1.710304,5,784.613564
0.512892,2,784.728068
0.508323,2,784.842758
-1.060864,10,785.468258
0.988626,3,785.644933
0.531353,2,785.775314
3.970934,11,786.461173
2.82167,8,786.908662
0.910928,3,787.085686
0.32563,2,787.215968
3.861726,10,787.786004
1.240635,4,788.05974
2.73106,8,788.554204
-3.010029,5,788.864611
0.517677,2,788.980708
0.522449,2,789.093999
0.569432,2,789.209472
0.880909,3,789.413383
1.299604,4,789.676788
0.53448,2,789.811551
2.059107,6,790.182283
0.492725,2,790.318098
0.527887,2,790.432642
0.519495,2,790.549118
0.510098,2,790.702626
-1.737057,8,791.462383
-2.573478,6,792.092532
0.527678,2,792.330905
0.528838,2,792.563923
2.002549,6,793.077755
0.519963,2,793.210539
0.568796,2,793.34753
0.553384,2,793.46161
0.876295,3,793.664166
0.53256,2,793.831085
0.504939,2,793.999853
1.6615,5,794.38636
0.897576,3,794.635523
5.375943,13,795.731313
0.33465,2,795.917798
1.73767,5,796.385687
0.344214,2,796.55224
0.949204,3,796.811559
0.336054,2,796.990823
1.20333,4,797.305155
0.34674,2,797.456734
-2.53191,7,797.92284
0.331863,2,798.049278
2.877353,8,798.525219
1.24301,4,798.753054
2.453664,7,799.180624
0.879146,3,799.351938
1.298741,4,799.586811
0.535997,2,799.716737
3.472379,10,800.29262
0.596348,2,800.425375
0.372903,2,800.559151
0.348485,2,800.693157
0.539265,2,800.821973
0.844502,3,801.021622
0.5596,2,801.154412
0.887756,3,801.354196
2.433802,7,801.805587
0.921082,3,801.986691
0.914294,3,802.170038
0.53711,2,802.303737
2.190138,6,802.665187
0.52394,2,802.800945
0.527392,2,802.933781
1.286047,4,803.204497
-3.003372,6,803.569201
2.117875,6,803.911438
0.570491,2,804.026377
0.531214,2,804.132939
1.961251,6,804.516443
1.350749,4,804.769702
1.233603,4,805.030399
0.554361,2,805.156709
2.331,6,805.471035
2.714446,8,805.967501
0.564899,2,806.097608
4.080433,12,806.82693
0.837594,3,807.01102
0.531668,2,807.147573
0.532598,2,807.28335
0.510881,2,807.398108
3.914623,9,807.8605
1.176897,4,808.087826
-1.948936,8,808.564368
3.152618,9,809.110764
-0.896951,11,809.809125
2.388722,7,810.234739
0.547561,2,810.345891
2.334755,7,810.734839
0.508384,2,810.871197
4.114047,11,811.556408
0.573226,2,811.671511
-1.854149,8,812.170449
-3.654814,4,812.382241
0.351761,2,812.498787
2.095479,6,812.881606
0.54797,2,813.013893
0.945232,3,813.167525
-2.847106,6,813.54305
2.155863,6,813.92174
1.311134,4,814.126131
0.89279,3,814.331548
-1.430777,9,814.870695
4.435364,11,815.580297
1.741751,5,815.898648
0.575254,2,816.027732
-2.961335,6,816.383028
1.543425,5,816.678411
0.552645,2,816.808716
2.495664,8,817.292397
0.533501,2,817.402111
0.549928,2,817.538747
0.938717,3,817.702467
2.114711,6,818.074671
-3.107607,5,818.364561
0.528813,2,818.494962
0.923318,3,818.672585
0.73448,3,818.846311
0.557106,2,818.966395
0.336368,2,819.078289
1.121107,4,819.308648
0.551006,2,819.444226
-3.507096,4,819.691186
6.386668,15,820.555656
0.937936,3,820.725919
-3.434667,5,821.01919
1.302468,4,821.286469
0.505591,2,821.422715
2.441577,7,821.856975
0.583067,2,821.967554
0.508314,2,822.075206
1.988953,6,822.443927
0.548198,2,822.579116
0.54543,2,822.713231
1.369464,4,822.980289
0.524265,2,823.120049
0.328509,2,823.254386
4.676168,13,824.004432
0.536924,2,824.115955
0.525987,2,824.253659
4.525511,13,824.967412
0.329155,2,825.077758
-3.070784,5,825.387615
0.561619,2,825.523896
0.547251,2,825.637601
1.26465,4,825.904257
0.558581,2,826.04103
0.348107,2,826.153753
0.511342,2,826.267945
0.569017,2,826.385543
1.629827,5,826.697506
1.298152,4,826.943057
0.914347,3,827.147951
0.516757,2,827.253503
0.973051,3,827.43443
0.517854,2,827.572387
0.564807,2,827.707239
2.817824,8,828.195834
0.521509,2,828.307192
0.526491,2,828.438666
0.508093,2,828.553914
-1.525996,9,829.114412
0.520385,2,829.222535
0.527449,2,829.338829
0.531573,2,829.475171
0.900739,3,829.659362
0.920771,3,829.838864
0.555158,2,829.971657
2.41121,7,830.351121
1.300354,4,830.602615
0.904499,3,830.781297
1.737551,5,831.184724
0.358408,2,831.384753
2.460691,7,831.995895
0.540607,2,832.20816
-3.17693,5,832.684229
2.07774,6,833.201217
0.52843,2,833.321021
0.353413,2,833.438951
1.971211,6,833.856038
0.943592,3,834.088475
-3.288865,5,834.510834
0.341387,2,834.704256
1.242391,4,835.095459
-1.089696,10,835.935369
0.550326,2,836.089411
0.44435,2,836.252365
1.309854,4,836.550489
1.371666,5,836.973444
0.540164,2,837.159933
2.898606,8,839.610628
-1.606527,9,840.108479
1.920993,6,840.450813
0.531667,2,840.565386
3.977702,10,841.196818
0.545564,2,841.309824
2.378248,8,841.801971
2.852651,8,842.284868
0.329717,2,842.403584
-3.073784,6,842.733325
0.972611,3,842.914291
0.881049,3,843.099198
-1.868622,8,843.5883
0.89593,3,843.768747
0.369424,2,843.884235
1.485919,16,844.801544
1.244494,4,845.050833
3.596955,9,845.600847
0.568364,2,845.737397
0.561166,2,845.870023
2.617566,8,846.318087
1.666428,5,846.576468
-0.794542,10,847.161892
0.546175,2,847.29878
2.776198,8,847.773929
0.901131,3,847.932405
2.773279,8,848.402794
2.966079,9,848.913012
5.610205,16,849.85666
0.520644,2,849.993794
-1.799194,8,850.459621
3.040766,8,850.917421
3.144784,9,851.490112
0.903186,3,851.669327
0.331504,2,851.779192
0.935267,3,851.937252
-1.847609,8,852.362634
1.957634,6,852.725606
1.109102,4,852.974164
3.811533,10,853.564448
0.53462,2,853.672191
0.550206,2,853.784029
0.881523,3,853.968769
1.917592,6,854.306146
0.565221,2,854.420553
0.876903,3,854.596748
1.906548,6,854.943011
3.272047,9,855.481263
-1.963236,7,855.880319
0.901677,3,856.040477
4.719049,13,856.817857
3.253736,8,857.275113
0.5246,2,857.410938
0.539109,2,857.52388
2.796882,8,857.952471
0.547698,2,858.079713
0.71056,3,858.276946
2.133953,6,858.637396
1.398817,4,858.886497
0.88792,3,859.053657
1.550096,5,859.335804
-3.232031,5,859.642347
0.521575,2,859.758985
0.570098,2,859.87457
0.512638,2,860.01338
0.854826,3,860.194305
2.267519,7,860.624756
1.771798,5,860.877323
4.292462,12,861.55779
0.508198,2,861.670192
-0.169323,13,862.424501
0.537671,2,862.533434
-3.021634,5,862.82989
2.832772,8,863.302108
0.517422,2,863.430362
3.143984,10,863.932247
0.503565,2,864.056855
-1.476225,9,864.549121
0.540689,2,864.662419
0.456164,2,864.796839
0.520828,2,864.933977
0.44792,2,865.066146
2.293421,6,865.387652
0.563865,2,865.50047
0.537931,2,865.635066
0.924767,3,865.819101
2.037503,7,866.203928
6.434478,17,867.203285
1.64528,5,867.503875
0.534901,2,867.639599
4.009318,10,868.205292
0.53632,2,868.326147
0.577695,2,868.463032
0.561046,2,868.598756
0.525613,2,868.728637
-2.924145,6,869.095455
1.351832,4,869.369277
5.579789,15,870.239889
0.554247,2,870.352772
5.089661,13,871.145905
0.329556,2,871.28241
3.810056,10,871.876412
0.961823,3,872.05736
5.511989,15,872.936829
2.639733,7,873.357748
1.314915,4,873.613741
0.522131,2,873.742445
2.722861,8,874.186233
1.365886,4,874.407797
0.336198,2,874.520895
0.53124,2,874.638322
0.475715,2,874.77168
3.069141,9,875.276333
0.552755,2,875.382211
-2.132381,7,875.735021
0.551539,2,875.843889
-3.037067,5,876.133439
1.29797,4,876.359023
1.366156,4,876.595989
0.517399,2,876.713428
0.53869,2,876.885498
4.970337,13,878.06363
0.507008,2,878.279474
0.933172,3,878.583311
-0.235648,11,879.282962
3.760194,10,880.208894
0.528245,2,880.373501
1.741403,5,880.783777
0.571067,2,880.932691
2.110836,6,881.425059
2.328891,7,881.968266
1.254802,4,882.219814
3.364201,9,882.741965
1.639156,5,883.060246
0.343181,2,883.173524
2.683079,9,883.637846
0.561039,2,883.766822
1.629313,5,884.050379
2.983452,9,884.590364
1.618328,5,884.903957
0.527537,2,885.049009
1.61575,5,885.38265
2.425843,7,885.848614
0.958673,3,886.028052
5.632431,15,886.948204
0.509771,2,887.086087
0.958961,3,887.265189
0.540636,2,887.395015
0.460918,2,887.526474
1.299993,4,887.756187
1.342851,4,887.988856
0.543084,2,888.119697
0.531832,2,888.262108
-2.014737,8,888.699237
-3.019664,5,888.993166
0.507214,2,889.126326
0.509029,2,889.265659
2.036874,6,889.603682
0.931823,3,889.758468
-2.622241,7,890.170629
1.703523,5,890.445932
0.534079,2,890.575752
3.21968,9,891.070359
-1.670007,8,891.546425
3.865025,10,892.160058
0.961769,3,892.334753
1.21342,4,892.581015
1.831737,5,892.861025
0.527475,2,892.981371
0.447038,2,893.097158
1.603911,5,893.378045
-2.368052,8,893.836448
0.551314,2,893.966735
-0.545202,11,894.639328
1.217882,4,894.867604
-3.634413,4,895.136535
0.938849,3,895.390035
4.192706,12,896.431812
2.84049,8,897.09314
-3.193136,5,897.502263
0.907534,3,897.676172
0.523197,2,897.813412
0.556745,2,897.929358
0.481998,2,898.143837
0.928488,3,898.385503
3.35768,9,899.117501
0.344186,2,899.304249
1.758771,5,899.731757
0.853767,3,899.964904
0.519502,2,900.132449
1.197427,4,900.43163
1.68222,5,900.799855
2.526857,7,901.358861
-2.260008,7,901.866777
4.093388,11,902.775922
7.759778,19,903.93789
2.928607,8,904.393844
0.878782,3,904.555165
1.713953,5,904.817356
1.441018,4,905.040321
0.510859,2,905.173761
-1.176967,9,905.685036
2.738026,8,906.141365
0.5004,2,906.254878
2.038552,6,906.599831
0.482851,2,906.733514
-2.666077,6,907.082313
3.60151,10,907.694401
0.53737,2,907.828601
-0.605873,11,908.465633
-3.216717,5,908.799003
0.528228,2,908.925548
2.322874,7,909.342429
0.534918,2,909.478047
0.559306,2,909.615534
0.544098,2,909.753471
-3.08405,5,910.044571
1.318852,4,910.316841
2.89771,8,910.798209
1.587251,5,911.136566
2.068922,6,911.472869
-3.188068,5,911.794622
2.609996,7,912.24678
3.575149,10,912.795248
2.292865,7,913.205574
-2.168307,7,913.594759
0.587084,2,913.710362
1.541721,5,913.986055
6.171031,16,914.880014
0.547545,2,914.989914
0.894943,3,915.149686
0.547368,2,915.284214
-0.971251,10,915.836831
2.899934,8,916.356985
4.397705,12,917.024834
0.538425,2,917.156169
-1.81129,8,917.661402
0.894563,3,917.863649
-3.467159,4,918.097444
0.387284,12,918.818324
0.536638,2,918.931288
3.220699,9,919.518215
0.882702,3,919.696733
2.918853,8,920.118371
0.569917,2,920.224999
2.637832,7,920.612036
0.880231,3,920.789881
0.762772,3,920.993557
0.525736,2,921.108424
0.530158,2,921.221252
0.525448,2,921.356498
3.803905,10,921.937853
0.521004,2,922.073018
0.514977,2,922.207808
2.290516,7,922.644748
0.884255,3,922.818546
3.670145,11,923.507257
0.56998,2,923.638602
2.084724,6,923.959893
2.91555,9,924.510507
2.46349,7,924.939239
1.549642,5,925.248323
1.314845,4,925.490703
0.347413,2,925.602544
2.04111,6,925.956927
2.230526,6,926.293459
0.566871,2,926.405983
0.52507,2,926.520612
0.538372,2,926.635868
3.562963,9,927.172284
0.511052,2,927.302303
2.090545,6,927.627161
0.352327,12,928.325056
0.539159,2,928.436051
0.526464,2,928.550999
1.938097,6,928.936201
1.271332,4,929.204054
1.568425,5,929.494397
-2.327376,7,929.90413
1.235671,4,930.127206
4.338436,11,930.717461
-2.830711,6,931.062204
0.546844,2,931.192625
-3.201177,5,931.489236
0.530937,2,931.59777
0.935772,3,931.77766
2.88542,9,932.303178
1.541936,5,932.620409
2.12849,6,932.953102
1.341993,4,933.194032
0.529465,2,933.327531
2.166024,6,933.668852
0.542735,2,933.782449
3.515451,10,934.357879
0.465161,2,934.488552
0.531079,2,934.602508
0.531332,2,934.738814
1.674617,5,935.193159
1.583407,5,935.64348
0.911301,3,935.900245
0.924861,3,936.229396
0.943781,3,936.51609
1.728452,5,936.99329
0.887894,3,937.205359
-3.386525,4,937.439089
1.373773,5,937.830295
0.496337,2,938.012737
2.213109,6,938.53494
2.499165,7,939.113271
0.338117,2,939.306887
0.514809,2,939.484898
0.563123,2,939.652788
0.501008,2,939.822691
0.525697,2,940.000962
0.550349,2,940.19515
0.5393,2,940.320543
1.841629,6,940.677237
3.737065,10,941.320251
0.87502,3,941.50433
2.011818,6,941.845577
1.930011,6,942.187573
0.506334,2,942.321921
1.259105,4,942.531859
-3.118165,5,942.850885
4.18679,10,943.44549
2.013302,6,943.770585
1.706163,5,944.074687
0.891792,3,944.258499
0.856165,3,944.471031
3.43775,9,944.978536
-3.400468,5,945.252939
1.981412,6,945.620163
1.798021,5,945.91412
0.537712,2,946.051633
0.535732,2,946.167992
-3.485768,4,946.415745
2.311945,7,946.832607
-2.574582,7,947.246207
0.517816,2,947.356878
1.581197,5,947.648744
0.526175,2,947.780125
0.554108,2,947.912717
0.53716,2,948.049385
2.821069,8,948.556942
0.539858,2,948.669333
2.010913,6,949.060969
4.494928,13,949.799229
-3.017144,5,950.09643
1.23022,4,950.323159
0.567273,2,950.437511
0.546725,2,950.553747
0.950423,3,950.749694
0.515981,2,950.882675
1.613827,5,951.170048
3.877134,10,951.881052
0.529832,2,952.067338
1.144103,4,952.458924
1.784754,5,952.882659
0.515015,2,953.134628
0.355334,2,953.344894
1.647758,5,953.678607
-1.376118,9,954.347103
2.94206,8,955.027629
0.342856,2,955.19544
3.732945,10,956.06017
0.512993,2,956.257268
-0.609372,10,957.07295
-0.854238,11,957.931407
1.488272,5,958.299685
0.51395,2,958.43755
0.732638,3,958.626807
2.158698,6,958.95396
0.563146,2,959.083983
1.330163,4,959.32654
2.550735,7,959.745291
0.976232,3,959.92568
0.851262,3,960.07584
2.282525,7,960.474239
5.527914,16,961.373509
0.895905,3,961.549422
1.818144,5,961.854563
1.356695,4,962.078503
0.516398,2,962.212221
0.9486,3,962.404347
2.002253,6,962.739614
4.041941,12,963.519121
0.891166,3,963.675221
1.59121,5,963.971138
0.932058,3,964.147228
1.266218,4,964.376653
0.509944,2,964.490138
0.521426,2,964.597901
2.598375,8,965.016349
0.57675,2,965.125297
5.175309,14,965.888468
2.129611,7,966.284578
0.502128,2,966.395175
3.824467,10,967.007026
0.52582,2,967.13274
1.624914,5,967.434639
0.502731,2,967.548452
1.922485,6,969.580675
0.53123,2,969.716727
4.296351,11,970.384441
0.514411,2,970.49793
1.36522,4,970.713635
0.527692,2,970.832252
2.36776,7,971.239488
0.510882,2,971.351259
1.810601,6,971.689952
1.928637,6,972.009966
2.579713,7,972.399152
2.502623,7,972.787398
-1.764014,8,973.243509
0.546561,2,973.358426
0.531849,2,973.474855
3.700957,10,974.041818
1.636082,5,974.319618
0.521845,2,974.457211
-2.282832,7,974.884613
3.145164,9,975.415588
2.417606,7,975.81644
1.670127,5,976.111434
3.171752,9,976.617127
3.079864,9,977.096792
3.650623,11,977.737745
1.678842,5,978.036417
1.341376,4,978.264611
3.937093,10,978.832106
0.541106,2,978.947442
2.549994,7,979.344915
0.943664,3,979.522258
1.338168,4,979.751311
0.516367,2,979.867479
-2.285146,7,980.279227
3.483359,9,980.782012
0.562648,2,980.895044
1.615589,5,981.17453
0.507866,2,981.310499
3.030851,8,982.019356
-0.261132,12,983.057044
3.154651,9,983.737187
2.305382,7,984.176012
-2.593107,7,984.78213
0.568704,2,984.995581
0.50332,2,985.150225
3.429518,21,986.642868
1.272107,4,986.868421
0.594162,2,987.01975
1.233952,4,987.293025
-2.313995,7,987.668091
0.934462,3,987.878626
3.050369,8,988.382638
7.135792,18,989.452327
2.028809,6,989.799273
0.913638,3,989.973829
-0.235478,12,990.696561
0.864976,3,990.879426
2.368059,7,991.279175
-1.818089,8,991.755977
1.506662,5,992.123955
0.927508,3,992.424133
-0.91758,10,993.269042
2.584463,7,993.741036
4.217888,12,994.730923
1.672317,5,995.144006
0.937901,3,995.39277
2.063415,6,995.869872
2.356897,7,996.373772
-3.164745,5,996.79999
1.997819,6,997.273093
3.053622,8,997.886957
3.349169,9,998.674684
1.697922,5,999.06311
2.682945,8,999.87299
0.937977,3,1000.093151
2.06782,6,1000.632435
0.890677,3,1000.907634
0.475189,2,1001.042159
-1.422349,9,1001.567685
0.501645,2,1001.683754
0.559471,2,1001.801353
0.548812,2,1001.938552
-0.904821,11,1002.598173
2.021293,6,1002.950516
0.515462,2,1003.083182
11.07227,27,1004.645092
1.485764,5,1004.964441
0.514809,2,1005.100903
-2.970085,5,1005.393789
0.547443,2,1005.5249
0.328643,2,1005.635378
5.581639,15,1006.51727
-2.349732,7,1006.904405
2.13392,6,1007.233123
-3.001039,5,1007.540861
2.136843,6,1007.870577
1.280267,4,1008.076952
0.916017,3,1008.261497
1.778028,5,1008.534311
1.294646,4,1008.761566
5.71662,15,1009.596939
2.941564,8,1010.082309
1.340293,4,1010.309794
4.270756,12,1010.959158
3.843249,10,1011.533081
4.933583,14,1012.318547
2.665523,8,1012.760787
0.527027,2,1012.891157
0.576904,2,1013.024643
2.720756,8,1013.483663
0.52744,2,1013.59441
0.565953,2,1013.728729
5.024171,14,1014.456535
0.495595,2,1014.570936
2.489593,7,1014.945458
2.464308,8,1015.430987
-1.936564,8,1015.844691
-0.569147,12,1016.541894
1.270347,4,1016.768666
0.526772,2,1016.907642
-1.124854,9,1017.447374
5.067883,14,1018.261287
1.711694,5,1018.54483
1.92589,6,1018.872606
3.46917,10,1019.421537
-3.526302,4,1019.660201
4.378412,12,1020.294851
0.560464,2,1020.430056
3.772043,11,1021.006719
0.544738,2,1021.137964
0.917027,3,1021.320037
0.497673,2,1021.454297
0.482531,2,1021.561928
2.087091,6,1021.888234
2.11141,6,1022.223432
2.098711,6,1022.587872
0.514205,2,1022.699538
5.884135,17,1023.685084
4.91892,14,1024.478472
-2.006065,8,1024.960035
-0.679762,10,1025.537407
3.438437,10,1026.136594
4.252908,11,1026.762149
0.885866,3,1026.945804
0.524355,2,1027.060819
0.546065,2,1027.196491
6.246472,18,1028.167429
2.681471,7,1028.561065
-2.681757,6,1028.905203
0.902227,3,1029.06889
7.271293,20,1030.332165
1.922446,6,1030.696716
-3.132405,5,1030.973244
2.933668,8,1031.418269
0.510511,2,1031.534017
0.507225,2,1031.656691
0.897446,3,1031.868885
3.498164,10,1032.428606
-2.561229,6,1032.814437
0.916851,3,1032.993616
5.826457,16,1033.925084
2.542842,7,1034.34133
6.965595,17,1035.293053
-2.630459,6,1035.645354
0.563267,2,1035.785537
-3.152471,5,1036.081451
2.20606,6,1036.639804
2.469661,7,1037.265307
2.699933,7,1037.881929
3.774545,10,1038.66115
-2.781113,6,1039.009303
2.563176,7,1039.56956
0.336376,2,1039.722203
0.525945,2,1039.928396
2.769978,8,1040.573454
0.505979,2,1040.740979
3.683379,10,1041.615884
1.711306,5,1041.993151
0.541971,2,1042.174334
0.534971,2,1042.336591
2.087532,6,1042.801796
1.211226,4,1043.030542
1.332138,4,1043.272687
0.525611,2,1043.391014
2.914887,8,1043.878554
-1.781454,9,1044.39029
0.934983,3,1044.572898
0.531749,2,1044.709141
3.718701,10,1045.266997
0.489847,2,1045.38242
2.842277,7,1045.746906
3.817349,10,1046.314627
0.556089,2,1046.429734
0.533997,2,1046.546627
-2.579179,6,1046.895551
3.160303,8,1047.314934
0.54427,2,1047.428505
3.148274,9,1047.949737
1.271315,4,1048.17716
1.651066,5,1048.437926
0.53556,2,1048.552671
2.950654,8,1049.032634
0.52954,2,1049.143735
-2.83391,6,1049.534141
0.585521,2,1049.648446
-2.624841,6,1049.979615
4.014031,11,1050.663199
1.644468,5,1050.983887
-0.724449,11,1051.585248
1.937453,6,1051.955851
1.593983,5,1052.269377
1.664907,5,1052.564765
0.543717,2,1052.703604
2.431014,7,1053.118089
0.89151,3,1053.317466
4.734861,13,1054.045357
1.605098,5,1054.344145
-1.235257,10,1054.902344
0.891884,3,1055.102359
0.518043,2,1055.216157
0.866264,3,1055.377626
2.649021,7,1055.940201
0.945821,3,1056.100361
1.693368,6,1056.428753
2.562127,17,1057.414227
2.612777,7,1057.828183
0.532431,2,1057.94003
3.234089,9,1058.394867
3.406641,10,1059.004696
0.538417,2,1059.138672
3.603882,10,1059.689018
2.011955,6,1060.020779
0.556415,2,1060.132563
3.699779,11,1060.747997
2.118293,6,1061.09254
1.336803,4,1061.319877
0.888435,3,1061.503926
-3.13083,5,1061.805444
8.147753,20,1062.93452
-3.490354,4,1063.145669
7.940277,21,1064.282138
1.584571,5,1064.549756
0.351667,2,1064.65817
0.953367,3,1064.81038
2.850949,8,1065.267539
0.893049,3,1065.450264
1.282343,4,1065.681991
0.505614,2,1065.814372
1.689573,5,1066.110603
6.868436,18,1067.087042
0.510902,2,1067.200164
2.650994,7,1067.607748
3.604631,10,1068.267296
-2.695224,6,1068.874144
0.916692,3,1069.190935
1.244208,4,1069.531289
3.913689,11,1070.671573
4.089093,11,1071.399935
-3.11528,5,1071.789288
-2.911599,6,1072.291221
3.791766,10,1073.173357
4.052954,11,1074.029729
0.514553,2,1074.177446
1.289375,4,1074.412437
2.788547,8,1074.853722
-3.484737,4,1075.247422
-3.374639,4,1075.449707
3.611384,9,1075.899279
3.05969,9,1076.434587
-1.011208,11,1077.081797
3.769801,10,1077.649764
2.991698,8,1078.119393
1.736822,5,1078.393967
0.352713,2,1078.525439
-3.250341,5,1078.833978
-2.589333,6,1079.16872
0.517201,2,1079.282467
0.549189,2,1079.392147
3.593662,10,1079.945801
0.550204,2,1080.054298
-1.545046,9,1080.696392
0.970487,3,1080.873321
0.91134,3,1081.062754
0.927076,3,1081.211396
0.364314,2,1081.344896
0.907066,3,1081.550258
4.521725,12,1082.189222
0.530101,2,1082.304892
0.944973,3,1082.489176
0.517651,2,1082.604842
2.075314,6,1082.92123
0.546417,2,1083.0321
6.868017,19,1084.056486
2.928913,7,1084.455748
1.320474,4,1084.677058
3.265832,8,1085.104961
4.728035,13,1085.850323
0.536133,2,1085.959979
2.230587,6,1086.293594
0.555516,2,1086.404128
0.528433,2,1086.51927
0.504565,2,1086.634854
0.558483,2,1086.747221
3.504331,9,1087.290989
4.245185,12,1087.939693
1.294339,4,1088.158095
0.538604,2,1088.286271
0.547286,2,1088.393907
-2.822567,6,1088.708882
3.830433,10,1089.270259
1.594393,5,1089.536083
6.121086,17,1090.517107
1.314012,4,1090.728913
2.179928,6,1091.198403
3.171134,9,1092.112168
0.543498,2,1092.282165
0.916539,3,1092.557015
0.534688,2,1092.693277
1.272229,4,1092.936776
3.022904,10,1093.717121
3.365114,9,1094.465936
2.858107,8,1095.130709
1.62779,5,1095.481009
5.010456,14,1096.597828
1.930171,6,1097.114034
3.713143,10,1097.77193
5.972553,15,1100.317332
3.62029,10,1100.829106
0.561698,2,1100.940217
0.567764,2,1101.071471
3.456605,19,1102.107601
0.566669,2,1102.219885
5.642933,15,1103.041142
0.508037,2,1103.15291
0.534106,2,1103.285852
-2.281429,7,1103.667553
2.510416,7,1104.086518
2.712116,8,1104.530682
2.412632,7,1104.887575
1.243668,4,1105.116183
3.271945,8,1105.569319
6.737535,18,1106.568941
2.379582,7,1106.966622
2.035881,6,1107.282657
0.55848,2,1107.395264
3.595468,9,1107.914189
0.405555,15,1108.730819
0.508282,2,1108.85823
0.543083,2,1108.987354
0.330455,2,1109.121599
2.092526,6,1109.492153
0.535972,2,1109.624221
-3.39128,5,1109.933065
4.448187,11,1110.524357
4.049289,12,1111.577643
0.955938,3,1111.867822
2.215604,6,1112.363627
2.264216,7,1112.925336
0.884295,3,1113.135471
4.112893,11,1113.892958
0.558442,2,1114.052987
2.148582,6,1114.550575
-3.167641,5,1114.990582
0.521587,2,1115.188369
2.366295,7,1115.742661
2.962085,8,1116.32461
3.613793,10,1116.9647
0.898837,3,1117.116576
1.296555,4,1117.335582
-3.161116,5,1117.646429
-2.533002,6,1117.981174
1.583757,5,1118.31057
-3.142672,5,1118.587246
4.214535,11,1119.23895
3.160773,9,1119.712156
2.388465,7,1120.110899
2.476781,7,1120.482506
5.352373,13,1121.19217
2.861908,8,1121.672806
2.091406,6,1121.984967
1.735632,5,1122.267452
0.929923,3,1122.425436
0.568968,2,1122.558213
0.908941,3,1122.757367
0.940923,3,1122.923088
0.912259,3,1123.107513
3.725175,10,1123.685007
5.620375,16,1124.640006
3.111994,8,1125.323839
4.178176,11,1126.34401
0.525685,2,1126.518602
2.270444,7,1126.923879
0.562064,2,1127.070565
1.952705,6,1127.556412
2.113674,6,1128.040005
-2.012995,7,1128.584547
0.528507,2,1128.767758
1.811511,5,1129.136417
3.009822,8,1129.626786
0.542708,2,1129.736162
0.529126,2,1129.865759
0.53604,2,1129.975585
3.127524,9,1130.506525
6.664542,18,1131.525347
1.299315,4,1131.776294
1.383015,4,1132.03054
0.945294,3,1132.222889
1.651233,5,1132.490233
0.551849,2,1132.601971
3.444363,10,1133.156977
0.534338,2,1133.269671
1.509406,5,1133.567659
0.511766,2,1133.683463
2.262125,7,1134.084859
0.952675,3,1134.260876
2.119633,6,1134.598166
3.01926,8,1135.02877
0.539758,2,1135.140673
1.672883,5,1135.420137
-1.842978,8,1135.859993
5.734209,16,1136.750631
6.351076,17,1137.69892
5.016007,13,1138.368114
0.51281,2,1138.47449
1.287489,4,1138.712998
-1.98808,8,1139.134123
0.516349,2,1139.245005
6.667373,17,1140.698406
1.256506,4,1141.023943
-1.717155,8,1141.639196
3.762284,11,1142.444604
3.636302,10,1143.244229
6.679595,17,1144.64539
1.771763,5,1145.045805
2.429925,7,1145.655474
6.333487,17,1146.958872
1.756747,5,1147.358438
0.910176,3,1147.570487
2.107467,6,1148.019127
3.530795,10,1148.544338
-2.32359,7,1148.901867
-1.548393,9,1149.410289
0.718311,15,1150.211907
1.607846,5,1150.484225
5.397968,15,1151.32061
0.519477,2,1151.432233
4.239468,11,1152.050704
-2.276782,7,1152.457514
1.248993,4,1152.682578
3.442867,10,1153.215766
0.332153,2,1153.332534
0.53007,2,1153.445966
-0.682334,11,1154.053797
0.335213,2,1154.168941
0.989119,3,1154.322453
0.966445,3,1154.522756
3.301171,9,1155.016931
0.520903,2,1155.143274
3.360342,22,1156.375977
3.092708,9,1156.887596
1.610314,5,1157.1955
1.329148,4,1157.433101
7.243276,18,1158.435744
4.189652,11,1159.036311
0.490586,2,1159.16327
-1.984206,8,1159.643194
1.278449,4,1159.86792
0.553876,2,1159.997975
1.718641,5,1160.248309
1.983143,6,1160.573556
3.907494,11,1161.235215
3.099539,9,1161.763474
8.943236,23,1163.006973
2.972024,9,1163.529351
1.076877,4,1163.727596
1.736021,5,1164.021528
3.818898,11,1164.634613
5.830394,16,1165.51173
0.517441,2,1165.646623
0.5391,2,1165.757645
1.401935,17,1166.70886
6.635498,18,1167.689328
1.290607,4,1167.910165
-3.064749,5,1168.187156
2.687277,7,1168.6143
3.295126,10,1169.135273
-2.031809,8,1169.553656
1.783158,5,1169.822505
0.555938,2,1169.936472
1.994368,6,1170.348253
0.490338,2,1170.520277
1.709909,5,1170.949234
0.881881,3,1171.230626
0.52752,2,1171.460054
0.558165,2,1171.6834
2.312655,6,1172.193991
0.88084,3,1172.522056
-2.480372,7,1172.905721
1.827496,6,1173.434128
4.202057,12,1174.356085
0.525653,2,1174.573438
0.509564,2,1174.744416
-2.236482,7,1175.28029
1.677897,5,1175.728106
4.586464,12,1176.666717
0.935783,3,1176.931642
0.524662,2,1177.093906
4.028383,11,1177.995646
0.532702,2,1178.114076
0.57184,2,1178.229942
3.387483,9,1178.75013
2.90824,8,1179.231763
0.519029,2,1179.344279
1.27774,4,1179.561256
0.546295,2,1179.671896
1.668066,5,1179.960379
0.549915,2,1180.069979
3.340839,9,1180.585808
1.712571,5,1180.880394
1.232942,4,1181.107765
1.874874,6,1181.441873
1.330403,4,1181.644776
0.548827,2,1181.758673
3.748135,10,1182.313919
-3.513228,4,1182.539178
2.920509,8,1182.962994
1.249912,4,1183.17036
3.384847,10,1183.701369
0.530106,2,1183.833514
4.768686,13,1184.539581
-3.080418,5,1184.819311
-0.835577,11,1185.478593
-3.421957,4,1185.722005
0.50211,2,1185.836135
2.946219,8,1186.260118
-1.823481,9,1186.771548
5.36359,14,1187.538502
2.970946,9,1188.044386
2.877922,8,1188.519046
0.319182,2,1188.653264
0.550572,2,1188.787814
2.441196,7,1189.186211
5.169175,13,1189.860968
2.990087,8,1190.309376
2.398554,7,1190.698771
0.902606,3,1190.858604
5.594617,14,1191.640146
4.342923,12,1192.320403
0.910726,3,1192.480365
1.915268,6,1192.793224
1.377684,5,1193.068341
6.835176,18,1194.034025
0.922175,3,1194.21488
0.55475,2,1194.34812
1.798981,5,1194.636599
2.38641,7,1195.009016
-2.934374,6,1195.365993
2.910744,8,1195.809825
3.591896,10,1196.357926
3.207776,9,1196.887384
8.666224,22,1198.136832
1.642793,5,1198.412124
-1.871052,7,1198.808605
3.922126,11,1199.397212
2.528411,7,1199.757613
0.506402,2,1199.86921
0.542218,2,1199.99953
0.544322,2,1200.115011
2.711974,7,1200.497571
-2.526204,6,1200.865217
2.496805,7,1201.247834
4.701288,12,1201.9403
0.876391,3,1202.093257
0.952559,3,1202.27464
0.543676,2,1202.380191
3.413044,10,1202.948334
-2.1137,7,1203.357598
1.277653,4,1203.601061
2.794462,8,1204.034728
0.347777,2,1204.160255
-3.005382,5,1204.426195
2.562026,7,1204.823412
5.687372,16,1205.710627
4.89443,12,1206.391422
1.751626,5,1206.650663
-1.593925,9,1207.1638
2.70203,22,1208.945729
3.653665,10,1209.817638
0.547802,2,1209.99859
0.93372,3,1210.224535
1.276292,4,1210.476659
2.400031,6,1210.875408
3.390172,9,1211.581926
2.580437,7,1212.16905
3.594204,10,1212.930682
0.513705,2,1213.128898
3.971605,11,1214.063192
2.426805,7,1214.670481
1.59563,5,1215.093919
1.788831,6,1215.6433
1.991489,6,1216.100441
8.76061,23,1217.671632
1.642392,5,1217.934667
2.793984,8,1218.37719
0.917967,3,1218.552404
0.960769,3,1218.726778
1.139152,14,1219.613433
1.632716,5,1219.933795
3.203929,8,1220.382906
0.556411,2,1220.495834
0.551575,2,1220.614013
2.539513,7,1221.018062
0.543604,2,1221.131175
5.121903,14,1221.923215
3.750832,10,1222.463058
0.460091,2,1222.593779
4.887003,13,1223.367931
2.984435,9,1223.84353
0.504578,2,1223.975992
5.307212,15,1224.780011
5.014488,13,1225.442546
1.529172,5,1225.745134
1.324394,4,1225.97291
0.966979,3,1227.836043
0.563224,2,1227.949704
0.506968,2,1228.058341
0.531611,2,1228.187632
4.044969,10,1228.764325
1.685217,5,1229.061756
1.566028,5,1229.31485
0.547477,2,1229.442561
2.868929,8,1229.875038
-3.032826,5,1230.146589
4.943701,13,1230.855929
2.570597,7,1231.191667
-2.546826,7,1231.584733
1.686357,5,1231.844943
2.354199,7,1232.247668
3.14335,9,1232.728811
7.850595,22,1233.917796
2.020266,6,1234.3158
-0.52202,12,1234.958437
2.504482,7,1235.340773
2.070042,6,1235.640455
2.621314,7,1236.04363
1.685105,5,1236.314624
1.715291,5,1236.631134
-1.745518,8,1237.057914
0.507088,2,1237.187616
1.990813,6,1237.48384
-2.725398,6,1237.803756
4.604208,12,1238.502641
0.974398,3,1238.68378
1.324386,4,1238.888641
3.160334,9,1239.347862
1.981913,6,1239.700659
0.523442,2,1239.807386
-1.675518,9,1240.257837
14.332796,43,1242.633716
0.972894,3,1242.813227
-0.02157,15,1243.650717
3.093914,8,1244.125675
1.710254,6,1244.450738
0.492185,2,1244.582932
-0.574558,12,1245.226925
2.731352,8,1245.664824
8.027842,23,1246.876496
-1.790308,8,1247.302282
1.629386,5,1247.570137
-1.250178,10,1248.124048
4.333791,11,1248.767124
0.522634,2,1248.876822
2.259101,7,1249.255488
1.992116,6,1249.555426
-2.942685,6,1249.876921
-2.615965,7,1250.283833
2.607074,8,1250.744663
4.470909,12,1251.372486
1.740525,5,1251.668828
0.517017,2,1251.779887
0.90287,3,1251.979607
0.549007,2,1252.109243
6.68068,19,1253.145833
0.936785,3,1253.307287
0.545551,2,1253.423324
7.109753,19,1254.440367
1.345963,4,1254.672737
2.705944,8,1255.096174
1.950114,6,1255.437658
0.968626,3,1255.611789
8.376004,21,1256.908143
2.817459,8,1257.578917
0.530461,2,1257.750755
1.171795,16,1258.898225
0.513508,2,1259.004457
-1.239943,10,1259.762117
0.506015,2,1259.936646
2.127801,6,1260.403374
-3.511457,4,1260.739145
0.528761,2,1260.893191
-2.730313,6,1261.394706
3.453385,10,1262.201799
0.549836,2,1262.37421
3.452651,10,1263.1788
2.252962,19,1264.238909
-2.337709,7,1264.582041
2.714965,8,1265.008332
3.509608,10,1265.600912
0.546761,2,1265.731807
2.954733,8,1266.163613
1.998917,6,1266.503801
4.222024,11,1267.109818
7.839968,21,1268.239011
5.969016,15,1269.063431
5.231062,15,1269.867761
0.557958,2,1270.002179
0.51822,2,1270.111799
-0.513978,11,1270.736763
0.926745,3,1270.890268
6.57196,18,1271.851725
0.555526,2,1271.984698
0.551519,2,1272.09698
2.031767,6,1272.42413
0.506623,2,1272.556148
0.940821,3,1272.715116
6.175362,17,1273.639776
-0.415226,12,1274.309012
3.258657,9,1274.812285
3.556231,9,1275.306666
4.343108,11,1275.882302
0.544589,2,1275.991105
9.230535,24,1277.29723
3.478012,10,1277.829499
1.31742,4,1278.061143
3.909487,11,1278.729982
0.329227,2,1278.838989
0.934293,3,1279.016166
0.560801,2,1279.129164
8.525489,23,1280.294147
2.391479,7,1280.692946
0.542816,2,1280.805963
0.521969,2,1280.936884
0.565413,2,1281.047896
-1.868425,8,1281.463265
1.684115,5,1281.75224
2.186434,6,1282.070991
3.462439,10,1282.62651
3.951594,11,1283.581373
-0.770904,11,1284.418564
2.377339,7,1285.031564
1.331888,4,1285.227355
1.222731,4,1285.479823
1.341551,4,1285.857937
0.496655,2,1285.986809
0.934527,3,1286.221718
2.616916,7,1286.779362
3.654691,10,1287.541611
-3.062565,5,1287.91057
3.282487,9,1288.631986
1.315216,17,1289.735745
4.387628,12,1290.392113
3.665218,10,1290.962149
6.773956,19,1291.959049
2.346977,7,1292.33261
2.478524,7,1292.724938
2.153631,6,1293.067726
-0.463293,12,1293.706968
1.57142,5,1293.967733
7.372541,19,1295.034267
-1.025709,10,1295.59626
10.005274,27,1297.099088
1.605678,5,1297.382975
0.913055,3,1297.555897
0.516955,2,1297.668716
0.544471,2,1297.782307
7.182545,18,1298.752205
2.782708,8,1299.205287
0.544949,2,1299.340021
0.954061,3,1299.521285
6.107465,16,1300.407931
3.126048,8,1300.853786
3.034242,9,1301.320263
0.961815,3,1301.483512
-3.491638,4,1301.736022
0.526182,2,1301.872768
1.705674,5,1302.144556
6.773145,17,1303.059311
1.328709,4,1303.307976
-2.614175,6,1303.63358
3.2798,10,1304.154883
6.0801,17,1305.061006
1.334052,4,1305.261168
4.220649,11,1305.834633
4.960639,14,1306.566787
3.755284,10,1307.105249
1.588908,5,1307.367603
0.54974,2,1307.477791
-2.58142,6,1307.801462
8.515689,22,1309.049514
2.049846,6,1309.394572
3.610313,10,1309.960559
2.714134,8,1310.392288
2.456753,7,1310.799096
2.479458,8,1311.218264
2.69017,8,1311.656468
3.570263,10,1312.185075
4.660351,14,1312.930429
2.215311,7,1313.32418
2.635962,8,1313.776757
3.254801,9,1314.318934
0.530386,2,1314.431808
-2.786023,6,1314.775999
3.399872,10,1315.288576
5.106444,15,1316.082586
1.656085,5,1316.385663
3.91127,11,1316.981921
6.738733,19,1318.012863
2.249075,6,1318.331537
1.245283,4,1318.57198
2.813606,8,1318.988029
6.954175,19,1320.062593
2.086555,6,1320.44116
3.613584,10,1320.991765
4.709348,12,1321.718185
0.505035,2,1321.87852
1.237028,4,1322.171976
1.76979,5,1322.56775
-2.990978,5,1323.000844
3.015961,8,1323.764458
2.40584,7,1324.185006
2.162462,6,1324.588563
4.218967,12,1325.547707
0.567592,2,1325.707238
0.905413,3,1326.007222
6.893834,18,1327.341238
8.386397,24,1329.191772
0.905325,3,1329.421606
4.146741,11,1330.291176
2.451364,7,1330.864698
0.880411,3,1331.085409
3.813605,10,1331.831487
0.522893,2,1331.982429
0.509114,2,1332.102205
0.541075,2,1332.221017
2.627395,8,1332.694818
0.901643,3,1332.872966
0.549627,2,1332.986101
1.707716,5,1333.284253
3.675371,10,1333.848444
0.553247,2,1333.962728
2.428089,7,1334.324999
5.695472,16,1335.21528
1.677852,5,1335.495996
2.655394,8,1335.931484
-3.014841,5,1336.186472
1.538738,5,1336.454468
3.816275,11,1337.093819
6.46282,17,1338.0208
2.150861,6,1338.352162
2.22728,7,1338.749244
3.390308,9,1339.284115
4.243741,12,1339.967444
0.865523,3,1340.140806
0.934779,3,1340.321675
1.309018,4,1340.546657
2.384378,7,1340.919864
5.037241,13,1341.650937
-2.904592,5,1341.948112
6.510682,17,1342.843499
1.62737,5,1343.14094
4.228902,11,1343.749858
1.601269,5,1344.038709
2.485894,7,1344.406032
-2.929553,6,1344.762484
3.067096,9,1345.269597
0.530838,2,1345.384239
3.03961,8,1345.829064
4.389497,12,1346.475758
0.821417,14,1347.221722
0.54757,2,1347.334294
0.87497,3,1347.517063
-2.9747,5,1349.525392
5.426433,15,1350.290846
2.828301,8,1350.69325
4.260122,12,1351.354214
2.67248,8,1351.784837
1.677907,5,1352.04176
0.521478,2,1352.176347
0.885051,3,1352.359167
-2.042682,8,1352.776849
4.958638,15,1353.595032
2.352677,7,1353.953984
3.755873,10,1354.48178
-3.120943,5,1354.776143
0.527586,2,1354.908355
2.114062,6,1355.224867
3.57679,10,1355.771169
6.456641,17,1356.64952
0.534536,2,1356.758554
0.947145,3,1356.91724
5.031064,14,1357.65473
2.248344,6,1358.005641
3.445183,10,1358.56802
2.171526,6,1358.867371
0.548871,2,1359.006453
-1.455407,9,1359.52254
2.997595,8,1359.978933
-2.945399,5,1360.251489
1.575626,5,1360.53389
11.793234,30,1362.177547
1.701688,5,1362.437222
3.648645,10,1362.970427
1.870144,17,1363.858582
8.066871,23,1365.066749
4.862438,13,1365.744025
5.964455,16,1366.559118
2.596109,7,1366.911124
0.571821,2,1367.048922
6.29356,18,1368.003517
-3.468374,4,1368.213744
5.128221,14,1368.944455
2.660625,20,1370.063156
-1.341142,10,1370.61673
1.824523,5,1370.927169
3.065697,9,1371.433625
0.543606,2,1371.553966
8.08364,24,1373.24658
6.558354,18,1374.745731
0.528904,2,1374.882315
-0.604249,11,1375.616818
2.416762,7,1376.155352
8.661384,25,1378.014048
0.540924,2,1378.206815
0.532139,2,1378.355524
6.503608,17,1379.578128
17.521927,50,1382.501234
0.556346,2,1382.641083
2.018087,17,1383.629846
3.420491,9,1384.107773
3.121311,9,1384.592029
0.516054,2,1384.703372
1.304118,4,1384.907492
2.392673,7,1385.331718
9.770743,27,1386.74004
3.791089,25,1388.077946
6.786312,19,1389.093921
3.41781,9,1389.566715
3.679153,9,1390.05331
0.923297,3,1390.206592
4.448773,12,1390.859208
2.055342,6,1391.178718
5.349448,14,1391.915458
10.114151,36,1393.772825
-0.956185,11,1394.374542
1.682275,5,1394.653744
0.50752,2,1394.769513
-0.481153,11,1395.348905
-2.764325,6,1395.688585
-1.549752,9,1396.142591
8.634595,24,1397.39999
2.719286,8,1397.84526
-2.977965,5,1398.100394
3.909263,11,1398.709628
-3.39534,4,1398.953013
2.732533,8,1399.393137
2.434643,7,1399.786934
9.456314,25,1401.096326
5.109536,13,1401.810249
2.449237,7,1402.184805
3.217592,9,1402.666178
3.659538,10,1403.164856
3.497759,10,1403.703407
2.002912,6,1404.024991
2.040241,6,1404.352857
1.726403,5,1404.628803
0.92325,3,1404.812819
2.520173,7,1405.187328
2.764323,8,1405.605127
6.613288,18,1406.556641
3.860966,11,1407.13625
5.81325,17,1408.043854
-1.900678,8,1408.463223
4.054015,11,1409.029642
2.996323,8,1409.458277
3.202943,10,1409.948779
1.129086,17,1411.34637
3.09889,9,1412.053529
8.481607,26,1413.775717
3.558349,22,1415.235362
1.635336,5,1415.505222
2.071276,6,1415.811959
7.479459,21,1416.9019
0.546143,2,1417.01732
2.790411,8,1417.479852
4.066045,12,1418.14171
-0.949678,11,1418.769734
8.40137,23,1420.016494
9.504443,27,1421.497185
2.413643,7,1421.87099
2.769115,7,1422.269841
5.691496,14,1423.02071
7.048626,19,1423.993992
3.916474,11,1424.61562
11.784729,30,1426.157473
-2.388841,7,1426.59693
10.4199,27,1428.001901
3.577957,10,1428.769289
1.671168,5,1429.210768
0.55429,2,1429.378938
2.459455,7,1429.92649
2.263627,7,1430.41229
3.11038,9,1431.030492
5.425759,16,1432.186676
-2.198741,7,1432.753813
5.301183,29,1434.935636
0.678976,14,1435.922287
11.073269,28,1437.430086
1.339294,4,1437.655066
3.027066,9,1438.175415
1.533731,20,1439.198675
3.518304,10,1439.741567
4.444422,11,1440.324639
3.929398,11,1440.944988
3.081188,8,1441.391158
5.553653,32,1443.170075
3.494438,10,1443.723894
4.229113,12,1444.383664
4.433398,12,1445.020338
0.88459,3,1445.208274
-2.773672,6,1445.542011
2.421533,7,1445.890291
7.576847,22,1447.086587
1.719048,5,1447.332037
0.528814,2,1447.445282
4.119502,12,1448.124755
1.835072,20,1449.187014
2.724349,7,1449.608804
-2.172485,7,1450.022625
3.989107,12,1450.661829
2.586337,7,1451.056949
-1.478546,9,1451.543032
3.917588,11,1452.145751
-1.397808,9,1452.617985
1.611605,5,1452.923734
2.833553,8,1453.361108
8.198558,21,1454.509958
2.926192,8,1454.955617
5.27115,14,1455.736861
1.224416,4,1455.951248
4.757664,14,1456.72513
3.743555,10,1457.230888
3.238772,9,1457.738097
0.51465,2,1457.849698
3.602,21,1458.977824
5.297138,15,1459.752034
4.742873,13,1460.482958
2.377941,7,1460.880701
3.156895,8,1461.303109
-2.29789,7,1461.662235
0.337246,2,1461.778636
3.328727,23,1463.011345
9.018478,26,1464.401335
5.031454,14,1465.145441
0.554095,2,1465.276653
3.832827,10,1465.838804
1.368252,4,1467.806249
3.083522,9,1468.365472
4.150002,11,1469.395502
-3.358755,4,1469.792681
3.805904,11,1470.71147
1.117927,16,1471.687244
8.743327,23,1473.358481
3.59532,10,1474.077042
1.919238,6,1474.545749
7.305483,20,1475.967975
0.951839,3,1476.231295
4.271209,12,1477.05567
-2.843592,6,1477.503417
7.882684,22,1478.728307
1.693176,5,1479.010303
11.379824,34,1480.785758
-1.003231,11,1481.364003
20.152504,53,1484.251126
2.893787,8,1484.695528
4.832158,12,1485.370589
3.090582,9,1485.855552
7.669678,20,1486.924297
2.041048,6,1487.294333
2.473678,7,1487.690816
11.949955,40,1489.801311
1.966618,6,1490.109685
3.443385,10,1490.680772
5.910205,16,1491.5713
9.319888,24,1492.832573
7.221705,19,1493.836369
3.322594,9,1494.302757
-1.287948,9,1494.781653
11.723914,34,1496.547429
1.66344,5,1496.838458
4.546962,13,1497.534045
2.545062,7,1497.908502
4.373725,13,1498.580102
9.974263,26,1499.865786
3.824692,25,1501.175317
2.035411,6,1501.500957
4.390551,12,1502.175221
-2.681015,6,1502.53781
7.25507,31,1504.198621
2.072141,6,1504.689756
3.716549,10,1505.520571
4.255939,12,1506.474349
2.277093,7,1506.842452
1.410836,4,1507.120087
5.120762,14,1508.151801
3.487021,10,1508.880531
6.901477,17,1510.112475
2.952008,8,1510.648795
5.986162,18,1511.904542
4.473011,13,1512.583951
2.603137,7,1512.98415
3.573908,11,1513.544
3.761917,11,1514.140573
0.517078,2,1514.253029
-1.790297,8,1514.696451
6.436229,17,1515.55818
2.404273,7,1515.946122
1.612081,5,1516.19668
2.60562,8,1516.641758
4.357651,12,1517.29343
1.322099,4,1517.523922
5.220997,13,1518.166861
8.542296,23,1519.398957
3.44031,9,1519.886138
0.544763,2,1520.019694
5.871759,17,1520.849466
-2.183438,7,1521.228101
-1.851121,9,1521.719482
0.511123,2,1521.83462
4.33801,13,1522.911942
3.521663,10,1523.747942
0.04621,13,1524.578836
5.993486,15,1525.756829
8.227928,22,1527.130496
9.78845,24,1528.419533
2.436211,7,1528.805723
2.706259,8,1529.25224
0.531045,2,1529.36605
4.77593,13,1530.032549
6.655077,18,1530.959934
4.162599,11,1531.52513
4.09354,13,1532.206847
0.52638,2,1532.340994
5.233055,15,1533.098077
-1.975999,8,1533.523493
2.407928,18,1534.479968
1.297364,4,1534.711755
2.404276,7,1535.101048
3.146831,9,1535.596731
11.253308,30,1537.695188
1.209674,4,1538.027911
-3.182271,5,1538.3833
2.865043,7,1538.832691
1.440017,4,1539.129786
7.959817,20,1540.59382
2.898555,8,1541.226056
3.091203,9,1541.788363
-2.670723,6,1542.111704
5.624428,15,1542.932865
3.108398,9,1543.410772
0.004565,13,1544.08935
1.340555,4,1544.320573
-3.443108,4,1544.553337
-1.726879,8,1544.954195
2.718054,8,1545.425822
3.294665,9,1545.93804
6.947718,20,1547.000431
4.104338,11,1547.589881
0.130654,14,1548.330894
7.717534,22,1549.478332
-0.05612,13,1550.173864
2.457746,7,1550.569631
1.320688,4,1550.799952
3.726884,10,1551.380469
8.4996,25,1552.709471
2.692294,9,1553.169423
-0.092206,12,1553.78808
4.076823,12,1554.441078
-1.638675,9,1554.927993
1.572309,5,1555.230167
6.963598,19,1556.399834
1.270441,4,1556.774257
1.203209,4,1557.104345
-3.368641,5,1557.601976
8.747632,22,1558.944667
2.338594,7,1559.502262
0.504298,2,1559.642742
8.66913,22,1561.350327
0.566603,2,1561.504504
-2.662567,6,1561.943526
5.66132,15,1563.077883
11.15971,28,1564.930079
-2.253237,7,1565.296277
7.104639,19,1566.292767
1.730463,5,1566.551981
0.748198,16,1567.403369
10.026811,26,1568.802969
7.673366,19,1569.843741
10.544735,30,1571.356323
-1.597395,8,1571.775559
5.177401,27,1573.212873
-1.12954,10,1573.736534
3.419475,9,1574.245898
-3.021579,5,1574.509022
4.603433,13,1575.268595
3.253178,9,1575.744781
7.019784,20,1576.810783
2.75032,8,1577.232004
6.289081,17,1578.144305
10.699708,30,1579.719942
8.604931,24,1580.969521
2.192392,6,1581.302874
0.898623,3,1581.487949
1.995273,6,1581.81976
-3.477988,4,1582.049756
5.086631,15,1582.856076
3.187957,21,1583.979443
0.542009,2,1584.096519
0.55681,2,1584.209536
9.181916,24,1585.430693
2.069841,19,1586.488828
0.529722,2,1586.602234
4.478292,12,1587.226376
4.106831,12,1589.637484
8.103297,21,1590.706835
6.274696,19,1591.777375
1.256139,4,1592.012642
0.875512,3,1592.201899
-0.37167,13,1592.911636
0.529458,2,1593.026723
3.735615,10,1593.546142
3.116996,9,1594.025308
6.464027,18,1595.400544
4.148069,12,1596.366781
2.971406,8,1596.856745
6.682155,18,1598.181936
3.492123,10,1598.916339
5.798637,16,1600.044125
16.384448,48,1603.019367
7.4596,20,1604.101501
3.214397,9,1604.580155
2.55337,7,1604.936242
3.312798,9,1605.427401
2.128105,19,1606.461151
4.661594,14,1607.224402
-0.749005,11,1607.82441
8.004853,21,1608.910855
1.758494,5,1609.187758
1.894487,6,1609.514758
3.986738,26,1610.867815
7.409106,21,1611.943407
3.639961,10,1612.486591
-1.563066,9,1612.955112
1.90392,6,1613.304522
3.989407,11,1613.86882
2.436905,7,1614.238308
-1.820842,8,1614.674361
6.61585,18,1615.621037
4.001224,11,1616.203869
1.876631,18,1617.18514
-2.240019,8,1617.607123
1.391799,4,1617.814442
4.419381,12,1618.446998
6.500089,32,1620.133808
8.191119,23,1621.305717
13.554307,35,1623.203091
1.229946,4,1623.405374
6.48699,17,1624.482417
-0.809,12,1625.397699
2.743181,8,1626.060721
13.132626,48,1629.358037
0.863882,3,1629.539662
1.624895,5,1629.809723
1.973297,6,1630.141943
-1.091682,10,1630.669468
5.36565,28,1632.115165
10.526936,28,1633.626661
1.176674,4,1633.878615
4.584101,13,1634.553658
7.952115,21,1635.68011
7.935481,20,1636.753991
1.718878,6,1637.062543
1.337125,4,1637.29644
6.147043,17,1638.236068
8.915907,23,1639.470305
6.056169,16,1640.360445
4.017861,11,1640.912897
1.692349,5,1641.193718
3.9501,11,1641.805324
2.120335,17,1642.770124
-0.576324,12,1643.404172
4.718311,14,1644.093705
0.337816,2,1644.209172
3.600503,10,1644.769225
8.328587,21,1645.938394
-2.121401,8,1646.363309
5.360944,15,1647.140105
0.209657,14,1647.860584
15.293912,38,1649.777837
4.70546,12,1650.392402
-0.453583,11,1650.958261
9.215779,23,1652.969231
6.2534,18,1654.08952
2.372547,20,1655.606689
5.310911,27,1657.477399
-1.339459,9,1658.173338
6.33255,17,1659.359827
8.524054,23,1660.503917
20.077525,49,1663.119239
8.628477,22,1664.247321
12.159926,36,1666.107618
1.580785,5,1666.360538
3.531647,10,1666.90664
7.196715,19,1667.86948
4.708955,13,1668.513819
4.257692,11,1669.082837
7.804023,20,1670.132802
4.499925,12,1670.799564
4.894683,13,1671.449566
13.095273,60,1674.531218
6.987939,17,1675.394361
6.47295,17,1676.354276
6.515036,17,1677.241772
5.223819,15,1678.062392
-1.585648,9,1678.563701
11.562562,30,1680.111381
4.04252,11,1680.677106
2.085337,6,1680.999502
4.2467,12,1681.643436
13.301194,33,1683.427049
12.627079,32,1685.096753
-0.434619,11,1685.701737
3.498573,10,1686.209018
8.246568,21,1687.311403
4.26975,12,1687.963305
2.104618,6,1688.27308
1.181496,4,1688.480725
4.292974,27,1689.956386
18.30966,52,1692.570196
5.337657,15,1693.367357
4.245159,25,1695.237363
1.598778,5,1695.691778
2.836216,9,1696.284131
1.573667,5,1696.570318
5.931428,16,1697.664772
3.055212,9,1698.330099
2.327675,7,1698.884226
0.452187,2,1699.075408
0.55367,2,1699.22479
-1.57841,8,1699.862895
2.694944,8,1700.469475
-1.671174,9,1701.118082
0.505066,2,1701.269621
1.648865,5,1701.679603
0.523742,2,1701.866847
0.101415,14,1702.744977
3.10994,9,1703.198962
3.562884,9,1703.688677
2.526842,21,1704.818925
6.190968,18,1705.753276
-1.901385,8,1707.878634
14.261223,43,1710.105491
5.240621,14,1710.872895
6.267059,18,1711.772059
-3.045499,5,1712.031877
6.649278,31,1713.606155
1.921247,6,1713.901874
14.376983,41,1715.983225
5.114229,15,1716.796758
3.194029,9,1717.288927
7.306983,22,1718.392197
27.157499,93,1723.10595
1.232908,16,1723.975909
3.391651,10,1724.490436
5.727058,15,1725.276363
0.518328,2,1725.392025
11.732852,33,1727.111341
13.433851,36,1728.937957
4.148627,12,1729.534384
9.473841,37,1731.465455
8.43942,23,1732.640083
9.387822,24,1734.519481
18.512377,50,1737.780047
14.286882,39,1740.4617
-0.860763,10,1741.145653
17.057349,48,1744.249276
-3.145807,5,1744.512811
3.415172,9,1744.950917
9.597623,28,1746.367277
4.644408,13,1747.092449
15.561116,40,1749.186091
3.567932,21,1750.232134
6.90442,19,1751.244462
0.913273,3,1751.411711
5.682648,16,1752.247672
1.761101,18,1753.182637
3.177789,9,1753.680833
14.668184,38,1755.597528
23.656615,68,1758.959084
11.633,31,1760.646079
4.868537,14,1761.375292
-0.324661,12,1761.971886
-2.495102,7,1762.3795
30.188104,94,1767.224149
5.840934,15,1767.984045
0.498068,2,1768.102235
16.08102,42,1770.325927
11.719289,44,1772.621644
5.109941,14,1773.407885
0.529993,2,1773.517709
2.586534,7,1773.930924
14.65441,38,1775.889791
7.033302,18,1776.843843
7.383049,19,1777.802768
1.051244,16,1778.690629
6.091442,17,1780.019855
2.456719,7,1780.54797
8.020934,21,1781.90614
12.910683,34,1784.522961
23.522526,73,1789.034457
-2.366501,7,1789.391786
3.191169,8,1789.819473
18.441925,48,1792.281788
20.993952,72,1795.846853
7.408022,32,1797.492223
4.095389,11,1798.050156
-0.859236,10,1798.645947
-3.483627,4,1798.858436
-2.05241,8,1799.253025
6.78251,19,1800.229624
5.909945,16,1801.029549
2.497899,7,1801.411637
9.398075,24,1802.660081
2.774697,7,1803.028593
3.442323,9,1803.499366
0.587956,15,1804.343602
5.031866,13,1804.990963
-1.619752,9,1805.421239
6.257035,17,1806.310111
3.103835,9,1806.809577
4.582917,13,1807.470321
5.346596,15,1808.223709
5.11232,13,1808.860091
2.398439,20,1809.878217
2.105926,6,1810.205243
5.963197,28,1811.686622
2.968365,8,1812.093084
-0.955002,11,1812.647355
7.271212,19,1813.58218
1.902396,6,1813.893783
-2.680582,6,1814.218079
-3.386177,4,1814.433351
19.74853,84,1818.695243
5.945262,16,1821.275644
0.526567,2,1821.405918
10.054777,41,1823.87091
4.901713,13,1824.954392
8.292736,30,1826.913363
9.64921,28,1828.867961
-2.254997,7,1829.366449
1.959088,17,1830.461503
8.661999,53,1833.158025
14.304578,80,1837.289975
8.965585,24,1838.568371
5.295074,26,1839.951089
12.583336,36,1841.878692
3.942238,11,1842.443516
2.15288,18,1843.395629
3.769058,10,1843.910272
15.067858,42,1846.006295
5.396797,15,1846.769887
1.261972,4,1846.978542
10.06261,28,1848.458013
10.892713,42,1850.588218
21.155895,62,1853.648518
22.583945,66,1857.682332
16.360293,49,1860.846933
3.488809,10,1861.585599
-1.073433,11,1862.3626
1.37572,17,1863.571207
7.60986,33,1865.844311
-0.948564,10,1866.394785
12.339564,31,1868.01697
4.430471,13,1868.734171
9.389139,26,1870.080143
-2.63603,6,1870.386459
19.167792,55,1873.182127
0.491518,14,1873.886513
0.377089,13,1874.587959
6.630449,28,1876.006532
3.899089,11,1876.545763
6.119424,18,1877.481857
1.098537,16,1878.311189
8.988751,25,1879.583442
2.448074,21,1880.657764
4.571981,12,1881.265997
5.732838,40,1883.334554
3.057304,9,1883.814447
-1.915962,8,1884.231504
4.684888,13,1884.937122
9.615704,26,1886.275658
23.542399,67,1889.655323
20.048581,55,1892.46787
4.073711,11,1893.036149
2.449384,7,1893.40462
4.750318,26,1894.696587
4.575208,24,1895.948992
3.742662,24,1897.19102
7.883721,20,1898.176711
2.890185,8,1898.613714
3.814145,10,1899.106766
-1.71417,8,1899.552583
2.459691,7,1899.911739
11.938559,46,1903.095377
1.331182,4,1903.382466
-3.104483,5,1903.743399
-3.187564,5,1904.128263
2.56966,7,1904.648247
10.273142,30,1906.826894
1.247713,4,1907.108841
0.253634,13,1908.045705
4.303011,12,1908.767446
13.849015,35,1910.490066
4.299459,23,1911.644768
2.314715,7,1911.999924
0.873142,3,1912.164197
9.710983,25,1913.403599
11.615966,67,1916.775692
8.044698,22,1917.926862
11.600396,31,1919.504692
-2.28783,7,1919.853884
12.508181,36,1921.734316
10.349285,28,1923.175435
2.707701,8,1923.577302
3.193239,9,1924.065452
2.484188,7,1924.43498
12.122954,35,1926.215215
3.145011,24,1927.419728
21.458188,77,1931.333682
4.176536,11,1931.920562
6.549388,17,1934.484953
2.171865,6,1934.821614
16.995465,49,1937.326864
4.871912,14,1938.042023
6.033535,33,1939.726265
16.339529,39,1941.705124
19.175106,51,1944.765978
6.62015,28,1946.617746
41.730673,176,1955.686859
-2.583821,6,1955.986599
-0.547438,13,1956.649645
4.956094,13,1957.278322
4.31204,11,1957.832432
3.216847,9,1958.319091
9.200888,25,1959.945203
8.980213,58,1963.907878
4.393882,25,1965.69763
22.076234,65,1969.592401
7.244378,20,1970.577431
5.665549,14,1971.283785
3.103258,9,1971.72522
-3.06206,5,1971.977283
9.605691,39,1973.887861
13.14018,34,1975.5839
18.151548,56,1978.365272
9.361289,24,1979.629757
8.495827,22,1980.708593
16.877099,91,1986.689992
-3.402759,4,1986.89591
0.768655,16,1987.671961
17.927884,50,1990.112044
21.453523,59,1993.017869
2.038621,19,1993.949524
7.740867,20,1994.959733
10.233932,28,1997.183017
10.532725,28,1999.007405
9.187682,25,2000.892842
0.073937,13,2001.770685
2.045706,6,2002.110406
2.70146,21,2003.161776
5.85456,29,2004.624618
5.090358,14,2005.313315
3.150039,9,2005.781055
14.341353,47,2008.180616
9.296644,25,2009.43381
-1.850707,9,2009.87889
1.70774,5,2010.140736
8.16735,35,2011.913092
31.497776,159,2019.78545
5.049013,15,2020.529574
0.466951,15,2021.270114
7.575677,20,2022.246691
6.109771,30,2024.40958
13.390499,42,2027.11295
5.236168,13,2028.007003
16.134808,50,2030.931632
5.14029,13,2031.615928
6.839891,18,2032.528772
2.964962,23,2033.722475
13.426136,41,2035.786596
5.386856,15,2036.587889
22.317119,115,2042.36676
5.064961,13,2043.036845
8.453712,32,2044.643788
9.665492,26,2045.957784
8.492321,22,2048.847883
22.280247,63,2052.404444
10.37253,48,2055.475385
10.742682,29,2057.539611
0.547507,2,2057.652875
18.149862,84,2061.889951
11.394571,30,2063.367105
9.110345,47,2065.704741
3.92752,11,2066.252876
13.260636,36,2068.0502
16.994838,47,2070.368051
1.618243,17,2071.230785
-2.049308,8,2071.639128
15.256135,52,2074.233913
3.100238,9,2074.673859
1.093535,18,2075.607819
0.479504,15,2076.395014
4.165012,11,2076.959666
3.30182,23,2078.114982
11.434043,33,2079.7595
2.958177,9,2080.224637
13.869232,42,2082.288818
3.488404,23,2083.459639
-0.445347,12,2084.052257
6.833124,17,2084.914449
3.623494,10,2085.439651
-0.977255,11,2086.019537
13.031002,38,2087.940078
5.956525,18,2088.876538
0.575024,2,2088.98897
3.316845,9,2089.463514
5.763743,16,2090.255297
2.095339,18,2091.164385
14.800861,38,2093.041687
5.881087,17,2093.831784
37.753644,176,2104.752188
5.741948,29,2106.196113
9.89696,26,2107.521255
9.754712,27,2108.883204
6.361576,18,2109.775389
13.142586,54,2112.458768
23.247143,67,2115.702714
19.117622,92,2120.277625
7.563252,34,2122.001972
18.934888,49,2124.47369
12.278274,34,2126.178101
4.236646,13,2126.86955
12.749516,36,2128.68696
5.747413,15,2129.421248
22.501068,69,2133.763437
8.307327,22,2135.197809
1.911764,6,2135.510871
56.042176,171,2143.957478
9.964998,29,2145.358237
-2.349294,7,2145.716627
5.460086,14,2146.42547
6.859267,17,2147.259948
40.135482,176,2160.120833
9.782751,28,2161.524729
-0.724376,11,2162.115698
7.391239,52,2164.648691
25.773791,73,2168.292382
8.097583,39,2170.209922
4.289291,22,2171.334924
12.057053,35,2173.087168
1.661652,17,2173.937222
10.562953,31,2175.458628
-0.538656,11,2176.02923
5.89198,34,2177.805897
17.824169,51,2180.391274
18.835785,92,2185.035783
2.816895,20,2186.019271
35.129531,176,2196.102094
1.017421,17,2196.989591
9.195169,24,2198.179736
-2.391723,7,2198.525914
7.655645,35,2200.256961
6.017363,18,2201.186542
2.381694,7,2201.541417
1.920372,21,2202.589007
-1.763598,8,2203.013292
-2.135095,7,2203.361746
1.794574,19,2204.381766
30.688235,109,2212.058131
10.455333,30,2213.641655
3.884113,11,2214.211281
19.063378,67,2217.579617
0.442164,15,2218.332648
-0.101186,13,2218.961296
10.380467,41,2220.995909
16.221024,49,2223.422465
-2.059335,8,2223.830951
1.825888,32,2225.412205
12.867865,38,2227.319509
-1.219518,10,2227.862796
0.520305,2,2227.976217
-1.698924,8,2228.374553
8.795148,38,2230.246705
8.852223,26,2231.635062
23.754961,68,2235.023692
20.852309,53,2238.884503
8.364302,25,2240.633259
11.584491,29,2242.141558
22.267229,65,2245.35532
1.146229,16,2246.156732
15.474826,45,2248.405461
4.431418,24,2249.582121
3.027585,22,2250.648721
6.216564,17,2251.470261
3.169771,9,2251.936602
5.217152,15,2252.70085
4.714588,26,2254.290056
17.406828,52,2257.737727
11.505974,51,2261.258907
1.619392,5,2261.585921
6.985393,19,2262.810845
9.173787,28,2264.207712
3.279909,22,2265.304959
3.179612,9,2265.783555
3.44752,9,2266.259175
15.577149,41,2268.30611
13.131215,36,2270.108387
15.221147,51,2274.428608
-1.359912,9,2274.896951
32.557666,176,2283.548661
27.439164,107,2288.843538
4.525381,13,2289.494151
-1.485375,9,2289.951272
-0.736998,12,2290.578151
8.912083,23,2291.697671
10.196052,66,2294.936013
-1.889253,8,2295.336367
-2.416674,7,2295.700827
0.992845,15,2296.671393
3.737265,11,2297.542589
24.678277,65,2301.363121
35.181354,176,2311.407513
8.120059,37,2313.626217
12.182881,36,2315.445083
3.296819,9,2315.925584
38.696519,176,2324.538563
22.261868,56,2327.298807
21.367227,62,2330.409447
14.468628,39,2332.317736
4.062776,11,2332.872531
39.999939,176,2342.275528
1.224916,19,2343.650012
3.966325,24,2344.959129
11.693647,34,2346.639862
17.180325,40,2348.656393
-0.106339,14,2349.356874
17.586971,85,2353.54029
12.865399,37,2355.343726
14.791518,129,2361.635855
4.189148,12,2362.212662
1.310552,18,2363.102371
18.77951,76,2366.957348
16.53122,84,2372.288296
0.928258,17,2373.180711
5.219045,14,2373.923561
6.951712,20,2374.963601
-0.890054,12,2375.582094
45.027785,176,2387.192363
24.959105,70,2390.568345
24.157775,68,2393.932932
34.326954,176,2403.936015
-1.363952,9,2404.546927
2.912232,8,2405.139876
13.751504,91,2410.193247
3.200339,24,2411.412187
10.982645,65,2414.535897
-0.188579,13,2415.160878
6.211144,62,2418.254679
6.427394,58,2421.691288
1.673464,19,2422.87482
-0.739386,12,2423.683775
-0.230993,13,2424.53582
10.930399,49,2427.244303
4.867976,13,2427.883215
20.428774,101,2432.856232
-3.082163,5,2433.104965
0.71797,14,2433.777141
9.451721,51,2436.25789
0.619655,16,2437.239151
48.86544,176,2447.151415
5.25432,14,2447.873489
20.315728,76,2451.700419
3.739801,23,2452.885711
3.9085,11,2453.478434
-0.963219,10,2453.997005
-1.981267,8,2454.600001
4.16828,24,2456.302636
6.316699,18,2457.394814
23.46576,63,2461.030521
-0.170439,13,2461.703142
32.823675,103,2466.794136
24.399433,82,2470.795722
14.618837,42,2472.850768
8.108395,65,2476.103242
-2.070618,8,2476.514689
35.16033,176,2486.526444
9.349437,25,2487.981065
16.724574,48,2490.421608
1.686244,34,2493.920833
26.782807,80,2497.822131
42.164982,176,2506.398807
11.290425,47,2508.992732
11.48207,31,2510.979536
9.250568,41,2513.680655
28.321549,176,2522.852262
7.775249,61,2525.925483
-0.162132,12,2526.555738
14.995562,47,2528.931387
5.724294,31,2530.51609
7.909341,21,2531.559342
17.676586,94,2536.20998
12.495059,79,2540.048464
29.49846,105,2545.287146
-1.518114,10,2545.779342
34.170757,121,2552.294777
10.540635,32,2554.378185
5.783101,16,2555.478031
32.102416,176,2565.146242
13.025244,40,2567.044627
3.772095,22,2568.169982
29.172614,123,2574.307762
9.988889,54,2577.021053
7.041909,19,2578.024919
-2.389638,7,2578.399498
0.96669,16,2579.219502
3.263866,42,2581.335057
11.51194,54,2583.998505
7.706733,20,2585.020924
3.432722,23,2586.189856
0.838804,15,2586.955812
0.566454,2,2587.075261
2.180871,18,2587.99425
13.14389,34,2589.718505
15.158394,46,2592.580573
14.491846,44,2595.279731
2.048852,19,2596.294015
-1.684343,9,2596.772343
18.130209,71,2602.009908
-1.648636,9,2602.472771
15.205244,74,2606.074754
3.377755,48,2608.546941
1.421217,17,2609.384488
33.557001,176,2619.99869
34.651777,176,2628.662394
34.757873,176,2637.199593
33.103985,176,2645.726186
4.553824,13,2646.364327
2.16541,20,2647.328464
1.839677,19,2648.239796
8.164646,22,2649.281277
2.455389,21,2650.305482
3.750024,10,2650.793476
40.673277,176,2660.580618
27.120203,144,2667.758427
8.175799,35,2669.44542
2.340302,20,2670.418697
8.949952,44,2672.531175
8.114385,36,2674.909331
6.034867,31,2676.96148
33.244411,176,2686.139997
22.456317,176,2694.712816
25.824372,176,2703.736354
17.942854,84,2710.388849
5.495382,86,2714.682211
33.528786,111,2720.51158
5.33585,59,2724.409445
14.653668,45,2727.010817
3.172983,9,2727.473865
2.292518,19,2728.422677
31.20946,176,2736.993307
4.203497,27,2738.368726
4.105936,24,2739.561852
33.285994,176,2748.161051
40.114704,176,2757.164126
21.397422,68,2761.050529
12.555848,42,2763.363061
19.139697,176,2773.221114
17.448653,91,2777.695933
-0.429965,13,2778.355941
11.262599,44,2780.579633
6.488793,19,2781.537022
36.070647,176,2790.170377
7.629565,20,2791.186166
-1.671817,9,2791.640239
3.300131,24,2792.835038
16.55117,55,2796.228403
1.669213,5,2796.560197
15.588867,176,2806.073197
5.443432,29,2807.48009
9.695833,32,2809.02442
7.273931,21,2810.062677
9.267183,28,2811.459107
25.38231,176,2821.734556
2.365739,23,2822.842678
34.442777,176,2832.892334
27.706027,176,2842.421292
5.436988,15,2843.471749
16.660363,97,2848.961867
0.540119,2,2849.073786
37.796546,176,2857.566618
17.352426,50,2860.242512
-1.522721,9,2860.947003
1.979452,20,2862.097713
10.768706,39,2864.556257
9.514234,72,2868.651288
33.226637,176,2877.453441
37.281027,176,2887.733602
-0.766143,12,2888.358246
2.636384,23,2889.487282
-1.625612,9,2889.937248
-0.144528,14,2890.617629
11.676837,39,2892.562018
17.134131,62,2895.666928
15.815192,121,2901.715274
29.350068,176,2910.107583
-1.229078,10,2910.64363
16.251142,80,2915.37508
27.486344,176,2924.4288
5.652197,16,2925.214679
16.014472,51,2929.445623
3.051142,25,2930.677061
2.67404,23,2931.799658
5.429308,27,2933.12676
20.607284,126,2941.272206
2.060883,19,2942.264331
17.984913,54,2944.939789
0.856175,19,2945.876909
14.487093,43,2947.963005
23.98395,136,2954.695585
17.774716,48,2957.034662
11.587698,32,2958.626771
1.798961,20,2959.667279
1.259298,4,2959.904911
2.270565,7,2960.267315
2.260154,7,2960.626412
0.737558,17,2961.465064
16.730322,91,2965.952577
2.224956,34,2967.595835
6.362606,32,2969.137513
15.996874,145,2977.459573
15.493696,60,2980.692599
0.693426,17,2981.543749
8.485587,22,2982.635833
16.70633,71,2986.194688
9.302984,81,2990.149042
16.115261,46,2993.237283
16.341804,61,2996.997874
12.799171,62,3000.054316
28.23148,87,3004.238185
33.094962,176,3014.164401
6.04718,18,3015.386564
10.719255,30,3017.454544
15.376255,52,3020.161242
1.293574,19,3021.085892
25.249878,176,3029.659297
48.682942,176,3039.945313
24.65487,66,3043.192239
13.566603,78,3047.018902
3.69592,22,3048.113213
6.587371,31,3049.644269
35.514085,176,3060.258999
33.761037,114,3065.92275
23.964657,69,3069.33738
16.882751,50,3071.783449
16.944731,57,3074.571541
24.606409,106,3079.75258
6.53015,18,3080.681599
-1.741427,9,3081.146879
36.598487,176,3090.863952
9.083245,61,3093.870568
36.660524,176,3104.54357
3.124881,9,3104.993194
5.394447,44,3107.171004
9.986266,62,3110.206048
0.161105,15,3110.979054
22.447825,72,3114.609483
19.577082,105,3119.886009
5.915796,47,3122.157601
3.499042,23,3123.271561
26.263753,67,3126.499016
10.503402,74,3130.133797
12.534499,32,3131.674444
5.172517,28,3133.048144
37.60925,176,3142.903086
13.12455,59,3148.011819
6.344875,19,3149.091164
6.509117,31,3151.157932
16.651517,52,3154.032036
19.438371,57,3156.816202
16.325648,49,3159.234666
5.054235,42,3161.336952
1.623881,5,3161.620985
6.046599,31,3163.146879
15.139621,42,3165.230048
42.664205,175,3173.646682
19.068332,54,3177.282873
39.896322,135,3184.50748
46.75285,165,3192.551134
11.669897,63,3195.896799
13.43165,47,3198.956765
20.804959,98,3205.074567
3.789359,24,3206.306596
1.588561,5,3206.572845
17.212413,41,3208.614701
36.97828,144,3215.580052
0.801188,15,3216.319184
41.67469,176,3224.997677
8.705802,24,3226.160205
0.237728,14,3226.863849
30.851065,176,3235.233912
2.016461,20,3236.21977
19.202062,51,3238.760573
0.638073,16,3239.55463
-1.299907,11,3240.095319
-1.950136,8,3240.496515
4.675564,13,3241.143124
4.173956,12,3241.72947
10.668883,44,3243.82171
8.707483,37,3246.403525
16.130862,43,3248.690347
32.044138,176,3259.724642
52.484448,168,3268.927613
4.816462,12,3269.513645
13.728814,55,3272.218691
5.644554,34,3273.858077
10.594464,29,3275.287294
11.892214,39,3277.14999
10.031251,43,3279.20669
9.558865,56,3281.839162
8.585036,52,3284.316839
-1.203882,10,3284.802431
5.318949,15,3285.565803
9.482015,26,3286.834687
14.45442,41,3289.615972
1.34403,17,3290.823954
11.211115,45,3293.414741
5.571205,48,3295.735127
7.30283,33,3297.36793
26.758076,89,3301.633223
34.886628,117,3307.296099
6.340127,36,3309.059964
13.267986,40,3310.994429
48.965801,176,3320.202017
7.115269,32,3322.16244
33.53529,102,3327.123079
35.749587,102,3332.477623
-2.866625,6,3333.02493
32.17413,172,3341.987355
15.637433,73,3345.645018
50.453275,176,3356.129462
13.149236,51,3358.609452
2.462518,20,3359.602127
9.942234,58,3364.247105
8.798439,53,3366.907138
11.224826,53,3370.370233
19.245419,52,3373.319697
7.889106,22,3374.429855
19.309453,60,3377.958007
20.763384,74,3381.848929
51.048751,176,3392.415751
2.572265,20,3393.37417
10.099323,56,3396.174581
1.745146,18,3397.094746
1.285118,16,3397.899101
19.44323,52,3400.484511
15.705135,57,3403.198066
35.642588,126,3409.245153
10.136833,57,3412.804445
6.342325,30,3414.689456
0.497695,15,3415.426218
44.554695,173,3424.575016
38.836488,176,3434.640145
5.198068,45,3436.774066
9.068265,24,3437.992741
9.035743,58,3440.852104
-0.553832,12,3441.505521
23.300421,91,3445.906335
7.755506,24,3447.091018
0.42272,15,3447.838176
32.513252,150,3455.160778
13.926168,55,3457.934546
1.476529,16,3458.753565
-2.160396,7,3459.128711
1.757302,16,3459.949932
3.383532,22,3461.044614
26.403161,84,3465.104039
7.037999,36,3467.414408
12.637742,33,3469.703611
8.644666,24,3471.318004
55.106096,175,3481.735011
38.928043,176,3490.31178
11.173511,43,3492.409153
-1.07906,11,3492.953359
-2.039913,8,3493.353969
3.548727,24,3494.544864
9.837335,41,3496.601285
0.611145,16,3497.373396
41.697327,176,3507.326461
9.995205,26,3508.626995
-0.443703,13,3509.310177
7.736605,20,3510.304284
19.105583,62,3513.383497
2.2072,7,3513.736552
3.020267,23,3514.961145
9.961364,25,3516.770988
16.435413,97,3522.560256
14.210413,83,3526.678175
47.070831,176,3535.392292
12.698325,48,3537.806912
19.228891,53,3540.405235
14.395033,46,3542.691339
17.897816,47,3544.969677
9.767932,58,3547.842115
13.62322,39,3549.744218
22.888222,98,3555.039167
9.084081,41,3557.56655
7.73431,35,3560.015471
-1.178018,11,3560.806971
-2.221683,8,3561.435233
1.256741,16,3562.485323
6.962734,33,3564.05128
5.913697,29,3565.483527
12.516211,48,3567.800611
18.553106,60,3570.758008
4.829182,13,3571.414969
25.658368,70,3574.871451
15.319314,38,3576.736322
23.910948,121,3584.487091
22.453141,64,3587.662707
39.703957,117,3593.940379
32.143599,145,3602.406417
29.003815,83,3606.45342
20.974042,74,3610.101233
3.279691,23,3611.269523
40.52526,176,3619.797107
18.246245,47,3622.092124
9.686833,47,3624.62569
15.774774,64,3628.795289
45.417244,172,3637.774447
3.113723,21,3639.052162
6.878691,31,3641.248806
32.262675,102,3646.920229
1.853501,21,3648.000847
8.74128,38,3649.951731
46.174226,167,3658.070082
-0.392209,13,3658.745746
38.567653,114,3664.403944
7.767807,60,3667.380292
20.9318,84,3672.332943
4.223385,24,3674.005371
56.187845,166,3682.630912
4.266653,24,3683.817026
3.726593,11,3684.375163
2.320033,21,3685.457915
26.40597,77,3689.258347
12.167441,30,3690.748801
0.570737,14,3693.241683
7.403734,34,3694.914456
3.048649,21,3695.980326
24.373385,84,3700.110045
15.495797,40,3702.117234
1.308963,16,3702.939826
4.659988,26,3704.225563
13.811028,77,3708.014199
11.964733,31,3709.574388
1.541663,16,3710.364426
-1.594464,9,3710.803911
23.922486,109,3717.156151
11.469647,34,3718.880306
-0.039425,13,3719.569644
5.922957,30,3721.046791
-1.489092,24,3722.217179
12.322911,35,3723.977175
-0.461085,12,3724.571599
52.633716,126,3732.744221
-2.135481,8,3733.163872
5.889982,16,3733.926414
37.765595,141,3740.918727
10.663048,29,3742.357342
4.739351,12,3742.963756
12.560451,33,3744.597924
4.635352,52,3747.160421
6.812054,29,3749.076394
6.351255,32,3751.118348
-0.673719,12,3751.984973
55.307835,166,3760.757412
15.27737,56,3764.536674
6.661548,16,3765.628714
19.570404,59,3769.177826
-1.274096,10,3769.721515
7.878128,22,3770.843762
-0.768807,11,3771.406359
12.74319,33,3773.044651
10.079792,27,3774.363209
6.913331,19,3775.294021
7.706224,50,3777.845952
17.404384,48,3780.198863
16.850576,51,3782.697953
16.78303,55,3785.330945
15.692375,42,3787.390506
5.696695,16,3788.223251
47.052316,176,3796.862878
18.296431,62,3799.872265
14.936701,41,3803.700671
9.65768,60,3807.793622
26.222448,112,3813.505414
1.605356,19,3814.478618
7.861529,21,3815.534582
4.739916,29,3816.963714
-0.90031,11,3817.515665
28.220979,72,3821.110007
6.727566,18,3822.004009
-2.393681,7,3822.355889
16.774356,49,3824.891885
5.609725,27,3827.126395
22.551617,59,3831.0508
-1.711464,9,3831.695749
2.52278,21,3833.168123
4.544239,24,3834.350967
14.736541,38,3836.215189
14.281149,45,3838.462378
9.80154,41,3840.499719
-1.302241,10,3841.016301
24.969978,73,3844.779899
3.178069,21,3845.82603
10.139925,30,3847.375984
8.682778,37,3849.211284
17.4072,55,3851.9242
12.162865,46,3854.225237
23.061436,84,3858.346756
40.375148,123,3864.450005
0.038158,14,3865.174879
5.967778,47,3868.337561
9.630177,25,3870.011783
52.464798,156,3877.733999
3.888715,27,3879.03863
18.120135,51,3881.583185
8.622767,41,3883.657621
16.760042,46,3885.862674
17.647072,44,3888.016359
6.335801,49,3890.433524
41.49973,134,3898.397742
20.878054,82,3903.515767
25.441617,69,3906.92947
0.892353,3,3907.115967
2.154603,20,3908.151013
0.02672,13,3908.804293
2.878795,21,3909.836953
1.219475,20,3910.841728
19.251264,59,3915.367269
3.752183,25,3916.567826
21.309486,128,3922.883395
3.928593,23,3924.029214
49.188551,176,3932.631276
20.952531,133,3940.213778
1.301182,16,3940.989442
27.466605,75,3944.609532
0.717018,14,3945.326461
13.687175,75,3949.059067
16.046253,46,3951.26668
2.194913,21,3952.294417
0.244957,15,3953.017318
23.124714,87,3957.739535
3.123991,20,3958.942704
9.955204,26,3960.741265
31.266182,81,3964.90113
37.472776,176,3973.592005
11.077146,32,3975.137285
1.299124,17,3976.041151
19.280276,55,3979.801991
-1.75993,9,3980.241987
2.7094,21,3981.308825
5.879404,30,3982.801733
-1.23472,10,3983.299031
10.258285,55,3986.093123
18.234602,53,3988.740004
9.338908,43,3991.431633
48.220669,176,4000.562845
3.720629,26,4001.942159
48.291264,176,4013.234727
37.523074,176,4021.920543
29.239831,86,4027.99312
4.326324,26,4029.282742
8.397252,24,4030.518682
4.870112,31,4032.036109
8.90404,54,4034.699507
16.123739,42,4036.758089
2.106758,19,4037.705603
9.595855,39,4039.654275
24.605505,101,4045.221346
17.08599,57,4049.1764
6.43744,18,4050.426366
0.685706,15,4051.18179
2.496891,7,4051.529531
12.198654,49,4053.921742
2.057894,19,4054.844408
14.465563,38,4056.72456
-2.375293,7,4057.087302
7.500757,51,4059.570905
10.744413,54,4062.182657
4.673617,27,4063.447181
3.689333,23,4064.831364
-0.858315,12,4065.778418
21.095393,111,4071.703739
16.661014,52,4074.258113
16.351218,47,4076.572521
20.740719,101,4082.18639
3.126758,22,4083.631932
9.410332,37,4085.667143
21.616814,71,4090.170988
41.444881,176,4100.254558
6.474342,29,4101.721994
10.023222,40,4103.739044
22.993224,64,4106.883263
2.727795,20,4107.886275
14.195058,50,4110.410261
0.948706,16,4111.242202
13.543325,38,4113.118317
48.131728,176,4121.714993
4.203402,12,4122.307038
17.139581,45,4124.588176
8.488536,40,4127.269985
-0.574842,12,4128.123767
20.558849,76,4131.791161
7.028732,63,4136.696747
48.465826,176,4146.095635
10.798012,84,4150.296737
1.77097,18,4151.198087
9.28013,28,4152.611434
0.397899,15,4153.378276
30.82883,82,4158.480452
14.608189,42,4161.261505
40.687133,176,4170.017946
3.653306,22,4171.386965
1.934392,6,4171.852398
0.568261,15,4172.770003
11.940926,36,4175.099303
40.894316,119,4181.533111
9.725084,39,4183.455865
11.565233,32,4185.048341
15.268254,64,4188.206476
0.025511,15,4188.966361
11.958375,34,4190.685148
13.098228,34,4192.573536
12.655022,43,4195.429543
4.869018,27,4197.162856
12.67018,47,4199.474906
-2.246806,8,4199.876968
7.357079,21,4200.955938
27.304782,82,4204.939753
5.174475,29,4206.340367
2.075759,18,4207.224619
6.073434,31,4208.800344
6.135052,34,4211.109143
2.086308,6,4211.542643
45.950916,176,4220.190006
25.477321,78,4224.547284
1.65389,19,4225.607922
27.619896,74,4230.674497
5.889212,30,4232.164285
26.302721,68,4235.463396
38.195531,116,4241.31979
12.815295,32,4242.967803
13.707886,38,4246.583055
10.076517,28,4247.977398
15.038239,38,4249.879394
8.186647,53,4252.477309
34.957873,106,4257.69951
20.677614,55,4260.511834
16.415672,66,4263.731339
10.46876,44,4266.628067
11.313412,35,4269.022722
11.264766,68,4273.197044
11.991051,44,4275.361208
12.130301,32,4276.981974
1.101438,17,4277.848643
10.895635,32,4279.411852
10.234997,28,4280.865371
10.707455,28,4282.279642
1.438165,18,4283.155785
35.524881,107,4288.456353
6.141897,16,4289.26636
32.491464,84,4293.437878
19.223416,53,4296.096107
29.980422,94,4300.663839
11.435464,32,4302.283014
16.232657,42,4305.290528
11.792736,32,4307.202723
50.686439,168,4315.516704
9.53544,26,4316.833066
-2.271856,7,4317.457202
-0.015253,14,4318.514637
11.185527,31,4320.539489
32.37865,81,4325.705968
14.19716,51,4328.262806
4.741821,48,4330.604739
1.531113,18,4331.492578
10.448514,27,4332.817641
18.645756,54,4335.541004
23.286979,59,4338.524413
21.134653,64,4341.718207
32.767546,83,4345.800696
35.482758,152,4355.123246
-0.726957,12,4355.742518
11.244999,28,4357.191423
18.392146,53,4360.834361
7.424915,20,4361.879649
4.382738,12,4362.488928
20.994617,58,4365.352435
13.215242,53,4368.32988
14.253345,38,4370.95905
13.438667,38,4373.023026
35.440287,115,4378.780801
55.035342,169,4388.950596
9.753504,29,4390.836355
20.90383,64,4394.039705
4.245768,25,4395.292038
7.825925,22,4396.397351
20.332155,54,4399.072391
10.092491,29,4400.539619
6.201647,18,4401.432917
7.990086,23,4402.588953
9.851053,28,4403.957411
-2.112346,9,4404.411109
19.114166,47,4406.743067
38.136136,102,4411.828693
8.543783,24,4413.011117
5.963889,15,4413.760566
0.370699,15,4414.50726
11.930671,68,4417.900478
3.932389,11,4418.439354
5.760408,32,4419.98396
11.944367,70,4424.552317
14.551521,42,4427.01493
24.874759,80,4430.94808
-1.900078,8,4431.344553
4.996113,13,4432.021405
6.496706,19,4433.000564
2.596922,7,4433.361361
5.525286,15,4434.16935
20.149823,75,4437.989949
7.485525,51,4440.543906
19.499278,71,4444.038278
4.357166,25,4445.283053
5.398097,15,4446.046568
0.088296,14,4446.749162
18.646239,48,4449.695
15.313083,43,4452.580615
5.223812,15,4453.434943
44.291863,120,4459.476654
13.725998,38,4461.339434
1.83236,19,4462.295602
3.373687,10,4462.818207
0.524445,2,4462.933249
6.600316,17,4463.822708
8.060514,21,4466.707959
21.359405,58,4469.580898
9.150039,26,4470.85495
3.274463,9,4471.321987
13.972209,42,4473.969271
-1.195243,10,4474.561543
-0.689036,11,4475.346968
10.530786,32,4477.603309
6.868081,50,4480.333879
11.749959,31,4481.892418
3.729526,22,4482.970691
5.950401,45,4485.20796
15.968773,48,4487.585158
18.628793,46,4489.851147
-2.676606,6,4490.173868
16.144177,79,4494.095486
7.574946,20,4495.510347
3.175676,9,4496.165713
3.86752,27,4497.957381
-0.342675,13,4498.842683
-0.171583,13,4499.678413
1.064242,16,4500.497398
1.177728,18,4501.418618
7.13219,20,4502.396883
8.59438,23,4503.555066
2.277724,7,4503.934938
7.633077,39,4505.850376
5.28755,15,4506.598922
8.060187,22,4507.715594
32.846672,86,4511.997553
9.913326,26,4513.31035
9.000319,24,4514.842843
18.038233,47,4518.164858
10.657213,29,4520.076597
6.97879,32,4521.695836
16.317848,63,4524.790347
10.711563,27,4526.184947
4.460482,13,4526.849679
0.584749,15,4527.580321
-2.098511,8,4527.983099
2.29853,7,4528.339429
29.585773,108,4533.792244
8.218132,24,4535.00324
16.490404,43,4538.017379
7.119365,21,4539.26459
-0.850804,11,4540.004318
15.456681,44,4542.43995
4.08952,24,4543.641299
1.177748,16,4544.491858
18.285823,61,4547.546608
-0.608308,11,4548.104299
6.631639,33,4549.772894
5.764027,15,4550.498732
31.358163,100,4556.118543
15.127685,46,4559.077459
13.756412,35,4561.364261
0.344802,15,4562.145152
15.131702,39,4564.105273
3.850993,11,4564.655724
20.408739,51,4567.16976
1.495534,18,4568.077874
21.947203,59,4571.011006
5.223763,14,4571.710732
4.551135,13,4572.357698
10.776315,27,4573.705408
23.719478,66,4576.912318
5.279876,15,4579.396529
11.809506,47,4581.764366
5.653866,17,4582.65062
1.370284,18,4583.538059
4.817057,13,4584.2152
27.668823,87,4588.468397
10.646545,43,4590.646902
21.356269,120,4597.417899
-0.495931,12,4598.293283
6.027935,34,4600.669393
5.740158,30,4602.243955
26.826806,71,4605.756592
13.423811,38,4607.65388
-0.729827,12,4608.272662
31.927856,86,4612.571867
4.407382,26,4613.919396
-2.331725,7,4614.278569
3.248043,9,4614.755766
7.987905,22,4615.870279
5.586041,44,4618.031965
44.469004,176,4628.313338
7.600673,22,4629.410145
13.163985,36,4631.216424
5.928018,17,4632.091227
-0.231933,12,4632.679325
12.231009,34,4634.336003
18.773211,58,4637.238342
11.182408,44,4639.442645
14.650893,76,4643.871412
6.536845,18,4645.01351
9.155346,40,4647.741169
4.730498,27,4649.654532
10.246563,26,4651.209607
2.377467,7,4651.614742
10.80338,33,4653.31199
2.4887,7,4653.664026
10.638112,29,4655.122374
3.105772,9,4655.578196
33.450134,176,4664.226177
13.471287,43,4666.403559
15.593654,41,4668.451288
5.515839,16,4669.282693
0.078464,13,4669.923415
-1.793144,9,4670.402445
3.657574,24,4671.598906
14.404773,89,4676.000504
20.725727,60,4679.052617
5.9793,32,4680.610329
5.499175,16,4681.440054
17.440124,48,4683.831463
1.40462,18,4684.748558
6.884187,32,4686.334101
25.870551,73,4692.500154
5.977847,17,4693.344456
0.459221,14,4694.076618
38.266492,151,4701.493906
9.514814,56,4704.885862
29.912967,76,4709.232459
4.187321,24,4710.441226
29.011208,85,4714.661193
7.959417,21,4715.731375
16.754208,50,4718.196536
7.638656,20,4719.210068
10.05355,27,4720.543171
6.738568,49,4722.980231
19.26917,48,4726.180208
12.50449,35,4728.359098
11.619055,62,4731.804443
5.72018,17,4732.678275
3.507125,10,4733.210519
15.00067,38,4735.150709
7.294063,20,4736.178421
5.971852,18,4737.077608
15.152917,57,4739.854127
11.99714,37,4742.099493
5.017062,14,4743.121469
12.385766,40,4745.690939
34.940075,176,4755.270156
35.603757,122,4761.327811
3.152366,9,4761.825793
31.023168,93,4766.415774
4.874917,14,4767.169233
9.501811,27,4768.548326
14.238028,37,4770.366218
15.410358,40,4772.32517
12.535642,34,4774.00411
5.605256,16,4774.808603
17.354535,50,4777.957745
6.022177,29,4779.606476
-2.575686,7,4779.973061
30.876916,79,4783.865155
20.271495,69,4788.277577
-1.811193,9,4788.706234
15.028533,55,4791.358004
23.391418,58,4794.130136
18.81019,60,4797.112108
3.063025,23,4800.70695
15.128368,45,4803.404229
16.178778,45,4805.608835
23.649642,72,4809.238135
5.592717,16,4810.048744
7.299347,54,4812.821459
3.067023,9,4813.289855
15.483918,52,4816.014971
15.990541,48,4818.418914
17.935951,50,4821.982096
7.297064,54,4824.753734
23.160471,93,4830.458272
1.571081,21,4831.511235
17.524367,45,4833.756637
18.735602,83,4837.905949
12.191746,37,4839.739043
10.875042,64,4843.582298
5.134608,15,4844.435787
9.32957,56,4847.700747
8.814454,23,4848.784291
14.21118,84,4852.870497
5.764843,16,4853.638248
14.874243,83,4857.631656
22.300006,66,4860.873162
13.765178,38,4862.763506
12.391417,33,4864.374605
2.811407,21,4865.985898
19.108474,52,4869.337455
3.454258,22,4870.424284
4.589208,13,4871.065009
-1.315086,10,4871.563033
16.176547,44,4873.773243
48.939885,167,4882.859979
9.367919,23,4884.290144
53.589142,173,4893.676011
10.816708,44,4895.818054
8.174702,21,4896.853755
8.357217,57,4899.669547
1.978484,6,4899.999162
7.441076,20,4901.020858
17.432123,47,4903.327227
12.099684,32,4904.886757
9.238773,27,4906.264896
1.021294,17,4907.333198
8.369095,23,4908.882942
15.02873,38,4913.00323
10.035145,26,4914.300666
7.128489,33,4915.936491
20.317403,56,4918.730879
-0.633244,13,4919.396131
18.270222,51,4922.180114
14.410332,39,4924.971785
24.247192,61,4928.378718
13.105715,47,4930.746091
-2.683125,6,4931.063292
14.720996,42,4933.157086
8.822799,24,4934.352942
32.065575,92,4939.837047
12.210254,34,4941.836715
39.822142,105,4946.988822
3.455737,10,4947.529872
0.884374,16,4948.370142
12.230585,35,4950.120722
0.797332,15,4951.300393
2.205695,20,4952.489348
12.860141,40,4955.202437
4.767213,14,4956.202374
6.871662,47,4959.1476
20.908036,60,4962.23183
15.649486,45,4964.511478
2.29201,7,4964.864873
23.717775,66,4968.150906
10.180081,40,4970.12763
2.897408,21,4971.203881
0.540683,2,4971.317342
9.33321,25,4972.56509
6.934354,20,4973.549127
8.235944,36,4975.437402
14.057999,41,4978.283424
5.611825,15,4979.347104
12.763674,34,4981.599427
13.222374,50,4984.072418
4.403191,12,4984.666696
-0.932942,11,4985.223156
28.649026,71,4988.827739
8.424564,22,4989.931971
9.878917,30,4991.419201
5.998502,28,4992.77818
1.552979,19,4993.724207
8.313198,23,4994.862854
11.260049,30,4996.35727
6.85244,18,4997.836395
3.33748,10,4998.614522
3.921821,11,4999.268375
7.160156,20,5000.708963
12.865144,32,5002.547089
-2.466329,7,5002.900731
8.488065,22,5004.035501
5.06815,31,5005.591079
30.069699,76,5010.259375
13.337133,32,5012.339446
21.696904,61,5015.684177
26.134375,77,5019.879678
3.865148,11,5020.702859
15.63945,48,5023.710614
16.590016,46,5028.133398
11.704771,30,5029.647022
0.688736,15,5030.410583
9.015453,24,5031.612713
3.740532,25,5032.860837
9.542664,27,5034.225088
5.768386,17,5035.085875
32.371961,127,5041.383604
2.020012,6,5041.728678
14.516564,41,5043.882573
20.199821,50,5047.39254
17.54576,46,5050.606882
16.408328,43,5053.045812
13.903765,36,5054.82346
-0.582312,12,5055.456532
21.036286,63,5058.513387
23.089035,64,5061.670602
13.378235,34,5063.326764
30.172532,86,5067.596667
0.064356,14,5068.315635
35.04153,101,5073.356178
19.983049,56,5076.137015
9.23832,37,5078.051028
15.572031,44,5080.232259
9.906481,27,5081.621069
10.863612,31,5083.960095
9.118091,25,5085.496094
9.50613,24,5087.216218
6.538826,18,5088.470912
11.224877,29,5090.116351
0.559252,2,5090.233185
0.818254,17,5091.10426
35.337219,99,5096.059211
5.143578,14,5096.7542
17.838669,92,5101.33
13.031702,36,5103.160758
1.027913,16,5103.994827
3.232858,10,5104.499263
10.190872,29,5105.959346
3.872398,11,5106.524593
1.315561,4,5106.730159
18.93166,51,5109.232559
5.75397,15,5109.990513
6.927581,19,5110.95688
3.468379,10,5111.467055
7.631706,20,5112.486873
17.237658,47,5114.800711
11.120826,32,5116.379689
18.305997,51,5119.764431
51.540452,129,5126.421494
15.621037,40,5128.436041
8.532019,39,5130.406406
0.593383,15,5131.189201
10.166908,28,5132.753191
0.372833,16,5134.0383
22.980419,62,5139.856895
5.321523,15,5140.597487
8.616197,23,5141.752441
0.947616,3,5141.916558
11.606442,29,5143.373789
-1.974615,8,5143.820649
7.756484,22,5144.933155
17.869959,47,5147.289026
20.54745,63,5150.46319
10.779993,30,5152.002163
5.196585,15,5152.795789
10.159306,27,5154.12039
-2.488859,7,5154.480167
9.938784,29,5155.966365
13.349985,35,5157.787151
10.780205,27,5159.154962
8.000186,25,5160.396214
15.354394,42,5162.526323
11.290028,31,5164.086853
22.966572,56,5166.860083
38.281501,109,5172.253996
13.935611,36,5174.710943
3.989758,11,5175.455721
18.27993,56,5179.099833
1.957075,6,5179.500539
14.513619,37,5181.92063
0.331789,15,5182.681168
-0.031792,14,5183.363864
45.584224,112,5188.952985
12.500605,38,5190.841131
22.752459,65,5194.124629
0.736677,15,5194.911979
0.544221,2,5195.04825
10.691214,47,5197.386442
5.313545,14,5198.085953
7.678645,54,5200.731541
7.436895,32,5202.331772
16.821025,45,5204.551274
26.279226,77,5208.386405
15.474177,41,5210.382598
5.521688,28,5211.779787
18.189765,48,5214.169188
11.020592,31,5215.812745
17.130099,44,5218.898407
13.698264,34,5221.407127
45.335828,159,5229.630638
5.321565,14,5230.360977
4.798688,13,5231.003752
1.896978,17,5231.918555
13.908302,41,5233.988097
-0.074305,13,5234.639163
24.897914,64,5237.883567
6.676743,18,5238.795368
28.331878,89,5243.180175
1.090707,15,5243.959276
-0.096992,14,5244.675062
8.001592,40,5248.820766
5.461866,16,5249.746282
14.171595,51,5252.901374
0.571391,17,5253.79355
2.085149,6,5254.127198
14.969131,39,5256.08935
12.838087,33,5257.718331
16.080674,79,5261.583872
-2.012444,8,5262.013976
-1.777294,9,5262.471279
0.537294,2,5262.588988
20.443967,63,5265.774225
21.512845,86,5270.040918
20.267313,60,5273.062385
17.484602,50,5275.558801
11.36312,29,5277.424965
16.352633,48,5280.893858
7.263133,32,5282.972996
7.161659,19,5283.951642
27.228931,69,5287.3483
6.936383,19,5288.289353
5.358908,15,5289.072592
9.249469,28,5290.46451
10.532512,27,5291.80727
38.048646,176,5300.544586
1.503287,17,5301.412113
2.435822,7,5301.771367
9.010774,23,5302.928114
3.702817,11,5303.486931
30.809105,77,5307.837346
10.520167,30,5309.757339
0.006115,15,5310.854865
17.413853,50,5314.004943
11.100189,29,5315.462529
11.932016,33,5317.120242
15.762001,41,5319.144147
18.296932,68,5322.453794
10.331723,29,5323.942451
7.486947,22,5325.07275
7.356281,20,5326.076359
3.062379,9,5326.560737
2.454267,7,5326.946689
18.177449,56,5329.740933
-2.058634,9,5330.180201
26.85679,71,5333.674918
9.099902,24,5334.886395
3.237956,21,5335.901592
0.105399,13,5336.871698
12.572316,34,5339.273697
4.934436,28,5341.138872
9.445667,28,5342.58072
10.014311,27,5343.962693
3.084121,22,5345.074183
1.449033,18,5346.037031
16.402058,40,5348.041012
9.624351,28,5349.413022
4.682934,26,5350.761521
1.144945,16,5352.078049
-2.250773,8,5352.734747
4.88157,14,5353.513128
13.967208,37,5356.085617
6.518155,19,5357.403607
8.10431,23,5358.910784
-2.415078,7,5359.256935
10.619184,27,5362.366007
8.4698,24,5363.658915
4.953714,39,5365.633532
9.26701,28,5367.106925
16.672256,55,5369.897618
7.238951,21,5370.956784
43.465634,110,5378.307629
22.83597,67,5381.716672
10.929401,44,5383.928302
-1.235731,10,5384.413052
10.515391,31,5385.944801
4.853685,14,5386.777885
9.561434,26,5388.680036
27.50014,92,5394.364133
38.924593,116,5400.07625
12.315059,35,5401.810659
11.439966,36,5403.640808
10.242254,40,5405.693391
10.925966,43,5407.812321
10.393716,30,5409.318536
19.905599,56,5412.409196
16.113077,49,5415.771176
8.869638,24,5417.360858
11.045315,31,5419.296296
11.700468,45,5421.628901
6.148639,17,5422.52582
5.539021,15,5423.306369
3.322979,10,5423.843169
18.492246,47,5426.163697
7.344413,20,5427.181759
-1.872189,9,5427.629573
22.49477,67,5430.908586
19.985496,56,5433.668652
0.503062,2,5433.782939
-1.129241,11,5434.359201
24.665027,66,5437.614316
1.705892,19,5438.549296
13.980205,36,5440.290003
22.000309,61,5444.428472
38.313707,126,5451.94136
11.801454,33,5453.606731
18.635046,54,5456.330779
1.459489,18,5457.28414
26.693461,76,5461.03497
13.7647,38,5462.935774
12.066875,50,5465.501115
6.466982,18,5466.415045
4.459714,12,5467.048387
3.748652,11,5467.621422
11.188566,32,5469.173512
9.488893,26,5470.515054
15.264707,39,5474.137119
14.492502,41,5476.095706
10.909489,48,5478.446685
13.734341,37,5480.297029
10.315291,26,5481.590348
15.609574,41,5483.655872
20.126747,83,5488.748626
15.196424,44,5491.926934
26.259529,74,5495.673699
23.648869,72,5499.265689
5.887001,16,5500.058838
29.343872,76,5503.928157
10.795601,47,5506.348468
-1.996667,8,5506.785376
1.010702,18,5507.6951
10.739328,27,5509.029734
5.492202,17,5509.929014
2.598095,20,5510.942421
17.156926,50,5513.466199
17.624059,67,5517.750039
6.472144,18,5519.016222
10.311836,30,5521.207924
10.024323,65,5525.759488
9.515653,27,5527.262864
16.538002,55,5530.090326
5.364867,15,5530.874026
17.846115,49,5533.283688
0.524734,2,5533.42345
5.688674,16,5534.248895
9.590488,26,5535.578947
7.341449,21,5536.6628
18.39492,45,5538.9162
7.679943,24,5540.1333
3.540146,10,5540.687566
19.314716,50,5543.266812
10.590233,29,5544.748895
19.88959,50,5547.250681
13.261911,56,5550.108114
4.059707,11,5550.68476
4.041755,11,5551.265019
2.485782,7,5551.615821
6.202546,18,5552.560013
8.791043,25,5553.801171
15.868046,42,5555.923776
10.497671,26,5557.675341
10.195028,28,5559.587633
2.582718,8,5560.159156
2.726718,20,5561.581048
8.560403,22,5563.153592
18.98239,53,5566.59277
-1.896497,9,5567.093348
-2.157848,8,5567.531196
26.3371,63,5570.764616
-0.817357,11,5571.334386
0.547166,2,5571.450983
2.509711,21,5572.501825
16.669741,49,5575.004401
-2.01812,8,5575.44241
8.782214,26,5576.777802
8.953122,25,5578.042473
20.671177,56,5580.833244
11.554907,34,5582.576702
-0.01328,14,5583.307588
38.180042,105,5590.220923
12.252118,33,5591.908887
14.540733,51,5594.557433
34.062347,84,5598.674143
16.041719,43,5601.148957
33.082612,146,5610.527321
1.252601,4,5610.789007
32.688797,78,5614.775499
4.294665,26,5616.106756
45.927511,138,5623.051152
33.224697,96,5627.868496
10.031437,44,5630.078418
36.444118,103,5635.186966
10.278011,28,5636.600635
3.695858,11,5637.168436
22.629733,56,5639.929255
7.672234,21,5640.988304
-0.62051,12,5641.736037
16.574916,44,5644.632917
1.193519,16,5645.727028
37.587002,93,5651.305828
11.752879,31,5652.866524
2.267142,7,5653.272763
18.030421,56,5656.143958
16.085596,48,5658.535773
21.067018,57,5661.320006
8.609689,24,5662.540303
21.739523,84,5666.765652
38.332186,140,5673.813113
20.076784,56,5676.561261
9.693744,36,5678.687158
16.915389,55,5682.419465
2.302541,7,5682.867404
2.237537,21,5684.333114
29.591745,82,5688.718462
0.045269,13,5689.370999
7.346889,34,5691.057512
51.480834,162,5700.909345
14.130924,38,5702.82859
2.743007,21,5703.87997
-0.947387,11,5704.456763
10.167824,63,5707.576313
16.312141,46,5709.829776
5.206128,25,5711.065659
22.962968,56,5714.145574
14.248348,37,5716.673809
12.791022,35,5718.712175
11.570254,45,5720.876291
0.541886,15,5721.65767
22.113484,61,5724.718352
9.520425,25,5725.970562
-2.909667,6,5726.275355
-1.779489,9,5726.7402
3.150645,10,5727.252322
7.039027,19,5728.492351
10.101984,29,5730.443634
7.002679,19,5731.521719
2.74634,24,5732.73513
20.898076,64,5735.945139
3.848,11,5736.515186
23.363942,71,5740.038289
8.740709,23,5741.741533
4.017961,25,5743.482577
6.026589,16,5744.546741
3.872744,11,5745.302157
10.69677,29,5747.139596
33.651777,106,5752.368392
10.355068,33,5753.985281
5.526971,16,5754.799895
44.019715,127,5761.729628
24.833006,61,5765.686034
11.719843,33,5767.379084
42.43313,154,5774.963868
5.732894,16,5775.801991
11.773396,33,5777.46927
16.961984,86,5781.713614
7.658409,20,5782.69569
31.461461,83,5787.979444
9.812583,28,5789.930682
6.602101,18,5790.800952
19.775165,53,5793.452205
12.400906,34,5795.17094
21.590081,62,5798.160847
5.201337,40,5800.091524
14.04676,57,5802.876715
7.64879,21,5803.880326
11.776433,35,5805.658268
12.294326,34,5807.323354
3.360617,10,5809.54938
20.173231,59,5812.832937
44.720695,176,5823.541036
6.516893,52,5826.210014
21.555367,66,5829.51622
5.117233,14,5830.263102
49.485659,176,5838.984542
9.475199,40,5840.943708
10.064945,84,5845.107717
11.888283,34,5846.824132
11.111047,28,5848.198913
52.703253,176,5857.770451
7.195683,20,5859.115865
13.90433,41,5861.879813
0.516543,2,5862.049103
6.413547,19,5863.382031
7.511915,22,5864.478518
12.325069,34,5866.152985
41.464183,133,5872.737389
11.70012,45,5874.993413
6.120982,30,5876.509849
14.229566,39,5878.420002
13.440585,40,5880.41019
5.815491,16,5881.200866
6.505312,18,5882.057559
8.50327,47,5884.439487
3.484991,25,5885.684522
20.348233,66,5888.887317
13.941976,39,5890.851153
6.611111,20,5891.885936
9.325928,28,5893.277905
17.9096,49,5895.775095
21.867374,61,5899.842266
3.004619,9,5900.474812
15.17087,45,5903.638333
34.271563,90,5908.088437
3.650257,24,5909.315412
16.65162,48,5911.766209
8.389726,24,5912.99508
0.540988,2,5913.106647
2.856231,23,5914.280248
16.046788,68,5917.682007
3.010963,8,5919.796874
2.468587,7,5920.180019
6.026162,17,5921.024312
25.589706,69,5924.499245
12.225733,49,5926.959709
-1.348595,10,5927.480411
7.974521,22,5928.603232
9.807106,60,5931.654585
27.925266,70,5935.427837
18.837116,53,5938.444107
4.794367,14,5939.452891
30.545916,93,5945.285985
15.195994,39,5947.241638
34.795518,94,5951.8159
18.426056,49,5954.25317
12.834891,38,5956.14625
7.525534,21,5957.243276
32.728822,124,5963.357783
39.675025,176,5973.174285
24.231927,75,5977.632321
43.333849,168,5985.965756
4.626889,13,5986.638442
11.490401,29,5988.096833
5.969199,29,5989.517235
6.011742,16,5990.322843
10.966201,68,5993.693256
10.877313,33,5995.330457
13.366273,37,5997.223524
3.163097,10,5998.041386
13.373616,39,6000.667021
33.386856,118,6006.574913
26.326182,79,6010.887336
13.781976,53,6014.068709
21.530492,131,6021.178673
8.892395,25,6022.847803
7.8305,22,6024.394299
13.717471,36,6026.385431
15.327721,42,6028.455799
17.802126,55,6033.699978
10.63066,51,6037.057235
24.559796,73,6040.591317
6.163463,50,6043.017381
14.847608,43,6045.916113
11.733057,33,6047.991966
12.058002,34,6050.315451
16.508932,47,6052.68369
-2.214644,8,6053.095135
14.158656,45,6055.300946
41.049115,176,6063.85376
11.080141,60,6066.758464
11.314931,49,6069.982455
36.043125,141,6077.805479
12.371444,33,6079.48578
8.864287,59,6082.359721
6.105709,31,6083.953628
19.243754,55,6086.692453
8.166781,74,6090.403914
14.394769,81,6094.285522
-2.405377,7,6094.664528
10.08475,67,6097.857405
9.496405,25,6099.088187
0.851763,16,6099.849771
17.651101,53,6102.378617
14.446928,49,6104.708267
22.341532,112,6109.861154
2.740813,8,6110.270556
9.832709,37,6112.053177
16.386163,55,6114.722891
14.712118,39,6116.576084
6.072806,18,6117.455775
6.483398,18,6118.353044
7.377282,22,6119.40661
27.047462,78,6123.149473
28.858127,89,6127.43299
21.378665,110,6132.714977
6.359776,31,6134.208271
6.867623,36,6137.647627
14.120285,42,6139.713126
18.439589,90,6144.000876
4.16768,23,6145.104683
11.864642,29,6146.530645
1.056229,18,6147.42431
20.911416,54,6150.021396
29.993186,88,6154.190407
23.014137,63,6157.220119
12.92228,37,6158.99088
9.421438,28,6160.360359
24.072548,75,6163.904487
19.521367,57,6166.639885
15.463623,43,6168.714181
8.843857,42,6170.794935
14.746983,45,6172.914928
4.786627,28,6174.243447
45.497349,176,6182.506176
22.556887,102,6187.288967
50.827735,176,6197.481188
25.742756,75,6201.17377
22.287334,59,6203.973891
47.794741,176,6214.113697
3.394757,10,6214.6263
16.922899,46,6216.94591
21.108522,51,6219.506216
8.654337,46,6221.810667
24.030593,69,6225.214784
33.197633,86,6229.455675
7.539537,21,6231.130385
4.233422,12,6231.839465
45.468358,176,6241.399872
3.520409,23,6244.290438
6.325457,50,6246.798983
17.038338,70,6250.706314
14.449466,40,6253.21693
22.290587,76,6257.717128
8.24936,58,6260.571949
26.118784,80,6264.63304
2.189211,19,6265.593285
13.519825,38,6267.491529
0.906881,17,6268.360838
33.515363,99,6274.235346
13.859327,111,6280.476433
6.448444,36,6282.2902
7.690598,55,6285.065232
7.26533,22,6286.164278
16.961641,72,6289.761052
9.355629,67,6293.053581
6.154524,32,6294.666444
15.829908,47,6297.836762
4.031747,12,6298.678323
18.903597,73,6302.488097
36.374763,176,6312.441762
9.216974,54,6315.16126
3.901413,11,6315.73784
5.146382,28,6317.104145
5.217878,15,6317.884871
13.013276,37,6319.696122
29.883814,82,6324.589378
15.410636,43,6326.732255
8.484948,50,6329.54968
16.006882,48,6332.807344
10.306727,29,6334.238894
40.358021,176,6344.479168
2.353416,23,6345.680794
1.860094,19,6346.651939
0.540943,16,6347.447577
13.364914,39,6349.351516
18.650961,57,6352.149695
8.364361,39,6354.237875
18.225652,77,6361.44124
10.461046,67,6364.651154
35.42857,101,6369.614605
17.080472,81,6373.590266
-1.645523,9,6374.044662
1.611096,22,6375.157554
24.312444,76,6378.966474
12.028411,39,6380.901748
18.303282,82,6385.81367
3.839934,11,6386.607172
9.953147,27,6388.447402
10.476126,29,6390.162121
3.381581,24,6391.382897
6.75498,17,6392.248981
32.101035,88,6396.564456
11.819891,33,6398.491482
3.078694,43,6401.448015
41.386076,176,6411.260558
40.316373,176,6421.374931
28.421527,128,6427.617428
0.116774,14,6428.309686
37.8965,115,6435.182114
5.048667,14,6436.177593
25.949403,74,6440.701327
14.34759,39,6442.590641
14.516569,36,6444.389048
5.292678,15,6445.135906
15.782013,46,6447.43987
22.716368,95,6452.20329
-0.32849,13,6452.844196
4.128256,12,6453.43168
3.727229,26,6454.71367
9.38692,27,6456.004258
5.105541,29,6457.402324
35.321605,113,6464.376767
11.03956,30,6465.917963
23.616112,69,6471.098011
-1.979446,8,6471.641346
-1.006692,11,6472.523784
3.079092,22,6473.995436
2.02686,18,6475.286378
32.112817,173,6484.427125
20.926861,56,6488.154016
-1.776616,9,6488.832658
31.482124,85,6493.153524
29.637903,80,6497.08522
-1.307467,11,6497.625834
4.760836,13,6498.297797
14.501442,73,6502.732331
47.738801,171,6512.142922
9.217752,54,6515.749462
0.634546,15,6516.797358
16.987017,47,6519.514318
-1.636071,9,6519.99983
20.071119,86,6524.305423
17.723451,48,6526.700479
10.457969,30,6528.179078
15.144142,45,6530.460564
5.74624,29,6532.493342
0.044093,14,6533.456404
12.708234,35,6535.804131
8.05596,22,6537.115406
6.474903,50,6539.55846
37.248175,112,6545.150152
7.822043,50,6547.627123
40.643186,104,6553.341434
12.214152,32,6555.196259
26.932393,84,6559.390287
10.590062,29,6561.059141
5.600376,43,6563.999397
12.166206,54,6567.52509
29.89625,116,6573.216887
8.789181,24,6574.42249
18.538405,52,6577.06192
7.131574,20,6578.100132
14.928479,40,6580.111549
4.589246,32,6581.773365
21.660462,60,6587.218137
-1.118959,10,6587.818951
1.789877,21,6589.238635
48.0917,117,6595.195364
22.362142,93,6600.706276
35.723049,111,6606.819089
7.749591,23,6608.038145
8.090347,37,6609.929305
15.620259,59,6612.954245
26.143675,66,6617.477329
53.941518,153,6625.482713
8.476613,36,6627.295425
3.317296,22,6628.411301
30.110407,80,6632.399817
20.514885,51,6634.989144
5.637838,29,6636.466993
2.442646,20,6637.45577
-2.727391,6,6637.765087
4.750775,13,6638.467957
4.934689,28,6639.840122
25.485631,62,6643.754859
18.114765,50,6646.784821
0.138928,14,6647.518276
6.593402,48,6649.916529
16.201283,49,6652.416906
3.695203,24,6653.62341
19.840053,50,6656.072464
27.8141,76,6660.628244
18.605483,67,6664.224384
-1.06795,10,6664.974415
24.823536,111,6671.994639
3.242369,21,6673.063979
15.861287,39,6675.042301
1.337956,18,6675.964125
17.912975,64,6679.094015
4.521595,24,6680.30439
13.133062,65,6684.347132
16.687128,63,6688.030255
9.906324,42,6690.185825
6.082131,18,6691.090055
14.187492,57,6694.471149
23.141214,69,6698.255329
19.989507,83,6704.86224
31.640935,92,6709.659813
20.425841,54,6713.201857
2.036807,19,6714.468274
16.429638,59,6717.907559
33.59533,78,6721.891682
-2.669597,6,6722.234089
-2.48306,7,6722.598958
13.267899,34,6724.347609
0.317844,15,6725.153508
21.992845,67,6728.538122
3.433238,24,6729.760478
24.543615,60,6733.09141
8.014149,33,6735.390314
1.479828,16,6736.543344
12.583873,53,6739.560612
13.283725,34,6741.29766
36.471795,116,6747.279775
14.255852,40,6749.380245
8.54651,22,6751.038775
1.95767,19,6752.257202
13.863203,37,6754.62192
18.302256,93,6759.385093
9.644326,39,6761.327541
16.481807,51,6764.791575
3.004761,23,6766.366133
0.986761,17,6767.460899
2.134859,20,6768.511612
4.544149,13,6769.190525
18.0256,50,6771.713865
3.617765,43,6773.895755
3.385299,22,6775.037272
15.682064,43,6777.282013
29.312355,76,6781.189504
6.332405,17,6782.351115
10.71222,56,6785.878279
52.271183,134,6793.619208
14.98529,43,6795.887234
12.326286,31,6797.458249
34.194942,97,6802.378331
1.032606,15,6803.148189
-0.623459,11,6803.963175
8.083473,21,6805.410818
18.339402,49,6808.437203
15.558966,44,6810.636956
10.211758,28,6812.071776
16.960516,39,6813.993809
23.26155,69,6820.199625
3.545866,11,6820.837002
-0.504667,12,6821.448494
12.173012,31,6823.015137
13.857513,36,6824.841786
13.653312,34,6826.58236
14.804018,39,6828.55053
6.178026,30,6830.069068
6.42209,31,6831.583694
23.703368,60,6834.753427
7.912197,33,6836.934399
14.608793,38,6838.850681
8.315991,54,6841.61755
22.297687,57,6845.328767
16.97256,43,6848.045625
18.3976,68,6851.456585
4.263855,11,6852.018669
13.855974,40,6853.99479
12.113611,38,6855.929513
23.599688,60,6858.926111
18.696874,45,6861.176807
5.872262,17,6862.030977
8.833161,23,6863.158263
10.44954,39,6865.08212
12.68708,32,6867.169939
5.602859,17,6868.205734
20.443018,54,6871.52363
15.294777,42,6873.600471
1.469333,18,6874.483486
3.634785,10,6874.987355
15.218506,39,6876.935448
17.691604,66,6880.269256
2.096881,20,6881.270708
12.951814,34,6882.963043
6.652533,17,6883.848609
34.218759,101,6890.387193
0.681955,16,6891.212637
29.468242,74,6894.989176
4.515288,13,6895.658308
2.271934,21,6896.741335
1.979145,6,6897.052256
8.524797,49,6899.379775
9.114035,24,6900.542267
12.222844,45,6902.757165
0.687522,16,6903.585779
3.302569,26,6905.376998
31.836535,101,6911.274537
0.051537,14,6911.99835
-1.550574,9,6912.451111
-0.078281,13,6913.163563
3.048764,20,6914.148278
-1.908442,8,6914.562986
19.461208,49,6917.018397
6.315868,30,6918.495
13.574889,37,6920.783333
9.894545,26,6922.387765
-2.684685,6,6922.835303
19.631686,46,6925.855972
0.555883,15,6926.934476
17.252262,70,6932.463397
9.430893,41,6934.525519
0.99069,15,6935.286828
-2.025929,8,6935.711467
15.687797,46,6938.0074
7.877538,36,6939.785524
-0.247228,13,6940.433129
14.291579,64,6943.614893
15.399839,70,6947.074354
0.326801,15,6947.851713
20.632592,71,6951.45385
10.806105,46,6953.728262
18.300534,64,6957.535332
1.812526,19,6958.792963
37.775978,95,6964.388988
2.696446,22,6965.487278
54.547486,155,6973.152844
2.463201,21,6974.229528
9.328963,38,6976.148566
21.358045,101,6981.148854
34.238266,134,6989.505675
12.116982,76,6993.317208
10.322383,59,6996.26768
17.927816,95,7002.112149
37.137337,123,7009.817769
4.958776,41,7012.339123
3.428566,25,7013.619553
22.758553,98,7018.528309
18.643394,62,7021.575641
3.496343,24,7022.79979
14.493509,38,7024.709923
17.454413,51,7027.233481
0.869219,16,7028.047282
47.186109,120,7035.741449
6.627847,33,7037.59863
