#{"t_start": 1774360642.9004798, "env_id": "continuous-exit-v0"}
r,l,t
0.456199,2,6.615901
0.45733,2,6.713832
1.298006,4,6.928802
0.46299,2,7.046313
1.124064,4,7.280899
1.563044,5,7.553948
0.470619,2,7.652178
1.724279,5,7.92282
0.506419,2,8.038284
-3.229554,5,8.31954
0.548925,2,8.416454
1.923945,6,8.772511
1.30457,4,8.986831
1.890851,6,9.283218
2.20183,6,9.611611
1.442315,5,9.877314
0.484907,2,9.992396
0.900663,3,10.16376
2.675685,7,10.51663
0.347694,2,10.614673
0.506989,2,10.712173
2.650109,7,11.052605
0.938131,3,11.194355
0.925178,3,11.356655
2.614149,7,11.762947
2.129704,6,12.081283
-3.567661,4,12.298076
2.052292,6,12.635596
0.326525,2,12.733459
1.080766,4,12.945973
1.619899,5,13.201161
2.349007,7,13.572623
2.966993,8,13.965108
0.941992,3,14.138119
1.640503,5,14.413202
0.335437,2,14.527575
1.28066,4,14.723432
0.35014,2,14.841686
0.517408,2,14.960528
1.877869,6,15.292637
0.485271,2,15.407318
0.910035,3,15.561038
1.831787,5,15.813052
1.242076,4,16.025247
0.980566,3,16.198895
0.519071,2,16.314503
2.099897,6,16.663161
0.530509,2,16.759025
0.544586,2,16.875867
0.561212,2,16.992189
-0.457764,10,17.505043
0.332627,2,17.6206
4.25411,11,18.210447
0.540638,2,18.30793
0.338037,2,18.425106
0.554201,2,18.54343
0.444798,2,18.657862
0.522457,2,18.773721
1.313217,4,18.987519
0.343187,2,19.103839
0.934143,3,19.2591
-3.257631,5,19.530656
0.518207,2,19.644723
0.543426,2,19.742775
0.526073,2,19.83987
1.36422,4,20.017422
0.508238,2,20.132919
0.509741,2,20.248705
2.158375,6,20.543244
0.55325,2,20.659526
0.549011,2,20.774965
0.567671,2,20.870892
0.336878,2,20.987598
0.921306,3,21.161301
0.344134,2,21.256521
-3.287956,5,21.527999
0.49454,2,21.641828
0.915485,3,21.796758
0.353564,2,21.912198
0.518596,2,22.027587
-3.262109,5,22.281181
-2.232598,7,22.616455
0.513015,2,22.731925
0.533847,2,22.830768
0.529491,2,22.930873
0.534844,2,23.048159
-1.197117,10,23.6086
-3.30561,5,23.881087
-2.304824,7,24.285332
0.449749,2,24.403093
0.516473,2,24.501053
0.747469,3,24.639703
3.417297,10,25.209414
1.675764,5,25.480456
1.9406,6,25.790326
3.424585,9,26.262118
1.108135,4,26.475486
0.532776,2,26.59005
2.755456,7,26.965588
-2.85044,6,27.312649
-3.198401,5,27.565895
0.541011,2,27.664205
0.898022,3,27.821598
0.34474,2,27.939148
0.548033,2,28.056712
0.896159,3,28.232466
0.54418,2,28.332455
0.563974,2,28.430997
0.347171,2,28.547104
-1.263879,9,29.033889
0.530361,2,29.130547
0.519101,2,29.226712
3.492462,9,29.677729
1.359397,4,29.907992
0.568776,2,30.006859
0.541495,2,30.10429
1.322232,4,30.3202
0.531241,2,30.434323
1.985419,6,30.76428
0.527612,2,30.880709
-3.500723,4,31.093472
-3.46155,5,31.364348
0.531817,2,31.481423
0.533531,2,31.595588
0.898852,3,31.769667
0.533669,2,31.884194
0.503938,2,31.998976
0.346201,2,32.113249
5.464393,14,32.852827
0.315261,2,32.966809
0.532128,2,33.084025
2.513359,7,33.440727
0.321109,2,33.556407
1.622538,5,33.828295
-3.100056,5,34.098222
0.936673,3,34.250829
0.934384,3,34.409796
0.515678,2,34.509043
2.440611,7,34.860399
0.552126,2,34.974819
0.518994,2,35.072469
1.186197,4,35.267095
0.545446,2,35.381267
0.56027,2,35.495778
0.519767,2,35.610805
0.546543,2,35.7265
2.382739,7,36.100524
2.047925,6,36.40841
0.324267,2,36.505442
0.541929,2,36.601936
0.552595,2,36.700385
0.946393,3,36.874701
0.555093,2,36.971762
1.212013,5,37.242059
1.350254,4,37.470399
0.911208,3,37.641099
0.504081,2,37.756132
0.33671,2,37.872164
0.525046,2,37.987343
0.517212,2,38.084726
0.508575,2,38.198197
0.568862,2,38.314743
0.534834,2,38.430439
0.515758,2,38.545892
1.3207,4,38.758407
3.573478,10,39.259361
0.561055,2,39.357594
0.530058,2,39.472758
-2.331205,6,39.805649
0.46122,2,39.921841
0.512486,2,40.04052
1.268209,4,40.254689
0.336899,2,40.373871
0.356699,2,40.469703
0.507784,2,40.568599
0.558008,2,40.667523
-3.488972,5,40.942837
0.511622,2,41.040058
0.521257,2,41.156221
0.518923,2,41.271277
0.888049,3,41.42815
1.286012,5,41.680062
0.477078,2,41.794579
0.544249,2,41.908631
0.495456,2,42.023349
0.562681,2,42.139024
0.552052,2,42.255274
0.456876,2,42.370008
0.777194,3,42.54131
0.952284,3,42.678446
0.531122,2,42.777668
0.510622,2,42.874094
0.509719,2,42.972547
-3.019986,5,43.242824
0.52655,2,43.341153
0.349932,2,43.439279
0.937862,3,43.579298
0.867548,3,43.720329
3.022817,8,44.119538
0.520363,2,44.215134
0.86675,3,44.387626
2.513066,7,44.725327
0.347364,2,44.822706
0.9107,3,44.996683
0.511708,2,45.111475
0.560304,2,45.22834
-2.085044,7,45.572529
0.97392,3,45.729201
1.748231,5,46.017509
2.800999,8,46.463008
0.514374,2,46.578176
-3.388839,5,46.832372
-2.719771,6,47.179463
1.603764,5,47.433884
0.33217,2,47.531555
0.535461,2,47.629966
0.566784,2,47.748291
0.528664,2,47.862355
0.519175,2,47.976602
0.971411,3,48.130263
0.328822,2,48.227574
0.572749,2,48.326316
0.576521,2,48.440964
0.481585,2,48.554324
2.162149,6,48.867942
0.506852,2,48.981662
0.545327,2,49.078414
1.279126,4,49.30865
0.552957,2,49.423715
0.893692,3,49.578977
0.896007,3,49.732899
0.553509,2,49.83106
0.557433,2,49.947935
0.534011,2,50.062911
0.933352,3,50.236429
0.041384,12,50.848059
0.340868,2,50.944883
0.510702,2,51.04292
0.927356,3,51.200854
-2.150753,7,51.573657
-3.054483,5,51.843522
0.568264,2,51.95774
0.899742,3,52.113741
0.357603,2,52.234287
-3.587504,4,52.448612
0.564222,2,52.545274
0.549412,2,52.642157
0.897246,3,52.79766
0.544266,2,52.89427
0.490892,2,53.010306
-2.509222,7,53.383923
3.749226,11,53.984077
0.518123,2,54.097515
0.542753,2,54.213755
0.55529,2,54.312328
1.605913,5,54.57124
0.560153,2,54.689971
3.037934,8,55.15679
2.097152,6,55.484596
0.313941,2,55.599216
0.94246,3,55.771669
0.946716,3,55.942497
0.910387,3,56.098965
0.345728,2,56.195301
3.638946,10,56.691389
0.513317,2,56.805226
2.396559,7,57.156135
0.531681,2,57.27205
0.864087,3,57.444933
0.524584,2,57.56127
0.31617,2,57.658232
0.872364,3,57.830073
1.670008,5,58.083279
0.876693,3,58.242326
-3.574068,4,58.440797
0.53632,2,58.556083
0.52949,2,58.670574
0.561772,2,58.785949
2.112168,7,59.119718
0.921284,3,59.291651
0.547795,2,59.407659
1.287992,4,59.620124
2.149195,6,59.933728
-2.533096,6,60.229192
0.545329,2,60.344283
0.34635,2,60.461341
-3.599804,4,60.67795
1.970772,6,60.989212
0.521086,2,61.102513
0.961165,3,61.258936
0.501769,2,61.356348
0.520348,2,61.45341
0.528358,2,61.569482
0.54945,2,61.683867
1.25013,4,61.897316
2.826738,8,62.306493
0.330221,2,62.422234
0.525372,2,62.536723
0.513835,2,62.65199
0.464949,2,62.767548
-3.52472,4,62.999982
-2.93415,5,63.271542
0.520949,2,63.36858
0.469958,2,63.484313
0.332842,2,63.598844
1.520525,5,63.869876
-3.534352,4,64.099349
0.529368,2,64.196116
0.357347,2,64.294673
0.530817,2,64.393376
0.564346,2,64.511043
0.509992,2,64.609126
2.522237,7,64.977108
0.569713,2,65.091502
0.513731,2,65.206214
0.466272,2,65.321256
0.542837,2,65.4361
1.584756,5,65.70756
0.927691,3,65.860252
0.324267,2,65.980657
3.09082,8,66.3927
1.736084,5,66.646821
0.521017,2,66.744159
1.244075,4,66.939493
2.240775,6,67.250398
0.545979,2,67.35005
-3.111697,5,67.64038
0.557183,2,67.756902
0.713297,3,67.931216
0.510253,2,68.047138
2.232457,7,68.401876
1.989361,6,68.695038
0.520435,2,68.791745
1.653981,5,69.044654
0.496921,2,69.158945
-3.723562,4,69.387751
0.587353,2,69.504546
0.45907,2,69.620742
0.710584,3,69.794523
0.918761,3,69.950864
0.537539,2,70.048055
0.530786,2,70.16327
0.50845,2,70.280891
0.5407,2,70.39474
2.094825,6,70.706744
0.326857,2,70.802664
2.361163,7,71.169159
0.543911,2,71.285065
0.518435,2,71.381681
0.953156,3,71.535959
0.879369,3,71.691958
0.515961,2,71.806944
1.707387,5,72.094489
0.498712,2,72.208105
4.679921,12,72.816458
0.558655,2,72.936925
0.513938,2,73.055818
0.538299,2,73.154319
1.145339,4,73.349765
4.069871,11,73.961555
0.574419,2,74.05849
2.121261,7,74.413337
1.615942,5,74.701336
0.544658,2,74.816725
0.543301,2,74.913131
0.340557,2,75.028257
1.99547,6,75.340374
0.561032,2,75.454915
1.22776,5,75.706675
0.504759,2,75.823574
2.361811,7,76.21256
0.523578,2,76.309483
-2.528649,7,76.668812
0.325563,2,76.784282
0.563232,2,76.899298
-2.674033,6,77.227128
0.939241,3,77.383015
1.369016,4,77.580197
0.579731,2,77.696366
0.548182,2,77.813547
0.514776,2,77.928511
0.516737,2,78.027972
0.549101,2,78.144733
0.537629,2,78.26047
1.420625,4,78.454709
0.937526,3,78.628567
0.559711,2,78.74293
0.523394,2,78.842524
1.54047,5,79.081789
0.588874,2,79.180086
3.769907,10,79.714679
1.972815,6,80.029003
0.859957,3,80.18373
0.499684,2,80.299876
0.535458,2,80.397413
0.33757,2,80.512606
1.425164,5,80.785964
0.515765,2,80.882155
3.30183,10,81.390162
0.537433,2,81.505125
1.563182,5,81.774279
0.872446,3,81.930102
1.842268,5,82.166123
0.847224,3,82.340218
-3.38729,5,82.593696
0.516988,2,82.689659
0.507046,2,82.789194
1.585701,5,83.059834
0.521991,2,83.174875
0.325359,2,83.272997
0.547616,2,83.390756
0.526252,2,83.506655
0.536663,2,83.603735
-3.225174,5,83.895266
0.552397,2,83.992242
0.518686,2,84.091996
0.552899,2,84.191576
0.574708,2,84.30857
1.685642,5,84.544969
1.046672,4,84.743322
0.520521,2,84.841223
-2.832154,6,85.159926
0.558466,2,85.273786
0.936939,3,85.444265
1.925743,6,85.834132
0.539998,2,85.949923
0.51688,2,86.063794
0.315902,2,86.179329
1.878117,6,86.509129
1.707069,5,86.798073
0.529939,2,86.912056
2.070403,6,87.204784
0.503772,2,87.302096
0.551913,2,87.419339
0.907764,3,87.575105
0.547432,2,87.67347
0.952915,3,87.80898
-1.069804,9,88.281996
0.51964,2,88.378807
1.67897,5,88.632473
-3.161606,5,88.998213
0.535616,2,89.094514
1.276605,4,89.289318
-3.068593,5,89.746024
0.538147,2,89.859072
2.268792,7,90.225592
2.22929,6,90.53509
0.915407,3,90.706885
1.295683,4,90.901639
0.863936,3,91.055537
-3.395745,5,91.291018
1.164829,4,91.522521
2.43777,7,91.889166
1.792714,6,92.219439
2.13237,6,92.529361
0.54639,2,92.626751
1.620292,5,92.89658
0.496782,2,93.008787
1.671026,5,93.277348
0.247869,12,93.974526
0.54099,2,94.089342
0.343078,2,94.185531
1.34071,4,94.398471
0.311285,2,94.512568
0.469482,2,94.627068
-1.502692,10,95.149699
0.33257,2,95.247996
0.541077,2,95.364137
1.357296,4,95.577034
0.72651,3,95.731245
0.560092,2,95.846901
0.539083,2,95.942873
-3.457733,4,96.158408
-3.041868,6,96.470001
-2.976605,5,96.721608
0.553913,2,96.835261
1.538953,5,97.087397
0.558658,2,97.201906
1.230353,4,97.411809
0.716568,3,97.548185
0.518856,2,97.666022
0.991242,3,97.838704
1.084643,4,98.048349
-3.131261,5,98.319603
1.706784,5,98.553262
0.508275,2,98.667966
3.622405,10,99.179924
0.90797,3,99.3369
2.209267,6,99.648901
4.790632,11,100.237584
0.515628,2,100.334612
2.387265,7,100.688858
0.565046,2,100.802956
0.890108,3,100.957024
0.513424,2,101.073915
0.529855,2,101.192711
1.308977,4,101.421034
0.515484,2,101.535176
0.321278,2,101.65084
-3.700738,4,101.861433
1.588055,5,102.113232
0.513635,2,102.226989
0.546094,2,102.34094
3.838163,10,102.853359
0.538905,2,102.968466
1.248949,4,103.200959
-2.206675,7,103.57102
0.543679,2,103.685982
0.586914,2,103.803849
0.759828,3,103.979578
0.531225,2,104.094012
-1.843015,8,104.526153
0.526505,2,104.640409
6.254555,16,105.4712
0.537897,2,105.567349
0.933841,3,105.739509
0.523513,2,105.855458
0.905346,3,106.007764
0.542621,2,106.123382
1.656188,5,106.375097
1.485475,5,106.664713
1.700577,5,106.951192
1.300791,4,107.16541
0.513958,2,107.263577
0.525584,2,107.378872
1.507969,5,107.648331
0.558519,2,107.764751
0.349193,2,107.862184
-3.085597,5,108.139044
0.900035,3,108.292991
1.604196,5,108.531538
0.93725,3,108.688015
2.067754,6,109.002631
1.549526,5,109.291002
0.892488,3,109.470662
3.092265,9,109.959963
1.610798,5,110.228359
0.954773,3,110.387425
1.691454,5,110.659117
0.539373,2,110.773714
0.937977,3,110.945458
1.707034,5,111.219471
0.528868,2,111.317602
2.008945,6,111.619509
0.960598,3,111.775564
1.739752,5,112.065551
0.900586,3,112.219324
0.326436,2,112.334996
-2.9465,5,112.573522
0.943433,3,112.728029
0.327493,2,112.842057
2.093836,6,113.188334
-3.498309,4,113.420263
1.699637,5,113.674328
-3.367567,5,113.94861
0.861282,3,114.102638
1.401216,5,114.37774
1.239364,4,114.609983
0.917719,4,114.829541
1.363159,4,115.052554
0.556514,2,115.154309
0.523816,2,115.257021
2.666257,7,115.621866
0.491266,2,115.723552
0.536911,2,115.843415
-2.871552,6,116.166041
0.5461,2,116.283696
0.332994,2,118.49752
1.669424,5,118.788353
1.249807,4,118.999231
3.351536,8,119.396717
0.528554,2,119.494076
0.552121,2,119.609656
0.350224,2,119.725587
0.329147,2,119.840955
0.865353,3,120.01432
0.496093,2,120.130645
0.514718,2,120.227788
0.547771,2,120.324579
0.518823,2,120.422126
0.557734,2,120.539274
0.528451,2,120.654102
0.51626,2,120.771051
-3.081839,5,121.050294
0.957127,3,121.206166
1.284679,4,121.422031
0.553409,2,121.537783
0.560319,2,121.652313
0.507585,2,121.766322
0.915299,3,121.940761
0.914559,3,122.111927
0.53486,2,122.229673
1.232915,4,122.45997
0.513893,2,122.574086
0.472701,2,122.671423
0.558438,2,122.788414
2.05639,6,123.121601
2.672554,7,123.492944
0.514614,2,123.589012
0.460769,2,123.687409
2.147647,6,123.987327
0.326792,2,124.105586
0.496842,2,124.227108
0.520609,2,124.342307
-3.105021,5,124.630399
0.536219,2,124.743292
0.551464,2,124.859505
0.311285,2,124.973965
4.111415,11,125.579448
1.423933,5,125.834332
0.355038,2,125.933485
1.452106,5,126.190949
1.5567,5,126.448256
0.339184,2,126.565425
0.347555,2,126.665188
0.547507,2,126.763407
0.523488,2,126.861446
0.495687,2,126.975669
0.529514,2,127.090585
0.567888,2,127.205629
-1.00608,10,127.734808
3.480834,9,128.211362
0.335134,2,128.325145
0.33725,2,128.423722
0.949975,3,128.581482
-3.679496,4,128.795033
0.551401,2,128.908785
0.547478,2,129.007405
0.536896,2,129.107172
0.544796,2,129.224695
-3.642674,4,129.439151
1.099202,4,129.67089
0.525414,2,129.767944
0.542969,2,129.884124
0.547523,2,130.000781
0.538609,2,130.114554
0.949696,3,130.26763
0.36466,2,130.382466
0.513909,2,130.496916
-3.197864,5,130.74831
0.554935,2,130.847498
-3.396941,4,131.046654
0.532215,2,131.163384
0.523191,2,131.277996
3.345532,8,131.710011
0.537831,2,131.825362
0.533425,2,131.942174
0.806951,3,132.114067
0.533277,2,132.230264
0.547555,2,132.344381
0.494788,2,132.458791
0.479835,2,132.574347
0.552243,2,132.690805
0.533375,2,132.80503
0.473542,2,132.90345
1.811775,6,133.216222
2.683731,7,133.566484
3.1221,9,134.018971
0.515878,2,134.116101
0.528097,2,134.23051
1.213048,4,134.443182
2.126077,6,134.74009
0.545148,2,134.8556
1.903559,6,135.183809
0.314871,2,135.298883
0.529436,2,135.413821
0.530873,2,135.530031
0.524056,2,135.645176
1.992067,6,135.946776
0.354724,2,136.062736
0.510135,2,136.178158
5.479096,14,136.940478
1.708933,5,137.181965
0.958234,3,137.322465
0.543132,2,137.442254
0.533539,2,137.557314
0.539914,2,137.674803
1.930892,6,138.00562
0.531554,2,138.123259
0.360667,2,138.237518
1.2712,5,138.49209
1.231271,4,138.70406
0.548551,2,138.818812
0.522822,2,138.933141
0.457021,2,139.051138
0.317356,2,139.167256
0.915501,3,139.340154
1.498819,5,139.628484
0.560867,2,139.743109
-3.468421,4,139.974428
2.15358,6,140.287555
2.381898,7,140.64458
0.509731,2,140.760429
0.509513,2,140.858363
1.835417,5,141.130288
0.515918,2,141.24369
1.066768,4,141.476923
0.520292,2,141.590788
2.545351,7,141.946184
0.320471,2,142.065504
0.511389,2,142.180715
0.89105,3,142.333812
0.460436,2,142.449977
0.477599,2,142.546947
0.532491,2,142.663793
0.55553,2,142.778214
1.069132,4,143.008726
-3.030432,5,143.261863
0.53404,2,143.379114
0.378668,2,143.494724
0.555703,2,143.612045
0.915639,3,143.788031
0.567031,2,143.907967
0.540999,2,144.023709
0.926738,3,144.179433
0.907463,3,144.339299
0.521539,2,144.459339
0.523837,2,144.574619
1.506973,5,144.828402
1.576759,5,145.122396
1.074743,4,145.335259
0.531304,2,145.433303
0.537599,2,145.548348
1.519319,5,145.836112
0.463656,2,145.951648
-3.021475,5,146.241578
0.344884,2,146.356383
2.023507,6,146.651576
0.936002,3,146.808808
0.481739,2,146.924314
1.917824,6,147.224415
1.725576,5,147.480408
0.514773,2,147.577462
0.784243,3,147.750988
1.823045,5,148.020811
0.50768,2,148.135907
0.561473,2,148.254713
2.475837,7,148.647684
-3.00989,5,148.899794
0.551602,2,148.998265
0.521685,2,149.119106
0.538414,2,149.234809
0.932814,3,149.39324
0.538708,2,149.512106
0.465932,2,149.630675
0.518069,2,149.74459
0.520571,2,149.86015
1.586763,5,150.134736
0.470158,2,150.231847
0.972232,3,150.387864
0.322978,2,150.505486
0.723943,3,150.659316
5.249565,12,151.258476
1.815911,5,151.550016
1.297617,4,151.74351
0.880436,3,151.920375
0.524243,2,152.039219
0.556362,2,152.15341
0.540393,2,152.270217
0.317054,2,152.384688
0.537531,2,152.481434
0.595577,2,152.579235
0.887201,3,152.738633
2.686222,7,153.098045
0.512571,2,153.21338
1.866553,6,153.560883
0.522836,2,153.676224
1.676448,5,153.965257
0.520555,2,154.080281
2.084534,6,154.395023
0.540352,2,154.491511
0.552927,2,154.589748
0.567004,2,154.707953
0.321533,2,154.824578
0.519355,2,154.940121
0.509433,2,155.05459
0.344446,2,155.169987
0.316583,2,155.285354
0.329734,2,155.401942
0.550818,2,155.500064
1.201741,4,155.694926
3.087003,8,156.10498
1.356441,4,156.31758
-3.051697,5,156.591836
0.435121,2,156.70973
0.507595,2,156.826139
1.516649,5,157.083593
0.831009,3,157.257427
0.531828,2,157.373204
0.893463,3,157.511207
0.470528,2,157.631812
0.454178,2,157.748102
0.572955,2,157.864461
0.509226,2,157.98029
0.53117,2,158.077468
0.521999,2,158.175665
1.306616,4,158.4094
-2.923767,5,158.665539
1.209,4,158.86094
1.540923,5,159.119155
2.460846,7,159.507403
0.343474,2,159.604139
0.947547,3,159.76046
0.550104,2,159.875877
0.370785,2,159.992555
0.857219,3,160.163963
0.534049,2,160.27813
0.543267,2,160.376379
1.654807,5,160.652742
1.51065,5,160.924756
1.295068,4,161.136421
0.535451,2,161.232597
1.601087,5,161.5233
0.970886,3,161.679128
1.610978,5,161.937148
1.251288,4,162.171643
2.141302,6,162.48456
1.360428,4,162.683509
2.519462,7,163.057615
0.340677,2,163.172513
0.856003,3,163.346325
0.322823,2,163.461616
0.546167,2,163.577637
-3.167403,5,163.836469
0.559628,2,163.950834
0.334065,2,164.065863
1.334505,4,164.281049
0.86396,3,164.436398
0.322579,2,164.551877
-2.600217,6,164.865739
0.915827,3,165.041898
0.339718,2,165.162657
1.403375,5,165.398442
0.52533,2,165.495182
0.526215,2,165.594146
0.530815,2,165.709279
0.505852,2,165.809563
0.894772,3,165.9656
0.534384,2,166.082858
2.544895,7,166.437215
0.902424,3,166.611032
0.352147,2,166.708042
1.792755,5,166.998092
2.775284,8,167.389412
0.321414,2,167.505912
0.549509,2,167.626578
0.535466,2,167.725608
0.56358,2,167.824122
0.57468,2,167.940592
0.88665,3,168.113148
0.347069,2,168.227337
0.529288,2,168.343235
0.345164,2,168.45929
0.52088,2,168.576816
0.330245,2,168.697349
0.89246,3,168.854376
0.567525,2,168.968691
0.526311,2,169.066202
-3.144353,5,169.322706
1.586048,5,169.576223
0.528451,2,169.692319
0.550449,2,169.807724
0.533709,2,169.923356
1.700508,6,170.22058
0.546475,2,170.317473
0.545527,2,170.415407
0.98227,3,170.590129
0.579824,2,170.686397
0.509301,2,170.802799
-3.741595,4,171.036246
0.496156,2,171.133393
0.507095,2,171.250378
2.110705,7,171.621456
0.526397,2,171.717739
0.547789,2,171.81507
1.710815,5,172.087548
0.342497,2,172.203838
0.956517,3,172.382197
0.550972,2,172.47897
0.50941,2,172.577268
0.523183,2,172.675492
0.503063,2,172.775091
0.893314,3,172.93638
0.559857,2,173.054032
0.454234,2,173.151033
0.539914,2,173.267333
0.498453,2,173.364922
0.5646,2,173.463751
0.509811,2,173.580335
0.523418,2,173.69697
0.548737,2,173.812568
1.02417,3,173.969296
1.347159,4,174.16895
0.550776,2,174.268649
0.520531,2,174.369722
0.946765,3,174.526643
0.33725,2,174.642047
0.533451,2,174.758514
-3.370194,5,175.047866
0.895986,3,175.221823
0.523804,2,175.323658
0.334001,2,175.443973
0.332256,2,175.560803
0.873525,3,175.733681
0.544529,2,175.830822
0.538669,2,175.928972
0.522649,2,176.027566
0.8947,3,176.182955
0.499004,2,176.297827
0.494226,2,176.396187
0.502156,2,176.512123
1.355315,4,176.725354
0.891227,3,176.880372
0.478547,2,176.977443
1.538274,5,177.232759
1.34716,4,177.464299
2.056479,6,177.776588
1.289477,4,177.993861
0.513061,2,178.109163
1.305021,4,178.312218
0.32986,2,178.435375
1.437528,5,178.687681
0.3272,2,178.784379
1.512062,5,179.076269
1.449598,5,179.329685
-3.534865,5,179.605543
0.556965,2,179.720603
-3.146599,5,179.993365
1.115745,4,180.209323
0.501021,2,180.326569
0.524934,2,180.443715
0.537958,2,180.559063
-3.351617,5,180.819653
0.552442,2,180.936192
2.101746,6,181.258283
1.114377,4,181.454786
-1.1065,9,181.944698
-1.82531,8,182.375268
1.920035,6,182.689383
0.509008,2,182.802795
0.86886,3,182.977787
0.892257,3,183.133994
0.45319,2,183.231978
1.63515,5,183.483331
0.509504,2,183.581527
0.532612,2,183.680804
0.316796,2,183.778861
0.548279,2,183.896725
-3.106865,5,184.135025
0.527222,2,184.232429
0.527312,2,184.331832
1.972914,6,184.671734
0.562187,2,184.768218
0.526853,2,184.868732
0.897456,3,185.028721
0.949041,3,185.18706
-3.413184,5,185.442803
0.524103,2,185.55813
1.17598,4,185.774945
1.657349,5,186.028223
0.356484,2,186.144847
1.735593,5,186.416656
0.985756,3,186.58871
2.782291,7,186.943538
2.814622,8,187.390053
0.542108,2,187.504298
0.528393,2,187.619959
0.334441,2,187.737443
0.494371,2,187.852399
0.728226,3,188.006269
0.736223,3,188.16549
1.334568,4,188.38396
0.897912,3,188.558063
0.458207,2,188.65924
0.353096,2,188.779088
2.230401,7,189.154598
0.546673,2,189.270542
0.568456,2,189.388661
0.516382,2,189.507377
0.541339,2,189.622514
-3.431394,4,189.836384
0.545549,2,189.951284
0.894426,3,190.107279
0.545236,2,190.205051
1.382398,4,190.421992
0.917508,3,190.597348
2.135332,6,190.927085
1.247813,4,191.140575
0.529135,2,191.257681
1.306709,4,191.461862
0.552401,2,191.563333
0.54703,2,191.684154
0.544047,2,191.798438
0.95512,3,191.936531
0.697446,3,192.074849
0.524143,2,192.191257
0.541572,2,192.307974
0.709524,3,192.481512
0.556664,2,192.596933
0.342323,2,192.712176
0.948241,3,192.870575
0.948273,3,193.046217
-2.262279,7,193.418452
0.319649,2,193.53279
0.541132,2,193.649111
2.027979,6,193.945548
0.907834,3,194.11988
0.511333,2,194.234905
0.930935,3,194.406936
0.340803,2,194.524854
0.355545,2,194.639319
0.350686,2,194.737789
2.140639,7,195.144762
0.707521,3,195.281755
4.368068,12,195.904567
0.542077,2,196.01912
0.532597,2,196.136519
0.55896,2,196.252507
0.545263,2,196.368935
0.522956,2,196.486235
-2.717609,6,196.818214
1.231875,4,197.031889
1.292327,5,197.250478
1.291115,4,197.46763
0.479247,2,197.583655
0.353138,2,197.681484
0.325307,2,197.778798
-2.767563,6,198.092905
0.54807,2,198.208792
0.498243,2,198.329427
0.51127,2,198.426662
1.94561,6,198.725852
-3.122946,5,198.999141
1.671765,5,199.271224
0.5182,2,199.38834
0.535153,2,199.488117
0.515349,2,199.605794
0.539671,2,199.705507
-2.699609,6,200.008726
0.518515,2,200.128485
0.547624,2,200.244856
0.895915,3,200.418579
0.491449,2,200.532721
3.544186,9,201.005421
0.347938,2,201.101791
4.206411,11,201.672118
1.567168,5,201.962302
0.510815,2,202.078069
0.709366,3,202.234024
0.508353,2,202.33233
0.523972,2,202.433026
0.526098,2,202.532239
1.326992,4,202.765486
0.546899,2,202.864596
1.886286,6,203.159886
-1.128278,9,203.670159
1.973664,6,203.985202
0.523618,2,204.1002
0.510926,2,204.216258
0.507855,2,204.330998
0.533648,2,204.430425
-3.547074,4,204.628125
0.901268,3,204.804412
0.531859,2,204.91986
0.483976,2,205.034219
0.514564,2,205.133544
0.559228,2,205.248811
1.486027,5,205.522729
0.909879,3,205.679698
0.913047,3,205.837826
0.541785,2,205.954072
0.52038,2,206.068894
0.340753,2,206.184424
0.537624,2,206.298541
0.562032,2,206.414788
0.538247,2,206.531763
0.882745,3,206.68817
1.597167,5,206.982164
-2.297914,7,207.351156
0.558038,2,207.44841
0.730193,3,207.604886
0.553101,2,207.720404
-2.992123,5,207.961394
0.519585,2,208.078607
0.517242,2,208.180497
6.554393,17,209.105412
2.089594,6,209.417487
1.74626,5,209.670192
1.012564,3,209.844194
0.892318,3,210.000423
0.876498,3,210.154436
0.330178,2,210.252245
0.524121,2,210.367872
0.35292,2,210.465486
0.84075,3,210.625098
0.522992,2,210.722659
0.527067,2,210.820704
2.265121,6,211.140468
1.645618,5,211.39384
0.326611,2,211.491703
2.838131,8,211.905257
0.901338,3,212.079701
1.274922,4,212.277441
0.536103,2,212.394143
0.347124,2,212.511775
0.902844,3,212.685171
1.48759,5,212.958324
0.965079,3,213.112318
0.457534,2,213.212704
2.414832,7,213.607526
0.530128,2,213.723469
0.515297,2,213.820489
0.534027,2,213.917835
1.7268,5,214.172978
0.923943,3,214.328372
2.175432,6,214.658371
0.534681,2,214.773977
2.681895,8,215.194213
0.324908,2,215.308491
1.647094,5,215.581795
0.49676,2,215.696578
0.519632,2,215.79421
1.597095,5,216.0681
0.503981,2,216.182932
0.541156,2,216.301173
1.298388,4,216.499893
0.546478,2,216.618575
0.922509,3,216.777764
0.334223,2,216.893184
-3.437823,5,217.166689
0.95571,3,217.338747
2.176297,6,217.616874
0.54769,2,217.736058
0.72248,3,217.908331
0.570019,2,218.023278
0.497023,2,218.138655
-3.52177,4,218.370062
1.692742,5,218.656821
0.531053,2,218.774303
0.507114,2,218.890333
0.92186,3,219.065221
0.914652,3,219.219053
3.436082,9,219.711363
-3.333899,4,219.924729
0.550726,2,220.03973
1.626165,5,220.294163
0.881142,3,220.451318
0.492626,2,220.568032
0.514938,2,220.669129
0.476707,2,220.786294
0.529644,2,220.901683
1.349107,5,221.172122
-3.305977,5,221.444499
0.516519,2,221.558232
0.534565,2,221.655298
0.926331,3,221.829483
1.510006,5,222.10958
0.530892,2,222.225475
0.316785,2,222.326007
0.548408,2,222.424795
0.487129,2,222.540101
0.45382,2,222.654848
0.88762,3,222.8278
0.931969,3,223.000536
0.469918,2,223.115799
0.505813,2,223.230849
1.056115,4,223.44687
0.510579,2,223.561288
0.53391,2,223.66211
-2.715636,6,223.995467
2.951572,8,224.389753
-3.201231,5,224.662743
1.565589,5,224.902136
2.023478,7,225.295104
0.544518,2,225.411015
0.553391,2,225.512575
0.517124,2,225.612989
-1.723008,8,226.076906
1.317176,4,226.298287
0.543643,2,226.400293
0.92712,3,226.561761
-1.504773,8,226.967629
0.569456,2,227.085982
0.963518,3,227.247827
-3.032706,5,227.527913
0.330769,2,227.644218
2.143789,6,227.973783
0.541023,2,228.069623
0.820736,3,228.246275
0.509931,2,228.342777
0.563942,2,228.459376
0.531413,2,228.575571
1.667665,5,228.828941
0.535843,2,228.944213
1.559268,5,231.167608
2.903353,8,231.599674
0.339262,2,231.718686
0.343434,2,231.83649
0.546057,2,231.951591
0.530288,2,232.066984
3.188174,8,232.464653
0.877997,3,232.618489
0.318816,2,232.735589
0.314977,2,232.850461
0.541952,2,232.950657
0.57207,2,233.047173
5.09783,13,233.790471
0.697027,3,233.965004
0.33251,2,234.080124
0.351201,2,234.177427
0.566283,2,234.294175
1.288184,4,234.526311
2.074313,6,234.838662
0.329117,2,234.952299
0.523334,2,235.068218
0.549367,2,235.184021
-2.851627,7,235.555865
0.526556,2,235.672029
1.040421,4,235.90479
0.324267,2,236.019297
0.932357,3,236.158359
0.863872,3,236.337232
0.334483,2,236.451751
0.933059,3,236.607791
0.502018,2,236.723333
1.400378,5,236.977994
0.530943,2,237.075096
0.503722,2,237.175882
0.324113,2,237.274926
0.569393,2,237.391612
1.266152,4,237.610477
0.540889,2,237.727712
0.339486,2,237.842603
0.341189,2,237.958773
1.406272,4,238.190012
0.332072,2,238.304944
0.525286,2,238.420819
0.498449,2,238.519416
2.43534,7,238.909432
0.344644,2,239.024718
0.543479,2,239.124676
1.713162,5,239.382912
0.509285,2,239.49904
0.544193,2,239.596157
0.345262,2,239.711043
1.092624,4,239.925356
1.265676,4,240.157559
2.114659,6,240.485811
0.51323,2,240.600583
0.538829,2,240.715268
0.538271,2,240.814966
0.901404,3,240.992052
1.550184,5,241.281539
0.326822,2,241.396544
0.510837,2,241.511778
0.550244,2,241.627705
0.917994,3,241.786553
-1.33527,9,242.241264
0.337576,2,242.338457
0.938051,3,242.497149
0.884024,3,242.673574
0.532013,2,242.770643
0.519644,2,242.871333
0.571824,2,242.991087
1.62526,5,243.279689
0.538242,2,243.394829
0.31469,2,243.510627
0.327947,2,243.625843
1.64545,5,243.882957
0.538085,2,243.980018
0.894814,3,244.153762
0.525951,2,244.268912
1.285907,4,244.501123
1.299988,4,244.71309
0.933503,3,244.886044
0.324267,2,245.000113
0.539929,2,245.115598
0.524706,2,245.214932
0.530917,2,245.313024
0.349972,2,245.428932
0.335477,2,245.526604
1.857496,5,245.818441
0.521798,2,245.915712
0.89004,3,246.052092
0.339273,2,246.167836
0.542736,2,246.283107
0.549843,2,246.398612
0.488069,2,246.515729
0.955697,3,246.688865
0.564797,2,246.810042
0.944502,3,246.968397
0.54031,2,247.067497
0.292626,14,247.760902
0.314784,2,247.857294
0.522735,2,247.955623
1.571791,5,248.229386
0.344613,2,248.325996
0.560637,2,248.42422
-3.05494,5,248.679941
1.671632,5,248.968224
4.095503,11,249.591688
-3.527516,4,249.804472
2.042384,6,250.115889
0.535697,2,250.234184
0.350228,2,250.349025
2.367475,7,250.685567
0.503878,2,250.783804
3.400995,8,251.233253
0.756535,3,251.387665
0.525387,2,251.504697
2.200473,6,251.840036
0.523493,2,251.955992
-1.343139,9,252.413749
-3.531776,4,252.629124
0.526803,2,252.744124
2.51954,7,253.098513
0.488391,2,253.212676
0.549156,2,253.328297
3.309307,9,253.824111
0.506575,2,253.938282
0.526893,2,254.0403
0.974724,3,254.198044
0.942168,3,254.357332
0.862358,3,254.49436
0.552338,2,254.59363
0.338027,2,254.711303
0.542448,2,254.832199
-0.261315,11,255.460651
0.922544,3,255.634341
0.528951,2,255.7323
0.542991,2,255.847497
0.492649,2,255.962838
1.11399,4,256.176838
0.921733,3,256.333285
0.529068,2,256.449327
0.346166,2,256.568233
-1.443949,8,257.001473
0.505596,2,257.099787
0.874922,3,257.239143
1.649902,5,257.51753
3.3941,9,258.009998
0.524422,2,258.124736
0.477838,2,258.240316
1.309214,4,258.476825
0.512986,2,258.593215
0.498222,2,258.70869
0.938819,3,258.881474
2.780604,7,259.255603
2.00929,6,259.592025
0.507228,2,259.690777
0.503841,2,259.807643
1.729949,5,260.06423
0.467194,2,260.180374
0.837165,3,260.338196
0.507348,2,260.438489
0.347866,2,260.556555
0.331884,2,260.653819
-3.060944,5,260.945478
0.449293,2,261.060992
0.537107,2,261.157634
0.520472,2,261.2768
0.32438,2,261.393622
1.235541,4,261.60594
0.330705,2,261.721592
2.541979,7,262.077418
0.520244,2,262.175977
0.538579,2,262.275498
0.517212,2,262.390762
-2.840937,6,262.692623
0.519523,2,262.807526
1.241686,4,263.020136
1.252957,4,263.238155
0.700412,3,263.394396
-3.103768,5,263.68751
0.528331,2,263.802138
0.517453,2,263.917513
0.551786,2,264.033872
0.514984,2,264.151442
0.331268,2,264.25173
1.748789,6,264.601658
0.882901,3,264.755901
1.833231,6,265.070181
-3.077893,5,265.327948
0.579434,2,265.425281
0.335214,2,265.525714
0.318267,2,265.641532
0.551465,2,265.756476
0.498586,2,265.854581
-2.614119,6,266.157018
0.488005,2,266.274477
0.930384,3,266.431133
0.465689,2,266.54558
0.320664,2,266.663016
0.956082,3,266.818902
0.551786,2,266.919224
0.562663,2,267.018758
0.544777,2,267.138567
0.560748,2,267.256463
0.332226,2,267.371944
2.132363,6,267.720497
0.533349,2,267.836266
0.349583,2,267.934224
0.539541,2,268.049298
0.326092,2,268.147192
0.521262,2,268.244981
0.538549,2,268.343867
-3.269084,5,268.60656
1.373935,4,268.807824
0.715011,3,268.983361
0.559351,2,269.082278
1.319955,4,269.279886
0.524284,2,269.396212
1.271366,4,269.62766
-1.237991,8,270.074852
0.539518,2,270.189344
0.341946,2,270.304073
0.566868,2,270.419922
0.525658,2,270.517373
0.557487,2,270.615556
0.512444,2,270.732815
0.538965,2,270.831245
-3.423945,5,271.103832
0.550507,2,271.200674
1.583397,5,271.494637
0.906008,3,271.649003
1.62489,5,271.923154
1.331277,4,272.154632
1.335028,4,272.368217
0.517972,2,272.48402
0.534783,2,272.597496
0.550385,2,272.713676
0.672196,3,272.868046
2.148734,6,273.161538
0.329552,2,273.258614
0.32131,2,273.375934
1.239019,4,273.592155
3.76799,9,274.064102
-3.630743,4,274.300561
0.544956,2,274.420319
0.546091,2,274.537957
2.985531,8,274.987714
0.324425,2,275.101602
0.353276,2,275.218728
0.548051,2,275.332908
0.321888,2,275.44978
0.361073,2,275.566235
0.342246,2,275.664985
0.317682,2,275.762651
0.523302,2,275.860315
0.922084,3,276.034358
0.563219,2,276.151964
0.551253,2,276.266403
1.231369,4,276.501387
0.932306,3,276.656897
0.862402,3,276.812846
0.875356,3,276.968345
0.348483,2,277.066492
0.538571,2,277.183351
0.327201,2,277.297466
0.91599,3,277.454124
0.512462,2,277.569925
-2.723117,6,277.90072
0.514099,2,278.017439
0.522719,2,278.131155
0.543737,2,278.24794
0.85366,3,278.40286
0.327756,2,278.520358
1.311864,4,278.734619
2.095124,6,279.085314
0.331664,2,279.19968
0.33244,2,279.315106
1.584701,5,279.605601
0.364084,2,279.720773
0.868059,3,279.895973
0.52918,2,280.011617
0.531833,2,280.126972
2.608538,7,280.498958
1.143028,4,280.713349
0.560425,2,280.829624
0.523697,2,280.926522
0.534924,2,281.023963
0.536072,2,281.139808
0.560962,2,281.256009
1.201859,4,281.452682
0.572374,2,281.550406
0.517049,2,281.650066
1.403453,4,281.884719
-2.632681,7,282.241049
0.515131,2,282.357233
2.901679,8,282.787192
0.450761,2,282.90147
0.906547,3,283.074479
2.145543,7,283.444577
0.517169,2,283.560317
0.529051,2,283.675968
0.547363,2,283.77295
0.918022,3,283.929666
0.51529,2,284.049033
0.548948,2,284.164618
0.88653,3,284.318324
0.539831,2,284.419597
0.705446,3,284.595199
2.005147,6,284.944815
0.356203,2,285.059456
0.55134,2,285.173703
1.27604,4,285.389305
3.192215,9,285.847368
0.883591,3,286.019915
0.512276,2,286.134385
0.523796,2,286.250204
-3.472301,4,286.448617
1.757552,5,286.708434
0.362191,2,286.823959
0.944928,3,286.979187
0.540293,2,287.07713
0.325796,2,287.177122
1.763068,5,287.429666
0.527176,2,287.528038
0.498518,2,287.628106
0.324139,2,287.745451
0.976614,3,287.883102
0.526739,2,287.999893
0.543049,2,288.116318
0.515485,2,288.231922
0.526309,2,288.329028
0.512689,2,288.42625
0.544016,2,288.525652
0.537912,2,288.645005
0.950575,3,288.803877
0.8939,3,288.960494
1.114965,4,289.178811
0.523981,2,289.29361
1.314563,4,289.506884
1.529909,5,289.776691
2.03025,6,290.076429
2.117653,6,290.407331
0.556009,2,290.50422
-3.153163,5,290.779118
0.522615,2,290.893827
2.180389,6,291.152663
0.54062,2,291.255059
1.24967,4,291.452498
1.600726,5,291.72882
1.85657,6,292.040143
0.864764,3,292.214106
2.014984,6,292.528058
0.540851,2,292.647204
1.302008,4,292.842969
0.340515,2,292.961908
0.342089,2,293.08146
0.945107,3,293.243109
1.271742,4,293.472796
0.550834,2,293.588467
0.329274,2,293.686135
0.511436,2,293.783237
2.410994,7,294.178961
0.557528,2,294.294218
0.511935,2,294.409594
0.328201,2,294.526405
0.52468,2,294.641037
0.344878,2,294.757466
0.804801,3,294.930912
0.557283,2,295.046386
0.538232,2,295.163042
0.542213,2,295.279427
1.236534,4,295.500592
0.534512,2,295.616346
0.346938,2,295.713871
0.869719,3,295.888144
2.048905,6,296.201349
0.581531,2,296.318586
0.550143,2,296.418019
0.502628,2,296.520039
1.24914,4,296.718076
1.735194,5,296.995165
0.476352,2,297.109951
0.540918,2,297.226377
0.547343,2,297.342114
1.448269,5,297.614107
0.512336,2,297.729685
-2.893757,5,298.008198
0.525375,2,298.126238
1.148766,4,298.303808
0.34951,2,298.419353
0.346209,2,298.537247
0.35491,2,298.653436
1.349322,4,298.868754
1.704902,5,299.109858
1.515907,5,299.368258
0.331135,2,299.482161
0.705415,3,299.656403
0.51942,2,299.773017
0.362669,2,299.888768
1.144113,4,300.102138
0.346619,2,300.218792
1.72904,5,300.490981
0.895569,3,300.664305
0.574689,2,300.779398
0.545468,2,300.87652
0.520232,2,300.993423
0.526189,2,301.093179
0.945511,3,301.252506
0.526625,2,301.367199
0.533563,2,301.484673
0.546587,2,301.602203
0.93616,3,301.759491
1.807427,6,302.076475
0.32437,2,302.174433
0.529196,2,302.272362
0.530818,2,302.37158
0.515593,2,302.469548
0.321205,2,302.586679
0.336056,2,302.701648
0.561782,2,302.820534
0.91529,3,302.977262
0.525475,2,303.092232
0.560119,2,303.207404
0.339101,2,303.306327
0.513684,2,303.423286
0.479012,2,303.523364
0.331711,2,303.641961
1.77161,5,303.936891
0.748232,3,304.109854
1.310524,4,304.308736
2.165664,6,304.628275
0.892942,3,304.80091
-3.576117,4,305.016226
0.523409,2,305.115086
1.330716,4,305.314969
0.50532,2,305.413844
1.259184,4,305.612083
0.549015,2,305.71069
2.155651,6,306.046439
0.538558,2,306.161273
2.721139,8,306.576092
0.515977,2,306.691675
0.381148,2,306.790869
0.861059,3,306.928107
0.50394,2,307.026623
0.519984,2,307.143802
2.383432,7,307.480551
1.215807,4,307.716274
1.477684,5,307.987274
0.514304,2,308.105643
2.19055,6,308.421325
3.386111,9,308.90054
0.529236,2,309.017941
2.254668,6,309.33048
0.347335,2,309.447038
0.526761,2,309.545687
0.483755,2,309.6626
0.528271,2,309.779936
3.203282,8,310.21672
2.409726,7,310.572474
0.539589,2,310.670382
0.553471,2,310.766706
0.510029,2,310.866171
1.078712,4,311.079247
-2.613475,7,311.43831
0.524089,2,311.53663
0.870169,3,311.69302
0.567573,2,311.808644
2.704023,7,312.168828
0.557157,2,312.266277
1.16861,4,312.481363
-3.298828,5,312.735703
0.50989,2,312.833222
0.534488,2,312.951761
0.549793,2,313.066889
0.527773,2,313.184165
0.541072,2,313.303235
0.552848,2,313.41738
0.357642,2,313.516133
3.630053,10,314.045159
0.967054,3,314.202935
2.167196,6,314.558089
0.534643,2,314.673066
0.529857,2,314.771651
0.311285,2,314.872553
0.908978,3,315.047641
0.55719,2,315.162862
-2.992959,6,315.47944
-3.102365,5,315.749576
0.520337,2,315.866701
1.709142,5,316.13783
-3.13784,5,316.374416
0.530257,2,316.473583
0.560465,2,316.576412
0.526998,2,316.69669
0.571442,2,316.794858
0.334049,2,316.912619
0.524366,2,317.031696
0.911699,3,317.206686
0.531687,2,317.321973
1.361934,4,317.537814
0.53722,2,317.653006
0.528761,2,317.768582
0.543379,2,317.883633
0.363235,2,318.001661
1.678314,5,318.29056
0.324663,2,318.38949
0.343802,2,318.505651
0.549486,2,318.621628
1.483953,5,318.895089
0.57062,2,318.993875
0.529361,2,319.108695
-2.930266,5,319.367627
0.54306,2,319.465879
1.234584,4,319.70675
0.527633,2,319.809535
0.527241,2,319.928278
2.960487,8,320.401311
0.542306,2,320.516091
0.528922,2,320.63318
0.521215,2,320.748469
0.321377,2,320.863456
2.297602,7,321.274704
0.515336,2,321.388631
0.360641,2,321.506445
0.320341,2,321.624634
0.530488,2,321.741752
0.907837,3,321.898461
0.540396,2,322.017439
0.529553,2,322.132644
1.172717,4,322.365292
-3.056303,5,322.619886
0.342967,2,322.735286
0.477491,2,322.852133
0.54366,2,322.949623
2.8334,8,323.3446
1.22958,4,323.558035
0.52674,2,323.658658
0.50973,2,323.756237
0.948492,3,323.911932
0.524319,2,324.030525
0.509151,2,324.146688
0.530233,2,324.262108
2.391562,7,324.671093
2.084768,7,325.062515
1.286522,4,325.279048
2.534926,7,325.623765
0.519535,2,325.743395
0.530442,2,325.863113
3.476678,9,326.30674
0.521031,2,326.423769
1.585047,5,326.688257
0.529553,2,326.804013
0.530889,2,326.921486
0.954762,3,327.095989
0.333579,2,327.194538
2.826605,7,327.604264
0.532118,2,327.719175
0.350469,2,327.834939
3.241887,9,328.309155
1.194175,4,328.524409
0.45122,2,328.639832
-3.756853,4,328.839743
0.725677,3,328.99754
0.884313,3,329.154372
3.474863,8,329.531572
1.388052,4,329.749474
0.524495,2,329.866293
1.22525,4,330.064541
0.524009,2,330.182456
2.835926,8,330.62923
0.361462,2,330.743945
1.734535,6,331.059794
-2.458338,7,331.415669
0.357203,2,331.513102
0.515346,2,331.610754
2.11863,6,331.925933
0.555849,2,332.040912
0.337183,2,332.159138
0.587504,2,332.257199
0.376629,2,332.355963
0.520862,2,332.474487
0.573803,2,332.594571
0.521232,2,332.713244
1.010464,4,332.927673
0.54221,2,333.046602
0.530491,2,333.16188
0.52028,2,333.276382
-3.373032,4,333.494314
2.707419,7,333.848637
3.134128,8,334.273481
0.348728,2,334.371763
0.858815,3,334.531151
0.552229,2,334.649133
1.812786,5,334.942012
0.933406,3,335.098193
0.511509,2,335.21693
0.529541,2,335.331782
0.510577,2,335.448222
2.921677,7,335.861371
0.320005,2,335.97719
0.518727,2,336.076771
0.535216,2,336.174352
1.710416,5,336.451859
0.557199,2,336.551623
0.506502,2,336.648233
-2.278811,7,336.992339
0.528429,2,337.090849
0.52366,2,337.189202
0.562279,2,337.307548
1.804733,6,337.659293
0.895331,3,337.821785
1.54842,5,338.121537
0.568338,2,338.24425
-3.088786,5,338.525505
0.335701,2,338.644983
-1.891953,8,339.053983
0.861293,3,339.219281
0.451515,2,339.321998
0.325127,2,339.421857
1.265597,4,339.624969
0.949517,3,339.782358
0.517403,2,339.880152
0.549118,2,339.979399
0.728022,3,340.13487
0.521798,2,340.250515
0.869248,3,340.39217
0.951448,3,340.550414
1.758362,5,340.80916
0.536168,2,340.923766
0.544565,2,341.040939
0.371817,2,341.157084
0.514564,2,341.257651
0.98704,3,341.432298
-3.260473,5,341.728881
1.238709,4,341.964095
3.147962,8,344.357518
0.519081,2,344.473357
0.853034,3,344.649647
0.361033,2,344.765036
3.526377,9,345.278092
0.519096,2,345.394437
1.6689,5,345.633572
0.520938,2,345.751951
0.908933,3,345.908817
1.371303,4,346.139576
2.16646,6,346.435394
0.524287,2,346.533531
0.531574,2,346.634587
0.327646,2,346.7329
0.510253,2,346.83021
-3.06835,5,347.108135
1.681447,5,347.364845
0.336022,2,347.480963
0.358159,2,347.598381
0.332532,2,347.695937
0.544216,2,347.810848
0.553913,2,347.91151
-3.139292,5,348.16815
0.33936,2,348.282289
0.344774,2,348.401251
2.503461,7,348.811422
1.905814,6,349.124977
0.543436,2,349.243263
0.904799,3,349.398485
1.752143,5,349.664445
1.26613,4,349.880952
0.906824,3,350.059043
0.532387,2,350.159831
2.125163,6,350.475414
0.464315,2,350.574706
0.44594,2,350.67302
1.76941,5,350.949714
1.643659,5,351.223122
0.583941,2,351.337866
2.16849,6,351.673259
0.544717,2,351.790077
0.553231,2,351.907637
0.527469,2,352.024341
1.525337,5,352.317537
0.5268,2,352.417256
0.378439,2,352.517341
0.568357,2,352.636712
0.495811,2,352.752464
0.577604,2,352.850812
0.522276,2,352.965823
0.327562,2,353.082556
1.244786,4,353.316755
0.504633,2,353.415261
0.491979,2,353.531121
-0.765552,10,354.103872
0.91248,3,354.259348
0.448067,2,354.37637
0.51666,2,354.474311
0.536979,2,354.574765
1.069844,4,354.770598
0.355258,2,354.870738
-3.014266,5,355.128351
3.628591,10,355.643318
1.251762,4,355.879169
0.472823,2,355.994221
0.513224,2,356.108861
0.553551,2,356.226502
0.50502,2,356.34341
0.343636,2,356.459666
0.876523,3,356.634746
0.887728,3,356.808614
0.519448,2,356.906118
0.546286,2,357.005156
0.536004,2,357.10357
0.326428,2,357.201754
0.505272,2,357.301208
0.556257,2,357.418109
0.52583,2,357.517579
0.526063,2,357.616513
1.650566,5,357.879617
0.355211,2,358.000401
1.967563,6,358.33217
1.803351,6,358.631119
0.533947,2,358.729206
0.948251,3,358.903158
0.531021,2,359.019103
0.53251,2,359.137109
0.505288,2,359.255043
0.880831,3,359.413245
0.556975,2,359.51109
0.567363,2,359.613383
1.24709,4,359.816666
0.484077,2,359.915563
0.543347,2,360.034838
0.547341,2,360.150376
0.334894,2,360.270756
2.881453,8,360.695196
1.529053,5,360.954839
2.113794,6,361.304103
0.530298,2,361.419984
0.548137,2,361.536242
2.729613,8,361.97319
1.379044,4,362.187229
0.937799,3,362.346594
0.537671,2,362.44651
0.326092,2,362.544085
0.52689,2,362.664724
0.505856,2,362.765682
0.574235,2,362.86646
1.221145,4,363.083885
0.327897,2,363.200224
0.508915,2,363.318104
1.340356,4,363.522149
1.339099,4,363.754035
0.819979,3,363.891397
0.523973,2,364.0094
0.521752,2,364.110027
0.878639,3,364.285118
-3.05423,5,364.542183
1.20109,4,364.736285
2.226311,7,365.126831
0.497836,2,365.225708
0.510313,2,365.342499
0.882801,3,365.500405
0.694151,3,365.658851
0.557557,2,365.775003
0.537676,2,365.892415
1.283717,4,366.105381
0.717972,3,366.264387
3.360163,11,366.876713
0.547753,2,366.975664
0.45094,2,367.095037
0.52656,2,367.215112
0.34096,2,367.332011
0.326865,2,367.449733
0.358612,2,367.565166
0.347565,2,367.680814
0.532489,2,367.795497
0.472164,2,367.914044
0.324267,2,368.033168
1.52947,5,368.308502
1.321264,4,368.540104
0.940032,3,368.695092
0.505853,2,368.814553
0.550154,2,368.911482
0.341163,2,369.009289
0.349495,2,369.107929
0.507342,2,369.208496
0.878907,3,369.36787
1.811664,5,369.663405
0.545998,2,369.779105
0.523416,2,369.896333
0.533754,2,369.994466
-0.984923,9,370.503991
0.911198,3,370.642631
0.539261,2,370.759027
0.522398,2,370.876115
0.934687,3,371.033269
0.318823,2,371.149857
-2.995054,5,371.440949
0.344648,2,371.538284
0.534151,2,371.635312
0.939636,3,371.793953
1.268087,4,372.012837
0.555043,2,372.12831
0.535295,2,372.24672
0.517742,2,372.345818
0.529767,2,372.443447
0.509638,2,372.5418
0.874869,3,372.702667
-2.899327,6,373.016188
2.185858,6,373.366867
2.598207,7,373.741729
0.504345,2,373.856896
2.874794,7,374.197994
0.979047,3,374.355329
0.551248,2,374.47614
0.529693,2,374.591167
3.043927,8,375.023205
0.527757,2,375.139283
0.509994,2,375.255721
0.901089,3,375.411247
0.511714,2,375.52706
0.917292,3,375.684117
0.563105,2,375.782459
-1.688607,8,376.180815
0.343855,2,376.278293
-2.831497,5,376.536959
0.542497,2,376.653403
0.320633,2,376.768844
3.328619,9,377.24268
-2.410743,6,377.53771
0.340556,2,377.634864
0.885536,3,377.775084
0.867987,3,377.951071
1.997319,6,378.248497
0.513147,2,378.367517
0.564971,2,378.487262
0.712023,3,378.664613
0.522439,2,378.76317
0.48638,2,378.861566
0.921915,3,379.038225
0.891762,3,379.193547
2.978843,8,379.611557
0.910731,3,379.784845
0.332577,2,379.902427
0.343316,2,380.017498
-2.004748,7,380.408944
0.319682,2,380.524545
2.553174,7,380.934937
1.370134,4,381.149393
0.545152,2,381.270034
1.672568,5,381.547231
0.521002,2,381.66309
0.572013,2,381.778932
-1.983618,8,382.209926
0.529025,2,382.325758
1.745227,5,382.601129
-2.391448,7,382.976348
0.524176,2,383.091967
0.515494,2,383.209428
0.952634,3,383.386341
1.227882,4,383.61796
1.758146,5,383.911504
0.530405,2,384.008053
0.350184,2,384.124005
0.553433,2,384.242187
0.693183,3,384.418218
1.347894,4,384.631484
0.515918,2,384.748038
0.336469,2,384.865122
0.317726,2,384.981885
1.308981,4,385.195391
0.821249,3,385.352556
0.351109,2,385.469537
0.954193,3,385.647085
0.556277,2,385.76343
-0.602496,9,386.220415
0.488365,2,386.31758
-3.000592,5,386.574014
0.342557,2,386.69002
0.530247,2,386.80686
1.620075,5,387.064503
1.374483,4,387.261022
0.551269,2,387.359494
0.332131,2,387.457066
0.336037,2,387.574056
2.0326,6,387.925757
2.326075,7,388.317625
0.523234,2,388.414816
3.770795,10,388.934055
0.321911,2,389.033583
0.318266,2,389.150903
0.358719,2,389.265656
1.287238,4,389.467153
0.511326,2,389.586037
0.922149,3,389.744748
0.537975,2,389.84263
0.528412,2,389.942151
0.34607,2,390.042332
0.987622,3,390.198509
0.537611,2,390.314497
0.523863,2,390.433263
2.09964,7,390.823712
0.54913,2,390.939195
-3.603218,4,391.173478
2.005989,6,391.468568
0.519711,2,391.56872
0.519894,2,391.668745
0.512372,2,391.785706
0.525808,2,391.88565
0.899288,3,392.044194
4.661114,13,392.721648
0.833826,3,392.879956
0.538943,2,392.998566
1.7098,5,393.267868
0.352353,2,393.36796
0.946412,3,393.525358
0.490785,2,393.644358
0.891985,3,393.782777
0.493124,2,393.883314
0.32566,2,393.983268
0.531405,2,394.08638
1.671877,5,394.349508
0.885946,3,394.504812
0.538515,2,394.621943
1.65364,5,394.877399
1.730483,5,395.134985
1.900451,6,395.4515
0.514215,2,395.565538
1.576332,5,395.826037
0.550547,2,395.94454
0.530223,2,396.065512
0.503982,2,396.16232
0.547267,2,396.280416
0.878038,3,396.454292
0.526659,2,396.568891
3.090776,9,397.043606
1.565056,5,397.334932
0.525392,2,397.450579
0.51648,2,397.569838
0.529223,2,397.685028
1.236081,4,397.917041
1.63524,5,398.171659
0.52731,2,398.285751
0.550554,2,398.404015
1.292474,4,398.600077
1.580774,5,398.87734
0.535949,2,398.995725
0.904241,3,399.153342
0.533049,2,399.269163
0.34958,2,399.387583
-1.686175,8,399.821618
0.326983,2,399.936872
0.537487,2,400.034868
-3.360635,5,400.309911
2.134279,6,400.623284
4.576516,12,401.262712
0.525303,2,401.378564
0.561349,2,401.496531
0.892259,3,401.669065
0.48616,2,401.784114
0.516746,2,401.903178
0.89633,3,402.058157
0.324207,2,402.175578
0.528401,2,402.291299
0.500204,2,402.409774
0.543454,2,402.527803
0.940451,3,402.702688
0.348197,2,402.820156
0.516584,2,402.936888
0.551085,2,403.052754
0.549053,2,403.167998
0.526353,2,403.285353
0.530566,2,403.401086
0.868504,3,403.55945
0.530892,2,403.661593
1.28845,4,403.879519
0.324267,2,403.977042
0.542291,2,404.074937
0.719568,3,404.232074
0.496997,2,404.346527
0.536961,2,404.463361
0.541053,2,404.561246
1.203796,4,404.759002
0.516735,2,404.875901
0.548286,2,404.994023
1.741953,5,405.283112
0.514852,2,405.399779
1.237642,4,405.612172
0.548196,2,405.729394
0.536541,2,405.847915
0.923473,3,406.025156
0.913487,3,406.179502
2.329234,6,406.476842
1.614089,5,406.733161
-3.024606,5,406.989782
0.956007,3,407.164512
0.721655,3,407.337638
0.52143,2,407.452691
0.324267,2,407.572246
0.539419,2,407.688301
0.492842,2,407.803267
0.513963,2,407.919568
1.043472,4,408.137621
0.524321,2,408.254199
0.504157,2,408.369497
0.348121,2,408.486743
0.567717,2,408.602759
0.972135,3,408.761289
0.522655,2,408.880895
2.242899,6,409.194559
1.11333,4,409.427823
1.287437,4,409.623074
2.414742,7,409.998418
0.783224,3,410.157215
-1.982557,7,410.500744
0.953039,3,410.658205
0.526565,2,410.774877
4.305749,10,411.290138
0.882021,3,411.448288
0.524849,2,411.567813
0.485812,2,411.686841
1.130086,4,411.883435
0.527368,2,412.001165
0.531885,2,412.118736
0.523404,2,412.234601
1.730506,6,412.553792
0.501726,2,412.652611
0.526654,2,412.77389
0.329947,2,412.890563
1.527228,5,413.18348
2.365195,6,413.514629
0.355623,2,413.631617
0.450516,2,413.748631
2.052108,6,414.0822
0.548429,2,414.197853
0.52037,2,414.315124
1.694941,5,414.594877
0.51912,2,414.710609
0.343847,2,414.824814
2.322078,7,415.168012
0.56192,2,415.286257
0.529688,2,415.403623
1.441077,4,415.61994
0.314727,2,415.734007
2.803586,8,416.190214
0.932517,3,416.367608
0.549682,2,416.48486
1.241812,4,416.700006
2.017188,6,417.036708
0.51809,2,417.154863
0.502187,2,417.275736
1.748291,6,417.594334
0.508173,2,417.713172
0.552778,2,417.831185
0.481244,2,417.946258
0.935368,3,418.12124
0.928071,3,418.277427
0.32449,2,418.374857
0.546953,2,418.492358
0.31763,2,418.610623
0.520313,2,418.709895
0.318781,2,418.827456
0.539102,2,418.945209
0.31678,2,419.063711
0.32694,2,419.186569
2.149391,6,419.485432
0.925214,3,419.627179
0.538637,2,419.747516
2.753181,8,420.197071
1.781916,5,420.475069
4.372323,12,421.132689
-3.469913,4,421.368439
0.53798,2,421.48667
0.858065,3,421.644118
0.512879,2,421.745205
0.320423,2,421.864165
0.538698,2,421.981169
0.866602,3,422.155187
3.655647,9,422.652908
0.496748,2,422.749908
1.08165,4,422.987346
1.725557,5,423.26109
-2.081934,7,423.621095
0.519828,2,423.735216
1.214081,4,423.935192
0.333116,2,424.050853
0.921989,3,424.22757
0.517836,2,424.344462
0.558767,2,424.460803
1.623494,5,424.715796
0.545636,2,424.814003
3.271173,8,425.246263
0.319766,2,425.361867
1.780513,5,425.636519
2.206954,6,425.971801
0.543086,2,426.090442
2.044516,6,426.421961
0.519789,2,426.537498
1.68219,5,426.830332
0.529214,2,426.945014
1.289478,4,427.177595
0.537528,2,427.292099
0.944226,3,427.468477
-1.904619,7,427.840499
0.538926,2,427.957338
2.384335,6,428.253136
0.470352,2,428.352614
0.50595,2,428.469959
0.541526,2,428.585879
0.537281,2,428.684979
0.538986,2,428.802552
2.381271,7,429.158627
0.312955,2,429.27478
3.134754,9,429.768298
0.976267,3,429.940646
0.527006,2,430.059232
0.52255,2,430.156164
2.41243,7,430.534547
2.488464,7,430.909843
0.928407,3,431.065466
0.567361,2,431.163465
0.556328,2,431.280654
0.517081,2,431.396384
0.5242,2,431.515449
0.322376,2,431.633795
0.909792,3,431.790651
0.965151,3,431.963522
0.552166,2,432.079648
0.551704,2,432.17921
0.950882,3,432.336681
0.550989,2,432.434303
0.556041,2,432.531767
0.545763,2,432.652506
-3.456349,4,432.868337
0.951273,3,433.025114
0.520155,2,433.14199
0.468739,2,433.257086
0.549705,2,433.372311
0.519102,2,433.490763
0.508172,2,433.60955
0.905794,3,433.784198
0.499531,2,433.899755
0.896537,3,434.075648
0.540636,2,434.194144
1.221093,4,434.428612
0.339177,2,434.544741
0.549341,2,434.642442
0.866497,3,434.801825
0.499901,2,434.904509
1.294786,4,435.124401
1.32733,4,435.363753
0.528732,2,435.482401
0.466632,2,435.598658
0.526395,2,435.717014
1.271127,4,435.914904
0.586409,2,436.032308
0.517446,2,436.13192
0.351648,2,436.2308
0.520183,2,436.332149
0.507292,2,436.449494
0.327305,2,436.550645
0.527916,2,436.668668
1.239681,4,436.900253
0.510571,2,436.998597
0.879889,3,437.156422
1.272156,16,437.994087
0.498163,2,438.092868
0.558476,2,438.208804
1.287732,4,438.410352
-3.098407,5,438.702555
0.561136,2,438.818885
0.550845,2,438.935016
0.531546,2,439.05102
0.521055,2,439.166921
0.358092,2,439.285921
-3.456356,5,439.558069
1.756044,5,439.814853
1.31515,4,440.031127
0.534549,2,440.146086
1.193781,4,440.376353
1.221359,4,440.593454
0.558898,2,440.6912
0.516904,2,440.80743
0.520923,2,440.924184
0.535467,2,441.023389
0.343324,2,441.139539
1.297123,4,441.353871
0.543982,2,441.469693
1.162544,4,441.664445
0.556576,2,441.780765
1.294269,4,441.981609
0.566664,2,442.100005
1.347668,4,442.297996
0.520797,2,442.41558
0.538621,2,442.531373
0.884935,3,442.706573
0.528927,2,442.82205
1.670683,5,443.095144
0.536168,2,443.211394
0.529668,2,443.328698
0.316482,2,443.444842
1.289049,4,443.660877
2.587002,7,444.036815
0.358987,2,444.151569
0.970326,3,444.325689
0.543155,2,444.444358
0.36411,2,444.541855
1.892802,6,444.858806
0.513065,2,444.974175
0.334745,2,445.071399
0.520857,2,445.190171
0.527485,2,445.308194
0.54479,2,445.425245
0.533873,2,445.540029
2.042941,6,445.835391
1.61904,5,446.092229
0.546326,2,446.207725
0.523771,2,446.322594
1.531802,5,446.562265
5.291436,13,447.249106
1.617531,5,447.51121
0.36425,2,447.626512
0.514415,2,447.724409
0.498708,2,447.822252
0.519907,2,447.941436
1.977689,6,448.257421
0.322811,2,448.3734
0.33725,2,448.488054
1.929899,6,448.82119
1.746361,5,449.094976
0.343385,2,449.210101
0.525682,2,449.324614
0.336674,2,449.44076
0.541143,2,449.558313
0.536613,2,449.679332
2.18836,6,450.007754
1.22279,4,450.210727
0.531156,2,450.312372
0.863895,3,450.478994
1.353364,4,450.680426
0.468584,2,450.799648
0.570222,2,450.920251
0.525563,2,451.03995
3.476571,9,451.529114
0.319945,2,451.648214
0.31835,2,451.768758
1.262974,4,451.986469
0.545338,2,452.101289
0.574848,2,452.218592
3.045913,8,452.641726
0.524977,2,452.741798
0.53074,2,452.838523
1.38037,4,453.040009
0.536005,2,453.141732
0.528337,2,453.260538
0.528585,2,453.379095
4.070153,11,453.979216
2.358367,7,454.351936
0.873357,3,454.526391
0.870948,3,454.699322
0.557101,2,454.813937
0.51182,2,454.933428
0.96312,3,455.107757
0.53506,2,455.222637
0.345764,2,455.340935
1.70735,5,455.610513
1.332277,4,455.825898
0.890795,3,457.922837
0.532795,2,458.043863
0.913137,3,458.202361
0.340368,2,458.318962
1.728257,5,458.596905
0.871361,3,458.755342
0.349098,2,458.85586
0.53092,2,458.956178
0.915806,3,459.135138
0.547976,2,459.233056
0.533499,2,459.329825
0.340974,2,459.447564
1.410039,5,459.724089
1.688342,5,459.98112
3.076657,8,460.395815
0.913591,3,460.571311
0.335142,2,460.688583
0.880196,3,460.849107
0.538728,2,460.96867
0.526307,2,461.066467
1.396032,4,461.300117
0.520447,2,461.414791
0.350497,2,461.529914
0.540361,2,461.647356
0.874698,3,461.821953
1.238499,4,462.054796
1.729295,5,462.312955
0.557693,2,462.410697
1.700328,5,462.69129
0.526009,2,462.788729
0.514244,2,462.887995
1.403125,4,463.105811
-2.536175,6,463.420938
0.526237,2,463.519776
0.869831,3,463.697562
0.331685,2,463.794862
1.376158,4,464.013204
3.512695,10,464.581128
3.082121,8,464.994916
2.792133,7,465.3869
0.513795,2,465.502064
0.53918,2,465.619107
0.923499,3,465.795184
2.877038,8,466.24341
0.335395,2,466.357865
0.519947,2,466.475032
0.523354,2,466.575599
2.053289,6,466.887754
1.618147,5,467.180552
2.557171,7,467.564703
1.415345,4,467.779761
0.521463,2,467.897758
3.960113,11,468.453818
0.508657,2,468.569404
-2.755848,6,468.887674
0.521368,2,469.003267
0.527553,2,469.120529
0.950971,3,469.27881
0.528811,2,469.376154
0.555187,2,469.49326
-2.823316,6,469.810023
0.534305,2,469.908224
1.980452,6,470.22306
1.635997,5,470.481383
0.553184,2,470.600033
0.50542,2,470.715744
0.887987,3,470.872913
-3.384125,5,471.12873
0.57163,2,471.245883
0.496286,2,471.36484
4.225345,11,471.957999
1.744312,5,472.251096
0.534401,2,472.348603
0.581678,2,472.446279
0.4731,2,472.546052
2.442953,7,472.922543
0.334497,2,473.040261
0.855311,3,473.19637
0.525005,2,473.310968
0.531231,2,473.429486
0.866447,3,473.588601
0.332397,2,473.686952
0.328555,2,473.78554
1.705229,5,474.066838
0.53637,2,474.181351
0.544144,2,474.279174
3.842128,9,474.745367
-3.113016,5,475.002674
0.525557,2,475.118498
0.536257,2,475.237815
1.315497,4,475.469281
0.491759,2,475.585088
0.537442,2,475.684411
0.493539,2,475.783613
-2.351283,7,476.143434
0.942881,3,476.299208
1.621807,5,476.539783
-1.365842,8,476.958063
0.325986,2,477.072678
2.088456,6,477.426002
1.720821,5,477.684185
0.884176,3,477.841188
0.325087,2,477.958149
0.500096,2,478.074734
0.538879,2,478.176464
3.041463,9,478.652949
0.922087,3,478.825411
0.917723,3,478.981297
0.523097,2,479.100533
0.576694,2,479.217232
0.494724,2,479.315222
0.531897,2,479.432348
0.713958,3,479.570856
0.875025,3,479.729183
1.285388,4,479.927755
1.686231,5,480.222218
0.327646,2,480.337254
0.529413,2,480.45426
0.342657,2,480.553865
0.53408,2,480.653398
0.559578,2,480.749937
0.557327,2,480.851349
0.483341,2,480.953315
0.512553,2,481.072155
0.538236,2,481.17066
0.52591,2,481.267952
0.513379,2,481.386425
-3.147674,5,481.648373
0.521596,2,481.749685
0.755224,3,481.931383
5.529017,14,482.686634
0.558268,2,482.802391
0.33265,2,482.917371
0.541556,2,483.037696
1.661203,5,483.317461
0.854234,3,483.475563
0.334595,2,483.575006
2.153428,6,483.91
-3.111165,5,484.167694
2.255502,6,484.52158
0.542862,2,484.618929
0.530792,2,484.719185
2.553011,7,485.111157
0.355204,2,485.227556
0.714002,3,485.387002
0.553306,2,485.503954
0.945613,3,485.67857
0.50328,2,485.778921
0.917989,3,485.935506
2.150193,6,486.2514
0.530515,2,486.349144
1.613615,5,486.627262
0.566033,2,486.742369
0.492506,2,486.84011
0.941256,3,486.998598
2.988358,8,487.420173
1.751154,6,487.772968
0.529084,2,487.871959
0.506523,2,487.969354
0.923999,3,488.126613
0.887341,3,488.284147
0.506609,2,488.402521
0.356647,2,488.524569
0.536452,2,488.646158
0.33725,2,488.761191
0.518927,2,488.879895
3.142116,8,489.335257
0.492531,2,489.450315
-2.279047,7,489.809619
0.541292,2,489.925726
1.229624,4,490.14314
0.513919,2,490.241234
0.578908,2,490.357891
3.306128,9,490.8162
0.879295,3,490.975231
0.529417,2,491.074283
0.504414,2,491.175705
0.938072,3,491.338962
0.552999,2,491.456339
1.282927,4,491.687353
0.578251,2,491.803199
0.35301,2,491.903164
0.357685,2,492.002443
0.352518,2,492.117796
0.876703,3,492.292335
0.531949,2,492.390259
0.896115,3,492.548451
0.529275,2,492.669211
1.173117,4,492.865034
0.55218,2,492.982595
2.960768,8,493.436736
0.322198,2,493.554215
0.54314,2,493.670895
1.288945,4,493.867325
0.526973,2,493.985333
0.552439,2,494.083981
0.90266,3,494.241566
0.338253,2,494.359299
4.366324,11,494.971919
1.616074,5,495.264431
1.674513,5,495.519377
0.907492,3,495.696952
0.883094,3,495.854699
1.286243,4,496.070681
1.716321,5,496.312974
1.666347,5,496.572526
1.586653,5,496.848289
0.534757,2,496.963343
0.361044,2,497.081989
0.55132,2,497.196775
0.904343,3,497.352573
2.888334,8,497.770048
0.521467,2,497.884785
0.523265,2,498.00154
-1.287033,10,498.500403
0.926053,3,498.66079
0.520794,2,498.777591
1.815021,5,499.034217
0.904793,3,499.195934
1.794505,5,499.458247
0.935087,3,499.613566
0.343687,2,499.711592
0.502842,2,499.811153
0.530019,2,499.912122
0.312245,2,500.03126
0.502924,2,500.149189
0.581872,2,500.26343
2.214434,6,500.560829
0.539723,2,500.659248
0.730533,3,500.819827
2.504858,7,501.229047
0.558315,2,501.345129
0.518353,2,501.443838
-2.620477,6,501.777534
0.883821,3,501.93433
2.443518,7,502.292403
0.892356,3,502.450199
3.619287,9,502.893615
0.503197,2,502.99278
0.348185,2,503.11172
1.575558,5,503.35291
0.50622,2,503.470771
0.928077,3,503.627927
1.59681,5,503.901063
0.537453,2,504.00027
2.051162,6,504.316241
0.499152,2,504.433339
1.314245,4,504.612159
2.045047,6,504.928336
0.504813,2,505.045304
1.2369,4,505.259927
1.612656,5,505.529937
0.54832,2,505.630254
0.556451,2,505.746782
0.460524,2,505.8642
0.521108,2,505.983143
1.210741,4,506.204949
0.357399,2,506.303797
-3.286765,5,506.569027
0.509939,2,506.687168
0.86599,3,506.826328
0.522614,2,506.926383
0.94049,3,507.083247
0.486851,2,507.198967
0.558106,2,507.298383
0.951814,3,507.458387
0.49645,2,507.557199
0.906891,3,507.714076
0.341689,2,507.811915
0.538249,2,507.909549
0.532358,2,508.025184
0.9197,3,508.182117
0.539608,2,508.280949
-3.044018,5,508.555561
0.534598,2,508.653572
1.949118,6,508.968438
-3.055681,5,509.214919
0.350217,2,509.314953
0.510336,2,509.413844
-2.534819,7,509.787728
0.519776,2,509.905235
0.54499,2,510.02148
0.476238,2,510.118968
0.183269,12,510.726972
0.523171,2,510.842533
0.517307,2,510.941595
0.469937,2,511.039005
0.562809,2,511.158437
0.544199,2,511.274323
0.540085,2,511.390516
0.529284,2,511.507845
0.971831,3,511.665941
0.536824,2,511.783041
0.523536,2,511.900161
0.512981,2,512.018268
2.083898,6,512.347968
0.952626,3,512.525088
1.468439,5,512.761841
1.538079,5,513.053801
-1.005076,10,513.569577
0.92059,3,513.742055
0.326117,2,513.861523
4.505298,11,514.440721
0.578475,2,514.554612
2.125904,6,514.857999
0.934114,3,515.01626
0.536576,2,515.119065
0.317179,2,515.237478
0.333852,2,515.33488
2.46309,7,515.694551
-3.29947,5,515.976222
1.265781,4,516.190997
0.926193,3,516.328412
0.535616,2,516.446201
5.446645,14,517.178249
0.527284,2,517.295644
5.364863,14,518.049765
2.56561,7,518.448847
-2.721077,6,518.765683
-2.665953,6,519.081201
2.479265,7,519.419377
0.547982,2,519.519251
0.906832,3,519.676507
2.953485,8,520.111283
0.529918,2,520.226216
0.882334,3,520.38606
1.343476,4,520.580784
0.346103,2,520.700122
0.538661,2,520.816891
1.303947,4,521.029832
0.497707,2,521.128322
0.511591,2,521.2268
0.883115,3,521.387428
0.501132,2,521.507979
2.3131,6,521.857991
2.715425,7,522.217548
0.87834,3,522.37404
3.26179,9,522.87037
0.332718,2,522.986725
0.473121,2,523.102831
-2.202506,7,523.478596
0.540226,2,523.575413
0.375499,2,523.675128
0.543702,2,523.775957
0.565637,2,523.895186
0.540746,2,523.995411
1.705739,5,524.260137
1.260289,4,524.473304
0.512675,2,524.588616
0.528464,2,524.706139
1.384689,4,524.921362
-1.150073,9,525.418584
0.527086,2,525.517931
0.513536,2,525.616159
2.852087,8,526.039995
0.460932,2,526.136921
2.074517,6,526.469108
0.542816,2,526.56796
0.51408,2,526.667881
1.763515,5,526.911524
0.540961,2,527.011244
2.464472,7,527.40518
1.487508,5,527.663458
2.231378,6,527.978354
0.562388,2,528.095956
0.324267,2,528.212298
0.878042,3,528.367939
0.534049,2,528.485588
-3.130266,5,528.74481
2.289408,7,529.119312
0.527137,2,529.235182
-2.194015,7,529.633473
0.551242,2,529.730859
1.627737,5,529.990322
0.50485,2,530.104481
0.905316,3,530.280458
0.572132,2,530.395923
2.47182,7,530.754689
0.543088,2,530.870952
0.469707,2,530.99001
0.524459,2,531.111809
1.194974,4,531.314795
0.900702,3,531.490659
0.53404,2,531.609623
0.517132,2,531.708316
4.403952,11,532.299854
-2.917706,6,532.633972
-3.557415,4,532.86849
2.009496,6,533.16463
0.469974,2,533.262516
0.80279,3,533.420447
3.181899,8,533.855073
1.977484,6,534.151398
1.631825,5,534.442913
0.509377,2,534.55716
-1.247508,8,534.99563
0.342934,2,535.111156
3.030884,8,535.545208
0.550601,2,535.643177
0.316611,2,535.744488
2.119003,6,536.044089
0.517565,2,536.141115
0.351893,2,536.239477
0.31667,2,536.339758
0.543028,2,536.441042
0.766742,3,536.597805
1.233981,4,536.831894
0.903918,3,536.973686
0.523757,2,537.074303
0.875892,3,537.255329
0.536307,2,537.372541
1.311904,4,537.587559
0.339051,2,537.687174
0.546526,2,537.803594
1.74099,5,538.092893
1.516415,5,538.34809
0.527606,2,538.446652
1.511339,5,538.689143
0.88655,3,538.84823
0.527843,2,538.966188
0.515186,2,539.081609
-2.596587,6,539.40481
0.505068,2,539.522105
0.529667,2,539.639834
0.543362,2,539.756177
0.533176,2,539.853925
5.007195,13,540.572581
0.491655,2,540.672456
0.935822,3,540.829543
2.420732,7,541.204484
0.540738,2,541.321312
0.533252,2,541.419112
0.515065,2,541.536341
0.895014,3,541.695907
0.869871,3,541.871715
0.51535,2,541.971749
0.5449,2,542.087481
0.319407,2,542.187877
0.564644,2,542.288892
0.506261,2,542.408729
0.536527,2,542.523485
0.564807,2,542.621387
3.560241,9,543.112057
0.354463,2,543.22695
0.520479,2,543.325951
0.532801,2,543.445539
0.557053,2,543.562396
0.319715,2,543.678305
0.548702,2,543.79805
-3.120495,5,544.073673
1.552942,5,544.350754
0.951306,3,544.488009
1.248322,4,544.671076
1.658405,5,544.945993
0.550418,2,545.061801
0.892214,3,545.240901
1.197313,4,545.47524
3.061823,8,545.912204
2.757548,8,546.335001
0.714785,3,546.513996
0.52255,2,546.630389
0.52748,2,546.745354
0.520306,2,546.861001
1.05967,4,547.092618
0.33567,2,547.209114
-2.647152,6,547.528315
0.345944,2,547.625092
0.556916,2,547.744375
0.559142,2,547.859955
1.691526,5,548.096774
2.136698,6,548.419138
0.545568,2,548.534835
0.520591,2,548.632477
0.342771,2,548.750562
1.138924,4,548.985532
1.252119,4,549.205525
0.573235,2,549.320857
0.519626,2,549.436348
0.507956,2,549.535874
0.491039,2,549.654085
-3.421881,5,549.947749
0.32371,2,550.045427
2.409455,7,550.439889
0.899885,3,550.597207
0.335046,2,550.712187
0.508233,2,550.813491
0.737165,3,550.986854
-3.298168,5,551.260264
1.289419,4,551.458051
1.253866,5,551.717476
0.547119,2,551.835563
3.317201,9,552.326634
1.832376,5,552.584965
1.353442,4,552.782694
0.566592,2,552.884047
0.54401,2,552.987895
2.412009,7,553.346933
2.686924,8,553.747076
0.336399,2,553.844942
-3.039969,5,554.080562
1.461258,5,554.33771
0.58135,2,554.454416
3.183663,9,554.966942
0.330441,2,555.084931
0.529693,2,555.182168
0.966697,3,555.341381
2.008555,6,555.645225
0.535977,2,555.760913
0.52808,2,555.876406
0.538305,2,555.978313
0.518241,2,556.077171
5.433377,14,556.854663
1.320044,4,557.067051
0.552676,2,557.182897
4.589441,12,557.788433
0.535342,2,557.8884
0.509662,2,557.988702
0.949371,3,558.145388
1.269896,4,558.358737
0.545715,2,558.456693
0.901216,3,558.61392
1.345986,4,558.848411
0.913057,3,559.006992
2.04958,6,559.322766
1.120979,4,559.554237
0.872862,3,559.72744
-1.759033,8,560.127102
0.55249,2,560.230009
0.872988,3,560.4128
0.885698,3,560.587292
0.331564,2,560.709276
2.358944,7,561.088564
0.85837,3,561.252262
0.540776,2,561.372697
0.520593,2,561.492539
2.037133,6,561.838077
0.334994,2,561.939947
0.876412,3,562.104978
0.931843,3,562.286676
1.586043,5,562.591306
1.244504,4,562.787014
0.497969,2,562.887598
0.949085,3,563.048771
1.785898,5,563.32321
0.548378,2,563.43849
0.959052,3,563.618009
0.54585,2,563.716994
3.938118,10,564.259748
2.479277,7,564.633888
0.522332,2,564.749718
0.512157,2,564.850858
0.488394,2,564.94878
0.363412,2,565.066051
0.911536,3,565.206191
0.93085,3,565.365086
0.929636,3,565.54312
0.53867,2,565.660537
0.536577,2,565.759645
5.7663,16,566.565027
0.544547,2,566.683223
0.513345,2,566.798196
4.780739,11,567.359108
0.546615,2,567.458978
0.529259,2,567.576254
0.476276,2,567.691136
-2.834653,6,567.990818
0.563791,2,568.087638
0.527073,2,570.179571
1.654044,5,570.457623
1.771083,5,570.732874
3.46304,10,571.252919
1.237781,4,571.469773
0.512985,2,571.571503
0.534887,2,571.669976
0.333731,2,571.786655
3.638261,10,572.291228
0.538207,2,572.409523
0.5559,2,572.510129
0.542896,2,572.630066
2.817985,8,573.085559
0.556954,2,573.200432
0.338209,2,573.318573
0.465569,2,573.41809
0.529592,2,573.53407
0.88854,3,573.671622
2.737919,8,574.076609
0.890731,3,574.234328
0.895389,3,574.393731
0.571386,2,574.513124
1.283624,4,574.727023
0.550887,2,574.841712
2.604631,7,575.181515
2.874685,8,575.596884
0.53186,2,575.715009
-3.160024,5,575.973495
0.556698,2,576.088736
1.546587,5,576.367489
0.528976,2,576.483196
6.417157,17,577.413316
1.279363,4,577.628116
0.524167,2,577.727593
1.507507,5,577.966173
0.891383,3,578.12362
1.615485,5,578.395629
0.889273,3,578.554532
1.322035,4,578.73377
1.310623,4,578.939085
0.563671,2,579.040012
2.018823,6,579.357947
3.267179,9,579.834011
0.34508,2,579.951631
1.773922,5,580.216315
2.069908,6,580.534776
0.547082,2,580.637105
2.675564,8,581.077712
0.544625,2,581.175043
0.369511,2,581.293019
3.282179,10,581.834519
-1.101737,10,582.373765
0.34188,2,582.471389
0.518244,2,582.56912
0.540219,2,582.685462
0.890534,3,582.861795
0.832971,3,583.016507
0.543768,2,583.114544
0.845339,3,583.2759
0.545251,2,583.392473
-3.403963,4,583.60807
4.048352,10,584.111191
0.508483,2,584.227076
-2.327411,7,584.575476
0.339821,2,584.694002
2.505443,7,585.083922
1.483036,5,585.34311
0.325564,2,585.46235
3.289171,10,585.964378
0.510978,2,586.061454
0.571193,2,586.178337
2.31157,7,586.53662
-2.526325,6,586.832057
0.325081,2,586.94835
0.527758,2,587.067435
2.487936,7,587.407453
2.316381,7,587.799121
3.502318,10,588.282139
-3.119331,5,588.522539
1.282599,4,588.740918
1.225968,4,588.944654
2.129706,6,589.266613
6.129523,16,590.106591
0.502485,2,590.20493
0.565934,2,590.304213
0.552705,2,590.422088
0.539719,2,590.537699
0.85942,3,590.675251
3.364527,9,591.121693
0.539498,2,591.238489
4.715561,12,591.8838
0.521359,2,591.998893
-2.469447,6,592.316382
0.506508,2,592.431442
-2.939705,5,592.723894
2.191079,6,593.044534
0.517527,2,593.162714
0.527174,2,593.278197
0.529027,2,593.394259
0.560051,2,593.493568
1.206599,4,593.729909
0.523622,2,593.846041
0.523406,2,593.961397
-2.632484,6,594.244663
0.884294,3,594.420178
0.52201,2,594.518887
0.575263,2,594.636738
0.532579,2,594.734489
2.261339,6,595.050324
4.961193,13,595.722248
2.416144,7,596.095534
1.799588,5,596.368803
0.894583,3,596.545532
0.52383,2,596.662667
0.525317,2,596.779737
0.489535,2,596.876948
0.53732,2,596.993499
-0.894946,10,597.508742
0.514184,2,597.607248
0.561476,2,597.726136
-3.421384,4,597.933041
1.615438,5,598.194383
2.52521,8,598.611521
0.526074,2,598.710217
0.513409,2,598.811205
0.572088,2,598.929797
0.499315,2,599.027357
0.549175,2,599.142541
1.966697,6,599.460139
1.244568,4,599.675489
0.903814,3,599.849859
0.519089,2,599.96409
0.891745,3,600.139956
0.536451,2,600.254253
1.672653,5,600.527866
0.362722,2,600.646119
3.609072,10,601.219
0.53476,2,601.317965
2.452516,7,601.664956
3.624292,11,602.258632
2.437926,7,602.63507
0.374322,2,602.750827
0.565579,2,602.872776
0.897957,3,603.031023
0.54583,2,603.147561
0.546495,2,603.264473
0.554211,2,603.36457
0.516755,2,603.464485
0.519513,2,603.565047
0.538489,2,603.667292
0.722401,3,603.829952
0.542517,2,603.929534
0.498858,2,604.046539
1.270769,4,604.261198
3.521983,9,604.692375
1.273414,4,604.874836
0.530818,2,604.993719
5.813157,14,605.76166
2.732266,8,606.180196
1.580078,5,606.453537
4.019245,10,606.972778
1.662339,5,607.266933
-2.919265,5,607.524905
0.911671,3,607.683445
1.998269,6,607.982456
0.532108,2,608.082676
0.537345,2,608.202823
2.506053,7,608.559324
0.530695,2,608.675187
3.470118,9,609.15601
0.541286,2,609.273478
0.50959,2,609.389408
0.948098,3,609.545116
0.324787,2,609.643294
0.532709,2,609.761399
0.549918,2,609.879394
1.294223,4,610.075511
1.117645,4,610.311249
1.800091,17,611.191294
1.256713,4,611.423359
1.702056,5,611.68
1.61511,5,611.941021
0.541578,2,612.042444
1.328732,4,612.276694
0.501006,2,612.394773
0.524275,2,612.512396
0.496472,2,612.628857
0.536185,2,612.74733
1.473052,5,613.030234
0.513565,2,613.127054
1.279807,4,613.329277
4.362448,12,613.910926
1.796093,18,614.818503
0.537972,2,614.936646
0.336957,2,615.053379
0.503705,2,615.169632
2.208817,6,615.486651
0.494557,2,615.602959
0.558085,2,615.721875
0.536269,2,615.839389
0.538638,2,615.96031
4.022563,11,616.518469
0.541382,2,616.617161
0.323585,2,616.735829
0.547247,2,616.851273
0.548622,2,616.967179
0.88307,3,617.14649
0.523392,2,617.245488
-2.678824,6,617.585465
1.640397,5,617.860456
0.526489,2,617.975044
0.32993,2,618.073207
0.544687,2,618.19206
5.228823,14,618.854755
0.936704,3,618.997603
0.51807,2,619.114923
1.756262,5,619.374471
-2.437583,7,619.731326
0.324165,2,619.829799
2.666288,7,620.189706
0.537771,2,620.289175
0.512443,2,620.388011
-3.102606,5,620.664273
-2.761853,6,620.958239
0.509356,2,621.057732
0.526484,2,621.176385
2.534681,7,621.532046
2.272326,6,621.848583
0.555535,2,621.964823
-0.609645,10,622.482649
0.516765,2,622.599184
-2.380147,7,622.99702
0.52621,2,623.112229
1.755859,5,623.367936
1.636203,5,623.61141
-2.457217,6,623.894022
0.522247,2,624.013372
0.322294,2,624.110341
0.55114,2,624.210128
1.653558,5,624.487735
0.523127,2,624.603413
1.674605,5,624.859329
1.50088,5,625.136829
1.22402,4,625.315869
0.866235,3,625.476163
1.225277,4,625.6737
0.563888,2,625.773451
0.528461,2,625.870549
3.292585,8,626.308946
1.622885,5,626.564638
1.374013,4,626.782341
0.531184,2,626.881397
-1.532038,9,627.323709
1.345741,4,627.555924
1.942097,6,627.910028
0.471347,2,628.007777
0.525464,2,628.10584
-3.553253,4,628.303932
0.538041,2,628.421986
0.556933,2,628.521191
1.39443,5,628.816353
1.483027,5,629.054366
0.552445,2,629.171965
0.5167,2,629.27089
0.326438,2,629.38691
0.537026,2,629.503004
2.503439,7,629.845675
2.219996,6,630.163129
0.915605,3,630.322334
2.414929,7,630.70383
0.539895,2,630.802001
1.992968,6,631.086472
1.753898,5,631.327616
4.489704,12,631.953253
0.523393,2,632.069342
0.548756,2,632.186216
0.513145,2,632.283602
-3.012668,5,632.543296
0.518331,2,632.640419
1.250546,4,632.859437
2.216125,6,633.158584
-2.676118,6,633.477357
0.556016,2,633.593662
0.895942,3,633.770887
4.374022,12,634.359083
1.563603,5,634.616767
0.831343,3,634.776342
0.925105,3,634.931959
1.581513,5,635.171411
0.525506,2,635.288697
0.526876,2,635.403732
-3.015034,6,635.73729
0.901846,3,635.877007
2.582345,7,636.254286
0.541595,2,636.351561
0.716486,3,636.509511
-2.607937,6,636.807343
1.264994,4,637.041839
0.327564,2,637.157815
1.990883,6,637.459029
0.899651,3,637.617611
0.89389,3,637.757972
4.056336,11,638.367801
0.524457,2,638.484019
1.956643,6,638.816251
0.54258,2,638.913382
0.937205,3,639.089877
-3.073427,5,639.327504
0.517043,2,639.427946
2.785777,8,639.886927
0.530748,2,640.004987
2.321298,7,640.382257
-2.405052,7,640.720958
1.382122,4,640.93847
0.57462,2,641.038292
0.3532,2,641.155908
0.486208,2,641.274272
0.509194,2,641.372678
1.902714,6,641.691242
0.531865,2,641.807105
0.798749,3,641.965299
2.915475,8,642.38625
0.48857,2,642.505236
0.511814,2,642.60268
0.537129,2,642.700404
1.907661,6,643.018237
0.499708,2,643.133166
0.918717,3,643.272284
0.896588,3,643.41703
4.643273,12,644.068459
1.746099,5,644.324077
0.553641,2,644.439208
1.361595,4,644.659838
0.896477,3,644.817885
0.537509,2,644.934286
0.886805,3,645.091912
1.649343,5,645.350041
0.493907,2,645.465013
1.88039,6,645.74971
0.555358,2,645.848391
0.560623,2,645.968205
2.084904,6,646.286808
0.344352,2,646.407599
2.934056,8,646.842691
0.546834,2,646.957585
0.493811,2,647.072283
0.526591,2,647.170537
0.541717,2,647.289047
1.332295,4,647.52232
0.531545,2,647.639179
0.521125,2,647.75569
2.97528,8,648.18985
-3.456125,4,648.389203
1.859056,6,648.687479
0.913379,3,648.864828
0.953063,3,649.020443
0.46111,2,649.120297
0.521984,2,649.237542
0.553525,2,649.337765
0.898061,3,649.51647
0.914054,3,649.673178
0.366803,2,649.790213
0.547878,2,649.909056
-1.561002,8,650.311006
1.660253,5,650.574143
2.360184,7,650.971711
0.504959,2,651.088964
0.863998,3,651.248183
0.516314,2,651.346186
1.271762,4,651.547022
0.525226,2,651.66655
3.487936,9,652.108517
0.514293,2,652.206764
0.520246,2,652.323497
1.918821,6,652.621854
0.548072,2,652.740446
0.540313,2,652.857497
0.470201,2,652.975732
2.082323,7,653.331954
1.703962,5,653.58964
0.511355,2,653.706836
0.514227,2,653.805146
0.572374,2,653.906581
0.830582,3,654.064825
1.504423,5,654.30269
0.532493,2,654.402006
0.545952,2,654.519847
1.939854,6,654.836157
2.967351,9,655.348064
5.363339,14,656.097736
4.616076,13,656.739197
0.573153,2,656.839489
0.879688,3,657.002334
0.558984,2,657.122695
2.918118,8,657.544762
0.521068,2,657.660168
1.774758,5,657.958788
0.324267,2,658.074616
1.514325,5,658.349023
0.525411,2,658.445546
0.451974,2,658.544461
0.516111,2,658.661755
1.70495,5,658.921637
0.507693,2,659.018516
2.413703,7,659.380007
0.530018,2,659.496225
0.520711,2,659.615034
0.131996,13,660.276878
2.031387,6,660.59542
0.92222,4,660.814064
0.532883,2,660.91292
1.320976,4,661.132159
0.592045,2,661.23302
1.716603,5,661.490021
0.964948,3,661.646526
0.535562,2,661.764618
0.516579,2,661.88106
0.519986,2,661.978847
0.516082,2,662.078933
1.845297,6,662.37892
4.063896,11,662.972882
1.974711,6,663.2665
0.51949,2,663.367919
0.543561,2,663.466267
0.521909,2,663.565837
0.954234,3,663.723697
0.936859,3,663.862855
-0.563122,11,664.429838
0.328297,2,664.546746
0.933521,3,664.70768
0.528354,2,664.809103
2.487116,7,665.167841
1.73795,5,665.407737
1.657613,5,665.66724
0.333199,2,665.785508
0.374286,2,665.903654
2.668517,8,666.282269
0.920015,3,666.441238
3.200566,9,666.886157
-1.963882,7,667.229554
0.550153,2,667.328177
0.521668,2,667.443487
1.260544,4,667.680293
0.535363,2,667.777791
0.498389,2,667.878094
1.727853,5,668.135982
3.498124,10,668.693296
0.546016,2,668.808203
1.400965,4,669.02388
0.530624,2,669.121078
2.055482,6,669.437074
1.571347,5,669.727143
0.548773,2,669.844636
0.984042,3,670.019263
1.318981,4,670.258572
0.553333,2,670.377481
0.536106,2,670.480674
2.045575,6,670.8264
0.544307,2,670.926057
0.530383,2,671.026992
0.555862,2,671.128737
0.560422,2,671.231724
0.509413,2,671.353612
0.327662,2,671.475306
0.53953,2,671.597839
1.292825,4,671.818978
-3.149236,5,672.101743
0.496787,2,672.218989
0.546845,2,672.335348
0.514982,2,672.450315
-2.257435,7,672.834365
0.552079,2,672.932239
1.647116,5,673.195189
0.522752,2,673.31366
0.895451,3,673.488374
1.25551,4,673.701795
1.351735,4,673.899231
1.374113,4,674.132216
0.961238,3,674.307435
1.299475,4,674.521935
0.538001,2,674.62061
0.54669,2,674.738284
0.870999,3,674.899964
0.566205,2,675.016106
0.532486,2,675.11451
0.578846,2,675.233446
2.771166,8,675.635773
0.496696,2,675.73447
1.100187,4,675.934181
0.45305,2,676.053766
3.352084,9,676.515659
-1.427568,9,676.973034
-2.881448,6,677.288561
2.924902,8,677.720118
0.541256,2,677.838247
0.342786,2,677.95383
0.343283,2,678.05106
0.497939,2,678.149168
1.652069,5,678.415168
0.521656,2,678.514642
2.712351,8,681.001279
0.328722,2,681.116145
5.750458,15,681.900436
0.455897,2,682.000697
1.609709,5,682.262972
3.102014,9,682.755827
2.359731,7,683.113133
0.58512,2,683.229261
1.257589,4,683.430045
0.346863,2,683.547153
0.510918,2,683.644521
0.965534,3,683.80248
1.637097,5,684.062789
3.001589,9,684.519427
0.882411,3,684.682196
0.959929,3,684.842637
1.845975,6,685.168162
1.790378,5,685.422636
0.530557,2,685.541084
0.540801,2,685.643003
-2.992113,5,685.904775
1.241445,4,686.107124
0.933553,3,686.285553
0.522155,2,686.401496
2.245596,6,686.72104
0.928038,3,686.877828
0.519011,2,686.977456
0.526173,2,687.077676
2.967059,8,687.478946
0.334114,2,687.593761
1.323432,4,687.797776
0.527361,2,687.895986
-2.69384,6,688.197148
1.282822,4,688.415299
2.084278,6,688.730472
0.539633,2,688.846775
2.027358,6,689.16607
1.897075,6,689.448216
1.665849,5,689.724161
1.298531,4,689.956522
2.813384,8,690.340527
0.919412,3,690.513726
0.96879,3,690.670737
0.862982,3,690.831291
0.571642,2,690.946388
0.529961,2,691.064641
3.609929,10,691.584846
0.577764,2,691.699026
0.537113,2,691.815931
1.299726,4,692.051589
0.535287,2,692.170739
2.427892,8,692.568911
2.236449,7,692.930012
0.930454,3,693.088476
-1.153933,10,693.644663
1.343263,4,693.881794
-2.290802,8,694.314291
-3.195168,5,694.532425
4.350115,11,695.077476
2.076825,6,695.373841
0.531575,2,695.492906
0.33633,2,695.608752
0.330523,2,695.726915
1.997369,6,696.045614
1.357404,4,696.260029
3.615257,10,696.749679
0.332379,2,696.868016
0.519871,2,696.970123
-3.455509,4,697.188987
0.332959,2,697.308614
2.26606,7,697.687588
1.284295,4,697.902257
-2.759514,6,698.184281
0.932072,3,698.324218
3.438433,9,698.768623
3.064993,8,699.152773
1.262748,4,699.353636
3.293213,9,699.834692
0.902831,3,699.993399
1.645304,5,700.252916
7.056095,17,701.079783
1.007788,3,701.235511
3.214321,9,701.714484
0.532397,2,701.81238
2.057452,6,702.132118
1.726149,5,702.388026
0.531696,2,702.504605
3.611542,11,703.055621
4.497362,12,703.673575
0.525334,2,703.788334
0.572296,2,703.886375
0.491488,2,704.005021
1.376837,4,704.243385
0.54369,2,704.340566
3.734034,10,704.875855
0.931184,3,705.052839
2.687062,7,705.373281
0.708559,3,705.532328
0.853504,3,705.67379
1.432589,4,705.874516
4.061441,12,706.446542
0.522079,14,707.124594
0.878273,3,707.279582
0.978271,3,707.435851
4.311851,12,708.027678
1.664355,5,708.269131
0.513202,2,708.389178
0.536844,2,708.490168
0.896283,3,708.630101
0.513961,2,708.730265
0.875541,3,708.890579
1.56857,5,709.133765
0.525818,2,709.232363
-2.768568,6,709.549997
2.616447,7,709.908112
1.920068,6,710.214245
0.858926,3,710.3714
1.648227,5,710.626832
0.554288,2,710.743188
0.557536,2,710.862451
0.33658,2,710.979723
0.973192,3,711.136683
1.302257,4,711.337023
1.241133,4,711.517499
2.098255,6,711.837192
1.929085,6,712.1343
2.066808,6,712.468181
-2.038472,8,712.905198
0.532793,2,713.02188
-2.092634,8,713.424737
0.54483,2,713.543044
1.665065,5,713.799939
2.125641,6,714.132933
1.313982,4,714.34774
0.518014,2,714.449625
0.522163,2,714.550023
0.544602,2,714.650647
1.678878,5,714.915271
3.069505,10,715.469218
0.497508,2,715.584803
8.741725,23,716.758857
0.916481,3,716.914636
2.470529,7,717.301058
0.551403,2,717.399475
-3.461087,4,717.616361
2.029477,6,717.966091
0.515591,2,718.063708
1.251979,4,718.28184
3.035169,8,718.697003
0.954992,3,718.857069
-1.861836,8,719.299632
2.953331,8,719.719384
0.945807,3,719.8744
-2.949559,5,720.154643
0.523783,2,720.27148
3.351056,10,720.805795
4.018342,10,721.287642
0.527672,2,721.385432
0.894412,3,721.545799
3.312364,9,722.009942
0.952126,3,722.169736
0.530605,2,722.271488
0.351427,2,722.370834
2.63987,8,722.789142
0.557536,2,722.905168
0.515337,2,723.003428
0.548683,2,723.103556
0.527005,2,723.202143
0.549527,2,723.30235
1.459874,5,723.559868
1.940107,6,723.87662
-2.916721,6,724.155999
0.871742,3,724.335395
2.040496,6,724.649241
0.518408,2,724.765721
0.570051,2,724.864164
0.928676,3,725.006587
3.10164,9,725.482433
2.649469,7,725.818694
1.276357,4,726.033667
0.350515,2,726.132293
0.941379,3,726.305661
1.31829,4,726.506
0.52886,2,726.62344
0.497817,2,726.723137
1.251087,4,726.926222
0.950119,3,727.105122
-2.947221,5,727.345804
-2.072084,8,727.743992
3.053694,9,728.189124
1.744229,5,728.412875
0.332963,2,728.531692
0.559704,2,728.650607
1.609331,5,728.922922
-3.616901,4,729.123711
0.536227,2,729.220614
1.223466,4,729.421009
0.533488,2,729.539054
1.670835,5,729.797351
0.908278,3,729.940184
0.551923,2,730.060432
0.535246,2,730.159894
0.88823,3,730.321469
1.306087,4,730.518931
0.343187,2,730.618515
0.577918,2,730.736984
1.261597,4,730.951668
3.975315,11,731.502675
-2.430525,7,731.859828
4.238508,12,732.450781
0.318609,2,732.565583
2.829505,8,732.96798
0.559878,2,733.065228
0.58174,2,733.163035
0.534966,2,733.28235
1.679221,5,733.54365
3.985214,10,734.068806
-2.531346,7,734.427725
0.525698,2,734.528047
2.090586,6,734.849257
0.558577,2,734.947869
1.671315,5,735.22139
0.936922,3,735.377974
2.151257,7,735.720568
3.493279,9,736.160852
1.654895,5,736.438454
0.548175,2,736.558262
1.306666,4,736.755266
2.716141,9,737.217255
0.524083,2,737.314926
0.534545,2,737.414443
2.416109,6,737.770869
0.520558,2,737.886098
0.526346,2,737.985537
0.548584,2,738.102109
2.498162,7,738.501681
0.501389,2,738.616696
0.539535,2,738.71496
0.543392,2,738.814242
0.87966,3,738.976172
0.342597,2,739.073776
5.06187,13,739.763725
1.698457,5,740.019642
0.533237,2,740.137128
1.671432,5,740.381942
0.502678,2,740.498976
0.927876,3,740.675311
2.42125,7,741.020817
-3.202725,5,741.280901
0.326287,2,741.377799
0.679654,3,741.536684
0.886546,3,741.694711
0.5205,2,741.795369
-2.102292,9,742.238928
0.528341,2,742.356537
0.567368,2,742.474143
2.392731,7,742.850732
1.825666,5,743.087374
3.940541,12,743.709069
0.897402,3,743.864404
3.108981,9,744.285283
0.833437,3,744.441991
0.562194,2,744.559261
1.96927,6,744.880918
3.559109,10,745.380273
2.139573,6,745.657871
0.864072,3,745.799566
0.519056,2,745.918246
0.901363,3,746.09339
3.101153,9,746.584801
1.325439,4,746.817899
0.540752,2,746.933749
2.000807,6,747.250151
0.953643,3,747.406503
0.545308,2,747.506523
2.648386,8,747.912273
2.600916,7,748.270915
2.375735,7,748.628767
0.517421,2,748.745356
0.535235,2,748.862893
0.3281,2,748.978519
0.5537,2,749.077022
1.125475,4,749.297204
1.531627,5,749.588102
0.536711,2,749.703511
5.963591,17,750.565284
0.531251,2,750.662088
0.547597,2,750.77873
1.244737,4,750.997728
2.909406,8,751.382688
2.265494,6,751.681939
1.076217,16,752.487576
1.605518,5,752.713318
0.925375,3,752.871678
2.14888,6,753.175038
0.52275,2,753.292598
2.419991,7,753.632136
-3.043283,6,753.947626
3.328253,9,754.4302
0.555422,2,754.545547
0.530429,2,754.660269
0.516277,2,754.761732
0.536952,2,754.8813
0.897463,3,755.039692
0.505492,2,755.157348
2.612305,8,755.538566
0.869531,3,755.681149
0.541193,2,755.800094
1.268202,4,756.015971
0.503654,2,756.132156
2.589589,7,756.475778
0.907714,3,756.614042
1.336133,4,756.829762
0.551467,2,756.927583
2.256905,7,757.274886
3.545932,10,757.785199
0.53869,2,757.902611
4.44686,12,758.500996
0.515332,2,758.618278
2.006217,6,758.957645
0.924371,3,759.133039
1.249839,4,759.347575
0.547712,2,759.445652
0.510952,2,759.564006
-2.471301,6,759.854693
0.963617,3,759.996758
0.87926,3,760.174018
0.529604,2,760.273376
1.251841,4,760.45726
1.496992,5,760.718981
-3.099938,5,760.983074
1.585255,5,761.266992
0.523372,2,761.382922
0.525547,2,761.480148
2.796891,8,761.898955
-2.021779,8,762.336689
0.884531,3,762.492211
0.527848,2,762.592808
0.542688,2,762.693596
0.523568,2,762.793516
0.547821,2,762.893473
0.898418,3,763.070922
5.34658,14,763.772491
0.530936,2,763.888674
0.952151,3,764.044808
0.893804,3,764.202196
0.538103,2,764.303685
0.524223,2,764.404182
2.48603,7,764.767009
0.523496,2,764.864284
0.892462,3,765.023954
-1.980411,8,765.408467
0.345732,2,765.508834
0.532051,2,765.605987
2.271732,7,765.966039
0.521713,2,766.082468
1.321571,4,766.301145
2.992051,9,766.779461
2.875732,8,767.216269
0.546965,2,767.314539
0.874154,3,767.454777
0.524991,2,767.555978
2.483731,7,767.912484
0.518045,2,768.027464
0.930711,3,768.185733
-1.463731,9,768.645885
2.750621,8,769.08326
3.354496,10,769.603803
1.202485,4,769.803846
2.353787,7,770.158906
0.93856,3,770.320654
0.508573,2,770.422749
1.781923,5,770.669944
1.332066,4,770.871609
0.531904,2,770.989973
2.827,8,771.409581
2.900044,8,771.826457
-3.48009,4,772.02529
3.182846,9,772.485177
0.329216,2,772.600973
0.552493,2,772.716548
0.494352,2,772.834126
4.482155,12,773.49132
0.526397,2,773.588516
0.970508,3,773.747554
1.634912,5,773.988822
2.45933,7,774.389042
0.531857,2,774.485711
1.987489,6,774.804255
1.330994,4,775.020056
0.525934,2,775.134996
0.351117,2,775.251343
0.541825,2,775.366066
2.243501,7,775.712376
0.529275,2,775.831089
1.235919,4,776.048929
0.545759,2,776.148633
2.765113,8,776.558014
0.550028,2,776.656459
0.914683,3,776.817559
0.505446,2,776.914378
0.529166,2,777.013095
0.548719,2,777.133426
0.512189,2,777.250792
2.751639,8,777.680865
0.550692,2,777.800656
2.067599,6,778.12703
0.552576,2,778.228783
-2.327928,7,778.599188
0.48875,2,778.718132
1.33075,4,778.923633
-3.115457,5,779.20952
3.555454,9,779.699208
0.576822,2,779.815038
0.539517,2,779.915445
0.543114,2,780.017148
1.746278,5,780.292899
0.352001,2,780.409841
0.959934,3,780.548127
0.506323,2,780.647318
2.145889,6,780.948588
1.252066,4,781.147797
1.261713,4,781.369977
0.524096,2,781.468066
1.246345,4,781.668566
0.94306,3,781.848171
3.192857,9,782.307626
3.128295,9,782.750219
0.507418,2,782.849046
3.617543,11,783.485721
3.582272,10,784.004182
2.396561,7,784.360745
1.73999,5,784.635605
2.225675,6,784.933961
3.20787,9,785.383942
3.176253,9,785.846609
1.303926,4,786.065558
1.496418,5,786.321604
0.507105,2,786.422106
2.494255,7,786.797504
0.857502,3,786.938298
3.251372,9,787.468697
0.535817,2,787.565962
0.881823,3,787.722311
4.887156,13,790.322714
4.112805,11,790.92385
2.354487,7,791.297766
0.931431,3,791.454001
0.326236,2,791.574128
4.331009,12,792.213755
0.511176,2,792.329783
2.831187,8,792.728388
-1.438432,9,793.186221
0.542633,2,793.285837
-3.674371,4,793.488886
0.455069,2,793.606369
2.426091,20,794.531121
1.233904,4,794.72836
2.069863,6,795.052615
1.310642,4,795.28702
1.302852,4,795.485024
-1.0306,11,796.066609
2.724344,8,796.429749
-2.978107,5,796.69175
1.250001,4,796.872457
1.670868,5,797.115869
2.571487,8,797.518629
-3.198805,5,797.774266
0.51729,2,797.891762
4.009377,10,798.3788
3.206347,9,798.8241
-3.564642,4,799.006158
0.52144,2,799.109185
0.701558,3,799.266691
0.904888,3,799.426275
0.546515,2,799.542768
3.410584,10,800.041739
2.435598,8,800.444018
2.889165,8,800.830101
1.657265,5,801.091784
7.197625,18,801.945679
0.514385,2,802.061726
0.52875,2,802.162801
-1.985847,7,802.531421
0.549107,2,802.646069
2.989706,8,803.062917
3.234641,9,803.489562
0.505595,2,803.606961
-2.019531,7,803.975642
2.52919,7,804.300446
-3.004075,6,804.622954
0.976456,3,804.779342
2.003771,6,805.080395
0.925742,3,805.235341
1.264491,4,805.45213
0.565854,2,805.551458
1.894763,6,805.872904
4.68705,13,806.604609
4.636357,12,807.169837
2.732257,8,807.570536
5.323668,14,808.265102
1.363284,4,808.484908
0.534099,2,808.603247
1.262072,4,808.802471
1.25061,4,809.000746
3.986965,11,809.574622
2.580116,7,809.919355
7.417581,20,810.893232
2.691146,8,811.328308
0.329126,2,811.444698
-3.046906,5,811.702217
0.538669,2,811.883158
0.901749,3,812.042428
1.301425,4,812.261801
0.938481,3,812.422134
4.322202,13,813.068326
-3.10074,5,813.32832
4.206102,12,813.898728
0.592452,2,814.015549
1.180834,4,814.193869
-3.124578,5,814.453356
3.352966,10,814.952531
2.090982,6,815.257836
0.875478,3,815.417727
1.346881,4,815.633826
1.74571,5,815.909267
0.489033,2,816.024393
0.528344,2,816.14065
1.739746,5,816.379224
1.403348,4,816.562987
-2.687894,6,816.902278
-2.115213,8,817.308107
0.435805,2,817.406644
3.817095,11,817.96347
3.289589,9,818.411551
0.532675,2,818.510824
1.56133,5,818.754704
4.951032,13,819.385734
1.166575,4,819.600524
2.249631,7,819.939073
0.580314,2,820.056542
0.523656,2,820.155443
1.324923,4,820.357611
2.152318,7,820.702212
3.012246,9,821.162737
2.197073,6,821.467122
5.85824,15,822.316578
-3.736456,4,822.511884
-3.313057,5,822.754504
-3.032577,5,822.978839
0.930063,3,823.139547
1.840325,5,823.383213
3.933751,10,823.897844
0.565582,2,823.995955
4.712503,13,824.69172
2.912446,8,825.100577
-3.240988,5,825.442216
0.330001,2,825.53939
2.172322,6,825.854884
0.503168,2,825.970224
2.01374,6,826.251049
3.957816,11,826.806668
1.567069,5,827.044131
0.867114,3,827.181314
2.893595,8,827.610602
5.657712,17,828.475105
0.519861,2,828.572418
3.033962,8,828.935649
0.96039,3,829.09189
3.516033,10,829.596717
0.534067,2,829.695362
2.786103,8,830.075086
3.483011,10,830.549495
0.558332,2,830.667428
2.966869,8,831.095605
1.873481,6,831.390737
-3.028216,5,831.64377
3.490284,10,832.102434
3.391685,10,832.615102
-3.00314,5,832.869111
4.172107,12,833.47067
1.292202,4,833.688562
0.509696,2,833.78457
0.892026,3,833.939878
1.721681,5,834.297068
1.233465,4,834.492033
2.363498,7,834.82827
3.361885,9,835.277536
0.511829,2,835.374008
2.649816,8,835.737709
0.532358,2,835.854289
0.53484,2,835.971504
-3.291868,5,836.205596
4.536545,13,836.852429
-3.440268,4,837.034727
2.705365,7,837.375868
0.543515,2,837.472309
3.661648,10,837.965928
3.698992,10,838.431952
-2.927584,6,838.72627
0.552636,2,838.824842
0.849125,3,838.981361
1.201512,4,839.179768
2.985327,9,839.635062
0.512561,2,839.733165
2.804461,7,840.090896
0.950822,3,840.229664
0.885847,3,840.388775
2.897297,9,840.848521
1.606583,5,841.120856
3.213626,9,841.5579
0.529912,2,841.671898
2.983513,9,842.100957
3.257362,9,842.555761
6.687387,16,843.362004
1.6773,5,843.614548
2.659273,8,844.008683
0.518765,2,844.104402
0.54463,2,844.221633
-2.759598,6,844.537313
0.544122,2,844.652074
0.874886,3,844.813084
0.535029,2,844.910414
0.551479,2,845.024711
0.564925,2,845.123645
2.316562,7,845.477098
5.72744,17,846.259938
4.295785,12,846.856304
2.373095,7,847.177196
4.639554,13,847.885136
2.288204,7,848.220368
1.341158,4,848.415282
5.636183,13,849.032468
2.128038,6,849.346375
-1.25109,9,849.783951
4.24054,11,850.305708
1.368021,4,850.518149
2.372867,7,850.856548
3.446613,10,851.339709
3.361429,9,851.739733
2.497544,7,852.078028
0.908818,3,852.236321
-2.964884,6,852.55298
3.473343,10,853.064043
5.406112,15,853.786345
-1.740574,8,854.198073
-1.784358,8,854.600516
-1.894086,8,855.016828
0.898674,3,855.156627
1.733046,5,855.398654
0.542136,2,855.495338
5.858871,16,856.246622
1.203457,4,856.449246
2.314116,6,856.745659
3.851852,11,857.269465
1.929228,6,857.55413
0.508385,2,857.673658
0.51837,2,857.792006
-2.90734,5,858.048812
3.202568,10,858.531348
0.554345,2,858.647591
0.950148,3,858.785615
2.036345,6,859.082902
-3.156135,5,859.340504
0.542921,2,859.460261
1.162164,4,859.680346
2.753577,8,860.056842
0.521428,2,860.154689
2.256917,6,860.457989
1.17266,4,860.639412
-3.046447,6,860.940051
0.906652,3,861.113028
2.894804,8,861.515615
1.384754,4,861.74598
2.070745,6,862.047654
2.859396,8,862.442907
0.517865,2,862.560852
0.53621,2,862.658456
2.639911,8,863.062068
-0.877826,10,863.588996
4.909753,12,864.206321
1.295567,4,864.41955
0.548573,2,864.518178
2.580225,7,864.8441
0.535919,2,864.942839
0.893058,3,865.101142
1.975623,6,865.395985
-3.230591,5,865.650111
0.518739,2,865.765244
1.228144,4,865.961272
4.299825,12,866.545712
3.346973,9,866.985168
0.889854,3,867.16026
1.976228,6,867.456585
3.862698,11,868.027374
2.456391,7,868.379807
2.616872,8,868.759865
1.733613,5,869.000375
0.522814,2,869.099683
0.538115,2,869.200324
0.896237,3,869.339384
0.89497,3,869.516401
4.261103,13,870.148886
0.501993,2,870.267205
0.531056,2,870.3855
1.915421,6,870.664485
-2.537024,7,870.985661
4.485185,11,871.512007
-2.485319,7,871.872123
2.094727,6,872.138688
0.496128,2,872.236367
0.516457,2,872.335452
-2.329114,7,872.657721
1.295573,4,872.856387
2.889568,8,873.256433
0.720494,3,873.430517
2.082532,6,873.734011
1.62372,5,873.972452
0.53724,2,874.070888
1.399624,5,874.295282
2.223691,7,874.655825
5.572211,17,875.544163
2.508342,7,875.912965
3.831891,10,876.411525
-3.10223,5,876.668598
2.871375,8,877.086541
3.646234,11,877.661999
1.561729,5,877.917161
0.526786,2,878.034918
1.314951,4,878.251991
-2.933288,5,878.503306
4.045748,12,879.104824
4.737395,13,879.731782
4.5103,12,880.349598
0.933301,3,880.505179
0.282014,15,881.24171
0.544012,2,881.340832
-2.390738,8,881.730808
1.833983,6,882.027058
-2.919018,6,882.306304
0.349702,2,882.407188
0.583911,2,882.528347
1.936105,6,882.814077
0.536981,2,882.916672
3.858833,11,883.534222
0.320508,2,883.653946
1.753536,5,883.884699
2.056006,6,884.181069
0.329421,2,884.281903
1.995552,6,884.54891
1.648031,5,884.809949
0.539025,2,884.908319
-1.683954,8,885.33744
0.34665,2,885.433415
3.512404,10,885.937719
1.273328,4,886.152434
0.533165,2,886.251179
1.308153,4,886.466888
0.519501,2,886.584885
2.054439,6,886.879649
2.089199,6,887.190754
1.241534,4,887.407021
2.616689,8,887.820696
0.898456,3,887.959247
2.793111,8,888.360217
2.037218,6,888.653888
3.111552,9,889.089018
0.539128,2,889.186959
0.512146,2,889.2861
0.551379,2,889.402466
2.79452,8,889.819699
1.702348,5,890.074564
0.516248,2,890.18934
0.954033,3,890.326391
4.1585,11,890.830935
2.994308,9,891.288444
2.541921,7,891.657833
1.738279,5,891.878813
0.523795,2,891.996973
3.688984,10,892.493619
1.313295,4,892.691864
0.555442,2,892.806807
1.29092,4,893.00617
4.095191,26,896.259466
1.805686,5,896.48244
0.564455,2,896.582177
3.213733,9,897.001941
2.172827,6,897.284722
0.92257,15,898.028872
7.669251,22,899.109397
1.310364,4,899.305719
2.030863,6,899.619809
0.850297,3,899.758435
3.111179,9,900.182513
1.248238,4,900.419199
4.228083,11,900.979714
1.638288,5,901.225018
0.531369,2,901.34135
1.591256,5,901.582516
0.510623,2,901.679675
2.900891,9,902.142399
1.242365,4,902.357876
0.529426,2,902.457866
2.092422,6,902.753598
2.343082,7,903.079386
4.092107,11,903.600924
4.309126,12,904.175709
0.851199,3,904.33249
1.720286,5,904.571207
2.754081,8,904.968837
1.386538,4,905.165819
2.1509,6,905.429609
5.392948,15,906.152416
0.531458,2,906.249823
3.744181,11,906.757924
-3.088054,5,907.029154
0.51322,2,907.126219
2.748295,8,907.525843
2.779603,8,907.924238
3.741265,11,908.445132
0.520408,2,908.542966
2.884268,8,908.955067
1.925722,6,909.215471
-2.997685,5,909.474823
10.563741,30,910.861882
0.541291,2,910.976962
2.481416,7,911.300305
3.687971,10,911.748185
-2.240684,7,912.086855
1.205638,4,912.267503
-1.538518,9,912.713016
2.128397,6,913.011183
1.774342,5,913.235585
2.048229,6,913.518203
2.419456,7,913.862452
2.559518,8,914.267374
0.899463,3,914.423097
4.939518,14,915.121975
0.548114,2,915.22145
0.52005,2,915.322079
4.848364,13,915.952215
1.638132,5,916.24292
1.291139,4,916.477133
1.542785,5,916.71513
0.900062,3,916.872022
0.888702,3,917.031022
1.939318,6,917.329792
0.916301,3,917.487224
1.660252,5,917.761917
1.313758,4,917.955741
0.523712,2,918.054032
-2.856418,6,918.373317
0.90482,3,918.530641
2.330629,7,918.869524
4.175258,12,919.432384
3.70702,11,919.921058
3.949149,13,920.542355
3.117066,9,921.006496
0.520448,2,921.104316
1.376643,4,921.301464
-2.889953,5,921.528487
2.957048,9,921.970864
3.683737,12,922.540353
1.989757,6,922.869419
0.85938,3,923.024668
2.44445,7,923.381927
1.251802,4,923.563131
2.560637,7,923.942737
0.545633,2,924.060938
0.557392,2,924.174866
0.56738,2,924.272357
2.89127,9,924.710237
0.506416,2,924.809008
2.335605,7,925.18415
2.944489,8,925.560392
1.307621,4,925.760957
0.884228,3,925.934136
2.426939,7,926.287314
0.543813,2,926.401751
-2.597809,7,926.780418
2.924331,9,927.195833
2.313619,7,927.513859
2.773907,8,927.908991
5.037033,13,928.501402
-2.979148,6,928.786601
3.101245,9,929.19706
5.785869,16,929.941712
1.638083,5,930.200765
0.533047,2,930.298776
5.935963,17,931.08529
0.507334,2,931.201363
-1.661828,8,931.551085
0.87096,3,931.708714
0.510014,14,932.375629
2.358295,7,932.71141
0.746694,3,932.869303
3.453226,10,933.351248
2.766944,8,933.728642
1.242217,4,933.946788
2.943506,9,934.329169
2.361393,7,934.705559
-0.008025,12,935.30638
5.41074,16,936.110354
0.888526,3,936.24984
0.896281,3,936.392569
2.858729,8,936.755752
2.529418,7,937.115351
1.753557,5,937.33577
0.905719,3,937.495241
3.578093,10,938.013102
4.797258,14,938.708129
0.561825,2,938.805037
0.954299,3,938.959994
3.429971,10,939.460916
1.328255,4,939.662681
2.705371,8,940.063291
3.179153,9,940.50254
0.523534,2,940.619162
0.497752,2,940.718587
0.523798,2,940.817112
7.774994,21,941.851333
3.173951,9,942.29519
3.441974,10,942.756701
5.126193,14,943.440214
2.094919,6,943.719906
3.171062,9,944.161552
3.513897,10,944.649961
1.59106,5,944.906263
1.710642,5,945.143542
1.359243,4,945.376824
5.389097,15,946.076434
0.522486,2,946.177176
0.878836,3,946.336725
9.190191,24,947.519459
1.922885,6,947.832566
-1.809794,8,948.249742
5.704167,17,949.070639
2.59648,8,949.449635
0.528759,2,949.548815
0.526709,2,949.666804
0.532462,2,949.783489
1.581863,5,950.044482
1.54724,5,950.299019
4.353895,12,950.867309
3.500847,10,951.382803
1.979666,6,951.646644
-2.136721,7,951.992151
3.19862,9,952.448446
1.256239,18,953.370167
0.575837,2,953.468129
0.534614,2,953.585725
1.367076,4,953.804623
0.860572,3,953.96509
2.056053,6,954.267187
0.538251,2,954.383959
4.706527,12,954.987968
3.74724,11,955.548776
1.188752,4,955.764386
0.510862,2,955.86369
0.525911,2,955.98207
2.093293,6,956.290179
3.942595,11,956.829903
0.516427,2,956.927652
4.461048,12,957.550532
0.925912,3,957.70524
2.883795,8,958.091253
5.437023,14,958.771059
0.534031,2,958.87126
4.808619,15,959.62739
2.791461,8,960.007407
0.542813,2,960.105014
1.226126,4,960.306455
1.266272,4,960.488469
0.54582,2,960.591527
0.50539,2,960.710733
4.398378,13,961.352705
0.940056,3,961.490741
0.550628,2,961.607152
2.496131,7,961.930248
0.541048,2,962.028253
3.713298,11,962.577287
-0.080972,13,963.177175
3.202089,9,963.619871
2.61954,8,964.017152
0.888888,3,964.152992
4.77472,14,964.874413
0.88451,3,965.029231
4.663038,12,965.595239
1.306555,4,965.790858
3.789296,11,966.297463
4.252356,12,966.895899
3.192667,9,967.334305
0.524517,2,967.451683
4.936243,13,968.094095
4.250486,12,968.673184
4.528854,13,969.292597
5.545269,15,969.99201
0.541774,2,970.090523
0.490393,2,970.190754
0.896463,3,970.369113
2.436279,7,970.712047
2.797373,8,971.063321
0.517839,2,971.182548
0.512236,2,971.302005
0.553956,2,971.401204
4.824729,15,972.142276
1.981618,6,972.41959
0.481221,2,972.537247
1.276661,4,972.73857
2.068763,6,973.041325
1.911824,6,973.320284
0.542907,2,973.418099
1.843661,6,973.73491
2.678182,8,974.117586
0.518708,2,974.216845
-1.466361,8,974.58434
3.943583,11,975.090368
0.521433,2,975.189667
3.904066,11,975.746573
2.398205,7,976.087205
0.524834,2,976.202715
0.536328,2,976.301112
0.512955,2,976.401692
2.959392,9,976.848039
3.89988,11,977.392095
1.608145,5,977.651546
1.295042,4,977.85348
0.538157,2,977.952343
4.445172,13,978.571121
3.182934,9,978.972568
3.30486,9,979.406511
2.38699,7,979.729335
1.619893,5,979.965288
3.692439,10,980.454563
0.549098,2,980.552285
5.146753,15,981.301888
0.529403,2,981.401667
3.608176,10,981.858233
4.024201,12,982.493774
0.523606,2,982.592441
0.528335,2,982.690319
5.221015,15,983.421498
-2.672182,6,983.722636
0.54439,2,983.820354
4.764111,13,984.464056
0.556112,2,984.579586
-3.05901,5,984.840418
0.323248,2,984.939505
6.580647,17,985.791923
-3.04608,5,986.062847
7.224648,19,987.014585
4.965741,13,987.633409
0.510153,2,987.749955
2.580904,8,988.163041
4.444604,12,988.742367
4.971634,14,989.392217
2.847555,8,989.806175
2.83948,8,990.225482
1.99915,6,990.53636
3.826186,11,991.06484
2.36914,7,991.402512
1.650392,5,991.661263
1.671506,5,991.921524
1.291099,4,992.120284
3.695972,10,992.567963
1.264754,4,992.768844
0.94196,3,992.928299
0.565918,2,993.04753
5.170952,14,993.711988
0.517563,2,993.827531
2.803455,8,994.204503
0.893259,3,994.379056
1.54179,5,994.636354
1.710511,5,994.874305
1.640293,5,995.115117
3.475536,9,995.561978
2.437923,7,997.85058
1.570762,5,998.079575
7.578709,23,999.162834
3.315455,9,999.608682
4.382684,13,1000.199381
0.507921,2,1000.297748
0.577238,2,1000.417295
5.975073,17,1001.244896
2.564106,7,1001.573004
2.538589,7,1001.911664
0.49362,2,1002.031461
0.566651,2,1002.149846
6.881781,18,1002.995471
3.095585,9,1003.454538
3.095362,8,1003.887339
2.051663,6,1004.165428
0.904266,3,1004.303406
1.984736,6,1004.589301
4.68559,13,1005.162959
4.292834,13,1005.787226
0.531067,2,1005.904608
2.393917,7,1006.262124
0.888632,3,1006.420119
-2.374609,7,1006.795197
1.598612,5,1007.036711
0.555576,2,1007.136649
1.282204,4,1007.337183
6.306641,17,1008.137423
2.071973,6,1008.441609
-1.997966,9,1008.897891
3.485011,10,1009.364725
1.659672,5,1009.625221
4.467869,12,1010.192881
0.52103,2,1010.292153
3.038544,9,1010.732737
5.62954,15,1011.444427
-0.044285,13,1012.054014
4.462762,13,1012.716215
0.872396,3,1012.853601
9.199636,24,1013.992135
0.519889,2,1014.107455
0.318012,2,1014.206063
0.508769,2,1014.305383
5.228388,15,1015.032137
1.719343,5,1015.294132
-1.282659,9,1015.716929
3.381237,9,1016.175216
4.813952,27,1017.409944
0.928945,3,1017.570124
0.923202,3,1017.733069
4.057381,12,1018.301282
2.649845,8,1018.661804
3.596558,11,1019.187819
2.823198,8,1019.57165
0.524142,2,1019.669784
7.3307,22,1020.722925
1.151762,17,1021.561744
-2.734135,6,1021.848102
3.667769,10,1022.31237
-2.438256,7,1022.653779
5.93807,17,1023.459601
0.582374,2,1023.557397
0.548165,2,1023.656134
3.313018,9,1024.080986
5.844899,16,1024.853448
1.577508,5,1025.092921
4.39753,12,1025.66435
0.530558,2,1025.781104
0.516036,2,1025.879993
1.595849,5,1026.139538
3.45246,10,1026.619975
3.997757,12,1027.188661
0.567516,2,1027.305017
0.947385,3,1027.447247
0.922902,3,1027.587724
3.324276,10,1028.073301
4.054375,12,1028.644804
0.577699,2,1028.742729
1.594412,5,1028.969116
4.019873,11,1029.494108
4.828916,15,1030.184947
1.632033,5,1030.412021
2.328792,7,1030.754848
0.519837,2,1030.869604
3.669354,11,1031.404045
1.560006,5,1031.661621
4.9005,15,1032.387226
1.155523,4,1032.586413
0.524272,2,1032.686894
6.306198,18,1033.521611
0.957747,3,1033.680249
1.654079,5,1033.920348
5.302903,15,1034.625459
0.559763,2,1034.742857
0.917374,3,1034.920099
3.642155,11,1035.442156
0.951741,3,1035.582405
6.596076,20,1036.484421
0.501797,2,1036.582088
2.290809,6,1036.899634
2.681401,8,1037.282225
5.414377,16,1038.025689
8.737884,24,1039.159883
5.814633,15,1039.866303
-2.679429,7,1040.196517
3.798259,11,1040.735793
3.704012,10,1041.201771
4.536116,12,1041.783243
4.434168,13,1042.441262
3.633177,10,1042.925974
2.026974,6,1043.206403
1.205751,4,1043.384945
-1.772318,8,1043.826995
2.078929,6,1044.105954
3.838934,11,1044.648264
5.652018,17,1045.485913
0.90037,3,1045.643228
2.788041,8,1046.026207
0.895842,3,1046.186006
0.490943,2,1046.288187
0.507927,2,1046.408842
1.991196,6,1046.707014
4.645328,13,1047.318317
5.523668,16,1048.067331
1.214142,4,1048.250329
2.373615,7,1048.578528
3.887118,10,1049.085478
-0.449026,12,1049.658663
5.437409,15,1050.367442
1.844516,6,1050.652671
5.063835,14,1051.31496
1.709181,5,1051.59151
0.864484,3,1051.749715
6.956739,20,1052.683407
1.572483,5,1052.908378
-0.782666,12,1053.494454
3.083901,9,1053.94943
2.104248,6,1054.230645
1.616411,5,1054.491687
6.56855,20,1055.441536
0.975731,3,1055.599469
1.664418,5,1055.858678
-1.42452,10,1056.321683
1.591525,5,1056.578229
0.936359,3,1056.718748
1.939585,6,1057.019262
6.54978,18,1057.880812
0.518763,2,1057.998097
1.819459,6,1058.259704
5.129,14,1058.909884
3.825204,11,1059.439932
1.103147,18,1060.293998
10.158171,28,1061.600679
3.864821,11,1062.132604
2.96214,8,1062.519363
0.538629,2,1062.636918
2.460845,7,1062.960858
2.798191,8,1063.344633
3.788707,11,1063.849959
3.587528,10,1064.329086
3.280552,9,1064.720036
6.172851,17,1065.487056
1.287695,4,1065.668042
2.893848,9,1066.095862
2.047589,6,1066.415698
1.662158,5,1066.652838
0.473897,2,1066.752488
4.258885,12,1067.30559
4.862706,14,1067.986962
0.541727,2,1068.102938
0.548424,2,1068.200437
0.857558,3,1068.34012
1.920767,6,1068.643274
4.905558,14,1069.296338
2.47435,7,1069.639577
0.532596,2,1069.755404
5.680687,16,1070.523415
0.746528,16,1071.309085
3.299805,9,1071.753973
4.40633,12,1072.311826
1.24707,4,1072.493324
0.580463,2,1072.612979
-2.695656,6,1072.897536
3.531082,10,1073.377393
2.628557,8,1073.816737
4.770092,13,1074.425389
3.422391,10,1074.919136
0.522795,2,1075.016466
4.778762,12,1075.589223
0.530013,2,1075.705189
0.319856,13,1076.37974
0.505338,2,1076.476231
0.556899,2,1076.592026
0.976634,3,1076.732316
0.521939,2,1076.831954
2.962667,9,1077.271836
2.462993,7,1077.628521
3.739468,12,1078.177561
5.220148,14,1078.851976
-2.327423,7,1079.179189
1.750536,5,1079.441412
-1.021668,10,1079.92731
1.716582,5,1080.167322
4.054212,11,1080.727782
4.687514,13,1081.345933
5.829879,15,1082.048683
0.538017,2,1082.165951
4.27104,12,1082.732467
1.92743,6,1083.018706
6.249289,17,1083.795175
-2.405357,7,1084.138503
0.595198,2,1084.235588
0.463193,2,1084.337027
5.09296,13,1084.926996
0.516774,2,1085.026361
0.557141,2,1085.124284
1.27991,4,1085.324032
2.358162,7,1085.700077
3.667968,10,1086.167795
6.415646,19,1087.144305
4.960909,14,1087.763907
0.530479,2,1087.863883
4.197292,12,1088.437759
7.327899,22,1089.453323
2.509221,7,1089.794088
2.255797,6,1090.115012
0.515642,2,1090.212242
1.510893,5,1090.451669
0.926585,3,1090.594002
0.912857,3,1090.773215
2.113423,7,1091.099036
5.396093,15,1091.762775
4.379988,12,1092.31415
0.53458,2,1092.413939
2.638073,8,1092.786494
7.369968,21,1093.734676
-0.567582,13,1094.342181
0.514577,2,1094.440886
4.590245,14,1095.142846
4.211058,12,1095.699328
3.670659,10,1096.150472
4.063561,11,1098.677387
1.538077,18,1099.548634
3.244752,9,1099.970198
1.994088,6,1100.251137
5.394919,15,1100.967186
2.767928,8,1101.346767
4.762593,14,1102.002514
-2.388822,7,1102.36592
4.610819,14,1102.994227
1.902912,6,1103.283285
-3.128583,5,1103.522464
-3.120993,5,1103.764837
10.237128,28,1105.093726
3.917492,11,1105.621356
1.916546,6,1105.922403
1.523155,5,1106.184471
1.280869,4,1106.399941
0.522483,2,1106.516156
0.931231,3,1106.655056
-2.125694,7,1106.998168
4.412909,12,1107.580949
4.379419,12,1108.129424
1.267563,4,1108.310239
0.977387,3,1108.451673
2.928165,8,1108.859522
2.399122,7,1109.181843
3.345588,9,1109.611659
3.113521,9,1110.036062
0.80746,14,1110.67126
3.602772,10,1111.19322
9.586191,27,1112.380618
1.929367,6,1112.686295
3.186852,9,1113.090299
13.472989,48,1115.272782
2.743597,8,1115.666694
2.964449,8,1116.016693
1.585537,5,1116.256593
2.91302,8,1116.604891
-2.225407,7,1116.933548
2.824214,9,1117.376133
0.553992,2,1117.474087
0.927564,3,1117.6488
2.080505,6,1117.930849
7.712197,25,1119.131293
-1.997953,8,1119.515435
0.546722,2,1119.613158
4.759545,15,1120.288918
0.49584,2,1120.387749
6.948514,19,1121.297516
-2.141832,8,1121.700066
7.651762,22,1122.736644
6.957738,20,1123.61085
-3.10007,5,1123.849935
3.773312,10,1124.338327
-1.342073,10,1124.820762
-0.249507,13,1125.446927
0.549718,2,1125.545268
2.7803,8,1125.932211
3.870817,11,1126.422137
2.459727,7,1126.767721
1.614364,5,1127.009656
1.516074,5,1127.266095
3.978846,12,1127.823703
2.443345,7,1128.150223
-0.976919,11,1128.678221
0.341291,2,1128.776979
6.416693,21,1129.753558
7.830951,21,1130.724
2.030318,6,1131.021341
4.941974,14,1131.676749
1.229426,4,1131.856315
2.327165,7,1132.201048
3.10283,9,1132.658875
7.350954,20,1133.547849
4.22486,12,1134.11711
2.575225,8,1134.499561
2.520906,8,1134.868641
2.915785,21,1135.891878
4.887872,14,1136.538038
4.811735,13,1137.143136
4.536548,13,1137.768998
3.131388,9,1138.159751
1.604927,5,1138.419918
10.124981,29,1139.767371
3.7803,10,1140.253288
0.544255,2,1140.351304
9.050106,27,1141.651967
0.511251,2,1141.753477
2.56961,21,1142.713692
2.825935,8,1143.085154
0.87124,3,1143.244718
3.825483,11,1143.735469
5.332286,15,1144.473482
11.190666,34,1146.056842
5.693872,16,1146.790928
4.206637,12,1147.386478
8.527224,27,1148.647166
3.91734,11,1149.189923
3.484666,10,1149.652823
0.505298,2,1149.772331
4.367727,12,1150.376285
0.548641,2,1150.47609
4.727727,27,1151.671458
4.120546,12,1152.239467
0.530472,2,1152.338709
7.583364,21,1153.321
1.230992,4,1153.520542
1.967125,6,1153.805237
5.030899,15,1154.51447
1.731729,5,1154.777836
3.14544,9,1155.260684
11.541275,43,1157.228246
4.06015,12,1157.806088
3.345023,10,1158.271635
0.519171,2,1158.368701
2.396095,7,1158.72957
6.799351,26,1159.956467
0.510764,2,1160.073493
0.554663,2,1160.189557
0.335984,2,1160.290004
5.25982,14,1160.910239
0.505659,2,1161.030326
6.560582,18,1161.865936
0.507362,2,1161.966061
4.734905,13,1162.597009
-3.024117,5,1162.840954
2.240789,7,1163.18157
0.547421,2,1163.28064
2.273588,20,1164.241474
2.681301,8,1164.629304
1.259825,4,1164.846889
0.858382,3,1165.006038
7.05952,21,1166.064028
6.402634,18,1166.90395
5.218169,15,1167.610366
9.046211,25,1168.720297
1.577343,18,1169.609314
2.68002,8,1169.990145
0.91907,3,1170.129117
0.889013,3,1170.28676
3.143687,9,1170.729962
4.839406,13,1171.338433
1.5845,17,1172.144009
1.685134,5,1172.388004
0.884622,3,1172.546293
1.935231,6,1172.831121
1.64195,5,1173.069525
1.654215,5,1173.347251
2.737638,8,1173.744988
0.977121,3,1173.903237
0.506272,2,1174.001623
6.415603,20,1174.921666
1.394377,4,1175.157133
0.527785,2,1175.272009
4.087154,12,1175.874614
4.23799,12,1176.422193
4.078116,12,1176.958625
1.294121,4,1177.143334
6.321769,16,1177.919048
6.959299,20,1178.821171
5.872899,15,1179.533016
0.962975,3,1179.67386
2.121098,6,1179.941558
0.497812,2,1180.058447
4.752772,13,1180.687317
-1.464716,10,1181.169348
1.258119,4,1181.366521
3.508208,10,1181.818352
1.593703,5,1182.060349
5.945585,19,1182.988435
0.849648,3,1183.141932
4.470126,12,1183.67176
4.802636,13,1184.29072
1.603187,5,1184.519958
6.125941,16,1185.348575
5.979064,18,1186.178979
2.679003,8,1186.569428
7.967457,23,1187.649212
3.133344,9,1188.128458
0.543371,2,1188.225956
2.526075,7,1188.5464
6.718547,21,1189.510752
2.713213,8,1189.899337
6.565804,19,1190.795208
0.526364,2,1190.893557
-3.239755,5,1191.121014
4.117638,11,1191.628396
0.505571,2,1191.746145
0.991333,3,1191.889216
2.701659,8,1192.276632
0.97074,3,1192.43383
4.286121,12,1192.969925
0.519901,2,1193.069037
0.909463,3,1193.214005
4.776597,13,1193.845392
-0.559123,13,1194.438646
2.431076,7,1194.783782
4.172021,12,1195.350085
0.844501,3,1195.507846
4.607548,14,1198.165434
0.941517,3,1198.326769
1.525792,5,1198.568947
0.553767,2,1198.66856
2.110525,6,1198.956355
5.521166,16,1199.68132
13.685741,48,1201.912043
0.548029,2,1202.010717
11.910833,36,1203.670524
2.47443,7,1203.995827
8.78024,25,1205.148715
16.536926,51,1207.51202
6.911271,19,1208.371912
3.439293,10,1208.839339
3.454729,10,1209.360013
2.591937,7,1209.666061
1.982117,6,1209.954339
3.994869,11,1210.445434
8.321652,24,1211.575945
6.129615,17,1212.356736
3.960565,11,1212.850711
1.58339,5,1213.080498
2.728901,8,1213.437595
6.096503,18,1214.260414
2.474745,7,1214.583396
4.112698,11,1215.085425
-0.632588,12,1215.638052
1.216042,4,1215.839034
2.894031,8,1216.223387
-2.966929,6,1216.528202
4.140241,12,1217.075805
3.076065,9,1217.476259
0.882827,3,1217.615499
8.189612,25,1218.797745
11.04889,29,1220.11604
2.688934,8,1220.478366
0.547405,2,1220.594626
-2.806854,6,1220.880826
1.729602,5,1221.104498
5.083703,15,1221.813668
2.590474,8,1222.181108
9.113587,27,1223.389579
1.197939,4,1223.588496
6.124166,18,1224.417904
5.340155,15,1225.110978
6.966668,18,1225.963603
-1.139653,10,1226.438687
2.482527,7,1226.789966
-2.465303,6,1227.082558
8.180259,23,1228.108129
6.160567,19,1229.011752
3.334405,9,1229.441658
3.946815,11,1229.963925
3.299109,9,1230.419057
2.922628,8,1230.787653
-1.795649,9,1231.193586
3.92815,12,1231.792106
-1.251647,9,1232.205056
5.840378,17,1233.004267
0.53091,2,1233.101463
4.39719,13,1233.708398
1.981849,6,1234.009546
1.245015,4,1234.211268
3.395192,10,1234.642518
4.124665,12,1235.228147
2.674702,8,1235.609928
5.081672,14,1236.277194
-1.874022,8,1236.626395
0.552467,2,1236.723983
5.356961,14,1237.363696
5.184993,15,1238.07058
0.50131,2,1238.187685
6.301741,19,1239.077173
7.918847,24,1240.164694
1.62935,5,1240.409664
5.001214,15,1241.098699
1.269451,4,1241.318704
5.207846,14,1241.966973
0.54963,2,1242.067176
3.19654,10,1242.542436
8.420833,25,1243.661476
3.880415,10,1244.089806
0.728927,16,1244.857676
-2.476508,7,1245.176093
2.133625,6,1245.473225
0.837281,3,1245.628932
4.765652,14,1246.282483
3.699751,10,1246.761856
7.483243,22,1247.778382
1.991123,6,1248.062829
5.218446,14,1248.680144
3.568205,10,1249.146256
4.848041,14,1249.813339
3.544095,10,1250.263041
4.137946,12,1250.852822
6.490941,18,1251.653785
-2.166905,8,1252.034702
7.924982,20,1252.965344
3.153942,9,1253.369054
4.359216,13,1253.997953
3.221367,9,1254.421249
1.999765,6,1254.722364
1.969113,6,1255.007455
8.167522,23,1256.104336
2.162341,6,1256.384183
1.356318,4,1256.579586
0.487997,2,1256.69556
4.896075,13,1257.301985
1.278447,4,1257.502292
-2.920202,6,1257.766613
0.313779,2,1257.865526
7.694214,24,1258.996847
1.289508,4,1259.215704
5.553827,16,1259.933389
5.811049,17,1260.744018
1.886872,6,1261.025458
3.813277,25,1262.205274
0.588483,2,1262.321416
1.590559,5,1262.558304
4.894255,14,1263.206409
2.357679,7,1263.54727
7.354416,19,1264.415699
4.147031,12,1264.968355
3.492758,10,1265.449138
17.169202,56,1267.994272
4.705924,14,1268.718996
0.53802,2,1268.817508
3.705693,10,1269.285871
3.782733,10,1269.768158
-0.089944,13,1270.340267
1.23787,4,1270.540977
2.588073,7,1270.845535
6.069599,16,1271.594681
2.725659,8,1271.958402
2.322122,7,1272.281702
2.486759,7,1272.603748
2.799605,8,1272.968923
9.379394,24,1274.03784
4.137111,12,1274.59133
5.772557,16,1275.313809
9.357274,29,1276.628025
0.483771,2,1276.725003
9.357791,32,1278.294039
-0.240224,12,1278.845961
6.481656,19,1279.701511
17.668631,48,1281.871534
-2.381962,7,1282.205221
2.031523,6,1282.491252
3.336909,9,1282.942132
4.52066,13,1283.527885
0.920093,3,1283.686001
2.354963,7,1284.009979
4.217516,11,1284.539465
1.242667,4,1284.719483
3.580521,11,1285.246143
0.519308,2,1285.36256
5.121943,16,1286.116857
8.001631,22,1287.128111
1.499514,5,1287.368115
11.059042,31,1288.813108
0.534119,2,1288.911135
2.444989,7,1289.231033
1.648311,5,1289.455855
3.90781,11,1289.988124
2.49815,7,1290.294093
1.850808,5,1290.552112
6.25663,18,1291.372255
0.530075,2,1291.471812
3.927165,11,1291.977384
3.632704,10,1292.41401
3.951339,11,1292.945276
3.324864,9,1295.314596
0.922699,3,1295.473113
11.089949,33,1296.949674
-3.131,5,1297.212602
1.279728,4,1297.389848
2.353106,7,1297.727263
0.548302,2,1297.82657
5.432776,15,1298.503692
7.366142,22,1299.495935
3.254952,9,1299.883452
2.141842,7,1300.209416
10.154356,27,1301.486797
2.14713,6,1301.768437
3.194918,9,1302.218141
5.539824,15,1302.91071
1.553296,5,1303.133956
-2.858929,6,1303.402282
0.525135,2,1303.501717
-0.646036,12,1304.090788
-2.309538,7,1304.433717
6.618387,19,1305.293463
8.448715,26,1306.477272
5.755712,15,1307.208776
0.529865,2,1307.30867
5.738636,17,1308.057715
-2.324857,8,1308.473178
6.498534,18,1309.311849
4.211285,13,1309.925869
9.544551,30,1311.294733
1.289869,4,1311.477808
2.064778,6,1311.778841
2.358685,7,1312.104393
5.358275,15,1312.807585
2.999131,9,1313.197098
4.682045,13,1313.758271
0.535281,2,1313.875404
-2.646312,6,1314.140508
1.966282,6,1314.441784
6.899962,20,1315.335973
7.197742,21,1316.30052
5.130068,15,1316.955323
3.803705,11,1317.430971
9.320418,27,1318.621248
-2.340447,8,1318.969453
6.905313,21,1319.922262
0.343996,16,1320.698423
4.939904,13,1321.304813
7.178743,19,1322.176939
9.008627,29,1323.479508
5.351299,15,1324.157924
2.163842,6,1324.454641
4.390239,13,1325.029435
5.566337,17,1325.845539
6.947904,19,1326.704864
6.003908,17,1327.508158
4.749701,13,1328.09787
6.346606,18,1328.917466
13.953097,40,1330.714454
3.371043,10,1331.182224
0.530813,2,1331.30042
-0.667705,12,1331.830759
2.848978,8,1332.217575
0.847542,3,1332.357413
6.900694,19,1333.22852
5.907351,19,1334.119675
-2.716579,6,1334.403375
3.407577,10,1334.8943
2.730126,8,1335.281754
1.460913,17,1336.075131
3.363401,9,1336.486829
1.187546,4,1336.684782
5.203507,14,1337.321916
2.388876,7,1337.647938
0.518136,2,1337.746556
4.652553,13,1338.357862
5.063276,13,1338.915481
4.827586,13,1339.548179
5.432067,16,1340.294117
3.018299,8,1340.659747
-2.281165,8,1341.042716
1.301727,4,1341.223695
4.330766,13,1341.80326
4.950073,13,1342.364499
6.758888,19,1343.228492
6.728521,20,1344.125829
12.59696,36,1345.792525
1.310438,4,1345.979001
9.076375,25,1347.153428
10.728275,29,1348.497285
12.473664,31,1349.898516
8.656753,25,1350.982323
4.345582,12,1351.538192
10.380336,30,1352.886794
5.07447,15,1353.548337
4.701221,13,1354.16104
2.84477,8,1354.543278
2.347718,7,1354.849191
1.972056,6,1355.112395
2.458124,7,1355.457484
12.579584,37,1357.121913
4.026494,11,1357.625582
2.97901,9,1358.049339
3.551783,10,1358.516753
5.553121,29,1359.810572
10.027732,31,1361.20365
0.514211,2,1361.301806
-0.199878,12,1361.837653
9.26074,27,1363.080406
4.674304,15,1363.793101
17.27045,43,1365.748936
5.822714,16,1366.498844
0.528845,2,1366.596352
10.853795,35,1368.183891
0.52709,2,1368.281688
5.838682,15,1368.956371
7.922134,21,1369.94084
2.402294,7,1370.283062
0.924223,15,1371.049611
8.48992,27,1372.255581
6.881928,21,1373.238925
11.918232,38,1374.937877
0.530449,2,1375.035966
8.483391,24,1376.165214
3.73011,11,1376.687777
5.915021,18,1377.498556
6.160198,17,1378.279637
0.549343,2,1378.37715
4.97005,15,1379.056706
5.416903,16,1379.76243
10.832235,32,1381.205896
0.505039,2,1381.32217
6.133586,17,1382.116513
8.099239,25,1383.258733
1.265681,4,1383.439199
6.503269,19,1384.320797
2.419405,7,1384.687959
6.230456,18,1385.536967
3.347035,10,1386.021002
1.163824,4,1386.20529
6.612608,19,1387.073269
0.540423,2,1387.170585
14.700811,47,1391.308585
5.212938,15,1391.944888
0.512135,2,1392.045667
2.409351,7,1392.352989
0.908996,3,1392.511736
7.216046,21,1393.42014
4.383831,27,1394.682537
3.994415,11,1395.167665
2.748858,8,1395.522444
4.760382,14,1396.177906
4.895998,26,1397.307717
5.405006,15,1397.984741
6.18221,17,1398.764032
-2.060618,9,1399.172652
-0.167469,14,1399.807771
5.849222,18,1400.624974
2.759241,8,1400.988993
3.397382,10,1401.441641
7.123227,20,1402.36974
8.665559,23,1403.387116
2.842267,8,1403.75584
-3.098922,5,1403.998468
1.50436,17,1404.756017
8.499333,28,1406.024951
0.531041,2,1406.123283
4.874018,15,1406.803547
8.418063,28,1408.086384
-1.732977,9,1408.509745
13.248159,34,1410.069506
5.394458,15,1410.764099
1.34165,18,1411.580559
4.315739,13,1412.170865
6.504455,17,1412.946521
8.202549,25,1414.091347
0.578134,2,1414.191406
0.494942,14,1414.842525
4.606145,13,1415.402266
5.217629,16,1416.120181
1.584479,5,1416.347378
12.376892,37,1417.999177
7.821292,20,1418.895621
2.062435,6,1419.15751
7.476142,21,1420.108942
2.564873,8,1420.455616
-3.126776,5,1420.681809
4.272411,12,1421.280473
3.481576,28,1422.540086
14.276404,44,1424.465452
14.35279,38,1426.137379
11.321526,32,1427.55995
9.585523,28,1428.848953
6.17241,17,1429.590266
6.93872,21,1430.5201
1.893406,6,1430.801991
-1.783839,9,1431.190121
2.78286,21,1432.099844
8.993657,25,1433.20372
9.566205,27,1434.424846
7.784927,21,1435.362453
11.391779,54,1437.800228
0.553078,2,1437.898625
6.377451,16,1438.642398
0.882299,3,1438.784
1.659953,5,1439.028002
2.828337,8,1439.430753
3.050479,9,1439.840103
2.666493,8,1440.212045
3.701458,10,1440.677675
4.22285,27,1441.916743
2.098235,6,1442.183859
5.036558,16,1442.916919
5.23096,14,1443.530503
5.256033,15,1444.203898
1.214302,4,1444.387898
4.984255,14,1445.006572
3.192401,9,1445.416689
4.488515,12,1445.962697
7.749899,23,1446.987002
7.259333,22,1448.023412
3.654681,10,1448.458797
2.575717,7,1448.800828
9.390789,30,1450.173914
3.480811,10,1450.611194
1.630156,5,1450.835948
9.926913,31,1452.213068
10.42178,30,1453.580348
3.105632,9,1454.009744
-0.851374,11,1454.515639
2.018116,6,1454.784754
9.80318,37,1456.387789
4.032868,11,1456.898061
4.984706,14,1457.531328
0.541249,2,1457.631475
4.403463,12,1458.151659
4.480396,13,1458.727379
1.98589,6,1459.011642
8.014798,23,1460.038167
2.021147,6,1460.324978
6.446969,18,1461.147511
12.777113,36,1462.781815
8.398032,23,1463.797997
9.596878,28,1465.069497
5.561101,16,1465.797806
7.220878,21,1466.722403
0.560882,2,1466.821305
1.262406,4,1467.004655
4.584258,12,1467.541741
5.698516,17,1468.332245
2.716898,8,1468.679408
8.208289,25,1469.833798
3.659055,10,1470.301568
10.62307,33,1471.829787
-1.692671,9,1472.261578
17.842386,60,1474.95083
3.890845,11,1475.49229
5.744097,16,1476.208307
4.227598,12,1476.747562
5.159925,14,1477.361539
1.350689,17,1478.139971
0.547659,2,1478.2566
3.013434,9,1478.667454
8.692505,28,1479.949426
2.557914,8,1480.314723
7.988041,22,1481.30151
3.021698,21,1482.229649
8.03932,24,1483.309145
16.280998,40,1487.060146
2.437016,7,1487.369709
0.872172,15,1488.060151
9.688369,29,1489.318569
41.047661,176,1496.794947
3.353752,9,1497.201833
3.988685,25,1498.281842
3.54612,23,1499.26736
7.835378,22,1500.269221
19.590521,67,1503.097302
2.821984,8,1503.478553
2.96981,8,1503.821226
2.394528,7,1504.131882
11.541589,33,1505.56983
-0.296014,13,1506.123891
9.716113,28,1507.327614
1.346944,4,1507.508848
29.281774,176,1515.12219
10.390494,32,1516.529484
12.591779,42,1518.36686
7.921678,26,1519.53618
7.340649,35,1521.085785
8.510428,25,1522.198435
10.85403,37,1523.876831
-2.97376,5,1524.100123
7.791423,23,1525.146765
5.163859,27,1526.331715
1.65516,5,1526.555382
1.184323,4,1526.73816
10.317537,29,1527.976661
9.836896,28,1529.148348
-3.043304,5,1529.371684
3.007211,9,1529.753112
4.061326,12,1530.281528
13.457453,39,1532.000241
6.229662,17,1532.749168
5.758701,17,1533.543759
10.965651,33,1535.003764
16.112934,55,1537.418139
2.703194,8,1537.767626
10.986689,34,1539.24643
-0.353255,12,1539.781514
5.747615,15,1540.459521
3.728971,11,1540.956101
2.46019,7,1541.26477
2.067184,6,1541.545992
1.294309,4,1541.745805
4.061161,12,1542.296225
9.507171,28,1543.537298
1.72833,5,1543.762985
0.529496,2,1543.865608
8.999753,24,1544.947531
1.743866,20,1545.845672
12.748298,36,1547.433144
3.745933,11,1547.922993
8.027402,24,1549.01388
10.01031,29,1550.311828
6.491773,17,1551.029749
-2.376035,7,1551.357219
3.856043,11,1551.833851
6.263598,18,1552.588931
4.709314,13,1553.15821
6.02845,16,1553.852248
-0.920003,11,1554.320237
4.622063,13,1554.886946
11.68483,35,1556.378375
-2.206312,8,1556.76074
7.299047,21,1557.703241
7.540641,21,1558.632244
1.715852,5,1558.874353
2.407232,21,1559.785625
15.826262,55,1562.24106
12.442813,42,1564.123784
5.162376,14,1564.78382
10.408762,46,1566.784438
3.134226,8,1567.187803
23.144277,103,1571.673295
4.775856,13,1572.268988
4.640415,13,1572.828647
16.876584,54,1575.134909
4.064837,11,1575.624222
5.291184,14,1578.313302
-2.106037,8,1578.679963
18.429433,57,1581.102638
10.719761,34,1582.608368
-0.296711,12,1583.143786
-1.289534,10,1583.57954
19.572197,87,1587.335078
3.870806,11,1587.810745
-2.109919,8,1588.1683
-1.413182,10,1588.622296
16.057078,53,1590.955098
2.943648,8,1591.325761
3.552804,10,1591.758245
2.374127,21,1592.698392
17.406179,52,1594.944376
18.450572,53,1597.291619
-1.774015,8,1597.657574
5.591597,16,1598.363421
10.499714,36,1599.951411
7.104663,56,1602.454121
3.384747,10,1602.920889
2.801869,8,1603.328388
3.786189,49,1605.509452
-0.027802,13,1606.095505
-2.448123,7,1606.422161
-1.296705,10,1606.862291
12.305767,33,1608.321499
3.147763,8,1608.681545
9.482497,30,1610.005607
0.515237,2,1610.104577
10.848298,53,1612.438484
2.878652,20,1613.301129
4.703339,12,1613.819073
8.118295,25,1614.937955
3.172154,9,1615.328687
7.177202,22,1616.317036
9.202586,28,1617.594387
21.443201,139,1623.657017
6.065811,16,1624.383889
12.622817,39,1626.091723
4.359133,26,1627.263156
15.071361,41,1629.052372
17.657088,116,1634.029584
0.651824,15,1634.688035
11.028074,33,1636.125356
9.813488,29,1637.404664
4.12961,11,1637.878353
1.367668,17,1638.641867
-0.056231,14,1639.294374
4.778531,14,1639.938024
4.609737,53,1642.304285
7.544692,22,1643.31669
16.846104,55,1645.747615
8.066792,23,1646.757614
3.985001,11,1647.250233
18.980809,80,1650.773124
-1.917583,8,1651.136471
-1.202514,10,1651.605994
5.71552,17,1652.373066
6.462639,18,1653.184684
6.699081,19,1654.0099
0.309943,15,1654.703703
3.567973,10,1655.182609
17.17751,53,1657.526157
3.959642,11,1658.013924
10.788196,30,1659.318254
12.912227,42,1661.104515
4.02722,11,1661.59681
8.417935,23,1662.615551
4.495061,14,1663.275831
9.4984,27,1664.458106
2.764131,8,1664.82226
7.287993,23,1665.809009
2.444234,7,1666.152008
5.7832,17,1666.875791
7.277046,20,1667.802952
3.525931,10,1670.379035
6.655286,18,1671.164645
-1.745043,9,1671.557959
2.899259,8,1671.942006
-2.641243,6,1672.209925
5.248051,16,1672.915223
2.1289,6,1673.181034
5.801964,16,1673.902469
3.278011,9,1674.296641
12.41126,35,1675.839235
22.868262,79,1679.229579
-3.216261,5,1679.471679
2.282363,7,1679.784848
5.837356,17,1680.511664
1.1898,16,1681.19136
22.480395,176,1688.596403
26.733606,176,1696.152684
20.401039,80,1699.536362
19.661003,124,1704.89725
14.197448,52,1707.12683
28.009514,92,1711.055297
-2.265763,7,1711.381477
2.43194,21,1712.287974
8.421517,25,1713.357271
9.932275,28,1714.62782
0.529531,2,1714.744691
-2.481423,7,1715.053076
15.042304,47,1717.111438
1.777202,5,1717.356441
5.541078,16,1718.058116
8.120894,23,1719.04953
2.021275,18,1719.821828
-2.292684,8,1720.169025
13.532163,46,1722.106242
14.42828,41,1723.847542
6.771762,20,1724.712761
2.737613,8,1725.096948
15.647642,47,1727.128616
17.610651,56,1729.519185
13.536735,42,1731.395127
3.664966,10,1731.830987
0.890007,3,1731.971589
10.698152,34,1733.421931
3.617009,10,1733.880988
4.477459,13,1734.438105
28.881201,176,1741.953663
0.914063,15,1742.601323
1.316559,17,1743.319308
8.723073,28,1744.557975
16.563036,50,1746.756632
19.573262,56,1749.306393
16.518518,53,1751.652859
10.720895,31,1752.969206
2.371124,18,1753.74015
12.137642,34,1755.222976
3.40767,10,1755.651139
1.754037,19,1756.472428
-0.788843,11,1756.982521
21.309388,176,1766.593718
8.411546,23,1767.565329
5.197617,45,1769.529181
-0.636462,12,1770.061728
13.994789,46,1772.075949
3.880451,11,1772.568145
-0.28231,12,1773.101166
5.427222,46,1775.09464
14.256345,78,1778.409892
11.913673,32,1779.817754
0.40105,14,1780.428168
18.928235,126,1785.956144
0.851022,17,1786.717552
3.709611,42,1788.516191
4.044759,11,1788.994301
10.981573,32,1790.341498
20.110103,176,1797.795846
-1.202441,10,1798.242462
23.62215,78,1801.563668
4.631829,40,1803.292359
11.261439,114,1808.210191
10.01302,72,1811.23665
11.12575,72,1814.206087
11.706012,48,1816.264971
25.084495,176,1823.790097
14.365713,37,1825.433576
18.782285,53,1827.701857
3.336067,9,1828.087834
17.090814,176,1835.612443
-0.093836,13,1836.204545
4.503639,13,1836.781635
3.039918,9,1837.170443
8.729784,38,1838.829152
7.034739,18,1839.648914
-1.998271,8,1840.024315
7.442869,20,1840.873447
14.014664,38,1842.496232
4.234703,12,1843.045504
17.355594,96,1847.150657
3.982199,44,1849.011759
6.281492,17,1851.724465
2.087839,19,1852.56872
7.336785,55,1854.883491
0.627084,15,1855.510773
6.425697,50,1857.685771
9.455347,27,1858.864946
16.650859,43,1860.710017
31.989568,136,1866.462036
-2.718508,6,1866.726623
4.928097,29,1867.966418
18.690349,63,1870.652689
2.412689,7,1870.982947
8.235759,22,1871.957929
38.889243,176,1879.355832
15.013777,40,1881.136269
32.289725,176,1888.628328
2.060503,20,1889.529254
7.602209,32,1890.919816
19.735241,61,1893.472605
2.628137,8,1893.818471
3.019789,43,1895.630405
9.160463,69,1898.619447
2.760634,21,1899.54245
7.004247,20,1900.431858
17.688568,160,1907.2161
18.583237,49,1909.353514
22.209147,67,1912.252506
8.24148,22,1913.231838
-0.937767,11,1913.711498
0.262093,15,1914.372977
9.96638,23,1915.363086
6.438649,18,1916.143448
8.227185,44,1918.050778
7.358349,22,1919.004493
-0.565799,11,1919.480366
25.011942,85,1923.092849
22.319777,176,1930.716967
2.696065,23,1931.716328
20.066066,53,1933.984143
9.65521,42,1935.849334
4.267418,28,1937.124674
5.191047,14,1937.739675
0.545879,15,1938.370584
33.790791,176,1947.697109
-2.310123,7,1948.011899
6.972643,19,1948.838042
9.98382,27,1949.982117
0.660783,14,1950.579402
29.904094,176,1958.009349
16.390825,77,1961.300551
12.718185,40,1962.998304
7.180082,35,1964.481375
-1.713336,9,1964.864757
21.579357,79,1968.176592
21.512628,176,1975.57523
2.534588,20,1976.434141
10.822197,66,1979.276581
4.254178,12,1979.786873
6.310623,40,1981.481824
14.200643,101,1985.855522
22.872123,76,1989.092536
1.145941,16,1989.807589
3.365761,9,1990.199452
6.584736,17,1990.929663
37.329109,176,1998.373795
-0.071469,13,1998.943621
14.112825,38,2000.552971
9.746193,108,2005.129869
20.838329,171,2012.403794
17.205671,82,2015.913395
13.004604,35,2017.398612
1.22055,4,2017.58115
45.560824,176,2025.014969
6.157819,33,2026.41995
4.883623,13,2026.974317
21.121794,56,2031.400557
5.431492,25,2032.470943
1.607511,18,2033.274234
11.770022,47,2035.320274
7.066678,104,2039.725223
18.437732,79,2043.138538
16.024854,47,2045.13437
26.69565,176,2052.525606
0.805429,14,2053.146355
35.26241,176,2060.455146
10.644379,49,2062.649688
12.114928,71,2065.73219
0.242161,14,2066.3336
5.923701,16,2067.015928
-0.748914,12,2067.537096
2.25249,38,2069.161795
8.93781,34,2070.606798
14.699594,40,2072.356275
23.178409,65,2075.094726
2.05261,19,2075.897861
13.757413,41,2077.648442
6.173328,55,2079.993148
24.079403,69,2083.000194
-2.672788,6,2083.268446
8.350572,36,2084.821968
38.416884,176,2092.313484
27.550485,82,2095.798277
2.333709,20,2096.662625
6.684327,21,2097.580114
7.23873,33,2098.987486
2.323574,7,2099.292495
12.835973,64,2102.022029
5.294854,28,2103.225451
9.653849,29,2104.512468
-1.954375,8,2104.855258
4.224599,26,2105.991992
8.497883,25,2107.06798
-0.198842,12,2107.607297
-0.524556,12,2108.142172
6.884004,51,2110.342519
8.363076,25,2111.470755
6.70515,59,2113.974426
18.025858,52,2116.171691
-0.311175,12,2116.68927
14.681988,49,2120.67837
14.707844,41,2122.389241
31.245718,176,2129.759176
28.824426,90,2133.588623
31.278772,176,2141.03935
16.919052,78,2144.401016
18.914433,69,2147.366348
1.559672,17,2148.084755
13.829778,100,2152.28065
13.937888,54,2154.572538
6.833593,34,2156.000966
17.645954,64,2158.689358
10.041559,64,2161.438943
4.84766,29,2162.709045
16.963255,49,2164.78338
23.342816,76,2168.006492
1.988878,19,2168.837481
19.071463,109,2173.492578
24.849731,88,2177.253586
-0.975787,10,2177.692559
13.67953,48,2179.72874
9.288217,43,2181.54479
24.542449,92,2185.395745
5.485848,28,2186.609886
15.414483,51,2188.781138
4.305505,12,2189.296622
4.543212,26,2190.413538
-2.141451,8,2190.774176
27.948597,176,2198.253104
25.79125,96,2202.412117
11.823439,32,2203.776696
7.176009,53,2206.026381
2.813099,8,2206.377866
-1.911755,8,2208.77441
44.097456,176,2216.155756
46.376377,175,2223.58838
9.396039,58,2226.011836
7.660157,31,2227.31681
2.084221,44,2229.206394
13.018321,112,2233.929017
-2.078087,8,2234.289877
27.36074,176,2241.761408
1.179435,19,2242.563006
41.99607,176,2249.923973
9.206676,34,2251.396073
3.601031,25,2252.45429
23.554271,113,2257.329393
-2.322689,8,2257.677186
1.447927,17,2258.39318
34.804097,176,2265.774107
4.684326,14,2266.367188
0.833539,16,2267.038508
-1.690588,9,2267.421417
-2.666738,6,2267.680767
-2.343806,7,2267.979907
29.69331,176,2275.381101
3.738933,22,2276.316448
24.944981,176,2283.834395
49.250147,155,2290.455654
50.982683,176,2300.004847
8.619473,71,2303.045207
11.022152,46,2305.06239
11.3417,42,2306.877214
1.427784,16,2307.570848
15.185449,76,2310.828899
4.115062,12,2311.340846
4.045125,23,2312.306608
15.696471,43,2314.1211
19.754885,63,2316.765521
14.927505,120,2321.890838
14.61357,39,2323.570308
46.261959,176,2330.918822
18.01357,74,2334.072054
13.230416,57,2336.489545
1.038828,16,2337.205951
17.277425,50,2339.400427
7.150413,32,2340.827833
0.687268,16,2341.5411
2.112922,19,2342.406504
9.103397,68,2345.33731
35.685245,140,2351.268768
15.876563,102,2355.668712
-1.728071,8,2356.023363
5.639377,28,2357.226238
1.750764,19,2358.049251
5.296037,14,2358.651767
7.666498,34,2360.086088
2.131395,20,2360.925971
10.592106,55,2363.267433
-1.870188,8,2363.617561
20.245141,70,2366.604126
5.69558,15,2367.258993
38.24196,176,2374.671756
8.425203,51,2376.857933
1.654711,20,2377.700203
37.704595,176,2387.269809
11.349491,32,2388.657134
6.649096,18,2389.424182
18.141081,57,2391.8701
9.661026,45,2393.821088
6.338686,53,2396.168213
0.005468,13,2396.731575
1.809162,17,2397.459761
1.295104,15,2398.114482
-0.503014,11,2398.582566
3.290254,23,2399.580717
8.181862,50,2401.718473
18.577358,51,2403.909101
28.200628,86,2407.623835
34.369993,150,2413.819678
55.189097,176,2421.303866
33.282074,176,2428.800577
7.044544,45,2430.726144
21.853221,68,2433.616217
38.03477,176,2441.053086
14.656724,50,2443.168991
27.585277,95,2447.192918
13.444439,39,2448.862726
4.053849,23,2449.836782
4.246285,12,2450.366106
11.409699,29,2451.588022
10.435019,32,2452.971045
40.003532,176,2460.489662
-0.543979,11,2460.972236
1.831834,20,2461.854423
43.701689,176,2469.299028
-0.488266,12,2469.819697
32.793791,92,2473.629546
16.662321,103,2480.008739
10.153213,39,2481.637829
12.887906,48,2483.65285
11.679335,68,2486.551872
23.724574,83,2490.039654
20.905183,69,2492.921256
30.190205,84,2496.491853
19.332707,81,2499.903796
6.62601,35,2501.371598
14.162295,63,2504.06541
3.297185,20,2504.9362
-0.861767,11,2505.409404
17.072901,52,2507.635855
24.974507,86,2511.335411
16.159898,50,2513.435709
-0.859623,10,2513.880805
18.927923,50,2515.994308
4.723694,43,2517.847725
0.186244,13,2518.415354
42.428103,176,2525.874222
8.51103,39,2527.532732
8.42295,37,2529.081269
11.567098,53,2531.370687
3.395959,22,2532.321453
14.834299,88,2536.073108
7.279289,53,2538.276789
5.166814,25,2539.324072
28.985112,128,2544.72494
21.968788,77,2548.048369
15.873885,46,2550.032642
-0.699108,11,2550.525497
7.963572,37,2552.112564
25.466481,100,2556.419151
8.137684,35,2557.883644
24.35149,144,2566.055115
-1.094555,10,2566.488832
20.524437,82,2570.060728
7.790368,39,2571.707539
8.762048,61,2574.346447
18.79217,52,2576.602886
13.101217,51,2578.783652
15.82182,71,2581.831292
22.36573,88,2585.47049
42.538981,175,2592.993069
-1.355588,9,2593.38527
11.50976,35,2594.937093
6.928989,31,2596.301413
10.455146,66,2599.135432
12.686704,36,2600.669049
3.849119,25,2601.760894
7.27469,37,2603.384139
52.499751,173,2610.700712
6.024526,30,2611.998331
36.929105,113,2616.696826
-0.570975,11,2617.188102
2.573919,20,2618.053106
21.811512,76,2621.287925
18.302222,89,2625.097173
-1.583662,9,2625.518737
8.69439,37,2627.127532
2.689645,19,2627.948209
3.790296,25,2629.004315
24.765513,75,2632.165945
29.050833,83,2635.741814
-2.083445,7,2636.071011
17.507017,49,2638.202203
0.23367,13,2638.782414
16.573347,59,2641.248762
13.781224,40,2642.979575
43.045702,176,2650.537682
4.793501,13,2651.142968
21.727447,63,2655.833859
-0.408366,13,2656.416595
28.711256,118,2661.414535
5.582235,29,2662.68698
17.011988,56,2665.070409
6.885125,19,2665.910728
24.410635,87,2669.595032
-2.354253,7,2669.907612
10.893613,31,2671.239653
16.547242,45,2673.125546
2.054956,6,2673.392654
18.544772,91,2677.215711
15.400823,84,2680.729479
-0.733705,11,2681.221448
42.883374,176,2688.632836
6.78951,32,2690.015261
11.120971,51,2692.206043
39.749743,176,2699.580194
9.326603,40,2701.266356
22.298788,58,2703.743529
1.72162,18,2704.51927
2.806563,8,2704.862126
0.529901,2,2704.959315
2.500959,21,2705.900758
21.761054,80,2709.282694
27.92308,78,2712.587558
19.403276,47,2714.654052
13.284145,38,2716.253326
26.307135,77,2719.568422
17.385474,48,2721.597673
5.008118,28,2722.786214
14.514985,72,2725.843582
-2.01379,8,2726.195262
51.916968,176,2733.719112
3.697186,22,2734.660106
14.585531,52,2736.876446
-2.734029,6,2737.142519
10.687116,70,2740.175958
24.074277,66,2744.913986
4.284128,26,2746.024777
-2.333786,7,2746.334541
35.613041,113,2751.125072
30.3184,81,2754.564947
9.210492,24,2755.610698
15.615448,68,2758.549507
20.302571,64,2761.300055
15.192643,62,2763.969837
21.448033,58,2766.470186
27.890544,78,2769.876495
8.226915,22,2770.878151
41.566488,128,2776.271395
24.798842,61,2778.866882
0.257186,13,2779.44816
7.556297,30,2780.723885
3.447623,22,2781.656117
-0.773752,11,2782.135334
13.411378,46,2784.089762
3.412315,23,2785.065727
16.155144,58,2787.56712
7.106228,18,2788.374277
21.283483,62,2791.034654
25.619921,65,2793.795098
12.189357,31,2795.120303
-1.580662,9,2795.511316
14.320464,87,2799.255828
12.609906,71,2802.373587
9.769902,33,2803.792177
2.24022,18,2804.575062
6.07083,28,2805.757581
3.459282,10,2806.238658
7.06789,28,2807.450414
11.072311,62,2810.120338
11.720679,41,2811.857209
0.288152,13,2812.424019
-2.08195,8,2812.771864
22.404878,61,2815.391426
22.343732,75,2818.619306
4.11418,11,2819.108313
5.30717,30,2820.38693
2.719547,8,2820.751519
33.430342,94,2824.797796
3.205729,9,2825.211572
10.747465,40,2826.885909
25.123428,116,2831.933833
-2.387001,7,2834.20487
11.423463,29,2835.436432
12.051071,93,2839.404092
8.971001,55,2841.769608
3.485137,27,2842.926832
-1.231235,10,2843.356534
8.427369,34,2844.819917
-2.674562,6,2845.084407
6.179592,47,2847.121948
23.668471,71,2850.14923
44.504585,176,2857.629815
3.061,20,2858.516591
-1.66092,9,2858.906876
16.800747,61,2861.515881
51.25946,176,2868.933664
33.152747,166,2875.982097
10.844329,40,2877.704135
17.400942,69,2880.604716
44.267645,176,2888.103194
8.297942,37,2889.723835
45.040964,176,2897.26613
46.015484,176,2904.683411
45.376888,176,2912.174047
4.092705,24,2913.190887
3.697559,10,2913.622313
8.664824,36,2915.223034
-2.540916,7,2915.529732
7.812019,52,2917.7418
2.431801,19,2918.587129
0.356808,14,2919.193041
3.079984,8,2919.537753
-0.439736,12,2920.062821
2.784961,8,2920.41166
23.572254,63,2925.049126
-0.276546,13,2925.622068
47.093774,176,2933.094757
49.947728,175,2940.42555
25.127796,66,2943.291792
7.918269,36,2944.821015
32.436789,176,2952.235701
-2.208288,7,2952.546533
31.964999,176,2960.047532
3.487725,43,2961.878001
4.031325,27,2963.043242
12.059607,48,2965.063559
5.398483,49,2967.113576
-1.853115,8,2967.460456
25.904027,76,2970.698517
19.801832,105,2975.162429
2.640888,20,2976.040729
5.484802,47,2978.07017
4.404757,24,2979.116041
5.718224,28,2980.306635
-1.920535,8,2980.655295
5.839919,31,2981.965461
15.949744,62,2984.597919
1.464457,19,2985.399841
16.077667,68,2988.285998
38.648534,136,2994.085723
46.810259,176,3001.603571
4.819313,28,3002.830854
0.755784,15,3003.490142
11.177079,65,3006.236706
11.204071,50,3008.378424
48.101891,176,3017.854788
-2.416962,7,3018.170811
4.58308,26,3019.298701
19.315494,71,3022.274156
13.574213,53,3024.439204
22.183656,67,3027.298066
11.782417,45,3029.217132
28.440022,76,3032.440614
-1.278447,10,3032.906229
17.11636,45,3034.84478
23.647846,70,3037.825708
-2.290712,7,3038.1339
16.588334,40,3039.859993
4.080119,26,3041.003299
3.094876,37,3042.59372
20.143413,75,3045.829882
10.378875,58,3048.28889
19.1143,68,3051.191638
16.980354,58,3053.701417
14.165047,42,3055.454845
11.14639,42,3057.281309
11.950938,46,3059.238518
-1.221926,10,3059.668784
4.994044,27,3060.838349
16.786528,45,3062.750212
4.236719,23,3063.791708
5.015556,29,3065.031042
10.172873,27,3066.164299
-0.973125,10,3066.62819
14.940586,73,3069.71501
12.542778,51,3071.905428
12.441261,34,3073.369525
0.356022,14,3073.970912
18.385474,44,3075.87148
4.906437,27,3077.038106
13.680807,73,3080.160564
1.044303,16,3080.847822
9.925196,44,3082.740496
-1.270075,10,3083.189109
8.68044,56,3085.642191
12.591768,69,3088.587151
-1.98083,8,3088.955876
17.060323,60,3091.472048
4.048006,23,3092.443656
3.9515,25,3093.550308
2.712435,21,3094.451405
42.254288,117,3099.56957
51.402764,176,3109.01122
4.755893,40,3110.700113
10.664724,42,3112.464772
49.922776,176,3119.90746
12.000975,48,3121.952634
28.81379,83,3125.498642
20.86997,59,3127.972171
29.256867,105,3132.401185
56.744165,164,3139.3137
2.407509,19,3140.140887
10.211352,43,3141.976064
13.121016,51,3144.155382
5.745217,41,3145.931756
10.902949,30,3147.196908
-1.918264,9,3147.584778
13.279187,38,3149.230262
14.841696,39,3150.872351
11.783259,60,3153.390762
15.64396,41,3155.120666
5.034866,14,3155.734284
19.039732,56,3158.142395
50.670931,158,3164.876056
18.51173,72,3167.947563
-0.740263,11,3168.440165
6.878271,19,3169.246265
4.419505,45,3171.224193
-0.299038,13,3171.7835
-2.013085,8,3172.15392
35.266937,98,3176.228011
7.853573,35,3177.730323
28.301371,163,3184.665657
43.346044,176,3194.056038
19.209962,62,3196.689762
47.664637,176,3204.14857
13.376751,34,3205.5336
26.27304,87,3209.229152
1.352157,18,3209.995905
-0.820114,11,3210.477303
9.02259,38,3212.093355
12.868218,64,3214.812872
45.469189,176,3222.238066
28.2748,108,3226.821121
20.34988,76,3230.090595
58.774437,168,3237.265857
28.724189,109,3241.906454
4.855149,14,3242.513583
1.50532,16,3243.21424
-1.776294,8,3243.564766
12.503673,35,3245.071595
2.125799,19,3245.907453
21.255295,61,3248.514304
45.97572,176,3255.88641
5.289392,48,3257.96909
-2.564299,6,3258.233214
10.966727,47,3260.224083
5.572034,14,3260.815324
48.368338,175,3268.200256
16.86171,80,3271.58459
32.232529,143,3277.662369
10.159441,65,3282.305616
14.2725,44,3284.253291
20.094254,54,3286.533099
1.905065,17,3287.284382
11.664878,32,3288.658889
16.980461,70,3291.685474
11.701816,69,3294.634665
3.082736,21,3295.54298
-2.864846,6,3295.824911
18.846755,58,3298.350285
13.974506,52,3300.559319
15.043491,41,3302.354218
30.265929,95,3306.508976
20.316672,66,3309.357457
43.206114,151,3315.827956
11.491135,32,3317.246895
26.742345,78,3320.618183
18.212333,52,3322.865149
14.13834,39,3324.49479
9.082834,36,3326.025794
4.726001,24,3327.062797
10.509497,28,3328.271495
9.680976,57,3330.659564
54.702436,155,3337.255918
50.224562,176,3344.747513
22.475615,86,3348.406453
11.689344,33,3349.805886
0.604241,14,3350.40386
9.449928,36,3351.961836
8.622961,23,3352.944174
-0.543981,11,3353.45316
14.75319,79,3356.833635
13.513599,37,3358.423035
12.669644,34,3359.881632
11.25544,47,3361.866767
26.998586,101,3366.163105
9.712955,26,3367.295035
15.332538,41,3371.007864
10.923819,30,3372.296406
-0.023428,14,3372.912552
4.106333,24,3373.996087
21.608385,68,3376.88148
11.90639,34,3378.34723
7.048797,18,3379.12416
3.605229,22,3380.070364
25.045499,62,3382.790869
9.937349,28,3384.020058
41.808912,113,3388.936985
11.143356,58,3391.430382
5.210449,14,3392.052797
12.520741,34,3393.527213
15.27501,59,3396.038731
19.610212,45,3397.976199
16.816901,50,3400.145394
31.072724,105,3404.598788
-1.884664,8,3404.964508
11.29162,33,3406.403842
52.586644,176,3413.958654
22.773098,60,3416.530334
0.790725,16,3417.249953
6.853568,30,3418.545462
23.028407,66,3421.362076
3.172263,21,3422.302348
9.457234,25,3423.373843
10.68253,28,3424.559006
28.89399,77,3427.908372
16.890837,51,3430.12009
6.612885,32,3431.483941
-1.35726,10,3431.934937
55.801258,171,3439.311405
2.170042,19,3440.137313
50.23702,162,3447.134893
13.107131,37,3448.711831
-2.415685,7,3449.022716
-1.460374,9,3449.447572
5.224646,31,3450.8103
12.11751,51,3452.970561
8.22215,22,3453.989562
-1.791068,8,3454.363579
-0.001803,14,3454.999258
22.705291,55,3457.379318
11.131995,28,3458.600299
-0.236269,13,3461.081944
-1.74576,8,3461.438173
23.749768,59,3463.996278
19.184404,54,3466.344895
11.729313,31,3467.695085
6.364989,33,3469.141409
47.373719,144,3475.27862
17.408661,63,3478.030941
16.098477,45,3479.961217
0.539801,14,3480.574715
2.562515,20,3481.476542
2.340862,22,3482.427237
0.585646,14,3483.02568
-0.139045,13,3483.619587
5.984334,15,3484.267599
9.623066,27,3485.430418
31.001404,72,3488.499147
-1.459958,9,3488.897645
30.260195,77,3492.23591
54.458957,162,3499.224317
21.95152,56,3501.629521
29.411256,99,3505.850624
7.965484,21,3506.784971
-1.405673,10,3507.225728
9.007739,25,3508.286009
14.648525,40,3510.021769
17.452893,46,3511.999386
12.173858,34,3513.446391
4.708583,27,3514.616115
7.551739,21,3515.53822
10.482508,28,3516.771407
29.270567,88,3520.524991
16.210834,42,3522.316307
38.028416,146,3528.41795
2.88573,20,3529.309658
1.523931,18,3530.082647
9.327902,26,3531.224524
-0.515282,11,3531.700947
4.446879,12,3532.229737
39.03909,176,3539.714519
1.74221,17,3540.457829
2.958276,22,3541.384805
17.124857,47,3543.400731
13.524805,37,3545.055211
1.59447,17,3545.806461
22.603239,66,3548.580164
5.995613,27,3551.640336
35.581827,94,3555.680887
0.961653,16,3556.388007
12.385938,34,3557.850598
-1.713346,8,3558.198315
5.203626,15,3558.868968
27.054231,72,3561.926638
23.848884,64,3564.652762
27.45941,73,3567.778528
27.100768,72,3570.879118
5.453485,15,3571.519687
-2.092332,8,3571.881025
2.06659,18,3572.665395
5.207882,29,3573.916105
-2.144669,8,3574.264503
-0.253255,12,3574.795605
52.543482,165,3581.748495
55.540889,176,3589.24963
9.194998,39,3590.926563
18.964777,62,3593.566295
5.754309,16,3594.262473
39.840311,108,3598.938015
14.346211,50,3601.067407
4.916607,25,3602.193719
10.224417,24,3603.201734
21.2387,73,3606.339264
6.092893,17,3607.064318
17.354417,41,3608.8005
6.544437,17,3609.540239
-2.446077,6,3609.805458
3.796671,23,3610.778095
23.948481,61,3613.410135
21.397116,54,3615.719673
9.053959,26,3616.825516
3.76212,24,3617.891572
5.373707,28,3619.112905
19.09036,48,3621.233015
10.565097,29,3622.516911
6.831442,50,3624.641162
23.350191,65,3627.497511
6.248388,31,3628.839596
28.852825,77,3632.084656
-1.929418,8,3632.430596
0.775057,16,3633.146094
25.253178,64,3635.966611
9.14395,24,3637.018774
5.984062,27,3638.219104
12.551601,37,3641.704188
-0.475357,12,3642.219471
-0.164923,13,3642.791621
42.409302,144,3648.924334
11.547936,30,3650.189737
25.096457,98,3654.302336
-1.20896,10,3654.732221
21.266915,60,3657.361179
33.10953,115,3662.247823
3.099689,22,3663.176187
28.95947,87,3666.828012
19.55153,57,3669.27091
-0.75064,12,3669.786668
-2.476086,7,3670.093542
11.057708,48,3672.116513
17.295136,51,3674.300352
3.647548,10,3674.735418
4.98453,14,3675.355041
13.279023,46,3677.344191
13.912768,39,3679.019445
31.64201,89,3682.811086
1.024037,16,3683.510713
7.38469,19,3684.308988
9.228109,58,3686.787125
11.948758,52,3688.994069
6.825066,34,3690.442946
15.581724,41,3692.22223
-0.372417,12,3692.744427
9.929499,29,3693.994864
8.686919,36,3695.507731
1.281964,18,3696.288952
26.160773,94,3700.252971
16.825925,51,3702.444492
26.567841,59,3704.937724
14.693158,37,3706.529448
7.632646,35,3707.988149
0.13564,13,3708.54704
17.65523,62,3711.20867
21.460524,70,3714.121608
29.783722,100,3718.341472
10.76071,29,3719.582544
12.176787,47,3721.59895
7.496104,33,3723.032657
29.780736,96,3727.12522
16.008928,40,3730.703889
1.627693,18,3731.485787
20.246828,51,3733.659175
17.627909,54,3735.958657
5.61898,28,3737.166865
57.898862,163,3744.176766
20.149629,50,3746.340856
10.301488,28,3747.555535
22.854461,54,3749.85652
2.458016,20,3750.72545
8.40801,21,3751.641596
-2.651766,6,3751.928714
11.515791,29,3753.175949
3.360567,9,3753.567287
12.767142,36,3755.097979
9.690834,37,3756.686291
23.665143,63,3759.383444
0.046447,13,3759.953548
6.586388,33,3761.394789
6.871648,19,3762.230596
10.667592,42,3764.06951
6.556653,19,3764.930402
41.866297,118,3769.905289
-0.025416,14,3770.500425
-1.347496,10,3770.942876
52.236886,143,3777.055255
44.171026,126,3782.452216
55.422659,158,3789.24856
6.973583,31,3790.558833
24.530848,61,3793.136139
5.801699,30,3794.405768
18.828117,49,3796.521514
14.909234,40,3798.293892
14.0123,38,3799.911238
1.224631,17,3800.653233
26.716205,68,3803.55822
10.038435,43,3805.408454
9.622442,28,3806.652221
25.593464,95,3810.741417
31.284344,88,3814.565418
8.455107,23,3815.564898
10.62078,25,3816.635521
22.02887,52,3820.792971
13.058128,43,3822.616946
20.023483,65,3825.367785
16.234738,83,3828.894992
2.330688,20,3829.741823
4.183053,25,3830.809123
2.841269,21,3831.719397
-0.203081,13,3832.273779
4.732314,24,3833.303726
5.541717,41,3835.024779
-0.155518,12,3835.562296
10.140802,24,3836.593025
6.505172,17,3837.315365
-2.127647,7,3837.622511
2.318573,19,3838.423972
-1.759668,8,3838.77293
17.059423,40,3840.494154
51.052539,176,3848.043725
0.340094,15,3848.707078
18.731455,52,3850.890026
2.856115,21,3851.817631
-0.52438,12,3852.360853
10.589498,39,3854.076684
-2.729239,6,3854.339736
13.760659,53,3856.647583
12.707896,65,3859.38342
32.199516,126,3864.702654
11.557945,58,3867.14077
9.91505,54,3869.424761
5.607892,27,3870.60396
-0.755223,10,3871.031845
21.947015,55,3873.374723
9.193149,37,3874.936674
24.950931,58,3877.368032
1.383191,15,3878.046022
7.134341,18,3878.8147
23.369529,61,3881.498765
15.002785,41,3883.225433
13.865839,35,3884.698924
34.406273,93,3888.716632
40.027314,111,3893.43225
20.219591,53,3895.65605
17.743299,69,3898.620103
-1.058148,10,3899.063707
50.404113,160,3905.9353
13.387532,48,3909.917426
17.556998,43,3911.743772
14.152882,39,3913.415104
13.189542,61,3916.035512
13.010437,45,3917.958259
-1.05543,11,3918.436222
20.199656,53,3920.67855
9.617725,24,3921.711158
10.746284,25,3922.784071
9.340398,23,3923.79442
15.447609,37,3925.399994
21.949496,55,3927.804019
16.089796,59,3930.271532
13.783275,51,3932.422874
27.021128,71,3935.547495
15.254215,41,3937.323527
18.450152,50,3939.471823
15.747353,45,3941.395969
0.678087,14,3941.989532
16.437861,43,3943.880432
8.693111,34,3945.327212
7.553695,51,3947.507237
24.223645,59,3950.052579
54.849991,171,3957.315993
22.956303,78,3960.651019
4.906072,25,3961.732536
14.836339,39,3963.413448
39.931517,98,3967.617702
24.239484,56,3970.056005
40.658083,101,3974.367161
10.224341,36,3975.858228
-0.706782,10,3976.287436
1.589527,17,3977.033015
27.983659,83,3980.575758
16.978794,43,3982.444436
-0.092068,13,3983.007329
6.057186,30,3984.317357
11.937595,32,3985.718898
25.222762,76,3988.99794
38.977019,113,3993.880684
8.934076,38,3995.485301
17.640271,42,3999.247394
3.729774,10,3999.679347
15.764916,41,4001.442619
10.229986,29,4002.678666
2.863943,8,4003.028413
18.4734,50,4005.185626
51.258486,118,4010.278577
15.111135,48,4012.341271
9.782754,27,4013.522282
4.95031,14,4014.152693
25.303914,65,4016.946448
4.917849,26,4018.055218
21.790027,55,4020.392823
13.649024,45,4022.303173
-2.615671,6,4022.569968
14.191662,34,4024.030119
13.294754,34,4025.492606
25.501327,64,4028.2211
11.335699,28,4029.488789
30.845127,83,4033.004517
33.784215,79,4036.386734
5.569551,28,4037.597453
17.616791,48,4039.686501
10.719996,55,4042.075731
12.907523,47,4044.136666
10.550839,29,4045.363196
37.694636,114,4050.289689
8.405259,38,4051.893257
4.834763,24,4052.937258
32.02901,88,4056.707319
43.540884,123,4061.973779
-1.755019,9,4062.367753
20.89833,60,4064.981926
2.143813,18,4065.772489
18.889444,52,4068.048457
20.469618,61,4070.664365
41.360156,134,4076.420416
23.932779,63,4079.137293
2.596221,20,4079.998532
23.418774,79,4083.392184
15.582574,59,4085.92613
32.711112,77,4091.125044
28.091899,72,4094.217119
15.142931,36,4095.745655
26.290981,65,4098.521137
6.400454,29,4099.759067
-1.273268,10,4100.206356
-1.993639,8,4100.550485
-2.003149,8,4100.897837
47.963156,158,4107.637584
23.172383,60,4110.248347
0.435653,14,4110.86132
18.940246,57,4113.258003
10.95733,27,4114.411742
9.561492,42,4116.203288
18.263624,53,4118.48133
18.610671,45,4120.386515
7.361399,19,4121.206362
9.706054,25,4122.295067
-1.875103,9,4122.686273
13.472087,32,4124.057154
0.595025,15,4124.70594
30.883407,79,4128.109292
38.785687,97,4132.282279
20.418467,57,4134.787087
18.944093,48,4136.813002
26.747021,72,4139.908715
5.624505,14,4140.514351
5.697668,31,4141.850406
2.653218,20,4142.691366
6.867716,31,4144.03125
17.806546,42,4145.850557
-2.349366,7,4146.161787
12.058975,31,4147.527354
7.999674,32,4148.917624
29.302422,76,4152.189582
10.400277,26,4153.366198
19.500529,50,4155.492847
10.821233,29,4156.763838
59.546838,157,4163.463617
0.524504,2,4163.565611
8.192816,31,4164.914903
-1.073607,10,4165.365247
48.688038,139,4171.40452
-0.149871,12,4171.940443
16.919851,51,4174.121464
12.191323,33,4175.540091
26.856268,69,4180.448525
1.873354,18,4181.246196
2.276503,18,4182.003846
14.109658,35,4183.538194
18.826107,48,4185.623664
10.778117,41,4187.389604
1.913956,19,4188.228043
4.847328,26,4189.37535
19.694645,53,4191.64214
5.128346,14,4192.240664
7.143252,34,4193.678009
20.851114,60,4196.242687
2.192833,20,4197.13174
13.31221,51,4199.31284
15.520725,42,4201.093564
37.761017,96,4205.277021
12.615956,33,4206.722357
37.548357,93,4210.733228
28.961524,95,4214.830604
8.346778,21,4215.737052
6.807847,31,4217.042507
8.656277,22,4217.982799
40.723212,114,4222.821671
23.005815,67,4225.723835
7.444561,20,4226.610141
4.889726,27,4227.791577
37.883095,96,4231.824702
17.184541,58,4234.316055
3.474555,25,4235.391028
14.816146,53,4237.713537
3.758978,23,4238.69917
-0.377584,12,4239.218693
4.559449,25,4240.326615
25.499659,72,4243.446935
18.269075,41,4245.167546
15.455656,67,4248.018215
23.279256,64,4250.790851
35.605734,94,4254.90576
1.4871,20,4255.753906
15.119848,53,4258.029102
14.30162,41,4259.738961
5.424562,15,4260.427078
11.160034,43,4262.311632
13.541086,34,4263.795363
30.52111,73,4266.896679
9.331185,37,4270.368726
8.560597,23,4271.352343
7.056957,19,4272.155369
28.413622,72,4275.198009
3.759978,10,4275.623899
21.853904,63,4278.311864
22.949004,57,4280.734163
1.891027,17,4281.478422
-1.810325,8,4281.82997
15.582105,39,4283.486007
27.860806,71,4286.543126
-1.787787,9,4286.945009
12.529227,31,4288.337471
17.96906,44,4290.23087
6.744851,18,4291.028041
-0.565592,12,4291.561959
-1.471982,10,4291.991741
15.849973,39,4293.63557
27.110444,83,4297.131206
3.455999,10,4297.593442
23.564153,72,4300.661692
20.046544,54,4302.975866
5.089909,13,4303.529096
23.40785,57,4305.999528
34.380398,97,4310.146704
13.904868,37,4311.739758
27.581274,81,4315.158811
11.958998,47,4317.20375
4.342883,39,4318.874525
0.539246,15,4319.542405
6.30415,28,4320.767945
20.027284,58,4323.245625
0.489668,15,4323.90547
31.850103,89,4327.579152
34.908171,82,4331.088026
29.015666,97,4335.292863
5.290649,26,4336.409108
4.452665,25,4337.494225
1.101627,15,4338.147405
2.9962,21,4339.053411
19.05762,53,4341.312845
12.072028,42,4343.14731
8.399652,23,4344.18326
4.228468,25,4345.275132
1.964198,19,4346.100308
18.428588,57,4348.511121
11.441398,42,4350.322179
16.610015,43,4352.20914
7.019205,17,4352.969436
13.777592,45,4354.890569
6.288807,31,4356.172774
9.847443,24,4357.191781
51.082756,176,4366.4382
8.480451,22,4367.374994
-0.649556,13,4367.95067
-1.800843,8,4368.297997
8.088446,33,4369.712579
9.500003,37,4371.321346
24.288128,60,4373.879565
12.225018,31,4375.221104
44.151437,114,4380.034812
6.710255,47,4382.037836
15.001748,38,4383.705779
12.666035,46,4385.679932
23.163862,94,4389.659616
16.696705,49,4391.736976
22.88028,60,4394.275664
22.316432,57,4396.675355
54.610987,174,4404.176495
19.308597,69,4407.111267
8.061367,49,4409.205147
16.532923,63,4411.878631
10.876434,44,4413.788926
27.323448,85,4417.393211
4.194822,24,4418.416488
8.213428,33,4419.821061
0.360827,14,4420.448433
-1.741467,9,4420.837176
14.925069,49,4422.936496
27.705003,73,4426.025993
5.440288,25,4427.07563
15.333976,39,4428.722869
30.063974,82,4432.228235
19.350575,50,4434.403952
-0.400811,11,4434.874149
19.922849,52,4437.101033
-1.769989,9,4437.491119
-1.377551,10,4437.921014
17.195142,45,4439.858206
-2.271096,7,4440.185913
19.893501,50,4442.415429
5.280609,39,4444.066042
4.196009,25,4445.137029
18.405464,48,4449.163549
3.4443,24,4450.193397
2.34673,20,4451.046018
-2.144159,8,4451.403706
19.97816,51,4453.579257
11.321047,29,4454.824769
6.650297,29,4456.082933
5.624794,28,4457.272574
4.921715,13,4457.828124
30.498692,73,4460.934661
29.075622,80,4464.285326
0.46228,16,4464.97596
5.717691,27,4466.120802
23.760429,66,4468.9161
34.803391,82,4472.422591
15.412162,45,4474.384575
-2.068012,8,4474.753744
16.660568,43,4476.614289
36.655112,129,4482.080673
21.369061,53,4484.347429
19.982685,63,4487.042714
4.218781,11,4487.535625
15.467545,43,4489.400239
3.802014,21,4490.289434
-0.6329,11,4490.800246
20.748835,52,4493.018853
4.721342,24,4494.056895
26.139041,69,4496.995254
-0.751408,11,4497.477112
18.416154,68,4500.386235
0.378217,14,4500.987088
18.835279,44,4502.869695
1.670354,16,4503.566321
18.921297,51,4505.78471
-1.186069,10,4506.217071
10.46011,26,4507.360649
22.81073,65,4510.091894
13.110736,47,4512.088588
34.796123,103,4516.514131
6.3354,30,4517.782925
27.421114,68,4520.680413
11.363643,29,4521.935561
3.09033,9,4522.324186
25.47707,78,4525.635927
-1.145056,10,4526.068089
17.556373,58,4528.489734
26.746076,73,4531.65221
20.802745,49,4533.771285
0.040239,14,4534.38523
31.688092,70,4539.271734
16.067918,42,4541.070799
-2.304119,7,4541.404532
37.521147,150,4547.729662
-1.606024,9,4548.132785
21.804278,68,4551.034612
8.854354,24,4552.053902
25.314802,67,4554.936752
18.325751,52,4557.130588
10.71561,44,4558.973687
0.370624,14,4559.583149
4.929528,26,4560.697169
15.434297,39,4562.344897
34.570794,80,4565.731207
4.861249,26,4566.851955
4.016328,25,4567.8994
6.131915,33,4569.323798
7.294025,35,4570.802752
58.410213,169,4577.948697
2.377073,19,4578.78317
38.658025,109,4583.374712
14.580864,54,4585.698011
12.247296,43,4587.563085
10.651403,42,4589.323191
7.196597,36,4590.887568
13.094137,35,4592.368967
-2.147626,7,4592.677203
12.898973,59,4595.197258
40.216906,165,4602.140498
19.83765,55,4604.492138
29.335279,113,4609.265974
4.328536,25,4610.377898
9.573373,26,4611.468354
-0.002697,12,4611.99818
52.221126,152,4618.42346
14.175686,68,4621.322904
19.825497,52,4623.574055
12.887022,62,4628.276071
6.268612,28,4629.478182
14.422924,42,4631.264893
7.729905,34,4632.755869
12.127488,42,4634.556504
-1.446719,10,4634.985179
48.109824,140,4640.884467
3.413759,21,4641.770551
55.142076,157,4648.433295
-2.096082,7,4648.756437
5.810463,31,4650.08104
20.298619,48,4652.107513
4.751897,24,4653.141708
6.97596,31,4654.469846
29.099287,94,4658.483528
19.897082,63,4661.145916
6.248065,27,4662.330268
10.757616,31,4663.693067
2.144041,20,4664.535848
-1.576371,9,4664.9422
4.711924,26,4666.052889
0.067758,13,4666.596587
3.835194,23,4667.568865
23.91233,68,4670.520139
-1.582602,9,4670.912482
22.866778,56,4673.264964
4.422239,23,4674.247
5.896038,27,4675.423348
15.295649,54,4677.680152
12.182785,32,4679.031824
1.424691,16,4679.718796
28.664591,91,4683.634595
24.600448,59,4686.145091
22.856766,57,4688.609203
4.708763,24,4689.62792
3.967433,10,4690.056889
13.607934,50,4692.216811
22.288428,76,4695.420177
4.500478,12,4695.948714
1.083273,15,4696.584218
3.4263,21,4697.472389
49.256558,113,4702.298851
20.556233,55,4704.656536
5.70421,27,4705.804366
9.296552,25,4706.87503
36.611284,99,4711.200419
8.703162,22,4712.146764
10.180102,26,4713.261042
8.908493,55,4717.600281
16.042767,53,4719.901973
18.153719,42,4721.689727
6.868535,42,4723.457509
1.189193,16,4724.122591
-1.940032,8,4724.464568
11.055493,29,4725.697042
20.52051,74,4728.86368
5.202651,25,4729.931525
7.479337,33,4731.378492
18.503066,63,4734.043938
11.338354,41,4735.807689
4.699894,26,4736.924103
8.306736,32,4738.316732
13.603991,53,4740.605927
18.411432,56,4742.98869
5.16579,28,4744.195944
17.655483,60,4746.743762
12.009143,62,4749.419522
12.763153,35,4750.928777
8.303037,38,4752.51735
23.222863,82,4756.061166
34.947662,88,4759.850235
-1.436036,9,4760.255288
0.858333,15,4760.910766
4.967637,25,4762.028918
19.23166,61,4764.58475
0.846743,16,4765.278132
-0.676899,11,4765.750207
21.583044,60,4768.301193
31.335593,75,4771.50412
13.257178,58,4774.012167
34.147127,75,4777.21562
3.977367,24,4778.256839
16.880185,42,4780.081486
28.050966,80,4783.521583
1.708278,18,4784.357999
3.086225,21,4785.245579
27.559981,69,4788.19144
27.318721,72,4791.216229
6.923209,20,4792.090098
8.062205,31,4793.417539
33.374582,93,4797.3341
8.241161,37,4798.958045
27.470442,73,4802.142837
4.736312,26,4803.279944
10.708115,42,4807.128433
13.447239,53,4809.39037
6.91565,30,4810.655326
9.707679,25,4811.740036
5.774853,28,4812.896532
1.19861,16,4813.58931
3.853035,25,4814.674618
30.770146,88,4818.445139
10.141735,37,4820.03722
-2.43061,6,4820.33403
52.301459,126,4825.603886
-0.405199,12,4826.139699
12.416128,42,4827.949778
6.887867,31,4829.294105
-1.072122,10,4829.723186
-0.531084,11,4830.194148
25.855132,71,4833.241651
43.728304,95,4837.301971
19.449193,59,4839.847558
25.187182,71,4842.863258
7.187165,18,4843.6247
3.603964,22,4844.558203
15.295013,39,4846.231289
15.337615,53,4848.524464
29.642471,74,4851.71148
23.579168,67,4854.610177
2.625097,19,4855.432042
0.174097,14,4856.051741
2.539638,19,4856.891008
14.966844,37,4858.512119
27.775629,76,4861.783398
-0.401439,11,4862.282253
12.129152,46,4864.248395
15.613363,43,4866.103358
25.504716,61,4868.755325
4.458417,11,4869.22774
12.642085,31,4870.585958
16.529169,39,4872.300294
17.934661,49,4874.343456
11.735886,62,4877.001802
26.204113,86,4880.656443
17.342737,66,4883.49186
22.937621,70,4886.441264
17.833247,70,4889.442902
25.128533,76,4892.685074
37.920808,103,4899.072337
22.100085,58,4901.605445
3.535231,22,4902.543597
8.384151,34,4904.007315
1.870448,19,4904.832422
16.304462,41,4906.639355
7.174455,43,4908.48611
19.952818,51,4910.689544
5.681058,25,4911.787998
28.498273,82,4915.255634
25.241935,61,4917.849585
36.09161,87,4921.533607
0.059729,15,4922.185529
21.222116,56,4924.601621
22.644638,72,4927.630942
-1.110677,10,4928.076178
3.868401,24,4929.093847
4.336661,24,4930.134028
19.406813,62,4932.762351
8.523492,22,4933.728728
4.108765,24,4934.77933
8.146034,22,4935.747553
36.573039,95,4939.811439
13.917984,62,4942.44656
11.173706,40,4944.139461
53.563794,146,4950.250415
0.206838,13,4950.807645
10.51764,39,4952.49613
4.355259,26,4953.588628
8.027328,31,4954.859336
21.738921,53,4957.112069
11.46872,40,4958.812074
-1.320514,10,4959.26098
19.754808,49,4961.329914
8.635265,35,4962.805552
17.770581,52,4965.057268
1.235401,16,4965.734529
1.559612,16,4966.413891
-0.582212,12,4966.953998
35.30075,104,4971.363862
-1.280744,10,4971.796861
29.730168,70,4974.786839
18.920882,49,4976.878909
17.793163,46,4978.867509
0.287189,14,4979.501138
23.484953,66,4982.277595
15.610922,40,4984.020236
5.815829,15,4986.637949
31.404662,82,4990.162405
16.796205,52,4992.372418
12.939448,35,4993.872967
15.256587,39,4995.514346
19.220272,44,4997.392479
10.517804,26,4998.520267
16.39499,66,5001.348851
0.603673,16,5002.041156
21.610204,71,5005.078445
9.40905,33,5006.491542
2.698518,19,5007.289216
5.096947,27,5008.442233
2.452953,19,5009.273905
15.9659,40,5010.997678
10.258499,28,5012.227629
31.363931,75,5015.450301
30.197438,66,5018.320452
14.384539,45,5020.20472
23.603047,64,5022.925038
17.217593,46,5024.876905
-2.064214,8,5025.226402
48.7496,112,5029.929549
10.046366,35,5031.451742
5.899017,14,5032.067689
3.122546,22,5033.003853
41.538672,112,5037.813205
32.406389,76,5041.061281
2.977038,21,5041.964106
6.327078,30,5043.265278
20.225646,60,5045.817615
11.633884,28,5047.031232
-0.453121,12,5047.58713
3.543781,22,5048.557086
-0.968543,11,5049.028094
21.658445,68,5051.954978
22.88875,69,5054.923616
15.702515,38,5056.579406
13.544948,48,5058.686843
30.133827,72,5061.780915
10.45788,40,5063.522921
-0.789552,11,5064.02222
9.121431,37,5065.641804
34.567604,93,5069.701952
2.137014,18,5070.496798
6.394293,28,5071.712363
16.839229,42,5073.539394
8.00261,33,5076.95033
16.959684,50,5079.047683
-0.564505,11,5079.519251
33.014355,90,5083.337278
11.510792,27,5084.496547
15.896863,47,5086.523554
10.729871,40,5088.261286
38.924718,97,5092.375387
5.635312,28,5093.565408
27.872655,61,5096.199744
6.998624,29,5097.468375
29.474695,93,5101.440988
1.423723,16,5102.13165
6.544629,32,5103.513552
17.284909,57,5105.969076
0.628012,15,5106.606751
7.058574,31,5107.921401
11.005191,38,5109.544191
7.976798,33,5110.981861
1.870331,17,5111.71001
25.376544,69,5114.620898
7.737519,31,5115.952552
7.751001,20,5116.834229
36.676114,94,5120.842237
-2.162172,7,5121.146479
22.036004,61,5123.741896
34.029486,94,5127.812349
5.324833,25,5128.905887
3.569484,22,5129.850467
15.858638,38,5131.459121
5.749262,27,5132.619398
6.869305,31,5133.947901
12.528476,33,5135.35357
12.817908,44,5137.23384
21.675767,49,5139.293183
14.936942,48,5141.382066
4.745063,23,5142.385047
6.735483,30,5143.666783
8.841677,31,5144.999351
35.241462,95,5148.99876
4.866346,13,5149.566593
11.923165,28,5150.73952
6.547227,28,5151.946059
53.71799,116,5156.963738
9.472392,33,5158.417112
14.701,50,5160.571447
-1.893265,8,5160.935035
2.374912,20,5161.789323
17.98845,43,5163.62838
17.376885,43,5167.471928
0.602567,14,5168.063002
11.274096,38,5169.730311
4.356905,22,5170.69892
42.75275,102,5175.090533
4.483901,23,5176.094826
12.253796,40,5177.790004
-1.021793,10,5178.233829
9.186476,35,5179.769286
4.727396,24,5180.786871
1.85103,16,5181.484982
40.710372,98,5185.719405
3.791673,22,5186.700337
14.29324,48,5188.73257
11.51169,27,5189.941296
7.017941,30,5191.254408
12.803675,31,5192.629647
3.679025,23,5193.619291
2.9349,19,5194.493071
20.94756,46,5196.44136
13.510626,57,5198.854162
2.553498,19,5199.687337
22.18839,74,5202.834908
11.155826,37,5204.428167
6.747431,30,5205.721389
-1.229078,10,5206.16481
9.184299,33,5207.57978
9.812197,36,5209.166351
25.183543,55,5211.519538
28.079079,66,5214.316647
33.063155,73,5217.405993
11.86009,29,5218.686442
20.925121,67,5221.557956
32.005428,79,5224.907354
13.42235,29,5226.144779
1.575208,16,5226.834226
25.726762,57,5229.240164
3.285035,20,5230.110697
-1.365159,9,5230.50153
13.051219,41,5232.256096
6.406641,30,5233.525483
14.716206,37,5235.124458
18.120414,43,5236.954463
-0.076737,12,5237.493159
39.968106,88,5241.245761
5.660634,28,5242.434811
35.724498,81,5245.890715
6.046146,27,5247.067115
-0.879733,10,5247.549246
6.531325,27,5248.763464
18.578409,46,5250.713365
-0.712218,11,5251.22612
0.032831,13,5251.807362
37.814666,83,5257.430052
1.564753,16,5258.124678
1.271173,14,5258.752799
7.426838,30,5260.029908
27.012473,60,5262.601876
5.73957,25,5263.715748
18.898178,42,5265.554172
4.376918,23,5266.523686
-1.596234,8,5266.884893
8.66485,36,5268.457714
13.118291,43,5270.262351
37.061542,82,5273.761355
14.380789,34,5275.230125
12.671122,30,5276.507728
3.183015,21,5277.432825
-0.502847,11,5277.969156
10.11632,26,5279.08129
-1.846145,7,5279.384991
0.387329,13,5279.957241
18.632712,42,5281.773906
38.110759,83,5285.259453
4.41254,24,5286.329154
19.974424,43,5288.18503
9.163353,21,5289.091961
7.38334,28,5290.317754
12.342552,31,5291.663014
18.950389,42,5293.504815
3.835636,21,5294.39614
27.387741,60,5297.072226
11.862609,37,5298.691148
8.531463,30,5299.964193
45.456605,99,5304.148425
-0.548937,11,5304.64161
0.91571,15,5305.313258
0.146349,14,5305.901956
31.770273,80,5309.393105
-0.311125,11,5309.917076
16.573783,38,5311.545842
25.449272,68,5314.509419
11.914027,40,5316.220949
22.385051,49,5318.313633
46.776357,103,5322.680934
4.980201,24,5323.741483
0.189687,12,5324.255716
8.83673,35,5325.766634
-0.63669,11,5326.231937
29.6358,74,5329.383894
1.096996,15,5330.016927
12.778327,29,5331.25888
5.174778,23,5332.260045
-1.395684,9,5332.685517
5.279018,23,5333.692291
1.305187,16,5334.417805
31.314612,70,5337.350013
6.635767,26,5338.535714
64.526704,138,5344.421067
32.526627,81,5349.855112
0.660083,14,5350.466486
13.170325,41,5352.197144
20.227891,57,5354.615003
13.437625,42,5356.447177
4.558133,24,5357.47042
-1.452586,9,5357.859396
9.645266,24,5358.877744
9.210334,23,5359.888382
48.759799,102,5364.314974
13.138466,41,5366.064283
-0.324793,11,5366.540799
31.077046,79,5369.909952
29.615831,74,5373.063719
11.242753,35,5374.581131
2.28324,19,5375.391611
6.896603,29,5376.655124
24.905535,67,5379.540508
18.950502,43,5381.37727
37.827953,100,5385.617599
32.883797,74,5388.860472
4.400973,22,5389.787152
4.043996,21,5390.746483
3.413692,22,5391.705341
1.773318,16,5392.379936
26.81076,69,5395.350836
14.540408,32,5396.73725
3.734147,20,5397.578301
13.172638,41,5399.35691
11.838033,40,5401.060558
17.472693,41,5402.828086
16.80959,37,5404.434164
26.198395,68,5407.367208
4.78031,23,5408.364494
16.153944,38,5410.040702
6.743871,30,5411.377527
-0.453862,11,5411.886506
-1.441878,8,5412.241351
14.430526,42,5414.034722
7.943487,21,5414.92063
2.920678,18,5415.719182
47.28352,105,5420.157891
12.052897,53,5422.475638
24.529349,55,5424.857964
16.317885,49,5427.002584
2.420674,17,5427.762902
14.088447,32,5429.155067
1.102137,14,5429.759261
14.792946,45,5431.710821
-2.658325,6,5431.976062
12.761051,45,5433.901177
11.69708,38,5437.503001
7.068747,16,5438.1996
20.081033,58,5440.703194
19.168562,47,5442.691513
9.032465,32,5444.045012
4.655247,23,5445.050863
0.564943,2,5445.147516
24.438493,55,5447.488175
-2.734548,6,5447.768982
7.905536,29,5449.000688
9.243322,47,5451.048188
5.653125,25,5452.137757
49.113853,106,5456.652862
10.970186,26,5457.797241
13.554102,33,5459.238351
20.217202,53,5461.549103
14.261435,47,5463.532376
10.344359,36,5465.095398
9.257259,48,5467.163641
36.107672,80,5470.559188
-1.611957,9,5470.950101
30.548331,77,5474.213816
8.900308,22,5475.161395
22.420016,54,5477.42289
5.798441,15,5478.091878
1.650826,15,5478.747993
3.478918,19,5479.55982
2.401308,18,5480.325369
5.374732,22,5481.315874
30.05825,65,5484.095217
4.792978,22,5485.027978
18.443308,41,5486.794352
21.996079,59,5489.285871
11.872469,50,5491.452044
0.274531,13,5492.017816
10.683643,38,5493.676119
1.564863,16,5494.37957
1.243351,15,5495.019064
3.915835,21,5495.918495
9.040038,33,5497.354745
1.249618,17,5498.077393
14.12016,41,5499.879034
17.475458,49,5501.982024
1.331568,15,5502.626367
13.959222,56,5505.014025
16.974888,40,5506.75498
4.70732,22,5507.70785
-0.544696,11,5508.183179
3.171414,20,5509.041008
19.095274,51,5511.262498
1.396028,15,5511.897562
9.9374,35,5513.333798
57.099196,120,5518.512128
32.242368,81,5521.973803
-1.414744,9,5522.383813
-0.617785,10,5522.813006
16.868953,40,5524.495753
3.018129,19,5527.375813
15.9919,46,5529.339509
23.02519,59,5531.845394
16.982599,39,5533.51394
-1.063104,10,5533.948219
35.723352,78,5537.312385
6.327815,28,5538.570467
13.76959,43,5540.430232
8.219328,20,5541.302625
12.824104,38,5542.936962
24.794472,56,5545.362178
-0.470083,10,5545.842283
-0.090859,12,5546.363943
2.65324,18,5547.134263
8.920655,32,5548.532406
24.176439,64,5551.250666
19.741141,45,5553.152664
39.478157,86,5556.799691
-2.069354,8,5557.14544
24.835798,56,5559.54321
37.148002,81,5563.002454
14.625443,33,5564.407337
0.971449,15,5565.059889
19.678487,50,5567.184631
1.875168,17,5567.903467
16.564025,36,5569.443794
8.043074,20,5570.300932
15.903331,49,5572.416496
28.394304,62,5575.076652
-0.106284,13,5575.634596
37.965552,84,5579.203929
-1.104002,10,5579.653397
-0.492233,11,5580.16363
-2.17227,7,5580.464442
5.464794,26,5581.587239
18.387685,52,5583.81136
4.097507,22,5584.762951
38.335416,92,5588.607495
19.761541,45,5590.527116
9.02971,34,5591.97703
20.08806,48,5594.07557
6.006831,25,5595.128485
42.304326,90,5598.907887
33.018862,73,5602.024556
13.32889,46,5604.012621
11.3304,38,5605.65326
-1.068894,9,5606.069195
-2.312767,7,5606.400029
2.420125,19,5607.27937
25.989401,61,5609.88496
27.455873,61,5612.559653
10.885425,27,5613.710866
6.114041,25,5616.834944
23.422578,57,5619.275667
58.232434,123,5624.454976
54.934462,114,5629.251457
9.75451,34,5630.757165
12.706326,38,5632.375211
19.954393,56,5634.782995
20.857819,56,5637.156325
17.236016,39,5638.805738
4.81666,23,5639.81323
13.580765,44,5641.745385
15.215678,35,5643.199421
-0.321383,12,5643.718531
5.652044,25,5644.764099
40.132221,94,5648.727736
5.289025,24,5649.760347
2.276394,18,5650.547485
-2.108403,7,5650.858402
20.142781,57,5653.24801
2.33499,19,5654.07261
3.665813,22,5655.021987
8.482282,33,5656.431939
-0.86898,10,5656.883693
27.285721,68,5659.701637
5.958141,26,5660.808049
-1.848387,8,5661.169698
19.992292,46,5663.190062
20.704585,47,5665.266232
0.480093,13,5665.819667
23.15331,51,5667.963415
3.851813,22,5668.91705
17.757206,49,5670.999339
37.575665,93,5674.997236
6.609635,16,5675.694662
2.050484,6,5675.957813
4.951199,13,5676.560316
-2.277574,7,5676.871312
14.162209,41,5678.680044
8.279188,31,5679.996115
-0.755911,11,5680.501757
0.962015,15,5681.133508
9.033565,34,5682.619151
22.021468,58,5685.120749
14.052431,34,5686.5829
3.212061,19,5687.420291
9.031124,33,5688.812329
2.518961,17,5689.581062
14.535069,35,5691.10551
-0.699261,10,5691.532824
7.341421,29,5692.753044
26.706108,58,5695.287653
26.887112,58,5697.86425
-1.179656,9,5698.266648
-2.583643,6,5698.539264
16.278584,36,5700.077332
13.098961,32,5701.461784
22.756834,50,5703.587092
