#{"t_start": 1773514130.4715912, "env_id": "continuous-highway-v0"}
r,l,t
0.513633,14,6.460857
-0.922295,12,6.813837
-0.970387,12,7.161709
-0.535417,13,7.512516
-1.109203,11,7.825593
-1.154977,12,8.162917
-0.854317,13,8.545792
-0.306695,12,8.888228
-1.562425,11,9.187574
-2.19933,10,9.460052
0.029042,13,9.802986
-1.238509,11,10.093745
-0.556326,12,10.436584
0.049899,12,10.764324
-1.227598,11,11.079414
-1.231677,12,11.432726
-0.328455,13,11.809985
-2.32025,10,12.102197
-2.244634,9,12.369154
0.184435,14,12.776892
-0.391665,12,13.116977
-0.289745,13,13.506778
-0.242011,12,13.854886
-0.580255,13,14.228003
-0.194845,13,14.609547
-2.684408,9,14.876138
-0.787304,11,15.19733
-0.691425,12,15.536466
-0.67132,12,15.883376
-1.580536,11,16.203971
-0.436521,12,16.556442
-0.896698,12,16.904089
-1.526295,10,17.184963
-0.658459,12,17.531775
-0.739585,12,17.880453
-0.81489,11,18.193874
-1.168286,12,18.540907
0.708911,15,18.977858
-1.534515,11,19.29077
-1.621514,11,19.605333
-0.215599,14,19.996018
-0.220691,13,20.366019
-0.639123,13,20.737769
-2.556067,9,21.002243
-0.373067,12,21.341064
-1.651118,11,21.638783
-1.338597,12,21.969222
-1.493863,11,22.284234
-0.725738,13,22.655861
-2.258591,10,22.943654
-0.534067,12,23.28797
-0.87072,13,23.663409
-0.74846,13,24.012663
-0.136518,13,24.358138
-0.637565,12,24.681331
-1.533935,11,24.956769
0.706496,14,25.322942
0.177217,13,25.667762
-1.185522,12,25.982041
-0.03106,13,26.330976
-0.932453,12,26.64498
-0.658473,12,26.967993
-1.67935,11,27.254643
-1.154088,12,27.56247
0.19204,14,27.929205
-1.561819,11,28.22013
-0.444384,12,28.540854
-0.818908,11,28.832658
-1.35317,11,29.123602
-1.947025,11,29.407654
-0.264308,13,29.742443
-0.692536,13,30.08645
0.02515,13,30.423681
-0.809153,12,30.72941
-0.549354,13,31.066144
0.038553,13,31.410924
-1.942232,10,31.672892
-0.508772,13,32.017277
-1.206479,11,32.316913
-1.666076,11,32.607926
-0.342164,12,32.929982
-1.736021,11,33.206567
-0.426766,14,33.563605
-0.71609,12,33.885957
-0.891767,12,34.200989
-1.734702,10,34.463082
-0.66913,12,34.761874
-0.15993,14,35.126541
-1.791821,10,35.388193
-2.435341,10,35.642138
-0.163544,12,35.956249
-0.905683,14,36.322644
-1.545128,12,36.637174
-1.124772,12,36.959787
-2.138915,10,37.221192
-0.887863,12,37.535105
-1.494427,12,37.841732
0.778309,16,38.260695
-0.645912,12,38.582689
-1.262049,11,38.874471
-0.164451,13,39.218268
-1.28779,11,39.519511
-0.002178,13,39.863118
-0.698696,12,40.177477
-1.64181,12,40.499997
-1.354185,12,40.824873
-0.499924,11,41.12501
-1.53749,11,41.402181
-0.864493,12,41.732888
-0.414934,12,42.055407
-1.686861,11,42.339647
-1.645479,11,42.629884
-1.292549,11,42.927706
-0.635579,12,43.247371
-0.873261,11,43.528889
0.147329,14,43.923556
-1.862344,11,44.223635
-1.251988,11,44.514269
-0.893768,12,44.827555
-1.865365,10,45.079822
-0.90574,12,45.385401
-2.187145,10,45.65539
-0.649662,12,45.969514
-0.960958,13,46.313122
-1.063222,12,46.626983
-0.219514,12,46.931305
-1.416091,11,47.207858
-0.057893,13,47.542622
-2.203526,10,47.805022
-1.538448,11,48.096132
-1.165828,11,48.38879
-0.428114,12,48.694699
-0.41838,12,49.022179
-0.486176,12,49.324641
-0.645936,12,49.649969
-2.069465,10,49.907639
-1.876137,10,50.165784
-0.835672,12,50.466467
-1.457478,12,50.783157
-1.592442,11,51.055103
-0.335801,12,51.34877
-1.450555,10,51.60698
-1.454081,11,51.899824
-0.655865,13,52.243258
-0.601895,13,52.590175
-0.804062,11,52.88273
-0.794437,12,53.226219
-0.623359,12,53.565699
0.050342,14,53.977449
-1.54465,10,54.259075
-0.654991,12,54.606241
-1.016508,12,54.954111
-1.447054,12,55.302146
-1.589139,11,55.616649
-1.038391,12,55.963895
-0.332082,13,56.345424
-1.638009,11,56.651028
-0.861185,12,57.003599
-1.485399,11,57.323843
-0.234539,14,57.726099
-1.436896,10,57.998209
-0.775415,14,58.355578
0.383755,15,58.743398
-0.180218,13,59.087211
-0.12906,13,59.43424
-0.402584,12,59.757204
-1.750527,11,60.050001
-0.783421,12,60.363872
-0.569437,13,60.706921
-1.493182,11,61.005331
-1.290374,12,61.32756
-1.009188,12,61.641359
-0.35778,13,66.375448
-0.167202,13,66.748497
-0.798612,12,67.106082
-0.629373,12,67.463215
0.296294,13,67.843311
-1.244133,12,68.180181
-2.459144,9,68.450507
0.375358,15,68.871658
-1.446845,11,69.163152
0.058728,14,69.521264
-2.057665,10,69.783302
-1.001741,12,70.113243
0.112839,14,70.488824
-0.774962,11,70.789957
-1.298986,11,71.089272
-1.235536,12,71.419895
-2.741293,9,71.652209
-1.342745,11,71.930312
-1.986259,10,72.208979
-0.476547,13,72.554605
-1.938188,12,72.87058
-0.752519,13,73.216262
-1.779032,10,73.471406
-0.661211,14,73.831156
-0.017383,14,74.191029
-0.239958,12,74.498402
-0.647668,12,74.828984
-0.336985,13,75.174762
-1.405556,11,75.467992
-0.737279,11,75.768471
-0.831811,13,76.113577
-0.321912,14,76.497309
0.095292,14,76.872257
-1.073254,12,77.187873
-0.886568,12,77.503341
-0.88748,12,77.825976
-0.270763,13,78.159732
-0.471163,12,78.464165
-1.283315,11,78.740317
-1.852223,11,79.038326
-0.63298,11,79.321026
-0.819825,12,79.6419
-2.714311,9,79.872853
-1.736129,10,80.125176
0.302845,13,80.460771
-1.669254,12,80.749541
-1.217645,11,81.032585
-0.827399,12,81.346421
-1.170646,11,81.622637
-0.282762,13,81.957968
-2.633657,9,82.188846
0.146361,12,82.510872
0.376315,13,82.854256
-0.408518,13,83.183105
-0.897931,11,83.459963
-0.73771,12,83.784114
-1.143632,12,84.106384
-0.437317,12,84.430638
-0.927714,11,84.72287
0.195498,12,85.037228
-1.598488,12,85.360538
0.317585,12,85.675732
-0.789396,11,85.975704
-2.025785,10,86.251206
-0.769863,12,86.558644
-2.475845,10,86.822544
-0.027025,13,87.167572
0.201185,13,87.497752
-2.686166,10,87.752789
-1.166515,11,88.046376
0.009719,13,88.392093
-2.799535,9,88.61689
-1.556877,11,88.894415
-1.579945,10,89.158597
0.184003,14,89.527106
-0.118306,13,89.856533
-1.856271,10,90.125973
-0.123702,13,90.453049
-2.21217,11,90.749066
-0.624888,13,91.110654
-0.689044,13,91.467792
-0.439712,12,91.793801
0.086319,15,92.177228
0.656207,14,92.530186
-0.660445,13,92.869308
-0.066843,13,93.191578
-0.75432,12,93.492862
0.15606,16,93.896391
0.070778,13,94.217561
-0.675907,14,94.583614
-1.130621,12,94.897582
-0.10015,13,95.241249
-0.879961,11,95.532514
-0.743259,14,95.883867
-0.640507,12,96.197717
-2.272778,10,96.468142
0.506905,13,96.803848
0.530956,14,97.154494
-0.776916,12,97.454401
-0.662096,12,97.769839
-1.108661,12,98.0853
-1.879856,11,98.373369
-1.896108,10,98.635732
-1.517076,11,98.919941
-0.744652,11,99.212741
0.426183,15,99.595942
0.10444,13,99.925272
-2.687502,10,100.200639
-0.921926,11,100.494058
-1.439097,12,100.818385
-0.738076,12,101.142284
-0.871894,11,101.445307
-1.22068,11,101.747021
-0.417876,12,102.070295
-0.039024,13,102.408262
-2.375116,10,102.68041
-0.212534,12,102.988777
-0.504916,13,103.317894
-1.328453,11,103.594211
0.595026,14,103.971165
-0.426455,13,104.309403
-0.595422,12,104.633128
-0.051838,14,104.992735
-0.357301,13,105.345328
-0.533059,13,105.69854
-0.36636,12,106.006361
-1.843783,11,106.298696
0.552074,15,106.696348
-1.726684,10,106.958778
-0.881378,12,107.274681
-1.22496,11,107.568429
0.240032,13,107.906661
-1.46654,11,108.198163
-1.14799,11,108.490167
0.227699,14,108.85582
0.268432,14,109.212129
0.592549,15,109.590537
-1.619227,11,109.873293
-1.687277,11,110.156388
-0.553187,12,110.484468
-0.840911,12,110.788859
-1.840572,11,111.079808
-0.406206,12,111.385744
-0.280047,12,111.69126
-1.122316,12,112.006229
-1.090363,11,112.307735
-1.117497,12,112.630096
-0.956183,11,112.91401
-1.422728,11,113.213707
-2.406313,10,113.491663
-1.267513,11,113.791195
-0.650499,13,114.135493
0.179104,13,114.488044
-0.485031,12,114.802346
-0.339211,12,115.109205
-1.574712,12,115.416157
-2.545051,10,115.669903
-0.089549,14,116.044911
-0.968131,11,116.340012
0.552842,14,116.706609
-1.761875,12,117.022411
-1.143737,12,117.338145
-0.362576,13,117.683859
-1.254226,12,118.014957
-2.049726,10,118.278088
-0.254932,13,118.616372
0.118893,14,118.98206
-2.297112,10,119.252819
-0.666469,13,119.597603
-0.726067,13,119.935134
-2.066425,10,124.583106
-0.62179,14,124.98417
-1.517543,11,125.302773
-2.004685,12,125.644561
-0.690957,13,126.019191
-0.951968,13,126.392247
-1.526196,12,126.749404
-0.995066,12,127.097954
-0.379604,14,127.495805
-1.690504,10,127.793559
-0.614529,12,128.159197
0.060911,14,128.57364
0.732414,16,129.033037
-2.035829,10,129.327497
-1.297279,13,129.695566
-0.240733,13,130.078389
-0.537581,13,130.44456
-0.935736,13,130.818146
-0.317763,13,131.201672
-1.237437,11,131.515348
-1.128275,12,131.834999
-0.95856,13,132.188184
0.184754,15,132.598423
-0.795536,12,132.931585
-1.132,12,133.248442
-0.572921,13,133.587977
-0.096531,13,133.928637
-1.391644,11,134.213961
-0.851831,12,134.5224
0.127004,14,134.884534
-2.075556,11,135.153074
-0.188837,14,135.525383
-0.821481,12,135.861118
-0.314711,14,136.260335
0.48043,16,136.707137
-0.243371,13,137.08731
0.408677,14,137.481757
0.87115,15,137.88077
-0.997086,12,138.187857
-0.138316,13,138.525538
-0.74356,12,138.842209
-0.487858,14,139.209953
-0.257633,13,139.554872
-1.063059,12,139.861331
-1.657602,11,140.16317
-0.202355,12,140.479811
0.026273,13,140.825574
-1.67148,11,141.119333
-0.736974,13,141.449423
-1.253222,12,141.75737
-0.367577,13,142.087981
-0.772555,13,142.433891
-2.094433,11,142.71877
0.001654,14,143.08702
-1.208454,11,143.380597
-1.695342,12,143.704872
-0.298562,14,144.066213
-0.728365,13,144.419431
-1.403674,12,144.718126
-0.888725,14,145.085589
-1.253803,12,145.411842
-1.132207,12,145.763857
-0.011438,15,146.145376
-1.096703,12,146.452245
-0.90263,12,146.75101
0.385773,14,147.108928
-0.816518,12,147.428454
-0.089149,14,147.807956
0.26557,14,148.166954
-0.537172,13,148.5343
-1.597208,11,148.874924
-0.305162,14,149.290029
-1.933496,11,149.575001
-0.700293,12,149.871372
-1.56761,12,150.207904
-0.306496,14,150.607985
-2.367923,11,150.917825
-1.968769,10,151.212929
-0.833242,12,151.555579
-1.24874,12,151.876365
-0.874103,11,152.170473
-0.988056,12,152.495344
0.618315,15,152.877554
-0.753229,13,153.215379
-0.293351,13,153.553279
-1.402594,11,153.838255
-0.915576,12,154.1449
0.25337,15,154.535459
-0.506574,13,154.88163
-1.441622,11,155.17495
-0.844773,13,155.505483
-1.018356,12,155.820875
-0.014546,13,156.175062
-2.297564,11,156.461224
-0.569076,13,156.798924
-0.912899,12,157.124298
-0.944113,12,157.447999
-2.170528,10,157.718853
0.373129,14,158.070952
-1.998169,12,158.387226
-0.272471,13,158.724961
-0.553144,12,159.041018
-1.662009,12,159.357621
-0.839852,14,159.719762
-0.902189,12,160.035129
0.27048,15,160.417366
-1.427964,12,160.717661
-1.028995,12,161.032827
-1.09266,12,161.341192
-1.103504,12,161.648501
-0.564488,14,162.013727
-1.086006,12,162.31998
-1.43236,11,162.595215
-0.396583,12,162.900366
0.089987,14,163.273179
-1.47162,12,163.585956
-0.653456,12,163.900771
-0.985981,12,164.21539
-1.41509,11,164.491826
-1.084402,12,164.798689
-0.943072,12,165.105693
0.007798,15,165.479686
-0.284311,13,165.808987
-0.919292,12,166.114913
-0.859225,12,166.430399
-0.970421,12,166.753421
0.456474,14,167.128128
-1.560385,12,167.459193
-0.759599,12,167.77429
0.4993,14,168.141635
-1.236073,12,168.456974
-0.255031,13,168.793724
-0.84598,13,169.146181
-0.529352,13,169.49228
-1.08071,12,169.807368
-0.951433,12,170.122314
-0.676169,13,170.467675
0.727876,15,170.849859
0.007502,15,171.239474
0.206223,15,171.636816
-1.389864,12,171.951864
-0.999311,12,172.267108
-0.863409,12,172.578439
-1.09342,12,172.890019
-1.740653,11,173.172372
-0.315946,15,173.552887
-0.602095,13,173.892402
-2.186867,10,174.15683
-2.121612,11,174.451218
-0.514782,13,174.801238
-1.807934,11,175.112717
-1.574673,11,175.406997
-1.453396,11,175.701583
0.209354,15,176.106292
-1.225692,11,176.401821
-0.521571,12,176.743102
0.398324,15,177.167451
-0.331578,13,177.545546
-1.511541,11,177.857469
0.012039,13,178.176957
-0.890122,12,178.490571
-1.296401,11,178.765783
-0.2477,15,179.14611
-0.868843,13,183.942628
-0.745649,14,184.33003
-0.317557,15,184.756117
-0.613339,13,185.123286
-0.576396,14,185.540073
-2.003343,11,185.841707
0.081123,14,186.201538
-2.367123,10,186.464087
-1.333205,13,186.800868
-2.233399,11,187.091818
-2.00619,11,187.384157
-0.265646,14,187.767793
-0.82151,13,188.120201
-1.314033,12,188.435567
0.625877,16,188.848366
-0.609591,13,189.176737
-0.252657,14,189.544123
0.891958,17,190.002413
0.156022,14,190.367494
-1.39931,12,190.691319
-0.330184,12,191.007163
-1.758437,11,191.293321
-1.043342,14,191.646026
-1.679986,13,191.97581
-1.910055,11,192.262208
-0.426282,14,192.638553
-0.002931,16,193.053884
-0.432473,15,193.452419
-0.13931,15,193.858394
0.660219,17,194.301773
-0.594017,13,194.646864
-0.223733,14,195.016463
-2.388844,11,195.295008
-0.637885,13,195.626633
-0.639248,12,195.975363
0.082915,13,196.327063
-1.521095,11,196.612479
-1.586472,12,196.919678
-1.159536,12,197.237211
0.215799,17,197.671957
-1.516434,13,198.017138
-2.260636,10,198.280759
-2.035814,11,198.565612
-1.657678,11,198.842991
-1.401014,13,199.179871
-0.681323,14,199.532588
-1.542195,11,199.817088
0.639022,15,200.213486
-0.990087,11,200.50621
-0.437069,15,200.91109
0.338405,15,201.301786
-0.650704,13,201.646863
-1.061247,11,201.923301
0.021909,14,202.29024
0.288318,15,202.687708
-1.596806,12,202.98772
0.182303,16,203.408206
-0.117665,14,203.768633
-1.369767,11,204.052538
-0.273661,13,204.381484
0.263477,15,204.764056
-1.733765,12,205.079465
-2.11612,10,205.334193
-0.067339,14,205.702363
-1.166211,12,206.010567
-1.750182,11,206.326801
-0.505087,15,206.745173
-1.528172,12,207.053044
-2.0477,11,207.339254
-0.689397,12,207.656144
-1.211052,13,208.003402
-0.998969,13,208.349163
-0.985044,14,208.710357
-1.068455,12,209.026231
-0.209917,13,209.358732
-2.098296,11,209.653291
0.153694,15,210.060497
-0.184592,14,210.41302
0.167808,14,210.774531
-0.790797,13,211.112541
-0.434364,13,211.459321
-0.376821,14,211.828068
-0.004878,16,212.249989
-0.917803,12,212.557398
-1.248129,13,212.888538
-0.041516,16,213.301161
-0.798471,13,213.625631
-0.216148,14,213.981827
-1.01268,12,214.303428
0.073448,15,214.714299
-0.173864,14,215.086356
-0.1782,15,215.498831
-0.667743,12,215.82444
-0.49485,14,216.212782
-0.202699,13,216.56084
-1.097878,12,216.88506
-0.471915,14,217.264008
0.652408,16,217.698966
-1.071757,13,218.080634
-1.841845,11,218.395452
-0.908705,12,218.744628
-1.872857,12,219.075617
-1.322558,14,219.470519
-1.407998,12,219.814377
-0.602966,13,220.177288
-0.056359,15,220.557692
-2.315178,9,220.815109
0.326468,16,221.235315
-2.335719,11,221.530202
-0.838531,12,221.844841
-0.064429,13,222.198917
0.00933,14,222.559329
-1.876636,11,222.851806
-1.049093,11,223.144404
-0.347875,14,223.512975
-0.226459,14,223.880824
-1.843866,10,224.143973
-0.575029,15,224.517962
-1.522455,12,224.833281
0.520056,16,225.261361
-0.69359,14,225.62969
0.468137,17,226.073561
-0.330657,13,226.410724
-0.934483,12,226.726423
-1.043124,14,227.103187
-1.511465,11,227.380162
-0.828685,11,227.649022
0.588402,13,227.97913
0.069609,15,228.361032
-1.003688,13,228.690222
-0.798348,13,229.036066
-1.079209,14,229.404677
-1.044182,13,229.742957
-2.26268,10,229.990154
-1.517678,12,230.314198
-0.984016,12,230.64519
0.308349,16,231.058295
-1.170069,12,231.365542
0.246414,14,231.716506
0.228083,16,232.136218
-1.453608,11,232.428956
-2.092746,11,232.721439
-0.470423,14,233.08195
0.822409,16,233.500532
-2.045416,11,233.784366
-0.564749,14,234.143306
-0.321894,13,234.471709
-0.591382,13,234.800113
-1.579304,11,235.092672
0.278013,15,235.474838
-0.222873,14,235.842614
-0.495472,15,236.226027
0.40572,14,236.595155
-1.366521,12,236.910374
0.897922,16,237.316107
0.259913,14,237.691735
-0.856636,14,242.405258
-1.020958,13,242.75117
-0.742863,15,243.133192
-2.231811,11,243.417863
-2.124248,11,243.711655
-0.500179,13,244.066279
-1.977449,11,244.355215
-0.436399,14,244.716813
-0.669304,14,245.081792
0.116958,15,245.477805
0.25752,17,245.915677
-0.511488,14,246.285372
0.138649,14,246.65536
-0.097082,15,247.040944
-0.273866,15,247.44282
-1.221659,12,247.765432
0.122922,15,248.142536
-0.338854,15,248.522195
-0.756766,13,248.869234
-1.220264,12,249.177762
0.471581,16,249.6009
-1.596608,11,249.878394
-0.304151,14,250.238575
0.440291,17,250.675723
-0.823849,14,251.0532
-1.256855,13,251.37665
-0.879744,13,251.699602
-1.390545,13,252.028967
0.449001,16,252.450011
-1.699487,13,252.788704
-0.432067,15,253.178468
-1.492001,11,253.464347
-0.223424,16,253.892228
-1.177702,13,254.224648
-1.668119,12,254.546743
-1.373202,13,254.88051
-1.475947,11,255.188027
-2.443454,11,255.479992
0.072987,16,255.912605
-1.421079,13,256.268074
0.110731,13,256.615417
-1.069029,12,256.933208
0.320679,16,257.342345
0.884703,18,257.841356
-2.112581,11,258.128568
-1.737202,11,258.43078
-1.232741,14,258.80638
-0.340876,13,259.17181
-0.356812,17,259.640207
-0.931724,14,260.032325
-0.653416,13,260.385047
-1.590539,13,260.728551
0.062308,15,261.134397
-0.460131,14,261.50104
-0.464653,14,261.877462
-0.578952,15,262.275037
0.254645,15,262.682041
-0.262392,14,263.067229
-1.496958,12,263.388994
0.295387,17,263.826885
-1.217147,12,264.164321
0.408921,16,264.585616
-0.46505,15,264.984736
0.280011,17,265.422013
-1.41039,12,265.744047
0.264236,15,266.134441
-0.414834,12,266.448033
-0.019305,17,266.905591
-1.355108,12,267.219513
-1.385584,13,267.562461
-1.734205,12,267.908604
-0.192127,14,268.301376
0.721909,17,268.765419
0.172533,15,269.161128
-1.848791,12,269.487152
-0.885908,15,269.886717
-1.615246,13,270.230681
-1.845469,12,270.574905
-0.238915,15,270.989084
0.113668,15,271.387907
-1.71445,12,271.725645
-1.436245,12,272.03899
-0.689509,13,272.383291
0.353674,15,272.789721
-1.301322,12,273.117517
-0.465514,17,273.580194
-1.939625,11,273.868232
-1.25704,13,274.219759
-0.87321,13,274.571639
-0.693119,13,274.932418
-0.396449,14,275.306513
-0.954049,14,275.682146
-2.251852,12,276.011012
-0.974483,14,276.385357
-0.436978,14,276.759791
-1.632085,12,277.088849
0.438817,17,277.551625
0.128048,15,277.968594
-0.684406,13,278.328801
-0.879863,13,278.681635
-1.085094,14,279.049586
-1.124344,13,279.40136
-0.057854,15,279.799166
0.079969,17,280.261081
-1.982341,11,280.567328
0.056449,16,280.989672
-0.608638,15,281.398297
-1.023469,14,281.790428
1.127612,19,282.316496
-2.086953,11,282.613541
-0.859864,14,282.997625
-0.198839,15,283.393243
-0.797927,13,283.746885
-0.835594,14,284.123982
-0.16598,14,284.509063
-0.984842,13,284.870128
-0.002465,14,285.254861
-1.203481,14,285.624451
0.761016,17,286.096779
-0.056531,15,286.497202
-0.714226,13,286.868145
-0.449911,15,287.259071
-1.373145,12,287.580693
-0.852615,13,287.933376
-1.781379,12,288.246566
-1.253304,13,288.589746
-0.866166,14,288.983193
-1.032053,12,289.303673
-1.538656,13,289.646539
-0.888573,15,290.050879
-1.104577,14,290.439446
0.627832,15,290.852209
-1.099893,12,291.189255
0.017896,16,291.624704
-1.344484,14,292.003717
-0.128391,13,292.359141
-0.374083,14,292.74827
-0.134254,14,293.128366
-1.294144,13,293.485407
-1.071064,12,293.802917
-1.344905,13,294.14298
0.169412,16,294.559907
-0.612842,13,294.891532
-1.509967,12,295.207718
-0.73074,13,295.557518
-0.829011,14,295.926886
-1.986002,11,296.246773
-0.730955,12,296.603192
-2.421018,11,296.915628
-0.727319,15,301.744045
0.079088,16,302.195354
-0.78154,13,302.560294
-1.861741,12,302.890038
0.255041,17,303.345034
-0.941916,13,303.691296
-2.045869,11,303.987327
1.138647,20,304.508977
-0.19754,14,304.893185
1.211329,20,305.435648
-1.527449,13,305.780112
-0.36731,16,306.209482
-0.441449,14,306.575336
-0.912166,13,306.918943
-0.359904,15,307.328238
0.18771,16,307.76197
-0.75399,15,308.190246
-1.314956,14,308.563469
-1.382847,14,308.950259
-1.281833,14,309.341509
0.221981,16,309.76124
-0.700181,15,310.186695
0.214558,17,310.66751
-1.058793,14,311.050739
-1.643373,13,311.414793
0.726915,17,311.88437
-0.330719,14,312.266268
-0.518514,15,312.679235
0.258944,15,313.082807
-0.257608,15,313.50125
-0.438564,15,313.901879
-0.271133,15,314.331591
0.194636,16,314.781648
-1.614324,12,315.108323
-0.805513,13,315.478899
0.177448,15,315.891286
-0.741222,15,316.315946
-1.74556,13,316.690534
-0.727102,14,317.060306
-0.093029,16,317.483878
0.118836,14,317.867278
-0.883111,12,318.184191
0.242191,15,318.612229
-0.90432,14,319.010115
-1.044686,13,319.371544
-0.330651,16,319.810643
-1.454256,13,320.170963
0.217943,16,320.601731
-1.425212,13,320.945368
-0.040764,15,321.375158
-0.841998,14,321.769753
0.785838,16,322.232952
-0.169828,16,322.672813
0.202656,17,323.142027
0.283934,17,323.611684
0.08649,16,324.057729
-0.349056,14,324.458745
0.421668,19,324.988956
-0.270771,15,325.419337
-0.415092,15,325.847984
-0.415003,15,326.294838
-1.231214,14,326.68966
-1.108264,14,327.080295
-2.135017,12,327.423529
-1.672778,13,327.783642
0.465537,16,328.233598
-0.198884,14,328.641551
-1.454081,14,329.047404
-1.612357,12,329.377019
0.446502,17,329.863078
-1.78459,11,330.182261
-1.585758,12,330.515591
-0.525698,16,330.972361
-1.35603,13,331.337847
0.095513,18,331.844802
-1.802962,13,332.219485
0.013601,16,332.686068
-0.403841,15,333.114677
-0.793608,15,333.546064
-0.921473,13,333.917495
0.081993,15,334.341875
-0.247954,14,334.746219
-1.187706,14,335.149427
-0.702756,13,335.502961
-0.485546,15,335.923972
-0.742408,14,336.314054
-0.963577,12,336.649989
-0.740635,14,337.044261
-1.105754,13,337.417211
-1.01964,13,337.788046
-0.170846,14,338.148365
-0.700036,16,338.551039
-0.534913,14,338.90956
-0.270409,15,339.297741
-1.266097,13,339.625928
-0.937797,14,339.976528
-1.191194,13,340.304704
-0.70796,15,340.693073
-0.661344,13,341.029655
-0.181449,15,341.411169
0.528255,17,341.860664
-0.378706,14,342.219014
-0.04577,16,342.637454
0.314685,19,343.124207
-1.353294,12,343.4396
1.008326,17,343.872039
-0.208636,16,344.275139
-1.009637,13,344.605024
-2.624401,10,344.867084
0.273468,15,345.248857
-0.326471,17,345.67702
-0.629707,15,346.066829
-0.834544,13,346.405361
-0.187669,16,346.808625
0.301529,17,347.267125
-0.617113,14,347.619105
-1.105187,13,347.956631
-1.18416,14,348.317775
-1.481601,13,348.646699
-1.061922,14,349.006891
0.962675,17,349.449658
0.085459,17,349.885254
-1.518778,12,350.191527
-0.441864,15,350.580236
-0.682622,13,350.916833
-2.083766,11,351.201604
-0.232962,15,351.582194
0.109167,15,351.961605
-0.146384,16,352.372309
-1.514014,12,352.685883
-0.156279,16,353.08875
0.896501,17,353.520316
-0.383704,14,353.869967
0.913083,19,354.355701
-1.459039,12,354.66992
-0.201197,16,355.080286
0.951995,18,355.552542
-1.746159,12,355.860247
-0.765279,14,356.220563
-0.817456,14,356.588445
-1.089955,13,361.387937
0.290909,17,361.861499
-2.091824,11,362.15766
-1.686633,13,362.518632
-0.609735,16,362.953718
-0.581742,14,363.363522
-1.338334,12,363.710813
-0.388698,16,364.157753
-0.417295,16,364.60509
-0.38437,16,365.059612
0.156977,17,365.533552
-2.005124,13,365.866927
-0.43229,16,366.293763
0.154871,18,366.767722
-1.617472,14,367.140675
-0.307284,18,367.621899
-0.791043,14,367.994534
-0.234619,16,368.413684
0.000853,16,368.824892
-1.006761,15,369.219906
-1.472029,13,369.569504
-0.081573,18,370.044002
0.235387,16,370.454768
0.354988,18,370.927884
-0.466568,16,371.35536
0.458165,17,371.804989
-0.363879,15,372.199423
-1.271514,13,372.5318
0.426305,17,372.972661
-0.148129,17,373.423942
0.278889,17,373.877674
-0.143877,18,374.363203
-0.559309,16,374.826735
-0.963023,15,375.250988
-0.934778,13,375.623475
-1.883896,13,375.985451
-0.299329,17,376.459551
0.399489,18,376.958526
-1.967226,13,377.3271
-1.503521,13,377.691875
-0.910118,14,378.072323
0.500097,16,378.528053
-0.461262,15,378.952174
-0.606285,15,379.364381
-2.113115,12,379.663182
-0.448582,16,380.057882
-0.134751,16,380.468383
-0.578624,15,380.856455
-0.602276,15,381.244994
-0.405317,14,381.596108
0.55281,17,382.028499
-0.301388,13,382.364491
-1.931808,12,382.686647
-0.033824,15,383.067946
0.652242,19,383.554671
-0.3108,16,383.972951
-2.157251,12,384.294596
-1.654614,13,384.622432
-0.852319,15,385.01131
-0.118766,18,385.45905
-0.91594,14,385.817766
-1.442252,13,386.165201
-0.04617,18,386.614903
-0.19644,17,387.063859
-0.801,15,387.452483
0.054492,15,387.834424
-2.838693,10,388.081503
-1.956772,14,388.44873
-0.13115,16,388.853686
-0.411996,17,389.281203
0.004374,18,389.737184
-1.01652,14,390.087722
-0.620077,15,390.463447
-1.123903,14,390.807314
-1.487796,12,391.129892
-0.563214,15,391.512161
-0.828149,17,391.961158
0.949678,20,392.46156
-1.359511,14,392.813442
-0.257978,15,393.201585
-0.143599,16,393.604073
0.437901,18,394.067663
-0.809787,14,394.437215
-0.869661,15,394.854413
-0.081115,17,395.330552
-1.159069,13,395.664474
-2.091962,11,395.940155
0.218289,17,396.364317
-0.064267,17,396.79508
-0.732993,15,397.186649
-2.625641,10,397.47159
0.598573,19,398.011829
0.639392,20,398.577054
0.093513,17,399.058133
-0.405062,14,399.441869
0.779436,17,399.923077
-0.332031,15,400.338742
-1.089803,15,400.746738
-0.763589,16,401.193631
-2.312092,11,401.488349
-0.77767,16,401.915386
-0.388544,15,402.2892
0.985064,21,402.828512
1.289362,24,403.45683
1.106166,20,403.964825
-0.743214,14,404.332068
-0.895512,13,404.676598
-0.634681,15,405.049587
0.259559,17,405.491091
-0.369345,14,405.841567
-1.166844,15,406.231067
-0.946482,14,406.598531
-0.360571,17,407.024318
-0.426769,18,407.473817
-0.022979,17,407.907693
0.567142,17,408.340925
-0.148084,16,408.735957
-1.090481,14,409.071624
-0.904641,14,409.422952
0.589526,19,409.893442
-0.151173,15,410.266052
-1.971961,12,410.581298
-0.43687,16,410.9841
-2.104314,12,411.282406
-0.297671,16,411.685003
-1.738912,13,412.020871
-1.613224,12,412.355322
0.049619,17,412.799754
-1.056581,14,413.166345
-2.295516,11,413.449845
-1.827136,13,413.778708
-1.361028,14,414.138009
-0.839046,15,414.535095
-0.596146,15,414.915099
0.243878,17,419.737846
-0.608974,16,420.199417
-0.091875,17,420.69084
0.885247,22,421.30046
-1.567001,13,421.671719
1.266549,23,422.305898
-0.615358,14,422.690949
-0.649285,15,423.110114
0.909544,22,423.727338
-0.743388,15,424.140662
0.048093,19,424.665469
-0.718353,17,425.151932
-0.493462,15,425.571245
-0.925493,13,425.916312
-0.583403,18,426.399249
-0.699517,16,426.804042
-0.741289,16,427.214976
-0.83941,16,427.655971
-1.557304,15,428.0743
0.041987,17,428.555448
-1.662917,14,428.920362
0.264143,18,429.370482
-0.182742,18,429.828548
0.162104,19,430.339004
-0.444598,16,430.751287
-0.635065,14,431.125526
-0.250454,17,431.57586
-1.162538,15,431.972013
-0.839069,14,432.345026
-1.339848,13,432.687708
-1.77114,13,433.038517
-1.034953,16,433.450329
-0.378937,16,433.878307
-1.105345,14,434.252489
-0.59754,14,434.626441
0.16429,17,435.077883
-1.082575,15,435.463778
-1.265796,14,435.822749
-1.425176,14,436.199076
-0.329729,15,436.599246
-1.126443,14,436.976005
-0.426951,16,437.389087
-0.640172,17,437.846398
-1.550113,14,438.197283
-0.703271,17,438.623905
-1.313699,16,439.012636
-0.854453,16,439.406505
-0.318463,18,439.854214
0.772517,19,440.334411
-0.990059,15,440.72363
0.236845,19,441.21013
-0.098257,17,441.651088
-0.281103,16,442.061366
-0.210494,15,442.440905
-0.73107,15,442.806741
-0.377229,18,443.24632
-0.589688,16,443.649738
-1.430204,14,444.008458
-0.425605,18,444.480971
0.251979,17,444.914393
-0.837081,15,445.296793
0.009697,17,445.738731
-0.09965,16,446.135572
-1.568512,14,446.489781
-1.603246,13,446.811993
-0.934557,15,447.193762
-0.098421,17,447.619729
-0.504749,16,448.039451
0.71676,18,448.49052
-0.162007,17,448.91816
-0.041604,18,449.374729
-55.557919,176,453.81303
0.300932,17,454.255277
-0.462659,18,454.719585
0.060542,17,455.164828
0.770484,20,455.697041
-1.478872,14,456.089994
-1.48108,13,456.453038
-0.486008,18,456.918997
-1.272082,14,457.285952
1.262462,23,457.869364
-0.734383,15,458.249858
-1.068298,15,458.622639
-0.846961,15,458.997473
0.033803,17,459.414979
-1.164346,14,459.748137
0.077429,19,460.233323
-1.199941,15,460.614524
0.417237,21,461.136956
-0.483711,16,461.540736
-0.581578,16,461.944094
-0.599999,16,462.339419
-0.226041,17,462.763781
-1.349973,13,463.115367
-0.868279,15,463.497069
-1.422998,14,463.855788
-1.728864,13,464.176643
-1.442278,14,464.52003
-0.783447,15,464.902065
-0.566401,16,465.322564
-0.922955,15,465.720228
-0.494486,18,466.175816
0.072771,16,466.57181
-1.06182,15,466.945488
-0.242781,16,467.357744
0.381679,21,467.896621
-2.096976,13,468.232875
-0.751648,15,468.614854
-1.760672,14,468.973524
-1.26391,16,469.386172
-0.938009,14,469.73877
-0.396374,17,470.181772
-0.04006,18,470.63886
-1.075329,15,471.020904
0.780582,21,471.56877
0.857531,21,472.076069
-0.32542,17,472.487508
-0.711234,16,477.287957
-1.403784,14,477.677141
0.007889,17,478.149302
0.060444,19,478.673216
1.756262,28,479.434404
-1.832251,13,479.783837
-0.531205,16,480.172248
-0.518651,17,480.600309
0.193111,16,481.013837
-1.230451,13,481.344393
-0.505597,16,481.749547
-0.265655,17,482.191499
-0.605068,16,482.598041
-0.699161,18,483.055078
0.155389,19,483.527581
-0.477554,17,483.954366
-0.049283,18,484.40184
-0.495726,18,484.843006
0.306334,20,485.334031
0.425099,16,485.752136
-0.625691,17,486.178843
-0.580612,16,486.592812
0.118668,18,487.041922
-0.099603,17,487.467863
-0.092855,17,487.893313
0.388712,21,488.418208
-0.434457,17,488.852022
-0.327165,17,489.292707
-2.019295,13,489.613047
-1.293414,15,490.002669
1.912741,27,490.682102
0.322215,17,491.122819
-0.171828,18,491.57823
-0.879289,15,491.960373
0.936803,22,492.494955
-0.581788,16,492.900196
-0.068818,16,493.309896
-1.044251,15,493.704366
0.32262,20,494.217973
0.009088,18,494.69973
0.170537,19,495.17938
-0.732511,17,495.612216
0.548046,20,496.125047
1.107731,22,496.70869
0.841441,21,497.244032
1.228245,23,497.848979
-1.319546,14,498.205498
0.68952,22,498.789102
-0.212438,17,499.229378
-0.619572,17,499.664082
1.280453,22,500.242747
-0.418209,15,500.658216
-1.050408,14,501.061564
-0.14744,17,501.543625
-0.808712,15,501.959952
1.47707,24,502.612321
-1.049736,15,503.043816
-1.810784,13,503.407304
-0.036871,17,503.870995
-0.180374,18,504.357501
0.562115,21,504.933094
-2.130473,13,505.296451
1.186038,21,505.871836
1.095809,20,506.423522
-1.022714,15,506.831323
-1.52097,14,507.214906
0.120779,20,507.76106
-0.731479,16,508.186075
-0.070637,16,508.581065
0.609154,19,509.044823
-0.510683,16,509.44128
0.043016,19,509.921233
-1.532754,14,510.2744
1.49238,22,510.813633
-1.532526,14,511.16444
0.301082,19,511.649271
-0.616457,16,512.068861
0.081036,15,512.444039
0.92553,22,512.989495
-0.841666,16,513.384875
-1.1677,15,513.765688
-0.461049,17,514.191051
1.158762,22,514.735787
0.373181,23,515.319896
-0.456748,17,515.754278
-1.004984,14,516.113553
-0.786181,16,516.518691
-0.315433,18,516.96689
-1.782296,14,517.326286
-0.454724,16,517.73045
0.361976,18,518.17877
0.004913,18,518.620159
-0.026291,17,519.039484
-1.91078,13,519.376773
0.509517,18,519.825526
-0.222653,17,520.23827
-1.390132,13,520.559428
-0.89857,16,520.9479
0.490638,20,521.433199
-1.040312,14,521.793308
-0.747157,15,522.158317
-1.120029,14,522.510871
-0.441399,17,522.947389
-0.47691,17,523.374168
-0.877818,15,523.755292
-0.720225,16,524.145401
-0.59458,15,524.528022
-0.743139,15,524.911661
-0.97345,16,525.316343
-0.045898,17,525.726541
-0.289232,17,526.144749
-0.14177,16,526.564833
-0.119507,18,527.03092
-1.60874,14,527.39169
0.185938,18,527.84124
-0.457014,18,528.290955
-0.33586,17,528.726974
0.03463,18,529.177361
-0.061004,16,529.573977
0.045598,18,534.400249
-1.775394,13,534.730082
-1.239017,15,535.103636
0.281898,21,535.632848
1.112064,20,536.11786
0.548804,17,536.545705
0.430537,20,537.040102
0.864985,20,537.525393
0.750944,18,537.964926
-0.091349,17,538.382578
-1.022136,15,538.7483
-1.544507,14,539.091221
0.038839,18,539.530537
0.811783,22,540.091105
-0.456408,16,540.487236
-0.764817,14,540.838531
-0.417664,17,541.273783
1.543813,28,541.992994
-1.818797,14,542.339819
-0.594398,17,542.797335
-0.33341,18,543.294015
0.159454,18,543.782016
0.036854,20,544.274145
-0.292343,18,544.731035
0.118813,17,545.14921
1.021185,20,545.65059
0.142492,19,546.127804
0.923628,21,546.652489
-0.991064,16,547.056573
-0.196855,17,547.469836
-1.549353,14,547.852518
-2.140574,13,548.205572
0.970727,21,548.785134
-0.427896,16,549.171282
0.817637,20,549.663894
0.346524,20,550.140641
0.308254,22,550.664553
-50.750138,176,554.98131
-0.643309,16,555.406461
-0.280709,17,555.836203
-0.152579,17,556.271594
-0.336885,15,556.660102
-0.600029,16,557.070282
-0.501313,19,557.576207
-1.087718,15,557.964767
-0.261607,17,558.407671
-2.043683,13,558.741959
-1.019166,16,559.168396
-0.519447,15,559.547637
0.054181,19,560.053695
0.215651,18,560.529285
0.535559,20,561.057482
-54.548614,176,565.700333
-0.459582,17,566.169312
1.671597,24,566.833331
0.06788,20,567.402779
0.093132,21,567.967026
-1.323313,14,568.317895
-0.035348,18,568.765771
-2.326732,12,569.081248
1.44093,21,569.587586
-0.321118,18,570.028075
-0.933756,15,570.393817
0.29979,21,570.892008
-0.656858,15,571.239382
-0.988996,17,571.631842
0.496643,21,572.122765
-2.072812,13,572.443274
-0.484507,15,572.808415
0.664732,19,573.276071
-0.186742,18,573.715267
-0.925868,16,574.108729
-0.547142,16,574.513241
-0.094228,20,575.005357
-1.31768,14,575.365491
-0.073784,19,575.845545
0.289781,22,576.40698
-0.993334,14,576.774469
-0.713918,16,577.170766
-1.857409,13,577.48376
-0.296301,18,577.932151
0.435194,19,578.41933
0.0309,19,578.890278
-0.152513,16,579.28824
-0.015691,20,579.789686
-0.931676,15,580.164429
-0.348541,15,580.554995
-0.95855,16,580.959901
0.080801,17,581.386511
0.169556,17,581.826989
-0.68517,16,582.231222
-0.319454,16,582.62558
0.256556,21,583.161147
-0.204646,17,583.602156
-47.403032,176,592.356831
1.655479,26,593.008709
-0.813758,16,593.413771
0.399154,20,593.90882
-0.878442,16,594.314695
1.674346,27,594.989427
1.095013,24,595.581436
-0.173786,18,596.031253
-1.249103,13,596.354242
0.265299,19,596.819431
-0.744279,15,597.201807
0.682039,20,597.694593
-0.822402,16,598.090474
-0.23233,17,598.517234
-0.250913,17,598.927738
-0.814723,15,599.313021
-46.106673,176,603.666934
0.013584,18,604.116202
-0.823998,16,604.519494
-0.053817,17,604.95393
0.152395,19,605.431378
-1.675186,13,605.75288
0.734241,21,606.280997
-0.808402,16,606.687217
-0.560341,16,607.082867
-0.608889,16,607.478847
-0.377341,18,607.917945
0.703473,24,608.516607
0.535687,20,609.025721
-0.264129,18,609.47485
-0.538525,17,609.902306
-0.658531,15,610.269235
0.501997,21,610.792123
-0.749937,16,611.179846
-0.599559,17,611.597821
0.414631,22,612.143907
0.816641,23,612.709717
-0.006783,19,613.178978
-0.506529,18,613.627
-0.780597,17,614.060765
0.814248,22,614.602663
-1.692377,14,614.969572
-0.148737,18,615.418349
1.574969,25,616.047565
0.141995,18,616.498073
-1.157613,16,616.902771
1.203848,23,617.484933
-0.79456,15,617.875182
-0.821581,16,618.275919
1.522289,23,618.856952
-1.781331,14,619.21272
-1.271,15,619.583715
-1.361206,15,619.97138
-0.626625,18,620.434224
-54.538387,176,624.899289
-0.537281,16,625.313227
-0.277218,17,625.764671
-1.082922,14,626.153843
-0.245703,17,626.623732
-1.288855,14,626.976412
-0.671544,17,627.4209
-0.567575,17,627.873094
-0.159154,17,628.323825
-0.278918,17,628.778951
-0.203959,18,629.263528
-0.135974,18,629.740993
-0.068586,18,630.18575
-1.505114,13,630.498344
0.050883,19,630.950747
-1.840567,13,631.270812
-0.701172,16,631.669354
-0.703584,17,632.089621
-1.940619,13,632.410768
0.423426,19,632.873067
-1.669231,14,633.231786
-0.429196,14,633.560393
-0.300735,18,634.015945
-0.014559,17,634.448458
-0.192371,18,634.904219
-0.537349,15,635.285688
-1.334038,14,635.631746
0.981659,19,636.119086
-0.523199,15,636.528362
-0.248974,19,637.021858
-0.061241,17,637.482047
1.206518,23,638.121752
-0.192123,17,638.585532
0.274749,21,639.165713
1.386808,24,639.813495
0.271589,19,640.317018
-0.141449,17,640.793192
-0.951929,16,641.23104
-0.195622,17,641.697453
-0.239003,18,642.184734
-0.726823,17,647.038718
0.062253,18,647.533709
0.013656,17,648.002032
-0.346568,17,648.47875
-1.058066,16,648.932573
-1.189155,15,649.353873
-0.033261,18,649.831918
-1.291377,14,650.200683
-0.190255,19,650.69358
-0.833722,16,651.121616
-1.312417,14,651.472049
1.043895,24,652.076819
0.290376,19,652.543125
-0.590211,17,652.96219
0.376797,19,653.465273
-0.659317,17,653.909304
0.41414,19,654.382387
1.33315,25,655.012339
-0.691814,17,655.423687
0.156205,18,655.872904
0.413059,21,656.406917
-41.592332,176,660.711563
-0.574224,17,661.122499
-1.713775,14,661.467576
-0.119989,19,661.937981
-0.473275,17,662.340562
-1.261998,15,662.69939
1.650246,26,663.319257
-0.109802,18,663.761061
-1.584902,15,664.12807
0.328002,20,664.622447
-0.04471,17,665.041135
-0.024583,19,665.520072
-0.232463,17,665.938634
-0.129643,18,666.370858
1.088109,24,666.979355
-0.475635,17,667.403003
-0.248896,17,667.821489
-47.661007,176,672.022479
-1.567135,14,672.366853
0.677613,23,672.919104
0.235485,20,673.402235
0.092115,20,673.886024
-1.378639,14,674.230691
-1.476901,15,674.594998
0.413744,20,675.080191
0.370193,19,675.549694
-0.41957,18,676.007087
-0.76096,17,676.426371
-1.502305,14,676.768698
-1.477516,14,677.110952
-0.652632,17,677.522238
-1.40795,15,677.88128
-1.196176,14,678.225533
-0.544799,17,678.628977
-0.902992,17,679.047405
-0.435871,18,679.479718
-0.688467,17,679.888872
-0.954514,15,680.261736
-0.539239,17,680.66315
-1.861398,14,680.989388
-0.970061,16,681.372764
-0.602888,17,681.792655
-0.590913,17,682.197611
0.955065,22,682.720863
-1.523125,15,683.073817
-49.281792,176,687.259239
-0.057542,19,687.718047
1.038289,23,688.286839
0.498751,21,688.788276
-0.835511,17,689.196612
-0.71289,17,689.59849
0.25246,22,690.121225
-1.717114,14,690.464812
0.692845,23,691.015273
-0.54781,17,691.416854
-0.262861,18,691.895684
0.639133,21,692.459123
-1.54275,14,692.794638
-0.704942,17,693.211422
-0.318788,19,693.667348
-0.050835,20,694.162418
-0.557732,18,694.611683
-0.352357,19,695.076731
-0.092801,20,695.572335
-1.318174,15,695.931709
-1.236289,15,696.305347
-0.804954,17,696.724121
-0.175817,19,701.592683
-1.188759,15,702.002691
-1.652916,12,702.344733
-1.349345,15,702.725647
-0.909824,15,703.100313
-1.126029,16,703.486955
-0.902472,16,703.866054
-0.215181,18,704.305977
0.217601,19,704.79338
0.239727,19,705.248663
0.528941,21,705.76207
-0.632769,16,706.158066
-1.434547,15,706.515692
-0.477475,18,706.964896
-0.372975,19,707.418727
-44.023852,176,711.708289
0.587599,23,712.290818
-0.142238,20,712.783668
0.241378,20,713.267792
-0.592551,15,713.656485
0.773027,22,714.185342
0.61862,21,714.708959
0.15079,19,715.1883
-0.011565,19,715.658399
0.514388,21,716.175489
-1.033152,16,716.579702
1.311959,23,717.150673
-0.722962,16,717.538584
-2.033192,13,717.858947
0.432084,19,718.329301
-0.633301,18,718.793711
0.072589,20,719.303749
-0.574001,17,719.737448
-0.046848,18,720.186382
-41.178171,176,724.489101
-0.353405,18,724.93787
-46.764124,176,729.169101
-0.628678,17,729.601912
-1.236433,15,729.974581
0.340418,20,730.474874
-1.154695,16,730.872247
-0.217246,18,731.327625
0.575226,22,731.891826
-0.447803,16,732.288117
0.017548,19,732.759082
-0.438264,18,733.207426
-0.922611,17,733.650005
-1.464782,15,734.014632
-0.309453,18,734.463118
-0.101981,18,734.9028
-0.621498,17,735.328369
-0.335227,18,735.760335
-1.452116,15,736.126159
0.933821,24,736.730708
0.662369,21,737.254256
-0.04726,18,737.702049
-1.059532,15,738.058743
-0.62486,16,738.446406
0.699175,21,738.983253
-0.395644,18,739.438953
-0.302322,17,739.857069
-0.60335,17,740.28316
-43.326315,176,744.583413
-0.525016,17,745.009424
0.629593,21,745.528393
-51.977774,176,749.816567
-1.430963,14,750.165102
-0.16391,18,750.613067
-0.437017,17,751.053041
-40.308599,176,760.057894
-0.041854,18,760.540203
-1.057255,15,760.944377
-0.44621,18,761.390958
-1.202053,14,761.744147
-0.893043,15,762.127884
0.505445,22,762.691579
-0.143944,18,763.148072
1.384311,26,763.774813
-1.022269,14,764.159841
-0.134298,19,764.631952
-1.681149,13,764.978693
-1.389079,14,765.367452
-0.513886,18,765.846148
-0.046511,17,766.285563
0.065395,20,766.793349
1.889839,26,767.446243
1.659881,25,768.043247
0.03973,20,768.528294
0.621371,23,769.086968
-0.229744,18,769.521518
-0.39686,18,769.978703
-1.56031,14,770.314783
0.063848,21,770.83126
-0.409206,17,771.25723
-1.188128,14,771.609127
-1.357971,15,771.992218
0.295825,19,772.464465
-0.530754,18,772.912405
-0.786313,16,773.30786
0.130229,16,773.703889
-1.063239,16,774.100149
0.309597,20,774.57562
0.599934,21,775.105663
-1.646471,13,775.434637
-0.3285,17,775.853158
-0.86672,15,776.219895
-0.760356,17,776.65131
2.315314,31,777.478849
0.199033,18,777.974588
0.715948,21,778.510699
-0.36121,17,778.935411
-1.008972,14,779.287127
-0.118553,19,779.764452
0.345969,18,780.202046
-0.751276,16,780.596226
-0.254374,18,781.036885
-0.325903,17,781.439277
-1.039712,16,781.828021
1.175619,23,782.395538
-0.281889,17,782.812953
-0.442067,17,783.221697
1.359808,26,783.844604
0.229489,21,784.368383
-0.837474,16,784.771939
0.066159,17,785.198306
-0.208475,19,785.661587
0.233187,20,786.162229
-0.381785,17,786.587487
-0.25089,19,787.063702
0.921524,25,787.652067
-0.639823,17,788.064497
-0.528889,17,788.520314
-0.819449,17,788.968865
1.70962,27,789.611563
-0.488207,18,790.043061
-0.005773,19,790.504894
-0.38771,16,790.892457
-0.602497,16,791.293907
-0.256453,18,791.759138
-1.605956,14,792.112929
-1.874481,14,792.440278
-45.574076,176,796.857807
-0.031925,19,797.328671
0.298147,20,797.830224
-0.275359,16,798.225739
1.251177,24,798.823657
-1.280481,15,799.205059
0.629281,22,799.760631
-0.048218,20,800.256221
-2.058704,13,800.586147
-0.437989,18,801.044254
0.07776,20,801.577674
-0.902588,17,802.021077
-0.370175,18,802.471186
-1.792768,14,802.831876
-0.402355,16,803.236459
-0.645866,17,803.669408
-2.097968,13,803.991
-0.38606,17,804.417413
-0.666626,15,804.80654
-0.380659,18,805.250444
0.817291,20,805.748539
-0.017973,19,806.238788
0.431984,22,806.795813
0.590336,20,807.288601
-0.8516,16,807.687418
0.498601,20,812.589864
-0.084706,18,813.01949
0.115172,19,813.519281
-0.369228,18,814.007915
-0.467331,17,814.464364
0.216524,21,815.037021
-0.659381,17,815.478971
-1.639776,14,815.822934
-0.688457,17,816.257833
-0.335041,17,816.685005
-0.012508,17,817.103715
-0.550176,17,817.538198
0.25851,19,818.017349
-0.943181,15,818.384924
-1.194282,15,818.752543
-1.561567,14,819.105268
-1.299888,15,819.49578
0.38608,18,819.969569
0.199386,21,820.511045
-0.811077,17,820.941675
-0.094119,17,821.397637
-45.718679,176,825.834912
-0.576293,18,826.278027
-0.420816,18,826.728125
-0.270321,19,827.200004
-1.180232,15,827.566094
-46.776985,176,831.819598
-0.832753,15,832.194205
-1.540649,15,832.569056
0.465271,20,833.078843
-0.292539,15,833.443262
0.613261,21,833.960167
-0.489343,16,834.356869
-0.223296,19,834.818015
-1.096688,14,835.161225
-0.703806,16,835.556809
-1.086964,16,835.952079
-1.121203,16,836.340234
-0.242356,20,836.848586
0.157825,20,837.343018
0.828198,23,837.90229
0.465492,20,838.394519
0.979944,28,839.079237
-1.142962,15,839.461366
0.246984,20,839.971037
-1.793956,13,840.285419
-1.801491,13,840.625367
-1.626556,13,840.929399
0.41341,21,841.43567
0.069388,18,841.874531
-0.701848,17,842.293962
0.351635,20,842.786585
-45.234697,176,847.084205
-0.826058,16,847.480913
0.609262,19,847.961099
-0.405328,18,848.425919
-0.632552,16,848.830201
-0.836438,17,849.248717
-0.38066,17,849.675697
-0.617504,17,850.093347
-0.189326,17,850.510965
0.053542,19,850.984633
-0.028937,19,851.464002
-1.272049,15,851.854914
-0.737913,17,852.274384
-0.804665,15,852.649257
-0.579514,17,853.059992
-0.285555,18,853.510638
0.962128,24,854.117342
-1.004898,16,854.504353
-1.540912,14,854.855314
-0.334319,16,855.244058
-0.918434,16,855.64159
-0.104896,17,856.067454
0.415532,21,856.583539
-0.702124,16,856.995608
0.527317,22,857.534957
-0.888494,15,857.909382
-1.47304,14,858.261329
-0.353238,18,858.70323
-2.01014,12,859.003279
0.845127,21,859.50532
-0.785214,16,859.900491
-0.66593,18,860.340372
-0.973058,17,860.757635
-41.434575,176,869.631824
0.249253,16,870.053199
0.936534,24,870.666254
-1.580114,13,871.016199
0.076626,19,871.497991
0.051047,20,872.017237
-1.373623,15,872.403831
-0.623908,17,872.852642
-1.69798,14,873.217811
-0.437151,18,873.689494
0.315721,18,874.171081
0.001679,17,874.649386
-0.28242,16,875.105729
-0.329742,17,875.587384
-0.845978,16,876.025082
-1.1996,16,876.459663
0.159437,19,876.978817
-2.035169,13,877.300322
0.170588,20,877.801077
0.114842,18,878.255039
-0.434844,17,878.689156
-0.242774,17,879.107919
-0.054613,18,879.565212
-0.2495,17,879.975318
-1.067715,16,880.3726
-0.282636,18,880.815549
0.729115,22,881.379381
0.33265,20,881.856819
-0.630419,16,882.254496
0.446066,21,882.76082
-0.369604,17,883.186374
0.826299,20,883.663512
0.577858,19,884.132444
0.9449,22,884.67666
-1.044244,15,885.059165
0.171215,19,885.544112
-1.945559,13,885.865258
0.144612,18,886.313717
-40.757009,176,890.676873
-0.455658,16,891.085908
-0.165808,18,891.542942
-0.847292,16,891.939107
-1.895224,12,892.230623
-1.135241,14,892.581283
0.130808,17,893.000118
-1.33857,14,893.341557
0.127041,18,893.789081
0.731393,21,894.319443
-0.546808,18,894.783744
1.718677,24,895.359454
0.211585,18,895.808457
-1.674672,14,896.170639
-1.059639,15,896.553535
-1.010347,15,896.919243
-0.184296,19,897.384218
-0.589189,17,897.810484
-0.02469,17,898.228258
-0.198676,17,898.639423
0.294636,18,899.080631
-0.174994,17,899.505603
0.464087,19,899.961016
-0.070825,19,900.432761
-0.250912,18,900.881786
-0.128361,17,901.308226
-43.95751,176,905.632618
-0.248459,18,906.08919
0.305716,18,906.530352
-0.122051,18,906.976484
-1.269049,15,907.340768
-0.457314,16,907.729767
-0.330095,18,908.176541
1.361157,25,908.803449
-1.210743,15,909.169937
-0.49135,17,909.588595
0.005616,19,910.075064
-0.761878,17,910.500436
-0.856839,16,910.903842
-1.723369,15,911.286593
-1.082276,15,911.660563
0.027495,20,912.16266
-0.109957,17,912.581691
-0.828884,16,912.975878
0.454937,20,913.485114
-0.235128,18,913.957824
-0.471158,17,914.385581
0.539153,19,914.865486
-1.321895,15,915.240624
-1.117471,14,915.599564
-0.628415,15,915.981759
-1.335974,15,916.363365
0.582372,21,916.893906
0.760128,18,917.335354
0.322466,20,917.845385
0.695101,18,918.286054
0.21497,18,918.751811
-0.569335,17,919.179656
-0.747194,16,924.00713
-0.762847,15,924.407915
-0.267672,16,924.8329
-0.252224,17,925.273587
-0.560417,16,925.690864
-0.357323,19,926.207776
0.449955,18,926.688365
0.460289,22,927.235562
0.614894,20,927.732841
0.712865,20,928.237305
-0.912486,15,928.615217
-0.96028,15,928.991892
-0.447482,16,929.390699
-1.411307,14,929.746815
-0.573792,17,930.175502
-0.362592,18,930.627588
-1.780229,14,930.968328
-0.526007,17,931.39933
-0.543702,16,931.806635
-0.926311,15,932.192775
-1.777128,13,932.511922
-1.009477,16,932.903533
-0.511437,17,933.326141
-0.449878,17,933.757669
-0.906699,15,934.136249
0.48349,20,934.632411
0.472421,17,935.055188
-0.498155,17,935.465502
-0.290921,17,935.892201
-1.590342,13,936.206514
-0.454463,17,936.635689
-2.004978,14,936.987894
-0.470544,15,937.370114
-1.646873,13,937.698408
-0.936072,16,938.110111
1.112604,20,938.627891
-0.748782,16,939.049692
-0.475574,15,939.415871
-1.569708,14,939.76907
-0.769118,15,940.150879
-0.609157,17,940.594242
-0.490532,16,941.014938
0.823314,19,941.495981
-1.189948,15,941.871694
0.036821,19,942.335553
0.393394,20,942.837165
1.058228,21,943.386549
-1.839319,13,943.700647
-2.001802,13,944.02262
-0.653371,16,944.42002
-0.474299,15,944.795681
-0.616591,16,945.200689
-2.227777,12,945.515699
-0.951892,16,945.919509
-0.596432,16,946.315537
1.078521,20,946.810222
0.213914,20,947.312989
0.212254,18,947.77162
-0.700673,16,948.159446
-0.27675,18,948.599548
-1.964566,13,948.921445
-1.117932,15,949.304138
-0.30563,16,949.716422
-0.787526,14,950.069352
0.334669,17,950.505769
1.723925,24,951.104268
0.583276,20,951.598002
-0.068036,17,952.032219
-0.316886,17,952.467095
-0.935391,14,952.825371
-0.847946,15,953.208108
-1.500702,14,953.551975
-0.506526,16,953.964487
-0.668751,16,954.375891
1.02969,18,954.839624
1.049016,20,955.333575
-0.66907,17,955.776571
-1.172071,15,956.168293
-1.898639,13,956.507107
-0.874635,14,956.875453
-0.889324,16,957.290764
-0.496145,17,957.716823
0.145775,19,958.204913
-0.95453,16,958.617153
-0.894638,15,958.998867
-0.078618,18,959.447407
1.635385,26,960.098759
-0.193723,16,960.510566
0.212321,18,960.968918
1.225008,20,961.485458
0.433115,19,961.964678
-0.612467,16,962.36975
0.048026,18,962.83521
-0.642799,16,963.249286
-0.505608,16,963.669718
-0.319688,15,964.044746
0.365548,21,964.568458
0.517532,19,965.039966
0.263248,17,965.449565
-0.670702,16,965.854
0.308639,19,966.333633
-0.855181,15,966.699644
0.63005,19,967.186539
-0.099631,17,967.629961
-0.24059,17,968.057391
-0.656894,16,968.439207
-1.363732,13,968.769297
-0.985153,16,969.18986
-1.631798,15,969.571303
-0.867232,16,969.968931
-0.17664,18,970.434233
0.845952,21,970.96474
-0.615507,14,971.3001
0.208156,19,971.779676
-0.611844,15,972.154081
-0.635719,15,972.528568
1.83044,26,973.180925
0.22797,19,973.667032
-1.313739,14,974.027191
-0.506432,17,974.455349
-1.15241,14,974.792775
-0.370175,18,975.240953
-0.018092,18,980.085277
-0.264167,17,980.527541
-0.649996,15,980.893754
-1.651974,13,981.222688
1.125219,25,981.861776
-0.414255,16,982.265502
-0.20026,19,982.742415
-0.947762,16,983.130696
0.298776,19,983.593045
1.073193,21,984.107973
-0.107876,18,984.557485
0.487851,20,985.068329
-0.122334,18,985.517216
0.299448,19,986.004037
0.012509,20,986.51264
-0.990332,16,986.906151
-0.360436,16,987.330742
0.326581,19,987.814412
-0.411552,17,988.264485
-1.779719,13,988.605065
-0.672884,16,989.015456
0.232963,19,989.504619
-0.003116,18,989.970235
0.253664,19,990.460708
0.692652,21,991.011913
0.495772,20,991.523149
-0.935311,16,991.951318
-0.35779,16,992.369616
-0.010255,19,992.867316
-0.459443,17,993.319344
-2.077192,13,993.661744
-1.297542,15,994.058812
0.142617,18,994.541235
-0.319098,18,995.031444
-0.867721,15,995.458105
-0.301869,17,995.939098
1.277335,24,996.600782
-0.530993,17,997.04039
0.518697,19,997.519285
-0.33728,18,997.985693
-0.456073,16,998.383048
-1.310848,15,998.757307
0.234631,19,999.235637
-0.213401,17,999.679763
-0.349073,18,1000.146189
-0.393013,17,1000.58113
-0.920143,16,1000.994269
-0.855789,16,1001.381936
-1.620907,13,1001.692571
-0.759998,16,1002.088448
-0.907333,15,1002.465328
-0.889408,17,1002.89383
0.134842,18,1003.350811
0.059513,20,1003.851682
-45.568968,176,1008.26074
-0.359662,18,1008.718581
1.10489,23,1009.304318
-0.622019,15,1009.686981
-0.708539,15,1010.069611
0.412494,20,1010.579618
0.508239,21,1011.112479
-0.487786,16,1011.525181
-0.80055,17,1011.951741
0.570833,21,1012.491141
0.478368,21,1013.039149
-0.122147,18,1013.496487
-0.026436,18,1013.946658
-1.825509,13,1014.276114
-0.177199,17,1014.695651
0.595257,21,1015.219648
-0.419175,14,1015.587661
-1.904637,14,1015.939442
-0.3128,16,1016.346696
-0.185146,17,1016.77485
-0.881727,15,1017.139979
0.916541,22,1017.696184
-1.200639,14,1018.049101
-0.26387,18,1018.490199
0.421879,18,1018.9476
-0.925275,16,1019.337444
-2.266865,12,1019.62192
-0.688267,16,1020.027815
-1.402843,14,1020.37974
-0.558668,17,1020.789234
-0.596403,16,1021.186177
1.615462,25,1021.821467
-1.973566,13,1022.148707
-1.260478,16,1022.561521
-0.769155,16,1022.964023
0.367698,20,1023.471584
-0.54764,18,1023.929001
-0.808171,16,1024.335216
-1.559372,14,1024.670938
1.126515,21,1025.211288
-0.676945,16,1025.607854
-0.360551,18,1026.057946
-0.571402,17,1026.501262
-0.140432,17,1026.935198
-0.806571,16,1027.348624
0.005218,18,1027.804823
-1.558624,14,1028.149223
-0.531504,15,1028.531551
-1.920626,14,1028.875516
-0.316692,17,1029.302504
-40.452711,176,1038.08663
1.29415,27,1038.761623
-1.690732,14,1039.113732
-1.080332,16,1039.526752
-0.222837,16,1039.939622
-1.314822,15,1040.306291
-1.455604,15,1040.673033
0.635129,19,1041.152344
-1.196896,14,1041.496814
-0.930951,16,1041.908142
-0.373672,17,1042.34256
-2.110813,13,1042.66359
-0.540579,17,1043.092414
0.405415,19,1043.563299
1.962111,29,1044.304814
-0.2056,18,1044.745978
-1.093195,16,1045.160782
-1.302661,15,1045.534862
0.228952,20,1046.050065
-0.096045,20,1046.547478
0.609602,21,1047.081306
0.296555,21,1047.614889
-1.013184,16,1048.029662
-0.41119,18,1048.494266
0.075838,20,1049.01376
-0.797595,16,1049.441636
0.185957,18,1049.916444
-0.644576,17,1050.350091
-1.157895,16,1050.769895
-0.62287,17,1051.211801
0.334953,20,1051.739847
2.010673,28,1052.468987
0.183889,17,1052.902786
-0.761642,15,1053.290044
1.735924,22,1053.855056
-1.147253,15,1054.237225
-0.133753,19,1054.748524
-1.024154,16,1055.171197
-0.19867,18,1055.66338
-0.586711,18,1056.13369
0.461797,20,1056.643586
-1.1388,16,1057.062553
-0.27459,18,1057.555729
-0.236213,17,1058.014237
-0.522532,16,1058.453641
-0.175731,18,1058.957327
-1.626513,14,1059.330907
-2.039782,13,1059.693385
-1.206517,15,1060.119402
-1.314324,15,1060.555106
-0.032897,18,1061.057793
-0.033889,17,1061.531423
-2.031037,12,1061.856031
0.494108,19,1062.398492
-0.757864,16,1062.841999
-0.297372,17,1063.322751
0.980307,22,1063.955083
1.441302,29,1064.755826
-0.084174,18,1065.241651
0.148439,19,1065.783892
0.693227,19,1066.325577
0.253088,20,1066.867897
-0.392202,17,1067.338139
-1.597479,14,1067.727904
-0.157746,19,1068.253766
-1.110329,16,1068.702053
-0.217585,17,1069.182332
0.333849,19,1069.719764
0.305333,20,1070.290774
0.248261,19,1070.819559
0.227756,20,1071.3818
0.119644,18,1071.869742
0.699274,21,1072.455482
-0.544939,17,1072.926567
0.043257,18,1073.42878
-1.503433,14,1073.801164
-0.418307,17,1074.272161
-0.061501,18,1074.759741
0.199478,19,1075.277417
-1.533471,14,1075.636461
0.279089,19,1076.130961
1.424195,24,1076.745293
0.844562,23,1077.34015
0.353599,20,1077.818596
-0.603967,15,1078.17707
-0.904426,16,1078.57298
-0.783993,17,1078.993223
0.274929,19,1079.465677
-0.411849,18,1079.916234
0.959802,22,1080.471435
-0.53011,17,1080.882461
0.299532,21,1081.406959
-0.177296,16,1081.818742
0.222301,20,1082.31998
-0.768368,16,1082.733876
0.582504,23,1083.310626
0.20862,18,1083.753352
-0.833872,16,1084.160188
0.230563,19,1084.665809
0.178001,18,1085.138031
-0.65747,17,1085.59886
0.627654,20,1086.163003
-1.2197,15,1086.55718
0.647285,22,1087.159026
0.048325,18,1087.647998
-1.657438,14,1088.041538
0.590728,24,1088.689306
-0.302603,18,1089.19627
-0.113857,18,1089.689577
-0.084799,20,1090.236961
0.438894,20,1095.204368
-1.389971,14,1095.579936
-0.42659,17,1096.076254
1.262869,23,1096.723056
-1.130368,15,1097.154947
-0.060417,18,1097.661472
0.479782,21,1098.252228
-0.283978,17,1098.726311
-0.779052,15,1099.141481
-0.127562,17,1099.62478
0.114204,18,1100.142023
0.503282,20,1100.707552
0.117702,18,1101.223056
-1.021994,15,1101.64813
1.289415,24,1102.314642
-0.574285,16,1102.75438
0.216392,21,1103.338653
-0.482582,16,1103.790725
0.879225,23,1104.430993
-0.300038,16,1104.878972
-1.603556,14,1105.257399
0.79263,22,1105.88344
0.054442,18,1106.392669
0.508255,19,1106.924075
0.19051,20,1107.484439
-0.010902,19,1107.999036
0.21525,18,1108.489239
0.717617,22,1109.095324
0.110352,21,1109.685877
0.455425,19,1110.236662
-0.638585,16,1110.666595
0.076552,18,1111.142048
-0.719384,17,1111.61256
-0.461424,17,1112.066469
1.683301,29,1112.839078
0.138594,18,1113.322775
-0.736482,17,1113.767988
-0.195135,17,1114.211008
0.094303,19,1114.708074
-0.223472,18,1115.191998
0.411577,20,1115.713437
1.239305,22,1116.271623
-2.206166,13,1116.63172
0.704646,19,1117.1288
-0.550729,17,1117.557045
-0.065875,19,1118.063691
-0.763917,17,1118.497294
-0.667379,16,1118.909149
-0.747362,16,1119.340919
-1.907617,13,1119.714241
-0.857857,17,1120.186951
0.211085,19,1120.700661
-0.021541,18,1121.18793
-0.219197,17,1121.629497
0.613481,21,1122.209692
0.495176,19,1122.705874
0.314157,20,1123.243157
-1.742796,13,1123.582078
-0.003747,20,1124.089745
0.292196,18,1124.562055
-0.508062,17,1125.029941
-0.902773,16,1125.453489
-0.674355,16,1125.884139
0.85187,22,1126.457564
0.657095,20,1126.969202
0.5103,20,1127.484812
-1.413857,15,1127.88381
-0.784881,15,1128.27417
-1.637115,15,1128.666212
-0.978879,16,1129.080052
-1.299686,15,1129.46259
-0.8856,16,1129.885956
-0.164265,17,1130.341351
0.303995,19,1130.851807
1.225778,20,1131.384317
-0.503463,17,1131.830904
-1.463728,15,1132.223117
-1.373915,15,1132.608778
-1.227256,14,1132.969719
-0.522023,16,1133.39245
0.408998,19,1133.904637
0.693006,22,1134.478802
-0.430503,16,1134.936209
1.584149,25,1135.63786
-0.755652,16,1136.09727
-1.054057,15,1136.501691
0.521892,20,1137.038982
-0.41081,18,1137.510989
0.303632,20,1138.030612
-1.035856,15,1138.433061
-0.661458,17,1138.890187
0.983742,25,1139.534476
-0.515857,17,1139.990062
0.384576,22,1140.563194
-1.230725,15,1140.964768
0.017122,19,1141.477153
-0.398782,16,1141.909907
-1.113259,16,1142.33449
-1.017517,15,1142.745569
-1.464578,15,1143.156482
0.447154,20,1143.696872
-0.925093,16,1144.118321
-1.206404,15,1144.518945
0.973974,22,1145.102722
0.196866,20,1145.617791
-1.287293,16,1146.040394
0.630242,21,1146.593804
-1.298066,14,1146.969953
-0.843873,17,1147.411115
-2.184182,12,1147.731462
-0.328064,19,1148.220169
-0.50308,16,1148.643565
-0.507106,17,1149.080617
-1.041138,16,1149.519634
-0.301262,17,1149.976451
-1.00489,16,1154.85298
-0.871223,16,1155.273407
0.270127,20,1155.78912
0.836175,22,1156.390107
-0.646323,17,1156.856638
-0.537841,16,1157.285034
1.502902,27,1158.03161
-1.055244,15,1158.442641
-1.286304,15,1158.854009
0.859822,22,1159.450739
-1.666661,13,1159.795609
-0.427782,17,1160.269429
-1.034894,16,1160.67846
-0.049736,18,1161.162166
0.693151,23,1161.813584
-0.601514,17,1162.281807
-2.438296,12,1162.602194
-0.456351,17,1163.070635
-1.254863,15,1163.486929
-0.225505,19,1164.010545
-0.126675,19,1164.519511
-0.676043,16,1164.95298
0.398207,20,1165.500841
0.9014,23,1166.103818
-0.591882,17,1166.566326
0.346602,19,1167.073468
0.789329,22,1167.654384
-0.143806,19,1168.160093
0.560261,20,1168.70881
-0.665948,17,1169.177717
-0.597807,17,1169.628462
-31.870863,176,1174.231609
0.223316,20,1174.750357
-0.360901,18,1175.229851
0.45415,19,1175.731464
-0.867812,16,1176.141508
-1.198476,15,1176.526567
-0.885332,16,1176.936594
0.617753,23,1177.534332
-0.239594,19,1178.000392
-0.876718,17,1178.428363
-0.026916,19,1178.92341
-0.464276,18,1179.405148
-1.101711,15,1179.801822
-0.415724,18,1180.271658
0.812442,20,1180.802563
0.775421,22,1181.385543
0.308256,22,1181.939824
0.776388,22,1182.511949
0.637459,21,1183.060462
0.101527,20,1183.568668
-0.896115,16,1183.993772
-0.906407,16,1184.404387
-0.436963,18,1184.891642
-0.463702,17,1185.329587
-1.057931,15,1185.72971
-0.582413,16,1186.158944
-0.298805,18,1186.638433
-0.1866,18,1187.126538
0.366825,20,1187.685976
-0.420703,16,1188.113185
0.465371,20,1188.6568
-0.050805,19,1189.170886
1.339643,23,1189.788042
-0.599046,18,1190.276467
-1.304793,14,1190.63816
2.868474,30,1191.396629
0.475182,21,1191.967566
-0.845536,17,1192.431414
-1.019396,16,1192.855195
-0.137685,18,1193.335507
-0.772429,17,1193.792809
-0.342723,18,1194.274431
-39.682617,176,1198.954426
-0.182351,18,1199.42823
0.116588,19,1199.942986
-1.104174,16,1200.360605
0.032134,18,1200.850965
-1.159681,15,1201.252126
-0.401565,17,1201.702653
-0.471485,16,1202.130894
0.632889,20,1202.662477
-0.407814,18,1203.146096
0.832211,21,1203.717543
0.05747,19,1204.238869
-0.526199,17,1204.696515
0.468056,22,1205.292136
-0.86018,16,1205.736265
-0.232552,18,1206.211653
-0.496278,17,1206.675399
-1.197609,15,1207.077744
0.19581,20,1207.62588
-0.899229,15,1208.025898
-0.725149,16,1208.453603
-1.024532,15,1208.857755
-0.363732,18,1213.723017
-0.187357,18,1214.197638
-1.748927,14,1214.580323
-1.92536,13,1214.929719
0.462458,19,1215.425721
-0.193364,17,1215.874646
-1.069699,15,1216.283286
-1.479027,15,1216.702327
-1.380342,14,1217.098052
0.705385,23,1217.707126
0.451748,20,1218.255171
0.320931,18,1218.750624
-1.320663,14,1219.116281
0.360389,21,1219.677205
0.78954,22,1220.255405
0.424423,21,1220.801649
-0.533988,17,1221.250838
0.185902,21,1221.796486
-0.205997,18,1222.286237
-1.326007,15,1222.682026
0.800312,20,1223.202199
-0.52684,17,1223.651725
-1.410325,15,1224.04543
1.091856,23,1224.644199
1.919013,29,1225.406864
-0.746211,17,1225.863007
0.432568,20,1226.395469
0.487998,21,1226.946889
0.126117,20,1227.465241
-1.563022,15,1227.875492
-0.300716,18,1228.356467
-0.897553,17,1228.822582
-0.070782,19,1229.318366
0.620808,22,1229.919127
-0.259498,17,1230.373067
0.663653,22,1230.964237
0.376767,22,1231.556854
1.15485,23,1232.164318
-0.09167,19,1232.668746
1.139272,23,1233.284432
0.781511,21,1233.847929
0.143696,20,1234.375495
-0.188178,19,1234.884013
-0.259078,18,1235.374555
-0.068256,19,1235.899855
-0.63063,18,1236.385109
-0.987949,16,1236.815104
1.009669,23,1237.410542
0.670803,22,1238.018456
-0.542413,17,1238.45233
0.930814,22,1239.02949
-0.750435,17,1239.490959
0.172383,19,1239.989347
-0.947765,17,1240.446132
-1.725567,14,1240.81677
-0.072041,18,1241.307238
1.33048,25,1241.967129
-1.261265,15,1242.365764
0.601537,19,1242.874424
-0.406831,17,1243.331175
-0.671991,16,1243.74702
0.199215,21,1244.305035
0.132177,19,1244.7995
0.549938,22,1245.365242
-1.98657,13,1245.711877
-1.387429,14,1246.062502
-0.174536,18,1246.544982
-0.277713,17,1246.985666
0.168798,19,1247.507355
-0.126273,19,1248.012099
-0.285309,17,1248.4728
1.092033,24,1249.114461
-0.21742,19,1249.63737
0.490313,19,1250.152403
0.549528,21,1250.708204
-0.018479,19,1251.218391
0.797197,21,1251.759035
-0.550757,16,1252.207587
-2.092749,13,1252.552842
-0.249952,19,1253.072281
-1.513475,14,1253.440629
0.588691,21,1254.00711
1.570096,26,1254.701325
0.133681,19,1255.221011
-0.349658,18,1255.712135
0.1149,19,1256.22669
0.05529,19,1256.732411
-0.89062,16,1257.157414
-0.115891,19,1257.655763
-1.618022,13,1257.992267
-0.820213,16,1258.42448
-1.447268,15,1258.833172
-1.658502,14,1259.20125
1.751501,26,1259.918286
0.434925,20,1260.456362
1.08464,22,1261.040132
-0.667954,17,1261.497759
-0.188231,18,1261.976305
0.810892,23,1262.609832
1.299086,24,1263.252819
0.126232,19,1263.763897
-0.940565,15,1264.155014
-1.382694,15,1264.539294
-0.526095,18,1265.019256
-0.428178,18,1265.506422
0.156145,19,1265.997819
-0.582018,16,1266.434529
-0.643465,16,1266.845836
-1.268016,15,1267.246611
-1.112117,16,1267.669763
0.036887,18,1272.557389
-1.5234,15,1272.95123
0.376473,20,1273.4991
0.114901,20,1274.042714
-0.087977,19,1274.545632
-1.113195,16,1274.969457
0.636251,23,1275.567838
-1.871414,14,1275.930276
-0.68827,17,1276.380215
-0.222541,19,1276.882258
-2.108043,13,1277.236261
0.600897,20,1277.76441
-0.05052,19,1278.27018
-0.815471,17,1278.729835
1.473353,23,1279.342917
-1.032399,16,1279.773131
1.58861,28,1280.50517
-34.612946,176,1285.164606
-0.180939,20,1285.693164
-0.633714,17,1286.148419
2.164738,28,1286.902047
-1.265381,16,1287.333096
-1.023248,16,1287.774243
-0.23892,18,1288.254563
-0.242583,19,1288.759358
0.318558,21,1289.311086
0.447593,22,1289.902147
0.026281,18,1290.372894
0.307771,22,1290.939693
-0.166132,19,1291.453274
-0.638523,17,1291.892554
0.292527,20,1292.438776
-0.393252,17,1292.884412
0.07323,19,1293.387135
-0.539516,16,1293.80227
-0.414514,18,1294.271567
-1.205504,16,1294.69498
-1.527274,14,1295.061164
-0.534124,18,1295.531004
-1.932162,14,1295.912844
1.585778,26,1296.610584
-0.466243,18,1297.079732
0.643113,22,1297.688069
1.117064,25,1298.345625
0.300983,21,1298.906318
0.700329,23,1299.521365
-0.863384,16,1299.950505
1.215343,22,1300.534338
2.094947,30,1301.306941
0.396845,21,1301.867679
-1.819687,14,1302.246088
1.500119,25,1302.907961
-1.519529,15,1303.300941
-0.135387,20,1303.828402
0.844035,21,1304.368547
0.031388,18,1304.848155
0.19,21,1305.406893
-0.492637,17,1305.855652
0.71855,22,1306.436803
-0.496549,17,1306.875413
0.362611,22,1307.457929
0.365578,20,1307.984406
-1.411742,14,1308.344464
-0.996697,16,1308.761396
-0.700452,17,1309.206553
-0.25845,19,1309.710357
0.177318,20,1310.233932
0.84598,22,1310.8054
-1.244956,16,1311.222003
0.210633,20,1311.741422
0.45529,20,1312.268699
-1.019472,16,1312.692005
1.993452,27,1313.411126
-0.248746,17,1313.851661
-0.809994,17,1314.291571
1.070014,24,1314.910491
-0.416854,17,1315.340728
1.085834,24,1315.966914
-0.173472,20,1316.47692
-0.099543,20,1317.002538
-0.469695,18,1317.447792
-0.780613,16,1317.857045
0.086697,21,1318.400919
-0.623354,17,1318.841587
-0.145433,18,1319.304856
-1.554275,15,1319.690905
1.136139,23,1320.271705
-0.083023,18,1320.736617
-0.329353,18,1321.228853
-0.991206,16,1321.655129
-2.065149,13,1321.976767
-0.277228,19,1322.463585
-0.385202,18,1322.944479
2.108731,30,1323.740359
-0.505696,18,1324.218525
-0.454501,17,1324.682362
-0.77431,17,1325.145517
-36.989251,176,1334.244184
1.566556,26,1334.96731
-0.084954,20,1335.524679
-0.873753,16,1335.957503
-0.66289,16,1336.394364
0.551825,21,1336.949082
1.075144,23,1337.586977
-1.241777,16,1338.024137
-0.17511,19,1338.529903
0.314699,19,1339.062341
-1.261615,15,1339.47499
-0.844774,17,1339.945704
0.569836,21,1340.533986
-0.492947,17,1340.991121
-1.156509,16,1341.447881
-1.150109,16,1341.896578
1.969156,28,1342.65412
-1.254132,15,1343.079816
1.130353,24,1343.734851
1.218265,24,1344.407448
-0.977036,15,1344.811524
0.192937,20,1345.363503
-0.065954,18,1345.821419
-0.071196,19,1346.355896
0.116569,20,1346.893994
-1.272659,15,1347.305508
-0.080322,18,1347.804684
-1.399617,14,1348.20149
2.14865,29,1348.952112
-1.512667,15,1349.34382
1.083679,23,1349.961443
2.084935,32,1350.813777
0.125232,19,1351.314626
0.553115,20,1351.841834
-0.79169,16,1352.270675
1.844543,27,1352.991166
0.589809,22,1353.580232
-1.162677,15,1353.974303
0.835373,24,1354.615334
0.566986,21,1355.167572
-0.884067,16,1355.588648
-0.353368,17,1356.039139
0.623324,20,1356.574913
-1.457341,15,1356.980089
0.263378,20,1357.49085
1.230749,23,1358.105642
-0.289979,18,1358.594793
-0.924147,16,1359.018791
-0.448164,17,1359.466902
-0.738666,16,1359.89318
0.17333,20,1360.419592
-37.052555,176,1365.023728
0.014093,18,1365.501252
0.048946,18,1365.959741
-0.798105,16,1366.390685
-1.350988,15,1366.774952
-1.432589,15,1367.160422
0.174044,19,1367.660978
-0.458135,18,1368.130011
-0.950755,15,1368.501529
3.864622,42,1369.581828
-0.648838,17,1370.023328
1.500821,25,1370.669688
-0.527946,18,1371.124204
-0.244811,17,1371.563534
-0.077039,18,1372.017482
0.764029,22,1372.59797
-0.500539,18,1373.049181
0.806206,23,1373.643964
-1.346927,15,1374.04362
0.427318,19,1374.547571
2.147521,29,1375.308376
0.5536,20,1375.82754
0.365903,20,1376.366967
0.335118,20,1376.897227
0.366322,21,1377.458559
-0.559103,18,1377.926529
0.37399,19,1378.423427
0.145752,20,1378.956236
-1.83602,13,1379.297583
-1.460524,15,1379.693423
-1.775864,13,1380.033414
-0.749287,17,1380.467333
-0.861107,17,1380.919811
-1.641637,14,1381.290249
-0.01331,21,1381.85318
-1.15717,16,1382.26306
0.166457,19,1382.762893
1.962549,28,1383.504568
-0.066711,19,1384.025817
-0.247923,18,1384.514266
1.051856,22,1385.085776
-1.741135,14,1389.896325
-0.86375,17,1390.363848
0.655485,21,1390.936974
-2.459221,12,1391.266625
0.346458,21,1391.834207
-0.339109,18,1392.312753
-0.495493,18,1392.79775
-1.470218,15,1393.212339
-0.233357,19,1393.711516
2.258691,30,1394.515378
-0.532902,17,1394.966371
-0.03566,19,1395.478094
0.778475,24,1396.139547
-0.807459,16,1396.564013
-0.341539,19,1397.081078
1.076331,24,1397.730643
-0.881982,17,1398.197026
0.307502,20,1398.748246
-0.203512,19,1399.260188
1.473192,25,1399.920962
-1.481242,15,1400.328296
1.196734,27,1401.065469
-1.060074,16,1401.500808
-1.30318,15,1401.899038
0.417347,20,1402.440432
-0.769988,17,1402.906578
-0.010691,19,1403.434656
-1.032468,16,1403.851034
0.27854,20,1404.399612
1.736714,29,1405.224439
0.486005,21,1405.784008
0.389655,20,1406.328814
-1.070032,14,1406.749354
0.993295,23,1407.39508
-1.23828,16,1407.849568
0.82766,22,1408.439176
0.429751,22,1409.018478
-0.162682,19,1409.516283
1.088892,24,1410.171763
-0.637394,18,1410.643799
-0.040962,20,1411.175292
-1.113518,16,1411.601597
0.618872,21,1412.139757
-0.297339,19,1412.641724
-0.801806,17,1413.090012
0.37983,19,1413.596934
0.168018,20,1414.152927
-0.928297,16,1414.578536
-0.447819,17,1415.034415
-0.380873,17,1415.47814
0.460167,22,1416.064441
0.612541,21,1416.609908
0.772706,23,1417.186829
0.511594,23,1417.77758
-0.56441,18,1418.252388
0.515643,21,1418.795285
0.720343,22,1419.362849
0.14903,19,1419.851874
0.54092,21,1420.394417
-0.680193,17,1420.845144
-1.953155,14,1421.210961
0.776921,21,1421.765113
-0.011071,19,1422.264926
1.309366,26,1422.935179
-0.57348,18,1423.413332
-1.173717,15,1423.803132
-0.819839,17,1424.248
0.487049,22,1424.83663
-0.646601,17,1425.30553
-0.868645,17,1425.761348
0.751514,24,1426.377345
1.368117,26,1427.063887
-0.557435,17,1427.51682
-0.970298,16,1427.938974
0.013057,20,1428.46945
0.033755,20,1428.991495
1.073899,24,1429.608546
-0.082783,18,1430.083764
-0.467743,17,1430.547188
0.693825,19,1431.046995
-1.377951,15,1431.433181
-0.603209,17,1431.861919
-1.105814,16,1432.27714
-0.073958,19,1432.770247
0.148614,19,1433.255818
1.005211,22,1433.803066
0.227164,20,1434.330023
-0.288719,18,1434.781982
0.290249,20,1435.304538
0.088879,20,1435.837925
-0.74648,17,1436.28688
0.602458,22,1436.861426
-0.689329,17,1437.328155
-1.781429,14,1437.690609
-0.072764,19,1438.205853
-1.152049,16,1438.613701
-0.447129,18,1439.079451
-0.330258,18,1439.536484
0.575465,22,1440.12885
0.25898,22,1440.721542
0.882749,21,1441.266146
-1.017235,17,1441.71685
0.610994,21,1442.265595
-0.038153,19,1442.770659
0.413764,20,1443.290114
-0.023237,19,1443.794915
0.420069,19,1448.739278
-0.687744,17,1449.186313
-1.636048,15,1449.579263
0.325869,20,1450.105307
3.334114,55,1451.521091
-1.677493,15,1451.921616
-0.752697,17,1452.368238
0.146737,21,1452.917485
-0.691605,18,1453.37977
-1.004004,16,1453.778608
-0.067259,20,1454.295596
-0.974056,16,1454.706313
-0.532387,17,1455.149141
0.955718,23,1455.751212
0.743679,23,1456.351129
1.151478,26,1457.038137
0.725157,22,1457.632906
-0.348342,18,1458.117344
0.818051,24,1458.73068
1.775436,28,1459.475954
-0.301157,19,1459.984617
-0.768612,17,1460.435486
-1.024467,16,1460.846479
-0.231418,19,1461.353235
-0.706207,16,1461.778966
-0.244103,19,1462.276385
-0.635822,18,1462.750138
-0.9279,16,1463.168134
-0.031565,20,1463.687574
0.259433,20,1464.20761
-1.100247,16,1464.625572
-0.117304,19,1465.123489
0.364831,21,1465.696066
-0.660666,18,1466.17603
-0.962951,16,1466.603278
-0.470445,19,1467.117887
-0.180085,18,1467.600644
-1.219846,16,1468.027537
-0.342305,17,1468.486344
1.526454,25,1469.121433
2.305535,33,1469.998255
-0.602712,18,1470.470156
-1.460338,15,1470.846014
-0.17628,19,1471.349789
-0.750048,17,1471.798628
-0.550108,18,1472.278881
0.387922,22,1472.85402
3.562246,56,1474.291013
0.958669,24,1474.913432
-0.427959,18,1475.38002
-0.825823,17,1475.815515
-0.767567,17,1476.249159
0.143723,20,1476.767078
0.637357,21,1477.316497
-0.529673,18,1477.783398
0.556065,21,1478.341446
-0.835469,17,1478.789593
-1.207035,16,1479.224431
-0.345072,19,1479.735701
-1.967979,14,1480.117504
2.355139,33,1480.979395
-1.697743,14,1481.360574
0.638731,24,1481.978068
1.281237,26,1482.638469
-0.727899,17,1483.081391
-0.181487,19,1483.591296
0.443621,22,1484.171926
0.351969,21,1484.732251
-37.148279,176,1489.386861
-1.300283,15,1489.763069
-1.18065,16,1490.194082
0.085922,19,1490.681621
-0.50241,18,1491.143749
0.969014,23,1491.740688
0.058749,19,1492.219384
0.167989,20,1492.73222
0.391334,20,1493.251738
-0.329435,19,1493.730726
-0.561137,18,1494.201226
-1.165475,16,1494.63419
0.855689,23,1495.242568
0.485012,22,1495.816923
-1.648403,14,1496.187971
-0.075363,19,1496.682812
-0.162276,19,1497.175897
-35.909121,176,1501.761015
-0.482671,18,1502.244165
0.294354,21,1507.236266
0.818207,23,1507.81621
0.660513,20,1508.335194
-0.37349,19,1508.84798
1.071622,24,1509.470205
-0.480701,18,1509.955108
-1.473254,15,1510.342909
0.447029,21,1510.888817
-0.900865,16,1511.309793
0.340718,21,1511.869689
-0.106729,20,1512.40628
-0.426159,19,1512.913309
0.427953,22,1513.49744
-0.645643,17,1513.961162
0.599231,21,1514.50114
0.214001,21,1515.067225
-0.015073,19,1515.585342
-0.076449,19,1516.082707
0.502805,22,1516.655561
0.934224,22,1517.211011
0.183547,20,1517.737477
0.689791,24,1518.376013
-0.228727,19,1518.85952
-1.240559,16,1519.278092
-0.973718,17,1519.702585
0.835195,23,1520.311699
-0.35313,17,1520.752517
-0.444365,18,1521.242391
-0.454807,18,1521.715887
-0.985356,16,1522.141975
0.424487,21,1522.701973
-1.296631,15,1523.097218
-1.067584,17,1523.547712
-0.334202,18,1524.031719
-0.5475,17,1524.480356
-0.929802,16,1524.897943
0.384142,22,1525.474067
-0.347291,18,1525.947575
0.684049,23,1526.535471
-0.281538,19,1527.034721
1.285707,26,1527.735629
-0.108124,19,1528.250029
1.793565,28,1528.982361
-1.133104,16,1529.407311
0.011903,20,1529.941941
0.385997,21,1530.511154
0.16424,20,1531.055762
-0.610318,18,1531.53629
0.426036,22,1532.12726
-0.102647,19,1532.647383
-0.181228,19,1533.167207
-0.713804,18,1533.648695
0.147222,20,1534.17842
-0.246742,19,1534.68289
-0.323528,19,1535.184804
-2.018039,14,1535.552979
-0.351996,18,1536.034084
1.245887,24,1536.673309
-0.176347,19,1537.194282
0.154618,19,1537.706039
1.72062,28,1538.457242
0.015373,20,1538.992023
1.956174,31,1539.841452
-0.760402,17,1540.287095
-1.653315,15,1540.704484
-0.000103,20,1541.239968
0.029378,20,1541.778299
0.656395,22,1542.354458
-0.441938,18,1542.835578
-0.563982,18,1543.313567
-0.889966,17,1543.761368
-1.147999,16,1544.195113
-1.574275,15,1544.596158
0.708027,22,1545.170334
0.919715,23,1545.777393
-0.6058,18,1546.258213
-0.801552,17,1546.715726
0.231492,20,1547.243148
-0.294098,18,1547.723039
-0.891556,17,1548.178668
0.937658,23,1548.770999
0.521757,22,1549.363031
1.687855,28,1550.097062
0.500941,22,1550.673692
-0.014015,19,1551.178442
-0.013789,19,1551.68997
0.390348,21,1552.234993
-1.03551,16,1552.667501
0.392999,21,1553.236957
-0.743303,17,1553.693298
0.551306,21,1554.237965
-1.75375,14,1554.606613
-0.70681,16,1555.028841
2.139227,34,1555.916201
-1.525681,15,1556.318087
-0.749646,18,1556.793252
-0.21748,19,1557.284272
-1.267463,16,1557.69374
0.742019,22,1558.252205
0.175329,19,1558.740426
-1.804132,14,1559.104573
-0.211649,19,1559.610055
0.943041,24,1560.260625
-0.52201,17,1560.704296
0.341356,22,1565.653987
0.294024,21,1566.217378
-0.920172,17,1566.66759
-0.700415,18,1567.14055
0.802031,23,1567.7394
0.076428,20,1568.276989
-1.078956,16,1568.704139
1.40599,27,1569.40557
-0.260107,19,1569.90224
2.394216,37,1570.879401
0.412105,22,1571.45381
-1.160076,16,1571.869689
-0.261359,19,1572.366149
-0.977592,17,1572.822969
0.943454,26,1573.516418
2.708561,35,1574.428989
-0.281814,20,1574.965122
-0.998623,17,1575.424183
-0.04168,20,1575.950158
-1.919959,14,1576.30098
0.373761,20,1576.830914
-0.945825,17,1577.290477
-1.510669,15,1577.685138
0.845185,24,1578.32032
-2.30037,13,1578.675058
-2.047322,14,1579.051752
-1.217651,16,1579.476194
-0.532775,18,1579.950816
-0.457574,18,1580.450192
-0.806147,17,1580.906403
1.608882,25,1581.581355
-0.672439,17,1582.031245
-1.882493,14,1582.407153
1.316319,26,1583.098361
0.30279,21,1583.652017
0.948072,25,1584.285722
-0.560283,16,1584.702526
0.178486,20,1585.233095
0.137619,21,1585.780503
-1.023631,17,1586.24882
-0.431469,18,1586.734895
-0.449869,18,1587.227228
1.009261,23,1587.829015
-0.989615,17,1588.296808
-1.403625,15,1588.713808
-0.374189,19,1589.22727
-0.432739,18,1589.681596
-1.685628,14,1590.051876
-0.320179,19,1590.565145
-0.105928,19,1591.062315
1.16177,24,1591.705567
0.268794,21,1592.257756
0.246306,21,1592.80289
1.013022,25,1593.479998
0.33795,21,1594.034239
-0.309043,19,1594.524759
-0.455358,18,1594.990828
-0.255416,19,1595.480768
-0.684313,16,1595.896017
0.753602,26,1596.571739
-0.565731,18,1597.035976
0.114888,21,1597.582181
-1.172159,16,1597.997613
0.052138,19,1598.50083
-0.08379,19,1599.01448
0.426254,22,1599.609841
1.458882,27,1600.317671
0.278887,21,1600.881659
-1.564168,15,1601.268986
-0.101097,19,1601.775675
-1.03009,16,1602.228698
-0.925528,17,1602.687575
0.323073,20,1603.213196
-0.208149,19,1603.718901
0.503482,23,1604.323256
0.001355,20,1604.854244
-0.759156,18,1605.33627
-0.940006,17,1605.768941
0.683452,22,1606.339769
0.209598,20,1606.872792
-0.037254,20,1607.404228
-0.173621,19,1607.912372
-0.840373,17,1608.378381
0.598806,24,1609.01658
-1.002199,16,1609.460436
-0.620118,18,1609.932642
0.599686,23,1610.521614
-0.673243,18,1611.011123
-0.253406,19,1611.516066
-1.126346,16,1611.940716
0.494949,22,1612.532637
-0.937205,16,1612.949411
-36.535474,176,1617.528625
-0.100813,20,1618.048542
-0.222746,19,1618.541312
1.182171,26,1619.248745
-0.570712,18,1624.167706
0.153132,20,1624.67627
1.260064,27,1625.394489
-0.245573,19,1625.888547
0.092084,21,1626.445826
2.835689,43,1627.522323
-0.050255,19,1628.014444
0.135213,21,1628.546355
0.925647,22,1629.117393
1.867902,29,1629.850039
1.532641,31,1630.647967
-0.050713,20,1631.171977
0.33842,22,1631.735346
-0.811202,17,1632.165894
0.822273,21,1632.714339
0.245354,21,1633.264402
0.277882,21,1633.814856
0.103794,20,1634.323472
0.378746,22,1634.895442
0.692758,24,1635.532114
-1.21539,16,1635.965226
1.550633,29,1636.70944
0.313173,21,1637.259499
-0.484574,18,1637.723703
-0.042051,20,1638.217093
0.201308,22,1638.799577
0.826864,25,1639.452292
-0.014525,20,1639.973163
-0.667334,17,1640.421809
0.327617,21,1640.998484
1.688027,29,1641.776546
-0.452209,18,1642.273483
1.160869,24,1642.903582
0.024616,20,1643.463782
-1.646221,15,1643.861573
0.390455,21,1644.411713
0.280074,21,1644.981008
0.881331,24,1645.629411
-1.86402,14,1646.034436
0.577298,22,1646.668912
0.848884,24,1647.358692
0.860763,23,1647.984633
-1.220746,16,1648.423299
0.100301,21,1648.989142
1.742871,27,1649.726027
-0.642319,18,1650.205449
-1.235094,16,1650.641412
-1.062038,16,1651.077691
-0.135259,19,1651.590211
0.374003,22,1652.179912
0.239028,21,1652.723331
-0.445797,19,1653.227765
0.035549,20,1653.752635
0.206371,20,1654.273494
-2.279146,13,1654.629591
2.258445,34,1655.518754
-2.05073,13,1655.864383
0.400196,22,1656.438911
-0.531875,18,1656.910966
0.398562,21,1657.453984
-0.055242,19,1657.959852
-0.349754,19,1658.446777
-0.243428,19,1658.933375
1.726203,31,1659.749233
-0.747324,17,1660.180351
-0.409416,19,1660.6666
-0.309933,18,1661.121807
-0.050091,20,1661.665306
-0.600877,17,1662.117343
-0.978296,17,1662.589834
-0.970695,16,1663.019139
-0.162157,19,1663.503673
-1.500968,15,1663.915391
-1.331972,15,1664.31891
-1.10811,16,1664.755885
0.057941,21,1665.324398
-0.611542,18,1665.808572
-0.239405,18,1666.305393
1.462748,25,1666.979827
-0.093199,18,1667.458667
0.469972,22,1668.060252
1.697721,28,1668.81249
-0.834741,17,1669.280531
-0.418286,18,1669.762029
-35.744477,176,1674.490345
-1.473666,15,1674.904602
-0.335307,19,1675.417878
0.306696,21,1675.99734
1.006776,25,1676.724434
-1.181721,15,1677.130593
-0.134664,19,1677.659559
-0.258318,18,1678.146546
0.05696,20,1683.049652
-2.111915,13,1683.415395
-0.556097,18,1683.895289
0.115963,20,1684.432169
0.866328,24,1685.054281
-0.233354,19,1685.576091
-1.466255,15,1685.992743
0.107729,20,1686.526574
3.113339,47,1687.735938
-0.27728,19,1688.226915
-0.684279,18,1688.696883
-0.832221,17,1689.12795
2.863838,42,1690.229853
-0.574569,17,1690.696389
0.372288,21,1691.254942
0.510195,23,1691.856637
0.654423,23,1692.470801
-1.5914,15,1692.862466
-1.362562,16,1693.278778
-0.204129,19,1693.798986
-1.08555,16,1694.221434
0.116705,20,1694.740002
0.148963,20,1695.273855
0.975373,24,1695.8758
-2.264317,13,1696.24684
-0.344524,19,1696.751894
-1.03111,16,1697.18664
0.117024,19,1697.699219
-0.118471,20,1698.194755
1.094978,25,1698.831774
0.158188,21,1699.40267
-0.725254,17,1699.840534
0.883201,24,1700.479549
-0.394194,19,1700.976821
-1.521162,15,1701.382261
0.707529,23,1701.978873
1.259037,28,1702.719706
0.92467,24,1703.337553
-1.585886,15,1703.752033
0.075293,20,1704.299204
-0.719537,17,1704.747053
0.070424,20,1705.284449
-0.287396,19,1705.780659
0.227854,22,1706.370344
-0.782317,17,1706.817772
-0.401312,18,1707.2976
0.641315,24,1707.921908
1.116584,25,1708.58938
-0.755433,17,1709.058608
0.189073,21,1709.605155
-1.294163,16,1710.01575
1.737885,31,1710.852592
-0.584403,18,1711.351251
-0.807293,17,1711.79443
-1.946037,14,1712.17039
-0.066809,20,1712.716473
-1.017965,17,1713.15529
-1.19575,16,1713.591544
-1.202208,16,1714.012631
-0.714828,17,1714.464588
-0.308104,19,1714.948663
-0.057449,20,1715.498807
-0.727245,17,1715.934955
0.460954,22,1716.524616
-0.376484,19,1717.027992
0.475852,21,1717.584708
-0.157247,19,1718.100779
1.154301,25,1718.767595
-0.252128,19,1719.272373
-0.062815,20,1719.788321
1.355991,27,1720.511235
-1.347331,16,1720.949951
-0.113747,19,1721.455527
0.759248,23,1722.047036
-0.85275,17,1722.481163
1.799655,29,1723.221466
0.212189,20,1723.736179
-0.14864,19,1724.211167
-1.464512,15,1724.610809
0.894224,23,1725.212809
-0.645929,18,1725.692146
-0.620226,18,1726.160744
-0.663146,18,1726.639675
-0.42339,18,1727.117833
-0.280496,18,1727.571161
-0.865226,16,1727.985686
1.173971,26,1728.667091
1.02145,25,1729.316684
-0.270575,19,1729.811528
-1.01524,17,1730.250183
-0.401092,19,1730.743866
1.30006,26,1731.458443
0.539758,22,1732.045047
-0.233617,19,1732.537201
-0.505153,18,1733.017553
-0.870159,17,1733.463974
-0.992477,16,1733.892302
0.283234,21,1734.443438
0.552667,22,1735.027149
-0.68734,18,1735.49032
-0.806538,17,1735.931469
1.064443,26,1736.617014
-0.479284,18,1741.369036
-0.625132,18,1741.831634
-1.048225,17,1742.263507
0.489924,21,1742.821441
0.168442,20,1743.340513
-0.634608,18,1743.813296
0.053601,20,1744.341163
0.635942,22,1744.921168
-1.099675,16,1745.35669
-0.161447,19,1745.85081
0.552949,22,1746.417674
-1.065434,17,1746.875232
-0.952427,17,1747.307914
-0.591845,18,1747.788421
-0.578252,18,1748.261576
-1.301574,16,1748.696977
-1.538719,15,1749.084553
-0.720463,18,1749.556365
-2.048607,14,1749.917962
-0.027595,20,1750.42804
0.665746,23,1751.009724
-0.938892,17,1751.458363
-0.177597,20,1751.970517
1.337671,26,1752.629521
-0.19475,20,1753.150228
0.393186,22,1753.706428
1.136995,26,1754.401056
2.211045,31,1755.223331
-0.7698,17,1755.668808
-0.13384,19,1756.169269
-0.01928,20,1756.681772
0.004799,20,1757.202741
-0.150114,20,1757.724493
-0.06824,19,1758.216314
-0.316826,19,1758.716944
-0.367402,19,1759.210123
-0.506407,18,1759.692635
-0.311993,19,1760.199458
-0.709125,17,1760.658839
-0.369245,19,1761.159011
0.171416,20,1761.68769
2.994934,48,1762.925539
-36.187159,176,1767.548922
0.391258,21,1768.110652
0.205937,22,1768.697583
0.382898,22,1769.283886
-0.681093,18,1769.765607
1.055283,26,1770.443293
-0.571394,18,1770.924178
-1.171651,16,1771.356412
0.593985,23,1771.962285
0.098153,20,1772.496124
0.623865,24,1773.133336
-0.126681,20,1773.669066
0.904309,25,1774.33855
-0.485878,19,1774.849417
-0.478503,18,1775.310901
1.037617,24,1775.950157
0.634005,23,1776.557619
-0.163526,20,1777.094829
-1.053029,16,1777.536196
-0.004413,20,1778.087064
-0.480625,18,1778.548516
0.17043,21,1779.123558
-1.912556,14,1779.491693
-0.403645,19,1780.009784
0.777149,24,1780.656443
0.412876,22,1781.231858
-1.16001,16,1781.656576
-0.180689,20,1782.190093
-0.346769,18,1782.65328
0.463604,22,1783.219656
-0.193104,19,1783.712626
0.449282,21,1784.27256
-0.026524,20,1784.80841
1.91753,30,1785.574625
-1.165601,16,1786.005514
-0.060212,19,1786.510907
1.072637,25,1787.149419
0.389706,23,1787.740952
0.141474,21,1788.283732
-0.72932,18,1788.742907
-1.114999,16,1789.149639
0.089619,20,1789.669372
-0.501661,19,1790.147397
-0.422083,18,1790.604755
0.256366,21,1791.14889
-0.703459,17,1791.581039
0.446274,21,1792.115
-0.509231,18,1792.561604
-0.01014,19,1793.061546
-1.636213,15,1793.448422
0.141265,22,1794.014434
-1.12682,16,1794.438804
-0.932367,17,1799.115196
-0.224692,20,1799.646577
1.461468,28,1800.377236
1.259892,27,1801.061784
-0.021271,20,1801.587919
0.517985,23,1802.181699
-0.874946,17,1802.627336
-2.022993,14,1802.99016
1.147278,25,1803.65682
0.487656,23,1804.249742
0.221896,21,1804.796609
-0.679412,18,1805.283832
-0.587404,18,1805.75113
1.442123,29,1806.476756
-0.298666,19,1806.957673
0.153465,21,1807.483778
-0.82429,17,1807.923742
-0.748539,18,1808.375378
-1.266875,16,1808.783562
-0.804731,17,1809.221653
1.912295,32,1810.035121
-1.493316,15,1810.427682
0.647881,22,1811.002751
0.422832,22,1811.573839
-0.429892,19,1812.09099
0.821853,23,1812.687263
-0.879749,17,1813.148445
1.098669,26,1813.854055
0.965452,26,1814.533558
-1.00421,17,1814.998445
-0.560533,18,1815.495021
-0.763378,17,1815.950772
-1.007995,17,1816.416184
0.030903,20,1816.934297
0.826203,24,1817.5572
1.125478,27,1818.268769
-0.625996,18,1818.756177
1.028323,26,1819.450889
-0.168574,19,1819.9537
-35.55016,176,1824.580264
0.24946,21,1825.132261
2.831808,41,1826.219128
0.254389,21,1826.788857
0.977712,24,1827.420891
1.702034,30,1828.223705
-0.665773,18,1828.710201
-0.488589,19,1829.206072
1.997483,32,1830.046256
-1.230016,16,1830.482249
0.101162,20,1831.010563
-0.843199,17,1831.479576
-0.650638,18,1831.935608
-1.330199,16,1832.361092
-0.107062,20,1832.882231
-0.366308,19,1833.362655
0.470952,23,1833.9472
-0.646966,18,1834.412889
-0.533368,18,1834.877885
-0.059056,20,1835.397312
-0.686617,18,1835.876439
0.600682,22,1836.455828
0.049796,21,1837.015695
-1.337623,16,1837.439887
-0.869978,17,1837.879646
-0.360782,19,1838.377021
-0.427953,18,1838.857341
1.574484,28,1839.60657
-0.390442,19,1840.10229
-1.633879,15,1840.494096
-1.441552,15,1840.863124
-1.255846,16,1841.287151
0.99205,26,1841.957609
0.977292,26,1842.638689
0.37203,22,1843.22603
-0.368747,19,1843.731545
-0.384458,19,1844.246073
1.61783,31,1845.063704
0.106167,21,1845.631678
1.117567,25,1846.279854
0.491492,22,1846.864943
-0.599263,18,1847.346148
0.592794,23,1847.963941
-0.841258,17,1848.417408
0.749599,24,1849.058768
-0.629598,18,1849.521094
0.023529,21,1850.064854
-0.554941,18,1850.549075
-0.054851,20,1851.085167
1.086018,26,1851.787037
-0.569062,18,1852.267742
2.760475,39,1857.470771
-0.328672,19,1857.962532
-0.092417,20,1858.476315
-1.712664,15,1858.844676
1.54136,30,1859.63535
-0.131069,20,1860.156793
-0.926266,17,1860.588545
0.814861,25,1861.240914
0.834221,24,1861.858773
1.61266,28,1862.597494
-0.029664,20,1863.107171
-1.003359,17,1863.5555
-2.02476,14,1863.936175
-0.443676,19,1864.440245
-0.590079,18,1864.909643
-1.038153,17,1865.338244
0.152906,21,1865.894854
-0.19924,20,1866.411272
-0.564038,17,1866.839688
-1.06307,17,1867.276543
-1.704725,15,1867.658566
-0.589771,18,1868.119463
-0.481007,18,1868.589933
1.074631,25,1869.221605
-0.45876,18,1869.683321
1.235228,27,1870.371682
0.062533,21,1870.902838
-0.164619,19,1871.396378
-0.216551,19,1871.890848
0.58615,24,1872.503657
-0.584185,18,1872.979041
0.720647,23,1873.599995
-1.245022,16,1874.013618
0.117673,21,1874.554487
1.150805,27,1875.25317
-1.299725,16,1875.683831
-0.668138,18,1876.144248
2.141426,36,1877.073932
1.032213,24,1877.704574
1.375018,29,1878.457411
2.102715,34,1879.35711
-1.037778,17,1879.81065
-0.759347,17,1880.263669
-0.935195,17,1880.718906
-0.001596,20,1881.235514
-0.615491,17,1881.688725
0.443707,23,1882.302673
-0.539985,18,1882.772271
0.068444,21,1883.320818
-1.977894,14,1883.696386
-0.14593,20,1884.21423
0.768951,24,1884.825791
-0.281396,19,1885.319345
-1.24947,16,1885.742466
0.349753,22,1886.318433
1.051311,25,1886.970091
-0.282924,20,1887.487899
-0.944954,17,1887.925432
-0.140671,20,1888.466434
-0.557504,19,1888.976445
0.688531,23,1889.57479
-0.367729,19,1890.074997
0.980818,25,1890.720429
-0.194481,18,1891.198126
0.024408,21,1891.742146
-1.31632,16,1892.148555
-0.724485,18,1892.630133
0.217352,22,1893.205663
-0.562848,18,1893.667014
0.127579,21,1894.208719
0.561188,21,1894.739779
-0.109532,20,1895.272355
0.09123,21,1895.845203
-0.934227,17,1896.301576
-0.648586,18,1896.77541
0.76789,24,1897.406259
-0.884525,17,1897.852322
-0.450235,19,1898.347155
0.298492,22,1898.939126
0.619135,22,1899.515807
1.513812,27,1900.229603
-0.200197,20,1900.751932
0.41924,21,1901.29722
-0.227191,20,1901.806361
0.425463,23,1902.423089
-0.247821,20,1902.958576
1.794753,31,1903.773793
-1.07139,16,1904.198066
0.673993,25,1904.862765
0.541564,23,1905.461202
-1.240843,16,1905.884669
0.418379,22,1906.468527
-0.505571,19,1906.962386
-32.438469,176,1915.709276
0.422888,22,1916.297378
-0.201338,20,1916.83273
0.603383,23,1917.4277
-0.396131,19,1917.914707
-0.081673,20,1918.425009
0.432267,22,1918.997385
0.091357,21,1919.531104
-1.253269,16,1919.955204
0.208895,22,1920.525039
0.761546,23,1921.105944
0.125011,22,1921.670956
2.016865,33,1922.501973
-1.217813,16,1922.899126
-1.446209,15,1923.270663
0.15513,21,1923.796148
1.215077,27,1924.493755
0.522429,23,1925.087532
0.864184,25,1925.738924
0.203439,21,1926.279401
5.727511,88,1928.550689
1.171146,29,1929.323374
1.353079,28,1930.052508
3.22147,47,1931.257757
0.420105,22,1931.822872
0.011855,20,1932.344937
-1.594282,15,1932.743445
-1.137484,16,1933.166054
0.797883,24,1933.785978
-0.140013,19,1934.286005
-0.961755,17,1934.723636
-0.653328,18,1935.179726
-1.193583,16,1935.620359
1.746944,32,1936.461374
-1.318418,16,1936.884224
-0.351598,19,1937.395873
-0.385559,19,1937.887246
0.416408,21,1938.445354
-0.67206,18,1938.929456
-0.531841,18,1939.415057
-0.744129,17,1939.871932
-1.303031,16,1940.283037
-0.971439,17,1940.723234
0.06292,20,1941.240778
0.553957,23,1941.831471
1.047682,25,1942.486832
-1.383636,16,1942.909584
0.255577,22,1943.490134
-0.25604,19,1943.983209
-0.451948,19,1944.484932
-1.452653,15,1944.893146
-0.164632,19,1945.380777
-1.05965,16,1945.810846
3.259157,46,1947.040313
-0.70257,18,1947.517141
0.386283,22,1948.08194
0.831831,25,1948.748928
-1.560183,15,1949.143278
-1.318967,16,1949.568741
-0.672737,18,1950.043005
-0.772215,18,1950.524919
0.109372,21,1951.079901
-0.287835,19,1951.593636
0.031847,21,1952.150415
-0.352851,19,1952.648859
0.898427,25,1953.308883
-1.010443,17,1953.766952
-0.929667,17,1954.216812
0.187993,21,1954.769863
1.403378,27,1955.489744
-0.687437,18,1955.963081
-0.642242,18,1956.437193
0.257683,21,1956.99022
-1.055921,17,1957.43949
4.501894,59,1958.986135
-0.808964,18,1959.479102
-0.409655,19,1959.985419
-1.147486,16,1960.41443
-1.339324,16,1960.857833
1.582613,29,1961.637523
-1.174252,16,1962.064311
0.292549,22,1962.652736
2.318362,40,1963.714998
0.322706,22,1964.309173
1.254058,27,1965.00714
0.898119,24,1965.646068
-0.424242,19,1966.159021
-0.081475,20,1966.682558
-0.247813,19,1967.197618
0.656462,23,1967.815936
-0.99153,17,1968.25829
-1.648464,15,1972.841062
0.931178,25,1973.507512
-0.710688,18,1973.978072
-1.131345,16,1974.409886
-0.997773,17,1974.867703
-0.213223,20,1975.401052
-0.264151,19,1975.900274
0.569989,23,1976.527941
1.63043,29,1977.304807
0.897258,24,1977.939806
0.545441,23,1978.532953
-0.032722,20,1979.060709
-0.734545,18,1979.545268
-0.726793,18,1979.991589
-1.205686,16,1980.423032
-0.719033,17,1980.8571
-1.305879,16,1981.258301
0.684361,24,1981.875451
0.374017,22,1982.418224
0.221941,22,1982.961792
4.677816,62,1984.530142
0.036234,20,1985.029783
1.391394,29,1985.754033
1.122107,26,1986.411115
0.883281,25,1987.078072
-0.226076,20,1987.622347
-0.418136,19,1988.130157
-0.866336,17,1988.562763
-0.674889,17,1989.00518
1.465478,28,1989.763833
0.193404,20,1990.293774
-0.94882,17,1990.769012
-0.040768,20,1991.295479
-1.21115,16,1991.712461
-0.642085,18,1992.199614
-0.808868,17,1992.656577
0.59754,23,1993.247633
-0.41322,19,1993.745347
-1.217189,16,1994.179527
-0.008484,21,1994.737519
-0.769334,17,1995.193573
0.374542,22,1995.776981
0.330451,22,1996.370134
-0.983745,17,1996.829697
0.306362,22,1997.408419
-1.047799,17,1997.86221
-0.851539,17,1998.320443
-0.355317,19,1998.825898
-1.872,14,1999.195893
3.614735,50,2000.539781
-0.793526,17,2000.987109
0.132786,21,2001.547756
-0.360696,19,2002.062922
-0.205197,19,2002.570004
0.579526,23,2003.171582
0.252376,21,2003.727087
2.763541,43,2004.884218
0.096856,21,2005.444267
0.009916,21,2005.998996
1.726572,33,2006.892101
1.012395,25,2007.554028
-1.053086,17,2008.01306
3.093582,47,2009.261063
0.685403,24,2009.890604
2.632737,38,2010.883486
-0.101133,20,2011.413404
-0.917165,17,2011.870956
-0.237585,19,2012.369314
0.289716,20,2012.89468
4.21546,67,2014.669023
-1.016102,17,2015.125912
-0.560524,18,2015.595576
0.183825,21,2016.148735
-0.704476,18,2016.610941
1.353404,28,2017.345924
1.014688,26,2018.048655
0.445749,23,2018.638311
-0.0928,20,2019.17376
1.225853,27,2019.867948
-0.6647,18,2020.355128
-0.283573,19,2020.876905
0.52735,23,2021.481933
-0.721794,18,2021.962931
-1.171303,16,2022.379034
1.529969,30,2023.164895
0.017655,20,2023.701354
2.028927,33,2024.565045
-1.276134,16,2024.978617
-1.336707,16,2025.409
0.482279,23,2026.012264
-0.043695,20,2026.537559
-0.16507,20,2031.277098
-0.425743,19,2031.769908
-0.842823,17,2032.205073
0.678568,24,2032.844155
-0.461324,19,2033.336857
-0.460225,19,2033.845656
0.523,23,2034.467669
-0.102357,20,2035.002391
-1.66126,15,2035.393848
-0.013443,21,2035.944185
-0.467564,19,2036.438714
-0.841635,17,2036.893432
1.985106,34,2037.788817
-0.440208,19,2038.276294
-1.653045,15,2038.644772
-0.307772,19,2039.130447
1.421016,30,2039.902969
0.680665,23,2040.491276
-1.627017,15,2040.876509
-0.24886,19,2041.368548
-1.151321,16,2041.786835
-0.045713,20,2042.305906
2.385993,37,2043.220247
0.232285,22,2043.775712
0.723533,25,2044.412283
-0.609319,18,2044.878077
-0.071638,20,2045.382128
0.284613,22,2045.938476
1.39255,28,2046.666876
0.945657,26,2047.33589
1.712524,31,2048.139436
-0.245673,20,2048.659092
0.152528,21,2049.198228
-1.205812,16,2049.604666
-0.149327,20,2050.136605
0.554057,22,2050.70239
0.073305,21,2051.256409
0.095135,22,2051.838531
-2.070622,14,2052.204438
-0.086905,20,2052.738506
-0.049646,20,2053.264409
0.319773,22,2053.835722
-0.991662,17,2054.295832
-0.892371,17,2054.750667
-0.445612,19,2055.259921
-0.753739,18,2055.735708
-0.714853,18,2056.229779
-0.191441,20,2056.751166
0.002971,21,2057.2833
0.315062,22,2057.855687
-0.149686,20,2058.373664
0.95544,25,2059.049382
0.044937,21,2059.613296
0.855302,25,2060.277532
-1.296721,16,2060.676899
1.60113,31,2061.503108
0.873088,26,2062.151788
-0.248503,20,2062.67234
0.480821,24,2063.298295
-1.691942,15,2063.682067
0.074765,21,2064.248343
-0.233713,20,2064.768266
-0.204741,20,2065.302528
0.459991,22,2065.888786
0.153996,21,2066.452086
0.975735,26,2067.138901
0.059318,20,2067.65583
-0.588864,18,2068.14395
0.311119,22,2068.735268
-0.290134,19,2069.253218
-0.563503,18,2069.733332
0.031947,21,2070.304689
-0.667656,17,2070.752993
0.228624,22,2071.338351
0.346019,21,2071.897703
1.514942,30,2072.697112
1.457892,28,2073.431672
-0.355301,19,2073.941982
1.8158,35,2074.873755
2.338882,36,2075.827634
-0.674446,18,2076.314259
0.611958,23,2076.928589
0.566162,24,2077.562655
-1.226617,16,2077.97773
0.496162,22,2078.564604
-0.120676,20,2079.095568
-0.31211,19,2079.593613
-1.681818,15,2080.001529
-0.517807,18,2080.480618
-1.5185,15,2080.886897
0.525708,23,2081.493977
-1.368088,16,2081.909276
0.41562,23,2082.516567
-0.391037,19,2083.014153
-0.371034,19,2083.530485
-0.175824,20,2084.066951
1.055468,25,2088.918873
-0.687499,18,2089.387546
-0.868168,17,2089.834287
0.232457,22,2090.41805
0.043424,21,2090.956907
-0.421258,19,2091.450953
-0.021219,21,2091.994683
-0.090165,20,2092.506087
-0.217882,20,2093.026478
-1.03963,17,2093.472292
-0.657447,18,2093.944903
0.479574,23,2094.551673
-0.440673,19,2095.052908
-0.941105,17,2095.498864
-0.652901,18,2095.939591
-1.672912,15,2096.35891
-0.663671,18,2096.840597
-0.147765,20,2097.369107
0.509232,24,2097.990422
-0.389606,19,2098.469628
-0.547847,18,2098.943086
1.063583,27,2099.634219
0.191812,21,2100.19178
-0.500187,18,2100.65289
0.256369,23,2101.241137
-0.798798,18,2101.70986
-1.271892,16,2102.110186
-0.420906,19,2102.610786
-0.731373,18,2103.088055
-0.458217,19,2103.579919
-0.230074,20,2104.107525
0.44444,23,2104.731178
1.895229,34,2105.613112
-1.01546,17,2106.054415
-0.521778,19,2106.523521
-1.337247,16,2106.924503
-1.077178,17,2107.372823
-1.590975,15,2107.766692
0.531048,23,2108.354888
0.697615,24,2108.967555
0.271541,22,2109.532814
-0.736377,18,2109.988529
0.719803,24,2110.636409
-0.065961,21,2111.181929
-1.066841,17,2111.623749
-0.202306,20,2112.16212
-0.020874,21,2112.713015
0.395665,22,2113.287605
-1.098785,17,2113.72814
-0.328494,19,2114.222641
1.405897,30,2114.999685
-1.329448,16,2115.425414
-1.371805,16,2115.84898
-0.922521,17,2116.296531
-0.998828,17,2116.746875
-1.32902,16,2117.176718
-0.724692,18,2117.671351
0.520814,24,2118.302664
0.613949,24,2118.927347
-0.211035,20,2119.452742
0.612003,23,2120.059875
3.142788,46,2121.251085
-2.000304,14,2121.618551
-1.042561,17,2122.065854
-1.963366,14,2122.44094
-1.387902,16,2122.87341
0.926003,27,2123.587132
0.458624,24,2124.210447
0.057929,20,2124.754748
-1.362458,16,2125.186091
-0.185456,20,2125.704872
1.597523,33,2126.558452
-0.705905,18,2127.01146
2.067415,32,2127.847488
-1.020285,17,2128.300159
-0.453543,19,2128.827539
-0.510772,19,2129.330019
2.261111,43,2130.439415
1.814058,32,2131.272439
-0.365413,19,2131.763746
1.278243,28,2132.482862
0.230264,21,2133.045785
0.964595,26,2133.728449
1.927521,38,2134.708254
-1.267886,16,2135.133515
-0.285024,20,2135.647134
1.043052,27,2136.337211
0.980139,27,2137.040616
1.563759,30,2137.816173
0.077749,21,2138.361813
-7.924064,176,2147.182092
0.002743,21,2147.718609
0.487858,23,2148.311937
-0.470737,19,2148.79339
-0.802919,18,2149.2661
-1.277447,16,2149.681089
-0.270247,19,2150.176998
-0.703763,18,2150.632599
-0.751023,18,2151.087201
1.172845,28,2151.814904
-0.44844,19,2152.309134
0.460625,22,2152.884839
-0.790934,18,2153.358521
0.446587,23,2153.954109
-0.753321,18,2154.434431
-0.249318,20,2154.953127
1.938122,36,2155.883387
3.999385,101,2158.420591
-0.77196,18,2158.864851
1.183301,28,2159.568342
2.534369,56,2160.993668
0.339705,23,2161.571599
-0.735579,18,2162.032844
-0.30071,20,2162.522548
-2.001265,14,2162.875516
-0.450247,19,2163.350517
-0.252586,20,2163.85844
-11.461162,176,2168.206055
-0.7456,18,2168.651218
1.498516,32,2169.467312
0.632484,24,2170.086243
1.165565,30,2170.841938
-0.269185,20,2171.351877
-2.083846,14,2171.707922
-1.24806,16,2172.119409
0.352362,23,2172.713902
1.019911,28,2173.425392
2.055818,37,2174.353348
-1.064008,17,2174.798782
2.057469,176,2179.196764
-0.821517,18,2179.648896
3.047117,60,2181.162693
0.311312,22,2181.735816
-1.716503,15,2182.117929
-0.732036,18,2182.588077
-1.055669,17,2183.040558
2.206736,41,2184.104715
0.644751,25,2184.749352
1.006636,26,2185.416213
-0.715317,18,2185.877814
0.081488,22,2186.446937
-0.780942,18,2186.908654
0.262608,22,2187.475157
-0.419285,19,2187.952995
-1.631719,15,2188.351399
-0.011144,21,2188.883272
0.528079,24,2189.495737
0.529674,23,2190.094024
0.335069,22,2190.652647
-2.006536,14,2191.018656
0.674427,24,2191.638772
-1.276659,16,2192.04366
5.377918,176,2196.487136
-0.948934,17,2196.935756
5.213738,111,2203.898852
1.314837,32,2204.674589
3.268925,108,2207.392386
0.822888,26,2208.05557
0.007882,21,2208.595849
0.237004,23,2209.177389
-0.031449,21,2209.718147
-1.016713,17,2210.131925
-0.642951,18,2210.578276
0.363818,23,2211.159473
1.343272,30,2211.934515
-1.307371,16,2212.350055
-0.78219,18,2212.804084
-0.435767,19,2213.300486
0.671189,26,2213.943568
-0.01287,21,2214.495617
0.251513,23,2215.083111
-1.656276,15,2215.458621
-0.498722,19,2215.950923
3.295832,86,2218.159531
-0.739468,18,2218.6102
1.218602,29,2219.325125
0.387066,24,2219.916789
-0.690422,18,2220.369364
0.969536,27,2221.041681
-0.451464,19,2221.518394
0.145447,22,2222.055974
-0.073878,21,2222.577843
15.637704,176,2227.106636
3.627975,125,2230.299719
-1.345455,16,2230.697419
8.102957,176,2235.044526
-1.012839,17,2235.466016
-0.046713,21,2235.997639
0.33173,23,2236.567057
0.764454,25,2237.192981
-0.083887,21,2237.725809
-1.374366,16,2238.117261
-0.973249,17,2238.554404
-0.7048,18,2239.00909
0.177814,22,2239.557834
-0.765388,18,2240.006444
1.013092,26,2240.658074
0.738235,26,2241.321944
-0.663793,18,2241.781384
-0.454741,19,2242.272332
0.6799,25,2242.900731
-1.364815,16,2243.322061
-0.397469,19,2243.815708
0.150337,22,2244.384989
0.157204,22,2244.93812
-0.524235,19,2245.438267
0.021731,21,2245.970439
0.068624,21,2246.505656
-0.429224,19,2246.996713
3.914325,102,2249.638995
-0.057429,21,2250.183561
1.723531,35,2251.069766
0.746084,26,2251.732186
0.21241,22,2252.292825
-0.039541,21,2252.835807
-2.043796,14,2253.205281
-1.342815,16,2253.612233
0.233766,21,2254.154588
-1.01767,17,2254.610665
1.002653,29,2259.551279
-2.079892,14,2259.922841
-0.617541,18,2260.392236
0.561845,24,2261.013095
0.155578,22,2261.583455
-1.002951,17,2262.021497
0.558737,25,2262.644922
-0.250571,20,2263.161506
-0.071338,21,2263.698294
1.852642,36,2264.62756
-1.006302,17,2265.068259
-1.029917,17,2265.506709
0.723177,25,2266.147924
-1.266684,16,2266.563353
0.93655,27,2267.285096
0.924736,26,2267.947307
0.581551,23,2268.571026
-0.19837,20,2269.098652
0.296744,23,2269.724296
1.591049,31,2270.523246
0.496277,24,2271.147247
-0.213488,20,2271.688482
-0.676684,18,2272.155106
1.215999,28,2272.885341
0.045455,21,2273.45454
-0.14771,20,2273.980461
-0.242123,20,2274.508076
0.327027,23,2275.101781
-0.171684,20,2275.599485
4.137644,130,2278.831768
0.712501,25,2279.452684
5.079594,117,2282.310852
0.265102,22,2282.872276
-1.040141,17,2283.296062
-0.506102,19,2283.795502
-1.069406,17,2284.24422
-1.37987,16,2284.656418
-1.357126,16,2285.056492
-0.046287,21,2285.583899
0.504602,24,2286.187829
-0.745242,18,2286.64708
-0.729374,18,2287.126624
-0.511194,19,2287.612249
0.305517,23,2288.201831
-0.259407,20,2288.735874
3.34044,67,2290.463679
0.564905,25,2291.100337
0.171379,22,2291.645195
-0.769008,18,2292.105456
1.673233,32,2292.906963
0.164486,21,2293.454292
-0.260104,20,2293.942924
2.657091,61,2295.441139
-0.324576,19,2295.914299
-0.505464,19,2296.404675
0.2926,23,2296.995345
-0.150072,20,2297.502112
3.267558,63,2299.110191
-0.069396,21,2299.652964
0.02315,21,2300.19419
-0.45564,19,2300.680036
0.55343,24,2301.286216
-0.765688,18,2301.748441
1.200149,27,2302.432626
2.359017,46,2303.603887
-0.299283,20,2304.119368
0.195484,22,2304.68393
-2.024695,14,2305.048475
0.800129,25,2305.689201
0.90947,26,2306.375951
1.390448,31,2307.204413
0.11664,22,2307.763108
1.484932,36,2308.677032
-0.172344,20,2309.193497
0.319838,23,2309.774963
0.675374,25,2310.420294
0.923871,26,2311.097157
0.06373,22,2315.847502
15.303667,176,2320.351883
-0.30974,20,2320.861359
-0.022032,21,2321.385388
-1.955516,14,2321.761004
-0.469454,19,2322.261729
-0.323234,20,2322.763656
0.977058,27,2323.445203
-0.094625,21,2323.988517
-0.475136,19,2324.466114
-0.4665,19,2324.945935
-0.654163,18,2325.403418
0.159577,22,2325.954209
0.848881,27,2326.638062
-0.467101,19,2327.106918
2.423429,54,2328.48782
-1.716361,15,2328.882821
5.350191,134,2332.267572
17.05295,176,2336.673125
0.856644,27,2337.362611
0.652025,26,2338.02742
15.274862,176,2342.437057
-1.759717,15,2342.819035
16.663871,176,2347.132826
-0.033452,21,2347.680025
15.944821,176,2351.987011
0.099239,22,2352.522491
0.8465,26,2353.149784
15.974361,176,2357.48108
1.397733,37,2358.401182
-1.107232,17,2358.830907
-0.808764,18,2359.268648
-0.453424,19,2359.737562
0.116253,22,2360.284955
-1.036364,17,2360.699231
0.32409,24,2361.302092
-2.045455,14,2361.67736
5.531314,125,2364.875014
-0.563838,19,2365.366951
-1.00024,17,2365.810725
0.82535,26,2366.491894
-0.481753,19,2366.960844
-0.29506,20,2371.697437
0.195724,22,2372.251581
-0.5,19,2372.736719
-2.087273,14,2373.082926
-0.088491,20,2373.588301
-0.112026,20,2374.087423
-0.709279,18,2374.530246
3.763688,94,2376.91423
0.853061,27,2377.613447
0.017355,21,2378.177601
0.044577,21,2378.750152
-1.030264,17,2379.207456
18.214816,176,2383.685755
0.291899,23,2384.276956
-0.961916,17,2384.705442
15.40455,176,2389.171109
17.176562,176,2393.55017
-1.032183,17,2393.97332
3.423884,105,2396.581518
-1.685789,15,2396.965218
-0.783609,18,2397.43523
-1.072727,17,2397.851087
0.337428,23,2398.41468
-1.107212,17,2398.834528
0.470084,22,2399.387269
-0.554132,19,2399.856639
0.087291,21,2400.394091
-0.508266,19,2400.868871
-0.295275,20,2401.370736
-0.784953,18,2401.827939
5.985669,173,2406.193159
2.668323,71,2408.005527
0.772049,26,2408.680345
-0.763449,18,2409.154899
-1.008989,17,2409.587291
16.404989,176,2413.890229
-0.816267,17,2414.337877
0.345487,23,2414.916256
0.079434,22,2415.474951
3.21846,72,2417.239414
-0.821899,18,2417.690892
-0.532595,19,2418.156749
-1.107232,17,2418.575915
-0.086033,21,2419.112931
-0.995968,17,2419.53285
-0.237326,20,2420.020463
0.144177,22,2420.580199
0.682975,26,2421.226748
0.431886,24,2421.841148
0.386171,23,2422.4098
-0.997982,17,2427.071897
-0.559015,19,2427.547566
0.065318,22,2428.106635
0.559613,26,2428.755824
0.913709,29,2429.480507
16.341827,176,2433.922473
0.791802,25,2434.544885
0.166771,22,2435.087157
-0.998468,17,2435.510688
-1.721818,15,2435.888325
0.783949,27,2436.558544
-2.045455,14,2436.902495
-2.045455,14,2437.26168
-0.506053,19,2437.734497
0.31009,23,2438.318911
-0.819657,18,2438.764875
0.110104,22,2439.330462
2.951832,89,2441.533753
-1.095563,17,2441.963519
15.094489,176,2446.421315
-0.068551,21,2446.953599
0.880625,27,2447.651832
-0.272727,20,2448.172015
-1.681818,15,2448.562833
0.442266,23,2449.130288
15.629087,176,2453.504463
-0.0188,21,2454.02738
16.302703,176,2458.340277
0.456185,24,2458.949954
0.343699,23,2459.532973
0.456157,25,2460.158207
-0.230458,20,2460.683027
-0.821899,18,2461.144515
-1.314221,16,2461.53611
15.320324,176,2465.838236
-0.180478,20,2466.339711
0.67408,26,2466.985945
0.261697,23,2467.551929
15.019868,176,2471.939579
-0.030043,21,2472.462786
0.300879,23,2473.027278
0.519687,24,2473.61611
-0.324186,19,2474.086898
-1.419838,16,2474.475339
-1.107232,17,2474.888972
0.267391,23,2475.456867
0.293414,23,2476.010383
2.131793,59,2477.452774
-0.139248,20,2477.958363
-1.105919,17,2482.607575
14.711506,176,2486.940451
-0.5,19,2487.44378
-1.718125,15,2487.834913
0.407575,24,2488.438513
18.522161,176,2492.819722
13.582136,176,2497.197785
15.31233,176,2501.622474
14.930015,176,2506.107603
0.123434,22,2506.666254
-0.75104,18,2507.12243
0.279799,23,2507.685727
14.753342,176,2512.062592
0.144657,22,2512.609536
0.135305,22,2513.135789
13.965754,176,2517.33542
13.566266,176,2521.65453
0.61411,25,2522.276037
-1.106417,17,2522.695861
1.540977,50,2523.919565
-0.043584,21,2524.438184
-1.107232,17,2524.859232
-0.80846,18,2525.311208
14.846277,176,2529.738612
-0.486873,19,2530.214851
0.211413,23,2530.785941
-0.754545,18,2531.230173
-0.534684,19,2531.713003
-0.182771,20,2532.213101
-0.19253,20,2532.721953
15.871375,176,2541.177257
-0.784457,18,2541.619742
0.100113,22,2542.156559
-1.418409,16,2542.537299
-1.030144,17,2542.943583
-0.563838,19,2543.410311
-0.789091,18,2543.852901
-0.171368,20,2544.341503
13.962078,176,2548.59895
0.148786,22,2549.144038
15.848875,176,2553.483593
-0.563838,19,2553.950241
-1.072727,17,2554.369459
0.504516,25,2554.992043
-1.345455,16,2555.387821
0.361159,24,2555.976624
-0.540961,19,2556.453429
0.694562,25,2557.096868
-0.125748,21,2557.631005
16.346521,176,2561.936161
-0.322411,20,2562.426066
-2.126869,14,2562.774657
17.359578,176,2567.072992
-0.062152,21,2567.596667
13.566336,176,2571.874156
-0.491879,19,2572.341784
-1.107232,17,2572.763827
-0.209524,20,2573.241744
0.047788,22,2573.765456
-1.730999,15,2574.120952
14.236361,176,2578.340915
-0.25186,20,2578.821925
14.434815,176,2583.059055
0.504915,25,2583.687253
-0.527677,19,2584.163615
-0.257342,20,2584.681674
-0.563838,19,2585.166395
-0.490164,19,2585.640792
-0.499631,19,2586.11464
-1.345455,16,2586.516573
-0.036811,21,2587.067815
15.030125,176,2595.635514
14.254402,176,2599.928181
-0.425351,19,2600.392884
0.136534,22,2600.92094
0.154704,22,2601.446203
17.646883,176,2605.737962
17.05757,176,2610.068523
-1.069025,17,2610.498925
-1.036364,17,2610.918264
0.426019,24,2611.512239
15.879098,176,2615.86265
-0.015437,21,2616.384404
0.11894,22,2616.926692
-1.072727,17,2617.345402
-1.035474,17,2617.756132
-0.03451,21,2618.269621
-0.821899,18,2618.711339
-0.821899,18,2619.17007
0.48328,25,2619.80614
0.588037,25,2620.431177
-0.458245,19,2620.904903
-0.299171,19,2621.370333
-1.107232,17,2621.806506
16.595494,176,2626.118764
-0.27001,20,2626.634036
-0.303636,20,2627.143309
-1.072727,17,2627.578562
-1.000865,17,2628.01395
15.958113,176,2632.168179
16.490951,176,2636.42668
16.662935,176,2640.740338
16.624375,176,2649.307878
-2.045455,14,2649.649746
-0.049898,21,2650.201338
-1.096359,17,2650.630055
-0.303476,20,2651.130874
-0.492804,19,2651.608097
1.216619,56,2653.014801
15.370468,176,2657.427412
-0.754545,18,2657.880125
16.915958,176,2662.085309
17.389799,176,2666.317276
0.148915,22,2666.844283
14.688407,176,2671.170635
-0.789091,18,2671.614605
0.046707,22,2672.153267
-1.400943,16,2672.549239
17.034759,176,2676.868589
-1.419071,16,2677.273483
0.195677,23,2677.835854
-0.2184,20,2678.331059
-0.821899,18,2678.767637
1.208042,55,2680.145456
14.19379,176,2684.431416
-0.783733,18,2684.898606
16.174421,176,2689.156605
15.659819,176,2693.408664
0.414037,25,2694.007081
17.840585,176,2702.598261
17.640609,176,2706.958925
-0.476555,19,2707.442118
-0.561893,19,2707.925969
-0.527358,19,2708.408821
18.595896,176,2712.69288
-0.101818,21,2713.214422
-1.580476,15,2713.592579
18.047567,176,2717.982016
15.492526,176,2722.274191
-0.098015,21,2722.79501
15.349567,176,2727.057413
-1.036364,17,2727.481199
17.60289,176,2731.716353
14.495959,176,2736.097369
0.076248,22,2736.620975
-0.511828,19,2737.082381
14.891545,176,2741.457103
-0.333051,20,2741.945129
0.379475,24,2742.519194
16.577434,176,2746.821658
15.044346,176,2755.307996
-0.072727,21,2755.848606
-0.303636,20,2756.341686
-0.101818,21,2756.855177
0.601761,25,2757.455926
16.815104,176,2761.682692
-0.285626,20,2762.179554
-0.716286,18,2762.623012
-0.222455,20,2763.104208
4.683865,138,2766.432546
-0.66621,18,2766.884994
-0.268345,20,2767.375618
15.66683,176,2771.723767
18.129942,176,2776.096452
0.072727,22,2776.654944
-0.821899,18,2777.112919
-1.382036,16,2777.502014
-0.563838,19,2777.971995
-1.419838,16,2778.370241
-0.248112,20,2778.860639
0.654076,28,2779.551717
-1.072727,17,2779.98076
14.728639,176,2784.289669
-0.491981,19,2784.749248
17.356515,176,2788.971055
1.665445,76,2790.827645
13.585272,176,2795.111779
-0.332616,20,2795.60244
-0.545577,19,2796.070406
-0.258304,20,2796.562906
0.897743,29,2797.283278
-0.100763,21,2797.805878
13.515663,176,2802.164644
0.255592,23,2802.742421
2.104459,79,2804.69813
-1.036364,17,2805.112171
0.050497,22,2809.876368
0.6302,26,2810.497604
-0.563838,19,2810.955518
13.692441,176,2815.177619
-0.5,19,2815.643198
-0.532727,19,2816.109119
15.380366,176,2820.36388
18.799259,176,2824.663187
16.194959,176,2828.955167
4.02787,115,2831.786821
-0.100419,21,2832.310977
-0.477408,19,2832.779548
-0.508638,19,2833.252954
18.145907,176,2837.553775
-0.101818,21,2838.064602
17.307514,176,2842.415636
15.184827,176,2846.698057
-0.773535,18,2847.14001
-0.561774,19,2847.597161
14.647295,176,2851.847134
15.309306,176,2856.134128
-0.563838,19,2856.601972
16.817868,176,2865.039805
14.71291,176,2869.272387
-1.072727,17,2869.693711
-1.036364,17,2870.130235
15.847964,176,2874.428385
-1.383636,16,2874.825547
-0.966878,17,2875.228575
0.382856,24,2875.804222
1.152309,64,2877.350903
-0.092072,21,2877.881648
17.794991,176,2882.184209
-1.034183,17,2882.61848
4.408517,104,2885.16072
-1.107232,17,2885.586544
-0.789091,18,2886.054183
0.77191,26,2886.717311
0.046707,22,2887.278661
0.05287,22,2887.834113
15.973185,176,2892.139616
16.088558,176,2896.509248
-1.107232,17,2896.93733
-0.291227,20,2897.437239
17.779878,176,2901.771806
16.594329,176,2906.08307
12.576423,176,2910.301065
-0.821899,18,2910.726086
15.014881,176,2919.267807
-0.328505,20,2919.759197
13.951803,176,2924.04001
15.953471,176,2928.410556
14.834747,176,2932.635153
15.316277,176,2936.892855
17.029187,176,2941.114312
15.447073,176,2945.430442
-0.525743,19,2945.897793
17.700259,176,2950.204405
16.950081,176,2954.475812
14.348918,176,2958.811003
-0.522954,19,2959.281017
-2.045455,14,2959.633523
1.814903,44,2960.723093
14.26515,176,2965.034933
14.118058,176,2973.528623
0.44505,24,2974.122193
-1.383636,16,2974.521008
-0.009837,21,2975.050996
-0.079374,21,2975.57211
14.922168,176,2979.799285
0.241484,23,2980.359188
14.583815,176,2984.550238
-1.383636,16,2984.939209
15.989485,176,2989.22443
0.180532,22,2989.764306
0.357201,24,2990.340322
-1.036364,17,2990.761027
-1.095747,17,2991.181561
-2.045455,14,2991.532346
-0.532727,19,2992.016001
18.29542,176,2996.248016
13.622862,176,3000.43175
15.595481,176,3004.745679
-0.789091,18,3005.181988
-1.721818,15,3005.548677
0.220173,23,3006.101976
13.732626,176,3010.352553
16.426028,176,3014.661198
15.048445,176,3019.010589
0.209223,23,3019.580245
18.222499,176,3028.13237
0.317374,24,3028.724501
0.137954,22,3029.276558
16.832958,176,3033.573308
-0.272727,20,3034.050596
-1.072727,17,3034.457782
-0.272727,20,3034.940959
-0.089754,21,3035.456744
-1.718479,15,3035.823442
-1.072727,17,3036.235067
14.961192,176,3040.493264
-1.055982,17,3040.906549
14.508981,176,3045.193585
-0.532727,19,3045.665274
0.261113,23,3046.232988
-0.303636,20,3046.738646
-0.789091,18,3047.186212
14.345774,176,3051.378831
-0.496057,19,3051.846848
-0.530146,19,3052.307208
15.13983,176,3056.558046
-0.789091,18,3057.002737
-1.680222,15,3057.360065
-0.754545,18,3057.793905
-0.789091,18,3058.229648
-0.754545,18,3058.672724
-0.532727,19,3059.139373
-1.345455,16,3059.535325
15.377619,176,3063.714331
-0.270062,20,3064.209148
-0.497292,19,3064.684586
-1.034597,17,3065.109392
-0.333051,20,3065.608051
14.885859,176,3069.989735
-0.821899,18,3070.433107
-0.525892,19,3070.904877
13.679287,176,3075.250197
-0.464179,19,3075.725874
-1.419838,16,3080.359717
-1.345455,16,3080.750892
-0.529733,19,3081.219311
-0.789091,18,3081.659349
-1.715494,15,3082.034494
18.576414,176,3086.344676
17.048344,176,3090.612504
-0.532727,19,3091.098222
0.351779,24,3091.695812
15.013631,176,3095.993029
-0.30598,20,3096.484723
17.168971,176,3100.689467
-1.071273,17,3101.093486
0.090366,22,3101.630295
15.557717,176,3105.886496
-2.035722,14,3106.243407
-1.383636,16,3106.654212
14.792666,176,3110.870121
-0.714085,18,3111.311936
0.290927,23,3111.871177
-1.107232,17,3112.293306
-1.036364,17,3112.711312
0.233349,23,3113.271574
14.42621,176,3117.485329
-0.234637,20,3117.974765
-1.036364,17,3118.377583
-0.754545,18,3118.820898
0.046707,22,3119.358359
-0.543677,19,3119.833497
-0.51331,19,3120.299161
-0.494163,19,3120.758852
15.508293,176,3125.025493
-1.072727,17,3125.451751
-0.129535,21,3125.966762
0.277002,23,3126.535589
14.616967,176,3135.066142
15.227064,176,3139.333854
14.756182,176,3143.605479
0.594723,26,3144.271833
-1.358803,16,3144.684141
0.195677,23,3145.262367
14.472369,176,3149.549807
0.262985,23,3150.132625
-0.805899,18,3150.590311
13.899676,176,3154.783934
-0.5,19,3155.249245
-1.107232,17,3155.675498
-0.475423,19,3156.166812
0.439573,23,3156.728942
15.958764,176,3160.966951
-0.788662,18,3161.418108
0.074782,22,3161.955313
14.041585,176,3166.193653
-0.496562,19,3166.660383
-1.045381,17,3167.071109
-0.749345,18,3167.506294
0.112195,22,3168.064222
0.10643,22,3168.594278
-2.045455,14,3168.929633
-0.161891,20,3169.411044
-0.752695,18,3169.859649
-0.114123,21,3170.387231
0.046707,22,3170.931871
14.368127,176,3175.183878
15.293363,176,3179.464147
-0.477336,19,3179.915766
16.30644,176,3188.461971
-0.272727,20,3188.955977
16.815013,176,3193.312279
-0.280164,20,3193.805357
-0.532386,19,3194.265229
0.638484,26,3194.904391
0.222649,23,3195.472944
14.751413,176,3199.743573
15.265778,176,3204.05353
14.938922,176,3208.474927
-2.087273,14,3208.818072
17.363332,176,3213.112411
0.434428,25,3213.724055
-1.595805,15,3214.086023
0.207546,22,3214.625878
-1.072727,17,3215.035924
-0.730125,18,3215.482682
0.516553,25,3216.079762
-1.400652,16,3216.460135
-0.406434,19,3216.91111
0.173982,22,3217.449281
-1.10069,17,3217.857788
0.153656,21,3218.365227
-0.811309,18,3218.796792
-0.447279,19,3219.266908
0.116311,22,3219.807603
-0.740887,18,3220.235945
0.131567,22,3220.760195
0.084197,22,3221.28762
-0.754545,18,3221.722489
-0.789091,18,3222.161868
-0.052391,21,3222.677975
-0.789091,18,3223.118228
-1.383636,16,3223.509495
-0.500779,19,3224.020203
0.083642,22,3224.570004
19.575369,176,3228.814252
-0.301872,20,3229.30479
-1.375975,16,3229.704395
15.856991,176,3233.977591
-0.789091,18,3234.420185
12.858851,176,3242.844066
15.210516,176,3247.194607
-0.129535,21,3247.714591
16.570847,176,3252.027041
-1.025631,17,3252.445368
15.264217,176,3256.708118
13.910395,176,3261.027669
17.574331,176,3265.351875
-0.26697,20,3265.842322
-1.419838,16,3266.235929
16.610047,176,3270.573003
-1.383636,16,3270.982471
-0.05067,21,3271.493522
14.718797,176,3275.778855
-2.045455,14,3276.117874
16.400869,176,3280.294187
0.372422,24,3280.880431
-0.129535,21,3281.380807
0.112609,22,3281.903488
0.106014,22,3282.418613
16.300935,176,3286.614552
-0.5,19,3287.07892
0.331027,24,3287.656128
0.119115,22,3288.191494
-1.036364,17,3288.606728
0.37135,24,3289.217239
-0.129535,21,3289.735369
-0.77552,18,3290.196016
15.213568,176,3298.610029
14.703129,176,3302.925368
17.892067,176,3307.156713
-0.12406,21,3307.660786
-0.821899,18,3308.093322
16.582652,176,3312.286168
0.148876,22,3312.817633
-1.107232,17,3313.233996
0.100172,22,3313.783317
-0.332412,20,3314.276869
0.106161,22,3314.817554
-0.254215,20,3315.326682
-1.077875,17,3315.752125
17.366409,176,3319.99778
15.556194,176,3324.280428
12.723373,176,3328.522914
0.197272,23,3329.079837
0.285996,23,3329.651773
0.388475,24,3330.23805
16.16488,176,3334.423292
14.497378,176,3338.65225
0.289146,23,3339.19997
-1.683841,15,3339.56243
-0.255298,20,3340.043641
0.484212,25,3340.651383
18.247314,176,3344.931195
20.454886,176,3353.392956
15.48153,176,3357.556652
-1.681818,15,3357.917103
-0.333051,20,3358.40059
16.337336,176,3362.620074
-0.515887,19,3363.078877
15.716093,176,3367.3473
14.062607,176,3371.592944
-0.272727,20,3372.090868
14.806316,176,3376.365452
-1.657444,15,3376.74786
0.226508,23,3377.315313
15.843515,176,3381.55419
17.155471,176,3385.822085
-0.81982,18,3386.267696
-0.5,19,3386.729146
-0.072727,21,3387.247774
16.921501,176,3391.447173
0.214746,23,3392.008606
-0.272073,20,3392.479418
12.306864,176,3396.569714
-1.659189,15,3396.934225
-0.551987,19,3397.371708
-0.129535,21,3397.853623
18.901279,176,3406.322134
-1.072727,17,3406.729989
-0.303636,20,3407.197731
0.346485,24,3407.753732
0.164811,22,3408.25989
-0.129023,21,3408.765721
-0.713313,18,3409.225527
-0.265337,20,3409.730344
-1.322756,16,3410.135515
-1.721818,15,3410.493485
15.388685,176,3414.659938
0.315275,23,3415.225781
0.247293,23,3415.762124
-0.270366,20,3416.240663
15.322793,176,3420.344959
-1.107232,17,3420.750766
-0.101818,21,3421.244097
-0.098874,21,3421.737243
0.705264,29,3422.421203
-0.481038,19,3422.868242
-0.754545,18,3423.302469
13.266153,176,3427.439475
-0.032808,21,3427.95085
-0.515763,19,3428.405924
-0.238677,20,3428.901644
-0.01503,21,3429.431822
-0.821899,18,3429.881573
-0.322941,20,3430.370081
-0.955454,17,3430.780184
17.603372,176,3434.989939
-0.521582,19,3435.443481
14.723327,176,3439.646121
-0.10126,21,3440.148346
14.474685,176,3444.352602
-0.563838,19,3444.810084
-0.563838,19,3445.257875
-0.254424,20,3445.737772
-0.731344,18,3446.184736
0.351973,23,3446.745326
0.046707,22,3447.283647
-0.745194,18,3447.726941
-0.072727,21,3448.247284
-0.332909,20,3448.737884
15.024942,176,3457.108873
-1.721818,15,3457.486422
-1.072727,17,3457.910547
0.1,22,3458.445642
-0.301651,20,3458.929733
-0.493253,19,3459.389561
-0.52379,19,3459.861457
-0.297486,20,3460.341341
0.273628,23,3460.898651
-1.074032,17,3461.301477
-0.332289,20,3461.780548
-0.563838,19,3462.237334
12.145188,176,3466.395555
0.437002,25,3466.998846
16.277612,176,3471.34715
13.227087,176,3475.488803
-0.477735,19,3475.927759
0.117093,22,3476.466454
-0.093969,21,3476.990366
0.35486,24,3477.566476
-0.272727,20,3478.062113
-0.249522,20,3478.541385
14.608497,176,3482.653475
15.792003,176,3486.900676
16.299793,176,3491.08413
-0.272727,20,3491.561951
15.606906,176,3495.771222
-0.129535,21,3496.267638
0.367547,24,3496.84353
0.195677,23,3497.39341
-0.303636,20,3497.87862
14.910981,176,3502.115776
