#{"t_start": 1773466746.8994577, "env_id": "continuous-highway-v0"}
r,l,t
-0.551713,11,4.730029
-1.370578,11,5.022282
-1.267413,11,5.321646
0.370025,13,5.706343
-1.116622,11,6.032489
-1.42029,11,6.346091
-0.108288,13,6.745784
-1.054851,11,7.07617
-0.716983,12,7.408253
-0.064237,14,7.806452
-1.622878,11,8.0968
-1.601859,11,8.418744
-0.737136,12,8.774445
-1.275265,11,9.089477
-1.040975,11,9.425401
-2.38421,10,9.71702
-1.032419,12,10.074438
-0.52496,13,10.445436
-0.806861,12,10.76407
-1.092477,12,11.099198
0.08529,13,11.448841
-0.515202,13,11.806988
-1.32044,11,12.106014
-1.075312,12,12.43267
-1.392352,11,12.73001
0.814256,14,13.110577
-0.776813,12,13.429148
0.021048,14,13.793663
-1.113323,12,14.122329
-1.309078,11,14.414927
-0.129901,13,14.753215
-0.341548,12,15.071101
0.509763,13,15.415631
-0.034,14,15.790369
-0.746242,12,16.096181
-0.643718,12,16.42062
-0.523603,12,16.749937
-0.437159,12,17.072859
0.346765,13,17.4286
0.080416,14,17.794794
0.631204,14,18.183521
-0.557325,13,18.528761
-1.697085,10,18.797303
-0.454701,13,19.147182
-1.456406,11,19.434411
-1.808813,10,19.686771
-1.421636,11,19.98756
-1.788532,12,20.308323
-0.644789,13,20.669319
0.045613,14,21.039972
-0.365369,12,21.359186
-1.92915,11,21.645401
-1.245936,12,21.960473
-0.749783,13,22.317629
-1.747857,10,22.592367
-0.038692,13,22.945269
0.847243,14,23.314315
-0.699417,13,23.661798
-0.763492,13,24.014955
-0.51037,12,24.339467
-0.333024,12,24.663682
-0.301467,13,25.018043
-1.675468,10,25.332781
-0.752816,13,25.728064
-1.097599,12,26.06175
-2.328936,10,26.329999
-0.699849,12,26.658337
-1.437447,12,27.002449
-0.041931,13,27.384523
-2.441562,10,27.686166
-2.186068,10,27.963164
-0.304604,14,28.373248
-0.448596,12,28.714683
-1.508882,11,29.046472
-1.678733,10,29.332603
0.485387,15,29.763427
-0.05811,14,30.145143
-1.635952,11,30.482436
-1.148223,12,30.82672
0.037438,13,31.186209
-1.417065,11,31.514239
-1.060021,12,31.847814
-0.22938,13,32.20325
-1.532517,10,32.490049
-1.28545,11,32.796563
0.029282,13,33.166789
0.221944,15,33.604993
-0.476899,13,33.989533
0.381138,13,34.372106
-0.569838,13,34.746214
-0.271351,13,35.10985
-0.014814,15,35.52933
-0.493711,12,35.862787
-1.158508,11,36.185741
-0.87127,12,36.506872
-1.048494,12,36.834579
-0.672716,12,37.156564
-1.412009,11,37.438292
-0.900448,12,37.782601
-1.608654,10,38.062245
-0.616136,13,38.436777
-0.609243,13,38.784989
-0.51967,13,39.154764
-1.059097,12,39.477182
-0.579479,13,39.850521
-0.691493,12,40.193709
-0.534611,11,40.494125
-0.878785,12,40.813127
-0.328816,12,41.153722
-0.130929,13,41.508535
-0.155853,13,41.848794
-1.116547,13,42.205557
-1.542515,11,42.528209
-0.228534,13,42.886052
-0.648273,13,43.238824
-1.294177,11,43.558414
-1.261337,11,43.867147
-1.754338,11,44.189587
-1.326966,12,44.538094
-1.540221,11,44.831115
-1.18466,12,45.166723
-0.536297,13,45.538869
-0.268793,13,45.902216
-0.052148,13,46.303341
-1.753284,10,46.589704
-1.62797,10,46.86961
-0.982299,12,47.210737
-0.109209,14,47.610978
-1.079912,11,47.911003
-1.656372,11,48.215856
-1.152101,11,48.52111
0.428534,13,48.863822
-2.096981,10,49.145624
-1.363037,10,49.397173
-0.252801,12,49.717262
-0.52616,12,50.053351
-1.050212,11,50.368039
-0.887272,12,50.696472
-0.466925,12,51.034828
-0.343015,13,51.382142
-0.449663,13,51.760628
-0.270037,13,52.130272
-1.716837,10,52.437025
-1.877444,11,52.750928
-1.170813,12,53.103469
-1.222786,11,53.397923
-2.065127,10,53.666939
-1.65013,11,53.973607
-1.727511,10,54.249567
-2.018918,10,54.531008
-0.175751,12,54.86274
-1.062521,12,55.198791
-0.170056,13,55.559359
-0.191328,13,55.90226
-0.058395,14,56.292434
-1.629612,11,56.585271
-1.94399,10,56.862203
-1.823909,10,57.152254
-1.343239,11,57.467399
-1.307827,11,57.779633
-1.1842,11,58.076036
0.354576,14,58.459423
-0.412867,13,58.820918
-1.493627,11,59.137157
-2.069264,11,59.449859
-0.118484,13,59.803739
0.108478,13,60.167471
-0.483262,14,60.563822
-2.272873,10,60.849393
-0.270153,12,61.191041
-1.477069,11,70.269916
-0.395385,13,70.631924
-1.947295,10,70.90959
-0.603028,12,71.231936
-0.010145,14,71.610805
-0.688687,11,71.897779
0.753675,15,72.284828
-0.299466,13,72.61083
-1.113502,12,72.929063
-0.810881,12,73.250023
-1.188058,12,73.567962
0.331476,13,73.910079
-2.098121,11,74.205173
-0.972203,12,74.523421
0.096283,13,74.865493
-1.109531,12,75.192351
0.353245,15,75.601354
-0.673652,12,75.919214
-2.223929,10,76.177762
-0.082888,13,76.527347
-0.82754,13,76.876099
-1.676493,11,77.167296
-1.049072,12,77.493123
-0.797522,13,77.834677
-0.55739,14,78.214256
-0.584074,12,78.525353
-2.086704,10,78.791118
-1.478198,12,79.102083
-0.308102,12,79.421106
-1.590789,11,79.716719
-1.793026,11,80.025001
-0.0681,14,80.398619
-2.713191,9,80.650153
-0.730514,12,80.962236
-0.696334,13,81.296791
-0.33563,14,81.686818
-1.044571,11,81.996294
-0.139837,13,82.350311
-1.062002,13,82.689311
-0.46831,13,83.043387
-0.53239,13,83.396534
-1.271655,12,83.719933
-0.029641,13,84.066775
-1.42528,11,84.360925
-1.342678,12,84.684258
-0.613426,12,84.992034
-1.14431,11,85.27902
-0.774247,14,85.656281
-1.975258,10,85.920635
0.140449,14,86.290896
-0.296727,14,86.653318
-1.38398,11,86.948962
-1.370101,11,87.243957
0.418423,15,87.645427
0.388302,14,88.023582
-1.020983,13,88.371756
-0.967001,11,88.651059
-1.941756,12,88.985114
-1.567181,11,89.289068
-0.52172,13,89.645672
-1.205587,12,89.949371
-0.07028,15,90.351085
-0.208177,13,90.700556
-0.715559,13,91.049185
-1.39361,11,91.345524
-1.704317,11,91.641664
1.066662,15,92.043884
0.580508,14,92.424533
-0.23927,12,92.743302
-0.661541,12,93.060823
-1.10514,12,93.379298
-1.835335,11,93.676764
0.093539,14,94.050363
-1.426602,12,94.377326
-0.097682,15,94.780756
0.103336,14,95.16098
0.627223,14,95.532293
-0.356254,13,95.87331
-0.967391,12,96.16836
-1.896847,10,96.434205
-1.87076,11,96.731454
-0.031052,13,97.061617
-1.149332,11,97.358747
-2.381124,10,97.640901
0.363254,14,97.996081
-0.414224,12,98.320873
-1.281491,11,98.613817
-0.039935,12,98.93987
-0.376994,13,99.282594
-0.116666,13,99.619191
-0.807093,13,99.9861
-0.989681,12,100.3155
0.002243,14,100.70075
-0.932852,12,101.037621
-0.852751,12,101.367548
-0.747845,12,101.69731
-1.147595,12,102.022023
-0.181253,12,102.350074
0.251256,16,102.797951
-2.229819,11,103.098019
-1.026049,11,103.383538
-1.361075,12,103.729559
-0.795674,12,104.051297
-0.126402,12,104.359663
-0.812679,13,104.709976
-0.494603,12,105.030583
-0.470218,13,105.380152
-1.486249,11,105.678492
1.120863,14,106.058711
-1.313074,12,106.390039
-2.169487,10,106.647627
-1.038857,12,106.970442
-1.55772,11,107.274647
-2.025677,11,107.560304
0.05255,13,107.906115
-0.238513,13,108.266581
-1.244497,12,108.635679
-0.226481,13,109.022939
-0.88531,12,109.334337
-1.768625,11,109.639593
0.742441,14,110.005911
-1.133068,11,110.309718
-0.153689,13,110.660095
-0.092045,13,111.017762
-1.62136,11,111.333926
-0.745241,13,111.685664
-0.035241,13,112.035164
-2.204257,10,112.302085
-1.753614,11,112.575445
-0.544523,12,112.89533
0.147856,13,113.274746
-2.022562,11,113.57697
-2.037682,11,113.872949
-1.682084,11,114.155997
-0.462987,14,114.561293
-0.579842,13,114.921603
-0.838351,12,115.269798
-1.362951,10,115.555293
-1.076436,12,115.905172
-0.667047,13,116.273679
-0.790626,12,116.5991
-2.120558,10,116.856067
-0.652143,13,117.212062
-0.367952,12,117.522337
-0.594685,11,117.825773
-0.587343,13,118.174241
0.211765,14,118.544332
-0.946162,12,118.867725
-1.142962,13,119.215983
-0.940449,12,119.526575
-1.593634,11,119.80531
-0.771984,11,120.077874
-1.616167,11,120.359199
-1.554799,11,120.638333
-0.902847,11,120.941906
0.408928,15,121.328409
-0.843235,13,121.678313
-0.779984,11,121.974846
-2.059655,10,122.240958
-0.767459,12,122.561928
0.249225,15,122.958339
-1.403187,12,123.269111
-1.681654,12,123.58814
-1.753091,11,123.885756
-1.408235,12,124.205529
-1.364025,11,124.50314
-0.702624,12,124.820547
-0.977632,11,125.101145
-1.202319,12,134.112257
-1.301884,12,134.423472
-1.398794,11,134.710428
-1.25059,13,135.03761
-1.26018,12,135.374021
-0.352471,12,135.701738
-0.693609,12,136.022243
-1.726021,11,136.318429
-0.563433,13,136.66018
-0.151807,13,136.99509
0.229255,15,137.38851
-0.812088,13,137.739462
-1.842202,10,138.011231
0.734236,17,138.447432
-1.191871,12,138.772199
0.188325,13,139.111292
-1.146376,12,139.435965
-0.464795,13,139.774803
0.336349,16,140.209941
-1.389757,12,140.527085
-1.740907,11,140.821185
-1.185613,11,141.131851
-0.292026,13,141.464485
-0.257456,13,141.804459
-0.671326,13,142.161036
-0.826534,13,142.494112
0.168473,14,142.881244
-0.033373,13,143.237806
-1.419203,11,143.533733
-1.327298,12,143.852746
-0.491716,14,144.231429
0.209709,13,144.57356
-0.587811,13,144.923143
-1.297744,12,145.241185
-1.850064,10,145.498784
1.050897,17,145.947334
-1.418488,11,146.227181
-1.145902,12,146.546229
0.123167,14,146.902247
-1.274055,12,147.235947
-0.447752,14,147.600874
-2.255518,11,147.896884
0.627844,16,148.330238
-1.250658,12,148.657537
-0.258892,14,149.030037
-0.679577,14,149.402292
-1.785179,10,149.670373
-0.610523,11,149.956924
-1.341782,13,150.301965
0.533723,15,150.707558
-1.985652,11,151.012098
0.1833,14,151.404908
-0.314653,13,151.774258
-1.652588,11,152.087543
0.345372,14,152.477086
-0.251224,13,152.811391
-0.344876,13,153.188086
-1.312992,11,153.496135
-1.46181,11,153.800895
-1.116698,12,154.129963
0.006509,14,154.506757
-1.542865,12,154.833085
0.232353,14,155.196852
-1.17919,13,155.54859
-1.534273,11,155.859449
-1.984505,10,156.123767
-0.122869,14,156.501568
-0.975245,12,156.831156
-0.523184,13,157.209087
-0.166572,13,157.566417
-1.432547,13,157.926339
-1.000767,12,158.252248
-0.331474,13,158.594331
-0.669843,13,158.93575
-1.055768,12,159.256826
-0.777902,12,159.574829
-1.630595,11,159.856199
-0.145091,15,160.250139
0.769018,15,160.653039
-2.172735,10,160.919897
-1.204982,12,161.230163
-1.266895,11,161.525664
-0.981489,13,161.875766
-0.221215,13,162.239838
-1.130971,12,162.560255
-2.015856,11,162.848385
-0.179717,13,163.199195
-0.014918,13,163.569948
0.475349,15,163.981456
-0.724378,13,164.332134
-1.569461,11,164.620938
-0.446648,13,164.978782
-0.406933,13,165.31572
-1.392698,12,165.635183
-0.685523,12,165.963392
-0.029303,15,166.368413
-1.111058,12,166.695847
-2.061138,10,166.962858
-0.078583,14,167.336102
-0.659309,13,167.672419
-0.689076,13,168.031855
-1.658189,11,168.328486
-1.072994,12,168.664704
-1.301945,11,168.96969
-0.863994,12,169.290541
0.231658,14,169.672065
-0.302146,13,170.024883
-0.5484,13,170.37155
-1.283523,13,170.711987
1.300631,18,171.189145
-0.837872,15,171.581199
-0.893266,13,171.915312
-0.765427,13,172.254914
-0.681704,13,172.602409
0.180584,14,172.988061
0.144943,13,173.328516
-0.453366,14,173.70714
-0.902069,12,174.01705
0.12802,13,174.356833
-0.867271,13,174.708745
0.573865,15,175.110472
-0.407507,13,175.450828
-0.789009,12,175.760083
-0.595635,13,176.138824
-2.184975,10,176.420108
-2.642896,9,176.661047
-1.389321,12,176.988393
0.200928,14,177.373191
0.48353,14,177.75199
0.000588,14,178.132231
0.727096,15,178.535513
0.713404,16,178.952039
0.09903,15,179.344905
-0.927925,13,179.686566
-1.22559,11,179.968991
-0.173387,13,180.32013
-0.482926,13,180.653865
0.700647,15,181.039885
-0.529984,14,181.403101
0.42389,15,181.805345
-0.802358,12,182.122863
-0.261902,14,182.490834
0.058289,14,182.85111
0.130304,15,183.24462
-0.701445,13,183.591671
-1.131,12,183.898902
-1.235414,12,184.208835
-1.452901,12,184.52414
-1.172836,14,184.891407
-1.216362,11,185.184107
-0.688763,13,185.520461
-1.445699,12,185.837821
-0.530279,13,186.1741
-0.739973,13,186.50227
-1.693261,12,186.808743
-1.762605,11,187.092383
-2.350356,10,187.358732
-0.561446,13,187.691276
-0.503295,13,188.026073
-0.272677,13,188.361358
-0.742252,13,197.526757
-0.983773,13,197.859636
-0.674696,13,198.221096
-1.919775,11,198.525517
-0.978575,12,198.85378
-0.938793,12,199.173237
-1.91996,11,199.477266
0.994149,16,199.90219
-0.726516,12,200.240066
0.759632,15,200.636067
-0.179011,14,201.007827
-0.533017,13,201.365205
-0.520192,13,201.706776
-2.179521,12,202.018586
0.151569,14,202.382695
-0.509905,14,202.763665
-1.026971,12,203.099349
0.188007,15,203.493791
-0.398633,13,203.828057
-1.251875,12,204.139197
-0.728863,12,204.458277
-1.253757,12,204.793637
0.570311,16,205.204781
-0.127966,14,205.578157
-0.391282,13,205.93687
-0.136945,13,206.272082
-1.227293,13,206.624039
-1.591413,11,206.923321
1.033042,16,207.342402
-1.667087,12,207.654226
-0.848494,14,208.026633
-1.777785,11,208.323889
-0.838168,13,208.667202
-0.491429,14,209.039999
-0.877785,13,209.382168
-1.957214,11,209.685718
0.198096,15,210.105158
-1.326136,12,210.434216
-0.440011,13,210.769166
-1.247979,12,211.081786
-0.376101,13,211.424141
-1.593245,11,211.705376
-0.328986,16,212.115473
-1.421594,12,212.42746
0.18717,14,212.797147
-0.375382,14,213.23132
-1.598708,12,213.570147
-0.822244,12,213.896122
-1.453575,12,214.272398
-0.299243,13,214.605505
-0.87323,12,214.930405
-2.057436,11,215.225304
-1.214244,13,215.565788
-1.20611,13,215.923155
-0.406401,13,216.264086
-0.918418,12,216.583045
-0.638548,14,216.955621
-0.28704,14,217.334493
-1.213606,11,217.622638
-0.407919,14,217.9878
-0.772416,14,218.345635
-0.210624,13,218.687701
-2.337871,10,218.946803
0.289306,15,219.34199
-0.537099,13,219.6844
-2.555962,10,219.949152
-1.010727,14,220.320806
-2.282307,11,220.609359
-0.594144,12,220.936445
-0.386634,13,221.278692
-0.70416,13,221.605924
0.327011,15,222.002425
-1.332319,13,222.344186
-1.478502,12,222.66308
-1.092631,13,222.996652
-1.18829,12,223.31558
0.370897,15,223.710428
-1.297489,13,224.068421
0.827978,16,224.478177
-0.928964,13,224.835947
0.332905,17,225.300985
-1.104532,12,225.628152
-0.581323,13,225.963201
-0.413447,14,226.320839
-0.781468,14,226.684625
0.74461,15,227.079394
0.383815,15,227.482296
-0.841757,13,227.825186
-1.032935,13,228.173665
-1.563734,12,228.499707
-0.891369,14,228.863819
-1.631992,11,229.144935
-0.967993,13,229.485699
-0.80649,13,229.817732
0.845421,16,230.233688
-0.536165,14,230.603542
0.667198,15,230.988365
-0.869444,13,231.327453
-0.808282,13,231.670696
0.415767,16,232.086589
-0.638767,14,232.45013
0.694787,16,232.874605
-1.436105,12,233.192446
-0.157272,13,233.557586
-1.312696,12,233.893886
0.291252,15,234.295368
-0.376559,13,234.641331
0.01878,15,235.010515
-1.477932,11,235.291873
0.266494,16,235.727739
-1.253115,13,236.081542
-0.082817,14,236.46945
-0.89239,14,236.863699
-0.401015,13,237.212747
-0.057401,15,237.615536
-0.789423,13,237.958551
-0.9398,14,238.314904
-0.434773,13,238.658003
-1.663652,12,238.978392
-0.626429,13,239.329024
-0.862706,13,239.671937
-0.544124,14,240.037956
-0.779217,12,240.366829
0.228486,16,240.769759
-0.528258,13,241.120903
-1.226363,13,241.462418
1.360374,18,241.941852
-0.222003,13,242.29207
-0.200943,14,242.673068
-0.452326,13,243.014567
-1.765834,11,243.312649
-0.895182,13,243.639868
-0.252971,13,243.966693
0.282944,14,244.347443
-0.354135,14,244.721753
-0.155464,14,245.078813
-0.212092,14,245.449465
0.167283,14,245.812079
0.505261,15,246.201004
-0.306514,14,246.565423
-1.942208,11,246.852937
-0.707494,12,247.170491
0.327798,15,247.55543
-0.408887,13,247.904172
-1.221035,12,248.222764
-0.556388,13,248.55498
-1.939877,11,248.843264
-1.460185,13,249.183641
0.008562,15,249.592891
-0.947931,13,249.942459
-1.561309,10,250.207647
-0.351259,14,250.578536
0.156939,15,250.974949
-0.429312,14,251.34005
-2.43141,10,251.598364
-0.535802,13,260.79552
-0.724848,13,261.137675
0.321452,15,261.532957
-2.346205,11,261.822103
-0.500369,14,262.198074
-1.564288,12,262.510617
0.39488,14,262.877187
-1.346134,11,263.158191
-1.919864,12,263.469879
-0.041678,15,263.873
-0.177599,14,264.244349
0.192204,14,264.612453
-1.813444,11,264.900896
-0.496517,14,265.273645
-0.507944,14,265.628909
0.591642,16,266.051017
-0.512071,13,266.381359
-0.994576,12,266.689445
-0.069011,15,267.112901
-0.281417,14,267.497082
0.739123,18,267.967486
0.799604,18,268.442861
-1.333153,12,268.752253
-2.160624,11,269.037838
-0.270434,14,269.407598
-0.570771,13,269.753219
-0.572539,13,270.083602
-1.248067,12,270.400678
0.933632,17,270.854136
-2.037128,11,271.155084
1.18152,18,271.61093
0.127154,13,271.956407
0.680448,15,272.353068
0.024677,13,272.68138
-0.089281,15,273.070854
0.38581,16,273.488699
-0.863857,14,273.854315
-1.53876,12,274.160498
-0.643138,15,274.549522
-0.188633,15,274.932007
-2.033407,11,275.216368
-1.282601,11,275.503104
-0.213503,15,275.905871
-1.033453,13,276.246427
-0.271917,16,276.671048
-1.534993,12,276.983308
-0.342901,15,277.378169
-0.465482,15,277.773812
0.09633,16,278.200413
-1.694522,11,278.490029
0.547741,17,278.938262
0.224868,15,279.326488
-1.452042,12,279.646381
-0.690422,13,279.987963
-0.587534,14,280.345334
0.235214,15,280.725702
-0.125756,14,281.091776
-0.550637,12,281.404576
-0.008186,16,281.829916
-1.175436,13,282.170976
0.739891,14,282.536716
-2.404086,10,282.803477
1.935418,23,283.420134
-2.134251,10,283.694721
-0.639243,12,284.015064
-0.826693,12,284.327855
-0.34995,15,284.717207
-1.633032,11,284.990817
-1.684064,12,285.295227
-0.951531,12,285.624846
-0.383886,15,286.028096
-0.860719,13,286.385754
1.116366,17,286.8263
-0.12578,14,287.184821
-0.624438,14,287.559127
-0.428441,14,287.915576
0.6965,16,288.350305
-0.341849,14,288.727476
-0.086489,15,289.127103
-0.548142,14,289.50779
-0.935645,13,289.852515
-1.949261,11,290.141614
0.49173,16,290.582413
-1.416775,12,290.899891
-0.574501,15,291.319421
-1.456681,12,291.645904
0.812137,17,292.099632
-0.473217,13,292.449364
-0.516324,14,292.828685
-2.641251,10,293.105996
-0.843911,14,293.490051
-1.15421,11,293.787514
-0.600481,13,294.137463
0.466881,15,294.547083
-0.271851,14,294.919384
0.479932,16,295.349304
0.205198,15,295.758862
-1.642937,12,296.079795
-1.687169,11,296.383834
0.049682,16,296.818317
-1.940418,11,297.140192
0.137044,13,297.492674
-0.902721,13,297.84302
-0.722063,13,298.224756
0.518329,16,298.640396
-0.741454,14,298.99133
-0.585952,14,299.357626
-1.553897,13,299.719955
-1.96251,12,300.040974
1.053945,19,300.543575
-0.01978,14,300.917623
-0.783359,13,301.25357
-0.424747,13,301.59555
-1.573526,13,301.960293
-1.295724,12,302.281072
-1.170181,12,302.593757
-1.305023,14,302.959661
-0.872064,14,303.325645
0.093862,15,303.722469
-1.632255,13,304.066396
0.204324,15,304.45614
-0.814127,13,304.806193
0.268526,15,305.194481
-1.267878,13,305.540706
-1.152341,13,305.88351
-0.548126,13,306.233393
0.486687,16,306.661306
-0.830678,12,306.997163
-0.630536,14,307.37793
-0.421443,14,307.739961
-0.158672,15,308.126714
-0.677372,13,308.476864
-1.228377,13,308.817316
0.053539,15,309.213064
-1.215111,12,309.515948
0.419348,16,309.948364
-0.150789,13,310.291464
-0.115648,14,310.648569
-1.01503,13,310.972739
-0.652076,13,311.314144
-1.830982,11,311.595652
-1.670152,12,311.923384
0.468121,14,312.296099
-2.008074,10,312.553968
-0.452789,14,312.919898
-2.172143,10,313.186458
-0.055508,15,313.558743
-0.748494,14,313.931059
-0.836179,13,314.274661
-1.106854,13,314.617227
-0.286597,13,323.853517
-1.388867,14,324.213253
-0.934383,13,324.54173
-0.42149,15,324.930043
-1.342769,13,325.273083
-0.479637,15,325.653844
-0.988257,13,325.9968
-0.876812,13,326.338863
-0.228637,15,326.726441
-0.258713,14,327.091985
-1.388084,12,327.419578
-0.108957,14,327.777452
-0.856559,14,328.151872
0.630431,18,328.609207
-1.898021,12,328.929453
-1.053276,12,329.24131
0.460524,16,329.660572
-0.805593,14,330.034798
-0.771384,14,330.394252
-1.823254,12,330.706554
-0.021421,15,331.085624
-0.973951,14,331.450354
-0.022172,16,331.868826
-0.434731,14,332.233231
-1.772693,11,332.528684
-1.815103,12,332.848632
-0.006645,15,333.2504
-0.339908,16,333.674552
-0.503767,13,334.01376
0.455269,17,334.452628
0.262273,16,334.852971
0.788647,18,335.329676
-1.432992,12,335.640584
0.374611,16,336.056126
-2.096057,12,336.375175
-0.005075,14,336.740046
-1.492142,13,337.090113
-1.302364,14,337.454421
0.294218,15,337.850929
-1.388578,12,338.162837
-0.955801,13,338.505257
-0.176339,15,338.909376
-0.275521,15,339.312152
0.477226,16,339.730165
0.624551,15,340.116754
0.105171,15,340.50421
-0.909311,13,340.845418
-0.965973,14,341.225949
-0.967195,14,341.59122
-0.455307,15,341.971085
-0.112325,14,342.343953
-0.520344,15,342.740326
-0.975125,13,343.090621
-1.739905,13,343.426205
-0.906993,14,343.800684
0.410213,16,344.22891
-1.340347,13,344.571732
-1.094592,13,344.89049
-0.361021,15,345.287733
0.216138,15,345.674924
-0.68603,14,346.049496
1.064803,18,346.536475
-1.760027,12,346.856279
-0.196015,14,347.221363
-0.707922,14,347.579932
-0.426172,15,347.97519
-1.501309,13,348.310334
-1.106863,12,348.640543
-0.169912,16,349.062276
-0.430479,14,349.421697
-1.754989,12,349.729872
0.513018,17,350.178447
-1.616752,12,350.484959
0.698765,17,350.927876
-1.543312,12,351.234138
-0.002259,14,351.585461
-2.027123,11,351.885119
-1.081666,13,352.219718
-0.182111,13,352.548923
-0.27615,15,352.929804
-1.177721,14,353.296762
-0.490048,14,353.655111
0.269816,14,354.030143
-1.129549,13,354.351339
-1.562286,12,354.650495
0.324636,16,355.062501
0.223795,14,355.423191
-1.115324,12,355.730438
-0.411301,15,356.119824
-1.07287,12,356.427877
-0.723616,13,356.75851
-1.411625,13,357.089267
-1.44898,14,357.452006
-0.571737,13,357.794792
0.569027,17,358.24539
-0.301875,13,358.597012
-0.440105,16,359.02379
0.07319,14,359.397328
-1.062072,13,359.741117
-1.532396,12,360.053801
-1.634335,12,360.36565
-0.514054,14,360.730636
-1.221405,13,361.081363
-0.79638,13,361.439664
-1.176022,13,361.783764
-0.746229,13,362.13543
-0.313528,15,362.539093
-0.255417,14,362.904486
-0.278338,15,363.308666
-0.553449,15,363.705178
-0.95942,12,364.028502
-1.444411,12,364.333845
0.001548,15,364.729686
-0.08147,15,365.12754
-0.565809,14,365.501311
0.134456,17,365.927944
-1.418835,13,366.271069
-0.842818,14,366.637639
0.679563,18,367.101338
-0.07822,14,367.466175
0.433031,15,367.859262
0.118307,16,368.27904
-0.882987,14,368.650436
0.404724,16,369.061272
-0.809544,12,369.381044
-0.636415,16,369.805045
-0.28339,15,370.190706
0.8076,17,370.629629
-0.760629,13,370.978155
-1.414149,12,371.305032
0.445974,17,371.735979
0.567017,18,372.207042
-0.094519,16,372.608588
-1.121346,14,372.987895
-0.491527,15,373.367466
-0.991021,13,373.7018
-0.168054,15,374.090123
1.114797,17,374.53301
-0.542196,13,374.867372
-1.082926,13,375.225771
-0.101955,15,375.621917
-0.56235,14,376.003182
-0.188105,15,376.400521
1.078699,16,376.827868
-0.937815,13,377.179742
-0.848729,14,386.58219
-0.83715,14,386.955248
-0.53224,15,387.34367
-0.307892,16,387.754365
-0.03502,16,388.157119
-0.948519,13,388.500818
0.760265,19,389.026556
-1.078777,14,389.400907
-1.55317,13,389.738138
-1.045759,14,390.115698
-1.165437,14,390.473146
-0.389435,13,390.808149
-0.419787,15,391.204795
-0.827057,14,391.563213
-0.16849,14,391.929071
-0.228178,16,392.340147
-0.498808,16,392.760136
1.304201,19,393.264375
-1.324068,13,393.607768
-0.087422,15,394.015212
-1.247668,13,394.357642
-1.062034,14,394.722992
0.302354,19,395.208902
-0.946361,13,395.534832
-0.756616,13,395.862697
0.37613,17,396.298155
1.189449,17,396.745965
-0.536521,15,397.132987
-0.308201,15,397.518801
-0.053827,16,397.942983
-0.380706,16,398.360865
0.345979,16,398.762075
-0.879399,13,399.087219
-0.197284,16,399.495875
-0.329246,14,399.861804
-0.352171,15,400.264012
0.088004,15,400.66687
0.890742,18,401.120768
-0.53047,14,401.493544
-0.704188,14,401.841499
-1.263946,14,402.214051
0.599531,15,402.600144
0.042783,15,402.989638
-1.407636,12,403.301067
0.18863,16,403.711507
-1.486655,13,404.062382
-0.360995,15,404.442444
-1.345067,12,404.763372
1.418026,20,405.291162
-1.357224,13,405.625687
0.272416,17,406.08242
-1.620839,13,406.42694
-1.192127,13,406.77094
0.222592,18,407.252304
0.567279,17,407.694833
-1.062029,14,408.04577
-1.481354,13,408.412728
-1.604665,12,408.741153
-0.206832,15,409.138549
0.193402,17,409.595268
-1.506179,14,409.978601
-1.054709,13,410.332769
0.574045,16,410.772277
-1.387917,14,411.158053
-0.805036,15,411.558842
-1.375219,13,411.896337
-0.564367,15,412.311964
-0.108994,18,412.791719
-0.724452,16,413.221443
-1.237187,14,413.600078
-0.228805,14,413.971484
-1.261347,12,414.299375
-0.349779,15,414.700964
-1.024416,14,415.080528
-0.723955,14,415.474485
-0.650713,14,415.860958
-1.397257,13,416.208165
-1.369318,13,416.558225
-0.175123,16,417.005254
-1.908843,13,417.353898
0.031832,16,417.766624
-1.443472,12,418.095275
-0.558963,14,418.47617
-1.215154,14,418.842239
0.587965,16,419.259214
-1.038078,15,419.639453
-1.217599,14,419.998799
-0.681098,15,420.388988
0.868177,17,420.831421
-0.649126,16,421.240542
-0.31547,15,421.6285
0.028435,15,422.024992
-0.427659,15,422.420422
0.142083,17,422.878182
-0.455351,14,423.244382
-0.751051,14,423.597603
-0.816814,15,423.995855
-0.909496,13,424.339465
-2.089471,12,424.660774
-0.945546,13,425.003319
-0.675583,15,425.384558
-0.874471,14,425.75829
-1.670982,12,426.054328
-0.316299,14,426.432895
-0.829483,15,426.837742
-0.931304,14,427.197365
0.95776,20,427.724169
-0.348299,15,428.112453
-1.292017,12,428.417852
0.330875,17,428.870033
-1.935097,12,429.180249
-0.508602,16,429.596555
0.436819,17,430.033178
-0.745786,14,430.394711
-0.578296,14,430.75226
-2.11289,11,431.051264
0.133245,15,431.432911
-1.241939,14,431.812865
-1.994418,12,432.123028
-0.960916,14,432.499342
1.102758,19,432.967073
-1.201952,13,433.321956
-1.022668,14,433.687861
0.621036,16,434.098393
-2.222324,12,434.417862
-2.371135,11,434.710203
-0.598098,16,435.112826
-2.688647,10,435.367538
-0.340896,13,435.69886
0.89611,18,436.164761
-0.222829,14,436.532072
0.270899,17,436.966059
0.863335,17,437.416048
-0.378283,14,437.775603
0.64468,15,438.149893
-0.945262,14,438.501875
-1.114195,14,438.86191
-1.586897,12,439.174456
0.87705,18,439.640642
-0.883164,14,440.035815
-0.336243,15,449.293034
0.467626,17,449.7273
-1.719452,12,450.024348
-0.135877,15,450.4208
-0.637058,14,450.786892
1.478798,20,451.322434
-0.937044,14,451.67121
0.172695,16,452.103909
0.716708,18,452.569938
-0.258028,17,453.013577
-1.470501,13,453.358629
0.531937,18,453.823937
0.062265,16,454.252076
-1.031338,14,454.611976
0.624806,19,455.110933
0.238679,18,455.570314
0.445064,17,456.013436
0.255751,16,456.426359
-0.547845,15,456.81864
-0.450737,16,457.228946
-1.110504,15,457.612303
0.36752,18,458.08755
0.727043,18,458.552358
-1.354863,13,458.88787
-0.053378,15,459.261165
-0.074672,16,459.687833
-1.012574,13,460.040429
0.230017,19,460.535305
-0.269695,16,460.961995
-0.38041,16,461.382399
0.273885,19,461.875555
1.289632,22,462.427083
0.743486,18,462.904906
-1.959432,11,463.177577
-0.202208,16,463.587628
0.264375,17,464.020685
0.012906,17,464.460675
-0.000321,15,464.864117
-1.763916,13,465.19093
-0.233432,15,465.570123
-0.524816,16,465.996544
-1.19596,14,466.369545
-1.167473,14,466.734338
-0.517551,16,467.169437
0.304156,17,467.620315
-0.829147,15,468.019668
0.826656,17,468.465608
1.531305,23,469.063711
0.189647,16,469.494
0.93692,20,470.015685
-0.813198,15,470.426143
0.44841,15,470.824767
-0.021347,16,471.254868
-0.629954,14,471.622023
-0.216426,16,472.055453
-0.015765,16,472.491916
0.475287,17,472.949065
0.438475,16,473.379962
-0.738933,15,473.778734
-0.409671,15,474.189698
-0.864318,14,474.570124
-0.928242,14,474.947795
1.419165,20,475.480621
-1.319661,13,475.837973
-0.241678,16,476.268638
-0.12009,16,476.703253
-0.100199,15,477.100367
-2.031822,11,477.385143
-0.377911,15,477.7783
-0.304572,16,478.199052
1.88741,23,478.792712
0.091385,16,479.212703
-1.154597,14,479.571663
-1.038242,13,479.909947
-0.718414,15,480.305896
-0.771369,14,480.668422
0.144489,16,481.086981
-0.385494,14,481.460147
-1.674297,12,481.779258
0.403886,17,482.218711
-0.542509,16,482.652826
-0.619496,15,483.046322
-1.90442,12,483.357905
0.848766,18,483.828104
-1.19267,12,484.147071
0.737155,17,484.588067
-0.408474,15,484.976405
-0.56029,16,485.403078
-0.885316,14,485.751648
-0.730566,15,486.130634
0.020978,17,486.572744
-0.404993,17,487.020657
-0.655418,15,487.409325
-0.905884,14,487.783073
-0.131047,17,488.225194
-1.3978,12,488.54654
-0.794141,15,488.929599
-1.416391,14,489.312
-0.492354,16,489.732406
-1.575438,13,490.077319
0.2202,16,490.497541
-0.77224,15,490.887976
-1.154024,14,491.254365
0.481454,16,491.68344
-0.047629,17,492.117867
-1.824996,11,492.406506
-1.025007,14,492.779341
-0.824595,14,493.153564
-2.018896,13,493.503445
-0.398185,15,493.900862
-0.264886,15,494.279503
-1.656593,12,494.592316
-1.768536,13,494.943343
-1.073153,14,495.310206
-0.00515,15,495.691005
-1.264012,14,496.04901
-0.558111,16,496.469893
-0.852035,15,496.869231
0.227932,17,497.311496
-1.466274,13,497.65296
-0.418789,15,498.049421
0.142777,17,498.50009
0.058815,17,498.947961
0.299428,18,499.419554
-0.112132,17,499.868064
-1.671026,14,500.233369
-0.011312,17,500.675091
-0.729386,14,501.023702
-0.661389,15,501.41015
0.756756,18,501.872235
-0.223661,18,502.337276
-0.559469,16,502.748938
0.64119,21,512.412087
0.954638,21,513.057585
-0.591682,16,513.482501
0.149454,16,513.914536
-2.022583,13,514.248262
0.607211,18,514.705672
-0.717569,15,515.109339
-1.84433,12,515.410176
-1.680704,13,515.74925
-1.360663,13,516.090479
-1.219123,14,516.453148
-0.461274,17,516.879959
-0.440951,16,517.277812
0.096815,18,517.727661
-1.461607,13,518.05846
0.831511,20,518.578805
-0.909561,15,518.96364
0.246761,18,519.428498
-0.88817,15,519.819423
0.7345,20,520.334244
-1.471943,13,520.665825
-1.076292,14,521.01978
-0.847623,14,521.381376
0.073454,17,521.823269
-0.239023,16,522.230483
-1.382781,14,522.5908
0.169949,17,523.020588
-0.721173,16,523.434192
-0.355485,16,523.847437
0.115776,17,524.276294
0.255797,18,524.746846
-1.326063,13,525.088901
0.293588,18,525.563971
-0.298462,16,525.984617
0.176743,17,526.411971
-1.701827,13,526.768189
-1.23233,15,527.148236
0.005746,17,527.583473
-0.375237,16,527.991845
-0.172732,18,528.433637
1.122643,21,529.009864
-1.634345,12,529.34794
0.812577,19,529.846871
0.14128,17,530.280941
0.658871,19,530.777037
-0.794323,15,531.162596
-1.005402,14,531.527344
-0.501904,15,531.898793
0.520303,20,532.423585
0.641477,17,532.878875
0.198352,17,533.327664
-0.097739,17,533.773729
1.025019,20,534.308298
-0.319434,15,534.70455
-0.319911,15,535.102061
-2.093431,12,535.421264
-0.100782,17,535.857334
-1.290448,13,536.209453
-2.136192,12,536.527668
-0.510452,16,536.954041
0.554848,18,537.430864
-0.556626,15,537.832677
-1.669421,13,538.175404
-1.852156,12,538.504887
0.366697,16,538.934197
-0.409485,16,539.354882
-0.234718,16,539.79886
-0.119327,16,540.193834
-0.088668,18,540.651537
-0.09968,18,541.115937
0.695814,19,541.595991
-1.617557,13,541.947267
0.330578,19,542.437249
-0.428199,16,542.859073
-2.115822,12,543.172406
-0.085257,18,543.653762
-0.21177,17,544.089308
0.025037,18,544.554025
0.528258,17,544.9799
-0.801808,15,545.368972
-0.076541,18,545.844087
-0.530974,16,546.266789
-1.213382,15,546.663239
-0.461168,17,547.10639
0.283698,18,547.573647
-0.271188,17,548.009951
-1.141606,14,548.367668
-40.161511,176,552.865937
0.070976,18,553.339753
-1.257159,15,553.736079
-0.431774,15,554.122831
-1.650195,14,554.496292
-0.498424,16,554.905049
-0.09245,18,555.362792
-0.192523,16,555.781001
0.84767,21,556.328208
-1.000645,15,556.715883
-1.766139,13,557.057918
-0.88109,14,557.415895
-0.623198,16,557.835418
-0.079737,17,558.268746
-0.991327,15,558.665606
0.672421,18,559.138317
-0.053046,18,559.625812
-0.546127,16,560.037788
0.271041,19,560.525318
-0.735336,17,560.974832
-0.640165,16,561.394648
-1.117797,15,561.774683
-1.690001,13,562.110909
1.422825,22,562.690765
-0.119959,17,563.116647
0.100865,17,563.558647
-0.373917,16,563.970128
-1.39313,14,564.345042
-0.505851,16,564.75825
0.689082,20,574.261284
0.402826,19,574.741551
-0.143634,16,575.161873
-0.03547,18,575.627482
0.524112,19,576.129923
0.591014,20,576.643686
-0.391584,18,577.098982
-1.717718,14,577.456026
-0.314949,17,577.891577
-0.215352,18,578.357411
-1.229775,15,578.745113
1.289844,23,579.353154
-1.267346,14,579.702294
-0.983901,13,580.029857
1.194367,22,580.610238
-1.498589,13,580.946012
-0.599021,15,581.333966
-1.200675,14,581.690533
0.174313,18,582.152094
-1.988611,13,582.478468
0.45674,18,582.941742
-0.596695,16,583.354046
-0.920151,15,583.732334
-1.131812,15,584.119484
-0.339693,17,584.550674
1.359094,25,585.195494
-0.465897,16,585.603404
-1.634972,12,585.921833
-0.60416,15,586.30042
-0.778161,16,586.708961
-0.827344,16,587.122836
0.77727,19,587.625692
-0.453558,18,588.109732
1.534524,23,588.713211
0.000758,18,589.182547
-1.731403,13,589.543009
0.037318,19,590.057049
-1.487859,14,590.433254
-0.520788,16,590.844196
0.421346,20,591.364258
1.263422,21,591.905917
-0.791185,16,592.341022
-0.654301,15,592.755275
-0.14689,16,593.198405
-0.443189,17,593.682199
0.392197,20,594.243768
-0.074842,16,594.689352
-0.273517,17,595.146847
-1.608351,14,595.557
0.827352,23,596.173278
0.399978,18,596.658732
-0.58768,14,597.085151
-1.174103,14,597.455766
0.055733,17,597.904122
-0.496738,15,598.301982
0.894922,20,598.809048
0.750392,21,599.345423
0.088373,18,599.806635
0.385096,17,600.234461
-1.087984,15,600.62738
-1.219772,15,600.996764
-0.658093,16,601.404251
-0.728242,15,601.807669
0.06999,17,602.239504
-0.758781,16,602.647064
1.521705,24,603.247661
0.539826,20,603.751584
-0.787565,15,604.1434
-0.778628,16,604.558679
-0.220161,15,604.942696
-0.822528,15,605.325713
-0.067663,15,605.717179
-0.324869,15,606.108244
-0.452108,17,606.536234
-1.722849,13,606.883217
0.322964,19,607.365069
0.606458,20,607.86344
0.036722,20,608.373306
0.41172,19,608.869359
-0.623202,15,609.250651
0.933348,20,609.769496
-0.52311,16,610.183082
1.09213,20,610.696454
0.460989,17,611.139708
-1.855749,13,611.467884
0.384374,17,611.887512
-0.10769,16,612.317093
-0.737292,14,612.685489
-0.622106,17,613.136961
0.415414,18,613.601927
-0.920208,14,613.979295
0.20713,18,614.438882
-0.048177,17,614.891453
-2.848259,10,615.151471
-0.124252,17,615.595835
-0.672137,16,616.00801
-0.828937,16,616.420674
0.102453,18,616.889838
-0.565575,16,617.309787
-0.300153,17,617.737888
-1.092043,15,618.138492
0.354513,18,618.61275
-0.138418,16,619.02613
-0.111729,17,619.47763
-0.013668,17,619.91311
-1.008801,16,620.344811
0.247049,17,620.788148
0.487113,18,621.252698
-0.592157,16,621.672801
-0.68064,16,622.085559
-0.005305,16,622.494874
0.72946,22,623.067765
-1.043253,14,623.441895
0.390876,21,623.970137
0.527732,19,624.467014
-0.286194,16,624.885573
-0.315918,15,625.282696
-2.415126,11,625.573791
-0.652525,15,625.960106
-0.13054,18,626.423667
1.227378,24,627.040612
-0.909929,16,627.442151
0.693682,20,637.073969
0.23852,18,637.529899
0.261298,19,638.017557
-1.117424,15,638.413925
-0.197875,17,638.840107
-1.313675,15,639.238875
-0.641854,16,639.655997
-0.86033,16,640.076905
1.218145,20,640.587615
-0.138588,19,641.076565
0.908032,22,641.646118
0.029649,18,642.111311
-0.554839,17,642.553515
-0.05367,18,643.031794
0.366137,19,643.515416
-0.542489,16,643.931313
-0.855965,16,644.352504
0.406485,20,644.864602
0.015103,19,645.350559
-1.274842,14,645.710272
-0.946357,16,646.122722
-1.055289,16,646.536763
1.084905,22,647.094622
-0.591497,16,647.490931
-0.15336,16,647.885902
0.860965,19,648.357442
-0.31436,17,648.790091
-0.38463,16,649.194405
-0.867535,15,649.565455
-0.035946,19,650.0498
-1.998435,13,650.393712
-1.182898,13,650.720985
0.088792,18,651.208483
0.388169,20,651.722169
0.542416,21,652.274172
-0.671846,18,652.740432
-1.604522,14,653.107267
-1.328556,15,653.508912
0.534721,20,654.003959
-0.462695,15,654.389977
-0.880421,16,654.809141
-0.644092,15,655.204294
-0.220304,18,655.670286
-0.294064,18,656.144705
-0.171804,18,656.61012
-0.461,17,657.062489
1.006008,21,657.612299
-0.230379,19,658.100058
0.730505,20,658.613044
0.416455,20,659.13235
-0.436095,18,659.589637
-0.823585,16,659.99443
-0.574538,17,660.428291
-1.092466,16,660.816169
-0.378717,18,661.273156
-0.424492,17,661.699535
-1.244294,15,662.089451
-0.991404,16,662.501602
1.098068,22,663.06792
0.562741,19,663.558901
0.110522,17,663.983864
-0.617782,16,664.388674
-0.640395,17,664.825409
0.747448,19,665.308026
0.247647,19,665.789601
-1.153106,15,666.180478
1.092718,21,666.713042
-0.053677,17,667.148748
0.855234,20,667.655522
-48.730707,176,672.165962
-1.019135,14,672.533502
-0.742149,16,672.953186
-1.32543,14,673.312388
-0.337169,16,673.73205
-42.136639,176,678.185488
-1.0118,14,678.55182
-0.998648,15,678.949281
0.276652,20,679.474058
-0.926338,16,679.889036
0.517661,20,680.397116
0.471248,21,680.938119
-0.859337,16,681.333117
0.455649,20,681.861533
-0.66919,16,682.252853
0.369361,20,682.785954
-0.120381,19,683.273469
-1.105417,16,683.690379
-0.020724,19,684.199416
-0.072057,18,684.651748
-1.715221,13,684.982517
0.014877,18,685.468515
-0.483347,17,685.898563
-0.713127,17,686.341149
-1.44935,15,686.746661
-0.505994,18,687.196942
0.759474,20,687.708214
-0.551565,17,688.144772
0.693765,19,688.629947
0.149491,18,689.081249
-0.225285,18,698.542927
-1.613717,14,698.892839
-0.347899,18,699.359239
-0.496412,16,699.771976
-0.643276,16,700.174093
-0.103473,18,700.632251
2.482956,28,701.350565
-0.075163,18,701.80058
-41.675574,176,706.212204
-1.556595,14,706.572642
-0.229681,17,707.01789
-0.846796,16,707.430324
0.059906,18,707.887891
-0.152179,19,708.368484
0.684193,22,708.941411
0.004598,18,709.392575
-2.108325,13,709.72385
0.131103,19,710.22477
0.432057,20,710.750982
0.705421,22,711.315885
0.969464,21,711.851634
0.294872,18,712.300165
-0.056486,18,712.757695
-1.095948,15,713.178082
0.855967,22,713.742557
0.477816,20,714.263157
-0.165134,18,714.720426
-0.763266,16,715.164824
0.217366,19,715.724548
0.126914,18,716.283962
0.29897,19,716.786018
-0.064143,20,717.282545
0.87224,21,717.809208
0.018317,19,718.279967
0.181749,17,718.705605
-0.746396,17,719.135025
1.353734,25,719.769828
-0.808341,17,720.180908
-0.175725,16,720.587207
-0.58997,16,721.005943
0.848999,21,721.524611
-0.14436,18,721.974742
-0.954214,16,722.389091
-0.47021,17,722.824849
0.878804,20,723.328494
0.187875,20,723.8408
0.466984,20,724.335608
0.987705,25,724.950519
-1.100745,15,725.335087
-1.218344,15,725.779759
0.650667,20,726.28483
-0.283397,18,726.74969
-0.334212,17,727.18196
0.937017,23,727.747117
-0.586464,16,728.150882
0.335759,21,728.677066
-0.02416,18,729.141456
0.985119,27,729.817312
-0.494128,18,730.266144
-1.196396,15,730.636608
-0.794925,16,731.03968
0.531173,21,731.553895
-1.822573,13,731.881178
0.614778,19,732.368249
0.533281,21,732.903244
-39.671084,176,737.341373
-0.204028,18,737.783856
0.907406,21,738.310425
-0.323938,17,738.737037
0.040018,18,739.18426
-0.350577,17,739.60252
-1.733867,14,739.948088
-1.764784,14,740.298589
-0.92122,16,740.712161
-0.200986,16,741.132738
0.174452,20,741.661663
-0.892248,16,742.082965
-0.74585,16,742.494931
-1.716969,14,742.845247
-0.984234,16,743.241402
-0.318897,18,743.701534
-1.470076,15,744.090348
-0.785037,16,744.502584
1.666427,29,745.22916
-0.763589,15,745.627383
-0.218257,17,746.077645
0.250009,19,746.572512
0.76879,21,747.108681
1.857083,27,747.823015
-0.636741,17,748.280214
0.963473,25,748.911724
-2.134738,13,749.246803
-43.574036,176,762.734819
-0.302734,17,763.168975
-0.441063,17,763.601537
0.612752,21,764.133344
-0.427652,17,764.589242
-0.71818,17,765.02196
-0.579051,16,765.419993
-0.094312,18,765.878403
0.766181,22,766.427713
-2.103996,13,766.76573
1.428644,23,767.320729
-0.956403,16,767.726016
0.514881,20,768.220884
-0.232214,19,768.685562
-0.523221,17,769.120527
0.400253,19,769.593323
-0.383237,17,770.024077
1.136732,24,770.608686
-0.054567,18,771.065866
-0.618257,17,771.49704
0.674326,22,772.061799
-0.893689,16,772.45995
-1.013184,16,772.859676
0.441426,20,773.349292
-0.118923,19,773.833177
0.249786,19,774.306697
-0.084947,18,774.768329
-0.745517,16,775.197643
-0.743775,16,775.620192
-0.523643,17,776.055354
0.749595,25,776.707704
0.683695,22,777.280047
-0.282596,17,777.731257
0.41145,21,778.260885
0.236969,20,778.758091
1.328549,24,779.368007
1.209732,24,780.06213
-41.788563,176,784.442631
-0.418438,17,784.869648
-43.324346,176,789.225249
-0.539493,18,789.668586
1.110942,25,790.292944
-0.175507,18,790.750733
-1.435722,14,791.118069
-0.342433,17,791.5526
0.062679,19,792.022695
-0.736926,16,792.419263
-0.330699,17,792.844633
-0.142444,18,793.299854
-0.072806,19,793.778893
-0.046244,18,794.23741
0.827233,20,794.748172
0.343516,20,795.258653
-0.868626,16,795.662844
-0.314715,17,796.09761
0.456784,19,796.585959
1.714964,24,797.196705
-0.086368,18,797.647042
0.807737,21,798.196133
-0.629084,17,798.63914
-1.240661,14,798.998556
-0.747763,16,799.395198
-0.339113,17,799.808397
0.112805,19,800.275283
1.206687,23,800.848773
-0.915134,16,801.264155
-1.162788,14,801.615674
-0.697683,17,802.043178
-0.356249,18,802.511581
-1.072642,15,802.912535
-1.527021,15,803.303133
-43.202535,176,807.787966
-0.165101,17,808.219621
-1.667378,14,808.570925
-0.533659,17,809.00641
-0.659465,16,809.393593
-0.336256,18,809.852792
-0.635845,16,810.2588
0.784778,21,810.793447
-1.003576,15,811.184414
-0.151471,17,820.691306
-0.34413,19,821.172171
0.064331,19,821.673121
0.025743,18,822.130745
-0.891066,16,822.543505
0.278498,18,823.015714
-0.406413,17,823.442739
0.646402,22,824.016551
-0.449308,18,824.485835
0.400825,21,825.018956
-0.745152,17,825.448404
-0.942932,16,825.853994
-0.233478,19,826.343411
-0.096582,19,826.830327
-1.368097,14,827.164185
-0.11327,18,827.610003
0.10874,19,828.082692
-0.871383,16,828.475646
-0.236359,18,828.969831
-0.219889,17,829.38619
-0.26989,18,829.862391
-1.377413,15,830.234039
-0.270906,17,830.666129
-1.599252,14,831.026472
0.126868,19,831.516867
-0.13749,19,831.999429
0.544462,20,832.506161
-0.832034,16,832.919235
-0.546126,17,833.369281
-0.221816,18,833.830676
-0.768143,16,834.254415
-0.735017,16,834.658762
0.111689,19,835.146859
-1.447198,15,835.529622
-0.231384,18,835.988817
0.315902,20,836.501045
-1.027507,16,836.893613
-0.765033,16,837.307799
0.272173,20,837.814093
-41.010333,176,842.214734
-1.002139,16,842.619341
-1.801906,14,842.977021
-0.20857,17,843.421247
0.148498,20,843.917038
-1.628105,14,844.268897
0.373057,20,844.762082
0.063023,20,845.250752
1.366163,22,845.799768
-0.563195,17,846.210094
-1.093995,15,846.582931
-0.094735,19,847.064581
0.286859,19,847.545434
0.904703,23,848.116311
-0.64308,17,848.551389
-0.829004,15,848.964183
-0.039434,18,849.443022
-1.265725,15,849.819678
-1.079761,15,850.187263
0.344759,21,850.732095
-0.355453,17,851.194354
-1.669499,14,851.540018
-0.442911,17,851.968613
0.188605,19,852.441889
0.778692,21,852.960909
1.691263,23,853.53014
-0.401296,16,853.920502
-1.219339,15,854.302023
0.281523,19,854.773172
0.993109,23,855.34253
-1.204001,15,855.718184
0.937749,22,856.282088
-0.640244,16,856.6737
-0.48588,18,857.14769
0.828901,22,857.69558
0.405629,21,858.21657
-1.631626,14,858.565824
0.991877,24,859.20124
0.36465,20,859.719805
0.580704,20,860.243902
-1.37208,15,860.633987
-1.004959,15,861.025647
-40.330283,176,865.446463
-0.578811,16,865.85234
-0.813021,16,866.263904
-2.125248,13,866.601736
-0.53015,17,867.036974
1.224315,24,867.634258
1.056692,25,868.269949
-1.98257,13,868.599192
-1.557729,15,868.958215
-2.076159,13,869.29588
-0.609053,17,869.71699
-0.172564,17,870.143811
-0.159198,19,870.617074
-1.807087,14,870.961561
-0.698578,16,871.359339
-0.82205,16,871.764541
-1.600517,14,872.107473
0.82279,21,881.746834
-1.700468,14,882.097189
-0.157366,18,882.550268
-1.038446,16,882.963058
-0.772475,17,883.396148
1.750326,24,884.0083
0.395932,20,884.514113
1.054124,23,885.104974
-0.627877,17,885.546165
-1.324245,15,885.934779
-0.925633,16,886.3563
0.516192,21,886.889295
-0.24332,18,887.366263
-1.013029,16,887.801425
-0.875803,16,888.21432
-1.19711,15,888.585391
1.143226,26,889.230951
0.574789,21,889.768364
-0.323334,18,890.222408
0.297449,19,890.707314
0.718272,21,891.265887
-0.347765,17,891.68946
-0.502847,17,892.132631
-1.31639,15,892.518109
-1.706727,14,892.855592
1.230814,23,893.450741
-0.867677,16,893.869308
0.293827,20,894.386232
-0.386034,17,894.821974
-0.035378,19,895.312423
-0.352733,17,895.74683
0.138435,20,896.265973
0.450615,20,896.785658
-1.150929,15,897.185349
-0.823322,16,897.597908
0.3257,21,898.121835
-0.037584,18,898.562303
-0.417547,18,899.011531
-0.321576,18,899.460378
-0.826459,17,899.885631
0.021968,19,900.35704
-0.076866,19,900.829701
-0.358131,18,901.285997
-0.816826,16,901.672861
-0.73226,17,902.108992
-0.009413,19,902.589713
-0.782745,16,902.986632
-41.781828,176,907.357401
-0.373237,18,907.816777
0.80772,21,908.356418
-0.474708,17,908.800974
-0.165585,18,909.266194
-1.33098,14,909.639965
-0.686791,17,910.068284
-0.427848,17,910.506709
-0.565176,17,910.927913
-0.918952,16,911.339993
-0.352602,17,911.766655
0.424092,19,912.23072
0.881128,22,912.767677
0.625353,20,913.259623
-1.288303,15,913.628314
-1.438026,15,913.999324
-41.221989,176,918.37639
1.102189,21,918.919437
0.644896,20,919.437346
0.251644,19,919.920913
-2.02532,13,920.25679
1.683908,25,920.87397
-0.944113,16,921.276632
0.240742,19,921.757109
-1.705116,14,922.120208
-1.755241,14,922.4692
-0.351855,18,922.934479
-0.676102,17,923.37963
0.88102,23,923.973731
-0.525584,17,924.391856
-0.398714,18,924.856931
-0.58811,17,925.274489
-0.295479,19,925.758024
1.129019,21,926.274628
0.094903,19,926.769755
-1.48029,15,927.144917
-1.507088,15,927.541458
-0.077282,19,928.02943
-0.032659,19,928.494722
-0.141785,17,928.932142
-2.134356,13,929.270049
1.526656,26,929.951746
0.797238,20,930.472626
0.996598,23,931.070195
0.907687,21,931.602123
-0.305508,18,932.051988
-0.18412,16,932.451792
-1.318365,15,932.824344
-0.162229,17,933.265196
-1.335536,15,942.541174
-0.230752,17,942.969866
-1.2662,15,943.35079
0.070713,18,943.822512
0.246914,20,944.326717
-1.526615,14,944.686783
0.412253,22,945.244351
-0.444607,17,945.671105
1.710731,29,946.412349
-0.444611,18,946.87897
-0.058307,18,947.345182
-0.726942,16,947.75774
0.68209,22,948.331424
0.384682,21,948.866138
-0.849309,16,949.27495
-1.652854,14,949.643564
0.073201,19,950.143089
0.325931,19,950.625611
-43.075308,176,955.05416
-0.933528,16,955.45727
1.457184,25,956.072452
-0.56384,17,956.488573
-1.332998,15,956.875639
-2.026282,13,957.21876
-1.074547,16,957.622772
-0.24961,18,958.071013
-0.551473,17,958.505002
-0.251359,17,958.942991
-1.079612,16,959.337431
-0.437371,17,959.762647
-0.488679,18,960.2226
0.861889,21,960.7552
0.305883,20,961.267779
0.896506,22,961.817682
0.710982,23,962.394762
-0.578901,17,962.820895
0.508778,21,963.33942
-38.330916,176,967.808821
-0.487283,18,968.276651
0.834048,22,968.834652
0.720329,22,969.401277
-0.896727,16,969.806929
-0.148494,18,970.263044
-1.247496,15,970.62926
-1.551916,14,970.97181
0.378962,21,971.500409
-0.428699,17,971.930292
-1.498365,14,972.287728
0.421303,20,972.783152
-0.67485,17,973.226315
0.843351,21,973.76823
-0.201886,18,974.233099
0.638622,22,974.805623
-43.374927,176,979.207724
0.441667,21,979.74088
-0.865435,16,980.139773
1.039278,23,980.736746
-0.237823,18,981.20106
0.381939,20,981.713505
-0.236824,19,982.191304
-0.442888,18,982.648866
-1.244367,15,983.037143
-0.752914,17,983.486521
-1.00998,16,983.905709
1.694108,24,984.522949
-0.784798,16,984.936532
-0.544025,17,985.380893
-0.883501,17,985.809592
-1.357254,15,986.208856
0.113201,19,986.688643
0.96096,23,987.285911
-0.237251,18,987.737679
-0.635676,16,988.150137
-43.631141,176,992.517931
0.253206,20,993.023249
-1.080588,16,993.420925
0.934388,24,994.024186
-0.782833,17,1003.355178
-0.411813,18,1003.815773
0.07275,20,1004.325277
-0.635977,16,1004.744794
-0.10521,18,1005.213992
0.500392,20,1005.724373
-0.470252,17,1006.159067
1.4464,23,1006.769964
-0.215838,18,1007.252002
-0.726155,15,1007.670587
0.427235,18,1008.137094
-0.692155,17,1008.572974
0.195289,18,1009.030604
0.486563,20,1009.539014
-1.257212,15,1009.947864
-0.26592,18,1010.39783
-1.864474,14,1010.781346
-0.250236,19,1011.297093
-0.263523,18,1011.767288
0.002536,18,1012.245972
0.55107,21,1012.80014
-0.374406,17,1013.266252
0.724984,21,1013.824325
0.771322,21,1014.376285
-0.319429,18,1014.869941
0.605733,22,1015.440913
0.654496,19,1015.924594
-0.137407,19,1016.411901
-0.395349,18,1016.888404
-0.759327,17,1017.347593
0.508553,21,1017.90026
0.742659,21,1018.433554
0.065489,19,1018.942127
-1.523516,14,1019.312723
-0.953099,16,1019.730257
1.233627,25,1020.372438
-0.956433,15,1020.756331
-0.521587,17,1021.209827
-1.290861,15,1021.603916
0.095449,19,1022.11683
0.778034,22,1022.682748
-0.510407,17,1023.131197
0.955363,24,1023.74823
-0.629107,17,1024.177059
-1.236465,14,1024.53786
-1.192831,16,1024.956219
0.872361,23,1025.549543
0.96923,22,1026.110615
0.588891,21,1026.681447
0.57715,21,1027.213902
-0.810471,16,1027.618599
0.798796,22,1028.183965
0.913458,23,1028.765206
-0.725653,16,1029.152374
-0.217209,18,1029.610722
-0.841396,17,1030.03781
-0.472681,18,1030.486743
0.855723,21,1031.033811
-0.03136,17,1031.461357
-0.833717,16,1031.865049
-0.263553,19,1032.360577
-0.596154,17,1032.795264
-0.405096,17,1033.22112
-0.232591,17,1033.67291
-1.209473,15,1034.053072
-0.241096,17,1034.488034
-0.60336,17,1034.920768
1.18434,22,1035.475093
-1.353012,15,1035.864285
-0.355604,17,1036.29866
-0.780242,16,1036.718025
-0.874244,16,1037.137889
0.950118,23,1037.717134
0.478569,21,1038.241589
-0.060502,18,1038.705543
-1.639922,14,1039.07299
0.230953,19,1039.561675
2.907656,32,1040.403467
1.373713,23,1040.990644
-0.788528,16,1041.402854
-0.069134,18,1041.852506
-0.058948,19,1042.332093
-2.23072,13,1042.674697
1.306408,23,1043.246211
-1.014427,15,1043.627267
0.035435,19,1044.108576
-0.978277,16,1044.520954
-0.340145,18,1044.978049
0.747782,20,1045.488024
-0.678258,17,1045.923007
-0.09067,18,1046.389043
-0.422974,18,1046.847625
0.526327,20,1047.351709
0.218975,20,1047.872364
0.222042,19,1048.367707
-0.023436,18,1048.827015
-0.317804,17,1049.237095
0.65089,21,1049.785826
0.186545,18,1050.243463
-0.227507,17,1050.679158
1.661314,24,1051.290849
-0.112936,18,1051.738188
1.99086,29,1052.485261
0.079424,20,1052.997177
-0.533661,17,1053.425529
-0.292682,18,1053.89243
-0.559968,18,1054.37488
1.640239,26,1055.044751
0.733252,21,1055.588803
-0.101778,18,1056.0543
-0.335536,18,1065.470259
-0.557334,16,1065.883982
-1.795108,14,1066.254868
0.421409,21,1066.79074
-0.681041,17,1067.243836
0.645468,21,1067.816235
0.644355,22,1068.40525
-0.107423,18,1068.897097
-0.262534,17,1069.357133
-1.419427,15,1069.777185
-1.295105,15,1070.199119
-0.663181,16,1070.639105
-0.513585,15,1071.05689
0.584249,21,1071.623845
-1.329786,15,1072.038143
-0.039655,19,1072.551032
0.302289,20,1073.079182
0.555978,21,1073.633204
-0.31278,18,1074.114598
-0.101419,18,1074.573741
0.85684,22,1075.125914
-0.148144,18,1075.5779
0.447811,21,1076.128749
-0.519576,17,1076.557733
0.605411,19,1077.055243
-1.179114,14,1077.414428
1.63008,25,1078.063667
1.793395,29,1078.812739
-0.124023,18,1079.28034
-0.698477,17,1079.726616
0.345383,20,1080.232479
-1.120515,16,1080.653352
0.555439,20,1081.171945
-1.426812,15,1081.54567
-0.154397,18,1082.01466
-0.49631,17,1082.45062
0.886624,22,1083.000938
0.475605,21,1083.535241
-0.920941,16,1083.956336
1.068396,23,1084.552403
0.332753,21,1085.097214
-0.239061,18,1085.548616
-1.020654,16,1085.963071
-0.468904,18,1086.42066
-0.96801,16,1086.826969
0.769528,24,1087.453892
-0.866688,16,1087.86871
-0.738032,17,1088.305185
0.161268,17,1088.740075
1.478653,24,1089.349207
-0.232761,18,1089.81613
-0.446195,17,1090.259253
-0.129326,18,1090.718773
0.942861,22,1091.272749
0.910138,22,1091.845335
-0.341015,18,1092.304724
-0.235604,17,1092.741188
-0.935431,16,1093.138572
-0.611117,17,1093.582184
-1.205955,15,1093.973349
-0.897615,16,1094.384165
-1.723091,14,1094.759896
-0.946698,16,1095.165372
-0.665105,17,1095.595736
-0.154994,18,1096.07024
0.490297,21,1096.605873
-0.164574,18,1097.070763
-0.268678,18,1097.529061
-0.91872,15,1097.910411
-1.183919,15,1098.28129
-0.556411,17,1098.704849
0.217018,19,1099.178969
-1.38618,15,1099.564069
0.850188,22,1100.124582
-1.205852,15,1100.509378
0.778189,21,1101.052715
-0.647838,16,1101.460516
0.652331,20,1101.959988
-0.14654,18,1102.422565
-0.393467,17,1102.86355
0.418972,21,1103.398948
-1.061603,16,1103.810714
-0.049653,19,1104.289177
0.734981,21,1104.832498
0.895235,22,1105.410279
-0.282901,17,1105.844784
-0.177379,18,1106.305355
0.519551,21,1106.841661
-0.949307,16,1107.236566
-0.248762,18,1107.702249
1.166082,24,1108.337175
-0.76788,16,1108.750626
2.014068,27,1109.466724
-0.744151,16,1109.889266
-0.208653,17,1110.331405
1.650358,25,1110.98106
-1.217625,15,1111.369724
-1.069251,16,1111.782066
-0.369279,18,1112.253025
-1.725255,14,1112.619676
-1.320514,15,1113.015495
-0.516519,17,1113.450775
-0.678879,17,1113.893368
0.475264,20,1114.394524
0.361723,19,1114.881091
0.299241,20,1115.407679
0.195541,19,1115.895952
1.493396,25,1116.54562
-1.683215,14,1116.904982
-0.377922,17,1117.331158
-0.349802,17,1117.760401
0.697117,21,1127.454031
-0.350287,17,1127.889628
0.426171,20,1128.409819
0.784553,22,1128.980874
0.199421,19,1129.458967
0.031514,19,1129.940434
-0.165798,17,1130.383334
-0.136694,19,1130.853404
1.059031,23,1131.445397
-1.871355,13,1131.781892
0.108542,19,1132.280444
0.373297,21,1132.793225
-0.481129,17,1133.221743
-0.126964,18,1133.694629
0.44212,21,1134.229613
1.258802,23,1134.826351
0.033496,20,1135.346458
-0.813821,16,1135.766712
-1.140889,16,1136.180162
0.641821,21,1136.714351
-0.607069,17,1137.141445
-0.310049,17,1137.566326
-0.73632,17,1138.001869
0.559036,22,1138.574836
0.400805,20,1139.086351
0.839374,21,1139.613111
0.276395,19,1140.09543
-1.487147,15,1140.485365
-1.288169,15,1140.866864
-0.013809,18,1141.328631
-1.106593,15,1141.703256
0.181881,20,1142.223228
-0.951533,16,1142.633022
0.214549,20,1143.151804
0.880851,22,1143.725836
-1.089605,16,1144.129196
-0.252436,18,1144.588861
-0.505949,17,1145.014132
-0.3234,18,1145.470477
-1.080263,15,1145.860355
-0.226133,18,1146.316065
-0.595339,17,1146.742212
1.168193,24,1147.374498
-1.218205,16,1147.763868
-0.783641,17,1148.197432
0.442111,22,1148.747837
0.976127,23,1149.33496
-0.626733,17,1149.78193
-0.280471,18,1150.240769
-0.67481,17,1150.674765
-1.527141,14,1151.04139
0.116865,19,1151.533095
1.380086,25,1152.174592
-1.007429,16,1152.579415
0.266317,20,1153.083719
0.534557,21,1153.618148
-0.942974,16,1154.031257
-0.927809,16,1154.442662
-0.554802,16,1154.855065
-0.161367,18,1155.322432
-0.226195,18,1155.789714
0.398926,22,1156.365786
-0.015534,19,1156.863085
-1.533034,15,1157.253414
-0.020239,19,1157.744972
0.251022,20,1158.263575
-0.389886,17,1158.707277
0.068797,19,1159.19086
-0.973621,16,1159.590561
0.108419,19,1160.090514
-1.094088,14,1160.432347
-0.636532,17,1160.866934
0.212466,18,1161.333391
0.020395,19,1161.824149
-0.388948,18,1162.273621
-0.262309,18,1162.748286
-0.848721,16,1163.162974
0.122032,19,1163.653627
0.089531,21,1164.18798
-1.63806,14,1164.547699
0.968965,23,1165.129584
-0.980424,16,1165.557182
-0.695596,17,1165.975691
-1.355376,15,1166.347929
-0.798051,16,1166.767937
-1.207608,15,1167.149233
1.434292,25,1167.79776
-0.357798,18,1168.24795
0.050117,18,1168.704685
0.070308,19,1169.199492
0.538353,21,1169.748565
0.166256,20,1170.265959
0.165717,20,1170.790665
1.583046,24,1171.429739
-0.464659,18,1171.89184
-0.309811,17,1172.334513
0.283702,19,1172.804011
0.271235,19,1173.29983
0.826238,22,1173.855038
0.587516,21,1174.396277
-1.143951,15,1174.769487
1.114274,24,1175.397075
0.00683,19,1175.8766
0.568327,21,1176.409339
-0.94465,16,1176.8236
-0.553513,16,1177.22902
-1.023054,16,1177.634404
-1.412623,15,1178.002012
1.063937,23,1178.591305
0.746186,21,1179.120655
-1.696632,14,1179.481033
-1.720699,14,1189.00397
2.891055,44,1190.089
-0.726475,17,1190.528003
0.50405,21,1191.041946
-0.577044,17,1191.485262
-0.131514,18,1191.980412
-0.356054,18,1192.453968
-0.373205,18,1192.908556
0.567203,22,1193.476102
-1.060117,16,1193.876367
-0.172783,18,1194.337713
-0.255722,18,1194.802141
0.269427,19,1195.286126
0.2241,20,1195.817794
-0.45519,18,1196.268235
0.209902,19,1196.771063
0.555911,20,1197.29069
0.670311,21,1197.818946
0.118104,19,1198.295079
-0.388056,18,1198.739441
-1.470426,15,1199.132744
0.561529,22,1199.692559
0.763038,23,1200.257824
-0.208941,19,1200.755811
0.371044,20,1201.286633
0.196605,20,1201.798707
-0.845837,16,1202.210928
-0.333992,18,1202.668814
-1.033161,16,1203.071854
-0.320309,18,1203.515706
-0.975554,16,1203.935869
-2.032134,13,1204.26506
-0.896019,16,1204.664602
0.027777,19,1205.147274
-1.335046,15,1205.520479
0.058942,19,1206.001278
-0.677168,17,1206.444749
-0.15905,19,1206.931894
0.848781,23,1207.517172
-0.6397,16,1207.947875
-0.730896,17,1208.385228
-0.007274,19,1208.885423
-0.606474,18,1209.345943
-0.604148,17,1209.780857
-1.378795,15,1210.180395
-0.753315,17,1210.617914
-0.572268,17,1211.05428
1.597118,27,1211.761272
1.655761,26,1212.394313
-0.584956,18,1212.861292
-0.836895,17,1213.292723
-0.030965,19,1213.783772
-1.085418,15,1214.167274
-0.265306,18,1214.626268
-0.775553,17,1215.044635
0.100597,19,1215.536083
-0.152546,19,1216.017995
1.821869,26,1216.683706
0.225123,20,1217.200943
-0.478609,17,1217.645616
1.188371,26,1218.303161
-0.590061,17,1218.738072
1.082116,23,1219.329008
0.48535,22,1219.896111
-0.850503,16,1220.286433
-0.500617,18,1220.760744
-0.324351,18,1221.249065
1.510209,27,1221.91985
0.245852,20,1222.43341
-0.527759,18,1222.920349
-0.513622,17,1223.370048
-1.383865,15,1223.750844
2.012044,30,1224.513016
-0.218387,18,1224.982671
0.644579,22,1225.531226
-0.127322,18,1225.982264
-1.045678,16,1226.386842
0.16596,20,1226.904387
-1.282082,15,1227.284544
-1.002135,16,1227.697573
1.297062,25,1228.316898
0.635157,21,1228.860133
1.146455,23,1229.453591
-0.650645,17,1229.888154
-0.022819,19,1230.350919
0.972759,25,1230.975992
1.743385,26,1231.641115
1.336028,24,1232.261674
-1.025563,16,1232.659474
1.976957,32,1233.453925
-0.248109,18,1233.894445
-1.019355,16,1234.297606
-0.636786,17,1234.741131
-0.27051,18,1235.193344
0.985202,23,1235.787711
0.105717,20,1236.30063
-0.524294,17,1236.737516
1.281191,26,1237.388089
-1.147773,16,1237.78449
0.407721,21,1238.319119
-1.097327,15,1238.693571
0.319105,21,1239.229465
0.178241,19,1239.719256
-1.447788,15,1240.110293
-0.589738,17,1240.528574
-1.170055,15,1240.917266
-0.068231,19,1250.300633
-0.144258,19,1250.792034
-0.039237,19,1251.278254
-0.079871,20,1251.776873
-0.369928,18,1252.237525
0.856133,24,1252.844684
-0.511814,18,1253.312124
0.076204,19,1253.818979
-0.033281,18,1254.294431
0.101005,20,1254.807548
0.343483,20,1255.329305
-0.696832,17,1255.758727
-0.428537,17,1256.200509
-2.249573,13,1256.521458
-0.323078,18,1256.988527
0.0388,20,1257.501298
-1.130783,15,1257.865579
-0.780268,17,1258.301096
-0.764298,17,1258.74519
0.416625,21,1259.266689
0.70643,22,1259.814674
-1.541063,15,1260.212129
0.764442,22,1260.770187
-0.080041,19,1261.252751
-0.651348,17,1261.678322
-0.278019,18,1262.150651
-0.363818,18,1262.618061
0.542071,20,1263.144899
-1.279657,15,1263.525625
1.58903,27,1264.196292
-0.940626,16,1264.593494
1.588477,25,1265.227344
-1.010517,16,1265.642006
0.22648,20,1266.141331
1.232939,26,1266.840846
0.533212,21,1267.388287
-0.953527,16,1267.775113
0.184527,20,1268.279801
-0.351786,18,1268.731659
-1.482837,14,1269.081719
-0.449943,18,1269.540712
-0.156792,18,1269.992882
0.091607,20,1270.507136
-0.006615,19,1270.99284
0.133861,19,1271.498087
-1.37546,15,1271.888505
0.7822,22,1272.448098
0.450092,21,1272.978231
1.081667,26,1273.638733
-0.172094,19,1274.124143
-0.173635,18,1274.598658
0.207502,20,1275.112428
0.445213,19,1275.585079
-0.928265,16,1275.999058
-0.475297,18,1276.457356
-0.521458,18,1276.916433
-0.232256,18,1277.36912
-0.898372,16,1277.7837
0.35211,20,1278.288132
-0.936656,16,1278.689788
2.79205,36,1279.578129
1.687185,28,1280.270176
-0.957038,16,1280.660527
-0.032676,18,1281.114209
-1.334384,15,1281.492675
-1.418513,15,1281.861063
-0.018134,19,1282.362359
0.44983,22,1282.920847
-0.973694,16,1283.3271
0.297905,21,1283.863741
0.374207,21,1284.395313
0.020812,19,1284.87988
-1.040958,16,1285.294785
0.847319,22,1285.854502
-0.772868,17,1286.295214
-0.439576,19,1286.770669
0.603945,20,1287.268664
-1.14523,15,1287.655087
0.443169,20,1288.156132
-1.172096,15,1288.535354
-0.754473,17,1288.974784
-0.921839,16,1289.385607
-0.431365,18,1289.834012
-0.845807,16,1290.236812
-0.760305,17,1290.651027
0.531334,22,1291.221662
0.378267,21,1291.744367
-0.231209,19,1292.222119
-0.662393,17,1292.66213
-1.140505,16,1293.072828
-1.095791,16,1293.481032
0.208816,21,1294.013533
-2.16073,13,1294.33987
0.925799,24,1294.959469
1.287229,26,1295.618694
1.332901,23,1296.206043
0.649031,22,1296.767627
-0.166296,18,1297.214558
1.120424,23,1297.814031
-0.345425,18,1298.296352
0.759197,23,1298.864554
0.448233,21,1299.393297
-1.803938,14,1299.769632
-1.800802,14,1300.136426
-1.329257,15,1300.498948
-0.153501,19,1300.985798
0.188869,21,1301.515305
0.675523,21,1302.047177
-0.337026,19,1311.579923
2.001256,32,1312.37475
-0.582957,18,1312.819611
0.664801,22,1313.363503
0.763429,24,1313.961829
-0.129214,19,1314.437855
-0.274718,19,1314.916719
1.574632,30,1315.696649
-0.036404,19,1316.166989
-0.264795,18,1316.615403
0.198063,20,1317.117118
0.71539,24,1317.709646
-1.802388,14,1318.06596
-0.477694,18,1318.52099
-0.151413,19,1319.005481
0.085602,19,1319.494397
0.695454,22,1320.064604
0.662723,22,1320.620608
-0.920637,16,1321.013144
0.734171,25,1321.649125
0.03389,20,1322.133897
-0.150893,19,1322.611486
-0.040141,19,1323.112819
-2.22229,13,1323.430696
-0.126489,19,1323.91699
0.934027,24,1324.522449
-0.2188,19,1324.99157
0.339092,20,1325.49163
0.249191,20,1326.000326
-0.925258,16,1326.412161
-0.989746,16,1326.818577
0.042821,19,1327.301024
-0.13615,19,1327.781548
0.59087,21,1328.309074
-0.119391,20,1328.799726
-1.476717,15,1329.174862
0.076199,20,1329.689688
1.010682,26,1330.348764
-0.254871,18,1330.819234
1.169031,27,1331.480303
0.268421,21,1332.009567
-1.094127,16,1332.417332
3.510591,52,1333.730506
0.890063,22,1334.305823
0.025307,18,1334.753394
-0.626492,18,1335.205373
-0.457916,18,1335.678154
0.253957,20,1336.170102
-0.842893,16,1336.586317
-0.499044,17,1337.024876
-0.966503,16,1337.428142
0.352346,20,1337.94317
-0.563296,17,1338.363469
-1.054445,16,1338.78925
0.820523,24,1339.385495
-0.808913,17,1339.816818
1.565992,29,1340.557719
-0.245712,18,1341.017814
0.253677,20,1341.519848
-1.081888,16,1341.930151
-0.21308,18,1342.3826
0.697832,23,1342.965326
-0.168115,18,1343.41713
-0.025619,20,1343.919599
1.485574,28,1344.611744
-0.997228,16,1345.035523
1.236982,27,1345.709203
-0.46127,18,1346.152858
0.570904,22,1346.699425
-1.771811,14,1347.065814
-0.912545,17,1347.51373
0.449057,21,1348.047589
0.104192,20,1348.560265
0.262683,20,1349.059815
0.992427,24,1349.672459
1.335599,27,1350.383326
-0.122335,18,1350.835361
0.475938,22,1351.376443
-1.320777,15,1351.762501
-36.986471,176,1356.172196
0.248932,20,1356.678103
0.67911,24,1357.28312
-0.011372,20,1357.806253
-1.12526,16,1358.208273
-1.165837,15,1358.585147
0.174905,21,1359.107261
-0.048887,19,1359.59686
-0.905864,16,1360.00285
2.463036,33,1360.845954
0.21343,21,1361.357692
-0.132709,19,1361.841718
-0.763638,17,1362.263417
-0.071972,19,1362.737
-1.791943,14,1372.035971
-1.065843,16,1372.430292
2.056151,34,1373.285688
0.332328,21,1373.7971
0.154706,20,1374.294951
1.308539,29,1375.016368
1.304114,28,1375.7232
-0.110059,19,1376.214914
-0.543195,18,1376.661995
0.995389,25,1377.310629
0.477998,23,1377.887233
0.159434,20,1378.380018
0.387472,22,1378.943027
0.503625,21,1379.482839
0.87658,25,1380.122386
1.712974,28,1380.820708
0.628277,22,1381.369635
0.83712,24,1381.970972
-0.851666,17,1382.391306
-0.003744,20,1382.878208
-0.827327,17,1383.321904
-1.184576,15,1383.697467
0.170248,21,1384.222968
-0.826049,16,1384.620867
0.801136,24,1385.215514
-0.352221,18,1385.668916
0.081898,21,1386.188865
-2.014302,13,1386.526619
-0.173978,19,1387.000891
-0.383424,18,1387.469394
-0.59501,17,1387.891233
-1.083657,16,1388.282728
0.778946,24,1388.884304
-0.956072,16,1389.307124
-0.326191,18,1389.760005
0.119585,20,1390.264181
0.641245,22,1390.815152
1.3007,25,1391.431997
0.562598,21,1391.944978
-0.484843,18,1392.392301
0.160733,21,1392.929203
-0.228936,18,1393.381913
-0.994014,16,1393.782586
0.323338,20,1394.295501
0.478208,21,1394.815257
0.307149,20,1395.318041
0.715697,23,1395.901122
-0.804006,17,1396.331902
1.022775,25,1396.95942
-0.266472,19,1397.442685
-0.364686,19,1397.896536
0.370591,20,1398.413452
0.22007,21,1398.944775
0.263978,21,1399.47523
1.503041,29,1400.201853
1.228523,25,1400.830097
0.54044,21,1401.358589
0.570701,22,1401.913214
0.313793,21,1402.446013
0.616549,23,1403.010787
0.215603,21,1403.542099
-0.931806,16,1403.960704
1.233602,26,1404.619343
-0.343195,18,1405.079697
0.035949,20,1405.57856
0.295264,22,1406.137319
0.172286,21,1406.682325
-0.852588,17,1407.095359
1.013821,22,1407.646472
-1.717062,14,1408.016432
2.012064,43,1409.111918
-0.38246,18,1409.572508
1.351739,28,1410.283296
-0.718023,17,1410.711738
-1.433905,15,1411.081741
0.803374,24,1411.680022
-1.848519,14,1412.017481
0.594234,23,1412.601557
0.310983,22,1413.142713
-1.524804,15,1413.526243
-0.498941,18,1413.972343
0.921138,22,1414.505343
1.288689,25,1415.137667
0.678398,21,1415.656371
-0.219968,19,1416.129989
-1.206576,16,1416.520602
1.761788,26,1417.159188
0.143048,20,1417.662733
-0.059018,19,1418.156517
-0.468843,18,1418.608388
0.487205,22,1419.174021
1.840395,32,1419.967863
-1.158748,16,1420.377342
0.953094,23,1420.949422
-0.748389,17,1421.387818
0.159257,19,1421.861305
-2.06986,13,1422.200363
-0.861029,16,1422.600491
-0.25426,18,1423.043179
1.795174,30,1432.818242
0.41709,23,1433.38396
-0.36295,18,1433.837918
0.72373,25,1434.471136
3.138035,48,1435.663728
-0.443726,18,1436.126403
0.433754,23,1436.701663
0.142013,20,1437.19425
-0.72162,17,1437.609203
0.4691,20,1438.133245
-0.968971,16,1438.540674
-0.117314,19,1439.025088
-0.778391,17,1439.45791
2.916127,50,1440.680267
-0.250552,20,1441.169971
0.229599,21,1441.68284
0.756527,25,1442.307965
-1.40481,15,1442.677151
1.092761,25,1443.288649
-0.114887,19,1443.756976
0.09722,21,1444.272177
1.193437,28,1444.968689
1.139031,29,1445.717754
0.16145,20,1446.219026
-1.225976,16,1446.627817
-0.164238,18,1447.069255
-0.03925,19,1447.546538
-0.06692,20,1448.041564
-1.594682,15,1448.447645
-1.118054,16,1448.858025
-0.389228,18,1449.310936
-1.346264,15,1449.69999
0.103382,20,1450.212112
-0.373716,18,1450.677476
0.006073,21,1451.225838
-1.035324,16,1451.630661
0.63996,22,1452.19977
0.150703,20,1452.706416
-0.635373,17,1453.15487
2.10581,32,1453.985179
-0.681332,17,1454.423472
-0.899495,17,1454.864627
0.411315,21,1455.417239
-0.767859,16,1455.831466
-0.891098,17,1456.293315
-1.01927,16,1456.709024
1.053558,28,1457.427988
-0.840362,17,1457.881312
0.530777,23,1458.463876
1.00105,25,1459.109008
-0.904401,16,1459.521627
-0.159442,19,1460.00363
-0.018947,19,1460.471399
-1.5228,15,1460.844026
5.754828,97,1463.262624
-1.18712,16,1463.675635
-0.127182,19,1464.128465
2.026737,34,1464.997199
0.534138,23,1465.575929
-1.442609,15,1465.949443
-0.24525,19,1466.433336
-0.014192,19,1466.904936
-0.355619,18,1467.349394
0.285867,20,1467.851232
1.515415,31,1468.610997
0.791027,25,1469.268345
0.81033,22,1469.82558
0.89992,22,1470.380688
1.20843,28,1471.114801
0.19947,21,1471.651362
1.051948,25,1472.270824
-0.81993,17,1472.693673
0.102575,20,1473.208429
-0.721538,17,1473.636109
-0.068846,19,1474.124798
0.218341,21,1474.64307
0.010877,20,1475.145869
-0.981158,16,1475.553673
1.503644,30,1476.332294
0.701956,22,1476.87937
-0.290059,18,1477.339287
-0.412264,18,1477.788105
0.814531,25,1478.430297
0.047724,19,1478.910385
-0.050722,20,1479.399479
2.242583,33,1480.252096
-0.316647,18,1480.725122
2.456494,54,1482.103701
-1.811747,14,1482.477008
-0.521488,18,1482.934081
-0.625815,17,1483.353835
0.487531,22,1483.902497
0.862399,26,1493.55106
0.497053,22,1494.069466
0.565402,24,1494.666446
3.521992,61,1496.173592
1.388259,29,1496.881705
0.884096,25,1497.58537
-0.47104,18,1498.059771
-0.584556,18,1498.520423
0.585979,22,1499.113943
-0.704455,17,1499.579208
2.86763,48,1500.851831
-0.656935,17,1501.300568
-0.200186,20,1501.848585
1.039597,26,1502.533577
4.091577,69,1504.351497
-0.609427,17,1504.79495
0.788851,24,1505.426137
-0.209353,19,1505.9458
-0.368875,18,1506.403606
-1.106429,16,1506.83176
-1.225924,16,1507.26334
-0.207255,19,1507.767828
-0.100735,19,1508.275305
-1.377087,15,1508.655629
0.168602,21,1509.188578
0.172498,20,1509.717824
0.100284,22,1510.31561
-1.295246,15,1510.721949
-1.485363,15,1511.117985
0.538239,23,1511.730701
-0.773012,17,1512.178024
0.60942,23,1512.785634
0.011246,21,1513.339543
-0.025186,20,1513.891692
1.462689,32,1514.734784
-0.203824,19,1515.234477
20.923216,176,1519.81087
0.197912,20,1520.346269
-0.612938,17,1520.794684
-0.221604,18,1521.252289
0.487007,22,1521.811994
-0.823817,17,1522.26546
-0.867836,16,1522.673168
1.704406,32,1523.508056
-0.499053,18,1523.975351
-0.500109,18,1524.455982
-1.227195,15,1524.861062
0.821712,24,1525.472313
-0.548106,18,1525.945565
-0.751999,17,1526.374702
-0.318,18,1526.848896
-1.071496,16,1527.260912
1.095521,25,1527.899318
0.731447,24,1528.509809
-0.617971,18,1528.960858
-0.892019,17,1529.388309
0.600423,23,1529.990615
0.766069,25,1530.635697
2.824268,40,1531.676913
0.585189,23,1532.287579
0.675499,22,1532.834907
-1.198501,16,1533.248516
-1.409809,15,1533.635504
-0.928355,16,1534.062626
0.059188,20,1534.580868
0.34001,22,1535.139022
-0.14954,20,1535.66072
0.374402,22,1536.206696
0.352754,21,1536.760955
-1.107072,16,1537.176979
0.295552,21,1537.718362
0.472244,22,1538.249907
-0.045783,20,1538.770382
-0.281301,18,1539.229365
-1.091442,16,1539.636001
0.63113,24,1540.253484
-1.116898,16,1540.637606
0.58531,23,1541.20815
-1.480527,15,1541.577715
0.977064,27,1542.24841
-0.329204,18,1542.709842
0.119831,21,1543.251129
0.032754,20,1543.743608
-0.989564,16,1544.143728
0.445028,23,1544.726169
2.296168,39,1545.710956
-0.203873,19,1546.190295
-0.525231,18,1555.901787
0.79513,22,1556.448342
-0.566893,18,1556.894808
0.928974,27,1557.55908
-0.412057,19,1558.043797
-0.83451,17,1558.464803
-1.409648,16,1558.864955
-1.739433,14,1559.206713
-0.504587,18,1559.679593
-0.325766,18,1560.138104
1.098747,27,1560.843421
-1.50789,15,1561.227085
-0.078098,20,1561.744816
1.138717,28,1562.460728
-0.057298,19,1562.926811
1.670177,43,1564.019424
-1.441594,15,1564.393744
0.04149,20,1564.900991
-0.91157,17,1565.313784
0.082621,20,1565.816599
0.255447,21,1566.342185
2.893383,52,1567.646356
0.49838,21,1568.168282
0.503481,22,1568.73128
-0.319808,19,1569.217666
0.314998,20,1569.731573
-1.13051,16,1570.126052
-0.878453,16,1570.538386
0.141462,20,1571.047207
0.054732,20,1571.529667
-0.711376,17,1571.953417
-0.072942,20,1572.446015
-0.263727,19,1572.906107
1.979236,38,1573.852984
-1.499271,15,1574.223351
6.838061,118,1577.211005
-1.594488,15,1577.59642
-1.331713,15,1577.963332
-1.099236,16,1578.386919
0.293347,21,1578.917509
0.473974,22,1579.461256
1.144531,28,1580.18062
0.0268,21,1580.698614
0.738925,24,1581.29952
-0.828806,17,1581.713531
0.360624,22,1582.287014
0.764614,25,1582.883869
-0.518241,17,1583.305811
4.717736,94,1585.687984
-0.848252,17,1586.13538
-0.124537,19,1586.62235
0.674682,22,1587.202408
0.251713,21,1587.735851
0.329257,22,1588.288387
-0.761533,17,1588.72159
-0.989356,16,1589.126198
-0.091304,19,1589.608097
-0.332663,19,1590.092386
-0.889668,17,1590.51791
3.389235,56,1591.914528
-0.108491,20,1592.433852
-0.271486,19,1592.900258
-0.475681,18,1593.356955
0.189057,20,1593.852786
1.824861,30,1594.576155
-1.04884,16,1594.966201
0.7311,24,1595.565509
0.757386,25,1596.184202
-0.670435,17,1596.624316
-0.388763,18,1597.086032
4.5284,67,1598.761943
-0.090625,20,1599.251529
0.810432,26,1599.884833
-0.739486,17,1600.316052
0.30344,21,1600.829051
-1.096807,16,1601.243728
-1.431469,15,1601.638418
-0.555085,18,1602.098586
-1.15961,16,1602.48673
-0.424941,18,1602.9439
2.048646,44,1604.014541
1.002536,24,1604.593019
-0.580529,17,1605.032355
-0.314677,19,1605.497066
-0.444035,19,1605.993154
0.894386,26,1606.645769
-1.731411,14,1606.993139
0.124158,21,1616.694046
-0.185537,20,1617.195961
0.978017,26,1617.846934
0.548251,23,1618.418264
-0.23142,20,1618.917581
-0.115565,19,1619.384992
-1.164591,16,1619.781302
2.049292,36,1620.684864
-0.36269,19,1621.180305
0.45901,24,1621.798266
-0.098396,20,1622.320762
-1.514061,15,1622.709522
2.391962,69,1624.426557
-0.442491,19,1624.89883
0.319287,21,1625.410813
-0.761065,17,1625.835118
-1.141252,16,1626.231267
0.61709,23,1626.8248
0.382927,23,1627.395715
2.666903,46,1628.540106
1.810205,33,1629.372511
-0.099875,21,1629.886584
-0.502642,18,1630.334175
0.149044,21,1630.856747
-2.333521,13,1631.175889
-0.176901,19,1631.638947
0.77519,24,1632.224213
0.296442,22,1632.779339
-0.65446,17,1633.205488
0.063897,20,1633.718463
-1.086155,16,1634.122526
3.059054,47,1635.290656
4.454998,95,1637.679358
0.574456,22,1638.21963
-1.145924,16,1638.629522
-1.073194,16,1639.022798
-1.744194,14,1639.37212
2.899238,54,1640.708261
-0.403773,19,1641.186437
-0.19966,19,1641.674865
-0.653174,18,1642.11862
0.577258,22,1642.678452
-0.238352,20,1643.185828
-1.002154,16,1643.581739
-0.155881,20,1644.084126
-0.248285,19,1644.552805
-0.068089,20,1645.045396
-0.451497,18,1645.501609
-1.636935,15,1645.879219
-0.302231,19,1646.347015
-1.467504,15,1646.710297
-0.350199,18,1647.159586
-1.931812,14,1647.498932
0.233083,22,1648.034343
2.655542,79,1649.958602
0.560312,25,1650.565926
-1.529736,15,1650.944134
0.607928,24,1651.52853
-2.261868,13,1651.854775
0.054948,21,1652.376248
-0.897129,17,1652.798929
0.222098,22,1653.347388
-0.280931,20,1653.843645
-1.156349,16,1654.236768
0.491917,21,1654.765174
-1.312452,15,1655.13403
1.401651,29,1655.838645
0.483383,22,1656.382556
4.812875,80,1658.361872
2.003861,38,1659.293978
-1.843312,14,1659.632986
8.910875,126,1662.713275
-1.58799,15,1663.082197
-0.215823,20,1663.572988
-0.294235,18,1664.017379
1.582688,31,1664.763818
-0.303249,20,1665.260553
-1.256029,15,1665.6387
0.274165,21,1666.16232
0.641308,24,1666.767109
0.111897,21,1676.549472
-0.389788,18,1676.986035
0.409326,23,1677.53471
-0.313988,18,1677.995327
-0.275674,19,1678.467623
-0.471497,19,1678.943767
-0.53257,18,1679.387559
-1.123934,16,1679.780868
-0.043249,20,1680.270815
-0.828933,17,1680.689745
-0.875191,17,1681.097891
-0.015926,21,1681.61614
0.263879,21,1682.132644
0.364769,22,1682.666691
14.893472,176,1687.002932
-0.990706,16,1687.39816
0.731861,24,1687.978653
1.588639,39,1688.931655
-0.205638,19,1689.393887
-1.007527,17,1689.803281
1.14161,28,1690.496408
-0.262377,19,1690.950309
5.995663,176,1695.168356
-0.166217,20,1695.657164
3.415306,55,1697.001366
-0.336586,19,1697.485339
-0.811958,17,1697.907397
4.15529,76,1699.756177
-0.088697,20,1700.246577
0.254711,21,1700.751719
3.230367,69,1702.383677
3.652208,123,1705.346373
-0.630117,18,1705.794787
0.187158,20,1706.285298
0.384349,21,1706.782314
4.67236,76,1708.643919
0.21215,20,1709.141271
0.097411,20,1709.639994
-0.356838,19,1710.101614
-0.311708,19,1710.560681
-0.742353,17,1710.976101
-1.139842,16,1711.368359
-0.010787,20,1711.842983
1.151435,29,1712.537474
0.042436,21,1713.051915
-0.870144,17,1713.467903
-0.083946,19,1713.927228
3.978174,64,1715.4688
-0.218052,20,1715.961041
17.299412,176,1720.294103
0.732058,25,1720.913754
0.510019,24,1721.495231
0.962897,28,1722.197981
-0.598328,18,1722.641801
1.911537,46,1723.747499
5.931118,97,1726.036256
0.898296,24,1735.932546
-0.088389,19,1736.406409
-1.436747,15,1736.783218
-0.416724,19,1737.251914
0.668234,26,1737.889853
-1.206437,16,1738.266257
1.839996,42,1739.294873
15.258371,176,1743.509521
0.748173,26,1744.136947
0.945633,25,1744.716668
-1.53434,15,1745.07733
-1.191082,16,1745.454694
-0.120315,20,1745.945618
-0.977252,17,1746.361504
0.137863,21,1746.8654
1.559713,48,1748.033966
1.946115,34,1748.865357
0.78591,27,1749.514354
-1.44773,15,1749.866742
1.375728,58,1751.256137
0.353376,23,1751.824123
-0.487019,19,1752.283981
0.20639,22,1752.818798
-0.174536,19,1753.278758
-0.785458,17,1753.695058
0.353629,23,1754.26252
-0.697009,18,1754.701639
2.498331,46,1755.797729
-0.099147,21,1756.310208
-0.458311,18,1756.731248
0.005637,20,1757.209539
-0.132633,19,1757.651182
0.480535,24,1758.231498
-1.874966,14,1758.566373
-0.033651,20,1759.048889
-0.179091,20,1759.533837
16.752796,176,1763.774982
14.825482,176,1767.951624
1.661184,44,1768.973005
-0.411949,19,1769.42074
0.482654,21,1769.911075
18.068162,176,1774.032622
-0.497928,18,1774.468901
-0.843783,17,1774.884013
-0.080972,20,1775.365562
1.135075,30,1776.105381
-0.87098,17,1776.519356
2.244984,45,1777.618463
-0.175935,20,1778.115679
-0.811235,17,1778.529954
17.887724,176,1782.657481
-0.928874,17,1783.0632
-0.840343,17,1783.484849
-0.266016,20,1783.958053
-0.307186,19,1784.408685
16.12139,176,1797.904446
0.380775,23,1798.453684
16.622807,176,1802.621563
-1.272729,16,1803.007375
15.93372,176,1807.124115
0.302368,21,1807.631341
0.884285,27,1808.287927
0.386009,23,1808.837161
-0.184727,20,1809.325214
-0.822462,17,1809.723609
-1.949258,14,1810.056512
-0.665189,18,1810.471438
-0.499846,18,1810.899699
0.550191,24,1811.462472
-1.100016,16,1811.83817
-1.833828,14,1812.168692
0.642712,26,1812.784451
20.91351,176,1816.929183
-0.117608,20,1817.406692
-1.470496,15,1817.759679
-0.971038,17,1818.165788
-0.501976,18,1818.593551
0.695086,25,1819.205853
16.274501,176,1823.327828
-0.790141,17,1823.736584
-0.792237,17,1824.16016
-0.927759,17,1824.575132
-1.549829,15,1824.93572
0.373429,23,1825.485941
1.944454,43,1826.487468
-0.821367,17,1826.887655
-0.018571,21,1827.375519
-0.803786,17,1827.766633
-0.326932,19,1828.227838
15.30155,176,1832.408142
15.524038,176,1836.56505
17.527284,176,1840.781513
0.455158,23,1841.322191
14.518518,176,1855.037349
-1.392423,15,1855.431741
0.048624,21,1855.966884
0.954077,31,1856.713602
-0.286831,20,1857.205778
-0.501743,18,1857.636298
18.41755,176,1861.742568
0.462391,24,1862.321188
0.793253,24,1862.899347
16.697438,176,1866.970488
-0.344777,18,1867.400025
-0.312818,20,1867.87438
0.613035,25,1868.489085
17.547272,176,1872.535234
-1.191956,16,1872.928309
-0.003685,21,1873.428051
-0.049005,20,1873.909938
0.350151,22,1874.443574
18.388531,176,1878.601097
-1.081734,16,1878.976898
14.660398,176,1883.006853
15.821214,176,1887.151262
-0.007121,20,1887.632116
-1.302151,16,1888.016634
17.597926,176,1892.20411
18.397324,176,1896.294195
13.1801,176,1909.93232
-0.818883,17,1910.358397
16.48628,176,1914.548936
16.747598,176,1918.71019
-0.926941,17,1919.120018
17.2996,176,1923.273091
0.062055,21,1923.788074
0.174952,22,1924.326051
14.915232,176,1928.465793
-0.735522,17,1928.882051
17.13352,176,1932.950494
0.261516,23,1933.495306
-0.802211,17,1933.89641
-0.497275,18,1934.335734
-0.951607,17,1934.750376
-0.880689,17,1935.172943
15.020424,176,1939.214065
-0.845222,17,1939.620377
15.381029,176,1943.694208
-0.026113,20,1944.191862
0.049146,21,1944.693475
-0.633454,18,1945.130123
15.877449,176,1949.284314
14.623597,176,1953.405284
0.317151,22,1953.926111
0.572404,23,1954.468242
0.546652,24,1955.050454
15.280982,176,1968.842674
18.719866,176,1973.020607
-1.131329,16,1973.412929
0.021092,20,1973.885376
0.334056,23,1974.426867
16.566483,176,1978.481999
0.641948,27,1979.12895
-0.427585,18,1979.56728
0.597917,25,1980.168704
-1.533683,15,1980.530449
-1.160739,16,1980.922775
16.050726,176,1984.998334
-0.600203,18,1985.418992
-0.683985,18,1985.853144
0.59917,24,1986.425655
16.213431,176,1990.569752
-0.522946,18,1990.993464
-0.599755,18,1991.415622
-1.596754,15,1991.762624
-0.165355,19,1992.214597
0.091008,21,1992.718367
-0.639501,18,1993.154696
-0.40929,18,1993.599462
15.191426,176,1997.751744
-0.533455,18,1998.173936
-0.879369,17,1998.574171
16.141847,176,2002.783634
0.455395,23,2003.326777
0.01384,21,2003.815325
-0.184401,20,2004.282181
-0.488975,18,2004.720853
-0.040979,20,2005.199158
15.295221,176,2009.390776
-1.501811,15,2009.761068
13.603747,176,2013.869637
-0.229624,19,2014.320906
17.490686,176,2028.119186
-0.70093,18,2028.558162
-0.05196,21,2029.071676
-1.333671,16,2029.450428
17.927002,176,2033.581064
0.378774,24,2034.138605
18.377987,176,2038.222019
-1.450778,15,2038.583284
-0.091949,20,2039.051744
-0.162448,20,2039.519196
-0.237914,20,2039.985681
16.487969,176,2044.112834
-0.369174,19,2044.566893
16.056454,176,2048.72348
17.407784,176,2052.783654
16.472199,176,2056.98611
-0.062135,20,2057.462042
15.62548,176,2061.547804
0.110574,22,2062.075738
-0.821867,17,2062.482418
0.53952,23,2063.025695
16.991161,176,2067.151632
-0.650507,18,2067.587352
-0.271678,19,2068.030425
-0.87814,17,2068.422467
-0.288434,20,2068.907075
-0.361346,19,2069.36142
-0.924202,17,2069.760775
-1.537449,15,2070.121088
18.878033,176,2084.023567
17.139194,176,2088.217143
15.328245,176,2092.273037
15.827074,176,2096.369052
-1.312902,16,2096.76258
17.371644,176,2100.904741
13.777561,176,2105.043242
-1.836766,14,2105.375746
-0.04375,21,2105.891989
15.242574,176,2110.012272
0.083597,21,2110.531247
0.34,24,2111.105623
-0.464189,19,2111.552263
15.358959,176,2115.63838
0.006105,21,2116.125551
-0.119231,20,2116.593416
17.550034,176,2120.722092
-0.140485,20,2121.196969
16.704347,176,2125.333112
15.463056,176,2129.453189
-0.665574,18,2129.87009
-1.327359,16,2130.248452
0.123881,21,2130.746015
17.069909,176,2144.624503
-0.262256,20,2145.100497
0.060875,21,2145.595215
-0.903892,17,2146.004572
-0.555451,18,2146.434859
13.943467,176,2150.486248
0.103087,21,2150.973895
18.32238,176,2155.122672
18.06787,176,2159.21779
-0.051944,21,2159.71621
0.219604,21,2160.214754
15.924168,176,2164.362803
-0.129535,21,2164.876713
-0.134402,20,2165.351506
16.506184,176,2169.484316
16.376176,176,2173.64628
-1.255715,15,2174.016541
17.55149,176,2178.188585
0.418909,24,2178.755002
17.656966,176,2182.928931
-0.141622,20,2183.423388
-0.23383,19,2183.877258
0.095907,21,2184.365918
0.80528,32,2185.096492
0.246874,23,2185.643917
-1.490907,15,2186.007246
19.045946,176,2199.919539
-1.190101,16,2200.312004
-0.853469,17,2200.721301
15.303949,176,2204.916842
0.455,22,2205.445672
15.639976,176,2209.602508
17.756295,176,2213.763293
-0.581882,18,2214.201298
-0.663728,18,2214.636011
0.242903,23,2215.183325
-0.050898,21,2215.704404
-0.702252,17,2216.122972
15.105609,176,2220.319067
-0.331886,19,2220.79166
-0.797973,17,2221.206813
-0.317656,19,2221.691877
17.867545,176,2225.920017
-1.837023,14,2226.254308
0.114027,22,2226.801244
-0.321218,19,2227.243962
-0.332225,18,2227.674927
-0.055023,20,2228.162341
-0.027708,19,2228.615246
17.904597,176,2232.885685
-0.76281,17,2233.286305
-1.116636,16,2233.668432
-2.23964,13,2233.981741
19.823348,176,2238.159131
-1.066906,16,2238.527489
-0.102228,20,2238.983978
18.745335,176,2243.10073
-1.32872,16,2243.48205
-1.35116,15,2243.841604
17.114023,176,2248.050441
15.475278,176,2261.959536
-0.92333,16,2262.351815
17.369246,176,2266.541473
14.930185,176,2270.765303
0.04806,22,2271.304128
-1.855802,14,2271.635068
16.882298,176,2275.770699
-0.424063,19,2276.225992
0.463969,25,2276.840964
-0.725272,17,2277.256429
0.251297,23,2277.807574
14.448469,176,2281.915375
0.618655,26,2282.542249
17.288637,176,2286.674991
15.998379,176,2290.815905
0.28403,23,2291.358443
13.61494,176,2295.472246
-0.446428,19,2295.932614
-0.124093,19,2296.375862
-1.889384,14,2296.714803
-0.006177,19,2297.17405
16.890008,176,2301.300017
0.032947,21,2301.789142
17.02345,176,2305.942011
-0.284414,18,2316.257844
-0.637571,18,2316.703006
0.120015,22,2317.267327
-0.532517,18,2317.721175
15.61561,176,2322.048456
-0.28544,20,2322.559243
-0.167981,20,2323.065008
18.756479,176,2327.438278
19.354806,176,2331.759574
16.337837,176,2336.085158
16.210559,176,2340.378926
0.452486,25,2341.007388
15.349049,176,2345.310127
-0.42727,19,2345.778085
0.438301,25,2346.395441
17.592977,176,2350.720788
14.869523,176,2355.035819
-1.612444,15,2355.404645
-0.709041,18,2355.835606
-0.856249,17,2356.256537
15.230092,176,2360.544733
0.19819,23,2361.099306
-1.226364,16,2361.484704
15.797452,176,2365.788596
-1.013527,17,2366.205715
-0.901881,17,2376.550748
15.955675,176,2380.852219
-0.127186,20,2381.356356
-0.750156,18,2381.794131
-0.821733,18,2382.24011
0.084628,22,2382.781924
16.994933,176,2387.049195
-0.903459,17,2387.473849
-0.73374,18,2387.912367
-1.493181,15,2388.285462
14.624295,176,2392.534714
18.301292,176,2396.82698
18.583976,176,2401.172493
-0.547349,18,2401.60601
-0.01652,21,2402.11667
-0.414027,19,2402.581922
14.75912,176,2406.879586
15.987988,176,2411.220016
0.22,23,2411.808175
-0.490326,19,2412.292626
16.571335,176,2416.59795
-1.298992,16,2417.005585
0.332755,24,2417.598283
0.127352,22,2418.135606
0.195862,23,2418.690393
-0.381605,19,2419.167121
-1.182171,16,2419.548874
18.254232,176,2423.817006
-0.859106,17,2424.249651
13.4902,176,2438.373418
-1.254268,16,2438.764371
-1.045832,17,2439.188562
14.409776,176,2443.446553
0.321532,23,2444.018298
-0.869224,17,2444.445336
-0.98229,17,2444.858328
0.121505,22,2445.413164
19.605004,176,2449.678657
16.133252,176,2453.901119
15.572589,176,2458.155279
-0.557638,18,2458.616074
15.32437,176,2462.819745
-0.934365,17,2463.253587
-1.313239,16,2463.656444
-1.329765,16,2464.082018
-0.187505,20,2464.593549
-0.208585,19,2465.056417
16.568523,176,2469.296278
0.223132,22,2469.863118
-1.016027,17,2470.278898
-1.216726,16,2470.673321
16.211122,176,2474.93304
0.08505,21,2475.446824
-0.69296,18,2475.87884
-0.664078,18,2476.315203
-0.081439,21,2476.817682
16.050494,176,2481.107771
15.555546,176,2485.397105
19.587862,176,2499.637848
-0.129535,21,2500.165462
-0.356389,19,2500.638574
0.095973,22,2501.17733
0.367546,22,2501.710959
-0.294486,19,2502.162522
-0.252579,19,2502.618732
-0.234054,20,2503.111932
-1.362118,15,2503.469781
-0.900662,17,2503.882878
-0.414715,18,2504.31703
0.273864,23,2504.883588
-0.380233,19,2505.361583
-0.343748,19,2505.833701
18.44824,176,2510.049104
0.081635,22,2510.603543
16.757359,176,2514.819106
-0.324211,19,2515.289811
-0.333635,19,2515.785909
-0.936356,17,2516.221676
-0.277621,20,2516.708411
-0.659539,17,2517.118668
17.092521,176,2521.358292
-0.271688,20,2521.846635
-0.587779,18,2522.30652
14.840196,176,2526.504174
0.072727,22,2527.047847
-0.333051,20,2527.528169
-1.00195,17,2527.931998
17.007217,176,2532.180064
-0.866288,17,2532.590052
15.447131,176,2536.934447
-0.074189,20,2537.432786
0.245455,23,2537.993335
-0.532084,18,2538.421518
14.456272,176,2542.645204
-0.300772,20,2543.127734
-0.319912,20,2543.620482
-0.987267,17,2544.032385
15.699356,176,2558.246911
14.560425,176,2562.498955
15.982367,176,2566.741345
-1.141889,16,2567.139075
15.444303,176,2571.397191
0.341,24,2571.972326
-2.301963,13,2572.297909
0.072727,22,2572.82767
15.085077,176,2577.092375
18.004387,176,2581.400414
15.700112,176,2585.681753
-0.272727,20,2586.17738
14.878822,176,2590.481706
-0.303636,20,2590.99291
-1.051292,17,2591.427616
0.1,22,2591.978877
17.714677,176,2596.255529
0.523338,25,2596.86593
0.042057,21,2597.380121
17.456521,176,2601.622533
-0.906335,17,2602.058398
14.794892,176,2616.355857
-1.207869,16,2616.740319
15.417687,176,2620.946033
-0.818174,17,2621.365371
-1.615329,15,2621.743643
15.393747,176,2625.984145
-0.641116,18,2626.450681
16.339309,176,2630.683881
0.25119,23,2631.260394
-0.14279,20,2631.776467
14.02081,176,2636.008741
-1.551907,15,2636.391828
-1.036364,17,2636.80879
-0.839009,17,2637.229479
17.865204,176,2641.552531
16.15846,176,2645.811995
-1.158109,16,2646.214125
-0.141042,20,2646.710767
17.843267,176,2650.951954
15.537914,176,2655.177862
17.179091,176,2659.429376
14.386221,176,2663.68883
-1.003265,17,2664.110637
0.1,22,2664.637839
-0.882202,17,2665.05471
19.64851,176,2679.357676
-1.304379,16,2679.751738
-1.313447,16,2680.169994
-0.727916,18,2680.625252
-1.930297,14,2680.973458
-1.616024,15,2681.328934
-0.510401,19,2681.796765
-0.156247,20,2682.295971
-0.054213,21,2682.805697
17.078761,176,2687.00494
0.196857,23,2687.564046
14.478718,176,2691.793989
14.713511,176,2696.025971
-0.250412,20,2696.511234
15.895152,176,2700.79363
14.790867,176,2705.116455
-0.803598,18,2705.564145
16.986411,176,2709.812594
16.520222,176,2714.011017
0.046707,22,2714.549749
0.195677,23,2715.133581
-0.681908,18,2715.566234
-0.072727,21,2716.074555
-0.412353,19,2716.529097
13.714415,176,2720.768326
0.365221,24,2721.334667
0.22,23,2721.885145
16.544969,176,2736.389571
-0.935313,17,2736.817178
-0.329284,20,2737.29975
0.161625,22,2737.839743
-1.322719,16,2738.24344
-1.873589,14,2738.591638
0.363636,24,2739.182004
16.987596,176,2743.462153
0.363636,24,2744.041484
0.22,23,2744.589412
16.438176,176,2748.797632
-2.020523,14,2749.137892
-0.34772,19,2749.596713
-1.363629,16,2749.98538
-0.060995,21,2750.507263
13.360138,176,2754.762623
18.744681,176,2759.011212
15.296229,176,2763.326854
0.264281,23,2763.893557
15.421724,176,2768.153608
-0.490315,18,2768.604714
15.975661,176,2772.851569
15.262772,176,2777.114323
-0.484921,19,2777.59945
-0.028978,20,2778.093181
0.083737,22,2778.632801
17.639416,176,2782.934833
17.190042,176,2797.449021
-0.789091,18,2797.899339
0.046707,22,2798.431005
-1.249307,16,2798.825286
0.221884,23,2799.393886
0.1,22,2799.928413
17.031436,176,2804.250352
13.442849,176,2808.571217
-1.619098,15,2808.943666
-1.323589,16,2809.337721
-0.101818,21,2809.857921
15.611627,176,2814.140759
16.402652,176,2818.424468
-0.558538,19,2818.90329
-1.032024,17,2819.333138
-0.754545,18,2819.788475
-1.002433,17,2820.201116
15.070737,176,2824.496284
-1.009424,17,2824.911823
-0.272727,20,2825.398841
-0.254028,20,2825.882994
-0.729893,18,2826.325244
18.413218,176,2830.591133
-0.12771,21,2831.101833
-0.787742,18,2831.554099
18.132876,176,2835.800793
-0.563838,19,2836.275677
16.653581,176,2840.569602
15.458264,176,2844.842506
-1.106989,17,2855.351838
0.504542,25,2855.977278
-2.456477,13,2856.312859
-0.29883,20,2856.816752
-0.821899,18,2857.263587
1.3531,37,2858.196217
0.875812,31,2858.961916
-0.333051,20,2859.470919
-0.332463,20,2859.981325
-0.731326,18,2860.42928
0.890543,30,2861.162764
7.734632,145,2864.771032
-0.101818,21,2865.285444
-0.789091,18,2865.734023
2.4355,56,2867.102962
-0.26916,20,2867.590231
-1.639459,15,2867.952881
-0.101818,21,2868.489703
1.578729,44,2869.602462
0.622366,27,2870.284177
-1.335678,16,2870.677703
-1.01986,17,2871.115906
-0.563838,19,2871.590881
0.072727,22,2872.137412
-0.5,19,2872.617072
-1.681818,15,2872.979325
14.976698,176,2877.288048
-0.331903,20,2877.783702
3.808537,96,2880.13708
0.046707,22,2880.693927
-0.272727,20,2881.206567
2.117779,42,2882.258729
-1.337185,16,2882.65717
0.097927,22,2883.209028
-0.752203,18,2883.665524
2.693852,85,2885.731437
-0.333051,20,2886.206782
-0.821899,18,2886.640822
-0.754545,18,2887.086645
15.803625,176,2891.446695
-0.532727,19,2891.925846
-0.56074,19,2892.389082
-0.737496,18,2892.817581
-1.345455,16,2893.207717
-1.053643,17,2893.635159
6.026295,158,2897.620896
7.267735,154,2901.458397
-0.129535,21,2902.001643
-0.5,19,2902.48752
-0.532727,19,2902.949718
4.29954,93,2905.215101
15.025992,176,2919.627707
0.694181,27,2920.321349
-1.400157,16,2920.711137
0.071875,22,2921.247773
-0.814002,18,2921.688333
0.050943,22,2922.218957
15.839739,176,2926.494048
-0.303636,20,2926.988261
17.853327,176,2931.222843
17.479848,176,2935.516975
19.286488,176,2939.911256
0.245455,23,2940.474107
2.740133,70,2942.187814
-1.333763,16,2942.558995
-0.101818,21,2943.083021
17.988667,176,2947.408714
16.528216,176,2951.727632
0.1,22,2952.267134
0.072727,22,2952.815167
15.632352,176,2957.090749
-1.670253,15,2957.485453
-0.129535,21,2958.0206
-0.784067,18,2958.466424
-0.072727,21,2959.006952
16.678209,176,2963.380411
-0.272727,20,2963.896127
-0.782063,18,2964.357671
-0.754545,18,2964.803172
-0.456679,19,2965.262419
15.238657,176,2979.566556
0.876842,28,2980.263753
-0.5,19,2980.743086
-0.333051,20,2981.239111
17.134786,176,2985.624715
18.201247,176,2989.872982
-0.101818,21,2990.403384
-0.129535,21,2990.925272
16.321462,176,2995.182771
-0.333051,20,2995.666519
-0.532727,19,2996.121503
14.824736,176,3000.354498
0.725493,28,3001.031125
-0.532727,19,3001.500242
-0.120643,21,3002.002631
-1.345455,16,3002.396502
-0.072727,21,3002.910284
-1.036364,17,3003.332927
-0.754545,18,3003.791845
-0.101818,21,3004.310136
-0.499491,19,3004.769908
17.999111,176,3009.01874
-1.396725,16,3009.404958
0.10727,22,3009.948916
17.162192,176,3014.206987
-0.129535,21,3014.706274
0.527463,26,3015.343754
15.588565,176,3019.691649
18.734936,176,3023.973074
-1.054086,17,3024.394487
16.184059,176,3038.641475
0.244654,23,3039.220557
4.364066,114,3042.071691
-0.750994,18,3042.523545
0.22,23,3043.093808
0.110716,22,3043.6435
13.681343,176,3047.95764
-0.272727,20,3048.446195
-0.333051,20,3048.978825
0.890704,29,3049.697515
16.757829,176,3054.103711
-1.06444,17,3054.533946
1.100474,32,3055.326659
-0.789091,18,3055.764299
-0.072727,21,3056.270108
0.48746,25,3056.881504
15.426671,176,3061.276297
-0.754545,18,3061.722322
0.060878,22,3062.273256
1.634418,32,3063.080168
-0.303636,20,3063.582262
15.360078,176,3067.887909
0.317457,23,3068.458663
-1.419838,16,3068.865189
-0.750942,18,3069.322231
18.180013,176,3073.544875
-0.072727,21,3074.080123
0.247178,23,3074.646387
0.585053,26,3075.290061
16.233875,176,3079.539561
-0.272727,20,3080.051611
-1.345455,16,3080.454188
-0.528239,19,3080.933496
-0.100773,21,3081.462579
16.736132,176,3085.780554
0.424282,25,3086.377826
0.046707,22,3096.886622
16.871149,176,3101.156501
0.693898,27,3101.823317
18.773762,176,3106.105326
0.937637,28,3106.786184
17.898071,176,3111.071882
-0.789091,18,3111.516856
-0.101818,21,3112.044322
0.225278,23,3112.612516
16.633377,176,3116.923731
0.046707,22,3117.480555
15.906982,176,3121.772208
15.529966,176,3126.04729
-0.562604,19,3126.527555
-1.67827,15,3126.898187
-0.129535,21,3127.419256
-1.759717,15,3127.783934
-0.751628,18,3128.231191
17.027177,176,3132.527272
-0.101818,21,3133.046503
-1.036364,17,3133.464434
-0.129535,21,3133.976275
-0.480531,19,3134.449765
-0.563838,19,3134.915539
0.129684,22,3135.452386
15.773991,176,3139.735419
-0.303636,20,3140.229347
0.768135,28,3140.934279
-0.5,19,3141.410902
-0.491148,19,3141.887602
0.072727,22,3142.449474
0.634259,26,3143.127453
19.8984,176,3157.4304
0.544434,25,3158.049043
14.366983,176,3162.314411
-2.045455,14,3162.671856
0.072727,22,3163.224927
13.846113,176,3167.515399
-1.036364,17,3167.94254
-0.563838,19,3168.413374
15.095922,176,3172.6714
1.069654,30,3173.428784
15.782665,176,3177.631189
-1.107232,17,3178.056897
-0.814859,18,3178.50821
14.885502,176,3182.816079
-1.036364,17,3183.237815
13.787269,176,3187.504714
15.164052,176,3191.774449
15.807226,176,3196.05466
-0.821899,18,3196.49978
-1.681818,15,3196.867564
18.375869,176,3201.140905
18.190863,176,3205.486106
-1.370295,16,3205.882672
16.327045,176,3220.201913
0.1,22,3220.716892
-1.345455,16,3221.107249
-1.375533,16,3221.484303
0.22,23,3222.046567
17.061533,176,3226.304214
-1.107232,17,3226.715532
0.073202,22,3227.252403
-0.101818,21,3227.775189
0.479598,25,3228.397989
14.98212,176,3232.638158
0.380276,24,3233.231553
-1.106481,17,3233.683758
-0.552145,19,3234.158406
0.287475,23,3234.725718
0.353581,24,3235.3162
15.452522,176,3239.529078
17.825543,176,3243.80249
0.072727,22,3244.348634
15.412111,176,3248.577432
15.646572,176,3252.891216
15.454954,176,3257.156801
17.308061,176,3261.442287
-1.381788,16,3261.833014
-0.563838,19,3262.296983
16.490903,176,3276.477972
-1.419838,16,3276.864212
-0.126206,21,3277.362617
15.554579,176,3281.647337
-0.072727,21,3282.15649
14.616128,176,3286.414371
-0.127762,21,3286.932503
0.379106,24,3287.519128
-1.721559,15,3287.884282
-1.759717,15,3288.247456
17.538543,176,3292.592179
17.477927,176,3296.836643
16.0474,176,3301.109084
17.127853,176,3305.386071
15.969508,176,3309.737097
-0.789091,18,3310.190511
16.733585,176,3314.493386
0.517539,26,3315.133421
-0.754545,18,3315.570394
17.51725,176,3319.84243
-0.821899,18,3320.285052
14.501974,176,3324.533444
17.208692,176,3338.820087
0.488765,26,3339.446252
17.388293,176,3343.756045
-0.253631,20,3344.225456
-0.333051,20,3344.687113
15.356629,176,3348.81778
-1.072727,17,3349.23329
-1.681818,15,3349.59056
-0.563422,19,3350.041542
17.663356,176,3354.189374
-0.303494,20,3354.661814
-0.272727,20,3355.133459
-1.721818,15,3355.50414
-0.5,19,3355.965891
-0.82082,18,3356.396238
-0.497908,19,3356.850479
16.669687,176,3361.055968
-1.345455,16,3361.452585
0.377823,24,3362.012389
0.540879,26,3362.638561
-1.721818,15,3362.990077
18.716802,176,3367.090054
-0.299487,20,3367.573603
16.389704,176,3371.788588
0.1,22,3372.312829
-0.272727,20,3372.803258
16.977535,176,3377.010665
14.006675,176,3381.152149
-1.036364,17,3381.561716
17.181834,176,3395.630648
14.157036,176,3399.750855
17.531709,176,3403.955095
0.072727,22,3404.489435
0.245455,23,3405.04021
19.450847,176,3409.197855
-0.789091,18,3409.623011
-1.335739,16,3410.013861
-0.072727,21,3410.527392
-0.563838,19,3410.970692
0.072727,22,3411.487856
-0.789091,18,3411.91111
-2.08725,14,3412.24109
-0.333051,20,3412.696073
-1.024028,17,3413.106422
-1.419838,16,3413.489458
15.872664,176,3417.63171
16.000703,176,3421.720953
17.042736,176,3425.858184
-0.072727,21,3426.344632
-0.331457,20,3426.819376
-0.272727,20,3427.292967
0.245455,23,3427.839704
0.245455,23,3428.379873
17.212899,176,3432.57984
0.245455,23,3433.119294
-1.068916,17,3433.514312
14.07056,176,3437.600644
0.3741,24,3438.183776
16.470983,176,3442.298192
-0.129535,21,3442.814237
-0.072727,21,3453.173179
-0.754545,18,3453.62173
16.259933,176,3457.689276
-0.563838,19,3458.151149
16.235656,176,3462.229702
14.731172,176,3466.324864
-1.036364,17,3466.730826
15.013064,176,3470.875903
16.919846,176,3475.004944
17.222953,176,3479.172958
0.573596,27,3479.806692
0.046707,22,3480.319524
-0.328756,20,3480.807185
15.009029,176,3484.963228
-0.112919,21,3485.454166
-0.754545,18,3485.873846
14.918701,176,3490.001023
-0.303636,20,3490.473676
-0.789091,18,3490.916761
13.732776,176,3495.021826
-0.101818,21,3495.525518
0.533464,26,3496.162405
-0.12881,21,3496.659858
-0.072727,21,3497.158498
-0.497255,19,3497.612565
-0.789091,18,3498.027154
-0.821899,18,3498.44728
17.209107,176,3512.556235
16.060076,176,3516.618749
0.22,23,3517.143252
16.392918,176,3521.277952
-0.127383,21,3521.775094
16.971914,176,3525.951716
16.530323,176,3530.131512
0.072727,22,3530.644954
-0.5,19,3531.092628
14.930588,176,3535.259777
-0.129535,21,3535.760458
-0.303636,20,3536.224723
0.072727,22,3536.753085
-0.563838,19,3537.203499
0.1,22,3537.705202
-0.303636,20,3538.173289
-0.821899,18,3538.600962
17.780258,176,3542.679365
0.245455,23,3543.226477
0.415335,25,3543.812053
-0.272727,20,3544.287939
-1.036364,17,3544.71121
-0.272727,20,3545.19765
-0.333051,20,3545.691524
-0.754545,18,3546.117389
-0.129535,21,3546.614104
-1.107232,17,3547.013382
-0.821899,18,3547.449409
0.072727,22,3547.9814
-1.036364,17,3548.388413
-0.563838,19,3548.846732
-0.5,19,3549.284707
16.819816,176,3553.436884
0.072727,22,3553.948327
17.685086,176,3558.022369
-0.303636,20,3558.49943
-0.333051,20,3558.966678
-1.419838,16,3559.354267
0.22,23,3569.899105
-0.532727,19,3570.357855
16.951433,176,3574.482586
-0.754545,18,3574.908344
-0.532727,19,3575.346635
-0.5,19,3575.799844
16.327844,176,3580.141345
-0.789091,18,3580.579516
0.454545,25,3581.168341
-1.036364,17,3581.569795
-0.563838,19,3582.021386
17.255205,176,3586.137821
15.93295,176,3590.331187
15.35517,176,3594.595107
0.341053,24,3595.185267
-0.789091,18,3595.624056
-0.563838,19,3596.078784
16.649854,176,3600.263447
0.34,24,3600.840016
17.282536,176,3605.067055
-1.107232,17,3605.473388
15.096187,176,3609.652929
-0.789091,18,3610.07175
-0.821899,18,3610.502659
0.195677,23,3611.057463
-0.101818,21,3611.562896
-0.5,19,3612.02582
-0.333051,20,3612.515781
-1.106794,17,3612.934823
17.34743,176,3617.153807
-1.345455,16,3617.539536
-0.128425,21,3618.034971
0.1,22,3628.557733
15.433623,176,3632.777844
-0.789091,18,3633.209226
-2.126869,14,3633.549438
-1.072727,17,3633.958668
14.634106,176,3638.159444
16.669195,176,3642.372031
0.50872,26,3642.975492
-1.036364,17,3643.375495
-0.532727,19,3643.837299
4.57659,155,3647.592909
-0.563838,19,3648.030604
17.560546,176,3652.161351
-1.681818,15,3652.507643
-0.754545,18,3652.936901
15.05576,176,3657.123659
-1.036364,17,3657.541712
17.175515,176,3661.840115
-1.036364,17,3662.235475
-0.754545,18,3662.666162
-0.333051,20,3663.130565
17.935671,176,3667.358672
-0.546614,19,3667.820064
0.449741,25,3668.410763
0.775978,31,3669.164027
-1.383636,16,3669.562433
16.147917,176,3673.76689
0.072727,22,3674.302116
16.617922,176,3688.607053
-0.821899,18,3689.050339
-0.333051,20,3689.537078
-1.681818,15,3689.902531
15.989633,176,3694.107038
16.416872,176,3698.259157
-0.789091,18,3698.704219
-1.721818,15,3699.069484
0.046707,22,3699.591949
-0.754545,18,3700.031705
17.16185,176,3704.25237
-0.754545,18,3704.680231
-0.5,19,3705.14505
-0.333051,20,3705.627378
-0.754545,18,3706.059784
0.1,22,3706.596721
18.976742,176,3710.899004
16.67601,176,3715.150251
-1.418095,16,3715.53466
15.076668,176,3719.781905
14.880282,176,3723.972616
-0.272727,20,3724.461456
0.195677,23,3725.015787
16.548991,176,3729.30156
-0.532727,19,3729.759643
-1.676236,15,3730.119769
-1.072727,17,3730.531573
-0.821899,18,3730.97106
16.250989,176,3735.238044
