#{"t_start": 1774709712.1880963, "env_id": "continuous-exit-v0"}
r,l,t
0.335958,2,6.398824
1.198774,4,6.559541
-8.086422,5,6.776453
1.142233,4,6.935336
1.490187,5,7.136594
1.357746,5,7.344764
1.692202,6,7.579575
0.33725,2,7.655828
0.368893,2,7.733699
0.366595,2,7.808845
0.351963,2,7.887493
0.311829,2,7.968791
2.378072,8,8.280831
1.372286,5,8.472219
-8.012667,5,8.690796
-8.202721,5,8.880578
0.680904,3,9.002097
1.814987,6,9.237977
0.331526,2,9.316447
-7.889867,6,9.542551
0.311285,2,9.620065
0.739607,3,9.741545
1.067539,5,9.948837
4.584564,10,10.333504
0.345677,2,10.408813
0.331659,2,10.495632
0.692839,3,10.616982
0.328325,2,10.705073
2.299418,8,11.034283
0.366988,2,11.121796
3.075316,8,11.430699
0.779043,3,11.550919
2.603655,8,11.837217
2.280751,7,12.126087
1.917276,6,12.373358
1.431404,5,12.568966
0.688768,3,12.688659
2.031273,7,12.960626
2.101526,6,13.205023
0.689688,3,13.313013
0.315691,2,13.400251
0.346705,2,13.476932
0.311285,2,13.553904
0.685183,3,13.666762
0.334788,2,13.744631
0.364203,2,13.832313
0.311285,2,13.91851
0.323481,2,13.995641
1.425856,5,14.209858
0.319265,2,14.296146
-6.957212,7,14.573008
3.430995,10,14.976807
1.358259,5,15.185957
-6.97061,9,15.531485
-8.694944,4,15.695564
1.683994,6,15.930161
-8.041386,5,16.127023
-8.618232,4,16.269359
0.323926,2,16.345976
4.106725,12,16.835119
0.337497,2,16.921288
1.050151,4,17.074277
1.830559,6,17.319473
1.499284,5,17.508258
0.322911,2,17.595129
0.328586,2,17.681296
0.329908,2,17.767172
1.222323,5,17.976093
-6.714499,8,18.295014
0.674335,3,18.404413
0.314426,2,18.48204
-7.701639,6,18.717098
0.326648,2,18.792958
-8.00276,5,18.99548
1.388896,5,19.192297
5.361335,13,19.71373
1.853195,6,19.922827
0.311285,2,19.999717
-8.374634,6,20.224148
-8.500764,4,20.379544
0.723931,3,20.491727
1.064202,5,20.69504
0.314111,2,20.771698
0.327297,2,20.848848
-8.094563,5,21.049808
-8.397617,5,21.248344
-7.062691,8,21.566669
-4.117324,14,22.117881
3.039082,9,22.450061
0.370209,2,22.525647
-8.683341,4,22.690735
1.068611,5,22.899182
0.311285,2,22.985934
-8.070928,5,23.187166
-6.854202,7,23.47253
3.3473,9,23.807335
3.633348,10,24.210601
1.625967,6,24.45254
1.778389,6,24.690174
0.713364,3,24.811962
-7.699932,6,25.048793
-0.48633,22,25.887999
0.728292,3,26.008198
0.336368,2,26.094206
0.334765,2,26.180326
-6.065764,10,26.56748
2.65617,8,26.888326
0.684279,3,27.020126
-8.237626,5,27.218468
3.239611,10,27.589482
0.319233,2,27.665844
1.057338,4,27.831584
7.040433,21,28.665909
2.282421,7,28.949058
-8.5604,4,29.090066
1.072477,4,29.244026
1.823927,6,29.476625
3.31175,9,29.840052
0.345634,2,29.9276
1.058938,4,30.083756
2.828143,8,30.385141
-6.938004,7,30.658916
0.33614,2,30.745363
-7.935858,5,30.942284
-6.771659,7,31.212491
2.380169,7,31.496958
-4.539728,15,32.058185
-7.092367,8,32.386414
0.321305,2,32.46228
0.748118,3,32.591791
0.346719,2,32.668874
0.317402,2,32.75537
0.320154,2,32.832281
1.474606,5,33.034903
1.11693,4,33.176023
0.32648,2,33.253449
-8.089389,5,33.46476
0.707937,3,33.58507
0.311285,2,33.671149
-8.093834,5,33.873608
-6.729883,9,34.231318
1.272143,5,34.445158
0.772717,3,34.554122
2.05122,6,34.790414
-7.396567,6,35.0403
0.347125,2,35.116402
4.677973,12,35.57493
0.33725,2,35.663
-7.566859,6,35.893517
0.686281,3,36.002423
-8.116974,5,36.212426
0.701748,3,36.332849
-7.195408,8,36.633694
-6.066494,11,37.07937
1.678331,6,37.312188
4.809158,13,37.830976
3.75869,11,38.244885
0.320016,2,38.322172
6.28681,16,38.972324
0.686491,3,39.084637
-8.033221,5,39.287738
-8.126041,5,39.47747
0.699239,3,39.600399
-5.734972,11,40.035146
0.318173,2,40.111891
2.558617,8,40.413389
0.328299,2,40.489882
3.005119,9,40.837934
0.733115,3,40.948469
-7.226471,7,41.206824
1.22376,5,41.42916
-8.210164,5,41.627391
0.348033,2,41.713689
0.718635,3,41.833252
0.318286,2,41.919696
-8.171333,5,42.120728
0.329638,2,42.207902
3.323702,9,42.546005
-8.151351,5,42.747073
0.33725,2,42.836118
1.830142,6,43.075958
0.34586,2,43.151572
0.733896,3,43.270773
1.803256,6,43.502912
-6.729961,8,43.815514
0.347862,2,43.902275
-8.136277,5,44.120577
-8.248891,5,44.326469
1.108049,4,44.489918
0.388626,2,44.566139
0.323391,2,44.643182
-8.145262,5,44.834348
0.732446,3,44.952153
-8.040523,5,45.152418
0.31689,2,45.238606
4.141828,11,45.683042
-7.842205,6,45.913678
-3.871626,14,46.433971
0.322599,2,46.510478
-7.443452,7,46.78583
-8.222714,5,46.98893
0.346729,2,47.075708
1.068567,4,47.232472
1.087591,4,47.398391
5.294578,13,47.911412
1.379477,5,48.097656
3.691139,10,48.473851
0.742503,3,48.593827
-7.97769,5,48.805137
-7.915159,5,48.990885
-8.127989,5,49.187851
-7.918763,5,49.385552
1.059177,5,49.583526
1.404384,6,49.837683
3.096745,10,50.244749
1.112714,4,50.408502
-7.58285,7,50.674103
0.330284,2,50.762774
-8.618139,4,50.936308
1.09167,5,51.134268
2.534283,8,51.444103
3.218557,8,51.767883
1.762347,6,51.998757
-8.142861,5,52.195979
1.59231,5,52.389171
1.686703,6,52.632514
0.341254,2,52.709541
0.319537,2,52.786718
0.316476,2,52.87392
0.331681,2,52.949988
2.637336,7,53.215022
0.386707,2,53.292785
2.201991,7,53.57121
0.316459,2,53.648577
0.320667,2,53.735536
0.370303,2,53.814943
0.376518,2,53.903153
0.351028,2,53.989995
1.858305,6,54.233223
1.899463,6,54.484073
0.748532,3,54.603401
-8.137474,5,54.801636
-4.951454,11,55.237657
3.081667,9,55.591634
-8.529532,4,55.758099
0.33725,2,55.834257
0.33725,2,55.922858
2.360217,8,56.222941
-8.326676,5,56.442398
1.779133,6,56.681554
1.122019,4,56.846435
-5.326653,12,57.314628
0.33725,2,57.391961
0.33725,2,57.482745
4.165894,11,57.924665
-8.072386,5,58.124551
1.033452,4,58.279663
0.357778,2,58.358232
0.320008,2,58.435942
-7.808632,5,58.628708
-3.690533,16,59.263025
3.272206,9,59.609676
0.893484,4,59.765166
-7.773583,6,60.003831
-8.554044,4,60.158211
0.311285,2,60.245778
1.441789,5,60.456783
2.436859,7,60.733873
-7.828752,6,60.964921
0.31804,2,61.042816
1.985483,7,61.320025
-7.987802,6,61.561666
0.33725,2,61.637831
0.753395,3,61.770145
-7.891209,5,61.956797
-7.825313,7,62.227423
0.987659,4,62.403183
0.343857,2,62.489636
-7.132389,7,62.775568
0.321452,2,62.853492
2.049126,7,63.142608
0.36594,2,63.218857
0.311285,2,63.307055
1.206705,5,63.495762
1.955324,6,63.721785
3.917128,11,64.166014
0.345134,2,64.241872
-8.58334,4,64.417067
1.451851,6,64.660085
0.365975,2,64.737004
-7.862588,6,64.970423
0.311285,2,65.046211
0.312842,2,65.134674
0.784282,3,65.25842
0.688358,3,65.378823
-7.780702,6,65.604199
-7.513948,7,65.876699
-6.117644,9,66.224858
0.326134,2,66.310807
1.755566,6,66.54054
-8.224478,5,66.748875
0.987268,4,66.914407
2.308178,7,67.200017
0.700463,3,67.308796
0.75085,3,67.439934
3.141088,9,67.789592
1.838483,6,68.022663
3.715162,11,68.441566
0.366755,2,68.517446
-7.7599,6,68.734145
0.373002,2,68.811224
-7.198069,7,69.07838
0.323072,2,69.154244
1.068767,4,69.309492
0.317536,2,69.39828
0.33725,2,69.484554
1.124196,5,69.671196
1.252089,5,69.859483
5.154165,14,70.415307
0.325194,2,70.50137
-7.636127,6,70.722489
1.345495,5,70.912881
1.989797,6,71.146327
0.326745,2,71.234366
1.79952,6,71.465919
2.529046,8,71.776497
-8.619663,4,71.955378
-7.881583,5,72.142352
1.13389,5,72.328346
0.717551,4,72.494631
1.190216,5,72.684835
4.564075,15,73.271965
-8.300396,5,73.461481
1.991316,8,73.784266
1.61379,6,74.037993
3.631644,11,74.463655
1.161373,5,74.662004
2.482629,8,74.973505
2.240991,7,75.243149
-8.179527,5,75.454332
2.413551,7,75.741936
0.322785,2,75.828673
-7.894375,6,76.071413
0.33725,2,76.159457
-7.679262,7,76.436111
3.70734,11,76.887398
5.316205,15,77.47475
1.320609,5,77.665541
0.656014,3,77.787799
0.346085,2,77.875242
0.354698,2,77.952157
-7.801368,6,78.182052
0.682133,3,78.315045
4.215183,12,78.779555
0.32528,2,78.855314
2.023519,7,79.133412
1.526538,5,79.334633
1.179672,5,79.523046
2.747479,8,79.823055
1.389704,5,80.019644
2.023561,6,80.264785
0.320567,2,80.341491
0.700341,3,80.463435
0.715633,3,80.595377
3.858921,10,80.969694
0.736333,3,81.093292
-7.488399,6,81.324929
0.343082,2,81.413256
0.707073,3,81.534529
3.82901,12,81.990495
-6.812637,7,82.270564
3.316388,10,82.637484
1.07798,5,82.857248
-7.786906,6,83.096733
2.5194,8,83.396159
0.696019,3,83.51814
0.312967,2,83.605668
0.348106,2,83.68221
-7.680776,6,83.916311
0.339774,2,83.992574
0.312725,2,84.081092
0.769855,3,84.200705
-8.448213,4,84.356476
0.311285,2,84.432921
-3.786408,16,85.052704
0.372116,2,85.141578
1.89591,6,85.36369
5.141014,14,85.901056
-7.359279,7,86.176561
2.006237,7,86.455015
0.710055,3,86.565128
1.135552,5,86.754622
-8.005896,6,86.987816
0.70786,3,87.098672
4.335302,12,91.483516
0.953081,4,91.627584
1.89173,6,91.848097
0.748527,3,91.959258
2.331704,7,92.219282
0.385333,2,92.296019
1.794747,6,92.538506
-8.500455,4,92.702305
1.930809,6,92.93385
1.256817,5,93.147501
1.492125,5,93.332837
1.449141,5,93.531622
-7.238987,7,93.797852
0.708659,3,93.918143
0.315551,2,93.994766
1.693743,6,94.229271
1.212173,5,94.428867
0.311285,2,94.503782
-5.334067,10,94.863843
-8.539901,4,95.031495
0.760153,3,95.150511
0.325629,2,95.236497
0.328225,2,95.325819
0.311285,2,95.402128
1.224161,5,95.592046
-5.622304,10,95.982613
0.342288,2,96.069161
0.327993,2,96.155408
1.626983,6,96.383077
0.311285,2,96.469963
4.351695,14,97.006489
0.340817,2,97.09351
3.042412,9,97.4697
0.313506,2,97.546737
0.322134,2,97.635426
1.06705,5,97.833213
-6.134547,10,98.233978
1.957202,6,98.463621
0.744315,3,98.584566
1.511051,5,98.783242
5.208165,14,99.333408
-6.530298,8,99.647989
0.386563,2,99.733881
6.149122,17,100.40338
0.745733,3,100.535234
-7.934069,5,100.744902
0.734253,3,100.865057
1.474578,5,101.065804
0.374753,2,101.14177
0.344739,2,101.219062
0.700072,3,101.33968
0.33725,2,101.428135
1.396625,5,101.634915
2.981642,9,101.995013
0.324482,2,102.081468
0.745055,3,102.201274
0.341898,2,102.277759
0.729582,3,102.387341
0.675882,3,102.511486
2.192817,7,102.788032
0.321557,2,102.86427
6.839095,19,103.635604
-7.781367,6,103.887144
-8.52358,4,104.055487
1.050971,4,104.220539
-6.802886,8,104.553815
3.23815,10,104.965583
0.3373,2,105.051923
-5.970704,10,105.471884
0.323123,2,105.547616
0.950575,4,105.725893
0.375506,2,105.812389
0.754548,3,105.932554
1.094473,4,106.085538
-8.482908,4,106.250588
0.329998,2,106.338786
0.326432,2,106.425876
0.345574,2,106.501547
1.814013,6,106.742251
2.382354,7,107.019905
0.311285,2,107.108378
-7.031993,7,107.400664
0.333828,2,107.476858
-6.992128,8,107.791141
0.356173,2,107.868872
-6.547026,9,108.22403
0.311285,2,108.310106
0.326096,2,108.397163
0.327706,2,108.483199
0.739277,3,108.604573
0.33725,2,108.683109
0.710423,3,108.804348
2.396462,7,109.101937
1.124742,4,109.276036
0.712773,3,109.40245
0.323189,2,109.487899
-7.012577,8,109.801554
0.336468,2,109.879054
1.49193,5,110.067767
2.845226,9,110.424962
1.523002,5,110.606061
-8.039897,5,110.79525
-7.863441,6,111.031078
0.351311,2,111.117909
1.336038,5,111.329021
0.326125,2,111.415519
-6.331646,8,111.739287
4.61461,13,112.255844
0.362239,2,112.331567
0.326435,2,112.418647
0.334251,2,112.505834
0.33725,2,112.593733
1.395668,6,112.837962
0.333677,2,112.913934
0.669636,3,113.047874
0.314028,2,113.123919
1.743268,6,113.355608
0.355497,2,113.442118
-5.488025,14,113.976381
0.311285,2,114.052866
1.064169,4,114.217744
1.792794,6,114.449111
0.744911,4,114.611443
0.333326,2,114.687837
-8.668448,4,114.855489
0.990725,5,115.035694
1.29091,5,115.24953
0.317214,2,115.325296
0.358936,2,115.411429
0.323245,2,115.487531
0.323571,2,115.563432
1.274966,5,115.773847
2.43443,7,116.058813
0.332854,2,116.145097
3.898763,10,116.532624
-7.481097,7,116.797359
1.07969,4,116.943146
0.311285,2,117.020736
1.86289,6,117.264153
-5.300067,14,117.824509
0.697639,3,117.947608
0.685445,3,118.071173
1.266519,5,118.271114
0.359031,2,118.358704
0.656257,3,118.47876
0.322388,2,118.555626
0.965671,4,118.710262
1.124002,4,118.867271
0.361831,2,118.954957
-8.334016,5,119.154426
-7.143748,8,119.477123
1.704387,6,119.719514
2.022353,6,119.971224
-6.678156,8,120.302506
0.311285,2,120.389683
1.794815,6,120.611122
-7.890571,5,120.812769
-2.522387,17,121.496891
2.717254,9,121.848507
0.724808,3,121.969389
3.189673,10,122.367448
-7.315192,7,122.651109
2.126462,7,122.914073
0.738194,3,123.043315
0.323061,2,123.120178
1.830661,7,123.396723
0.315676,2,123.484396
0.73244,3,123.605385
0.333719,2,123.691987
0.693246,3,123.81199
2.279896,7,124.08225
0.334988,2,124.159868
0.323079,2,124.247734
0.760812,3,124.368005
2.046801,6,124.610941
0.330145,2,124.68682
1.042543,4,124.853647
-7.522778,6,125.095045
1.405567,5,125.284906
4.876838,13,125.811882
1.116867,4,125.976497
0.717575,3,126.096817
0.361047,2,126.184706
0.692679,3,126.296408
0.722151,3,126.408381
-8.590112,4,126.563543
-7.065753,8,126.873051
-6.6237,9,127.221499
0.378702,2,127.309959
1.000357,5,127.498088
2.736204,8,127.798882
2.988186,8,128.114991
2.254356,7,128.394756
0.326092,2,128.482019
-8.029907,5,128.680088
0.799167,4,128.856538
3.591836,10,129.262555
0.365583,2,129.349416
-7.525235,6,129.582455
0.382371,2,129.6594
2.006143,6,129.891071
0.323517,2,129.967867
-5.900829,10,130.364586
1.989362,7,130.638963
1.448523,5,130.845133
0.338223,2,130.930867
-5.328282,10,131.33584
2.259152,7,131.61541
0.366351,2,131.703552
2.109274,7,131.989034
1.996346,6,132.212428
0.750661,3,132.335918
1.154119,4,132.500913
-6.081379,10,132.893562
0.312986,2,132.981708
0.711175,3,133.102014
1.780379,6,133.334864
0.667215,3,133.464263
-8.519845,4,133.629785
0.341634,2,133.706192
0.333308,2,133.782982
5.357858,17,134.476203
-8.052222,5,134.683503
1.06908,4,134.847817
0.372143,2,134.936065
0.333619,2,135.011742
0.777157,3,135.134335
0.809003,4,135.290319
-5.467714,9,135.65539
0.331216,2,135.743161
0.337173,2,135.819313
-8.118357,5,136.001182
2.116847,7,136.29822
0.311285,2,136.384567
0.349699,2,136.460347
2.909337,8,136.768448
0.712089,3,136.900567
0.345963,2,136.986716
0.318175,2,137.065589
-8.332901,5,137.255119
-7.326021,6,137.487218
1.906557,6,137.709907
0.363784,2,137.786854
1.604815,6,138.032598
-3.932031,14,138.570996
2.247619,7,138.827265
0.319125,2,138.90399
1.446039,5,139.101872
4.486677,13,139.596122
-7.304827,6,139.840072
0.331013,2,139.916112
5.630733,12,140.391893
0.671992,3,140.515484
-6.787193,9,140.862468
1.391676,5,141.058861
-8.049991,6,141.312018
0.323103,2,141.387746
0.756168,3,141.507743
0.316561,2,141.595046
0.34401,2,141.681379
0.346208,2,141.75924
0.683752,3,141.88051
-8.109811,5,142.076667
0.361897,2,142.16402
0.319184,2,142.241024
0.321952,2,142.331467
2.114507,7,142.607709
-7.231788,7,142.877437
-5.011121,12,143.355009
0.335695,2,143.431226
0.343531,2,143.517178
1.287435,5,143.708383
2.923927,9,144.030667
4.007683,10,144.431227
0.314117,2,144.507049
1.042566,4,144.661957
0.366025,2,144.740401
0.351156,2,144.828925
0.358847,2,144.905459
-5.026808,11,145.349397
0.351888,2,145.425059
1.997203,7,145.722909
0.326727,2,145.798843
0.33725,2,145.875921
2.409684,8,146.181788
0.350913,2,146.269973
0.383342,2,146.358593
0.311285,2,146.435564
0.311747,2,146.523126
0.315583,2,146.610585
0.314202,2,146.686648
0.320769,2,146.762989
-7.682625,5,146.949589
0.704869,3,147.079855
0.359936,2,147.155661
-8.640568,4,147.310105
2.73172,8,147.616814
0.332605,2,147.705181
2.21248,7,147.972217
0.695767,3,148.081218
1.084808,4,148.237129
-6.747183,9,148.608454
3.530081,11,149.060962
0.345182,2,149.147136
0.359196,2,149.235012
0.311285,2,149.32186
1.229778,5,149.531129
0.337882,2,149.618325
0.369792,2,149.705065
4.801689,13,150.211902
2.213169,7,150.505337
0.360336,2,150.592237
1.270397,5,150.79173
-7.266468,8,151.112713
1.834675,6,151.344726
1.383639,5,151.552523
2.260812,7,151.821509
0.318953,2,151.898942
-8.068136,5,152.120327
0.336903,2,152.195846
-8.206872,5,152.375913
-8.451378,4,152.550258
7.00446,18,153.260388
1.078269,4,153.428859
1.421538,5,153.618862
0.362254,2,153.694953
1.536174,5,153.872277
2.697649,8,154.181332
-6.456001,9,154.53875
0.311285,2,154.615726
3.492645,11,155.051559
-7.227318,7,155.340446
3.621635,11,155.770086
0.380209,2,155.848294
-7.830201,5,156.052258
0.676643,3,156.174491
0.324305,2,156.251871
1.683259,6,156.488874
-6.859821,7,156.76063
0.331528,2,156.838805
1.319037,5,157.037902
2.004483,6,157.274478
0.323988,2,157.362484
1.818631,6,157.585401
0.336372,2,157.66239
2.589237,8,157.977651
0.744702,3,158.096152
1.110596,4,158.248332
0.323689,2,158.336458
-8.721973,4,158.500971
0.389053,2,158.588968
0.32481,2,158.665556
3.077158,9,159.027984
0.329044,2,159.104183
-8.239467,5,159.304423
0.311285,2,159.390833
0.350407,2,159.469712
0.319705,2,159.556306
1.511489,5,159.757707
-6.048308,9,160.124023
0.353334,2,160.202317
1.393517,5,160.390247
1.698422,6,160.636714
0.333834,2,160.72354
-8.539609,4,160.888333
0.734021,3,161.009182
0.320665,2,161.085693
0.340578,2,161.161599
1.084455,4,161.319073
1.535382,5,161.531343
1.984313,6,161.763781
1.12686,4,161.939576
2.825225,9,162.303527
0.765824,3,162.423331
-8.63043,4,162.578633
-8.123864,5,162.800146
0.327941,2,162.877162
-4.819158,13,163.411001
-7.181175,8,163.722171
1.834594,6,163.956669
0.361125,2,164.046494
1.568432,6,164.270542
1.462921,5,164.470843
-8.640725,4,164.635923
0.325552,2,164.713227
-8.428118,4,164.879089
1.296061,5,165.082774
1.759324,6,165.317933
0.334346,2,165.395518
-4.017415,12,165.887394
0.670446,3,166.010596
1.281669,5,166.219858
0.342289,2,166.295731
2.73914,9,166.661886
1.348478,5,166.881021
-7.981717,5,167.076712
1.870515,6,167.30768
0.339001,2,167.385068
2.421922,7,167.665122
0.359658,2,167.752442
1.064761,4,167.929118
3.01257,9,168.301623
1.096164,4,168.453514
-8.655157,4,168.609195
1.089746,4,168.765284
0.315175,2,168.844089
0.334481,2,168.922917
0.363701,2,169.0012
0.360779,2,169.076929
-6.67656,8,169.37999
0.370398,2,169.467031
1.074818,4,169.642962
-8.285021,5,169.852403
0.349755,2,169.938745
-8.662564,4,170.103164
0.356624,2,170.180257
0.366663,2,170.257447
1.06782,4,170.411097
0.311285,2,170.48969
1.864247,6,170.723203
3.051619,10,171.114933
-7.457981,7,171.39502
2.275907,7,171.670532
1.279121,5,171.858208
0.355409,2,171.94746
0.704316,3,172.067817
-6.434428,10,172.468982
0.331243,2,172.544112
1.270435,5,172.723012
0.325071,2,172.800519
0.784727,3,172.912806
0.313387,2,172.991631
0.359446,2,176.985469
0.38212,2,177.063159
0.32757,2,177.141732
0.703542,3,177.262452
1.123188,4,177.428543
3.219824,10,177.828056
1.788079,6,178.071755
0.315404,2,178.15955
1.026296,4,178.313096
0.318672,2,178.391633
0.336293,2,178.469134
1.648252,6,178.694086
0.311285,2,178.772509
0.733318,3,178.905377
1.096443,4,179.080568
0.751312,3,179.202118
1.546433,5,179.394623
0.350494,2,179.482819
0.311285,2,179.569639
1.762579,6,179.821243
0.357277,2,179.898829
-7.419525,6,180.143171
-7.844003,6,180.405394
0.327427,2,180.493384
-7.570262,6,180.733797
-8.071783,5,180.916082
3.014196,8,181.229096
1.008061,4,181.393414
0.313195,2,181.480807
5.398781,15,182.066086
0.353531,2,182.143151
2.477914,8,182.455254
0.311285,2,182.541214
1.707273,6,182.788636
-6.940604,8,183.108651
0.705628,3,183.238095
0.329879,2,183.325185
2.300595,8,183.658492
-7.131206,7,183.956501
0.361184,2,184.04293
-8.215677,6,184.275069
0.70782,3,184.387531
0.687784,3,184.510478
0.375784,2,184.597736
0.32991,2,184.685195
0.751644,3,184.815863
2.602381,10,185.209764
0.327153,2,185.299366
5.083654,13,185.808831
1.932365,6,186.043579
0.323474,2,186.131172
-8.09262,6,186.356514
2.063107,6,186.591902
5.02343,13,187.110955
1.318428,5,187.320575
1.070743,4,187.475323
0.323202,2,187.563149
0.320616,2,187.650232
0.700818,3,187.781136
0.33725,2,187.868522
0.362255,2,187.956716
2.512768,8,188.268917
1.118486,4,188.423705
1.355768,5,188.623113
0.362126,2,188.700195
0.323427,2,188.788685
1.119628,4,188.956206
0.686659,3,189.064909
0.364545,2,189.151481
0.656257,3,189.283644
1.538781,5,189.481904
0.33725,2,189.56995
0.331827,2,189.656234
0.717206,4,189.803911
0.357529,2,189.883289
0.327532,2,189.969232
0.750335,3,190.092328
2.181692,7,190.360912
0.31751,2,190.450637
1.068928,4,190.617395
2.514873,8,190.940113
-6.236956,10,191.337993
1.203101,5,191.541284
0.729028,3,191.660766
1.371485,5,191.851879
3.446217,10,192.248964
1.112516,5,192.449767
0.370354,2,192.526059
1.047681,4,192.678515
2.516405,8,193.017689
1.41363,5,193.198558
0.732332,3,193.319726
1.193065,5,193.530932
-7.796669,6,193.777058
-8.580085,4,193.953302
-8.05916,5,194.153675
0.33725,2,194.231202
0.715101,3,194.36552
3.995815,11,194.816853
0.321935,2,194.893069
1.130765,4,195.056882
0.325211,2,195.145442
-8.307628,6,195.392462
1.955722,7,195.668036
0.319637,2,195.757256
-7.437866,7,196.035466
-8.074916,5,196.245155
1.117926,4,196.408333
0.335225,2,196.486439
-8.368805,5,196.68659
-8.667761,4,196.842345
0.320639,2,196.919317
1.01884,5,197.122244
-7.796034,6,197.35337
0.356447,2,197.441647
0.685067,3,197.560561
1.730389,6,197.812419
0.323212,2,197.888223
0.33725,2,197.964581
3.191014,9,198.333154
2.257008,7,198.619418
0.728142,3,198.740384
0.329673,2,198.82908
0.36763,2,198.907844
1.964302,7,199.193847
1.028009,5,199.385069
1.441514,5,199.586954
0.379255,2,199.663659
0.71616,3,199.782995
0.775149,3,199.914997
0.359314,2,200.003451
0.332868,2,200.089716
1.073621,4,200.246117
-3.516479,15,200.846829
-8.024063,5,201.054818
-7.64854,6,201.287925
1.634819,6,201.534568
0.768998,3,201.656855
0.685152,3,201.776489
-7.477688,7,202.064927
0.718334,3,202.185344
0.965187,4,202.343287
0.751643,3,202.463544
0.694333,3,202.58479
2.710992,9,202.941332
6.857006,21,203.767889
0.692665,3,203.876626
0.311422,2,203.953721
0.376744,2,204.032627
0.354809,2,204.122423
0.327977,2,204.198682
-8.181575,5,204.399856
2.696154,8,204.735411
1.831102,6,204.970086
0.330174,2,205.057557
-7.948545,5,205.267856
0.364506,2,205.344071
0.33725,2,205.431462
1.373562,5,205.631696
0.341143,2,205.708601
0.687571,3,205.841434
1.754606,7,206.125435
0.342208,2,206.202797
0.340132,2,206.291821
-7.910546,6,206.556456
0.336169,2,206.634349
1.016719,4,206.79275
0.689857,3,206.915341
0.717961,3,207.037776
1.436518,5,207.235973
1.053366,4,207.400986
1.077944,4,207.564984
1.861174,6,207.80565
2.696842,8,208.136437
0.690994,3,208.245249
1.367333,5,208.443465
0.710964,3,208.562683
0.656257,3,208.682887
-8.315637,5,208.881914
0.701666,3,208.993327
1.71972,6,209.230913
1.120275,4,209.407991
0.326148,2,209.48495
0.380107,2,209.573761
0.333641,2,209.661422
-8.14283,5,209.873318
1.851484,6,210.126879
0.333314,2,210.214217
1.378533,5,210.428289
1.416527,5,210.637679
-7.544331,7,210.914521
2.251792,7,211.193618
0.33725,2,211.269813
0.362931,2,211.356688
0.33725,2,211.443264
0.382829,2,211.53275
5.121323,14,212.114103
-6.346656,9,212.471788
2.244591,7,212.746156
-7.558506,6,212.98887
1.057305,4,213.155447
0.986518,4,213.319877
0.319737,2,213.406546
1.065417,4,213.57496
0.311285,2,213.660564
2.594515,7,213.950774
2.033461,7,214.215293
-7.791039,6,214.467906
0.36156,2,214.543848
2.421818,8,214.857222
0.318823,2,214.934774
0.332958,2,215.011166
0.311285,2,215.099945
-7.680257,6,215.332425
-6.895129,7,215.62359
1.009599,4,215.788106
0.336051,2,215.866128
-8.459734,5,216.067748
2.747707,8,216.403455
2.287341,7,216.701516
1.072391,4,216.853885
0.35983,2,216.94102
0.778803,4,217.087268
1.078125,4,217.254087
0.346624,2,217.342984
0.698044,3,217.465387
0.342449,2,217.553183
0.311285,2,217.642626
2.114254,7,217.91904
0.348538,2,218.00607
0.327448,2,218.094089
0.334034,2,218.181142
0.331481,2,218.267359
0.341764,2,218.353888
1.444462,5,218.555804
0.358808,2,218.642262
1.027989,4,218.816706
0.38025,2,218.90403
1.882798,6,219.125961
3.418425,11,219.56311
0.328455,2,219.649518
0.356504,2,219.726033
0.334912,2,219.804787
1.103404,4,219.968615
2.105365,7,220.24521
1.667588,6,220.48805
0.336395,2,220.575297
1.088112,4,220.739989
0.33335,2,220.826816
2.755687,8,221.158491
0.993776,4,221.313139
2.747911,9,221.669239
0.323302,2,221.745205
1.750254,6,222.008769
3.456661,11,222.451071
1.850695,7,222.745097
3.820753,12,223.234193
0.74858,3,223.366102
0.697359,3,223.486476
0.978281,4,223.650443
0.334349,2,223.738563
1.029123,4,223.902232
2.073919,7,224.190022
1.362669,5,224.375713
0.751806,3,224.496588
0.370366,2,224.583218
0.717974,3,224.704108
-7.13116,8,225.044924
0.693807,3,225.175366
0.330255,2,225.262042
0.357449,2,225.348841
-7.855369,5,225.539029
0.318175,2,225.615968
-8.694204,4,225.793257
0.726322,3,225.911813
1.090916,4,226.065524
1.107653,4,226.229655
1.186278,4,226.394272
0.346037,2,226.470506
0.31735,2,226.559385
1.443421,5,226.758035
0.311285,2,226.846123
0.361336,2,226.93445
0.721023,3,227.065082
2.115811,7,227.341831
-8.420127,4,227.506339
0.723583,3,227.627889
1.091055,4,227.79191
0.3329,2,227.87815
1.778434,6,228.104953
0.379546,2,228.192379
-5.640256,12,228.679323
0.327012,2,228.755179
0.343554,2,228.831837
3.243284,10,229.227489
0.358502,2,229.304121
0.333111,2,229.380456
0.320862,2,229.45776
1.813441,6,229.696165
2.462736,8,230.008804
0.342118,2,230.095676
0.328859,2,230.182985
0.365277,2,230.259105
0.332649,2,230.346976
0.370579,2,230.435179
1.024834,4,230.598817
1.447853,5,230.796198
1.342034,5,230.994323
0.311285,2,231.071191
0.317724,2,231.15971
2.394518,8,231.470121
0.357207,2,231.548596
1.057885,4,231.703696
-8.102771,5,231.903932
6.591566,17,232.591825
0.359124,2,232.680645
0.334032,2,232.767618
0.98621,4,232.922231
1.458514,5,233.115668
0.311285,2,233.205284
0.713002,3,233.32474
0.344402,2,233.401469
0.323963,2,233.47841
0.364863,2,233.557109
1.036057,5,233.746216
1.096585,4,233.900441
1.447264,5,234.097753
0.353754,2,234.185739
1.094551,4,234.349993
1.790387,6,234.595936
-8.74341,4,234.749817
3.054368,9,235.113465
-8.416988,4,235.290783
1.05047,4,235.454298
0.333502,2,235.53138
1.030243,4,235.686253
2.559698,8,236.008791
0.357366,2,236.085157
2.404351,8,236.406625
0.345275,2,236.493217
0.324636,2,236.580507
1.09777,4,236.745156
0.327804,2,236.821093
0.698207,3,236.92993
1.311875,5,237.121303
0.699217,3,237.231592
0.311285,2,237.319497
1.427221,5,237.518177
0.333191,2,237.605809
0.371321,2,237.6928
0.752286,3,237.812346
2.414257,8,238.147814
2.421215,8,238.461966
0.356859,2,238.53817
0.713924,3,238.648937
-5.998876,9,239.027277
0.317713,2,239.116104
1.41037,5,239.313802
1.841657,6,239.546375
0.318149,2,239.634031
2.049042,7,239.896088
0.763264,4,240.063393
0.368233,2,240.150912
1.049273,4,240.314924
0.311285,2,240.402132
0.358334,2,240.47839
0.376083,2,240.567412
6.575488,18,241.270714
0.729652,3,241.401018
1.127215,4,241.564383
2.519349,8,241.908607
2.336699,8,242.230797
1.964201,6,242.471263
0.311735,2,242.548213
0.356868,2,242.636988
1.487923,5,242.847692
-8.089634,5,243.057886
0.311285,2,243.134247
1.73135,6,243.371276
3.069434,10,243.779024
1.068876,4,243.933715
-7.465158,7,244.215052
0.33725,2,244.303156
0.322484,2,244.39185
1.775004,6,244.636158
1.263439,5,244.847301
0.360332,2,244.923692
0.311285,2,245.011338
-8.158182,5,245.220358
3.95195,11,245.653184
2.213185,7,245.921401
-7.855083,5,246.135409
4.124609,11,246.593677
0.311285,2,246.680634
3.073803,10,247.103918
0.317629,2,247.190767
3.597344,11,247.626598
0.384434,2,247.702823
0.328457,2,247.778919
0.364924,2,247.855382
0.324232,2,247.933544
4.541523,12,248.428468
1.412927,5,248.637474
0.748669,3,248.767156
0.350377,2,248.853809
4.49747,13,249.386148
-7.315202,7,249.685438
-8.130235,5,249.893089
0.343874,2,249.970402
0.352561,2,250.049418
-7.506603,6,250.285996
2.447429,7,250.573304
1.893844,6,250.806512
0.331459,2,250.882639
0.334307,2,250.959248
0.332872,2,251.047852
0.341227,2,251.136975
0.313252,2,251.22383
-7.87365,5,251.417394
-8.174792,5,251.616684
0.374561,2,251.694042
3.664992,10,252.071377
0.33725,2,252.147898
0.317271,2,252.235806
0.333682,2,252.31368
1.775459,6,252.548651
0.33466,2,252.6355
0.710461,3,252.747399
0.700801,3,252.869542
-8.017984,5,253.082655
0.352425,2,253.169987
0.311285,2,253.246557
-8.348738,4,253.412984
0.311285,2,253.500186
0.364707,2,253.577051
0.331624,2,253.665775
0.74853,3,253.786966
1.838325,6,254.032688
4.408172,12,254.479737
0.699099,3,254.612653
0.33725,2,254.688895
-8.641529,4,254.854142
0.373752,2,254.940895
1.386131,5,255.150628
0.322193,2,255.237323
2.78083,9,255.58443
1.362161,5,255.782365
0.348543,2,255.870472
1.060392,4,256.013126
2.550603,8,256.338355
0.326407,2,256.414259
2.310492,7,256.720223
0.345188,2,256.806717
3.119963,9,257.177387
0.383684,2,257.265983
-8.07228,5,257.463626
1.06851,4,257.606317
0.333002,2,257.693643
0.330854,2,257.782718
0.352021,2,257.869583
1.546158,5,258.067703
0.349866,2,258.144251
2.423985,7,258.430141
0.33725,2,258.517602
2.064216,7,258.783116
2.781461,8,259.104286
0.356923,2,259.182074
0.683185,3,259.302135
0.332805,2,259.391
1.100592,4,259.543145
3.107912,9,259.875115
1.062449,4,264.049035
4.020928,12,264.519578
1.546577,5,264.718306
0.33725,2,264.807006
0.3849,2,264.884379
-8.500396,4,265.049099
1.78547,6,265.312591
0.339285,2,265.398838
1.088134,4,265.552558
0.374851,2,265.640788
0.335507,2,265.717932
0.336848,2,265.794899
3.197688,9,266.139482
3.251429,9,266.497863
0.755756,3,266.628699
0.350477,2,266.715719
0.346225,2,266.794431
0.311285,2,266.872009
0.33096,2,266.961411
0.328719,2,267.048593
2.261479,7,267.333207
1.126137,4,267.499763
0.333804,2,267.576335
0.313376,2,267.66327
0.384273,2,267.75089
9.208486,26,268.787457
0.336243,2,268.874844
0.311285,2,268.961394
0.311285,2,269.048693
0.340724,2,269.137312
0.65772,3,269.267602
0.320292,2,269.35523
0.379436,2,269.442405
1.688046,6,269.674566
3.375906,10,270.078019
1.10155,5,270.276304
1.413449,5,270.465585
0.752916,3,270.58921
0.334949,2,270.6777
0.347865,2,270.765528
2.247561,7,271.052908
0.343742,2,271.140069
0.971408,4,271.303637
1.404648,5,271.518965
0.35188,2,271.606248
1.829093,6,271.848751
0.343262,2,271.924876
0.32884,2,272.002186
0.361186,2,272.079622
0.715641,3,272.201272
0.714143,3,272.32442
0.350168,2,272.411747
0.345113,2,272.501125
-8.247156,5,272.700758
0.325835,2,272.779183
0.334288,2,272.868343
0.345029,2,272.956444
0.323984,2,273.045379
0.371806,2,273.122077
0.311285,2,273.210992
2.26927,7,273.484561
-8.101323,5,273.68301
0.323704,2,273.76974
0.311489,2,273.856985
0.360822,2,273.945551
1.061444,4,274.099301
0.355167,2,274.175634
-8.622522,4,274.340723
0.690292,3,274.460586
0.311474,2,274.538697
1.435041,5,274.739851
0.772562,3,274.86018
0.319273,2,274.937875
1.907249,6,275.181388
1.851073,6,275.424963
0.315196,2,275.512646
0.336972,2,275.599412
2.1474,7,275.868664
1.404168,5,276.081843
6.069241,16,276.713234
0.720624,3,276.832651
2.882187,9,277.196609
2.167041,7,277.474132
0.315952,2,277.551018
1.053168,4,277.717432
3.493516,11,278.150865
0.327759,2,278.240358
1.112861,4,278.406109
0.696937,3,278.536632
0.711656,3,278.658314
-8.251295,5,278.856411
0.33725,2,278.934281
2.197305,7,279.211885
0.358157,2,279.289632
-2.282097,20,280.106189
0.350423,2,280.182961
1.127533,4,280.347886
0.343207,2,280.435277
1.83674,6,280.687983
0.69609,3,280.808728
1.052001,4,280.96341
0.345447,2,281.041198
2.680105,8,281.365716
0.685205,3,281.497413
0.311285,2,281.585092
0.691635,3,281.707531
0.327714,2,281.795348
0.762966,3,281.915382
-7.918262,5,282.136011
0.354619,2,282.212601
0.324573,2,282.30073
-6.009352,10,282.722647
0.311285,2,282.798617
2.190208,6,283.039511
0.337691,2,283.127777
3.295529,11,283.580577
1.755285,6,283.830568
3.362209,10,284.239602
1.808944,6,284.470958
0.385334,2,284.546929
0.311285,2,284.635969
1.452337,5,284.845067
0.328402,2,284.921991
1.798655,6,285.155313
0.36297,2,285.232074
0.384238,2,285.318542
0.712867,3,285.438871
0.704225,3,285.570654
1.874279,6,285.812955
0.34762,2,285.890077
1.031804,4,286.067029
0.673024,3,286.200631
0.311285,2,286.276723
0.311285,2,286.352743
0.707973,3,286.47477
0.353691,2,286.562276
1.052691,4,286.716034
0.362137,2,286.793983
2.9968,9,287.145174
1.354911,5,287.35432
1.691021,6,287.596332
1.404604,5,287.816322
0.367447,2,287.903137
0.331481,2,287.979195
1.003884,4,288.144872
1.055624,4,288.309583
0.350417,2,288.397002
0.321984,2,288.484965
1.0836,4,288.638531
0.323241,2,288.726537
0.331543,2,288.81329
0.325482,2,288.890522
0.345516,2,288.978172
-8.469054,4,289.142482
3.644283,10,289.533571
0.689769,3,289.652672
0.716471,3,289.772292
2.732038,8,290.088462
0.343595,2,290.177687
0.318586,2,290.26587
1.078598,4,290.431641
3.748696,11,290.861696
0.322439,2,290.948869
0.33725,2,291.036108
1.080251,4,291.189593
0.343319,2,291.277696
3.873029,10,291.669783
1.000794,5,291.891498
0.320997,2,291.978129
0.326567,2,292.06637
4.881498,14,292.641397
0.718583,3,292.762697
0.353217,2,292.852058
0.33725,2,292.939413
0.704383,3,293.059023
2.045397,7,293.337628
1.366562,5,293.534066
2.046244,6,293.775588
0.320798,2,293.864186
0.374795,2,293.952535
1.351615,5,294.139102
1.455659,5,294.348417
0.365343,2,294.424289
0.348682,2,294.502019
0.337139,2,294.57877
0.311285,2,294.657984
1.016837,4,294.813538
1.373287,5,295.035562
0.317902,2,295.122856
0.725493,3,295.242823
0.311285,2,295.320278
0.356903,2,295.406395
0.341951,2,295.494735
4.451592,13,296.011122
0.710044,3,296.132443
0.32572,2,296.209865
0.311285,2,296.285667
0.329307,2,296.362799
0.328451,2,296.449379
1.092156,4,296.615933
0.311285,2,296.694697
0.37422,2,296.773037
1.120184,4,296.927511
1.741363,6,297.181247
2.526501,8,297.503078
0.314111,2,297.592244
0.356558,2,297.680845
0.33725,2,297.768638
0.707183,3,297.888956
0.353315,2,297.978136
0.33725,2,298.05483
-8.530748,4,298.210668
3.938382,12,298.688728
1.102117,4,298.845787
1.278036,5,299.049238
0.384156,2,299.136785
2.274619,7,299.411804
0.361789,2,299.488993
0.77618,3,299.610726
0.332969,2,299.69906
3.487206,11,300.121106
0.723587,3,300.252386
0.381655,2,300.339555
1.538956,5,300.538933
0.366685,2,300.625882
0.33725,2,300.71436
0.68707,3,300.834737
-6.75842,8,301.157564
3.460895,11,301.600485
1.75599,6,301.843538
0.322958,2,301.930674
1.98474,7,302.23715
0.33725,2,302.312754
1.049072,4,302.467245
1.785384,6,302.698803
0.33725,2,302.776201
0.311285,2,302.854487
0.682836,3,302.975703
1.822619,6,303.220508
1.15122,4,303.384932
0.318804,2,303.463285
1.087724,4,303.62639
0.361341,2,303.714265
0.385023,2,303.801471
1.941439,6,304.065473
0.74859,3,304.185066
2.79572,8,304.512786
0.326705,2,304.600779
1.768368,6,304.831142
0.71856,3,304.964157
1.110623,4,305.117673
1.706301,6,305.360912
0.313896,2,305.43694
0.371751,2,305.525313
2.331263,7,305.806335
1.464547,5,306.025008
2.391849,7,306.311703
1.772362,6,306.555182
0.321635,2,306.642047
0.3235,2,306.718665
0.334105,2,306.807904
0.334456,2,306.885343
1.435753,5,307.085469
0.705354,3,307.194396
3.736638,10,307.597422
0.71029,3,307.71905
0.746857,3,307.839397
0.702411,3,307.959904
0.371539,2,308.035826
0.736363,3,308.157319
0.31898,2,308.243555
0.335607,2,308.330286
0.345831,2,308.408191
1.418695,5,308.618235
0.32838,2,308.694269
0.353889,2,308.782457
0.358872,2,308.869099
0.355656,2,308.956539
0.725027,3,309.088974
0.714586,3,309.218499
0.378369,2,309.306718
0.336363,2,309.394108
0.32814,2,309.470611
0.667894,3,309.59037
2.164753,7,309.900634
0.318814,2,309.987833
0.71976,3,310.108002
0.32839,2,310.195588
0.359939,2,310.282871
1.894016,6,310.514935
0.317027,2,310.59252
-7.480977,6,310.829057
0.337208,2,310.916159
0.326101,2,311.004548
1.77089,6,311.232172
0.318841,2,311.308286
1.145029,4,311.474428
0.320733,2,311.561721
-8.021241,5,311.768921
0.311285,2,311.84687
0.355838,2,311.934163
1.427506,5,312.143313
0.320849,2,312.230452
0.311285,2,312.306626
1.839085,6,312.559806
0.325227,2,312.636153
2.86119,9,312.989397
0.327373,2,313.077494
1.094761,4,313.241962
4.960704,13,313.764121
1.527413,5,313.97173
0.363161,2,314.04694
0.31301,2,314.13391
-8.624428,4,314.298227
3.786787,11,314.750488
0.336984,2,314.837554
1.519367,6,315.090831
1.085811,4,315.255608
0.311285,2,315.332457
2.231627,7,315.623599
0.321915,2,315.710565
0.372085,2,315.787264
0.348537,2,315.875671
3.537541,9,316.240378
-7.902171,5,316.448861
0.33725,2,316.525593
0.318495,2,316.613401
0.329983,2,316.691034
3.474234,10,317.088859
2.515015,8,317.410806
1.099391,4,317.588585
0.325876,2,317.664441
0.336745,2,317.750977
0.379061,2,317.826919
0.739517,3,317.94824
-8.033188,5,318.14163
0.757149,3,318.263737
0.352143,2,318.352266
0.327815,2,318.439128
0.385612,2,318.526084
0.374635,2,318.613029
1.568557,5,318.809673
2.390274,8,319.108624
0.656257,3,319.228797
0.334548,2,319.315399
0.762803,3,319.44691
3.585728,11,319.916033
0.766856,3,320.0245
0.363786,2,320.100808
0.315891,2,320.188829
0.333225,2,320.276105
0.316823,2,320.363168
0.975211,4,320.536535
0.33822,2,320.624054
0.321829,2,320.700978
1.122091,4,320.856263
0.362572,2,320.932669
1.526039,6,321.196587
0.311285,2,321.283367
0.346585,2,321.371163
0.311764,2,321.447063
1.8813,6,321.679574
0.316155,2,321.758216
0.337001,2,321.83574
1.429299,5,322.045064
1.945502,6,322.285424
0.345123,2,322.361463
0.316244,2,322.438229
3.375009,9,322.784396
2.444508,8,323.117884
0.311285,2,323.195723
0.33725,2,323.27374
1.105322,4,323.448902
0.323747,2,323.536005
0.346761,2,323.611761
0.324662,2,323.698134
2.931551,9,324.062551
0.33659,2,324.149349
0.745703,3,324.268548
1.3504,5,324.466954
0.359446,2,324.543236
0.371687,2,324.621027
0.705352,3,324.754021
0.699085,3,324.865183
0.329805,2,324.943808
1.838319,6,325.185575
3.644064,10,325.585308
0.33725,2,325.673645
1.355507,5,325.88373
1.932296,6,326.116785
0.322568,2,326.20584
0.327137,2,326.282393
0.672335,3,326.407169
1.126532,4,326.581978
1.362592,5,326.780689
0.713162,3,326.912146
0.33725,2,326.99951
0.366112,2,327.08709
0.991534,4,327.252225
1.424289,5,327.462527
2.907229,9,327.839695
0.329568,2,327.928324
0.365687,2,328.016249
0.33725,2,328.104884
1.719963,6,328.346666
1.013659,4,328.514534
1.162194,4,328.667875
3.788523,12,329.147726
3.923569,13,329.689665
1.12143,4,329.855091
0.33725,2,329.943391
1.405518,5,330.153073
3.81891,11,330.635239
0.716024,3,330.74352
0.758899,4,330.910316
0.32051,2,330.999365
0.317053,2,331.0872
0.33725,2,331.17426
1.09238,4,331.338199
0.311285,2,331.415508
0.750527,3,331.537714
2.449678,7,331.83711
0.322601,2,331.9244
0.33725,2,332.01221
0.311285,2,332.10294
0.318983,2,332.189891
0.318605,2,332.26624
-7.56067,6,332.513303
0.311285,2,332.600201
0.321701,2,332.676916
1.063937,4,332.842781
0.735725,3,332.954278
3.94056,11,333.399207
3.419099,10,333.799998
0.32517,2,333.876263
0.324564,2,333.95289
2.895147,9,334.319298
0.371682,2,334.407244
0.328497,2,334.495272
0.735405,3,334.625084
0.347862,2,334.702504
0.763648,3,334.826715
0.334685,2,334.904526
0.673387,3,335.036822
3.05195,9,335.421143
1.146403,4,335.59732
0.369456,2,335.684312
0.723186,3,335.805116
-7.003057,7,336.114477
0.328156,2,336.190598
1.813995,6,336.446223
0.337197,2,336.533275
0.333932,2,336.621121
1.550884,5,336.811616
0.327404,2,336.90025
1.078487,4,337.074055
0.311685,2,337.16245
1.030585,4,337.325495
0.368467,2,337.413934
1.974578,6,337.647628
3.607678,11,338.105379
2.207928,7,338.393558
0.33725,2,338.481701
-8.397668,5,338.678464
0.337137,2,338.755285
0.331958,2,338.832607
0.33725,2,338.909853
0.311499,2,338.988232
0.353858,2,339.06418
0.33137,2,339.140661
0.312952,2,339.230272
1.122968,4,339.383161
-7.183784,7,339.673305
1.248946,5,339.881482
1.107253,4,340.055533
0.364613,2,340.142436
0.70052,3,340.263917
0.33725,2,340.354023
0.325162,2,340.441497
0.716995,3,340.562758
0.331222,2,340.650087
0.324087,2,340.729218
0.374442,2,340.805828
0.31827,2,340.883037
0.330334,2,340.960796
0.706036,3,341.082165
1.393563,5,341.2908
0.708871,3,341.412209
0.311994,2,341.498414
0.311285,2,341.576614
0.745685,3,341.7003
1.106758,4,341.86536
0.360473,2,341.952189
0.365026,2,342.029928
0.316873,2,342.117704
1.357686,5,342.31511
0.315246,2,342.402376
1.038773,4,342.577962
0.334775,2,342.654057
0.311285,2,342.741714
0.322019,2,342.830525
0.704464,3,342.961825
0.722746,3,343.083341
1.698182,6,343.315071
3.709963,11,343.749304
2.092904,7,344.026373
0.327073,2,344.113425
0.361625,2,344.19096
0.705911,3,344.312087
0.320459,2,344.399604
0.311285,2,344.486245
0.320763,2,344.572996
0.316629,2,344.65943
0.35455,2,344.746585
2.956757,9,345.097723
-8.079577,5,345.307493
0.327248,2,345.39494
0.697798,3,345.527508
1.86409,6,345.780596
1.858214,6,346.023486
-8.259512,5,346.236025
0.311285,2,346.323155
-8.544534,4,346.479564
3.620592,11,346.936925
0.328294,2,347.023993
0.313142,2,347.11159
0.360847,2,347.201944
1.065809,4,347.366194
0.794863,4,347.531667
0.359642,2,347.620672
0.356069,2,347.698438
0.780249,3,351.911616
2.080444,7,352.183911
2.111344,7,352.492537
1.059331,4,352.667087
-8.545792,4,352.833815
5.809682,16,353.48188
0.342993,2,353.568449
0.722233,3,353.699624
2.300093,7,353.979185
0.311285,2,354.055489
0.33725,2,354.14315
0.33725,2,354.230435
0.371372,2,354.319127
0.775076,3,354.44021
1.953395,6,354.683808
3.645233,12,355.188201
1.966643,6,355.419775
0.326485,2,355.497918
0.31845,2,355.587859
3.610764,10,355.998019
1.887014,6,356.243918
0.76541,3,356.363672
1.109634,4,356.529348
1.100484,4,356.68346
3.857144,11,357.138117
0.318713,2,357.215137
0.376501,2,357.304151
4.854839,13,357.822694
1.471773,5,358.019157
6.544995,17,358.700202
0.327157,2,358.788882
0.323656,2,358.876218
3.422638,10,359.261202
0.324275,2,359.348253
1.060292,4,359.506222
0.325911,2,359.594406
0.33725,2,359.683132
0.351671,2,359.770898
0.363379,2,359.858027
-7.597846,7,360.138129
1.462411,5,360.347047
0.328167,2,360.435537
0.723494,3,360.566096
0.71192,3,360.698986
0.387726,2,360.786816
0.733365,3,360.90676
1.039871,4,361.060825
-8.346628,5,361.26027
0.337202,2,361.33686
0.326638,2,361.425352
0.36775,2,361.513046
0.719167,3,361.643919
0.361041,2,361.731215
0.320453,2,361.818251
0.338853,2,361.905763
0.373104,2,361.982625
0.340121,2,362.059115
0.355917,2,362.148414
1.88501,6,362.389697
1.154417,4,362.548523
0.348393,2,362.62777
1.495693,6,362.860073
0.321331,2,362.947564
0.763247,3,363.067711
0.691956,3,363.198254
1.070684,4,363.353751
0.371168,2,363.431869
1.867057,6,363.669496
2.031542,6,363.913738
0.367397,2,363.990404
2.201359,7,364.256175
0.756213,3,364.377751
0.719438,3,364.510763
0.389158,2,364.587152
0.721185,3,364.70675
1.129167,4,364.861642
0.751381,3,364.982168
0.315077,2,365.070482
0.721335,3,365.190282
2.851358,9,365.546539
2.750626,9,365.894022
0.33725,2,365.982088
-7.414605,6,366.22313
0.334882,2,366.299876
1.062513,4,366.45747
1.790141,6,366.677758
0.358654,2,366.754888
0.34404,2,366.842636
0.735739,3,366.973999
0.36183,2,367.050231
1.861034,6,367.305599
0.311285,2,367.382617
0.311285,2,367.469718
3.931502,12,367.958307
0.33725,2,368.047625
1.399629,5,368.258502
1.159777,4,368.422756
0.363394,2,368.498558
0.352601,2,368.576607
0.31828,2,368.654579
0.683908,3,368.764958
2.173076,7,369.062855
3.138373,9,369.44021
3.858765,11,369.884915
0.343634,2,369.962079
2.19705,7,370.245173
0.337248,2,370.331734
1.421992,5,370.531814
0.359164,2,370.620555
1.788651,6,370.855376
1.446104,5,371.052694
0.316456,2,371.140637
0.332439,2,371.229429
1.076432,4,371.394576
0.325218,2,371.481749
0.311285,2,371.559732
1.816979,6,371.807691
0.331726,2,371.895509
-8.519931,4,372.060443
0.349055,2,372.147866
0.322175,2,372.233951
1.769118,6,372.478832
0.319422,2,372.555218
0.320275,2,372.642601
0.315222,2,372.720258
-7.627399,6,372.95115
2.939867,9,373.315546
1.095091,4,373.469656
0.322099,2,373.545794
0.670848,3,373.66665
3.542587,10,374.05106
0.347035,2,374.128084
0.337062,2,374.20605
1.658972,6,374.458023
0.722106,3,374.578328
0.363191,2,374.654775
2.591726,8,374.966646
1.125028,4,375.129969
1.821868,6,375.363804
0.360138,2,375.452075
2.275289,7,375.721775
1.716168,6,375.966027
1.813651,6,376.210477
0.335505,2,376.297355
1.318695,5,376.476864
1.845862,6,376.724508
0.324861,2,376.801351
0.335669,2,376.890213
0.329421,2,376.977815
0.33725,2,377.064688
1.319434,5,377.263914
1.039446,4,377.42146
0.333365,2,377.499479
1.379388,5,377.700807
0.338003,2,377.788014
0.346804,2,377.864853
0.720716,3,377.986604
1.538256,5,378.18802
3.040011,9,378.530283
0.33725,2,378.607938
0.701193,3,378.730617
0.312461,2,378.820439
0.700747,3,378.951132
1.448284,5,379.160314
0.364739,2,379.248857
0.758288,3,379.380699
0.750418,3,379.502486
3.275104,10,379.899801
0.33725,2,379.986983
1.847233,6,380.225201
0.332086,2,380.313608
1.722009,7,380.580115
1.420021,5,380.786388
0.33154,2,380.873363
0.359184,2,380.960142
1.077092,4,381.125442
0.317724,2,381.212601
0.313,2,381.289201
0.349226,2,381.36695
3.029252,9,381.717003
1.754509,6,381.961123
0.322907,2,382.036528
0.335466,2,382.113299
2.707869,8,382.427039
2.41664,8,382.72963
0.33725,2,382.816807
1.083539,4,382.970936
0.356726,2,383.057795
0.321545,2,383.134919
0.385612,2,383.223417
0.33725,2,383.310582
3.299449,10,383.729785
0.698624,3,383.849828
0.315372,2,383.938912
0.363075,2,384.026563
0.332835,2,384.104284
1.308938,5,384.324209
0.752925,3,384.444604
3.641417,10,384.851409
1.125282,4,385.015519
0.322995,2,385.093483
0.371455,2,385.183095
1.80837,6,385.42647
2.49133,8,385.759044
1.068266,4,385.935335
3.478249,11,386.357762
0.330702,2,386.445789
0.343528,2,386.533862
1.735653,6,386.777245
0.746745,3,386.898536
1.721742,6,387.162895
0.313178,2,387.250032
0.31581,2,387.33638
1.770209,6,387.578375
0.365097,2,387.666235
0.359275,2,387.753995
4.699514,14,388.296814
1.161576,4,388.473489
0.358834,2,388.549675
0.357569,2,388.626601
0.311285,2,388.715484
0.33631,2,388.80396
2.643212,7,389.076618
0.317979,2,389.163583
0.34913,2,389.250841
0.358393,2,389.337634
0.33725,2,389.415416
4.019903,11,389.882292
0.320085,2,389.959139
3.176068,11,390.392654
0.331577,2,390.46974
1.160387,4,390.634259
1.076065,4,390.792307
0.339667,2,390.882318
2.019526,6,391.125218
0.346691,2,391.2012
1.444997,5,391.410918
0.328669,2,391.486705
-7.992457,5,391.687637
2.195758,7,391.956764
0.311285,2,392.045365
0.318433,2,392.132704
0.336377,2,392.221828
0.371868,2,392.299194
1.066742,4,392.453563
0.314879,2,392.542321
1.437569,5,392.741439
-8.043229,5,392.949912
1.060663,4,393.123763
0.322105,2,393.21143
0.329016,2,393.299057
0.358535,2,393.386705
0.346365,2,393.47464
0.335516,2,393.561391
0.328061,2,393.638038
0.321453,2,393.715459
1.619674,6,393.971613
0.692531,3,394.101659
0.311285,2,394.190223
0.767676,3,394.309744
1.040141,4,394.461698
1.449399,5,394.661202
0.311285,2,394.747615
0.724827,3,394.877673
1.431554,5,395.086283
0.311285,2,395.173734
1.461343,5,395.372283
2.890945,9,395.708742
1.088002,4,395.864442
2.935112,8,396.198586
0.326254,2,396.286819
4.113966,13,396.819049
0.701685,3,396.938821
0.71036,3,397.07017
2.58612,7,397.339137
2.79251,9,397.703177
0.311285,2,397.789877
1.754637,6,398.019458
3.690996,11,398.463044
1.041107,4,398.627335
2.852203,8,398.949423
0.328364,2,399.025666
0.321216,2,399.104419
1.532797,5,399.306834
1.624355,6,399.54014
0.319508,2,399.618897
0.313077,2,399.705729
3.103919,8,400.007777
0.33725,2,400.095963
2.846545,9,400.44883
1.898343,6,400.693012
1.406609,5,400.880258
-7.743552,5,401.092612
0.366029,2,401.180041
0.336614,2,401.256162
1.016092,4,401.399484
2.249782,7,401.680399
0.31814,2,401.758625
0.32947,2,401.836481
0.762271,3,401.956311
0.713725,3,402.089257
2.941039,9,402.433131
0.32205,2,402.521559
1.471168,5,402.719897
0.324294,2,402.797668
0.374893,2,402.886302
1.012957,4,403.040909
1.858288,6,403.27445
0.3463,2,403.351689
0.686168,3,403.464264
0.710312,3,403.597328
0.732437,3,403.717164
0.364566,2,403.795551
3.447298,10,404.20668
1.063053,4,404.371153
0.32395,2,404.458785
0.760058,3,404.58009
0.361116,2,404.667804
0.317226,2,404.755766
0.344462,2,404.842216
0.319592,2,404.930211
0.325581,2,405.016983
0.380942,2,405.094427
0.70362,3,405.226443
0.692285,3,405.345634
0.336886,2,405.421889
0.365754,2,405.499171
0.33725,2,405.576762
3.031911,9,405.922027
0.33725,2,406.010527
0.32709,2,406.099908
0.356512,2,406.185911
0.753563,3,406.306296
1.086651,4,406.470979
1.039996,4,406.647633
0.32976,2,406.725048
1.055612,4,406.881831
-7.308636,6,407.127359
3.027771,9,407.470551
1.814711,6,407.702999
1.10274,4,407.868927
0.330997,2,407.955723
0.986393,4,408.122883
0.336122,2,408.210289
0.335413,2,408.287276
0.383857,2,408.375053
0.350309,2,408.45169
0.700183,3,408.572243
0.314362,2,408.663696
0.323786,2,408.739504
0.333539,2,408.815902
0.315916,2,408.903636
2.183718,7,409.188572
0.33927,2,409.27609
1.735006,6,409.487913
1.787992,6,409.732013
1.122592,4,409.896794
0.314843,2,409.983393
0.311285,2,410.070077
0.352547,2,410.148891
2.121671,7,410.427795
0.707023,3,410.547101
0.33725,2,410.634145
2.195837,7,410.933955
3.710979,11,411.383749
0.311285,2,411.472225
0.347533,2,411.559761
0.385417,2,411.648779
2.147302,7,411.933915
0.34211,2,412.021082
0.691472,3,412.142169
0.364409,2,412.230392
0.754685,3,412.351271
0.33725,2,412.440629
0.326964,2,412.528198
2.406387,7,412.794687
0.3535,2,412.871164
1.45155,5,413.082021
2.710449,8,413.391341
0.765159,3,413.512339
2.676447,9,413.889738
0.33725,2,413.966009
-8.024217,5,414.163665
0.335878,2,414.25075
0.702596,3,414.362467
0.678377,3,414.484448
0.713576,3,414.595491
0.321812,2,414.685265
0.359816,2,414.762911
0.319453,2,414.840951
0.718026,3,414.9652
0.690849,3,415.085299
0.684901,3,415.206528
1.758934,6,415.438162
0.333502,2,415.515234
1.6144,6,415.739201
0.336454,2,415.816741
0.326052,2,415.903684
0.682442,3,416.036922
0.33725,2,416.123419
0.994068,4,416.267714
1.455887,5,416.468712
0.320223,2,416.556869
0.768413,3,416.677812
1.340153,5,416.869181
3.720805,11,417.316384
0.326189,2,417.394911
0.311285,2,417.483817
0.340552,2,417.561742
1.519568,5,417.770628
1.118662,4,417.923704
0.315989,2,418.012544
0.752585,3,418.131623
1.020108,4,418.296779
0.333881,2,418.385802
0.33725,2,418.472124
0.791857,3,418.582354
0.327705,2,418.660846
8.029905,20,419.460904
0.325425,2,419.54827
0.33413,2,419.635782
0.314534,2,419.712565
0.350686,2,419.790416
0.715918,3,419.899631
0.379747,2,419.976043
0.33725,2,420.065579
0.328077,2,420.152516
1.046753,4,420.317717
1.494098,5,420.527635
2.258623,7,420.827782
0.327896,2,420.904486
0.329894,2,420.991599
1.084023,4,421.151052
2.633186,8,421.483692
1.71703,6,421.730007
0.323095,2,421.818806
0.746752,3,421.938932
0.311285,2,422.028625
0.751519,3,422.149102
0.333981,2,422.237785
1.834264,6,422.4794
4.167146,12,422.959943
0.365408,2,423.036242
0.389168,2,423.113721
1.373947,5,423.313979
0.331465,2,423.391778
0.330112,2,423.468975
0.35129,2,423.558268
1.082652,4,423.721751
0.311285,2,423.809831
0.311285,2,423.886431
0.343037,2,423.973998
0.311285,2,424.051733
0.336638,2,424.141104
0.315889,2,424.228364
3.00237,9,424.616281
0.35786,2,424.703925
0.760535,3,424.824367
0.370984,2,424.902864
3.111147,9,425.281764
0.318901,2,425.358486
1.815407,6,425.594697
0.742417,3,425.726128
0.358301,2,425.802932
0.342247,2,425.890815
0.315438,2,425.978224
1.067056,4,426.131835
1.043531,4,426.288402
0.681122,3,426.39854
0.330887,2,426.475413
0.365488,2,426.555872
0.331615,2,426.635969
0.378085,2,426.713354
0.723302,3,426.837295
0.759852,3,426.969575
0.382617,2,427.056715
0.322044,2,427.133615
1.676163,6,427.37693
2.061991,7,427.657356
0.72128,3,427.768026
0.33061,2,427.845341
0.311285,2,427.925125
3.040149,9,428.293405
0.74488,3,428.425634
-6.31078,10,428.817299
2.958395,9,429.165924
0.331368,2,429.243492
0.318711,2,429.321074
1.105174,4,429.481005
0.350574,2,429.557601
4.441947,12,430.037913
0.323326,2,430.12533
0.325214,2,430.212085
0.718838,3,430.334104
0.311285,2,430.413801
0.362816,2,430.492241
1.742801,6,430.727693
0.33725,2,430.816185
0.370759,2,430.903907
0.323597,2,430.991039
0.33553,2,431.069542
0.367114,2,431.14625
0.32187,2,431.223159
0.311483,2,431.299787
0.354396,2,431.387794
-7.37433,7,431.653764
1.877829,6,431.887341
0.696193,3,432.01139
0.323441,2,432.089601
2.222155,7,432.368466
0.33725,2,432.445528
2.739913,8,432.766682
0.356147,2,432.843889
1.92027,6,433.080591
0.348253,2,433.156273
0.346437,2,433.232831
1.142355,4,433.390708
1.508576,5,433.590439
0.367576,2,433.678591
1.526198,6,433.915289
1.124384,4,434.075598
0.327457,2,434.161896
0.322967,2,434.240212
0.328558,2,434.317712
1.917748,6,434.553016
0.311285,2,434.640122
1.990262,7,434.929492
4.286243,12,439.504627
2.080349,7,439.783364
-7.52745,6,440.027452
0.356141,2,440.116469
2.736229,8,440.425216
0.712682,3,440.548095
-7.240006,7,440.817784
0.320636,2,440.894614
0.745662,3,441.00538
0.680288,3,441.128402
1.464294,5,441.318614
1.544576,5,441.527723
3.498904,11,441.968042
0.382332,2,442.045498
2.727351,9,442.403396
0.334267,2,442.481165
0.313375,2,442.558954
0.372385,2,442.635961
1.467904,5,442.828641
0.752289,3,442.952983
1.490227,5,443.151447
-8.322883,5,443.360003
7.952941,21,444.178854
4.811085,14,444.713027
0.33725,2,444.790107
0.341195,2,444.879043
0.692677,3,444.991635
3.53177,11,445.411007
0.33725,2,445.500919
2.104623,7,445.780675
2.574925,8,446.093149
5.482298,15,446.689299
0.378539,2,446.76629
0.342996,2,446.853476
2.808096,9,447.22105
2.544401,8,447.535348
1.8474,6,447.778419
3.522433,10,448.168595
1.103727,4,448.321343
3.709045,11,448.745995
2.406187,8,449.050506
1.098554,4,449.213878
1.120212,4,449.378109
1.485741,5,449.575969
7.289323,19,450.297675
-7.508541,6,450.541205
6.028336,20,451.311625
2.636454,8,451.636668
0.370632,2,451.724544
0.318318,2,451.802352
2.189151,7,452.091324
2.20071,7,452.370418
0.321792,2,452.446668
1.094261,4,452.600769
1.014433,4,452.758449
0.326599,2,452.835647
1.015214,4,452.981005
1.749215,6,453.196877
5.306865,16,453.851693
0.752301,3,453.972148
2.002369,7,454.241616
0.338026,2,454.331073
0.348259,2,454.420554
-7.013229,8,454.734375
0.71382,3,454.856408
1.00677,4,455.021907
0.700864,3,455.141953
-7.034013,8,455.466039
0.332695,2,455.556967
1.093269,4,455.701393
2.576024,8,456.034767
0.724257,3,456.15498
0.389271,2,456.232739
1.768059,6,456.457866
0.939303,5,456.667417
3.48008,10,457.052705
1.034992,4,457.205026
1.356655,5,457.417019
1.622838,6,457.67111
3.314218,10,458.055668
2.24068,7,458.346046
0.698414,3,458.467716
1.110833,4,458.633204
3.507331,11,459.051154
0.386284,2,459.129404
0.682798,3,459.250727
3.255415,10,459.661202
4.017084,12,460.170046
1.390444,5,460.36891
0.311285,2,460.447295
0.363101,2,460.537519
5.397004,15,461.119474
0.322253,2,461.207042
0.317675,2,461.295226
7.942425,24,462.247705
0.330479,2,462.335628
0.326187,2,462.422705
1.389881,5,462.624097
0.714718,3,462.744995
0.358429,2,462.833801
0.3407,2,462.912966
3.326428,11,463.34055
5.108977,14,463.894222
0.318666,2,463.9819
1.450561,5,464.171683
0.744044,3,464.282559
2.556403,8,464.59878
0.694788,3,464.729999
1.066639,4,464.896847
1.125933,4,465.064255
0.7043,3,465.183521
0.71225,3,465.292737
2.723722,8,465.598625
0.328838,2,465.674564
4.277251,12,466.123473
4.766168,13,466.65134
0.34292,2,466.728093
1.553077,5,466.926916
-8.341386,4,467.094015
3.773939,11,467.511549
1.460183,5,467.731798
1.021872,4,467.887979
0.350887,2,467.978288
0.312559,2,468.065828
0.36827,2,468.152356
0.749585,3,468.273602
0.347148,2,468.360988
0.381653,2,468.449513
2.071683,7,468.740833
2.104042,7,469.029995
1.78613,6,469.283308
3.785682,10,469.692868
4.318618,13,470.162256
0.311285,2,470.239919
0.329148,2,470.317712
1.678664,6,470.544438
1.019266,5,470.744891
1.785256,6,470.987469
0.321601,2,471.063909
2.092233,7,471.342312
1.462912,5,471.541663
1.107172,4,471.686866
0.339654,2,471.764782
3.918572,11,472.199392
0.770906,3,472.320642
1.108395,4,472.496864
3.803784,11,472.948558
0.379197,2,473.035995
2.389186,8,473.34937
1.696799,6,473.584931
0.701882,3,473.708366
1.549691,5,473.889999
2.740841,8,474.208834
0.336872,2,474.29736
8.15763,24,475.247882
0.711461,3,475.359618
3.051048,10,475.781548
2.523678,8,476.09163
0.720154,3,476.215523
3.023451,9,476.592275
0.316904,2,476.6686
1.342466,5,476.866816
1.988964,7,477.133126
0.311285,2,477.210114
2.865035,9,477.570773
3.473202,9,477.924521
1.813326,6,478.161089
0.696836,3,478.292199
1.430114,5,478.484292
0.316969,2,478.562266
0.33725,2,478.641479
3.013977,9,478.999038
1.09102,5,479.208881
1.057508,4,479.376078
3.073052,9,479.708801
0.315523,2,479.788293
1.669039,6,480.025267
0.323699,2,480.113276
1.022983,4,480.259991
0.726544,3,480.393921
1.395233,5,480.592587
0.33098,2,480.669964
2.587265,8,480.997542
0.33725,2,481.073521
1.503645,5,481.275538
1.806308,6,481.510228
3.640741,11,481.939297
5.369719,14,482.457395
1.000279,4,482.624078
3.480511,11,483.059694
2.464334,8,483.372233
0.746873,3,483.480621
0.324656,2,483.569779
2.390555,8,483.885846
2.384081,7,484.162985
1.80932,6,484.40775
0.318753,2,484.497393
1.079102,4,484.663719
1.029903,4,484.830982
1.453134,5,485.031967
1.472628,5,485.220991
0.758549,3,485.333901
1.524267,5,485.523692
0.737256,3,485.646515
1.077062,5,485.843865
3.539537,10,486.227926
2.301293,7,486.490609
0.327657,2,486.580137
0.340855,2,486.668446
0.718106,3,486.790856
2.100681,7,487.070664
1.236871,5,487.262944
0.36218,2,487.340449
0.339168,2,487.417691
3.523397,10,487.804912
4.97818,12,488.255846
1.063187,4,488.420971
0.312632,2,488.508294
-7.428654,6,488.732624
2.305886,7,488.982937
1.846932,6,489.210088
1.528197,5,489.408525
1.875446,6,489.650812
4.282256,13,490.142662
3.627073,11,490.567331
4.865738,16,491.212047
3.576066,11,491.624039
1.740595,6,491.84812
0.35163,2,491.925458
0.356025,2,492.014079
0.350244,2,492.092593
1.787672,6,492.331219
0.718328,3,492.450576
1.056819,4,492.593901
0.33725,2,492.674259
2.689414,8,492.987353
0.319604,2,493.063035
0.353221,2,493.140308
4.562013,13,493.644547
0.383335,2,493.731322
0.34275,2,493.821172
0.322544,2,493.908365
5.240366,15,494.493775
2.437471,7,494.748142
1.39412,5,494.949245
2.931941,9,495.297961
0.699644,3,495.41007
3.273004,10,495.805866
0.336222,2,495.894149
1.649512,6,496.13141
0.342158,2,496.209167
2.060185,7,496.508464
0.372142,2,496.596558
0.323329,2,496.684446
2.52964,8,496.996066
0.677624,3,497.120012
0.360365,2,497.208189
2.16301,7,497.473674
0.33725,2,497.561745
1.07262,4,497.718389
0.33725,2,497.807106
0.361261,2,497.885084
1.129729,4,498.030827
2.804409,9,498.355765
1.452666,5,498.55812
5.901037,18,499.243036
1.445007,5,499.442398
-5.799172,10,499.83578
2.476959,8,500.160131
2.377928,7,500.429854
2.248374,7,500.715581
1.30116,5,500.914413
1.392274,5,501.105036
3.446818,10,501.489094
1.082393,4,501.649035
-6.915524,8,501.976552
0.694208,3,502.096251
1.953153,6,502.340617
2.401148,7,502.608991
1.476834,5,502.796764
0.340314,2,502.875937
0.343679,2,502.962733
0.734548,3,503.07281
1.012363,4,503.240523
4.206989,13,503.74735
2.124743,7,504.025015
2.027834,6,504.251186
1.513214,5,504.453927
5.732596,16,505.085933
2.326616,7,505.34008
0.321082,2,505.418449
0.370317,2,505.505709
5.053683,14,506.064678
2.979452,9,506.402831
2.964757,9,506.753217
4.87132,15,507.349518
2.555611,8,507.674415
3.089322,9,508.035191
3.254935,10,508.423029
0.323382,2,508.510436
1.819015,6,508.730979
1.435645,5,508.930227
1.363069,5,509.152251
2.470987,8,509.47522
1.079297,4,509.630682
3.207401,10,510.024532
0.311285,2,510.112181
1.302328,5,510.303219
0.364975,2,510.392354
2.674475,8,510.736135
1.049653,4,510.903481
2.958201,10,511.295686
1.074234,4,511.443945
2.668283,8,511.759288
0.332429,2,511.847651
0.360481,2,511.924329
0.313255,2,512.00286
1.388636,5,512.195401
0.696595,3,512.328089
0.347913,2,512.406019
2.633379,8,512.699615
-6.272251,11,513.135192
0.326559,2,513.212141
0.348024,2,513.299222
0.735741,3,513.411522
0.377253,2,513.489795
2.591889,8,513.792207
3.915858,11,514.249692
1.096507,4,514.413651
3.489397,11,514.851297
0.322644,2,514.938109
0.322113,2,515.025495
0.663298,3,515.147925
0.710029,3,515.271133
2.625731,8,515.590275
1.041454,4,515.757275
3.719327,11,516.17167
4.722767,14,516.715232
0.349258,2,516.803873
0.311285,2,516.891648
0.333837,2,516.96836
0.314537,2,517.044357
0.736375,3,517.167528
0.316918,2,517.2449
0.312853,2,517.322589
1.72287,6,517.565299
0.318999,2,517.641855
0.311285,2,517.729497
0.314943,2,517.816377
0.344241,2,517.905956
1.750475,6,518.1368
0.316635,2,518.22508
1.791599,6,518.450663
1.504487,6,518.69389
0.361583,2,518.771445
0.714967,3,518.902107
0.358973,2,518.989431
0.31789,2,519.065776
3.38648,10,519.457049
0.311285,2,519.533621
0.734513,3,519.665862
3.506602,11,520.106052
2.461461,8,524.537697
2.495274,8,524.852936
7.041318,21,525.663874
1.700651,6,525.898587
0.338171,2,525.986209
3.228041,9,526.339241
1.481142,5,526.520034
2.882083,9,526.888572
0.32123,2,526.976259
1.484878,5,527.183812
0.360842,2,527.260889
1.772536,6,527.495616
1.36644,5,527.705766
1.128285,4,527.849729
0.751078,4,528.008143
2.267628,7,528.279324
1.105183,4,528.427917
3.98009,11,528.851193
3.409128,11,529.264184
0.375306,2,529.341083
2.700918,8,529.641861
1.204551,5,529.817698
1.318997,5,530.006513
1.734046,6,530.231642
1.145589,4,530.389267
1.752212,6,530.627013
1.392737,5,530.803655
0.320246,2,530.881457
0.371695,2,530.969534
1.967503,7,531.231558
5.436873,16,531.858034
0.311285,2,531.934051
4.817504,14,532.481881
4.414022,12,532.961622
3.820151,12,533.44107
1.801776,6,533.675354
2.750302,9,534.025614
0.318508,2,534.113685
6.004497,17,534.758719
0.337486,2,534.836247
2.023213,7,535.097051
2.228388,7,535.3597
1.122512,4,535.529934
-7.583776,6,535.768192
2.174574,8,536.075232
4.250009,12,536.510645
2.388058,8,536.819071
1.312167,5,537.020258
8.852465,24,537.944038
1.891665,6,538.185951
1.403151,5,538.396555
3.243709,10,538.783978
0.319469,2,538.862522
1.062037,4,539.029923
3.547582,11,539.459095
1.133961,4,539.607334
2.393108,8,539.926365
0.332593,2,540.003501
0.366184,2,540.080405
1.478311,5,540.271594
0.349122,2,540.359927
1.011675,4,540.523417
0.316265,2,540.611755
1.74069,6,540.843272
1.040004,4,541.00994
3.652692,11,541.438128
0.324354,2,541.51637
-3.621198,20,542.29147
1.15029,4,542.447326
0.742809,3,542.562449
3.055215,10,542.946818
0.353636,2,543.036305
4.636585,13,543.551745
2.403248,8,543.875328
2.184356,7,544.156644
4.30615,14,544.687896
0.676338,3,544.820649
3.748673,12,545.290637
1.72941,6,545.505555
2.417246,8,545.80779
1.082657,4,545.963574
1.707016,6,546.177297
-8.283879,5,546.380408
0.993259,4,546.548761
5.760985,16,547.160535
4.283243,12,547.603421
0.326651,2,547.680905
1.43981,5,547.884096
3.717242,12,548.331582
4.652272,14,548.879416
0.325195,2,548.958062
3.879003,12,549.452451
1.782178,6,549.686938
1.009984,4,549.854348
0.314021,2,549.932015
-5.122231,13,550.455878
2.364449,7,550.736037
2.331962,7,551.014464
0.320275,2,551.091247
3.061564,9,551.438854
0.351232,2,551.527527
3.614297,12,552.006241
2.615979,8,552.32188
3.149512,9,552.662291
0.326222,2,552.738532
1.960262,6,552.984153
4.017059,12,553.439296
1.568673,5,553.638954
1.057885,4,553.785568
0.311285,2,553.863956
6.738485,18,554.571791
2.46694,8,554.888124
3.42577,11,555.302106
3.492842,10,555.685814
0.675556,3,555.798627
4.97801,15,556.388139
1.420703,5,556.574842
2.165085,7,556.830845
0.358122,2,556.907767
2.668405,8,557.209559
1.005198,4,557.365733
1.416837,5,557.565027
3.059958,9,557.912057
1.791353,6,558.147119
1.137668,4,558.304511
0.731488,3,558.425962
1.081815,4,558.603609
-5.978179,11,559.016514
1.104191,4,559.180693
1.113596,4,559.334435
4.133342,13,559.845768
4.774653,15,560.42582
-8.564797,4,560.591306
0.34475,2,560.678327
0.352586,2,560.755002
4.710491,14,561.29161
1.115779,4,561.448024
0.341098,2,561.526637
4.415695,13,562.044611
0.330411,2,562.131997
0.341928,2,562.20845
0.316511,2,562.286218
1.016133,4,562.432583
2.793611,9,562.771275
0.339517,2,562.860344
1.089942,4,563.016062
3.696285,11,563.433642
2.593877,8,563.746977
1.667533,6,563.994699
1.109127,4,564.152992
3.026615,9,564.500762
4.994719,15,565.086834
1.847255,6,565.322695
0.368921,2,565.409744
0.73482,3,565.522011
0.720277,3,565.634575
4.83685,13,566.149666
1.112092,4,566.291999
2.575745,8,566.615078
3.470587,10,567.026302
2.515887,8,567.324898
4.06802,13,567.838969
0.33725,2,567.916553
0.378419,2,567.994481
0.324827,2,568.072549
5.784727,16,568.696019
1.129668,4,568.85352
1.052584,4,569.009961
2.486363,8,569.334803
4.051678,12,569.817341
0.344633,2,569.905744
1.07813,4,570.050771
3.937559,12,570.504548
3.013438,9,570.84539
1.786581,6,571.078208
1.13879,4,571.222905
2.426765,7,571.515405
4.293107,13,572.035876
8.161589,23,572.938264
1.500653,5,573.146399
0.716873,3,573.266997
1.054745,4,573.420897
0.740999,3,573.534474
0.328981,2,573.620943
1.059007,4,573.775144
3.550873,10,574.156579
0.344027,2,574.245537
0.324269,2,574.323837
0.32255,2,574.402141
0.335372,2,574.481698
3.539579,10,574.88079
2.211887,7,575.150626
3.536637,11,575.574868
1.134027,4,575.731035
1.067167,4,575.888286
0.323451,2,575.974916
0.710331,3,576.094446
4.114473,11,576.508103
3.621052,11,576.933017
2.873107,9,577.270831
1.491212,5,577.472099
2.887458,9,577.847763
3.747267,11,578.252958
1.726748,6,578.484897
0.704846,3,578.607698
6.932452,24,579.525988
3.495065,10,579.908586
3.17896,10,580.294065
1.37114,5,580.488526
4.959929,14,580.99903
7.075499,20,581.776187
1.378612,5,581.978813
5.275876,16,582.604169
-8.42237,4,582.761195
0.324771,2,582.84872
0.383223,2,582.926366
0.696104,3,583.048835
1.015165,4,583.203513
2.220044,7,583.493101
0.332967,2,583.571132
3.898503,12,584.037348
0.689727,3,584.159861
2.210759,7,584.438428
0.358542,2,584.526988
6.53935,19,585.260119
2.596361,8,585.563968
3.665788,11,585.996646
1.385157,5,586.197187
3.024554,10,586.59587
3.543385,11,587.028729
0.316318,2,587.106614
1.460315,5,587.31062
1.38948,5,587.523194
2.2494,7,587.778115
0.360397,2,587.854964
6.611165,19,588.564237
1.957335,6,588.790008
-5.471052,12,589.244229
0.663764,3,589.364958
3.753941,12,589.827018
1.808029,6,590.062349
1.849603,6,590.30707
5.07222,16,590.924525
4.919698,15,591.509013
1.809088,6,591.736664
3.912515,12,592.196749
0.342918,2,592.274487
0.681938,3,592.397824
1.461962,5,592.595983
0.326545,2,592.672629
2.997954,9,593.010068
1.424916,5,593.209634
1.538603,5,593.399762
1.840426,6,593.645086
2.490274,8,593.960104
2.102336,7,594.250006
0.325611,2,594.339171
4.840791,15,594.930819
2.518381,8,595.23476
0.311285,2,595.312782
2.753134,9,595.646756
1.928204,6,595.883881
-7.35755,7,596.152658
2.023254,7,596.435104
0.750481,3,596.557783
-5.838061,12,597.003177
3.085537,9,597.355066
0.353379,2,597.434585
0.717904,3,597.548935
3.078396,10,597.955204
0.328852,2,598.03202
0.347121,2,598.109273
-7.951772,5,598.312942
0.70748,3,598.445025
2.683777,8,598.758243
3.83032,11,599.189408
1.899906,6,599.430764
0.345831,2,599.507185
2.79045,9,599.857404
0.344242,2,599.933619
0.716333,3,600.044102
1.072363,4,600.211242
2.81178,9,600.560242
2.530627,8,600.88496
2.364935,7,601.158714
1.173995,4,601.304681
2.566075,8,601.61834
0.33725,2,601.707008
1.770934,6,601.930794
1.047113,4,602.077501
4.543276,14,602.610204
0.311285,2,602.696676
0.361809,2,602.775145
1.84574,6,603.021404
1.546041,5,603.210204
0.366719,2,603.299813
2.238903,7,603.579631
0.312849,2,603.656708
1.360422,5,603.846876
3.830926,12,608.452712
2.195866,7,608.722978
12.78357,43,610.321722
1.115392,4,610.480695
2.004718,7,610.74671
3.178082,10,611.112639
6.023728,16,611.718295
2.159442,7,611.987158
7.067552,19,612.680153
3.746799,10,613.057045
6.719464,18,613.749184
3.217886,9,614.090425
1.071167,4,614.256736
2.881904,9,614.586045
4.549099,12,615.024772
3.082217,9,615.364844
2.742877,9,615.725198
1.553066,5,615.91415
2.209082,7,616.173179
0.33725,2,616.260941
0.338418,2,616.338877
1.818539,6,616.567737
1.08706,4,616.725546
0.311285,2,616.803831
3.725696,11,617.202922
-6.342432,10,617.556757
0.313971,2,617.635156
3.052277,9,617.95275
1.806713,6,618.174837
-5.304119,13,618.627962
0.366197,2,618.716437
9.310778,25,619.668043
1.657748,6,619.911433
2.105523,7,620.189324
2.213462,7,620.468927
1.89379,6,620.696331
3.606681,10,621.06164
0.73568,3,621.173757
3.448517,11,621.593305
5.700846,17,622.21792
2.191359,7,622.497745
0.323524,2,622.575135
2.43487,8,622.878636
0.718088,3,622.992323
-7.513789,7,623.266579
0.323776,2,623.355493
1.784985,6,623.604053
10.695709,34,624.850904
1.017138,4,625.019078
0.335419,2,625.09708
0.320187,2,625.174813
1.439924,5,625.368382
1.742118,6,625.606524
3.639146,10,626.007971
4.648218,14,626.536741
0.377852,2,626.615427
1.325663,5,626.817156
-6.336641,10,627.18994
0.364381,2,627.279024
0.674285,3,627.391771
1.851507,6,627.619283
1.418327,5,627.799541
1.108254,4,627.966295
2.582332,8,628.248734
1.423328,5,628.439912
7.280048,21,629.234275
1.756613,6,629.460155
7.307246,21,630.229684
0.311285,2,630.307687
2.983085,9,630.648413
2.004089,7,630.917834
9.794262,30,632.02791
0.33725,2,632.105369
1.856587,6,632.332084
4.783605,15,632.887805
0.334989,2,632.976476
3.670699,11,633.392136
2.618527,8,633.697304
2.380372,7,633.96129
-7.321742,7,634.226008
3.072564,9,634.568889
1.694742,6,634.806569
5.190622,16,635.393146
4.880195,13,635.891812
3.636197,11,636.298228
5.013298,17,636.911357
5.118706,15,637.487478
-1.380127,22,638.311562
2.709033,8,638.613004
1.83017,6,638.849717
3.640173,10,639.211464
8.112558,23,640.052709
1.321795,5,640.244588
2.11861,7,640.506254
8.220603,23,641.350849
4.663864,14,641.839051
0.715437,3,641.96136
0.718269,3,642.073712
0.360124,2,642.153665
2.904689,9,642.513366
2.939345,9,642.873986
3.789286,11,643.286005
4.343047,12,643.721097
5.049389,15,644.270874
0.750807,3,644.393608
1.420408,5,644.577122
3.982765,11,644.996429
2.283243,7,645.267788
0.332759,2,645.347713
2.746347,8,645.673125
4.120808,13,646.137679
1.103394,4,646.282171
3.968526,12,646.73461
5.62987,16,647.362029
1.846259,6,647.5907
0.730013,3,647.71555
4.740841,15,648.271578
1.745278,6,648.497302
1.672846,6,648.711083
3.681465,11,649.149893
1.76088,6,649.376039
2.41719,8,649.673006
4.178223,11,650.084225
2.276195,7,650.367011
3.001391,9,650.691303
3.479777,11,651.112747
4.891033,14,651.652454
0.743912,3,651.774461
2.414977,8,652.072857
0.353867,2,652.151567
4.215071,13,652.648764
5.242873,14,653.171168
1.037185,4,653.326705
2.553698,8,653.627283
2.487971,8,653.95045
3.67514,11,654.365284
6.211512,18,655.04564
0.371654,2,655.12355
0.742719,3,655.237214
2.431956,7,655.492157
9.335555,26,656.461493
0.695656,3,656.585394
0.733628,3,656.707382
8.76832,24,657.598878
2.433822,8,657.892239
1.848521,6,658.121338
5.949252,18,658.790826
4.225901,12,659.257078
3.712362,12,659.715861
6.478138,20,660.458796
0.311285,2,660.53581
8.790954,25,661.456109
1.078123,4,661.628032
0.333619,2,661.706416
3.585002,11,662.115353
0.353643,2,662.204237
14.428176,49,664.019907
7.018701,22,664.837034
5.328087,16,665.44213
1.414774,5,665.634546
1.381791,5,665.816198
6.740973,19,666.518882
2.8412,8,666.825026
3.84561,11,667.252168
2.867456,9,667.592327
5.257454,15,668.152792
2.854326,9,668.49479
2.38486,8,668.819958
2.279023,7,669.06422
4.75684,13,669.56592
5.333572,18,670.220521
1.264984,5,670.414562
3.81186,11,670.82745
1.795593,6,671.05934
0.359122,2,671.136832
4.682352,14,671.665056
3.032691,10,672.027979
3.804381,11,672.457851
6.340199,17,673.101517
9.342227,29,674.20801
1.097308,4,674.365384
4.154824,12,674.80657
0.33725,2,674.88494
2.450445,8,675.184458
3.147312,10,675.563292
0.311285,2,675.641561
4.545268,14,676.164495
2.244256,7,676.416067
1.758483,6,676.644644
0.323255,2,676.7226
1.754919,6,676.959382
4.288082,12,677.411892
0.348405,2,677.490409
2.182168,7,677.769037
3.262904,10,678.145479
5.48575,15,678.690992
2.22435,7,678.96312
4.874944,14,679.476461
0.691548,3,679.598624
0.360386,2,679.677866
5.692692,17,680.304235
2.235729,7,680.574676
0.739606,3,680.687005
0.358205,2,680.765209
0.313693,2,680.843134
4.127865,12,681.288751
1.808064,6,681.524034
-4.961428,13,682.017456
2.194232,7,682.267892
2.460353,8,682.565531
5.491776,17,683.205796
1.116041,4,683.35186
2.984713,9,683.703784
1.372621,5,683.880747
3.89628,11,684.314769
4.667108,14,684.83277
4.075164,12,685.315961
0.751114,3,685.42911
3.888503,12,690.009544
0.311285,2,690.088665
7.66831,22,690.892342
2.073425,7,691.150049
4.128826,13,691.625316
6.410561,18,692.307047
0.70234,3,692.419824
8.403304,24,693.312165
1.755143,6,693.5269
1.405126,5,693.707848
0.378061,2,693.785963
4.869798,15,694.337286
-7.987493,5,694.528174
2.481375,7,694.803604
2.74036,9,695.147939
3.945718,12,695.607299
6.959594,20,696.359681
5.244919,16,696.943635
7.293429,21,697.736726
3.216809,10,698.10841
-7.655767,6,698.328124
7.550742,21,699.088341
1.526335,5,699.28034
4.520671,13,699.765975
1.410793,5,699.94677
-5.077729,14,700.461654
7.310205,22,701.234455
17.293847,67,703.701887
8.690871,25,704.634728
1.50615,5,704.81364
6.925404,19,705.51499
3.426564,10,705.902011
1.37663,5,706.08375
1.46043,5,706.286388
3.546385,10,706.652881
6.625962,20,707.362702
12.704356,37,708.697788
0.33725,2,708.776702
14.693799,81,711.738322
2.352085,8,712.042981
18.312323,47,713.709496
1.431923,5,713.900688
2.320703,8,714.210644
1.498886,5,714.392572
7.347399,21,715.158638
-5.886678,11,715.582104
3.286181,10,715.956741
1.902862,6,716.182138
0.712864,3,716.294212
13.838545,43,717.880797
2.291647,7,718.163043
6.951785,20,718.89665
2.179389,7,719.173987
4.753624,15,719.730612
-0.552808,26,720.673248
3.608736,12,721.100229
5.343285,17,721.747243
8.096983,24,722.638594
2.474552,8,722.93133
14.589709,43,724.468665
3.997182,12,724.923501
0.311285,2,725.013645
5.498107,18,725.671252
1.057411,4,725.818597
3.863867,10,726.196374
3.9295,12,726.653461
2.494414,8,726.951882
2.714032,9,727.285372
3.338369,10,727.64974
-7.241332,7,727.900179
5.57241,16,728.494094
-3.949524,18,729.14789
5.720392,17,729.776428
5.86607,15,730.329201
1.735606,6,730.569983
-3.923922,17,731.199858
2.605557,8,731.495431
6.670823,18,732.16487
15.614542,47,733.859222
3.451949,11,734.258536
0.343143,2,734.336146
5.676899,18,734.997693
5.468461,16,735.558729
1.05668,4,735.724992
-7.051391,8,736.018858
5.238008,15,736.580808
10.385306,28,737.633365
5.1113,15,738.182019
1.854618,6,738.413025
0.3696,2,738.492739
1.468833,5,738.680202
6.842633,18,739.338796
10.725846,32,740.503978
3.129551,10,740.874359
6.463137,18,741.543561
2.215037,7,741.806213
5.793605,16,742.386859
6.277598,17,743.001102
-1.423586,22,743.788896
2.680109,8,744.088813
0.334117,2,744.167132
6.648645,19,744.860404
7.834225,20,745.584514
4.790388,14,746.114043
0.33725,2,746.192988
4.338268,13,746.668152
10.04351,30,747.771102
2.06399,7,748.034628
0.686869,3,748.146939
5.310982,15,748.689243
0.752003,3,748.801872
7.491979,24,749.683174
0.75607,3,749.795805
3.165618,9,750.130646
7.090723,21,750.905796
8.551838,25,751.825732
5.334283,16,752.410888
4.101042,11,752.823645
1.182794,5,753.006292
-8.114135,5,753.19135
2.625846,8,753.484234
5.943346,17,754.126788
6.231627,17,754.74483
4.192874,12,755.1918
0.318765,2,755.270955
3.641215,12,755.716183
8.428372,26,756.673666
2.937693,9,757.004485
15.281176,45,758.662638
-1.745567,24,759.552316
4.150136,12,759.996542
1.436396,5,760.187675
4.068271,12,760.632272
1.869276,6,760.852499
1.020462,4,761.001259
3.003829,9,761.33614
9.364274,28,762.372369
2.95776,9,762.712771
10.021087,25,763.63864
2.451752,8,763.928071
5.030328,15,764.487695
3.235147,10,764.86427
3.024025,10,765.244139
1.396667,5,769.550808
4.422722,13,770.020994
7.540309,21,770.788665
1.878518,6,771.015703
28.386014,89,774.22945
17.042017,49,775.965056
5.704804,16,776.546324
6.739662,19,777.238304
3.330562,37,778.556645
5.822258,17,779.183395
-6.678513,8,779.472834
3.042132,9,779.808648
0.35291,2,779.887494
12.73096,45,781.523293
1.858763,6,781.741007
1.074287,4,781.888865
4.192531,13,782.34956
17.163056,47,784.08138
9.392605,30,785.169643
3.490828,11,785.577003
5.40882,15,786.107497
6.960796,19,786.788842
3.415971,10,787.14102
-6.071759,11,787.548461
4.511888,17,788.166361
5.448099,16,788.768811
1.528791,5,788.963139
9.196226,25,789.87082
17.346528,43,791.407023
4.760085,43,792.979646
7.507542,19,793.680155
1.54613,5,793.87551
20.922333,60,796.04756
4.607067,13,796.527007
4.179688,12,796.952354
-7.800835,6,797.179815
4.061511,10,797.54962
6.777206,19,798.255954
2.719396,9,798.606907
1.999767,7,798.869338
1.855519,6,799.105195
1.767949,6,799.325952
4.149739,12,799.763966
3.988679,11,800.171476
2.097833,7,800.437084
1.895829,6,800.667498
4.576751,14,801.169997
14.781062,72,803.799097
5.483989,15,804.36445
12.826426,37,805.723269
9.820862,27,806.709937
-6.584928,9,807.047841
4.772812,14,807.578219
28.997359,74,810.264531
17.233154,71,812.773294
2.47161,8,813.068279
-5.34588,12,813.52861
13.569009,35,814.790155
4.1871,13,815.253838
3.825097,12,815.705259
12.549799,38,817.062991
5.980646,16,817.655358
2.354533,7,817.91522
4.455008,14,818.423332
17.083949,42,819.958779
16.663611,46,821.610362
27.392448,61,823.775596
23.158201,73,826.366995
4.830554,13,826.837978
6.184894,18,827.499581
3.980596,12,827.947253
16.825391,44,829.544473
0.346007,2,829.622203
6.796128,20,830.36102
5.845185,17,831.022364
0.358774,2,831.099564
18.717827,52,833.028388
2.930998,8,833.317067
12.404684,66,835.716932
6.409462,20,836.439863
-2.003346,22,837.221443
13.372313,70,839.734211
4.887688,14,840.265399
2.820994,8,840.551283
4.702935,13,841.04326
4.235494,13,841.499888
4.292177,13,841.957373
0.370256,2,842.035023
4.502849,14,842.534111
29.962183,92,849.920276
-7.13518,8,850.202173
4.989255,17,850.800898
6.997647,20,851.535321
0.695168,3,851.648113
3.414377,38,853.013158
4.234859,13,853.481831
-4.27048,15,854.020759
-7.787144,6,854.240726
21.147014,65,856.57656
6.426235,16,857.156635
2.917992,9,857.478602
3.441511,10,857.837207
-7.384454,7,858.094941
13.175049,39,859.474679
5.582552,18,860.12808
-6.668093,9,860.460033
22.172933,64,862.752842
1.573974,5,862.936649
27.894752,62,865.179927
-1.016509,26,866.103386
8.155824,25,866.990136
-7.936152,5,867.18449
23.804251,67,869.541159
-1.829684,23,870.360293
18.097158,58,872.416362
-5.334086,12,872.857874
10.035743,74,875.478285
6.243226,19,876.147999
2.869486,9,876.470546
-3.678963,17,877.092481
6.852746,20,877.815135
23.141786,89,881.010211
-3.787888,18,881.684342
17.709218,88,884.815859
15.875603,73,887.417065
13.69128,47,889.082854
19.851063,54,891.018944
-7.781574,6,891.246618
4.223341,13,891.72366
1.774566,6,891.939241
28.027015,82,894.822894
15.49983,44,896.395393
4.102291,11,896.784403
18.326842,85,899.744536
3.119307,10,900.118602
8.815451,23,900.928335
6.250116,18,901.559884
14.447491,46,903.191692
8.109436,24,904.055397
20.034426,61,906.245434
19.19761,59,908.332521
4.994353,15,908.859499
7.849596,30,909.922239
0.326089,2,910.011782
23.252183,86,913.042124
9.761835,65,915.345527
18.628199,85,918.382684
18.1057,61,920.558632
6.645414,49,926.422606
1.44258,5,926.603466
3.947081,11,927.014873
15.915993,84,929.988632
0.297058,27,930.953232
4.115519,12,931.397634
12.891992,90,934.616883
3.955326,12,935.046244
17.029263,46,936.649104
2.018349,7,936.919749
2.725356,35,938.155282
31.303148,90,941.320256
34.931892,68,943.703061
20.436512,79,946.468816
26.556635,75,949.093436
-2.202069,21,949.857118
17.961915,85,952.817051
21.598195,92,956.071169
4.755039,15,956.607211
17.050356,52,958.443305
4.56937,12,958.878283
7.125401,20,959.59374
3.37619,33,960.735292
-7.591959,6,960.96105
3.422095,10,961.319512
26.308569,96,964.693443
30.850335,90,967.856382
8.702429,48,969.584567
13.569525,39,970.975758
14.07215,75,973.601467
21.158818,69,976.065276
-3.496745,20,976.768325
-4.892023,14,977.261348
7.538875,46,978.885713
3.981785,11,979.28158
2.245129,33,980.49541
20.033819,76,983.194336
3.185964,10,983.562934
31.434607,126,988.003075
16.212887,74,990.612096
11.717853,109,994.427543
18.129663,83,997.349542
4.248735,13,1001.990686
16.759963,44,1003.546825
-4.548609,14,1004.047693
14.189039,42,1005.50108
14.773018,48,1007.196303
-4.520297,16,1007.768204
32.794501,82,1010.616436
17.11985,81,1013.444325
0.368627,2,1013.522239
22.222498,91,1016.734786
-8.035573,5,1016.913518
2.872598,9,1017.23185
21.362508,117,1021.344289
23.130901,58,1023.398912
17.391381,78,1026.160185
33.850426,92,1029.380161
32.549873,85,1032.391356
21.543917,63,1034.602088
30.250912,72,1037.137841
30.774101,63,1039.387438
17.135365,101,1042.918078
20.580242,77,1045.619932
16.051846,63,1047.824974
3.322033,10,1048.183335
15.619189,76,1050.833816
8.977822,48,1052.513215
33.563995,85,1055.493753
30.561265,90,1058.641194
-2.600477,22,1059.418977
2.221396,30,1060.461729
0.16963,32,1061.607657
16.058743,46,1063.20477
29.431747,107,1067.024311
3.554286,10,1067.38827
7.868925,27,1068.348848
22.568588,109,1072.147709
6.285363,18,1072.80745
27.116479,87,1080.019367
9.284055,53,1081.904819
27.07008,102,1085.507889
5.152239,40,1086.910284
35.151767,94,1090.229321
33.642351,100,1093.747452
-2.193529,20,1094.464632
15.016919,77,1097.190654
31.525443,88,1100.279402
0.642565,29,1101.305757
-5.141563,11,1101.707669
19.030584,84,1104.644547
-7.621337,6,1104.861047
-4.813582,13,1105.321612
15.098364,50,1107.049463
21.917324,84,1110.039109
-6.225263,9,1110.363037
29.905712,96,1113.772257
8.938496,53,1115.612079
-3.757366,16,1116.189577
3.681557,37,1117.464605
-7.113909,8,1117.758572
6.299312,18,1118.384283
26.482948,108,1122.203986
0.84633,32,1123.338632
30.483468,105,1127.062037
20.324106,75,1129.719375
27.350278,81,1132.566523
2.580313,44,1134.094434
17.558558,70,1136.583291
20.168166,83,1139.480008
27.065916,98,1142.929074
-4.264846,15,1143.460013
12.922559,75,1146.072159
27.281774,79,1148.871555
9.962001,60,1155.144874
-2.979206,18,1155.778171
24.606117,55,1157.691057
0.461461,28,1158.705233
23.443304,77,1161.397835
-4.276418,17,1162.011311
29.23425,87,1165.054056
2.633243,36,1166.319279
6.072652,39,1167.699177
9.949299,30,1168.768623
23.625072,72,1171.322207
7.347782,53,1173.160495
4.687042,13,1173.629503
26.73713,87,1176.707962
18.436072,76,1179.368644
8.297516,43,1180.886348
-1.744838,24,1181.746092
6.285021,16,1182.309803
31.424088,78,1185.033251
14.986844,73,1187.584327
26.306019,65,1189.861621
0.686228,30,1190.908738
28.632163,83,1193.793228
14.562928,39,1195.156292
-5.501252,12,1195.577038
7.2361,22,1196.353721
7.526988,20,1197.078636
16.021605,68,1199.485637
27.993558,84,1202.395445
28.175656,96,1205.750352
13.393606,62,1207.919535
19.617367,85,1210.882123
7.485675,47,1212.536768
19.645759,53,1214.415484
19.817751,87,1217.465752
-5.608748,12,1217.890006
1.516139,33,1219.039726
27.867822,96,1222.40872
16.533867,79,1225.186188
-1.155505,27,1226.140838
20.843843,63,1232.514055
7.878675,22,1233.295197
22.204683,95,1236.614774
31.278577,130,1241.164609
19.793346,76,1243.83241
20.710144,51,1245.601499
28.177019,86,1248.603758
3.249099,10,1248.954297
2.654406,41,1250.408306
26.757274,98,1253.820626
-1.435887,26,1254.735615
3.250149,10,1255.085978
8.901721,26,1256.021515
14.833586,85,1258.963421
37.225082,120,1263.191435
26.516138,86,1266.179557
6.568607,22,1266.958877
23.255746,57,1268.942768
27.849512,99,1272.370276
1.182018,4,1272.517433
26.904574,82,1275.381716
21.297151,73,1277.949776
23.544513,99,1281.41672
31.627203,96,1284.741504
34.085497,99,1288.179822
-6.455892,10,1288.535828
38.557221,102,1292.107483
31.604058,122,1296.379168
34.645256,155,1301.837099
18.12148,50,1307.762218
27.073326,107,1311.518236
30.85268,86,1314.554763
12.425902,64,1316.819873
2.082193,38,1318.151402
20.239067,134,1322.873703
26.901594,81,1325.701173
33.273369,60,1327.793544
24.001569,72,1330.308244
27.839297,72,1332.818084
30.023807,80,1335.589653
23.266723,101,1339.103005
29.241176,69,1341.52922
29.24447,95,1344.830014
7.205081,20,1345.530085
34.937304,83,1348.401655
24.031099,76,1351.035326
39.5196,113,1354.964444
9.991982,58,1357.000896
1.353751,34,1358.179123
-4.458501,16,1358.744399
26.488588,71,1361.218513
6.227455,53,1363.085801
-3.695008,19,1363.770781
29.72186,95,1367.088096
7.069762,44,1368.643775
25.27785,77,1371.347846
33.260063,94,1374.665861
36.645535,136,1383.574807
1.327272,32,1384.687653
7.865047,61,1386.852742
28.89288,110,1390.729651
32.029401,88,1393.812569
36.396128,109,1397.610723
20.25462,85,1400.588402
36.190994,100,1404.062496
33.642498,93,1407.314228
31.822777,93,1410.540631
18.572176,78,1413.270474
-5.931446,11,1413.657231
32.604494,96,1417.012093
-1.355057,33,1418.177147
4.79391,39,1419.571034
-5.215814,12,1420.002098
37.769024,98,1423.420642
30.716883,72,1425.92012
-7.175377,7,1426.175576
35.786803,94,1429.471727
17.054112,43,1430.996427
31.917958,109,1434.775254
6.09945,17,1435.369056
37.991932,106,1439.075503
8.181739,24,1439.925625
28.86054,74,1442.546297
15.679532,37,1443.844733
8.434157,23,1444.659249
17.897115,78,1447.41866
30.428237,121,1451.663837
22.199924,68,1458.232442
19.17204,74,1460.805473
21.225186,71,1463.278315
-5.192843,13,1463.750654
4.270952,36,1465.026084
4.628416,13,1465.508769
38.771529,132,1470.117923
18.110564,61,1472.256147
29.78782,69,1474.672161
18.280498,74,1477.281272
13.642938,74,1479.872735
-5.543424,12,1480.293066
14.509217,57,1482.280086
17.496997,61,1484.40546
9.954346,56,1486.375284
3.207572,32,1487.529278
21.829947,91,1490.719097
34.389818,89,1493.865701
-1.099426,23,1494.67325
36.577272,108,1498.43032
29.244113,74,1501.034191
28.398036,72,1503.562074
-6.14477,9,1503.884222
31.875755,85,1506.863404
24.046821,75,1509.503239
38.529347,90,1512.67446
27.622827,69,1515.103374
7.233022,20,1515.810755
-5.29324,12,1516.232907
27.905383,79,1519.012389
52.929026,136,1523.765985
19.944945,66,1526.087652
16.028725,53,1527.948267
29.779032,77,1534.801492
29.122498,82,1537.697181
30.846726,79,1540.511062
11.449967,56,1542.482578
36.898813,98,1545.890973
27.461378,85,1548.847937
8.776567,26,1549.741931
27.362217,67,1552.113575
34.425737,133,1556.753888
-4.969877,12,1557.188559
32.111464,111,1561.043585
30.063814,82,1563.900234
33.703634,103,1567.490319
1.557983,34,1568.676819
7.288262,52,1570.482216
48.914857,123,1574.795791
0.425105,29,1575.809911
6.334085,18,1576.430434
-5.464996,12,1576.859204
11.247319,54,1578.749665
31.615461,118,1582.891468
2.163965,7,1583.150418
5.089233,41,1584.563045
10.485492,60,1586.687077
38.593808,107,1590.476592
29.691149,102,1594.046603
44.995004,113,1598.031625
2.848265,36,1599.286794
26.855288,94,1602.59354
-5.45267,12,1603.020579
18.74211,74,1605.623112
-3.005994,19,1610.461585
43.435414,113,1614.397533
20.666439,90,1617.548647
1.429446,42,1619.021837
11.274583,53,1620.874915
25.971523,101,1624.362442
31.440308,60,1626.468191
1.883527,6,1626.688514
30.057718,98,1630.108125
47.373594,138,1634.900078
20.750799,79,1637.638225
44.555218,144,1642.613318
28.124804,115,1646.616598
53.476738,176,1652.73796
39.036911,131,1657.251631
34.404574,176,1663.35062
46.925325,125,1667.659366
42.692004,145,1672.664351
26.282113,92,1675.874519
23.332859,93,1679.149513
-4.336831,15,1679.695741
45.137924,145,1688.839166
9.982095,33,1689.985418
51.573247,160,1695.560764
29.866134,70,1698.021343
17.764376,78,1700.787168
4.592573,40,1702.183122
33.828762,110,1706.048706
8.449126,26,1706.971813
30.216011,91,1710.151509
33.606225,79,1712.897711
27.220567,117,1716.977837
5.781319,16,1717.547769
28.298843,109,1721.351309
14.193169,70,1723.821869
-2.883946,23,1724.628957
-2.714803,21,1725.369608
19.678746,73,1727.909323
23.402363,93,1731.175317
-2.632045,20,1731.881972
20.269458,122,1736.143957
30.212313,95,1739.453425
45.314598,176,1745.56857
8.184227,44,1747.097417
16.880974,72,1749.589042
9.475143,49,1751.290364
3.83582,40,1752.693158
17.67341,48,1754.370312
31.387897,136,1763.189115
54.888776,176,1769.28966
38.9806,158,1774.754122
51.419491,163,1780.403536
26.965679,114,1784.383595
12.067047,51,1786.136675
40.012746,106,1789.787543
0.453444,34,1790.972128
32.591512,120,1795.162636
37.516774,132,1799.73411
27.596198,113,1803.673237
32.683138,93,1806.910434
4.309896,44,1808.44582
28.302621,100,1811.902734
47.359639,114,1815.866283
4.905841,48,1817.530189
26.576198,65,1819.807054
40.194266,146,1824.856523
58.88864,176,1830.938841
54.136659,176,1841.132065
45.198506,115,1845.067585
50.612202,176,1851.094851
53.812087,165,1856.693585
33.152223,90,1859.761408
29.848224,94,1863.016391
22.233753,63,1865.203931
49.05243,148,1870.246548
44.620764,176,1876.26391
9.26325,33,1877.400157
38.731499,139,1882.19454
6.926351,51,1883.948425
29.390441,134,1888.542373
2.728127,37,1889.824348
24.974004,70,1892.220309
1.183782,30,1893.26904
19.305671,75,1895.882363
31.795899,99,1899.325915
31.446993,72,1901.822353
34.525895,166,1911.691298
45.257335,125,1916.014346
47.533165,126,1920.390484
8.7718,66,1922.665411
7.728257,23,1923.460714
37.24218,133,1928.074962
40.24944,96,1931.420731
30.160297,104,1935.002307
50.785145,176,1941.104081
49.150396,176,1947.139109
4.093399,61,1949.265346
24.755071,124,1953.515903
47.390382,176,1959.601114
43.86192,176,1965.661555
50.097348,176,1971.755618
30.723741,116,1975.755642
45.998954,176,1985.995846
27.017644,103,1989.538886
48.412121,144,1994.559115
30.311023,164,2000.161275
22.663443,92,2003.287462
62.214606,176,2009.268305
55.140799,176,2015.368744
5.554161,18,2015.993472
46.635624,176,2022.043762
48.282923,176,2028.083293
7.641454,23,2028.88721
13.892522,51,2030.659595
2.24406,7,2030.909132
51.085121,176,2036.851516
50.313475,137,2041.558211
50.069474,176,2047.591895
56.750952,163,2053.197916
42.775364,165,2062.943149
22.4873,102,2066.453202
55.113927,176,2072.479331
57.275376,176,2078.50926
54.834095,176,2084.546989
52.986153,176,2090.631761
64.478421,173,2096.597917
66.122938,176,2102.655703
2.226298,7,2102.905886
36.23194,81,2105.682721
29.261465,122,2109.890796
47.593138,168,2115.653688
33.32315,131,2120.160614
50.972024,176,2126.199537
50.271019,176,2136.382198
61.185005,176,2142.409426
56.699369,176,2148.45907
61.926036,176,2154.558658
42.124008,176,2160.60927
52.193505,176,2166.676975
3.998652,37,2167.95171
52.766766,176,2173.993366
40.903347,167,2179.734449
-5.007234,15,2180.255233
54.949526,176,2186.320854
37.924819,167,2192.101361
55.436142,176,2198.101495
52.7285,176,2204.091087
43.261659,176,2214.317582
55.672354,176,2220.379581
60.800989,176,2226.437789
62.662869,176,2232.545348
35.157711,111,2236.381911
58.416609,176,2242.436115
28.013322,150,2247.651311
20.255386,103,2251.213655
44.925703,129,2255.66618
22.7887,109,2259.44721
45.342135,153,2264.748688
17.178913,100,2268.210317
52.968732,176,2274.288088
62.936572,176,2284.423862
15.624144,57,2286.398119
-6.124563,12,2286.820189
36.587971,134,2291.461498
49.088306,140,2296.396652
57.86264,159,2301.842538
-7.228083,8,2302.128303
48.517263,176,2308.089661
31.867502,148,2313.143146
13.546944,60,2315.215007
2.243077,46,2316.809129
-3.147662,24,2317.656286
53.283361,176,2323.653438
48.566025,176,2329.734276
66.865539,174,2335.723761
2.668942,36,2336.991807
17.159488,96,2340.2888
68.908586,176,2346.390597
-7.204017,8,2346.691463
52.332945,176,2352.705053
63.410783,176,2362.884533
69.558077,161,2368.473167
30.20267,133,2373.047057
48.422521,176,2379.163159
-3.727751,15,2379.680343
29.965795,140,2384.503612
53.050312,176,2390.569432
53.359781,175,2396.609354
51.199831,176,2402.598019
32.572752,142,2407.490024
52.789391,176,2413.535289
48.938088,176,2419.589301
-2.437262,22,2420.346925
11.738556,63,2422.528311
46.198001,176,2428.568815
48.39926,176,2438.733354
61.338172,176,2444.777843
-3.729495,17,2445.380073
52.032524,176,2451.432049
-7.464465,7,2451.686115
32.587882,137,2456.362774
64.050003,176,2462.355941
61.051812,176,2468.399728
57.90482,176,2474.436268
67.997593,176,2480.452863
50.690405,176,2486.526677
66.270242,176,2492.637324
51.822746,176,2498.68893
54.976934,176,2508.832321
61.999113,176,2514.875962
58.721831,176,2520.962142
58.543211,176,2527.035573
28.607341,125,2531.322345
51.690933,159,2536.800985
60.141743,176,2542.877525
46.331308,176,2548.957945
45.941122,168,2554.727489
3.209756,38,2556.051394
51.773229,176,2562.123022
45.653739,176,2568.176987
66.263224,171,2574.057367
50.32384,176,2584.320961
48.533937,176,2590.348511
56.955675,176,2596.430606
52.171505,176,2602.434759
19.848226,88,2605.450281
2.570077,44,2607.010534
-5.610809,12,2607.443744
54.931178,176,2613.557618
26.775883,103,2617.131081
-0.126707,29,2618.134224
-0.28057,28,2619.096993
47.528267,176,2625.195294
55.22922,176,2631.250472
64.20086,176,2637.27397
18.293359,86,2640.245358
42.371819,176,2646.25807
14.305759,103,2649.805042
1.75236,40,2651.196529
53.293442,176,2661.363507
9.796244,53,2663.20919
-4.038164,16,2663.784996
11.013277,73,2666.282102
62.972581,176,2672.367425
49.174317,176,2678.37475
67.147123,172,2684.320737
49.125624,176,2690.485711
28.667082,123,2694.709322
59.312811,176,2700.742396
-4.050217,18,2701.373493
49.429933,176,2707.444751
52.196695,176,2713.453454
54.068751,176,2719.456392
60.817106,176,2725.464437
47.989323,176,2735.593457
60.433701,176,2741.598236
64.950331,176,2747.638717
48.845747,176,2753.678906
-5.011412,15,2754.211756
27.985681,123,2758.437764
49.97696,176,2764.473934
64.531573,176,2770.532778
56.602521,176,2776.611166
4.383884,13,2777.071774
60.727898,176,2783.109208
1.924109,43,2784.613532
60.524111,176,2790.682694
-0.368766,29,2791.681179
51.583315,176,2797.712202
59.814978,176,2807.871903
64.305087,176,2813.916745
59.885142,176,2819.944004
54.03432,176,2825.946842
60.11986,176,2831.980571
-7.43922,7,2832.228183
57.419057,176,2838.229096
58.069884,176,2844.261466
61.27683,176,2850.271117
63.659016,176,2856.268879
62.004269,176,2862.31217
-5.406041,12,2862.724838
52.531847,176,2868.73894
53.302535,176,2874.691614
52.129634,176,2884.931356
10.594083,28,2885.913734
52.708912,176,2891.919673
18.628351,115,2895.845547
-1.745,20,2896.54615
45.996541,176,2902.644539
0.491272,28,2903.623498
61.556685,176,2909.661764
23.774174,69,2912.105787
1.282725,46,2913.71048
47.878593,176,2919.773511
15.200062,57,2921.714703
50.766174,176,2927.788102
64.987074,176,2933.797015
52.797925,176,2939.812675
24.194872,89,2942.907382
0.332314,22,2943.661586
52.530434,176,2949.739091
53.534919,176,2959.951088
54.702624,176,2965.981052
51.54381,176,2972.012005
9.291406,69,2974.369601
52.724141,176,2980.391611
47.621163,176,2986.398572
46.569424,176,2992.419827
64.798483,176,2998.49164
65.074783,176,3004.570404
50.004219,176,3010.5791
58.556451,176,3016.624671
50.907252,176,3022.716831
53.700372,176,3032.955069
34.685539,130,3037.393198
63.387009,147,3042.413444
39.177589,176,3048.452048
9.806666,66,3050.766856
49.587556,176,3056.783346
62.050293,172,3062.69576
54.149924,176,3068.734041
56.062166,176,3074.757431
-5.129821,14,3075.24537
33.596868,86,3078.226838
52.696411,176,3084.283709
63.785251,176,3090.334825
67.244251,164,3095.946715
37.746108,128,3104.542996
56.217145,176,3110.650152
13.692052,43,3112.137644
60.863938,176,3118.146621
62.22377,176,3124.254624
49.113716,123,3128.498859
41.962609,116,3132.441132
43.403311,148,3137.494688
3.301609,10,3137.837927
57.502774,176,3143.866124
53.007428,176,3149.867997
60.148375,176,3155.948072
64.907997,157,3161.344337
52.364376,176,3167.453114
40.729992,99,3170.912272
3.844277,11,3171.30316
28.579117,88,3174.360461
59.007185,176,3184.552128
5.74688,57,3186.519385
56.51648,176,3192.610049
-6.611477,9,3192.92844
36.653399,154,3198.170937
62.658777,176,3204.210065
30.871221,104,3207.764238
60.645132,176,3213.776807
1.514478,5,3213.958166
46.410497,176,3220.016796
49.945119,176,3226.106548
64.846831,161,3231.6248
57.943118,176,3237.657577
59.633082,176,3243.724017
50.732772,176,3253.90356
57.936005,176,3259.969124
64.359726,172,3265.889299
23.205852,110,3269.683301
57.05506,156,3275.071046
58.522957,176,3281.102588
56.964511,176,3287.132759
56.487754,176,3293.197967
54.701372,176,3299.261379
53.162477,176,3305.277451
64.940364,170,3311.125732
-2.967812,23,3311.927269
57.86143,176,3318.022339
60.576381,176,3328.225956
45.654326,167,3334.049359
58.887942,176,3340.137278
26.679776,90,3343.239173
10.375957,30,3344.27179
60.95984,169,3350.104039
58.803544,176,3356.158673
-0.241512,27,3357.104097
56.276705,176,3363.143416
-2.753611,18,3363.786925
61.190162,176,3369.816713
60.756543,176,3375.8305
64.929528,145,3380.821391
50.966101,128,3385.228365
-7.000443,8,3385.511171
5.778381,16,3386.059823
42.91958,120,3390.195782
57.651004,176,3396.141137
54.228535,176,3406.362626
62.91812,173,3412.351635
56.963107,169,3418.187712
2.927258,9,3418.515664
60.987152,176,3424.564233
57.79474,176,3430.581329
47.276115,121,3434.804618
61.862364,157,3440.181604
55.008116,176,3446.178893
1.935506,6,3446.403828
52.12698,176,3452.393542
13.264635,31,3453.503326
7.455178,23,3454.302042
5.989295,17,3454.892075
26.844709,83,3457.719441
55.56682,176,3463.748248
55.092307,176,3469.811731
51.219654,164,3479.639251
8.201986,26,3480.544825
28.457637,74,3483.086217
64.180438,172,3489.014147
18.939131,47,3490.676415
31.240916,90,3493.802593
14.074847,39,3495.157302
5.276852,15,3495.689217
45.575745,140,3500.55158
31.855798,77,3503.23773
48.055303,132,3507.771369
65.219357,166,3513.442503
54.892032,174,3519.456876
49.979074,176,3525.552323
12.594781,37,3526.84762
33.532572,108,3530.579757
8.91445,23,3531.391169
14.975399,37,3532.655354
58.436598,176,3538.709852
54.95906,176,3544.802425
61.516859,174,3554.998341
5.475751,15,3555.528508
44.796386,123,3559.818586
20.289886,60,3561.926449
52.850726,176,3568.011026
49.628594,176,3574.060146
12.15542,31,3575.146269
13.098073,39,3576.480085
51.554164,176,3582.508385
50.992077,176,3588.572271
51.310187,166,3594.289013
55.425477,176,3600.345226
43.058231,115,3604.358649
48.990056,153,3609.724834
60.11177,176,3615.722657
60.778576,174,3621.672304
9.043582,23,3622.477173
7.697748,22,3627.499562
57.468476,176,3633.562595
51.502043,155,3638.92641
59.255563,176,3645.040739
46.832759,141,3649.921113
40.742532,176,3655.941821
53.800995,176,3661.989745
55.016189,176,3668.082623
34.826874,107,3671.789361
55.623352,176,3677.862306
58.806398,176,3683.890836
48.319594,176,3689.949344
-1.727279,22,3690.719411
4.49258,13,3691.180461
48.948092,176,3697.207244
54.072795,176,3707.448055
24.613587,74,3709.983817
58.166214,176,3716.071002
50.219603,176,3722.12465
10.486092,29,3723.117628
54.657925,176,3729.147816
55.412752,161,3734.66629
16.576815,44,3736.169439
50.757825,176,3742.212098
-4.588945,15,3742.725153
60.418262,176,3748.77351
57.665141,176,3754.832534
55.264268,176,3760.908032
6.468941,43,3762.400332
53.215582,176,3768.510441
54.486496,176,3778.804734
10.11179,53,3780.616706
1.313677,28,3781.585005
56.731416,176,3787.675956
6.237364,17,3788.274594
53.196307,176,3794.351244
54.711986,176,3800.424025
12.116779,61,3802.509674
57.645985,176,3808.619705
57.300368,176,3814.694618
53.999618,176,3820.794529
11.977825,66,3823.072253
22.102207,88,3826.151268
54.081408,170,3832.002283
5.619,45,3833.536219
56.695595,176,3839.545182
59.573193,176,3845.557553
62.342525,176,3855.901288
49.538433,176,3861.951845
57.932569,176,3867.982352
53.988321,176,3874.022095
52.257902,176,3880.010967
49.259671,176,3886.077121
54.674928,176,3892.105516
-5.037017,14,3892.587271
57.307459,176,3898.605605
56.928832,176,3904.627323
61.587385,176,3910.646208
62.633699,176,3916.743459
-4.655933,14,3917.239092
51.798061,176,3927.541215
1.12221,29,3928.546792
46.737849,176,3934.57271
50.527774,176,3940.643655
62.780825,176,3946.735487
25.560907,96,3950.031194
48.379425,176,3956.036029
11.618986,65,3958.297869
43.958608,176,3964.374787
53.877991,176,3970.439168
55.401414,176,3976.427916
14.25212,75,3979.035589
57.181841,176,3985.125694
53.284698,176,3991.209024
59.443565,176,4001.518819
55.475581,176,4007.559995
60.361133,176,4013.675402
57.692481,176,4019.690747
12.762303,57,4021.705159
21.767492,94,4024.92864
10.514915,64,4027.150492
54.126875,176,4033.170091
55.648066,176,4039.16447
-5.447145,12,4039.587335
60.781108,176,4045.577248
53.700271,176,4051.661833
55.771202,176,4057.743184
-3.035616,19,4058.416201
16.162338,78,4061.132009
18.355237,98,4064.536314
6.562562,45,4066.083762
41.93852,168,4076.191694
41.434734,176,4082.259885
56.019017,176,4088.262185
-0.918661,25,4089.125022
-3.385635,18,4089.754435
47.969314,176,4095.794961
16.309124,74,4098.405864
-3.041714,17,4099.017644
50.433953,176,4105.048772
2.397281,33,4106.196022
44.289411,176,4112.235423
48.794014,176,4118.247134
-1.230617,23,4119.036494
46.081349,176,4125.117714
50.312932,176,4131.215578
51.661925,176,4137.295877
54.297399,176,4143.268037
17.247286,94,4150.814167
57.140551,176,4156.821952
54.320815,176,4162.850751
49.68576,176,4168.948025
52.177507,176,4175.024993
56.950473,176,4181.017328
55.688083,176,4187.004547
-6.322547,9,4187.326179
59.67158,176,4193.34693
53.228719,176,4199.427607
47.742794,176,4205.688015
44.34812,176,4211.721032
46.742914,176,4217.735707
39.162928,176,4228.217752
59.102815,176,4234.27381
55.395496,176,4240.281796
-6.16167,10,4240.633929
49.886047,176,4246.659684
51.455604,176,4252.643286
51.129007,176,4258.668892
-4.786408,15,4259.184851
37.762017,113,4263.009283
64.687602,173,4268.872274
51.219241,176,4274.881807
56.221009,176,4280.947868
49.44392,176,4286.95531
48.483144,176,4292.970097
55.385028,176,4303.268924
61.73826,176,4309.321099
-7.07083,8,4309.606546
-4.560695,14,4310.0968
61.440705,176,4316.151758
52.853303,176,4322.235641
23.445914,84,4325.12674
-4.223759,14,4325.602895
-3.916332,16,4326.151992
-5.684412,11,4326.537815
53.30286,176,4332.631384
7.077159,20,4333.321668
6.564544,57,4335.339062
38.769123,176,4341.415456
62.272348,176,4347.579865
65.277108,176,4353.575833
46.635895,159,4359.027989
60.408532,176,4365.0306
60.760112,176,4375.361067
63.886274,176,4381.382046
28.045104,126,4385.722792
11.973507,37,4387.009255
67.226047,176,4393.264222
55.262944,176,4399.283301
68.360078,176,4405.293015
51.230279,176,4411.418931
62.246651,176,4417.340596
55.966381,176,4423.3449
26.332125,91,4426.478605
40.638498,176,4432.447275
30.095325,144,4437.379016
58.605201,176,4443.33715
11.900986,58,4449.590721
56.837239,176,4455.629712
-3.115644,20,4456.315746
63.073281,176,4462.300347
48.871646,176,4468.276199
55.938505,176,4474.274569
52.698953,176,4480.277816
-5.655541,12,4480.682487
58.808441,176,4486.672939
62.648524,176,4492.661363
61.214128,176,4498.660119
-3.522845,19,4499.32998
61.154213,176,4505.269246
-5.202026,13,4505.716751
10.409249,72,4508.195666
51.990014,176,4514.27909
47.984948,176,4524.541479
49.096792,176,4530.538369
68.384192,176,4536.545953
45.023169,176,4542.574103
0.97722,50,4544.319166
58.23904,176,4550.328229
56.279277,176,4556.299609
21.352575,94,4559.490506
6.902428,64,4561.673327
-5.079235,13,4562.134385
57.478916,176,4568.106167
61.707474,176,4574.087925
68.068584,176,4579.989512
57.754503,176,4585.983477
52.923473,176,4591.979936
48.67868,176,4602.25316
43.764777,176,4608.302485
43.11598,176,4614.274322
52.81502,176,4620.272752
-0.271087,41,4621.674053
6.704957,20,4622.375918
59.431837,176,4628.441153
62.743805,176,4634.393004
48.228303,176,4640.317475
-5.600155,12,4640.738406
59.392396,176,4646.673543
-5.193434,13,4647.123133
40.271937,176,4653.079704
4.816909,14,4653.555587
62.170303,176,4659.550428
48.877762,176,4665.578506
53.735381,176,4675.919801
56.843984,176,4681.906076
8.536366,26,4682.793199
47.515225,176,4688.767531
58.666704,176,4694.755738
50.364636,176,4700.764488
55.711355,176,4706.732435
12.649959,36,4707.964541
62.764794,176,4713.934999
11.691361,37,4715.195983
41.416973,176,4721.251226
23.141666,109,4724.9881
61.384849,176,4730.983064
56.205372,176,4736.97172
41.132563,176,4747.119669
13.790658,53,4748.955259
51.054683,176,4754.908858
7.767403,29,4755.895118
46.848785,176,4761.903238
58.098946,176,4767.915318
60.714255,176,4773.89257
52.305829,176,4779.851601
5.458054,17,4780.43013
45.385283,176,4786.428612
53.75213,176,4792.419924
57.97868,176,4798.449332
13.821756,44,4799.967908
34.664523,176,4805.987239
66.535889,176,4812.023678
4.7539,16,4812.578171
14.511009,40,4813.938967
61.104849,176,4824.097656
57.202511,176,4830.080409
40.405345,176,4836.169249
51.289961,176,4842.128804
8.165436,25,4842.98299
56.663351,176,4848.927212
40.348977,176,4854.905558
50.207396,176,4860.925959
38.827188,176,4866.868146
46.897712,176,4872.839722
26.601442,110,4876.617888
49.348278,176,4882.624027
0.654754,37,4883.895394
53.616954,176,4894.141642
50.967973,176,4900.174868
53.561127,176,4906.18149
-5.428599,13,4906.644554
47.15614,176,4912.630148
56.062607,176,4918.652544
44.714505,176,4924.619351
48.160886,176,4930.584506
57.084503,176,4936.616597
59.87894,176,4942.616622
59.164622,176,4948.605938
49.837952,176,4954.622433
55.647029,176,4960.606804
54.155142,176,4970.846627
56.606575,176,4976.863647
51.479923,176,4982.895532
57.450265,176,4988.847582
59.541733,176,4994.926933
49.622528,176,5000.929234
41.451268,176,5006.88486
47.175427,176,5012.875645
9.422379,30,5013.926699
33.961069,176,5019.913223
1.014366,33,5021.043979
53.485064,176,5027.017017
56.181986,176,5033.001454
8.95605,176,5043.240339
4.539387,14,5043.734029
55.597212,176,5049.742038
27.290017,124,5053.968422
8.625478,28,5054.942665
47.105523,176,5060.923438
61.318065,176,5066.977342
50.636292,176,5072.91817
63.672514,176,5078.976474
63.528677,176,5084.978135
62.569917,176,5090.898317
46.358365,176,5096.87046
43.510205,171,5102.761006
52.506501,176,5108.733744
8.650016,23,5109.529863
34.866206,176,5119.723448
10.015174,33,5120.848972
51.942519,176,5126.828058
58.326503,176,5132.755622
40.16865,156,5138.059601
47.074203,143,5143.004438
-2.763744,20,5143.688216
55.046439,176,5149.666605
2.66947,9,5149.978388
45.926306,176,5155.949598
54.781139,176,5161.892534
66.353602,176,5167.842237
62.055949,176,5173.825083
19.932877,101,5177.278143
37.409454,176,5183.245646
58.170615,176,5193.410294
62.381232,176,5199.434203
6.636405,18,5200.054463
30.045592,103,5203.583434
12.166657,34,5204.760318
8.249455,26,5205.646605
54.989854,176,5211.671731
10.843825,36,5212.898472
56.044616,176,5218.86296
17.214711,43,5220.346065
11.066614,45,5221.893915
44.587056,176,5227.905222
9.041505,44,5229.414272
8.159418,25,5230.283082
53.740333,176,5236.244893
36.661628,141,5241.04254
9.116587,24,5241.877054
47.272793,176,5247.862452
48.396416,176,5253.868937
54.226162,176,5263.987243
40.233997,176,5269.903072
63.760469,176,5275.828655
49.870701,176,5281.803228
35.995415,176,5287.789748
39.503772,145,5292.690135
58.126737,176,5298.695152
50.040845,167,5304.370923
45.393357,176,5310.389637
56.572002,176,5316.368869
54.836894,176,5322.340559
35.888695,176,5328.349732
66.704321,176,5338.514955
36.876771,176,5344.456891
54.637805,176,5350.44782
59.29473,176,5356.382511
30.942597,119,5360.403259
53.85676,176,5366.363731
16.290615,54,5368.205336
58.461068,176,5374.152323
45.675427,176,5380.131527
49.781543,176,5386.100887
48.368291,176,5392.072596
22.508089,63,5394.249115
58.151539,176,5400.234902
-2.05485,23,5401.029739
51.400992,176,5411.265433
57.131787,176,5417.183362
28.920114,139,5421.866876
58.03024,176,5427.867
-3.918614,19,5428.529726
50.099508,176,5434.496162
59.521772,176,5440.449546
51.34002,176,5446.426349
49.849183,176,5452.451171
58.301162,176,5458.432591
59.649322,176,5464.440975
54.592577,176,5470.48145
51.154453,176,5476.433156
53.810858,176,5486.643836
7.834697,25,5487.512549
44.249157,176,5493.58537
64.598608,176,5499.603492
46.578123,176,5505.583956
57.004255,176,5511.564857
60.213859,176,5517.648642
61.217011,176,5523.603903
19.164207,89,5526.600076
45.815333,176,5532.621584
59.777228,176,5538.644729
57.604923,176,5544.635057
28.444746,155,5549.90646
50.86287,176,5560.068211
53.024952,176,5566.038715
59.590066,176,5571.982241
57.244898,176,5577.979008
35.046419,120,5582.087224
49.676358,176,5587.943727
54.378253,176,5593.894648
48.377789,176,5599.875291
58.357332,176,5605.827189
58.674891,176,5611.725596
49.056268,176,5617.72657
49.597526,176,5623.669588
9.985612,74,5626.215204
43.005935,176,5636.42697
56.953246,176,5642.454672
34.03225,120,5646.53574
42.717824,144,5651.413876
44.223568,176,5657.372234
-3.709527,20,5658.051539
57.79468,176,5664.01597
12.488052,81,5666.777582
38.309154,176,5672.698746
37.207587,176,5678.618285
27.201165,115,5682.537451
56.323993,176,5688.518822
14.095976,104,5692.055649
2.61058,9,5692.367514
49.247453,176,5698.359249
44.664554,176,5708.584541
49.580174,176,5714.550786
23.308672,113,5718.372077
58.781513,176,5724.359023
52.742164,176,5730.333863
19.786026,100,5733.743654
61.545243,176,5739.68249
51.030836,176,5745.560121
58.213254,176,5751.461595
61.417313,176,5757.430143
54.624911,176,5763.384072
58.770324,176,5769.374869
50.415312,176,5779.564715
0.740007,3,5779.673991
61.283646,176,5785.530491
46.889233,176,5791.443916
46.917621,176,5797.415584
48.662054,176,5803.38242
12.037968,41,5804.782312
49.335682,176,5810.720275
40.176933,176,5816.69278
59.731312,176,5822.697457
43.188668,176,5828.598424
52.822042,176,5834.538636
47.188991,176,5840.573272
57.802584,176,5846.475904
49.75298,176,5856.622456
56.484657,176,5862.542797
52.374827,176,5868.481364
46.194057,176,5874.518713
50.706496,176,5880.463433
50.308167,176,5886.422076
60.520004,176,5892.386163
51.954563,176,5898.28966
60.702736,176,5904.272991
62.814965,176,5910.215718
62.079293,176,5916.138744
3.723486,11,5916.539207
23.510214,156,5921.849697
62.44558,176,5932.096117
45.587311,176,5938.094252
5.461986,68,5940.407834
7.42374,31,5941.454273
6.00045,18,5942.071639
59.05387,176,5948.008875
59.448312,176,5953.933691
3.548544,11,5954.308282
29.341459,176,5960.209337
56.119629,176,5966.171493
58.377718,176,5972.093516
18.449461,106,5975.706374
6.930089,24,5976.535771
6.121238,176,5982.39771
9.902806,33,5983.5401
51.923854,176,5989.55176
66.609158,176,5999.7739
58.48962,176,6005.743036
51.974086,176,6011.661417
7.482457,53,6013.443997
63.612356,176,6019.319286
25.518738,121,6023.428486
38.852386,171,6029.157394
45.592174,176,6035.097229
14.347125,82,6037.850846
14.588509,42,6039.281784
61.160721,176,6045.257786
23.517012,78,6047.864954
62.889087,176,6053.751375
58.565021,176,6059.646396
59.603729,175,6065.564433
58.081212,176,6075.753991
48.044271,176,6081.682325
20.850394,118,6085.701826
59.550678,176,6091.596591
6.471649,72,6094.038428
-4.850321,16,6094.588888
48.149884,176,6100.51915
61.41974,176,6106.395119
32.691055,176,6112.40857
50.3991,176,6118.342093
9.201222,71,6120.77113
15.015302,86,6123.671311
22.437021,67,6125.943984
55.138068,176,6131.863438
63.135015,176,6137.781771
-0.454575,39,6139.100884
7.634896,22,6139.84085
52.043939,147,6149.087013
53.527125,176,6155.016401
25.044007,103,6158.476551
53.738298,176,6164.483005
42.500566,176,6170.3767
60.678393,176,6176.232342
15.753765,55,6178.076916
59.550645,176,6183.987927
18.533137,70,6186.372152
51.430885,176,6192.322691
51.692566,176,6198.213213
58.205912,176,6204.175835
28.428636,131,6208.583645
9.910166,78,6211.223342
3.359237,10,6211.56435
5.950842,19,6212.219467
13.3561,68,6214.514533
54.485189,176,6224.707267
47.135025,176,6230.592813
54.212689,176,6236.542152
51.81076,176,6242.449916
1.908655,36,6243.665097
51.612862,176,6249.537849
57.980624,176,6255.435606
-5.999445,12,6255.838058
63.01874,176,6261.723238
51.750033,176,6267.658721
-6.242231,10,6268.004548
56.853795,176,6273.927804
54.389654,176,6279.803409
52.3361,176,6285.734145
-5.244666,16,6286.290184
63.184104,176,6296.56535
58.411852,176,6302.540854
51.701074,176,6308.497285
63.783159,176,6314.397973
55.182632,176,6320.336177
50.064117,176,6326.321635
7.314133,21,6327.034161
41.668897,176,6332.979837
7.880747,21,6333.706512
29.662508,143,6338.544561
18.135211,102,6341.981217
8.789101,56,6343.873405
53.60151,176,6349.777212
-3.54173,24,6350.607327
67.048021,176,6356.517609
-1.644365,25,6357.377583
66.259163,176,6367.555051
5.448271,14,6368.029039
54.370443,176,6373.964152
-4.923025,16,6374.521273
48.186483,176,6380.420897
57.840073,176,6386.316194
5.323987,19,6386.969703
24.015784,118,6390.900173
-2.195877,35,6392.098938
53.462934,176,6398.082107
38.400761,167,6403.742029
18.248509,89,6406.753793
56.342444,176,6412.740818
42.329883,176,6418.69835
38.554507,98,6422.010186
1.45437,5,6422.184989
8.906594,24,6422.996267
5.45021,19,6423.634131
12.592317,39,6424.94439
13.753253,78,6427.568322
46.346964,176,6433.501516
18.614163,42,6434.92479
14.305012,94,6442.394453
33.169654,136,6446.950436
67.351209,176,6452.822978
-0.460316,41,6454.193376
19.615794,113,6458.002205
47.980831,176,6463.910534
56.201345,176,6469.841707
-3.039497,21,6470.553855
64.611702,176,6476.481802
35.67054,116,6480.367882
15.202496,94,6483.515504
31.091444,114,6487.374467
20.606517,55,6489.215165
58.73129,176,6495.157149
58.453691,176,6501.147036
1.577338,38,6502.44553
9.352107,29,6503.446164
63.298704,176,6513.632561
61.601133,176,6519.563774
8.353393,27,6520.494329
-6.057455,12,6520.912317
4.126269,14,6521.392136
55.682683,176,6527.24693
38.282289,157,6532.483226
63.884324,176,6538.339594
55.045298,176,6544.171458
12.832507,113,6547.928785
55.663976,176,6553.86452
-7.118279,8,6554.155387
67.150385,176,6560.051583
1.208249,36,6561.288084
64.358659,176,6567.211141
16.280445,103,6570.657017
6.314751,20,6571.347876
62.001869,176,6577.184254
14.962865,93,6580.277688
-5.896592,176,6590.480138
51.011726,176,6596.324877
6.474172,16,6596.87954
9.452993,56,6598.76337
5.598646,18,6599.375823
14.143214,34,6600.53086
10.700562,31,6601.579273
42.233169,155,6606.788548
55.020707,176,6612.70237
64.367777,176,6618.614673
12.910486,39,6619.932082
-5.864481,11,6620.306571
4.606876,12,6620.706026
15.850423,96,6623.908867
45.487998,151,6628.956394
4.928118,16,6629.50883
17.035825,55,6631.358641
1.417039,5,6631.533018
10.424579,38,6632.805795
2.535871,39,6634.128288
8.427083,64,6636.310708
5.819214,16,6636.85288
18.82088,93,6639.976299
22.843154,109,6643.664901
-0.257658,34,6644.83251
59.37222,176,6650.770299
-1.895824,28,6651.714242
11.508261,31,6652.811099
13.570529,92,6660.193053
60.642114,176,6666.058911
-6.487746,10,6666.397331
35.732128,165,6671.903337
19.497632,107,6675.499374
5.541424,16,6676.039819
36.634032,168,6681.695113
3.635288,11,6682.069995
51.301235,176,6687.953267
31.991498,121,6692.009052
25.071039,109,6695.64127
60.783002,176,6701.50876
62.380975,176,6707.428093
64.212601,176,6713.346076
55.454951,176,6719.199276
10.555793,91,6722.262865
56.753048,176,6732.362655
3.500548,34,6733.517167
5.459121,17,6734.090416
5.587365,16,6734.631377
55.004103,176,6740.498466
68.55467,176,6746.347373
57.783738,176,6752.218868
58.285641,176,6758.0952
58.04085,176,6763.985648
53.140034,176,6769.854645
57.225484,176,6775.752997
14.830853,90,6778.763205
53.700348,176,6784.654745
5.929113,19,6785.307301
59.625946,176,6791.21298
57.060433,176,6797.130615
20.730092,94,6804.508291
2.964001,9,6804.820083
2.958383,45,6806.343726
62.446878,176,6812.145714
23.169849,85,6814.983321
53.886615,176,6820.845801
-7.668784,6,6821.058914
49.890405,176,6826.969748
42.656537,163,6832.439873
54.201089,176,6838.379156
55.124852,176,6844.269953
-6.867058,9,6844.581089
3.096761,48,6846.184863
61.089066,176,6852.085049
60.560308,176,6857.914194
67.033663,176,6863.804247
5.969205,48,6865.472223
64.067568,176,6871.320049
21.139643,107,6879.21237
7.004843,22,6879.970495
63.579672,176,6885.815495
7.213122,23,6886.58114
40.881197,176,6892.521969
5.764889,16,6893.058353
63.624267,176,6898.923488
55.994154,176,6904.841506
60.501246,176,6910.759448
5.093911,15,6911.275458
58.507693,176,6917.196178
4.665829,15,6917.721673
57.755351,176,6923.57417
59.332924,176,6929.420324
57.091659,176,6935.375761
58.028167,176,6941.383002
54.728017,176,6951.480543
1.122289,4,6951.620969
-3.59704,21,6952.351418
60.448872,176,6958.198101
-1.704993,28,6959.150471
6.618728,19,6959.782114
0.784666,45,6961.288075
30.444714,98,6964.569053
6.904427,21,6965.281351
52.155253,176,6971.180337
57.610886,176,6977.087504
44.35662,176,6983.006538
58.455039,176,6988.910893
48.93984,159,6994.235047
63.344323,176,7000.105997
44.538804,176,7006.04885
32.051236,176,7011.970121
-1.876003,25,7012.816508
55.982729,176,7018.688044
55.41723,176,7028.783167
13.36725,80,7031.472454
56.709315,176,7037.314703
26.107603,84,7040.175307
7.95301,65,7042.359389
45.362741,139,7047.029307
-2.175007,27,7047.951026
55.591988,176,7053.851938
-1.888601,25,7054.696833
54.771056,176,7060.529975
54.905994,176,7066.398804
27.643696,132,7070.834831
53.946413,176,7076.676696
59.396702,176,7082.529251
3.014889,10,7082.871576
53.17944,176,7088.712111
1.996366,44,7090.216372
5.457283,17,7090.811685
3.661821,13,7091.263465
45.531089,158,7100.783162
54.217963,176,7106.604628
0.710913,3,7106.711509
57.098493,176,7112.640299
53.670727,176,7118.513562
22.774203,74,7120.985979
54.76555,176,7126.867849
53.454529,176,7132.651772
53.685467,176,7138.538069
56.302087,176,7144.401712
56.861542,176,7150.290128
11.435492,94,7153.422602
58.559826,176,7159.219939
50.101311,176,7169.402175
44.110925,176,7175.250727
56.323984,176,7181.154819
51.01087,176,7187.03101
7.536144,23,7187.826527
57.769443,176,7193.720376
58.126793,176,7199.591358
55.760802,176,7205.483304
8.230391,61,7207.541156
21.336494,69,7209.868885
-1.552004,29,7210.864269
2.988047,38,7212.150609
51.664813,176,7218.048249
61.316546,176,7223.86612
50.902296,176,7229.768341
8.318592,64,7231.917878
49.39361,176,7242.064341
47.478189,176,7247.935589
-0.138284,30,7248.952932
15.287976,50,7250.621596
10.869465,79,7253.239573
58.166978,176,7259.077003
29.956357,103,7262.550783
54.742056,176,7268.490305
13.596519,80,7271.19557
50.462307,176,7277.098068
54.200894,176,7282.944112
58.664939,176,7288.821361
53.394437,176,7294.665301
-1.371078,25,7295.512842
7.680734,59,7297.479467
-1.210329,26,7298.364292
-1.408022,26,7299.244812
-2.829788,22,7299.988443
50.605767,176,7305.867065
-7.119677,8,7306.140837
-3.269802,20,7306.814105
10.593022,36,7308.035402
55.070043,176,7318.202036
23.476435,130,7322.568841
53.144514,176,7328.460664
-5.257391,12,7328.864267
51.919372,176,7334.711544
47.048829,176,7340.621133
-7.292417,7,7340.860888
1.863862,31,7341.907596
0.280887,30,7342.931963
43.63932,176,7348.815905
7.290806,73,7351.28936
10.425329,66,7353.498337
53.405687,176,7359.400245
54.603533,176,7365.335244
43.603022,143,7370.150541
11.470192,38,7371.430229
-7.537403,7,7371.675575
-1.496868,24,7372.4927
30.56533,93,7375.585615
49.754728,176,7381.37408
53.204506,176,7391.561059
59.81031,176,7397.488326
59.585893,176,7403.42474
49.308926,176,7409.353291
56.506749,176,7415.196972
55.493896,176,7421.078161
-6.416737,9,7421.396281
8.458702,60,7423.397359
-7.51302,7,7423.641005
57.609832,176,7429.534188
-6.542142,9,7429.845907
3.384991,46,7431.428829
55.373002,176,7437.341321
1.603233,35,7438.531321
52.294013,176,7444.441061
56.170783,176,7450.275966
45.630393,176,7460.570919
56.17069,176,7466.492657
51.889271,176,7472.382515
56.976442,176,7478.321163
45.015909,163,7483.767863
63.396661,176,7489.600258
-2.827933,22,7490.363307
57.848285,176,7496.217261
59.536887,176,7502.107037
45.287226,152,7507.241744
35.284547,113,7511.029952
54.377635,176,7517.063635
42.624508,168,7522.571888
60.017545,176,7528.477536
-7.433755,7,7533.044847
49.00401,176,7538.865931
40.229153,154,7544.022815
6.219965,17,7544.610834
25.794197,95,7547.801294
58.99706,176,7553.681738
56.069877,176,7559.515155
65.149892,176,7565.35018
36.056675,160,7570.69988
56.350847,176,7576.596606
5.214312,16,7577.155908
-4.034889,18,7577.770365
50.530936,176,7583.73058
57.715634,176,7589.560296
6.042444,18,7590.170221
56.587347,176,7595.997879
59.105122,176,7606.197221
-5.586895,11,7606.583139
14.911696,86,7609.482408
11.239392,33,7610.594338
39.93242,144,7615.444789
53.799511,176,7621.307477
57.895018,176,7627.20315
59.351521,176,7633.036576
10.711137,67,7635.26977
44.831004,176,7641.165285
-2.528975,21,7641.861759
-6.506397,9,7642.163953
58.242917,176,7648.030499
60.260534,176,7653.837668
-5.623306,11,7654.205508
43.637875,174,7660.002394
57.472209,176,7665.958484
-5.913651,12,7666.375372
-7.185231,8,7666.652112
58.769743,176,7672.580704
52.319735,176,7682.819851
56.752494,176,7688.703913
35.422295,176,7694.54935
-5.192553,14,7695.032545
57.040314,176,7700.928049
56.991513,176,7706.834938
-6.940577,8,7707.107128
51.818826,176,7712.963172
59.668645,176,7718.810582
55.632122,176,7724.672078
48.698502,176,7730.578019
54.802676,176,7736.454151
31.115408,142,7741.220736
56.421014,176,7751.469198
56.223326,176,7757.347391
10.173149,52,7759.090651
1.620324,42,7760.520621
62.017134,176,7766.386294
1.372832,5,7766.560356
52.877824,176,7772.403769
52.717551,176,7778.233536
-0.622913,29,7779.232548
46.993117,176,7785.173913
5.703427,19,7785.83883
4.155759,58,7787.786169
13.336743,102,7791.209357
8.319832,24,7792.018601
-6.979176,8,7792.289554
56.529414,176,7798.134049
-6.51224,10,7798.476547
-1.569586,28,7799.424877
59.632171,176,7805.363481
32.33593,121,7809.429246
35.857758,151,7814.462326
3.16169,42,7815.89149
61.825647,176,7826.119311
-4.373596,17,7826.713057
47.753638,176,7832.561184
55.049851,176,7838.442706
60.443805,176,7844.343383
57.25524,176,7850.202022
6.159041,19,7850.834348
6.455471,19,7851.478552
4.052051,14,7851.966048
40.047368,176,7857.851433
-4.985997,15,7858.368339
48.720152,176,7864.266495
59.574722,176,7870.121575
52.433293,176,7875.965789
52.899924,176,7881.967646
54.32681,176,7887.852469
1.766694,6,7888.068602
6.912138,27,7889.003926
55.122463,176,7899.225727
52.825094,176,7905.084286
56.81004,176,7911.001395
17.702876,62,7913.117218
58.830788,176,7918.99396
3.145854,11,7919.368041
40.130721,176,7925.245873
1.673482,6,7925.452513
55.4339,176,7931.362689
6.190007,19,7932.007562
55.307075,176,7937.911116
-5.560928,14,7938.387303
56.581187,176,7944.334679
50.276015,176,7950.227701
32.564288,143,7955.023477
36.451934,176,7960.911009
51.983302,176,7971.134378
59.383434,176,7977.05318
52.56319,176,7982.91783
50.235364,176,7988.725929
48.090756,176,7994.54425
-2.447309,21,7995.243328
61.48325,176,8001.093177
51.588503,176,8006.934086
60.877056,176,8012.763377
45.290039,176,8018.599911
49.216001,176,8024.48438
47.053497,176,8030.388153
6.397297,16,8030.926665
-3.284075,19,8031.563489
50.51855,176,8037.449697
58.470402,176,8047.665873
37.208037,176,8053.503479
5.268906,18,8054.11219
34.41588,126,8058.317466
35.84523,176,8064.140828
57.216625,176,8069.997168
46.702091,172,8075.774474
54.750645,176,8081.627567
53.134688,176,8087.455663
38.141556,176,8093.295868
37.343416,176,8099.106049
45.736031,176,8104.964742
-5.743988,11,8105.348126
15.035342,59,8107.352077
-4.40425,18,8107.964497
52.567358,176,8118.237681
8.443378,24,8119.041624
54.380319,176,8124.878915
66.687258,176,8130.688623
47.772696,176,8136.565927
57.458819,176,8142.48102
8.377534,24,8143.294847
52.132122,176,8149.146234
46.524115,176,8155.012505
53.11886,176,8160.861887
31.786337,172,8166.707455
-7.253078,9,8167.014688
4.685914,62,8169.081999
55.372135,176,8174.991453
61.798612,176,8180.834611
54.466588,176,8190.992535
67.242692,176,8196.907864
60.925794,176,8202.810504
6.245679,21,8203.522658
31.779817,147,8208.42309
54.603982,176,8214.333666
54.394565,176,8220.219295
55.604873,176,8226.074189
66.424248,176,8231.900737
61.295849,176,8237.830317
58.277743,176,8243.701338
53.154497,176,8249.536329
60.50103,176,8255.511328
49.898399,176,8265.656687
63.550424,176,8271.555177
51.273028,176,8277.428276
48.251333,176,8283.297576
57.139547,176,8289.136972
59.089663,176,8295.015164
55.281063,154,8300.172382
14.154743,40,8301.517726
56.858974,176,8307.329684
-7.430976,8,8307.606435
14.571068,81,8310.315885
-3.321075,22,8311.067162
8.825487,27,8311.975209
64.663891,176,8317.855289
60.977338,176,8323.77088
61.156871,176,8333.967976
19.521068,57,8335.893832
10.15664,54,8337.719454
14.357931,82,8340.475545
-1.0611,22,8341.219547
56.87163,176,8347.115922
71.070602,166,8352.660521
69.143648,176,8358.521595
55.419451,176,8364.499573
60.868946,176,8370.395089
60.722817,176,8376.339062
6.920327,61,8378.399169
56.861849,176,8384.308026
51.926902,176,8390.188485
-3.024892,23,8390.963709
44.975647,176,8396.802768
41.272617,176,8406.972606
60.123789,176,8412.863264
8.06669,47,8414.446484
60.400388,176,8420.417965
48.50491,176,8426.273722
4.871372,16,8426.823854
3.531892,36,8428.033
56.972808,176,8433.910851
62.352515,176,8439.812047
9.437054,28,8440.752017
46.366128,176,8446.673087
-0.373214,22,8447.423217
51.329077,176,8453.353932
59.32477,176,8459.288882
61.021622,176,8465.099065
66.017305,176,8470.8955
55.591857,176,8481.044135
62.158905,176,8486.875913
52.334032,176,8492.732956
62.590698,176,8498.60797
49.19128,176,8504.473148
53.29643,151,8509.544436
6.707621,28,8510.492285
1.837216,6,8510.706884
50.507924,176,8516.621996
56.881275,176,8522.498057
14.306598,46,8524.062007
54.158615,176,8530.003919
5.750955,16,8530.551331
62.38552,176,8536.406402
51.71107,176,8542.249763
43.280421,176,8552.436417
54.733611,176,8558.30001
55.901924,176,8564.174137
10.112217,31,8565.22715
48.250457,176,8571.026322
59.192597,176,8576.829554
6.411042,22,8577.566259
37.202868,176,8583.463475
57.639683,176,8589.320198
54.483892,176,8595.158938
55.902408,176,8601.074025
54.01155,176,8607.04649
56.490992,176,8612.898811
53.600774,176,8618.728537
56.815938,176,8628.834909
61.584437,176,8634.739841
36.500998,176,8640.67801
66.59201,176,8646.571545
68.926698,176,8652.49061
15.005492,93,8655.620812
61.52314,176,8661.523878
59.73262,176,8667.433867
-3.999284,20,8668.122496
58.029692,176,8674.009782
56.235305,176,8679.933138
36.985047,104,8683.420248
65.020795,176,8689.317202
59.36752,176,8699.537114
40.387277,176,8705.454374
58.05937,176,8711.376084
53.500604,176,8717.291243
56.730117,176,8723.117794
26.912118,104,8726.638372
1.042846,4,8726.778595
2.219482,8,8727.065765
-4.523939,16,8727.605979
16.622721,85,8730.475174
2.969831,46,8732.055971
-2.188313,20,8732.73814
43.612791,176,8738.614332
54.350084,176,8744.496543
21.375097,105,8748.0069
24.950873,176,8753.990403
48.826419,157,8759.305914
58.764566,176,8765.259003
43.874203,176,8775.431951
14.59571,54,8777.228694
39.709072,176,8783.049206
4.988632,19,8783.687525
64.812208,176,8789.588157
42.961801,176,8795.399089
58.526678,176,8801.28525
1.050728,4,8801.430693
6.556271,26,8802.325451
21.358552,68,8804.604671
2.390738,8,8804.892069
43.884643,176,8810.730359
19.925518,78,8813.372166
49.051144,176,8819.265328
50.957977,176,8825.185105
53.469347,168,8830.832407
7.140383,20,8831.503139
53.942281,176,8837.416895
5.583141,18,8838.032009
60.632036,176,8848.290669
2.000509,38,8849.575867
60.22061,176,8855.470857
49.100699,176,8861.364845
43.525399,176,8867.273777
-3.014746,22,8868.026149
1.082421,4,8868.168815
53.69866,176,8874.083616
7.835888,31,8875.134502
7.538791,22,8875.885569
21.021526,79,8878.556473
49.71393,176,8884.465869
50.135828,176,8890.356373
10.354243,29,8891.333052
56.113664,176,8897.238127
54.035618,176,8903.088295
5.780256,20,8903.772147
7.327592,27,8904.681215
59.121993,176,8910.567114
14.093445,44,8912.060188
27.419706,123,8920.590412
58.273927,176,8926.415707
32.231416,146,8931.240907
49.132025,176,8937.108196
50.325197,176,8942.908706
63.382698,176,8948.762204
69.979693,176,8954.671245
49.033244,176,8960.57407
46.447218,176,8966.499518
57.051197,176,8972.367259
68.034587,176,8978.386026
61.350705,176,8984.787678
41.526192,160,8995.979877
25.536062,79,8998.960998
9.797421,78,9001.871805
8.215013,34,9003.127856
49.42197,176,9009.575679
15.259491,68,9012.007466
16.552786,61,9014.198519
6.837891,24,9015.056625
54.458097,176,9021.477609
0.701287,3,9021.596181
19.157289,71,9024.190196
4.529394,17,9024.829281
57.683155,176,9031.183489
6.535978,20,9031.925394
48.388501,176,9038.326911
5.948286,21,9039.087214
12.728063,41,9040.548845
64.721916,176,9046.831781
51.149545,176,9053.079604
16.854476,50,9054.877831
6.451592,24,9055.753486
56.809437,176,9061.961575
38.266161,155,9072.484099
54.059926,176,9078.839922
56.922966,176,9085.183194
67.55908,176,9091.517036
45.773219,176,9097.826803
45.136761,176,9104.101091
11.880704,84,9107.056171
15.85256,55,9109.083959
51.579492,176,9115.574914
51.754803,176,9122.059747
-4.840617,16,9122.644053
-5.004312,17,9123.297093
24.145408,129,9128.031499
47.244659,176,9134.218607
49.58272,176,9140.410483
60.137148,176,9151.624104
2.202185,52,9153.470997
1.740671,6,9153.692014
60.197771,176,9159.976908
13.330339,52,9161.899527
7.488969,33,9163.110628
44.652121,176,9169.533875
57.470132,176,9175.923764
60.934169,176,9182.124144
52.183381,176,9188.325544
14.392242,57,9190.347733
8.529164,29,9191.36715
5.532935,18,9192.005037
19.358968,75,9194.650369
6.791193,19,9195.32705
49.750429,176,9201.477877
22.380167,83,9204.413923
3.994404,13,9204.878648
52.281204,176,9211.089792
12.829276,52,9212.936538
50.65984,176,9219.088214
