#{"t_start": 1774709712.1878788, "env_id": "continuous-exit-v0"}
r,l,t
-8.064523,5,6.514978
0.311285,2,6.604503
0.323685,2,6.691779
0.332081,2,6.775365
1.355754,5,6.980627
2.473521,8,7.300678
0.383147,2,7.389517
0.358825,2,7.46549
-5.995231,9,7.810183
0.356679,2,7.88771
1.321659,5,8.0927
0.363587,2,8.168761
1.401397,5,8.361994
1.317243,5,8.560222
0.341914,2,8.646457
-6.972397,7,8.925632
1.059638,4,9.0781
1.831099,6,9.316511
4.019884,12,9.785554
0.679642,3,9.905709
-7.760457,5,10.102289
1.641605,6,10.332881
2.066713,7,10.619063
1.347041,5,10.816149
0.381127,2,10.90293
0.331307,2,10.990023
-8.742535,4,11.16484
-8.252356,5,11.352932
1.257593,5,11.551821
-4.562323,12,11.995424
1.897185,6,12.235049
0.330449,2,12.326678
2.0728,6,12.570447
3.262979,9,12.914393
0.313015,2,13.004158
0.327049,2,13.081017
0.37522,2,13.159617
-5.075905,13,13.669228
-7.736835,6,13.92042
1.090483,4,14.073022
0.339113,2,14.166047
-8.613364,4,14.339852
0.336131,2,14.428247
-7.408859,6,14.661171
-8.466221,4,14.83343
2.314853,7,15.109961
4.152288,10,15.486701
1.177646,5,15.69609
-8.781517,4,15.841358
0.311285,2,15.929459
-8.622402,4,16.08276
1.182179,5,16.269306
0.311285,2,16.346348
0.319928,2,16.424926
-7.596632,7,16.712062
1.4052,5,16.922704
3.050248,9,17.263903
-7.997008,5,17.464551
0.366212,2,17.552446
1.882418,6,17.811254
0.3343,2,17.887117
-8.405928,4,18.052852
0.341404,2,18.129731
0.33725,2,18.217984
0.314409,2,18.293604
3.009983,8,18.606492
1.954801,7,18.87214
-6.073481,9,19.237384
1.030075,4,19.390425
1.375106,5,19.577608
-6.057732,9,19.922045
-8.030215,5,20.112647
-6.36278,10,20.494893
0.339405,2,20.572701
-6.58093,10,20.97275
-7.594266,6,21.204241
0.334734,2,21.292019
-5.191539,12,21.769259
-7.701757,7,22.027793
2.521403,8,22.327812
-6.349693,11,22.778362
1.882502,6,23.034538
4.097033,10,23.429116
-6.353004,11,23.852875
0.324904,2,23.932546
-6.762533,10,24.332829
0.706707,3,24.451699
2.297201,7,24.735681
-7.672701,7,25.003898
-6.645814,8,25.302759
-7.918452,5,25.493588
0.352182,2,25.570764
0.761589,3,25.683482
7.139306,19,26.444654
4.093294,13,26.977697
2.105336,8,27.296338
1.833808,6,27.510098
1.51295,5,27.709713
0.311285,2,27.786371
-7.577693,6,28.01904
-7.953538,5,28.228172
2.881392,8,28.552472
1.093548,4,28.709582
-7.618541,6,28.94988
3.295621,10,29.322105
0.325318,2,29.399041
2.517501,7,29.675553
0.311285,2,29.761893
4.659418,13,30.261567
1.111803,5,30.461872
-6.554759,8,30.789731
0.705971,3,30.898659
-7.985316,5,31.089344
1.128849,5,31.289251
0.314521,2,31.37489
0.311285,2,31.451423
4.315824,13,31.938333
-8.024854,5,32.135275
0.370238,2,32.223037
2.237164,7,32.505823
-7.851351,6,32.755704
-6.942917,7,33.03515
-8.682662,4,33.176472
1.6376,6,33.420302
-6.551784,9,33.785174
1.091691,4,33.961724
0.350446,2,34.049649
1.796683,6,34.276313
0.340963,2,34.353971
0.336052,2,34.445552
5.076054,14,34.9955
1.348115,5,35.195776
0.33725,2,35.285305
0.719953,3,35.395407
1.189223,5,35.57542
-6.871738,8,35.893704
-8.100195,5,36.092128
-7.413851,6,36.335063
1.716136,6,36.55573
3.759829,9,36.919425
3.867171,9,37.268682
3.786708,10,37.664567
0.760541,3,37.785669
-3.634553,15,38.368822
1.154189,4,38.523113
0.311285,2,38.612234
1.455128,5,38.812096
2.807618,8,39.12886
-7.405829,6,39.366291
1.083406,5,39.555438
0.357709,2,39.645266
-7.565878,6,39.88913
-8.573208,4,40.034279
7.128201,17,40.683754
2.909453,9,41.029675
2.158283,7,41.296556
0.656257,3,41.42855
0.358518,2,41.505758
0.356513,2,41.581525
1.345189,5,41.790771
-7.439741,7,42.076625
3.934556,9,42.42282
-8.741896,4,42.590292
1.313181,5,42.792647
0.354394,2,42.879435
-8.429556,4,43.032137
3.098384,9,43.391912
5.291329,15,43.990248
0.355041,2,44.076711
0.33725,2,44.163798
0.323015,2,44.25009
1.144922,4,44.40231
1.60819,6,44.644619
0.734544,3,44.756872
2.546129,8,45.06382
0.336505,2,45.151635
0.344493,2,45.238877
0.325762,2,45.317395
-8.673763,4,45.470871
0.33725,2,45.548891
0.376226,2,45.637627
3.107241,9,45.99158
1.404724,5,46.177859
0.3531,2,46.254784
-6.554333,8,46.556286
0.722145,3,46.664332
-8.144441,5,46.873359
1.070668,4,47.032647
0.336133,2,47.119588
-8.471793,5,47.311759
0.326409,2,47.398308
0.329043,2,47.474333
0.319069,2,47.56057
-7.990801,5,47.757697
0.684333,3,47.866897
-7.53194,6,48.098775
5.07979,15,48.674099
0.314544,2,48.761736
-7.465977,6,48.991467
1.114767,5,49.18862
-8.635274,4,49.341522
0.315738,2,49.429345
-7.930147,6,49.674621
0.68825,3,49.794022
1.764554,6,50.037561
0.325349,2,50.12311
1.009662,4,50.288429
-8.084257,5,50.486429
1.472589,5,50.673716
1.104022,4,50.849985
1.413968,5,51.057764
1.027839,5,51.245342
0.33725,2,51.322397
0.335137,2,51.399188
-7.960605,5,51.601258
0.734988,3,51.722938
2.15039,7,52.000024
-6.240493,9,52.344918
0.33725,2,52.432573
-8.302053,5,52.631533
0.372393,2,52.709497
0.685098,3,52.830746
-8.473163,4,52.994413
-8.28377,5,53.170311
-7.932549,6,53.415182
0.353879,2,53.49186
0.314065,2,53.569026
-8.192229,6,53.816857
0.329196,2,53.90363
0.687498,3,54.033479
-8.057261,5,54.233131
0.335674,2,54.309084
0.331877,2,54.395921
1.070816,4,54.560439
0.749097,3,54.68086
3.0747,9,55.036308
-2.612275,16,55.6815
0.322943,2,55.757694
-5.864029,9,56.101955
0.685802,3,56.221936
0.324574,2,56.309706
0.334053,2,56.395349
0.345367,2,56.485352
0.380935,2,56.560984
0.339931,2,56.637367
0.702986,3,56.75957
1.002289,4,56.924476
0.335215,2,57.001887
-6.577168,10,57.394614
0.733927,3,57.526435
2.048118,6,57.768775
-8.063386,5,57.969129
2.110187,7,58.237148
-7.568686,7,58.518664
-7.560673,6,58.751718
0.315817,2,58.828001
-8.630419,4,58.983277
0.364214,2,59.062602
0.32545,2,59.149868
-6.260324,9,59.48883
4.031291,11,59.914925
3.46644,10,60.334486
-8.708569,4,60.500404
0.349982,2,60.576747
1.35716,5,60.778292
0.316561,2,60.853392
2.547946,7,61.133151
-7.969282,7,61.39799
2.561482,8,61.727781
-8.449559,4,61.87921
2.464273,7,62.146849
-8.159845,5,62.360186
0.350442,2,62.446624
1.420781,5,62.653244
2.028816,7,62.933653
0.33725,2,63.020862
-7.607849,6,63.263971
2.574581,8,63.5762
3.048824,10,63.949224
2.364374,7,64.244128
-8.022867,5,64.46235
3.199845,10,64.859888
2.418264,7,65.136456
6.239339,17,65.798513
1.15124,5,65.987694
1.007183,4,66.143907
1.123929,4,66.311262
1.037782,5,66.49657
0.311285,2,66.583576
1.015823,4,66.747028
-6.804249,8,67.067656
0.353133,2,67.154709
9.000568,24,68.099218
-8.363862,5,68.287049
1.131528,4,68.441083
3.524106,10,68.812437
-6.243009,12,69.266684
0.346156,2,69.355352
0.355316,2,69.441752
-7.861192,5,69.627457
-6.631581,9,69.983368
0.336,2,70.069508
1.8203,6,70.293295
1.153667,4,70.458796
7.072957,17,71.103026
0.327738,2,71.190236
1.076201,4,71.344837
2.141123,7,71.632889
-7.58272,6,71.865931
-6.938495,7,72.142369
-5.481069,11,72.57421
-8.173035,5,72.763652
-7.94986,5,72.962131
-4.765829,12,73.417907
-7.018915,7,73.695453
-7.896148,5,73.904871
0.311285,2,73.993458
2.842985,8,74.296227
2.548469,8,74.617654
1.424186,5,74.817227
-7.407599,7,75.085549
-7.833158,6,75.332541
0.745854,3,75.453118
-8.455207,4,75.617592
-7.745932,6,75.873292
1.862275,6,76.116216
-5.443943,12,76.591201
0.33725,2,76.67851
0.311285,2,76.764968
0.6886,3,76.886217
1.490999,5,77.084743
2.658441,8,77.39522
-7.310445,7,77.666505
1.215913,5,77.876351
0.747471,3,77.995452
1.937077,6,78.228041
0.690437,3,78.35854
0.321541,2,78.434897
-7.842553,6,78.655668
2.236082,7,78.934902
3.229135,9,79.291141
3.227843,10,79.668739
0.33002,2,79.74523
0.369167,2,79.821841
2.20236,7,80.097949
0.337903,2,80.186796
-6.335631,8,80.508177
-6.812686,7,80.783467
2.093495,7,81.050023
-7.336341,8,81.370432
-7.779479,6,81.613147
0.368391,2,81.68902
-7.164374,8,81.991356
3.073288,9,82.349153
0.331202,2,82.425389
-6.968085,7,82.68371
0.373186,2,82.770437
0.753815,4,82.932549
0.366182,2,83.00782
0.337945,2,83.095333
4.179642,12,83.562529
-4.646194,12,84.037974
0.331608,2,84.124551
0.33725,2,84.200843
-5.472073,10,84.591725
0.74758,3,84.703678
0.737313,3,84.815186
4.129581,11,85.254569
-6.097933,10,85.633329
0.373781,2,85.70934
0.336977,2,85.78938
0.692092,3,85.900182
1.381111,5,86.085931
2.365156,7,86.37605
-6.456879,9,86.710156
0.33725,2,86.798044
1.067973,4,86.943066
-8.273216,5,87.143377
1.016181,4,87.32014
0.351061,2,91.281433
0.34718,2,91.359386
-6.953038,7,91.62891
6.970841,18,92.297223
2.249562,7,92.583177
1.069107,4,92.74643
0.337066,2,92.822917
-7.115533,7,93.102977
0.364186,2,93.190623
-8.682424,4,93.332161
1.06755,4,93.486894
1.892445,6,93.708147
0.738699,3,93.841072
-5.772384,10,94.231612
1.479665,5,94.42919
4.688912,13,94.909567
0.988674,5,95.107833
0.311285,2,95.19375
2.552333,8,95.514278
0.325512,2,95.59153
-6.397694,9,95.939053
0.311285,2,96.026158
0.356329,2,96.112543
1.79264,6,96.339867
0.359431,2,96.426664
0.331825,2,96.514051
0.326124,2,96.589623
-7.299711,7,96.847534
1.513522,5,97.050891
0.339115,2,97.13711
0.747579,3,97.270301
0.349315,2,97.356589
0.716464,3,97.468047
0.743208,3,97.592601
0.351822,2,97.678955
4.174757,12,98.154761
0.351575,2,98.232404
-6.541186,8,98.541921
1.098361,5,98.739933
0.33312,2,98.827155
0.683753,3,98.945862
1.11719,4,99.089302
0.330863,2,99.176995
1.510219,5,99.378151
1.715006,6,99.602612
0.322495,2,99.691408
0.768961,3,99.822394
1.715915,6,100.054256
1.120776,5,100.244939
-7.696235,6,100.491974
0.372632,2,100.579052
3.326512,9,100.943696
1.049233,5,101.142317
-8.62431,4,101.29638
0.311373,2,101.383423
0.33725,2,101.471397
0.75469,3,101.591235
1.942799,6,101.83556
0.319704,2,101.91316
0.720405,3,102.038527
1.033324,4,102.201784
0.374861,2,102.277993
0.743445,3,102.38759
1.575664,6,102.634416
2.436446,7,102.909906
-7.755221,6,103.15546
0.327233,2,103.242724
0.701079,3,103.354391
1.819678,6,103.590422
0.333259,2,103.67977
0.330831,2,103.766624
0.339646,2,103.84291
0.351583,2,103.931726
-7.351599,7,104.223372
0.320199,2,104.311707
0.372467,2,104.388003
0.311285,2,104.474467
2.387402,7,104.756442
1.098865,4,104.921312
0.323402,2,105.009188
0.311602,2,105.095766
0.323649,2,105.184249
1.392093,5,105.392529
-8.45508,4,105.548512
0.316598,2,105.636789
0.318692,2,105.725126
0.374943,2,105.813102
1.39487,5,106.009972
1.075761,4,106.174619
0.33957,2,106.250475
1.038659,4,106.426263
0.315733,2,106.502303
1.42175,5,106.697834
0.691953,3,106.82005
1.113841,4,106.976135
1.054261,4,107.152642
0.33725,2,107.230766
0.68296,3,107.355819
4.225201,13,107.870669
0.316708,2,107.946767
1.871596,6,108.179322
1.069697,4,108.354123
0.325412,2,108.440536
3.018306,9,108.806447
0.376675,2,108.893258
0.311285,2,108.980687
1.432482,5,109.191171
0.369896,2,109.277396
0.333773,2,109.356127
0.352987,2,109.445286
-7.913846,6,109.679255
-7.731374,6,109.925836
1.123344,4,110.067764
-4.331398,14,110.606685
2.549742,8,110.920986
3.651484,9,111.285764
-4.932793,11,111.739526
1.510075,5,111.942332
1.148898,5,112.131675
0.725838,3,112.253983
-8.615335,5,112.463151
0.360581,2,112.55074
0.363716,2,112.636916
0.692736,3,112.760553
-8.701986,4,112.914833
1.260371,5,113.125016
0.324813,2,113.201102
4.921016,12,113.665683
-8.406431,4,113.823827
-8.475488,4,113.974483
0.351161,2,114.053173
-8.37213,4,114.218822
1.234665,5,114.405389
0.311285,2,114.492834
1.275037,5,114.688974
3.1297,10,115.08231
0.68284,3,115.204393
-8.041721,5,115.412476
1.76741,6,115.641489
0.32811,2,115.730085
0.33725,2,115.818652
-4.441882,12,116.300193
-8.492804,4,116.454734
0.359629,2,116.531381
2.33385,7,116.796832
3.143161,8,117.099332
0.674878,3,117.219245
-7.980766,5,117.432791
-6.983616,7,117.710776
1.361328,5,117.904353
2.785596,8,118.227043
1.035176,4,118.402303
0.974215,4,118.555746
2.791817,9,118.911907
0.760621,3,119.03249
0.318024,2,119.109134
1.526516,5,119.320183
-8.510934,4,119.475629
0.740106,3,119.59852
0.741782,4,119.763182
0.717471,3,119.883888
0.341833,2,119.970734
0.3549,2,120.0582
0.373516,2,120.134419
0.330733,2,120.211679
0.660474,3,120.346094
-6.888273,7,120.612002
2.234613,7,120.891379
0.336518,2,120.967401
0.371395,2,121.043647
0.323245,2,121.121047
0.744009,3,121.244575
0.334422,2,121.330991
0.73211,3,121.45073
0.754385,3,121.572481
0.35657,2,121.648845
1.367723,5,121.847043
-7.646937,6,122.081437
-7.635227,6,122.323908
0.675664,3,122.455022
-7.967848,5,122.650761
-8.24518,5,122.8364
0.695497,3,122.957022
-7.414576,7,123.243286
1.609469,5,123.441493
-0.710564,25,124.458659
2.933427,9,124.810119
0.319869,2,124.897542
0.33725,2,124.973523
-6.252716,8,125.285213
1.824822,6,125.528386
0.322481,2,125.60479
0.343969,2,125.691823
0.328959,2,125.767689
0.332971,2,125.856397
0.355456,2,125.932486
7.158164,18,126.642234
2.548207,8,126.953093
0.696579,3,127.074559
1.887357,6,127.311647
-8.068201,6,127.543617
3.980051,13,128.028012
2.518832,8,128.35093
0.316234,2,128.439332
0.317239,2,128.526432
0.359153,2,128.602539
4.055464,11,129.050559
0.321169,2,129.137417
-7.884497,5,129.351045
1.737823,6,129.581629
1.427375,5,129.780866
0.715448,3,129.889485
1.451654,5,130.089377
1.327349,5,130.275317
2.198639,7,130.551692
1.049304,4,130.725964
0.316254,2,130.801491
0.381222,2,130.88853
0.365144,2,130.976043
0.323801,2,131.064382
0.335004,2,131.140694
1.381562,5,131.333778
1.097366,4,131.492328
0.375811,2,131.570569
0.676851,3,131.703342
0.326614,2,131.792453
0.717571,3,131.911226
1.115838,4,132.066253
1.132709,4,132.211023
0.326723,2,132.290633
0.383396,2,132.379397
2.286019,7,132.657692
0.315895,2,132.734565
1.119007,5,132.937687
1.002608,4,133.103664
1.184965,5,133.290993
0.657807,3,133.421301
0.340392,2,133.509935
0.323661,2,133.586528
1.375256,5,133.784715
0.373531,2,133.862828
0.370113,2,133.950957
-8.642102,4,134.097664
0.38332,2,134.184953
1.194919,5,134.388024
0.33725,2,134.474233
1.761692,6,134.72807
0.327246,2,134.804437
-7.354777,7,135.091789
1.018684,5,135.291155
1.264851,5,135.491526
0.327639,2,135.567949
4.309847,12,136.045995
0.311285,2,136.134156
0.715484,3,136.253097
0.324942,2,136.341674
1.203796,5,136.549285
4.142623,11,136.988928
-6.573592,8,137.302141
1.890677,6,137.532587
1.411643,5,137.709561
0.322458,2,137.787335
4.142996,11,138.214601
0.311285,2,138.291377
0.320839,2,138.369125
0.313782,2,138.446495
0.725345,3,138.569246
1.393031,5,138.74828
-8.035501,5,138.949242
0.363762,2,139.024698
0.674359,3,139.145299
0.311285,2,139.2237
6.120403,16,139.841008
3.152955,9,140.191122
0.342568,2,140.268588
1.399053,5,140.470422
0.320994,2,140.558973
2.662478,7,140.817582
0.328062,2,140.906043
2.161287,7,141.179624
0.321222,2,141.267243
0.700337,3,141.388013
1.07565,4,141.551505
0.319466,2,141.638528
-6.653053,7,141.92556
2.928059,9,142.288174
0.35678,2,142.375475
0.345326,2,142.452143
0.352679,2,142.529537
5.313139,15,143.108941
1.400656,5,143.310957
1.029854,4,143.474223
1.358524,5,143.663799
-6.234672,10,144.031551
2.687592,8,144.352593
0.354599,2,144.429772
-8.27756,4,144.584561
1.008088,4,144.740089
0.363527,2,144.829719
-7.974147,5,145.026494
0.701938,3,145.147132
0.68677,3,145.260523
0.335104,2,145.3481
1.030178,5,145.559179
2.67894,8,145.877079
3.257364,10,146.272076
0.981631,4,146.436673
0.320605,2,146.523128
3.954045,12,146.993782
-2.989574,17,147.662097
0.366384,2,147.748361
1.803019,6,147.972394
2.088494,6,148.192844
0.67358,3,148.32383
0.655458,3,148.444221
0.740062,3,148.56391
-8.552494,4,148.742056
3.160355,10,149.149267
-8.564002,4,149.322466
3.404124,10,149.75072
-8.45822,4,149.916552
-6.131999,10,150.303693
-8.518968,4,150.460117
-7.904113,6,150.703506
1.39433,5,150.902381
1.148909,4,151.068318
1.045696,4,151.222007
0.322133,2,151.298812
0.323217,2,151.388314
0.36755,2,151.476526
1.122631,4,151.629759
0.31636,2,151.707138
1.652253,6,151.944346
0.709074,3,152.07601
2.319018,8,152.375947
0.355296,2,152.463671
0.32866,2,152.549883
0.662716,3,152.670666
0.33052,2,152.747487
0.368959,2,152.835939
-8.615855,4,153.002882
3.187558,10,153.384182
1.049776,5,153.57319
3.653957,10,153.960707
-7.063557,7,154.226122
0.311285,2,154.303802
-5.73279,9,154.66212
-8.014139,5,154.853746
1.071557,4,155.00772
0.32942,2,155.095009
1.156991,5,155.296492
1.04015,4,155.449995
-6.211133,11,155.897006
1.075041,4,156.051354
2.29542,7,156.330601
-8.453658,4,156.488183
-5.398994,11,156.92792
0.943915,5,157.117161
-8.048935,5,157.319128
2.268457,7,157.585512
2.569559,8,157.887686
0.33725,2,157.976245
0.311285,2,158.053426
0.332748,2,158.140645
1.525316,5,158.337664
-7.971626,5,158.546358
1.117208,4,158.709911
1.794027,6,158.939132
0.331421,2,159.025907
-7.884694,5,159.215725
1.097964,4,159.391219
-7.766309,7,159.68116
0.316457,2,159.757771
2.01995,6,160.000983
0.371365,2,160.078159
0.699567,3,160.20299
2.526401,8,160.514853
1.065603,4,160.680271
1.280089,5,160.887585
2.191085,7,161.162175
-7.881435,5,161.364045
-8.588616,4,161.531341
0.361477,2,161.607303
0.346483,2,161.683457
2.159434,6,161.940679
0.721199,3,162.061599
0.311285,2,162.138196
1.474589,5,162.347571
0.315218,2,162.42343
-7.769662,6,162.668966
0.312974,2,162.755875
1.822606,6,163.001264
1.157558,5,163.199798
0.311285,2,163.287008
0.311285,2,163.36468
-7.518886,7,163.642695
0.367419,2,163.720368
0.329973,2,163.799842
1.446992,5,164.003197
1.481481,5,164.191669
0.725708,3,164.315053
2.015921,6,164.560213
1.525813,5,164.757775
0.322405,2,164.835548
1.528027,5,165.037348
1.07057,4,165.204345
1.766511,6,165.440866
-8.436493,4,165.619446
0.321981,2,165.696688
0.33725,2,165.774729
2.235814,6,166.011761
0.33725,2,166.098282
2.238859,7,166.376101
-6.570988,9,166.750634
0.335168,2,166.836985
1.364772,5,167.032911
-6.428788,9,167.387554
2.803472,8,167.709947
0.32229,2,167.79895
-7.480094,6,168.050234
0.336035,2,168.126316
0.335116,2,168.213038
0.331611,2,168.300133
0.319405,2,168.37755
1.394837,5,168.565407
-7.871571,5,168.767116
0.32198,2,168.844786
3.596039,11,169.266818
1.31134,5,169.467835
0.720869,3,169.599383
0.351505,2,169.686225
0.361208,2,169.762991
-7.912517,5,169.983336
0.320493,2,170.059716
1.503941,5,170.258615
-8.752469,4,170.412192
0.698468,3,170.533184
-8.293864,5,170.724171
-6.578614,8,171.037172
1.787116,6,171.261109
0.331394,2,171.350338
0.660814,3,171.471099
0.387542,2,171.54676
-6.980812,7,171.813526
2.001325,6,172.069285
0.312961,2,172.145077
-8.635477,4,172.301179
0.362608,2,172.389899
-5.512881,11,172.802913
1.444442,5,172.992946
2.032511,7,177.186479
2.679347,8,177.506834
0.319164,2,177.582738
0.33143,2,177.670199
1.690815,6,177.917992
1.418069,5,178.116787
1.416963,5,178.31487
2.086596,7,178.581819
1.283008,5,178.774138
0.353447,2,178.861532
0.311285,2,178.949053
0.311785,2,179.037161
0.350016,2,179.124618
0.314584,2,179.202542
0.710447,3,179.316406
0.98602,4,179.483353
1.144676,4,179.656707
0.339816,2,179.744805
0.316626,2,179.820759
-8.205401,5,180.02078
0.364695,2,180.098578
0.35291,2,180.186736
0.325367,2,180.274533
0.326883,2,180.361181
0.324786,2,180.449437
5.818457,15,181.040131
0.690681,3,181.150374
1.469562,5,181.350336
0.316943,2,181.438261
0.335126,2,181.524397
0.741598,3,181.633162
0.33725,2,181.709698
1.36363,5,181.898531
0.337002,2,181.977558
0.342072,2,182.06403
0.311285,2,182.143272
0.327466,2,182.221489
0.73156,3,182.333049
0.356612,2,182.411449
0.653478,3,182.542195
0.31997,2,182.618758
0.331046,2,182.710061
0.321192,2,182.78757
2.608339,8,183.1086
0.354923,2,183.195272
0.358747,2,183.282012
0.326839,2,183.36907
0.363038,2,183.446343
0.311285,2,183.524293
1.141376,4,183.703092
-7.837491,6,183.955738
1.828897,6,184.197006
0.354868,2,184.274408
0.699887,3,184.388271
1.378566,5,184.59866
0.364685,2,184.685251
0.328438,2,184.772544
2.074283,7,185.050298
0.33725,2,185.128267
3.03547,10,185.540549
0.373974,2,185.61844
-7.527547,7,185.888392
1.012236,4,186.042065
2.338923,8,186.356774
1.067865,4,186.511907
1.498079,5,186.701608
3.178141,11,187.156913
2.183506,7,187.431517
0.332678,2,187.518418
0.360187,2,187.606727
1.038739,4,187.781923
0.311285,2,187.868203
3.483458,10,188.269622
0.710604,3,188.380589
0.338617,2,188.467078
0.311285,2,188.546178
1.008637,4,188.700653
0.327072,2,188.789064
0.33725,2,188.86736
0.369576,2,188.956021
2.196247,7,189.239784
0.667758,3,189.361844
-7.080547,7,189.658147
1.106967,4,189.804515
0.716038,3,189.926435
0.311285,2,190.015654
0.334908,2,190.092533
2.605544,8,190.407218
3.547154,11,190.862722
0.355348,2,190.939581
-6.300247,10,191.337005
1.069849,4,191.497047
3.130444,9,191.852672
-8.072301,5,192.049547
1.886574,6,192.292591
1.769005,6,192.527338
1.068435,4,192.678169
-8.332464,4,192.844364
0.38938,2,192.93026
2.21704,7,193.198738
0.369806,2,193.276634
4.123904,11,193.731944
0.33725,2,193.820924
0.324984,2,193.909395
2.358555,8,194.233263
0.690864,3,194.366356
0.329759,2,194.453099
0.325437,2,194.540543
2.214504,7,194.81695
1.08576,4,194.968963
3.095369,9,195.347739
1.0024,4,195.512452
-8.081649,6,195.759715
0.311285,2,195.836307
0.33725,2,195.912416
0.737277,3,196.033709
0.363414,2,196.11256
0.389168,2,196.200961
0.327197,2,196.288621
1.838327,6,196.531951
0.353024,2,196.608895
0.338281,2,196.686687
1.056447,4,196.842162
-8.119059,5,197.045144
0.327817,2,197.121662
0.362384,2,197.198721
0.713058,3,197.307657
0.33725,2,197.39744
0.347249,2,197.484623
0.693133,3,197.60473
0.333853,2,197.691068
1.464383,5,197.88864
0.686281,3,198.008079
-7.111306,7,198.288546
4.404743,13,198.831355
1.287472,5,199.029383
-4.886285,13,199.541814
2.511706,8,199.872265
0.999572,4,200.046981
0.355651,2,200.133324
1.974625,6,200.368888
0.311285,2,200.445543
1.067164,4,200.601747
1.331511,5,200.801635
1.077035,4,200.966959
-7.054605,8,201.289834
0.3192,2,201.377872
0.348933,2,201.45567
0.317408,2,201.534379
2.446958,8,201.864566
0.669237,3,201.984907
0.66467,3,202.108371
0.341208,2,202.186316
2.808481,8,202.508676
1.074058,4,202.661977
1.739197,6,202.895392
-8.740584,4,203.050431
0.337312,2,203.126971
0.686523,3,203.249815
0.311285,2,203.329076
-8.513037,4,203.48747
-7.966454,6,203.723318
3.144693,9,204.079399
1.842069,6,204.32106
0.727026,3,204.443553
0.324844,2,204.532264
0.359095,2,204.620559
-6.621045,9,204.970651
1.047053,4,205.134624
0.726018,3,205.266524
2.267545,7,205.554385
-7.674269,6,205.797749
0.81473,27,206.918632
-7.768275,5,207.116537
1.78886,6,207.35759
0.347534,2,207.444101
0.356851,2,207.521703
2.952531,9,207.895124
-8.570906,4,208.047851
0.329222,2,208.135241
1.687373,6,208.367384
1.11585,4,208.519686
0.701473,3,208.639921
0.357031,2,208.727995
0.706888,3,208.837471
3.752898,11,209.276094
2.974569,9,209.66223
0.315063,2,209.750444
1.960155,6,210.006142
1.089762,4,210.171422
0.328798,2,210.258157
0.377954,2,210.337082
0.318104,2,210.427259
0.311848,2,210.516937
0.369451,2,210.592869
1.097393,4,210.758502
-7.384393,6,210.993086
1.08365,5,211.192351
0.354181,2,211.269871
1.278064,5,211.488506
0.755849,3,211.619612
0.327214,2,211.695474
0.33725,2,211.782182
1.449035,5,211.991886
0.349426,2,212.068949
2.234152,7,212.347193
4.042688,12,212.835678
2.153981,7,213.112657
0.327666,2,213.198689
1.066534,4,213.363681
-7.315095,7,213.663771
1.809797,6,213.90569
2.683283,8,214.215724
0.314719,2,214.302748
0.69293,3,214.422162
1.564702,5,214.622679
0.311285,2,214.700093
0.382364,2,214.7788
0.327218,2,214.857563
0.311285,2,214.935056
0.736231,3,215.056623
1.946625,6,215.288304
0.311285,2,215.375906
0.728739,3,215.501162
0.749947,3,215.62236
2.050764,7,215.910966
-8.15273,5,216.111775
0.383661,2,216.19034
0.773786,3,216.312697
1.297252,5,216.525895
0.322582,2,216.612561
0.33402,2,216.698874
0.35798,2,216.777211
2.566336,8,217.088769
0.320253,2,217.165705
1.798755,6,217.421698
0.322096,2,217.509824
0.319069,2,217.596673
0.334941,2,217.688044
1.89721,6,217.918705
5.00739,14,218.511903
-8.575004,4,218.686544
0.762818,3,218.817616
2.939736,8,219.126238
0.353682,2,219.203205
0.677568,3,219.31612
0.78338,3,219.429484
0.350493,2,219.516967
-7.615251,7,219.806999
0.311285,2,219.89314
2.26018,7,220.167829
0.353414,2,220.244842
-8.513485,5,220.443764
0.314861,2,220.531432
0.334139,2,220.62043
0.355444,2,220.69678
0.315532,2,220.784173
-8.562416,4,220.947997
-8.613329,4,221.113617
-8.615698,4,221.269562
2.567501,7,221.549998
3.275435,9,221.920813
3.026194,8,222.249388
0.318016,2,222.326318
1.068692,4,222.494734
2.224436,7,222.790885
0.35746,2,222.866664
2.608568,8,223.189844
0.701742,3,223.323526
1.155693,5,223.53052
0.7375,3,223.650542
0.331946,2,223.739252
0.358299,2,223.814988
2.178501,7,224.100996
0.382466,2,224.188873
0.311623,2,224.266355
0.73019,3,224.375659
0.36722,2,224.454408
2.261617,7,224.749039
1.812255,6,224.999454
0.33725,2,225.088324
1.112979,4,225.262923
3.428915,10,225.660632
0.318248,2,225.749704
0.33725,2,225.836401
0.717506,3,225.957276
1.158323,4,226.109611
1.367328,5,226.317772
1.043381,4,226.4713
0.321487,2,226.559678
0.353999,2,226.646754
0.749146,3,226.7576
0.356433,2,226.846274
1.036514,4,227.021507
0.312998,2,227.108745
0.327175,2,227.18569
3.008341,9,227.551648
-7.974413,5,227.748538
0.326796,2,227.835078
1.949571,6,228.05887
0.313306,2,228.149027
-8.446813,5,228.356925
0.33725,2,228.443581
-7.57006,6,228.678749
0.330115,2,228.755323
-6.92096,9,229.093694
0.311285,2,229.180314
-4.964641,11,229.618096
2.317542,7,229.885513
0.971082,4,230.052397
3.36578,10,230.480191
0.752684,3,230.599134
1.946937,6,230.841201
2.229955,7,231.115728
4.186128,12,231.594035
0.707904,3,231.703451
0.340804,2,231.781109
-6.299332,8,232.093748
0.722206,3,232.216793
0.359199,2,232.30582
-7.96224,5,232.504125
0.733549,3,232.635261
0.365578,2,232.724606
0.35781,2,232.811389
2.742253,9,233.161995
3.931736,11,233.602458
1.67124,6,233.82499
0.748217,3,233.944128
0.322693,2,234.02069
1.066567,4,234.186062
1.787452,6,234.428004
0.332998,2,234.504435
-7.525902,7,234.794797
0.727904,3,234.924057
3.499786,10,235.334615
3.592128,11,235.764234
0.365134,2,235.853125
0.757763,3,235.964729
2.965441,9,236.318137
0.716418,3,236.450386
1.718637,6,236.701568
-6.241367,8,237.008454
0.688989,3,237.120772
1.130897,4,237.275059
1.395562,5,237.474074
0.328446,2,237.562759
0.315829,2,237.6497
3.439501,11,238.103135
-8.165407,5,238.303828
0.726464,4,238.460299
0.33275,2,238.537972
-7.484463,6,238.773676
0.33725,2,238.860626
1.702555,6,239.117363
0.356847,2,239.204637
1.508125,5,239.392047
5.38861,15,239.987385
0.316233,2,240.064318
0.364079,2,240.151863
-7.065182,9,240.523888
0.321797,2,240.610281
0.350182,2,240.687706
0.332162,2,240.766028
2.140369,7,241.025877
0.334585,2,241.113834
0.374047,2,241.192213
2.777481,8,241.521928
0.344227,2,241.60992
1.967168,6,241.863474
2.721437,8,242.186114
0.364857,2,242.274652
0.328936,2,242.352321
0.368261,2,242.428051
1.227227,5,242.637541
0.355521,2,242.727099
1.131534,4,242.891381
0.33725,2,242.980281
-6.951607,7,243.24848
1.018635,4,243.415386
5.681391,15,244.014219
0.330947,2,244.091595
0.352988,2,244.169783
2.614339,8,244.515409
0.317871,2,244.592262
0.367965,2,244.679969
0.34997,2,244.766883
-8.137607,5,244.968443
0.319122,2,245.055016
1.751856,6,245.297394
0.321107,2,245.373338
3.23229,9,245.734223
-6.266997,9,246.0892
1.150326,4,246.25436
0.338288,2,246.340748
0.389471,2,246.427514
1.658724,6,246.682122
0.768394,3,246.803082
0.379638,2,246.891198
0.685059,3,247.02206
1.039654,4,247.191349
0.353803,2,247.279077
0.351777,2,247.356233
0.695428,3,247.468341
0.31997,2,247.546416
0.33725,2,247.625407
0.337383,2,247.702929
0.348134,2,247.778572
0.327828,2,247.856551
1.307711,5,248.067924
0.750524,3,248.187728
0.33282,2,248.264467
1.403153,5,248.472804
0.686063,3,248.593498
0.321656,2,248.681326
0.660057,3,248.810654
1.77566,6,249.062989
0.327505,2,249.140315
0.340116,2,249.228025
-6.338849,10,249.640517
0.311877,2,249.729532
0.364987,2,249.805239
3.687971,10,250.196526
0.717275,3,250.329871
2.121092,6,250.573411
1.102116,4,250.726897
5.314815,16,251.373355
0.753265,3,251.507198
0.6807,3,251.616068
0.335993,2,251.693913
1.503092,5,251.882028
1.286731,5,252.071777
0.329708,2,252.14825
3.634662,10,252.548789
1.997277,7,252.826374
0.33725,2,252.915498
1.392738,5,253.127512
1.398958,5,253.335025
-7.667825,7,253.622344
2.06605,6,253.866288
0.311285,2,253.954629
-6.932669,8,254.254149
1.953815,7,254.526013
0.339497,2,254.612486
0.700805,3,254.732269
0.354236,2,254.810862
1.153021,4,254.986744
0.743604,3,255.106556
0.315805,2,255.193957
0.372969,2,255.280676
1.413036,5,255.469243
1.134215,4,255.628543
0.320042,2,255.70537
0.311285,2,255.781845
-5.688028,10,256.171779
0.31929,2,256.248542
0.332061,2,256.336755
0.339593,2,256.415092
0.348643,2,256.502109
0.335807,2,256.589642
0.364659,2,256.676748
0.320484,2,256.763218
0.315677,2,256.850312
0.319213,2,256.936932
-8.579503,4,257.101122
0.314986,2,257.177247
0.368734,2,257.265975
3.362659,10,257.650821
0.343977,2,257.738421
2.304842,7,258.023245
1.116499,4,258.188133
0.695552,3,258.308143
1.405203,5,258.518624
0.711154,3,258.640712
-8.115781,5,258.828067
0.333409,2,258.905474
3.839253,11,259.348509
1.870834,6,259.588149
0.330227,2,259.66416
-6.905259,9,264.006365
2.976623,9,264.354673
0.321404,2,264.431712
-6.985877,8,264.764253
0.699712,3,264.883806
0.767445,3,265.00438
0.326162,2,265.092981
-8.470737,4,265.268224
0.336196,2,265.355926
0.334341,2,265.442675
-4.475892,12,265.918621
3.443933,11,266.332433
1.472299,5,266.542032
1.031711,4,266.71609
1.778029,6,266.962147
1.677305,6,267.21174
0.704867,3,267.331852
1.890985,6,267.576539
3.629101,11,268.039327
1.461787,5,268.227968
0.311285,2,268.317376
0.689123,3,268.439045
1.136365,4,268.58488
1.860523,6,268.831907
0.349222,2,268.918363
0.324319,2,269.004971
0.311285,2,269.091892
0.318211,2,269.181425
5.355895,14,269.76343
0.356417,2,269.841018
1.034835,4,269.997818
0.312103,2,270.076186
0.324256,2,270.154685
0.998681,4,270.320364
-7.566696,6,270.546143
0.317484,2,270.63512
0.734865,3,270.765862
0.733129,3,270.874694
1.155863,4,271.051803
3.106888,10,271.474659
0.388884,2,271.562817
0.331578,2,271.649543
1.482345,5,271.849191
0.315564,2,271.925148
0.327926,2,272.002085
0.371163,2,272.079628
0.318529,2,272.157927
0.362424,2,272.246754
6.801053,18,273.002631
1.531303,5,273.211457
2.11599,7,273.483795
0.327388,2,273.562185
0.33725,2,273.638803
0.358966,2,273.726635
0.335821,2,273.813585
0.31883,2,273.900655
2.979381,8,274.220131
0.730463,3,274.340572
3.193628,9,274.69559
0.33725,2,274.783622
0.334691,2,274.860193
0.685655,3,274.983696
0.335486,2,275.059647
0.718762,3,275.181701
0.33725,2,275.26032
0.784436,3,275.379682
1.076947,4,275.556413
-6.625076,9,275.914192
0.33725,2,275.991299
3.086927,9,276.338958
0.332553,2,276.426633
0.709895,3,276.547014
0.313776,2,276.625268
0.358455,2,276.712921
0.321023,2,276.789696
1.020508,4,276.953002
0.360978,2,277.031065
0.318801,2,277.10844
0.326019,2,277.196263
0.70278,3,277.317224
0.311285,2,277.394362
2.386396,7,277.673468
-7.25628,7,277.938965
0.323208,2,278.027104
0.743298,3,278.148644
0.311285,2,278.24045
1.070211,4,278.405889
0.328056,2,278.493649
1.903415,6,278.735345
0.699444,3,278.855441
3.798652,12,279.334951
1.100764,4,279.501688
0.740364,3,279.623135
0.68771,3,279.736034
0.311285,2,279.825484
2.263838,7,280.105817
1.131137,5,280.303988
0.336086,2,280.391506
0.346612,2,280.479286
0.711043,3,280.599413
0.317507,2,280.687694
1.520071,5,280.888235
0.352651,2,280.964367
0.328576,2,281.041293
0.700822,3,281.166115
0.335284,2,281.254063
0.690388,3,281.364507
0.321573,2,281.454673
0.311285,2,281.541975
1.192642,5,281.752119
0.755042,3,281.872512
0.311285,2,281.960347
0.345059,2,282.048904
2.346739,7,282.346398
0.673003,3,282.466739
1.086327,4,282.641178
0.354467,2,282.720009
0.676221,3,282.842188
0.685932,3,282.962628
1.142522,4,283.127953
1.338063,5,283.336384
2.126574,7,283.62583
0.675744,3,283.736856
0.724575,3,283.874108
2.478957,8,284.194207
0.661847,3,284.315976
1.122447,4,284.469889
1.511335,5,284.68076
2.123305,7,284.967513
0.695973,3,285.076149
0.33289,2,285.153783
3.179566,9,285.526963
1.107891,4,285.692418
0.34339,2,285.768687
-7.370528,7,286.069684
0.364602,2,286.157603
0.731298,3,286.276979
0.334261,2,286.353149
0.702926,3,286.474843
0.316338,2,286.562008
0.347434,2,286.640488
-8.377048,4,286.795616
0.320235,2,286.873253
0.327904,2,286.951337
1.778473,6,287.190016
0.312542,2,287.277198
0.332676,2,287.353239
0.357835,2,287.442143
0.311285,2,287.51885
0.320746,2,287.595032
0.31158,2,287.684681
0.987685,4,287.859862
3.703942,9,288.233811
0.719673,3,288.353185
0.350807,2,288.440188
1.887331,6,288.683288
0.381267,2,288.770072
5.559104,17,289.446045
0.311285,2,289.532687
0.73476,3,289.652629
1.715323,6,289.886501
0.357133,2,289.964126
1.335462,6,290.222671
0.311285,2,290.309966
-6.863283,8,290.616155
0.311285,2,290.693892
0.33755,2,290.772276
1.48238,5,290.993123
0.355677,2,291.08016
0.717551,3,291.189555
4.586923,13,291.715977
0.342667,2,291.804344
0.674687,3,291.934723
0.311285,2,292.023284
0.361369,2,292.110248
0.334694,2,292.197452
0.7362,3,292.318366
-5.937421,11,292.764228
0.325026,2,292.852315
0.69005,3,292.982764
0.715058,3,293.103354
0.33725,2,293.180707
0.735072,3,293.292282
0.311285,2,293.380736
1.027775,4,293.533273
0.314554,2,293.61008
1.904428,6,293.864967
0.31819,2,293.953439
1.80674,6,294.183583
1.158129,4,294.347234
1.758404,6,294.581016
1.087829,4,294.73591
0.336232,2,294.813614
1.057421,4,294.991067
0.377504,2,295.079623
0.325516,2,295.166791
0.323359,2,295.243414
0.707134,3,295.363621
-7.739954,6,295.618296
1.11807,4,295.777845
1.146626,5,295.966864
2.130422,6,296.210588
5.42408,14,296.775406
0.323868,2,296.851745
0.315365,2,296.928129
0.375569,2,297.015589
-8.066178,5,297.226074
1.05473,4,297.381495
0.33725,2,297.458838
1.698779,6,297.72546
0.367312,2,297.812765
3.542274,10,298.211032
0.344116,2,298.28878
0.716302,3,298.410957
3.32252,11,298.847371
0.34296,2,298.924708
-8.528304,4,299.093148
0.338963,2,299.180596
0.340894,2,299.257605
0.341638,2,299.333632
0.311285,2,299.410479
1.749009,6,299.655361
3.046777,9,300.008655
1.319485,5,300.209138
0.362026,2,300.296716
0.377925,2,300.383558
0.341383,2,300.462161
0.3859,2,300.538538
0.327351,2,300.626454
0.336448,2,300.714598
1.091131,4,300.879733
0.346593,2,300.956688
0.372797,2,301.034496
2.863892,8,301.365957
2.122148,7,301.64586
1.508184,5,301.843658
0.311285,2,301.931117
0.32017,2,302.018294
1.210887,5,302.237202
2.78649,9,302.577394
0.367967,2,302.654525
1.811207,6,302.900116
2.034657,7,303.176839
0.33725,2,303.264196
0.708806,3,303.385291
0.322091,2,303.463784
1.415848,5,303.671293
2.142683,7,303.978584
0.752212,3,304.109929
1.131802,4,304.261615
0.358362,2,304.33803
0.311285,2,304.425009
4.284476,12,304.919996
0.329275,2,305.007667
0.764073,3,305.117844
1.921257,6,305.360736
1.107456,4,305.525119
-7.983946,5,305.71683
0.781542,3,305.84976
0.319726,2,305.936916
0.311285,2,306.024901
0.311405,2,306.112425
0.369589,2,306.189008
1.841506,6,306.421383
0.359227,2,306.509362
1.763194,6,306.764453
-8.202585,5,306.965615
2.482561,8,307.283833
2.887377,9,307.643708
0.332726,2,307.719527
0.669502,3,307.839233
4.268872,12,308.332399
0.731071,3,308.453956
1.828852,6,308.695019
1.459149,5,308.913737
0.335132,2,309.00052
1.802194,6,309.263342
0.742733,3,309.394466
0.311285,2,309.471089
0.358829,2,309.547699
0.333323,2,309.636873
0.360107,2,309.724171
0.366723,2,309.811636
0.316754,2,309.899392
0.71014,3,310.031292
0.688221,3,310.151145
0.311285,2,310.238948
0.324184,2,310.326181
0.761436,3,310.435551
0.322984,2,310.514338
0.311285,2,310.59274
2.856706,8,310.917583
0.338193,2,311.004687
1.042968,4,311.15186
0.376352,2,311.230865
0.33725,2,311.309061
0.341046,2,311.385814
0.362369,2,311.474564
0.368897,2,311.561871
3.034729,9,311.936006
0.325859,2,312.02332
1.074265,4,312.187183
1.110361,4,312.350692
0.329479,2,312.426832
0.311463,2,312.515591
1.038151,4,312.680046
1.156115,5,312.878878
0.995444,4,313.033261
0.358263,2,313.121262
0.320572,2,313.198716
0.334809,2,313.286666
-7.575908,7,313.57322
2.211154,8,313.884396
0.341296,2,313.971218
0.372378,2,314.047194
0.366467,2,314.134581
1.087844,4,314.298217
0.379423,2,314.386236
0.32058,2,314.473535
0.721251,3,314.594689
1.468634,5,314.795005
0.328575,2,314.880993
0.347212,2,314.970459
5.492346,15,315.579172
0.312509,2,315.667655
0.665679,3,315.787245
0.701322,3,315.918932
0.367194,2,315.996349
0.33725,2,316.072448
1.281564,5,316.28545
1.142191,4,316.4489
0.674016,3,316.56924
0.704478,3,316.691015
0.327404,2,316.768459
1.526249,5,316.96452
0.33725,2,317.044028
0.358903,2,317.132806
-6.827811,8,317.456551
0.698369,3,317.58841
0.349193,2,317.664024
4.115393,12,318.143362
0.371954,2,318.220952
0.34901,2,318.30789
0.353074,2,318.396015
0.32252,2,318.483246
0.321067,2,318.569704
0.33725,2,318.656396
0.327031,2,318.732887
0.375355,2,318.809626
2.711647,8,319.108817
0.337272,2,319.185139
0.330842,2,319.272149
0.311341,2,319.358992
0.3461,2,319.44716
0.340142,2,319.534813
1.940012,6,319.785152
0.735841,3,319.91481
0.70841,3,320.024795
0.325903,2,320.101854
0.317674,2,320.188822
0.745088,3,320.319648
0.674179,3,320.449879
-6.716069,8,320.780154
0.364249,2,320.856557
0.363307,2,320.932808
0.321861,2,321.02074
0.693533,3,321.152529
0.355364,2,321.240532
0.754477,3,321.371345
0.33725,2,321.447312
0.33725,2,321.522945
0.328812,2,321.599928
0.324135,2,321.679578
0.363636,2,321.758044
0.335222,2,321.835846
0.74767,3,321.957005
0.337829,2,322.044238
1.619908,6,322.285947
0.311285,2,322.362084
0.311285,2,322.438373
0.323485,2,322.516284
0.721062,3,322.627557
2.960966,8,322.953189
0.710846,3,323.073232
1.743343,6,323.320109
0.322785,2,323.405833
0.34062,2,323.492685
-8.36839,4,323.655414
1.045674,4,323.818009
1.714494,6,324.061499
0.323017,2,324.149378
-8.159156,5,324.358235
0.67523,3,324.466446
0.336821,2,324.543525
0.699092,3,324.666909
2.303282,7,324.945305
0.763252,3,325.064788
0.384195,2,325.141068
0.330646,2,325.229081
0.717881,3,325.35192
1.47416,5,325.540618
0.33725,2,325.629977
0.7538,3,325.76273
-8.469686,4,325.92784
0.684736,3,326.03806
0.693997,3,326.160514
1.392126,5,326.363384
0.339888,2,326.451546
0.353762,2,326.538529
0.33725,2,326.625521
1.127939,5,326.825208
0.713086,3,326.955893
0.327924,2,327.043543
0.368898,2,327.130323
0.963212,4,327.297028
0.33725,2,327.373976
0.359087,2,327.463377
3.337055,10,327.884921
0.314599,2,327.971973
0.32534,2,328.061493
1.529854,5,328.259277
0.717337,3,328.389857
0.323596,2,328.468276
0.326272,2,328.55794
1.918398,6,328.780182
0.311285,2,328.866901
2.205182,7,329.148474
1.355448,5,329.356706
0.311285,2,329.434349
0.736559,3,329.556522
1.459516,5,329.778828
0.33181,2,329.855209
1.387927,5,330.065461
0.329991,2,330.153069
0.33725,2,330.240143
1.83344,6,330.503499
0.340448,2,330.590825
3.760441,9,330.955003
0.384863,2,331.043216
0.33725,2,331.131252
2.183628,7,331.417604
0.325205,2,331.49498
0.336906,2,331.581708
1.39819,5,331.793302
0.328923,2,331.881036
0.326063,2,331.968756
0.322586,2,332.057985
1.805039,6,332.311726
0.33054,2,332.38876
0.316763,2,332.465815
0.369196,2,332.556799
1.048333,4,332.721417
3.548919,10,333.112949
4.005186,12,333.598952
1.149757,4,333.755571
3.503456,10,334.152967
4.559372,13,334.705437
1.539703,5,334.906199
0.323334,2,334.993396
1.016127,4,335.166768
0.367574,2,335.254177
0.372567,2,335.332196
0.335202,2,335.419008
0.788975,3,335.554112
0.329609,2,335.641576
0.742961,3,335.762105
0.327082,2,335.849666
0.332514,2,335.937419
0.311285,2,336.025685
3.168678,9,336.401789
0.658491,3,336.533962
0.344844,2,336.621696
0.377909,2,336.700929
0.679938,3,336.810198
1.872143,7,337.119344
0.340301,2,337.206647
0.385079,2,337.282509
2.298196,7,337.570363
2.713458,8,337.891591
1.130226,4,338.060144
0.342314,2,338.149588
1.407956,5,338.349309
0.313382,2,338.437505
1.84231,6,338.679239
1.760423,6,338.911057
0.311285,2,338.987792
-7.632212,6,339.232257
0.366,2,339.307901
2.231229,7,339.582612
0.74777,3,339.716697
0.367027,2,339.793621
0.33725,2,339.880978
0.335091,2,339.968885
0.757118,3,340.099199
0.311285,2,340.186538
4.551908,13,340.730628
0.331221,2,340.806201
0.333328,2,340.883435
1.827664,6,341.126973
4.708958,13,341.657195
0.346466,2,341.743798
1.110587,4,341.909492
0.743851,3,342.030272
1.5647,5,342.2281
2.275267,7,342.534275
3.310542,10,342.964025
0.333277,2,343.039852
0.323245,2,343.126587
0.368859,2,343.202797
1.092031,4,343.358322
0.328737,2,343.437372
1.006103,4,343.59155
0.33725,2,343.668924
1.458433,5,343.870492
-7.888383,5,344.070746
1.494309,5,344.26926
0.343558,2,344.355921
1.107976,4,344.529996
1.073603,4,344.703127
0.348181,2,344.792061
0.311285,2,344.867845
0.312997,2,344.944671
0.323786,2,345.020597
0.697007,3,345.141776
0.688214,3,345.263196
0.37711,2,345.351838
2.455879,7,345.660579
0.359057,2,345.736653
0.334171,2,345.824291
0.727934,3,345.945778
0.349717,2,346.02267
1.07587,4,346.19212
2.766177,8,346.526405
1.108689,4,346.690293
0.313023,2,346.768387
3.327821,9,347.158027
1.067461,4,347.322065
1.35133,5,347.532823
0.377995,2,347.621201
0.740893,3,347.742151
0.374648,2,351.911494
2.286067,7,352.183958
0.352665,2,352.27185
0.329947,2,352.360784
0.362033,2,352.447894
0.752539,3,352.578999
0.328369,2,352.666793
-7.045241,7,352.953788
0.698024,3,353.073798
2.666494,8,353.399869
1.45812,5,353.613749
0.705652,3,353.743009
1.056093,4,353.898319
0.387712,2,353.977964
0.731648,3,354.099975
0.319543,2,354.186872
0.327722,2,354.273676
0.316681,2,354.363261
4.691406,12,354.849416
0.714526,3,354.969997
0.364171,2,355.05613
0.311285,2,355.143373
0.346208,2,355.232552
2.148836,7,355.499687
0.34008,2,355.588306
0.72997,3,355.699934
0.369043,2,355.787726
0.735282,3,355.909016
0.679993,3,356.04174
1.486377,5,356.244466
1.770076,6,356.485485
2.197679,7,356.762075
0.728841,3,356.88301
0.705376,3,357.004231
0.33725,2,357.092065
3.4064,11,357.540253
1.738333,6,357.777438
0.763339,3,357.909075
2.159727,7,358.177528
0.358185,2,358.254557
1.351821,5,358.446418
0.761146,3,358.568946
0.311285,2,358.655814
3.935335,11,359.091355
0.33725,2,359.180394
1.072146,4,359.348838
0.373713,2,359.42612
0.334298,2,359.505759
1.442599,5,359.727726
1.080729,4,359.90197
0.728822,3,360.012309
0.74818,3,360.135144
0.33929,2,360.224553
0.718322,3,360.347087
1.394991,5,360.568202
0.36739,2,360.655468
0.351408,2,360.743434
0.767457,3,360.86328
0.72377,3,360.983602
1.093817,4,361.150148
1.678369,6,361.381996
0.33725,2,361.469992
0.753999,3,361.60066
0.318197,2,361.687877
0.377764,2,361.774699
0.337168,2,361.861957
-7.481809,6,362.105075
0.35187,2,362.192042
0.369744,2,362.268698
3.265403,9,362.629799
0.35672,2,362.70533
1.028291,4,362.86022
0.316001,2,362.94825
1.421241,6,363.199972
0.378113,2,363.276144
-6.866116,10,363.670918
0.347913,2,363.746819
0.369241,2,363.834661
1.516381,5,364.034582
1.455999,5,364.211849
0.314198,2,364.29995
1.040056,4,364.467082
0.717065,3,364.587215
0.313415,2,364.663018
-8.361677,5,364.862706
1.02302,4,365.027311
0.342426,2,365.114894
0.699366,3,365.234943
0.326313,2,365.311587
0.348188,2,365.388965
0.325848,2,365.468461
3.29162,10,365.849464
0.332918,2,365.937938
1.084536,4,366.102373
-6.60548,8,366.413223
2.141563,7,366.677938
0.733874,3,366.79888
0.737666,3,366.930826
1.36509,5,367.129079
0.725331,3,367.2604
2.209117,7,367.557819
0.334605,2,367.645363
1.507389,5,367.845536
1.121643,4,368.002101
0.325436,2,368.09175
0.694594,3,368.211694
0.684349,3,368.334843
0.355794,2,368.422337
3.470449,10,368.810378
0.33725,2,368.897604
0.736889,3,369.018481
0.311285,2,369.10609
1.936924,6,369.352103
-8.141415,6,369.605136
0.662338,3,369.725545
3.822307,11,370.155227
0.701967,3,370.288449
0.37917,2,370.375381
0.321194,2,370.454058
0.713029,3,370.57742
0.737098,3,370.698885
0.33725,2,370.776103
0.359962,2,370.854566
1.828154,6,371.097343
0.311285,2,371.186367
0.335841,2,371.273177
1.071315,4,371.438744
1.025969,4,371.603539
5.774288,17,372.324114
0.358837,2,372.401199
0.341708,2,372.47773
0.311285,2,372.556113
0.339445,2,372.643114
0.311285,2,372.720621
0.336782,2,372.796901
1.080937,4,372.95116
2.274409,7,373.226935
0.311285,2,373.314501
2.120142,7,373.590599
1.094165,4,373.743974
0.341491,2,373.821101
1.755152,6,374.049851
0.385841,2,374.12808
0.378271,2,374.206405
4.95851,13,374.733476
1.512759,5,374.92226
1.133276,4,375.086497
2.465601,8,375.408902
-7.844344,6,375.642791
0.357401,2,375.720047
0.372572,2,375.797848
0.72875,3,375.920727
0.326734,2,376.010641
4.023667,13,376.522879
2.165463,7,376.803565
0.685063,3,376.93466
0.318799,2,377.021586
1.028711,4,377.17601
3.206906,10,377.580018
-7.068646,8,377.910643
2.410807,7,378.189443
2.860096,8,378.486661
1.527196,5,378.686826
1.424358,5,378.907825
1.084042,4,379.072423
-8.742092,4,379.249932
0.316433,2,379.337681
0.34122,2,379.425866
0.311285,2,379.50239
0.326959,2,379.588777
4.061989,12,380.067494
1.410969,5,380.27026
-4.630798,12,380.740783
1.451731,5,380.962034
0.326501,2,381.049265
0.318806,2,381.125269
0.376102,2,381.212775
0.33725,2,381.289209
0.342204,2,381.366518
-8.582238,4,381.519493
0.368396,2,381.595897
1.14785,4,381.76044
0.734006,3,381.881779
0.346288,2,381.959816
0.387148,2,382.036886
1.382633,5,382.226442
4.010124,12,382.685505
0.767903,3,382.8162
0.315692,2,382.895011
0.334744,2,382.971622
1.391337,5,383.180416
0.730334,3,383.311592
0.346394,2,383.39869
1.019382,4,383.56369
0.656919,3,383.684443
0.76201,3,383.806949
0.319072,2,383.895417
0.360678,2,383.983182
1.104236,4,384.148167
0.366441,2,384.236275
1.038248,4,384.401378
1.057662,4,384.575233
0.362466,2,384.651215
0.3738,2,384.728727
3.29953,10,385.139515
-8.551777,4,385.304103
1.483386,5,385.515649
0.37713,2,385.602612
1.870702,6,385.847585
4.306,12,386.31305
1.026996,4,386.490768
0.329166,2,386.577271
0.757942,3,386.698801
0.327541,2,386.776433
1.760266,6,387.031389
1.071924,4,387.20651
0.733606,3,387.337112
0.689259,3,387.458118
0.321667,2,387.534624
1.016221,4,387.710912
0.719183,3,387.832941
0.311285,2,387.908906
0.32365,2,387.987319
0.385036,2,388.074702
0.317667,2,388.151815
1.797657,6,388.387121
2.249983,7,388.672146
1.798842,6,388.918234
3.549786,10,389.339613
1.572053,5,389.538156
0.358865,2,389.625349
0.33725,2,389.70376
0.342743,2,389.794436
0.34743,2,389.880981
0.713131,3,390.003209
7.355071,19,390.74787
1.087274,4,390.927068
0.323432,2,391.003697
0.336882,2,391.080346
1.841141,6,391.322263
1.500124,5,391.531455
2.772836,8,391.833286
0.759866,3,391.955811
0.367487,2,392.046079
0.357227,2,392.133434
0.374824,2,392.222286
0.37447,2,392.299077
0.321464,2,392.376152
0.374022,2,392.453906
0.745613,3,392.585658
0.325361,2,392.662302
0.77021,3,392.784916
0.37262,2,392.871392
2.646728,8,393.212433
0.376133,2,393.299264
0.372494,2,393.387599
0.700869,3,393.518252
-6.124524,9,393.883845
0.360895,2,393.971081
0.340258,2,394.058698
0.324875,2,394.145959
0.683525,3,394.266952
0.68421,3,394.385695
1.045147,4,394.538028
0.320803,2,394.615832
0.720606,3,394.748563
3.178484,9,395.130283
0.701879,3,395.250344
0.767188,3,395.371992
-3.872622,15,395.952792
1.832741,6,396.197057
0.333361,2,396.285894
0.782896,3,396.419308
3.144411,10,396.818356
1.404432,5,397.027028
1.803455,6,397.259779
1.427908,5,397.459666
0.33725,2,397.535555
0.324719,2,397.613492
0.344384,2,397.701587
0.333169,2,397.79047
0.33725,2,397.865886
-7.960007,5,398.063847
0.350723,2,398.140677
1.487611,5,398.339495
1.456012,5,398.540203
0.330944,2,398.627294
-8.326939,4,398.791896
4.390122,13,399.306875
3.457207,10,399.707905
0.339999,2,399.784353
-7.216772,7,400.05254
0.708678,3,400.172866
0.329349,2,400.248816
0.369821,2,400.326055
1.988422,6,400.57211
0.660933,3,400.691848
2.485599,8,401.014396
1.07647,4,401.180876
0.33725,2,401.256396
-4.433732,13,401.760107
1.889266,7,402.045929
0.333369,2,402.133091
0.349367,2,402.209075
2.974261,9,402.566303
-7.064382,7,402.843275
2.874151,9,403.185234
0.369478,2,403.273144
0.353078,2,403.35187
1.047332,4,403.509389
0.702843,3,403.640883
0.359686,2,403.718625
1.825769,6,403.952299
0.355723,2,404.040349
5.605436,16,404.712809
0.322137,2,404.798826
0.316559,2,404.886794
0.341972,2,404.973199
1.0712,4,405.138407
0.707315,3,405.269847
0.372431,2,405.345471
0.999883,4,405.499321
0.712572,3,405.622153
0.78116,3,405.74137
1.457481,5,405.921018
0.331829,2,406.011383
0.344479,2,406.099191
0.982922,4,406.263291
1.037298,4,406.427212
0.333189,2,406.51615
0.323074,2,406.604265
2.675716,8,406.927233
1.881267,6,407.172365
-8.490683,4,407.315491
1.044023,4,407.469496
1.460635,5,407.658551
0.328516,2,407.746675
1.039835,4,407.912537
0.326121,2,408.000198
0.317922,2,408.077626
0.311285,2,408.166698
1.105599,4,408.330831
2.163825,7,408.620423
0.695074,3,408.739586
0.342931,2,408.816447
1.649566,6,409.057492
0.315535,2,409.144728
0.677919,3,409.276359
3.478911,11,409.68755
1.159605,4,409.852875
0.379479,2,409.940055
1.812164,6,410.193462
0.324616,2,410.271571
0.753241,3,410.383285
0.717,3,410.504099
0.357716,2,410.591298
0.720288,3,410.723479
0.361753,2,410.800234
0.355452,2,410.888478
0.321101,2,410.978372
0.347541,2,411.065728
0.765037,3,411.185689
1.020981,4,411.34004
-8.196038,5,411.56064
1.505022,5,411.771009
-7.071194,7,412.066091
2.663522,8,412.39682
0.355959,2,412.484665
2.616242,8,412.795749
1.502685,5,412.994941
0.378474,2,413.082115
0.326534,2,413.17001
3.299028,11,413.601702
0.75893,3,413.72246
0.312172,2,413.799606
0.356654,2,413.888354
1.037339,4,414.042994
8.088669,22,414.921608
2.186666,7,415.207592
1.815081,6,415.438811
4.124915,12,415.905736
3.552477,10,416.312905
5.636483,15,416.91457
4.175363,12,417.396401
0.360089,2,417.483993
-7.613297,6,417.726959
0.707115,3,417.847519
0.379825,2,417.923649
3.351076,10,418.341811
0.370818,2,418.429128
1.019241,4,418.583241
1.109956,4,418.749333
1.036145,4,418.902747
1.833504,6,419.138586
0.311285,2,419.216191
1.989215,6,419.460896
1.711411,6,419.714193
0.326949,2,419.790393
4.736537,14,420.363671
2.75443,8,420.695441
0.335105,2,420.782905
1.543441,5,420.992479
1.521955,5,421.196776
0.747349,3,421.328322
1.998765,6,421.562106
1.190917,5,421.775126
0.33725,2,421.862836
0.33725,2,421.939826
1.736692,6,422.194444
0.311285,2,422.281923
0.387481,2,422.357948
1.510874,5,422.566993
0.733296,3,422.677538
1.409181,5,422.879619
0.311285,2,422.957969
4.689935,14,423.515169
0.315326,2,423.601286
2.554093,8,423.93081
1.040922,4,424.095861
1.020749,4,424.27256
0.342687,2,424.361589
0.388584,2,424.448507
1.266162,5,424.660712
0.35857,2,424.747376
1.054045,4,424.903406
0.386188,2,424.982407
0.33545,2,425.072096
0.374398,2,425.158495
0.357363,2,425.236776
0.708919,3,425.35908
2.427561,8,425.682821
-8.547441,4,425.847545
-7.261845,7,426.133127
5.183895,15,426.715426
0.986298,4,426.880975
2.365512,8,427.224119
0.351022,2,427.299915
1.08156,4,427.454391
5.032668,13,427.970872
0.706706,3,428.084502
0.318319,2,428.171486
0.68473,3,428.292274
0.33725,2,428.380682
-7.949003,6,428.616508
0.344993,2,428.693495
2.166561,7,428.965406
-4.964655,12,429.438034
3.855856,10,429.837862
0.361051,2,429.915445
1.022944,4,430.08214
0.32151,2,430.169032
0.376361,2,430.255619
1.120457,4,430.414976
3.073433,9,430.773008
1.222107,5,430.99178
0.342009,2,431.069049
0.33725,2,431.146273
0.326188,2,431.223118
3.555125,10,431.609025
0.320317,2,431.697459
1.824939,6,431.933397
1.633796,6,432.168406
0.365918,2,432.246095
0.334985,2,432.323967
0.751599,3,432.44593
0.33725,2,432.523954
0.324828,2,432.612958
0.323422,2,432.689843
0.316891,2,432.766761
2.164552,7,433.035802
1.872569,6,433.279644
-6.413704,9,433.635421
-8.56962,4,433.791869
-7.185864,9,434.164333
1.85925,6,434.397308
1.429531,5,434.596643
1.076762,4,434.752344
0.736304,3,434.884107
0.774965,3,439.122653
0.730269,3,439.245624
1.756254,6,439.460325
1.097753,4,439.626611
0.347743,2,439.704125
-6.398961,9,440.072682
1.421373,5,440.270497
0.735673,3,440.380549
2.033254,7,440.661617
1.052251,4,440.816737
1.409217,5,441.006905
-8.020361,5,441.20772
1.0513,4,441.362264
0.371659,2,441.43954
0.325492,2,441.527499
4.836004,13,442.047597
0.312898,2,442.123781
1.813406,6,442.357846
4.549239,14,442.909338
0.333395,2,442.996464
0.323224,2,443.074378
1.7908,6,443.315301
0.311285,2,443.4034
0.357931,2,443.481021
0.335582,2,443.558545
4.344103,13,444.056711
2.79656,8,444.363508
3.966676,12,444.835551
4.66631,14,445.365838
1.42864,5,445.589555
2.158993,7,445.869943
3.818163,12,446.329707
0.386525,2,446.407385
5.232484,14,446.979925
0.346482,2,447.066929
1.109031,4,447.220749
0.383747,2,447.298161
0.708006,3,447.409139
2.138136,7,447.701691
0.746739,3,447.82189
0.319529,2,447.899342
1.430321,5,448.088871
0.332695,2,448.166749
0.730403,3,448.277723
0.332948,2,448.36558
2.205663,7,448.63194
1.12972,4,448.789424
1.038273,4,448.936175
3.918595,11,449.380048
1.470188,5,449.576261
3.392566,10,449.957969
3.308963,10,450.342324
0.339232,2,450.41905
0.323438,2,450.496274
0.68453,3,450.618594
1.613287,6,450.854376
0.338651,2,450.943346
3.731754,11,451.356972
1.0695,4,451.51208
0.341711,2,451.589877
0.35225,2,451.680705
1.147656,4,451.848979
0.349062,2,451.927155
0.718222,3,452.046816
2.191205,7,452.326443
-7.42007,7,452.602693
0.328055,2,452.679956
4.752334,14,453.197115
0.3553,2,453.275503
0.706165,3,453.397671
0.338385,2,453.474883
0.352656,2,453.553378
0.311285,2,453.64173
1.130654,4,453.806492
0.675119,3,453.928281
0.700726,3,454.049469
0.328836,2,454.128145
3.770735,12,454.622024
1.429173,5,454.812552
5.387183,17,455.512977
1.791884,6,455.745261
2.119666,7,456.034891
0.312979,2,456.111583
3.520589,11,456.546268
2.479298,8,456.850466
0.985407,4,457.007675
1.05684,4,457.161468
0.333012,2,457.249696
8.618104,22,458.145721
3.110523,9,458.513334
0.718998,3,458.634218
5.532507,16,459.253203
0.347783,2,459.33052
0.675277,3,459.452023
0.326367,2,459.538867
1.061869,4,459.705183
0.386764,2,459.792504
0.982282,4,459.958156
0.32704,2,460.036659
0.370989,2,460.124527
0.328384,2,460.213615
1.77775,6,460.448523
0.337987,2,460.53802
0.335235,2,460.624672
-7.992805,5,460.814224
2.187514,7,461.074953
-7.545728,6,461.340508
0.691788,3,461.451737
0.360046,2,461.54144
0.311285,2,461.630105
0.332844,2,461.70772
1.037827,4,461.853315
3.062278,9,462.202599
2.029761,6,462.467008
3.067341,9,462.836108
0.342709,2,462.912485
2.646215,8,463.21708
0.389622,2,463.294982
1.437187,5,463.506262
0.334718,2,463.583287
3.50188,11,464.027245
3.431675,10,464.407665
0.331523,2,464.484624
3.012015,9,464.853427
1.110699,4,465.019481
0.31369,2,465.107762
3.411708,11,465.519123
0.33725,2,465.597934
2.325366,7,465.861988
0.343064,2,465.94005
1.355655,5,466.122855
0.353055,2,466.201536
3.0245,9,466.561659
0.33725,2,466.649764
0.36096,2,466.728087
0.356474,2,466.804313
7.099555,19,467.556328
0.326837,2,467.644951
2.145676,7,467.933575
0.343363,2,468.023085
0.316421,2,468.109489
0.351556,2,468.196355
0.729628,3,468.317766
2.215502,7,468.617601
-7.573821,6,468.862361
1.937704,6,469.118186
0.378247,2,469.205575
0.352877,2,469.282912
2.075076,7,469.559675
0.372914,2,469.647744
1.978583,6,469.86984
-8.668438,4,470.015599
-6.424116,10,470.39985
1.465633,5,470.589425
0.327622,2,470.666292
2.263453,7,470.943159
2.0438,6,471.175613
0.323581,2,471.252491
1.38658,6,471.497728
2.070264,7,471.766213
0.378084,2,471.844442
0.314621,2,471.923965
2.767292,9,472.276785
0.681748,3,472.409908
1.848401,6,472.654761
0.380241,2,472.732996
1.092138,4,472.902041
0.350948,2,472.992796
0.754285,3,473.124452
4.586617,13,473.63056
-5.232042,12,474.086903
0.362846,2,474.164981
1.464892,5,474.374818
3.895588,11,474.795395
0.759834,3,474.917486
2.129291,7,475.202775
3.540297,11,475.649595
1.818089,6,475.903568
2.200763,7,476.17169
0.33725,2,476.25922
0.324784,2,476.336089
1.151499,4,476.513188
1.068127,4,476.66875
1.051329,4,476.822469
0.707259,3,476.944943
-6.802986,8,477.255516
0.332844,2,477.33339
-8.299613,4,477.492519
0.330288,2,477.569808
0.76053,3,477.694044
0.74188,3,477.803498
0.322196,2,477.880413
1.069969,4,478.038538
1.120497,4,478.204614
0.324924,2,478.292332
0.332391,2,478.370775
1.216939,5,478.563867
0.380862,2,478.641641
1.428746,5,478.832768
2.802669,9,479.209311
1.005204,4,479.376223
3.60669,12,479.834537
0.331575,2,479.911961
3.906072,11,480.351039
0.311285,2,480.437944
1.175683,4,480.591616
1.522493,5,480.782991
0.332258,2,480.862473
0.35412,2,480.953234
2.354799,8,481.275955
0.315946,2,481.352272
1.004944,4,481.50964
1.155937,5,481.702086
7.280689,21,482.503186
0.361303,2,482.581119
0.662261,3,482.702231
1.103582,4,482.857509
0.679011,3,482.978681
0.717898,3,483.104022
1.583495,5,483.29182
1.744342,6,483.526614
0.329769,2,483.616327
-7.980917,5,483.795502
0.369488,2,483.884263
1.779679,6,484.118396
0.323705,2,484.206976
-7.492431,6,484.453936
2.456286,8,484.787753
1.388806,5,484.986071
1.088184,4,485.143193
0.319156,2,485.22045
2.711107,8,485.524719
0.325778,2,485.601497
0.701704,3,485.723867
-6.167755,10,486.103892
3.599568,11,486.536905
0.342605,2,486.625507
3.797595,11,487.072111
2.765364,9,487.419691
1.47337,5,487.601613
1.120031,4,487.760154
1.070188,4,487.914431
3.690078,10,488.301663
0.329209,2,488.377594
2.909763,9,488.733855
3.795879,11,489.131707
1.840509,6,489.364845
2.300143,7,489.651706
0.691595,3,489.761925
1.122476,5,489.941143
1.107205,4,490.098034
0.672462,3,490.220922
1.037342,4,490.364913
1.0806,4,490.523034
0.356508,2,490.611321
1.463472,5,490.810351
3.274938,9,491.167213
0.721196,3,491.287972
0.731298,3,491.398434
2.717357,8,491.703252
3.376758,10,492.094617
0.661326,3,492.206369
1.117023,4,492.375082
2.268999,8,492.67651
1.788795,6,492.909592
2.701567,9,493.262064
0.990336,4,493.417308
1.434708,5,493.59975
0.318478,2,493.688149
2.098515,7,493.996784
0.345924,2,494.07343
1.063739,4,494.220697
2.235647,7,494.492612
1.644854,7,494.748287
2.855556,9,495.095207
0.731881,3,495.20762
3.248801,10,495.604512
3.711356,11,496.052375
1.299273,5,496.253338
-8.192448,5,496.46412
0.33709,2,496.553211
1.854426,6,496.806221
0.352465,2,496.883021
1.440522,5,497.075252
0.311285,2,497.163779
1.339037,5,497.35173
0.370993,2,497.429332
0.323405,2,497.517776
1.948717,6,497.76327
-7.664469,7,498.033272
3.325966,10,498.401628
3.157799,9,498.745999
1.883857,6,498.961075
2.22206,7,499.242959
2.714634,8,499.566324
0.327526,2,499.644005
3.03608,9,499.981964
0.74049,3,500.114848
1.32798,5,500.306893
3.110806,9,500.67063
0.682494,3,500.791771
0.329909,2,500.869048
1.465272,5,501.060244
0.330008,2,501.149878
0.322071,2,501.227427
4.150841,11,501.651985
1.391228,5,501.85281
0.313322,2,501.930211
0.358536,2,502.020337
1.853891,6,502.261296
2.426768,8,502.565503
1.70791,6,502.798854
1.025678,4,502.96322
0.714685,3,503.072512
0.6909,3,503.195693
1.60949,5,503.392581
-6.839028,9,503.74791
4.45688,13,504.252427
0.311285,2,504.330266
1.035976,4,504.497562
4.047588,12,504.961491
0.334475,2,505.039545
3.786355,11,505.463048
0.715057,3,505.592836
2.977432,9,505.940753
2.654196,8,506.24591
0.31721,2,506.323482
0.363607,2,506.401471
1.445108,5,506.595294
2.13019,7,506.867275
0.713645,3,506.980333
0.325401,2,507.069046
1.321702,5,507.271064
0.333317,2,507.348175
1.016727,4,507.51772
0.382202,2,507.595618
1.035779,4,507.752842
1.482396,5,507.955238
2.706393,8,508.254708
1.103027,4,508.422635
0.319193,2,508.510734
1.965224,7,508.776959
1.809182,6,509.020249
0.329916,2,509.107301
1.494207,5,509.309286
0.715535,3,509.430189
0.373926,2,509.519369
1.359787,5,509.719313
2.059179,7,509.979692
0.358089,2,510.068185
2.223355,7,510.349086
0.356629,2,510.437033
0.31434,2,510.526563
1.124718,4,510.690778
2.700114,8,511.015709
0.339121,2,511.093261
0.698616,3,511.217026
3.796419,11,511.635733
0.374822,2,511.713503
6.747323,19,512.485952
2.310431,7,512.745615
1.892205,6,512.979335
4.406928,13,513.490697
3.624522,11,513.916268
1.53557,6,514.161334
0.327556,2,514.248501
2.090487,7,514.526375
1.817523,6,514.760503
0.379717,2,514.848986
5.648606,15,515.467384
1.101118,4,515.634645
2.843005,9,515.970125
0.333296,2,516.048321
1.04217,4,516.215677
2.258853,7,516.482146
0.739084,3,516.594017
0.359437,2,516.671021
0.361416,2,516.758901
1.342779,5,516.968935
2.093546,7,517.247273
1.024891,4,517.409335
2.209776,7,517.686371
0.315867,2,517.773004
0.709637,3,517.90651
0.334193,2,517.98324
0.777522,3,518.092755
2.277466,7,518.372433
0.34493,2,518.449592
0.351625,2,518.527707
1.104875,4,518.693514
1.068564,4,518.858655
0.358265,2,518.946083
1.526867,5,519.143279
0.735853,3,519.254532
1.156349,4,519.411877
1.177922,4,519.578007
2.248098,7,519.852558
0.323264,2,519.940364
0.338917,2,520.027371
0.738972,3,520.149655
-7.530263,7,524.53669
1.092713,4,524.695238
1.892363,6,524.940055
1.52982,5,525.139513
0.358794,2,525.216917
3.365626,10,525.583835
2.666105,8,525.897704
0.318584,2,525.987153
0.358008,2,526.062716
0.315105,2,526.139831
3.62867,10,526.521773
0.319076,2,526.609775
3.182696,10,527.020894
4.354281,12,527.495433
0.311285,2,527.584937
2.297058,7,527.85136
2.910005,10,528.234995
-4.291139,15,528.805757
-6.241836,10,529.185154
-8.505872,4,529.341748
0.333767,2,529.418017
0.36537,2,529.495776
1.099036,4,529.641283
6.789895,23,530.503816
0.370954,2,530.580504
3.951511,12,531.050775
2.082063,7,531.321207
5.316038,14,531.857153
0.373256,2,531.935109
0.68314,3,532.055617
-5.846822,12,532.527644
1.42876,5,532.72511
1.908132,6,532.961806
3.421232,11,533.396048
5.95325,16,534.026026
1.167401,4,534.190901
0.702173,3,534.300999
1.80405,6,534.519137
1.14767,4,534.667202
1.063704,4,534.83654
1.129478,4,534.984298
2.057521,6,535.214428
-7.528987,6,535.450579
2.348903,7,535.724488
6.025156,16,536.330137
1.624424,6,536.555752
2.914163,9,536.898962
0.342884,2,536.976853
0.728457,3,537.097861
1.045802,4,537.243985
2.414041,8,537.547369
0.376403,2,537.625614
0.354527,2,537.714602
2.049492,7,537.988124
0.355509,2,538.076018
1.007278,4,538.230007
4.065004,11,538.660463
0.326916,2,538.738794
1.883978,6,538.986123
0.358998,2,539.07364
6.484212,20,539.847989
3.434732,10,540.22802
0.389136,2,540.315721
0.33725,2,540.403462
0.351449,2,540.480058
0.333147,2,540.568828
3.269154,10,540.966316
0.320432,2,541.054052
8.681393,27,542.097832
4.417739,14,542.643439
3.399862,10,543.038725
1.826549,6,543.271089
1.159746,4,543.427348
1.815505,6,543.664726
0.336312,2,543.755015
2.980338,9,544.111089
1.885867,6,544.337709
4.201013,11,544.777489
0.331319,2,544.865383
0.341054,2,544.941216
6.145726,18,545.618067
0.747199,3,545.728981
1.528248,5,545.91998
4.893506,15,546.505101
0.34294,2,546.593014
0.780882,3,546.705154
2.351497,7,546.968992
0.988659,4,547.115916
-6.953889,8,547.422227
1.517467,5,547.60307
1.824328,6,547.839483
2.281241,8,548.140884
1.114312,4,548.286316
2.546565,8,548.609229
4.848096,15,549.20782
1.456082,5,549.407581
1.069252,4,549.574852
1.56328,5,549.765467
1.086289,4,549.9328
0.363442,2,550.011266
0.330546,2,550.088674
0.749032,3,550.210963
0.322712,2,550.298524
1.363084,5,550.500285
3.902528,12,550.969321
5.613349,16,551.617352
1.837679,6,551.849849
0.705866,3,551.96177
0.735809,3,552.085619
0.311285,2,552.165263
0.686134,3,552.276292
1.957382,7,552.5368
3.135932,10,552.940539
4.2091,13,553.43937
3.812872,12,553.909434
0.336741,2,553.987539
0.692308,3,554.111856
0.323087,2,554.190131
2.428468,8,554.493285
1.729975,6,554.727957
1.044531,4,554.88695
1.073482,4,555.031806
3.628773,11,555.45933
1.845426,6,555.686255
-7.206847,7,555.950825
1.129029,4,556.116972
1.77293,6,556.342449
5.983904,17,556.986544
2.744485,9,557.322568
1.411918,5,557.520364
-8.008163,5,557.710142
0.724244,3,557.821424
3.558396,11,558.260968
1.798339,6,558.51696
1.545405,5,558.713368
2.827394,9,559.062012
0.998309,4,559.224885
4.991254,14,559.765683
0.323094,2,559.843632
2.69109,8,560.144858
0.321916,2,560.224499
1.855998,6,560.470915
0.992674,4,560.635328
0.72142,3,560.754964
2.134194,7,561.01181
0.739922,3,561.125366
1.494609,5,561.335688
2.584757,8,561.651898
1.067042,4,561.796657
0.686775,3,561.920694
5.144653,15,562.51308
2.996879,9,562.861571
1.017901,4,563.016908
3.068209,9,563.354412
5.016999,15,563.950443
2.412843,9,564.3104
1.068566,4,564.45744
0.3684,2,564.546879
1.17916,4,564.712339
5.65755,16,565.323225
1.131803,5,565.52392
1.996055,7,565.792291
0.331355,2,565.869404
0.316534,2,565.947572
-8.475847,4,566.104503
3.248508,9,566.448956
3.149908,9,566.816545
0.709291,3,566.937899
0.686243,3,567.070747
2.441115,8,567.370485
0.333861,2,567.44728
2.296453,7,567.717139
1.504948,5,567.917109
1.964738,6,568.152011
0.728171,3,568.26506
7.226223,21,569.089379
0.311285,2,569.178363
4.282179,12,569.650291
1.33579,5,569.862062
3.359806,10,570.232404
4.766834,13,570.721658
0.667298,3,570.844543
1.822533,6,571.078025
1.080663,4,571.22304
-6.785051,8,571.560977
0.322216,2,571.648768
0.344489,2,571.725988
1.829874,6,571.955503
3.966703,12,572.425358
0.33101,2,572.50295
0.311429,2,572.591788
1.370113,5,572.781308
-6.716729,9,573.14738
6.229885,19,573.886407
4.745099,13,574.404966
0.331506,2,574.482104
1.381239,5,574.682921
1.121596,4,574.83727
3.939756,11,575.275557
0.746848,3,575.384206
3.999376,11,575.811479
0.692315,3,575.931728
3.661729,11,576.354177
2.889956,9,576.698476
1.078638,4,576.855298
3.460522,10,577.226741
1.403913,5,577.42805
2.055707,7,577.725143
4.274702,14,578.254549
2.309403,8,578.563457
1.283055,5,578.751334
1.874521,6,578.975674
1.161668,4,579.121506
2.565966,8,579.438452
3.082998,10,579.82025
2.931655,9,580.180513
1.406696,5,580.37437
3.808817,12,580.816581
3.900511,11,581.226671
3.247805,10,581.616899
3.821932,12,582.102751
1.064968,4,582.25632
0.756724,3,582.378886
0.332684,2,582.456392
1.906348,6,582.684448
0.780402,3,582.804872
1.736736,6,583.050572
1.812529,6,583.28104
3.827124,12,583.754959
1.890231,6,583.992469
2.085911,7,584.283698
1.36662,5,584.484363
6.019097,18,585.169397
0.734146,3,585.304399
4.158745,12,585.75137
1.088481,4,585.907837
0.343175,2,585.994493
1.429201,5,586.19696
2.341074,8,586.507243
0.714716,3,586.639448
0.701632,3,586.759516
3.391294,9,587.109026
2.636191,8,587.435745
0.334351,2,587.523133
2.934309,9,587.855951
0.313938,2,587.944054
4.46072,13,588.41152
5.880824,17,589.04843
4.042118,12,589.522006
1.740781,6,589.748255
0.343414,2,589.825582
0.312856,2,589.90365
3.447045,10,590.307395
1.866031,6,590.529511
0.366697,2,590.61655
3.567795,12,591.074382
0.343095,2,591.152456
3.879423,12,591.624718
0.741996,3,591.735034
-8.038276,5,591.935492
6.629159,19,592.674993
-5.972664,11,593.088633
0.353348,2,593.165117
1.526618,5,593.355585
6.010487,18,594.083355
-8.203364,5,594.296912
4.990307,14,594.842753
7.54126,22,595.69031
0.979385,4,595.837949
0.682412,3,595.961436
2.164728,7,596.233207
0.340532,2,596.321497
1.793498,6,596.560354
4.930793,14,597.09338
0.734286,4,597.240586
3.111031,9,597.595655
2.625436,8,597.90976
3.456418,11,598.358379
1.844802,6,598.602
0.330819,2,598.679098
0.334899,2,598.756951
1.568691,5,598.952526
1.466484,5,599.144626
2.148345,7,599.43097
1.087506,4,599.585918
1.694585,6,599.811881
2.109191,7,600.089452
1.330585,5,600.289951
1.09454,4,600.44571
1.784241,6,600.683848
0.711803,3,600.804687
0.329421,2,600.88277
3.565972,11,601.305476
1.482639,5,601.49727
0.374492,2,601.574085
0.367155,2,601.662097
4.07775,12,602.124155
7.839954,20,602.899795
2.460632,8,603.209909
2.825181,9,603.580426
0.326915,2,603.656733
1.453117,5,603.846517
0.326135,2,603.934013
1.701489,6,604.15845
0.333539,2,604.24514
0.702485,3,608.497624
5.48776,15,609.055016
0.690521,3,609.168228
2.699999,8,609.465135
4.074633,12,609.920829
6.100591,19,610.631745
-1.89612,24,611.527483
1.528554,5,611.716455
1.781783,6,611.942596
6.061249,20,612.679618
2.884064,9,613.012938
0.722328,3,613.144131
0.786336,3,613.255749
7.447879,23,614.135827
4.083459,12,614.585149
7.799602,24,615.477874
0.320147,2,615.555162
1.405084,5,615.769788
13.883792,61,618.031519
5.21801,18,618.673331
1.449449,5,618.872303
0.738177,3,618.984667
0.332397,2,619.063373
6.490917,18,619.747365
0.721446,3,619.867654
3.184263,10,620.279214
0.33725,2,620.356329
26.180672,62,622.687458
4.228943,13,623.187496
2.15076,7,623.481772
6.338241,19,624.17216
1.86449,6,624.408375
2.735625,9,624.738526
4.496758,14,625.289731
0.351763,2,625.368079
1.345846,5,625.562454
0.369494,2,625.649863
2.437913,8,625.963096
0.725606,3,626.084383
-7.356147,8,626.388792
3.015456,9,626.739033
0.744166,3,626.862184
3.498197,10,627.235601
2.84554,9,627.574239
2.427874,8,627.878582
26.139188,85,631.063968
1.783319,6,631.29218
3.939952,12,631.727838
2.465167,8,632.028359
1.099219,4,632.183829
2.385397,8,632.479301
2.918545,8,632.77414
11.707902,38,634.227924
0.720854,3,634.341719
0.342645,2,634.4198
2.958157,10,634.80692
10.230587,26,635.768486
0.692209,3,635.890685
-4.775427,16,636.482079
5.666288,16,637.07027
4.083712,12,637.533722
3.605655,10,637.904203
4.718637,13,638.390674
3.347344,10,638.771321
13.563384,50,640.619215
0.315799,2,640.698691
4.19992,13,641.172391
8.465005,29,642.233608
1.121298,4,642.389685
2.551355,8,642.715962
2.693635,8,643.020424
4.990918,14,643.539615
7.203724,21,644.316328
2.023562,7,644.578356
2.707156,9,644.915617
2.869013,9,645.269305
1.119298,4,645.426614
0.320946,2,645.504633
0.363641,2,645.582782
-5.137109,13,646.057516
2.144932,7,646.327421
5.682866,16,646.935648
1.531722,5,647.138719
1.069069,4,647.284459
0.372394,2,647.361519
2.492081,8,647.671863
1.061447,4,647.827746
0.324782,2,647.905354
9.351337,28,648.956892
4.792664,14,649.49017
3.809656,11,649.900258
10.235602,30,651.033983
3.961599,12,651.506394
6.352145,17,652.152533
1.06816,4,652.308244
4.468057,13,652.80722
2.203049,7,653.056909
5.815768,18,653.744834
0.767189,3,653.859031
4.062813,12,654.319979
0.311285,2,654.409101
9.427664,29,655.4945
8.599534,27,656.506886
1.088946,4,656.663439
0.73682,3,656.784952
4.587574,12,657.220935
2.140524,7,657.484576
4.514435,12,657.937687
-6.040576,11,658.341152
3.875819,11,658.744876
2.300315,7,659.028418
5.124933,14,659.557058
0.737306,3,659.670927
10.890492,32,660.868933
3.497666,10,661.236648
3.235088,10,661.630027
5.654898,16,662.249418
0.718372,3,662.361152
0.742209,3,662.47398
8.579931,25,663.375807
2.311738,7,663.630558
1.136156,4,663.799476
4.095436,15,664.36344
2.358676,8,664.657689
2.469527,8,664.952946
3.100893,9,665.294372
2.308261,7,665.55546
4.494461,14,666.078866
7.863269,23,666.952169
3.077433,10,667.330839
1.458755,5,667.512423
2.150885,7,667.775869
2.860991,9,668.108863
1.817524,6,668.34565
2.269187,7,668.620099
1.048607,4,668.774441
3.926695,12,669.222339
4.984776,14,669.748468
9.059962,28,670.781199
5.289702,16,671.399005
2.685523,8,671.710148
5.461967,16,672.299744
6.004268,18,672.97677
8.10887,21,673.756375
2.086278,7,674.040872
2.487824,8,674.367959
2.128523,7,674.626608
12.485065,39,676.083633
4.07919,13,676.565042
2.315281,7,676.847798
0.791954,3,676.959507
3.880893,12,677.412591
2.807868,8,677.724453
0.692636,3,677.848254
-4.295893,14,678.370203
4.768638,14,678.873839
7.602415,23,679.759934
7.160069,20,680.495571
5.112469,16,681.094386
4.738728,14,681.635548
0.338625,2,681.71234
2.156248,7,681.972239
5.645611,17,682.611452
5.087805,14,683.125881
2.547349,8,683.435103
1.414705,5,683.625274
2.785693,8,683.925236
2.528106,8,684.234878
1.165731,4,684.40414
4.689335,15,684.961141
0.789766,3,685.086854
0.384682,2,685.165472
1.117267,4,685.313118
3.831907,11,689.860161
-5.308185,11,690.276277
4.760839,14,690.779664
-5.914141,11,691.196486
4.127641,13,691.669376
3.176383,11,692.070933
4.269205,13,692.579995
16.294801,49,694.382651
2.870039,9,694.724677
26.67581,61,697.02368
0.324912,2,697.113659
16.912031,47,698.830233
5.668492,17,699.474523
6.149818,18,700.140462
12.091022,31,701.234834
2.9042,9,701.559031
0.348242,2,701.63739
7.629126,24,702.524075
5.032745,13,702.991296
2.664673,8,703.284841
0.360132,2,703.362348
1.088811,4,703.509439
-7.284685,8,703.814911
3.034176,9,704.153614
2.782805,9,704.485029
10.935954,30,705.595502
4.722555,14,706.128998
7.550483,22,706.938101
4.984971,40,708.376817
3.728461,11,708.777326
1.049184,4,708.923193
0.715044,3,709.035266
4.926916,14,709.555176
1.527017,5,709.736961
3.601164,11,710.138376
11.59898,42,711.659171
0.717274,3,711.781956
0.753016,3,711.895959
12.635215,33,713.059537
6.312867,19,713.754868
3.569067,10,714.131095
3.081254,10,714.507746
8.144239,26,715.457413
1.838144,6,715.695288
8.957879,22,716.508439
4.249793,12,716.950213
1.113491,4,717.097277
7.356646,22,717.927477
2.688504,8,718.241311
2.320397,7,718.492133
2.358258,8,718.78175
-3.906503,18,719.459677
3.667499,11,719.888408
12.316955,38,721.259398
0.36987,2,721.337339
3.313561,9,721.667402
-4.962512,13,722.149284
4.330893,11,722.559741
8.454791,26,723.512175
14.024658,39,724.924216
8.636629,24,725.821111
0.33725,2,725.898973
2.149567,7,726.15178
-6.989634,8,726.458777
0.318769,2,726.536938
15.754084,41,728.048609
8.714474,29,729.102465
-8.161891,5,729.294659
2.613851,8,729.591074
3.688615,11,730.007586
3.42925,10,730.375396
4.427112,13,730.853407
0.752731,4,731.0033
5.444391,15,731.576172
2.565095,8,731.864454
15.663329,39,733.257134
0.695486,3,733.380955
11.277729,33,734.597663
10.05472,27,735.559407
1.33208,5,735.769347
3.628378,10,736.133419
10.634272,29,737.208178
3.100317,10,737.58801
9.44563,30,738.726092
9.384537,27,739.705137
2.433916,7,739.967517
9.390489,31,741.110069
2.488071,7,741.359865
17.948349,52,743.256152
5.745968,17,743.869205
6.067293,18,744.527274
7.542437,25,745.435424
0.791201,30,746.555941
2.579909,9,746.895222
5.923018,16,747.487424
18.628744,55,749.500017
9.806239,27,750.508794
11.215776,82,753.529679
-7.421751,7,753.791633
6.273808,16,754.386936
5.879611,17,755.008764
4.422399,13,755.499413
3.179988,9,755.830335
5.011552,15,756.377266
4.530212,13,756.856377
4.91575,13,757.34041
1.058008,4,757.508197
4.101206,11,757.906963
0.998026,4,758.056016
2.47739,8,758.341337
5.072094,17,758.96139
1.785126,6,759.187694
14.129421,39,760.633117
11.197894,31,761.783967
0.320297,2,761.862522
4.503687,12,762.292468
1.470977,5,762.486374
0.74897,3,762.598888
4.648378,14,763.116694
7.121189,23,763.973778
5.391438,17,764.600425
1.552317,5,764.783736
2.94155,9,765.130227
16.495796,74,771.949695
3.069207,9,772.265943
7.769797,23,773.113337
8.534131,27,774.079441
15.29561,49,775.816865
14.919998,45,777.45349
12.166835,37,778.776159
7.111254,22,779.588211
6.900613,20,780.328522
-5.133423,14,780.82133
6.103448,17,781.444616
3.559516,12,781.891208
4.862139,15,782.429417
5.00362,14,782.946157
-1.104176,24,783.807242
1.829447,6,784.036436
0.685356,3,784.159615
2.880621,9,784.500183
6.61008,21,785.250793
12.624437,36,786.534809
7.149654,20,787.265111
5.050551,15,787.801722
9.88833,30,788.919279
7.547599,25,789.825396
3.678298,10,790.208674
4.856968,14,790.701517
15.441789,54,792.653886
1.470923,5,792.833574
5.768146,17,793.46092
8.904665,25,794.413527
2.669807,8,794.702249
13.633957,40,796.127249
-2.265414,25,797.033497
7.072883,20,797.776227
5.984343,16,798.370053
1.11527,4,798.529273
23.139724,77,801.388252
3.654556,11,801.785501
2.955452,9,802.109589
6.279246,19,802.829402
4.101067,13,803.290953
8.000263,26,804.238804
3.285485,10,804.629183
2.640446,8,804.915443
4.988877,16,805.508041
8.295654,24,806.373589
11.599069,37,807.757275
26.937078,56,809.777579
29.518626,98,813.302087
15.958712,41,814.790477
7.255124,21,815.546459
-3.730159,17,816.175293
-0.229565,29,817.227386
4.732033,14,817.735052
7.47139,25,818.652872
16.428698,49,820.419918
15.965211,44,822.002102
-7.080208,8,822.28963
2.198735,7,822.544298
13.223928,85,825.511881
0.339962,2,825.589906
2.054946,7,825.840186
0.725972,3,825.950251
3.528614,10,826.32287
3.921368,13,826.791181
0.772334,3,826.915565
3.808576,11,827.315737
3.834869,11,827.727763
3.873525,12,828.177442
15.121745,41,829.669025
-7.553511,6,829.889156
6.102119,19,830.590162
2.164724,7,830.85515
0.311285,2,830.943938
5.667316,15,831.497642
5.317854,14,832.014858
1.4129,5,832.20991
2.181373,7,832.473974
8.187385,23,833.317142
15.971773,41,834.800728
2.961778,9,835.135557
-5.811253,11,835.530094
3.231176,10,835.901782
10.743328,80,838.751321
1.077954,4,838.899427
8.008768,25,839.81462
32.527604,83,842.813503
-5.769136,13,843.276517
-6.61799,8,843.576501
30.955648,119,851.945562
32.838534,78,854.750573
-7.654376,7,854.998645
10.747849,57,857.042794
8.656606,23,857.883464
1.540728,33,859.041285
3.276244,10,859.396607
4.786987,14,859.912243
-7.638639,7,860.174713
9.046515,25,861.07254
2.558059,35,862.323545
24.72346,65,864.673161
3.74916,11,865.065906
6.964725,22,865.852297
-5.882131,11,866.25449
8.800434,25,867.139584
13.65604,42,868.630825
25.328056,79,871.432506
8.455355,46,873.076313
16.406742,40,874.476221
1.392923,5,874.658901
-2.667097,21,875.399457
24.256966,77,878.183732
11.89829,31,879.287999
8.515623,24,880.153938
2.068723,7,880.405341
-3.892317,19,881.089615
1.041572,4,881.247049
4.322752,13,881.729264
7.279952,20,882.434987
11.433348,89,885.600426
-7.485582,8,885.90245
0.751255,3,886.015306
-5.579284,12,886.43922
9.935527,29,887.462903
1.229106,32,888.587463
4.568315,15,889.130021
4.943368,15,889.658366
3.757829,11,890.057339
31.827972,89,893.260786
29.597447,65,895.529372
14.914591,114,899.527252
-4.462568,17,900.163537
26.95799,86,903.191358
6.377672,18,903.827295
3.878788,13,904.317559
25.63822,77,907.061852
24.868556,73,909.636448
2.981353,9,909.968181
4.642046,16,910.538864
11.406805,29,911.55571
20.627316,65,913.844719
7.681779,22,914.63115
-7.683607,6,914.84899
2.373304,8,915.133665
5.445926,16,915.710313
1.45339,5,915.901456
11.312309,62,918.101721
6.303181,17,918.70685
-3.13995,17,919.326257
20.601566,94,926.795739
18.369692,58,928.861147
-6.889839,9,929.180795
16.570261,43,930.699015
4.33875,12,931.135494
2.250453,7,931.397717
2.065805,30,932.462727
-7.462184,7,932.714737
8.241018,49,934.45096
0.812507,39,935.855422
11.59494,28,936.840761
12.546171,62,939.044333
31.916072,90,942.202777
17.815253,90,945.333815
-5.49836,12,945.767639
23.077623,109,949.591148
8.38796,98,953.033758
11.082879,82,955.914954
13.664513,79,958.729328
28.890525,95,962.100777
22.816787,67,964.446626
7.814191,56,966.42871
5.679466,17,967.026543
15.194411,71,969.539055
-5.195657,13,970.00738
30.869764,84,972.970425
-1.352488,23,973.786303
13.12849,104,977.474808
6.235072,53,979.363282
3.927473,12,979.808437
10.910117,30,980.89131
9.194305,59,982.970151
10.405066,28,983.989545
17.221935,76,986.649267
19.298321,82,989.557911
29.384655,68,991.945992
29.240741,96,995.326133
27.647664,101,1003.057636
33.78723,115,1007.083839
19.738452,101,1010.617649
21.688147,78,1013.331131
9.367626,27,1014.294543
29.388176,65,1016.588329
10.78348,30,1017.654105
30.805092,89,1020.769664
-4.482952,13,1021.232325
-4.537891,15,1021.762192
12.138397,34,1022.964556
27.193353,82,1025.855263
23.192647,71,1028.356969
14.303222,41,1029.81091
9.178054,31,1030.913111
6.135708,20,1031.613222
7.771804,57,1033.625
15.807571,69,1036.034847
8.779208,26,1036.957501
4.083274,12,1037.389865
9.647433,27,1038.360614
17.999956,105,1042.042733
19.986496,98,1045.462129
27.97728,93,1048.74239
14.93481,93,1051.980144
19.646492,53,1053.861209
26.815786,73,1056.407008
-7.994513,5,1056.590201
11.680934,60,1058.685972
8.09986,23,1059.498317
22.135216,108,1063.285758
15.308116,43,1064.813961
4.061459,12,1065.243776
2.751277,8,1065.530982
5.64012,17,1066.140387
10.0674,84,1069.117992
4.850906,13,1069.577613
20.289027,78,1072.29619
29.241609,98,1079.907385
-1.7121,22,1080.691498
9.442197,24,1081.545151
19.078855,55,1083.455583
-7.564555,6,1083.670577
7.588986,20,1084.38436
5.981685,17,1084.991967
0.863064,30,1086.072746
24.511078,82,1088.965095
16.951452,72,1091.517203
28.320901,52,1093.322576
8.824078,49,1095.078552
-4.302893,13,1095.547168
30.479848,85,1098.517203
22.087907,85,1101.526332
29.180561,87,1104.56538
26.306385,83,1107.476536
8.616941,54,1109.398254
-2.592697,18,1110.041778
20.207013,88,1113.153666
0.039768,23,1113.989476
12.856203,51,1115.758533
-6.825911,9,1116.076396
26.528228,93,1119.33849
31.048565,97,1122.775201
16.734517,65,1125.08583
-2.354803,20,1125.794561
-5.393018,12,1126.219571
17.669813,86,1129.252254
4.743313,36,1130.55087
23.757339,125,1134.907792
29.675565,87,1137.963118
25.701276,100,1141.477284
-0.024977,23,1142.288083
13.552924,62,1144.467512
32.871128,93,1147.738793
13.377258,61,1149.904511
4.710123,53,1155.926921
32.25087,81,1158.782007
7.991153,20,1159.488069
31.437261,104,1163.122998
16.044507,46,1164.736027
22.485413,94,1168.05326
32.81485,75,1170.721659
10.925419,27,1171.677349
10.032083,53,1173.515963
26.363805,79,1176.317585
35.005879,108,1180.109428
13.358901,37,1181.415402
33.350424,109,1185.246145
24.704999,98,1188.658191
35.340229,128,1193.128812
27.177432,85,1196.103071
6.688407,20,1196.816527
12.500237,62,1199.012195
34.047838,99,1202.476525
-1.414917,26,1203.396533
34.213035,106,1207.0891
33.588225,93,1210.329372
18.493297,77,1213.03303
15.061947,87,1216.108719
31.157367,87,1219.154626
3.909838,35,1220.390632
17.269036,74,1222.985107
36.584912,124,1231.498622
25.759446,84,1234.451793
38.47058,99,1237.897802
-8.42434,4,1238.04719
0.309053,37,1239.343498
27.506742,84,1242.276306
14.269611,42,1243.7543
-3.671942,17,1244.358578
24.634863,94,1247.636996
32.195877,102,1251.208145
30.874681,72,1253.708527
5.254714,16,1254.27832
7.888038,27,1255.230695
30.110699,78,1257.966713
5.09157,15,1258.481158
6.84253,43,1259.995204
16.726862,39,1261.359124
7.591332,22,1262.129933
34.195519,138,1266.959721
25.11216,88,1270.018967
28.565642,75,1272.631231
28.256685,103,1276.214444
32.621825,106,1279.93868
27.455281,89,1283.040642
32.214045,90,1286.157587
19.74597,58,1288.182207
4.852243,14,1288.682151
7.57405,50,1290.436013
34.533872,109,1294.235518
0.435005,30,1295.293906
8.12253,63,1297.508427
3.470655,48,1299.199751
30.065765,99,1306.845257
25.278742,85,1309.834528
2.557446,37,1311.122992
-5.279307,13,1311.601003
36.842854,102,1315.194203
30.561781,112,1319.13032
29.086502,105,1322.827608
18.890786,50,1324.577644
5.514606,17,1325.176452
8.731562,27,1326.124288
29.65266,119,1330.264036
33.962555,122,1334.502041
23.077657,86,1337.509939
21.038191,72,1340.026547
30.958502,113,1343.949845
-5.956537,11,1344.344479
30.576167,84,1347.256216
28.348928,83,1350.126058
29.690264,96,1353.463722
14.416711,70,1355.912866
34.660309,105,1359.580719
6.549888,51,1361.369038
8.46512,53,1363.245533
-4.476415,16,1363.816512
35.877494,97,1367.200503
26.654201,89,1370.32889
17.766824,46,1371.964874
21.913953,71,1374.451832
33.043747,99,1377.921954
33.962427,119,1386.235637
4.236221,12,1386.663007
8.231424,44,1388.22264
16.369285,70,1390.684606
-3.209964,20,1391.397316
29.482877,75,1394.03053
8.586343,52,1395.836342
36.974457,85,1398.805002
27.240342,83,1401.707937
33.667911,80,1404.490798
36.469672,111,1408.356112
30.604877,91,1411.512585
2.817573,36,1412.778227
38.110413,89,1415.892298
24.324951,91,1419.117629
29.418273,76,1421.790261
30.366287,93,1425.009092
23.514944,70,1427.479789
27.812052,81,1430.330271
45.070863,115,1434.317282
18.863786,77,1437.023783
13.145606,63,1439.224055
37.176818,85,1442.216797
-7.181684,7,1442.467471
6.522168,18,1443.108796
25.816519,121,1447.372606
-5.234188,11,1447.787625
16.349694,54,1449.681835
27.636415,87,1452.701248
37.875775,90,1460.032578
30.119721,84,1462.953776
13.359938,68,1465.385428
7.660783,51,1467.191969
13.036372,36,1468.436652
7.450605,20,1469.133553
-6.96216,8,1469.415965
-4.584732,14,1469.910366
17.338628,84,1472.854816
36.26904,90,1476.023709
18.116166,71,1478.503092
1.508098,29,1479.5125
29.904828,76,1482.167518
-1.776103,21,1482.914593
3.392189,10,1483.274038
33.83578,68,1485.641102
5.795461,43,1487.160845
11.848837,35,1488.404314
13.821002,57,1490.397844
-0.059338,26,1491.331929
7.842018,52,1493.166567
19.808661,88,1496.241738
4.052289,36,1497.497101
17.468877,54,1499.388295
42.056761,98,1502.806962
-5.773231,12,1503.244147
38.11069,103,1506.862329
25.148594,77,1509.582555
36.391006,114,1513.588261
34.86223,86,1516.615958
3.2426,34,1517.805572
0.529689,30,1518.864932
9.402379,57,1520.856957
34.283447,99,1524.327105
9.549162,29,1525.340204
-2.384197,23,1526.16868
-6.446602,9,1526.489911
28.012833,81,1529.31876
25.082343,70,1535.945443
5.330316,39,1537.316053
7.6377,69,1539.770684
28.228373,76,1542.437577
29.783077,103,1546.034958
8.922467,24,1546.879562
26.603482,97,1550.227799
16.232464,77,1552.952001
0.226941,32,1554.068338
29.327782,88,1557.144241
20.524703,77,1559.808163
38.942096,87,1562.846968
31.08609,90,1565.982276
43.085189,115,1569.99569
30.630219,87,1573.033311
44.928675,123,1577.34399
-1.318127,24,1578.189662
21.444277,77,1580.893567
34.246733,124,1585.231018
-6.644457,9,1585.553226
28.901499,113,1589.541431
12.875063,79,1592.334306
36.901701,103,1595.936431
27.641917,89,1599.072009
-0.427529,37,1600.392711
9.741706,57,1602.377905
32.265872,88,1605.478484
49.435269,176,1615.791427
-6.153048,10,1616.148139
24.347703,104,1619.787452
2.860816,37,1621.092704
26.105357,104,1624.678441
22.242416,94,1627.982884
32.086133,152,1633.250759
27.809878,87,1636.283075
36.692913,88,1639.343105
13.964398,66,1641.613287
53.442496,175,1647.700403
7.218079,22,1648.472677
59.081826,147,1653.578407
49.324417,162,1659.179353
21.314906,112,1663.037801
49.23485,176,1669.105127
42.711214,132,1673.680588
26.287357,93,1676.927255
19.097532,81,1679.812778
23.885229,85,1686.874188
4.240502,59,1688.917973
57.563539,136,1693.661782
3.843996,45,1695.206438
41.011666,140,1700.158624
41.104791,129,1704.673786
17.808634,75,1707.324305
26.24466,78,1710.039602
-4.099375,16,1710.607094
36.32675,80,1713.392104
22.844164,102,1716.932939
55.220763,176,1723.10155
22.930069,106,1726.822906
42.519749,99,1730.307761
43.702265,139,1735.168112
19.088638,53,1737.019272
37.23677,131,1741.567575
30.108723,80,1744.35291
25.673561,70,1746.778628
4.025061,12,1747.210793
30.410618,91,1750.347614
9.331584,26,1751.245176
53.218931,159,1756.799437
8.400786,25,1761.760462
19.186586,78,1764.476557
42.121704,125,1768.795518
4.763717,14,1769.291678
50.962768,162,1774.901065
47.581189,123,1779.151629
50.539393,137,1783.928676
49.472335,166,1789.640914
10.231637,61,1791.772027
48.555901,148,1796.935998
45.312413,154,1802.274113
35.394916,96,1805.614021
34.152489,120,1809.788876
48.717148,114,1813.769957
32.601623,139,1818.584458
12.153907,33,1819.729136
18.784096,78,1822.439085
43.525576,138,1827.21817
3.996498,14,1827.713468
9.719471,51,1829.454839
22.724198,102,1837.077289
23.18793,121,1841.277443
57.43412,147,1846.308217
7.140683,21,1847.058932
49.967405,163,1852.601821
45.536585,176,1858.570677
1.866171,6,1858.778573
42.17462,93,1861.966992
27.860296,85,1864.916123
0.65764,28,1865.911622
53.213459,176,1871.887684
49.347258,176,1877.918759
9.448293,63,1880.094933
37.09704,113,1883.991927
39.661369,100,1887.436584
54.315214,156,1892.768096
-3.259571,22,1893.561485
10.296136,65,1895.804152
21.783302,95,1899.113398
38.337793,112,1902.996481
30.253907,100,1906.457738
49.286885,126,1914.936592
1.501853,43,1916.440162
56.810668,139,1921.262739
17.341255,68,1923.616334
58.318241,176,1929.707767
20.419017,64,1931.952703
60.475877,176,1938.012228
-2.405611,21,1938.755947
53.769363,176,1944.818393
54.440882,172,1950.729189
1.784782,6,1950.946513
48.801549,133,1955.542073
28.76297,96,1958.840703
29.428165,108,1962.539366
34.553316,103,1966.117405
43.971723,140,1970.94133
7.434373,24,1971.800997
45.914511,176,1977.844813
16.102993,100,1981.257902
53.573742,176,1991.552307
29.116174,145,1996.587255
44.991532,176,2002.560329
6.074199,21,2003.291352
57.046867,176,2009.268895
22.142223,107,2012.981491
48.251127,160,2018.477992
52.745551,176,2024.538389
50.116565,173,2030.513969
62.451248,176,2036.477201
61.412584,176,2042.530641
42.028353,176,2048.575066
45.540006,176,2054.612645
56.626229,176,2064.743114
6.27258,19,2065.398795
31.470054,126,2069.717648
22.649113,68,2072.033851
49.8047,176,2078.056828
45.831338,160,2083.535085
1.427626,5,2083.71561
36.370132,147,2088.797624
53.432515,175,2094.837194
54.754777,167,2100.589558
5.642589,16,2101.145911
60.339354,176,2107.21331
58.605588,176,2113.232888
6.610208,23,2114.030511
44.625211,176,2120.081605
2.305704,8,2120.374534
36.561986,176,2126.412356
54.143919,176,2136.595916
48.437705,143,2141.469376
61.203558,176,2147.513941
53.895998,176,2153.616827
25.529288,119,2157.693796
-2.3517,23,2158.494748
54.761618,176,2164.537621
-2.805527,20,2165.237596
33.518253,106,2168.918568
49.726125,176,2174.945699
44.341101,176,2181.016935
51.962057,176,2187.091725
55.625323,176,2193.170847
19.29176,80,2195.909545
63.470964,176,2201.893509
49.98685,176,2212.081148
48.120114,176,2218.139012
-4.538071,15,2218.665027
40.208746,176,2224.739472
20.625006,72,2227.20463
9.841894,66,2229.496181
-4.8273,14,2229.988282
62.284249,176,2236.063908
7.806181,21,2236.810173
16.090882,53,2238.622779
1.881017,42,2240.067136
53.110319,176,2246.156768
-2.418506,26,2247.053808
27.552679,120,2251.214637
61.93249,175,2257.263389
59.946915,176,2263.369249
44.374263,176,2269.482388
38.429556,176,2275.529325
56.72756,176,2285.665978
5.0748,43,2287.177292
50.880206,150,2292.36695
49.85323,173,2298.433599
41.107806,133,2302.993591
58.661756,176,2308.957606
55.028875,176,2314.957057
33.663962,161,2320.503601
26.051287,103,2324.039113
52.440346,176,2330.125915
-5.916081,11,2330.507717
55.575384,167,2336.245956
67.034645,176,2342.333995
10.575487,56,2344.27447
16.114748,68,2346.64591
31.1931,135,2351.252078
23.026588,107,2359.094761
28.478612,122,2363.273522
59.042537,176,2369.381773
55.166049,176,2375.45329
49.541172,176,2381.548439
-7.341785,7,2381.798447
-3.196649,21,2382.536622
57.055817,176,2388.568646
1.862951,38,2389.885103
47.853673,156,2395.249739
1.24852,38,2396.566415
3.230605,36,2397.813872
-4.150242,15,2398.334943
58.575692,176,2404.301996
37.853128,105,2407.939249
20.229232,114,2411.839993
48.2746,176,2417.914124
63.227267,176,2423.992836
48.383366,148,2429.057394
48.542409,176,2439.221648
49.887824,176,2445.266237
54.433341,176,2451.32108
56.715683,176,2457.369443
42.18202,176,2463.370682
68.126744,176,2469.419463
43.64055,176,2475.457926
-6.193627,9,2475.775503
54.767057,176,2481.778306
49.709061,176,2487.891136
47.517722,174,2493.895525
45.060457,176,2499.933372
49.496415,176,2510.073505
51.374371,176,2516.12866
43.45243,176,2522.219634
53.097499,176,2528.258239
31.27972,109,2532.009289
35.360544,117,2536.036764
0.507699,33,2537.189242
45.951421,176,2543.261125
53.413663,176,2549.346659
55.328775,176,2555.389607
0.357392,36,2556.646152
60.980498,176,2562.716201
50.29402,176,2568.767323
54.921713,176,2574.810971
1.469388,33,2575.959069
63.711774,176,2586.205773
53.140439,176,2592.228048
-2.030247,24,2593.080971
64.359918,176,2599.095151
52.367581,176,2605.134821
-6.18381,10,2605.496491
-8.31582,4,2605.639912
-7.161042,8,2605.921013
-3.415402,18,2606.547263
-6.047464,11,2606.931708
-4.45204,16,2607.52308
-2.938729,23,2608.328414
58.536451,176,2614.426018
59.58114,176,2620.513661
55.961215,176,2626.615869
44.311976,176,2632.66501
47.4109,176,2638.687143
53.835301,176,2644.727851
63.91253,176,2650.771111
48.536058,176,2660.951276
69.058103,166,2666.705004
51.235186,176,2672.786009
44.896379,173,2678.689978
35.813167,138,2683.447782
55.349425,176,2689.627319
62.489906,176,2695.676081
52.619375,176,2701.725976
3.361161,10,2702.084992
55.167085,176,2708.127342
48.73951,176,2714.141424
55.075421,176,2720.148547
58.414081,176,2726.157549
57.800564,159,2735.705154
53.870852,176,2741.710622
33.656314,107,2745.375345
53.958719,176,2751.433176
51.000581,176,2757.477668
63.153451,176,2763.507417
55.864973,176,2769.551292
64.987455,176,2775.621125
7.440724,63,2777.838949
48.075319,176,2783.886926
30.879973,115,2787.874298
62.031928,176,2793.920851
54.753253,176,2799.927987
56.819068,176,2810.109387
51.760001,176,2816.159935
10.595256,29,2817.167622
55.007214,176,2823.155887
1.459366,29,2824.150372
48.209776,176,2830.191558
47.375591,176,2836.197594
65.052737,176,2842.211949
52.899659,176,2848.224051
56.970031,176,2854.237413
60.267615,176,2860.246614
30.395623,158,2865.688304
47.12934,176,2871.667493
56.68589,176,2881.826977
14.980467,69,2884.205628
57.566277,176,2890.253702
36.879063,176,2896.25772
60.356098,176,2902.364279
47.419808,176,2908.403285
59.17812,176,2914.581728
55.28868,176,2920.617255
57.040193,176,2926.700043
46.064819,176,2932.71241
54.315698,176,2938.719858
41.648712,176,2944.803223
49.111004,159,2950.293645
62.053366,176,2960.504647
53.638064,176,2966.528103
48.968008,176,2972.561324
16.556048,47,2974.162433
0.370576,29,2975.176925
49.652698,176,2981.182678
65.371915,176,2987.196543
16.621296,61,2989.271954
67.181398,156,2994.617128
51.58537,176,3000.700538
63.334145,176,3006.738221
48.888905,176,3012.790567
58.62365,176,3018.846251
59.408324,176,3024.925332
66.129044,173,3035.026922
65.7094,176,3041.048632
48.463479,176,3047.070424
62.786927,176,3053.165971
66.162671,163,3058.745478
66.628261,176,3064.785547
44.849353,155,3070.126859
54.399467,176,3076.142137
5.765519,16,3076.708364
60.515321,176,3082.780015
55.152761,176,3088.820772
49.456067,176,3094.856239
60.574816,176,3105.091632
5.081866,16,3105.655884
59.250067,176,3111.753451
55.187457,176,3117.760058
6.202179,19,3118.433491
55.247109,176,3124.53718
32.170638,98,3127.910085
53.366886,143,3132.782143
64.881314,168,3138.532002
41.172127,151,3143.688328
60.600803,173,3149.578526
3.802537,11,3149.981638
54.832191,176,3156.059729
58.453761,176,3162.111496
61.0075,176,3168.217195
55.473341,176,3174.358717
51.438831,176,3184.550188
60.843655,176,3190.632391
50.546312,176,3196.666427
59.761178,176,3202.688653
53.45086,176,3208.737259
57.0261,176,3214.755797
33.31904,86,3217.71697
56.092295,158,3223.180993
51.242686,176,3229.239026
34.211244,149,3234.375613
49.834811,176,3240.422446
62.115167,176,3246.434849
56.716263,176,3256.647355
58.334141,176,3262.699121
53.91351,128,3267.101721
33.123893,85,3270.039794
32.84412,106,3273.67552
64.457358,174,3279.655876
54.371729,160,3285.121631
-4.636623,13,3285.569797
61.335214,176,3291.646637
28.221403,97,3295.012911
58.502409,176,3301.04088
65.615396,173,3306.95808
59.328066,166,3312.693227
42.670152,150,3317.877086
57.457961,176,3328.078645
60.035113,166,3333.872135
25.047073,87,3336.907462
47.627921,176,3342.962271
41.967339,176,3349.034222
57.585737,137,3353.747611
30.774915,122,3357.97788
52.052538,156,3363.326123
44.439154,176,3369.366848
50.251494,124,3373.602333
7.316778,22,3374.358852
54.597163,176,3380.406947
56.557021,176,3386.483131
32.873009,91,3389.60156
56.530582,176,3395.550783
64.180144,175,3405.729477
15.021354,37,3407.047178
56.549386,176,3413.104978
60.5831,176,3419.207852
62.417955,163,3424.809281
59.910316,176,3430.82404
34.103942,98,3434.23976
4.435173,11,3434.624857
67.212589,164,3440.258941
54.538537,176,3446.25703
3.830384,11,3446.655239
61.283437,175,3452.610812
3.175731,9,3452.938337
59.55746,176,3458.994413
64.332451,161,3464.515197
53.934214,176,3470.569523
30.406303,90,3477.851927
56.280112,176,3483.914778
42.922243,133,3488.480631
1.72965,31,3489.587802
40.970366,122,3493.848313
53.197733,176,3499.945969
54.346965,157,3505.404519
55.765649,176,3511.418593
9.133366,23,3512.206517
15.217157,46,3513.794521
35.789735,152,3519.02764
64.230617,173,3525.027153
55.232735,176,3531.136402
45.822503,122,3535.336375
61.739412,171,3541.234361
26.22869,84,3544.144897
40.170196,118,3552.408924
54.026645,176,3558.529008
28.779817,83,3561.427262
61.923386,176,3567.519418
56.272237,176,3573.572989
55.303483,176,3579.620563
57.450191,176,3585.661282
4.880581,14,3586.149667
64.08189,174,3592.156717
60.199514,172,3598.079071
54.991812,176,3604.179195
40.394012,120,3608.37779
56.234858,176,3614.426058
54.152752,176,3620.422321
59.245223,176,3630.753636
58.739995,176,3636.872812
40.582875,135,3641.561849
51.864996,157,3646.968823
28.745331,83,3649.843756
40.289172,148,3654.900504
31.19325,85,3657.850807
55.471619,176,3663.906235
59.30479,176,3669.996646
57.739612,176,3676.049319
54.571752,176,3682.113233
57.811826,176,3688.149671
16.795997,46,3689.743554
53.473993,176,3695.799667
50.38886,176,3706.033503
55.030627,176,3712.064718
34.57793,103,3715.652413
58.931519,176,3721.709334
57.204861,176,3727.733791
55.994615,176,3733.787361
42.430048,144,3738.740108
43.08437,143,3743.63769
53.282792,161,3749.155063
7.320458,61,3751.266781
52.517825,176,3757.318652
56.531636,176,3763.407848
28.137155,78,3766.139507
2.00711,40,3767.520087
53.294457,176,3777.803056
62.909267,176,3783.870714
54.282333,176,3789.974459
20.001604,75,3792.560558
52.618719,176,3798.59972
57.081129,176,3804.668458
-0.941306,24,3805.520218
-1.932928,23,3806.331125
58.43689,158,3811.789587
62.067309,176,3817.848905
54.913052,176,3823.97704
53.893978,176,3830.058557
52.940714,176,3836.111457
48.486567,176,3842.112813
66.014972,173,3852.30958
59.758775,176,3858.371514
19.725965,97,3861.698509
6.251915,17,3862.308265
52.283027,176,3868.331023
54.506663,176,3874.371188
15.467072,91,3877.464709
52.231842,176,3883.471582
52.215539,176,3889.525934
58.760294,176,3895.570926
52.003314,176,3901.548118
55.066874,176,3907.583385
-3.160839,17,3908.164072
52.418336,176,3914.228602
-5.176915,13,3914.702667
50.524504,176,3920.768423
61.59717,176,3931.084805
50.523176,176,3937.140669
13.920303,81,3939.928936
2.86071,38,3941.238042
-2.668577,21,3941.970085
43.566562,176,3948.031879
56.111697,176,3954.040931
-4.215344,17,3954.637644
54.8181,176,3960.719825
17.058324,88,3963.741402
54.843312,176,3969.809935
0.447686,26,3970.724687
45.845843,176,3976.707756
-7.44969,6,3976.922664
3.179329,41,3978.330176
49.806018,176,3984.427464
57.718014,175,3990.480639
39.238527,176,4000.787422
51.787549,176,4006.831738
51.782994,176,4012.944979
51.481993,176,4018.959296
45.037432,159,4024.47854
14.635553,71,4026.932791
21.722038,102,4030.437675
39.474944,159,4035.877499
50.425312,176,4041.880256
36.67987,176,4047.891057
-7.120403,7,4048.139764
48.045653,176,4054.243609
56.72613,176,4060.33266
1.792075,33,4061.48258
-7.806602,5,4061.661988
51.341967,176,4067.747331
51.270796,176,4078.110406
49.659182,176,4084.179585
39.150246,176,4090.210228
60.719539,176,4096.246405
2.45225,34,4097.452955
44.06849,176,4103.527293
54.613163,176,4109.578238
51.779627,176,4115.606883
43.15309,176,4121.69315
7.336995,56,4123.616451
53.979396,176,4129.695695
54.55387,176,4135.77857
57.001297,176,4141.756241
52.25658,176,4152.109698
46.724087,176,4158.114231
40.568337,176,4164.170846
5.73672,16,4164.733148
2.35607,7,4164.980855
55.880239,176,4171.046372
-5.601229,11,4171.429975
48.287209,176,4177.467836
51.030226,176,4183.445359
50.740175,176,4189.477864
60.865005,176,4195.513249
54.035247,176,4201.788665
55.152516,176,4207.862849
58.329433,176,4213.857441
18.34885,91,4216.964948
47.291247,176,4227.446432
60.640078,176,4233.494195
54.56624,176,4239.520025
46.114155,176,4245.550045
51.89735,176,4251.557605
53.2418,176,4257.586682
54.258823,176,4263.56062
37.344312,176,4269.536327
58.399098,176,4275.541788
54.54478,176,4281.603418
-5.827904,12,4282.026978
-6.841088,7,4282.275365
52.372219,176,4288.236099
48.912881,176,4294.264906
65.422574,176,4304.588944
54.14263,176,4310.651783
59.120078,176,4316.708407
52.829317,176,4322.79514
20.632938,114,4326.716933
-1.016426,23,4327.532393
52.65575,176,4333.609788
61.323893,176,4339.684628
60.561447,176,4345.876565
54.969805,176,4351.873658
14.319688,80,4354.652476
67.152377,176,4360.687307
64.866235,176,4366.685981
-5.173874,11,4367.07109
14.353153,64,4369.252202
52.90588,176,4379.58601
55.839831,176,4385.612043
53.706258,176,4391.693856
-0.019279,33,4392.847331
60.474362,176,4399.033564
53.103403,176,4405.048467
43.02212,176,4411.177098
43.402048,176,4417.093586
55.187486,176,4423.096417
-4.042783,17,4423.697819
54.780742,176,4429.711663
47.43863,176,4435.698289
58.839776,176,4441.675894
61.409952,176,4451.97976
6.847919,61,4454.077047
21.242257,175,4460.030129
51.819532,176,4466.016938
1.504702,33,4467.11603
-4.525801,17,4467.689217
64.279866,176,4473.675963
1.132901,32,4474.80792
52.177966,176,4480.800148
64.524731,176,4486.794441
61.486694,176,4492.781355
42.697308,176,4498.77124
55.058694,176,4504.726352
-6.461046,8,4504.999264
57.418247,176,4511.042562
52.248846,176,4517.088741
47.497904,176,4527.328636
-7.662225,6,4527.551444
51.049958,176,4533.512845
49.73821,176,4539.593739
-6.854578,7,4539.842433
8.648389,69,4542.196258
39.684472,122,4546.39974
4.012473,52,4548.187123
45.597271,176,4554.122439
0.381969,39,4555.47498
37.372664,172,4561.316747
51.319236,176,4567.312823
49.246012,176,4573.298548
53.678776,176,4579.208296
61.077647,176,4585.203489
19.177953,65,4587.412833
10.253683,35,4588.603358
60.123208,176,4598.878111
42.080117,176,4604.861963
8.971085,66,4607.161205
62.005892,176,4613.150305
25.5876,176,4619.12461
5.897941,16,4619.676838
22.986033,73,4622.200302
46.271878,176,4628.267254
55.256862,176,4634.216436
44.126222,176,4640.138563
52.679966,176,4646.087027
3.065398,9,4646.400017
6.786445,54,4648.244971
55.785749,176,4654.194211
49.393777,176,4660.188176
-0.170072,29,4661.186857
50.637879,176,4671.507715
62.206115,176,4677.549013
48.510453,176,4683.531953
42.56131,176,4689.514908
55.156632,176,4695.509064
59.912412,176,4701.523691
54.073692,176,4707.484562
19.308197,94,4710.658029
59.840342,176,4716.651188
59.634898,176,4722.711197
3.799506,12,4723.129849
51.663927,176,4729.150222
50.027608,176,4735.113109
47.981961,176,4745.296775
49.465096,176,4751.287261
54.921617,176,4757.237219
10.488903,68,4759.521361
48.332252,176,4765.549447
1.729681,6,4765.764426
64.023784,176,4771.809181
46.702191,176,4777.75247
56.648029,176,4783.722594
59.122475,176,4789.692069
16.3614,86,4792.667996
52.578676,176,4798.697603
12.244921,83,4801.537106
65.470091,173,4807.463781
15.327896,41,4808.877104
54.37348,176,4814.908854
63.979371,176,4825.070161
45.81373,176,4831.052613
2.432143,46,4832.647968
55.073862,176,4838.711866
57.713672,176,4844.655136
59.852548,176,4850.60655
48.818828,176,4856.596917
15.099511,78,4859.254807
61.880696,176,4865.201045
9.062977,28,4866.150524
54.932984,176,4872.112908
46.904829,176,4878.148983
21.476902,176,4884.183793
41.089082,176,4894.427763
45.216756,176,4900.455543
62.584252,176,4906.464238
2.581322,8,4906.757763
51.992795,176,4912.740154
51.051616,176,4918.762664
48.650755,176,4924.729147
46.532594,176,4930.696775
42.439817,176,4936.727282
48.791996,176,4942.725774
5.115696,17,4943.312173
50.336149,176,4949.290358
42.624615,176,4955.310664
44.791391,176,4961.293428
6.971285,27,4962.223072
5.209922,16,4962.772128
53.433383,176,4972.995111
6.354693,19,4973.650892
5.735559,17,4974.24761
55.100322,176,4980.271227
48.31186,176,4986.219845
54.046143,176,4992.278933
43.110399,176,4998.309445
18.402313,77,5000.930356
52.456543,176,5006.883301
54.174166,176,5012.875096
49.079084,176,5018.884262
53.81303,176,5024.882887
23.489908,98,5028.202524
60.127534,176,5034.20417
41.85821,176,5044.465494
36.476809,115,5048.351462
51.984792,176,5054.371921
14.739016,40,5055.778956
64.9132,176,5061.759875
50.38709,176,5067.78808
46.961822,176,5073.734589
37.176117,176,5079.794659
61.577765,176,5085.790159
48.125427,176,5091.701254
52.031723,176,5097.693135
44.67528,176,5103.739408
1.680168,51,5105.455038
48.308144,176,5115.650954
54.120382,176,5121.664404
43.570015,176,5127.649
56.874103,176,5133.580721
52.180256,176,5139.592449
7.469757,24,5140.425484
61.432982,176,5146.445427
65.380864,176,5152.423118
58.664083,176,5158.400959
54.60731,176,5164.344873
49.447856,176,5170.295837
15.23515,89,5173.317349
46.667543,176,5179.327012
61.134146,176,5189.48684
55.81109,176,5195.471137
49.233473,176,5201.495968
41.253992,176,5207.528659
56.724538,176,5213.551157
59.028198,176,5219.515855
38.391598,136,5224.157933
30.677768,135,5228.794994
57.119793,176,5234.796332
7.8546,27,5235.70569
54.014394,176,5241.69498
2.370503,8,5241.98713
49.397472,176,5247.970846
52.552893,176,5253.977695
65.227687,176,5264.097604
60.334458,176,5270.010737
5.816092,18,5270.639125
60.50993,176,5276.545397
62.105286,176,5282.525573
56.26521,176,5288.514775
2.795391,9,5288.829468
66.200714,176,5294.810304
54.387424,176,5300.790972
56.990818,176,5306.769701
6.541055,19,5307.427814
52.447073,176,5313.423483
2.431911,37,5314.682623
52.09514,176,5320.650995
55.625523,176,5326.661662
26.665844,99,5330.022891
52.691927,139,5338.919872
56.173564,176,5344.866609
31.16666,153,5350.062334
63.647608,176,5355.99968
60.393726,176,5361.961632
61.969021,176,5367.930575
50.948574,176,5373.880204
48.961519,176,5379.857493
7.775581,24,5380.690352
44.075548,176,5386.650618
52.779769,176,5392.622382
4.661698,16,5393.170392
58.203693,176,5399.143015
-1.318187,25,5400.017995
53.740221,176,5406.018086
36.558242,172,5416.049382
39.779408,176,5422.007545
7.111516,23,5422.811501
31.999177,158,5428.176182
8.104454,25,5429.049667
41.268415,176,5435.002804
38.262557,176,5440.9645
54.473755,176,5446.943518
57.450738,176,5452.958149
58.057123,176,5458.942299
64.540388,176,5464.959265
6.453585,23,5465.771934
47.466666,176,5471.772191
50.747162,176,5477.730721
49.230815,176,5487.965542
7.537618,22,5488.735007
4.651519,13,5489.202506
49.429951,176,5495.209547
20.27457,80,5497.953547
55.922586,176,5503.941978
53.950822,176,5509.916685
48.758151,176,5515.986704
2.137732,7,5516.230436
42.391605,176,5522.200843
34.185585,154,5527.422577
55.131777,176,5533.464408
62.242695,176,5539.462958
24.044668,131,5543.912573
30.417311,147,5548.914279
3.114035,10,5549.261093
2.089266,39,5550.60449
57.537582,176,5560.761693
50.394818,176,5566.732865
53.54539,176,5572.693127
48.827173,176,5578.672714
5.876804,59,5580.697149
2.349771,47,5582.298916
66.844832,176,5588.149901
57.422637,176,5594.101558
44.453353,176,5600.081379
50.40735,176,5606.035069
38.466149,176,5611.930132
9.648992,36,5613.187687
39.089831,145,5618.099441
57.381812,176,5624.04349
43.80392,176,5634.25475
12.272343,41,5635.668476
18.848547,73,5638.19026
5.186018,16,5638.749384
62.482069,176,5644.743885
38.594785,132,5649.228116
49.053399,176,5655.164197
30.423629,176,5661.149146
44.495102,176,5667.129782
55.533942,176,5673.03846
56.92597,176,5678.962097
22.899966,87,5681.923844
50.932135,176,5687.89317
2.087379,7,5688.141662
57.177964,176,5694.143993
34.592516,162,5699.659972
12.93489,35,5700.851784
63.760297,176,5711.07072
50.959,176,5717.01208
4.665358,56,5718.926693
52.61814,176,5724.909664
23.290151,81,5727.657918
54.258542,176,5733.630849
52.651029,176,5739.571276
58.685601,176,5745.451736
61.585716,176,5751.352847
55.885197,176,5757.322184
43.608114,176,5763.273854
50.293437,176,5769.264562
57.663636,176,5779.456636
54.851471,176,5785.324713
49.685861,176,5791.238346
10.058713,77,5793.870331
59.916772,176,5799.806809
45.961337,176,5805.822745
44.239729,176,5811.738361
4.104947,14,5812.220505
47.105443,176,5818.201093
-7.133255,8,5818.486039
56.040979,176,5824.448717
28.652142,148,5829.420388
12.502085,54,5831.240848
61.053047,176,5837.224172
59.237727,176,5843.189776
57.577286,176,5853.339629
54.12625,176,5859.279898
59.925322,176,5865.171852
30.006863,153,5870.370215
2.736064,9,5870.683563
52.347142,176,5876.702776
59.337335,176,5882.610276
51.089549,176,5888.589559
17.602288,86,5891.500062
50.207353,176,5897.411787
42.471401,176,5903.361508
-5.15546,15,5903.884063
6.222089,20,5904.587551
58.939576,176,5910.524616
60.804869,176,5916.461017
18.949785,60,5918.519705
55.526366,176,5928.753765
50.894024,176,5934.763155
30.289725,152,5939.926414
48.406538,176,5945.920439
44.547554,176,5951.821519
-3.043561,176,5957.729403
37.023571,176,5963.663679
2.876033,9,5963.977586
45.549234,164,5969.494074
50.410339,176,5975.462436
47.193289,176,5981.345809
38.688339,176,5987.365912
64.197257,176,5993.33992
38.304978,131,6002.048226
43.468985,176,6008.032137
47.512403,176,6013.924096
46.302113,176,6019.803183
54.220412,176,6025.747703
50.399147,176,6031.642429
58.134373,176,6037.574629
45.093854,176,6043.565988
50.092485,176,6049.462488
36.199048,155,6054.649102
62.456321,176,6060.565514
46.664053,176,6066.520319
52.016916,176,6076.694286
42.322594,176,6082.641
50.825338,176,6088.56952
53.163186,176,6094.509982
38.976362,125,6098.720186
4.631628,13,6099.159944
52.016271,176,6105.045206
11.0006,30,6106.055173
42.181532,176,6112.061323
55.803584,176,6118.000231
42.830077,176,6123.98051
45.870399,176,6129.911801
55.391643,176,6135.798617
54.5695,176,6141.766803
47.112827,176,6151.957396
1.430507,5,6152.132278
54.610591,176,6158.05029
2.406224,8,6158.328801
11.822488,35,6159.535276
5.66749,16,6160.099067
45.666524,176,6166.04977
54.891376,176,6171.94252
59.389962,176,6177.802584
52.124685,176,6183.715044
25.221094,155,6188.981058
10.091579,73,6191.439224
46.971374,176,6197.334532
48.139857,134,6201.848961
2.676798,37,6203.110187
64.075427,176,6209.045929
43.155191,176,6215.017806
22.501138,130,6223.655412
51.043696,176,6229.543748
-1.593536,27,6230.454297
18.187993,118,6234.432817
51.194509,176,6240.342571
57.648019,176,6246.258652
60.732618,176,6252.13103
62.411952,176,6258.034858
62.914166,176,6263.939965
-5.943877,12,6264.35936
56.393768,176,6270.294646
54.635751,176,6276.198443
60.720619,176,6282.05704
41.676012,176,6288.01495
6.892367,19,6292.974887
58.231913,176,6298.931134
34.627051,137,6303.629755
4.314532,13,6304.076496
-0.7328,29,6305.080858
57.417891,176,6310.958265
26.449379,132,6315.404232
45.857477,176,6321.351361
44.646166,176,6327.339606
41.774111,163,6332.837003
12.302228,54,6334.732832
52.567752,176,6340.608473
5.021094,14,6341.089537
5.621454,16,6341.642062
49.593445,176,6347.568046
13.778034,74,6350.060529
57.078669,176,6355.971
52.101057,176,6361.881366
47.925161,176,6372.061078
-1.940472,24,6372.890744
61.683242,176,6378.824944
22.140095,55,6380.696186
46.051327,156,6385.911405
67.706021,176,6391.818259
8.188673,68,6394.123247
0.483731,36,6395.328677
8.15559,27,6396.25938
8.763789,53,6398.085383
21.01523,98,6401.415433
29.466942,156,6406.67775
3.73521,38,6407.990942
19.802088,91,6411.070752
23.567533,107,6414.709432
18.319459,121,6418.805571
58.003314,176,6424.736074
26.685047,144,6429.582252
16.499122,74,6432.079757
7.467866,21,6432.790602
18.285205,55,6434.64893
3.893647,44,6440.440282
61.200695,176,6446.337734
-5.882851,10,6446.680234
26.748993,138,6451.266496
0.108907,26,6452.148593
9.225763,59,6454.117503
4.223568,42,6455.543518
5.924128,18,6456.151621
57.261177,176,6462.054571
30.366058,119,6466.0815
18.133777,83,6468.855897
39.657055,176,6474.783918
6.772269,62,6476.892353
-7.259261,8,6477.166361
61.193292,176,6483.043964
21.867686,176,6488.971502
15.322412,61,6491.034714
4.488005,13,6491.473882
25.126312,122,6495.593726
20.044818,121,6499.680516
-4.664132,13,6500.142574
8.760129,73,6502.659094
4.343003,13,6503.103524
0.185684,32,6504.203953
53.710374,176,6514.384805
57.376628,176,6520.314413
54.172593,164,6525.784948
-3.296168,18,6526.39854
51.555127,176,6532.276996
21.54078,84,6535.074045
17.315954,94,6538.197913
56.687347,176,6544.030632
24.075167,132,6548.450358
62.938747,176,6554.397598
18.999185,115,6558.254553
61.05978,176,6564.17878
9.3416,31,6565.217368
62.92552,176,6571.138692
16.866431,51,6572.86474
29.749191,173,6578.579969
17.769245,87,6585.764112
16.517139,93,6588.885432
16.282004,50,6590.589993
66.15504,176,6596.433294
62.823511,176,6602.38356
51.540513,176,6608.284707
56.994462,176,6614.191748
6.709613,22,6614.941741
2.611296,57,6616.861346
30.522457,147,6621.813764
62.555279,176,6627.685796
61.182938,176,6633.614766
-4.073908,16,6634.172748
15.537892,40,6635.521685
57.934111,176,6641.469803
-5.592018,12,6641.882569
59.993784,176,6647.834871
17.484556,125,6652.069443
5.680307,45,6653.649141
55.644789,168,6663.472503
5.373332,55,6665.339819
7.825852,176,6671.234723
69.074563,176,6677.140416
6.757038,58,6679.104788
58.143219,176,6684.964341
65.920895,176,6690.898942
50.818248,176,6696.770525
17.316758,110,6700.441849
10.292902,66,6702.652631
25.201547,109,6706.317132
66.230597,176,6712.228408
-5.522556,11,6712.602833
9.238439,33,6713.722025
63.772443,176,6719.569992
43.37543,176,6725.457784
1.849022,6,6725.665432
59.413744,176,6735.801427
10.481751,176,6741.675786
55.694398,176,6747.506714
65.420315,176,6753.398913
69.927987,167,6758.959715
25.390494,113,6762.736669
4.183009,13,6763.180724
63.523204,176,6769.043269
47.731321,176,6774.949519
40.709755,169,6780.614011
42.969296,176,6786.540116
43.671653,176,6792.4188
-1.629883,26,6793.30601
18.026978,46,6794.852119
35.253945,176,6804.993773
51.0577,176,6810.804676
49.76733,176,6816.69135
4.083361,41,6818.04582
7.002754,53,6819.812726
57.618689,176,6825.713794
59.325069,176,6831.628714
63.431528,176,6837.55655
18.573765,99,6840.908472
57.229122,176,6846.79792
48.517258,165,6852.337976
44.643803,176,6858.149138
60.580504,176,6864.054117
4.120458,48,6865.712579
43.962952,176,6871.558846
8.279477,75,6878.354708
52.824575,176,6884.260036
15.910951,86,6887.132042
56.722378,176,6893.058837
49.393765,176,6898.924312
31.107375,138,6903.55896
6.751809,56,6905.459021
54.103783,176,6911.385227
25.999168,109,6915.015312
12.054387,77,6917.646127
61.922134,176,6923.500951
9.668404,72,6925.908964
29.574834,126,6930.085865
-7.291798,7,6930.336499
2.030635,42,6931.762371
-5.224576,15,6932.277585
30.644536,103,6935.748174
0.100423,42,6937.195381
14.738876,73,6939.663506
6.699235,64,6941.871864
54.024592,176,6951.970694
52.679701,176,6957.820499
6.181658,74,6960.322351
45.242995,176,6966.221705
50.099609,176,6972.121348
47.397717,176,6978.030105
7.144609,73,6980.454757
-6.792166,8,6980.735376
53.738875,176,6986.655825
-2.931618,23,6987.443763
54.312271,176,6993.331637
57.812227,176,6999.192584
23.548937,102,7002.671054
9.402921,75,7005.185286
1.160123,40,7006.518501
60.813483,176,7012.438319
1.472952,5,7012.611039
8.907161,101,7015.950441
-2.835103,25,7016.806211
53.279131,176,7026.898512
9.118745,32,7027.973271
5.942048,52,7029.725658
33.112583,105,7033.259286
51.801775,176,7039.114214
23.445175,123,7043.258754
-2.36842,27,7044.145727
14.12453,50,7045.844562
49.085617,176,7051.743254
4.72195,61,7053.81045
57.309698,176,7059.656255
51.409222,176,7065.520677
56.142714,176,7071.440865
52.858231,176,7077.283034
44.670941,157,7082.488038
26.231916,92,7085.587308
33.327663,102,7088.954963
4.513642,53,7090.76789
5.784067,19,7091.441286
9.091272,29,7096.646048
3.186462,10,7096.988537
34.448559,170,7102.671221
55.267215,176,7108.487453
10.070589,76,7111.065701
54.35648,176,7116.930379
50.200032,156,7122.166423
0.650005,35,7123.360984
19.827402,74,7125.815556
55.55508,176,7131.593234
3.947566,53,7133.369663
51.218286,176,7139.255316
56.716467,176,7145.107306
51.396712,176,7150.996628
54.527072,176,7156.810023
53.341649,176,7162.674659
1.820261,6,7162.885389
54.31412,176,7173.025038
19.897131,80,7175.69034
-1.239204,28,7176.621628
61.271523,176,7182.51361
50.26277,176,7188.435431
52.94422,176,7194.323012
60.604826,176,7200.197152
-14.103703,176,7206.092035
56.746042,176,7212.041215
46.904593,176,7217.938201
50.913971,176,7223.756792
49.640324,176,7229.661701
55.042634,176,7235.541543
51.306529,176,7245.666622
0.029104,34,7246.822123
56.414516,176,7252.704598
53.894841,176,7258.5344
-4.465852,16,7259.079348
59.703503,176,7264.980934
3.587911,46,7266.542232
41.276414,176,7272.498577
23.903694,87,7275.419653
3.966435,11,7275.790815
56.764306,176,7281.640297
50.565805,176,7287.494587
8.094676,60,7289.535909
4.722805,15,7290.041615
-1.415489,27,7290.950501
54.130225,176,7296.766268
5.798797,18,7297.37021
25.090776,88,7300.370008
35.342374,110,7304.063375
56.345769,176,7314.234492
60.196872,176,7320.120758
54.218613,176,7326.024101
47.958829,176,7331.892842
56.715811,176,7337.78404
55.427086,176,7343.69744
1.653382,34,7344.849385
53.942841,176,7350.749108
1.556008,38,7352.02937
-7.432237,7,7352.270851
55.897329,176,7358.143713
-3.018871,20,7358.818157
15.214269,104,7362.329248
59.044332,176,7368.251283
53.017501,176,7374.181854
57.334887,176,7379.962172
56.769155,176,7390.143177
53.63673,176,7396.065247
50.17596,176,7401.999922
58.037538,176,7407.933134
-0.93742,21,7408.64767
54.620203,176,7414.49104
51.47763,176,7420.378771
53.221895,176,7426.25939
4.134386,43,7427.702743
-6.389582,9,7428.007722
30.929769,160,7433.490676
47.009515,171,7439.207042
57.225017,176,7445.127681
60.1647,176,7450.961156
45.030971,130,7455.384729
13.846022,74,7462.213352
1.472195,5,7462.387076
58.147743,176,7468.255521
23.845499,76,7470.810368
54.740255,176,7476.723992
9.020601,31,7477.772286
54.18412,176,7483.661478
56.024472,176,7489.491866
2.487281,8,7489.77617
57.966564,176,7495.633423
42.734583,176,7501.526692
20.533714,82,7504.29636
-3.480507,18,7504.90315
1.420689,5,7505.076838
50.74008,176,7510.987671
49.732952,176,7517.020252
54.598885,176,7522.81932
42.61336,141,7527.534228
44.645733,176,7537.696683
52.836664,176,7543.57495
-1.276559,25,7544.436632
52.722449,176,7550.343116
57.104196,176,7556.222221
56.730423,176,7562.037705
15.845617,81,7564.726468
56.064856,176,7570.590431
-5.97189,10,7570.944813
57.960556,176,7576.847905
7.905258,27,7577.77171
43.58172,176,7583.732342
54.933271,176,7589.560224
45.356647,176,7595.386905
6.238933,20,7596.07465
56.05218,176,7606.272901
41.151015,176,7612.219294
0.697616,3,7612.327379
51.67447,176,7618.204076
-1.147051,25,7619.035309
58.365546,176,7624.941289
50.964872,176,7630.787221
0.694524,3,7630.89432
55.448432,176,7636.750494
55.857251,176,7642.636411
52.069735,176,7648.498594
51.539722,176,7654.313846
58.427833,176,7660.181059
12.456028,71,7662.604698
9.720124,65,7664.779342
7.392744,47,7666.378029
13.33412,55,7668.262948
9.077866,31,7669.311441
4.158579,14,7669.788388
62.969646,176,7679.960232
54.502668,176,7685.884462
53.426927,176,7691.765672
37.800367,164,7697.226246
57.248404,176,7703.143281
11.693837,81,7705.856983
26.213957,163,7711.275272
50.988317,176,7717.141192
54.344895,176,7723.012113
60.800227,176,7728.913831
64.486255,176,7734.785132
57.092719,176,7740.680574
-5.739072,12,7741.082564
20.210956,55,7742.928558
58.663439,176,7753.154534
55.062598,176,7759.047416
47.561884,176,7764.936722
1.042322,4,7765.075061
62.547109,176,7770.951441
61.241243,176,7776.787101
24.752698,114,7780.618373
3.28468,11,7780.99455
48.510521,176,7786.948127
56.107813,176,7792.855794
-2.267254,20,7793.527296
56.345441,176,7799.382159
36.455805,148,7804.373811
4.556818,13,7804.821451
53.339233,176,7810.722487
63.887056,176,7816.625725
20.478476,96,7819.823072
21.601478,63,7826.296615
51.588249,176,7832.156839
42.609627,176,7838.019621
9.65982,58,7840.00847
1.058311,4,7840.151076
57.053234,176,7846.007453
54.885597,176,7851.889633
17.195086,68,7854.163794
3.432317,53,7855.96646
63.954733,176,7861.84623
53.721481,176,7867.767905
-4.902038,16,7868.301968
60.758504,176,7874.11231
4.188811,14,7874.58193
53.605611,176,7880.537689
49.942492,176,7886.446438
61.36973,176,7892.371868
52.088078,176,7902.560605
51.491835,176,7908.459439
38.35129,176,7914.407828
19.351224,58,7916.340335
54.50587,176,7922.230437
1.395806,5,7922.409648
55.679884,176,7928.288467
5.890574,18,7928.896044
2.051591,7,7929.138293
52.108548,176,7935.075383
48.254022,176,7940.990581
52.857651,176,7946.925169
50.252886,176,7952.768593
54.820234,176,7958.730913
41.02825,176,7964.592079
37.637273,176,7974.811903
56.832828,176,7980.730946
47.005073,176,7986.556122
51.207968,176,7992.352112
-7.737943,7,7992.594578
53.126328,176,7998.440631
0.954675,27,7999.356959
53.642289,176,8005.179262
59.084621,176,8011.01241
37.645635,176,8016.844491
53.044692,176,8022.716942
40.063518,176,8028.617203
59.972739,176,8034.501536
-1.526664,39,8035.820873
48.634406,176,8046.025192
44.659308,176,8051.87855
53.948968,176,8057.737946
-6.484946,11,8058.109256
51.420011,176,8063.938255
30.753125,176,8069.792714
13.716397,61,8071.818412
43.257226,176,8077.728903
66.287232,176,8083.575762
6.0691,18,8084.175577
27.234991,121,8088.212608
64.331508,176,8094.047088
62.94425,176,8099.856606
48.245437,176,8105.726822
55.824576,176,8116.013974
26.922864,96,8119.247244
57.194704,176,8125.082368
52.987315,176,8130.890412
57.796657,176,8136.772383
52.316559,176,8142.686609
62.521279,176,8148.543838
6.027399,19,8149.189803
34.101663,119,8153.142339
52.869549,176,8158.980505
16.688884,76,8161.540422
-6.729773,8,8161.82389
0.436392,41,8163.202257
42.322279,176,8169.159355
1.09024,4,8169.300121
42.448241,176,8175.195236
63.445223,176,8181.03992
54.571101,176,8191.195549
32.261627,128,8195.503916
58.160097,176,8201.398171
58.151348,176,8207.290796
23.960729,120,8211.297297
44.105992,176,8217.223966
58.08949,176,8223.085849
64.208874,176,8228.933965
49.045141,176,8234.782143
-6.086836,11,8235.166367
64.547917,176,8241.061945
5.783706,22,8241.797299
8.538637,28,8242.738677
41.515067,176,8248.556541
64.243882,176,8254.531139
26.112266,130,8263.128444
66.893537,176,8269.016696
64.850799,176,8274.906877
52.123885,176,8280.79172
68.281344,174,8286.568213
3.882225,12,8286.967581
50.098206,176,8292.820779
50.541052,176,8298.716561
58.545216,176,8304.571042
57.637333,176,8310.456845
44.590711,176,8316.357395
31.181212,132,8320.781646
64.582077,176,8326.701445
62.899908,176,8336.900638
55.489494,176,8342.826421
-0.26438,30,8343.839241
61.337558,176,8349.729651
53.710977,176,8355.566799
53.631224,176,8361.515228
-4.014702,26,8362.40832
62.558429,176,8368.3257
2.13074,28,8369.253453
7.060921,71,8371.651631
64.478265,176,8377.586676
55.831734,176,8383.483739
52.075191,176,8389.383491
64.815278,176,8395.221465
57.015543,176,8401.124897
44.390028,163,8410.845064
-5.217605,13,8411.28342
58.597555,176,8417.199626
11.61297,32,8418.304601
58.732195,176,8424.174579
-6.199533,10,8424.528274
34.25212,141,8429.25304
35.85596,174,8435.080395
-4.56588,15,8435.597272
64.535704,176,8441.489852
12.611709,82,8444.253139
43.706176,176,8450.180118
5.949428,19,8450.83117
1.743624,6,8451.037611
55.748297,176,8456.954269
11.644919,94,8460.136234
39.149436,153,8465.174617
56.907302,176,8470.9698
16.416653,91,8474.001266
53.869368,176,8484.149065
56.614573,176,8489.981018
63.764711,176,8495.812829
8.715809,24,8496.624827
58.225032,176,8502.482653
46.593319,176,8508.373337
9.021318,33,8509.502199
44.652364,176,8515.435993
45.729323,176,8521.304285
11.421026,62,8523.412046
42.245887,176,8529.353197
-6.185829,11,8529.730757
56.198768,176,8535.606387
3.822203,12,8536.009784
33.466501,163,8541.40831
55.754577,176,8547.301095
62.865099,176,8557.444732
55.105841,176,8563.323146
49.228229,176,8569.160124
49.476621,176,8574.971339
57.965832,176,8580.824523
57.142358,176,8586.685986
6.130511,24,8587.50588
52.914724,176,8593.35127
52.624816,176,8599.26405
45.707848,176,8605.217605
50.094048,176,8611.083938
8.262409,29,8612.064595
47.685377,176,8617.889118
53.502377,169,8627.790452
55.263429,176,8633.674631
62.3156,176,8639.605848
63.09865,176,8645.479451
55.090658,176,8651.403455
59.934037,176,8657.355499
4.942838,16,8657.901148
44.552652,176,8663.799186
1.085441,4,8663.941642
10.447998,37,8665.189478
23.174613,114,8669.010619
45.845976,176,8674.889951
59.267709,176,8680.80229
59.819878,176,8686.724423
60.12387,176,8692.595972
58.449613,163,8702.402846
4.829602,47,8703.990062
58.771174,176,8709.876077
58.269207,176,8715.818403
-6.729518,10,8716.155496
6.639169,56,8718.02818
39.145098,155,8723.160019
31.088361,157,8728.480783
67.124471,176,8734.442854
31.92997,79,8737.072777
23.184153,96,8740.301894
65.945651,176,8746.164709
6.23721,76,8748.711094
-2.833121,34,8749.874003
33.886561,154,8755.119848
33.014657,121,8759.196394
50.022415,176,8765.151392
-4.294663,19,8765.804778
43.807893,156,8775.293019
57.586945,176,8781.15581
53.755379,176,8787.008673
53.26711,176,8792.845926
51.512387,176,8798.669209
24.532872,82,8801.474978
-5.080608,16,8802.014344
8.427868,81,8804.750484
63.387099,176,8810.588718
48.053775,176,8816.520701
54.523897,176,8822.44591
55.425162,176,8828.357094
-4.242352,18,8828.969933
60.378441,176,8834.894109
15.095799,101,8838.279415
33.312399,119,8846.618737
55.662116,176,8852.536791
51.925407,176,8858.401588
59.55495,176,8864.344695
44.801854,176,8870.255703
-4.654854,14,8870.730315
8.923824,28,8871.675076
52.927946,176,8877.597816
49.321802,176,8883.520865
45.273748,176,8889.406609
-3.499001,20,8890.081824
55.650813,176,8895.978694
-6.532296,11,8896.362005
56.733862,176,8902.20404
53.011099,176,8908.129759
56.406295,176,8918.377782
-6.387023,10,8918.72723
-5.32797,13,8919.179564
-5.032659,16,8919.73742
37.709739,171,8925.392704
61.401105,176,8931.241267
1.967921,7,8931.477026
59.294876,176,8937.348277
53.41063,176,8943.145888
47.436207,176,8949.000593
55.958747,176,8954.907801
54.577903,176,8960.81848
32.740103,99,8964.162147
5.246264,16,8964.703689
52.101564,176,8970.580136
48.321658,176,8976.487537
9.530228,62,8978.684412
17.486092,142,8983.802015
56.720818,176,8995.601555
5.546911,17,8996.250804
8.802532,30,8997.393571
52.051898,176,9003.928851
-7.072127,9,9004.261463
20.061318,89,9007.499316
2.676008,9,9007.836009
4.466147,15,9008.394088
5.944869,21,9009.17581
50.597006,176,9015.499257
1.053814,4,9015.654692
10.704011,58,9017.75223
32.520525,176,9024.189841
1.340713,5,9024.381886
37.718951,176,9030.738837
19.893772,75,9033.488094
5.817636,18,9034.143519
12.171791,47,9035.832406
53.700125,176,9042.187899
-6.810611,10,9042.554246
-0.572729,176,9048.812633
19.886719,77,9051.545325
36.049914,176,9057.870775
54.193133,176,9064.084412
9.15741,33,9065.265188
21.737015,176,9076.561734
-1.719729,30,9077.647528
48.583129,176,9083.980926
14.302895,71,9086.542207
55.757477,176,9092.893525
55.319664,176,9099.177992
16.665711,62,9101.38616
49.600294,176,9107.646151
54.830243,176,9114.091437
3.76423,12,9114.552193
9.48191,46,9116.278061
58.536836,176,9122.763014
4.315924,15,9123.346664
46.398109,176,9129.741146
48.340416,176,9135.914369
47.469068,176,9142.104881
-5.331493,16,9142.675201
61.565089,176,9153.913654
55.981424,176,9160.201287
1.025965,4,9160.354694
-5.936481,15,9160.906849
1.64738,6,9161.135297
47.320892,176,9167.562402
54.30569,176,9173.953712
6.366824,23,9174.797912
-4.390342,20,9175.526406
47.355641,176,9181.721633
51.305642,176,9187.927505
36.987131,176,9194.152545
53.279933,176,9200.307896
47.247152,176,9206.543325
54.622759,176,9212.747086
51.329801,176,9218.901905
