#{"t_start": 1773513710.1602607, "env_id": "continuous-exit-v0"}
r,l,t
1.02618,4,10.10141
-8.066665,5,10.314605
0.362137,2,10.407092
1.068596,4,10.590176
1.056155,4,10.766249
-8.05119,5,10.994203
0.777286,4,11.153355
-8.567751,4,11.343327
0.326924,2,11.438772
0.333741,2,11.534835
1.956901,6,11.796697
0.717875,3,11.940311
-7.679705,6,12.219881
3.84984,11,12.710718
1.381637,5,12.942841
0.357097,2,13.04572
0.731806,3,13.174867
1.085185,5,13.390626
-8.507949,4,13.568087
1.699505,6,13.843755
1.323027,6,14.09728
-7.853182,6,14.348058
-7.651026,6,14.609571
-5.344886,9,15.015978
1.275495,5,15.230115
2.125184,7,15.543441
0.357912,2,15.630855
1.693522,7,15.944048
0.381946,2,16.032101
0.34595,2,16.121788
0.378541,2,16.213336
0.335245,2,16.302583
0.3548,2,16.39196
1.584818,5,16.606737
-1.341441,19,17.431501
-8.016445,5,17.645883
0.387326,2,17.734984
2.601941,8,18.082187
0.733871,3,18.217123
1.547838,5,18.430278
-8.603322,4,18.609196
-7.786263,6,18.870932
-7.28187,6,19.112146
0.362873,2,19.190489
-8.530272,5,19.413306
1.362363,5,19.627895
0.741313,3,19.763115
5.590512,14,20.370081
-6.825906,9,20.745694
2.211101,7,21.035181
1.15892,5,21.261888
0.328327,2,21.349876
-7.920757,5,21.552172
1.956419,6,21.810638
-5.666843,9,22.19629
0.722394,3,22.332009
1.98224,6,22.579809
4.907045,13,23.149763
6.968938,18,23.927115
2.896323,8,24.268483
4.502055,13,24.817842
-7.945575,5,25.021959
-6.565347,9,25.406877
1.777307,6,25.690058
0.329972,2,25.778938
-8.4702,5,25.997021
-6.383018,9,26.359948
1.111533,4,26.527847
1.017795,4,26.698671
1.087074,4,26.889652
0.333631,2,26.969016
0.311975,2,27.057214
1.198034,5,27.27075
-8.531862,5,27.505667
0.3128,2,27.596378
0.336819,2,27.693632
0.740976,3,27.828528
3.294934,8,28.15966
0.351947,2,28.239201
-6.828599,8,28.592348
0.314379,2,28.680587
-5.611766,12,29.185293
3.027229,8,29.534704
1.069641,4,29.714892
-8.399709,5,29.918974
-4.818646,12,30.440192
0.35527,2,30.517854
4.151099,11,30.981479
0.350401,2,31.072126
0.336056,2,31.162476
3.615152,10,31.591939
1.49166,5,31.804021
1.417386,5,32.01766
3.581789,11,32.480553
0.701714,3,32.614982
0.345902,2,32.694988
1.361295,5,32.889271
-5.875536,10,33.331158
-6.850254,8,33.686849
-7.536182,6,33.956578
-4.777498,11,34.434719
2.541154,7,34.726416
3.566515,10,35.166469
1.828767,6,35.434689
-6.592213,8,35.783094
-6.663279,8,36.13173
-8.50523,5,36.345709
0.339721,2,36.434048
1.709078,6,36.684802
3.582148,11,37.183884
-7.169165,8,37.533063
1.793849,6,37.783441
-5.844519,10,38.21446
0.312058,2,38.291463
1.080983,4,38.462706
0.374866,2,38.550608
0.332397,2,38.64057
0.323615,2,38.730686
-7.644133,6,38.978565
-5.424921,11,39.471781
0.359685,2,39.561616
8.632079,21,40.470026
0.363306,2,40.55831
5.04176,13,41.117633
0.33725,2,41.207009
0.338948,2,41.296724
-7.298089,7,41.590164
5.617071,15,42.255628
0.313546,2,42.33288
3.440282,10,42.782336
0.324054,2,42.861251
5.252052,16,43.549225
3.221856,10,43.975902
0.330884,2,44.055007
1.509283,5,44.248318
0.328415,2,44.327852
-7.853133,6,44.578308
0.327106,2,44.668259
-6.367294,9,45.060586
1.349689,5,45.275722
0.321778,2,45.364918
1.88856,7,45.662783
1.032539,4,45.8329
5.803232,15,46.476298
-8.480345,4,46.653839
3.677329,11,47.128722
-8.062602,6,47.387748
-7.207296,7,47.692802
1.024774,5,47.905997
1.111745,4,48.057672
-6.947647,7,48.365664
0.31671,2,48.454633
0.763323,3,48.588373
0.752255,3,48.722726
4.305301,14,49.33274
1.317329,5,49.547385
0.313141,2,49.636705
1.049194,4,49.796519
-8.119776,5,50.024082
0.714697,3,50.146543
-7.578183,6,50.399234
0.333323,2,50.477051
0.333633,2,50.56602
0.352002,2,50.657459
1.43124,5,50.873139
4.280619,11,51.328251
0.383983,2,51.417787
0.321462,2,51.506306
3.169214,9,51.894161
0.328474,2,51.972597
2.748759,9,52.37107
-8.566146,5,52.575598
0.356895,2,52.665429
1.747512,6,52.92407
2.25498,7,53.218188
-7.435554,7,53.5209
1.378517,5,53.733406
0.317047,2,53.822585
3.371919,10,54.272173
-8.251985,5,54.498465
-6.020948,10,54.923159
1.128613,4,55.090312
0.747043,3,55.224486
0.311285,2,55.31254
2.594,8,55.669462
1.149468,5,55.894628
1.079822,4,56.073203
-7.582188,7,56.378872
-6.736376,9,56.757636
2.461656,7,57.052452
1.719256,6,57.299674
-8.632424,4,57.480787
-8.521971,4,57.649164
1.445544,5,57.871286
3.370138,10,58.287691
1.280029,5,58.491146
0.336604,2,58.580387
-7.777509,7,58.887146
1.358507,5,59.108392
2.96881,8,59.451373
0.351982,2,59.539989
1.769764,6,59.798371
0.751752,3,59.923982
-8.429299,5,60.119359
3.002945,9,60.515501
2.42926,7,60.817613
0.708599,3,60.954707
-7.781841,6,61.200195
2.95922,9,61.609267
-7.882549,5,61.824009
-5.398037,11,62.318614
-8.696861,4,62.486659
0.318577,2,62.567608
-6.810251,7,62.856741
0.323155,2,62.946986
-6.702998,9,63.320107
1.376206,5,63.538596
0.317171,2,63.617815
-8.1313,6,63.880524
1.054173,4,64.050555
-8.44393,5,64.274666
0.386359,2,64.362315
0.357127,2,64.452152
-4.754459,13,65.008917
1.90104,6,65.243796
-7.922482,5,65.457197
1.010243,4,65.625352
1.75382,6,65.884725
-5.716305,10,66.299425
1.332381,5,66.523935
0.33725,2,66.613943
-7.253482,7,66.910231
0.33725,2,66.987705
0.335642,2,67.066318
0.311285,2,67.145713
-6.640707,8,67.496017
-8.583373,4,67.657592
0.334274,2,67.748398
-6.346759,8,68.098126
1.82059,6,68.36066
1.417708,5,68.586825
0.313812,2,68.677408
0.342368,2,68.767854
0.317115,2,68.856874
-3.628394,18,69.622591
-5.464639,11,70.116984
4.415921,14,70.755018
0.3516,2,70.843377
0.323406,2,70.935009
-7.118361,8,71.292384
2.11154,7,71.59095
3.370451,10,72.016087
1.387175,5,72.229154
-8.311167,4,72.400373
0.331637,2,72.490431
1.10493,5,72.705384
4.522696,12,73.2131
-8.164371,5,73.408534
1.123031,4,73.580256
-7.059553,7,73.87603
0.356523,2,73.954804
-6.71731,9,74.348643
5.240742,13,74.891674
0.322648,2,74.981735
0.341523,2,75.073079
-5.176737,12,75.575218
0.33506,2,75.66394
-6.574936,9,76.06355
0.318865,2,76.151909
1.501381,5,76.368148
0.318629,2,76.448044
-8.502557,4,76.629575
2.068643,7,76.923881
0.361804,2,77.012026
1.919154,6,77.279622
0.314766,2,77.358938
1.125823,4,77.540793
-8.422302,4,77.709343
1.824295,6,77.962208
-4.385805,16,78.656028
-6.507291,7,78.957409
0.71137,3,79.092232
1.117032,5,79.29447
-6.421105,8,79.622294
0.352497,2,79.708125
4.027587,12,80.205805
0.343286,2,80.292919
-6.696688,10,80.71294
-6.739745,7,81.019354
1.530709,5,81.228079
0.311285,2,81.316809
2.720787,9,81.693252
0.333188,2,81.783162
1.509217,5,81.991712
0.380866,2,82.08099
0.335167,2,82.169986
3.51453,10,82.579276
1.500744,5,82.783431
-7.925129,5,82.997976
2.191119,7,83.294375
1.003812,5,83.508699
0.319372,2,83.596705
2.707786,8,83.960497
0.713749,3,84.096028
0.731407,3,84.21037
-7.319405,7,84.519097
0.33725,2,84.606992
3.301576,10,85.025629
2.038063,6,85.296517
0.740055,3,85.432395
-7.712263,6,85.705949
-8.107494,5,85.922127
-6.860154,7,86.228827
0.377451,2,86.31899
2.004695,6,86.587869
0.339012,2,86.676889
0.311285,2,86.768129
-8.075317,5,86.974773
0.716307,3,87.087845
0.377923,2,87.17663
1.517946,5,87.404921
1.515749,5,87.622343
0.338202,2,87.700687
1.120949,4,87.881026
0.330861,2,87.968997
1.6591,6,88.228276
0.33592,2,88.318429
0.339178,2,88.40533
-7.898181,5,88.634352
-7.428681,7,88.939454
2.31087,7,89.241428
0.353683,2,89.331456
0.312935,2,89.423192
2.771461,8,89.773774
1.092529,4,89.940997
0.740072,3,90.077538
3.975284,11,90.556219
-8.098883,5,90.778739
3.949971,10,91.206184
-6.702671,8,91.558813
-8.414758,5,91.772432
0.359157,2,91.86325
0.326102,2,91.941658
0.364661,2,92.032195
1.963326,6,92.280921
2.754905,8,92.620808
1.086987,4,92.793624
-7.761592,6,93.064047
2.170099,7,93.355456
2.55856,7,93.668714
0.763071,3,93.801069
-8.084183,5,94.025697
3.449139,10,94.461536
0.750614,3,94.585001
2.646307,8,94.924427
1.11379,4,95.096313
-1.633292,21,95.991526
-6.782382,8,96.324119
1.134168,5,96.54998
1.892201,7,96.862623
1.332577,5,97.077078
3.429493,10,97.487199
0.749968,3,97.613306
0.708771,3,97.749514
1.112873,4,97.904488
0.327133,2,97.993965
0.33725,2,98.073375
-8.298579,4,98.245901
2.760677,8,106.536444
2.076926,6,106.806589
1.707656,6,107.077753
2.190943,7,107.372401
-8.136365,5,107.599159
0.358778,2,107.687814
0.323012,2,107.779637
6.580288,17,108.510534
-7.067284,7,108.815776
0.311285,2,108.90733
1.775259,6,109.178829
2.237106,7,109.485164
0.746958,3,109.620589
0.759084,3,109.755743
0.311285,2,109.845069
0.33725,2,109.922926
-6.174174,10,110.366835
0.334924,2,110.454295
3.597007,11,110.937673
1.394363,5,111.161978
2.649919,8,111.501602
3.899798,10,111.93088
0.338521,2,112.018542
0.352491,2,112.10884
0.341943,2,112.199036
1.126308,4,112.379561
0.337044,2,112.471393
0.770719,4,112.649594
0.328249,2,112.738763
1.675637,6,112.977551
3.701217,10,113.421246
0.735128,3,113.544507
-8.292573,5,113.759813
0.339361,2,113.84854
0.319657,2,113.939031
0.683608,3,114.073653
0.318878,2,114.161635
1.414909,5,114.386165
1.060541,5,114.583557
1.317112,5,114.797771
1.457593,5,115.020883
2.180596,7,115.315274
2.418406,7,115.609748
5.399365,16,116.319164
1.216488,5,116.524844
4.454442,11,117.008117
1.142628,4,117.175455
-8.104533,5,117.391393
1.370797,5,117.595185
0.325781,2,117.674483
0.322687,2,117.752833
1.531196,5,117.961011
-6.457268,9,118.369696
0.373447,2,118.456835
-5.785619,9,118.849794
0.33725,2,118.939099
3.264405,10,119.348375
0.327863,2,119.435768
0.365355,2,119.524851
-8.188691,5,119.742045
4.347611,12,120.249004
4.217566,10,120.667399
0.335502,2,120.746635
0.311285,2,120.837451
2.251488,7,121.144007
0.757613,3,121.277758
0.331872,2,121.366395
0.330445,2,121.458227
0.683954,3,121.595327
0.742801,3,121.717855
2.882296,9,122.102496
1.408709,5,122.325875
0.324254,2,122.404298
0.33725,2,122.492214
1.388793,5,122.715036
1.121872,4,122.894056
0.32131,2,122.983869
1.334171,5,123.196444
0.673095,3,123.320545
0.358682,2,123.409405
1.848519,6,123.681257
6.109258,19,124.506452
0.7259,3,124.64095
2.021433,6,124.903013
0.311285,2,124.991617
0.33725,2,125.08225
2.517421,8,125.419218
0.320133,2,125.509317
-7.999205,5,125.72682
1.753457,6,125.996725
0.661472,3,126.119558
0.311285,2,126.209593
1.024361,4,126.387544
1.417404,5,126.604031
0.33725,2,126.683655
-8.001814,5,126.905128
0.324518,2,126.993825
1.02913,4,127.173301
1.898265,6,127.447905
1.923447,6,127.707604
1.412107,5,127.930601
0.315786,2,128.021785
-8.398361,5,128.238806
2.047947,7,128.558489
1.303403,5,128.770659
0.349651,2,128.860582
-8.358842,5,129.088737
0.738043,3,129.222354
0.386043,2,129.312542
0.363788,2,129.402117
1.452735,5,129.607022
0.33725,2,129.695484
2.163992,7,130.003513
-8.528772,4,130.18271
0.311285,2,130.271696
3.111101,10,130.721858
1.02846,4,130.902437
1.748899,6,131.153556
-8.034106,6,131.425377
0.326395,2,131.514659
1.886555,6,131.789985
-4.21937,13,132.348215
0.33725,2,132.426991
0.323238,2,132.516701
-3.567906,14,133.142113
-5.888306,9,133.53172
2.294982,7,133.847605
1.396798,5,134.069015
0.70017,3,134.204388
0.33214,2,134.29357
0.311285,2,134.384356
1.802067,6,134.642595
1.617714,6,134.905818
4.144172,12,135.425855
1.094204,4,135.60672
3.209216,10,136.034411
0.677045,3,136.158215
0.382202,2,136.247685
1.373822,5,136.473769
1.785485,6,136.734333
1.061382,4,136.9127
1.023799,4,137.095786
1.36531,5,137.323415
0.336678,2,137.411479
0.331801,2,137.500031
1.951005,6,137.770873
1.395276,5,137.984912
-8.045129,5,138.187602
0.372926,2,138.276771
4.553816,13,138.840715
-8.538608,4,138.997036
-8.343441,5,139.211927
2.542405,8,139.555553
1.794319,6,139.815956
3.90608,11,140.304031
0.334106,2,140.391311
1.923178,6,140.661339
-7.721198,6,140.928551
0.314796,2,141.018455
0.388883,2,141.107095
2.450406,7,141.40977
-5.35701,11,141.893629
1.549017,5,142.121177
1.33694,5,142.32369
2.038055,7,142.61684
0.725436,3,142.751841
1.217783,5,142.967202
0.33725,2,143.056237
4.498525,12,143.587919
0.359856,2,143.676316
2.412155,8,144.023225
-8.604345,4,144.200856
2.113366,7,144.509136
0.335599,2,144.598308
1.399497,5,144.822794
2.176059,6,145.063391
-7.798325,5,145.280731
0.696041,3,145.414311
-8.517893,4,145.584552
0.69899,3,145.722211
0.341955,2,145.798519
0.670867,3,145.931094
0.321154,2,146.021129
-7.475687,6,146.282118
3.446871,10,146.699537
0.33725,2,146.788546
-8.433997,4,146.958811
0.360363,2,147.049944
1.034726,4,147.218553
4.890012,14,147.799918
1.79242,6,148.060832
0.353101,2,148.150254
-7.030802,7,148.466378
0.74506,3,148.599658
0.683478,3,148.725
0.708615,3,148.860905
0.324317,2,148.939536
0.374298,2,149.030818
1.064739,4,149.209491
0.33771,2,149.299147
-7.804357,6,149.559122
-8.106451,5,149.765252
0.345626,2,149.853248
5.611778,14,150.448299
0.357579,2,150.537895
0.336375,2,150.629943
3.067395,9,151.024607
0.328579,2,151.115512
0.311285,2,151.204865
4.906144,13,151.760094
0.334455,2,151.84881
1.496881,5,152.079332
1.39749,5,152.303946
0.719379,3,152.439207
-7.974676,5,152.656987
2.724084,7,152.958031
0.356784,2,153.04916
-8.00575,6,153.323313
0.381007,2,153.412801
0.331023,2,153.502274
1.070711,4,153.679261
-7.461482,6,153.951263
-7.107863,8,154.309047
0.314318,2,154.399716
1.064298,4,154.583751
0.689433,3,154.718472
0.737989,3,154.853749
1.111819,5,155.069381
0.730384,3,155.202513
0.371745,2,155.294092
0.343205,2,155.385464
1.051739,4,155.542757
-8.38793,5,155.760314
0.346298,2,155.848128
0.736142,3,155.988199
-6.874014,8,156.355361
1.061258,4,156.543298
4.250498,12,157.084717
0.342161,2,157.179332
1.908071,6,157.437234
1.711501,6,157.705911
1.853268,6,157.968125
2.387562,7,158.27809
0.311285,2,158.369446
0.736528,3,158.509144
0.753707,3,158.643151
1.597857,6,158.902603
0.750438,3,159.033315
1.751921,6,159.290134
-8.158103,6,159.557218
0.358943,2,159.645513
0.341815,2,159.733985
0.70612,3,159.873773
0.349094,2,159.953711
1.124609,4,160.137127
2.178764,7,160.452259
2.320172,7,160.762521
1.064872,4,160.948708
0.321033,2,161.031021
0.688925,3,161.170829
0.767161,3,161.310244
0.687661,3,161.434151
0.3298,2,161.527965
0.323271,2,161.619346
-5.592315,9,162.019472
0.335589,2,162.100713
1.14368,4,162.271499
0.339304,2,162.363364
-5.817348,9,162.748404
0.33725,2,162.839714
0.387083,2,162.929168
-7.843119,5,163.143266
0.329372,2,163.232735
-7.796642,6,163.483663
0.326773,2,163.576176
0.356265,2,163.666243
1.408471,5,163.889909
0.311285,2,163.97822
1.428471,5,164.195019
-7.357852,7,164.490698
0.311285,2,164.582752
3.359185,9,164.97953
0.345452,2,165.067763
2.677155,9,165.475881
0.737673,3,165.610795
-6.998471,8,165.962643
0.355595,2,166.052912
-8.137673,5,166.268319
0.376011,2,166.357905
1.186174,4,166.527036
1.045761,4,166.686816
-7.469319,6,166.949725
0.688807,3,167.083967
1.287526,5,167.298965
0.311285,2,167.388969
1.366293,5,167.604107
0.357536,2,167.693913
2.316224,7,168.000182
0.33725,2,168.090253
3.390805,11,168.56141
0.697712,3,168.697839
0.330783,2,168.776887
0.372413,2,168.866519
0.383003,2,168.95889
3.844686,11,169.443388
0.335793,2,169.531816
1.098098,4,169.702555
0.35659,2,169.794412
0.324464,2,169.884366
1.819469,6,170.160912
2.594325,8,170.503253
0.311769,2,170.592312
0.699246,3,170.72619
1.37329,5,170.94223
1.279556,5,171.14806
0.769185,3,171.27077
-8.599507,4,171.451166
0.33725,2,171.539771
-7.000946,9,171.925165
-7.690147,6,172.174955
2.352638,7,172.470208
0.743544,3,172.605087
6.566846,19,173.421814
-7.245297,6,173.688365
0.325312,2,173.766756
0.753157,3,173.90189
0.315682,2,173.992885
1.414793,5,174.20662
0.986207,4,174.374084
0.332086,2,174.464163
0.347026,2,174.553156
0.700086,3,174.67479
0.321053,2,174.761799
0.311461,2,174.842436
-7.911921,5,175.047794
2.967329,9,175.438167
0.716,3,175.576607
0.759779,3,175.710782
2.570725,8,176.053078
0.333704,2,176.133147
0.312327,2,176.211979
0.33301,2,176.304603
1.966493,6,176.562384
1.394289,5,176.78804
0.360114,2,176.877573
-5.764929,11,177.355271
2.092095,7,177.668404
1.111135,4,177.840528
0.363328,2,177.931231
1.061008,4,178.109591
2.132232,7,178.404051
0.3731,2,178.493999
-6.707019,8,178.856163
0.382674,2,178.944526
-8.095162,5,179.17437
0.317781,2,179.264844
2.351511,7,179.579247
2.54632,8,179.910614
0.351646,2,180.003012
2.031215,7,180.312452
2.767582,8,180.66306
1.971394,6,180.94035
-7.840941,6,181.198946
4.922176,13,181.76455
0.380834,2,181.85484
-8.415626,4,182.036886
2.533073,8,182.366061
3.359959,10,182.809268
-5.754243,9,183.20197
-8.077181,5,183.418973
4.617599,13,183.964837
0.327843,2,184.054992
-7.982598,6,184.326536
0.322683,2,184.414993
1.417907,5,184.632162
0.763105,3,184.755765
1.852902,6,185.021293
2.473454,8,185.372575
4.036089,11,185.866307
0.330367,2,185.95511
0.351982,2,186.045464
1.03626,4,186.214126
-6.366942,8,186.549821
-8.647514,4,186.719921
0.319628,2,186.810369
0.320683,2,186.899242
0.345329,2,186.989639
0.703189,3,187.124011
0.32273,2,187.215322
1.409142,5,187.442547
1.135349,4,187.622886
1.850089,6,187.89313
0.33725,2,187.984263
-5.113062,13,188.544447
1.360253,5,188.768091
1.035222,4,188.93663
0.366055,2,189.025384
1.067183,4,189.207809
-8.537694,4,189.389168
3.011103,10,189.830805
0.353424,2,189.921634
0.744356,3,190.056793
-5.133138,12,190.576523
-7.752651,6,190.845951
0.352031,2,190.934576
0.68931,3,191.057362
0.312193,2,191.148151
0.374325,2,191.238673
1.361268,5,191.45228
1.752298,6,191.714868
-7.773147,6,191.958409
0.740835,3,192.08203
0.738704,3,192.218497
0.323515,2,192.307693
1.307239,5,192.532867
0.357283,2,192.620168
1.829703,6,192.890628
2.263867,7,193.18358
0.364894,2,193.272072
0.319253,2,193.360335
2.46614,8,193.724857
2.096022,6,193.995897
0.311285,2,194.074487
3.079855,8,194.425305
0.351947,2,194.50417
0.361923,2,194.59422
0.36006,2,194.691285
-8.301364,4,194.879723
2.099922,6,195.131354
2.014734,6,195.390509
1.304851,5,195.617141
-8.152313,5,195.841591
0.710142,3,204.234102
0.36989,2,204.326866
0.330614,2,204.417257
0.333599,2,204.509252
1.049374,4,204.691996
0.383608,2,204.782683
0.325779,2,204.872081
3.502039,10,205.298456
0.333015,2,205.387117
-8.450143,4,205.567523
2.403913,7,205.875624
0.737646,3,206.010243
0.311285,2,206.099854
2.376413,7,206.417343
2.100287,6,206.690692
0.744198,3,206.826326
2.221338,7,207.142377
2.209828,7,207.449064
1.048508,4,207.626915
1.007972,4,207.811247
1.753022,6,208.080662
2.520488,7,208.375615
0.370066,2,208.464335
0.327675,2,208.553776
2.830507,9,208.940405
2.168186,7,209.24392
0.371158,2,209.333153
0.33725,2,209.414713
-3.17827,16,210.131477
0.32649,2,210.221558
1.166795,4,210.401088
0.696519,3,210.526001
0.326936,2,210.604981
-8.420918,4,210.785136
6.554854,17,211.54404
0.366548,2,211.632917
-7.518926,6,211.894561
0.311285,2,211.983324
0.364396,2,212.073815
0.368568,2,212.163839
0.321017,2,212.252327
0.311285,2,212.342181
0.325179,2,212.431777
1.88288,6,212.701823
0.33725,2,212.791664
0.311931,2,212.882081
0.358507,2,212.971032
-8.196581,5,213.187116
1.459712,5,213.402322
0.697459,3,213.538628
0.344681,2,213.630401
1.365588,5,213.847137
0.322784,2,213.935755
0.33725,2,214.02517
0.33725,2,214.115385
3.123446,8,214.475677
0.734034,3,214.612651
0.329609,2,214.702312
0.374715,2,214.779716
1.125259,4,214.950281
3.470481,10,215.401388
0.335497,2,215.490458
0.667638,3,215.62551
1.223622,5,215.851307
0.321682,2,215.94045
1.044165,4,216.110197
0.369338,2,216.203495
1.396445,5,216.417253
1.425439,5,216.619315
1.072168,4,216.786646
2.496577,8,217.131011
0.320462,2,217.220365
0.31537,2,217.312412
0.33725,2,217.401247
1.161124,4,217.582416
0.369817,2,217.671072
0.680237,3,217.805809
2.926564,9,218.190809
0.69923,3,218.316667
0.739191,3,218.454867
3.009668,9,218.861826
1.092069,4,219.041387
0.321777,2,219.129885
0.347533,2,219.210191
0.314268,2,219.299218
3.186804,9,219.672925
0.321291,2,219.764329
0.337327,2,219.853109
1.405485,5,220.077179
-6.462592,8,220.440212
0.342295,2,220.529103
1.107103,4,220.708553
2.200516,7,220.983063
1.010941,4,221.155188
1.177258,4,221.337413
0.719684,3,221.468883
1.557694,5,221.693341
0.714245,3,221.827759
0.31407,2,221.917124
0.311285,2,222.006534
4.879804,12,222.541404
0.33725,2,222.630385
0.691202,3,222.767289
-8.222441,5,222.992398
0.311751,2,223.070133
0.341366,2,223.148817
-7.770509,6,223.41406
1.134259,4,223.595093
0.356905,2,223.683932
4.305985,12,224.207267
0.337084,2,224.297943
1.648172,6,224.566589
-7.65811,6,224.796264
0.333015,2,224.886835
0.336471,2,224.979822
3.589004,10,225.393742
0.325355,2,225.482901
0.718406,3,225.617988
0.327088,2,225.710327
0.33725,2,225.801837
0.706147,3,225.936258
0.670523,3,226.074831
3.116487,9,226.469939
0.344828,2,226.559198
0.36577,2,226.650536
0.33725,2,226.739157
1.404137,5,226.943624
0.743329,3,227.078207
0.714944,3,227.212769
-8.044924,5,227.440536
1.411005,5,227.664208
0.374934,2,227.742126
2.686927,9,228.128371
0.321946,2,228.218154
-8.548028,4,228.385863
0.677901,3,228.525686
2.49928,8,228.888041
0.328196,2,228.977585
0.657848,3,229.113204
1.174972,5,229.31444
0.355814,2,229.405318
1.473674,5,229.610531
0.753463,3,229.734787
0.773867,3,229.871699
0.355736,2,229.959515
0.683268,3,230.093612
0.344492,2,230.173845
0.319977,2,230.26509
0.322496,2,230.353779
1.049457,4,230.535397
-5.072924,11,230.996008
0.314338,2,231.085562
0.354645,2,231.175739
4.508818,12,231.695212
0.328303,2,231.784818
2.02895,6,232.056656
0.735837,3,232.190121
0.325442,2,232.280758
0.765406,3,232.415403
0.708039,3,232.547823
-8.627074,4,232.728069
-5.987524,10,233.158178
1.018232,4,233.336586
1.048013,4,233.516118
0.345584,2,233.605276
1.165305,5,233.831873
0.735286,3,233.969473
1.09629,4,234.14846
0.364498,2,234.228501
0.664887,3,234.352517
1.037978,4,234.515564
0.36045,2,234.610995
0.714985,3,234.746135
0.325446,2,234.836408
1.113583,4,235.003138
0.31677,2,235.092545
0.322623,2,235.1825
2.116449,7,235.496742
0.311285,2,235.585313
2.453382,8,235.923211
0.33081,2,236.013586
0.335296,2,236.103286
1.065907,4,236.274264
0.711274,3,236.408232
3.121089,9,236.812146
0.33725,2,236.901495
0.677762,3,237.024639
0.311285,2,237.104318
0.33725,2,237.196299
5.124947,14,237.816371
0.33599,2,237.906122
0.678647,3,238.041254
0.324097,2,238.130245
0.70543,3,238.262067
1.078247,4,238.444868
2.634133,7,238.729986
0.318486,2,238.821203
0.752854,3,238.958468
-8.018808,6,239.230581
2.719069,8,239.593106
-7.940901,5,239.795506
3.479255,10,240.237794
3.08385,9,240.644508
0.355665,2,240.734797
0.717011,3,240.868507
2.436151,8,241.217123
0.335558,2,241.296913
-8.544752,4,241.47813
3.723404,10,241.912108
0.311285,2,241.989436
0.361839,2,242.077366
3.309757,10,242.519333
2.935218,9,242.923781
0.323831,2,243.012714
0.324064,2,243.102502
0.319732,2,243.1921
2.25421,7,243.507297
-8.084143,5,243.714842
2.352496,8,244.068079
0.370336,2,244.158247
0.330316,2,244.249662
0.371181,2,244.337919
0.317737,2,244.426316
0.334462,2,244.517495
-7.807017,6,244.780249
3.601082,11,245.249971
5.091832,14,245.881028
0.328364,2,245.969166
0.332086,2,246.06071
2.981258,10,246.505499
0.323457,2,246.595053
0.370224,2,246.684591
0.33725,2,246.772984
0.728223,3,246.908611
3.517069,10,247.35865
-6.509961,9,247.754597
0.387375,2,247.842822
0.386416,2,247.932817
1.859588,6,248.181666
0.311285,2,248.270402
-6.794604,8,248.632698
0.734491,4,248.81361
0.720582,3,248.949619
0.364232,2,249.040465
0.311971,2,249.130067
0.330039,2,249.220585
1.894717,6,249.470033
1.934909,6,249.733598
0.360158,2,249.823047
1.85966,6,250.09594
0.37529,2,250.186211
0.367889,2,250.27582
1.817992,6,250.546321
1.481773,5,250.753295
0.320571,2,250.843395
1.965491,6,251.097181
0.373484,2,251.186877
0.365378,2,251.275941
0.346274,2,251.36568
0.326916,2,251.455657
1.521762,5,251.679101
0.326676,2,251.768178
2.14398,7,252.070097
0.355793,2,252.160239
2.553145,8,252.508894
0.376649,2,252.5882
0.739717,3,252.721876
0.343378,2,252.813824
0.353416,2,252.903908
0.354492,2,252.992739
1.49319,5,253.208943
0.382078,2,253.299335
0.743076,3,253.432031
0.341697,2,253.522369
0.719594,3,253.657117
0.357829,2,253.747341
0.73553,3,253.879876
1.164456,4,254.061187
0.311285,2,254.151785
0.313534,2,254.230596
1.620268,5,254.444581
-8.241708,5,254.658808
0.32557,2,254.736826
0.737309,3,254.873701
1.394794,5,255.08175
1.093279,4,255.244361
0.327046,2,255.335767
0.694055,3,255.4732
0.33032,2,255.562659
1.505306,5,255.77572
0.380263,2,255.866354
0.753077,3,256.002845
2.84513,9,256.389077
0.320509,2,256.46789
0.330832,2,256.558025
0.999484,4,256.737279
0.33725,2,256.827679
1.258071,5,257.045183
0.338673,2,257.134737
-8.247168,5,257.340059
0.341133,2,257.428828
0.382667,2,257.528959
0.70072,3,257.663354
0.338127,2,257.756251
0.358754,2,257.846324
1.431952,5,258.053899
1.390082,5,258.270795
0.374343,2,258.348536
0.732078,3,258.476236
0.319876,2,258.567889
0.311285,2,258.649026
0.760014,3,258.785278
1.330144,5,259.013627
0.737402,3,259.13725
0.318774,2,259.218897
0.341161,2,259.321843
0.369906,2,259.400942
0.358011,2,259.491895
1.467682,5,259.709599
0.345191,2,259.788138
0.33725,2,259.882197
1.306271,5,260.109187
1.082776,4,260.291643
2.78798,8,260.65395
1.163161,4,260.842197
0.322985,2,260.937279
0.36681,2,261.033511
0.318089,2,261.12425
1.005337,4,261.315886
2.110553,6,261.599708
2.566019,8,261.970102
0.359747,2,262.058943
0.33725,2,262.150749
0.388267,2,262.242947
0.676537,3,262.378318
0.335934,2,262.466017
0.32041,2,262.546274
0.350973,2,262.635077
-8.776879,4,262.819699
0.332457,2,262.907762
0.706531,3,263.043262
0.371039,2,263.122508
1.07275,4,263.282943
2.333383,7,263.604822
0.311285,2,263.692679
0.733106,3,263.827046
1.038245,4,264.005852
3.651545,10,264.44066
0.995975,4,264.617053
0.33725,2,264.705456
0.330645,2,264.783104
0.670484,3,264.917493
1.320601,5,265.110882
-8.470252,4,265.291099
0.321228,2,265.379283
1.749225,6,265.638141
2.413144,8,265.987965
0.716045,3,266.120405
0.334931,2,266.211556
1.01753,4,266.394661
0.348755,2,266.483399
0.70427,3,266.62013
0.319433,2,266.710254
1.115776,4,266.895218
-7.813451,6,267.146762
0.326538,2,267.2372
0.364091,2,267.327176
0.333204,2,267.417592
0.34525,2,267.510397
1.397132,5,267.726041
0.329262,2,267.816416
0.328058,2,267.907019
0.374953,2,267.987026
0.322811,2,268.076859
0.33725,2,268.169313
0.697305,3,268.303735
0.749248,3,268.437509
0.344738,2,268.529863
1.468143,5,268.756445
1.8505,7,269.071305
-6.394836,8,269.432104
0.33725,2,269.521288
1.403505,5,269.747772
0.333899,2,269.835653
0.32293,2,269.926351
0.320466,2,270.016088
0.334147,2,270.097053
2.071982,6,270.351193
0.356029,2,270.440452
2.076139,7,270.746899
1.844215,6,271.016514
1.409665,5,271.241104
1.392812,5,271.467264
0.311285,2,271.558988
0.33725,2,271.649156
1.539287,5,271.876283
0.745067,3,272.001115
0.373772,2,272.08998
1.359294,5,272.318733
0.311742,2,272.408077
0.729429,3,272.541604
3.048213,9,272.940629
0.686281,3,273.074078
0.363789,2,273.162831
0.360021,2,273.252451
0.316714,2,273.343827
0.346279,2,273.43419
0.370317,2,273.525351
0.336701,2,273.614895
2.915315,9,274.022184
0.334257,2,274.111096
5.202581,14,274.714381
0.692318,3,274.847697
2.608079,8,275.210121
2.422254,8,275.54908
2.433593,8,275.891971
0.317047,2,275.981626
0.739044,3,276.116175
0.32137,2,276.207806
0.320172,2,276.299566
0.739045,3,276.433597
0.732576,3,276.56951
1.076929,4,276.750877
0.365372,2,276.842366
0.371731,2,276.931041
0.33725,2,277.010412
0.36744,2,277.098994
-6.860873,7,277.399207
0.710973,3,277.522191
0.328361,2,277.611731
0.992515,4,277.782484
0.331005,2,277.871943
0.332705,2,277.962465
-8.1042,5,278.17743
0.380669,2,278.268703
1.019657,4,278.450606
0.324826,2,278.540644
-7.929516,6,278.812516
0.767525,3,278.936726
2.153219,7,279.254103
0.333285,2,279.344553
1.197899,4,279.526582
0.345732,2,279.61802
0.335944,2,279.70668
0.998554,4,279.886738
0.324551,2,279.976262
1.059085,4,280.147324
2.357472,7,280.453182
0.381998,2,280.543355
4.579199,12,281.057174
0.358715,2,281.145913
2.718454,8,281.5081
0.317912,2,281.598933
3.689405,10,282.02184
3.277685,10,282.472549
0.318329,2,282.561392
0.70285,3,282.695746
0.348955,2,282.786694
0.715934,3,282.922879
-8.567342,4,283.104303
0.330794,2,283.193593
0.365056,2,283.285701
5.23785,13,283.862669
0.773242,3,283.996146
0.733996,3,284.134768
0.337034,2,284.224491
1.167347,4,284.406584
0.358234,2,284.483547
0.334349,2,284.5728
2.523221,8,284.913842
0.685639,3,285.048441
1.561129,5,285.231041
1.108485,4,285.414784
5.562066,14,286.027562
0.694935,3,286.16154
0.345042,2,286.253604
0.371303,2,286.344453
0.31167,2,286.431769
2.200835,7,286.738192
0.316929,2,286.826568
-7.809701,5,287.040792
1.494832,5,287.265518
1.843968,6,287.515485
0.33516,2,287.603491
2.246101,7,287.920539
0.312649,2,288.011415
0.33725,2,288.10226
0.728353,3,288.237987
1.458469,5,288.46584
0.682671,3,288.600756
-8.230371,5,288.826011
1.943243,6,289.09726
0.33725,2,289.187505
0.33725,2,289.278798
0.323268,2,289.368072
6.75437,16,290.086978
2.911635,8,290.43525
1.084655,4,290.605652
0.728386,3,290.741826
2.144737,7,291.03464
1.17729,7,291.330262
0.369828,2,291.419443
2.974905,8,291.780894
0.357662,2,291.870241
2.619298,8,292.230047
0.765719,3,292.354114
1.910203,6,292.623986
0.332599,2,292.714928
0.349489,2,292.805938
0.389588,2,292.895521
-7.657298,7,293.21373
0.329623,2,293.303283
0.327314,2,293.392459
-8.408458,4,293.572392
0.325031,2,293.662284
1.14577,4,293.84035
2.371338,7,294.157355
1.779564,6,294.426807
1.09781,4,302.909607
0.725128,3,303.043329
0.311285,2,303.131625
0.351563,2,303.22424
4.005216,12,303.753994
0.313217,2,303.843541
1.00989,4,304.023625
0.326707,2,304.11413
0.33725,2,304.202887
0.368976,2,304.29144
0.771494,3,304.42558
0.370415,2,304.514345
0.341051,2,304.605454
1.074942,4,304.77655
3.714147,11,305.26
1.000941,4,305.428285
0.367927,2,305.507372
0.33252,2,305.59831
4.008087,11,306.072113
0.321401,2,306.160338
0.718568,3,306.288549
1.51148,5,306.516002
1.131716,4,306.695651
2.475416,8,307.058639
0.352253,2,307.136369
0.332507,2,307.215441
0.32831,2,307.306668
1.126506,4,307.477316
1.438157,5,307.692073
0.352742,2,307.781762
0.367605,2,307.870163
1.154592,4,308.048859
0.377577,2,308.140363
0.346261,2,308.231304
0.36706,2,308.321132
2.214159,7,308.637606
0.758047,3,308.773388
0.33725,2,308.864505
0.369088,2,308.953859
0.388446,2,309.032815
0.725525,3,309.16731
0.318305,2,309.258692
5.348999,15,309.923555
1.467172,5,310.148984
0.336707,2,310.238652
0.713104,3,310.374872
0.332703,2,310.464436
0.324818,2,310.553192
0.319981,2,310.641929
0.31464,2,310.720988
0.328912,2,310.800918
4.454664,11,311.277703
0.337912,2,311.370323
0.335352,2,311.459542
0.375955,2,311.55037
0.311769,2,311.63992
0.69945,3,311.775324
1.089082,4,311.956803
0.765474,3,312.092762
0.34033,2,312.184021
2.036942,7,312.497362
0.336182,2,312.588524
0.736148,3,312.724251
0.332053,2,312.8142
1.039731,4,312.995273
0.714033,3,313.129931
0.748452,3,313.267313
0.368706,2,313.358308
0.332122,2,313.447537
3.890855,12,313.981188
0.33725,2,314.071171
0.31744,2,314.161004
0.69451,3,314.297864
0.326951,2,314.388153
0.337026,2,314.467948
1.017434,4,314.639134
0.311285,2,314.729331
0.656257,3,314.855607
0.36396,2,314.946154
0.332376,2,315.035545
2.250181,7,315.332331
1.409924,5,315.559083
0.311542,2,315.648859
3.364017,10,316.103375
0.339359,2,316.191758
0.727524,3,316.327004
1.410607,5,316.553552
1.164481,4,316.732703
0.359809,2,316.824095
0.656257,3,316.958
1.101488,4,317.138941
0.33725,2,317.2298
0.341717,2,317.320611
2.594865,9,317.708095
0.346261,2,317.797097
0.332386,2,317.885718
0.337397,2,317.966696
1.065942,4,318.149017
0.312432,2,318.239566
0.311285,2,318.3293
3.374171,10,318.769668
0.33725,2,318.847723
1.517258,5,319.066983
1.451344,5,319.292298
0.322703,2,319.370775
0.33725,2,319.459511
0.762793,3,319.597214
0.731694,3,319.733802
0.336988,2,319.81369
0.344228,2,319.904278
1.007512,4,320.083587
2.172795,7,320.386518
1.662869,6,320.657931
1.407429,5,320.882095
0.347194,2,320.972492
2.297254,7,321.287971
2.802797,8,321.636624
0.333124,2,321.715997
1.445447,5,321.943262
2.114907,7,322.261398
1.450298,5,322.489139
0.331034,2,322.580271
0.315854,2,322.671378
0.676425,3,322.804839
0.350364,2,322.897313
0.723786,3,323.020857
0.326042,2,323.112139
2.506889,8,323.475044
0.313582,2,323.565244
1.859941,6,323.836394
7.558229,20,324.719812
1.568245,5,324.945764
1.081089,4,325.12238
0.320955,2,325.213128
0.341416,2,325.292874
0.38622,2,325.382429
0.753049,3,325.517749
0.318587,2,325.607841
0.315188,2,325.697114
0.706734,3,325.83157
0.766695,3,325.967965
0.386261,2,326.057729
3.040324,9,326.455475
0.372923,2,326.544546
0.365027,2,326.622818
2.684906,8,326.973475
0.683488,3,327.096731
1.812959,6,327.370376
0.369961,2,327.459695
-7.680627,6,327.730868
0.720689,3,327.864031
0.352739,2,327.953819
0.753526,3,328.077398
0.707342,3,328.201645
0.316346,2,328.292664
0.962434,4,328.474214
0.338216,2,328.563217
0.328148,2,328.655485
1.37574,5,328.882224
0.386041,2,328.970908
0.33725,2,329.061563
1.51803,5,329.291194
0.744622,3,329.424257
0.705382,3,329.547899
0.747147,3,329.680842
0.363498,2,329.771701
1.115111,4,329.95056
0.331852,2,330.043532
0.328614,2,330.134326
0.336097,2,330.222853
0.361312,2,330.312577
0.358548,2,330.403209
0.314128,2,330.493741
2.720702,8,330.845025
1.83418,6,331.114539
0.359621,2,331.204948
0.725132,3,331.328812
0.345062,2,331.418006
0.34237,2,331.506743
0.987304,4,331.689038
0.72486,3,331.812632
0.335504,2,331.902129
0.373743,2,331.990851
2.290095,7,332.307921
1.990365,7,332.592632
0.328877,2,332.67215
0.315553,2,332.763565
0.318493,2,332.855443
1.444758,5,333.085062
0.757,3,333.22106
2.111964,7,333.536825
0.347205,2,333.627672
0.327398,2,333.717366
0.327658,2,333.807201
1.124574,4,333.975491
0.358787,2,334.063489
1.031335,4,334.242635
3.385687,10,334.678095
0.316272,2,334.768984
1.717698,6,335.040043
1.826851,6,335.309827
0.341893,2,335.39945
0.33725,2,335.488596
1.050487,4,335.67446
1.890008,6,335.92408
1.078357,4,336.102501
2.49154,8,336.448308
0.33725,2,336.538457
0.750802,3,336.674249
0.33725,2,336.752746
1.050479,4,336.924007
0.359593,2,337.012727
0.325128,2,337.10117
0.33725,2,337.193388
1.735189,6,337.463918
0.323738,2,337.552822
2.503587,8,337.911513
0.702876,3,338.04767
0.368185,2,338.136134
0.711661,3,338.25947
0.688664,3,338.396406
0.706767,3,338.534352
0.311285,2,338.612618
0.696626,3,338.746624
1.745953,6,339.020609
0.345073,2,339.109372
4.960477,15,339.765773
1.069766,4,339.946501
0.33725,2,340.025296
0.349979,2,340.11697
0.344874,2,340.206713
0.360783,2,340.285808
0.33725,2,340.375787
0.328367,2,340.465772
0.33725,2,340.555995
0.359616,2,340.6467
-7.823,5,340.873358
0.36413,2,340.962351
1.849097,6,341.22724
0.372877,2,341.316111
0.36703,2,341.406327
0.325927,2,341.497117
0.375129,2,341.587174
0.312192,2,341.676651
0.323063,2,341.76635
1.661861,6,342.016594
0.31715,2,342.105641
-8.126277,5,342.334935
1.093189,4,342.514012
0.386019,2,342.603611
0.320469,2,342.696541
0.660005,3,342.830919
0.316698,2,342.923435
0.337473,2,343.00174
0.695547,3,343.135871
0.715583,3,343.269703
0.33725,2,343.359967
0.35796,2,343.450772
0.719079,3,343.584322
0.328058,2,343.674485
2.070083,7,343.978191
1.081441,5,344.204698
0.315836,2,344.296177
1.872536,6,344.552649
1.818253,6,344.803149
0.327535,2,344.894331
0.328649,2,344.98568
0.323553,2,345.075175
-7.524898,7,345.38298
0.329397,2,345.473828
0.326936,2,345.56432
0.355859,2,345.654665
0.362403,2,345.745809
-8.123166,5,345.96018
2.839703,8,346.310717
0.379179,2,346.39996
1.686726,6,346.671499
0.33309,2,346.760326
0.321641,2,346.852359
4.781978,13,347.421457
0.751841,3,347.547702
0.324193,2,347.635593
1.878931,6,347.908517
0.330381,2,347.987438
0.327574,2,348.076988
0.343502,2,348.168147
1.042413,4,348.350302
2.262122,7,348.66553
0.33725,2,348.754942
0.333748,2,348.844519
1.685582,6,349.107563
0.33224,2,349.195868
0.31436,2,349.28766
-6.434716,8,349.64908
0.371745,2,349.738253
0.311285,2,349.82776
5.387957,15,350.505192
0.376384,2,350.595042
2.207561,7,350.899727
0.706712,3,351.034186
1.455757,5,351.258564
1.789538,6,351.525748
0.690754,3,351.649507
0.31145,2,351.737843
1.782183,6,351.996356
0.331669,2,352.084378
0.311285,2,352.174201
1.425027,5,352.388965
3.544687,10,352.825451
1.041251,4,352.99373
1.09245,4,353.174174
0.321758,2,353.262725
0.33725,2,353.35088
1.26624,5,353.571428
0.336702,2,353.65999
1.48007,5,353.884245
-8.267278,5,354.108182
0.317668,2,354.195793
0.334564,2,354.284715
1.813018,6,354.551507
1.050167,4,354.730839
-8.02737,5,354.944511
0.373759,2,355.03214
0.715227,3,355.153688
0.311285,2,355.243299
1.902391,6,355.513572
0.73449,3,355.649107
1.73072,6,355.919622
0.33824,2,356.008559
0.748945,3,356.143714
0.329112,2,356.233673
0.321,2,356.331099
0.320403,2,356.422512
0.324404,2,356.51641
1.054923,4,356.702512
0.732358,3,356.837144
0.709012,3,356.972625
0.375436,2,357.062362
0.703732,3,357.197163
0.339513,2,357.276736
1.070389,4,357.445074
1.149824,4,357.627162
2.438727,8,357.989302
0.352241,2,358.080936
0.331894,2,358.171371
1.125182,4,358.352463
1.550535,5,358.576395
0.706174,3,358.712899
2.714593,9,359.102309
1.884289,6,359.375841
0.35535,2,359.465722
0.317989,2,359.556783
-5.895804,10,360.00855
0.346834,2,360.098427
0.329852,2,360.190155
0.33267,2,360.279321
1.094489,4,360.462328
0.311285,2,360.550747
0.321948,2,360.639411
0.336862,2,360.730563
1.07788,4,360.916859
0.332388,2,361.00644
0.675373,3,361.141428
0.313813,2,361.23293
0.33725,2,361.322813
0.328746,2,361.412621
0.349292,2,361.504701
0.702812,3,361.637202
0.333285,2,361.728281
0.719446,3,361.864016
0.712929,3,362.000278
0.311285,2,362.089946
3.00191,9,362.492743
1.174903,4,362.672201
0.710892,3,362.80498
0.730701,3,362.941087
0.738595,3,363.06361
0.334006,2,363.156819
0.320326,2,363.248051
0.332995,2,363.328144
3.166238,8,363.689584
1.078899,4,363.867518
0.325606,2,363.965321
1.042788,4,364.154513
0.695925,3,364.291035
0.324871,2,364.380658
0.695134,3,364.540997
2.721858,8,364.923699
0.322191,2,365.002219
0.313304,2,365.094533
1.92236,6,365.385221
0.33725,2,365.476188
0.378494,2,365.564687
1.107935,4,365.746684
1.897641,6,366.018503
0.747198,3,366.14337
0.33725,2,366.23417
0.6634,3,366.383207
0.311285,2,366.47522
2.405942,7,366.797504
0.735971,3,366.933297
0.311285,2,367.021574
0.34715,2,367.100243
4.573053,13,367.684247
2.033531,7,368.000462
4.587205,15,368.659199
1.413348,5,368.873182
0.336547,2,368.963073
0.313777,2,369.052949
0.729325,3,369.186698
-8.557351,4,369.347093
0.33725,2,369.437589
1.104862,4,369.61599
0.345999,2,369.70578
0.720036,3,369.840947
0.705342,3,369.975074
0.73604,3,370.103526
1.809325,6,370.375892
1.038789,4,370.555824
1.386259,5,370.77884
0.317169,2,370.866964
1.626704,6,371.137976
0.765248,3,371.27134
0.725056,3,371.40679
2.898506,9,371.80622
0.330051,2,371.896008
1.820548,6,372.145785
2.42099,7,372.441785
0.311285,2,372.532517
3.919141,11,373.007004
0.376174,2,373.096694
1.42168,5,373.323003
1.189225,4,373.504835
0.33725,2,373.593623
0.374718,2,373.68537
4.277906,12,374.212906
0.33725,2,374.304128
1.387941,5,374.53131
0.333304,2,374.621648
0.741291,3,374.756584
0.32023,2,374.836189
2.650101,8,375.177305
0.311285,2,375.267627
-7.580477,6,375.541902
0.33725,2,375.630952
1.750905,6,375.902728
0.689566,3,376.037237
0.732051,3,376.175297
0.314844,2,376.264729
1.100606,4,376.446538
1.070944,4,376.626405
-3.966601,12,377.169865
0.311285,2,377.259026
0.326001,2,377.348498
0.695654,3,377.474507
0.314146,2,377.564254
3.186054,10,378.017003
0.314988,2,378.105237
1.521721,5,378.330757
0.700732,3,378.465041
0.74878,3,378.600822
0.311285,2,378.681482
0.358393,2,378.762659
2.859937,8,379.114818
0.365472,2,379.203751
0.311361,2,379.294693
0.360981,2,379.383147
2.097334,7,379.692521
0.387855,2,379.770415
0.705441,3,379.904678
0.346133,2,379.995107
0.375718,2,380.083552
0.366015,2,380.174204
0.330745,2,380.264123
-7.446639,6,380.538184
-7.820411,6,380.807328
0.33725,2,380.89599
0.347019,2,380.987503
0.987298,4,381.169883
2.262231,7,381.476443
0.352216,2,381.564704
0.346255,2,381.65671
0.776363,3,381.789699
0.354219,2,381.880944
0.68646,3,382.006045
0.326478,2,382.098263
0.341335,2,382.189045
0.357432,2,382.278854
0.311285,2,382.369874
1.56236,5,382.597361
0.3387,2,382.68549
2.994472,9,383.081634
-6.899227,7,383.396083
1.489017,5,383.612118
0.313606,2,383.700978
1.517391,5,383.929531
0.330975,2,384.019698
2.119441,7,384.335216
0.995933,4,384.513425
0.335122,2,384.592616
-7.699188,6,384.863299
2.307236,7,385.167696
0.386183,2,385.256507
2.874748,9,385.655721
0.328719,2,385.745056
1.399771,5,385.960752
0.335988,2,386.051335
1.219919,5,386.278299
0.337878,2,386.367586
0.720151,3,386.502192
0.311285,2,386.598956
0.700285,3,386.728105
0.365347,2,386.809764
0.311285,2,386.900184
0.313078,2,386.991555
0.343513,2,387.08159
0.311285,2,387.171015
1.071016,4,387.353054
0.707941,3,387.486435
0.360719,2,387.5776
0.353819,2,387.667661
1.950221,6,387.940693
0.327391,2,388.029958
0.715707,3,388.165018
0.322676,2,388.254664
0.367675,2,388.344788
1.609567,6,388.607102
0.317268,2,388.696016
-8.242739,5,388.922289
0.369061,2,389.000166
0.358571,2,389.091056
0.33725,2,389.179498
0.33725,2,389.270999
0.312618,2,389.360556
0.692805,3,389.495771
0.692149,3,389.62992
2.610518,8,389.982599
2.269966,7,390.298894
0.33725,2,390.38777
1.129469,4,390.567104
0.311285,2,390.656464
0.389454,2,390.747121
2.911911,9,391.148125
2.509393,8,391.511779
0.360429,2,391.599939
1.126552,4,391.771665
0.317554,2,391.863562
0.751742,3,392.000013
0.327163,2,392.090315
0.344578,2,392.179514
0.759611,3,392.313741
0.33725,2,392.40413
0.331679,2,392.494547
0.32118,2,392.574698
0.326447,2,392.665028
1.082791,4,392.84497
2.008113,7,393.142935
0.661549,3,393.276946
0.345878,2,393.366392
0.745124,3,393.500446
0.311285,2,393.583152
0.329048,2,393.673807
0.719274,3,393.809966
0.724023,3,402.153886
0.33373,2,402.243243
-6.518814,8,402.596775
0.356173,2,402.689199
0.312738,2,402.768957
4.147675,12,403.29375
5.060828,14,403.91439
0.322779,2,404.005423
1.487385,5,404.224398
4.524107,14,404.844642
0.32673,2,404.924239
1.791861,6,405.179589
0.323735,2,405.269151
0.330769,2,405.361831
0.364602,2,405.451695
1.05414,4,405.623782
0.329877,2,405.715194
1.527142,5,405.941682
0.377312,2,406.032465
2.258235,7,406.338809
0.78415,3,406.475023
0.311285,2,406.56409
2.904784,8,406.91285
3.512004,10,407.368859
2.282404,7,407.68177
0.311611,2,407.770975
0.720901,3,407.906188
0.331119,2,407.99833
0.328447,2,408.089473
0.317638,2,408.181368
1.920469,6,408.425625
1.867312,6,408.676613
0.370702,2,408.75615
1.168821,5,408.964204
0.741549,3,409.10288
1.091405,4,409.284646
2.564132,8,409.635457
-4.55782,13,410.218905
0.370584,2,410.309234
2.641752,8,410.663808
1.07885,4,410.831824
1.964199,6,411.106222
-8.50693,4,411.286404
2.152446,7,411.594568
0.320421,2,411.684108
1.359648,5,411.910395
0.356946,2,411.988802
0.311629,2,412.068518
1.062333,4,412.250712
0.33725,2,412.34025
0.328583,2,412.429888
0.373009,2,412.519723
0.333444,2,412.609426
1.729582,6,412.87101
0.748099,3,412.997054
4.715659,13,413.556237
1.21009,5,413.782027
0.365948,2,413.872163
0.323708,2,413.96217
0.738591,3,414.099242
1.10405,4,414.278513
0.321828,2,414.358084
-7.991138,5,414.574799
0.347651,2,414.664288
1.047014,4,414.845152
3.376933,10,415.278497
0.729076,3,415.414331
1.709835,6,415.684723
0.37615,2,415.773768
0.346068,2,415.86507
0.365588,2,415.955397
3.3463,9,416.344865
0.311285,2,416.423771
0.373157,2,416.513673
1.560575,5,416.73205
2.750201,9,417.102684
0.362211,2,417.192386
0.321582,2,417.283659
1.153384,4,417.464791
1.136505,4,417.634713
2.323562,8,417.997348
0.742127,3,418.133267
0.33725,2,418.222893
0.3521,2,418.314578
2.416023,7,418.622638
0.332367,2,418.714623
1.691099,6,418.977462
0.375802,2,419.066876
0.719024,3,419.205174
2.661954,8,419.569287
2.041299,7,419.890304
0.311788,2,419.969078
-5.760114,11,420.452995
2.545337,8,420.80156
-8.093278,5,421.019613
3.871743,11,421.503758
0.341002,2,421.593168
1.143828,4,421.774912
0.313813,2,421.866154
0.335721,2,421.956663
1.827786,6,422.230258
0.746367,3,422.365802
-7.976413,5,422.586641
0.691416,3,422.711072
0.33725,2,422.790294
1.550338,5,423.016181
1.058068,4,423.187724
1.531946,5,423.414173
1.484782,5,423.638967
1.920363,6,423.909719
0.340617,2,424.000675
0.368531,2,424.091519
0.344289,2,424.181972
0.347742,2,424.272947
0.314935,2,424.364291
1.548569,5,424.585103
0.323142,2,424.664402
0.71024,3,424.789355
0.311285,2,424.868892
0.31992,2,424.959557
0.315583,2,425.05063
4.488704,12,425.586086
0.326102,2,425.675582
1.097904,4,425.846694
4.125013,11,426.318139
0.311285,2,426.407754
0.32764,2,426.498382
0.350642,2,426.587911
0.697151,3,426.723749
0.334108,2,426.813871
2.436002,8,427.169909
1.129777,4,427.347666
1.933561,6,427.609266
0.35212,2,427.70023
3.600716,11,428.149277
0.357173,2,428.240828
1.971934,6,428.50459
2.367925,7,428.825298
5.107442,13,429.405354
1.277114,5,429.637223
0.352023,2,429.715946
0.324617,2,429.793647
1.091571,4,429.97584
1.507035,5,430.190884
0.77496,3,430.325975
0.377654,2,430.417554
1.135624,4,430.597618
0.362347,2,430.688142
6.56329,16,431.392705
0.355076,2,431.481978
1.099393,4,431.664174
0.326588,2,431.754374
1.464317,5,431.981938
0.770408,3,432.116982
0.360677,2,432.206903
0.327816,2,432.288182
0.335327,2,432.377526
0.330169,2,432.467118
2.087957,7,432.767286
-6.469978,8,433.120108
1.000298,4,433.301759
1.090201,4,433.479479
0.375005,2,433.569867
0.373257,2,433.661926
0.364185,2,433.751256
0.354291,2,433.845116
0.33725,2,433.93497
0.327703,2,434.014688
0.710163,3,434.149786
0.347731,2,434.240897
1.147203,4,434.42079
0.372546,2,434.512301
2.019375,6,434.772652
-5.395069,11,435.248624
0.317268,2,435.339572
2.172399,7,435.64639
0.32095,2,435.737442
0.319978,2,435.828655
0.328183,2,435.918611
0.736839,3,436.055455
5.975701,15,436.709482
4.203142,12,437.200383
0.314362,2,437.28896
0.385363,2,437.380604
0.692849,3,437.514473
0.333455,2,437.601822
0.336663,2,437.691234
0.321668,2,437.781921
0.33725,2,437.860194
0.311285,2,437.948818
4.172333,12,438.457592
0.332937,2,438.548427
-8.620865,4,438.727833
2.671446,8,439.084459
0.374219,2,439.173994
0.31377,2,439.26553
0.356327,2,439.354414
1.571644,6,439.616683
1.029341,4,439.79441
1.90567,6,440.061865
0.345017,2,440.139172
0.664817,3,440.272272
2.301556,7,440.578985
0.716853,3,440.69975
1.646188,6,440.946362
1.168353,4,441.126415
0.323137,2,441.215595
0.311285,2,441.293031
1.95482,6,441.556196
0.33725,2,441.646956
0.33614,2,441.737008
1.143982,4,441.90494
2.967279,9,442.312467
2.614844,8,442.642486
0.329062,2,442.732136
0.359182,2,442.812463
0.327235,2,442.904101
1.394959,5,443.10951
10.29081,27,444.289176
1.698689,6,444.552942
0.778027,3,444.680758
0.332528,2,444.771923
0.329425,2,444.861959
0.324821,2,444.940507
3.974367,11,445.420639
7.006902,18,446.206768
0.692729,3,446.339712
0.38573,2,446.431052
3.205147,10,446.86601
2.644521,8,447.211025
0.335075,2,447.30349
0.331568,2,447.395556
0.690621,3,447.528514
0.334668,2,447.608924
1.782576,6,447.869967
2.895572,9,448.270972
11.013437,28,449.504666
1.786404,6,449.764702
0.337828,2,449.854072
0.351911,2,449.942564
1.592965,5,450.16993
1.12138,4,450.346804
0.311285,2,450.437725
1.098612,4,450.617807
5.810377,16,451.331561
-8.071679,5,451.535321
4.351787,11,452.04104
2.422434,7,452.347615
0.336584,2,452.437063
4.095427,11,452.918768
0.353797,2,453.008362
0.716128,3,453.143622
1.848536,6,453.437505
1.108157,4,453.623394
2.521444,7,453.951358
-7.089114,8,454.303039
1.552081,5,454.529132
0.368068,2,454.607881
0.73644,3,454.747254
0.321366,2,454.83551
0.722681,3,454.961293
1.243097,5,455.176003
0.357796,2,455.255168
0.353789,2,455.345051
0.722818,3,455.479064
1.055958,4,455.650414
1.063838,4,455.812682
0.739108,3,455.947889
0.344415,2,456.037643
2.569185,8,456.391441
0.360962,2,456.481082
1.330651,5,456.699502
2.687213,8,457.042476
0.386071,2,457.133586
5.575349,15,457.803798
2.636325,8,458.157476
0.782717,3,458.291773
1.37083,5,458.526983
0.320859,2,458.617757
3.444516,11,459.110835
0.369493,2,459.202623
0.322681,2,459.292324
-8.280356,5,459.51862
0.716281,3,459.651885
0.314907,2,459.742706
-5.958762,10,460.175423
0.312314,2,460.265007
1.407306,5,460.480096
0.750506,3,460.613775
-7.929818,5,460.845396
1.443481,5,461.058466
2.163473,7,461.374587
0.680089,3,461.507763
2.379722,8,461.872175
0.325635,2,461.963179
0.345303,2,462.051181
0.329471,2,462.140002
1.069767,4,462.311106
0.322514,2,462.40168
2.359114,7,462.709998
0.33725,2,462.799562
1.080061,4,462.960324
2.725243,8,463.293789
1.42403,5,463.510227
0.319699,2,463.600544
0.382485,2,463.679438
3.876687,11,464.14593
0.333337,2,464.236225
0.371103,2,464.325654
1.193328,5,464.53957
1.451463,5,464.76817
0.315844,2,464.860373
1.934216,6,465.123961
1.145846,4,465.294815
0.74801,3,465.430167
3.038389,9,465.819539
2.353426,7,466.129523
1.462747,5,466.356182
0.733455,3,466.480841
3.271789,10,466.922204
3.244593,9,467.314021
0.747413,3,467.448613
1.5285,5,467.673653
0.70979,3,467.808731
0.74625,3,467.942662
0.311285,2,468.035431
0.696459,3,468.159698
1.074126,4,468.342272
1.444978,5,468.566692
0.331537,2,468.659052
1.438433,5,468.883311
0.385815,2,468.973825
0.712614,3,469.100044
0.734686,3,469.227137
2.096557,6,469.49853
0.325064,2,469.589545
1.404297,5,469.821333
1.13675,4,470.002268
0.372988,2,470.095338
0.327184,2,470.185425
1.452826,5,470.404099
1.163264,4,470.575522
0.372389,2,470.666654
0.36075,2,470.755291
0.356624,2,470.847367
0.32356,2,470.936626
2.648752,8,471.289774
9.163852,23,472.298791
0.34369,2,472.387463
0.329605,2,472.466239
0.324482,2,472.559994
0.356995,2,472.650572
0.775155,3,472.786406
0.328623,2,472.866005
0.325149,2,472.9464
0.323385,2,473.039374
0.760806,3,473.174256
3.019498,9,473.576691
3.875659,11,474.058684
1.850608,6,474.325125
3.041354,9,474.728669
-6.00937,10,475.173918
4.622594,13,475.717836
2.119728,7,476.037713
0.677755,3,476.16054
3.36183,11,476.626995
0.359955,2,476.717829
0.344979,2,476.806956
-7.683967,6,477.077668
0.342355,2,477.157116
2.170033,7,477.455792
0.341543,2,477.536206
0.33725,2,477.625964
2.657359,8,477.992133
0.729798,3,478.128847
1.195485,4,478.309964
0.665552,3,478.434585
1.904687,6,478.708797
1.007822,4,478.876519
0.331303,2,478.956375
6.0301,16,479.660075
1.409667,5,479.886879
0.311285,2,479.976301
1.486926,5,480.204035
0.313761,2,480.292942
0.311285,2,480.386773
0.653819,3,480.520151
1.115489,4,480.693901
0.734769,3,480.829669
2.506321,8,481.165969
1.521589,5,481.395563
0.379899,2,481.484351
0.37927,2,481.575469
1.068518,4,481.757919
3.124045,9,482.145916
0.327849,2,482.225497
1.096801,4,482.408158
0.363224,2,482.497422
2.469147,8,482.836109
2.456348,8,483.187413
0.357756,2,483.277587
1.859145,6,483.548764
3.591462,10,483.98244
0.35742,2,484.071863
-7.833809,5,484.288743
2.270511,7,484.584594
1.061066,4,484.76678
0.319652,2,484.856509
0.326783,2,484.945029
1.360646,5,485.173913
3.329412,10,485.619645
1.9296,6,485.872808
1.291642,5,486.087317
2.274984,7,486.397297
5.608222,16,487.101748
0.690583,3,487.237276
4.502086,12,487.743924
0.382256,2,487.83252
0.328039,2,487.912642
2.297503,7,488.231408
0.350437,2,488.321031
0.33725,2,488.413928
1.625988,5,488.630188
0.716004,3,488.767693
-7.662211,6,489.039332
0.783779,3,489.166208
1.452936,5,489.395414
1.822613,6,489.657996
0.387297,2,489.750146
0.311285,2,489.839909
0.380646,2,489.933883
-7.889272,5,490.148813
1.613824,5,490.362738
-8.183745,5,490.579194
0.678389,3,490.713624
2.29847,7,491.021153
2.268851,7,491.326248
1.757894,6,491.576738
3.166882,10,491.993558
0.73717,3,492.129705
1.032626,4,500.413167
0.763415,3,500.549727
0.763998,3,500.674598
0.736454,3,500.809738
1.061633,4,500.979531
3.457511,11,501.470809
0.697191,3,501.60719
0.33725,2,501.696142
0.685016,3,501.822217
0.336908,2,501.912905
0.31746,2,502.002069
3.651697,11,502.48543
0.312901,2,502.575306
-7.952371,5,502.805842
3.133003,9,503.195468
1.490291,5,503.413285
2.792866,8,503.759381
1.789786,6,504.022034
0.332541,2,504.110622
0.350589,2,504.20139
0.344791,2,504.291635
5.448029,15,504.922441
0.314219,2,505.013279
1.530284,5,505.228323
2.086259,7,505.536163
0.770723,3,505.670193
2.050401,7,505.981966
0.330663,2,506.071589
1.783298,6,506.34404
1.16316,4,506.524984
3.706311,11,507.003533
0.353617,2,507.083231
0.336947,2,507.172619
0.694124,3,507.299587
5.139359,14,507.884462
0.741807,3,508.018617
1.447385,5,508.225616
0.324106,2,508.30535
1.824034,6,508.567493
0.371821,2,508.658656
3.792234,11,509.117133
1.901924,6,509.377755
5.119302,14,509.975332
0.376832,2,510.055206
0.343839,2,510.134364
3.9217,10,510.541812
3.061131,9,510.936432
1.413661,5,511.15376
1.120088,4,511.334821
0.375543,2,511.4268
1.753213,6,511.680827
0.37043,2,511.771456
0.380428,2,511.862925
0.722515,3,511.988253
0.33725,2,512.066788
0.71049,3,512.20254
1.696126,6,512.473485
0.378721,2,512.552986
0.377284,2,512.644113
0.381786,2,512.734434
0.331549,2,512.822091
1.224947,5,513.031321
5.677799,17,513.803728
3.028834,9,514.184109
1.172287,4,514.354878
5.846892,16,515.040171
1.135345,4,515.209903
6.874682,17,515.965786
2.486074,8,516.321956
1.102716,4,516.492457
1.063849,4,516.672966
0.33725,2,516.754223
0.362295,2,516.845987
3.118296,10,517.279309
0.328311,2,517.370585
-6.76511,8,517.724354
1.11847,4,517.903582
0.375396,2,517.994941
0.383003,2,518.084575
1.094492,4,518.266211
5.019426,14,518.881506
0.324754,2,518.97096
0.701193,3,519.106267
6.038433,19,519.928833
0.319382,2,520.017161
2.879402,9,520.393978
1.872954,6,520.663054
0.350777,2,520.75143
0.347044,2,520.841509
0.685919,3,520.976167
0.698705,3,521.110412
0.33725,2,521.198387
3.278259,10,521.638198
1.391048,5,521.868174
3.285429,9,522.248307
0.354105,2,522.32706
1.046234,4,522.490911
0.375451,2,522.580453
0.67884,3,522.713692
6.514148,17,523.442917
1.44729,5,523.654129
-7.397349,7,523.941007
6.309257,17,524.680637
0.33725,2,524.769933
0.711496,3,524.907786
1.066198,4,525.090684
1.431336,5,525.307335
0.773245,3,525.433036
3.851788,11,525.91467
0.742152,3,526.039557
0.749039,3,526.165518
0.355832,2,526.256952
2.876838,9,526.65608
2.312603,7,526.944542
0.32261,2,527.034437
0.345051,2,527.127562
0.754385,3,527.251695
0.327665,2,527.332401
0.376858,2,527.413343
2.031657,6,527.66872
0.365406,2,527.749985
0.33725,2,527.842337
1.702795,6,528.10822
0.362466,2,528.198222
0.311285,2,528.287152
0.357778,2,528.37865
1.47618,5,528.592093
-7.511208,6,528.85894
-5.198932,12,529.344603
0.680945,3,529.478874
2.234708,7,529.785402
2.280483,7,530.073608
0.678062,3,530.199162
2.582134,8,530.554285
5.151501,14,531.148706
0.772265,3,531.285078
0.324961,2,531.365978
3.419524,10,531.804031
5.759231,20,532.673608
0.729454,3,532.806278
0.352283,2,532.895866
3.195304,9,533.277494
0.348116,2,533.366744
3.29703,11,533.836679
0.311285,2,533.927774
1.724614,6,534.200352
1.48875,5,534.417551
0.689603,3,534.554615
3.892176,11,535.034001
0.335431,2,535.124533
2.203781,7,535.425025
-4.857804,13,535.988686
1.5151,5,536.205031
0.371559,2,536.295757
0.696338,3,536.423158
3.22695,10,536.853451
-7.519822,6,537.109001
0.732589,3,537.246976
2.006264,7,537.553445
2.408006,7,537.873124
1.784947,6,538.133794
1.909791,6,538.384625
0.350928,2,538.475168
1.041972,4,538.656073
0.712798,3,538.792166
1.101353,4,538.962835
1.856126,6,539.219186
0.718398,3,539.356043
0.345089,2,539.447677
0.314858,2,539.536882
2.771869,8,539.891472
0.316374,2,539.981545
1.867963,6,540.246317
3.023527,9,540.632233
2.595869,7,540.937246
1.098797,4,541.111936
1.807119,6,541.387021
1.98311,7,541.689467
1.044098,4,541.86251
0.380812,2,541.942487
9.595737,23,542.942444
0.324055,2,543.032471
0.336581,2,543.127689
0.313782,2,543.223351
3.743359,10,543.654513
1.546216,5,543.865437
1.468059,5,544.09463
0.33725,2,544.184463
1.089815,4,544.363128
0.328121,2,544.454513
0.72444,3,544.593994
0.324438,2,544.684193
0.321364,2,544.776592
1.742761,6,545.036962
1.725473,6,545.301318
3.656296,10,545.745363
1.9114,6,546.018117
-3.905111,15,546.705853
2.509885,7,547.018726
1.762819,6,547.272427
0.359837,2,547.366578
1.47848,5,547.585243
4.097676,12,548.105103
1.407714,5,548.319846
0.33725,2,548.413718
-8.349153,4,548.588754
2.315355,7,548.895121
3.1707,9,549.285145
0.343285,2,549.374664
1.096419,4,549.533511
0.331145,2,549.623245
0.368629,2,549.716173
0.381079,2,549.80758
-8.194045,5,550.032361
2.524991,8,550.39013
1.427975,5,550.61575
1.500621,5,550.842874
1.08724,4,551.016096
0.352265,2,551.104375
2.250787,7,551.415464
2.305258,7,551.717237
1.426985,5,551.933532
0.38881,2,552.025069
1.315767,5,552.240051
0.35319,2,552.320638
0.355305,2,552.41268
1.770602,6,552.689761
1.121271,4,552.849707
2.19506,7,553.158089
1.738952,6,553.411984
1.070504,4,553.572716
2.059596,7,553.885118
0.756645,3,553.999771
0.744132,3,554.135885
0.769278,3,554.273529
0.753993,3,554.400734
1.077833,4,554.583069
3.466066,11,555.045809
0.330519,2,555.134341
0.760067,3,555.272432
1.46834,5,555.492504
0.370905,2,555.584986
1.807067,6,555.856173
1.441537,5,556.061704
-7.819287,5,556.278765
5.380634,14,556.894895
0.333218,2,556.986556
1.092084,4,557.168411
2.130914,7,557.477287
1.425512,5,557.673652
0.726473,3,557.800427
0.33725,2,557.881003
0.330471,2,557.970955
1.322099,5,558.201764
0.697413,3,558.339926
3.29029,10,558.765505
0.321629,2,558.856874
3.344301,9,559.258751
3.312169,9,559.651041
3.218189,9,560.049423
3.34732,10,560.475724
1.990033,6,560.749127
0.751799,3,560.874672
1.0674,4,561.039149
2.994722,9,561.423548
2.188552,7,561.732
0.322522,2,561.824291
0.328738,2,561.915477
0.326083,2,562.007847
0.35402,2,562.098576
2.703376,9,562.478137
0.734332,3,562.616392
0.70376,3,562.741173
1.478494,5,562.947152
2.175598,7,563.234288
0.764979,3,563.368553
4.083901,11,563.84869
2.44493,7,564.13798
0.349422,2,564.228241
0.729128,3,564.34625
5.25564,14,564.950892
0.337202,2,565.042972
0.738978,3,565.179602
7.097061,19,566.030018
1.101467,4,566.209528
0.340059,2,566.298967
0.724001,3,566.434875
0.313199,2,566.52522
1.991777,7,566.825221
1.743092,6,567.085733
1.716325,6,567.351317
0.329331,2,567.439956
0.343512,2,567.529896
0.318008,2,567.621863
1.450938,5,567.81831
0.374167,2,567.909851
0.370457,2,568.000772
1.384074,5,568.231599
2.732646,9,568.62079
1.446938,5,568.847334
0.369211,2,568.937581
4.244542,12,569.479156
1.107694,4,569.66048
0.368273,2,569.739918
1.115472,4,569.902488
2.239443,7,570.22393
3.247401,10,570.660711
3.105454,9,571.0421
1.068819,4,571.227304
2.161641,7,571.526642
1.513448,5,571.734308
1.927316,6,571.983613
0.73599,3,572.10921
0.351804,2,572.188589
4.227531,12,572.706698
1.83512,6,572.982602
3.627679,11,573.428923
0.322891,2,573.521056
1.121199,4,573.693073
0.327952,2,573.782736
7.469097,25,574.865364
2.998173,9,575.259046
0.356316,2,575.337988
0.753547,3,575.474215
0.335891,2,575.564094
3.447735,11,576.027978
0.705442,3,576.155988
2.245485,7,576.456285
1.408146,5,576.676733
1.108925,4,576.839468
0.357447,2,576.921829
1.712968,6,577.211601
0.382101,2,577.301237
6.90274,19,578.135156
1.147256,4,578.316763
0.33725,2,578.410347
0.354789,2,578.507518
0.336907,2,578.598063
0.311285,2,578.688514
0.342958,2,578.78039
0.774794,3,578.916491
3.083668,9,579.29996
1.09007,4,579.480196
0.331501,2,579.572952
2.675382,8,579.917738
0.656257,3,580.053384
0.683917,3,580.189392
1.119206,4,580.359364
3.415137,10,580.805599
0.332413,2,580.898173
0.365657,2,580.977271
-7.159175,7,581.275101
0.699007,3,581.410172
0.323179,2,581.491107
0.324849,2,581.570296
0.956451,4,581.722845
0.745481,3,581.849996
0.766371,3,581.988673
0.359234,2,582.07994
1.816609,6,582.351479
0.673401,3,582.476073
1.773539,6,582.731195
0.336098,2,582.811274
2.826116,9,583.221903
3.530701,10,583.659775
0.744275,3,583.783193
0.33725,2,583.87455
4.32865,12,584.419855
1.294275,5,584.634837
1.765534,6,584.897724
4.793289,14,585.504644
0.336412,2,585.59534
1.038132,4,585.767825
2.277993,7,586.08444
0.721763,3,586.210985
2.568793,8,586.560263
1.338782,5,586.767993
1.819641,6,587.018099
0.311285,2,587.108356
4.4094,13,587.689715
0.349337,2,587.778532
1.820897,6,588.048795
0.332303,2,588.13944
1.075285,4,588.312699
0.800267,4,588.493544
1.442245,5,588.701302
0.742562,3,588.835778
1.050997,4,589.00545
0.676872,3,589.131133
0.331224,2,589.212111
4.701098,13,598.008423
0.337664,2,598.088115
2.273025,7,598.389585
6.509796,18,599.132955
0.364774,2,599.21301
0.3733,2,599.301428
2.575226,8,599.637888
1.984017,6,599.890373
5.1431,17,600.608521
0.33725,2,600.687536
3.381323,10,601.101867
4.710182,14,601.680671
2.91746,9,602.033082
3.723152,11,602.501344
3.428605,10,602.901293
0.382164,2,602.991691
1.364982,5,603.20796
0.751087,3,603.341724
4.124358,10,603.779622
6.842301,18,604.53615
2.345765,7,604.826308
0.317109,2,604.915724
3.336686,11,605.383673
1.487417,5,605.612745
2.674311,8,605.927017
0.33725,2,606.017712
6.132193,16,606.687778
3.294814,10,607.106979
1.084873,4,607.267624
0.752722,3,607.39481
0.760406,3,607.519315
0.691146,3,607.646477
3.766823,11,608.092732
2.697898,8,608.441483
2.892199,8,608.761768
5.621281,15,609.39214
7.98917,24,610.401248
4.150393,14,610.969458
0.341319,2,611.060086
0.320242,2,611.139905
3.298955,10,611.558916
1.681972,6,611.802235
6.172713,17,612.506078
1.821994,6,612.760675
0.709929,3,612.887481
1.518397,5,613.095855
2.001046,6,613.348473
0.746415,3,613.475606
0.352944,2,613.567299
2.455531,8,613.893351
0.328473,2,613.985804
0.342256,2,614.066553
-7.18131,7,614.378201
1.755219,6,614.643741
0.341593,2,614.72418
1.145376,4,614.877854
1.054609,4,615.039788
3.432759,10,615.446758
3.683346,10,615.875113
0.311285,2,615.966996
6.683953,18,616.717854
7.989568,23,617.675808
8.377125,22,618.581352
5.792189,16,619.259516
0.384745,2,619.351494
5.804927,17,620.071259
6.910702,19,620.843193
0.726773,3,620.969197
1.554232,5,621.18826
0.682424,3,621.326082
0.361783,2,621.417803
6.71471,18,622.177536
6.022875,16,622.825442
2.172961,7,623.13818
5.375024,15,623.758516
8.937041,24,624.790963
2.389398,8,625.134071
5.960155,15,625.737837
1.052467,26,626.793326
-7.973346,5,627.002406
1.494148,5,627.217161
1.536465,5,627.414767
2.507508,8,627.764649
2.715873,8,628.092554
8.689156,22,628.999472
1.548709,5,629.208303
6.277294,17,629.920085
0.700071,3,630.05477
0.332534,2,630.137488
1.878534,6,630.391242
1.773329,6,630.652485
0.365082,2,630.733568
0.759232,3,630.849593
0.738055,3,630.96773
0.343215,2,631.059042
1.804243,6,631.314904
6.077001,16,631.984666
6.414761,18,632.74429
4.945907,14,633.360179
4.398608,12,633.874769
0.3847,2,633.954992
4.376087,12,634.454656
0.713858,3,634.570374
2.652959,8,634.9001
0.316608,2,634.989262
2.874298,8,635.34508
4.834772,14,635.91039
0.767766,3,636.036532
0.33725,2,636.117072
0.349623,2,636.196696
0.338562,2,636.289922
-4.004123,19,637.059867
0.353822,2,637.140307
2.624868,8,637.479705
1.078404,4,637.652975
1.538228,5,637.859275
0.338057,2,637.952058
3.264673,10,638.352677
0.727278,3,638.483828
1.476026,5,638.706167
2.610058,7,639.01392
5.670735,16,639.701552
2.247791,7,640.013128
1.748452,6,640.266904
0.741442,3,640.392905
0.684878,3,640.530522
2.257944,7,640.841948
4.022013,11,641.307169
2.713972,8,641.661227
0.331327,2,641.75017
3.011104,9,642.122995
4.317889,12,642.63173
2.940863,9,643.031813
5.306911,15,643.68151
0.33725,2,643.76282
2.374559,7,644.065318
0.325223,2,644.156677
1.410808,5,644.373879
1.052061,4,644.544959
0.362628,2,644.635919
0.346544,2,644.725399
0.316086,2,644.806827
2.235637,7,645.097504
2.545744,8,645.456322
3.221772,10,645.893688
1.919687,6,646.136637
-8.373074,4,646.308899
6.734944,20,647.129774
-7.283054,7,647.418465
4.892985,14,647.987226
0.735677,3,648.112202
3.62071,10,648.517802
5.868118,15,649.151074
1.528421,5,649.371799
0.323712,2,649.453494
1.829327,6,649.71032
3.543702,12,650.229222
0.37963,2,650.309639
1.452527,5,650.520309
6.988206,19,651.301982
1.379531,5,651.512496
6.414248,16,652.189732
3.660064,10,652.606786
0.366537,2,652.699727
0.327229,2,652.781285
4.960534,13,653.292188
-7.768718,6,653.540214
0.345422,2,653.629202
2.34633,8,653.976031
0.362048,2,654.06884
0.361706,2,654.148893
0.311285,2,654.240979
0.338923,2,654.330839
5.859462,16,655.024253
0.335074,2,655.114712
5.421967,14,655.689602
3.956177,11,656.1525
2.982697,9,656.516296
4.360672,13,657.064921
1.797461,6,657.317685
0.34475,2,657.408316
0.311285,2,657.488189
2.522896,8,657.84385
1.910043,6,658.086232
0.341151,2,658.178098
-6.591769,9,658.551106
3.499569,10,658.958671
0.337033,2,659.050705
3.596949,11,659.496879
9.43953,27,660.653642
4.04543,11,661.088134
2.491318,7,661.397726
3.752156,11,661.847748
6.399098,18,662.613232
0.772812,3,662.736448
0.723379,3,662.87264
2.259024,7,663.161007
-8.026669,5,663.368312
1.455351,5,663.571624
5.421454,14,664.186666
12.352555,34,665.601094
-3.175774,17,666.322644
1.059284,4,666.494534
4.279687,11,666.947154
2.120603,7,667.2468
0.751065,3,667.382569
1.239387,5,667.590137
2.47883,8,667.916706
6.836813,20,668.755078
2.433333,7,669.031335
3.474882,9,669.424138
5.012208,17,670.149581
2.83327,9,670.519325
1.765781,6,670.753328
2.216962,7,671.061391
3.665142,10,671.510035
0.33725,2,671.590202
0.384577,2,671.673461
3.123066,9,672.034815
1.020742,4,672.209035
-5.531635,13,672.774874
0.657237,3,672.900855
2.471017,7,673.198593
4.89614,15,673.831797
3.773569,11,674.279754
13.151111,32,675.582797
0.368697,2,675.663046
2.121552,7,675.963472
0.368177,2,676.054957
1.442322,5,676.286779
0.700236,3,676.411593
1.909633,6,676.655782
2.71303,8,677.011843
5.143988,14,677.604756
2.371046,7,677.902467
1.711065,6,678.158968
1.359288,5,678.36608
3.950051,11,678.805981
0.362671,2,678.897656
0.334877,2,678.990168
2.778507,9,679.371528
5.415197,15,679.989748
4.767957,14,680.566707
3.48342,10,680.95474
3.75026,11,681.411084
6.638187,16,682.075141
0.738397,3,682.20879
2.944551,9,682.579695
0.325667,2,682.660359
0.334909,2,682.740236
0.772543,3,682.856843
1.42948,5,683.073912
1.712964,6,683.337443
1.491933,5,683.564167
5.571432,15,692.461364
2.36059,8,692.791074
0.354177,2,692.884902
2.624913,8,693.215676
2.208167,7,693.491615
3.04538,9,693.855055
4.227597,12,694.333089
17.210132,51,696.469017
4.948777,13,697.013305
0.683852,3,697.13811
12.844,40,698.825741
4.740554,13,699.339546
0.321806,2,699.419024
3.467776,9,699.793367
1.820335,6,700.034835
2.222622,7,700.320789
1.8851,6,700.572902
2.637236,8,700.906491
0.723795,3,701.029557
4.262932,12,701.517572
13.628289,33,702.873824
2.07558,7,703.187365
9.326486,23,704.129888
3.752908,11,704.581628
0.351219,2,704.662457
0.382521,2,704.752837
1.826805,6,705.008771
0.756147,3,705.127141
3.367438,10,705.53854
6.751042,19,706.322122
2.823635,8,706.645346
2.667449,8,706.97395
1.806637,6,707.218415
4.602835,13,707.748642
6.615367,19,708.551101
6.078261,16,709.210791
5.395723,14,709.803316
2.292762,7,710.106582
2.491316,8,710.445441
1.396577,5,710.646557
4.750746,13,711.188875
3.753335,11,711.654354
0.350731,2,711.734805
9.251432,24,712.736288
5.741401,16,713.379047
2.09563,6,713.646005
1.508483,5,713.864306
4.278681,13,714.405003
0.345606,2,714.495661
5.009979,15,715.121745
0.347299,2,715.213381
6.488655,20,716.023403
7.655424,21,716.879884
4.698617,13,717.407542
-2.192228,22,718.313966
10.500059,45,720.153644
3.169613,9,720.518762
2.906383,9,720.901069
5.441175,16,721.583376
0.756782,3,721.699143
-6.56904,9,722.092845
0.331721,2,722.173039
2.455267,8,722.500763
4.477912,13,723.025705
7.28889,20,723.871213
3.932291,11,724.334485
-7.990409,5,724.543359
1.532118,5,724.752951
0.337299,2,724.834192
0.3351,2,724.925915
2.167552,7,725.235633
3.379477,10,725.66115
2.780819,8,725.985952
1.932904,6,726.208554
3.364542,10,726.648791
0.37479,2,726.728709
6.05695,15,727.356611
0.319065,2,727.448679
7.42719,19,728.226533
1.815347,6,728.47629
-5.965444,11,728.936459
0.68012,3,729.073684
7.407096,22,729.964274
5.349538,15,730.57883
2.232478,7,730.875874
0.739517,3,731.011127
6.621143,16,731.64827
2.147495,7,731.959692
5.592089,17,732.670974
2.836746,8,733.01384
7.605785,22,733.90946
7.247045,21,734.767846
11.168057,34,736.158613
3.213622,10,736.56339
0.71533,3,736.6902
2.65167,8,737.024923
1.155741,4,737.196014
2.097475,7,737.454291
9.63821,26,738.56953
2.063375,7,738.871301
4.090175,11,739.313377
2.317918,7,739.612025
0.364247,2,739.692854
3.10162,10,740.121037
2.311204,7,740.409185
0.755977,3,740.534742
0.364165,2,740.627269
7.527925,21,741.498915
2.582473,8,741.852921
0.320977,2,741.942196
3.614918,11,742.406199
1.406166,5,742.618975
0.350779,2,742.71112
2.396112,8,743.041649
2.786593,9,743.445019
3.072202,10,743.864786
1.370193,5,744.074558
0.315119,2,744.165558
-5.611881,10,744.564355
0.336065,2,744.645214
4.393456,12,745.144324
2.522521,8,745.504297
11.408398,29,746.707257
1.529603,5,746.925642
0.358955,2,747.01652
4.898165,14,747.600329
2.675828,7,747.881642
1.84215,6,748.14829
0.33725,2,748.239193
3.988215,11,748.671459
0.33725,2,748.752844
1.866273,6,749.010002
5.312837,15,749.605161
0.744028,3,749.733737
1.086014,4,749.887832
2.365913,7,750.169445
10.993238,30,751.397743
7.924628,22,752.324164
1.828673,6,752.599276
5.214864,14,753.168351
0.322138,2,753.260274
0.334259,2,753.350774
0.316496,2,753.433586
1.843868,6,753.679741
1.083559,4,753.852303
6.210744,17,754.54618
0.697473,3,754.671947
-8.428359,4,754.856274
-3.646865,16,755.503798
2.661249,8,755.829493
5.767965,18,756.559518
0.319423,2,756.649831
2.364719,8,757.000904
6.739495,18,757.733402
6.665646,19,758.52987
1.56052,5,758.736276
0.748232,3,758.860717
0.357336,2,758.940638
2.164355,7,759.237407
1.047523,4,759.407994
8.129372,23,760.362343
2.141365,7,760.661853
7.662071,19,761.431245
0.719004,3,761.555934
2.289834,7,761.854001
0.731079,3,761.981506
1.528486,5,762.186217
5.611731,14,762.763503
1.895137,6,763.015921
3.507247,11,763.470128
-5.676581,10,763.919788
3.156856,9,764.282849
1.813271,6,764.536382
1.868259,6,764.791748
3.003677,10,765.224281
0.37529,2,765.305221
0.728782,3,765.431966
2.449145,8,765.75938
1.936954,6,766.008729
2.165681,7,766.301253
1.802999,6,766.555835
0.354191,2,766.645917
2.394489,8,766.991704
0.362523,2,767.084342
8.480688,22,767.96887
0.734937,3,768.094528
3.976725,12,768.581845
-5.73276,10,768.979927
2.010497,6,769.232218
7.948386,22,770.116572
2.283038,7,770.409701
1.332835,5,770.616321
1.473362,5,770.823606
7.086034,21,771.71083
5.077484,14,772.280257
2.228965,7,772.5709
2.718773,9,772.951875
5.254443,14,773.5272
7.597929,20,774.318945
-6.050511,9,774.700642
1.728121,6,774.957745
-0.866301,23,775.895503
1.073196,4,776.046337
2.855287,9,776.407764
2.289219,7,776.688632
2.477915,7,776.982007
12.551652,36,786.82111
3.037784,10,787.210691
9.545095,22,788.074881
2.316423,8,788.37735
8.44784,22,789.235414
22.347025,63,791.72995
22.937279,53,793.876605
3.900433,9,794.250933
1.455097,5,794.46249
9.206201,23,795.378484
2.439006,8,795.703194
1.742502,6,795.962702
9.311455,25,796.949868
-8.48167,4,797.123508
15.002776,44,798.826209
4.258863,12,799.300499
0.360187,2,799.392515
6.483695,18,800.092369
0.968239,26,801.15562
10.760866,28,802.261651
2.354496,7,802.557945
6.070276,16,803.20345
7.830506,20,804.028925
9.698463,30,805.227785
8.903471,24,806.158992
1.076588,4,806.311506
11.697845,31,807.520163
8.02509,26,808.523137
6.621753,19,809.275366
3.32729,10,809.684796
6.538296,17,810.339892
8.979653,23,811.23504
22.577264,55,813.329635
-0.046933,24,814.304837
8.146648,22,815.177993
4.491585,14,815.742507
5.088761,14,816.290918
3.258706,9,816.650288
1.778665,6,816.883779
3.541244,10,817.287815
25.703865,75,820.203536
5.67011,15,820.816576
0.754093,3,820.932246
-6.235595,9,821.304131
4.188613,12,821.773549
11.210158,30,822.953474
3.679273,11,823.395094
3.991465,11,823.838326
2.273914,7,824.129288
12.775453,31,825.376761
1.939549,6,825.62043
1.518788,5,825.818503
10.378704,26,826.849344
7.096308,19,827.582381
9.656517,26,828.57485
6.086205,19,829.315357
11.521099,30,830.481222
-8.630973,4,830.654351
-3.827153,17,831.334097
1.855055,6,831.591641
6.894196,17,832.269331
3.311865,9,832.60925
-1.13547,24,833.552006
0.311285,2,833.643773
0.682747,3,833.761182
-1.14595,21,834.604703
6.104034,21,835.43313
0.764408,3,835.549037
4.404103,13,836.07049
0.762229,3,836.197816
5.517685,14,836.7786
4.387394,11,837.220829
4.875498,13,837.728606
3.837994,11,838.157373
-7.704972,6,838.387164
1.826233,6,838.605509
0.741477,3,838.718777
1.451093,5,838.914426
0.351329,2,839.003007
7.11868,21,839.811873
9.913527,25,840.809507
3.028539,9,841.182102
7.314276,21,841.988823
11.492591,32,843.226726
17.198686,45,844.970888
1.720889,6,845.214706
0.744716,3,845.342041
6.75948,17,846.008819
7.520379,19,846.77411
5.321751,14,847.358512
1.07612,4,847.542256
7.93346,25,848.512781
0.73591,3,848.638629
-3.363884,16,849.264246
0.325712,2,849.345458
20.661017,52,851.384871
3.950553,11,851.833946
5.749191,15,852.463332
6.529506,18,853.135379
13.477447,38,854.640837
4.250992,12,855.144244
0.330793,28,856.237502
4.160003,13,856.762238
13.183636,33,858.018884
12.670031,34,859.377087
1.063106,4,859.540174
1.789893,6,859.78538
5.59184,15,860.369336
11.326638,31,861.537757
13.389886,32,862.799795
0.702498,3,862.924468
3.609746,10,863.320789
13.222115,33,864.660215
15.643326,39,866.199123
2.762925,8,866.506015
4.256234,11,875.099621
19.226091,44,876.78055
3.943028,12,877.218805
1.775441,6,877.45644
11.300563,28,878.547631
28.067017,78,881.58102
11.771522,32,882.821735
5.55644,15,883.418106
1.086856,4,883.590064
5.198103,33,884.888375
3.509195,10,885.298125
9.430805,25,886.290992
3.37386,10,886.695935
6.266988,17,887.356962
7.830875,20,888.186039
37.713321,93,891.742161
-3.444424,17,892.41106
7.363921,18,893.108622
16.532018,48,894.891237
6.443294,18,895.599391
7.303967,20,896.367539
35.736962,98,900.109818
19.945655,42,901.694975
16.59697,36,903.054867
6.822647,19,903.776181
23.803364,63,906.195864
5.312388,15,906.791444
18.158794,85,910.043406
4.550372,12,910.49071
30.853814,82,913.586316
4.077585,12,914.051004
23.55655,66,916.497361
5.280086,15,917.063811
8.446551,22,917.90244
2.20409,7,918.183743
3.718398,10,918.603514
15.573211,56,920.715778
25.239926,62,923.051567
8.910198,22,923.92281
7.076091,16,924.54568
8.792826,28,925.610567
2.325073,7,925.902043
8.959285,25,926.845194
3.031473,9,927.209385
17.308396,45,928.974223
23.429965,55,931.057368
7.681088,21,931.850308
10.026271,24,932.758977
15.627815,43,934.373901
3.699403,10,934.77561
14.598515,41,936.325638
18.278547,43,937.9145
2.558424,8,938.226319
2.613513,8,938.568326
17.456044,43,940.211131
1.150204,4,940.371695
12.103877,54,942.420242
11.260437,33,943.7236
18.836208,42,945.297838
15.185047,40,946.8277
16.993965,68,949.404916
5.392791,16,950.029223
-8.010847,5,950.226183
12.036729,29,951.311769
11.239333,28,952.424394
22.191336,53,962.857265
-1.956363,19,963.580935
4.047579,12,964.036602
3.439006,10,964.44165
3.792036,11,964.880469
6.577394,18,965.563997
31.132101,68,968.090929
3.854665,11,968.504666
17.221798,43,970.130121
8.314007,20,970.878771
11.88372,78,973.835988
5.630976,15,974.398566
8.827547,25,975.355098
7.936201,22,976.179573
4.132961,12,976.646201
9.168954,25,977.564801
8.039461,22,978.379502
9.095536,22,979.224099
37.233612,95,982.748689
3.569126,10,983.131348
16.589513,39,984.59609
35.145646,78,987.564915
-6.664599,8,987.87037
0.351267,2,987.950299
9.546725,29,989.036273
18.354751,46,990.739973
8.654722,28,991.78775
20.307634,46,993.51992
23.543825,71,996.176274
4.974324,14,996.689999
8.633661,23,997.57359
2.931442,9,997.912731
6.009522,15,998.497351
11.142357,28,999.568246
44.946268,131,1004.461593
34.451216,75,1007.214211
18.976765,48,1008.996725
1.40113,5,1009.195953
1.960553,7,1009.455735
12.100621,37,1010.86646
16.992972,53,1012.831901
25.391728,63,1015.174781
3.330581,39,1016.583709
3.14928,10,1016.978053
28.114465,78,1019.870685
3.38083,33,1021.111752
15.624537,39,1022.550382
-6.742987,8,1022.858108
4.714591,13,1023.348243
7.997783,22,1024.216043
26.578755,64,1026.643063
13.731844,41,1028.152531
1.113707,4,1028.31489
17.120169,54,1030.375295
7.636316,21,1031.15049
4.002906,40,1032.666409
9.042487,24,1033.542444
8.754744,22,1034.370376
8.044198,19,1035.076604
9.373781,28,1036.09215
14.72807,39,1037.535844
32.934164,85,1049.011189
40.133945,96,1052.563284
32.593263,98,1056.158596
3.387531,9,1056.501563
12.673274,57,1058.603783
5.863445,18,1059.280737
23.262721,65,1061.691083
13.533903,34,1062.953952
6.631212,20,1063.713436
24.443188,57,1065.83744
5.835776,16,1066.454634
24.352999,82,1069.473236
39.426753,91,1072.8363
23.743482,69,1075.449477
9.005361,26,1076.507728
26.947963,85,1079.598579
16.905163,43,1081.178148
5.41471,16,1081.774403
2.882572,9,1082.112869
32.131421,81,1085.080577
0.753646,3,1085.206501
29.509425,88,1088.446566
15.759005,36,1089.761756
34.0814,87,1092.953077
16.145756,45,1094.621024
6.393568,18,1095.299863
40.54084,88,1098.541558
37.261526,84,1101.672773
41.311364,121,1106.14479
6.950521,18,1106.809929
16.650786,61,1109.072342
34.607916,101,1112.75146
41.978098,138,1117.891657
14.317389,39,1119.346089
12.151797,29,1120.449233
26.953083,72,1131.327741
34.648539,90,1134.618164
18.692662,47,1136.33438
2.152105,7,1136.592103
29.99105,82,1139.628941
20.261761,55,1141.66461
0.359265,2,1141.753482
14.009201,42,1143.327833
41.626258,93,1146.738209
28.335853,74,1149.44701
24.044154,55,1151.454587
8.678964,23,1152.29553
8.742415,25,1153.221731
3.814086,12,1153.683014
31.799756,81,1156.640424
18.246353,55,1158.651156
10.428386,28,1159.682773
2.077421,31,1160.880655
6.74767,20,1161.619916
7.843494,23,1162.445743
37.756515,100,1166.127313
12.015266,35,1167.424212
23.630473,62,1169.707963
34.13738,89,1172.988094
26.543092,79,1175.890981
4.377501,13,1176.383412
7.237777,19,1177.101759
19.947609,54,1179.091582
17.1885,49,1180.903677
13.645854,35,1182.189456
15.337095,38,1183.629634
28.142484,76,1186.440286
-2.922353,18,1187.095572
2.910371,33,1188.30959
18.225401,46,1190.01581
34.362366,86,1193.18312
39.825444,105,1197.054818
1.44573,5,1197.241659
1.88644,6,1197.46275
40.884263,94,1200.899718
48.516028,125,1205.441504
14.705036,44,1215.47488
21.942875,54,1217.451671
40.630892,136,1222.392074
21.077019,66,1224.772189
36.56783,91,1228.164284
28.34127,85,1231.221957
23.147637,60,1233.435443
37.74612,90,1236.713121
26.62956,67,1239.156938
-0.968991,24,1240.035002
33.47799,92,1243.349551
25.550437,91,1246.622084
30.589862,77,1249.446767
35.620592,78,1252.333858
33.696482,80,1255.221979
21.190063,50,1257.104069
10.910452,30,1258.209962
37.848834,91,1261.531168
11.947622,65,1263.893417
3.318416,33,1265.110167
22.918898,52,1267.000553
36.008891,78,1269.859347
37.769277,90,1273.177611
37.183559,85,1276.264028
38.072147,107,1280.18775
13.175077,33,1281.38215
21.986155,99,1284.943767
26.615514,73,1287.624333
12.717955,30,1288.695496
7.903303,22,1289.507754
25.992919,64,1300.305221
35.675888,110,1304.354394
28.971299,71,1306.91536
41.573813,140,1312.011052
21.359496,107,1315.965859
40.341261,126,1320.508073
41.327965,114,1324.592124
35.163699,79,1327.445795
6.92103,18,1328.123432
13.375345,32,1329.320472
11.834905,36,1330.627892
16.993652,43,1332.207989
17.861989,39,1333.610327
24.319737,73,1336.278888
28.010598,70,1338.842898
33.541677,95,1342.339874
9.787149,29,1343.4237
3.159355,9,1343.762596
13.657184,39,1345.167487
46.714152,117,1349.421965
3.139186,10,1349.787547
8.491574,24,1350.665814
41.264215,124,1355.16567
5.226687,15,1355.739834
26.512901,73,1358.406199
6.998549,20,1359.139463
34.314722,92,1362.510955
15.897555,46,1364.179155
11.139123,32,1365.33673
25.454711,74,1368.062861
30.1661,78,1370.912312
51.641149,128,1383.975554
10.956731,38,1385.368646
10.551579,34,1386.603755
1.5245,5,1386.796868
12.30621,62,1389.041636
51.476621,136,1394.001625
39.481561,94,1397.378218
26.906612,80,1400.281712
24.38297,58,1402.394667
1.506115,30,1403.475043
39.650705,122,1407.9227
36.734152,92,1411.267313
5.414277,42,1412.831802
36.892685,99,1416.453406
54.587013,129,1421.129046
37.662812,95,1424.550501
30.485133,106,1428.38028
48.391353,112,1432.407895
15.67754,48,1434.151784
52.514363,127,1438.730446
28.464491,83,1441.707095
56.318453,146,1446.97884
20.601515,76,1449.736702
55.763641,131,1454.472334
58.108546,145,1468.138271
43.830693,105,1471.927176
0.248822,29,1472.964667
6.366759,44,1474.575078
57.312781,143,1479.80901
32.416315,109,1483.726403
45.515707,150,1489.156384
56.85351,145,1494.404923
23.757657,56,1496.413951
4.928344,15,1496.957769
35.008714,109,1500.891116
39.080714,127,1505.444634
48.181443,116,1509.675197
55.217526,129,1514.302187
55.796241,146,1519.599801
25.546284,85,1522.700001
3.238576,36,1523.980219
1.766345,35,1525.293689
24.053907,95,1528.77622
-4.593284,15,1529.327826
27.775058,71,1531.917711
7.541204,47,1533.59496
27.92953,106,1537.420654
9.250028,27,1546.737981
53.466927,172,1552.915371
58.861887,157,1558.580953
33.704788,103,1562.350773
9.250784,76,1565.064409
39.282984,110,1569.004732
69.065294,151,1574.442493
7.027017,21,1575.200997
12.010671,36,1576.50139
5.031981,41,1577.978649
53.609729,162,1583.763142
44.427392,107,1587.557563
4.736598,39,1588.938145
20.500552,90,1592.147924
17.304891,39,1593.572924
47.569511,105,1597.301675
42.865305,104,1601.065904
4.371473,13,1601.536386
48.750942,116,1605.683574
40.427632,109,1609.565702
52.637829,138,1614.506169
14.107733,47,1616.199043
68.590032,159,1630.274827
52.977886,176,1636.616759
31.995799,101,1640.304718
11.062448,28,1641.350547
2.455333,8,1641.666015
6.33256,17,1642.339846
9.494621,24,1643.275049
7.509192,20,1644.022556
36.79947,144,1649.284034
66.583515,162,1655.108328
9.83062,30,1656.193334
55.192188,176,1662.465512
40.479398,117,1666.654919
13.582165,36,1667.924144
43.244675,109,1671.87097
43.468499,132,1676.632883
62.6759,176,1682.915272
23.482544,67,1685.332994
4.216643,13,1685.808425
52.959538,149,1691.122781
5.534569,18,1691.762236
53.792471,176,1698.07322
67.547602,173,1712.73253
42.975227,119,1716.945966
62.758296,168,1723.012273
61.505401,176,1729.393538
61.005166,143,1734.498294
7.45758,43,1736.043004
11.057112,54,1737.995127
30.663788,111,1741.946999
-7.524404,7,1742.202799
62.148731,167,1748.175493
66.96585,165,1754.110474
39.896502,101,1757.770808
65.261056,169,1763.816349
39.360533,139,1768.746488
67.743288,155,1774.302534
43.371413,125,1778.772912
57.830669,135,1783.58619
5.071003,13,1792.444244
57.248264,132,1797.246913
31.232312,89,1800.522616
63.956256,173,1806.816892
52.276762,153,1812.356889
34.655818,123,1816.74509
31.864394,78,1819.553596
41.359532,132,1824.277716
27.958808,82,1827.199896
34.295995,82,1830.189974
29.226926,106,1833.982827
6.93237,23,1834.832951
48.866016,124,1839.351112
39.934464,106,1843.259829
64.740726,155,1849.015304
41.661234,97,1852.424612
12.814279,31,1853.548288
14.296561,38,1854.922531
39.558791,106,1858.688598
21.640105,98,1862.25139
51.998073,122,1875.042225
44.246946,112,1879.006356
60.38608,173,1885.278568
52.394828,148,1890.777146
39.273681,100,1894.37334
17.656365,52,1896.269933
65.375686,160,1902.045922
34.802025,99,1905.612926
62.07793,176,1911.909633
39.717853,111,1915.872804
28.637717,74,1918.589128
42.944503,139,1923.858878
31.428127,83,1926.970305
52.169878,122,1931.374831
28.177451,126,1935.875892
39.784086,100,1939.469414
33.884725,102,1943.12134
51.383234,125,1947.615226
33.940632,96,1959.55574
27.58375,106,1963.405448
54.43167,127,1968.029884
51.819986,113,1972.110301
37.055161,107,1975.953598
49.224638,111,1979.983254
49.41539,111,1984.007809
25.052161,90,1987.235978
26.58652,84,1990.241415
32.330609,83,1993.213055
34.749617,94,1996.541646
21.4707,55,1998.553487
43.221927,118,2002.784252
66.611055,149,2008.120464
5.521526,16,2008.710494
38.410419,93,2012.064607
52.56324,144,2017.205587
34.214218,90,2020.459275
-2.98991,17,2021.076354
52.275878,133,2025.844659
53.704427,176,2040.721401
65.536139,153,2046.199602
49.053135,118,2050.517215
45.142139,104,2054.278467
55.80014,160,2060.138457
25.699051,69,2062.600545
59.777066,176,2068.92192
58.049371,169,2074.935148
31.611317,86,2078.061286
5.345323,37,2079.39268
25.237253,81,2082.288364
38.979357,115,2086.394064
51.974157,147,2091.633373
52.227332,114,2095.708162
37.470573,119,2099.975629
15.171861,36,2101.274716
42.453332,95,2104.677819
3.149323,39,2106.075689
61.051585,145,2111.269257
45.66458,104,2123.372147
56.130483,131,2128.058208
40.869038,120,2132.387234
-4.038782,16,2132.962866
33.28246,90,2136.164274
62.514702,169,2142.23419
7.242807,20,2142.951263
42.711125,117,2147.148432
61.747276,176,2153.456103
68.06132,145,2158.663473
50.803529,110,2162.599715
55.043954,124,2167.030185
55.193161,120,2171.321009
61.569866,169,2177.433785
47.025212,133,2182.143919
27.844875,82,2185.054852
47.773728,124,2189.492514
49.916324,113,2193.526953
63.733056,164,2207.998791
33.224089,75,2210.635708
31.020048,79,2213.493063
55.407143,115,2217.597686
41.38816,132,2222.324149
14.203967,36,2223.621793
69.598897,146,2228.862206
62.417195,165,2234.755831
60.646546,136,2239.617298
66.665834,152,2245.056752
59.612396,135,2249.850064
68.053211,145,2255.013846
45.592655,111,2258.976125
32.11521,77,2261.719337
40.459348,113,2265.769603
61.892656,145,2270.968457
25.010873,77,2273.705655
4.054748,12,2274.1469
63.616505,166,2288.771149
62.243987,164,2294.65662
62.957033,157,2300.304318
51.612222,126,2304.811615
37.120008,104,2308.481385
58.089789,130,2313.139126
20.868629,76,2315.869276
65.309577,149,2321.207394
27.288792,87,2324.295242
35.106526,85,2327.323686
44.658523,99,2330.861019
41.394247,97,2334.359993
66.165978,154,2339.841676
62.819068,158,2345.478745
56.105157,133,2350.219636
38.075049,83,2353.178367
59.506015,153,2358.645111
55.310129,120,2371.766351
45.934422,107,2375.580306
49.439452,110,2379.520177
64.814799,155,2385.129395
50.514274,138,2390.166838
67.591634,151,2395.615138
23.134563,73,2398.2324
61.530427,161,2403.988719
16.997486,38,2405.367698
40.359834,99,2408.903697
1.134276,4,2409.061049
48.869746,117,2413.272227
51.636494,114,2417.373768
48.731689,111,2421.344551
66.181549,149,2426.676155
66.305907,149,2431.991432
36.455439,79,2434.818431
45.62612,121,2439.178086
35.880091,90,2451.321872
61.706635,167,2457.422481
67.330463,145,2462.624449
33.361383,86,2465.736385
61.881143,146,2471.004969
58.083741,145,2476.225369
60.285259,173,2482.423135
5.189152,15,2482.978441
63.572527,156,2488.606375
50.905378,136,2493.478354
61.171528,176,2499.787045
68.134336,148,2505.096622
56.743863,125,2509.534177
51.63285,132,2514.28996
54.638109,163,2520.102856
67.294983,145,2533.951243
66.543699,144,2539.13894
64.969924,158,2544.766629
62.765249,170,2550.812894
67.710472,145,2556.014926
45.58102,111,2560.00089
6.315207,17,2560.629014
66.682647,148,2565.902831
66.316067,155,2571.402283
67.02605,143,2576.531332
3.881496,11,2576.927745
10.464285,27,2577.913828
66.546471,148,2583.263263
63.206478,160,2589.008009
43.43747,121,2593.422961
54.384013,140,2598.541737
64.931924,139,2603.563432
66.91507,147,2617.744501
64.805092,153,2623.243549
18.570417,42,2624.764833
52.694124,116,2628.908949
9.711642,26,2629.834205
18.22873,48,2631.548311
54.767397,155,2637.145236
44.143584,120,2641.480619
35.468124,98,2644.968538
18.07875,50,2646.761984
10.259123,54,2648.679582
65.031743,158,2654.320683
57.51728,126,2658.806219
66.97336,149,2664.147521
64.465952,155,2669.711562
65.752165,148,2674.911264
9.912484,26,2675.87934
64.18865,156,2681.461556
65.096119,161,2687.234675
65.032924,162,2702.001715
64.466503,133,2706.736313
67.129406,148,2712.058743
64.244597,159,2717.831532
67.446604,147,2723.170184
54.945868,118,2727.420817
41.793428,132,2732.178548
65.04356,142,2737.30963
67.385031,147,2742.54506
65.989121,149,2747.876814
67.778752,145,2753.064211
67.279152,156,2758.629589
58.039081,129,2763.25672
45.47617,132,2767.993364
67.431016,144,2782.05268
43.285776,91,2785.278129
26.034343,93,2788.652554
65.111209,169,2794.766004
-5.844628,11,2795.161165
8.005708,25,2796.089136
63.978476,161,2801.828126
40.105271,88,2805.029295
67.587349,148,2810.328684
-2.278392,18,2810.981252
1.039552,28,2811.982394
-5.078156,11,2812.378502
49.407337,111,2816.317567
65.380772,155,2821.853461
13.040445,50,2823.648812
67.896225,142,2828.74472
67.906366,144,2833.932411
66.338009,155,2839.472073
45.183787,102,2843.131054
54.442641,123,2847.551631
-5.994271,9,2847.876469
64.150604,153,2862.002748
66.240971,147,2867.264344
26.917389,72,2869.875006
64.689286,158,2875.516443
66.440714,153,2881.005036
66.251299,148,2886.317878
22.914545,67,2888.73989
55.27437,119,2892.955278
66.946347,143,2898.070616
52.712302,126,2902.618688
48.24602,114,2906.723503
56.751606,141,2911.804839
43.760859,94,2915.174269
65.706616,154,2920.663858
66.053078,149,2925.947137
40.336062,108,2929.827492
67.09863,144,2934.947411
65.858963,151,2949.475769
66.05708,149,2954.865991
10.13746,23,2955.700903
62.672523,138,2960.65144
9.490339,24,2961.53286
67.091961,144,2966.678302
51.796228,112,2970.654034
66.42209,145,2975.862855
63.491201,135,2980.707515
12.675428,30,2981.80583
45.1183,110,2985.828303
66.456188,148,2991.12996
65.779398,151,2996.539921
65.641879,150,3001.968124
58.418793,144,3007.105244
52.357407,113,3011.152091
16.325123,40,3012.597434
66.658279,149,3026.945775
11.968312,27,3027.939327
64.546089,158,3033.580953
64.599039,144,3038.786315
34.337148,100,3042.378252
11.934586,27,3043.364389
59.97095,146,3048.557802
53.866482,120,3052.863593
49.807434,120,3057.195848
51.838508,112,3061.24047
45.907476,113,3065.298256
38.804792,96,3068.854627
16.540185,44,3070.464901
36.400793,84,3073.466273
44.77689,111,3077.475756
64.337676,155,3083.049561
65.882135,149,3088.413517
59.036671,129,3093.040764
64.018284,155,3098.672107
63.366712,162,3113.499297
40.406015,95,3116.876222
65.140287,155,3122.472731
66.735093,146,3127.683016
65.385641,149,3133.007656
65.233452,151,3138.37968
63.97711,160,3144.144251
66.563357,152,3149.544379
63.661337,155,3155.095513
39.309605,114,3159.148771
65.78107,148,3164.46367
6.230145,44,3166.03645
67.544385,147,3171.275382
66.002297,148,3176.498088
67.18801,147,3181.739636
67.61374,144,3195.950069
67.414026,140,3200.884774
66.950062,145,3206.073354
33.376604,82,3209.061289
48.626346,107,3212.938151
65.287187,151,3218.370172
67.293989,141,3223.454293
66.010831,149,3228.75799
46.287082,102,3232.428995
67.026698,147,3237.655882
66.909323,145,3242.808731
68.111803,145,3248.080235
48.073837,103,3251.811018
67.511879,143,3256.891578
65.083951,139,3261.858546
24.541598,74,3264.482467
66.586948,147,3278.86648
65.784821,152,3284.286829
43.551038,94,3287.66729
55.556259,124,3292.093678
13.70967,33,3293.276396
68.044931,141,3298.350728
66.239353,144,3303.453789
67.194669,143,3308.570276
67.630902,142,3313.675829
66.825099,142,3318.724691
66.592533,145,3323.895303
53.190936,122,3328.296028
68.548463,144,3333.459911
67.297227,143,3338.52401
60.079752,139,3343.436094
48.875754,114,3356.642636
67.306032,144,3361.859244
67.151723,147,3367.10182
66.474572,152,3372.567818
53.994533,116,3376.766541
66.91376,144,3381.911923
67.834424,142,3386.982906
42.397236,91,3390.244658
9.816883,23,3391.065958
67.777071,141,3396.097049
67.812786,143,3401.21073
35.478012,83,3404.179288
68.144296,142,3409.242559
67.509597,141,3414.260483
66.299526,151,3419.593265
29.514204,75,3422.289989
66.337439,145,3427.417009
67.202358,143,3441.59304
66.876932,142,3446.690913
67.150825,144,3451.920189
67.23793,141,3456.953271
65.845677,148,3462.202155
66.328456,145,3467.368211
14.683313,38,3468.74693
67.979464,143,3473.86855
68.321466,141,3478.893679
63.0324,146,3484.105747
66.379627,149,3489.399953
66.504415,144,3494.546054
65.54403,147,3499.825596
42.407123,99,3503.354573
67.216262,143,3508.506366
67.519899,142,3522.714543
66.385081,148,3528.019832
68.552194,143,3533.129666
67.553876,140,3538.129409
66.641975,145,3543.354647
66.612605,146,3548.557956
67.8388,142,3553.648272
61.271396,126,3558.144591
67.29131,143,3563.278987
68.144742,144,3568.514253
67.506661,144,3573.694565
66.966658,142,3578.750245
67.559427,141,3583.78432
32.882602,71,3586.311334
66.703843,144,3591.486804
52.763175,114,3604.76141
11.70795,26,3605.712178
67.005046,141,3610.84301
54.472745,122,3615.217527
67.260338,146,3620.412912
67.706957,142,3625.532222
66.120779,151,3630.911899
67.633808,143,3635.992793
67.13329,143,3641.115838
68.276764,143,3646.27446
68.612164,141,3651.399961
67.208136,143,3656.512855
69.190221,142,3661.601125
68.816607,142,3666.670576
66.783888,142,3671.802711
69.085939,142,3676.861677
66.970398,145,3691.206362
67.813131,142,3696.256332
66.126074,147,3701.668094
68.00831,142,3706.764359
67.529026,142,3711.815917
58.866557,124,3716.265872
42.510963,92,3719.621711
68.783714,142,3724.737738
65.39761,149,3730.110941
67.579951,142,3735.181725
65.568124,152,3740.596058
67.329825,146,3745.798537
67.800472,145,3750.973986
67.655473,143,3756.085434
68.289477,143,3770.333941
46.946422,98,3773.837877
66.851037,146,3779.02666
67.383491,141,3784.052831
67.264704,144,3789.156842
66.840732,144,3794.424321
68.252268,142,3799.513608
69.38581,140,3804.493682
67.154375,147,3809.689334
70.486158,141,3814.700425
69.702577,143,3819.820458
66.487561,147,3825.051711
17.306276,40,3826.485034
68.172731,143,3831.573561
33.468265,77,3834.33514
67.318293,142,3839.361167
67.623703,141,3853.463715
0.742879,22,3854.261135
67.251376,143,3859.378303
67.371556,141,3864.40552
68.050089,143,3869.540004
67.416936,144,3874.647111
67.651069,142,3879.743873
16.882516,42,3881.236595
66.211209,147,3886.470819
67.899686,141,3891.47177
68.169435,142,3896.540288
68.764733,143,3901.622126
68.936457,141,3906.686443
67.718381,143,3911.795824
70.886522,141,3916.841718
70.17387,141,3921.923956
1.523575,26,3922.872672
69.449119,140,3936.920877
68.533045,142,3941.97999
12.089722,44,3943.568141
67.532632,144,3948.721976
68.124127,143,3953.832292
67.471406,144,3958.946881
68.284219,142,3963.962867
9.300907,23,3964.79937
67.599307,142,3969.937749
68.173033,142,3975.055061
67.870892,142,3980.129332
68.696452,141,3985.112253
67.874983,142,3990.185495
66.462485,144,3995.308028
68.048897,142,4000.349702
68.56368,143,4005.531619
68.887485,141,4019.869372
68.653725,142,4025.005455
66.971968,145,4030.185078
67.348725,143,4035.318258
11.045512,27,4036.290936
6.013861,17,4036.918223
61.60256,132,4041.679545
67.536031,143,4046.817267
12.235539,29,4047.84746
35.891399,77,4050.635964
67.801518,140,4055.655349
66.579205,139,4060.604968
5.334416,14,4061.1069
66.841145,145,4066.322589
6.291892,16,4066.908021
43.139872,88,4070.033989
58.009735,122,4074.385667
68.595768,141,4079.425175
51.939773,108,4083.306968
68.381916,141,4088.360491
63.089537,132,4102.183547
68.072318,143,4107.367296
67.942772,144,4112.558406
67.282911,142,4117.651416
17.234562,43,4119.233358
67.668056,143,4124.364019
24.637229,54,4126.310401
69.358177,141,4131.37204
68.52313,142,4136.528939
67.466531,141,4141.609669
14.250131,31,4142.743883
68.345572,141,4147.924441
67.207789,145,4153.045454
4.620596,12,4153.478575
39.892031,86,4156.622243
3.747618,10,4156.989401
59.382213,123,4161.40084
6.505164,17,4162.02637
67.349828,143,4167.152269
62.500706,130,4171.846391
68.728944,144,4186.169205
67.751462,142,4191.235766
31.06743,67,4193.670211
37.865258,79,4196.506634
68.177512,141,4201.606979
14.821406,31,4202.736031
14.365426,34,4203.955023
68.055351,141,4209.046901
68.209169,143,4214.205723
6.285983,16,4214.788401
3.604487,10,4215.16599
7.389012,19,4215.846309
67.527868,142,4220.971781
4.74845,13,4221.461311
-3.144129,16,4222.039204
39.517334,84,4225.007738
56.828699,117,4229.195893
31.579558,70,4231.707845
58.811759,124,4236.14717
9.64233,24,4237.030182
68.879265,142,4242.142833
33.585959,73,4244.780179
67.690538,143,4249.924455
46.397441,98,4253.476335
22.253653,49,4255.2533
67.689726,141,4269.689247
68.151504,143,4274.82059
66.903274,147,4280.117896
46.691559,97,4283.615522
67.738124,144,4288.757963
68.117313,143,4293.888615
67.881621,141,4299.021837
67.932398,139,4303.99584
67.983802,142,4309.090506
67.61173,143,4314.192283
49.45245,104,4317.918738
67.46188,142,4323.016616
67.235921,142,4328.142791
31.525026,68,4330.561095
68.136065,141,4335.585429
68.625056,141,4349.877715
65.84759,137,4354.753978
67.835594,141,4359.828082
68.03969,140,4364.819228
68.039576,139,4369.75621
67.523697,141,4374.726074
6.854116,17,4375.341215
68.212157,141,4380.391269
67.580614,142,4385.436668
67.680244,141,4390.445762
67.118238,141,4395.831484
68.0707,140,4400.832002
68.004677,140,4405.826811
58.730053,120,4410.065864
66.763016,137,4414.932866
4.807818,13,4415.400343
67.865614,140,4420.396354
68.470142,141,4434.635663
68.152938,141,4439.66281
68.674543,141,4444.682005
40.498481,84,4447.657603
67.673239,140,4452.660631
60.405578,127,4457.142072
68.463868,141,4462.196036
63.46777,132,4466.910681
67.822347,140,4471.935328
68.178533,140,4476.927899
69.332597,142,4482.011806
64.825947,133,4486.752494
64.95122,134,4491.545689
67.685562,140,4496.496282
67.93534,139,4501.410046
67.971424,141,4516.241942
67.606142,140,4521.531389
66.046048,137,4526.499935
68.672811,142,4531.561729
67.168102,139,4536.450979
64.699683,135,4541.225331
61.379015,124,4545.62112
67.579518,139,4550.547282
68.260586,140,4555.500893
67.74704,140,4560.465716
67.576053,140,4565.431321
68.250646,141,4570.384736
69.872477,140,4575.388717
-5.437674,10,4575.742288
67.868705,141,4580.707824
68.871144,141,4594.971181
69.477091,141,4599.952424
68.301222,143,4604.981986
67.997332,143,4610.058344
68.074758,139,4615.025977
68.479172,141,4620.05201
68.014918,140,4625.077161
68.441184,141,4630.113132
68.432607,140,4635.083869
67.735364,140,4640.028243
68.214295,141,4645.139979
68.458961,140,4650.222024
67.894209,141,4655.445613
70.09243,141,4660.567468
70.393904,141,4665.63125
69.50836,141,4679.993841
69.240601,141,4685.1751
31.361602,66,4687.622631
68.735782,140,4692.709221
68.080181,140,4697.763282
68.333448,140,4702.725516
67.820459,141,4707.700255
64.825161,134,4712.436477
68.496261,140,4717.342901
69.359128,139,4722.290231
67.721188,142,4727.249507
68.990953,140,4732.153244
22.87468,48,4733.856261
68.086181,142,4738.84459
63.537663,129,4743.391969
1.582295,25,4744.285554
67.888881,141,4749.202463
68.189326,140,4763.363006
68.164548,140,4768.287964
52.520273,108,4772.20407
68.267025,140,4777.115433
7.755726,18,4777.758331
68.276269,141,4782.687023
68.561669,140,4787.672453
69.056943,140,4792.538252
68.510309,139,4797.364089
67.15841,137,4802.152922
68.654831,140,4807.024406
68.558241,144,4812.064992
68.993562,141,4817.017811
68.936772,140,4821.959246
68.185296,141,4826.914677
69.876629,141,4841.141715
68.861557,140,4846.12333
67.963744,140,4851.132543
68.317999,142,4856.146244
68.326946,140,4861.0919
68.720237,141,4866.049109
66.058229,135,4870.762521
68.992705,140,4875.673043
69.023444,141,4880.661478
67.96403,139,4885.518373
68.355296,140,4890.406403
68.413796,140,4895.298966
68.228247,140,4900.208144
68.280467,140,4905.127264
68.366729,140,4910.079588
68.087093,139,4924.549776
68.967368,141,4929.691906
68.486742,142,4934.799641
69.837539,142,4939.825676
69.438187,140,4944.739028
67.838928,142,4949.80451
68.198992,140,4954.648854
67.501828,139,4959.496522
68.675335,140,4964.384744
69.115636,141,4969.40756
69.260414,141,4974.428181
68.644849,141,4979.437911
67.771594,139,4984.389782
68.356232,140,4989.357244
67.947133,142,4994.507169
17.134156,37,5005.334305
69.328191,141,5010.370826
5.893783,14,5010.875046
68.574964,140,5015.878844
68.708934,141,5020.837469
68.413969,139,5025.726256
68.195605,142,5030.720507
3.82468,10,5031.085449
67.779424,140,5036.021159
69.627325,141,5040.991291
68.263638,140,5046.009362
6.723174,17,5046.647429
7.737823,18,5047.297089
67.877012,140,5052.272187
43.973988,91,5055.489391
68.535016,140,5060.449612
68.583342,140,5065.417606
68.55857,140,5070.398033
68.728092,140,5075.334007
67.319429,140,5089.677623
68.088023,141,5094.665642
68.267536,139,5099.557451
69.061244,141,5104.548083
68.078093,140,5109.497765
68.013992,140,5114.447747
18.639126,40,5115.868183
15.238553,34,5117.07484
68.522617,140,5122.068115
5.486472,14,5122.575627
67.944108,142,5127.595476
67.636474,139,5132.545945
22.72603,48,5134.22778
26.958482,57,5136.37095
7.934606,19,5137.060214
10.73355,26,5137.976964
68.193211,140,5142.915665
67.974234,140,5147.898112
68.477232,140,5152.828007
69.21916,140,5157.725066
19.740911,43,5159.241282
69.490712,141,5173.716407
68.174012,140,5178.677381
68.984289,140,5183.634746
68.815201,140,5188.548582
67.891771,139,5193.492747
67.745907,140,5198.468381
-4.331057,11,5198.863819
9.114482,22,5199.643249
68.591716,141,5204.59434
20.068895,44,5206.150821
67.837684,141,5211.149002
67.986099,140,5216.083195
68.374416,140,5221.058561
11.853786,26,5221.996194
2.739905,8,5222.295135
68.251272,140,5227.278162
67.575217,141,5232.290491
68.294603,140,5237.235008
