#{"t_start": 1774702023.947754, "env_id": "continuous-highway-v0"}
r,l,t
-0.951339,11,14.410331
-2.123288,11,14.797536
-1.719469,11,15.157999
-0.926721,12,15.575106
0.157303,13,16.042488
-0.607525,12,16.727875
-0.897543,11,17.157586
-0.609328,13,17.560473
-1.011913,11,17.979689
-0.451616,13,18.437125
-0.562244,12,18.908004
-1.406768,11,19.331359
-1.10391,12,19.766445
0.667059,15,20.284658
0.268725,13,20.780575
-2.075125,11,21.14175
-1.061379,12,21.527274
-1.324974,11,21.890005
-0.133768,14,22.35244
-1.502719,11,22.714219
-1.75399,11,23.07069
-1.356401,11,23.413558
-2.687004,9,23.705864
-1.256767,11,24.058697
-1.034795,12,24.486336
0.342218,14,25.105626
-0.562103,12,25.482603
-1.712071,11,25.863351
-0.790067,12,26.293019
-0.662047,11,26.703843
-0.605145,12,27.14825
-0.604718,13,27.614478
-0.610446,12,28.046428
-1.082163,11,28.4337
-1.025992,12,28.856426
-1.383675,12,29.292693
-0.14222,13,29.775869
-1.255942,13,30.218153
-1.936827,11,30.561666
-0.261813,14,31.001053
-1.250623,12,31.370555
-0.885138,11,31.70713
-1.722871,11,32.05888
-0.510594,12,32.44172
-0.519699,12,32.827759
-0.081514,13,33.25501
-0.53634,12,33.634459
-0.462965,13,34.042473
0.20118,14,34.493116
0.817426,16,35.237503
1.165743,15,35.787755
-1.904143,10,36.13526
-1.708479,10,36.525644
-1.046198,13,37.04362
-2.489496,10,37.414693
-0.628325,12,37.862823
-1.107337,11,38.322722
-1.038083,11,38.772835
-1.50852,12,39.263451
-1.271541,11,39.767583
-1.286017,11,40.243046
0.041302,15,40.733666
-0.846081,12,41.145626
-0.359799,13,41.564192
-1.746703,11,41.923238
0.496196,14,42.457101
-1.97072,10,42.958965
0.448534,15,43.602524
-0.243414,12,44.082539
-0.358362,13,44.630871
-1.759356,10,44.967001
-1.054282,12,45.401126
-1.262252,12,45.838547
-1.576851,10,46.212774
-1.827702,10,46.601408
0.209368,15,47.163482
-1.639787,11,47.586725
0.207603,14,48.089996
-0.928053,12,48.545007
-0.547912,11,48.933244
-1.901522,10,49.282797
-1.867025,11,49.71274
-0.695819,12,50.156866
-0.324205,14,50.720469
-0.378337,13,51.186184
-1.062084,11,51.583482
-0.423407,13,52.106102
-0.964404,12,52.625017
-1.33315,12,53.121244
-0.608925,12,53.627374
-0.304504,12,54.164186
-1.676729,11,54.592578
-1.11748,11,54.998257
-2.195493,11,55.443968
-2.018644,10,55.812814
-2.072542,11,56.202139
-2.254333,10,56.579342
-2.426713,10,56.960543
-1.234979,12,57.378568
-0.872596,11,57.787401
-1.824227,11,58.213426
-1.762372,11,58.630775
0.247136,14,59.147271
-1.074254,12,59.555998
-0.8002,12,59.990137
-0.840375,11,60.395213
-0.357149,13,60.865957
0.231917,16,61.405817
-0.501726,12,61.791558
-1.602587,11,62.15012
-0.273544,13,62.56512
-1.404902,11,62.922543
-0.999573,11,63.256136
0.219628,14,63.701658
-0.619988,13,64.103852
-1.507369,12,64.489738
-0.734117,11,64.842703
-0.023736,13,65.257516
-2.141478,10,65.575686
-1.319675,12,65.957612
-0.834702,12,66.336861
-1.088575,12,66.724884
-0.096525,14,67.168196
0.605935,15,67.635269
-1.739603,11,68.079849
-0.994463,11,68.657953
-0.456843,12,69.040679
-0.835507,11,69.405607
-0.503085,13,69.884788
-1.556838,11,70.259143
0.138283,12,70.655476
-0.788176,12,71.054143
-1.061075,12,71.430192
-0.957066,11,71.785259
-1.2135,11,72.149738
-0.531691,12,72.512931
-1.110623,12,72.897868
-1.007768,11,73.246212
-1.275643,12,73.772533
0.460172,14,74.367232
-0.449816,13,74.771877
-0.506018,12,75.201433
-1.704283,11,75.58346
-0.872256,12,76.015095
-1.378544,12,76.448892
-1.345384,11,76.889895
-0.127738,12,77.344548
-1.788801,11,77.733672
-0.392281,13,78.257835
-0.501723,13,78.74442
-0.805947,12,79.217017
-1.741756,11,79.776154
-0.91527,12,80.498839
-2.523276,9,80.817744
-2.809405,10,81.183326
0.827827,14,81.697381
-0.558602,13,82.177499
-0.469529,13,82.635707
-0.19773,13,83.089356
-0.690781,12,83.470236
-0.385189,14,83.912331
0.812007,14,84.361875
0.079712,13,84.785265
-1.288932,11,85.140198
0.752814,14,85.586443
-0.987459,12,85.998028
-0.661162,13,86.534294
0.262515,14,87.152506
-0.26993,12,87.538653
-0.324784,14,88.056046
0.080103,13,93.488772
-0.752733,13,93.942474
-1.631334,11,94.286764
-0.318667,13,94.692892
1.345115,16,95.198882
-0.126116,13,95.612217
-0.566066,13,96.042247
-0.211332,12,96.413799
-0.036499,14,96.849151
-0.362204,12,97.25463
-0.128214,14,97.71139
-1.203133,11,98.069376
-2.258156,10,98.454923
-1.162469,12,99.047081
-1.043944,12,99.448684
-0.191705,14,99.951958
-2.241895,10,100.335346
-0.501653,12,100.784279
0.027743,14,101.303156
-0.589775,12,101.738818
-1.667521,11,102.117693
-1.009012,12,102.553196
-1.044729,12,103.013587
-1.256961,11,103.459437
-1.091428,13,103.978091
-1.429408,11,104.380499
-0.034926,12,104.830212
-1.591716,11,105.23964
-1.80145,10,105.620737
-1.090715,11,106.004331
-0.418002,13,106.439864
-0.185382,12,106.80959
-1.216877,13,107.21392
-0.337606,13,107.619351
-0.452595,12,108.005612
0.005977,14,108.450401
-1.511786,11,108.857079
-0.287681,12,109.311359
-0.168315,14,109.788723
-0.890492,12,110.200352
-1.151871,11,110.591923
-0.680353,12,111.03
-1.502401,12,111.483824
-1.049589,11,111.932126
-1.04593,12,112.383174
-0.832377,12,112.841261
-1.687106,11,113.23323
-1.469136,11,113.637885
-0.281014,13,114.143769
-0.951712,11,114.546807
-0.837703,12,115.007894
-2.175658,10,115.403228
-2.292113,11,115.803576
-0.266388,12,116.243879
0.020737,14,116.766755
-1.678762,10,117.147574
-0.444425,13,117.63625
-0.508566,12,118.105788
-0.446352,12,118.650645
-0.304346,13,119.327094
-0.877331,12,119.736539
0.211234,14,120.19792
0.492016,14,120.689644
-0.455594,12,121.123267
-2.118426,10,121.502512
-0.421781,13,121.950358
-1.862208,11,122.356153
-1.267194,11,122.717814
0.219442,13,123.180268
0.404734,14,123.658112
-0.944585,12,124.053367
-1.260055,11,124.415313
-1.375554,11,124.775867
-0.345473,12,125.18081
0.494572,15,125.657423
-0.328424,12,126.04724
-0.549704,12,126.438823
-1.750946,10,126.752257
-1.280073,12,127.125633
-0.125824,14,127.586563
-2.016904,10,127.901624
-1.214921,11,128.249904
0.39151,14,128.776479
0.077503,14,129.554468
-2.275488,11,129.897727
-0.581488,12,130.351174
-0.601874,12,130.783506
0.39507,14,131.291384
-1.718675,11,131.680299
0.02584,12,132.119788
-2.565628,9,132.443874
-0.031081,14,132.94035
-1.148443,12,133.355996
0.246833,14,133.831865
-2.364189,10,134.163929
-0.059937,14,134.694552
-1.340443,11,135.087397
0.490043,14,135.57319
0.173223,13,136.03426
-1.735397,10,136.38629
-0.174371,14,136.894949
0.181442,13,137.385248
-1.499462,12,137.815266
-0.394338,13,138.276367
-0.922118,13,138.697682
-0.630369,12,139.080901
-1.884238,11,139.430693
-0.542966,14,139.890294
-0.479433,12,140.276291
-1.82784,10,140.627475
-1.127341,11,140.981203
-0.279478,13,141.397662
0.072727,14,141.849546
-1.711705,11,142.19775
-0.773795,13,142.622364
-1.231619,12,143.017436
-1.216875,12,143.3964
-1.2958,11,143.750768
-0.857332,12,144.138551
-0.524839,12,144.528872
-1.171695,12,144.902639
-0.467389,12,145.264157
-1.094145,12,145.646277
0.137784,13,146.061595
-1.251422,12,146.429576
-0.099458,14,146.89619
-0.400094,13,147.494407
-0.984239,13,148.10659
-0.577683,13,148.69239
0.370691,14,149.291352
-0.597827,12,149.707928
-1.121027,12,150.13564
-2.000959,11,150.568895
-0.706305,13,151.058963
-1.117121,12,151.503012
-0.239671,13,151.976949
-1.039847,12,152.41395
-0.469526,12,152.827815
-0.751634,12,153.27737
-1.233038,11,153.677869
-0.981183,12,154.136464
-2.282523,10,154.526495
-1.685737,11,154.982252
-1.557126,11,155.411216
0.69272,14,156.06166
-2.055244,11,156.630712
-1.648788,11,157.068836
-1.431188,11,157.468278
-0.663871,12,157.894707
0.107044,14,158.408406
-1.327506,13,158.931391
-1.508289,11,159.350547
-0.94915,13,159.838737
-0.626869,12,160.276091
-1.659071,11,160.689448
-0.671093,12,161.143039
-0.183114,13,161.609894
-0.849977,11,162.013671
-0.634402,12,162.487053
-1.563489,12,162.942094
-0.871536,13,163.418032
-1.448737,11,163.821471
-1.549514,12,164.257789
-1.855038,11,164.695268
-1.347463,12,165.149519
-0.805861,13,165.6446
-0.043535,13,166.09986
-2.271258,10,166.463211
-0.848492,12,166.841762
-0.184019,12,172.187387
-1.96773,11,172.560698
0.106207,14,173.005517
-0.596116,13,173.415788
-0.041685,16,173.923234
-1.456422,12,174.30785
-0.497281,14,174.748265
0.083846,13,175.146396
-1.291043,11,175.491832
-1.275731,13,175.918471
-0.568798,13,176.340691
-0.832934,12,176.722144
-1.634892,11,177.073297
-1.013849,12,177.475278
0.239986,14,177.915233
-1.490665,11,178.280268
-0.954294,12,178.654425
-2.013918,10,178.969345
-1.565074,11,179.315495
-2.384472,11,179.657698
-1.366618,11,180.019783
-1.086197,12,180.400953
-0.876239,13,180.83381
-1.336777,11,181.184864
-0.686809,12,181.669903
-0.849139,13,182.257398
-0.986002,12,182.783391
-0.698703,13,183.233583
-1.116018,12,183.654899
-2.302673,10,184.047925
-0.70125,12,184.503401
-1.418858,11,184.919899
-1.272669,11,185.334589
0.262387,14,185.874696
-0.705511,13,186.34552
-0.331227,14,186.852506
-0.298929,15,187.379551
-0.430169,13,187.825511
-0.008469,14,188.323525
-1.080125,14,189.118713
0.572609,15,189.612482
-0.575421,13,190.06664
-1.191586,11,190.452495
-1.144476,12,190.889059
-0.568627,13,191.346681
-0.222642,13,191.801755
-1.189492,13,192.276013
-0.490985,12,192.700937
-0.669893,12,193.119728
-0.595843,14,193.623369
-0.259939,14,194.238864
-1.514274,11,194.690209
-0.599951,12,195.168838
-0.010778,15,195.694792
-2.142361,10,196.074115
-1.894693,10,196.455656
-0.54508,14,196.951304
-0.15169,13,197.433995
-0.338128,13,197.921692
-0.955255,13,198.415252
-1.530839,12,198.869288
0.444618,15,199.423443
0.055988,14,199.91371
-1.515263,11,200.287303
-2.280017,10,200.647132
-1.734189,11,201.057467
-0.831015,12,201.440013
-2.572863,10,201.76529
-1.383926,12,202.148345
-1.096032,11,202.493092
0.052676,14,202.951711
0.291451,15,203.437639
-0.543268,13,203.854108
-0.783838,12,204.24631
-0.734174,13,204.656126
0.008077,15,205.129441
-0.24311,14,205.561887
1.017105,16,206.071796
-0.438105,14,206.534125
0.060236,15,207.174083
-1.598667,11,207.673235
-0.162798,15,208.214635
-0.921266,12,208.628882
-0.658952,13,209.10417
0.283227,13,209.578336
-1.439011,11,209.970042
0.14225,13,210.484364
0.771837,15,211.025723
0.521766,15,211.594904
-1.510097,12,212.042209
-0.934309,12,212.473368
-1.40415,12,212.9137
-1.29356,11,213.306784
-1.111688,11,213.704336
-1.80716,11,214.100819
-2.359177,11,214.503634
-0.628457,13,214.920987
-0.426161,13,215.34018
-0.704853,13,215.746568
-0.310963,14,216.202116
-0.928765,13,216.615107
-0.620106,13,217.017617
-1.670208,11,217.371307
-0.737534,14,217.827467
-1.891801,11,218.183443
0.61772,15,218.747012
-2.405417,9,219.170089
-2.50922,10,219.640955
-0.672107,12,220.071429
-1.253672,12,220.463165
-0.242499,14,220.973438
-0.821314,13,221.470143
0.212686,14,221.938543
-1.928333,11,222.310555
-0.807883,12,222.925212
-0.948142,12,223.30139
-0.901898,13,223.744781
-1.360905,11,224.094208
-1.543411,12,224.528799
-1.083507,13,224.985552
-0.342186,13,225.459523
-0.658001,13,225.912539
-0.823753,13,226.32309
-1.222771,13,226.733566
0.683523,16,227.243752
-1.488996,11,227.775481
-1.712117,11,228.285596
-1.943421,10,228.596715
-1.256795,12,229.000536
0.285587,14,229.504303
-2.436404,10,229.887888
-0.719928,12,230.343043
-0.555003,14,230.846007
-1.481437,11,231.276686
-0.96414,12,231.769612
-0.699921,13,232.24378
-0.753342,12,232.68103
0.056583,17,233.321473
-1.756163,11,233.749427
-1.529049,11,234.210872
-0.238592,14,234.817961
-0.631577,13,235.409339
-0.165431,14,235.993457
-0.650462,12,236.421797
-0.638348,12,236.870592
-0.706564,13,237.368568
-0.799271,12,237.795423
-0.803498,12,238.240529
-1.058914,13,238.736157
0.453067,16,239.383663
-0.155886,14,240.013593
-1.499734,11,240.480208
-0.460429,14,241.035129
-1.709462,12,241.470878
0.689497,14,241.976384
-2.356488,10,242.332321
-0.745044,13,242.777756
-0.559531,13,243.228375
-1.151237,12,243.659211
-1.110809,12,244.199318
-0.64494,12,244.79633
-1.767175,10,245.203366
-0.864413,11,245.586157
-1.185632,12,251.135093
-0.862934,12,251.528352
-0.891499,13,251.989225
-1.372286,13,252.457245
-0.761878,13,252.927994
-1.042503,12,253.361522
-2.196847,11,253.757518
-0.778347,13,254.243754
-1.243875,12,254.710271
-0.181772,14,255.181571
0.287206,14,255.63417
-1.157721,13,256.042754
-1.985918,11,256.402899
-0.570087,14,256.83739
-0.865615,13,257.259741
0.141322,16,257.760101
-1.868625,11,258.114769
0.058739,14,258.555986
-1.11718,12,258.931071
-1.269651,11,259.266921
-1.583075,12,259.652017
-2.455746,11,260.007023
-1.016736,12,260.409202
-0.534397,13,260.825031
-1.007549,13,261.2467
-1.044283,13,261.659436
-1.910468,11,262.004564
-1.58091,12,262.399579
-1.536901,11,262.75861
-1.533118,12,263.148658
-0.659885,13,263.56433
-1.500837,11,263.912117
-0.212917,13,264.325262
-0.510306,13,264.751287
0.076782,14,265.200477
-2.318188,11,265.574335
-1.172271,12,265.965913
0.566857,14,266.405458
-1.342684,11,266.765402
-1.578277,11,267.128961
-0.119394,13,267.545658
-0.704298,15,268.313931
-1.836027,11,268.709346
-0.299443,14,269.173926
-0.820589,13,269.670638
-0.328173,14,270.172816
0.101939,14,270.624315
-1.559467,11,270.992609
-0.254612,14,271.421947
-1.040104,12,271.804574
-1.118236,12,272.200695
-2.104019,11,272.547365
-0.661012,13,273.094984
-0.092129,14,273.703508
-1.087535,12,274.124874
-0.798668,13,274.561582
-1.832403,11,274.999836
-0.578574,12,275.457673
0.052163,15,276.011271
-1.903607,11,276.551488
-1.240021,12,277.170755
-1.205583,14,277.775736
0.327542,15,278.402426
-0.897197,13,278.85562
-0.433489,13,279.297071
0.083079,13,279.753883
-1.314324,12,280.173553
-1.447076,11,280.631055
-0.737201,12,281.181831
-1.067941,12,281.628747
0.673839,14,282.136233
-0.462624,13,282.647329
-0.198165,15,283.184534
0.416952,15,283.720363
-1.513972,12,284.247088
-1.216367,12,284.820031
-1.662955,12,285.339959
0.404851,16,285.913889
-1.571832,12,286.360538
-0.364917,14,286.86078
-2.195071,12,287.286604
-0.803735,12,287.703995
-0.386852,13,288.199933
-1.31872,12,288.61338
-0.94674,13,289.071546
-0.206631,13,289.549399
-0.500076,15,290.089209
-0.333994,13,290.572212
-0.245472,14,291.070938
-1.843544,12,291.512412
-1.251558,12,291.969154
-1.991657,11,292.313141
-1.595958,12,292.698225
0.247507,13,293.093293
-0.545023,12,293.465975
-0.137581,14,293.906507
-1.276491,11,294.248642
-0.439027,15,294.724433
-1.942377,10,295.066049
-1.348998,12,295.599335
-0.711965,11,296.046826
0.465676,15,296.528884
-0.405573,14,297.011294
0.386231,15,297.50554
-1.233757,11,297.879588
-0.934025,13,298.28824
0.122722,14,298.727287
-1.084106,14,299.169895
-0.038812,14,299.613679
-0.673695,12,299.997885
-1.24761,12,300.38866
-1.808654,11,300.732344
-0.465386,13,301.1525
-1.048196,12,301.527672
-1.527987,12,302.011419
-0.747773,12,302.484633
-0.316272,14,302.991192
-1.551759,12,303.396657
-0.408616,13,303.841454
0.418799,15,304.423729
-0.55884,12,304.873444
-0.912134,13,305.324399
-0.549648,13,305.802469
-1.46505,12,306.233835
-0.703062,12,306.622757
0.36828,14,307.208494
-0.333749,14,307.838353
0.476022,16,308.359677
-1.135811,12,308.756549
-0.407874,13,309.190763
-0.683759,12,309.595924
-1.125175,13,310.035156
-0.393921,15,310.49853
-0.569548,13,310.927588
-1.932826,11,311.296894
-0.678655,12,311.669353
1.07158,15,312.135248
0.210993,15,312.820809
-1.566594,11,313.179157
-1.792462,10,313.530759
-1.520178,12,313.975171
-1.758635,11,314.37506
-0.328041,15,314.949088
-0.54734,14,315.419925
-1.458486,12,315.839166
-0.848637,12,316.295506
-0.373283,14,316.803027
-1.635894,11,317.184752
-1.904816,11,317.568548
-1.665452,12,317.96245
-2.222481,11,318.307652
-0.865835,12,318.835468
-0.756045,13,319.342253
-1.299838,11,319.693594
-1.72608,12,320.10935
-0.856504,13,320.558703
-0.344415,13,321.018381
-0.825591,13,321.682436
-0.768647,14,322.312696
-1.609401,12,322.711088
-0.903534,13,323.151697
-1.142696,13,323.625541
-0.562992,14,329.079262
0.272352,15,329.555939
-0.436838,14,329.989775
-0.767858,13,330.392133
-1.196541,13,330.807711
-0.387341,13,331.218755
-2.018771,12,331.588608
-0.434207,15,332.041898
-0.520614,13,332.447088
-1.158664,13,332.855192
-0.860648,13,333.261057
-0.235648,13,333.669152
-0.100183,14,334.107961
0.205142,15,334.592437
-1.571278,11,334.948263
-0.860149,13,335.610338
-1.526748,11,336.16387
-0.07328,14,336.798491
-0.782354,13,337.35327
-1.337864,12,337.795917
-1.619084,12,338.19596
-0.806422,13,338.672185
-1.315124,13,339.134486
-1.120909,12,339.587589
-0.778445,14,340.049919
-0.109956,14,340.514062
-1.070045,13,340.96202
-0.345326,13,341.432816
-0.888778,13,341.875919
-1.942832,11,342.252514
-0.731277,13,342.698408
-1.66609,12,343.144228
-1.260049,12,343.597884
-1.655486,11,343.988874
-0.064142,14,344.556024
-0.938607,14,345.12635
-0.404236,14,345.722999
-0.715315,14,346.372249
-0.072103,16,346.907326
-0.422498,15,347.444364
-1.585524,13,347.942243
-1.560602,12,348.387382
-0.028723,13,348.868489
-0.373096,13,349.344518
-0.794361,11,349.748033
-0.467069,13,350.186394
-0.738798,13,350.643307
-0.742547,14,351.080292
-0.721063,13,351.480605
-1.138394,12,351.861561
0.188281,15,352.340935
-0.152279,14,352.780164
0.500184,15,353.25703
-1.090001,12,353.633959
-0.313279,13,354.031544
-0.195083,14,354.449589
-0.970102,12,354.805422
-0.715867,13,355.213043
0.094668,15,355.676683
-0.133487,13,356.086582
-1.78833,12,356.462561
-1.042821,12,356.843514
-0.940773,12,357.222018
-0.6477,13,357.631651
0.026312,14,358.079948
-0.611807,13,358.489099
-0.508621,12,358.864975
-1.216214,13,359.266654
-1.452043,12,359.649474
-1.423809,12,360.140698
-1.219213,12,360.662767
-0.648243,14,361.113741
-0.483859,14,361.627314
-1.207317,12,362.054393
-0.420342,13,362.548272
0.555543,16,363.118335
-0.971648,12,363.576007
-1.791884,11,364.018179
-1.877173,12,364.598153
0.653943,17,365.348892
-0.215474,13,365.808249
-1.564653,13,366.274883
-1.512965,11,366.678108
-1.014582,12,367.121321
-0.412318,14,367.619869
-0.566777,15,368.13133
-0.828659,13,368.577727
-0.476577,13,369.040773
0.560727,15,369.644421
-1.622757,11,370.262393
-1.515634,12,370.704865
-0.373898,13,371.168749
-1.34496,12,371.580419
0.153853,16,372.16495
0.61831,15,372.68409
-0.789065,12,373.078569
-0.497541,13,373.522845
-0.513225,14,373.95644
0.103207,13,374.370456
-0.703977,13,374.77511
-1.034495,12,375.154719
-1.406526,11,375.483646
-0.272154,14,375.949279
-1.623444,11,376.298137
-1.678717,10,376.616374
-0.602663,14,377.058283
-1.116191,12,377.434021
-0.536433,14,377.878907
0.830867,17,378.408201
-0.576713,15,378.87774
0.331789,15,379.344324
-0.263347,12,379.849604
-1.144275,13,380.441239
-0.377536,13,380.870107
-2.131279,11,381.280043
-2.394465,10,381.643976
-0.617472,12,382.191408
-0.933831,13,382.809464
-1.543866,11,383.17599
-1.408733,11,383.553491
-1.378999,13,384.021893
-1.669597,12,384.499962
0.064731,15,385.062266
-0.345154,14,385.562514
-0.860662,12,385.950708
-0.305734,13,386.399482
-1.714351,12,386.811359
-0.936785,12,387.204537
-1.385972,13,387.611911
-0.352529,15,388.257963
-0.056671,13,388.758644
-1.350573,12,389.121426
0.209876,15,389.587549
-0.717356,14,390.011498
-1.368183,12,390.63336
-0.342742,14,391.119848
0.24888,14,391.596094
-1.499917,12,392.019598
0.126512,13,392.47106
-0.076081,13,392.915971
-1.030195,12,393.356186
-0.992325,12,393.814734
-0.820642,13,394.294943
0.27857,15,394.840764
-0.982323,13,395.300994
-0.091075,13,395.743042
-0.030883,13,396.250109
0.68439,14,396.763291
-0.792801,13,397.236727
0.033231,15,397.789013
-0.351413,13,398.297887
-0.787275,12,398.949688
0.878094,17,399.663094
-0.745142,13,400.126058
-0.78787,13,400.614913
-0.816796,12,401.205512
-1.555093,11,406.752656
-1.363387,12,407.201974
-0.656811,13,407.693237
-1.097414,12,408.132819
-0.815666,14,408.619847
-0.502879,13,409.073903
-0.082247,14,409.580748
-0.673071,14,410.074881
1.131063,18,410.712402
1.055251,19,411.340782
-0.870097,13,411.81651
-0.19779,14,412.298966
-0.887997,13,412.774043
0.176267,13,413.178049
-2.202891,11,413.515374
-2.115415,11,413.883647
0.141164,15,414.352522
-0.658802,13,414.778036
-0.265714,14,415.22838
-1.66044,12,415.733723
-1.630783,10,416.209416
-0.308976,14,416.654009
-0.780066,13,417.093618
-0.315539,14,417.558351
-0.558367,15,418.060297
0.448557,15,418.598299
-0.934616,13,419.017341
0.750103,16,419.603517
-0.25455,15,420.107878
0.111694,14,420.578696
-0.341905,14,421.014989
-0.711215,13,421.425673
-1.181449,11,421.769995
-0.211328,13,422.19553
0.257739,15,422.687042
-0.513372,14,423.121487
-0.409121,14,423.562666
-1.558711,13,423.971059
0.30463,16,424.483723
-1.164248,12,424.858419
-0.138615,14,425.318411
-1.497632,11,425.68504
-1.412499,12,426.056451
-0.809464,13,426.482714
-0.960838,12,426.860845
-0.847223,13,427.285309
-1.420487,12,427.66025
-1.277291,13,428.076792
-1.117194,12,428.450434
-0.991323,14,428.89084
-0.448476,13,429.326273
-1.283278,12,429.962611
-0.672094,13,430.631317
0.737823,16,431.36185
-1.003897,12,431.77872
-1.618931,11,432.160871
-0.896266,14,432.702471
-1.281734,13,433.18898
-1.101356,11,433.589823
-0.431147,13,434.165138
-0.364486,15,434.798825
-2.157855,10,435.162728
-0.026245,15,435.714218
0.186848,15,436.314408
-0.33204,12,436.791371
-0.806637,13,437.28585
-0.060476,14,437.846887
-1.196718,12,438.276162
-0.141059,15,438.806917
-0.271914,13,439.298795
-1.968256,11,439.674239
-0.964963,14,440.162331
-1.526718,11,440.528464
-0.034859,14,441.02524
-1.333765,13,441.504598
-1.14876,13,441.931945
-0.056612,15,442.501081
-0.708239,13,442.954692
0.296727,15,443.454161
0.065625,16,443.958916
0.416981,16,444.447093
-1.461968,12,444.829423
-0.597436,13,445.235688
-1.987154,11,445.584383
-2.358818,11,445.950567
-1.360297,12,446.324309
-0.485844,14,446.764812
-0.432781,14,447.223995
0.186435,14,447.815302
-0.92805,15,448.33827
-1.397951,13,448.866937
-0.149788,14,449.603238
-0.208918,14,450.116887
-1.555335,12,450.575485
0.055276,15,451.161674
-0.748518,13,451.689517
-0.002918,16,452.266762
-1.119409,12,452.700207
-0.015064,13,453.197247
-0.927913,12,453.667927
-1.874297,11,454.09402
-1.170517,13,454.579654
0.222192,14,455.090715
-1.405854,11,455.47286
-1.764212,11,455.890936
0.399325,15,456.442092
-0.292435,14,456.96683
-1.087218,13,457.459145
-1.893385,10,457.806879
-1.376651,12,458.178039
-1.319053,13,458.598003
-0.50314,14,459.035878
-0.222553,14,459.486923
-1.319369,12,459.870821
-0.321105,13,460.284305
-1.543276,13,460.696053
0.869173,16,461.18828
0.263886,14,461.637009
-1.277609,12,462.015312
-0.970825,14,462.440245
0.409242,14,462.878815
-0.849503,13,463.29125
-1.548702,12,463.671529
-0.332761,13,464.092303
-2.169993,10,464.405489
-1.43495,12,464.801296
-1.598456,12,465.180438
0.776483,17,465.71796
-0.602333,13,466.119147
-0.494135,14,466.574544
0.488887,17,467.424475
-0.276055,16,467.976408
0.044494,14,468.584448
-0.502018,13,469.173298
-0.221907,15,469.734274
-0.601304,13,470.254104
-0.519456,15,470.826193
0.343185,14,471.358941
-2.16097,11,471.778523
0.352215,14,472.278877
-0.714542,13,472.745637
-0.977582,12,473.200118
-1.004697,14,473.729496
-1.615026,12,474.168513
-0.218583,15,474.731788
0.198378,17,475.373048
-1.121131,13,475.853663
-1.469558,12,476.284199
-0.131647,13,476.740863
-0.141393,15,477.293215
0.486309,15,477.869995
-0.468952,13,478.431288
0.066013,14,479.170084
-0.985291,12,479.614861
-0.752542,14,485.111059
-1.81326,12,485.513388
-0.303922,14,485.949556
-0.808186,13,486.357455
-1.728971,12,486.744328
-1.010196,13,487.160284
-0.254649,15,487.632265
0.201942,17,488.158416
-2.146432,11,488.497425
-2.125149,10,488.816192
-0.551877,14,489.254962
-1.825598,11,489.609882
-0.270326,13,490.014649
-0.152749,15,490.490444
0.074012,15,490.981541
-0.667737,14,491.418543
-1.20038,14,491.863091
-0.995396,13,492.285535
-0.507495,15,492.763995
-0.440728,13,493.177137
-1.176691,12,493.549632
-1.002663,13,493.966297
-1.100298,11,494.319133
-1.222302,13,494.739698
-1.147925,12,495.125579
-1.134833,14,495.577198
0.166132,15,496.045501
0.206507,17,496.720555
-1.372789,13,497.222836
0.166221,16,497.822501
0.092127,15,498.358453
-0.420673,14,498.877981
0.347965,13,499.370866
0.083076,13,499.904453
-1.064712,13,500.559284
-0.667702,13,501.187252
-1.22837,13,501.713418
-0.21799,14,502.222205
-1.601357,11,502.636164
0.089757,14,503.185707
-1.176623,12,503.673074
-0.164655,15,504.242567
-1.308307,13,504.7533
-1.833888,12,505.218297
-0.503769,14,505.761222
-1.288111,12,506.249297
-1.010558,13,506.763534
0.772189,15,507.372623
0.739774,16,508.003794
-1.236713,12,508.45266
-1.406928,13,508.933134
-0.643094,14,509.376215
0.093694,16,509.867123
0.091142,14,510.294578
-0.758218,13,510.701806
-0.302314,14,511.136146
-0.928135,13,511.530938
0.32454,15,512.025696
-1.079627,12,512.394439
-1.059289,13,512.809208
-0.369159,15,513.276666
0.140824,15,513.734686
-0.208623,15,514.198627
-1.12828,13,514.596813
-0.430621,14,515.045628
-1.161545,12,515.412008
-0.693446,13,515.823428
-1.182126,13,516.229306
-0.016865,14,516.662931
-0.444653,14,517.107193
-0.772117,14,517.557976
0.274024,16,518.071179
-0.373341,14,518.515656
-1.586723,11,518.873526
-0.039578,15,519.347986
0.246321,15,519.819099
-0.047883,14,520.290578
-0.172165,16,521.112318
-1.498612,12,521.602716
0.423221,15,522.114552
-1.808216,11,522.502425
-0.394495,16,523.08479
-0.214893,15,523.613379
-0.284695,13,524.085548
0.231387,14,524.578616
-0.421263,14,525.014448
-0.523183,14,525.458609
-0.714925,12,525.831503
0.221996,15,526.296412
-0.786949,13,526.711728
-0.005113,15,527.177424
-1.487896,12,527.586527
-1.491348,13,528.061767
-0.622976,13,528.790448
-0.138649,15,529.300512
-0.674364,12,529.759728
-1.656591,13,530.242136
-1.656194,12,530.701463
-0.954328,13,531.197621
0.202472,15,531.728018
-0.187327,15,532.281698
0.017118,14,532.795245
-1.130156,13,533.224428
-0.416426,14,533.673502
-1.777391,12,534.050128
-0.502119,14,534.498652
-1.09619,13,534.929862
-1.088345,12,535.33134
-0.399124,13,535.740707
-0.384841,14,536.197622
0.15835,16,536.710441
0.570917,17,537.356376
-0.488583,15,537.986463
-1.949365,11,538.336051
-0.333458,14,538.851351
0.091357,14,539.317836
-0.893318,14,539.807758
-0.971842,13,540.241486
-2.691286,10,540.552429
0.444081,14,540.995375
-0.423425,14,541.437267
-1.258277,13,541.850296
-0.136258,16,542.366673
-1.624527,11,542.724044
-1.178676,12,543.113297
0.284694,15,543.606869
-0.116416,14,544.061396
-1.903236,11,544.41785
-1.668103,12,544.800968
0.015448,15,545.271709
0.148683,15,545.835538
-1.346392,13,546.469052
-1.797755,10,546.787734
-0.734497,14,547.316931
-0.069784,15,547.922273
0.122754,15,548.505241
-1.166319,13,549.12897
-1.600796,12,549.703732
0.104397,13,550.260525
0.058464,15,550.862764
-0.155988,15,551.446636
-0.916637,14,552.015142
-0.454797,12,552.483473
-0.19955,15,553.066125
-1.319684,12,553.535209
-1.251307,12,553.990489
-0.475553,14,554.480959
-1.222244,12,554.941788
-0.45117,14,555.441987
-2.252035,10,555.83439
-1.246594,13,556.301343
-0.606372,14,561.816341
-1.149592,13,562.227564
-0.479259,14,562.677104
0.033483,15,563.159397
-0.5402,13,563.573344
-1.015413,14,564.011223
-1.173028,14,564.478155
-1.138981,14,564.906174
-0.310684,15,565.398014
-1.628717,11,565.733233
-0.316523,13,566.142114
-1.261515,13,566.553743
-1.834097,12,566.946886
0.465119,15,567.399182
-0.783084,15,567.869792
0.634069,16,568.397009
0.474567,16,568.895041
0.455299,16,569.392363
-0.815016,14,569.824219
-1.14534,12,570.195685
-0.230302,16,570.677078
0.755257,16,571.168212
-0.952933,13,571.565419
-0.82633,13,571.966259
0.553759,18,572.540249
0.400509,15,573.00905
-0.249139,15,573.485207
-1.432186,12,573.866726
-0.772395,14,574.295198
-0.695232,13,574.686026
0.828605,19,575.58165
-0.351254,15,576.081759
-1.300483,14,576.664781
-1.625766,12,577.145512
-1.211402,14,577.783392
-1.728425,12,578.271142
-1.862395,12,578.772136
1.195458,17,579.411123
-0.489111,15,579.997242
0.493564,16,580.710516
-0.476469,15,581.327218
-0.424208,14,581.896562
-1.020454,14,582.428163
-0.682211,14,583.002292
-1.934289,12,583.463311
-0.719251,14,584.001988
0.396307,16,584.657966
0.052927,15,585.235844
-1.021192,13,585.751055
-0.11103,16,586.323882
-0.605349,14,586.861819
-0.89723,13,587.331017
-1.175119,12,587.813867
-0.604481,15,588.353723
-0.743533,12,588.83236
-0.363695,15,589.399197
-0.739719,14,589.953442
-0.189381,14,590.488974
-1.729401,12,590.95042
-0.642719,13,591.441531
0.310706,17,592.089577
-0.771845,13,592.488445
-0.321776,15,592.951614
-0.180589,15,593.421372
-1.134927,12,593.780312
-1.896334,12,594.156354
-0.747862,14,594.588925
-0.557795,14,595.028524
-2.130614,11,595.393522
-0.060218,15,595.853576
-1.507772,13,596.265282
-0.574804,14,596.723572
0.609097,16,597.208542
-0.424062,16,597.69542
-0.134419,13,598.09159
-1.820784,12,598.459956
-1.209068,14,598.894762
-0.576255,13,599.303056
-0.865832,13,599.692511
-0.501848,13,600.099092
-0.698658,14,600.533875
-1.329757,13,600.943552
-0.112132,15,601.416737
-1.057256,15,601.88974
-0.520315,14,602.331046
0.70521,15,602.7831
-0.367328,16,603.284744
-0.754089,14,603.703268
0.201849,17,604.222254
-0.874446,12,604.59507
-0.503413,14,605.020854
-1.127852,13,605.439929
-0.292385,14,605.865887
-0.547045,16,606.373534
-0.738425,14,606.804203
-0.858897,13,607.19867
-0.120107,14,607.62847
0.442952,17,608.265892
-1.581317,12,608.906679
0.331611,18,609.534119
0.038765,17,610.217117
0.174416,17,610.865573
0.067658,16,611.462941
-0.073213,15,612.046293
0.241884,16,612.621618
-0.420982,14,613.056259
-1.079327,13,613.638816
0.262861,15,614.287631
-0.42631,15,614.837771
0.048275,16,615.390736
-0.246412,13,615.891105
-1.44114,12,616.336868
0.719238,17,616.977439
0.296175,16,617.554382
-0.094058,15,618.090271
0.549707,17,618.672951
-1.299016,13,619.054323
-2.42528,11,619.389415
-1.083568,13,619.801538
-0.979358,12,620.180476
-1.923903,11,620.543297
-0.74405,14,620.980732
-1.135836,12,621.345323
-0.792224,13,621.744756
-0.951259,14,622.182528
-1.964736,12,622.564727
1.246123,20,623.172349
-0.386409,15,623.829517
-0.547686,14,624.368893
0.439484,15,624.89315
-0.919894,13,625.436168
-1.123701,13,625.949199
-0.204287,17,626.613168
-1.276381,13,627.11626
-1.71998,13,627.612626
-0.656482,14,628.123799
-1.774935,13,628.625369
0.185386,14,629.051684
-0.907194,13,629.448263
-1.261296,14,629.88047
-1.053075,13,630.284475
-1.2891,12,630.649948
-1.702263,13,631.065001
-2.02364,11,631.545757
-0.666189,14,632.152684
-0.791376,13,632.719018
-2.410666,10,638.105225
0.39109,16,638.616966
-1.285925,13,639.017051
-0.030075,15,639.490751
-1.460473,13,639.883046
-1.371003,13,640.285002
-0.301441,15,640.765728
-0.637024,14,641.236141
-0.360592,15,641.708852
-0.472611,16,642.218869
-0.383777,13,642.64468
-0.248408,15,643.12084
0.524288,17,643.692326
-0.287921,17,644.215482
0.306427,16,644.71627
0.578951,17,645.258889
-0.919747,15,645.724575
-1.029204,14,646.320536
-0.589796,15,646.994799
-1.440652,13,647.43008
0.322619,19,648.196216
-1.2012,14,648.801058
0.942994,17,649.468674
-0.315446,15,650.074434
1.129001,18,650.778191
0.28741,18,651.456183
-1.374049,13,651.966392
-0.966149,15,652.562405
0.916167,16,653.158442
0.073978,16,653.694002
0.575585,15,654.1754
0.033662,17,654.716075
-0.113756,16,655.235075
1.969199,20,655.86787
-0.818457,15,656.339224
0.227761,15,656.818543
0.150749,15,657.308822
-1.51104,13,657.720402
0.022602,16,658.221787
-1.738663,12,658.607915
-0.939121,14,659.043511
-1.058094,13,659.44246
-0.11641,15,659.910706
-0.150462,15,660.382854
0.263321,15,661.107459
-1.116328,12,661.731703
-1.47795,13,662.167762
0.082448,15,662.726291
0.509507,16,663.295491
0.941298,16,663.878228
-0.663151,15,664.413924
-0.88519,15,664.976746
-1.771576,12,665.398962
0.052201,16,665.978715
-0.095198,18,666.633928
-2.027459,12,667.066941
-0.068916,16,667.685688
-1.393538,14,668.110311
-1.251283,14,668.544144
-0.441015,16,669.033469
-1.356485,12,669.395534
-0.372866,14,669.842478
-0.127501,16,670.337842
-1.481991,12,670.697508
0.251587,17,671.236125
0.587538,19,671.841635
-0.145459,16,672.572983
-0.842906,14,673.05831
-2.22161,11,673.454259
0.271644,15,674.027768
1.201633,18,674.738787
-0.805771,14,675.2792
-1.630806,13,675.76553
-0.155873,15,676.350599
-0.404509,15,676.939234
-0.216743,15,677.499403
-0.54345,12,677.972397
-0.967308,13,678.467507
-0.596663,15,679.032919
0.068639,15,679.628442
0.906668,20,680.383886
-0.39345,15,680.858713
-0.309655,15,681.317962
0.046326,16,681.808442
0.501535,17,682.341214
-0.456572,14,682.767794
-0.634707,13,683.15581
0.800297,17,683.703598
0.564575,18,684.260795
-0.531499,16,684.762783
0.361568,16,685.264635
-1.604157,13,685.653975
0.296321,16,686.153888
-1.287592,13,686.595531
-1.664148,12,687.073578
0.259951,17,687.721787
-0.518222,15,688.227701
-1.257367,13,688.727906
-1.591854,13,689.1801
-1.551687,12,689.642128
-0.234691,16,690.206726
-0.635469,14,690.730747
-0.004043,16,691.319242
-0.764646,14,691.845485
-0.115667,15,692.297487
1.535027,17,692.827116
-1.53813,13,693.239205
-0.772643,15,693.727662
-1.602881,14,694.168086
-1.115083,12,694.542709
-0.110318,15,695.008491
-0.941194,14,695.452548
-0.714739,14,695.90864
-0.944215,13,696.316732
-0.266484,13,696.710702
0.65369,17,697.242318
-0.617061,16,697.731091
-0.429219,14,698.165416
0.594932,17,698.815454
-1.012723,15,699.454252
0.481904,16,700.064074
-1.307933,13,700.524281
-0.859727,14,701.080818
0.068605,17,701.726061
-0.439329,18,702.43943
1.203495,18,703.149154
-1.321814,13,703.640874
0.735298,19,704.348285
0.589953,17,704.995085
-1.438562,12,705.450571
-1.663998,14,705.972009
-0.406925,15,706.613038
-0.984371,13,707.196813
-0.324228,16,707.819873
-1.080358,13,708.291056
-0.87722,14,708.793743
-0.746615,15,709.346103
-2.196958,11,714.770768
-1.220047,15,715.272287
-0.545746,14,715.766692
-0.964896,15,716.321711
-1.69826,12,716.75524
-1.039679,14,717.268488
-0.451714,15,717.776123
-1.23356,13,718.213194
-0.538376,14,718.643553
-0.086181,17,719.158905
0.218559,16,719.654763
-0.951441,14,720.096029
-0.140178,15,720.56202
-2.200193,12,720.938362
0.103167,18,721.485837
-0.905612,14,721.926535
-0.537702,15,722.595505
0.468912,17,723.160492
-0.684613,14,723.648947
1.069811,18,724.294581
0.15501,15,724.841991
-0.659395,15,725.370026
-0.580551,14,725.863352
-0.511323,15,726.403535
-0.849004,15,726.943558
-0.710915,14,727.435927
0.536081,16,728.03624
-0.915505,14,728.695615
-0.073086,17,729.4229
-0.553595,15,729.980349
-0.616911,16,730.597212
-1.339367,13,731.077155
-0.400428,15,731.65432
-1.119571,15,732.219495
-0.090887,16,732.851019
-0.430859,15,733.399068
0.18668,17,733.927107
-0.593683,14,734.36217
-0.612645,15,734.824055
0.925691,19,735.414338
0.052006,15,735.878814
-0.733536,13,736.282393
-0.523832,15,736.739918
-0.634292,15,737.194193
-0.969541,14,737.640076
-0.698148,15,738.097033
-0.373525,16,738.588459
-1.72145,13,738.988238
-0.487529,15,739.646209
-1.261039,14,740.174747
-0.799763,15,740.677074
0.263408,18,741.318937
-0.556105,14,741.817635
-0.870509,15,742.373481
-0.350222,15,742.93365
-1.476681,14,743.484977
-1.211151,14,744.149764
-1.288453,13,744.731761
-0.998804,14,745.433187
-1.022968,14,745.948699
-0.894226,13,746.447189
-0.730613,14,746.992491
-0.727492,15,747.578779
-1.042197,14,748.120605
-0.315343,17,748.788296
0.527435,18,749.488632
-1.088067,15,750.046634
-0.720819,14,750.566346
-0.313448,16,751.187281
-0.217163,16,751.788354
-0.14995,16,752.383757
-0.480176,16,752.883326
-1.091642,13,753.285248
-0.196529,16,753.790794
-0.393831,14,754.230478
-0.258652,16,754.727502
-0.947213,15,755.219186
-0.314506,15,755.694098
-0.511804,15,756.151548
-1.808209,13,756.55664
-1.446906,13,756.954983
-0.96822,14,757.404851
-1.935245,13,757.789848
0.592491,18,758.354062
-1.672965,13,758.753898
-1.153125,14,759.183
0.316087,18,759.743095
0.054768,17,760.268749
-0.383632,15,760.721687
-0.533222,16,761.189553
-0.866826,15,761.651026
-0.795404,16,762.252295
-0.620613,15,762.819592
0.093307,18,763.461157
-0.80676,15,764.065183
-1.333785,13,764.56322
-0.774346,15,765.125172
-0.620001,15,765.662122
-0.57687,15,766.217228
0.155559,16,766.79522
-1.058406,15,767.35497
-1.510943,12,767.81834
-0.342256,17,768.404934
-1.162476,14,768.902783
-1.910653,13,769.38999
1.326535,19,770.108732
-0.599226,14,770.764819
-0.37585,16,771.463167
-0.086158,16,772.154166
0.502494,17,772.734639
-0.9171,14,773.282846
-0.817084,14,773.892627
0.042138,16,774.52813
-1.758551,13,775.032779
-1.106479,13,775.500364
1.071374,18,776.154576
-0.538559,14,776.667698
-1.73259,13,777.166663
-1.442287,14,777.667
1.19903,19,778.378732
-1.324647,14,778.895931
-0.359747,16,779.500394
-0.531476,13,780.011446
-0.115172,15,780.510491
-0.313469,15,780.97331
-0.420055,15,781.431584
-0.82563,13,781.844186
0.927007,19,782.418593
-0.006262,16,782.932617
0.186955,17,783.459183
0.669362,16,783.952321
-1.555963,12,784.318688
-1.122655,13,784.735934
-0.828082,14,785.174726
0.228963,18,785.729276
0.722843,18,786.287511
-1.178465,13,786.697617
-0.166819,16,792.098444
-0.174974,17,792.628095
-0.524763,15,793.095465
-1.736159,13,793.507009
-0.665567,15,793.977859
0.047075,14,794.432056
-1.189332,14,794.997316
0.085018,16,795.567841
-0.764985,15,796.211539
-0.166725,16,796.967946
-1.163439,13,797.497492
-1.235321,14,798.036131
0.304586,15,798.595605
0.078219,16,799.200128
0.560087,18,799.886333
-0.455388,17,800.538932
-0.50795,15,801.108209
-1.219972,13,801.647666
-1.29717,14,802.161326
1.052405,20,802.839455
-0.009062,18,803.396124
-0.812965,15,803.868826
-1.255285,13,804.287045
-0.354947,16,804.792238
-2.135878,11,805.146133
-1.557814,13,805.583026
-0.904233,13,805.981436
-0.778311,14,806.434373
-1.768927,11,806.820825
-0.703622,15,807.299392
-1.224644,13,807.700037
-0.94191,14,808.128363
0.284282,17,808.677472
-0.295242,16,809.18719
-1.103802,14,809.771459
0.688443,17,810.51836
0.052366,18,811.118753
0.726436,17,811.747559
-0.071678,15,812.284789
-1.441389,12,812.761628
0.406567,19,813.440649
-0.786595,15,813.963068
-0.875774,14,814.393446
-0.244738,17,815.171091
-0.231338,16,815.741489
0.501541,17,816.412241
-0.569459,16,817.017386
0.513262,19,817.725451
0.633737,18,818.375772
-1.303753,13,818.879935
-0.368284,16,819.498048
-0.104956,17,820.132968
-2.070948,12,820.519949
-0.149279,16,821.010606
0.612472,18,821.548178
-1.929595,13,821.958513
0.758324,17,822.471016
-0.747326,15,822.940891
0.522805,20,823.565007
-0.734985,16,824.052485
-1.107054,14,824.464761
-1.140624,15,824.934978
-0.217735,15,825.398987
0.417476,18,825.98272
-0.103008,17,826.755441
-0.682551,14,827.208061
-0.203085,16,827.801202
-0.347828,15,828.341758
-1.573312,13,828.841576
-1.372205,13,829.334298
0.067929,17,829.976693
-1.243247,13,830.42251
0.669677,17,831.022343
0.710025,17,831.656589
-1.367041,13,832.053518
0.20094,18,832.631572
-1.21929,14,833.070548
-2.051266,12,833.42985
0.803234,18,833.997119
-0.882645,14,834.428639
0.157683,16,834.92749
-0.92678,13,835.336134
-0.235903,15,835.804613
1.043221,20,836.432941
-1.812507,13,836.839752
0.093096,17,837.360088
0.032075,16,837.902693
-0.445239,16,838.567574
-0.559983,16,839.13078
-0.247258,16,839.716048
0.409891,17,840.388486
-0.136463,16,841.029745
-0.106015,18,841.700907
-1.40341,13,842.262125
-1.809115,13,842.749604
0.129142,16,843.358314
-0.920866,14,843.914137
-0.163676,15,844.505931
-1.702897,13,844.888872
0.030977,16,845.381934
-0.111846,16,845.873526
0.998597,18,846.407684
-0.592827,18,846.948482
-0.210787,17,847.479214
-1.553503,13,847.886858
0.641374,19,848.45821
-0.971905,12,848.827837
1.150077,17,849.351758
0.056458,18,849.938114
-1.2536,13,850.392528
-1.491102,12,850.903698
-0.922317,15,851.585483
-1.250016,13,852.005054
0.533936,17,852.594257
-0.306885,16,853.178704
-0.216047,16,853.766974
0.651663,19,854.373998
-0.806464,14,854.803694
-0.0612,16,855.307165
-0.019097,17,855.825834
1.125512,19,856.433465
-1.243047,14,856.850783
-1.484251,13,857.255643
-0.855967,15,857.718025
0.09279,15,858.271782
-1.228927,14,858.918635
0.342925,19,859.584812
-0.134427,18,860.252294
0.432002,19,860.977038
0.217255,16,861.497813
-0.882446,14,861.92131
0.595217,16,862.425931
-0.498846,16,868.332642
-0.430413,15,868.93246
-0.301707,17,869.616019
-0.582646,15,870.215098
-0.920666,15,870.799965
-0.467832,14,871.299425
0.31421,17,871.959015
0.229883,18,872.659635
-0.17927,17,873.291539
0.005545,16,873.880259
0.292093,17,874.432771
0.353103,18,874.974833
0.529332,18,875.52613
-0.022924,17,876.044938
-0.513554,13,876.468425
-0.62346,15,876.942899
0.346716,15,877.401807
-0.618244,15,877.879687
-0.16901,16,878.391123
-0.821262,15,878.847325
-1.91798,13,879.257116
-0.868549,15,879.720363
-0.877821,15,880.203218
-0.087916,16,880.708439
0.439439,18,881.265538
-2.009551,12,881.635599
0.16765,17,882.156858
-0.734191,15,882.637917
-1.086763,14,883.064851
-1.328201,16,883.557727
-0.832766,15,884.021592
0.154282,18,884.563574
-0.534303,15,885.032323
-1.253826,14,885.458922
0.515403,20,886.074384
0.024418,16,886.575164
0.361716,18,887.137209
0.14527,18,887.69931
-0.111918,17,888.218052
1.629482,21,888.903086
0.278199,16,889.81077
-0.20976,18,890.754786
-1.626352,13,891.287404
-0.59986,16,891.828041
-0.360261,15,892.38191
-0.838339,15,892.962896
-0.429214,17,893.689647
-0.136949,17,894.332385
-0.706542,15,894.958877
-0.331662,16,895.571601
0.786996,20,896.315166
0.355695,16,896.915129
-0.010466,17,897.569834
-1.299139,14,898.144677
-0.905862,16,898.785757
-0.176369,17,899.434623
-1.310462,13,899.918925
0.511191,18,900.59166
-1.0338,15,901.145712
0.107058,17,901.794082
-0.873995,15,902.364713
-0.051551,18,902.915959
-0.558718,16,903.410915
-0.955203,15,903.881143
0.006922,18,904.459232
-1.250441,14,904.88411
0.350516,19,905.467185
-0.402753,16,905.94201
0.548997,17,906.459598
-0.448636,15,906.908053
-0.218123,17,907.425119
-0.742618,14,907.860396
-1.355183,14,908.288636
0.270698,16,908.782616
0.558286,18,909.357558
-0.712302,15,909.824256
1.013806,20,910.429953
0.108701,17,910.950512
-0.186715,16,911.433873
-2.231924,13,911.830007
-0.227544,17,912.361488
-0.189868,16,912.85014
-1.584668,14,913.297312
-0.992248,15,913.747319
-1.479693,14,914.187189
-0.328753,18,914.734696
-0.112295,16,915.22624
-0.439984,17,915.750924
-0.615075,15,916.316219
-0.364145,16,917.011518
-0.021103,16,917.541406
0.034453,16,918.142728
0.518302,18,918.803398
-1.098524,15,919.346248
1.672491,21,920.021029
0.040255,19,920.607392
-0.982324,14,921.051865
-0.970261,14,921.469511
-1.173539,13,921.875335
-1.419915,13,922.284341
0.947231,18,922.840052
-1.645304,13,923.249324
0.197351,16,923.879865
-0.446814,16,924.515749
1.499639,20,925.234486
-1.737312,12,925.69128
-1.395919,13,926.190388
-0.541253,14,926.727132
0.413541,18,927.411046
0.012213,16,928.027188
1.079468,19,928.749976
-1.269913,14,929.27542
-1.457561,13,929.791261
0.448029,17,930.487398
0.968634,18,931.261099
-0.261912,16,931.995538
-1.409278,13,932.497982
-0.291845,16,933.118062
-1.061653,15,933.685176
-0.768571,16,934.290395
-0.287009,17,934.899106
0.874138,17,935.400665
-0.350236,15,935.869609
-1.118415,14,936.305553
0.308896,15,936.769509
0.359857,18,937.295681
-0.270358,16,937.786776
-1.220498,14,938.230071
-0.603979,17,943.86472
1.725313,24,944.766673
-0.982905,16,945.335421
-0.925224,14,945.844481
-1.57613,14,946.293745
0.560719,19,946.898009
-0.279847,17,947.432064
-1.594091,14,947.869911
0.230585,17,948.411252
-0.768614,15,948.88097
-1.19786,15,949.358879
-1.25102,14,950.007599
-1.101862,14,950.499345
0.040646,19,951.224512
0.828675,20,951.999091
-0.768803,17,952.667445
0.423655,17,953.321405
-1.533449,13,953.816214
-1.429192,14,954.386229
-0.847498,15,954.954929
-0.406836,16,955.54173
-1.95305,13,956.08031
-0.610835,16,956.69104
0.30038,18,957.33627
0.712426,18,957.890474
0.019778,18,958.460811
-0.89437,15,958.93391
-0.846103,15,959.407338
-0.387036,17,959.949081
-0.638893,15,960.433741
-0.221492,17,960.955794
-1.494031,14,961.389074
0.737661,20,962.016796
-0.139982,17,962.58386
0.963197,19,963.400764
-0.467186,16,964.096867
-1.280097,13,964.519252
-0.477888,16,965.093241
0.17234,17,965.740151
-0.890773,14,966.257961
0.855632,19,966.937278
-1.081459,14,967.375536
-1.322007,15,967.835841
-1.143852,14,968.293267
-0.701538,14,968.72503
-1.239319,14,969.15667
-1.447224,13,969.567703
-1.212094,15,970.039157
-1.782013,13,970.452368
0.307738,18,970.997368
-0.526756,17,971.533558
-0.865554,15,972.013452
-0.131222,16,972.519759
0.218481,16,973.016869
0.173056,16,973.528433
-0.76262,16,974.04454
1.299289,19,974.80784
-0.421919,16,975.426003
1.115098,19,976.114468
-0.152486,17,976.743725
0.586425,17,977.339688
-1.219927,15,977.88552
-0.132435,16,978.466473
-0.148922,15,979.033972
-0.582198,15,979.776873
-0.432197,16,980.343215
1.893666,21,981.150056
-1.208288,15,981.731704
-1.177132,14,982.315384
0.668582,18,982.967704
-0.855438,14,983.507079
0.110877,17,984.167674
-0.186566,16,984.762979
0.47422,19,985.358954
-0.69684,16,985.855552
-0.779615,14,986.286095
-0.136235,17,986.815542
0.301243,19,987.383752
-0.77197,15,987.845081
-1.269006,14,988.269872
0.428534,18,988.834898
-0.919496,16,989.336211
-1.118718,14,989.770226
-0.384492,17,990.279519
0.153062,16,990.758973
-2.161364,12,991.122891
-0.740254,16,991.604352
-0.327004,16,992.088253
-1.219963,14,992.505759
-0.391345,16,993.007154
-0.466975,15,993.631224
-0.416578,16,994.365435
-1.142965,14,994.877668
0.113395,16,995.429581
-0.765284,16,996.008092
-0.210644,17,996.591655
-1.866813,14,997.084332
-0.747745,15,997.600483
0.660357,18,998.293122
-0.873326,16,998.865562
-0.384155,16,999.33113
-1.416266,14,999.784525
-0.308636,16,1000.273049
0.104612,15,1000.740613
-0.184248,16,1001.237298
0.433847,18,1001.934747
-1.553998,14,1002.606797
0.361706,18,1003.210273
-1.320371,14,1003.695486
-0.731145,14,1004.234827
-0.345453,16,1004.878368
0.819479,19,1005.619434
0.039625,17,1006.258568
-1.32273,14,1006.78606
-0.9038,14,1007.31145
-1.520059,14,1007.747663
-0.357905,14,1008.192718
-0.639675,14,1008.614621
0.331931,19,1009.204707
-1.299458,15,1009.67374
0.393477,17,1010.206368
0.512414,18,1010.779901
-0.302976,17,1011.311081
-0.145238,15,1011.783602
0.092464,16,1012.261854
-1.93817,12,1012.647115
-1.331168,14,1013.081644
-0.279279,17,1013.612196
-0.658897,15,1014.165693
-0.742648,16,1019.845253
1.790398,19,1020.575284
-0.794618,15,1021.129941
-1.077558,14,1021.582423
-1.077432,15,1022.040281
-1.09304,14,1022.450575
-0.994643,14,1022.925386
-0.279913,17,1023.627313
0.824678,19,1024.342789
-0.827402,15,1025.029438
-1.015611,15,1025.709821
-1.142924,16,1026.360864
1.383827,19,1027.105437
-0.650405,16,1027.697898
0.009038,15,1028.329036
0.46549,19,1029.004569
-1.497508,14,1029.517163
-1.47939,13,1029.983366
0.575957,19,1030.71474
-0.878128,15,1031.267635
-0.698601,14,1031.788118
-0.087584,16,1032.382424
-0.683009,16,1032.989358
-0.578293,16,1033.585676
-1.267495,15,1034.059772
-1.588887,13,1034.462246
-0.697471,15,1034.94302
-0.462845,16,1035.442869
-1.229469,15,1035.912027
0.477421,19,1036.507917
-0.843792,16,1036.996338
0.050069,18,1037.578068
-0.263339,16,1038.083959
-2.111409,12,1038.470592
-1.228338,15,1038.918755
0.001565,18,1039.47019
-0.521026,16,1039.966247
-0.385412,16,1040.484266
0.602386,19,1041.111088
0.699634,18,1041.682283
-1.739816,13,1042.122666
0.344827,17,1042.670927
-0.038302,18,1043.219971
-0.600291,16,1043.736496
0.115813,17,1044.264361
0.636882,19,1044.882499
0.423223,18,1045.45559
-0.71497,15,1046.082952
-0.790449,15,1046.776976
-1.482806,14,1047.466646
0.022721,18,1048.288313
-0.01637,18,1048.956059
-0.109322,17,1049.602656
0.294112,16,1050.192983
-0.228335,16,1050.794406
0.903591,21,1051.604403
-0.244952,17,1052.217998
-0.967093,14,1052.738826
-0.924945,16,1053.228164
-0.415569,16,1053.727555
-0.801961,15,1054.17895
-0.14123,16,1054.646107
-0.41279,14,1055.082602
-0.843238,15,1055.615945
-0.326648,15,1056.325743
-1.386298,14,1056.82698
-0.947774,15,1057.420959
0.216927,17,1058.062194
-0.617555,15,1058.653505
-1.137564,15,1059.217728
0.186291,17,1059.910873
-1.290085,14,1060.398788
-0.613543,16,1060.900597
-0.671487,15,1061.543516
-0.105542,17,1062.159379
0.022757,16,1062.727479
-1.198494,15,1063.265212
-0.762515,15,1063.775241
-1.240524,14,1064.243964
-1.057048,15,1064.697267
0.086717,17,1065.214987
-1.054771,14,1065.678153
0.967875,19,1066.260962
-0.60085,16,1066.756949
-0.006691,18,1067.317822
0.262452,17,1067.823928
-0.972331,15,1068.276366
-0.57006,16,1068.762209
-0.057681,17,1069.287629
-1.229175,14,1069.710762
0.566043,18,1070.255553
-0.962183,16,1070.750739
0.006709,17,1071.29502
-0.107977,16,1071.999819
0.426883,18,1072.600313
-1.787245,14,1073.063753
0.431162,20,1073.939009
-1.111669,14,1074.53223
0.156525,18,1075.204402
-0.371044,17,1075.820401
-0.368006,15,1076.41791
0.074542,18,1077.104779
-1.148909,14,1077.637466
-0.567012,16,1078.269778
0.416893,18,1078.994483
-0.454593,16,1079.614431
-1.219853,14,1080.168636
-0.857315,15,1080.740086
-0.0947,16,1081.34249
0.126272,18,1082.019282
-0.072474,18,1082.728468
-0.647363,15,1083.32022
0.388456,19,1084.048531
-1.530811,14,1084.534127
0.612144,18,1085.109151
0.064029,16,1085.58932
0.756301,21,1086.209831
-1.426459,13,1086.59386
0.024296,16,1087.081661
-0.727182,17,1087.599797
-0.052393,17,1088.108251
-0.861149,14,1088.53544
-0.188202,15,1089.00235
-0.314803,16,1089.495204
-1.430978,13,1089.897109
-0.467884,16,1090.39024
-0.311069,17,1090.921543
-1.027946,14,1091.359191
0.393775,17,1097.042868
-0.711676,16,1097.606567
1.166134,21,1098.473839
1.040201,19,1099.202922
-0.752975,16,1099.809331
-0.216455,18,1100.494321
-0.707967,15,1101.041863
-1.067229,15,1101.516525
-1.032537,15,1101.993463
-0.334985,16,1102.48397
0.95324,19,1103.066744
-1.147,15,1103.524947
0.084289,18,1104.096609
-0.466188,17,1104.62624
-0.283111,17,1105.136032
-1.113337,15,1105.588927
-0.774209,15,1106.061502
0.218744,19,1106.849749
-0.061524,18,1107.588135
0.296714,19,1108.20583
-0.628907,16,1108.757903
-1.844768,13,1109.240633
0.052501,17,1109.874084
1.176586,21,1110.693466
-0.441682,16,1111.303115
-0.759366,15,1111.871543
0.607578,18,1112.534127
-1.622878,13,1113.01658
-1.316179,15,1113.546479
0.803521,20,1114.20945
-0.02645,16,1114.885821
-0.028349,17,1115.452023
-0.777092,14,1115.979881
0.387292,16,1116.559046
-0.597709,15,1117.129564
-0.168287,16,1117.74089
-0.145603,17,1118.402857
-0.981476,16,1119.01393
0.08937,16,1119.63272
-1.563015,14,1120.063936
0.437531,19,1120.639874
-0.965866,14,1121.0663
-0.515654,17,1121.616189
-0.629358,16,1122.122011
-1.264228,15,1122.575179
1.391128,20,1123.180483
-0.58743,17,1123.713932
0.902465,20,1124.339435
-0.041358,17,1124.86174
0.645367,22,1125.543761
-0.771702,16,1126.037685
-0.667211,16,1126.533286
-0.659036,15,1127.008413
0.368598,18,1127.572475
-0.342665,17,1128.089361
1.135119,21,1128.735571
1.165864,19,1129.312734
0.173835,18,1129.870009
1.099545,19,1130.455974
-0.178906,17,1130.965323
0.696059,20,1131.573709
-0.173837,16,1132.057846
0.208128,19,1132.66934
-0.683542,16,1133.169365
-1.399251,13,1133.563523
0.313992,18,1134.127505
-1.436213,14,1134.552508
-0.022813,18,1135.113469
0.527053,18,1135.664175
-1.273247,14,1136.09819
1.19445,19,1136.68055
-1.040436,15,1137.316873
0.448822,19,1137.948045
0.525918,20,1138.732882
-0.829097,16,1139.329434
1.101809,19,1140.134412
-0.565816,17,1140.873639
0.108277,17,1141.5449
-1.843789,14,1142.108155
0.276487,18,1142.75363
-1.040741,14,1143.247633
-1.246499,14,1143.750541
0.157318,18,1144.32653
0.134374,16,1144.826275
-0.826953,14,1145.264168
-0.118265,17,1145.798252
-1.491272,13,1146.202991
-0.593508,17,1146.733479
-0.430693,17,1147.256336
-1.624874,14,1147.689016
0.007443,17,1148.221641
-0.853233,15,1148.670274
0.53708,19,1149.250693
-1.447021,14,1149.683685
0.601753,20,1150.28314
-1.016311,16,1150.782387
0.116716,19,1151.354289
-0.217298,16,1151.842347
-1.242133,14,1152.433449
-1.028729,14,1153.002351
-0.224656,17,1153.779015
0.207698,18,1154.439044
0.262124,19,1155.193822
-0.365641,16,1155.80172
-0.439651,17,1156.456278
-1.00166,14,1157.0057
-0.778717,16,1157.642032
-0.17249,17,1158.269702
-0.016802,15,1158.874081
-1.471327,13,1159.399739
-0.687786,15,1159.982506
-0.119168,17,1160.648927
-0.415516,16,1161.208106
-1.120272,14,1161.734626
-1.416189,15,1162.280657
-0.780576,17,1162.919352
-0.612939,16,1163.428869
-1.279605,14,1163.859783
-0.323442,17,1164.413054
-0.773466,15,1164.878651
-0.472172,16,1165.378037
-0.074772,17,1165.903111
0.028242,16,1166.386766
0.414131,17,1171.776224
0.63906,21,1172.440221
-0.134086,18,1173.004725
-0.840145,15,1173.474847
-0.671,16,1173.983564
-0.073406,16,1174.478682
0.000387,17,1175.017635
-0.579673,16,1175.530639
-0.745976,16,1176.034097
0.273628,19,1176.625382
0.142386,17,1177.196906
-0.525685,16,1177.983219
-0.930603,15,1178.493286
-1.196859,15,1179.045877
-0.609621,16,1179.638144
-1.652569,14,1180.160289
0.419999,18,1180.707657
-1.297939,14,1181.146415
-2.307682,12,1181.535904
-0.044388,16,1182.297053
1.191137,21,1183.038106
-1.434721,14,1183.572928
-0.472249,17,1184.247707
1.09967,24,1185.173016
-1.391791,15,1185.747823
-0.438644,17,1186.398106
0.123442,18,1187.099366
-0.62288,16,1187.704152
-0.857524,15,1188.311212
-2.325109,12,1188.771621
0.307434,19,1189.420728
0.525595,18,1190.045406
0.01782,17,1190.63151
0.017932,19,1191.280511
-0.79997,16,1191.799495
0.510487,18,1192.376
-0.198937,17,1192.889713
-1.851352,13,1193.294127
0.085075,17,1193.827075
-0.953183,15,1194.27952
-0.42201,16,1194.800021
0.566975,18,1195.356179
-0.128389,17,1195.886003
-1.083946,15,1196.348123
0.023659,17,1196.867449
0.194891,17,1197.413647
0.140917,19,1198.014471
0.41217,17,1198.541226
-0.408024,17,1199.077155
0.380659,18,1199.612562
-0.769631,15,1200.102908
0.240349,18,1200.673429
0.123472,18,1201.530242
0.65055,18,1202.128323
-1.022164,14,1202.741991
-0.444233,16,1203.430078
-0.959121,15,1204.070662
-1.109114,14,1204.578199
-0.360972,16,1205.191125
-0.540956,16,1205.83925
-0.17284,17,1206.508429
-0.308726,16,1207.101223
-0.666777,17,1207.793158
0.369529,17,1208.433028
-0.822288,15,1209.023329
-1.056715,15,1209.64793
1.447796,20,1210.405356
-0.396788,15,1210.953488
-0.997508,16,1211.578566
-0.599025,15,1212.15728
0.777993,17,1212.796508
-0.318019,16,1213.305032
-0.43078,16,1213.816826
0.33453,19,1214.415581
0.094643,17,1214.943362
0.043249,18,1215.516033
-0.117078,17,1216.035418
-0.377787,17,1216.570318
0.724386,19,1217.138634
-0.695717,14,1217.569024
0.037545,18,1218.107202
0.606676,19,1218.684984
0.662137,19,1219.259459
-0.271215,16,1219.755115
-1.089404,14,1220.178562
-0.895818,14,1220.631489
1.455461,20,1221.256548
-0.73681,15,1221.730897
-1.593064,13,1222.139901
-1.479601,14,1222.56228
-0.518936,15,1223.038189
-0.696744,15,1223.493076
-0.181575,17,1224.011219
-0.558964,17,1224.544139
-0.57058,14,1224.984742
-0.288662,16,1225.795293
-0.353439,17,1226.386132
0.579109,19,1227.152451
-0.018294,18,1227.827884
-0.739737,17,1228.509005
-0.296754,16,1229.108234
0.526218,18,1229.797371
-0.043917,16,1230.46754
-0.692811,15,1231.114198
0.224306,18,1231.786609
-1.274868,16,1232.340782
-1.604542,13,1232.819784
0.738453,20,1233.571617
-0.972788,15,1234.108453
0.154429,17,1234.744949
-1.003138,15,1235.274261
0.192096,17,1235.895021
0.445793,19,1236.577987
0.148733,17,1237.213925
-0.496813,16,1237.711099
0.533921,16,1238.212673
-1.072319,15,1238.677465
-0.954272,15,1239.141815
-0.856439,15,1239.614434
0.432071,18,1240.172197
1.174578,21,1240.803756
-1.077069,14,1241.241271
-1.244503,15,1241.718382
1.478048,21,1242.357678
-0.090551,18,1248.295437
0.604712,20,1249.205234
-0.554729,16,1249.825743
-0.527904,16,1250.455295
0.17942,18,1251.152556
-1.877025,13,1251.666945
1.231414,21,1252.499634
-1.941426,13,1252.999318
-0.553391,17,1253.688957
0.856577,19,1254.442604
0.091969,16,1255.070926
-1.141332,16,1255.656131
-1.026099,15,1256.194358
-0.782181,16,1256.777199
0.955206,20,1257.482507
0.17161,18,1258.154627
-0.578284,16,1258.645422
-0.455957,15,1259.105719
-0.514625,16,1259.601059
-1.803745,12,1259.963055
-1.030917,15,1260.430071
-0.836988,15,1260.891846
-2.065891,13,1261.296089
-0.310567,17,1261.809532
1.116883,19,1262.376991
-0.149672,18,1262.93296
0.173176,18,1263.481812
-0.233606,17,1264.032346
-0.174847,18,1264.577259
-1.758261,13,1264.982761
-0.210288,17,1265.514564
-0.574766,17,1266.047406
-0.7602,16,1266.54977
-1.199306,15,1267.001543
-0.127924,17,1267.539065
-1.446709,14,1267.976388
-0.013806,18,1268.547171
-0.598251,17,1269.165782
-0.914113,17,1269.935418
-0.060885,16,1270.496181
-0.735715,15,1271.071976
-0.846609,15,1271.698178
-0.844047,15,1272.270579
-1.110872,15,1272.827289
-0.573682,15,1273.39362
0.153148,17,1274.037692
-0.675299,16,1274.559387
-1.112269,15,1275.005205
0.072711,18,1275.574551
-0.194348,17,1276.080572
0.576281,18,1276.614466
-0.073278,17,1277.134573
-1.66663,13,1277.53984
0.885097,20,1278.142565
-0.99353,15,1278.601093
0.107016,17,1279.133963
-1.169811,14,1279.573092
-0.164366,16,1280.349869
-0.392845,16,1280.969152
-0.950342,16,1281.494324
-0.437398,17,1282.103105
0.087267,17,1282.723113
-1.073176,14,1283.275638
0.636148,18,1283.929993
-0.533961,17,1284.550405
0.567211,19,1285.222901
-0.236916,17,1285.823551
1.696106,21,1286.494708
-0.026441,17,1287.022673
-0.779561,15,1287.500663
-0.809804,15,1287.953056
-0.243659,17,1288.492562
-0.555735,17,1289.289122
-1.075649,15,1289.761417
-1.0037,15,1290.335237
-1.474133,14,1290.861875
-0.475213,16,1291.509692
0.689904,18,1292.193109
-0.239023,16,1292.804771
-0.810672,16,1293.302951
-1.553914,14,1293.718863
-1.22856,15,1294.167926
-0.144152,18,1294.700602
-0.276213,15,1295.165948
-0.440185,16,1295.66406
1.791648,21,1296.318398
0.054005,16,1296.812673
-1.076003,15,1297.289263
-0.99381,15,1297.743663
0.654366,20,1298.377474
-0.09716,17,1298.898079
0.373489,18,1299.463943
-0.022229,18,1300.022679
-0.592937,16,1300.507595
0.940093,18,1301.065634
0.253652,19,1301.653294
-0.067683,17,1302.197507
0.043434,18,1302.754073
-0.4273,17,1303.262729
-0.083481,17,1303.79108
-0.337211,16,1304.552615
0.455112,18,1305.154553
0.467075,18,1305.861269
-0.002981,18,1306.590229
-1.206964,15,1307.150515
-0.315087,16,1307.755351
0.190845,15,1308.312471
0.707792,19,1309.004825
0.019506,19,1309.703047
-1.691292,13,1310.262658
-1.228356,15,1310.898059
-0.017571,17,1311.467561
-0.070974,16,1312.044116
0.787889,19,1312.763999
-1.200322,15,1313.317063
-1.012326,15,1313.88203
-1.353171,14,1314.380399
-1.048197,15,1314.893572
-0.254723,16,1315.485723
-1.366836,15,1316.043223
-1.82707,13,1316.499439
-0.377053,17,1317.024511
1.236309,23,1317.7335
-1.496504,15,1318.192814
1.05883,20,1323.724493
0.467094,17,1324.25244
-1.438939,13,1324.664985
-1.665324,14,1325.096751
-0.349944,17,1325.622888
0.108581,18,1326.334047
-0.208776,18,1326.999115
-0.856605,16,1327.658699
1.287899,20,1328.541586
0.850759,20,1329.442922
1.251657,21,1330.24792
-1.385084,15,1330.847648
-1.134529,14,1331.386555
-0.875166,15,1331.950166
-0.102524,18,1332.596474
1.581232,21,1333.362432
0.23791,18,1334.002676
0.914398,20,1334.625965
-1.024611,15,1335.119691
-0.244252,16,1335.630415
-0.924046,15,1336.118575
-0.803546,16,1336.636552
0.007005,16,1337.158313
0.242799,18,1337.724018
-1.290638,14,1338.164876
-0.397885,16,1338.665564
0.168033,18,1339.222257
-0.983007,14,1339.662585
-0.853205,15,1340.152429
0.263915,17,1340.866859
-1.780749,13,1341.480343
-1.095011,15,1342.004679
-0.103625,18,1342.711141
0.647151,19,1343.442938
-0.210786,17,1344.07723
1.042545,20,1344.810366
-0.275839,16,1345.58523
-0.488144,16,1346.317452
1.064584,20,1347.066178
0.63596,18,1347.725335
-0.381832,17,1348.328678
-0.327693,17,1348.925538
-1.56904,14,1349.411903
-0.161398,16,1349.953065
-0.171564,18,1350.537243
1.766172,22,1351.225629
-1.176683,15,1351.700426
0.623889,18,1352.266089
0.623712,18,1352.853573
0.086769,18,1353.421966
-0.072864,18,1354.012635
-1.755756,14,1354.459002
-1.217668,14,1354.888738
-1.130538,15,1355.374208
0.143951,18,1355.929922
1.008018,19,1356.530861
0.166346,17,1357.051711
1.060974,21,1357.715347
0.524453,19,1358.588323
-1.158541,14,1359.151141
0.00012,16,1359.6901
-1.323999,14,1360.204255
-0.441093,16,1360.800319
-0.70226,16,1361.430689
0.136745,18,1362.040048
0.500651,18,1362.590188
-0.657549,16,1363.095913
-0.575322,15,1363.576145
-0.112766,18,1364.154078
-0.355772,17,1364.688148
-0.134883,18,1365.256605
-0.104826,18,1365.996135
-0.488419,16,1366.659619
-1.328313,15,1367.240041
-1.02025,16,1367.84953
0.044257,19,1368.546288
-0.36106,16,1369.13252
1.412397,20,1369.875102
-1.376777,14,1370.438399
0.116641,18,1371.062008
0.092742,18,1371.718456
-0.537298,15,1372.273105
-0.387924,16,1372.899508
-0.848166,15,1373.448059
-0.058611,16,1374.12868
1.05611,22,1375.109523
0.105787,17,1375.882885
-0.625375,17,1376.552127
1.89947,26,1377.568393
0.433712,17,1378.24065
0.15528,19,1378.966466
0.791452,18,1379.625814
-0.495474,17,1380.225016
0.980169,21,1380.942161
-0.814419,15,1381.421396
-0.249822,17,1381.951029
-0.552548,17,1382.46559
1.297108,22,1383.124369
-1.761122,13,1383.523855
-0.677395,16,1384.022351
-0.185542,16,1384.520089
0.362584,18,1385.098912
-1.288458,14,1385.545028
-0.679662,16,1386.051972
0.30664,17,1386.602081
-1.390552,13,1387.019524
0.461725,17,1387.540908
-0.428846,17,1388.061702
-1.209269,15,1388.53149
-1.584835,13,1388.944441
-0.522681,17,1389.465204
-0.235831,17,1389.990438
-0.257311,16,1390.483225
-1.275953,15,1390.948066
0.270808,17,1391.479346
0.505981,18,1392.032624
-0.376238,17,1392.56504
-1.068264,15,1393.026621
0.396972,19,1393.624734
0.855885,19,1394.221888
-0.910467,15,1394.722517
0.300811,19,1395.474792
0.858622,18,1401.47274
1.539834,21,1402.240385
-1.749029,14,1402.741666
-0.09818,17,1403.313819
-0.203476,16,1403.821895
0.472593,19,1404.407757
-1.751913,13,1404.823701
0.442942,20,1405.428454
-1.13438,15,1405.892709
0.342127,19,1406.472313
-0.349692,16,1406.961527
0.969503,20,1407.594089
-0.759827,16,1408.085785
0.364158,19,1408.657067
0.39456,19,1409.233102
0.636147,20,1409.839403
0.955576,20,1410.456757
0.037311,19,1411.04408
-0.122325,18,1411.601219
0.724721,19,1412.362737
0.119206,17,1413.056094
-0.096884,19,1413.752678
0.014092,18,1414.406315
-0.012359,16,1415.034681
-0.987827,15,1415.595125
-0.358043,17,1416.249336
-0.211613,17,1416.8855
0.238665,18,1417.497961
-2.000297,13,1417.928475
1.291704,20,1418.527753
-1.619631,14,1418.975542
-0.43468,17,1419.502792
-0.687531,16,1420.003881
0.334738,19,1420.601873
-0.16428,18,1421.150104
1.65685,22,1421.854324
0.24012,18,1422.40118
-0.849376,16,1422.898514
-0.008153,18,1423.451456
-0.669634,16,1424.048389
-0.562579,17,1424.784275
2.132015,24,1425.620045
-0.385247,18,1426.287753
0.493128,19,1426.965633
-1.0789,15,1427.502956
-2.386521,12,1427.970249
-1.239858,14,1428.456371
-0.082491,18,1429.125789
-0.703104,16,1429.688287
1.287006,21,1430.485914
-0.824139,16,1431.012304
-1.090003,13,1431.395235
0.08125,17,1431.913624
-0.024028,17,1432.42152
-0.101032,18,1433.067667
0.956407,20,1433.892698
0.361627,18,1434.586524
-0.727376,16,1435.185213
-0.539929,18,1435.918399
-1.785407,14,1436.458047
0.978899,22,1437.271424
-0.29895,17,1437.830205
1.420422,20,1438.430078
-0.855787,15,1438.896026
-1.568307,14,1439.341309
-1.436823,14,1439.786492
0.182682,18,1440.338131
-0.803726,16,1440.835869
-0.463109,17,1441.352981
0.508319,19,1441.936691
-2.257977,13,1442.395993
-1.419977,14,1443.034433
-1.721125,14,1443.550626
-0.34569,17,1444.105097
0.089741,18,1444.761671
-0.350526,16,1445.359646
-0.707075,16,1445.946831
-0.102704,18,1446.620021
-0.062839,17,1447.238558
-1.742139,14,1447.819619
-1.079786,15,1448.447471
-0.140211,17,1449.066617
-0.851355,16,1449.684414
-0.776554,17,1450.34766
0.101201,17,1451.008348
-0.065998,16,1451.661475
-0.401764,17,1452.33061
0.221212,19,1453.053326
0.21909,19,1453.756654
-0.6664,15,1454.310153
-0.726522,15,1454.754344
-0.515284,17,1455.280386
1.077204,21,1455.937062
0.55817,20,1456.552665
-0.730797,16,1457.048189
-0.576835,16,1457.546664
-0.876581,16,1458.024379
-0.495967,17,1458.542388
-0.446189,16,1459.036097
-0.512664,17,1459.547428
-0.248887,17,1460.160362
-1.519522,14,1460.779429
0.718734,18,1461.495649
0.178476,18,1462.13479
-0.287029,19,1462.794266
-0.54826,16,1463.376382
-0.25036,17,1463.965946
0.209453,18,1464.564284
-0.847443,16,1465.039033
1.076481,24,1465.779513
0.940568,19,1466.37079
0.287503,18,1466.947914
0.333402,19,1467.521509
-0.318578,17,1468.042348
2.012738,22,1468.72472
-0.479983,17,1469.252919
0.240732,18,1469.97372
-0.305717,17,1470.738888
0.108303,18,1476.648878
0.32102,19,1477.383325
0.313822,20,1478.119442
0.797112,20,1478.889235
0.990799,22,1479.68973
0.689182,21,1480.402437
1.767358,25,1481.156426
0.369765,19,1481.750595
0.031054,18,1482.308604
0.962828,21,1482.941882
-0.671487,16,1483.428001
0.110252,17,1483.926347
0.616449,20,1484.539245
0.037712,18,1485.087666
-0.365565,17,1485.614222
-0.032132,18,1486.191158
-0.985962,15,1486.647597
-0.307025,17,1487.174716
1.203162,22,1488.040575
0.545787,20,1488.829296
0.247268,19,1489.529376
0.313342,19,1490.278242
-1.017751,15,1490.896615
-0.014996,18,1491.683678
0.727292,20,1492.449523
-0.127353,17,1493.120999
0.587816,20,1493.908948
-0.670128,16,1494.495782
-0.474966,18,1495.201239
-1.417553,15,1495.662641
-0.578771,16,1496.160667
-0.613549,16,1496.670555
-1.54991,15,1497.136879
-1.197161,16,1497.635563
0.966951,21,1498.277612
0.563318,19,1498.85952
-0.001264,19,1499.441905
0.374891,19,1500.030869
0.385776,19,1500.617692
1.687754,26,1501.421181
-0.910966,16,1502.064667
-0.171806,17,1502.720762
0.0926,18,1503.34684
-1.266222,15,1503.906631
-0.627188,17,1504.498748
-0.370666,16,1505.011519
0.304011,20,1505.632647
-1.510682,14,1506.066223
-0.063234,18,1506.647171
-0.251624,18,1507.18703
-0.308292,17,1507.701831
0.58657,19,1508.259116
0.301631,18,1508.819411
-0.47476,17,1509.354978
-1.878543,13,1509.767468
0.250181,19,1510.565408
-1.553457,14,1511.175685
-0.056605,18,1512.060153
-1.906182,13,1512.641387
0.864255,21,1513.382744
-0.406847,17,1514.063109
1.36676,22,1514.921557
-0.771934,16,1515.543273
1.132969,23,1516.420315
0.5687,20,1517.151227
-0.390539,17,1517.802304
-0.064008,19,1518.423551
-1.15665,14,1518.858066
0.643631,19,1519.446022
1.164234,19,1520.052472
-1.66147,14,1520.46895
-0.777402,16,1520.968335
-0.768844,16,1521.455533
-1.54582,15,1521.925034
1.080039,22,1522.580694
-0.006096,19,1523.17286
-0.41398,18,1523.722847
0.98671,22,1524.405119
-1.542657,15,1525.041005
1.131034,20,1525.833042
-0.665966,17,1526.45369
-1.684903,14,1526.979885
-1.518428,15,1527.574025
-0.997208,15,1528.215306
-1.798917,14,1528.7526
-2.332127,13,1529.209394
-0.009849,18,1529.89209
-0.372743,18,1530.438574
-0.605564,16,1530.928641
0.418442,21,1531.577824
-1.14174,15,1532.02809
0.655507,20,1532.637116
-0.400908,18,1533.179373
-1.875419,13,1533.576745
0.468231,19,1534.141487
-1.346342,15,1534.607474
-1.690538,14,1535.062491
-0.539552,16,1535.572609
-1.156121,16,1536.197492
-0.492855,16,1536.908879
0.194344,18,1537.494502
0.502451,19,1538.140762
0.770012,21,1538.888798
-0.890538,15,1539.442178
-0.387638,17,1540.049669
1.235838,24,1540.889143
1.169268,23,1541.71192
-0.208676,17,1542.329581
-0.533598,16,1542.834079
-1.626205,14,1543.269688
-0.725708,15,1543.750007
-0.315462,17,1544.282562
-1.17951,15,1544.863535
0.062846,17,1545.651169
0.184828,19,1546.325935
-0.775769,16,1546.827832
-0.526821,17,1552.498697
-0.691845,16,1553.106166
-0.058011,17,1553.750274
-1.726251,14,1554.270581
-0.257617,18,1554.929625
1.289658,22,1555.77831
-0.976425,16,1556.477452
-0.845034,16,1556.989545
-1.689112,14,1557.467118
-2.369567,12,1557.835497
-1.962342,13,1558.226293
0.089225,19,1558.819254
0.463393,18,1559.352585
0.088029,18,1559.896002
-0.68967,16,1560.38544
-0.251895,17,1560.89816
-1.079941,15,1561.357023
1.299805,21,1561.996652
-0.217264,18,1562.563647
0.673932,20,1563.16945
-0.463486,17,1563.704795
1.385004,23,1564.435533
-0.189647,19,1565.028322
-0.137715,17,1565.560852
-1.369765,15,1566.02386
-0.086201,18,1566.62903
-1.073601,16,1567.472555
-1.466362,14,1567.93595
-0.643322,16,1568.503137
-1.277451,15,1569.045335
0.407527,20,1569.770946
1.640957,22,1570.586272
0.262574,18,1571.237896
1.204637,24,1571.976978
-1.55041,15,1572.568246
0.536161,19,1573.361526
-0.831009,16,1573.917836
0.458721,22,1574.588021
0.581981,20,1575.340894
0.632164,20,1576.059494
0.531814,19,1576.781829
-0.847888,17,1577.448393
0.559281,21,1578.302669
-1.143041,15,1578.849091
1.838742,24,1579.65797
0.197332,19,1580.236382
-0.824983,16,1580.734073
-0.058269,18,1581.296506
-0.83806,17,1581.851593
-0.95938,16,1582.335274
-0.228494,17,1582.850988
-0.87131,15,1583.295884
-1.217623,15,1583.747595
0.085817,19,1584.323096
-1.143901,14,1584.753472
-0.29087,17,1585.287571
0.207182,20,1585.898041
-0.334032,16,1586.396399
0.938093,21,1587.03294
0.50629,19,1587.621487
-0.489823,18,1588.416133
0.501725,19,1589.129357
0.044376,18,1589.761391
-0.854991,15,1590.289489
0.708743,21,1591.024477
-0.357771,17,1591.645334
-0.158219,18,1592.305434
-0.314131,17,1592.921909
-0.801296,17,1593.559586
-0.830719,16,1594.248203
-0.294023,16,1594.935942
-0.541843,17,1595.485821
-0.320476,17,1596.137471
-0.054741,19,1596.851025
-1.20606,15,1597.432348
1.374886,24,1598.31798
0.474609,20,1598.951014
1.276133,20,1599.570053
0.25814,18,1600.12172
-0.167842,18,1600.686295
-0.193082,19,1601.271355
0.018512,19,1601.88225
-1.220368,16,1602.369603
-0.877654,15,1602.832088
0.559738,20,1603.46589
1.055843,21,1604.118817
-0.759892,16,1604.634382
-0.325036,17,1605.164105
-0.334159,17,1605.685555
-0.130728,17,1606.292622
0.30083,20,1607.147671
0.921372,20,1607.896374
-0.700043,16,1608.528404
0.150935,18,1609.205705
0.926092,21,1609.993349
-1.048788,15,1610.557317
0.405932,20,1611.312057
0.180397,19,1612.013847
-2.111864,13,1612.488561
-0.350095,16,1613.13873
-1.493802,14,1613.691578
-0.75262,16,1614.210143
-1.762674,13,1614.620341
-0.777062,16,1615.128767
0.953062,20,1615.738781
-0.606492,17,1616.262524
-0.724179,17,1616.786963
-0.643596,16,1617.274817
-0.996064,16,1617.772147
0.055831,19,1618.348388
-0.437158,17,1618.858433
-0.890284,16,1619.538773
0.650105,21,1620.25009
0.654575,20,1620.959104
-0.316225,17,1621.5937
1.388812,21,1622.336871
0.612828,21,1628.187687
-0.162155,18,1628.915396
-0.335922,17,1629.48915
0.682182,22,1630.288274
-1.117201,15,1630.895275
-0.962599,16,1631.491065
0.525402,20,1632.239213
-1.813253,14,1632.777328
-0.804127,16,1633.295069
-0.575138,17,1633.816516
0.342033,19,1634.414184
-0.081585,18,1634.949107
0.105317,18,1635.528369
0.25008,19,1636.105149
-0.473866,17,1636.626391
-1.314944,16,1637.11199
0.367317,21,1637.752585
-0.716755,16,1638.254029
0.673762,19,1638.840285
-0.854264,16,1639.319011
1.390953,24,1640.068021
0.894838,20,1640.814865
-0.847218,16,1641.517443
-1.620163,14,1641.96706
0.275373,19,1642.77033
-0.447445,16,1643.447366
-0.137543,17,1644.10842
0.620768,21,1644.954823
-0.554498,17,1645.625818
-0.614812,17,1646.301656
0.597609,19,1647.032481
-0.650992,17,1647.657868
0.696191,20,1648.418763
0.582226,21,1649.093669
-0.430683,18,1649.655011
-1.538069,14,1650.091619
1.301472,24,1650.796016
-0.712487,17,1651.315324
-0.39454,16,1651.806772
0.080369,18,1652.345093
-0.33051,18,1652.886375
-0.136466,19,1653.478274
-0.378384,17,1654.124036
-0.410599,16,1654.786722
-0.83079,16,1655.359636
1.223577,21,1656.105977
-1.473977,14,1656.595744
-0.571093,16,1657.181324
-1.415768,16,1657.753
0.762791,18,1658.411293
-0.1608,18,1659.083695
-0.371997,18,1659.721828
-0.426887,17,1660.357498
0.61995,20,1661.180112
-1.045012,15,1661.849386
-0.358826,15,1662.343716
0.046686,19,1663.057691
-1.258716,15,1663.646069
-1.061904,15,1664.188992
-0.976076,17,1664.849639
-0.301791,16,1665.393683
-1.633128,14,1665.832571
-0.844766,17,1666.365094
-0.468684,18,1666.905483
1.199773,22,1667.586465
0.750037,21,1668.222165
-0.261291,19,1668.810711
-0.719435,16,1669.29901
0.204778,21,1669.952818
-0.616592,16,1670.463605
-1.175702,16,1670.956861
0.432181,19,1671.563734
-1.815161,14,1672.010249
-1.649731,14,1672.427649
-0.984712,16,1672.92158
0.372412,20,1673.543389
0.350612,20,1674.224609
-1.339257,15,1674.866818
0.443793,19,1675.509131
-0.927647,16,1676.121768
0.291654,18,1676.825774
0.070462,20,1677.601745
-0.099698,19,1678.326712
-0.343373,18,1679.020623
0.131748,18,1679.702965
-1.378868,15,1680.174156
-1.900944,14,1680.60835
-0.630306,16,1681.094295
-0.825768,16,1681.599195
-1.117021,16,1682.089755
-0.41303,17,1682.613831
-0.897892,16,1683.107215
-0.198691,17,1683.615579
0.447046,19,1684.203682
0.058102,17,1684.745355
-0.926278,17,1685.271202
0.155531,19,1685.909375
-1.679145,14,1686.492278
0.064495,19,1687.26519
-1.116714,15,1687.771347
-40.555398,176,1694.232006
-0.484064,18,1694.965615
0.089571,18,1695.631138
0.314095,20,1696.430172
-0.235503,17,1697.102531
-0.930582,16,1697.721075
0.353783,19,1698.435492
-0.239141,18,1699.096441
-0.845921,17,1704.979048
-1.229203,16,1705.596363
0.696939,22,1706.39254
0.604719,20,1707.095912
-0.230209,18,1707.637761
1.294447,22,1708.320387
-1.249736,14,1708.773003
-2.041798,13,1709.182441
0.572514,20,1709.817239
-39.464548,176,1715.532755
-1.353574,15,1716.082936
0.100714,19,1716.768657
-1.026836,16,1717.263195
0.233699,20,1717.853508
-0.045203,18,1718.404974
0.116413,18,1718.966608
-1.378408,15,1719.438466
0.248949,19,1720.019512
-0.691525,17,1720.545976
-0.162377,17,1721.054215
2.052639,26,1722.109433
0.339108,20,1722.783676
0.606121,22,1723.595352
1.261104,21,1724.359793
-0.328461,17,1725.002616
-0.004645,18,1725.669757
-0.675108,17,1726.282883
-1.464481,15,1726.822559
-0.200419,19,1727.442797
-0.930177,16,1727.923214
-1.096425,16,1728.401404
-0.66288,17,1728.927649
0.421125,21,1729.656191
-0.223111,18,1730.370919
-0.093236,18,1731.003627
-0.664905,16,1731.49841
-0.731176,16,1732.03343
-1.397958,15,1732.736516
-0.826662,17,1733.299199
0.615376,20,1734.059199
1.372474,23,1734.942617
-1.378558,15,1735.508833
0.565763,20,1736.267627
-0.646208,17,1736.895847
-0.386075,18,1737.510625
0.490316,19,1738.083362
-0.628877,17,1738.63154
0.092755,19,1739.217895
-1.913586,14,1739.650908
-0.883609,15,1740.101643
-0.322311,18,1740.652651
0.453254,20,1741.258433
0.072227,19,1741.846476
1.449981,24,1742.558349
0.744598,21,1743.191597
-1.283425,15,1743.638862
-1.243175,15,1744.104595
-1.04688,16,1744.608054
-0.809815,17,1745.125065
0.582711,22,1745.805851
-0.350442,19,1746.391491
-0.705835,17,1746.899538
-0.076593,16,1747.39263
1.234949,22,1748.055934
0.998842,23,1748.751956
0.027835,19,1749.344073
0.316222,20,1749.949572
-0.276058,18,1750.514862
0.287676,20,1751.334121
-0.328364,17,1751.999438
0.006351,18,1752.546618
-1.600065,15,1753.151371
0.173659,18,1753.825983
-1.090524,16,1754.468392
-0.02709,19,1755.288615
-0.497393,16,1755.951415
-0.440109,17,1756.56216
0.647546,20,1757.347183
1.397985,23,1758.245755
-0.738763,16,1758.870933
-0.209339,17,1759.553823
-0.226769,18,1760.244007
-0.745679,16,1760.824787
-0.796458,17,1761.494861
-1.245954,14,1762.027256
-0.871433,16,1762.609254
0.479779,20,1763.265846
0.684319,20,1763.901887
-0.208135,19,1764.484583
-0.757674,16,1764.980086
-0.274783,18,1765.531757
0.02935,16,1766.024546
-1.773304,14,1766.442149
-0.030718,18,1766.979319
-1.087088,16,1767.466902
1.037029,21,1768.108555
-0.918911,15,1768.565448
0.470818,20,1769.167932
0.660016,22,1769.841624
1.042928,21,1770.483685
-1.383293,15,1770.940958
-1.354674,16,1771.426632
-1.389439,15,1771.885653
-0.853312,16,1772.373888
1.078653,22,1773.044048
1.71642,23,1779.030759
0.105862,19,1779.615993
0.610894,19,1780.195647
0.121938,18,1780.878079
-0.938363,16,1781.567406
0.425718,20,1782.206781
-1.338995,15,1782.73236
1.639068,24,1783.620063
0.62375,22,1784.363849
0.0754,19,1785.052166
-1.887253,14,1785.571703
0.282557,19,1786.235402
-0.043921,18,1786.885476
-0.458943,17,1787.46001
0.648997,20,1788.062408
0.57028,22,1788.745193
0.076492,19,1789.3315
-1.402027,15,1789.920168
-0.337554,18,1790.569347
0.244636,19,1791.264703
0.679023,19,1792.016128
-0.215905,18,1792.703656
-1.014778,16,1793.326122
-0.984219,17,1793.982074
-1.051119,15,1794.546392
1.133586,22,1795.394445
0.044042,18,1796.071746
-1.840435,14,1796.595078
-0.52076,16,1797.185956
0.020376,18,1797.879232
-1.218803,15,1798.438532
-1.253921,15,1798.981431
0.504694,18,1799.551634
1.407022,22,1800.217711
-0.610108,16,1800.71683
-0.391275,17,1801.233057
-1.790561,14,1801.679606
-1.564026,15,1802.122483
-1.520811,15,1802.561995
-1.197948,15,1803.041781
1.606282,22,1803.694315
-1.067208,15,1804.143479
0.306917,19,1804.738318
-1.154716,15,1805.192443
0.912497,20,1805.813006
0.762987,20,1806.435377
0.537543,20,1807.041749
0.377466,19,1807.649107
-1.87213,14,1808.075087
-0.262813,18,1808.628704
0.035478,18,1809.177516
-0.506908,18,1809.726658
0.633049,20,1810.343229
-0.812057,16,1810.831829
-0.158892,18,1811.555848
-0.398527,19,1812.168932
-0.526702,17,1812.806075
-0.632041,17,1813.406628
-0.383592,18,1814.065055
0.127153,19,1814.745775
-0.995101,16,1815.323041
0.385644,19,1815.917467
-0.679068,17,1816.423844
-0.422789,17,1816.937193
-0.698196,18,1817.480375
-1.094345,15,1817.937282
-1.300998,16,1818.416106
0.68552,21,1819.04728
-0.184298,18,1819.81791
-0.699402,17,1820.439131
-0.829069,16,1821.030866
0.745973,21,1821.815586
-1.780483,14,1822.361166
-0.29421,18,1823.027162
-0.43142,17,1823.69083
-0.310788,17,1824.347337
-1.648421,14,1824.86549
-0.769997,17,1825.497441
0.672115,22,1826.229074
-0.376997,18,1826.775954
-0.445333,17,1827.315188
-0.071466,19,1827.902519
-0.643402,17,1828.444344
-1.342588,15,1829.109245
0.079216,19,1829.77567
0.264087,19,1830.441624
-2.392075,13,1830.932681
0.373356,19,1831.600085
-1.364271,15,1832.155604
-0.086395,18,1832.759998
-1.27323,15,1833.25336
0.067853,20,1833.883073
-0.037225,19,1834.464893
-0.873045,17,1834.983727
-0.388791,18,1835.5257
0.386779,21,1836.153918
0.276813,19,1836.730331
0.54515,19,1837.302293
-0.243641,18,1837.854576
1.31957,23,1838.556612
-0.303853,18,1839.091721
-1.005635,16,1839.56418
-1.052385,16,1840.14314
0.356615,19,1840.896255
-1.19452,16,1841.431326
-1.311845,15,1842.015545
-1.454481,15,1842.636961
-0.937529,15,1843.301341
-1.460191,15,1843.897056
-0.293587,17,1844.56838
-0.742638,16,1845.240242
0.416805,21,1846.078268
0.875066,23,1846.925005
0.677453,20,1847.679534
-0.467559,18,1848.379763
1.399358,23,1854.255905
-0.795216,17,1854.768185
-0.947878,16,1855.267053
-1.274422,15,1855.740364
-0.884143,16,1856.21833
-0.597486,16,1856.70855
-1.223963,16,1857.181749
-1.59726,15,1857.644878
0.689996,21,1858.287533
0.444443,20,1858.896873
0.873039,21,1859.524218
0.318179,20,1860.124754
-0.574258,16,1860.617308
-0.243234,19,1861.19201
0.060913,19,1861.79007
0.578956,20,1862.405288
-1.500291,15,1862.878696
0.43309,20,1863.496471
0.249815,20,1864.097388
-0.162293,19,1864.68885
0.419374,18,1865.238814
-0.680737,17,1865.770868
1.351137,25,1866.524395
0.410053,19,1867.108172
1.344744,24,1867.921508
-0.612515,17,1868.655035
-1.003452,17,1869.230534
0.208248,19,1869.85653
-0.031864,19,1870.58493
0.31316,19,1871.294519
0.909563,21,1872.139897
-0.911131,16,1872.810596
-1.277715,16,1873.538669
0.772875,20,1874.337697
-1.247118,15,1874.932251
-0.521496,18,1875.64501
-0.132937,17,1876.304471
-0.205244,18,1877.003872
0.729961,19,1877.757553
-0.965476,16,1878.385415
-0.733344,17,1879.024203
0.090053,18,1879.689851
0.197599,19,1880.414691
-1.442289,15,1880.943267
-1.238437,15,1881.490493
-1.227689,15,1882.027511
-0.053212,18,1882.620075
1.632385,22,1883.295855
0.926899,21,1883.931635
-1.629124,15,1884.394961
0.633925,20,1885.000648
-0.894272,16,1885.480826
0.133354,20,1886.102541
0.701546,21,1886.757482
0.651745,21,1887.393272
-1.192282,16,1887.876931
-1.648089,15,1888.349312
0.970932,24,1889.093854
-0.493278,17,1889.610676
-0.825878,17,1890.132336
-0.951208,16,1890.638148
1.236392,21,1891.302777
-0.268676,18,1891.845868
0.762806,20,1892.436543
-2.073195,13,1892.864452
-0.312676,17,1893.539712
-0.116569,19,1894.186177
-0.817446,17,1894.795594
-1.510433,15,1895.350003
-0.580121,16,1895.980659
2.611932,28,1897.014014
1.402051,24,1897.875078
-0.098971,19,1898.575042
-0.103058,19,1899.216271
0.2515,18,1899.759892
-0.904299,17,1900.304616
-0.172432,19,1900.874491
0.601633,22,1901.716257
-0.284043,18,1902.386698
-0.475687,17,1903.041937
-0.143652,18,1903.731144
-0.323636,17,1904.378518
0.167605,19,1905.081087
0.402789,20,1905.748749
-0.304641,19,1906.335416
-0.549783,17,1906.86372
-0.542108,18,1907.410259
-0.8018,16,1907.899428
-0.26164,17,1908.411714
0.524286,19,1908.977592
-0.097807,19,1909.565094
1.691518,23,1910.25341
-0.54814,16,1910.770339
1.049951,21,1911.419265
-0.652473,15,1911.876817
-0.953514,16,1912.350161
-1.231964,16,1912.838199
-1.831647,14,1913.250689
0.328539,19,1913.829365
-0.782722,17,1914.351631
0.52358,22,1915.009705
-0.05497,19,1915.588846
0.414674,18,1916.143322
-0.380494,17,1916.84733
-0.472206,17,1917.570654
-0.030802,17,1918.17195
-0.488026,17,1918.853164
-1.266498,15,1919.491944
0.319553,19,1920.208235
-0.219257,17,1920.865152
-1.937182,14,1921.390176
0.290069,19,1922.141163
-0.610306,17,1922.809445
0.282928,18,1928.716083
0.425101,21,1929.354831
-0.440665,17,1929.907613
-0.166738,18,1930.465836
0.085618,20,1931.068868
-1.56289,15,1931.524623
-0.060763,18,1932.082418
0.817733,20,1932.695336
1.654318,21,1933.328609
-0.482085,18,1933.891837
-0.858199,17,1934.417184
0.256929,19,1934.997401
-0.269559,17,1935.529065
0.342191,19,1936.095806
1.145349,23,1936.813134
-0.567773,18,1937.372777
-0.817028,16,1937.855024
-2.185823,13,1938.265592
-1.047208,16,1938.757795
0.389516,19,1939.337417
-0.140339,19,1939.929073
0.542329,19,1940.509054
0.296238,19,1941.078461
-1.342974,15,1941.522138
-0.914833,16,1942.005013
-1.828958,14,1942.464108
-0.782299,16,1942.946722
-1.024785,16,1943.429722
-0.363289,17,1944.016791
0.240818,20,1944.735996
0.434991,20,1945.43698
-0.580519,18,1946.136688
-0.346459,18,1946.851924
-0.232881,18,1947.55965
1.037016,23,1948.449416
1.857395,27,1949.430293
-1.557013,14,1949.854558
-0.37278,18,1950.412882
0.985527,23,1951.110253
-0.070473,18,1951.666829
-1.130839,15,1952.311095
0.420026,19,1953.04849
0.880069,21,1953.735882
-0.61844,17,1954.337749
0.504344,19,1954.997705
0.104657,19,1955.626672
-0.07639,18,1956.184739
-0.089753,17,1956.710101
0.97175,23,1957.424252
-0.754268,16,1957.914488
-0.073965,17,1958.423225
0.052803,19,1959.009484
-0.393232,18,1959.559947
0.16945,19,1960.13209
-0.776637,16,1960.801598
-0.625116,17,1961.623374
1.00479,26,1962.758635
0.285167,19,1963.534286
0.653048,19,1964.263638
0.386845,19,1964.999836
-0.828017,16,1965.652477
-0.456578,16,1966.242728
0.011156,19,1966.980067
-0.346256,17,1967.640947
-0.468927,17,1968.274294
-0.380902,18,1968.87104
0.422738,19,1969.453293
0.465835,21,1970.108598
1.767884,26,1970.892959
-1.556746,14,1971.313114
0.742446,22,1971.98917
0.641986,22,1972.672813
-0.060527,19,1973.243028
0.156276,17,1973.770005
0.306251,18,1974.318052
-0.499907,16,1974.825979
-0.566257,17,1975.358779
0.034152,20,1975.967223
-0.107119,19,1976.550659
1.055442,24,1977.30438
0.637841,19,1977.889547
-0.460558,17,1978.409375
-0.439724,18,1979.148511
-0.291848,18,1979.850114
-0.637147,16,1980.403249
0.735398,21,1981.314706
-0.364832,18,1982.086549
-0.66779,17,1982.6987
-1.337192,15,1983.244293
0.09478,18,1983.95382
-0.045038,17,1984.646101
0.4636,20,1985.42273
0.453797,21,1986.249506
-1.102542,16,1986.845715
0.65035,21,1987.637022
-0.547133,18,1988.204104
-0.051554,18,1988.752903
-0.195106,19,1989.332358
-1.226767,15,1989.92154
-2.092395,13,1990.486775
-0.184225,18,1991.209749
-0.426094,16,1991.757851
0.523602,19,1992.41885
0.292525,19,1992.99438
0.160291,20,1993.625531
-0.18838,18,1994.174538
-0.049564,17,1994.701044
0.247525,18,1995.494713
-0.248154,18,1996.048575
-0.398355,18,1996.706582
0.240906,19,1997.43162
-0.150413,17,1998.085001
0.192264,19,2003.842188
0.604716,19,2004.673626
-1.318621,15,2005.24219
0.092707,17,2005.894596
-0.390313,17,2006.509631
-0.696028,17,2007.16144
0.476011,20,2007.938126
-0.565321,17,2008.475279
1.47417,23,2009.186026
-0.198652,18,2009.742929
0.611469,22,2010.399524
-0.63468,17,2010.91308
0.114207,19,2011.480986
0.217797,18,2012.034173
-0.139724,18,2012.60424
0.085202,19,2013.172345
-1.016564,16,2013.657227
0.152464,20,2014.464044
0.291969,19,2015.233515
-1.61415,14,2015.70153
1.41532,23,2016.54157
0.018021,18,2017.180456
1.016702,20,2018.068907
-1.907367,14,2018.682127
1.257825,21,2019.487813
-0.01938,18,2020.182715
1.277056,24,2021.081638
-0.594204,17,2021.702456
-0.319988,18,2022.410749
0.22542,19,2023.118974
-0.639602,17,2023.774334
0.276156,20,2024.537809
-0.128662,18,2025.071454
-1.839103,13,2025.472035
-0.172358,18,2026.021185
1.78946,24,2026.761832
-1.858254,14,2027.178168
1.290811,22,2027.859743
1.420565,21,2028.518498
-1.626788,14,2028.961603
-0.066223,18,2029.515929
-0.49682,16,2030.013631
-0.65639,17,2030.538679
1.488719,23,2031.234331
-0.096019,17,2031.781636
-0.797692,16,2032.263901
1.297842,23,2032.967663
0.449211,20,2033.589982
0.276328,19,2034.218589
1.354261,27,2035.044591
-0.56277,16,2035.531798
-0.153618,19,2036.234576
-1.85595,14,2036.738125
0.518145,19,2037.432571
-1.512532,15,2037.956406
0.237193,19,2038.689795
-0.740809,16,2039.330169
0.298788,20,2040.099847
-0.650969,17,2040.720995
-0.216679,17,2041.351146
-0.025184,19,2042.040641
1.055039,24,2042.940548
-0.854852,17,2043.58219
-0.170069,17,2044.202091
-0.090299,19,2044.942483
-0.250073,18,2045.6026
-0.216308,18,2046.312787
0.0885,18,2047.063432
-1.407782,15,2047.72531
-0.253038,17,2048.392321
0.663455,20,2049.139581
-0.240364,16,2049.687136
-1.467199,14,2050.160256
-1.122928,15,2050.691721
0.78676,20,2051.444172
-0.981751,16,2051.996119
-0.059167,18,2052.566148
-0.327363,18,2053.133522
0.380781,19,2053.729042
-0.167472,17,2054.272023
-1.442898,15,2054.739178
-0.955857,15,2055.218968
-1.823415,14,2055.666143
-1.594585,15,2056.138847
0.421949,18,2056.68921
0.607014,22,2057.377539
0.443243,21,2058.043383
0.976202,21,2058.702186
0.514077,21,2059.349621
-1.065553,15,2059.832061
0.680722,20,2060.452417
0.547093,18,2061.001938
-0.399796,18,2061.553879
0.599849,18,2062.130811
0.053709,17,2062.66677
1.537273,24,2063.613748
-0.38923,16,2064.289532
-0.605004,18,2064.929332
-0.675146,17,2065.526906
-0.111083,19,2066.195927
0.640665,21,2066.93409
-0.983426,16,2067.521945
-0.575627,17,2068.2658
-0.792744,16,2068.925964
-1.447036,15,2069.489359
-1.241354,15,2070.01534
0.543942,20,2070.696791
-1.331281,15,2071.203053
-0.104792,19,2071.875202
-0.063568,19,2072.479274
0.122669,19,2073.070305
-0.797887,16,2073.56705
0.666962,21,2079.299555
0.373828,19,2080.138638
0.607212,18,2080.738468
-1.604306,14,2081.324389
0.631638,20,2082.062865
-1.44317,15,2082.649275
-0.238545,17,2083.27702
-0.13714,19,2084.006992
-0.429845,17,2084.645895
-0.334827,17,2085.278145
0.577084,20,2085.924712
-1.553666,14,2086.353347
-1.571418,14,2086.777749
0.034065,18,2087.342889
-0.265481,18,2087.910385
-0.448305,17,2088.428207
1.468643,24,2089.219744
1.147652,22,2090.107547
-1.146857,16,2090.616667
-0.2933,17,2091.260449
0.221899,19,2091.936265
-0.761409,16,2092.540807
-0.886242,16,2093.121195
-1.400672,15,2093.603159
0.035644,17,2094.122234
-1.005551,16,2094.601496
-0.080462,18,2095.140225
-0.304676,17,2095.657246
-1.29522,15,2096.111144
-0.011102,19,2096.693516
-0.813917,16,2097.178229
-1.122403,16,2097.688019
-1.489202,14,2098.104667
1.425358,22,2098.783272
0.023565,19,2099.366089
-1.094001,14,2099.797089
-0.763914,17,2100.298717
0.059992,19,2100.889406
-1.845715,14,2101.335045
1.764885,24,2102.372825
-0.491538,17,2103.37492
0.887028,20,2104.086574
1.584795,22,2104.93498
-1.541231,14,2105.523886
-1.142469,16,2106.159687
0.376332,19,2106.927711
0.603529,19,2107.631214
0.267302,19,2108.376396
-0.344817,18,2109.069079
-0.256036,18,2109.747366
0.02825,18,2110.384386
-0.131104,18,2111.016106
-0.398038,18,2111.672341
-1.437767,15,2112.160052
-0.987515,16,2112.667783
-0.867285,16,2113.157198
0.988515,21,2113.837168
-0.933101,16,2114.337423
-1.030958,16,2114.833878
-0.1992,18,2115.417498
0.391057,20,2116.030723
-0.352964,17,2116.56906
0.450245,18,2117.115991
-1.082518,16,2117.608211
-0.424334,18,2118.162248
0.486755,21,2118.79113
1.437642,23,2119.489669
-0.296168,17,2120.010966
-0.807688,16,2120.491965
-1.389798,15,2120.964492
-0.130545,18,2121.527986
-1.455081,15,2121.971283
-0.292146,18,2122.539876
0.258603,20,2123.138062
-1.512225,14,2123.56315
-0.536421,16,2124.052665
-0.210614,18,2124.604203
0.038846,18,2125.172448
-0.267258,19,2125.753098
-0.560698,18,2126.32529
-0.539994,17,2126.832571
0.413872,20,2127.495795
-1.251033,15,2128.097869
-0.386002,17,2128.800884
-0.421853,17,2129.36455
-0.219405,18,2130.05325
0.260487,20,2130.962857
-1.229837,15,2131.653756
0.166839,19,2132.402236
-0.75768,16,2133.046112
0.525255,20,2133.819974
-0.346909,17,2134.496218
1.335176,23,2135.414581
1.093173,22,2136.272782
-0.761839,16,2136.889879
-0.894014,16,2137.457983
-0.547889,17,2138.047709
-0.391172,18,2138.720792
0.635745,20,2139.365227
-1.951377,14,2139.79749
-0.492067,17,2140.314119
-0.266898,18,2140.855
-0.443389,17,2141.371854
-0.052386,19,2141.950233
-0.223659,16,2142.443647
-0.014702,18,2142.99121
-0.369899,16,2143.487102
-0.629359,16,2143.975989
-1.524357,14,2144.414119
0.253233,18,2144.965641
0.362329,19,2145.546761
-1.732269,15,2146.008788
0.609859,22,2146.686494
-0.827073,16,2147.181711
-0.148895,18,2147.73495
0.504399,20,2148.344886
0.844979,20,2149.14436
-2.218192,13,2155.151145
0.802132,21,2155.982381
-0.157087,18,2156.646659
-0.17959,18,2157.344912
0.982101,21,2158.05568
0.097366,19,2158.642408
0.426498,20,2159.383285
0.787319,21,2160.291693
-0.465169,18,2160.926404
-1.106714,15,2161.479795
-0.083693,19,2162.183288
1.317913,22,2163.033662
-0.193051,18,2163.731689
-0.312,18,2164.415186
-0.072963,19,2165.079827
-0.804144,16,2165.629956
-0.593336,17,2166.163185
0.871514,21,2166.817183
0.26807,19,2167.416294
0.187282,19,2168.003311
-0.728859,16,2168.504318
0.069383,18,2169.075071
1.283365,23,2169.797666
0.090165,19,2170.409678
-1.458662,15,2170.863365
0.320233,20,2171.479795
-0.784098,17,2172.008996
-1.311607,15,2172.483693
-0.491193,18,2173.068034
-0.828078,17,2173.584348
0.012108,19,2174.185076
-2.136735,13,2174.596901
0.414713,19,2175.188536
0.202936,19,2175.778365
0.715705,21,2176.422799
-0.314177,17,2176.952893
-0.212365,18,2177.518855
1.092509,20,2178.147013
-0.330019,17,2178.823247
-0.131947,19,2179.550971
0.457297,22,2180.359486
0.189092,19,2181.121023
-1.495669,15,2181.713897
0.439717,19,2182.409798
1.792449,24,2183.349633
-1.85002,14,2183.880186
0.58528,19,2184.584148
0.303527,20,2185.298022
1.832113,22,2186.101356
1.25129,22,2186.894164
-1.354223,15,2187.377111
0.144736,20,2188.005731
-1.509912,15,2188.479515
-0.524769,17,2189.036333
-0.99475,16,2189.540455
-0.858048,15,2190.191867
-1.175019,15,2190.84096
-0.839993,17,2191.404957
-0.479579,17,2192.031605
-1.068961,16,2192.595848
-1.133037,16,2193.145318
-1.90078,14,2193.590856
-1.376867,14,2194.020962
-0.098888,17,2194.569275
0.057065,18,2195.152274
0.672039,20,2195.77568
1.112938,22,2196.465416
0.466217,21,2197.112872
0.163646,19,2197.710514
-1.385683,15,2198.200037
-0.908554,16,2198.762607
-1.148877,15,2199.400346
-0.396445,17,2199.962452
-0.26896,17,2200.561813
-0.698728,16,2201.161683
-0.365326,17,2201.782992
0.343128,20,2202.480226
0.263521,19,2203.100436
1.555735,25,2203.862156
-0.046813,18,2204.433008
0.26226,19,2205.034072
-1.76334,13,2205.430744
-1.592929,15,2205.895558
-0.367323,16,2206.398015
-0.996834,16,2206.897342
-0.855973,16,2207.602323
-1.01772,16,2208.193074
0.555716,20,2208.900469
0.171548,18,2209.615273
0.608217,21,2210.423583
-0.656022,17,2211.066557
0.026022,18,2211.774121
-1.094261,16,2212.366955
-1.516277,15,2212.973276
-0.568479,18,2213.657158
0.528668,20,2214.428715
-0.648368,17,2215.137153
-0.262725,18,2215.823492
-0.037086,18,2216.452024
0.304174,19,2217.082634
-0.143056,17,2217.700167
0.917544,22,2218.436868
0.071365,19,2219.034111
-0.23107,17,2219.56475
-0.129224,18,2220.149869
0.726862,23,2220.875614
0.941292,22,2221.566158
0.218723,20,2222.18703
-1.531675,15,2222.651044
-0.662632,17,2223.17864
-0.367855,18,2223.755916
-0.205554,18,2224.302142
-0.058336,18,2224.877972
-0.645263,17,2230.558631
-1.461147,15,2231.162847
0.474801,18,2231.794246
0.860728,21,2232.5896
-0.521278,17,2233.19923
-1.68159,14,2233.649933
1.402594,22,2234.325806
-0.738979,16,2235.058432
0.766676,19,2235.811748
0.289611,19,2236.524158
-1.644976,14,2237.046859
-1.166184,14,2237.572055
-1.058507,16,2238.159754
-0.628208,16,2238.728058
1.068851,24,2239.656594
0.987247,23,2240.508868
-0.116463,17,2241.156394
1.377582,24,2242.02848
-1.948753,14,2242.556131
-0.195591,19,2243.274319
0.120756,19,2243.968433
0.078355,17,2244.499219
-0.083746,17,2245.025905
0.252076,18,2245.585813
0.189509,19,2246.195607
-0.432234,18,2246.759849
0.247448,19,2247.344651
-1.853874,14,2247.786094
-1.436713,15,2248.260736
0.346889,20,2248.876691
-0.132228,17,2249.404691
0.216947,19,2250.008284
-0.923588,17,2250.547506
0.822923,19,2251.147579
0.479345,19,2251.744977
-0.296364,17,2252.293458
0.556777,19,2252.906287
-0.01398,18,2253.740489
-0.825622,16,2254.262061
-1.265828,14,2254.794417
0.085132,18,2255.500357
0.371225,19,2256.199729
-0.028473,18,2256.896643
-0.830876,16,2257.482164
-1.709663,14,2258.002574
-0.595313,16,2258.533291
0.634619,20,2259.295946
0.353821,18,2259.957381
0.446585,18,2260.620831
-0.401318,17,2261.284099
-0.738868,17,2261.959457
-0.445661,17,2262.619889
0.527317,19,2263.382144
-0.234915,18,2264.082191
-0.702791,17,2264.656556
-1.392577,14,2265.076507
0.367809,19,2265.662266
-0.961348,16,2266.142657
0.471646,19,2266.751475
-0.882575,16,2267.230946
-0.439723,17,2267.74234
-0.071426,18,2268.295364
-0.325332,17,2268.809546
-0.031732,19,2269.382964
0.165158,19,2269.965676
-0.465479,17,2270.469495
-0.672448,17,2270.954101
1.146823,22,2271.637379
-0.556415,17,2272.151659
-0.687655,16,2272.639181
0.347612,19,2273.231214
0.081569,20,2273.859723
1.135617,21,2274.534023
1.236697,23,2275.410284
-1.189133,14,2275.917351
-1.798855,14,2276.42013
0.698333,20,2277.168412
0.577264,20,2277.88684
0.05791,18,2278.581206
0.320141,19,2279.331398
-0.537807,16,2280.064877
0.40243,20,2280.855956
-0.612851,17,2281.492244
-1.187033,16,2282.077347
-0.822666,16,2282.68133
0.217164,19,2283.402725
0.570679,20,2284.130246
-0.349623,17,2284.750631
0.399561,18,2285.40765
0.389362,19,2286.144381
-0.677619,16,2286.664745
-0.116427,18,2287.221663
0.708582,21,2287.883408
-0.880981,16,2288.389885
0.354887,19,2288.987963
-0.477919,17,2289.522717
0.13294,19,2290.11415
0.022339,18,2290.676077
-0.726001,16,2291.177549
-0.53978,17,2291.712595
0.436498,20,2292.345774
-0.937159,16,2292.859795
0.912202,21,2293.529446
0.617317,19,2294.134377
0.036841,17,2294.666422
-0.437824,16,2295.182527
-0.66542,16,2295.683294
1.529464,23,2296.415798
-0.997238,16,2296.917938
0.219352,18,2297.496468
-0.488805,17,2298.047905
-0.732422,16,2298.569901
-1.786248,14,2299.005032
-0.523191,17,2299.541654
-1.049161,16,2300.325139
-0.031367,17,2300.926393
-0.974144,16,2306.753695
-1.558304,14,2307.280194
-0.804969,16,2307.843824
-0.14462,18,2308.515541
-0.04124,18,2309.087195
0.314758,19,2309.688357
-1.624858,14,2310.148926
-0.46955,17,2310.68203
-0.943223,15,2311.148359
-0.591771,17,2311.698042
-0.45245,17,2312.211104
-0.651221,16,2312.712239
-0.904463,15,2313.198812
-0.466361,16,2313.759771
-1.13782,15,2314.441882
-1.771941,14,2314.917105
-0.599964,16,2315.504091
1.108235,21,2316.276827
-1.057785,15,2316.876435
0.44251,20,2317.656274
-0.813878,16,2318.197954
-1.616577,14,2318.728789
0.006791,17,2319.454284
-0.089129,18,2320.269594
-0.424385,17,2321.036469
-0.469423,17,2321.615993
-0.501045,17,2322.382777
-0.889281,16,2322.962963
-0.641029,16,2323.554239
-1.289807,15,2324.124827
-0.403776,16,2324.744613
1.441128,20,2325.490372
1.177005,21,2326.24291
-0.928764,16,2326.858555
0.306459,19,2327.465068
-0.279105,18,2328.025637
0.420772,18,2328.576727
-1.101684,15,2329.047817
-0.833358,16,2329.550008
-0.248154,17,2330.075325
-0.585694,16,2330.57367
-1.211717,15,2331.047091
0.398692,19,2331.62979
-1.270721,15,2332.105674
0.485445,19,2332.69541
-0.593399,16,2333.204072
-0.66,16,2333.702815
0.018638,18,2334.262866
-1.14975,15,2334.74566
-0.820313,16,2335.253524
-1.32273,15,2335.726267
0.016381,18,2336.301259
0.564238,21,2336.944837
-1.034913,16,2337.446527
-0.593495,17,2337.988636
1.967511,25,2339.028964
-0.621164,17,2339.799058
-0.52129,16,2340.351794
-1.316564,15,2340.89931
0.013656,18,2341.565787
0.292975,20,2342.288378
-1.313855,15,2342.84445
-0.483943,16,2343.425398
-0.706169,16,2344.081433
-0.063441,18,2345.040903
-0.611951,16,2345.645643
0.655271,19,2346.355047
-0.610769,16,2346.94797
-0.988296,15,2347.491158
-1.800343,14,2347.998051
0.306732,19,2348.703738
-1.780235,14,2349.232105
-1.328991,15,2349.767519
-1.574914,14,2350.197932
0.139771,18,2350.763436
-0.612112,16,2351.261182
-0.521534,16,2351.781434
0.499827,21,2352.432282
-0.980692,16,2352.939734
-0.921992,16,2353.466126
0.105159,19,2354.057037
-1.45525,15,2354.512017
-0.700074,16,2355.024874
-0.882664,16,2355.530994
0.436469,19,2356.109362
-1.599103,14,2356.553311
-0.554307,16,2357.05516
-0.541587,17,2357.607249
0.832897,21,2358.279913
-0.205126,17,2358.798159
0.65428,19,2359.372984
0.56631,18,2359.919707
-0.658811,16,2360.5556
0.790038,19,2361.394542
-1.373642,15,2361.873105
-0.166334,17,2362.536876
0.196704,18,2363.212733
0.076795,19,2363.969648
-0.790782,16,2364.579502
-0.825361,16,2365.235249
-0.115254,18,2365.930888
-0.834263,16,2366.430386
-0.351914,17,2366.968193
-0.2357,17,2367.46534
-0.721765,16,2367.940515
-1.650578,14,2368.366151
1.459138,22,2369.064137
-0.945,16,2369.548684
-0.494801,16,2370.046035
-0.63979,16,2370.602923
0.189934,19,2371.450384
0.25616,18,2372.061581
-0.078742,19,2372.73902
0.259246,18,2373.381091
-0.587044,17,2374.012271
-0.445209,17,2374.608533
0.261365,19,2375.212691
0.522488,21,2375.875027
0.983273,19,2376.474237
-0.039885,18,2377.034009
-0.077383,18,2382.835204
-0.20195,18,2383.577926
-0.881817,16,2384.181232
-0.87343,15,2384.744876
-1.343437,15,2385.294686
-1.906742,14,2385.901004
-0.542543,18,2386.691644
-0.046044,18,2387.461879
-0.454276,17,2388.032343
-1.102469,16,2388.670231
0.362592,19,2389.359931
0.645128,20,2390.137691
-1.89846,14,2390.644703
-0.341314,17,2391.22698
1.141833,23,2392.050596
-0.534252,16,2392.59947
-0.562183,16,2393.188692
1.151012,22,2393.965704
0.015439,17,2394.549091
-0.788296,16,2395.051228
-0.826773,17,2395.582974
-0.769163,15,2396.067422
-0.234314,17,2396.585896
0.000352,18,2397.155061
-1.696329,14,2397.593194
2.313172,25,2398.365843
-0.159192,17,2398.896892
0.05724,18,2399.453885
0.354415,18,2400.001018
-0.719012,16,2400.494968
-0.307608,17,2401.008892
-0.647088,17,2401.533851
-0.291082,18,2402.100595
-1.009516,16,2402.603777
-0.953817,16,2403.103787
0.256716,20,2403.713433
0.792954,19,2404.318088
-0.179207,18,2404.888432
-0.280426,18,2405.452788
-1.238017,15,2405.924621
-0.108215,17,2406.46295
-0.272496,18,2407.206911
-1.119389,16,2407.916469
0.760371,21,2408.683763
1.213319,20,2409.447252
-0.127008,18,2410.138645
-0.291612,18,2410.822448
-0.142679,17,2411.394406
0.571235,19,2411.994278
0.071472,18,2412.571775
0.097275,19,2413.193939
-1.822898,14,2413.645814
-0.271057,17,2414.190166
-0.474102,17,2414.787681
-0.916566,16,2415.453991
-0.127274,17,2416.18209
-0.951083,16,2416.698445
-0.789319,16,2417.267201
1.4928,22,2418.058965
0.047608,18,2418.693622
-0.403413,17,2419.231602
-0.707076,17,2419.787812
0.403322,19,2420.380566
0.996366,21,2421.051181
-1.366626,15,2421.526791
-0.309845,17,2422.072843
0.444348,21,2422.747792
0.613421,18,2423.34274
0.791226,20,2424.25099
0.115544,19,2425.000258
-1.685589,14,2425.607381
-0.522982,17,2426.378838
0.225445,19,2427.178307
-1.278065,15,2427.764219
-0.002309,17,2428.388222
0.650709,20,2429.16137
-0.088606,17,2429.809653
-0.072937,18,2430.48949
-0.545431,16,2431.355253
-0.568453,17,2432.06234
-0.665473,16,2432.70075
-0.456593,17,2433.358271
-1.73112,14,2433.905679
1.164464,22,2434.750473
-1.05076,15,2435.294681
-0.483807,16,2435.908719
1.225892,23,2436.782079
0.352608,20,2437.404339
-1.189159,15,2437.852705
-0.00343,18,2438.4216
-0.885261,17,2438.96242
-0.934038,15,2439.48803
-0.340994,18,2440.275287
1.527907,25,2441.119265
-0.091974,18,2441.778204
0.942488,22,2442.53378
-1.48027,14,2443.034903
0.096157,18,2443.689935
-1.665313,14,2444.21638
1.040757,22,2444.957337
-1.215388,16,2445.460976
-1.283873,15,2445.921694
0.66175,21,2446.565551
-0.307293,17,2447.090217
1.765485,25,2447.843819
-0.678514,16,2448.338428
0.511117,19,2448.921627
-0.528827,17,2449.463043
-0.49305,17,2449.979798
0.082262,19,2450.564444
-1.068606,15,2451.024618
-0.340355,18,2451.569449
0.170991,20,2452.173313
-0.309271,17,2452.715166
-0.389041,17,2453.22925
-0.564588,16,2453.767959
-1.086686,15,2454.491432
0.416319,20,2460.876477
-0.486349,17,2461.488257
0.362667,18,2462.084092
0.309835,19,2462.688193
0.456308,19,2463.259212
-1.123648,15,2463.7189
0.299173,19,2464.300502
-0.285177,17,2464.818509
-0.460625,17,2465.361663
0.879371,22,2466.037173
0.917097,21,2466.681738
-1.21265,15,2467.142758
-1.1234,15,2467.707471
0.211053,18,2468.4394
-1.11329,15,2468.904634
-0.799542,17,2469.521205
-0.448559,17,2470.191206
0.119146,19,2470.884742
-1.722205,14,2471.37668
-0.939743,14,2471.800579
0.720759,19,2472.403651
-1.603356,14,2472.836048
-0.025367,18,2473.394361
-0.204908,17,2473.908281
-0.284293,18,2474.444665
0.284447,19,2475.002523
-0.027703,17,2475.522383
-0.358977,17,2476.046093
-1.12251,16,2476.547079
0.012012,18,2477.113651
-0.579759,16,2477.59947
-0.428545,17,2478.106048
0.099883,18,2478.642497
0.408131,18,2479.31781
-0.29022,17,2480.129224
0.014906,18,2480.738076
-1.412319,15,2481.31195
-0.603534,16,2481.963163
-0.627789,16,2482.55844
-0.969748,15,2483.125524
-0.250769,17,2483.749221
-0.15675,18,2484.410242
-1.120696,15,2484.882131
-1.720453,14,2485.414373
-0.247077,17,2486.068994
-0.622857,16,2486.64488
-0.383985,18,2487.298509
-0.845258,16,2487.906108
-0.605782,17,2488.520474
-0.825767,16,2489.014932
-0.910281,16,2489.501911
-1.077786,15,2489.9745
0.58208,21,2490.62994
-1.744932,14,2491.067403
1.987757,24,2491.820338
1.259883,22,2492.518908
0.185415,18,2493.066195
0.055457,18,2493.615248
-0.902665,16,2494.103717
1.035008,22,2494.771509
-0.184972,17,2495.289377
-0.636822,17,2495.818068
-1.407003,15,2496.347373
1.526622,23,2497.521575
-1.48468,14,2498.156179
-1.66613,14,2498.760519
-1.513301,14,2499.347516
-0.88544,15,2499.945745
0.532149,20,2500.705825
0.093815,18,2501.421295
-0.06083,18,2502.116829
0.722409,20,2502.905209
-0.749721,16,2503.52516
-0.053902,18,2504.177963
1.140853,23,2505.057963
0.609602,20,2505.810143
-1.880448,14,2506.304572
-0.424359,16,2506.835642
-0.218481,17,2507.439685
0.040501,18,2508.105497
-0.594813,16,2508.707135
-0.797032,15,2509.240171
-0.492488,17,2509.763383
-0.329987,17,2510.294916
0.43148,19,2510.894735
0.435713,18,2511.453639
-1.421271,14,2511.888287
0.852057,20,2512.50415
0.858314,20,2513.110267
-0.418068,16,2513.610548
-1.293584,15,2514.076592
-1.40687,14,2514.512005
0.065865,18,2515.063707
-0.387263,17,2515.598264
1.027516,19,2516.180083
-0.772204,17,2516.697055
-0.342431,17,2517.217118
1.123614,21,2517.870751
-1.112678,15,2518.331389
-0.392762,18,2518.886521
-0.961336,15,2519.341133
0.383287,19,2519.923815
0.748168,19,2520.52139
-1.623953,15,2520.986617
-0.340527,16,2521.478886
-0.620321,16,2521.956715
0.125759,19,2522.756151
-0.614754,16,2523.408462
-0.390344,17,2523.994241
-0.053338,18,2524.665673
0.538442,19,2525.393458
0.300998,18,2526.063047
-0.521414,17,2526.716944
-0.333614,17,2527.35673
-0.834331,16,2527.961306
-1.017753,15,2528.515043
0.086217,18,2529.180381
0.330598,20,2529.816612
-1.791147,14,2535.64236
0.573039,20,2536.424263
-0.25887,18,2536.98543
-0.932691,16,2537.46738
-1.331267,15,2537.939612
0.887151,22,2538.629912
0.105859,18,2539.179256
-1.162124,15,2539.630785
-0.436855,17,2540.158737
-0.865063,16,2540.66923
-0.847239,16,2541.177186
0.703312,20,2541.796883
0.223046,19,2542.363416
-0.573471,16,2542.842126
-0.045202,17,2543.355324
-1.251613,15,2543.830904
0.209961,18,2544.384336
-0.892031,16,2544.857234
-1.298215,15,2545.302708
-0.753034,16,2545.796908
-1.131762,15,2546.266966
-0.188707,17,2546.788774
0.430128,19,2547.363835
-1.744084,14,2547.798863
-1.891618,14,2548.223214
-0.374941,17,2548.749628
1.066805,23,2549.490246
-0.490551,18,2550.402578
1.05673,23,2551.412868
-0.068174,18,2552.082691
0.637477,19,2552.885897
-0.232036,18,2553.573596
1.897441,25,2554.52688
-0.16112,17,2555.149083
0.273655,19,2555.894572
-0.808725,16,2556.540141
-0.901203,15,2557.151058
0.39738,19,2557.874897
-0.539933,17,2558.500257
-0.096733,18,2559.197961
-0.376434,17,2559.833206
-0.712098,16,2560.409595
-0.675081,16,2560.997907
-1.226902,16,2561.561321
-1.216342,15,2562.1345
-0.688646,17,2562.765548
-0.399985,17,2563.40706
0.221385,19,2564.125674
-1.169041,15,2564.709057
-0.098706,18,2565.396864
-0.970377,16,2565.895143
1.126813,23,2566.599015
-0.545756,17,2567.121855
0.218612,18,2567.683033
-1.557452,14,2568.119865
-2.001677,13,2568.523586
0.377022,19,2569.118573
0.401937,19,2569.703038
-0.363591,18,2570.273937
-1.429346,15,2570.743914
-0.844095,16,2571.231829
0.992728,21,2571.87657
0.790909,20,2572.508515
-1.278068,15,2572.986296
-1.0541,16,2573.474113
0.237931,19,2574.038689
0.338113,18,2574.576263
-1.365091,15,2575.04112
-0.56298,16,2575.519381
0.60902,20,2576.13361
-0.145946,18,2576.698359
0.741928,19,2577.284336
-0.496814,16,2577.783531
-0.471006,17,2578.30268
-0.070325,18,2578.8645
-0.435866,17,2579.390582
-1.097079,15,2579.85786
0.175534,18,2580.408068
-0.123083,19,2580.989936
0.241471,18,2581.526789
-0.728465,17,2582.067442
-0.636473,17,2582.578664
-0.136002,18,2583.129399
-0.657999,16,2583.614866
-0.241168,18,2584.343678
-0.586031,17,2585.071525
1.423244,23,2586.034981
0.194057,18,2586.8226
-0.075623,17,2587.525508
-0.103591,17,2588.2196
1.043737,22,2589.034182
-0.773158,17,2589.636449
0.700465,20,2590.304255
0.046721,18,2590.852215
-0.836809,16,2591.34168
-0.309266,17,2591.856646
0.302841,19,2592.723523
-1.283867,15,2593.252792
-1.391581,15,2593.815038
-0.570426,17,2594.450109
-1.140182,15,2594.987239
1.051143,24,2595.894005
-0.152746,18,2596.515288
-1.604198,14,2597.006861
-0.906172,16,2597.58011
-0.682367,16,2598.154125
-1.234248,15,2598.662447
0.083537,19,2599.247233
0.252242,18,2599.799274
0.184577,18,2600.351133
-0.116659,18,2600.896358
-0.517592,17,2601.408164
0.415528,18,2601.994489
-0.192617,17,2602.746211
-1.61205,14,2603.168629
-0.22824,17,2603.819852
-0.890867,16,2604.429592
-0.9434,15,2605.021415
-0.492629,17,2610.719211
0.043803,18,2611.44848
-1.169817,15,2611.929881
-1.765849,14,2612.42026
-0.464908,16,2613.01852
0.032494,17,2613.596884
0.914334,20,2614.354342
1.057704,22,2615.132376
-1.753868,14,2615.649421
0.168052,19,2616.329713
-0.540432,17,2616.893384
0.363102,19,2617.466746
0.232278,19,2618.036312
-0.448329,17,2618.545316
-0.473702,17,2619.410147
-0.411958,16,2620.02274
-0.126757,17,2620.696598
-0.909863,16,2621.323927
0.088122,18,2621.994452
-1.919356,14,2622.545352
-0.225983,17,2623.182364
-0.105,17,2623.883311
0.6229,19,2624.544983
0.385738,19,2625.123475
-1.424366,15,2625.573166
-0.718574,16,2626.060281
0.181263,19,2626.629112
0.607763,20,2627.254112
0.124497,18,2627.797997
0.232932,19,2628.402353
-0.330921,17,2628.925736
0.046956,17,2629.44145
0.198387,18,2630.103884
-0.154548,18,2630.74844
-0.920337,16,2631.29228
-0.20791,17,2631.89697
0.537024,19,2632.579316
-0.782658,16,2633.1487
-0.201177,18,2633.764987
-0.239454,18,2634.405527
0.390741,20,2635.05816
-0.321272,17,2635.581165
0.284429,19,2636.16239
0.246535,19,2636.747129
-0.575869,16,2637.245941
-0.388437,17,2637.757587
-0.262512,17,2638.289889
-0.81047,16,2638.77689
-0.298927,18,2639.333347
0.292116,18,2639.875772
0.056774,18,2640.430054
-0.339904,18,2640.981019
-0.233317,18,2641.542103
-1.721135,14,2641.972743
0.342399,18,2642.533813
1.280982,24,2643.249476
-0.243833,17,2643.786144
-0.380718,17,2644.480787
-0.362062,16,2645.014485
-1.289997,15,2645.585841
-0.124279,18,2646.204112
0.391362,18,2646.752428
-0.932861,16,2647.23514
-0.718039,16,2647.732795
0.238163,18,2648.283234
-0.860055,16,2648.911524
-0.719147,17,2649.664274
1.174893,20,2650.374919
-1.821185,14,2650.853592
0.225056,19,2651.503309
0.602298,19,2652.197503
1.265584,22,2652.946991
0.244799,20,2653.669554
0.054593,17,2654.323009
-0.890609,16,2654.995891
1.780355,23,2656.021014
-0.022247,18,2656.679401
-1.388367,15,2657.196963
0.024412,18,2657.829138
0.698087,21,2658.594394
-0.591522,17,2659.177203
0.075727,19,2659.808412
0.07674,18,2660.489926
0.12013,19,2661.156043
1.215879,22,2661.823341
-0.104892,18,2662.362156
0.662614,20,2662.970694
0.15019,18,2663.51911
1.523122,24,2664.248987
0.461434,19,2664.829013
-1.271881,15,2665.295739
-1.436709,15,2665.750778
0.829793,22,2666.411848
-0.240066,17,2666.935729
0.281522,20,2667.549306
-0.90936,16,2668.044978
1.492564,25,2668.809391
-0.126927,17,2669.323019
0.941102,21,2669.979161
-0.887795,16,2670.45234
-0.590964,16,2670.920622
0.628205,21,2671.548028
-0.325069,17,2672.070977
0.238103,18,2672.631269
0.084572,18,2673.196776
0.834733,21,2673.852167
0.413691,19,2674.436701
0.130642,19,2675.021156
0.833,19,2675.59431
0.418763,19,2676.173733
-0.072164,18,2676.749822
-1.06221,15,2677.40153
-0.358853,17,2677.949317
1.532684,23,2678.734993
0.515121,19,2684.661769
0.898026,22,2685.438498
-0.141747,18,2686.127389
-0.415013,17,2686.807081
-0.10612,18,2687.412378
0.029955,18,2688.07043
-0.636105,17,2688.602336
0.153636,20,2689.205904
-1.029842,16,2689.690332
-0.130036,18,2690.239915
0.820347,21,2690.883955
-0.079832,17,2691.403202
-1.114056,16,2691.897583
-0.609133,17,2692.418601
0.012296,19,2693.01759
-0.839817,15,2693.677892
-0.55394,17,2694.22264
-0.493376,17,2694.862743
-0.307389,17,2695.527503
1.562663,25,2696.462126
0.481256,19,2697.201901
-1.3412,15,2697.820174
-0.26742,17,2698.462301
0.71388,21,2699.155257
-0.669494,16,2699.64536
2.329894,29,2700.513819
-0.155338,18,2701.046774
-0.266125,19,2701.622476
-1.212337,15,2702.087389
2.295423,27,2702.931736
0.025274,19,2703.506332
1.452625,24,2704.252651
-1.488118,14,2704.691171
-1.301756,15,2705.165507
-0.528828,17,2705.690752
-0.067424,18,2706.251865
0.979523,21,2706.883403
-0.667407,18,2707.433882
-0.423359,18,2707.98071
-1.34054,15,2708.428429
1.048767,21,2709.073642
0.813838,21,2709.716111
0.597599,20,2710.345236
0.073215,19,2710.920513
-0.349473,18,2711.476789
-0.033549,17,2711.998231
-1.110825,15,2712.483279
-0.53673,17,2713.226605
0.535617,21,2714.172574
-0.730975,16,2714.736184
-0.354342,17,2715.36536
-0.935609,16,2715.995597
0.733037,20,2716.765504
0.391318,19,2717.47565
0.323761,19,2718.195514
-0.622284,17,2718.832756
0.370774,20,2719.632751
-0.511803,17,2720.257272
-0.50032,18,2720.94673
0.185917,18,2721.58453
1.102918,21,2722.392352
-0.559482,17,2723.0135
1.459257,25,2723.977878
1.053788,21,2724.761857
-0.159078,18,2725.47928
-0.754204,17,2726.131038
0.992528,20,2726.891103
0.702309,20,2727.612858
0.548354,20,2728.366358
0.105074,19,2729.052634
0.54121,19,2729.709515
-0.044212,19,2730.306791
-0.056736,19,2730.894967
0.983783,23,2731.597895
-0.589817,17,2732.112338
-43.804729,176,2737.468872
-0.471479,18,2738.021297
0.08824,18,2738.604991
-0.874916,16,2739.090811
0.387077,19,2739.667719
-0.980233,16,2740.151631
0.276405,19,2740.736137
-0.009533,18,2741.280987
-0.982664,16,2741.777786
-1.371696,15,2742.235913
-2.291497,13,2742.643498
-1.387357,15,2743.108588
1.693779,25,2743.865446
1.315728,25,2744.630512
1.083917,23,2745.354861
1.638643,22,2746.026832
-0.266652,18,2746.587002
-0.647138,16,2747.084305
-0.181101,18,2747.637576
-1.480323,15,2748.116434
0.877821,19,2748.697243
0.631128,21,2749.336451
-0.919781,16,2749.8306
0.793899,20,2750.439892
1.11304,21,2751.126287
0.877875,21,2751.78018
-1.393665,15,2752.416972
0.89039,22,2758.731445
-0.648168,16,2759.274696
0.409718,20,2759.882761
-1.181578,15,2760.351894
-0.514573,17,2760.876646
-0.610254,17,2761.399447
0.437679,19,2761.974836
-0.782575,16,2762.48332
0.263402,21,2763.115006
0.484136,20,2763.730812
-0.838981,17,2764.266058
1.278595,21,2765.189562
-0.713469,16,2765.829931
0.155406,19,2766.531236
0.05273,19,2767.136478
-40.804093,176,2773.197895
0.529933,21,2774.014648
-0.019507,17,2774.701573
0.351781,19,2775.407706
-0.367297,17,2776.107881
1.646346,26,2777.01426
0.027758,19,2777.6212
-0.331839,17,2778.15616
0.935076,22,2778.829604
0.265377,19,2779.417859
-0.530171,18,2779.983615
-0.284062,17,2780.509522
0.725912,19,2781.106569
0.387104,21,2781.753153
-0.022659,18,2782.309101
-0.428339,18,2782.880725
-0.716881,17,2783.399491
-1.889999,14,2783.8461
-1.035025,16,2784.363574
0.380306,20,2785.008692
1.340764,23,2786.002397
-0.579786,17,2786.576174
0.56883,20,2787.226467
-0.821717,16,2787.890716
-0.894183,15,2788.488135
-0.162753,18,2789.236264
1.691417,25,2790.328298
1.250606,22,2791.185824
0.254403,20,2791.940474
-0.582456,17,2792.576849
-0.841598,16,2793.162667
0.53647,21,2793.812025
-0.512677,18,2794.368305
-1.119211,16,2794.856148
-0.491697,17,2795.361323
-0.020882,18,2795.915072
-2.424212,13,2796.31707
-0.046441,19,2796.904951
-0.636156,17,2797.407845
-0.663069,17,2797.933824
-1.047809,16,2798.418546
0.263176,18,2798.988707
0.218508,20,2799.625596
0.059087,19,2800.54077
-1.374898,15,2801.087285
0.115058,18,2801.773032
0.358517,18,2802.424984
-0.166319,17,2803.139511
-1.270833,16,2803.753517
1.559125,24,2804.519243
1.075951,24,2805.334369
-0.65359,17,2805.882297
1.1225,23,2806.599521
0.482098,19,2807.174079
-0.57101,16,2807.67592
1.273537,24,2808.435585
-1.209425,16,2808.942126
0.175598,19,2809.540194
0.142051,19,2810.136297
0.946762,22,2810.962826
-0.416427,18,2811.901078
-1.482861,15,2812.665393
-0.367133,18,2813.34922
0.394552,20,2814.122438
-0.904803,16,2814.693667
-0.463686,18,2815.360316
-1.14734,16,2815.988619
-2.309638,13,2816.465451
0.297899,20,2817.208967
-0.396097,17,2817.732816
-0.038354,18,2818.286339
-0.554806,17,2818.814253
0.707762,19,2819.407343
-0.891533,16,2819.889849
0.369941,19,2820.465877
0.780457,21,2821.126533
0.485018,21,2821.78823
-1.315415,15,2822.249678
-0.055354,18,2822.812548
-1.482596,15,2823.264135
0.921883,20,2823.868979
-0.188318,17,2824.377069
0.066442,18,2824.917534
-1.119708,15,2825.623958
0.121668,18,2826.303095
-0.468594,17,2827.017361
-0.861304,16,2827.729317
1.808909,26,2828.715423
-0.599503,17,2834.327447
-1.103315,15,2834.796288
-0.279,18,2835.34682
-0.678667,17,2835.940355
-0.72333,17,2836.663521
-0.258298,18,2837.396899
0.6539,20,2838.135261
0.141762,19,2838.900414
-2.145137,13,2839.396917
0.176106,18,2840.001783
-0.156366,19,2840.584062
0.507759,20,2841.195762
1.738776,25,2841.953755
-1.00138,15,2842.430069
-0.703297,17,2842.960279
-0.49209,17,2843.475645
0.412116,20,2844.346851
-0.167636,19,2845.038919
-0.443304,18,2845.697992
-0.414454,17,2846.394318
-1.272735,16,2847.146762
1.114452,22,2847.900237
-0.567254,17,2848.558096
0.273328,18,2849.193175
0.271979,19,2849.781323
-0.316691,18,2850.349857
-1.24182,15,2850.805005
-0.87706,16,2851.291785
-0.57126,17,2851.817061
-1.226383,15,2852.334719
-0.063207,18,2853.07879
0.807057,20,2853.83968
1.550385,27,2854.851938
-1.247707,15,2855.31428
0.139144,19,2855.892018
-1.03075,16,2856.401887
0.40712,20,2857.068453
0.5188,21,2857.949604
-0.243313,18,2858.56834
-0.428375,17,2859.185599
0.279652,18,2859.845412
-0.364225,18,2860.427974
-0.740596,17,2861.00398
-1.671236,14,2861.590127
-0.252028,18,2862.18161
-0.240914,17,2862.788624
-0.465989,16,2863.334209
0.216759,20,2863.994402
-0.60834,17,2864.528442
-0.495741,16,2865.025472
0.118535,20,2865.640521
0.699823,20,2866.443222
-0.977727,16,2866.985193
-0.389547,17,2867.611054
1.300949,24,2868.467759
-0.670238,16,2869.004716
1.840409,26,2869.814373
-0.721366,16,2870.299417
0.136199,20,2870.91257
-0.74908,16,2871.408393
-0.447038,17,2872.115788
-1.101437,15,2872.602098
-0.636699,18,2873.187033
1.149074,23,2873.948862
-0.553093,17,2874.513934
1.137822,25,2875.303455
0.432255,20,2875.937777
1.971285,27,2876.756573
0.576188,19,2877.53528
-0.376079,18,2878.238571
0.260577,20,2878.902577
-0.825277,17,2879.422496
0.140952,18,2880.129856
0.007388,18,2880.821999
-1.626403,15,2881.366049
-0.88272,15,2881.909451
-1.173491,16,2882.475902
-0.501355,17,2883.002497
-0.55006,17,2883.623662
0.534105,19,2884.390391
1.123821,21,2885.052919
-0.81699,16,2885.588912
0.279668,19,2886.171332
-1.258228,15,2886.61949
0.964549,22,2887.28289
-0.963451,16,2887.774992
0.203814,20,2888.422494
-0.523772,16,2888.913549
-0.870162,17,2889.44956
1.010238,21,2890.411007
-0.01935,19,2891.082074
0.390055,19,2891.682327
-1.619682,14,2892.116103
1.19732,23,2892.80706
0.452906,19,2893.437036
-0.460563,16,2894.086108
2.041031,23,2895.083376
0.385674,19,2895.860152
1.306727,24,2896.72535
-0.010723,19,2897.442963
-0.983903,16,2898.047173
-0.973891,16,2898.595451
-0.470708,18,2899.252977
-1.32401,15,2899.706712
-1.417292,15,2900.166481
-0.716114,17,2900.687365
-0.957301,16,2901.184723
0.542081,19,2901.773048
-1.835802,14,2902.202576
0.815673,21,2902.841457
-0.829077,16,2903.336425
-0.644293,17,2903.93993
0.097822,18,2904.605821
-0.799211,16,2910.313414
0.225345,20,2910.916826
0.240767,19,2911.494154
0.266687,19,2912.064999
-1.147281,16,2912.556461
-0.173944,18,2913.108244
0.861117,22,2913.989451
0.941705,22,2914.745644
0.008253,19,2915.413412
-1.021785,16,2915.909867
-0.238547,19,2916.716765
-0.303697,19,2917.375413
-0.988872,16,2917.992278
1.377122,22,2918.825644
2.113886,23,2919.703872
-0.745233,17,2920.334699
-0.448301,18,2921.038337
-0.476749,17,2921.70447
-0.504573,18,2922.487266
-1.52843,15,2923.140874
-0.011882,18,2923.836902
0.144566,19,2924.569666
-0.262283,19,2925.335658
-0.662031,17,2925.996921
-0.453776,17,2926.633139
-0.996647,16,2927.249004
0.150986,18,2927.924391
-1.654527,14,2928.376527
0.017358,19,2928.964386
-0.391894,18,2929.522134
-0.350503,18,2930.088572
0.029867,18,2930.635192
-0.054542,17,2931.155174
-0.717431,17,2931.681482
-0.18124,17,2932.212557
-0.156971,19,2932.811707
-1.447587,15,2933.262447
-1.4888,15,2933.707627
-0.527527,17,2934.294455
-0.11131,19,2935.237718
2.110886,25,2936.083345
-0.459167,17,2936.716433
-0.378446,17,2937.336536
0.19138,19,2937.933594
-1.550955,15,2938.402468
0.157483,18,2938.95241
0.756536,20,2939.561508
0.432428,20,2940.170846
-1.171875,16,2940.68138
0.02766,17,2941.201246
0.087627,19,2941.804659
1.20689,21,2942.455283
-1.119951,15,2942.964729
-0.788075,17,2943.714751
-0.907158,16,2944.28649
0.336561,19,2944.998592
0.330146,20,2945.785679
-0.320875,18,2946.540558
1.626983,24,2947.472139
-0.251716,16,2948.144116
1.277373,23,2949.043522
1.199526,23,2949.92783
-0.198145,19,2950.654943
-0.77275,17,2951.290434
0.144143,19,2951.893149
-0.849427,16,2952.398932
0.068199,19,2952.969978
-1.845455,14,2953.398907
0.618349,22,2954.086766
-0.919012,16,2954.585299
-0.164989,19,2955.177341
-1.832458,14,2955.596069
-0.288757,17,2956.12351
-0.248053,18,2956.667922
0.01252,18,2957.215995
0.835862,21,2957.854953
-1.057762,15,2958.31995
-0.619924,17,2958.843541
0.888798,21,2959.49896
0.274655,20,2960.176642
-0.202738,18,2960.984372
0.414461,20,2961.840196
0.267094,19,2962.645263
-0.679738,16,2963.278416
-1.217664,15,2963.855742
-0.638934,17,2964.484015
-0.96167,16,2965.099398
0.421192,19,2965.772165
0.81505,22,2966.564718
0.992665,23,2967.398984
-0.023313,19,2968.109431
-0.631427,17,2968.651969
1.119525,22,2969.325272
-0.179964,18,2969.866341
0.023077,19,2970.460521
-0.744927,17,2971.13301
-1.55604,15,2971.773864
-1.543325,15,2972.252368
0.056275,18,2972.958974
-0.412839,17,2973.619576
0.295123,20,2974.355589
0.208216,19,2975.060959
-1.073193,16,2975.653176
0.60265,19,2976.408428
0.497085,19,2977.042101
-1.346312,15,2977.499296
-1.870716,14,2977.933043
1.783349,24,2978.658838
-0.681408,17,2979.167949
-0.03646,17,2979.685027
0.0795,19,2980.277294
0.904574,21,2980.932759
-1.406577,15,2981.398432
-0.477644,18,2987.25084
-0.751726,17,2987.818217
-1.060704,16,2988.389113
0.534322,21,2989.156046
-0.919859,16,2989.744465
0.199657,20,2990.508211
0.366185,20,2991.22472
0.123482,19,2991.922431
-0.964775,17,2992.486212
0.232305,18,2993.040553
-0.592752,17,2993.74796
0.178645,20,2994.477169
0.492047,20,2995.233707
-0.563592,16,2995.819841
0.271327,19,2996.540809
-1.143263,15,2997.119361
0.112222,19,2997.824885
-0.903582,16,2998.434237
-0.405561,18,2999.103104
0.039263,19,2999.842086
-0.233954,18,3000.408192
0.919093,22,3001.119364
0.874135,21,3001.781411
0.573139,21,3002.422893
-0.663671,16,3002.914314
1.340961,23,3003.669081
-0.777962,16,3004.171269
-0.565341,17,3004.700306
-1.667048,15,3005.175529
-0.3931,18,3005.725505
-0.783373,16,3006.227605
-0.849076,17,3006.75324
1.118444,22,3007.44923
0.324853,20,3008.068971
-0.911864,17,3008.607124
0.901532,22,3009.304234
-0.368878,18,3009.86775
0.41721,20,3010.474935
-0.70123,17,3011.013607
0.473301,21,3011.649683
0.2984,18,3012.206909
-1.348988,15,3012.674133
-0.257132,17,3013.201893
0.454076,20,3013.83361
0.30705,19,3014.540602
0.41332,21,3015.467556
-0.472684,18,3016.072816
-0.043436,18,3016.741381
1.176538,24,3017.847358
0.8593,22,3018.746971
-0.279342,18,3019.440826
-0.983628,16,3020.073326
-0.228219,18,3020.742239
-0.036357,18,3021.431643
-1.605865,15,3022.034654
-0.717922,16,3022.608571
0.308816,20,3023.22832
0.669268,21,3023.880101
-0.277461,17,3024.404964
-0.769551,16,3024.868684
1.285548,23,3025.596084
-0.223762,18,3026.152072
-0.331136,17,3026.681478
0.791679,21,3027.388976
-1.070493,16,3028.046647
-1.267732,15,3028.649129
-0.78141,16,3029.207817
-1.019009,16,3029.777372
1.191347,21,3030.613159
-0.63788,18,3031.335957
1.01481,22,3032.137592
0.891288,23,3032.960152
0.714312,22,3033.754221
0.609322,20,3034.462639
-0.968627,16,3035.013288
-1.798312,14,3035.506451
-0.795803,17,3036.361386
-0.864296,17,3036.980004
0.979022,23,3037.876176
-0.526469,17,3038.552296
0.063189,19,3039.283544
-1.798208,14,3039.775776
0.275284,19,3040.497967
-0.254763,18,3041.146322
-0.440751,18,3041.841838
0.174177,19,3042.553502
-0.335855,18,3043.121468
0.393293,20,3043.715627
-0.44752,17,3044.221004
-0.8031,16,3044.72659
0.020234,19,3045.307217
1.226847,25,3046.075602
0.537821,20,3046.680656
0.68642,21,3047.332332
1.206582,23,3048.060503
-0.675129,17,3048.565319
-0.140168,18,3049.114762
-0.101641,18,3049.674827
-0.025423,18,3050.22297
-0.74087,17,3050.72932
1.248143,21,3051.367633
-1.427954,14,3051.799272
1.133841,23,3052.516671
1.218103,24,3053.24341
0.55318,20,3053.842506
0.267297,19,3054.422691
0.763085,21,3055.065563
-0.22389,18,3055.623586
0.091787,19,3056.208511
-0.322804,17,3056.7344
-0.848853,16,3062.644562
-0.639089,17,3063.299011
-0.279057,19,3064.063328
-0.511432,18,3064.780297
-0.100248,18,3065.473523
-1.913649,14,3066.009381
-0.173445,19,3066.725677
-0.856007,17,3067.339104
0.497381,20,3067.993519
-0.094455,18,3068.557973
-0.508863,18,3069.135935
0.735065,20,3069.748168
0.174017,18,3070.292079
0.418563,20,3070.915713
-0.255543,17,3071.472411
-1.670424,15,3071.946476
-0.066405,17,3072.46511
0.984168,21,3073.141182
-0.115464,19,3073.721501
1.049781,21,3074.392271
0.740198,21,3075.044219
-0.018549,19,3075.806246
-0.779514,16,3076.393535
0.926839,22,3077.265589
-0.087192,19,3077.976324
-0.732089,17,3078.627417
-1.631955,15,3079.195434
1.017798,22,3080.065217
-1.072293,16,3080.566513
1.105071,22,3081.247628
-0.867155,16,3081.763885
-1.646289,15,3082.389524
0.571001,22,3083.239131
-0.835864,16,3083.817782
-0.661702,17,3084.437296
0.185433,19,3085.116954
-0.125555,18,3085.763054
-0.534372,17,3086.287163
0.905405,21,3086.938633
0.2964,19,3087.513364
-1.075196,16,3087.993052
-0.582524,16,3088.471566
-0.132738,18,3089.009397
0.48726,20,3089.638397
-0.449318,18,3090.194139
-0.404659,17,3090.719146
-0.334026,17,3091.237655
-0.461187,17,3091.762588
-0.729083,16,3092.248223
-0.195064,18,3092.800916
-0.58012,18,3093.381911
0.60178,20,3094.020131
-1.179725,15,3094.47468
-0.794737,17,3095.014545
-0.439936,17,3095.778419
2.737073,34,3097.217635
0.528066,20,3097.967931
-0.413232,18,3098.671412
-0.444711,18,3099.353586
-0.33993,18,3100.038045
0.32905,20,3100.808771
-0.286798,18,3101.514229
-0.959842,16,3102.144034
1.942722,25,3103.047041
0.255958,20,3103.816481
-1.44456,15,3104.419857
1.403046,24,3105.13672
0.001228,19,3105.715237
-1.373321,15,3106.164552
-1.84713,14,3106.598432
-1.03297,16,3107.101457
-0.562634,17,3107.605266
0.660172,22,3108.28942
-1.290901,15,3108.766779
0.220139,19,3109.365497
-0.36213,17,3109.876325
0.609809,20,3110.488249
-0.406721,17,3111.013012
-1.302757,15,3111.47648
1.261463,21,3112.102178
-0.779266,17,3112.64569
0.489504,20,3113.269067
-0.432855,17,3113.797887
-1.363654,15,3114.276601
0.070978,19,3114.865539
-0.132076,18,3115.608452
-1.514989,15,3116.160071
0.453837,21,3117.043699
0.539492,19,3117.835474
-0.114561,18,3118.48621
-0.991148,16,3119.080304
2.627779,36,3120.492994
-0.592783,17,3121.18061
2.148651,27,3122.218529
-1.52436,15,3122.793536
1.618013,22,3123.533498
-0.616699,17,3124.071936
1.162764,22,3124.750109
0.002271,19,3125.340347
-0.063164,18,3125.894211
0.78988,21,3126.55601
-0.566057,17,3127.06697
-0.074455,18,3127.610458
-0.538444,18,3128.1721
-1.098401,16,3128.675848
0.921569,20,3129.276579
0.428284,20,3129.877643
0.67294,22,3130.52699
-1.207935,15,3130.981791
-1.342202,15,3131.437812
-0.797979,16,3131.92413
0.175894,21,3137.594605
1.187696,25,3138.353033
-0.132575,17,3139.097025
-0.330102,19,3139.754243
-0.630387,17,3140.389529
-0.135411,19,3141.130436
0.475168,20,3142.06008
-0.319053,19,3142.850439
0.256431,20,3143.65006
0.745714,21,3144.453123
0.13357,20,3145.178006
0.101475,19,3145.878817
0.188836,20,3146.620543
0.370978,19,3147.273148
-0.844975,17,3147.872599
0.378542,20,3148.616384
0.275583,19,3149.325113
0.576779,20,3150.140703
-0.311085,19,3150.837315
-1.045589,16,3151.365606
0.047212,19,3151.943283
-1.013331,16,3152.444285
-1.660137,15,3152.921869
0.651668,22,3153.594376
1.419599,24,3154.333049
0.449159,21,3154.972221
-1.097428,16,3155.463311
0.207928,19,3156.034594
1.39497,25,3156.803901
1.131088,22,3157.481948
0.297889,22,3158.162115
-1.450159,15,3158.629259
0.559379,20,3159.241439
-1.923185,14,3159.669704
-0.319907,18,3160.210283
-0.559265,18,3160.853733
0.253653,20,3161.570122
-0.237207,19,3162.251809
-0.188786,18,3162.935859
-0.25387,18,3163.628931
-1.038482,16,3164.171007
0.203316,20,3164.776898
0.49318,20,3165.396227
-0.859163,17,3165.923455
1.779216,28,3166.765662
0.743237,21,3167.40477
-0.578524,17,3167.902584
-1.900817,14,3168.345978
-0.12672,18,3168.887665
0.422314,22,3169.56249
0.844201,21,3170.239925
0.326106,20,3171.027793
-0.316087,17,3171.697874
0.260545,21,3172.510301
1.141874,23,3173.322775
0.064613,19,3174.020318
0.30123,21,3174.779466
-0.295559,18,3175.41963
0.162477,20,3176.049046
0.252546,19,3176.626161
0.341038,19,3177.218618
0.492238,21,3177.876025
1.551809,27,3178.694092
1.247899,23,3179.378999
0.720523,20,3179.986631
-0.976413,17,3180.666099
-0.297702,18,3181.320673
1.513118,23,3182.163699
-1.121173,16,3182.726685
-0.886939,17,3183.336583
1.613093,27,3184.33441
0.598686,20,3185.094754
-0.56372,17,3185.653495
-0.201516,19,3186.244223
0.151427,19,3186.826323
-0.314892,18,3187.372114
-1.518726,15,3187.839935
0.466472,20,3188.465581
-0.558397,18,3189.015527
-1.03133,16,3189.50866
1.337124,23,3190.20889
0.262029,21,3190.869579
-0.01757,19,3191.444564
-0.658242,17,3192.069037
0.384492,20,3192.878227
-0.336954,18,3193.502724
-1.110306,16,3194.04026
-0.632991,17,3194.6135
-0.223765,18,3195.208863
-1.21072,15,3195.698986
0.698196,22,3196.387122
0.481068,21,3197.026986
0.541263,21,3197.666242
-1.493872,15,3198.128879
-0.326477,18,3198.671603
0.153461,19,3199.250559
-0.353998,18,3199.788967
0.69971,22,3200.451316
-0.098829,19,3201.036937
-0.940465,16,3201.516523
-0.291545,18,3202.068485
1.684078,25,3202.842054
2.020454,31,3203.781675
-0.031063,19,3204.371269
-0.127461,19,3205.164345
-0.414171,17,3211.221883
0.601756,21,3212.06522
-1.375552,15,3212.661335
0.467491,21,3213.464149
0.344468,20,3214.219927
-1.477198,15,3214.754499
-0.419987,17,3215.349711
-0.272087,19,3215.930184
-0.667975,17,3216.444874
-0.165735,19,3217.030619
-0.131297,19,3217.614352
-0.978228,17,3218.126401
6.3e-05,18,3218.667658
-1.233963,16,3219.169179
-1.892637,14,3219.607497
-1.061782,16,3220.082517
-1.130196,16,3220.563347
0.733557,21,3221.195741
-0.174815,19,3221.78063
0.950468,22,3222.459622
-1.947324,14,3222.896942
-0.917357,17,3223.414386
1.179155,22,3224.074081
1.077833,22,3224.798999
-0.476815,18,3225.571897
1.381316,24,3226.428045
0.060198,20,3227.170392
0.139931,19,3227.899235
0.080144,19,3228.616147
-1.632342,15,3229.188547
-0.571783,18,3229.853621
0.921261,21,3230.516368
0.238373,20,3231.14828
0.147192,19,3231.710969
0.24745,20,3232.34283
0.049228,21,3232.985532
-0.078894,18,3233.529456
-0.766087,17,3234.05922
1.327566,25,3234.81393
0.70899,21,3235.475178
0.067527,19,3236.061624
0.563369,21,3236.705306
-1.295505,16,3237.165082
-0.379361,18,3237.728212
-0.166412,18,3238.379969
-0.494232,18,3239.144271
0.413951,20,3239.844625
-0.631777,18,3240.486705
-38.460112,176,3246.598413
-0.49703,18,3247.157185
0.930331,22,3248.098313
-0.94281,16,3248.608093
0.747702,21,3249.320667
-0.357797,18,3249.948987
0.189311,20,3250.570516
-0.602223,17,3251.101558
0.414233,20,3251.712343
0.015096,19,3252.294533
-1.360023,15,3252.756785
-0.902614,17,3253.265919
0.750489,21,3253.90892
-0.292252,18,3254.459777
1.245057,26,3255.239175
-0.243676,18,3255.790781
0.243735,18,3256.59608
-1.25893,15,3257.084149
1.062148,24,3257.8372
-0.847997,17,3258.357068
-0.806931,17,3258.898411
1.260744,25,3259.935763
-0.426085,18,3260.55354
0.505139,21,3261.308144
0.177882,20,3262.009119
0.367436,20,3262.67373
-0.82105,17,3263.270668
-0.078453,18,3263.845659
1.416256,26,3264.714436
0.682307,22,3265.426297
0.252697,20,3266.146339
-0.57198,18,3266.745071
1.58475,27,3267.562897
-0.141684,18,3268.091202
1.240225,23,3268.789438
-0.014082,20,3269.396367
-1.129198,16,3269.885488
-1.23072,16,3270.373597
0.180666,20,3270.974451
-0.338688,18,3271.56576
-0.443555,18,3272.26544
-0.42821,18,3272.909401
0.548839,20,3273.62948
1.582533,23,3274.43076
0.759887,20,3275.162509
-1.070451,16,3275.752147
-0.092189,19,3276.437621
-0.879868,16,3277.038585
0.329767,19,3277.74636
0.534209,21,3278.523589
-0.924043,16,3279.023948
0.38601,20,3279.629839
0.939722,21,3285.3441
-0.612187,18,3286.00698
-0.410551,18,3286.676229
0.884574,22,3287.556896
-0.237965,18,3288.237293
0.014921,19,3288.957613
1.360277,23,3289.768946
0.784678,22,3290.448586
-0.131014,18,3291.023232
-0.651007,17,3291.644507
1.628251,24,3292.503246
0.238401,20,3293.222732
-1.119833,16,3293.777823
1.182933,24,3294.629385
-0.831996,17,3295.150991
-0.514207,17,3295.677212
-0.600513,17,3296.200895
0.149803,19,3296.786567
0.173199,20,3297.400867
0.468137,22,3298.064109
0.177236,20,3298.686976
0.436272,21,3299.307793
0.922298,22,3299.979179
-0.292171,17,3300.504727
1.169248,26,3301.365865
1.175912,25,3302.401276
0.836255,22,3303.134171
0.949356,23,3303.98162
-0.478122,18,3304.646768
-0.966013,16,3305.230915
-1.022323,16,3305.839666
0.098175,19,3306.55935
-0.169116,19,3307.153402
-0.699333,17,3307.839442
-1.073533,16,3308.415469
-0.607925,17,3309.023824
-1.535188,15,3309.493885
-1.256607,16,3310.027625
-0.500313,17,3310.62031
-1.083837,16,3311.190989
0.478189,21,3311.824584
0.963478,21,3312.451345
-0.670119,16,3312.946048
1.095406,24,3313.687407
0.228766,20,3314.302542
0.853244,21,3314.942356
-0.057904,19,3315.518784
0.80384,22,3316.190448
-1.989891,14,3316.614221
-0.508466,17,3317.125577
-0.960684,16,3317.627975
-1.316628,16,3318.123757
-0.206415,18,3318.68084
-0.314667,18,3319.230669
0.567466,22,3320.117018
-0.777772,16,3320.794377
1.433315,24,3321.655729
-0.329582,18,3322.362647
-0.168442,18,3323.023465
1.018048,22,3323.750975
-1.355748,16,3324.282
-0.249197,18,3324.855654
0.053194,18,3325.414226
-0.638955,18,3325.950521
0.517552,22,3326.624187
1.255849,23,3327.318251
0.023902,20,3327.983398
0.993231,22,3328.959535
0.59925,21,3329.637663
-0.218645,19,3330.317874
1.64765,25,3331.22315
-0.693042,17,3331.75358
-1.490585,15,3332.239379
2.2444,29,3333.143301
0.228876,20,3333.762577
-0.445369,18,3334.315443
0.684333,21,3334.941264
-1.383318,15,3335.420002
-1.560248,15,3335.868104
-0.748465,17,3336.379005
0.604248,20,3337.081007
-1.153179,16,3337.721947
1.349419,25,3338.609698
0.144707,19,3339.360618
-0.588708,17,3340.043561
0.207129,20,3340.821134
1.426324,23,3341.681353
-0.197883,19,3342.520125
-1.301455,16,3343.159748
0.139485,20,3343.921309
-0.764438,17,3344.562908
-1.007314,16,3345.154648
-0.640913,18,3345.715368
-1.045432,16,3346.207268
-0.661758,17,3346.729144
0.296942,20,3347.335136
-0.479044,17,3347.882653
-0.558663,18,3348.403592
0.201786,20,3349.016355
0.200334,21,3349.6444
0.275467,21,3350.314942
0.495157,20,3351.138371
1.345284,23,3351.931956
1.211767,22,3352.711665
0.10577,20,3353.32295
0.530608,21,3353.957275
-0.422665,18,3359.599498
0.257011,20,3360.219849
0.190212,21,3360.866292
-0.862671,16,3361.34075
-0.473135,18,3361.899856
-1.114527,16,3362.405163
0.368663,22,3363.170729
-1.089612,16,3363.851124
0.641187,22,3364.790069
-0.862758,17,3365.487039
0.707754,22,3366.379574
-0.795644,17,3367.01295
0.599829,21,3367.83746
-0.791454,17,3368.511458
-0.470828,18,3369.183565
-0.854551,16,3369.802057
-0.067878,19,3370.498941
0.289389,20,3371.099696
0.425408,21,3371.734251
0.362931,21,3372.385058
-0.804837,17,3372.906344
-1.604385,15,3373.378759
-37.303641,176,3379.051374
1.644397,29,3380.110981
-1.031153,16,3380.734108
0.143566,19,3381.442822
0.98057,24,3382.528894
-0.949691,17,3383.208884
-0.581711,18,3383.817432
1.227907,24,3384.749249
-0.663863,17,3385.373768
-0.416362,18,3386.055298
-0.434834,17,3386.68676
0.152257,19,3387.401945
-0.222023,19,3388.095583
-0.043963,19,3388.842118
0.893799,22,3389.543454
0.507084,21,3390.202693
-1.681593,15,3390.653594
-0.276063,18,3391.194154
0.761699,21,3391.82311
0.239628,20,3392.442322
1.306439,24,3393.190238
-0.783009,16,3393.690898
0.53722,21,3394.33805
-0.754494,17,3394.86843
1.143045,21,3395.508611
0.583057,20,3396.131694
0.661641,21,3396.765126
-1.310161,15,3397.231909
0.925317,22,3397.912346
0.781226,21,3398.54694
-0.559094,17,3399.053873
-0.19709,18,3399.61907
-1.413766,15,3400.10678
0.157209,20,3400.712305
-1.01319,16,3401.207927
0.060613,20,3401.822933
-0.708791,18,3402.368453
-0.902235,17,3402.88893
-1.11826,16,3403.388647
-0.648092,18,3403.94605
0.619972,20,3404.582958
0.253733,21,3405.23355
-0.356446,19,3405.80972
-1.549277,15,3406.38648
-0.359658,19,3407.199942
0.967959,21,3408.013453
-0.461199,18,3408.806694
0.13935,19,3409.669371
-0.325876,18,3410.450793
0.280747,20,3411.1994
0.48915,20,3411.986609
-0.986791,16,3412.635403
0.471545,20,3413.431729
-1.60688,15,3414.019559
0.112637,20,3414.796662
-0.828668,17,3415.439875
-1.036173,16,3416.050539
0.183025,20,3416.771611
-0.673014,17,3417.272192
-0.357504,18,3417.837132
-0.949285,16,3418.325264
-0.869571,16,3418.798036
0.082193,20,3419.425942
-0.084693,19,3419.994909
0.872822,23,3420.694471
2.1393,28,3421.533562
0.042049,19,3422.107353
-0.102095,20,3422.69421
0.034482,18,3423.246917
0.384324,21,3423.885892
-0.550667,18,3424.43926
-1.383622,15,3424.910546
-1.194012,16,3425.65572
0.585242,21,3426.32709
1.458163,25,3427.101136
-0.157302,18,3427.873026
0.768236,21,3428.601215
-0.783367,17,3429.163465
-1.068279,16,3435.027251
0.549014,21,3435.88757
-0.437069,18,3436.549391
0.791851,23,3437.457699
1.430955,24,3438.371366
1.408297,23,3439.213227
-0.107389,19,3439.923337
-0.802796,17,3440.557462
-0.02037,19,3441.213328
0.097162,20,3441.836555
0.41865,20,3442.443352
-0.880986,16,3442.931945
1.147362,24,3443.642362
0.047511,20,3444.245969
1.746325,30,3445.178755
-1.094409,15,3445.639977
-0.092568,19,3446.21515
-1.009525,16,3446.70203
-0.040492,19,3447.262671
-0.662244,17,3447.780566
0.081784,20,3448.39406
-1.369724,15,3448.838208
-1.294517,15,3449.300347
-1.341366,15,3449.777569
0.949804,22,3450.455628
-0.480978,18,3451.019555
0.51721,21,3451.640986
0.576138,20,3452.261475
-1.541569,15,3452.717186
-0.420229,17,3453.251815
-0.135216,18,3453.809423
-0.089937,19,3454.396118
0.596711,20,3454.998976
-0.683874,17,3455.496633
-0.41664,17,3456.011556
0.195411,20,3456.852441
0.928145,22,3457.625378
-1.207178,16,3458.32449
-1.277954,16,3459.025911
1.78946,26,3460.124824
0.123716,19,3460.895408
0.704411,22,3461.769275
1.135421,24,3462.724946
0.112783,21,3463.535717
-1.498885,15,3464.108655
-0.858173,17,3464.756673
-1.357896,15,3465.370656
-0.023127,20,3466.133442
0.16696,20,3466.745978
-1.006343,16,3467.242225
-0.960691,16,3467.719296
0.099692,19,3468.293126
-1.504926,15,3468.765439
-0.655064,17,3469.285068
1.135436,23,3470.012537
0.794958,23,3470.710397
-2.01614,14,3471.143164
0.809755,21,3471.776867
0.459082,19,3472.359258
0.028853,19,3472.939346
0.374786,20,3473.541037
0.56983,21,3474.207139
0.033243,19,3474.780341
0.645021,22,3475.458278
1.921536,26,3476.241277
0.708562,21,3476.873096
0.031058,20,3477.584668
-0.050562,18,3478.388168
-1.488562,15,3478.950073
0.303835,22,3479.714063
0.144418,19,3480.456696
-1.577332,15,3481.030358
0.758893,21,3481.82158
0.986316,23,3482.730566
-0.733591,17,3483.381844
-0.675715,17,3484.025286
-0.577331,17,3484.603678
-1.962055,14,3485.046978
-0.044207,19,3485.618919
0.96961,22,3486.299734
-0.441074,18,3486.840925
-0.202131,19,3487.456491
0.859211,22,3488.134662
-0.069397,20,3488.741777
0.354757,20,3489.399127
-0.669902,17,3490.160836
-0.449242,17,3490.709733
-0.074178,19,3491.393888
-1.139135,16,3491.966652
-0.978157,17,3492.509163
0.123787,20,3493.130688
-1.793623,14,3493.554222
-1.531761,15,3494.01435
-0.184704,19,3494.595444
-0.156294,18,3495.154213
0.311774,21,3495.803171
-0.186293,18,3496.352072
-0.004183,19,3496.935516
-0.323958,18,3497.678461
-0.873663,17,3498.257613
1.853568,25,3499.145303
0.412824,21,3499.904172
0.278146,21,3500.665631
0.140002,19,3501.473496
1.556349,24,3502.414529
-0.486028,17,3503.048991
-0.449335,18,3503.777465
0.044065,20,3509.707708
-0.453037,18,3510.256869
-0.454256,18,3510.803934
-0.127363,19,3511.381953
-0.474874,18,3511.933679
0.967502,22,3512.624498
-0.554388,18,3513.16438
-0.218082,18,3513.731053
-0.38121,18,3514.267851
-0.9321,17,3514.783922
0.49817,23,3515.481163
0.739366,23,3516.193609
-1.101694,16,3516.668555
1.063857,24,3517.39347
0.579398,22,3518.275545
0.376824,21,3519.002416
1.034307,24,3519.864692
-1.25079,16,3520.454977
1.19628,24,3521.242407
-1.190235,16,3521.767276
-2.08232,14,3522.217817
0.330727,21,3522.961087
0.882292,23,3523.654322
-0.151842,18,3524.21297
0.411588,21,3524.851255
-1.648936,15,3525.31943
0.200303,20,3525.936743
-0.176879,19,3526.502031
-0.616497,18,3527.068095
-0.494068,18,3527.646129
0.336469,20,3528.268282
-0.071332,19,3528.842312
1.197966,24,3529.574875
0.664813,23,3530.25809
-1.088413,16,3530.761989
0.645008,21,3531.421941
-0.007853,19,3531.989816
-0.708649,18,3532.534194
-1.381153,15,3532.995423
-0.38621,18,3533.574367
0.203959,19,3534.151487
-1.794114,14,3534.614114
-0.368049,18,3535.380877
-0.258407,18,3536.062026
1.15861,23,3536.839208
0.471012,22,3537.60426
1.862244,25,3538.512329
2.290476,25,3539.440245
-1.117309,16,3540.003446
-0.168161,19,3540.666609
0.569911,22,3541.552892
-0.754413,17,3542.187262
-1.268647,16,3542.693486
0.467679,22,3543.436098
-0.667854,18,3544.090945
-0.904913,17,3544.668615
-2.282155,13,3545.060735
0.495011,21,3545.717427
0.065076,20,3546.335501
-0.577284,18,3546.901025
-0.877852,17,3547.429868
-1.422124,15,3547.903646
1.700475,28,3548.760231
0.453644,21,3549.408094
0.457153,21,3550.039822
0.656394,22,3550.724509
1.255852,22,3551.400489
0.2287,20,3552.249498
-1.067233,17,3552.803909
0.151735,19,3553.462439
0.084107,19,3554.182376
0.05414,20,3554.963102
-0.491098,17,3555.609676
0.505853,20,3556.349757
1.527618,26,3557.341763
-0.234737,19,3558.114413
0.312719,20,3558.786177
0.392932,20,3559.506183
0.405945,21,3560.253149
0.685631,22,3561.066408
0.753751,22,3561.82477
0.900829,22,3562.485518
-0.713876,17,3563.026455
0.369176,20,3563.633516
-0.340223,19,3564.201475
-0.851492,17,3564.714415
-1.235901,16,3565.214797
-0.245005,18,3565.773916
0.125776,20,3566.381027
1.528136,26,3567.157403
-1.010127,17,3567.670223
1.572873,26,3568.462712
-0.534729,18,3569.01999
0.10146,19,3569.603837
0.047406,20,3570.219608
-0.721379,17,3570.742468
-0.097782,20,3571.369184
-0.514135,18,3571.925782
-0.395473,17,3572.440601
-1.234647,16,3572.935075
-0.160166,19,3573.529936
0.978188,23,3574.234505
0.336782,20,3575.03272
0.476551,20,3575.742671
1.324131,24,3576.832729
0.574531,21,3583.117355
-1.41313,16,3583.713248
-0.137089,19,3584.465753
0.30462,22,3585.143025
0.724529,23,3585.877365
-0.927219,17,3586.380894
0.100172,20,3586.991818
0.185609,20,3587.604519
-0.56075,18,3588.173991
-0.180809,19,3588.766997
1.93655,27,3589.581318
-0.13201,19,3590.16597
-0.14278,19,3590.751928
-0.083947,19,3591.345286
-1.494286,15,3591.799314
-1.148759,16,3592.282537
1.095397,25,3593.04129
1.829915,26,3593.834843
-1.115799,16,3594.332951
-0.256394,18,3594.882851
1.618196,26,3595.986509
-0.383441,18,3596.603127
-0.993923,16,3597.210471
-0.420966,18,3597.862587
0.98691,23,3598.681791
-1.594136,15,3599.227897
-1.502585,15,3599.821432
-0.745782,17,3600.344574
1.627706,24,3601.080704
-1.575227,15,3601.551418
-1.299345,16,3602.084807
-0.68779,17,3602.765909
0.301398,20,3603.470721
-1.258658,16,3604.049597
-0.472041,18,3604.733798
-1.222099,16,3605.346286
-0.460693,18,3605.913992
1.598474,26,3606.724147
-0.266377,18,3607.28312
-1.201525,16,3607.766595
1.463387,25,3608.535774
-2.094505,14,3608.971018
0.141642,20,3609.57108
-0.393407,19,3610.326378
0.245776,21,3611.099385
0.357501,21,3611.89838
0.192778,20,3612.508888
0.124373,20,3613.113547
-1.606299,15,3613.580128
1.172137,24,3614.459667
0.798797,22,3615.338929
0.664108,23,3616.226877
-0.25583,18,3616.787375
0.000741,20,3617.619928
0.079912,20,3618.335356
-0.713235,17,3618.992459
0.552718,21,3619.793847
0.454755,21,3620.624757
0.0853,20,3621.389453
1.00418,22,3622.227764
0.013834,19,3622.967865
-1.846198,14,3623.587429
-0.275777,19,3624.280115
0.125673,19,3624.922042
0.340257,21,3625.596662
0.51937,21,3626.253947
-0.040176,20,3626.875025
-0.399559,19,3627.561303
-0.41746,18,3628.424068
0.235876,20,3629.142092
-1.666622,15,3629.693577
0.117126,20,3630.341012
-1.792905,14,3630.776492
-0.462412,18,3631.320709
0.441282,21,3631.969575
0.104571,20,3632.578232
0.148487,19,3633.159591
-1.638474,15,3633.62245
-0.003963,19,3634.213906
1.256517,22,3634.889147
0.485877,21,3635.546568
-1.163837,16,3636.052342
-1.361866,16,3636.679777
0.435911,21,3637.680959
0.028131,20,3638.344849
-1.128473,16,3638.891685
0.291681,20,3639.616235
0.362399,22,3640.294835
-1.340454,15,3640.748298
-0.920941,17,3641.322045
0.387751,21,3642.179222
0.784474,22,3642.929452
-1.790228,14,3643.513375
0.070367,20,3644.298478
0.362495,20,3644.926234
0.072635,20,3645.571826
0.675864,23,3646.270632
-0.162117,19,3647.168459
0.833804,22,3647.915738
-0.014931,19,3648.586129
0.407318,21,3649.263395
2.133705,29,3650.179459
0.38029,21,3650.841736
0.02938,19,3651.452704
-0.644531,18,3652.259069
-0.072081,20,3652.986467
0.50163,21,3658.899957
-1.105881,16,3659.420344
-0.054206,19,3660.304161
0.615844,20,3661.030814
-0.341895,19,3661.671949
-1.172928,16,3662.234808
-0.004979,19,3662.841708
0.775929,22,3663.541159
-0.692657,17,3664.075122
-0.033047,20,3664.945405
1.804407,26,3665.809423
-0.279694,19,3666.540058
0.538664,21,3667.351301
1.077124,23,3668.269264
-0.827947,17,3668.90679
0.26895,21,3669.834856
-0.445631,18,3670.593542
-0.136178,19,3671.337971
0.334062,21,3672.021754
0.097486,20,3672.764587
1.63717,24,3673.601695
0.173331,20,3674.315331
-0.178273,19,3675.032794
-0.503443,17,3675.596658
-0.102427,18,3676.174519
-0.072507,19,3676.788774
-0.423281,18,3677.345602
1.405201,25,3678.129433
0.648806,21,3678.803129
1.012076,22,3679.48789
0.679857,21,3680.120234
0.382963,20,3680.754221
1.461274,26,3681.554051
-0.201237,19,3682.154776
-1.147906,16,3682.64017
-0.520649,18,3683.210736
-0.516459,18,3683.750258
1.503079,24,3684.489645
-0.340946,19,3685.069696
-0.833696,17,3685.616607
-0.774955,17,3686.154119
1.533674,26,3686.942562
-0.218355,19,3687.709366
-0.338873,19,3688.381342
0.154737,19,3689.094186
-0.804165,17,3689.724736
1.92242,26,3690.54595
-0.290861,19,3691.245892
-0.158423,18,3692.008773
0.463544,21,3692.682913
-0.637468,17,3693.30173
0.016647,20,3694.029465
1.261439,24,3694.940798
-0.321287,18,3695.504375
-1.254347,16,3696.015
0.294604,21,3696.649405
-0.150547,19,3697.233746
0.157032,19,3697.944868
-0.217799,19,3698.679208
-0.533015,18,3699.330714
2.16589,29,3700.464311
0.403438,20,3701.232208
-1.222417,16,3701.865973
1.076335,24,3702.781776
0.140955,19,3703.493301
1.172893,22,3704.190673
-1.511743,15,3704.65897
-0.701752,18,3705.219004
0.490624,22,3705.882427
0.455868,21,3706.542205
-1.978885,14,3706.968329
-0.083261,19,3707.56184
1.654843,24,3708.559134
-0.745034,17,3709.120795
0.513852,21,3709.895943
0.336593,20,3710.633068
-0.175107,19,3711.349867
0.050154,20,3712.003303
-0.339341,18,3712.546366
-0.465989,18,3713.105174
-0.631112,17,3713.625164
-1.201848,16,3714.109318
-0.883676,17,3714.624798
0.821499,23,3715.340409
-0.024184,19,3715.907213
1.617285,24,3716.770583
0.184613,20,3717.652283
0.304337,20,3718.356845
0.72573,22,3719.179574
2.184632,32,3720.404628
-1.650007,15,3720.962092
-0.66131,18,3721.627121
-0.217118,19,3722.367459
-0.423956,18,3723.059029
2.179195,30,3724.434906
-0.281375,19,3725.205189
0.432649,20,3725.949574
0.00193,19,3726.633654
-1.087438,16,3727.188894
-0.453829,18,3727.834391
0.627199,22,3728.552482
0.524162,21,3729.201409
-1.921972,14,3729.636984
1.648201,27,3735.570349
-0.635623,17,3736.08249
-1.707633,15,3736.54872
1.29825,23,3737.251875
-0.598329,18,3737.806978
-1.578945,15,3738.282265
0.791594,22,3738.961063
0.922747,22,3739.632999
0.590104,22,3740.621488
-0.35099,18,3741.434698
0.835688,24,3742.269722
-0.51675,18,3742.930638
-1.603401,15,3743.499697
0.046318,20,3744.294757
-0.819904,17,3744.972392
-1.579568,15,3745.553899
1.184249,24,3746.446287
-0.836298,17,3746.995615
0.584311,21,3747.619709
-1.054814,17,3748.14259
0.573981,21,3748.765245
-0.555304,18,3749.310823
0.975071,22,3749.982121
0.824751,21,3750.612335
-0.757551,17,3751.150327
0.602428,21,3751.785954
0.41925,21,3752.410409
-1.098732,16,3752.893951
-1.669016,15,3753.356166
-0.254954,18,3753.895226
-0.965908,16,3754.587429
-0.455311,18,3755.192061
0.094387,20,3755.951668
1.440237,26,3757.178808
-0.215679,19,3757.93056
-1.956838,14,3758.498299
-0.007128,19,3759.223282
0.601636,22,3760.074139
0.628165,22,3760.949885
-0.074563,19,3761.670515
0.324421,20,3762.420916
-0.333834,18,3763.125128
-0.55347,17,3763.656213
0.10867,20,3764.272403
0.965639,24,3764.999238
-1.979106,14,3765.43634
0.5559,20,3766.055617
-0.109781,19,3766.643733
0.73752,23,3767.338204
-0.15344,19,3767.923738
0.041051,19,3768.504176
-1.162214,16,3769.009263
-1.146454,16,3769.517958
-0.2397,18,3770.069098
-0.55952,18,3770.628448
-0.744265,18,3771.174943
-0.177482,19,3771.759632
0.374161,21,3772.389443
-0.170819,19,3772.952904
1.855737,28,3773.819954
-1.0942,16,3774.308453
1.633429,26,3775.098366
-0.302547,19,3775.672415
0.323555,20,3776.282944
-0.373978,18,3776.824971
1.347169,25,3777.588642
-0.582485,18,3778.147218
0.180796,20,3778.744072
-0.082626,19,3779.332005
1.460704,24,3780.073155
0.660265,22,3780.738457
1.081831,23,3781.522089
-0.489568,18,3782.173653
-0.672487,17,3782.764939
-1.631029,15,3783.34748
0.61251,21,3784.146582
-0.342804,18,3784.794356
0.385604,21,3785.650686
-1.177752,16,3786.388844
-0.756243,17,3787.110234
-0.284331,20,3787.852439
0.489083,22,3788.64077
-0.972625,17,3789.255473
1.058679,23,3790.084051
-0.052815,19,3790.761296
-0.80795,17,3791.369697
-0.134601,19,3792.029847
0.168951,20,3792.76571
1.021472,22,3793.552088
1.30356,24,3794.307554
-1.373488,16,3794.797928
-1.182994,16,3795.300213
-0.250681,19,3795.882915
-1.237015,16,3796.379726
-0.334737,18,3796.934459
-0.551083,18,3797.475696
-0.803029,17,3797.996721
-0.744063,17,3798.514143
0.424595,21,3799.230776
0.342464,21,3800.004816
-0.733063,17,3800.594664
0.795213,22,3801.360883
-0.754075,17,3802.004062
-0.004407,20,3802.79588
-1.202538,16,3803.35812
-0.653845,18,3803.971031
-0.566913,18,3809.677197
-1.106708,16,3810.163561
-0.331883,18,3810.721747
-0.152024,19,3811.322732
-1.029265,16,3811.802974
0.516063,20,3812.417779
2.123425,29,3813.296096
0.573871,20,3813.912034
-1.638211,15,3814.390513
-1.21059,16,3814.877203
-0.069902,19,3815.458237
0.247373,20,3816.072515
0.891661,21,3816.915279
1.82224,25,3817.806533
0.461442,21,3818.728722
-0.354216,19,3819.534131
2.076877,26,3820.575827
-0.20038,18,3821.288981
0.494122,22,3822.101456
0.314255,20,3822.849397
-0.212393,19,3823.581012
0.765229,21,3824.422408
2.589955,34,3825.715416
0.503323,21,3826.403817
-0.128944,20,3827.016297
1.191749,24,3827.743968
-0.583384,17,3828.270495
-1.643719,15,3828.72622
0.330702,21,3829.379468
1.665897,26,3830.167458
0.253156,21,3830.81667
-0.766774,17,3831.334934
-1.63373,15,3831.788509
0.511774,22,3832.466974
0.901925,22,3833.118878
-0.940819,17,3833.634433
0.746983,24,3834.385437
-1.125572,16,3835.016908
0.948823,23,3835.892878
-0.855328,17,3836.458344
0.345109,20,3837.175737
-0.979365,17,3837.756873
0.194364,21,3838.418104
-0.3973,19,3838.991243
-0.360427,18,3839.537496
-2.034652,14,3839.976735
0.487772,22,3840.648399
-1.242307,16,3841.151619
-0.122166,18,3841.714345
-0.529313,18,3842.266489
-0.351363,19,3842.839307
2.029766,27,3843.668855
1.573556,28,3844.79721
-0.271056,18,3845.440518
1.477942,26,3846.362697
-1.113048,16,3846.959649
0.544434,21,3847.740527
0.314885,20,3848.427478
0.810851,22,3849.318283
-1.990118,14,3849.920405
-1.517633,15,3850.513892
-0.172394,18,3851.187994
-1.255245,16,3851.791614
0.342097,21,3852.581352
-0.973945,16,3853.167186
-0.85435,17,3853.80884
-1.298344,16,3854.328928
1.420096,25,3855.094745
0.407594,22,3855.748866
-0.861573,17,3856.258051
-1.172242,16,3856.746973
-0.496355,18,3857.326081
-0.984534,16,3857.806438
-0.091961,19,3858.383836
-0.835266,17,3858.873943
-0.877508,17,3859.382797
-0.189198,19,3859.96292
0.714802,22,3860.620124
-0.042816,20,3861.221721
1.894695,26,3862.040187
-0.701873,17,3862.752368
-0.229909,19,3863.490235
-0.562394,18,3864.140548
-0.971967,17,3864.733969
0.054328,20,3865.612555
-0.082668,19,3866.43383
0.081219,19,3867.237747
-0.628043,17,3867.921302
0.167181,20,3868.673396
0.716426,22,3869.504025
-1.179606,16,3870.081979
-0.953855,17,3870.720757
-1.272082,16,3871.316653
0.222387,20,3871.95014
0.032088,19,3872.545205
-0.765091,17,3873.057845
-0.068048,18,3873.610966
-1.356071,16,3874.110542
-1.044973,16,3874.604393
-0.425098,18,3875.159838
-0.164714,19,3875.737006
-1.580793,15,3876.194817
0.261163,20,3876.818757
0.200781,20,3877.434205
0.451239,21,3878.073374
-0.71379,17,3878.590994
-1.500058,15,3884.328895
1.276538,23,3885.391867
-0.931363,16,3886.105133
1.152128,24,3887.009164
-2.419925,13,3887.537935
-0.069798,19,3888.282407
0.387202,22,3889.230232
0.173259,21,3890.091218
0.026936,19,3890.817104
-0.205876,19,3891.532191
-0.405047,18,3892.221714
-0.847588,17,3892.913051
-0.351398,18,3893.606865
0.479992,21,3894.430985
-0.225536,19,3895.159291
-0.663033,17,3895.763722
-0.718935,17,3896.415865
-0.496802,18,3897.073791
-0.173178,19,3897.832326
1.416037,27,3898.790849
0.186857,20,3899.408483
-0.742402,17,3899.925043
-1.646343,15,3900.388797
0.414728,21,3901.039573
-0.809277,17,3901.550387
0.127358,20,3902.150983
-0.657433,18,3902.698076
0.304607,21,3903.345508
0.582121,22,3904.014855
1.633124,24,3904.7427
-0.481574,18,3905.289556
-0.650951,18,3905.837978
0.486116,23,3906.548043
-0.382519,18,3907.104098
-1.191996,16,3907.597652
0.957599,23,3908.299334
-0.215277,19,3908.868058
0.992577,23,3909.571785
3.356949,38,3910.730468
-0.152289,19,3911.327424
0.792719,21,3911.955764
0.174988,21,3912.60319
0.93138,23,3913.31041
2.794817,32,3914.261046
0.369579,21,3915.142983
-1.648226,15,3915.794892
-0.590385,17,3916.533072
-1.168835,16,3917.193084
1.694712,27,3918.224682
0.360011,20,3918.988471
0.379551,21,3919.827127
-0.153053,19,3920.560136
1.370063,24,3921.476223
-1.007502,16,3922.095729
2.004403,29,3923.227408
-0.609875,18,3923.905217
-1.542613,15,3924.430209
-1.304608,16,3924.997301
-0.244261,18,3925.663381
-0.443062,18,3926.256683
0.330986,21,3926.897748
-0.268515,19,3927.46892
-0.373165,18,3927.999142
-1.401203,15,3928.465623
-0.359144,18,3929.018181
0.751388,22,3929.685182
-0.957957,16,3930.152888
0.168245,21,3930.799385
-0.281431,19,3931.362945
-0.880692,17,3931.870283
-1.94783,14,3932.282447
-0.307549,19,3932.858579
1.570446,24,3933.78829
-1.357595,15,3934.338481
-0.494534,17,3934.957347
0.07939,20,3935.726068
0.92892,22,3936.590615
-0.226496,19,3937.314682
-0.000961,20,3938.061134
0.535499,23,3938.919575
0.450701,20,3939.575937
-0.141568,19,3940.175709
0.589621,21,3940.817013
0.352593,21,3941.464506
-0.694719,17,3941.98004
1.449182,26,3942.78838
-0.724203,17,3943.306136
0.387834,21,3943.949389
-1.140099,16,3944.439985
0.294956,21,3945.075694
-0.703488,18,3945.625063
0.030516,20,3946.226996
-1.10529,16,3946.712988
2.095587,29,3947.604018
-0.432197,18,3948.144139
-0.110599,19,3948.745452
1.375818,26,3949.56042
0.08514,20,3950.18885
0.116939,20,3951.024252
-0.495128,18,3951.763665
-1.069342,16,3952.239089
-1.307189,16,3952.807446
-1.451996,15,3953.274758
-1.586957,15,3953.735727
-1.476207,15,3954.204337
-1.687669,15,3960.030211
-2.046798,14,3960.457628
-1.949697,14,3960.88247
-1.045118,16,3961.364698
0.643349,23,3962.074505
1.151131,24,3962.80155
0.814306,23,3963.493174
0.427458,20,3964.169878
-1.172441,16,3964.888644
-0.63955,18,3965.598461
0.657865,22,3966.345235
0.720808,23,3967.194355
-0.349793,19,3967.864727
1.578414,28,3968.843634
0.186111,20,3969.45329
2.121249,32,3970.472964
1.013686,24,3971.227739
-0.259177,19,3971.823099
-1.183645,16,3972.355492
-1.385479,16,3972.847523
1.126828,25,3973.627572
0.095073,20,3974.247509
-1.340196,16,3974.780008
-0.24488,19,3975.696138
-1.067848,16,3976.288619
2.068664,28,3977.351674
1.074844,23,3978.182642
0.37839,21,3978.958469
-1.302884,16,3979.554144
-0.388204,19,3980.264558
0.912869,24,3981.175767
2.120086,29,3982.204668
-1.310063,16,3982.700143
0.155663,20,3983.337067
-0.464452,18,3983.913657
-1.18825,16,3984.403743
0.202552,20,3985.007546
-1.212492,16,3985.509138
0.082118,19,3986.088288
1.524916,28,3986.961687
-1.63065,15,3987.421735
1.524379,25,3988.211579
1.172797,26,3989.077615
1.613628,26,3989.910008
-0.098485,19,3990.765181
0.359103,21,3991.617571
1.046345,24,3992.45872
0.891981,25,3993.332967
0.413084,22,3994.140301
-0.56435,18,3994.759405
0.440914,21,3995.480948
-0.588989,18,3996.111117
-0.31198,19,3996.694612
-0.586752,18,3997.2539
-0.698735,18,3997.835503
0.084334,20,3998.448652
0.028811,19,3999.025971
-0.95158,17,3999.569096
-0.205015,19,4000.162272
1.595498,26,4000.956432
-0.401199,18,4001.674985
0.348359,21,4002.473432
-0.631402,18,4003.167669
0.163907,20,4003.973417
0.018961,20,4004.750409
0.785565,22,4005.531831
0.252166,21,4006.326266
-0.528575,18,4007.033609
1.745841,28,4007.946341
-0.421546,18,4008.491266
0.147849,20,4009.108021
-1.410711,16,4009.596686
0.044045,21,4010.223557
-0.683191,18,4010.774662
-0.05435,19,4011.360531
0.995145,23,4012.062783
0.424165,21,4012.71141
-0.117909,19,4013.356266
0.594133,23,4014.33399
0.828731,22,4015.06421
-0.222724,19,4015.763627
-1.595607,15,4016.305035
0.862402,26,4017.228228
0.4148,21,4018.021905
-2.114981,14,4018.552933
1.839595,30,4019.467969
0.525755,20,4020.094419
-0.106735,20,4020.785565
-0.199485,19,4021.541992
-0.213536,19,4022.243797
-0.712144,17,4022.901539
0.245465,21,4023.686597
-1.786901,14,4024.209099
-0.316168,19,4024.906729
0.287197,21,4025.694292
-0.057218,20,4026.464212
-0.432104,18,4027.039794
-1.223934,16,4027.527066
0.838453,23,4028.217637
0.137758,21,4028.85235
-0.809072,17,4029.371437
-1.654042,15,4035.173022
-0.490128,18,4035.846839
1.531921,26,4036.768872
0.87855,25,4037.662992
-0.864905,17,4038.259188
-0.934797,17,4038.82747
0.707274,22,4039.658623
1.091654,22,4040.5089
-1.470334,15,4041.087856
0.045464,19,4041.804924
1.230595,26,4042.815315
-1.734065,15,4043.364923
-1.05114,17,4043.987232
3.277578,44,4045.432709
-0.213524,18,4045.989961
0.400081,22,4046.687468
-0.550391,18,4047.247798
0.544739,21,4047.905129
-1.045876,16,4048.406873
0.034547,20,4049.018366
-0.63433,18,4049.59471
2.700163,35,4050.706864
-0.584211,17,4051.228301
-0.938235,17,4051.754159
-0.505323,18,4052.324224
-0.362402,19,4052.922683
1.674341,28,4053.770683
-0.301085,18,4054.331947
0.692014,22,4055.020886
-1.668555,15,4055.557595
0.2887,20,4056.387574
0.565243,22,4057.209612
-0.574687,18,4057.866083
0.223869,20,4058.579922
-0.250829,19,4059.349726
-0.498689,18,4060.140826
-0.2085,19,4060.913361
-0.231932,19,4061.629661
-0.421539,18,4062.307544
-1.225598,16,4062.920635
-0.289551,19,4063.657542
-0.868905,17,4064.279787
-0.789786,17,4064.926217
0.333643,22,4065.732833
-0.506109,18,4066.399837
-0.247985,19,4067.13786
-1.502332,15,4067.717878
-0.99243,17,4068.393407
-1.156012,16,4069.013222
-1.572225,15,4069.58797
-0.591283,18,4070.257662
-0.441597,19,4070.995989
1.250229,25,4071.888719
-1.187163,16,4072.428651
0.147293,20,4073.114201
0.652881,23,4074.045269
1.061976,23,4074.827733
-0.072892,19,4075.519974
-0.859213,17,4076.130215
-0.645132,18,4076.733912
-0.860057,17,4077.250453
0.805461,23,4077.958375
3.157739,40,4079.16041
-1.242604,16,4079.661764
-1.287136,16,4080.158975
-0.910557,17,4080.683985
-0.036095,19,4081.261829
-0.684724,18,4081.81152
0.059872,20,4082.42364
0.003167,20,4083.04476
-0.067075,19,4083.619279
0.462817,22,4084.296265
0.399755,22,4084.965181
1.15366,24,4085.879013
-0.728791,17,4086.642498
0.004166,20,4087.321334
-1.65171,15,4087.871173
-0.901884,17,4088.456876
-0.136379,20,4089.162962
0.89223,23,4089.991466
-0.534174,18,4090.54495
-0.522583,18,4091.094606
-0.315768,19,4091.665737
-0.930318,17,4092.184211
0.722613,23,4092.89512
0.012191,19,4093.471654
-0.936553,17,4093.986905
-1.930185,14,4094.408499
0.109688,20,4095.0114
0.114364,20,4095.602745
-1.12879,16,4096.083679
-0.619308,18,4096.615077
-1.16607,16,4097.099778
-0.28912,19,4097.871279
-0.933241,16,4098.488871
-0.604038,18,4099.195376
0.422989,21,4099.986339
-0.515902,18,4100.660522
-1.614953,15,4101.244406
-0.042142,20,4101.980292
0.025357,20,4102.713119
-0.255135,19,4103.441815
-0.60745,17,4104.055636
-0.398078,18,4104.720237
0.682058,24,4105.451269
-1.532968,15,4111.397663
-0.227807,19,4112.075255
-0.598516,18,4112.746434
-0.42517,18,4113.448977
-0.282783,19,4114.123296
-0.883888,17,4114.654529
0.223214,20,4115.271183
0.57456,22,4115.952979
0.919724,23,4116.666416
-0.063535,19,4117.259217
0.645672,22,4117.953141
-0.080505,19,4118.533031
0.211172,20,4119.150101
-0.65869,17,4119.673909
1.98107,28,4120.52507
0.44977,22,4121.187911
-1.317265,16,4121.692167
-0.529694,18,4122.248606
-0.595317,17,4122.756655
0.031188,19,4123.336533
-0.791305,17,4123.857696
0.049865,20,4124.460724
0.348587,21,4125.111765
1.022459,21,4125.758637
-1.28415,16,4126.298663
0.198421,20,4127.131689
-0.707152,17,4127.829327
-0.458184,18,4128.476419
-0.437039,18,4129.181375
0.250184,20,4130.041302
-0.778051,17,4130.76444
0.490184,22,4131.512587
-1.645083,15,4132.080254
2.486619,35,4133.381467
1.052723,23,4134.22424
0.496677,23,4135.216026
1.401497,24,4136.176204
-0.909495,17,4136.783013
0.404724,21,4137.422897
-1.647528,14,4137.865187
0.31696,22,4138.529397
-0.129495,19,4139.1309
0.399518,20,4139.96242
0.645671,20,4140.711483
2.703358,34,4141.988493
0.062234,19,4142.675959
-0.297273,18,4143.231334
0.253619,21,4143.886322
-1.892898,14,4144.332192
0.191189,21,4144.972678
0.724299,21,4145.613567
0.957831,25,4146.410681
0.544209,22,4147.106263
0.292561,20,4147.808501
1.437212,25,4148.744449
1.169181,24,4149.61812
-0.067012,20,4150.324904
-0.940257,17,4151.036194
0.494274,21,4151.860427
-1.217635,16,4152.414047
-1.337502,16,4153.043766
-0.247077,18,4153.725133
-2.301489,13,4154.205172
0.389263,21,4154.870325
-0.211134,18,4155.442869
-1.230924,16,4156.141388
-0.290115,19,4156.911312
-1.269817,16,4157.474866
-0.285021,19,4158.209013
-0.2614,19,4158.950118
0.563879,22,4159.690299
0.024754,19,4160.275148
-0.765981,17,4160.805241
0.080913,20,4161.42744
0.923029,23,4162.121373
-0.558252,17,4162.645578
0.24798,21,4163.292986
0.263833,21,4163.922239
0.506222,21,4164.560426
0.041295,20,4165.304213
0.151059,19,4166.140454
-0.926692,16,4166.744907
1.778117,23,4167.699211
-0.414686,18,4168.485842
1.098488,24,4169.400048
0.410573,20,4170.13385
-0.845558,17,4170.786571
0.184901,19,4171.459538
1.026418,23,4172.3134
-0.619508,18,4173.007188
-0.458252,18,4173.678933
0.024641,20,4174.39655
0.101051,20,4175.151486
-0.364452,19,4175.769832
-0.470849,18,4176.309493
-0.007078,19,4176.893683
-1.583459,15,4177.360676
1.322763,24,4178.089921
0.398261,20,4178.696207
-0.86732,17,4179.202067
-0.398071,18,4179.762784
-1.176038,16,4180.253918
0.990274,22,4180.982957
0.872145,22,4181.894154
0.108798,20,4187.967601
0.054665,19,4188.715116
-0.362697,19,4189.356723
-0.712743,17,4189.982317
-1.097701,16,4190.596335
0.074709,19,4191.264977
-0.512777,18,4192.002976
0.587369,22,4192.900895
-0.668098,18,4193.552696
-0.002159,19,4194.28521
-1.103562,16,4194.905698
1.050071,22,4195.696621
-0.330035,18,4196.381968
0.076414,20,4197.107226
1.039653,25,4198.03559
-1.533814,15,4198.586048
0.900164,23,4199.310856
0.993973,25,4200.097936
0.18967,20,4200.724011
0.690207,20,4201.337603
0.388766,20,4201.947297
0.710075,21,4202.587241
0.199072,20,4203.228102
0.6549,21,4203.888465
-1.537998,15,4204.360995
-1.978868,14,4204.780537
0.140615,19,4205.38042
-1.546099,15,4205.863284
-1.623864,15,4206.33884
-1.191231,16,4206.845076
1.431252,27,4207.65739
-0.502332,17,4208.180732
-0.197967,18,4208.747349
0.505991,21,4209.401907
0.739744,21,4210.055658
0.200612,20,4210.683336
-0.807349,17,4211.223155
1.996064,30,4212.382584
-0.369963,18,4213.142116
1.339499,24,4214.172651
0.019622,20,4215.016381
0.890953,23,4215.891841
-0.185599,19,4216.648477
1.221434,25,4217.629102
-1.006938,17,4218.248433
-0.108863,20,4219.010519
0.622228,23,4219.873619
0.766724,21,4220.642184
-0.894906,16,4221.124414
-0.936137,17,4221.66312
0.605703,21,4222.321685
0.412722,20,4222.938213
0.6508,21,4223.575675
-0.241712,18,4224.129426
1.579048,23,4224.844984
-0.738852,17,4225.37288
0.584607,21,4226.002232
-0.103429,19,4226.593948
0.360146,20,4227.209653
-2.3507,13,4227.63631
0.42546,21,4228.287568
0.876867,22,4228.941835
-0.385978,19,4229.506439
0.747072,22,4230.408949
-0.038251,19,4231.15293
-0.376814,18,4231.822146
0.511775,21,4232.645744
-0.201104,18,4233.343501
0.038918,20,4234.081741
-0.849337,17,4234.704452
0.983671,23,4235.651766
0.484059,21,4236.421621
-0.88561,16,4236.968123
-0.675344,17,4237.571212
-0.707243,17,4238.211452
0.164936,21,4238.956031
-0.041982,20,4239.66708
0.376149,19,4240.318703
1.976885,30,4241.25282
0.65157,21,4241.906187
-0.270426,18,4242.471203
-0.317428,17,4242.998973
-1.193552,16,4243.494914
-1.42646,15,4243.952976
0.23462,21,4244.5955
-0.739845,18,4245.153303
-0.39757,18,4245.72892
-1.563339,15,4246.433812
0.909694,22,4247.307177
0.307062,20,4248.074853
-0.516797,18,4248.801925
-1.001338,16,4249.430366
1.281408,25,4250.40157
0.266381,20,4251.161452
0.846566,23,4252.030021
0.6644,21,4252.797111
1.403794,23,4253.646281
-0.78505,17,4254.222548
-1.069475,16,4254.708615
0.161099,19,4255.29782
-0.622751,17,4255.820838
-0.345042,18,4256.372937
0.421106,21,4257.052652
-0.306363,18,4257.767828
0.213205,21,4258.571393
0.437135,21,4264.513566
0.663346,22,4265.178261
-0.689298,17,4265.694148
1.487885,27,4266.510103
-1.11445,16,4266.984539
-1.381067,15,4267.440269
-0.088914,19,4268.014463
0.977464,22,4268.694205
3.433371,44,4270.044505
0.187733,20,4270.640112
-0.420638,17,4271.166181
-1.087584,16,4271.695625
-0.228066,19,4272.549998
-0.448399,18,4273.319078
1.132167,21,4274.275079
1.466192,24,4275.15693
0.225212,21,4276.037137
-1.297663,16,4276.642719
0.355111,21,4277.465476
0.322899,20,4278.228595
0.199011,20,4279.026443
0.425551,21,4279.831367
0.082918,20,4280.544663
-0.305764,18,4281.196023
-0.313994,18,4281.767699
0.364821,21,4282.413742
-0.241857,18,4282.95663
0.353519,20,4283.576043
-0.623629,17,4284.111712
0.508564,21,4284.764664
0.674268,22,4285.440274
-1.573819,15,4285.915629
-1.191191,16,4286.415054
1.173646,24,4287.146355
-0.089429,19,4287.740196
1.032896,21,4288.466316
-0.133304,19,4289.325655
0.044465,20,4289.994748
0.283025,19,4290.702087
-0.814639,17,4291.356674
-0.233039,18,4291.966137
1.214883,24,4292.775637
-1.172583,16,4293.270018
-0.327685,19,4293.871958
-0.93499,16,4294.365389
-0.355563,18,4295.272094
0.667147,21,4296.006459
0.351997,20,4296.78171
-0.697915,17,4297.447434
-0.941162,17,4298.086246
-0.914583,17,4298.790441
-0.215006,19,4299.522773
-0.390849,18,4300.192057
-1.200947,16,4300.799725
-0.001557,20,4301.563557
0.55146,21,4302.383547
-1.322474,16,4302.976699
-1.17489,16,4303.462631
-0.635909,17,4303.970977
0.793871,20,4304.609408
0.823441,23,4305.590054
-0.826815,17,4306.216077
-0.310354,18,4306.867569
-1.4751,15,4307.374649
-0.985361,17,4307.982519
-0.085284,19,4308.670523
0.786889,21,4309.444329
0.747844,22,4310.226107
-0.879594,17,4310.758736
-0.159636,19,4311.343281
0.639853,21,4311.975368
-0.678764,17,4312.492695
0.002259,20,4313.098596
-0.691882,17,4313.620079
-1.540984,15,4314.084574
0.096099,19,4314.651714
-0.901262,17,4315.170419
0.698716,21,4315.807231
-0.579499,17,4316.32659
-0.493976,18,4316.905531
-0.350748,18,4317.462164
-0.669921,18,4318.013174
-0.018158,18,4318.56321
1.919091,29,4319.431761
0.750895,21,4320.068748
-0.491449,17,4320.58573
0.443615,21,4321.21911
0.965146,22,4321.901286
1.146936,25,4322.934193
1.269141,25,4323.936557
-1.511529,15,4324.431565
-1.061896,16,4325.018629
0.550174,21,4325.770629
-1.090526,16,4326.38817
-0.216677,19,4327.233214
1.049468,24,4328.249097
0.519632,21,4328.940704
-0.630168,18,4329.61606
0.989972,22,4330.462769
-1.534748,15,4331.032139
0.450519,22,4331.907124
0.143836,20,4332.655404
0.094065,19,4333.40284
-1.592515,15,4333.911403
-0.8419,17,4334.495389
-1.243747,16,4335.117213
-0.784077,17,4341.117243
1.146045,24,4342.054999
0.130171,19,4342.719543
-0.671752,17,4343.312659
-1.161168,16,4343.930321
-0.884418,16,4344.472144
0.557499,21,4345.25281
0.008106,20,4346.016287
-0.093646,19,4346.687159
0.716838,21,4347.452656
-2.244136,13,4347.893831
0.20276,20,4348.648687
0.665687,24,4349.510684
-0.130999,19,4350.100149
0.250643,20,4350.719124
0.594186,21,4351.353553
-0.760836,17,4351.868068
-0.783677,17,4352.38738
-0.023417,20,4353.008686
0.812239,22,4353.690546
-1.873346,14,4354.103501
1.177274,24,4354.840711
0.238084,21,4355.472445
1.40029,27,4356.303038
-0.219602,18,4356.854836
-0.002512,20,4357.458523
-0.613261,18,4358.03295
0.917621,22,4358.764752
-0.056505,19,4359.586632
-0.052472,18,4360.193601
2.164383,26,4361.211436
0.22916,21,4362.021657
0.721234,22,4362.870758
-0.145897,18,4363.56049
0.394324,22,4364.403115
-1.167303,16,4364.900407
0.692578,21,4365.541497
0.097494,20,4366.182686
0.803357,21,4366.83007
0.670572,23,4367.759453
0.036881,20,4368.599921
-0.640605,17,4369.15875
-1.201762,16,4369.758569
-1.559678,15,4370.317966
-0.11914,19,4371.004733
0.117968,20,4371.69448
2.458833,34,4372.843948
-0.384001,18,4373.401084
1.048963,22,4374.086673
0.702215,21,4374.737117
-0.03634,20,4375.378885
2.570222,34,4376.439328
-0.089711,18,4376.999782
0.05895,19,4377.582992
-0.734737,17,4378.132509
-0.21978,19,4378.734825
-1.017904,17,4379.549319
-0.111432,19,4380.308484
-1.04772,16,4380.867862
1.098559,24,4381.761643
-1.107812,16,4382.373522
-0.569126,18,4383.058564
-0.164823,20,4383.833289
1.372205,26,4384.768298
-2.352367,13,4385.243335
0.427416,22,4385.986756
-0.029338,19,4386.578719
-1.15808,16,4387.262735
-0.501589,17,4388.087027
-0.022453,19,4388.74086
-0.821434,17,4389.330194
-1.005216,16,4389.877789
0.171536,20,4390.617373
-0.65501,17,4391.237395
0.707461,23,4392.059808
-1.414339,15,4392.517684
2.002389,29,4393.425839
-0.1203,19,4394.038821
0.586766,22,4394.721647
-1.036441,16,4395.232745
0.401558,20,4395.863914
-0.668648,17,4396.39372
-0.521868,18,4396.959119
-1.204816,16,4397.461597
0.135309,19,4398.067813
0.199819,19,4398.671944
0.222574,19,4399.272153
1.554677,28,4400.154229
0.261535,21,4400.819587
0.26441,20,4401.43191
0.85701,22,4402.115252
0.594877,22,4402.844076
-1.479835,15,4403.585173
-1.126751,16,4404.162523
0.828934,24,4405.009425
0.83843,23,4405.991903
1.789465,27,4407.154612
-0.55548,18,4407.85126
0.558104,22,4408.720263
1.396103,26,4409.689068
0.484823,20,4410.297523
2.069762,32,4411.294151
-0.243599,18,4417.067876
-0.475455,18,4417.742992
-0.095724,19,4418.437267
-0.839635,17,4419.101136
-0.005277,18,4419.786752
-0.249892,18,4420.39097
-0.708208,18,4420.945089
-0.925256,17,4421.464311
-0.653756,17,4421.986954
-0.1934,18,4422.600636
-0.137995,20,4423.438517
2.079827,28,4424.530069
-0.223,18,4425.149564
0.161724,20,4425.766403
-1.301124,16,4426.257794
1.069712,22,4426.911413
1.31172,26,4427.675618
-1.109387,16,4428.274886
1.127763,25,4429.284657
0.998756,23,4430.082584
0.004489,19,4430.740993
0.177127,20,4431.461599
-0.076223,19,4432.134973
-0.710561,18,4432.784533
0.302375,21,4433.62804
0.055953,20,4434.487794
0.463794,21,4435.174784
-0.711327,18,4435.928541
0.240704,20,4436.694634
0.146542,19,4437.397446
-1.314598,16,4437.973683
0.94646,24,4438.920326
-0.638547,17,4439.584126
0.860892,24,4440.46474
-1.226196,16,4441.041148
1.182854,26,4442.013065
0.244046,22,4442.692981
-0.720903,17,4443.225879
0.266711,20,4443.839676
0.032498,20,4444.472023
-0.141367,19,4445.072306
-0.529674,18,4445.629504
0.128094,21,4446.258486
-0.668597,17,4446.786884
0.217856,20,4447.417812
-1.016364,16,4447.924173
0.288683,20,4448.560544
-0.83242,17,4449.293965
1.68077,27,4450.380489
-0.295511,18,4451.011615
1.116354,24,4451.812378
0.771498,23,4452.658696
-0.94065,16,4453.177258
2.108924,31,4454.15464
-0.741716,17,4454.682703
0.218062,20,4455.300753
-0.216553,19,4455.875949
1.62499,25,4456.647233
-0.507391,18,4457.196834
0.820843,21,4457.836365
1.737845,26,4458.96167
0.524415,22,4459.770515
0.747596,22,4460.598208
-2.086758,14,4461.0245
-0.359494,19,4461.613435
-1.589567,15,4462.159399
-1.044906,16,4462.803382
-0.245912,19,4463.525275
0.193139,20,4464.208607
-1.136293,16,4464.776551
-0.222079,19,4465.723769
0.600461,21,4466.66581
-1.50346,15,4467.219972
-0.504643,18,4467.891263
0.641755,21,4468.684795
-0.575467,18,4469.355383
2.803921,38,4470.758886
-0.147008,18,4471.464396
-0.819384,17,4472.103244
-0.390457,19,4472.797072
-0.526508,18,4473.472431
0.087432,19,4474.194963
0.196486,20,4474.94449
-0.174429,19,4475.646472
-0.363375,18,4476.339882
-0.404291,18,4477.031613
-0.830061,17,4477.664788
0.928513,21,4478.426284
-1.161534,16,4478.96856
1.14974,25,4479.718291
0.523983,22,4480.368347
-0.773793,17,4480.893292
-0.730682,17,4481.412791
0.9222,23,4482.090466
0.238723,20,4482.698447
1.907508,29,4483.570901
0.133228,20,4484.185881
1.273614,24,4485.226923
0.266578,21,4486.013433
1.541282,24,4486.81166
-1.400648,15,4487.37251
0.371683,21,4488.266068
-0.97162,17,4488.844302
-1.883202,14,4494.542155
0.223003,21,4495.207322
-0.166253,19,4495.789253
0.035865,20,4496.404165
-0.379132,19,4496.98824
1.121782,24,4497.737698
1.352713,26,4498.519189
-1.047132,16,4499.010137
1.300372,24,4499.738952
-0.918978,17,4500.254561
-0.410302,18,4500.809737
-4.518461,176,4507.254878
-0.581287,17,4507.996656
-0.578548,18,4508.703676
-1.269011,16,4509.301579
-0.843495,17,4509.946244
-0.339581,18,4510.64669
-0.429828,18,4511.304496
-0.593413,18,4511.964554
1.60826,27,4512.832882
0.0586,21,4513.456972
-0.292331,18,4513.995542
0.441723,22,4514.656626
0.534178,22,4515.330234
-1.199667,16,4515.823814
-1.26218,16,4516.313669
-0.667272,17,4516.837637
-1.104733,16,4517.33391
0.810283,22,4517.997825
-0.318923,19,4518.564893
-0.001774,20,4519.177129
0.439163,21,4519.803164
-1.615092,15,4520.32315
-0.550307,18,4521.042065
-2.015021,14,4521.597644
-0.037366,20,4522.213537
-1.527305,15,4522.714417
-1.550734,15,4523.328688
-0.091521,19,4523.963649
-1.011628,17,4524.482641
1.594885,28,4525.450595
-1.871216,14,4526.005983
-1.577108,15,4526.473015
0.744038,23,4527.375139
-0.054198,20,4528.328249
0.072427,20,4529.08988
-0.482956,18,4529.756314
2.384552,37,4531.142581
-0.040004,20,4531.860435
0.194837,20,4532.612273
-0.621771,18,4533.208549
-0.469875,18,4533.740554
-0.071272,20,4534.543185
-1.069165,16,4535.176089
1.362699,25,4535.98681
1.019674,23,4536.790312
0.182429,21,4537.465548
1.185022,24,4538.171522
-0.807652,17,4538.691924
0.362538,21,4539.349406
-0.393782,19,4539.915625
-0.0783,19,4540.493254
-0.154569,19,4541.079473
-1.72578,15,4541.536463
-0.413995,18,4542.09284
0.561947,22,4542.766872
0.154601,21,4543.417063
0.014817,20,4544.026247
0.030907,19,4544.664342
0.279681,20,4545.515616
0.354122,22,4546.276875
0.22704,20,4546.99121
-0.526875,18,4547.616971
1.082553,26,4548.553107
15.172092,176,4554.646385
0.805738,22,4555.511888
0.811783,23,4556.402502
0.077286,20,4557.166059
1.137767,24,4558.053108
-0.906491,17,4558.709631
0.394353,22,4559.59496
-1.261362,16,4560.167161
-1.019887,16,4560.65278
-0.240665,19,4561.227411
-1.349191,16,4561.720305
0.319418,22,4562.570819
-0.090649,20,4563.376092
0.484317,22,4564.131913
-0.27999,18,4564.766443
0.064584,20,4570.58341
-0.04194,20,4571.18924
-1.165066,16,4571.664874
-0.27818,19,4572.226106
-0.981238,16,4572.69944
-0.766301,17,4573.220755
-0.370543,19,4573.798357
-0.859637,17,4574.319632
0.168771,19,4574.902628
-0.682616,17,4575.444345
-1.240336,16,4575.956716
0.566621,22,4576.620241
0.78937,23,4577.329182
-0.112516,19,4578.006913
1.286155,24,4579.056852
0.075216,21,4580.019468
0.288272,21,4580.844145
0.20685,22,4581.696959
-0.319725,19,4582.443963
16.629501,176,4588.770251
2.787234,42,4590.020339
0.108417,19,4590.59113
2.21777,28,4591.446911
-0.675757,17,4591.97772
-1.947724,14,4592.401746
-0.22709,18,4592.954258
-0.23391,19,4593.535015
-1.210257,16,4594.031544
0.993525,24,4594.743738
-1.253427,16,4595.225723
-0.905107,17,4595.746958
-0.887906,17,4596.262376
-0.195037,19,4596.837596
-0.830749,17,4597.360662
-0.016232,21,4598.118074
4.285231,77,4600.958127
0.968685,25,4601.871091
-0.631334,18,4602.510448
-1.585493,15,4603.124612
-0.913539,17,4603.74244
-0.833956,17,4604.349918
-0.765373,17,4605.018255
2.050631,30,4606.155577
-0.410684,18,4606.806817
0.683512,21,4607.589686
-0.391027,19,4608.267296
-1.702932,15,4608.84172
0.891607,23,4609.706157
-0.374386,19,4610.387469
-0.859726,17,4610.898017
0.299813,21,4611.533169
0.727329,22,4612.185815
-1.276898,16,4612.661878
-0.516918,17,4613.186572
-0.367868,18,4613.734553
-1.361262,16,4614.229646
0.735394,22,4614.890565
-0.994325,16,4615.367543
-1.158454,16,4615.864747
1.61101,24,4616.57439
-1.184187,16,4617.059022
0.526227,23,4617.758747
0.21446,20,4618.359195
-0.569136,18,4618.904667
-0.013171,20,4619.598813
0.924935,22,4620.517684
-1.23928,16,4621.077401
1.508428,31,4622.190473
-0.092278,20,4622.9513
-0.69742,18,4623.608343
0.503238,23,4624.453015
-0.551219,18,4625.073862
-0.06732,20,4625.694056
-0.253101,19,4626.266018
-0.909796,17,4626.794364
-0.798131,17,4627.294941
1.122321,24,4628.007751
0.860876,22,4628.723333
0.449505,20,4629.572033
-0.913106,17,4630.139962
0.396107,22,4630.949404
-0.913149,17,4631.610933
0.66047,22,4632.44815
-0.548508,18,4633.094136
-0.245971,18,4633.776998
0.429415,21,4634.532554
0.635172,22,4635.20533
8.109528,142,4645.087717
-0.707139,18,4645.644198
-0.361955,19,4646.227739
-1.014026,16,4646.723543
0.525276,24,4647.441281
-0.952265,17,4647.94393
-0.875898,17,4648.466909
1.548038,27,4649.284466
-1.095777,17,4649.847001
0.087358,20,4650.655151
-0.877078,17,4651.294165
-1.052586,16,4651.94645
0.879505,24,4653.018476
-0.376282,18,4653.691267
0.95445,25,4654.65931
-0.252616,19,4655.422357
-1.249403,16,4656.29287
-0.4178,18,4657.002567
1.735053,25,4657.955784
-0.006661,20,4658.701217
1.048891,25,4659.619554
0.519783,24,4660.510234
2.419919,37,4661.7663
-0.521811,18,4662.346876
1.257469,27,4663.162696
0.403172,23,4663.858432
-0.789352,17,4664.367054
-1.523952,15,4664.819417
0.15139,21,4665.431427
-0.581477,18,4665.955721
0.476228,21,4666.565259
1.757963,33,4667.518983
0.02753,20,4668.091796
-0.331434,19,4668.636506
-0.924084,17,4669.128454
-0.554568,18,4669.685533
-0.8737,17,4670.215205
2.303809,37,4671.335586
-1.207281,16,4671.825667
-0.202647,20,4672.450727
1.149544,24,4673.174779
0.294778,21,4673.796941
2.148789,34,4674.793864
-1.29943,16,4675.329602
-1.065189,17,4676.251647
-0.820831,17,4677.002336
-1.403752,16,4677.688308
-1.337258,16,4678.260931
0.926164,23,4679.127639
-0.2878,19,4679.869367
0.429431,21,4680.69461
0.645499,25,4681.635733
-0.540367,17,4682.316117
-0.31448,19,4683.057296
-1.306133,16,4683.696261
0.28109,21,4684.47266
-0.146663,19,4685.153491
0.034045,20,4685.929782
-1.590635,15,4686.491478
0.574451,25,4687.427261
0.191398,20,4688.169468
-0.303498,19,4688.883654
0.804802,25,4689.744863
0.113574,21,4690.543543
-0.562054,18,4691.20753
-0.896273,17,4691.798214
-0.370261,19,4692.381463
1.392526,26,4693.138499
0.005371,21,4693.780165
-0.129516,20,4694.387417
0.041687,20,4695.011952
-1.299855,15,4695.473172
-0.355972,19,4696.054549
-0.438371,19,4696.643901
-0.319568,19,4697.245999
-1.601639,15,4697.713297
1.17583,25,4698.489582
-0.382423,19,4699.099814
-2.126869,14,4699.542166
0.413424,20,4700.431848
-0.319805,18,4701.126743
0.693709,23,4701.938983
-0.186219,20,4702.646133
-0.008048,20,4703.334207
-0.813385,17,4703.940879
-0.494674,18,4704.570085
-0.356985,19,4705.244575
-1.32664,16,4705.73697
-2.025298,14,4706.178307
-0.49837,18,4706.733148
0.373537,22,4707.435938
1.696966,26,4708.262395
-0.145084,19,4708.837268
-1.260838,16,4709.338694
-0.587517,18,4709.906564
-0.151982,18,4710.447815
-0.054099,19,4711.032176
0.96447,24,4711.797858
-0.6214,17,4712.332709
-0.38939,19,4712.932708
0.268045,22,4713.600151
-1.416402,15,4714.090855
-0.562242,18,4720.260798
-0.937163,17,4720.971003
1.031064,24,4722.023167
-0.399867,18,4722.687105
16.75016,176,4728.679163
-0.833144,17,4729.238471
-1.183957,16,4729.751728
0.006906,20,4730.361344
-0.811309,17,4730.895227
0.482477,24,4731.624171
-0.423984,18,4732.180003
-1.286012,16,4732.686591
-0.515558,18,4733.257424
-0.839293,17,4733.793482
-0.159968,20,4734.429965
-1.71922,15,4734.899687
1.3999,32,4735.884058
-1.346036,16,4736.387102
0.035659,21,4737.049735
0.48059,23,4737.746709
-1.314723,16,4738.233112
0.540403,22,4738.910857
-1.672582,15,4739.368346
-0.054277,20,4739.968667
-0.763758,18,4740.520675
-1.350614,16,4741.019351
-0.146172,20,4741.620879
0.861288,23,4742.339579
3.448324,72,4744.593214
-0.094547,19,4745.286633
0.883935,25,4746.457701
-0.641304,18,4747.242062
-0.847288,17,4747.966984
0.403221,23,4748.762436
0.412451,22,4749.527449
2.489066,57,4751.526411
-0.680857,18,4752.209124
0.351127,20,4752.894074
-0.787497,18,4753.527453
1.558938,29,4754.457588
1.061305,27,4755.324357
-0.25839,20,4755.972775
-0.547055,18,4756.58793
4.42945,87,4759.442027
-1.088325,17,4760.016742
-1.573805,15,4760.538622
-0.032159,20,4761.178257
0.968617,24,4761.901521
0.956001,26,4762.690965
-0.096295,20,4763.289685
3.140132,54,4764.897821
-1.302485,16,4765.380956
0.591571,22,4766.051604
-1.386622,16,4766.545852
-1.731758,15,4766.998488
17.2847,176,4772.3325
1.694156,30,4773.223644
-1.296846,16,4773.964558
0.430585,23,4774.783228
0.99248,23,4775.654167
-0.802986,17,4776.315711
0.22317,21,4777.101795
-1.75291,15,4777.648999
0.265999,22,4778.388465
-0.524978,18,4778.940583
-1.673481,15,4779.411507
-2.44072,13,4779.808755
-0.493254,19,4780.409773
-1.664383,15,4780.880507
0.96664,26,4781.677032
-0.401667,18,4782.242343
3.279015,58,4783.998196
-0.049886,20,4784.612101
1.228293,27,4785.740681
1.554501,28,4786.81262
-1.213067,16,4787.387558
-0.260556,19,4793.542193
-0.994076,17,4794.210133
-0.222193,19,4794.919461
0.521613,23,4795.752669
3.460499,69,4798.070396
-0.149134,20,4798.686107
-0.227855,19,4799.277826
0.286419,22,4799.971
-0.24407,20,4800.590935
-1.225695,16,4801.087468
-0.688774,18,4801.645773
-1.642496,15,4802.119755
-0.303523,18,4802.676983
0.063028,20,4803.489681
0.03516,21,4804.348263
-0.282353,19,4804.970615
-1.677389,15,4805.476905
0.203821,21,4806.223956
1.190286,26,4807.076249
0.352682,21,4807.791258
-0.791865,17,4808.322308
3.32199,84,4810.872355
0.49129,22,4811.631122
-0.816805,17,4812.251893
0.035467,21,4812.934544
1.146863,23,4813.782203
0.283448,23,4814.683418
-1.63429,15,4815.236828
-0.04022,21,4816.028072
2.831208,53,4817.902499
-0.441313,19,4818.508493
0.0348,21,4819.160616
-1.01476,16,4819.65121
-1.674847,15,4820.218339
-0.073063,20,4821.091704
-0.963305,17,4821.703824
0.425094,21,4822.424707
-1.671164,15,4822.942061
-0.536136,19,4823.553392
-0.129389,20,4824.265774
0.466972,21,4825.045351
0.195698,21,4825.742254
-0.922461,17,4826.254993
-0.577202,18,4826.809555
-0.013567,20,4827.408232
1.148753,25,4828.175041
-0.583016,18,4828.721862
-0.339726,19,4829.294903
-0.388725,18,4829.857417
-0.631678,18,4830.407995
-0.463164,19,4830.962013
-1.585536,15,4831.402198
-0.817111,17,4831.904058
-0.258626,19,4832.491836
-0.098889,20,4833.219337
0.840635,25,4834.082703
0.377261,22,4834.880129
-0.164106,20,4835.565084
0.056225,20,4836.268406
0.987311,24,4837.119056
-1.144237,16,4837.680786
-0.285563,19,4838.350556
-1.252216,16,4838.921294
0.928454,23,4839.642825
16.76512,176,4845.584401
0.927787,25,4846.394216
-0.581941,18,4846.940042
-0.434741,18,4847.4913
-1.213339,16,4847.979587
-0.743398,18,4848.530077
-0.317412,19,4849.099727
-0.356279,19,4849.686671
-2.436364,13,4850.087014
-1.257212,16,4850.601638
-0.115188,20,4851.204283
-0.231597,19,4851.787139
1.056246,23,4852.492012
0.003054,20,4853.129229
-0.249389,19,4853.744061
0.889744,24,4854.490687
0.062601,21,4855.123646
-0.111357,20,4856.024235
-0.215495,19,4856.913489
0.761322,23,4857.776219
3.554797,76,4860.446369
1.054214,29,4861.450796
0.769849,24,4867.663882
-1.723259,15,4868.123416
-0.883049,17,4868.631253
-0.406763,19,4869.204046
-0.704885,18,4869.75618
-0.973134,17,4870.269092
0.1062,21,4870.920355
0.033621,21,4871.561965
-0.36198,19,4872.141614
0.878412,24,4872.904131
0.312862,21,4873.546733
-0.723303,18,4874.105226
0.506291,22,4874.800303
-0.292856,19,4875.625005
-1.272615,16,4876.263077
20.269207,176,4882.448891
-0.110403,20,4883.133999
-1.140224,16,4883.717266
0.069068,20,4884.443407
0.050441,21,4885.243924
0.647914,24,4886.122813
-0.947986,17,4886.710377
-0.449517,19,4887.379517
-0.419266,19,4888.030636
0.795721,23,4888.757388
-0.080784,20,4889.37247
-0.969206,17,4889.897745
-0.073564,20,4890.525098
0.488563,21,4891.169633
-0.561171,18,4891.725883
0.08259,21,4892.390359
-0.678399,18,4892.962712
-1.036563,17,4893.487693
0.624404,21,4894.127178
-2.026277,14,4894.547631
-1.019841,17,4895.051048
14.621326,176,4900.931365
-1.000336,17,4901.477529
-0.38326,19,4902.075469
0.036178,20,4902.716141
15.297984,176,4908.794155
-0.042482,20,4909.501822
2.429607,49,4911.285476
0.053842,20,4912.046313
0.992866,24,4912.830283
-0.04805,19,4913.410573
0.329971,22,4914.08634
-0.206749,19,4914.677588
-0.649387,18,4915.238843
0.011292,20,4915.87485
-1.189123,16,4916.352558
0.583278,24,4917.074882
0.049516,21,4917.727324
0.976845,24,4918.499793
-1.371814,16,4919.186075
3.805721,70,4921.580022
-0.390511,19,4922.197958
2.960348,61,4924.148863
0.569667,24,4924.877333
1.058715,25,4925.652249
-0.279952,19,4926.256549
0.85608,25,4927.025355
-0.166531,19,4927.599357
0.113746,20,4928.276817
15.277665,176,4934.549681
-0.634229,18,4935.1715
0.318667,21,4935.914643
1.504346,37,4942.406965
2.550196,46,4943.794913
1.837451,54,4945.828547
0.001569,21,4946.530938
-0.285321,19,4947.181849
-2.087273,14,4947.645922
-0.072727,21,4948.356577
-1.08659,17,4948.900485
-0.724833,18,4949.481509
0.577452,22,4950.143056
-0.441968,19,4950.707606
1.412832,27,4951.536377
-0.036621,20,4952.133995
0.477103,23,4952.824406
0.541385,23,4953.514489
-0.738258,18,4954.041201
-0.583227,18,4954.569127
0.055891,21,4955.214206
0.491385,24,4955.952047
0.082571,21,4956.588586
-0.203426,20,4957.188615
-0.648992,18,4957.73084
0.314396,22,4958.387106
0.459634,22,4959.296684
-0.017292,20,4960.08455
0.687275,25,4960.93696
-0.168546,20,4961.706817
-0.768318,18,4962.32693
11.907958,176,4968.386249
-0.606468,18,4968.949337
1.666212,36,4970.146893
0.237614,21,4970.854199
2.515939,50,4972.537929
-0.064489,21,4973.289588
-1.26577,16,4973.77802
0.17879,20,4974.408139
-0.224859,20,4975.024823
2.355188,51,4976.564035
-0.475647,19,4977.451026
0.214469,22,4978.200454
1.569919,35,4979.410867
-1.033475,17,4980.010578
1.106182,28,4980.986317
-0.212674,20,4981.653561
0.369334,22,4982.38026
-0.846709,17,4982.873746
13.943301,176,4988.096683
-0.157378,20,4988.70573
-1.285363,16,4989.195937
-1.628357,15,4989.658219
-1.00654,17,4990.173957
-0.308528,19,4990.769181
0.405079,22,4991.428319
0.489917,23,4992.110954
-2.006911,14,4992.775758
3.731847,69,4995.337662
15.924774,176,5001.499511
0.157864,22,5002.243474
-1.287693,16,5002.83399
0.865921,24,5003.649564
-0.035526,21,5004.392875
-1.06373,17,5004.955215
13.715603,176,5015.403508
0.240257,22,5016.06869
0.283343,23,5016.755561
17.727049,176,5022.654701
-0.639783,18,5023.296415
16.491802,176,5029.224963
0.729419,23,5029.917941
-0.420034,19,5030.498272
0.391505,21,5031.153478
0.368348,22,5031.845483
0.003849,21,5032.608617
-1.833696,14,5033.186433
15.985667,176,5039.101098
1.173181,26,5040.034476
-1.299061,16,5040.623013
-0.908164,17,5041.232205
-2.063193,14,5041.751485
0.740208,24,5042.585025
-0.981856,17,5043.144709
-0.705262,18,5043.782124
-0.575987,18,5044.337648
-0.386349,19,5044.915398
0.069738,21,5045.528007
-1.613994,15,5045.975209
-1.338099,16,5046.454105
-0.600584,18,5046.996938
13.816641,176,5052.273087
0.112035,22,5052.959687
-0.87192,17,5053.458308
-0.498447,19,5054.042005
-0.615102,18,5054.590891
-0.675728,18,5055.145876
-1.32556,16,5055.657441
1.074848,27,5056.839894
0.136982,21,5057.525798
-0.219924,20,5058.17756
-0.506922,18,5058.761023
-0.221752,20,5059.57864
1.300824,29,5060.740973
-0.191786,19,5061.344692
-0.89661,17,5061.915541
-0.475493,19,5062.615436
-0.112846,20,5063.322229
-0.730041,18,5063.969906
-0.752357,18,5064.610086
-0.31443,19,5065.298144
0.652144,23,5066.134678
-0.046865,20,5066.826655
-0.257051,20,5067.580348
-1.291027,16,5068.120831
-1.204319,16,5068.662829
-0.306535,19,5069.292595
-0.087595,21,5069.981693
-0.144321,20,5070.814814
15.863165,176,5076.633546
-1.60312,15,5077.145105
-0.8408,17,5077.667452
-0.40243,19,5078.237767
-1.644114,15,5078.702811
1.069195,25,5079.444964
3.458825,86,5087.34218
18.542446,176,5093.578466
-0.382258,19,5094.258144
13.964278,176,5100.413907
0.137401,22,5101.075037
-0.3295,19,5101.664896
-0.585427,18,5102.247418
-0.209533,20,5102.875813
0.139623,21,5103.527954
-0.058308,20,5104.244899
-1.24121,16,5104.77775
-0.50595,18,5105.323228
-0.669932,18,5105.869991
-0.055225,21,5106.506669
0.810426,24,5107.233018
-0.700114,18,5107.86033
0.322457,22,5108.679965
0.170331,20,5109.384655
-1.195746,16,5109.950046
0.415221,22,5110.765718
-0.968542,17,5111.365486
-0.546874,18,5111.993422
1.341543,29,5112.960515
0.7429,25,5113.80299
-1.014249,17,5114.318307
0.11076,21,5114.955861
-1.045807,17,5115.449769
-1.298963,16,5115.925485
2.255338,45,5117.248389
0.254054,21,5117.885924
-1.011331,17,5118.413394
-0.456012,18,5118.947519
-0.692654,18,5119.485925
-0.512987,18,5120.021874
0.645448,24,5120.766211
14.788177,176,5126.887027
-0.724111,18,5127.540931
-1.298978,16,5128.201726
15.404634,176,5134.097788
-0.250809,20,5134.703484
0.313356,22,5135.390582
13.056643,176,5141.252887
-0.702827,18,5141.825319
0.20983,22,5142.522167
-0.881856,17,5143.073638
18.098457,176,5149.329143
0.035648,20,5150.006278
0.194802,22,5150.765276
18.038225,176,5161.529077
-1.747429,15,5161.993746
0.512063,23,5162.709417
-0.046849,21,5163.492062
-0.498998,19,5164.366343
-0.44406,19,5165.014348
2.20939,41,5166.39828
16.304512,176,5171.723578
-1.753225,15,5172.165032
0.861122,25,5172.899713
0.654945,24,5173.615006
-0.100897,20,5174.381395
0.663416,23,5175.15988
14.754168,176,5181.414944
-0.538079,19,5181.998212
0.829873,25,5182.743119
0.782593,24,5183.458306
-0.399621,19,5184.053366
0.29698,23,5184.751578
-1.053756,17,5185.253677
-1.747142,15,5185.710681
-0.042032,21,5186.335714
-0.985613,17,5187.079651
-1.275664,16,5187.696793
-0.060148,20,5188.355641
-0.681548,18,5189.048896
-1.318574,16,5189.601025
-0.706499,18,5190.240249
0.443317,23,5191.193946
-1.718286,15,5191.946777
-0.552412,18,5192.754254
0.316049,22,5193.540228
-0.27483,19,5194.254669
-0.469978,19,5195.25616
-1.104992,17,5195.922727
-0.742301,18,5196.503999
4.505013,150,5201.705945
-0.587737,18,5202.327201
-1.022332,17,5202.907375
0.987782,29,5203.909811
0.622533,24,5204.645049
-0.664728,18,5205.193831
0.018953,21,5205.856019
0.582711,25,5206.607746
0.554398,22,5207.27108
0.077532,21,5207.911512
0.146683,21,5208.541229
-2.053622,14,5208.971941
-0.1297,20,5209.569613
0.33024,22,5210.229926
1.074181,27,5211.034142
-1.32221,16,5211.515987
-1.005562,17,5212.021477
1.767647,39,5213.168099
0.392166,24,5213.868813
-1.367137,16,5214.353274
0.296306,21,5214.99455
1.276116,25,5215.872251
1.122625,26,5216.92914
-0.535751,19,5217.568098
14.693267,176,5224.303228
0.119299,22,5225.09265
-0.095057,20,5225.831972
0.352378,22,5226.626309
0.766301,23,5227.44843
-1.680832,15,5228.00115
-0.813762,18,5228.60084
-0.673012,18,5229.151906
-0.414037,19,5229.763982
0.580647,24,5235.874835
-2.081462,14,5236.333368
0.596805,23,5237.370843
-0.40524,19,5238.003041
-0.707328,18,5238.61268
0.240345,22,5239.377726
-1.069639,17,5240.000287
15.491183,176,5245.255556
0.595219,24,5245.968573
-1.194479,16,5246.487399
-0.551633,19,5247.28287
-1.656918,15,5247.772458
0.3527,23,5248.605243
-0.636105,18,5249.331745
0.8655,25,5250.411587
-0.934972,17,5251.163558
-0.490065,18,5251.772106
-0.23591,20,5252.463339
-1.38258,16,5253.035828
0.186264,22,5253.815293
0.87834,25,5254.678911
-0.41389,19,5255.278156
0.032401,21,5255.971041
0.064945,22,5256.631618
0.176029,22,5257.274333
13.568832,176,5262.544596
-0.237163,20,5263.153369
0.386118,21,5263.780292
4.430705,75,5266.00819
-0.288201,20,5266.614995
0.673065,25,5267.368455
0.851718,25,5268.120221
0.352851,23,5268.80655
1.660659,39,5270.245427
0.254728,22,5271.017169
-0.517837,19,5271.682809
-1.00899,17,5272.353539
-0.961043,17,5273.026778
-0.18899,20,5273.877944
-1.701139,15,5274.513999
0.032133,20,5275.231222
-1.70136,15,5275.750872
0.164363,22,5276.536448
-1.032687,17,5277.114184
0.146318,21,5277.877249
-1.092434,17,5278.509269
-0.984652,17,5279.174787
-2.047868,14,5279.682916
0.055744,21,5280.415092
0.17142,22,5281.165664
-0.070277,20,5281.76467
-0.39944,19,5282.326541
-0.053197,21,5282.957564
-0.414935,19,5283.522874
-0.499262,19,5284.107059
-0.741425,18,5284.65742
-1.014242,17,5285.178596
-2.436364,13,5285.56275
-0.81585,18,5286.090417
0.203175,22,5286.754202
-0.241864,20,5287.383872
0.255473,23,5288.096975
-1.677523,15,5288.579816
-0.502573,19,5289.146179
-0.724393,18,5289.687707
-0.263324,20,5290.306371
0.439706,23,5291.01217
-0.642349,18,5291.55688
-1.597813,15,5292.176944
-0.558148,18,5292.776048
-2.424474,13,5293.238297
-0.420985,19,5293.972965
0.18528,21,5294.722275
-1.26296,16,5295.254201
-1.665978,15,5295.893355
17.559386,176,5301.481456
17.97396,176,5313.091278
14.894096,176,5318.521994
-1.033171,17,5319.043324
16.291807,176,5324.269081
-0.498972,19,5324.838929
-1.004155,17,5325.359204
0.183029,22,5326.382628
-1.419838,16,5327.081212
16.003362,176,5333.487119
-0.438359,19,5334.229741
-0.472358,19,5334.917399
-1.277925,16,5335.504657
-1.41187,16,5336.05185
-0.480982,19,5336.713263
0.437633,24,5337.534052
-0.362173,19,5338.099081
-0.456016,19,5338.666851
-0.165005,20,5339.257276
13.749368,176,5344.780515
0.463696,24,5345.624688
-1.057214,17,5346.229806
-0.299249,20,5346.973382
-1.759717,15,5347.472323
0.584141,24,5348.2621
0.034951,21,5348.961632
-1.107232,17,5349.469244
0.935828,29,5350.401811
-1.0214,17,5350.899672
0.684993,26,5351.683656
-0.48582,19,5352.490337
14.183501,176,5358.61312
-1.024822,17,5359.128256
0.226998,22,5359.784775
12.623945,176,5365.524978
0.379025,24,5366.340825
13.595161,176,5371.957457
0.404071,23,5372.79309
-1.068953,17,5373.38332
0.899743,25,5374.248285
-0.715231,18,5374.920658
14.638479,176,5386.656463
0.748465,25,5387.498604
-1.046909,17,5388.111004
14.702901,176,5393.59575
1.713958,47,5395.005131
-0.080104,21,5395.656783
-1.334917,16,5396.157388
13.95577,176,5402.22998
-0.352319,19,5402.80392
-1.088051,17,5403.297465
0.01466,21,5403.90984
-0.974445,17,5404.413728
0.184378,22,5405.092108
-0.152152,20,5405.705798
0.627783,24,5406.632758
-0.310368,19,5407.289468
-0.0383,21,5407.953459
12.193525,176,5413.53312
0.525787,24,5414.265917
-1.005139,17,5414.771956
-0.561545,19,5415.327679
0.156245,22,5416.220313
-0.245204,20,5416.865789
-1.070088,17,5417.454439
14.354873,176,5422.751361
-0.443761,19,5423.324935
-1.383382,16,5423.806344
-0.821744,18,5424.422522
-1.018946,17,5425.147523
0.62259,23,5426.08251
0.072727,22,5426.886167
-0.20119,19,5427.551161
-0.883738,17,5428.164565
-1.102845,17,5428.738058
15.09354,176,5434.801971
-0.71098,18,5435.451467
-0.716707,18,5436.10436
15.588694,176,5442.376593
0.862104,26,5443.12998
-0.223038,20,5443.714576
-0.700299,18,5444.270159
-0.230912,20,5444.888579
17.819299,176,5456.062772
-0.676541,18,5456.634997
0.176234,22,5457.310344
16.512084,176,5462.475453
14.370041,176,5468.739841
-1.028177,17,5469.293185
0.281085,23,5470.26405
14.863255,176,5475.895754
-0.799936,18,5476.458573
0.612316,23,5477.156993
-0.669081,18,5477.685245
17.94969,176,5482.894452
0.01567,21,5483.498289
-0.758494,18,5484.037441
0.282602,23,5484.723617
-0.783646,18,5485.331638
0.698486,25,5486.48422
0.558474,24,5487.292081
0.031946,21,5488.035393
18.188306,176,5493.949287
0.356536,23,5494.640138
-0.108081,21,5495.264847
-0.100084,21,5495.896508
0.288126,23,5496.56627
-0.032711,21,5497.180579
0.403026,24,5497.887836
-0.754545,18,5498.42105
-1.338869,16,5498.90379
-0.233484,20,5499.510417
-0.193705,20,5500.10874
-0.223825,20,5500.706717
2.427582,86,5503.717264
-0.101016,20,5504.333445
15.432892,176,5510.45066
-2.087273,14,5510.884111
-0.254047,20,5511.554362
17.969805,176,5517.263886
16.025088,176,5528.089808
-0.513149,19,5528.723984
0.439699,24,5529.548254
18.55183,176,5535.143046
-0.498148,19,5535.940742
-2.120876,14,5536.373012
0.118967,22,5537.156156
-0.532727,19,5537.830668
14.276242,176,5543.710148
14.351044,176,5548.992185
18.532913,176,5555.051016
2.823249,65,5557.566345
16.265611,176,5563.559858
17.853891,176,5568.804035
-1.072727,17,5569.315733
0.217547,23,5570.07633
-0.789091,18,5570.871035
-0.081526,21,5571.569298
16.430597,176,5577.388258
0.372239,24,5578.099218
17.60664,176,5583.291258
-0.532727,19,5583.866672
-0.987126,17,5584.362182
0.309592,22,5585.065392
-0.023085,21,5585.709708
-0.264808,20,5586.483638
0.973394,30,5587.532327
14.327698,176,5593.822012
-0.789048,18,5594.404036
11.228073,176,5605.128655
-1.036364,17,5605.766381
11.998345,176,5612.120113
13.588494,176,5617.49283
-1.036364,17,5618.004649
-0.092851,21,5618.631722
1.684338,52,5620.170965
13.103378,176,5625.493962
-0.763409,18,5626.060634
-0.079673,21,5626.938335
-1.383636,16,5627.598362
14.491895,176,5633.680081
-0.7676,18,5634.297117
-0.761128,18,5634.930749
15.915084,176,5640.179239
-0.05865,21,5640.815143
0.111012,22,5641.485209
15.01098,176,5646.76901
-0.478756,19,5647.503992
1.638474,56,5649.825848
12.026104,176,5656.000785
-2.016389,14,5656.497498
13.551997,176,5661.774326
-0.299834,20,5662.386908
13.037622,176,5674.130625
-0.272727,20,5674.787653
-1.045564,17,5675.369022
0.375602,24,5676.199146
-0.754397,18,5676.817566
0.58278,27,5677.756344
-1.721818,15,5678.234317
-1.036364,17,5678.816956
-0.303636,20,5679.532334
-0.821899,18,5680.13762
0.722744,25,5680.989365
-1.064203,17,5681.548935
-1.072727,17,5682.076623
-1.382756,16,5682.562958
-0.972793,17,5683.069865
-0.789091,18,5683.594311
14.481382,176,5689.644148
-0.303636,20,5690.234892
0.07465,22,5690.886473
-0.272727,20,5691.49116
-1.066707,17,5692.014463
-0.303636,20,5692.612486
-0.298375,20,5693.220656
13.768949,176,5698.391413
-0.449126,19,5698.9546
0.297111,23,5699.826405
0.072362,22,5700.612217
0.344301,24,5701.794261
13.58735,176,5708.119572
0.615302,26,5708.979089
13.83479,176,5714.156628
-0.5,19,5714.744457
17.223229,176,5719.997104
-0.098032,21,5720.606685
0.732876,26,5721.505153
0.646249,26,5722.589408
15.352456,176,5729.235643
13.321814,176,5734.793919
-2.045455,14,5735.203958
13.999002,176,5745.916217
12.900695,176,5752.190953
-0.180709,20,5752.906594
15.193195,176,5759.079445
-0.121249,21,5759.801727
0.524789,25,5760.632317
-0.563838,19,5761.22873
0.154122,22,5761.906998
-0.777818,18,5762.470136
-1.419838,16,5762.95193
0.578445,26,5763.729896
16.340348,176,5768.935955
-0.821899,18,5769.469258
13.76459,176,5775.225261
-0.788758,18,5775.765798
-0.560088,19,5776.322592
-0.066799,21,5776.946343
-0.072727,21,5777.758736
0.051881,22,5778.627464
0.047284,22,5779.312769
1.605525,47,5780.962056
0.245455,23,5781.784667
16.946215,176,5787.852456
-0.563838,19,5788.560416
0.046707,22,5789.295211
-2.087273,14,5789.733068
0.144934,22,5790.399243
2.060547,72,5792.54091
13.761696,176,5798.742108
-0.821899,18,5799.503256
-0.752554,18,5800.225003
-1.107232,17,5800.867319
-0.053425,21,5801.64527
-0.104967,21,5802.348957
0.640081,25,5803.200579
0.626415,27,5804.101622
0.138564,22,5804.867674
-2.037504,14,5805.32787
15.4715,176,5810.599545
-1.755978,15,5811.047508
-1.681818,15,5811.509084
13.201436,176,5823.412817
0.072727,22,5824.155001
-1.721818,15,5824.59803
-0.754288,18,5825.155194
-1.036364,17,5825.657159
-0.056623,21,5826.283424
-1.383636,16,5826.755956
16.966428,176,5832.376294
13.411217,176,5838.570225
-0.5,19,5839.131667
14.646939,176,5844.34252
0.401032,24,5845.061078
16.973341,176,5851.664712
-0.488124,19,5852.31069
-0.754545,18,5852.896757
1.813047,66,5854.97198
-1.331346,16,5855.442383
-0.270186,20,5856.037493
0.217425,23,5856.716402
-0.738942,18,5857.251752
14.798406,176,5862.443239
-1.098807,17,5862.940412
-0.673384,18,5863.465056
0.316359,23,5864.159417
12.855322,176,5870.823404
0.482463,25,5871.712531
13.644576,176,5877.780703
0.130457,22,5878.54513
-0.789091,18,5879.125859
13.914917,176,5884.925767
-0.752257,18,5885.547206
-1.072727,17,5886.173686
-1.088738,17,5892.143204
1.269031,36,5893.222101
0.272643,23,5893.927483
0.404047,24,5894.675946
-1.027884,17,5895.229333
-0.272727,20,5895.840105
-1.759717,15,5896.309012
0.493875,25,5897.245999
15.939772,176,5903.943109
0.32111,23,5904.758944
0.487971,24,5905.613624
-1.341948,16,5906.207461
1.297126,41,5907.737206
-0.034251,21,5908.399599
2.109762,65,5910.392217
-1.759717,15,5910.847781
0.273912,23,5911.551199
-0.261888,20,5912.172402
-0.767832,18,5912.734186
-2.113681,14,5913.17099
-0.301287,20,5913.810145
-0.720386,18,5914.371686
-0.195172,20,5914.973335
-0.754545,18,5915.558831
17.22581,176,5922.253591
0.15042,22,5922.960237
0.565227,26,5923.708154
16.86982,176,5928.854891
0.801011,26,5929.631578
19.783366,176,5935.520345
-0.754545,18,5936.039298
13.921319,176,5941.776413
13.70575,176,5947.284443
-0.101818,21,5947.902114
-1.419838,16,5948.38301
15.280105,176,5954.107396
17.647361,176,5965.973047
0.416661,25,5966.715528
-0.495245,19,5967.264202
-0.122587,21,5967.89341
0.609892,26,5968.652711
-0.236846,20,5969.2566
4.407471,110,5972.510084
-1.721818,15,5972.949063
-1.700798,15,5973.394092
-0.272727,20,5973.991455
-0.552251,19,5974.719105
1.410176,39,5976.172633
2.391531,58,5978.124482
-1.662475,15,5978.609055
5.259773,142,5982.845533
-1.036364,17,5983.354563
-0.111561,21,5984.005544
2.303142,71,5986.433421
18.928748,176,5993.121053
-1.064833,17,5993.750406
0.555188,24,5994.537185
3.616775,74,5996.733609
-0.53042,19,5997.301754
1.732245,49,5998.763411
-0.53238,19,5999.322528
16.34524,176,6005.00723
3.41445,91,6007.881282
16.971495,176,6013.949025
0.087896,22,6014.759607
0.440253,25,6015.697725
-1.071997,17,6016.423089
-1.352831,16,6017.120742
6.928052,164,6023.038791
-0.264313,20,6023.645147
-2.107266,14,6024.069301
4.108954,106,6027.182124
-0.309324,20,6027.785558
0.1,22,6028.436504
-0.535004,19,6029.006136
-0.754545,18,6029.563118
-2.045455,14,6029.984161
1.558047,46,6031.334126
-1.671524,15,6031.776991
1.758318,42,6038.76052
-1.01862,17,6039.565937
0.246373,23,6040.433193
0.30279,23,6041.288685
-0.290284,20,6042.012565
-0.745067,18,6042.691009
-1.678882,15,6043.234544
0.342918,24,6044.069028
0.157433,22,6044.841466
-0.246472,20,6045.458412
-0.5,19,6046.01043
0.072727,22,6046.662958
-0.993168,17,6047.196746
0.412509,24,6048.092349
-0.263668,20,6048.923152
-0.563838,19,6049.558066
1.667264,45,6051.118954
-2.045455,14,6051.574519
4.594235,117,6055.131425
0.376028,24,6055.869179
-0.754545,18,6056.43077
-1.687969,15,6056.888372
2.316251,53,6058.481699
4.716125,142,6063.624311
1.187925,33,6064.785
1.89301,42,6066.527023
-0.010375,21,6067.320207
7.608136,149,6072.342557
0.047774,22,6073.00174
-0.444581,19,6073.587546
-1.107232,17,6074.090156
0.355394,23,6074.776235
-0.048024,21,6075.401323
-0.111292,21,6076.039159
-0.50636,19,6076.626797
-0.055767,21,6077.267967
-1.107232,17,6077.788771
-0.523537,19,6078.407569
-0.194491,20,6079.028511
5.149769,122,6083.312645
0.6284,26,6084.323973
-0.784124,18,6085.040365
-1.687732,15,6085.605379
-2.436039,13,6086.108718
0.898862,30,6087.232494
-1.000345,17,6087.872555
3.616807,72,6090.089968
-1.066296,17,6090.615918
-0.715855,18,6091.165261
-0.783249,18,6091.720175
0.005076,21,6092.370266
-0.494541,19,6092.95784
-0.697681,18,6093.500559
-1.028649,17,6094.021081
2.029289,46,6095.376245
0.718252,28,6096.222943
-1.383502,16,6096.73013
0.909639,27,6097.530909
0.050934,22,6098.209762
0.819341,26,6098.972502
7.400705,156,6104.860973
2.192518,52,6106.738331
7.922794,149,6116.8192
0.40175,23,6117.531944
-0.265213,20,6118.119994
0.956212,27,6118.917011
4.74204,106,6122.052406
7.198377,155,6127.133175
0.505689,25,6128.084069
-2.045455,14,6128.541235
0.147203,21,6129.224122
-0.274527,20,6129.975837
1.030275,29,6131.016988
-0.439423,19,6131.73218
5.824875,139,6136.780912
-1.654783,15,6137.31103
0.087864,21,6138.104295
0.12766,22,6138.900136
17.137515,176,6144.716584
-1.417969,16,6145.364239
0.338394,24,6146.185986
-0.45428,19,6146.854265
-1.34366,16,6147.448175
6.523359,135,6152.035677
-1.718074,15,6152.504107
-0.168603,20,6153.115726
0.44522,24,6153.837507
-1.383636,16,6154.33666
-0.300426,19,6154.918383
-0.277127,20,6155.527577
2.920502,76,6157.842466
16.143929,176,6163.101125
4.186606,132,6167.101718
-0.503855,19,6167.697575
0.717114,27,6168.882792
-1.949181,14,6169.479914
0.236887,23,6170.443923
0.405805,23,6171.244298
-1.71239,15,6171.749509
-0.753169,18,6172.385293
-0.789091,18,6173.03195
3.568967,88,6175.972197
0.491617,24,6176.700793
4.625233,114,6185.616671
-0.321876,20,6186.285019
-0.720438,18,6186.909436
0.093543,22,6187.712824
0.160986,22,6188.456952
2.443161,67,6190.854939
3.504054,120,6195.01897
0.668512,27,6195.816428
-0.303636,20,6196.433074
1.085415,28,6197.27301
-1.759717,15,6197.722269
-1.681818,15,6198.181234
-0.082188,21,6198.835705
1.62075,52,6200.560668
-1.701639,15,6201.180825
-1.407686,16,6201.717243
1.588611,41,6203.085635
0.280784,23,6203.773579
-0.02571,21,6204.405221
17.314467,176,6210.071496
-0.743225,18,6210.682898
16.925438,176,6216.940285
-0.511924,19,6217.616369
-1.642312,15,6218.16626
-0.061899,21,6218.881273
0.274312,23,6219.695441
-0.004393,21,6220.443859
15.786737,176,6225.77198
0.248204,22,6226.421253
0.463354,24,6227.192176
-0.559711,19,6227.997896
0.379276,23,6228.72549
2.733708,107,6232.163086
-0.333051,20,6232.802991
-1.415198,16,6233.420551
-1.00353,17,6234.070872
-1.402066,16,6234.675318
5.986931,103,6237.966697
0.309281,23,6238.660745
-0.801159,18,6239.189719
5.064906,127,6242.931568
0.47154,25,6243.698308
-1.681818,15,6244.147817
4.382501,126,6248.977976
0.092447,22,6249.770633
-0.484752,19,6250.435728
-0.557236,19,6251.108064
-0.296685,20,6251.772941
-0.294575,20,6252.357344
-0.043091,21,6253.005282
-0.563838,19,6259.063778
-1.383636,16,6259.591136
0.267864,23,6260.487549
3.813082,133,6265.470572
0.236806,23,6266.286909
4.680228,100,6269.735182
0.113963,22,6270.398337
0.323897,24,6271.108168
1.430335,40,6272.306912
-0.801266,18,6272.854087
16.232589,176,6278.102646
15.002322,176,6283.717982
1.494084,51,6285.321359
-0.006593,21,6286.041394
-2.06678,14,6286.704385
1.195397,31,6287.741883
0.1,22,6288.55005
-1.721818,15,6289.250485
-0.265739,20,6289.919741
15.781548,176,6296.297609
-1.33871,16,6296.77765
-0.411819,19,6297.378259
-0.001231,21,6298.035022
2.044627,51,6299.804398
0.114146,22,6300.643248
-0.316253,20,6301.36707
-1.681818,15,6301.902189
-0.269908,20,6302.621128
-0.532727,19,6303.240074
0.135188,22,6304.027782
2.980206,73,6306.286475
-0.230132,20,6306.916941
5.369152,172,6313.221158
6.772253,175,6319.188812
15.547416,176,6325.028115
-1.304927,16,6325.604314
-1.340086,16,6326.190423
0.117389,22,6326.997064
-0.784657,18,6327.685484
0.318049,22,6328.461068
15.665219,176,6339.781159
-1.027707,17,6340.363559
15.768818,176,6345.809431
-0.721304,18,6346.352993
15.759762,176,6351.976738
-0.019463,21,6352.715583
0.148338,22,6353.464079
-0.754545,18,6354.073832
-0.530423,19,6354.688306
15.870107,176,6361.004273
0.057879,21,6361.802383
-0.260299,20,6362.560086
-0.091696,21,6363.321946
16.589056,176,6368.967331
13.282972,176,6374.743058
0.047237,21,6375.408107
-1.036364,17,6375.906847
-0.326976,20,6376.769679
-0.264137,20,6377.440418
15.85806,176,6383.694823
1.243427,37,6384.800061
-1.342141,16,6385.289524
-0.781507,18,6385.842031
-0.418476,19,6386.528478
-0.809434,18,6387.278214
0.412608,24,6388.176013
-0.081585,21,6388.940837
0.49349,24,6389.752862
14.917298,176,6395.845048
15.124265,176,6402.121158
-0.267339,20,6402.745875
15.259555,176,6414.655988
-1.028322,17,6415.313535
-0.287397,20,6416.017894
16.970386,176,6421.703357
-1.095039,17,6422.248297
-1.367097,16,6422.730555
2.677361,55,6424.732108
2.118579,45,6426.323562
-0.270806,20,6426.982887
0.373158,24,6427.725787
-1.344155,16,6428.207453
-0.023875,21,6428.855469
-2.087273,14,6429.266547
-0.754545,18,6429.793252
15.142967,176,6434.955971
-0.420486,19,6435.737752
13.547281,176,6441.842889
15.497016,176,6447.704477
14.170266,176,6453.872912
-0.527755,19,6454.591674
-0.769238,18,6455.276964
-0.563838,19,6456.006763
15.698911,176,6462.171532
0.165196,22,6462.957251
-0.493432,19,6463.530498
0.662245,26,6464.293007
-0.129535,21,6464.919067
16.810695,176,6470.508669
-0.540825,19,6471.159934
0.00432,21,6471.804007
-0.5,19,6472.359019
0.678397,25,6473.104279
13.72272,176,6484.152566
0.666532,24,6484.991868
-1.24972,16,6485.568996
-0.689276,18,6486.213243
14.425767,176,6492.089437
-0.129535,21,6492.915301
-0.056181,20,6493.555293
-0.272727,20,6494.299775
-0.063153,21,6494.924073
-0.308736,20,6495.513685
-0.785892,18,6496.05881
0.675301,27,6496.845182
14.741496,176,6502.675113
-0.11085,21,6503.321889
0.137509,22,6503.984658
15.927075,176,6510.371787
-0.171832,20,6511.014993
-0.754545,18,6511.580511
-0.783831,18,6512.098919
14.324729,176,6517.714749
-0.754545,18,6518.237852
0.373148,24,6518.957724
-0.754545,18,6519.546383
-0.754545,18,6520.378503
0.282903,23,6521.119255
-2.045455,14,6521.602011
-0.303636,20,6522.289253
15.596432,176,6528.415189
0.123492,22,6529.277395
-1.001177,17,6529.912683
15.774319,176,6535.723472
-0.333051,20,6536.308621
3.016984,63,6538.540225
-1.345455,16,6539.080402
0.489468,24,6539.951428
-0.990788,17,6540.558863
14.681648,176,6546.149442
0.469582,24,6546.996591
-0.732345,18,6547.630977
-1.019466,17,6548.181477
-0.045961,20,6548.825924
1.080253,34,6550.097793
14.692571,176,6562.044176
2.557884,67,6564.480097
-0.754545,18,6565.245387
1.971522,62,6567.441708
13.689391,176,6573.23766
-0.279573,20,6574.134968
0.469186,25,6575.062271
16.23846,176,6580.750387
1.745455,66,6583.167078
0.314894,23,6584.197286
-2.045455,14,6584.783045
14.087679,176,6591.098494
15.124913,176,6596.741069
-0.087407,21,6597.386467
-0.492313,19,6597.954378
-0.789091,18,6598.486317
-0.430126,19,6599.064441
0.43111,24,6599.784261
0.192557,22,6600.448123
15.805659,176,6606.569223
-0.503496,19,6607.247439
0.100988,22,6608.098684
16.651249,176,6614.598993
1.841812,53,6616.496488
-0.532727,19,6617.172306
15.746192,176,6622.889693
-1.383286,16,6623.372242
14.50619,176,6635.101178
13.808859,176,6640.372774
15.700486,176,6646.111026
-1.345455,16,6646.675594
-0.167434,20,6647.542841
-2.027302,14,6648.100446
-0.470281,19,6648.81162
0.490187,24,6649.827699
-0.729266,18,6650.621154
-1.749033,15,6651.249271
17.038875,176,6657.208456
-0.072294,21,6657.837029
-0.53055,19,6658.399154
-1.416585,16,6658.886876
-0.490797,19,6659.447163
-1.375116,16,6659.919536
-0.308543,20,6660.500984
-0.719862,18,6661.055006
0.394573,24,6661.783577
0.478342,25,6662.53341
0.0204,21,6663.166371
14.702973,176,6669.564057
-0.490959,19,6670.208683
0.237306,22,6671.009396
-0.789091,18,6671.675684
0.059102,22,6672.499905
-0.740675,18,6673.221868
15.497344,176,6679.361172
-0.736828,18,6679.904168
0.39468,24,6680.640109
17.416812,176,6685.919974
-0.689857,18,6686.446813
16.064646,176,6692.756003
13.705698,176,6699.198881
14.542039,176,6711.337368
-1.036364,17,6711.883456
13.596002,176,6717.293019
14.717584,176,6723.187138
13.201937,176,6729.497489
14.333482,176,6735.172768
12.883003,176,6741.136431
0.072727,22,6741.811411
1.161124,28,6742.64917
13.208395,176,6748.286547
-0.701073,18,6748.915535
15.772539,176,6755.563407
-0.05547,21,6756.460649
-0.493421,19,6757.177999
-1.036364,17,6757.829227
15.277464,176,6763.653609
15.114566,176,6768.843365
-1.026416,17,6769.347273
0.288716,23,6770.028305
-1.072727,17,6770.536822
15.006908,176,6775.707771
-1.419838,16,6776.173331
-0.819285,18,6782.565411
-0.248475,20,6783.292919
-1.011375,17,6783.912223
-0.280822,20,6784.635346
-1.072727,17,6785.263602
-1.067833,17,6785.874936
14.540492,176,6791.819233
0.37443,24,6792.538518
16.227687,176,6797.756678
-0.483661,19,6798.321556
3.180396,100,6801.321784
-1.755033,15,6801.797411
-0.519652,19,6802.401572
-0.5,19,6802.989172
-0.563838,19,6803.565711
-0.293243,20,6804.170965
14.559685,176,6810.610264
-0.5,19,6811.334021
0.245947,23,6812.170468
-0.475817,19,6812.746106
-0.022228,21,6813.366897
16.638272,176,6819.295107
-0.821697,18,6819.954928
16.666874,176,6825.510911
-0.799468,18,6826.078092
0.197854,23,6826.920574
-0.272727,20,6827.724929
14.190482,176,6833.845321
4.789008,123,6838.334069
0.097176,22,6839.11937
-0.5,19,6839.790194
14.941894,176,6844.972189
-0.072727,21,6845.608358
-1.063695,17,6846.125672
0.397979,23,6846.808444
17.696836,176,6858.551079
-0.272727,20,6859.158784
17.607932,176,6864.918639
14.544173,176,6870.616966
-0.812496,18,6871.152412
0.321249,24,6871.868233
12.848893,176,6877.957605
15.286659,176,6884.343984
16.819751,176,6890.428079
4.469024,142,6894.762627
-0.190337,20,6895.348308
-0.107463,21,6895.983062
-0.709687,18,6896.515552
13.468812,176,6901.775215
-1.085247,17,6902.467124
-0.809469,18,6903.310386
17.230835,176,6909.776462
-0.320003,20,6910.472771
16.283744,176,6915.896758
-1.345455,16,6916.369977
17.638618,176,6921.519329
-0.466922,19,6922.089866
-0.98805,17,6922.60107
5.984065,154,6933.600776
-0.821899,18,6934.135727
-0.245077,20,6934.731538
-0.253315,20,6935.343316
-0.271702,20,6935.934777
-0.255079,20,6936.52165
17.045392,176,6942.529711
-1.360124,16,6943.083589
0.23495,23,6943.883297
0.693809,27,6944.674321
-0.721606,18,6945.209833
-0.296239,20,6945.793032
5.675774,168,6951.851358
-0.499195,19,6952.556877
0.180971,22,6953.354555
-0.229816,20,6954.079407
0.332568,23,6954.95819
-0.754545,18,6955.640033
-0.752621,18,6956.196875
-1.022845,17,6956.713639
6.442102,159,6961.452317
-0.513761,19,6962.039967
-1.677369,15,6962.521621
0.126974,22,6963.190343
17.894499,176,6968.427389
-1.09831,17,6968.938745
-0.101818,21,6969.834763
0.416772,24,6970.82467
-0.044367,21,6971.822728
0.547239,25,6972.799076
-0.116686,20,6973.504333
-0.488618,19,6974.227919
-1.063388,17,6974.84954
-1.335835,16,6975.420976
-1.381838,16,6975.990991
6.163926,170,6981.537366
1.159522,34,6982.589528
3.021797,56,6984.259487
15.920141,176,6989.534539
16.050879,176,6995.772093
15.198646,176,7007.151334
15.578441,176,7012.375718
0.06479,22,7013.05183
-0.821899,18,7013.607442
0.318182,24,7014.322507
-0.732691,18,7014.871134
0.404414,24,7015.601716
2.789604,80,7018.576198
0.188402,22,7019.322711
14.751843,176,7025.976007
-0.752977,18,7026.613566
13.983815,176,7032.268909
-2.48,13,7032.657221
-1.681818,15,7033.09854
-1.031303,17,7033.623473
0.119009,22,7034.266371
-1.107045,17,7034.767234
15.980544,176,7040.006441
0.406885,24,7040.697282
-0.313224,20,7041.299164
14.71579,176,7047.209836
-1.681818,15,7047.753393
15.25417,176,7053.583842
-0.808185,18,7054.20668
-0.907272,17,7054.803747
-0.484416,19,7055.452242
0.075635,22,7056.169742
0.205144,23,7056.864473
15.765391,176,7062.567709
15.609896,176,7068.911158
0.369248,24,7075.499909
-0.787571,18,7076.176458
15.807079,176,7082.872708
-0.472917,19,7083.518596
-1.345455,16,7084.046406
15.274042,176,7089.648865
13.828648,176,7095.123668
-0.750107,18,7095.75301
16.035183,176,7101.998681
0.223899,23,7102.886636
-1.036364,17,7103.509039
0.251568,23,7104.291398
-1.011219,17,7104.878653
-0.443869,19,7105.507044
-1.345455,16,7105.995482
-0.072465,21,7106.606267
14.777878,176,7112.093562
0.11664,22,7112.863237
0.105802,22,7113.672051
6.346906,172,7119.500078
-0.254878,20,7120.235507
-1.09248,17,7120.819561
-0.486375,19,7121.372998
17.639616,176,7127.810949
16.967191,176,7133.527381
-0.781155,18,7134.074684
-2.045455,14,7134.480964
-0.299281,20,7135.076695
14.410597,176,7141.302707
-0.533973,19,7142.011454
-0.294116,20,7142.744194
-0.563838,19,7143.420666
14.072885,176,7155.397152
14.841094,176,7160.634278
0.220209,23,7161.324425
-0.122892,21,7161.949318
-1.072727,17,7162.463087
0.134595,22,7163.122828
13.884393,176,7168.345689
0.369659,24,7169.056965
0.474768,25,7169.804513
-0.5,19,7170.470552
-0.532727,19,7171.22972
0.178942,22,7172.062238
0.1,22,7172.890137
13.541175,176,7179.403753
0.173645,22,7180.214778
-0.5,19,7180.853342
15.28952,176,7186.197129
-0.753645,18,7186.746955
16.0339,176,7192.275479
1.180824,31,7193.403581
17.341849,176,7199.054118
-0.789091,18,7199.596791
-0.244468,20,7200.189636
-0.095418,21,7200.806945
-0.506363,19,7201.367157
14.133591,176,7207.606663
13.15472,176,7213.183125
-0.821899,18,7213.720441
0.560855,25,7214.458456
-0.333051,20,7215.051428
-0.299922,20,7215.895075
-0.331852,20,7216.51065
1.0784,41,7224.063046
15.759413,176,7229.270216
1.742427,49,7230.710696
0.072727,22,7231.371871
13.369615,176,7237.521736
-0.821899,18,7238.196869
3.505486,105,7241.366244
15.076021,176,7246.51436
-0.265018,20,7247.109874
0.055673,22,7248.038586
15.210331,176,7254.608933
0.1,22,7255.398466
-0.32732,20,7256.101247
-0.101818,21,7256.850903
-0.000141,21,7257.593781
14.336714,176,7262.875865
0.43656,25,7263.618377
-1.345455,16,7264.092609
1.013564,70,7266.142848
-0.561175,19,7266.712498
2.256537,66,7269.05616
-1.107232,17,7269.633259
12.36121,176,7275.297069
2.993975,95,7278.394551
-1.699737,15,7278.858156
15.32105,176,7284.275066
16.046005,176,7296.653754
-1.318,16,7297.145356
-0.480858,19,7297.725747
0.588979,26,7298.505919
-1.383636,16,7298.977658
13.563169,176,7304.205137
14.127509,176,7310.689003
-1.036364,17,7311.338967
12.830973,176,7317.539018
0.488147,25,7318.284641
-0.298453,20,7318.878932
0.124781,22,7319.541866
-0.5,19,7320.117596
0.463801,25,7320.867435
-0.461658,19,7321.438366
0.066804,22,7322.091849
0.047642,22,7322.750299
0.1,22,7323.411854
-0.307515,20,7324.01309
15.522619,176,7329.587632
-1.419838,16,7330.179425
0.098546,22,7330.983627
14.832307,176,7336.559103
0.245455,23,7337.237372
0.117321,22,7338.022674
-0.441837,19,7338.75742
-0.04398,21,7339.665987
-1.345455,16,7340.196955
-0.269614,20,7340.817693
14.82784,176,7347.38636
14.801582,176,7353.876315
-1.070283,17,7354.480041
15.220298,176,7359.745676
13.947984,176,7370.838715
-1.035571,17,7371.402835
-0.766732,18,7372.092527
0.732156,30,7373.180779
-1.107232,17,7373.842042
15.522481,176,7380.535313
-0.319934,20,7381.143034
0.22,23,7381.815754
-1.072727,17,7382.30995
-0.754545,18,7382.858902
-0.742441,18,7383.386075
-0.061812,21,7384.008336
15.665926,176,7389.491122
0.100155,22,7390.224138
14.62578,176,7395.873281
-0.129535,21,7396.4889
16.385109,176,7402.41133
14.625233,176,7408.198248
0.671669,28,7409.028778
0.090482,22,7409.677523
-1.344466,16,7410.153058
16.425986,176,7416.710924
14.050563,176,7422.733582
0.265589,23,7423.421017
-1.383636,16,7423.896613
-1.345455,16,7424.40782
17.118404,176,7429.714486
-0.494644,19,7430.275646
0.894477,30,7431.447158
-0.272727,20,7432.142565
-0.331597,20,7432.896864
0.317374,24,7433.624111
0.166504,22,7434.285249
-1.033202,17,7434.823603
14.684359,176,7446.485973
-0.789091,18,7447.28267
-0.789091,18,7447.95865
-0.047339,21,7448.664669
-0.072727,21,7449.366787
-0.563838,19,7450.07759
14.612251,176,7455.44715
15.074631,176,7461.308775
14.557946,176,7467.76812
-2.126869,14,7468.189938
0.195677,23,7468.97326
15.093008,176,7474.805178
-0.754545,18,7475.352542
14.721457,176,7481.101535
-0.242613,20,7481.812209
14.393123,176,7488.469813
13.746906,176,7493.833285
-0.037225,21,7494.467468
14.137222,176,7500.399595
-1.383636,16,7501.065841
-2.045455,14,7501.619827
-0.506355,19,7502.426124
-0.272727,20,7503.090507
-1.383636,16,7503.67859
-0.789091,18,7504.345819
14.304469,176,7510.340189
-1.104666,17,7510.84976
12.728221,176,7521.796421
14.482422,176,7527.74833
14.915758,176,7533.803378
13.11202,176,7539.015746
16.595623,176,7545.414768
15.46803,176,7551.889601
14.523068,176,7557.73096
-0.096282,21,7558.354161
-0.525658,19,7558.942579
-0.494045,19,7559.51364
15.000367,176,7565.813989
0.151802,22,7566.660371
-1.345455,16,7567.261183
-1.104151,17,7567.87403
-1.759187,15,7568.42065
0.200267,23,7569.202867
-1.987978,14,7569.63262
13.103642,176,7574.870639
-0.256455,20,7575.477627
14.514561,176,7580.622671
0.385478,24,7581.527855
-0.817532,18,7582.37562
16.324453,176,7594.781914
0.318051,24,7595.50934
-1.103486,17,7596.024591
15.913236,176,7601.383962
-1.395564,16,7601.864329
15.437823,176,7608.365055
-0.821899,18,7609.119842
-1.377455,16,7609.801471
13.859686,176,7616.325083
0.256689,23,7617.086984
5.810539,175,7622.358738
15.964623,176,7628.143682
16.763782,176,7634.553736
15.840389,176,7639.904266
0.457882,25,7640.687962
0.346504,24,7641.430838
15.055357,176,7647.457076
-0.751295,18,7647.998507
14.212607,176,7654.235036
14.65995,176,7660.777995
-0.272727,20,7661.36593
5.309599,156,7672.324132
17.572032,176,7679.037865
-0.563838,19,7679.729228
0.413942,25,7680.476767
-0.07963,21,7681.100949
-1.336407,16,7681.583436
-0.016799,21,7682.207971
0.355369,24,7682.911024
-0.269469,20,7683.521229
-1.036338,17,7684.042284
0.176124,22,7684.733093
-0.47608,19,7685.31055
0.385993,24,7686.054484
4.610358,105,7689.820042
-0.101818,21,7690.640682
-1.719165,15,7691.263897
-1.103374,17,7692.039384
-0.119863,21,7692.766432
15.063263,176,7698.46971
-0.754545,18,7699.009871
16.279926,176,7704.816524
1.453719,37,7706.200207
16.029384,176,7712.802735
-2.087273,14,7713.309014
-0.705828,18,7713.974795
0.364304,24,7714.871146
-0.099773,21,7715.530353
-0.481909,19,7716.081123
4.860584,171,7721.101337
0.519484,26,7721.856117
-0.30711,20,7722.442942
0.046707,22,7723.102158
-0.5,19,7723.670936
-0.099537,21,7724.300141
-1.036364,17,7724.836467
0.795244,30,7725.743315
-0.5,19,7726.295583
-0.224665,20,7726.876116
-0.487879,19,7727.443373
-0.563838,19,7727.999932
-1.301845,16,7728.470947
-0.750895,18,7729.011556
0.22,23,7729.693821
-0.292197,20,7730.317701
-0.325232,20,7731.256791
-1.107232,17,7731.84226
-1.09826,17,7732.473614
-0.503192,19,7733.164312
-0.754545,18,7733.855011
-0.821899,18,7734.505184
-0.789091,18,7735.170563
0.548523,25,7736.074374
-0.325724,20,7736.834253
-0.237069,20,7743.459384
0.447079,25,7744.224232
0.859479,27,7745.040083
-0.116537,21,7745.668219
0.164794,22,7746.326755
6.685421,155,7751.713176
-0.483453,19,7752.293411
0.255935,23,7753.010167
0.000336,21,7753.642051
6.451395,175,7759.696181
15.420585,176,7766.087031
-0.51312,19,7766.650522
-0.789091,18,7767.186128
-1.419838,16,7767.656324
-0.754545,18,7768.195245
0.110035,22,7768.83595
-0.73639,18,7769.375955
-1.072727,17,7769.888363
13.969021,176,7775.851997
-0.754545,18,7776.513648
-0.094667,21,7777.372758
14.01666,176,7783.782564
-1.419838,16,7784.352718
-0.25488,20,7784.969759
13.333883,176,7790.16561
-0.5,19,7790.870344
-0.76441,18,7791.631019
-0.318916,20,7792.335872
-0.532727,19,7793.077664
0.072727,22,7793.848023
0.1,22,7794.588535
-1.752212,15,7795.052508
-1.036364,17,7795.571576
-0.538233,19,7796.147199
16.489745,176,7801.761687
-1.419838,16,7802.347744
-0.754545,18,7803.03993
0.159944,22,7803.748501
-1.356897,16,7804.317956
-1.383636,16,7804.979567
0.721888,31,7806.086691
16.095212,176,7812.443554
0.432727,25,7819.501442
15.59744,176,7825.337348
-1.036364,17,7825.858655
16.380981,176,7832.260845
-0.248675,20,7833.021624
0.046707,22,7833.846532
-0.478077,19,7834.551532
17.469878,176,7840.59357
-1.380097,16,7841.145496
-0.543462,19,7841.838304
15.690059,176,7847.805321
-0.523624,19,7848.388525
14.652606,176,7854.235817
14.415458,176,7860.653332
-1.107232,17,7861.26592
4.7702,149,7866.058055
-0.754545,18,7866.611461
15.376767,176,7871.867944
4.085911,98,7875.362345
15.98756,176,7881.4851
-0.561354,19,7882.176736
14.973451,176,7887.666133
17.61203,176,7899.689171
0.1,22,7900.405831
13.917217,176,7905.88163
-0.754545,18,7906.439412
-0.321725,20,7907.049166
-1.416887,16,7907.530958
-0.058216,21,7908.445926
-0.333051,20,7909.13713
15.719591,176,7915.1812
-0.072727,21,7916.11263
-0.821899,18,7916.885941
-0.494181,19,7917.548685
-0.754368,18,7918.254579
-0.789091,18,7918.92168
-1.345455,16,7919.573376
0.337483,24,7920.432794
-0.789091,18,7921.068088
17.158697,176,7926.874684
-0.303636,20,7927.468605
-0.284807,20,7928.061973
-0.5,19,7928.638713
0.098943,22,7929.29178
-0.303636,20,7929.897817
-0.523922,19,7930.474584
-0.265335,20,7931.087393
-0.129535,21,7931.733207
0.046707,22,7932.548662
16.119704,176,7938.888439
0.505156,26,7940.002639
12.768536,176,7946.65545
16.730276,176,7952.062709
1.301166,38,7953.196938
0.046707,22,7953.85218
-0.821899,18,7954.414438
-1.383636,16,7954.908067
5.841007,131,7958.898592
-0.101818,21,7959.538524
-0.821899,18,7960.087463
-0.249433,20,7960.705268
16.050486,176,7973.216233
3.335016,73,7975.575572
0.518374,26,7976.361259
0.245455,23,7977.066524
-0.12779,21,7977.718487
15.895287,176,7983.742369
0.046707,22,7984.696224
2.529082,94,7988.251215
3.524474,97,7991.297422
-0.532727,19,7991.886385
-0.493429,19,7992.477122
-0.101818,21,7993.151749
-0.532727,19,7993.732562
0.072727,22,7994.796833
-0.129535,21,7995.472132
0.228165,23,7996.279415
17.400462,176,8002.117501
15.740603,176,8008.657179
-1.681818,15,8009.193261
3.761293,150,8013.982907
-0.272727,20,8014.573281
-0.547247,19,8015.151701
-0.821352,18,8015.678045
-0.821899,18,8016.199755
15.966817,176,8021.394417
0.046707,22,8022.043314
-0.563838,19,8022.59792
1.002568,49,8024.037284
13.293192,176,8030.821786
-1.681818,15,8031.371432
0.951933,30,8032.466299
16.548973,176,8038.479988
-0.331779,20,8045.062552
-1.345455,16,8045.600774
0.056411,22,8046.328571
12.562591,176,8051.477784
16.170876,176,8057.838465
13.449005,176,8064.362573
15.031769,176,8069.547271
14.33327,176,8075.683551
-1.721818,15,8076.119356
-1.721818,15,8076.563606
-1.383636,16,8077.049243
-1.383636,16,8077.515271
0.512655,26,8078.302322
13.70426,176,8084.673407
0.195677,23,8085.374249
14.526627,176,8091.445955
-0.821899,18,8091.993789
15.430049,176,8097.145514
-1.681818,15,8097.596196
-1.107232,17,8098.113383
15.776664,176,8104.583436
14.046182,176,8110.734288
14.66062,176,8122.441975
14.351841,176,8127.682392
-0.821899,18,8128.22727
-0.563838,19,8128.788272
-0.754545,18,8129.326688
0.046707,22,8129.962931
14.031888,176,8135.7905
0.465876,25,8136.664103
-0.491314,19,8137.424288
-2.087273,14,8137.9303
13.896647,176,8144.807864
-0.505173,19,8145.489612
-1.383636,16,8146.041645
13.349696,176,8151.446948
0.049029,22,8152.110268
14.643084,176,8158.10092
-1.103252,17,8158.618021
-0.129535,21,8159.257474
13.427329,176,8165.526616
0.289446,23,8166.466542
-0.106474,21,8167.290249
-0.272727,20,8168.027017
0.046943,22,8168.825982
13.861198,176,8174.273999
14.989062,176,8179.435297
-1.036364,17,8179.944359
0.363636,24,8180.65441
14.778023,176,8187.453756
15.573119,176,8199.21155
-0.072727,21,8199.959722
16.532098,176,8205.596765
-0.563838,19,8206.22093
-1.419838,16,8206.819877
0.744971,30,8207.968129
15.535213,176,8214.605667
0.074264,22,8215.444901
-1.419838,16,8216.052533
-0.272727,20,8216.661214
-0.272727,20,8217.283109
15.314068,176,8222.517553
-0.320629,20,8223.28318
13.762031,176,8228.760949
-0.333051,20,8229.348815
14.963861,176,8235.950781
15.842764,176,8241.945967
16.513064,176,8247.763282
-1.005821,17,8248.260826
14.494871,176,8253.716172
-0.821899,18,8254.271054
-0.789091,18,8255.135603
-1.721818,15,8255.62722
16.516553,176,8261.834123
-1.107232,17,8262.458474
6.441867,141,8273.014258
-0.27779,20,8273.747532
0.816872,34,8274.970863
-1.107232,17,8275.55631
0.1,22,8276.300731
-1.383636,16,8276.883727
0.1,22,8277.574638
-0.101818,21,8278.192871
-0.101818,21,8278.807001
0.363636,24,8279.54674
-0.789091,18,8280.303928
14.370955,176,8286.685838
-0.303636,20,8287.321478
-1.072727,17,8287.830107
-0.789091,18,8288.357361
-0.332757,20,8289.010976
-0.532727,19,8289.80131
16.089524,176,8295.709344
-1.070698,17,8296.225976
13.875378,176,8302.24315
15.261984,176,8307.455199
15.481968,176,8313.851625
-0.072727,21,8314.667479
15.391301,176,8320.429983
16.670484,176,8326.161227
-0.53284,19,8326.727928
13.94272,176,8333.142695
-1.383636,16,8333.728889
15.176177,176,8345.735936
-0.272727,20,8346.333742
-0.563838,19,8346.912697
5.148514,174,8352.336109
17.307453,176,8358.946906
-0.303636,20,8359.696953
14.27529,176,8365.563418
-0.754545,18,8366.108984
-0.532727,19,8366.660259
0.100857,22,8367.31172
-0.272727,20,8367.919324
13.71302,176,8373.701765
0.22,23,8374.551194
-1.0344,17,8375.170115
15.448072,176,8381.446395
-0.5,19,8382.169158
-2.045455,14,8382.673448
0.22,23,8383.53525
-0.563838,19,8384.249196
-0.782339,18,8384.832628
0.195677,23,8385.536057
13.791119,176,8390.75246
0.1,22,8391.388505
-1.681818,15,8391.834382
12.919806,176,8398.046828
1.081429,42,8399.68155
-1.100687,17,8400.380694
3.043224,72,8402.992709
-0.303636,20,8403.73011
0.2496,23,8404.607197
16.997732,176,8409.829934
4.698505,162,8421.299368
-1.383636,16,8421.895382
-0.684226,18,8422.552204
-0.781525,18,8423.254481
-0.272727,20,8423.959184
-0.563838,19,8424.639224
-1.036364,17,8425.141145
-0.552337,19,8425.704693
-1.072727,17,8426.213393
15.575792,176,8431.386423
14.352818,176,8436.623717
-0.5,19,8437.313502
12.734656,176,8443.621634
-0.303636,20,8444.37021
16.464145,176,8450.059251
0.1,22,8450.723038
-0.272727,20,8451.328279
0.195677,23,8452.365791
-1.036319,17,8452.886871
15.781513,176,8459.621507
13.780948,176,8465.824017
0.22,23,8466.511332
0.317374,24,8467.226136
14.811839,176,8472.569461
13.745668,176,8478.83347
16.105226,176,8484.975771
13.436771,176,8496.925349
-1.036364,17,8497.543973
-0.821899,18,8498.241569
16.163354,176,8504.011606
-1.378062,16,8504.620723
4.883419,148,8509.684495
-1.036364,17,8510.210025
-1.072727,17,8510.71798
-0.821899,18,8511.266228
-0.303636,20,8511.869809
-1.345455,16,8512.352866
-0.121689,21,8512.965067
0.203799,23,8513.65607
-1.107232,17,8514.158842
15.745977,176,8519.434352
15.303425,176,8525.893281
-1.419838,16,8526.626896
0.23981,23,8527.478687
0.22,23,8528.363795
-0.821899,18,8529.0709
-0.789091,18,8529.709244
16.830922,176,8535.548953
15.976347,176,8540.664088
0.34337,24,8541.371516
-0.5,19,8541.953692
11.992735,176,8547.485387
-0.754545,18,8548.298036
-1.072727,17,8548.986003
-0.821899,18,8549.649692
15.569509,176,8555.344792
0.101218,22,8555.995361
-1.759717,15,8556.455326
-1.107232,17,8556.992081
-0.563838,19,8557.563483
-1.107232,17,8558.068285
14.365748,176,8570.349195
0.434625,25,8571.09863
16.409317,176,8576.232527
-1.759717,15,8576.81335
-0.303636,20,8577.603585
14.478356,176,8583.27662
-0.5,19,8584.056484
-0.754545,18,8584.86973
0.632961,28,8585.838314
0.212609,23,8586.679504
-0.272727,20,8587.388326
16.759191,176,8593.561441
14.740614,176,8598.746536
15.093432,176,8604.854295
0.317374,24,8605.74111
-1.345455,16,8606.438003
-1.383636,16,8607.111106
-1.036364,17,8607.804229
-0.754545,18,8608.476704
-1.759514,15,8609.05562
0.1,22,8609.881349
-1.072727,17,8610.492878
-0.497404,19,8611.157361
15.096734,176,8616.33789
-0.563838,19,8616.915266
-0.821899,18,8617.479342
16.139008,176,8623.724326
0.046707,22,8624.582358
-1.107232,17,8625.193265
12.792767,176,8630.847166
15.408262,176,8642.655838
-1.721818,15,8643.386144
13.63413,176,8650.189445
-0.5,19,8650.898935
-0.532727,19,8651.619351
0.046707,22,8652.477471
-1.759717,15,8653.097131
15.783039,176,8659.199937
0.195677,23,8659.886825
14.720138,176,8665.21712
-1.036364,17,8665.724346
1.472881,67,8667.738135
14.665573,176,8673.88625
-0.532727,19,8674.455747
-1.072727,17,8674.985203
-0.821083,18,8675.546528
-0.272727,20,8676.155982
-1.072727,17,8676.665282
0.072727,22,8677.34235
-0.532727,19,8677.943606
0.245455,23,8678.64271
-1.036364,17,8679.149971
17.175988,176,8685.493888
5.069002,150,8690.763242
0.103223,22,8691.560028
-0.272727,20,8692.252822
15.501486,176,8697.604292
15.952487,176,8703.821772
-1.759717,15,8704.396499
0.04999,22,8705.201538
15.291432,176,8717.577544
-1.419838,16,8718.055513
0.111935,22,8718.714054
-0.263714,20,8719.306066
0.367746,24,8720.034715
-0.55613,19,8720.605724
0.1,22,8721.279545
0.195737,23,8721.970662
-0.563838,19,8722.530951
2.978682,113,8726.21758
-0.303636,20,8726.867171
16.031333,176,8733.414537
-0.821899,18,8734.032063
-0.5,19,8734.75401
15.040599,176,8741.221233
0.046707,22,8741.899656
-0.129535,21,8742.533538
13.673633,176,8747.766272
17.317945,176,8754.086754
-1.419838,16,8754.564548
-0.055983,21,8755.183218
14.989854,176,8760.962842
17.821802,176,8767.410671
-0.302303,20,8768.279503
-2.045455,14,8768.864139
-0.272727,20,8769.495521
0.072727,22,8770.262297
-0.117914,21,8771.021173
14.304732,176,8776.346917
-0.272727,20,8776.95002
-0.789091,18,8777.481342
-0.563838,19,8778.045897
-0.528591,19,8778.621047
-0.272727,20,8779.229069
-0.303636,20,8779.843758
-0.038034,21,8780.831715
-0.789091,18,8781.433345
-0.072727,21,8782.229872
-0.333051,20,8783.013648
-0.532727,19,8783.75175
16.050277,176,8795.573852
13.883463,176,8801.713316
16.430238,176,8808.023764
16.290043,176,8813.298002
0.317374,24,8814.013164
0.046707,22,8814.689419
-1.036364,17,8815.197665
-0.288929,20,8815.824126
-1.345455,16,8816.302293
-1.072727,17,8816.836477
-0.754545,18,8817.648334
14.628014,176,8824.174869
-1.759717,15,8824.733015
0.304856,23,8825.635553
14.482856,176,8831.372966
-0.555891,19,8831.949912
-0.821899,18,8832.488124
-0.129535,21,8833.110633
15.388161,176,8838.875541
0.046707,22,8839.686981
-2.045455,14,8840.21441
-0.303636,20,8840.949196
-0.563838,19,8841.642727
-0.532727,19,8842.335986
14.912127,176,8848.392377
0.046707,22,8849.167214
-0.5,19,8849.817973
-0.532727,19,8850.482304
16.333282,176,8856.416224
-0.072727,21,8857.152206
-0.333051,20,8857.825276
-0.333051,20,8858.414481
0.689815,29,8859.26122
14.44546,176,8871.138842
-1.383636,16,8871.69401
-1.107232,17,8872.203231
-1.383636,16,8872.670363
13.513311,176,8878.650226
15.5779,176,8884.227057
-1.072727,17,8884.765549
-0.333051,20,8885.363708
14.54809,176,8891.700403
-1.681818,15,8892.22417
13.816453,176,8897.976412
-0.754545,18,8898.517078
0.1,22,8899.180202
-0.333051,20,8899.776163
-1.072727,17,8900.278458
15.308693,176,8906.42679
15.260007,176,8911.897826
17.410137,176,8918.74162
15.986743,176,8924.435679
-0.101818,21,8925.136507
-0.333051,20,8925.859193
-0.563838,19,8926.510257
15.973769,176,8932.99878
13.173462,176,8945.136571
-0.129535,21,8945.766438
13.086552,176,8952.286077
15.504532,176,8958.70764
15.438069,176,8964.27718
16.655139,176,8970.398271
0.046707,22,8971.171146
13.978148,176,8977.111357
12.58997,176,8983.530172
-1.072727,17,8984.068994
15.599496,176,8989.357991
15.35849,176,8994.54212
0.1,22,8995.49071
0.317374,24,8996.32348
0.195677,23,8997.21453
15.044523,176,9003.695457
14.641874,176,9009.416094
-0.563148,19,9009.990501
14.539178,176,9021.751935
-0.120139,21,9022.556058
17.656296,176,9028.387095
-0.531973,19,9029.031198
-0.789091,18,9029.69558
-0.563838,19,9030.372514
-1.036364,17,9030.989077
14.943775,176,9036.430256
-0.101498,21,9037.059216
5.245192,146,9041.894869
-1.681818,15,9042.553332
12.742992,176,9049.085962
13.536316,176,9054.802588
14.257101,176,9060.640551
-0.272727,20,9061.232641
-0.821899,18,9061.847713
-0.272727,20,9062.712188
-0.789091,18,9063.311213
-0.5,19,9064.042563
-0.101818,21,9064.808935
-0.754545,18,9065.449729
-0.129535,21,9066.153647
-1.419838,16,9066.625332
18.100669,176,9072.477303
15.35075,176,9078.967195
-0.072727,21,9079.713401
-0.303636,20,9080.429333
14.831206,176,9086.162591
-0.072727,21,9086.798009
15.859882,176,9098.085555
2.757798,108,9101.78761
-1.036364,17,9102.485612
5.337334,109,9106.68603
-1.382419,16,9107.26245
-0.789091,18,9107.924362
16.785096,176,9114.400007
15.675573,176,9120.04311
5.56761,164,9125.472827
-0.303636,20,9126.07809
-0.303636,20,9126.685619
13.994747,176,9133.267592
-0.129535,21,9134.057261
5.935979,147,9138.954657
1.460871,79,9141.755981
0.046707,22,9142.580197
0.1,22,9143.373708
-0.272724,20,9144.045242
-0.532727,19,9144.630421
15.859163,176,9150.277989
-0.101818,21,9151.321123
13.534219,176,9157.96697
15.217,176,9163.905026
-0.5,19,9164.596611
5.717695,157,9176.250584
0.34,24,9177.064563
15.411678,176,9182.312686
3.671197,113,9186.307078
-0.272727,20,9187.087909
-0.532727,19,9187.781731
-0.5,19,9188.485404
16.733612,176,9194.108318
17.233789,176,9200.262469
0.046707,22,9201.054821
4.416598,118,9204.651798
-1.71753,15,9205.103274
-0.821899,18,9205.661341
-1.419838,16,9206.150759
-0.303636,20,9206.735461
0.048513,22,9207.39224
15.204761,176,9212.811145
-2.045455,14,9213.282482
15.632781,176,9219.826211
16.78772,176,9225.674695
-0.821899,18,9226.341732
14.395553,176,9232.45414
0.072727,22,9233.099543
4.495846,136,9237.186981
-0.303636,20,9238.01128
-0.820814,18,9238.685553
-0.789091,18,9239.281099
