#{"t_start": 1774000660.6231675, "env_id": "continuous-highway-v0"}
r,l,t
1.161637,15,7.899464
6.123448,14,8.309354
4.537565,12,8.671252
6.703303,15,9.132735
5.302084,13,9.492569
6.170472,16,9.922016
5.206964,13,10.26838
5.945027,15,10.674066
1.090446,15,11.091886
0.419116,13,11.460056
6.255796,15,11.866605
5.812755,14,12.248585
5.902715,13,12.590685
4.831893,14,12.973999
4.112141,11,13.271559
5.801413,15,13.665165
6.247621,15,14.071363
5.636077,14,14.449677
4.784151,12,14.794634
5.473454,13,15.124892
6.161228,15,15.51117
6.101453,15,15.916436
6.408298,15,16.306786
5.229299,13,16.661392
6.907278,14,17.05481
0.362769,13,17.413371
4.462474,13,17.772816
4.000589,11,18.081707
4.499694,12,18.414701
1.976883,16,18.862816
0.940785,14,19.266319
6.038746,15,19.678713
1.982108,16,20.124735
1.398585,15,20.51787
5.342743,14,20.884533
6.548426,15,21.288969
7.640879,17,21.728607
5.324818,13,22.077253
5.062078,13,22.425811
5.287949,13,22.771326
5.430923,13,23.130289
5.34986,14,23.523405
5.738689,13,23.859313
6.488577,16,24.275149
6.068534,14,24.629669
6.210364,14,24.98578
7.253295,16,25.418384
6.063182,15,25.823426
1.676665,17,26.28792
4.427027,11,26.570452
6.214569,14,26.936004
4.970904,13,27.267071
6.376154,16,27.680342
5.155872,12,28.016153
6.030171,14,28.402672
5.586586,13,28.765141
4.541013,12,29.089906
6.359494,14,29.469651
1.684671,15,29.870308
0.741287,14,30.249248
4.407909,12,30.582785
5.146969,13,30.925321
5.468846,13,31.281826
6.225123,14,31.655553
6.028685,15,32.056465
5.918281,14,32.445252
5.130149,13,32.816317
7.01526,17,33.272845
3.866251,12,33.619376
2.10097,16,34.091494
5.961294,14,34.504361
2.206396,18,35.021525
4.895729,13,35.38658
5.508732,15,35.80561
5.934965,14,36.205408
4.947537,13,36.596223
5.30469,13,36.965163
5.441966,14,37.362003
5.191139,13,37.750453
6.923226,15,38.183251
4.248124,12,38.534102
6.728712,16,39.007695
1.460761,15,39.43494
0.178257,13,39.812492
4.6797,12,40.149032
5.750712,14,40.560011
5.063653,13,40.920379
2.107193,16,41.37398
5.454273,13,41.747771
4.801903,12,42.086829
4.920589,13,42.445331
5.667279,14,42.838004
6.956392,16,43.293953
5.369752,13,43.658858
5.117883,13,44.04769
4.883308,13,44.405709
6.030469,14,44.790478
2.05378,16,45.235654
5.584917,13,45.582727
5.507161,14,45.964329
6.013362,14,46.345026
4.644523,12,46.664764
6.230279,16,47.102967
4.637341,12,47.440836
6.335659,14,47.804989
5.584909,15,48.20527
5.149961,13,48.546162
6.320804,15,48.953155
1.548411,15,49.358125
6.461768,15,49.759875
4.736208,13,50.118155
6.342626,15,50.521101
5.406748,13,50.877599
5.252233,13,51.205026
6.495642,16,51.614992
6.21478,15,52.004447
6.850205,16,52.430044
4.706746,13,52.769865
6.780686,16,53.182277
6.146608,15,53.584943
4.971923,12,53.908431
2.077241,15,54.296393
4.63752,13,54.651471
6.321407,15,55.052313
5.376097,13,55.408924
6.91918,16,55.833947
5.387322,14,56.200481
5.387653,14,56.568199
5.662846,15,56.988457
5.838034,14,57.354496
5.709244,15,57.756681
6.18391,15,58.145648
5.525794,13,58.488366
6.168599,15,58.892906
-0.20011,12,59.212255
5.668112,14,59.592624
5.135025,15,59.994375
5.189998,13,60.350017
5.770448,14,60.714597
5.124201,13,61.043715
5.837512,14,61.42239
5.712183,13,61.749423
5.435392,14,62.113413
5.620997,14,62.463632
5.477056,14,62.842618
4.966331,13,63.197126
4.233272,12,71.329272
6.629596,15,71.732656
5.599387,14,72.112652
6.241174,14,72.492068
1.543861,15,72.907679
6.144341,15,73.310231
6.303251,16,73.735733
0.67402,13,74.095329
6.029952,14,74.474823
-0.492968,12,74.807339
0.774796,13,75.149331
4.621674,12,75.476259
5.993869,14,75.852824
5.314751,13,76.193045
0.500953,13,76.520252
5.526867,15,76.904972
2.502539,17,77.34949
4.665499,13,77.691357
6.772692,16,78.101202
4.403468,12,78.405251
1.377829,14,78.767057
4.763048,12,79.060632
5.347274,13,79.400275
6.290155,15,79.799065
6.003339,16,80.221879
1.325222,14,80.600678
5.554579,13,80.942083
5.83951,14,81.321545
1.496981,15,81.723281
4.817549,12,82.041468
4.900674,13,82.381559
4.312464,12,82.698603
6.914902,15,83.112554
6.310385,15,83.531941
5.204588,14,83.914542
6.662234,15,84.31495
4.662964,13,84.656047
5.913661,15,85.058216
5.765291,13,85.413988
4.949114,13,85.756511
7.04789,17,86.206447
5.834371,14,86.58645
5.409154,13,86.942977
5.185934,13,87.298533
5.641792,14,87.680176
5.115374,13,88.037271
5.588591,14,88.417516
5.235375,14,88.797885
6.440772,16,89.228829
1.889536,16,89.662246
6.173212,14,90.028169
5.518353,14,90.394557
5.375913,13,90.747343
4.663812,12,91.0549
6.160799,15,91.470026
1.705636,16,91.910927
1.424735,15,92.317534
6.194333,14,92.685613
6.539611,15,93.063905
4.705187,12,93.38425
5.820683,13,93.729595
1.397914,14,94.101728
4.770397,13,94.443015
5.540141,13,94.783073
6.04418,14,95.147278
4.496567,12,95.463784
5.000448,13,95.81673
5.80644,14,96.179424
5.499322,14,96.542493
5.827679,15,96.96365
5.621632,14,97.351599
4.771617,13,97.714925
5.383808,13,98.065809
5.505691,13,98.415303
6.103707,14,98.795949
5.731709,14,99.179435
0.957605,14,99.548448
1.48546,15,99.950122
6.225909,14,100.318445
1.117923,14,100.686704
6.189938,15,101.091728
6.899716,16,101.534081
6.65957,15,101.950608
5.110364,13,102.285715
5.414111,13,102.631257
6.181901,14,103.010463
3.975115,11,103.308468
5.236644,13,103.651979
6.279798,14,104.023896
4.618212,12,104.341168
5.452888,13,104.70137
5.045603,12,105.037742
5.359319,13,105.381168
6.00359,14,105.762733
5.21574,13,106.105051
5.414378,13,106.454941
6.213428,14,106.837388
4.571095,13,107.18445
6.390065,14,107.554776
5.494523,13,107.899081
5.760653,14,108.267464
5.279069,13,108.598392
7.528768,18,109.103694
7.867017,19,109.587631
0.503687,13,109.947114
6.46671,15,110.350933
1.593158,15,110.744519
5.714052,14,111.113519
5.453781,14,111.479663
5.553699,14,111.855489
3.963225,12,112.189006
5.468388,14,112.56822
1.437402,14,112.932387
6.426522,15,113.321143
6.200649,15,113.721026
5.783771,14,114.102297
4.804151,13,114.444604
6.204289,14,114.811657
4.818352,13,115.16894
5.603896,13,115.527431
6.075585,15,115.936105
6.06613,14,116.315373
4.382545,12,116.645779
0.930107,15,117.05601
5.487343,14,117.453286
6.261404,14,117.831629
0.771916,13,118.190293
4.511138,12,118.510325
0.327673,13,118.86115
5.392464,13,119.216
2.189809,16,119.643691
7.143021,17,120.108179
5.777757,14,120.491595
5.542635,13,120.851503
5.431664,13,121.19725
6.427784,15,121.599693
4.699209,12,121.933519
6.082744,15,122.339727
5.651712,13,122.673756
5.346033,14,123.032008
1.43179,14,123.416505
6.563725,14,123.798258
5.920218,15,124.225826
5.771822,14,124.594118
4.965456,12,124.904001
4.398244,12,125.210316
6.127049,15,125.618235
6.182753,14,125.986985
6.01331,15,134.213337
5.631722,14,134.580058
6.269666,14,134.962646
6.379255,16,135.378533
2.311042,16,135.809423
4.830061,13,136.166862
4.389779,13,136.5123
6.045501,15,136.917664
0.296954,13,137.244631
1.530721,15,137.633107
1.22782,14,138.014364
6.523806,15,138.405571
6.737944,16,138.833404
5.88422,14,139.201774
6.272805,15,139.592196
3.236067,11,139.874017
6.574529,16,140.285675
7.310684,16,140.710833
4.807944,14,141.092305
5.68156,14,141.445704
1.607283,14,141.81404
5.046909,14,142.194909
1.244945,15,142.600616
5.158024,13,142.958061
6.267455,15,143.349388
3.876793,12,143.670958
5.387601,15,144.064502
4.519455,12,144.400216
5.895084,14,144.781591
6.32764,15,145.171315
0.740362,13,145.515292
7.046695,16,145.944693
1.431216,14,146.313087
4.724172,14,146.694064
2.262428,16,147.122773
6.891679,15,147.528634
5.797073,14,147.907623
5.036315,14,148.287766
4.451949,13,148.643523
2.216471,16,149.061131
1.480293,14,149.42784
5.732808,14,149.807714
3.854269,12,150.128899
7.368889,17,150.592392
6.210183,16,151.017756
0.80939,14,151.387009
1.080606,14,151.769156
1.376209,14,152.150533
3.959153,12,152.470372
3.823162,12,152.804037
5.455015,14,153.183265
4.368954,12,153.505063
5.998162,15,153.880701
7.076938,15,154.274798
6.199656,16,154.702832
3.047195,19,155.203291
6.548794,15,155.603544
5.493689,14,155.980973
4.708807,13,156.322846
6.177544,15,156.710863
6.08187,14,157.087897
5.306834,14,157.46376
4.67817,12,157.797621
5.670624,13,158.15608
5.038683,14,158.524114
4.641184,12,158.839488
5.675102,14,159.22118
5.341489,13,159.563759
4.593843,12,159.882179
6.099196,15,160.283575
6.006706,15,160.686349
-0.088786,12,161.011608
5.83035,14,161.385178
6.532673,15,161.799194
5.626799,14,162.178482
5.522457,14,162.55906
1.27454,16,162.986257
6.109469,15,163.375606
6.454318,15,163.777745
6.213709,16,164.228928
5.658706,14,164.621201
5.34236,13,164.948407
1.251477,14,165.314972
6.468534,17,165.78551
1.888556,16,166.212692
4.291311,12,166.558732
5.233234,14,166.936895
5.614421,14,167.317051
5.242492,14,167.695463
7.555756,17,168.176079
6.608874,15,168.596471
5.063139,14,168.996666
-0.150213,13,169.353339
6.020206,14,169.748369
4.887176,13,170.1056
6.513384,15,170.526308
4.401558,13,170.884157
0.935135,14,171.253589
0.584378,14,171.627717
0.919115,14,172.012453
4.803567,12,172.32176
6.095964,14,172.704364
4.976594,13,173.061807
1.574083,15,173.47018
5.174275,13,173.815618
5.81547,14,174.186847
5.470336,13,174.54233
1.97213,16,174.96809
7.448279,17,175.429413
1.505837,15,175.8338
6.371904,14,176.199362
5.896672,15,176.60041
5.828277,15,177.00421
1.280003,16,177.43005
4.466223,12,177.749176
6.336293,15,178.153249
8.149901,19,178.662138
5.209088,13,179.009902
4.287919,12,179.317439
6.081822,13,179.67298
6.678698,15,180.074788
2.118601,15,180.47807
5.401543,14,180.858308
5.182673,14,181.238786
5.515017,14,181.620563
6.267528,16,182.047421
4.834461,14,182.414231
7.116524,16,182.855597
5.026959,14,183.220236
5.680962,14,183.588061
0.611607,14,183.970238
5.355921,13,184.319688
0.439889,14,184.700862
4.327358,12,185.034611
4.521649,12,185.352882
4.747656,13,185.711762
6.124283,14,186.091549
5.806545,14,186.457973
5.110289,14,186.825457
1.669328,16,187.253349
6.38203,16,187.696653
5.467589,14,188.063286
4.402088,12,188.384264
1.494294,15,188.789512
5.876745,15,197.120072
1.107719,15,197.524749
2.99195,20,198.063357
5.346623,14,198.445216
0.343141,14,198.813448
5.888924,14,199.172512
6.523264,15,199.571433
6.307972,16,199.985195
1.128378,15,200.388264
4.83866,13,200.726136
5.93014,14,201.102302
7.468978,18,201.564488
6.610597,16,201.974382
7.308823,18,202.445419
5.09085,13,202.801019
6.392541,15,203.206724
5.548085,14,203.587834
2.970543,17,204.040018
7.052668,17,204.502219
5.437968,14,204.880229
6.418382,15,205.289145
6.124812,15,205.692896
6.081888,15,206.096699
6.496649,15,206.500729
5.23985,13,206.85825
6.07942,15,207.264388
6.886765,16,207.6924
1.895184,16,208.122957
4.930544,13,208.488828
5.086685,13,208.848172
5.463707,13,209.209643
5.409701,14,209.578359
4.964619,14,209.949397
4.739261,13,210.295017
0.816384,16,210.713346
5.640553,15,211.10811
5.892105,16,211.538799
6.020002,15,211.946723
4.478272,12,212.281729
5.654682,14,212.662459
5.966547,15,213.068794
4.075194,12,213.393
0.344861,15,213.788171
4.73972,13,214.122718
6.035767,17,214.593795
5.91675,16,215.024338
5.348841,14,215.395856
6.329425,15,215.790793
5.679844,14,216.145805
5.44994,13,216.507246
6.806195,17,216.977666
5.548192,15,217.385818
5.841194,15,217.803303
4.561631,13,218.148841
1.033661,14,218.518627
6.782736,16,218.951509
6.062659,15,219.35915
6.310874,15,219.76281
6.169012,15,220.154552
6.125835,14,220.530851
5.993685,15,220.947024
5.697492,14,221.312953
5.326486,14,221.688599
5.923876,15,222.10275
6.235959,16,222.532625
5.640991,13,222.876376
0.995402,14,223.256935
6.515499,16,223.683441
5.019953,13,224.027071
1.566586,15,224.418698
5.693819,14,224.789593
6.23961,16,225.220794
4.719688,13,225.578189
5.666846,14,225.946644
4.777453,13,226.302003
5.985798,14,226.684581
4.687311,13,227.028005
5.655599,15,227.431708
2.453541,17,227.880298
6.32774,15,228.284467
3.764564,11,228.582111
5.34447,14,228.960731
6.089964,15,229.356581
6.784518,16,229.772002
5.669563,15,230.164111
4.968294,14,230.530988
4.009811,12,230.866039
5.559665,14,231.23356
4.87804,13,231.590647
6.607907,16,232.018183
6.739596,15,232.42289
6.33208,15,232.829462
6.904616,18,233.307101
5.694249,14,233.677506
7.076282,16,234.113146
7.154878,17,234.554185
5.577396,14,234.923563
2.951552,17,235.391825
6.303204,16,235.793091
5.429113,14,236.168902
6.240744,15,236.549461
4.777105,13,236.907217
5.021979,13,237.249618
6.451797,15,237.655253
5.425999,14,238.021613
5.215662,13,238.37733
7.102917,16,238.804236
6.282345,15,239.211299
1.460733,15,239.617165
6.527766,16,240.046918
4.664721,13,240.391803
0.980446,15,240.794881
0.982054,14,241.161427
6.233321,15,241.565778
5.787259,14,241.933946
6.147887,16,242.363038
5.45489,15,242.7557
6.322706,16,243.184284
5.541427,14,243.556916
6.43344,15,243.961222
6.120715,16,244.393351
6.046632,15,244.796939
5.068334,13,245.165606
5.428666,14,245.534111
2.110075,16,245.951151
1.851,16,246.364173
5.916406,15,246.756851
6.366085,15,247.161056
0.7794,13,247.508023
4.900615,14,247.892029
4.920989,13,248.249227
6.023948,16,248.676793
4.760594,13,249.025515
5.975068,16,249.458067
6.790162,16,249.884843
5.946384,15,250.296019
2.888858,18,250.772082
6.266748,16,251.201625
6.415138,15,259.52462
6.585218,16,259.975071
1.718668,17,260.449125
6.259083,16,260.891549
4.796416,13,261.245687
5.410362,14,261.62852
4.536872,13,261.975718
5.143645,14,262.357406
5.314491,14,262.727028
5.823406,15,263.119126
5.637127,16,263.548969
5.132755,14,263.935822
5.755488,14,264.32122
6.605113,17,264.774443
5.730214,16,265.189103
1.198466,15,265.59465
5.095309,13,265.949924
5.067289,15,266.351989
4.970209,14,266.720157
6.291665,15,267.110759
5.456554,15,267.515659
1.568631,18,268.002388
5.715055,15,268.395766
0.974557,14,268.776963
5.252647,14,269.148099
6.274608,16,269.563302
6.543086,16,269.978918
6.336909,15,270.385472
4.490473,13,270.727752
6.215405,16,271.156909
4.931431,14,271.536388
6.503009,15,271.93857
4.574515,13,272.299645
5.331584,15,272.696203
5.166921,14,273.082889
0.454872,13,273.432031
5.22187,14,273.801813
5.051792,14,274.188724
5.539555,15,274.584628
5.449946,15,274.993398
6.448489,15,275.388483
2.726451,18,275.855495
5.714314,15,276.261975
2.23732,17,276.721442
7.088208,16,277.140773
4.571951,14,277.510718
5.576428,15,277.917533
5.981101,15,278.310564
6.80761,18,278.778007
5.762751,15,279.17436
6.123653,15,279.583246
6.189814,16,280.012536
5.689198,15,280.421277
5.000986,14,280.805315
5.05984,14,281.188049
6.23926,15,281.604622
6.756658,17,282.077619
6.076727,14,282.46316
6.224461,16,282.894386
5.757241,15,283.302098
5.607739,16,283.731616
6.119258,15,284.129942
7.141451,17,284.580176
4.91953,13,284.92455
6.945476,18,285.39687
1.533918,16,285.821916
3.817818,11,286.115706
2.205448,17,286.574719
5.80136,15,286.991859
4.671976,13,287.334871
1.812109,18,287.840078
5.603319,15,288.246271
5.98626,14,288.630476
6.681398,18,289.116375
7.597373,18,289.590344
5.86437,16,290.017258
5.951322,15,290.393983
3.844135,11,290.705929
7.53256,17,291.145355
5.993987,14,291.511255
0.881858,15,291.926312
3.7693,12,292.270568
5.101625,14,292.652268
6.587588,17,293.102166
6.814063,16,293.546146
1.055879,15,293.963373
4.726849,13,294.33123
5.53359,14,294.699164
5.605455,15,295.093142
5.820859,15,295.492184
6.208461,16,295.923442
5.58407,15,296.304972
5.450983,14,296.675076
2.517795,19,297.189719
5.801035,15,297.582688
0.860861,14,297.965731
5.968428,16,298.396237
6.430038,15,298.804538
5.312069,14,299.186402
6.151469,16,299.604217
5.29565,14,299.961907
6.038483,15,300.370353
5.954016,15,300.764292
4.335925,13,301.12221
4.741074,14,301.512353
5.208474,14,301.883143
5.720719,15,302.27641
7.1024,18,302.763433
4.726391,14,303.135031
1.936441,17,303.605741
2.586799,18,304.090844
6.120294,15,304.485348
6.52971,16,304.919553
5.710215,15,305.29669
6.02704,16,305.711354
6.074965,16,306.15238
6.158537,15,306.560414
7.18658,17,307.000587
5.859232,15,307.405388
5.860962,15,307.784391
5.60947,15,308.163644
5.291257,14,308.530296
1.123158,15,308.933842
5.544165,14,309.305423
6.304431,16,309.741627
7.165079,18,310.221866
5.918948,14,310.606298
6.645623,16,311.048422
6.343994,16,311.466034
5.980584,15,311.861012
5.64471,15,312.259198
0.992388,15,312.652362
6.913465,18,313.13365
1.001655,15,313.546896
5.520659,14,313.941249
5.949565,15,314.340564
5.077776,14,322.721114
6.48562,16,323.152659
6.869968,16,323.583774
1.612542,16,324.020488
7.754716,18,324.502554
5.432793,14,324.886658
5.55365,14,325.272935
6.258966,17,325.736556
4.956616,13,326.104599
5.715653,14,326.492841
6.883975,17,326.955538
6.314196,15,327.362263
1.149877,15,327.772286
5.462479,14,328.157078
6.709095,16,328.574618
4.472659,12,328.909559
5.22596,14,329.286901
1.217635,15,329.694154
4.909677,15,330.088299
5.174398,13,330.449335
5.740598,15,330.84179
0.460607,15,331.234034
1.569856,16,331.664099
6.294512,16,332.105962
8.315318,20,332.627292
5.10951,14,333.006454
2.977544,18,333.481921
1.980137,17,333.931728
6.770018,17,334.385581
5.542562,16,334.812716
5.32327,15,335.205632
5.663586,16,335.631438
6.180431,15,336.032674
0.968783,14,336.413834
1.381514,16,336.840348
5.622774,14,337.22167
6.141662,15,337.632076
6.213336,16,338.056729
6.26538,15,338.460563
5.089886,13,338.816247
5.894399,14,339.187722
1.132797,15,339.607216
5.695636,15,339.997961
2.147022,17,340.45673
4.523993,13,340.79303
6.496056,16,341.225219
5.0078,13,341.571036
4.7388,13,341.929472
5.414656,15,342.337607
4.917689,14,342.70551
6.255189,16,343.117725
6.293347,15,343.518907
4.99183,15,343.926705
5.64365,14,344.316028
7.545891,17,344.770809
6.281473,17,345.223676
6.778932,17,345.680155
5.725407,15,346.088068
5.715608,15,346.48304
5.89412,16,346.916638
2.339527,17,347.376127
1.337194,15,347.785157
5.729156,15,348.189183
6.159293,16,348.617553
5.894318,16,349.048438
4.982195,14,349.436016
5.999575,15,349.828317
5.296387,15,350.236153
6.581506,17,350.695304
1.7016,16,351.124974
5.255796,14,351.504225
7.687118,19,352.01625
5.146443,14,352.395855
1.722514,16,352.825496
5.291466,13,353.167099
5.649511,14,353.535965
1.665888,16,353.975643
5.43337,15,354.382599
8.051896,19,354.879069
6.167644,15,355.285588
5.9302,16,355.699335
1.559601,16,356.12997
1.377877,16,356.558697
6.340916,15,356.949278
6.695658,17,357.41551
7.028655,18,357.892629
5.543568,15,358.298499
7.335756,17,358.752293
5.511955,15,359.149008
1.661623,17,359.591015
2.687715,19,360.094249
1.096065,15,360.498383
4.561446,13,360.84477
4.39908,13,361.202196
5.437808,15,361.606667
5.867216,15,362.001786
4.982399,14,362.37306
5.188164,14,362.728985
5.571933,16,363.14634
2.263966,17,363.616785
5.925924,16,364.047455
5.579573,16,364.482173
5.720099,15,364.909734
5.607828,16,365.346817
7.459963,18,365.824112
6.049056,15,366.234664
4.891676,15,366.632347
4.801009,13,366.981841
5.293735,14,367.363998
5.148296,14,367.74904
5.857377,15,368.158718
5.393287,15,368.564641
7.423634,19,369.066779
6.147668,14,369.432483
7.365573,18,369.912966
5.778748,15,370.302972
7.08708,18,370.79586
6.234793,16,371.225759
5.205065,13,371.584591
1.161112,15,371.977881
4.982829,14,372.360856
6.895703,17,372.813948
5.2457,14,373.197954
5.529746,15,373.603566
6.262888,16,374.035535
5.688882,15,374.456192
6.311712,16,374.885692
6.12995,15,375.293417
1.950975,16,375.724066
5.847698,15,376.12855
6.116654,14,376.513301
0.074362,13,376.87401
4.802378,14,377.262815
5.773232,16,385.738041
5.969016,16,386.186051
6.136799,16,386.60522
7.3624,19,387.11154
4.345124,13,387.458139
6.625948,17,387.94036
6.585656,17,388.39379
5.289543,15,388.786371
5.111089,14,389.179368
6.485164,15,389.589273
5.615926,15,389.997135
7.617944,21,390.560138
4.797524,12,390.870929
5.465627,14,391.242639
6.508848,17,391.697944
6.757693,16,392.129368
7.820069,20,392.654
7.403099,18,393.132823
6.020011,15,393.534373
7.064784,18,394.025953
4.949718,14,394.413255
5.892511,16,394.857425
6.664376,17,395.311272
7.007403,19,395.814795
4.689836,13,396.164677
7.151311,18,396.628198
2.402696,17,397.082655
7.075367,17,397.538131
6.231362,16,397.954
4.518453,13,398.288498
4.093963,13,398.619927
6.588829,18,399.096659
4.630169,13,399.448785
5.370286,14,399.8171
5.470294,15,400.222749
4.854843,13,400.566069
2.272107,18,401.043097
5.52361,15,401.449485
5.214332,14,401.832696
5.349353,15,402.239185
6.313684,15,402.632233
4.83278,14,403.000402
5.720335,16,403.430015
4.93985,14,403.811793
1.722201,19,404.317893
5.499488,14,404.687917
5.410239,14,405.071583
5.353447,14,405.455317
7.030773,18,405.932743
6.199648,16,406.36315
6.568893,15,406.770828
4.871741,14,407.142856
6.096147,15,407.537647
5.33364,15,407.931505
2.283715,18,408.409492
5.654211,15,408.819846
5.663703,15,409.218564
7.13404,17,409.671237
6.660726,16,410.087165
5.14718,13,410.423055
7.715052,19,410.92286
6.126835,15,411.31265
4.592933,13,411.670674
5.239142,15,412.064682
6.344422,15,412.458028
4.585092,13,412.818045
0.928416,16,413.249527
6.628557,15,413.641999
1.415908,16,414.074215
5.556608,14,414.459386
5.838297,15,414.865758
5.469139,16,415.281189
2.179625,19,415.784855
1.721886,17,416.237025
2.495302,20,416.775751
6.815455,17,417.217286
6.643306,16,417.657141
6.390532,17,418.138763
2.240018,17,418.616741
5.151057,15,419.018343
7.901569,19,419.54041
5.797923,14,419.925808
1.649227,17,420.378801
5.313249,14,420.734009
6.454293,17,421.187887
5.950585,16,421.601597
6.608727,17,422.039602
6.682849,18,422.513982
1.879538,17,422.967578
5.273915,15,423.359746
5.290293,15,423.76592
6.232484,16,424.167185
5.822252,14,424.550026
7.032092,17,424.999506
1.086278,16,425.429934
6.366316,17,425.880989
7.934817,19,426.365047
5.898818,14,426.748959
6.575906,18,427.225441
4.867815,13,427.570492
7.01436,18,428.032883
5.177702,14,428.399884
5.763223,15,428.805008
5.611426,16,429.228705
7.826358,19,429.743253
6.217589,16,430.158491
4.800925,13,430.517024
5.309246,14,430.887298
4.475466,14,431.273707
6.40152,17,431.728547
7.487327,17,432.183472
7.056679,19,432.712563
6.45733,16,433.129542
7.085058,18,433.606878
6.196068,16,434.038271
5.801636,15,434.437504
2.696396,19,434.942847
6.351458,15,435.349978
5.93647,15,435.743984
6.128102,15,436.140164
6.080142,17,436.596871
0.775526,14,436.970464
6.757251,16,437.40202
6.051804,15,437.79837
6.408215,16,438.232003
1.134892,17,438.688042
6.119631,17,439.138976
7.044799,18,439.619974
7.18313,17,440.076362
5.639835,15,448.465519
6.483415,17,448.916281
6.508935,16,449.350193
7.471741,20,449.856862
6.359855,17,450.324244
6.137031,17,450.790317
6.837687,17,451.230338
6.648982,19,451.732354
5.480377,15,452.141639
5.677786,15,452.547314
6.65716,18,453.027666
5.219199,14,453.396474
6.229565,16,453.815354
6.852933,17,454.272051
6.375595,17,454.726135
7.534054,21,455.272588
7.361264,18,455.764616
5.369911,16,456.196835
6.217669,18,456.679298
5.58711,15,457.074289
8.166977,21,457.637723
7.390206,18,458.11796
5.920995,17,458.569407
7.698556,18,459.049028
6.37342,18,459.524596
6.772191,17,459.964814
5.994705,15,460.367146
6.334662,17,460.83048
0.645069,16,461.233847
2.811315,19,461.742289
1.787685,17,462.20008
6.67641,17,462.655031
6.643363,16,463.087612
8.178502,20,463.614445
6.233126,17,464.067794
7.663057,20,464.595928
5.67586,16,465.028749
7.339997,19,465.5299
5.517483,15,465.925941
6.623362,16,466.358231
7.660923,20,466.898377
1.697008,16,467.31576
5.217308,14,467.699945
1.867152,18,468.178239
4.736766,14,468.549057
5.784836,16,468.978618
2.47489,20,469.508913
4.415199,14,469.881031
2.229183,18,470.358803
5.717637,15,470.750647
6.883019,19,471.23758
6.704861,18,471.707618
6.688659,17,472.161565
5.615074,15,472.55488
6.446125,16,472.985549
2.3262,19,473.487658
5.863138,16,473.915494
4.547504,14,474.299831
6.059163,16,474.727783
6.855543,18,475.202204
6.531308,17,475.663171
5.572844,16,476.104353
6.438927,16,476.517525
5.298927,15,476.924518
7.148497,18,477.385428
5.700757,16,477.816594
6.603673,17,478.266634
6.223553,16,478.707852
6.027223,17,479.174418
6.588092,17,479.632975
4.910429,15,480.038962
6.736333,18,480.513274
6.606949,17,480.965232
6.76855,18,481.440893
5.680369,15,481.846497
5.590253,15,482.250095
5.960865,16,482.666939
8.078621,21,483.204859
5.451859,14,483.586578
6.233607,16,484.005396
7.07752,17,484.450599
2.375547,17,484.903635
5.453277,15,485.297075
5.985955,16,485.714706
6.884537,18,486.192407
6.15012,17,486.648371
6.369656,16,487.088039
7.167136,18,487.576479
7.460577,20,488.117167
5.174674,15,488.521715
5.705538,15,488.914322
5.785554,16,489.335897
1.466125,17,489.776357
6.829942,18,490.250573
6.773592,19,490.860529
6.021368,16,491.397841
5.319224,15,491.798986
5.881989,15,492.202976
6.635218,18,492.675103
1.489823,17,493.11368
5.930639,16,493.525694
5.69645,15,494.04011
6.682488,17,494.616717
5.500145,15,495.019312
4.205715,14,495.384869
6.114493,17,495.819018
6.46039,17,496.267152
7.213578,18,496.743407
5.479029,15,497.135373
5.209531,14,497.524008
8.341456,21,498.079779
5.246917,13,498.432621
6.577267,17,498.878857
5.815352,16,499.309453
4.865296,14,499.681813
6.191788,16,500.109137
6.258825,16,500.535548
5.160937,14,500.916857
5.970054,16,501.345541
4.851907,14,501.714432
6.27754,17,502.168259
3.183452,20,502.692607
6.639736,18,503.181822
5.983325,16,511.833139
5.91311,17,512.28861
5.410114,15,512.667667
7.303077,20,513.206651
1.043472,16,513.609692
5.569469,16,514.037922
5.836684,17,514.493721
6.679311,18,514.970108
6.291456,16,515.40431
5.269887,15,515.796865
2.055673,17,516.250057
5.647454,15,516.662066
6.60572,17,517.116517
6.947197,18,517.597456
1.502312,17,518.052447
5.342941,16,518.471647
6.557848,18,518.952229
5.989121,16,519.396767
5.072368,15,519.78688
5.942391,15,520.178778
6.238501,16,520.609341
7.035746,18,521.069945
6.610522,16,521.498202
1.429796,17,521.94409
6.304946,17,522.384772
8.131285,21,522.933655
5.371981,15,523.345146
2.242621,18,523.821136
3.037733,20,524.337018
4.644856,14,524.705048
6.87176,17,525.147154
6.412167,17,525.612293
6.045531,16,526.027227
5.794608,16,526.442156
5.118192,15,526.848718
6.79119,18,527.312198
6.910729,18,527.787915
5.125562,15,528.194648
7.505295,18,528.670714
6.498547,17,529.123199
4.900438,14,529.495246
4.66168,14,529.859841
7.292235,18,530.337164
1.452123,18,530.798854
6.767321,19,531.296846
6.315999,17,531.791991
4.280133,13,532.163254
7.050012,19,532.691707
5.558446,15,533.096534
3.674968,22,533.699275
5.550995,15,534.118707
6.511294,18,534.638561
5.41654,15,535.080199
7.153324,19,535.607566
2.340189,18,536.132439
4.4779,14,536.53513
7.145504,20,537.104905
6.367536,16,537.558959
6.428297,16,538.034686
5.375674,17,538.529718
6.621968,17,539.031266
6.89048,18,539.560156
8.736386,25,540.257386
7.926565,21,540.834914
6.16155,17,541.308258
7.983792,19,541.869128
5.688101,15,542.304944
6.064002,17,542.791683
5.166772,14,543.188056
7.492702,19,543.728087
5.706059,16,544.195946
5.46636,15,544.626746
2.464935,19,545.141771
8.359884,22,545.751089
5.902886,16,546.189527
6.417606,18,546.662334
4.394891,14,547.034321
6.303846,17,547.486662
3.476454,12,547.795
4.733495,14,548.148907
5.482536,16,548.575605
7.557601,21,549.13251
6.992219,18,549.616111
7.071578,19,550.106288
5.937257,16,550.536596
5.975517,16,550.968732
5.87171,15,551.358598
5.465936,15,551.735698
5.793825,16,552.149405
9.295516,24,552.789744
6.656569,17,553.226912
5.862386,16,553.652798
6.757773,17,554.10316
1.836831,17,554.541833
7.521368,20,555.063772
5.600801,17,555.505643
7.160139,18,555.967645
6.537417,18,556.428192
7.102098,18,556.901991
5.700569,16,557.314982
5.375747,15,557.721894
5.330542,15,558.097221
8.243637,22,558.677731
3.433748,22,559.247081
6.674732,17,559.698055
6.916718,20,560.222685
6.363684,17,560.6861
7.01437,19,561.170938
6.140822,17,561.623452
7.531922,20,562.159173
4.395783,14,562.517515
6.638746,17,562.982195
5.86183,15,563.376826
7.018618,19,563.860756
4.484927,14,564.227584
5.644004,16,564.650196
6.767399,18,565.123434
2.715549,19,565.608354
4.473665,14,565.978269
5.656919,16,566.410341
5.581364,15,575.025563
7.281932,18,575.490222
0.823542,17,575.943843
6.864525,20,576.466675
7.430471,20,576.991456
6.113546,16,577.411249
1.761291,18,577.873725
6.81665,18,578.336742
7.436826,20,578.871153
5.826997,17,579.326025
2.033078,18,579.787941
6.080831,17,580.241707
5.297479,15,580.644132
5.630292,16,581.045191
2.458467,20,581.566761
7.874193,21,582.129972
5.536756,15,582.516719
7.518198,20,583.047873
7.305067,19,583.542953
6.0138,17,583.979303
5.935388,17,584.444061
4.835196,15,584.818403
8.671158,23,585.420825
5.54888,17,585.878149
7.978591,21,586.422539
6.97457,17,586.86991
7.80516,20,587.386502
7.344745,21,587.913489
6.963916,19,588.411102
6.061692,17,588.859696
1.112849,16,589.286122
5.739639,17,589.741816
6.565594,17,590.191674
1.164392,17,590.63024
7.091939,19,591.130045
5.647452,16,591.543779
6.933577,19,592.039044
6.275533,17,592.49054
4.738609,15,592.893981
6.02155,17,593.344851
5.099953,15,593.749126
7.321622,18,594.223362
7.192849,18,594.701583
5.686298,17,595.138239
6.335921,18,595.59885
6.968783,18,596.084893
2.531876,19,596.595777
6.233075,17,597.034847
7.096723,18,597.493397
6.753459,18,597.968407
1.857835,18,598.417244
5.777343,15,598.796805
8.239447,21,599.345397
9.249599,22,599.92786
1.913846,18,600.400531
7.370845,18,600.872785
6.883832,18,601.346957
6.822212,19,601.842362
6.710874,18,602.315304
6.413486,16,602.727025
5.291169,16,603.151973
6.319049,17,603.590467
4.340516,13,603.9465
0.144649,14,604.324797
5.654197,16,604.736384
5.885257,16,605.172002
7.886099,20,605.686618
6.076457,19,606.179269
6.608645,20,606.680897
5.734977,17,607.130258
6.760538,18,607.607094
3.756554,13,607.960929
7.19328,19,608.471057
5.536396,16,608.913411
7.443492,21,609.482371
6.524302,18,609.958323
6.719787,19,610.455952
6.642885,20,611.006292
6.893064,18,611.463199
5.731246,16,611.877357
5.989646,17,612.32865
7.54786,19,612.813139
6.268633,17,613.251638
6.355438,17,613.703511
7.069149,18,614.177722
5.935314,16,614.607834
6.587129,18,615.080741
4.667517,13,615.436988
7.107729,19,615.936134
5.587014,15,616.326597
3.120047,21,616.871101
7.641343,20,617.377923
8.29465,21,617.934777
5.973512,16,618.349313
6.370954,18,618.823672
6.883622,17,619.261171
6.232406,18,619.752542
7.821126,22,620.31761
5.19817,15,620.721
4.699722,14,621.101926
6.97753,19,621.586627
7.231677,21,622.130827
6.265806,18,622.605604
8.205713,20,623.125355
7.568976,21,623.655011
5.489828,16,624.082942
7.828671,22,624.668013
6.233282,17,625.119561
5.30724,15,625.524575
5.66044,15,625.928606
6.075747,17,626.366831
6.049991,16,626.794332
6.26816,17,627.256447
4.968675,15,627.658043
4.968886,14,628.037708
4.898757,14,628.391009
5.488092,16,636.949526
6.8216,17,637.381711
1.733984,18,637.852432
6.600007,19,638.358612
6.011319,16,638.768736
5.483193,17,639.202685
6.050566,17,639.652927
7.119984,20,640.170011
5.903541,16,640.59425
4.972183,14,640.958161
6.158927,17,641.405807
5.750543,16,641.831374
6.826478,18,642.311679
4.2493,14,642.689546
1.869004,18,643.165825
7.963369,20,643.682771
7.181528,19,644.17776
4.46147,14,644.546578
7.319013,19,645.056329
4.651368,14,645.395864
6.614093,18,645.854788
5.794745,17,646.301728
7.446225,20,646.848605
6.091656,16,647.256322
5.405835,16,647.660437
5.636687,17,648.098554
2.325643,20,648.607387
5.709012,16,649.020771
5.800077,16,649.455689
7.100027,20,649.993383
7.351558,20,650.527859
6.792741,19,651.026978
5.442337,16,651.44014
6.173797,16,651.853559
6.264164,17,652.313695
6.319641,17,652.739808
6.912982,19,653.239671
7.221314,19,653.738495
7.211354,21,654.27205
2.738537,19,654.777333
5.875064,17,655.227246
4.845577,15,655.616783
7.242907,20,656.153952
5.460497,15,656.545022
5.193388,15,656.949126
6.236989,17,657.401346
5.814878,17,657.838233
5.149118,15,658.255512
7.120289,20,658.802554
6.316493,17,659.236861
6.019618,16,659.668243
3.879655,12,659.98731
7.754997,19,660.485596
6.119008,18,660.962695
6.833786,19,661.462087
5.684627,17,661.896736
8.241005,22,662.463679
8.269934,23,663.053935
5.474508,16,663.480931
4.977621,16,663.908537
5.756349,17,664.361109
6.559853,17,664.814565
2.544274,19,665.315053
5.823808,17,665.774519
3.301607,22,666.34662
5.690436,15,666.759929
8.381113,22,667.359943
5.920137,17,667.820201
6.560075,17,668.281879
5.81977,17,668.74503
6.123137,18,669.228804
7.102227,19,669.728358
8.01009,23,670.346613
6.458044,17,670.810103
4.838473,14,671.18735
6.1071,17,671.6514
5.683613,17,672.116254
5.34044,16,672.557108
5.074955,15,672.960535
5.943799,17,673.408167
6.441702,18,673.881402
6.427225,17,674.319746
1.692387,18,674.787711
6.373976,17,675.238203
5.000118,15,675.614483
6.123457,17,676.052979
6.349508,17,676.502761
7.179047,18,676.974449
7.486161,21,677.530609
5.649448,15,677.936868
7.846156,21,678.464666
6.261188,17,678.914511
6.225903,17,679.37714
5.922038,18,679.855072
5.846406,17,680.2819
6.921681,18,680.746441
6.730039,19,681.249965
7.022836,21,681.80168
5.931521,16,682.211889
6.219405,16,682.637196
4.464393,15,683.024922
5.76879,16,683.449821
9.286879,25,684.100099
2.930809,18,684.57531
7.426818,20,685.107357
5.563119,15,685.509035
6.060955,18,685.982847
2.446521,19,686.479391
6.31213,17,686.928025
4.467914,14,687.309293
2.124038,18,687.769191
5.955594,17,688.219463
6.425584,18,688.679013
5.799857,17,689.118543
7.894285,21,689.667579
4.688294,14,690.035094
6.155098,16,690.448402
5.248105,16,699.098073
5.175009,16,699.543716
7.025345,18,700.035342
6.728242,18,700.516049
5.26871,16,700.936771
6.939473,19,701.424571
7.126018,19,701.939624
7.026876,19,702.440927
5.701563,16,702.859581
4.494878,14,703.229195
2.72099,20,703.744454
6.983583,20,704.241507
7.018377,19,704.753763
5.63756,16,705.197211
6.245137,17,705.657803
6.899299,18,706.137321
7.393339,20,706.663051
5.870047,16,707.09285
7.312979,19,707.607913
5.83395,17,708.061542
6.834482,19,708.547844
5.895538,17,709.012968
7.176037,19,709.504294
7.102646,19,710.004065
5.328157,17,710.439439
5.523805,15,710.831097
6.909021,18,711.296177
6.505472,18,711.771136
7.372971,21,712.315668
7.278805,20,712.849791
6.21621,18,713.321135
6.426044,18,713.781402
6.562974,17,714.233277
5.390383,16,714.650347
7.577696,20,715.175757
4.225699,14,715.542595
6.621964,17,715.99327
6.349232,17,716.430979
6.382257,20,716.953349
7.392195,22,717.555007
6.257679,18,718.032761
1.381334,17,718.474066
5.715188,18,718.951426
6.735197,19,719.445575
6.480167,18,719.92558
5.800259,16,720.342874
4.419293,14,720.712155
4.900143,14,721.06884
6.384842,18,721.54811
6.349745,18,722.015064
6.903049,20,722.527855
1.699004,18,723.004504
8.502816,24,723.625609
7.461128,20,724.165333
6.318268,17,724.598486
7.519256,20,725.124305
6.481655,18,725.601283
5.505473,16,726.019343
5.238384,16,726.447633
5.083526,16,726.879831
5.735605,17,727.31934
6.308582,19,727.821137
6.547062,19,728.308555
4.338256,14,728.66276
6.020242,18,729.138914
6.083896,18,729.603922
4.819632,15,729.970238
7.014752,18,730.443338
4.685679,15,730.834034
6.126322,19,731.333217
5.113866,16,731.760777
6.507266,18,732.220302
5.744128,17,732.668675
4.696472,14,733.046481
6.296178,18,733.519739
6.617523,18,733.993584
6.980928,19,734.478528
6.55009,19,734.960833
4.899686,14,735.339041
7.452243,20,735.842396
6.874912,18,736.301492
8.030354,21,736.857238
2.924925,21,737.385112
3.994335,22,737.954788
4.304383,13,738.320699
6.889376,20,738.84824
5.15375,15,739.252539
5.031117,16,739.68668
4.070634,13,740.018168
1.344768,18,740.483
6.460683,18,740.967075
7.180095,20,741.493446
6.05909,17,741.937704
6.345194,17,742.382163
7.826117,22,742.943004
6.778476,19,743.447231
1.320128,18,743.914109
2.522272,20,744.44352
6.281194,18,744.925898
6.615649,19,745.426493
8.143783,24,746.073388
9.108897,25,746.736968
7.184386,20,747.277057
7.03215,18,747.75679
6.406151,18,748.236245
6.701244,18,748.700438
5.630113,18,749.179456
7.004,20,749.713655
7.668924,21,750.250765
7.350122,19,750.756778
5.961362,16,751.161421
7.972958,20,751.687141
7.354089,21,752.235252
7.539279,21,761.077105
6.435167,18,761.558656
6.606069,19,762.078595
2.75384,23,762.657775
6.054888,17,763.099664
4.549774,15,763.505883
7.768559,21,764.051713
5.297353,17,764.491722
2.396479,21,765.022886
6.238957,18,765.483475
6.017854,16,765.912234
7.093285,21,766.453318
5.889529,17,766.904335
5.521605,17,767.355198
5.850841,18,767.829059
6.195656,18,768.287688
6.315191,18,768.759275
8.020473,20,769.28024
6.911867,19,769.792067
4.937325,14,770.145211
4.91679,15,770.548409
5.845447,17,770.984603
8.33776,23,771.573121
6.292638,18,772.034609
6.968205,20,772.555332
4.534381,14,772.922053
4.007026,14,773.291709
6.077989,17,773.741104
6.49704,19,774.225803
6.583205,20,774.749172
6.800204,18,775.211961
5.804645,17,775.648157
6.735799,19,776.146115
1.527854,18,776.607132
7.657756,22,777.190915
7.431281,22,777.757241
4.505573,14,778.124447
7.89465,21,778.671898
5.840205,18,779.146761
1.82895,19,779.650453
6.28064,18,780.111806
7.603348,20,780.633744
6.483802,18,781.107727
6.16132,19,781.621112
6.723924,18,782.097459
6.676308,20,782.620566
4.325943,15,783.011833
5.328213,16,783.442913
7.042642,19,783.929315
4.61162,15,784.335034
7.317129,20,784.861238
1.904315,19,785.357801
6.831705,18,785.832105
4.553904,15,786.237075
6.009632,17,786.687819
6.161195,17,787.111096
7.755723,21,787.654688
4.980449,15,788.044785
6.303248,19,788.538496
6.786079,20,789.05852
6.937052,19,789.541903
7.298116,19,790.035481
5.327671,17,790.483144
5.531349,15,790.871465
3.093131,20,791.391182
6.051159,17,791.82481
6.715262,19,792.304938
5.949224,17,792.742944
6.968097,21,793.280737
6.374715,18,793.754318
6.098505,18,794.237977
4.033705,14,794.612418
6.489534,19,795.107673
5.994183,17,795.542259
7.426928,20,796.063221
6.325126,17,796.4719
5.649502,17,796.891657
6.564039,17,797.341265
7.123227,20,797.862657
6.525796,18,798.336769
6.581476,18,798.811673
7.316849,20,799.321051
6.153641,17,799.772985
7.824517,22,800.369459
4.582173,15,800.773234
5.226834,16,801.199843
6.883192,19,801.713717
7.067428,19,802.229064
2.622883,19,802.74585
7.029411,21,803.339102
5.984152,17,803.792156
2.618007,20,804.334472
5.587454,16,804.744741
8.111644,25,805.396566
6.647745,19,805.89477
6.040033,17,806.333302
7.156416,21,806.879785
5.224225,16,807.2813
8.482722,22,807.85141
6.395905,17,808.288003
6.312417,18,808.770088
4.522838,15,809.188089
6.14861,18,809.657699
7.07754,20,810.182979
4.058681,14,810.551888
5.804334,18,811.018546
7.816219,23,811.621915
7.449634,21,812.163401
6.828692,19,812.648207
6.222363,18,813.12128
5.595928,17,813.571713
7.289471,20,814.079736
6.353873,17,822.722291
9.135305,25,823.374814
6.647897,17,823.810811
6.133575,18,824.269464
6.980883,20,824.795687
3.560314,24,825.410931
6.260889,18,825.870066
6.72831,19,826.353101
7.267042,21,826.896342
7.318022,21,827.427238
7.611938,22,828.009634
7.665146,23,828.619644
2.812558,23,829.250973
5.75539,18,829.700466
5.170211,16,830.114743
6.795879,20,830.648011
6.733263,18,831.09444
6.492351,18,831.571293
7.904221,20,832.090944
8.288739,23,832.695734
5.089362,16,833.111333
6.986196,19,833.609061
7.6625,22,834.17654
5.586561,17,834.630195
5.472636,17,835.082218
7.579349,21,835.628648
8.176261,24,836.270054
7.187116,22,836.838314
2.870721,21,837.382089
6.79489,20,837.890354
6.94879,19,838.386658
7.175857,21,838.929832
7.193206,22,839.49957
5.033869,16,839.929818
8.859837,25,840.568271
2.289867,19,841.064006
6.611992,19,841.546649
9.235053,28,842.282672
6.240102,19,842.752471
6.493543,18,843.208822
6.946735,21,843.770802
4.226888,14,844.123294
8.27193,23,844.713845
6.869537,20,845.23015
6.930212,20,845.734563
8.278562,24,846.345171
1.968763,20,846.863375
6.336836,18,847.320194
2.974637,21,847.860754
7.754036,22,848.424593
6.722909,20,848.941517
4.694248,16,849.367461
7.489475,21,849.912396
6.792447,20,850.430191
6.951389,20,850.948355
5.207575,16,851.348817
4.805833,15,851.710251
6.386683,18,852.172165
7.561813,23,852.76231
6.679965,20,853.282794
8.412016,24,853.896078
2.270871,21,854.442408
4.451363,14,854.826182
8.317086,23,855.417037
7.16633,20,855.937242
6.253491,18,856.395028
6.243967,19,856.876103
5.786546,18,857.335453
6.979024,21,857.86476
2.36552,22,858.432368
7.41614,21,858.974464
1.129283,18,859.448641
5.079545,15,859.84015
8.115502,23,860.430906
6.394618,18,860.863411
7.088958,20,861.384289
8.855596,25,862.004736
7.509976,21,862.537772
6.800495,19,863.019911
5.721108,18,863.493106
5.754141,18,863.950829
7.204573,20,864.46007
6.831248,19,864.959654
7.554833,21,865.513863
4.850022,16,865.941061
3.226294,21,866.504845
6.494204,19,867.03199
8.17583,22,867.582767
5.04512,15,867.976467
7.706036,22,868.545497
6.825103,19,869.040802
6.170974,18,869.500332
2.361833,20,870.013676
2.417104,20,870.533177
5.419247,17,870.968028
6.123932,18,871.428817
6.141268,18,871.887819
5.546283,18,872.348736
6.349875,19,872.831885
7.496599,21,873.389863
6.270444,18,873.8639
8.720419,25,874.501878
6.124431,18,874.977451
7.460683,20,875.495886
6.259348,18,884.330147
6.054964,17,884.786004
6.897807,21,885.318983
7.138779,20,885.840961
6.461616,20,886.347958
6.364921,19,886.848947
5.563569,17,887.305127
6.502074,18,887.765769
6.975685,20,888.289124
5.614829,18,888.753314
5.786904,18,889.227874
7.807738,23,889.821849
8.039314,23,890.428086
6.28055,18,890.891486
5.806098,17,891.333781
6.052536,18,891.809608
8.866491,26,892.48737
6.567201,19,892.991456
6.430181,18,893.453922
5.529727,18,893.9322
5.915849,18,894.406939
1.611016,19,894.90032
7.273626,21,895.446656
7.505822,20,895.968367
5.908883,18,896.431448
5.878122,19,896.903724
6.058741,18,897.367911
7.650116,22,897.939726
6.796267,21,898.484129
7.744126,21,899.032425
7.088022,22,899.601396
6.216581,18,900.063196
6.334058,19,900.56233
7.32181,22,901.132146
8.258583,22,901.697521
5.670425,18,902.170939
7.522163,22,902.736941
6.358167,19,903.243011
5.57353,17,903.713412
6.380555,19,904.225294
7.913548,22,904.795355
6.18898,18,905.270148
6.154158,18,905.731642
5.503134,17,906.166805
7.401146,23,906.770751
5.611355,17,907.208322
3.577156,24,907.8227
5.20842,16,908.236857
6.954626,21,908.782356
6.763532,19,909.264745
6.53977,18,909.741059
6.794802,20,910.26944
4.622656,15,910.634381
8.205787,22,911.21654
5.023546,15,911.594896
6.926382,21,912.129327
7.131453,21,912.674919
5.927063,17,913.129646
6.650723,19,913.615141
5.404185,17,914.055479
7.589608,20,914.58054
6.002116,18,915.047378
7.838093,23,915.637384
2.630035,21,916.195431
6.665101,19,916.68352
7.582447,23,917.291198
5.44137,16,917.706126
7.293408,22,918.277541
5.825007,16,918.692243
5.093571,16,919.119898
5.813052,17,919.544229
6.161905,17,920.001547
6.835278,19,920.501242
6.335115,19,921.008403
4.838304,16,921.443309
6.770548,19,921.942344
5.5784,18,922.403473
8.312474,22,922.962091
6.416319,18,923.437838
8.165475,23,924.028206
7.957182,24,924.644658
5.540067,16,925.072235
7.251305,21,925.617296
8.574196,25,926.266281
7.445518,21,926.835485
8.776999,27,927.515085
7.243431,22,928.096849
9.025539,25,928.76432
6.81322,19,929.26207
8.800353,24,929.898239
8.821196,24,930.513551
7.05094,20,931.033038
7.816846,23,931.647161
8.935582,25,932.317472
5.226745,16,932.7459
6.623678,20,933.266168
7.057615,20,933.787364
7.281111,21,934.329602
6.362155,19,934.838166
7.081243,20,935.38056
7.360503,20,935.894863
5.28483,17,936.350261
5.918594,18,936.830492
6.328209,18,937.27971
5.175821,16,945.835116
5.419038,17,946.290484
5.919791,18,946.754834
7.050409,19,947.260466
7.984888,23,947.87099
5.41927,17,948.326487
7.227291,20,948.851433
5.139716,16,949.255284
5.134405,16,949.690553
8.428597,24,950.309255
1.699148,20,950.83581
6.382839,18,951.312758
7.060858,21,951.862683
6.243785,18,952.342646
6.890008,20,952.870487
6.64236,19,953.392019
6.688762,19,953.878861
6.408502,19,954.368245
5.851653,18,954.853493
5.751435,18,955.320422
6.802857,19,955.828974
8.593315,26,956.524751
5.209357,17,956.952392
7.172812,21,957.513108
6.18465,18,957.967102
6.82691,20,958.495483
7.974045,24,959.131886
1.727896,19,959.617285
5.436719,17,960.079561
6.399355,19,960.578754
5.531323,17,961.025722
5.693984,17,961.478199
4.86792,16,961.886096
8.153807,22,962.467338
8.81192,26,963.149443
8.069665,24,963.771738
8.278796,24,964.390905
6.595251,20,964.922261
6.666012,20,965.434116
3.291833,23,966.030886
7.525712,22,966.605881
7.940248,24,967.227607
6.215457,18,967.692496
7.027145,21,968.257492
6.031378,17,968.698384
7.525834,21,969.250503
7.780789,23,969.863579
8.237435,23,970.462532
7.29396,21,971.000154
2.355012,21,971.551691
6.616997,19,972.042516
5.239668,16,972.461839
2.030495,20,973.000878
7.668443,21,973.55217
6.510327,19,974.050164
6.684976,20,974.577116
1.465545,19,975.070759
7.015017,20,975.583724
7.738735,22,976.157916
6.284191,18,976.62675
7.499124,21,977.169809
7.422078,20,977.697936
2.393928,21,978.259582
5.699933,17,978.699425
6.786113,19,979.216237
8.060724,23,979.811404
7.893255,24,980.443985
5.65012,17,980.878297
7.329145,20,981.417434
7.799401,22,981.988026
6.32368,18,982.462833
7.930047,21,983.006624
5.648358,17,983.462668
7.581672,21,984.009143
6.698483,19,984.505054
8.165591,22,985.078798
7.860548,20,985.588023
7.21062,21,986.133134
2.172628,21,986.679408
5.840551,18,987.139897
6.101815,19,987.611532
6.899764,20,988.151025
6.856615,20,988.673225
7.648573,23,989.277596
6.830419,19,989.780807
7.177705,20,990.30506
8.305866,23,990.907741
6.400336,20,991.451162
6.464688,19,991.98003
7.804762,22,992.556975
5.05562,16,992.974267
3.594506,23,993.597787
5.828786,17,994.044149
7.498924,21,994.605125
6.32048,18,995.071218
6.972048,20,995.610507
7.083197,19,996.100969
6.455208,19,996.609059
6.208561,18,997.098953
8.114115,22,997.686804
4.680189,14,998.070963
7.598803,22,998.645724
7.786835,21,999.197199
7.71118,23,1008.10642
5.928538,18,1008.574297
6.820794,19,1009.078568
1.853961,19,1009.5828
7.584024,21,1010.138876
6.565779,19,1010.628765
4.911351,17,1011.084139
7.720174,22,1011.657117
6.423943,19,1012.159395
7.125133,20,1012.687397
7.255133,21,1013.239511
6.529284,19,1013.75558
6.020925,18,1014.222128
6.394194,18,1014.685164
5.994975,18,1015.176543
6.214205,18,1015.640935
6.556543,19,1016.142617
7.781712,20,1016.666093
0.62634,16,1017.085773
7.135582,20,1017.607789
7.405557,20,1018.130104
7.738237,21,1018.678121
6.506771,19,1019.191409
1.890296,20,1019.699145
7.540165,22,1020.286441
2.748123,23,1020.880814
2.210623,21,1021.427582
6.085817,17,1021.880981
7.140432,20,1022.417567
7.914916,21,1022.965337
6.500407,19,1023.456779
5.925047,18,1023.948759
3.041931,21,1024.485088
6.640742,20,1025.002725
7.094577,20,1025.512511
4.99267,16,1025.92966
6.646914,18,1026.409018
8.259102,22,1026.981113
7.258923,21,1027.54683
3.056768,22,1028.12336
6.738687,20,1028.650732
5.792077,17,1029.096164
6.403148,18,1029.572356
5.269209,16,1029.999977
6.41738,19,1030.502768
6.702979,18,1030.982725
5.785381,17,1031.41243
5.762901,17,1031.842439
7.270807,21,1032.394154
6.189399,18,1032.856632
6.787635,20,1033.382972
7.015058,20,1033.911458
1.711335,19,1034.402277
7.434179,21,1034.942943
5.002551,16,1035.360197
3.24557,23,1035.955744
6.888523,20,1036.481797
5.983763,18,1036.958743
5.755341,17,1037.41168
5.38523,16,1037.826397
6.161778,18,1038.300319
3.1035,23,1038.89425
6.767703,18,1039.373701
7.339259,21,1039.940191
5.743091,17,1040.38069
6.176235,19,1040.885635
6.4038,18,1041.353575
6.781318,20,1041.878967
7.787409,22,1042.452322
7.408889,21,1043.005854
3.209004,23,1043.618375
8.521845,24,1044.228736
5.553002,17,1044.689382
6.048685,19,1045.205717
6.271365,19,1045.708509
6.207921,18,1046.187691
8.340162,24,1046.819323
4.964573,15,1047.214826
7.816359,22,1047.77422
7.611819,23,1048.371591
6.856919,19,1048.871481
7.468779,23,1049.485402
6.685864,19,1049.981694
6.601582,19,1050.495752
6.403806,18,1050.959255
6.155249,18,1051.437494
6.366171,19,1051.956274
7.910365,23,1052.558487
3.133909,22,1053.162483
5.912065,18,1053.663797
6.470731,20,1054.205327
7.740712,21,1054.745377
5.068462,16,1055.164191
1.896231,19,1055.658543
1.406993,18,1056.113199
6.93381,19,1056.600398
8.673519,24,1057.229196
8.303286,21,1057.793113
2.537923,20,1058.334835
6.505518,19,1058.851131
6.189761,18,1059.330551
6.186452,19,1059.850142
6.343196,19,1060.353951
6.678914,19,1060.829599
5.384075,16,1061.246906
1.766083,19,1069.990678
7.582233,21,1070.558771
1.951757,19,1071.064352
3.592392,24,1071.720078
4.965771,16,1072.123382
5.910101,18,1072.602129
6.842664,18,1073.077636
6.945536,20,1073.59892
5.210182,16,1074.014143
6.446123,19,1074.517312
7.530894,20,1075.03036
4.987092,16,1075.460171
6.915944,19,1075.931033
5.17722,16,1076.34511
4.996021,16,1076.772781
5.822281,17,1077.227696
7.574686,21,1077.790599
7.077279,20,1078.299648
7.543318,21,1078.832546
5.259933,17,1079.272896
1.630506,19,1079.776233
5.752994,18,1080.254112
6.98221,19,1080.756371
8.372322,22,1081.328461
7.922931,22,1081.904556
7.839994,24,1082.535823
6.22137,17,1082.976979
6.895839,19,1083.465055
5.467744,17,1083.908489
6.125313,18,1084.372299
6.537428,19,1084.878279
6.717048,18,1085.354921
3.657313,24,1085.97542
5.881542,17,1086.429589
8.030676,22,1087.002075
5.588021,17,1087.439308
1.563574,19,1087.938249
5.988252,18,1088.40324
0.734988,17,1088.843613
8.370635,22,1089.411601
4.7282,16,1089.832245
6.52467,20,1090.358562
5.53122,17,1090.799239
6.891041,20,1091.322568
8.026396,24,1091.953247
7.94443,22,1092.538739
6.265484,18,1093.001591
3.352665,24,1093.633444
7.826389,22,1094.203028
2.661264,21,1094.752145
7.860026,23,1095.350134
7.633707,21,1095.867573
7.460901,21,1096.416139
4.774575,15,1096.812175
6.977247,20,1097.334335
6.241051,18,1097.795741
2.156522,21,1098.341911
5.40377,16,1098.771951
6.301858,19,1099.269676
6.498714,18,1099.740815
6.200054,18,1100.221629
2.929711,22,1100.776791
7.018219,20,1101.296282
7.034692,20,1101.834521
7.814671,23,1102.44317
7.455863,21,1103.003366
6.561521,19,1103.489102
2.34553,20,1104.003582
7.401451,22,1104.571778
7.491732,21,1105.121362
5.577807,17,1105.560283
6.80966,20,1106.085062
6.745865,19,1106.584884
6.211132,18,1107.047008
7.128054,19,1107.533543
8.045584,22,1108.117592
8.484718,24,1108.749558
5.706383,17,1109.18985
5.344713,17,1109.630437
7.634082,20,1110.159916
7.334286,22,1110.730078
7.312531,21,1111.27615
6.908805,20,1111.800004
7.227296,22,1112.37405
6.81586,20,1112.885639
5.276255,16,1113.303464
7.882986,23,1113.900281
7.594513,22,1114.470287
7.967982,22,1115.054897
6.90949,20,1115.565403
7.003518,21,1116.12658
6.717668,18,1116.604594
6.018695,19,1117.103138
6.807603,18,1117.582101
1.259899,18,1118.035867
5.303856,16,1118.476077
2.333446,20,1119.009358
7.206641,21,1119.576473
7.599349,21,1120.142085
7.473072,21,1120.674387
8.113878,22,1121.260886
5.081158,16,1121.70289
5.365983,17,1122.15546
5.641322,17,1122.601501
5.995287,17,1123.055335
7.414099,20,1131.800421
7.780656,22,1132.392979
5.370723,17,1132.858038
5.694405,17,1133.298132
7.082808,22,1133.898318
7.651018,22,1134.487324
7.364114,20,1135.01658
7.808298,22,1135.60278
2.002408,20,1136.14048
6.700365,20,1136.679377
8.07077,23,1137.278879
6.573152,19,1137.794919
7.469534,20,1138.331387
7.420574,21,1138.865602
7.314037,20,1139.389346
5.13441,16,1139.804457
7.167579,22,1140.363195
6.35462,19,1140.851945
6.596958,19,1141.33919
6.779393,20,1141.862444
5.917554,18,1142.313094
6.503041,20,1142.850076
6.547046,19,1143.352575
5.657303,18,1143.838732
8.191048,23,1144.420116
7.428404,22,1144.994404
6.511351,19,1145.494865
1.580661,19,1145.982758
7.645926,23,1146.578659
7.549017,21,1147.12721
4.47073,15,1147.508759
8.654755,25,1148.163384
7.304174,20,1148.67236
7.581692,21,1149.206666
7.878154,23,1149.815216
7.47841,22,1150.377745
6.366408,18,1150.839807
5.412097,17,1151.294175
7.64493,21,1151.854363
7.71737,22,1152.410414
6.950785,19,1152.911901
8.429698,24,1153.516343
6.434118,19,1154.015214
6.41979,19,1154.514139
7.270807,21,1155.053727
5.434268,16,1155.485023
7.071826,22,1156.053288
3.046062,23,1156.647397
7.23328,20,1157.159117
6.424112,18,1157.621777
8.00398,24,1158.251457
4.356965,15,1158.64468
6.502279,19,1159.12948
2.577228,21,1159.673861
6.022573,18,1160.126862
5.445814,16,1160.556754
7.051281,20,1161.064085
7.339278,20,1161.586535
5.06654,16,1162.003079
7.55524,23,1162.59796
6.426042,19,1163.068584
5.151156,16,1163.4959
4.558516,15,1163.902512
6.542592,19,1164.402678
6.597397,20,1164.928401
6.817456,19,1165.415986
6.759333,20,1165.92917
7.021475,21,1166.475118
7.054618,20,1166.998076
7.699336,23,1167.588827
5.124912,16,1168.01878
6.61991,19,1168.506914
6.736171,19,1168.995203
6.265994,18,1169.458335
7.564586,21,1170.006361
6.46363,19,1170.507145
6.303931,18,1170.985522
8.510831,24,1171.604176
6.342067,19,1172.104096
7.360964,22,1172.67605
8.402724,23,1173.258879
8.651948,25,1173.915423
7.48073,22,1174.485838
5.679231,18,1174.967515
6.700558,21,1175.516182
6.130083,19,1176.015226
6.121444,18,1176.490348
3.717638,23,1177.09657
6.778931,20,1177.61717
7.673179,21,1178.160609
7.066095,19,1178.642928
6.163454,18,1179.105143
7.467238,22,1179.674075
7.232732,20,1180.197777
6.13282,19,1180.679258
6.259621,20,1181.199899
5.748273,17,1181.623991
7.11011,21,1182.155314
7.719392,23,1182.753443
7.865054,23,1183.346886
6.482283,19,1183.828424
5.815341,17,1184.239117
7.451839,21,1184.769624
7.916076,24,1193.512792
6.133192,19,1194.006301
7.4518,22,1194.576962
5.714002,18,1195.043198
6.898806,20,1195.566561
6.346644,20,1196.062848
7.436452,22,1196.647677
7.394829,22,1197.207816
8.15004,24,1197.82659
7.183532,21,1198.363334
7.314641,21,1198.908561
8.399351,23,1199.502017
7.108502,20,1200.028507
7.299051,22,1200.601082
6.041926,18,1201.07884
5.292386,16,1201.497662
6.895655,20,1202.024742
6.911008,21,1202.574213
5.662094,17,1203.02791
6.300911,20,1203.539351
1.715009,19,1204.043002
7.477588,22,1204.615721
7.531715,23,1205.214411
7.276553,22,1205.785588
6.998517,21,1206.336775
8.374572,23,1206.946342
7.830806,21,1207.478688
7.198083,20,1208.003679
6.040596,18,1208.468613
6.712766,20,1208.979856
8.27275,24,1209.596511
1.416611,19,1210.084687
5.337844,17,1210.523697
7.265319,21,1211.058869
2.91369,23,1211.650281
1.227609,18,1212.126945
6.928222,20,1212.635167
5.658135,17,1213.075525
7.519793,21,1213.607268
8.04659,24,1214.224482
8.633568,25,1214.867165
6.231946,18,1215.346025
8.229862,23,1215.941922
6.237319,17,1216.411788
6.386823,18,1216.891016
4.971125,16,1217.328801
8.532231,23,1217.921796
5.612699,18,1218.384805
7.991028,23,1218.977878
6.702838,20,1219.499353
9.105632,26,1220.169327
7.502062,22,1220.742705
5.222718,16,1221.157806
5.694513,18,1221.633155
6.688434,19,1222.119431
7.801406,23,1222.71343
7.055738,21,1223.257557
5.980534,18,1223.719641
5.048453,16,1224.137132
7.533757,21,1224.688578
7.764946,22,1225.264189
6.068171,18,1225.744068
8.077753,23,1226.337571
4.612743,15,1226.73082
7.632337,21,1227.291913
7.068344,21,1227.840024
8.571935,24,1228.458091
2.239828,20,1228.981827
6.997822,20,1229.492245
6.915713,21,1230.041824
3.046465,23,1230.637481
6.025994,19,1231.125437
7.2101,22,1231.6967
6.696447,19,1232.196877
6.06758,18,1232.673562
6.738428,20,1233.19936
5.82136,18,1233.673169
2.687964,22,1234.262842
1.678596,19,1234.751001
7.807942,22,1235.335833
6.861827,19,1235.820735
5.826593,18,1236.286488
7.954771,23,1236.899753
6.568549,20,1237.422759
6.606427,19,1237.920391
2.150552,20,1238.442866
6.938195,20,1238.951271
6.817046,21,1239.496585
5.849201,18,1239.974053
8.113895,23,1240.595237
6.261961,18,1241.060659
6.111949,17,1241.507635
6.983785,21,1242.05346
8.599173,24,1242.677807
3.42562,24,1243.291224
7.592042,23,1243.928308
7.816004,23,1244.526589
5.652747,18,1244.998706
7.721981,22,1245.567613
7.562196,22,1246.139843
5.736647,17,1254.819387
7.493225,21,1255.370165
6.785273,20,1255.893657
5.294702,17,1256.347375
6.099691,18,1256.824671
6.417654,19,1257.327312
8.295048,23,1257.923665
6.418464,19,1258.410648
8.13491,23,1258.991945
7.446171,21,1259.555538
7.969898,22,1260.131425
7.346027,22,1260.703778
7.024686,21,1261.252001
6.727083,20,1261.777889
5.952444,18,1262.243081
7.258169,21,1262.778491
7.44133,22,1263.337818
7.122636,21,1263.873062
7.58892,22,1264.445122
6.376211,20,1264.971774
7.581388,23,1265.569409
3.513311,25,1266.224953
7.651774,23,1266.833637
0.984158,18,1267.297987
7.283827,21,1267.843582
6.092515,18,1268.308486
5.347721,17,1268.748266
6.675533,20,1269.259364
5.1703,29,1270.013192
6.624732,20,1270.537214
5.518364,18,1271.01221
6.450198,19,1271.494866
7.957222,24,1272.111278
7.714888,23,1272.705327
5.987518,18,1273.181637
2.145615,21,1273.728048
2.370368,21,1274.274561
2.961492,23,1274.86719
6.809517,21,1275.398659
6.46687,20,1275.919991
6.548588,20,1276.442252
7.233261,21,1276.985098
7.083059,20,1277.493215
5.866141,19,1277.99155
8.908321,27,1278.688306
6.501341,19,1279.173002
8.919762,25,1279.812494
6.105766,19,1280.31369
6.793672,21,1280.859021
6.012546,18,1281.319929
6.931479,21,1281.85041
2.650171,21,1282.396285
7.197071,22,1282.937308
8.773421,26,1283.614653
6.796368,20,1284.13636
6.718425,20,1284.646477
7.169241,21,1285.198171
1.861712,19,1285.699964
6.063154,18,1286.148124
4.465191,16,1286.562819
7.611565,22,1287.135261
6.38028,20,1287.64393
8.153846,22,1288.22927
4.817068,16,1288.633635
5.385637,18,1289.112539
6.044688,19,1289.613215
7.434832,22,1290.187406
5.372527,17,1290.641293
8.317793,24,1291.247446
7.087562,21,1291.780553
8.067729,23,1292.359894
7.397371,23,1292.954902
6.296153,20,1293.480218
5.936548,18,1293.957368
7.202937,20,1294.483699
5.638267,18,1294.936214
2.511995,22,1295.512524
6.583261,19,1295.999386
5.9757,18,1296.471337
7.399914,22,1297.050991
6.840832,20,1297.573093
7.072956,21,1298.118388
7.599458,22,1298.688942
7.72069,24,1299.301165
6.008108,20,1299.808238
4.697334,16,1300.24012
6.452932,20,1300.746593
6.157468,19,1301.229895
5.691446,18,1301.705324
7.588602,22,1302.271879
6.164219,19,1302.769894
5.604076,17,1303.206567
6.921271,21,1303.751241
8.606995,25,1304.404076
6.167904,19,1304.902028
8.205022,24,1305.534134
4.671225,15,1305.929612
8.109181,22,1306.50167
8.114431,24,1307.13783
6.047233,18,1307.62994
7.109844,21,1316.299071
6.792923,21,1316.876315
6.571539,20,1317.399497
3.460891,25,1318.040764
7.830649,23,1318.636302
5.333144,17,1319.078854
6.606493,20,1319.602315
7.585041,22,1320.176977
6.166561,19,1320.664776
5.214306,17,1321.102857
1.871441,19,1321.589486
7.640773,22,1322.158384
5.942874,18,1322.620373
6.888077,21,1323.170302
6.254687,19,1323.671556
6.316846,20,1324.194327
3.488324,24,1324.814245
6.31745,19,1325.320183
2.626316,22,1325.891395
7.244377,22,1326.461608
7.403366,22,1327.035113
7.172234,21,1327.572726
7.135121,21,1328.121635
6.397476,19,1328.626505
5.42566,17,1329.08066
5.863758,19,1329.570578
8.472992,25,1330.219184
1.658624,20,1330.74307
6.993954,21,1331.291385
7.482773,22,1331.851954
6.911808,20,1332.375642
4.846522,16,1332.779539
6.990972,20,1333.289032
5.976327,18,1333.75226
6.615798,20,1334.276083
6.395055,19,1334.758701
8.056146,23,1335.341139
2.076743,20,1335.864607
6.742091,20,1336.372404
5.461367,18,1336.832271
2.898449,23,1337.441639
8.029389,23,1338.035392
2.656672,23,1338.62927
7.009082,21,1339.161623
6.116918,19,1339.660358
4.75567,16,1340.067243
6.088726,18,1340.528923
5.136757,16,1340.943608
6.547167,19,1341.44148
8.243192,25,1342.080962
6.770013,20,1342.605581
4.576673,25,1343.2611
8.206666,23,1343.842373
4.97798,16,1344.245835
7.726179,22,1344.81621
7.006069,20,1345.327306
5.778826,18,1345.791931
7.653912,22,1346.365604
7.33513,21,1346.911431
5.951396,19,1347.410908
6.006141,18,1347.874022
7.109251,21,1348.424388
3.357333,24,1349.043174
4.606111,28,1349.784729
6.83509,21,1350.33938
6.321236,19,1350.83994
6.974637,20,1351.36189
6.90699,20,1351.886044
6.166353,18,1352.351122
6.642993,20,1352.877324
5.176855,17,1353.315208
4.81999,16,1353.732949
8.145071,23,1354.315154
7.129596,20,1354.826845
9.09652,26,1355.507165
7.755892,23,1356.094774
5.427888,17,1356.534206
8.100479,23,1357.125013
5.873946,18,1357.572823
7.228279,21,1358.113944
5.100484,17,1358.551853
5.615618,18,1359.016295
7.824293,24,1359.641904
5.899525,19,1360.131413
6.946835,20,1360.652905
5.905826,19,1361.150753
7.259022,22,1361.734839
6.791108,20,1362.242402
8.111502,23,1362.832931
7.302538,22,1363.391287
6.689709,20,1363.912389
7.488123,21,1364.444243
6.285962,19,1364.930918
7.255434,21,1365.466719
7.710401,23,1366.075139
8.047912,23,1366.670268
4.825806,16,1367.099585
8.118301,24,1367.704103
8.077494,23,1368.28529
7.302187,22,1368.85629
6.897823,21,1377.689659
6.949034,20,1378.200487
5.395735,17,1378.654192
8.446464,24,1379.273945
7.163331,21,1379.821507
7.620094,23,1380.420687
6.22855,19,1380.92349
7.1037,21,1381.457458
6.085364,19,1381.959315
6.862803,21,1382.496632
5.637421,18,1382.961309
6.735473,20,1383.473178
5.530106,17,1383.910706
6.017895,19,1384.399719
7.687922,22,1384.961773
6.730941,20,1385.51574
7.14395,21,1386.06588
5.90752,19,1386.555231
8.266875,23,1387.148442
6.746752,21,1387.685171
7.499723,20,1388.19437
7.954366,24,1388.818719
7.728655,22,1389.392923
7.030076,22,1389.963357
6.844646,21,1390.500806
3.272082,24,1391.122069
6.594915,20,1391.646077
6.101448,18,1392.094143
6.763702,22,1392.665627
5.575165,18,1393.131234
6.05967,18,1393.595922
6.35448,19,1394.09621
6.607821,20,1394.592911
8.147917,24,1395.224209
7.809555,23,1395.817748
7.556279,23,1396.426469
5.102086,16,1396.843791
6.989408,21,1397.377543
6.537776,20,1397.901926
6.216699,19,1398.404816
6.968695,22,1398.980156
4.127696,25,1399.635935
6.22216,20,1400.164561
7.841636,22,1400.733551
7.345038,23,1401.326124
6.737997,20,1401.852395
5.696809,18,1402.317812
7.615106,22,1402.889084
7.064237,21,1403.437137
6.519117,19,1403.927748
5.861606,19,1404.416052
6.194628,19,1404.916904
7.263589,22,1405.490885
7.855486,23,1406.087348
7.401538,21,1406.636114
3.964805,24,1407.239667
7.890797,23,1407.821062
3.766022,24,1408.431579
8.19926,23,1409.025187
7.258865,22,1409.59643
7.884597,22,1410.172518
8.303049,24,1410.781381
7.222101,21,1411.331736
5.822537,18,1411.810938
4.123962,26,1412.491607
6.687165,20,1413.018274
6.234368,19,1413.520987
7.23326,22,1414.075749
6.865851,21,1414.612492
8.178169,24,1415.236706
7.104429,21,1415.782385
7.155849,21,1416.333075
6.271413,19,1416.808329
6.545088,19,1417.296789
6.473465,20,1417.807335
2.667145,22,1418.372621
8.380757,24,1419.007745
6.190956,19,1419.511671
5.529305,18,1419.974976
5.972167,18,1420.436721
7.653481,22,1421.004802
4.80051,28,1421.725156
7.963189,23,1422.317261
7.106697,20,1422.838364
2.648545,22,1423.405803
7.895929,23,1424.014037
7.409307,22,1424.584203
7.315466,21,1425.117352
3.926195,26,1425.799397
5.942683,19,1426.286664
6.10889,18,1426.735792
7.100775,21,1427.29654
6.693958,20,1427.819913
7.745406,21,1428.353637
7.9378,24,1428.974578
9.450147,26,1429.638595
7.015075,21,1430.191021
5.733851,18,1438.95368
9.355426,26,1439.633212
6.720498,21,1440.20043
7.314023,21,1440.762138
6.523771,20,1441.300762
1.793166,20,1441.84514
7.367135,22,1442.42108
6.329475,19,1442.922407
2.256652,22,1443.498472
5.676801,18,1443.976654
7.422372,21,1444.524553
9.767128,28,1445.248429
2.907476,23,1445.847094
5.45418,18,1446.312125
5.094661,16,1446.742734
7.093509,21,1447.278436
8.053225,24,1447.897172
9.037704,25,1448.53643
7.912924,22,1449.092068
7.11767,21,1449.627262
6.921852,22,1450.217179
7.313841,21,1450.750336
7.869133,22,1451.320787
5.922095,19,1451.82313
7.774099,23,1452.406154
7.363448,22,1452.972227
3.328794,25,1453.609783
6.803973,20,1454.131879
7.885289,24,1454.764887
7.525216,22,1455.32129
7.686191,23,1455.926671
7.870442,23,1456.537085
8.868694,25,1457.16678
6.243195,19,1457.655325
7.888663,23,1458.236752
5.698305,18,1458.71382
6.137172,19,1459.201012
7.529141,22,1459.756406
8.245142,24,1460.389743
3.930692,26,1461.041932
8.249149,24,1461.65912
6.281425,19,1462.161083
7.458103,23,1462.741084
5.586414,18,1463.205192
8.431141,23,1463.784209
6.934314,20,1464.305887
6.200372,19,1464.805153
6.251987,20,1465.326826
8.261105,24,1465.964991
5.926982,19,1466.459501
7.092772,21,1467.009039
2.781772,22,1467.574708
5.730544,18,1468.046104
7.141306,22,1468.617432
7.13281,21,1469.168603
6.40277,20,1469.703031
7.245025,23,1470.30447
6.717309,20,1470.830644
4.683703,16,1471.222685
4.163783,26,1471.919539
8.610557,24,1472.540964
6.542603,20,1473.067359
7.968033,24,1473.676405
2.535106,22,1474.249747
7.159008,21,1474.800923
6.371991,19,1475.308018
7.295295,22,1475.878576
6.658203,21,1476.429943
6.160153,20,1476.958817
7.742449,23,1477.550602
8.765764,25,1478.205645
6.913469,20,1478.732666
7.977679,23,1479.327811
7.682204,23,1479.924232
6.410251,20,1480.452868
7.945494,23,1481.048846
8.290574,24,1481.667733
5.040852,17,1482.121044
7.183425,21,1482.654082
2.373697,22,1483.224763
7.107164,20,1483.737002
6.231719,19,1484.225044
7.84213,23,1484.823721
6.424276,19,1485.329035
5.429646,17,1485.771106
7.608892,22,1486.343742
1.57473,20,1486.858992
1.795366,20,1487.388881
7.169758,22,1487.961375
6.165549,18,1488.426175
5.25734,17,1488.87111
8.05866,24,1489.494838
7.87524,23,1490.093036
2.982749,24,1490.72222
7.963961,23,1491.319958
3.245542,24,1500.321061
2.654973,23,1500.933434
5.496673,17,1501.397396
8.239247,24,1502.061475
7.390654,21,1502.627846
5.403135,17,1503.05878
6.558935,20,1503.585237
8.269875,23,1504.184181
6.467235,20,1504.713203
8.745108,25,1505.36073
7.222306,21,1505.901831
7.453407,22,1506.462104
6.877175,21,1506.997969
6.327693,19,1507.492246
5.622927,18,1507.960493
7.939074,23,1508.560765
5.215478,17,1508.991423
7.156778,21,1509.542869
6.630015,20,1510.061307
8.018272,23,1510.650961
6.63077,20,1511.165508
6.638827,20,1511.665231
8.018949,24,1512.306842
6.900692,21,1512.855084
3.247486,24,1513.478045
5.033596,17,1513.935908
6.930452,20,1514.460465
7.109306,22,1515.033615
7.244678,20,1515.5657
8.155494,24,1516.186893
8.663869,26,1516.855158
6.335695,20,1517.368203
3.687059,25,1518.030436
6.72872,21,1518.578162
3.901715,25,1519.223284
6.392211,20,1519.753245
5.284161,17,1520.200035
8.132611,23,1520.799848
8.442555,25,1521.444048
7.817152,23,1522.058091
1.520247,19,1522.550479
6.589503,20,1523.085277
5.714241,18,1523.557786
8.230579,25,1524.219913
6.611881,20,1524.731944
7.004629,21,1525.286709
5.8348,18,1525.739988
7.925438,23,1526.327276
8.07897,24,1526.946697
6.305636,20,1527.477209
5.490732,18,1527.943141
5.310601,17,1528.372153
7.307667,22,1528.944268
7.676796,24,1529.563876
7.671642,23,1530.152169
6.8078,21,1530.693619
6.756662,20,1531.220829
4.966334,16,1531.639228
6.611828,20,1532.167818
4.318571,15,1532.560439
8.145243,23,1533.15794
7.806332,23,1533.769756
6.195614,19,1534.272386
8.046655,23,1534.873494
7.102294,21,1535.43028
7.796838,23,1536.027213
6.623457,20,1536.55603
6.135973,20,1537.08274
8.551301,24,1537.701724
8.02521,23,1538.300353
7.990236,23,1538.89969
6.672095,20,1539.424081
5.790156,19,1539.911921
7.203976,22,1540.489372
5.506371,19,1540.996267
8.648085,26,1541.66487
9.477593,27,1542.352464
7.898194,23,1542.951194
7.036556,21,1543.496781
8.983249,25,1544.152597
6.932529,21,1544.702061
7.521203,24,1545.323087
7.408582,22,1545.894595
2.638982,22,1546.465538
8.418137,25,1547.106036
6.554642,20,1547.614118
6.25113,19,1548.08941
6.160681,19,1548.578508
7.039642,21,1549.128778
6.631496,20,1549.654512
7.555911,22,1550.233574
6.601314,20,1550.757212
8.002416,23,1551.353148
7.928337,23,1551.950887
2.253733,21,1552.500858
8.121232,24,1553.120898
7.579366,23,1562.058713
5.081446,17,1562.528636
2.464545,22,1563.120097
4.759638,16,1563.563268
6.824559,21,1564.110577
8.689902,25,1564.76661
5.652277,18,1565.264641
7.121769,21,1565.832359
9.294244,26,1566.529647
6.369691,20,1567.057616
3.393066,23,1567.652182
6.500834,20,1568.190596
7.874596,24,1568.834097
6.379364,19,1569.341718
6.39493,20,1569.86983
6.264664,20,1570.38499
1.907437,21,1570.935139
6.255734,19,1571.425376
7.512647,22,1571.999107
8.660932,25,1572.639187
6.53213,20,1573.151672
6.776179,22,1573.723925
6.741447,20,1574.219833
5.753459,17,1574.674142
6.921898,21,1575.223986
6.659811,21,1575.771849
6.668283,19,1576.274378
5.386685,17,1576.71519
6.644954,20,1577.241052
6.688871,21,1577.787127
5.404076,18,1578.266579
6.858898,20,1578.776776
6.681336,21,1579.296708
5.953569,19,1579.78511
5.913485,19,1580.290932
6.408997,20,1580.817738
5.17487,17,1581.272652
7.253188,23,1581.868525
7.255113,22,1582.440686
7.307545,22,1583.000792
7.628438,22,1583.561012
7.403032,22,1584.121695
7.773073,23,1584.734015
7.55756,22,1585.309674
7.498327,22,1585.882696
5.006187,16,1586.300884
7.822075,22,1586.874197
6.897542,20,1587.39953
3.212753,24,1588.02094
7.134141,21,1588.56592
2.492732,22,1589.137905
7.625919,22,1589.707902
8.143668,24,1590.34511
6.596959,20,1590.872636
6.56868,20,1591.38254
6.806676,21,1591.931561
5.829419,18,1592.411403
2.498711,21,1592.960148
5.950617,18,1593.42571
6.639316,20,1593.942197
4.887599,17,1594.38467
6.178589,19,1594.859663
6.442865,20,1595.374883
7.200665,23,1595.970597
8.064592,24,1596.59037
6.902081,21,1597.141358
6.420875,19,1597.640551
6.789523,21,1598.187555
9.185039,27,1598.904891
6.454129,19,1599.392087
7.009717,22,1599.96451
8.290432,24,1600.600793
6.747737,19,1601.089102
8.067863,24,1601.695842
7.135766,22,1602.2683
6.270841,19,1602.750201
1.971198,21,1603.298089
7.475849,22,1603.857859
8.072664,23,1604.464655
6.979398,21,1604.995645
6.752892,21,1605.532626
7.304805,22,1606.09077
7.716176,23,1606.682683
7.7709,22,1607.253272
7.157897,21,1607.801811
5.76021,18,1608.278476
5.452621,18,1608.742457
7.803696,24,1609.375405
6.994665,21,1609.924433
6.22537,20,1610.452422
6.388001,21,1611.001766
5.389676,17,1611.458085
8.901387,26,1612.125735
6.9572,21,1612.675951
8.086537,23,1613.271726
9.024561,27,1613.976641
7.282713,22,1614.536751
7.92942,23,1615.108252
7.313306,22,1624.053836
6.90404,21,1624.604151
7.532196,22,1625.163978
6.589079,20,1625.689662
7.107216,21,1626.236611
8.290562,24,1626.855064
5.8833,18,1627.335439
7.011159,21,1627.896269
6.74496,20,1628.440187
5.859936,18,1628.93453
7.618244,22,1629.527978
7.171847,22,1630.120043
7.048391,21,1630.688716
5.878442,18,1631.169758
6.875051,21,1631.740266
1.457738,19,1632.259941
6.691042,20,1632.803139
7.595136,23,1633.419549
6.902662,20,1633.967586
8.061808,23,1634.584847
7.486424,21,1635.132757
6.959278,21,1635.683871
7.429595,22,1636.265697
7.6819,22,1636.838372
8.514167,24,1637.455766
6.976929,21,1638.00164
6.991712,21,1638.550669
7.282394,21,1639.099392
7.969994,23,1639.703671
7.193903,21,1640.223162
8.64623,26,1640.906314
7.824314,23,1641.487288
7.856726,23,1642.078971
7.404587,21,1642.625273
6.715266,20,1643.150152
8.886083,25,1643.777323
6.512513,20,1644.299747
7.372358,22,1644.858069
7.41573,22,1645.433658
6.434819,20,1645.941733
6.789779,20,1646.453977
2.984882,23,1647.066034
7.300245,22,1647.624464
7.52659,22,1648.196999
6.44078,19,1648.698133
8.415279,24,1649.318131
3.130217,24,1649.956107
8.180953,24,1650.576937
7.341583,22,1651.164635
6.544074,20,1651.67802
7.255402,22,1652.250491
6.797409,20,1652.777906
1.631508,19,1653.281269
6.466853,20,1653.809645
6.38372,20,1654.322778
7.096,21,1654.859719
6.840596,20,1655.389022
5.877544,19,1655.892108
7.380452,22,1656.471703
6.197475,19,1656.976602
7.759937,22,1657.568858
6.219333,18,1658.050498
0.985423,18,1658.531893
8.369275,23,1659.127514
5.893351,18,1659.602969
7.935237,24,1660.225035
6.449477,19,1660.72916
7.514396,22,1661.298806
8.284263,25,1661.928948
8.019946,23,1662.516317
8.510582,25,1663.158703
6.709361,20,1663.680625
6.944789,21,1664.226123
7.500289,22,1664.793694
7.261811,21,1665.34505
6.708187,20,1665.859982
5.889039,18,1666.334536
6.145666,20,1666.842553
6.095986,19,1667.342232
5.704324,18,1667.805337
1.596963,20,1668.317051
8.113121,23,1668.913281
6.366363,20,1669.424119
5.643233,18,1669.890352
6.378016,20,1670.405539
8.018749,24,1671.039329
5.938231,19,1671.544486
7.416703,22,1672.117813
6.842503,21,1672.654183
7.291834,22,1673.235659
6.320492,19,1673.72828
3.335125,24,1674.358369
8.761485,25,1675.009734
6.741576,20,1675.541403
9.006424,26,1676.215165
7.383571,21,1676.76449
7.437201,22,1685.625548
7.159639,21,1686.210433
6.730719,20,1686.758966
7.993091,23,1687.384682
6.579345,19,1687.893922
8.047201,22,1688.495478
4.402751,26,1689.205899
7.644427,22,1689.791606
5.69972,18,1690.277239
6.849098,20,1690.828395
7.137304,21,1691.401886
7.161523,20,1691.952887
5.758303,18,1692.441029
6.045953,18,1692.933434
7.208568,21,1693.469652
7.42896,21,1694.019757
7.09394,21,1694.573591
7.324149,21,1695.11072
8.144784,23,1695.711701
6.723949,19,1696.214198
6.010698,18,1696.697454
3.824271,25,1697.341832
6.395166,19,1697.846462
6.692925,20,1698.372471
6.328745,19,1698.87556
6.340482,19,1699.379516
6.826787,20,1699.906786
7.292543,21,1700.461817
7.004391,22,1701.034901
6.34442,19,1701.523448
6.96949,21,1702.045796
8.023221,22,1702.620172
6.146911,20,1703.133604
6.640603,20,1703.636159
8.439351,24,1704.257108
6.531126,20,1704.783596
5.689102,18,1705.263218
5.65547,18,1705.747365
7.06399,20,1706.262644
3.005007,22,1706.839902
7.036346,21,1707.39063
6.084796,18,1707.887571
8.403778,23,1708.494008
7.407553,22,1709.072079
6.624632,20,1709.598697
5.721566,18,1710.079199
7.066149,21,1710.638397
6.085777,19,1711.142248
6.816257,20,1711.67228
8.575324,24,1712.29401
7.982291,22,1712.852421
2.371843,21,1713.406971
6.566744,19,1713.897086
8.201222,23,1714.495934
6.410706,19,1714.997222
8.717006,24,1715.622144
7.42011,23,1716.221696
6.666133,20,1716.736854
5.672817,17,1717.194821
9.063414,25,1717.843473
7.255292,22,1718.405607
5.200645,16,1718.836854
6.633608,20,1719.365222
6.089921,19,1719.871389
6.985036,20,1720.40398
7.053678,20,1720.931727
7.196273,21,1721.481451
7.564007,22,1722.04248
2.405175,21,1722.594019
7.766237,22,1723.152299
5.986866,18,1723.630763
8.084171,23,1724.216187
8.410992,24,1724.839449
6.787854,20,1725.353271
6.411161,19,1725.860628
6.223155,19,1726.354341
5.505056,17,1726.809337
7.031986,20,1727.322193
6.673956,19,1727.824021
7.991819,23,1728.413522
3.7924,26,1729.07899
7.225254,21,1729.628767
7.416227,21,1730.17743
5.847719,18,1730.644518
6.647341,20,1731.169487
2.739305,22,1731.742921
3.028855,23,1732.339632
8.460627,24,1732.979243
6.850827,21,1733.530191
7.087383,21,1734.079949
7.364497,21,1734.630245
2.663935,21,1735.169832
6.458372,19,1735.676906
7.643482,22,1736.264948
7.786218,22,1736.840215
7.401366,21,1737.393459
6.357409,19,1737.898324
8.007128,22,1738.460946
6.683694,20,1738.987706
8.462254,23,1747.976835
7.754054,22,1748.554092
7.808061,23,1749.15296
5.541164,17,1749.596483
8.175893,23,1750.195548
7.651019,22,1750.759374
7.978733,23,1751.354354
6.57162,20,1751.879811
7.0568,20,1752.404539
7.767204,23,1753.002663
8.120946,23,1753.5998
7.526919,22,1754.173164
7.41273,22,1754.75936
7.510299,22,1755.330121
7.358988,22,1755.905047
3.160334,23,1756.498701
7.245266,21,1757.045213
6.235557,18,1757.523752
3.964998,25,1758.16261
6.554729,20,1758.685603
2.923056,23,1759.26837
8.661469,24,1759.887437
7.967488,23,1760.491374
7.632717,22,1761.070414
6.530081,19,1761.57912
4.960523,16,1762.011547
4.103071,25,1762.674362
5.004654,16,1763.122489
6.274155,19,1763.639392
8.964822,26,1764.329062
8.065012,23,1764.959369
7.149286,21,1765.535751
7.593371,21,1766.104309
7.362402,21,1766.675183
6.427735,19,1767.190573
6.829094,20,1767.716659
7.559612,21,1768.271504
6.001145,19,1768.792753
6.153943,19,1769.312954
6.59323,19,1769.830967
7.189047,21,1770.397027
8.149388,23,1770.997703
6.116362,19,1771.514344
5.242836,17,1771.980846
8.31487,25,1772.645484
6.691247,20,1773.18367
1.757407,20,1773.724034
1.790675,20,1774.262711
6.36056,19,1774.76272
7.121806,21,1775.325911
6.412647,19,1775.829321
6.782042,20,1776.362097
7.195277,21,1776.933306
7.873485,22,1777.526692
1.605668,19,1778.033671
6.079084,19,1778.554334
5.749504,18,1779.051337
8.131819,23,1779.668415
7.473426,21,1780.252704
2.563512,22,1780.836798
8.906567,24,1781.466731
0.877939,18,1781.947999
7.600527,21,1782.502068
7.514559,22,1783.086778
5.074253,16,1783.49585
6.836633,20,1784.023484
2.974841,22,1784.596917
6.229672,19,1785.112279
8.922944,26,1785.794882
2.654959,22,1786.385388
8.69623,24,1787.03178
6.665885,20,1787.577767
5.394475,17,1788.037119
5.785774,18,1788.537236
1.83438,19,1789.057395
3.08852,22,1789.651172
7.480619,22,1790.24648
7.102137,20,1790.775806
5.690923,18,1791.272463
7.481079,21,1791.862553
7.853344,22,1792.460259
2.967768,22,1793.054762
6.31182,19,1793.563634
7.708347,22,1794.150509
7.286952,21,1794.705452
6.406489,19,1795.223114
4.157767,25,1795.893369
5.903585,18,1796.38489
3.647664,24,1797.040775
7.132101,21,1797.607672
7.297358,21,1798.172039
1.938475,20,1798.713202
6.292666,19,1799.219352
8.029862,23,1799.819595
7.426337,22,1800.407899
8.0771,23,1801.032513
5.7735,18,1801.529649
8.16562,23,1802.147461
6.769877,20,1811.102518
7.412712,21,1811.680902
6.899478,20,1812.217075
7.170923,21,1812.772052
5.933731,18,1813.25622
6.583409,19,1813.769054
5.352873,17,1814.245474
8.258223,23,1814.853909
5.437982,17,1815.327492
7.138681,21,1815.888121
6.796347,20,1816.418289
6.310494,19,1816.906604
6.395316,19,1817.407772
2.140399,21,1817.954909
2.202729,21,1818.505495
5.130177,16,1818.922493
7.738589,22,1819.496223
6.881326,20,1820.021689
7.562076,22,1820.582641
6.718312,19,1821.070383
5.361869,17,1821.492881
5.442199,17,1821.92073
7.392564,21,1822.470028
2.476557,21,1823.018278
6.636901,20,1823.529193
5.2814,17,1823.970908
7.122071,21,1824.520262
7.404796,22,1825.080601
7.57574,22,1825.656794
4.621861,26,1826.33942
6.929876,21,1826.890383
8.405614,23,1827.486075
7.095104,21,1828.033549
7.173442,21,1828.570945
7.430217,21,1829.120432
3.475888,23,1829.728963
6.673518,20,1830.254669
6.594403,20,1830.786
7.974112,22,1831.344348
2.268825,21,1831.884133
6.86302,19,1832.376347
8.329612,23,1832.974172
5.96859,18,1833.454687
5.92359,18,1833.93395
6.796371,20,1834.459028
6.469636,19,1834.964893
6.677342,20,1835.491358
3.006202,23,1836.076859
6.612247,20,1836.590102
3.687395,24,1837.226219
2.865948,22,1837.811904
7.355086,22,1838.374955
4.963813,16,1838.778862
8.518976,24,1839.39937
7.540469,22,1839.985884
6.355964,19,1840.473506
6.019611,19,1840.965914
4.073831,14,1841.351312
2.404841,21,1841.900261
7.677409,22,1842.471152
5.499701,17,1842.898866
8.22588,23,1843.493381
8.573234,23,1844.09037
7.353771,21,1844.638766
7.653658,22,1845.20843
6.610877,20,1845.73741
7.339065,21,1846.287263
7.144086,21,1846.830112
6.176155,19,1847.329932
8.236343,24,1847.9385
6.355772,19,1848.408883
8.910672,25,1849.076899
7.166311,21,1849.62384
7.150856,21,1850.172218
6.923276,21,1850.72502
5.522882,18,1851.190101
8.284389,23,1851.797936
6.497699,19,1852.301233
6.805458,20,1852.812824
7.542391,22,1853.410569
6.033483,19,1853.901075
9.171376,26,1854.572
6.269789,19,1855.071285
6.742235,19,1855.565338
7.591537,23,1856.163214
7.767181,23,1856.75897
5.958412,18,1857.23866
7.295123,20,1857.767128
6.763506,20,1858.291257
2.330639,21,1858.842141
6.316513,19,1859.342672
7.53183,22,1859.928877
1.813377,20,1860.445393
6.684576,20,1860.974057
6.128813,19,1861.461478
3.283191,23,1862.057809
3.957482,25,1862.687294
5.494392,16,1863.115945
7.613474,22,1863.689952
4.156778,25,1864.337044
6.563282,20,1873.348555
7.162543,21,1873.898727
8.345135,24,1874.517949
8.407215,24,1875.135814
7.082327,21,1875.679707
8.428318,24,1876.326846
7.844352,23,1876.920258
5.809791,18,1877.382294
8.846091,25,1878.041205
6.574289,20,1878.566117
6.867006,21,1879.11272
6.167921,19,1879.599969
5.543502,18,1880.049373
7.314453,22,1880.625982
6.706925,20,1881.123763
7.324752,21,1881.669362
5.793153,17,1882.111107
7.161331,21,1882.658575
7.284666,22,1883.21611
6.551712,19,1883.705357
6.311676,19,1884.205677
7.928584,22,1884.7756
6.444518,20,1885.302199
6.600701,21,1885.854184
6.761417,20,1886.365619
5.777415,18,1886.845845
7.426945,21,1887.392348
6.657852,20,1887.918931
7.54921,21,1888.472578
6.790385,20,1888.996721
7.535306,23,1889.607106
7.132363,22,1890.167606
5.599651,18,1890.649004
6.799848,20,1891.179009
2.35776,22,1891.755072
7.985192,23,1892.351959
6.858792,20,1892.867358
7.20278,21,1893.418422
5.297695,17,1893.871417
7.353689,21,1894.420394
7.815974,22,1894.982697
6.192786,18,1895.449092
5.94056,18,1895.934925
6.71021,20,1896.444366
7.056062,21,1897.007632
7.451264,22,1897.582458
7.553102,22,1898.144923
7.149372,21,1898.667228
2.251562,21,1899.220796
8.852263,25,1899.862499
8.545522,24,1900.481373
6.525066,19,1900.987527
6.984783,21,1901.525506
4.077968,15,1901.905212
7.874614,23,1902.529415
7.337563,22,1903.086956
6.748029,20,1903.599415
8.09828,24,1904.234245
2.623012,22,1904.805661
7.27371,21,1905.33606
6.821132,20,1905.860203
6.97481,21,1906.405625
7.320497,22,1906.978692
7.695403,22,1907.549892
5.810165,18,1908.010752
9.37883,27,1908.700768
8.432344,25,1909.354584
8.356347,24,1909.969774
7.238835,22,1910.54239
6.651424,20,1911.069281
8.748209,25,1911.710986
9.42976,27,1912.417925
3.113899,23,1912.997225
3.580695,24,1913.615762
7.191393,20,1914.12501
6.83352,20,1914.649984
6.800735,19,1915.139608
7.160224,21,1915.691531
1.975702,20,1916.204553
6.377629,20,1916.718672
6.05969,19,1917.206401
8.189512,24,1917.810216
8.927735,26,1918.507663
6.67014,20,1919.006143
6.298843,19,1919.496038
7.11442,20,1920.033868
5.660765,18,1920.513948
7.359552,20,1921.042026
2.44876,21,1921.59106
5.3339,17,1922.048724
5.837133,18,1922.504877
6.601789,20,1923.037597
4.670041,27,1923.73064
7.110446,21,1924.260082
7.178584,22,1924.851188
6.170596,19,1925.355866
9.061707,25,1926.01235
7.33275,21,1935.105901
8.098854,22,1935.690042
7.009287,21,1936.227582
3.044898,23,1936.832607
3.358137,24,1937.438584
6.850635,21,1937.991811
7.057243,21,1938.543919
6.222977,20,1939.053306
8.49717,24,1939.672579
5.693312,18,1940.141955
7.016087,21,1940.695819
8.423818,23,1941.30433
7.675821,23,1941.902248
6.927712,20,1942.403343
7.519465,23,1943.002194
6.466256,20,1943.487322
8.666564,25,1944.146034
7.340893,22,1944.71335
6.974888,21,1945.260284
6.825104,21,1945.787609
6.516269,19,1946.295836
2.555086,22,1946.869275
8.424312,24,1947.493711
6.940289,20,1947.993304
5.754097,18,1948.443699
7.100813,22,1949.017668
5.833642,18,1949.47411
5.135136,17,1949.916555
7.896154,24,1950.533168
6.222877,19,1951.026094
6.693183,20,1951.542609
6.583417,20,1952.056508
8.110723,24,1952.678268
5.550558,18,1953.143517
6.154932,20,1953.661196
6.875694,20,1954.190961
7.623893,23,1954.789467
7.822024,24,1955.427142
7.527295,23,1956.032759
6.076478,19,1956.522757
6.607341,20,1957.049789
7.093526,21,1957.601412
7.432744,21,1958.168146
2.345144,21,1958.720551
7.609716,22,1959.296854
6.290738,19,1959.788816
6.87803,20,1960.303874
2.169039,21,1960.87036
1.576108,19,1961.361887
4.739461,16,1961.768939
5.275049,17,1962.214109
7.447062,23,1962.812093
5.215849,17,1963.267268
6.844119,22,1963.847323
5.946981,19,1964.351931
5.678064,18,1964.80361
6.26109,19,1965.290926
5.743006,18,1965.776147
7.811937,23,1966.388053
8.673496,24,1967.011103
7.669646,23,1967.609046
7.555005,22,1968.182922
6.630727,20,1968.700957
7.677319,22,1969.29019
8.727014,25,1969.933637
3.141417,24,1970.5559
2.252574,21,1971.105581
6.847726,21,1971.654197
7.823529,22,1972.227662
7.785464,22,1972.810813
6.19893,20,1973.335451
7.696532,22,1973.910656
8.43475,24,1974.541268
7.267582,21,1975.100462
6.913083,21,1975.638358
8.448466,25,1976.283355
6.50118,20,1976.809005
5.617895,18,1977.290553
7.832629,23,1977.887725
6.848928,20,1978.404063
6.493284,20,1978.935745
8.618098,25,1979.601731
8.845631,25,1980.250953
5.657971,18,1980.725176
7.762507,22,1981.299178
8.63385,25,1981.942593
7.947501,24,1982.57918
7.088302,21,1983.131474
7.72673,22,1983.704911
7.859697,23,1984.303192
5.139695,16,1984.72338
6.004652,19,1985.227282
2.940142,23,1985.828827
8.625436,25,1986.488583
7.175527,22,1987.062624
5.90453,18,1987.512851
6.563318,20,1988.039249
7.249505,21,1997.220674
8.878524,25,1997.853471
5.577475,18,1998.317914
8.345435,23,1998.915839
8.18151,23,1999.498707
6.798303,20,2000.023001
7.916439,22,2000.594937
8.345911,23,2001.193561
7.658594,22,2001.770013
8.201086,24,2002.388696
8.715589,25,2003.028215
6.950111,20,2003.559502
6.561815,20,2004.087014
9.711123,27,2004.765168
6.193032,19,2005.265706
6.820813,20,2005.795705
8.723266,24,2006.423453
7.702262,23,2007.020656
3.827976,24,2007.642943
7.695035,23,2008.23971
6.826451,21,2008.791053
7.4661,22,2009.366934
7.634999,22,2009.940492
2.951411,22,2010.528756
7.312271,21,2011.085465
7.141034,21,2011.636901
6.367539,19,2012.139975
5.777331,18,2012.606041
7.022554,21,2013.14586
9.00537,27,2013.842062
2.552738,21,2014.383111
5.794546,18,2014.851094
6.193838,19,2015.356923
6.099776,19,2015.865282
7.538527,23,2016.463335
7.657006,22,2017.03891
6.724686,20,2017.573785
6.796281,21,2018.125148
7.941864,24,2018.776093
7.411475,22,2019.352975
6.820961,21,2019.906536
5.942001,19,2020.396093
8.916865,26,2021.087221
6.066709,19,2021.582358
8.239043,24,2022.217632
7.769233,22,2022.781476
6.499633,20,2023.310464
5.78568,19,2023.815383
7.67106,22,2024.379176
7.54817,24,2025.01758
6.812045,21,2025.552076
5.972081,18,2026.038313
2.573384,23,2026.644581
6.6127,19,2027.149518
7.228048,21,2027.684239
3.892301,26,2028.3438
7.712928,22,2028.91982
6.319348,20,2029.435564
6.795959,20,2029.968658
7.361308,21,2030.522035
6.934318,20,2031.052876
5.780332,18,2031.51793
7.760083,23,2032.11624
5.516952,18,2032.598194
6.247365,20,2033.125607
7.031945,21,2033.674261
5.100963,17,2034.118686
7.688083,22,2034.695629
6.062424,18,2035.17652
8.102456,23,2035.766852
5.16907,17,2036.180864
3.349101,24,2036.803156
2.606192,22,2037.391423
7.12104,20,2037.917058
5.061048,16,2038.335776
6.621086,20,2038.848048
7.786925,23,2039.445345
7.46452,21,2039.993293
9.032784,26,2040.677723
6.52356,20,2041.207014
8.53066,25,2041.858027
6.249179,19,2042.335338
6.359668,19,2042.825954
7.702266,23,2043.429758
6.691099,20,2043.958793
7.038335,21,2044.511644
7.030259,21,2045.037111
5.966266,19,2045.532715
5.372362,18,2045.991942
8.719057,25,2046.65183
7.840348,24,2047.262468
6.65061,20,2047.769056
7.15264,21,2048.311762
2.531977,21,2048.878294
6.821492,20,2049.407846
6.532175,19,2049.899146
6.699865,20,2059.034837
6.969584,22,2059.611813
7.03509,22,2060.173125
7.178196,22,2060.740211
8.258599,24,2061.392166
5.801549,19,2061.882257
6.088516,20,2062.393746
5.859697,19,2062.898423
7.023453,21,2063.439696
7.631604,23,2064.05015
7.198478,22,2064.613803
8.778671,25,2065.260906
6.829487,21,2065.815376
7.43835,22,2066.376659
5.536963,18,2066.843158
6.318409,20,2067.356311
9.003351,25,2068.016807
2.499794,23,2068.616473
6.822679,21,2069.154295
7.816056,23,2069.753772
8.023993,24,2070.375327
7.649641,22,2070.95532
7.027645,21,2071.507736
7.206677,23,2072.108442
7.186078,22,2072.686381
6.925451,21,2073.237295
7.91702,23,2073.82492
5.990006,19,2074.332957
5.546866,18,2074.816179
6.510281,21,2075.358094
7.955603,23,2075.964863
3.401058,24,2076.582284
6.885132,21,2077.135641
6.457383,20,2077.665547
6.190354,19,2078.172033
7.76167,24,2078.800557
7.872284,23,2079.389314
2.888205,24,2080.001156
8.792919,27,2080.713805
6.995835,21,2081.270282
6.601212,20,2081.786579
5.812197,19,2082.289828
8.429884,25,2082.936984
8.424761,25,2083.611792
7.168253,22,2084.189063
7.647638,22,2084.769463
6.373212,20,2085.297135
6.792425,21,2085.843642
2.975315,24,2086.481519
7.302348,21,2087.01641
7.808271,24,2087.639168
7.482482,22,2088.217293
5.370531,17,2088.681146
6.742003,21,2089.217891
8.872809,26,2089.911902
6.317971,20,2090.458219
7.073794,21,2091.023548
6.368098,19,2091.528218
6.379923,20,2092.029124
5.20313,16,2092.449156
7.288152,21,2092.971288
5.863539,19,2093.487236
8.308092,23,2094.084604
5.868556,18,2094.54904
7.73949,23,2095.157528
7.562691,22,2095.714898
6.723922,21,2096.254734
6.848241,21,2096.794373
6.472042,20,2097.307227
7.031707,21,2097.86385
6.330842,20,2098.395107
8.051511,24,2099.019868
5.82574,18,2099.502116
2.334882,22,2100.069221
6.446035,20,2100.601647
6.698948,21,2101.160676
5.502072,18,2101.631394
5.072567,17,2102.089958
7.753508,23,2102.676751
3.617553,25,2103.325731
7.889035,24,2103.955719
6.328132,19,2104.424904
1.819379,21,2104.961725
7.610876,23,2105.576801
0.495713,18,2106.038582
7.447226,23,2106.639729
7.298868,22,2107.21621
5.462572,18,2107.673468
7.865892,24,2108.300677
7.448399,22,2108.877048
8.027822,24,2109.501109
8.356997,23,2110.089224
4.346058,26,2110.782259
8.255288,24,2111.407712
8.628189,25,2112.044766
7.434898,21,2121.212831
6.471488,20,2121.764576
7.683353,23,2122.364504
8.101545,25,2123.013116
7.158555,22,2123.589686
7.220815,22,2124.179783
7.034431,22,2124.754565
6.369765,20,2125.277387
8.663512,25,2125.92784
7.921981,23,2126.528466
7.408103,23,2127.14048
6.448277,20,2127.668914
8.305471,26,2128.340218
7.862413,23,2128.93861
8.155099,25,2129.566272
7.809542,23,2130.163385
6.864576,21,2130.702771
5.750307,19,2131.21315
7.637778,23,2131.811355
7.748642,23,2132.411931
7.805641,23,2133.016611
7.903814,23,2133.616305
6.580794,20,2134.142651
7.195268,23,2134.743523
9.007232,27,2135.427344
7.399754,23,2136.028881
8.70953,27,2136.722302
9.710088,30,2137.501709
7.012975,22,2138.079002
6.976718,22,2138.655961
8.411604,27,2139.349321
6.225113,20,2139.879882
7.869081,25,2140.526894
7.327355,23,2141.118557
8.197682,25,2141.763342
8.143003,25,2142.41024
5.234461,18,2142.87916
8.489642,25,2143.54679
8.638212,25,2144.191274
6.254396,20,2144.704909
6.271192,20,2145.22612
5.295571,18,2145.679698
7.911343,24,2146.301707
6.908164,21,2146.842633
8.370735,24,2147.467445
7.085479,21,2148.006454
6.565614,20,2148.52318
8.49273,25,2149.155589
8.241819,24,2149.795431
6.625385,20,2150.312557
7.379652,22,2150.888428
6.610669,20,2151.403481
1.741012,20,2151.935226
4.034447,28,2152.650737
6.551016,21,2153.210929
6.106165,19,2153.725354
8.919815,28,2154.457476
5.993534,19,2154.938999
7.832528,24,2155.556463
6.207761,19,2156.058546
6.386156,20,2156.587314
6.42508,20,2157.115708
2.777523,24,2157.74668
6.550357,20,2158.256542
7.469758,22,2158.816347
7.555306,23,2159.416317
7.786973,24,2160.02146
6.808886,20,2160.547419
9.703098,27,2161.241013
6.544424,20,2161.766235
7.493177,23,2162.365297
6.476646,20,2162.889549
6.664849,22,2163.453327
6.354111,20,2163.973469
9.194058,27,2164.666742
3.11672,24,2165.291748
6.057885,19,2165.799513
4.156978,27,2166.510208
7.216009,22,2167.087354
8.251786,25,2167.722358
5.848626,19,2168.228274
2.4401,22,2168.806737
6.289795,20,2169.334486
8.389046,25,2169.981144
7.215972,22,2170.557244
5.2847,17,2171.018557
1.540151,20,2171.533511
6.198181,20,2172.034042
6.713536,20,2172.53577
7.318402,22,2173.111087
7.129609,21,2173.66462
6.859392,22,2182.959453
3.55048,25,2183.593439
7.683608,23,2184.193598
7.968736,24,2184.816164
6.501267,20,2185.318153
8.242937,24,2185.931924
6.13915,20,2186.446528
7.487984,23,2187.043496
7.942066,25,2187.691856
7.78494,23,2188.292145
7.712284,23,2188.895216
7.156179,22,2189.466933
5.16901,18,2189.94445
9.509157,29,2190.695349
8.477082,26,2191.380759
5.880064,19,2191.869678
6.699456,20,2192.410583
3.162377,24,2193.031499
7.402088,23,2193.624038
2.566129,23,2194.230354
7.546566,23,2194.838561
6.901517,21,2195.37252
8.14454,24,2195.981544
7.661297,23,2196.580636
7.239523,22,2197.139345
7.116877,21,2197.693313
7.234105,22,2198.268255
8.239212,25,2198.912911
6.597441,21,2199.463284
6.2339,20,2199.992657
7.506354,23,2200.565544
6.224377,20,2201.084765
7.033386,21,2201.636248
5.46554,18,2202.103612
5.553744,18,2202.582531
7.604054,23,2203.183124
7.613237,23,2203.770531
8.318683,26,2204.456207
6.962516,21,2204.995641
6.246082,20,2205.510709
7.29633,23,2206.116304
9.057864,27,2206.806755
6.553343,20,2207.33567
7.039489,22,2207.912287
8.271579,25,2208.559893
5.224879,18,2209.043573
8.481278,25,2209.690274
7.18148,23,2210.278521
6.966352,22,2210.853937
9.662341,29,2211.612491
5.975871,19,2212.133596
7.209552,23,2212.747976
7.681775,24,2213.372268
8.500455,25,2214.017241
7.940156,24,2214.644805
9.394252,27,2215.339642
3.251831,24,2215.966809
7.479879,22,2216.555687
6.899897,22,2217.116438
5.683347,18,2217.575129
6.915353,21,2218.115018
7.076613,22,2218.710073
4.616084,16,2219.128908
8.016709,23,2219.735467
3.337845,24,2220.357215
7.84599,24,2221.000965
2.877327,23,2221.597016
7.427533,23,2222.195915
7.75505,24,2222.812861
5.758598,19,2223.288663
6.801807,21,2223.842787
7.273421,22,2224.415119
9.047317,27,2225.119976
2.522006,23,2225.706244
6.531704,21,2226.246441
7.49004,24,2226.885679
7.367613,23,2227.504961
7.783971,23,2228.099942
6.181414,19,2228.587602
3.651993,27,2229.293966
3.3532,25,2229.939763
7.203621,22,2230.515119
7.586355,22,2231.092219
7.610216,24,2231.714613
7.927148,24,2232.335173
7.570001,24,2232.97221
7.730974,23,2233.569315
7.656989,24,2234.192852
6.696112,20,2234.719641
5.880284,19,2235.208709
4.019572,28,2235.943659
6.217398,20,2245.207011
8.006428,25,2245.855405
3.271963,24,2246.482376
6.390574,20,2247.008508
7.660879,24,2247.627967
7.393789,23,2248.225336
2.695729,23,2248.823694
8.557121,26,2249.476202
6.590148,21,2250.024472
9.107227,27,2250.730663
6.615321,21,2251.285247
7.941028,24,2251.906974
7.536671,23,2252.505646
6.190658,20,2253.029615
7.106912,22,2253.601136
7.169993,22,2254.177369
8.071699,25,2254.842698
6.325838,20,2255.374339
6.801784,21,2255.911627
8.491726,25,2256.562787
8.488704,25,2257.207641
9.239514,27,2257.913725
7.564357,23,2258.493514
5.355149,18,2258.957037
9.523483,27,2259.635868
6.896668,22,2260.20483
7.357018,23,2260.796773
7.553513,23,2261.399067
7.903436,24,2262.014465
8.302784,25,2262.669569
8.619832,26,2263.353553
5.792285,19,2263.81273
7.777876,24,2264.44846
6.983387,21,2264.98617
7.941998,24,2265.620856
6.350004,20,2266.121001
4.271818,28,2266.837157
8.611177,25,2267.47934
6.921144,22,2268.047742
7.860736,24,2268.665942
8.597954,27,2269.356688
6.272943,20,2269.87407
8.128673,25,2270.554716
2.822314,24,2271.194676
7.88565,23,2271.801025
6.118939,20,2272.311635
8.247636,25,2272.96776
7.139735,21,2273.518489
7.860097,24,2274.139625
7.134557,21,2274.68824
7.710418,24,2275.305804
5.880765,19,2275.809148
7.517364,24,2276.417188
6.431315,20,2276.941953
6.752578,21,2277.482065
6.181638,19,2277.958162
6.732153,22,2278.533076
3.798565,28,2279.26369
7.483132,23,2279.842529
7.116441,22,2280.402591
3.031212,24,2281.038986
6.721982,21,2281.558937
7.595778,23,2282.156077
8.261025,25,2282.799874
6.451674,20,2283.312671
7.033019,21,2283.837559
6.093345,20,2284.3479
7.869657,24,2284.980881
6.298423,20,2285.478971
7.4819,23,2286.050414
3.522101,27,2286.736182
8.542486,26,2287.401277
2.540372,23,2287.998497
5.177,17,2288.42271
9.975708,29,2289.173128
5.430795,31,2289.943206
7.630647,24,2290.559701
7.739083,24,2291.180522
2.70633,23,2291.761531
7.275484,23,2292.3453
5.73398,19,2292.835294
8.973136,26,2293.499348
5.391817,18,2293.978904
7.951975,25,2294.620537
5.444145,18,2295.098509
5.235693,17,2295.540024
9.595762,30,2296.318934
8.220827,25,2296.962454
9.560715,28,2297.691177
8.816397,27,2307.173927
6.645369,22,2307.777354
7.856386,25,2308.4238
6.471768,20,2308.922403
8.136552,26,2309.589038
5.698793,18,2310.053253
3.325408,25,2310.699508
8.566047,26,2311.372132
8.11643,25,2312.029652
3.202584,24,2312.653548
8.165896,25,2313.297997
6.697422,21,2313.850144
7.807171,24,2314.467148
2.477961,23,2315.0643
7.085261,22,2315.642056
7.154256,22,2316.205872
2.04772,22,2316.766293
6.668474,22,2317.339772
2.132303,23,2317.923014
7.822141,24,2318.545923
6.123732,20,2319.055398
4.911666,17,2319.509734
6.914774,22,2320.083797
7.323656,22,2320.644006
5.493857,18,2321.119998
7.538334,23,2321.717821
7.180896,23,2322.312268
8.254217,25,2322.944828
7.091742,23,2323.526842
9.373124,27,2324.210613
7.752637,24,2324.858403
5.265362,17,2325.285336
7.656068,23,2325.879533
6.74998,21,2326.43554
7.481736,24,2327.078573
6.265341,20,2327.617575
7.163156,22,2328.20375
7.429509,23,2328.784676
7.625998,23,2329.381128
7.449371,23,2329.964504
8.356865,25,2330.608261
7.902742,23,2331.208483
6.911098,22,2331.784586
6.537632,21,2332.334595
6.709308,21,2332.884022
8.940303,28,2333.589221
7.715102,24,2334.214371
6.068723,19,2334.720303
7.164759,22,2335.2958
4.105119,27,2335.980021
2.934672,24,2336.605229
8.858313,27,2337.28346
6.312133,20,2337.815472
3.779287,26,2338.48672
5.735348,19,2338.978944
7.493958,23,2339.565635
5.779027,19,2340.056501
6.650166,21,2340.593012
6.938287,22,2341.172248
8.271773,25,2341.819379
7.182674,23,2342.408135
6.252972,20,2342.935473
3.983701,27,2343.634181
8.58997,26,2344.319298
7.371901,23,2344.916479
7.432021,23,2345.503383
6.133111,20,2346.00718
8.03647,24,2346.644536
7.310465,22,2347.20704
6.485739,21,2347.756536
2.458661,23,2348.356575
6.185773,20,2348.889343
3.899256,26,2349.55838
2.306319,22,2350.135392
9.343503,27,2350.827742
7.228163,22,2351.40561
7.484658,24,2352.04369
6.586456,21,2352.594923
6.664057,21,2353.159447
5.832165,19,2353.663143
6.685752,20,2354.194018
6.655123,22,2354.799755
6.762883,21,2355.353362
7.288777,23,2355.959095
8.314544,25,2356.605908
8.173357,25,2357.252237
7.826625,24,2357.876449
8.659601,26,2358.548202
6.370587,20,2359.07656
8.28144,24,2359.696954
6.172529,20,2369.234432
8.859073,27,2369.930528
6.748573,21,2370.480345
7.955787,26,2371.164551
7.598333,23,2371.770959
5.962719,19,2372.263839
7.904703,24,2372.874469
7.573617,23,2373.460329
4.74331,29,2374.204563
7.499092,23,2374.806926
7.917245,25,2375.455826
6.358201,21,2375.99679
3.999715,27,2376.710291
6.573796,21,2377.2679
3.079657,25,2377.919084
3.237882,24,2378.542526
6.503179,21,2379.101637
6.992436,23,2379.708409
7.964453,25,2380.354379
6.105632,20,2380.866691
5.118372,17,2381.313099
4.672363,28,2382.032517
8.000493,25,2382.67819
7.554895,24,2383.301903
8.317057,25,2383.957529
7.565236,24,2384.579926
6.108356,20,2385.089019
7.564168,23,2385.685718
7.264624,22,2386.280611
8.579103,27,2387.012565
7.502381,23,2387.610153
6.197777,20,2388.129026
7.355091,23,2388.729954
6.496801,21,2389.278697
8.028513,25,2389.908777
6.757793,22,2390.483008
6.599971,21,2391.034664
7.035896,21,2391.570522
2.311822,22,2392.14355
10.224719,30,2392.906725
6.973724,22,2393.480011
6.533061,21,2394.017145
7.729607,23,2394.615654
9.052675,27,2395.305728
7.58975,25,2395.938677
2.175763,22,2396.51533
7.272639,22,2397.087779
7.130656,22,2397.664787
6.412365,21,2398.199331
6.516423,21,2398.737209
7.491487,24,2399.359264
6.466846,20,2399.857565
6.563883,21,2400.409781
7.412417,23,2400.995127
7.222283,22,2401.571226
6.08214,20,2402.097198
6.796681,22,2402.671396
7.589973,24,2403.292685
6.112039,20,2403.805804
5.674713,19,2404.295155
8.703778,25,2404.942426
7.790085,24,2405.548304
6.246893,20,2406.079009
6.824484,21,2406.620276
2.07426,22,2407.18797
5.720378,19,2407.693454
8.499871,26,2408.363147
4.68154,28,2409.109366
2.906918,24,2409.718937
7.076121,22,2410.280964
9.570559,28,2410.982895
6.366392,20,2411.501933
6.894514,22,2412.079044
7.508957,23,2412.667667
7.716578,24,2413.293597
7.923395,25,2413.931255
8.815355,28,2414.652852
6.615003,21,2415.206392
7.37518,23,2415.804438
8.20489,25,2416.457922
6.671284,22,2417.032097
7.209166,23,2417.629544
2.83263,24,2418.240015
8.390865,25,2418.885633
7.806243,24,2419.494578
8.61027,26,2420.17769
9.212785,27,2420.858186
7.28704,24,2421.490525
7.276794,23,2431.147547
7.334968,23,2431.76426
7.352758,22,2432.336336
8.698074,26,2433.014003
6.970121,22,2433.569758
7.66525,23,2434.162991
7.432017,23,2434.770164
8.009658,24,2435.396604
6.629267,21,2435.953226
6.033506,19,2436.458773
8.042288,25,2437.108414
8.357381,25,2437.758013
2.586383,23,2438.367074
6.388637,20,2438.886135
7.421598,23,2439.494162
3.008876,24,2440.141528
7.330854,23,2440.765991
7.904196,24,2441.418833
6.448282,21,2441.943856
4.400811,28,2442.668559
7.787616,24,2443.296265
7.314944,23,2443.915613
6.830792,22,2444.510898
3.120364,24,2445.166106
2.977998,24,2445.78169
6.423241,21,2446.337787
8.272265,25,2447.019445
7.148742,22,2447.606415
3.698705,25,2448.257435
6.205102,20,2448.786346
7.380305,23,2449.384918
8.40969,26,2450.061524
6.173669,20,2450.590571
7.668584,23,2451.18611
7.21115,23,2451.770304
9.278986,30,2452.547269
8.668144,27,2453.260568
5.966906,19,2453.754087
8.743272,26,2454.427143
8.573416,26,2455.108469
6.747927,21,2455.660391
7.895478,25,2456.313272
7.15302,22,2456.882812
6.987244,22,2457.45481
9.216099,27,2458.147035
3.160788,25,2458.788043
7.969973,24,2459.406482
8.293621,24,2460.026204
8.284074,24,2460.646647
7.531216,23,2461.231722
2.343837,23,2461.813629
7.167764,22,2462.385922
6.59473,20,2462.911096
6.263603,20,2463.423817
6.781389,21,2463.975759
7.504046,22,2464.534417
7.448658,22,2465.106999
8.534344,26,2465.777348
6.794133,22,2466.369686
8.266395,24,2466.979565
3.363687,26,2467.676731
4.913736,17,2468.118071
8.615377,26,2468.788676
2.29489,23,2469.388347
7.503488,24,2470.032481
5.586735,19,2470.507256
8.499983,26,2471.178968
8.239519,25,2471.826312
6.785565,21,2472.363713
7.468881,23,2472.950017
8.218459,25,2473.602232
6.398085,21,2474.153481
8.857679,26,2474.82783
7.528752,22,2475.399707
5.484693,18,2475.856029
3.564295,25,2476.519242
7.917381,23,2477.117803
8.633904,26,2477.776432
7.197891,22,2478.339437
8.191755,24,2478.969389
4.590348,16,2479.402958
8.452973,27,2480.099783
5.610793,19,2480.604448
8.27955,25,2481.255748
6.230213,20,2481.777463
7.789583,23,2482.349503
1.70363,21,2482.899123
6.586248,21,2483.454058
8.607851,26,2484.146018
6.582094,20,2493.709353
7.58653,23,2494.324226
5.88614,19,2494.813012
6.762807,21,2495.361239
6.742023,21,2495.899019
7.942811,24,2496.537103
7.863227,23,2497.135247
7.750642,23,2497.73244
7.912808,24,2498.35083
7.844188,23,2498.954417
7.698347,24,2499.578644
5.934806,19,2500.072171
5.760193,19,2500.578247
7.544586,24,2501.195489
6.493605,21,2501.751802
7.955123,24,2502.376045
2.710518,23,2502.979161
8.524808,26,2503.650865
8.273922,25,2504.304861
7.924118,24,2504.930516
2.237342,22,2505.485482
8.283702,26,2506.158067
7.47561,23,2506.773217
6.781552,21,2507.299871
8.831619,25,2507.952174
1.775792,21,2508.495316
6.932682,21,2509.051484
7.778567,23,2509.667289
7.648733,23,2510.267462
5.836527,19,2510.774456
8.699163,25,2511.431577
8.033423,24,2512.05462
1.769692,21,2512.609946
6.013401,19,2513.102228
6.857512,21,2513.655975
6.223641,20,2514.185545
9.21149,27,2514.88281
8.993054,26,2515.565872
6.206719,19,2516.054554
7.974464,24,2516.669141
7.71563,23,2517.26623
2.095399,21,2517.804326
7.897038,24,2518.423951
6.267618,20,2518.93873
8.227388,24,2519.558148
7.487172,23,2520.15245
4.211967,27,2520.855679
2.985078,24,2521.493821
5.124939,17,2521.935352
6.875833,21,2522.48312
7.34789,21,2523.034089
3.620084,25,2523.679032
7.772676,23,2524.277706
6.467735,20,2524.790247
7.972197,24,2525.41279
2.643027,23,2526.009357
2.311913,23,2526.617352
6.366199,20,2527.147557
7.265618,22,2527.724548
2.803355,23,2528.322743
7.396594,23,2528.903953
8.749476,26,2529.581218
7.531158,22,2530.145636
6.270272,20,2530.659954
6.505301,20,2531.177044
6.35961,19,2531.683986
7.823788,24,2532.306868
7.096878,21,2532.84598
7.46132,23,2533.444189
7.367639,22,2534.008175
7.175521,22,2534.582402
8.027602,24,2535.206268
7.258888,23,2535.794514
2.87312,23,2536.401149
6.781906,21,2536.944528
7.520959,23,2537.562134
6.648765,20,2538.077082
7.600342,24,2538.690416
6.245938,19,2539.17324
7.455865,23,2539.765034
6.902066,22,2540.327912
8.574721,26,2541.016271
7.171784,22,2541.59908
6.822248,21,2542.13987
6.846196,22,2542.718941
8.383646,25,2543.373791
7.902867,24,2543.990115
6.704646,21,2544.546675
3.672512,25,2545.196671
7.823529,24,2545.82088
8.243894,24,2546.451632
8.265003,24,2556.040275
8.565611,26,2556.734161
7.336584,22,2557.308882
7.424528,22,2557.887069
5.278991,18,2558.355374
6.780388,21,2558.925313
5.203353,17,2559.353615
7.240328,23,2559.957026
6.249243,20,2560.510237
8.200377,25,2561.207378
6.631326,21,2561.777918
6.159427,20,2562.343211
3.308715,25,2563.017136
7.963466,25,2563.694252
6.779267,22,2564.278035
6.974308,21,2564.801593
8.254457,24,2565.452536
7.089972,22,2566.027422
2.759201,24,2566.657012
3.189973,24,2567.294381
8.204251,24,2567.929089
6.092774,19,2568.433408
6.332851,20,2568.973345
8.029282,24,2569.587604
6.248273,20,2570.102505
7.968168,25,2570.74946
7.037047,22,2571.327738
6.706947,21,2571.87735
7.860305,24,2572.499208
6.574464,21,2573.050908
7.447063,23,2573.648156
6.2264,20,2574.164807
7.594102,23,2574.760774
5.853866,19,2575.250577
7.915878,24,2575.857649
5.526403,18,2576.325365
2.458001,22,2576.900858
6.817208,21,2577.439808
7.525449,23,2578.041641
7.685968,24,2578.664694
7.838855,23,2579.271404
7.209713,21,2579.800725
6.01956,19,2580.303307
7.152811,22,2580.876095
7.949386,24,2581.499536
7.060947,23,2582.10978
7.696211,23,2582.691179
7.834829,23,2583.270859
7.464921,24,2583.894852
5.51582,18,2584.373496
8.365551,25,2585.015259
8.05413,24,2585.630357
9.5806,27,2586.347512
6.873388,22,2586.91779
7.127727,22,2587.474568
7.785102,23,2588.068148
6.806831,21,2588.601415
5.37661,18,2589.063552
7.058723,21,2589.610543
6.22465,20,2590.134703
7.105724,21,2590.683722
6.435643,20,2591.197389
9.089373,27,2591.901479
6.761009,21,2592.436969
8.890111,28,2593.168174
6.895154,22,2593.742108
7.220047,23,2594.324916
8.460728,25,2594.969869
7.358869,23,2595.567375
6.926293,22,2596.143466
8.140987,24,2596.767338
7.452403,23,2597.352279
7.673765,23,2597.945441
8.51471,26,2598.626102
2.652332,24,2599.235652
8.524243,26,2599.916979
8.435836,25,2600.560987
7.914327,24,2601.181043
6.420103,20,2601.709128
7.381914,23,2602.290861
7.281308,23,2602.896849
5.93871,19,2603.40199
6.611821,21,2603.960418
8.126754,25,2604.605648
6.638637,21,2605.154035
6.933648,21,2605.705631
7.214178,22,2606.282593
7.417351,22,2606.85895
6.347755,20,2607.373676
6.332303,20,2607.88427
7.439339,23,2608.484577
7.996939,25,2609.145342
7.038843,22,2618.728815
8.753369,25,2619.374448
7.294651,22,2619.944649
7.344796,22,2620.531578
8.594391,25,2621.17385
5.424735,19,2621.670913
6.698464,21,2622.194665
7.279803,23,2622.781377
7.320694,23,2623.377841
7.305002,22,2623.963275
3.402607,25,2624.6088
7.15379,22,2625.185412
6.358598,20,2625.699671
6.774261,21,2626.243144
7.746626,24,2626.867708
8.67971,26,2627.540427
7.040488,21,2628.093483
3.339304,24,2628.71795
6.968071,21,2629.271832
6.553882,21,2629.826214
7.000619,22,2630.40194
7.845707,23,2631.001393
6.4467,21,2631.555291
5.999099,19,2632.052185
7.15935,23,2632.63629
8.076503,25,2633.30035
7.974673,23,2633.90052
7.408272,22,2634.467067
7.205307,22,2635.046643
7.709143,23,2635.64475
6.672203,21,2636.200574
7.330469,22,2636.768592
7.267721,22,2637.345553
7.055747,22,2637.908686
7.635639,23,2638.508826
7.44851,23,2639.111013
8.501773,24,2639.736259
7.494751,23,2640.336203
7.943819,24,2640.972444
7.229464,23,2641.564199
6.669523,21,2642.107075
7.388263,22,2642.683082
6.627331,21,2643.220814
7.364968,24,2643.854326
3.727134,25,2644.51525
6.866158,21,2645.055038
6.826584,21,2645.611476
8.782045,26,2646.29632
7.156545,22,2646.863158
6.237803,20,2647.379149
6.62854,21,2647.91749
6.963986,21,2648.460397
6.409482,20,2648.991244
8.536781,25,2649.638682
7.601837,23,2650.223851
7.19651,22,2650.789551
7.174901,22,2651.368506
7.524595,23,2651.967512
7.167962,23,2652.579422
7.663326,24,2653.192805
6.302878,20,2653.70732
8.651344,27,2654.414445
7.442026,24,2655.039794
7.684053,23,2655.639673
8.532668,25,2656.294677
5.418268,18,2656.776057
5.375318,18,2657.241728
7.401934,23,2657.833299
7.009778,22,2658.395645
6.932522,22,2658.956647
7.539273,23,2659.559154
8.00731,24,2660.183018
6.405086,20,2660.71628
5.73705,19,2661.209367
7.114176,22,2661.788309
7.520753,23,2662.386906
2.523772,22,2662.963032
8.112413,24,2663.580782
7.669832,24,2664.19059
7.411086,23,2664.782905
7.215799,22,2665.367124
7.254005,22,2665.94524
6.628741,21,2666.48802
8.183798,27,2667.201933
6.302675,20,2667.721884
7.039141,21,2668.262251
7.550618,23,2668.867881
5.872736,19,2669.367191
7.698218,23,2669.957947
6.999221,22,2670.538529
7.269292,23,2671.126402
4.974424,17,2671.57279
2.932198,24,2681.191822
7.661116,23,2681.800014
7.351308,23,2682.402502
7.233994,23,2683.008654
8.281131,25,2683.658865
6.798101,22,2684.242501
3.061193,25,2684.889691
6.643143,21,2685.447494
2.58435,23,2686.047222
6.440167,20,2686.601954
8.853017,26,2687.298177
5.303344,18,2687.770225
6.421344,21,2688.349408
6.707169,21,2688.929645
9.11004,27,2689.655041
5.551285,19,2690.18868
7.966512,25,2690.854876
6.750061,21,2691.403382
7.447094,25,2692.039351
8.128468,24,2692.681445
8.25461,25,2693.328931
7.82712,24,2693.933341
7.547264,25,2694.566064
8.066765,25,2695.200771
7.003113,23,2695.799009
6.926688,22,2696.363013
1.586366,21,2696.916184
6.200985,21,2697.45352
6.983299,22,2698.021055
5.840226,19,2698.527731
8.706473,27,2699.227416
6.472334,22,2699.801526
7.209368,22,2700.364064
7.176696,23,2700.953127
7.18485,23,2701.590084
6.749732,22,2702.15888
7.823547,23,2702.743237
6.900222,21,2703.289945
7.970987,24,2703.928441
6.455688,20,2704.455579
7.421085,23,2705.068781
8.460307,26,2705.754618
5.34526,18,2706.222279
9.052114,27,2706.9155
8.810891,27,2707.611908
8.150595,25,2708.245859
6.665086,21,2708.779052
7.498852,23,2709.365396
7.095518,23,2709.971166
7.082448,23,2710.576822
6.610783,22,2711.153317
7.532615,24,2711.795805
6.719343,21,2712.338031
2.454692,23,2712.937411
7.382226,23,2713.538915
5.555018,19,2714.026575
5.881229,19,2714.51849
2.562236,23,2715.156649
6.15252,20,2715.691216
4.636613,16,2716.099346
8.846695,27,2716.817415
6.60639,21,2717.368369
7.837311,24,2717.993617
7.436469,23,2718.594194
6.678953,21,2719.15115
7.338155,23,2719.753329
2.199501,23,2720.368593
7.840989,24,2721.012613
9.206763,27,2721.710565
7.893732,24,2722.331682
8.530529,26,2723.01246
2.167227,22,2723.563369
7.814631,24,2724.185656
7.506957,23,2724.785128
7.826413,24,2725.407321
7.876727,25,2726.039083
6.931449,22,2726.618887
7.846546,24,2727.226094
7.515181,23,2727.824965
4.304361,15,2728.20831
3.336659,25,2728.87046
7.343964,22,2729.448701
7.784603,23,2730.05132
7.608346,25,2730.702981
6.204,20,2731.219542
7.561218,24,2731.835516
7.792586,24,2732.460127
3.260712,25,2733.112112
7.47706,23,2733.722774
5.384829,18,2743.295604
1.480677,20,2743.826419
9.073963,26,2744.498691
6.811752,21,2745.053761
5.646751,18,2745.523235
6.650308,21,2746.072889
8.015243,24,2746.700188
8.247418,25,2747.346841
8.891042,25,2747.99526
8.24545,25,2748.627231
7.983642,24,2749.253115
7.793116,23,2749.850407
9.710623,27,2750.557175
8.3979,24,2751.163637
2.849536,23,2751.769981
7.704554,23,2752.360466
8.516576,25,2753.007432
7.522372,23,2753.58094
7.774389,24,2754.207452
6.262102,20,2754.710693
6.925681,22,2755.287927
6.727523,21,2755.827062
8.180106,24,2756.457231
7.698455,23,2757.058154
8.167797,25,2757.721626
8.444377,25,2758.378884
8.049294,23,2758.98459
8.700888,26,2759.667435
6.719156,21,2760.213914
5.600685,18,2760.68093
6.843504,21,2761.231514
8.691981,26,2761.902148
6.309955,20,2762.450295
6.910222,22,2763.049435
7.218489,22,2763.678888
7.680331,23,2764.320007
3.778759,25,2764.964179
7.698647,24,2765.598193
7.361616,23,2766.186412
1.974994,21,2766.730692
7.629181,23,2767.314631
4.594525,27,2767.995695
8.560442,25,2768.629498
8.034516,25,2769.281355
8.955993,26,2769.971161
6.647604,20,2770.487339
7.11143,22,2771.049919
6.472132,21,2771.620547
5.835714,19,2772.128649
7.046545,22,2772.692256
6.993616,21,2773.24406
6.269278,20,2773.759424
7.197217,22,2774.32403
6.781283,21,2774.874004
2.941555,24,2775.483341
5.516183,18,2775.936023
8.477187,25,2776.601079
7.045693,22,2777.197377
6.741902,21,2777.766105
7.7203,24,2778.407017
6.94115,21,2778.974712
9.057061,27,2779.66691
4.687588,30,2780.446488
7.258682,22,2781.006215
8.312541,25,2781.670104
5.967839,19,2782.143481
7.406714,23,2782.744776
7.065248,21,2783.28085
8.663595,26,2783.958745
5.910093,19,2784.434533
6.384789,20,2784.961153
8.922159,27,2785.652004
5.633079,19,2786.140592
7.492071,23,2786.741143
7.795784,24,2787.359757
5.425557,18,2787.838023
6.906373,22,2788.407397
5.798133,19,2788.895976
7.104504,22,2789.457172
8.405299,25,2790.100141
7.52168,23,2790.698129
8.595632,25,2791.343779
8.611837,25,2791.991676
8.064332,24,2792.597327
6.382692,20,2793.107045
7.385073,23,2793.730053
6.318047,20,2794.248872
7.329704,23,2794.84471
5.420237,18,2795.320202
6.894493,21,2795.867068
8.457816,25,2796.515084
2.557816,23,2806.138137
3.664815,25,2806.792467
6.843601,21,2807.343095
7.536494,23,2807.942234
7.389572,23,2808.542521
7.008547,21,2809.091394
6.928872,21,2809.640769
9.250586,27,2810.349275
7.803065,24,2810.969424
5.927141,19,2811.475204
7.110625,22,2812.046295
8.695368,26,2812.725177
7.167597,22,2813.296761
2.530137,23,2813.898311
7.895563,23,2814.507644
7.734141,23,2815.105958
7.931331,23,2815.703333
7.238999,21,2816.253803
7.242158,22,2816.827624
6.479978,21,2817.36019
9.172073,27,2818.079821
7.466081,23,2818.671106
6.191155,19,2819.157717
3.130738,24,2819.776136
6.178738,20,2820.290505
4.106699,26,2820.974563
7.363407,23,2821.572603
7.514185,22,2822.145467
7.765982,24,2822.753024
7.161859,22,2823.312134
2.50349,22,2823.871635
6.183037,19,2824.359565
7.427334,23,2824.956227
7.934979,24,2825.589379
7.033963,22,2826.145246
7.396459,22,2826.695145
2.323103,22,2827.23902
3.742992,25,2827.895973
7.495198,21,2828.445692
6.847917,21,2828.967363
7.438564,23,2829.560634
7.204909,21,2830.114921
7.429107,23,2830.72803
8.423082,27,2831.404165
6.062333,19,2831.905464
7.195181,22,2832.462405
6.789336,21,2832.998523
7.84158,23,2833.611943
6.495932,20,2834.123598
1.997935,22,2834.70815
8.35797,24,2835.312797
5.98485,19,2835.816737
6.200763,19,2836.304658
6.849915,21,2836.843693
6.071604,19,2837.34956
7.117244,22,2837.921031
6.279345,20,2838.445127
8.399373,25,2839.086417
8.30491,24,2839.704735
8.580793,25,2840.349695
6.500262,20,2840.876469
5.719851,19,2841.377138
6.2046,19,2841.868925
7.069686,22,2842.44144
7.349379,23,2843.038923
6.544628,21,2843.586085
7.241396,23,2844.181617
3.954526,26,2844.853983
5.919478,19,2845.35635
6.472504,20,2845.870095
6.214576,20,2846.396173
2.908418,23,2846.994488
6.142189,19,2847.481732
6.833825,21,2848.029209
6.125077,19,2848.514898
8.567302,25,2849.160427
8.322974,25,2849.801181
6.135555,20,2850.326064
6.694112,20,2850.837106
5.104262,17,2851.279446
7.115692,22,2851.855764
6.514671,20,2852.38216
8.57681,25,2853.023571
7.380874,24,2853.643728
9.026308,27,2854.334975
4.258239,28,2855.049485
2.607262,23,2855.65932
7.807842,23,2856.245879
7.493088,23,2856.847121
7.579412,23,2857.443373
2.719791,24,2858.061689
7.850591,24,2858.699137
7.217686,23,2868.314109
8.754798,25,2868.980699
7.202891,21,2869.549801
9.005743,26,2870.228
6.794495,21,2870.765937
8.671031,26,2871.451912
7.079447,21,2872.002859
8.087614,25,2872.648905
8.15239,24,2873.28492
8.652297,26,2873.951212
5.751469,19,2874.43879
8.714336,26,2875.122399
3.620584,25,2875.768362
2.383256,22,2876.340152
7.96376,24,2876.963531
6.436485,21,2877.501117
6.670704,21,2878.053844
7.714842,23,2878.664474
7.889793,24,2879.283983
7.035919,22,2879.857718
9.438892,28,2880.575296
7.707363,24,2881.194807
6.686503,21,2881.731947
7.184325,22,2882.304814
6.427033,20,2882.818521
6.767066,21,2883.369519
5.795098,19,2883.85952
7.927498,24,2884.48188
7.672575,24,2885.100699
8.679253,26,2885.765864
5.187821,18,2886.243706
7.430701,22,2886.817864
6.499671,20,2887.342582
7.487916,23,2887.935408
6.430524,21,2888.481209
8.667557,27,2889.173382
8.356557,26,2889.836423
2.639709,24,2890.474919
8.405255,26,2891.137302
7.857365,25,2891.779197
1.044072,19,2892.264552
3.429727,25,2892.892324
5.803924,19,2893.366286
7.104603,22,2893.937817
5.971541,19,2894.411005
7.099113,23,2895.006343
7.21471,22,2895.577374
8.250626,24,2896.198874
6.964273,21,2896.750092
8.03628,23,2897.3458
7.099123,22,2897.916669
6.342878,20,2898.442643
7.345731,23,2899.03931
7.101901,22,2899.612695
7.974143,24,2900.231045
7.170153,22,2900.802722
3.348279,25,2901.448056
7.706902,23,2902.049253
8.590883,26,2902.716171
7.007484,22,2903.264116
7.249416,23,2903.861324
7.540211,23,2904.441367
6.15188,19,2904.917299
7.511489,23,2905.525163
6.517951,21,2906.07425
7.58817,23,2906.660295
7.212345,22,2907.217601
7.056145,22,2907.777015
8.18917,25,2908.408611
8.268328,25,2909.052211
7.489628,22,2909.60849
7.569907,23,2910.204333
6.598947,21,2910.74034
5.830999,19,2911.229001
2.889154,23,2911.827536
6.981949,22,2912.414495
6.516963,20,2912.925931
6.300195,20,2913.45202
7.995952,23,2914.033092
7.560639,23,2914.641085
8.593357,25,2915.284632
8.919759,28,2915.996289
3.031497,24,2916.602927
6.662014,21,2917.138628
6.995147,21,2917.687443
6.815861,21,2918.243378
8.472034,25,2918.88454
3.724001,26,2919.550806
7.387732,23,2920.145678
7.98143,24,2929.662751
8.312438,26,2930.348814
2.407558,23,2930.948796
9.205951,26,2931.618155
6.164615,20,2932.14036
8.449015,25,2932.78159
6.985134,22,2933.354927
8.548337,25,2933.982473
7.433706,22,2934.553021
6.006176,20,2935.048216
7.058097,21,2935.581765
7.60506,23,2936.191346
7.967463,24,2936.796644
2.643592,23,2937.389934
6.869563,21,2937.937099
8.240734,25,2938.578415
7.131631,22,2939.147656
6.753467,21,2939.695543
6.253661,21,2940.24596
6.383657,21,2940.796479
7.038804,22,2941.367207
7.28239,22,2941.940518
8.55625,25,2942.581703
7.172998,22,2943.153435
7.536324,23,2943.735097
6.860599,22,2944.305669
3.949543,28,2945.032315
8.34322,25,2945.676502
7.366281,22,2946.245345
8.005856,24,2946.863651
7.146767,22,2947.444465
6.600644,21,2947.996309
7.910324,24,2948.626893
6.656066,21,2949.171953
6.154075,20,2949.695879
8.321254,26,2950.363826
8.740019,26,2951.028892
7.693086,23,2951.615501
8.997034,27,2952.319585
8.313216,25,2952.962174
6.32419,20,2953.484376
7.15374,23,2954.074656
7.723295,23,2954.669461
5.77424,19,2955.156637
6.235341,20,2955.663696
7.462751,22,2956.217474
7.178847,22,2956.795326
8.322765,25,2957.435478
6.44614,20,2957.958159
3.141789,24,2958.577566
6.671797,21,2959.112663
7.542613,24,2959.7297
7.047318,22,2960.284352
5.499295,18,2960.747364
5.950647,19,2961.236171
1.623672,21,2961.789406
7.049596,22,2962.347145
8.499292,26,2963.025139
7.075112,23,2963.609327
7.365134,23,2964.207598
7.183089,23,2964.804054
1.832845,21,2965.337201
7.605264,23,2965.934682
5.942361,19,2966.438453
3.034298,24,2967.050138
7.195724,22,2967.607368
7.647829,24,2968.212122
9.040222,28,2968.941937
6.301321,20,2969.454087
6.357542,20,2969.966233
7.77487,23,2970.564214
8.288324,24,2971.184821
7.662956,24,2971.807711
8.757837,27,2972.493742
8.195314,24,2973.113677
7.464613,23,2973.711266
7.5231,23,2974.306332
7.652264,24,2974.925549
6.476106,20,2975.452793
6.184613,20,2975.978668
9.253933,26,2976.646499
7.267663,23,2977.228358
6.808172,21,2977.77806
6.32956,20,2978.291806
7.003185,22,2978.86128
4.007156,27,2979.558703
7.391351,23,2980.163414
7.640874,24,2980.783814
6.52685,21,2981.317572
6.601467,21,2981.853698
7.406128,22,2982.426405
9.876549,28,2992.160846
8.010441,24,2992.775031
6.779628,21,2993.32062
8.131768,23,2993.917386
6.416881,20,2994.442758
7.810313,23,2995.05032
8.404073,25,2995.691162
5.917623,19,2996.180899
9.763779,30,2996.95764
5.951912,20,2997.46705
5.749934,19,2997.953185
5.892391,20,2998.466126
7.472589,23,2999.061358
6.714691,20,2999.57347
7.931832,24,3000.190632
7.473254,23,3000.788061
8.930327,26,3001.468719
8.345579,26,3002.134639
2.128848,22,3002.693064
6.22027,20,3003.202622
7.266537,22,3003.774057
3.864173,26,3004.45239
1.66232,20,3004.945721
8.48799,26,3005.619131
8.569089,25,3006.265765
7.374906,23,3006.862094
5.860076,19,3007.334295
8.172547,25,3007.977473
7.117254,22,3008.550334
4.89371,29,3009.300794
3.333682,24,3009.905987
6.723363,21,3010.44243
7.28913,22,3011.000972
6.238958,20,3011.526399
6.764418,20,3012.051903
3.327751,27,3012.742983
6.651683,22,3013.3163
6.848264,21,3013.864566
3.874322,27,3014.565892
6.467152,20,3015.078374
8.021208,24,3015.695337
3.243722,25,3016.332055
6.651602,21,3016.866685
6.806745,21,3017.396879
5.885697,19,3017.896585
6.973772,22,3018.464792
6.721863,22,3019.033889
5.386252,18,3019.498282
7.753667,24,3020.133021
6.968256,22,3020.690586
7.793428,23,3021.257832
7.255401,22,3021.832192
5.879108,19,3022.321265
4.172344,29,3023.071749
8.850254,26,3023.736684
7.019044,22,3024.308606
8.312464,25,3024.949695
3.144894,25,3025.593064
8.280832,25,3026.235969
6.20481,20,3026.764368
6.071195,19,3027.252074
7.331325,22,3027.82607
8.066361,25,3028.471821
7.041606,22,3029.046107
6.590911,20,3029.573065
8.543894,26,3030.238969
7.615961,23,3030.836262
6.425947,20,3031.349292
7.280812,22,3031.926266
1.634848,21,3032.478047
9.100163,27,3033.165508
7.716779,24,3033.788404
8.794167,28,3034.49018
3.959945,26,3035.155069
2.189368,22,3035.712913
7.624683,23,3036.308956
6.588816,21,3036.864326
7.639105,23,3037.459579
8.085708,25,3038.084175
7.312916,22,3038.642881
7.931574,23,3039.240927
6.194411,19,3039.714985
7.965242,25,3040.353343
6.08695,20,3040.866911
6.48045,21,3041.415672
7.121976,22,3041.991425
7.282064,23,3042.585873
7.8473,24,3043.207239
6.301738,20,3043.733952
6.740671,21,3053.322625
6.946467,21,3053.869482
8.265154,25,3054.50992
7.374296,23,3055.09005
7.65666,23,3055.668262
6.482409,20,3056.175713
6.819213,21,3056.724513
6.899414,22,3057.28255
7.87277,24,3057.916246
8.057116,25,3058.554833
7.845867,24,3059.171695
9.402501,29,3059.927707
6.45168,20,3060.436698
6.228024,20,3060.956985
8.114733,24,3061.573434
7.171713,22,3062.146414
6.172689,20,3062.670684
8.495773,26,3063.334979
6.211852,20,3063.86244
7.273843,23,3064.446252
8.519343,25,3065.088902
6.88716,22,3065.657756
5.427446,18,3066.122612
6.218279,20,3066.649148
5.380183,18,3067.098765
9.082334,27,3067.803411
8.860745,26,3068.468866
5.370234,18,3068.947392
6.518738,21,3069.482555
6.241446,20,3070.007573
8.105438,24,3070.641163
7.550629,24,3071.277775
5.883396,19,3071.777364
6.954681,21,3072.327078
7.005452,22,3072.900192
7.41735,23,3073.494894
7.477367,22,3074.052444
7.460237,23,3074.645941
6.674218,21,3075.192808
6.491342,21,3075.742039
7.739284,23,3076.338701
2.87379,24,3076.959867
7.23345,22,3077.531579
2.982117,24,3078.152297
6.768933,21,3078.703348
7.800435,24,3079.321729
7.87182,24,3079.941603
7.655748,24,3080.560861
6.743561,21,3081.096432
7.234334,23,3081.693416
7.881809,23,3082.287941
7.852631,24,3082.902558
7.878797,24,3083.51889
7.764206,23,3084.111431
3.001083,24,3084.727975
6.865523,22,3085.299549
6.084782,20,3085.826547
5.760466,19,3086.325824
2.553696,23,3086.923952
7.884983,24,3087.54267
7.299337,22,3088.11691
7.813259,24,3088.73999
6.908366,21,3089.291265
7.989782,24,3089.91165
8.384567,25,3090.554339
6.72961,21,3091.101726
7.874443,25,3091.743619
4.396959,27,3092.434182
7.249786,22,3093.008275
3.025578,25,3093.653325
8.490574,26,3094.323451
3.268347,24,3094.945706
7.765347,24,3095.566876
9.417126,28,3096.281584
7.711217,23,3096.893433
7.273524,23,3097.477916
6.931975,22,3098.039729
3.586182,26,3098.706422
8.453578,25,3099.338944
6.274667,20,3099.86598
7.595339,23,3100.46564
7.77943,23,3101.061404
8.403315,25,3101.707042
7.036489,22,3102.281579
6.455474,21,3102.8304
6.906669,21,3103.3643
7.238094,23,3103.944718
7.74583,24,3104.564537
8.987501,28,3105.291214
6.592444,21,3105.836142
8.073891,25,3115.472653
2.577463,24,3116.091481
5.930747,20,3116.600138
7.59427,24,3117.21603
9.543964,28,3117.939408
2.89036,24,3118.544333
6.600481,21,3119.089711
6.518227,21,3119.610854
5.834452,19,3120.119545
8.672668,26,3120.788172
9.511247,29,3121.537088
7.165778,23,3122.132843
6.995718,22,3122.707325
9.58296,28,3123.423173
7.785812,24,3124.029614
5.562738,18,3124.492952
6.366476,21,3125.042337
7.277783,23,3125.624179
7.334558,23,3126.219126
7.338698,23,3126.832746
9.461992,28,3127.560976
7.730703,24,3128.238239
3.836657,27,3128.929916
7.345989,23,3129.546571
8.153195,25,3130.202459
7.887932,25,3130.86567
7.783699,24,3131.500552
7.341992,23,3132.108911
6.884293,22,3132.681884
7.306461,22,3133.261704
7.881359,25,3133.916925
4.006516,26,3134.58656
10.207018,29,3135.326975
6.584709,22,3135.901054
7.958779,25,3136.544828
6.944918,22,3137.11352
8.195357,25,3137.767704
9.979834,28,3138.50179
8.506761,26,3139.167801
7.733749,24,3139.790719
8.63619,26,3140.460281
9.321379,28,3141.190228
6.57134,21,3141.726983
7.607502,23,3142.310491
8.736416,26,3143.014082
7.112854,22,3143.625278
6.103483,20,3144.16792
8.681416,27,3144.883923
8.283139,26,3145.608196
6.139529,20,3146.153235
8.326887,25,3146.790128
7.673951,24,3147.419281
9.377437,28,3148.155571
0.948353,19,3148.645271
8.180919,25,3149.301868
7.812081,24,3149.918604
6.406387,21,3150.472686
7.307427,22,3151.035048
8.732058,26,3151.714905
7.196254,23,3152.316748
7.732435,24,3152.941734
8.479778,26,3153.640478
7.961604,24,3154.269866
6.746998,22,3154.861126
3.354118,26,3155.537421
4.885833,17,3155.992663
6.986963,22,3156.569472
3.617474,25,3157.217673
7.724016,24,3157.841707
5.777969,19,3158.330625
7.771139,24,3158.938515
7.925719,24,3159.573564
7.304263,24,3160.196345
6.601824,21,3160.747732
6.2587,20,3161.279913
8.655058,27,3161.978268
7.233829,22,3162.540357
6.616019,21,3163.092433
3.072068,24,3163.715141
7.996987,24,3164.321502
8.060936,25,3164.986506
8.170072,25,3165.634427
6.326294,20,3166.148353
7.994037,24,3166.78041
7.200274,23,3167.389989
6.844433,22,3167.969227
8.744552,26,3168.626607
7.621767,24,3178.414213
6.857191,22,3179.001083
3.668264,27,3179.696548
8.871921,26,3180.385964
7.606182,23,3181.00935
8.4266,25,3181.646645
6.284748,20,3182.1795
6.4799,21,3182.73367
8.50816,25,3183.391529
8.631184,26,3184.060867
8.656941,27,3184.767865
7.404805,23,3185.364683
7.42534,23,3185.965742
8.076327,24,3186.584645
7.272406,22,3187.161233
6.820158,21,3187.714305
3.484999,26,3188.381871
7.606911,24,3189.002511
9.543823,28,3189.729962
6.281369,20,3190.240649
7.248221,23,3190.837641
7.525689,23,3191.448714
7.498299,23,3192.049306
7.890692,24,3192.658028
6.602825,21,3193.193566
6.582076,21,3193.743238
8.362532,26,3194.419865
7.279219,23,3195.015759
7.982754,24,3195.616499
7.126768,22,3196.192392
8.190338,24,3196.818099
7.598334,24,3197.439795
6.503503,21,3197.976817
7.156425,23,3198.564233
7.651391,24,3199.188251
4.520294,28,3199.91567
6.635617,21,3200.453101
5.319875,18,3200.906837
8.272665,25,3201.55461
7.203687,23,3202.156833
9.010527,28,3202.869252
5.695054,19,3203.374446
7.765157,24,3203.981074
7.11188,21,3204.521002
6.686044,21,3205.072505
8.464547,25,3205.719804
8.247893,24,3206.342609
7.297891,23,3206.945411
7.70953,24,3207.556654
7.326808,23,3208.171079
7.907527,24,3208.793249
9.634483,28,3209.537567
7.787832,24,3210.159369
3.382455,25,3210.821999
9.128871,27,3211.553421
4.337168,27,3212.291321
8.079221,25,3212.976338
6.454548,21,3213.560235
6.974835,22,3214.156978
7.224201,23,3214.801456
3.438874,25,3215.480626
1.710207,22,3216.075281
6.385327,20,3216.618712
6.500976,21,3217.17382
6.123396,20,3217.689407
6.174589,20,3218.20443
7.829513,24,3218.830816
9.980337,28,3219.547398
7.63903,24,3220.172632
7.146977,22,3220.736167
6.439235,21,3221.288662
8.244749,26,3221.977845
7.615461,24,3222.603223
8.190626,26,3223.279193
7.578804,23,3223.881195
7.413573,23,3224.470594
8.642482,27,3225.165892
7.527969,23,3225.7679
9.233889,28,3226.489071
2.560613,23,3227.096851
7.495456,23,3227.69793
6.348457,20,3228.218661
6.718076,21,3228.7615
7.902795,25,3229.407436
7.264288,23,3230.006791
8.346039,25,3230.655369
4.831812,17,3231.086099
6.315272,21,3240.788538
7.677579,24,3241.413905
7.503553,24,3242.04911
7.770791,23,3242.639086
6.771383,21,3243.179347
7.161151,23,3243.788842
6.650952,21,3244.34309
9.208819,28,3245.064928
8.32732,26,3245.751213
5.343466,18,3246.219372
7.285114,22,3246.801089
6.710494,21,3247.346697
7.787414,23,3247.945269
6.088284,20,3248.457897
7.587735,23,3249.058044
3.961899,26,3249.755319
8.910171,27,3250.450591
7.028771,22,3251.027589
7.262676,23,3251.63006
8.750246,26,3252.311015
7.967706,24,3252.934953
9.199333,27,3253.63577
6.650757,21,3254.17879
2.326928,23,3254.77945
6.525684,21,3255.31679
7.214958,23,3255.916222
5.96031,19,3256.42583
8.41988,25,3257.081087
7.396196,23,3257.683354
7.081902,22,3258.260033
6.83929,22,3258.825882
5.781905,19,3259.333207
6.885625,22,3259.910594
8.262473,25,3260.560943
6.801895,22,3261.112799
4.90525,17,3261.574748
7.08345,22,3262.143439
9.249322,27,3262.843174
7.772961,24,3263.468629
7.772803,23,3264.072098
6.588908,21,3264.628618
6.608685,21,3265.167834
3.71411,26,3265.85622
6.531045,21,3266.397818
5.891207,19,3266.895771
5.537582,18,3267.380005
2.805688,23,3267.973342
5.528337,19,3268.47942
6.685513,21,3269.020239
7.769107,24,3269.647373
8.569902,25,3270.310033
7.713558,24,3270.939359
7.787976,24,3271.565614
6.183603,20,3272.085893
9.392135,28,3272.822956
5.780022,19,3273.316888
7.382642,22,3273.895419
7.075213,23,3274.498708
5.812042,19,3275.00518
6.290652,20,3275.507895
6.617876,21,3276.03604
7.968132,24,3276.673215
7.208922,23,3277.27764
7.220136,23,3277.880406
7.942806,25,3278.528208
7.431005,23,3279.145244
7.528571,23,3279.738926
7.830494,24,3280.353487
7.713853,23,3280.956815
7.727716,24,3281.597099
8.163055,25,3282.256931
8.391485,25,3282.908714
9.082633,27,3283.623025
6.319775,20,3284.136632
2.235069,22,3284.714808
6.630006,21,3285.251247
3.348146,25,3285.895974
7.786216,24,3286.516499
7.229921,21,3287.071452
6.69955,21,3287.621836
8.368532,25,3288.275618
0.934917,19,3288.790879
8.778726,26,3289.474592
8.010092,24,3290.100419
7.044087,22,3290.677274
7.285835,22,3291.24952
7.93402,24,3291.873623
9.087605,27,3292.579381
3.092055,25,3293.229784
6.809946,21,3293.789325
7.993728,25,3303.6558
8.817815,26,3304.351835
7.336064,23,3304.974019
3.086373,25,3305.644076
8.918905,27,3306.333279
8.480185,25,3307.005867
7.829241,24,3307.630956
7.710904,23,3308.224746
9.256319,28,3308.953836
7.759085,25,3309.608941
8.623036,25,3310.245937
6.417124,20,3310.777962
8.003475,25,3311.431603
8.006322,24,3312.066458
7.921205,24,3312.693422
8.147304,25,3313.343729
3.532871,26,3314.032618
6.424562,21,3314.575571
7.464504,23,3315.177393
8.218119,25,3315.824098
7.278197,23,3316.411909
7.496578,23,3317.016976
5.822392,20,3317.54715
8.790212,26,3318.21703
8.292574,26,3318.904085
3.854779,26,3319.562841
6.554283,21,3320.115583
6.421241,21,3320.665947
5.648104,19,3321.170968
5.836219,20,3321.676811
7.431999,23,3322.279034
2.631271,23,3322.877459
7.895736,24,3323.514842
7.790333,24,3324.138988
7.965339,25,3324.784286
8.589103,27,3325.476131
7.16736,23,3326.062626
6.475873,21,3326.601629
8.008815,24,3327.228413
7.558314,23,3327.830527
2.801975,24,3328.440547
2.59492,23,3329.040613
6.687782,21,3329.594244
7.911809,24,3330.206158
7.831492,24,3330.82866
7.271363,23,3331.416662
4.908524,17,3331.864699
8.026808,25,3332.513752
7.794684,25,3333.149743
5.868724,19,3333.643799
7.143357,22,3334.234418
6.152827,20,3334.762821
7.3994,23,3335.379961
7.336799,23,3335.994111
7.325631,23,3336.612015
6.847782,22,3337.180248
8.514824,26,3337.864241
7.911978,24,3338.492426
7.828351,24,3339.134836
6.70643,21,3339.693473
6.314289,20,3340.1965
7.364627,23,3340.785544
6.364803,20,3341.326833
7.072697,23,3341.938919
7.080256,22,3342.515056
8.388697,26,3343.184771
2.328453,23,3343.786235
6.845481,22,3344.363773
8.483351,25,3345.025427
8.017255,25,3345.675942
7.127041,22,3346.238219
3.083936,24,3346.865929
2.987669,24,3347.490452
6.543122,21,3348.044799
6.153295,20,3348.576614
7.378804,23,3349.178237
6.64639,21,3349.731698
8.264107,24,3350.356178
6.865799,21,3350.909084
8.833484,27,3351.602361
8.065054,25,3352.251126
7.806313,24,3352.87874
6.226927,20,3353.396578
7.718646,24,3354.019128
2.779949,23,3354.628781
6.792043,22,3355.205468
7.598941,24,3355.827878
6.991983,22,3356.403835
6.548105,21,3366.145626
8.377207,25,3366.780949
7.595295,25,3367.433874
9.404319,28,3368.156542
7.798905,25,3368.808015
2.659587,23,3369.396636
7.348374,23,3369.995615
7.661577,23,3370.596439
8.621958,26,3371.272341
8.058644,24,3371.888172
7.04644,22,3372.468204
6.769501,22,3373.048699
6.769321,22,3373.624942
2.588941,23,3374.228492
3.518032,26,3374.903741
7.97485,24,3375.528982
7.088489,22,3376.095412
1.107122,20,3376.5973
6.593426,21,3377.140613
7.457662,23,3377.745514
7.102854,23,3378.346351
8.261761,25,3378.983742
7.908478,24,3379.606437
6.240259,21,3380.159519
5.692197,19,3380.650091
8.253029,25,3381.297848
8.003972,24,3381.926266
8.222879,26,3382.599612
6.635148,21,3383.140952
5.78048,19,3383.654329
7.334021,23,3384.25491
6.350328,20,3384.782603
8.220726,25,3385.428931
5.247816,18,3385.912114
8.961053,26,3386.579547
7.949158,24,3387.204372
9.316426,29,3387.947978
8.525384,26,3388.630289
5.688852,19,3389.10465
8.120584,24,3389.712437
9.153827,27,3390.418215
8.772907,26,3391.086421
6.293675,20,3391.586884
4.943501,17,3392.046658
8.293064,25,3392.678725
7.191512,22,3393.25423
8.412757,25,3393.919605
8.577075,25,3394.566225
6.779475,22,3395.151373
8.600439,26,3395.820396
7.452426,23,3396.423134
7.889091,24,3397.035885
7.952754,24,3397.672957
7.907302,24,3398.287346
8.415571,26,3398.957984
6.77082,22,3399.5336
7.712753,23,3400.132936
7.755864,23,3400.725273
3.367678,25,3401.373197
6.20278,20,3401.90203
7.241188,23,3402.496469
6.5992,21,3403.037011
8.065761,25,3403.688621
9.061639,27,3404.399206
7.614909,23,3405.002063
7.736605,24,3405.628866
3.126094,24,3406.255198
10.747268,32,3407.08811
6.731871,21,3407.642349
2.685976,24,3408.266146
7.565304,23,3408.866443
6.551288,21,3409.418168
8.142871,25,3410.053751
8.6733,26,3410.727697
6.773864,22,3411.301668
7.548734,23,3411.902382
7.19452,22,3412.481942
6.737405,21,3413.021126
5.75812,19,3413.526088
5.710914,18,3413.993937
7.538104,23,3414.581405
7.924085,24,3415.208172
7.881452,25,3415.85292
8.02604,24,3416.474667
6.341444,21,3417.032343
7.071221,22,3417.607977
6.791052,22,3418.185748
7.368865,23,3418.7858
6.353128,21,3428.424397
7.63349,23,3429.023101
7.749301,24,3429.644859
5.957577,19,3430.133008
8.115213,24,3430.744429
7.386845,23,3431.340883
7.414383,23,3431.935405
7.096052,22,3432.499475
8.85781,26,3433.1693
7.900705,24,3433.788859
6.538764,21,3434.338302
6.231872,20,3434.865842
7.991338,24,3435.502221
7.667001,24,3436.13613
6.830154,22,3436.712017
3.442671,25,3437.361206
8.404004,25,3438.007955
6.552065,21,3438.545555
7.181176,22,3439.121652
4.00765,26,3439.79369
3.309517,25,3440.456034
8.244476,24,3441.082159
8.066529,25,3441.715314
7.645255,23,3442.290544
7.175094,22,3442.866853
7.645449,23,3443.468358
7.485451,23,3444.06943
6.722126,21,3444.622383
7.965853,24,3445.246957
7.455932,23,3445.847682
8.346711,25,3446.495463
8.095395,25,3447.14418
7.182133,22,3447.723663
7.32477,22,3448.303145
7.529484,23,3448.900542
6.593428,21,3449.452701
7.123756,23,3450.037274
6.902612,22,3450.599992
7.027195,22,3451.162078
7.180217,22,3451.723434
7.806303,23,3452.322582
8.401413,25,3452.96957
8.224011,25,3453.61392
5.819172,19,3454.117546
7.523671,23,3454.715985
7.494691,23,3455.312088
7.364069,22,3455.886434
7.251016,22,3456.468128
6.133427,20,3456.985222
6.619027,21,3457.539005
6.135055,20,3458.065446
10.218747,30,3458.823017
8.015255,24,3459.460601
8.131074,25,3460.109087
8.352314,26,3460.776777
6.5058,20,3461.276466
8.157121,24,3461.899125
7.411244,23,3462.50159
8.949055,26,3463.181957
7.4936,23,3463.752657
5.718412,19,3464.245189
3.248752,24,3464.854079
7.068623,22,3465.429483
7.662664,23,3466.013375
6.478087,21,3466.565747
7.335701,23,3467.168849
1.687539,21,3467.709073
6.926054,22,3468.283431
7.47585,23,3468.882452
2.452835,23,3469.483912
3.256899,25,3470.134282
7.318042,22,3470.710165
7.530189,24,3471.332776
6.834683,21,3471.887656
4.48821,28,3472.596947
7.037148,22,3473.171844
8.737648,26,3473.844203
8.808929,26,3474.523934
6.67537,22,3475.105007
7.525738,23,3475.692364
7.124505,23,3476.290318
6.383912,20,3476.793334
7.424905,22,3477.372882
8.700333,25,3478.031144
7.284466,23,3478.612226
7.145856,22,3479.173795
7.101508,22,3479.750796
7.109368,22,3480.311135
2.574082,24,3480.947115
8.573151,26,3490.822361
7.112127,22,3491.402006
7.362241,22,3491.974087
8.503599,25,3492.621017
7.751203,24,3493.242472
6.544556,21,3493.789929
7.269702,22,3494.360682
5.61992,19,3494.861767
7.693484,23,3495.455329
7.262447,23,3496.049024
6.251545,20,3496.572109
2.361888,22,3497.134419
6.283488,20,3497.659228
6.653608,21,3498.208771
2.963173,24,3498.82857
8.71959,26,3499.496026
3.66401,26,3500.149649
6.459412,20,3500.677026
6.79423,21,3501.211326
2.518989,23,3501.806762
6.497677,21,3502.345805
8.413021,25,3503.01792
7.273254,22,3503.592253
7.076263,22,3504.138357
8.076604,24,3504.761272
5.921854,19,3505.251546
3.406789,25,3505.898829
7.646639,24,3506.510783
5.756557,19,3506.989598
6.604922,21,3507.544222
8.125349,25,3508.189767
6.654864,21,3508.742542
6.509858,21,3509.29442
9.723373,27,3509.98584
8.453877,25,3510.630453
7.492715,23,3511.238557
8.119121,24,3511.87275
7.552314,24,3512.509724
2.562181,23,3513.109385
7.628173,23,3513.696216
7.72916,24,3514.322755
6.191081,20,3514.83751
6.633281,21,3515.386145
6.699358,22,3515.948387
7.781129,23,3516.548411
7.523927,23,3517.147875
8.405669,25,3517.790489
8.391057,25,3518.420652
6.500644,21,3518.972505
5.364741,18,3519.438825
7.792204,23,3520.037032
6.668727,21,3520.574364
6.4619,21,3521.121683
6.221449,19,3521.612052
4.690756,17,3522.058955
9.142725,26,3522.739949
6.279317,20,3523.237816
6.59638,21,3523.770059
4.484783,27,3524.456416
7.060084,22,3525.027477
6.320466,20,3525.539213
6.20618,20,3526.048835
5.789744,19,3526.551836
5.821274,19,3527.045118
8.900426,27,3527.73379
6.602426,21,3528.283113
7.791445,24,3528.903886
7.587849,23,3529.502732
5.544025,18,3529.98104
8.376977,26,3530.651536
7.556777,22,3531.225479
7.152652,22,3531.799309
8.035207,24,3532.424513
7.169115,22,3532.995514
6.567519,20,3533.509845
7.349285,23,3534.110493
7.507187,22,3534.676661
6.075077,20,3535.208788
8.360274,25,3535.854567
6.164926,20,3536.388149
7.942801,23,3536.989371
7.389375,22,3537.56633
8.250962,24,3538.190475
6.167173,20,3538.72315
6.356319,20,3539.253342
5.941525,19,3539.744414
6.541782,21,3540.299781
6.878657,22,3540.873906
7.731765,24,3541.499335
6.698443,21,3542.057364
6.247006,20,3542.58263
7.836035,24,3543.209423
7.773617,23,3552.951509
7.80638,24,3553.578547
7.58316,23,3554.181283
8.050216,25,3554.849448
8.61893,25,3555.492424
7.615615,23,3556.098048
8.48517,26,3556.782756
9.418145,28,3557.504778
5.884069,19,3557.995925
6.662895,21,3558.54888
5.920897,20,3559.076402
6.495597,21,3559.614211
7.538713,24,3560.233025
7.203048,23,3560.831428
7.404739,23,3561.44159
7.132897,23,3562.026416
8.162309,25,3562.674177
6.669092,22,3563.244156
7.218486,22,3563.801593
5.955667,19,3564.287911
7.781719,24,3564.910055
6.989913,22,3565.467804
6.697455,22,3566.030812
7.222734,23,3566.618891
7.59384,23,3567.21831
1.981247,22,3567.791294
7.952666,24,3568.399436
6.394762,21,3568.950813
7.233995,22,3569.50987
7.767975,24,3570.144108
7.270916,23,3570.726888
7.916542,24,3571.363527
7.482145,24,3571.984746
7.056215,23,3572.572429
3.450797,26,3573.244479
8.50587,26,3573.916374
8.07512,24,3574.539606
5.176301,18,3575.007553
7.861831,24,3575.63112
6.140636,20,3576.147506
8.807338,26,3576.807991
7.457661,23,3577.396433
8.225582,25,3578.033342
7.244944,23,3578.635533
3.04878,25,3579.287474
7.357871,23,3579.860353
8.92146,27,3580.556344
7.778335,24,3581.171177
8.255044,25,3581.833962
6.816151,22,3582.40096
6.533058,21,3582.943317
5.199791,18,3583.401131
7.039105,22,3583.98004
6.858412,22,3584.542914
8.684857,26,3585.214599
7.447339,23,3585.817607
3.978401,26,3586.488373
8.366113,25,3587.136409
7.068692,22,3587.68547
7.001774,22,3588.248849
7.434164,23,3588.848051
7.8858,24,3589.483812
7.269874,23,3590.081872
5.994952,19,3590.586864
7.515656,23,3591.172562
9.205792,27,3591.878405
7.753338,23,3592.479162
8.065905,24,3593.087851
6.726509,21,3593.625733
7.028918,22,3594.187127
8.51601,25,3594.845057
7.54257,23,3595.441054
6.29213,20,3595.968373
5.476222,18,3596.421794
6.892731,22,3596.98605
8.315323,25,3597.641811
7.222569,22,3598.217665
8.256465,25,3598.861624
6.787415,22,3599.437308
8.221936,24,3600.063329
7.777011,24,3600.686698
4.011247,26,3601.374369
7.443999,23,3601.978958
7.794514,24,3602.621229
8.907401,26,3603.304451
7.642256,24,3603.943673
7.18231,23,3604.557978
8.54422,26,3605.230255
7.665368,24,3605.855982
3.580415,25,3615.67715
6.410102,20,3616.208259
2.397718,22,3616.784942
7.615767,23,3617.38787
6.228358,20,3617.925529
8.533901,25,3618.57591
7.901147,24,3619.211078
7.549862,23,3619.800701
7.516591,23,3620.40104
8.065975,24,3621.027897
8.265033,24,3621.65129
7.28863,22,3622.231035
8.265644,24,3622.851045
7.332794,22,3623.428731
7.377729,22,3624.022847
7.668833,24,3624.670064
6.653634,21,3625.21252
6.739379,21,3625.762173
7.959939,24,3626.385643
7.068707,23,3626.974255
3.209989,25,3627.608742
7.009141,22,3628.185375
7.946643,24,3628.805866
7.517403,23,3629.404227
6.966177,21,3629.951549
2.572288,23,3630.550507
8.067205,24,3631.174881
8.235843,24,3631.782355
7.979679,24,3632.425381
6.952976,21,3632.965216
2.605301,23,3633.567295
6.962584,22,3634.132293
5.906473,19,3634.637688
1.887151,21,3635.176116
6.848336,21,3635.730627
6.513435,21,3636.271048
7.611512,23,3636.871659
6.958305,21,3637.429693
8.417085,26,3638.102646
7.23677,22,3638.68249
7.894297,24,3639.309516
7.606384,22,3639.887988
7.598931,24,3640.53131
3.102336,23,3641.133965
6.293952,20,3641.636736
3.622297,25,3642.295128
6.142258,20,3642.813022
3.988407,26,3643.490383
6.812765,21,3644.047088
8.037957,24,3644.673823
7.585987,23,3645.2786
8.977504,26,3645.951474
7.700297,24,3646.577587
6.091809,20,3647.106002
7.991255,24,3647.736224
8.334139,25,3648.385329
7.380935,23,3648.991233
7.967988,24,3649.61841
3.598352,25,3650.268324
2.67065,22,3650.846449
2.106574,21,3651.401349
8.462926,25,3652.054547
6.380537,20,3652.576325
7.398682,23,3653.166564
8.400243,25,3653.803453
8.475496,25,3654.464859
3.321815,25,3655.115042
3.265635,25,3655.767905
9.512497,28,3656.487698
6.704701,21,3657.040245
6.838609,21,3657.599906
6.858806,21,3658.150712
8.744665,26,3658.809578
7.72965,23,3659.40387
6.733657,21,3659.957339
7.960326,24,3660.582097
7.112676,22,3661.157442
7.195527,22,3661.73782
3.084148,24,3662.368562
8.314395,25,3663.005406
2.558136,23,3663.621968
8.547616,25,3664.270613
7.221614,22,3664.850108
7.599575,24,3665.472841
6.237223,20,3665.991987
7.503535,23,3666.585505
5.781142,19,3667.078886
6.705447,21,3667.64087
8.398062,25,3668.291249
7.863311,24,3678.325515
6.652921,21,3678.894354
3.313044,25,3679.565414
4.152,28,3680.296941
6.787928,21,3680.855625
7.37849,23,3681.460039
7.708748,25,3682.112907
6.126298,20,3682.64799
6.596387,21,3683.2018
7.590321,23,3683.806443
6.206706,20,3684.338932
8.64158,26,3685.016232
3.352347,25,3685.65024
7.711699,24,3686.276618
7.800741,23,3686.867948
6.29226,20,3687.389638
6.524646,21,3687.942829
8.860015,26,3688.635568
7.976611,24,3689.264083
7.012246,22,3689.859725
6.389416,20,3690.387339
8.142983,26,3691.063899
4.836653,29,3691.806836
6.303723,20,3692.341936
7.364028,23,3692.93673
6.462761,21,3693.476202
1.871389,23,3694.080353
7.901416,24,3694.69951
7.5098,23,3695.299005
7.181017,22,3695.880165
6.14163,20,3696.410212
7.750753,24,3697.030006
7.069947,22,3697.618486
7.301841,23,3698.222348
8.348548,25,3698.870958
8.022023,25,3699.522352
3.552624,27,3700.253769
7.012538,22,3700.852618
5.744515,19,3701.3587
6.632287,20,3701.923302
7.56865,23,3702.569275
4.533962,27,3703.328175
7.4869,23,3703.962361
8.87619,26,3704.666386
8.514586,26,3705.354888
8.017367,24,3705.981256
7.000605,22,3706.555853
8.590585,26,3707.231153
7.352912,23,3707.817257
6.477101,20,3708.345645
7.673478,24,3708.96736
9.03212,27,3709.677794
6.861042,22,3710.253287
6.717344,21,3710.795799
6.821772,22,3711.3636
7.262548,23,3711.963906
7.168982,23,3712.553431
7.996056,24,3713.179417
9.142799,26,3713.868657
8.942339,25,3714.519875
7.408443,22,3715.095196
8.08179,25,3715.742101
6.682768,22,3716.326028
3.340318,24,3716.95204
6.239127,20,3717.482021
8.791555,26,3718.152
8.04627,24,3718.778398
7.133334,22,3719.340762
7.949879,24,3719.964718
2.239868,23,3720.565392
8.329536,25,3721.216242
5.974356,20,3721.719265
4.232434,27,3722.44273
2.848472,24,3723.068289
6.120224,20,3723.572078
6.713391,22,3724.14722
8.432688,25,3724.78852
6.653723,21,3725.342658
4.770079,28,3726.056445
6.723671,21,3726.594453
8.041967,25,3727.237551
7.162365,22,3727.812434
7.198057,23,3728.410302
7.787534,24,3729.031456
5.005082,18,3729.510885
9.580261,27,3730.209919
6.785954,22,3730.77669
8.441073,26,3731.442965
6.184551,20,3741.196971
8.346398,26,3741.865539
3.887152,27,3742.548308
7.44279,23,3743.144425
8.407465,25,3743.796803
8.141866,25,3744.449058
7.639047,24,3745.064115
6.508965,21,3745.608184
6.46525,21,3746.1639
9.520429,29,3746.908228
7.872496,25,3747.568742
10.638504,31,3748.380968
7.227545,24,3749.012012
7.481717,23,3749.630264
8.571269,26,3750.327497
7.19362,23,3750.931257
6.464489,21,3751.461981
7.78742,24,3752.073906
8.633038,26,3752.780743
8.659229,27,3753.47858
7.50019,24,3754.102176
8.490252,26,3754.778076
7.516372,25,3755.432044
7.329381,23,3756.034066
8.536973,25,3756.696312
7.590601,23,3757.290532
7.207206,23,3757.898345
2.753732,24,3758.553775
7.906127,25,3759.202578
7.814529,24,3759.830892
7.175127,22,3760.395285
5.905796,20,3760.910962
6.970083,22,3761.476078
6.323088,21,3762.014386
2.26387,23,3762.609458
8.182152,25,3763.25117
2.994913,25,3763.887167
3.383692,26,3764.555802
6.396665,21,3765.10899
7.303352,24,3765.72923
8.580273,26,3766.400175
8.249247,25,3767.049737
10.1594,30,3767.836852
3.198059,24,3768.464253
7.402533,24,3769.076927
7.555818,24,3769.720007
8.023143,24,3770.335765
7.390729,23,3770.941924
7.725285,24,3771.567931
7.166723,22,3772.136686
8.499485,25,3772.780329
8.49493,26,3773.472833
7.103509,23,3774.112069
8.563972,26,3774.813389
7.267491,23,3775.452374
8.373217,26,3776.160574
6.265223,20,3776.695665
3.946623,27,3777.463406
8.468076,26,3778.187406
7.594409,24,3778.836123
2.277551,23,3779.454602
7.507905,24,3780.097409
8.383175,25,3780.749354
7.762798,24,3781.36013
6.005379,20,3781.886367
7.188668,22,3782.454913
7.757915,24,3783.112911
7.360496,23,3783.709924
6.836027,22,3784.293256
7.354312,23,3784.909024
7.39336,23,3785.519922
6.726748,21,3786.069536
7.88812,24,3786.687205
5.616125,19,3787.187393
8.882583,27,3787.929884
8.047856,25,3788.591681
7.493905,23,3789.191838
7.098726,22,3789.768804
8.878685,27,3790.463966
2.494044,23,3791.062164
2.532471,24,3791.680242
7.269058,23,3792.271725
7.470808,23,3792.893
3.430509,25,3793.549735
6.22421,20,3794.045672
6.419701,21,3794.585913
5.747885,19,3804.452693
7.950172,24,3805.100117
7.758876,24,3805.741536
7.544449,23,3806.346027
3.188677,25,3806.991784
7.651182,24,3807.599912
3.009607,24,3808.222301
7.794611,24,3808.846158
8.081525,25,3809.49513
5.871114,19,3809.998028
3.173477,25,3810.643977
7.589843,24,3811.282741
8.132317,24,3811.911259
8.285116,25,3812.559936
8.915068,27,3813.24068
5.853983,19,3813.751964
3.686584,25,3814.401999
7.63909,24,3815.007931
6.589359,22,3815.58182
6.6818,21,3816.106889
7.456731,23,3816.70656
8.23253,25,3817.358647
7.703878,24,3817.977353
6.332405,21,3818.528033
7.914502,24,3819.148703
6.974031,22,3819.707916
7.589883,23,3820.293872
9.455549,29,3821.034137
6.513108,21,3821.58616
6.971758,22,3822.132907
7.894572,24,3822.76949
4.762372,28,3823.492385
5.635577,19,3823.984586
7.867258,25,3824.618499
5.482941,19,3825.110423
8.30316,25,3825.781513
1.500134,21,3826.309592
8.430179,26,3826.970735
3.041369,25,3827.603813
8.386298,25,3828.251865
4.075567,27,3828.948391
8.043491,25,3829.595788
4.458162,29,3830.349109
7.284374,23,3830.949819
8.490098,26,3831.615748
9.149605,28,3832.344285
7.513771,24,3832.965082
6.119857,20,3833.492423
8.002662,25,3834.143616
7.557317,23,3834.75787
4.643462,31,3835.559544
8.036865,25,3836.19173
3.574889,25,3836.850213
8.516748,26,3837.526503
7.599591,24,3838.149885
6.829645,22,3838.725157
9.206638,27,3839.453554
8.754198,25,3840.116883
9.212035,26,3840.802988
7.657936,24,3841.426313
6.882987,22,3842.001222
3.630852,26,3842.67386
8.662209,26,3843.345222
7.268411,23,3843.939015
8.114656,26,3844.623843
6.198942,20,3845.153129
7.435983,23,3845.75541
8.514783,26,3846.432669
7.321463,23,3847.021767
8.286938,25,3847.671906
7.409195,24,3848.296308
6.479011,21,3848.835452
8.213349,25,3849.485159
7.778917,24,3850.108733
7.400433,23,3850.709202
7.614964,24,3851.322679
7.203809,22,3851.901963
6.617576,21,3852.46006
8.915237,26,3853.129124
8.308907,24,3853.753637
2.878971,24,3854.379265
7.815461,24,3855.003953
7.366806,23,3855.602437
6.883922,22,3856.167933
8.091079,25,3856.815206
