Loading Anaconda 3 2024.02-1
SCENARIO_NAME=cf_v2
EXP_VERSION=v12
TOTAL_TIMESTEPS=1000000
N_ENVS=4
ATTN_MODE=uniform
X_INDEX=1
VX_INDEX=3
ORACLE_RULE=leader_x
TTC_EPS=1e-6
ppo_attn_uniform_cf_v2_v12_seed1 obs shape: (5, 5) action space: Box(-1.0, 1.0, (1,), float32)
Using cpu device
Logging to runs/tb/ppo_attn_uniform_cf_v2_v12_seed1_1
---------------------------------
| rollout/           |          |
|    ep_len_mean     | 17.6     |
|    ep_rew_mean     | 3.38     |
| time/              |          |
|    fps             | 319      |
|    iterations      | 1        |
|    time_elapsed    | 25       |
|    total_timesteps | 8192     |
---------------------------------
------------------------------------------
| rollout/                |              |
|    ep_len_mean          | 17.7         |
|    ep_rew_mean          | 3.28         |
| time/                   |              |
|    fps                  | 300          |
|    iterations           | 2            |
|    time_elapsed         | 54           |
|    total_timesteps      | 16384        |
| train/                  |              |
|    approx_kl            | 0.0048479633 |
|    clip_fraction        | 0.0323       |
|    clip_range           | 0.2          |
|    entropy_loss         | -1.42        |
|    explained_variance   | -0.000819    |
|    learning_rate        | 0.0003       |
|    loss                 | 0.283        |
|    n_updates            | 10           |
|    policy_gradient_loss | -0.00262     |
|    std                  | 1            |
|    value_loss           | 2.14         |
------------------------------------------
-----------------------------------------
| rollout/                |             |
|    ep_len_mean          | 19.1        |
|    ep_rew_mean          | 3.58        |
| time/                   |             |
|    fps                  | 305         |
|    iterations           | 3           |
|    time_elapsed         | 80          |
|    total_timesteps      | 24576       |
| train/                  |             |
|    approx_kl            | 0.012949465 |
|    clip_fraction        | 0.16        |
|    clip_range           | 0.2         |
|    entropy_loss         | -1.4        |
|    explained_variance   | 0.971       |
|    learning_rate        | 0.0003      |
|    loss                 | 0.207       |
|    n_updates            | 20          |
|    policy_gradient_loss | -0.0164     |
|    std                  | 0.969       |
|    value_loss           | 0.335       |
-----------------------------------------
-----------------------------------------
| rollout/                |             |
|    ep_len_mean          | 21.8        |
|    ep_rew_mean          | 3.91        |
| time/                   |             |
|    fps                  | 305         |
|    iterations           | 4           |
|    time_elapsed         | 107         |
|    total_timesteps      | 32768       |
| train/                  |             |
|    approx_kl            | 0.018656708 |
|    clip_fraction        | 0.221       |
|    clip_range           | 0.2         |
|    entropy_loss         | -1.37       |
|    explained_variance   | 0.982       |
|    learning_rate        | 0.0003      |
|    loss                 | 0.23        |
|    n_updates            | 30          |
|    policy_gradient_loss | -0.0239     |
|    std                  | 0.948       |
|    value_loss           | 0.364       |
-----------------------------------------
-----------------------------------------
| rollout/                |             |
|    ep_len_mean          | 27.1        |
|    ep_rew_mean          | 4.65        |
| time/                   |             |
|    fps                  | 306         |
|    iterations           | 5           |
|    time_elapsed         | 133         |
|    total_timesteps      | 40960       |
| train/                  |             |
|    approx_kl            | 0.017262256 |
|    clip_fraction        | 0.204       |
|    clip_range           | 0.2         |
|    entropy_loss         | -1.34       |
|    explained_variance   | 0.907       |
|    learning_rate        | 0.0003      |
|    loss                 | 0.219       |
|    n_updates            | 40          |
|    policy_gradient_loss | -0.015      |
|    std                  | 0.906       |
|    value_loss           | 0.623       |
-----------------------------------------
-----------------------------------------
| rollout/                |             |
|    ep_len_mean          | 54.5        |
|    ep_rew_mean          | 7.75        |
| time/                   |             |
|    fps                  | 303         |
|    iterations           | 6           |
|    time_elapsed         | 162         |
|    total_timesteps      | 49152       |
| train/                  |             |
|    approx_kl            | 0.016772194 |
|    clip_fraction        | 0.21        |
|    clip_range           | 0.2         |
|    entropy_loss         | -1.3        |
|    explained_variance   | 0.806       |
|    learning_rate        | 0.0003      |
|    loss                 | 0.815       |
|    n_updates            | 50          |
|    policy_gradient_loss | -0.015      |
|    std                  | 0.87        |
|    value_loss           | 2.03        |
-----------------------------------------
-----------------------------------------
| rollout/                |             |
|    ep_len_mean          | 75.5        |
|    ep_rew_mean          | 10.5        |
| time/                   |             |
|    fps                  | 304         |
|    iterations           | 7           |
|    time_elapsed         | 188         |
|    total_timesteps      | 57344       |
| train/                  |             |
|    approx_kl            | 0.013463414 |
|    clip_fraction        | 0.165       |
|    clip_range           | 0.2         |
|    entropy_loss         | -1.26       |
|    explained_variance   | 0.651       |
|    learning_rate        | 0.0003      |
|    loss                 | 1.92        |
|    n_updates            | 60          |
|    policy_gradient_loss | -0.0167     |
|    std                  | 0.841       |
|    value_loss           | 3.69        |
-----------------------------------------
-----------------------------------------
| rollout/                |             |
|    ep_len_mean          | 101         |
|    ep_rew_mean          | 16.6        |
| time/                   |             |
|    fps                  | 304         |
|    iterations           | 8           |
|    time_elapsed         | 214         |
|    total_timesteps      | 65536       |
| train/                  |             |
|    approx_kl            | 0.019462522 |
|    clip_fraction        | 0.235       |
|    clip_range           | 0.2         |
|    entropy_loss         | -1.23       |
|    explained_variance   | 0.754       |
|    learning_rate        | 0.0003      |
|    loss                 | 1.43        |
|    n_updates            | 70          |
|    policy_gradient_loss | -0.0215     |
|    std                  | 0.814       |
|    value_loss           | 3.28        |
-----------------------------------------
-----------------------------------------
| rollout/                |             |
|    ep_len_mean          | 114         |
|    ep_rew_mean          | 23.3        |
| time/                   |             |
|    fps                  | 304         |
|    iterations           | 9           |
|    time_elapsed         | 241         |
|    total_timesteps      | 73728       |
| train/                  |             |
|    approx_kl            | 0.016368624 |
|    clip_fraction        | 0.236       |
|    clip_range           | 0.2         |
|    entropy_loss         | -1.19       |
|    explained_variance   | 0.765       |
|    learning_rate        | 0.0003      |
|    loss                 | 1.52        |
|    n_updates            | 80          |
|    policy_gradient_loss | -0.0197     |
|    std                  | 0.79        |
|    value_loss           | 1.86        |
-----------------------------------------
-----------------------------------------
| rollout/                |             |
|    ep_len_mean          | 118         |
|    ep_rew_mean          | 28.4        |
| time/                   |             |
|    fps                  | 304         |
|    iterations           | 10          |
|    time_elapsed         | 269         |
|    total_timesteps      | 81920       |
| train/                  |             |
|    approx_kl            | 0.019836083 |
|    clip_fraction        | 0.265       |
|    clip_range           | 0.2         |
|    entropy_loss         | -1.17       |
|    explained_variance   | 0.847       |
|    learning_rate        | 0.0003      |
|    loss                 | 0.472       |
|    n_updates            | 90          |
|    policy_gradient_loss | -0.0269     |
|    std                  | 0.773       |
|    value_loss           | 1.55        |
-----------------------------------------
----------------------------------------
| rollout/                |            |
|    ep_len_mean          | 117        |
|    ep_rew_mean          | 30.8       |
| time/                   |            |
|    fps                  | 307        |
|    iterations           | 11         |
|    time_elapsed         | 293        |
|    total_timesteps      | 90112      |
| train/                  |            |
|    approx_kl            | 0.02392497 |
|    clip_fraction        | 0.249      |
|    clip_range           | 0.2        |
|    entropy_loss         | -1.13      |
|    explained_variance   | 0.795      |
|    learning_rate        | 0.0003     |
|    loss                 | 0.984      |
|    n_updates            | 100        |
|    policy_gradient_loss | -0.026     |
|    std                  | 0.74       |
|    value_loss           | 1.81       |
----------------------------------------
-----------------------------------------
| rollout/                |             |
|    ep_len_mean          | 120         |
|    ep_rew_mean          | 33          |
| time/                   |             |
|    fps                  | 307         |
|    iterations           | 12          |
|    time_elapsed         | 319         |
|    total_timesteps      | 98304       |
| train/                  |             |
|    approx_kl            | 0.009639698 |
|    clip_fraction        | 0.145       |
|    clip_range           | 0.2         |
|    entropy_loss         | -1.11       |
|    explained_variance   | 0.472       |
|    learning_rate        | 0.0003      |
|    loss                 | 1.51        |
|    n_updates            | 110         |
|    policy_gradient_loss | -0.00139    |
|    std                  | 0.724       |
|    value_loss           | 5.23        |
-----------------------------------------
-----------------------------------------
| rollout/                |             |
|    ep_len_mean          | 117         |
|    ep_rew_mean          | 31.9        |
| time/                   |             |
|    fps                  | 307         |
|    iterations           | 13          |
|    time_elapsed         | 346         |
|    total_timesteps      | 106496      |
| train/                  |             |
|    approx_kl            | 0.010943406 |
|    clip_fraction        | 0.129       |
|    clip_range           | 0.2         |
|    entropy_loss         | -1.08       |
|    explained_variance   | 0.397       |
|    learning_rate        | 0.0003      |
|    loss                 | 2.04        |
|    n_updates            | 120         |
|    policy_gradient_loss | -0.00366    |
|    std                  | 0.712       |
|    value_loss           | 6.1         |
-----------------------------------------
-----------------------------------------
| rollout/                |             |
|    ep_len_mean          | 121         |
|    ep_rew_mean          | 34.1        |
| time/                   |             |
|    fps                  | 308         |
|    iterations           | 14          |
|    time_elapsed         | 371         |
|    total_timesteps      | 114688      |
| train/                  |             |
|    approx_kl            | 0.010966113 |
|    clip_fraction        | 0.169       |
|    clip_range           | 0.2         |
|    entropy_loss         | -1.08       |
|    explained_variance   | 0.525       |
|    learning_rate        | 0.0003      |
|    loss                 | 4.27        |
|    n_updates            | 130         |
|    policy_gradient_loss | -0.00945    |
|    std                  | 0.706       |
|    value_loss           | 8.31        |
-----------------------------------------
-----------------------------------------
| rollout/                |             |
|    ep_len_mean          | 125         |
|    ep_rew_mean          | 36.4        |
| time/                   |             |
|    fps                  | 309         |
|    iterations           | 15          |
|    time_elapsed         | 396         |
|    total_timesteps      | 122880      |
| train/                  |             |
|    approx_kl            | 0.015730936 |
|    clip_fraction        | 0.207       |
|    clip_range           | 0.2         |
|    entropy_loss         | -1.06       |
|    explained_variance   | 0.56        |
|    learning_rate        | 0.0003      |
|    loss                 | 6.48        |
|    n_updates            | 140         |
|    policy_gradient_loss | -0.0118     |
|    std                  | 0.69        |
|    value_loss           | 4.1         |
-----------------------------------------
-----------------------------------------
| rollout/                |             |
|    ep_len_mean          | 126         |
|    ep_rew_mean          | 36.9        |
| time/                   |             |
|    fps                  | 310         |
|    iterations           | 16          |
|    time_elapsed         | 422         |
|    total_timesteps      | 131072      |
| train/                  |             |
|    approx_kl            | 0.013089872 |
|    clip_fraction        | 0.169       |
|    clip_range           | 0.2         |
|    entropy_loss         | -1.03       |
|    explained_variance   | 0.697       |
|    learning_rate        | 0.0003      |
|    loss                 | 0.177       |
|    n_updates            | 150         |
|    policy_gradient_loss | -0.00484    |
|    std                  | 0.67        |
|    value_loss           | 0.963       |
-----------------------------------------
------------------------------------------
| rollout/                |              |
|    ep_len_mean          | 126          |
|    ep_rew_mean          | 36.3         |
| time/                   |              |
|    fps                  | 311          |
|    iterations           | 17           |
|    time_elapsed         | 447          |
|    total_timesteps      | 139264       |
| train/                  |              |
|    approx_kl            | 0.0065721674 |
|    clip_fraction        | 0.0969       |
|    clip_range           | 0.2          |
|    entropy_loss         | -1.01        |
|    explained_variance   | 0.916        |
|    learning_rate        | 0.0003       |
|    loss                 | 0.0844       |
|    n_updates            | 160          |
|    policy_gradient_loss | -0.00107     |
|    std                  | 0.656        |
|    value_loss           | 0.139        |
------------------------------------------
------------------------------------------
| rollout/                |              |
|    ep_len_mean          | 126          |
|    ep_rew_mean          | 36.2         |
| time/                   |              |
|    fps                  | 311          |
|    iterations           | 18           |
|    time_elapsed         | 473          |
|    total_timesteps      | 147456       |
| train/                  |              |
|    approx_kl            | 0.0070023797 |
|    clip_fraction        | 0.0803       |
|    clip_range           | 0.2          |
|    entropy_loss         | -1           |
|    explained_variance   | 0.939        |
|    learning_rate        | 0.0003       |
|    loss                 | 0.0426       |
|    n_updates            | 170          |
|    policy_gradient_loss | -0.00298     |
|    std                  | 0.663        |
|    value_loss           | 0.109        |
------------------------------------------
------------------------------------------
| rollout/                |              |
|    ep_len_mean          | 126          |
|    ep_rew_mean          | 36           |
| time/                   |              |
|    fps                  | 311          |
|    iterations           | 19           |
|    time_elapsed         | 500          |
|    total_timesteps      | 155648       |
| train/                  |              |
|    approx_kl            | 0.0050803022 |
|    clip_fraction        | 0.0682       |
|    clip_range           | 0.2          |
|    entropy_loss         | -1.02        |
|    explained_variance   | 0.96         |
|    learning_rate        | 0.0003       |
|    loss                 | 0.0156       |
|    n_updates            | 180          |
|    policy_gradient_loss | -0.001       |
|    std                  | 0.676        |
|    value_loss           | 0.0882       |
------------------------------------------
------------------------------------------
| rollout/                |              |
|    ep_len_mean          | 126          |
|    ep_rew_mean          | 36           |
| time/                   |              |
|    fps                  | 311          |
|    iterations           | 20           |
|    time_elapsed         | 526          |
|    total_timesteps      | 163840       |
| train/                  |              |
|    approx_kl            | 0.0056054974 |
|    clip_fraction        | 0.0712       |
|    clip_range           | 0.2          |
|    entropy_loss         | -1.02        |
|    explained_variance   | 0.96         |
|    learning_rate        | 0.0003       |
|    loss                 | 0.0396       |
|    n_updates            | 190          |
|    policy_gradient_loss | 0.00131      |
|    std                  | 0.67         |
|    value_loss           | 0.103        |
------------------------------------------
-----------------------------------------
| rollout/                |             |
|    ep_len_mean          | 125         |
|    ep_rew_mean          | 35.8        |
| time/                   |             |
|    fps                  | 310         |
|    iterations           | 21          |
|    time_elapsed         | 553         |
|    total_timesteps      | 172032      |
| train/                  |             |
|    approx_kl            | 0.007160681 |
|    clip_fraction        | 0.0713      |
|    clip_range           | 0.2         |
|    entropy_loss         | -1.02       |
|    explained_variance   | 0.97        |
|    learning_rate        | 0.0003      |
|    loss                 | 0.0338      |
|    n_updates            | 200         |
|    policy_gradient_loss | 0.000415    |
|    std                  | 0.67        |
|    value_loss           | 0.0677      |
-----------------------------------------
------------------------------------------
| rollout/                |              |
|    ep_len_mean          | 118          |
|    ep_rew_mean          | 33.4         |
| time/                   |              |
|    fps                  | 310          |
|    iterations           | 22           |
|    time_elapsed         | 579          |
|    total_timesteps      | 180224       |
| train/                  |              |
|    approx_kl            | 0.0059973444 |
|    clip_fraction        | 0.0786       |
|    clip_range           | 0.2          |
|    entropy_loss         | -1.01        |
|    explained_variance   | 0.591        |
|    learning_rate        | 0.0003       |
|    loss                 | 0.0215       |
|    n_updates            | 210          |
|    policy_gradient_loss | 0.00101      |
|    std                  | 0.661        |
|    value_loss           | 1.74         |
------------------------------------------
-----------------------------------------
| rollout/                |             |
|    ep_len_mean          | 119         |
|    ep_rew_mean          | 34.1        |
| time/                   |             |
|    fps                  | 311         |
|    iterations           | 23          |
|    time_elapsed         | 604         |
|    total_timesteps      | 188416      |
| train/                  |             |
|    approx_kl            | 0.011350969 |
|    clip_fraction        | 0.194       |
|    clip_range           | 0.2         |
|    entropy_loss         | -1          |
|    explained_variance   | 0.309       |
|    learning_rate        | 0.0003      |
|    loss                 | 3.72        |
|    n_updates            | 220         |
|    policy_gradient_loss | -0.00205    |
|    std                  | 0.658       |
|    value_loss           | 8.67        |
-----------------------------------------
-----------------------------------------
| rollout/                |             |
|    ep_len_mean          | 122         |
|    ep_rew_mean          | 35.3        |
| time/                   |             |
|    fps                  | 311         |
|    iterations           | 24          |
|    time_elapsed         | 632         |
|    total_timesteps      | 196608      |
| train/                  |             |
|    approx_kl            | 0.011108075 |
|    clip_fraction        | 0.133       |
|    clip_range           | 0.2         |
|    entropy_loss         | -0.991      |
|    explained_variance   | 0.646       |
|    learning_rate        | 0.0003      |
|    loss                 | 0.061       |
|    n_updates            | 230         |
|    policy_gradient_loss | -0.00325    |
|    std                  | 0.642       |
|    value_loss           | 1.92        |
-----------------------------------------
-----------------------------------------
| rollout/                |             |
|    ep_len_mean          | 125         |
|    ep_rew_mean          | 36          |
| time/                   |             |
|    fps                  | 311         |
|    iterations           | 25          |
|    time_elapsed         | 657         |
|    total_timesteps      | 204800      |
| train/                  |             |
|    approx_kl            | 0.019132363 |
|    clip_fraction        | 0.162       |
|    clip_range           | 0.2         |
|    entropy_loss         | -0.957      |
|    explained_variance   | 0.653       |
|    learning_rate        | 0.0003      |
|    loss                 | 0.66        |
|    n_updates            | 240         |
|    policy_gradient_loss | -0.00217    |
|    std                  | 0.624       |
|    value_loss           | 0.937       |
-----------------------------------------
-----------------------------------------
| rollout/                |             |
|    ep_len_mean          | 126         |
|    ep_rew_mean          | 36.5        |
| time/                   |             |
|    fps                  | 311         |
|    iterations           | 26          |
|    time_elapsed         | 682         |
|    total_timesteps      | 212992      |
| train/                  |             |
|    approx_kl            | 0.012116296 |
|    clip_fraction        | 0.143       |
|    clip_range           | 0.2         |
|    entropy_loss         | -0.935      |
|    explained_variance   | 0.948       |
|    learning_rate        | 0.0003      |
|    loss                 | 0.00434     |
|    n_updates            | 250         |
|    policy_gradient_loss | -0.00379    |
|    std                  | 0.611       |
|    value_loss           | 0.0571      |
-----------------------------------------
-----------------------------------------
| rollout/                |             |
|    ep_len_mean          | 125         |
|    ep_rew_mean          | 36.7        |
| time/                   |             |
|    fps                  | 311         |
|    iterations           | 27          |
|    time_elapsed         | 710         |
|    total_timesteps      | 221184      |
| train/                  |             |
|    approx_kl            | 0.011365557 |
|    clip_fraction        | 0.14        |
|    clip_range           | 0.2         |
|    entropy_loss         | -0.909      |
|    explained_variance   | 0.973       |
|    learning_rate        | 0.0003      |
|    loss                 | 0.0193      |
|    n_updates            | 260         |
|    policy_gradient_loss | -0.00543    |
|    std                  | 0.598       |
|    value_loss           | 0.0512      |
-----------------------------------------
-----------------------------------------
| rollout/                |             |
|    ep_len_mean          | 125         |
|    ep_rew_mean          | 36.7        |
| time/                   |             |
|    fps                  | 312         |
|    iterations           | 28          |
|    time_elapsed         | 734         |
|    total_timesteps      | 229376      |
| train/                  |             |
|    approx_kl            | 0.010631564 |
|    clip_fraction        | 0.127       |
|    clip_range           | 0.2         |
|    entropy_loss         | -0.904      |
|    explained_variance   | 0.427       |
|    learning_rate        | 0.0003      |
|    loss                 | 3.79        |
|    n_updates            | 270         |
|    policy_gradient_loss | 0.00368     |
|    std                  | 0.597       |
|    value_loss           | 3.1         |
-----------------------------------------
------------------------------------------
| rollout/                |              |
|    ep_len_mean          | 126          |
|    ep_rew_mean          | 37.1         |
| time/                   |              |
|    fps                  | 311          |
|    iterations           | 29           |
|    time_elapsed         | 761          |
|    total_timesteps      | 237568       |
| train/                  |              |
|    approx_kl            | 0.0048839133 |
|    clip_fraction        | 0.0887       |
|    clip_range           | 0.2          |
|    entropy_loss         | -0.907       |
|    explained_variance   | 0.975        |
|    learning_rate        | 0.0003       |
|    loss                 | 0.0193       |
|    n_updates            | 280          |
|    policy_gradient_loss | 0.00236      |
|    std                  | 0.597        |
|    value_loss           | 0.0482       |
------------------------------------------
------------------------------------------
| rollout/                |              |
|    ep_len_mean          | 126          |
|    ep_rew_mean          | 37.2         |
| time/                   |              |
|    fps                  | 312          |
|    iterations           | 30           |
|    time_elapsed         | 787          |
|    total_timesteps      | 245760       |
| train/                  |              |
|    approx_kl            | 0.0066745584 |
|    clip_fraction        | 0.088        |
|    clip_range           | 0.2          |
|    entropy_loss         | -0.891       |
|    explained_variance   | 0.968        |
|    learning_rate        | 0.0003       |
|    loss                 | 0.039        |
|    n_updates            | 290          |
|    policy_gradient_loss | -0.000185    |
|    std                  | 0.582        |
|    value_loss           | 0.0708       |
------------------------------------------
-----------------------------------------
| rollout/                |             |
|    ep_len_mean          | 126         |
|    ep_rew_mean          | 37.5        |
| time/                   |             |
|    fps                  | 311         |
|    iterations           | 31          |
|    time_elapsed         | 814         |
|    total_timesteps      | 253952      |
| train/                  |             |
|    approx_kl            | 0.005101958 |
|    clip_fraction        | 0.097       |
|    clip_range           | 0.2         |
|    entropy_loss         | -0.874      |
|    explained_variance   | 0.497       |
|    learning_rate        | 0.0003      |
|    loss                 | 0.0708      |
|    n_updates            | 300         |
|    policy_gradient_loss | 0.00305     |
|    std                  | 0.58        |
|    value_loss           | 2.14        |
-----------------------------------------
------------------------------------------
| rollout/                |              |
|    ep_len_mean          | 126          |
|    ep_rew_mean          | 37.6         |
| time/                   |              |
|    fps                  | 311          |
|    iterations           | 32           |
|    time_elapsed         | 840          |
|    total_timesteps      | 262144       |
| train/                  |              |
|    approx_kl            | 0.0044010077 |
|    clip_fraction        | 0.063        |
|    clip_range           | 0.2          |
|    entropy_loss         | -0.87        |
|    explained_variance   | 0.967        |
|    learning_rate        | 0.0003       |
|    loss                 | -0.0118      |
|    n_updates            | 310          |
|    policy_gradient_loss | 0.000401     |
|    std                  | 0.576        |
|    value_loss           | 0.0598       |
------------------------------------------
------------------------------------------
| rollout/                |              |
|    ep_len_mean          | 126          |
|    ep_rew_mean          | 37.2         |
| time/                   |              |
|    fps                  | 312          |
|    iterations           | 33           |
|    time_elapsed         | 866          |
|    total_timesteps      | 270336       |
| train/                  |              |
|    approx_kl            | 0.0066139735 |
|    clip_fraction        | 0.0867       |
|    clip_range           | 0.2          |
|    entropy_loss         | -0.858       |
|    explained_variance   | 0.975        |
|    learning_rate        | 0.0003       |
|    loss                 | -0.00544     |
|    n_updates            | 320          |
|    policy_gradient_loss | 0.000193     |
|    std                  | 0.569        |
|    value_loss           | 0.058        |
------------------------------------------
-----------------------------------------
| rollout/                |             |
|    ep_len_mean          | 124         |
|    ep_rew_mean          | 36.2        |
| time/                   |             |
|    fps                  | 311         |
|    iterations           | 34          |
|    time_elapsed         | 892         |
|    total_timesteps      | 278528      |
| train/                  |             |
|    approx_kl            | 0.008833589 |
|    clip_fraction        | 0.0956      |
|    clip_range           | 0.2         |
|    entropy_loss         | -0.848      |
|    explained_variance   | 0.972       |
|    learning_rate        | 0.0003      |
|    loss                 | 0.0182      |
|    n_updates            | 330         |
|    policy_gradient_loss | -0.000735   |
|    std                  | 0.565       |
|    value_loss           | 0.0625      |
-----------------------------------------
----------------------------------------
| rollout/                |            |
|    ep_len_mean          | 124        |
|    ep_rew_mean          | 35.9       |
| time/                   |            |
|    fps                  | 311        |
|    iterations           | 35         |
|    time_elapsed         | 919        |
|    total_timesteps      | 286720     |
| train/                  |            |
|    approx_kl            | 0.04112003 |
|    clip_fraction        | 0.252      |
|    clip_range           | 0.2        |
|    entropy_loss         | -0.848     |
|    explained_variance   | 0.229      |
|    learning_rate        | 0.0003     |
|    loss                 | 0.96       |
|    n_updates            | 340        |
|    policy_gradient_loss | 0.00741    |
|    std                  | 0.564      |
|    value_loss           | 8.34       |
----------------------------------------
-----------------------------------------
| rollout/                |             |
|    ep_len_mean          | 123         |
|    ep_rew_mean          | 35          |
| time/                   |             |
|    fps                  | 311         |
|    iterations           | 36          |
|    time_elapsed         | 946         |
|    total_timesteps      | 294912      |
| train/                  |             |
|    approx_kl            | 0.021544043 |
|    clip_fraction        | 0.251       |
|    clip_range           | 0.2         |
|    entropy_loss         | -0.853      |
|    explained_variance   | 0.184       |
|    learning_rate        | 0.0003      |
|    loss                 | 5.43        |
|    n_updates            | 350         |
|    policy_gradient_loss | 0.00494     |
|    std                  | 0.571       |
|    value_loss           | 13.1        |
-----------------------------------------
-----------------------------------------
| rollout/                |             |
|    ep_len_mean          | 124         |
|    ep_rew_mean          | 35.9        |
| time/                   |             |
|    fps                  | 311         |
|    iterations           | 37          |
|    time_elapsed         | 973         |
|    total_timesteps      | 303104      |
| train/                  |             |
|    approx_kl            | 0.018908244 |
|    clip_fraction        | 0.213       |
|    clip_range           | 0.2         |
|    entropy_loss         | -0.859      |
|    explained_variance   | 0.18        |
|    learning_rate        | 0.0003      |
|    loss                 | 7.24        |
|    n_updates            | 360         |
|    policy_gradient_loss | -0.0019     |
|    std                  | 0.572       |
|    value_loss           | 14.5        |
-----------------------------------------
-----------------------------------------
| rollout/                |             |
|    ep_len_mean          | 125         |
|    ep_rew_mean          | 36.7        |
| time/                   |             |
|    fps                  | 312         |
|    iterations           | 38          |
|    time_elapsed         | 997         |
|    total_timesteps      | 311296      |
| train/                  |             |
|    approx_kl            | 0.012125794 |
|    clip_fraction        | 0.163       |
|    clip_range           | 0.2         |
|    entropy_loss         | -0.841      |
|    explained_variance   | 0.741       |
|    learning_rate        | 0.0003      |
|    loss                 | 0.0358      |
|    n_updates            | 370         |
|    policy_gradient_loss | -0.003      |
|    std                  | 0.557       |
|    value_loss           | 0.437       |
-----------------------------------------
----------------------------------------
| rollout/                |            |
|    ep_len_mean          | 125        |
|    ep_rew_mean          | 35.8       |
| time/                   |            |
|    fps                  | 312        |
|    iterations           | 39         |
|    time_elapsed         | 1023       |
|    total_timesteps      | 319488     |
| train/                  |            |
|    approx_kl            | 0.00991649 |
|    clip_fraction        | 0.129      |
|    clip_range           | 0.2        |
|    entropy_loss         | -0.827     |
|    explained_variance   | 0.696      |
|    learning_rate        | 0.0003     |
|    loss                 | 0.0421     |
|    n_updates            | 380        |
|    policy_gradient_loss | -0.00505   |
|    std                  | 0.551      |
|    value_loss           | 0.648      |
----------------------------------------
------------------------------------------
| rollout/                |              |
|    ep_len_mean          | 126          |
|    ep_rew_mean          | 35.3         |
| time/                   |              |
|    fps                  | 311          |
|    iterations           | 40           |
|    time_elapsed         | 1053         |
|    total_timesteps      | 327680       |
| train/                  |              |
|    approx_kl            | 0.0067196395 |
|    clip_fraction        | 0.0868       |
|    clip_range           | 0.2          |
|    entropy_loss         | -0.813       |
|    explained_variance   | 0.946        |
|    learning_rate        | 0.0003       |
|    loss                 | 0.0576       |
|    n_updates            | 390          |
|    policy_gradient_loss | -0.00377     |
|    std                  | 0.543        |
|    value_loss           | 0.151        |
------------------------------------------
-----------------------------------------
| rollout/                |             |
|    ep_len_mean          | 126         |
|    ep_rew_mean          | 35          |
| time/                   |             |
|    fps                  | 311         |
|    iterations           | 41          |
|    time_elapsed         | 1077        |
|    total_timesteps      | 335872      |
| train/                  |             |
|    approx_kl            | 0.006017823 |
|    clip_fraction        | 0.0606      |
|    clip_range           | 0.2         |
|    entropy_loss         | -0.794      |
|    explained_variance   | 0.959       |
|    learning_rate        | 0.0003      |
|    loss                 | 0.0878      |
|    n_updates            | 400         |
|    policy_gradient_loss | -0.0018     |
|    std                  | 0.53        |
|    value_loss           | 0.157       |
-----------------------------------------
-----------------------------------------
| rollout/                |             |
|    ep_len_mean          | 126         |
|    ep_rew_mean          | 35.3        |
| time/                   |             |
|    fps                  | 311         |
|    iterations           | 42          |
|    time_elapsed         | 1102        |
|    total_timesteps      | 344064      |
| train/                  |             |
|    approx_kl            | 0.005037038 |
|    clip_fraction        | 0.0632      |
|    clip_range           | 0.2         |
|    entropy_loss         | -0.778      |
|    explained_variance   | 0.955       |
|    learning_rate        | 0.0003      |
|    loss                 | 0.173       |
|    n_updates            | 410         |
|    policy_gradient_loss | -0.00133    |
|    std                  | 0.523       |
|    value_loss           | 0.175       |
-----------------------------------------
-----------------------------------------
| rollout/                |             |
|    ep_len_mean          | 126         |
|    ep_rew_mean          | 35.5        |
| time/                   |             |
|    fps                  | 311         |
|    iterations           | 43          |
|    time_elapsed         | 1130        |
|    total_timesteps      | 352256      |
| train/                  |             |
|    approx_kl            | 0.008376326 |
|    clip_fraction        | 0.0833      |
|    clip_range           | 0.2         |
|    entropy_loss         | -0.771      |
|    explained_variance   | 0.956       |
|    learning_rate        | 0.0003      |
|    loss                 | 0.0659      |
|    n_updates            | 420         |
|    policy_gradient_loss | -0.000976   |
|    std                  | 0.523       |
|    value_loss           | 0.171       |
-----------------------------------------
-----------------------------------------
| rollout/                |             |
|    ep_len_mean          | 126         |
|    ep_rew_mean          | 35.5        |
| time/                   |             |
|    fps                  | 312         |
|    iterations           | 44          |
|    time_elapsed         | 1154        |
|    total_timesteps      | 360448      |
| train/                  |             |
|    approx_kl            | 0.005941077 |
|    clip_fraction        | 0.0782      |
|    clip_range           | 0.2         |
|    entropy_loss         | -0.754      |
|    explained_variance   | 0.945       |
|    learning_rate        | 0.0003      |
|    loss                 | 0.121       |
|    n_updates            | 430         |
|    policy_gradient_loss | -0.000664   |
|    std                  | 0.51        |
|    value_loss           | 0.218       |
-----------------------------------------
-----------------------------------------
| rollout/                |             |
|    ep_len_mean          | 126         |
|    ep_rew_mean          | 35.5        |
| time/                   |             |
|    fps                  | 312         |
|    iterations           | 45          |
|    time_elapsed         | 1181        |
|    total_timesteps      | 368640      |
| train/                  |             |
|    approx_kl            | 0.007950416 |
|    clip_fraction        | 0.0811      |
|    clip_range           | 0.2         |
|    entropy_loss         | -0.733      |
|    explained_variance   | 0.943       |
|    learning_rate        | 0.0003      |
|    loss                 | 0.0831      |
|    n_updates            | 440         |
|    policy_gradient_loss | 7.92e-05    |
|    std                  | 0.498       |
|    value_loss           | 0.199       |
-----------------------------------------
-----------------------------------------
| rollout/                |             |
|    ep_len_mean          | 126         |
|    ep_rew_mean          | 35.7        |
| time/                   |             |
|    fps                  | 312         |
|    iterations           | 46          |
|    time_elapsed         | 1207        |
|    total_timesteps      | 376832      |
| train/                  |             |
|    approx_kl            | 0.006130097 |
|    clip_fraction        | 0.0878      |
|    clip_range           | 0.2         |
|    entropy_loss         | -0.73       |
|    explained_variance   | 0.933       |
|    learning_rate        | 0.0003      |
|    loss                 | 0.114       |
|    n_updates            | 450         |
|    policy_gradient_loss | -0.000236   |
|    std                  | 0.503       |
|    value_loss           | 0.222       |
-----------------------------------------
-----------------------------------------
| rollout/                |             |
|    ep_len_mean          | 126         |
|    ep_rew_mean          | 35.6        |
| time/                   |             |
|    fps                  | 312         |
|    iterations           | 47          |
|    time_elapsed         | 1231        |
|    total_timesteps      | 385024      |
| train/                  |             |
|    approx_kl            | 0.009265512 |
|    clip_fraction        | 0.0825      |
|    clip_range           | 0.2         |
|    entropy_loss         | -0.716      |
|    explained_variance   | 0.944       |
|    learning_rate        | 0.0003      |
|    loss                 | 0.117       |
|    n_updates            | 460         |
|    policy_gradient_loss | -0.00198    |
|    std                  | 0.49        |
|    value_loss           | 0.207       |
-----------------------------------------
-----------------------------------------
| rollout/                |             |
|    ep_len_mean          | 126         |
|    ep_rew_mean          | 36          |
| time/                   |             |
|    fps                  | 312         |
|    iterations           | 48          |
|    time_elapsed         | 1258        |
|    total_timesteps      | 393216      |
| train/                  |             |
|    approx_kl            | 0.007840953 |
|    clip_fraction        | 0.0805      |
|    clip_range           | 0.2         |
|    entropy_loss         | -0.695      |
|    explained_variance   | 0.937       |
|    learning_rate        | 0.0003      |
|    loss                 | 0.0857      |
|    n_updates            | 470         |
|    policy_gradient_loss | -0.0017     |
|    std                  | 0.481       |
|    value_loss           | 0.22        |
-----------------------------------------
------------------------------------------
| rollout/                |              |
|    ep_len_mean          | 126          |
|    ep_rew_mean          | 36.2         |
| time/                   |              |
|    fps                  | 312          |
|    iterations           | 49           |
|    time_elapsed         | 1284         |
|    total_timesteps      | 401408       |
| train/                  |              |
|    approx_kl            | 0.0069503197 |
|    clip_fraction        | 0.0781       |
|    clip_range           | 0.2          |
|    entropy_loss         | -0.676       |
|    explained_variance   | 0.916        |
|    learning_rate        | 0.0003       |
|    loss                 | 0.0712       |
|    n_updates            | 480          |
|    policy_gradient_loss | -0.000459    |
|    std                  | 0.473        |
|    value_loss           | 0.274        |
------------------------------------------
-----------------------------------------
| rollout/                |             |
|    ep_len_mean          | 126         |
|    ep_rew_mean          | 36.3        |
| time/                   |             |
|    fps                  | 312         |
|    iterations           | 50          |
|    time_elapsed         | 1310        |
|    total_timesteps      | 409600      |
| train/                  |             |
|    approx_kl            | 0.003987705 |
|    clip_fraction        | 0.0711      |
|    clip_range           | 0.2         |
|    entropy_loss         | -0.657      |
|    explained_variance   | 0.908       |
|    learning_rate        | 0.0003      |
|    loss                 | 0.116       |
|    n_updates            | 490         |
|    policy_gradient_loss | 0.000743    |
|    std                  | 0.464       |
|    value_loss           | 0.307       |
-----------------------------------------
-----------------------------------------
| rollout/                |             |
|    ep_len_mean          | 126         |
|    ep_rew_mean          | 36          |
| time/                   |             |
|    fps                  | 312         |
|    iterations           | 51          |
|    time_elapsed         | 1336        |
|    total_timesteps      | 417792      |
| train/                  |             |
|    approx_kl            | 0.008677294 |
|    clip_fraction        | 0.0682      |
|    clip_range           | 0.2         |
|    entropy_loss         | -0.64       |
|    explained_variance   | 0.901       |
|    learning_rate        | 0.0003      |
|    loss                 | 0.148       |
|    n_updates            | 500         |
|    policy_gradient_loss | -6.74e-05   |
|    std                  | 0.454       |
|    value_loss           | 0.342       |
-----------------------------------------
-----------------------------------------
| rollout/                |             |
|    ep_len_mean          | 126         |
|    ep_rew_mean          | 36.1        |
| time/                   |             |
|    fps                  | 312         |
|    iterations           | 52          |
|    time_elapsed         | 1363        |
|    total_timesteps      | 425984      |
| train/                  |             |
|    approx_kl            | 0.008021923 |
|    clip_fraction        | 0.0789      |
|    clip_range           | 0.2         |
|    entropy_loss         | -0.618      |
|    explained_variance   | 0.903       |
|    learning_rate        | 0.0003      |
|    loss                 | 0.12        |
|    n_updates            | 510         |
|    policy_gradient_loss | -0.00103    |
|    std                  | 0.446       |
|    value_loss           | 0.324       |
-----------------------------------------
------------------------------------------
| rollout/                |              |
|    ep_len_mean          | 126          |
|    ep_rew_mean          | 36.1         |
| time/                   |              |
|    fps                  | 312          |
|    iterations           | 53           |
|    time_elapsed         | 1390         |
|    total_timesteps      | 434176       |
| train/                  |              |
|    approx_kl            | 0.0074256314 |
|    clip_fraction        | 0.0733       |
|    clip_range           | 0.2          |
|    entropy_loss         | -0.604       |
|    explained_variance   | 0.901        |
|    learning_rate        | 0.0003       |
|    loss                 | 0.149        |
|    n_updates            | 520          |
|    policy_gradient_loss | 0.000863     |
|    std                  | 0.443        |
|    value_loss           | 0.351        |
------------------------------------------
------------------------------------------
| rollout/                |              |
|    ep_len_mean          | 126          |
|    ep_rew_mean          | 36.4         |
| time/                   |              |
|    fps                  | 312          |
|    iterations           | 54           |
|    time_elapsed         | 1416         |
|    total_timesteps      | 442368       |
| train/                  |              |
|    approx_kl            | 0.0074304664 |
|    clip_fraction        | 0.0816       |
|    clip_range           | 0.2          |
|    entropy_loss         | -0.59        |
|    explained_variance   | 0.892        |
|    learning_rate        | 0.0003       |
|    loss                 | 0.251        |
|    n_updates            | 530          |
|    policy_gradient_loss | 0.00103      |
|    std                  | 0.434        |
|    value_loss           | 0.396        |
------------------------------------------
------------------------------------------
| rollout/                |              |
|    ep_len_mean          | 126          |
|    ep_rew_mean          | 36.5         |
| time/                   |              |
|    fps                  | 311          |
|    iterations           | 55           |
|    time_elapsed         | 1445         |
|    total_timesteps      | 450560       |
| train/                  |              |
|    approx_kl            | 0.0054443413 |
|    clip_fraction        | 0.076        |
|    clip_range           | 0.2          |
|    entropy_loss         | -0.575       |
|    explained_variance   | 0.904        |
|    learning_rate        | 0.0003       |
|    loss                 | 0.157        |
|    n_updates            | 540          |
|    policy_gradient_loss | 0.000551     |
|    std                  | 0.428        |
|    value_loss           | 0.357        |
------------------------------------------
-----------------------------------------
| rollout/                |             |
|    ep_len_mean          | 126         |
|    ep_rew_mean          | 36.2        |
| time/                   |             |
|    fps                  | 312         |
|    iterations           | 56          |
|    time_elapsed         | 1469        |
|    total_timesteps      | 458752      |
| train/                  |             |
|    approx_kl            | 0.007060432 |
|    clip_fraction        | 0.08        |
|    clip_range           | 0.2         |
|    entropy_loss         | -0.554      |
|    explained_variance   | 0.903       |
|    learning_rate        | 0.0003      |
|    loss                 | 0.157       |
|    n_updates            | 550         |
|    policy_gradient_loss | -0.00044    |
|    std                  | 0.418       |
|    value_loss           | 0.385       |
-----------------------------------------
------------------------------------------
| rollout/                |              |
|    ep_len_mean          | 126          |
|    ep_rew_mean          | 36.5         |
| time/                   |              |
|    fps                  | 312          |
|    iterations           | 57           |
|    time_elapsed         | 1495         |
|    total_timesteps      | 466944       |
| train/                  |              |
|    approx_kl            | 0.0061933016 |
|    clip_fraction        | 0.093        |
|    clip_range           | 0.2          |
|    entropy_loss         | -0.54        |
|    explained_variance   | 0.897        |
|    learning_rate        | 0.0003       |
|    loss                 | 0.0837       |
|    n_updates            | 560          |
|    policy_gradient_loss | -8.82e-06    |
|    std                  | 0.416        |
|    value_loss           | 0.44         |
------------------------------------------
-----------------------------------------
| rollout/                |             |
|    ep_len_mean          | 126         |
|    ep_rew_mean          | 36.5        |
| time/                   |             |
|    fps                  | 311         |
|    iterations           | 58          |
|    time_elapsed         | 1523        |
|    total_timesteps      | 475136      |
| train/                  |             |
|    approx_kl            | 0.009587263 |
|    clip_fraction        | 0.0942      |
|    clip_range           | 0.2         |
|    entropy_loss         | -0.539      |
|    explained_variance   | 0.891       |
|    learning_rate        | 0.0003      |
|    loss                 | 0.313       |
|    n_updates            | 570         |
|    policy_gradient_loss | 0.00147     |
|    std                  | 0.413       |
|    value_loss           | 0.435       |
-----------------------------------------
----------------------------------------
| rollout/                |            |
|    ep_len_mean          | 126        |
|    ep_rew_mean          | 36.3       |
| time/                   |            |
|    fps                  | 312        |
|    iterations           | 59         |
|    time_elapsed         | 1547       |
|    total_timesteps      | 483328     |
| train/                  |            |
|    approx_kl            | 0.00806712 |
|    clip_fraction        | 0.0898     |
|    clip_range           | 0.2        |
|    entropy_loss         | -0.523     |
|    explained_variance   | 0.889      |
|    learning_rate        | 0.0003     |
|    loss                 | 0.125      |
|    n_updates            | 580        |
|    policy_gradient_loss | -0.00041   |
|    std                  | 0.405      |
|    value_loss           | 0.411      |
----------------------------------------
---------------------------------------
| rollout/                |           |
|    ep_len_mean          | 126       |
|    ep_rew_mean          | 36.3      |
| time/                   |           |
|    fps                  | 312       |
|    iterations           | 60        |
|    time_elapsed         | 1574      |
|    total_timesteps      | 491520    |
| train/                  |           |
|    approx_kl            | 0.0064356 |
|    clip_fraction        | 0.0844    |
|    clip_range           | 0.2       |
|    entropy_loss         | -0.504    |
|    explained_variance   | 0.918     |
|    learning_rate        | 0.0003    |
|    loss                 | 0.121     |
|    n_updates            | 590       |
|    policy_gradient_loss | 0.000784  |
|    std                  | 0.399     |
|    value_loss           | 0.338     |
---------------------------------------
-----------------------------------------
| rollout/                |             |
|    ep_len_mean          | 126         |
|    ep_rew_mean          | 36.4        |
| time/                   |             |
|    fps                  | 312         |
|    iterations           | 61          |
|    time_elapsed         | 1600        |
|    total_timesteps      | 499712      |
| train/                  |             |
|    approx_kl            | 0.006186526 |
|    clip_fraction        | 0.108       |
|    clip_range           | 0.2         |
|    entropy_loss         | -0.489      |
|    explained_variance   | 0.92        |
|    learning_rate        | 0.0003      |
|    loss                 | 0.253       |
|    n_updates            | 600         |
|    policy_gradient_loss | 0.00048     |
|    std                  | 0.393       |
|    value_loss           | 0.356       |
-----------------------------------------
-----------------------------------------
| rollout/                |             |
|    ep_len_mean          | 126         |
|    ep_rew_mean          | 36.6        |
| time/                   |             |
|    fps                  | 312         |
|    iterations           | 62          |
|    time_elapsed         | 1626        |
|    total_timesteps      | 507904      |
| train/                  |             |
|    approx_kl            | 0.011549678 |
|    clip_fraction        | 0.122       |
|    clip_range           | 0.2         |
|    entropy_loss         | -0.476      |
|    explained_variance   | 0.926       |
|    learning_rate        | 0.0003      |
|    loss                 | 0.262       |
|    n_updates            | 610         |
|    policy_gradient_loss | 4.25e-05    |
|    std                  | 0.388       |
|    value_loss           | 0.329       |
-----------------------------------------
-----------------------------------------
| rollout/                |             |
|    ep_len_mean          | 126         |
|    ep_rew_mean          | 36.4        |
| time/                   |             |
|    fps                  | 312         |
|    iterations           | 63          |
|    time_elapsed         | 1653        |
|    total_timesteps      | 516096      |
| train/                  |             |
|    approx_kl            | 0.011284489 |
|    clip_fraction        | 0.118       |
|    clip_range           | 0.2         |
|    entropy_loss         | -0.464      |
|    explained_variance   | 0.897       |
|    learning_rate        | 0.0003      |
|    loss                 | 0.231       |
|    n_updates            | 620         |
|    policy_gradient_loss | 0.000773    |
|    std                  | 0.385       |
|    value_loss           | 0.426       |
-----------------------------------------
-----------------------------------------
| rollout/                |             |
|    ep_len_mean          | 126         |
|    ep_rew_mean          | 36.3        |
| time/                   |             |
|    fps                  | 311         |
|    iterations           | 64          |
|    time_elapsed         | 1681        |
|    total_timesteps      | 524288      |
| train/                  |             |
|    approx_kl            | 0.008216118 |
|    clip_fraction        | 0.103       |
|    clip_range           | 0.2         |
|    entropy_loss         | -0.457      |
|    explained_variance   | 0.91        |
|    learning_rate        | 0.0003      |
|    loss                 | 0.212       |
|    n_updates            | 630         |
|    policy_gradient_loss | 0.000435    |
|    std                  | 0.379       |
|    value_loss           | 0.395       |
-----------------------------------------
-----------------------------------------
| rollout/                |             |
|    ep_len_mean          | 126         |
|    ep_rew_mean          | 36.4        |
| time/                   |             |
|    fps                  | 311         |
|    iterations           | 65          |
|    time_elapsed         | 1708        |
|    total_timesteps      | 532480      |
| train/                  |             |
|    approx_kl            | 0.008809447 |
|    clip_fraction        | 0.13        |
|    clip_range           | 0.2         |
|    entropy_loss         | -0.44       |
|    explained_variance   | 0.922       |
|    learning_rate        | 0.0003      |
|    loss                 | 0.22        |
|    n_updates            | 640         |
|    policy_gradient_loss | -0.000527   |
|    std                  | 0.375       |
|    value_loss           | 0.353       |
-----------------------------------------
-----------------------------------------
| rollout/                |             |
|    ep_len_mean          | 126         |
|    ep_rew_mean          | 36.4        |
| time/                   |             |
|    fps                  | 311         |
|    iterations           | 66          |
|    time_elapsed         | 1733        |
|    total_timesteps      | 540672      |
| train/                  |             |
|    approx_kl            | 0.012335446 |
|    clip_fraction        | 0.137       |
|    clip_range           | 0.2         |
|    entropy_loss         | -0.424      |
|    explained_variance   | 0.911       |
|    learning_rate        | 0.0003      |
|    loss                 | 0.254       |
|    n_updates            | 650         |
|    policy_gradient_loss | -0.00014    |
|    std                  | 0.368       |
|    value_loss           | 0.413       |
-----------------------------------------
-----------------------------------------
| rollout/                |             |
|    ep_len_mean          | 126         |
|    ep_rew_mean          | 36.5        |
| time/                   |             |
|    fps                  | 311         |
|    iterations           | 67          |
|    time_elapsed         | 1760        |
|    total_timesteps      | 548864      |
| train/                  |             |
|    approx_kl            | 0.011152923 |
|    clip_fraction        | 0.13        |
|    clip_range           | 0.2         |
|    entropy_loss         | -0.406      |
|    explained_variance   | 0.896       |
|    learning_rate        | 0.0003      |
|    loss                 | 0.159       |
|    n_updates            | 660         |
|    policy_gradient_loss | -0.000584   |
|    std                  | 0.362       |
|    value_loss           | 0.329       |
-----------------------------------------
----------------------------------------
| rollout/                |            |
|    ep_len_mean          | 126        |
|    ep_rew_mean          | 36.1       |
| time/                   |            |
|    fps                  | 311        |
|    iterations           | 68         |
|    time_elapsed         | 1788       |
|    total_timesteps      | 557056     |
| train/                  |            |
|    approx_kl            | 0.00894037 |
|    clip_fraction        | 0.126      |
|    clip_range           | 0.2        |
|    entropy_loss         | -0.396     |
|    explained_variance   | 0.915      |
|    learning_rate        | 0.0003     |
|    loss                 | 0.24       |
|    n_updates            | 670        |
|    policy_gradient_loss | -0.000246  |
|    std                  | 0.358      |
|    value_loss           | 0.339      |
----------------------------------------
----------------------------------------
| rollout/                |            |
|    ep_len_mean          | 126        |
|    ep_rew_mean          | 36         |
| time/                   |            |
|    fps                  | 311        |
|    iterations           | 69         |
|    time_elapsed         | 1814       |
|    total_timesteps      | 565248     |
| train/                  |            |
|    approx_kl            | 0.01218637 |
|    clip_fraction        | 0.137      |
|    clip_range           | 0.2        |
|    entropy_loss         | -0.383     |
|    explained_variance   | 0.936      |
|    learning_rate        | 0.0003     |
|    loss                 | 0.186      |
|    n_updates            | 680        |
|    policy_gradient_loss | 0.00191    |
|    std                  | 0.353      |
|    value_loss           | 0.283      |
----------------------------------------
-----------------------------------------
| rollout/                |             |
|    ep_len_mean          | 126         |
|    ep_rew_mean          | 36.2        |
| time/                   |             |
|    fps                  | 311         |
|    iterations           | 70          |
|    time_elapsed         | 1840        |
|    total_timesteps      | 573440      |
| train/                  |             |
|    approx_kl            | 0.008390499 |
|    clip_fraction        | 0.137       |
|    clip_range           | 0.2         |
|    entropy_loss         | -0.37       |
|    explained_variance   | 0.941       |
|    learning_rate        | 0.0003      |
|    loss                 | 0.152       |
|    n_updates            | 690         |
|    policy_gradient_loss | 0.000812    |
|    std                  | 0.348       |
|    value_loss           | 0.258       |
-----------------------------------------
-----------------------------------------
| rollout/                |             |
|    ep_len_mean          | 126         |
|    ep_rew_mean          | 36          |
| time/                   |             |
|    fps                  | 311         |
|    iterations           | 71          |
|    time_elapsed         | 1867        |
|    total_timesteps      | 581632      |
| train/                  |             |
|    approx_kl            | 0.013992416 |
|    clip_fraction        | 0.133       |
|    clip_range           | 0.2         |
|    entropy_loss         | -0.358      |
|    explained_variance   | 0.909       |
|    learning_rate        | 0.0003      |
|    loss                 | 0.148       |
|    n_updates            | 700         |
|    policy_gradient_loss | 0.00324     |
|    std                  | 0.344       |
|    value_loss           | 0.348       |
-----------------------------------------
-----------------------------------------
| rollout/                |             |
|    ep_len_mean          | 126         |
|    ep_rew_mean          | 35.7        |
| time/                   |             |
|    fps                  | 311         |
|    iterations           | 72          |
|    time_elapsed         | 1894        |
|    total_timesteps      | 589824      |
| train/                  |             |
|    approx_kl            | 0.009039095 |
|    clip_fraction        | 0.123       |
|    clip_range           | 0.2         |
|    entropy_loss         | -0.333      |
|    explained_variance   | 0.934       |
|    learning_rate        | 0.0003      |
|    loss                 | 0.0702      |
|    n_updates            | 710         |
|    policy_gradient_loss | 0.00339     |
|    std                  | 0.334       |
|    value_loss           | 0.278       |
-----------------------------------------
------------------------------------------
| rollout/                |              |
|    ep_len_mean          | 126          |
|    ep_rew_mean          | 35.8         |
| time/                   |              |
|    fps                  | 311          |
|    iterations           | 73           |
|    time_elapsed         | 1920         |
|    total_timesteps      | 598016       |
| train/                  |              |
|    approx_kl            | 0.0095517915 |
|    clip_fraction        | 0.134        |
|    clip_range           | 0.2          |
|    entropy_loss         | -0.32        |
|    explained_variance   | 0.939        |
|    learning_rate        | 0.0003       |
|    loss                 | 0.176        |
|    n_updates            | 720          |
|    policy_gradient_loss | 0.00427      |
|    std                  | 0.333        |
|    value_loss           | 0.294        |
------------------------------------------
-----------------------------------------
| rollout/                |             |
|    ep_len_mean          | 126         |
|    ep_rew_mean          | 35.8        |
| time/                   |             |
|    fps                  | 311         |
|    iterations           | 74          |
|    time_elapsed         | 1947        |
|    total_timesteps      | 606208      |
| train/                  |             |
|    approx_kl            | 0.013617525 |
|    clip_fraction        | 0.142       |
|    clip_range           | 0.2         |
|    entropy_loss         | -0.314      |
|    explained_variance   | 0.948       |
|    learning_rate        | 0.0003      |
|    loss                 | 0.113       |
|    n_updates            | 730         |
|    policy_gradient_loss | 0.00285     |
|    std                  | 0.33        |
|    value_loss           | 0.247       |
-----------------------------------------
-----------------------------------------
| rollout/                |             |
|    ep_len_mean          | 126         |
|    ep_rew_mean          | 36          |
| time/                   |             |
|    fps                  | 311         |
|    iterations           | 75          |
|    time_elapsed         | 1974        |
|    total_timesteps      | 614400      |
| train/                  |             |
|    approx_kl            | 0.013255209 |
|    clip_fraction        | 0.142       |
|    clip_range           | 0.2         |
|    entropy_loss         | -0.322      |
|    explained_variance   | 0.922       |
|    learning_rate        | 0.0003      |
|    loss                 | 0.174       |
|    n_updates            | 740         |
|    policy_gradient_loss | 0.00107     |
|    std                  | 0.336       |
|    value_loss           | 0.39        |
-----------------------------------------
-----------------------------------------
| rollout/                |             |
|    ep_len_mean          | 126         |
|    ep_rew_mean          | 35.9        |
| time/                   |             |
|    fps                  | 311         |
|    iterations           | 76          |
|    time_elapsed         | 1999        |
|    total_timesteps      | 622592      |
| train/                  |             |
|    approx_kl            | 0.009838786 |
|    clip_fraction        | 0.129       |
|    clip_range           | 0.2         |
|    entropy_loss         | -0.323      |
|    explained_variance   | 0.942       |
|    learning_rate        | 0.0003      |
|    loss                 | 0.0913      |
|    n_updates            | 750         |
|    policy_gradient_loss | 0.00374     |
|    std                  | 0.333       |
|    value_loss           | 0.304       |
-----------------------------------------
-----------------------------------------
| rollout/                |             |
|    ep_len_mean          | 126         |
|    ep_rew_mean          | 35.9        |
| time/                   |             |
|    fps                  | 311         |
|    iterations           | 77          |
|    time_elapsed         | 2025        |
|    total_timesteps      | 630784      |
| train/                  |             |
|    approx_kl            | 0.015301634 |
|    clip_fraction        | 0.136       |
|    clip_range           | 0.2         |
|    entropy_loss         | -0.31       |
|    explained_variance   | 0.942       |
|    learning_rate        | 0.0003      |
|    loss                 | 0.108       |
|    n_updates            | 760         |
|    policy_gradient_loss | 0.00333     |
|    std                  | 0.328       |
|    value_loss           | 0.328       |
-----------------------------------------
----------------------------------------
| rollout/                |            |
|    ep_len_mean          | 126        |
|    ep_rew_mean          | 35.9       |
| time/                   |            |
|    fps                  | 311        |
|    iterations           | 78         |
|    time_elapsed         | 2052       |
|    total_timesteps      | 638976     |
| train/                  |            |
|    approx_kl            | 0.01259214 |
|    clip_fraction        | 0.131      |
|    clip_range           | 0.2        |
|    entropy_loss         | -0.303     |
|    explained_variance   | 0.934      |
|    learning_rate        | 0.0003     |
|    loss                 | 0.116      |
|    n_updates            | 770        |
|    policy_gradient_loss | 0.00357    |
|    std                  | 0.328      |
|    value_loss           | 0.369      |
----------------------------------------
----------------------------------------
| rollout/                |            |
|    ep_len_mean          | 126        |
|    ep_rew_mean          | 35.9       |
| time/                   |            |
|    fps                  | 311        |
|    iterations           | 79         |
|    time_elapsed         | 2080       |
|    total_timesteps      | 647168     |
| train/                  |            |
|    approx_kl            | 0.01150296 |
|    clip_fraction        | 0.127      |
|    clip_range           | 0.2        |
|    entropy_loss         | -0.298     |
|    explained_variance   | 0.921      |
|    learning_rate        | 0.0003     |
|    loss                 | 0.221      |
|    n_updates            | 780        |
|    policy_gradient_loss | 0.00259    |
|    std                  | 0.325      |
|    value_loss           | 0.361      |
----------------------------------------
-----------------------------------------
| rollout/                |             |
|    ep_len_mean          | 126         |
|    ep_rew_mean          | 35.7        |
| time/                   |             |
|    fps                  | 311         |
|    iterations           | 80          |
|    time_elapsed         | 2105        |
|    total_timesteps      | 655360      |
| train/                  |             |
|    approx_kl            | 0.010235986 |
|    clip_fraction        | 0.136       |
|    clip_range           | 0.2         |
|    entropy_loss         | -0.284      |
|    explained_variance   | 0.94        |
|    learning_rate        | 0.0003      |
|    loss                 | 0.122       |
|    n_updates            | 790         |
|    policy_gradient_loss | 0.00313     |
|    std                  | 0.32        |
|    value_loss           | 0.335       |
-----------------------------------------
-----------------------------------------
| rollout/                |             |
|    ep_len_mean          | 126         |
|    ep_rew_mean          | 35.9        |
| time/                   |             |
|    fps                  | 311         |
|    iterations           | 81          |
|    time_elapsed         | 2130        |
|    total_timesteps      | 663552      |
| train/                  |             |
|    approx_kl            | 0.011565636 |
|    clip_fraction        | 0.129       |
|    clip_range           | 0.2         |
|    entropy_loss         | -0.276      |
|    explained_variance   | 0.94        |
|    learning_rate        | 0.0003      |
|    loss                 | 0.213       |
|    n_updates            | 800         |
|    policy_gradient_loss | 0.00427     |
|    std                  | 0.316       |
|    value_loss           | 0.323       |
-----------------------------------------
-----------------------------------------
| rollout/                |             |
|    ep_len_mean          | 126         |
|    ep_rew_mean          | 35.7        |
| time/                   |             |
|    fps                  | 311         |
|    iterations           | 82          |
|    time_elapsed         | 2155        |
|    total_timesteps      | 671744      |
| train/                  |             |
|    approx_kl            | 0.012034381 |
|    clip_fraction        | 0.137       |
|    clip_range           | 0.2         |
|    entropy_loss         | -0.254      |
|    explained_variance   | 0.93        |
|    learning_rate        | 0.0003      |
|    loss                 | 0.195       |
|    n_updates            | 810         |
|    policy_gradient_loss | 0.0044      |
|    std                  | 0.311       |
|    value_loss           | 0.351       |
-----------------------------------------
-----------------------------------------
| rollout/                |             |
|    ep_len_mean          | 126         |
|    ep_rew_mean          | 35.3        |
| time/                   |             |
|    fps                  | 311         |
|    iterations           | 83          |
|    time_elapsed         | 2182        |
|    total_timesteps      | 679936      |
| train/                  |             |
|    approx_kl            | 0.009561752 |
|    clip_fraction        | 0.134       |
|    clip_range           | 0.2         |
|    entropy_loss         | -0.246      |
|    explained_variance   | 0.947       |
|    learning_rate        | 0.0003      |
|    loss                 | 0.396       |
|    n_updates            | 820         |
|    policy_gradient_loss | 0.00161     |
|    std                  | 0.309       |
|    value_loss           | 0.327       |
-----------------------------------------
-----------------------------------------
| rollout/                |             |
|    ep_len_mean          | 126         |
|    ep_rew_mean          | 35.2        |
| time/                   |             |
|    fps                  | 311         |
|    iterations           | 84          |
|    time_elapsed         | 2211        |
|    total_timesteps      | 688128      |
| train/                  |             |
|    approx_kl            | 0.013651034 |
|    clip_fraction        | 0.165       |
|    clip_range           | 0.2         |
|    entropy_loss         | -0.237      |
|    explained_variance   | 0.941       |
|    learning_rate        | 0.0003      |
|    loss                 | 0.272       |
|    n_updates            | 830         |
|    policy_gradient_loss | 0.00439     |
|    std                  | 0.306       |
|    value_loss           | 0.433       |
-----------------------------------------
-----------------------------------------
| rollout/                |             |
|    ep_len_mean          | 126         |
|    ep_rew_mean          | 35.6        |
| time/                   |             |
|    fps                  | 310         |
|    iterations           | 85          |
|    time_elapsed         | 2239        |
|    total_timesteps      | 696320      |
| train/                  |             |
|    approx_kl            | 0.012962807 |
|    clip_fraction        | 0.145       |
|    clip_range           | 0.2         |
|    entropy_loss         | -0.232      |
|    explained_variance   | 0.939       |
|    learning_rate        | 0.0003      |
|    loss                 | 0.229       |
|    n_updates            | 840         |
|    policy_gradient_loss | 0.00488     |
|    std                  | 0.303       |
|    value_loss           | 0.368       |
-----------------------------------------
-----------------------------------------
| rollout/                |             |
|    ep_len_mean          | 126         |
|    ep_rew_mean          | 35.9        |
| time/                   |             |
|    fps                  | 310         |
|    iterations           | 86          |
|    time_elapsed         | 2269        |
|    total_timesteps      | 704512      |
| train/                  |             |
|    approx_kl            | 0.013853135 |
|    clip_fraction        | 0.156       |
|    clip_range           | 0.2         |
|    entropy_loss         | -0.217      |
|    explained_variance   | 0.93        |
|    learning_rate        | 0.0003      |
|    loss                 | 0.299       |
|    n_updates            | 850         |
|    policy_gradient_loss | 0.00546     |
|    std                  | 0.299       |
|    value_loss           | 0.373       |
-----------------------------------------
-----------------------------------------
| rollout/                |             |
|    ep_len_mean          | 126         |
|    ep_rew_mean          | 35.8        |
| time/                   |             |
|    fps                  | 309         |
|    iterations           | 87          |
|    time_elapsed         | 2299        |
|    total_timesteps      | 712704      |
| train/                  |             |
|    approx_kl            | 0.017820641 |
|    clip_fraction        | 0.151       |
|    clip_range           | 0.2         |
|    entropy_loss         | -0.209      |
|    explained_variance   | 0.934       |
|    learning_rate        | 0.0003      |
|    loss                 | 0.171       |
|    n_updates            | 860         |
|    policy_gradient_loss | 0.00442     |
|    std                  | 0.295       |
|    value_loss           | 0.405       |
-----------------------------------------
------------------------------------------
| rollout/                |              |
|    ep_len_mean          | 126          |
|    ep_rew_mean          | 35.6         |
| time/                   |              |
|    fps                  | 309          |
|    iterations           | 88           |
|    time_elapsed         | 2326         |
|    total_timesteps      | 720896       |
| train/                  |              |
|    approx_kl            | 0.0096869925 |
|    clip_fraction        | 0.17         |
|    clip_range           | 0.2          |
|    entropy_loss         | -0.2         |
|    explained_variance   | 0.917        |
|    learning_rate        | 0.0003       |
|    loss                 | 0.174        |
|    n_updates            | 870          |
|    policy_gradient_loss | 0.00651      |
|    std                  | 0.296        |
|    value_loss           | 0.531        |
------------------------------------------
-----------------------------------------
| rollout/                |             |
|    ep_len_mean          | 126         |
|    ep_rew_mean          | 35.8        |
| time/                   |             |
|    fps                  | 309         |
|    iterations           | 89          |
|    time_elapsed         | 2356        |
|    total_timesteps      | 729088      |
| train/                  |             |
|    approx_kl            | 0.015301203 |
|    clip_fraction        | 0.175       |
|    clip_range           | 0.2         |
|    entropy_loss         | -0.186      |
|    explained_variance   | 0.927       |
|    learning_rate        | 0.0003      |
|    loss                 | 0.164       |
|    n_updates            | 880         |
|    policy_gradient_loss | 0.00419     |
|    std                  | 0.29        |
|    value_loss           | 0.456       |
-----------------------------------------
----------------------------------------
| rollout/                |            |
|    ep_len_mean          | 126        |
|    ep_rew_mean          | 35.7       |
| time/                   |            |
|    fps                  | 308        |
|    iterations           | 90         |
|    time_elapsed         | 2386       |
|    total_timesteps      | 737280     |
| train/                  |            |
|    approx_kl            | 0.01116899 |
|    clip_fraction        | 0.15       |
|    clip_range           | 0.2        |
|    entropy_loss         | -0.192     |
|    explained_variance   | 0.931      |
|    learning_rate        | 0.0003     |
|    loss                 | 0.221      |
|    n_updates            | 890        |
|    policy_gradient_loss | 0.00327    |
|    std                  | 0.293      |
|    value_loss           | 0.362      |
----------------------------------------
----------------------------------------
| rollout/                |            |
|    ep_len_mean          | 126        |
|    ep_rew_mean          | 35.6       |
| time/                   |            |
|    fps                  | 308        |
|    iterations           | 91         |
|    time_elapsed         | 2416       |
|    total_timesteps      | 745472     |
| train/                  |            |
|    approx_kl            | 0.02001065 |
|    clip_fraction        | 0.199      |
|    clip_range           | 0.2        |
|    entropy_loss         | -0.197     |
|    explained_variance   | 0.932      |
|    learning_rate        | 0.0003     |
|    loss                 | 0.222      |
|    n_updates            | 900        |
|    policy_gradient_loss | 0.00469    |
|    std                  | 0.296      |
|    value_loss           | 0.399      |
----------------------------------------
-----------------------------------------
| rollout/                |             |
|    ep_len_mean          | 126         |
|    ep_rew_mean          | 35.6        |
| time/                   |             |
|    fps                  | 308         |
|    iterations           | 92          |
|    time_elapsed         | 2444        |
|    total_timesteps      | 753664      |
| train/                  |             |
|    approx_kl            | 0.015856277 |
|    clip_fraction        | 0.174       |
|    clip_range           | 0.2         |
|    entropy_loss         | -0.206      |
|    explained_variance   | 0.933       |
|    learning_rate        | 0.0003      |
|    loss                 | 0.132       |
|    n_updates            | 910         |
|    policy_gradient_loss | 0.00915     |
|    std                  | 0.298       |
|    value_loss           | 0.385       |
-----------------------------------------
-----------------------------------------
| rollout/                |             |
|    ep_len_mean          | 126         |
|    ep_rew_mean          | 35.4        |
| time/                   |             |
|    fps                  | 307         |
|    iterations           | 93          |
|    time_elapsed         | 2474        |
|    total_timesteps      | 761856      |
| train/                  |             |
|    approx_kl            | 0.016419549 |
|    clip_fraction        | 0.17        |
|    clip_range           | 0.2         |
|    entropy_loss         | -0.214      |
|    explained_variance   | 0.929       |
|    learning_rate        | 0.0003      |
|    loss                 | 0.0778      |
|    n_updates            | 920         |
|    policy_gradient_loss | 0.00667     |
|    std                  | 0.301       |
|    value_loss           | 0.387       |
-----------------------------------------
-----------------------------------------
| rollout/                |             |
|    ep_len_mean          | 126         |
|    ep_rew_mean          | 35.7        |
| time/                   |             |
|    fps                  | 307         |
|    iterations           | 94          |
|    time_elapsed         | 2502        |
|    total_timesteps      | 770048      |
| train/                  |             |
|    approx_kl            | 0.013462855 |
|    clip_fraction        | 0.156       |
|    clip_range           | 0.2         |
|    entropy_loss         | -0.214      |
|    explained_variance   | 0.936       |
|    learning_rate        | 0.0003      |
|    loss                 | 0.238       |
|    n_updates            | 930         |
|    policy_gradient_loss | 0.00555     |
|    std                  | 0.298       |
|    value_loss           | 0.323       |
-----------------------------------------
-----------------------------------------
| rollout/                |             |
|    ep_len_mean          | 126         |
|    ep_rew_mean          | 35.7        |
| time/                   |             |
|    fps                  | 307         |
|    iterations           | 95          |
|    time_elapsed         | 2532        |
|    total_timesteps      | 778240      |
| train/                  |             |
|    approx_kl            | 0.012418097 |
|    clip_fraction        | 0.165       |
|    clip_range           | 0.2         |
|    entropy_loss         | -0.207      |
|    explained_variance   | 0.931       |
|    learning_rate        | 0.0003      |
|    loss                 | 0.17        |
|    n_updates            | 940         |
|    policy_gradient_loss | 0.00773     |
|    std                  | 0.296       |
|    value_loss           | 0.396       |
-----------------------------------------
-----------------------------------------
| rollout/                |             |
|    ep_len_mean          | 126         |
|    ep_rew_mean          | 36          |
| time/                   |             |
|    fps                  | 306         |
|    iterations           | 96          |
|    time_elapsed         | 2565        |
|    total_timesteps      | 786432      |
| train/                  |             |
|    approx_kl            | 0.014270822 |
|    clip_fraction        | 0.164       |
|    clip_range           | 0.2         |
|    entropy_loss         | -0.202      |
|    explained_variance   | 0.94        |
|    learning_rate        | 0.0003      |
|    loss                 | 0.0959      |
|    n_updates            | 950         |
|    policy_gradient_loss | 0.00685     |
|    std                  | 0.296       |
|    value_loss           | 0.378       |
-----------------------------------------
----------------------------------------
| rollout/                |            |
|    ep_len_mean          | 126        |
|    ep_rew_mean          | 35.8       |
| time/                   |            |
|    fps                  | 306        |
|    iterations           | 97         |
|    time_elapsed         | 2595       |
|    total_timesteps      | 794624     |
| train/                  |            |
|    approx_kl            | 0.01208766 |
|    clip_fraction        | 0.172      |
|    clip_range           | 0.2        |
|    entropy_loss         | -0.2       |
|    explained_variance   | 0.915      |
|    learning_rate        | 0.0003     |
|    loss                 | 0.197      |
|    n_updates            | 960        |
|    policy_gradient_loss | 0.00759    |
|    std                  | 0.296      |
|    value_loss           | 0.494      |
----------------------------------------
-----------------------------------------
| rollout/                |             |
|    ep_len_mean          | 126         |
|    ep_rew_mean          | 35.7        |
| time/                   |             |
|    fps                  | 305         |
|    iterations           | 98          |
|    time_elapsed         | 2624        |
|    total_timesteps      | 802816      |
| train/                  |             |
|    approx_kl            | 0.015484579 |
|    clip_fraction        | 0.179       |
|    clip_range           | 0.2         |
|    entropy_loss         | -0.19       |
|    explained_variance   | 0.93        |
|    learning_rate        | 0.0003      |
|    loss                 | 0.136       |
|    n_updates            | 970         |
|    policy_gradient_loss | 0.00539     |
|    std                  | 0.292       |
|    value_loss           | 0.461       |
-----------------------------------------
-----------------------------------------
| rollout/                |             |
|    ep_len_mean          | 126         |
|    ep_rew_mean          | 35.8        |
| time/                   |             |
|    fps                  | 305         |
|    iterations           | 99          |
|    time_elapsed         | 2651        |
|    total_timesteps      | 811008      |
| train/                  |             |
|    approx_kl            | 0.015728414 |
|    clip_fraction        | 0.157       |
|    clip_range           | 0.2         |
|    entropy_loss         | -0.176      |
|    explained_variance   | 0.917       |
|    learning_rate        | 0.0003      |
|    loss                 | 0.292       |
|    n_updates            | 980         |
|    policy_gradient_loss | 0.00832     |
|    std                  | 0.285       |
|    value_loss           | 0.499       |
-----------------------------------------
-----------------------------------------
| rollout/                |             |
|    ep_len_mean          | 126         |
|    ep_rew_mean          | 35.8        |
| time/                   |             |
|    fps                  | 305         |
|    iterations           | 100         |
|    time_elapsed         | 2680        |
|    total_timesteps      | 819200      |
| train/                  |             |
|    approx_kl            | 0.015056293 |
|    clip_fraction        | 0.156       |
|    clip_range           | 0.2         |
|    entropy_loss         | -0.153      |
|    explained_variance   | 0.933       |
|    learning_rate        | 0.0003      |
|    loss                 | 0.183       |
|    n_updates            | 990         |
|    policy_gradient_loss | 0.00449     |
|    std                  | 0.28        |
|    value_loss           | 0.474       |
-----------------------------------------
-----------------------------------------
| rollout/                |             |
|    ep_len_mean          | 126         |
|    ep_rew_mean          | 35.7        |
| time/                   |             |
|    fps                  | 305         |
|    iterations           | 101         |
|    time_elapsed         | 2709        |
|    total_timesteps      | 827392      |
| train/                  |             |
|    approx_kl            | 0.022030072 |
|    clip_fraction        | 0.17        |
|    clip_range           | 0.2         |
|    entropy_loss         | -0.149      |
|    explained_variance   | 0.932       |
|    learning_rate        | 0.0003      |
|    loss                 | 0.14        |
|    n_updates            | 1000        |
|    policy_gradient_loss | 0.00621     |
|    std                  | 0.28        |
|    value_loss           | 0.472       |
-----------------------------------------
------------------------------------------
| rollout/                |              |
|    ep_len_mean          | 126          |
|    ep_rew_mean          | 35.7         |
| time/                   |              |
|    fps                  | 305          |
|    iterations           | 102          |
|    time_elapsed         | 2739         |
|    total_timesteps      | 835584       |
| train/                  |              |
|    approx_kl            | 0.0090670455 |
|    clip_fraction        | 0.155        |
|    clip_range           | 0.2          |
|    entropy_loss         | -0.145       |
|    explained_variance   | 0.931        |
|    learning_rate        | 0.0003       |
|    loss                 | 0.267        |
|    n_updates            | 1010         |
|    policy_gradient_loss | 0.00687      |
|    std                  | 0.28         |
|    value_loss           | 0.457        |
------------------------------------------
-----------------------------------------
| rollout/                |             |
|    ep_len_mean          | 126         |
|    ep_rew_mean          | 35.5        |
| time/                   |             |
|    fps                  | 304         |
|    iterations           | 103         |
|    time_elapsed         | 2767        |
|    total_timesteps      | 843776      |
| train/                  |             |
|    approx_kl            | 0.016576124 |
|    clip_fraction        | 0.173       |
|    clip_range           | 0.2         |
|    entropy_loss         | -0.14       |
|    explained_variance   | 0.938       |
|    learning_rate        | 0.0003      |
|    loss                 | 0.255       |
|    n_updates            | 1020        |
|    policy_gradient_loss | 0.00525     |
|    std                  | 0.279       |
|    value_loss           | 0.418       |
-----------------------------------------
-----------------------------------------
| rollout/                |             |
|    ep_len_mean          | 126         |
|    ep_rew_mean          | 35.7        |
| time/                   |             |
|    fps                  | 304         |
|    iterations           | 104         |
|    time_elapsed         | 2795        |
|    total_timesteps      | 851968      |
| train/                  |             |
|    approx_kl            | 0.017975835 |
|    clip_fraction        | 0.178       |
|    clip_range           | 0.2         |
|    entropy_loss         | -0.126      |
|    explained_variance   | 0.922       |
|    learning_rate        | 0.0003      |
|    loss                 | 0.126       |
|    n_updates            | 1030        |
|    policy_gradient_loss | 0.00624     |
|    std                  | 0.273       |
|    value_loss           | 0.43        |
-----------------------------------------
-----------------------------------------
| rollout/                |             |
|    ep_len_mean          | 126         |
|    ep_rew_mean          | 35.9        |
| time/                   |             |
|    fps                  | 304         |
|    iterations           | 105         |
|    time_elapsed         | 2825        |
|    total_timesteps      | 860160      |
| train/                  |             |
|    approx_kl            | 0.015367779 |
|    clip_fraction        | 0.183       |
|    clip_range           | 0.2         |
|    entropy_loss         | -0.117      |
|    explained_variance   | 0.93        |
|    learning_rate        | 0.0003      |
|    loss                 | 0.228       |
|    n_updates            | 1040        |
|    policy_gradient_loss | 0.0078      |
|    std                  | 0.271       |
|    value_loss           | 0.438       |
-----------------------------------------
-----------------------------------------
| rollout/                |             |
|    ep_len_mean          | 126         |
|    ep_rew_mean          | 35.6        |
| time/                   |             |
|    fps                  | 304         |
|    iterations           | 106         |
|    time_elapsed         | 2853        |
|    total_timesteps      | 868352      |
| train/                  |             |
|    approx_kl            | 0.018098744 |
|    clip_fraction        | 0.185       |
|    clip_range           | 0.2         |
|    entropy_loss         | -0.104      |
|    explained_variance   | 0.929       |
|    learning_rate        | 0.0003      |
|    loss                 | 0.164       |
|    n_updates            | 1050        |
|    policy_gradient_loss | 0.00867     |
|    std                  | 0.265       |
|    value_loss           | 0.402       |
-----------------------------------------
-----------------------------------------
| rollout/                |             |
|    ep_len_mean          | 126         |
|    ep_rew_mean          | 35.6        |
| time/                   |             |
|    fps                  | 304         |
|    iterations           | 107         |
|    time_elapsed         | 2882        |
|    total_timesteps      | 876544      |
| train/                  |             |
|    approx_kl            | 0.019483712 |
|    clip_fraction        | 0.187       |
|    clip_range           | 0.2         |
|    entropy_loss         | -0.0841     |
|    explained_variance   | 0.926       |
|    learning_rate        | 0.0003      |
|    loss                 | 0.275       |
|    n_updates            | 1060        |
|    policy_gradient_loss | 0.00562     |
|    std                  | 0.261       |
|    value_loss           | 0.471       |
-----------------------------------------
----------------------------------------
| rollout/                |            |
|    ep_len_mean          | 126        |
|    ep_rew_mean          | 35.6       |
| time/                   |            |
|    fps                  | 303        |
|    iterations           | 108        |
|    time_elapsed         | 2910       |
|    total_timesteps      | 884736     |
| train/                  |            |
|    approx_kl            | 0.02148443 |
|    clip_fraction        | 0.194      |
|    clip_range           | 0.2        |
|    entropy_loss         | -0.0678    |
|    explained_variance   | 0.937      |
|    learning_rate        | 0.0003     |
|    loss                 | 0.199      |
|    n_updates            | 1070       |
|    policy_gradient_loss | 0.00824    |
|    std                  | 0.259      |
|    value_loss           | 0.368      |
----------------------------------------
------------------------------------------
| rollout/                |              |
|    ep_len_mean          | 126          |
|    ep_rew_mean          | 35.5         |
| time/                   |              |
|    fps                  | 304          |
|    iterations           | 109          |
|    time_elapsed         | 2936         |
|    total_timesteps      | 892928       |
| train/                  |              |
|    approx_kl            | 0.0147018535 |
|    clip_fraction        | 0.197        |
|    clip_range           | 0.2          |
|    entropy_loss         | -0.0527      |
|    explained_variance   | 0.929        |
|    learning_rate        | 0.0003       |
|    loss                 | 0.295        |
|    n_updates            | 1080         |
|    policy_gradient_loss | 0.0106       |
|    std                  | 0.253        |
|    value_loss           | 0.442        |
------------------------------------------
-----------------------------------------
| rollout/                |             |
|    ep_len_mean          | 126         |
|    ep_rew_mean          | 35.7        |
| time/                   |             |
|    fps                  | 303         |
|    iterations           | 110         |
|    time_elapsed         | 2964        |
|    total_timesteps      | 901120      |
| train/                  |             |
|    approx_kl            | 0.041719534 |
|    clip_fraction        | 0.218       |
|    clip_range           | 0.2         |
|    entropy_loss         | -0.0329     |
|    explained_variance   | 0.95        |
|    learning_rate        | 0.0003      |
|    loss                 | 0.183       |
|    n_updates            | 1090        |
|    policy_gradient_loss | 0.0127      |
|    std                  | 0.25        |
|    value_loss           | 0.389       |
-----------------------------------------
-----------------------------------------
| rollout/                |             |
|    ep_len_mean          | 126         |
|    ep_rew_mean          | 35.5        |
| time/                   |             |
|    fps                  | 303         |
|    iterations           | 111         |
|    time_elapsed         | 2993        |
|    total_timesteps      | 909312      |
| train/                  |             |
|    approx_kl            | 0.014187785 |
|    clip_fraction        | 0.18        |
|    clip_range           | 0.2         |
|    entropy_loss         | -0.0166     |
|    explained_variance   | 0.943       |
|    learning_rate        | 0.0003      |
|    loss                 | 0.277       |
|    n_updates            | 1100        |
|    policy_gradient_loss | 0.00681     |
|    std                  | 0.245       |
|    value_loss           | 0.364       |
-----------------------------------------
-----------------------------------------
| rollout/                |             |
|    ep_len_mean          | 126         |
|    ep_rew_mean          | 35.5        |
| time/                   |             |
|    fps                  | 303         |
|    iterations           | 112         |
|    time_elapsed         | 3021        |
|    total_timesteps      | 917504      |
| train/                  |             |
|    approx_kl            | 0.019797154 |
|    clip_fraction        | 0.194       |
|    clip_range           | 0.2         |
|    entropy_loss         | -0.00342    |
|    explained_variance   | 0.941       |
|    learning_rate        | 0.0003      |
|    loss                 | 0.106       |
|    n_updates            | 1110        |
|    policy_gradient_loss | 0.0087      |
|    std                  | 0.242       |
|    value_loss           | 0.376       |
-----------------------------------------
-----------------------------------------
| rollout/                |             |
|    ep_len_mean          | 126         |
|    ep_rew_mean          | 35.6        |
| time/                   |             |
|    fps                  | 303         |
|    iterations           | 113         |
|    time_elapsed         | 3049        |
|    total_timesteps      | 925696      |
| train/                  |             |
|    approx_kl            | 0.017853018 |
|    clip_fraction        | 0.18        |
|    clip_range           | 0.2         |
|    entropy_loss         | -0.00336    |
|    explained_variance   | 0.937       |
|    learning_rate        | 0.0003      |
|    loss                 | 0.158       |
|    n_updates            | 1120        |
|    policy_gradient_loss | 0.0069      |
|    std                  | 0.244       |
|    value_loss           | 0.425       |
-----------------------------------------
------------------------------------------
| rollout/                |              |
|    ep_len_mean          | 126          |
|    ep_rew_mean          | 35.4         |
| time/                   |              |
|    fps                  | 303          |
|    iterations           | 114          |
|    time_elapsed         | 3078         |
|    total_timesteps      | 933888       |
| train/                  |              |
|    approx_kl            | 0.0133726625 |
|    clip_fraction        | 0.184        |
|    clip_range           | 0.2          |
|    entropy_loss         | -0.00381     |
|    explained_variance   | 0.939        |
|    learning_rate        | 0.0003       |
|    loss                 | 0.264        |
|    n_updates            | 1130         |
|    policy_gradient_loss | 0.00822      |
|    std                  | 0.242        |
|    value_loss           | 0.401        |
------------------------------------------
-----------------------------------------
| rollout/                |             |
|    ep_len_mean          | 126         |
|    ep_rew_mean          | 35.6        |
| time/                   |             |
|    fps                  | 303         |
|    iterations           | 115         |
|    time_elapsed         | 3106        |
|    total_timesteps      | 942080      |
| train/                  |             |
|    approx_kl            | 0.013344776 |
|    clip_fraction        | 0.186       |
|    clip_range           | 0.2         |
|    entropy_loss         | 0.00636     |
|    explained_variance   | 0.937       |
|    learning_rate        | 0.0003      |
|    loss                 | 0.274       |
|    n_updates            | 1140        |
|    policy_gradient_loss | 0.00745     |
|    std                  | 0.24        |
|    value_loss           | 0.435       |
-----------------------------------------
-----------------------------------------
| rollout/                |             |
|    ep_len_mean          | 126         |
|    ep_rew_mean          | 35.6        |
| time/                   |             |
|    fps                  | 303         |
|    iterations           | 116         |
|    time_elapsed         | 3133        |
|    total_timesteps      | 950272      |
| train/                  |             |
|    approx_kl            | 0.019777363 |
|    clip_fraction        | 0.192       |
|    clip_range           | 0.2         |
|    entropy_loss         | 0.0128      |
|    explained_variance   | 0.927       |
|    learning_rate        | 0.0003      |
|    loss                 | 0.19        |
|    n_updates            | 1150        |
|    policy_gradient_loss | 0.0104      |
|    std                  | 0.238       |
|    value_loss           | 0.495       |
-----------------------------------------
-----------------------------------------
| rollout/                |             |
|    ep_len_mean          | 126         |
|    ep_rew_mean          | 35.5        |
| time/                   |             |
|    fps                  | 303         |
|    iterations           | 117         |
|    time_elapsed         | 3162        |
|    total_timesteps      | 958464      |
| train/                  |             |
|    approx_kl            | 0.018085804 |
|    clip_fraction        | 0.194       |
|    clip_range           | 0.2         |
|    entropy_loss         | 0.0314      |
|    explained_variance   | 0.948       |
|    learning_rate        | 0.0003      |
|    loss                 | 0.114       |
|    n_updates            | 1160        |
|    policy_gradient_loss | 0.00581     |
|    std                  | 0.233       |
|    value_loss           | 0.355       |
-----------------------------------------
-----------------------------------------
| rollout/                |             |
|    ep_len_mean          | 126         |
|    ep_rew_mean          | 35.6        |
| time/                   |             |
|    fps                  | 303         |
|    iterations           | 118         |
|    time_elapsed         | 3187        |
|    total_timesteps      | 966656      |
| train/                  |             |
|    approx_kl            | 0.019866701 |
|    clip_fraction        | 0.187       |
|    clip_range           | 0.2         |
|    entropy_loss         | 0.0479      |
|    explained_variance   | 0.945       |
|    learning_rate        | 0.0003      |
|    loss                 | 0.23        |
|    n_updates            | 1170        |
|    policy_gradient_loss | 0.00875     |
|    std                  | 0.229       |
|    value_loss           | 0.382       |
-----------------------------------------
-----------------------------------------
| rollout/                |             |
|    ep_len_mean          | 126         |
|    ep_rew_mean          | 35.8        |
| time/                   |             |
|    fps                  | 303         |
|    iterations           | 119         |
|    time_elapsed         | 3216        |
|    total_timesteps      | 974848      |
| train/                  |             |
|    approx_kl            | 0.025497729 |
|    clip_fraction        | 0.189       |
|    clip_range           | 0.2         |
|    entropy_loss         | 0.0599      |
|    explained_variance   | 0.96        |
|    learning_rate        | 0.0003      |
|    loss                 | 0.118       |
|    n_updates            | 1180        |
|    policy_gradient_loss | 0.00559     |
|    std                  | 0.227       |
|    value_loss           | 0.267       |
-----------------------------------------
----------------------------------------
| rollout/                |            |
|    ep_len_mean          | 126        |
|    ep_rew_mean          | 35.8       |
| time/                   |            |
|    fps                  | 302        |
|    iterations           | 120        |
|    time_elapsed         | 3245       |
|    total_timesteps      | 983040     |
| train/                  |            |
|    approx_kl            | 0.02731698 |
|    clip_fraction        | 0.224      |
|    clip_range           | 0.2        |
|    entropy_loss         | 0.0708     |
|    explained_variance   | 0.948      |
|    learning_rate        | 0.0003     |
|    loss                 | 0.561      |
|    n_updates            | 1190       |
|    policy_gradient_loss | 0.0125     |
|    std                  | 0.223      |
|    value_loss           | 0.353      |
----------------------------------------
-----------------------------------------
| rollout/                |             |
|    ep_len_mean          | 126         |
|    ep_rew_mean          | 35.3        |
| time/                   |             |
|    fps                  | 302         |
|    iterations           | 121         |
|    time_elapsed         | 3272        |
|    total_timesteps      | 991232      |
| train/                  |             |
|    approx_kl            | 0.023566708 |
|    clip_fraction        | 0.226       |
|    clip_range           | 0.2         |
|    entropy_loss         | 0.0838      |
|    explained_variance   | 0.948       |
|    learning_rate        | 0.0003      |
|    loss                 | 0.255       |
|    n_updates            | 1200        |
|    policy_gradient_loss | 0.00971     |
|    std                  | 0.22        |
|    value_loss           | 0.38        |
-----------------------------------------
-----------------------------------------
| rollout/                |             |
|    ep_len_mean          | 126         |
|    ep_rew_mean          | 35.6        |
| time/                   |             |
|    fps                  | 302         |
|    iterations           | 122         |
|    time_elapsed         | 3302        |
|    total_timesteps      | 999424      |
| train/                  |             |
|    approx_kl            | 0.027985595 |
|    clip_fraction        | 0.211       |
|    clip_range           | 0.2         |
|    entropy_loss         | 0.095       |
|    explained_variance   | 0.949       |
|    learning_rate        | 0.0003      |
|    loss                 | 0.266       |
|    n_updates            | 1210        |
|    policy_gradient_loss | 0.00965     |
|    std                  | 0.221       |
|    value_loss           | 0.375       |
-----------------------------------------
----------------------------------------
| rollout/                |            |
|    ep_len_mean          | 126        |
|    ep_rew_mean          | 35.6       |
| time/                   |            |
|    fps                  | 302        |
|    iterations           | 123        |
|    time_elapsed         | 3329       |
|    total_timesteps      | 1007616    |
| train/                  |            |
|    approx_kl            | 0.02335938 |
|    clip_fraction        | 0.214      |
|    clip_range           | 0.2        |
|    entropy_loss         | 0.0888     |
|    explained_variance   | 0.937      |
|    learning_rate        | 0.0003     |
|    loss                 | 0.157      |
|    n_updates            | 1220       |
|    policy_gradient_loss | 0.0107     |
|    std                  | 0.223      |
|    value_loss           | 0.445      |
----------------------------------------


###############################################################################
TCHPC Cluster: callan
Job 171046 (attn_uniform_cf_v2_seed1_v12) for User 'hadjitot' in Account 'callan_hadjitot'
Finished at: Fri Mar 27 23:15:12 GMT 2026

Job efficiency estimates:
=========================

Job ID: 171046
Cluster: callan
User/Group: hadjitot/hadjitot
State: COMPLETED (exit code 0)
Nodes: 1
Cores per node: 16
CPU Utilized: 02:43:41
CPU Efficiency: 18.18% of 15:00:16 core-walltime
Job Wall-clock time: 00:56:16
Memory Utilized: 1.80 GB
Memory Efficiency: 5.63% of 32.00 GB (32.00 GB/node)

Job completion status:
======================

JobID           JobName AllocCPUS NTasks NNodes     MaxRSS    MaxRSSNode  MaxDiskRead MaxDiskWrite    Elapsed      State ExitCode 
------------ ---------- --------- ------ ------ ---------- ------------- ------------ ------------ ---------- ---------- -------- 
171046       attn_unif+        16             1                                                      00:56:16  COMPLETED      0:0 
171046.batch      batch        16      1      1   1888904K    callan-n09     1030.23M      835.66M   00:56:16  COMPLETED      0:0 
171046.exte+     extern        16      1      1                                                      00:56:16  COMPLETED      0:0 


Job details:
============

JobId=171046 JobName=attn_uniform_cf_v2_seed1_v12
   UserId=hadjitot(2357) GroupId=hadjitot(2300) MCS_label=N/A
   Priority=113647 Nice=0 Account=callan_hadjitot QOS=normal
   JobState=COMPLETING Reason=None Dependency=(null)
   Requeue=0 Restarts=0 BatchFlag=1 Reboot=0 ExitCode=0:0
   DerivedExitCode=0:0
   RunTime=00:56:16 TimeLimit=2-00:00:00 TimeMin=N/A
   SubmitTime=2026-03-27T20:37:56 EligibleTime=2026-03-27T20:37:56
   AccrueTime=2026-03-27T20:37:56
   StartTime=2026-03-27T22:18:56 EndTime=2026-03-27T23:15:12 Deadline=N/A
   SuspendTime=None SecsPreSuspend=0 LastSchedEval=2026-03-27T22:18:56 Scheduler=Backfill
   Partition=compute AllocNode:Sid=callan01:1076092
   ReqNodeList=(null) ExcNodeList=(null)
   NodeList=callan-n09
   BatchHost=callan-n09
   NumNodes=1 NumCPUs=16 NumTasks=1 CPUs/Task=16 ReqB:S:C:T=0:0:*:*
   ReqTRES=cpu=16,mem=32G,node=1,billing=16
   AllocTRES=cpu=16,mem=32G,node=1,billing=16
   Socks/Node=* NtasksPerN:B:S:C=0:0:*:* CoreSpec=*
   JOB_GRES=(null)
     Nodes=callan-n09 CPU_IDs=2-9,45-52 Mem=32768 GRES=
   MinCPUsNode=16 MinMemoryNode=32G MinTmpDiskNode=0
   Features=(null) DelayBoot=00:00:00
   OverSubscribe=OK Contiguous=0 Licenses=(null) LicensesAlloc=(null) Network=(null)
   Command=/home/users/hadjitot/fyp/HighwayEnv/slurm/train_attention.sbatch
   WorkDir=/home/users/hadjitot/fyp/HighwayEnv
   StdErr=/home/users/hadjitot/fyp/HighwayEnv/slurm_out/attn_uniform_cf_v2_seed1_v12_171046.err
   StdIn=/dev/null
   StdOut=/home/users/hadjitot/fyp/HighwayEnv/slurm_out/attn_uniform_cf_v2_seed1_v12_171046.out
   TresPerTask=cpu=16
   


Disk quota details:
===================

                         Block Limits                                    |                     File Limits
Name       type             MB      quota      limit   in_doubt    grace |    files   quota    limit in_doubt    grace
root       USR         4962549          0          0       1840     none |   397644       0        0      769     none
root       FILESET     5011226          0          0       5127     none |  9896937       0        0     1782     none


SLURM Bank Statement:
=====================

User           Usage |        Account     Usage | Account Limit Available (CPU hrs)
---------- --------- + -------------- --------- + ------------- ---------
hadjitot      11,828 | CALLAN_HADJITOT    11,828 |       300,000   288,172


Acknowledgements:
=================

Note that usage of TCHPC Resources *must* be acknowledged in all publications.

Please see this page for details relevant to this cluster:

http://www.tchpc.tcd.ie/resources/acknowledgementpolicy

################################################################################
