Loading Anaconda 3 2024.02-1
SCENARIO_NAME=cf_obs20_dense
EXP_VERSION=v12
TOTAL_TIMESTEPS=1000000
N_ENVS=4
ATTN_MODE=learned
X_INDEX=1
VX_INDEX=3
ORACLE_RULE=leader_x
TTC_EPS=1e-6
ppo_attn_learned_cf_obs20_dense_v12_seed1 obs shape: (20, 5) action space: Box(-1.0, 1.0, (1,), float32)
Using cpu device
Logging to runs/tb/ppo_attn_learned_cf_obs20_dense_v12_seed1_1
---------------------------------
| rollout/           |          |
|    ep_len_mean     | 12       |
|    ep_rew_mean     | -0.901   |
| time/              |          |
|    fps             | 109      |
|    iterations      | 1        |
|    time_elapsed    | 75       |
|    total_timesteps | 8192     |
---------------------------------
-----------------------------------------
| rollout/                |             |
|    ep_len_mean          | 12.1        |
|    ep_rew_mean          | -0.877      |
| time/                   |             |
|    fps                  | 104         |
|    iterations           | 2           |
|    time_elapsed         | 156         |
|    total_timesteps      | 16384       |
| train/                  |             |
|    approx_kl            | 0.004542014 |
|    clip_fraction        | 0.027       |
|    clip_range           | 0.2         |
|    entropy_loss         | -1.41       |
|    explained_variance   | 0.000524    |
|    learning_rate        | 0.0003      |
|    loss                 | 0.108       |
|    n_updates            | 10          |
|    policy_gradient_loss | -0.0014     |
|    std                  | 0.973       |
|    value_loss           | 2.06        |
-----------------------------------------
-----------------------------------------
| rollout/                |             |
|    ep_len_mean          | 12.5        |
|    ep_rew_mean          | -0.79       |
| time/                   |             |
|    fps                  | 104         |
|    iterations           | 3           |
|    time_elapsed         | 236         |
|    total_timesteps      | 24576       |
| train/                  |             |
|    approx_kl            | 0.010343085 |
|    clip_fraction        | 0.134       |
|    clip_range           | 0.2         |
|    entropy_loss         | -1.4        |
|    explained_variance   | 0.98        |
|    learning_rate        | 0.0003      |
|    loss                 | 0.0079      |
|    n_updates            | 20          |
|    policy_gradient_loss | -0.0105     |
|    std                  | 0.987       |
|    value_loss           | 0.0964      |
-----------------------------------------
-----------------------------------------
| rollout/                |             |
|    ep_len_mean          | 12.7        |
|    ep_rew_mean          | -0.882      |
| time/                   |             |
|    fps                  | 104         |
|    iterations           | 4           |
|    time_elapsed         | 314         |
|    total_timesteps      | 32768       |
| train/                  |             |
|    approx_kl            | 0.012232262 |
|    clip_fraction        | 0.158       |
|    clip_range           | 0.2         |
|    entropy_loss         | -1.4        |
|    explained_variance   | 0.993       |
|    learning_rate        | 0.0003      |
|    loss                 | 0.0532      |
|    n_updates            | 30          |
|    policy_gradient_loss | -0.0176     |
|    std                  | 0.986       |
|    value_loss           | 0.0779      |
-----------------------------------------
-----------------------------------------
| rollout/                |             |
|    ep_len_mean          | 13.6        |
|    ep_rew_mean          | -0.631      |
| time/                   |             |
|    fps                  | 104         |
|    iterations           | 5           |
|    time_elapsed         | 392         |
|    total_timesteps      | 40960       |
| train/                  |             |
|    approx_kl            | 0.012280485 |
|    clip_fraction        | 0.172       |
|    clip_range           | 0.2         |
|    entropy_loss         | -1.39       |
|    explained_variance   | 0.995       |
|    learning_rate        | 0.0003      |
|    loss                 | 0.0554      |
|    n_updates            | 40          |
|    policy_gradient_loss | -0.0179     |
|    std                  | 0.965       |
|    value_loss           | 0.0648      |
-----------------------------------------
-----------------------------------------
| rollout/                |             |
|    ep_len_mean          | 14          |
|    ep_rew_mean          | -0.591      |
| time/                   |             |
|    fps                  | 104         |
|    iterations           | 6           |
|    time_elapsed         | 471         |
|    total_timesteps      | 49152       |
| train/                  |             |
|    approx_kl            | 0.018318994 |
|    clip_fraction        | 0.194       |
|    clip_range           | 0.2         |
|    entropy_loss         | -1.34       |
|    explained_variance   | 0.994       |
|    learning_rate        | 0.0003      |
|    loss                 | -0.00414    |
|    n_updates            | 50          |
|    policy_gradient_loss | -0.0216     |
|    std                  | 0.91        |
|    value_loss           | 0.0742      |
-----------------------------------------
-----------------------------------------
| rollout/                |             |
|    ep_len_mean          | 14.9        |
|    ep_rew_mean          | -0.479      |
| time/                   |             |
|    fps                  | 104         |
|    iterations           | 7           |
|    time_elapsed         | 547         |
|    total_timesteps      | 57344       |
| train/                  |             |
|    approx_kl            | 0.017978996 |
|    clip_fraction        | 0.185       |
|    clip_range           | 0.2         |
|    entropy_loss         | -1.28       |
|    explained_variance   | 0.994       |
|    learning_rate        | 0.0003      |
|    loss                 | -0.0125     |
|    n_updates            | 60          |
|    policy_gradient_loss | -0.0203     |
|    std                  | 0.852       |
|    value_loss           | 0.07        |
-----------------------------------------
-----------------------------------------
| rollout/                |             |
|    ep_len_mean          | 15.7        |
|    ep_rew_mean          | -0.396      |
| time/                   |             |
|    fps                  | 104         |
|    iterations           | 8           |
|    time_elapsed         | 626         |
|    total_timesteps      | 65536       |
| train/                  |             |
|    approx_kl            | 0.018424079 |
|    clip_fraction        | 0.177       |
|    clip_range           | 0.2         |
|    entropy_loss         | -1.22       |
|    explained_variance   | 0.995       |
|    learning_rate        | 0.0003      |
|    loss                 | -0.0046     |
|    n_updates            | 70          |
|    policy_gradient_loss | -0.0178     |
|    std                  | 0.804       |
|    value_loss           | 0.073       |
-----------------------------------------
-----------------------------------------
| rollout/                |             |
|    ep_len_mean          | 15.8        |
|    ep_rew_mean          | -0.378      |
| time/                   |             |
|    fps                  | 104         |
|    iterations           | 9           |
|    time_elapsed         | 702         |
|    total_timesteps      | 73728       |
| train/                  |             |
|    approx_kl            | 0.020897917 |
|    clip_fraction        | 0.182       |
|    clip_range           | 0.2         |
|    entropy_loss         | -1.15       |
|    explained_variance   | 0.994       |
|    learning_rate        | 0.0003      |
|    loss                 | 0.0619      |
|    n_updates            | 80          |
|    policy_gradient_loss | -0.0177     |
|    std                  | 0.741       |
|    value_loss           | 0.0716      |
-----------------------------------------
-----------------------------------------
| rollout/                |             |
|    ep_len_mean          | 16.2        |
|    ep_rew_mean          | -0.441      |
| time/                   |             |
|    fps                  | 105         |
|    iterations           | 10          |
|    time_elapsed         | 778         |
|    total_timesteps      | 81920       |
| train/                  |             |
|    approx_kl            | 0.012761272 |
|    clip_fraction        | 0.15        |
|    clip_range           | 0.2         |
|    entropy_loss         | -1.09       |
|    explained_variance   | 0.994       |
|    learning_rate        | 0.0003      |
|    loss                 | 0.0232      |
|    n_updates            | 90          |
|    policy_gradient_loss | -0.0119     |
|    std                  | 0.716       |
|    value_loss           | 0.0685      |
-----------------------------------------
-----------------------------------------
| rollout/                |             |
|    ep_len_mean          | 17.7        |
|    ep_rew_mean          | -0.167      |
| time/                   |             |
|    fps                  | 105         |
|    iterations           | 11          |
|    time_elapsed         | 856         |
|    total_timesteps      | 90112       |
| train/                  |             |
|    approx_kl            | 0.017604796 |
|    clip_fraction        | 0.156       |
|    clip_range           | 0.2         |
|    entropy_loss         | -1.04       |
|    explained_variance   | 0.994       |
|    learning_rate        | 0.0003      |
|    loss                 | 0.0147      |
|    n_updates            | 100         |
|    policy_gradient_loss | -0.0106     |
|    std                  | 0.678       |
|    value_loss           | 0.0734      |
-----------------------------------------
------------------------------------------
| rollout/                |              |
|    ep_len_mean          | 19.8         |
|    ep_rew_mean          | -0.478       |
| time/                   |              |
|    fps                  | 105          |
|    iterations           | 12           |
|    time_elapsed         | 933          |
|    total_timesteps      | 98304        |
| train/                  |              |
|    approx_kl            | 0.0144622065 |
|    clip_fraction        | 0.14         |
|    clip_range           | 0.2          |
|    entropy_loss         | -1.01        |
|    explained_variance   | 0.827        |
|    learning_rate        | 0.0003       |
|    loss                 | 0.0602       |
|    n_updates            | 110          |
|    policy_gradient_loss | -0.00351     |
|    std                  | 0.658        |
|    value_loss           | 0.21         |
------------------------------------------
-----------------------------------------
| rollout/                |             |
|    ep_len_mean          | 19.1        |
|    ep_rew_mean          | -0.768      |
| time/                   |             |
|    fps                  | 105         |
|    iterations           | 13          |
|    time_elapsed         | 1012        |
|    total_timesteps      | 106496      |
| train/                  |             |
|    approx_kl            | 0.010903738 |
|    clip_fraction        | 0.123       |
|    clip_range           | 0.2         |
|    entropy_loss         | -0.983      |
|    explained_variance   | 0.795       |
|    learning_rate        | 0.0003      |
|    loss                 | 0.0308      |
|    n_updates            | 120         |
|    policy_gradient_loss | -0.00161    |
|    std                  | 0.638       |
|    value_loss           | 0.204       |
-----------------------------------------
-----------------------------------------
| rollout/                |             |
|    ep_len_mean          | 21.5        |
|    ep_rew_mean          | -1.01       |
| time/                   |             |
|    fps                  | 105         |
|    iterations           | 14          |
|    time_elapsed         | 1085        |
|    total_timesteps      | 114688      |
| train/                  |             |
|    approx_kl            | 0.011790892 |
|    clip_fraction        | 0.139       |
|    clip_range           | 0.2         |
|    entropy_loss         | -0.96       |
|    explained_variance   | 0.909       |
|    learning_rate        | 0.0003      |
|    loss                 | 0.175       |
|    n_updates            | 130         |
|    policy_gradient_loss | 0.000386    |
|    std                  | 0.63        |
|    value_loss           | 0.355       |
-----------------------------------------
-----------------------------------------
| rollout/                |             |
|    ep_len_mean          | 21.8        |
|    ep_rew_mean          | -1.05       |
| time/                   |             |
|    fps                  | 105         |
|    iterations           | 15          |
|    time_elapsed         | 1163        |
|    total_timesteps      | 122880      |
| train/                  |             |
|    approx_kl            | 0.008951421 |
|    clip_fraction        | 0.112       |
|    clip_range           | 0.2         |
|    entropy_loss         | -0.943      |
|    explained_variance   | 0.936       |
|    learning_rate        | 0.0003      |
|    loss                 | 0.0763      |
|    n_updates            | 140         |
|    policy_gradient_loss | 0.00149     |
|    std                  | 0.612       |
|    value_loss           | 0.613       |
-----------------------------------------
-----------------------------------------
| rollout/                |             |
|    ep_len_mean          | 19.7        |
|    ep_rew_mean          | 0.0464      |
| time/                   |             |
|    fps                  | 105         |
|    iterations           | 16          |
|    time_elapsed         | 1237        |
|    total_timesteps      | 131072      |
| train/                  |             |
|    approx_kl            | 0.008054664 |
|    clip_fraction        | 0.0928      |
|    clip_range           | 0.2         |
|    entropy_loss         | -0.924      |
|    explained_variance   | 0.958       |
|    learning_rate        | 0.0003      |
|    loss                 | 0.136       |
|    n_updates            | 150         |
|    policy_gradient_loss | 0.00163     |
|    std                  | 0.604       |
|    value_loss           | 0.678       |
-----------------------------------------
-----------------------------------------
| rollout/                |             |
|    ep_len_mean          | 18          |
|    ep_rew_mean          | -0.208      |
| time/                   |             |
|    fps                  | 106         |
|    iterations           | 17          |
|    time_elapsed         | 1313        |
|    total_timesteps      | 139264      |
| train/                  |             |
|    approx_kl            | 0.026519349 |
|    clip_fraction        | 0.115       |
|    clip_range           | 0.2         |
|    entropy_loss         | -0.898      |
|    explained_variance   | 0.973       |
|    learning_rate        | 0.0003      |
|    loss                 | 0.0902      |
|    n_updates            | 160         |
|    policy_gradient_loss | 0.00128     |
|    std                  | 0.588       |
|    value_loss           | 0.433       |
-----------------------------------------
-----------------------------------------
| rollout/                |             |
|    ep_len_mean          | 18.8        |
|    ep_rew_mean          | -0.103      |
| time/                   |             |
|    fps                  | 106         |
|    iterations           | 18          |
|    time_elapsed         | 1387        |
|    total_timesteps      | 147456      |
| train/                  |             |
|    approx_kl            | 0.015173359 |
|    clip_fraction        | 0.117       |
|    clip_range           | 0.2         |
|    entropy_loss         | -0.857      |
|    explained_variance   | 0.992       |
|    learning_rate        | 0.0003      |
|    loss                 | 0.0146      |
|    n_updates            | 170         |
|    policy_gradient_loss | -0.000539   |
|    std                  | 0.564       |
|    value_loss           | 0.0748      |
-----------------------------------------
-----------------------------------------
| rollout/                |             |
|    ep_len_mean          | 19          |
|    ep_rew_mean          | -0.111      |
| time/                   |             |
|    fps                  | 106         |
|    iterations           | 19          |
|    time_elapsed         | 1463        |
|    total_timesteps      | 155648      |
| train/                  |             |
|    approx_kl            | 0.011075588 |
|    clip_fraction        | 0.125       |
|    clip_range           | 0.2         |
|    entropy_loss         | -0.82       |
|    explained_variance   | 0.993       |
|    learning_rate        | 0.0003      |
|    loss                 | 0.0415      |
|    n_updates            | 180         |
|    policy_gradient_loss | -0.00278    |
|    std                  | 0.548       |
|    value_loss           | 0.0851      |
-----------------------------------------
-----------------------------------------
| rollout/                |             |
|    ep_len_mean          | 19.7        |
|    ep_rew_mean          | -0.107      |
| time/                   |             |
|    fps                  | 106         |
|    iterations           | 20          |
|    time_elapsed         | 1539        |
|    total_timesteps      | 163840      |
| train/                  |             |
|    approx_kl            | 0.013103841 |
|    clip_fraction        | 0.118       |
|    clip_range           | 0.2         |
|    entropy_loss         | -0.793      |
|    explained_variance   | 0.992       |
|    learning_rate        | 0.0003      |
|    loss                 | 0.0388      |
|    n_updates            | 190         |
|    policy_gradient_loss | -0.000888   |
|    std                  | 0.53        |
|    value_loss           | 0.109       |
-----------------------------------------
-----------------------------------------
| rollout/                |             |
|    ep_len_mean          | 20          |
|    ep_rew_mean          | -0.0887     |
| time/                   |             |
|    fps                  | 106         |
|    iterations           | 21          |
|    time_elapsed         | 1616        |
|    total_timesteps      | 172032      |
| train/                  |             |
|    approx_kl            | 0.025035093 |
|    clip_fraction        | 0.143       |
|    clip_range           | 0.2         |
|    entropy_loss         | -0.77       |
|    explained_variance   | 0.973       |
|    learning_rate        | 0.0003      |
|    loss                 | 0.195       |
|    n_updates            | 200         |
|    policy_gradient_loss | 0.00137     |
|    std                  | 0.517       |
|    value_loss           | 0.493       |
-----------------------------------------
-----------------------------------------
| rollout/                |             |
|    ep_len_mean          | 21.6        |
|    ep_rew_mean          | 0.142       |
| time/                   |             |
|    fps                  | 106         |
|    iterations           | 22          |
|    time_elapsed         | 1692        |
|    total_timesteps      | 180224      |
| train/                  |             |
|    approx_kl            | 0.020133086 |
|    clip_fraction        | 0.126       |
|    clip_range           | 0.2         |
|    entropy_loss         | -0.748      |
|    explained_variance   | 0.967       |
|    learning_rate        | 0.0003      |
|    loss                 | 0.182       |
|    n_updates            | 210         |
|    policy_gradient_loss | 0.00543     |
|    std                  | 0.508       |
|    value_loss           | 0.638       |
-----------------------------------------
-----------------------------------------
| rollout/                |             |
|    ep_len_mean          | 20.9        |
|    ep_rew_mean          | 0.0784      |
| time/                   |             |
|    fps                  | 106         |
|    iterations           | 23          |
|    time_elapsed         | 1766        |
|    total_timesteps      | 188416      |
| train/                  |             |
|    approx_kl            | 0.008157315 |
|    clip_fraction        | 0.112       |
|    clip_range           | 0.2         |
|    entropy_loss         | -0.737      |
|    explained_variance   | 0.972       |
|    learning_rate        | 0.0003      |
|    loss                 | 0.394       |
|    n_updates            | 220         |
|    policy_gradient_loss | 0.00372     |
|    std                  | 0.504       |
|    value_loss           | 0.624       |
-----------------------------------------
-----------------------------------------
| rollout/                |             |
|    ep_len_mean          | 20.6        |
|    ep_rew_mean          | 0.0394      |
| time/                   |             |
|    fps                  | 106         |
|    iterations           | 24          |
|    time_elapsed         | 1841        |
|    total_timesteps      | 196608      |
| train/                  |             |
|    approx_kl            | 0.010284781 |
|    clip_fraction        | 0.105       |
|    clip_range           | 0.2         |
|    entropy_loss         | -0.711      |
|    explained_variance   | 0.986       |
|    learning_rate        | 0.0003      |
|    loss                 | 0.0483      |
|    n_updates            | 230         |
|    policy_gradient_loss | 0.00343     |
|    std                  | 0.49        |
|    value_loss           | 0.105       |
-----------------------------------------
-----------------------------------------
| rollout/                |             |
|    ep_len_mean          | 20.3        |
|    ep_rew_mean          | -0.0368     |
| time/                   |             |
|    fps                  | 106         |
|    iterations           | 25          |
|    time_elapsed         | 1916        |
|    total_timesteps      | 204800      |
| train/                  |             |
|    approx_kl            | 0.010478098 |
|    clip_fraction        | 0.107       |
|    clip_range           | 0.2         |
|    entropy_loss         | -0.694      |
|    explained_variance   | 0.991       |
|    learning_rate        | 0.0003      |
|    loss                 | 0.0561      |
|    n_updates            | 240         |
|    policy_gradient_loss | 0.00189     |
|    std                  | 0.482       |
|    value_loss           | 0.102       |
-----------------------------------------
-----------------------------------------
| rollout/                |             |
|    ep_len_mean          | 21.7        |
|    ep_rew_mean          | 0.179       |
| time/                   |             |
|    fps                  | 107         |
|    iterations           | 26          |
|    time_elapsed         | 1990        |
|    total_timesteps      | 212992      |
| train/                  |             |
|    approx_kl            | 0.014461412 |
|    clip_fraction        | 0.114       |
|    clip_range           | 0.2         |
|    entropy_loss         | -0.65       |
|    explained_variance   | 0.993       |
|    learning_rate        | 0.0003      |
|    loss                 | 0.0429      |
|    n_updates            | 250         |
|    policy_gradient_loss | -0.00196    |
|    std                  | 0.455       |
|    value_loss           | 0.0907      |
-----------------------------------------
-----------------------------------------
| rollout/                |             |
|    ep_len_mean          | 21.7        |
|    ep_rew_mean          | 0.0534      |
| time/                   |             |
|    fps                  | 107         |
|    iterations           | 27          |
|    time_elapsed         | 2063        |
|    total_timesteps      | 221184      |
| train/                  |             |
|    approx_kl            | 0.010568703 |
|    clip_fraction        | 0.11        |
|    clip_range           | 0.2         |
|    entropy_loss         | -0.618      |
|    explained_variance   | 0.99        |
|    learning_rate        | 0.0003      |
|    loss                 | 0.0386      |
|    n_updates            | 260         |
|    policy_gradient_loss | 0.00222     |
|    std                  | 0.445       |
|    value_loss           | 0.116       |
-----------------------------------------
-----------------------------------------
| rollout/                |             |
|    ep_len_mean          | 21.5        |
|    ep_rew_mean          | 0.00323     |
| time/                   |             |
|    fps                  | 107         |
|    iterations           | 28          |
|    time_elapsed         | 2141        |
|    total_timesteps      | 229376      |
| train/                  |             |
|    approx_kl            | 0.012323707 |
|    clip_fraction        | 0.105       |
|    clip_range           | 0.2         |
|    entropy_loss         | -0.596      |
|    explained_variance   | 0.985       |
|    learning_rate        | 0.0003      |
|    loss                 | 0.0747      |
|    n_updates            | 270         |
|    policy_gradient_loss | 0.00294     |
|    std                  | 0.436       |
|    value_loss           | 0.145       |
-----------------------------------------
-----------------------------------------
| rollout/                |             |
|    ep_len_mean          | 22.4        |
|    ep_rew_mean          | 0.187       |
| time/                   |             |
|    fps                  | 107         |
|    iterations           | 29          |
|    time_elapsed         | 2214        |
|    total_timesteps      | 237568      |
| train/                  |             |
|    approx_kl            | 0.015050316 |
|    clip_fraction        | 0.113       |
|    clip_range           | 0.2         |
|    entropy_loss         | -0.579      |
|    explained_variance   | 0.989       |
|    learning_rate        | 0.0003      |
|    loss                 | 0.0477      |
|    n_updates            | 280         |
|    policy_gradient_loss | -0.000328   |
|    std                  | 0.432       |
|    value_loss           | 0.148       |
-----------------------------------------
----------------------------------------
| rollout/                |            |
|    ep_len_mean          | 25.4       |
|    ep_rew_mean          | 0.407      |
| time/                   |            |
|    fps                  | 107        |
|    iterations           | 30         |
|    time_elapsed         | 2287       |
|    total_timesteps      | 245760     |
| train/                  |            |
|    approx_kl            | 0.01250178 |
|    clip_fraction        | 0.102      |
|    clip_range           | 0.2        |
|    entropy_loss         | -0.557     |
|    explained_variance   | 0.989      |
|    learning_rate        | 0.0003     |
|    loss                 | 0.0639     |
|    n_updates            | 290        |
|    policy_gradient_loss | -0.00171   |
|    std                  | 0.419      |
|    value_loss           | 0.165      |
----------------------------------------
-----------------------------------------
| rollout/                |             |
|    ep_len_mean          | 24.7        |
|    ep_rew_mean          | 0.32        |
| time/                   |             |
|    fps                  | 107         |
|    iterations           | 31          |
|    time_elapsed         | 2362        |
|    total_timesteps      | 253952      |
| train/                  |             |
|    approx_kl            | 0.011426898 |
|    clip_fraction        | 0.111       |
|    clip_range           | 0.2         |
|    entropy_loss         | -0.53       |
|    explained_variance   | 0.983       |
|    learning_rate        | 0.0003      |
|    loss                 | 0.134       |
|    n_updates            | 300         |
|    policy_gradient_loss | -0.00135    |
|    std                  | 0.406       |
|    value_loss           | 0.215       |
-----------------------------------------
-----------------------------------------
| rollout/                |             |
|    ep_len_mean          | 27.1        |
|    ep_rew_mean          | 0.365       |
| time/                   |             |
|    fps                  | 107         |
|    iterations           | 32          |
|    time_elapsed         | 2438        |
|    total_timesteps      | 262144      |
| train/                  |             |
|    approx_kl            | 0.010671351 |
|    clip_fraction        | 0.0929      |
|    clip_range           | 0.2         |
|    entropy_loss         | -0.493      |
|    explained_variance   | 0.981       |
|    learning_rate        | 0.0003      |
|    loss                 | 0.22        |
|    n_updates            | 310         |
|    policy_gradient_loss | -0.00106    |
|    std                  | 0.391       |
|    value_loss           | 0.201       |
-----------------------------------------
----------------------------------------
| rollout/                |            |
|    ep_len_mean          | 32.7       |
|    ep_rew_mean          | 0.714      |
| time/                   |            |
|    fps                  | 107        |
|    iterations           | 33         |
|    time_elapsed         | 2512       |
|    total_timesteps      | 270336     |
| train/                  |            |
|    approx_kl            | 0.01115912 |
|    clip_fraction        | 0.111      |
|    clip_range           | 0.2        |
|    entropy_loss         | -0.476     |
|    explained_variance   | 0.962      |
|    learning_rate        | 0.0003     |
|    loss                 | 0.183      |
|    n_updates            | 320        |
|    policy_gradient_loss | -0.00123   |
|    std                  | 0.389      |
|    value_loss           | 0.364      |
----------------------------------------
-----------------------------------------
| rollout/                |             |
|    ep_len_mean          | 33.9        |
|    ep_rew_mean          | 0.72        |
| time/                   |             |
|    fps                  | 107         |
|    iterations           | 34          |
|    time_elapsed         | 2588        |
|    total_timesteps      | 278528      |
| train/                  |             |
|    approx_kl            | 0.009723801 |
|    clip_fraction        | 0.135       |
|    clip_range           | 0.2         |
|    entropy_loss         | -0.47       |
|    explained_variance   | 0.931       |
|    learning_rate        | 0.0003      |
|    loss                 | 0.575       |
|    n_updates            | 330         |
|    policy_gradient_loss | -0.00531    |
|    std                  | 0.386       |
|    value_loss           | 0.733       |
-----------------------------------------
-----------------------------------------
| rollout/                |             |
|    ep_len_mean          | 46.6        |
|    ep_rew_mean          | 1.95        |
| time/                   |             |
|    fps                  | 107         |
|    iterations           | 35          |
|    time_elapsed         | 2666        |
|    total_timesteps      | 286720      |
| train/                  |             |
|    approx_kl            | 0.010388256 |
|    clip_fraction        | 0.128       |
|    clip_range           | 0.2         |
|    entropy_loss         | -0.463      |
|    explained_variance   | 0.889       |
|    learning_rate        | 0.0003      |
|    loss                 | 0.65        |
|    n_updates            | 340         |
|    policy_gradient_loss | -0.00421    |
|    std                  | 0.384       |
|    value_loss           | 1.36        |
-----------------------------------------
------------------------------------------
| rollout/                |              |
|    ep_len_mean          | 63.1         |
|    ep_rew_mean          | 3.46         |
| time/                   |              |
|    fps                  | 107          |
|    iterations           | 36           |
|    time_elapsed         | 2741         |
|    total_timesteps      | 294912       |
| train/                  |              |
|    approx_kl            | 0.0134916715 |
|    clip_fraction        | 0.151        |
|    clip_range           | 0.2          |
|    entropy_loss         | -0.449       |
|    explained_variance   | 0.874        |
|    learning_rate        | 0.0003       |
|    loss                 | 0.887        |
|    n_updates            | 350          |
|    policy_gradient_loss | -0.00468     |
|    std                  | 0.376        |
|    value_loss           | 1.51         |
------------------------------------------
-----------------------------------------
| rollout/                |             |
|    ep_len_mean          | 47.9        |
|    ep_rew_mean          | 2.57        |
| time/                   |             |
|    fps                  | 107         |
|    iterations           | 37          |
|    time_elapsed         | 2817        |
|    total_timesteps      | 303104      |
| train/                  |             |
|    approx_kl            | 0.013742635 |
|    clip_fraction        | 0.169       |
|    clip_range           | 0.2         |
|    entropy_loss         | -0.418      |
|    explained_variance   | 0.845       |
|    learning_rate        | 0.0003      |
|    loss                 | 0.98        |
|    n_updates            | 360         |
|    policy_gradient_loss | -0.00467    |
|    std                  | 0.365       |
|    value_loss           | 1.71        |
-----------------------------------------
------------------------------------------
| rollout/                |              |
|    ep_len_mean          | 61.6         |
|    ep_rew_mean          | 4.07         |
| time/                   |              |
|    fps                  | 107          |
|    iterations           | 38           |
|    time_elapsed         | 2888         |
|    total_timesteps      | 311296       |
| train/                  |              |
|    approx_kl            | 0.0118316235 |
|    clip_fraction        | 0.138        |
|    clip_range           | 0.2          |
|    entropy_loss         | -0.385       |
|    explained_variance   | 0.828        |
|    learning_rate        | 0.0003       |
|    loss                 | 0.459        |
|    n_updates            | 370          |
|    policy_gradient_loss | 0.00118      |
|    std                  | 0.354        |
|    value_loss           | 1.18         |
------------------------------------------
------------------------------------------
| rollout/                |              |
|    ep_len_mean          | 71           |
|    ep_rew_mean          | 4.84         |
| time/                   |              |
|    fps                  | 107          |
|    iterations           | 39           |
|    time_elapsed         | 2962         |
|    total_timesteps      | 319488       |
| train/                  |              |
|    approx_kl            | 0.0138053205 |
|    clip_fraction        | 0.129        |
|    clip_range           | 0.2          |
|    entropy_loss         | -0.389       |
|    explained_variance   | 0.845        |
|    learning_rate        | 0.0003       |
|    loss                 | 0.809        |
|    n_updates            | 380          |
|    policy_gradient_loss | 0.00523      |
|    std                  | 0.359        |
|    value_loss           | 1.01         |
------------------------------------------
-----------------------------------------
| rollout/                |             |
|    ep_len_mean          | 74.9        |
|    ep_rew_mean          | 5.44        |
| time/                   |             |
|    fps                  | 108         |
|    iterations           | 40          |
|    time_elapsed         | 3031        |
|    total_timesteps      | 327680      |
| train/                  |             |
|    approx_kl            | 0.009181714 |
|    clip_fraction        | 0.118       |
|    clip_range           | 0.2         |
|    entropy_loss         | -0.382      |
|    explained_variance   | 0.824       |
|    learning_rate        | 0.0003      |
|    loss                 | 0.867       |
|    n_updates            | 390         |
|    policy_gradient_loss | 0.00342     |
|    std                  | 0.352       |
|    value_loss           | 1.12        |
-----------------------------------------
-----------------------------------------
| rollout/                |             |
|    ep_len_mean          | 66.7        |
|    ep_rew_mean          | 4.51        |
| time/                   |             |
|    fps                  | 108         |
|    iterations           | 41          |
|    time_elapsed         | 3106        |
|    total_timesteps      | 335872      |
| train/                  |             |
|    approx_kl            | 0.011910355 |
|    clip_fraction        | 0.157       |
|    clip_range           | 0.2         |
|    entropy_loss         | -0.375      |
|    explained_variance   | 0.852       |
|    learning_rate        | 0.0003      |
|    loss                 | 0.436       |
|    n_updates            | 400         |
|    policy_gradient_loss | 0.00365     |
|    std                  | 0.351       |
|    value_loss           | 1.19        |
-----------------------------------------
-----------------------------------------
| rollout/                |             |
|    ep_len_mean          | 74.3        |
|    ep_rew_mean          | 5.13        |
| time/                   |             |
|    fps                  | 108         |
|    iterations           | 42          |
|    time_elapsed         | 3179        |
|    total_timesteps      | 344064      |
| train/                  |             |
|    approx_kl            | 0.015701268 |
|    clip_fraction        | 0.141       |
|    clip_range           | 0.2         |
|    entropy_loss         | -0.374      |
|    explained_variance   | 0.839       |
|    learning_rate        | 0.0003      |
|    loss                 | 0.927       |
|    n_updates            | 410         |
|    policy_gradient_loss | 0.00463     |
|    std                  | 0.351       |
|    value_loss           | 1.65        |
-----------------------------------------
-----------------------------------------
| rollout/                |             |
|    ep_len_mean          | 65.2        |
|    ep_rew_mean          | 4.4         |
| time/                   |             |
|    fps                  | 108         |
|    iterations           | 43          |
|    time_elapsed         | 3251        |
|    total_timesteps      | 352256      |
| train/                  |             |
|    approx_kl            | 0.017574094 |
|    clip_fraction        | 0.15        |
|    clip_range           | 0.2         |
|    entropy_loss         | -0.365      |
|    explained_variance   | 0.863       |
|    learning_rate        | 0.0003      |
|    loss                 | 0.403       |
|    n_updates            | 420         |
|    policy_gradient_loss | 0.0045      |
|    std                  | 0.346       |
|    value_loss           | 1.54        |
-----------------------------------------
-----------------------------------------
| rollout/                |             |
|    ep_len_mean          | 65.2        |
|    ep_rew_mean          | 4.47        |
| time/                   |             |
|    fps                  | 108         |
|    iterations           | 44          |
|    time_elapsed         | 3324        |
|    total_timesteps      | 360448      |
| train/                  |             |
|    approx_kl            | 0.019620746 |
|    clip_fraction        | 0.176       |
|    clip_range           | 0.2         |
|    entropy_loss         | -0.351      |
|    explained_variance   | 0.871       |
|    learning_rate        | 0.0003      |
|    loss                 | 0.646       |
|    n_updates            | 430         |
|    policy_gradient_loss | 0.00451     |
|    std                  | 0.342       |
|    value_loss           | 1.55        |
-----------------------------------------
-----------------------------------------
| rollout/                |             |
|    ep_len_mean          | 61.7        |
|    ep_rew_mean          | 4.03        |
| time/                   |             |
|    fps                  | 108         |
|    iterations           | 45          |
|    time_elapsed         | 3398        |
|    total_timesteps      | 368640      |
| train/                  |             |
|    approx_kl            | 0.012540486 |
|    clip_fraction        | 0.175       |
|    clip_range           | 0.2         |
|    entropy_loss         | -0.341      |
|    explained_variance   | 0.853       |
|    learning_rate        | 0.0003      |
|    loss                 | 1.21        |
|    n_updates            | 440         |
|    policy_gradient_loss | 0.00504     |
|    std                  | 0.341       |
|    value_loss           | 2.02        |
-----------------------------------------
-----------------------------------------
| rollout/                |             |
|    ep_len_mean          | 81.5        |
|    ep_rew_mean          | 6.06        |
| time/                   |             |
|    fps                  | 108         |
|    iterations           | 46          |
|    time_elapsed         | 3472        |
|    total_timesteps      | 376832      |
| train/                  |             |
|    approx_kl            | 0.031955305 |
|    clip_fraction        | 0.211       |
|    clip_range           | 0.2         |
|    entropy_loss         | -0.335      |
|    explained_variance   | 0.901       |
|    learning_rate        | 0.0003      |
|    loss                 | 0.4         |
|    n_updates            | 450         |
|    policy_gradient_loss | 0.0052      |
|    std                  | 0.338       |
|    value_loss           | 1.6         |
-----------------------------------------
-----------------------------------------
| rollout/                |             |
|    ep_len_mean          | 60.1        |
|    ep_rew_mean          | 3.81        |
| time/                   |             |
|    fps                  | 108         |
|    iterations           | 47          |
|    time_elapsed         | 3547        |
|    total_timesteps      | 385024      |
| train/                  |             |
|    approx_kl            | 0.033722363 |
|    clip_fraction        | 0.198       |
|    clip_range           | 0.2         |
|    entropy_loss         | -0.341      |
|    explained_variance   | 0.887       |
|    learning_rate        | 0.0003      |
|    loss                 | 1.02        |
|    n_updates            | 460         |
|    policy_gradient_loss | 0.00441     |
|    std                  | 0.339       |
|    value_loss           | 1.07        |
-----------------------------------------
----------------------------------------
| rollout/                |            |
|    ep_len_mean          | 63         |
|    ep_rew_mean          | 4.21       |
| time/                   |            |
|    fps                  | 108        |
|    iterations           | 48         |
|    time_elapsed         | 3621       |
|    total_timesteps      | 393216     |
| train/                  |            |
|    approx_kl            | 0.02049958 |
|    clip_fraction        | 0.183      |
|    clip_range           | 0.2        |
|    entropy_loss         | -0.338     |
|    explained_variance   | 0.879      |
|    learning_rate        | 0.0003     |
|    loss                 | 0.219      |
|    n_updates            | 470        |
|    policy_gradient_loss | 0.00356    |
|    std                  | 0.34       |
|    value_loss           | 2.21       |
----------------------------------------
----------------------------------------
| rollout/                |            |
|    ep_len_mean          | 72.5       |
|    ep_rew_mean          | 5.39       |
| time/                   |            |
|    fps                  | 108        |
|    iterations           | 49         |
|    time_elapsed         | 3693       |
|    total_timesteps      | 401408     |
| train/                  |            |
|    approx_kl            | 0.02256052 |
|    clip_fraction        | 0.181      |
|    clip_range           | 0.2        |
|    entropy_loss         | -0.338     |
|    explained_variance   | 0.861      |
|    learning_rate        | 0.0003     |
|    loss                 | 1.91       |
|    n_updates            | 480        |
|    policy_gradient_loss | 0.00348    |
|    std                  | 0.34       |
|    value_loss           | 1.81       |
----------------------------------------
-----------------------------------------
| rollout/                |             |
|    ep_len_mean          | 61.8        |
|    ep_rew_mean          | 4.19        |
| time/                   |             |
|    fps                  | 108         |
|    iterations           | 50          |
|    time_elapsed         | 3764        |
|    total_timesteps      | 409600      |
| train/                  |             |
|    approx_kl            | 0.015991066 |
|    clip_fraction        | 0.183       |
|    clip_range           | 0.2         |
|    entropy_loss         | -0.331      |
|    explained_variance   | 0.904       |
|    learning_rate        | 0.0003      |
|    loss                 | 0.886       |
|    n_updates            | 490         |
|    policy_gradient_loss | 0.00419     |
|    std                  | 0.334       |
|    value_loss           | 1.93        |
-----------------------------------------
-----------------------------------------
| rollout/                |             |
|    ep_len_mean          | 71.2        |
|    ep_rew_mean          | 5.04        |
| time/                   |             |
|    fps                  | 108         |
|    iterations           | 51          |
|    time_elapsed         | 3835        |
|    total_timesteps      | 417792      |
| train/                  |             |
|    approx_kl            | 0.028421331 |
|    clip_fraction        | 0.198       |
|    clip_range           | 0.2         |
|    entropy_loss         | -0.318      |
|    explained_variance   | 0.891       |
|    learning_rate        | 0.0003      |
|    loss                 | 0.316       |
|    n_updates            | 500         |
|    policy_gradient_loss | 0.00569     |
|    std                  | 0.332       |
|    value_loss           | 2.27        |
-----------------------------------------
----------------------------------------
| rollout/                |            |
|    ep_len_mean          | 54.5       |
|    ep_rew_mean          | 3.19       |
| time/                   |            |
|    fps                  | 108        |
|    iterations           | 52         |
|    time_elapsed         | 3910       |
|    total_timesteps      | 425984     |
| train/                  |            |
|    approx_kl            | 0.03484884 |
|    clip_fraction        | 0.218      |
|    clip_range           | 0.2        |
|    entropy_loss         | -0.308     |
|    explained_variance   | 0.876      |
|    learning_rate        | 0.0003     |
|    loss                 | 1.16       |
|    n_updates            | 510        |
|    policy_gradient_loss | 0.00536    |
|    std                  | 0.33       |
|    value_loss           | 1.73       |
----------------------------------------
-----------------------------------------
| rollout/                |             |
|    ep_len_mean          | 67.8        |
|    ep_rew_mean          | 4.54        |
| time/                   |             |
|    fps                  | 109         |
|    iterations           | 53          |
|    time_elapsed         | 3982        |
|    total_timesteps      | 434176      |
| train/                  |             |
|    approx_kl            | 0.019819409 |
|    clip_fraction        | 0.186       |
|    clip_range           | 0.2         |
|    entropy_loss         | -0.307      |
|    explained_variance   | 0.856       |
|    learning_rate        | 0.0003      |
|    loss                 | 0.618       |
|    n_updates            | 520         |
|    policy_gradient_loss | 0.00379     |
|    std                  | 0.328       |
|    value_loss           | 2.37        |
-----------------------------------------
-----------------------------------------
| rollout/                |             |
|    ep_len_mean          | 75.9        |
|    ep_rew_mean          | 5.5         |
| time/                   |             |
|    fps                  | 109         |
|    iterations           | 54          |
|    time_elapsed         | 4055        |
|    total_timesteps      | 442368      |
| train/                  |             |
|    approx_kl            | 0.015756965 |
|    clip_fraction        | 0.216       |
|    clip_range           | 0.2         |
|    entropy_loss         | -0.289      |
|    explained_variance   | 0.864       |
|    learning_rate        | 0.0003      |
|    loss                 | 0.767       |
|    n_updates            | 530         |
|    policy_gradient_loss | 0.00808     |
|    std                  | 0.321       |
|    value_loss           | 2.61        |
-----------------------------------------
----------------------------------------
| rollout/                |            |
|    ep_len_mean          | 77.5       |
|    ep_rew_mean          | 5.82       |
| time/                   |            |
|    fps                  | 109        |
|    iterations           | 55         |
|    time_elapsed         | 4127       |
|    total_timesteps      | 450560     |
| train/                  |            |
|    approx_kl            | 0.02869516 |
|    clip_fraction        | 0.235      |
|    clip_range           | 0.2        |
|    entropy_loss         | -0.28      |
|    explained_variance   | 0.848      |
|    learning_rate        | 0.0003     |
|    loss                 | 0.539      |
|    n_updates            | 540        |
|    policy_gradient_loss | 0.0043     |
|    std                  | 0.321      |
|    value_loss           | 2.59       |
----------------------------------------
-----------------------------------------
| rollout/                |             |
|    ep_len_mean          | 70.7        |
|    ep_rew_mean          | 4.98        |
| time/                   |             |
|    fps                  | 109         |
|    iterations           | 56          |
|    time_elapsed         | 4201        |
|    total_timesteps      | 458752      |
| train/                  |             |
|    approx_kl            | 0.030447897 |
|    clip_fraction        | 0.185       |
|    clip_range           | 0.2         |
|    entropy_loss         | -0.271      |
|    explained_variance   | 0.861       |
|    learning_rate        | 0.0003      |
|    loss                 | 1.59        |
|    n_updates            | 550         |
|    policy_gradient_loss | 0.00431     |
|    std                  | 0.312       |
|    value_loss           | 1.8         |
-----------------------------------------
-----------------------------------------
| rollout/                |             |
|    ep_len_mean          | 79.2        |
|    ep_rew_mean          | 5.95        |
| time/                   |             |
|    fps                  | 109         |
|    iterations           | 57          |
|    time_elapsed         | 4276        |
|    total_timesteps      | 466944      |
| train/                  |             |
|    approx_kl            | 0.016337816 |
|    clip_fraction        | 0.23        |
|    clip_range           | 0.2         |
|    entropy_loss         | -0.242      |
|    explained_variance   | 0.89        |
|    learning_rate        | 0.0003      |
|    loss                 | 0.878       |
|    n_updates            | 560         |
|    policy_gradient_loss | 0.00666     |
|    std                  | 0.306       |
|    value_loss           | 1.78        |
-----------------------------------------
----------------------------------------
| rollout/                |            |
|    ep_len_mean          | 91.8       |
|    ep_rew_mean          | 7.45       |
| time/                   |            |
|    fps                  | 109        |
|    iterations           | 58         |
|    time_elapsed         | 4354       |
|    total_timesteps      | 475136     |
| train/                  |            |
|    approx_kl            | 0.04557827 |
|    clip_fraction        | 0.255      |
|    clip_range           | 0.2        |
|    entropy_loss         | -0.224     |
|    explained_variance   | 0.893      |
|    learning_rate        | 0.0003     |
|    loss                 | 0.857      |
|    n_updates            | 570        |
|    policy_gradient_loss | 0.00996    |
|    std                  | 0.303      |
|    value_loss           | 1.92       |
----------------------------------------
-----------------------------------------
| rollout/                |             |
|    ep_len_mean          | 75.5        |
|    ep_rew_mean          | 5.68        |
| time/                   |             |
|    fps                  | 109         |
|    iterations           | 59          |
|    time_elapsed         | 4426        |
|    total_timesteps      | 483328      |
| train/                  |             |
|    approx_kl            | 0.018522585 |
|    clip_fraction        | 0.237       |
|    clip_range           | 0.2         |
|    entropy_loss         | -0.221      |
|    explained_variance   | 0.88        |
|    learning_rate        | 0.0003      |
|    loss                 | 0.401       |
|    n_updates            | 580         |
|    policy_gradient_loss | 0.00867     |
|    std                  | 0.302       |
|    value_loss           | 1.88        |
-----------------------------------------
-----------------------------------------
| rollout/                |             |
|    ep_len_mean          | 67          |
|    ep_rew_mean          | 4.6         |
| time/                   |             |
|    fps                  | 109         |
|    iterations           | 60          |
|    time_elapsed         | 4499        |
|    total_timesteps      | 491520      |
| train/                  |             |
|    approx_kl            | 0.045778792 |
|    clip_fraction        | 0.211       |
|    clip_range           | 0.2         |
|    entropy_loss         | -0.219      |
|    explained_variance   | 0.908       |
|    learning_rate        | 0.0003      |
|    loss                 | 0.372       |
|    n_updates            | 590         |
|    policy_gradient_loss | 0.00613     |
|    std                  | 0.299       |
|    value_loss           | 1.76        |
-----------------------------------------
-----------------------------------------
| rollout/                |             |
|    ep_len_mean          | 69.4        |
|    ep_rew_mean          | 4.98        |
| time/                   |             |
|    fps                  | 109         |
|    iterations           | 61          |
|    time_elapsed         | 4573        |
|    total_timesteps      | 499712      |
| train/                  |             |
|    approx_kl            | 0.030541968 |
|    clip_fraction        | 0.247       |
|    clip_range           | 0.2         |
|    entropy_loss         | -0.208      |
|    explained_variance   | 0.84        |
|    learning_rate        | 0.0003      |
|    loss                 | 0.264       |
|    n_updates            | 600         |
|    policy_gradient_loss | 0.00828     |
|    std                  | 0.296       |
|    value_loss           | 2.95        |
-----------------------------------------
-----------------------------------------
| rollout/                |             |
|    ep_len_mean          | 72          |
|    ep_rew_mean          | 5.08        |
| time/                   |             |
|    fps                  | 109         |
|    iterations           | 62          |
|    time_elapsed         | 4649        |
|    total_timesteps      | 507904      |
| train/                  |             |
|    approx_kl            | 0.019621622 |
|    clip_fraction        | 0.198       |
|    clip_range           | 0.2         |
|    entropy_loss         | -0.195      |
|    explained_variance   | 0.858       |
|    learning_rate        | 0.0003      |
|    loss                 | 0.356       |
|    n_updates            | 610         |
|    policy_gradient_loss | 0.00643     |
|    std                  | 0.295       |
|    value_loss           | 2.17        |
-----------------------------------------
-----------------------------------------
| rollout/                |             |
|    ep_len_mean          | 72.6        |
|    ep_rew_mean          | 5.18        |
| time/                   |             |
|    fps                  | 109         |
|    iterations           | 63          |
|    time_elapsed         | 4722        |
|    total_timesteps      | 516096      |
| train/                  |             |
|    approx_kl            | 0.016629217 |
|    clip_fraction        | 0.162       |
|    clip_range           | 0.2         |
|    entropy_loss         | -0.201      |
|    explained_variance   | 0.844       |
|    learning_rate        | 0.0003      |
|    loss                 | 1.4         |
|    n_updates            | 620         |
|    policy_gradient_loss | 0.00363     |
|    std                  | 0.298       |
|    value_loss           | 2.4         |
-----------------------------------------
-----------------------------------------
| rollout/                |             |
|    ep_len_mean          | 68.3        |
|    ep_rew_mean          | 4.84        |
| time/                   |             |
|    fps                  | 109         |
|    iterations           | 64          |
|    time_elapsed         | 4794        |
|    total_timesteps      | 524288      |
| train/                  |             |
|    approx_kl            | 0.013685824 |
|    clip_fraction        | 0.201       |
|    clip_range           | 0.2         |
|    entropy_loss         | -0.198      |
|    explained_variance   | 0.901       |
|    learning_rate        | 0.0003      |
|    loss                 | 0.998       |
|    n_updates            | 630         |
|    policy_gradient_loss | 0.00619     |
|    std                  | 0.293       |
|    value_loss           | 1.87        |
-----------------------------------------
-----------------------------------------
| rollout/                |             |
|    ep_len_mean          | 88.4        |
|    ep_rew_mean          | 7.13        |
| time/                   |             |
|    fps                  | 109         |
|    iterations           | 65          |
|    time_elapsed         | 4862        |
|    total_timesteps      | 532480      |
| train/                  |             |
|    approx_kl            | 0.014946807 |
|    clip_fraction        | 0.167       |
|    clip_range           | 0.2         |
|    entropy_loss         | -0.194      |
|    explained_variance   | 0.873       |
|    learning_rate        | 0.0003      |
|    loss                 | 1.02        |
|    n_updates            | 640         |
|    policy_gradient_loss | 0.00525     |
|    std                  | 0.294       |
|    value_loss           | 2.1         |
-----------------------------------------
----------------------------------------
| rollout/                |            |
|    ep_len_mean          | 62.9       |
|    ep_rew_mean          | 4.04       |
| time/                   |            |
|    fps                  | 109        |
|    iterations           | 66         |
|    time_elapsed         | 4935       |
|    total_timesteps      | 540672     |
| train/                  |            |
|    approx_kl            | 0.02424515 |
|    clip_fraction        | 0.208      |
|    clip_range           | 0.2        |
|    entropy_loss         | -0.19      |
|    explained_variance   | 0.894      |
|    learning_rate        | 0.0003     |
|    loss                 | 1.42       |
|    n_updates            | 650        |
|    policy_gradient_loss | 0.00749    |
|    std                  | 0.296      |
|    value_loss           | 1.88       |
----------------------------------------
-----------------------------------------
| rollout/                |             |
|    ep_len_mean          | 52.8        |
|    ep_rew_mean          | 3.03        |
| time/                   |             |
|    fps                  | 109         |
|    iterations           | 67          |
|    time_elapsed         | 5008        |
|    total_timesteps      | 548864      |
| train/                  |             |
|    approx_kl            | 0.022146491 |
|    clip_fraction        | 0.174       |
|    clip_range           | 0.2         |
|    entropy_loss         | -0.196      |
|    explained_variance   | 0.805       |
|    learning_rate        | 0.0003      |
|    loss                 | 1.32        |
|    n_updates            | 660         |
|    policy_gradient_loss | 0.00617     |
|    std                  | 0.293       |
|    value_loss           | 3.22        |
-----------------------------------------
----------------------------------------
| rollout/                |            |
|    ep_len_mean          | 72.9       |
|    ep_rew_mean          | 5.29       |
| time/                   |            |
|    fps                  | 109        |
|    iterations           | 68         |
|    time_elapsed         | 5081       |
|    total_timesteps      | 557056     |
| train/                  |            |
|    approx_kl            | 0.02618389 |
|    clip_fraction        | 0.195      |
|    clip_range           | 0.2        |
|    entropy_loss         | -0.188     |
|    explained_variance   | 0.819      |
|    learning_rate        | 0.0003     |
|    loss                 | 2.75       |
|    n_updates            | 670        |
|    policy_gradient_loss | 0.00246    |
|    std                  | 0.29       |
|    value_loss           | 3.7        |
----------------------------------------
-----------------------------------------
| rollout/                |             |
|    ep_len_mean          | 62          |
|    ep_rew_mean          | 3.97        |
| time/                   |             |
|    fps                  | 109         |
|    iterations           | 69          |
|    time_elapsed         | 5153        |
|    total_timesteps      | 565248      |
| train/                  |             |
|    approx_kl            | 0.026961256 |
|    clip_fraction        | 0.221       |
|    clip_range           | 0.2         |
|    entropy_loss         | -0.167      |
|    explained_variance   | 0.878       |
|    learning_rate        | 0.0003      |
|    loss                 | 1.48        |
|    n_updates            | 680         |
|    policy_gradient_loss | 0.00846     |
|    std                  | 0.285       |
|    value_loss           | 1.81        |
-----------------------------------------
-----------------------------------------
| rollout/                |             |
|    ep_len_mean          | 72.4        |
|    ep_rew_mean          | 5.17        |
| time/                   |             |
|    fps                  | 109         |
|    iterations           | 70          |
|    time_elapsed         | 5227        |
|    total_timesteps      | 573440      |
| train/                  |             |
|    approx_kl            | 0.016231552 |
|    clip_fraction        | 0.175       |
|    clip_range           | 0.2         |
|    entropy_loss         | -0.158      |
|    explained_variance   | 0.86        |
|    learning_rate        | 0.0003      |
|    loss                 | 0.751       |
|    n_updates            | 690         |
|    policy_gradient_loss | 0.0055      |
|    std                  | 0.282       |
|    value_loss           | 2.22        |
-----------------------------------------
-----------------------------------------
| rollout/                |             |
|    ep_len_mean          | 70.8        |
|    ep_rew_mean          | 5.03        |
| time/                   |             |
|    fps                  | 109         |
|    iterations           | 71          |
|    time_elapsed         | 5301        |
|    total_timesteps      | 581632      |
| train/                  |             |
|    approx_kl            | 0.032207426 |
|    clip_fraction        | 0.169       |
|    clip_range           | 0.2         |
|    entropy_loss         | -0.161      |
|    explained_variance   | 0.822       |
|    learning_rate        | 0.0003      |
|    loss                 | 1.07        |
|    n_updates            | 700         |
|    policy_gradient_loss | 0.00616     |
|    std                  | 0.286       |
|    value_loss           | 1.57        |
-----------------------------------------
---------------------------------------
| rollout/                |           |
|    ep_len_mean          | 75.4      |
|    ep_rew_mean          | 5.38      |
| time/                   |           |
|    fps                  | 109       |
|    iterations           | 72        |
|    time_elapsed         | 5373      |
|    total_timesteps      | 589824    |
| train/                  |           |
|    approx_kl            | 0.0159685 |
|    clip_fraction        | 0.186     |
|    clip_range           | 0.2       |
|    entropy_loss         | -0.158    |
|    explained_variance   | 0.884     |
|    learning_rate        | 0.0003    |
|    loss                 | 0.604     |
|    n_updates            | 710       |
|    policy_gradient_loss | 0.0064    |
|    std                  | 0.283     |
|    value_loss           | 1.93      |
---------------------------------------
-----------------------------------------
| rollout/                |             |
|    ep_len_mean          | 71          |
|    ep_rew_mean          | 5.02        |
| time/                   |             |
|    fps                  | 109         |
|    iterations           | 73          |
|    time_elapsed         | 5447        |
|    total_timesteps      | 598016      |
| train/                  |             |
|    approx_kl            | 0.016040578 |
|    clip_fraction        | 0.184       |
|    clip_range           | 0.2         |
|    entropy_loss         | -0.158      |
|    explained_variance   | 0.9         |
|    learning_rate        | 0.0003      |
|    loss                 | 1.63        |
|    n_updates            | 720         |
|    policy_gradient_loss | 0.00378     |
|    std                  | 0.284       |
|    value_loss           | 1.19        |
-----------------------------------------
-----------------------------------------
| rollout/                |             |
|    ep_len_mean          | 75.8        |
|    ep_rew_mean          | 5.55        |
| time/                   |             |
|    fps                  | 109         |
|    iterations           | 74          |
|    time_elapsed         | 5520        |
|    total_timesteps      | 606208      |
| train/                  |             |
|    approx_kl            | 0.011095727 |
|    clip_fraction        | 0.152       |
|    clip_range           | 0.2         |
|    entropy_loss         | -0.15       |
|    explained_variance   | 0.826       |
|    learning_rate        | 0.0003      |
|    loss                 | 0.084       |
|    n_updates            | 730         |
|    policy_gradient_loss | 0.00386     |
|    std                  | 0.278       |
|    value_loss           | 1.87        |
-----------------------------------------
-----------------------------------------
| rollout/                |             |
|    ep_len_mean          | 60.6        |
|    ep_rew_mean          | 4.05        |
| time/                   |             |
|    fps                  | 109         |
|    iterations           | 75          |
|    time_elapsed         | 5593        |
|    total_timesteps      | 614400      |
| train/                  |             |
|    approx_kl            | 0.025387742 |
|    clip_fraction        | 0.195       |
|    clip_range           | 0.2         |
|    entropy_loss         | -0.121      |
|    explained_variance   | 0.871       |
|    learning_rate        | 0.0003      |
|    loss                 | 0.729       |
|    n_updates            | 740         |
|    policy_gradient_loss | 0.00457     |
|    std                  | 0.271       |
|    value_loss           | 1.8         |
-----------------------------------------
-----------------------------------------
| rollout/                |             |
|    ep_len_mean          | 61.6        |
|    ep_rew_mean          | 4.07        |
| time/                   |             |
|    fps                  | 109         |
|    iterations           | 76          |
|    time_elapsed         | 5666        |
|    total_timesteps      | 622592      |
| train/                  |             |
|    approx_kl            | 0.015687056 |
|    clip_fraction        | 0.155       |
|    clip_range           | 0.2         |
|    entropy_loss         | -0.111      |
|    explained_variance   | 0.872       |
|    learning_rate        | 0.0003      |
|    loss                 | 1.47        |
|    n_updates            | 750         |
|    policy_gradient_loss | 0.00425     |
|    std                  | 0.27        |
|    value_loss           | 2.32        |
-----------------------------------------
-----------------------------------------
| rollout/                |             |
|    ep_len_mean          | 62.9        |
|    ep_rew_mean          | 3.72        |
| time/                   |             |
|    fps                  | 109         |
|    iterations           | 77          |
|    time_elapsed         | 5740        |
|    total_timesteps      | 630784      |
| train/                  |             |
|    approx_kl            | 0.024519775 |
|    clip_fraction        | 0.178       |
|    clip_range           | 0.2         |
|    entropy_loss         | -0.108      |
|    explained_variance   | 0.859       |
|    learning_rate        | 0.0003      |
|    loss                 | 1.08        |
|    n_updates            | 760         |
|    policy_gradient_loss | 0.00475     |
|    std                  | 0.267       |
|    value_loss           | 2.44        |
-----------------------------------------
----------------------------------------
| rollout/                |            |
|    ep_len_mean          | 69.7       |
|    ep_rew_mean          | 4.84       |
| time/                   |            |
|    fps                  | 109        |
|    iterations           | 78         |
|    time_elapsed         | 5813       |
|    total_timesteps      | 638976     |
| train/                  |            |
|    approx_kl            | 0.01607629 |
|    clip_fraction        | 0.157      |
|    clip_range           | 0.2        |
|    entropy_loss         | -0.092     |
|    explained_variance   | 0.821      |
|    learning_rate        | 0.0003     |
|    loss                 | 1.23       |
|    n_updates            | 770        |
|    policy_gradient_loss | 0.00187    |
|    std                  | 0.263      |
|    value_loss           | 3.06       |
----------------------------------------
-----------------------------------------
| rollout/                |             |
|    ep_len_mean          | 73.5        |
|    ep_rew_mean          | 5.39        |
| time/                   |             |
|    fps                  | 109         |
|    iterations           | 79          |
|    time_elapsed         | 5886        |
|    total_timesteps      | 647168      |
| train/                  |             |
|    approx_kl            | 0.032498855 |
|    clip_fraction        | 0.194       |
|    clip_range           | 0.2         |
|    entropy_loss         | -0.0697     |
|    explained_variance   | 0.814       |
|    learning_rate        | 0.0003      |
|    loss                 | 1.39        |
|    n_updates            | 780         |
|    policy_gradient_loss | 0.00197     |
|    std                  | 0.256       |
|    value_loss           | 3.64        |
-----------------------------------------
-----------------------------------------
| rollout/                |             |
|    ep_len_mean          | 51.2        |
|    ep_rew_mean          | 2.62        |
| time/                   |             |
|    fps                  | 109         |
|    iterations           | 80          |
|    time_elapsed         | 5960        |
|    total_timesteps      | 655360      |
| train/                  |             |
|    approx_kl            | 0.015486839 |
|    clip_fraction        | 0.171       |
|    clip_range           | 0.2         |
|    entropy_loss         | -0.0518     |
|    explained_variance   | 0.856       |
|    learning_rate        | 0.0003      |
|    loss                 | 3.9         |
|    n_updates            | 790         |
|    policy_gradient_loss | 0.00615     |
|    std                  | 0.257       |
|    value_loss           | 2.65        |
-----------------------------------------
----------------------------------------
| rollout/                |            |
|    ep_len_mean          | 74.5       |
|    ep_rew_mean          | 5.44       |
| time/                   |            |
|    fps                  | 109        |
|    iterations           | 81         |
|    time_elapsed         | 6033       |
|    total_timesteps      | 663552     |
| train/                  |            |
|    approx_kl            | 0.01922198 |
|    clip_fraction        | 0.169      |
|    clip_range           | 0.2        |
|    entropy_loss         | -0.0563    |
|    explained_variance   | 0.749      |
|    learning_rate        | 0.0003     |
|    loss                 | 2.38       |
|    n_updates            | 800        |
|    policy_gradient_loss | 0.00476    |
|    std                  | 0.254      |
|    value_loss           | 4.03       |
----------------------------------------
-----------------------------------------
| rollout/                |             |
|    ep_len_mean          | 77.6        |
|    ep_rew_mean          | 5.7         |
| time/                   |             |
|    fps                  | 110         |
|    iterations           | 82          |
|    time_elapsed         | 6104        |
|    total_timesteps      | 671744      |
| train/                  |             |
|    approx_kl            | 0.018158577 |
|    clip_fraction        | 0.208       |
|    clip_range           | 0.2         |
|    entropy_loss         | -0.0385     |
|    explained_variance   | 0.876       |
|    learning_rate        | 0.0003      |
|    loss                 | 1.66        |
|    n_updates            | 810         |
|    policy_gradient_loss | 0.00622     |
|    std                  | 0.249       |
|    value_loss           | 1.9         |
-----------------------------------------
-----------------------------------------
| rollout/                |             |
|    ep_len_mean          | 79.3        |
|    ep_rew_mean          | 5.89        |
| time/                   |             |
|    fps                  | 110         |
|    iterations           | 83          |
|    time_elapsed         | 6178        |
|    total_timesteps      | 679936      |
| train/                  |             |
|    approx_kl            | 0.016365448 |
|    clip_fraction        | 0.142       |
|    clip_range           | 0.2         |
|    entropy_loss         | -0.0282     |
|    explained_variance   | 0.882       |
|    learning_rate        | 0.0003      |
|    loss                 | 0.141       |
|    n_updates            | 820         |
|    policy_gradient_loss | 0.00342     |
|    std                  | 0.25        |
|    value_loss           | 1.83        |
-----------------------------------------
-----------------------------------------
| rollout/                |             |
|    ep_len_mean          | 61.9        |
|    ep_rew_mean          | 3.97        |
| time/                   |             |
|    fps                  | 110         |
|    iterations           | 84          |
|    time_elapsed         | 6251        |
|    total_timesteps      | 688128      |
| train/                  |             |
|    approx_kl            | 0.010399956 |
|    clip_fraction        | 0.154       |
|    clip_range           | 0.2         |
|    entropy_loss         | -0.027      |
|    explained_variance   | 0.898       |
|    learning_rate        | 0.0003      |
|    loss                 | 0.79        |
|    n_updates            | 830         |
|    policy_gradient_loss | 0.00565     |
|    std                  | 0.247       |
|    value_loss           | 1.86        |
-----------------------------------------
-----------------------------------------
| rollout/                |             |
|    ep_len_mean          | 68.5        |
|    ep_rew_mean          | 4.63        |
| time/                   |             |
|    fps                  | 110         |
|    iterations           | 85          |
|    time_elapsed         | 6324        |
|    total_timesteps      | 696320      |
| train/                  |             |
|    approx_kl            | 0.013581013 |
|    clip_fraction        | 0.129       |
|    clip_range           | 0.2         |
|    entropy_loss         | -0.0259     |
|    explained_variance   | 0.881       |
|    learning_rate        | 0.0003      |
|    loss                 | 0.396       |
|    n_updates            | 840         |
|    policy_gradient_loss | 0.00398     |
|    std                  | 0.25        |
|    value_loss           | 2.13        |
-----------------------------------------
-----------------------------------------
| rollout/                |             |
|    ep_len_mean          | 70.1        |
|    ep_rew_mean          | 4.99        |
| time/                   |             |
|    fps                  | 110         |
|    iterations           | 86          |
|    time_elapsed         | 6398        |
|    total_timesteps      | 704512      |
| train/                  |             |
|    approx_kl            | 0.031985857 |
|    clip_fraction        | 0.185       |
|    clip_range           | 0.2         |
|    entropy_loss         | -0.0277     |
|    explained_variance   | 0.755       |
|    learning_rate        | 0.0003      |
|    loss                 | 2.6         |
|    n_updates            | 850         |
|    policy_gradient_loss | 0.00328     |
|    std                  | 0.25        |
|    value_loss           | 4.02        |
-----------------------------------------
-----------------------------------------
| rollout/                |             |
|    ep_len_mean          | 68.2        |
|    ep_rew_mean          | 4.76        |
| time/                   |             |
|    fps                  | 110         |
|    iterations           | 87          |
|    time_elapsed         | 6472        |
|    total_timesteps      | 712704      |
| train/                  |             |
|    approx_kl            | 0.013698824 |
|    clip_fraction        | 0.18        |
|    clip_range           | 0.2         |
|    entropy_loss         | -0.0216     |
|    explained_variance   | 0.782       |
|    learning_rate        | 0.0003      |
|    loss                 | 0.566       |
|    n_updates            | 860         |
|    policy_gradient_loss | 0.00464     |
|    std                  | 0.248       |
|    value_loss           | 1.89        |
-----------------------------------------
-----------------------------------------
| rollout/                |             |
|    ep_len_mean          | 74.2        |
|    ep_rew_mean          | 5.45        |
| time/                   |             |
|    fps                  | 110         |
|    iterations           | 88          |
|    time_elapsed         | 6543        |
|    total_timesteps      | 720896      |
| train/                  |             |
|    approx_kl            | 0.017715478 |
|    clip_fraction        | 0.135       |
|    clip_range           | 0.2         |
|    entropy_loss         | -0.0279     |
|    explained_variance   | 0.923       |
|    learning_rate        | 0.0003      |
|    loss                 | 0.466       |
|    n_updates            | 870         |
|    policy_gradient_loss | 0.00352     |
|    std                  | 0.246       |
|    value_loss           | 1.84        |
-----------------------------------------
----------------------------------------
| rollout/                |            |
|    ep_len_mean          | 68.4       |
|    ep_rew_mean          | 4.78       |
| time/                   |            |
|    fps                  | 110        |
|    iterations           | 89         |
|    time_elapsed         | 6614       |
|    total_timesteps      | 729088     |
| train/                  |            |
|    approx_kl            | 0.00855298 |
|    clip_fraction        | 0.145      |
|    clip_range           | 0.2        |
|    entropy_loss         | -0.00572   |
|    explained_variance   | 0.879      |
|    learning_rate        | 0.0003     |
|    loss                 | 0.325      |
|    n_updates            | 880        |
|    policy_gradient_loss | 0.0029     |
|    std                  | 0.24       |
|    value_loss           | 2.4        |
----------------------------------------
-----------------------------------------
| rollout/                |             |
|    ep_len_mean          | 79.2        |
|    ep_rew_mean          | 5.89        |
| time/                   |             |
|    fps                  | 110         |
|    iterations           | 90          |
|    time_elapsed         | 6688        |
|    total_timesteps      | 737280      |
| train/                  |             |
|    approx_kl            | 0.011045134 |
|    clip_fraction        | 0.146       |
|    clip_range           | 0.2         |
|    entropy_loss         | 0.0172      |
|    explained_variance   | 0.895       |
|    learning_rate        | 0.0003      |
|    loss                 | 1.39        |
|    n_updates            | 890         |
|    policy_gradient_loss | 0.00487     |
|    std                  | 0.237       |
|    value_loss           | 2.29        |
-----------------------------------------
-----------------------------------------
| rollout/                |             |
|    ep_len_mean          | 77.4        |
|    ep_rew_mean          | 5.66        |
| time/                   |             |
|    fps                  | 110         |
|    iterations           | 91          |
|    time_elapsed         | 6760        |
|    total_timesteps      | 745472      |
| train/                  |             |
|    approx_kl            | 0.020894445 |
|    clip_fraction        | 0.145       |
|    clip_range           | 0.2         |
|    entropy_loss         | 0.0307      |
|    explained_variance   | 0.839       |
|    learning_rate        | 0.0003      |
|    loss                 | 0.953       |
|    n_updates            | 900         |
|    policy_gradient_loss | 0.00532     |
|    std                  | 0.233       |
|    value_loss           | 2.2         |
-----------------------------------------
-----------------------------------------
| rollout/                |             |
|    ep_len_mean          | 68.9        |
|    ep_rew_mean          | 4.45        |
| time/                   |             |
|    fps                  | 110         |
|    iterations           | 92          |
|    time_elapsed         | 6830        |
|    total_timesteps      | 753664      |
| train/                  |             |
|    approx_kl            | 0.016019803 |
|    clip_fraction        | 0.157       |
|    clip_range           | 0.2         |
|    entropy_loss         | 0.0358      |
|    explained_variance   | 0.876       |
|    learning_rate        | 0.0003      |
|    loss                 | 2.1         |
|    n_updates            | 910         |
|    policy_gradient_loss | 0.00716     |
|    std                  | 0.233       |
|    value_loss           | 1.87        |
-----------------------------------------
-----------------------------------------
| rollout/                |             |
|    ep_len_mean          | 67.6        |
|    ep_rew_mean          | 4.61        |
| time/                   |             |
|    fps                  | 110         |
|    iterations           | 93          |
|    time_elapsed         | 6901        |
|    total_timesteps      | 761856      |
| train/                  |             |
|    approx_kl            | 0.022973903 |
|    clip_fraction        | 0.204       |
|    clip_range           | 0.2         |
|    entropy_loss         | 0.0337      |
|    explained_variance   | 0.717       |
|    learning_rate        | 0.0003      |
|    loss                 | 1.41        |
|    n_updates            | 920         |
|    policy_gradient_loss | 0.00281     |
|    std                  | 0.234       |
|    value_loss           | 3.9         |
-----------------------------------------
-----------------------------------------
| rollout/                |             |
|    ep_len_mean          | 75.9        |
|    ep_rew_mean          | 5.53        |
| time/                   |             |
|    fps                  | 110         |
|    iterations           | 94          |
|    time_elapsed         | 6974        |
|    total_timesteps      | 770048      |
| train/                  |             |
|    approx_kl            | 0.029332634 |
|    clip_fraction        | 0.177       |
|    clip_range           | 0.2         |
|    entropy_loss         | 0.0408      |
|    explained_variance   | 0.827       |
|    learning_rate        | 0.0003      |
|    loss                 | 1.24        |
|    n_updates            | 930         |
|    policy_gradient_loss | 0.00562     |
|    std                  | 0.23        |
|    value_loss           | 2.37        |
-----------------------------------------
----------------------------------------
| rollout/                |            |
|    ep_len_mean          | 71         |
|    ep_rew_mean          | 5          |
| time/                   |            |
|    fps                  | 110        |
|    iterations           | 95         |
|    time_elapsed         | 7043       |
|    total_timesteps      | 778240     |
| train/                  |            |
|    approx_kl            | 0.05080093 |
|    clip_fraction        | 0.194      |
|    clip_range           | 0.2        |
|    entropy_loss         | 0.0521     |
|    explained_variance   | 0.873      |
|    learning_rate        | 0.0003     |
|    loss                 | 0.975      |
|    n_updates            | 940        |
|    policy_gradient_loss | 0.00729    |
|    std                  | 0.232      |
|    value_loss           | 1.43       |
----------------------------------------
-----------------------------------------
| rollout/                |             |
|    ep_len_mean          | 79          |
|    ep_rew_mean          | 5.79        |
| time/                   |             |
|    fps                  | 110         |
|    iterations           | 96          |
|    time_elapsed         | 7113        |
|    total_timesteps      | 786432      |
| train/                  |             |
|    approx_kl            | 0.043585915 |
|    clip_fraction        | 0.164       |
|    clip_range           | 0.2         |
|    entropy_loss         | 0.036       |
|    explained_variance   | 0.904       |
|    learning_rate        | 0.0003      |
|    loss                 | 2.43        |
|    n_updates            | 950         |
|    policy_gradient_loss | 0.00511     |
|    std                  | 0.235       |
|    value_loss           | 1.74        |
-----------------------------------------
-----------------------------------------
| rollout/                |             |
|    ep_len_mean          | 86.5        |
|    ep_rew_mean          | 6.49        |
| time/                   |             |
|    fps                  | 110         |
|    iterations           | 97          |
|    time_elapsed         | 7182        |
|    total_timesteps      | 794624      |
| train/                  |             |
|    approx_kl            | 0.010838632 |
|    clip_fraction        | 0.135       |
|    clip_range           | 0.2         |
|    entropy_loss         | 0.0419      |
|    explained_variance   | 0.853       |
|    learning_rate        | 0.0003      |
|    loss                 | 0.187       |
|    n_updates            | 960         |
|    policy_gradient_loss | 0.00371     |
|    std                  | 0.23        |
|    value_loss           | 1.22        |
-----------------------------------------
-----------------------------------------
| rollout/                |             |
|    ep_len_mean          | 77.3        |
|    ep_rew_mean          | 5.64        |
| time/                   |             |
|    fps                  | 110         |
|    iterations           | 98          |
|    time_elapsed         | 7252        |
|    total_timesteps      | 802816      |
| train/                  |             |
|    approx_kl            | 0.011654483 |
|    clip_fraction        | 0.143       |
|    clip_range           | 0.2         |
|    entropy_loss         | 0.0591      |
|    explained_variance   | 0.888       |
|    learning_rate        | 0.0003      |
|    loss                 | 1.18        |
|    n_updates            | 970         |
|    policy_gradient_loss | 0.00297     |
|    std                  | 0.228       |
|    value_loss           | 1.42        |
-----------------------------------------
-----------------------------------------
| rollout/                |             |
|    ep_len_mean          | 66.6        |
|    ep_rew_mean          | 4.47        |
| time/                   |             |
|    fps                  | 110         |
|    iterations           | 99          |
|    time_elapsed         | 7322        |
|    total_timesteps      | 811008      |
| train/                  |             |
|    approx_kl            | 0.010249155 |
|    clip_fraction        | 0.142       |
|    clip_range           | 0.2         |
|    entropy_loss         | 0.0626      |
|    explained_variance   | 0.893       |
|    learning_rate        | 0.0003      |
|    loss                 | 0.534       |
|    n_updates            | 980         |
|    policy_gradient_loss | 0.00453     |
|    std                  | 0.227       |
|    value_loss           | 1.87        |
-----------------------------------------
-----------------------------------------
| rollout/                |             |
|    ep_len_mean          | 70.9        |
|    ep_rew_mean          | 4.97        |
| time/                   |             |
|    fps                  | 110         |
|    iterations           | 100         |
|    time_elapsed         | 7391        |
|    total_timesteps      | 819200      |
| train/                  |             |
|    approx_kl            | 0.014795011 |
|    clip_fraction        | 0.106       |
|    clip_range           | 0.2         |
|    entropy_loss         | 0.0703      |
|    explained_variance   | 0.9         |
|    learning_rate        | 0.0003      |
|    loss                 | 0.718       |
|    n_updates            | 990         |
|    policy_gradient_loss | 0.0028      |
|    std                  | 0.223       |
|    value_loss           | 2.11        |
-----------------------------------------
-----------------------------------------
| rollout/                |             |
|    ep_len_mean          | 83.8        |
|    ep_rew_mean          | 6.36        |
| time/                   |             |
|    fps                  | 110         |
|    iterations           | 101         |
|    time_elapsed         | 7460        |
|    total_timesteps      | 827392      |
| train/                  |             |
|    approx_kl            | 0.017214956 |
|    clip_fraction        | 0.144       |
|    clip_range           | 0.2         |
|    entropy_loss         | 0.0832      |
|    explained_variance   | 0.874       |
|    learning_rate        | 0.0003      |
|    loss                 | 0.137       |
|    n_updates            | 1000        |
|    policy_gradient_loss | 0.00565     |
|    std                  | 0.222       |
|    value_loss           | 1.78        |
-----------------------------------------
-----------------------------------------
| rollout/                |             |
|    ep_len_mean          | 77.5        |
|    ep_rew_mean          | 5.63        |
| time/                   |             |
|    fps                  | 110         |
|    iterations           | 102         |
|    time_elapsed         | 7530        |
|    total_timesteps      | 835584      |
| train/                  |             |
|    approx_kl            | 0.013996497 |
|    clip_fraction        | 0.157       |
|    clip_range           | 0.2         |
|    entropy_loss         | 0.0923      |
|    explained_variance   | 0.859       |
|    learning_rate        | 0.0003      |
|    loss                 | 0.421       |
|    n_updates            | 1010        |
|    policy_gradient_loss | 0.00414     |
|    std                  | 0.22        |
|    value_loss           | 1.53        |
-----------------------------------------
-----------------------------------------
| rollout/                |             |
|    ep_len_mean          | 72.9        |
|    ep_rew_mean          | 5.13        |
| time/                   |             |
|    fps                  | 111         |
|    iterations           | 103         |
|    time_elapsed         | 7600        |
|    total_timesteps      | 843776      |
| train/                  |             |
|    approx_kl            | 0.041146196 |
|    clip_fraction        | 0.137       |
|    clip_range           | 0.2         |
|    entropy_loss         | 0.0991      |
|    explained_variance   | 0.868       |
|    learning_rate        | 0.0003      |
|    loss                 | 0.194       |
|    n_updates            | 1020        |
|    policy_gradient_loss | 0.00278     |
|    std                  | 0.219       |
|    value_loss           | 2.19        |
-----------------------------------------
-----------------------------------------
| rollout/                |             |
|    ep_len_mean          | 82.3        |
|    ep_rew_mean          | 6.18        |
| time/                   |             |
|    fps                  | 111         |
|    iterations           | 104         |
|    time_elapsed         | 7674        |
|    total_timesteps      | 851968      |
| train/                  |             |
|    approx_kl            | 0.012332402 |
|    clip_fraction        | 0.152       |
|    clip_range           | 0.2         |
|    entropy_loss         | 0.113       |
|    explained_variance   | 0.918       |
|    learning_rate        | 0.0003      |
|    loss                 | 0.999       |
|    n_updates            | 1030        |
|    policy_gradient_loss | 0.00438     |
|    std                  | 0.215       |
|    value_loss           | 1.87        |
-----------------------------------------
-----------------------------------------
| rollout/                |             |
|    ep_len_mean          | 71.4        |
|    ep_rew_mean          | 4.98        |
| time/                   |             |
|    fps                  | 110         |
|    iterations           | 105         |
|    time_elapsed         | 7749        |
|    total_timesteps      | 860160      |
| train/                  |             |
|    approx_kl            | 0.020577012 |
|    clip_fraction        | 0.137       |
|    clip_range           | 0.2         |
|    entropy_loss         | 0.121       |
|    explained_variance   | 0.886       |
|    learning_rate        | 0.0003      |
|    loss                 | 0.579       |
|    n_updates            | 1040        |
|    policy_gradient_loss | 0.0037      |
|    std                  | 0.214       |
|    value_loss           | 1.49        |
-----------------------------------------
-----------------------------------------
| rollout/                |             |
|    ep_len_mean          | 71.2        |
|    ep_rew_mean          | 4.96        |
| time/                   |             |
|    fps                  | 111         |
|    iterations           | 106         |
|    time_elapsed         | 7821        |
|    total_timesteps      | 868352      |
| train/                  |             |
|    approx_kl            | 0.017573649 |
|    clip_fraction        | 0.134       |
|    clip_range           | 0.2         |
|    entropy_loss         | 0.123       |
|    explained_variance   | 0.897       |
|    learning_rate        | 0.0003      |
|    loss                 | 0.393       |
|    n_updates            | 1050        |
|    policy_gradient_loss | 0.00193     |
|    std                  | 0.215       |
|    value_loss           | 1.61        |
-----------------------------------------
-----------------------------------------
| rollout/                |             |
|    ep_len_mean          | 72.7        |
|    ep_rew_mean          | 5.04        |
| time/                   |             |
|    fps                  | 111         |
|    iterations           | 107         |
|    time_elapsed         | 7893        |
|    total_timesteps      | 876544      |
| train/                  |             |
|    approx_kl            | 0.019306187 |
|    clip_fraction        | 0.115       |
|    clip_range           | 0.2         |
|    entropy_loss         | 0.116       |
|    explained_variance   | 0.861       |
|    learning_rate        | 0.0003      |
|    loss                 | 0.292       |
|    n_updates            | 1060        |
|    policy_gradient_loss | 0.00316     |
|    std                  | 0.215       |
|    value_loss           | 1.94        |
-----------------------------------------
-----------------------------------------
| rollout/                |             |
|    ep_len_mean          | 85.1        |
|    ep_rew_mean          | 6.38        |
| time/                   |             |
|    fps                  | 111         |
|    iterations           | 108         |
|    time_elapsed         | 7967        |
|    total_timesteps      | 884736      |
| train/                  |             |
|    approx_kl            | 0.014270682 |
|    clip_fraction        | 0.118       |
|    clip_range           | 0.2         |
|    entropy_loss         | 0.117       |
|    explained_variance   | 0.906       |
|    learning_rate        | 0.0003      |
|    loss                 | 0.0918      |
|    n_updates            | 1070        |
|    policy_gradient_loss | 0.00171     |
|    std                  | 0.216       |
|    value_loss           | 1.9         |
-----------------------------------------
----------------------------------------
| rollout/                |            |
|    ep_len_mean          | 69.3       |
|    ep_rew_mean          | 4.57       |
| time/                   |            |
|    fps                  | 111        |
|    iterations           | 109        |
|    time_elapsed         | 8040       |
|    total_timesteps      | 892928     |
| train/                  |            |
|    approx_kl            | 0.01400768 |
|    clip_fraction        | 0.107      |
|    clip_range           | 0.2        |
|    entropy_loss         | 0.114      |
|    explained_variance   | 0.869      |
|    learning_rate        | 0.0003     |
|    loss                 | 0.888      |
|    n_updates            | 1080       |
|    policy_gradient_loss | 0.00253    |
|    std                  | 0.216      |
|    value_loss           | 1.88       |
----------------------------------------
-----------------------------------------
| rollout/                |             |
|    ep_len_mean          | 85.3        |
|    ep_rew_mean          | 6.31        |
| time/                   |             |
|    fps                  | 111         |
|    iterations           | 110         |
|    time_elapsed         | 8112        |
|    total_timesteps      | 901120      |
| train/                  |             |
|    approx_kl            | 0.007427614 |
|    clip_fraction        | 0.085       |
|    clip_range           | 0.2         |
|    entropy_loss         | 0.115       |
|    explained_variance   | 0.917       |
|    learning_rate        | 0.0003      |
|    loss                 | 0.354       |
|    n_updates            | 1090        |
|    policy_gradient_loss | 0.00242     |
|    std                  | 0.216       |
|    value_loss           | 1.7         |
-----------------------------------------
-----------------------------------------
| rollout/                |             |
|    ep_len_mean          | 71          |
|    ep_rew_mean          | 4.66        |
| time/                   |             |
|    fps                  | 111         |
|    iterations           | 111         |
|    time_elapsed         | 8183        |
|    total_timesteps      | 909312      |
| train/                  |             |
|    approx_kl            | 0.012654724 |
|    clip_fraction        | 0.114       |
|    clip_range           | 0.2         |
|    entropy_loss         | 0.105       |
|    explained_variance   | 0.876       |
|    learning_rate        | 0.0003      |
|    loss                 | 1.19        |
|    n_updates            | 1100        |
|    policy_gradient_loss | 0.00385     |
|    std                  | 0.22        |
|    value_loss           | 1.9         |
-----------------------------------------
------------------------------------------
| rollout/                |              |
|    ep_len_mean          | 78.6         |
|    ep_rew_mean          | 5.58         |
| time/                   |              |
|    fps                  | 111          |
|    iterations           | 112          |
|    time_elapsed         | 8254         |
|    total_timesteps      | 917504       |
| train/                  |              |
|    approx_kl            | 0.0113015175 |
|    clip_fraction        | 0.104        |
|    clip_range           | 0.2          |
|    entropy_loss         | 0.0868       |
|    explained_variance   | 0.925        |
|    learning_rate        | 0.0003       |
|    loss                 | 0.583        |
|    n_updates            | 1110         |
|    policy_gradient_loss | 0.000875     |
|    std                  | 0.222        |
|    value_loss           | 1.8          |
------------------------------------------
-----------------------------------------
| rollout/                |             |
|    ep_len_mean          | 77.3        |
|    ep_rew_mean          | 5.55        |
| time/                   |             |
|    fps                  | 111         |
|    iterations           | 113         |
|    time_elapsed         | 8329        |
|    total_timesteps      | 925696      |
| train/                  |             |
|    approx_kl            | 0.010624663 |
|    clip_fraction        | 0.0749      |
|    clip_range           | 0.2         |
|    entropy_loss         | 0.0878      |
|    explained_variance   | 0.873       |
|    learning_rate        | 0.0003      |
|    loss                 | 0.272       |
|    n_updates            | 1120        |
|    policy_gradient_loss | 0.00192     |
|    std                  | 0.221       |
|    value_loss           | 2.09        |
-----------------------------------------
-----------------------------------------
| rollout/                |             |
|    ep_len_mean          | 69.6        |
|    ep_rew_mean          | 4.74        |
| time/                   |             |
|    fps                  | 111         |
|    iterations           | 114         |
|    time_elapsed         | 8404        |
|    total_timesteps      | 933888      |
| train/                  |             |
|    approx_kl            | 0.009901928 |
|    clip_fraction        | 0.128       |
|    clip_range           | 0.2         |
|    entropy_loss         | 0.0938      |
|    explained_variance   | 0.879       |
|    learning_rate        | 0.0003      |
|    loss                 | 0.738       |
|    n_updates            | 1130        |
|    policy_gradient_loss | 0.00336     |
|    std                  | 0.221       |
|    value_loss           | 1.94        |
-----------------------------------------
------------------------------------------
| rollout/                |              |
|    ep_len_mean          | 85           |
|    ep_rew_mean          | 6.41         |
| time/                   |              |
|    fps                  | 111          |
|    iterations           | 115          |
|    time_elapsed         | 8478         |
|    total_timesteps      | 942080       |
| train/                  |              |
|    approx_kl            | 0.0072315475 |
|    clip_fraction        | 0.105        |
|    clip_range           | 0.2          |
|    entropy_loss         | 0.0999       |
|    explained_variance   | 0.905        |
|    learning_rate        | 0.0003       |
|    loss                 | 1.78         |
|    n_updates            | 1140         |
|    policy_gradient_loss | 0.00421      |
|    std                  | 0.219        |
|    value_loss           | 1.59         |
------------------------------------------
-----------------------------------------
| rollout/                |             |
|    ep_len_mean          | 85          |
|    ep_rew_mean          | 6.34        |
| time/                   |             |
|    fps                  | 111         |
|    iterations           | 116         |
|    time_elapsed         | 8553        |
|    total_timesteps      | 950272      |
| train/                  |             |
|    approx_kl            | 0.011897123 |
|    clip_fraction        | 0.104       |
|    clip_range           | 0.2         |
|    entropy_loss         | 0.106       |
|    explained_variance   | 0.865       |
|    learning_rate        | 0.0003      |
|    loss                 | 0.152       |
|    n_updates            | 1150        |
|    policy_gradient_loss | 0.00387     |
|    std                  | 0.218       |
|    value_loss           | 1.55        |
-----------------------------------------
-----------------------------------------
| rollout/                |             |
|    ep_len_mean          | 65.1        |
|    ep_rew_mean          | 4.08        |
| time/                   |             |
|    fps                  | 111         |
|    iterations           | 117         |
|    time_elapsed         | 8627        |
|    total_timesteps      | 958464      |
| train/                  |             |
|    approx_kl            | 0.015690638 |
|    clip_fraction        | 0.143       |
|    clip_range           | 0.2         |
|    entropy_loss         | 0.0988      |
|    explained_variance   | 0.873       |
|    learning_rate        | 0.0003      |
|    loss                 | 1.01        |
|    n_updates            | 1160        |
|    policy_gradient_loss | 0.0049      |
|    std                  | 0.223       |
|    value_loss           | 1.84        |
-----------------------------------------
-----------------------------------------
| rollout/                |             |
|    ep_len_mean          | 55          |
|    ep_rew_mean          | 2.7         |
| time/                   |             |
|    fps                  | 111         |
|    iterations           | 118         |
|    time_elapsed         | 8701        |
|    total_timesteps      | 966656      |
| train/                  |             |
|    approx_kl            | 0.017803803 |
|    clip_fraction        | 0.133       |
|    clip_range           | 0.2         |
|    entropy_loss         | 0.0826      |
|    explained_variance   | 0.739       |
|    learning_rate        | 0.0003      |
|    loss                 | 1.81        |
|    n_updates            | 1170        |
|    policy_gradient_loss | 0.00564     |
|    std                  | 0.223       |
|    value_loss           | 3.89        |
-----------------------------------------
-----------------------------------------
| rollout/                |             |
|    ep_len_mean          | 46.2        |
|    ep_rew_mean          | 1.75        |
| time/                   |             |
|    fps                  | 111         |
|    iterations           | 119         |
|    time_elapsed         | 8777        |
|    total_timesteps      | 974848      |
| train/                  |             |
|    approx_kl            | 0.035644908 |
|    clip_fraction        | 0.165       |
|    clip_range           | 0.2         |
|    entropy_loss         | 0.0827      |
|    explained_variance   | 0.643       |
|    learning_rate        | 0.0003      |
|    loss                 | 2.92        |
|    n_updates            | 1180        |
|    policy_gradient_loss | 0.00169     |
|    std                  | 0.223       |
|    value_loss           | 5.97        |
-----------------------------------------
----------------------------------------
| rollout/                |            |
|    ep_len_mean          | 62.3       |
|    ep_rew_mean          | 4.07       |
| time/                   |            |
|    fps                  | 111        |
|    iterations           | 120        |
|    time_elapsed         | 8850       |
|    total_timesteps      | 983040     |
| train/                  |            |
|    approx_kl            | 0.02029709 |
|    clip_fraction        | 0.166      |
|    clip_range           | 0.2        |
|    entropy_loss         | 0.0708     |
|    explained_variance   | 0.733      |
|    learning_rate        | 0.0003     |
|    loss                 | 3.45       |
|    n_updates            | 1190       |
|    policy_gradient_loss | -0.000288  |
|    std                  | 0.227      |
|    value_loss           | 5.71       |
----------------------------------------
-----------------------------------------
| rollout/                |             |
|    ep_len_mean          | 82.2        |
|    ep_rew_mean          | 6.27        |
| time/                   |             |
|    fps                  | 111         |
|    iterations           | 121         |
|    time_elapsed         | 8922        |
|    total_timesteps      | 991232      |
| train/                  |             |
|    approx_kl            | 0.026347494 |
|    clip_fraction        | 0.205       |
|    clip_range           | 0.2         |
|    entropy_loss         | 0.0695      |
|    explained_variance   | 0.83        |
|    learning_rate        | 0.0003      |
|    loss                 | 1.19        |
|    n_updates            | 1200        |
|    policy_gradient_loss | 0.00266     |
|    std                  | 0.225       |
|    value_loss           | 2.34        |
-----------------------------------------
-----------------------------------------
| rollout/                |             |
|    ep_len_mean          | 67.8        |
|    ep_rew_mean          | 4.55        |
| time/                   |             |
|    fps                  | 111         |
|    iterations           | 122         |
|    time_elapsed         | 8995        |
|    total_timesteps      | 999424      |
| train/                  |             |
|    approx_kl            | 0.013945708 |
|    clip_fraction        | 0.162       |
|    clip_range           | 0.2         |
|    entropy_loss         | 0.0727      |
|    explained_variance   | 0.866       |
|    learning_rate        | 0.0003      |
|    loss                 | 1.05        |
|    n_updates            | 1210        |
|    policy_gradient_loss | 0.00278     |
|    std                  | 0.225       |
|    value_loss           | 1.56        |
-----------------------------------------
-----------------------------------------
| rollout/                |             |
|    ep_len_mean          | 60.2        |
|    ep_rew_mean          | 3.82        |
| time/                   |             |
|    fps                  | 111         |
|    iterations           | 123         |
|    time_elapsed         | 9067        |
|    total_timesteps      | 1007616     |
| train/                  |             |
|    approx_kl            | 0.013313279 |
|    clip_fraction        | 0.125       |
|    clip_range           | 0.2         |
|    entropy_loss         | 0.0862      |
|    explained_variance   | 0.915       |
|    learning_rate        | 0.0003      |
|    loss                 | 1.09        |
|    n_updates            | 1220        |
|    policy_gradient_loss | 0.00365     |
|    std                  | 0.218       |
|    value_loss           | 1.9         |
-----------------------------------------


###############################################################################
TCHPC Cluster: callan
Job 171126 (attn_learned_cf_obs20_dense_seed1_v12) for User 'hadjitot' in Account 'callan_hadjitot'
Finished at: Sat Mar 28 15:17:29 GMT 2026

Job efficiency estimates:
=========================

Job ID: 171126
Cluster: callan
User/Group: hadjitot/hadjitot
State: RUNNING
Nodes: 1
Cores per node: 16
CPU Utilized: 07:13:38
CPU Efficiency: 17.81% of 1-16:34:08 core-walltime
Job Wall-clock time: 02:32:08
Memory Utilized: 1.93 GB
Memory Efficiency: 6.05% of 32.00 GB (32.00 GB/node)
WARNING: Efficiency statistics can only be obtained after the job has ended as seff tool is based on the accounting database data.

Job completion status:
======================

JobID           JobName AllocCPUS NTasks NNodes     MaxRSS    MaxRSSNode  MaxDiskRead MaxDiskWrite    Elapsed      State ExitCode 
------------ ---------- --------- ------ ------ ---------- ------------- ------------ ------------ ---------- ---------- -------- 
171126       attn_lear+        16             1                                                      02:32:08    RUNNING      0:0 
171126.batch      batch        16      1      1   2028732K    callan-n05     1333.68M     1139.49M   02:32:43  COMPLETED      0:0 
171126.exte+     extern        16      1      1                                                      02:32:08    RUNNING      0:0 


Job details:
============

JobId=171126 JobName=attn_learned_cf_obs20_dense_seed1_v12
   UserId=hadjitot(2357) GroupId=hadjitot(2300) MCS_label=N/A
   Priority=111117 Nice=0 Account=callan_hadjitot QOS=normal
   JobState=COMPLETING Reason=None Dependency=(null)
   Requeue=0 Restarts=0 BatchFlag=1 Reboot=0 ExitCode=0:0
   DerivedExitCode=0:0
   RunTime=02:32:43 TimeLimit=2-00:00:00 TimeMin=N/A
   SubmitTime=2026-03-27T20:37:56 EligibleTime=2026-03-27T20:37:56
   AccrueTime=2026-03-27T20:37:56
   StartTime=2026-03-28T12:44:46 EndTime=2026-03-28T15:17:29 Deadline=N/A
   SuspendTime=None SecsPreSuspend=0 LastSchedEval=2026-03-28T12:44:46 Scheduler=Backfill
   Partition=compute AllocNode:Sid=callan01:1076092
   ReqNodeList=(null) ExcNodeList=(null)
   NodeList=callan-n05
   BatchHost=callan-n05
   NumNodes=1 NumCPUs=16 NumTasks=1 CPUs/Task=16 ReqB:S:C:T=0:0:*:*
   ReqTRES=cpu=16,mem=32G,node=1,billing=16
   AllocTRES=cpu=16,mem=32G,node=1,billing=16
   Socks/Node=* NtasksPerN:B:S:C=0:0:*:* CoreSpec=*
   JOB_GRES=(null)
     Nodes=callan-n05 CPU_IDs=0-1,26-31,40-47 Mem=32768 GRES=
   MinCPUsNode=16 MinMemoryNode=32G MinTmpDiskNode=0
   Features=(null) DelayBoot=00:00:00
   OverSubscribe=OK Contiguous=0 Licenses=(null) LicensesAlloc=(null) Network=(null)
   Command=/home/users/hadjitot/fyp/HighwayEnv/slurm/train_attention.sbatch
   WorkDir=/home/users/hadjitot/fyp/HighwayEnv
   StdErr=/home/users/hadjitot/fyp/HighwayEnv/slurm_out/attn_learned_cf_obs20_dense_seed1_v12_171126.err
   StdIn=/dev/null
   StdOut=/home/users/hadjitot/fyp/HighwayEnv/slurm_out/attn_learned_cf_obs20_dense_seed1_v12_171126.out
   TresPerTask=cpu=16
   


Disk quota details:
===================

                         Block Limits                                    |                     File Limits
Name       type             MB      quota      limit   in_doubt    grace |    files   quota    limit in_doubt    grace
root       USR         4975778          0          0       1566     none |   398172       0        0      699     none
root       FILESET     5249768          0          0       4246     none |  9920737       0        0     1300     none


SLURM Bank Statement:
=====================

User           Usage |        Account     Usage | Account Limit Available (CPU hrs)
---------- --------- + -------------- --------- + ------------- ---------
hadjitot      12,634 | CALLAN_HADJITOT    12,634 |       300,000   287,366


Acknowledgements:
=================

Note that usage of TCHPC Resources *must* be acknowledged in all publications.

Please see this page for details relevant to this cluster:

http://www.tchpc.tcd.ie/resources/acknowledgementpolicy

################################################################################
