Loading Anaconda 3 2024.02-1
SCENARIO_NAME=highway_lanechange_dense_obs20
EXP_VERSION=v12
TOTAL_TIMESTEPS=1000000
N_ENVS=4
ATTN_MODE=learned
X_INDEX=1
VX_INDEX=3
ORACLE_RULE=leader_x
TTC_EPS=1e-6
ppo_attn_learned_highway_lanechange_dense_obs20_v12_seed0 obs shape: (20, 5) action space: Box(-1.0, 1.0, (2,), float32)
Using cpu device
Logging to runs/tb/ppo_attn_learned_highway_lanechange_dense_obs20_v12_seed0_1
---------------------------------
| rollout/           |          |
|    ep_len_mean     | 5.35     |
|    ep_rew_mean     | -0.778   |
|    success_rate    | 0        |
| time/              |          |
|    fps             | 100      |
|    iterations      | 1        |
|    time_elapsed    | 81       |
|    total_timesteps | 8192     |
---------------------------------
-----------------------------------------
| rollout/                |             |
|    ep_len_mean          | 4.75        |
|    ep_rew_mean          | -0.465      |
|    success_rate         | 0           |
| time/                   |             |
|    fps                  | 97          |
|    iterations           | 2           |
|    time_elapsed         | 168         |
|    total_timesteps      | 16384       |
| train/                  |             |
|    approx_kl            | 0.014917513 |
|    clip_fraction        | 0.184       |
|    clip_range           | 0.2         |
|    entropy_loss         | -2.83       |
|    explained_variance   | -0.00526    |
|    learning_rate        | 0.0003      |
|    loss                 | 4.48        |
|    n_updates            | 10          |
|    policy_gradient_loss | -0.0213     |
|    std                  | 0.997       |
|    value_loss           | 12.9        |
-----------------------------------------
-----------------------------------------
| rollout/                |             |
|    ep_len_mean          | 4.23        |
|    ep_rew_mean          | 0.241       |
|    success_rate         | 0           |
| time/                   |             |
|    fps                  | 95          |
|    iterations           | 3           |
|    time_elapsed         | 257         |
|    total_timesteps      | 24576       |
| train/                  |             |
|    approx_kl            | 0.016094549 |
|    clip_fraction        | 0.245       |
|    clip_range           | 0.2         |
|    entropy_loss         | -2.82       |
|    explained_variance   | 0.153       |
|    learning_rate        | 0.0003      |
|    loss                 | 3.81        |
|    n_updates            | 20          |
|    policy_gradient_loss | -0.0268     |
|    std                  | 0.987       |
|    value_loss           | 10.2        |
-----------------------------------------
-----------------------------------------
| rollout/                |             |
|    ep_len_mean          | 3.9         |
|    ep_rew_mean          | 0.574       |
|    success_rate         | 0           |
| time/                   |             |
|    fps                  | 94          |
|    iterations           | 4           |
|    time_elapsed         | 345         |
|    total_timesteps      | 32768       |
| train/                  |             |
|    approx_kl            | 0.011354633 |
|    clip_fraction        | 0.135       |
|    clip_range           | 0.2         |
|    entropy_loss         | -2.78       |
|    explained_variance   | 0.179       |
|    learning_rate        | 0.0003      |
|    loss                 | 3.59        |
|    n_updates            | 30          |
|    policy_gradient_loss | -0.0188     |
|    std                  | 0.965       |
|    value_loss           | 6.42        |
-----------------------------------------
-----------------------------------------
| rollout/                |             |
|    ep_len_mean          | 5.46        |
|    ep_rew_mean          | 1.09        |
|    success_rate         | 0           |
| time/                   |             |
|    fps                  | 94          |
|    iterations           | 5           |
|    time_elapsed         | 433         |
|    total_timesteps      | 40960       |
| train/                  |             |
|    approx_kl            | 0.025474954 |
|    clip_fraction        | 0.269       |
|    clip_range           | 0.2         |
|    entropy_loss         | -2.7        |
|    explained_variance   | 0.0982      |
|    learning_rate        | 0.0003      |
|    loss                 | 0.992       |
|    n_updates            | 40          |
|    policy_gradient_loss | -0.0183     |
|    std                  | 0.928       |
|    value_loss           | 3.24        |
-----------------------------------------
-----------------------------------------
| rollout/                |             |
|    ep_len_mean          | 5.6         |
|    ep_rew_mean          | 1.48        |
|    success_rate         | 0           |
| time/                   |             |
|    fps                  | 94          |
|    iterations           | 6           |
|    time_elapsed         | 519         |
|    total_timesteps      | 49152       |
| train/                  |             |
|    approx_kl            | 0.032489557 |
|    clip_fraction        | 0.318       |
|    clip_range           | 0.2         |
|    entropy_loss         | -2.62       |
|    explained_variance   | 0.096       |
|    learning_rate        | 0.0003      |
|    loss                 | 0.8         |
|    n_updates            | 50          |
|    policy_gradient_loss | -0.0214     |
|    std                  | 0.89        |
|    value_loss           | 3.4         |
-----------------------------------------
----------------------------------------
| rollout/                |            |
|    ep_len_mean          | 9.42       |
|    ep_rew_mean          | 2.97       |
|    success_rate         | 0          |
| time/                   |            |
|    fps                  | 95         |
|    iterations           | 7          |
|    time_elapsed         | 602        |
|    total_timesteps      | 57344      |
| train/                  |            |
|    approx_kl            | 0.04142691 |
|    clip_fraction        | 0.355      |
|    clip_range           | 0.2        |
|    entropy_loss         | -2.54      |
|    explained_variance   | 0.146      |
|    learning_rate        | 0.0003     |
|    loss                 | 0.595      |
|    n_updates            | 60         |
|    policy_gradient_loss | -0.0277    |
|    std                  | 0.863      |
|    value_loss           | 2.94       |
----------------------------------------
-----------------------------------------
| rollout/                |             |
|    ep_len_mean          | 13.9        |
|    ep_rew_mean          | 4.43        |
|    success_rate         | 0           |
| time/                   |             |
|    fps                  | 95          |
|    iterations           | 8           |
|    time_elapsed         | 683         |
|    total_timesteps      | 65536       |
| train/                  |             |
|    approx_kl            | 0.042959087 |
|    clip_fraction        | 0.309       |
|    clip_range           | 0.2         |
|    entropy_loss         | -2.47       |
|    explained_variance   | 0.0925      |
|    learning_rate        | 0.0003      |
|    loss                 | 1.37        |
|    n_updates            | 70          |
|    policy_gradient_loss | -0.0183     |
|    std                  | 0.839       |
|    value_loss           | 3.93        |
-----------------------------------------
-----------------------------------------
| rollout/                |             |
|    ep_len_mean          | 19.1        |
|    ep_rew_mean          | 5.68        |
|    success_rate         | 0           |
| time/                   |             |
|    fps                  | 96          |
|    iterations           | 9           |
|    time_elapsed         | 762         |
|    total_timesteps      | 73728       |
| train/                  |             |
|    approx_kl            | 0.021327807 |
|    clip_fraction        | 0.214       |
|    clip_range           | 0.2         |
|    entropy_loss         | -2.4        |
|    explained_variance   | 0.158       |
|    learning_rate        | 0.0003      |
|    loss                 | 3.22        |
|    n_updates            | 80          |
|    policy_gradient_loss | -0.0174     |
|    std                  | 0.814       |
|    value_loss           | 6.39        |
-----------------------------------------
----------------------------------------
| rollout/                |            |
|    ep_len_mean          | 34.7       |
|    ep_rew_mean          | 10.7       |
|    success_rate         | 0          |
| time/                   |            |
|    fps                  | 97         |
|    iterations           | 10         |
|    time_elapsed         | 841        |
|    total_timesteps      | 81920      |
| train/                  |            |
|    approx_kl            | 0.01964882 |
|    clip_fraction        | 0.199      |
|    clip_range           | 0.2        |
|    entropy_loss         | -2.33      |
|    explained_variance   | 0.249      |
|    learning_rate        | 0.0003     |
|    loss                 | 3.71       |
|    n_updates            | 90         |
|    policy_gradient_loss | -0.0115    |
|    std                  | 0.791      |
|    value_loss           | 7.3        |
----------------------------------------
-----------------------------------------
| rollout/                |             |
|    ep_len_mean          | 69.6        |
|    ep_rew_mean          | 19.6        |
|    success_rate         | 0           |
| time/                   |             |
|    fps                  | 98          |
|    iterations           | 11          |
|    time_elapsed         | 917         |
|    total_timesteps      | 90112       |
| train/                  |             |
|    approx_kl            | 0.015642365 |
|    clip_fraction        | 0.174       |
|    clip_range           | 0.2         |
|    entropy_loss         | -2.27       |
|    explained_variance   | 0.303       |
|    learning_rate        | 0.0003      |
|    loss                 | 7.09        |
|    n_updates            | 100         |
|    policy_gradient_loss | -0.00995    |
|    std                  | 0.775       |
|    value_loss           | 9.02        |
-----------------------------------------
-----------------------------------------
| rollout/                |             |
|    ep_len_mean          | 73.6        |
|    ep_rew_mean          | 19.2        |
|    success_rate         | 0           |
| time/                   |             |
|    fps                  | 98          |
|    iterations           | 12          |
|    time_elapsed         | 994         |
|    total_timesteps      | 98304       |
| train/                  |             |
|    approx_kl            | 0.019487392 |
|    clip_fraction        | 0.158       |
|    clip_range           | 0.2         |
|    entropy_loss         | -2.21       |
|    explained_variance   | 0.372       |
|    learning_rate        | 0.0003      |
|    loss                 | 10          |
|    n_updates            | 110         |
|    policy_gradient_loss | -0.00253    |
|    std                  | 0.755       |
|    value_loss           | 8.85        |
-----------------------------------------
-----------------------------------------
| rollout/                |             |
|    ep_len_mean          | 86.1        |
|    ep_rew_mean          | 23          |
|    success_rate         | 0           |
| time/                   |             |
|    fps                  | 99          |
|    iterations           | 13          |
|    time_elapsed         | 1070        |
|    total_timesteps      | 106496      |
| train/                  |             |
|    approx_kl            | 0.022212815 |
|    clip_fraction        | 0.167       |
|    clip_range           | 0.2         |
|    entropy_loss         | -2.16       |
|    explained_variance   | 0.381       |
|    learning_rate        | 0.0003      |
|    loss                 | 3.66        |
|    n_updates            | 120         |
|    policy_gradient_loss | 0.00305     |
|    std                  | 0.738       |
|    value_loss           | 14.9        |
-----------------------------------------
----------------------------------------
| rollout/                |            |
|    ep_len_mean          | 94.5       |
|    ep_rew_mean          | 27.1       |
|    success_rate         | 0          |
| time/                   |            |
|    fps                  | 100        |
|    iterations           | 14         |
|    time_elapsed         | 1146       |
|    total_timesteps      | 114688     |
| train/                  |            |
|    approx_kl            | 0.01224429 |
|    clip_fraction        | 0.135      |
|    clip_range           | 0.2        |
|    entropy_loss         | -2.12      |
|    explained_variance   | 0.509      |
|    learning_rate        | 0.0003     |
|    loss                 | 7.84       |
|    n_updates            | 130        |
|    policy_gradient_loss | -0.00019   |
|    std                  | 0.728      |
|    value_loss           | 14.1       |
----------------------------------------
-----------------------------------------
| rollout/                |             |
|    ep_len_mean          | 114         |
|    ep_rew_mean          | 32.8        |
|    success_rate         | 0           |
| time/                   |             |
|    fps                  | 100         |
|    iterations           | 15          |
|    time_elapsed         | 1222        |
|    total_timesteps      | 122880      |
| train/                  |             |
|    approx_kl            | 0.011591711 |
|    clip_fraction        | 0.156       |
|    clip_range           | 0.2         |
|    entropy_loss         | -2.07       |
|    explained_variance   | 0.395       |
|    learning_rate        | 0.0003      |
|    loss                 | 9.26        |
|    n_updates            | 140         |
|    policy_gradient_loss | -0.00172    |
|    std                  | 0.715       |
|    value_loss           | 18.6        |
-----------------------------------------
-----------------------------------------
| rollout/                |             |
|    ep_len_mean          | 129         |
|    ep_rew_mean          | 38.1        |
|    success_rate         | 0           |
| time/                   |             |
|    fps                  | 100         |
|    iterations           | 16          |
|    time_elapsed         | 1298        |
|    total_timesteps      | 131072      |
| train/                  |             |
|    approx_kl            | 0.015334684 |
|    clip_fraction        | 0.168       |
|    clip_range           | 0.2         |
|    entropy_loss         | -2.04       |
|    explained_variance   | 0.484       |
|    learning_rate        | 0.0003      |
|    loss                 | 6.92        |
|    n_updates            | 150         |
|    policy_gradient_loss | 0.00224     |
|    std                  | 0.709       |
|    value_loss           | 13.9        |
-----------------------------------------
-----------------------------------------
| rollout/                |             |
|    ep_len_mean          | 129         |
|    ep_rew_mean          | 37.5        |
|    success_rate         | 0           |
| time/                   |             |
|    fps                  | 101         |
|    iterations           | 17          |
|    time_elapsed         | 1373        |
|    total_timesteps      | 139264      |
| train/                  |             |
|    approx_kl            | 0.021914344 |
|    clip_fraction        | 0.222       |
|    clip_range           | 0.2         |
|    entropy_loss         | -2          |
|    explained_variance   | 0.411       |
|    learning_rate        | 0.0003      |
|    loss                 | 15          |
|    n_updates            | 160         |
|    policy_gradient_loss | 0.00473     |
|    std                  | 0.701       |
|    value_loss           | 17.8        |
-----------------------------------------
-----------------------------------------
| rollout/                |             |
|    ep_len_mean          | 133         |
|    ep_rew_mean          | 39.5        |
|    success_rate         | 0           |
| time/                   |             |
|    fps                  | 101         |
|    iterations           | 18          |
|    time_elapsed         | 1449        |
|    total_timesteps      | 147456      |
| train/                  |             |
|    approx_kl            | 0.037483502 |
|    clip_fraction        | 0.296       |
|    clip_range           | 0.2         |
|    entropy_loss         | -1.96       |
|    explained_variance   | 0.448       |
|    learning_rate        | 0.0003      |
|    loss                 | 4.24        |
|    n_updates            | 170         |
|    policy_gradient_loss | 0.00765     |
|    std                  | 0.689       |
|    value_loss           | 13.2        |
-----------------------------------------
-----------------------------------------
| rollout/                |             |
|    ep_len_mean          | 142         |
|    ep_rew_mean          | 43.9        |
|    success_rate         | 0           |
| time/                   |             |
|    fps                  | 102         |
|    iterations           | 19          |
|    time_elapsed         | 1525        |
|    total_timesteps      | 155648      |
| train/                  |             |
|    approx_kl            | 0.030900246 |
|    clip_fraction        | 0.247       |
|    clip_range           | 0.2         |
|    entropy_loss         | -1.92       |
|    explained_variance   | 0.659       |
|    learning_rate        | 0.0003      |
|    loss                 | 5.66        |
|    n_updates            | 180         |
|    policy_gradient_loss | 0.00817     |
|    std                  | 0.672       |
|    value_loss           | 10.8        |
-----------------------------------------
-----------------------------------------
| rollout/                |             |
|    ep_len_mean          | 151         |
|    ep_rew_mean          | 45.7        |
|    success_rate         | 0           |
| time/                   |             |
|    fps                  | 102         |
|    iterations           | 20          |
|    time_elapsed         | 1600        |
|    total_timesteps      | 163840      |
| train/                  |             |
|    approx_kl            | 0.017658135 |
|    clip_fraction        | 0.192       |
|    clip_range           | 0.2         |
|    entropy_loss         | -1.89       |
|    explained_variance   | 0.572       |
|    learning_rate        | 0.0003      |
|    loss                 | 9.98        |
|    n_updates            | 190         |
|    policy_gradient_loss | 0.00373     |
|    std                  | 0.672       |
|    value_loss           | 11          |
-----------------------------------------
-----------------------------------------
| rollout/                |             |
|    ep_len_mean          | 162         |
|    ep_rew_mean          | 47.9        |
|    success_rate         | 0           |
| time/                   |             |
|    fps                  | 102         |
|    iterations           | 21          |
|    time_elapsed         | 1676        |
|    total_timesteps      | 172032      |
| train/                  |             |
|    approx_kl            | 0.027225848 |
|    clip_fraction        | 0.258       |
|    clip_range           | 0.2         |
|    entropy_loss         | -1.89       |
|    explained_variance   | 0.399       |
|    learning_rate        | 0.0003      |
|    loss                 | 5.22        |
|    n_updates            | 200         |
|    policy_gradient_loss | 0.00943     |
|    std                  | 0.671       |
|    value_loss           | 7.27        |
-----------------------------------------
-----------------------------------------
| rollout/                |             |
|    ep_len_mean          | 164         |
|    ep_rew_mean          | 48.7        |
|    success_rate         | 0           |
| time/                   |             |
|    fps                  | 102         |
|    iterations           | 22          |
|    time_elapsed         | 1751        |
|    total_timesteps      | 180224      |
| train/                  |             |
|    approx_kl            | 0.029123187 |
|    clip_fraction        | 0.259       |
|    clip_range           | 0.2         |
|    entropy_loss         | -1.87       |
|    explained_variance   | 0.513       |
|    learning_rate        | 0.0003      |
|    loss                 | 1.72        |
|    n_updates            | 210         |
|    policy_gradient_loss | 0.00743     |
|    std                  | 0.666       |
|    value_loss           | 9.56        |
-----------------------------------------
-----------------------------------------
| rollout/                |             |
|    ep_len_mean          | 153         |
|    ep_rew_mean          | 45.2        |
|    success_rate         | 0           |
| time/                   |             |
|    fps                  | 103         |
|    iterations           | 23          |
|    time_elapsed         | 1827        |
|    total_timesteps      | 188416      |
| train/                  |             |
|    approx_kl            | 0.016983952 |
|    clip_fraction        | 0.233       |
|    clip_range           | 0.2         |
|    entropy_loss         | -1.86       |
|    explained_variance   | 0.534       |
|    learning_rate        | 0.0003      |
|    loss                 | 4.78        |
|    n_updates            | 220         |
|    policy_gradient_loss | 0.00793     |
|    std                  | 0.663       |
|    value_loss           | 6.09        |
-----------------------------------------
-----------------------------------------
| rollout/                |             |
|    ep_len_mean          | 146         |
|    ep_rew_mean          | 43.3        |
|    success_rate         | 0           |
| time/                   |             |
|    fps                  | 103         |
|    iterations           | 24          |
|    time_elapsed         | 1902        |
|    total_timesteps      | 196608      |
| train/                  |             |
|    approx_kl            | 0.026528243 |
|    clip_fraction        | 0.224       |
|    clip_range           | 0.2         |
|    entropy_loss         | -1.82       |
|    explained_variance   | 0.528       |
|    learning_rate        | 0.0003      |
|    loss                 | 2.97        |
|    n_updates            | 230         |
|    policy_gradient_loss | 0.00821     |
|    std                  | 0.646       |
|    value_loss           | 9.99        |
-----------------------------------------
-----------------------------------------
| rollout/                |             |
|    ep_len_mean          | 149         |
|    ep_rew_mean          | 44.3        |
|    success_rate         | 0           |
| time/                   |             |
|    fps                  | 103         |
|    iterations           | 25          |
|    time_elapsed         | 1978        |
|    total_timesteps      | 204800      |
| train/                  |             |
|    approx_kl            | 0.027408436 |
|    clip_fraction        | 0.241       |
|    clip_range           | 0.2         |
|    entropy_loss         | -1.78       |
|    explained_variance   | 0.293       |
|    learning_rate        | 0.0003      |
|    loss                 | 1.26        |
|    n_updates            | 240         |
|    policy_gradient_loss | 0.00795     |
|    std                  | 0.632       |
|    value_loss           | 14.2        |
-----------------------------------------
-----------------------------------------
| rollout/                |             |
|    ep_len_mean          | 153         |
|    ep_rew_mean          | 45          |
|    success_rate         | 0           |
| time/                   |             |
|    fps                  | 103         |
|    iterations           | 26          |
|    time_elapsed         | 2053        |
|    total_timesteps      | 212992      |
| train/                  |             |
|    approx_kl            | 0.019600544 |
|    clip_fraction        | 0.234       |
|    clip_range           | 0.2         |
|    entropy_loss         | -1.74       |
|    explained_variance   | 0.44        |
|    learning_rate        | 0.0003      |
|    loss                 | 2.52        |
|    n_updates            | 250         |
|    policy_gradient_loss | 0.00749     |
|    std                  | 0.619       |
|    value_loss           | 8.01        |
-----------------------------------------
-----------------------------------------
| rollout/                |             |
|    ep_len_mean          | 152         |
|    ep_rew_mean          | 45.4        |
|    success_rate         | 0           |
| time/                   |             |
|    fps                  | 103         |
|    iterations           | 27          |
|    time_elapsed         | 2129        |
|    total_timesteps      | 221184      |
| train/                  |             |
|    approx_kl            | 0.021727959 |
|    clip_fraction        | 0.216       |
|    clip_range           | 0.2         |
|    entropy_loss         | -1.71       |
|    explained_variance   | 0.44        |
|    learning_rate        | 0.0003      |
|    loss                 | 12.6        |
|    n_updates            | 260         |
|    policy_gradient_loss | 0.00623     |
|    std                  | 0.618       |
|    value_loss           | 11          |
-----------------------------------------
-----------------------------------------
| rollout/                |             |
|    ep_len_mean          | 146         |
|    ep_rew_mean          | 42.1        |
|    success_rate         | 0           |
| time/                   |             |
|    fps                  | 104         |
|    iterations           | 28          |
|    time_elapsed         | 2205        |
|    total_timesteps      | 229376      |
| train/                  |             |
|    approx_kl            | 0.033547558 |
|    clip_fraction        | 0.266       |
|    clip_range           | 0.2         |
|    entropy_loss         | -1.7        |
|    explained_variance   | 0.29        |
|    learning_rate        | 0.0003      |
|    loss                 | 17.5        |
|    n_updates            | 270         |
|    policy_gradient_loss | 0.0133      |
|    std                  | 0.616       |
|    value_loss           | 14.5        |
-----------------------------------------
-----------------------------------------
| rollout/                |             |
|    ep_len_mean          | 152         |
|    ep_rew_mean          | 44.7        |
|    success_rate         | 0           |
| time/                   |             |
|    fps                  | 104         |
|    iterations           | 29          |
|    time_elapsed         | 2280        |
|    total_timesteps      | 237568      |
| train/                  |             |
|    approx_kl            | 0.029262777 |
|    clip_fraction        | 0.272       |
|    clip_range           | 0.2         |
|    entropy_loss         | -1.69       |
|    explained_variance   | 0.405       |
|    learning_rate        | 0.0003      |
|    loss                 | 6.95        |
|    n_updates            | 280         |
|    policy_gradient_loss | 0.0105      |
|    std                  | 0.611       |
|    value_loss           | 11.2        |
-----------------------------------------
-----------------------------------------
| rollout/                |             |
|    ep_len_mean          | 156         |
|    ep_rew_mean          | 47.4        |
|    success_rate         | 0           |
| time/                   |             |
|    fps                  | 104         |
|    iterations           | 30          |
|    time_elapsed         | 2356        |
|    total_timesteps      | 245760      |
| train/                  |             |
|    approx_kl            | 0.027057448 |
|    clip_fraction        | 0.214       |
|    clip_range           | 0.2         |
|    entropy_loss         | -1.67       |
|    explained_variance   | 0.52        |
|    learning_rate        | 0.0003      |
|    loss                 | 2.42        |
|    n_updates            | 290         |
|    policy_gradient_loss | 0.00778     |
|    std                  | 0.605       |
|    value_loss           | 10.6        |
-----------------------------------------
-----------------------------------------
| rollout/                |             |
|    ep_len_mean          | 145         |
|    ep_rew_mean          | 43.6        |
|    success_rate         | 0           |
| time/                   |             |
|    fps                  | 104         |
|    iterations           | 31          |
|    time_elapsed         | 2432        |
|    total_timesteps      | 253952      |
| train/                  |             |
|    approx_kl            | 0.038257558 |
|    clip_fraction        | 0.286       |
|    clip_range           | 0.2         |
|    entropy_loss         | -1.65       |
|    explained_variance   | 0.255       |
|    learning_rate        | 0.0003      |
|    loss                 | 8.13        |
|    n_updates            | 300         |
|    policy_gradient_loss | 0.0175      |
|    std                  | 0.599       |
|    value_loss           | 18.7        |
-----------------------------------------
----------------------------------------
| rollout/                |            |
|    ep_len_mean          | 145        |
|    ep_rew_mean          | 45.2       |
|    success_rate         | 0          |
| time/                   |            |
|    fps                  | 104        |
|    iterations           | 32         |
|    time_elapsed         | 2507       |
|    total_timesteps      | 262144     |
| train/                  |            |
|    approx_kl            | 0.04637159 |
|    clip_fraction        | 0.25       |
|    clip_range           | 0.2        |
|    entropy_loss         | -1.64      |
|    explained_variance   | 0.26       |
|    learning_rate        | 0.0003     |
|    loss                 | 7.95       |
|    n_updates            | 310        |
|    policy_gradient_loss | 0.0119     |
|    std                  | 0.592      |
|    value_loss           | 15         |
----------------------------------------
-----------------------------------------
| rollout/                |             |
|    ep_len_mean          | 144         |
|    ep_rew_mean          | 45.4        |
|    success_rate         | 0           |
| time/                   |             |
|    fps                  | 104         |
|    iterations           | 33          |
|    time_elapsed         | 2583        |
|    total_timesteps      | 270336      |
| train/                  |             |
|    approx_kl            | 0.040777512 |
|    clip_fraction        | 0.257       |
|    clip_range           | 0.2         |
|    entropy_loss         | -1.61       |
|    explained_variance   | 0.237       |
|    learning_rate        | 0.0003      |
|    loss                 | 2.72        |
|    n_updates            | 320         |
|    policy_gradient_loss | 0.012       |
|    std                  | 0.587       |
|    value_loss           | 19          |
-----------------------------------------
-----------------------------------------
| rollout/                |             |
|    ep_len_mean          | 150         |
|    ep_rew_mean          | 47          |
|    success_rate         | 0           |
| time/                   |             |
|    fps                  | 104         |
|    iterations           | 34          |
|    time_elapsed         | 2658        |
|    total_timesteps      | 278528      |
| train/                  |             |
|    approx_kl            | 0.025674425 |
|    clip_fraction        | 0.24        |
|    clip_range           | 0.2         |
|    entropy_loss         | -1.59       |
|    explained_variance   | 0.265       |
|    learning_rate        | 0.0003      |
|    loss                 | 14.7        |
|    n_updates            | 330         |
|    policy_gradient_loss | 0.0076      |
|    std                  | 0.579       |
|    value_loss           | 20.2        |
-----------------------------------------
-----------------------------------------
| rollout/                |             |
|    ep_len_mean          | 150         |
|    ep_rew_mean          | 48.1        |
|    success_rate         | 0           |
| time/                   |             |
|    fps                  | 104         |
|    iterations           | 35          |
|    time_elapsed         | 2734        |
|    total_timesteps      | 286720      |
| train/                  |             |
|    approx_kl            | 0.017427396 |
|    clip_fraction        | 0.204       |
|    clip_range           | 0.2         |
|    entropy_loss         | -1.57       |
|    explained_variance   | 0.416       |
|    learning_rate        | 0.0003      |
|    loss                 | 3.09        |
|    n_updates            | 340         |
|    policy_gradient_loss | 0.0043      |
|    std                  | 0.578       |
|    value_loss           | 18.3        |
-----------------------------------------
-----------------------------------------
| rollout/                |             |
|    ep_len_mean          | 145         |
|    ep_rew_mean          | 46.1        |
|    success_rate         | 0           |
| time/                   |             |
|    fps                  | 104         |
|    iterations           | 36          |
|    time_elapsed         | 2809        |
|    total_timesteps      | 294912      |
| train/                  |             |
|    approx_kl            | 0.025360841 |
|    clip_fraction        | 0.236       |
|    clip_range           | 0.2         |
|    entropy_loss         | -1.55       |
|    explained_variance   | 0.273       |
|    learning_rate        | 0.0003      |
|    loss                 | 24.5        |
|    n_updates            | 350         |
|    policy_gradient_loss | 0.0117      |
|    std                  | 0.574       |
|    value_loss           | 24.2        |
-----------------------------------------
-----------------------------------------
| rollout/                |             |
|    ep_len_mean          | 151         |
|    ep_rew_mean          | 47.6        |
|    success_rate         | 0           |
| time/                   |             |
|    fps                  | 105         |
|    iterations           | 37          |
|    time_elapsed         | 2885        |
|    total_timesteps      | 303104      |
| train/                  |             |
|    approx_kl            | 0.018163698 |
|    clip_fraction        | 0.25        |
|    clip_range           | 0.2         |
|    entropy_loss         | -1.54       |
|    explained_variance   | 0.405       |
|    learning_rate        | 0.0003      |
|    loss                 | 5.83        |
|    n_updates            | 360         |
|    policy_gradient_loss | 0.00758     |
|    std                  | 0.571       |
|    value_loss           | 17          |
-----------------------------------------
-----------------------------------------
| rollout/                |             |
|    ep_len_mean          | 143         |
|    ep_rew_mean          | 44.2        |
|    success_rate         | 0           |
| time/                   |             |
|    fps                  | 105         |
|    iterations           | 38          |
|    time_elapsed         | 2961        |
|    total_timesteps      | 311296      |
| train/                  |             |
|    approx_kl            | 0.027890097 |
|    clip_fraction        | 0.302       |
|    clip_range           | 0.2         |
|    entropy_loss         | -1.51       |
|    explained_variance   | 0.388       |
|    learning_rate        | 0.0003      |
|    loss                 | 7.58        |
|    n_updates            | 370         |
|    policy_gradient_loss | 0.0094      |
|    std                  | 0.563       |
|    value_loss           | 11.1        |
-----------------------------------------
-----------------------------------------
| rollout/                |             |
|    ep_len_mean          | 141         |
|    ep_rew_mean          | 43.1        |
|    success_rate         | 0           |
| time/                   |             |
|    fps                  | 105         |
|    iterations           | 39          |
|    time_elapsed         | 3037        |
|    total_timesteps      | 319488      |
| train/                  |             |
|    approx_kl            | 0.030900158 |
|    clip_fraction        | 0.296       |
|    clip_range           | 0.2         |
|    entropy_loss         | -1.49       |
|    explained_variance   | 0.272       |
|    learning_rate        | 0.0003      |
|    loss                 | 2.56        |
|    n_updates            | 380         |
|    policy_gradient_loss | 0.0145      |
|    std                  | 0.557       |
|    value_loss           | 15.4        |
-----------------------------------------
-----------------------------------------
| rollout/                |             |
|    ep_len_mean          | 150         |
|    ep_rew_mean          | 46.2        |
|    success_rate         | 0           |
| time/                   |             |
|    fps                  | 105         |
|    iterations           | 40          |
|    time_elapsed         | 3112        |
|    total_timesteps      | 327680      |
| train/                  |             |
|    approx_kl            | 0.022805668 |
|    clip_fraction        | 0.237       |
|    clip_range           | 0.2         |
|    entropy_loss         | -1.48       |
|    explained_variance   | 0.409       |
|    learning_rate        | 0.0003      |
|    loss                 | 11.6        |
|    n_updates            | 390         |
|    policy_gradient_loss | 0.00843     |
|    std                  | 0.561       |
|    value_loss           | 14.8        |
-----------------------------------------
----------------------------------------
| rollout/                |            |
|    ep_len_mean          | 151        |
|    ep_rew_mean          | 45.8       |
|    success_rate         | 0          |
| time/                   |            |
|    fps                  | 105        |
|    iterations           | 41         |
|    time_elapsed         | 3188       |
|    total_timesteps      | 335872     |
| train/                  |            |
|    approx_kl            | 0.03543731 |
|    clip_fraction        | 0.285      |
|    clip_range           | 0.2        |
|    entropy_loss         | -1.5       |
|    explained_variance   | 0.322      |
|    learning_rate        | 0.0003     |
|    loss                 | 3.32       |
|    n_updates            | 400        |
|    policy_gradient_loss | 0.00582    |
|    std                  | 0.567      |
|    value_loss           | 13.4       |
----------------------------------------
-----------------------------------------
| rollout/                |             |
|    ep_len_mean          | 144         |
|    ep_rew_mean          | 43.8        |
|    success_rate         | 0           |
| time/                   |             |
|    fps                  | 105         |
|    iterations           | 42          |
|    time_elapsed         | 3264        |
|    total_timesteps      | 344064      |
| train/                  |             |
|    approx_kl            | 0.026823001 |
|    clip_fraction        | 0.261       |
|    clip_range           | 0.2         |
|    entropy_loss         | -1.48       |
|    explained_variance   | 0.393       |
|    learning_rate        | 0.0003      |
|    loss                 | 9.24        |
|    n_updates            | 410         |
|    policy_gradient_loss | 0.0121      |
|    std                  | 0.557       |
|    value_loss           | 10.9        |
-----------------------------------------
-----------------------------------------
| rollout/                |             |
|    ep_len_mean          | 137         |
|    ep_rew_mean          | 43.2        |
|    success_rate         | 0           |
| time/                   |             |
|    fps                  | 105         |
|    iterations           | 43          |
|    time_elapsed         | 3340        |
|    total_timesteps      | 352256      |
| train/                  |             |
|    approx_kl            | 0.028619263 |
|    clip_fraction        | 0.265       |
|    clip_range           | 0.2         |
|    entropy_loss         | -1.47       |
|    explained_variance   | 0.271       |
|    learning_rate        | 0.0003      |
|    loss                 | 6.51        |
|    n_updates            | 420         |
|    policy_gradient_loss | 0.0137      |
|    std                  | 0.557       |
|    value_loss           | 16.9        |
-----------------------------------------
----------------------------------------
| rollout/                |            |
|    ep_len_mean          | 143        |
|    ep_rew_mean          | 46         |
|    success_rate         | 0          |
| time/                   |            |
|    fps                  | 105        |
|    iterations           | 44         |
|    time_elapsed         | 3416       |
|    total_timesteps      | 360448     |
| train/                  |            |
|    approx_kl            | 0.03277409 |
|    clip_fraction        | 0.289      |
|    clip_range           | 0.2        |
|    entropy_loss         | -1.42      |
|    explained_variance   | 0.422      |
|    learning_rate        | 0.0003     |
|    loss                 | 8.77       |
|    n_updates            | 430        |
|    policy_gradient_loss | 0.0167     |
|    std                  | 0.54       |
|    value_loss           | 14.8       |
----------------------------------------
----------------------------------------
| rollout/                |            |
|    ep_len_mean          | 132        |
|    ep_rew_mean          | 46.2       |
|    success_rate         | 0          |
| time/                   |            |
|    fps                  | 105        |
|    iterations           | 45         |
|    time_elapsed         | 3491       |
|    total_timesteps      | 368640     |
| train/                  |            |
|    approx_kl            | 0.04766673 |
|    clip_fraction        | 0.301      |
|    clip_range           | 0.2        |
|    entropy_loss         | -1.37      |
|    explained_variance   | 0.485      |
|    learning_rate        | 0.0003     |
|    loss                 | 7.75       |
|    n_updates            | 440        |
|    policy_gradient_loss | 0.0156     |
|    std                  | 0.532      |
|    value_loss           | 14.4       |
----------------------------------------
-----------------------------------------
| rollout/                |             |
|    ep_len_mean          | 124         |
|    ep_rew_mean          | 43.5        |
|    success_rate         | 0           |
| time/                   |             |
|    fps                  | 105         |
|    iterations           | 46          |
|    time_elapsed         | 3568        |
|    total_timesteps      | 376832      |
| train/                  |             |
|    approx_kl            | 0.038730215 |
|    clip_fraction        | 0.326       |
|    clip_range           | 0.2         |
|    entropy_loss         | -1.35       |
|    explained_variance   | 0.622       |
|    learning_rate        | 0.0003      |
|    loss                 | 9.25        |
|    n_updates            | 450         |
|    policy_gradient_loss | 0.0222      |
|    std                  | 0.527       |
|    value_loss           | 17.7        |
-----------------------------------------
-----------------------------------------
| rollout/                |             |
|    ep_len_mean          | 131         |
|    ep_rew_mean          | 46.3        |
|    success_rate         | 0           |
| time/                   |             |
|    fps                  | 105         |
|    iterations           | 47          |
|    time_elapsed         | 3644        |
|    total_timesteps      | 385024      |
| train/                  |             |
|    approx_kl            | 0.038069926 |
|    clip_fraction        | 0.266       |
|    clip_range           | 0.2         |
|    entropy_loss         | -1.31       |
|    explained_variance   | 0.6         |
|    learning_rate        | 0.0003      |
|    loss                 | 15.6        |
|    n_updates            | 460         |
|    policy_gradient_loss | 0.0101      |
|    std                  | 0.517       |
|    value_loss           | 18.1        |
-----------------------------------------
----------------------------------------
| rollout/                |            |
|    ep_len_mean          | 139        |
|    ep_rew_mean          | 47.8       |
|    success_rate         | 0          |
| time/                   |            |
|    fps                  | 105        |
|    iterations           | 48         |
|    time_elapsed         | 3720       |
|    total_timesteps      | 393216     |
| train/                  |            |
|    approx_kl            | 0.02843424 |
|    clip_fraction        | 0.273      |
|    clip_range           | 0.2        |
|    entropy_loss         | -1.27      |
|    explained_variance   | 0.689      |
|    learning_rate        | 0.0003     |
|    loss                 | 2.48       |
|    n_updates            | 470        |
|    policy_gradient_loss | 0.0122     |
|    std                  | 0.508      |
|    value_loss           | 15.1       |
----------------------------------------
-----------------------------------------
| rollout/                |             |
|    ep_len_mean          | 131         |
|    ep_rew_mean          | 44.9        |
|    success_rate         | 0           |
| time/                   |             |
|    fps                  | 105         |
|    iterations           | 49          |
|    time_elapsed         | 3796        |
|    total_timesteps      | 401408      |
| train/                  |             |
|    approx_kl            | 0.019667283 |
|    clip_fraction        | 0.222       |
|    clip_range           | 0.2         |
|    entropy_loss         | -1.25       |
|    explained_variance   | 0.675       |
|    learning_rate        | 0.0003      |
|    loss                 | 2.26        |
|    n_updates            | 480         |
|    policy_gradient_loss | 0.00866     |
|    std                  | 0.506       |
|    value_loss           | 16          |
-----------------------------------------
-----------------------------------------
| rollout/                |             |
|    ep_len_mean          | 129         |
|    ep_rew_mean          | 44.9        |
|    success_rate         | 0           |
| time/                   |             |
|    fps                  | 105         |
|    iterations           | 50          |
|    time_elapsed         | 3872        |
|    total_timesteps      | 409600      |
| train/                  |             |
|    approx_kl            | 0.028584424 |
|    clip_fraction        | 0.29        |
|    clip_range           | 0.2         |
|    entropy_loss         | -1.22       |
|    explained_variance   | 0.736       |
|    learning_rate        | 0.0003      |
|    loss                 | 5.18        |
|    n_updates            | 490         |
|    policy_gradient_loss | 0.00877     |
|    std                  | 0.495       |
|    value_loss           | 12.6        |
-----------------------------------------
----------------------------------------
| rollout/                |            |
|    ep_len_mean          | 136        |
|    ep_rew_mean          | 46.6       |
|    success_rate         | 0          |
| time/                   |            |
|    fps                  | 105        |
|    iterations           | 51         |
|    time_elapsed         | 3947       |
|    total_timesteps      | 417792     |
| train/                  |            |
|    approx_kl            | 0.03574702 |
|    clip_fraction        | 0.295      |
|    clip_range           | 0.2        |
|    entropy_loss         | -1.2       |
|    explained_variance   | 0.728      |
|    learning_rate        | 0.0003     |
|    loss                 | 9.93       |
|    n_updates            | 500        |
|    policy_gradient_loss | 0.0112     |
|    std                  | 0.499      |
|    value_loss           | 12.2       |
----------------------------------------
-----------------------------------------
| rollout/                |             |
|    ep_len_mean          | 148         |
|    ep_rew_mean          | 48.6        |
|    success_rate         | 0           |
| time/                   |             |
|    fps                  | 105         |
|    iterations           | 52          |
|    time_elapsed         | 4022        |
|    total_timesteps      | 425984      |
| train/                  |             |
|    approx_kl            | 0.041731857 |
|    clip_fraction        | 0.286       |
|    clip_range           | 0.2         |
|    entropy_loss         | -1.19       |
|    explained_variance   | 0.716       |
|    learning_rate        | 0.0003      |
|    loss                 | 4.47        |
|    n_updates            | 510         |
|    policy_gradient_loss | 0.0141      |
|    std                  | 0.496       |
|    value_loss           | 13.8        |
-----------------------------------------
----------------------------------------
| rollout/                |            |
|    ep_len_mean          | 151        |
|    ep_rew_mean          | 51         |
|    success_rate         | 0          |
| time/                   |            |
|    fps                  | 105        |
|    iterations           | 53         |
|    time_elapsed         | 4098       |
|    total_timesteps      | 434176     |
| train/                  |            |
|    approx_kl            | 0.04930865 |
|    clip_fraction        | 0.319      |
|    clip_range           | 0.2        |
|    entropy_loss         | -1.2       |
|    explained_variance   | 0.678      |
|    learning_rate        | 0.0003     |
|    loss                 | 2.44       |
|    n_updates            | 520        |
|    policy_gradient_loss | 0.0174     |
|    std                  | 0.498      |
|    value_loss           | 10.4       |
----------------------------------------
-----------------------------------------
| rollout/                |             |
|    ep_len_mean          | 136         |
|    ep_rew_mean          | 48.4        |
|    success_rate         | 0           |
| time/                   |             |
|    fps                  | 105         |
|    iterations           | 54          |
|    time_elapsed         | 4173        |
|    total_timesteps      | 442368      |
| train/                  |             |
|    approx_kl            | 0.031179931 |
|    clip_fraction        | 0.309       |
|    clip_range           | 0.2         |
|    entropy_loss         | -1.19       |
|    explained_variance   | 0.803       |
|    learning_rate        | 0.0003      |
|    loss                 | 6.3         |
|    n_updates            | 530         |
|    policy_gradient_loss | 0.0195      |
|    std                  | 0.499       |
|    value_loss           | 10.8        |
-----------------------------------------
----------------------------------------
| rollout/                |            |
|    ep_len_mean          | 127        |
|    ep_rew_mean          | 43.8       |
|    success_rate         | 0          |
| time/                   |            |
|    fps                  | 106        |
|    iterations           | 55         |
|    time_elapsed         | 4249       |
|    total_timesteps      | 450560     |
| train/                  |            |
|    approx_kl            | 0.08945012 |
|    clip_fraction        | 0.334      |
|    clip_range           | 0.2        |
|    entropy_loss         | -1.19      |
|    explained_variance   | 0.737      |
|    learning_rate        | 0.0003     |
|    loss                 | 6.07       |
|    n_updates            | 540        |
|    policy_gradient_loss | 0.0198     |
|    std                  | 0.494      |
|    value_loss           | 15.3       |
----------------------------------------
-----------------------------------------
| rollout/                |             |
|    ep_len_mean          | 132         |
|    ep_rew_mean          | 44.8        |
|    success_rate         | 0           |
| time/                   |             |
|    fps                  | 106         |
|    iterations           | 56          |
|    time_elapsed         | 4325        |
|    total_timesteps      | 458752      |
| train/                  |             |
|    approx_kl            | 0.038643017 |
|    clip_fraction        | 0.321       |
|    clip_range           | 0.2         |
|    entropy_loss         | -1.17       |
|    explained_variance   | 0.707       |
|    learning_rate        | 0.0003      |
|    loss                 | 6.58        |
|    n_updates            | 550         |
|    policy_gradient_loss | 0.0156      |
|    std                  | 0.495       |
|    value_loss           | 18.7        |
-----------------------------------------
-----------------------------------------
| rollout/                |             |
|    ep_len_mean          | 137         |
|    ep_rew_mean          | 47.1        |
|    success_rate         | 0           |
| time/                   |             |
|    fps                  | 106         |
|    iterations           | 57          |
|    time_elapsed         | 4401        |
|    total_timesteps      | 466944      |
| train/                  |             |
|    approx_kl            | 0.032091945 |
|    clip_fraction        | 0.327       |
|    clip_range           | 0.2         |
|    entropy_loss         | -1.14       |
|    explained_variance   | 0.741       |
|    learning_rate        | 0.0003      |
|    loss                 | 2.49        |
|    n_updates            | 560         |
|    policy_gradient_loss | 0.02        |
|    std                  | 0.486       |
|    value_loss           | 15          |
-----------------------------------------
----------------------------------------
| rollout/                |            |
|    ep_len_mean          | 136        |
|    ep_rew_mean          | 47.9       |
|    success_rate         | 0          |
| time/                   |            |
|    fps                  | 106        |
|    iterations           | 58         |
|    time_elapsed         | 4476       |
|    total_timesteps      | 475136     |
| train/                  |            |
|    approx_kl            | 0.03476704 |
|    clip_fraction        | 0.3        |
|    clip_range           | 0.2        |
|    entropy_loss         | -1.13      |
|    explained_variance   | 0.779      |
|    learning_rate        | 0.0003     |
|    loss                 | 13.2       |
|    n_updates            | 570        |
|    policy_gradient_loss | 0.0171     |
|    std                  | 0.487      |
|    value_loss           | 14.4       |
----------------------------------------
-----------------------------------------
| rollout/                |             |
|    ep_len_mean          | 137         |
|    ep_rew_mean          | 47.9        |
|    success_rate         | 0           |
| time/                   |             |
|    fps                  | 106         |
|    iterations           | 59          |
|    time_elapsed         | 4552        |
|    total_timesteps      | 483328      |
| train/                  |             |
|    approx_kl            | 0.033703018 |
|    clip_fraction        | 0.305       |
|    clip_range           | 0.2         |
|    entropy_loss         | -1.13       |
|    explained_variance   | 0.8         |
|    learning_rate        | 0.0003      |
|    loss                 | 3.14        |
|    n_updates            | 580         |
|    policy_gradient_loss | 0.0132      |
|    std                  | 0.489       |
|    value_loss           | 11.4        |
-----------------------------------------
--------------------------------------
| rollout/                |          |
|    ep_len_mean          | 136      |
|    ep_rew_mean          | 48.2     |
|    success_rate         | 0        |
| time/                   |          |
|    fps                  | 106      |
|    iterations           | 60       |
|    time_elapsed         | 4628     |
|    total_timesteps      | 491520   |
| train/                  |          |
|    approx_kl            | 0.0199   |
|    clip_fraction        | 0.26     |
|    clip_range           | 0.2      |
|    entropy_loss         | -1.12    |
|    explained_variance   | 0.73     |
|    learning_rate        | 0.0003   |
|    loss                 | 6.38     |
|    n_updates            | 590      |
|    policy_gradient_loss | 0.0103   |
|    std                  | 0.486    |
|    value_loss           | 15.1     |
--------------------------------------
----------------------------------------
| rollout/                |            |
|    ep_len_mean          | 137        |
|    ep_rew_mean          | 50.5       |
|    success_rate         | 0          |
| time/                   |            |
|    fps                  | 106        |
|    iterations           | 61         |
|    time_elapsed         | 4704       |
|    total_timesteps      | 499712     |
| train/                  |            |
|    approx_kl            | 0.03995581 |
|    clip_fraction        | 0.312      |
|    clip_range           | 0.2        |
|    entropy_loss         | -1.11      |
|    explained_variance   | 0.747      |
|    learning_rate        | 0.0003     |
|    loss                 | 10.2       |
|    n_updates            | 600        |
|    policy_gradient_loss | 0.0168     |
|    std                  | 0.481      |
|    value_loss           | 12.2       |
----------------------------------------
-----------------------------------------
| rollout/                |             |
|    ep_len_mean          | 120         |
|    ep_rew_mean          | 44.4        |
|    success_rate         | 0           |
| time/                   |             |
|    fps                  | 106         |
|    iterations           | 62          |
|    time_elapsed         | 4780        |
|    total_timesteps      | 507904      |
| train/                  |             |
|    approx_kl            | 0.036668465 |
|    clip_fraction        | 0.268       |
|    clip_range           | 0.2         |
|    entropy_loss         | -1.11       |
|    explained_variance   | 0.806       |
|    learning_rate        | 0.0003      |
|    loss                 | 4.48        |
|    n_updates            | 610         |
|    policy_gradient_loss | 0.013       |
|    std                  | 0.486       |
|    value_loss           | 10.3        |
-----------------------------------------
-----------------------------------------
| rollout/                |             |
|    ep_len_mean          | 126         |
|    ep_rew_mean          | 47          |
|    success_rate         | 0           |
| time/                   |             |
|    fps                  | 106         |
|    iterations           | 63          |
|    time_elapsed         | 4855        |
|    total_timesteps      | 516096      |
| train/                  |             |
|    approx_kl            | 0.025709037 |
|    clip_fraction        | 0.282       |
|    clip_range           | 0.2         |
|    entropy_loss         | -1.09       |
|    explained_variance   | 0.618       |
|    learning_rate        | 0.0003      |
|    loss                 | 4.96        |
|    n_updates            | 620         |
|    policy_gradient_loss | 0.0131      |
|    std                  | 0.482       |
|    value_loss           | 22.2        |
-----------------------------------------
----------------------------------------
| rollout/                |            |
|    ep_len_mean          | 131        |
|    ep_rew_mean          | 51.1       |
|    success_rate         | 0          |
| time/                   |            |
|    fps                  | 106        |
|    iterations           | 64         |
|    time_elapsed         | 4931       |
|    total_timesteps      | 524288     |
| train/                  |            |
|    approx_kl            | 0.02899173 |
|    clip_fraction        | 0.265      |
|    clip_range           | 0.2        |
|    entropy_loss         | -1.08      |
|    explained_variance   | 0.753      |
|    learning_rate        | 0.0003     |
|    loss                 | 8.31       |
|    n_updates            | 630        |
|    policy_gradient_loss | 0.0121     |
|    std                  | 0.478      |
|    value_loss           | 11.1       |
----------------------------------------
-----------------------------------------
| rollout/                |             |
|    ep_len_mean          | 121         |
|    ep_rew_mean          | 47.5        |
|    success_rate         | 0           |
| time/                   |             |
|    fps                  | 106         |
|    iterations           | 65          |
|    time_elapsed         | 5007        |
|    total_timesteps      | 532480      |
| train/                  |             |
|    approx_kl            | 0.039710093 |
|    clip_fraction        | 0.331       |
|    clip_range           | 0.2         |
|    entropy_loss         | -1.06       |
|    explained_variance   | 0.769       |
|    learning_rate        | 0.0003      |
|    loss                 | 2.63        |
|    n_updates            | 640         |
|    policy_gradient_loss | 0.0178      |
|    std                  | 0.476       |
|    value_loss           | 11.7        |
-----------------------------------------
-----------------------------------------
| rollout/                |             |
|    ep_len_mean          | 109         |
|    ep_rew_mean          | 42.7        |
|    success_rate         | 0           |
| time/                   |             |
|    fps                  | 106         |
|    iterations           | 66          |
|    time_elapsed         | 5083        |
|    total_timesteps      | 540672      |
| train/                  |             |
|    approx_kl            | 0.026186187 |
|    clip_fraction        | 0.268       |
|    clip_range           | 0.2         |
|    entropy_loss         | -1.04       |
|    explained_variance   | 0.743       |
|    learning_rate        | 0.0003      |
|    loss                 | 14.6        |
|    n_updates            | 650         |
|    policy_gradient_loss | 0.00997     |
|    std                  | 0.471       |
|    value_loss           | 14.8        |
-----------------------------------------
-----------------------------------------
| rollout/                |             |
|    ep_len_mean          | 116         |
|    ep_rew_mean          | 46.3        |
|    success_rate         | 0           |
| time/                   |             |
|    fps                  | 106         |
|    iterations           | 67          |
|    time_elapsed         | 5159        |
|    total_timesteps      | 548864      |
| train/                  |             |
|    approx_kl            | 0.046547435 |
|    clip_fraction        | 0.276       |
|    clip_range           | 0.2         |
|    entropy_loss         | -1.02       |
|    explained_variance   | 0.713       |
|    learning_rate        | 0.0003      |
|    loss                 | 2.92        |
|    n_updates            | 660         |
|    policy_gradient_loss | 0.0137      |
|    std                  | 0.47        |
|    value_loss           | 17.1        |
-----------------------------------------
-----------------------------------------
| rollout/                |             |
|    ep_len_mean          | 118         |
|    ep_rew_mean          | 46.1        |
|    success_rate         | 0           |
| time/                   |             |
|    fps                  | 106         |
|    iterations           | 68          |
|    time_elapsed         | 5234        |
|    total_timesteps      | 557056      |
| train/                  |             |
|    approx_kl            | 0.030912682 |
|    clip_fraction        | 0.285       |
|    clip_range           | 0.2         |
|    entropy_loss         | -0.997      |
|    explained_variance   | 0.726       |
|    learning_rate        | 0.0003      |
|    loss                 | 4.61        |
|    n_updates            | 670         |
|    policy_gradient_loss | 0.0147      |
|    std                  | 0.466       |
|    value_loss           | 16.3        |
-----------------------------------------
-----------------------------------------
| rollout/                |             |
|    ep_len_mean          | 128         |
|    ep_rew_mean          | 51.4        |
|    success_rate         | 0           |
| time/                   |             |
|    fps                  | 106         |
|    iterations           | 69          |
|    time_elapsed         | 5310        |
|    total_timesteps      | 565248      |
| train/                  |             |
|    approx_kl            | 0.036002267 |
|    clip_fraction        | 0.294       |
|    clip_range           | 0.2         |
|    entropy_loss         | -0.976      |
|    explained_variance   | 0.686       |
|    learning_rate        | 0.0003      |
|    loss                 | 13.6        |
|    n_updates            | 680         |
|    policy_gradient_loss | 0.0117      |
|    std                  | 0.466       |
|    value_loss           | 20.2        |
-----------------------------------------
-----------------------------------------
| rollout/                |             |
|    ep_len_mean          | 132         |
|    ep_rew_mean          | 51.8        |
|    success_rate         | 0           |
| time/                   |             |
|    fps                  | 106         |
|    iterations           | 70          |
|    time_elapsed         | 5385        |
|    total_timesteps      | 573440      |
| train/                  |             |
|    approx_kl            | 0.041251685 |
|    clip_fraction        | 0.294       |
|    clip_range           | 0.2         |
|    entropy_loss         | -0.964      |
|    explained_variance   | 0.759       |
|    learning_rate        | 0.0003      |
|    loss                 | 20.6        |
|    n_updates            | 690         |
|    policy_gradient_loss | 0.0158      |
|    std                  | 0.465       |
|    value_loss           | 13.5        |
-----------------------------------------
----------------------------------------
| rollout/                |            |
|    ep_len_mean          | 135        |
|    ep_rew_mean          | 54.7       |
|    success_rate         | 0          |
| time/                   |            |
|    fps                  | 106        |
|    iterations           | 71         |
|    time_elapsed         | 5460       |
|    total_timesteps      | 581632     |
| train/                  |            |
|    approx_kl            | 0.03251914 |
|    clip_fraction        | 0.295      |
|    clip_range           | 0.2        |
|    entropy_loss         | -0.942     |
|    explained_variance   | 0.763      |
|    learning_rate        | 0.0003     |
|    loss                 | 9.69       |
|    n_updates            | 700        |
|    policy_gradient_loss | 0.00982    |
|    std                  | 0.459      |
|    value_loss           | 15         |
----------------------------------------
-----------------------------------------
| rollout/                |             |
|    ep_len_mean          | 119         |
|    ep_rew_mean          | 49.1        |
|    success_rate         | 0           |
| time/                   |             |
|    fps                  | 106         |
|    iterations           | 72          |
|    time_elapsed         | 5536        |
|    total_timesteps      | 589824      |
| train/                  |             |
|    approx_kl            | 0.064624265 |
|    clip_fraction        | 0.348       |
|    clip_range           | 0.2         |
|    entropy_loss         | -0.929      |
|    explained_variance   | 0.835       |
|    learning_rate        | 0.0003      |
|    loss                 | 0.964       |
|    n_updates            | 710         |
|    policy_gradient_loss | 0.0206      |
|    std                  | 0.458       |
|    value_loss           | 9.24        |
-----------------------------------------
-----------------------------------------
| rollout/                |             |
|    ep_len_mean          | 128         |
|    ep_rew_mean          | 53.8        |
|    success_rate         | 0           |
| time/                   |             |
|    fps                  | 106         |
|    iterations           | 73          |
|    time_elapsed         | 5611        |
|    total_timesteps      | 598016      |
| train/                  |             |
|    approx_kl            | 0.027156986 |
|    clip_fraction        | 0.276       |
|    clip_range           | 0.2         |
|    entropy_loss         | -0.902      |
|    explained_variance   | 0.697       |
|    learning_rate        | 0.0003      |
|    loss                 | 3.49        |
|    n_updates            | 720         |
|    policy_gradient_loss | 0.012       |
|    std                  | 0.452       |
|    value_loss           | 21.9        |
-----------------------------------------
----------------------------------------
| rollout/                |            |
|    ep_len_mean          | 129        |
|    ep_rew_mean          | 57         |
|    success_rate         | 0          |
| time/                   |            |
|    fps                  | 106        |
|    iterations           | 74         |
|    time_elapsed         | 5687       |
|    total_timesteps      | 606208     |
| train/                  |            |
|    approx_kl            | 0.02394973 |
|    clip_fraction        | 0.305      |
|    clip_range           | 0.2        |
|    entropy_loss         | -0.871     |
|    explained_variance   | 0.798      |
|    learning_rate        | 0.0003     |
|    loss                 | 4.4        |
|    n_updates            | 730        |
|    policy_gradient_loss | 0.0159     |
|    std                  | 0.449      |
|    value_loss           | 12.2       |
----------------------------------------
-----------------------------------------
| rollout/                |             |
|    ep_len_mean          | 135         |
|    ep_rew_mean          | 61.7        |
|    success_rate         | 0           |
| time/                   |             |
|    fps                  | 106         |
|    iterations           | 75          |
|    time_elapsed         | 5762        |
|    total_timesteps      | 614400      |
| train/                  |             |
|    approx_kl            | 0.054264102 |
|    clip_fraction        | 0.306       |
|    clip_range           | 0.2         |
|    entropy_loss         | -0.85       |
|    explained_variance   | 0.848       |
|    learning_rate        | 0.0003      |
|    loss                 | 2.32        |
|    n_updates            | 740         |
|    policy_gradient_loss | 0.0162      |
|    std                  | 0.445       |
|    value_loss           | 10.6        |
-----------------------------------------
-----------------------------------------
| rollout/                |             |
|    ep_len_mean          | 138         |
|    ep_rew_mean          | 62.9        |
|    success_rate         | 0           |
| time/                   |             |
|    fps                  | 106         |
|    iterations           | 76          |
|    time_elapsed         | 5837        |
|    total_timesteps      | 622592      |
| train/                  |             |
|    approx_kl            | 0.047967043 |
|    clip_fraction        | 0.345       |
|    clip_range           | 0.2         |
|    entropy_loss         | -0.834      |
|    explained_variance   | 0.953       |
|    learning_rate        | 0.0003      |
|    loss                 | 0.718       |
|    n_updates            | 750         |
|    policy_gradient_loss | 0.0249      |
|    std                  | 0.449       |
|    value_loss           | 3.34        |
-----------------------------------------
-----------------------------------------
| rollout/                |             |
|    ep_len_mean          | 134         |
|    ep_rew_mean          | 61.1        |
|    success_rate         | 0           |
| time/                   |             |
|    fps                  | 106         |
|    iterations           | 77          |
|    time_elapsed         | 5912        |
|    total_timesteps      | 630784      |
| train/                  |             |
|    approx_kl            | 0.028841807 |
|    clip_fraction        | 0.245       |
|    clip_range           | 0.2         |
|    entropy_loss         | -0.835      |
|    explained_variance   | 0.912       |
|    learning_rate        | 0.0003      |
|    loss                 | 1.25        |
|    n_updates            | 760         |
|    policy_gradient_loss | 0.011       |
|    std                  | 0.446       |
|    value_loss           | 6.93        |
-----------------------------------------
-----------------------------------------
| rollout/                |             |
|    ep_len_mean          | 133         |
|    ep_rew_mean          | 60.8        |
|    success_rate         | 0           |
| time/                   |             |
|    fps                  | 106         |
|    iterations           | 78          |
|    time_elapsed         | 5988        |
|    total_timesteps      | 638976      |
| train/                  |             |
|    approx_kl            | 0.027283775 |
|    clip_fraction        | 0.269       |
|    clip_range           | 0.2         |
|    entropy_loss         | -0.839      |
|    explained_variance   | 0.91        |
|    learning_rate        | 0.0003      |
|    loss                 | 1.34        |
|    n_updates            | 770         |
|    policy_gradient_loss | 0.013       |
|    std                  | 0.449       |
|    value_loss           | 8.28        |
-----------------------------------------
-----------------------------------------
| rollout/                |             |
|    ep_len_mean          | 137         |
|    ep_rew_mean          | 61.9        |
|    success_rate         | 0           |
| time/                   |             |
|    fps                  | 106         |
|    iterations           | 79          |
|    time_elapsed         | 6063        |
|    total_timesteps      | 647168      |
| train/                  |             |
|    approx_kl            | 0.038443312 |
|    clip_fraction        | 0.279       |
|    clip_range           | 0.2         |
|    entropy_loss         | -0.858      |
|    explained_variance   | 0.928       |
|    learning_rate        | 0.0003      |
|    loss                 | 0.689       |
|    n_updates            | 780         |
|    policy_gradient_loss | 0.0183      |
|    std                  | 0.455       |
|    value_loss           | 6.17        |
-----------------------------------------
----------------------------------------
| rollout/                |            |
|    ep_len_mean          | 140        |
|    ep_rew_mean          | 62.3       |
|    success_rate         | 0          |
| time/                   |            |
|    fps                  | 106        |
|    iterations           | 80         |
|    time_elapsed         | 6139       |
|    total_timesteps      | 655360     |
| train/                  |            |
|    approx_kl            | 0.03261533 |
|    clip_fraction        | 0.305      |
|    clip_range           | 0.2        |
|    entropy_loss         | -0.847     |
|    explained_variance   | 0.936      |
|    learning_rate        | 0.0003     |
|    loss                 | 0.748      |
|    n_updates            | 790        |
|    policy_gradient_loss | 0.0179     |
|    std                  | 0.45       |
|    value_loss           | 5.9        |
----------------------------------------
----------------------------------------
| rollout/                |            |
|    ep_len_mean          | 127        |
|    ep_rew_mean          | 57.7       |
|    success_rate         | 0          |
| time/                   |            |
|    fps                  | 106        |
|    iterations           | 81         |
|    time_elapsed         | 6214       |
|    total_timesteps      | 663552     |
| train/                  |            |
|    approx_kl            | 0.12129407 |
|    clip_fraction        | 0.286      |
|    clip_range           | 0.2        |
|    entropy_loss         | -0.82      |
|    explained_variance   | 0.91       |
|    learning_rate        | 0.0003     |
|    loss                 | 1.29       |
|    n_updates            | 800        |
|    policy_gradient_loss | 0.0188     |
|    std                  | 0.447      |
|    value_loss           | 7.54       |
----------------------------------------
----------------------------------------
| rollout/                |            |
|    ep_len_mean          | 128        |
|    ep_rew_mean          | 58.4       |
|    success_rate         | 0          |
| time/                   |            |
|    fps                  | 106        |
|    iterations           | 82         |
|    time_elapsed         | 6289       |
|    total_timesteps      | 671744     |
| train/                  |            |
|    approx_kl            | 0.02843672 |
|    clip_fraction        | 0.28       |
|    clip_range           | 0.2        |
|    entropy_loss         | -0.805     |
|    explained_variance   | 0.861      |
|    learning_rate        | 0.0003     |
|    loss                 | 2.6        |
|    n_updates            | 810        |
|    policy_gradient_loss | 0.014      |
|    std                  | 0.451      |
|    value_loss           | 12.3       |
----------------------------------------
-----------------------------------------
| rollout/                |             |
|    ep_len_mean          | 131         |
|    ep_rew_mean          | 59.6        |
|    success_rate         | 0           |
| time/                   |             |
|    fps                  | 106         |
|    iterations           | 83          |
|    time_elapsed         | 6366        |
|    total_timesteps      | 679936      |
| train/                  |             |
|    approx_kl            | 0.048176974 |
|    clip_fraction        | 0.309       |
|    clip_range           | 0.2         |
|    entropy_loss         | -0.794      |
|    explained_variance   | 0.906       |
|    learning_rate        | 0.0003      |
|    loss                 | 5.6         |
|    n_updates            | 820         |
|    policy_gradient_loss | 0.0154      |
|    std                  | 0.448       |
|    value_loss           | 7.89        |
-----------------------------------------
----------------------------------------
| rollout/                |            |
|    ep_len_mean          | 113        |
|    ep_rew_mean          | 51.5       |
|    success_rate         | 0          |
| time/                   |            |
|    fps                  | 106        |
|    iterations           | 84         |
|    time_elapsed         | 6468       |
|    total_timesteps      | 688128     |
| train/                  |            |
|    approx_kl            | 0.03965731 |
|    clip_fraction        | 0.311      |
|    clip_range           | 0.2        |
|    entropy_loss         | -0.777     |
|    explained_variance   | 0.903      |
|    learning_rate        | 0.0003     |
|    loss                 | 11.2       |
|    n_updates            | 830        |
|    policy_gradient_loss | 0.0147     |
|    std                  | 0.448      |
|    value_loss           | 8.06       |
----------------------------------------
-----------------------------------------
| rollout/                |             |
|    ep_len_mean          | 125         |
|    ep_rew_mean          | 56.9        |
|    success_rate         | 0           |
| time/                   |             |
|    fps                  | 105         |
|    iterations           | 85          |
|    time_elapsed         | 6570        |
|    total_timesteps      | 696320      |
| train/                  |             |
|    approx_kl            | 0.031107081 |
|    clip_fraction        | 0.304       |
|    clip_range           | 0.2         |
|    entropy_loss         | -0.746      |
|    explained_variance   | 0.751       |
|    learning_rate        | 0.0003      |
|    loss                 | 2.88        |
|    n_updates            | 840         |
|    policy_gradient_loss | 0.0136      |
|    std                  | 0.439       |
|    value_loss           | 18.9        |
-----------------------------------------
-----------------------------------------
| rollout/                |             |
|    ep_len_mean          | 137         |
|    ep_rew_mean          | 61.4        |
|    success_rate         | 0           |
| time/                   |             |
|    fps                  | 105         |
|    iterations           | 86          |
|    time_elapsed         | 6674        |
|    total_timesteps      | 704512      |
| train/                  |             |
|    approx_kl            | 0.025480673 |
|    clip_fraction        | 0.308       |
|    clip_range           | 0.2         |
|    entropy_loss         | -0.718      |
|    explained_variance   | 0.872       |
|    learning_rate        | 0.0003      |
|    loss                 | 5.55        |
|    n_updates            | 850         |
|    policy_gradient_loss | 0.0176      |
|    std                  | 0.437       |
|    value_loss           | 9.14        |
-----------------------------------------
-----------------------------------------
| rollout/                |             |
|    ep_len_mean          | 133         |
|    ep_rew_mean          | 59.3        |
|    success_rate         | 0           |
| time/                   |             |
|    fps                  | 105         |
|    iterations           | 87          |
|    time_elapsed         | 6775        |
|    total_timesteps      | 712704      |
| train/                  |             |
|    approx_kl            | 0.041451924 |
|    clip_fraction        | 0.304       |
|    clip_range           | 0.2         |
|    entropy_loss         | -0.699      |
|    explained_variance   | 0.927       |
|    learning_rate        | 0.0003      |
|    loss                 | 0.828       |
|    n_updates            | 860         |
|    policy_gradient_loss | 0.0162      |
|    std                  | 0.429       |
|    value_loss           | 3.26        |
-----------------------------------------
----------------------------------------
| rollout/                |            |
|    ep_len_mean          | 137        |
|    ep_rew_mean          | 61         |
|    success_rate         | 0          |
| time/                   |            |
|    fps                  | 104        |
|    iterations           | 88         |
|    time_elapsed         | 6875       |
|    total_timesteps      | 720896     |
| train/                  |            |
|    approx_kl            | 0.10348127 |
|    clip_fraction        | 0.302      |
|    clip_range           | 0.2        |
|    entropy_loss         | -0.682     |
|    explained_variance   | 0.888      |
|    learning_rate        | 0.0003     |
|    loss                 | 4.43       |
|    n_updates            | 870        |
|    policy_gradient_loss | 0.0163     |
|    std                  | 0.431      |
|    value_loss           | 7.72       |
----------------------------------------
-----------------------------------------
| rollout/                |             |
|    ep_len_mean          | 143         |
|    ep_rew_mean          | 63.1        |
|    success_rate         | 0           |
| time/                   |             |
|    fps                  | 104         |
|    iterations           | 89          |
|    time_elapsed         | 6979        |
|    total_timesteps      | 729088      |
| train/                  |             |
|    approx_kl            | 0.015444327 |
|    clip_fraction        | 0.262       |
|    clip_range           | 0.2         |
|    entropy_loss         | -0.693      |
|    explained_variance   | 0.923       |
|    learning_rate        | 0.0003      |
|    loss                 | 1.33        |
|    n_updates            | 880         |
|    policy_gradient_loss | 0.0147      |
|    std                  | 0.43        |
|    value_loss           | 3.42        |
-----------------------------------------
-----------------------------------------
| rollout/                |             |
|    ep_len_mean          | 140         |
|    ep_rew_mean          | 62.5        |
|    success_rate         | 0           |
| time/                   |             |
|    fps                  | 104         |
|    iterations           | 90          |
|    time_elapsed         | 7082        |
|    total_timesteps      | 737280      |
| train/                  |             |
|    approx_kl            | 0.064024195 |
|    clip_fraction        | 0.281       |
|    clip_range           | 0.2         |
|    entropy_loss         | -0.71       |
|    explained_variance   | 0.935       |
|    learning_rate        | 0.0003      |
|    loss                 | 0.594       |
|    n_updates            | 890         |
|    policy_gradient_loss | 0.0149      |
|    std                  | 0.431       |
|    value_loss           | 4.83        |
-----------------------------------------
----------------------------------------
| rollout/                |            |
|    ep_len_mean          | 128        |
|    ep_rew_mean          | 57.1       |
|    success_rate         | 0          |
| time/                   |            |
|    fps                  | 103        |
|    iterations           | 91         |
|    time_elapsed         | 7182       |
|    total_timesteps      | 745472     |
| train/                  |            |
|    approx_kl            | 0.06636612 |
|    clip_fraction        | 0.372      |
|    clip_range           | 0.2        |
|    entropy_loss         | -0.699     |
|    explained_variance   | 0.948      |
|    learning_rate        | 0.0003     |
|    loss                 | 0.87       |
|    n_updates            | 900        |
|    policy_gradient_loss | 0.0336     |
|    std                  | 0.426      |
|    value_loss           | 4.4        |
----------------------------------------
-----------------------------------------
| rollout/                |             |
|    ep_len_mean          | 126         |
|    ep_rew_mean          | 55.3        |
|    success_rate         | 0           |
| time/                   |             |
|    fps                  | 103         |
|    iterations           | 92          |
|    time_elapsed         | 7284        |
|    total_timesteps      | 753664      |
| train/                  |             |
|    approx_kl            | 0.050726704 |
|    clip_fraction        | 0.277       |
|    clip_range           | 0.2         |
|    entropy_loss         | -0.685      |
|    explained_variance   | 0.801       |
|    learning_rate        | 0.0003      |
|    loss                 | 10.3        |
|    n_updates            | 910         |
|    policy_gradient_loss | 0.00969     |
|    std                  | 0.42        |
|    value_loss           | 13.5        |
-----------------------------------------
----------------------------------------
| rollout/                |            |
|    ep_len_mean          | 124        |
|    ep_rew_mean          | 54.1       |
|    success_rate         | 0          |
| time/                   |            |
|    fps                  | 103        |
|    iterations           | 93         |
|    time_elapsed         | 7386       |
|    total_timesteps      | 761856     |
| train/                  |            |
|    approx_kl            | 0.04254115 |
|    clip_fraction        | 0.298      |
|    clip_range           | 0.2        |
|    entropy_loss         | -0.653     |
|    explained_variance   | 0.843      |
|    learning_rate        | 0.0003     |
|    loss                 | 5.47       |
|    n_updates            | 920        |
|    policy_gradient_loss | 0.00986    |
|    std                  | 0.415      |
|    value_loss           | 12.1       |
----------------------------------------
-----------------------------------------
| rollout/                |             |
|    ep_len_mean          | 125         |
|    ep_rew_mean          | 55.3        |
|    success_rate         | 0           |
| time/                   |             |
|    fps                  | 102         |
|    iterations           | 94          |
|    time_elapsed         | 7484        |
|    total_timesteps      | 770048      |
| train/                  |             |
|    approx_kl            | 0.019999688 |
|    clip_fraction        | 0.286       |
|    clip_range           | 0.2         |
|    entropy_loss         | -0.62       |
|    explained_variance   | 0.774       |
|    learning_rate        | 0.0003      |
|    loss                 | 11.6        |
|    n_updates            | 930         |
|    policy_gradient_loss | 0.0113      |
|    std                  | 0.41        |
|    value_loss           | 20.6        |
-----------------------------------------
-----------------------------------------
| rollout/                |             |
|    ep_len_mean          | 110         |
|    ep_rew_mean          | 44.8        |
|    success_rate         | 0           |
| time/                   |             |
|    fps                  | 102         |
|    iterations           | 95          |
|    time_elapsed         | 7582        |
|    total_timesteps      | 778240      |
| train/                  |             |
|    approx_kl            | 0.045917884 |
|    clip_fraction        | 0.302       |
|    clip_range           | 0.2         |
|    entropy_loss         | -0.596      |
|    explained_variance   | 0.851       |
|    learning_rate        | 0.0003      |
|    loss                 | 1.4         |
|    n_updates            | 940         |
|    policy_gradient_loss | 0.011       |
|    std                  | 0.411       |
|    value_loss           | 13.2        |
-----------------------------------------
-----------------------------------------
| rollout/                |             |
|    ep_len_mean          | 122         |
|    ep_rew_mean          | 51.9        |
|    success_rate         | 0           |
| time/                   |             |
|    fps                  | 102         |
|    iterations           | 96          |
|    time_elapsed         | 7684        |
|    total_timesteps      | 786432      |
| train/                  |             |
|    approx_kl            | 0.024481041 |
|    clip_fraction        | 0.242       |
|    clip_range           | 0.2         |
|    entropy_loss         | -0.579      |
|    explained_variance   | 0.573       |
|    learning_rate        | 0.0003      |
|    loss                 | 9.07        |
|    n_updates            | 950         |
|    policy_gradient_loss | 0.00646     |
|    std                  | 0.407       |
|    value_loss           | 36.7        |
-----------------------------------------
-----------------------------------------
| rollout/                |             |
|    ep_len_mean          | 137         |
|    ep_rew_mean          | 59.9        |
|    success_rate         | 0           |
| time/                   |             |
|    fps                  | 102         |
|    iterations           | 97          |
|    time_elapsed         | 7782        |
|    total_timesteps      | 794624      |
| train/                  |             |
|    approx_kl            | 0.027148802 |
|    clip_fraction        | 0.255       |
|    clip_range           | 0.2         |
|    entropy_loss         | -0.546      |
|    explained_variance   | 0.818       |
|    learning_rate        | 0.0003      |
|    loss                 | 5.25        |
|    n_updates            | 960         |
|    policy_gradient_loss | 0.0057      |
|    std                  | 0.402       |
|    value_loss           | 12.9        |
-----------------------------------------
----------------------------------------
| rollout/                |            |
|    ep_len_mean          | 135        |
|    ep_rew_mean          | 57.6       |
|    success_rate         | 0          |
| time/                   |            |
|    fps                  | 101        |
|    iterations           | 98         |
|    time_elapsed         | 7879       |
|    total_timesteps      | 802816     |
| train/                  |            |
|    approx_kl            | 0.02057965 |
|    clip_fraction        | 0.317      |
|    clip_range           | 0.2        |
|    entropy_loss         | -0.534     |
|    explained_variance   | 0.891      |
|    learning_rate        | 0.0003     |
|    loss                 | 0.81       |
|    n_updates            | 970        |
|    policy_gradient_loss | 0.018      |
|    std                  | 0.4        |
|    value_loss           | 5.68       |
----------------------------------------
-----------------------------------------
| rollout/                |             |
|    ep_len_mean          | 133         |
|    ep_rew_mean          | 56.7        |
|    success_rate         | 0           |
| time/                   |             |
|    fps                  | 101         |
|    iterations           | 99          |
|    time_elapsed         | 7980        |
|    total_timesteps      | 811008      |
| train/                  |             |
|    approx_kl            | 0.024325978 |
|    clip_fraction        | 0.285       |
|    clip_range           | 0.2         |
|    entropy_loss         | -0.532      |
|    explained_variance   | 0.792       |
|    learning_rate        | 0.0003      |
|    loss                 | 6.23        |
|    n_updates            | 980         |
|    policy_gradient_loss | 0.0138      |
|    std                  | 0.407       |
|    value_loss           | 14.3        |
-----------------------------------------
-----------------------------------------
| rollout/                |             |
|    ep_len_mean          | 138         |
|    ep_rew_mean          | 59.4        |
|    success_rate         | 0           |
| time/                   |             |
|    fps                  | 101         |
|    iterations           | 100         |
|    time_elapsed         | 8080        |
|    total_timesteps      | 819200      |
| train/                  |             |
|    approx_kl            | 0.027709488 |
|    clip_fraction        | 0.262       |
|    clip_range           | 0.2         |
|    entropy_loss         | -0.528      |
|    explained_variance   | 0.861       |
|    learning_rate        | 0.0003      |
|    loss                 | 8.4         |
|    n_updates            | 990         |
|    policy_gradient_loss | 0.00948     |
|    std                  | 0.406       |
|    value_loss           | 10.3        |
-----------------------------------------
----------------------------------------
| rollout/                |            |
|    ep_len_mean          | 140        |
|    ep_rew_mean          | 61.7       |
|    success_rate         | 0          |
| time/                   |            |
|    fps                  | 101        |
|    iterations           | 101        |
|    time_elapsed         | 8179       |
|    total_timesteps      | 827392     |
| train/                  |            |
|    approx_kl            | 0.04108856 |
|    clip_fraction        | 0.252      |
|    clip_range           | 0.2        |
|    entropy_loss         | -0.525     |
|    explained_variance   | 0.904      |
|    learning_rate        | 0.0003     |
|    loss                 | 0.889      |
|    n_updates            | 1000       |
|    policy_gradient_loss | 0.0076     |
|    std                  | 0.408      |
|    value_loss           | 6.45       |
----------------------------------------
-----------------------------------------
| rollout/                |             |
|    ep_len_mean          | 137         |
|    ep_rew_mean          | 60.3        |
|    success_rate         | 0           |
| time/                   |             |
|    fps                  | 100         |
|    iterations           | 102         |
|    time_elapsed         | 8277        |
|    total_timesteps      | 835584      |
| train/                  |             |
|    approx_kl            | 0.031389084 |
|    clip_fraction        | 0.282       |
|    clip_range           | 0.2         |
|    entropy_loss         | -0.51       |
|    explained_variance   | 0.947       |
|    learning_rate        | 0.0003      |
|    loss                 | 12.9        |
|    n_updates            | 1010        |
|    policy_gradient_loss | 0.0131      |
|    std                  | 0.404       |
|    value_loss           | 4.61        |
-----------------------------------------
-----------------------------------------
| rollout/                |             |
|    ep_len_mean          | 139         |
|    ep_rew_mean          | 60.5        |
|    success_rate         | 0           |
| time/                   |             |
|    fps                  | 100         |
|    iterations           | 103         |
|    time_elapsed         | 8377        |
|    total_timesteps      | 843776      |
| train/                  |             |
|    approx_kl            | 0.019817302 |
|    clip_fraction        | 0.274       |
|    clip_range           | 0.2         |
|    entropy_loss         | -0.494      |
|    explained_variance   | 0.897       |
|    learning_rate        | 0.0003      |
|    loss                 | 0.543       |
|    n_updates            | 1020        |
|    policy_gradient_loss | 0.0106      |
|    std                  | 0.403       |
|    value_loss           | 8.82        |
-----------------------------------------
-----------------------------------------
| rollout/                |             |
|    ep_len_mean          | 142         |
|    ep_rew_mean          | 61.9        |
|    success_rate         | 0           |
| time/                   |             |
|    fps                  | 100         |
|    iterations           | 104         |
|    time_elapsed         | 8478        |
|    total_timesteps      | 851968      |
| train/                  |             |
|    approx_kl            | 0.025044756 |
|    clip_fraction        | 0.284       |
|    clip_range           | 0.2         |
|    entropy_loss         | -0.493      |
|    explained_variance   | 0.914       |
|    learning_rate        | 0.0003      |
|    loss                 | 1.1         |
|    n_updates            | 1030        |
|    policy_gradient_loss | 0.00968     |
|    std                  | 0.404       |
|    value_loss           | 6.6         |
-----------------------------------------
-----------------------------------------
| rollout/                |             |
|    ep_len_mean          | 136         |
|    ep_rew_mean          | 60.1        |
|    success_rate         | 0           |
| time/                   |             |
|    fps                  | 100         |
|    iterations           | 105         |
|    time_elapsed         | 8578        |
|    total_timesteps      | 860160      |
| train/                  |             |
|    approx_kl            | 0.045352362 |
|    clip_fraction        | 0.28        |
|    clip_range           | 0.2         |
|    entropy_loss         | -0.494      |
|    explained_variance   | 0.93        |
|    learning_rate        | 0.0003      |
|    loss                 | 4.62        |
|    n_updates            | 1040        |
|    policy_gradient_loss | 0.0144      |
|    std                  | 0.405       |
|    value_loss           | 4.43        |
-----------------------------------------
-----------------------------------------
| rollout/                |             |
|    ep_len_mean          | 134         |
|    ep_rew_mean          | 60.1        |
|    success_rate         | 0           |
| time/                   |             |
|    fps                  | 100         |
|    iterations           | 106         |
|    time_elapsed         | 8679        |
|    total_timesteps      | 868352      |
| train/                  |             |
|    approx_kl            | 0.047618493 |
|    clip_fraction        | 0.272       |
|    clip_range           | 0.2         |
|    entropy_loss         | -0.476      |
|    explained_variance   | 0.865       |
|    learning_rate        | 0.0003      |
|    loss                 | 4.06        |
|    n_updates            | 1050        |
|    policy_gradient_loss | 0.011       |
|    std                  | 0.402       |
|    value_loss           | 10.8        |
-----------------------------------------
-----------------------------------------
| rollout/                |             |
|    ep_len_mean          | 138         |
|    ep_rew_mean          | 62.1        |
|    success_rate         | 0           |
| time/                   |             |
|    fps                  | 99          |
|    iterations           | 107         |
|    time_elapsed         | 8781        |
|    total_timesteps      | 876544      |
| train/                  |             |
|    approx_kl            | 0.027730566 |
|    clip_fraction        | 0.27        |
|    clip_range           | 0.2         |
|    entropy_loss         | -0.462      |
|    explained_variance   | 0.938       |
|    learning_rate        | 0.0003      |
|    loss                 | 4.24        |
|    n_updates            | 1060        |
|    policy_gradient_loss | 0.0123      |
|    std                  | 0.399       |
|    value_loss           | 5.05        |
-----------------------------------------
-----------------------------------------
| rollout/                |             |
|    ep_len_mean          | 139         |
|    ep_rew_mean          | 63.1        |
|    success_rate         | 0           |
| time/                   |             |
|    fps                  | 99          |
|    iterations           | 108         |
|    time_elapsed         | 8882        |
|    total_timesteps      | 884736      |
| train/                  |             |
|    approx_kl            | 0.027902273 |
|    clip_fraction        | 0.274       |
|    clip_range           | 0.2         |
|    entropy_loss         | -0.432      |
|    explained_variance   | 0.93        |
|    learning_rate        | 0.0003      |
|    loss                 | 5.9         |
|    n_updates            | 1070        |
|    policy_gradient_loss | 0.0129      |
|    std                  | 0.389       |
|    value_loss           | 5.72        |
-----------------------------------------
----------------------------------------
| rollout/                |            |
|    ep_len_mean          | 143        |
|    ep_rew_mean          | 65.5       |
|    success_rate         | 0          |
| time/                   |            |
|    fps                  | 99         |
|    iterations           | 109        |
|    time_elapsed         | 8981       |
|    total_timesteps      | 892928     |
| train/                  |            |
|    approx_kl            | 0.04486942 |
|    clip_fraction        | 0.285      |
|    clip_range           | 0.2        |
|    entropy_loss         | -0.407     |
|    explained_variance   | 0.941      |
|    learning_rate        | 0.0003     |
|    loss                 | 0.378      |
|    n_updates            | 1080       |
|    policy_gradient_loss | 0.0123     |
|    std                  | 0.39       |
|    value_loss           | 4.13       |
----------------------------------------
-----------------------------------------
| rollout/                |             |
|    ep_len_mean          | 133         |
|    ep_rew_mean          | 60.3        |
|    success_rate         | 0           |
| time/                   |             |
|    fps                  | 99          |
|    iterations           | 110         |
|    time_elapsed         | 9080        |
|    total_timesteps      | 901120      |
| train/                  |             |
|    approx_kl            | 0.029380862 |
|    clip_fraction        | 0.267       |
|    clip_range           | 0.2         |
|    entropy_loss         | -0.415      |
|    explained_variance   | 0.976       |
|    learning_rate        | 0.0003      |
|    loss                 | 0.309       |
|    n_updates            | 1090        |
|    policy_gradient_loss | 0.0179      |
|    std                  | 0.392       |
|    value_loss           | 1.16        |
-----------------------------------------
-----------------------------------------
| rollout/                |             |
|    ep_len_mean          | 129         |
|    ep_rew_mean          | 57.6        |
|    success_rate         | 0           |
| time/                   |             |
|    fps                  | 99          |
|    iterations           | 111         |
|    time_elapsed         | 9180        |
|    total_timesteps      | 909312      |
| train/                  |             |
|    approx_kl            | 0.023068639 |
|    clip_fraction        | 0.253       |
|    clip_range           | 0.2         |
|    entropy_loss         | -0.391      |
|    explained_variance   | 0.85        |
|    learning_rate        | 0.0003      |
|    loss                 | 1.54        |
|    n_updates            | 1100        |
|    policy_gradient_loss | 0.00762     |
|    std                  | 0.388       |
|    value_loss           | 14.5        |
-----------------------------------------
----------------------------------------
| rollout/                |            |
|    ep_len_mean          | 138        |
|    ep_rew_mean          | 63.2       |
|    success_rate         | 0          |
| time/                   |            |
|    fps                  | 98         |
|    iterations           | 112        |
|    time_elapsed         | 9282       |
|    total_timesteps      | 917504     |
| train/                  |            |
|    approx_kl            | 0.02785515 |
|    clip_fraction        | 0.286      |
|    clip_range           | 0.2        |
|    entropy_loss         | -0.353     |
|    explained_variance   | 0.892      |
|    learning_rate        | 0.0003     |
|    loss                 | 8.7        |
|    n_updates            | 1110       |
|    policy_gradient_loss | 0.0139     |
|    std                  | 0.385      |
|    value_loss           | 8.72       |
----------------------------------------
----------------------------------------
| rollout/                |            |
|    ep_len_mean          | 141        |
|    ep_rew_mean          | 64.8       |
|    success_rate         | 0          |
| time/                   |            |
|    fps                  | 98         |
|    iterations           | 113        |
|    time_elapsed         | 9381       |
|    total_timesteps      | 925696     |
| train/                  |            |
|    approx_kl            | 0.08290916 |
|    clip_fraction        | 0.265      |
|    clip_range           | 0.2        |
|    entropy_loss         | -0.335     |
|    explained_variance   | 0.941      |
|    learning_rate        | 0.0003     |
|    loss                 | 0.746      |
|    n_updates            | 1120       |
|    policy_gradient_loss | 0.0122     |
|    std                  | 0.378      |
|    value_loss           | 5.19       |
----------------------------------------
----------------------------------------
| rollout/                |            |
|    ep_len_mean          | 138        |
|    ep_rew_mean          | 63.6       |
|    success_rate         | 0          |
| time/                   |            |
|    fps                  | 98         |
|    iterations           | 114        |
|    time_elapsed         | 9482       |
|    total_timesteps      | 933888     |
| train/                  |            |
|    approx_kl            | 0.04242225 |
|    clip_fraction        | 0.279      |
|    clip_range           | 0.2        |
|    entropy_loss         | -0.325     |
|    explained_variance   | 0.983      |
|    learning_rate        | 0.0003     |
|    loss                 | 0.323      |
|    n_updates            | 1130       |
|    policy_gradient_loss | 0.0215     |
|    std                  | 0.374      |
|    value_loss           | 1.5        |
----------------------------------------
-----------------------------------------
| rollout/                |             |
|    ep_len_mean          | 135         |
|    ep_rew_mean          | 63          |
|    success_rate         | 0           |
| time/                   |             |
|    fps                  | 98          |
|    iterations           | 115         |
|    time_elapsed         | 9581        |
|    total_timesteps      | 942080      |
| train/                  |             |
|    approx_kl            | 0.020620778 |
|    clip_fraction        | 0.235       |
|    clip_range           | 0.2         |
|    entropy_loss         | -0.328      |
|    explained_variance   | 0.932       |
|    learning_rate        | 0.0003      |
|    loss                 | 6.67        |
|    n_updates            | 1140        |
|    policy_gradient_loss | 0.00826     |
|    std                  | 0.378       |
|    value_loss           | 6.5         |
-----------------------------------------
-----------------------------------------
| rollout/                |             |
|    ep_len_mean          | 132         |
|    ep_rew_mean          | 62          |
|    success_rate         | 0           |
| time/                   |             |
|    fps                  | 98          |
|    iterations           | 116         |
|    time_elapsed         | 9680        |
|    total_timesteps      | 950272      |
| train/                  |             |
|    approx_kl            | 0.036955543 |
|    clip_fraction        | 0.277       |
|    clip_range           | 0.2         |
|    entropy_loss         | -0.336      |
|    explained_variance   | 0.956       |
|    learning_rate        | 0.0003      |
|    loss                 | 0.49        |
|    n_updates            | 1150        |
|    policy_gradient_loss | 0.0123      |
|    std                  | 0.379       |
|    value_loss           | 3.42        |
-----------------------------------------
-----------------------------------------
| rollout/                |             |
|    ep_len_mean          | 135         |
|    ep_rew_mean          | 63.3        |
|    success_rate         | 0           |
| time/                   |             |
|    fps                  | 98          |
|    iterations           | 117         |
|    time_elapsed         | 9779        |
|    total_timesteps      | 958464      |
| train/                  |             |
|    approx_kl            | 0.022182876 |
|    clip_fraction        | 0.248       |
|    clip_range           | 0.2         |
|    entropy_loss         | -0.334      |
|    explained_variance   | 0.885       |
|    learning_rate        | 0.0003      |
|    loss                 | 1.54        |
|    n_updates            | 1160        |
|    policy_gradient_loss | 0.00863     |
|    std                  | 0.38        |
|    value_loss           | 7.32        |
-----------------------------------------
-----------------------------------------
| rollout/                |             |
|    ep_len_mean          | 139         |
|    ep_rew_mean          | 65.6        |
|    success_rate         | 0           |
| time/                   |             |
|    fps                  | 97          |
|    iterations           | 118         |
|    time_elapsed         | 9876        |
|    total_timesteps      | 966656      |
| train/                  |             |
|    approx_kl            | 0.017417088 |
|    clip_fraction        | 0.216       |
|    clip_range           | 0.2         |
|    entropy_loss         | -0.322      |
|    explained_variance   | 0.953       |
|    learning_rate        | 0.0003      |
|    loss                 | 0.451       |
|    n_updates            | 1170        |
|    policy_gradient_loss | 0.00747     |
|    std                  | 0.374       |
|    value_loss           | 3.42        |
-----------------------------------------
----------------------------------------
| rollout/                |            |
|    ep_len_mean          | 137        |
|    ep_rew_mean          | 64.9       |
|    success_rate         | 0          |
| time/                   |            |
|    fps                  | 97         |
|    iterations           | 119        |
|    time_elapsed         | 9973       |
|    total_timesteps      | 974848     |
| train/                  |            |
|    approx_kl            | 0.03988753 |
|    clip_fraction        | 0.274      |
|    clip_range           | 0.2        |
|    entropy_loss         | -0.302     |
|    explained_variance   | 0.968      |
|    learning_rate        | 0.0003     |
|    loss                 | 0.71       |
|    n_updates            | 1180       |
|    policy_gradient_loss | 0.0145     |
|    std                  | 0.374      |
|    value_loss           | 3.19       |
----------------------------------------
----------------------------------------
| rollout/                |            |
|    ep_len_mean          | 135        |
|    ep_rew_mean          | 63.5       |
|    success_rate         | 0          |
| time/                   |            |
|    fps                  | 97         |
|    iterations           | 120        |
|    time_elapsed         | 10068      |
|    total_timesteps      | 983040     |
| train/                  |            |
|    approx_kl            | 0.02992588 |
|    clip_fraction        | 0.244      |
|    clip_range           | 0.2        |
|    entropy_loss         | -0.287     |
|    explained_variance   | 0.94       |
|    learning_rate        | 0.0003     |
|    loss                 | 9.73       |
|    n_updates            | 1190       |
|    policy_gradient_loss | 0.0079     |
|    std                  | 0.369      |
|    value_loss           | 6.41       |
----------------------------------------
----------------------------------------
| rollout/                |            |
|    ep_len_mean          | 139        |
|    ep_rew_mean          | 65.8       |
|    success_rate         | 0          |
| time/                   |            |
|    fps                  | 97         |
|    iterations           | 121        |
|    time_elapsed         | 10164      |
|    total_timesteps      | 991232     |
| train/                  |            |
|    approx_kl            | 0.01894484 |
|    clip_fraction        | 0.236      |
|    clip_range           | 0.2        |
|    entropy_loss         | -0.274     |
|    explained_variance   | 0.946      |
|    learning_rate        | 0.0003     |
|    loss                 | 0.859      |
|    n_updates            | 1200       |
|    policy_gradient_loss | 0.00556    |
|    std                  | 0.367      |
|    value_loss           | 5.72       |
----------------------------------------
-----------------------------------------
| rollout/                |             |
|    ep_len_mean          | 133         |
|    ep_rew_mean          | 62.7        |
|    success_rate         | 0           |
| time/                   |             |
|    fps                  | 97          |
|    iterations           | 122         |
|    time_elapsed         | 10258       |
|    total_timesteps      | 999424      |
| train/                  |             |
|    approx_kl            | 0.016458672 |
|    clip_fraction        | 0.235       |
|    clip_range           | 0.2         |
|    entropy_loss         | -0.266      |
|    explained_variance   | 0.967       |
|    learning_rate        | 0.0003      |
|    loss                 | 2.38        |
|    n_updates            | 1210        |
|    policy_gradient_loss | 0.00787     |
|    std                  | 0.363       |
|    value_loss           | 3.29        |
-----------------------------------------
-----------------------------------------
| rollout/                |             |
|    ep_len_mean          | 133         |
|    ep_rew_mean          | 62          |
|    success_rate         | 0           |
| time/                   |             |
|    fps                  | 97          |
|    iterations           | 123         |
|    time_elapsed         | 10353       |
|    total_timesteps      | 1007616     |
| train/                  |             |
|    approx_kl            | 0.032493453 |
|    clip_fraction        | 0.259       |
|    clip_range           | 0.2         |
|    entropy_loss         | -0.245      |
|    explained_variance   | 0.919       |
|    learning_rate        | 0.0003      |
|    loss                 | 2.08        |
|    n_updates            | 1220        |
|    policy_gradient_loss | 0.0101      |
|    std                  | 0.362       |
|    value_loss           | 7.47        |
-----------------------------------------


###############################################################################
TCHPC Cluster: callan
Job 171146 (attn_learned_highway_lanechange_dense_obs20_seed0_v12) for User 'hadjitot' in Account 'callan_hadjitot'
Finished at: Sat Mar 28 17:09:03 GMT 2026

Job efficiency estimates:
=========================

Job ID: 171146
Cluster: callan
User/Group: hadjitot/hadjitot
State: RUNNING
Nodes: 1
Cores per node: 16
CPU Utilized: 09:44:33
CPU Efficiency: 21.14% of 1-22:04:48 core-walltime
Job Wall-clock time: 02:52:48
Memory Utilized: 1.96 GB
Memory Efficiency: 6.11% of 32.00 GB (32.00 GB/node)
WARNING: Efficiency statistics can only be obtained after the job has ended as seff tool is based on the accounting database data.

Job completion status:
======================

JobID           JobName AllocCPUS NTasks NNodes     MaxRSS    MaxRSSNode  MaxDiskRead MaxDiskWrite    Elapsed      State ExitCode 
------------ ---------- --------- ------ ------ ---------- ------------- ------------ ------------ ---------- ---------- -------- 
171146       attn_lear+        16             1                                                      02:52:48    RUNNING      0:0 
171146.batch      batch        16      1      1   2050768K    callan-n06     1390.38M     1196.04M   02:53:24  COMPLETED      0:0 
171146.exte+     extern        16      1      1                                                      02:52:48    RUNNING      0:0 


Job details:
============

JobId=171146 JobName=attn_learned_highway_lanechange_dense_obs20_seed0_v12
   UserId=hadjitot(2357) GroupId=hadjitot(2300) MCS_label=N/A
   Priority=111569 Nice=0 Account=callan_hadjitot QOS=normal
   JobState=COMPLETING Reason=None Dependency=(null)
   Requeue=0 Restarts=0 BatchFlag=1 Reboot=0 ExitCode=0:0
   DerivedExitCode=0:0
   RunTime=02:53:24 TimeLimit=2-00:00:00 TimeMin=N/A
   SubmitTime=2026-03-27T20:37:56 EligibleTime=2026-03-27T20:37:56
   AccrueTime=2026-03-27T20:37:56
   StartTime=2026-03-28T14:15:39 EndTime=2026-03-28T17:09:03 Deadline=N/A
   SuspendTime=None SecsPreSuspend=0 LastSchedEval=2026-03-28T14:15:39 Scheduler=Main
   Partition=compute AllocNode:Sid=callan01:1076092
   ReqNodeList=(null) ExcNodeList=(null)
   NodeList=callan-n06
   BatchHost=callan-n06
   NumNodes=1 NumCPUs=16 NumTasks=1 CPUs/Task=16 ReqB:S:C:T=0:0:*:*
   ReqTRES=cpu=16,mem=32G,node=1,billing=16
   AllocTRES=cpu=16,mem=32G,node=1,billing=16
   Socks/Node=* NtasksPerN:B:S:C=0:0:*:* CoreSpec=*
   JOB_GRES=(null)
     Nodes=callan-n06 CPU_IDs=48-63 Mem=32768 GRES=
   MinCPUsNode=16 MinMemoryNode=32G MinTmpDiskNode=0
   Features=(null) DelayBoot=00:00:00
   OverSubscribe=OK Contiguous=0 Licenses=(null) LicensesAlloc=(null) Network=(null)
   Command=/home/users/hadjitot/fyp/HighwayEnv/slurm/train_attention.sbatch
   WorkDir=/home/users/hadjitot/fyp/HighwayEnv
   StdErr=/home/users/hadjitot/fyp/HighwayEnv/slurm_out/attn_learned_highway_lanechange_dense_obs20_seed0_v12_171146.err
   StdIn=/dev/null
   StdOut=/home/users/hadjitot/fyp/HighwayEnv/slurm_out/attn_learned_highway_lanechange_dense_obs20_seed0_v12_171146.out
   TresPerTask=cpu=16
   


Disk quota details:
===================

                         Block Limits                                    |                     File Limits
Name       type             MB      quota      limit   in_doubt    grace |    files   quota    limit in_doubt    grace
root       USR         4975802          0          0       2130     none |   398260       0        0      843     none
root       FILESET     5306951          0          0       4724     none |  9925602       0        0     1604     none


SLURM Bank Statement:
=====================

User           Usage |        Account     Usage | Account Limit Available (CPU hrs)
---------- --------- + -------------- --------- + ------------- ---------
hadjitot      12,978 | CALLAN_HADJITOT    12,978 |       300,000   287,022


Acknowledgements:
=================

Note that usage of TCHPC Resources *must* be acknowledged in all publications.

Please see this page for details relevant to this cluster:

http://www.tchpc.tcd.ie/resources/acknowledgementpolicy

################################################################################
