Loading Anaconda 3 2024.02-1
SCENARIO_NAME=cf_obs20_dense
EXP_VERSION=v6
TOTAL_TIMESTEPS=1000000
N_ENVS=8
ATTN_MODE=learned
X_INDEX=1
VX_INDEX=3
ORACLE_RULE=leader_x
TTC_EPS=1e-6
ppo_attn_learned_cf_obs20_dense_v6_seed0 obs shape: (20, 5) action space: Box(-1.0, 1.0, (1,), float32)
Using cpu device
Logging to runs/tb/ppo_attn_learned_cf_obs20_dense_v6_seed0_1
---------------------------------
| rollout/           |          |
|    ep_len_mean     | 15.3     |
|    ep_rew_mean     | 9.49     |
| time/              |          |
|    fps             | 13       |
|    iterations      | 1        |
|    time_elapsed    | 1231     |
|    total_timesteps | 16384    |
---------------------------------
------------------------------------------
| rollout/                |              |
|    ep_len_mean          | 36.9         |
|    ep_rew_mean          | 23.7         |
| time/                   |              |
|    fps                  | 13           |
|    iterations           | 2            |
|    time_elapsed         | 2457         |
|    total_timesteps      | 32768        |
| train/                  |              |
|    approx_kl            | 0.0077469824 |
|    clip_fraction        | 0.109        |
|    clip_range           | 0.2          |
|    entropy_loss         | -1.41        |
|    explained_variance   | 0.00478      |
|    learning_rate        | 0.0003       |
|    loss                 | 3.8          |
|    n_updates            | 10           |
|    policy_gradient_loss | -0.0113      |
|    std                  | 0.996        |
|    value_loss           | 8.89         |
------------------------------------------
-----------------------------------------
| rollout/                |             |
|    ep_len_mean          | 47.8        |
|    ep_rew_mean          | 33.5        |
| time/                   |             |
|    fps                  | 13          |
|    iterations           | 3           |
|    time_elapsed         | 3672        |
|    total_timesteps      | 49152       |
| train/                  |             |
|    approx_kl            | 0.011354551 |
|    clip_fraction        | 0.139       |
|    clip_range           | 0.2         |
|    entropy_loss         | -1.4        |
|    explained_variance   | 0.582       |
|    learning_rate        | 0.0003      |
|    loss                 | 4.6         |
|    n_updates            | 20          |
|    policy_gradient_loss | -0.0186     |
|    std                  | 0.968       |
|    value_loss           | 16.1        |
-----------------------------------------
-----------------------------------------
| rollout/                |             |
|    ep_len_mean          | 86          |
|    ep_rew_mean          | 64.4        |
| time/                   |             |
|    fps                  | 13          |
|    iterations           | 4           |
|    time_elapsed         | 4886        |
|    total_timesteps      | 65536       |
| train/                  |             |
|    approx_kl            | 0.011147225 |
|    clip_fraction        | 0.131       |
|    clip_range           | 0.2         |
|    entropy_loss         | -1.35       |
|    explained_variance   | 0.616       |
|    learning_rate        | 0.0003      |
|    loss                 | 5.5         |
|    n_updates            | 30          |
|    policy_gradient_loss | -0.0181     |
|    std                  | 0.921       |
|    value_loss           | 20.2        |
-----------------------------------------
-----------------------------------------
| rollout/                |             |
|    ep_len_mean          | 92.2        |
|    ep_rew_mean          | 68.7        |
| time/                   |             |
|    fps                  | 13          |
|    iterations           | 5           |
|    time_elapsed         | 6099        |
|    total_timesteps      | 81920       |
| train/                  |             |
|    approx_kl            | 0.009618795 |
|    clip_fraction        | 0.128       |
|    clip_range           | 0.2         |
|    entropy_loss         | -1.31       |
|    explained_variance   | 0.33        |
|    learning_rate        | 0.0003      |
|    loss                 | 5.68        |
|    n_updates            | 40          |
|    policy_gradient_loss | -0.00912    |
|    std                  | 0.883       |
|    value_loss           | 15.7        |
-----------------------------------------
-----------------------------------------
| rollout/                |             |
|    ep_len_mean          | 85.2        |
|    ep_rew_mean          | 63.7        |
| time/                   |             |
|    fps                  | 13          |
|    iterations           | 6           |
|    time_elapsed         | 7318        |
|    total_timesteps      | 98304       |
| train/                  |             |
|    approx_kl            | 0.007518124 |
|    clip_fraction        | 0.0919      |
|    clip_range           | 0.2         |
|    entropy_loss         | -1.28       |
|    explained_variance   | 0.465       |
|    learning_rate        | 0.0003      |
|    loss                 | 2.03        |
|    n_updates            | 50          |
|    policy_gradient_loss | -0.0053     |
|    std                  | 0.867       |
|    value_loss           | 12          |
-----------------------------------------
-----------------------------------------
| rollout/                |             |
|    ep_len_mean          | 103         |
|    ep_rew_mean          | 78.3        |
| time/                   |             |
|    fps                  | 13          |
|    iterations           | 7           |
|    time_elapsed         | 8541        |
|    total_timesteps      | 114688      |
| train/                  |             |
|    approx_kl            | 0.005558522 |
|    clip_fraction        | 0.0796      |
|    clip_range           | 0.2         |
|    entropy_loss         | -1.27       |
|    explained_variance   | 0.288       |
|    learning_rate        | 0.0003      |
|    loss                 | 13.4        |
|    n_updates            | 60          |
|    policy_gradient_loss | -0.00472    |
|    std                  | 0.86        |
|    value_loss           | 16.2        |
-----------------------------------------
-----------------------------------------
| rollout/                |             |
|    ep_len_mean          | 102         |
|    ep_rew_mean          | 78          |
| time/                   |             |
|    fps                  | 13          |
|    iterations           | 8           |
|    time_elapsed         | 9759        |
|    total_timesteps      | 131072      |
| train/                  |             |
|    approx_kl            | 0.007341163 |
|    clip_fraction        | 0.0836      |
|    clip_range           | 0.2         |
|    entropy_loss         | -1.24       |
|    explained_variance   | 0.291       |
|    learning_rate        | 0.0003      |
|    loss                 | 0.815       |
|    n_updates            | 70          |
|    policy_gradient_loss | -0.00406    |
|    std                  | 0.831       |
|    value_loss           | 12          |
-----------------------------------------
-----------------------------------------
| rollout/                |             |
|    ep_len_mean          | 107         |
|    ep_rew_mean          | 82.2        |
| time/                   |             |
|    fps                  | 13          |
|    iterations           | 9           |
|    time_elapsed         | 10976       |
|    total_timesteps      | 147456      |
| train/                  |             |
|    approx_kl            | 0.008394683 |
|    clip_fraction        | 0.0948      |
|    clip_range           | 0.2         |
|    entropy_loss         | -1.23       |
|    explained_variance   | 0.377       |
|    learning_rate        | 0.0003      |
|    loss                 | 1.34        |
|    n_updates            | 80          |
|    policy_gradient_loss | -0.00405    |
|    std                  | 0.823       |
|    value_loss           | 10.4        |
-----------------------------------------
------------------------------------------
| rollout/                |              |
|    ep_len_mean          | 107          |
|    ep_rew_mean          | 82.6         |
| time/                   |              |
|    fps                  | 13           |
|    iterations           | 10           |
|    time_elapsed         | 12193        |
|    total_timesteps      | 163840       |
| train/                  |              |
|    approx_kl            | 0.0074924114 |
|    clip_fraction        | 0.0744       |
|    clip_range           | 0.2          |
|    entropy_loss         | -1.21        |
|    explained_variance   | 0.448        |
|    learning_rate        | 0.0003       |
|    loss                 | 0.838        |
|    n_updates            | 90           |
|    policy_gradient_loss | -0.0024      |
|    std                  | 0.802        |
|    value_loss           | 12.7         |
------------------------------------------
-----------------------------------------
| rollout/                |             |
|    ep_len_mean          | 108         |
|    ep_rew_mean          | 84          |
| time/                   |             |
|    fps                  | 13          |
|    iterations           | 11          |
|    time_elapsed         | 13412       |
|    total_timesteps      | 180224      |
| train/                  |             |
|    approx_kl            | 0.008711729 |
|    clip_fraction        | 0.0959      |
|    clip_range           | 0.2         |
|    entropy_loss         | -1.18       |
|    explained_variance   | 0.441       |
|    learning_rate        | 0.0003      |
|    loss                 | 1.57        |
|    n_updates            | 100         |
|    policy_gradient_loss | -0.00257    |
|    std                  | 0.786       |
|    value_loss           | 7.22        |
-----------------------------------------
-----------------------------------------
| rollout/                |             |
|    ep_len_mean          | 116         |
|    ep_rew_mean          | 91          |
| time/                   |             |
|    fps                  | 13          |
|    iterations           | 12          |
|    time_elapsed         | 14635       |
|    total_timesteps      | 196608      |
| train/                  |             |
|    approx_kl            | 0.008692121 |
|    clip_fraction        | 0.1         |
|    clip_range           | 0.2         |
|    entropy_loss         | -1.17       |
|    explained_variance   | 0.231       |
|    learning_rate        | 0.0003      |
|    loss                 | 0.44        |
|    n_updates            | 110         |
|    policy_gradient_loss | -0.00112    |
|    std                  | 0.777       |
|    value_loss           | 14.6        |
-----------------------------------------
------------------------------------------
| rollout/                |              |
|    ep_len_mean          | 113          |
|    ep_rew_mean          | 89.4         |
| time/                   |              |
|    fps                  | 13           |
|    iterations           | 13           |
|    time_elapsed         | 15854        |
|    total_timesteps      | 212992       |
| train/                  |              |
|    approx_kl            | 0.0072232755 |
|    clip_fraction        | 0.0903       |
|    clip_range           | 0.2          |
|    entropy_loss         | -1.15        |
|    explained_variance   | 0.408        |
|    learning_rate        | 0.0003       |
|    loss                 | 0.456        |
|    n_updates            | 120          |
|    policy_gradient_loss | -0.00117     |
|    std                  | 0.758        |
|    value_loss           | 5.34         |
------------------------------------------
-----------------------------------------
| rollout/                |             |
|    ep_len_mean          | 112         |
|    ep_rew_mean          | 88.6        |
| time/                   |             |
|    fps                  | 13          |
|    iterations           | 14          |
|    time_elapsed         | 17069       |
|    total_timesteps      | 229376      |
| train/                  |             |
|    approx_kl            | 0.009722167 |
|    clip_fraction        | 0.101       |
|    clip_range           | 0.2         |
|    entropy_loss         | -1.14       |
|    explained_variance   | 0.304       |
|    learning_rate        | 0.0003      |
|    loss                 | 0.261       |
|    n_updates            | 130         |
|    policy_gradient_loss | -0.000937   |
|    std                  | 0.753       |
|    value_loss           | 7.55        |
-----------------------------------------
-----------------------------------------
| rollout/                |             |
|    ep_len_mean          | 112         |
|    ep_rew_mean          | 88.8        |
| time/                   |             |
|    fps                  | 13          |
|    iterations           | 15          |
|    time_elapsed         | 18306       |
|    total_timesteps      | 245760      |
| train/                  |             |
|    approx_kl            | 0.009956529 |
|    clip_fraction        | 0.112       |
|    clip_range           | 0.2         |
|    entropy_loss         | -1.11       |
|    explained_variance   | 0.327       |
|    learning_rate        | 0.0003      |
|    loss                 | 0.332       |
|    n_updates            | 140         |
|    policy_gradient_loss | 0.000336    |
|    std                  | 0.739       |
|    value_loss           | 9.73        |
-----------------------------------------
----------------------------------------
| rollout/                |            |
|    ep_len_mean          | 118        |
|    ep_rew_mean          | 94.2       |
| time/                   |            |
|    fps                  | 13         |
|    iterations           | 16         |
|    time_elapsed         | 19576      |
|    total_timesteps      | 262144     |
| train/                  |            |
|    approx_kl            | 0.00982448 |
|    clip_fraction        | 0.109      |
|    clip_range           | 0.2        |
|    entropy_loss         | -1.12      |
|    explained_variance   | 0.388      |
|    learning_rate        | 0.0003     |
|    loss                 | 7.46       |
|    n_updates            | 150        |
|    policy_gradient_loss | -0.00036   |
|    std                  | 0.746      |
|    value_loss           | 15.1       |
----------------------------------------
-----------------------------------------
| rollout/                |             |
|    ep_len_mean          | 116         |
|    ep_rew_mean          | 92.9        |
| time/                   |             |
|    fps                  | 13          |
|    iterations           | 17          |
|    time_elapsed         | 20830       |
|    total_timesteps      | 278528      |
| train/                  |             |
|    approx_kl            | 0.008274347 |
|    clip_fraction        | 0.104       |
|    clip_range           | 0.2         |
|    entropy_loss         | -1.11       |
|    explained_variance   | 0.494       |
|    learning_rate        | 0.0003      |
|    loss                 | 0.576       |
|    n_updates            | 160         |
|    policy_gradient_loss | -0.000115   |
|    std                  | 0.737       |
|    value_loss           | 7.27        |
-----------------------------------------
----------------------------------------
| rollout/                |            |
|    ep_len_mean          | 119        |
|    ep_rew_mean          | 94.8       |
| time/                   |            |
|    fps                  | 13         |
|    iterations           | 18         |
|    time_elapsed         | 22051      |
|    total_timesteps      | 294912     |
| train/                  |            |
|    approx_kl            | 0.01056858 |
|    clip_fraction        | 0.11       |
|    clip_range           | 0.2        |
|    entropy_loss         | -1.1       |
|    explained_variance   | 0.423      |
|    learning_rate        | 0.0003     |
|    loss                 | 10         |
|    n_updates            | 170        |
|    policy_gradient_loss | -6.66e-05  |
|    std                  | 0.723      |
|    value_loss           | 9.6        |
----------------------------------------
-----------------------------------------
| rollout/                |             |
|    ep_len_mean          | 115         |
|    ep_rew_mean          | 92.7        |
| time/                   |             |
|    fps                  | 13          |
|    iterations           | 19          |
|    time_elapsed         | 23279       |
|    total_timesteps      | 311296      |
| train/                  |             |
|    approx_kl            | 0.011429422 |
|    clip_fraction        | 0.119       |
|    clip_range           | 0.2         |
|    entropy_loss         | -1.08       |
|    explained_variance   | 0.61        |
|    learning_rate        | 0.0003      |
|    loss                 | 0.0704      |
|    n_updates            | 180         |
|    policy_gradient_loss | -0.00145    |
|    std                  | 0.711       |
|    value_loss           | 4           |
-----------------------------------------
----------------------------------------
| rollout/                |            |
|    ep_len_mean          | 114        |
|    ep_rew_mean          | 91.9       |
| time/                   |            |
|    fps                  | 13         |
|    iterations           | 20         |
|    time_elapsed         | 24508      |
|    total_timesteps      | 327680     |
| train/                  |            |
|    approx_kl            | 0.00990849 |
|    clip_fraction        | 0.119      |
|    clip_range           | 0.2        |
|    entropy_loss         | -1.07      |
|    explained_variance   | 0.411      |
|    learning_rate        | 0.0003     |
|    loss                 | 14.4       |
|    n_updates            | 190        |
|    policy_gradient_loss | 0.000386   |
|    std                  | 0.697      |
|    value_loss           | 8.75       |
----------------------------------------
-----------------------------------------
| rollout/                |             |
|    ep_len_mean          | 112         |
|    ep_rew_mean          | 90.5        |
| time/                   |             |
|    fps                  | 13          |
|    iterations           | 21          |
|    time_elapsed         | 25737       |
|    total_timesteps      | 344064      |
| train/                  |             |
|    approx_kl            | 0.011384491 |
|    clip_fraction        | 0.122       |
|    clip_range           | 0.2         |
|    entropy_loss         | -1.05       |
|    explained_variance   | 0.321       |
|    learning_rate        | 0.0003      |
|    loss                 | 0.117       |
|    n_updates            | 200         |
|    policy_gradient_loss | 0.00133     |
|    std                  | 0.692       |
|    value_loss           | 13.1        |
-----------------------------------------
-----------------------------------------
| rollout/                |             |
|    ep_len_mean          | 114         |
|    ep_rew_mean          | 91.9        |
| time/                   |             |
|    fps                  | 13          |
|    iterations           | 22          |
|    time_elapsed         | 26961       |
|    total_timesteps      | 360448      |
| train/                  |             |
|    approx_kl            | 0.016699824 |
|    clip_fraction        | 0.123       |
|    clip_range           | 0.2         |
|    entropy_loss         | -1.04       |
|    explained_variance   | 0.272       |
|    learning_rate        | 0.0003      |
|    loss                 | 1.58        |
|    n_updates            | 210         |
|    policy_gradient_loss | 0.000743    |
|    std                  | 0.681       |
|    value_loss           | 17.7        |
-----------------------------------------
-----------------------------------------
| rollout/                |             |
|    ep_len_mean          | 114         |
|    ep_rew_mean          | 92.2        |
| time/                   |             |
|    fps                  | 13          |
|    iterations           | 23          |
|    time_elapsed         | 28186       |
|    total_timesteps      | 376832      |
| train/                  |             |
|    approx_kl            | 0.014044711 |
|    clip_fraction        | 0.134       |
|    clip_range           | 0.2         |
|    entropy_loss         | -1.03       |
|    explained_variance   | 0.304       |
|    learning_rate        | 0.0003      |
|    loss                 | 0.176       |
|    n_updates            | 220         |
|    policy_gradient_loss | 0.00114     |
|    std                  | 0.681       |
|    value_loss           | 31.1        |
-----------------------------------------
------------------------------------------
| rollout/                |              |
|    ep_len_mean          | 106          |
|    ep_rew_mean          | 85.1         |
| time/                   |              |
|    fps                  | 13           |
|    iterations           | 24           |
|    time_elapsed         | 29413        |
|    total_timesteps      | 393216       |
| train/                  |              |
|    approx_kl            | 0.0135400975 |
|    clip_fraction        | 0.131        |
|    clip_range           | 0.2          |
|    entropy_loss         | -1.02        |
|    explained_variance   | 0.211        |
|    learning_rate        | 0.0003       |
|    loss                 | 2.79         |
|    n_updates            | 230          |
|    policy_gradient_loss | 0.00138      |
|    std                  | 0.673        |
|    value_loss           | 31           |
------------------------------------------
-----------------------------------------
| rollout/                |             |
|    ep_len_mean          | 112         |
|    ep_rew_mean          | 90          |
| time/                   |             |
|    fps                  | 13          |
|    iterations           | 25          |
|    time_elapsed         | 30641       |
|    total_timesteps      | 409600      |
| train/                  |             |
|    approx_kl            | 0.015452506 |
|    clip_fraction        | 0.148       |
|    clip_range           | 0.2         |
|    entropy_loss         | -1.02       |
|    explained_variance   | 0.246       |
|    learning_rate        | 0.0003      |
|    loss                 | 47.9        |
|    n_updates            | 240         |
|    policy_gradient_loss | 0.000153    |
|    std                  | 0.675       |
|    value_loss           | 32.1        |
-----------------------------------------
-----------------------------------------
| rollout/                |             |
|    ep_len_mean          | 114         |
|    ep_rew_mean          | 91.2        |
| time/                   |             |
|    fps                  | 13          |
|    iterations           | 26          |
|    time_elapsed         | 31857       |
|    total_timesteps      | 425984      |
| train/                  |             |
|    approx_kl            | 0.015155146 |
|    clip_fraction        | 0.156       |
|    clip_range           | 0.2         |
|    entropy_loss         | -1.02       |
|    explained_variance   | 0.299       |
|    learning_rate        | 0.0003      |
|    loss                 | 17.4        |
|    n_updates            | 250         |
|    policy_gradient_loss | 0.00278     |
|    std                  | 0.669       |
|    value_loss           | 28.2        |
-----------------------------------------
-----------------------------------------
| rollout/                |             |
|    ep_len_mean          | 108         |
|    ep_rew_mean          | 86.8        |
| time/                   |             |
|    fps                  | 13          |
|    iterations           | 27          |
|    time_elapsed         | 33067       |
|    total_timesteps      | 442368      |
| train/                  |             |
|    approx_kl            | 0.013706308 |
|    clip_fraction        | 0.144       |
|    clip_range           | 0.2         |
|    entropy_loss         | -1          |
|    explained_variance   | 0.255       |
|    learning_rate        | 0.0003      |
|    loss                 | 0.214       |
|    n_updates            | 260         |
|    policy_gradient_loss | 0.00277     |
|    std                  | 0.659       |
|    value_loss           | 16.3        |
-----------------------------------------
-----------------------------------------
| rollout/                |             |
|    ep_len_mean          | 110         |
|    ep_rew_mean          | 89.1        |
| time/                   |             |
|    fps                  | 13          |
|    iterations           | 28          |
|    time_elapsed         | 34276       |
|    total_timesteps      | 458752      |
| train/                  |             |
|    approx_kl            | 0.020719262 |
|    clip_fraction        | 0.167       |
|    clip_range           | 0.2         |
|    entropy_loss         | -0.987      |
|    explained_variance   | 0.258       |
|    learning_rate        | 0.0003      |
|    loss                 | 3.23        |
|    n_updates            | 270         |
|    policy_gradient_loss | 0.00345     |
|    std                  | 0.646       |
|    value_loss           | 25.9        |
-----------------------------------------
-----------------------------------------
| rollout/                |             |
|    ep_len_mean          | 102         |
|    ep_rew_mean          | 83          |
| time/                   |             |
|    fps                  | 13          |
|    iterations           | 29          |
|    time_elapsed         | 35490       |
|    total_timesteps      | 475136      |
| train/                  |             |
|    approx_kl            | 0.016389811 |
|    clip_fraction        | 0.149       |
|    clip_range           | 0.2         |
|    entropy_loss         | -0.983      |
|    explained_variance   | 0.217       |
|    learning_rate        | 0.0003      |
|    loss                 | 34          |
|    n_updates            | 280         |
|    policy_gradient_loss | 0.00252     |
|    std                  | 0.646       |
|    value_loss           | 50.4        |
-----------------------------------------
-----------------------------------------
| rollout/                |             |
|    ep_len_mean          | 115         |
|    ep_rew_mean          | 92.6        |
| time/                   |             |
|    fps                  | 13          |
|    iterations           | 30          |
|    time_elapsed         | 36711       |
|    total_timesteps      | 491520      |
| train/                  |             |
|    approx_kl            | 0.015469661 |
|    clip_fraction        | 0.158       |
|    clip_range           | 0.2         |
|    entropy_loss         | -0.982      |
|    explained_variance   | 0.228       |
|    learning_rate        | 0.0003      |
|    loss                 | 20.7        |
|    n_updates            | 290         |
|    policy_gradient_loss | 0.00111     |
|    std                  | 0.645       |
|    value_loss           | 56.2        |
-----------------------------------------
-----------------------------------------
| rollout/                |             |
|    ep_len_mean          | 111         |
|    ep_rew_mean          | 89.3        |
| time/                   |             |
|    fps                  | 13          |
|    iterations           | 31          |
|    time_elapsed         | 37924       |
|    total_timesteps      | 507904      |
| train/                  |             |
|    approx_kl            | 0.018446617 |
|    clip_fraction        | 0.162       |
|    clip_range           | 0.2         |
|    entropy_loss         | -0.967      |
|    explained_variance   | 0.115       |
|    learning_rate        | 0.0003      |
|    loss                 | 1.65        |
|    n_updates            | 300         |
|    policy_gradient_loss | 0.00281     |
|    std                  | 0.631       |
|    value_loss           | 13          |
-----------------------------------------
------------------------------------------
| rollout/                |              |
|    ep_len_mean          | 111          |
|    ep_rew_mean          | 89.5         |
| time/                   |              |
|    fps                  | 13           |
|    iterations           | 32           |
|    time_elapsed         | 39131        |
|    total_timesteps      | 524288       |
| train/                  |              |
|    approx_kl            | 0.0147638675 |
|    clip_fraction        | 0.134        |
|    clip_range           | 0.2          |
|    entropy_loss         | -0.949       |
|    explained_variance   | 0.366        |
|    learning_rate        | 0.0003       |
|    loss                 | 6.24         |
|    n_updates            | 310          |
|    policy_gradient_loss | 0.0025       |
|    std                  | 0.621        |
|    value_loss           | 18.2         |
------------------------------------------
----------------------------------------
| rollout/                |            |
|    ep_len_mean          | 116        |
|    ep_rew_mean          | 93.9       |
| time/                   |            |
|    fps                  | 13         |
|    iterations           | 33         |
|    time_elapsed         | 40334      |
|    total_timesteps      | 540672     |
| train/                  |            |
|    approx_kl            | 0.01625558 |
|    clip_fraction        | 0.151      |
|    clip_range           | 0.2        |
|    entropy_loss         | -0.936     |
|    explained_variance   | 0.533      |
|    learning_rate        | 0.0003     |
|    loss                 | 0.223      |
|    n_updates            | 320        |
|    policy_gradient_loss | 0.00138    |
|    std                  | 0.618      |
|    value_loss           | 12.7       |
----------------------------------------
-----------------------------------------
| rollout/                |             |
|    ep_len_mean          | 115         |
|    ep_rew_mean          | 93.8        |
| time/                   |             |
|    fps                  | 13          |
|    iterations           | 34          |
|    time_elapsed         | 41540       |
|    total_timesteps      | 557056      |
| train/                  |             |
|    approx_kl            | 0.022403449 |
|    clip_fraction        | 0.164       |
|    clip_range           | 0.2         |
|    entropy_loss         | -0.919      |
|    explained_variance   | 0.328       |
|    learning_rate        | 0.0003      |
|    loss                 | 1.84        |
|    n_updates            | 330         |
|    policy_gradient_loss | 0.00111     |
|    std                  | 0.602       |
|    value_loss           | 15.8        |
-----------------------------------------
-----------------------------------------
| rollout/                |             |
|    ep_len_mean          | 114         |
|    ep_rew_mean          | 92.9        |
| time/                   |             |
|    fps                  | 13          |
|    iterations           | 35          |
|    time_elapsed         | 42752       |
|    total_timesteps      | 573440      |
| train/                  |             |
|    approx_kl            | 0.022763181 |
|    clip_fraction        | 0.172       |
|    clip_range           | 0.2         |
|    entropy_loss         | -0.891      |
|    explained_variance   | 0.337       |
|    learning_rate        | 0.0003      |
|    loss                 | 1.84        |
|    n_updates            | 340         |
|    policy_gradient_loss | 0.00342     |
|    std                  | 0.575       |
|    value_loss           | 16.8        |
-----------------------------------------
-----------------------------------------
| rollout/                |             |
|    ep_len_mean          | 108         |
|    ep_rew_mean          | 87.9        |
| time/                   |             |
|    fps                  | 13          |
|    iterations           | 36          |
|    time_elapsed         | 43963       |
|    total_timesteps      | 589824      |
| train/                  |             |
|    approx_kl            | 0.017855037 |
|    clip_fraction        | 0.16        |
|    clip_range           | 0.2         |
|    entropy_loss         | -0.86       |
|    explained_variance   | 0.294       |
|    learning_rate        | 0.0003      |
|    loss                 | 0.329       |
|    n_updates            | 350         |
|    policy_gradient_loss | 0.00141     |
|    std                  | 0.572       |
|    value_loss           | 16.5        |
-----------------------------------------
-----------------------------------------
| rollout/                |             |
|    ep_len_mean          | 112         |
|    ep_rew_mean          | 90.8        |
| time/                   |             |
|    fps                  | 13          |
|    iterations           | 37          |
|    time_elapsed         | 45177       |
|    total_timesteps      | 606208      |
| train/                  |             |
|    approx_kl            | 0.017661983 |
|    clip_fraction        | 0.161       |
|    clip_range           | 0.2         |
|    entropy_loss         | -0.838      |
|    explained_variance   | 0.337       |
|    learning_rate        | 0.0003      |
|    loss                 | 0.0552      |
|    n_updates            | 360         |
|    policy_gradient_loss | -0.000485   |
|    std                  | 0.557       |
|    value_loss           | 16.1        |
-----------------------------------------
----------------------------------------
| rollout/                |            |
|    ep_len_mean          | 108        |
|    ep_rew_mean          | 88.1       |
| time/                   |            |
|    fps                  | 13         |
|    iterations           | 38         |
|    time_elapsed         | 46391      |
|    total_timesteps      | 622592     |
| train/                  |            |
|    approx_kl            | 0.02151401 |
|    clip_fraction        | 0.151      |
|    clip_range           | 0.2        |
|    entropy_loss         | -0.828     |
|    explained_variance   | 0.383      |
|    learning_rate        | 0.0003     |
|    loss                 | 53.1       |
|    n_updates            | 370        |
|    policy_gradient_loss | 0.00272    |
|    std                  | 0.55       |
|    value_loss           | 19.4       |
----------------------------------------
-----------------------------------------
| rollout/                |             |
|    ep_len_mean          | 113         |
|    ep_rew_mean          | 92          |
| time/                   |             |
|    fps                  | 13          |
|    iterations           | 39          |
|    time_elapsed         | 47611       |
|    total_timesteps      | 638976      |
| train/                  |             |
|    approx_kl            | 0.030366156 |
|    clip_fraction        | 0.183       |
|    clip_range           | 0.2         |
|    entropy_loss         | -0.822      |
|    explained_variance   | 0.268       |
|    learning_rate        | 0.0003      |
|    loss                 | 14.4        |
|    n_updates            | 380         |
|    policy_gradient_loss | 0.0028      |
|    std                  | 0.552       |
|    value_loss           | 32.3        |
-----------------------------------------
-----------------------------------------
| rollout/                |             |
|    ep_len_mean          | 109         |
|    ep_rew_mean          | 88.3        |
| time/                   |             |
|    fps                  | 13          |
|    iterations           | 40          |
|    time_elapsed         | 48815       |
|    total_timesteps      | 655360      |
| train/                  |             |
|    approx_kl            | 0.025284937 |
|    clip_fraction        | 0.198       |
|    clip_range           | 0.2         |
|    entropy_loss         | -0.815      |
|    explained_variance   | 0.386       |
|    learning_rate        | 0.0003      |
|    loss                 | 2.89        |
|    n_updates            | 390         |
|    policy_gradient_loss | 0.00404     |
|    std                  | 0.543       |
|    value_loss           | 31.3        |
-----------------------------------------
-----------------------------------------
| rollout/                |             |
|    ep_len_mean          | 114         |
|    ep_rew_mean          | 91.6        |
| time/                   |             |
|    fps                  | 13          |
|    iterations           | 41          |
|    time_elapsed         | 50025       |
|    total_timesteps      | 671744      |
| train/                  |             |
|    approx_kl            | 0.023858204 |
|    clip_fraction        | 0.186       |
|    clip_range           | 0.2         |
|    entropy_loss         | -0.805      |
|    explained_variance   | 0.0383      |
|    learning_rate        | 0.0003      |
|    loss                 | 4.42        |
|    n_updates            | 400         |
|    policy_gradient_loss | 0.0028      |
|    std                  | 0.538       |
|    value_loss           | 57.1        |
-----------------------------------------
-----------------------------------------
| rollout/                |             |
|    ep_len_mean          | 112         |
|    ep_rew_mean          | 91          |
| time/                   |             |
|    fps                  | 13          |
|    iterations           | 42          |
|    time_elapsed         | 51244       |
|    total_timesteps      | 688128      |
| train/                  |             |
|    approx_kl            | 0.020832371 |
|    clip_fraction        | 0.185       |
|    clip_range           | 0.2         |
|    entropy_loss         | -0.8        |
|    explained_variance   | 0.273       |
|    learning_rate        | 0.0003      |
|    loss                 | 0.53        |
|    n_updates            | 410         |
|    policy_gradient_loss | 0.00382     |
|    std                  | 0.534       |
|    value_loss           | 17.2        |
-----------------------------------------
---------------------------------------
| rollout/                |           |
|    ep_len_mean          | 117       |
|    ep_rew_mean          | 95.1      |
| time/                   |           |
|    fps                  | 13        |
|    iterations           | 43        |
|    time_elapsed         | 52452     |
|    total_timesteps      | 704512    |
| train/                  |           |
|    approx_kl            | 0.0179471 |
|    clip_fraction        | 0.159     |
|    clip_range           | 0.2       |
|    entropy_loss         | -0.786    |
|    explained_variance   | 0.203     |
|    learning_rate        | 0.0003    |
|    loss                 | 0.0765    |
|    n_updates            | 420       |
|    policy_gradient_loss | 0.0044    |
|    std                  | 0.532     |
|    value_loss           | 18.3      |
---------------------------------------
----------------------------------------
| rollout/                |            |
|    ep_len_mean          | 112        |
|    ep_rew_mean          | 90.7       |
| time/                   |            |
|    fps                  | 13         |
|    iterations           | 44         |
|    time_elapsed         | 53657      |
|    total_timesteps      | 720896     |
| train/                  |            |
|    approx_kl            | 0.01828203 |
|    clip_fraction        | 0.147      |
|    clip_range           | 0.2        |
|    entropy_loss         | -0.781     |
|    explained_variance   | 0.189      |
|    learning_rate        | 0.0003     |
|    loss                 | 19.9       |
|    n_updates            | 430        |
|    policy_gradient_loss | 0.00193    |
|    std                  | 0.532      |
|    value_loss           | 18.9       |
----------------------------------------
-----------------------------------------
| rollout/                |             |
|    ep_len_mean          | 110         |
|    ep_rew_mean          | 90          |
| time/                   |             |
|    fps                  | 13          |
|    iterations           | 45          |
|    time_elapsed         | 54863       |
|    total_timesteps      | 737280      |
| train/                  |             |
|    approx_kl            | 0.020781847 |
|    clip_fraction        | 0.166       |
|    clip_range           | 0.2         |
|    entropy_loss         | -0.788      |
|    explained_variance   | 0.118       |
|    learning_rate        | 0.0003      |
|    loss                 | 42.4        |
|    n_updates            | 440         |
|    policy_gradient_loss | 0.00404     |
|    std                  | 0.533       |
|    value_loss           | 25.4        |
-----------------------------------------
-----------------------------------------
| rollout/                |             |
|    ep_len_mean          | 112         |
|    ep_rew_mean          | 91.5        |
| time/                   |             |
|    fps                  | 13          |
|    iterations           | 46          |
|    time_elapsed         | 56081       |
|    total_timesteps      | 753664      |
| train/                  |             |
|    approx_kl            | 0.018489145 |
|    clip_fraction        | 0.161       |
|    clip_range           | 0.2         |
|    entropy_loss         | -0.775      |
|    explained_variance   | 0.228       |
|    learning_rate        | 0.0003      |
|    loss                 | 18.3        |
|    n_updates            | 450         |
|    policy_gradient_loss | 0.00141     |
|    std                  | 0.521       |
|    value_loss           | 20.3        |
-----------------------------------------
-----------------------------------------
| rollout/                |             |
|    ep_len_mean          | 108         |
|    ep_rew_mean          | 87.6        |
| time/                   |             |
|    fps                  | 13          |
|    iterations           | 47          |
|    time_elapsed         | 57302       |
|    total_timesteps      | 770048      |
| train/                  |             |
|    approx_kl            | 0.024071552 |
|    clip_fraction        | 0.148       |
|    clip_range           | 0.2         |
|    entropy_loss         | -0.783      |
|    explained_variance   | 0.136       |
|    learning_rate        | 0.0003      |
|    loss                 | 0.133       |
|    n_updates            | 460         |
|    policy_gradient_loss | 0.00175     |
|    std                  | 0.534       |
|    value_loss           | 24.6        |
-----------------------------------------
----------------------------------------
| rollout/                |            |
|    ep_len_mean          | 112        |
|    ep_rew_mean          | 91.7       |
| time/                   |            |
|    fps                  | 13         |
|    iterations           | 48         |
|    time_elapsed         | 58518      |
|    total_timesteps      | 786432     |
| train/                  |            |
|    approx_kl            | 0.03426736 |
|    clip_fraction        | 0.181      |
|    clip_range           | 0.2        |
|    entropy_loss         | -0.791     |
|    explained_variance   | 0.0963     |
|    learning_rate        | 0.0003     |
|    loss                 | 2.71       |
|    n_updates            | 470        |
|    policy_gradient_loss | 0.00377    |
|    std                  | 0.535      |
|    value_loss           | 31.9       |
----------------------------------------
-----------------------------------------
| rollout/                |             |
|    ep_len_mean          | 109         |
|    ep_rew_mean          | 88.4        |
| time/                   |             |
|    fps                  | 13          |
|    iterations           | 49          |
|    time_elapsed         | 59716       |
|    total_timesteps      | 802816      |
| train/                  |             |
|    approx_kl            | 0.020153044 |
|    clip_fraction        | 0.174       |
|    clip_range           | 0.2         |
|    entropy_loss         | -0.797      |
|    explained_variance   | 0.0739      |
|    learning_rate        | 0.0003      |
|    loss                 | 0.365       |
|    n_updates            | 480         |
|    policy_gradient_loss | 0.005       |
|    std                  | 0.535       |
|    value_loss           | 23.7        |
-----------------------------------------
-----------------------------------------
| rollout/                |             |
|    ep_len_mean          | 113         |
|    ep_rew_mean          | 92.2        |
| time/                   |             |
|    fps                  | 13          |
|    iterations           | 50          |
|    time_elapsed         | 60926       |
|    total_timesteps      | 819200      |
| train/                  |             |
|    approx_kl            | 0.019573797 |
|    clip_fraction        | 0.156       |
|    clip_range           | 0.2         |
|    entropy_loss         | -0.794      |
|    explained_variance   | 0.0765      |
|    learning_rate        | 0.0003      |
|    loss                 | 50.6        |
|    n_updates            | 490         |
|    policy_gradient_loss | 0.00176     |
|    std                  | 0.536       |
|    value_loss           | 34.9        |
-----------------------------------------
-----------------------------------------
| rollout/                |             |
|    ep_len_mean          | 116         |
|    ep_rew_mean          | 93.3        |
| time/                   |             |
|    fps                  | 13          |
|    iterations           | 51          |
|    time_elapsed         | 62143       |
|    total_timesteps      | 835584      |
| train/                  |             |
|    approx_kl            | 0.016925048 |
|    clip_fraction        | 0.162       |
|    clip_range           | 0.2         |
|    entropy_loss         | -0.779      |
|    explained_variance   | 0.297       |
|    learning_rate        | 0.0003      |
|    loss                 | 0.21        |
|    n_updates            | 500         |
|    policy_gradient_loss | 0.00227     |
|    std                  | 0.521       |
|    value_loss           | 6.3         |
-----------------------------------------
---------------------------------------
| rollout/                |           |
|    ep_len_mean          | 118       |
|    ep_rew_mean          | 94.8      |
| time/                   |           |
|    fps                  | 13        |
|    iterations           | 52        |
|    time_elapsed         | 63354     |
|    total_timesteps      | 851968    |
| train/                  |           |
|    approx_kl            | 0.0177974 |
|    clip_fraction        | 0.154     |
|    clip_range           | 0.2       |
|    entropy_loss         | -0.766    |
|    explained_variance   | 0.217     |
|    learning_rate        | 0.0003    |
|    loss                 | 0.175     |
|    n_updates            | 510       |
|    policy_gradient_loss | 0.00125   |
|    std                  | 0.522     |
|    value_loss           | 4.55      |
---------------------------------------
-----------------------------------------
| rollout/                |             |
|    ep_len_mean          | 115         |
|    ep_rew_mean          | 93.1        |
| time/                   |             |
|    fps                  | 13          |
|    iterations           | 53          |
|    time_elapsed         | 64566       |
|    total_timesteps      | 868352      |
| train/                  |             |
|    approx_kl            | 0.019349769 |
|    clip_fraction        | 0.148       |
|    clip_range           | 0.2         |
|    entropy_loss         | -0.778      |
|    explained_variance   | 0.159       |
|    learning_rate        | 0.0003      |
|    loss                 | 31.8        |
|    n_updates            | 520         |
|    policy_gradient_loss | 0.00108     |
|    std                  | 0.529       |
|    value_loss           | 16.8        |
-----------------------------------------
-----------------------------------------
| rollout/                |             |
|    ep_len_mean          | 119         |
|    ep_rew_mean          | 97.5        |
| time/                   |             |
|    fps                  | 13          |
|    iterations           | 54          |
|    time_elapsed         | 65780       |
|    total_timesteps      | 884736      |
| train/                  |             |
|    approx_kl            | 0.020996038 |
|    clip_fraction        | 0.156       |
|    clip_range           | 0.2         |
|    entropy_loss         | -0.779      |
|    explained_variance   | 0.341       |
|    learning_rate        | 0.0003      |
|    loss                 | 0.756       |
|    n_updates            | 530         |
|    policy_gradient_loss | 0.00235     |
|    std                  | 0.527       |
|    value_loss           | 11.8        |
-----------------------------------------
-----------------------------------------
| rollout/                |             |
|    ep_len_mean          | 117         |
|    ep_rew_mean          | 95          |
| time/                   |             |
|    fps                  | 13          |
|    iterations           | 55          |
|    time_elapsed         | 67011       |
|    total_timesteps      | 901120      |
| train/                  |             |
|    approx_kl            | 0.017364264 |
|    clip_fraction        | 0.143       |
|    clip_range           | 0.2         |
|    entropy_loss         | -0.759      |
|    explained_variance   | 0.415       |
|    learning_rate        | 0.0003      |
|    loss                 | 0.026       |
|    n_updates            | 540         |
|    policy_gradient_loss | 0.003       |
|    std                  | 0.513       |
|    value_loss           | 1.88        |
-----------------------------------------
----------------------------------------
| rollout/                |            |
|    ep_len_mean          | 116        |
|    ep_rew_mean          | 93.9       |
| time/                   |            |
|    fps                  | 13         |
|    iterations           | 56         |
|    time_elapsed         | 68234      |
|    total_timesteps      | 917504     |
| train/                  |            |
|    approx_kl            | 0.02651975 |
|    clip_fraction        | 0.14       |
|    clip_range           | 0.2        |
|    entropy_loss         | -0.753     |
|    explained_variance   | 0.677      |
|    learning_rate        | 0.0003     |
|    loss                 | 0.412      |
|    n_updates            | 550        |
|    policy_gradient_loss | -1.38e-06  |
|    std                  | 0.507      |
|    value_loss           | 3.77       |
----------------------------------------
-----------------------------------------
| rollout/                |             |
|    ep_len_mean          | 117         |
|    ep_rew_mean          | 95.5        |
| time/                   |             |
|    fps                  | 13          |
|    iterations           | 57          |
|    time_elapsed         | 69450       |
|    total_timesteps      | 933888      |
| train/                  |             |
|    approx_kl            | 0.030533224 |
|    clip_fraction        | 0.153       |
|    clip_range           | 0.2         |
|    entropy_loss         | -0.742      |
|    explained_variance   | 0.329       |
|    learning_rate        | 0.0003      |
|    loss                 | 9.25        |
|    n_updates            | 560         |
|    policy_gradient_loss | 0.00288     |
|    std                  | 0.507       |
|    value_loss           | 9.2         |
-----------------------------------------
-----------------------------------------
| rollout/                |             |
|    ep_len_mean          | 113         |
|    ep_rew_mean          | 92.6        |
| time/                   |             |
|    fps                  | 13          |
|    iterations           | 58          |
|    time_elapsed         | 70656       |
|    total_timesteps      | 950272      |
| train/                  |             |
|    approx_kl            | 0.016191557 |
|    clip_fraction        | 0.15        |
|    clip_range           | 0.2         |
|    entropy_loss         | -0.72       |
|    explained_variance   | 0.572       |
|    learning_rate        | 0.0003      |
|    loss                 | 17.6        |
|    n_updates            | 570         |
|    policy_gradient_loss | 0.00123     |
|    std                  | 0.496       |
|    value_loss           | 8.23        |
-----------------------------------------
-----------------------------------------
| rollout/                |             |
|    ep_len_mean          | 118         |
|    ep_rew_mean          | 97.7        |
| time/                   |             |
|    fps                  | 13          |
|    iterations           | 59          |
|    time_elapsed         | 71867       |
|    total_timesteps      | 966656      |
| train/                  |             |
|    approx_kl            | 0.026528526 |
|    clip_fraction        | 0.171       |
|    clip_range           | 0.2         |
|    entropy_loss         | -0.716      |
|    explained_variance   | 0.108       |
|    learning_rate        | 0.0003      |
|    loss                 | 0.15        |
|    n_updates            | 580         |
|    policy_gradient_loss | 0.00608     |
|    std                  | 0.494       |
|    value_loss           | 22.9        |
-----------------------------------------
-----------------------------------------
| rollout/                |             |
|    ep_len_mean          | 111         |
|    ep_rew_mean          | 91.2        |
| time/                   |             |
|    fps                  | 13          |
|    iterations           | 60          |
|    time_elapsed         | 73078       |
|    total_timesteps      | 983040      |
| train/                  |             |
|    approx_kl            | 0.018409716 |
|    clip_fraction        | 0.152       |
|    clip_range           | 0.2         |
|    entropy_loss         | -0.706      |
|    explained_variance   | 0.396       |
|    learning_rate        | 0.0003      |
|    loss                 | 0.0425      |
|    n_updates            | 590         |
|    policy_gradient_loss | 0.0026      |
|    std                  | 0.491       |
|    value_loss           | 3.33        |
-----------------------------------------
-----------------------------------------
| rollout/                |             |
|    ep_len_mean          | 107         |
|    ep_rew_mean          | 87.9        |
| time/                   |             |
|    fps                  | 13          |
|    iterations           | 61          |
|    time_elapsed         | 74287       |
|    total_timesteps      | 999424      |
| train/                  |             |
|    approx_kl            | 0.019211762 |
|    clip_fraction        | 0.155       |
|    clip_range           | 0.2         |
|    entropy_loss         | -0.717      |
|    explained_variance   | 0.0713      |
|    learning_rate        | 0.0003      |
|    loss                 | 7.59        |
|    n_updates            | 600         |
|    policy_gradient_loss | 0.000825    |
|    std                  | 0.499       |
|    value_loss           | 32.7        |
-----------------------------------------
-----------------------------------------
| rollout/                |             |
|    ep_len_mean          | 115         |
|    ep_rew_mean          | 93.7        |
| time/                   |             |
|    fps                  | 13          |
|    iterations           | 62          |
|    time_elapsed         | 75501       |
|    total_timesteps      | 1015808     |
| train/                  |             |
|    approx_kl            | 0.031052932 |
|    clip_fraction        | 0.169       |
|    clip_range           | 0.2         |
|    entropy_loss         | -0.721      |
|    explained_variance   | 0.0382      |
|    learning_rate        | 0.0003      |
|    loss                 | 18.4        |
|    n_updates            | 610         |
|    policy_gradient_loss | 0.00394     |
|    std                  | 0.495       |
|    value_loss           | 62.7        |
-----------------------------------------
ppo_attn_learned_cf_obs20_dense_v6_seed1 obs shape: (20, 5) action space: Box(-1.0, 1.0, (1,), float32)
Using cpu device
Logging to runs/tb/ppo_attn_learned_cf_obs20_dense_v6_seed1_1
---------------------------------
| rollout/           |          |
|    ep_len_mean     | 16       |
|    ep_rew_mean     | 10.2     |
| time/              |          |
|    fps             | 13       |
|    iterations      | 1        |
|    time_elapsed    | 1225     |
|    total_timesteps | 16384    |
---------------------------------
-----------------------------------------
| rollout/                |             |
|    ep_len_mean          | 28.2        |
|    ep_rew_mean          | 19          |
| time/                   |             |
|    fps                  | 13          |
|    iterations           | 2           |
|    time_elapsed         | 2446        |
|    total_timesteps      | 32768       |
| train/                  |             |
|    approx_kl            | 0.009243981 |
|    clip_fraction        | 0.116       |
|    clip_range           | 0.2         |
|    entropy_loss         | -1.41       |
|    explained_variance   | -0.0193     |
|    learning_rate        | 0.0003      |
|    loss                 | 4.19        |
|    n_updates            | 10          |
|    policy_gradient_loss | -0.0123     |
|    std                  | 0.985       |
|    value_loss           | 8.37        |
-----------------------------------------
-----------------------------------------
| rollout/                |             |
|    ep_len_mean          | 48.4        |
|    ep_rew_mean          | 34.4        |
| time/                   |             |
|    fps                  | 13          |
|    iterations           | 3           |
|    time_elapsed         | 3659        |
|    total_timesteps      | 49152       |
| train/                  |             |
|    approx_kl            | 0.010273932 |
|    clip_fraction        | 0.136       |
|    clip_range           | 0.2         |
|    entropy_loss         | -1.4        |
|    explained_variance   | 0.573       |
|    learning_rate        | 0.0003      |
|    loss                 | 11          |
|    n_updates            | 20          |
|    policy_gradient_loss | -0.0202     |
|    std                  | 0.979       |
|    value_loss           | 16.7        |
-----------------------------------------
-----------------------------------------
| rollout/                |             |
|    ep_len_mean          | 83.4        |
|    ep_rew_mean          | 62          |
| time/                   |             |
|    fps                  | 13          |
|    iterations           | 4           |
|    time_elapsed         | 4864        |
|    total_timesteps      | 65536       |
| train/                  |             |
|    approx_kl            | 0.011952391 |
|    clip_fraction        | 0.128       |
|    clip_range           | 0.2         |
|    entropy_loss         | -1.36       |
|    explained_variance   | 0.547       |
|    learning_rate        | 0.0003      |
|    loss                 | 5.95        |
|    n_updates            | 30          |
|    policy_gradient_loss | -0.0178     |
|    std                  | 0.934       |
|    value_loss           | 20.5        |
-----------------------------------------
----------------------------------------
| rollout/                |            |
|    ep_len_mean          | 79.7       |
|    ep_rew_mean          | 58.6       |
| time/                   |            |
|    fps                  | 13         |
|    iterations           | 5          |
|    time_elapsed         | 6069       |
|    total_timesteps      | 81920      |
| train/                  |            |
|    approx_kl            | 0.00938265 |
|    clip_fraction        | 0.106      |
|    clip_range           | 0.2        |
|    entropy_loss         | -1.31      |
|    explained_variance   | 0.427      |
|    learning_rate        | 0.0003     |
|    loss                 | 3.12       |
|    n_updates            | 40         |
|    policy_gradient_loss | -0.0111    |
|    std                  | 0.892      |
|    value_loss           | 13.5       |
----------------------------------------
-----------------------------------------
| rollout/                |             |
|    ep_len_mean          | 105         |
|    ep_rew_mean          | 78.4        |
| time/                   |             |
|    fps                  | 13          |
|    iterations           | 6           |
|    time_elapsed         | 7290        |
|    total_timesteps      | 98304       |
| train/                  |             |
|    approx_kl            | 0.011453021 |
|    clip_fraction        | 0.114       |
|    clip_range           | 0.2         |
|    entropy_loss         | -1.29       |
|    explained_variance   | 0.368       |
|    learning_rate        | 0.0003      |
|    loss                 | 0.961       |
|    n_updates            | 50          |
|    policy_gradient_loss | -0.0043     |
|    std                  | 0.868       |
|    value_loss           | 12.7        |
-----------------------------------------
------------------------------------------
| rollout/                |              |
|    ep_len_mean          | 111          |
|    ep_rew_mean          | 82.8         |
| time/                   |              |
|    fps                  | 13           |
|    iterations           | 7            |
|    time_elapsed         | 8510         |
|    total_timesteps      | 114688       |
| train/                  |              |
|    approx_kl            | 0.0074973884 |
|    clip_fraction        | 0.0953       |
|    clip_range           | 0.2          |
|    entropy_loss         | -1.26        |
|    explained_variance   | 0.339        |
|    learning_rate        | 0.0003       |
|    loss                 | 12.1         |
|    n_updates            | 60           |
|    policy_gradient_loss | -0.00453     |
|    std                  | 0.853        |
|    value_loss           | 8.96         |
------------------------------------------
-----------------------------------------
| rollout/                |             |
|    ep_len_mean          | 109         |
|    ep_rew_mean          | 82.9        |
| time/                   |             |
|    fps                  | 13          |
|    iterations           | 8           |
|    time_elapsed         | 9732        |
|    total_timesteps      | 131072      |
| train/                  |             |
|    approx_kl            | 0.007436166 |
|    clip_fraction        | 0.0794      |
|    clip_range           | 0.2         |
|    entropy_loss         | -1.24       |
|    explained_variance   | 0.298       |
|    learning_rate        | 0.0003      |
|    loss                 | 0.536       |
|    n_updates            | 70          |
|    policy_gradient_loss | -0.00344    |
|    std                  | 0.833       |
|    value_loss           | 6.17        |
-----------------------------------------
----------------------------------------
| rollout/                |            |
|    ep_len_mean          | 111        |
|    ep_rew_mean          | 84.9       |
| time/                   |            |
|    fps                  | 13         |
|    iterations           | 9          |
|    time_elapsed         | 10959      |
|    total_timesteps      | 147456     |
| train/                  |            |
|    approx_kl            | 0.00707399 |
|    clip_fraction        | 0.0945     |
|    clip_range           | 0.2        |
|    entropy_loss         | -1.23      |
|    explained_variance   | 0.308      |
|    learning_rate        | 0.0003     |
|    loss                 | 2.56       |
|    n_updates            | 80         |
|    policy_gradient_loss | -0.00461   |
|    std                  | 0.823      |
|    value_loss           | 7.6        |
----------------------------------------
-----------------------------------------
| rollout/                |             |
|    ep_len_mean          | 109         |
|    ep_rew_mean          | 83.8        |
| time/                   |             |
|    fps                  | 13          |
|    iterations           | 10          |
|    time_elapsed         | 12189       |
|    total_timesteps      | 163840      |
| train/                  |             |
|    approx_kl            | 0.008917279 |
|    clip_fraction        | 0.0875      |
|    clip_range           | 0.2         |
|    entropy_loss         | -1.21       |
|    explained_variance   | 0.278       |
|    learning_rate        | 0.0003      |
|    loss                 | 3.7         |
|    n_updates            | 90          |
|    policy_gradient_loss | -0.00338    |
|    std                  | 0.813       |
|    value_loss           | 8.34        |
-----------------------------------------
-----------------------------------------
| rollout/                |             |
|    ep_len_mean          | 104         |
|    ep_rew_mean          | 79.5        |
| time/                   |             |
|    fps                  | 13          |
|    iterations           | 11          |
|    time_elapsed         | 13411       |
|    total_timesteps      | 180224      |
| train/                  |             |
|    approx_kl            | 0.010270226 |
|    clip_fraction        | 0.103       |
|    clip_range           | 0.2         |
|    entropy_loss         | -1.2        |
|    explained_variance   | 0.377       |
|    learning_rate        | 0.0003      |
|    loss                 | 0.58        |
|    n_updates            | 100         |
|    policy_gradient_loss | -0.00166    |
|    std                  | 0.806       |
|    value_loss           | 10.6        |
-----------------------------------------
-----------------------------------------
| rollout/                |             |
|    ep_len_mean          | 98.9        |
|    ep_rew_mean          | 77.8        |
| time/                   |             |
|    fps                  | 13          |
|    iterations           | 12          |
|    time_elapsed         | 14637       |
|    total_timesteps      | 196608      |
| train/                  |             |
|    approx_kl            | 0.010408661 |
|    clip_fraction        | 0.104       |
|    clip_range           | 0.2         |
|    entropy_loss         | -1.19       |
|    explained_variance   | 0.201       |
|    learning_rate        | 0.0003      |
|    loss                 | 6.71        |
|    n_updates            | 110         |
|    policy_gradient_loss | -0.000411   |
|    std                  | 0.781       |
|    value_loss           | 18.2        |
-----------------------------------------
-----------------------------------------
| rollout/                |             |
|    ep_len_mean          | 96          |
|    ep_rew_mean          | 75.5        |
| time/                   |             |
|    fps                  | 13          |
|    iterations           | 13          |
|    time_elapsed         | 15857       |
|    total_timesteps      | 212992      |
| train/                  |             |
|    approx_kl            | 0.010547103 |
|    clip_fraction        | 0.108       |
|    clip_range           | 0.2         |
|    entropy_loss         | -1.16       |
|    explained_variance   | 0.233       |
|    learning_rate        | 0.0003      |
|    loss                 | 0.91        |
|    n_updates            | 120         |
|    policy_gradient_loss | -0.00104    |
|    std                  | 0.766       |
|    value_loss           | 27          |
-----------------------------------------
-----------------------------------------
| rollout/                |             |
|    ep_len_mean          | 95.1        |
|    ep_rew_mean          | 75.3        |
| time/                   |             |
|    fps                  | 13          |
|    iterations           | 14          |
|    time_elapsed         | 17078       |
|    total_timesteps      | 229376      |
| train/                  |             |
|    approx_kl            | 0.012543365 |
|    clip_fraction        | 0.127       |
|    clip_range           | 0.2         |
|    entropy_loss         | -1.15       |
|    explained_variance   | 0.182       |
|    learning_rate        | 0.0003      |
|    loss                 | 1.3         |
|    n_updates            | 130         |
|    policy_gradient_loss | -0.00229    |
|    std                  | 0.76        |
|    value_loss           | 39.8        |
-----------------------------------------
----------------------------------------
| rollout/                |            |
|    ep_len_mean          | 112        |
|    ep_rew_mean          | 89.1       |
| time/                   |            |
|    fps                  | 13         |
|    iterations           | 15         |
|    time_elapsed         | 18296      |
|    total_timesteps      | 245760     |
| train/                  |            |
|    approx_kl            | 0.01253977 |
|    clip_fraction        | 0.126      |
|    clip_range           | 0.2        |
|    entropy_loss         | -1.13      |
|    explained_variance   | 0.143      |
|    learning_rate        | 0.0003     |
|    loss                 | 39.7       |
|    n_updates            | 140        |
|    policy_gradient_loss | 0.0005     |
|    std                  | 0.745      |
|    value_loss           | 42.6       |
----------------------------------------
-----------------------------------------
| rollout/                |             |
|    ep_len_mean          | 118         |
|    ep_rew_mean          | 92.7        |
| time/                   |             |
|    fps                  | 13          |
|    iterations           | 16          |
|    time_elapsed         | 19513       |
|    total_timesteps      | 262144      |
| train/                  |             |
|    approx_kl            | 0.011257693 |
|    clip_fraction        | 0.135       |
|    clip_range           | 0.2         |
|    entropy_loss         | -1.1        |
|    explained_variance   | 0.25        |
|    learning_rate        | 0.0003      |
|    loss                 | 0.359       |
|    n_updates            | 150         |
|    policy_gradient_loss | 0.000596    |
|    std                  | 0.722       |
|    value_loss           | 8.82        |
-----------------------------------------
-----------------------------------------
| rollout/                |             |
|    ep_len_mean          | 116         |
|    ep_rew_mean          | 92          |
| time/                   |             |
|    fps                  | 13          |
|    iterations           | 17          |
|    time_elapsed         | 20728       |
|    total_timesteps      | 278528      |
| train/                  |             |
|    approx_kl            | 0.010629627 |
|    clip_fraction        | 0.127       |
|    clip_range           | 0.2         |
|    entropy_loss         | -1.07       |
|    explained_variance   | 0.512       |
|    learning_rate        | 0.0003      |
|    loss                 | 0.15        |
|    n_updates            | 160         |
|    policy_gradient_loss | -0.00301    |
|    std                  | 0.703       |
|    value_loss           | 3.97        |
-----------------------------------------
------------------------------------------
| rollout/                |              |
|    ep_len_mean          | 115          |
|    ep_rew_mean          | 91.6         |
| time/                   |              |
|    fps                  | 13           |
|    iterations           | 18           |
|    time_elapsed         | 21941        |
|    total_timesteps      | 294912       |
| train/                  |              |
|    approx_kl            | 0.0112312045 |
|    clip_fraction        | 0.131        |
|    clip_range           | 0.2          |
|    entropy_loss         | -1.05        |
|    explained_variance   | 0.401        |
|    learning_rate        | 0.0003       |
|    loss                 | 0.333        |
|    n_updates            | 170          |
|    policy_gradient_loss | -0.000482    |
|    std                  | 0.69         |
|    value_loss           | 6.99         |
------------------------------------------
-----------------------------------------
| rollout/                |             |
|    ep_len_mean          | 114         |
|    ep_rew_mean          | 91.4        |
| time/                   |             |
|    fps                  | 13          |
|    iterations           | 19          |
|    time_elapsed         | 23152       |
|    total_timesteps      | 311296      |
| train/                  |             |
|    approx_kl            | 0.011595856 |
|    clip_fraction        | 0.129       |
|    clip_range           | 0.2         |
|    entropy_loss         | -1.03       |
|    explained_variance   | 0.361       |
|    learning_rate        | 0.0003      |
|    loss                 | 0.181       |
|    n_updates            | 180         |
|    policy_gradient_loss | -0.00148    |
|    std                  | 0.679       |
|    value_loss           | 7           |
-----------------------------------------
-----------------------------------------
| rollout/                |             |
|    ep_len_mean          | 113         |
|    ep_rew_mean          | 91.5        |
| time/                   |             |
|    fps                  | 13          |
|    iterations           | 20          |
|    time_elapsed         | 24365       |
|    total_timesteps      | 327680      |
| train/                  |             |
|    approx_kl            | 0.014498197 |
|    clip_fraction        | 0.144       |
|    clip_range           | 0.2         |
|    entropy_loss         | -1.02       |
|    explained_variance   | 0.175       |
|    learning_rate        | 0.0003      |
|    loss                 | 9.55        |
|    n_updates            | 190         |
|    policy_gradient_loss | 0.000633    |
|    std                  | 0.665       |
|    value_loss           | 16.8        |
-----------------------------------------
-----------------------------------------
| rollout/                |             |
|    ep_len_mean          | 114         |
|    ep_rew_mean          | 90.5        |
| time/                   |             |
|    fps                  | 13          |
|    iterations           | 21          |
|    time_elapsed         | 25577       |
|    total_timesteps      | 344064      |
| train/                  |             |
|    approx_kl            | 0.015712949 |
|    clip_fraction        | 0.144       |
|    clip_range           | 0.2         |
|    entropy_loss         | -0.985      |
|    explained_variance   | 0.211       |
|    learning_rate        | 0.0003      |
|    loss                 | 0.131       |
|    n_updates            | 200         |
|    policy_gradient_loss | 6.78e-05    |
|    std                  | 0.64        |
|    value_loss           | 13.6        |
-----------------------------------------
-----------------------------------------
| rollout/                |             |
|    ep_len_mean          | 111         |
|    ep_rew_mean          | 89.2        |
| time/                   |             |
|    fps                  | 13          |
|    iterations           | 22          |
|    time_elapsed         | 26796       |
|    total_timesteps      | 360448      |
| train/                  |             |
|    approx_kl            | 0.012684058 |
|    clip_fraction        | 0.146       |
|    clip_range           | 0.2         |
|    entropy_loss         | -0.957      |
|    explained_variance   | 0.248       |
|    learning_rate        | 0.0003      |
|    loss                 | 2.7         |
|    n_updates            | 210         |
|    policy_gradient_loss | 0.000313    |
|    std                  | 0.622       |
|    value_loss           | 13.8        |
-----------------------------------------
-----------------------------------------
| rollout/                |             |
|    ep_len_mean          | 114         |
|    ep_rew_mean          | 91.5        |
| time/                   |             |
|    fps                  | 13          |
|    iterations           | 23          |
|    time_elapsed         | 28011       |
|    total_timesteps      | 376832      |
| train/                  |             |
|    approx_kl            | 0.013496701 |
|    clip_fraction        | 0.142       |
|    clip_range           | 0.2         |
|    entropy_loss         | -0.933      |
|    explained_variance   | 0.215       |
|    learning_rate        | 0.0003      |
|    loss                 | 41.6        |
|    n_updates            | 220         |
|    policy_gradient_loss | 0.000273    |
|    std                  | 0.613       |
|    value_loss           | 8.86        |
-----------------------------------------
-----------------------------------------
| rollout/                |             |
|    ep_len_mean          | 115         |
|    ep_rew_mean          | 92.7        |
| time/                   |             |
|    fps                  | 13          |
|    iterations           | 24          |
|    time_elapsed         | 29231       |
|    total_timesteps      | 393216      |
| train/                  |             |
|    approx_kl            | 0.016399613 |
|    clip_fraction        | 0.145       |
|    clip_range           | 0.2         |
|    entropy_loss         | -0.901      |
|    explained_variance   | 0.375       |
|    learning_rate        | 0.0003      |
|    loss                 | 0.0616      |
|    n_updates            | 230         |
|    policy_gradient_loss | -2.3e-07    |
|    std                  | 0.594       |
|    value_loss           | 6.02        |
-----------------------------------------
-----------------------------------------
| rollout/                |             |
|    ep_len_mean          | 118         |
|    ep_rew_mean          | 94.9        |
| time/                   |             |
|    fps                  | 13          |
|    iterations           | 25          |
|    time_elapsed         | 30449       |
|    total_timesteps      | 409600      |
| train/                  |             |
|    approx_kl            | 0.014657834 |
|    clip_fraction        | 0.145       |
|    clip_range           | 0.2         |
|    entropy_loss         | -0.887      |
|    explained_variance   | 0.394       |
|    learning_rate        | 0.0003      |
|    loss                 | 0.312       |
|    n_updates            | 240         |
|    policy_gradient_loss | 0.00105     |
|    std                  | 0.585       |
|    value_loss           | 6.11        |
-----------------------------------------
----------------------------------------
| rollout/                |            |
|    ep_len_mean          | 111        |
|    ep_rew_mean          | 90         |
| time/                   |            |
|    fps                  | 13         |
|    iterations           | 26         |
|    time_elapsed         | 31666      |
|    total_timesteps      | 425984     |
| train/                  |            |
|    approx_kl            | 0.02004885 |
|    clip_fraction        | 0.15       |
|    clip_range           | 0.2        |
|    entropy_loss         | -0.868     |
|    explained_variance   | 0.479      |
|    learning_rate        | 0.0003     |
|    loss                 | 0.02       |
|    n_updates            | 250        |
|    policy_gradient_loss | 0.000554   |
|    std                  | 0.573      |
|    value_loss           | 4.33       |
----------------------------------------
-----------------------------------------
| rollout/                |             |
|    ep_len_mean          | 115         |
|    ep_rew_mean          | 93.9        |
| time/                   |             |
|    fps                  | 13          |
|    iterations           | 27          |
|    time_elapsed         | 32877       |
|    total_timesteps      | 442368      |
| train/                  |             |
|    approx_kl            | 0.016879888 |
|    clip_fraction        | 0.149       |
|    clip_range           | 0.2         |
|    entropy_loss         | -0.852      |
|    explained_variance   | 0.22        |
|    learning_rate        | 0.0003      |
|    loss                 | 43.8        |
|    n_updates            | 260         |
|    policy_gradient_loss | 0.0026      |
|    std                  | 0.567       |
|    value_loss           | 14.6        |
-----------------------------------------
----------------------------------------
| rollout/                |            |
|    ep_len_mean          | 118        |
|    ep_rew_mean          | 96.3       |
| time/                   |            |
|    fps                  | 13         |
|    iterations           | 28         |
|    time_elapsed         | 34086      |
|    total_timesteps      | 458752     |
| train/                  |            |
|    approx_kl            | 0.01799209 |
|    clip_fraction        | 0.146      |
|    clip_range           | 0.2        |
|    entropy_loss         | -0.841     |
|    explained_variance   | 0.237      |
|    learning_rate        | 0.0003     |
|    loss                 | 14         |
|    n_updates            | 270        |
|    policy_gradient_loss | 0.00317    |
|    std                  | 0.557      |
|    value_loss           | 12.1       |
----------------------------------------
-----------------------------------------
| rollout/                |             |
|    ep_len_mean          | 113         |
|    ep_rew_mean          | 92.2        |
| time/                   |             |
|    fps                  | 13          |
|    iterations           | 29          |
|    time_elapsed         | 35294       |
|    total_timesteps      | 475136      |
| train/                  |             |
|    approx_kl            | 0.017249707 |
|    clip_fraction        | 0.152       |
|    clip_range           | 0.2         |
|    entropy_loss         | -0.836      |
|    explained_variance   | 0.208       |
|    learning_rate        | 0.0003      |
|    loss                 | 41.3        |
|    n_updates            | 280         |
|    policy_gradient_loss | 0.00205     |
|    std                  | 0.558       |
|    value_loss           | 13.7        |
-----------------------------------------
-----------------------------------------
| rollout/                |             |
|    ep_len_mean          | 107         |
|    ep_rew_mean          | 87.1        |
| time/                   |             |
|    fps                  | 13          |
|    iterations           | 30          |
|    time_elapsed         | 36496       |
|    total_timesteps      | 491520      |
| train/                  |             |
|    approx_kl            | 0.018551862 |
|    clip_fraction        | 0.15        |
|    clip_range           | 0.2         |
|    entropy_loss         | -0.844      |
|    explained_variance   | 0.139       |
|    learning_rate        | 0.0003      |
|    loss                 | 0.108       |
|    n_updates            | 290         |
|    policy_gradient_loss | 0.00318     |
|    std                  | 0.564       |
|    value_loss           | 28.7        |
-----------------------------------------
-----------------------------------------
| rollout/                |             |
|    ep_len_mean          | 99          |
|    ep_rew_mean          | 80.4        |
| time/                   |             |
|    fps                  | 13          |
|    iterations           | 31          |
|    time_elapsed         | 37704       |
|    total_timesteps      | 507904      |
| train/                  |             |
|    approx_kl            | 0.027556166 |
|    clip_fraction        | 0.165       |
|    clip_range           | 0.2         |
|    entropy_loss         | -0.844      |
|    explained_variance   | -0.021      |
|    learning_rate        | 0.0003      |
|    loss                 | 13.5        |
|    n_updates            | 300         |
|    policy_gradient_loss | 0.00706     |
|    std                  | 0.561       |
|    value_loss           | 67.2        |
-----------------------------------------
----------------------------------------
| rollout/                |            |
|    ep_len_mean          | 103        |
|    ep_rew_mean          | 83.4       |
| time/                   |            |
|    fps                  | 13         |
|    iterations           | 32         |
|    time_elapsed         | 38907      |
|    total_timesteps      | 524288     |
| train/                  |            |
|    approx_kl            | 0.02725929 |
|    clip_fraction        | 0.156      |
|    clip_range           | 0.2        |
|    entropy_loss         | -0.843     |
|    explained_variance   | 0.101      |
|    learning_rate        | 0.0003     |
|    loss                 | 37.1       |
|    n_updates            | 310        |
|    policy_gradient_loss | 0.00367    |
|    std                  | 0.561      |
|    value_loss           | 109        |
----------------------------------------
----------------------------------------
| rollout/                |            |
|    ep_len_mean          | 103        |
|    ep_rew_mean          | 84.4       |
| time/                   |            |
|    fps                  | 13         |
|    iterations           | 33         |
|    time_elapsed         | 40114      |
|    total_timesteps      | 540672     |
| train/                  |            |
|    approx_kl            | 0.02578571 |
|    clip_fraction        | 0.17       |
|    clip_range           | 0.2        |
|    entropy_loss         | -0.835     |
|    explained_variance   | 0.194      |
|    learning_rate        | 0.0003     |
|    loss                 | 34.2       |
|    n_updates            | 320        |
|    policy_gradient_loss | 0.00254    |
|    std                  | 0.561      |
|    value_loss           | 79.3       |
----------------------------------------
----------------------------------------
| rollout/                |            |
|    ep_len_mean          | 102        |
|    ep_rew_mean          | 82.2       |
| time/                   |            |
|    fps                  | 13         |
|    iterations           | 34         |
|    time_elapsed         | 41316      |
|    total_timesteps      | 557056     |
| train/                  |            |
|    approx_kl            | 0.02195411 |
|    clip_fraction        | 0.167      |
|    clip_range           | 0.2        |
|    entropy_loss         | -0.835     |
|    explained_variance   | 0.173      |
|    learning_rate        | 0.0003     |
|    loss                 | 65.1       |
|    n_updates            | 330        |
|    policy_gradient_loss | 0.00407    |
|    std                  | 0.555      |
|    value_loss           | 81.8       |
----------------------------------------
-----------------------------------------
| rollout/                |             |
|    ep_len_mean          | 100         |
|    ep_rew_mean          | 81.5        |
| time/                   |             |
|    fps                  | 13          |
|    iterations           | 35          |
|    time_elapsed         | 42520       |
|    total_timesteps      | 573440      |
| train/                  |             |
|    approx_kl            | 0.023544122 |
|    clip_fraction        | 0.178       |
|    clip_range           | 0.2         |
|    entropy_loss         | -0.816      |
|    explained_variance   | 0.227       |
|    learning_rate        | 0.0003      |
|    loss                 | 12.2        |
|    n_updates            | 340         |
|    policy_gradient_loss | 0.000773    |
|    std                  | 0.547       |
|    value_loss           | 70.5        |
-----------------------------------------
----------------------------------------
| rollout/                |            |
|    ep_len_mean          | 110        |
|    ep_rew_mean          | 88.9       |
| time/                   |            |
|    fps                  | 13         |
|    iterations           | 36         |
|    time_elapsed         | 43728      |
|    total_timesteps      | 589824     |
| train/                  |            |
|    approx_kl            | 0.02221733 |
|    clip_fraction        | 0.195      |
|    clip_range           | 0.2        |
|    entropy_loss         | -0.821     |
|    explained_variance   | 0.286      |
|    learning_rate        | 0.0003     |
|    loss                 | 34.9       |
|    n_updates            | 350        |
|    policy_gradient_loss | 0.00331    |
|    std                  | 0.552      |
|    value_loss           | 52         |
----------------------------------------
-----------------------------------------
| rollout/                |             |
|    ep_len_mean          | 113         |
|    ep_rew_mean          | 91.6        |
| time/                   |             |
|    fps                  | 13          |
|    iterations           | 37          |
|    time_elapsed         | 44938       |
|    total_timesteps      | 606208      |
| train/                  |             |
|    approx_kl            | 0.018344421 |
|    clip_fraction        | 0.2         |
|    clip_range           | 0.2         |
|    entropy_loss         | -0.827      |
|    explained_variance   | 0.327       |
|    learning_rate        | 0.0003      |
|    loss                 | 42.5        |
|    n_updates            | 360         |
|    policy_gradient_loss | 0.00657     |
|    std                  | 0.548       |
|    value_loss           | 32.6        |
-----------------------------------------
-----------------------------------------
| rollout/                |             |
|    ep_len_mean          | 115         |
|    ep_rew_mean          | 93          |
| time/                   |             |
|    fps                  | 13          |
|    iterations           | 38          |
|    time_elapsed         | 46141       |
|    total_timesteps      | 622592      |
| train/                  |             |
|    approx_kl            | 0.021017782 |
|    clip_fraction        | 0.181       |
|    clip_range           | 0.2         |
|    entropy_loss         | -0.806      |
|    explained_variance   | 0.355       |
|    learning_rate        | 0.0003      |
|    loss                 | 31.7        |
|    n_updates            | 370         |
|    policy_gradient_loss | 0.0029      |
|    std                  | 0.54        |
|    value_loss           | 24.1        |
-----------------------------------------
-----------------------------------------
| rollout/                |             |
|    ep_len_mean          | 115         |
|    ep_rew_mean          | 92.5        |
| time/                   |             |
|    fps                  | 13          |
|    iterations           | 39          |
|    time_elapsed         | 47346       |
|    total_timesteps      | 638976      |
| train/                  |             |
|    approx_kl            | 0.026472753 |
|    clip_fraction        | 0.201       |
|    clip_range           | 0.2         |
|    entropy_loss         | -0.787      |
|    explained_variance   | 0.359       |
|    learning_rate        | 0.0003      |
|    loss                 | 1.81        |
|    n_updates            | 380         |
|    policy_gradient_loss | 0.00607     |
|    std                  | 0.528       |
|    value_loss           | 21.1        |
-----------------------------------------
-----------------------------------------
| rollout/                |             |
|    ep_len_mean          | 109         |
|    ep_rew_mean          | 88.5        |
| time/                   |             |
|    fps                  | 13          |
|    iterations           | 40          |
|    time_elapsed         | 48557       |
|    total_timesteps      | 655360      |
| train/                  |             |
|    approx_kl            | 0.016255451 |
|    clip_fraction        | 0.157       |
|    clip_range           | 0.2         |
|    entropy_loss         | -0.761      |
|    explained_variance   | 0.413       |
|    learning_rate        | 0.0003      |
|    loss                 | 0.179       |
|    n_updates            | 390         |
|    policy_gradient_loss | 0.0022      |
|    std                  | 0.517       |
|    value_loss           | 8.91        |
-----------------------------------------
-----------------------------------------
| rollout/                |             |
|    ep_len_mean          | 116         |
|    ep_rew_mean          | 93.8        |
| time/                   |             |
|    fps                  | 13          |
|    iterations           | 41          |
|    time_elapsed         | 49765       |
|    total_timesteps      | 671744      |
| train/                  |             |
|    approx_kl            | 0.023345437 |
|    clip_fraction        | 0.171       |
|    clip_range           | 0.2         |
|    entropy_loss         | -0.755      |
|    explained_variance   | 0.188       |
|    learning_rate        | 0.0003      |
|    loss                 | 6.84        |
|    n_updates            | 400         |
|    policy_gradient_loss | 0.00534     |
|    std                  | 0.51        |
|    value_loss           | 15.1        |
-----------------------------------------
----------------------------------------
| rollout/                |            |
|    ep_len_mean          | 109        |
|    ep_rew_mean          | 88.2       |
| time/                   |            |
|    fps                  | 13         |
|    iterations           | 42         |
|    time_elapsed         | 50978      |
|    total_timesteps      | 688128     |
| train/                  |            |
|    approx_kl            | 0.01979912 |
|    clip_fraction        | 0.181      |
|    clip_range           | 0.2        |
|    entropy_loss         | -0.735     |
|    explained_variance   | 0.211      |
|    learning_rate        | 0.0003     |
|    loss                 | 0.158      |
|    n_updates            | 410        |
|    policy_gradient_loss | 0.00491    |
|    std                  | 0.499      |
|    value_loss           | 14.9       |
----------------------------------------
-----------------------------------------
| rollout/                |             |
|    ep_len_mean          | 116         |
|    ep_rew_mean          | 93.9        |
| time/                   |             |
|    fps                  | 13          |
|    iterations           | 43          |
|    time_elapsed         | 52193       |
|    total_timesteps      | 704512      |
| train/                  |             |
|    approx_kl            | 0.017647902 |
|    clip_fraction        | 0.178       |
|    clip_range           | 0.2         |
|    entropy_loss         | -0.71       |
|    explained_variance   | 0.0529      |
|    learning_rate        | 0.0003      |
|    loss                 | 0.47        |
|    n_updates            | 420         |
|    policy_gradient_loss | 0.0032      |
|    std                  | 0.491       |
|    value_loss           | 14.9        |
-----------------------------------------
-----------------------------------------
| rollout/                |             |
|    ep_len_mean          | 107         |
|    ep_rew_mean          | 87          |
| time/                   |             |
|    fps                  | 13          |
|    iterations           | 44          |
|    time_elapsed         | 53405       |
|    total_timesteps      | 720896      |
| train/                  |             |
|    approx_kl            | 0.021113973 |
|    clip_fraction        | 0.181       |
|    clip_range           | 0.2         |
|    entropy_loss         | -0.692      |
|    explained_variance   | 0.273       |
|    learning_rate        | 0.0003      |
|    loss                 | 0.064       |
|    n_updates            | 430         |
|    policy_gradient_loss | 0.00192     |
|    std                  | 0.481       |
|    value_loss           | 5.45        |
-----------------------------------------
-----------------------------------------
| rollout/                |             |
|    ep_len_mean          | 118         |
|    ep_rew_mean          | 96.2        |
| time/                   |             |
|    fps                  | 13          |
|    iterations           | 45          |
|    time_elapsed         | 54620       |
|    total_timesteps      | 737280      |
| train/                  |             |
|    approx_kl            | 0.021291437 |
|    clip_fraction        | 0.184       |
|    clip_range           | 0.2         |
|    entropy_loss         | -0.675      |
|    explained_variance   | 0.16        |
|    learning_rate        | 0.0003      |
|    loss                 | 0.156       |
|    n_updates            | 440         |
|    policy_gradient_loss | 0.00348     |
|    std                  | 0.472       |
|    value_loss           | 11.8        |
-----------------------------------------
-----------------------------------------
| rollout/                |             |
|    ep_len_mean          | 115         |
|    ep_rew_mean          | 93.2        |
| time/                   |             |
|    fps                  | 13          |
|    iterations           | 46          |
|    time_elapsed         | 55841       |
|    total_timesteps      | 753664      |
| train/                  |             |
|    approx_kl            | 0.021735817 |
|    clip_fraction        | 0.18        |
|    clip_range           | 0.2         |
|    entropy_loss         | -0.662      |
|    explained_variance   | 0.122       |
|    learning_rate        | 0.0003      |
|    loss                 | 0.176       |
|    n_updates            | 450         |
|    policy_gradient_loss | 0.000349    |
|    std                  | 0.468       |
|    value_loss           | 9.93        |
-----------------------------------------
-----------------------------------------
| rollout/                |             |
|    ep_len_mean          | 117         |
|    ep_rew_mean          | 95.1        |
| time/                   |             |
|    fps                  | 13          |
|    iterations           | 47          |
|    time_elapsed         | 57055       |
|    total_timesteps      | 770048      |
| train/                  |             |
|    approx_kl            | 0.025121374 |
|    clip_fraction        | 0.174       |
|    clip_range           | 0.2         |
|    entropy_loss         | -0.656      |
|    explained_variance   | 0.118       |
|    learning_rate        | 0.0003      |
|    loss                 | 45.2        |
|    n_updates            | 460         |
|    policy_gradient_loss | 0.00342     |
|    std                  | 0.465       |
|    value_loss           | 21          |
-----------------------------------------
-----------------------------------------
| rollout/                |             |
|    ep_len_mean          | 112         |
|    ep_rew_mean          | 90.4        |
| time/                   |             |
|    fps                  | 13          |
|    iterations           | 48          |
|    time_elapsed         | 58271       |
|    total_timesteps      | 786432      |
| train/                  |             |
|    approx_kl            | 0.021474244 |
|    clip_fraction        | 0.181       |
|    clip_range           | 0.2         |
|    entropy_loss         | -0.637      |
|    explained_variance   | 0.423       |
|    learning_rate        | 0.0003      |
|    loss                 | 0.294       |
|    n_updates            | 470         |
|    policy_gradient_loss | 0.00335     |
|    std                  | 0.454       |
|    value_loss           | 4.25        |
-----------------------------------------
-----------------------------------------
| rollout/                |             |
|    ep_len_mean          | 117         |
|    ep_rew_mean          | 94.9        |
| time/                   |             |
|    fps                  | 13          |
|    iterations           | 49          |
|    time_elapsed         | 59487       |
|    total_timesteps      | 802816      |
| train/                  |             |
|    approx_kl            | 0.017302223 |
|    clip_fraction        | 0.163       |
|    clip_range           | 0.2         |
|    entropy_loss         | -0.618      |
|    explained_variance   | 0.394       |
|    learning_rate        | 0.0003      |
|    loss                 | 0.176       |
|    n_updates            | 480         |
|    policy_gradient_loss | 0.00226     |
|    std                  | 0.445       |
|    value_loss           | 5.88        |
-----------------------------------------
-----------------------------------------
| rollout/                |             |
|    ep_len_mean          | 114         |
|    ep_rew_mean          | 92.6        |
| time/                   |             |
|    fps                  | 13          |
|    iterations           | 50          |
|    time_elapsed         | 60702       |
|    total_timesteps      | 819200      |
| train/                  |             |
|    approx_kl            | 0.017023485 |
|    clip_fraction        | 0.154       |
|    clip_range           | 0.2         |
|    entropy_loss         | -0.617      |
|    explained_variance   | 0.209       |
|    learning_rate        | 0.0003      |
|    loss                 | 6.54        |
|    n_updates            | 490         |
|    policy_gradient_loss | 0.00254     |
|    std                  | 0.451       |
|    value_loss           | 9.36        |
-----------------------------------------
-----------------------------------------
| rollout/                |             |
|    ep_len_mean          | 118         |
|    ep_rew_mean          | 95.4        |
| time/                   |             |
|    fps                  | 13          |
|    iterations           | 51          |
|    time_elapsed         | 61920       |
|    total_timesteps      | 835584      |
| train/                  |             |
|    approx_kl            | 0.021112561 |
|    clip_fraction        | 0.174       |
|    clip_range           | 0.2         |
|    entropy_loss         | -0.641      |
|    explained_variance   | 0.325       |
|    learning_rate        | 0.0003      |
|    loss                 | 0.538       |
|    n_updates            | 500         |
|    policy_gradient_loss | 0.00221     |
|    std                  | 0.459       |
|    value_loss           | 7.38        |
-----------------------------------------
-----------------------------------------
| rollout/                |             |
|    ep_len_mean          | 118         |
|    ep_rew_mean          | 96          |
| time/                   |             |
|    fps                  | 13          |
|    iterations           | 52          |
|    time_elapsed         | 63133       |
|    total_timesteps      | 851968      |
| train/                  |             |
|    approx_kl            | 0.018196747 |
|    clip_fraction        | 0.159       |
|    clip_range           | 0.2         |
|    entropy_loss         | -0.63       |
|    explained_variance   | 0.565       |
|    learning_rate        | 0.0003      |
|    loss                 | 0.0311      |
|    n_updates            | 510         |
|    policy_gradient_loss | 0.00134     |
|    std                  | 0.453       |
|    value_loss           | 3.01        |
-----------------------------------------
----------------------------------------
| rollout/                |            |
|    ep_len_mean          | 116        |
|    ep_rew_mean          | 95.6       |
| time/                   |            |
|    fps                  | 13         |
|    iterations           | 53         |
|    time_elapsed         | 64345      |
|    total_timesteps      | 868352     |
| train/                  |            |
|    approx_kl            | 0.01844983 |
|    clip_fraction        | 0.151      |
|    clip_range           | 0.2        |
|    entropy_loss         | -0.636     |
|    explained_variance   | 0.33       |
|    learning_rate        | 0.0003     |
|    loss                 | 3.87       |
|    n_updates            | 520        |
|    policy_gradient_loss | 0.00215    |
|    std                  | 0.458      |
|    value_loss           | 6.89       |
----------------------------------------
-----------------------------------------
| rollout/                |             |
|    ep_len_mean          | 115         |
|    ep_rew_mean          | 94.4        |
| time/                   |             |
|    fps                  | 13          |
|    iterations           | 54          |
|    time_elapsed         | 65559       |
|    total_timesteps      | 884736      |
| train/                  |             |
|    approx_kl            | 0.018687505 |
|    clip_fraction        | 0.164       |
|    clip_range           | 0.2         |
|    entropy_loss         | -0.635      |
|    explained_variance   | 0.423       |
|    learning_rate        | 0.0003      |
|    loss                 | 2.01        |
|    n_updates            | 530         |
|    policy_gradient_loss | 0.00219     |
|    std                  | 0.457       |
|    value_loss           | 7.75        |
-----------------------------------------
-----------------------------------------
| rollout/                |             |
|    ep_len_mean          | 116         |
|    ep_rew_mean          | 95          |
| time/                   |             |
|    fps                  | 13          |
|    iterations           | 55          |
|    time_elapsed         | 66773       |
|    total_timesteps      | 901120      |
| train/                  |             |
|    approx_kl            | 0.021812402 |
|    clip_fraction        | 0.176       |
|    clip_range           | 0.2         |
|    entropy_loss         | -0.614      |
|    explained_variance   | 0.331       |
|    learning_rate        | 0.0003      |
|    loss                 | 0.0909      |
|    n_updates            | 540         |
|    policy_gradient_loss | 0.00261     |
|    std                  | 0.444       |
|    value_loss           | 10.6        |
-----------------------------------------
-----------------------------------------
| rollout/                |             |
|    ep_len_mean          | 114         |
|    ep_rew_mean          | 93.7        |
| time/                   |             |
|    fps                  | 13          |
|    iterations           | 56          |
|    time_elapsed         | 67987       |
|    total_timesteps      | 917504      |
| train/                  |             |
|    approx_kl            | 0.025819793 |
|    clip_fraction        | 0.195       |
|    clip_range           | 0.2         |
|    entropy_loss         | -0.608      |
|    explained_variance   | 0.122       |
|    learning_rate        | 0.0003      |
|    loss                 | 0.232       |
|    n_updates            | 550         |
|    policy_gradient_loss | 0.00438     |
|    std                  | 0.448       |
|    value_loss           | 30.4        |
-----------------------------------------
-----------------------------------------
| rollout/                |             |
|    ep_len_mean          | 116         |
|    ep_rew_mean          | 95.9        |
| time/                   |             |
|    fps                  | 13          |
|    iterations           | 57          |
|    time_elapsed         | 69196       |
|    total_timesteps      | 933888      |
| train/                  |             |
|    approx_kl            | 0.021490648 |
|    clip_fraction        | 0.176       |
|    clip_range           | 0.2         |
|    entropy_loss         | -0.594      |
|    explained_variance   | 0.263       |
|    learning_rate        | 0.0003      |
|    loss                 | 1.23        |
|    n_updates            | 560         |
|    policy_gradient_loss | 0.00282     |
|    std                  | 0.434       |
|    value_loss           | 10.9        |
-----------------------------------------
----------------------------------------
| rollout/                |            |
|    ep_len_mean          | 119        |
|    ep_rew_mean          | 97.5       |
| time/                   |            |
|    fps                  | 13         |
|    iterations           | 58         |
|    time_elapsed         | 70404      |
|    total_timesteps      | 950272     |
| train/                  |            |
|    approx_kl            | 0.01992431 |
|    clip_fraction        | 0.168      |
|    clip_range           | 0.2        |
|    entropy_loss         | -0.574     |
|    explained_variance   | 0.767      |
|    learning_rate        | 0.0003     |
|    loss                 | 0.034      |
|    n_updates            | 570        |
|    policy_gradient_loss | 0.00153    |
|    std                  | 0.429      |
|    value_loss           | 2.36       |
----------------------------------------
-----------------------------------------
| rollout/                |             |
|    ep_len_mean          | 109         |
|    ep_rew_mean          | 89.2        |
| time/                   |             |
|    fps                  | 13          |
|    iterations           | 59          |
|    time_elapsed         | 71620       |
|    total_timesteps      | 966656      |
| train/                  |             |
|    approx_kl            | 0.018098474 |
|    clip_fraction        | 0.169       |
|    clip_range           | 0.2         |
|    entropy_loss         | -0.564      |
|    explained_variance   | 0.476       |
|    learning_rate        | 0.0003      |
|    loss                 | 0.469       |
|    n_updates            | 580         |
|    policy_gradient_loss | 0.000826    |
|    std                  | 0.424       |
|    value_loss           | 4.46        |
-----------------------------------------
-----------------------------------------
| rollout/                |             |
|    ep_len_mean          | 118         |
|    ep_rew_mean          | 96.9        |
| time/                   |             |
|    fps                  | 13          |
|    iterations           | 60          |
|    time_elapsed         | 72832       |
|    total_timesteps      | 983040      |
| train/                  |             |
|    approx_kl            | 0.060540855 |
|    clip_fraction        | 0.186       |
|    clip_range           | 0.2         |
|    entropy_loss         | -0.566      |
|    explained_variance   | 0.243       |
|    learning_rate        | 0.0003      |
|    loss                 | 0.151       |
|    n_updates            | 590         |
|    policy_gradient_loss | 0.0023      |
|    std                  | 0.428       |
|    value_loss           | 24.9        |
-----------------------------------------
-----------------------------------------
| rollout/                |             |
|    ep_len_mean          | 115         |
|    ep_rew_mean          | 94.6        |
| time/                   |             |
|    fps                  | 13          |
|    iterations           | 61          |
|    time_elapsed         | 74046       |
|    total_timesteps      | 999424      |
| train/                  |             |
|    approx_kl            | 0.021084437 |
|    clip_fraction        | 0.169       |
|    clip_range           | 0.2         |
|    entropy_loss         | -0.578      |
|    explained_variance   | 0.405       |
|    learning_rate        | 0.0003      |
|    loss                 | 0.183       |
|    n_updates            | 600         |
|    policy_gradient_loss | 0.00189     |
|    std                  | 0.429       |
|    value_loss           | 4.54        |
-----------------------------------------
-----------------------------------------
| rollout/                |             |
|    ep_len_mean          | 107         |
|    ep_rew_mean          | 87.9        |
| time/                   |             |
|    fps                  | 13          |
|    iterations           | 62          |
|    time_elapsed         | 75256       |
|    total_timesteps      | 1015808     |
| train/                  |             |
|    approx_kl            | 0.044130675 |
|    clip_fraction        | 0.178       |
|    clip_range           | 0.2         |
|    entropy_loss         | -0.567      |
|    explained_variance   | 0.293       |
|    learning_rate        | 0.0003      |
|    loss                 | 0.355       |
|    n_updates            | 610         |
|    policy_gradient_loss | 0.00255     |
|    std                  | 0.421       |
|    value_loss           | 9.41        |
-----------------------------------------
ppo_attn_learned_cf_obs20_dense_v6_seed2 obs shape: (20, 5) action space: Box(-1.0, 1.0, (1,), float32)
Using cpu device
Logging to runs/tb/ppo_attn_learned_cf_obs20_dense_v6_seed2_1
---------------------------------
| rollout/           |          |
|    ep_len_mean     | 14.7     |
|    ep_rew_mean     | 9.79     |
| time/              |          |
|    fps             | 13       |
|    iterations      | 1        |
|    time_elapsed    | 1220     |
|    total_timesteps | 16384    |
---------------------------------
-----------------------------------------
| rollout/                |             |
|    ep_len_mean          | 43.8        |
|    ep_rew_mean          | 29          |
| time/                   |             |
|    fps                  | 13          |
|    iterations           | 2           |
|    time_elapsed         | 2439        |
|    total_timesteps      | 32768       |
| train/                  |             |
|    approx_kl            | 0.008770445 |
|    clip_fraction        | 0.118       |
|    clip_range           | 0.2         |
|    entropy_loss         | -1.41       |
|    explained_variance   | -0.0115     |
|    learning_rate        | 0.0003      |
|    loss                 | 3.38        |
|    n_updates            | 10          |
|    policy_gradient_loss | -0.0129     |
|    std                  | 0.993       |
|    value_loss           | 8.95        |
-----------------------------------------
------------------------------------------
| rollout/                |              |
|    ep_len_mean          | 56.8         |
|    ep_rew_mean          | 40.3         |
| time/                   |              |
|    fps                  | 13           |
|    iterations           | 3            |
|    time_elapsed         | 3659         |
|    total_timesteps      | 49152        |
| train/                  |              |
|    approx_kl            | 0.0111865895 |
|    clip_fraction        | 0.135        |
|    clip_range           | 0.2          |
|    entropy_loss         | -1.39        |
|    explained_variance   | 0.567        |
|    learning_rate        | 0.0003       |
|    loss                 | 6.83         |
|    n_updates            | 20           |
|    policy_gradient_loss | -0.0191      |
|    std                  | 0.961        |
|    value_loss           | 16.2         |
------------------------------------------
-----------------------------------------
| rollout/                |             |
|    ep_len_mean          | 89.9        |
|    ep_rew_mean          | 66.4        |
| time/                   |             |
|    fps                  | 13          |
|    iterations           | 4           |
|    time_elapsed         | 4876        |
|    total_timesteps      | 65536       |
| train/                  |             |
|    approx_kl            | 0.009391947 |
|    clip_fraction        | 0.105       |
|    clip_range           | 0.2         |
|    entropy_loss         | -1.36       |
|    explained_variance   | 0.561       |
|    learning_rate        | 0.0003      |
|    loss                 | 6.29        |
|    n_updates            | 30          |
|    policy_gradient_loss | -0.0164     |
|    std                  | 0.929       |
|    value_loss           | 20.5        |
-----------------------------------------
-----------------------------------------
| rollout/                |             |
|    ep_len_mean          | 96          |
|    ep_rew_mean          | 71.8        |
| time/                   |             |
|    fps                  | 13          |
|    iterations           | 5           |
|    time_elapsed         | 6091        |
|    total_timesteps      | 81920       |
| train/                  |             |
|    approx_kl            | 0.010136545 |
|    clip_fraction        | 0.109       |
|    clip_range           | 0.2         |
|    entropy_loss         | -1.32       |
|    explained_variance   | 0.425       |
|    learning_rate        | 0.0003      |
|    loss                 | 12.4        |
|    n_updates            | 40          |
|    policy_gradient_loss | -0.00807    |
|    std                  | 0.898       |
|    value_loss           | 13.8        |
-----------------------------------------
-----------------------------------------
| rollout/                |             |
|    ep_len_mean          | 100         |
|    ep_rew_mean          | 74          |
| time/                   |             |
|    fps                  | 13          |
|    iterations           | 6           |
|    time_elapsed         | 7309        |
|    total_timesteps      | 98304       |
| train/                  |             |
|    approx_kl            | 0.009432577 |
|    clip_fraction        | 0.1         |
|    clip_range           | 0.2         |
|    entropy_loss         | -1.3        |
|    explained_variance   | 0.393       |
|    learning_rate        | 0.0003      |
|    loss                 | 3.12        |
|    n_updates            | 50          |
|    policy_gradient_loss | -0.00614    |
|    std                  | 0.879       |
|    value_loss           | 12.5        |
-----------------------------------------
-----------------------------------------
| rollout/                |             |
|    ep_len_mean          | 102         |
|    ep_rew_mean          | 76.6        |
| time/                   |             |
|    fps                  | 13          |
|    iterations           | 7           |
|    time_elapsed         | 8525        |
|    total_timesteps      | 114688      |
| train/                  |             |
|    approx_kl            | 0.007494759 |
|    clip_fraction        | 0.0972      |
|    clip_range           | 0.2         |
|    entropy_loss         | -1.27       |
|    explained_variance   | 0.496       |
|    learning_rate        | 0.0003      |
|    loss                 | 0.691       |
|    n_updates            | 60          |
|    policy_gradient_loss | -0.00579    |
|    std                  | 0.863       |
|    value_loss           | 6.82        |
-----------------------------------------
-----------------------------------------
| rollout/                |             |
|    ep_len_mean          | 101         |
|    ep_rew_mean          | 76.8        |
| time/                   |             |
|    fps                  | 13          |
|    iterations           | 8           |
|    time_elapsed         | 9743        |
|    total_timesteps      | 131072      |
| train/                  |             |
|    approx_kl            | 0.007682263 |
|    clip_fraction        | 0.0928      |
|    clip_range           | 0.2         |
|    entropy_loss         | -1.26       |
|    explained_variance   | 0.152       |
|    learning_rate        | 0.0003      |
|    loss                 | 0.826       |
|    n_updates            | 70          |
|    policy_gradient_loss | -0.00439    |
|    std                  | 0.851       |
|    value_loss           | 8.19        |
-----------------------------------------
-----------------------------------------
| rollout/                |             |
|    ep_len_mean          | 111         |
|    ep_rew_mean          | 84.3        |
| time/                   |             |
|    fps                  | 13          |
|    iterations           | 9           |
|    time_elapsed         | 10959       |
|    total_timesteps      | 147456      |
| train/                  |             |
|    approx_kl            | 0.007860174 |
|    clip_fraction        | 0.0984      |
|    clip_range           | 0.2         |
|    entropy_loss         | -1.24       |
|    explained_variance   | 0.301       |
|    learning_rate        | 0.0003      |
|    loss                 | 0.513       |
|    n_updates            | 80          |
|    policy_gradient_loss | -0.00552    |
|    std                  | 0.827       |
|    value_loss           | 7.84        |
-----------------------------------------
-----------------------------------------
| rollout/                |             |
|    ep_len_mean          | 115         |
|    ep_rew_mean          | 89.2        |
| time/                   |             |
|    fps                  | 13          |
|    iterations           | 10          |
|    time_elapsed         | 12176       |
|    total_timesteps      | 163840      |
| train/                  |             |
|    approx_kl            | 0.010628851 |
|    clip_fraction        | 0.119       |
|    clip_range           | 0.2         |
|    entropy_loss         | -1.2        |
|    explained_variance   | 0.00966     |
|    learning_rate        | 0.0003      |
|    loss                 | 0.761       |
|    n_updates            | 90          |
|    policy_gradient_loss | -0.00671    |
|    std                  | 0.8         |
|    value_loss           | 4.88        |
-----------------------------------------
-----------------------------------------
| rollout/                |             |
|    ep_len_mean          | 117         |
|    ep_rew_mean          | 90.9        |
| time/                   |             |
|    fps                  | 13          |
|    iterations           | 11          |
|    time_elapsed         | 13393       |
|    total_timesteps      | 180224      |
| train/                  |             |
|    approx_kl            | 0.008135095 |
|    clip_fraction        | 0.0909      |
|    clip_range           | 0.2         |
|    entropy_loss         | -1.17       |
|    explained_variance   | 0.525       |
|    learning_rate        | 0.0003      |
|    loss                 | 0.444       |
|    n_updates            | 100         |
|    policy_gradient_loss | -0.00316    |
|    std                  | 0.78        |
|    value_loss           | 3.48        |
-----------------------------------------
-----------------------------------------
| rollout/                |             |
|    ep_len_mean          | 113         |
|    ep_rew_mean          | 88.2        |
| time/                   |             |
|    fps                  | 13          |
|    iterations           | 12          |
|    time_elapsed         | 14614       |
|    total_timesteps      | 196608      |
| train/                  |             |
|    approx_kl            | 0.007744438 |
|    clip_fraction        | 0.0867      |
|    clip_range           | 0.2         |
|    entropy_loss         | -1.15       |
|    explained_variance   | 0.419       |
|    learning_rate        | 0.0003      |
|    loss                 | 1.95        |
|    n_updates            | 110         |
|    policy_gradient_loss | -0.00236    |
|    std                  | 0.762       |
|    value_loss           | 5.57        |
-----------------------------------------
-----------------------------------------
| rollout/                |             |
|    ep_len_mean          | 111         |
|    ep_rew_mean          | 87.1        |
| time/                   |             |
|    fps                  | 13          |
|    iterations           | 13          |
|    time_elapsed         | 15832       |
|    total_timesteps      | 212992      |
| train/                  |             |
|    approx_kl            | 0.008367821 |
|    clip_fraction        | 0.0963      |
|    clip_range           | 0.2         |
|    entropy_loss         | -1.13       |
|    explained_variance   | 0.572       |
|    learning_rate        | 0.0003      |
|    loss                 | 0.26        |
|    n_updates            | 120         |
|    policy_gradient_loss | -0.00146    |
|    std                  | 0.749       |
|    value_loss           | 4.08        |
-----------------------------------------
-----------------------------------------
| rollout/                |             |
|    ep_len_mean          | 111         |
|    ep_rew_mean          | 88.6        |
| time/                   |             |
|    fps                  | 13          |
|    iterations           | 14          |
|    time_elapsed         | 17051       |
|    total_timesteps      | 229376      |
| train/                  |             |
|    approx_kl            | 0.010342997 |
|    clip_fraction        | 0.105       |
|    clip_range           | 0.2         |
|    entropy_loss         | -1.11       |
|    explained_variance   | 0.535       |
|    learning_rate        | 0.0003      |
|    loss                 | 0.289       |
|    n_updates            | 130         |
|    policy_gradient_loss | -0.00197    |
|    std                  | 0.733       |
|    value_loss           | 8.11        |
-----------------------------------------
-----------------------------------------
| rollout/                |             |
|    ep_len_mean          | 114         |
|    ep_rew_mean          | 90.4        |
| time/                   |             |
|    fps                  | 13          |
|    iterations           | 15          |
|    time_elapsed         | 18266       |
|    total_timesteps      | 245760      |
| train/                  |             |
|    approx_kl            | 0.009096224 |
|    clip_fraction        | 0.1         |
|    clip_range           | 0.2         |
|    entropy_loss         | -1.09       |
|    explained_variance   | 0.434       |
|    learning_rate        | 0.0003      |
|    loss                 | 0.632       |
|    n_updates            | 140         |
|    policy_gradient_loss | -0.002      |
|    std                  | 0.712       |
|    value_loss           | 7.5         |
-----------------------------------------
-----------------------------------------
| rollout/                |             |
|    ep_len_mean          | 118         |
|    ep_rew_mean          | 94.4        |
| time/                   |             |
|    fps                  | 13          |
|    iterations           | 16          |
|    time_elapsed         | 19487       |
|    total_timesteps      | 262144      |
| train/                  |             |
|    approx_kl            | 0.008463511 |
|    clip_fraction        | 0.0988      |
|    clip_range           | 0.2         |
|    entropy_loss         | -1.06       |
|    explained_variance   | 0.3         |
|    learning_rate        | 0.0003      |
|    loss                 | 0.155       |
|    n_updates            | 150         |
|    policy_gradient_loss | -0.0018     |
|    std                  | 0.697       |
|    value_loss           | 5.61        |
-----------------------------------------
-----------------------------------------
| rollout/                |             |
|    ep_len_mean          | 116         |
|    ep_rew_mean          | 92.9        |
| time/                   |             |
|    fps                  | 13          |
|    iterations           | 17          |
|    time_elapsed         | 20703       |
|    total_timesteps      | 278528      |
| train/                  |             |
|    approx_kl            | 0.009330291 |
|    clip_fraction        | 0.0997      |
|    clip_range           | 0.2         |
|    entropy_loss         | -1.04       |
|    explained_variance   | 0.77        |
|    learning_rate        | 0.0003      |
|    loss                 | 0.18        |
|    n_updates            | 160         |
|    policy_gradient_loss | -0.00181    |
|    std                  | 0.679       |
|    value_loss           | 1.83        |
-----------------------------------------
-----------------------------------------
| rollout/                |             |
|    ep_len_mean          | 118         |
|    ep_rew_mean          | 95          |
| time/                   |             |
|    fps                  | 13          |
|    iterations           | 18          |
|    time_elapsed         | 21921       |
|    total_timesteps      | 294912      |
| train/                  |             |
|    approx_kl            | 0.009778202 |
|    clip_fraction        | 0.105       |
|    clip_range           | 0.2         |
|    entropy_loss         | -1.02       |
|    explained_variance   | 0.352       |
|    learning_rate        | 0.0003      |
|    loss                 | 0.225       |
|    n_updates            | 170         |
|    policy_gradient_loss | -0.00132    |
|    std                  | 0.668       |
|    value_loss           | 10.8        |
-----------------------------------------


###############################################################################
TCHPC Cluster: callan
Job 156757 (attn_learned_cf_obs20_dense_ne8_1000000_v6) for User 'hadjitot' in Account 'callan_hadjitot'
Finished at: Sat Mar  7 15:05:17 GMT 2026

Job efficiency estimates:
=========================

Job ID: 156757
Cluster: callan
User/Group: hadjitot/hadjitot
State: RUNNING
Nodes: 1
Cores per node: 16
CPU Utilized: 00:00:00
CPU Efficiency: 0.00% of 31-23:52:16 core-walltime
Job Wall-clock time: 1-23:59:31
Memory Utilized: 0.00 MB
Memory Efficiency: 0.00% of 32.00 GB (32.00 GB/node)
WARNING: Efficiency statistics can only be obtained after the job has ended as seff tool is based on the accounting database data.

Job completion status:
======================

JobID           JobName AllocCPUS NTasks NNodes     MaxRSS    MaxRSSNode  MaxDiskRead MaxDiskWrite    Elapsed      State ExitCode 
------------ ---------- --------- ------ ------ ---------- ------------- ------------ ------------ ---------- ---------- -------- 
156757       attn_lear+        16             1                                                    2-00:00:06    TIMEOUT      0:0 
156757.batch      batch        16      1      1                                                    2-00:00:06    TIMEOUT      0:0 
156757.exte+     extern        16      1      1                                                    2-00:00:06    TIMEOUT      0:0 


Job details:
============

JobId=156757 JobName=attn_learned_cf_obs20_dense_ne8_1000000_v6
   UserId=hadjitot(2357) GroupId=hadjitot(2300) MCS_label=N/A
   Priority=104235 Nice=0 Account=callan_hadjitot QOS=normal
   JobState=COMPLETING Reason=TimeLimit Dependency=(null)
   Requeue=0 Restarts=0 BatchFlag=1 Reboot=0 ExitCode=0:0
   DerivedExitCode=0:0
   RunTime=2-00:00:06 TimeLimit=2-00:00:00 TimeMin=N/A
   SubmitTime=2026-03-05T15:05:07 EligibleTime=2026-03-05T15:05:07
   AccrueTime=2026-03-05T15:05:07
   StartTime=2026-03-05T15:05:11 EndTime=2026-03-07T15:05:17 Deadline=N/A
   SuspendTime=None SecsPreSuspend=0 LastSchedEval=2026-03-05T15:05:11 Scheduler=Backfill
   Partition=compute AllocNode:Sid=callan01:23784
   ReqNodeList=(null) ExcNodeList=(null)
   NodeList=callan-n05
   BatchHost=callan-n05
   NumNodes=1 NumCPUs=16 NumTasks=1 CPUs/Task=16 ReqB:S:C:T=0:0:*:*
   ReqTRES=cpu=16,mem=32G,node=1,billing=16
   AllocTRES=cpu=16,mem=32G,node=1,billing=16
   Socks/Node=* NtasksPerN:B:S:C=0:0:*:* CoreSpec=*
   JOB_GRES=(null)
     Nodes=callan-n05 CPU_IDs=21-31,52-56 Mem=32768 GRES=
   MinCPUsNode=16 MinMemoryNode=32G MinTmpDiskNode=0
   Features=(null) DelayBoot=00:00:00
   OverSubscribe=OK Contiguous=0 Licenses=(null) LicensesAlloc=(null) Network=(null)
   Command=/home/users/hadjitot/fyp/HighwayEnv/slurm/train_attention.sbatch
   WorkDir=/home/users/hadjitot/fyp/HighwayEnv
   StdErr=/home/users/hadjitot/fyp/HighwayEnv/slurm_out/attn_learned_cf_obs20_dense_ne8_1000000_v6_156757.err
   StdIn=/dev/null
   StdOut=/home/users/hadjitot/fyp/HighwayEnv/slurm_out/attn_learned_cf_obs20_dense_ne8_1000000_v6_156757.out
   TresPerTask=cpu=16
   


Disk quota details:
===================

                         Block Limits                                    |                     File Limits
Name       type             MB      quota      limit   in_doubt    grace |    files   quota    limit in_doubt    grace
root       USR         4824702          0          0          0     none |   383869       0        0        0     none
root       FILESET     4633364          0          0       2289     none |  9859564       0        0      647     none


SLURM Bank Statement:
=====================

User           Usage |        Account     Usage | Account Limit Available (CPU hrs)
---------- --------- + -------------- --------- + ------------- ---------
hadjitot      17,844 | CALLAN_HADJITOT    17,844 |       300,000   282,156


Acknowledgements:
=================

Note that usage of TCHPC Resources *must* be acknowledged in all publications.

Please see this page for details relevant to this cluster:

http://www.tchpc.tcd.ie/resources/acknowledgementpolicy

################################################################################
