Loading Anaconda 3 2024.02-1
SCENARIO_NAME=cf_obs20_dense
EXP_VERSION=v12
TOTAL_TIMESTEPS=1000000
N_ENVS=4
ATTN_MODE=uniform
X_INDEX=1
VX_INDEX=3
ORACLE_RULE=leader_x
TTC_EPS=1e-6
ppo_attn_uniform_cf_obs20_dense_v12_seed0 obs shape: (20, 5) action space: Box(-1.0, 1.0, (1,), float32)
Using cpu device
Logging to runs/tb/ppo_attn_uniform_cf_obs20_dense_v12_seed0_1
---------------------------------
| rollout/           |          |
|    ep_len_mean     | 12       |
|    ep_rew_mean     | -0.871   |
| time/              |          |
|    fps             | 116      |
|    iterations      | 1        |
|    time_elapsed    | 70       |
|    total_timesteps | 8192     |
---------------------------------
------------------------------------------
| rollout/                |              |
|    ep_len_mean          | 12           |
|    ep_rew_mean          | -0.94        |
| time/                   |              |
|    fps                  | 115          |
|    iterations           | 2            |
|    time_elapsed         | 141          |
|    total_timesteps      | 16384        |
| train/                  |              |
|    approx_kl            | 0.0008833284 |
|    clip_fraction        | 0.00164      |
|    clip_range           | 0.2          |
|    entropy_loss         | -1.42        |
|    explained_variance   | -0.00121     |
|    learning_rate        | 0.0003       |
|    loss                 | 1.61         |
|    n_updates            | 10           |
|    policy_gradient_loss | 0.000225     |
|    std                  | 0.999        |
|    value_loss           | 2.82         |
------------------------------------------
-----------------------------------------
| rollout/                |             |
|    ep_len_mean          | 12.1        |
|    ep_rew_mean          | -0.929      |
| time/                   |             |
|    fps                  | 114         |
|    iterations           | 3           |
|    time_elapsed         | 215         |
|    total_timesteps      | 24576       |
| train/                  |             |
|    approx_kl            | 0.008061949 |
|    clip_fraction        | 0.0894      |
|    clip_range           | 0.2         |
|    entropy_loss         | -1.41       |
|    explained_variance   | 0.936       |
|    learning_rate        | 0.0003      |
|    loss                 | 0.249       |
|    n_updates            | 20          |
|    policy_gradient_loss | -0.00704    |
|    std                  | 0.98        |
|    value_loss           | 0.607       |
-----------------------------------------
------------------------------------------
| rollout/                |              |
|    ep_len_mean          | 12.5         |
|    ep_rew_mean          | -0.891       |
| time/                   |              |
|    fps                  | 114          |
|    iterations           | 4            |
|    time_elapsed         | 284          |
|    total_timesteps      | 32768        |
| train/                  |              |
|    approx_kl            | 0.0079554785 |
|    clip_fraction        | 0.0988       |
|    clip_range           | 0.2          |
|    entropy_loss         | -1.39        |
|    explained_variance   | 0.943        |
|    learning_rate        | 0.0003       |
|    loss                 | 0.298        |
|    n_updates            | 30           |
|    policy_gradient_loss | -0.00572     |
|    std                  | 0.966        |
|    value_loss           | 0.473        |
------------------------------------------
-----------------------------------------
| rollout/                |             |
|    ep_len_mean          | 13          |
|    ep_rew_mean          | -0.689      |
| time/                   |             |
|    fps                  | 114         |
|    iterations           | 5           |
|    time_elapsed         | 358         |
|    total_timesteps      | 40960       |
| train/                  |             |
|    approx_kl            | 0.003569265 |
|    clip_fraction        | 0.058       |
|    clip_range           | 0.2         |
|    entropy_loss         | -1.37       |
|    explained_variance   | 0.957       |
|    learning_rate        | 0.0003      |
|    loss                 | 0.18        |
|    n_updates            | 40          |
|    policy_gradient_loss | -0.00492    |
|    std                  | 0.943       |
|    value_loss           | 0.428       |
-----------------------------------------
------------------------------------------
| rollout/                |              |
|    ep_len_mean          | 13           |
|    ep_rew_mean          | -0.794       |
| time/                   |              |
|    fps                  | 113          |
|    iterations           | 6            |
|    time_elapsed         | 432          |
|    total_timesteps      | 49152        |
| train/                  |              |
|    approx_kl            | 0.0081313765 |
|    clip_fraction        | 0.0726       |
|    clip_range           | 0.2          |
|    entropy_loss         | -1.35        |
|    explained_variance   | 0.957        |
|    learning_rate        | 0.0003       |
|    loss                 | 0.156        |
|    n_updates            | 50           |
|    policy_gradient_loss | -0.00476     |
|    std                  | 0.926        |
|    value_loss           | 0.42         |
------------------------------------------
-----------------------------------------
| rollout/                |             |
|    ep_len_mean          | 13.3        |
|    ep_rew_mean          | -0.789      |
| time/                   |             |
|    fps                  | 113         |
|    iterations           | 7           |
|    time_elapsed         | 504         |
|    total_timesteps      | 57344       |
| train/                  |             |
|    approx_kl            | 0.006908081 |
|    clip_fraction        | 0.0769      |
|    clip_range           | 0.2         |
|    entropy_loss         | -1.33       |
|    explained_variance   | 0.956       |
|    learning_rate        | 0.0003      |
|    loss                 | 0.113       |
|    n_updates            | 60          |
|    policy_gradient_loss | -0.00408    |
|    std                  | 0.907       |
|    value_loss           | 0.389       |
-----------------------------------------
-----------------------------------------
| rollout/                |             |
|    ep_len_mean          | 14          |
|    ep_rew_mean          | -0.646      |
| time/                   |             |
|    fps                  | 113         |
|    iterations           | 8           |
|    time_elapsed         | 576         |
|    total_timesteps      | 65536       |
| train/                  |             |
|    approx_kl            | 0.007925383 |
|    clip_fraction        | 0.0887      |
|    clip_range           | 0.2         |
|    entropy_loss         | -1.31       |
|    explained_variance   | 0.956       |
|    learning_rate        | 0.0003      |
|    loss                 | 0.178       |
|    n_updates            | 70          |
|    policy_gradient_loss | -0.00511    |
|    std                  | 0.888       |
|    value_loss           | 0.437       |
-----------------------------------------
-----------------------------------------
| rollout/                |             |
|    ep_len_mean          | 14.4        |
|    ep_rew_mean          | -0.551      |
| time/                   |             |
|    fps                  | 113         |
|    iterations           | 9           |
|    time_elapsed         | 649         |
|    total_timesteps      | 73728       |
| train/                  |             |
|    approx_kl            | 0.008563934 |
|    clip_fraction        | 0.103       |
|    clip_range           | 0.2         |
|    entropy_loss         | -1.29       |
|    explained_variance   | 0.956       |
|    learning_rate        | 0.0003      |
|    loss                 | 0.323       |
|    n_updates            | 80          |
|    policy_gradient_loss | -0.00524    |
|    std                  | 0.867       |
|    value_loss           | 0.442       |
-----------------------------------------
------------------------------------------
| rollout/                |              |
|    ep_len_mean          | 15           |
|    ep_rew_mean          | -0.523       |
| time/                   |              |
|    fps                  | 113          |
|    iterations           | 10           |
|    time_elapsed         | 723          |
|    total_timesteps      | 81920        |
| train/                  |              |
|    approx_kl            | 0.0063416837 |
|    clip_fraction        | 0.0882       |
|    clip_range           | 0.2          |
|    entropy_loss         | -1.26        |
|    explained_variance   | 0.955        |
|    learning_rate        | 0.0003       |
|    loss                 | 0.172        |
|    n_updates            | 90           |
|    policy_gradient_loss | -0.00379     |
|    std                  | 0.85         |
|    value_loss           | 0.446        |
------------------------------------------
------------------------------------------
| rollout/                |              |
|    ep_len_mean          | 15.4         |
|    ep_rew_mean          | -0.501       |
| time/                   |              |
|    fps                  | 113          |
|    iterations           | 11           |
|    time_elapsed         | 795          |
|    total_timesteps      | 90112        |
| train/                  |              |
|    approx_kl            | 0.0044834646 |
|    clip_fraction        | 0.0562       |
|    clip_range           | 0.2          |
|    entropy_loss         | -1.25        |
|    explained_variance   | 0.959        |
|    learning_rate        | 0.0003       |
|    loss                 | 0.202        |
|    n_updates            | 100          |
|    policy_gradient_loss | -0.00186     |
|    std                  | 0.837        |
|    value_loss           | 0.427        |
------------------------------------------
------------------------------------------
| rollout/                |              |
|    ep_len_mean          | 15.4         |
|    ep_rew_mean          | -0.538       |
| time/                   |              |
|    fps                  | 112          |
|    iterations           | 12           |
|    time_elapsed         | 871          |
|    total_timesteps      | 98304        |
| train/                  |              |
|    approx_kl            | 0.0059388718 |
|    clip_fraction        | 0.0826       |
|    clip_range           | 0.2          |
|    entropy_loss         | -1.22        |
|    explained_variance   | 0.958        |
|    learning_rate        | 0.0003       |
|    loss                 | 0.252        |
|    n_updates            | 110          |
|    policy_gradient_loss | -0.00438     |
|    std                  | 0.816        |
|    value_loss           | 0.451        |
------------------------------------------
-----------------------------------------
| rollout/                |             |
|    ep_len_mean          | 15.6        |
|    ep_rew_mean          | -0.54       |
| time/                   |             |
|    fps                  | 113         |
|    iterations           | 13          |
|    time_elapsed         | 942         |
|    total_timesteps      | 106496      |
| train/                  |             |
|    approx_kl            | 0.007108895 |
|    clip_fraction        | 0.0791      |
|    clip_range           | 0.2         |
|    entropy_loss         | -1.2        |
|    explained_variance   | 0.958       |
|    learning_rate        | 0.0003      |
|    loss                 | 0.159       |
|    n_updates            | 120         |
|    policy_gradient_loss | -0.00253    |
|    std                  | 0.802       |
|    value_loss           | 0.419       |
-----------------------------------------
-----------------------------------------
| rollout/                |             |
|    ep_len_mean          | 16.2        |
|    ep_rew_mean          | -0.448      |
| time/                   |             |
|    fps                  | 112         |
|    iterations           | 14          |
|    time_elapsed         | 1015        |
|    total_timesteps      | 114688      |
| train/                  |             |
|    approx_kl            | 0.006605144 |
|    clip_fraction        | 0.0834      |
|    clip_range           | 0.2         |
|    entropy_loss         | -1.19       |
|    explained_variance   | 0.956       |
|    learning_rate        | 0.0003      |
|    loss                 | 0.252       |
|    n_updates            | 130         |
|    policy_gradient_loss | -0.00216    |
|    std                  | 0.796       |
|    value_loss           | 0.457       |
-----------------------------------------
-----------------------------------------
| rollout/                |             |
|    ep_len_mean          | 16.9        |
|    ep_rew_mean          | -0.375      |
| time/                   |             |
|    fps                  | 112         |
|    iterations           | 15          |
|    time_elapsed         | 1088        |
|    total_timesteps      | 122880      |
| train/                  |             |
|    approx_kl            | 0.005804117 |
|    clip_fraction        | 0.0757      |
|    clip_range           | 0.2         |
|    entropy_loss         | -1.17       |
|    explained_variance   | 0.962       |
|    learning_rate        | 0.0003      |
|    loss                 | 0.183       |
|    n_updates            | 140         |
|    policy_gradient_loss | -0.00202    |
|    std                  | 0.779       |
|    value_loss           | 0.411       |
-----------------------------------------
-----------------------------------------
| rollout/                |             |
|    ep_len_mean          | 17.5        |
|    ep_rew_mean          | -0.182      |
| time/                   |             |
|    fps                  | 113         |
|    iterations           | 16          |
|    time_elapsed         | 1159        |
|    total_timesteps      | 131072      |
| train/                  |             |
|    approx_kl            | 0.007840476 |
|    clip_fraction        | 0.0831      |
|    clip_range           | 0.2         |
|    entropy_loss         | -1.14       |
|    explained_variance   | 0.943       |
|    learning_rate        | 0.0003      |
|    loss                 | 0.257       |
|    n_updates            | 150         |
|    policy_gradient_loss | -0.00143    |
|    std                  | 0.749       |
|    value_loss           | 0.454       |
-----------------------------------------
-----------------------------------------
| rollout/                |             |
|    ep_len_mean          | 19.7        |
|    ep_rew_mean          | -0.734      |
| time/                   |             |
|    fps                  | 113         |
|    iterations           | 17          |
|    time_elapsed         | 1232        |
|    total_timesteps      | 139264      |
| train/                  |             |
|    approx_kl            | 0.007451769 |
|    clip_fraction        | 0.0822      |
|    clip_range           | 0.2         |
|    entropy_loss         | -1.12       |
|    explained_variance   | 0.928       |
|    learning_rate        | 0.0003      |
|    loss                 | 0.275       |
|    n_updates            | 160         |
|    policy_gradient_loss | 0.000162    |
|    std                  | 0.732       |
|    value_loss           | 0.442       |
-----------------------------------------
-----------------------------------------
| rollout/                |             |
|    ep_len_mean          | 21.4        |
|    ep_rew_mean          | -1.13       |
| time/                   |             |
|    fps                  | 112         |
|    iterations           | 18          |
|    time_elapsed         | 1306        |
|    total_timesteps      | 147456      |
| train/                  |             |
|    approx_kl            | 0.003516904 |
|    clip_fraction        | 0.0504      |
|    clip_range           | 0.2         |
|    entropy_loss         | -1.11       |
|    explained_variance   | 0.876       |
|    learning_rate        | 0.0003      |
|    loss                 | 0.329       |
|    n_updates            | 170         |
|    policy_gradient_loss | 0.000194    |
|    std                  | 0.731       |
|    value_loss           | 0.724       |
-----------------------------------------
------------------------------------------
| rollout/                |              |
|    ep_len_mean          | 20.1         |
|    ep_rew_mean          | -0.666       |
| time/                   |              |
|    fps                  | 112          |
|    iterations           | 19           |
|    time_elapsed         | 1381         |
|    total_timesteps      | 155648       |
| train/                  |              |
|    approx_kl            | 0.0035534906 |
|    clip_fraction        | 0.0394       |
|    clip_range           | 0.2          |
|    entropy_loss         | -1.11        |
|    explained_variance   | 0.924        |
|    learning_rate        | 0.0003       |
|    loss                 | 0.186        |
|    n_updates            | 180          |
|    policy_gradient_loss | -0.00125     |
|    std                  | 0.734        |
|    value_loss           | 0.746        |
------------------------------------------
------------------------------------------
| rollout/                |              |
|    ep_len_mean          | 24.1         |
|    ep_rew_mean          | -1.18        |
| time/                   |              |
|    fps                  | 112          |
|    iterations           | 20           |
|    time_elapsed         | 1454         |
|    total_timesteps      | 163840       |
| train/                  |              |
|    approx_kl            | 0.0034646117 |
|    clip_fraction        | 0.0307       |
|    clip_range           | 0.2          |
|    entropy_loss         | -1.11        |
|    explained_variance   | 0.965        |
|    learning_rate        | 0.0003       |
|    loss                 | 0.169        |
|    n_updates            | 190          |
|    policy_gradient_loss | -0.000175    |
|    std                  | 0.744        |
|    value_loss           | 0.591        |
------------------------------------------
------------------------------------------
| rollout/                |              |
|    ep_len_mean          | 19.9         |
|    ep_rew_mean          | -0.711       |
| time/                   |              |
|    fps                  | 112          |
|    iterations           | 21           |
|    time_elapsed         | 1527         |
|    total_timesteps      | 172032       |
| train/                  |              |
|    approx_kl            | 0.0038248156 |
|    clip_fraction        | 0.0373       |
|    clip_range           | 0.2          |
|    entropy_loss         | -1.13        |
|    explained_variance   | 0.97         |
|    learning_rate        | 0.0003       |
|    loss                 | 0.434        |
|    n_updates            | 200          |
|    policy_gradient_loss | -0.00136     |
|    std                  | 0.757        |
|    value_loss           | 0.879        |
------------------------------------------
-----------------------------------------
| rollout/                |             |
|    ep_len_mean          | 22          |
|    ep_rew_mean          | -0.981      |
| time/                   |             |
|    fps                  | 112         |
|    iterations           | 22          |
|    time_elapsed         | 1599        |
|    total_timesteps      | 180224      |
| train/                  |             |
|    approx_kl            | 0.002968973 |
|    clip_fraction        | 0.0346      |
|    clip_range           | 0.2         |
|    entropy_loss         | -1.15       |
|    explained_variance   | 0.973       |
|    learning_rate        | 0.0003      |
|    loss                 | 1.28        |
|    n_updates            | 210         |
|    policy_gradient_loss | -0.000939   |
|    std                  | 0.767       |
|    value_loss           | 1.09        |
-----------------------------------------
------------------------------------------
| rollout/                |              |
|    ep_len_mean          | 18           |
|    ep_rew_mean          | -0.344       |
| time/                   |              |
|    fps                  | 112          |
|    iterations           | 23           |
|    time_elapsed         | 1673         |
|    total_timesteps      | 188416       |
| train/                  |              |
|    approx_kl            | 0.0044375854 |
|    clip_fraction        | 0.0308       |
|    clip_range           | 0.2          |
|    entropy_loss         | -1.14        |
|    explained_variance   | 0.955        |
|    learning_rate        | 0.0003       |
|    loss                 | 0.176        |
|    n_updates            | 220          |
|    policy_gradient_loss | -0.000833    |
|    std                  | 0.757        |
|    value_loss           | 0.967        |
------------------------------------------
------------------------------------------
| rollout/                |              |
|    ep_len_mean          | 18.9         |
|    ep_rew_mean          | -0.0955      |
| time/                   |              |
|    fps                  | 112          |
|    iterations           | 24           |
|    time_elapsed         | 1749         |
|    total_timesteps      | 196608       |
| train/                  |              |
|    approx_kl            | 0.0035203686 |
|    clip_fraction        | 0.0397       |
|    clip_range           | 0.2          |
|    entropy_loss         | -1.13        |
|    explained_variance   | 0.977        |
|    learning_rate        | 0.0003       |
|    loss                 | 0.28         |
|    n_updates            | 230          |
|    policy_gradient_loss | -0.0005      |
|    std                  | 0.743        |
|    value_loss           | 0.452        |
------------------------------------------
------------------------------------------
| rollout/                |              |
|    ep_len_mean          | 18.5         |
|    ep_rew_mean          | -0.239       |
| time/                   |              |
|    fps                  | 112          |
|    iterations           | 25           |
|    time_elapsed         | 1821         |
|    total_timesteps      | 204800       |
| train/                  |              |
|    approx_kl            | 0.0066287704 |
|    clip_fraction        | 0.045        |
|    clip_range           | 0.2          |
|    entropy_loss         | -1.1         |
|    explained_variance   | 0.952        |
|    learning_rate        | 0.0003       |
|    loss                 | 0.2          |
|    n_updates            | 240          |
|    policy_gradient_loss | -0.000326    |
|    std                  | 0.716        |
|    value_loss           | 0.342        |
------------------------------------------
-----------------------------------------
| rollout/                |             |
|    ep_len_mean          | 19.2        |
|    ep_rew_mean          | -0.106      |
| time/                   |             |
|    fps                  | 112         |
|    iterations           | 26          |
|    time_elapsed         | 1897        |
|    total_timesteps      | 212992      |
| train/                  |             |
|    approx_kl            | 0.005729455 |
|    clip_fraction        | 0.0591      |
|    clip_range           | 0.2         |
|    entropy_loss         | -1.07       |
|    explained_variance   | 0.961       |
|    learning_rate        | 0.0003      |
|    loss                 | 0.148       |
|    n_updates            | 250         |
|    policy_gradient_loss | -0.000419   |
|    std                  | 0.699       |
|    value_loss           | 0.377       |
-----------------------------------------
-----------------------------------------
| rollout/                |             |
|    ep_len_mean          | 23.7        |
|    ep_rew_mean          | -0.333      |
| time/                   |             |
|    fps                  | 112         |
|    iterations           | 27          |
|    time_elapsed         | 1972        |
|    total_timesteps      | 221184      |
| train/                  |             |
|    approx_kl            | 0.004189456 |
|    clip_fraction        | 0.0425      |
|    clip_range           | 0.2         |
|    entropy_loss         | -1.04       |
|    explained_variance   | 0.97        |
|    learning_rate        | 0.0003      |
|    loss                 | 0.221       |
|    n_updates            | 260         |
|    policy_gradient_loss | -8.91e-05   |
|    std                  | 0.682       |
|    value_loss           | 0.342       |
-----------------------------------------
-----------------------------------------
| rollout/                |             |
|    ep_len_mean          | 28.2        |
|    ep_rew_mean          | -0.699      |
| time/                   |             |
|    fps                  | 112         |
|    iterations           | 28          |
|    time_elapsed         | 2044        |
|    total_timesteps      | 229376      |
| train/                  |             |
|    approx_kl            | 0.005062347 |
|    clip_fraction        | 0.045       |
|    clip_range           | 0.2         |
|    entropy_loss         | -1.02       |
|    explained_variance   | 0.971       |
|    learning_rate        | 0.0003      |
|    loss                 | 0.212       |
|    n_updates            | 270         |
|    policy_gradient_loss | -0.000937   |
|    std                  | 0.67        |
|    value_loss           | 0.614       |
-----------------------------------------
------------------------------------------
| rollout/                |              |
|    ep_len_mean          | 25.2         |
|    ep_rew_mean          | 0.00447      |
| time/                   |              |
|    fps                  | 112          |
|    iterations           | 29           |
|    time_elapsed         | 2119         |
|    total_timesteps      | 237568       |
| train/                  |              |
|    approx_kl            | 0.0057638995 |
|    clip_fraction        | 0.0759       |
|    clip_range           | 0.2          |
|    entropy_loss         | -1.01        |
|    explained_variance   | 0.956        |
|    learning_rate        | 0.0003       |
|    loss                 | 0.904        |
|    n_updates            | 280          |
|    policy_gradient_loss | -0.00323     |
|    std                  | 0.657        |
|    value_loss           | 1.79         |
------------------------------------------
-----------------------------------------
| rollout/                |             |
|    ep_len_mean          | 20.7        |
|    ep_rew_mean          | 0.0231      |
| time/                   |             |
|    fps                  | 111         |
|    iterations           | 30          |
|    time_elapsed         | 2195        |
|    total_timesteps      | 245760      |
| train/                  |             |
|    approx_kl            | 0.006966521 |
|    clip_fraction        | 0.0609      |
|    clip_range           | 0.2         |
|    entropy_loss         | -0.969      |
|    explained_variance   | 0.887       |
|    learning_rate        | 0.0003      |
|    loss                 | 0.581       |
|    n_updates            | 290         |
|    policy_gradient_loss | -0.00108    |
|    std                  | 0.631       |
|    value_loss           | 1.13        |
-----------------------------------------
-----------------------------------------
| rollout/                |             |
|    ep_len_mean          | 20.5        |
|    ep_rew_mean          | -0.065      |
| time/                   |             |
|    fps                  | 111         |
|    iterations           | 31          |
|    time_elapsed         | 2270        |
|    total_timesteps      | 253952      |
| train/                  |             |
|    approx_kl            | 0.007273497 |
|    clip_fraction        | 0.0658      |
|    clip_range           | 0.2         |
|    entropy_loss         | -0.949      |
|    explained_variance   | 0.957       |
|    learning_rate        | 0.0003      |
|    loss                 | 0.153       |
|    n_updates            | 300         |
|    policy_gradient_loss | 0.000452    |
|    std                  | 0.626       |
|    value_loss           | 0.33        |
-----------------------------------------
------------------------------------------
| rollout/                |              |
|    ep_len_mean          | 24.4         |
|    ep_rew_mean          | 0.233        |
| time/                   |              |
|    fps                  | 111          |
|    iterations           | 32           |
|    time_elapsed         | 2345         |
|    total_timesteps      | 262144       |
| train/                  |              |
|    approx_kl            | 0.0029150709 |
|    clip_fraction        | 0.0427       |
|    clip_range           | 0.2          |
|    entropy_loss         | -0.948       |
|    explained_variance   | 0.96         |
|    learning_rate        | 0.0003       |
|    loss                 | 0.171        |
|    n_updates            | 310          |
|    policy_gradient_loss | 0.000575     |
|    std                  | 0.623        |
|    value_loss           | 0.404        |
------------------------------------------
-----------------------------------------
| rollout/                |             |
|    ep_len_mean          | 28.1        |
|    ep_rew_mean          | -0.00589    |
| time/                   |             |
|    fps                  | 111         |
|    iterations           | 33          |
|    time_elapsed         | 2418        |
|    total_timesteps      | 270336      |
| train/                  |             |
|    approx_kl            | 0.006943281 |
|    clip_fraction        | 0.0563      |
|    clip_range           | 0.2         |
|    entropy_loss         | -0.917      |
|    explained_variance   | 0.921       |
|    learning_rate        | 0.0003      |
|    loss                 | 0.936       |
|    n_updates            | 320         |
|    policy_gradient_loss | -0.00143    |
|    std                  | 0.597       |
|    value_loss           | 0.652       |
-----------------------------------------
-----------------------------------------
| rollout/                |             |
|    ep_len_mean          | 36          |
|    ep_rew_mean          | -0.408      |
| time/                   |             |
|    fps                  | 111         |
|    iterations           | 34          |
|    time_elapsed         | 2490        |
|    total_timesteps      | 278528      |
| train/                  |             |
|    approx_kl            | 0.005678014 |
|    clip_fraction        | 0.0689      |
|    clip_range           | 0.2         |
|    entropy_loss         | -0.89       |
|    explained_variance   | 0.929       |
|    learning_rate        | 0.0003      |
|    loss                 | 0.839       |
|    n_updates            | 330         |
|    policy_gradient_loss | -0.00321    |
|    std                  | 0.584       |
|    value_loss           | 2.19        |
-----------------------------------------
-----------------------------------------
| rollout/                |             |
|    ep_len_mean          | 35.8        |
|    ep_rew_mean          | 0.0948      |
| time/                   |             |
|    fps                  | 111         |
|    iterations           | 35          |
|    time_elapsed         | 2562        |
|    total_timesteps      | 286720      |
| train/                  |             |
|    approx_kl            | 0.006806502 |
|    clip_fraction        | 0.084       |
|    clip_range           | 0.2         |
|    entropy_loss         | -0.877      |
|    explained_variance   | 0.93        |
|    learning_rate        | 0.0003      |
|    loss                 | 1.45        |
|    n_updates            | 340         |
|    policy_gradient_loss | -0.00297    |
|    std                  | 0.58        |
|    value_loss           | 4.22        |
-----------------------------------------
-----------------------------------------
| rollout/                |             |
|    ep_len_mean          | 42.3        |
|    ep_rew_mean          | 0.307       |
| time/                   |             |
|    fps                  | 111         |
|    iterations           | 36          |
|    time_elapsed         | 2633        |
|    total_timesteps      | 294912      |
| train/                  |             |
|    approx_kl            | 0.009247521 |
|    clip_fraction        | 0.0976      |
|    clip_range           | 0.2         |
|    entropy_loss         | -0.871      |
|    explained_variance   | 0.932       |
|    learning_rate        | 0.0003      |
|    loss                 | 1.75        |
|    n_updates            | 350         |
|    policy_gradient_loss | -0.00248    |
|    std                  | 0.579       |
|    value_loss           | 4.66        |
-----------------------------------------
-----------------------------------------
| rollout/                |             |
|    ep_len_mean          | 37.9        |
|    ep_rew_mean          | 1.17        |
| time/                   |             |
|    fps                  | 111         |
|    iterations           | 37          |
|    time_elapsed         | 2706        |
|    total_timesteps      | 303104      |
| train/                  |             |
|    approx_kl            | 0.009673916 |
|    clip_fraction        | 0.106       |
|    clip_range           | 0.2         |
|    entropy_loss         | -0.868      |
|    explained_variance   | 0.934       |
|    learning_rate        | 0.0003      |
|    loss                 | 2.55        |
|    n_updates            | 360         |
|    policy_gradient_loss | -0.00342    |
|    std                  | 0.576       |
|    value_loss           | 4.78        |
-----------------------------------------
-----------------------------------------
| rollout/                |             |
|    ep_len_mean          | 43.3        |
|    ep_rew_mean          | 1.97        |
| time/                   |             |
|    fps                  | 111         |
|    iterations           | 38          |
|    time_elapsed         | 2779        |
|    total_timesteps      | 311296      |
| train/                  |             |
|    approx_kl            | 0.008624092 |
|    clip_fraction        | 0.0884      |
|    clip_range           | 0.2         |
|    entropy_loss         | -0.854      |
|    explained_variance   | 0.9         |
|    learning_rate        | 0.0003      |
|    loss                 | 2.08        |
|    n_updates            | 370         |
|    policy_gradient_loss | -0.000671   |
|    std                  | 0.565       |
|    value_loss           | 3.22        |
-----------------------------------------
-----------------------------------------
| rollout/                |             |
|    ep_len_mean          | 33          |
|    ep_rew_mean          | 0.996       |
| time/                   |             |
|    fps                  | 111         |
|    iterations           | 39          |
|    time_elapsed         | 2853        |
|    total_timesteps      | 319488      |
| train/                  |             |
|    approx_kl            | 0.006126799 |
|    clip_fraction        | 0.0904      |
|    clip_range           | 0.2         |
|    entropy_loss         | -0.833      |
|    explained_variance   | 0.692       |
|    learning_rate        | 0.0003      |
|    loss                 | 0.827       |
|    n_updates            | 380         |
|    policy_gradient_loss | 0.00404     |
|    std                  | 0.557       |
|    value_loss           | 1.44        |
-----------------------------------------
-----------------------------------------
| rollout/                |             |
|    ep_len_mean          | 23.7        |
|    ep_rew_mean          | 0.122       |
| time/                   |             |
|    fps                  | 111         |
|    iterations           | 40          |
|    time_elapsed         | 2926        |
|    total_timesteps      | 327680      |
| train/                  |             |
|    approx_kl            | 0.008418018 |
|    clip_fraction        | 0.0791      |
|    clip_range           | 0.2         |
|    entropy_loss         | -0.823      |
|    explained_variance   | 0.823       |
|    learning_rate        | 0.0003      |
|    loss                 | 0.518       |
|    n_updates            | 390         |
|    policy_gradient_loss | 0.000672    |
|    std                  | 0.55        |
|    value_loss           | 1.2         |
-----------------------------------------
-----------------------------------------
| rollout/                |             |
|    ep_len_mean          | 29.6        |
|    ep_rew_mean          | 0.464       |
| time/                   |             |
|    fps                  | 111         |
|    iterations           | 41          |
|    time_elapsed         | 3000        |
|    total_timesteps      | 335872      |
| train/                  |             |
|    approx_kl            | 0.006332485 |
|    clip_fraction        | 0.0868      |
|    clip_range           | 0.2         |
|    entropy_loss         | -0.812      |
|    explained_variance   | 0.891       |
|    learning_rate        | 0.0003      |
|    loss                 | 0.726       |
|    n_updates            | 400         |
|    policy_gradient_loss | -0.00189    |
|    std                  | 0.544       |
|    value_loss           | 1.1         |
-----------------------------------------
-----------------------------------------
| rollout/                |             |
|    ep_len_mean          | 49.4        |
|    ep_rew_mean          | 2.48        |
| time/                   |             |
|    fps                  | 112         |
|    iterations           | 42          |
|    time_elapsed         | 3070        |
|    total_timesteps      | 344064      |
| train/                  |             |
|    approx_kl            | 0.009537306 |
|    clip_fraction        | 0.09        |
|    clip_range           | 0.2         |
|    entropy_loss         | -0.792      |
|    explained_variance   | 0.897       |
|    learning_rate        | 0.0003      |
|    loss                 | 0.71        |
|    n_updates            | 410         |
|    policy_gradient_loss | -0.00248    |
|    std                  | 0.53        |
|    value_loss           | 1.08        |
-----------------------------------------
-----------------------------------------
| rollout/                |             |
|    ep_len_mean          | 47.3        |
|    ep_rew_mean          | 2.49        |
| time/                   |             |
|    fps                  | 112         |
|    iterations           | 43          |
|    time_elapsed         | 3144        |
|    total_timesteps      | 352256      |
| train/                  |             |
|    approx_kl            | 0.010443792 |
|    clip_fraction        | 0.0952      |
|    clip_range           | 0.2         |
|    entropy_loss         | -0.769      |
|    explained_variance   | 0.804       |
|    learning_rate        | 0.0003      |
|    loss                 | 0.555       |
|    n_updates            | 420         |
|    policy_gradient_loss | -0.00141    |
|    std                  | 0.517       |
|    value_loss           | 1.33        |
-----------------------------------------
-----------------------------------------
| rollout/                |             |
|    ep_len_mean          | 47.2        |
|    ep_rew_mean          | 2.19        |
| time/                   |             |
|    fps                  | 112         |
|    iterations           | 44          |
|    time_elapsed         | 3213        |
|    total_timesteps      | 360448      |
| train/                  |             |
|    approx_kl            | 0.008557053 |
|    clip_fraction        | 0.102       |
|    clip_range           | 0.2         |
|    entropy_loss         | -0.746      |
|    explained_variance   | 0.839       |
|    learning_rate        | 0.0003      |
|    loss                 | 0.608       |
|    n_updates            | 430         |
|    policy_gradient_loss | -0.00136    |
|    std                  | 0.508       |
|    value_loss           | 1.52        |
-----------------------------------------
-----------------------------------------
| rollout/                |             |
|    ep_len_mean          | 54.1        |
|    ep_rew_mean          | 2.88        |
| time/                   |             |
|    fps                  | 112         |
|    iterations           | 45          |
|    time_elapsed         | 3287        |
|    total_timesteps      | 368640      |
| train/                  |             |
|    approx_kl            | 0.008472835 |
|    clip_fraction        | 0.112       |
|    clip_range           | 0.2         |
|    entropy_loss         | -0.727      |
|    explained_variance   | 0.821       |
|    learning_rate        | 0.0003      |
|    loss                 | 0.452       |
|    n_updates            | 440         |
|    policy_gradient_loss | -0.00188    |
|    std                  | 0.496       |
|    value_loss           | 1.95        |
-----------------------------------------
-----------------------------------------
| rollout/                |             |
|    ep_len_mean          | 61          |
|    ep_rew_mean          | 3.64        |
| time/                   |             |
|    fps                  | 112         |
|    iterations           | 46          |
|    time_elapsed         | 3361        |
|    total_timesteps      | 376832      |
| train/                  |             |
|    approx_kl            | 0.007965245 |
|    clip_fraction        | 0.128       |
|    clip_range           | 0.2         |
|    entropy_loss         | -0.71       |
|    explained_variance   | 0.799       |
|    learning_rate        | 0.0003      |
|    loss                 | 1.62        |
|    n_updates            | 450         |
|    policy_gradient_loss | 0.000204    |
|    std                  | 0.492       |
|    value_loss           | 1.85        |
-----------------------------------------
------------------------------------------
| rollout/                |              |
|    ep_len_mean          | 56           |
|    ep_rew_mean          | 3.09         |
| time/                   |              |
|    fps                  | 112          |
|    iterations           | 47           |
|    time_elapsed         | 3433         |
|    total_timesteps      | 385024       |
| train/                  |              |
|    approx_kl            | 0.0073992508 |
|    clip_fraction        | 0.102        |
|    clip_range           | 0.2          |
|    entropy_loss         | -0.692       |
|    explained_variance   | 0.801        |
|    learning_rate        | 0.0003       |
|    loss                 | 0.675        |
|    n_updates            | 460          |
|    policy_gradient_loss | 0.000715     |
|    std                  | 0.479        |
|    value_loss           | 1.72         |
------------------------------------------
-----------------------------------------
| rollout/                |             |
|    ep_len_mean          | 72.2        |
|    ep_rew_mean          | 4.53        |
| time/                   |             |
|    fps                  | 112         |
|    iterations           | 48          |
|    time_elapsed         | 3505        |
|    total_timesteps      | 393216      |
| train/                  |             |
|    approx_kl            | 0.009765991 |
|    clip_fraction        | 0.113       |
|    clip_range           | 0.2         |
|    entropy_loss         | -0.666      |
|    explained_variance   | 0.783       |
|    learning_rate        | 0.0003      |
|    loss                 | 1.38        |
|    n_updates            | 470         |
|    policy_gradient_loss | 0.00138     |
|    std                  | 0.469       |
|    value_loss           | 2.5         |
-----------------------------------------
-----------------------------------------
| rollout/                |             |
|    ep_len_mean          | 60.7        |
|    ep_rew_mean          | 3.39        |
| time/                   |             |
|    fps                  | 112         |
|    iterations           | 49          |
|    time_elapsed         | 3576        |
|    total_timesteps      | 401408      |
| train/                  |             |
|    approx_kl            | 0.013228551 |
|    clip_fraction        | 0.137       |
|    clip_range           | 0.2         |
|    entropy_loss         | -0.662      |
|    explained_variance   | 0.797       |
|    learning_rate        | 0.0003      |
|    loss                 | 0.826       |
|    n_updates            | 480         |
|    policy_gradient_loss | 0.00258     |
|    std                  | 0.467       |
|    value_loss           | 2.19        |
-----------------------------------------
-----------------------------------------
| rollout/                |             |
|    ep_len_mean          | 66.7        |
|    ep_rew_mean          | 3.83        |
| time/                   |             |
|    fps                  | 112         |
|    iterations           | 50          |
|    time_elapsed         | 3648        |
|    total_timesteps      | 409600      |
| train/                  |             |
|    approx_kl            | 0.011955958 |
|    clip_fraction        | 0.124       |
|    clip_range           | 0.2         |
|    entropy_loss         | -0.637      |
|    explained_variance   | 0.72        |
|    learning_rate        | 0.0003      |
|    loss                 | 1.42        |
|    n_updates            | 490         |
|    policy_gradient_loss | 0.00206     |
|    std                  | 0.455       |
|    value_loss           | 2.47        |
-----------------------------------------
-----------------------------------------
| rollout/                |             |
|    ep_len_mean          | 79.6        |
|    ep_rew_mean          | 5.2         |
| time/                   |             |
|    fps                  | 112         |
|    iterations           | 51          |
|    time_elapsed         | 3720        |
|    total_timesteps      | 417792      |
| train/                  |             |
|    approx_kl            | 0.023075523 |
|    clip_fraction        | 0.167       |
|    clip_range           | 0.2         |
|    entropy_loss         | -0.649      |
|    explained_variance   | 0.797       |
|    learning_rate        | 0.0003      |
|    loss                 | 0.629       |
|    n_updates            | 500         |
|    policy_gradient_loss | 0.00242     |
|    std                  | 0.466       |
|    value_loss           | 2.09        |
-----------------------------------------
-----------------------------------------
| rollout/                |             |
|    ep_len_mean          | 75.7        |
|    ep_rew_mean          | 5.02        |
| time/                   |             |
|    fps                  | 112         |
|    iterations           | 52          |
|    time_elapsed         | 3791        |
|    total_timesteps      | 425984      |
| train/                  |             |
|    approx_kl            | 0.016641054 |
|    clip_fraction        | 0.171       |
|    clip_range           | 0.2         |
|    entropy_loss         | -0.643      |
|    explained_variance   | 0.775       |
|    learning_rate        | 0.0003      |
|    loss                 | 1.22        |
|    n_updates            | 510         |
|    policy_gradient_loss | 0.000336    |
|    std                  | 0.454       |
|    value_loss           | 2.16        |
-----------------------------------------
----------------------------------------
| rollout/                |            |
|    ep_len_mean          | 64.4       |
|    ep_rew_mean          | 3.86       |
| time/                   |            |
|    fps                  | 112        |
|    iterations           | 53         |
|    time_elapsed         | 3864       |
|    total_timesteps      | 434176     |
| train/                  |            |
|    approx_kl            | 0.01768405 |
|    clip_fraction        | 0.183      |
|    clip_range           | 0.2        |
|    entropy_loss         | -0.609     |
|    explained_variance   | 0.826      |
|    learning_rate        | 0.0003     |
|    loss                 | 0.27       |
|    n_updates            | 520        |
|    policy_gradient_loss | 0.00322    |
|    std                  | 0.441      |
|    value_loss           | 1.62       |
----------------------------------------
-----------------------------------------
| rollout/                |             |
|    ep_len_mean          | 63          |
|    ep_rew_mean          | 3.77        |
| time/                   |             |
|    fps                  | 112         |
|    iterations           | 54          |
|    time_elapsed         | 3935        |
|    total_timesteps      | 442368      |
| train/                  |             |
|    approx_kl            | 0.015602556 |
|    clip_fraction        | 0.16        |
|    clip_range           | 0.2         |
|    entropy_loss         | -0.594      |
|    explained_variance   | 0.805       |
|    learning_rate        | 0.0003      |
|    loss                 | 1.23        |
|    n_updates            | 530         |
|    policy_gradient_loss | 0.00332     |
|    std                  | 0.438       |
|    value_loss           | 2.44        |
-----------------------------------------
-----------------------------------------
| rollout/                |             |
|    ep_len_mean          | 59.5        |
|    ep_rew_mean          | 3.35        |
| time/                   |             |
|    fps                  | 112         |
|    iterations           | 55          |
|    time_elapsed         | 4007        |
|    total_timesteps      | 450560      |
| train/                  |             |
|    approx_kl            | 0.011958696 |
|    clip_fraction        | 0.156       |
|    clip_range           | 0.2         |
|    entropy_loss         | -0.602      |
|    explained_variance   | 0.771       |
|    learning_rate        | 0.0003      |
|    loss                 | 1.72        |
|    n_updates            | 540         |
|    policy_gradient_loss | 0.00343     |
|    std                  | 0.444       |
|    value_loss           | 3.03        |
-----------------------------------------
-----------------------------------------
| rollout/                |             |
|    ep_len_mean          | 66.4        |
|    ep_rew_mean          | 4.12        |
| time/                   |             |
|    fps                  | 112         |
|    iterations           | 56          |
|    time_elapsed         | 4079        |
|    total_timesteps      | 458752      |
| train/                  |             |
|    approx_kl            | 0.011634659 |
|    clip_fraction        | 0.116       |
|    clip_range           | 0.2         |
|    entropy_loss         | -0.6        |
|    explained_variance   | 0.638       |
|    learning_rate        | 0.0003      |
|    loss                 | 2.65        |
|    n_updates            | 550         |
|    policy_gradient_loss | 0.00271     |
|    std                  | 0.441       |
|    value_loss           | 3.43        |
-----------------------------------------
-----------------------------------------
| rollout/                |             |
|    ep_len_mean          | 74.2        |
|    ep_rew_mean          | 4.75        |
| time/                   |             |
|    fps                  | 112         |
|    iterations           | 57          |
|    time_elapsed         | 4148        |
|    total_timesteps      | 466944      |
| train/                  |             |
|    approx_kl            | 0.006381749 |
|    clip_fraction        | 0.127       |
|    clip_range           | 0.2         |
|    entropy_loss         | -0.596      |
|    explained_variance   | 0.755       |
|    learning_rate        | 0.0003      |
|    loss                 | 0.652       |
|    n_updates            | 560         |
|    policy_gradient_loss | 0.00255     |
|    std                  | 0.439       |
|    value_loss           | 2.77        |
-----------------------------------------
-----------------------------------------
| rollout/                |             |
|    ep_len_mean          | 75.3        |
|    ep_rew_mean          | 5.04        |
| time/                   |             |
|    fps                  | 112         |
|    iterations           | 58          |
|    time_elapsed         | 4219        |
|    total_timesteps      | 475136      |
| train/                  |             |
|    approx_kl            | 0.017505966 |
|    clip_fraction        | 0.179       |
|    clip_range           | 0.2         |
|    entropy_loss         | -0.586      |
|    explained_variance   | 0.811       |
|    learning_rate        | 0.0003      |
|    loss                 | 0.51        |
|    n_updates            | 570         |
|    policy_gradient_loss | 0.00438     |
|    std                  | 0.431       |
|    value_loss           | 1.89        |
-----------------------------------------
-----------------------------------------
| rollout/                |             |
|    ep_len_mean          | 77.2        |
|    ep_rew_mean          | 5           |
| time/                   |             |
|    fps                  | 112         |
|    iterations           | 59          |
|    time_elapsed         | 4291        |
|    total_timesteps      | 483328      |
| train/                  |             |
|    approx_kl            | 0.011528352 |
|    clip_fraction        | 0.159       |
|    clip_range           | 0.2         |
|    entropy_loss         | -0.576      |
|    explained_variance   | 0.798       |
|    learning_rate        | 0.0003      |
|    loss                 | 0.787       |
|    n_updates            | 580         |
|    policy_gradient_loss | 0.00219     |
|    std                  | 0.43        |
|    value_loss           | 2.17        |
-----------------------------------------
------------------------------------------
| rollout/                |              |
|    ep_len_mean          | 75.5         |
|    ep_rew_mean          | 4.9          |
| time/                   |              |
|    fps                  | 112          |
|    iterations           | 60           |
|    time_elapsed         | 4362         |
|    total_timesteps      | 491520       |
| train/                  |              |
|    approx_kl            | 0.0096390555 |
|    clip_fraction        | 0.179        |
|    clip_range           | 0.2          |
|    entropy_loss         | -0.572       |
|    explained_variance   | 0.777        |
|    learning_rate        | 0.0003       |
|    loss                 | 1.96         |
|    n_updates            | 590          |
|    policy_gradient_loss | 0.00281      |
|    std                  | 0.428        |
|    value_loss           | 2.31         |
------------------------------------------
-----------------------------------------
| rollout/                |             |
|    ep_len_mean          | 68.9        |
|    ep_rew_mean          | 4.35        |
| time/                   |             |
|    fps                  | 112         |
|    iterations           | 61          |
|    time_elapsed         | 4433        |
|    total_timesteps      | 499712      |
| train/                  |             |
|    approx_kl            | 0.015060934 |
|    clip_fraction        | 0.184       |
|    clip_range           | 0.2         |
|    entropy_loss         | -0.565      |
|    explained_variance   | 0.75        |
|    learning_rate        | 0.0003      |
|    loss                 | 2.21        |
|    n_updates            | 600         |
|    policy_gradient_loss | 0.00411     |
|    std                  | 0.425       |
|    value_loss           | 2.79        |
-----------------------------------------
-----------------------------------------
| rollout/                |             |
|    ep_len_mean          | 65.8        |
|    ep_rew_mean          | 4.13        |
| time/                   |             |
|    fps                  | 112         |
|    iterations           | 62          |
|    time_elapsed         | 4504        |
|    total_timesteps      | 507904      |
| train/                  |             |
|    approx_kl            | 0.028647028 |
|    clip_fraction        | 0.185       |
|    clip_range           | 0.2         |
|    entropy_loss         | -0.56       |
|    explained_variance   | 0.765       |
|    learning_rate        | 0.0003      |
|    loss                 | 1.08        |
|    n_updates            | 610         |
|    policy_gradient_loss | 0.0026      |
|    std                  | 0.422       |
|    value_loss           | 2.92        |
-----------------------------------------
-----------------------------------------
| rollout/                |             |
|    ep_len_mean          | 77          |
|    ep_rew_mean          | 4.81        |
| time/                   |             |
|    fps                  | 112         |
|    iterations           | 63          |
|    time_elapsed         | 4576        |
|    total_timesteps      | 516096      |
| train/                  |             |
|    approx_kl            | 0.017132476 |
|    clip_fraction        | 0.17        |
|    clip_range           | 0.2         |
|    entropy_loss         | -0.554      |
|    explained_variance   | 0.713       |
|    learning_rate        | 0.0003      |
|    loss                 | 0.837       |
|    n_updates            | 620         |
|    policy_gradient_loss | 0.00407     |
|    std                  | 0.419       |
|    value_loss           | 3.28        |
-----------------------------------------
------------------------------------------
| rollout/                |              |
|    ep_len_mean          | 82.3         |
|    ep_rew_mean          | 5.82         |
| time/                   |              |
|    fps                  | 112          |
|    iterations           | 64           |
|    time_elapsed         | 4647         |
|    total_timesteps      | 524288       |
| train/                  |              |
|    approx_kl            | 0.0155600365 |
|    clip_fraction        | 0.173        |
|    clip_range           | 0.2          |
|    entropy_loss         | -0.543       |
|    explained_variance   | 0.711        |
|    learning_rate        | 0.0003       |
|    loss                 | 0.898        |
|    n_updates            | 630          |
|    policy_gradient_loss | 0.00302      |
|    std                  | 0.415        |
|    value_loss           | 3.41         |
------------------------------------------
-----------------------------------------
| rollout/                |             |
|    ep_len_mean          | 80.6        |
|    ep_rew_mean          | 5.74        |
| time/                   |             |
|    fps                  | 112         |
|    iterations           | 65          |
|    time_elapsed         | 4717        |
|    total_timesteps      | 532480      |
| train/                  |             |
|    approx_kl            | 0.015299093 |
|    clip_fraction        | 0.14        |
|    clip_range           | 0.2         |
|    entropy_loss         | -0.536      |
|    explained_variance   | 0.834       |
|    learning_rate        | 0.0003      |
|    loss                 | 1.09        |
|    n_updates            | 640         |
|    policy_gradient_loss | 0.00238     |
|    std                  | 0.417       |
|    value_loss           | 1.72        |
-----------------------------------------
-----------------------------------------
| rollout/                |             |
|    ep_len_mean          | 65.4        |
|    ep_rew_mean          | 3.59        |
| time/                   |             |
|    fps                  | 112         |
|    iterations           | 66          |
|    time_elapsed         | 4786        |
|    total_timesteps      | 540672      |
| train/                  |             |
|    approx_kl            | 0.011274722 |
|    clip_fraction        | 0.14        |
|    clip_range           | 0.2         |
|    entropy_loss         | -0.545      |
|    explained_variance   | 0.719       |
|    learning_rate        | 0.0003      |
|    loss                 | 1.68        |
|    n_updates            | 650         |
|    policy_gradient_loss | 0.00307     |
|    std                  | 0.42        |
|    value_loss           | 3.26        |
-----------------------------------------
----------------------------------------
| rollout/                |            |
|    ep_len_mean          | 61.2       |
|    ep_rew_mean          | 3.24       |
| time/                   |            |
|    fps                  | 112        |
|    iterations           | 67         |
|    time_elapsed         | 4857       |
|    total_timesteps      | 548864     |
| train/                  |            |
|    approx_kl            | 0.01622279 |
|    clip_fraction        | 0.151      |
|    clip_range           | 0.2        |
|    entropy_loss         | -0.558     |
|    explained_variance   | 0.708      |
|    learning_rate        | 0.0003     |
|    loss                 | 1.24       |
|    n_updates            | 660        |
|    policy_gradient_loss | 0.0021     |
|    std                  | 0.425      |
|    value_loss           | 4.13       |
----------------------------------------
-----------------------------------------
| rollout/                |             |
|    ep_len_mean          | 67.8        |
|    ep_rew_mean          | 4.26        |
| time/                   |             |
|    fps                  | 112         |
|    iterations           | 68          |
|    time_elapsed         | 4931        |
|    total_timesteps      | 557056      |
| train/                  |             |
|    approx_kl            | 0.013354148 |
|    clip_fraction        | 0.143       |
|    clip_range           | 0.2         |
|    entropy_loss         | -0.559      |
|    explained_variance   | 0.759       |
|    learning_rate        | 0.0003      |
|    loss                 | 4.11        |
|    n_updates            | 670         |
|    policy_gradient_loss | 0.000667    |
|    std                  | 0.422       |
|    value_loss           | 3.87        |
-----------------------------------------
-----------------------------------------
| rollout/                |             |
|    ep_len_mean          | 69.7        |
|    ep_rew_mean          | 4.53        |
| time/                   |             |
|    fps                  | 112         |
|    iterations           | 69          |
|    time_elapsed         | 5005        |
|    total_timesteps      | 565248      |
| train/                  |             |
|    approx_kl            | 0.022009581 |
|    clip_fraction        | 0.168       |
|    clip_range           | 0.2         |
|    entropy_loss         | -0.569      |
|    explained_variance   | 0.715       |
|    learning_rate        | 0.0003      |
|    loss                 | 0.619       |
|    n_updates            | 680         |
|    policy_gradient_loss | 0.00329     |
|    std                  | 0.431       |
|    value_loss           | 2.81        |
-----------------------------------------
-----------------------------------------
| rollout/                |             |
|    ep_len_mean          | 67.5        |
|    ep_rew_mean          | 4.27        |
| time/                   |             |
|    fps                  | 112         |
|    iterations           | 70          |
|    time_elapsed         | 5077        |
|    total_timesteps      | 573440      |
| train/                  |             |
|    approx_kl            | 0.020138206 |
|    clip_fraction        | 0.172       |
|    clip_range           | 0.2         |
|    entropy_loss         | -0.574      |
|    explained_variance   | 0.825       |
|    learning_rate        | 0.0003      |
|    loss                 | 0.552       |
|    n_updates            | 690         |
|    policy_gradient_loss | 0.00339     |
|    std                  | 0.43        |
|    value_loss           | 1.86        |
-----------------------------------------
------------------------------------------
| rollout/                |              |
|    ep_len_mean          | 64.2         |
|    ep_rew_mean          | 3.82         |
| time/                   |              |
|    fps                  | 112          |
|    iterations           | 71           |
|    time_elapsed         | 5149         |
|    total_timesteps      | 581632       |
| train/                  |              |
|    approx_kl            | 0.0136873815 |
|    clip_fraction        | 0.169        |
|    clip_range           | 0.2          |
|    entropy_loss         | -0.572       |
|    explained_variance   | 0.838        |
|    learning_rate        | 0.0003       |
|    loss                 | 1.91         |
|    n_updates            | 700          |
|    policy_gradient_loss | 0.00417      |
|    std                  | 0.429        |
|    value_loss           | 1.93         |
------------------------------------------
-----------------------------------------
| rollout/                |             |
|    ep_len_mean          | 67.3        |
|    ep_rew_mean          | 3.74        |
| time/                   |             |
|    fps                  | 112         |
|    iterations           | 72          |
|    time_elapsed         | 5224        |
|    total_timesteps      | 589824      |
| train/                  |             |
|    approx_kl            | 0.017386118 |
|    clip_fraction        | 0.146       |
|    clip_range           | 0.2         |
|    entropy_loss         | -0.561      |
|    explained_variance   | 0.791       |
|    learning_rate        | 0.0003      |
|    loss                 | 1.62        |
|    n_updates            | 710         |
|    policy_gradient_loss | 0.00512     |
|    std                  | 0.422       |
|    value_loss           | 2.86        |
-----------------------------------------
-----------------------------------------
| rollout/                |             |
|    ep_len_mean          | 82.9        |
|    ep_rew_mean          | 5.7         |
| time/                   |             |
|    fps                  | 112         |
|    iterations           | 73          |
|    time_elapsed         | 5297        |
|    total_timesteps      | 598016      |
| train/                  |             |
|    approx_kl            | 0.012419165 |
|    clip_fraction        | 0.148       |
|    clip_range           | 0.2         |
|    entropy_loss         | -0.555      |
|    explained_variance   | 0.73        |
|    learning_rate        | 0.0003      |
|    loss                 | 1.14        |
|    n_updates            | 720         |
|    policy_gradient_loss | 0.00277     |
|    std                  | 0.42        |
|    value_loss           | 3.83        |
-----------------------------------------
-----------------------------------------
| rollout/                |             |
|    ep_len_mean          | 77.3        |
|    ep_rew_mean          | 5.31        |
| time/                   |             |
|    fps                  | 112         |
|    iterations           | 74          |
|    time_elapsed         | 5371        |
|    total_timesteps      | 606208      |
| train/                  |             |
|    approx_kl            | 0.011524558 |
|    clip_fraction        | 0.135       |
|    clip_range           | 0.2         |
|    entropy_loss         | -0.551      |
|    explained_variance   | 0.777       |
|    learning_rate        | 0.0003      |
|    loss                 | 0.674       |
|    n_updates            | 730         |
|    policy_gradient_loss | 0.00232     |
|    std                  | 0.417       |
|    value_loss           | 2.06        |
-----------------------------------------
-----------------------------------------
| rollout/                |             |
|    ep_len_mean          | 83.7        |
|    ep_rew_mean          | 5.87        |
| time/                   |             |
|    fps                  | 112         |
|    iterations           | 75          |
|    time_elapsed         | 5446        |
|    total_timesteps      | 614400      |
| train/                  |             |
|    approx_kl            | 0.006174662 |
|    clip_fraction        | 0.107       |
|    clip_range           | 0.2         |
|    entropy_loss         | -0.536      |
|    explained_variance   | 0.81        |
|    learning_rate        | 0.0003      |
|    loss                 | 0.749       |
|    n_updates            | 740         |
|    policy_gradient_loss | 0.00145     |
|    std                  | 0.412       |
|    value_loss           | 1.76        |
-----------------------------------------
-----------------------------------------
| rollout/                |             |
|    ep_len_mean          | 63.3        |
|    ep_rew_mean          | 3.74        |
| time/                   |             |
|    fps                  | 112         |
|    iterations           | 76          |
|    time_elapsed         | 5519        |
|    total_timesteps      | 622592      |
| train/                  |             |
|    approx_kl            | 0.016616868 |
|    clip_fraction        | 0.173       |
|    clip_range           | 0.2         |
|    entropy_loss         | -0.525      |
|    explained_variance   | 0.821       |
|    learning_rate        | 0.0003      |
|    loss                 | 0.281       |
|    n_updates            | 750         |
|    policy_gradient_loss | 0.00477     |
|    std                  | 0.41        |
|    value_loss           | 2.13        |
-----------------------------------------
------------------------------------------
| rollout/                |              |
|    ep_len_mean          | 82.1         |
|    ep_rew_mean          | 5.69         |
| time/                   |              |
|    fps                  | 112          |
|    iterations           | 77           |
|    time_elapsed         | 5595         |
|    total_timesteps      | 630784       |
| train/                  |              |
|    approx_kl            | 0.0128830075 |
|    clip_fraction        | 0.117        |
|    clip_range           | 0.2          |
|    entropy_loss         | -0.525       |
|    explained_variance   | 0.768        |
|    learning_rate        | 0.0003       |
|    loss                 | 0.335        |
|    n_updates            | 760          |
|    policy_gradient_loss | 0.000841     |
|    std                  | 0.408        |
|    value_loss           | 2.54         |
------------------------------------------
-----------------------------------------
| rollout/                |             |
|    ep_len_mean          | 77.3        |
|    ep_rew_mean          | 5.3         |
| time/                   |             |
|    fps                  | 112         |
|    iterations           | 78          |
|    time_elapsed         | 5672        |
|    total_timesteps      | 638976      |
| train/                  |             |
|    approx_kl            | 0.023909684 |
|    clip_fraction        | 0.14        |
|    clip_range           | 0.2         |
|    entropy_loss         | -0.521      |
|    explained_variance   | 0.831       |
|    learning_rate        | 0.0003      |
|    loss                 | 0.939       |
|    n_updates            | 770         |
|    policy_gradient_loss | 0.00282     |
|    std                  | 0.406       |
|    value_loss           | 1.77        |
-----------------------------------------
-----------------------------------------
| rollout/                |             |
|    ep_len_mean          | 74.2        |
|    ep_rew_mean          | 5.06        |
| time/                   |             |
|    fps                  | 112         |
|    iterations           | 79          |
|    time_elapsed         | 5748        |
|    total_timesteps      | 647168      |
| train/                  |             |
|    approx_kl            | 0.008257001 |
|    clip_fraction        | 0.137       |
|    clip_range           | 0.2         |
|    entropy_loss         | -0.505      |
|    explained_variance   | 0.826       |
|    learning_rate        | 0.0003      |
|    loss                 | 2.44        |
|    n_updates            | 780         |
|    policy_gradient_loss | 0.00232     |
|    std                  | 0.397       |
|    value_loss           | 2.49        |
-----------------------------------------
----------------------------------------
| rollout/                |            |
|    ep_len_mean          | 77.2       |
|    ep_rew_mean          | 5.45       |
| time/                   |            |
|    fps                  | 112        |
|    iterations           | 80         |
|    time_elapsed         | 5825       |
|    total_timesteps      | 655360     |
| train/                  |            |
|    approx_kl            | 0.01103956 |
|    clip_fraction        | 0.138      |
|    clip_range           | 0.2        |
|    entropy_loss         | -0.494     |
|    explained_variance   | 0.793      |
|    learning_rate        | 0.0003     |
|    loss                 | 1.57       |
|    n_updates            | 790        |
|    policy_gradient_loss | 0.00239    |
|    std                  | 0.398      |
|    value_loss           | 2.92       |
----------------------------------------
-----------------------------------------
| rollout/                |             |
|    ep_len_mean          | 85.2        |
|    ep_rew_mean          | 6.26        |
| time/                   |             |
|    fps                  | 112         |
|    iterations           | 81          |
|    time_elapsed         | 5903        |
|    total_timesteps      | 663552      |
| train/                  |             |
|    approx_kl            | 0.008554144 |
|    clip_fraction        | 0.135       |
|    clip_range           | 0.2         |
|    entropy_loss         | -0.496      |
|    explained_variance   | 0.843       |
|    learning_rate        | 0.0003      |
|    loss                 | 1.61        |
|    n_updates            | 800         |
|    policy_gradient_loss | 0.00165     |
|    std                  | 0.397       |
|    value_loss           | 2.21        |
-----------------------------------------
-----------------------------------------
| rollout/                |             |
|    ep_len_mean          | 92.5        |
|    ep_rew_mean          | 7.38        |
| time/                   |             |
|    fps                  | 112         |
|    iterations           | 82          |
|    time_elapsed         | 5978        |
|    total_timesteps      | 671744      |
| train/                  |             |
|    approx_kl            | 0.020901319 |
|    clip_fraction        | 0.136       |
|    clip_range           | 0.2         |
|    entropy_loss         | -0.487      |
|    explained_variance   | 0.833       |
|    learning_rate        | 0.0003      |
|    loss                 | 0.611       |
|    n_updates            | 810         |
|    policy_gradient_loss | 0.00184     |
|    std                  | 0.392       |
|    value_loss           | 1.84        |
-----------------------------------------
-----------------------------------------
| rollout/                |             |
|    ep_len_mean          | 72.7        |
|    ep_rew_mean          | 5.2         |
| time/                   |             |
|    fps                  | 112         |
|    iterations           | 83          |
|    time_elapsed         | 6054        |
|    total_timesteps      | 679936      |
| train/                  |             |
|    approx_kl            | 0.013087086 |
|    clip_fraction        | 0.161       |
|    clip_range           | 0.2         |
|    entropy_loss         | -0.488      |
|    explained_variance   | 0.811       |
|    learning_rate        | 0.0003      |
|    loss                 | 1.47        |
|    n_updates            | 820         |
|    policy_gradient_loss | 0.00241     |
|    std                  | 0.397       |
|    value_loss           | 2.35        |
-----------------------------------------
------------------------------------------
| rollout/                |              |
|    ep_len_mean          | 74.2         |
|    ep_rew_mean          | 5.3          |
| time/                   |              |
|    fps                  | 112          |
|    iterations           | 84           |
|    time_elapsed         | 6130         |
|    total_timesteps      | 688128       |
| train/                  |              |
|    approx_kl            | 0.0078004757 |
|    clip_fraction        | 0.129        |
|    clip_range           | 0.2          |
|    entropy_loss         | -0.497       |
|    explained_variance   | 0.787        |
|    learning_rate        | 0.0003       |
|    loss                 | 0.609        |
|    n_updates            | 830          |
|    policy_gradient_loss | 0.00204      |
|    std                  | 0.396        |
|    value_loss           | 3.09         |
------------------------------------------
-----------------------------------------
| rollout/                |             |
|    ep_len_mean          | 72.8        |
|    ep_rew_mean          | 5.18        |
| time/                   |             |
|    fps                  | 112         |
|    iterations           | 85          |
|    time_elapsed         | 6208        |
|    total_timesteps      | 696320      |
| train/                  |             |
|    approx_kl            | 0.008315476 |
|    clip_fraction        | 0.105       |
|    clip_range           | 0.2         |
|    entropy_loss         | -0.493      |
|    explained_variance   | 0.856       |
|    learning_rate        | 0.0003      |
|    loss                 | 2.18        |
|    n_updates            | 840         |
|    policy_gradient_loss | 0.00243     |
|    std                  | 0.397       |
|    value_loss           | 2.36        |
-----------------------------------------
-----------------------------------------
| rollout/                |             |
|    ep_len_mean          | 80.4        |
|    ep_rew_mean          | 6.06        |
| time/                   |             |
|    fps                  | 112         |
|    iterations           | 86          |
|    time_elapsed         | 6284        |
|    total_timesteps      | 704512      |
| train/                  |             |
|    approx_kl            | 0.027833164 |
|    clip_fraction        | 0.128       |
|    clip_range           | 0.2         |
|    entropy_loss         | -0.501      |
|    explained_variance   | 0.886       |
|    learning_rate        | 0.0003      |
|    loss                 | 1.7         |
|    n_updates            | 850         |
|    policy_gradient_loss | 0.00328     |
|    std                  | 0.396       |
|    value_loss           | 1.98        |
-----------------------------------------
-----------------------------------------
| rollout/                |             |
|    ep_len_mean          | 66.6        |
|    ep_rew_mean          | 4.59        |
| time/                   |             |
|    fps                  | 112         |
|    iterations           | 87          |
|    time_elapsed         | 6360        |
|    total_timesteps      | 712704      |
| train/                  |             |
|    approx_kl            | 0.009598572 |
|    clip_fraction        | 0.144       |
|    clip_range           | 0.2         |
|    entropy_loss         | -0.47       |
|    explained_variance   | 0.849       |
|    learning_rate        | 0.0003      |
|    loss                 | 0.528       |
|    n_updates            | 860         |
|    policy_gradient_loss | 0.00111     |
|    std                  | 0.384       |
|    value_loss           | 2.33        |
-----------------------------------------
------------------------------------------
| rollout/                |              |
|    ep_len_mean          | 82.1         |
|    ep_rew_mean          | 6.17         |
| time/                   |              |
|    fps                  | 111          |
|    iterations           | 88           |
|    time_elapsed         | 6439         |
|    total_timesteps      | 720896       |
| train/                  |              |
|    approx_kl            | 0.0060837734 |
|    clip_fraction        | 0.0851       |
|    clip_range           | 0.2          |
|    entropy_loss         | -0.461       |
|    explained_variance   | 0.785        |
|    learning_rate        | 0.0003       |
|    loss                 | 1.61         |
|    n_updates            | 870          |
|    policy_gradient_loss | 0.000625     |
|    std                  | 0.384        |
|    value_loss           | 3.52         |
------------------------------------------
-----------------------------------------
| rollout/                |             |
|    ep_len_mean          | 88.6        |
|    ep_rew_mean          | 6.96        |
| time/                   |             |
|    fps                  | 111         |
|    iterations           | 89          |
|    time_elapsed         | 6514        |
|    total_timesteps      | 729088      |
| train/                  |             |
|    approx_kl            | 0.009885274 |
|    clip_fraction        | 0.129       |
|    clip_range           | 0.2         |
|    entropy_loss         | -0.455      |
|    explained_variance   | 0.839       |
|    learning_rate        | 0.0003      |
|    loss                 | 0.878       |
|    n_updates            | 880         |
|    policy_gradient_loss | 0.00241     |
|    std                  | 0.381       |
|    value_loss           | 2.22        |
-----------------------------------------
-----------------------------------------
| rollout/                |             |
|    ep_len_mean          | 77.6        |
|    ep_rew_mean          | 5.83        |
| time/                   |             |
|    fps                  | 111         |
|    iterations           | 90          |
|    time_elapsed         | 6589        |
|    total_timesteps      | 737280      |
| train/                  |             |
|    approx_kl            | 0.009113952 |
|    clip_fraction        | 0.193       |
|    clip_range           | 0.2         |
|    entropy_loss         | -0.442      |
|    explained_variance   | 0.838       |
|    learning_rate        | 0.0003      |
|    loss                 | 1.92        |
|    n_updates            | 890         |
|    policy_gradient_loss | 0.0048      |
|    std                  | 0.376       |
|    value_loss           | 2.21        |
-----------------------------------------
------------------------------------------
| rollout/                |              |
|    ep_len_mean          | 67.9         |
|    ep_rew_mean          | 4.69         |
| time/                   |              |
|    fps                  | 111          |
|    iterations           | 91           |
|    time_elapsed         | 6664         |
|    total_timesteps      | 745472       |
| train/                  |              |
|    approx_kl            | 0.0072526964 |
|    clip_fraction        | 0.169        |
|    clip_range           | 0.2          |
|    entropy_loss         | -0.428       |
|    explained_variance   | 0.782        |
|    learning_rate        | 0.0003       |
|    loss                 | 1.43         |
|    n_updates            | 900          |
|    policy_gradient_loss | 0.005        |
|    std                  | 0.37         |
|    value_loss           | 2.99         |
------------------------------------------
-----------------------------------------
| rollout/                |             |
|    ep_len_mean          | 72.8        |
|    ep_rew_mean          | 5.47        |
| time/                   |             |
|    fps                  | 111         |
|    iterations           | 92          |
|    time_elapsed         | 6739        |
|    total_timesteps      | 753664      |
| train/                  |             |
|    approx_kl            | 0.015401818 |
|    clip_fraction        | 0.145       |
|    clip_range           | 0.2         |
|    entropy_loss         | -0.425      |
|    explained_variance   | 0.82        |
|    learning_rate        | 0.0003      |
|    loss                 | 0.22        |
|    n_updates            | 910         |
|    policy_gradient_loss | 0.00308     |
|    std                  | 0.37        |
|    value_loss           | 2.5         |
-----------------------------------------
-----------------------------------------
| rollout/                |             |
|    ep_len_mean          | 80.5        |
|    ep_rew_mean          | 6.3         |
| time/                   |             |
|    fps                  | 111         |
|    iterations           | 93          |
|    time_elapsed         | 6818        |
|    total_timesteps      | 761856      |
| train/                  |             |
|    approx_kl            | 0.014137073 |
|    clip_fraction        | 0.148       |
|    clip_range           | 0.2         |
|    entropy_loss         | -0.432      |
|    explained_variance   | 0.832       |
|    learning_rate        | 0.0003      |
|    loss                 | 1.53        |
|    n_updates            | 920         |
|    policy_gradient_loss | 0.00164     |
|    std                  | 0.375       |
|    value_loss           | 2.37        |
-----------------------------------------
-----------------------------------------
| rollout/                |             |
|    ep_len_mean          | 82.1        |
|    ep_rew_mean          | 6.84        |
| time/                   |             |
|    fps                  | 111         |
|    iterations           | 94          |
|    time_elapsed         | 6894        |
|    total_timesteps      | 770048      |
| train/                  |             |
|    approx_kl            | 0.009906582 |
|    clip_fraction        | 0.173       |
|    clip_range           | 0.2         |
|    entropy_loss         | -0.444      |
|    explained_variance   | 0.787       |
|    learning_rate        | 0.0003      |
|    loss                 | 0.281       |
|    n_updates            | 930         |
|    policy_gradient_loss | 0.0038      |
|    std                  | 0.379       |
|    value_loss           | 1.98        |
-----------------------------------------
----------------------------------------
| rollout/                |            |
|    ep_len_mean          | 75.8       |
|    ep_rew_mean          | 5.89       |
| time/                   |            |
|    fps                  | 111        |
|    iterations           | 95         |
|    time_elapsed         | 6969       |
|    total_timesteps      | 778240     |
| train/                  |            |
|    approx_kl            | 0.01809019 |
|    clip_fraction        | 0.174      |
|    clip_range           | 0.2        |
|    entropy_loss         | -0.453     |
|    explained_variance   | 0.815      |
|    learning_rate        | 0.0003     |
|    loss                 | 1.98       |
|    n_updates            | 940        |
|    policy_gradient_loss | 0.00338    |
|    std                  | 0.381      |
|    value_loss           | 2.86       |
----------------------------------------
-----------------------------------------
| rollout/                |             |
|    ep_len_mean          | 78.6        |
|    ep_rew_mean          | 6.63        |
| time/                   |             |
|    fps                  | 111         |
|    iterations           | 96          |
|    time_elapsed         | 7043        |
|    total_timesteps      | 786432      |
| train/                  |             |
|    approx_kl            | 0.016277906 |
|    clip_fraction        | 0.156       |
|    clip_range           | 0.2         |
|    entropy_loss         | -0.447      |
|    explained_variance   | 0.863       |
|    learning_rate        | 0.0003      |
|    loss                 | 0.96        |
|    n_updates            | 950         |
|    policy_gradient_loss | 0.00206     |
|    std                  | 0.374       |
|    value_loss           | 2.22        |
-----------------------------------------
----------------------------------------
| rollout/                |            |
|    ep_len_mean          | 70.9       |
|    ep_rew_mean          | 6.01       |
| time/                   |            |
|    fps                  | 111        |
|    iterations           | 97         |
|    time_elapsed         | 7117       |
|    total_timesteps      | 794624     |
| train/                  |            |
|    approx_kl            | 0.11426803 |
|    clip_fraction        | 0.18       |
|    clip_range           | 0.2        |
|    entropy_loss         | -0.432     |
|    explained_variance   | 0.886      |
|    learning_rate        | 0.0003     |
|    loss                 | 3.72       |
|    n_updates            | 960        |
|    policy_gradient_loss | 0.00805    |
|    std                  | 0.372      |
|    value_loss           | 1.83       |
----------------------------------------
-----------------------------------------
| rollout/                |             |
|    ep_len_mean          | 87          |
|    ep_rew_mean          | 8.33        |
| time/                   |             |
|    fps                  | 111         |
|    iterations           | 98          |
|    time_elapsed         | 7193        |
|    total_timesteps      | 802816      |
| train/                  |             |
|    approx_kl            | 0.013655381 |
|    clip_fraction        | 0.125       |
|    clip_range           | 0.2         |
|    entropy_loss         | -0.425      |
|    explained_variance   | 0.804       |
|    learning_rate        | 0.0003      |
|    loss                 | 0.186       |
|    n_updates            | 970         |
|    policy_gradient_loss | 0.00346     |
|    std                  | 0.369       |
|    value_loss           | 2.37        |
-----------------------------------------
-----------------------------------------
| rollout/                |             |
|    ep_len_mean          | 83.5        |
|    ep_rew_mean          | 8.32        |
| time/                   |             |
|    fps                  | 111         |
|    iterations           | 99          |
|    time_elapsed         | 7266        |
|    total_timesteps      | 811008      |
| train/                  |             |
|    approx_kl            | 0.020728162 |
|    clip_fraction        | 0.181       |
|    clip_range           | 0.2         |
|    entropy_loss         | -0.406      |
|    explained_variance   | 0.833       |
|    learning_rate        | 0.0003      |
|    loss                 | 0.19        |
|    n_updates            | 980         |
|    policy_gradient_loss | 0.00671     |
|    std                  | 0.36        |
|    value_loss           | 2.74        |
-----------------------------------------
-----------------------------------------
| rollout/                |             |
|    ep_len_mean          | 71.1        |
|    ep_rew_mean          | 6.45        |
| time/                   |             |
|    fps                  | 111         |
|    iterations           | 100         |
|    time_elapsed         | 7340        |
|    total_timesteps      | 819200      |
| train/                  |             |
|    approx_kl            | 0.016222171 |
|    clip_fraction        | 0.202       |
|    clip_range           | 0.2         |
|    entropy_loss         | -0.387      |
|    explained_variance   | 0.895       |
|    learning_rate        | 0.0003      |
|    loss                 | 0.513       |
|    n_updates            | 990         |
|    policy_gradient_loss | 0.00723     |
|    std                  | 0.355       |
|    value_loss           | 1.57        |
-----------------------------------------
------------------------------------------
| rollout/                |              |
|    ep_len_mean          | 67.9         |
|    ep_rew_mean          | 6.06         |
| time/                   |              |
|    fps                  | 111          |
|    iterations           | 101          |
|    time_elapsed         | 7413         |
|    total_timesteps      | 827392       |
| train/                  |              |
|    approx_kl            | 0.0149328895 |
|    clip_fraction        | 0.136        |
|    clip_range           | 0.2          |
|    entropy_loss         | -0.385       |
|    explained_variance   | 0.851        |
|    learning_rate        | 0.0003       |
|    loss                 | 1.13         |
|    n_updates            | 1000         |
|    policy_gradient_loss | 0.00264      |
|    std                  | 0.356        |
|    value_loss           | 3.56         |
------------------------------------------
-----------------------------------------
| rollout/                |             |
|    ep_len_mean          | 82          |
|    ep_rew_mean          | 8.02        |
| time/                   |             |
|    fps                  | 111         |
|    iterations           | 102         |
|    time_elapsed         | 7488        |
|    total_timesteps      | 835584      |
| train/                  |             |
|    approx_kl            | 0.052069206 |
|    clip_fraction        | 0.149       |
|    clip_range           | 0.2         |
|    entropy_loss         | -0.386      |
|    explained_variance   | 0.851       |
|    learning_rate        | 0.0003      |
|    loss                 | 0.369       |
|    n_updates            | 1010        |
|    policy_gradient_loss | 0.00413     |
|    std                  | 0.358       |
|    value_loss           | 3.15        |
-----------------------------------------
-----------------------------------------
| rollout/                |             |
|    ep_len_mean          | 88.4        |
|    ep_rew_mean          | 9.2         |
| time/                   |             |
|    fps                  | 111         |
|    iterations           | 103         |
|    time_elapsed         | 7564        |
|    total_timesteps      | 843776      |
| train/                  |             |
|    approx_kl            | 0.013545259 |
|    clip_fraction        | 0.182       |
|    clip_range           | 0.2         |
|    entropy_loss         | -0.383      |
|    explained_variance   | 0.843       |
|    learning_rate        | 0.0003      |
|    loss                 | 0.696       |
|    n_updates            | 1020        |
|    policy_gradient_loss | 0.00574     |
|    std                  | 0.356       |
|    value_loss           | 2.83        |
-----------------------------------------
-----------------------------------------
| rollout/                |             |
|    ep_len_mean          | 71.9        |
|    ep_rew_mean          | 6.73        |
| time/                   |             |
|    fps                  | 111         |
|    iterations           | 104         |
|    time_elapsed         | 7638        |
|    total_timesteps      | 851968      |
| train/                  |             |
|    approx_kl            | 0.018225636 |
|    clip_fraction        | 0.158       |
|    clip_range           | 0.2         |
|    entropy_loss         | -0.382      |
|    explained_variance   | 0.882       |
|    learning_rate        | 0.0003      |
|    loss                 | 1.22        |
|    n_updates            | 1030        |
|    policy_gradient_loss | 0.00262     |
|    std                  | 0.353       |
|    value_loss           | 2.37        |
-----------------------------------------
-----------------------------------------
| rollout/                |             |
|    ep_len_mean          | 86.9        |
|    ep_rew_mean          | 8.9         |
| time/                   |             |
|    fps                  | 111         |
|    iterations           | 105         |
|    time_elapsed         | 7715        |
|    total_timesteps      | 860160      |
| train/                  |             |
|    approx_kl            | 0.009563601 |
|    clip_fraction        | 0.16        |
|    clip_range           | 0.2         |
|    entropy_loss         | -0.372      |
|    explained_variance   | 0.879       |
|    learning_rate        | 0.0003      |
|    loss                 | 0.91        |
|    n_updates            | 1040        |
|    policy_gradient_loss | 0.0042      |
|    std                  | 0.348       |
|    value_loss           | 2.4         |
-----------------------------------------
----------------------------------------
| rollout/                |            |
|    ep_len_mean          | 77.2       |
|    ep_rew_mean          | 7.47       |
| time/                   |            |
|    fps                  | 111        |
|    iterations           | 106        |
|    time_elapsed         | 7791       |
|    total_timesteps      | 868352     |
| train/                  |            |
|    approx_kl            | 0.02254181 |
|    clip_fraction        | 0.149      |
|    clip_range           | 0.2        |
|    entropy_loss         | -0.36      |
|    explained_variance   | 0.863      |
|    learning_rate        | 0.0003     |
|    loss                 | 0.351      |
|    n_updates            | 1050       |
|    policy_gradient_loss | 0.00408    |
|    std                  | 0.346      |
|    value_loss           | 3.04       |
----------------------------------------
-----------------------------------------
| rollout/                |             |
|    ep_len_mean          | 75.8        |
|    ep_rew_mean          | 7.47        |
| time/                   |             |
|    fps                  | 111         |
|    iterations           | 107         |
|    time_elapsed         | 7868        |
|    total_timesteps      | 876544      |
| train/                  |             |
|    approx_kl            | 0.013840525 |
|    clip_fraction        | 0.129       |
|    clip_range           | 0.2         |
|    entropy_loss         | -0.357      |
|    explained_variance   | 0.887       |
|    learning_rate        | 0.0003      |
|    loss                 | 1.19        |
|    n_updates            | 1060        |
|    policy_gradient_loss | 0.00325     |
|    std                  | 0.345       |
|    value_loss           | 2.87        |
-----------------------------------------
-----------------------------------------
| rollout/                |             |
|    ep_len_mean          | 77.1        |
|    ep_rew_mean          | 7.6         |
| time/                   |             |
|    fps                  | 111         |
|    iterations           | 108         |
|    time_elapsed         | 7947        |
|    total_timesteps      | 884736      |
| train/                  |             |
|    approx_kl            | 0.017816141 |
|    clip_fraction        | 0.121       |
|    clip_range           | 0.2         |
|    entropy_loss         | -0.343      |
|    explained_variance   | 0.876       |
|    learning_rate        | 0.0003      |
|    loss                 | 0.382       |
|    n_updates            | 1070        |
|    policy_gradient_loss | 0.00224     |
|    std                  | 0.339       |
|    value_loss           | 3.76        |
-----------------------------------------
-----------------------------------------
| rollout/                |             |
|    ep_len_mean          | 69.2        |
|    ep_rew_mean          | 6.31        |
| time/                   |             |
|    fps                  | 111         |
|    iterations           | 109         |
|    time_elapsed         | 8025        |
|    total_timesteps      | 892928      |
| train/                  |             |
|    approx_kl            | 0.009534049 |
|    clip_fraction        | 0.147       |
|    clip_range           | 0.2         |
|    entropy_loss         | -0.34       |
|    explained_variance   | 0.836       |
|    learning_rate        | 0.0003      |
|    loss                 | 0.297       |
|    n_updates            | 1080        |
|    policy_gradient_loss | 0.00415     |
|    std                  | 0.339       |
|    value_loss           | 2.79        |
-----------------------------------------
-----------------------------------------
| rollout/                |             |
|    ep_len_mean          | 65          |
|    ep_rew_mean          | 5.87        |
| time/                   |             |
|    fps                  | 111         |
|    iterations           | 110         |
|    time_elapsed         | 8105        |
|    total_timesteps      | 901120      |
| train/                  |             |
|    approx_kl            | 0.011205895 |
|    clip_fraction        | 0.106       |
|    clip_range           | 0.2         |
|    entropy_loss         | -0.333      |
|    explained_variance   | 0.877       |
|    learning_rate        | 0.0003      |
|    loss                 | 2.09        |
|    n_updates            | 1090        |
|    policy_gradient_loss | 0.00268     |
|    std                  | 0.338       |
|    value_loss           | 3.16        |
-----------------------------------------
-----------------------------------------
| rollout/                |             |
|    ep_len_mean          | 60.1        |
|    ep_rew_mean          | 5.24        |
| time/                   |             |
|    fps                  | 111         |
|    iterations           | 111         |
|    time_elapsed         | 8185        |
|    total_timesteps      | 909312      |
| train/                  |             |
|    approx_kl            | 0.010512342 |
|    clip_fraction        | 0.128       |
|    clip_range           | 0.2         |
|    entropy_loss         | -0.338      |
|    explained_variance   | 0.846       |
|    learning_rate        | 0.0003      |
|    loss                 | 1.29        |
|    n_updates            | 1100        |
|    policy_gradient_loss | 0.00276     |
|    std                  | 0.339       |
|    value_loss           | 4.16        |
-----------------------------------------
-----------------------------------------
| rollout/                |             |
|    ep_len_mean          | 72.4        |
|    ep_rew_mean          | 7.04        |
| time/                   |             |
|    fps                  | 111         |
|    iterations           | 112         |
|    time_elapsed         | 8264        |
|    total_timesteps      | 917504      |
| train/                  |             |
|    approx_kl            | 0.012512277 |
|    clip_fraction        | 0.165       |
|    clip_range           | 0.2         |
|    entropy_loss         | -0.33       |
|    explained_variance   | 0.855       |
|    learning_rate        | 0.0003      |
|    loss                 | 1.93        |
|    n_updates            | 1110        |
|    policy_gradient_loss | 0.00452     |
|    std                  | 0.336       |
|    value_loss           | 4.03        |
-----------------------------------------
-----------------------------------------
| rollout/                |             |
|    ep_len_mean          | 79.2        |
|    ep_rew_mean          | 7.83        |
| time/                   |             |
|    fps                  | 110         |
|    iterations           | 113         |
|    time_elapsed         | 8343        |
|    total_timesteps      | 925696      |
| train/                  |             |
|    approx_kl            | 0.008326903 |
|    clip_fraction        | 0.124       |
|    clip_range           | 0.2         |
|    entropy_loss         | -0.324      |
|    explained_variance   | 0.886       |
|    learning_rate        | 0.0003      |
|    loss                 | 0.395       |
|    n_updates            | 1120        |
|    policy_gradient_loss | 0.00387     |
|    std                  | 0.333       |
|    value_loss           | 3.31        |
-----------------------------------------
-----------------------------------------
| rollout/                |             |
|    ep_len_mean          | 78.7        |
|    ep_rew_mean          | 8.17        |
| time/                   |             |
|    fps                  | 110         |
|    iterations           | 114         |
|    time_elapsed         | 8420        |
|    total_timesteps      | 933888      |
| train/                  |             |
|    approx_kl            | 0.012924605 |
|    clip_fraction        | 0.123       |
|    clip_range           | 0.2         |
|    entropy_loss         | -0.319      |
|    explained_variance   | 0.77        |
|    learning_rate        | 0.0003      |
|    loss                 | 2.18        |
|    n_updates            | 1130        |
|    policy_gradient_loss | 0.00294     |
|    std                  | 0.334       |
|    value_loss           | 3.68        |
-----------------------------------------
-----------------------------------------
| rollout/                |             |
|    ep_len_mean          | 66.3        |
|    ep_rew_mean          | 6.39        |
| time/                   |             |
|    fps                  | 110         |
|    iterations           | 115         |
|    time_elapsed         | 8494        |
|    total_timesteps      | 942080      |
| train/                  |             |
|    approx_kl            | 0.045054853 |
|    clip_fraction        | 0.136       |
|    clip_range           | 0.2         |
|    entropy_loss         | -0.325      |
|    explained_variance   | 0.834       |
|    learning_rate        | 0.0003      |
|    loss                 | 3.4         |
|    n_updates            | 1140        |
|    policy_gradient_loss | 0.00376     |
|    std                  | 0.337       |
|    value_loss           | 3.77        |
-----------------------------------------
-----------------------------------------
| rollout/                |             |
|    ep_len_mean          | 88.1        |
|    ep_rew_mean          | 9.58        |
| time/                   |             |
|    fps                  | 110         |
|    iterations           | 116         |
|    time_elapsed         | 8571        |
|    total_timesteps      | 950272      |
| train/                  |             |
|    approx_kl            | 0.012753022 |
|    clip_fraction        | 0.138       |
|    clip_range           | 0.2         |
|    entropy_loss         | -0.328      |
|    explained_variance   | 0.877       |
|    learning_rate        | 0.0003      |
|    loss                 | 1.13        |
|    n_updates            | 1150        |
|    policy_gradient_loss | 0.00269     |
|    std                  | 0.337       |
|    value_loss           | 3.71        |
-----------------------------------------
-----------------------------------------
| rollout/                |             |
|    ep_len_mean          | 89.7        |
|    ep_rew_mean          | 9.7         |
| time/                   |             |
|    fps                  | 110         |
|    iterations           | 117         |
|    time_elapsed         | 8649        |
|    total_timesteps      | 958464      |
| train/                  |             |
|    approx_kl            | 0.028658327 |
|    clip_fraction        | 0.16        |
|    clip_range           | 0.2         |
|    entropy_loss         | -0.331      |
|    explained_variance   | 0.867       |
|    learning_rate        | 0.0003      |
|    loss                 | 3.43        |
|    n_updates            | 1160        |
|    policy_gradient_loss | 0.0041      |
|    std                  | 0.337       |
|    value_loss           | 3.25        |
-----------------------------------------
-----------------------------------------
| rollout/                |             |
|    ep_len_mean          | 72.9        |
|    ep_rew_mean          | 7.32        |
| time/                   |             |
|    fps                  | 110         |
|    iterations           | 118         |
|    time_elapsed         | 8729        |
|    total_timesteps      | 966656      |
| train/                  |             |
|    approx_kl            | 0.010618163 |
|    clip_fraction        | 0.156       |
|    clip_range           | 0.2         |
|    entropy_loss         | -0.335      |
|    explained_variance   | 0.859       |
|    learning_rate        | 0.0003      |
|    loss                 | 2.88        |
|    n_updates            | 1170        |
|    policy_gradient_loss | 0.00528     |
|    std                  | 0.339       |
|    value_loss           | 3.43        |
-----------------------------------------
-----------------------------------------
| rollout/                |             |
|    ep_len_mean          | 80.3        |
|    ep_rew_mean          | 8.47        |
| time/                   |             |
|    fps                  | 110         |
|    iterations           | 119         |
|    time_elapsed         | 8807        |
|    total_timesteps      | 974848      |
| train/                  |             |
|    approx_kl            | 0.019305833 |
|    clip_fraction        | 0.14        |
|    clip_range           | 0.2         |
|    entropy_loss         | -0.33       |
|    explained_variance   | 0.854       |
|    learning_rate        | 0.0003      |
|    loss                 | 3.81        |
|    n_updates            | 1180        |
|    policy_gradient_loss | 0.00425     |
|    std                  | 0.338       |
|    value_loss           | 3.93        |
-----------------------------------------
-----------------------------------------
| rollout/                |             |
|    ep_len_mean          | 66.3        |
|    ep_rew_mean          | 6.22        |
| time/                   |             |
|    fps                  | 110         |
|    iterations           | 120         |
|    time_elapsed         | 8882        |
|    total_timesteps      | 983040      |
| train/                  |             |
|    approx_kl            | 0.016901724 |
|    clip_fraction        | 0.174       |
|    clip_range           | 0.2         |
|    entropy_loss         | -0.322      |
|    explained_variance   | 0.901       |
|    learning_rate        | 0.0003      |
|    loss                 | 0.183       |
|    n_updates            | 1190        |
|    policy_gradient_loss | 0.00643     |
|    std                  | 0.33        |
|    value_loss           | 2.76        |
-----------------------------------------
-----------------------------------------
| rollout/                |             |
|    ep_len_mean          | 74.3        |
|    ep_rew_mean          | 7.17        |
| time/                   |             |
|    fps                  | 110         |
|    iterations           | 121         |
|    time_elapsed         | 8957        |
|    total_timesteps      | 991232      |
| train/                  |             |
|    approx_kl            | 0.013568526 |
|    clip_fraction        | 0.158       |
|    clip_range           | 0.2         |
|    entropy_loss         | -0.307      |
|    explained_variance   | 0.882       |
|    learning_rate        | 0.0003      |
|    loss                 | 1.56        |
|    n_updates            | 1200        |
|    policy_gradient_loss | 0.00427     |
|    std                  | 0.327       |
|    value_loss           | 4.22        |
-----------------------------------------
-----------------------------------------
| rollout/                |             |
|    ep_len_mean          | 72.7        |
|    ep_rew_mean          | 6.78        |
| time/                   |             |
|    fps                  | 110         |
|    iterations           | 122         |
|    time_elapsed         | 9032        |
|    total_timesteps      | 999424      |
| train/                  |             |
|    approx_kl            | 0.017575305 |
|    clip_fraction        | 0.176       |
|    clip_range           | 0.2         |
|    entropy_loss         | -0.289      |
|    explained_variance   | 0.852       |
|    learning_rate        | 0.0003      |
|    loss                 | 1.56        |
|    n_updates            | 1210        |
|    policy_gradient_loss | 0.0026      |
|    std                  | 0.32        |
|    value_loss           | 3.52        |
-----------------------------------------
-----------------------------------------
| rollout/                |             |
|    ep_len_mean          | 86.5        |
|    ep_rew_mean          | 8.92        |
| time/                   |             |
|    fps                  | 110         |
|    iterations           | 123         |
|    time_elapsed         | 9106        |
|    total_timesteps      | 1007616     |
| train/                  |             |
|    approx_kl            | 0.012451781 |
|    clip_fraction        | 0.131       |
|    clip_range           | 0.2         |
|    entropy_loss         | -0.275      |
|    explained_variance   | 0.858       |
|    learning_rate        | 0.0003      |
|    loss                 | 1.41        |
|    n_updates            | 1220        |
|    policy_gradient_loss | 0.00236     |
|    std                  | 0.319       |
|    value_loss           | 4.33        |
-----------------------------------------


###############################################################################
TCHPC Cluster: callan
Job 171115 (attn_uniform_cf_obs20_dense_seed0_v12) for User 'hadjitot' in Account 'callan_hadjitot'
Finished at: Sat Mar 28 13:25:26 GMT 2026

Job efficiency estimates:
=========================

Job ID: 171115
Cluster: callan
User/Group: hadjitot/hadjitot
State: COMPLETED (exit code 0)
Nodes: 1
Cores per node: 16
CPU Utilized: 07:31:54
CPU Efficiency: 18.50% of 1-16:43:12 core-walltime
Job Wall-clock time: 02:32:42
Memory Utilized: 1.93 GB
Memory Efficiency: 6.03% of 32.00 GB (32.00 GB/node)

Job completion status:
======================

JobID           JobName AllocCPUS NTasks NNodes     MaxRSS    MaxRSSNode  MaxDiskRead MaxDiskWrite    Elapsed      State ExitCode 
------------ ---------- --------- ------ ------ ---------- ------------- ------------ ------------ ---------- ---------- -------- 
171115       attn_unif+        16             1                                                      02:32:42  COMPLETED      0:0 
171115.batch      batch        16      1      1   2022428K    callan-n08     1334.71M     1140.56M   02:32:42  COMPLETED      0:0 
171115.exte+     extern        16      1      1                                                      02:32:42  COMPLETED      0:0 


Job details:
============

JobId=171115 JobName=attn_uniform_cf_obs20_dense_seed0_v12
   UserId=hadjitot(2357) GroupId=hadjitot(2300) MCS_label=N/A
   Priority=110562 Nice=0 Account=callan_hadjitot QOS=normal
   JobState=COMPLETING Reason=None Dependency=(null)
   Requeue=0 Restarts=0 BatchFlag=1 Reboot=0 ExitCode=0:0
   DerivedExitCode=0:0
   RunTime=02:32:42 TimeLimit=2-00:00:00 TimeMin=N/A
   SubmitTime=2026-03-27T20:37:56 EligibleTime=2026-03-27T20:37:56
   AccrueTime=2026-03-27T20:37:56
   StartTime=2026-03-28T10:52:44 EndTime=2026-03-28T13:25:26 Deadline=N/A
   SuspendTime=None SecsPreSuspend=0 LastSchedEval=2026-03-28T10:52:44 Scheduler=Backfill
   Partition=compute AllocNode:Sid=callan01:1076092
   ReqNodeList=(null) ExcNodeList=(null)
   NodeList=callan-n08
   BatchHost=callan-n08
   NumNodes=1 NumCPUs=16 NumTasks=1 CPUs/Task=16 ReqB:S:C:T=0:0:*:*
   ReqTRES=cpu=16,mem=32G,node=1,billing=16
   AllocTRES=cpu=16,mem=32G,node=1,billing=16
   Socks/Node=* NtasksPerN:B:S:C=0:0:*:* CoreSpec=*
   JOB_GRES=(null)
     Nodes=callan-n08 CPU_IDs=3-10,12,15-17,21-22,30-31 Mem=32768 GRES=
   MinCPUsNode=16 MinMemoryNode=32G MinTmpDiskNode=0
   Features=(null) DelayBoot=00:00:00
   OverSubscribe=OK Contiguous=0 Licenses=(null) LicensesAlloc=(null) Network=(null)
   Command=/home/users/hadjitot/fyp/HighwayEnv/slurm/train_attention.sbatch
   WorkDir=/home/users/hadjitot/fyp/HighwayEnv
   StdErr=/home/users/hadjitot/fyp/HighwayEnv/slurm_out/attn_uniform_cf_obs20_dense_seed0_v12_171115.err
   StdIn=/dev/null
   StdOut=/home/users/hadjitot/fyp/HighwayEnv/slurm_out/attn_uniform_cf_obs20_dense_seed0_v12_171115.out
   TresPerTask=cpu=16
   


Disk quota details:
===================

                         Block Limits                                    |                     File Limits
Name       type             MB      quota      limit   in_doubt    grace |    files   quota    limit in_doubt    grace
root       USR         4973605          0          0       1462     none |   398089       0        0      753     none
root       FILESET     5179484          0          0       4331     none |  9911362       0        0     1464     none


SLURM Bank Statement:
=====================

User           Usage |        Account     Usage | Account Limit Available (CPU hrs)
---------- --------- + -------------- --------- + ------------- ---------
hadjitot      12,398 | CALLAN_HADJITOT    12,398 |       300,000   287,602


Acknowledgements:
=================

Note that usage of TCHPC Resources *must* be acknowledged in all publications.

Please see this page for details relevant to this cluster:

http://www.tchpc.tcd.ie/resources/acknowledgementpolicy

################################################################################
