Loading Anaconda 3 2024.02-1
SCENARIO_NAME=cf_obs20_dense
EXP_VERSION=v12
TOTAL_TIMESTEPS=1000000
N_ENVS=4
ATTN_MODE=uniform
X_INDEX=1
VX_INDEX=3
ORACLE_RULE=leader_x
TTC_EPS=1e-6
ppo_attn_uniform_cf_obs20_dense_v12_seed1 obs shape: (20, 5) action space: Box(-1.0, 1.0, (1,), float32)
Using cpu device
Logging to runs/tb/ppo_attn_uniform_cf_obs20_dense_v12_seed1_1
---------------------------------
| rollout/           |          |
|    ep_len_mean     | 12       |
|    ep_rew_mean     | -0.901   |
| time/              |          |
|    fps             | 110      |
|    iterations      | 1        |
|    time_elapsed    | 74       |
|    total_timesteps | 8192     |
---------------------------------
-----------------------------------------
| rollout/                |             |
|    ep_len_mean          | 12.1        |
|    ep_rew_mean          | -0.892      |
| time/                   |             |
|    fps                  | 107         |
|    iterations           | 2           |
|    time_elapsed         | 152         |
|    total_timesteps      | 16384       |
| train/                  |             |
|    approx_kl            | 0.004042602 |
|    clip_fraction        | 0.0189      |
|    clip_range           | 0.2         |
|    entropy_loss         | -1.41       |
|    explained_variance   | 0.00084     |
|    learning_rate        | 0.0003      |
|    loss                 | 0.514       |
|    n_updates            | 10          |
|    policy_gradient_loss | -0.00126    |
|    std                  | 0.983       |
|    value_loss           | 2.65        |
-----------------------------------------
------------------------------------------
| rollout/                |              |
|    ep_len_mean          | 12.6         |
|    ep_rew_mean          | -0.789       |
| time/                   |              |
|    fps                  | 105          |
|    iterations           | 3            |
|    time_elapsed         | 231          |
|    total_timesteps      | 24576        |
| train/                  |              |
|    approx_kl            | 0.0074268216 |
|    clip_fraction        | 0.119        |
|    clip_range           | 0.2          |
|    entropy_loss         | -1.4         |
|    explained_variance   | 0.942        |
|    learning_rate        | 0.0003       |
|    loss                 | 0.264        |
|    n_updates            | 20           |
|    policy_gradient_loss | -0.00872     |
|    std                  | 0.981        |
|    value_loss           | 0.483        |
------------------------------------------
-----------------------------------------
| rollout/                |             |
|    ep_len_mean          | 12.7        |
|    ep_rew_mean          | -0.894      |
| time/                   |             |
|    fps                  | 105         |
|    iterations           | 4           |
|    time_elapsed         | 309         |
|    total_timesteps      | 32768       |
| train/                  |             |
|    approx_kl            | 0.011231935 |
|    clip_fraction        | 0.101       |
|    clip_range           | 0.2         |
|    entropy_loss         | -1.39       |
|    explained_variance   | 0.952       |
|    learning_rate        | 0.0003      |
|    loss                 | 0.236       |
|    n_updates            | 30          |
|    policy_gradient_loss | -0.0068     |
|    std                  | 0.958       |
|    value_loss           | 0.446       |
-----------------------------------------
------------------------------------------
| rollout/                |              |
|    ep_len_mean          | 13.2         |
|    ep_rew_mean          | -0.636       |
| time/                   |              |
|    fps                  | 105          |
|    iterations           | 5            |
|    time_elapsed         | 387          |
|    total_timesteps      | 40960        |
| train/                  |              |
|    approx_kl            | 0.0048596784 |
|    clip_fraction        | 0.0825       |
|    clip_range           | 0.2          |
|    entropy_loss         | -1.37        |
|    explained_variance   | 0.957        |
|    learning_rate        | 0.0003       |
|    loss                 | 0.181        |
|    n_updates            | 40           |
|    policy_gradient_loss | -0.00378     |
|    std                  | 0.947        |
|    value_loss           | 0.418        |
------------------------------------------
-----------------------------------------
| rollout/                |             |
|    ep_len_mean          | 13.2        |
|    ep_rew_mean          | -0.729      |
| time/                   |             |
|    fps                  | 105         |
|    iterations           | 6           |
|    time_elapsed         | 465         |
|    total_timesteps      | 49152       |
| train/                  |             |
|    approx_kl            | 0.005157212 |
|    clip_fraction        | 0.0526      |
|    clip_range           | 0.2         |
|    entropy_loss         | -1.35       |
|    explained_variance   | 0.961       |
|    learning_rate        | 0.0003      |
|    loss                 | 0.228       |
|    n_updates            | 50          |
|    policy_gradient_loss | -0.00281    |
|    std                  | 0.936       |
|    value_loss           | 0.394       |
-----------------------------------------
-----------------------------------------
| rollout/                |             |
|    ep_len_mean          | 13.5        |
|    ep_rew_mean          | -0.651      |
| time/                   |             |
|    fps                  | 105         |
|    iterations           | 7           |
|    time_elapsed         | 542         |
|    total_timesteps      | 57344       |
| train/                  |             |
|    approx_kl            | 0.008139649 |
|    clip_fraction        | 0.0978      |
|    clip_range           | 0.2         |
|    entropy_loss         | -1.34       |
|    explained_variance   | 0.958       |
|    learning_rate        | 0.0003      |
|    loss                 | 0.126       |
|    n_updates            | 60          |
|    policy_gradient_loss | -0.0061     |
|    std                  | 0.919       |
|    value_loss           | 0.395       |
-----------------------------------------
-----------------------------------------
| rollout/                |             |
|    ep_len_mean          | 14.1        |
|    ep_rew_mean          | -0.695      |
| time/                   |             |
|    fps                  | 105         |
|    iterations           | 8           |
|    time_elapsed         | 618         |
|    total_timesteps      | 65536       |
| train/                  |             |
|    approx_kl            | 0.008138544 |
|    clip_fraction        | 0.0934      |
|    clip_range           | 0.2         |
|    entropy_loss         | -1.32       |
|    explained_variance   | 0.957       |
|    learning_rate        | 0.0003      |
|    loss                 | 0.187       |
|    n_updates            | 70          |
|    policy_gradient_loss | -0.00558    |
|    std                  | 0.9         |
|    value_loss           | 0.395       |
-----------------------------------------
-----------------------------------------
| rollout/                |             |
|    ep_len_mean          | 14.8        |
|    ep_rew_mean          | -0.418      |
| time/                   |             |
|    fps                  | 105         |
|    iterations           | 9           |
|    time_elapsed         | 695         |
|    total_timesteps      | 73728       |
| train/                  |             |
|    approx_kl            | 0.006845448 |
|    clip_fraction        | 0.0985      |
|    clip_range           | 0.2         |
|    entropy_loss         | -1.3        |
|    explained_variance   | 0.959       |
|    learning_rate        | 0.0003      |
|    loss                 | 0.151       |
|    n_updates            | 80          |
|    policy_gradient_loss | -0.00442    |
|    std                  | 0.879       |
|    value_loss           | 0.4         |
-----------------------------------------
-----------------------------------------
| rollout/                |             |
|    ep_len_mean          | 15.1        |
|    ep_rew_mean          | -0.476      |
| time/                   |             |
|    fps                  | 105         |
|    iterations           | 10          |
|    time_elapsed         | 772         |
|    total_timesteps      | 81920       |
| train/                  |             |
|    approx_kl            | 0.006713886 |
|    clip_fraction        | 0.101       |
|    clip_range           | 0.2         |
|    entropy_loss         | -1.28       |
|    explained_variance   | 0.961       |
|    learning_rate        | 0.0003      |
|    loss                 | 0.158       |
|    n_updates            | 90          |
|    policy_gradient_loss | -0.00557    |
|    std                  | 0.869       |
|    value_loss           | 0.376       |
-----------------------------------------
-----------------------------------------
| rollout/                |             |
|    ep_len_mean          | 15.7        |
|    ep_rew_mean          | -0.373      |
| time/                   |             |
|    fps                  | 106         |
|    iterations           | 11          |
|    time_elapsed         | 848         |
|    total_timesteps      | 90112       |
| train/                  |             |
|    approx_kl            | 0.008115845 |
|    clip_fraction        | 0.094       |
|    clip_range           | 0.2         |
|    entropy_loss         | -1.25       |
|    explained_variance   | 0.964       |
|    learning_rate        | 0.0003      |
|    loss                 | 0.183       |
|    n_updates            | 100         |
|    policy_gradient_loss | -0.00387    |
|    std                  | 0.833       |
|    value_loss           | 0.346       |
-----------------------------------------
------------------------------------------
| rollout/                |              |
|    ep_len_mean          | 15.9         |
|    ep_rew_mean          | -0.378       |
| time/                   |              |
|    fps                  | 106          |
|    iterations           | 12           |
|    time_elapsed         | 924          |
|    total_timesteps      | 98304        |
| train/                  |              |
|    approx_kl            | 0.0068649156 |
|    clip_fraction        | 0.0938       |
|    clip_range           | 0.2          |
|    entropy_loss         | -1.22        |
|    explained_variance   | 0.964        |
|    learning_rate        | 0.0003       |
|    loss                 | 0.193        |
|    n_updates            | 110          |
|    policy_gradient_loss | -0.00344     |
|    std                  | 0.816        |
|    value_loss           | 0.364        |
------------------------------------------
-----------------------------------------
| rollout/                |             |
|    ep_len_mean          | 16.2        |
|    ep_rew_mean          | -0.348      |
| time/                   |             |
|    fps                  | 106         |
|    iterations           | 13          |
|    time_elapsed         | 1000        |
|    total_timesteps      | 106496      |
| train/                  |             |
|    approx_kl            | 0.007560336 |
|    clip_fraction        | 0.0751      |
|    clip_range           | 0.2         |
|    entropy_loss         | -1.19       |
|    explained_variance   | 0.967       |
|    learning_rate        | 0.0003      |
|    loss                 | 0.186       |
|    n_updates            | 120         |
|    policy_gradient_loss | -0.00126    |
|    std                  | 0.787       |
|    value_loss           | 0.34        |
-----------------------------------------
------------------------------------------
| rollout/                |              |
|    ep_len_mean          | 16.1         |
|    ep_rew_mean          | -0.408       |
| time/                   |              |
|    fps                  | 106          |
|    iterations           | 14           |
|    time_elapsed         | 1077         |
|    total_timesteps      | 114688       |
| train/                  |              |
|    approx_kl            | 0.0061652493 |
|    clip_fraction        | 0.0741       |
|    clip_range           | 0.2          |
|    entropy_loss         | -1.16        |
|    explained_variance   | 0.964        |
|    learning_rate        | 0.0003       |
|    loss                 | 0.199        |
|    n_updates            | 130          |
|    policy_gradient_loss | -0.00124     |
|    std                  | 0.768        |
|    value_loss           | 0.335        |
------------------------------------------
------------------------------------------
| rollout/                |              |
|    ep_len_mean          | 16.3         |
|    ep_rew_mean          | -0.439       |
| time/                   |              |
|    fps                  | 106          |
|    iterations           | 15           |
|    time_elapsed         | 1152         |
|    total_timesteps      | 122880       |
| train/                  |              |
|    approx_kl            | 0.0064511006 |
|    clip_fraction        | 0.0791       |
|    clip_range           | 0.2          |
|    entropy_loss         | -1.15        |
|    explained_variance   | 0.97         |
|    learning_rate        | 0.0003       |
|    loss                 | 0.161        |
|    n_updates            | 140          |
|    policy_gradient_loss | -0.0006      |
|    std                  | 0.754        |
|    value_loss           | 0.29         |
------------------------------------------
------------------------------------------
| rollout/                |              |
|    ep_len_mean          | 16.6         |
|    ep_rew_mean          | -0.277       |
| time/                   |              |
|    fps                  | 106          |
|    iterations           | 16           |
|    time_elapsed         | 1228         |
|    total_timesteps      | 131072       |
| train/                  |              |
|    approx_kl            | 0.0058280993 |
|    clip_fraction        | 0.0651       |
|    clip_range           | 0.2          |
|    entropy_loss         | -1.12        |
|    explained_variance   | 0.969        |
|    learning_rate        | 0.0003       |
|    loss                 | 0.123        |
|    n_updates            | 150          |
|    policy_gradient_loss | -0.000913    |
|    std                  | 0.737        |
|    value_loss           | 0.304        |
------------------------------------------
------------------------------------------
| rollout/                |              |
|    ep_len_mean          | 16.4         |
|    ep_rew_mean          | -0.368       |
| time/                   |              |
|    fps                  | 106          |
|    iterations           | 17           |
|    time_elapsed         | 1304         |
|    total_timesteps      | 139264       |
| train/                  |              |
|    approx_kl            | 0.0052604694 |
|    clip_fraction        | 0.0683       |
|    clip_range           | 0.2          |
|    entropy_loss         | -1.11        |
|    explained_variance   | 0.966        |
|    learning_rate        | 0.0003       |
|    loss                 | 0.0878       |
|    n_updates            | 160          |
|    policy_gradient_loss | -0.000263    |
|    std                  | 0.732        |
|    value_loss           | 0.275        |
------------------------------------------
------------------------------------------
| rollout/                |              |
|    ep_len_mean          | 16.6         |
|    ep_rew_mean          | -0.307       |
| time/                   |              |
|    fps                  | 106          |
|    iterations           | 18           |
|    time_elapsed         | 1381         |
|    total_timesteps      | 147456       |
| train/                  |              |
|    approx_kl            | 0.0053410586 |
|    clip_fraction        | 0.0685       |
|    clip_range           | 0.2          |
|    entropy_loss         | -1.11        |
|    explained_variance   | 0.969        |
|    learning_rate        | 0.0003       |
|    loss                 | 0.102        |
|    n_updates            | 170          |
|    policy_gradient_loss | 0.000336     |
|    std                  | 0.73         |
|    value_loss           | 0.31         |
------------------------------------------
-----------------------------------------
| rollout/                |             |
|    ep_len_mean          | 17          |
|    ep_rew_mean          | -0.293      |
| time/                   |             |
|    fps                  | 106         |
|    iterations           | 19          |
|    time_elapsed         | 1457        |
|    total_timesteps      | 155648      |
| train/                  |             |
|    approx_kl            | 0.006973656 |
|    clip_fraction        | 0.0728      |
|    clip_range           | 0.2         |
|    entropy_loss         | -1.1        |
|    explained_variance   | 0.972       |
|    learning_rate        | 0.0003      |
|    loss                 | 0.123       |
|    n_updates            | 180         |
|    policy_gradient_loss | -0.000606   |
|    std                  | 0.723       |
|    value_loss           | 0.296       |
-----------------------------------------
------------------------------------------
| rollout/                |              |
|    ep_len_mean          | 18.6         |
|    ep_rew_mean          | -0.803       |
| time/                   |              |
|    fps                  | 106          |
|    iterations           | 20           |
|    time_elapsed         | 1533         |
|    total_timesteps      | 163840       |
| train/                  |              |
|    approx_kl            | 0.0054511847 |
|    clip_fraction        | 0.0821       |
|    clip_range           | 0.2          |
|    entropy_loss         | -1.07        |
|    explained_variance   | 0.972        |
|    learning_rate        | 0.0003       |
|    loss                 | 0.133        |
|    n_updates            | 190          |
|    policy_gradient_loss | 0.000376     |
|    std                  | 0.7          |
|    value_loss           | 0.288        |
------------------------------------------
-----------------------------------------
| rollout/                |             |
|    ep_len_mean          | 17.3        |
|    ep_rew_mean          | -0.31       |
| time/                   |             |
|    fps                  | 106         |
|    iterations           | 21          |
|    time_elapsed         | 1608        |
|    total_timesteps      | 172032      |
| train/                  |             |
|    approx_kl            | 0.006132376 |
|    clip_fraction        | 0.0796      |
|    clip_range           | 0.2         |
|    entropy_loss         | -1.06       |
|    explained_variance   | 0.888       |
|    learning_rate        | 0.0003      |
|    loss                 | 0.131       |
|    n_updates            | 200         |
|    policy_gradient_loss | 0.00422     |
|    std                  | 0.693       |
|    value_loss           | 0.321       |
-----------------------------------------
------------------------------------------
| rollout/                |              |
|    ep_len_mean          | 19           |
|    ep_rew_mean          | -0.77        |
| time/                   |              |
|    fps                  | 106          |
|    iterations           | 22           |
|    time_elapsed         | 1685         |
|    total_timesteps      | 180224       |
| train/                  |              |
|    approx_kl            | 0.0069076233 |
|    clip_fraction        | 0.0799       |
|    clip_range           | 0.2          |
|    entropy_loss         | -1.06        |
|    explained_variance   | 0.93         |
|    learning_rate        | 0.0003       |
|    loss                 | 0.192        |
|    n_updates            | 210          |
|    policy_gradient_loss | 0.00226      |
|    std                  | 0.697        |
|    value_loss           | 0.383        |
------------------------------------------
------------------------------------------
| rollout/                |              |
|    ep_len_mean          | 18.1         |
|    ep_rew_mean          | -0.178       |
| time/                   |              |
|    fps                  | 107          |
|    iterations           | 23           |
|    time_elapsed         | 1759         |
|    total_timesteps      | 188416       |
| train/                  |              |
|    approx_kl            | 0.0053944746 |
|    clip_fraction        | 0.0731       |
|    clip_range           | 0.2          |
|    entropy_loss         | -1.06        |
|    explained_variance   | 0.938        |
|    learning_rate        | 0.0003       |
|    loss                 | 0.165        |
|    n_updates            | 220          |
|    policy_gradient_loss | 0.00133      |
|    std                  | 0.698        |
|    value_loss           | 0.493        |
------------------------------------------
-----------------------------------------
| rollout/                |             |
|    ep_len_mean          | 19.6        |
|    ep_rew_mean          | -0.649      |
| time/                   |             |
|    fps                  | 107         |
|    iterations           | 24          |
|    time_elapsed         | 1834        |
|    total_timesteps      | 196608      |
| train/                  |             |
|    approx_kl            | 0.006164123 |
|    clip_fraction        | 0.0809      |
|    clip_range           | 0.2         |
|    entropy_loss         | -1.05       |
|    explained_variance   | 0.965       |
|    learning_rate        | 0.0003      |
|    loss                 | 0.193       |
|    n_updates            | 230         |
|    policy_gradient_loss | 0.0013      |
|    std                  | 0.685       |
|    value_loss           | 0.378       |
-----------------------------------------
------------------------------------------
| rollout/                |              |
|    ep_len_mean          | 18.5         |
|    ep_rew_mean          | -0.0839      |
| time/                   |              |
|    fps                  | 107          |
|    iterations           | 25           |
|    time_elapsed         | 1909         |
|    total_timesteps      | 204800       |
| train/                  |              |
|    approx_kl            | 0.0057480736 |
|    clip_fraction        | 0.0569       |
|    clip_range           | 0.2          |
|    entropy_loss         | -1.04        |
|    explained_variance   | 0.968        |
|    learning_rate        | 0.0003       |
|    loss                 | 0.172        |
|    n_updates            | 240          |
|    policy_gradient_loss | 0.00159      |
|    std                  | 0.68         |
|    value_loss           | 0.434        |
------------------------------------------
------------------------------------------
| rollout/                |              |
|    ep_len_mean          | 18.9         |
|    ep_rew_mean          | 0.0206       |
| time/                   |              |
|    fps                  | 107          |
|    iterations           | 26           |
|    time_elapsed         | 1984         |
|    total_timesteps      | 212992       |
| train/                  |              |
|    approx_kl            | 0.0054510892 |
|    clip_fraction        | 0.0516       |
|    clip_range           | 0.2          |
|    entropy_loss         | -1.04        |
|    explained_variance   | 0.973        |
|    learning_rate        | 0.0003       |
|    loss                 | 0.186        |
|    n_updates            | 250          |
|    policy_gradient_loss | 0.00314      |
|    std                  | 0.682        |
|    value_loss           | 0.273        |
------------------------------------------
------------------------------------------
| rollout/                |              |
|    ep_len_mean          | 18.1         |
|    ep_rew_mean          | -0.163       |
| time/                   |              |
|    fps                  | 107          |
|    iterations           | 27           |
|    time_elapsed         | 2060         |
|    total_timesteps      | 221184       |
| train/                  |              |
|    approx_kl            | 0.0036611133 |
|    clip_fraction        | 0.0449       |
|    clip_range           | 0.2          |
|    entropy_loss         | -1.02        |
|    explained_variance   | 0.971        |
|    learning_rate        | 0.0003       |
|    loss                 | 0.0993       |
|    n_updates            | 260          |
|    policy_gradient_loss | 0.0018       |
|    std                  | 0.668        |
|    value_loss           | 0.308        |
------------------------------------------
------------------------------------------
| rollout/                |              |
|    ep_len_mean          | 17.9         |
|    ep_rew_mean          | -0.202       |
| time/                   |              |
|    fps                  | 107          |
|    iterations           | 28           |
|    time_elapsed         | 2135         |
|    total_timesteps      | 229376       |
| train/                  |              |
|    approx_kl            | 0.0067667766 |
|    clip_fraction        | 0.0792       |
|    clip_range           | 0.2          |
|    entropy_loss         | -1           |
|    explained_variance   | 0.97         |
|    learning_rate        | 0.0003       |
|    loss                 | 0.16         |
|    n_updates            | 270          |
|    policy_gradient_loss | 0.000856     |
|    std                  | 0.654        |
|    value_loss           | 0.299        |
------------------------------------------
------------------------------------------
| rollout/                |              |
|    ep_len_mean          | 17.9         |
|    ep_rew_mean          | -0.211       |
| time/                   |              |
|    fps                  | 107          |
|    iterations           | 29           |
|    time_elapsed         | 2211         |
|    total_timesteps      | 237568       |
| train/                  |              |
|    approx_kl            | 0.0065164175 |
|    clip_fraction        | 0.0645       |
|    clip_range           | 0.2          |
|    entropy_loss         | -0.979       |
|    explained_variance   | 0.973        |
|    learning_rate        | 0.0003       |
|    loss                 | 0.121        |
|    n_updates            | 280          |
|    policy_gradient_loss | 0.00147      |
|    std                  | 0.642        |
|    value_loss           | 0.297        |
------------------------------------------
-----------------------------------------
| rollout/                |             |
|    ep_len_mean          | 17.8        |
|    ep_rew_mean          | -0.19       |
| time/                   |             |
|    fps                  | 107         |
|    iterations           | 30          |
|    time_elapsed         | 2287        |
|    total_timesteps      | 245760      |
| train/                  |             |
|    approx_kl            | 0.006734783 |
|    clip_fraction        | 0.0742      |
|    clip_range           | 0.2         |
|    entropy_loss         | -0.974      |
|    explained_variance   | 0.965       |
|    learning_rate        | 0.0003      |
|    loss                 | 0.327       |
|    n_updates            | 290         |
|    policy_gradient_loss | 0.000468    |
|    std                  | 0.638       |
|    value_loss           | 0.503       |
-----------------------------------------
-----------------------------------------
| rollout/                |             |
|    ep_len_mean          | 17.6        |
|    ep_rew_mean          | -0.133      |
| time/                   |             |
|    fps                  | 107         |
|    iterations           | 31          |
|    time_elapsed         | 2363        |
|    total_timesteps      | 253952      |
| train/                  |             |
|    approx_kl            | 0.008394853 |
|    clip_fraction        | 0.0693      |
|    clip_range           | 0.2         |
|    entropy_loss         | -0.956      |
|    explained_variance   | 0.972       |
|    learning_rate        | 0.0003      |
|    loss                 | 0.251       |
|    n_updates            | 300         |
|    policy_gradient_loss | 0.00223     |
|    std                  | 0.626       |
|    value_loss           | 0.291       |
-----------------------------------------
------------------------------------------
| rollout/                |              |
|    ep_len_mean          | 17.8         |
|    ep_rew_mean          | -0.198       |
| time/                   |              |
|    fps                  | 107          |
|    iterations           | 32           |
|    time_elapsed         | 2440         |
|    total_timesteps      | 262144       |
| train/                  |              |
|    approx_kl            | 0.0077666147 |
|    clip_fraction        | 0.077        |
|    clip_range           | 0.2          |
|    entropy_loss         | -0.943       |
|    explained_variance   | 0.972        |
|    learning_rate        | 0.0003       |
|    loss                 | 0.102        |
|    n_updates            | 310          |
|    policy_gradient_loss | 0.00252      |
|    std                  | 0.617        |
|    value_loss           | 0.26         |
------------------------------------------
----------------------------------------
| rollout/                |            |
|    ep_len_mean          | 17.4       |
|    ep_rew_mean          | -0.2       |
| time/                   |            |
|    fps                  | 107        |
|    iterations           | 33         |
|    time_elapsed         | 2516       |
|    total_timesteps      | 270336     |
| train/                  |            |
|    approx_kl            | 0.00651758 |
|    clip_fraction        | 0.0695     |
|    clip_range           | 0.2        |
|    entropy_loss         | -0.926     |
|    explained_variance   | 0.971      |
|    learning_rate        | 0.0003     |
|    loss                 | 0.11       |
|    n_updates            | 320        |
|    policy_gradient_loss | 0.00168    |
|    std                  | 0.61       |
|    value_loss           | 0.304      |
----------------------------------------
------------------------------------------
| rollout/                |              |
|    ep_len_mean          | 17.3         |
|    ep_rew_mean          | -0.347       |
| time/                   |              |
|    fps                  | 107          |
|    iterations           | 34           |
|    time_elapsed         | 2591         |
|    total_timesteps      | 278528       |
| train/                  |              |
|    approx_kl            | 0.0080589345 |
|    clip_fraction        | 0.0727       |
|    clip_range           | 0.2          |
|    entropy_loss         | -0.922       |
|    explained_variance   | 0.972        |
|    learning_rate        | 0.0003       |
|    loss                 | 0.146        |
|    n_updates            | 330          |
|    policy_gradient_loss | 0.00153      |
|    std                  | 0.609        |
|    value_loss           | 0.297        |
------------------------------------------
-----------------------------------------
| rollout/                |             |
|    ep_len_mean          | 18.2        |
|    ep_rew_mean          | -0.089      |
| time/                   |             |
|    fps                  | 107         |
|    iterations           | 35          |
|    time_elapsed         | 2665        |
|    total_timesteps      | 286720      |
| train/                  |             |
|    approx_kl            | 0.006112016 |
|    clip_fraction        | 0.07        |
|    clip_range           | 0.2         |
|    entropy_loss         | -0.903      |
|    explained_variance   | 0.972       |
|    learning_rate        | 0.0003      |
|    loss                 | 0.152       |
|    n_updates            | 340         |
|    policy_gradient_loss | 0.00329     |
|    std                  | 0.589       |
|    value_loss           | 0.258       |
-----------------------------------------
------------------------------------------
| rollout/                |              |
|    ep_len_mean          | 18.1         |
|    ep_rew_mean          | -0.142       |
| time/                   |              |
|    fps                  | 107          |
|    iterations           | 36           |
|    time_elapsed         | 2738         |
|    total_timesteps      | 294912       |
| train/                  |              |
|    approx_kl            | 0.0062356293 |
|    clip_fraction        | 0.078        |
|    clip_range           | 0.2          |
|    entropy_loss         | -0.874       |
|    explained_variance   | 0.977        |
|    learning_rate        | 0.0003       |
|    loss                 | 0.0434       |
|    n_updates            | 350          |
|    policy_gradient_loss | 0.00236      |
|    std                  | 0.577        |
|    value_loss           | 0.235        |
------------------------------------------
---------------------------------------
| rollout/                |           |
|    ep_len_mean          | 18.7      |
|    ep_rew_mean          | 0.000287  |
| time/                   |           |
|    fps                  | 107       |
|    iterations           | 37        |
|    time_elapsed         | 2815      |
|    total_timesteps      | 303104    |
| train/                  |           |
|    approx_kl            | 0.0074832 |
|    clip_fraction        | 0.0793    |
|    clip_range           | 0.2       |
|    entropy_loss         | -0.883    |
|    explained_variance   | 0.964     |
|    learning_rate        | 0.0003    |
|    loss                 | 0.181     |
|    n_updates            | 360       |
|    policy_gradient_loss | 0.00444   |
|    std                  | 0.592     |
|    value_loss           | 0.329     |
---------------------------------------
------------------------------------------
| rollout/                |              |
|    ep_len_mean          | 18.1         |
|    ep_rew_mean          | -0.15        |
| time/                   |              |
|    fps                  | 107          |
|    iterations           | 38           |
|    time_elapsed         | 2890         |
|    total_timesteps      | 311296       |
| train/                  |              |
|    approx_kl            | 0.0055923173 |
|    clip_fraction        | 0.0865       |
|    clip_range           | 0.2          |
|    entropy_loss         | -0.9         |
|    explained_variance   | 0.969        |
|    learning_rate        | 0.0003       |
|    loss                 | 0.315        |
|    n_updates            | 370          |
|    policy_gradient_loss | 0.00196      |
|    std                  | 0.599        |
|    value_loss           | 0.534        |
------------------------------------------
----------------------------------------
| rollout/                |            |
|    ep_len_mean          | 18.5       |
|    ep_rew_mean          | -0.14      |
| time/                   |            |
|    fps                  | 107        |
|    iterations           | 39         |
|    time_elapsed         | 2967       |
|    total_timesteps      | 319488     |
| train/                  |            |
|    approx_kl            | 0.00683339 |
|    clip_fraction        | 0.0652     |
|    clip_range           | 0.2        |
|    entropy_loss         | -0.885     |
|    explained_variance   | 0.973      |
|    learning_rate        | 0.0003     |
|    loss                 | 0.083      |
|    n_updates            | 380        |
|    policy_gradient_loss | 0.00186    |
|    std                  | 0.581      |
|    value_loss           | 0.239      |
----------------------------------------
------------------------------------------
| rollout/                |              |
|    ep_len_mean          | 18.2         |
|    ep_rew_mean          | -0.2         |
| time/                   |              |
|    fps                  | 107          |
|    iterations           | 40           |
|    time_elapsed         | 3042         |
|    total_timesteps      | 327680       |
| train/                  |              |
|    approx_kl            | 0.0048789913 |
|    clip_fraction        | 0.0639       |
|    clip_range           | 0.2          |
|    entropy_loss         | -0.869       |
|    explained_variance   | 0.975        |
|    learning_rate        | 0.0003       |
|    loss                 | 0.113        |
|    n_updates            | 390          |
|    policy_gradient_loss | 0.00208      |
|    std                  | 0.577        |
|    value_loss           | 0.267        |
------------------------------------------
------------------------------------------
| rollout/                |              |
|    ep_len_mean          | 18.6         |
|    ep_rew_mean          | -0.0727      |
| time/                   |              |
|    fps                  | 107          |
|    iterations           | 41           |
|    time_elapsed         | 3117         |
|    total_timesteps      | 335872       |
| train/                  |              |
|    approx_kl            | 0.0056941872 |
|    clip_fraction        | 0.0664       |
|    clip_range           | 0.2          |
|    entropy_loss         | -0.872       |
|    explained_variance   | 0.976        |
|    learning_rate        | 0.0003       |
|    loss                 | 0.0793       |
|    n_updates            | 400          |
|    policy_gradient_loss | 0.00158      |
|    std                  | 0.578        |
|    value_loss           | 0.267        |
------------------------------------------
------------------------------------------
| rollout/                |              |
|    ep_len_mean          | 19.2         |
|    ep_rew_mean          | -0.0763      |
| time/                   |              |
|    fps                  | 107          |
|    iterations           | 42           |
|    time_elapsed         | 3191         |
|    total_timesteps      | 344064       |
| train/                  |              |
|    approx_kl            | 0.0058250627 |
|    clip_fraction        | 0.0683       |
|    clip_range           | 0.2          |
|    entropy_loss         | -0.851       |
|    explained_variance   | 0.973        |
|    learning_rate        | 0.0003       |
|    loss                 | 0.112        |
|    n_updates            | 410          |
|    policy_gradient_loss | 0.002        |
|    std                  | 0.56         |
|    value_loss           | 0.266        |
------------------------------------------
-----------------------------------------
| rollout/                |             |
|    ep_len_mean          | 18.9        |
|    ep_rew_mean          | -0.0983     |
| time/                   |             |
|    fps                  | 107         |
|    iterations           | 43          |
|    time_elapsed         | 3265        |
|    total_timesteps      | 352256      |
| train/                  |             |
|    approx_kl            | 0.008532288 |
|    clip_fraction        | 0.0912      |
|    clip_range           | 0.2         |
|    entropy_loss         | -0.828      |
|    explained_variance   | 0.973       |
|    learning_rate        | 0.0003      |
|    loss                 | 0.0762      |
|    n_updates            | 420         |
|    policy_gradient_loss | 0.00218     |
|    std                  | 0.549       |
|    value_loss           | 0.246       |
-----------------------------------------
----------------------------------------
| rollout/                |            |
|    ep_len_mean          | 20.9       |
|    ep_rew_mean          | -0.396     |
| time/                   |            |
|    fps                  | 107        |
|    iterations           | 44         |
|    time_elapsed         | 3340       |
|    total_timesteps      | 360448     |
| train/                  |            |
|    approx_kl            | 0.00758742 |
|    clip_fraction        | 0.0851     |
|    clip_range           | 0.2        |
|    entropy_loss         | -0.819     |
|    explained_variance   | 0.962      |
|    learning_rate        | 0.0003     |
|    loss                 | 0.157      |
|    n_updates            | 430        |
|    policy_gradient_loss | 0.00488    |
|    std                  | 0.553      |
|    value_loss           | 0.32       |
----------------------------------------
------------------------------------------
| rollout/                |              |
|    ep_len_mean          | 19.5         |
|    ep_rew_mean          | 0.0198       |
| time/                   |              |
|    fps                  | 107          |
|    iterations           | 45           |
|    time_elapsed         | 3415         |
|    total_timesteps      | 368640       |
| train/                  |              |
|    approx_kl            | 0.0064536175 |
|    clip_fraction        | 0.0836       |
|    clip_range           | 0.2          |
|    entropy_loss         | -0.827       |
|    explained_variance   | 0.968        |
|    learning_rate        | 0.0003       |
|    loss                 | 0.146        |
|    n_updates            | 440          |
|    policy_gradient_loss | 0.00208      |
|    std                  | 0.556        |
|    value_loss           | 0.355        |
------------------------------------------
-----------------------------------------
| rollout/                |             |
|    ep_len_mean          | 19.2        |
|    ep_rew_mean          | -0.0846     |
| time/                   |             |
|    fps                  | 107         |
|    iterations           | 46          |
|    time_elapsed         | 3490        |
|    total_timesteps      | 376832      |
| train/                  |             |
|    approx_kl            | 0.009208968 |
|    clip_fraction        | 0.094       |
|    clip_range           | 0.2         |
|    entropy_loss         | -0.818      |
|    explained_variance   | 0.973       |
|    learning_rate        | 0.0003      |
|    loss                 | 0.13        |
|    n_updates            | 450         |
|    policy_gradient_loss | 0.00591     |
|    std                  | 0.547       |
|    value_loss           | 0.479       |
-----------------------------------------
-----------------------------------------
| rollout/                |             |
|    ep_len_mean          | 19.7        |
|    ep_rew_mean          | -0.011      |
| time/                   |             |
|    fps                  | 108         |
|    iterations           | 47          |
|    time_elapsed         | 3563        |
|    total_timesteps      | 385024      |
| train/                  |             |
|    approx_kl            | 0.007624651 |
|    clip_fraction        | 0.0898      |
|    clip_range           | 0.2         |
|    entropy_loss         | -0.809      |
|    explained_variance   | 0.968       |
|    learning_rate        | 0.0003      |
|    loss                 | 0.131       |
|    n_updates            | 460         |
|    policy_gradient_loss | 0.00401     |
|    std                  | 0.538       |
|    value_loss           | 0.271       |
-----------------------------------------
-----------------------------------------
| rollout/                |             |
|    ep_len_mean          | 20.3        |
|    ep_rew_mean          | 0.0524      |
| time/                   |             |
|    fps                  | 108         |
|    iterations           | 48          |
|    time_elapsed         | 3639        |
|    total_timesteps      | 393216      |
| train/                  |             |
|    approx_kl            | 0.007342409 |
|    clip_fraction        | 0.0894      |
|    clip_range           | 0.2         |
|    entropy_loss         | -0.794      |
|    explained_variance   | 0.973       |
|    learning_rate        | 0.0003      |
|    loss                 | 0.32        |
|    n_updates            | 470         |
|    policy_gradient_loss | 0.0021      |
|    std                  | 0.53        |
|    value_loss           | 0.261       |
-----------------------------------------
------------------------------------------
| rollout/                |              |
|    ep_len_mean          | 19.3         |
|    ep_rew_mean          | -0.109       |
| time/                   |              |
|    fps                  | 108          |
|    iterations           | 49           |
|    time_elapsed         | 3715         |
|    total_timesteps      | 401408       |
| train/                  |              |
|    approx_kl            | 0.0058061434 |
|    clip_fraction        | 0.0706       |
|    clip_range           | 0.2          |
|    entropy_loss         | -0.774       |
|    explained_variance   | 0.97         |
|    learning_rate        | 0.0003       |
|    loss                 | 0.112        |
|    n_updates            | 480          |
|    policy_gradient_loss | 0.00259      |
|    std                  | 0.522        |
|    value_loss           | 0.285        |
------------------------------------------
-----------------------------------------
| rollout/                |             |
|    ep_len_mean          | 18.9        |
|    ep_rew_mean          | -0.23       |
| time/                   |             |
|    fps                  | 108         |
|    iterations           | 50          |
|    time_elapsed         | 3790        |
|    total_timesteps      | 409600      |
| train/                  |             |
|    approx_kl            | 0.005281944 |
|    clip_fraction        | 0.0638      |
|    clip_range           | 0.2         |
|    entropy_loss         | -0.751      |
|    explained_variance   | 0.973       |
|    learning_rate        | 0.0003      |
|    loss                 | 0.232       |
|    n_updates            | 490         |
|    policy_gradient_loss | 0.0021      |
|    std                  | 0.508       |
|    value_loss           | 0.292       |
-----------------------------------------
-----------------------------------------
| rollout/                |             |
|    ep_len_mean          | 19          |
|    ep_rew_mean          | -0.225      |
| time/                   |             |
|    fps                  | 108         |
|    iterations           | 51          |
|    time_elapsed         | 3864        |
|    total_timesteps      | 417792      |
| train/                  |             |
|    approx_kl            | 0.005109424 |
|    clip_fraction        | 0.0714      |
|    clip_range           | 0.2         |
|    entropy_loss         | -0.735      |
|    explained_variance   | 0.977       |
|    learning_rate        | 0.0003      |
|    loss                 | 0.0965      |
|    n_updates            | 500         |
|    policy_gradient_loss | 0.00241     |
|    std                  | 0.502       |
|    value_loss           | 0.234       |
-----------------------------------------
------------------------------------------
| rollout/                |              |
|    ep_len_mean          | 19.8         |
|    ep_rew_mean          | -0.0472      |
| time/                   |              |
|    fps                  | 108          |
|    iterations           | 52           |
|    time_elapsed         | 3940         |
|    total_timesteps      | 425984       |
| train/                  |              |
|    approx_kl            | 0.0069618654 |
|    clip_fraction        | 0.0817       |
|    clip_range           | 0.2          |
|    entropy_loss         | -0.728       |
|    explained_variance   | 0.965        |
|    learning_rate        | 0.0003       |
|    loss                 | 0.167        |
|    n_updates            | 510          |
|    policy_gradient_loss | 0.00258      |
|    std                  | 0.501        |
|    value_loss           | 0.319        |
------------------------------------------
-----------------------------------------
| rollout/                |             |
|    ep_len_mean          | 19.2        |
|    ep_rew_mean          | -0.227      |
| time/                   |             |
|    fps                  | 108         |
|    iterations           | 53          |
|    time_elapsed         | 4015        |
|    total_timesteps      | 434176      |
| train/                  |             |
|    approx_kl            | 0.007232122 |
|    clip_fraction        | 0.0832      |
|    clip_range           | 0.2         |
|    entropy_loss         | -0.717      |
|    explained_variance   | 0.974       |
|    learning_rate        | 0.0003      |
|    loss                 | 0.123       |
|    n_updates            | 520         |
|    policy_gradient_loss | 0.00184     |
|    std                  | 0.496       |
|    value_loss           | 0.3         |
-----------------------------------------
------------------------------------------
| rollout/                |              |
|    ep_len_mean          | 19.6         |
|    ep_rew_mean          | -0.116       |
| time/                   |              |
|    fps                  | 108          |
|    iterations           | 54           |
|    time_elapsed         | 4091         |
|    total_timesteps      | 442368       |
| train/                  |              |
|    approx_kl            | 0.0075033093 |
|    clip_fraction        | 0.0729       |
|    clip_range           | 0.2          |
|    entropy_loss         | -0.707       |
|    explained_variance   | 0.973        |
|    learning_rate        | 0.0003       |
|    loss                 | 0.169        |
|    n_updates            | 530          |
|    policy_gradient_loss | 0.00368      |
|    std                  | 0.489        |
|    value_loss           | 0.229        |
------------------------------------------
-----------------------------------------
| rollout/                |             |
|    ep_len_mean          | 19.7        |
|    ep_rew_mean          | -0.0406     |
| time/                   |             |
|    fps                  | 108         |
|    iterations           | 55          |
|    time_elapsed         | 4168        |
|    total_timesteps      | 450560      |
| train/                  |             |
|    approx_kl            | 0.006859777 |
|    clip_fraction        | 0.0745      |
|    clip_range           | 0.2         |
|    entropy_loss         | -0.689      |
|    explained_variance   | 0.969       |
|    learning_rate        | 0.0003      |
|    loss                 | 0.0775      |
|    n_updates            | 540         |
|    policy_gradient_loss | 0.00191     |
|    std                  | 0.478       |
|    value_loss           | 0.256       |
-----------------------------------------
------------------------------------------
| rollout/                |              |
|    ep_len_mean          | 18.8         |
|    ep_rew_mean          | -0.209       |
| time/                   |              |
|    fps                  | 108          |
|    iterations           | 56           |
|    time_elapsed         | 4244         |
|    total_timesteps      | 458752       |
| train/                  |              |
|    approx_kl            | 0.0071382937 |
|    clip_fraction        | 0.0819       |
|    clip_range           | 0.2          |
|    entropy_loss         | -0.676       |
|    explained_variance   | 0.973        |
|    learning_rate        | 0.0003       |
|    loss                 | 0.272        |
|    n_updates            | 550          |
|    policy_gradient_loss | 0.00247      |
|    std                  | 0.476        |
|    value_loss           | 0.302        |
------------------------------------------
------------------------------------------
| rollout/                |              |
|    ep_len_mean          | 20           |
|    ep_rew_mean          | 0.04         |
| time/                   |              |
|    fps                  | 108          |
|    iterations           | 57           |
|    time_elapsed         | 4321         |
|    total_timesteps      | 466944       |
| train/                  |              |
|    approx_kl            | 0.0065177097 |
|    clip_fraction        | 0.0771       |
|    clip_range           | 0.2          |
|    entropy_loss         | -0.672       |
|    explained_variance   | 0.967        |
|    learning_rate        | 0.0003       |
|    loss                 | 0.237        |
|    n_updates            | 560          |
|    policy_gradient_loss | 0.00379      |
|    std                  | 0.473        |
|    value_loss           | 0.286        |
------------------------------------------
-----------------------------------------
| rollout/                |             |
|    ep_len_mean          | 19.4        |
|    ep_rew_mean          | -0.101      |
| time/                   |             |
|    fps                  | 108         |
|    iterations           | 58          |
|    time_elapsed         | 4397        |
|    total_timesteps      | 475136      |
| train/                  |             |
|    approx_kl            | 0.007094359 |
|    clip_fraction        | 0.0735      |
|    clip_range           | 0.2         |
|    entropy_loss         | -0.66       |
|    explained_variance   | 0.975       |
|    learning_rate        | 0.0003      |
|    loss                 | 0.134       |
|    n_updates            | 570         |
|    policy_gradient_loss | 0.00287     |
|    std                  | 0.462       |
|    value_loss           | 0.251       |
-----------------------------------------
-----------------------------------------
| rollout/                |             |
|    ep_len_mean          | 23.8        |
|    ep_rew_mean          | 0.354       |
| time/                   |             |
|    fps                  | 108         |
|    iterations           | 59          |
|    time_elapsed         | 4475        |
|    total_timesteps      | 483328      |
| train/                  |             |
|    approx_kl            | 0.009108426 |
|    clip_fraction        | 0.0872      |
|    clip_range           | 0.2         |
|    entropy_loss         | -0.628      |
|    explained_variance   | 0.968       |
|    learning_rate        | 0.0003      |
|    loss                 | 0.225       |
|    n_updates            | 580         |
|    policy_gradient_loss | 0.00393     |
|    std                  | 0.448       |
|    value_loss           | 0.265       |
-----------------------------------------
-----------------------------------------
| rollout/                |             |
|    ep_len_mean          | 21.5        |
|    ep_rew_mean          | 0.0858      |
| time/                   |             |
|    fps                  | 108         |
|    iterations           | 60          |
|    time_elapsed         | 4550        |
|    total_timesteps      | 491520      |
| train/                  |             |
|    approx_kl            | 0.027727945 |
|    clip_fraction        | 0.126       |
|    clip_range           | 0.2         |
|    entropy_loss         | -0.607      |
|    explained_variance   | 0.921       |
|    learning_rate        | 0.0003      |
|    loss                 | 0.105       |
|    n_updates            | 590         |
|    policy_gradient_loss | 0.00571     |
|    std                  | 0.44        |
|    value_loss           | 0.443       |
-----------------------------------------
-----------------------------------------
| rollout/                |             |
|    ep_len_mean          | 21.5        |
|    ep_rew_mean          | 0.0209      |
| time/                   |             |
|    fps                  | 108         |
|    iterations           | 61          |
|    time_elapsed         | 4625        |
|    total_timesteps      | 499712      |
| train/                  |             |
|    approx_kl            | 0.017815351 |
|    clip_fraction        | 0.12        |
|    clip_range           | 0.2         |
|    entropy_loss         | -0.594      |
|    explained_variance   | 0.908       |
|    learning_rate        | 0.0003      |
|    loss                 | 0.266       |
|    n_updates            | 600         |
|    policy_gradient_loss | 0.00693     |
|    std                  | 0.438       |
|    value_loss           | 0.862       |
-----------------------------------------
-----------------------------------------
| rollout/                |             |
|    ep_len_mean          | 20.3        |
|    ep_rew_mean          | -0.0124     |
| time/                   |             |
|    fps                  | 108         |
|    iterations           | 62          |
|    time_elapsed         | 4700        |
|    total_timesteps      | 507904      |
| train/                  |             |
|    approx_kl            | 0.008398893 |
|    clip_fraction        | 0.0888      |
|    clip_range           | 0.2         |
|    entropy_loss         | -0.585      |
|    explained_variance   | 0.925       |
|    learning_rate        | 0.0003      |
|    loss                 | 0.249       |
|    n_updates            | 610         |
|    policy_gradient_loss | 0.00404     |
|    std                  | 0.432       |
|    value_loss           | 0.826       |
-----------------------------------------
-----------------------------------------
| rollout/                |             |
|    ep_len_mean          | 23.1        |
|    ep_rew_mean          | 0.0677      |
| time/                   |             |
|    fps                  | 108         |
|    iterations           | 63          |
|    time_elapsed         | 4773        |
|    total_timesteps      | 516096      |
| train/                  |             |
|    approx_kl            | 0.008101285 |
|    clip_fraction        | 0.104       |
|    clip_range           | 0.2         |
|    entropy_loss         | -0.567      |
|    explained_variance   | 0.868       |
|    learning_rate        | 0.0003      |
|    loss                 | 0.414       |
|    n_updates            | 620         |
|    policy_gradient_loss | 0.00165     |
|    std                  | 0.423       |
|    value_loss           | 0.848       |
-----------------------------------------
-----------------------------------------
| rollout/                |             |
|    ep_len_mean          | 27.8        |
|    ep_rew_mean          | 0.724       |
| time/                   |             |
|    fps                  | 108         |
|    iterations           | 64          |
|    time_elapsed         | 4848        |
|    total_timesteps      | 524288      |
| train/                  |             |
|    approx_kl            | 0.008269163 |
|    clip_fraction        | 0.116       |
|    clip_range           | 0.2         |
|    entropy_loss         | -0.548      |
|    explained_variance   | 0.878       |
|    learning_rate        | 0.0003      |
|    loss                 | 0.492       |
|    n_updates            | 630         |
|    policy_gradient_loss | 0.00117     |
|    std                  | 0.415       |
|    value_loss           | 1.06        |
-----------------------------------------
-----------------------------------------
| rollout/                |             |
|    ep_len_mean          | 28.8        |
|    ep_rew_mean          | 0.69        |
| time/                   |             |
|    fps                  | 108         |
|    iterations           | 65          |
|    time_elapsed         | 4921        |
|    total_timesteps      | 532480      |
| train/                  |             |
|    approx_kl            | 0.012216525 |
|    clip_fraction        | 0.114       |
|    clip_range           | 0.2         |
|    entropy_loss         | -0.522      |
|    explained_variance   | 0.881       |
|    learning_rate        | 0.0003      |
|    loss                 | 0.806       |
|    n_updates            | 640         |
|    policy_gradient_loss | 0.00114     |
|    std                  | 0.404       |
|    value_loss           | 1.34        |
-----------------------------------------
-----------------------------------------
| rollout/                |             |
|    ep_len_mean          | 39.7        |
|    ep_rew_mean          | 1.53        |
| time/                   |             |
|    fps                  | 108         |
|    iterations           | 66          |
|    time_elapsed         | 4994        |
|    total_timesteps      | 540672      |
| train/                  |             |
|    approx_kl            | 0.011761201 |
|    clip_fraction        | 0.123       |
|    clip_range           | 0.2         |
|    entropy_loss         | -0.503      |
|    explained_variance   | 0.856       |
|    learning_rate        | 0.0003      |
|    loss                 | 0.562       |
|    n_updates            | 650         |
|    policy_gradient_loss | 0.000915    |
|    std                  | 0.398       |
|    value_loss           | 1.45        |
-----------------------------------------
-----------------------------------------
| rollout/                |             |
|    ep_len_mean          | 42.5        |
|    ep_rew_mean          | 1.95        |
| time/                   |             |
|    fps                  | 108         |
|    iterations           | 67          |
|    time_elapsed         | 5067        |
|    total_timesteps      | 548864      |
| train/                  |             |
|    approx_kl            | 0.012864172 |
|    clip_fraction        | 0.125       |
|    clip_range           | 0.2         |
|    entropy_loss         | -0.495      |
|    explained_variance   | 0.85        |
|    learning_rate        | 0.0003      |
|    loss                 | 0.704       |
|    n_updates            | 660         |
|    policy_gradient_loss | -0.00219    |
|    std                  | 0.397       |
|    value_loss           | 1.67        |
-----------------------------------------
-----------------------------------------
| rollout/                |             |
|    ep_len_mean          | 40.9        |
|    ep_rew_mean          | 1.75        |
| time/                   |             |
|    fps                  | 108         |
|    iterations           | 68          |
|    time_elapsed         | 5141        |
|    total_timesteps      | 557056      |
| train/                  |             |
|    approx_kl            | 0.010534743 |
|    clip_fraction        | 0.11        |
|    clip_range           | 0.2         |
|    entropy_loss         | -0.475      |
|    explained_variance   | 0.828       |
|    learning_rate        | 0.0003      |
|    loss                 | 1.22        |
|    n_updates            | 670         |
|    policy_gradient_loss | 0.00149     |
|    std                  | 0.385       |
|    value_loss           | 1.52        |
-----------------------------------------
-----------------------------------------
| rollout/                |             |
|    ep_len_mean          | 38.8        |
|    ep_rew_mean          | 1.63        |
| time/                   |             |
|    fps                  | 108         |
|    iterations           | 69          |
|    time_elapsed         | 5216        |
|    total_timesteps      | 565248      |
| train/                  |             |
|    approx_kl            | 0.006129507 |
|    clip_fraction        | 0.115       |
|    clip_range           | 0.2         |
|    entropy_loss         | -0.46       |
|    explained_variance   | 0.862       |
|    learning_rate        | 0.0003      |
|    loss                 | 1.78        |
|    n_updates            | 680         |
|    policy_gradient_loss | 0.00154     |
|    std                  | 0.383       |
|    value_loss           | 1.66        |
-----------------------------------------
-----------------------------------------
| rollout/                |             |
|    ep_len_mean          | 34.5        |
|    ep_rew_mean          | 0.983       |
| time/                   |             |
|    fps                  | 108         |
|    iterations           | 70          |
|    time_elapsed         | 5289        |
|    total_timesteps      | 573440      |
| train/                  |             |
|    approx_kl            | 0.010247839 |
|    clip_fraction        | 0.108       |
|    clip_range           | 0.2         |
|    entropy_loss         | -0.447      |
|    explained_variance   | 0.814       |
|    learning_rate        | 0.0003      |
|    loss                 | 0.553       |
|    n_updates            | 690         |
|    policy_gradient_loss | 0.00166     |
|    std                  | 0.376       |
|    value_loss           | 2.07        |
-----------------------------------------
-----------------------------------------
| rollout/                |             |
|    ep_len_mean          | 49.5        |
|    ep_rew_mean          | 2.37        |
| time/                   |             |
|    fps                  | 108         |
|    iterations           | 71          |
|    time_elapsed         | 5363        |
|    total_timesteps      | 581632      |
| train/                  |             |
|    approx_kl            | 0.015354559 |
|    clip_fraction        | 0.112       |
|    clip_range           | 0.2         |
|    entropy_loss         | -0.435      |
|    explained_variance   | 0.861       |
|    learning_rate        | 0.0003      |
|    loss                 | 1.73        |
|    n_updates            | 700         |
|    policy_gradient_loss | 0.00196     |
|    std                  | 0.374       |
|    value_loss           | 2.15        |
-----------------------------------------
-----------------------------------------
| rollout/                |             |
|    ep_len_mean          | 48.4        |
|    ep_rew_mean          | 2.26        |
| time/                   |             |
|    fps                  | 108         |
|    iterations           | 72          |
|    time_elapsed         | 5436        |
|    total_timesteps      | 589824      |
| train/                  |             |
|    approx_kl            | 0.012843145 |
|    clip_fraction        | 0.104       |
|    clip_range           | 0.2         |
|    entropy_loss         | -0.43       |
|    explained_variance   | 0.82        |
|    learning_rate        | 0.0003      |
|    loss                 | 0.44        |
|    n_updates            | 710         |
|    policy_gradient_loss | 0.000845    |
|    std                  | 0.37        |
|    value_loss           | 1.64        |
-----------------------------------------
-----------------------------------------
| rollout/                |             |
|    ep_len_mean          | 61.7        |
|    ep_rew_mean          | 3.74        |
| time/                   |             |
|    fps                  | 108         |
|    iterations           | 73          |
|    time_elapsed         | 5507        |
|    total_timesteps      | 598016      |
| train/                  |             |
|    approx_kl            | 0.010771021 |
|    clip_fraction        | 0.138       |
|    clip_range           | 0.2         |
|    entropy_loss         | -0.411      |
|    explained_variance   | 0.83        |
|    learning_rate        | 0.0003      |
|    loss                 | 0.526       |
|    n_updates            | 720         |
|    policy_gradient_loss | 0.000186    |
|    std                  | 0.364       |
|    value_loss           | 1.48        |
-----------------------------------------
-----------------------------------------
| rollout/                |             |
|    ep_len_mean          | 57.2        |
|    ep_rew_mean          | 3.4         |
| time/                   |             |
|    fps                  | 108         |
|    iterations           | 74          |
|    time_elapsed         | 5580        |
|    total_timesteps      | 606208      |
| train/                  |             |
|    approx_kl            | 0.007971951 |
|    clip_fraction        | 0.109       |
|    clip_range           | 0.2         |
|    entropy_loss         | -0.397      |
|    explained_variance   | 0.835       |
|    learning_rate        | 0.0003      |
|    loss                 | 0.938       |
|    n_updates            | 730         |
|    policy_gradient_loss | 0.00176     |
|    std                  | 0.36        |
|    value_loss           | 1.79        |
-----------------------------------------
-----------------------------------------
| rollout/                |             |
|    ep_len_mean          | 68.8        |
|    ep_rew_mean          | 3.8         |
| time/                   |             |
|    fps                  | 108         |
|    iterations           | 75          |
|    time_elapsed         | 5652        |
|    total_timesteps      | 614400      |
| train/                  |             |
|    approx_kl            | 0.010214513 |
|    clip_fraction        | 0.135       |
|    clip_range           | 0.2         |
|    entropy_loss         | -0.39       |
|    explained_variance   | 0.82        |
|    learning_rate        | 0.0003      |
|    loss                 | 1.27        |
|    n_updates            | 740         |
|    policy_gradient_loss | 0.00298     |
|    std                  | 0.354       |
|    value_loss           | 2.42        |
-----------------------------------------
-----------------------------------------
| rollout/                |             |
|    ep_len_mean          | 60.2        |
|    ep_rew_mean          | 3.48        |
| time/                   |             |
|    fps                  | 108         |
|    iterations           | 76          |
|    time_elapsed         | 5725        |
|    total_timesteps      | 622592      |
| train/                  |             |
|    approx_kl            | 0.014030846 |
|    clip_fraction        | 0.156       |
|    clip_range           | 0.2         |
|    entropy_loss         | -0.375      |
|    explained_variance   | 0.832       |
|    learning_rate        | 0.0003      |
|    loss                 | 0.777       |
|    n_updates            | 750         |
|    policy_gradient_loss | 0.00489     |
|    std                  | 0.353       |
|    value_loss           | 1.57        |
-----------------------------------------
-----------------------------------------
| rollout/                |             |
|    ep_len_mean          | 59.6        |
|    ep_rew_mean          | 3.33        |
| time/                   |             |
|    fps                  | 108         |
|    iterations           | 77          |
|    time_elapsed         | 5798        |
|    total_timesteps      | 630784      |
| train/                  |             |
|    approx_kl            | 0.008656185 |
|    clip_fraction        | 0.106       |
|    clip_range           | 0.2         |
|    entropy_loss         | -0.371      |
|    explained_variance   | 0.8         |
|    learning_rate        | 0.0003      |
|    loss                 | 0.97        |
|    n_updates            | 760         |
|    policy_gradient_loss | 0.00205     |
|    std                  | 0.349       |
|    value_loss           | 1.99        |
-----------------------------------------
-----------------------------------------
| rollout/                |             |
|    ep_len_mean          | 62.4        |
|    ep_rew_mean          | 3.67        |
| time/                   |             |
|    fps                  | 108         |
|    iterations           | 78          |
|    time_elapsed         | 5872        |
|    total_timesteps      | 638976      |
| train/                  |             |
|    approx_kl            | 0.011445411 |
|    clip_fraction        | 0.14        |
|    clip_range           | 0.2         |
|    entropy_loss         | -0.347      |
|    explained_variance   | 0.796       |
|    learning_rate        | 0.0003      |
|    loss                 | 0.482       |
|    n_updates            | 770         |
|    policy_gradient_loss | 0.0025      |
|    std                  | 0.338       |
|    value_loss           | 2.09        |
-----------------------------------------
-----------------------------------------
| rollout/                |             |
|    ep_len_mean          | 57.6        |
|    ep_rew_mean          | 3.28        |
| time/                   |             |
|    fps                  | 108         |
|    iterations           | 79          |
|    time_elapsed         | 5945        |
|    total_timesteps      | 647168      |
| train/                  |             |
|    approx_kl            | 0.009577576 |
|    clip_fraction        | 0.129       |
|    clip_range           | 0.2         |
|    entropy_loss         | -0.339      |
|    explained_variance   | 0.847       |
|    learning_rate        | 0.0003      |
|    loss                 | 0.721       |
|    n_updates            | 780         |
|    policy_gradient_loss | 0.00241     |
|    std                  | 0.339       |
|    value_loss           | 1.68        |
-----------------------------------------
-----------------------------------------
| rollout/                |             |
|    ep_len_mean          | 43.9        |
|    ep_rew_mean          | 1.55        |
| time/                   |             |
|    fps                  | 108         |
|    iterations           | 80          |
|    time_elapsed         | 6018        |
|    total_timesteps      | 655360      |
| train/                  |             |
|    approx_kl            | 0.016321626 |
|    clip_fraction        | 0.16        |
|    clip_range           | 0.2         |
|    entropy_loss         | -0.343      |
|    explained_variance   | 0.754       |
|    learning_rate        | 0.0003      |
|    loss                 | 2           |
|    n_updates            | 790         |
|    policy_gradient_loss | 0.00358     |
|    std                  | 0.342       |
|    value_loss           | 2.71        |
-----------------------------------------
-----------------------------------------
| rollout/                |             |
|    ep_len_mean          | 36.6        |
|    ep_rew_mean          | 0.497       |
| time/                   |             |
|    fps                  | 108         |
|    iterations           | 81          |
|    time_elapsed         | 6093        |
|    total_timesteps      | 663552      |
| train/                  |             |
|    approx_kl            | 0.022412911 |
|    clip_fraction        | 0.141       |
|    clip_range           | 0.2         |
|    entropy_loss         | -0.357      |
|    explained_variance   | 0.722       |
|    learning_rate        | 0.0003      |
|    loss                 | 1.03        |
|    n_updates            | 800         |
|    policy_gradient_loss | 0.00279     |
|    std                  | 0.35        |
|    value_loss           | 3.58        |
-----------------------------------------
-----------------------------------------
| rollout/                |             |
|    ep_len_mean          | 37.5        |
|    ep_rew_mean          | 0.912       |
| time/                   |             |
|    fps                  | 108         |
|    iterations           | 82          |
|    time_elapsed         | 6165        |
|    total_timesteps      | 671744      |
| train/                  |             |
|    approx_kl            | 0.010077218 |
|    clip_fraction        | 0.109       |
|    clip_range           | 0.2         |
|    entropy_loss         | -0.393      |
|    explained_variance   | 0.766       |
|    learning_rate        | 0.0003      |
|    loss                 | 1.43        |
|    n_updates            | 810         |
|    policy_gradient_loss | 0.000403    |
|    std                  | 0.364       |
|    value_loss           | 3.65        |
-----------------------------------------
-----------------------------------------
| rollout/                |             |
|    ep_len_mean          | 48.1        |
|    ep_rew_mean          | 1.73        |
| time/                   |             |
|    fps                  | 108         |
|    iterations           | 83          |
|    time_elapsed         | 6239        |
|    total_timesteps      | 679936      |
| train/                  |             |
|    approx_kl            | 0.010462275 |
|    clip_fraction        | 0.124       |
|    clip_range           | 0.2         |
|    entropy_loss         | -0.394      |
|    explained_variance   | 0.778       |
|    learning_rate        | 0.0003      |
|    loss                 | 0.98        |
|    n_updates            | 820         |
|    policy_gradient_loss | 0.000748    |
|    std                  | 0.356       |
|    value_loss           | 3.21        |
-----------------------------------------
-----------------------------------------
| rollout/                |             |
|    ep_len_mean          | 44.1        |
|    ep_rew_mean          | 1.75        |
| time/                   |             |
|    fps                  | 108         |
|    iterations           | 84          |
|    time_elapsed         | 6314        |
|    total_timesteps      | 688128      |
| train/                  |             |
|    approx_kl            | 0.013887592 |
|    clip_fraction        | 0.142       |
|    clip_range           | 0.2         |
|    entropy_loss         | -0.38       |
|    explained_variance   | 0.842       |
|    learning_rate        | 0.0003      |
|    loss                 | 1.78        |
|    n_updates            | 830         |
|    policy_gradient_loss | -0.00196    |
|    std                  | 0.352       |
|    value_loss           | 2.49        |
-----------------------------------------
-----------------------------------------
| rollout/                |             |
|    ep_len_mean          | 50.5        |
|    ep_rew_mean          | 2.53        |
| time/                   |             |
|    fps                  | 108         |
|    iterations           | 85          |
|    time_elapsed         | 6389        |
|    total_timesteps      | 696320      |
| train/                  |             |
|    approx_kl            | 0.009849724 |
|    clip_fraction        | 0.13        |
|    clip_range           | 0.2         |
|    entropy_loss         | -0.368      |
|    explained_variance   | 0.811       |
|    learning_rate        | 0.0003      |
|    loss                 | 1.96        |
|    n_updates            | 840         |
|    policy_gradient_loss | 0.0009      |
|    std                  | 0.347       |
|    value_loss           | 2.56        |
-----------------------------------------
-----------------------------------------
| rollout/                |             |
|    ep_len_mean          | 79.7        |
|    ep_rew_mean          | 5.27        |
| time/                   |             |
|    fps                  | 109         |
|    iterations           | 86          |
|    time_elapsed         | 6462        |
|    total_timesteps      | 704512      |
| train/                  |             |
|    approx_kl            | 0.009483921 |
|    clip_fraction        | 0.122       |
|    clip_range           | 0.2         |
|    entropy_loss         | -0.353      |
|    explained_variance   | 0.825       |
|    learning_rate        | 0.0003      |
|    loss                 | 2.06        |
|    n_updates            | 850         |
|    policy_gradient_loss | 0.00161     |
|    std                  | 0.34        |
|    value_loss           | 2.16        |
-----------------------------------------
-----------------------------------------
| rollout/                |             |
|    ep_len_mean          | 68.1        |
|    ep_rew_mean          | 3.9         |
| time/                   |             |
|    fps                  | 109         |
|    iterations           | 87          |
|    time_elapsed         | 6537        |
|    total_timesteps      | 712704      |
| train/                  |             |
|    approx_kl            | 0.015818676 |
|    clip_fraction        | 0.175       |
|    clip_range           | 0.2         |
|    entropy_loss         | -0.334      |
|    explained_variance   | 0.814       |
|    learning_rate        | 0.0003      |
|    loss                 | 1.28        |
|    n_updates            | 860         |
|    policy_gradient_loss | 0.00455     |
|    std                  | 0.337       |
|    value_loss           | 1.57        |
-----------------------------------------
-----------------------------------------
| rollout/                |             |
|    ep_len_mean          | 69.6        |
|    ep_rew_mean          | 4.48        |
| time/                   |             |
|    fps                  | 108         |
|    iterations           | 88          |
|    time_elapsed         | 6614        |
|    total_timesteps      | 720896      |
| train/                  |             |
|    approx_kl            | 0.009128737 |
|    clip_fraction        | 0.123       |
|    clip_range           | 0.2         |
|    entropy_loss         | -0.328      |
|    explained_variance   | 0.775       |
|    learning_rate        | 0.0003      |
|    loss                 | 1.05        |
|    n_updates            | 870         |
|    policy_gradient_loss | 0.00478     |
|    std                  | 0.335       |
|    value_loss           | 2.51        |
-----------------------------------------
-----------------------------------------
| rollout/                |             |
|    ep_len_mean          | 59.9        |
|    ep_rew_mean          | 3.61        |
| time/                   |             |
|    fps                  | 108         |
|    iterations           | 89          |
|    time_elapsed         | 6689        |
|    total_timesteps      | 729088      |
| train/                  |             |
|    approx_kl            | 0.009890843 |
|    clip_fraction        | 0.104       |
|    clip_range           | 0.2         |
|    entropy_loss         | -0.331      |
|    explained_variance   | 0.813       |
|    learning_rate        | 0.0003      |
|    loss                 | 0.48        |
|    n_updates            | 880         |
|    policy_gradient_loss | 0.000688    |
|    std                  | 0.338       |
|    value_loss           | 1.9         |
-----------------------------------------
-----------------------------------------
| rollout/                |             |
|    ep_len_mean          | 68.2        |
|    ep_rew_mean          | 4.2         |
| time/                   |             |
|    fps                  | 109         |
|    iterations           | 90          |
|    time_elapsed         | 6762        |
|    total_timesteps      | 737280      |
| train/                  |             |
|    approx_kl            | 0.011512427 |
|    clip_fraction        | 0.137       |
|    clip_range           | 0.2         |
|    entropy_loss         | -0.323      |
|    explained_variance   | 0.853       |
|    learning_rate        | 0.0003      |
|    loss                 | 0.636       |
|    n_updates            | 890         |
|    policy_gradient_loss | 0.00116     |
|    std                  | 0.333       |
|    value_loss           | 1.97        |
-----------------------------------------
---------------------------------------
| rollout/                |           |
|    ep_len_mean          | 50.9      |
|    ep_rew_mean          | 2.61      |
| time/                   |           |
|    fps                  | 109       |
|    iterations           | 91        |
|    time_elapsed         | 6836      |
|    total_timesteps      | 745472    |
| train/                  |           |
|    approx_kl            | 0.0197076 |
|    clip_fraction        | 0.149     |
|    clip_range           | 0.2       |
|    entropy_loss         | -0.312    |
|    explained_variance   | 0.818     |
|    learning_rate        | 0.0003    |
|    loss                 | 1.18      |
|    n_updates            | 900       |
|    policy_gradient_loss | 0.00281   |
|    std                  | 0.328     |
|    value_loss           | 1.75      |
---------------------------------------
-----------------------------------------
| rollout/                |             |
|    ep_len_mean          | 63.4        |
|    ep_rew_mean          | 3.9         |
| time/                   |             |
|    fps                  | 109         |
|    iterations           | 92          |
|    time_elapsed         | 6908        |
|    total_timesteps      | 753664      |
| train/                  |             |
|    approx_kl            | 0.009182845 |
|    clip_fraction        | 0.131       |
|    clip_range           | 0.2         |
|    entropy_loss         | -0.307      |
|    explained_variance   | 0.807       |
|    learning_rate        | 0.0003      |
|    loss                 | 0.64        |
|    n_updates            | 910         |
|    policy_gradient_loss | 0.00313     |
|    std                  | 0.33        |
|    value_loss           | 1.89        |
-----------------------------------------
-----------------------------------------
| rollout/                |             |
|    ep_len_mean          | 69.2        |
|    ep_rew_mean          | 4.25        |
| time/                   |             |
|    fps                  | 109         |
|    iterations           | 93          |
|    time_elapsed         | 6982        |
|    total_timesteps      | 761856      |
| train/                  |             |
|    approx_kl            | 0.016584635 |
|    clip_fraction        | 0.122       |
|    clip_range           | 0.2         |
|    entropy_loss         | -0.305      |
|    explained_variance   | 0.844       |
|    learning_rate        | 0.0003      |
|    loss                 | 1.6         |
|    n_updates            | 920         |
|    policy_gradient_loss | 0.00192     |
|    std                  | 0.327       |
|    value_loss           | 2           |
-----------------------------------------
-----------------------------------------
| rollout/                |             |
|    ep_len_mean          | 61          |
|    ep_rew_mean          | 3.3         |
| time/                   |             |
|    fps                  | 109         |
|    iterations           | 94          |
|    time_elapsed         | 7055        |
|    total_timesteps      | 770048      |
| train/                  |             |
|    approx_kl            | 0.010454431 |
|    clip_fraction        | 0.119       |
|    clip_range           | 0.2         |
|    entropy_loss         | -0.285      |
|    explained_variance   | 0.789       |
|    learning_rate        | 0.0003      |
|    loss                 | 1.74        |
|    n_updates            | 930         |
|    policy_gradient_loss | 0.00476     |
|    std                  | 0.32        |
|    value_loss           | 2.46        |
-----------------------------------------
-----------------------------------------
| rollout/                |             |
|    ep_len_mean          | 68.5        |
|    ep_rew_mean          | 4.17        |
| time/                   |             |
|    fps                  | 109         |
|    iterations           | 95          |
|    time_elapsed         | 7131        |
|    total_timesteps      | 778240      |
| train/                  |             |
|    approx_kl            | 0.008984794 |
|    clip_fraction        | 0.115       |
|    clip_range           | 0.2         |
|    entropy_loss         | -0.276      |
|    explained_variance   | 0.833       |
|    learning_rate        | 0.0003      |
|    loss                 | 0.334       |
|    n_updates            | 940         |
|    policy_gradient_loss | 0.00287     |
|    std                  | 0.32        |
|    value_loss           | 2.37        |
-----------------------------------------
-----------------------------------------
| rollout/                |             |
|    ep_len_mean          | 78.6        |
|    ep_rew_mean          | 5.67        |
| time/                   |             |
|    fps                  | 109         |
|    iterations           | 96          |
|    time_elapsed         | 7203        |
|    total_timesteps      | 786432      |
| train/                  |             |
|    approx_kl            | 0.006491525 |
|    clip_fraction        | 0.112       |
|    clip_range           | 0.2         |
|    entropy_loss         | -0.288      |
|    explained_variance   | 0.83        |
|    learning_rate        | 0.0003      |
|    loss                 | 0.986       |
|    n_updates            | 950         |
|    policy_gradient_loss | 0.00204     |
|    std                  | 0.325       |
|    value_loss           | 2.28        |
-----------------------------------------
-----------------------------------------
| rollout/                |             |
|    ep_len_mean          | 79.5        |
|    ep_rew_mean          | 5.09        |
| time/                   |             |
|    fps                  | 109         |
|    iterations           | 97          |
|    time_elapsed         | 7276        |
|    total_timesteps      | 794624      |
| train/                  |             |
|    approx_kl            | 0.011332672 |
|    clip_fraction        | 0.133       |
|    clip_range           | 0.2         |
|    entropy_loss         | -0.303      |
|    explained_variance   | 0.72        |
|    learning_rate        | 0.0003      |
|    loss                 | 2.26        |
|    n_updates            | 960         |
|    policy_gradient_loss | 0.00264     |
|    std                  | 0.33        |
|    value_loss           | 1.88        |
-----------------------------------------
-----------------------------------------
| rollout/                |             |
|    ep_len_mean          | 63.3        |
|    ep_rew_mean          | 3.65        |
| time/                   |             |
|    fps                  | 109         |
|    iterations           | 98          |
|    time_elapsed         | 7349        |
|    total_timesteps      | 802816      |
| train/                  |             |
|    approx_kl            | 0.009616713 |
|    clip_fraction        | 0.0893      |
|    clip_range           | 0.2         |
|    entropy_loss         | -0.305      |
|    explained_variance   | 0.73        |
|    learning_rate        | 0.0003      |
|    loss                 | 1.49        |
|    n_updates            | 970         |
|    policy_gradient_loss | 0.00152     |
|    std                  | 0.328       |
|    value_loss           | 2.38        |
-----------------------------------------
----------------------------------------
| rollout/                |            |
|    ep_len_mean          | 68.1       |
|    ep_rew_mean          | 4.48       |
| time/                   |            |
|    fps                  | 109        |
|    iterations           | 99         |
|    time_elapsed         | 7423       |
|    total_timesteps      | 811008     |
| train/                  |            |
|    approx_kl            | 0.00667233 |
|    clip_fraction        | 0.0945     |
|    clip_range           | 0.2        |
|    entropy_loss         | -0.297     |
|    explained_variance   | 0.796      |
|    learning_rate        | 0.0003     |
|    loss                 | 1.38       |
|    n_updates            | 980        |
|    policy_gradient_loss | 0.000918   |
|    std                  | 0.326      |
|    value_loss           | 2.33       |
----------------------------------------
-----------------------------------------
| rollout/                |             |
|    ep_len_mean          | 77.2        |
|    ep_rew_mean          | 5.11        |
| time/                   |             |
|    fps                  | 109         |
|    iterations           | 100         |
|    time_elapsed         | 7498        |
|    total_timesteps      | 819200      |
| train/                  |             |
|    approx_kl            | 0.012661703 |
|    clip_fraction        | 0.124       |
|    clip_range           | 0.2         |
|    entropy_loss         | -0.298      |
|    explained_variance   | 0.714       |
|    learning_rate        | 0.0003      |
|    loss                 | 1.76        |
|    n_updates            | 990         |
|    policy_gradient_loss | 0.00246     |
|    std                  | 0.326       |
|    value_loss           | 2.91        |
-----------------------------------------
-----------------------------------------
| rollout/                |             |
|    ep_len_mean          | 74.6        |
|    ep_rew_mean          | 4.9         |
| time/                   |             |
|    fps                  | 109         |
|    iterations           | 101         |
|    time_elapsed         | 7572        |
|    total_timesteps      | 827392      |
| train/                  |             |
|    approx_kl            | 0.012782486 |
|    clip_fraction        | 0.149       |
|    clip_range           | 0.2         |
|    entropy_loss         | -0.298      |
|    explained_variance   | 0.785       |
|    learning_rate        | 0.0003      |
|    loss                 | 0.257       |
|    n_updates            | 1000        |
|    policy_gradient_loss | 0.00588     |
|    std                  | 0.325       |
|    value_loss           | 1.25        |
-----------------------------------------
-----------------------------------------
| rollout/                |             |
|    ep_len_mean          | 81.7        |
|    ep_rew_mean          | 5.5         |
| time/                   |             |
|    fps                  | 109         |
|    iterations           | 102         |
|    time_elapsed         | 7648        |
|    total_timesteps      | 835584      |
| train/                  |             |
|    approx_kl            | 0.029656816 |
|    clip_fraction        | 0.182       |
|    clip_range           | 0.2         |
|    entropy_loss         | -0.283      |
|    explained_variance   | 0.847       |
|    learning_rate        | 0.0003      |
|    loss                 | 0.493       |
|    n_updates            | 1010        |
|    policy_gradient_loss | 0.00305     |
|    std                  | 0.319       |
|    value_loss           | 1.74        |
-----------------------------------------
-----------------------------------------
| rollout/                |             |
|    ep_len_mean          | 53.8        |
|    ep_rew_mean          | 2.66        |
| time/                   |             |
|    fps                  | 109         |
|    iterations           | 103         |
|    time_elapsed         | 7723        |
|    total_timesteps      | 843776      |
| train/                  |             |
|    approx_kl            | 0.020034995 |
|    clip_fraction        | 0.154       |
|    clip_range           | 0.2         |
|    entropy_loss         | -0.269      |
|    explained_variance   | 0.804       |
|    learning_rate        | 0.0003      |
|    loss                 | 0.128       |
|    n_updates            | 1020        |
|    policy_gradient_loss | 0.00277     |
|    std                  | 0.317       |
|    value_loss           | 1.82        |
-----------------------------------------
-----------------------------------------
| rollout/                |             |
|    ep_len_mean          | 66.7        |
|    ep_rew_mean          | 3.86        |
| time/                   |             |
|    fps                  | 109         |
|    iterations           | 104         |
|    time_elapsed         | 7798        |
|    total_timesteps      | 851968      |
| train/                  |             |
|    approx_kl            | 0.015854266 |
|    clip_fraction        | 0.166       |
|    clip_range           | 0.2         |
|    entropy_loss         | -0.271      |
|    explained_variance   | 0.786       |
|    learning_rate        | 0.0003      |
|    loss                 | 1.59        |
|    n_updates            | 1030        |
|    policy_gradient_loss | 0.00422     |
|    std                  | 0.318       |
|    value_loss           | 3.62        |
-----------------------------------------
-----------------------------------------
| rollout/                |             |
|    ep_len_mean          | 62.9        |
|    ep_rew_mean          | 3.37        |
| time/                   |             |
|    fps                  | 109         |
|    iterations           | 105         |
|    time_elapsed         | 7873        |
|    total_timesteps      | 860160      |
| train/                  |             |
|    approx_kl            | 0.008751441 |
|    clip_fraction        | 0.162       |
|    clip_range           | 0.2         |
|    entropy_loss         | -0.272      |
|    explained_variance   | 0.749       |
|    learning_rate        | 0.0003      |
|    loss                 | 0.845       |
|    n_updates            | 1040        |
|    policy_gradient_loss | 0.00433     |
|    std                  | 0.317       |
|    value_loss           | 3.02        |
-----------------------------------------
-----------------------------------------
| rollout/                |             |
|    ep_len_mean          | 57.8        |
|    ep_rew_mean          | 3.04        |
| time/                   |             |
|    fps                  | 109         |
|    iterations           | 106         |
|    time_elapsed         | 7949        |
|    total_timesteps      | 868352      |
| train/                  |             |
|    approx_kl            | 0.008351485 |
|    clip_fraction        | 0.149       |
|    clip_range           | 0.2         |
|    entropy_loss         | -0.262      |
|    explained_variance   | 0.695       |
|    learning_rate        | 0.0003      |
|    loss                 | 0.853       |
|    n_updates            | 1050        |
|    policy_gradient_loss | 0.00303     |
|    std                  | 0.313       |
|    value_loss           | 4.07        |
-----------------------------------------
-----------------------------------------
| rollout/                |             |
|    ep_len_mean          | 53.8        |
|    ep_rew_mean          | 2.49        |
| time/                   |             |
|    fps                  | 109         |
|    iterations           | 107         |
|    time_elapsed         | 8024        |
|    total_timesteps      | 876544      |
| train/                  |             |
|    approx_kl            | 0.015998112 |
|    clip_fraction        | 0.147       |
|    clip_range           | 0.2         |
|    entropy_loss         | -0.256      |
|    explained_variance   | 0.718       |
|    learning_rate        | 0.0003      |
|    loss                 | 1.8         |
|    n_updates            | 1060        |
|    policy_gradient_loss | 0.00357     |
|    std                  | 0.312       |
|    value_loss           | 3.7         |
-----------------------------------------
-----------------------------------------
| rollout/                |             |
|    ep_len_mean          | 79.8        |
|    ep_rew_mean          | 5.14        |
| time/                   |             |
|    fps                  | 109         |
|    iterations           | 108         |
|    time_elapsed         | 8098        |
|    total_timesteps      | 884736      |
| train/                  |             |
|    approx_kl            | 0.021761164 |
|    clip_fraction        | 0.153       |
|    clip_range           | 0.2         |
|    entropy_loss         | -0.246      |
|    explained_variance   | 0.755       |
|    learning_rate        | 0.0003      |
|    loss                 | 1.46        |
|    n_updates            | 1070        |
|    policy_gradient_loss | 0.00416     |
|    std                  | 0.31        |
|    value_loss           | 3.27        |
-----------------------------------------
-----------------------------------------
| rollout/                |             |
|    ep_len_mean          | 73.7        |
|    ep_rew_mean          | 4.56        |
| time/                   |             |
|    fps                  | 109         |
|    iterations           | 109         |
|    time_elapsed         | 8173        |
|    total_timesteps      | 892928      |
| train/                  |             |
|    approx_kl            | 0.010800837 |
|    clip_fraction        | 0.122       |
|    clip_range           | 0.2         |
|    entropy_loss         | -0.255      |
|    explained_variance   | 0.828       |
|    learning_rate        | 0.0003      |
|    loss                 | 0.281       |
|    n_updates            | 1080        |
|    policy_gradient_loss | 0.00314     |
|    std                  | 0.314       |
|    value_loss           | 1.54        |
-----------------------------------------
-----------------------------------------
| rollout/                |             |
|    ep_len_mean          | 88.3        |
|    ep_rew_mean          | 6.4         |
| time/                   |             |
|    fps                  | 109         |
|    iterations           | 110         |
|    time_elapsed         | 8248        |
|    total_timesteps      | 901120      |
| train/                  |             |
|    approx_kl            | 0.009027548 |
|    clip_fraction        | 0.0987      |
|    clip_range           | 0.2         |
|    entropy_loss         | -0.261      |
|    explained_variance   | 0.804       |
|    learning_rate        | 0.0003      |
|    loss                 | 0.908       |
|    n_updates            | 1090        |
|    policy_gradient_loss | 0.0019      |
|    std                  | 0.313       |
|    value_loss           | 1.79        |
-----------------------------------------
-----------------------------------------
| rollout/                |             |
|    ep_len_mean          | 68          |
|    ep_rew_mean          | 4.33        |
| time/                   |             |
|    fps                  | 109         |
|    iterations           | 111         |
|    time_elapsed         | 8323        |
|    total_timesteps      | 909312      |
| train/                  |             |
|    approx_kl            | 0.012994509 |
|    clip_fraction        | 0.157       |
|    clip_range           | 0.2         |
|    entropy_loss         | -0.256      |
|    explained_variance   | 0.797       |
|    learning_rate        | 0.0003      |
|    loss                 | 0.592       |
|    n_updates            | 1100        |
|    policy_gradient_loss | 0.00335     |
|    std                  | 0.311       |
|    value_loss           | 1.63        |
-----------------------------------------
------------------------------------------
| rollout/                |              |
|    ep_len_mean          | 76.8         |
|    ep_rew_mean          | 5            |
| time/                   |              |
|    fps                  | 109          |
|    iterations           | 112          |
|    time_elapsed         | 8398         |
|    total_timesteps      | 917504       |
| train/                  |              |
|    approx_kl            | 0.0069952556 |
|    clip_fraction        | 0.128        |
|    clip_range           | 0.2          |
|    entropy_loss         | -0.255       |
|    explained_variance   | 0.801        |
|    learning_rate        | 0.0003       |
|    loss                 | 2.01         |
|    n_updates            | 1110         |
|    policy_gradient_loss | 0.00352      |
|    std                  | 0.312        |
|    value_loss           | 2.19         |
------------------------------------------
-----------------------------------------
| rollout/                |             |
|    ep_len_mean          | 86.5        |
|    ep_rew_mean          | 5.97        |
| time/                   |             |
|    fps                  | 109         |
|    iterations           | 113         |
|    time_elapsed         | 8473        |
|    total_timesteps      | 925696      |
| train/                  |             |
|    approx_kl            | 0.011990649 |
|    clip_fraction        | 0.121       |
|    clip_range           | 0.2         |
|    entropy_loss         | -0.252      |
|    explained_variance   | 0.751       |
|    learning_rate        | 0.0003      |
|    loss                 | 2.7         |
|    n_updates            | 1120        |
|    policy_gradient_loss | 0.00368     |
|    std                  | 0.313       |
|    value_loss           | 2.49        |
-----------------------------------------
-----------------------------------------
| rollout/                |             |
|    ep_len_mean          | 64.8        |
|    ep_rew_mean          | 3.8         |
| time/                   |             |
|    fps                  | 109         |
|    iterations           | 114         |
|    time_elapsed         | 8547        |
|    total_timesteps      | 933888      |
| train/                  |             |
|    approx_kl            | 0.010916991 |
|    clip_fraction        | 0.136       |
|    clip_range           | 0.2         |
|    entropy_loss         | -0.25       |
|    explained_variance   | 0.797       |
|    learning_rate        | 0.0003      |
|    loss                 | 0.995       |
|    n_updates            | 1130        |
|    policy_gradient_loss | 0.00293     |
|    std                  | 0.309       |
|    value_loss           | 1.95        |
-----------------------------------------
-----------------------------------------
| rollout/                |             |
|    ep_len_mean          | 69.8        |
|    ep_rew_mean          | 4.45        |
| time/                   |             |
|    fps                  | 109         |
|    iterations           | 115         |
|    time_elapsed         | 8621        |
|    total_timesteps      | 942080      |
| train/                  |             |
|    approx_kl            | 0.009263731 |
|    clip_fraction        | 0.153       |
|    clip_range           | 0.2         |
|    entropy_loss         | -0.246      |
|    explained_variance   | 0.806       |
|    learning_rate        | 0.0003      |
|    loss                 | 2.12        |
|    n_updates            | 1140        |
|    policy_gradient_loss | 0.00552     |
|    std                  | 0.309       |
|    value_loss           | 2.43        |
-----------------------------------------
-----------------------------------------
| rollout/                |             |
|    ep_len_mean          | 70.2        |
|    ep_rew_mean          | 4.45        |
| time/                   |             |
|    fps                  | 109         |
|    iterations           | 116         |
|    time_elapsed         | 8697        |
|    total_timesteps      | 950272      |
| train/                  |             |
|    approx_kl            | 0.012406354 |
|    clip_fraction        | 0.131       |
|    clip_range           | 0.2         |
|    entropy_loss         | -0.23       |
|    explained_variance   | 0.754       |
|    learning_rate        | 0.0003      |
|    loss                 | 1.38        |
|    n_updates            | 1150        |
|    policy_gradient_loss | 0.00329     |
|    std                  | 0.302       |
|    value_loss           | 2.29        |
-----------------------------------------
-----------------------------------------
| rollout/                |             |
|    ep_len_mean          | 69.2        |
|    ep_rew_mean          | 4.41        |
| time/                   |             |
|    fps                  | 109         |
|    iterations           | 117         |
|    time_elapsed         | 8773        |
|    total_timesteps      | 958464      |
| train/                  |             |
|    approx_kl            | 0.026983175 |
|    clip_fraction        | 0.168       |
|    clip_range           | 0.2         |
|    entropy_loss         | -0.212      |
|    explained_variance   | 0.738       |
|    learning_rate        | 0.0003      |
|    loss                 | 0.923       |
|    n_updates            | 1160        |
|    policy_gradient_loss | 0.00448     |
|    std                  | 0.297       |
|    value_loss           | 2.66        |
-----------------------------------------
-----------------------------------------
| rollout/                |             |
|    ep_len_mean          | 67.7        |
|    ep_rew_mean          | 4.31        |
| time/                   |             |
|    fps                  | 109         |
|    iterations           | 118         |
|    time_elapsed         | 8847        |
|    total_timesteps      | 966656      |
| train/                  |             |
|    approx_kl            | 0.013055647 |
|    clip_fraction        | 0.151       |
|    clip_range           | 0.2         |
|    entropy_loss         | -0.197      |
|    explained_variance   | 0.798       |
|    learning_rate        | 0.0003      |
|    loss                 | 0.302       |
|    n_updates            | 1170        |
|    policy_gradient_loss | 0.00395     |
|    std                  | 0.293       |
|    value_loss           | 2.65        |
-----------------------------------------
----------------------------------------
| rollout/                |            |
|    ep_len_mean          | 69.6       |
|    ep_rew_mean          | 4.33       |
| time/                   |            |
|    fps                  | 109        |
|    iterations           | 119        |
|    time_elapsed         | 8923       |
|    total_timesteps      | 974848     |
| train/                  |            |
|    approx_kl            | 0.01892783 |
|    clip_fraction        | 0.111      |
|    clip_range           | 0.2        |
|    entropy_loss         | -0.185     |
|    explained_variance   | 0.772      |
|    learning_rate        | 0.0003     |
|    loss                 | 1.14       |
|    n_updates            | 1180       |
|    policy_gradient_loss | 0.000727   |
|    std                  | 0.289      |
|    value_loss           | 2.44       |
----------------------------------------
-----------------------------------------
| rollout/                |             |
|    ep_len_mean          | 74.6        |
|    ep_rew_mean          | 4.93        |
| time/                   |             |
|    fps                  | 109         |
|    iterations           | 120         |
|    time_elapsed         | 8998        |
|    total_timesteps      | 983040      |
| train/                  |             |
|    approx_kl            | 0.011094948 |
|    clip_fraction        | 0.136       |
|    clip_range           | 0.2         |
|    entropy_loss         | -0.167      |
|    explained_variance   | 0.881       |
|    learning_rate        | 0.0003      |
|    loss                 | 1.39        |
|    n_updates            | 1190        |
|    policy_gradient_loss | 0.00203     |
|    std                  | 0.286       |
|    value_loss           | 1.71        |
-----------------------------------------
-----------------------------------------
| rollout/                |             |
|    ep_len_mean          | 68          |
|    ep_rew_mean          | 4.2         |
| time/                   |             |
|    fps                  | 109         |
|    iterations           | 121         |
|    time_elapsed         | 9074        |
|    total_timesteps      | 991232      |
| train/                  |             |
|    approx_kl            | 0.009741877 |
|    clip_fraction        | 0.183       |
|    clip_range           | 0.2         |
|    entropy_loss         | -0.17       |
|    explained_variance   | 0.74        |
|    learning_rate        | 0.0003      |
|    loss                 | 0.26        |
|    n_updates            | 1200        |
|    policy_gradient_loss | 0.00399     |
|    std                  | 0.286       |
|    value_loss           | 2.61        |
-----------------------------------------
-----------------------------------------
| rollout/                |             |
|    ep_len_mean          | 68.2        |
|    ep_rew_mean          | 3.77        |
| time/                   |             |
|    fps                  | 109         |
|    iterations           | 122         |
|    time_elapsed         | 9151        |
|    total_timesteps      | 999424      |
| train/                  |             |
|    approx_kl            | 0.036037784 |
|    clip_fraction        | 0.133       |
|    clip_range           | 0.2         |
|    entropy_loss         | -0.16       |
|    explained_variance   | 0.824       |
|    learning_rate        | 0.0003      |
|    loss                 | 1.15        |
|    n_updates            | 1210        |
|    policy_gradient_loss | 0.00601     |
|    std                  | 0.283       |
|    value_loss           | 2.01        |
-----------------------------------------
----------------------------------------
| rollout/                |            |
|    ep_len_mean          | 72.4       |
|    ep_rew_mean          | 4.64       |
| time/                   |            |
|    fps                  | 109        |
|    iterations           | 123        |
|    time_elapsed         | 9225       |
|    total_timesteps      | 1007616    |
| train/                  |            |
|    approx_kl            | 0.02821019 |
|    clip_fraction        | 0.192      |
|    clip_range           | 0.2        |
|    entropy_loss         | -0.145     |
|    explained_variance   | 0.681      |
|    learning_rate        | 0.0003     |
|    loss                 | 2.19       |
|    n_updates            | 1220       |
|    policy_gradient_loss | 0.00476    |
|    std                  | 0.277      |
|    value_loss           | 4.5        |
----------------------------------------


###############################################################################
TCHPC Cluster: callan
Job 171127 (attn_uniform_cf_obs20_dense_seed1_v12) for User 'hadjitot' in Account 'callan_hadjitot'
Finished at: Sat Mar 28 15:21:11 GMT 2026

Job efficiency estimates:
=========================

Job ID: 171127
Cluster: callan
User/Group: hadjitot/hadjitot
State: COMPLETED (exit code 0)
Nodes: 1
Cores per node: 16
CPU Utilized: 07:54:15
CPU Efficiency: 19.11% of 1-17:21:36 core-walltime
Job Wall-clock time: 02:35:06
Memory Utilized: 2.06 GB
Memory Efficiency: 6.43% of 32.00 GB (32.00 GB/node)

Job completion status:
======================

JobID           JobName AllocCPUS NTasks NNodes     MaxRSS    MaxRSSNode  MaxDiskRead MaxDiskWrite    Elapsed      State ExitCode 
------------ ---------- --------- ------ ------ ---------- ------------- ------------ ------------ ---------- ---------- -------- 
171127       attn_unif+        16             1                                                      02:35:06  COMPLETED      0:0 
171127.batch      batch        16      1      1   2156308K    callan-n02     1340.52M     1146.63M   02:35:06  COMPLETED      0:0 
171127.exte+     extern        16      1      1                                                      02:35:06  COMPLETED      0:0 


Job details:
============

JobId=171127 JobName=attn_uniform_cf_obs20_dense_seed1_v12
   UserId=hadjitot(2357) GroupId=hadjitot(2300) MCS_label=N/A
   Priority=111127 Nice=0 Account=callan_hadjitot QOS=normal
   JobState=COMPLETING Reason=None Dependency=(null)
   Requeue=0 Restarts=0 BatchFlag=1 Reboot=0 ExitCode=0:0
   DerivedExitCode=0:0
   RunTime=02:35:06 TimeLimit=2-00:00:00 TimeMin=N/A
   SubmitTime=2026-03-27T20:37:56 EligibleTime=2026-03-27T20:37:56
   AccrueTime=2026-03-27T20:37:56
   StartTime=2026-03-28T12:46:05 EndTime=2026-03-28T15:21:11 Deadline=N/A
   SuspendTime=None SecsPreSuspend=0 LastSchedEval=2026-03-28T12:46:05 Scheduler=Main
   Partition=compute AllocNode:Sid=callan01:1076092
   ReqNodeList=(null) ExcNodeList=(null)
   NodeList=callan-n02
   BatchHost=callan-n02
   NumNodes=1 NumCPUs=16 NumTasks=1 CPUs/Task=16 ReqB:S:C:T=0:0:*:*
   ReqTRES=cpu=16,mem=32G,node=1,billing=16
   AllocTRES=cpu=16,mem=32G,node=1,billing=16
   Socks/Node=* NtasksPerN:B:S:C=0:0:*:* CoreSpec=*
   JOB_GRES=(null)
     Nodes=callan-n02 CPU_IDs=10-15,19,28-31,42-46 Mem=32768 GRES=
   MinCPUsNode=16 MinMemoryNode=32G MinTmpDiskNode=0
   Features=(null) DelayBoot=00:00:00
   OverSubscribe=OK Contiguous=0 Licenses=(null) LicensesAlloc=(null) Network=(null)
   Command=/home/users/hadjitot/fyp/HighwayEnv/slurm/train_attention.sbatch
   WorkDir=/home/users/hadjitot/fyp/HighwayEnv
   StdErr=/home/users/hadjitot/fyp/HighwayEnv/slurm_out/attn_uniform_cf_obs20_dense_seed1_v12_171127.err
   StdIn=/dev/null
   StdOut=/home/users/hadjitot/fyp/HighwayEnv/slurm_out/attn_uniform_cf_obs20_dense_seed1_v12_171127.out
   TresPerTask=cpu=16
   


Disk quota details:
===================

                         Block Limits                                    |                     File Limits
Name       type             MB      quota      limit   in_doubt    grace |    files   quota    limit in_doubt    grace
root       USR         4975264          0          0       1840     none |   398182       0        0      614     none
root       FILESET     5255154          0          0       4877     none |  9921426       0        0     1434     none


SLURM Bank Statement:
=====================

User           Usage |        Account     Usage | Account Limit Available (CPU hrs)
---------- --------- + -------------- --------- + ------------- ---------
hadjitot      12,649 | CALLAN_HADJITOT    12,649 |       300,000   287,351


Acknowledgements:
=================

Note that usage of TCHPC Resources *must* be acknowledged in all publications.

Please see this page for details relevant to this cluster:

http://www.tchpc.tcd.ie/resources/acknowledgementpolicy

################################################################################
