Loading Anaconda 3 2024.02-1
SCENARIO_NAME=cf_obs20_dense
EXP_VERSION=v12
TOTAL_TIMESTEPS=1000000
N_ENVS=4
ATTN_MODE=learned
X_INDEX=1
VX_INDEX=3
ORACLE_RULE=leader_x
TTC_EPS=1e-6
ppo_attn_learned_cf_obs20_dense_v12_seed2 obs shape: (20, 5) action space: Box(-1.0, 1.0, (1,), float32)
Using cpu device
Logging to runs/tb/ppo_attn_learned_cf_obs20_dense_v12_seed2_1
---------------------------------
| rollout/           |          |
|    ep_len_mean     | 11.9     |
|    ep_rew_mean     | -0.856   |
| time/              |          |
|    fps             | 104      |
|    iterations      | 1        |
|    time_elapsed    | 78       |
|    total_timesteps | 8192     |
---------------------------------
-----------------------------------------
| rollout/                |             |
|    ep_len_mean          | 11.9        |
|    ep_rew_mean          | -0.965      |
| time/                   |             |
|    fps                  | 102         |
|    iterations           | 2           |
|    time_elapsed         | 160         |
|    total_timesteps      | 16384       |
| train/                  |             |
|    approx_kl            | 0.004069441 |
|    clip_fraction        | 0.0238      |
|    clip_range           | 0.2         |
|    entropy_loss         | -1.42       |
|    explained_variance   | -0.0051     |
|    learning_rate        | 0.0003      |
|    loss                 | 0.0938      |
|    n_updates            | 10          |
|    policy_gradient_loss | -0.00167    |
|    std                  | 0.994       |
|    value_loss           | 1.87        |
-----------------------------------------
-----------------------------------------
| rollout/                |             |
|    ep_len_mean          | 12.6        |
|    ep_rew_mean          | -0.799      |
| time/                   |             |
|    fps                  | 101         |
|    iterations           | 3           |
|    time_elapsed         | 241         |
|    total_timesteps      | 24576       |
| train/                  |             |
|    approx_kl            | 0.009803027 |
|    clip_fraction        | 0.153       |
|    clip_range           | 0.2         |
|    entropy_loss         | -1.42       |
|    explained_variance   | 0.97        |
|    learning_rate        | 0.0003      |
|    loss                 | 0.0121      |
|    n_updates            | 20          |
|    policy_gradient_loss | -0.0114     |
|    std                  | 1.02        |
|    value_loss           | 0.105       |
-----------------------------------------
-----------------------------------------
| rollout/                |             |
|    ep_len_mean          | 13          |
|    ep_rew_mean          | -0.783      |
| time/                   |             |
|    fps                  | 101         |
|    iterations           | 4           |
|    time_elapsed         | 322         |
|    total_timesteps      | 32768       |
| train/                  |             |
|    approx_kl            | 0.009750993 |
|    clip_fraction        | 0.154       |
|    clip_range           | 0.2         |
|    entropy_loss         | -1.44       |
|    explained_variance   | 0.993       |
|    learning_rate        | 0.0003      |
|    loss                 | 0.0283      |
|    n_updates            | 30          |
|    policy_gradient_loss | -0.0179     |
|    std                  | 1.02        |
|    value_loss           | 0.0852      |
-----------------------------------------
-----------------------------------------
| rollout/                |             |
|    ep_len_mean          | 13.7        |
|    ep_rew_mean          | -0.641      |
| time/                   |             |
|    fps                  | 101         |
|    iterations           | 5           |
|    time_elapsed         | 405         |
|    total_timesteps      | 40960       |
| train/                  |             |
|    approx_kl            | 0.016288858 |
|    clip_fraction        | 0.184       |
|    clip_range           | 0.2         |
|    entropy_loss         | -1.39       |
|    explained_variance   | 0.993       |
|    learning_rate        | 0.0003      |
|    loss                 | 0.0127      |
|    n_updates            | 40          |
|    policy_gradient_loss | -0.0215     |
|    std                  | 0.957       |
|    value_loss           | 0.0717      |
-----------------------------------------
----------------------------------------
| rollout/                |            |
|    ep_len_mean          | 14.8       |
|    ep_rew_mean          | -0.501     |
| time/                   |            |
|    fps                  | 100        |
|    iterations           | 6          |
|    time_elapsed         | 487        |
|    total_timesteps      | 49152      |
| train/                  |            |
|    approx_kl            | 0.01910165 |
|    clip_fraction        | 0.202      |
|    clip_range           | 0.2        |
|    entropy_loss         | -1.32      |
|    explained_variance   | 0.993      |
|    learning_rate        | 0.0003     |
|    loss                 | 0.0759     |
|    n_updates            | 50         |
|    policy_gradient_loss | -0.0229    |
|    std                  | 0.895      |
|    value_loss           | 0.0743     |
----------------------------------------
----------------------------------------
| rollout/                |            |
|    ep_len_mean          | 15.3       |
|    ep_rew_mean          | -0.615     |
| time/                   |            |
|    fps                  | 100        |
|    iterations           | 7          |
|    time_elapsed         | 569        |
|    total_timesteps      | 57344      |
| train/                  |            |
|    approx_kl            | 0.02112512 |
|    clip_fraction        | 0.199      |
|    clip_range           | 0.2        |
|    entropy_loss         | -1.25      |
|    explained_variance   | 0.993      |
|    learning_rate        | 0.0003     |
|    loss                 | 0.022      |
|    n_updates            | 60         |
|    policy_gradient_loss | -0.0242    |
|    std                  | 0.827      |
|    value_loss           | 0.0786     |
----------------------------------------
-----------------------------------------
| rollout/                |             |
|    ep_len_mean          | 16.3        |
|    ep_rew_mean          | -0.498      |
| time/                   |             |
|    fps                  | 100         |
|    iterations           | 8           |
|    time_elapsed         | 651         |
|    total_timesteps      | 65536       |
| train/                  |             |
|    approx_kl            | 0.016650394 |
|    clip_fraction        | 0.161       |
|    clip_range           | 0.2         |
|    entropy_loss         | -1.18       |
|    explained_variance   | 0.994       |
|    learning_rate        | 0.0003      |
|    loss                 | 0.0184      |
|    n_updates            | 70          |
|    policy_gradient_loss | -0.0182     |
|    std                  | 0.775       |
|    value_loss           | 0.0675      |
-----------------------------------------
-----------------------------------------
| rollout/                |             |
|    ep_len_mean          | 22.6        |
|    ep_rew_mean          | -1.48       |
| time/                   |             |
|    fps                  | 100         |
|    iterations           | 9           |
|    time_elapsed         | 732         |
|    total_timesteps      | 73728       |
| train/                  |             |
|    approx_kl            | 0.015272774 |
|    clip_fraction        | 0.127       |
|    clip_range           | 0.2         |
|    entropy_loss         | -1.14       |
|    explained_variance   | 0.835       |
|    learning_rate        | 0.0003      |
|    loss                 | 0.0399      |
|    n_updates            | 80          |
|    policy_gradient_loss | -0.00499    |
|    std                  | 0.739       |
|    value_loss           | 0.191       |
-----------------------------------------
-----------------------------------------
| rollout/                |             |
|    ep_len_mean          | 19.5        |
|    ep_rew_mean          | -0.661      |
| time/                   |             |
|    fps                  | 100         |
|    iterations           | 10          |
|    time_elapsed         | 812         |
|    total_timesteps      | 81920       |
| train/                  |             |
|    approx_kl            | 0.009470509 |
|    clip_fraction        | 0.0866      |
|    clip_range           | 0.2         |
|    entropy_loss         | -1.1        |
|    explained_variance   | 0.616       |
|    learning_rate        | 0.0003      |
|    loss                 | 0.0678      |
|    n_updates            | 90          |
|    policy_gradient_loss | -0.00125    |
|    std                  | 0.713       |
|    value_loss           | 0.276       |
-----------------------------------------
----------------------------------------
| rollout/                |            |
|    ep_len_mean          | 29.3       |
|    ep_rew_mean          | -3.3       |
| time/                   |            |
|    fps                  | 100        |
|    iterations           | 11         |
|    time_elapsed         | 893        |
|    total_timesteps      | 90112      |
| train/                  |            |
|    approx_kl            | 0.01086485 |
|    clip_fraction        | 0.101      |
|    clip_range           | 0.2        |
|    entropy_loss         | -1.06      |
|    explained_variance   | 0.838      |
|    learning_rate        | 0.0003     |
|    loss                 | 0.128      |
|    n_updates            | 100        |
|    policy_gradient_loss | -0.000461  |
|    std                  | 0.683      |
|    value_loss           | 0.521      |
----------------------------------------
------------------------------------------
| rollout/                |              |
|    ep_len_mean          | 25.3         |
|    ep_rew_mean          | -1.84        |
| time/                   |              |
|    fps                  | 101          |
|    iterations           | 12           |
|    time_elapsed         | 972          |
|    total_timesteps      | 98304        |
| train/                  |              |
|    approx_kl            | 0.0069661574 |
|    clip_fraction        | 0.057        |
|    clip_range           | 0.2          |
|    entropy_loss         | -1.03        |
|    explained_variance   | 0.922        |
|    learning_rate        | 0.0003       |
|    loss                 | 0.0737       |
|    n_updates            | 110          |
|    policy_gradient_loss | 0.000259     |
|    std                  | 0.663        |
|    value_loss           | 0.415        |
------------------------------------------
------------------------------------------
| rollout/                |              |
|    ep_len_mean          | 21.6         |
|    ep_rew_mean          | -1.24        |
| time/                   |              |
|    fps                  | 101          |
|    iterations           | 13           |
|    time_elapsed         | 1050         |
|    total_timesteps      | 106496       |
| train/                  |              |
|    approx_kl            | 0.0036266327 |
|    clip_fraction        | 0.0542       |
|    clip_range           | 0.2          |
|    entropy_loss         | -1           |
|    explained_variance   | 0.961        |
|    learning_rate        | 0.0003       |
|    loss                 | 0.308        |
|    n_updates            | 120          |
|    policy_gradient_loss | 0.000456     |
|    std                  | 0.655        |
|    value_loss           | 0.662        |
------------------------------------------
------------------------------------------
| rollout/                |              |
|    ep_len_mean          | 22.6         |
|    ep_rew_mean          | -1.55        |
| time/                   |              |
|    fps                  | 101          |
|    iterations           | 14           |
|    time_elapsed         | 1130         |
|    total_timesteps      | 114688       |
| train/                  |              |
|    approx_kl            | 0.0063065235 |
|    clip_fraction        | 0.0718       |
|    clip_range           | 0.2          |
|    entropy_loss         | -1           |
|    explained_variance   | 0.969        |
|    learning_rate        | 0.0003       |
|    loss                 | 0.828        |
|    n_updates            | 130          |
|    policy_gradient_loss | -0.00155     |
|    std                  | 0.659        |
|    value_loss           | 1.39         |
------------------------------------------
-----------------------------------------
| rollout/                |             |
|    ep_len_mean          | 17.7        |
|    ep_rew_mean          | -0.351      |
| time/                   |             |
|    fps                  | 101         |
|    iterations           | 15          |
|    time_elapsed         | 1209        |
|    total_timesteps      | 122880      |
| train/                  |             |
|    approx_kl            | 0.004994781 |
|    clip_fraction        | 0.0619      |
|    clip_range           | 0.2         |
|    entropy_loss         | -1          |
|    explained_variance   | 0.979       |
|    learning_rate        | 0.0003      |
|    loss                 | 0.151       |
|    n_updates            | 140         |
|    policy_gradient_loss | -0.00138    |
|    std                  | 0.663       |
|    value_loss           | 0.619       |
-----------------------------------------
------------------------------------------
| rollout/                |              |
|    ep_len_mean          | 18.3         |
|    ep_rew_mean          | -0.222       |
| time/                   |              |
|    fps                  | 101          |
|    iterations           | 16           |
|    time_elapsed         | 1290         |
|    total_timesteps      | 131072       |
| train/                  |              |
|    approx_kl            | 0.0055423616 |
|    clip_fraction        | 0.0861       |
|    clip_range           | 0.2          |
|    entropy_loss         | -0.984       |
|    explained_variance   | 0.967        |
|    learning_rate        | 0.0003       |
|    loss                 | 0.0309       |
|    n_updates            | 150          |
|    policy_gradient_loss | 0.0016       |
|    std                  | 0.644        |
|    value_loss           | 0.092        |
------------------------------------------
-----------------------------------------
| rollout/                |             |
|    ep_len_mean          | 18.5        |
|    ep_rew_mean          | -0.209      |
| time/                   |             |
|    fps                  | 101         |
|    iterations           | 17          |
|    time_elapsed         | 1373        |
|    total_timesteps      | 139264      |
| train/                  |             |
|    approx_kl            | 0.009342078 |
|    clip_fraction        | 0.106       |
|    clip_range           | 0.2         |
|    entropy_loss         | -0.953      |
|    explained_variance   | 0.984       |
|    learning_rate        | 0.0003      |
|    loss                 | 0.06        |
|    n_updates            | 160         |
|    policy_gradient_loss | -0.00602    |
|    std                  | 0.617       |
|    value_loss           | 0.215       |
-----------------------------------------
-----------------------------------------
| rollout/                |             |
|    ep_len_mean          | 19.8        |
|    ep_rew_mean          | -0.0691     |
| time/                   |             |
|    fps                  | 101         |
|    iterations           | 18          |
|    time_elapsed         | 1452        |
|    total_timesteps      | 147456      |
| train/                  |             |
|    approx_kl            | 0.012062671 |
|    clip_fraction        | 0.128       |
|    clip_range           | 0.2         |
|    entropy_loss         | -0.904      |
|    explained_variance   | 0.993       |
|    learning_rate        | 0.0003      |
|    loss                 | 0.0434      |
|    n_updates            | 170         |
|    policy_gradient_loss | -0.00795    |
|    std                  | 0.594       |
|    value_loss           | 0.0825      |
-----------------------------------------
-----------------------------------------
| rollout/                |             |
|    ep_len_mean          | 19.8        |
|    ep_rew_mean          | -0.0512     |
| time/                   |             |
|    fps                  | 101         |
|    iterations           | 19          |
|    time_elapsed         | 1532        |
|    total_timesteps      | 155648      |
| train/                  |             |
|    approx_kl            | 0.015892364 |
|    clip_fraction        | 0.116       |
|    clip_range           | 0.2         |
|    entropy_loss         | -0.869      |
|    explained_variance   | 0.967       |
|    learning_rate        | 0.0003      |
|    loss                 | 0.176       |
|    n_updates            | 180         |
|    policy_gradient_loss | -0.00523    |
|    std                  | 0.569       |
|    value_loss           | 0.586       |
-----------------------------------------
----------------------------------------
| rollout/                |            |
|    ep_len_mean          | 19.4       |
|    ep_rew_mean          | -0.151     |
| time/                   |            |
|    fps                  | 101        |
|    iterations           | 20         |
|    time_elapsed         | 1610       |
|    total_timesteps      | 163840     |
| train/                  |            |
|    approx_kl            | 0.00866599 |
|    clip_fraction        | 0.101      |
|    clip_range           | 0.2        |
|    entropy_loss         | -0.822     |
|    explained_variance   | 0.989      |
|    learning_rate        | 0.0003     |
|    loss                 | 0.0468     |
|    n_updates            | 190        |
|    policy_gradient_loss | -0.00365   |
|    std                  | 0.547      |
|    value_loss           | 0.0833     |
----------------------------------------
-----------------------------------------
| rollout/                |             |
|    ep_len_mean          | 20.2        |
|    ep_rew_mean          | -0.0545     |
| time/                   |             |
|    fps                  | 101         |
|    iterations           | 21          |
|    time_elapsed         | 1691        |
|    total_timesteps      | 172032      |
| train/                  |             |
|    approx_kl            | 0.009885734 |
|    clip_fraction        | 0.113       |
|    clip_range           | 0.2         |
|    entropy_loss         | -0.794      |
|    explained_variance   | 0.992       |
|    learning_rate        | 0.0003      |
|    loss                 | 0.012       |
|    n_updates            | 200         |
|    policy_gradient_loss | -0.00391    |
|    std                  | 0.528       |
|    value_loss           | 0.0915      |
-----------------------------------------
-----------------------------------------
| rollout/                |             |
|    ep_len_mean          | 23.5        |
|    ep_rew_mean          | -0.176      |
| time/                   |             |
|    fps                  | 101         |
|    iterations           | 22          |
|    time_elapsed         | 1771        |
|    total_timesteps      | 180224      |
| train/                  |             |
|    approx_kl            | 0.011501614 |
|    clip_fraction        | 0.111       |
|    clip_range           | 0.2         |
|    entropy_loss         | -0.759      |
|    explained_variance   | 0.991       |
|    learning_rate        | 0.0003      |
|    loss                 | 0.052       |
|    n_updates            | 210         |
|    policy_gradient_loss | -0.00482    |
|    std                  | 0.513       |
|    value_loss           | 0.107       |
-----------------------------------------
--------------------------------------
| rollout/                |          |
|    ep_len_mean          | 20.8     |
|    ep_rew_mean          | -0.0462  |
| time/                   |          |
|    fps                  | 101      |
|    iterations           | 23       |
|    time_elapsed         | 1853     |
|    total_timesteps      | 188416   |
| train/                  |          |
|    approx_kl            | 0.021059 |
|    clip_fraction        | 0.0933   |
|    clip_range           | 0.2      |
|    entropy_loss         | -0.724   |
|    explained_variance   | 0.986    |
|    learning_rate        | 0.0003   |
|    loss                 | 0.0846   |
|    n_updates            | 220      |
|    policy_gradient_loss | -0.00161 |
|    std                  | 0.49     |
|    value_loss           | 0.275    |
--------------------------------------
-----------------------------------------
| rollout/                |             |
|    ep_len_mean          | 23.1        |
|    ep_rew_mean          | -0.165      |
| time/                   |             |
|    fps                  | 101         |
|    iterations           | 24          |
|    time_elapsed         | 1936        |
|    total_timesteps      | 196608      |
| train/                  |             |
|    approx_kl            | 0.012918386 |
|    clip_fraction        | 0.109       |
|    clip_range           | 0.2         |
|    entropy_loss         | -0.688      |
|    explained_variance   | 0.975       |
|    learning_rate        | 0.0003      |
|    loss                 | 0.113       |
|    n_updates            | 230         |
|    policy_gradient_loss | -0.00193    |
|    std                  | 0.478       |
|    value_loss           | 0.37        |
-----------------------------------------
-----------------------------------------
| rollout/                |             |
|    ep_len_mean          | 24.1        |
|    ep_rew_mean          | 0.298       |
| time/                   |             |
|    fps                  | 101         |
|    iterations           | 25          |
|    time_elapsed         | 2018        |
|    total_timesteps      | 204800      |
| train/                  |             |
|    approx_kl            | 0.013168799 |
|    clip_fraction        | 0.112       |
|    clip_range           | 0.2         |
|    entropy_loss         | -0.671      |
|    explained_variance   | 0.978       |
|    learning_rate        | 0.0003      |
|    loss                 | 0.139       |
|    n_updates            | 240         |
|    policy_gradient_loss | -0.00253    |
|    std                  | 0.469       |
|    value_loss           | 0.385       |
-----------------------------------------
----------------------------------------
| rollout/                |            |
|    ep_len_mean          | 24.2       |
|    ep_rew_mean          | 0.132      |
| time/                   |            |
|    fps                  | 101        |
|    iterations           | 26         |
|    time_elapsed         | 2102       |
|    total_timesteps      | 212992     |
| train/                  |            |
|    approx_kl            | 0.01352732 |
|    clip_fraction        | 0.122      |
|    clip_range           | 0.2        |
|    entropy_loss         | -0.635     |
|    explained_variance   | 0.972      |
|    learning_rate        | 0.0003     |
|    loss                 | 0.122      |
|    n_updates            | 250        |
|    policy_gradient_loss | -0.00418   |
|    std                  | 0.45       |
|    value_loss           | 0.274      |
----------------------------------------
-----------------------------------------
| rollout/                |             |
|    ep_len_mean          | 29.9        |
|    ep_rew_mean          | 0.764       |
| time/                   |             |
|    fps                  | 101         |
|    iterations           | 27          |
|    time_elapsed         | 2184        |
|    total_timesteps      | 221184      |
| train/                  |             |
|    approx_kl            | 0.012480166 |
|    clip_fraction        | 0.134       |
|    clip_range           | 0.2         |
|    entropy_loss         | -0.597      |
|    explained_variance   | 0.961       |
|    learning_rate        | 0.0003      |
|    loss                 | 0.238       |
|    n_updates            | 260         |
|    policy_gradient_loss | -0.00593    |
|    std                  | 0.435       |
|    value_loss           | 0.422       |
-----------------------------------------
-----------------------------------------
| rollout/                |             |
|    ep_len_mean          | 32.6        |
|    ep_rew_mean          | 1.03        |
| time/                   |             |
|    fps                  | 101         |
|    iterations           | 28          |
|    time_elapsed         | 2265        |
|    total_timesteps      | 229376      |
| train/                  |             |
|    approx_kl            | 0.008744791 |
|    clip_fraction        | 0.0915      |
|    clip_range           | 0.2         |
|    entropy_loss         | -0.559      |
|    explained_variance   | 0.899       |
|    learning_rate        | 0.0003      |
|    loss                 | 0.278       |
|    n_updates            | 270         |
|    policy_gradient_loss | -0.00104    |
|    std                  | 0.418       |
|    value_loss           | 0.475       |
-----------------------------------------
-----------------------------------------
| rollout/                |             |
|    ep_len_mean          | 45.2        |
|    ep_rew_mean          | 2.31        |
| time/                   |             |
|    fps                  | 101         |
|    iterations           | 29          |
|    time_elapsed         | 2347        |
|    total_timesteps      | 237568      |
| train/                  |             |
|    approx_kl            | 0.010770978 |
|    clip_fraction        | 0.102       |
|    clip_range           | 0.2         |
|    entropy_loss         | -0.529      |
|    explained_variance   | 0.88        |
|    learning_rate        | 0.0003      |
|    loss                 | 0.481       |
|    n_updates            | 280         |
|    policy_gradient_loss | 0.000915    |
|    std                  | 0.406       |
|    value_loss           | 0.832       |
-----------------------------------------
-----------------------------------------
| rollout/                |             |
|    ep_len_mean          | 62.7        |
|    ep_rew_mean          | 4.25        |
| time/                   |             |
|    fps                  | 101         |
|    iterations           | 30          |
|    time_elapsed         | 2428        |
|    total_timesteps      | 245760      |
| train/                  |             |
|    approx_kl            | 0.007448158 |
|    clip_fraction        | 0.0905      |
|    clip_range           | 0.2         |
|    entropy_loss         | -0.516      |
|    explained_variance   | 0.859       |
|    learning_rate        | 0.0003      |
|    loss                 | 0.459       |
|    n_updates            | 290         |
|    policy_gradient_loss | 0.00142     |
|    std                  | 0.404       |
|    value_loss           | 0.962       |
-----------------------------------------
-----------------------------------------
| rollout/                |             |
|    ep_len_mean          | 57.1        |
|    ep_rew_mean          | 3.59        |
| time/                   |             |
|    fps                  | 101         |
|    iterations           | 31          |
|    time_elapsed         | 2512        |
|    total_timesteps      | 253952      |
| train/                  |             |
|    approx_kl            | 0.010006076 |
|    clip_fraction        | 0.101       |
|    clip_range           | 0.2         |
|    entropy_loss         | -0.503      |
|    explained_variance   | 0.835       |
|    learning_rate        | 0.0003      |
|    loss                 | 0.5         |
|    n_updates            | 300         |
|    policy_gradient_loss | 0.00153     |
|    std                  | 0.398       |
|    value_loss           | 1.3         |
-----------------------------------------
-----------------------------------------
| rollout/                |             |
|    ep_len_mean          | 63.4        |
|    ep_rew_mean          | 4.23        |
| time/                   |             |
|    fps                  | 101         |
|    iterations           | 32          |
|    time_elapsed         | 2589        |
|    total_timesteps      | 262144      |
| train/                  |             |
|    approx_kl            | 0.009357344 |
|    clip_fraction        | 0.099       |
|    clip_range           | 0.2         |
|    entropy_loss         | -0.482      |
|    explained_variance   | 0.887       |
|    learning_rate        | 0.0003      |
|    loss                 | 0.69        |
|    n_updates            | 310         |
|    policy_gradient_loss | 0.00058     |
|    std                  | 0.387       |
|    value_loss           | 1.17        |
-----------------------------------------
-----------------------------------------
| rollout/                |             |
|    ep_len_mean          | 74.5        |
|    ep_rew_mean          | 5.54        |
| time/                   |             |
|    fps                  | 101         |
|    iterations           | 33          |
|    time_elapsed         | 2668        |
|    total_timesteps      | 270336      |
| train/                  |             |
|    approx_kl            | 0.008463152 |
|    clip_fraction        | 0.0986      |
|    clip_range           | 0.2         |
|    entropy_loss         | -0.461      |
|    explained_variance   | 0.835       |
|    learning_rate        | 0.0003      |
|    loss                 | 0.823       |
|    n_updates            | 320         |
|    policy_gradient_loss | 0.00101     |
|    std                  | 0.385       |
|    value_loss           | 1.72        |
-----------------------------------------
-----------------------------------------
| rollout/                |             |
|    ep_len_mean          | 69.9        |
|    ep_rew_mean          | 5           |
| time/                   |             |
|    fps                  | 101         |
|    iterations           | 34          |
|    time_elapsed         | 2743        |
|    total_timesteps      | 278528      |
| train/                  |             |
|    approx_kl            | 0.015569657 |
|    clip_fraction        | 0.101       |
|    clip_range           | 0.2         |
|    entropy_loss         | -0.454      |
|    explained_variance   | 0.879       |
|    learning_rate        | 0.0003      |
|    loss                 | 0.584       |
|    n_updates            | 330         |
|    policy_gradient_loss | 0.0026      |
|    std                  | 0.378       |
|    value_loss           | 1.25        |
-----------------------------------------
-----------------------------------------
| rollout/                |             |
|    ep_len_mean          | 60.3        |
|    ep_rew_mean          | 3.96        |
| time/                   |             |
|    fps                  | 101         |
|    iterations           | 35          |
|    time_elapsed         | 2818        |
|    total_timesteps      | 286720      |
| train/                  |             |
|    approx_kl            | 0.012364321 |
|    clip_fraction        | 0.127       |
|    clip_range           | 0.2         |
|    entropy_loss         | -0.423      |
|    explained_variance   | 0.841       |
|    learning_rate        | 0.0003      |
|    loss                 | 0.483       |
|    n_updates            | 340         |
|    policy_gradient_loss | 0.000952    |
|    std                  | 0.365       |
|    value_loss           | 1.74        |
-----------------------------------------
-----------------------------------------
| rollout/                |             |
|    ep_len_mean          | 51.5        |
|    ep_rew_mean          | 3.06        |
| time/                   |             |
|    fps                  | 101         |
|    iterations           | 36          |
|    time_elapsed         | 2893        |
|    total_timesteps      | 294912      |
| train/                  |             |
|    approx_kl            | 0.011190787 |
|    clip_fraction        | 0.123       |
|    clip_range           | 0.2         |
|    entropy_loss         | -0.398      |
|    explained_variance   | 0.853       |
|    learning_rate        | 0.0003      |
|    loss                 | 0.568       |
|    n_updates            | 350         |
|    policy_gradient_loss | 0.00313     |
|    std                  | 0.359       |
|    value_loss           | 1.62        |
-----------------------------------------
-----------------------------------------
| rollout/                |             |
|    ep_len_mean          | 69.8        |
|    ep_rew_mean          | 4.95        |
| time/                   |             |
|    fps                  | 102         |
|    iterations           | 37          |
|    time_elapsed         | 2969        |
|    total_timesteps      | 303104      |
| train/                  |             |
|    approx_kl            | 0.022487544 |
|    clip_fraction        | 0.128       |
|    clip_range           | 0.2         |
|    entropy_loss         | -0.39       |
|    explained_variance   | 0.852       |
|    learning_rate        | 0.0003      |
|    loss                 | 1.27        |
|    n_updates            | 360         |
|    policy_gradient_loss | 0.0021      |
|    std                  | 0.356       |
|    value_loss           | 2.58        |
-----------------------------------------
-----------------------------------------
| rollout/                |             |
|    ep_len_mean          | 71.9        |
|    ep_rew_mean          | 5.22        |
| time/                   |             |
|    fps                  | 102         |
|    iterations           | 38          |
|    time_elapsed         | 3044        |
|    total_timesteps      | 311296      |
| train/                  |             |
|    approx_kl            | 0.011084361 |
|    clip_fraction        | 0.122       |
|    clip_range           | 0.2         |
|    entropy_loss         | -0.383      |
|    explained_variance   | 0.834       |
|    learning_rate        | 0.0003      |
|    loss                 | 0.56        |
|    n_updates            | 370         |
|    policy_gradient_loss | 0.00347     |
|    std                  | 0.353       |
|    value_loss           | 1.7         |
-----------------------------------------
-----------------------------------------
| rollout/                |             |
|    ep_len_mean          | 70.1        |
|    ep_rew_mean          | 4.92        |
| time/                   |             |
|    fps                  | 102         |
|    iterations           | 39          |
|    time_elapsed         | 3120        |
|    total_timesteps      | 319488      |
| train/                  |             |
|    approx_kl            | 0.011215573 |
|    clip_fraction        | 0.157       |
|    clip_range           | 0.2         |
|    entropy_loss         | -0.374      |
|    explained_variance   | 0.792       |
|    learning_rate        | 0.0003      |
|    loss                 | 0.698       |
|    n_updates            | 380         |
|    policy_gradient_loss | 0.00442     |
|    std                  | 0.352       |
|    value_loss           | 2.41        |
-----------------------------------------
----------------------------------------
| rollout/                |            |
|    ep_len_mean          | 66.1       |
|    ep_rew_mean          | 4.55       |
| time/                   |            |
|    fps                  | 102        |
|    iterations           | 40         |
|    time_elapsed         | 3195       |
|    total_timesteps      | 327680     |
| train/                  |            |
|    approx_kl            | 0.01411453 |
|    clip_fraction        | 0.15       |
|    clip_range           | 0.2        |
|    entropy_loss         | -0.368     |
|    explained_variance   | 0.892      |
|    learning_rate        | 0.0003     |
|    loss                 | 0.592      |
|    n_updates            | 390        |
|    policy_gradient_loss | 0.00119    |
|    std                  | 0.349      |
|    value_loss           | 2.08       |
----------------------------------------
----------------------------------------
| rollout/                |            |
|    ep_len_mean          | 73         |
|    ep_rew_mean          | 5.31       |
| time/                   |            |
|    fps                  | 102        |
|    iterations           | 41         |
|    time_elapsed         | 3269       |
|    total_timesteps      | 335872     |
| train/                  |            |
|    approx_kl            | 0.03791903 |
|    clip_fraction        | 0.179      |
|    clip_range           | 0.2        |
|    entropy_loss         | -0.359     |
|    explained_variance   | 0.861      |
|    learning_rate        | 0.0003     |
|    loss                 | 1.85       |
|    n_updates            | 400        |
|    policy_gradient_loss | 0.00407    |
|    std                  | 0.345      |
|    value_loss           | 2.54       |
----------------------------------------
-----------------------------------------
| rollout/                |             |
|    ep_len_mean          | 58.1        |
|    ep_rew_mean          | 3.6         |
| time/                   |             |
|    fps                  | 102         |
|    iterations           | 42          |
|    time_elapsed         | 3345        |
|    total_timesteps      | 344064      |
| train/                  |             |
|    approx_kl            | 0.024156716 |
|    clip_fraction        | 0.205       |
|    clip_range           | 0.2         |
|    entropy_loss         | -0.34       |
|    explained_variance   | 0.879       |
|    learning_rate        | 0.0003      |
|    loss                 | 2.54        |
|    n_updates            | 410         |
|    policy_gradient_loss | 0.00615     |
|    std                  | 0.337       |
|    value_loss           | 1.9         |
-----------------------------------------
-----------------------------------------
| rollout/                |             |
|    ep_len_mean          | 74.3        |
|    ep_rew_mean          | 5.32        |
| time/                   |             |
|    fps                  | 102         |
|    iterations           | 43          |
|    time_elapsed         | 3423        |
|    total_timesteps      | 352256      |
| train/                  |             |
|    approx_kl            | 0.012745961 |
|    clip_fraction        | 0.145       |
|    clip_range           | 0.2         |
|    entropy_loss         | -0.326      |
|    explained_variance   | 0.894       |
|    learning_rate        | 0.0003      |
|    loss                 | 1.04        |
|    n_updates            | 420         |
|    policy_gradient_loss | 0.00277     |
|    std                  | 0.335       |
|    value_loss           | 1.76        |
-----------------------------------------
-----------------------------------------
| rollout/                |             |
|    ep_len_mean          | 71.1        |
|    ep_rew_mean          | 5.04        |
| time/                   |             |
|    fps                  | 103         |
|    iterations           | 44          |
|    time_elapsed         | 3497        |
|    total_timesteps      | 360448      |
| train/                  |             |
|    approx_kl            | 0.023748502 |
|    clip_fraction        | 0.204       |
|    clip_range           | 0.2         |
|    entropy_loss         | -0.313      |
|    explained_variance   | 0.861       |
|    learning_rate        | 0.0003      |
|    loss                 | 0.587       |
|    n_updates            | 430         |
|    policy_gradient_loss | 0.0077      |
|    std                  | 0.331       |
|    value_loss           | 2.08        |
-----------------------------------------
-----------------------------------------
| rollout/                |             |
|    ep_len_mean          | 66.7        |
|    ep_rew_mean          | 4.69        |
| time/                   |             |
|    fps                  | 103         |
|    iterations           | 45          |
|    time_elapsed         | 3578        |
|    total_timesteps      | 368640      |
| train/                  |             |
|    approx_kl            | 0.029827885 |
|    clip_fraction        | 0.179       |
|    clip_range           | 0.2         |
|    entropy_loss         | -0.307      |
|    explained_variance   | 0.891       |
|    learning_rate        | 0.0003      |
|    loss                 | 1.06        |
|    n_updates            | 440         |
|    policy_gradient_loss | 0.00701     |
|    std                  | 0.327       |
|    value_loss           | 2.07        |
-----------------------------------------
-----------------------------------------
| rollout/                |             |
|    ep_len_mean          | 69.4        |
|    ep_rew_mean          | 4.8         |
| time/                   |             |
|    fps                  | 103         |
|    iterations           | 46          |
|    time_elapsed         | 3658        |
|    total_timesteps      | 376832      |
| train/                  |             |
|    approx_kl            | 0.013465347 |
|    clip_fraction        | 0.138       |
|    clip_range           | 0.2         |
|    entropy_loss         | -0.292      |
|    explained_variance   | 0.872       |
|    learning_rate        | 0.0003      |
|    loss                 | 1.07        |
|    n_updates            | 450         |
|    policy_gradient_loss | 0.00386     |
|    std                  | 0.322       |
|    value_loss           | 2.23        |
-----------------------------------------
-----------------------------------------
| rollout/                |             |
|    ep_len_mean          | 74.4        |
|    ep_rew_mean          | 5.44        |
| time/                   |             |
|    fps                  | 102         |
|    iterations           | 47          |
|    time_elapsed         | 3739        |
|    total_timesteps      | 385024      |
| train/                  |             |
|    approx_kl            | 0.010732845 |
|    clip_fraction        | 0.14        |
|    clip_range           | 0.2         |
|    entropy_loss         | -0.281      |
|    explained_variance   | 0.856       |
|    learning_rate        | 0.0003      |
|    loss                 | 1.42        |
|    n_updates            | 460         |
|    policy_gradient_loss | 0.00407     |
|    std                  | 0.32        |
|    value_loss           | 2.19        |
-----------------------------------------
-----------------------------------------
| rollout/                |             |
|    ep_len_mean          | 77.4        |
|    ep_rew_mean          | 5.64        |
| time/                   |             |
|    fps                  | 102         |
|    iterations           | 48          |
|    time_elapsed         | 3820        |
|    total_timesteps      | 393216      |
| train/                  |             |
|    approx_kl            | 0.031756714 |
|    clip_fraction        | 0.173       |
|    clip_range           | 0.2         |
|    entropy_loss         | -0.265      |
|    explained_variance   | 0.904       |
|    learning_rate        | 0.0003      |
|    loss                 | 0.42        |
|    n_updates            | 470         |
|    policy_gradient_loss | 0.00463     |
|    std                  | 0.314       |
|    value_loss           | 1.55        |
-----------------------------------------
-----------------------------------------
| rollout/                |             |
|    ep_len_mean          | 77.2        |
|    ep_rew_mean          | 5.65        |
| time/                   |             |
|    fps                  | 102         |
|    iterations           | 49          |
|    time_elapsed         | 3899        |
|    total_timesteps      | 401408      |
| train/                  |             |
|    approx_kl            | 0.014804047 |
|    clip_fraction        | 0.16        |
|    clip_range           | 0.2         |
|    entropy_loss         | -0.256      |
|    explained_variance   | 0.832       |
|    learning_rate        | 0.0003      |
|    loss                 | 1.07        |
|    n_updates            | 480         |
|    policy_gradient_loss | 0.00419     |
|    std                  | 0.313       |
|    value_loss           | 2.06        |
-----------------------------------------
-----------------------------------------
| rollout/                |             |
|    ep_len_mean          | 69          |
|    ep_rew_mean          | 4.63        |
| time/                   |             |
|    fps                  | 102         |
|    iterations           | 50          |
|    time_elapsed         | 3977        |
|    total_timesteps      | 409600      |
| train/                  |             |
|    approx_kl            | 0.019882482 |
|    clip_fraction        | 0.141       |
|    clip_range           | 0.2         |
|    entropy_loss         | -0.255      |
|    explained_variance   | 0.874       |
|    learning_rate        | 0.0003      |
|    loss                 | 0.307       |
|    n_updates            | 490         |
|    policy_gradient_loss | 0.00385     |
|    std                  | 0.311       |
|    value_loss           | 1.65        |
-----------------------------------------
-----------------------------------------
| rollout/                |             |
|    ep_len_mean          | 69.5        |
|    ep_rew_mean          | 4.75        |
| time/                   |             |
|    fps                  | 102         |
|    iterations           | 51          |
|    time_elapsed         | 4056        |
|    total_timesteps      | 417792      |
| train/                  |             |
|    approx_kl            | 0.012654766 |
|    clip_fraction        | 0.152       |
|    clip_range           | 0.2         |
|    entropy_loss         | -0.258      |
|    explained_variance   | 0.902       |
|    learning_rate        | 0.0003      |
|    loss                 | 0.473       |
|    n_updates            | 500         |
|    policy_gradient_loss | 0.00443     |
|    std                  | 0.314       |
|    value_loss           | 1.48        |
-----------------------------------------
-----------------------------------------
| rollout/                |             |
|    ep_len_mean          | 81.8        |
|    ep_rew_mean          | 6.12        |
| time/                   |             |
|    fps                  | 103         |
|    iterations           | 52          |
|    time_elapsed         | 4134        |
|    total_timesteps      | 425984      |
| train/                  |             |
|    approx_kl            | 0.022019247 |
|    clip_fraction        | 0.153       |
|    clip_range           | 0.2         |
|    entropy_loss         | -0.248      |
|    explained_variance   | 0.839       |
|    learning_rate        | 0.0003      |
|    loss                 | 0.177       |
|    n_updates            | 510         |
|    policy_gradient_loss | 0.00319     |
|    std                  | 0.308       |
|    value_loss           | 2.04        |
-----------------------------------------
-----------------------------------------
| rollout/                |             |
|    ep_len_mean          | 74.3        |
|    ep_rew_mean          | 5.29        |
| time/                   |             |
|    fps                  | 102         |
|    iterations           | 53          |
|    time_elapsed         | 4217        |
|    total_timesteps      | 434176      |
| train/                  |             |
|    approx_kl            | 0.011202498 |
|    clip_fraction        | 0.154       |
|    clip_range           | 0.2         |
|    entropy_loss         | -0.238      |
|    explained_variance   | 0.877       |
|    learning_rate        | 0.0003      |
|    loss                 | 1.13        |
|    n_updates            | 520         |
|    policy_gradient_loss | 0.00475     |
|    std                  | 0.307       |
|    value_loss           | 1.83        |
-----------------------------------------
-----------------------------------------
| rollout/                |             |
|    ep_len_mean          | 74.4        |
|    ep_rew_mean          | 5.39        |
| time/                   |             |
|    fps                  | 102         |
|    iterations           | 54          |
|    time_elapsed         | 4295        |
|    total_timesteps      | 442368      |
| train/                  |             |
|    approx_kl            | 0.012688642 |
|    clip_fraction        | 0.159       |
|    clip_range           | 0.2         |
|    entropy_loss         | -0.231      |
|    explained_variance   | 0.884       |
|    learning_rate        | 0.0003      |
|    loss                 | 0.439       |
|    n_updates            | 530         |
|    policy_gradient_loss | 0.00529     |
|    std                  | 0.304       |
|    value_loss           | 2.07        |
-----------------------------------------
----------------------------------------
| rollout/                |            |
|    ep_len_mean          | 90.1       |
|    ep_rew_mean          | 7          |
| time/                   |            |
|    fps                  | 103        |
|    iterations           | 55         |
|    time_elapsed         | 4374       |
|    total_timesteps      | 450560     |
| train/                  |            |
|    approx_kl            | 0.01795691 |
|    clip_fraction        | 0.173      |
|    clip_range           | 0.2        |
|    entropy_loss         | -0.235     |
|    explained_variance   | 0.883      |
|    learning_rate        | 0.0003     |
|    loss                 | 0.392      |
|    n_updates            | 540        |
|    policy_gradient_loss | 0.00399    |
|    std                  | 0.306      |
|    value_loss           | 1.93       |
----------------------------------------
-----------------------------------------
| rollout/                |             |
|    ep_len_mean          | 53.2        |
|    ep_rew_mean          | 3.12        |
| time/                   |             |
|    fps                  | 102         |
|    iterations           | 56          |
|    time_elapsed         | 4454        |
|    total_timesteps      | 458752      |
| train/                  |             |
|    approx_kl            | 0.028681435 |
|    clip_fraction        | 0.176       |
|    clip_range           | 0.2         |
|    entropy_loss         | -0.229      |
|    explained_variance   | 0.876       |
|    learning_rate        | 0.0003      |
|    loss                 | 1.01        |
|    n_updates            | 550         |
|    policy_gradient_loss | 0.00573     |
|    std                  | 0.302       |
|    value_loss           | 1.95        |
-----------------------------------------
-----------------------------------------
| rollout/                |             |
|    ep_len_mean          | 72.5        |
|    ep_rew_mean          | 5.16        |
| time/                   |             |
|    fps                  | 102         |
|    iterations           | 57          |
|    time_elapsed         | 4534        |
|    total_timesteps      | 466944      |
| train/                  |             |
|    approx_kl            | 0.022811493 |
|    clip_fraction        | 0.153       |
|    clip_range           | 0.2         |
|    entropy_loss         | -0.225      |
|    explained_variance   | 0.751       |
|    learning_rate        | 0.0003      |
|    loss                 | 1.71        |
|    n_updates            | 560         |
|    policy_gradient_loss | 0.00492     |
|    std                  | 0.303       |
|    value_loss           | 3.79        |
-----------------------------------------
-----------------------------------------
| rollout/                |             |
|    ep_len_mean          | 80.3        |
|    ep_rew_mean          | 5.88        |
| time/                   |             |
|    fps                  | 102         |
|    iterations           | 58          |
|    time_elapsed         | 4615        |
|    total_timesteps      | 475136      |
| train/                  |             |
|    approx_kl            | 0.018370183 |
|    clip_fraction        | 0.153       |
|    clip_range           | 0.2         |
|    entropy_loss         | -0.228      |
|    explained_variance   | 0.872       |
|    learning_rate        | 0.0003      |
|    loss                 | 1.09        |
|    n_updates            | 570         |
|    policy_gradient_loss | 0.00573     |
|    std                  | 0.304       |
|    value_loss           | 1.52        |
-----------------------------------------
-----------------------------------------
| rollout/                |             |
|    ep_len_mean          | 80.6        |
|    ep_rew_mean          | 6           |
| time/                   |             |
|    fps                  | 102         |
|    iterations           | 59          |
|    time_elapsed         | 4696        |
|    total_timesteps      | 483328      |
| train/                  |             |
|    approx_kl            | 0.014914374 |
|    clip_fraction        | 0.132       |
|    clip_range           | 0.2         |
|    entropy_loss         | -0.237      |
|    explained_variance   | 0.877       |
|    learning_rate        | 0.0003      |
|    loss                 | 1.39        |
|    n_updates            | 580         |
|    policy_gradient_loss | 0.0041      |
|    std                  | 0.308       |
|    value_loss           | 1.95        |
-----------------------------------------
-----------------------------------------
| rollout/                |             |
|    ep_len_mean          | 69.6        |
|    ep_rew_mean          | 4.9         |
| time/                   |             |
|    fps                  | 102         |
|    iterations           | 60          |
|    time_elapsed         | 4778        |
|    total_timesteps      | 491520      |
| train/                  |             |
|    approx_kl            | 0.020947684 |
|    clip_fraction        | 0.161       |
|    clip_range           | 0.2         |
|    entropy_loss         | -0.243      |
|    explained_variance   | 0.896       |
|    learning_rate        | 0.0003      |
|    loss                 | 0.131       |
|    n_updates            | 590         |
|    policy_gradient_loss | 0.00615     |
|    std                  | 0.307       |
|    value_loss           | 1.99        |
-----------------------------------------
-----------------------------------------
| rollout/                |             |
|    ep_len_mean          | 66.4        |
|    ep_rew_mean          | 4.48        |
| time/                   |             |
|    fps                  | 102         |
|    iterations           | 61          |
|    time_elapsed         | 4857        |
|    total_timesteps      | 499712      |
| train/                  |             |
|    approx_kl            | 0.009255903 |
|    clip_fraction        | 0.121       |
|    clip_range           | 0.2         |
|    entropy_loss         | -0.226      |
|    explained_variance   | 0.854       |
|    learning_rate        | 0.0003      |
|    loss                 | 1.51        |
|    n_updates            | 600         |
|    policy_gradient_loss | 0.00366     |
|    std                  | 0.301       |
|    value_loss           | 2.12        |
-----------------------------------------
-----------------------------------------
| rollout/                |             |
|    ep_len_mean          | 66.8        |
|    ep_rew_mean          | 4.5         |
| time/                   |             |
|    fps                  | 102         |
|    iterations           | 62          |
|    time_elapsed         | 4938        |
|    total_timesteps      | 507904      |
| train/                  |             |
|    approx_kl            | 0.018519148 |
|    clip_fraction        | 0.158       |
|    clip_range           | 0.2         |
|    entropy_loss         | -0.219      |
|    explained_variance   | 0.879       |
|    learning_rate        | 0.0003      |
|    loss                 | 3.47        |
|    n_updates            | 610         |
|    policy_gradient_loss | 0.00482     |
|    std                  | 0.302       |
|    value_loss           | 2.16        |
-----------------------------------------
-----------------------------------------
| rollout/                |             |
|    ep_len_mean          | 66.4        |
|    ep_rew_mean          | 4.59        |
| time/                   |             |
|    fps                  | 102         |
|    iterations           | 63          |
|    time_elapsed         | 5018        |
|    total_timesteps      | 516096      |
| train/                  |             |
|    approx_kl            | 0.015053412 |
|    clip_fraction        | 0.132       |
|    clip_range           | 0.2         |
|    entropy_loss         | -0.218      |
|    explained_variance   | 0.869       |
|    learning_rate        | 0.0003      |
|    loss                 | 1.42        |
|    n_updates            | 620         |
|    policy_gradient_loss | 0.00484     |
|    std                  | 0.298       |
|    value_loss           | 2.53        |
-----------------------------------------
-----------------------------------------
| rollout/                |             |
|    ep_len_mean          | 68.9        |
|    ep_rew_mean          | 4.64        |
| time/                   |             |
|    fps                  | 102         |
|    iterations           | 64          |
|    time_elapsed         | 5100        |
|    total_timesteps      | 524288      |
| train/                  |             |
|    approx_kl            | 0.016791355 |
|    clip_fraction        | 0.142       |
|    clip_range           | 0.2         |
|    entropy_loss         | -0.211      |
|    explained_variance   | 0.878       |
|    learning_rate        | 0.0003      |
|    loss                 | 0.693       |
|    n_updates            | 630         |
|    policy_gradient_loss | 0.0021      |
|    std                  | 0.299       |
|    value_loss           | 1.92        |
-----------------------------------------
------------------------------------------
| rollout/                |              |
|    ep_len_mean          | 67.1         |
|    ep_rew_mean          | 4.53         |
| time/                   |              |
|    fps                  | 102          |
|    iterations           | 65           |
|    time_elapsed         | 5179         |
|    total_timesteps      | 532480       |
| train/                  |              |
|    approx_kl            | 0.0150490245 |
|    clip_fraction        | 0.153        |
|    clip_range           | 0.2          |
|    entropy_loss         | -0.226       |
|    explained_variance   | 0.845        |
|    learning_rate        | 0.0003       |
|    loss                 | 2.46         |
|    n_updates            | 640          |
|    policy_gradient_loss | 0.00214      |
|    std                  | 0.306        |
|    value_loss           | 3.09         |
------------------------------------------
----------------------------------------
| rollout/                |            |
|    ep_len_mean          | 76         |
|    ep_rew_mean          | 5.56       |
| time/                   |            |
|    fps                  | 102        |
|    iterations           | 66         |
|    time_elapsed         | 5259       |
|    total_timesteps      | 540672     |
| train/                  |            |
|    approx_kl            | 0.01988646 |
|    clip_fraction        | 0.163      |
|    clip_range           | 0.2        |
|    entropy_loss         | -0.235     |
|    explained_variance   | 0.899      |
|    learning_rate        | 0.0003     |
|    loss                 | 0.572      |
|    n_updates            | 650        |
|    policy_gradient_loss | 0.00388    |
|    std                  | 0.306      |
|    value_loss           | 1.93       |
----------------------------------------
----------------------------------------
| rollout/                |            |
|    ep_len_mean          | 74.3       |
|    ep_rew_mean          | 5.51       |
| time/                   |            |
|    fps                  | 102        |
|    iterations           | 67         |
|    time_elapsed         | 5337       |
|    total_timesteps      | 548864     |
| train/                  |            |
|    approx_kl            | 0.04159344 |
|    clip_fraction        | 0.156      |
|    clip_range           | 0.2        |
|    entropy_loss         | -0.238     |
|    explained_variance   | 0.909      |
|    learning_rate        | 0.0003     |
|    loss                 | 0.99       |
|    n_updates            | 660        |
|    policy_gradient_loss | 0.00697    |
|    std                  | 0.309      |
|    value_loss           | 1.8        |
----------------------------------------
----------------------------------------
| rollout/                |            |
|    ep_len_mean          | 60.8       |
|    ep_rew_mean          | 4.12       |
| time/                   |            |
|    fps                  | 102        |
|    iterations           | 68         |
|    time_elapsed         | 5415       |
|    total_timesteps      | 557056     |
| train/                  |            |
|    approx_kl            | 0.01702214 |
|    clip_fraction        | 0.119      |
|    clip_range           | 0.2        |
|    entropy_loss         | -0.242     |
|    explained_variance   | 0.854      |
|    learning_rate        | 0.0003     |
|    loss                 | 1.09       |
|    n_updates            | 670        |
|    policy_gradient_loss | 0.00563    |
|    std                  | 0.308      |
|    value_loss           | 1.75       |
----------------------------------------
-----------------------------------------
| rollout/                |             |
|    ep_len_mean          | 72.2        |
|    ep_rew_mean          | 5.14        |
| time/                   |             |
|    fps                  | 102         |
|    iterations           | 69          |
|    time_elapsed         | 5494        |
|    total_timesteps      | 565248      |
| train/                  |             |
|    approx_kl            | 0.010531216 |
|    clip_fraction        | 0.117       |
|    clip_range           | 0.2         |
|    entropy_loss         | -0.251      |
|    explained_variance   | 0.821       |
|    learning_rate        | 0.0003      |
|    loss                 | 0.446       |
|    n_updates            | 680         |
|    policy_gradient_loss | 0.00341     |
|    std                  | 0.312       |
|    value_loss           | 2.71        |
-----------------------------------------
----------------------------------------
| rollout/                |            |
|    ep_len_mean          | 67.9       |
|    ep_rew_mean          | 4.74       |
| time/                   |            |
|    fps                  | 102        |
|    iterations           | 70         |
|    time_elapsed         | 5571       |
|    total_timesteps      | 573440     |
| train/                  |            |
|    approx_kl            | 0.02001149 |
|    clip_fraction        | 0.142      |
|    clip_range           | 0.2        |
|    entropy_loss         | -0.24      |
|    explained_variance   | 0.876      |
|    learning_rate        | 0.0003     |
|    loss                 | 0.513      |
|    n_updates            | 690        |
|    policy_gradient_loss | 0.00581    |
|    std                  | 0.305      |
|    value_loss           | 1.85       |
----------------------------------------
-----------------------------------------
| rollout/                |             |
|    ep_len_mean          | 58.7        |
|    ep_rew_mean          | 3.66        |
| time/                   |             |
|    fps                  | 102         |
|    iterations           | 71          |
|    time_elapsed         | 5648        |
|    total_timesteps      | 581632      |
| train/                  |             |
|    approx_kl            | 0.022162601 |
|    clip_fraction        | 0.12        |
|    clip_range           | 0.2         |
|    entropy_loss         | -0.229      |
|    explained_variance   | 0.9         |
|    learning_rate        | 0.0003      |
|    loss                 | 0.777       |
|    n_updates            | 700         |
|    policy_gradient_loss | 0.00544     |
|    std                  | 0.301       |
|    value_loss           | 2.02        |
-----------------------------------------
---------------------------------------
| rollout/                |           |
|    ep_len_mean          | 64.9      |
|    ep_rew_mean          | 4.13      |
| time/                   |           |
|    fps                  | 103       |
|    iterations           | 72        |
|    time_elapsed         | 5725      |
|    total_timesteps      | 589824    |
| train/                  |           |
|    approx_kl            | 0.0089649 |
|    clip_fraction        | 0.0995    |
|    clip_range           | 0.2       |
|    entropy_loss         | -0.218    |
|    explained_variance   | 0.929     |
|    learning_rate        | 0.0003    |
|    loss                 | 0.0669    |
|    n_updates            | 710       |
|    policy_gradient_loss | 0.00304   |
|    std                  | 0.299     |
|    value_loss           | 1.65      |
---------------------------------------
-----------------------------------------
| rollout/                |             |
|    ep_len_mean          | 80.4        |
|    ep_rew_mean          | 5.82        |
| time/                   |             |
|    fps                  | 103         |
|    iterations           | 73          |
|    time_elapsed         | 5804        |
|    total_timesteps      | 598016      |
| train/                  |             |
|    approx_kl            | 0.014914637 |
|    clip_fraction        | 0.105       |
|    clip_range           | 0.2         |
|    entropy_loss         | -0.212      |
|    explained_variance   | 0.869       |
|    learning_rate        | 0.0003      |
|    loss                 | 0.501       |
|    n_updates            | 720         |
|    policy_gradient_loss | 0.00202     |
|    std                  | 0.298       |
|    value_loss           | 2.55        |
-----------------------------------------
------------------------------------------
| rollout/                |              |
|    ep_len_mean          | 87           |
|    ep_rew_mean          | 6.55         |
| time/                   |              |
|    fps                  | 103          |
|    iterations           | 74           |
|    time_elapsed         | 5882         |
|    total_timesteps      | 606208       |
| train/                  |              |
|    approx_kl            | 0.0060959654 |
|    clip_fraction        | 0.118        |
|    clip_range           | 0.2          |
|    entropy_loss         | -0.203       |
|    explained_variance   | 0.832        |
|    learning_rate        | 0.0003       |
|    loss                 | 0.256        |
|    n_updates            | 730          |
|    policy_gradient_loss | 0.00416      |
|    std                  | 0.297        |
|    value_loss           | 1.65         |
------------------------------------------
-----------------------------------------
| rollout/                |             |
|    ep_len_mean          | 75.9        |
|    ep_rew_mean          | 5.23        |
| time/                   |             |
|    fps                  | 103         |
|    iterations           | 75          |
|    time_elapsed         | 5960        |
|    total_timesteps      | 614400      |
| train/                  |             |
|    approx_kl            | 0.008192318 |
|    clip_fraction        | 0.0948      |
|    clip_range           | 0.2         |
|    entropy_loss         | -0.199      |
|    explained_variance   | 0.862       |
|    learning_rate        | 0.0003      |
|    loss                 | 1.51        |
|    n_updates            | 740         |
|    policy_gradient_loss | 0.00337     |
|    std                  | 0.292       |
|    value_loss           | 2.04        |
-----------------------------------------
-----------------------------------------
| rollout/                |             |
|    ep_len_mean          | 78.8        |
|    ep_rew_mean          | 5.72        |
| time/                   |             |
|    fps                  | 103         |
|    iterations           | 76          |
|    time_elapsed         | 6040        |
|    total_timesteps      | 622592      |
| train/                  |             |
|    approx_kl            | 0.016319236 |
|    clip_fraction        | 0.126       |
|    clip_range           | 0.2         |
|    entropy_loss         | -0.183      |
|    explained_variance   | 0.874       |
|    learning_rate        | 0.0003      |
|    loss                 | 0.0782      |
|    n_updates            | 750         |
|    policy_gradient_loss | 0.00404     |
|    std                  | 0.29        |
|    value_loss           | 1.75        |
-----------------------------------------
-----------------------------------------
| rollout/                |             |
|    ep_len_mean          | 80.6        |
|    ep_rew_mean          | 5.91        |
| time/                   |             |
|    fps                  | 103         |
|    iterations           | 77          |
|    time_elapsed         | 6120        |
|    total_timesteps      | 630784      |
| train/                  |             |
|    approx_kl            | 0.015886568 |
|    clip_fraction        | 0.156       |
|    clip_range           | 0.2         |
|    entropy_loss         | -0.183      |
|    explained_variance   | 0.912       |
|    learning_rate        | 0.0003      |
|    loss                 | 0.0544      |
|    n_updates            | 760         |
|    policy_gradient_loss | 0.00367     |
|    std                  | 0.292       |
|    value_loss           | 1.53        |
-----------------------------------------
-----------------------------------------
| rollout/                |             |
|    ep_len_mean          | 73          |
|    ep_rew_mean          | 5.21        |
| time/                   |             |
|    fps                  | 103         |
|    iterations           | 78          |
|    time_elapsed         | 6202        |
|    total_timesteps      | 638976      |
| train/                  |             |
|    approx_kl            | 0.008639008 |
|    clip_fraction        | 0.127       |
|    clip_range           | 0.2         |
|    entropy_loss         | -0.176      |
|    explained_variance   | 0.903       |
|    learning_rate        | 0.0003      |
|    loss                 | 1.34        |
|    n_updates            | 770         |
|    policy_gradient_loss | 0.00435     |
|    std                  | 0.287       |
|    value_loss           | 1.58        |
-----------------------------------------
-----------------------------------------
| rollout/                |             |
|    ep_len_mean          | 75.6        |
|    ep_rew_mean          | 5.22        |
| time/                   |             |
|    fps                  | 103         |
|    iterations           | 79          |
|    time_elapsed         | 6280        |
|    total_timesteps      | 647168      |
| train/                  |             |
|    approx_kl            | 0.007733648 |
|    clip_fraction        | 0.0928      |
|    clip_range           | 0.2         |
|    entropy_loss         | -0.17       |
|    explained_variance   | 0.89        |
|    learning_rate        | 0.0003      |
|    loss                 | 1.44        |
|    n_updates            | 780         |
|    policy_gradient_loss | 0.0017      |
|    std                  | 0.286       |
|    value_loss           | 2.16        |
-----------------------------------------
-----------------------------------------
| rollout/                |             |
|    ep_len_mean          | 75.6        |
|    ep_rew_mean          | 5.45        |
| time/                   |             |
|    fps                  | 103         |
|    iterations           | 80          |
|    time_elapsed         | 6349        |
|    total_timesteps      | 655360      |
| train/                  |             |
|    approx_kl            | 0.007218078 |
|    clip_fraction        | 0.121       |
|    clip_range           | 0.2         |
|    entropy_loss         | -0.175      |
|    explained_variance   | 0.901       |
|    learning_rate        | 0.0003      |
|    loss                 | 0.154       |
|    n_updates            | 790         |
|    policy_gradient_loss | 0.00165     |
|    std                  | 0.288       |
|    value_loss           | 1.65        |
-----------------------------------------
-----------------------------------------
| rollout/                |             |
|    ep_len_mean          | 72.7        |
|    ep_rew_mean          | 4.95        |
| time/                   |             |
|    fps                  | 103         |
|    iterations           | 81          |
|    time_elapsed         | 6413        |
|    total_timesteps      | 663552      |
| train/                  |             |
|    approx_kl            | 0.010819795 |
|    clip_fraction        | 0.136       |
|    clip_range           | 0.2         |
|    entropy_loss         | -0.185      |
|    explained_variance   | 0.917       |
|    learning_rate        | 0.0003      |
|    loss                 | 0.532       |
|    n_updates            | 800         |
|    policy_gradient_loss | 0.00597     |
|    std                  | 0.296       |
|    value_loss           | 1.48        |
-----------------------------------------
-----------------------------------------
| rollout/                |             |
|    ep_len_mean          | 79          |
|    ep_rew_mean          | 5.63        |
| time/                   |             |
|    fps                  | 103         |
|    iterations           | 82          |
|    time_elapsed         | 6478        |
|    total_timesteps      | 671744      |
| train/                  |             |
|    approx_kl            | 0.017533194 |
|    clip_fraction        | 0.0869      |
|    clip_range           | 0.2         |
|    entropy_loss         | -0.199      |
|    explained_variance   | 0.878       |
|    learning_rate        | 0.0003      |
|    loss                 | 1.4         |
|    n_updates            | 810         |
|    policy_gradient_loss | 0.00303     |
|    std                  | 0.294       |
|    value_loss           | 2.07        |
-----------------------------------------
------------------------------------------
| rollout/                |              |
|    ep_len_mean          | 83.8         |
|    ep_rew_mean          | 6.19         |
| time/                   |              |
|    fps                  | 103          |
|    iterations           | 83           |
|    time_elapsed         | 6543         |
|    total_timesteps      | 679936       |
| train/                  |              |
|    approx_kl            | 0.0054476084 |
|    clip_fraction        | 0.0729       |
|    clip_range           | 0.2          |
|    entropy_loss         | -0.202       |
|    explained_variance   | 0.844        |
|    learning_rate        | 0.0003       |
|    loss                 | 1.91         |
|    n_updates            | 820          |
|    policy_gradient_loss | 0.00182      |
|    std                  | 0.297        |
|    value_loss           | 2.22         |
------------------------------------------
-----------------------------------------
| rollout/                |             |
|    ep_len_mean          | 75.8        |
|    ep_rew_mean          | 5.4         |
| time/                   |             |
|    fps                  | 104         |
|    iterations           | 84          |
|    time_elapsed         | 6608        |
|    total_timesteps      | 688128      |
| train/                  |             |
|    approx_kl            | 0.011124859 |
|    clip_fraction        | 0.1         |
|    clip_range           | 0.2         |
|    entropy_loss         | -0.207      |
|    explained_variance   | 0.861       |
|    learning_rate        | 0.0003      |
|    loss                 | 0.285       |
|    n_updates            | 830         |
|    policy_gradient_loss | 0.00291     |
|    std                  | 0.299       |
|    value_loss           | 1.41        |
-----------------------------------------
-----------------------------------------
| rollout/                |             |
|    ep_len_mean          | 60.1        |
|    ep_rew_mean          | 3.77        |
| time/                   |             |
|    fps                  | 104         |
|    iterations           | 85          |
|    time_elapsed         | 6672        |
|    total_timesteps      | 696320      |
| train/                  |             |
|    approx_kl            | 0.007892471 |
|    clip_fraction        | 0.067       |
|    clip_range           | 0.2         |
|    entropy_loss         | -0.212      |
|    explained_variance   | 0.895       |
|    learning_rate        | 0.0003      |
|    loss                 | 0.249       |
|    n_updates            | 840         |
|    policy_gradient_loss | 0.00111     |
|    std                  | 0.297       |
|    value_loss           | 1.71        |
-----------------------------------------
------------------------------------------
| rollout/                |              |
|    ep_len_mean          | 85.1         |
|    ep_rew_mean          | 6.34         |
| time/                   |              |
|    fps                  | 104          |
|    iterations           | 86           |
|    time_elapsed         | 6737         |
|    total_timesteps      | 704512       |
| train/                  |              |
|    approx_kl            | 0.0067691496 |
|    clip_fraction        | 0.085        |
|    clip_range           | 0.2          |
|    entropy_loss         | -0.198       |
|    explained_variance   | 0.91         |
|    learning_rate        | 0.0003       |
|    loss                 | 0.773        |
|    n_updates            | 850          |
|    policy_gradient_loss | 0.00248      |
|    std                  | 0.296        |
|    value_loss           | 1.76         |
------------------------------------------
-----------------------------------------
| rollout/                |             |
|    ep_len_mean          | 75.6        |
|    ep_rew_mean          | 5.59        |
| time/                   |             |
|    fps                  | 104         |
|    iterations           | 87          |
|    time_elapsed         | 6801        |
|    total_timesteps      | 712704      |
| train/                  |             |
|    approx_kl            | 0.018766828 |
|    clip_fraction        | 0.103       |
|    clip_range           | 0.2         |
|    entropy_loss         | -0.193      |
|    explained_variance   | 0.928       |
|    learning_rate        | 0.0003      |
|    loss                 | 0.623       |
|    n_updates            | 860         |
|    policy_gradient_loss | 0.00323     |
|    std                  | 0.293       |
|    value_loss           | 1.6         |
-----------------------------------------
----------------------------------------
| rollout/                |            |
|    ep_len_mean          | 72.7       |
|    ep_rew_mean          | 5.19       |
| time/                   |            |
|    fps                  | 104        |
|    iterations           | 88         |
|    time_elapsed         | 6869       |
|    total_timesteps      | 720896     |
| train/                  |            |
|    approx_kl            | 0.01182669 |
|    clip_fraction        | 0.13       |
|    clip_range           | 0.2        |
|    entropy_loss         | -0.182     |
|    explained_variance   | 0.925      |
|    learning_rate        | 0.0003     |
|    loss                 | 0.441      |
|    n_updates            | 870        |
|    policy_gradient_loss | 0.00328    |
|    std                  | 0.286      |
|    value_loss           | 1.76       |
----------------------------------------
-----------------------------------------
| rollout/                |             |
|    ep_len_mean          | 78.9        |
|    ep_rew_mean          | 5.74        |
| time/                   |             |
|    fps                  | 105         |
|    iterations           | 89          |
|    time_elapsed         | 6933        |
|    total_timesteps      | 729088      |
| train/                  |             |
|    approx_kl            | 0.017382804 |
|    clip_fraction        | 0.0968      |
|    clip_range           | 0.2         |
|    entropy_loss         | -0.167      |
|    explained_variance   | 0.898       |
|    learning_rate        | 0.0003      |
|    loss                 | 0.047       |
|    n_updates            | 880         |
|    policy_gradient_loss | 0.00211     |
|    std                  | 0.286       |
|    value_loss           | 1.6         |
-----------------------------------------
------------------------------------------
| rollout/                |              |
|    ep_len_mean          | 75.4         |
|    ep_rew_mean          | 5.25         |
| time/                   |              |
|    fps                  | 105          |
|    iterations           | 90           |
|    time_elapsed         | 7000         |
|    total_timesteps      | 737280       |
| train/                  |              |
|    approx_kl            | 0.0148391165 |
|    clip_fraction        | 0.13         |
|    clip_range           | 0.2          |
|    entropy_loss         | -0.168       |
|    explained_variance   | 0.901        |
|    learning_rate        | 0.0003       |
|    loss                 | 0.416        |
|    n_updates            | 890          |
|    policy_gradient_loss | 0.00283      |
|    std                  | 0.285        |
|    value_loss           | 1.75         |
------------------------------------------
-----------------------------------------
| rollout/                |             |
|    ep_len_mean          | 75.5        |
|    ep_rew_mean          | 5.59        |
| time/                   |             |
|    fps                  | 105         |
|    iterations           | 91          |
|    time_elapsed         | 7064        |
|    total_timesteps      | 745472      |
| train/                  |             |
|    approx_kl            | 0.014766858 |
|    clip_fraction        | 0.133       |
|    clip_range           | 0.2         |
|    entropy_loss         | -0.171      |
|    explained_variance   | 0.91        |
|    learning_rate        | 0.0003      |
|    loss                 | 0.269       |
|    n_updates            | 900         |
|    policy_gradient_loss | 0.00295     |
|    std                  | 0.286       |
|    value_loss           | 1.6         |
-----------------------------------------
----------------------------------------
| rollout/                |            |
|    ep_len_mean          | 72.9       |
|    ep_rew_mean          | 5.47       |
| time/                   |            |
|    fps                  | 105        |
|    iterations           | 92         |
|    time_elapsed         | 7128       |
|    total_timesteps      | 753664     |
| train/                  |            |
|    approx_kl            | 0.02154573 |
|    clip_fraction        | 0.162      |
|    clip_range           | 0.2        |
|    entropy_loss         | -0.169     |
|    explained_variance   | 0.921      |
|    learning_rate        | 0.0003     |
|    loss                 | 2.58       |
|    n_updates            | 910        |
|    policy_gradient_loss | 0.0037     |
|    std                  | 0.285      |
|    value_loss           | 1.59       |
----------------------------------------
-----------------------------------------
| rollout/                |             |
|    ep_len_mean          | 71.2        |
|    ep_rew_mean          | 5.58        |
| time/                   |             |
|    fps                  | 105         |
|    iterations           | 93          |
|    time_elapsed         | 7194        |
|    total_timesteps      | 761856      |
| train/                  |             |
|    approx_kl            | 0.014875806 |
|    clip_fraction        | 0.117       |
|    clip_range           | 0.2         |
|    entropy_loss         | -0.167      |
|    explained_variance   | 0.875       |
|    learning_rate        | 0.0003      |
|    loss                 | 1.81        |
|    n_updates            | 920         |
|    policy_gradient_loss | 0.0023      |
|    std                  | 0.287       |
|    value_loss           | 1.79        |
-----------------------------------------
-----------------------------------------
| rollout/                |             |
|    ep_len_mean          | 64.9        |
|    ep_rew_mean          | 4.58        |
| time/                   |             |
|    fps                  | 106         |
|    iterations           | 94          |
|    time_elapsed         | 7261        |
|    total_timesteps      | 770048      |
| train/                  |             |
|    approx_kl            | 0.019830585 |
|    clip_fraction        | 0.149       |
|    clip_range           | 0.2         |
|    entropy_loss         | -0.168      |
|    explained_variance   | 0.932       |
|    learning_rate        | 0.0003      |
|    loss                 | 0.254       |
|    n_updates            | 930         |
|    policy_gradient_loss | 0.00331     |
|    std                  | 0.286       |
|    value_loss           | 1.32        |
-----------------------------------------
-----------------------------------------
| rollout/                |             |
|    ep_len_mean          | 86.8        |
|    ep_rew_mean          | 7.23        |
| time/                   |             |
|    fps                  | 106         |
|    iterations           | 95          |
|    time_elapsed         | 7326        |
|    total_timesteps      | 778240      |
| train/                  |             |
|    approx_kl            | 0.011875102 |
|    clip_fraction        | 0.137       |
|    clip_range           | 0.2         |
|    entropy_loss         | -0.163      |
|    explained_variance   | 0.889       |
|    learning_rate        | 0.0003      |
|    loss                 | 0.11        |
|    n_updates            | 940         |
|    policy_gradient_loss | 0.00254     |
|    std                  | 0.283       |
|    value_loss           | 1.92        |
-----------------------------------------
-----------------------------------------
| rollout/                |             |
|    ep_len_mean          | 61.9        |
|    ep_rew_mean          | 4.36        |
| time/                   |             |
|    fps                  | 106         |
|    iterations           | 96          |
|    time_elapsed         | 7390        |
|    total_timesteps      | 786432      |
| train/                  |             |
|    approx_kl            | 0.026185121 |
|    clip_fraction        | 0.188       |
|    clip_range           | 0.2         |
|    entropy_loss         | -0.15       |
|    explained_variance   | 0.907       |
|    learning_rate        | 0.0003      |
|    loss                 | 0.931       |
|    n_updates            | 950         |
|    policy_gradient_loss | 0.00482     |
|    std                  | 0.278       |
|    value_loss           | 1.64        |
-----------------------------------------
-----------------------------------------
| rollout/                |             |
|    ep_len_mean          | 77.3        |
|    ep_rew_mean          | 6.2         |
| time/                   |             |
|    fps                  | 106         |
|    iterations           | 97          |
|    time_elapsed         | 7455        |
|    total_timesteps      | 794624      |
| train/                  |             |
|    approx_kl            | 0.042515308 |
|    clip_fraction        | 0.162       |
|    clip_range           | 0.2         |
|    entropy_loss         | -0.141      |
|    explained_variance   | 0.884       |
|    learning_rate        | 0.0003      |
|    loss                 | 1.39        |
|    n_updates            | 960         |
|    policy_gradient_loss | 0.00257     |
|    std                  | 0.279       |
|    value_loss           | 2.78        |
-----------------------------------------
----------------------------------------
| rollout/                |            |
|    ep_len_mean          | 74.2       |
|    ep_rew_mean          | 6.17       |
| time/                   |            |
|    fps                  | 106        |
|    iterations           | 98         |
|    time_elapsed         | 7519       |
|    total_timesteps      | 802816     |
| train/                  |            |
|    approx_kl            | 0.15052828 |
|    clip_fraction        | 0.196      |
|    clip_range           | 0.2        |
|    entropy_loss         | -0.144     |
|    explained_variance   | 0.885      |
|    learning_rate        | 0.0003     |
|    loss                 | 0.607      |
|    n_updates            | 970        |
|    policy_gradient_loss | 0.00655    |
|    std                  | 0.281      |
|    value_loss           | 2.12       |
----------------------------------------
-----------------------------------------
| rollout/                |             |
|    ep_len_mean          | 71.4        |
|    ep_rew_mean          | 6.25        |
| time/                   |             |
|    fps                  | 106         |
|    iterations           | 99          |
|    time_elapsed         | 7583        |
|    total_timesteps      | 811008      |
| train/                  |             |
|    approx_kl            | 0.020756375 |
|    clip_fraction        | 0.206       |
|    clip_range           | 0.2         |
|    entropy_loss         | -0.144      |
|    explained_variance   | 0.919       |
|    learning_rate        | 0.0003      |
|    loss                 | 1.76        |
|    n_updates            | 980         |
|    policy_gradient_loss | 0.00451     |
|    std                  | 0.28        |
|    value_loss           | 1.74        |
-----------------------------------------
-----------------------------------------
| rollout/                |             |
|    ep_len_mean          | 83.9        |
|    ep_rew_mean          | 7.85        |
| time/                   |             |
|    fps                  | 107         |
|    iterations           | 100         |
|    time_elapsed         | 7648        |
|    total_timesteps      | 819200      |
| train/                  |             |
|    approx_kl            | 0.023162043 |
|    clip_fraction        | 0.177       |
|    clip_range           | 0.2         |
|    entropy_loss         | -0.138      |
|    explained_variance   | 0.899       |
|    learning_rate        | 0.0003      |
|    loss                 | 0.217       |
|    n_updates            | 990         |
|    policy_gradient_loss | 0.00329     |
|    std                  | 0.276       |
|    value_loss           | 2.38        |
-----------------------------------------
-----------------------------------------
| rollout/                |             |
|    ep_len_mean          | 71.2        |
|    ep_rew_mean          | 6.51        |
| time/                   |             |
|    fps                  | 107         |
|    iterations           | 101         |
|    time_elapsed         | 7712        |
|    total_timesteps      | 827392      |
| train/                  |             |
|    approx_kl            | 0.040458392 |
|    clip_fraction        | 0.215       |
|    clip_range           | 0.2         |
|    entropy_loss         | -0.124      |
|    explained_variance   | 0.897       |
|    learning_rate        | 0.0003      |
|    loss                 | 0.837       |
|    n_updates            | 1000        |
|    policy_gradient_loss | 0.00501     |
|    std                  | 0.273       |
|    value_loss           | 2.16        |
-----------------------------------------
-----------------------------------------
| rollout/                |             |
|    ep_len_mean          | 76.4        |
|    ep_rew_mean          | 7.36        |
| time/                   |             |
|    fps                  | 107         |
|    iterations           | 102         |
|    time_elapsed         | 7775        |
|    total_timesteps      | 835584      |
| train/                  |             |
|    approx_kl            | 0.027284564 |
|    clip_fraction        | 0.185       |
|    clip_range           | 0.2         |
|    entropy_loss         | -0.122      |
|    explained_variance   | 0.891       |
|    learning_rate        | 0.0003      |
|    loss                 | 3.07        |
|    n_updates            | 1010        |
|    policy_gradient_loss | 0.00654     |
|    std                  | 0.274       |
|    value_loss           | 2.28        |
-----------------------------------------
-----------------------------------------
| rollout/                |             |
|    ep_len_mean          | 91.1        |
|    ep_rew_mean          | 9.33        |
| time/                   |             |
|    fps                  | 107         |
|    iterations           | 103         |
|    time_elapsed         | 7837        |
|    total_timesteps      | 843776      |
| train/                  |             |
|    approx_kl            | 0.055272885 |
|    clip_fraction        | 0.189       |
|    clip_range           | 0.2         |
|    entropy_loss         | -0.13       |
|    explained_variance   | 0.801       |
|    learning_rate        | 0.0003      |
|    loss                 | 2.12        |
|    n_updates            | 1020        |
|    policy_gradient_loss | 0.0108      |
|    std                  | 0.275       |
|    value_loss           | 3.16        |
-----------------------------------------
-----------------------------------------
| rollout/                |             |
|    ep_len_mean          | 77.7        |
|    ep_rew_mean          | 7.65        |
| time/                   |             |
|    fps                  | 107         |
|    iterations           | 104         |
|    time_elapsed         | 7903        |
|    total_timesteps      | 851968      |
| train/                  |             |
|    approx_kl            | 0.064591795 |
|    clip_fraction        | 0.224       |
|    clip_range           | 0.2         |
|    entropy_loss         | -0.136      |
|    explained_variance   | 0.899       |
|    learning_rate        | 0.0003      |
|    loss                 | 0.302       |
|    n_updates            | 1030        |
|    policy_gradient_loss | 0.00622     |
|    std                  | 0.277       |
|    value_loss           | 2.28        |
-----------------------------------------
---------------------------------------
| rollout/                |           |
|    ep_len_mean          | 80.5      |
|    ep_rew_mean          | 8.13      |
| time/                   |           |
|    fps                  | 107       |
|    iterations           | 105       |
|    time_elapsed         | 7969      |
|    total_timesteps      | 860160    |
| train/                  |           |
|    approx_kl            | 0.0246674 |
|    clip_fraction        | 0.161     |
|    clip_range           | 0.2       |
|    entropy_loss         | -0.144    |
|    explained_variance   | 0.866     |
|    learning_rate        | 0.0003    |
|    loss                 | 0.631     |
|    n_updates            | 1040      |
|    policy_gradient_loss | 0.0076    |
|    std                  | 0.28      |
|    value_loss           | 2.83      |
---------------------------------------
-----------------------------------------
| rollout/                |             |
|    ep_len_mean          | 71.3        |
|    ep_rew_mean          | 7.05        |
| time/                   |             |
|    fps                  | 108         |
|    iterations           | 106         |
|    time_elapsed         | 8036        |
|    total_timesteps      | 868352      |
| train/                  |             |
|    approx_kl            | 0.027975522 |
|    clip_fraction        | 0.23        |
|    clip_range           | 0.2         |
|    entropy_loss         | -0.153      |
|    explained_variance   | 0.921       |
|    learning_rate        | 0.0003      |
|    loss                 | 2.72        |
|    n_updates            | 1050        |
|    policy_gradient_loss | 0.00561     |
|    std                  | 0.283       |
|    value_loss           | 2.07        |
-----------------------------------------
-----------------------------------------
| rollout/                |             |
|    ep_len_mean          | 82.2        |
|    ep_rew_mean          | 8.46        |
| time/                   |             |
|    fps                  | 108         |
|    iterations           | 107         |
|    time_elapsed         | 8100        |
|    total_timesteps      | 876544      |
| train/                  |             |
|    approx_kl            | 0.027601205 |
|    clip_fraction        | 0.176       |
|    clip_range           | 0.2         |
|    entropy_loss         | -0.159      |
|    explained_variance   | 0.846       |
|    learning_rate        | 0.0003      |
|    loss                 | 0.439       |
|    n_updates            | 1060        |
|    policy_gradient_loss | 0.00675     |
|    std                  | 0.284       |
|    value_loss           | 2.48        |
-----------------------------------------
-----------------------------------------
| rollout/                |             |
|    ep_len_mean          | 75.4        |
|    ep_rew_mean          | 6.92        |
| time/                   |             |
|    fps                  | 108         |
|    iterations           | 108         |
|    time_elapsed         | 8168        |
|    total_timesteps      | 884736      |
| train/                  |             |
|    approx_kl            | 0.036397487 |
|    clip_fraction        | 0.187       |
|    clip_range           | 0.2         |
|    entropy_loss         | -0.159      |
|    explained_variance   | 0.918       |
|    learning_rate        | 0.0003      |
|    loss                 | 1.08        |
|    n_updates            | 1070        |
|    policy_gradient_loss | 0.00861     |
|    std                  | 0.284       |
|    value_loss           | 2.4         |
-----------------------------------------
-----------------------------------------
| rollout/                |             |
|    ep_len_mean          | 79          |
|    ep_rew_mean          | 7.99        |
| time/                   |             |
|    fps                  | 108         |
|    iterations           | 109         |
|    time_elapsed         | 8234        |
|    total_timesteps      | 892928      |
| train/                  |             |
|    approx_kl            | 0.054052763 |
|    clip_fraction        | 0.194       |
|    clip_range           | 0.2         |
|    entropy_loss         | -0.165      |
|    explained_variance   | 0.925       |
|    learning_rate        | 0.0003      |
|    loss                 | 0.557       |
|    n_updates            | 1080        |
|    policy_gradient_loss | 0.00622     |
|    std                  | 0.284       |
|    value_loss           | 2.87        |
-----------------------------------------
-----------------------------------------
| rollout/                |             |
|    ep_len_mean          | 79.2        |
|    ep_rew_mean          | 7.87        |
| time/                   |             |
|    fps                  | 108         |
|    iterations           | 110         |
|    time_elapsed         | 8300        |
|    total_timesteps      | 901120      |
| train/                  |             |
|    approx_kl            | 0.024166662 |
|    clip_fraction        | 0.257       |
|    clip_range           | 0.2         |
|    entropy_loss         | -0.172      |
|    explained_variance   | 0.939       |
|    learning_rate        | 0.0003      |
|    loss                 | 0.252       |
|    n_updates            | 1090        |
|    policy_gradient_loss | 0.00928     |
|    std                  | 0.291       |
|    value_loss           | 2.61        |
-----------------------------------------
-----------------------------------------
| rollout/                |             |
|    ep_len_mean          | 77.6        |
|    ep_rew_mean          | 8.26        |
| time/                   |             |
|    fps                  | 108         |
|    iterations           | 111         |
|    time_elapsed         | 8363        |
|    total_timesteps      | 909312      |
| train/                  |             |
|    approx_kl            | 0.023087237 |
|    clip_fraction        | 0.132       |
|    clip_range           | 0.2         |
|    entropy_loss         | -0.186      |
|    explained_variance   | 0.909       |
|    learning_rate        | 0.0003      |
|    loss                 | 2.95        |
|    n_updates            | 1100        |
|    policy_gradient_loss | 0.00301     |
|    std                  | 0.291       |
|    value_loss           | 3.28        |
-----------------------------------------
----------------------------------------
| rollout/                |            |
|    ep_len_mean          | 79.3       |
|    ep_rew_mean          | 8.44       |
| time/                   |            |
|    fps                  | 108        |
|    iterations           | 112        |
|    time_elapsed         | 8427       |
|    total_timesteps      | 917504     |
| train/                  |            |
|    approx_kl            | 0.03473568 |
|    clip_fraction        | 0.15       |
|    clip_range           | 0.2        |
|    entropy_loss         | -0.185     |
|    explained_variance   | 0.896      |
|    learning_rate        | 0.0003     |
|    loss                 | 1.35       |
|    n_updates            | 1110       |
|    policy_gradient_loss | 0.00498    |
|    std                  | 0.291      |
|    value_loss           | 3.4        |
----------------------------------------
-----------------------------------------
| rollout/                |             |
|    ep_len_mean          | 76.9        |
|    ep_rew_mean          | 8.13        |
| time/                   |             |
|    fps                  | 109         |
|    iterations           | 113         |
|    time_elapsed         | 8490        |
|    total_timesteps      | 925696      |
| train/                  |             |
|    approx_kl            | 0.026349895 |
|    clip_fraction        | 0.17        |
|    clip_range           | 0.2         |
|    entropy_loss         | -0.18       |
|    explained_variance   | 0.919       |
|    learning_rate        | 0.0003      |
|    loss                 | 0.848       |
|    n_updates            | 1120        |
|    policy_gradient_loss | 0.0198      |
|    std                  | 0.289       |
|    value_loss           | 2.82        |
-----------------------------------------
----------------------------------------
| rollout/                |            |
|    ep_len_mean          | 70.3       |
|    ep_rew_mean          | 6.85       |
| time/                   |            |
|    fps                  | 109        |
|    iterations           | 114        |
|    time_elapsed         | 8552       |
|    total_timesteps      | 933888     |
| train/                  |            |
|    approx_kl            | 0.03650824 |
|    clip_fraction        | 0.214      |
|    clip_range           | 0.2        |
|    entropy_loss         | -0.175     |
|    explained_variance   | 0.94       |
|    learning_rate        | 0.0003     |
|    loss                 | 0.742      |
|    n_updates            | 1130       |
|    policy_gradient_loss | 0.00465    |
|    std                  | 0.287      |
|    value_loss           | 2.61       |
----------------------------------------
-----------------------------------------
| rollout/                |             |
|    ep_len_mean          | 75.7        |
|    ep_rew_mean          | 7.75        |
| time/                   |             |
|    fps                  | 109         |
|    iterations           | 115         |
|    time_elapsed         | 8618        |
|    total_timesteps      | 942080      |
| train/                  |             |
|    approx_kl            | 0.018936569 |
|    clip_fraction        | 0.109       |
|    clip_range           | 0.2         |
|    entropy_loss         | -0.179      |
|    explained_variance   | 0.736       |
|    learning_rate        | 0.0003      |
|    loss                 | 1.9         |
|    n_updates            | 1140        |
|    policy_gradient_loss | 0.00669     |
|    std                  | 0.29        |
|    value_loss           | 3.12        |
-----------------------------------------
-----------------------------------------
| rollout/                |             |
|    ep_len_mean          | 74.2        |
|    ep_rew_mean          | 7.32        |
| time/                   |             |
|    fps                  | 109         |
|    iterations           | 116         |
|    time_elapsed         | 8682        |
|    total_timesteps      | 950272      |
| train/                  |             |
|    approx_kl            | 0.030787554 |
|    clip_fraction        | 0.205       |
|    clip_range           | 0.2         |
|    entropy_loss         | -0.168      |
|    explained_variance   | 0.93        |
|    learning_rate        | 0.0003      |
|    loss                 | 0.684       |
|    n_updates            | 1150        |
|    policy_gradient_loss | 0.0114      |
|    std                  | 0.285       |
|    value_loss           | 2.77        |
-----------------------------------------
----------------------------------------
| rollout/                |            |
|    ep_len_mean          | 72.6       |
|    ep_rew_mean          | 7.96       |
| time/                   |            |
|    fps                  | 109        |
|    iterations           | 117        |
|    time_elapsed         | 8750       |
|    total_timesteps      | 958464     |
| train/                  |            |
|    approx_kl            | 0.02759885 |
|    clip_fraction        | 0.211      |
|    clip_range           | 0.2        |
|    entropy_loss         | -0.165     |
|    explained_variance   | 0.95       |
|    learning_rate        | 0.0003     |
|    loss                 | 2.05       |
|    n_updates            | 1160       |
|    policy_gradient_loss | 0.00988    |
|    std                  | 0.286      |
|    value_loss           | 2.89       |
----------------------------------------
-----------------------------------------
| rollout/                |             |
|    ep_len_mean          | 74.4        |
|    ep_rew_mean          | 8.17        |
| time/                   |             |
|    fps                  | 109         |
|    iterations           | 118         |
|    time_elapsed         | 8814        |
|    total_timesteps      | 966656      |
| train/                  |             |
|    approx_kl            | 0.055546366 |
|    clip_fraction        | 0.188       |
|    clip_range           | 0.2         |
|    entropy_loss         | -0.174      |
|    explained_variance   | 0.923       |
|    learning_rate        | 0.0003      |
|    loss                 | 0.798       |
|    n_updates            | 1170        |
|    policy_gradient_loss | 0.00541     |
|    std                  | 0.287       |
|    value_loss           | 3.07        |
-----------------------------------------
-----------------------------------------
| rollout/                |             |
|    ep_len_mean          | 80.9        |
|    ep_rew_mean          | 8.75        |
| time/                   |             |
|    fps                  | 109         |
|    iterations           | 119         |
|    time_elapsed         | 8880        |
|    total_timesteps      | 974848      |
| train/                  |             |
|    approx_kl            | 0.020367503 |
|    clip_fraction        | 0.179       |
|    clip_range           | 0.2         |
|    entropy_loss         | -0.172      |
|    explained_variance   | 0.943       |
|    learning_rate        | 0.0003      |
|    loss                 | 1.6         |
|    n_updates            | 1180        |
|    policy_gradient_loss | 0.00726     |
|    std                  | 0.287       |
|    value_loss           | 2.87        |
-----------------------------------------
----------------------------------------
| rollout/                |            |
|    ep_len_mean          | 59.8       |
|    ep_rew_mean          | 5.56       |
| time/                   |            |
|    fps                  | 109        |
|    iterations           | 120        |
|    time_elapsed         | 8945       |
|    total_timesteps      | 983040     |
| train/                  |            |
|    approx_kl            | 0.03051627 |
|    clip_fraction        | 0.157      |
|    clip_range           | 0.2        |
|    entropy_loss         | -0.167     |
|    explained_variance   | 0.84       |
|    learning_rate        | 0.0003     |
|    loss                 | 0.947      |
|    n_updates            | 1190       |
|    policy_gradient_loss | 0.00384    |
|    std                  | 0.286      |
|    value_loss           | 4.43       |
----------------------------------------
----------------------------------------
| rollout/                |            |
|    ep_len_mean          | 62.2       |
|    ep_rew_mean          | 6.25       |
| time/                   |            |
|    fps                  | 110        |
|    iterations           | 121        |
|    time_elapsed         | 9010       |
|    total_timesteps      | 991232     |
| train/                  |            |
|    approx_kl            | 0.01411758 |
|    clip_fraction        | 0.137      |
|    clip_range           | 0.2        |
|    entropy_loss         | -0.159     |
|    explained_variance   | 0.892      |
|    learning_rate        | 0.0003     |
|    loss                 | 0.96       |
|    n_updates            | 1200       |
|    policy_gradient_loss | 0.0073     |
|    std                  | 0.282      |
|    value_loss           | 4.89       |
----------------------------------------
----------------------------------------
| rollout/                |            |
|    ep_len_mean          | 74.1       |
|    ep_rew_mean          | 8.09       |
| time/                   |            |
|    fps                  | 110        |
|    iterations           | 122        |
|    time_elapsed         | 9078       |
|    total_timesteps      | 999424     |
| train/                  |            |
|    approx_kl            | 0.02358098 |
|    clip_fraction        | 0.137      |
|    clip_range           | 0.2        |
|    entropy_loss         | -0.142     |
|    explained_variance   | 0.892      |
|    learning_rate        | 0.0003     |
|    loss                 | 5.25       |
|    n_updates            | 1210       |
|    policy_gradient_loss | 0.012      |
|    std                  | 0.277      |
|    value_loss           | 3.79       |
----------------------------------------
-----------------------------------------
| rollout/                |             |
|    ep_len_mean          | 61.9        |
|    ep_rew_mean          | 6.29        |
| time/                   |             |
|    fps                  | 110         |
|    iterations           | 123         |
|    time_elapsed         | 9142        |
|    total_timesteps      | 1007616     |
| train/                  |             |
|    approx_kl            | 0.048468024 |
|    clip_fraction        | 0.197       |
|    clip_range           | 0.2         |
|    entropy_loss         | -0.129      |
|    explained_variance   | 0.902       |
|    learning_rate        | 0.0003      |
|    loss                 | 0.723       |
|    n_updates            | 1220        |
|    policy_gradient_loss | 0.00587     |
|    std                  | 0.273       |
|    value_loss           | 4.12        |
-----------------------------------------


###############################################################################
TCHPC Cluster: callan
Job 171136 (attn_learned_cf_obs20_dense_seed2_v12) for User 'hadjitot' in Account 'callan_hadjitot'
Finished at: Sat Mar 28 15:59:13 GMT 2026

Job efficiency estimates:
=========================

Job ID: 171136
Cluster: callan
User/Group: hadjitot/hadjitot
State: COMPLETED (exit code 0)
Nodes: 1
Cores per node: 16
CPU Utilized: 07:32:13
CPU Efficiency: 18.39% of 1-16:58:56 core-walltime
Job Wall-clock time: 02:33:41
Memory Utilized: 2.01 GB
Memory Efficiency: 6.27% of 32.00 GB (32.00 GB/node)

Job completion status:
======================

JobID           JobName AllocCPUS NTasks NNodes     MaxRSS    MaxRSSNode  MaxDiskRead MaxDiskWrite    Elapsed      State ExitCode 
------------ ---------- --------- ------ ------ ---------- ------------- ------------ ------------ ---------- ---------- -------- 
171136       attn_lear+        16             1                                                      02:33:41  COMPLETED      0:0 
171136.batch      batch        16      1      1   2103888K    callan-n08     1332.82M     1138.57M   02:33:41  COMPLETED      0:0 
171136.exte+     extern        16      1      1                                                      02:33:41  COMPLETED      0:0 


Job details:
============

JobId=171136 JobName=attn_learned_cf_obs20_dense_seed2_v12
   UserId=hadjitot(2357) GroupId=hadjitot(2300) MCS_label=N/A
   Priority=111321 Nice=0 Account=callan_hadjitot QOS=normal
   JobState=COMPLETING Reason=None Dependency=(null)
   Requeue=0 Restarts=0 BatchFlag=1 Reboot=0 ExitCode=0:0
   DerivedExitCode=0:0
   RunTime=02:33:41 TimeLimit=2-00:00:00 TimeMin=N/A
   SubmitTime=2026-03-27T20:37:56 EligibleTime=2026-03-27T20:37:56
   AccrueTime=2026-03-27T20:37:56
   StartTime=2026-03-28T13:25:32 EndTime=2026-03-28T15:59:13 Deadline=N/A
   SuspendTime=None SecsPreSuspend=0 LastSchedEval=2026-03-28T13:25:32 Scheduler=Main
   Partition=compute AllocNode:Sid=callan01:1076092
   ReqNodeList=(null) ExcNodeList=(null)
   NodeList=callan-n08
   BatchHost=callan-n08
   NumNodes=1 NumCPUs=16 NumTasks=1 CPUs/Task=16 ReqB:S:C:T=0:0:*:*
   ReqTRES=cpu=16,mem=32G,node=1,billing=16
   AllocTRES=cpu=16,mem=32G,node=1,billing=16
   Socks/Node=* NtasksPerN:B:S:C=0:0:*:* CoreSpec=*
   JOB_GRES=(null)
     Nodes=callan-n08 CPU_IDs=3-10,12,15-17,21-22,30-31 Mem=32768 GRES=
   MinCPUsNode=16 MinMemoryNode=32G MinTmpDiskNode=0
   Features=(null) DelayBoot=00:00:00
   OverSubscribe=OK Contiguous=0 Licenses=(null) LicensesAlloc=(null) Network=(null)
   Command=/home/users/hadjitot/fyp/HighwayEnv/slurm/train_attention.sbatch
   WorkDir=/home/users/hadjitot/fyp/HighwayEnv
   StdErr=/home/users/hadjitot/fyp/HighwayEnv/slurm_out/attn_learned_cf_obs20_dense_seed2_v12_171136.err
   StdIn=/dev/null
   StdOut=/home/users/hadjitot/fyp/HighwayEnv/slurm_out/attn_learned_cf_obs20_dense_seed2_v12_171136.out
   TresPerTask=cpu=16
   


Disk quota details:
===================

                         Block Limits                                    |                     File Limits
Name       type             MB      quota      limit   in_doubt    grace |    files   quota    limit in_doubt    grace
root       USR         4975846          0          0       1174     none |   398209       0        0      574     none
root       FILESET     5286423          0          0       4131     none |  9925208       0        0     1359     none


SLURM Bank Statement:
=====================

User           Usage |        Account     Usage | Account Limit Available (CPU hrs)
---------- --------- + -------------- --------- + ------------- ---------
hadjitot      12,786 | CALLAN_HADJITOT    12,786 |       300,000   287,214


Acknowledgements:
=================

Note that usage of TCHPC Resources *must* be acknowledged in all publications.

Please see this page for details relevant to this cluster:

http://www.tchpc.tcd.ie/resources/acknowledgementpolicy

################################################################################
