Loading Anaconda 3 2024.02-1
ppo_attn_highway_lanechange_dense_v2_seed0 obs shape: (15, 5) action space: Box(-1.0, 1.0, (2,), float32)
Using cpu device
Logging to runs/tb/ppo_attn_highway_lanechange_dense_v2_seed0_1
---------------------------------
| rollout/           |          |
|    ep_len_mean     | 140      |
|    ep_rew_mean     | 7.31     |
| time/              |          |
|    fps             | 33       |
|    iterations      | 1        |
|    time_elapsed    | 483      |
|    total_timesteps | 16384    |
---------------------------------
-----------------------------------------
| rollout/                |             |
|    ep_len_mean          | 137         |
|    ep_rew_mean          | 6.76        |
| time/                   |             |
|    fps                  | 33          |
|    iterations           | 2           |
|    time_elapsed         | 985         |
|    total_timesteps      | 32768       |
| train/                  |             |
|    approx_kl            | 0.004639477 |
|    clip_fraction        | 0.0342      |
|    clip_range           | 0.2         |
|    entropy_loss         | -2.82       |
|    explained_variance   | -0.0624     |
|    learning_rate        | 0.0003      |
|    loss                 | 0.75        |
|    n_updates            | 10          |
|    policy_gradient_loss | -0.00269    |
|    std                  | 0.987       |
|    value_loss           | 1.14        |
-----------------------------------------
-----------------------------------------
| rollout/                |             |
|    ep_len_mean          | 140         |
|    ep_rew_mean          | 9.16        |
| time/                   |             |
|    fps                  | 33          |
|    iterations           | 3           |
|    time_elapsed         | 1489        |
|    total_timesteps      | 49152       |
| train/                  |             |
|    approx_kl            | 0.005158517 |
|    clip_fraction        | 0.0449      |
|    clip_range           | 0.2         |
|    entropy_loss         | -2.8        |
|    explained_variance   | 0.247       |
|    learning_rate        | 0.0003      |
|    loss                 | 0.663       |
|    n_updates            | 20          |
|    policy_gradient_loss | -0.00255    |
|    std                  | 0.977       |
|    value_loss           | 1.34        |
-----------------------------------------
------------------------------------------
| rollout/                |              |
|    ep_len_mean          | 139          |
|    ep_rew_mean          | 9.68         |
| time/                   |              |
|    fps                  | 32           |
|    iterations           | 4            |
|    time_elapsed         | 1989         |
|    total_timesteps      | 65536        |
| train/                  |              |
|    approx_kl            | 0.0051815007 |
|    clip_fraction        | 0.0531       |
|    clip_range           | 0.2          |
|    entropy_loss         | -2.79        |
|    explained_variance   | 0.263        |
|    learning_rate        | 0.0003       |
|    loss                 | 1.01         |
|    n_updates            | 30           |
|    policy_gradient_loss | -0.00267     |
|    std                  | 0.973        |
|    value_loss           | 1.75         |
------------------------------------------
----------------------------------------
| rollout/                |            |
|    ep_len_mean          | 139        |
|    ep_rew_mean          | 12.1       |
| time/                   |            |
|    fps                  | 32         |
|    iterations           | 5          |
|    time_elapsed         | 2488       |
|    total_timesteps      | 81920      |
| train/                  |            |
|    approx_kl            | 0.00851246 |
|    clip_fraction        | 0.0929     |
|    clip_range           | 0.2        |
|    entropy_loss         | -2.74      |
|    explained_variance   | 0.299      |
|    learning_rate        | 0.0003     |
|    loss                 | 0.518      |
|    n_updates            | 40         |
|    policy_gradient_loss | -0.00577   |
|    std                  | 0.947      |
|    value_loss           | 1.93       |
----------------------------------------
------------------------------------------
| rollout/                |              |
|    ep_len_mean          | 140          |
|    ep_rew_mean          | 12.8         |
| time/                   |              |
|    fps                  | 32           |
|    iterations           | 6            |
|    time_elapsed         | 2990         |
|    total_timesteps      | 98304        |
| train/                  |              |
|    approx_kl            | 0.0079642255 |
|    clip_fraction        | 0.0878       |
|    clip_range           | 0.2          |
|    entropy_loss         | -2.7         |
|    explained_variance   | 0.322        |
|    learning_rate        | 0.0003       |
|    loss                 | 1.27         |
|    n_updates            | 50           |
|    policy_gradient_loss | -0.00477     |
|    std                  | 0.928        |
|    value_loss           | 2.61         |
------------------------------------------
----------------------------------------
| rollout/                |            |
|    ep_len_mean          | 140        |
|    ep_rew_mean          | 16.4       |
| time/                   |            |
|    fps                  | 32         |
|    iterations           | 7          |
|    time_elapsed         | 3489       |
|    total_timesteps      | 114688     |
| train/                  |            |
|    approx_kl            | 0.00925011 |
|    clip_fraction        | 0.104      |
|    clip_range           | 0.2        |
|    entropy_loss         | -2.66      |
|    explained_variance   | 0.401      |
|    learning_rate        | 0.0003     |
|    loss                 | 1.54       |
|    n_updates            | 60         |
|    policy_gradient_loss | -0.00588   |
|    std                  | 0.915      |
|    value_loss           | 2.52       |
----------------------------------------
-----------------------------------------
| rollout/                |             |
|    ep_len_mean          | 140         |
|    ep_rew_mean          | 21.3        |
| time/                   |             |
|    fps                  | 32          |
|    iterations           | 8           |
|    time_elapsed         | 3984        |
|    total_timesteps      | 131072      |
| train/                  |             |
|    approx_kl            | 0.010274133 |
|    clip_fraction        | 0.12        |
|    clip_range           | 0.2         |
|    entropy_loss         | -2.63       |
|    explained_variance   | 0.421       |
|    learning_rate        | 0.0003      |
|    loss                 | 1.39        |
|    n_updates            | 70          |
|    policy_gradient_loss | -0.00694    |
|    std                  | 0.897       |
|    value_loss           | 3.61        |
-----------------------------------------
------------------------------------------
| rollout/                |              |
|    ep_len_mean          | 140          |
|    ep_rew_mean          | 24.7         |
| time/                   |              |
|    fps                  | 32           |
|    iterations           | 9            |
|    time_elapsed         | 4485         |
|    total_timesteps      | 147456       |
| train/                  |              |
|    approx_kl            | 0.0136625655 |
|    clip_fraction        | 0.146        |
|    clip_range           | 0.2          |
|    entropy_loss         | -2.58        |
|    explained_variance   | 0.421        |
|    learning_rate        | 0.0003       |
|    loss                 | 2.14         |
|    n_updates            | 80           |
|    policy_gradient_loss | -0.00866     |
|    std                  | 0.878        |
|    value_loss           | 4.65         |
------------------------------------------
----------------------------------------
| rollout/                |            |
|    ep_len_mean          | 140        |
|    ep_rew_mean          | 33.3       |
| time/                   |            |
|    fps                  | 32         |
|    iterations           | 10         |
|    time_elapsed         | 4990       |
|    total_timesteps      | 163840     |
| train/                  |            |
|    approx_kl            | 0.01378569 |
|    clip_fraction        | 0.162      |
|    clip_range           | 0.2        |
|    entropy_loss         | -2.54      |
|    explained_variance   | 0.388      |
|    learning_rate        | 0.0003     |
|    loss                 | 2.59       |
|    n_updates            | 90         |
|    policy_gradient_loss | -0.0093    |
|    std                  | 0.855      |
|    value_loss           | 5.72       |
----------------------------------------
------------------------------------------
| rollout/                |              |
|    ep_len_mean          | 140          |
|    ep_rew_mean          | 42.1         |
| time/                   |              |
|    fps                  | 32           |
|    iterations           | 11           |
|    time_elapsed         | 5495         |
|    total_timesteps      | 180224       |
| train/                  |              |
|    approx_kl            | 0.0151765905 |
|    clip_fraction        | 0.172        |
|    clip_range           | 0.2          |
|    entropy_loss         | -2.49        |
|    explained_variance   | 0.401        |
|    learning_rate        | 0.0003       |
|    loss                 | 3.39         |
|    n_updates            | 100          |
|    policy_gradient_loss | -0.00888     |
|    std                  | 0.834        |
|    value_loss           | 6.87         |
------------------------------------------
-----------------------------------------
| rollout/                |             |
|    ep_len_mean          | 140         |
|    ep_rew_mean          | 49.4        |
| time/                   |             |
|    fps                  | 32          |
|    iterations           | 12          |
|    time_elapsed         | 5996        |
|    total_timesteps      | 196608      |
| train/                  |             |
|    approx_kl            | 0.018295914 |
|    clip_fraction        | 0.212       |
|    clip_range           | 0.2         |
|    entropy_loss         | -2.41       |
|    explained_variance   | 0.384       |
|    learning_rate        | 0.0003      |
|    loss                 | 3.56        |
|    n_updates            | 110         |
|    policy_gradient_loss | -0.0106     |
|    std                  | 0.805       |
|    value_loss           | 6.67        |
-----------------------------------------
-----------------------------------------
| rollout/                |             |
|    ep_len_mean          | 140         |
|    ep_rew_mean          | 56.3        |
| time/                   |             |
|    fps                  | 32          |
|    iterations           | 13          |
|    time_elapsed         | 6494        |
|    total_timesteps      | 212992      |
| train/                  |             |
|    approx_kl            | 0.021208238 |
|    clip_fraction        | 0.22        |
|    clip_range           | 0.2         |
|    entropy_loss         | -2.34       |
|    explained_variance   | 0.438       |
|    learning_rate        | 0.0003      |
|    loss                 | 3.83        |
|    n_updates            | 120         |
|    policy_gradient_loss | -0.00743    |
|    std                  | 0.778       |
|    value_loss           | 6.18        |
-----------------------------------------
-----------------------------------------
| rollout/                |             |
|    ep_len_mean          | 140         |
|    ep_rew_mean          | 63.6        |
| time/                   |             |
|    fps                  | 32          |
|    iterations           | 14          |
|    time_elapsed         | 6985        |
|    total_timesteps      | 229376      |
| train/                  |             |
|    approx_kl            | 0.019248733 |
|    clip_fraction        | 0.22        |
|    clip_range           | 0.2         |
|    entropy_loss         | -2.27       |
|    explained_variance   | 0.466       |
|    learning_rate        | 0.0003      |
|    loss                 | 3.85        |
|    n_updates            | 130         |
|    policy_gradient_loss | -0.00564    |
|    std                  | 0.749       |
|    value_loss           | 6.58        |
-----------------------------------------
-----------------------------------------
| rollout/                |             |
|    ep_len_mean          | 140         |
|    ep_rew_mean          | 68.5        |
| time/                   |             |
|    fps                  | 32          |
|    iterations           | 15          |
|    time_elapsed         | 7478        |
|    total_timesteps      | 245760      |
| train/                  |             |
|    approx_kl            | 0.020753015 |
|    clip_fraction        | 0.227       |
|    clip_range           | 0.2         |
|    entropy_loss         | -2.2        |
|    explained_variance   | 0.451       |
|    learning_rate        | 0.0003      |
|    loss                 | 1.93        |
|    n_updates            | 140         |
|    policy_gradient_loss | -0.00425    |
|    std                  | 0.727       |
|    value_loss           | 5.94        |
-----------------------------------------
-----------------------------------------
| rollout/                |             |
|    ep_len_mean          | 140         |
|    ep_rew_mean          | 72.9        |
| time/                   |             |
|    fps                  | 32          |
|    iterations           | 16          |
|    time_elapsed         | 7971        |
|    total_timesteps      | 262144      |
| train/                  |             |
|    approx_kl            | 0.023474833 |
|    clip_fraction        | 0.25        |
|    clip_range           | 0.2         |
|    entropy_loss         | -2.15       |
|    explained_variance   | 0.66        |
|    learning_rate        | 0.0003      |
|    loss                 | 1.71        |
|    n_updates            | 150         |
|    policy_gradient_loss | -0.00184    |
|    std                  | 0.707       |
|    value_loss           | 6.78        |
-----------------------------------------
-----------------------------------------
| rollout/                |             |
|    ep_len_mean          | 140         |
|    ep_rew_mean          | 80.5        |
| time/                   |             |
|    fps                  | 32          |
|    iterations           | 17          |
|    time_elapsed         | 8463        |
|    total_timesteps      | 278528      |
| train/                  |             |
|    approx_kl            | 0.026668146 |
|    clip_fraction        | 0.258       |
|    clip_range           | 0.2         |
|    entropy_loss         | -2.08       |
|    explained_variance   | 0.705       |
|    learning_rate        | 0.0003      |
|    loss                 | 5.17        |
|    n_updates            | 160         |
|    policy_gradient_loss | 0.000296    |
|    std                  | 0.68        |
|    value_loss           | 9.44        |
-----------------------------------------
-----------------------------------------
| rollout/                |             |
|    ep_len_mean          | 140         |
|    ep_rew_mean          | 84.1        |
| time/                   |             |
|    fps                  | 32          |
|    iterations           | 18          |
|    time_elapsed         | 8954        |
|    total_timesteps      | 294912      |
| train/                  |             |
|    approx_kl            | 0.027524233 |
|    clip_fraction        | 0.281       |
|    clip_range           | 0.2         |
|    entropy_loss         | -2          |
|    explained_variance   | 0.357       |
|    learning_rate        | 0.0003      |
|    loss                 | 2.4         |
|    n_updates            | 170         |
|    policy_gradient_loss | 0.000944    |
|    std                  | 0.656       |
|    value_loss           | 7.16        |
-----------------------------------------
-----------------------------------------
| rollout/                |             |
|    ep_len_mean          | 140         |
|    ep_rew_mean          | 89.6        |
| time/                   |             |
|    fps                  | 32          |
|    iterations           | 19          |
|    time_elapsed         | 9446        |
|    total_timesteps      | 311296      |
| train/                  |             |
|    approx_kl            | 0.022406803 |
|    clip_fraction        | 0.251       |
|    clip_range           | 0.2         |
|    entropy_loss         | -1.93       |
|    explained_variance   | 0.596       |
|    learning_rate        | 0.0003      |
|    loss                 | 1.78        |
|    n_updates            | 180         |
|    policy_gradient_loss | -0.00184    |
|    std                  | 0.633       |
|    value_loss           | 4.81        |
-----------------------------------------
-----------------------------------------
| rollout/                |             |
|    ep_len_mean          | 140         |
|    ep_rew_mean          | 93.2        |
| time/                   |             |
|    fps                  | 32          |
|    iterations           | 20          |
|    time_elapsed         | 9934        |
|    total_timesteps      | 327680      |
| train/                  |             |
|    approx_kl            | 0.023577975 |
|    clip_fraction        | 0.227       |
|    clip_range           | 0.2         |
|    entropy_loss         | -1.86       |
|    explained_variance   | 0.109       |
|    learning_rate        | 0.0003      |
|    loss                 | 1.62        |
|    n_updates            | 190         |
|    policy_gradient_loss | -0.00341    |
|    std                  | 0.613       |
|    value_loss           | 2.27        |
-----------------------------------------
-----------------------------------------
| rollout/                |             |
|    ep_len_mean          | 140         |
|    ep_rew_mean          | 94.5        |
| time/                   |             |
|    fps                  | 33          |
|    iterations           | 21          |
|    time_elapsed         | 10420       |
|    total_timesteps      | 344064      |
| train/                  |             |
|    approx_kl            | 0.020703256 |
|    clip_fraction        | 0.216       |
|    clip_range           | 0.2         |
|    entropy_loss         | -1.81       |
|    explained_variance   | 0.112       |
|    learning_rate        | 0.0003      |
|    loss                 | 0.4         |
|    n_updates            | 200         |
|    policy_gradient_loss | -0.00168    |
|    std                  | 0.596       |
|    value_loss           | 1.55        |
-----------------------------------------
----------------------------------------
| rollout/                |            |
|    ep_len_mean          | 140        |
|    ep_rew_mean          | 93.5       |
| time/                   |            |
|    fps                  | 33         |
|    iterations           | 22         |
|    time_elapsed         | 10904      |
|    total_timesteps      | 360448     |
| train/                  |            |
|    approx_kl            | 0.02003162 |
|    clip_fraction        | 0.205      |
|    clip_range           | 0.2        |
|    entropy_loss         | -1.76      |
|    explained_variance   | 0.504      |
|    learning_rate        | 0.0003     |
|    loss                 | 0.629      |
|    n_updates            | 210        |
|    policy_gradient_loss | 0.000855   |
|    std                  | 0.582      |
|    value_loss           | 1.56       |
----------------------------------------
-----------------------------------------
| rollout/                |             |
|    ep_len_mean          | 140         |
|    ep_rew_mean          | 96.1        |
| time/                   |             |
|    fps                  | 33          |
|    iterations           | 23          |
|    time_elapsed         | 11388       |
|    total_timesteps      | 376832      |
| train/                  |             |
|    approx_kl            | 0.021523397 |
|    clip_fraction        | 0.206       |
|    clip_range           | 0.2         |
|    entropy_loss         | -1.73       |
|    explained_variance   | 0.863       |
|    learning_rate        | 0.0003      |
|    loss                 | 0.407       |
|    n_updates            | 220         |
|    policy_gradient_loss | 0.000652    |
|    std                  | 0.572       |
|    value_loss           | 1.86        |
-----------------------------------------
-----------------------------------------
| rollout/                |             |
|    ep_len_mean          | 140         |
|    ep_rew_mean          | 97.2        |
| time/                   |             |
|    fps                  | 33          |
|    iterations           | 24          |
|    time_elapsed         | 11878       |
|    total_timesteps      | 393216      |
| train/                  |             |
|    approx_kl            | 0.020127164 |
|    clip_fraction        | 0.2         |
|    clip_range           | 0.2         |
|    entropy_loss         | -1.69       |
|    explained_variance   | 0.834       |
|    learning_rate        | 0.0003      |
|    loss                 | 0.276       |
|    n_updates            | 230         |
|    policy_gradient_loss | 0.00338     |
|    std                  | 0.561       |
|    value_loss           | 1.42        |
-----------------------------------------
-----------------------------------------
| rollout/                |             |
|    ep_len_mean          | 140         |
|    ep_rew_mean          | 98.1        |
| time/                   |             |
|    fps                  | 33          |
|    iterations           | 25          |
|    time_elapsed         | 12369       |
|    total_timesteps      | 409600      |
| train/                  |             |
|    approx_kl            | 0.020337755 |
|    clip_fraction        | 0.212       |
|    clip_range           | 0.2         |
|    entropy_loss         | -1.64       |
|    explained_variance   | -0.0383     |
|    learning_rate        | 0.0003      |
|    loss                 | 0.168       |
|    n_updates            | 240         |
|    policy_gradient_loss | 0.00208     |
|    std                  | 0.549       |
|    value_loss           | 0.529       |
-----------------------------------------
-----------------------------------------
| rollout/                |             |
|    ep_len_mean          | 140         |
|    ep_rew_mean          | 98.4        |
| time/                   |             |
|    fps                  | 33          |
|    iterations           | 26          |
|    time_elapsed         | 12854       |
|    total_timesteps      | 425984      |
| train/                  |             |
|    approx_kl            | 0.020086072 |
|    clip_fraction        | 0.205       |
|    clip_range           | 0.2         |
|    entropy_loss         | -1.59       |
|    explained_variance   | 0.0681      |
|    learning_rate        | 0.0003      |
|    loss                 | 0.11        |
|    n_updates            | 250         |
|    policy_gradient_loss | 0.00319     |
|    std                  | 0.535       |
|    value_loss           | 0.352       |
-----------------------------------------
-----------------------------------------
| rollout/                |             |
|    ep_len_mean          | 140         |
|    ep_rew_mean          | 98.8        |
| time/                   |             |
|    fps                  | 33          |
|    iterations           | 27          |
|    time_elapsed         | 13313       |
|    total_timesteps      | 442368      |
| train/                  |             |
|    approx_kl            | 0.019899715 |
|    clip_fraction        | 0.203       |
|    clip_range           | 0.2         |
|    entropy_loss         | -1.54       |
|    explained_variance   | 0.165       |
|    learning_rate        | 0.0003      |
|    loss                 | 0.213       |
|    n_updates            | 260         |
|    policy_gradient_loss | 0.00359     |
|    std                  | 0.521       |
|    value_loss           | 0.284       |
-----------------------------------------
-----------------------------------------
| rollout/                |             |
|    ep_len_mean          | 140         |
|    ep_rew_mean          | 99.2        |
| time/                   |             |
|    fps                  | 33          |
|    iterations           | 28          |
|    time_elapsed         | 13766       |
|    total_timesteps      | 458752      |
| train/                  |             |
|    approx_kl            | 0.019928873 |
|    clip_fraction        | 0.199       |
|    clip_range           | 0.2         |
|    entropy_loss         | -1.5        |
|    explained_variance   | 0.196       |
|    learning_rate        | 0.0003      |
|    loss                 | 0.084       |
|    n_updates            | 270         |
|    policy_gradient_loss | 0.00334     |
|    std                  | 0.513       |
|    value_loss           | 0.212       |
-----------------------------------------
-----------------------------------------
| rollout/                |             |
|    ep_len_mean          | 140         |
|    ep_rew_mean          | 99.2        |
| time/                   |             |
|    fps                  | 33          |
|    iterations           | 29          |
|    time_elapsed         | 14221       |
|    total_timesteps      | 475136      |
| train/                  |             |
|    approx_kl            | 0.022393335 |
|    clip_fraction        | 0.203       |
|    clip_range           | 0.2         |
|    entropy_loss         | -1.47       |
|    explained_variance   | 0.239       |
|    learning_rate        | 0.0003      |
|    loss                 | 0.156       |
|    n_updates            | 280         |
|    policy_gradient_loss | 0.0152      |
|    std                  | 0.504       |
|    value_loss           | 0.171       |
-----------------------------------------
-----------------------------------------
| rollout/                |             |
|    ep_len_mean          | 140         |
|    ep_rew_mean          | 99.3        |
| time/                   |             |
|    fps                  | 33          |
|    iterations           | 30          |
|    time_elapsed         | 14675       |
|    total_timesteps      | 491520      |
| train/                  |             |
|    approx_kl            | 0.021928184 |
|    clip_fraction        | 0.206       |
|    clip_range           | 0.2         |
|    entropy_loss         | -1.45       |
|    explained_variance   | 0.249       |
|    learning_rate        | 0.0003      |
|    loss                 | 0.0433      |
|    n_updates            | 290         |
|    policy_gradient_loss | 0.00405     |
|    std                  | 0.499       |
|    value_loss           | 0.106       |
-----------------------------------------
-----------------------------------------
| rollout/                |             |
|    ep_len_mean          | 140         |
|    ep_rew_mean          | 99.5        |
| time/                   |             |
|    fps                  | 33          |
|    iterations           | 31          |
|    time_elapsed         | 15128       |
|    total_timesteps      | 507904      |
| train/                  |             |
|    approx_kl            | 0.023744155 |
|    clip_fraction        | 0.215       |
|    clip_range           | 0.2         |
|    entropy_loss         | -1.42       |
|    explained_variance   | 0.305       |
|    learning_rate        | 0.0003      |
|    loss                 | 0.0255      |
|    n_updates            | 300         |
|    policy_gradient_loss | 0.00143     |
|    std                  | 0.492       |
|    value_loss           | 0.0907      |
-----------------------------------------
-----------------------------------------
| rollout/                |             |
|    ep_len_mean          | 140         |
|    ep_rew_mean          | 99.9        |
| time/                   |             |
|    fps                  | 33          |
|    iterations           | 32          |
|    time_elapsed         | 15579       |
|    total_timesteps      | 524288      |
| train/                  |             |
|    approx_kl            | 0.023444368 |
|    clip_fraction        | 0.218       |
|    clip_range           | 0.2         |
|    entropy_loss         | -1.39       |
|    explained_variance   | 0.28        |
|    learning_rate        | 0.0003      |
|    loss                 | 0.0968      |
|    n_updates            | 310         |
|    policy_gradient_loss | 0.00177     |
|    std                  | 0.484       |
|    value_loss           | 0.0823      |
-----------------------------------------
-----------------------------------------
| rollout/                |             |
|    ep_len_mean          | 140         |
|    ep_rew_mean          | 99.7        |
| time/                   |             |
|    fps                  | 33          |
|    iterations           | 33          |
|    time_elapsed         | 16030       |
|    total_timesteps      | 540672      |
| train/                  |             |
|    approx_kl            | 0.029207379 |
|    clip_fraction        | 0.226       |
|    clip_range           | 0.2         |
|    entropy_loss         | -1.36       |
|    explained_variance   | 0.379       |
|    learning_rate        | 0.0003      |
|    loss                 | 0.0138      |
|    n_updates            | 320         |
|    policy_gradient_loss | 0.00351     |
|    std                  | 0.476       |
|    value_loss           | 0.0664      |
-----------------------------------------
-----------------------------------------
| rollout/                |             |
|    ep_len_mean          | 140         |
|    ep_rew_mean          | 100         |
| time/                   |             |
|    fps                  | 33          |
|    iterations           | 34          |
|    time_elapsed         | 16480       |
|    total_timesteps      | 557056      |
| train/                  |             |
|    approx_kl            | 0.032513447 |
|    clip_fraction        | 0.22        |
|    clip_range           | 0.2         |
|    entropy_loss         | -1.32       |
|    explained_variance   | 0.334       |
|    learning_rate        | 0.0003      |
|    loss                 | 0.00407     |
|    n_updates            | 330         |
|    policy_gradient_loss | 0.00531     |
|    std                  | 0.467       |
|    value_loss           | 0.0759      |
-----------------------------------------
-----------------------------------------
| rollout/                |             |
|    ep_len_mean          | 140         |
|    ep_rew_mean          | 100         |
| time/                   |             |
|    fps                  | 33          |
|    iterations           | 35          |
|    time_elapsed         | 16939       |
|    total_timesteps      | 573440      |
| train/                  |             |
|    approx_kl            | 0.027306806 |
|    clip_fraction        | 0.227       |
|    clip_range           | 0.2         |
|    entropy_loss         | -1.28       |
|    explained_variance   | 0.362       |
|    learning_rate        | 0.0003      |
|    loss                 | 0.0141      |
|    n_updates            | 340         |
|    policy_gradient_loss | 0.00225     |
|    std                  | 0.458       |
|    value_loss           | 0.0573      |
-----------------------------------------
-----------------------------------------
| rollout/                |             |
|    ep_len_mean          | 140         |
|    ep_rew_mean          | 101         |
| time/                   |             |
|    fps                  | 33          |
|    iterations           | 36          |
|    time_elapsed         | 17397       |
|    total_timesteps      | 589824      |
| train/                  |             |
|    approx_kl            | 0.028234271 |
|    clip_fraction        | 0.244       |
|    clip_range           | 0.2         |
|    entropy_loss         | -1.24       |
|    explained_variance   | 0.428       |
|    learning_rate        | 0.0003      |
|    loss                 | 0.0432      |
|    n_updates            | 350         |
|    policy_gradient_loss | -0.000826   |
|    std                  | 0.448       |
|    value_loss           | 0.0431      |
-----------------------------------------
----------------------------------------
| rollout/                |            |
|    ep_len_mean          | 140        |
|    ep_rew_mean          | 101        |
| time/                   |            |
|    fps                  | 33         |
|    iterations           | 37         |
|    time_elapsed         | 17854      |
|    total_timesteps      | 606208     |
| train/                  |            |
|    approx_kl            | 0.02806419 |
|    clip_fraction        | 0.238      |
|    clip_range           | 0.2        |
|    entropy_loss         | -1.19      |
|    explained_variance   | 0.374      |
|    learning_rate        | 0.0003     |
|    loss                 | -0.0272    |
|    n_updates            | 360        |
|    policy_gradient_loss | 0.00182    |
|    std                  | 0.437      |
|    value_loss           | 0.0383     |
----------------------------------------
-----------------------------------------
| rollout/                |             |
|    ep_len_mean          | 140         |
|    ep_rew_mean          | 101         |
| time/                   |             |
|    fps                  | 34          |
|    iterations           | 38          |
|    time_elapsed         | 18309       |
|    total_timesteps      | 622592      |
| train/                  |             |
|    approx_kl            | 0.025896968 |
|    clip_fraction        | 0.26        |
|    clip_range           | 0.2         |
|    entropy_loss         | -1.14       |
|    explained_variance   | 0.348       |
|    learning_rate        | 0.0003      |
|    loss                 | -0.000747   |
|    n_updates            | 370         |
|    policy_gradient_loss | 0.00215     |
|    std                  | 0.425       |
|    value_loss           | 0.0456      |
-----------------------------------------
-----------------------------------------
| rollout/                |             |
|    ep_len_mean          | 140         |
|    ep_rew_mean          | 101         |
| time/                   |             |
|    fps                  | 34          |
|    iterations           | 39          |
|    time_elapsed         | 18766       |
|    total_timesteps      | 638976      |
| train/                  |             |
|    approx_kl            | 0.028224299 |
|    clip_fraction        | 0.257       |
|    clip_range           | 0.2         |
|    entropy_loss         | -1.06       |
|    explained_variance   | 0.388       |
|    learning_rate        | 0.0003      |
|    loss                 | -0.0066     |
|    n_updates            | 380         |
|    policy_gradient_loss | 0.00367     |
|    std                  | 0.408       |
|    value_loss           | 0.0325      |
-----------------------------------------
-----------------------------------------
| rollout/                |             |
|    ep_len_mean          | 140         |
|    ep_rew_mean          | 101         |
| time/                   |             |
|    fps                  | 34          |
|    iterations           | 40          |
|    time_elapsed         | 19222       |
|    total_timesteps      | 655360      |
| train/                  |             |
|    approx_kl            | 0.032401834 |
|    clip_fraction        | 0.247       |
|    clip_range           | 0.2         |
|    entropy_loss         | -1.01       |
|    explained_variance   | 0.435       |
|    learning_rate        | 0.0003      |
|    loss                 | -0.00828    |
|    n_updates            | 390         |
|    policy_gradient_loss | 0.00184     |
|    std                  | 0.399       |
|    value_loss           | 0.03        |
-----------------------------------------
----------------------------------------
| rollout/                |            |
|    ep_len_mean          | 140        |
|    ep_rew_mean          | 101        |
| time/                   |            |
|    fps                  | 34         |
|    iterations           | 41         |
|    time_elapsed         | 19676      |
|    total_timesteps      | 671744     |
| train/                  |            |
|    approx_kl            | 0.06477251 |
|    clip_fraction        | 0.256      |
|    clip_range           | 0.2        |
|    entropy_loss         | -0.962     |
|    explained_variance   | 0.491      |
|    learning_rate        | 0.0003     |
|    loss                 | 0.0469     |
|    n_updates            | 400        |
|    policy_gradient_loss | 0.00691    |
|    std                  | 0.391      |
|    value_loss           | 0.0212     |
----------------------------------------
-----------------------------------------
| rollout/                |             |
|    ep_len_mean          | 140         |
|    ep_rew_mean          | 100         |
| time/                   |             |
|    fps                  | 34          |
|    iterations           | 42          |
|    time_elapsed         | 20133       |
|    total_timesteps      | 688128      |
| train/                  |             |
|    approx_kl            | 0.030604066 |
|    clip_fraction        | 0.23        |
|    clip_range           | 0.2         |
|    entropy_loss         | -0.929      |
|    explained_variance   | 0.44        |
|    learning_rate        | 0.0003      |
|    loss                 | -0.00243    |
|    n_updates            | 410         |
|    policy_gradient_loss | 0.00305     |
|    std                  | 0.383       |
|    value_loss           | 0.0294      |
-----------------------------------------
----------------------------------------
| rollout/                |            |
|    ep_len_mean          | 140        |
|    ep_rew_mean          | 101        |
| time/                   |            |
|    fps                  | 34         |
|    iterations           | 43         |
|    time_elapsed         | 20591      |
|    total_timesteps      | 704512     |
| train/                  |            |
|    approx_kl            | 0.09280697 |
|    clip_fraction        | 0.228      |
|    clip_range           | 0.2        |
|    entropy_loss         | -0.892     |
|    explained_variance   | 0.523      |
|    learning_rate        | 0.0003     |
|    loss                 | 0.0078     |
|    n_updates            | 420        |
|    policy_gradient_loss | 0.00115    |
|    std                  | 0.374      |
|    value_loss           | 0.192      |
----------------------------------------
-----------------------------------------
| rollout/                |             |
|    ep_len_mean          | 140         |
|    ep_rew_mean          | 102         |
| time/                   |             |
|    fps                  | 34          |
|    iterations           | 44          |
|    time_elapsed         | 21050       |
|    total_timesteps      | 720896      |
| train/                  |             |
|    approx_kl            | 0.031482294 |
|    clip_fraction        | 0.244       |
|    clip_range           | 0.2         |
|    entropy_loss         | -0.841      |
|    explained_variance   | 0.329       |
|    learning_rate        | 0.0003      |
|    loss                 | 0.0323      |
|    n_updates            | 430         |
|    policy_gradient_loss | 0.00338     |
|    std                  | 0.366       |
|    value_loss           | 0.025       |
-----------------------------------------
-----------------------------------------
| rollout/                |             |
|    ep_len_mean          | 140         |
|    ep_rew_mean          | 102         |
| time/                   |             |
|    fps                  | 34          |
|    iterations           | 45          |
|    time_elapsed         | 21508       |
|    total_timesteps      | 737280      |
| train/                  |             |
|    approx_kl            | 0.038809363 |
|    clip_fraction        | 0.249       |
|    clip_range           | 0.2         |
|    entropy_loss         | -0.777      |
|    explained_variance   | 0.484       |
|    learning_rate        | 0.0003      |
|    loss                 | -0.00101    |
|    n_updates            | 440         |
|    policy_gradient_loss | 0.00409     |
|    std                  | 0.353       |
|    value_loss           | 0.0192      |
-----------------------------------------
-----------------------------------------
| rollout/                |             |
|    ep_len_mean          | 140         |
|    ep_rew_mean          | 101         |
| time/                   |             |
|    fps                  | 34          |
|    iterations           | 46          |
|    time_elapsed         | 21968       |
|    total_timesteps      | 753664      |
| train/                  |             |
|    approx_kl            | 0.027660636 |
|    clip_fraction        | 0.238       |
|    clip_range           | 0.2         |
|    entropy_loss         | -0.731      |
|    explained_variance   | 0.526       |
|    learning_rate        | 0.0003      |
|    loss                 | -0.0003     |
|    n_updates            | 450         |
|    policy_gradient_loss | 0.00397     |
|    std                  | 0.347       |
|    value_loss           | 0.0123      |
-----------------------------------------
-----------------------------------------
| rollout/                |             |
|    ep_len_mean          | 140         |
|    ep_rew_mean          | 101         |
| time/                   |             |
|    fps                  | 34          |
|    iterations           | 47          |
|    time_elapsed         | 22428       |
|    total_timesteps      | 770048      |
| train/                  |             |
|    approx_kl            | 0.048449054 |
|    clip_fraction        | 0.253       |
|    clip_range           | 0.2         |
|    entropy_loss         | -0.684      |
|    explained_variance   | 0.55        |
|    learning_rate        | 0.0003      |
|    loss                 | -0.00053    |
|    n_updates            | 460         |
|    policy_gradient_loss | 0.00539     |
|    std                  | 0.337       |
|    value_loss           | 0.0159      |
-----------------------------------------
-----------------------------------------
| rollout/                |             |
|    ep_len_mean          | 140         |
|    ep_rew_mean          | 102         |
| time/                   |             |
|    fps                  | 34          |
|    iterations           | 48          |
|    time_elapsed         | 22888       |
|    total_timesteps      | 786432      |
| train/                  |             |
|    approx_kl            | 0.036014766 |
|    clip_fraction        | 0.253       |
|    clip_range           | 0.2         |
|    entropy_loss         | -0.607      |
|    explained_variance   | 0.602       |
|    learning_rate        | 0.0003      |
|    loss                 | -0.0136     |
|    n_updates            | 470         |
|    policy_gradient_loss | 0.0018      |
|    std                  | 0.324       |
|    value_loss           | 0.0155      |
-----------------------------------------
----------------------------------------
| rollout/                |            |
|    ep_len_mean          | 140        |
|    ep_rew_mean          | 102        |
| time/                   |            |
|    fps                  | 34         |
|    iterations           | 49         |
|    time_elapsed         | 23344      |
|    total_timesteps      | 802816     |
| train/                  |            |
|    approx_kl            | 0.03327119 |
|    clip_fraction        | 0.259      |
|    clip_range           | 0.2        |
|    entropy_loss         | -0.524     |
|    explained_variance   | 0.57       |
|    learning_rate        | 0.0003     |
|    loss                 | 0.0051     |
|    n_updates            | 480        |
|    policy_gradient_loss | 0.00205    |
|    std                  | 0.312      |
|    value_loss           | 0.0113     |
----------------------------------------
-----------------------------------------
| rollout/                |             |
|    ep_len_mean          | 140         |
|    ep_rew_mean          | 102         |
| time/                   |             |
|    fps                  | 34          |
|    iterations           | 50          |
|    time_elapsed         | 23803       |
|    total_timesteps      | 819200      |
| train/                  |             |
|    approx_kl            | 0.041118465 |
|    clip_fraction        | 0.248       |
|    clip_range           | 0.2         |
|    entropy_loss         | -0.471      |
|    explained_variance   | 0.548       |
|    learning_rate        | 0.0003      |
|    loss                 | -0.0206     |
|    n_updates            | 490         |
|    policy_gradient_loss | -0.00041    |
|    std                  | 0.303       |
|    value_loss           | 0.0171      |
-----------------------------------------
---------------------------------------
| rollout/                |           |
|    ep_len_mean          | 140       |
|    ep_rew_mean          | 102       |
| time/                   |           |
|    fps                  | 34        |
|    iterations           | 51        |
|    time_elapsed         | 24261     |
|    total_timesteps      | 835584    |
| train/                  |           |
|    approx_kl            | 0.0282867 |
|    clip_fraction        | 0.256     |
|    clip_range           | 0.2       |
|    entropy_loss         | -0.401    |
|    explained_variance   | 0.547     |
|    learning_rate        | 0.0003    |
|    loss                 | -0.011    |
|    n_updates            | 500       |
|    policy_gradient_loss | 0.00547   |
|    std                  | 0.29      |
|    value_loss           | 0.0169    |
---------------------------------------
-----------------------------------------
| rollout/                |             |
|    ep_len_mean          | 140         |
|    ep_rew_mean          | 102         |
| time/                   |             |
|    fps                  | 34          |
|    iterations           | 52          |
|    time_elapsed         | 24717       |
|    total_timesteps      | 851968      |
| train/                  |             |
|    approx_kl            | 0.036141507 |
|    clip_fraction        | 0.295       |
|    clip_range           | 0.2         |
|    entropy_loss         | -0.318      |
|    explained_variance   | 0.61        |
|    learning_rate        | 0.0003      |
|    loss                 | 0.00504     |
|    n_updates            | 510         |
|    policy_gradient_loss | 0.00496     |
|    std                  | 0.28        |
|    value_loss           | 0.0123      |
-----------------------------------------
-----------------------------------------
| rollout/                |             |
|    ep_len_mean          | 140         |
|    ep_rew_mean          | 102         |
| time/                   |             |
|    fps                  | 34          |
|    iterations           | 53          |
|    time_elapsed         | 25172       |
|    total_timesteps      | 868352      |
| train/                  |             |
|    approx_kl            | 0.030341096 |
|    clip_fraction        | 0.256       |
|    clip_range           | 0.2         |
|    entropy_loss         | -0.238      |
|    explained_variance   | 0.529       |
|    learning_rate        | 0.0003      |
|    loss                 | -0.00553    |
|    n_updates            | 520         |
|    policy_gradient_loss | 0.00248     |
|    std                  | 0.269       |
|    value_loss           | 0.00999     |
-----------------------------------------
----------------------------------------
| rollout/                |            |
|    ep_len_mean          | 140        |
|    ep_rew_mean          | 102        |
| time/                   |            |
|    fps                  | 34         |
|    iterations           | 54         |
|    time_elapsed         | 25628      |
|    total_timesteps      | 884736     |
| train/                  |            |
|    approx_kl            | 0.03246293 |
|    clip_fraction        | 0.262      |
|    clip_range           | 0.2        |
|    entropy_loss         | -0.173     |
|    explained_variance   | 0.571      |
|    learning_rate        | 0.0003     |
|    loss                 | -0.0107    |
|    n_updates            | 530        |
|    policy_gradient_loss | 0.00527    |
|    std                  | 0.261      |
|    value_loss           | 0.0099     |
----------------------------------------
-----------------------------------------
| rollout/                |             |
|    ep_len_mean          | 140         |
|    ep_rew_mean          | 102         |
| time/                   |             |
|    fps                  | 34          |
|    iterations           | 55          |
|    time_elapsed         | 26086       |
|    total_timesteps      | 901120      |
| train/                  |             |
|    approx_kl            | 0.033512086 |
|    clip_fraction        | 0.268       |
|    clip_range           | 0.2         |
|    entropy_loss         | -0.131      |
|    explained_variance   | 0.588       |
|    learning_rate        | 0.0003      |
|    loss                 | 0.0521      |
|    n_updates            | 540         |
|    policy_gradient_loss | 0.00542     |
|    std                  | 0.255       |
|    value_loss           | 0.0077      |
-----------------------------------------
-----------------------------------------
| rollout/                |             |
|    ep_len_mean          | 140         |
|    ep_rew_mean          | 102         |
| time/                   |             |
|    fps                  | 34          |
|    iterations           | 56          |
|    time_elapsed         | 26543       |
|    total_timesteps      | 917504      |
| train/                  |             |
|    approx_kl            | 0.037890077 |
|    clip_fraction        | 0.255       |
|    clip_range           | 0.2         |
|    entropy_loss         | -0.0867     |
|    explained_variance   | 0.52        |
|    learning_rate        | 0.0003      |
|    loss                 | 0.0656      |
|    n_updates            | 550         |
|    policy_gradient_loss | 0.00215     |
|    std                  | 0.25        |
|    value_loss           | 0.0128      |
-----------------------------------------
-----------------------------------------
| rollout/                |             |
|    ep_len_mean          | 140         |
|    ep_rew_mean          | 102         |
| time/                   |             |
|    fps                  | 34          |
|    iterations           | 57          |
|    time_elapsed         | 26998       |
|    total_timesteps      | 933888      |
| train/                  |             |
|    approx_kl            | 0.035907112 |
|    clip_fraction        | 0.251       |
|    clip_range           | 0.2         |
|    entropy_loss         | -0.0225     |
|    explained_variance   | 0.548       |
|    learning_rate        | 0.0003      |
|    loss                 | 0.0181      |
|    n_updates            | 560         |
|    policy_gradient_loss | 0.00661     |
|    std                  | 0.243       |
|    value_loss           | 0.0104      |
-----------------------------------------
-----------------------------------------
| rollout/                |             |
|    ep_len_mean          | 140         |
|    ep_rew_mean          | 102         |
| time/                   |             |
|    fps                  | 34          |
|    iterations           | 58          |
|    time_elapsed         | 27456       |
|    total_timesteps      | 950272      |
| train/                  |             |
|    approx_kl            | 0.047553338 |
|    clip_fraction        | 0.259       |
|    clip_range           | 0.2         |
|    entropy_loss         | 0.0356      |
|    explained_variance   | 0.581       |
|    learning_rate        | 0.0003      |
|    loss                 | 0.00345     |
|    n_updates            | 570         |
|    policy_gradient_loss | -0.000172   |
|    std                  | 0.234       |
|    value_loss           | 0.0114      |
-----------------------------------------
-----------------------------------------
| rollout/                |             |
|    ep_len_mean          | 140         |
|    ep_rew_mean          | 102         |
| time/                   |             |
|    fps                  | 34          |
|    iterations           | 59          |
|    time_elapsed         | 27913       |
|    total_timesteps      | 966656      |
| train/                  |             |
|    approx_kl            | 0.064362615 |
|    clip_fraction        | 0.269       |
|    clip_range           | 0.2         |
|    entropy_loss         | 0.126       |
|    explained_variance   | 0.435       |
|    learning_rate        | 0.0003      |
|    loss                 | 0.00515     |
|    n_updates            | 580         |
|    policy_gradient_loss | 0.00778     |
|    std                  | 0.223       |
|    value_loss           | 0.0269      |
-----------------------------------------
----------------------------------------
| rollout/                |            |
|    ep_len_mean          | 140        |
|    ep_rew_mean          | 102        |
| time/                   |            |
|    fps                  | 34         |
|    iterations           | 60         |
|    time_elapsed         | 28373      |
|    total_timesteps      | 983040     |
| train/                  |            |
|    approx_kl            | 0.04486412 |
|    clip_fraction        | 0.275      |
|    clip_range           | 0.2        |
|    entropy_loss         | 0.182      |
|    explained_variance   | 0.531      |
|    learning_rate        | 0.0003     |
|    loss                 | -0.00235   |
|    n_updates            | 590        |
|    policy_gradient_loss | 0.00623    |
|    std                  | 0.217      |
|    value_loss           | 0.0102     |
----------------------------------------
-----------------------------------------
| rollout/                |             |
|    ep_len_mean          | 140         |
|    ep_rew_mean          | 102         |
| time/                   |             |
|    fps                  | 34          |
|    iterations           | 61          |
|    time_elapsed         | 28833       |
|    total_timesteps      | 999424      |
| train/                  |             |
|    approx_kl            | 0.042314574 |
|    clip_fraction        | 0.256       |
|    clip_range           | 0.2         |
|    entropy_loss         | 0.25        |
|    explained_variance   | 0.385       |
|    learning_rate        | 0.0003      |
|    loss                 | 0.00662     |
|    n_updates            | 600         |
|    policy_gradient_loss | 0.00858     |
|    std                  | 0.211       |
|    value_loss           | 0.00956     |
-----------------------------------------
----------------------------------------
| rollout/                |            |
|    ep_len_mean          | 140        |
|    ep_rew_mean          | 102        |
| time/                   |            |
|    fps                  | 34         |
|    iterations           | 62         |
|    time_elapsed         | 29293      |
|    total_timesteps      | 1015808    |
| train/                  |            |
|    approx_kl            | 0.03959074 |
|    clip_fraction        | 0.255      |
|    clip_range           | 0.2        |
|    entropy_loss         | 0.311      |
|    explained_variance   | 0.498      |
|    learning_rate        | 0.0003     |
|    loss                 | 0.000254   |
|    n_updates            | 610        |
|    policy_gradient_loss | 0.00804    |
|    std                  | 0.205      |
|    value_loss           | 0.00858    |
----------------------------------------
ppo_attn_highway_lanechange_dense_v2_seed1 obs shape: (15, 5) action space: Box(-1.0, 1.0, (2,), float32)
Using cpu device
Logging to runs/tb/ppo_attn_highway_lanechange_dense_v2_seed1_1
---------------------------------
| rollout/           |          |
|    ep_len_mean     | 140      |
|    ep_rew_mean     | 7.66     |
| time/              |          |
|    fps             | 36       |
|    iterations      | 1        |
|    time_elapsed    | 450      |
|    total_timesteps | 16384    |
---------------------------------
------------------------------------------
| rollout/                |              |
|    ep_len_mean          | 139          |
|    ep_rew_mean          | 6.47         |
| time/                   |              |
|    fps                  | 36           |
|    iterations           | 2            |
|    time_elapsed         | 909          |
|    total_timesteps      | 32768        |
| train/                  |              |
|    approx_kl            | 0.0035925996 |
|    clip_fraction        | 0.0178       |
|    clip_range           | 0.2          |
|    entropy_loss         | -2.82        |
|    explained_variance   | 0.00439      |
|    learning_rate        | 0.0003       |
|    loss                 | 0.39         |
|    n_updates            | 10           |
|    policy_gradient_loss | -0.00106     |
|    std                  | 0.989        |
|    value_loss           | 1.2          |
------------------------------------------
------------------------------------------
| rollout/                |              |
|    ep_len_mean          | 140          |
|    ep_rew_mean          | 9.31         |
| time/                   |              |
|    fps                  | 35           |
|    iterations           | 3            |
|    time_elapsed         | 1369         |
|    total_timesteps      | 49152        |
| train/                  |              |
|    approx_kl            | 0.0054963767 |
|    clip_fraction        | 0.0512       |
|    clip_range           | 0.2          |
|    entropy_loss         | -2.8         |
|    explained_variance   | 0.248        |
|    learning_rate        | 0.0003       |
|    loss                 | 0.721        |
|    n_updates            | 20           |
|    policy_gradient_loss | -0.00323     |
|    std                  | 0.976        |
|    value_loss           | 1.29         |
------------------------------------------
-----------------------------------------
| rollout/                |             |
|    ep_len_mean          | 140         |
|    ep_rew_mean          | 9.89        |
| time/                   |             |
|    fps                  | 35          |
|    iterations           | 4           |
|    time_elapsed         | 1828        |
|    total_timesteps      | 65536       |
| train/                  |             |
|    approx_kl            | 0.006788109 |
|    clip_fraction        | 0.0729      |
|    clip_range           | 0.2         |
|    entropy_loss         | -2.78       |
|    explained_variance   | 0.245       |
|    learning_rate        | 0.0003      |
|    loss                 | 1.56        |
|    n_updates            | 30          |
|    policy_gradient_loss | -0.0055     |
|    std                  | 0.971       |
|    value_loss           | 1.83        |
-----------------------------------------
-----------------------------------------
| rollout/                |             |
|    ep_len_mean          | 139         |
|    ep_rew_mean          | 11.9        |
| time/                   |             |
|    fps                  | 35          |
|    iterations           | 5           |
|    time_elapsed         | 2282        |
|    total_timesteps      | 81920       |
| train/                  |             |
|    approx_kl            | 0.006456559 |
|    clip_fraction        | 0.0729      |
|    clip_range           | 0.2         |
|    entropy_loss         | -2.77       |
|    explained_variance   | 0.319       |
|    learning_rate        | 0.0003      |
|    loss                 | 1.33        |
|    n_updates            | 40          |
|    policy_gradient_loss | -0.00442    |
|    std                  | 0.962       |
|    value_loss           | 2.14        |
-----------------------------------------
-----------------------------------------
| rollout/                |             |
|    ep_len_mean          | 140         |
|    ep_rew_mean          | 14.3        |
| time/                   |             |
|    fps                  | 35          |
|    iterations           | 6           |
|    time_elapsed         | 2733        |
|    total_timesteps      | 98304       |
| train/                  |             |
|    approx_kl            | 0.007218131 |
|    clip_fraction        | 0.0838      |
|    clip_range           | 0.2         |
|    entropy_loss         | -2.74       |
|    explained_variance   | 0.323       |
|    learning_rate        | 0.0003      |
|    loss                 | 1.23        |
|    n_updates            | 50          |
|    policy_gradient_loss | -0.00425    |
|    std                  | 0.952       |
|    value_loss           | 2.68        |
-----------------------------------------
-----------------------------------------
| rollout/                |             |
|    ep_len_mean          | 140         |
|    ep_rew_mean          | 18          |
| time/                   |             |
|    fps                  | 36          |
|    iterations           | 7           |
|    time_elapsed         | 3181        |
|    total_timesteps      | 114688      |
| train/                  |             |
|    approx_kl            | 0.009493617 |
|    clip_fraction        | 0.104       |
|    clip_range           | 0.2         |
|    entropy_loss         | -2.72       |
|    explained_variance   | 0.366       |
|    learning_rate        | 0.0003      |
|    loss                 | 1.74        |
|    n_updates            | 60          |
|    policy_gradient_loss | -0.00523    |
|    std                  | 0.944       |
|    value_loss           | 3.32        |
-----------------------------------------
-----------------------------------------
| rollout/                |             |
|    ep_len_mean          | 140         |
|    ep_rew_mean          | 22.7        |
| time/                   |             |
|    fps                  | 36          |
|    iterations           | 8           |
|    time_elapsed         | 3632        |
|    total_timesteps      | 131072      |
| train/                  |             |
|    approx_kl            | 0.011730333 |
|    clip_fraction        | 0.135       |
|    clip_range           | 0.2         |
|    entropy_loss         | -2.69       |
|    explained_variance   | 0.403       |
|    learning_rate        | 0.0003      |
|    loss                 | 2.66        |
|    n_updates            | 70          |
|    policy_gradient_loss | -0.00867    |
|    std                  | 0.926       |
|    value_loss           | 4.55        |
-----------------------------------------
-----------------------------------------
| rollout/                |             |
|    ep_len_mean          | 140         |
|    ep_rew_mean          | 26.9        |
| time/                   |             |
|    fps                  | 36          |
|    iterations           | 9           |
|    time_elapsed         | 4080        |
|    total_timesteps      | 147456      |
| train/                  |             |
|    approx_kl            | 0.013445802 |
|    clip_fraction        | 0.157       |
|    clip_range           | 0.2         |
|    entropy_loss         | -2.66       |
|    explained_variance   | 0.381       |
|    learning_rate        | 0.0003      |
|    loss                 | 2.62        |
|    n_updates            | 80          |
|    policy_gradient_loss | -0.0101     |
|    std                  | 0.911       |
|    value_loss           | 5.27        |
-----------------------------------------
-----------------------------------------
| rollout/                |             |
|    ep_len_mean          | 140         |
|    ep_rew_mean          | 37.8        |
| time/                   |             |
|    fps                  | 36          |
|    iterations           | 10          |
|    time_elapsed         | 4526        |
|    total_timesteps      | 163840      |
| train/                  |             |
|    approx_kl            | 0.013159771 |
|    clip_fraction        | 0.162       |
|    clip_range           | 0.2         |
|    entropy_loss         | -2.61       |
|    explained_variance   | 0.5         |
|    learning_rate        | 0.0003      |
|    loss                 | 2.72        |
|    n_updates            | 90          |
|    policy_gradient_loss | -0.00958    |
|    std                  | 0.889       |
|    value_loss           | 5.57        |
-----------------------------------------
-----------------------------------------
| rollout/                |             |
|    ep_len_mean          | 140         |
|    ep_rew_mean          | 43.6        |
| time/                   |             |
|    fps                  | 36          |
|    iterations           | 11          |
|    time_elapsed         | 4974        |
|    total_timesteps      | 180224      |
| train/                  |             |
|    approx_kl            | 0.016349789 |
|    clip_fraction        | 0.184       |
|    clip_range           | 0.2         |
|    entropy_loss         | -2.55       |
|    explained_variance   | 0.5         |
|    learning_rate        | 0.0003      |
|    loss                 | 3.29        |
|    n_updates            | 100         |
|    policy_gradient_loss | -0.0101     |
|    std                  | 0.862       |
|    value_loss           | 6.8         |
-----------------------------------------
----------------------------------------
| rollout/                |            |
|    ep_len_mean          | 140        |
|    ep_rew_mean          | 51.5       |
| time/                   |            |
|    fps                  | 36         |
|    iterations           | 12         |
|    time_elapsed         | 5425       |
|    total_timesteps      | 196608     |
| train/                  |            |
|    approx_kl            | 0.01901839 |
|    clip_fraction        | 0.209      |
|    clip_range           | 0.2        |
|    entropy_loss         | -2.49      |
|    explained_variance   | 0.497      |
|    learning_rate        | 0.0003     |
|    loss                 | 3.3        |
|    n_updates            | 110        |
|    policy_gradient_loss | -0.00878   |
|    std                  | 0.837      |
|    value_loss           | 7.1        |
----------------------------------------
-----------------------------------------
| rollout/                |             |
|    ep_len_mean          | 140         |
|    ep_rew_mean          | 57.4        |
| time/                   |             |
|    fps                  | 36          |
|    iterations           | 13          |
|    time_elapsed         | 5874        |
|    total_timesteps      | 212992      |
| train/                  |             |
|    approx_kl            | 0.018112618 |
|    clip_fraction        | 0.217       |
|    clip_range           | 0.2         |
|    entropy_loss         | -2.43       |
|    explained_variance   | 0.642       |
|    learning_rate        | 0.0003      |
|    loss                 | 3.54        |
|    n_updates            | 120         |
|    policy_gradient_loss | -0.00641    |
|    std                  | 0.813       |
|    value_loss           | 7.24        |
-----------------------------------------
----------------------------------------
| rollout/                |            |
|    ep_len_mean          | 140        |
|    ep_rew_mean          | 67.7       |
| time/                   |            |
|    fps                  | 36         |
|    iterations           | 14         |
|    time_elapsed         | 6320       |
|    total_timesteps      | 229376     |
| train/                  |            |
|    approx_kl            | 0.02256847 |
|    clip_fraction        | 0.242      |
|    clip_range           | 0.2        |
|    entropy_loss         | -2.37      |
|    explained_variance   | 0.74       |
|    learning_rate        | 0.0003     |
|    loss                 | 3.3        |
|    n_updates            | 130        |
|    policy_gradient_loss | -0.00279   |
|    std                  | 0.787      |
|    value_loss           | 7.52       |
----------------------------------------
-----------------------------------------
| rollout/                |             |
|    ep_len_mean          | 140         |
|    ep_rew_mean          | 72.2        |
| time/                   |             |
|    fps                  | 36          |
|    iterations           | 15          |
|    time_elapsed         | 6770        |
|    total_timesteps      | 245760      |
| train/                  |             |
|    approx_kl            | 0.023358759 |
|    clip_fraction        | 0.247       |
|    clip_range           | 0.2         |
|    entropy_loss         | -2.3        |
|    explained_variance   | 0.622       |
|    learning_rate        | 0.0003      |
|    loss                 | 2.58        |
|    n_updates            | 140         |
|    policy_gradient_loss | -0.00202    |
|    std                  | 0.761       |
|    value_loss           | 6           |
-----------------------------------------
----------------------------------------
| rollout/                |            |
|    ep_len_mean          | 140        |
|    ep_rew_mean          | 77.3       |
| time/                   |            |
|    fps                  | 36         |
|    iterations           | 16         |
|    time_elapsed         | 7217       |
|    total_timesteps      | 262144     |
| train/                  |            |
|    approx_kl            | 0.02584575 |
|    clip_fraction        | 0.263      |
|    clip_range           | 0.2        |
|    entropy_loss         | -2.23      |
|    explained_variance   | 0.744      |
|    learning_rate        | 0.0003     |
|    loss                 | 2.44       |
|    n_updates            | 150        |
|    policy_gradient_loss | -0.000642  |
|    std                  | 0.733      |
|    value_loss           | 6.12       |
----------------------------------------
-----------------------------------------
| rollout/                |             |
|    ep_len_mean          | 140         |
|    ep_rew_mean          | 80.6        |
| time/                   |             |
|    fps                  | 36          |
|    iterations           | 17          |
|    time_elapsed         | 7665        |
|    total_timesteps      | 278528      |
| train/                  |             |
|    approx_kl            | 0.027364021 |
|    clip_fraction        | 0.268       |
|    clip_range           | 0.2         |
|    entropy_loss         | -2.17       |
|    explained_variance   | 0.813       |
|    learning_rate        | 0.0003      |
|    loss                 | 1.37        |
|    n_updates            | 160         |
|    policy_gradient_loss | -0.00132    |
|    std                  | 0.715       |
|    value_loss           | 5.37        |
-----------------------------------------
-----------------------------------------
| rollout/                |             |
|    ep_len_mean          | 140         |
|    ep_rew_mean          | 85.4        |
| time/                   |             |
|    fps                  | 36          |
|    iterations           | 18          |
|    time_elapsed         | 8116        |
|    total_timesteps      | 294912      |
| train/                  |             |
|    approx_kl            | 0.025347503 |
|    clip_fraction        | 0.249       |
|    clip_range           | 0.2         |
|    entropy_loss         | -2.11       |
|    explained_variance   | 0.832       |
|    learning_rate        | 0.0003      |
|    loss                 | 1.85        |
|    n_updates            | 170         |
|    policy_gradient_loss | -0.00098    |
|    std                  | 0.688       |
|    value_loss           | 6.56        |
-----------------------------------------
----------------------------------------
| rollout/                |            |
|    ep_len_mean          | 140        |
|    ep_rew_mean          | 89.3       |
| time/                   |            |
|    fps                  | 36         |
|    iterations           | 19         |
|    time_elapsed         | 8570       |
|    total_timesteps      | 311296     |
| train/                  |            |
|    approx_kl            | 0.02766266 |
|    clip_fraction        | 0.255      |
|    clip_range           | 0.2        |
|    entropy_loss         | -2.02      |
|    explained_variance   | -0.2       |
|    learning_rate        | 0.0003     |
|    loss                 | 0.751      |
|    n_updates            | 180        |
|    policy_gradient_loss | -0.00581   |
|    std                  | 0.659      |
|    value_loss           | 2.46       |
----------------------------------------
-----------------------------------------
| rollout/                |             |
|    ep_len_mean          | 140         |
|    ep_rew_mean          | 93.5        |
| time/                   |             |
|    fps                  | 36          |
|    iterations           | 20          |
|    time_elapsed         | 9017        |
|    total_timesteps      | 327680      |
| train/                  |             |
|    approx_kl            | 0.025677865 |
|    clip_fraction        | 0.245       |
|    clip_range           | 0.2         |
|    entropy_loss         | -1.94       |
|    explained_variance   | 0.672       |
|    learning_rate        | 0.0003      |
|    loss                 | 3.55        |
|    n_updates            | 190         |
|    policy_gradient_loss | -0.00131    |
|    std                  | 0.635       |
|    value_loss           | 3.5         |
-----------------------------------------
-----------------------------------------
| rollout/                |             |
|    ep_len_mean          | 140         |
|    ep_rew_mean          | 94.4        |
| time/                   |             |
|    fps                  | 36          |
|    iterations           | 21          |
|    time_elapsed         | 9467        |
|    total_timesteps      | 344064      |
| train/                  |             |
|    approx_kl            | 0.023334429 |
|    clip_fraction        | 0.23        |
|    clip_range           | 0.2         |
|    entropy_loss         | -1.87       |
|    explained_variance   | 0.753       |
|    learning_rate        | 0.0003      |
|    loss                 | 0.476       |
|    n_updates            | 200         |
|    policy_gradient_loss | 0.000584    |
|    std                  | 0.616       |
|    value_loss           | 2.78        |
-----------------------------------------
-----------------------------------------
| rollout/                |             |
|    ep_len_mean          | 140         |
|    ep_rew_mean          | 96          |
| time/                   |             |
|    fps                  | 36          |
|    iterations           | 22          |
|    time_elapsed         | 9915        |
|    total_timesteps      | 360448      |
| train/                  |             |
|    approx_kl            | 0.021733642 |
|    clip_fraction        | 0.225       |
|    clip_range           | 0.2         |
|    entropy_loss         | -1.82       |
|    explained_variance   | 0.857       |
|    learning_rate        | 0.0003      |
|    loss                 | 0.372       |
|    n_updates            | 210         |
|    policy_gradient_loss | 0.000575    |
|    std                  | 0.6         |
|    value_loss           | 2.31        |
-----------------------------------------
-----------------------------------------
| rollout/                |             |
|    ep_len_mean          | 140         |
|    ep_rew_mean          | 97          |
| time/                   |             |
|    fps                  | 36          |
|    iterations           | 23          |
|    time_elapsed         | 10367       |
|    total_timesteps      | 376832      |
| train/                  |             |
|    approx_kl            | 0.020040378 |
|    clip_fraction        | 0.217       |
|    clip_range           | 0.2         |
|    entropy_loss         | -1.76       |
|    explained_variance   | -0.18       |
|    learning_rate        | 0.0003      |
|    loss                 | 0.409       |
|    n_updates            | 220         |
|    policy_gradient_loss | -0.000941   |
|    std                  | 0.579       |
|    value_loss           | 0.749       |
-----------------------------------------
-----------------------------------------
| rollout/                |             |
|    ep_len_mean          | 140         |
|    ep_rew_mean          | 96.7        |
| time/                   |             |
|    fps                  | 36          |
|    iterations           | 24          |
|    time_elapsed         | 10815       |
|    total_timesteps      | 393216      |
| train/                  |             |
|    approx_kl            | 0.022230819 |
|    clip_fraction        | 0.216       |
|    clip_range           | 0.2         |
|    entropy_loss         | -1.69       |
|    explained_variance   | 0.0715      |
|    learning_rate        | 0.0003      |
|    loss                 | 0.353       |
|    n_updates            | 230         |
|    policy_gradient_loss | 0.00119     |
|    std                  | 0.56        |
|    value_loss           | 0.618       |
-----------------------------------------
-----------------------------------------
| rollout/                |             |
|    ep_len_mean          | 140         |
|    ep_rew_mean          | 98.4        |
| time/                   |             |
|    fps                  | 36          |
|    iterations           | 25          |
|    time_elapsed         | 11265       |
|    total_timesteps      | 409600      |
| train/                  |             |
|    approx_kl            | 0.024396505 |
|    clip_fraction        | 0.223       |
|    clip_range           | 0.2         |
|    entropy_loss         | -1.64       |
|    explained_variance   | 0.802       |
|    learning_rate        | 0.0003      |
|    loss                 | 0.152       |
|    n_updates            | 240         |
|    policy_gradient_loss | 0.00259     |
|    std                  | 0.549       |
|    value_loss           | 1.09        |
-----------------------------------------
-----------------------------------------
| rollout/                |             |
|    ep_len_mean          | 140         |
|    ep_rew_mean          | 97.1        |
| time/                   |             |
|    fps                  | 36          |
|    iterations           | 26          |
|    time_elapsed         | 11714       |
|    total_timesteps      | 425984      |
| train/                  |             |
|    approx_kl            | 0.018661119 |
|    clip_fraction        | 0.209       |
|    clip_range           | 0.2         |
|    entropy_loss         | -1.6        |
|    explained_variance   | 0.0625      |
|    learning_rate        | 0.0003      |
|    loss                 | 0.158       |
|    n_updates            | 250         |
|    policy_gradient_loss | 0.00446     |
|    std                  | 0.54        |
|    value_loss           | 0.29        |
-----------------------------------------
----------------------------------------
| rollout/                |            |
|    ep_len_mean          | 140        |
|    ep_rew_mean          | 98.8       |
| time/                   |            |
|    fps                  | 36         |
|    iterations           | 27         |
|    time_elapsed         | 12165      |
|    total_timesteps      | 442368     |
| train/                  |            |
|    approx_kl            | 0.03763699 |
|    clip_fraction        | 0.203      |
|    clip_range           | 0.2        |
|    entropy_loss         | -1.57      |
|    explained_variance   | 0.93       |
|    learning_rate        | 0.0003     |
|    loss                 | 0.149      |
|    n_updates            | 260        |
|    policy_gradient_loss | 0.0036     |
|    std                  | 0.528      |
|    value_loss           | 1          |
----------------------------------------
-----------------------------------------
| rollout/                |             |
|    ep_len_mean          | 140         |
|    ep_rew_mean          | 99.4        |
| time/                   |             |
|    fps                  | 36          |
|    iterations           | 28          |
|    time_elapsed         | 12614       |
|    total_timesteps      | 458752      |
| train/                  |             |
|    approx_kl            | 0.021166682 |
|    clip_fraction        | 0.215       |
|    clip_range           | 0.2         |
|    entropy_loss         | -1.52       |
|    explained_variance   | 0.222       |
|    learning_rate        | 0.0003      |
|    loss                 | 0.0667      |
|    n_updates            | 270         |
|    policy_gradient_loss | 0.00173     |
|    std                  | 0.518       |
|    value_loss           | 0.186       |
-----------------------------------------
-----------------------------------------
| rollout/                |             |
|    ep_len_mean          | 140         |
|    ep_rew_mean          | 99.4        |
| time/                   |             |
|    fps                  | 36          |
|    iterations           | 29          |
|    time_elapsed         | 13063       |
|    total_timesteps      | 475136      |
| train/                  |             |
|    approx_kl            | 0.020940293 |
|    clip_fraction        | 0.219       |
|    clip_range           | 0.2         |
|    entropy_loss         | -1.51       |
|    explained_variance   | 0.124       |
|    learning_rate        | 0.0003      |
|    loss                 | 0.0501      |
|    n_updates            | 280         |
|    policy_gradient_loss | 0.00316     |
|    std                  | 0.516       |
|    value_loss           | 0.141       |
-----------------------------------------
-----------------------------------------
| rollout/                |             |
|    ep_len_mean          | 140         |
|    ep_rew_mean          | 99.4        |
| time/                   |             |
|    fps                  | 36          |
|    iterations           | 30          |
|    time_elapsed         | 13511       |
|    total_timesteps      | 491520      |
| train/                  |             |
|    approx_kl            | 0.018952942 |
|    clip_fraction        | 0.213       |
|    clip_range           | 0.2         |
|    entropy_loss         | -1.47       |
|    explained_variance   | 0.221       |
|    learning_rate        | 0.0003      |
|    loss                 | 0.0122      |
|    n_updates            | 290         |
|    policy_gradient_loss | 0.00201     |
|    std                  | 0.505       |
|    value_loss           | 0.112       |
-----------------------------------------
-----------------------------------------
| rollout/                |             |
|    ep_len_mean          | 140         |
|    ep_rew_mean          | 100         |
| time/                   |             |
|    fps                  | 36          |
|    iterations           | 31          |
|    time_elapsed         | 13965       |
|    total_timesteps      | 507904      |
| train/                  |             |
|    approx_kl            | 0.022685459 |
|    clip_fraction        | 0.228       |
|    clip_range           | 0.2         |
|    entropy_loss         | -1.45       |
|    explained_variance   | 0.268       |
|    learning_rate        | 0.0003      |
|    loss                 | 0.0194      |
|    n_updates            | 300         |
|    policy_gradient_loss | 0.00162     |
|    std                  | 0.5         |
|    value_loss           | 0.0853      |
-----------------------------------------
-----------------------------------------
| rollout/                |             |
|    ep_len_mean          | 140         |
|    ep_rew_mean          | 100         |
| time/                   |             |
|    fps                  | 36          |
|    iterations           | 32          |
|    time_elapsed         | 14419       |
|    total_timesteps      | 524288      |
| train/                  |             |
|    approx_kl            | 0.023335181 |
|    clip_fraction        | 0.217       |
|    clip_range           | 0.2         |
|    entropy_loss         | -1.42       |
|    explained_variance   | 0.246       |
|    learning_rate        | 0.0003      |
|    loss                 | 0.00544     |
|    n_updates            | 310         |
|    policy_gradient_loss | 0.000153    |
|    std                  | 0.494       |
|    value_loss           | 0.0699      |
-----------------------------------------
-----------------------------------------
| rollout/                |             |
|    ep_len_mean          | 140         |
|    ep_rew_mean          | 100         |
| time/                   |             |
|    fps                  | 36          |
|    iterations           | 33          |
|    time_elapsed         | 14873       |
|    total_timesteps      | 540672      |
| train/                  |             |
|    approx_kl            | 0.026385762 |
|    clip_fraction        | 0.232       |
|    clip_range           | 0.2         |
|    entropy_loss         | -1.39       |
|    explained_variance   | 0.279       |
|    learning_rate        | 0.0003      |
|    loss                 | 0.0571      |
|    n_updates            | 320         |
|    policy_gradient_loss | -0.00036    |
|    std                  | 0.484       |
|    value_loss           | 0.0595      |
-----------------------------------------
-----------------------------------------
| rollout/                |             |
|    ep_len_mean          | 140         |
|    ep_rew_mean          | 100         |
| time/                   |             |
|    fps                  | 36          |
|    iterations           | 34          |
|    time_elapsed         | 15325       |
|    total_timesteps      | 557056      |
| train/                  |             |
|    approx_kl            | 0.020957286 |
|    clip_fraction        | 0.235       |
|    clip_range           | 0.2         |
|    entropy_loss         | -1.36       |
|    explained_variance   | 0.285       |
|    learning_rate        | 0.0003      |
|    loss                 | 0.0349      |
|    n_updates            | 330         |
|    policy_gradient_loss | -0.000613   |
|    std                  | 0.478       |
|    value_loss           | 0.0524      |
-----------------------------------------
-----------------------------------------
| rollout/                |             |
|    ep_len_mean          | 140         |
|    ep_rew_mean          | 101         |
| time/                   |             |
|    fps                  | 36          |
|    iterations           | 35          |
|    time_elapsed         | 15777       |
|    total_timesteps      | 573440      |
| train/                  |             |
|    approx_kl            | 0.021394754 |
|    clip_fraction        | 0.235       |
|    clip_range           | 0.2         |
|    entropy_loss         | -1.33       |
|    explained_variance   | 0.297       |
|    learning_rate        | 0.0003      |
|    loss                 | 0.0113      |
|    n_updates            | 340         |
|    policy_gradient_loss | -0.00231    |
|    std                  | 0.471       |
|    value_loss           | 0.0429      |
-----------------------------------------
-----------------------------------------
| rollout/                |             |
|    ep_len_mean          | 140         |
|    ep_rew_mean          | 101         |
| time/                   |             |
|    fps                  | 36          |
|    iterations           | 36          |
|    time_elapsed         | 16227       |
|    total_timesteps      | 589824      |
| train/                  |             |
|    approx_kl            | 0.025955528 |
|    clip_fraction        | 0.231       |
|    clip_range           | 0.2         |
|    entropy_loss         | -1.29       |
|    explained_variance   | 0.264       |
|    learning_rate        | 0.0003      |
|    loss                 | 0.014       |
|    n_updates            | 350         |
|    policy_gradient_loss | 0.000792    |
|    std                  | 0.462       |
|    value_loss           | 0.0369      |
-----------------------------------------
-----------------------------------------
| rollout/                |             |
|    ep_len_mean          | 140         |
|    ep_rew_mean          | 101         |
| time/                   |             |
|    fps                  | 36          |
|    iterations           | 37          |
|    time_elapsed         | 16680       |
|    total_timesteps      | 606208      |
| train/                  |             |
|    approx_kl            | 0.024431475 |
|    clip_fraction        | 0.227       |
|    clip_range           | 0.2         |
|    entropy_loss         | -1.27       |
|    explained_variance   | 0.385       |
|    learning_rate        | 0.0003      |
|    loss                 | 0.0147      |
|    n_updates            | 360         |
|    policy_gradient_loss | -0.00124    |
|    std                  | 0.457       |
|    value_loss           | 0.0417      |
-----------------------------------------
-----------------------------------------
| rollout/                |             |
|    ep_len_mean          | 140         |
|    ep_rew_mean          | 101         |
| time/                   |             |
|    fps                  | 36          |
|    iterations           | 38          |
|    time_elapsed         | 17134       |
|    total_timesteps      | 622592      |
| train/                  |             |
|    approx_kl            | 0.027653635 |
|    clip_fraction        | 0.247       |
|    clip_range           | 0.2         |
|    entropy_loss         | -1.21       |
|    explained_variance   | 0.347       |
|    learning_rate        | 0.0003      |
|    loss                 | 0.0272      |
|    n_updates            | 370         |
|    policy_gradient_loss | 0.000788    |
|    std                  | 0.444       |
|    value_loss           | 0.0318      |
-----------------------------------------
----------------------------------------
| rollout/                |            |
|    ep_len_mean          | 140        |
|    ep_rew_mean          | 101        |
| time/                   |            |
|    fps                  | 36         |
|    iterations           | 39         |
|    time_elapsed         | 17584      |
|    total_timesteps      | 638976     |
| train/                  |            |
|    approx_kl            | 0.03431379 |
|    clip_fraction        | 0.249      |
|    clip_range           | 0.2        |
|    entropy_loss         | -1.17      |
|    explained_variance   | 0.396      |
|    learning_rate        | 0.0003     |
|    loss                 | 0.0125     |
|    n_updates            | 380        |
|    policy_gradient_loss | 0.00122    |
|    std                  | 0.436      |
|    value_loss           | 0.0264     |
----------------------------------------
-----------------------------------------
| rollout/                |             |
|    ep_len_mean          | 140         |
|    ep_rew_mean          | 101         |
| time/                   |             |
|    fps                  | 36          |
|    iterations           | 40          |
|    time_elapsed         | 18032       |
|    total_timesteps      | 655360      |
| train/                  |             |
|    approx_kl            | 0.031281687 |
|    clip_fraction        | 0.249       |
|    clip_range           | 0.2         |
|    entropy_loss         | -1.13       |
|    explained_variance   | 0.433       |
|    learning_rate        | 0.0003      |
|    loss                 | -0.0156     |
|    n_updates            | 390         |
|    policy_gradient_loss | -0.00185    |
|    std                  | 0.426       |
|    value_loss           | 0.0289      |
-----------------------------------------
-----------------------------------------
| rollout/                |             |
|    ep_len_mean          | 140         |
|    ep_rew_mean          | 101         |
| time/                   |             |
|    fps                  | 36          |
|    iterations           | 41          |
|    time_elapsed         | 18481       |
|    total_timesteps      | 671744      |
| train/                  |             |
|    approx_kl            | 0.031783555 |
|    clip_fraction        | 0.269       |
|    clip_range           | 0.2         |
|    entropy_loss         | -1.08       |
|    explained_variance   | 0.419       |
|    learning_rate        | 0.0003      |
|    loss                 | 0.0277      |
|    n_updates            | 400         |
|    policy_gradient_loss | -0.00245    |
|    std                  | 0.416       |
|    value_loss           | 0.0292      |
-----------------------------------------
-----------------------------------------
| rollout/                |             |
|    ep_len_mean          | 140         |
|    ep_rew_mean          | 101         |
| time/                   |             |
|    fps                  | 36          |
|    iterations           | 42          |
|    time_elapsed         | 18929       |
|    total_timesteps      | 688128      |
| train/                  |             |
|    approx_kl            | 0.027609851 |
|    clip_fraction        | 0.256       |
|    clip_range           | 0.2         |
|    entropy_loss         | -1.04       |
|    explained_variance   | 0.474       |
|    learning_rate        | 0.0003      |
|    loss                 | 0.0253      |
|    n_updates            | 410         |
|    policy_gradient_loss | 0.00319     |
|    std                  | 0.406       |
|    value_loss           | 0.0245      |
-----------------------------------------
----------------------------------------
| rollout/                |            |
|    ep_len_mean          | 140        |
|    ep_rew_mean          | 102        |
| time/                   |            |
|    fps                  | 36         |
|    iterations           | 43         |
|    time_elapsed         | 19379      |
|    total_timesteps      | 704512     |
| train/                  |            |
|    approx_kl            | 0.03212164 |
|    clip_fraction        | 0.241      |
|    clip_range           | 0.2        |
|    entropy_loss         | -0.99      |
|    explained_variance   | 0.459      |
|    learning_rate        | 0.0003     |
|    loss                 | -0.00185   |
|    n_updates            | 420        |
|    policy_gradient_loss | 0.0015     |
|    std                  | 0.4        |
|    value_loss           | 0.0244     |
----------------------------------------
-----------------------------------------
| rollout/                |             |
|    ep_len_mean          | 140         |
|    ep_rew_mean          | 102         |
| time/                   |             |
|    fps                  | 36          |
|    iterations           | 44          |
|    time_elapsed         | 19828       |
|    total_timesteps      | 720896      |
| train/                  |             |
|    approx_kl            | 0.029926863 |
|    clip_fraction        | 0.233       |
|    clip_range           | 0.2         |
|    entropy_loss         | -0.956      |
|    explained_variance   | 0.46        |
|    learning_rate        | 0.0003      |
|    loss                 | -0.0134     |
|    n_updates            | 430         |
|    policy_gradient_loss | 0.00156     |
|    std                  | 0.392       |
|    value_loss           | 0.0211      |
-----------------------------------------
-----------------------------------------
| rollout/                |             |
|    ep_len_mean          | 140         |
|    ep_rew_mean          | 102         |
| time/                   |             |
|    fps                  | 36          |
|    iterations           | 45          |
|    time_elapsed         | 20277       |
|    total_timesteps      | 737280      |
| train/                  |             |
|    approx_kl            | 0.027725063 |
|    clip_fraction        | 0.246       |
|    clip_range           | 0.2         |
|    entropy_loss         | -0.912      |
|    explained_variance   | 0.524       |
|    learning_rate        | 0.0003      |
|    loss                 | 0.0163      |
|    n_updates            | 440         |
|    policy_gradient_loss | 0.000264    |
|    std                  | 0.384       |
|    value_loss           | 0.0219      |
-----------------------------------------
-----------------------------------------
| rollout/                |             |
|    ep_len_mean          | 140         |
|    ep_rew_mean          | 102         |
| time/                   |             |
|    fps                  | 36          |
|    iterations           | 46          |
|    time_elapsed         | 20728       |
|    total_timesteps      | 753664      |
| train/                  |             |
|    approx_kl            | 0.023404201 |
|    clip_fraction        | 0.227       |
|    clip_range           | 0.2         |
|    entropy_loss         | -0.881      |
|    explained_variance   | 0.491       |
|    learning_rate        | 0.0003      |
|    loss                 | -0.026      |
|    n_updates            | 450         |
|    policy_gradient_loss | 0.0011      |
|    std                  | 0.379       |
|    value_loss           | 0.0153      |
-----------------------------------------
----------------------------------------
| rollout/                |            |
|    ep_len_mean          | 140        |
|    ep_rew_mean          | 102        |
| time/                   |            |
|    fps                  | 36         |
|    iterations           | 47         |
|    time_elapsed         | 21179      |
|    total_timesteps      | 770048     |
| train/                  |            |
|    approx_kl            | 0.02653899 |
|    clip_fraction        | 0.227      |
|    clip_range           | 0.2        |
|    entropy_loss         | -0.847     |
|    explained_variance   | 0.511      |
|    learning_rate        | 0.0003     |
|    loss                 | 0.0122     |
|    n_updates            | 460        |
|    policy_gradient_loss | -0.000272  |
|    std                  | 0.37       |
|    value_loss           | 0.0125     |
----------------------------------------
-----------------------------------------
| rollout/                |             |
|    ep_len_mean          | 140         |
|    ep_rew_mean          | 102         |
| time/                   |             |
|    fps                  | 36          |
|    iterations           | 48          |
|    time_elapsed         | 21629       |
|    total_timesteps      | 786432      |
| train/                  |             |
|    approx_kl            | 0.028176527 |
|    clip_fraction        | 0.232       |
|    clip_range           | 0.2         |
|    entropy_loss         | -0.795      |
|    explained_variance   | 0.504       |
|    learning_rate        | 0.0003      |
|    loss                 | -0.016      |
|    n_updates            | 470         |
|    policy_gradient_loss | -0.00119    |
|    std                  | 0.361       |
|    value_loss           | 0.0122      |
-----------------------------------------
----------------------------------------
| rollout/                |            |
|    ep_len_mean          | 140        |
|    ep_rew_mean          | 101        |
| time/                   |            |
|    fps                  | 36         |
|    iterations           | 49         |
|    time_elapsed         | 22078      |
|    total_timesteps      | 802816     |
| train/                  |            |
|    approx_kl            | 0.12520884 |
|    clip_fraction        | 0.234      |
|    clip_range           | 0.2        |
|    entropy_loss         | -0.745     |
|    explained_variance   | 0.505      |
|    learning_rate        | 0.0003     |
|    loss                 | -0.00269   |
|    n_updates            | 480        |
|    policy_gradient_loss | 0.00274    |
|    std                  | 0.352      |
|    value_loss           | 0.0166     |
----------------------------------------
-----------------------------------------
| rollout/                |             |
|    ep_len_mean          | 140         |
|    ep_rew_mean          | 102         |
| time/                   |             |
|    fps                  | 36          |
|    iterations           | 50          |
|    time_elapsed         | 22533       |
|    total_timesteps      | 819200      |
| train/                  |             |
|    approx_kl            | 0.074519545 |
|    clip_fraction        | 0.231       |
|    clip_range           | 0.2         |
|    entropy_loss         | -0.679      |
|    explained_variance   | 0.247       |
|    learning_rate        | 0.0003      |
|    loss                 | -0.0146     |
|    n_updates            | 490         |
|    policy_gradient_loss | -0.00208    |
|    std                  | 0.336       |
|    value_loss           | 0.183       |
-----------------------------------------
-----------------------------------------
| rollout/                |             |
|    ep_len_mean          | 140         |
|    ep_rew_mean          | 102         |
| time/                   |             |
|    fps                  | 36          |
|    iterations           | 51          |
|    time_elapsed         | 22989       |
|    total_timesteps      | 835584      |
| train/                  |             |
|    approx_kl            | 0.033662573 |
|    clip_fraction        | 0.245       |
|    clip_range           | 0.2         |
|    entropy_loss         | -0.596      |
|    explained_variance   | 0.0976      |
|    learning_rate        | 0.0003      |
|    loss                 | -0.0134     |
|    n_updates            | 500         |
|    policy_gradient_loss | 0.00459     |
|    std                  | 0.325       |
|    value_loss           | 0.0273      |
-----------------------------------------
-----------------------------------------
| rollout/                |             |
|    ep_len_mean          | 140         |
|    ep_rew_mean          | 102         |
| time/                   |             |
|    fps                  | 36          |
|    iterations           | 52          |
|    time_elapsed         | 23443       |
|    total_timesteps      | 851968      |
| train/                  |             |
|    approx_kl            | 0.031370692 |
|    clip_fraction        | 0.252       |
|    clip_range           | 0.2         |
|    entropy_loss         | -0.528      |
|    explained_variance   | 0.482       |
|    learning_rate        | 0.0003      |
|    loss                 | -0.0382     |
|    n_updates            | 510         |
|    policy_gradient_loss | 6.09e-05    |
|    std                  | 0.315       |
|    value_loss           | 0.0181      |
-----------------------------------------
-----------------------------------------
| rollout/                |             |
|    ep_len_mean          | 140         |
|    ep_rew_mean          | 102         |
| time/                   |             |
|    fps                  | 36          |
|    iterations           | 53          |
|    time_elapsed         | 23894       |
|    total_timesteps      | 868352      |
| train/                  |             |
|    approx_kl            | 0.031132225 |
|    clip_fraction        | 0.264       |
|    clip_range           | 0.2         |
|    entropy_loss         | -0.445      |
|    explained_variance   | 0.375       |
|    learning_rate        | 0.0003      |
|    loss                 | 0.00743     |
|    n_updates            | 520         |
|    policy_gradient_loss | 0.00151     |
|    std                  | 0.301       |
|    value_loss           | 0.00847     |
-----------------------------------------
----------------------------------------
| rollout/                |            |
|    ep_len_mean          | 140        |
|    ep_rew_mean          | 102        |
| time/                   |            |
|    fps                  | 36         |
|    iterations           | 54         |
|    time_elapsed         | 24347      |
|    total_timesteps      | 884736     |
| train/                  |            |
|    approx_kl            | 0.03915334 |
|    clip_fraction        | 0.257      |
|    clip_range           | 0.2        |
|    entropy_loss         | -0.368     |
|    explained_variance   | 0.456      |
|    learning_rate        | 0.0003     |
|    loss                 | -0.00703   |
|    n_updates            | 530        |
|    policy_gradient_loss | 0.00327    |
|    std                  | 0.29       |
|    value_loss           | 0.0142     |
----------------------------------------
-----------------------------------------
| rollout/                |             |
|    ep_len_mean          | 140         |
|    ep_rew_mean          | 102         |
| time/                   |             |
|    fps                  | 36          |
|    iterations           | 55          |
|    time_elapsed         | 24800       |
|    total_timesteps      | 901120      |
| train/                  |             |
|    approx_kl            | 0.036317494 |
|    clip_fraction        | 0.266       |
|    clip_range           | 0.2         |
|    entropy_loss         | -0.313      |
|    explained_variance   | 0.479       |
|    learning_rate        | 0.0003      |
|    loss                 | 0.00272     |
|    n_updates            | 540         |
|    policy_gradient_loss | 0.00402     |
|    std                  | 0.284       |
|    value_loss           | 0.00976     |
-----------------------------------------
-----------------------------------------
| rollout/                |             |
|    ep_len_mean          | 140         |
|    ep_rew_mean          | 102         |
| time/                   |             |
|    fps                  | 36          |
|    iterations           | 56          |
|    time_elapsed         | 25253       |
|    total_timesteps      | 917504      |
| train/                  |             |
|    approx_kl            | 0.039304145 |
|    clip_fraction        | 0.263       |
|    clip_range           | 0.2         |
|    entropy_loss         | -0.256      |
|    explained_variance   | 0.504       |
|    learning_rate        | 0.0003      |
|    loss                 | -0.00159    |
|    n_updates            | 550         |
|    policy_gradient_loss | 0.00796     |
|    std                  | 0.274       |
|    value_loss           | 0.0079      |
-----------------------------------------
----------------------------------------
| rollout/                |            |
|    ep_len_mean          | 140        |
|    ep_rew_mean          | 102        |
| time/                   |            |
|    fps                  | 36         |
|    iterations           | 57         |
|    time_elapsed         | 25708      |
|    total_timesteps      | 933888     |
| train/                  |            |
|    approx_kl            | 0.03335228 |
|    clip_fraction        | 0.249      |
|    clip_range           | 0.2        |
|    entropy_loss         | -0.178     |
|    explained_variance   | 0.473      |
|    learning_rate        | 0.0003     |
|    loss                 | 0.0697     |
|    n_updates            | 560        |
|    policy_gradient_loss | 0.00153    |
|    std                  | 0.263      |
|    value_loss           | 0.0118     |
----------------------------------------
-----------------------------------------
| rollout/                |             |
|    ep_len_mean          | 140         |
|    ep_rew_mean          | 102         |
| time/                   |             |
|    fps                  | 36          |
|    iterations           | 58          |
|    time_elapsed         | 26165       |
|    total_timesteps      | 950272      |
| train/                  |             |
|    approx_kl            | 0.030479826 |
|    clip_fraction        | 0.273       |
|    clip_range           | 0.2         |
|    entropy_loss         | -0.0991     |
|    explained_variance   | 0.565       |
|    learning_rate        | 0.0003      |
|    loss                 | -0.0142     |
|    n_updates            | 570         |
|    policy_gradient_loss | 0.00332     |
|    std                  | 0.254       |
|    value_loss           | 0.00557     |
-----------------------------------------
-----------------------------------------
| rollout/                |             |
|    ep_len_mean          | 140         |
|    ep_rew_mean          | 102         |
| time/                   |             |
|    fps                  | 36          |
|    iterations           | 59          |
|    time_elapsed         | 26623       |
|    total_timesteps      | 966656      |
| train/                  |             |
|    approx_kl            | 0.036983818 |
|    clip_fraction        | 0.267       |
|    clip_range           | 0.2         |
|    entropy_loss         | -0.078      |
|    explained_variance   | 0.508       |
|    learning_rate        | 0.0003      |
|    loss                 | -0.0356     |
|    n_updates            | 580         |
|    policy_gradient_loss | 0.0059      |
|    std                  | 0.252       |
|    value_loss           | 0.011       |
-----------------------------------------
-----------------------------------------
| rollout/                |             |
|    ep_len_mean          | 140         |
|    ep_rew_mean          | 102         |
| time/                   |             |
|    fps                  | 36          |
|    iterations           | 60          |
|    time_elapsed         | 27079       |
|    total_timesteps      | 983040      |
| train/                  |             |
|    approx_kl            | 0.034216784 |
|    clip_fraction        | 0.268       |
|    clip_range           | 0.2         |
|    entropy_loss         | -0.0325     |
|    explained_variance   | 0.521       |
|    learning_rate        | 0.0003      |
|    loss                 | -0.0163     |
|    n_updates            | 590         |
|    policy_gradient_loss | -0.000225   |
|    std                  | 0.246       |
|    value_loss           | 0.00671     |
-----------------------------------------
---------------------------------------
| rollout/                |           |
|    ep_len_mean          | 140       |
|    ep_rew_mean          | 102       |
| time/                   |           |
|    fps                  | 36        |
|    iterations           | 61        |
|    time_elapsed         | 27534     |
|    total_timesteps      | 999424    |
| train/                  |           |
|    approx_kl            | 0.0398324 |
|    clip_fraction        | 0.269     |
|    clip_range           | 0.2       |
|    entropy_loss         | 0.00518   |
|    explained_variance   | 0.575     |
|    learning_rate        | 0.0003    |
|    loss                 | -0.000733 |
|    n_updates            | 600       |
|    policy_gradient_loss | 0.00588   |
|    std                  | 0.241     |
|    value_loss           | 0.00561   |
---------------------------------------
-----------------------------------------
| rollout/                |             |
|    ep_len_mean          | 140         |
|    ep_rew_mean          | 102         |
| time/                   |             |
|    fps                  | 36          |
|    iterations           | 62          |
|    time_elapsed         | 27988       |
|    total_timesteps      | 1015808     |
| train/                  |             |
|    approx_kl            | 0.033313643 |
|    clip_fraction        | 0.272       |
|    clip_range           | 0.2         |
|    entropy_loss         | 0.075       |
|    explained_variance   | 0.551       |
|    learning_rate        | 0.0003      |
|    loss                 | 0.0265      |
|    n_updates            | 610         |
|    policy_gradient_loss | 0.00392     |
|    std                  | 0.232       |
|    value_loss           | 0.00699     |
-----------------------------------------
ppo_attn_highway_lanechange_dense_v2_seed2 obs shape: (15, 5) action space: Box(-1.0, 1.0, (2,), float32)
Using cpu device
Logging to runs/tb/ppo_attn_highway_lanechange_dense_v2_seed2_1
---------------------------------
| rollout/           |          |
|    ep_len_mean     | 140      |
|    ep_rew_mean     | 8.16     |
| time/              |          |
|    fps             | 36       |
|    iterations      | 1        |
|    time_elapsed    | 446      |
|    total_timesteps | 16384    |
---------------------------------
------------------------------------------
| rollout/                |              |
|    ep_len_mean          | 140          |
|    ep_rew_mean          | 8.29         |
| time/                   |              |
|    fps                  | 36           |
|    iterations           | 2            |
|    time_elapsed         | 900          |
|    total_timesteps      | 32768        |
| train/                  |              |
|    approx_kl            | 0.0032827756 |
|    clip_fraction        | 0.0215       |
|    clip_range           | 0.2          |
|    entropy_loss         | -2.85        |
|    explained_variance   | -0.00771     |
|    learning_rate        | 0.0003       |
|    loss                 | 0.298        |
|    n_updates            | 10           |
|    policy_gradient_loss | -0.00158     |
|    std                  | 1            |
|    value_loss           | 1.36         |
------------------------------------------
-----------------------------------------
| rollout/                |             |
|    ep_len_mean          | 140         |
|    ep_rew_mean          | 8.87        |
| time/                   |             |
|    fps                  | 36          |
|    iterations           | 3           |
|    time_elapsed         | 1355        |
|    total_timesteps      | 49152       |
| train/                  |             |
|    approx_kl            | 0.004699338 |
|    clip_fraction        | 0.0437      |
|    clip_range           | 0.2         |
|    entropy_loss         | -2.83       |
|    explained_variance   | 0.269       |
|    learning_rate        | 0.0003      |
|    loss                 | 0.945       |
|    n_updates            | 20          |
|    policy_gradient_loss | -0.00296    |
|    std                  | 0.995       |
|    value_loss           | 1.66        |
-----------------------------------------
------------------------------------------
| rollout/                |              |
|    ep_len_mean          | 140          |
|    ep_rew_mean          | 10.4         |
| time/                   |              |
|    fps                  | 36           |
|    iterations           | 4            |
|    time_elapsed         | 1811         |
|    total_timesteps      | 65536        |
| train/                  |              |
|    approx_kl            | 0.0056608617 |
|    clip_fraction        | 0.0591       |
|    clip_range           | 0.2          |
|    entropy_loss         | -2.82        |
|    explained_variance   | 0.331        |
|    learning_rate        | 0.0003       |
|    loss                 | 1.04         |
|    n_updates            | 30           |
|    policy_gradient_loss | -0.00362     |
|    std                  | 0.991        |
|    value_loss           | 1.75         |
------------------------------------------
-----------------------------------------
| rollout/                |             |
|    ep_len_mean          | 140         |
|    ep_rew_mean          | 12.3        |
| time/                   |             |
|    fps                  | 36          |
|    iterations           | 5           |
|    time_elapsed         | 2266        |
|    total_timesteps      | 81920       |
| train/                  |             |
|    approx_kl            | 0.008176804 |
|    clip_fraction        | 0.0883      |
|    clip_range           | 0.2         |
|    entropy_loss         | -2.8        |
|    explained_variance   | 0.369       |
|    learning_rate        | 0.0003      |
|    loss                 | 1.51        |
|    n_updates            | 40          |
|    policy_gradient_loss | -0.00468    |
|    std                  | 0.98        |
|    value_loss           | 2.43        |
-----------------------------------------
------------------------------------------
| rollout/                |              |
|    ep_len_mean          | 140          |
|    ep_rew_mean          | 13.1         |
| time/                   |              |
|    fps                  | 36           |
|    iterations           | 6            |
|    time_elapsed         | 2726         |
|    total_timesteps      | 98304        |
| train/                  |              |
|    approx_kl            | 0.0083299335 |
|    clip_fraction        | 0.0962       |
|    clip_range           | 0.2          |
|    entropy_loss         | -2.77        |
|    explained_variance   | 0.382        |
|    learning_rate        | 0.0003       |
|    loss                 | 1.41         |
|    n_updates            | 50           |
|    policy_gradient_loss | -0.00559     |
|    std                  | 0.967        |
|    value_loss           | 2.54         |
------------------------------------------
-----------------------------------------
| rollout/                |             |
|    ep_len_mean          | 140         |
|    ep_rew_mean          | 20.2        |
| time/                   |             |
|    fps                  | 35          |
|    iterations           | 7           |
|    time_elapsed         | 3186        |
|    total_timesteps      | 114688      |
| train/                  |             |
|    approx_kl            | 0.009222212 |
|    clip_fraction        | 0.113       |
|    clip_range           | 0.2         |
|    entropy_loss         | -2.73       |
|    explained_variance   | 0.411       |
|    learning_rate        | 0.0003      |
|    loss                 | 1.12        |
|    n_updates            | 60          |
|    policy_gradient_loss | -0.00678    |
|    std                  | 0.947       |
|    value_loss           | 2.75        |
-----------------------------------------
-----------------------------------------
| rollout/                |             |
|    ep_len_mean          | 140         |
|    ep_rew_mean          | 23.7        |
| time/                   |             |
|    fps                  | 35          |
|    iterations           | 8           |
|    time_elapsed         | 3648        |
|    total_timesteps      | 131072      |
| train/                  |             |
|    approx_kl            | 0.011213308 |
|    clip_fraction        | 0.125       |
|    clip_range           | 0.2         |
|    entropy_loss         | -2.7        |
|    explained_variance   | 0.338       |
|    learning_rate        | 0.0003      |
|    loss                 | 2.97        |
|    n_updates            | 70          |
|    policy_gradient_loss | -0.00776    |
|    std                  | 0.928       |
|    value_loss           | 4.6         |
-----------------------------------------
-----------------------------------------
| rollout/                |             |
|    ep_len_mean          | 140         |
|    ep_rew_mean          | 31.9        |
| time/                   |             |
|    fps                  | 35          |
|    iterations           | 9           |
|    time_elapsed         | 4107        |
|    total_timesteps      | 147456      |
| train/                  |             |
|    approx_kl            | 0.012691113 |
|    clip_fraction        | 0.159       |
|    clip_range           | 0.2         |
|    entropy_loss         | -2.65       |
|    explained_variance   | 0.417       |
|    learning_rate        | 0.0003      |
|    loss                 | 2.58        |
|    n_updates            | 80          |
|    policy_gradient_loss | -0.0093     |
|    std                  | 0.909       |
|    value_loss           | 4.63        |
-----------------------------------------
-----------------------------------------
| rollout/                |             |
|    ep_len_mean          | 140         |
|    ep_rew_mean          | 37          |
| time/                   |             |
|    fps                  | 35          |
|    iterations           | 10          |
|    time_elapsed         | 4568        |
|    total_timesteps      | 163840      |
| train/                  |             |
|    approx_kl            | 0.015762832 |
|    clip_fraction        | 0.185       |
|    clip_range           | 0.2         |
|    entropy_loss         | -2.6        |
|    explained_variance   | 0.399       |
|    learning_rate        | 0.0003      |
|    loss                 | 2.86        |
|    n_updates            | 90          |
|    policy_gradient_loss | -0.0138     |
|    std                  | 0.884       |
|    value_loss           | 5.58        |
-----------------------------------------
-----------------------------------------
| rollout/                |             |
|    ep_len_mean          | 140         |
|    ep_rew_mean          | 43.4        |
| time/                   |             |
|    fps                  | 35          |
|    iterations           | 11          |
|    time_elapsed         | 5029        |
|    total_timesteps      | 180224      |
| train/                  |             |
|    approx_kl            | 0.014901037 |
|    clip_fraction        | 0.178       |
|    clip_range           | 0.2         |
|    entropy_loss         | -2.55       |
|    explained_variance   | 0.488       |
|    learning_rate        | 0.0003      |
|    loss                 | 3.55        |
|    n_updates            | 100         |
|    policy_gradient_loss | -0.00904    |
|    std                  | 0.864       |
|    value_loss           | 6.71        |
-----------------------------------------
-----------------------------------------
| rollout/                |             |
|    ep_len_mean          | 140         |
|    ep_rew_mean          | 53          |
| time/                   |             |
|    fps                  | 35          |
|    iterations           | 12          |
|    time_elapsed         | 5491        |
|    total_timesteps      | 196608      |
| train/                  |             |
|    approx_kl            | 0.017377034 |
|    clip_fraction        | 0.2         |
|    clip_range           | 0.2         |
|    entropy_loss         | -2.49       |
|    explained_variance   | 0.453       |
|    learning_rate        | 0.0003      |
|    loss                 | 2.75        |
|    n_updates            | 110         |
|    policy_gradient_loss | -0.0106     |
|    std                  | 0.834       |
|    value_loss           | 5.99        |
-----------------------------------------
-----------------------------------------
| rollout/                |             |
|    ep_len_mean          | 140         |
|    ep_rew_mean          | 58.3        |
| time/                   |             |
|    fps                  | 35          |
|    iterations           | 13          |
|    time_elapsed         | 5951        |
|    total_timesteps      | 212992      |
| train/                  |             |
|    approx_kl            | 0.018199865 |
|    clip_fraction        | 0.224       |
|    clip_range           | 0.2         |
|    entropy_loss         | -2.43       |
|    explained_variance   | 0.326       |
|    learning_rate        | 0.0003      |
|    loss                 | 2.54        |
|    n_updates            | 120         |
|    policy_gradient_loss | -0.0115     |
|    std                  | 0.813       |
|    value_loss           | 5.29        |
-----------------------------------------
-----------------------------------------
| rollout/                |             |
|    ep_len_mean          | 140         |
|    ep_rew_mean          | 64          |
| time/                   |             |
|    fps                  | 35          |
|    iterations           | 14          |
|    time_elapsed         | 6411        |
|    total_timesteps      | 229376      |
| train/                  |             |
|    approx_kl            | 0.019359358 |
|    clip_fraction        | 0.223       |
|    clip_range           | 0.2         |
|    entropy_loss         | -2.37       |
|    explained_variance   | 0.479       |
|    learning_rate        | 0.0003      |
|    loss                 | 2.81        |
|    n_updates            | 130         |
|    policy_gradient_loss | -0.00902    |
|    std                  | 0.787       |
|    value_loss           | 4.76        |
-----------------------------------------
-----------------------------------------
| rollout/                |             |
|    ep_len_mean          | 140         |
|    ep_rew_mean          | 68.6        |
| time/                   |             |
|    fps                  | 35          |
|    iterations           | 15          |
|    time_elapsed         | 6870        |
|    total_timesteps      | 245760      |
| train/                  |             |
|    approx_kl            | 0.019855928 |
|    clip_fraction        | 0.22        |
|    clip_range           | 0.2         |
|    entropy_loss         | -2.31       |
|    explained_variance   | 0.578       |
|    learning_rate        | 0.0003      |
|    loss                 | 3.75        |
|    n_updates            | 140         |
|    policy_gradient_loss | -0.00464    |
|    std                  | 0.763       |
|    value_loss           | 5.68        |
-----------------------------------------
----------------------------------------
| rollout/                |            |
|    ep_len_mean          | 140        |
|    ep_rew_mean          | 75.1       |
| time/                   |            |
|    fps                  | 35         |
|    iterations           | 16         |
|    time_elapsed         | 7319       |
|    total_timesteps      | 262144     |
| train/                  |            |
|    approx_kl            | 0.02561858 |
|    clip_fraction        | 0.256      |
|    clip_range           | 0.2        |
|    entropy_loss         | -2.24      |
|    explained_variance   | 0.578      |
|    learning_rate        | 0.0003     |
|    loss                 | 2.36       |
|    n_updates            | 150        |
|    policy_gradient_loss | -0.00577   |
|    std                  | 0.737      |
|    value_loss           | 5.52       |
----------------------------------------
-----------------------------------------
| rollout/                |             |
|    ep_len_mean          | 140         |
|    ep_rew_mean          | 78.4        |
| time/                   |             |
|    fps                  | 35          |
|    iterations           | 17          |
|    time_elapsed         | 7765        |
|    total_timesteps      | 278528      |
| train/                  |             |
|    approx_kl            | 0.022575477 |
|    clip_fraction        | 0.253       |
|    clip_range           | 0.2         |
|    entropy_loss         | -2.15       |
|    explained_variance   | 0.672       |
|    learning_rate        | 0.0003      |
|    loss                 | 2.16        |
|    n_updates            | 160         |
|    policy_gradient_loss | -0.00544    |
|    std                  | 0.706       |
|    value_loss           | 5.54        |
-----------------------------------------
----------------------------------------
| rollout/                |            |
|    ep_len_mean          | 140        |
|    ep_rew_mean          | 85.5       |
| time/                   |            |
|    fps                  | 35         |
|    iterations           | 18         |
|    time_elapsed         | 8211       |
|    total_timesteps      | 294912     |
| train/                  |            |
|    approx_kl            | 0.02486173 |
|    clip_fraction        | 0.249      |
|    clip_range           | 0.2        |
|    entropy_loss         | -2.09      |
|    explained_variance   | 0.755      |
|    learning_rate        | 0.0003     |
|    loss                 | 2.35       |
|    n_updates            | 170        |
|    policy_gradient_loss | 2.1e-05    |
|    std                  | 0.684      |
|    value_loss           | 7.77       |
----------------------------------------
-----------------------------------------
| rollout/                |             |
|    ep_len_mean          | 140         |
|    ep_rew_mean          | 88.4        |
| time/                   |             |
|    fps                  | 35          |
|    iterations           | 19          |
|    time_elapsed         | 8660        |
|    total_timesteps      | 311296      |
| train/                  |             |
|    approx_kl            | 0.025105726 |
|    clip_fraction        | 0.258       |
|    clip_range           | 0.2         |
|    entropy_loss         | -2.01       |
|    explained_variance   | 0.733       |
|    learning_rate        | 0.0003      |
|    loss                 | 1.51        |
|    n_updates            | 180         |
|    policy_gradient_loss | -0.00382    |
|    std                  | 0.658       |
|    value_loss           | 5.12        |
-----------------------------------------
----------------------------------------
| rollout/                |            |
|    ep_len_mean          | 140        |
|    ep_rew_mean          | 93.8       |
| time/                   |            |
|    fps                  | 35         |
|    iterations           | 20         |
|    time_elapsed         | 9105       |
|    total_timesteps      | 327680     |
| train/                  |            |
|    approx_kl            | 0.02739701 |
|    clip_fraction        | 0.231      |
|    clip_range           | 0.2        |
|    entropy_loss         | -1.96      |
|    explained_variance   | 0.817      |
|    learning_rate        | 0.0003     |
|    loss                 | 1.26       |
|    n_updates            | 190        |
|    policy_gradient_loss | 0.000875   |
|    std                  | 0.638      |
|    value_loss           | 8.59       |
----------------------------------------
-----------------------------------------
| rollout/                |             |
|    ep_len_mean          | 140         |
|    ep_rew_mean          | 91.4        |
| time/                   |             |
|    fps                  | 36          |
|    iterations           | 21          |
|    time_elapsed         | 9557        |
|    total_timesteps      | 344064      |
| train/                  |             |
|    approx_kl            | 0.022813497 |
|    clip_fraction        | 0.233       |
|    clip_range           | 0.2         |
|    entropy_loss         | -1.9        |
|    explained_variance   | 0.725       |
|    learning_rate        | 0.0003      |
|    loss                 | 0.603       |
|    n_updates            | 200         |
|    policy_gradient_loss | 0.00338     |
|    std                  | 0.623       |
|    value_loss           | 3.43        |
-----------------------------------------
----------------------------------------
| rollout/                |            |
|    ep_len_mean          | 140        |
|    ep_rew_mean          | 94.7       |
| time/                   |            |
|    fps                  | 36         |
|    iterations           | 22         |
|    time_elapsed         | 10009      |
|    total_timesteps      | 360448     |
| train/                  |            |
|    approx_kl            | 0.02144672 |
|    clip_fraction        | 0.223      |
|    clip_range           | 0.2        |
|    entropy_loss         | -1.87      |
|    explained_variance   | 0.807      |
|    learning_rate        | 0.0003     |
|    loss                 | 1.23       |
|    n_updates            | 210        |
|    policy_gradient_loss | 0.00359    |
|    std                  | 0.612      |
|    value_loss           | 6.42       |
----------------------------------------
-----------------------------------------
| rollout/                |             |
|    ep_len_mean          | 140         |
|    ep_rew_mean          | 96          |
| time/                   |             |
|    fps                  | 36          |
|    iterations           | 23          |
|    time_elapsed         | 10461       |
|    total_timesteps      | 376832      |
| train/                  |             |
|    approx_kl            | 0.021776652 |
|    clip_fraction        | 0.216       |
|    clip_range           | 0.2         |
|    entropy_loss         | -1.82       |
|    explained_variance   | 0.798       |
|    learning_rate        | 0.0003      |
|    loss                 | 0.275       |
|    n_updates            | 220         |
|    policy_gradient_loss | 0.000774    |
|    std                  | 0.6         |
|    value_loss           | 2.35        |
-----------------------------------------
-----------------------------------------
| rollout/                |             |
|    ep_len_mean          | 140         |
|    ep_rew_mean          | 96          |
| time/                   |             |
|    fps                  | 36          |
|    iterations           | 24          |
|    time_elapsed         | 10909       |
|    total_timesteps      | 393216      |
| train/                  |             |
|    approx_kl            | 0.016821876 |
|    clip_fraction        | 0.191       |
|    clip_range           | 0.2         |
|    entropy_loss         | -1.79       |
|    explained_variance   | 0.075       |
|    learning_rate        | 0.0003      |
|    loss                 | 0.421       |
|    n_updates            | 230         |
|    policy_gradient_loss | 0.00186     |
|    std                  | 0.59        |
|    value_loss           | 0.547       |
-----------------------------------------
-----------------------------------------
| rollout/                |             |
|    ep_len_mean          | 140         |
|    ep_rew_mean          | 98.1        |
| time/                   |             |
|    fps                  | 36          |
|    iterations           | 25          |
|    time_elapsed         | 11358       |
|    total_timesteps      | 409600      |
| train/                  |             |
|    approx_kl            | 0.020739168 |
|    clip_fraction        | 0.198       |
|    clip_range           | 0.2         |
|    entropy_loss         | -1.77       |
|    explained_variance   | 0.849       |
|    learning_rate        | 0.0003      |
|    loss                 | 3.91        |
|    n_updates            | 240         |
|    policy_gradient_loss | 0.002       |
|    std                  | 0.583       |
|    value_loss           | 1.18        |
-----------------------------------------
-----------------------------------------
| rollout/                |             |
|    ep_len_mean          | 140         |
|    ep_rew_mean          | 97.5        |
| time/                   |             |
|    fps                  | 36          |
|    iterations           | 26          |
|    time_elapsed         | 11805       |
|    total_timesteps      | 425984      |
| train/                  |             |
|    approx_kl            | 0.018768605 |
|    clip_fraction        | 0.194       |
|    clip_range           | 0.2         |
|    entropy_loss         | -1.73       |
|    explained_variance   | 0.131       |
|    learning_rate        | 0.0003      |
|    loss                 | 0.19        |
|    n_updates            | 250         |
|    policy_gradient_loss | 0.00227     |
|    std                  | 0.573       |
|    value_loss           | 0.275       |
-----------------------------------------
-----------------------------------------
| rollout/                |             |
|    ep_len_mean          | 140         |
|    ep_rew_mean          | 97.1        |
| time/                   |             |
|    fps                  | 36          |
|    iterations           | 27          |
|    time_elapsed         | 12253       |
|    total_timesteps      | 442368      |
| train/                  |             |
|    approx_kl            | 0.020703113 |
|    clip_fraction        | 0.194       |
|    clip_range           | 0.2         |
|    entropy_loss         | -1.71       |
|    explained_variance   | 0.0593      |
|    learning_rate        | 0.0003      |
|    loss                 | 0.138       |
|    n_updates            | 260         |
|    policy_gradient_loss | 0.00023     |
|    std                  | 0.566       |
|    value_loss           | 0.414       |
-----------------------------------------
-----------------------------------------
| rollout/                |             |
|    ep_len_mean          | 140         |
|    ep_rew_mean          | 94.1        |
| time/                   |             |
|    fps                  | 36          |
|    iterations           | 28          |
|    time_elapsed         | 12700       |
|    total_timesteps      | 458752      |
| train/                  |             |
|    approx_kl            | 0.022219455 |
|    clip_fraction        | 0.197       |
|    clip_range           | 0.2         |
|    entropy_loss         | -1.69       |
|    explained_variance   | 0.922       |
|    learning_rate        | 0.0003      |
|    loss                 | 0.0924      |
|    n_updates            | 270         |
|    policy_gradient_loss | 0.00261     |
|    std                  | 0.56        |
|    value_loss           | 0.896       |
-----------------------------------------
----------------------------------------
| rollout/                |            |
|    ep_len_mean          | 140        |
|    ep_rew_mean          | 98.4       |
| time/                   |            |
|    fps                  | 36         |
|    iterations           | 29         |
|    time_elapsed         | 13148      |
|    total_timesteps      | 475136     |
| train/                  |            |
|    approx_kl            | 0.03402233 |
|    clip_fraction        | 0.186      |
|    clip_range           | 0.2        |
|    entropy_loss         | -1.68      |
|    explained_variance   | 0.935      |
|    learning_rate        | 0.0003     |
|    loss                 | 0.0872     |
|    n_updates            | 280        |
|    policy_gradient_loss | 0.000673   |
|    std                  | 0.559      |
|    value_loss           | 3.63       |
----------------------------------------
-----------------------------------------
| rollout/                |             |
|    ep_len_mean          | 140         |
|    ep_rew_mean          | 98.7        |
| time/                   |             |
|    fps                  | 36          |
|    iterations           | 30          |
|    time_elapsed         | 13595       |
|    total_timesteps      | 491520      |
| train/                  |             |
|    approx_kl            | 0.020473778 |
|    clip_fraction        | 0.203       |
|    clip_range           | 0.2         |
|    entropy_loss         | -1.65       |
|    explained_variance   | 0.238       |
|    learning_rate        | 0.0003      |
|    loss                 | 0.0411      |
|    n_updates            | 290         |
|    policy_gradient_loss | 0.000816    |
|    std                  | 0.551       |
|    value_loss           | 0.177       |
-----------------------------------------
-----------------------------------------
| rollout/                |             |
|    ep_len_mean          | 140         |
|    ep_rew_mean          | 98.7        |
| time/                   |             |
|    fps                  | 36          |
|    iterations           | 31          |
|    time_elapsed         | 14043       |
|    total_timesteps      | 507904      |
| train/                  |             |
|    approx_kl            | 0.022335114 |
|    clip_fraction        | 0.214       |
|    clip_range           | 0.2         |
|    entropy_loss         | -1.62       |
|    explained_variance   | 0.293       |
|    learning_rate        | 0.0003      |
|    loss                 | 0.062       |
|    n_updates            | 300         |
|    policy_gradient_loss | 0.00195     |
|    std                  | 0.544       |
|    value_loss           | 0.103       |
-----------------------------------------
-----------------------------------------
| rollout/                |             |
|    ep_len_mean          | 140         |
|    ep_rew_mean          | 98.7        |
| time/                   |             |
|    fps                  | 36          |
|    iterations           | 32          |
|    time_elapsed         | 14490       |
|    total_timesteps      | 524288      |
| train/                  |             |
|    approx_kl            | 0.026139861 |
|    clip_fraction        | 0.224       |
|    clip_range           | 0.2         |
|    entropy_loss         | -1.61       |
|    explained_variance   | 0.279       |
|    learning_rate        | 0.0003      |
|    loss                 | 0.00891     |
|    n_updates            | 310         |
|    policy_gradient_loss | 0.000952    |
|    std                  | 0.54        |
|    value_loss           | 0.11        |
-----------------------------------------
----------------------------------------
| rollout/                |            |
|    ep_len_mean          | 140        |
|    ep_rew_mean          | 99.2       |
| time/                   |            |
|    fps                  | 36         |
|    iterations           | 33         |
|    time_elapsed         | 14938      |
|    total_timesteps      | 540672     |
| train/                  |            |
|    approx_kl            | 0.02154683 |
|    clip_fraction        | 0.218      |
|    clip_range           | 0.2        |
|    entropy_loss         | -1.58      |
|    explained_variance   | 0.881      |
|    learning_rate        | 0.0003     |
|    loss                 | 0.0399     |
|    n_updates            | 320        |
|    policy_gradient_loss | 0.000732   |
|    std                  | 0.529      |
|    value_loss           | 1.35       |
----------------------------------------
-----------------------------------------
| rollout/                |             |
|    ep_len_mean          | 140         |
|    ep_rew_mean          | 99.8        |
| time/                   |             |
|    fps                  | 36          |
|    iterations           | 34          |
|    time_elapsed         | 15386       |
|    total_timesteps      | 557056      |
| train/                  |             |
|    approx_kl            | 0.021093672 |
|    clip_fraction        | 0.218       |
|    clip_range           | 0.2         |
|    entropy_loss         | -1.55       |
|    explained_variance   | 0.299       |
|    learning_rate        | 0.0003      |
|    loss                 | -0.0297     |
|    n_updates            | 330         |
|    policy_gradient_loss | -0.000219   |
|    std                  | 0.522       |
|    value_loss           | 0.113       |
-----------------------------------------
-----------------------------------------
| rollout/                |             |
|    ep_len_mean          | 140         |
|    ep_rew_mean          | 100         |
| time/                   |             |
|    fps                  | 36          |
|    iterations           | 35          |
|    time_elapsed         | 15835       |
|    total_timesteps      | 573440      |
| train/                  |             |
|    approx_kl            | 0.018675767 |
|    clip_fraction        | 0.222       |
|    clip_range           | 0.2         |
|    entropy_loss         | -1.51       |
|    explained_variance   | 0.308       |
|    learning_rate        | 0.0003      |
|    loss                 | 0.0226      |
|    n_updates            | 340         |
|    policy_gradient_loss | -0.000195   |
|    std                  | 0.51        |
|    value_loss           | 0.0753      |
-----------------------------------------
----------------------------------------
| rollout/                |            |
|    ep_len_mean          | 140        |
|    ep_rew_mean          | 100        |
| time/                   |            |
|    fps                  | 36         |
|    iterations           | 36         |
|    time_elapsed         | 16283      |
|    total_timesteps      | 589824     |
| train/                  |            |
|    approx_kl            | 0.02212955 |
|    clip_fraction        | 0.217      |
|    clip_range           | 0.2        |
|    entropy_loss         | -1.49      |
|    explained_variance   | 0.36       |
|    learning_rate        | 0.0003     |
|    loss                 | 0.0027     |
|    n_updates            | 350        |
|    policy_gradient_loss | 0.000486   |
|    std                  | 0.508      |
|    value_loss           | 0.0567     |
----------------------------------------
----------------------------------------
| rollout/                |            |
|    ep_len_mean          | 140        |
|    ep_rew_mean          | 101        |
| time/                   |            |
|    fps                  | 36         |
|    iterations           | 37         |
|    time_elapsed         | 16731      |
|    total_timesteps      | 606208     |
| train/                  |            |
|    approx_kl            | 0.02725478 |
|    clip_fraction        | 0.225      |
|    clip_range           | 0.2        |
|    entropy_loss         | -1.45      |
|    explained_variance   | 0.462      |
|    learning_rate        | 0.0003     |
|    loss                 | 0.0092     |
|    n_updates            | 360        |
|    policy_gradient_loss | -0.00259   |
|    std                  | 0.498      |
|    value_loss           | 0.0511     |
----------------------------------------
-----------------------------------------
| rollout/                |             |
|    ep_len_mean          | 140         |
|    ep_rew_mean          | 100         |
| time/                   |             |
|    fps                  | 36          |
|    iterations           | 38          |
|    time_elapsed         | 17179       |
|    total_timesteps      | 622592      |
| train/                  |             |
|    approx_kl            | 0.022416161 |
|    clip_fraction        | 0.222       |
|    clip_range           | 0.2         |
|    entropy_loss         | -1.41       |
|    explained_variance   | 0.419       |
|    learning_rate        | 0.0003      |
|    loss                 | -0.0123     |
|    n_updates            | 370         |
|    policy_gradient_loss | 0.000697    |
|    std                  | 0.486       |
|    value_loss           | 0.051       |
-----------------------------------------
-----------------------------------------
| rollout/                |             |
|    ep_len_mean          | 140         |
|    ep_rew_mean          | 101         |
| time/                   |             |
|    fps                  | 36          |
|    iterations           | 39          |
|    time_elapsed         | 17629       |
|    total_timesteps      | 638976      |
| train/                  |             |
|    approx_kl            | 0.045188487 |
|    clip_fraction        | 0.214       |
|    clip_range           | 0.2         |
|    entropy_loss         | -1.38       |
|    explained_variance   | 0.768       |
|    learning_rate        | 0.0003      |
|    loss                 | 0.366       |
|    n_updates            | 380         |
|    policy_gradient_loss | 0.00121     |
|    std                  | 0.479       |
|    value_loss           | 0.787       |
-----------------------------------------
-----------------------------------------
| rollout/                |             |
|    ep_len_mean          | 140         |
|    ep_rew_mean          | 101         |
| time/                   |             |
|    fps                  | 36          |
|    iterations           | 40          |
|    time_elapsed         | 18077       |
|    total_timesteps      | 655360      |
| train/                  |             |
|    approx_kl            | 0.023220893 |
|    clip_fraction        | 0.228       |
|    clip_range           | 0.2         |
|    entropy_loss         | -1.33       |
|    explained_variance   | 0.415       |
|    learning_rate        | 0.0003      |
|    loss                 | -0.00315    |
|    n_updates            | 390         |
|    policy_gradient_loss | -0.000536   |
|    std                  | 0.468       |
|    value_loss           | 0.0297      |
-----------------------------------------
-----------------------------------------
| rollout/                |             |
|    ep_len_mean          | 140         |
|    ep_rew_mean          | 101         |
| time/                   |             |
|    fps                  | 36          |
|    iterations           | 41          |
|    time_elapsed         | 18525       |
|    total_timesteps      | 671744      |
| train/                  |             |
|    approx_kl            | 0.023673853 |
|    clip_fraction        | 0.232       |
|    clip_range           | 0.2         |
|    entropy_loss         | -1.3        |
|    explained_variance   | -0.816      |
|    learning_rate        | 0.0003      |
|    loss                 | 0.00319     |
|    n_updates            | 400         |
|    policy_gradient_loss | -0.0031     |
|    std                  | 0.46        |
|    value_loss           | 0.0568      |
-----------------------------------------
-----------------------------------------
| rollout/                |             |
|    ep_len_mean          | 140         |
|    ep_rew_mean          | 102         |
| time/                   |             |
|    fps                  | 36          |
|    iterations           | 42          |
|    time_elapsed         | 18975       |
|    total_timesteps      | 688128      |
| train/                  |             |
|    approx_kl            | 0.019784763 |
|    clip_fraction        | 0.234       |
|    clip_range           | 0.2         |
|    entropy_loss         | -1.25       |
|    explained_variance   | 0.487       |
|    learning_rate        | 0.0003      |
|    loss                 | 0.00197     |
|    n_updates            | 410         |
|    policy_gradient_loss | 0.00217     |
|    std                  | 0.449       |
|    value_loss           | 0.0205      |
-----------------------------------------
-----------------------------------------
| rollout/                |             |
|    ep_len_mean          | 140         |
|    ep_rew_mean          | 101         |
| time/                   |             |
|    fps                  | 36          |
|    iterations           | 43          |
|    time_elapsed         | 19425       |
|    total_timesteps      | 704512      |
| train/                  |             |
|    approx_kl            | 0.025969928 |
|    clip_fraction        | 0.23        |
|    clip_range           | 0.2         |
|    entropy_loss         | -1.2        |
|    explained_variance   | 0.551       |
|    learning_rate        | 0.0003      |
|    loss                 | -0.0185     |
|    n_updates            | 420         |
|    policy_gradient_loss | 0.000277    |
|    std                  | 0.44        |
|    value_loss           | 0.0152      |
-----------------------------------------
-----------------------------------------
| rollout/                |             |
|    ep_len_mean          | 140         |
|    ep_rew_mean          | 102         |
| time/                   |             |
|    fps                  | 36          |
|    iterations           | 44          |
|    time_elapsed         | 19874       |
|    total_timesteps      | 720896      |
| train/                  |             |
|    approx_kl            | 0.023258809 |
|    clip_fraction        | 0.227       |
|    clip_range           | 0.2         |
|    entropy_loss         | -1.17       |
|    explained_variance   | 0.528       |
|    learning_rate        | 0.0003      |
|    loss                 | 0.0161      |
|    n_updates            | 430         |
|    policy_gradient_loss | 0.0025      |
|    std                  | 0.43        |
|    value_loss           | 0.0225      |
-----------------------------------------
-----------------------------------------
| rollout/                |             |
|    ep_len_mean          | 140         |
|    ep_rew_mean          | 101         |
| time/                   |             |
|    fps                  | 36          |
|    iterations           | 45          |
|    time_elapsed         | 20324       |
|    total_timesteps      | 737280      |
| train/                  |             |
|    approx_kl            | 0.025166504 |
|    clip_fraction        | 0.227       |
|    clip_range           | 0.2         |
|    entropy_loss         | -1.13       |
|    explained_variance   | 0.585       |
|    learning_rate        | 0.0003      |
|    loss                 | 0.0341      |
|    n_updates            | 440         |
|    policy_gradient_loss | 0.00136     |
|    std                  | 0.422       |
|    value_loss           | 0.0186      |
-----------------------------------------
-----------------------------------------
| rollout/                |             |
|    ep_len_mean          | 140         |
|    ep_rew_mean          | 102         |
| time/                   |             |
|    fps                  | 36          |
|    iterations           | 46          |
|    time_elapsed         | 20775       |
|    total_timesteps      | 753664      |
| train/                  |             |
|    approx_kl            | 0.030219996 |
|    clip_fraction        | 0.209       |
|    clip_range           | 0.2         |
|    entropy_loss         | -1.1        |
|    explained_variance   | 0.595       |
|    learning_rate        | 0.0003      |
|    loss                 | 0.0266      |
|    n_updates            | 450         |
|    policy_gradient_loss | 0.00161     |
|    std                  | 0.419       |
|    value_loss           | 0.408       |
-----------------------------------------
----------------------------------------
| rollout/                |            |
|    ep_len_mean          | 140        |
|    ep_rew_mean          | 102        |
| time/                   |            |
|    fps                  | 36         |
|    iterations           | 47         |
|    time_elapsed         | 21226      |
|    total_timesteps      | 770048     |
| train/                  |            |
|    approx_kl            | 0.03601853 |
|    clip_fraction        | 0.208      |
|    clip_range           | 0.2        |
|    entropy_loss         | -1.07      |
|    explained_variance   | 0.943      |
|    learning_rate        | 0.0003     |
|    loss                 | 0.0226     |
|    n_updates            | 460        |
|    policy_gradient_loss | 0.00185    |
|    std                  | 0.41       |
|    value_loss           | 0.033      |
----------------------------------------
----------------------------------------
| rollout/                |            |
|    ep_len_mean          | 140        |
|    ep_rew_mean          | 102        |
| time/                   |            |
|    fps                  | 36         |
|    iterations           | 48         |
|    time_elapsed         | 21677      |
|    total_timesteps      | 786432     |
| train/                  |            |
|    approx_kl            | 0.03341281 |
|    clip_fraction        | 0.222      |
|    clip_range           | 0.2        |
|    entropy_loss         | -1.02      |
|    explained_variance   | 0.413      |
|    learning_rate        | 0.0003     |
|    loss                 | -0.0134    |
|    n_updates            | 470        |
|    policy_gradient_loss | 0.00218    |
|    std                  | 0.398      |
|    value_loss           | 0.0272     |
----------------------------------------
-----------------------------------------
| rollout/                |             |
|    ep_len_mean          | 140         |
|    ep_rew_mean          | 102         |
| time/                   |             |
|    fps                  | 36          |
|    iterations           | 49          |
|    time_elapsed         | 22128       |
|    total_timesteps      | 802816      |
| train/                  |             |
|    approx_kl            | 0.030405033 |
|    clip_fraction        | 0.238       |
|    clip_range           | 0.2         |
|    entropy_loss         | -0.938      |
|    explained_variance   | 0.432       |
|    learning_rate        | 0.0003      |
|    loss                 | -0.0226     |
|    n_updates            | 480         |
|    policy_gradient_loss | -0.00063    |
|    std                  | 0.384       |
|    value_loss           | 0.00834     |
-----------------------------------------
-----------------------------------------
| rollout/                |             |
|    ep_len_mean          | 140         |
|    ep_rew_mean          | 102         |
| time/                   |             |
|    fps                  | 36          |
|    iterations           | 50          |
|    time_elapsed         | 22579       |
|    total_timesteps      | 819200      |
| train/                  |             |
|    approx_kl            | 0.028005099 |
|    clip_fraction        | 0.224       |
|    clip_range           | 0.2         |
|    entropy_loss         | -0.892      |
|    explained_variance   | 0.601       |
|    learning_rate        | 0.0003      |
|    loss                 | -0.00159    |
|    n_updates            | 490         |
|    policy_gradient_loss | 0.00227     |
|    std                  | 0.374       |
|    value_loss           | 0.00781     |
-----------------------------------------
-----------------------------------------
| rollout/                |             |
|    ep_len_mean          | 140         |
|    ep_rew_mean          | 102         |
| time/                   |             |
|    fps                  | 36          |
|    iterations           | 51          |
|    time_elapsed         | 23031       |
|    total_timesteps      | 835584      |
| train/                  |             |
|    approx_kl            | 0.026446104 |
|    clip_fraction        | 0.236       |
|    clip_range           | 0.2         |
|    entropy_loss         | -0.845      |
|    explained_variance   | 0.664       |
|    learning_rate        | 0.0003      |
|    loss                 | -0.0372     |
|    n_updates            | 500         |
|    policy_gradient_loss | 0.000746    |
|    std                  | 0.368       |
|    value_loss           | 0.00596     |
-----------------------------------------
-----------------------------------------
| rollout/                |             |
|    ep_len_mean          | 140         |
|    ep_rew_mean          | 102         |
| time/                   |             |
|    fps                  | 36          |
|    iterations           | 52          |
|    time_elapsed         | 23483       |
|    total_timesteps      | 851968      |
| train/                  |             |
|    approx_kl            | 0.027428543 |
|    clip_fraction        | 0.212       |
|    clip_range           | 0.2         |
|    entropy_loss         | -0.83       |
|    explained_variance   | 0.604       |
|    learning_rate        | 0.0003      |
|    loss                 | 0.008       |
|    n_updates            | 510         |
|    policy_gradient_loss | 0.00209     |
|    std                  | 0.364       |
|    value_loss           | 0.00905     |
-----------------------------------------
-----------------------------------------
| rollout/                |             |
|    ep_len_mean          | 140         |
|    ep_rew_mean          | 102         |
| time/                   |             |
|    fps                  | 36          |
|    iterations           | 53          |
|    time_elapsed         | 23934       |
|    total_timesteps      | 868352      |
| train/                  |             |
|    approx_kl            | 0.033192165 |
|    clip_fraction        | 0.237       |
|    clip_range           | 0.2         |
|    entropy_loss         | -0.799      |
|    explained_variance   | 0.513       |
|    learning_rate        | 0.0003      |
|    loss                 | 0.0365      |
|    n_updates            | 520         |
|    policy_gradient_loss | 0.000717    |
|    std                  | 0.357       |
|    value_loss           | 0.00835     |
-----------------------------------------
-----------------------------------------
| rollout/                |             |
|    ep_len_mean          | 140         |
|    ep_rew_mean          | 101         |
| time/                   |             |
|    fps                  | 36          |
|    iterations           | 54          |
|    time_elapsed         | 24387       |
|    total_timesteps      | 884736      |
| train/                  |             |
|    approx_kl            | 0.021407614 |
|    clip_fraction        | 0.222       |
|    clip_range           | 0.2         |
|    entropy_loss         | -0.778      |
|    explained_variance   | 0.668       |
|    learning_rate        | 0.0003      |
|    loss                 | -0.0245     |
|    n_updates            | 530         |
|    policy_gradient_loss | 0.00296     |
|    std                  | 0.356       |
|    value_loss           | 0.00564     |
-----------------------------------------
----------------------------------------
| rollout/                |            |
|    ep_len_mean          | 140        |
|    ep_rew_mean          | 102        |
| time/                   |            |
|    fps                  | 36         |
|    iterations           | 55         |
|    time_elapsed         | 24841      |
|    total_timesteps      | 901120     |
| train/                  |            |
|    approx_kl            | 0.08053776 |
|    clip_fraction        | 0.204      |
|    clip_range           | 0.2        |
|    entropy_loss         | -0.743     |
|    explained_variance   | 0.745      |
|    learning_rate        | 0.0003     |
|    loss                 | -0.00233   |
|    n_updates            | 540        |
|    policy_gradient_loss | 0.00132    |
|    std                  | 0.345      |
|    value_loss           | 0.457      |
----------------------------------------
-----------------------------------------
| rollout/                |             |
|    ep_len_mean          | 140         |
|    ep_rew_mean          | 102         |
| time/                   |             |
|    fps                  | 36          |
|    iterations           | 56          |
|    time_elapsed         | 25293       |
|    total_timesteps      | 917504      |
| train/                  |             |
|    approx_kl            | 0.027080812 |
|    clip_fraction        | 0.216       |
|    clip_range           | 0.2         |
|    entropy_loss         | -0.684      |
|    explained_variance   | 0.553       |
|    learning_rate        | 0.0003      |
|    loss                 | -0.0337     |
|    n_updates            | 550         |
|    policy_gradient_loss | 0.00178     |
|    std                  | 0.336       |
|    value_loss           | 0.0104      |
-----------------------------------------
----------------------------------------
| rollout/                |            |
|    ep_len_mean          | 140        |
|    ep_rew_mean          | 102        |
| time/                   |            |
|    fps                  | 36         |
|    iterations           | 57         |
|    time_elapsed         | 25745      |
|    total_timesteps      | 933888     |
| train/                  |            |
|    approx_kl            | 0.02540724 |
|    clip_fraction        | 0.223      |
|    clip_range           | 0.2        |
|    entropy_loss         | -0.628     |
|    explained_variance   | 0.593      |
|    learning_rate        | 0.0003     |
|    loss                 | -0.00413   |
|    n_updates            | 560        |
|    policy_gradient_loss | -0.000432  |
|    std                  | 0.327      |
|    value_loss           | 0.00823    |
----------------------------------------
-----------------------------------------
| rollout/                |             |
|    ep_len_mean          | 140         |
|    ep_rew_mean          | 102         |
| time/                   |             |
|    fps                  | 36          |
|    iterations           | 58          |
|    time_elapsed         | 26197       |
|    total_timesteps      | 950272      |
| train/                  |             |
|    approx_kl            | 0.030450266 |
|    clip_fraction        | 0.238       |
|    clip_range           | 0.2         |
|    entropy_loss         | -0.576      |
|    explained_variance   | -1.85       |
|    learning_rate        | 0.0003      |
|    loss                 | -0.0146     |
|    n_updates            | 570         |
|    policy_gradient_loss | 0.00291     |
|    std                  | 0.32        |
|    value_loss           | 0.0139      |
-----------------------------------------
-----------------------------------------
| rollout/                |             |
|    ep_len_mean          | 140         |
|    ep_rew_mean          | 102         |
| time/                   |             |
|    fps                  | 36          |
|    iterations           | 59          |
|    time_elapsed         | 26651       |
|    total_timesteps      | 966656      |
| train/                  |             |
|    approx_kl            | 0.025542768 |
|    clip_fraction        | 0.207       |
|    clip_range           | 0.2         |
|    entropy_loss         | -0.536      |
|    explained_variance   | 0.547       |
|    learning_rate        | 0.0003      |
|    loss                 | -0.0106     |
|    n_updates            | 580         |
|    policy_gradient_loss | 0.00226     |
|    std                  | 0.311       |
|    value_loss           | 0.0105      |
-----------------------------------------
----------------------------------------
| rollout/                |            |
|    ep_len_mean          | 140        |
|    ep_rew_mean          | 102        |
| time/                   |            |
|    fps                  | 36         |
|    iterations           | 60         |
|    time_elapsed         | 27103      |
|    total_timesteps      | 983040     |
| train/                  |            |
|    approx_kl            | 0.03181435 |
|    clip_fraction        | 0.227      |
|    clip_range           | 0.2        |
|    entropy_loss         | -0.477     |
|    explained_variance   | 0.586      |
|    learning_rate        | 0.0003     |
|    loss                 | -0.000591  |
|    n_updates            | 590        |
|    policy_gradient_loss | -0.0023    |
|    std                  | 0.303      |
|    value_loss           | 0.00705    |
----------------------------------------
----------------------------------------
| rollout/                |            |
|    ep_len_mean          | 140        |
|    ep_rew_mean          | 102        |
| time/                   |            |
|    fps                  | 36         |
|    iterations           | 61         |
|    time_elapsed         | 27554      |
|    total_timesteps      | 999424     |
| train/                  |            |
|    approx_kl            | 0.02590347 |
|    clip_fraction        | 0.233      |
|    clip_range           | 0.2        |
|    entropy_loss         | -0.435     |
|    explained_variance   | 0.662      |
|    learning_rate        | 0.0003     |
|    loss                 | -0.0277    |
|    n_updates            | 600        |
|    policy_gradient_loss | 0.00111    |
|    std                  | 0.297      |
|    value_loss           | 0.00318    |
----------------------------------------
----------------------------------------
| rollout/                |            |
|    ep_len_mean          | 140        |
|    ep_rew_mean          | 102        |
| time/                   |            |
|    fps                  | 36         |
|    iterations           | 62         |
|    time_elapsed         | 28007      |
|    total_timesteps      | 1015808    |
| train/                  |            |
|    approx_kl            | 0.03112561 |
|    clip_fraction        | 0.223      |
|    clip_range           | 0.2        |
|    entropy_loss         | -0.385     |
|    explained_variance   | 0.604      |
|    learning_rate        | 0.0003     |
|    loss                 | -0.0249    |
|    n_updates            | 610        |
|    policy_gradient_loss | 0.000448   |
|    std                  | 0.289      |
|    value_loss           | 0.0068     |
----------------------------------------


###############################################################################
TCHPC Cluster: callan
Job 125749 (attn_highway_lanechange_dense_ne8_1M_v2) for User 'hadjitot' in Account 'callan_hadjitot'
Finished at: Thu Feb 12 00:11:55 GMT 2026

Job efficiency estimates:
=========================

Job ID: 125749
Cluster: callan
User/Group: hadjitot/hadjitot
State: COMPLETED (exit code 0)
Nodes: 1
Cores per node: 16
CPU Utilized: 7-12:50:55
CPU Efficiency: 47.66% of 15-19:28:32 core-walltime
Job Wall-clock time: 23:43:02
Memory Utilized: 3.27 GB
Memory Efficiency: 10.22% of 32.00 GB (32.00 GB/node)

Job completion status:
======================

JobID           JobName AllocCPUS NTasks NNodes     MaxRSS    MaxRSSNode  MaxDiskRead MaxDiskWrite    Elapsed      State ExitCode 
------------ ---------- --------- ------ ------ ---------- ------------- ------------ ------------ ---------- ---------- -------- 
125749       attn_high+        16             1                                                      23:43:02  COMPLETED      0:0 
125749.batch      batch        16      1      1   3430368K    callan-n09     4016.65M     3160.26M   23:43:02  COMPLETED      0:0 
125749.exte+     extern        16      1      1                                                      23:43:02  COMPLETED      0:0 


Job details:
============

JobId=125749 JobName=attn_highway_lanechange_dense_ne8_1M_v2
   UserId=hadjitot(2357) GroupId=hadjitot(2300) MCS_label=N/A
   Priority=112983 Nice=0 Account=callan_hadjitot QOS=normal
   JobState=COMPLETING Reason=None Dependency=(null)
   Requeue=0 Restarts=0 BatchFlag=1 Reboot=0 ExitCode=0:0
   DerivedExitCode=0:0
   RunTime=23:43:02 TimeLimit=2-00:00:00 TimeMin=N/A
   SubmitTime=2026-02-10T18:46:57 EligibleTime=2026-02-10T18:46:57
   AccrueTime=2026-02-10T18:46:57
   StartTime=2026-02-11T00:28:53 EndTime=2026-02-12T00:11:55 Deadline=N/A
   SuspendTime=None SecsPreSuspend=0 LastSchedEval=2026-02-11T00:28:53 Scheduler=Backfill
   Partition=compute AllocNode:Sid=callan01.cluster:1498135
   ReqNodeList=(null) ExcNodeList=(null)
   NodeList=callan-n09
   BatchHost=callan-n09
   NumNodes=1 NumCPUs=16 NumTasks=1 CPUs/Task=16 ReqB:S:C:T=0:0:*:*
   ReqTRES=cpu=16,mem=32G,node=1,billing=16
   AllocTRES=cpu=16,mem=32G,node=1,billing=16
   Socks/Node=* NtasksPerN:B:S:C=0:0:*:* CoreSpec=*
   JOB_GRES=(null)
     Nodes=callan-n09 CPU_IDs=16-31 Mem=32768 GRES=
   MinCPUsNode=16 MinMemoryNode=32G MinTmpDiskNode=0
   Features=(null) DelayBoot=00:00:00
   OverSubscribe=OK Contiguous=0 Licenses=(null) LicensesAlloc=(null) Network=(null)
   Command=/home/users/hadjitot/fyp/HighwayEnv/slurm/train_attention.sbatch
   WorkDir=/home/users/hadjitot/fyp/HighwayEnv
   StdErr=/home/users/hadjitot/fyp/HighwayEnv/slurm_out/attn_highway_lanechange_dense_ne8_1M_v2_125749.err
   StdIn=/dev/null
   StdOut=/home/users/hadjitot/fyp/HighwayEnv/slurm_out/attn_highway_lanechange_dense_ne8_1M_v2_125749.out
   TresPerTask=cpu=16
   


Disk quota details:
===================

                         Block Limits                                    |                     File Limits
Name       type             MB      quota      limit   in_doubt    grace |    files   quota    limit in_doubt    grace
root       USR         4751526          0          0        116     none |   349274       0        0       59     none
root       FILESET     4610507          0          0       2145     none |  9832908       0        0      566     none


SLURM Bank Statement:
=====================

User           Usage |        Account     Usage | Account Limit Available (CPU hrs)
---------- --------- + -------------- --------- + ------------- ---------
hadjitot       9,072 | CALLAN_HADJITOT     9,072 |       300,000   290,928


Acknowledgements:
=================

Note that usage of TCHPC Resources *must* be acknowledged in all publications.

Please see this page for details relevant to this cluster:

http://www.tchpc.tcd.ie/resources/acknowledgementpolicy

################################################################################
