Loading Anaconda 3 2024.02-1
ppo_attn_merge_dense_v2_seed0 obs shape: (15, 5) action space: Box(-1.0, 1.0, (1,), float32)
Using cpu device
Logging to runs/tb/ppo_attn_merge_dense_v2_seed0_1
---------------------------------
| rollout/           |          |
|    ep_len_mean     | 24.6     |
|    ep_rew_mean     | 18.2     |
| time/              |          |
|    fps             | 439      |
|    iterations      | 1        |
|    time_elapsed    | 37       |
|    total_timesteps | 16384    |
---------------------------------
-----------------------------------------
| rollout/                |             |
|    ep_len_mean          | 27.6        |
|    ep_rew_mean          | 20.7        |
| time/                   |             |
|    fps                  | 401         |
|    iterations           | 2           |
|    time_elapsed         | 81          |
|    total_timesteps      | 32768       |
| train/                  |             |
|    approx_kl            | 0.010567226 |
|    clip_fraction        | 0.137       |
|    clip_range           | 0.2         |
|    entropy_loss         | -1.42       |
|    explained_variance   | -0.0217     |
|    learning_rate        | 0.0003      |
|    loss                 | 2.37        |
|    n_updates            | 10          |
|    policy_gradient_loss | -0.0109     |
|    std                  | 1.01        |
|    value_loss           | 5.92        |
-----------------------------------------
-----------------------------------------
| rollout/                |             |
|    ep_len_mean          | 112         |
|    ep_rew_mean          | 74.9        |
| time/                   |             |
|    fps                  | 396         |
|    iterations           | 3           |
|    time_elapsed         | 124         |
|    total_timesteps      | 49152       |
| train/                  |             |
|    approx_kl            | 0.012466529 |
|    clip_fraction        | 0.161       |
|    clip_range           | 0.2         |
|    entropy_loss         | -1.41       |
|    explained_variance   | 0.588       |
|    learning_rate        | 0.0003      |
|    loss                 | 5.75        |
|    n_updates            | 20          |
|    policy_gradient_loss | -0.0202     |
|    std                  | 0.983       |
|    value_loss           | 12.7        |
-----------------------------------------
-----------------------------------------
| rollout/                |             |
|    ep_len_mean          | 163         |
|    ep_rew_mean          | 100         |
| time/                   |             |
|    fps                  | 395         |
|    iterations           | 4           |
|    time_elapsed         | 165         |
|    total_timesteps      | 65536       |
| train/                  |             |
|    approx_kl            | 0.012775669 |
|    clip_fraction        | 0.15        |
|    clip_range           | 0.2         |
|    entropy_loss         | -1.36       |
|    explained_variance   | 0.593       |
|    learning_rate        | 0.0003      |
|    loss                 | 8.49        |
|    n_updates            | 30          |
|    policy_gradient_loss | -0.0224     |
|    std                  | 0.936       |
|    value_loss           | 15.1        |
-----------------------------------------
------------------------------------------
| rollout/                |              |
|    ep_len_mean          | 190          |
|    ep_rew_mean          | 118          |
| time/                   |              |
|    fps                  | 395          |
|    iterations           | 5            |
|    time_elapsed         | 207          |
|    total_timesteps      | 81920        |
| train/                  |              |
|    approx_kl            | 0.0064480053 |
|    clip_fraction        | 0.074        |
|    clip_range           | 0.2          |
|    entropy_loss         | -1.33        |
|    explained_variance   | 0.426        |
|    learning_rate        | 0.0003       |
|    loss                 | 3.35         |
|    n_updates            | 40           |
|    policy_gradient_loss | -0.00705     |
|    std                  | 0.914        |
|    value_loss           | 7.87         |
------------------------------------------
-----------------------------------------
| rollout/                |             |
|    ep_len_mean          | 212         |
|    ep_rew_mean          | 133         |
| time/                   |             |
|    fps                  | 395         |
|    iterations           | 6           |
|    time_elapsed         | 248         |
|    total_timesteps      | 98304       |
| train/                  |             |
|    approx_kl            | 0.008959645 |
|    clip_fraction        | 0.113       |
|    clip_range           | 0.2         |
|    entropy_loss         | -1.31       |
|    explained_variance   | 0.389       |
|    learning_rate        | 0.0003      |
|    loss                 | 1.67        |
|    n_updates            | 50          |
|    policy_gradient_loss | -0.00387    |
|    std                  | 0.896       |
|    value_loss           | 3.14        |
-----------------------------------------
-----------------------------------------
| rollout/                |             |
|    ep_len_mean          | 212         |
|    ep_rew_mean          | 133         |
| time/                   |             |
|    fps                  | 394         |
|    iterations           | 7           |
|    time_elapsed         | 290         |
|    total_timesteps      | 114688      |
| train/                  |             |
|    approx_kl            | 0.011376269 |
|    clip_fraction        | 0.11        |
|    clip_range           | 0.2         |
|    entropy_loss         | -1.3        |
|    explained_variance   | 0.438       |
|    learning_rate        | 0.0003      |
|    loss                 | 1.65        |
|    n_updates            | 60          |
|    policy_gradient_loss | -0.00143    |
|    std                  | 0.882       |
|    value_loss           | 3.92        |
-----------------------------------------
----------------------------------------
| rollout/                |            |
|    ep_len_mean          | 212        |
|    ep_rew_mean          | 133        |
| time/                   |            |
|    fps                  | 394        |
|    iterations           | 8          |
|    time_elapsed         | 332        |
|    total_timesteps      | 131072     |
| train/                  |            |
|    approx_kl            | 0.01044139 |
|    clip_fraction        | 0.125      |
|    clip_range           | 0.2        |
|    entropy_loss         | -1.27      |
|    explained_variance   | 0.428      |
|    learning_rate        | 0.0003     |
|    loss                 | 1.07       |
|    n_updates            | 70         |
|    policy_gradient_loss | -0.00169   |
|    std                  | 0.85       |
|    value_loss           | 2.56       |
----------------------------------------
------------------------------------------
| rollout/                |              |
|    ep_len_mean          | 407          |
|    ep_rew_mean          | 263          |
| time/                   |              |
|    fps                  | 394          |
|    iterations           | 9            |
|    time_elapsed         | 374          |
|    total_timesteps      | 147456       |
| train/                  |              |
|    approx_kl            | 0.0065679513 |
|    clip_fraction        | 0.0846       |
|    clip_range           | 0.2          |
|    entropy_loss         | -1.24        |
|    explained_variance   | 0.636        |
|    learning_rate        | 0.0003       |
|    loss                 | 0.427        |
|    n_updates            | 80           |
|    policy_gradient_loss | 0.000338     |
|    std                  | 0.838        |
|    value_loss           | 1.21         |
------------------------------------------
------------------------------------------
| rollout/                |              |
|    ep_len_mean          | 857          |
|    ep_rew_mean          | 563          |
| time/                   |              |
|    fps                  | 393          |
|    iterations           | 10           |
|    time_elapsed         | 415          |
|    total_timesteps      | 163840       |
| train/                  |              |
|    approx_kl            | 0.0043764305 |
|    clip_fraction        | 0.0595       |
|    clip_range           | 0.2          |
|    entropy_loss         | -1.25        |
|    explained_variance   | 0.712        |
|    learning_rate        | 0.0003       |
|    loss                 | 0.0312       |
|    n_updates            | 90           |
|    policy_gradient_loss | 0.00118      |
|    std                  | 0.848        |
|    value_loss           | 2.71         |
------------------------------------------
-----------------------------------------
| rollout/                |             |
|    ep_len_mean          | 1.14e+03    |
|    ep_rew_mean          | 753         |
| time/                   |             |
|    fps                  | 393         |
|    iterations           | 11          |
|    time_elapsed         | 457         |
|    total_timesteps      | 180224      |
| train/                  |             |
|    approx_kl            | 0.005003507 |
|    clip_fraction        | 0.0568      |
|    clip_range           | 0.2         |
|    entropy_loss         | -1.25       |
|    explained_variance   | 0.629       |
|    learning_rate        | 0.0003      |
|    loss                 | 0.37        |
|    n_updates            | 100         |
|    policy_gradient_loss | -0.000874   |
|    std                  | 0.842       |
|    value_loss           | 7.95        |
-----------------------------------------
----------------------------------------
| rollout/                |            |
|    ep_len_mean          | 1.16e+03   |
|    ep_rew_mean          | 764        |
| time/                   |            |
|    fps                  | 393        |
|    iterations           | 12         |
|    time_elapsed         | 499        |
|    total_timesteps      | 196608     |
| train/                  |            |
|    approx_kl            | 0.00959593 |
|    clip_fraction        | 0.0993     |
|    clip_range           | 0.2        |
|    entropy_loss         | -1.24      |
|    explained_variance   | 0.534      |
|    learning_rate        | 0.0003     |
|    loss                 | 1.02       |
|    n_updates            | 110        |
|    policy_gradient_loss | -0.00443   |
|    std                  | 0.825      |
|    value_loss           | 17.7       |
----------------------------------------
-----------------------------------------
| rollout/                |             |
|    ep_len_mean          | 1.16e+03    |
|    ep_rew_mean          | 764         |
| time/                   |             |
|    fps                  | 393         |
|    iterations           | 13          |
|    time_elapsed         | 541         |
|    total_timesteps      | 212992      |
| train/                  |             |
|    approx_kl            | 0.005314334 |
|    clip_fraction        | 0.0675      |
|    clip_range           | 0.2         |
|    entropy_loss         | -1.22       |
|    explained_variance   | 0.862       |
|    learning_rate        | 0.0003      |
|    loss                 | 0.0112      |
|    n_updates            | 120         |
|    policy_gradient_loss | -7.83e-05   |
|    std                  | 0.821       |
|    value_loss           | 3.64        |
-----------------------------------------
-----------------------------------------
| rollout/                |             |
|    ep_len_mean          | 1.16e+03    |
|    ep_rew_mean          | 764         |
| time/                   |             |
|    fps                  | 392         |
|    iterations           | 14          |
|    time_elapsed         | 584         |
|    total_timesteps      | 229376      |
| train/                  |             |
|    approx_kl            | 0.004246425 |
|    clip_fraction        | 0.0378      |
|    clip_range           | 0.2         |
|    entropy_loss         | -1.23       |
|    explained_variance   | 0.977       |
|    learning_rate        | 0.0003      |
|    loss                 | 0.0368      |
|    n_updates            | 130         |
|    policy_gradient_loss | -0.000102   |
|    std                  | 0.828       |
|    value_loss           | 0.266       |
-----------------------------------------
-----------------------------------------
| rollout/                |             |
|    ep_len_mean          | 1.67e+03    |
|    ep_rew_mean          | 1.04e+03    |
| time/                   |             |
|    fps                  | 391         |
|    iterations           | 15          |
|    time_elapsed         | 627         |
|    total_timesteps      | 245760      |
| train/                  |             |
|    approx_kl            | 0.006209288 |
|    clip_fraction        | 0.0569      |
|    clip_range           | 0.2         |
|    entropy_loss         | -1.27       |
|    explained_variance   | 0.982       |
|    learning_rate        | 0.0003      |
|    loss                 | -0.00905    |
|    n_updates            | 140         |
|    policy_gradient_loss | -0.00177    |
|    std                  | 0.873       |
|    value_loss           | 0.439       |
-----------------------------------------
-----------------------------------------
| rollout/                |             |
|    ep_len_mean          | 1.86e+03    |
|    ep_rew_mean          | 1.17e+03    |
| time/                   |             |
|    fps                  | 391         |
|    iterations           | 16          |
|    time_elapsed         | 669         |
|    total_timesteps      | 262144      |
| train/                  |             |
|    approx_kl            | 0.011661244 |
|    clip_fraction        | 0.12        |
|    clip_range           | 0.2         |
|    entropy_loss         | -1.28       |
|    explained_variance   | 0.581       |
|    learning_rate        | 0.0003      |
|    loss                 | 0.376       |
|    n_updates            | 150         |
|    policy_gradient_loss | -0.000269   |
|    std                  | 0.876       |
|    value_loss           | 6.89        |
-----------------------------------------
-----------------------------------------
| rollout/                |             |
|    ep_len_mean          | 1.86e+03    |
|    ep_rew_mean          | 1.17e+03    |
| time/                   |             |
|    fps                  | 390         |
|    iterations           | 17          |
|    time_elapsed         | 712         |
|    total_timesteps      | 278528      |
| train/                  |             |
|    approx_kl            | 0.010378741 |
|    clip_fraction        | 0.123       |
|    clip_range           | 0.2         |
|    entropy_loss         | -1.27       |
|    explained_variance   | 0.0495      |
|    learning_rate        | 0.0003      |
|    loss                 | -0.00239    |
|    n_updates            | 160         |
|    policy_gradient_loss | -0.00386    |
|    std                  | 0.856       |
|    value_loss           | 3.78        |
-----------------------------------------
-----------------------------------------
| rollout/                |             |
|    ep_len_mean          | 2.01e+03    |
|    ep_rew_mean          | 1.27e+03    |
| time/                   |             |
|    fps                  | 390         |
|    iterations           | 18          |
|    time_elapsed         | 755         |
|    total_timesteps      | 294912      |
| train/                  |             |
|    approx_kl            | 0.016856385 |
|    clip_fraction        | 0.234       |
|    clip_range           | 0.2         |
|    entropy_loss         | -1.26       |
|    explained_variance   | -0.077      |
|    learning_rate        | 0.0003      |
|    loss                 | -0.0154     |
|    n_updates            | 170         |
|    policy_gradient_loss | -0.0138     |
|    std                  | 0.856       |
|    value_loss           | 0.063       |
-----------------------------------------
-----------------------------------------
| rollout/                |             |
|    ep_len_mean          | 2.11e+03    |
|    ep_rew_mean          | 1.33e+03    |
| time/                   |             |
|    fps                  | 389         |
|    iterations           | 19          |
|    time_elapsed         | 798         |
|    total_timesteps      | 311296      |
| train/                  |             |
|    approx_kl            | 0.021228837 |
|    clip_fraction        | 0.256       |
|    clip_range           | 0.2         |
|    entropy_loss         | -1.24       |
|    explained_variance   | 0.0693      |
|    learning_rate        | 0.0003      |
|    loss                 | 1.9         |
|    n_updates            | 180         |
|    policy_gradient_loss | -0.0123     |
|    std                  | 0.828       |
|    value_loss           | 4.62        |
-----------------------------------------
-----------------------------------------
| rollout/                |             |
|    ep_len_mean          | 2.11e+03    |
|    ep_rew_mean          | 1.33e+03    |
| time/                   |             |
|    fps                  | 389         |
|    iterations           | 20          |
|    time_elapsed         | 840         |
|    total_timesteps      | 327680      |
| train/                  |             |
|    approx_kl            | 0.009550953 |
|    clip_fraction        | 0.124       |
|    clip_range           | 0.2         |
|    entropy_loss         | -1.23       |
|    explained_variance   | 0.283       |
|    learning_rate        | 0.0003      |
|    loss                 | 13.9        |
|    n_updates            | 190         |
|    policy_gradient_loss | -0.00225    |
|    std                  | 0.83        |
|    value_loss           | 4.47        |
-----------------------------------------
----------------------------------------
| rollout/                |            |
|    ep_len_mean          | 2.11e+03   |
|    ep_rew_mean          | 1.33e+03   |
| time/                   |            |
|    fps                  | 389        |
|    iterations           | 21         |
|    time_elapsed         | 883        |
|    total_timesteps      | 344064     |
| train/                  |            |
|    approx_kl            | 0.01890172 |
|    clip_fraction        | 0.226      |
|    clip_range           | 0.2        |
|    entropy_loss         | -1.2       |
|    explained_variance   | 0.869      |
|    learning_rate        | 0.0003     |
|    loss                 | -0.0331    |
|    n_updates            | 200        |
|    policy_gradient_loss | -0.0142    |
|    std                  | 0.798      |
|    value_loss           | 0.00342    |
----------------------------------------
-----------------------------------------
| rollout/                |             |
|    ep_len_mean          | 2.11e+03    |
|    ep_rew_mean          | 1.33e+03    |
| time/                   |             |
|    fps                  | 388         |
|    iterations           | 22          |
|    time_elapsed         | 927         |
|    total_timesteps      | 360448      |
| train/                  |             |
|    approx_kl            | 0.020070912 |
|    clip_fraction        | 0.244       |
|    clip_range           | 0.2         |
|    entropy_loss         | -1.15       |
|    explained_variance   | 0.941       |
|    learning_rate        | 0.0003      |
|    loss                 | 0.0199      |
|    n_updates            | 210         |
|    policy_gradient_loss | -0.0192     |
|    std                  | 0.758       |
|    value_loss           | 0.00232     |
-----------------------------------------
-----------------------------------------
| rollout/                |             |
|    ep_len_mean          | 2.18e+03    |
|    ep_rew_mean          | 1.38e+03    |
| time/                   |             |
|    fps                  | 388         |
|    iterations           | 23          |
|    time_elapsed         | 970         |
|    total_timesteps      | 376832      |
| train/                  |             |
|    approx_kl            | 0.015987264 |
|    clip_fraction        | 0.224       |
|    clip_range           | 0.2         |
|    entropy_loss         | -1.12       |
|    explained_variance   | 0.918       |
|    learning_rate        | 0.0003      |
|    loss                 | -0.0105     |
|    n_updates            | 220         |
|    policy_gradient_loss | -0.0141     |
|    std                  | 0.737       |
|    value_loss           | 0.00172     |
-----------------------------------------
-----------------------------------------
| rollout/                |             |
|    ep_len_mean          | 2.18e+03    |
|    ep_rew_mean          | 1.38e+03    |
| time/                   |             |
|    fps                  | 388         |
|    iterations           | 24          |
|    time_elapsed         | 1013        |
|    total_timesteps      | 393216      |
| train/                  |             |
|    approx_kl            | 0.012702145 |
|    clip_fraction        | 0.154       |
|    clip_range           | 0.2         |
|    entropy_loss         | -1.12       |
|    explained_variance   | 0.0126      |
|    learning_rate        | 0.0003      |
|    loss                 | 0.0384      |
|    n_updates            | 230         |
|    policy_gradient_loss | -0.00297    |
|    std                  | 0.746       |
|    value_loss           | 1.75        |
-----------------------------------------
-----------------------------------------
| rollout/                |             |
|    ep_len_mean          | 2.37e+03    |
|    ep_rew_mean          | 1.51e+03    |
| time/                   |             |
|    fps                  | 387         |
|    iterations           | 25          |
|    time_elapsed         | 1055        |
|    total_timesteps      | 409600      |
| train/                  |             |
|    approx_kl            | 0.011425722 |
|    clip_fraction        | 0.122       |
|    clip_range           | 0.2         |
|    entropy_loss         | -1.12       |
|    explained_variance   | 0.871       |
|    learning_rate        | 0.0003      |
|    loss                 | -0.0118     |
|    n_updates            | 240         |
|    policy_gradient_loss | -0.00203    |
|    std                  | 0.743       |
|    value_loss           | 0.00136     |
-----------------------------------------
-----------------------------------------
| rollout/                |             |
|    ep_len_mean          | 2.83e+03    |
|    ep_rew_mean          | 1.82e+03    |
| time/                   |             |
|    fps                  | 387         |
|    iterations           | 26          |
|    time_elapsed         | 1098        |
|    total_timesteps      | 425984      |
| train/                  |             |
|    approx_kl            | 0.011498965 |
|    clip_fraction        | 0.135       |
|    clip_range           | 0.2         |
|    entropy_loss         | -1.14       |
|    explained_variance   | 0.00883     |
|    learning_rate        | 0.0003      |
|    loss                 | 0.0044      |
|    n_updates            | 250         |
|    policy_gradient_loss | -0.000636   |
|    std                  | 0.769       |
|    value_loss           | 2.17        |
-----------------------------------------
------------------------------------------
| rollout/                |              |
|    ep_len_mean          | 3.29e+03     |
|    ep_rew_mean          | 2.12e+03     |
| time/                   |              |
|    fps                  | 387          |
|    iterations           | 27           |
|    time_elapsed         | 1140         |
|    total_timesteps      | 442368       |
| train/                  |              |
|    approx_kl            | 0.0075739515 |
|    clip_fraction        | 0.0904       |
|    clip_range           | 0.2          |
|    entropy_loss         | -1.16        |
|    explained_variance   | 0.00824      |
|    learning_rate        | 0.0003       |
|    loss                 | 0.0879       |
|    n_updates            | 260          |
|    policy_gradient_loss | 0.00123      |
|    std                  | 0.771        |
|    value_loss           | 8.64         |
------------------------------------------
-----------------------------------------
| rollout/                |             |
|    ep_len_mean          | 3.59e+03    |
|    ep_rew_mean          | 2.32e+03    |
| time/                   |             |
|    fps                  | 387         |
|    iterations           | 28          |
|    time_elapsed         | 1183        |
|    total_timesteps      | 458752      |
| train/                  |             |
|    approx_kl            | 0.012186216 |
|    clip_fraction        | 0.102       |
|    clip_range           | 0.2         |
|    entropy_loss         | -1.18       |
|    explained_variance   | 0.00321     |
|    learning_rate        | 0.0003      |
|    loss                 | 28.6        |
|    n_updates            | 270         |
|    policy_gradient_loss | -0.000283   |
|    std                  | 0.794       |
|    value_loss           | 10.9        |
-----------------------------------------
-----------------------------------------
| rollout/                |             |
|    ep_len_mean          | 3.63e+03    |
|    ep_rew_mean          | 2.35e+03    |
| time/                   |             |
|    fps                  | 387         |
|    iterations           | 29          |
|    time_elapsed         | 1225        |
|    total_timesteps      | 475136      |
| train/                  |             |
|    approx_kl            | 0.005084431 |
|    clip_fraction        | 0.0747      |
|    clip_range           | 0.2         |
|    entropy_loss         | -1.19       |
|    explained_variance   | 0.1         |
|    learning_rate        | 0.0003      |
|    loss                 | 6.01        |
|    n_updates            | 280         |
|    policy_gradient_loss | 0.000507    |
|    std                  | 0.804       |
|    value_loss           | 11.4        |
-----------------------------------------
-----------------------------------------
| rollout/                |             |
|    ep_len_mean          | 3.68e+03    |
|    ep_rew_mean          | 2.38e+03    |
| time/                   |             |
|    fps                  | 387         |
|    iterations           | 30          |
|    time_elapsed         | 1268        |
|    total_timesteps      | 491520      |
| train/                  |             |
|    approx_kl            | 0.007537829 |
|    clip_fraction        | 0.109       |
|    clip_range           | 0.2         |
|    entropy_loss         | -1.18       |
|    explained_variance   | 0.0777      |
|    learning_rate        | 0.0003      |
|    loss                 | -0.0129     |
|    n_updates            | 290         |
|    policy_gradient_loss | -0.00119    |
|    std                  | 0.793       |
|    value_loss           | 2.35        |
-----------------------------------------
------------------------------------------
| rollout/                |              |
|    ep_len_mean          | 3.82e+03     |
|    ep_rew_mean          | 2.47e+03     |
| time/                   |              |
|    fps                  | 387          |
|    iterations           | 31           |
|    time_elapsed         | 1311         |
|    total_timesteps      | 507904       |
| train/                  |              |
|    approx_kl            | 0.0075537805 |
|    clip_fraction        | 0.0917       |
|    clip_range           | 0.2          |
|    entropy_loss         | -1.19        |
|    explained_variance   | 0.0104       |
|    learning_rate        | 0.0003       |
|    loss                 | 0.00656      |
|    n_updates            | 300          |
|    policy_gradient_loss | -7.39e-05    |
|    std                  | 0.788        |
|    value_loss           | 2.19         |
------------------------------------------
-----------------------------------------
| rollout/                |             |
|    ep_len_mean          | 3.82e+03    |
|    ep_rew_mean          | 2.47e+03    |
| time/                   |             |
|    fps                  | 386         |
|    iterations           | 32          |
|    time_elapsed         | 1356        |
|    total_timesteps      | 524288      |
| train/                  |             |
|    approx_kl            | 0.008023523 |
|    clip_fraction        | 0.0884      |
|    clip_range           | 0.2         |
|    entropy_loss         | -1.17       |
|    explained_variance   | 0.0107      |
|    learning_rate        | 0.0003      |
|    loss                 | 0.0051      |
|    n_updates            | 310         |
|    policy_gradient_loss | 0.000561    |
|    std                  | 0.776       |
|    value_loss           | 4.38        |
-----------------------------------------
----------------------------------------
| rollout/                |            |
|    ep_len_mean          | 3.82e+03   |
|    ep_rew_mean          | 2.47e+03   |
| time/                   |            |
|    fps                  | 385        |
|    iterations           | 33         |
|    time_elapsed         | 1401       |
|    total_timesteps      | 540672     |
| train/                  |            |
|    approx_kl            | 0.00692124 |
|    clip_fraction        | 0.0703     |
|    clip_range           | 0.2        |
|    entropy_loss         | -1.15      |
|    explained_variance   | 0.587      |
|    learning_rate        | 0.0003     |
|    loss                 | 0.009      |
|    n_updates            | 320        |
|    policy_gradient_loss | -0.00141   |
|    std                  | 0.757      |
|    value_loss           | 0.00129    |
----------------------------------------
-----------------------------------------
| rollout/                |             |
|    ep_len_mean          | 4.18e+03    |
|    ep_rew_mean          | 2.71e+03    |
| time/                   |             |
|    fps                  | 385         |
|    iterations           | 34          |
|    time_elapsed         | 1446        |
|    total_timesteps      | 557056      |
| train/                  |             |
|    approx_kl            | 0.010758426 |
|    clip_fraction        | 0.133       |
|    clip_range           | 0.2         |
|    entropy_loss         | -1.14       |
|    explained_variance   | 0.898       |
|    learning_rate        | 0.0003      |
|    loss                 | 0.00171     |
|    n_updates            | 330         |
|    policy_gradient_loss | -0.00481    |
|    std                  | 0.753       |
|    value_loss           | 0.000839    |
-----------------------------------------
----------------------------------------
| rollout/                |            |
|    ep_len_mean          | 5.13e+03   |
|    ep_rew_mean          | 3.35e+03   |
| time/                   |            |
|    fps                  | 384        |
|    iterations           | 35         |
|    time_elapsed         | 1489       |
|    total_timesteps      | 573440     |
| train/                  |            |
|    approx_kl            | 0.01143064 |
|    clip_fraction        | 0.099      |
|    clip_range           | 0.2        |
|    entropy_loss         | -1.15      |
|    explained_variance   | 0.0801     |
|    learning_rate        | 0.0003     |
|    loss                 | 0.0252     |
|    n_updates            | 340        |
|    policy_gradient_loss | 0.00213    |
|    std                  | 0.77       |
|    value_loss           | 7.08       |
----------------------------------------
-----------------------------------------
| rollout/                |             |
|    ep_len_mean          | 5.16e+03    |
|    ep_rew_mean          | 3.38e+03    |
| time/                   |             |
|    fps                  | 384         |
|    iterations           | 36          |
|    time_elapsed         | 1533        |
|    total_timesteps      | 589824      |
| train/                  |             |
|    approx_kl            | 0.011835761 |
|    clip_fraction        | 0.101       |
|    clip_range           | 0.2         |
|    entropy_loss         | -1.16       |
|    explained_variance   | 0.0212      |
|    learning_rate        | 0.0003      |
|    loss                 | 4.61        |
|    n_updates            | 350         |
|    policy_gradient_loss | -0.0019     |
|    std                  | 0.775       |
|    value_loss           | 34          |
-----------------------------------------
-----------------------------------------
| rollout/                |             |
|    ep_len_mean          | 5.16e+03    |
|    ep_rew_mean          | 3.38e+03    |
| time/                   |             |
|    fps                  | 384         |
|    iterations           | 37          |
|    time_elapsed         | 1577        |
|    total_timesteps      | 606208      |
| train/                  |             |
|    approx_kl            | 0.011684524 |
|    clip_fraction        | 0.131       |
|    clip_range           | 0.2         |
|    entropy_loss         | -1.14       |
|    explained_variance   | 0.0189      |
|    learning_rate        | 0.0003      |
|    loss                 | 0.0524      |
|    n_updates            | 360         |
|    policy_gradient_loss | -0.00166    |
|    std                  | 0.737       |
|    value_loss           | 8.44        |
-----------------------------------------
------------------------------------------
| rollout/                |              |
|    ep_len_mean          | 5.22e+03     |
|    ep_rew_mean          | 3.42e+03     |
| time/                   |              |
|    fps                  | 384          |
|    iterations           | 38           |
|    time_elapsed         | 1620         |
|    total_timesteps      | 622592       |
| train/                  |              |
|    approx_kl            | 0.0116441175 |
|    clip_fraction        | 0.107        |
|    clip_range           | 0.2          |
|    entropy_loss         | -1.07        |
|    explained_variance   | 0.229        |
|    learning_rate        | 0.0003       |
|    loss                 | 0.0112       |
|    n_updates            | 370          |
|    policy_gradient_loss | -0.00363     |
|    std                  | 0.695        |
|    value_loss           | 0.00119      |
------------------------------------------
-----------------------------------------
| rollout/                |             |
|    ep_len_mean          | 5.22e+03    |
|    ep_rew_mean          | 3.42e+03    |
| time/                   |             |
|    fps                  | 383         |
|    iterations           | 39          |
|    time_elapsed         | 1665        |
|    total_timesteps      | 638976      |
| train/                  |             |
|    approx_kl            | 0.009990876 |
|    clip_fraction        | 0.118       |
|    clip_range           | 0.2         |
|    entropy_loss         | -1.04       |
|    explained_variance   | -0.00445    |
|    learning_rate        | 0.0003      |
|    loss                 | 3.17        |
|    n_updates            | 380         |
|    policy_gradient_loss | 0.000407    |
|    std                  | 0.679       |
|    value_loss           | 2.18        |
-----------------------------------------
-----------------------------------------
| rollout/                |             |
|    ep_len_mean          | 5.22e+03    |
|    ep_rew_mean          | 3.42e+03    |
| time/                   |             |
|    fps                  | 383         |
|    iterations           | 40          |
|    time_elapsed         | 1710        |
|    total_timesteps      | 655360      |
| train/                  |             |
|    approx_kl            | 0.008132675 |
|    clip_fraction        | 0.0765      |
|    clip_range           | 0.2         |
|    entropy_loss         | -1.02       |
|    explained_variance   | -1.31       |
|    learning_rate        | 0.0003      |
|    loss                 | -0.0214     |
|    n_updates            | 390         |
|    policy_gradient_loss | 0.000468    |
|    std                  | 0.667       |
|    value_loss           | 0.000613    |
-----------------------------------------
-----------------------------------------
| rollout/                |             |
|    ep_len_mean          | 5.22e+03    |
|    ep_rew_mean          | 3.42e+03    |
| time/                   |             |
|    fps                  | 382         |
|    iterations           | 41          |
|    time_elapsed         | 1756        |
|    total_timesteps      | 671744      |
| train/                  |             |
|    approx_kl            | 0.011689503 |
|    clip_fraction        | 0.149       |
|    clip_range           | 0.2         |
|    entropy_loss         | -1.01       |
|    explained_variance   | 0.909       |
|    learning_rate        | 0.0003      |
|    loss                 | -0.0139     |
|    n_updates            | 400         |
|    policy_gradient_loss | -0.00315    |
|    std                  | 0.663       |
|    value_loss           | 0.000326    |
-----------------------------------------
-----------------------------------------
| rollout/                |             |
|    ep_len_mean          | 5.22e+03    |
|    ep_rew_mean          | 3.42e+03    |
| time/                   |             |
|    fps                  | 382         |
|    iterations           | 42          |
|    time_elapsed         | 1800        |
|    total_timesteps      | 688128      |
| train/                  |             |
|    approx_kl            | 0.009020759 |
|    clip_fraction        | 0.119       |
|    clip_range           | 0.2         |
|    entropy_loss         | -1.03       |
|    explained_variance   | 0.887       |
|    learning_rate        | 0.0003      |
|    loss                 | -0.00236    |
|    n_updates            | 410         |
|    policy_gradient_loss | -0.00498    |
|    std                  | 0.678       |
|    value_loss           | 0.000373    |
-----------------------------------------
-----------------------------------------
| rollout/                |             |
|    ep_len_mean          | 5.02e+03    |
|    ep_rew_mean          | 3.28e+03    |
| time/                   |             |
|    fps                  | 381         |
|    iterations           | 43          |
|    time_elapsed         | 1846        |
|    total_timesteps      | 704512      |
| train/                  |             |
|    approx_kl            | 0.010139544 |
|    clip_fraction        | 0.104       |
|    clip_range           | 0.2         |
|    entropy_loss         | -1.06       |
|    explained_variance   | 0.78        |
|    learning_rate        | 0.0003      |
|    loss                 | 0.00259     |
|    n_updates            | 420         |
|    policy_gradient_loss | -0.00421    |
|    std                  | 0.704       |
|    value_loss           | 0.00113     |
-----------------------------------------
------------------------------------------
| rollout/                |              |
|    ep_len_mean          | 4.12e+03     |
|    ep_rew_mean          | 2.74e+03     |
| time/                   |              |
|    fps                  | 381          |
|    iterations           | 44           |
|    time_elapsed         | 1891         |
|    total_timesteps      | 720896       |
| train/                  |              |
|    approx_kl            | 0.0090162605 |
|    clip_fraction        | 0.0866       |
|    clip_range           | 0.2          |
|    entropy_loss         | -1.07        |
|    explained_variance   | 0.0958       |
|    learning_rate        | 0.0003       |
|    loss                 | 11.6         |
|    n_updates            | 430          |
|    policy_gradient_loss | 0.00128      |
|    std                  | 0.706        |
|    value_loss           | 20.3         |
------------------------------------------
------------------------------------------
| rollout/                |              |
|    ep_len_mean          | 3.71e+03     |
|    ep_rew_mean          | 2.47e+03     |
| time/                   |              |
|    fps                  | 381          |
|    iterations           | 45           |
|    time_elapsed         | 1934         |
|    total_timesteps      | 737280       |
| train/                  |              |
|    approx_kl            | 0.0071178502 |
|    clip_fraction        | 0.0884       |
|    clip_range           | 0.2          |
|    entropy_loss         | -1.07        |
|    explained_variance   | 0.489        |
|    learning_rate        | 0.0003       |
|    loss                 | 13.9         |
|    n_updates            | 440          |
|    policy_gradient_loss | -0.00227     |
|    std                  | 0.705        |
|    value_loss           | 26.4         |
------------------------------------------
-----------------------------------------
| rollout/                |             |
|    ep_len_mean          | 3.72e+03    |
|    ep_rew_mean          | 2.48e+03    |
| time/                   |             |
|    fps                  | 381         |
|    iterations           | 46          |
|    time_elapsed         | 1977        |
|    total_timesteps      | 753664      |
| train/                  |             |
|    approx_kl            | 0.008188432 |
|    clip_fraction        | 0.0872      |
|    clip_range           | 0.2         |
|    entropy_loss         | -1.07       |
|    explained_variance   | 0.495       |
|    learning_rate        | 0.0003      |
|    loss                 | 1.09        |
|    n_updates            | 450         |
|    policy_gradient_loss | -0.000319   |
|    std                  | 0.71        |
|    value_loss           | 8.85        |
-----------------------------------------
----------------------------------------
| rollout/                |            |
|    ep_len_mean          | 3.72e+03   |
|    ep_rew_mean          | 2.48e+03   |
| time/                   |            |
|    fps                  | 380        |
|    iterations           | 47         |
|    time_elapsed         | 2021       |
|    total_timesteps      | 770048     |
| train/                  |            |
|    approx_kl            | 0.00957319 |
|    clip_fraction        | 0.0883     |
|    clip_range           | 0.2        |
|    entropy_loss         | -1.06      |
|    explained_variance   | 0.35       |
|    learning_rate        | 0.0003     |
|    loss                 | 2.52       |
|    n_updates            | 460        |
|    policy_gradient_loss | -0.000943  |
|    std                  | 0.69       |
|    value_loss           | 7.88       |
----------------------------------------
------------------------------------------
| rollout/                |              |
|    ep_len_mean          | 3.6e+03      |
|    ep_rew_mean          | 2.4e+03      |
| time/                   |              |
|    fps                  | 380          |
|    iterations           | 48           |
|    time_elapsed         | 2065         |
|    total_timesteps      | 786432       |
| train/                  |              |
|    approx_kl            | 0.0075535704 |
|    clip_fraction        | 0.0794       |
|    clip_range           | 0.2          |
|    entropy_loss         | -1.04        |
|    explained_variance   | 0.303        |
|    learning_rate        | 0.0003       |
|    loss                 | 3.68         |
|    n_updates            | 470          |
|    policy_gradient_loss | 0.000389     |
|    std                  | 0.68         |
|    value_loss           | 5.5          |
------------------------------------------
-----------------------------------------
| rollout/                |             |
|    ep_len_mean          | 3.6e+03     |
|    ep_rew_mean          | 2.4e+03     |
| time/                   |             |
|    fps                  | 380         |
|    iterations           | 49          |
|    time_elapsed         | 2109        |
|    total_timesteps      | 802816      |
| train/                  |             |
|    approx_kl            | 0.006795286 |
|    clip_fraction        | 0.0766      |
|    clip_range           | 0.2         |
|    entropy_loss         | -1.03       |
|    explained_variance   | 0.144       |
|    learning_rate        | 0.0003      |
|    loss                 | 2.44        |
|    n_updates            | 480         |
|    policy_gradient_loss | 0.000371    |
|    std                  | 0.673       |
|    value_loss           | 7.62        |
-----------------------------------------
-----------------------------------------
| rollout/                |             |
|    ep_len_mean          | 3.6e+03     |
|    ep_rew_mean          | 2.4e+03     |
| time/                   |             |
|    fps                  | 380         |
|    iterations           | 50          |
|    time_elapsed         | 2154        |
|    total_timesteps      | 819200      |
| train/                  |             |
|    approx_kl            | 0.006133403 |
|    clip_fraction        | 0.0747      |
|    clip_range           | 0.2         |
|    entropy_loss         | -1.02       |
|    explained_variance   | 0.165       |
|    learning_rate        | 0.0003      |
|    loss                 | 2.35        |
|    n_updates            | 490         |
|    policy_gradient_loss | 0.00163     |
|    std                  | 0.667       |
|    value_loss           | 4.63        |
-----------------------------------------
------------------------------------------
| rollout/                |              |
|    ep_len_mean          | 3.6e+03      |
|    ep_rew_mean          | 2.4e+03      |
| time/                   |              |
|    fps                  | 380          |
|    iterations           | 51           |
|    time_elapsed         | 2198         |
|    total_timesteps      | 835584       |
| train/                  |              |
|    approx_kl            | 0.0052276524 |
|    clip_fraction        | 0.0651       |
|    clip_range           | 0.2          |
|    entropy_loss         | -1.01        |
|    explained_variance   | 0.137        |
|    learning_rate        | 0.0003       |
|    loss                 | 1.61         |
|    n_updates            | 500          |
|    policy_gradient_loss | 0.00119      |
|    std                  | 0.661        |
|    value_loss           | 4.53         |
------------------------------------------
-----------------------------------------
| rollout/                |             |
|    ep_len_mean          | 3.6e+03     |
|    ep_rew_mean          | 2.4e+03     |
| time/                   |             |
|    fps                  | 379         |
|    iterations           | 52          |
|    time_elapsed         | 2243        |
|    total_timesteps      | 851968      |
| train/                  |             |
|    approx_kl            | 0.006343607 |
|    clip_fraction        | 0.0674      |
|    clip_range           | 0.2         |
|    entropy_loss         | -1          |
|    explained_variance   | 0.126       |
|    learning_rate        | 0.0003      |
|    loss                 | 2.36        |
|    n_updates            | 510         |
|    policy_gradient_loss | 0.00164     |
|    std                  | 0.659       |
|    value_loss           | 4.4         |
-----------------------------------------
-----------------------------------------
| rollout/                |             |
|    ep_len_mean          | 3.51e+03    |
|    ep_rew_mean          | 2.34e+03    |
| time/                   |             |
|    fps                  | 379         |
|    iterations           | 53          |
|    time_elapsed         | 2288        |
|    total_timesteps      | 868352      |
| train/                  |             |
|    approx_kl            | 0.007875009 |
|    clip_fraction        | 0.0642      |
|    clip_range           | 0.2         |
|    entropy_loss         | -1.01       |
|    explained_variance   | 0.128       |
|    learning_rate        | 0.0003      |
|    loss                 | 1.97        |
|    n_updates            | 520         |
|    policy_gradient_loss | 0.00169     |
|    std                  | 0.665       |
|    value_loss           | 4.44        |
-----------------------------------------
-----------------------------------------
| rollout/                |             |
|    ep_len_mean          | 3.46e+03    |
|    ep_rew_mean          | 2.31e+03    |
| time/                   |             |
|    fps                  | 379         |
|    iterations           | 54          |
|    time_elapsed         | 2332        |
|    total_timesteps      | 884736      |
| train/                  |             |
|    approx_kl            | 0.007290008 |
|    clip_fraction        | 0.0778      |
|    clip_range           | 0.2         |
|    entropy_loss         | -1          |
|    explained_variance   | 0.121       |
|    learning_rate        | 0.0003      |
|    loss                 | 2.16        |
|    n_updates            | 530         |
|    policy_gradient_loss | 0.00044     |
|    std                  | 0.656       |
|    value_loss           | 6.26        |
-----------------------------------------
------------------------------------------
| rollout/                |              |
|    ep_len_mean          | 3.46e+03     |
|    ep_rew_mean          | 2.31e+03     |
| time/                   |              |
|    fps                  | 379          |
|    iterations           | 55           |
|    time_elapsed         | 2376         |
|    total_timesteps      | 901120       |
| train/                  |              |
|    approx_kl            | 0.0068418668 |
|    clip_fraction        | 0.0773       |
|    clip_range           | 0.2          |
|    entropy_loss         | -0.999       |
|    explained_variance   | 0.111        |
|    learning_rate        | 0.0003       |
|    loss                 | 1.85         |
|    n_updates            | 540          |
|    policy_gradient_loss | 0.000291     |
|    std                  | 0.655        |
|    value_loss           | 7.36         |
------------------------------------------
-----------------------------------------
| rollout/                |             |
|    ep_len_mean          | 3.69e+03    |
|    ep_rew_mean          | 2.38e+03    |
| time/                   |             |
|    fps                  | 379         |
|    iterations           | 56          |
|    time_elapsed         | 2420        |
|    total_timesteps      | 917504      |
| train/                  |             |
|    approx_kl            | 0.009465257 |
|    clip_fraction        | 0.0836      |
|    clip_range           | 0.2         |
|    entropy_loss         | -0.995      |
|    explained_variance   | 0.253       |
|    learning_rate        | 0.0003      |
|    loss                 | 2.07        |
|    n_updates            | 550         |
|    policy_gradient_loss | 0.000664    |
|    std                  | 0.653       |
|    value_loss           | 4.44        |
-----------------------------------------
-----------------------------------------
| rollout/                |             |
|    ep_len_mean          | 3.69e+03    |
|    ep_rew_mean          | 2.38e+03    |
| time/                   |             |
|    fps                  | 379         |
|    iterations           | 57          |
|    time_elapsed         | 2464        |
|    total_timesteps      | 933888      |
| train/                  |             |
|    approx_kl            | 0.010101313 |
|    clip_fraction        | 0.105       |
|    clip_range           | 0.2         |
|    entropy_loss         | -0.984      |
|    explained_variance   | 0.227       |
|    learning_rate        | 0.0003      |
|    loss                 | 2.13        |
|    n_updates            | 560         |
|    policy_gradient_loss | -0.000348   |
|    std                  | 0.643       |
|    value_loss           | 6.3         |
-----------------------------------------
----------------------------------------
| rollout/                |            |
|    ep_len_mean          | 3.69e+03   |
|    ep_rew_mean          | 2.38e+03   |
| time/                   |            |
|    fps                  | 379        |
|    iterations           | 58         |
|    time_elapsed         | 2507       |
|    total_timesteps      | 950272     |
| train/                  |            |
|    approx_kl            | 0.01270881 |
|    clip_fraction        | 0.15       |
|    clip_range           | 0.2        |
|    entropy_loss         | -0.998     |
|    explained_variance   | 0.404      |
|    learning_rate        | 0.0003     |
|    loss                 | 1.88       |
|    n_updates            | 570        |
|    policy_gradient_loss | -0.00301   |
|    std                  | 0.655      |
|    value_loss           | 2.91       |
----------------------------------------
-----------------------------------------
| rollout/                |             |
|    ep_len_mean          | 3.69e+03    |
|    ep_rew_mean          | 2.38e+03    |
| time/                   |             |
|    fps                  | 378         |
|    iterations           | 59          |
|    time_elapsed         | 2551        |
|    total_timesteps      | 966656      |
| train/                  |             |
|    approx_kl            | 0.009304408 |
|    clip_fraction        | 0.116       |
|    clip_range           | 0.2         |
|    entropy_loss         | -0.987      |
|    explained_variance   | 0.561       |
|    learning_rate        | 0.0003      |
|    loss                 | 1.58        |
|    n_updates            | 580         |
|    policy_gradient_loss | -0.000718   |
|    std                  | 0.65        |
|    value_loss           | 2.44        |
-----------------------------------------
-----------------------------------------
| rollout/                |             |
|    ep_len_mean          | 3.69e+03    |
|    ep_rew_mean          | 2.38e+03    |
| time/                   |             |
|    fps                  | 378         |
|    iterations           | 60          |
|    time_elapsed         | 2596        |
|    total_timesteps      | 983040      |
| train/                  |             |
|    approx_kl            | 0.007125947 |
|    clip_fraction        | 0.077       |
|    clip_range           | 0.2         |
|    entropy_loss         | -0.989      |
|    explained_variance   | 0.691       |
|    learning_rate        | 0.0003      |
|    loss                 | 0.946       |
|    n_updates            | 590         |
|    policy_gradient_loss | 0.00178     |
|    std                  | 0.649       |
|    value_loss           | 1.43        |
-----------------------------------------
-----------------------------------------
| rollout/                |             |
|    ep_len_mean          | 3.69e+03    |
|    ep_rew_mean          | 2.38e+03    |
| time/                   |             |
|    fps                  | 378         |
|    iterations           | 61          |
|    time_elapsed         | 2643        |
|    total_timesteps      | 999424      |
| train/                  |             |
|    approx_kl            | 0.006369572 |
|    clip_fraction        | 0.0677      |
|    clip_range           | 0.2         |
|    entropy_loss         | -1.02       |
|    explained_variance   | 0.862       |
|    learning_rate        | 0.0003      |
|    loss                 | 0.023       |
|    n_updates            | 600         |
|    policy_gradient_loss | 0.00505     |
|    std                  | 0.678       |
|    value_loss           | 0.331       |
-----------------------------------------
------------------------------------------
| rollout/                |              |
|    ep_len_mean          | 4.04e+03     |
|    ep_rew_mean          | 2.52e+03     |
| time/                   |              |
|    fps                  | 377          |
|    iterations           | 62           |
|    time_elapsed         | 2687         |
|    total_timesteps      | 1015808      |
| train/                  |              |
|    approx_kl            | 0.0051931636 |
|    clip_fraction        | 0.0597       |
|    clip_range           | 0.2          |
|    entropy_loss         | -1.04        |
|    explained_variance   | 0.903        |
|    learning_rate        | 0.0003       |
|    loss                 | 0.65         |
|    n_updates            | 610          |
|    policy_gradient_loss | 0.00101      |
|    std                  | 0.688        |
|    value_loss           | 1.26         |
------------------------------------------
ppo_attn_merge_dense_v2_seed1 obs shape: (15, 5) action space: Box(-1.0, 1.0, (1,), float32)
Using cpu device
Logging to runs/tb/ppo_attn_merge_dense_v2_seed1_1
---------------------------------
| rollout/           |          |
|    ep_len_mean     | 16.9     |
|    ep_rew_mean     | 13.1     |
| time/              |          |
|    fps             | 417      |
|    iterations      | 1        |
|    time_elapsed    | 39       |
|    total_timesteps | 16384    |
---------------------------------
-----------------------------------------
| rollout/                |             |
|    ep_len_mean          | 102         |
|    ep_rew_mean          | 68.6        |
| time/                   |             |
|    fps                  | 393         |
|    iterations           | 2           |
|    time_elapsed         | 83          |
|    total_timesteps      | 32768       |
| train/                  |             |
|    approx_kl            | 0.010423333 |
|    clip_fraction        | 0.139       |
|    clip_range           | 0.2         |
|    entropy_loss         | -1.43       |
|    explained_variance   | 0.0113      |
|    learning_rate        | 0.0003      |
|    loss                 | 2.43        |
|    n_updates            | 10          |
|    policy_gradient_loss | -0.0113     |
|    std                  | 1.01        |
|    value_loss           | 7.15        |
-----------------------------------------
-----------------------------------------
| rollout/                |             |
|    ep_len_mean          | 61.2        |
|    ep_rew_mean          | 39.3        |
| time/                   |             |
|    fps                  | 389         |
|    iterations           | 3           |
|    time_elapsed         | 126         |
|    total_timesteps      | 49152       |
| train/                  |             |
|    approx_kl            | 0.012399867 |
|    clip_fraction        | 0.154       |
|    clip_range           | 0.2         |
|    entropy_loss         | -1.42       |
|    explained_variance   | 0.618       |
|    learning_rate        | 0.0003      |
|    loss                 | 4.98        |
|    n_updates            | 20          |
|    policy_gradient_loss | -0.0166     |
|    std                  | 0.986       |
|    value_loss           | 11.8        |
-----------------------------------------
------------------------------------------
| rollout/                |              |
|    ep_len_mean          | 128          |
|    ep_rew_mean          | 82.8         |
| time/                   |              |
|    fps                  | 392          |
|    iterations           | 4            |
|    time_elapsed         | 167          |
|    total_timesteps      | 65536        |
| train/                  |              |
|    approx_kl            | 0.0109055955 |
|    clip_fraction        | 0.145        |
|    clip_range           | 0.2          |
|    entropy_loss         | -1.39        |
|    explained_variance   | 0.588        |
|    learning_rate        | 0.0003       |
|    loss                 | 8.11         |
|    n_updates            | 30           |
|    policy_gradient_loss | -0.0225      |
|    std                  | 0.965        |
|    value_loss           | 16.5         |
------------------------------------------
----------------------------------------
| rollout/                |            |
|    ep_len_mean          | 176        |
|    ep_rew_mean          | 115        |
| time/                   |            |
|    fps                  | 393        |
|    iterations           | 5          |
|    time_elapsed         | 208        |
|    total_timesteps      | 81920      |
| train/                  |            |
|    approx_kl            | 0.00926627 |
|    clip_fraction        | 0.0954     |
|    clip_range           | 0.2        |
|    entropy_loss         | -1.35      |
|    explained_variance   | 0.513      |
|    learning_rate        | 0.0003     |
|    loss                 | 1.57       |
|    n_updates            | 40         |
|    policy_gradient_loss | -0.00843   |
|    std                  | 0.919      |
|    value_loss           | 6.17       |
----------------------------------------
-----------------------------------------
| rollout/                |             |
|    ep_len_mean          | 176         |
|    ep_rew_mean          | 115         |
| time/                   |             |
|    fps                  | 392         |
|    iterations           | 6           |
|    time_elapsed         | 250         |
|    total_timesteps      | 98304       |
| train/                  |             |
|    approx_kl            | 0.008627119 |
|    clip_fraction        | 0.0947      |
|    clip_range           | 0.2         |
|    entropy_loss         | -1.32       |
|    explained_variance   | 0.46        |
|    learning_rate        | 0.0003      |
|    loss                 | 1.4         |
|    n_updates            | 50          |
|    policy_gradient_loss | -0.00113    |
|    std                  | 0.905       |
|    value_loss           | 3.37        |
-----------------------------------------
-----------------------------------------
| rollout/                |             |
|    ep_len_mean          | 256         |
|    ep_rew_mean          | 168         |
| time/                   |             |
|    fps                  | 390         |
|    iterations           | 7           |
|    time_elapsed         | 293         |
|    total_timesteps      | 114688      |
| train/                  |             |
|    approx_kl            | 0.008219095 |
|    clip_fraction        | 0.102       |
|    clip_range           | 0.2         |
|    entropy_loss         | -1.3        |
|    explained_variance   | 0.743       |
|    learning_rate        | 0.0003      |
|    loss                 | 0.551       |
|    n_updates            | 60          |
|    policy_gradient_loss | -0.00291    |
|    std                  | 0.884       |
|    value_loss           | 2.01        |
-----------------------------------------
------------------------------------------
| rollout/                |              |
|    ep_len_mean          | 404          |
|    ep_rew_mean          | 267          |
| time/                   |              |
|    fps                  | 389          |
|    iterations           | 8            |
|    time_elapsed         | 336          |
|    total_timesteps      | 131072       |
| train/                  |              |
|    approx_kl            | 0.0077647963 |
|    clip_fraction        | 0.085        |
|    clip_range           | 0.2          |
|    entropy_loss         | -1.28        |
|    explained_variance   | 0.715        |
|    learning_rate        | 0.0003       |
|    loss                 | 0.845        |
|    n_updates            | 70           |
|    policy_gradient_loss | -0.00178     |
|    std                  | 0.873        |
|    value_loss           | 2.91         |
------------------------------------------
-----------------------------------------
| rollout/                |             |
|    ep_len_mean          | 404         |
|    ep_rew_mean          | 267         |
| time/                   |             |
|    fps                  | 388         |
|    iterations           | 9           |
|    time_elapsed         | 379         |
|    total_timesteps      | 147456      |
| train/                  |             |
|    approx_kl            | 0.010417515 |
|    clip_fraction        | 0.115       |
|    clip_range           | 0.2         |
|    entropy_loss         | -1.26       |
|    explained_variance   | 0.704       |
|    learning_rate        | 0.0003      |
|    loss                 | 11.7        |
|    n_updates            | 80          |
|    policy_gradient_loss | -0.00285    |
|    std                  | 0.845       |
|    value_loss           | 3.48        |
-----------------------------------------
----------------------------------------
| rollout/                |            |
|    ep_len_mean          | 404        |
|    ep_rew_mean          | 267        |
| time/                   |            |
|    fps                  | 388        |
|    iterations           | 10         |
|    time_elapsed         | 421        |
|    total_timesteps      | 163840     |
| train/                  |            |
|    approx_kl            | 0.00882746 |
|    clip_fraction        | 0.103      |
|    clip_range           | 0.2        |
|    entropy_loss         | -1.24      |
|    explained_variance   | 0.864      |
|    learning_rate        | 0.0003     |
|    loss                 | 0.165      |
|    n_updates            | 90         |
|    policy_gradient_loss | -0.00169   |
|    std                  | 0.831      |
|    value_loss           | 1.17       |
----------------------------------------
-----------------------------------------
| rollout/                |             |
|    ep_len_mean          | 467         |
|    ep_rew_mean          | 309         |
| time/                   |             |
|    fps                  | 388         |
|    iterations           | 11          |
|    time_elapsed         | 463         |
|    total_timesteps      | 180224      |
| train/                  |             |
|    approx_kl            | 0.004966774 |
|    clip_fraction        | 0.0646      |
|    clip_range           | 0.2         |
|    entropy_loss         | -1.23       |
|    explained_variance   | 0.936       |
|    learning_rate        | 0.0003      |
|    loss                 | 0.0932      |
|    n_updates            | 100         |
|    policy_gradient_loss | -0.000123   |
|    std                  | 0.84        |
|    value_loss           | 0.51        |
-----------------------------------------
------------------------------------------
| rollout/                |              |
|    ep_len_mean          | 714          |
|    ep_rew_mean          | 474          |
| time/                   |              |
|    fps                  | 388          |
|    iterations           | 12           |
|    time_elapsed         | 505          |
|    total_timesteps      | 196608       |
| train/                  |              |
|    approx_kl            | 0.0049889954 |
|    clip_fraction        | 0.0536       |
|    clip_range           | 0.2          |
|    entropy_loss         | -1.26        |
|    explained_variance   | 0.915        |
|    learning_rate        | 0.0003       |
|    loss                 | 0.0469       |
|    n_updates            | 110          |
|    policy_gradient_loss | 0.000208     |
|    std                  | 0.867        |
|    value_loss           | 2.07         |
------------------------------------------
-----------------------------------------
| rollout/                |             |
|    ep_len_mean          | 714         |
|    ep_rew_mean          | 474         |
| time/                   |             |
|    fps                  | 388         |
|    iterations           | 13          |
|    time_elapsed         | 548         |
|    total_timesteps      | 212992      |
| train/                  |             |
|    approx_kl            | 0.005611512 |
|    clip_fraction        | 0.0679      |
|    clip_range           | 0.2         |
|    entropy_loss         | -1.27       |
|    explained_variance   | 0.88        |
|    learning_rate        | 0.0003      |
|    loss                 | 4.24        |
|    n_updates            | 120         |
|    policy_gradient_loss | -0.00118    |
|    std                  | 0.864       |
|    value_loss           | 3.81        |
-----------------------------------------
------------------------------------------
| rollout/                |              |
|    ep_len_mean          | 714          |
|    ep_rew_mean          | 474          |
| time/                   |              |
|    fps                  | 388          |
|    iterations           | 14           |
|    time_elapsed         | 590          |
|    total_timesteps      | 229376       |
| train/                  |              |
|    approx_kl            | 0.0054403255 |
|    clip_fraction        | 0.0607       |
|    clip_range           | 0.2          |
|    entropy_loss         | -1.28        |
|    explained_variance   | 0.982        |
|    learning_rate        | 0.0003       |
|    loss                 | 0.0123       |
|    n_updates            | 130          |
|    policy_gradient_loss | -0.00173     |
|    std                  | 0.866        |
|    value_loss           | 0.0363       |
------------------------------------------
-----------------------------------------
| rollout/                |             |
|    ep_len_mean          | 714         |
|    ep_rew_mean          | 474         |
| time/                   |             |
|    fps                  | 388         |
|    iterations           | 15          |
|    time_elapsed         | 632         |
|    total_timesteps      | 245760      |
| train/                  |             |
|    approx_kl            | 0.004920952 |
|    clip_fraction        | 0.0514      |
|    clip_range           | 0.2         |
|    entropy_loss         | -1.29       |
|    explained_variance   | 0.993       |
|    learning_rate        | 0.0003      |
|    loss                 | 0.00395     |
|    n_updates            | 140         |
|    policy_gradient_loss | -0.00177    |
|    std                  | 0.892       |
|    value_loss           | 0.0206      |
-----------------------------------------
-----------------------------------------
| rollout/                |             |
|    ep_len_mean          | 714         |
|    ep_rew_mean          | 474         |
| time/                   |             |
|    fps                  | 388         |
|    iterations           | 16          |
|    time_elapsed         | 675         |
|    total_timesteps      | 262144      |
| train/                  |             |
|    approx_kl            | 0.005633055 |
|    clip_fraction        | 0.0583      |
|    clip_range           | 0.2         |
|    entropy_loss         | -1.33       |
|    explained_variance   | 0.99        |
|    learning_rate        | 0.0003      |
|    loss                 | 0.0137      |
|    n_updates            | 150         |
|    policy_gradient_loss | -0.00347    |
|    std                  | 0.934       |
|    value_loss           | 0.265       |
-----------------------------------------
-----------------------------------------
| rollout/                |             |
|    ep_len_mean          | 1.16e+03    |
|    ep_rew_mean          | 697         |
| time/                   |             |
|    fps                  | 387         |
|    iterations           | 17          |
|    time_elapsed         | 718         |
|    total_timesteps      | 278528      |
| train/                  |             |
|    approx_kl            | 0.008397603 |
|    clip_fraction        | 0.0937      |
|    clip_range           | 0.2         |
|    entropy_loss         | -1.33       |
|    explained_variance   | 0.993       |
|    learning_rate        | 0.0003      |
|    loss                 | 0.0285      |
|    n_updates            | 160         |
|    policy_gradient_loss | -0.0025     |
|    std                  | 0.91        |
|    value_loss           | 0.295       |
-----------------------------------------
-----------------------------------------
| rollout/                |             |
|    ep_len_mean          | 1.16e+03    |
|    ep_rew_mean          | 697         |
| time/                   |             |
|    fps                  | 387         |
|    iterations           | 18          |
|    time_elapsed         | 760         |
|    total_timesteps      | 294912      |
| train/                  |             |
|    approx_kl            | 0.010378423 |
|    clip_fraction        | 0.134       |
|    clip_range           | 0.2         |
|    entropy_loss         | -1.31       |
|    explained_variance   | 0.904       |
|    learning_rate        | 0.0003      |
|    loss                 | 0.0226      |
|    n_updates            | 170         |
|    policy_gradient_loss | -0.00326    |
|    std                  | 0.893       |
|    value_loss           | 2.7         |
-----------------------------------------
----------------------------------------
| rollout/                |            |
|    ep_len_mean          | 1.16e+03   |
|    ep_rew_mean          | 697        |
| time/                   |            |
|    fps                  | 387        |
|    iterations           | 19         |
|    time_elapsed         | 804        |
|    total_timesteps      | 311296     |
| train/                  |            |
|    approx_kl            | 0.02245307 |
|    clip_fraction        | 0.251      |
|    clip_range           | 0.2        |
|    entropy_loss         | -1.26      |
|    explained_variance   | 0.91       |
|    learning_rate        | 0.0003     |
|    loss                 | 0.0123     |
|    n_updates            | 180        |
|    policy_gradient_loss | -0.0185    |
|    std                  | 0.851      |
|    value_loss           | 0.00489    |
----------------------------------------
----------------------------------------
| rollout/                |            |
|    ep_len_mean          | 1.16e+03   |
|    ep_rew_mean          | 697        |
| time/                   |            |
|    fps                  | 385        |
|    iterations           | 20         |
|    time_elapsed         | 849        |
|    total_timesteps      | 327680     |
| train/                  |            |
|    approx_kl            | 0.02038476 |
|    clip_fraction        | 0.257      |
|    clip_range           | 0.2        |
|    entropy_loss         | -1.23      |
|    explained_variance   | 0.919      |
|    learning_rate        | 0.0003     |
|    loss                 | 0.0128     |
|    n_updates            | 190        |
|    policy_gradient_loss | -0.0193    |
|    std                  | 0.82       |
|    value_loss           | 0.00288    |
----------------------------------------
----------------------------------------
| rollout/                |            |
|    ep_len_mean          | 1.16e+03   |
|    ep_rew_mean          | 697        |
| time/                   |            |
|    fps                  | 384        |
|    iterations           | 21         |
|    time_elapsed         | 894        |
|    total_timesteps      | 344064     |
| train/                  |            |
|    approx_kl            | 0.01646507 |
|    clip_fraction        | 0.226      |
|    clip_range           | 0.2        |
|    entropy_loss         | -1.21      |
|    explained_variance   | 0.91       |
|    learning_rate        | 0.0003     |
|    loss                 | -0.0232    |
|    n_updates            | 200        |
|    policy_gradient_loss | -0.0134    |
|    std                  | 0.806      |
|    value_loss           | 0.00196    |
----------------------------------------
----------------------------------------
| rollout/                |            |
|    ep_len_mean          | 1.72e+03   |
|    ep_rew_mean          | 1.07e+03   |
| time/                   |            |
|    fps                  | 384        |
|    iterations           | 22         |
|    time_elapsed         | 938        |
|    total_timesteps      | 360448     |
| train/                  |            |
|    approx_kl            | 0.01953952 |
|    clip_fraction        | 0.251      |
|    clip_range           | 0.2        |
|    entropy_loss         | -1.18      |
|    explained_variance   | 0.913      |
|    learning_rate        | 0.0003     |
|    loss                 | -0.00561   |
|    n_updates            | 210        |
|    policy_gradient_loss | -0.0163    |
|    std                  | 0.784      |
|    value_loss           | 0.00149    |
----------------------------------------
------------------------------------------
| rollout/                |              |
|    ep_len_mean          | 2.1e+03      |
|    ep_rew_mean          | 1.33e+03     |
| time/                   |              |
|    fps                  | 383          |
|    iterations           | 23           |
|    time_elapsed         | 981          |
|    total_timesteps      | 376832       |
| train/                  |              |
|    approx_kl            | 0.0116480505 |
|    clip_fraction        | 0.143        |
|    clip_range           | 0.2          |
|    entropy_loss         | -1.18        |
|    explained_variance   | -0.0425      |
|    learning_rate        | 0.0003       |
|    loss                 | 0.48         |
|    n_updates            | 220          |
|    policy_gradient_loss | -0.00122     |
|    std                  | 0.792        |
|    value_loss           | 3.94         |
------------------------------------------
-----------------------------------------
| rollout/                |             |
|    ep_len_mean          | 2.1e+03     |
|    ep_rew_mean          | 1.33e+03    |
| time/                   |             |
|    fps                  | 383         |
|    iterations           | 24          |
|    time_elapsed         | 1026        |
|    total_timesteps      | 393216      |
| train/                  |             |
|    approx_kl            | 0.006837665 |
|    clip_fraction        | 0.0542      |
|    clip_range           | 0.2         |
|    entropy_loss         | -1.22       |
|    explained_variance   | 0.0218      |
|    learning_rate        | 0.0003      |
|    loss                 | 0.422       |
|    n_updates            | 230         |
|    policy_gradient_loss | 0.00382     |
|    std                  | 0.832       |
|    value_loss           | 4.35        |
-----------------------------------------
------------------------------------------
| rollout/                |              |
|    ep_len_mean          | 2.18e+03     |
|    ep_rew_mean          | 1.38e+03     |
| time/                   |              |
|    fps                  | 382          |
|    iterations           | 25           |
|    time_elapsed         | 1071         |
|    total_timesteps      | 409600       |
| train/                  |              |
|    approx_kl            | 0.0042240275 |
|    clip_fraction        | 0.0452       |
|    clip_range           | 0.2          |
|    entropy_loss         | -1.27        |
|    explained_variance   | 0.776        |
|    learning_rate        | 0.0003       |
|    loss                 | 0.0119       |
|    n_updates            | 240          |
|    policy_gradient_loss | 0.00233      |
|    std                  | 0.864        |
|    value_loss           | 0.0207       |
------------------------------------------
------------------------------------------
| rollout/                |              |
|    ep_len_mean          | 2.18e+03     |
|    ep_rew_mean          | 1.38e+03     |
| time/                   |              |
|    fps                  | 381          |
|    iterations           | 26           |
|    time_elapsed         | 1115         |
|    total_timesteps      | 425984       |
| train/                  |              |
|    approx_kl            | 0.0044174707 |
|    clip_fraction        | 0.042        |
|    clip_range           | 0.2          |
|    entropy_loss         | -1.29        |
|    explained_variance   | 0.799        |
|    learning_rate        | 0.0003       |
|    loss                 | 0.0784       |
|    n_updates            | 250          |
|    policy_gradient_loss | 0.000212     |
|    std                  | 0.884        |
|    value_loss           | 2.41         |
------------------------------------------
------------------------------------------
| rollout/                |              |
|    ep_len_mean          | 3.17e+03     |
|    ep_rew_mean          | 2.04e+03     |
| time/                   |              |
|    fps                  | 381          |
|    iterations           | 27           |
|    time_elapsed         | 1160         |
|    total_timesteps      | 442368       |
| train/                  |              |
|    approx_kl            | 0.0041723317 |
|    clip_fraction        | 0.0449       |
|    clip_range           | 0.2          |
|    entropy_loss         | -1.32        |
|    explained_variance   | 0.952        |
|    learning_rate        | 0.0003       |
|    loss                 | 0.251        |
|    n_updates            | 260          |
|    policy_gradient_loss | -0.0011      |
|    std                  | 0.911        |
|    value_loss           | 0.364        |
------------------------------------------
-----------------------------------------
| rollout/                |             |
|    ep_len_mean          | 3.38e+03    |
|    ep_rew_mean          | 2.15e+03    |
| time/                   |             |
|    fps                  | 381         |
|    iterations           | 28          |
|    time_elapsed         | 1203        |
|    total_timesteps      | 458752      |
| train/                  |             |
|    approx_kl            | 0.004636869 |
|    clip_fraction        | 0.0653      |
|    clip_range           | 0.2         |
|    entropy_loss         | -1.32       |
|    explained_variance   | 0.732       |
|    learning_rate        | 0.0003      |
|    loss                 | 0.143       |
|    n_updates            | 270         |
|    policy_gradient_loss | -0.0016     |
|    std                  | 0.901       |
|    value_loss           | 8.08        |
-----------------------------------------
-----------------------------------------
| rollout/                |             |
|    ep_len_mean          | 3.38e+03    |
|    ep_rew_mean          | 2.15e+03    |
| time/                   |             |
|    fps                  | 381         |
|    iterations           | 29          |
|    time_elapsed         | 1246        |
|    total_timesteps      | 475136      |
| train/                  |             |
|    approx_kl            | 0.009709213 |
|    clip_fraction        | 0.132       |
|    clip_range           | 0.2         |
|    entropy_loss         | -1.3        |
|    explained_variance   | 0.604       |
|    learning_rate        | 0.0003      |
|    loss                 | 0.0422      |
|    n_updates            | 280         |
|    policy_gradient_loss | -0.00172    |
|    std                  | 0.891       |
|    value_loss           | 4.54        |
-----------------------------------------
-----------------------------------------
| rollout/                |             |
|    ep_len_mean          | 3.38e+03    |
|    ep_rew_mean          | 2.15e+03    |
| time/                   |             |
|    fps                  | 380         |
|    iterations           | 30          |
|    time_elapsed         | 1290        |
|    total_timesteps      | 491520      |
| train/                  |             |
|    approx_kl            | 0.010972073 |
|    clip_fraction        | 0.112       |
|    clip_range           | 0.2         |
|    entropy_loss         | -1.25       |
|    explained_variance   | 0.61        |
|    learning_rate        | 0.0003      |
|    loss                 | -0.0399     |
|    n_updates            | 290         |
|    policy_gradient_loss | -0.00393    |
|    std                  | 0.839       |
|    value_loss           | 0.00125     |
-----------------------------------------
-----------------------------------------
| rollout/                |             |
|    ep_len_mean          | 3.38e+03    |
|    ep_rew_mean          | 2.15e+03    |
| time/                   |             |
|    fps                  | 381         |
|    iterations           | 31          |
|    time_elapsed         | 1333        |
|    total_timesteps      | 507904      |
| train/                  |             |
|    approx_kl            | 0.005352562 |
|    clip_fraction        | 0.0576      |
|    clip_range           | 0.2         |
|    entropy_loss         | -1.25       |
|    explained_variance   | 0.927       |
|    learning_rate        | 0.0003      |
|    loss                 | 0.00388     |
|    n_updates            | 300         |
|    policy_gradient_loss | 0.0014      |
|    std                  | 0.843       |
|    value_loss           | 0.000431    |
-----------------------------------------
-----------------------------------------
| rollout/                |             |
|    ep_len_mean          | 3.8e+03     |
|    ep_rew_mean          | 2.43e+03    |
| time/                   |             |
|    fps                  | 381         |
|    iterations           | 32          |
|    time_elapsed         | 1375        |
|    total_timesteps      | 524288      |
| train/                  |             |
|    approx_kl            | 0.012763916 |
|    clip_fraction        | 0.17        |
|    clip_range           | 0.2         |
|    entropy_loss         | -1.22       |
|    explained_variance   | 0.965       |
|    learning_rate        | 0.0003      |
|    loss                 | -0.0128     |
|    n_updates            | 310         |
|    policy_gradient_loss | -0.0108     |
|    std                  | 0.816       |
|    value_loss           | 0.00028     |
-----------------------------------------
----------------------------------------
| rollout/                |            |
|    ep_len_mean          | 3.8e+03    |
|    ep_rew_mean          | 2.43e+03   |
| time/                   |            |
|    fps                  | 381        |
|    iterations           | 33         |
|    time_elapsed         | 1418       |
|    total_timesteps      | 540672     |
| train/                  |            |
|    approx_kl            | 0.01092292 |
|    clip_fraction        | 0.159      |
|    clip_range           | 0.2        |
|    entropy_loss         | -1.21      |
|    explained_variance   | 0.0052     |
|    learning_rate        | 0.0003     |
|    loss                 | 1.95       |
|    n_updates            | 320        |
|    policy_gradient_loss | -0.00545   |
|    std                  | 0.808      |
|    value_loss           | 2.2        |
----------------------------------------
-----------------------------------------
| rollout/                |             |
|    ep_len_mean          | 3.8e+03     |
|    ep_rew_mean          | 2.43e+03    |
| time/                   |             |
|    fps                  | 380         |
|    iterations           | 34          |
|    time_elapsed         | 1462        |
|    total_timesteps      | 557056      |
| train/                  |             |
|    approx_kl            | 0.011751281 |
|    clip_fraction        | 0.149       |
|    clip_range           | 0.2         |
|    entropy_loss         | -1.19       |
|    explained_variance   | 0.871       |
|    learning_rate        | 0.0003      |
|    loss                 | -0.0135     |
|    n_updates            | 330         |
|    policy_gradient_loss | -0.00594    |
|    std                  | 0.791       |
|    value_loss           | 0.000528    |
-----------------------------------------
-----------------------------------------
| rollout/                |             |
|    ep_len_mean          | 3.8e+03     |
|    ep_rew_mean          | 2.43e+03    |
| time/                   |             |
|    fps                  | 380         |
|    iterations           | 35          |
|    time_elapsed         | 1506        |
|    total_timesteps      | 573440      |
| train/                  |             |
|    approx_kl            | 0.012616875 |
|    clip_fraction        | 0.163       |
|    clip_range           | 0.2         |
|    entropy_loss         | -1.17       |
|    explained_variance   | 0.912       |
|    learning_rate        | 0.0003      |
|    loss                 | -0.00631    |
|    n_updates            | 340         |
|    policy_gradient_loss | -0.00521    |
|    std                  | 0.778       |
|    value_loss           | 0.000643    |
-----------------------------------------
-----------------------------------------
| rollout/                |             |
|    ep_len_mean          | 4.45e+03    |
|    ep_rew_mean          | 2.86e+03    |
| time/                   |             |
|    fps                  | 379         |
|    iterations           | 36          |
|    time_elapsed         | 1552        |
|    total_timesteps      | 589824      |
| train/                  |             |
|    approx_kl            | 0.011007076 |
|    clip_fraction        | 0.146       |
|    clip_range           | 0.2         |
|    entropy_loss         | -1.16       |
|    explained_variance   | 0.931       |
|    learning_rate        | 0.0003      |
|    loss                 | -0.016      |
|    n_updates            | 350         |
|    policy_gradient_loss | -0.00607    |
|    std                  | 0.771       |
|    value_loss           | 0.000506    |
-----------------------------------------
-----------------------------------------
| rollout/                |             |
|    ep_len_mean          | 5.31e+03    |
|    ep_rew_mean          | 3.43e+03    |
| time/                   |             |
|    fps                  | 379         |
|    iterations           | 37          |
|    time_elapsed         | 1598        |
|    total_timesteps      | 606208      |
| train/                  |             |
|    approx_kl            | 0.013533813 |
|    clip_fraction        | 0.123       |
|    clip_range           | 0.2         |
|    entropy_loss         | -1.17       |
|    explained_variance   | 0.0939      |
|    learning_rate        | 0.0003      |
|    loss                 | 0.0321      |
|    n_updates            | 360         |
|    policy_gradient_loss | -0.000937   |
|    std                  | 0.793       |
|    value_loss           | 11.7        |
-----------------------------------------
-----------------------------------------
| rollout/                |             |
|    ep_len_mean          | 5.31e+03    |
|    ep_rew_mean          | 3.43e+03    |
| time/                   |             |
|    fps                  | 378         |
|    iterations           | 38          |
|    time_elapsed         | 1645        |
|    total_timesteps      | 622592      |
| train/                  |             |
|    approx_kl            | 0.009112861 |
|    clip_fraction        | 0.118       |
|    clip_range           | 0.2         |
|    entropy_loss         | -1.2        |
|    explained_variance   | 0.649       |
|    learning_rate        | 0.0003      |
|    loss                 | 1.47        |
|    n_updates            | 370         |
|    policy_gradient_loss | -0.00278    |
|    std                  | 0.81        |
|    value_loss           | 10.7        |
-----------------------------------------
------------------------------------------
| rollout/                |              |
|    ep_len_mean          | 5.31e+03     |
|    ep_rew_mean          | 3.43e+03     |
| time/                   |              |
|    fps                  | 377          |
|    iterations           | 39           |
|    time_elapsed         | 1691         |
|    total_timesteps      | 638976       |
| train/                  |              |
|    approx_kl            | 0.0061749886 |
|    clip_fraction        | 0.104        |
|    clip_range           | 0.2          |
|    entropy_loss         | -1.2         |
|    explained_variance   | 0.716        |
|    learning_rate        | 0.0003       |
|    loss                 | 2.81         |
|    n_updates            | 380          |
|    policy_gradient_loss | -0.00201     |
|    std                  | 0.792        |
|    value_loss           | 9.62         |
------------------------------------------
-----------------------------------------
| rollout/                |             |
|    ep_len_mean          | 5.31e+03    |
|    ep_rew_mean          | 3.43e+03    |
| time/                   |             |
|    fps                  | 377         |
|    iterations           | 40          |
|    time_elapsed         | 1735        |
|    total_timesteps      | 655360      |
| train/                  |             |
|    approx_kl            | 0.008078934 |
|    clip_fraction        | 0.0952      |
|    clip_range           | 0.2         |
|    entropy_loss         | -1.18       |
|    explained_variance   | 0.578       |
|    learning_rate        | 0.0003      |
|    loss                 | 7.75        |
|    n_updates            | 390         |
|    policy_gradient_loss | -0.00232    |
|    std                  | 0.784       |
|    value_loss           | 9.34        |
-----------------------------------------
------------------------------------------
| rollout/                |              |
|    ep_len_mean          | 5.31e+03     |
|    ep_rew_mean          | 3.43e+03     |
| time/                   |              |
|    fps                  | 377          |
|    iterations           | 41           |
|    time_elapsed         | 1779         |
|    total_timesteps      | 671744       |
| train/                  |              |
|    approx_kl            | 0.0082881525 |
|    clip_fraction        | 0.0956       |
|    clip_range           | 0.2          |
|    entropy_loss         | -1.16        |
|    explained_variance   | 0.406        |
|    learning_rate        | 0.0003       |
|    loss                 | 2.7          |
|    n_updates            | 400          |
|    policy_gradient_loss | -0.00128     |
|    std                  | 0.769        |
|    value_loss           | 7.52         |
------------------------------------------
------------------------------------------
| rollout/                |              |
|    ep_len_mean          | 5.43e+03     |
|    ep_rew_mean          | 3.52e+03     |
| time/                   |              |
|    fps                  | 377          |
|    iterations           | 42           |
|    time_elapsed         | 1822         |
|    total_timesteps      | 688128       |
| train/                  |              |
|    approx_kl            | 0.0067703994 |
|    clip_fraction        | 0.086        |
|    clip_range           | 0.2          |
|    entropy_loss         | -1.15        |
|    explained_variance   | 0.253        |
|    learning_rate        | 0.0003       |
|    loss                 | 3.23         |
|    n_updates            | 410          |
|    policy_gradient_loss | 0.000911     |
|    std                  | 0.761        |
|    value_loss           | 5.52         |
------------------------------------------
------------------------------------------
| rollout/                |              |
|    ep_len_mean          | 5.56e+03     |
|    ep_rew_mean          | 3.6e+03      |
| time/                   |              |
|    fps                  | 377          |
|    iterations           | 43           |
|    time_elapsed         | 1865         |
|    total_timesteps      | 704512       |
| train/                  |              |
|    approx_kl            | 0.0077014314 |
|    clip_fraction        | 0.0919       |
|    clip_range           | 0.2          |
|    entropy_loss         | -1.15        |
|    explained_variance   | 0.222        |
|    learning_rate        | 0.0003       |
|    loss                 | 3.07         |
|    n_updates            | 420          |
|    policy_gradient_loss | 0.000253     |
|    std                  | 0.767        |
|    value_loss           | 7.05         |
------------------------------------------
-----------------------------------------
| rollout/                |             |
|    ep_len_mean          | 5.56e+03    |
|    ep_rew_mean          | 3.6e+03     |
| time/                   |             |
|    fps                  | 377         |
|    iterations           | 44          |
|    time_elapsed         | 1907        |
|    total_timesteps      | 720896      |
| train/                  |             |
|    approx_kl            | 0.013315859 |
|    clip_fraction        | 0.115       |
|    clip_range           | 0.2         |
|    entropy_loss         | -1.14       |
|    explained_variance   | 0.303       |
|    learning_rate        | 0.0003      |
|    loss                 | 7.74        |
|    n_updates            | 430         |
|    policy_gradient_loss | -0.000728   |
|    std                  | 0.756       |
|    value_loss           | 6.66        |
-----------------------------------------
------------------------------------------
| rollout/                |              |
|    ep_len_mean          | 5.56e+03     |
|    ep_rew_mean          | 3.6e+03      |
| time/                   |              |
|    fps                  | 378          |
|    iterations           | 45           |
|    time_elapsed         | 1950         |
|    total_timesteps      | 737280       |
| train/                  |              |
|    approx_kl            | 0.0107620135 |
|    clip_fraction        | 0.13         |
|    clip_range           | 0.2          |
|    entropy_loss         | -1.12        |
|    explained_variance   | 0.414        |
|    learning_rate        | 0.0003       |
|    loss                 | 2.05         |
|    n_updates            | 440          |
|    policy_gradient_loss | -0.00128     |
|    std                  | 0.743        |
|    value_loss           | 4.8          |
------------------------------------------
------------------------------------------
| rollout/                |              |
|    ep_len_mean          | 5.74e+03     |
|    ep_rew_mean          | 3.73e+03     |
| time/                   |              |
|    fps                  | 378          |
|    iterations           | 46           |
|    time_elapsed         | 1993         |
|    total_timesteps      | 753664       |
| train/                  |              |
|    approx_kl            | 0.0100872405 |
|    clip_fraction        | 0.113        |
|    clip_range           | 0.2          |
|    entropy_loss         | -1.11        |
|    explained_variance   | 0.556        |
|    learning_rate        | 0.0003       |
|    loss                 | 2.08         |
|    n_updates            | 450          |
|    policy_gradient_loss | 0.000126     |
|    std                  | 0.73         |
|    value_loss           | 4.11         |
------------------------------------------
-----------------------------------------
| rollout/                |             |
|    ep_len_mean          | 5.74e+03    |
|    ep_rew_mean          | 3.73e+03    |
| time/                   |             |
|    fps                  | 378         |
|    iterations           | 47          |
|    time_elapsed         | 2035        |
|    total_timesteps      | 770048      |
| train/                  |             |
|    approx_kl            | 0.009253953 |
|    clip_fraction        | 0.114       |
|    clip_range           | 0.2         |
|    entropy_loss         | -1.09       |
|    explained_variance   | 0.595       |
|    learning_rate        | 0.0003      |
|    loss                 | 2.67        |
|    n_updates            | 460         |
|    policy_gradient_loss | -0.00132    |
|    std                  | 0.711       |
|    value_loss           | 5.81        |
-----------------------------------------
-----------------------------------------
| rollout/                |             |
|    ep_len_mean          | 5.74e+03    |
|    ep_rew_mean          | 3.73e+03    |
| time/                   |             |
|    fps                  | 378         |
|    iterations           | 48          |
|    time_elapsed         | 2077        |
|    total_timesteps      | 786432      |
| train/                  |             |
|    approx_kl            | 0.009442769 |
|    clip_fraction        | 0.11        |
|    clip_range           | 0.2         |
|    entropy_loss         | -1.06       |
|    explained_variance   | 0.734       |
|    learning_rate        | 0.0003      |
|    loss                 | 1.97        |
|    n_updates            | 470         |
|    policy_gradient_loss | 0.000877    |
|    std                  | 0.699       |
|    value_loss           | 4.61        |
-----------------------------------------
-----------------------------------------
| rollout/                |             |
|    ep_len_mean          | 5.74e+03    |
|    ep_rew_mean          | 3.73e+03    |
| time/                   |             |
|    fps                  | 378         |
|    iterations           | 49          |
|    time_elapsed         | 2119        |
|    total_timesteps      | 802816      |
| train/                  |             |
|    approx_kl            | 0.009033274 |
|    clip_fraction        | 0.107       |
|    clip_range           | 0.2         |
|    entropy_loss         | -1.04       |
|    explained_variance   | 0.874       |
|    learning_rate        | 0.0003      |
|    loss                 | 2.08        |
|    n_updates            | 480         |
|    policy_gradient_loss | 0.00266     |
|    std                  | 0.681       |
|    value_loss           | 2.42        |
-----------------------------------------
------------------------------------------
| rollout/                |              |
|    ep_len_mean          | 6e+03        |
|    ep_rew_mean          | 3.82e+03     |
| time/                   |              |
|    fps                  | 378          |
|    iterations           | 50           |
|    time_elapsed         | 2162         |
|    total_timesteps      | 819200       |
| train/                  |              |
|    approx_kl            | 0.0108258035 |
|    clip_fraction        | 0.129        |
|    clip_range           | 0.2          |
|    entropy_loss         | -1.02        |
|    explained_variance   | 0.826        |
|    learning_rate        | 0.0003       |
|    loss                 | 3.21         |
|    n_updates            | 490          |
|    policy_gradient_loss | -0.000267    |
|    std                  | 0.668        |
|    value_loss           | 5.72         |
------------------------------------------
------------------------------------------
| rollout/                |              |
|    ep_len_mean          | 6e+03        |
|    ep_rew_mean          | 3.82e+03     |
| time/                   |              |
|    fps                  | 378          |
|    iterations           | 51           |
|    time_elapsed         | 2207         |
|    total_timesteps      | 835584       |
| train/                  |              |
|    approx_kl            | 0.0127108395 |
|    clip_fraction        | 0.127        |
|    clip_range           | 0.2          |
|    entropy_loss         | -1.01        |
|    explained_variance   | 0.842        |
|    learning_rate        | 0.0003       |
|    loss                 | 2.5          |
|    n_updates            | 500          |
|    policy_gradient_loss | 0.00451      |
|    std                  | 0.667        |
|    value_loss           | 3.86         |
------------------------------------------
------------------------------------------
| rollout/                |              |
|    ep_len_mean          | 6e+03        |
|    ep_rew_mean          | 3.82e+03     |
| time/                   |              |
|    fps                  | 378          |
|    iterations           | 52           |
|    time_elapsed         | 2252         |
|    total_timesteps      | 851968       |
| train/                  |              |
|    approx_kl            | 0.0073966896 |
|    clip_fraction        | 0.0808       |
|    clip_range           | 0.2          |
|    entropy_loss         | -1.03        |
|    explained_variance   | 0.955        |
|    learning_rate        | 0.0003       |
|    loss                 | 0.0621       |
|    n_updates            | 510          |
|    policy_gradient_loss | 0.00385      |
|    std                  | 0.687        |
|    value_loss           | 0.981        |
------------------------------------------
------------------------------------------
| rollout/                |              |
|    ep_len_mean          | 6e+03        |
|    ep_rew_mean          | 3.82e+03     |
| time/                   |              |
|    fps                  | 378          |
|    iterations           | 53           |
|    time_elapsed         | 2295         |
|    total_timesteps      | 868352       |
| train/                  |              |
|    approx_kl            | 0.0059170085 |
|    clip_fraction        | 0.0678       |
|    clip_range           | 0.2          |
|    entropy_loss         | -1.07        |
|    explained_variance   | 0.971        |
|    learning_rate        | 0.0003       |
|    loss                 | 0.00204      |
|    n_updates            | 520          |
|    policy_gradient_loss | 0.00301      |
|    std                  | 0.711        |
|    value_loss           | 0.676        |
------------------------------------------
-----------------------------------------
| rollout/                |             |
|    ep_len_mean          | 6e+03       |
|    ep_rew_mean          | 3.82e+03    |
| time/                   |             |
|    fps                  | 378         |
|    iterations           | 54          |
|    time_elapsed         | 2338        |
|    total_timesteps      | 884736      |
| train/                  |             |
|    approx_kl            | 0.006291154 |
|    clip_fraction        | 0.0734      |
|    clip_range           | 0.2         |
|    entropy_loss         | -1.09       |
|    explained_variance   | 0.968       |
|    learning_rate        | 0.0003      |
|    loss                 | 0.198       |
|    n_updates            | 530         |
|    policy_gradient_loss | 0.000644    |
|    std                  | 0.736       |
|    value_loss           | 1.3         |
-----------------------------------------
-----------------------------------------
| rollout/                |             |
|    ep_len_mean          | 6e+03       |
|    ep_rew_mean          | 3.82e+03    |
| time/                   |             |
|    fps                  | 378         |
|    iterations           | 55          |
|    time_elapsed         | 2380        |
|    total_timesteps      | 901120      |
| train/                  |             |
|    approx_kl            | 0.008535095 |
|    clip_fraction        | 0.0651      |
|    clip_range           | 0.2         |
|    entropy_loss         | -1.15       |
|    explained_variance   | 0.992       |
|    learning_rate        | 0.0003      |
|    loss                 | 0.0219      |
|    n_updates            | 540         |
|    policy_gradient_loss | 0.00374     |
|    std                  | 0.775       |
|    value_loss           | 0.344       |
-----------------------------------------
------------------------------------------
| rollout/                |              |
|    ep_len_mean          | 6e+03        |
|    ep_rew_mean          | 3.82e+03     |
| time/                   |              |
|    fps                  | 378          |
|    iterations           | 56           |
|    time_elapsed         | 2425         |
|    total_timesteps      | 917504       |
| train/                  |              |
|    approx_kl            | 0.0070512784 |
|    clip_fraction        | 0.0792       |
|    clip_range           | 0.2          |
|    entropy_loss         | -1.16        |
|    explained_variance   | 0.96         |
|    learning_rate        | 0.0003       |
|    loss                 | -0.00736     |
|    n_updates            | 550          |
|    policy_gradient_loss | 0.000698     |
|    std                  | 0.773        |
|    value_loss           | 1.96         |
------------------------------------------
-----------------------------------------
| rollout/                |             |
|    ep_len_mean          | 6e+03       |
|    ep_rew_mean          | 3.82e+03    |
| time/                   |             |
|    fps                  | 378         |
|    iterations           | 57          |
|    time_elapsed         | 2469        |
|    total_timesteps      | 933888      |
| train/                  |             |
|    approx_kl            | 0.006441398 |
|    clip_fraction        | 0.0705      |
|    clip_range           | 0.2         |
|    entropy_loss         | -1.18       |
|    explained_variance   | 0.968       |
|    learning_rate        | 0.0003      |
|    loss                 | 0.046       |
|    n_updates            | 560         |
|    policy_gradient_loss | 0.00168     |
|    std                  | 0.801       |
|    value_loss           | 1.67        |
-----------------------------------------
------------------------------------------
| rollout/                |              |
|    ep_len_mean          | 6.42e+03     |
|    ep_rew_mean          | 3.99e+03     |
| time/                   |              |
|    fps                  | 378          |
|    iterations           | 58           |
|    time_elapsed         | 2513         |
|    total_timesteps      | 950272       |
| train/                  |              |
|    approx_kl            | 0.0065803286 |
|    clip_fraction        | 0.0705       |
|    clip_range           | 0.2          |
|    entropy_loss         | -1.24        |
|    explained_variance   | 0.986        |
|    learning_rate        | 0.0003       |
|    loss                 | -0.0212      |
|    n_updates            | 570          |
|    policy_gradient_loss | 0.00182      |
|    std                  | 0.84         |
|    value_loss           | 0.702        |
------------------------------------------
-----------------------------------------
| rollout/                |             |
|    ep_len_mean          | 19.4        |
|    ep_rew_mean          | 15.7        |
| time/                   |             |
|    fps                  | 377         |
|    iterations           | 59          |
|    time_elapsed         | 2557        |
|    total_timesteps      | 966656      |
| train/                  |             |
|    approx_kl            | 0.006626866 |
|    clip_fraction        | 0.0512      |
|    clip_range           | 0.2         |
|    entropy_loss         | -1.26       |
|    explained_variance   | 0.793       |
|    learning_rate        | 0.0003      |
|    loss                 | 0.48        |
|    n_updates            | 580         |
|    policy_gradient_loss | 0.00302     |
|    std                  | 0.859       |
|    value_loss           | 4.94        |
-----------------------------------------
-----------------------------------------
| rollout/                |             |
|    ep_len_mean          | 19.4        |
|    ep_rew_mean          | 15.7        |
| time/                   |             |
|    fps                  | 378         |
|    iterations           | 60          |
|    time_elapsed         | 2600        |
|    total_timesteps      | 983040      |
| train/                  |             |
|    approx_kl            | 0.004598229 |
|    clip_fraction        | 0.0459      |
|    clip_range           | 0.2         |
|    entropy_loss         | -1.28       |
|    explained_variance   | 0.947       |
|    learning_rate        | 0.0003      |
|    loss                 | 2.44        |
|    n_updates            | 590         |
|    policy_gradient_loss | 0.00188     |
|    std                  | 0.881       |
|    value_loss           | 3.17        |
-----------------------------------------
-----------------------------------------
| rollout/                |             |
|    ep_len_mean          | 19.4        |
|    ep_rew_mean          | 15.7        |
| time/                   |             |
|    fps                  | 378         |
|    iterations           | 61          |
|    time_elapsed         | 2643        |
|    total_timesteps      | 999424      |
| train/                  |             |
|    approx_kl            | 0.013108556 |
|    clip_fraction        | 0.163       |
|    clip_range           | 0.2         |
|    entropy_loss         | -1.28       |
|    explained_variance   | -1.96       |
|    learning_rate        | 0.0003      |
|    loss                 | 6.27e-05    |
|    n_updates            | 600         |
|    policy_gradient_loss | 8.8e-05     |
|    std                  | 0.859       |
|    value_loss           | 0.0823      |
-----------------------------------------
-----------------------------------------
| rollout/                |             |
|    ep_len_mean          | 19.4        |
|    ep_rew_mean          | 15.7        |
| time/                   |             |
|    fps                  | 378         |
|    iterations           | 62          |
|    time_elapsed         | 2686        |
|    total_timesteps      | 1015808     |
| train/                  |             |
|    approx_kl            | 0.012227522 |
|    clip_fraction        | 0.166       |
|    clip_range           | 0.2         |
|    entropy_loss         | -1.24       |
|    explained_variance   | 0.923       |
|    learning_rate        | 0.0003      |
|    loss                 | -0.0284     |
|    n_updates            | 610         |
|    policy_gradient_loss | -0.00963    |
|    std                  | 0.837       |
|    value_loss           | 0.000234    |
-----------------------------------------
ppo_attn_merge_dense_v2_seed2 obs shape: (15, 5) action space: Box(-1.0, 1.0, (1,), float32)
Using cpu device
Logging to runs/tb/ppo_attn_merge_dense_v2_seed2_1
---------------------------------
| rollout/           |          |
|    ep_len_mean     | 15.4     |
|    ep_rew_mean     | 11.2     |
| time/              |          |
|    fps             | 412      |
|    iterations      | 1        |
|    time_elapsed    | 39       |
|    total_timesteps | 16384    |
---------------------------------
----------------------------------------
| rollout/                |            |
|    ep_len_mean          | 48.4       |
|    ep_rew_mean          | 34.2       |
| time/                   |            |
|    fps                  | 388        |
|    iterations           | 2          |
|    time_elapsed         | 84         |
|    total_timesteps      | 32768      |
| train/                  |            |
|    approx_kl            | 0.01237696 |
|    clip_fraction        | 0.146      |
|    clip_range           | 0.2        |
|    entropy_loss         | -1.43      |
|    explained_variance   | 0.0166     |
|    learning_rate        | 0.0003     |
|    loss                 | 2.11       |
|    n_updates            | 10         |
|    policy_gradient_loss | -0.0125    |
|    std                  | 1.03       |
|    value_loss           | 6.09       |
----------------------------------------
-----------------------------------------
| rollout/                |             |
|    ep_len_mean          | 115         |
|    ep_rew_mean          | 72.6        |
| time/                   |             |
|    fps                  | 386         |
|    iterations           | 3           |
|    time_elapsed         | 127         |
|    total_timesteps      | 49152       |
| train/                  |             |
|    approx_kl            | 0.013601061 |
|    clip_fraction        | 0.174       |
|    clip_range           | 0.2         |
|    entropy_loss         | -1.42       |
|    explained_variance   | 0.623       |
|    learning_rate        | 0.0003      |
|    loss                 | 4.93        |
|    n_updates            | 20          |
|    policy_gradient_loss | -0.0201     |
|    std                  | 0.991       |
|    value_loss           | 12.7        |
-----------------------------------------
-----------------------------------------
| rollout/                |             |
|    ep_len_mean          | 187         |
|    ep_rew_mean          | 121         |
| time/                   |             |
|    fps                  | 388         |
|    iterations           | 4           |
|    time_elapsed         | 168         |
|    total_timesteps      | 65536       |
| train/                  |             |
|    approx_kl            | 0.010774294 |
|    clip_fraction        | 0.134       |
|    clip_range           | 0.2         |
|    entropy_loss         | -1.38       |
|    explained_variance   | 0.579       |
|    learning_rate        | 0.0003      |
|    loss                 | 9.02        |
|    n_updates            | 30          |
|    policy_gradient_loss | -0.0182     |
|    std                  | 0.959       |
|    value_loss           | 13.1        |
-----------------------------------------
-----------------------------------------
| rollout/                |             |
|    ep_len_mean          | 219         |
|    ep_rew_mean          | 142         |
| time/                   |             |
|    fps                  | 388         |
|    iterations           | 5           |
|    time_elapsed         | 210         |
|    total_timesteps      | 81920       |
| train/                  |             |
|    approx_kl            | 0.010478415 |
|    clip_fraction        | 0.11        |
|    clip_range           | 0.2         |
|    entropy_loss         | -1.34       |
|    explained_variance   | 0.477       |
|    learning_rate        | 0.0003      |
|    loss                 | 2.03        |
|    n_updates            | 40          |
|    policy_gradient_loss | -0.00788    |
|    std                  | 0.915       |
|    value_loss           | 5.16        |
-----------------------------------------
----------------------------------------
| rollout/                |            |
|    ep_len_mean          | 219        |
|    ep_rew_mean          | 142        |
| time/                   |            |
|    fps                  | 388        |
|    iterations           | 6          |
|    time_elapsed         | 252        |
|    total_timesteps      | 98304      |
| train/                  |            |
|    approx_kl            | 0.01836158 |
|    clip_fraction        | 0.207      |
|    clip_range           | 0.2        |
|    entropy_loss         | -1.32      |
|    explained_variance   | 0.573      |
|    learning_rate        | 0.0003     |
|    loss                 | 0.0705     |
|    n_updates            | 50         |
|    policy_gradient_loss | -0.00493   |
|    std                  | 0.912      |
|    value_loss           | 1.39       |
----------------------------------------
-----------------------------------------
| rollout/                |             |
|    ep_len_mean          | 219         |
|    ep_rew_mean          | 142         |
| time/                   |             |
|    fps                  | 390         |
|    iterations           | 7           |
|    time_elapsed         | 294         |
|    total_timesteps      | 114688      |
| train/                  |             |
|    approx_kl            | 0.013503592 |
|    clip_fraction        | 0.195       |
|    clip_range           | 0.2         |
|    entropy_loss         | -1.31       |
|    explained_variance   | 0.643       |
|    learning_rate        | 0.0003      |
|    loss                 | -0.0183     |
|    n_updates            | 60          |
|    policy_gradient_loss | -0.00877    |
|    std                  | 0.891       |
|    value_loss           | 0.366       |
-----------------------------------------
-----------------------------------------
| rollout/                |             |
|    ep_len_mean          | 219         |
|    ep_rew_mean          | 142         |
| time/                   |             |
|    fps                  | 389         |
|    iterations           | 8           |
|    time_elapsed         | 336         |
|    total_timesteps      | 131072      |
| train/                  |             |
|    approx_kl            | 0.014916593 |
|    clip_fraction        | 0.212       |
|    clip_range           | 0.2         |
|    entropy_loss         | -1.31       |
|    explained_variance   | 0.648       |
|    learning_rate        | 0.0003      |
|    loss                 | -0.0235     |
|    n_updates            | 70          |
|    policy_gradient_loss | -0.011      |
|    std                  | 0.894       |
|    value_loss           | 0.265       |
-----------------------------------------
-----------------------------------------
| rollout/                |             |
|    ep_len_mean          | 729         |
|    ep_rew_mean          | 481         |
| time/                   |             |
|    fps                  | 389         |
|    iterations           | 9           |
|    time_elapsed         | 378         |
|    total_timesteps      | 147456      |
| train/                  |             |
|    approx_kl            | 0.017507412 |
|    clip_fraction        | 0.246       |
|    clip_range           | 0.2         |
|    entropy_loss         | -1.29       |
|    explained_variance   | 0.743       |
|    learning_rate        | 0.0003      |
|    loss                 | 0.145       |
|    n_updates            | 80          |
|    policy_gradient_loss | -0.0171     |
|    std                  | 0.875       |
|    value_loss           | 0.173       |
-----------------------------------------
------------------------------------------
| rollout/                |              |
|    ep_len_mean          | 745          |
|    ep_rew_mean          | 492          |
| time/                   |              |
|    fps                  | 387          |
|    iterations           | 10           |
|    time_elapsed         | 422          |
|    total_timesteps      | 163840       |
| train/                  |              |
|    approx_kl            | 0.0039739045 |
|    clip_fraction        | 0.0552       |
|    clip_range           | 0.2          |
|    entropy_loss         | -1.28        |
|    explained_variance   | 0.0489       |
|    learning_rate        | 0.0003       |
|    loss                 | 4.32         |
|    n_updates            | 90           |
|    policy_gradient_loss | -0.00324     |
|    std                  | 0.867        |
|    value_loss           | 9.71         |
------------------------------------------
-----------------------------------------
| rollout/                |             |
|    ep_len_mean          | 745         |
|    ep_rew_mean          | 492         |
| time/                   |             |
|    fps                  | 385         |
|    iterations           | 11          |
|    time_elapsed         | 467         |
|    total_timesteps      | 180224      |
| train/                  |             |
|    approx_kl            | 0.015153771 |
|    clip_fraction        | 0.154       |
|    clip_range           | 0.2         |
|    entropy_loss         | -1.23       |
|    explained_variance   | 0.0417      |
|    learning_rate        | 0.0003      |
|    loss                 | 0.0755      |
|    n_updates            | 100         |
|    policy_gradient_loss | -0.00634    |
|    std                  | 0.811       |
|    value_loss           | 1.89        |
-----------------------------------------
-----------------------------------------
| rollout/                |             |
|    ep_len_mean          | 745         |
|    ep_rew_mean          | 492         |
| time/                   |             |
|    fps                  | 385         |
|    iterations           | 12          |
|    time_elapsed         | 510         |
|    total_timesteps      | 196608      |
| train/                  |             |
|    approx_kl            | 0.014015999 |
|    clip_fraction        | 0.193       |
|    clip_range           | 0.2         |
|    entropy_loss         | -1.2        |
|    explained_variance   | 0.543       |
|    learning_rate        | 0.0003      |
|    loss                 | 0.0381      |
|    n_updates            | 110         |
|    policy_gradient_loss | -0.00726    |
|    std                  | 0.804       |
|    value_loss           | 0.0557      |
-----------------------------------------
-----------------------------------------
| rollout/                |             |
|    ep_len_mean          | 745         |
|    ep_rew_mean          | 492         |
| time/                   |             |
|    fps                  | 384         |
|    iterations           | 13          |
|    time_elapsed         | 553         |
|    total_timesteps      | 212992      |
| train/                  |             |
|    approx_kl            | 0.015857257 |
|    clip_fraction        | 0.23        |
|    clip_range           | 0.2         |
|    entropy_loss         | -1.2        |
|    explained_variance   | 0.67        |
|    learning_rate        | 0.0003      |
|    loss                 | 0.0385      |
|    n_updates            | 120         |
|    policy_gradient_loss | -0.0105     |
|    std                  | 0.798       |
|    value_loss           | 0.0305      |
-----------------------------------------
------------------------------------------
| rollout/                |              |
|    ep_len_mean          | 745          |
|    ep_rew_mean          | 492          |
| time/                   |              |
|    fps                  | 383          |
|    iterations           | 14           |
|    time_elapsed         | 597          |
|    total_timesteps      | 229376       |
| train/                  |              |
|    approx_kl            | 0.0155469375 |
|    clip_fraction        | 0.214        |
|    clip_range           | 0.2          |
|    entropy_loss         | -1.19        |
|    explained_variance   | 0.671        |
|    learning_rate        | 0.0003       |
|    loss                 | -0.0211      |
|    n_updates            | 130          |
|    policy_gradient_loss | -0.0112      |
|    std                  | 0.793        |
|    value_loss           | 0.0216       |
------------------------------------------
-----------------------------------------
| rollout/                |             |
|    ep_len_mean          | 745         |
|    ep_rew_mean          | 492         |
| time/                   |             |
|    fps                  | 383         |
|    iterations           | 15          |
|    time_elapsed         | 641         |
|    total_timesteps      | 245760      |
| train/                  |             |
|    approx_kl            | 0.015246131 |
|    clip_fraction        | 0.223       |
|    clip_range           | 0.2         |
|    entropy_loss         | -1.18       |
|    explained_variance   | 0.679       |
|    learning_rate        | 0.0003      |
|    loss                 | 0.0277      |
|    n_updates            | 140         |
|    policy_gradient_loss | -0.0116     |
|    std                  | 0.788       |
|    value_loss           | 0.015       |
-----------------------------------------
----------------------------------------
| rollout/                |            |
|    ep_len_mean          | 1e+03      |
|    ep_rew_mean          | 664        |
| time/                   |            |
|    fps                  | 382        |
|    iterations           | 16         |
|    time_elapsed         | 684        |
|    total_timesteps      | 262144     |
| train/                  |            |
|    approx_kl            | 0.01598372 |
|    clip_fraction        | 0.209      |
|    clip_range           | 0.2        |
|    entropy_loss         | -1.18      |
|    explained_variance   | 0.716      |
|    learning_rate        | 0.0003     |
|    loss                 | -0.0395    |
|    n_updates            | 150        |
|    policy_gradient_loss | -0.00875   |
|    std                  | 0.786      |
|    value_loss           | 0.00984    |
----------------------------------------
-----------------------------------------
| rollout/                |             |
|    ep_len_mean          | 1e+03       |
|    ep_rew_mean          | 664         |
| time/                   |             |
|    fps                  | 382         |
|    iterations           | 17          |
|    time_elapsed         | 728         |
|    total_timesteps      | 278528      |
| train/                  |             |
|    approx_kl            | 0.014756165 |
|    clip_fraction        | 0.173       |
|    clip_range           | 0.2         |
|    entropy_loss         | -1.19       |
|    explained_variance   | 0.015       |
|    learning_rate        | 0.0003      |
|    loss                 | 0.00449     |
|    n_updates            | 160         |
|    policy_gradient_loss | -0.00352    |
|    std                  | 0.799       |
|    value_loss           | 1.94        |
-----------------------------------------
-----------------------------------------
| rollout/                |             |
|    ep_len_mean          | 1e+03       |
|    ep_rew_mean          | 664         |
| time/                   |             |
|    fps                  | 382         |
|    iterations           | 18          |
|    time_elapsed         | 770         |
|    total_timesteps      | 294912      |
| train/                  |             |
|    approx_kl            | 0.015099945 |
|    clip_fraction        | 0.179       |
|    clip_range           | 0.2         |
|    entropy_loss         | -1.18       |
|    explained_variance   | 0.752       |
|    learning_rate        | 0.0003      |
|    loss                 | -0.000127   |
|    n_updates            | 170         |
|    policy_gradient_loss | -0.00539    |
|    std                  | 0.783       |
|    value_loss           | 0.0058      |
-----------------------------------------
-----------------------------------------
| rollout/                |             |
|    ep_len_mean          | 1.5e+03     |
|    ep_rew_mean          | 994         |
| time/                   |             |
|    fps                  | 382         |
|    iterations           | 19          |
|    time_elapsed         | 813         |
|    total_timesteps      | 311296      |
| train/                  |             |
|    approx_kl            | 0.010325899 |
|    clip_fraction        | 0.149       |
|    clip_range           | 0.2         |
|    entropy_loss         | -1.18       |
|    explained_variance   | 0.799       |
|    learning_rate        | 0.0003      |
|    loss                 | -0.00504    |
|    n_updates            | 180         |
|    policy_gradient_loss | -0.00547    |
|    std                  | 0.79        |
|    value_loss           | 0.00349     |
-----------------------------------------
-----------------------------------------
| rollout/                |             |
|    ep_len_mean          | 2.14e+03    |
|    ep_rew_mean          | 1.42e+03    |
| time/                   |             |
|    fps                  | 381         |
|    iterations           | 20          |
|    time_elapsed         | 859         |
|    total_timesteps      | 327680      |
| train/                  |             |
|    approx_kl            | 0.005096399 |
|    clip_fraction        | 0.0608      |
|    clip_range           | 0.2         |
|    entropy_loss         | -1.2        |
|    explained_variance   | 0.00958     |
|    learning_rate        | 0.0003      |
|    loss                 | -0.00126    |
|    n_updates            | 190         |
|    policy_gradient_loss | 0.000984    |
|    std                  | 0.806       |
|    value_loss           | 4.3         |
-----------------------------------------
-----------------------------------------
| rollout/                |             |
|    ep_len_mean          | 2.4e+03     |
|    ep_rew_mean          | 1.59e+03    |
| time/                   |             |
|    fps                  | 380         |
|    iterations           | 21          |
|    time_elapsed         | 903         |
|    total_timesteps      | 344064      |
| train/                  |             |
|    approx_kl            | 0.004528137 |
|    clip_fraction        | 0.0435      |
|    clip_range           | 0.2         |
|    entropy_loss         | -1.21       |
|    explained_variance   | 0.331       |
|    learning_rate        | 0.0003      |
|    loss                 | 1.65        |
|    n_updates            | 200         |
|    policy_gradient_loss | -0.000966   |
|    std                  | 0.816       |
|    value_loss           | 11.2        |
-----------------------------------------
----------------------------------------
| rollout/                |            |
|    ep_len_mean          | 2.68e+03   |
|    ep_rew_mean          | 1.77e+03   |
| time/                   |            |
|    fps                  | 380        |
|    iterations           | 22         |
|    time_elapsed         | 946        |
|    total_timesteps      | 360448     |
| train/                  |            |
|    approx_kl            | 0.00522922 |
|    clip_fraction        | 0.0644     |
|    clip_range           | 0.2        |
|    entropy_loss         | -1.21      |
|    explained_variance   | 0.539      |
|    learning_rate        | 0.0003     |
|    loss                 | 2.37       |
|    n_updates            | 210        |
|    policy_gradient_loss | -0.00131   |
|    std                  | 0.811      |
|    value_loss           | 8.82       |
----------------------------------------
-----------------------------------------
| rollout/                |             |
|    ep_len_mean          | 2.77e+03    |
|    ep_rew_mean          | 1.83e+03    |
| time/                   |             |
|    fps                  | 381         |
|    iterations           | 23          |
|    time_elapsed         | 988         |
|    total_timesteps      | 376832      |
| train/                  |             |
|    approx_kl            | 0.006711319 |
|    clip_fraction        | 0.0975      |
|    clip_range           | 0.2         |
|    entropy_loss         | -1.2        |
|    explained_variance   | 0.412       |
|    learning_rate        | 0.0003      |
|    loss                 | 1.66        |
|    n_updates            | 220         |
|    policy_gradient_loss | -0.00193    |
|    std                  | 0.814       |
|    value_loss           | 8.79        |
-----------------------------------------
------------------------------------------
| rollout/                |              |
|    ep_len_mean          | 2.87e+03     |
|    ep_rew_mean          | 1.87e+03     |
| time/                   |              |
|    fps                  | 381          |
|    iterations           | 24           |
|    time_elapsed         | 1031         |
|    total_timesteps      | 393216       |
| train/                  |              |
|    approx_kl            | 0.0073460494 |
|    clip_fraction        | 0.0902       |
|    clip_range           | 0.2          |
|    entropy_loss         | -1.2         |
|    explained_variance   | 0.221        |
|    learning_rate        | 0.0003       |
|    loss                 | 1.45         |
|    n_updates            | 230          |
|    policy_gradient_loss | 0.000262     |
|    std                  | 0.798        |
|    value_loss           | 16.9         |
------------------------------------------
-----------------------------------------
| rollout/                |             |
|    ep_len_mean          | 2.87e+03    |
|    ep_rew_mean          | 1.87e+03    |
| time/                   |             |
|    fps                  | 380         |
|    iterations           | 25          |
|    time_elapsed         | 1075        |
|    total_timesteps      | 409600      |
| train/                  |             |
|    approx_kl            | 0.010964079 |
|    clip_fraction        | 0.128       |
|    clip_range           | 0.2         |
|    entropy_loss         | -1.19       |
|    explained_variance   | 0.269       |
|    learning_rate        | 0.0003      |
|    loss                 | 1.12        |
|    n_updates            | 240         |
|    policy_gradient_loss | -0.00081    |
|    std                  | 0.794       |
|    value_loss           | 5.86        |
-----------------------------------------
----------------------------------------
| rollout/                |            |
|    ep_len_mean          | 2.92e+03   |
|    ep_rew_mean          | 1.91e+03   |
| time/                   |            |
|    fps                  | 380        |
|    iterations           | 26         |
|    time_elapsed         | 1119       |
|    total_timesteps      | 425984     |
| train/                  |            |
|    approx_kl            | 0.01106517 |
|    clip_fraction        | 0.142      |
|    clip_range           | 0.2        |
|    entropy_loss         | -1.21      |
|    explained_variance   | -1.6       |
|    learning_rate        | 0.0003     |
|    loss                 | -0.0098    |
|    n_updates            | 250        |
|    policy_gradient_loss | -0.00757   |
|    std                  | 0.818      |
|    value_loss           | 0.0259     |
----------------------------------------
-----------------------------------------
| rollout/                |             |
|    ep_len_mean          | 2.92e+03    |
|    ep_rew_mean          | 1.91e+03    |
| time/                   |             |
|    fps                  | 380         |
|    iterations           | 27          |
|    time_elapsed         | 1162        |
|    total_timesteps      | 442368      |
| train/                  |             |
|    approx_kl            | 0.008998116 |
|    clip_fraction        | 0.122       |
|    clip_range           | 0.2         |
|    entropy_loss         | -1.23       |
|    explained_variance   | 0.113       |
|    learning_rate        | 0.0003      |
|    loss                 | 0.053       |
|    n_updates            | 260         |
|    policy_gradient_loss | -0.00118    |
|    std                  | 0.83        |
|    value_loss           | 5.31        |
-----------------------------------------
-----------------------------------------
| rollout/                |             |
|    ep_len_mean          | 2.92e+03    |
|    ep_rew_mean          | 1.91e+03    |
| time/                   |             |
|    fps                  | 380         |
|    iterations           | 28          |
|    time_elapsed         | 1204        |
|    total_timesteps      | 458752      |
| train/                  |             |
|    approx_kl            | 0.010704843 |
|    clip_fraction        | 0.114       |
|    clip_range           | 0.2         |
|    entropy_loss         | -1.2        |
|    explained_variance   | -7.76       |
|    learning_rate        | 0.0003      |
|    loss                 | 0.00814     |
|    n_updates            | 270         |
|    policy_gradient_loss | -0.00622    |
|    std                  | 0.797       |
|    value_loss           | 0.00934     |
-----------------------------------------
-----------------------------------------
| rollout/                |             |
|    ep_len_mean          | 2.92e+03    |
|    ep_rew_mean          | 1.91e+03    |
| time/                   |             |
|    fps                  | 380         |
|    iterations           | 29          |
|    time_elapsed         | 1247        |
|    total_timesteps      | 475136      |
| train/                  |             |
|    approx_kl            | 0.018854761 |
|    clip_fraction        | 0.249       |
|    clip_range           | 0.2         |
|    entropy_loss         | -1.17       |
|    explained_variance   | 0.931       |
|    learning_rate        | 0.0003      |
|    loss                 | -0.0262     |
|    n_updates            | 280         |
|    policy_gradient_loss | -0.016      |
|    std                  | 0.774       |
|    value_loss           | 0.00108     |
-----------------------------------------
-----------------------------------------
| rollout/                |             |
|    ep_len_mean          | 3.08e+03    |
|    ep_rew_mean          | 2.02e+03    |
| time/                   |             |
|    fps                  | 381         |
|    iterations           | 30          |
|    time_elapsed         | 1289        |
|    total_timesteps      | 491520      |
| train/                  |             |
|    approx_kl            | 0.016236465 |
|    clip_fraction        | 0.232       |
|    clip_range           | 0.2         |
|    entropy_loss         | -1.15       |
|    explained_variance   | 0.934       |
|    learning_rate        | 0.0003      |
|    loss                 | -0.0165     |
|    n_updates            | 290         |
|    policy_gradient_loss | -0.0153     |
|    std                  | 0.76        |
|    value_loss           | 0.00093     |
-----------------------------------------
-----------------------------------------
| rollout/                |             |
|    ep_len_mean          | 3.97e+03    |
|    ep_rew_mean          | 2.61e+03    |
| time/                   |             |
|    fps                  | 381         |
|    iterations           | 31          |
|    time_elapsed         | 1331        |
|    total_timesteps      | 507904      |
| train/                  |             |
|    approx_kl            | 0.011245199 |
|    clip_fraction        | 0.163       |
|    clip_range           | 0.2         |
|    entropy_loss         | -1.15       |
|    explained_variance   | -0.151      |
|    learning_rate        | 0.0003      |
|    loss                 | -0.0181     |
|    n_updates            | 300         |
|    policy_gradient_loss | -0.00655    |
|    std                  | 0.758       |
|    value_loss           | 2.19        |
-----------------------------------------
------------------------------------------
| rollout/                |              |
|    ep_len_mean          | 4.72e+03     |
|    ep_rew_mean          | 3.1e+03      |
| time/                   |              |
|    fps                  | 381          |
|    iterations           | 32           |
|    time_elapsed         | 1375         |
|    total_timesteps      | 524288       |
| train/                  |              |
|    approx_kl            | 0.0077045164 |
|    clip_fraction        | 0.0747       |
|    clip_range           | 0.2          |
|    entropy_loss         | -1.16        |
|    explained_variance   | -0.00186     |
|    learning_rate        | 0.0003       |
|    loss                 | 0.177        |
|    n_updates            | 310          |
|    policy_gradient_loss | 0.000954     |
|    std                  | 0.778        |
|    value_loss           | 8.37         |
------------------------------------------
-----------------------------------------
| rollout/                |             |
|    ep_len_mean          | 4.8e+03     |
|    ep_rew_mean          | 3.16e+03    |
| time/                   |             |
|    fps                  | 380         |
|    iterations           | 33          |
|    time_elapsed         | 1419        |
|    total_timesteps      | 540672      |
| train/                  |             |
|    approx_kl            | 0.008791629 |
|    clip_fraction        | 0.106       |
|    clip_range           | 0.2         |
|    entropy_loss         | -1.16       |
|    explained_variance   | 0.0399      |
|    learning_rate        | 0.0003      |
|    loss                 | 13.4        |
|    n_updates            | 320         |
|    policy_gradient_loss | -0.0041     |
|    std                  | 0.774       |
|    value_loss           | 37.1        |
-----------------------------------------
-----------------------------------------
| rollout/                |             |
|    ep_len_mean          | 4.8e+03     |
|    ep_rew_mean          | 3.16e+03    |
| time/                   |             |
|    fps                  | 380         |
|    iterations           | 34          |
|    time_elapsed         | 1464        |
|    total_timesteps      | 557056      |
| train/                  |             |
|    approx_kl            | 0.011763124 |
|    clip_fraction        | 0.134       |
|    clip_range           | 0.2         |
|    entropy_loss         | -1.17       |
|    explained_variance   | 0.178       |
|    learning_rate        | 0.0003      |
|    loss                 | 0.00238     |
|    n_updates            | 330         |
|    policy_gradient_loss | -0.00295    |
|    std                  | 0.78        |
|    value_loss           | 12.4        |
-----------------------------------------
-----------------------------------------
| rollout/                |             |
|    ep_len_mean          | 4.87e+03    |
|    ep_rew_mean          | 3.21e+03    |
| time/                   |             |
|    fps                  | 380         |
|    iterations           | 35          |
|    time_elapsed         | 1507        |
|    total_timesteps      | 573440      |
| train/                  |             |
|    approx_kl            | 0.007808136 |
|    clip_fraction        | 0.0839      |
|    clip_range           | 0.2         |
|    entropy_loss         | -1.2        |
|    explained_variance   | 0.8         |
|    learning_rate        | 0.0003      |
|    loss                 | -0.0166     |
|    n_updates            | 340         |
|    policy_gradient_loss | -0.00326    |
|    std                  | 0.802       |
|    value_loss           | 0.00363     |
-----------------------------------------
----------------------------------------
| rollout/                |            |
|    ep_len_mean          | 5.01e+03   |
|    ep_rew_mean          | 3.3e+03    |
| time/                   |            |
|    fps                  | 380        |
|    iterations           | 36         |
|    time_elapsed         | 1549       |
|    total_timesteps      | 589824     |
| train/                  |            |
|    approx_kl            | 0.00860816 |
|    clip_fraction        | 0.108      |
|    clip_range           | 0.2        |
|    entropy_loss         | -1.2       |
|    explained_variance   | 0.0102     |
|    learning_rate        | 0.0003     |
|    loss                 | -0.014     |
|    n_updates            | 350        |
|    policy_gradient_loss | -0.00228   |
|    std                  | 0.8        |
|    value_loss           | 2.16       |
----------------------------------------
-----------------------------------------
| rollout/                |             |
|    ep_len_mean          | 5.12e+03    |
|    ep_rew_mean          | 3.37e+03    |
| time/                   |             |
|    fps                  | 380         |
|    iterations           | 37          |
|    time_elapsed         | 1592        |
|    total_timesteps      | 606208      |
| train/                  |             |
|    approx_kl            | 0.011118121 |
|    clip_fraction        | 0.108       |
|    clip_range           | 0.2         |
|    entropy_loss         | -1.19       |
|    explained_variance   | 0.0135      |
|    learning_rate        | 0.0003      |
|    loss                 | 0.00372     |
|    n_updates            | 360         |
|    policy_gradient_loss | -0.00176    |
|    std                  | 0.789       |
|    value_loss           | 4.37        |
-----------------------------------------
-----------------------------------------
| rollout/                |             |
|    ep_len_mean          | 5.35e+03    |
|    ep_rew_mean          | 3.53e+03    |
| time/                   |             |
|    fps                  | 380         |
|    iterations           | 38          |
|    time_elapsed         | 1635        |
|    total_timesteps      | 622592      |
| train/                  |             |
|    approx_kl            | 0.008900337 |
|    clip_fraction        | 0.102       |
|    clip_range           | 0.2         |
|    entropy_loss         | -1.17       |
|    explained_variance   | 0.0184      |
|    learning_rate        | 0.0003      |
|    loss                 | -0.0137     |
|    n_updates            | 370         |
|    policy_gradient_loss | -0.00134    |
|    std                  | 0.783       |
|    value_loss           | 4.1         |
-----------------------------------------
------------------------------------------
| rollout/                |              |
|    ep_len_mean          | 5.26e+03     |
|    ep_rew_mean          | 3.47e+03     |
| time/                   |              |
|    fps                  | 380          |
|    iterations           | 39           |
|    time_elapsed         | 1677         |
|    total_timesteps      | 638976       |
| train/                  |              |
|    approx_kl            | 0.0075371917 |
|    clip_fraction        | 0.0759       |
|    clip_range           | 0.2          |
|    entropy_loss         | -1.19        |
|    explained_variance   | 0.155        |
|    learning_rate        | 0.0003       |
|    loss                 | 0.652        |
|    n_updates            | 380          |
|    policy_gradient_loss | -0.000768    |
|    std                  | 0.812        |
|    value_loss           | 7.9          |
------------------------------------------
------------------------------------------
| rollout/                |              |
|    ep_len_mean          | 5.13e+03     |
|    ep_rew_mean          | 3.38e+03     |
| time/                   |              |
|    fps                  | 381          |
|    iterations           | 40           |
|    time_elapsed         | 1719         |
|    total_timesteps      | 655360       |
| train/                  |              |
|    approx_kl            | 0.0044594705 |
|    clip_fraction        | 0.0487       |
|    clip_range           | 0.2          |
|    entropy_loss         | -1.21        |
|    explained_variance   | 0.148        |
|    learning_rate        | 0.0003       |
|    loss                 | 17.1         |
|    n_updates            | 390          |
|    policy_gradient_loss | -0.000628    |
|    std                  | 0.809        |
|    value_loss           | 18.2         |
------------------------------------------
------------------------------------------
| rollout/                |              |
|    ep_len_mean          | 4.01e+03     |
|    ep_rew_mean          | 2.63e+03     |
| time/                   |              |
|    fps                  | 381          |
|    iterations           | 41           |
|    time_elapsed         | 1761         |
|    total_timesteps      | 671744       |
| train/                  |              |
|    approx_kl            | 0.0050389343 |
|    clip_fraction        | 0.0718       |
|    clip_range           | 0.2          |
|    entropy_loss         | -1.21        |
|    explained_variance   | 0.357        |
|    learning_rate        | 0.0003       |
|    loss                 | 2.12         |
|    n_updates            | 400          |
|    policy_gradient_loss | -0.000695    |
|    std                  | 0.814        |
|    value_loss           | 7.8          |
------------------------------------------
-----------------------------------------
| rollout/                |             |
|    ep_len_mean          | 4.1e+03     |
|    ep_rew_mean          | 2.69e+03    |
| time/                   |             |
|    fps                  | 381         |
|    iterations           | 42          |
|    time_elapsed         | 1803        |
|    total_timesteps      | 688128      |
| train/                  |             |
|    approx_kl            | 0.010134522 |
|    clip_fraction        | 0.12        |
|    clip_range           | 0.2         |
|    entropy_loss         | -1.23       |
|    explained_variance   | 0.463       |
|    learning_rate        | 0.0003      |
|    loss                 | 0.0176      |
|    n_updates            | 410         |
|    policy_gradient_loss | -0.00377    |
|    std                  | 0.831       |
|    value_loss           | 9.76        |
-----------------------------------------
-----------------------------------------
| rollout/                |             |
|    ep_len_mean          | 3.82e+03    |
|    ep_rew_mean          | 2.51e+03    |
| time/                   |             |
|    fps                  | 381         |
|    iterations           | 43          |
|    time_elapsed         | 1846        |
|    total_timesteps      | 704512      |
| train/                  |             |
|    approx_kl            | 0.011009287 |
|    clip_fraction        | 0.146       |
|    clip_range           | 0.2         |
|    entropy_loss         | -1.24       |
|    explained_variance   | 0.092       |
|    learning_rate        | 0.0003      |
|    loss                 | -0.0162     |
|    n_updates            | 420         |
|    policy_gradient_loss | -0.00552    |
|    std                  | 0.839       |
|    value_loss           | 3.33        |
-----------------------------------------
-----------------------------------------
| rollout/                |             |
|    ep_len_mean          | 3.88e+03    |
|    ep_rew_mean          | 2.55e+03    |
| time/                   |             |
|    fps                  | 381         |
|    iterations           | 44          |
|    time_elapsed         | 1888        |
|    total_timesteps      | 720896      |
| train/                  |             |
|    approx_kl            | 0.013306094 |
|    clip_fraction        | 0.16        |
|    clip_range           | 0.2         |
|    entropy_loss         | -1.24       |
|    explained_variance   | 0.0366      |
|    learning_rate        | 0.0003      |
|    loss                 | 0.0772      |
|    n_updates            | 430         |
|    policy_gradient_loss | -0.00256    |
|    std                  | 0.841       |
|    value_loss           | 7.03        |
-----------------------------------------
-----------------------------------------
| rollout/                |             |
|    ep_len_mean          | 2.78e+03    |
|    ep_rew_mean          | 1.84e+03    |
| time/                   |             |
|    fps                  | 381         |
|    iterations           | 45          |
|    time_elapsed         | 1930        |
|    total_timesteps      | 737280      |
| train/                  |             |
|    approx_kl            | 0.008749576 |
|    clip_fraction        | 0.104       |
|    clip_range           | 0.2         |
|    entropy_loss         | -1.27       |
|    explained_variance   | 0.0036      |
|    learning_rate        | 0.0003      |
|    loss                 | 0.199       |
|    n_updates            | 440         |
|    policy_gradient_loss | 0.00247     |
|    std                  | 0.874       |
|    value_loss           | 10.8        |
-----------------------------------------
-----------------------------------------
| rollout/                |             |
|    ep_len_mean          | 2.79e+03    |
|    ep_rew_mean          | 1.85e+03    |
| time/                   |             |
|    fps                  | 382         |
|    iterations           | 46          |
|    time_elapsed         | 1972        |
|    total_timesteps      | 753664      |
| train/                  |             |
|    approx_kl            | 0.008419362 |
|    clip_fraction        | 0.117       |
|    clip_range           | 0.2         |
|    entropy_loss         | -1.28       |
|    explained_variance   | -0.00336    |
|    learning_rate        | 0.0003      |
|    loss                 | 5.99        |
|    n_updates            | 450         |
|    policy_gradient_loss | -0.00558    |
|    std                  | 0.875       |
|    value_loss           | 33.8        |
-----------------------------------------
----------------------------------------
| rollout/                |            |
|    ep_len_mean          | 2.65e+03   |
|    ep_rew_mean          | 1.76e+03   |
| time/                   |            |
|    fps                  | 382        |
|    iterations           | 47         |
|    time_elapsed         | 2013       |
|    total_timesteps      | 770048     |
| train/                  |            |
|    approx_kl            | 0.01247569 |
|    clip_fraction        | 0.163      |
|    clip_range           | 0.2        |
|    entropy_loss         | -1.3       |
|    explained_variance   | -0.0639    |
|    learning_rate        | 0.0003     |
|    loss                 | 5.18       |
|    n_updates            | 460        |
|    policy_gradient_loss | -0.00339   |
|    std                  | 0.892      |
|    value_loss           | 7.95       |
----------------------------------------
-----------------------------------------
| rollout/                |             |
|    ep_len_mean          | 2.4e+03     |
|    ep_rew_mean          | 1.59e+03    |
| time/                   |             |
|    fps                  | 382         |
|    iterations           | 48          |
|    time_elapsed         | 2055        |
|    total_timesteps      | 786432      |
| train/                  |             |
|    approx_kl            | 0.011123588 |
|    clip_fraction        | 0.133       |
|    clip_range           | 0.2         |
|    entropy_loss         | -1.31       |
|    explained_variance   | -0.00708    |
|    learning_rate        | 0.0003      |
|    loss                 | 0.715       |
|    n_updates            | 470         |
|    policy_gradient_loss | -0.00425    |
|    std                  | 0.898       |
|    value_loss           | 4.3         |
-----------------------------------------
-----------------------------------------
| rollout/                |             |
|    ep_len_mean          | 2.52e+03    |
|    ep_rew_mean          | 1.67e+03    |
| time/                   |             |
|    fps                  | 382         |
|    iterations           | 49          |
|    time_elapsed         | 2097        |
|    total_timesteps      | 802816      |
| train/                  |             |
|    approx_kl            | 0.011709603 |
|    clip_fraction        | 0.0956      |
|    clip_range           | 0.2         |
|    entropy_loss         | -1.35       |
|    explained_variance   | -0.0954     |
|    learning_rate        | 0.0003      |
|    loss                 | 0.0379      |
|    n_updates            | 480         |
|    policy_gradient_loss | -0.00117    |
|    std                  | 0.94        |
|    value_loss           | 4.34        |
-----------------------------------------
------------------------------------------
| rollout/                |              |
|    ep_len_mean          | 2.43e+03     |
|    ep_rew_mean          | 1.61e+03     |
| time/                   |              |
|    fps                  | 382          |
|    iterations           | 50           |
|    time_elapsed         | 2139         |
|    total_timesteps      | 819200       |
| train/                  |              |
|    approx_kl            | 0.0081197135 |
|    clip_fraction        | 0.101        |
|    clip_range           | 0.2          |
|    entropy_loss         | -1.36        |
|    explained_variance   | 0.0135       |
|    learning_rate        | 0.0003       |
|    loss                 | 20.3         |
|    n_updates            | 490          |
|    policy_gradient_loss | -0.00535     |
|    std                  | 0.935        |
|    value_loss           | 39.9         |
------------------------------------------
-----------------------------------------
| rollout/                |             |
|    ep_len_mean          | 2.26e+03    |
|    ep_rew_mean          | 1.5e+03     |
| time/                   |             |
|    fps                  | 382         |
|    iterations           | 51          |
|    time_elapsed         | 2182        |
|    total_timesteps      | 835584      |
| train/                  |             |
|    approx_kl            | 0.007141728 |
|    clip_fraction        | 0.107       |
|    clip_range           | 0.2         |
|    entropy_loss         | -1.34       |
|    explained_variance   | 0.123       |
|    learning_rate        | 0.0003      |
|    loss                 | 0.997       |
|    n_updates            | 500         |
|    policy_gradient_loss | -0.00152    |
|    std                  | 0.932       |
|    value_loss           | 4.92        |
-----------------------------------------
-----------------------------------------
| rollout/                |             |
|    ep_len_mean          | 2.32e+03    |
|    ep_rew_mean          | 1.54e+03    |
| time/                   |             |
|    fps                  | 382         |
|    iterations           | 52          |
|    time_elapsed         | 2224        |
|    total_timesteps      | 851968      |
| train/                  |             |
|    approx_kl            | 0.005463735 |
|    clip_fraction        | 0.064       |
|    clip_range           | 0.2         |
|    entropy_loss         | -1.35       |
|    explained_variance   | 0.383       |
|    learning_rate        | 0.0003      |
|    loss                 | 0.863       |
|    n_updates            | 510         |
|    policy_gradient_loss | -0.00187    |
|    std                  | 0.929       |
|    value_loss           | 6.39        |
-----------------------------------------
-----------------------------------------
| rollout/                |             |
|    ep_len_mean          | 2.51e+03    |
|    ep_rew_mean          | 1.64e+03    |
| time/                   |             |
|    fps                  | 382         |
|    iterations           | 53          |
|    time_elapsed         | 2267        |
|    total_timesteps      | 868352      |
| train/                  |             |
|    approx_kl            | 0.008219909 |
|    clip_fraction        | 0.109       |
|    clip_range           | 0.2         |
|    entropy_loss         | -1.33       |
|    explained_variance   | 0.431       |
|    learning_rate        | 0.0003      |
|    loss                 | 2.08        |
|    n_updates            | 520         |
|    policy_gradient_loss | -0.0024     |
|    std                  | 0.913       |
|    value_loss           | 5.13        |
-----------------------------------------
-----------------------------------------
| rollout/                |             |
|    ep_len_mean          | 2.52e+03    |
|    ep_rew_mean          | 1.65e+03    |
| time/                   |             |
|    fps                  | 383         |
|    iterations           | 54          |
|    time_elapsed         | 2309        |
|    total_timesteps      | 884736      |
| train/                  |             |
|    approx_kl            | 0.010469983 |
|    clip_fraction        | 0.144       |
|    clip_range           | 0.2         |
|    entropy_loss         | -1.31       |
|    explained_variance   | 0.147       |
|    learning_rate        | 0.0003      |
|    loss                 | 0.655       |
|    n_updates            | 530         |
|    policy_gradient_loss | -0.00428    |
|    std                  | 0.896       |
|    value_loss           | 10.8        |
-----------------------------------------
-----------------------------------------
| rollout/                |             |
|    ep_len_mean          | 2.52e+03    |
|    ep_rew_mean          | 1.65e+03    |
| time/                   |             |
|    fps                  | 383         |
|    iterations           | 55          |
|    time_elapsed         | 2351        |
|    total_timesteps      | 901120      |
| train/                  |             |
|    approx_kl            | 0.012532123 |
|    clip_fraction        | 0.171       |
|    clip_range           | 0.2         |
|    entropy_loss         | -1.29       |
|    explained_variance   | 0.052       |
|    learning_rate        | 0.0003      |
|    loss                 | -0.0192     |
|    n_updates            | 540         |
|    policy_gradient_loss | -0.00565    |
|    std                  | 0.873       |
|    value_loss           | 2.18        |
-----------------------------------------
-----------------------------------------
| rollout/                |             |
|    ep_len_mean          | 2.52e+03    |
|    ep_rew_mean          | 1.65e+03    |
| time/                   |             |
|    fps                  | 383         |
|    iterations           | 56          |
|    time_elapsed         | 2393        |
|    total_timesteps      | 917504      |
| train/                  |             |
|    approx_kl            | 0.012876657 |
|    clip_fraction        | 0.132       |
|    clip_range           | 0.2         |
|    entropy_loss         | -1.24       |
|    explained_variance   | 0.539       |
|    learning_rate        | 0.0003      |
|    loss                 | 0.00329     |
|    n_updates            | 550         |
|    policy_gradient_loss | -0.00404    |
|    std                  | 0.828       |
|    value_loss           | 0.00117     |
-----------------------------------------
-----------------------------------------
| rollout/                |             |
|    ep_len_mean          | 2.6e+03     |
|    ep_rew_mean          | 1.7e+03     |
| time/                   |             |
|    fps                  | 383         |
|    iterations           | 57          |
|    time_elapsed         | 2436        |
|    total_timesteps      | 933888      |
| train/                  |             |
|    approx_kl            | 0.008924707 |
|    clip_fraction        | 0.118       |
|    clip_range           | 0.2         |
|    entropy_loss         | -1.22       |
|    explained_variance   | 0.96        |
|    learning_rate        | 0.0003      |
|    loss                 | -0.0116     |
|    n_updates            | 560         |
|    policy_gradient_loss | -0.00549    |
|    std                  | 0.815       |
|    value_loss           | 0.00031     |
-----------------------------------------
-----------------------------------------
| rollout/                |             |
|    ep_len_mean          | 2.6e+03     |
|    ep_rew_mean          | 1.7e+03     |
| time/                   |             |
|    fps                  | 383         |
|    iterations           | 58          |
|    time_elapsed         | 2480        |
|    total_timesteps      | 950272      |
| train/                  |             |
|    approx_kl            | 0.012558066 |
|    clip_fraction        | 0.158       |
|    clip_range           | 0.2         |
|    entropy_loss         | -1.21       |
|    explained_variance   | 0.0158      |
|    learning_rate        | 0.0003      |
|    loss                 | 9.47        |
|    n_updates            | 570         |
|    policy_gradient_loss | -0.00755    |
|    std                  | 0.814       |
|    value_loss           | 2.12        |
-----------------------------------------
-----------------------------------------
| rollout/                |             |
|    ep_len_mean          | 2.6e+03     |
|    ep_rew_mean          | 1.7e+03     |
| time/                   |             |
|    fps                  | 382         |
|    iterations           | 59          |
|    time_elapsed         | 2525        |
|    total_timesteps      | 966656      |
| train/                  |             |
|    approx_kl            | 0.012625437 |
|    clip_fraction        | 0.158       |
|    clip_range           | 0.2         |
|    entropy_loss         | -1.18       |
|    explained_variance   | 0.82        |
|    learning_rate        | 0.0003      |
|    loss                 | -0.00564    |
|    n_updates            | 580         |
|    policy_gradient_loss | -0.00889    |
|    std                  | 0.783       |
|    value_loss           | 0.000473    |
-----------------------------------------
-----------------------------------------
| rollout/                |             |
|    ep_len_mean          | 2.6e+03     |
|    ep_rew_mean          | 1.7e+03     |
| time/                   |             |
|    fps                  | 382         |
|    iterations           | 60          |
|    time_elapsed         | 2568        |
|    total_timesteps      | 983040      |
| train/                  |             |
|    approx_kl            | 0.014540615 |
|    clip_fraction        | 0.214       |
|    clip_range           | 0.2         |
|    entropy_loss         | -1.17       |
|    explained_variance   | 0.95        |
|    learning_rate        | 0.0003      |
|    loss                 | 0.00386     |
|    n_updates            | 590         |
|    policy_gradient_loss | -0.0174     |
|    std                  | 0.777       |
|    value_loss           | 0.000307    |
-----------------------------------------
-----------------------------------------
| rollout/                |             |
|    ep_len_mean          | 2.94e+03    |
|    ep_rew_mean          | 1.93e+03    |
| time/                   |             |
|    fps                  | 382         |
|    iterations           | 61          |
|    time_elapsed         | 2611        |
|    total_timesteps      | 999424      |
| train/                  |             |
|    approx_kl            | 0.012993002 |
|    clip_fraction        | 0.19        |
|    clip_range           | 0.2         |
|    entropy_loss         | -1.16       |
|    explained_variance   | 0.93        |
|    learning_rate        | 0.0003      |
|    loss                 | 0.0172      |
|    n_updates            | 600         |
|    policy_gradient_loss | -0.0133     |
|    std                  | 0.765       |
|    value_loss           | 0.00044     |
-----------------------------------------
-----------------------------------------
| rollout/                |             |
|    ep_len_mean          | 4.11e+03    |
|    ep_rew_mean          | 2.71e+03    |
| time/                   |             |
|    fps                  | 382         |
|    iterations           | 62          |
|    time_elapsed         | 2653        |
|    total_timesteps      | 1015808     |
| train/                  |             |
|    approx_kl            | 0.013025323 |
|    clip_fraction        | 0.144       |
|    clip_range           | 0.2         |
|    entropy_loss         | -1.16       |
|    explained_variance   | 0.00841     |
|    learning_rate        | 0.0003      |
|    loss                 | 0.0059      |
|    n_updates            | 610         |
|    policy_gradient_loss | -0.00316    |
|    std                  | 0.771       |
|    value_loss           | 4.43        |
-----------------------------------------


###############################################################################
TCHPC Cluster: callan
Job 125746 (attn_merge_dense_ne8_1M_v2) for User 'hadjitot' in Account 'callan_hadjitot'
Finished at: Wed Feb 11 01:08:12 GMT 2026

Job efficiency estimates:
=========================

Job ID: 125746
Cluster: callan
User/Group: hadjitot/hadjitot
State: COMPLETED (exit code 0)
Nodes: 1
Cores per node: 16
CPU Utilized: 12:40:57
CPU Efficiency: 35.13% of 1-12:05:52 core-walltime
Job Wall-clock time: 02:15:22
Memory Utilized: 3.21 GB
Memory Efficiency: 10.04% of 32.00 GB (32.00 GB/node)

Job completion status:
======================

JobID           JobName AllocCPUS NTasks NNodes     MaxRSS    MaxRSSNode  MaxDiskRead MaxDiskWrite    Elapsed      State ExitCode 
------------ ---------- --------- ------ ------ ---------- ------------- ------------ ------------ ---------- ---------- -------- 
125746       attn_merg+        16             1                                                      02:15:22  COMPLETED      0:0 
125746.batch      batch        16      1      1   3367356K    callan-n04     3757.94M     2901.08M   02:15:22  COMPLETED      0:0 
125746.exte+     extern        16      1      1                                                      02:15:22  COMPLETED      0:0 


Job details:
============

JobId=125746 JobName=attn_merge_dense_ne8_1M_v2
   UserId=hadjitot(2357) GroupId=hadjitot(2300) MCS_label=N/A
   Priority=112507 Nice=0 Account=callan_hadjitot QOS=normal
   JobState=COMPLETING Reason=None Dependency=(null)
   Requeue=0 Restarts=0 BatchFlag=1 Reboot=0 ExitCode=0:0
   DerivedExitCode=0:0
   RunTime=02:15:22 TimeLimit=2-00:00:00 TimeMin=N/A
   SubmitTime=2026-02-10T18:46:57 EligibleTime=2026-02-10T18:46:57
   AccrueTime=2026-02-10T18:46:57
   StartTime=2026-02-10T22:52:50 EndTime=2026-02-11T01:08:12 Deadline=N/A
   SuspendTime=None SecsPreSuspend=0 LastSchedEval=2026-02-10T22:52:50 Scheduler=Backfill
   Partition=compute AllocNode:Sid=callan01.cluster:1498135
   ReqNodeList=(null) ExcNodeList=(null)
   NodeList=callan-n04
   BatchHost=callan-n04
   NumNodes=1 NumCPUs=16 NumTasks=1 CPUs/Task=16 ReqB:S:C:T=0:0:*:*
   ReqTRES=cpu=16,mem=32G,node=1,billing=16
   AllocTRES=cpu=16,mem=32G,node=1,billing=16
   Socks/Node=* NtasksPerN:B:S:C=0:0:*:* CoreSpec=*
   JOB_GRES=(null)
     Nodes=callan-n04 CPU_IDs=12-27 Mem=32768 GRES=
   MinCPUsNode=16 MinMemoryNode=32G MinTmpDiskNode=0
   Features=(null) DelayBoot=00:00:00
   OverSubscribe=OK Contiguous=0 Licenses=(null) LicensesAlloc=(null) Network=(null)
   Command=/home/users/hadjitot/fyp/HighwayEnv/slurm/train_attention.sbatch
   WorkDir=/home/users/hadjitot/fyp/HighwayEnv
   StdErr=/home/users/hadjitot/fyp/HighwayEnv/slurm_out/attn_merge_dense_ne8_1M_v2_125746.err
   StdIn=/dev/null
   StdOut=/home/users/hadjitot/fyp/HighwayEnv/slurm_out/attn_merge_dense_ne8_1M_v2_125746.out
   TresPerTask=cpu=16
   


Disk quota details:
===================

                         Block Limits                                    |                     File Limits
Name       type             MB      quota      limit   in_doubt    grace |    files   quota    limit in_doubt    grace
root       USR         4750399          0          0        220     none |   348062       0        0       80     none
root       FILESET     4637690          0          0       2732     none |  9765599       0        0      971     none


SLURM Bank Statement:
=====================

User           Usage |        Account     Usage | Account Limit Available (CPU hrs)
---------- --------- + -------------- --------- + ------------- ---------
hadjitot       5,617 | CALLAN_HADJITOT     5,617 |       300,000   294,383


Acknowledgements:
=================

Note that usage of TCHPC Resources *must* be acknowledged in all publications.

Please see this page for details relevant to this cluster:

http://www.tchpc.tcd.ie/resources/acknowledgementpolicy

################################################################################
