Loading Anaconda 3 2024.02-1
SCENARIO_NAME=cf_obs15_stopgo
EXP_VERSION=v12
TOTAL_TIMESTEPS=1000000
N_ENVS=4
ATTN_MODE=uniform
X_INDEX=1
VX_INDEX=3
ORACLE_RULE=leader_x
TTC_EPS=1e-6
ppo_attn_uniform_cf_obs15_stopgo_v12_seed1 obs shape: (15, 5) action space: Box(-1.0, 1.0, (1,), float32)
Using cpu device
Logging to runs/tb/ppo_attn_uniform_cf_obs15_stopgo_v12_seed1_1
---------------------------------
| rollout/           |          |
|    ep_len_mean     | 15.2     |
|    ep_rew_mean     | 1.46     |
| time/              |          |
|    fps             | 184      |
|    iterations      | 1        |
|    time_elapsed    | 44       |
|    total_timesteps | 8192     |
---------------------------------
-------------------------------------------
| rollout/                |               |
|    ep_len_mean          | 15.2          |
|    ep_rew_mean          | 1.56          |
| time/                   |               |
|    fps                  | 182           |
|    iterations           | 2             |
|    time_elapsed         | 89            |
|    total_timesteps      | 16384         |
| train/                  |               |
|    approx_kl            | 0.00060054444 |
|    clip_fraction        | 0.0135        |
|    clip_range           | 0.2           |
|    entropy_loss         | -1.41         |
|    explained_variance   | -0.000607     |
|    learning_rate        | 0.0003        |
|    loss                 | 0.622         |
|    n_updates            | 10            |
|    policy_gradient_loss | -0.00109      |
|    std                  | 0.986         |
|    value_loss           | 3.41          |
-------------------------------------------
-----------------------------------------
| rollout/                |             |
|    ep_len_mean          | 15.7        |
|    ep_rew_mean          | 1.6         |
| time/                   |             |
|    fps                  | 181         |
|    iterations           | 3           |
|    time_elapsed         | 135         |
|    total_timesteps      | 24576       |
| train/                  |             |
|    approx_kl            | 0.006104456 |
|    clip_fraction        | 0.104       |
|    clip_range           | 0.2         |
|    entropy_loss         | -1.39       |
|    explained_variance   | 0.943       |
|    learning_rate        | 0.0003      |
|    loss                 | 0.308       |
|    n_updates            | 20          |
|    policy_gradient_loss | -0.00901    |
|    std                  | 0.964       |
|    value_loss           | 0.844       |
-----------------------------------------
-----------------------------------------
| rollout/                |             |
|    ep_len_mean          | 16          |
|    ep_rew_mean          | 1.56        |
| time/                   |             |
|    fps                  | 181         |
|    iterations           | 4           |
|    time_elapsed         | 180         |
|    total_timesteps      | 32768       |
| train/                  |             |
|    approx_kl            | 0.010154531 |
|    clip_fraction        | 0.121       |
|    clip_range           | 0.2         |
|    entropy_loss         | -1.37       |
|    explained_variance   | 0.953       |
|    learning_rate        | 0.0003      |
|    loss                 | 0.318       |
|    n_updates            | 30          |
|    policy_gradient_loss | -0.01       |
|    std                  | 0.949       |
|    value_loss           | 0.715       |
-----------------------------------------
------------------------------------------
| rollout/                |              |
|    ep_len_mean          | 16.9         |
|    ep_rew_mean          | 1.78         |
| time/                   |              |
|    fps                  | 180          |
|    iterations           | 5            |
|    time_elapsed         | 226          |
|    total_timesteps      | 40960        |
| train/                  |              |
|    approx_kl            | 0.0090915505 |
|    clip_fraction        | 0.109        |
|    clip_range           | 0.2          |
|    entropy_loss         | -1.37        |
|    explained_variance   | 0.945        |
|    learning_rate        | 0.0003       |
|    loss                 | 0.241        |
|    n_updates            | 40           |
|    policy_gradient_loss | -0.00864     |
|    std                  | 0.962        |
|    value_loss           | 0.703        |
------------------------------------------
-----------------------------------------
| rollout/                |             |
|    ep_len_mean          | 17.7        |
|    ep_rew_mean          | 1.95        |
| time/                   |             |
|    fps                  | 179         |
|    iterations           | 6           |
|    time_elapsed         | 273         |
|    total_timesteps      | 49152       |
| train/                  |             |
|    approx_kl            | 0.008219132 |
|    clip_fraction        | 0.108       |
|    clip_range           | 0.2         |
|    entropy_loss         | -1.37       |
|    explained_variance   | 0.954       |
|    learning_rate        | 0.0003      |
|    loss                 | 0.453       |
|    n_updates            | 50          |
|    policy_gradient_loss | -0.00861    |
|    std                  | 0.956       |
|    value_loss           | 0.636       |
-----------------------------------------
-----------------------------------------
| rollout/                |             |
|    ep_len_mean          | 18.7        |
|    ep_rew_mean          | 2.15        |
| time/                   |             |
|    fps                  | 179         |
|    iterations           | 7           |
|    time_elapsed         | 319         |
|    total_timesteps      | 57344       |
| train/                  |             |
|    approx_kl            | 0.013931861 |
|    clip_fraction        | 0.136       |
|    clip_range           | 0.2         |
|    entropy_loss         | -1.35       |
|    explained_variance   | 0.946       |
|    learning_rate        | 0.0003      |
|    loss                 | 0.328       |
|    n_updates            | 60          |
|    policy_gradient_loss | -0.0112     |
|    std                  | 0.912       |
|    value_loss           | 0.763       |
-----------------------------------------
-----------------------------------------
| rollout/                |             |
|    ep_len_mean          | 22.1        |
|    ep_rew_mean          | 2.16        |
| time/                   |             |
|    fps                  | 179         |
|    iterations           | 8           |
|    time_elapsed         | 364         |
|    total_timesteps      | 65536       |
| train/                  |             |
|    approx_kl            | 0.007870004 |
|    clip_fraction        | 0.117       |
|    clip_range           | 0.2         |
|    entropy_loss         | -1.32       |
|    explained_variance   | 0.913       |
|    learning_rate        | 0.0003      |
|    loss                 | 0.998       |
|    n_updates            | 70          |
|    policy_gradient_loss | -0.00604    |
|    std                  | 0.899       |
|    value_loss           | 0.865       |
-----------------------------------------
------------------------------------------
| rollout/                |              |
|    ep_len_mean          | 35.4         |
|    ep_rew_mean          | -0.397       |
| time/                   |              |
|    fps                  | 179          |
|    iterations           | 9            |
|    time_elapsed         | 410          |
|    total_timesteps      | 73728        |
| train/                  |              |
|    approx_kl            | 0.0066665336 |
|    clip_fraction        | 0.0949       |
|    clip_range           | 0.2          |
|    entropy_loss         | -1.3         |
|    explained_variance   | 0.76         |
|    learning_rate        | 0.0003       |
|    loss                 | 0.649        |
|    n_updates            | 80           |
|    policy_gradient_loss | -0.00334     |
|    std                  | 0.88         |
|    value_loss           | 1.43         |
------------------------------------------
----------------------------------------
| rollout/                |            |
|    ep_len_mean          | 38.6       |
|    ep_rew_mean          | -0.344     |
| time/                   |            |
|    fps                  | 179        |
|    iterations           | 10         |
|    time_elapsed         | 455        |
|    total_timesteps      | 81920      |
| train/                  |            |
|    approx_kl            | 0.00904699 |
|    clip_fraction        | 0.0911     |
|    clip_range           | 0.2        |
|    entropy_loss         | -1.27      |
|    explained_variance   | 0.827      |
|    learning_rate        | 0.0003     |
|    loss                 | 0.75       |
|    n_updates            | 90         |
|    policy_gradient_loss | -0.0053    |
|    std                  | 0.848      |
|    value_loss           | 2.1        |
----------------------------------------
-----------------------------------------
| rollout/                |             |
|    ep_len_mean          | 67.8        |
|    ep_rew_mean          | -5.61       |
| time/                   |             |
|    fps                  | 180         |
|    iterations           | 11          |
|    time_elapsed         | 499         |
|    total_timesteps      | 90112       |
| train/                  |             |
|    approx_kl            | 0.005947103 |
|    clip_fraction        | 0.0802      |
|    clip_range           | 0.2         |
|    entropy_loss         | -1.25       |
|    explained_variance   | 0.897       |
|    learning_rate        | 0.0003      |
|    loss                 | 0.995       |
|    n_updates            | 100         |
|    policy_gradient_loss | -0.00383    |
|    std                  | 0.846       |
|    value_loss           | 2.48        |
-----------------------------------------
-----------------------------------------
| rollout/                |             |
|    ep_len_mean          | 61.8        |
|    ep_rew_mean          | -2.72       |
| time/                   |             |
|    fps                  | 181         |
|    iterations           | 12          |
|    time_elapsed         | 542         |
|    total_timesteps      | 98304       |
| train/                  |             |
|    approx_kl            | 0.006446147 |
|    clip_fraction        | 0.0727      |
|    clip_range           | 0.2         |
|    entropy_loss         | -1.26       |
|    explained_variance   | 0.931       |
|    learning_rate        | 0.0003      |
|    loss                 | 0.57        |
|    n_updates            | 110         |
|    policy_gradient_loss | -0.00428    |
|    std                  | 0.851       |
|    value_loss           | 2.15        |
-----------------------------------------
-----------------------------------------
| rollout/                |             |
|    ep_len_mean          | 64.8        |
|    ep_rew_mean          | -1.6        |
| time/                   |             |
|    fps                  | 181         |
|    iterations           | 13          |
|    time_elapsed         | 586         |
|    total_timesteps      | 106496      |
| train/                  |             |
|    approx_kl            | 0.008815881 |
|    clip_fraction        | 0.11        |
|    clip_range           | 0.2         |
|    entropy_loss         | -1.27       |
|    explained_variance   | 0.963       |
|    learning_rate        | 0.0003      |
|    loss                 | 0.589       |
|    n_updates            | 120         |
|    policy_gradient_loss | -0.0106     |
|    std                  | 0.867       |
|    value_loss           | 1.97        |
-----------------------------------------
-----------------------------------------
| rollout/                |             |
|    ep_len_mean          | 34.7        |
|    ep_rew_mean          | 3.87        |
| time/                   |             |
|    fps                  | 181         |
|    iterations           | 14          |
|    time_elapsed         | 630         |
|    total_timesteps      | 114688      |
| train/                  |             |
|    approx_kl            | 0.011701632 |
|    clip_fraction        | 0.152       |
|    clip_range           | 0.2         |
|    entropy_loss         | -1.28       |
|    explained_variance   | 0.969       |
|    learning_rate        | 0.0003      |
|    loss                 | 1.01        |
|    n_updates            | 130         |
|    policy_gradient_loss | -0.0159     |
|    std                  | 0.873       |
|    value_loss           | 2.38        |
-----------------------------------------
-----------------------------------------
| rollout/                |             |
|    ep_len_mean          | 34.8        |
|    ep_rew_mean          | 4.52        |
| time/                   |             |
|    fps                  | 181         |
|    iterations           | 15          |
|    time_elapsed         | 675         |
|    total_timesteps      | 122880      |
| train/                  |             |
|    approx_kl            | 0.010050879 |
|    clip_fraction        | 0.103       |
|    clip_range           | 0.2         |
|    entropy_loss         | -1.25       |
|    explained_variance   | 0.933       |
|    learning_rate        | 0.0003      |
|    loss                 | 1.29        |
|    n_updates            | 140         |
|    policy_gradient_loss | -0.011      |
|    std                  | 0.829       |
|    value_loss           | 1.76        |
-----------------------------------------
-----------------------------------------
| rollout/                |             |
|    ep_len_mean          | 37.1        |
|    ep_rew_mean          | 5.04        |
| time/                   |             |
|    fps                  | 181         |
|    iterations           | 16          |
|    time_elapsed         | 721         |
|    total_timesteps      | 131072      |
| train/                  |             |
|    approx_kl            | 0.006100587 |
|    clip_fraction        | 0.0693      |
|    clip_range           | 0.2         |
|    entropy_loss         | -1.21       |
|    explained_variance   | 0.893       |
|    learning_rate        | 0.0003      |
|    loss                 | 0.448       |
|    n_updates            | 150         |
|    policy_gradient_loss | -0.00508    |
|    std                  | 0.798       |
|    value_loss           | 1.47        |
-----------------------------------------
-----------------------------------------
| rollout/                |             |
|    ep_len_mean          | 40.9        |
|    ep_rew_mean          | 5.22        |
| time/                   |             |
|    fps                  | 181         |
|    iterations           | 17          |
|    time_elapsed         | 765         |
|    total_timesteps      | 139264      |
| train/                  |             |
|    approx_kl            | 0.008184502 |
|    clip_fraction        | 0.0828      |
|    clip_range           | 0.2         |
|    entropy_loss         | -1.17       |
|    explained_variance   | 0.844       |
|    learning_rate        | 0.0003      |
|    loss                 | 1.42        |
|    n_updates            | 160         |
|    policy_gradient_loss | -0.0039     |
|    std                  | 0.767       |
|    value_loss           | 2           |
-----------------------------------------
----------------------------------------
| rollout/                |            |
|    ep_len_mean          | 56.7       |
|    ep_rew_mean          | 7.95       |
| time/                   |            |
|    fps                  | 182        |
|    iterations           | 18         |
|    time_elapsed         | 809        |
|    total_timesteps      | 147456     |
| train/                  |            |
|    approx_kl            | 0.00782477 |
|    clip_fraction        | 0.0861     |
|    clip_range           | 0.2        |
|    entropy_loss         | -1.14      |
|    explained_variance   | 0.76       |
|    learning_rate        | 0.0003     |
|    loss                 | 1.25       |
|    n_updates            | 170        |
|    policy_gradient_loss | -0.00549   |
|    std                  | 0.757      |
|    value_loss           | 3.17       |
----------------------------------------
-----------------------------------------
| rollout/                |             |
|    ep_len_mean          | 85.1        |
|    ep_rew_mean          | 12.8        |
| time/                   |             |
|    fps                  | 182         |
|    iterations           | 19          |
|    time_elapsed         | 853         |
|    total_timesteps      | 155648      |
| train/                  |             |
|    approx_kl            | 0.009267995 |
|    clip_fraction        | 0.124       |
|    clip_range           | 0.2         |
|    entropy_loss         | -1.13       |
|    explained_variance   | 0.71        |
|    learning_rate        | 0.0003      |
|    loss                 | 1.8         |
|    n_updates            | 180         |
|    policy_gradient_loss | -0.0082     |
|    std                  | 0.745       |
|    value_loss           | 3.97        |
-----------------------------------------
------------------------------------------
| rollout/                |              |
|    ep_len_mean          | 105          |
|    ep_rew_mean          | 16.3         |
| time/                   |              |
|    fps                  | 182          |
|    iterations           | 20           |
|    time_elapsed         | 897          |
|    total_timesteps      | 163840       |
| train/                  |              |
|    approx_kl            | 0.0057621966 |
|    clip_fraction        | 0.0917       |
|    clip_range           | 0.2          |
|    entropy_loss         | -1.1         |
|    explained_variance   | 0.595        |
|    learning_rate        | 0.0003       |
|    loss                 | 1.46         |
|    n_updates            | 190          |
|    policy_gradient_loss | -0.00276     |
|    std                  | 0.726        |
|    value_loss           | 4.13         |
------------------------------------------
-----------------------------------------
| rollout/                |             |
|    ep_len_mean          | 102         |
|    ep_rew_mean          | 15.2        |
| time/                   |             |
|    fps                  | 183         |
|    iterations           | 21          |
|    time_elapsed         | 939         |
|    total_timesteps      | 172032      |
| train/                  |             |
|    approx_kl            | 0.008703323 |
|    clip_fraction        | 0.0667      |
|    clip_range           | 0.2         |
|    entropy_loss         | -1.09       |
|    explained_variance   | 0.53        |
|    learning_rate        | 0.0003      |
|    loss                 | 0.874       |
|    n_updates            | 200         |
|    policy_gradient_loss | -0.00176    |
|    std                  | 0.71        |
|    value_loss           | 3.66        |
-----------------------------------------
-----------------------------------------
| rollout/                |             |
|    ep_len_mean          | 116         |
|    ep_rew_mean          | 17.6        |
| time/                   |             |
|    fps                  | 183         |
|    iterations           | 22          |
|    time_elapsed         | 983         |
|    total_timesteps      | 180224      |
| train/                  |             |
|    approx_kl            | 0.006998997 |
|    clip_fraction        | 0.0735      |
|    clip_range           | 0.2         |
|    entropy_loss         | -1.07       |
|    explained_variance   | 0.466       |
|    learning_rate        | 0.0003      |
|    loss                 | 2.21        |
|    n_updates            | 210         |
|    policy_gradient_loss | -0.00252    |
|    std                  | 0.698       |
|    value_loss           | 5.46        |
-----------------------------------------
-----------------------------------------
| rollout/                |             |
|    ep_len_mean          | 112         |
|    ep_rew_mean          | 16.9        |
| time/                   |             |
|    fps                  | 183         |
|    iterations           | 23          |
|    time_elapsed         | 1028        |
|    total_timesteps      | 188416      |
| train/                  |             |
|    approx_kl            | 0.007402391 |
|    clip_fraction        | 0.0737      |
|    clip_range           | 0.2         |
|    entropy_loss         | -1.04       |
|    explained_variance   | 0.43        |
|    learning_rate        | 0.0003      |
|    loss                 | 1.68        |
|    n_updates            | 220         |
|    policy_gradient_loss | -0.000366   |
|    std                  | 0.678       |
|    value_loss           | 4.77        |
-----------------------------------------
-----------------------------------------
| rollout/                |             |
|    ep_len_mean          | 110         |
|    ep_rew_mean          | 16.4        |
| time/                   |             |
|    fps                  | 183         |
|    iterations           | 24          |
|    time_elapsed         | 1070        |
|    total_timesteps      | 196608      |
| train/                  |             |
|    approx_kl            | 0.005674664 |
|    clip_fraction        | 0.0772      |
|    clip_range           | 0.2         |
|    entropy_loss         | -1.03       |
|    explained_variance   | 0.347       |
|    learning_rate        | 0.0003      |
|    loss                 | 4.53        |
|    n_updates            | 230         |
|    policy_gradient_loss | -0.00063    |
|    std                  | 0.677       |
|    value_loss           | 7.98        |
-----------------------------------------
-----------------------------------------
| rollout/                |             |
|    ep_len_mean          | 123         |
|    ep_rew_mean          | 19          |
| time/                   |             |
|    fps                  | 183         |
|    iterations           | 25          |
|    time_elapsed         | 1114        |
|    total_timesteps      | 204800      |
| train/                  |             |
|    approx_kl            | 0.005628582 |
|    clip_fraction        | 0.0639      |
|    clip_range           | 0.2         |
|    entropy_loss         | -1.01       |
|    explained_variance   | 0.407       |
|    learning_rate        | 0.0003      |
|    loss                 | 2.96        |
|    n_updates            | 240         |
|    policy_gradient_loss | -0.00159    |
|    std                  | 0.656       |
|    value_loss           | 7.52        |
-----------------------------------------
-----------------------------------------
| rollout/                |             |
|    ep_len_mean          | 123         |
|    ep_rew_mean          | 19          |
| time/                   |             |
|    fps                  | 183         |
|    iterations           | 26          |
|    time_elapsed         | 1159        |
|    total_timesteps      | 212992      |
| train/                  |             |
|    approx_kl            | 0.005185363 |
|    clip_fraction        | 0.0823      |
|    clip_range           | 0.2         |
|    entropy_loss         | -0.99       |
|    explained_variance   | 0.368       |
|    learning_rate        | 0.0003      |
|    loss                 | 3.84        |
|    n_updates            | 250         |
|    policy_gradient_loss | -0.000182   |
|    std                  | 0.649       |
|    value_loss           | 6.31        |
-----------------------------------------
------------------------------------------
| rollout/                |              |
|    ep_len_mean          | 131          |
|    ep_rew_mean          | 20.6         |
| time/                   |              |
|    fps                  | 184          |
|    iterations           | 27           |
|    time_elapsed         | 1202         |
|    total_timesteps      | 221184       |
| train/                  |              |
|    approx_kl            | 0.0072325207 |
|    clip_fraction        | 0.072        |
|    clip_range           | 0.2          |
|    entropy_loss         | -0.975       |
|    explained_variance   | 0.367        |
|    learning_rate        | 0.0003       |
|    loss                 | 4.56         |
|    n_updates            | 260          |
|    policy_gradient_loss | -0.00155     |
|    std                  | 0.637        |
|    value_loss           | 6.5          |
------------------------------------------
-----------------------------------------
| rollout/                |             |
|    ep_len_mean          | 139         |
|    ep_rew_mean          | 22.3        |
| time/                   |             |
|    fps                  | 184         |
|    iterations           | 28          |
|    time_elapsed         | 1244        |
|    total_timesteps      | 229376      |
| train/                  |             |
|    approx_kl            | 0.008000797 |
|    clip_fraction        | 0.0884      |
|    clip_range           | 0.2         |
|    entropy_loss         | -0.952      |
|    explained_variance   | 0.376       |
|    learning_rate        | 0.0003      |
|    loss                 | 0.645       |
|    n_updates            | 270         |
|    policy_gradient_loss | 0.000961    |
|    std                  | 0.62        |
|    value_loss           | 4.47        |
-----------------------------------------
------------------------------------------
| rollout/                |              |
|    ep_len_mean          | 145          |
|    ep_rew_mean          | 23.3         |
| time/                   |              |
|    fps                  | 184          |
|    iterations           | 29           |
|    time_elapsed         | 1287         |
|    total_timesteps      | 237568       |
| train/                  |              |
|    approx_kl            | 0.0070186304 |
|    clip_fraction        | 0.0919       |
|    clip_range           | 0.2          |
|    entropy_loss         | -0.922       |
|    explained_variance   | 0.286        |
|    learning_rate        | 0.0003       |
|    loss                 | 1.98         |
|    n_updates            | 280          |
|    policy_gradient_loss | 0.00105      |
|    std                  | 0.603        |
|    value_loss           | 6.31         |
------------------------------------------
-----------------------------------------
| rollout/                |             |
|    ep_len_mean          | 157         |
|    ep_rew_mean          | 25.5        |
| time/                   |             |
|    fps                  | 184         |
|    iterations           | 30          |
|    time_elapsed         | 1331        |
|    total_timesteps      | 245760      |
| train/                  |             |
|    approx_kl            | 0.005931466 |
|    clip_fraction        | 0.117       |
|    clip_range           | 0.2         |
|    entropy_loss         | -0.9        |
|    explained_variance   | 0.326       |
|    learning_rate        | 0.0003      |
|    loss                 | 0.937       |
|    n_updates            | 290         |
|    policy_gradient_loss | 5.4e-05     |
|    std                  | 0.594       |
|    value_loss           | 4.18        |
-----------------------------------------
------------------------------------------
| rollout/                |              |
|    ep_len_mean          | 161          |
|    ep_rew_mean          | 25.9         |
| time/                   |              |
|    fps                  | 184          |
|    iterations           | 31           |
|    time_elapsed         | 1374         |
|    total_timesteps      | 253952       |
| train/                  |              |
|    approx_kl            | 0.0066718394 |
|    clip_fraction        | 0.0984       |
|    clip_range           | 0.2          |
|    entropy_loss         | -0.898       |
|    explained_variance   | 0.232        |
|    learning_rate        | 0.0003       |
|    loss                 | 2.13         |
|    n_updates            | 300          |
|    policy_gradient_loss | 0.000269     |
|    std                  | 0.596        |
|    value_loss           | 3.13         |
------------------------------------------
------------------------------------------
| rollout/                |              |
|    ep_len_mean          | 150          |
|    ep_rew_mean          | 24.1         |
| time/                   |              |
|    fps                  | 184          |
|    iterations           | 32           |
|    time_elapsed         | 1417         |
|    total_timesteps      | 262144       |
| train/                  |              |
|    approx_kl            | 0.0063159936 |
|    clip_fraction        | 0.1          |
|    clip_range           | 0.2          |
|    entropy_loss         | -0.898       |
|    explained_variance   | 0.227        |
|    learning_rate        | 0.0003       |
|    loss                 | 0.739        |
|    n_updates            | 310          |
|    policy_gradient_loss | 0.00163      |
|    std                  | 0.592        |
|    value_loss           | 5.4          |
------------------------------------------
-----------------------------------------
| rollout/                |             |
|    ep_len_mean          | 154         |
|    ep_rew_mean          | 25.5        |
| time/                   |             |
|    fps                  | 185         |
|    iterations           | 33          |
|    time_elapsed         | 1459        |
|    total_timesteps      | 270336      |
| train/                  |             |
|    approx_kl            | 0.007552703 |
|    clip_fraction        | 0.0897      |
|    clip_range           | 0.2         |
|    entropy_loss         | -0.889      |
|    explained_variance   | 0.267       |
|    learning_rate        | 0.0003      |
|    loss                 | 5.9         |
|    n_updates            | 320         |
|    policy_gradient_loss | 0.000481    |
|    std                  | 0.584       |
|    value_loss           | 6.83        |
-----------------------------------------
------------------------------------------
| rollout/                |              |
|    ep_len_mean          | 158          |
|    ep_rew_mean          | 26           |
| time/                   |              |
|    fps                  | 185          |
|    iterations           | 34           |
|    time_elapsed         | 1503         |
|    total_timesteps      | 278528       |
| train/                  |              |
|    approx_kl            | 0.0062019196 |
|    clip_fraction        | 0.116        |
|    clip_range           | 0.2          |
|    entropy_loss         | -0.868       |
|    explained_variance   | 0.455        |
|    learning_rate        | 0.0003       |
|    loss                 | 0.632        |
|    n_updates            | 330          |
|    policy_gradient_loss | 0.00148      |
|    std                  | 0.575        |
|    value_loss           | 2.48         |
------------------------------------------
-----------------------------------------
| rollout/                |             |
|    ep_len_mean          | 162         |
|    ep_rew_mean          | 26.5        |
| time/                   |             |
|    fps                  | 185         |
|    iterations           | 35          |
|    time_elapsed         | 1547        |
|    total_timesteps      | 286720      |
| train/                  |             |
|    approx_kl            | 0.006319979 |
|    clip_fraction        | 0.0885      |
|    clip_range           | 0.2         |
|    entropy_loss         | -0.865      |
|    explained_variance   | 0.323       |
|    learning_rate        | 0.0003      |
|    loss                 | 2.1         |
|    n_updates            | 340         |
|    policy_gradient_loss | 0.000464    |
|    std                  | 0.572       |
|    value_loss           | 4.63        |
-----------------------------------------
-----------------------------------------
| rollout/                |             |
|    ep_len_mean          | 165         |
|    ep_rew_mean          | 26.8        |
| time/                   |             |
|    fps                  | 185         |
|    iterations           | 36          |
|    time_elapsed         | 1591        |
|    total_timesteps      | 294912      |
| train/                  |             |
|    approx_kl            | 0.010222304 |
|    clip_fraction        | 0.0979      |
|    clip_range           | 0.2         |
|    entropy_loss         | -0.865      |
|    explained_variance   | 0.372       |
|    learning_rate        | 0.0003      |
|    loss                 | 0.525       |
|    n_updates            | 350         |
|    policy_gradient_loss | 0.00119     |
|    std                  | 0.574       |
|    value_loss           | 2.41        |
-----------------------------------------
-----------------------------------------
| rollout/                |             |
|    ep_len_mean          | 168         |
|    ep_rew_mean          | 27.7        |
| time/                   |             |
|    fps                  | 185         |
|    iterations           | 37          |
|    time_elapsed         | 1633        |
|    total_timesteps      | 303104      |
| train/                  |             |
|    approx_kl            | 0.009948274 |
|    clip_fraction        | 0.0822      |
|    clip_range           | 0.2         |
|    entropy_loss         | -0.875      |
|    explained_variance   | 0.287       |
|    learning_rate        | 0.0003      |
|    loss                 | 1.95        |
|    n_updates            | 360         |
|    policy_gradient_loss | 0.0014      |
|    std                  | 0.583       |
|    value_loss           | 3.87        |
-----------------------------------------
------------------------------------------
| rollout/                |              |
|    ep_len_mean          | 167          |
|    ep_rew_mean          | 27.9         |
| time/                   |              |
|    fps                  | 185          |
|    iterations           | 38           |
|    time_elapsed         | 1676         |
|    total_timesteps      | 311296       |
| train/                  |              |
|    approx_kl            | 0.0071559753 |
|    clip_fraction        | 0.0994       |
|    clip_range           | 0.2          |
|    entropy_loss         | -0.89        |
|    explained_variance   | 0.378        |
|    learning_rate        | 0.0003       |
|    loss                 | 1.11         |
|    n_updates            | 370          |
|    policy_gradient_loss | -4.32e-05    |
|    std                  | 0.592        |
|    value_loss           | 2.17         |
------------------------------------------
------------------------------------------
| rollout/                |              |
|    ep_len_mean          | 157          |
|    ep_rew_mean          | 25.6         |
| time/                   |              |
|    fps                  | 185          |
|    iterations           | 39           |
|    time_elapsed         | 1720         |
|    total_timesteps      | 319488       |
| train/                  |              |
|    approx_kl            | 0.0070590614 |
|    clip_fraction        | 0.0964       |
|    clip_range           | 0.2          |
|    entropy_loss         | -0.886       |
|    explained_variance   | 0.294        |
|    learning_rate        | 0.0003       |
|    loss                 | 0.191        |
|    n_updates            | 380          |
|    policy_gradient_loss | 0.00176      |
|    std                  | 0.583        |
|    value_loss           | 4.61         |
------------------------------------------
----------------------------------------
| rollout/                |            |
|    ep_len_mean          | 158        |
|    ep_rew_mean          | 25.1       |
| time/                   |            |
|    fps                  | 185        |
|    iterations           | 40         |
|    time_elapsed         | 1763       |
|    total_timesteps      | 327680     |
| train/                  |            |
|    approx_kl            | 0.00566372 |
|    clip_fraction        | 0.0871     |
|    clip_range           | 0.2        |
|    entropy_loss         | -0.874     |
|    explained_variance   | 0.291      |
|    learning_rate        | 0.0003     |
|    loss                 | 1.58       |
|    n_updates            | 390        |
|    policy_gradient_loss | 0.00177    |
|    std                  | 0.578      |
|    value_loss           | 5.8        |
----------------------------------------
-----------------------------------------
| rollout/                |             |
|    ep_len_mean          | 168         |
|    ep_rew_mean          | 26.7        |
| time/                   |             |
|    fps                  | 185         |
|    iterations           | 41          |
|    time_elapsed         | 1807        |
|    total_timesteps      | 335872      |
| train/                  |             |
|    approx_kl            | 0.016368497 |
|    clip_fraction        | 0.124       |
|    clip_range           | 0.2         |
|    entropy_loss         | -0.874      |
|    explained_variance   | 0.25        |
|    learning_rate        | 0.0003      |
|    loss                 | 1.29        |
|    n_updates            | 400         |
|    policy_gradient_loss | 0.00332     |
|    std                  | 0.583       |
|    value_loss           | 5.65        |
-----------------------------------------
-----------------------------------------
| rollout/                |             |
|    ep_len_mean          | 173         |
|    ep_rew_mean          | 27.6        |
| time/                   |             |
|    fps                  | 185         |
|    iterations           | 42          |
|    time_elapsed         | 1850        |
|    total_timesteps      | 344064      |
| train/                  |             |
|    approx_kl            | 0.008022018 |
|    clip_fraction        | 0.103       |
|    clip_range           | 0.2         |
|    entropy_loss         | -0.895      |
|    explained_variance   | 0.482       |
|    learning_rate        | 0.0003      |
|    loss                 | 0.562       |
|    n_updates            | 410         |
|    policy_gradient_loss | 0.00158     |
|    std                  | 0.595       |
|    value_loss           | 1.63        |
-----------------------------------------
-----------------------------------------
| rollout/                |             |
|    ep_len_mean          | 165         |
|    ep_rew_mean          | 26.9        |
| time/                   |             |
|    fps                  | 185         |
|    iterations           | 43          |
|    time_elapsed         | 1895        |
|    total_timesteps      | 352256      |
| train/                  |             |
|    approx_kl            | 0.010483898 |
|    clip_fraction        | 0.146       |
|    clip_range           | 0.2         |
|    entropy_loss         | -0.888      |
|    explained_variance   | 0.862       |
|    learning_rate        | 0.0003      |
|    loss                 | 0.134       |
|    n_updates            | 420         |
|    policy_gradient_loss | -0.00679    |
|    std                  | 0.589       |
|    value_loss           | 0.282       |
-----------------------------------------
------------------------------------------
| rollout/                |              |
|    ep_len_mean          | 157          |
|    ep_rew_mean          | 25.8         |
| time/                   |              |
|    fps                  | 185          |
|    iterations           | 44           |
|    time_elapsed         | 1938         |
|    total_timesteps      | 360448       |
| train/                  |              |
|    approx_kl            | 0.0074987113 |
|    clip_fraction        | 0.083        |
|    clip_range           | 0.2          |
|    entropy_loss         | -0.887       |
|    explained_variance   | 0.368        |
|    learning_rate        | 0.0003       |
|    loss                 | 0.965        |
|    n_updates            | 430          |
|    policy_gradient_loss | 0.00177      |
|    std                  | 0.586        |
|    value_loss           | 3.54         |
------------------------------------------
-----------------------------------------
| rollout/                |             |
|    ep_len_mean          | 158         |
|    ep_rew_mean          | 26.1        |
| time/                   |             |
|    fps                  | 186         |
|    iterations           | 45          |
|    time_elapsed         | 1981        |
|    total_timesteps      | 368640      |
| train/                  |             |
|    approx_kl            | 0.010136093 |
|    clip_fraction        | 0.112       |
|    clip_range           | 0.2         |
|    entropy_loss         | -0.866      |
|    explained_variance   | 0.306       |
|    learning_rate        | 0.0003      |
|    loss                 | 0.535       |
|    n_updates            | 440         |
|    policy_gradient_loss | 0.00216     |
|    std                  | 0.569       |
|    value_loss           | 4.51        |
-----------------------------------------
-----------------------------------------
| rollout/                |             |
|    ep_len_mean          | 163         |
|    ep_rew_mean          | 27.3        |
| time/                   |             |
|    fps                  | 186         |
|    iterations           | 46          |
|    time_elapsed         | 2025        |
|    total_timesteps      | 376832      |
| train/                  |             |
|    approx_kl            | 0.014053393 |
|    clip_fraction        | 0.128       |
|    clip_range           | 0.2         |
|    entropy_loss         | -0.846      |
|    explained_variance   | 0.274       |
|    learning_rate        | 0.0003      |
|    loss                 | 1.99        |
|    n_updates            | 450         |
|    policy_gradient_loss | 0.00298     |
|    std                  | 0.558       |
|    value_loss           | 5.63        |
-----------------------------------------
-----------------------------------------
| rollout/                |             |
|    ep_len_mean          | 167         |
|    ep_rew_mean          | 28.1        |
| time/                   |             |
|    fps                  | 186         |
|    iterations           | 47          |
|    time_elapsed         | 2069        |
|    total_timesteps      | 385024      |
| train/                  |             |
|    approx_kl            | 0.008340549 |
|    clip_fraction        | 0.102       |
|    clip_range           | 0.2         |
|    entropy_loss         | -0.83       |
|    explained_variance   | 0.393       |
|    learning_rate        | 0.0003      |
|    loss                 | 0.862       |
|    n_updates            | 460         |
|    policy_gradient_loss | 0.00333     |
|    std                  | 0.549       |
|    value_loss           | 2.53        |
-----------------------------------------
-----------------------------------------
| rollout/                |             |
|    ep_len_mean          | 166         |
|    ep_rew_mean          | 27.7        |
| time/                   |             |
|    fps                  | 186         |
|    iterations           | 48          |
|    time_elapsed         | 2113        |
|    total_timesteps      | 393216      |
| train/                  |             |
|    approx_kl            | 0.009726152 |
|    clip_fraction        | 0.124       |
|    clip_range           | 0.2         |
|    entropy_loss         | -0.825      |
|    explained_variance   | 0.418       |
|    learning_rate        | 0.0003      |
|    loss                 | 4.52        |
|    n_updates            | 470         |
|    policy_gradient_loss | -0.000626   |
|    std                  | 0.56        |
|    value_loss           | 2.03        |
-----------------------------------------
------------------------------------------
| rollout/                |              |
|    ep_len_mean          | 159          |
|    ep_rew_mean          | 26.1         |
| time/                   |              |
|    fps                  | 186          |
|    iterations           | 49           |
|    time_elapsed         | 2156         |
|    total_timesteps      | 401408       |
| train/                  |              |
|    approx_kl            | 0.0064459806 |
|    clip_fraction        | 0.0759       |
|    clip_range           | 0.2          |
|    entropy_loss         | -0.832       |
|    explained_variance   | 0.306        |
|    learning_rate        | 0.0003       |
|    loss                 | 5.08         |
|    n_updates            | 480          |
|    policy_gradient_loss | 0.00126      |
|    std                  | 0.556        |
|    value_loss           | 4.55         |
------------------------------------------
-----------------------------------------
| rollout/                |             |
|    ep_len_mean          | 159         |
|    ep_rew_mean          | 26.1        |
| time/                   |             |
|    fps                  | 186         |
|    iterations           | 50          |
|    time_elapsed         | 2201        |
|    total_timesteps      | 409600      |
| train/                  |             |
|    approx_kl            | 0.014801148 |
|    clip_fraction        | 0.105       |
|    clip_range           | 0.2         |
|    entropy_loss         | -0.819      |
|    explained_variance   | 0.303       |
|    learning_rate        | 0.0003      |
|    loss                 | 3.53        |
|    n_updates            | 490         |
|    policy_gradient_loss | 0.00214     |
|    std                  | 0.547       |
|    value_loss           | 5.91        |
-----------------------------------------
------------------------------------------
| rollout/                |              |
|    ep_len_mean          | 167          |
|    ep_rew_mean          | 27.6         |
| time/                   |              |
|    fps                  | 186          |
|    iterations           | 51           |
|    time_elapsed         | 2244         |
|    total_timesteps      | 417792       |
| train/                  |              |
|    approx_kl            | 0.0058000786 |
|    clip_fraction        | 0.0941       |
|    clip_range           | 0.2          |
|    entropy_loss         | -0.81        |
|    explained_variance   | 0.41         |
|    learning_rate        | 0.0003       |
|    loss                 | 1.85         |
|    n_updates            | 500          |
|    policy_gradient_loss | 0.00203      |
|    std                  | 0.543        |
|    value_loss           | 3.21         |
------------------------------------------
-----------------------------------------
| rollout/                |             |
|    ep_len_mean          | 165         |
|    ep_rew_mean          | 27.1        |
| time/                   |             |
|    fps                  | 186         |
|    iterations           | 52          |
|    time_elapsed         | 2289        |
|    total_timesteps      | 425984      |
| train/                  |             |
|    approx_kl            | 0.006811537 |
|    clip_fraction        | 0.0868      |
|    clip_range           | 0.2         |
|    entropy_loss         | -0.805      |
|    explained_variance   | 0.454       |
|    learning_rate        | 0.0003      |
|    loss                 | 0.176       |
|    n_updates            | 510         |
|    policy_gradient_loss | 0.00194     |
|    std                  | 0.539       |
|    value_loss           | 2.19        |
-----------------------------------------
-----------------------------------------
| rollout/                |             |
|    ep_len_mean          | 159         |
|    ep_rew_mean          | 25.8        |
| time/                   |             |
|    fps                  | 186         |
|    iterations           | 53          |
|    time_elapsed         | 2334        |
|    total_timesteps      | 434176      |
| train/                  |             |
|    approx_kl            | 0.007626687 |
|    clip_fraction        | 0.112       |
|    clip_range           | 0.2         |
|    entropy_loss         | -0.803      |
|    explained_variance   | 0.33        |
|    learning_rate        | 0.0003      |
|    loss                 | 0.851       |
|    n_updates            | 520         |
|    policy_gradient_loss | 0.00107     |
|    std                  | 0.537       |
|    value_loss           | 4.04        |
-----------------------------------------
------------------------------------------
| rollout/                |              |
|    ep_len_mean          | 160          |
|    ep_rew_mean          | 25.9         |
| time/                   |              |
|    fps                  | 186          |
|    iterations           | 54           |
|    time_elapsed         | 2377         |
|    total_timesteps      | 442368       |
| train/                  |              |
|    approx_kl            | 0.0076640714 |
|    clip_fraction        | 0.11         |
|    clip_range           | 0.2          |
|    entropy_loss         | -0.794       |
|    explained_variance   | 0.394        |
|    learning_rate        | 0.0003       |
|    loss                 | 3            |
|    n_updates            | 530          |
|    policy_gradient_loss | 0.000574     |
|    std                  | 0.536        |
|    value_loss           | 3.38         |
------------------------------------------
-----------------------------------------
| rollout/                |             |
|    ep_len_mean          | 160         |
|    ep_rew_mean          | 26.3        |
| time/                   |             |
|    fps                  | 186         |
|    iterations           | 55          |
|    time_elapsed         | 2420        |
|    total_timesteps      | 450560      |
| train/                  |             |
|    approx_kl            | 0.010143778 |
|    clip_fraction        | 0.107       |
|    clip_range           | 0.2         |
|    entropy_loss         | -0.794      |
|    explained_variance   | 0.473       |
|    learning_rate        | 0.0003      |
|    loss                 | 0.285       |
|    n_updates            | 540         |
|    policy_gradient_loss | 0.000193    |
|    std                  | 0.541       |
|    value_loss           | 2.84        |
-----------------------------------------
-----------------------------------------
| rollout/                |             |
|    ep_len_mean          | 164         |
|    ep_rew_mean          | 27.4        |
| time/                   |             |
|    fps                  | 186         |
|    iterations           | 56          |
|    time_elapsed         | 2464        |
|    total_timesteps      | 458752      |
| train/                  |             |
|    approx_kl            | 0.008961988 |
|    clip_fraction        | 0.089       |
|    clip_range           | 0.2         |
|    entropy_loss         | -0.795      |
|    explained_variance   | 0.529       |
|    learning_rate        | 0.0003      |
|    loss                 | 0.819       |
|    n_updates            | 550         |
|    policy_gradient_loss | -0.000154   |
|    std                  | 0.529       |
|    value_loss           | 2.61        |
-----------------------------------------
-----------------------------------------
| rollout/                |             |
|    ep_len_mean          | 170         |
|    ep_rew_mean          | 28.4        |
| time/                   |             |
|    fps                  | 186         |
|    iterations           | 57          |
|    time_elapsed         | 2508        |
|    total_timesteps      | 466944      |
| train/                  |             |
|    approx_kl            | 0.013626122 |
|    clip_fraction        | 0.125       |
|    clip_range           | 0.2         |
|    entropy_loss         | -0.77       |
|    explained_variance   | 0.47        |
|    learning_rate        | 0.0003      |
|    loss                 | 0.245       |
|    n_updates            | 560         |
|    policy_gradient_loss | 0.00193     |
|    std                  | 0.521       |
|    value_loss           | 1.4         |
-----------------------------------------
------------------------------------------
| rollout/                |              |
|    ep_len_mean          | 162          |
|    ep_rew_mean          | 26.9         |
| time/                   |              |
|    fps                  | 186          |
|    iterations           | 58           |
|    time_elapsed         | 2550         |
|    total_timesteps      | 475136       |
| train/                  |              |
|    approx_kl            | 0.0074529173 |
|    clip_fraction        | 0.096        |
|    clip_range           | 0.2          |
|    entropy_loss         | -0.768       |
|    explained_variance   | 0.354        |
|    learning_rate        | 0.0003       |
|    loss                 | 4.68         |
|    n_updates            | 570          |
|    policy_gradient_loss | 0.00266      |
|    std                  | 0.524        |
|    value_loss           | 3.41         |
------------------------------------------
-----------------------------------------
| rollout/                |             |
|    ep_len_mean          | 165         |
|    ep_rew_mean          | 26.8        |
| time/                   |             |
|    fps                  | 186         |
|    iterations           | 59          |
|    time_elapsed         | 2593        |
|    total_timesteps      | 483328      |
| train/                  |             |
|    approx_kl            | 0.015533408 |
|    clip_fraction        | 0.149       |
|    clip_range           | 0.2         |
|    entropy_loss         | -0.768      |
|    explained_variance   | 0.346       |
|    learning_rate        | 0.0003      |
|    loss                 | 4.21        |
|    n_updates            | 580         |
|    policy_gradient_loss | 0.00289     |
|    std                  | 0.524       |
|    value_loss           | 3.98        |
-----------------------------------------
----------------------------------------
| rollout/                |            |
|    ep_len_mean          | 166        |
|    ep_rew_mean          | 27         |
| time/                   |            |
|    fps                  | 186        |
|    iterations           | 60         |
|    time_elapsed         | 2637       |
|    total_timesteps      | 491520     |
| train/                  |            |
|    approx_kl            | 0.01570269 |
|    clip_fraction        | 0.123      |
|    clip_range           | 0.2        |
|    entropy_loss         | -0.772     |
|    explained_variance   | 0.395      |
|    learning_rate        | 0.0003     |
|    loss                 | 0.122      |
|    n_updates            | 590        |
|    policy_gradient_loss | 0.00376    |
|    std                  | 0.528      |
|    value_loss           | 2.26       |
----------------------------------------
-----------------------------------------
| rollout/                |             |
|    ep_len_mean          | 161         |
|    ep_rew_mean          | 26.5        |
| time/                   |             |
|    fps                  | 186         |
|    iterations           | 61          |
|    time_elapsed         | 2680        |
|    total_timesteps      | 499712      |
| train/                  |             |
|    approx_kl            | 0.006386685 |
|    clip_fraction        | 0.0875      |
|    clip_range           | 0.2         |
|    entropy_loss         | -0.769      |
|    explained_variance   | 0.414       |
|    learning_rate        | 0.0003      |
|    loss                 | 1.21        |
|    n_updates            | 600         |
|    policy_gradient_loss | 0.00233     |
|    std                  | 0.516       |
|    value_loss           | 2.9         |
-----------------------------------------
------------------------------------------
| rollout/                |              |
|    ep_len_mean          | 166          |
|    ep_rew_mean          | 27.2         |
| time/                   |              |
|    fps                  | 186          |
|    iterations           | 62           |
|    time_elapsed         | 2723         |
|    total_timesteps      | 507904       |
| train/                  |              |
|    approx_kl            | 0.0074023204 |
|    clip_fraction        | 0.0835       |
|    clip_range           | 0.2          |
|    entropy_loss         | -0.762       |
|    explained_variance   | 0.449        |
|    learning_rate        | 0.0003       |
|    loss                 | 1.79         |
|    n_updates            | 610          |
|    policy_gradient_loss | 0.00179      |
|    std                  | 0.519        |
|    value_loss           | 2.92         |
------------------------------------------
-----------------------------------------
| rollout/                |             |
|    ep_len_mean          | 170         |
|    ep_rew_mean          | 27.6        |
| time/                   |             |
|    fps                  | 186         |
|    iterations           | 63          |
|    time_elapsed         | 2764        |
|    total_timesteps      | 516096      |
| train/                  |             |
|    approx_kl            | 0.009733369 |
|    clip_fraction        | 0.117       |
|    clip_range           | 0.2         |
|    entropy_loss         | -0.763      |
|    explained_variance   | 0.377       |
|    learning_rate        | 0.0003      |
|    loss                 | 0.21        |
|    n_updates            | 620         |
|    policy_gradient_loss | 0.00186     |
|    std                  | 0.517       |
|    value_loss           | 1.35        |
-----------------------------------------
-----------------------------------------
| rollout/                |             |
|    ep_len_mean          | 169         |
|    ep_rew_mean          | 27.4        |
| time/                   |             |
|    fps                  | 186         |
|    iterations           | 64          |
|    time_elapsed         | 2804        |
|    total_timesteps      | 524288      |
| train/                  |             |
|    approx_kl            | 0.014233241 |
|    clip_fraction        | 0.104       |
|    clip_range           | 0.2         |
|    entropy_loss         | -0.745      |
|    explained_variance   | 0.378       |
|    learning_rate        | 0.0003      |
|    loss                 | 0.295       |
|    n_updates            | 630         |
|    policy_gradient_loss | 0.00235     |
|    std                  | 0.504       |
|    value_loss           | 2.57        |
-----------------------------------------
-----------------------------------------
| rollout/                |             |
|    ep_len_mean          | 173         |
|    ep_rew_mean          | 28.8        |
| time/                   |             |
|    fps                  | 187         |
|    iterations           | 65          |
|    time_elapsed         | 2844        |
|    total_timesteps      | 532480      |
| train/                  |             |
|    approx_kl            | 0.013479842 |
|    clip_fraction        | 0.133       |
|    clip_range           | 0.2         |
|    entropy_loss         | -0.726      |
|    explained_variance   | 0.412       |
|    learning_rate        | 0.0003      |
|    loss                 | 0.131       |
|    n_updates            | 640         |
|    policy_gradient_loss | 0.00531     |
|    std                  | 0.497       |
|    value_loss           | 2.25        |
-----------------------------------------
------------------------------------------
| rollout/                |              |
|    ep_len_mean          | 174          |
|    ep_rew_mean          | 28.8         |
| time/                   |              |
|    fps                  | 187          |
|    iterations           | 66           |
|    time_elapsed         | 2884         |
|    total_timesteps      | 540672       |
| train/                  |              |
|    approx_kl            | 0.0089193545 |
|    clip_fraction        | 0.12         |
|    clip_range           | 0.2          |
|    entropy_loss         | -0.715       |
|    explained_variance   | 0.84         |
|    learning_rate        | 0.0003       |
|    loss                 | 0.0983       |
|    n_updates            | 650          |
|    policy_gradient_loss | 0.00107      |
|    std                  | 0.5          |
|    value_loss           | 0.269        |
------------------------------------------
----------------------------------------
| rollout/                |            |
|    ep_len_mean          | 170        |
|    ep_rew_mean          | 27.9       |
| time/                   |            |
|    fps                  | 187        |
|    iterations           | 67         |
|    time_elapsed         | 2924       |
|    total_timesteps      | 548864     |
| train/                  |            |
|    approx_kl            | 0.01105305 |
|    clip_fraction        | 0.137      |
|    clip_range           | 0.2        |
|    entropy_loss         | -0.729     |
|    explained_variance   | 0.406      |
|    learning_rate        | 0.0003     |
|    loss                 | 0.102      |
|    n_updates            | 660        |
|    policy_gradient_loss | 0.00435    |
|    std                  | 0.501      |
|    value_loss           | 2.32       |
----------------------------------------
-----------------------------------------
| rollout/                |             |
|    ep_len_mean          | 167         |
|    ep_rew_mean          | 27.7        |
| time/                   |             |
|    fps                  | 187         |
|    iterations           | 68          |
|    time_elapsed         | 2965        |
|    total_timesteps      | 557056      |
| train/                  |             |
|    approx_kl            | 0.015891086 |
|    clip_fraction        | 0.138       |
|    clip_range           | 0.2         |
|    entropy_loss         | -0.735      |
|    explained_variance   | 0.317       |
|    learning_rate        | 0.0003      |
|    loss                 | 1.77        |
|    n_updates            | 670         |
|    policy_gradient_loss | 0.00375     |
|    std                  | 0.507       |
|    value_loss           | 3.79        |
-----------------------------------------
-----------------------------------------
| rollout/                |             |
|    ep_len_mean          | 164         |
|    ep_rew_mean          | 27.6        |
| time/                   |             |
|    fps                  | 188         |
|    iterations           | 69          |
|    time_elapsed         | 3005        |
|    total_timesteps      | 565248      |
| train/                  |             |
|    approx_kl            | 0.019825863 |
|    clip_fraction        | 0.163       |
|    clip_range           | 0.2         |
|    entropy_loss         | -0.739      |
|    explained_variance   | 0.315       |
|    learning_rate        | 0.0003      |
|    loss                 | 1.12        |
|    n_updates            | 680         |
|    policy_gradient_loss | 0.00511     |
|    std                  | 0.509       |
|    value_loss           | 3.96        |
-----------------------------------------
-----------------------------------------
| rollout/                |             |
|    ep_len_mean          | 160         |
|    ep_rew_mean          | 26.4        |
| time/                   |             |
|    fps                  | 188         |
|    iterations           | 70          |
|    time_elapsed         | 3045        |
|    total_timesteps      | 573440      |
| train/                  |             |
|    approx_kl            | 0.010611208 |
|    clip_fraction        | 0.111       |
|    clip_range           | 0.2         |
|    entropy_loss         | -0.741      |
|    explained_variance   | 0.296       |
|    learning_rate        | 0.0003      |
|    loss                 | 2.21        |
|    n_updates            | 690         |
|    policy_gradient_loss | 0.00322     |
|    std                  | 0.507       |
|    value_loss           | 5.08        |
-----------------------------------------
-----------------------------------------
| rollout/                |             |
|    ep_len_mean          | 164         |
|    ep_rew_mean          | 27.1        |
| time/                   |             |
|    fps                  | 188         |
|    iterations           | 71          |
|    time_elapsed         | 3085        |
|    total_timesteps      | 581632      |
| train/                  |             |
|    approx_kl            | 0.007242997 |
|    clip_fraction        | 0.0914      |
|    clip_range           | 0.2         |
|    entropy_loss         | -0.755      |
|    explained_variance   | 0.353       |
|    learning_rate        | 0.0003      |
|    loss                 | 3.87        |
|    n_updates            | 700         |
|    policy_gradient_loss | 0.00208     |
|    std                  | 0.519       |
|    value_loss           | 6.49        |
-----------------------------------------
------------------------------------------
| rollout/                |              |
|    ep_len_mean          | 169          |
|    ep_rew_mean          | 27.8         |
| time/                   |              |
|    fps                  | 188          |
|    iterations           | 72           |
|    time_elapsed         | 3125         |
|    total_timesteps      | 589824       |
| train/                  |              |
|    approx_kl            | 0.0066776155 |
|    clip_fraction        | 0.0739       |
|    clip_range           | 0.2          |
|    entropy_loss         | -0.763       |
|    explained_variance   | 0.539        |
|    learning_rate        | 0.0003       |
|    loss                 | 0.414        |
|    n_updates            | 710          |
|    policy_gradient_loss | 0.00215      |
|    std                  | 0.519        |
|    value_loss           | 1.95         |
------------------------------------------
------------------------------------------
| rollout/                |              |
|    ep_len_mean          | 165          |
|    ep_rew_mean          | 26.8         |
| time/                   |              |
|    fps                  | 188          |
|    iterations           | 73           |
|    time_elapsed         | 3166         |
|    total_timesteps      | 598016       |
| train/                  |              |
|    approx_kl            | 0.0065031103 |
|    clip_fraction        | 0.0922       |
|    clip_range           | 0.2          |
|    entropy_loss         | -0.754       |
|    explained_variance   | 0.385        |
|    learning_rate        | 0.0003       |
|    loss                 | 0.338        |
|    n_updates            | 720          |
|    policy_gradient_loss | 0.00115      |
|    std                  | 0.512        |
|    value_loss           | 3.58         |
------------------------------------------
-----------------------------------------
| rollout/                |             |
|    ep_len_mean          | 167         |
|    ep_rew_mean          | 27.2        |
| time/                   |             |
|    fps                  | 189         |
|    iterations           | 74          |
|    time_elapsed         | 3206        |
|    total_timesteps      | 606208      |
| train/                  |             |
|    approx_kl            | 0.008141365 |
|    clip_fraction        | 0.119       |
|    clip_range           | 0.2         |
|    entropy_loss         | -0.74       |
|    explained_variance   | 0.395       |
|    learning_rate        | 0.0003      |
|    loss                 | 2.31        |
|    n_updates            | 730         |
|    policy_gradient_loss | 0.0014      |
|    std                  | 0.506       |
|    value_loss           | 2.92        |
-----------------------------------------
-----------------------------------------
| rollout/                |             |
|    ep_len_mean          | 169         |
|    ep_rew_mean          | 27.4        |
| time/                   |             |
|    fps                  | 189         |
|    iterations           | 75          |
|    time_elapsed         | 3246        |
|    total_timesteps      | 614400      |
| train/                  |             |
|    approx_kl            | 0.008087266 |
|    clip_fraction        | 0.13        |
|    clip_range           | 0.2         |
|    entropy_loss         | -0.729      |
|    explained_variance   | 0.37        |
|    learning_rate        | 0.0003      |
|    loss                 | 0.48        |
|    n_updates            | 740         |
|    policy_gradient_loss | 0.00264     |
|    std                  | 0.5         |
|    value_loss           | 3.03        |
-----------------------------------------
-----------------------------------------
| rollout/                |             |
|    ep_len_mean          | 173         |
|    ep_rew_mean          | 28.4        |
| time/                   |             |
|    fps                  | 189         |
|    iterations           | 76          |
|    time_elapsed         | 3286        |
|    total_timesteps      | 622592      |
| train/                  |             |
|    approx_kl            | 0.011792008 |
|    clip_fraction        | 0.13        |
|    clip_range           | 0.2         |
|    entropy_loss         | -0.709      |
|    explained_variance   | 0.591       |
|    learning_rate        | 0.0003      |
|    loss                 | 0.236       |
|    n_updates            | 750         |
|    policy_gradient_loss | -0.000635   |
|    std                  | 0.484       |
|    value_loss           | 1.01        |
-----------------------------------------
-----------------------------------------
| rollout/                |             |
|    ep_len_mean          | 173         |
|    ep_rew_mean          | 28.9        |
| time/                   |             |
|    fps                  | 189         |
|    iterations           | 77          |
|    time_elapsed         | 3326        |
|    total_timesteps      | 630784      |
| train/                  |             |
|    approx_kl            | 0.007322382 |
|    clip_fraction        | 0.107       |
|    clip_range           | 0.2         |
|    entropy_loss         | -0.703      |
|    explained_variance   | 0.836       |
|    learning_rate        | 0.0003      |
|    loss                 | 0.137       |
|    n_updates            | 760         |
|    policy_gradient_loss | 0.000875    |
|    std                  | 0.489       |
|    value_loss           | 0.257       |
-----------------------------------------
-----------------------------------------
| rollout/                |             |
|    ep_len_mean          | 171         |
|    ep_rew_mean          | 29.3        |
| time/                   |             |
|    fps                  | 189         |
|    iterations           | 78          |
|    time_elapsed         | 3367        |
|    total_timesteps      | 638976      |
| train/                  |             |
|    approx_kl            | 0.011960549 |
|    clip_fraction        | 0.135       |
|    clip_range           | 0.2         |
|    entropy_loss         | -0.701      |
|    explained_variance   | 0.422       |
|    learning_rate        | 0.0003      |
|    loss                 | 1.5         |
|    n_updates            | 770         |
|    policy_gradient_loss | 0.00301     |
|    std                  | 0.485       |
|    value_loss           | 1.74        |
-----------------------------------------
-----------------------------------------
| rollout/                |             |
|    ep_len_mean          | 169         |
|    ep_rew_mean          | 29.4        |
| time/                   |             |
|    fps                  | 189         |
|    iterations           | 79          |
|    time_elapsed         | 3407        |
|    total_timesteps      | 647168      |
| train/                  |             |
|    approx_kl            | 0.011352858 |
|    clip_fraction        | 0.131       |
|    clip_range           | 0.2         |
|    entropy_loss         | -0.691      |
|    explained_variance   | 0.519       |
|    learning_rate        | 0.0003      |
|    loss                 | 0.21        |
|    n_updates            | 780         |
|    policy_gradient_loss | 0.00486     |
|    std                  | 0.482       |
|    value_loss           | 1.3         |
-----------------------------------------
-----------------------------------------
| rollout/                |             |
|    ep_len_mean          | 170         |
|    ep_rew_mean          | 29.5        |
| time/                   |             |
|    fps                  | 189         |
|    iterations           | 80          |
|    time_elapsed         | 3450        |
|    total_timesteps      | 655360      |
| train/                  |             |
|    approx_kl            | 0.009470656 |
|    clip_fraction        | 0.147       |
|    clip_range           | 0.2         |
|    entropy_loss         | -0.691      |
|    explained_variance   | 0.368       |
|    learning_rate        | 0.0003      |
|    loss                 | 0.347       |
|    n_updates            | 790         |
|    policy_gradient_loss | 0.00382     |
|    std                  | 0.487       |
|    value_loss           | 2.57        |
-----------------------------------------
---------------------------------------
| rollout/                |           |
|    ep_len_mean          | 169       |
|    ep_rew_mean          | 28.9      |
| time/                   |           |
|    fps                  | 189       |
|    iterations           | 81        |
|    time_elapsed         | 3493      |
|    total_timesteps      | 663552    |
| train/                  |           |
|    approx_kl            | 0.0106424 |
|    clip_fraction        | 0.116     |
|    clip_range           | 0.2       |
|    entropy_loss         | -0.713    |
|    explained_variance   | 0.371     |
|    learning_rate        | 0.0003    |
|    loss                 | 3.32      |
|    n_updates            | 800       |
|    policy_gradient_loss | 0.00279   |
|    std                  | 0.497     |
|    value_loss           | 2.29      |
---------------------------------------
-----------------------------------------
| rollout/                |             |
|    ep_len_mean          | 163         |
|    ep_rew_mean          | 27.2        |
| time/                   |             |
|    fps                  | 190         |
|    iterations           | 82          |
|    time_elapsed         | 3535        |
|    total_timesteps      | 671744      |
| train/                  |             |
|    approx_kl            | 0.011650454 |
|    clip_fraction        | 0.135       |
|    clip_range           | 0.2         |
|    entropy_loss         | -0.715      |
|    explained_variance   | 0.304       |
|    learning_rate        | 0.0003      |
|    loss                 | 2.55        |
|    n_updates            | 810         |
|    policy_gradient_loss | 0.00396     |
|    std                  | 0.49        |
|    value_loss           | 3.82        |
-----------------------------------------
-----------------------------------------
| rollout/                |             |
|    ep_len_mean          | 163         |
|    ep_rew_mean          | 27.1        |
| time/                   |             |
|    fps                  | 190         |
|    iterations           | 83          |
|    time_elapsed         | 3578        |
|    total_timesteps      | 679936      |
| train/                  |             |
|    approx_kl            | 0.012062881 |
|    clip_fraction        | 0.124       |
|    clip_range           | 0.2         |
|    entropy_loss         | -0.701      |
|    explained_variance   | 0.171       |
|    learning_rate        | 0.0003      |
|    loss                 | 3.05        |
|    n_updates            | 820         |
|    policy_gradient_loss | 0.0027      |
|    std                  | 0.484       |
|    value_loss           | 8.25        |
-----------------------------------------
-----------------------------------------
| rollout/                |             |
|    ep_len_mean          | 162         |
|    ep_rew_mean          | 27.2        |
| time/                   |             |
|    fps                  | 190         |
|    iterations           | 84          |
|    time_elapsed         | 3620        |
|    total_timesteps      | 688128      |
| train/                  |             |
|    approx_kl            | 0.010088349 |
|    clip_fraction        | 0.139       |
|    clip_range           | 0.2         |
|    entropy_loss         | -0.69       |
|    explained_variance   | 0.217       |
|    learning_rate        | 0.0003      |
|    loss                 | 0.442       |
|    n_updates            | 830         |
|    policy_gradient_loss | 0.00345     |
|    std                  | 0.48        |
|    value_loss           | 4.59        |
-----------------------------------------
-----------------------------------------
| rollout/                |             |
|    ep_len_mean          | 157         |
|    ep_rew_mean          | 26.2        |
| time/                   |             |
|    fps                  | 190         |
|    iterations           | 85          |
|    time_elapsed         | 3663        |
|    total_timesteps      | 696320      |
| train/                  |             |
|    approx_kl            | 0.011697141 |
|    clip_fraction        | 0.139       |
|    clip_range           | 0.2         |
|    entropy_loss         | -0.687      |
|    explained_variance   | 0.224       |
|    learning_rate        | 0.0003      |
|    loss                 | 5.64        |
|    n_updates            | 840         |
|    policy_gradient_loss | 0.00397     |
|    std                  | 0.48        |
|    value_loss           | 6.07        |
-----------------------------------------
-----------------------------------------
| rollout/                |             |
|    ep_len_mean          | 161         |
|    ep_rew_mean          | 27.3        |
| time/                   |             |
|    fps                  | 189         |
|    iterations           | 86          |
|    time_elapsed         | 3707        |
|    total_timesteps      | 704512      |
| train/                  |             |
|    approx_kl            | 0.009085269 |
|    clip_fraction        | 0.125       |
|    clip_range           | 0.2         |
|    entropy_loss         | -0.701      |
|    explained_variance   | 0.175       |
|    learning_rate        | 0.0003      |
|    loss                 | 1.43        |
|    n_updates            | 850         |
|    policy_gradient_loss | 0.00152     |
|    std                  | 0.488       |
|    value_loss           | 7.55        |
-----------------------------------------
-----------------------------------------
| rollout/                |             |
|    ep_len_mean          | 165         |
|    ep_rew_mean          | 27.8        |
| time/                   |             |
|    fps                  | 189         |
|    iterations           | 87          |
|    time_elapsed         | 3751        |
|    total_timesteps      | 712704      |
| train/                  |             |
|    approx_kl            | 0.011429946 |
|    clip_fraction        | 0.116       |
|    clip_range           | 0.2         |
|    entropy_loss         | -0.715      |
|    explained_variance   | 0.376       |
|    learning_rate        | 0.0003      |
|    loss                 | 0.0808      |
|    n_updates            | 860         |
|    policy_gradient_loss | 0.000787    |
|    std                  | 0.5         |
|    value_loss           | 2.56        |
-----------------------------------------
------------------------------------------
| rollout/                |              |
|    ep_len_mean          | 162          |
|    ep_rew_mean          | 27           |
| time/                   |              |
|    fps                  | 190          |
|    iterations           | 88           |
|    time_elapsed         | 3793         |
|    total_timesteps      | 720896       |
| train/                  |              |
|    approx_kl            | 0.0076542855 |
|    clip_fraction        | 0.082        |
|    clip_range           | 0.2          |
|    entropy_loss         | -0.726       |
|    explained_variance   | 0.331        |
|    learning_rate        | 0.0003       |
|    loss                 | 3.78         |
|    n_updates            | 870          |
|    policy_gradient_loss | 0.00173      |
|    std                  | 0.502        |
|    value_loss           | 3.82         |
------------------------------------------
-----------------------------------------
| rollout/                |             |
|    ep_len_mean          | 163         |
|    ep_rew_mean          | 27.5        |
| time/                   |             |
|    fps                  | 189         |
|    iterations           | 89          |
|    time_elapsed         | 3839        |
|    total_timesteps      | 729088      |
| train/                  |             |
|    approx_kl            | 0.009007083 |
|    clip_fraction        | 0.107       |
|    clip_range           | 0.2         |
|    entropy_loss         | -0.729      |
|    explained_variance   | 0.247       |
|    learning_rate        | 0.0003      |
|    loss                 | 1.09        |
|    n_updates            | 880         |
|    policy_gradient_loss | 0.00203     |
|    std                  | 0.501       |
|    value_loss           | 5.79        |
-----------------------------------------
-----------------------------------------
| rollout/                |             |
|    ep_len_mean          | 166         |
|    ep_rew_mean          | 27.7        |
| time/                   |             |
|    fps                  | 189         |
|    iterations           | 90          |
|    time_elapsed         | 3880        |
|    total_timesteps      | 737280      |
| train/                  |             |
|    approx_kl            | 0.008333647 |
|    clip_fraction        | 0.103       |
|    clip_range           | 0.2         |
|    entropy_loss         | -0.726      |
|    explained_variance   | 0.302       |
|    learning_rate        | 0.0003      |
|    loss                 | 1           |
|    n_updates            | 890         |
|    policy_gradient_loss | 0.0017      |
|    std                  | 0.497       |
|    value_loss           | 4.51        |
-----------------------------------------
-----------------------------------------
| rollout/                |             |
|    ep_len_mean          | 164         |
|    ep_rew_mean          | 26.9        |
| time/                   |             |
|    fps                  | 190         |
|    iterations           | 91          |
|    time_elapsed         | 3922        |
|    total_timesteps      | 745472      |
| train/                  |             |
|    approx_kl            | 0.012339328 |
|    clip_fraction        | 0.13        |
|    clip_range           | 0.2         |
|    entropy_loss         | -0.716      |
|    explained_variance   | 0.326       |
|    learning_rate        | 0.0003      |
|    loss                 | 2.2         |
|    n_updates            | 900         |
|    policy_gradient_loss | 0.000276    |
|    std                  | 0.492       |
|    value_loss           | 4.94        |
-----------------------------------------
-----------------------------------------
| rollout/                |             |
|    ep_len_mean          | 170         |
|    ep_rew_mean          | 28.1        |
| time/                   |             |
|    fps                  | 190         |
|    iterations           | 92          |
|    time_elapsed         | 3966        |
|    total_timesteps      | 753664      |
| train/                  |             |
|    approx_kl            | 0.009900673 |
|    clip_fraction        | 0.121       |
|    clip_range           | 0.2         |
|    entropy_loss         | -0.704      |
|    explained_variance   | 0.348       |
|    learning_rate        | 0.0003      |
|    loss                 | 3.04        |
|    n_updates            | 910         |
|    policy_gradient_loss | 0.00214     |
|    std                  | 0.484       |
|    value_loss           | 4.56        |
-----------------------------------------
-----------------------------------------
| rollout/                |             |
|    ep_len_mean          | 172         |
|    ep_rew_mean          | 28.9        |
| time/                   |             |
|    fps                  | 190         |
|    iterations           | 93          |
|    time_elapsed         | 4009        |
|    total_timesteps      | 761856      |
| train/                  |             |
|    approx_kl            | 0.007527056 |
|    clip_fraction        | 0.0978      |
|    clip_range           | 0.2         |
|    entropy_loss         | -0.688      |
|    explained_variance   | 0.56        |
|    learning_rate        | 0.0003      |
|    loss                 | 0.173       |
|    n_updates            | 920         |
|    policy_gradient_loss | 0.000781    |
|    std                  | 0.482       |
|    value_loss           | 1.41        |
-----------------------------------------
-----------------------------------------
| rollout/                |             |
|    ep_len_mean          | 164         |
|    ep_rew_mean          | 27.1        |
| time/                   |             |
|    fps                  | 189         |
|    iterations           | 94          |
|    time_elapsed         | 4052        |
|    total_timesteps      | 770048      |
| train/                  |             |
|    approx_kl            | 0.015627114 |
|    clip_fraction        | 0.0992      |
|    clip_range           | 0.2         |
|    entropy_loss         | -0.687      |
|    explained_variance   | 0.367       |
|    learning_rate        | 0.0003      |
|    loss                 | 0.18        |
|    n_updates            | 930         |
|    policy_gradient_loss | 0.00184     |
|    std                  | 0.48        |
|    value_loss           | 3.39        |
-----------------------------------------
------------------------------------------
| rollout/                |              |
|    ep_len_mean          | 153          |
|    ep_rew_mean          | 25.4         |
| time/                   |              |
|    fps                  | 190          |
|    iterations           | 95           |
|    time_elapsed         | 4095         |
|    total_timesteps      | 778240       |
| train/                  |              |
|    approx_kl            | 0.0076170145 |
|    clip_fraction        | 0.0931       |
|    clip_range           | 0.2          |
|    entropy_loss         | -0.687       |
|    explained_variance   | 0.244        |
|    learning_rate        | 0.0003       |
|    loss                 | 4.06         |
|    n_updates            | 940          |
|    policy_gradient_loss | 0.00237      |
|    std                  | 0.48         |
|    value_loss           | 6.58         |
------------------------------------------
-----------------------------------------
| rollout/                |             |
|    ep_len_mean          | 149         |
|    ep_rew_mean          | 24.4        |
| time/                   |             |
|    fps                  | 189         |
|    iterations           | 96          |
|    time_elapsed         | 4139        |
|    total_timesteps      | 786432      |
| train/                  |             |
|    approx_kl            | 0.009323378 |
|    clip_fraction        | 0.121       |
|    clip_range           | 0.2         |
|    entropy_loss         | -0.683      |
|    explained_variance   | 0.259       |
|    learning_rate        | 0.0003      |
|    loss                 | 1.77        |
|    n_updates            | 950         |
|    policy_gradient_loss | 0.00239     |
|    std                  | 0.478       |
|    value_loss           | 6.64        |
-----------------------------------------
----------------------------------------
| rollout/                |            |
|    ep_len_mean          | 151        |
|    ep_rew_mean          | 24.7       |
| time/                   |            |
|    fps                  | 189        |
|    iterations           | 97         |
|    time_elapsed         | 4183       |
|    total_timesteps      | 794624     |
| train/                  |            |
|    approx_kl            | 0.00857698 |
|    clip_fraction        | 0.129      |
|    clip_range           | 0.2        |
|    entropy_loss         | -0.691     |
|    explained_variance   | 0.169      |
|    learning_rate        | 0.0003     |
|    loss                 | 13.2       |
|    n_updates            | 960        |
|    policy_gradient_loss | 0.0017     |
|    std                  | 0.485      |
|    value_loss           | 10.1       |
----------------------------------------
-----------------------------------------
| rollout/                |             |
|    ep_len_mean          | 140         |
|    ep_rew_mean          | 23          |
| time/                   |             |
|    fps                  | 189         |
|    iterations           | 98          |
|    time_elapsed         | 4225        |
|    total_timesteps      | 802816      |
| train/                  |             |
|    approx_kl            | 0.009125618 |
|    clip_fraction        | 0.12        |
|    clip_range           | 0.2         |
|    entropy_loss         | -0.697      |
|    explained_variance   | 0.203       |
|    learning_rate        | 0.0003      |
|    loss                 | 2.32        |
|    n_updates            | 970         |
|    policy_gradient_loss | 0.00121     |
|    std                  | 0.486       |
|    value_loss           | 9.28        |
-----------------------------------------
-----------------------------------------
| rollout/                |             |
|    ep_len_mean          | 148         |
|    ep_rew_mean          | 24.8        |
| time/                   |             |
|    fps                  | 190         |
|    iterations           | 99          |
|    time_elapsed         | 4268        |
|    total_timesteps      | 811008      |
| train/                  |             |
|    approx_kl            | 0.012312878 |
|    clip_fraction        | 0.0876      |
|    clip_range           | 0.2         |
|    entropy_loss         | -0.69       |
|    explained_variance   | 0.216       |
|    learning_rate        | 0.0003      |
|    loss                 | 12.2        |
|    n_updates            | 980         |
|    policy_gradient_loss | 0.00147     |
|    std                  | 0.478       |
|    value_loss           | 11.6        |
-----------------------------------------
-----------------------------------------
| rollout/                |             |
|    ep_len_mean          | 154         |
|    ep_rew_mean          | 25.9        |
| time/                   |             |
|    fps                  | 189         |
|    iterations           | 100         |
|    time_elapsed         | 4312        |
|    total_timesteps      | 819200      |
| train/                  |             |
|    approx_kl            | 0.010872729 |
|    clip_fraction        | 0.0871      |
|    clip_range           | 0.2         |
|    entropy_loss         | -0.692      |
|    explained_variance   | 0.315       |
|    learning_rate        | 0.0003      |
|    loss                 | 3.85        |
|    n_updates            | 990         |
|    policy_gradient_loss | 0.000988    |
|    std                  | 0.483       |
|    value_loss           | 4.75        |
-----------------------------------------
------------------------------------------
| rollout/                |              |
|    ep_len_mean          | 152          |
|    ep_rew_mean          | 25.1         |
| time/                   |              |
|    fps                  | 189          |
|    iterations           | 101          |
|    time_elapsed         | 4355         |
|    total_timesteps      | 827392       |
| train/                  |              |
|    approx_kl            | 0.0067428653 |
|    clip_fraction        | 0.0882       |
|    clip_range           | 0.2          |
|    entropy_loss         | -0.678       |
|    explained_variance   | 0.278        |
|    learning_rate        | 0.0003       |
|    loss                 | 1.14         |
|    n_updates            | 1000         |
|    policy_gradient_loss | -0.000432    |
|    std                  | 0.474        |
|    value_loss           | 5.77         |
------------------------------------------
-----------------------------------------
| rollout/                |             |
|    ep_len_mean          | 159         |
|    ep_rew_mean          | 26.5        |
| time/                   |             |
|    fps                  | 189         |
|    iterations           | 102         |
|    time_elapsed         | 4398        |
|    total_timesteps      | 835584      |
| train/                  |             |
|    approx_kl            | 0.010036374 |
|    clip_fraction        | 0.0908      |
|    clip_range           | 0.2         |
|    entropy_loss         | -0.659      |
|    explained_variance   | 0.318       |
|    learning_rate        | 0.0003      |
|    loss                 | 5.33        |
|    n_updates            | 1010        |
|    policy_gradient_loss | -0.000565   |
|    std                  | 0.463       |
|    value_loss           | 5.75        |
-----------------------------------------
-----------------------------------------
| rollout/                |             |
|    ep_len_mean          | 164         |
|    ep_rew_mean          | 27.4        |
| time/                   |             |
|    fps                  | 189         |
|    iterations           | 103         |
|    time_elapsed         | 4441        |
|    total_timesteps      | 843776      |
| train/                  |             |
|    approx_kl            | 0.005459707 |
|    clip_fraction        | 0.111       |
|    clip_range           | 0.2         |
|    entropy_loss         | -0.633      |
|    explained_variance   | 0.26        |
|    learning_rate        | 0.0003      |
|    loss                 | 8.74        |
|    n_updates            | 1020        |
|    policy_gradient_loss | 0.00274     |
|    std                  | 0.457       |
|    value_loss           | 5.19        |
-----------------------------------------
-----------------------------------------
| rollout/                |             |
|    ep_len_mean          | 160         |
|    ep_rew_mean          | 26.8        |
| time/                   |             |
|    fps                  | 189         |
|    iterations           | 104         |
|    time_elapsed         | 4486        |
|    total_timesteps      | 851968      |
| train/                  |             |
|    approx_kl            | 0.005239455 |
|    clip_fraction        | 0.106       |
|    clip_range           | 0.2         |
|    entropy_loss         | -0.629      |
|    explained_variance   | 0.285       |
|    learning_rate        | 0.0003      |
|    loss                 | 5.08        |
|    n_updates            | 1030        |
|    policy_gradient_loss | 0.00205     |
|    std                  | 0.452       |
|    value_loss           | 4.3         |
-----------------------------------------
------------------------------------------
| rollout/                |              |
|    ep_len_mean          | 160          |
|    ep_rew_mean          | 26.7         |
| time/                   |              |
|    fps                  | 189          |
|    iterations           | 105          |
|    time_elapsed         | 4528         |
|    total_timesteps      | 860160       |
| train/                  |              |
|    approx_kl            | 0.0046772426 |
|    clip_fraction        | 0.103        |
|    clip_range           | 0.2          |
|    entropy_loss         | -0.626       |
|    explained_variance   | 0.249        |
|    learning_rate        | 0.0003       |
|    loss                 | 6.53         |
|    n_updates            | 1040         |
|    policy_gradient_loss | 0.00195      |
|    std                  | 0.455        |
|    value_loss           | 6.49         |
------------------------------------------
-----------------------------------------
| rollout/                |             |
|    ep_len_mean          | 158         |
|    ep_rew_mean          | 25.9        |
| time/                   |             |
|    fps                  | 189         |
|    iterations           | 106         |
|    time_elapsed         | 4571        |
|    total_timesteps      | 868352      |
| train/                  |             |
|    approx_kl            | 0.008033973 |
|    clip_fraction        | 0.0862      |
|    clip_range           | 0.2         |
|    entropy_loss         | -0.636      |
|    explained_variance   | 0.325       |
|    learning_rate        | 0.0003      |
|    loss                 | 3.08        |
|    n_updates            | 1050        |
|    policy_gradient_loss | 0.000353    |
|    std                  | 0.463       |
|    value_loss           | 4.65        |
-----------------------------------------
------------------------------------------
| rollout/                |              |
|    ep_len_mean          | 160          |
|    ep_rew_mean          | 26.4         |
| time/                   |              |
|    fps                  | 189          |
|    iterations           | 107          |
|    time_elapsed         | 4614         |
|    total_timesteps      | 876544       |
| train/                  |              |
|    approx_kl            | 0.0068324516 |
|    clip_fraction        | 0.0864       |
|    clip_range           | 0.2          |
|    entropy_loss         | -0.65        |
|    explained_variance   | 0.286        |
|    learning_rate        | 0.0003       |
|    loss                 | 0.688        |
|    n_updates            | 1060         |
|    policy_gradient_loss | 0.000439     |
|    std                  | 0.462        |
|    value_loss           | 6.48         |
------------------------------------------
-----------------------------------------
| rollout/                |             |
|    ep_len_mean          | 163         |
|    ep_rew_mean          | 27.1        |
| time/                   |             |
|    fps                  | 189         |
|    iterations           | 108         |
|    time_elapsed         | 4657        |
|    total_timesteps      | 884736      |
| train/                  |             |
|    approx_kl            | 0.007646045 |
|    clip_fraction        | 0.0977      |
|    clip_range           | 0.2         |
|    entropy_loss         | -0.639      |
|    explained_variance   | 0.308       |
|    learning_rate        | 0.0003      |
|    loss                 | 0.221       |
|    n_updates            | 1070        |
|    policy_gradient_loss | 0.00231     |
|    std                  | 0.455       |
|    value_loss           | 3.59        |
-----------------------------------------
-----------------------------------------
| rollout/                |             |
|    ep_len_mean          | 162         |
|    ep_rew_mean          | 27          |
| time/                   |             |
|    fps                  | 189         |
|    iterations           | 109         |
|    time_elapsed         | 4700        |
|    total_timesteps      | 892928      |
| train/                  |             |
|    approx_kl            | 0.010280758 |
|    clip_fraction        | 0.0984      |
|    clip_range           | 0.2         |
|    entropy_loss         | -0.629      |
|    explained_variance   | 0.258       |
|    learning_rate        | 0.0003      |
|    loss                 | 1.5         |
|    n_updates            | 1080        |
|    policy_gradient_loss | 0.000778    |
|    std                  | 0.454       |
|    value_loss           | 6.2         |
-----------------------------------------
-----------------------------------------
| rollout/                |             |
|    ep_len_mean          | 156         |
|    ep_rew_mean          | 26          |
| time/                   |             |
|    fps                  | 189         |
|    iterations           | 110         |
|    time_elapsed         | 4744        |
|    total_timesteps      | 901120      |
| train/                  |             |
|    approx_kl            | 0.012385612 |
|    clip_fraction        | 0.121       |
|    clip_range           | 0.2         |
|    entropy_loss         | -0.628      |
|    explained_variance   | 0.261       |
|    learning_rate        | 0.0003      |
|    loss                 | 2.63        |
|    n_updates            | 1090        |
|    policy_gradient_loss | 0.00159     |
|    std                  | 0.454       |
|    value_loss           | 5.52        |
-----------------------------------------
-----------------------------------------
| rollout/                |             |
|    ep_len_mean          | 151         |
|    ep_rew_mean          | 25.1        |
| time/                   |             |
|    fps                  | 189         |
|    iterations           | 111         |
|    time_elapsed         | 4787        |
|    total_timesteps      | 909312      |
| train/                  |             |
|    approx_kl            | 0.006405636 |
|    clip_fraction        | 0.0796      |
|    clip_range           | 0.2         |
|    entropy_loss         | -0.625      |
|    explained_variance   | 0.245       |
|    learning_rate        | 0.0003      |
|    loss                 | 0.876       |
|    n_updates            | 1100        |
|    policy_gradient_loss | 0.000533    |
|    std                  | 0.447       |
|    value_loss           | 6.81        |
-----------------------------------------
-----------------------------------------
| rollout/                |             |
|    ep_len_mean          | 157         |
|    ep_rew_mean          | 25.8        |
| time/                   |             |
|    fps                  | 189         |
|    iterations           | 112         |
|    time_elapsed         | 4831        |
|    total_timesteps      | 917504      |
| train/                  |             |
|    approx_kl            | 0.013828245 |
|    clip_fraction        | 0.0938      |
|    clip_range           | 0.2         |
|    entropy_loss         | -0.616      |
|    explained_variance   | 0.272       |
|    learning_rate        | 0.0003      |
|    loss                 | 2.32        |
|    n_updates            | 1110        |
|    policy_gradient_loss | 0.00237     |
|    std                  | 0.449       |
|    value_loss           | 6.06        |
-----------------------------------------
------------------------------------------
| rollout/                |              |
|    ep_len_mean          | 161          |
|    ep_rew_mean          | 26.7         |
| time/                   |              |
|    fps                  | 189          |
|    iterations           | 113          |
|    time_elapsed         | 4874         |
|    total_timesteps      | 925696       |
| train/                  |              |
|    approx_kl            | 0.0080762375 |
|    clip_fraction        | 0.0909       |
|    clip_range           | 0.2          |
|    entropy_loss         | -0.613       |
|    explained_variance   | 0.242        |
|    learning_rate        | 0.0003       |
|    loss                 | 1.87         |
|    n_updates            | 1120         |
|    policy_gradient_loss | 0.00191      |
|    std                  | 0.446        |
|    value_loss           | 7.79         |
------------------------------------------
-----------------------------------------
| rollout/                |             |
|    ep_len_mean          | 163         |
|    ep_rew_mean          | 27.5        |
| time/                   |             |
|    fps                  | 189         |
|    iterations           | 114         |
|    time_elapsed         | 4917        |
|    total_timesteps      | 933888      |
| train/                  |             |
|    approx_kl            | 0.008964868 |
|    clip_fraction        | 0.123       |
|    clip_range           | 0.2         |
|    entropy_loss         | -0.62       |
|    explained_variance   | 0.359       |
|    learning_rate        | 0.0003      |
|    loss                 | 4.06        |
|    n_updates            | 1130        |
|    policy_gradient_loss | 0.000651    |
|    std                  | 0.448       |
|    value_loss           | 4.55        |
-----------------------------------------
-----------------------------------------
| rollout/                |             |
|    ep_len_mean          | 155         |
|    ep_rew_mean          | 25.6        |
| time/                   |             |
|    fps                  | 189         |
|    iterations           | 115         |
|    time_elapsed         | 4959        |
|    total_timesteps      | 942080      |
| train/                  |             |
|    approx_kl            | 0.009612079 |
|    clip_fraction        | 0.12        |
|    clip_range           | 0.2         |
|    entropy_loss         | -0.61       |
|    explained_variance   | 0.272       |
|    learning_rate        | 0.0003      |
|    loss                 | 0.384       |
|    n_updates            | 1140        |
|    policy_gradient_loss | 0.000868    |
|    std                  | 0.445       |
|    value_loss           | 5.35        |
-----------------------------------------
-----------------------------------------
| rollout/                |             |
|    ep_len_mean          | 149         |
|    ep_rew_mean          | 23.9        |
| time/                   |             |
|    fps                  | 189         |
|    iterations           | 116         |
|    time_elapsed         | 5002        |
|    total_timesteps      | 950272      |
| train/                  |             |
|    approx_kl            | 0.008629321 |
|    clip_fraction        | 0.088       |
|    clip_range           | 0.2         |
|    entropy_loss         | -0.608      |
|    explained_variance   | 0.207       |
|    learning_rate        | 0.0003      |
|    loss                 | 3.68        |
|    n_updates            | 1150        |
|    policy_gradient_loss | 0.00149     |
|    std                  | 0.444       |
|    value_loss           | 9.76        |
-----------------------------------------
-----------------------------------------
| rollout/                |             |
|    ep_len_mean          | 155         |
|    ep_rew_mean          | 25.4        |
| time/                   |             |
|    fps                  | 189         |
|    iterations           | 117         |
|    time_elapsed         | 5044        |
|    total_timesteps      | 958464      |
| train/                  |             |
|    approx_kl            | 0.008085867 |
|    clip_fraction        | 0.105       |
|    clip_range           | 0.2         |
|    entropy_loss         | -0.604      |
|    explained_variance   | 0.221       |
|    learning_rate        | 0.0003      |
|    loss                 | 4.97        |
|    n_updates            | 1160        |
|    policy_gradient_loss | 0.000987    |
|    std                  | 0.44        |
|    value_loss           | 8.55        |
-----------------------------------------
-----------------------------------------
| rollout/                |             |
|    ep_len_mean          | 157         |
|    ep_rew_mean          | 25.8        |
| time/                   |             |
|    fps                  | 189         |
|    iterations           | 118         |
|    time_elapsed         | 5088        |
|    total_timesteps      | 966656      |
| train/                  |             |
|    approx_kl            | 0.008063596 |
|    clip_fraction        | 0.108       |
|    clip_range           | 0.2         |
|    entropy_loss         | -0.599      |
|    explained_variance   | 0.258       |
|    learning_rate        | 0.0003      |
|    loss                 | 3.92        |
|    n_updates            | 1170        |
|    policy_gradient_loss | 0.00211     |
|    std                  | 0.435       |
|    value_loss           | 5.76        |
-----------------------------------------
-----------------------------------------
| rollout/                |             |
|    ep_len_mean          | 155         |
|    ep_rew_mean          | 25.2        |
| time/                   |             |
|    fps                  | 189         |
|    iterations           | 119         |
|    time_elapsed         | 5133        |
|    total_timesteps      | 974848      |
| train/                  |             |
|    approx_kl            | 0.010118942 |
|    clip_fraction        | 0.109       |
|    clip_range           | 0.2         |
|    entropy_loss         | -0.59       |
|    explained_variance   | 0.181       |
|    learning_rate        | 0.0003      |
|    loss                 | 7.08        |
|    n_updates            | 1180        |
|    policy_gradient_loss | 0.00234     |
|    std                  | 0.437       |
|    value_loss           | 7.35        |
-----------------------------------------
-----------------------------------------
| rollout/                |             |
|    ep_len_mean          | 159         |
|    ep_rew_mean          | 26.2        |
| time/                   |             |
|    fps                  | 189         |
|    iterations           | 120         |
|    time_elapsed         | 5177        |
|    total_timesteps      | 983040      |
| train/                  |             |
|    approx_kl            | 0.008522768 |
|    clip_fraction        | 0.124       |
|    clip_range           | 0.2         |
|    entropy_loss         | -0.589      |
|    explained_variance   | 0.214       |
|    learning_rate        | 0.0003      |
|    loss                 | 3.79        |
|    n_updates            | 1190        |
|    policy_gradient_loss | 0.00174     |
|    std                  | 0.438       |
|    value_loss           | 7.32        |
-----------------------------------------
-----------------------------------------
| rollout/                |             |
|    ep_len_mean          | 162         |
|    ep_rew_mean          | 27.1        |
| time/                   |             |
|    fps                  | 189         |
|    iterations           | 121         |
|    time_elapsed         | 5217        |
|    total_timesteps      | 991232      |
| train/                  |             |
|    approx_kl            | 0.007144173 |
|    clip_fraction        | 0.121       |
|    clip_range           | 0.2         |
|    entropy_loss         | -0.587      |
|    explained_variance   | 0.276       |
|    learning_rate        | 0.0003      |
|    loss                 | 0.167       |
|    n_updates            | 1200        |
|    policy_gradient_loss | 0.00111     |
|    std                  | 0.435       |
|    value_loss           | 4.05        |
-----------------------------------------
-----------------------------------------
| rollout/                |             |
|    ep_len_mean          | 160         |
|    ep_rew_mean          | 26.5        |
| time/                   |             |
|    fps                  | 190         |
|    iterations           | 122         |
|    time_elapsed         | 5257        |
|    total_timesteps      | 999424      |
| train/                  |             |
|    approx_kl            | 0.009530945 |
|    clip_fraction        | 0.123       |
|    clip_range           | 0.2         |
|    entropy_loss         | -0.595      |
|    explained_variance   | 0.293       |
|    learning_rate        | 0.0003      |
|    loss                 | 4.95        |
|    n_updates            | 1210        |
|    policy_gradient_loss | 0.00204     |
|    std                  | 0.442       |
|    value_loss           | 4.04        |
-----------------------------------------
-----------------------------------------
| rollout/                |             |
|    ep_len_mean          | 158         |
|    ep_rew_mean          | 25.7        |
| time/                   |             |
|    fps                  | 190         |
|    iterations           | 123         |
|    time_elapsed         | 5297        |
|    total_timesteps      | 1007616     |
| train/                  |             |
|    approx_kl            | 0.004449428 |
|    clip_fraction        | 0.0822      |
|    clip_range           | 0.2         |
|    entropy_loss         | -0.599      |
|    explained_variance   | 0.226       |
|    learning_rate        | 0.0003      |
|    loss                 | 3.42        |
|    n_updates            | 1220        |
|    policy_gradient_loss | 0.00142     |
|    std                  | 0.438       |
|    value_loss           | 6.82        |
-----------------------------------------


###############################################################################
TCHPC Cluster: callan
Job 171101 (attn_uniform_cf_obs15_stopgo_seed1_v12) for User 'hadjitot' in Account 'callan_hadjitot'
Finished at: Sat Mar 28 09:02:49 GMT 2026

Job efficiency estimates:
=========================

Job ID: 171101
Cluster: callan
User/Group: hadjitot/hadjitot
State: COMPLETED (exit code 0)
Nodes: 1
Cores per node: 16
CPU Utilized: 04:49:59
CPU Efficiency: 20.33% of 23:46:08 core-walltime
Job Wall-clock time: 01:29:08
Memory Utilized: 1.86 GB
Memory Efficiency: 5.82% of 32.00 GB (32.00 GB/node)

Job completion status:
======================

JobID           JobName AllocCPUS NTasks NNodes     MaxRSS    MaxRSSNode  MaxDiskRead MaxDiskWrite    Elapsed      State ExitCode 
------------ ---------- --------- ------ ------ ---------- ------------- ------------ ------------ ---------- ---------- -------- 
171101       attn_unif+        16             1                                                      01:29:08  COMPLETED      0:0 
171101.batch      batch        16      1      1   1953568K    callan-n09     1229.77M     1035.24M   01:29:08  COMPLETED      0:0 
171101.exte+     extern        16      1      1                                                      01:29:08  COMPLETED      0:0 


Job details:
============

JobId=171101 JobName=attn_uniform_cf_obs15_stopgo_seed1_v12
   UserId=hadjitot(2357) GroupId=hadjitot(2300) MCS_label=N/A
   Priority=109574 Nice=0 Account=callan_hadjitot QOS=normal
   JobState=COMPLETING Reason=None Dependency=(null)
   Requeue=0 Restarts=0 BatchFlag=1 Reboot=0 ExitCode=0:0
   DerivedExitCode=0:0
   RunTime=01:29:08 TimeLimit=2-00:00:00 TimeMin=N/A
   SubmitTime=2026-03-27T20:37:56 EligibleTime=2026-03-27T20:37:56
   AccrueTime=2026-03-27T20:37:56
   StartTime=2026-03-28T07:33:41 EndTime=2026-03-28T09:02:49 Deadline=N/A
   SuspendTime=None SecsPreSuspend=0 LastSchedEval=2026-03-28T07:33:41 Scheduler=Backfill
   Partition=compute AllocNode:Sid=callan01:1076092
   ReqNodeList=(null) ExcNodeList=(null)
   NodeList=callan-n09
   BatchHost=callan-n09
   NumNodes=1 NumCPUs=16 NumTasks=1 CPUs/Task=16 ReqB:S:C:T=0:0:*:*
   ReqTRES=cpu=16,mem=32G,node=1,billing=16
   AllocTRES=cpu=16,mem=32G,node=1,billing=16
   Socks/Node=* NtasksPerN:B:S:C=0:0:*:* CoreSpec=*
   JOB_GRES=(null)
     Nodes=callan-n09 CPU_IDs=2-9,45-52 Mem=32768 GRES=
   MinCPUsNode=16 MinMemoryNode=32G MinTmpDiskNode=0
   Features=(null) DelayBoot=00:00:00
   OverSubscribe=OK Contiguous=0 Licenses=(null) LicensesAlloc=(null) Network=(null)
   Command=/home/users/hadjitot/fyp/HighwayEnv/slurm/train_attention.sbatch
   WorkDir=/home/users/hadjitot/fyp/HighwayEnv
   StdErr=/home/users/hadjitot/fyp/HighwayEnv/slurm_out/attn_uniform_cf_obs15_stopgo_seed1_v12_171101.err
   StdIn=/dev/null
   StdOut=/home/users/hadjitot/fyp/HighwayEnv/slurm_out/attn_uniform_cf_obs15_stopgo_seed1_v12_171101.out
   TresPerTask=cpu=16
   


Disk quota details:
===================

                         Block Limits                                    |                     File Limits
Name       type             MB      quota      limit   in_doubt    grace |    files   quota    limit in_doubt    grace
root       USR         4970676          0          0       1992     none |   397976       0        0      686     none
root       FILESET     5168122          0          0       4129     none |  9903212       0        0     1557     none


SLURM Bank Statement:
=====================

User           Usage |        Account     Usage | Account Limit Available (CPU hrs)
---------- --------- + -------------- --------- + ------------- ---------
hadjitot      12,211 | CALLAN_HADJITOT    12,211 |       300,000   287,789


Acknowledgements:
=================

Note that usage of TCHPC Resources *must* be acknowledged in all publications.

Please see this page for details relevant to this cluster:

http://www.tchpc.tcd.ie/resources/acknowledgementpolicy

################################################################################
