Loading Anaconda 3 2024.02-1
ppo_baseline_cf_obs20_dense_v12_seed2 obs shape: (20, 5) action space: Box(-1.0, 1.0, (1,), float32)
Using cpu device
Logging to runs/tb/ppo_baseline_cf_obs20_dense_v12_seed2_1
---------------------------------
| rollout/           |          |
|    ep_len_mean     | 11.8     |
|    ep_rew_mean     | -0.882   |
| time/              |          |
|    fps             | 151      |
|    iterations      | 1        |
|    time_elapsed    | 54       |
|    total_timesteps | 8192     |
---------------------------------
------------------------------------------
| rollout/                |              |
|    ep_len_mean          | 11.8         |
|    ep_rew_mean          | -0.859       |
| time/                   |              |
|    fps                  | 147          |
|    iterations           | 2            |
|    time_elapsed         | 111          |
|    total_timesteps      | 16384        |
| train/                  |              |
|    approx_kl            | 0.0023333342 |
|    clip_fraction        | 0.00863      |
|    clip_range           | 0.2          |
|    entropy_loss         | -1.41        |
|    explained_variance   | -0.0261      |
|    learning_rate        | 0.0003       |
|    loss                 | 0.451        |
|    n_updates            | 10           |
|    policy_gradient_loss | -0.000176    |
|    std                  | 0.993        |
|    value_loss           | 2.74         |
------------------------------------------
----------------------------------------
| rollout/                |            |
|    ep_len_mean          | 12.1       |
|    ep_rew_mean          | -0.882     |
| time/                   |            |
|    fps                  | 146        |
|    iterations           | 3          |
|    time_elapsed         | 168        |
|    total_timesteps      | 24576      |
| train/                  |            |
|    approx_kl            | 0.01096336 |
|    clip_fraction        | 0.148      |
|    clip_range           | 0.2        |
|    entropy_loss         | -1.42      |
|    explained_variance   | 0.955      |
|    learning_rate        | 0.0003     |
|    loss                 | 0.0579     |
|    n_updates            | 20         |
|    policy_gradient_loss | -0.0126    |
|    std                  | 1.01       |
|    value_loss           | 0.211      |
----------------------------------------
-----------------------------------------
| rollout/                |             |
|    ep_len_mean          | 12.7        |
|    ep_rew_mean          | -0.811      |
| time/                   |             |
|    fps                  | 146         |
|    iterations           | 4           |
|    time_elapsed         | 224         |
|    total_timesteps      | 32768       |
| train/                  |             |
|    approx_kl            | 0.012083497 |
|    clip_fraction        | 0.167       |
|    clip_range           | 0.2         |
|    entropy_loss         | -1.42       |
|    explained_variance   | 0.985       |
|    learning_rate        | 0.0003      |
|    loss                 | 0.00959     |
|    n_updates            | 30          |
|    policy_gradient_loss | -0.0167     |
|    std                  | 1           |
|    value_loss           | 0.096       |
-----------------------------------------
-----------------------------------------
| rollout/                |             |
|    ep_len_mean          | 13.2        |
|    ep_rew_mean          | -0.644      |
| time/                   |             |
|    fps                  | 146         |
|    iterations           | 5           |
|    time_elapsed         | 280         |
|    total_timesteps      | 40960       |
| train/                  |             |
|    approx_kl            | 0.013782578 |
|    clip_fraction        | 0.178       |
|    clip_range           | 0.2         |
|    entropy_loss         | -1.38       |
|    explained_variance   | 0.992       |
|    learning_rate        | 0.0003      |
|    loss                 | 0.0275      |
|    n_updates            | 40          |
|    policy_gradient_loss | -0.0188     |
|    std                  | 0.955       |
|    value_loss           | 0.0682      |
-----------------------------------------
-----------------------------------------
| rollout/                |             |
|    ep_len_mean          | 13.5        |
|    ep_rew_mean          | -0.749      |
| time/                   |             |
|    fps                  | 146         |
|    iterations           | 6           |
|    time_elapsed         | 336         |
|    total_timesteps      | 49152       |
| train/                  |             |
|    approx_kl            | 0.015257722 |
|    clip_fraction        | 0.183       |
|    clip_range           | 0.2         |
|    entropy_loss         | -1.34       |
|    explained_variance   | 0.994       |
|    learning_rate        | 0.0003      |
|    loss                 | -0.00246    |
|    n_updates            | 50          |
|    policy_gradient_loss | -0.0206     |
|    std                  | 0.915       |
|    value_loss           | 0.0547      |
-----------------------------------------
-----------------------------------------
| rollout/                |             |
|    ep_len_mean          | 14.1        |
|    ep_rew_mean          | -0.598      |
| time/                   |             |
|    fps                  | 146         |
|    iterations           | 7           |
|    time_elapsed         | 392         |
|    total_timesteps      | 57344       |
| train/                  |             |
|    approx_kl            | 0.014936112 |
|    clip_fraction        | 0.18        |
|    clip_range           | 0.2         |
|    entropy_loss         | -1.29       |
|    explained_variance   | 0.995       |
|    learning_rate        | 0.0003      |
|    loss                 | -0.00296    |
|    n_updates            | 60          |
|    policy_gradient_loss | -0.0214     |
|    std                  | 0.873       |
|    value_loss           | 0.0509      |
-----------------------------------------
-----------------------------------------
| rollout/                |             |
|    ep_len_mean          | 14.4        |
|    ep_rew_mean          | -0.685      |
| time/                   |             |
|    fps                  | 146         |
|    iterations           | 8           |
|    time_elapsed         | 448         |
|    total_timesteps      | 65536       |
| train/                  |             |
|    approx_kl            | 0.016262695 |
|    clip_fraction        | 0.186       |
|    clip_range           | 0.2         |
|    entropy_loss         | -1.24       |
|    explained_variance   | 0.995       |
|    learning_rate        | 0.0003      |
|    loss                 | 0.00331     |
|    n_updates            | 70          |
|    policy_gradient_loss | -0.0215     |
|    std                  | 0.818       |
|    value_loss           | 0.0443      |
-----------------------------------------
-----------------------------------------
| rollout/                |             |
|    ep_len_mean          | 15.5        |
|    ep_rew_mean          | -0.454      |
| time/                   |             |
|    fps                  | 146         |
|    iterations           | 9           |
|    time_elapsed         | 504         |
|    total_timesteps      | 73728       |
| train/                  |             |
|    approx_kl            | 0.016375026 |
|    clip_fraction        | 0.169       |
|    clip_range           | 0.2         |
|    entropy_loss         | -1.17       |
|    explained_variance   | 0.995       |
|    learning_rate        | 0.0003      |
|    loss                 | -0.00798    |
|    n_updates            | 80          |
|    policy_gradient_loss | -0.0188     |
|    std                  | 0.766       |
|    value_loss           | 0.0425      |
-----------------------------------------
----------------------------------------
| rollout/                |            |
|    ep_len_mean          | 16.2       |
|    ep_rew_mean          | -0.37      |
| time/                   |            |
|    fps                  | 146        |
|    iterations           | 10         |
|    time_elapsed         | 559        |
|    total_timesteps      | 81920      |
| train/                  |            |
|    approx_kl            | 0.01785674 |
|    clip_fraction        | 0.169      |
|    clip_range           | 0.2        |
|    entropy_loss         | -1.1       |
|    explained_variance   | 0.996      |
|    learning_rate        | 0.0003     |
|    loss                 | -0.000135  |
|    n_updates            | 90         |
|    policy_gradient_loss | -0.0196    |
|    std                  | 0.714      |
|    value_loss           | 0.0425     |
----------------------------------------
-----------------------------------------
| rollout/                |             |
|    ep_len_mean          | 20.4        |
|    ep_rew_mean          | -1.39       |
| time/                   |             |
|    fps                  | 146         |
|    iterations           | 11          |
|    time_elapsed         | 614         |
|    total_timesteps      | 90112       |
| train/                  |             |
|    approx_kl            | 0.015772441 |
|    clip_fraction        | 0.17        |
|    clip_range           | 0.2         |
|    entropy_loss         | -1.04       |
|    explained_variance   | 0.996       |
|    learning_rate        | 0.0003      |
|    loss                 | -0.0285     |
|    n_updates            | 100         |
|    policy_gradient_loss | -0.018      |
|    std                  | 0.671       |
|    value_loss           | 0.0429      |
-----------------------------------------
------------------------------------------
| rollout/                |              |
|    ep_len_mean          | 25.5         |
|    ep_rew_mean          | -2.96        |
| time/                   |              |
|    fps                  | 146          |
|    iterations           | 12           |
|    time_elapsed         | 671          |
|    total_timesteps      | 98304        |
| train/                  |              |
|    approx_kl            | 0.0035859442 |
|    clip_fraction        | 0.0405       |
|    clip_range           | 0.2          |
|    entropy_loss         | -1.03        |
|    explained_variance   | 0.205        |
|    learning_rate        | 0.0003       |
|    loss                 | 0.281        |
|    n_updates            | 110          |
|    policy_gradient_loss | -0.00152     |
|    std                  | 0.68         |
|    value_loss           | 1.02         |
------------------------------------------
-----------------------------------------
| rollout/                |             |
|    ep_len_mean          | 25.9        |
|    ep_rew_mean          | -2.73       |
| time/                   |             |
|    fps                  | 146         |
|    iterations           | 13          |
|    time_elapsed         | 725         |
|    total_timesteps      | 106496      |
| train/                  |             |
|    approx_kl            | 0.005323776 |
|    clip_fraction        | 0.0504      |
|    clip_range           | 0.2         |
|    entropy_loss         | -1.02       |
|    explained_variance   | -0.115      |
|    learning_rate        | 0.0003      |
|    loss                 | 0.37        |
|    n_updates            | 120         |
|    policy_gradient_loss | -0.00163    |
|    std                  | 0.671       |
|    value_loss           | 1.69        |
-----------------------------------------
-----------------------------------------
| rollout/                |             |
|    ep_len_mean          | 26.7        |
|    ep_rew_mean          | -2.48       |
| time/                   |             |
|    fps                  | 147         |
|    iterations           | 14          |
|    time_elapsed         | 779         |
|    total_timesteps      | 114688      |
| train/                  |             |
|    approx_kl            | 0.006366996 |
|    clip_fraction        | 0.0561      |
|    clip_range           | 0.2         |
|    entropy_loss         | -0.997      |
|    explained_variance   | 0.622       |
|    learning_rate        | 0.0003      |
|    loss                 | 0.153       |
|    n_updates            | 130         |
|    policy_gradient_loss | -0.00228    |
|    std                  | 0.648       |
|    value_loss           | 1.22        |
-----------------------------------------
------------------------------------------
| rollout/                |              |
|    ep_len_mean          | 37.3         |
|    ep_rew_mean          | -5.57        |
| time/                   |              |
|    fps                  | 147          |
|    iterations           | 15           |
|    time_elapsed         | 833          |
|    total_timesteps      | 122880       |
| train/                  |              |
|    approx_kl            | 0.0027808342 |
|    clip_fraction        | 0.0313       |
|    clip_range           | 0.2          |
|    entropy_loss         | -0.996       |
|    explained_variance   | 0.869        |
|    learning_rate        | 0.0003       |
|    loss                 | 0.267        |
|    n_updates            | 140          |
|    policy_gradient_loss | -0.00151     |
|    std                  | 0.658        |
|    value_loss           | 0.699        |
------------------------------------------
-----------------------------------------
| rollout/                |             |
|    ep_len_mean          | 29.9        |
|    ep_rew_mean          | -3.4        |
| time/                   |             |
|    fps                  | 147         |
|    iterations           | 16          |
|    time_elapsed         | 887         |
|    total_timesteps      | 131072      |
| train/                  |             |
|    approx_kl            | 0.003689047 |
|    clip_fraction        | 0.031       |
|    clip_range           | 0.2         |
|    entropy_loss         | -0.998      |
|    explained_variance   | 0.925       |
|    learning_rate        | 0.0003      |
|    loss                 | 0.684       |
|    n_updates            | 150         |
|    policy_gradient_loss | -0.00115    |
|    std                  | 0.657       |
|    value_loss           | 1.14        |
-----------------------------------------
------------------------------------------
| rollout/                |              |
|    ep_len_mean          | 28           |
|    ep_rew_mean          | -2.83        |
| time/                   |              |
|    fps                  | 147          |
|    iterations           | 17           |
|    time_elapsed         | 942          |
|    total_timesteps      | 139264       |
| train/                  |              |
|    approx_kl            | 0.0037756513 |
|    clip_fraction        | 0.0342       |
|    clip_range           | 0.2          |
|    entropy_loss         | -0.991       |
|    explained_variance   | 0.957        |
|    learning_rate        | 0.0003       |
|    loss                 | 0.51         |
|    n_updates            | 160          |
|    policy_gradient_loss | -0.00177     |
|    std                  | 0.649        |
|    value_loss           | 1.91         |
------------------------------------------
------------------------------------------
| rollout/                |              |
|    ep_len_mean          | 19.6         |
|    ep_rew_mean          | -0.682       |
| time/                   |              |
|    fps                  | 147          |
|    iterations           | 18           |
|    time_elapsed         | 997          |
|    total_timesteps      | 147456       |
| train/                  |              |
|    approx_kl            | 0.0062656193 |
|    clip_fraction        | 0.0754       |
|    clip_range           | 0.2          |
|    entropy_loss         | -0.991       |
|    explained_variance   | 0.961        |
|    learning_rate        | 0.0003       |
|    loss                 | 0.64         |
|    n_updates            | 170          |
|    policy_gradient_loss | -0.00407     |
|    std                  | 0.653        |
|    value_loss           | 2.27         |
------------------------------------------
------------------------------------------
| rollout/                |              |
|    ep_len_mean          | 17.8         |
|    ep_rew_mean          | -0.254       |
| time/                   |              |
|    fps                  | 148          |
|    iterations           | 19           |
|    time_elapsed         | 1051         |
|    total_timesteps      | 155648       |
| train/                  |              |
|    approx_kl            | 0.0034254543 |
|    clip_fraction        | 0.062        |
|    clip_range           | 0.2          |
|    entropy_loss         | -1           |
|    explained_variance   | 0.968        |
|    learning_rate        | 0.0003       |
|    loss                 | 0.663        |
|    n_updates            | 180          |
|    policy_gradient_loss | -0.00207     |
|    std                  | 0.668        |
|    value_loss           | 2.24         |
------------------------------------------
-----------------------------------------
| rollout/                |             |
|    ep_len_mean          | 17.4        |
|    ep_rew_mean          | -0.368      |
| time/                   |             |
|    fps                  | 147         |
|    iterations           | 20          |
|    time_elapsed         | 1107        |
|    total_timesteps      | 163840      |
| train/                  |             |
|    approx_kl            | 0.007064548 |
|    clip_fraction        | 0.0818      |
|    clip_range           | 0.2         |
|    entropy_loss         | -1.02       |
|    explained_variance   | 0.961       |
|    learning_rate        | 0.0003      |
|    loss                 | 0.929       |
|    n_updates            | 190         |
|    policy_gradient_loss | -0.00277    |
|    std                  | 0.674       |
|    value_loss           | 2.14        |
-----------------------------------------
-----------------------------------------
| rollout/                |             |
|    ep_len_mean          | 16.9        |
|    ep_rew_mean          | -0.398      |
| time/                   |             |
|    fps                  | 148         |
|    iterations           | 21          |
|    time_elapsed         | 1161        |
|    total_timesteps      | 172032      |
| train/                  |             |
|    approx_kl            | 0.005790731 |
|    clip_fraction        | 0.0769      |
|    clip_range           | 0.2         |
|    entropy_loss         | -1.02       |
|    explained_variance   | 0.966       |
|    learning_rate        | 0.0003      |
|    loss                 | 2.01        |
|    n_updates            | 200         |
|    policy_gradient_loss | -0.00164    |
|    std                  | 0.675       |
|    value_loss           | 1.83        |
-----------------------------------------
------------------------------------------
| rollout/                |              |
|    ep_len_mean          | 17.2         |
|    ep_rew_mean          | -0.371       |
| time/                   |              |
|    fps                  | 148          |
|    iterations           | 22           |
|    time_elapsed         | 1217         |
|    total_timesteps      | 180224       |
| train/                  |              |
|    approx_kl            | 0.0031898534 |
|    clip_fraction        | 0.0482       |
|    clip_range           | 0.2          |
|    entropy_loss         | -1.04        |
|    explained_variance   | 0.965        |
|    learning_rate        | 0.0003       |
|    loss                 | 0.0976       |
|    n_updates            | 210          |
|    policy_gradient_loss | -0.000482    |
|    std                  | 0.684        |
|    value_loss           | 1.26         |
------------------------------------------
------------------------------------------
| rollout/                |              |
|    ep_len_mean          | 20.9         |
|    ep_rew_mean          | -1.06        |
| time/                   |              |
|    fps                  | 148          |
|    iterations           | 23           |
|    time_elapsed         | 1272         |
|    total_timesteps      | 188416       |
| train/                  |              |
|    approx_kl            | 0.0037462637 |
|    clip_fraction        | 0.0359       |
|    clip_range           | 0.2          |
|    entropy_loss         | -1.05        |
|    explained_variance   | 0.965        |
|    learning_rate        | 0.0003       |
|    loss                 | 1.23         |
|    n_updates            | 220          |
|    policy_gradient_loss | 0.000546     |
|    std                  | 0.686        |
|    value_loss           | 1.05         |
------------------------------------------
------------------------------------------
| rollout/                |              |
|    ep_len_mean          | 18.8         |
|    ep_rew_mean          | -0.772       |
| time/                   |              |
|    fps                  | 148          |
|    iterations           | 24           |
|    time_elapsed         | 1328         |
|    total_timesteps      | 196608       |
| train/                  |              |
|    approx_kl            | 0.0041870186 |
|    clip_fraction        | 0.0337       |
|    clip_range           | 0.2          |
|    entropy_loss         | -1.04        |
|    explained_variance   | 0.963        |
|    learning_rate        | 0.0003       |
|    loss                 | 0.636        |
|    n_updates            | 230          |
|    policy_gradient_loss | -0.000422    |
|    std                  | 0.679        |
|    value_loss           | 1.63         |
------------------------------------------
-----------------------------------------
| rollout/                |             |
|    ep_len_mean          | 16.9        |
|    ep_rew_mean          | -0.315      |
| time/                   |             |
|    fps                  | 147         |
|    iterations           | 25          |
|    time_elapsed         | 1383        |
|    total_timesteps      | 204800      |
| train/                  |             |
|    approx_kl            | 0.003586945 |
|    clip_fraction        | 0.0413      |
|    clip_range           | 0.2         |
|    entropy_loss         | -1.03       |
|    explained_variance   | 0.964       |
|    learning_rate        | 0.0003      |
|    loss                 | 0.0469      |
|    n_updates            | 240         |
|    policy_gradient_loss | -0.000464   |
|    std                  | 0.672       |
|    value_loss           | 0.959       |
-----------------------------------------
------------------------------------------
| rollout/                |              |
|    ep_len_mean          | 18.6         |
|    ep_rew_mean          | -0.82        |
| time/                   |              |
|    fps                  | 148          |
|    iterations           | 26           |
|    time_elapsed         | 1438         |
|    total_timesteps      | 212992       |
| train/                  |              |
|    approx_kl            | 0.0041848505 |
|    clip_fraction        | 0.0567       |
|    clip_range           | 0.2          |
|    entropy_loss         | -1.01        |
|    explained_variance   | 0.974        |
|    learning_rate        | 0.0003       |
|    loss                 | 0.0127       |
|    n_updates            | 250          |
|    policy_gradient_loss | -0.0017      |
|    std                  | 0.66         |
|    value_loss           | 0.048        |
------------------------------------------
-----------------------------------------
| rollout/                |             |
|    ep_len_mean          | 24.5        |
|    ep_rew_mean          | -1.81       |
| time/                   |             |
|    fps                  | 148         |
|    iterations           | 27          |
|    time_elapsed         | 1494        |
|    total_timesteps      | 221184      |
| train/                  |             |
|    approx_kl            | 0.009197377 |
|    clip_fraction        | 0.0763      |
|    clip_range           | 0.2         |
|    entropy_loss         | -0.982      |
|    explained_variance   | 0.97        |
|    learning_rate        | 0.0003      |
|    loss                 | 0.00622     |
|    n_updates            | 260         |
|    policy_gradient_loss | -0.00348    |
|    std                  | 0.639       |
|    value_loss           | 0.465       |
-----------------------------------------
------------------------------------------
| rollout/                |              |
|    ep_len_mean          | 22.8         |
|    ep_rew_mean          | -1.39        |
| time/                   |              |
|    fps                  | 147          |
|    iterations           | 28           |
|    time_elapsed         | 1550         |
|    total_timesteps      | 229376       |
| train/                  |              |
|    approx_kl            | 0.0047085453 |
|    clip_fraction        | 0.0447       |
|    clip_range           | 0.2          |
|    entropy_loss         | -0.972       |
|    explained_variance   | 0.973        |
|    learning_rate        | 0.0003       |
|    loss                 | 0.555        |
|    n_updates            | 270          |
|    policy_gradient_loss | -0.00167     |
|    std                  | 0.637        |
|    value_loss           | 1.02         |
------------------------------------------
------------------------------------------
| rollout/                |              |
|    ep_len_mean          | 23.1         |
|    ep_rew_mean          | -1.42        |
| time/                   |              |
|    fps                  | 147          |
|    iterations           | 29           |
|    time_elapsed         | 1606         |
|    total_timesteps      | 237568       |
| train/                  |              |
|    approx_kl            | 0.0071037123 |
|    clip_fraction        | 0.0578       |
|    clip_range           | 0.2          |
|    entropy_loss         | -0.968       |
|    explained_variance   | 0.965        |
|    learning_rate        | 0.0003       |
|    loss                 | 0.21         |
|    n_updates            | 280          |
|    policy_gradient_loss | -0.000968    |
|    std                  | 0.638        |
|    value_loss           | 1.26         |
------------------------------------------
-----------------------------------------
| rollout/                |             |
|    ep_len_mean          | 25          |
|    ep_rew_mean          | -1.81       |
| time/                   |             |
|    fps                  | 148         |
|    iterations           | 30          |
|    time_elapsed         | 1659        |
|    total_timesteps      | 245760      |
| train/                  |             |
|    approx_kl            | 0.004294205 |
|    clip_fraction        | 0.0697      |
|    clip_range           | 0.2         |
|    entropy_loss         | -0.974      |
|    explained_variance   | 0.976       |
|    learning_rate        | 0.0003      |
|    loss                 | 0.181       |
|    n_updates            | 290         |
|    policy_gradient_loss | -0.00176    |
|    std                  | 0.637       |
|    value_loss           | 0.957       |
-----------------------------------------
----------------------------------------
| rollout/                |            |
|    ep_len_mean          | 19.3       |
|    ep_rew_mean          | -0.834     |
| time/                   |            |
|    fps                  | 147        |
|    iterations           | 31         |
|    time_elapsed         | 1715       |
|    total_timesteps      | 253952     |
| train/                  |            |
|    approx_kl            | 0.00652158 |
|    clip_fraction        | 0.083      |
|    clip_range           | 0.2        |
|    entropy_loss         | -0.966     |
|    explained_variance   | 0.971      |
|    learning_rate        | 0.0003     |
|    loss                 | 0.281      |
|    n_updates            | 300        |
|    policy_gradient_loss | -0.00273   |
|    std                  | 0.635      |
|    value_loss           | 1.57       |
----------------------------------------
-----------------------------------------
| rollout/                |             |
|    ep_len_mean          | 17.8        |
|    ep_rew_mean          | -0.311      |
| time/                   |             |
|    fps                  | 147         |
|    iterations           | 32          |
|    time_elapsed         | 1771        |
|    total_timesteps      | 262144      |
| train/                  |             |
|    approx_kl            | 0.003717362 |
|    clip_fraction        | 0.0601      |
|    clip_range           | 0.2         |
|    entropy_loss         | -0.969      |
|    explained_variance   | 0.963       |
|    learning_rate        | 0.0003      |
|    loss                 | 0.362       |
|    n_updates            | 310         |
|    policy_gradient_loss | -0.00259    |
|    std                  | 0.641       |
|    value_loss           | 0.925       |
-----------------------------------------
-----------------------------------------
| rollout/                |             |
|    ep_len_mean          | 17.7        |
|    ep_rew_mean          | -0.411      |
| time/                   |             |
|    fps                  | 147         |
|    iterations           | 33          |
|    time_elapsed         | 1826        |
|    total_timesteps      | 270336      |
| train/                  |             |
|    approx_kl            | 0.007739741 |
|    clip_fraction        | 0.0746      |
|    clip_range           | 0.2         |
|    entropy_loss         | -0.954      |
|    explained_variance   | 0.982       |
|    learning_rate        | 0.0003      |
|    loss                 | 0.115       |
|    n_updates            | 320         |
|    policy_gradient_loss | -0.0025     |
|    std                  | 0.627       |
|    value_loss           | 0.389       |
-----------------------------------------
-----------------------------------------
| rollout/                |             |
|    ep_len_mean          | 22.3        |
|    ep_rew_mean          | -0.878      |
| time/                   |             |
|    fps                  | 148         |
|    iterations           | 34          |
|    time_elapsed         | 1881        |
|    total_timesteps      | 278528      |
| train/                  |             |
|    approx_kl            | 0.007986547 |
|    clip_fraction        | 0.0746      |
|    clip_range           | 0.2         |
|    entropy_loss         | -0.908      |
|    explained_variance   | 0.989       |
|    learning_rate        | 0.0003      |
|    loss                 | 0.00377     |
|    n_updates            | 330         |
|    policy_gradient_loss | -0.00231    |
|    std                  | 0.591       |
|    value_loss           | 0.143       |
-----------------------------------------
-----------------------------------------
| rollout/                |             |
|    ep_len_mean          | 20.8        |
|    ep_rew_mean          | -0.544      |
| time/                   |             |
|    fps                  | 147         |
|    iterations           | 35          |
|    time_elapsed         | 1938        |
|    total_timesteps      | 286720      |
| train/                  |             |
|    approx_kl            | 0.005668973 |
|    clip_fraction        | 0.048       |
|    clip_range           | 0.2         |
|    entropy_loss         | -0.88       |
|    explained_variance   | 0.979       |
|    learning_rate        | 0.0003      |
|    loss                 | 0.123       |
|    n_updates            | 340         |
|    policy_gradient_loss | -0.00197    |
|    std                  | 0.577       |
|    value_loss           | 0.678       |
-----------------------------------------
------------------------------------------
| rollout/                |              |
|    ep_len_mean          | 21.4         |
|    ep_rew_mean          | -0.468       |
| time/                   |              |
|    fps                  | 147          |
|    iterations           | 36           |
|    time_elapsed         | 1992         |
|    total_timesteps      | 294912       |
| train/                  |              |
|    approx_kl            | 0.0045779087 |
|    clip_fraction        | 0.0576       |
|    clip_range           | 0.2          |
|    entropy_loss         | -0.851       |
|    explained_variance   | 0.975        |
|    learning_rate        | 0.0003       |
|    loss                 | 0.0452       |
|    n_updates            | 350          |
|    policy_gradient_loss | -0.00032     |
|    std                  | 0.562        |
|    value_loss           | 0.591        |
------------------------------------------
-----------------------------------------
| rollout/                |             |
|    ep_len_mean          | 20.3        |
|    ep_rew_mean          | -0.0727     |
| time/                   |             |
|    fps                  | 147         |
|    iterations           | 37          |
|    time_elapsed         | 2048        |
|    total_timesteps      | 303104      |
| train/                  |             |
|    approx_kl            | 0.008147394 |
|    clip_fraction        | 0.0842      |
|    clip_range           | 0.2         |
|    entropy_loss         | -0.824      |
|    explained_variance   | 0.979       |
|    learning_rate        | 0.0003      |
|    loss                 | 0.635       |
|    n_updates            | 360         |
|    policy_gradient_loss | -0.00176    |
|    std                  | 0.543       |
|    value_loss           | 0.696       |
-----------------------------------------
------------------------------------------
| rollout/                |              |
|    ep_len_mean          | 26.2         |
|    ep_rew_mean          | -1.62        |
| time/                   |              |
|    fps                  | 148          |
|    iterations           | 38           |
|    time_elapsed         | 2103         |
|    total_timesteps      | 311296       |
| train/                  |              |
|    approx_kl            | 0.0062632835 |
|    clip_fraction        | 0.0891       |
|    clip_range           | 0.2          |
|    entropy_loss         | -0.789       |
|    explained_variance   | 0.97         |
|    learning_rate        | 0.0003       |
|    loss                 | 0.113        |
|    n_updates            | 370          |
|    policy_gradient_loss | 0.001        |
|    std                  | 0.527        |
|    value_loss           | 0.585        |
------------------------------------------
-----------------------------------------
| rollout/                |             |
|    ep_len_mean          | 30.1        |
|    ep_rew_mean          | -2.13       |
| time/                   |             |
|    fps                  | 148         |
|    iterations           | 39          |
|    time_elapsed         | 2157        |
|    total_timesteps      | 319488      |
| train/                  |             |
|    approx_kl            | 0.006452582 |
|    clip_fraction        | 0.0723      |
|    clip_range           | 0.2         |
|    entropy_loss         | -0.761      |
|    explained_variance   | 0.976       |
|    learning_rate        | 0.0003      |
|    loss                 | 0.316       |
|    n_updates            | 380         |
|    policy_gradient_loss | 0.000652    |
|    std                  | 0.515       |
|    value_loss           | 0.925       |
-----------------------------------------
-----------------------------------------
| rollout/                |             |
|    ep_len_mean          | 19.9        |
|    ep_rew_mean          | -0.18       |
| time/                   |             |
|    fps                  | 148         |
|    iterations           | 40          |
|    time_elapsed         | 2213        |
|    total_timesteps      | 327680      |
| train/                  |             |
|    approx_kl            | 0.009128369 |
|    clip_fraction        | 0.0851      |
|    clip_range           | 0.2         |
|    entropy_loss         | -0.756      |
|    explained_variance   | 0.976       |
|    learning_rate        | 0.0003      |
|    loss                 | 0.349       |
|    n_updates            | 390         |
|    policy_gradient_loss | -0.000378   |
|    std                  | 0.515       |
|    value_loss           | 1.18        |
-----------------------------------------
------------------------------------------
| rollout/                |              |
|    ep_len_mean          | 21.4         |
|    ep_rew_mean          | 0.0868       |
| time/                   |              |
|    fps                  | 148          |
|    iterations           | 41           |
|    time_elapsed         | 2268         |
|    total_timesteps      | 335872       |
| train/                  |              |
|    approx_kl            | 0.0065204566 |
|    clip_fraction        | 0.0972       |
|    clip_range           | 0.2          |
|    entropy_loss         | -0.745       |
|    explained_variance   | 0.965        |
|    learning_rate        | 0.0003       |
|    loss                 | 0.112        |
|    n_updates            | 400          |
|    policy_gradient_loss | 0.0013       |
|    std                  | 0.511        |
|    value_loss           | 0.535        |
------------------------------------------
---------------------------------------
| rollout/                |           |
|    ep_len_mean          | 25.1      |
|    ep_rew_mean          | -0.554    |
| time/                   |           |
|    fps                  | 148       |
|    iterations           | 42        |
|    time_elapsed         | 2323      |
|    total_timesteps      | 344064    |
| train/                  |           |
|    approx_kl            | 0.0079941 |
|    clip_fraction        | 0.0966    |
|    clip_range           | 0.2       |
|    entropy_loss         | -0.723    |
|    explained_variance   | 0.964     |
|    learning_rate        | 0.0003    |
|    loss                 | 0.107     |
|    n_updates            | 410       |
|    policy_gradient_loss | -0.000404 |
|    std                  | 0.491     |
|    value_loss           | 0.659     |
---------------------------------------
-----------------------------------------
| rollout/                |             |
|    ep_len_mean          | 21.5        |
|    ep_rew_mean          | 0.057       |
| time/                   |             |
|    fps                  | 148         |
|    iterations           | 43          |
|    time_elapsed         | 2378        |
|    total_timesteps      | 352256      |
| train/                  |             |
|    approx_kl            | 0.006289698 |
|    clip_fraction        | 0.0881      |
|    clip_range           | 0.2         |
|    entropy_loss         | -0.707      |
|    explained_variance   | 0.968       |
|    learning_rate        | 0.0003      |
|    loss                 | 0.252       |
|    n_updates            | 420         |
|    policy_gradient_loss | 0.000602    |
|    std                  | 0.489       |
|    value_loss           | 1.15        |
-----------------------------------------
----------------------------------------
| rollout/                |            |
|    ep_len_mean          | 21.5       |
|    ep_rew_mean          | -0.0402    |
| time/                   |            |
|    fps                  | 148        |
|    iterations           | 44         |
|    time_elapsed         | 2432       |
|    total_timesteps      | 360448     |
| train/                  |            |
|    approx_kl            | 0.01237441 |
|    clip_fraction        | 0.111      |
|    clip_range           | 0.2        |
|    entropy_loss         | -0.686     |
|    explained_variance   | 0.976      |
|    learning_rate        | 0.0003     |
|    loss                 | 0.572      |
|    n_updates            | 430        |
|    policy_gradient_loss | 0.000382   |
|    std                  | 0.475      |
|    value_loss           | 0.546      |
----------------------------------------
-----------------------------------------
| rollout/                |             |
|    ep_len_mean          | 26.1        |
|    ep_rew_mean          | -0.311      |
| time/                   |             |
|    fps                  | 148         |
|    iterations           | 45          |
|    time_elapsed         | 2487        |
|    total_timesteps      | 368640      |
| train/                  |             |
|    approx_kl            | 0.008903224 |
|    clip_fraction        | 0.0824      |
|    clip_range           | 0.2         |
|    entropy_loss         | -0.654      |
|    explained_variance   | 0.972       |
|    learning_rate        | 0.0003      |
|    loss                 | 0.141       |
|    n_updates            | 440         |
|    policy_gradient_loss | 0.000982    |
|    std                  | 0.462       |
|    value_loss           | 0.347       |
-----------------------------------------
-----------------------------------------
| rollout/                |             |
|    ep_len_mean          | 28.6        |
|    ep_rew_mean          | -1.04       |
| time/                   |             |
|    fps                  | 148         |
|    iterations           | 46          |
|    time_elapsed         | 2541        |
|    total_timesteps      | 376832      |
| train/                  |             |
|    approx_kl            | 0.009209244 |
|    clip_fraction        | 0.0837      |
|    clip_range           | 0.2         |
|    entropy_loss         | -0.614      |
|    explained_variance   | 0.97        |
|    learning_rate        | 0.0003      |
|    loss                 | 0.28        |
|    n_updates            | 450         |
|    policy_gradient_loss | -0.00129    |
|    std                  | 0.438       |
|    value_loss           | 0.447       |
-----------------------------------------
------------------------------------------
| rollout/                |              |
|    ep_len_mean          | 23.5         |
|    ep_rew_mean          | -0.279       |
| time/                   |              |
|    fps                  | 148          |
|    iterations           | 47           |
|    time_elapsed         | 2596         |
|    total_timesteps      | 385024       |
| train/                  |              |
|    approx_kl            | 0.0060152495 |
|    clip_fraction        | 0.0795       |
|    clip_range           | 0.2          |
|    entropy_loss         | -0.587       |
|    explained_variance   | 0.984        |
|    learning_rate        | 0.0003       |
|    loss                 | 0.0657       |
|    n_updates            | 460          |
|    policy_gradient_loss | 8.51e-05     |
|    std                  | 0.435        |
|    value_loss           | 0.352        |
------------------------------------------
-----------------------------------------
| rollout/                |             |
|    ep_len_mean          | 24.5        |
|    ep_rew_mean          | -0.169      |
| time/                   |             |
|    fps                  | 148         |
|    iterations           | 48          |
|    time_elapsed         | 2651        |
|    total_timesteps      | 393216      |
| train/                  |             |
|    approx_kl            | 0.008337819 |
|    clip_fraction        | 0.0862      |
|    clip_range           | 0.2         |
|    entropy_loss         | -0.56       |
|    explained_variance   | 0.978       |
|    learning_rate        | 0.0003      |
|    loss                 | 0.312       |
|    n_updates            | 470         |
|    policy_gradient_loss | -0.000712   |
|    std                  | 0.42        |
|    value_loss           | 0.429       |
-----------------------------------------
-----------------------------------------
| rollout/                |             |
|    ep_len_mean          | 30.8        |
|    ep_rew_mean          | -0.26       |
| time/                   |             |
|    fps                  | 148         |
|    iterations           | 49          |
|    time_elapsed         | 2706        |
|    total_timesteps      | 401408      |
| train/                  |             |
|    approx_kl            | 0.009660985 |
|    clip_fraction        | 0.0908      |
|    clip_range           | 0.2         |
|    entropy_loss         | -0.529      |
|    explained_variance   | 0.975       |
|    learning_rate        | 0.0003      |
|    loss                 | 0.402       |
|    n_updates            | 480         |
|    policy_gradient_loss | 0.000388    |
|    std                  | 0.408       |
|    value_loss           | 0.361       |
-----------------------------------------
------------------------------------------
| rollout/                |              |
|    ep_len_mean          | 27.2         |
|    ep_rew_mean          | 0.454        |
| time/                   |              |
|    fps                  | 148          |
|    iterations           | 50           |
|    time_elapsed         | 2759         |
|    total_timesteps      | 409600       |
| train/                  |              |
|    approx_kl            | 0.0059655625 |
|    clip_fraction        | 0.0859       |
|    clip_range           | 0.2          |
|    entropy_loss         | -0.508       |
|    explained_variance   | 0.985        |
|    learning_rate        | 0.0003       |
|    loss                 | 0.242        |
|    n_updates            | 490          |
|    policy_gradient_loss | -0.000748    |
|    std                  | 0.401        |
|    value_loss           | 0.428        |
------------------------------------------
-----------------------------------------
| rollout/                |             |
|    ep_len_mean          | 26.1        |
|    ep_rew_mean          | 0.277       |
| time/                   |             |
|    fps                  | 148         |
|    iterations           | 51          |
|    time_elapsed         | 2814        |
|    total_timesteps      | 417792      |
| train/                  |             |
|    approx_kl            | 0.009793901 |
|    clip_fraction        | 0.0884      |
|    clip_range           | 0.2         |
|    entropy_loss         | -0.481      |
|    explained_variance   | 0.972       |
|    learning_rate        | 0.0003      |
|    loss                 | 0.239       |
|    n_updates            | 500         |
|    policy_gradient_loss | -0.00144    |
|    std                  | 0.387       |
|    value_loss           | 0.452       |
-----------------------------------------
------------------------------------------
| rollout/                |              |
|    ep_len_mean          | 29.2         |
|    ep_rew_mean          | 0.559        |
| time/                   |              |
|    fps                  | 148          |
|    iterations           | 52           |
|    time_elapsed         | 2869         |
|    total_timesteps      | 425984       |
| train/                  |              |
|    approx_kl            | 0.0071522584 |
|    clip_fraction        | 0.0992       |
|    clip_range           | 0.2          |
|    entropy_loss         | -0.458       |
|    explained_variance   | 0.96         |
|    learning_rate        | 0.0003       |
|    loss                 | 0.132        |
|    n_updates            | 510          |
|    policy_gradient_loss | 0.000882     |
|    std                  | 0.381        |
|    value_loss           | 0.322        |
------------------------------------------
-----------------------------------------
| rollout/                |             |
|    ep_len_mean          | 26.3        |
|    ep_rew_mean          | 0.269       |
| time/                   |             |
|    fps                  | 148         |
|    iterations           | 53          |
|    time_elapsed         | 2924        |
|    total_timesteps      | 434176      |
| train/                  |             |
|    approx_kl            | 0.006422394 |
|    clip_fraction        | 0.084       |
|    clip_range           | 0.2         |
|    entropy_loss         | -0.442      |
|    explained_variance   | 0.963       |
|    learning_rate        | 0.0003      |
|    loss                 | 0.248       |
|    n_updates            | 520         |
|    policy_gradient_loss | -0.00249    |
|    std                  | 0.374       |
|    value_loss           | 0.446       |
-----------------------------------------
-----------------------------------------
| rollout/                |             |
|    ep_len_mean          | 27.6        |
|    ep_rew_mean          | 0.317       |
| time/                   |             |
|    fps                  | 148         |
|    iterations           | 54          |
|    time_elapsed         | 2979        |
|    total_timesteps      | 442368      |
| train/                  |             |
|    approx_kl            | 0.007879574 |
|    clip_fraction        | 0.0974      |
|    clip_range           | 0.2         |
|    entropy_loss         | -0.422      |
|    explained_variance   | 0.963       |
|    learning_rate        | 0.0003      |
|    loss                 | 0.213       |
|    n_updates            | 530         |
|    policy_gradient_loss | -0.00341    |
|    std                  | 0.366       |
|    value_loss           | 0.414       |
-----------------------------------------
----------------------------------------
| rollout/                |            |
|    ep_len_mean          | 28.3       |
|    ep_rew_mean          | 0.327      |
| time/                   |            |
|    fps                  | 148        |
|    iterations           | 55         |
|    time_elapsed         | 3034       |
|    total_timesteps      | 450560     |
| train/                  |            |
|    approx_kl            | 0.01058153 |
|    clip_fraction        | 0.0911     |
|    clip_range           | 0.2        |
|    entropy_loss         | -0.408     |
|    explained_variance   | 0.952      |
|    learning_rate        | 0.0003     |
|    loss                 | 0.213      |
|    n_updates            | 540        |
|    policy_gradient_loss | -0.000267  |
|    std                  | 0.362      |
|    value_loss           | 0.436      |
----------------------------------------
-----------------------------------------
| rollout/                |             |
|    ep_len_mean          | 30.1        |
|    ep_rew_mean          | 0.595       |
| time/                   |             |
|    fps                  | 148         |
|    iterations           | 56          |
|    time_elapsed         | 3090        |
|    total_timesteps      | 458752      |
| train/                  |             |
|    approx_kl            | 0.010274778 |
|    clip_fraction        | 0.1         |
|    clip_range           | 0.2         |
|    entropy_loss         | -0.388      |
|    explained_variance   | 0.93        |
|    learning_rate        | 0.0003      |
|    loss                 | 0.183       |
|    n_updates            | 550         |
|    policy_gradient_loss | -0.00228    |
|    std                  | 0.356       |
|    value_loss           | 0.628       |
-----------------------------------------
-----------------------------------------
| rollout/                |             |
|    ep_len_mean          | 38.4        |
|    ep_rew_mean          | 1.28        |
| time/                   |             |
|    fps                  | 148         |
|    iterations           | 57          |
|    time_elapsed         | 3143        |
|    total_timesteps      | 466944      |
| train/                  |             |
|    approx_kl            | 0.008931272 |
|    clip_fraction        | 0.103       |
|    clip_range           | 0.2         |
|    entropy_loss         | -0.37       |
|    explained_variance   | 0.93        |
|    learning_rate        | 0.0003      |
|    loss                 | 0.53        |
|    n_updates            | 560         |
|    policy_gradient_loss | -0.00365    |
|    std                  | 0.348       |
|    value_loss           | 0.791       |
-----------------------------------------
-----------------------------------------
| rollout/                |             |
|    ep_len_mean          | 47          |
|    ep_rew_mean          | 2.15        |
| time/                   |             |
|    fps                  | 148         |
|    iterations           | 58          |
|    time_elapsed         | 3202        |
|    total_timesteps      | 475136      |
| train/                  |             |
|    approx_kl            | 0.009886121 |
|    clip_fraction        | 0.0943      |
|    clip_range           | 0.2         |
|    entropy_loss         | -0.343      |
|    explained_variance   | 0.91        |
|    learning_rate        | 0.0003      |
|    loss                 | 0.452       |
|    n_updates            | 570         |
|    policy_gradient_loss | -0.00183    |
|    std                  | 0.338       |
|    value_loss           | 0.803       |
-----------------------------------------
-----------------------------------------
| rollout/                |             |
|    ep_len_mean          | 54.6        |
|    ep_rew_mean          | 2.8         |
| time/                   |             |
|    fps                  | 148         |
|    iterations           | 59          |
|    time_elapsed         | 3258        |
|    total_timesteps      | 483328      |
| train/                  |             |
|    approx_kl            | 0.009381872 |
|    clip_fraction        | 0.0965      |
|    clip_range           | 0.2         |
|    entropy_loss         | -0.333      |
|    explained_variance   | 0.894       |
|    learning_rate        | 0.0003      |
|    loss                 | 0.371       |
|    n_updates            | 580         |
|    policy_gradient_loss | 0.000104    |
|    std                  | 0.337       |
|    value_loss           | 1.11        |
-----------------------------------------
-----------------------------------------
| rollout/                |             |
|    ep_len_mean          | 43          |
|    ep_rew_mean          | 1.86        |
| time/                   |             |
|    fps                  | 148         |
|    iterations           | 60          |
|    time_elapsed         | 3315        |
|    total_timesteps      | 491520      |
| train/                  |             |
|    approx_kl            | 0.010493165 |
|    clip_fraction        | 0.118       |
|    clip_range           | 0.2         |
|    entropy_loss         | -0.307      |
|    explained_variance   | 0.89        |
|    learning_rate        | 0.0003      |
|    loss                 | 1.09        |
|    n_updates            | 590         |
|    policy_gradient_loss | 0.000834    |
|    std                  | 0.327       |
|    value_loss           | 1.1         |
-----------------------------------------
-----------------------------------------
| rollout/                |             |
|    ep_len_mean          | 45.5        |
|    ep_rew_mean          | 1.9         |
| time/                   |             |
|    fps                  | 148         |
|    iterations           | 61          |
|    time_elapsed         | 3369        |
|    total_timesteps      | 499712      |
| train/                  |             |
|    approx_kl            | 0.007571429 |
|    clip_fraction        | 0.098       |
|    clip_range           | 0.2         |
|    entropy_loss         | -0.282      |
|    explained_variance   | 0.908       |
|    learning_rate        | 0.0003      |
|    loss                 | 0.508       |
|    n_updates            | 600         |
|    policy_gradient_loss | 0.000489    |
|    std                  | 0.318       |
|    value_loss           | 1.18        |
-----------------------------------------
------------------------------------------
| rollout/                |              |
|    ep_len_mean          | 44           |
|    ep_rew_mean          | 1.47         |
| time/                   |              |
|    fps                  | 148          |
|    iterations           | 62           |
|    time_elapsed         | 3423         |
|    total_timesteps      | 507904       |
| train/                  |              |
|    approx_kl            | 0.0054031992 |
|    clip_fraction        | 0.113        |
|    clip_range           | 0.2          |
|    entropy_loss         | -0.262       |
|    explained_variance   | 0.894        |
|    learning_rate        | 0.0003       |
|    loss                 | 0.813        |
|    n_updates            | 610          |
|    policy_gradient_loss | -0.00182     |
|    std                  | 0.313        |
|    value_loss           | 1.31         |
------------------------------------------
-----------------------------------------
| rollout/                |             |
|    ep_len_mean          | 41.6        |
|    ep_rew_mean          | 1.58        |
| time/                   |             |
|    fps                  | 148         |
|    iterations           | 63          |
|    time_elapsed         | 3476        |
|    total_timesteps      | 516096      |
| train/                  |             |
|    approx_kl            | 0.008822539 |
|    clip_fraction        | 0.119       |
|    clip_range           | 0.2         |
|    entropy_loss         | -0.248      |
|    explained_variance   | 0.889       |
|    learning_rate        | 0.0003      |
|    loss                 | 0.884       |
|    n_updates            | 620         |
|    policy_gradient_loss | -0.00357    |
|    std                  | 0.308       |
|    value_loss           | 1.63        |
-----------------------------------------
------------------------------------------
| rollout/                |              |
|    ep_len_mean          | 54.6         |
|    ep_rew_mean          | 2.66         |
| time/                   |              |
|    fps                  | 148          |
|    iterations           | 64           |
|    time_elapsed         | 3530         |
|    total_timesteps      | 524288       |
| train/                  |              |
|    approx_kl            | 0.0058580665 |
|    clip_fraction        | 0.102        |
|    clip_range           | 0.2          |
|    entropy_loss         | -0.236       |
|    explained_variance   | 0.902        |
|    learning_rate        | 0.0003       |
|    loss                 | 0.865        |
|    n_updates            | 630          |
|    policy_gradient_loss | 0.00273      |
|    std                  | 0.306        |
|    value_loss           | 1.39         |
------------------------------------------
-----------------------------------------
| rollout/                |             |
|    ep_len_mean          | 49          |
|    ep_rew_mean          | 2.01        |
| time/                   |             |
|    fps                  | 148         |
|    iterations           | 65          |
|    time_elapsed         | 3584        |
|    total_timesteps      | 532480      |
| train/                  |             |
|    approx_kl            | 0.010447274 |
|    clip_fraction        | 0.127       |
|    clip_range           | 0.2         |
|    entropy_loss         | -0.229      |
|    explained_variance   | 0.903       |
|    learning_rate        | 0.0003      |
|    loss                 | 0.467       |
|    n_updates            | 640         |
|    policy_gradient_loss | 0.00218     |
|    std                  | 0.303       |
|    value_loss           | 1.16        |
-----------------------------------------
-----------------------------------------
| rollout/                |             |
|    ep_len_mean          | 52          |
|    ep_rew_mean          | 2.6         |
| time/                   |             |
|    fps                  | 148         |
|    iterations           | 66          |
|    time_elapsed         | 3638        |
|    total_timesteps      | 540672      |
| train/                  |             |
|    approx_kl            | 0.008519016 |
|    clip_fraction        | 0.117       |
|    clip_range           | 0.2         |
|    entropy_loss         | -0.209      |
|    explained_variance   | 0.895       |
|    learning_rate        | 0.0003      |
|    loss                 | 0.437       |
|    n_updates            | 650         |
|    policy_gradient_loss | 0.0018      |
|    std                  | 0.296       |
|    value_loss           | 1.34        |
-----------------------------------------
-----------------------------------------
| rollout/                |             |
|    ep_len_mean          | 52.7        |
|    ep_rew_mean          | 2.54        |
| time/                   |             |
|    fps                  | 148         |
|    iterations           | 67          |
|    time_elapsed         | 3693        |
|    total_timesteps      | 548864      |
| train/                  |             |
|    approx_kl            | 0.009928378 |
|    clip_fraction        | 0.108       |
|    clip_range           | 0.2         |
|    entropy_loss         | -0.194      |
|    explained_variance   | 0.891       |
|    learning_rate        | 0.0003      |
|    loss                 | 0.72        |
|    n_updates            | 660         |
|    policy_gradient_loss | 0.00145     |
|    std                  | 0.293       |
|    value_loss           | 1.52        |
-----------------------------------------
-----------------------------------------
| rollout/                |             |
|    ep_len_mean          | 52          |
|    ep_rew_mean          | 2.56        |
| time/                   |             |
|    fps                  | 148         |
|    iterations           | 68          |
|    time_elapsed         | 3746        |
|    total_timesteps      | 557056      |
| train/                  |             |
|    approx_kl            | 0.008026663 |
|    clip_fraction        | 0.114       |
|    clip_range           | 0.2         |
|    entropy_loss         | -0.18       |
|    explained_variance   | 0.88        |
|    learning_rate        | 0.0003      |
|    loss                 | 0.78        |
|    n_updates            | 670         |
|    policy_gradient_loss | 0.00136     |
|    std                  | 0.288       |
|    value_loss           | 1.45        |
-----------------------------------------
-----------------------------------------
| rollout/                |             |
|    ep_len_mean          | 61.8        |
|    ep_rew_mean          | 3.81        |
| time/                   |             |
|    fps                  | 148         |
|    iterations           | 69          |
|    time_elapsed         | 3799        |
|    total_timesteps      | 565248      |
| train/                  |             |
|    approx_kl            | 0.012017154 |
|    clip_fraction        | 0.111       |
|    clip_range           | 0.2         |
|    entropy_loss         | -0.165      |
|    explained_variance   | 0.888       |
|    learning_rate        | 0.0003      |
|    loss                 | 0.37        |
|    n_updates            | 680         |
|    policy_gradient_loss | 0.00205     |
|    std                  | 0.282       |
|    value_loss           | 1.61        |
-----------------------------------------
-----------------------------------------
| rollout/                |             |
|    ep_len_mean          | 50.1        |
|    ep_rew_mean          | 2.47        |
| time/                   |             |
|    fps                  | 148         |
|    iterations           | 70          |
|    time_elapsed         | 3852        |
|    total_timesteps      | 573440      |
| train/                  |             |
|    approx_kl            | 0.015755959 |
|    clip_fraction        | 0.124       |
|    clip_range           | 0.2         |
|    entropy_loss         | -0.138      |
|    explained_variance   | 0.884       |
|    learning_rate        | 0.0003      |
|    loss                 | 0.418       |
|    n_updates            | 690         |
|    policy_gradient_loss | -0.00108    |
|    std                  | 0.275       |
|    value_loss           | 1.28        |
-----------------------------------------
----------------------------------------
| rollout/                |            |
|    ep_len_mean          | 57.7       |
|    ep_rew_mean          | 3.25       |
| time/                   |            |
|    fps                  | 148        |
|    iterations           | 71         |
|    time_elapsed         | 3907       |
|    total_timesteps      | 581632     |
| train/                  |            |
|    approx_kl            | 0.00924708 |
|    clip_fraction        | 0.118      |
|    clip_range           | 0.2        |
|    entropy_loss         | -0.123     |
|    explained_variance   | 0.919      |
|    learning_rate        | 0.0003     |
|    loss                 | 0.411      |
|    n_updates            | 700        |
|    policy_gradient_loss | 0.00129    |
|    std                  | 0.273      |
|    value_loss           | 1.16       |
----------------------------------------
----------------------------------------
| rollout/                |            |
|    ep_len_mean          | 65         |
|    ep_rew_mean          | 3.73       |
| time/                   |            |
|    fps                  | 148        |
|    iterations           | 72         |
|    time_elapsed         | 3959       |
|    total_timesteps      | 589824     |
| train/                  |            |
|    approx_kl            | 0.00973874 |
|    clip_fraction        | 0.127      |
|    clip_range           | 0.2        |
|    entropy_loss         | -0.113     |
|    explained_variance   | 0.914      |
|    learning_rate        | 0.0003     |
|    loss                 | 0.35       |
|    n_updates            | 710        |
|    policy_gradient_loss | 0.00369    |
|    std                  | 0.269      |
|    value_loss           | 1.26       |
----------------------------------------
-----------------------------------------
| rollout/                |             |
|    ep_len_mean          | 61          |
|    ep_rew_mean          | 3.46        |
| time/                   |             |
|    fps                  | 149         |
|    iterations           | 73          |
|    time_elapsed         | 4013        |
|    total_timesteps      | 598016      |
| train/                  |             |
|    approx_kl            | 0.012123837 |
|    clip_fraction        | 0.113       |
|    clip_range           | 0.2         |
|    entropy_loss         | -0.0997     |
|    explained_variance   | 0.907       |
|    learning_rate        | 0.0003      |
|    loss                 | 0.835       |
|    n_updates            | 720         |
|    policy_gradient_loss | 0.00121     |
|    std                  | 0.267       |
|    value_loss           | 1.1         |
-----------------------------------------
-----------------------------------------
| rollout/                |             |
|    ep_len_mean          | 66.6        |
|    ep_rew_mean          | 3.86        |
| time/                   |             |
|    fps                  | 149         |
|    iterations           | 74          |
|    time_elapsed         | 4066        |
|    total_timesteps      | 606208      |
| train/                  |             |
|    approx_kl            | 0.009771921 |
|    clip_fraction        | 0.114       |
|    clip_range           | 0.2         |
|    entropy_loss         | -0.1        |
|    explained_variance   | 0.913       |
|    learning_rate        | 0.0003      |
|    loss                 | 1.12        |
|    n_updates            | 730         |
|    policy_gradient_loss | 0.00078     |
|    std                  | 0.267       |
|    value_loss           | 1.33        |
-----------------------------------------
-----------------------------------------
| rollout/                |             |
|    ep_len_mean          | 84.1        |
|    ep_rew_mean          | 5.61        |
| time/                   |             |
|    fps                  | 149         |
|    iterations           | 75          |
|    time_elapsed         | 4119        |
|    total_timesteps      | 614400      |
| train/                  |             |
|    approx_kl            | 0.014863024 |
|    clip_fraction        | 0.11        |
|    clip_range           | 0.2         |
|    entropy_loss         | -0.109      |
|    explained_variance   | 0.932       |
|    learning_rate        | 0.0003      |
|    loss                 | 0.281       |
|    n_updates            | 740         |
|    policy_gradient_loss | 0.00241     |
|    std                  | 0.272       |
|    value_loss           | 0.933       |
-----------------------------------------
------------------------------------------
| rollout/                |              |
|    ep_len_mean          | 76.1         |
|    ep_rew_mean          | 4.73         |
| time/                   |              |
|    fps                  | 149          |
|    iterations           | 76           |
|    time_elapsed         | 4174         |
|    total_timesteps      | 622592       |
| train/                  |              |
|    approx_kl            | 0.0081976615 |
|    clip_fraction        | 0.0939       |
|    clip_range           | 0.2          |
|    entropy_loss         | -0.12        |
|    explained_variance   | 0.905        |
|    learning_rate        | 0.0003       |
|    loss                 | 0.82         |
|    n_updates            | 750          |
|    policy_gradient_loss | 0.000982     |
|    std                  | 0.272        |
|    value_loss           | 1.11         |
------------------------------------------
-----------------------------------------
| rollout/                |             |
|    ep_len_mean          | 57.2        |
|    ep_rew_mean          | 3.06        |
| time/                   |             |
|    fps                  | 149         |
|    iterations           | 77          |
|    time_elapsed         | 4227        |
|    total_timesteps      | 630784      |
| train/                  |             |
|    approx_kl            | 0.008547929 |
|    clip_fraction        | 0.111       |
|    clip_range           | 0.2         |
|    entropy_loss         | -0.108      |
|    explained_variance   | 0.903       |
|    learning_rate        | 0.0003      |
|    loss                 | 0.444       |
|    n_updates            | 760         |
|    policy_gradient_loss | 0.00109     |
|    std                  | 0.269       |
|    value_loss           | 1.3         |
-----------------------------------------
------------------------------------------
| rollout/                |              |
|    ep_len_mean          | 54.3         |
|    ep_rew_mean          | 2.76         |
| time/                   |              |
|    fps                  | 149          |
|    iterations           | 78           |
|    time_elapsed         | 4282         |
|    total_timesteps      | 638976       |
| train/                  |              |
|    approx_kl            | 0.0074017346 |
|    clip_fraction        | 0.101        |
|    clip_range           | 0.2          |
|    entropy_loss         | -0.1         |
|    explained_variance   | 0.916        |
|    learning_rate        | 0.0003       |
|    loss                 | 1.12         |
|    n_updates            | 770          |
|    policy_gradient_loss | 0.0026       |
|    std                  | 0.267        |
|    value_loss           | 1.42         |
------------------------------------------
-----------------------------------------
| rollout/                |             |
|    ep_len_mean          | 60.3        |
|    ep_rew_mean          | 3.4         |
| time/                   |             |
|    fps                  | 149         |
|    iterations           | 79          |
|    time_elapsed         | 4335        |
|    total_timesteps      | 647168      |
| train/                  |             |
|    approx_kl            | 0.008399339 |
|    clip_fraction        | 0.0917      |
|    clip_range           | 0.2         |
|    entropy_loss         | -0.0932     |
|    explained_variance   | 0.921       |
|    learning_rate        | 0.0003      |
|    loss                 | 0.81        |
|    n_updates            | 780         |
|    policy_gradient_loss | 0.00158     |
|    std                  | 0.264       |
|    value_loss           | 1.33        |
-----------------------------------------
-----------------------------------------
| rollout/                |             |
|    ep_len_mean          | 70          |
|    ep_rew_mean          | 4.21        |
| time/                   |             |
|    fps                  | 149         |
|    iterations           | 80          |
|    time_elapsed         | 4388        |
|    total_timesteps      | 655360      |
| train/                  |             |
|    approx_kl            | 0.007739758 |
|    clip_fraction        | 0.1         |
|    clip_range           | 0.2         |
|    entropy_loss         | -0.103      |
|    explained_variance   | 0.926       |
|    learning_rate        | 0.0003      |
|    loss                 | 1.37        |
|    n_updates            | 790         |
|    policy_gradient_loss | 0.00179     |
|    std                  | 0.27        |
|    value_loss           | 1.22        |
-----------------------------------------
-----------------------------------------
| rollout/                |             |
|    ep_len_mean          | 69.5        |
|    ep_rew_mean          | 4.28        |
| time/                   |             |
|    fps                  | 149         |
|    iterations           | 81          |
|    time_elapsed         | 4439        |
|    total_timesteps      | 663552      |
| train/                  |             |
|    approx_kl            | 0.008543143 |
|    clip_fraction        | 0.107       |
|    clip_range           | 0.2         |
|    entropy_loss         | -0.105      |
|    explained_variance   | 0.914       |
|    learning_rate        | 0.0003      |
|    loss                 | 1.21        |
|    n_updates            | 800         |
|    policy_gradient_loss | 0.0022      |
|    std                  | 0.269       |
|    value_loss           | 1.4         |
-----------------------------------------
-----------------------------------------
| rollout/                |             |
|    ep_len_mean          | 61.6        |
|    ep_rew_mean          | 3.49        |
| time/                   |             |
|    fps                  | 149         |
|    iterations           | 82          |
|    time_elapsed         | 4496        |
|    total_timesteps      | 671744      |
| train/                  |             |
|    approx_kl            | 0.015485352 |
|    clip_fraction        | 0.118       |
|    clip_range           | 0.2         |
|    entropy_loss         | -0.099      |
|    explained_variance   | 0.921       |
|    learning_rate        | 0.0003      |
|    loss                 | 0.424       |
|    n_updates            | 810         |
|    policy_gradient_loss | 0.00262     |
|    std                  | 0.264       |
|    value_loss           | 1.21        |
-----------------------------------------
---------------------------------------
| rollout/                |           |
|    ep_len_mean          | 68.1      |
|    ep_rew_mean          | 4.24      |
| time/                   |           |
|    fps                  | 149       |
|    iterations           | 83        |
|    time_elapsed         | 4555      |
|    total_timesteps      | 679936    |
| train/                  |           |
|    approx_kl            | 0.0108601 |
|    clip_fraction        | 0.107     |
|    clip_range           | 0.2       |
|    entropy_loss         | -0.0772   |
|    explained_variance   | 0.928     |
|    learning_rate        | 0.0003    |
|    loss                 | 0.24      |
|    n_updates            | 820       |
|    policy_gradient_loss | 0.002     |
|    std                  | 0.26      |
|    value_loss           | 1.2       |
---------------------------------------
-----------------------------------------
| rollout/                |             |
|    ep_len_mean          | 83.9        |
|    ep_rew_mean          | 5.78        |
| time/                   |             |
|    fps                  | 149         |
|    iterations           | 84          |
|    time_elapsed         | 4609        |
|    total_timesteps      | 688128      |
| train/                  |             |
|    approx_kl            | 0.008184215 |
|    clip_fraction        | 0.113       |
|    clip_range           | 0.2         |
|    entropy_loss         | -0.0629     |
|    explained_variance   | 0.923       |
|    learning_rate        | 0.0003      |
|    loss                 | 0.5         |
|    n_updates            | 830         |
|    policy_gradient_loss | 0.0028      |
|    std                  | 0.256       |
|    value_loss           | 1.11        |
-----------------------------------------
-----------------------------------------
| rollout/                |             |
|    ep_len_mean          | 72.7        |
|    ep_rew_mean          | 4.64        |
| time/                   |             |
|    fps                  | 149         |
|    iterations           | 85          |
|    time_elapsed         | 4661        |
|    total_timesteps      | 696320      |
| train/                  |             |
|    approx_kl            | 0.014173591 |
|    clip_fraction        | 0.128       |
|    clip_range           | 0.2         |
|    entropy_loss         | -0.0515     |
|    explained_variance   | 0.911       |
|    learning_rate        | 0.0003      |
|    loss                 | 1.01        |
|    n_updates            | 840         |
|    policy_gradient_loss | 0.002       |
|    std                  | 0.255       |
|    value_loss           | 1.05        |
-----------------------------------------
------------------------------------------
| rollout/                |              |
|    ep_len_mean          | 81.4         |
|    ep_rew_mean          | 5.42         |
| time/                   |              |
|    fps                  | 149          |
|    iterations           | 86           |
|    time_elapsed         | 4713         |
|    total_timesteps      | 704512       |
| train/                  |              |
|    approx_kl            | 0.0078007826 |
|    clip_fraction        | 0.113        |
|    clip_range           | 0.2          |
|    entropy_loss         | -0.0457      |
|    explained_variance   | 0.918        |
|    learning_rate        | 0.0003       |
|    loss                 | 1.57         |
|    n_updates            | 850          |
|    policy_gradient_loss | 0.00328      |
|    std                  | 0.251        |
|    value_loss           | 1.24         |
------------------------------------------
-----------------------------------------
| rollout/                |             |
|    ep_len_mean          | 72.6        |
|    ep_rew_mean          | 4.68        |
| time/                   |             |
|    fps                  | 149         |
|    iterations           | 87          |
|    time_elapsed         | 4767        |
|    total_timesteps      | 712704      |
| train/                  |             |
|    approx_kl            | 0.016231468 |
|    clip_fraction        | 0.133       |
|    clip_range           | 0.2         |
|    entropy_loss         | -0.0211     |
|    explained_variance   | 0.899       |
|    learning_rate        | 0.0003      |
|    loss                 | 0.662       |
|    n_updates            | 860         |
|    policy_gradient_loss | 0.00233     |
|    std                  | 0.245       |
|    value_loss           | 1.04        |
-----------------------------------------
-----------------------------------------
| rollout/                |             |
|    ep_len_mean          | 79.3        |
|    ep_rew_mean          | 5.32        |
| time/                   |             |
|    fps                  | 149         |
|    iterations           | 88          |
|    time_elapsed         | 4819        |
|    total_timesteps      | 720896      |
| train/                  |             |
|    approx_kl            | 0.019678453 |
|    clip_fraction        | 0.116       |
|    clip_range           | 0.2         |
|    entropy_loss         | -0.0152     |
|    explained_variance   | 0.913       |
|    learning_rate        | 0.0003      |
|    loss                 | 0.476       |
|    n_updates            | 870         |
|    policy_gradient_loss | 0.00219     |
|    std                  | 0.245       |
|    value_loss           | 1.14        |
-----------------------------------------
-----------------------------------------
| rollout/                |             |
|    ep_len_mean          | 68.1        |
|    ep_rew_mean          | 4.25        |
| time/                   |             |
|    fps                  | 149         |
|    iterations           | 89          |
|    time_elapsed         | 4872        |
|    total_timesteps      | 729088      |
| train/                  |             |
|    approx_kl            | 0.009825989 |
|    clip_fraction        | 0.114       |
|    clip_range           | 0.2         |
|    entropy_loss         | -0.0153     |
|    explained_variance   | 0.904       |
|    learning_rate        | 0.0003      |
|    loss                 | 0.732       |
|    n_updates            | 880         |
|    policy_gradient_loss | 0.00155     |
|    std                  | 0.246       |
|    value_loss           | 1.32        |
-----------------------------------------
------------------------------------------
| rollout/                |              |
|    ep_len_mean          | 75.8         |
|    ep_rew_mean          | 5.04         |
| time/                   |              |
|    fps                  | 149          |
|    iterations           | 90           |
|    time_elapsed         | 4924         |
|    total_timesteps      | 737280       |
| train/                  |              |
|    approx_kl            | 0.0059969276 |
|    clip_fraction        | 0.116        |
|    clip_range           | 0.2          |
|    entropy_loss         | -0.0084      |
|    explained_variance   | 0.909        |
|    learning_rate        | 0.0003       |
|    loss                 | 0.562        |
|    n_updates            | 890          |
|    policy_gradient_loss | 0.00106      |
|    std                  | 0.244        |
|    value_loss           | 1.31         |
------------------------------------------
------------------------------------------
| rollout/                |              |
|    ep_len_mean          | 64.8         |
|    ep_rew_mean          | 3.82         |
| time/                   |              |
|    fps                  | 149          |
|    iterations           | 91           |
|    time_elapsed         | 4977         |
|    total_timesteps      | 745472       |
| train/                  |              |
|    approx_kl            | 0.0049467953 |
|    clip_fraction        | 0.119        |
|    clip_range           | 0.2          |
|    entropy_loss         | -0.00172     |
|    explained_variance   | 0.936        |
|    learning_rate        | 0.0003       |
|    loss                 | 0.248        |
|    n_updates            | 900          |
|    policy_gradient_loss | 0.00278      |
|    std                  | 0.243        |
|    value_loss           | 0.852        |
------------------------------------------
-----------------------------------------
| rollout/                |             |
|    ep_len_mean          | 85.3        |
|    ep_rew_mean          | 5.79        |
| time/                   |             |
|    fps                  | 149         |
|    iterations           | 92          |
|    time_elapsed         | 5029        |
|    total_timesteps      | 753664      |
| train/                  |             |
|    approx_kl            | 0.008152087 |
|    clip_fraction        | 0.109       |
|    clip_range           | 0.2         |
|    entropy_loss         | 0.00226     |
|    explained_variance   | 0.907       |
|    learning_rate        | 0.0003      |
|    loss                 | 0.553       |
|    n_updates            | 910         |
|    policy_gradient_loss | 0.00243     |
|    std                  | 0.242       |
|    value_loss           | 1.3         |
-----------------------------------------
-----------------------------------------
| rollout/                |             |
|    ep_len_mean          | 74.1        |
|    ep_rew_mean          | 4.74        |
| time/                   |             |
|    fps                  | 149         |
|    iterations           | 93          |
|    time_elapsed         | 5082        |
|    total_timesteps      | 761856      |
| train/                  |             |
|    approx_kl            | 0.006110115 |
|    clip_fraction        | 0.103       |
|    clip_range           | 0.2         |
|    entropy_loss         | 0.00883     |
|    explained_variance   | 0.912       |
|    learning_rate        | 0.0003      |
|    loss                 | 0.608       |
|    n_updates            | 920         |
|    policy_gradient_loss | 0.00188     |
|    std                  | 0.238       |
|    value_loss           | 1.06        |
-----------------------------------------
-----------------------------------------
| rollout/                |             |
|    ep_len_mean          | 69.7        |
|    ep_rew_mean          | 4.47        |
| time/                   |             |
|    fps                  | 149         |
|    iterations           | 94          |
|    time_elapsed         | 5134        |
|    total_timesteps      | 770048      |
| train/                  |             |
|    approx_kl            | 0.010729109 |
|    clip_fraction        | 0.1         |
|    clip_range           | 0.2         |
|    entropy_loss         | 0.0282      |
|    explained_variance   | 0.931       |
|    learning_rate        | 0.0003      |
|    loss                 | 0.803       |
|    n_updates            | 930         |
|    policy_gradient_loss | 0.00126     |
|    std                  | 0.234       |
|    value_loss           | 0.992       |
-----------------------------------------
-----------------------------------------
| rollout/                |             |
|    ep_len_mean          | 74.4        |
|    ep_rew_mean          | 4.7         |
| time/                   |             |
|    fps                  | 150         |
|    iterations           | 95          |
|    time_elapsed         | 5185        |
|    total_timesteps      | 778240      |
| train/                  |             |
|    approx_kl            | 0.006741204 |
|    clip_fraction        | 0.113       |
|    clip_range           | 0.2         |
|    entropy_loss         | 0.0316      |
|    explained_variance   | 0.924       |
|    learning_rate        | 0.0003      |
|    loss                 | 0.509       |
|    n_updates            | 940         |
|    policy_gradient_loss | 0.00195     |
|    std                  | 0.235       |
|    value_loss           | 1.07        |
-----------------------------------------
-----------------------------------------
| rollout/                |             |
|    ep_len_mean          | 82.1        |
|    ep_rew_mean          | 5.37        |
| time/                   |             |
|    fps                  | 150         |
|    iterations           | 96          |
|    time_elapsed         | 5237        |
|    total_timesteps      | 786432      |
| train/                  |             |
|    approx_kl            | 0.010676507 |
|    clip_fraction        | 0.118       |
|    clip_range           | 0.2         |
|    entropy_loss         | 0.0388      |
|    explained_variance   | 0.929       |
|    learning_rate        | 0.0003      |
|    loss                 | 0.264       |
|    n_updates            | 950         |
|    policy_gradient_loss | 0.00151     |
|    std                  | 0.232       |
|    value_loss           | 0.972       |
-----------------------------------------
------------------------------------------
| rollout/                |              |
|    ep_len_mean          | 80.3         |
|    ep_rew_mean          | 5.43         |
| time/                   |              |
|    fps                  | 150          |
|    iterations           | 97           |
|    time_elapsed         | 5288         |
|    total_timesteps      | 794624       |
| train/                  |              |
|    approx_kl            | 0.0100505175 |
|    clip_fraction        | 0.127        |
|    clip_range           | 0.2          |
|    entropy_loss         | 0.051        |
|    explained_variance   | 0.936        |
|    learning_rate        | 0.0003       |
|    loss                 | 0.72         |
|    n_updates            | 960          |
|    policy_gradient_loss | 0.00231      |
|    std                  | 0.229        |
|    value_loss           | 0.791        |
------------------------------------------
-----------------------------------------
| rollout/                |             |
|    ep_len_mean          | 71.2        |
|    ep_rew_mean          | 4.51        |
| time/                   |             |
|    fps                  | 150         |
|    iterations           | 98          |
|    time_elapsed         | 5341        |
|    total_timesteps      | 802816      |
| train/                  |             |
|    approx_kl            | 0.013642145 |
|    clip_fraction        | 0.122       |
|    clip_range           | 0.2         |
|    entropy_loss         | 0.0675      |
|    explained_variance   | 0.893       |
|    learning_rate        | 0.0003      |
|    loss                 | 0.404       |
|    n_updates            | 970         |
|    policy_gradient_loss | 0.000236    |
|    std                  | 0.226       |
|    value_loss           | 1.02        |
-----------------------------------------
-----------------------------------------
| rollout/                |             |
|    ep_len_mean          | 63.3        |
|    ep_rew_mean          | 3.8         |
| time/                   |             |
|    fps                  | 150         |
|    iterations           | 99          |
|    time_elapsed         | 5393        |
|    total_timesteps      | 811008      |
| train/                  |             |
|    approx_kl            | 0.007913958 |
|    clip_fraction        | 0.118       |
|    clip_range           | 0.2         |
|    entropy_loss         | 0.0854      |
|    explained_variance   | 0.941       |
|    learning_rate        | 0.0003      |
|    loss                 | 0.183       |
|    n_updates            | 980         |
|    policy_gradient_loss | 0.000191    |
|    std                  | 0.221       |
|    value_loss           | 0.87        |
-----------------------------------------
------------------------------------------
| rollout/                |              |
|    ep_len_mean          | 67.8         |
|    ep_rew_mean          | 4.12         |
| time/                   |              |
|    fps                  | 150          |
|    iterations           | 100          |
|    time_elapsed         | 5443         |
|    total_timesteps      | 819200       |
| train/                  |              |
|    approx_kl            | 0.0071165897 |
|    clip_fraction        | 0.11         |
|    clip_range           | 0.2          |
|    entropy_loss         | 0.0816       |
|    explained_variance   | 0.94         |
|    learning_rate        | 0.0003       |
|    loss                 | 0.389        |
|    n_updates            | 990          |
|    policy_gradient_loss | 0.00247      |
|    std                  | 0.225        |
|    value_loss           | 0.977        |
------------------------------------------
-----------------------------------------
| rollout/                |             |
|    ep_len_mean          | 84.5        |
|    ep_rew_mean          | 5.97        |
| time/                   |             |
|    fps                  | 150         |
|    iterations           | 101         |
|    time_elapsed         | 5495        |
|    total_timesteps      | 827392      |
| train/                  |             |
|    approx_kl            | 0.010229694 |
|    clip_fraction        | 0.11        |
|    clip_range           | 0.2         |
|    entropy_loss         | 0.0837      |
|    explained_variance   | 0.938       |
|    learning_rate        | 0.0003      |
|    loss                 | 0.242       |
|    n_updates            | 1000        |
|    policy_gradient_loss | 0.00184     |
|    std                  | 0.22        |
|    value_loss           | 1.01        |
-----------------------------------------
-----------------------------------------
| rollout/                |             |
|    ep_len_mean          | 72.5        |
|    ep_rew_mean          | 4.84        |
| time/                   |             |
|    fps                  | 150         |
|    iterations           | 102         |
|    time_elapsed         | 5548        |
|    total_timesteps      | 835584      |
| train/                  |             |
|    approx_kl            | 0.011066001 |
|    clip_fraction        | 0.119       |
|    clip_range           | 0.2         |
|    entropy_loss         | 0.0947      |
|    explained_variance   | 0.904       |
|    learning_rate        | 0.0003      |
|    loss                 | 0.601       |
|    n_updates            | 1010        |
|    policy_gradient_loss | 0.00236     |
|    std                  | 0.22        |
|    value_loss           | 1.15        |
-----------------------------------------
------------------------------------------
| rollout/                |              |
|    ep_len_mean          | 82.5         |
|    ep_rew_mean          | 5.86         |
| time/                   |              |
|    fps                  | 150          |
|    iterations           | 103          |
|    time_elapsed         | 5603         |
|    total_timesteps      | 843776       |
| train/                  |              |
|    approx_kl            | 0.0136076715 |
|    clip_fraction        | 0.11         |
|    clip_range           | 0.2          |
|    entropy_loss         | 0.096        |
|    explained_variance   | 0.94         |
|    learning_rate        | 0.0003       |
|    loss                 | 0.491        |
|    n_updates            | 1020         |
|    policy_gradient_loss | 0.00219      |
|    std                  | 0.22         |
|    value_loss           | 0.917        |
------------------------------------------
------------------------------------------
| rollout/                |              |
|    ep_len_mean          | 60.3         |
|    ep_rew_mean          | 3.53         |
| time/                   |              |
|    fps                  | 150          |
|    iterations           | 104          |
|    time_elapsed         | 5657         |
|    total_timesteps      | 851968       |
| train/                  |              |
|    approx_kl            | 0.0052546686 |
|    clip_fraction        | 0.0927       |
|    clip_range           | 0.2          |
|    entropy_loss         | 0.0963       |
|    explained_variance   | 0.928        |
|    learning_rate        | 0.0003       |
|    loss                 | 0.262        |
|    n_updates            | 1030         |
|    policy_gradient_loss | 0.00159      |
|    std                  | 0.219        |
|    value_loss           | 0.991        |
------------------------------------------
------------------------------------------
| rollout/                |              |
|    ep_len_mean          | 77.3         |
|    ep_rew_mean          | 5.3          |
| time/                   |              |
|    fps                  | 150          |
|    iterations           | 105          |
|    time_elapsed         | 5710         |
|    total_timesteps      | 860160       |
| train/                  |              |
|    approx_kl            | 0.0076239733 |
|    clip_fraction        | 0.0908       |
|    clip_range           | 0.2          |
|    entropy_loss         | 0.0884       |
|    explained_variance   | 0.948        |
|    learning_rate        | 0.0003       |
|    loss                 | 0.255        |
|    n_updates            | 1040         |
|    policy_gradient_loss | 0.00192      |
|    std                  | 0.223        |
|    value_loss           | 0.96         |
------------------------------------------
-----------------------------------------
| rollout/                |             |
|    ep_len_mean          | 80.7        |
|    ep_rew_mean          | 5.72        |
| time/                   |             |
|    fps                  | 150         |
|    iterations           | 106         |
|    time_elapsed         | 5759        |
|    total_timesteps      | 868352      |
| train/                  |             |
|    approx_kl            | 0.008625772 |
|    clip_fraction        | 0.0815      |
|    clip_range           | 0.2         |
|    entropy_loss         | 0.0809      |
|    explained_variance   | 0.926       |
|    learning_rate        | 0.0003      |
|    loss                 | 1.41        |
|    n_updates            | 1050        |
|    policy_gradient_loss | 0.00127     |
|    std                  | 0.223       |
|    value_loss           | 1.11        |
-----------------------------------------
------------------------------------------
| rollout/                |              |
|    ep_len_mean          | 76.1         |
|    ep_rew_mean          | 5.08         |
| time/                   |              |
|    fps                  | 150          |
|    iterations           | 107          |
|    time_elapsed         | 5810         |
|    total_timesteps      | 876544       |
| train/                  |              |
|    approx_kl            | 0.0060837837 |
|    clip_fraction        | 0.0859       |
|    clip_range           | 0.2          |
|    entropy_loss         | 0.0776       |
|    explained_variance   | 0.907        |
|    learning_rate        | 0.0003       |
|    loss                 | 0.264        |
|    n_updates            | 1060         |
|    policy_gradient_loss | 0.00074      |
|    std                  | 0.225        |
|    value_loss           | 0.989        |
------------------------------------------
-----------------------------------------
| rollout/                |             |
|    ep_len_mean          | 64.8        |
|    ep_rew_mean          | 4.04        |
| time/                   |             |
|    fps                  | 150         |
|    iterations           | 108         |
|    time_elapsed         | 5860        |
|    total_timesteps      | 884736      |
| train/                  |             |
|    approx_kl            | 0.008267745 |
|    clip_fraction        | 0.0951      |
|    clip_range           | 0.2         |
|    entropy_loss         | 0.0819      |
|    explained_variance   | 0.914       |
|    learning_rate        | 0.0003      |
|    loss                 | 0.253       |
|    n_updates            | 1070        |
|    policy_gradient_loss | 0.0019      |
|    std                  | 0.222       |
|    value_loss           | 1.26        |
-----------------------------------------
-----------------------------------------
| rollout/                |             |
|    ep_len_mean          | 68.2        |
|    ep_rew_mean          | 4.44        |
| time/                   |             |
|    fps                  | 151         |
|    iterations           | 109         |
|    time_elapsed         | 5912        |
|    total_timesteps      | 892928      |
| train/                  |             |
|    approx_kl            | 0.019669537 |
|    clip_fraction        | 0.104       |
|    clip_range           | 0.2         |
|    entropy_loss         | 0.0997      |
|    explained_variance   | 0.932       |
|    learning_rate        | 0.0003      |
|    loss                 | 0.489       |
|    n_updates            | 1080        |
|    policy_gradient_loss | 0.00248     |
|    std                  | 0.217       |
|    value_loss           | 1.15        |
-----------------------------------------
-----------------------------------------
| rollout/                |             |
|    ep_len_mean          | 79          |
|    ep_rew_mean          | 5.35        |
| time/                   |             |
|    fps                  | 151         |
|    iterations           | 110         |
|    time_elapsed         | 5964        |
|    total_timesteps      | 901120      |
| train/                  |             |
|    approx_kl            | 0.012171447 |
|    clip_fraction        | 0.0956      |
|    clip_range           | 0.2         |
|    entropy_loss         | 0.117       |
|    explained_variance   | 0.916       |
|    learning_rate        | 0.0003      |
|    loss                 | 0.906       |
|    n_updates            | 1090        |
|    policy_gradient_loss | 0.00139     |
|    std                  | 0.215       |
|    value_loss           | 1.34        |
-----------------------------------------
-----------------------------------------
| rollout/                |             |
|    ep_len_mean          | 79.4        |
|    ep_rew_mean          | 5.57        |
| time/                   |             |
|    fps                  | 151         |
|    iterations           | 111         |
|    time_elapsed         | 6015        |
|    total_timesteps      | 909312      |
| train/                  |             |
|    approx_kl            | 0.007631654 |
|    clip_fraction        | 0.12        |
|    clip_range           | 0.2         |
|    entropy_loss         | 0.127       |
|    explained_variance   | 0.938       |
|    learning_rate        | 0.0003      |
|    loss                 | 0.517       |
|    n_updates            | 1100        |
|    policy_gradient_loss | 0.000346    |
|    std                  | 0.213       |
|    value_loss           | 0.789       |
-----------------------------------------
-----------------------------------------
| rollout/                |             |
|    ep_len_mean          | 69.4        |
|    ep_rew_mean          | 4.51        |
| time/                   |             |
|    fps                  | 151         |
|    iterations           | 112         |
|    time_elapsed         | 6065        |
|    total_timesteps      | 917504      |
| train/                  |             |
|    approx_kl            | 0.006736372 |
|    clip_fraction        | 0.0801      |
|    clip_range           | 0.2         |
|    entropy_loss         | 0.125       |
|    explained_variance   | 0.921       |
|    learning_rate        | 0.0003      |
|    loss                 | 1.3         |
|    n_updates            | 1110        |
|    policy_gradient_loss | 0.00145     |
|    std                  | 0.214       |
|    value_loss           | 1.07        |
-----------------------------------------
-----------------------------------------
| rollout/                |             |
|    ep_len_mean          | 64.7        |
|    ep_rew_mean          | 4.16        |
| time/                   |             |
|    fps                  | 151         |
|    iterations           | 113         |
|    time_elapsed         | 6116        |
|    total_timesteps      | 925696      |
| train/                  |             |
|    approx_kl            | 0.009596794 |
|    clip_fraction        | 0.11        |
|    clip_range           | 0.2         |
|    entropy_loss         | 0.13        |
|    explained_variance   | 0.931       |
|    learning_rate        | 0.0003      |
|    loss                 | 0.418       |
|    n_updates            | 1120        |
|    policy_gradient_loss | 0.00251     |
|    std                  | 0.212       |
|    value_loss           | 1.07        |
-----------------------------------------
------------------------------------------
| rollout/                |              |
|    ep_len_mean          | 67.8         |
|    ep_rew_mean          | 4.35         |
| time/                   |              |
|    fps                  | 151          |
|    iterations           | 114          |
|    time_elapsed         | 6168         |
|    total_timesteps      | 933888       |
| train/                  |              |
|    approx_kl            | 0.0061587235 |
|    clip_fraction        | 0.0987       |
|    clip_range           | 0.2          |
|    entropy_loss         | 0.14         |
|    explained_variance   | 0.936        |
|    learning_rate        | 0.0003       |
|    loss                 | 0.517        |
|    n_updates            | 1130         |
|    policy_gradient_loss | 0.000745     |
|    std                  | 0.209        |
|    value_loss           | 1.05         |
------------------------------------------
----------------------------------------
| rollout/                |            |
|    ep_len_mean          | 74.2       |
|    ep_rew_mean          | 5.01       |
| time/                   |            |
|    fps                  | 151        |
|    iterations           | 115        |
|    time_elapsed         | 6218       |
|    total_timesteps      | 942080     |
| train/                  |            |
|    approx_kl            | 0.00718055 |
|    clip_fraction        | 0.123      |
|    clip_range           | 0.2        |
|    entropy_loss         | 0.151      |
|    explained_variance   | 0.955      |
|    learning_rate        | 0.0003     |
|    loss                 | 0.464      |
|    n_updates            | 1140       |
|    policy_gradient_loss | 0.00288    |
|    std                  | 0.206      |
|    value_loss           | 0.756      |
----------------------------------------
----------------------------------------
| rollout/                |            |
|    ep_len_mean          | 79.1       |
|    ep_rew_mean          | 5.64       |
| time/                   |            |
|    fps                  | 151        |
|    iterations           | 116        |
|    time_elapsed         | 6268       |
|    total_timesteps      | 950272     |
| train/                  |            |
|    approx_kl            | 0.00984036 |
|    clip_fraction        | 0.1        |
|    clip_range           | 0.2        |
|    entropy_loss         | 0.149      |
|    explained_variance   | 0.933      |
|    learning_rate        | 0.0003     |
|    loss                 | 0.319      |
|    n_updates            | 1150       |
|    policy_gradient_loss | 0.00189    |
|    std                  | 0.209      |
|    value_loss           | 0.965      |
----------------------------------------
------------------------------------------
| rollout/                |              |
|    ep_len_mean          | 63.3         |
|    ep_rew_mean          | 4.01         |
| time/                   |              |
|    fps                  | 151          |
|    iterations           | 117          |
|    time_elapsed         | 6320         |
|    total_timesteps      | 958464       |
| train/                  |              |
|    approx_kl            | 0.0056458297 |
|    clip_fraction        | 0.0912       |
|    clip_range           | 0.2          |
|    entropy_loss         | 0.158        |
|    explained_variance   | 0.91         |
|    learning_rate        | 0.0003       |
|    loss                 | 1.12         |
|    n_updates            | 1160         |
|    policy_gradient_loss | 0.000849     |
|    std                  | 0.205        |
|    value_loss           | 1.24         |
------------------------------------------
------------------------------------------
| rollout/                |              |
|    ep_len_mean          | 68.1         |
|    ep_rew_mean          | 4.56         |
| time/                   |              |
|    fps                  | 151          |
|    iterations           | 118          |
|    time_elapsed         | 6371         |
|    total_timesteps      | 966656       |
| train/                  |              |
|    approx_kl            | 0.0080793295 |
|    clip_fraction        | 0.091        |
|    clip_range           | 0.2          |
|    entropy_loss         | 0.171        |
|    explained_variance   | 0.94         |
|    learning_rate        | 0.0003       |
|    loss                 | 0.336        |
|    n_updates            | 1170         |
|    policy_gradient_loss | 0.003        |
|    std                  | 0.204        |
|    value_loss           | 1.07         |
------------------------------------------
-----------------------------------------
| rollout/                |             |
|    ep_len_mean          | 68.2        |
|    ep_rew_mean          | 4.56        |
| time/                   |             |
|    fps                  | 151         |
|    iterations           | 119         |
|    time_elapsed         | 6424        |
|    total_timesteps      | 974848      |
| train/                  |             |
|    approx_kl            | 0.024082627 |
|    clip_fraction        | 0.108       |
|    clip_range           | 0.2         |
|    entropy_loss         | 0.168       |
|    explained_variance   | 0.931       |
|    learning_rate        | 0.0003      |
|    loss                 | 0.373       |
|    n_updates            | 1180        |
|    policy_gradient_loss | 0.000784    |
|    std                  | 0.205       |
|    value_loss           | 1.1         |
-----------------------------------------
-----------------------------------------
| rollout/                |             |
|    ep_len_mean          | 72.8        |
|    ep_rew_mean          | 4.95        |
| time/                   |             |
|    fps                  | 151         |
|    iterations           | 120         |
|    time_elapsed         | 6474        |
|    total_timesteps      | 983040      |
| train/                  |             |
|    approx_kl            | 0.009924352 |
|    clip_fraction        | 0.0926      |
|    clip_range           | 0.2         |
|    entropy_loss         | 0.173       |
|    explained_variance   | 0.914       |
|    learning_rate        | 0.0003      |
|    loss                 | 0.541       |
|    n_updates            | 1190        |
|    policy_gradient_loss | 0.00212     |
|    std                  | 0.203       |
|    value_loss           | 1.33        |
-----------------------------------------
-----------------------------------------
| rollout/                |             |
|    ep_len_mean          | 65.4        |
|    ep_rew_mean          | 4.33        |
| time/                   |             |
|    fps                  | 151         |
|    iterations           | 121         |
|    time_elapsed         | 6524        |
|    total_timesteps      | 991232      |
| train/                  |             |
|    approx_kl            | 0.009034351 |
|    clip_fraction        | 0.107       |
|    clip_range           | 0.2         |
|    entropy_loss         | 0.183       |
|    explained_variance   | 0.919       |
|    learning_rate        | 0.0003      |
|    loss                 | 0.844       |
|    n_updates            | 1200        |
|    policy_gradient_loss | 0.00114     |
|    std                  | 0.2         |
|    value_loss           | 1.31        |
-----------------------------------------
-----------------------------------------
| rollout/                |             |
|    ep_len_mean          | 81.8        |
|    ep_rew_mean          | 6.01        |
| time/                   |             |
|    fps                  | 151         |
|    iterations           | 122         |
|    time_elapsed         | 6577        |
|    total_timesteps      | 999424      |
| train/                  |             |
|    approx_kl            | 0.009614075 |
|    clip_fraction        | 0.0977      |
|    clip_range           | 0.2         |
|    entropy_loss         | 0.195       |
|    explained_variance   | 0.922       |
|    learning_rate        | 0.0003      |
|    loss                 | 0.774       |
|    n_updates            | 1210        |
|    policy_gradient_loss | 0.00193     |
|    std                  | 0.199       |
|    value_loss           | 1.41        |
-----------------------------------------
-----------------------------------------
| rollout/                |             |
|    ep_len_mean          | 68.1        |
|    ep_rew_mean          | 4.6         |
| time/                   |             |
|    fps                  | 152         |
|    iterations           | 123         |
|    time_elapsed         | 6628        |
|    total_timesteps      | 1007616     |
| train/                  |             |
|    approx_kl            | 0.009606934 |
|    clip_fraction        | 0.138       |
|    clip_range           | 0.2         |
|    entropy_loss         | 0.195       |
|    explained_variance   | 0.945       |
|    learning_rate        | 0.0003      |
|    loss                 | 0.38        |
|    n_updates            | 1220        |
|    policy_gradient_loss | 0.00384     |
|    std                  | 0.198       |
|    value_loss           | 0.718       |
-----------------------------------------


###############################################################################
TCHPC Cluster: callan
Job 171135 (base_cf_obs20_dense_seed2_v12) for User 'hadjitot' in Account 'callan_hadjitot'
Finished at: Sat Mar 28 14:54:30 GMT 2026

Job efficiency estimates:
=========================

Job ID: 171135
Cluster: callan
User/Group: hadjitot/hadjitot
State: COMPLETED (exit code 0)
Nodes: 1
Cores per node: 16
CPU Utilized: 06:14:21
CPU Efficiency: 21.04% of 1-05:39:28 core-walltime
Job Wall-clock time: 01:51:13
Memory Utilized: 1.89 GB
Memory Efficiency: 5.91% of 32.00 GB (32.00 GB/node)

Job completion status:
======================

JobID           JobName AllocCPUS NTasks NNodes     MaxRSS    MaxRSSNode  MaxDiskRead MaxDiskWrite    Elapsed      State ExitCode 
------------ ---------- --------- ------ ------ ---------- ------------- ------------ ------------ ---------- ---------- -------- 
171135       base_cf_o+        16             1                                                      01:51:13  COMPLETED      0:0 
171135.batch      batch        16      1      1   1982624K    callan-n09     1335.10M     1141.07M   01:51:13  COMPLETED      0:0 
171135.exte+     extern        16      1      1                                                      01:51:13  COMPLETED      0:0 


Job details:
============

JobId=171135 JobName=base_cf_obs20_dense_seed2_v12
   UserId=hadjitot(2357) GroupId=hadjitot(2300) MCS_label=N/A
   Priority=111211 Nice=0 Account=callan_hadjitot QOS=normal
   JobState=COMPLETING Reason=None Dependency=(null)
   Requeue=0 Restarts=0 BatchFlag=1 Reboot=0 ExitCode=0:0
   DerivedExitCode=0:0
   RunTime=01:51:13 TimeLimit=2-00:00:00 TimeMin=N/A
   SubmitTime=2026-03-27T20:37:56 EligibleTime=2026-03-27T20:37:56
   AccrueTime=2026-03-27T20:37:56
   StartTime=2026-03-28T13:03:17 EndTime=2026-03-28T14:54:30 Deadline=N/A
   SuspendTime=None SecsPreSuspend=0 LastSchedEval=2026-03-28T13:03:17 Scheduler=Backfill
   Partition=compute AllocNode:Sid=callan01:1076092
   ReqNodeList=(null) ExcNodeList=(null)
   NodeList=callan-n09
   BatchHost=callan-n09
   NumNodes=1 NumCPUs=16 NumTasks=1 CPUs/Task=16 ReqB:S:C:T=0:0:*:*
   ReqTRES=cpu=16,mem=32G,node=1,billing=16
   AllocTRES=cpu=16,mem=32G,node=1,billing=16
   Socks/Node=* NtasksPerN:B:S:C=0:0:*:* CoreSpec=*
   JOB_GRES=(null)
     Nodes=callan-n09 CPU_IDs=0-1,10-13,27-31,40-44 Mem=32768 GRES=
   MinCPUsNode=16 MinMemoryNode=32G MinTmpDiskNode=0
   Features=(null) DelayBoot=00:00:00
   OverSubscribe=OK Contiguous=0 Licenses=(null) LicensesAlloc=(null) Network=(null)
   Command=/home/users/hadjitot/fyp/HighwayEnv/slurm/train_baseline.sbatch
   WorkDir=/home/users/hadjitot/fyp/HighwayEnv
   StdErr=/home/users/hadjitot/fyp/HighwayEnv/slurm_out/base_cf_obs20_dense_seed2_v12_171135.err
   StdIn=/dev/null
   StdOut=/home/users/hadjitot/fyp/HighwayEnv/slurm_out/base_cf_obs20_dense_seed2_v12_171135.out
   TresPerTask=cpu=16
   


Disk quota details:
===================

                         Block Limits                                    |                     File Limits
Name       type             MB      quota      limit   in_doubt    grace |    files   quota    limit in_doubt    grace
root       USR         4975244          0          0       1700     none |   398153       0        0      692     none
root       FILESET     5234616          0          0       4183     none |  9917886       0        0     1376     none


SLURM Bank Statement:
=====================

User           Usage |        Account     Usage | Account Limit Available (CPU hrs)
---------- --------- + -------------- --------- + ------------- ---------
hadjitot      12,545 | CALLAN_HADJITOT    12,545 |       300,000   287,455


Acknowledgements:
=================

Note that usage of TCHPC Resources *must* be acknowledged in all publications.

Please see this page for details relevant to this cluster:

http://www.tchpc.tcd.ie/resources/acknowledgementpolicy

################################################################################
