Loading Anaconda 3 2024.02-1
ppo_baseline_cf_obs15_v12_seed1 obs shape: (15, 5) action space: Box(-1.0, 1.0, (1,), float32)
Using cpu device
Logging to runs/tb/ppo_baseline_cf_obs15_v12_seed1_1
---------------------------------
| rollout/           |          |
|    ep_len_mean     | 14.8     |
|    ep_rew_mean     | 1.33     |
| time/              |          |
|    fps             | 190      |
|    iterations      | 1        |
|    time_elapsed    | 42       |
|    total_timesteps | 8192     |
---------------------------------
-----------------------------------------
| rollout/                |             |
|    ep_len_mean          | 15.5        |
|    ep_rew_mean          | 1.59        |
| time/                   |             |
|    fps                  | 180         |
|    iterations           | 2           |
|    time_elapsed         | 90          |
|    total_timesteps      | 16384       |
| train/                  |             |
|    approx_kl            | 0.004087857 |
|    clip_fraction        | 0.023       |
|    clip_range           | 0.2         |
|    entropy_loss         | -1.41       |
|    explained_variance   | -0.00724    |
|    learning_rate        | 0.0003      |
|    loss                 | 0.24        |
|    n_updates            | 10          |
|    policy_gradient_loss | -0.00155    |
|    std                  | 0.983       |
|    value_loss           | 3.72        |
-----------------------------------------
----------------------------------------
| rollout/                |            |
|    ep_len_mean          | 16.2       |
|    ep_rew_mean          | 1.72       |
| time/                   |            |
|    fps                  | 181        |
|    iterations           | 3          |
|    time_elapsed         | 135        |
|    total_timesteps      | 24576      |
| train/                  |            |
|    approx_kl            | 0.01599412 |
|    clip_fraction        | 0.2        |
|    clip_range           | 0.2        |
|    entropy_loss         | -1.38      |
|    explained_variance   | 0.973      |
|    learning_rate        | 0.0003     |
|    loss                 | 0.0953     |
|    n_updates            | 20         |
|    policy_gradient_loss | -0.0205    |
|    std                  | 0.953      |
|    value_loss           | 0.246      |
----------------------------------------
-----------------------------------------
| rollout/                |             |
|    ep_len_mean          | 17.7        |
|    ep_rew_mean          | 1.92        |
| time/                   |             |
|    fps                  | 181         |
|    iterations           | 4           |
|    time_elapsed         | 180         |
|    total_timesteps      | 32768       |
| train/                  |             |
|    approx_kl            | 0.017881135 |
|    clip_fraction        | 0.235       |
|    clip_range           | 0.2         |
|    entropy_loss         | -1.35       |
|    explained_variance   | 0.987       |
|    learning_rate        | 0.0003      |
|    loss                 | 0.0528      |
|    n_updates            | 30          |
|    policy_gradient_loss | -0.0265     |
|    std                  | 0.931       |
|    value_loss           | 0.156       |
-----------------------------------------
--------------------------------------
| rollout/                |          |
|    ep_len_mean          | 20.7     |
|    ep_rew_mean          | 2        |
| time/                   |          |
|    fps                  | 183      |
|    iterations           | 5        |
|    time_elapsed         | 223      |
|    total_timesteps      | 40960    |
| train/                  |          |
|    approx_kl            | 0.024768 |
|    clip_fraction        | 0.27     |
|    clip_range           | 0.2      |
|    entropy_loss         | -1.29    |
|    explained_variance   | 0.99     |
|    learning_rate        | 0.0003   |
|    loss                 | 0.0346   |
|    n_updates            | 40       |
|    policy_gradient_loss | -0.0324  |
|    std                  | 0.865    |
|    value_loss           | 0.132    |
--------------------------------------
-----------------------------------------
| rollout/                |             |
|    ep_len_mean          | 23.7        |
|    ep_rew_mean          | 1.86        |
| time/                   |             |
|    fps                  | 182         |
|    iterations           | 6           |
|    time_elapsed         | 268         |
|    total_timesteps      | 49152       |
| train/                  |             |
|    approx_kl            | 0.015777616 |
|    clip_fraction        | 0.162       |
|    clip_range           | 0.2         |
|    entropy_loss         | -1.25       |
|    explained_variance   | 0.609       |
|    learning_rate        | 0.0003      |
|    loss                 | 0.679       |
|    n_updates            | 50          |
|    policy_gradient_loss | -0.00573    |
|    std                  | 0.829       |
|    value_loss           | 1.31        |
-----------------------------------------
-----------------------------------------
| rollout/                |             |
|    ep_len_mean          | 37.5        |
|    ep_rew_mean          | -0.777      |
| time/                   |             |
|    fps                  | 183         |
|    iterations           | 7           |
|    time_elapsed         | 312         |
|    total_timesteps      | 57344       |
| train/                  |             |
|    approx_kl            | 0.016253244 |
|    clip_fraction        | 0.175       |
|    clip_range           | 0.2         |
|    entropy_loss         | -1.2        |
|    explained_variance   | 0.435       |
|    learning_rate        | 0.0003      |
|    loss                 | 0.559       |
|    n_updates            | 60          |
|    policy_gradient_loss | -0.0076     |
|    std                  | 0.786       |
|    value_loss           | 2.48        |
-----------------------------------------
-----------------------------------------
| rollout/                |             |
|    ep_len_mean          | 60.3        |
|    ep_rew_mean          | -5.46       |
| time/                   |             |
|    fps                  | 184         |
|    iterations           | 8           |
|    time_elapsed         | 354         |
|    total_timesteps      | 65536       |
| train/                  |             |
|    approx_kl            | 0.008464061 |
|    clip_fraction        | 0.0866      |
|    clip_range           | 0.2         |
|    entropy_loss         | -1.16       |
|    explained_variance   | 0.574       |
|    learning_rate        | 0.0003      |
|    loss                 | 0.94        |
|    n_updates            | 70          |
|    policy_gradient_loss | -0.00495    |
|    std                  | 0.759       |
|    value_loss           | 2.86        |
-----------------------------------------
-----------------------------------------
| rollout/                |             |
|    ep_len_mean          | 59.9        |
|    ep_rew_mean          | -4.58       |
| time/                   |             |
|    fps                  | 186         |
|    iterations           | 9           |
|    time_elapsed         | 395         |
|    total_timesteps      | 73728       |
| train/                  |             |
|    approx_kl            | 0.005113777 |
|    clip_fraction        | 0.0501      |
|    clip_range           | 0.2         |
|    entropy_loss         | -1.13       |
|    explained_variance   | 0.824       |
|    learning_rate        | 0.0003      |
|    loss                 | 0.432       |
|    n_updates            | 80          |
|    policy_gradient_loss | -0.00321    |
|    std                  | 0.737       |
|    value_loss           | 1.94        |
-----------------------------------------
----------------------------------------
| rollout/                |            |
|    ep_len_mean          | 87.8       |
|    ep_rew_mean          | -9.98      |
| time/                   |            |
|    fps                  | 186        |
|    iterations           | 10         |
|    time_elapsed         | 438        |
|    total_timesteps      | 81920      |
| train/                  |            |
|    approx_kl            | 0.00533117 |
|    clip_fraction        | 0.0578     |
|    clip_range           | 0.2        |
|    entropy_loss         | -1.1       |
|    explained_variance   | 0.934      |
|    learning_rate        | 0.0003     |
|    loss                 | 0.514      |
|    n_updates            | 90         |
|    policy_gradient_loss | -0.0034    |
|    std                  | 0.722      |
|    value_loss           | 1.3        |
----------------------------------------
-----------------------------------------
| rollout/                |             |
|    ep_len_mean          | 74.2        |
|    ep_rew_mean          | -6.75       |
| time/                   |             |
|    fps                  | 187         |
|    iterations           | 11          |
|    time_elapsed         | 481         |
|    total_timesteps      | 90112       |
| train/                  |             |
|    approx_kl            | 0.005423284 |
|    clip_fraction        | 0.0738      |
|    clip_range           | 0.2         |
|    entropy_loss         | -1.1        |
|    explained_variance   | 0.948       |
|    learning_rate        | 0.0003      |
|    loss                 | 0.475       |
|    n_updates            | 100         |
|    policy_gradient_loss | -0.00542    |
|    std                  | 0.731       |
|    value_loss           | 1.54        |
-----------------------------------------
-----------------------------------------
| rollout/                |             |
|    ep_len_mean          | 45.3        |
|    ep_rew_mean          | -0.576      |
| time/                   |             |
|    fps                  | 187         |
|    iterations           | 12          |
|    time_elapsed         | 524         |
|    total_timesteps      | 98304       |
| train/                  |             |
|    approx_kl            | 0.013444249 |
|    clip_fraction        | 0.147       |
|    clip_range           | 0.2         |
|    entropy_loss         | -1.14       |
|    explained_variance   | 0.966       |
|    learning_rate        | 0.0003      |
|    loss                 | 0.778       |
|    n_updates            | 110         |
|    policy_gradient_loss | -0.013      |
|    std                  | 0.765       |
|    value_loss           | 1.39        |
-----------------------------------------
-----------------------------------------
| rollout/                |             |
|    ep_len_mean          | 36.3        |
|    ep_rew_mean          | 1.13        |
| time/                   |             |
|    fps                  | 187         |
|    iterations           | 13          |
|    time_elapsed         | 568         |
|    total_timesteps      | 106496      |
| train/                  |             |
|    approx_kl            | 0.010491107 |
|    clip_fraction        | 0.144       |
|    clip_range           | 0.2         |
|    entropy_loss         | -1.15       |
|    explained_variance   | 0.977       |
|    learning_rate        | 0.0003      |
|    loss                 | 1.1         |
|    n_updates            | 120         |
|    policy_gradient_loss | -0.0129     |
|    std                  | 0.766       |
|    value_loss           | 1.61        |
-----------------------------------------
-----------------------------------------
| rollout/                |             |
|    ep_len_mean          | 31.5        |
|    ep_rew_mean          | 2.1         |
| time/                   |             |
|    fps                  | 186         |
|    iterations           | 14          |
|    time_elapsed         | 614         |
|    total_timesteps      | 114688      |
| train/                  |             |
|    approx_kl            | 0.008385643 |
|    clip_fraction        | 0.0978      |
|    clip_range           | 0.2         |
|    entropy_loss         | -1.14       |
|    explained_variance   | 0.977       |
|    learning_rate        | 0.0003      |
|    loss                 | 0.732       |
|    n_updates            | 130         |
|    policy_gradient_loss | -0.0101     |
|    std                  | 0.751       |
|    value_loss           | 1.38        |
-----------------------------------------
-----------------------------------------
| rollout/                |             |
|    ep_len_mean          | 24.2        |
|    ep_rew_mean          | 2.95        |
| time/                   |             |
|    fps                  | 186         |
|    iterations           | 15          |
|    time_elapsed         | 659         |
|    total_timesteps      | 122880      |
| train/                  |             |
|    approx_kl            | 0.006711141 |
|    clip_fraction        | 0.0755      |
|    clip_range           | 0.2         |
|    entropy_loss         | -1.1        |
|    explained_variance   | 0.981       |
|    learning_rate        | 0.0003      |
|    loss                 | 0.214       |
|    n_updates            | 140         |
|    policy_gradient_loss | -0.00782    |
|    std                  | 0.721       |
|    value_loss           | 0.727       |
-----------------------------------------
-----------------------------------------
| rollout/                |             |
|    ep_len_mean          | 37.7        |
|    ep_rew_mean          | 4.57        |
| time/                   |             |
|    fps                  | 185         |
|    iterations           | 16          |
|    time_elapsed         | 705         |
|    total_timesteps      | 131072      |
| train/                  |             |
|    approx_kl            | 0.007467162 |
|    clip_fraction        | 0.109       |
|    clip_range           | 0.2         |
|    entropy_loss         | -1.07       |
|    explained_variance   | 0.965       |
|    learning_rate        | 0.0003      |
|    loss                 | 0.321       |
|    n_updates            | 150         |
|    policy_gradient_loss | -0.00677    |
|    std                  | 0.699       |
|    value_loss           | 0.509       |
-----------------------------------------
-----------------------------------------
| rollout/                |             |
|    ep_len_mean          | 35.3        |
|    ep_rew_mean          | 4.94        |
| time/                   |             |
|    fps                  | 185         |
|    iterations           | 17          |
|    time_elapsed         | 750         |
|    total_timesteps      | 139264      |
| train/                  |             |
|    approx_kl            | 0.010516121 |
|    clip_fraction        | 0.124       |
|    clip_range           | 0.2         |
|    entropy_loss         | -1.04       |
|    explained_variance   | 0.969       |
|    learning_rate        | 0.0003      |
|    loss                 | 0.279       |
|    n_updates            | 160         |
|    policy_gradient_loss | -0.0111     |
|    std                  | 0.676       |
|    value_loss           | 0.617       |
-----------------------------------------
-----------------------------------------
| rollout/                |             |
|    ep_len_mean          | 45.6        |
|    ep_rew_mean          | 6.63        |
| time/                   |             |
|    fps                  | 185         |
|    iterations           | 18          |
|    time_elapsed         | 795         |
|    total_timesteps      | 147456      |
| train/                  |             |
|    approx_kl            | 0.009316025 |
|    clip_fraction        | 0.124       |
|    clip_range           | 0.2         |
|    entropy_loss         | -1.02       |
|    explained_variance   | 0.93        |
|    learning_rate        | 0.0003      |
|    loss                 | 0.39        |
|    n_updates            | 170         |
|    policy_gradient_loss | -0.0102     |
|    std                  | 0.666       |
|    value_loss           | 0.823       |
-----------------------------------------
----------------------------------------
| rollout/                |            |
|    ep_len_mean          | 82.2       |
|    ep_rew_mean          | 12.9       |
| time/                   |            |
|    fps                  | 185        |
|    iterations           | 19         |
|    time_elapsed         | 837        |
|    total_timesteps      | 155648     |
| train/                  |            |
|    approx_kl            | 0.00988303 |
|    clip_fraction        | 0.122      |
|    clip_range           | 0.2        |
|    entropy_loss         | -1         |
|    explained_variance   | 0.915      |
|    learning_rate        | 0.0003     |
|    loss                 | 0.422      |
|    n_updates            | 180        |
|    policy_gradient_loss | -0.0107    |
|    std                  | 0.656      |
|    value_loss           | 1.31       |
----------------------------------------
-----------------------------------------
| rollout/                |             |
|    ep_len_mean          | 59          |
|    ep_rew_mean          | 9.22        |
| time/                   |             |
|    fps                  | 185         |
|    iterations           | 20          |
|    time_elapsed         | 883         |
|    total_timesteps      | 163840      |
| train/                  |             |
|    approx_kl            | 0.016003955 |
|    clip_fraction        | 0.166       |
|    clip_range           | 0.2         |
|    entropy_loss         | -0.966      |
|    explained_variance   | 0.904       |
|    learning_rate        | 0.0003      |
|    loss                 | 0.664       |
|    n_updates            | 190         |
|    policy_gradient_loss | -0.0156     |
|    std                  | 0.63        |
|    value_loss           | 1.56        |
-----------------------------------------
-----------------------------------------
| rollout/                |             |
|    ep_len_mean          | 83.1        |
|    ep_rew_mean          | 14.4        |
| time/                   |             |
|    fps                  | 185         |
|    iterations           | 21          |
|    time_elapsed         | 926         |
|    total_timesteps      | 172032      |
| train/                  |             |
|    approx_kl            | 0.010114256 |
|    clip_fraction        | 0.113       |
|    clip_range           | 0.2         |
|    entropy_loss         | -0.94       |
|    explained_variance   | 0.781       |
|    learning_rate        | 0.0003      |
|    loss                 | 1.08        |
|    n_updates            | 200         |
|    policy_gradient_loss | -0.0108     |
|    std                  | 0.614       |
|    value_loss           | 2.46        |
-----------------------------------------
-----------------------------------------
| rollout/                |             |
|    ep_len_mean          | 101         |
|    ep_rew_mean          | 18.6        |
| time/                   |             |
|    fps                  | 185         |
|    iterations           | 22          |
|    time_elapsed         | 970         |
|    total_timesteps      | 180224      |
| train/                  |             |
|    approx_kl            | 0.008329313 |
|    clip_fraction        | 0.112       |
|    clip_range           | 0.2         |
|    entropy_loss         | -0.917      |
|    explained_variance   | 0.8         |
|    learning_rate        | 0.0003      |
|    loss                 | 1.14        |
|    n_updates            | 210         |
|    policy_gradient_loss | -0.0131     |
|    std                  | 0.602       |
|    value_loss           | 2.56        |
-----------------------------------------
------------------------------------------
| rollout/                |              |
|    ep_len_mean          | 122          |
|    ep_rew_mean          | 23.5         |
| time/                   |              |
|    fps                  | 186          |
|    iterations           | 23           |
|    time_elapsed         | 1012         |
|    total_timesteps      | 188416       |
| train/                  |              |
|    approx_kl            | 0.0094193835 |
|    clip_fraction        | 0.124        |
|    clip_range           | 0.2          |
|    entropy_loss         | -0.895       |
|    explained_variance   | 0.795        |
|    learning_rate        | 0.0003       |
|    loss                 | 0.884        |
|    n_updates            | 220          |
|    policy_gradient_loss | -0.0118      |
|    std                  | 0.588        |
|    value_loss           | 2.48         |
------------------------------------------
-----------------------------------------
| rollout/                |             |
|    ep_len_mean          | 144         |
|    ep_rew_mean          | 28.8        |
| time/                   |             |
|    fps                  | 185         |
|    iterations           | 24          |
|    time_elapsed         | 1057        |
|    total_timesteps      | 196608      |
| train/                  |             |
|    approx_kl            | 0.013694382 |
|    clip_fraction        | 0.119       |
|    clip_range           | 0.2         |
|    entropy_loss         | -0.856      |
|    explained_variance   | 0.779       |
|    learning_rate        | 0.0003      |
|    loss                 | 0.649       |
|    n_updates            | 230         |
|    policy_gradient_loss | -0.00773    |
|    std                  | 0.563       |
|    value_loss           | 1.25        |
-----------------------------------------
-----------------------------------------
| rollout/                |             |
|    ep_len_mean          | 146         |
|    ep_rew_mean          | 29.2        |
| time/                   |             |
|    fps                  | 186         |
|    iterations           | 25          |
|    time_elapsed         | 1098        |
|    total_timesteps      | 204800      |
| train/                  |             |
|    approx_kl            | 0.007663135 |
|    clip_fraction        | 0.109       |
|    clip_range           | 0.2         |
|    entropy_loss         | -0.825      |
|    explained_variance   | 0.701       |
|    learning_rate        | 0.0003      |
|    loss                 | 0.107       |
|    n_updates            | 240         |
|    policy_gradient_loss | -0.00263    |
|    std                  | 0.547       |
|    value_loss           | 0.953       |
-----------------------------------------
------------------------------------------
| rollout/                |              |
|    ep_len_mean          | 145          |
|    ep_rew_mean          | 28.8         |
| time/                   |              |
|    fps                  | 186          |
|    iterations           | 26           |
|    time_elapsed         | 1141         |
|    total_timesteps      | 212992       |
| train/                  |              |
|    approx_kl            | 0.0072891335 |
|    clip_fraction        | 0.0871       |
|    clip_range           | 0.2          |
|    entropy_loss         | -0.79        |
|    explained_variance   | 0.747        |
|    learning_rate        | 0.0003       |
|    loss                 | 0.077        |
|    n_updates            | 250          |
|    policy_gradient_loss | 0.000899     |
|    std                  | 0.527        |
|    value_loss           | 0.863        |
------------------------------------------
------------------------------------------
| rollout/                |              |
|    ep_len_mean          | 149          |
|    ep_rew_mean          | 29.9         |
| time/                   |              |
|    fps                  | 186          |
|    iterations           | 27           |
|    time_elapsed         | 1185         |
|    total_timesteps      | 221184       |
| train/                  |              |
|    approx_kl            | 0.0073654153 |
|    clip_fraction        | 0.091        |
|    clip_range           | 0.2          |
|    entropy_loss         | -0.779       |
|    explained_variance   | 0.808        |
|    learning_rate        | 0.0003       |
|    loss                 | 1.28         |
|    n_updates            | 260          |
|    policy_gradient_loss | -0.000633    |
|    std                  | 0.527        |
|    value_loss           | 0.559        |
------------------------------------------
-----------------------------------------
| rollout/                |             |
|    ep_len_mean          | 150         |
|    ep_rew_mean          | 30.3        |
| time/                   |             |
|    fps                  | 186         |
|    iterations           | 28          |
|    time_elapsed         | 1226        |
|    total_timesteps      | 229376      |
| train/                  |             |
|    approx_kl            | 0.008031864 |
|    clip_fraction        | 0.119       |
|    clip_range           | 0.2         |
|    entropy_loss         | -0.776      |
|    explained_variance   | 0.85        |
|    learning_rate        | 0.0003      |
|    loss                 | 0.0674      |
|    n_updates            | 270         |
|    policy_gradient_loss | -0.00105    |
|    std                  | 0.525       |
|    value_loss           | 0.452       |
-----------------------------------------
-----------------------------------------
| rollout/                |             |
|    ep_len_mean          | 144         |
|    ep_rew_mean          | 29          |
| time/                   |             |
|    fps                  | 187         |
|    iterations           | 29          |
|    time_elapsed         | 1268        |
|    total_timesteps      | 237568      |
| train/                  |             |
|    approx_kl            | 0.008529809 |
|    clip_fraction        | 0.121       |
|    clip_range           | 0.2         |
|    entropy_loss         | -0.769      |
|    explained_variance   | 0.968       |
|    learning_rate        | 0.0003      |
|    loss                 | 0.0404      |
|    n_updates            | 280         |
|    policy_gradient_loss | -0.00536    |
|    std                  | 0.523       |
|    value_loss           | 0.0744      |
-----------------------------------------
------------------------------------------
| rollout/                |              |
|    ep_len_mean          | 130          |
|    ep_rew_mean          | 25.4         |
| time/                   |              |
|    fps                  | 187          |
|    iterations           | 30           |
|    time_elapsed         | 1311         |
|    total_timesteps      | 245760       |
| train/                  |              |
|    approx_kl            | 0.0070319055 |
|    clip_fraction        | 0.0952       |
|    clip_range           | 0.2          |
|    entropy_loss         | -0.767       |
|    explained_variance   | 0.509        |
|    learning_rate        | 0.0003       |
|    loss                 | 0.0905       |
|    n_updates            | 290          |
|    policy_gradient_loss | -0.00168     |
|    std                  | 0.52         |
|    value_loss           | 2.34         |
------------------------------------------
-----------------------------------------
| rollout/                |             |
|    ep_len_mean          | 135         |
|    ep_rew_mean          | 27          |
| time/                   |             |
|    fps                  | 187         |
|    iterations           | 31          |
|    time_elapsed         | 1354        |
|    total_timesteps      | 253952      |
| train/                  |             |
|    approx_kl            | 0.014233703 |
|    clip_fraction        | 0.159       |
|    clip_range           | 0.2         |
|    entropy_loss         | -0.767      |
|    explained_variance   | 0.594       |
|    learning_rate        | 0.0003      |
|    loss                 | 1.91        |
|    n_updates            | 300         |
|    policy_gradient_loss | -0.0123     |
|    std                  | 0.52        |
|    value_loss           | 5.61        |
-----------------------------------------
-----------------------------------------
| rollout/                |             |
|    ep_len_mean          | 146         |
|    ep_rew_mean          | 29.9        |
| time/                   |             |
|    fps                  | 187         |
|    iterations           | 32          |
|    time_elapsed         | 1396        |
|    total_timesteps      | 262144      |
| train/                  |             |
|    approx_kl            | 0.010560241 |
|    clip_fraction        | 0.153       |
|    clip_range           | 0.2         |
|    entropy_loss         | -0.751      |
|    explained_variance   | 0.795       |
|    learning_rate        | 0.0003      |
|    loss                 | 0.21        |
|    n_updates            | 310         |
|    policy_gradient_loss | 0.00121     |
|    std                  | 0.505       |
|    value_loss           | 1.23        |
-----------------------------------------
-----------------------------------------
| rollout/                |             |
|    ep_len_mean          | 149         |
|    ep_rew_mean          | 30.4        |
| time/                   |             |
|    fps                  | 187         |
|    iterations           | 33          |
|    time_elapsed         | 1438        |
|    total_timesteps      | 270336      |
| train/                  |             |
|    approx_kl            | 0.008945571 |
|    clip_fraction        | 0.149       |
|    clip_range           | 0.2         |
|    entropy_loss         | -0.722      |
|    explained_variance   | 0.786       |
|    learning_rate        | 0.0003      |
|    loss                 | 0.0358      |
|    n_updates            | 320         |
|    policy_gradient_loss | 0.00248     |
|    std                  | 0.496       |
|    value_loss           | 0.18        |
-----------------------------------------
-----------------------------------------
| rollout/                |             |
|    ep_len_mean          | 147         |
|    ep_rew_mean          | 30.3        |
| time/                   |             |
|    fps                  | 188         |
|    iterations           | 34          |
|    time_elapsed         | 1481        |
|    total_timesteps      | 278528      |
| train/                  |             |
|    approx_kl            | 0.005329509 |
|    clip_fraction        | 0.106       |
|    clip_range           | 0.2         |
|    entropy_loss         | -0.709      |
|    explained_variance   | 0.839       |
|    learning_rate        | 0.0003      |
|    loss                 | 0.241       |
|    n_updates            | 330         |
|    policy_gradient_loss | 0.00193     |
|    std                  | 0.489       |
|    value_loss           | 0.417       |
-----------------------------------------
-----------------------------------------
| rollout/                |             |
|    ep_len_mean          | 150         |
|    ep_rew_mean          | 30.6        |
| time/                   |             |
|    fps                  | 188         |
|    iterations           | 35          |
|    time_elapsed         | 1523        |
|    total_timesteps      | 286720      |
| train/                  |             |
|    approx_kl            | 0.009695756 |
|    clip_fraction        | 0.131       |
|    clip_range           | 0.2         |
|    entropy_loss         | -0.71       |
|    explained_variance   | 0.61        |
|    learning_rate        | 0.0003      |
|    loss                 | 1.13        |
|    n_updates            | 340         |
|    policy_gradient_loss | 0.00193     |
|    std                  | 0.498       |
|    value_loss           | 1.59        |
-----------------------------------------
------------------------------------------
| rollout/                |              |
|    ep_len_mean          | 151          |
|    ep_rew_mean          | 31           |
| time/                   |              |
|    fps                  | 188          |
|    iterations           | 36           |
|    time_elapsed         | 1566         |
|    total_timesteps      | 294912       |
| train/                  |              |
|    approx_kl            | 0.0046038246 |
|    clip_fraction        | 0.0979       |
|    clip_range           | 0.2          |
|    entropy_loss         | -0.72        |
|    explained_variance   | 0.983        |
|    learning_rate        | 0.0003       |
|    loss                 | 0.0127       |
|    n_updates            | 350          |
|    policy_gradient_loss | 0.00264      |
|    std                  | 0.498        |
|    value_loss           | 0.035        |
------------------------------------------
-----------------------------------------
| rollout/                |             |
|    ep_len_mean          | 148         |
|    ep_rew_mean          | 30.2        |
| time/                   |             |
|    fps                  | 188         |
|    iterations           | 37          |
|    time_elapsed         | 1608        |
|    total_timesteps      | 303104      |
| train/                  |             |
|    approx_kl            | 0.004548922 |
|    clip_fraction        | 0.0689      |
|    clip_range           | 0.2         |
|    entropy_loss         | -0.717      |
|    explained_variance   | 0.985       |
|    learning_rate        | 0.0003      |
|    loss                 | 0.00326     |
|    n_updates            | 360         |
|    policy_gradient_loss | 0.00174     |
|    std                  | 0.495       |
|    value_loss           | 0.0361      |
-----------------------------------------
-----------------------------------------
| rollout/                |             |
|    ep_len_mean          | 149         |
|    ep_rew_mean          | 30.2        |
| time/                   |             |
|    fps                  | 188         |
|    iterations           | 38          |
|    time_elapsed         | 1649        |
|    total_timesteps      | 311296      |
| train/                  |             |
|    approx_kl            | 0.009845293 |
|    clip_fraction        | 0.104       |
|    clip_range           | 0.2         |
|    entropy_loss         | -0.709      |
|    explained_variance   | 0.66        |
|    learning_rate        | 0.0003      |
|    loss                 | 0.0707      |
|    n_updates            | 370         |
|    policy_gradient_loss | 0.00145     |
|    std                  | 0.489       |
|    value_loss           | 1.25        |
-----------------------------------------
-----------------------------------------
| rollout/                |             |
|    ep_len_mean          | 151         |
|    ep_rew_mean          | 30.6        |
| time/                   |             |
|    fps                  | 188         |
|    iterations           | 39          |
|    time_elapsed         | 1691        |
|    total_timesteps      | 319488      |
| train/                  |             |
|    approx_kl            | 0.008041713 |
|    clip_fraction        | 0.107       |
|    clip_range           | 0.2         |
|    entropy_loss         | -0.7        |
|    explained_variance   | 0.982       |
|    learning_rate        | 0.0003      |
|    loss                 | 0.0299      |
|    n_updates            | 380         |
|    policy_gradient_loss | -0.000249   |
|    std                  | 0.486       |
|    value_loss           | 0.0293      |
-----------------------------------------
------------------------------------------
| rollout/                |              |
|    ep_len_mean          | 151          |
|    ep_rew_mean          | 31           |
| time/                   |              |
|    fps                  | 189          |
|    iterations           | 40           |
|    time_elapsed         | 1732         |
|    total_timesteps      | 327680       |
| train/                  |              |
|    approx_kl            | 0.0051459647 |
|    clip_fraction        | 0.0904       |
|    clip_range           | 0.2          |
|    entropy_loss         | -0.699       |
|    explained_variance   | 0.986        |
|    learning_rate        | 0.0003       |
|    loss                 | 0.0209       |
|    n_updates            | 390          |
|    policy_gradient_loss | 0.00119      |
|    std                  | 0.489        |
|    value_loss           | 0.0349       |
------------------------------------------
-----------------------------------------
| rollout/                |             |
|    ep_len_mean          | 151         |
|    ep_rew_mean          | 31          |
| time/                   |             |
|    fps                  | 189         |
|    iterations           | 41          |
|    time_elapsed         | 1772        |
|    total_timesteps      | 335872      |
| train/                  |             |
|    approx_kl            | 0.008405734 |
|    clip_fraction        | 0.105       |
|    clip_range           | 0.2         |
|    entropy_loss         | -0.695      |
|    explained_variance   | 0.988       |
|    learning_rate        | 0.0003      |
|    loss                 | 0.00581     |
|    n_updates            | 400         |
|    policy_gradient_loss | -0.000597   |
|    std                  | 0.485       |
|    value_loss           | 0.0303      |
-----------------------------------------
-----------------------------------------
| rollout/                |             |
|    ep_len_mean          | 150         |
|    ep_rew_mean          | 30.9        |
| time/                   |             |
|    fps                  | 189         |
|    iterations           | 42          |
|    time_elapsed         | 1811        |
|    total_timesteps      | 344064      |
| train/                  |             |
|    approx_kl            | 0.005909714 |
|    clip_fraction        | 0.0839      |
|    clip_range           | 0.2         |
|    entropy_loss         | -0.696      |
|    explained_variance   | 0.986       |
|    learning_rate        | 0.0003      |
|    loss                 | 0.0128      |
|    n_updates            | 410         |
|    policy_gradient_loss | 0.00162     |
|    std                  | 0.485       |
|    value_loss           | 0.041       |
-----------------------------------------
----------------------------------------
| rollout/                |            |
|    ep_len_mean          | 148        |
|    ep_rew_mean          | 30.3       |
| time/                   |            |
|    fps                  | 190        |
|    iterations           | 43         |
|    time_elapsed         | 1852       |
|    total_timesteps      | 352256     |
| train/                  |            |
|    approx_kl            | 0.00525923 |
|    clip_fraction        | 0.0747     |
|    clip_range           | 0.2        |
|    entropy_loss         | -0.694     |
|    explained_variance   | 0.664      |
|    learning_rate        | 0.0003     |
|    loss                 | 0.0182     |
|    n_updates            | 420        |
|    policy_gradient_loss | 0.00208    |
|    std                  | 0.484      |
|    value_loss           | 1.2        |
----------------------------------------
-----------------------------------------
| rollout/                |             |
|    ep_len_mean          | 150         |
|    ep_rew_mean          | 30.6        |
| time/                   |             |
|    fps                  | 190         |
|    iterations           | 44          |
|    time_elapsed         | 1891        |
|    total_timesteps      | 360448      |
| train/                  |             |
|    approx_kl            | 0.010186788 |
|    clip_fraction        | 0.113       |
|    clip_range           | 0.2         |
|    entropy_loss         | -0.695      |
|    explained_variance   | 0.568       |
|    learning_rate        | 0.0003      |
|    loss                 | 0.0307      |
|    n_updates            | 430         |
|    policy_gradient_loss | 0.00115     |
|    std                  | 0.485       |
|    value_loss           | 2.29        |
-----------------------------------------
-----------------------------------------
| rollout/                |             |
|    ep_len_mean          | 148         |
|    ep_rew_mean          | 30.2        |
| time/                   |             |
|    fps                  | 190         |
|    iterations           | 45          |
|    time_elapsed         | 1930        |
|    total_timesteps      | 368640      |
| train/                  |             |
|    approx_kl            | 0.006510175 |
|    clip_fraction        | 0.107       |
|    clip_range           | 0.2         |
|    entropy_loss         | -0.69       |
|    explained_variance   | 0.983       |
|    learning_rate        | 0.0003      |
|    loss                 | 0.0177      |
|    n_updates            | 440         |
|    policy_gradient_loss | 0.00137     |
|    std                  | 0.482       |
|    value_loss           | 0.0366      |
-----------------------------------------
-----------------------------------------
| rollout/                |             |
|    ep_len_mean          | 142         |
|    ep_rew_mean          | 29          |
| time/                   |             |
|    fps                  | 191         |
|    iterations           | 46          |
|    time_elapsed         | 1972        |
|    total_timesteps      | 376832      |
| train/                  |             |
|    approx_kl            | 0.004083949 |
|    clip_fraction        | 0.082       |
|    clip_range           | 0.2         |
|    entropy_loss         | -0.69       |
|    explained_variance   | 0.554       |
|    learning_rate        | 0.0003      |
|    loss                 | 0.0132      |
|    n_updates            | 450         |
|    policy_gradient_loss | 0.00087     |
|    std                  | 0.483       |
|    value_loss           | 2.03        |
-----------------------------------------
-----------------------------------------
| rollout/                |             |
|    ep_len_mean          | 132         |
|    ep_rew_mean          | 25.6        |
| time/                   |             |
|    fps                  | 191         |
|    iterations           | 47          |
|    time_elapsed         | 2011        |
|    total_timesteps      | 385024      |
| train/                  |             |
|    approx_kl            | 0.010373273 |
|    clip_fraction        | 0.148       |
|    clip_range           | 0.2         |
|    entropy_loss         | -0.694      |
|    explained_variance   | 0.387       |
|    learning_rate        | 0.0003      |
|    loss                 | 3.76        |
|    n_updates            | 460         |
|    policy_gradient_loss | -0.00268    |
|    std                  | 0.486       |
|    value_loss           | 4.7         |
-----------------------------------------
-----------------------------------------
| rollout/                |             |
|    ep_len_mean          | 137         |
|    ep_rew_mean          | 26.9        |
| time/                   |             |
|    fps                  | 191         |
|    iterations           | 48          |
|    time_elapsed         | 2051        |
|    total_timesteps      | 393216      |
| train/                  |             |
|    approx_kl            | 0.010972856 |
|    clip_fraction        | 0.174       |
|    clip_range           | 0.2         |
|    entropy_loss         | -0.695      |
|    explained_variance   | 0.394       |
|    learning_rate        | 0.0003      |
|    loss                 | 5.91        |
|    n_updates            | 470         |
|    policy_gradient_loss | -0.00624    |
|    std                  | 0.483       |
|    value_loss           | 10.1        |
-----------------------------------------
-----------------------------------------
| rollout/                |             |
|    ep_len_mean          | 145         |
|    ep_rew_mean          | 29.4        |
| time/                   |             |
|    fps                  | 191         |
|    iterations           | 49          |
|    time_elapsed         | 2091        |
|    total_timesteps      | 401408      |
| train/                  |             |
|    approx_kl            | 0.019699909 |
|    clip_fraction        | 0.206       |
|    clip_range           | 0.2         |
|    entropy_loss         | -0.679      |
|    explained_variance   | 0.662       |
|    learning_rate        | 0.0003      |
|    loss                 | 4.41        |
|    n_updates            | 480         |
|    policy_gradient_loss | -0.00466    |
|    std                  | 0.474       |
|    value_loss           | 2.24        |
-----------------------------------------
-----------------------------------------
| rollout/                |             |
|    ep_len_mean          | 133         |
|    ep_rew_mean          | 26.1        |
| time/                   |             |
|    fps                  | 191         |
|    iterations           | 50          |
|    time_elapsed         | 2133        |
|    total_timesteps      | 409600      |
| train/                  |             |
|    approx_kl            | 0.012623424 |
|    clip_fraction        | 0.185       |
|    clip_range           | 0.2         |
|    entropy_loss         | -0.66       |
|    explained_variance   | 0.656       |
|    learning_rate        | 0.0003      |
|    loss                 | 2.35        |
|    n_updates            | 490         |
|    policy_gradient_loss | -0.0057     |
|    std                  | 0.465       |
|    value_loss           | 3.79        |
-----------------------------------------
----------------------------------------
| rollout/                |            |
|    ep_len_mean          | 139        |
|    ep_rew_mean          | 27.7       |
| time/                   |            |
|    fps                  | 191        |
|    iterations           | 51         |
|    time_elapsed         | 2179       |
|    total_timesteps      | 417792     |
| train/                  |            |
|    approx_kl            | 0.01511222 |
|    clip_fraction        | 0.198      |
|    clip_range           | 0.2        |
|    entropy_loss         | -0.648     |
|    explained_variance   | 0.557      |
|    learning_rate        | 0.0003     |
|    loss                 | 7.58       |
|    n_updates            | 500        |
|    policy_gradient_loss | -0.0106    |
|    std                  | 0.46       |
|    value_loss           | 9.13       |
----------------------------------------
-----------------------------------------
| rollout/                |             |
|    ep_len_mean          | 150         |
|    ep_rew_mean          | 30.8        |
| time/                   |             |
|    fps                  | 192         |
|    iterations           | 52          |
|    time_elapsed         | 2218        |
|    total_timesteps      | 425984      |
| train/                  |             |
|    approx_kl            | 0.013990223 |
|    clip_fraction        | 0.197       |
|    clip_range           | 0.2         |
|    entropy_loss         | -0.618      |
|    explained_variance   | 0.734       |
|    learning_rate        | 0.0003      |
|    loss                 | 0.609       |
|    n_updates            | 510         |
|    policy_gradient_loss | -0.00188    |
|    std                  | 0.445       |
|    value_loss           | 1.2         |
-----------------------------------------
-----------------------------------------
| rollout/                |             |
|    ep_len_mean          | 151         |
|    ep_rew_mean          | 30.8        |
| time/                   |             |
|    fps                  | 192         |
|    iterations           | 53          |
|    time_elapsed         | 2257        |
|    total_timesteps      | 434176      |
| train/                  |             |
|    approx_kl            | 0.011668412 |
|    clip_fraction        | 0.14        |
|    clip_range           | 0.2         |
|    entropy_loss         | -0.596      |
|    explained_variance   | 0.948       |
|    learning_rate        | 0.0003      |
|    loss                 | 0.0296      |
|    n_updates            | 520         |
|    policy_gradient_loss | -0.00041    |
|    std                  | 0.44        |
|    value_loss           | 0.0645      |
-----------------------------------------
------------------------------------------
| rollout/                |              |
|    ep_len_mean          | 151          |
|    ep_rew_mean          | 30.7         |
| time/                   |              |
|    fps                  | 192          |
|    iterations           | 54           |
|    time_elapsed         | 2297         |
|    total_timesteps      | 442368       |
| train/                  |              |
|    approx_kl            | 0.0072293887 |
|    clip_fraction        | 0.104        |
|    clip_range           | 0.2          |
|    entropy_loss         | -0.582       |
|    explained_variance   | 0.967        |
|    learning_rate        | 0.0003       |
|    loss                 | 0.0103       |
|    n_updates            | 530          |
|    policy_gradient_loss | 0.00135      |
|    std                  | 0.43         |
|    value_loss           | 0.0259       |
------------------------------------------
------------------------------------------
| rollout/                |              |
|    ep_len_mean          | 151          |
|    ep_rew_mean          | 31.1         |
| time/                   |              |
|    fps                  | 192          |
|    iterations           | 55           |
|    time_elapsed         | 2337         |
|    total_timesteps      | 450560       |
| train/                  |              |
|    approx_kl            | 0.0045033107 |
|    clip_fraction        | 0.0738       |
|    clip_range           | 0.2          |
|    entropy_loss         | -0.579       |
|    explained_variance   | 0.985        |
|    learning_rate        | 0.0003       |
|    loss                 | 0.021        |
|    n_updates            | 540          |
|    policy_gradient_loss | 0.00261      |
|    std                  | 0.434        |
|    value_loss           | 0.0221       |
------------------------------------------
-----------------------------------------
| rollout/                |             |
|    ep_len_mean          | 151         |
|    ep_rew_mean          | 31.1        |
| time/                   |             |
|    fps                  | 192         |
|    iterations           | 56          |
|    time_elapsed         | 2378        |
|    total_timesteps      | 458752      |
| train/                  |             |
|    approx_kl            | 0.003468119 |
|    clip_fraction        | 0.0765      |
|    clip_range           | 0.2         |
|    entropy_loss         | -0.586      |
|    explained_variance   | 0.988       |
|    learning_rate        | 0.0003      |
|    loss                 | 0.00186     |
|    n_updates            | 550         |
|    policy_gradient_loss | 0.00245     |
|    std                  | 0.435       |
|    value_loss           | 0.0317      |
-----------------------------------------
------------------------------------------
| rollout/                |              |
|    ep_len_mean          | 151          |
|    ep_rew_mean          | 30.8         |
| time/                   |              |
|    fps                  | 193          |
|    iterations           | 57           |
|    time_elapsed         | 2418         |
|    total_timesteps      | 466944       |
| train/                  |              |
|    approx_kl            | 0.0051212404 |
|    clip_fraction        | 0.0778       |
|    clip_range           | 0.2          |
|    entropy_loss         | -0.592       |
|    explained_variance   | 0.987        |
|    learning_rate        | 0.0003       |
|    loss                 | 0.0351       |
|    n_updates            | 560          |
|    policy_gradient_loss | 0.00118      |
|    std                  | 0.439        |
|    value_loss           | 0.0342       |
------------------------------------------
-----------------------------------------
| rollout/                |             |
|    ep_len_mean          | 151         |
|    ep_rew_mean          | 30.8        |
| time/                   |             |
|    fps                  | 193         |
|    iterations           | 58          |
|    time_elapsed         | 2458        |
|    total_timesteps      | 475136      |
| train/                  |             |
|    approx_kl            | 0.004577934 |
|    clip_fraction        | 0.0719      |
|    clip_range           | 0.2         |
|    entropy_loss         | -0.602      |
|    explained_variance   | 0.987       |
|    learning_rate        | 0.0003      |
|    loss                 | 0.0301      |
|    n_updates            | 570         |
|    policy_gradient_loss | 0.0011      |
|    std                  | 0.443       |
|    value_loss           | 0.0393      |
-----------------------------------------
------------------------------------------
| rollout/                |              |
|    ep_len_mean          | 140          |
|    ep_rew_mean          | 28.6         |
| time/                   |              |
|    fps                  | 193          |
|    iterations           | 59           |
|    time_elapsed         | 2497         |
|    total_timesteps      | 483328       |
| train/                  |              |
|    approx_kl            | 0.0064794607 |
|    clip_fraction        | 0.0651       |
|    clip_range           | 0.2          |
|    entropy_loss         | -0.604       |
|    explained_variance   | 0.808        |
|    learning_rate        | 0.0003       |
|    loss                 | 0.091        |
|    n_updates            | 580          |
|    policy_gradient_loss | 0.000996     |
|    std                  | 0.443        |
|    value_loss           | 0.698        |
------------------------------------------
-----------------------------------------
| rollout/                |             |
|    ep_len_mean          | 141         |
|    ep_rew_mean          | 28.7        |
| time/                   |             |
|    fps                  | 193         |
|    iterations           | 60          |
|    time_elapsed         | 2538        |
|    total_timesteps      | 491520      |
| train/                  |             |
|    approx_kl            | 0.014945319 |
|    clip_fraction        | 0.128       |
|    clip_range           | 0.2         |
|    entropy_loss         | -0.603      |
|    explained_variance   | 0.345       |
|    learning_rate        | 0.0003      |
|    loss                 | 1.57        |
|    n_updates            | 590         |
|    policy_gradient_loss | -0.00512    |
|    std                  | 0.441       |
|    value_loss           | 6.06        |
-----------------------------------------
----------------------------------------
| rollout/                |            |
|    ep_len_mean          | 148        |
|    ep_rew_mean          | 30.1       |
| time/                   |            |
|    fps                  | 193        |
|    iterations           | 61         |
|    time_elapsed         | 2578       |
|    total_timesteps      | 499712     |
| train/                  |            |
|    approx_kl            | 0.01386462 |
|    clip_fraction        | 0.217      |
|    clip_range           | 0.2        |
|    entropy_loss         | -0.589     |
|    explained_variance   | 0.567      |
|    learning_rate        | 0.0003     |
|    loss                 | 0.396      |
|    n_updates            | 600        |
|    policy_gradient_loss | -0.00829   |
|    std                  | 0.434      |
|    value_loss           | 2.66       |
----------------------------------------
-----------------------------------------
| rollout/                |             |
|    ep_len_mean          | 150         |
|    ep_rew_mean          | 30.7        |
| time/                   |             |
|    fps                  | 193         |
|    iterations           | 62          |
|    time_elapsed         | 2618        |
|    total_timesteps      | 507904      |
| train/                  |             |
|    approx_kl            | 0.009510793 |
|    clip_fraction        | 0.124       |
|    clip_range           | 0.2         |
|    entropy_loss         | -0.563      |
|    explained_variance   | 0.843       |
|    learning_rate        | 0.0003      |
|    loss                 | 0.0243      |
|    n_updates            | 610         |
|    policy_gradient_loss | -0.00107    |
|    std                  | 0.423       |
|    value_loss           | 0.521       |
-----------------------------------------
-----------------------------------------
| rollout/                |             |
|    ep_len_mean          | 151         |
|    ep_rew_mean          | 31.2        |
| time/                   |             |
|    fps                  | 194         |
|    iterations           | 63          |
|    time_elapsed         | 2660        |
|    total_timesteps      | 516096      |
| train/                  |             |
|    approx_kl            | 0.011389159 |
|    clip_fraction        | 0.101       |
|    clip_range           | 0.2         |
|    entropy_loss         | -0.545      |
|    explained_variance   | 0.965       |
|    learning_rate        | 0.0003      |
|    loss                 | 0.0181      |
|    n_updates            | 620         |
|    policy_gradient_loss | 0.00217     |
|    std                  | 0.417       |
|    value_loss           | 0.0321      |
-----------------------------------------
----------------------------------------
| rollout/                |            |
|    ep_len_mean          | 149        |
|    ep_rew_mean          | 30.9       |
| time/                   |            |
|    fps                  | 194        |
|    iterations           | 64         |
|    time_elapsed         | 2699       |
|    total_timesteps      | 524288     |
| train/                  |            |
|    approx_kl            | 0.00744841 |
|    clip_fraction        | 0.0881     |
|    clip_range           | 0.2        |
|    entropy_loss         | -0.539     |
|    explained_variance   | 0.987      |
|    learning_rate        | 0.0003     |
|    loss                 | 0.0149     |
|    n_updates            | 630        |
|    policy_gradient_loss | 0.00191    |
|    std                  | 0.415      |
|    value_loss           | 0.0287     |
----------------------------------------
------------------------------------------
| rollout/                |              |
|    ep_len_mean          | 149          |
|    ep_rew_mean          | 30.7         |
| time/                   |              |
|    fps                  | 194          |
|    iterations           | 65           |
|    time_elapsed         | 2739         |
|    total_timesteps      | 532480       |
| train/                  |              |
|    approx_kl            | 0.0050311694 |
|    clip_fraction        | 0.0838       |
|    clip_range           | 0.2          |
|    entropy_loss         | -0.539       |
|    explained_variance   | 0.741        |
|    learning_rate        | 0.0003       |
|    loss                 | 0.0883       |
|    n_updates            | 640          |
|    policy_gradient_loss | -6.51e-05    |
|    std                  | 0.414        |
|    value_loss           | 0.887        |
------------------------------------------
-----------------------------------------
| rollout/                |             |
|    ep_len_mean          | 150         |
|    ep_rew_mean          | 31.1        |
| time/                   |             |
|    fps                  | 194         |
|    iterations           | 66          |
|    time_elapsed         | 2779        |
|    total_timesteps      | 540672      |
| train/                  |             |
|    approx_kl            | 0.009732347 |
|    clip_fraction        | 0.0932      |
|    clip_range           | 0.2         |
|    entropy_loss         | -0.526      |
|    explained_variance   | 0.984       |
|    learning_rate        | 0.0003      |
|    loss                 | 0.0474      |
|    n_updates            | 650         |
|    policy_gradient_loss | 0.00101     |
|    std                  | 0.406       |
|    value_loss           | 0.0367      |
-----------------------------------------
-----------------------------------------
| rollout/                |             |
|    ep_len_mean          | 150         |
|    ep_rew_mean          | 31.2        |
| time/                   |             |
|    fps                  | 194         |
|    iterations           | 67          |
|    time_elapsed         | 2820        |
|    total_timesteps      | 548864      |
| train/                  |             |
|    approx_kl            | 0.003617201 |
|    clip_fraction        | 0.0701      |
|    clip_range           | 0.2         |
|    entropy_loss         | -0.51       |
|    explained_variance   | 0.876       |
|    learning_rate        | 0.0003      |
|    loss                 | 0.0183      |
|    n_updates            | 660         |
|    policy_gradient_loss | 0.00118     |
|    std                  | 0.402       |
|    value_loss           | 0.407       |
-----------------------------------------
-----------------------------------------
| rollout/                |             |
|    ep_len_mean          | 149         |
|    ep_rew_mean          | 30.5        |
| time/                   |             |
|    fps                  | 194         |
|    iterations           | 68          |
|    time_elapsed         | 2860        |
|    total_timesteps      | 557056      |
| train/                  |             |
|    approx_kl            | 0.009105474 |
|    clip_fraction        | 0.0873      |
|    clip_range           | 0.2         |
|    entropy_loss         | -0.498      |
|    explained_variance   | 0.974       |
|    learning_rate        | 0.0003      |
|    loss                 | 0.0298      |
|    n_updates            | 670         |
|    policy_gradient_loss | -0.000151   |
|    std                  | 0.397       |
|    value_loss           | 0.0584      |
-----------------------------------------
-----------------------------------------
| rollout/                |             |
|    ep_len_mean          | 90.3        |
|    ep_rew_mean          | 14          |
| time/                   |             |
|    fps                  | 194         |
|    iterations           | 69          |
|    time_elapsed         | 2902        |
|    total_timesteps      | 565248      |
| train/                  |             |
|    approx_kl            | 0.010495595 |
|    clip_fraction        | 0.134       |
|    clip_range           | 0.2         |
|    entropy_loss         | -0.499      |
|    explained_variance   | 0.358       |
|    learning_rate        | 0.0003      |
|    loss                 | 0.0748      |
|    n_updates            | 680         |
|    policy_gradient_loss | -0.000785   |
|    std                  | 0.4         |
|    value_loss           | 4.24        |
-----------------------------------------
-----------------------------------------
| rollout/                |             |
|    ep_len_mean          | 115         |
|    ep_rew_mean          | 20.8        |
| time/                   |             |
|    fps                  | 194         |
|    iterations           | 70          |
|    time_elapsed         | 2941        |
|    total_timesteps      | 573440      |
| train/                  |             |
|    approx_kl            | 0.008212916 |
|    clip_fraction        | 0.118       |
|    clip_range           | 0.2         |
|    entropy_loss         | -0.505      |
|    explained_variance   | 0.31        |
|    learning_rate        | 0.0003      |
|    loss                 | 6.7         |
|    n_updates            | 690         |
|    policy_gradient_loss | -0.0101     |
|    std                  | 0.401       |
|    value_loss           | 18          |
-----------------------------------------
-----------------------------------------
| rollout/                |             |
|    ep_len_mean          | 139         |
|    ep_rew_mean          | 27.4        |
| time/                   |             |
|    fps                  | 195         |
|    iterations           | 71          |
|    time_elapsed         | 2980        |
|    total_timesteps      | 581632      |
| train/                  |             |
|    approx_kl            | 0.022877641 |
|    clip_fraction        | 0.24        |
|    clip_range           | 0.2         |
|    entropy_loss         | -0.497      |
|    explained_variance   | 0.68        |
|    learning_rate        | 0.0003      |
|    loss                 | 3.88        |
|    n_updates            | 700         |
|    policy_gradient_loss | -0.02       |
|    std                  | 0.396       |
|    value_loss           | 8.48        |
-----------------------------------------
-----------------------------------------
| rollout/                |             |
|    ep_len_mean          | 143         |
|    ep_rew_mean          | 28.8        |
| time/                   |             |
|    fps                  | 195         |
|    iterations           | 72          |
|    time_elapsed         | 3021        |
|    total_timesteps      | 589824      |
| train/                  |             |
|    approx_kl            | 0.024192201 |
|    clip_fraction        | 0.243       |
|    clip_range           | 0.2         |
|    entropy_loss         | -0.471      |
|    explained_variance   | 0.747       |
|    learning_rate        | 0.0003      |
|    loss                 | 0.975       |
|    n_updates            | 710         |
|    policy_gradient_loss | -0.0131     |
|    std                  | 0.385       |
|    value_loss           | 3.25        |
-----------------------------------------
-----------------------------------------
| rollout/                |             |
|    ep_len_mean          | 146         |
|    ep_rew_mean          | 30.1        |
| time/                   |             |
|    fps                  | 195         |
|    iterations           | 73          |
|    time_elapsed         | 3061        |
|    total_timesteps      | 598016      |
| train/                  |             |
|    approx_kl            | 0.021078242 |
|    clip_fraction        | 0.246       |
|    clip_range           | 0.2         |
|    entropy_loss         | -0.445      |
|    explained_variance   | 0.744       |
|    learning_rate        | 0.0003      |
|    loss                 | 1.22        |
|    n_updates            | 720         |
|    policy_gradient_loss | -0.0138     |
|    std                  | 0.371       |
|    value_loss           | 4.17        |
-----------------------------------------
-----------------------------------------
| rollout/                |             |
|    ep_len_mean          | 151         |
|    ep_rew_mean          | 31.6        |
| time/                   |             |
|    fps                  | 195         |
|    iterations           | 74          |
|    time_elapsed         | 3101        |
|    total_timesteps      | 606208      |
| train/                  |             |
|    approx_kl            | 0.013126626 |
|    clip_fraction        | 0.198       |
|    clip_range           | 0.2         |
|    entropy_loss         | -0.406      |
|    explained_variance   | 0.87        |
|    learning_rate        | 0.0003      |
|    loss                 | 0.0915      |
|    n_updates            | 730         |
|    policy_gradient_loss | -0.00868    |
|    std                  | 0.361       |
|    value_loss           | 0.347       |
-----------------------------------------
-----------------------------------------
| rollout/                |             |
|    ep_len_mean          | 151         |
|    ep_rew_mean          | 31.3        |
| time/                   |             |
|    fps                  | 195         |
|    iterations           | 75          |
|    time_elapsed         | 3142        |
|    total_timesteps      | 614400      |
| train/                  |             |
|    approx_kl            | 0.012948667 |
|    clip_fraction        | 0.152       |
|    clip_range           | 0.2         |
|    entropy_loss         | -0.385      |
|    explained_variance   | 0.964       |
|    learning_rate        | 0.0003      |
|    loss                 | 0.0383      |
|    n_updates            | 740         |
|    policy_gradient_loss | -0.00402    |
|    std                  | 0.354       |
|    value_loss           | 0.0483      |
-----------------------------------------
-----------------------------------------
| rollout/                |             |
|    ep_len_mean          | 151         |
|    ep_rew_mean          | 31          |
| time/                   |             |
|    fps                  | 195         |
|    iterations           | 76          |
|    time_elapsed         | 3184        |
|    total_timesteps      | 622592      |
| train/                  |             |
|    approx_kl            | 0.005383091 |
|    clip_fraction        | 0.101       |
|    clip_range           | 0.2         |
|    entropy_loss         | -0.367      |
|    explained_variance   | 0.972       |
|    learning_rate        | 0.0003      |
|    loss                 | 0.0188      |
|    n_updates            | 750         |
|    policy_gradient_loss | 0.00144     |
|    std                  | 0.345       |
|    value_loss           | 0.0277      |
-----------------------------------------
------------------------------------------
| rollout/                |              |
|    ep_len_mean          | 151          |
|    ep_rew_mean          | 31.1         |
| time/                   |              |
|    fps                  | 195          |
|    iterations           | 77           |
|    time_elapsed         | 3224         |
|    total_timesteps      | 630784       |
| train/                  |              |
|    approx_kl            | 0.0058455816 |
|    clip_fraction        | 0.0746       |
|    clip_range           | 0.2          |
|    entropy_loss         | -0.346       |
|    explained_variance   | 0.988        |
|    learning_rate        | 0.0003       |
|    loss                 | 0.0172       |
|    n_updates            | 760          |
|    policy_gradient_loss | 0.00232      |
|    std                  | 0.341        |
|    value_loss           | 0.0252       |
------------------------------------------
-----------------------------------------
| rollout/                |             |
|    ep_len_mean          | 151         |
|    ep_rew_mean          | 31          |
| time/                   |             |
|    fps                  | 195         |
|    iterations           | 78          |
|    time_elapsed         | 3265        |
|    total_timesteps      | 638976      |
| train/                  |             |
|    approx_kl            | 0.008874912 |
|    clip_fraction        | 0.0816      |
|    clip_range           | 0.2         |
|    entropy_loss         | -0.342      |
|    explained_variance   | 0.99        |
|    learning_rate        | 0.0003      |
|    loss                 | -0.00909    |
|    n_updates            | 770         |
|    policy_gradient_loss | 0.00183     |
|    std                  | 0.34        |
|    value_loss           | 0.0298      |
-----------------------------------------
-----------------------------------------
| rollout/                |             |
|    ep_len_mean          | 150         |
|    ep_rew_mean          | 30.6        |
| time/                   |             |
|    fps                  | 195         |
|    iterations           | 79          |
|    time_elapsed         | 3305        |
|    total_timesteps      | 647168      |
| train/                  |             |
|    approx_kl            | 0.008532296 |
|    clip_fraction        | 0.0927      |
|    clip_range           | 0.2         |
|    entropy_loss         | -0.334      |
|    explained_variance   | 0.988       |
|    learning_rate        | 0.0003      |
|    loss                 | 0.0205      |
|    n_updates            | 780         |
|    policy_gradient_loss | 0.00247     |
|    std                  | 0.337       |
|    value_loss           | 0.0338      |
-----------------------------------------
------------------------------------------
| rollout/                |              |
|    ep_len_mean          | 150          |
|    ep_rew_mean          | 30.6         |
| time/                   |              |
|    fps                  | 195          |
|    iterations           | 80           |
|    time_elapsed         | 3346         |
|    total_timesteps      | 655360       |
| train/                  |              |
|    approx_kl            | 0.0071085617 |
|    clip_fraction        | 0.0997       |
|    clip_range           | 0.2          |
|    entropy_loss         | -0.326       |
|    explained_variance   | 0.794        |
|    learning_rate        | 0.0003       |
|    loss                 | 0.0309       |
|    n_updates            | 790          |
|    policy_gradient_loss | -0.00208     |
|    std                  | 0.335        |
|    value_loss           | 0.471        |
------------------------------------------
-----------------------------------------
| rollout/                |             |
|    ep_len_mean          | 151         |
|    ep_rew_mean          | 30.8        |
| time/                   |             |
|    fps                  | 195         |
|    iterations           | 81          |
|    time_elapsed         | 3387        |
|    total_timesteps      | 663552      |
| train/                  |             |
|    approx_kl            | 0.009242967 |
|    clip_fraction        | 0.104       |
|    clip_range           | 0.2         |
|    entropy_loss         | -0.314      |
|    explained_variance   | 0.983       |
|    learning_rate        | 0.0003      |
|    loss                 | 0.00783     |
|    n_updates            | 800         |
|    policy_gradient_loss | -0.00114    |
|    std                  | 0.33        |
|    value_loss           | 0.0441      |
-----------------------------------------
------------------------------------------
| rollout/                |              |
|    ep_len_mean          | 151          |
|    ep_rew_mean          | 31           |
| time/                   |              |
|    fps                  | 196          |
|    iterations           | 82           |
|    time_elapsed         | 3426         |
|    total_timesteps      | 671744       |
| train/                  |              |
|    approx_kl            | 0.0072419625 |
|    clip_fraction        | 0.109        |
|    clip_range           | 0.2          |
|    entropy_loss         | -0.296       |
|    explained_variance   | 0.982        |
|    learning_rate        | 0.0003       |
|    loss                 | 0.0177       |
|    n_updates            | 810          |
|    policy_gradient_loss | -0.000771    |
|    std                  | 0.324        |
|    value_loss           | 0.0478       |
------------------------------------------
-----------------------------------------
| rollout/                |             |
|    ep_len_mean          | 148         |
|    ep_rew_mean          | 30.6        |
| time/                   |             |
|    fps                  | 196         |
|    iterations           | 83          |
|    time_elapsed         | 3466        |
|    total_timesteps      | 679936      |
| train/                  |             |
|    approx_kl            | 0.011088962 |
|    clip_fraction        | 0.0965      |
|    clip_range           | 0.2         |
|    entropy_loss         | -0.287      |
|    explained_variance   | 0.833       |
|    learning_rate        | 0.0003      |
|    loss                 | 0.0459      |
|    n_updates            | 820         |
|    policy_gradient_loss | 0.000439    |
|    std                  | 0.322       |
|    value_loss           | 0.542       |
-----------------------------------------
-----------------------------------------
| rollout/                |             |
|    ep_len_mean          | 139         |
|    ep_rew_mean          | 27.5        |
| time/                   |             |
|    fps                  | 196         |
|    iterations           | 84          |
|    time_elapsed         | 3509        |
|    total_timesteps      | 688128      |
| train/                  |             |
|    approx_kl            | 0.007409023 |
|    clip_fraction        | 0.114       |
|    clip_range           | 0.2         |
|    entropy_loss         | -0.281      |
|    explained_variance   | 0.726       |
|    learning_rate        | 0.0003      |
|    loss                 | 0.248       |
|    n_updates            | 830         |
|    policy_gradient_loss | 0.0021      |
|    std                  | 0.32        |
|    value_loss           | 0.65        |
-----------------------------------------
----------------------------------------
| rollout/                |            |
|    ep_len_mean          | 140        |
|    ep_rew_mean          | 27.1       |
| time/                   |            |
|    fps                  | 196        |
|    iterations           | 85         |
|    time_elapsed         | 3548       |
|    total_timesteps      | 696320     |
| train/                  |            |
|    approx_kl            | 0.00875098 |
|    clip_fraction        | 0.123      |
|    clip_range           | 0.2        |
|    entropy_loss         | -0.28      |
|    explained_variance   | 0.299      |
|    learning_rate        | 0.0003     |
|    loss                 | 2.98       |
|    n_updates            | 840        |
|    policy_gradient_loss | -0.00673   |
|    std                  | 0.32       |
|    value_loss           | 8.29       |
----------------------------------------
-----------------------------------------
| rollout/                |             |
|    ep_len_mean          | 145         |
|    ep_rew_mean          | 29.5        |
| time/                   |             |
|    fps                  | 196         |
|    iterations           | 86          |
|    time_elapsed         | 3593        |
|    total_timesteps      | 704512      |
| train/                  |             |
|    approx_kl            | 0.011608093 |
|    clip_fraction        | 0.191       |
|    clip_range           | 0.2         |
|    entropy_loss         | -0.28       |
|    explained_variance   | 0.589       |
|    learning_rate        | 0.0003      |
|    loss                 | 1.65        |
|    n_updates            | 850         |
|    policy_gradient_loss | -0.00997    |
|    std                  | 0.321       |
|    value_loss           | 4.8         |
-----------------------------------------
-----------------------------------------
| rollout/                |             |
|    ep_len_mean          | 150         |
|    ep_rew_mean          | 31.1        |
| time/                   |             |
|    fps                  | 196         |
|    iterations           | 87          |
|    time_elapsed         | 3633        |
|    total_timesteps      | 712704      |
| train/                  |             |
|    approx_kl            | 0.014457576 |
|    clip_fraction        | 0.203       |
|    clip_range           | 0.2         |
|    entropy_loss         | -0.265      |
|    explained_variance   | 0.756       |
|    learning_rate        | 0.0003      |
|    loss                 | 0.119       |
|    n_updates            | 860         |
|    policy_gradient_loss | -0.00776    |
|    std                  | 0.313       |
|    value_loss           | 2.06        |
-----------------------------------------
-----------------------------------------
| rollout/                |             |
|    ep_len_mean          | 151         |
|    ep_rew_mean          | 31.3        |
| time/                   |             |
|    fps                  | 196         |
|    iterations           | 88          |
|    time_elapsed         | 3672        |
|    total_timesteps      | 720896      |
| train/                  |             |
|    approx_kl            | 0.012835977 |
|    clip_fraction        | 0.154       |
|    clip_range           | 0.2         |
|    entropy_loss         | -0.229      |
|    explained_variance   | 0.954       |
|    learning_rate        | 0.0003      |
|    loss                 | 0.0296      |
|    n_updates            | 870         |
|    policy_gradient_loss | 0.00404     |
|    std                  | 0.305       |
|    value_loss           | 0.0529      |
-----------------------------------------
------------------------------------------
| rollout/                |              |
|    ep_len_mean          | 151          |
|    ep_rew_mean          | 31.2         |
| time/                   |              |
|    fps                  | 196          |
|    iterations           | 89           |
|    time_elapsed         | 3712         |
|    total_timesteps      | 729088       |
| train/                  |              |
|    approx_kl            | 0.0076577743 |
|    clip_fraction        | 0.108        |
|    clip_range           | 0.2          |
|    entropy_loss         | -0.23        |
|    explained_variance   | 0.988        |
|    learning_rate        | 0.0003       |
|    loss                 | 0.0097       |
|    n_updates            | 880          |
|    policy_gradient_loss | 0.00273      |
|    std                  | 0.306        |
|    value_loss           | 0.025        |
------------------------------------------
-----------------------------------------
| rollout/                |             |
|    ep_len_mean          | 151         |
|    ep_rew_mean          | 31.3        |
| time/                   |             |
|    fps                  | 196         |
|    iterations           | 90          |
|    time_elapsed         | 3752        |
|    total_timesteps      | 737280      |
| train/                  |             |
|    approx_kl            | 0.007905051 |
|    clip_fraction        | 0.0868      |
|    clip_range           | 0.2         |
|    entropy_loss         | -0.236      |
|    explained_variance   | 0.988       |
|    learning_rate        | 0.0003      |
|    loss                 | 0.0209      |
|    n_updates            | 890         |
|    policy_gradient_loss | 0.00221     |
|    std                  | 0.308       |
|    value_loss           | 0.026       |
-----------------------------------------
------------------------------------------
| rollout/                |              |
|    ep_len_mean          | 151          |
|    ep_rew_mean          | 31.2         |
| time/                   |              |
|    fps                  | 196          |
|    iterations           | 91           |
|    time_elapsed         | 3792         |
|    total_timesteps      | 745472       |
| train/                  |              |
|    approx_kl            | 0.0065776426 |
|    clip_fraction        | 0.0781       |
|    clip_range           | 0.2          |
|    entropy_loss         | -0.24        |
|    explained_variance   | 0.988        |
|    learning_rate        | 0.0003       |
|    loss                 | 0.0213       |
|    n_updates            | 900          |
|    policy_gradient_loss | 0.00278      |
|    std                  | 0.308        |
|    value_loss           | 0.0298       |
------------------------------------------
-----------------------------------------
| rollout/                |             |
|    ep_len_mean          | 151         |
|    ep_rew_mean          | 31.1        |
| time/                   |             |
|    fps                  | 196         |
|    iterations           | 92          |
|    time_elapsed         | 3831        |
|    total_timesteps      | 753664      |
| train/                  |             |
|    approx_kl            | 0.005778646 |
|    clip_fraction        | 0.0925      |
|    clip_range           | 0.2         |
|    entropy_loss         | -0.24       |
|    explained_variance   | 0.988       |
|    learning_rate        | 0.0003      |
|    loss                 | 0.0405      |
|    n_updates            | 910         |
|    policy_gradient_loss | 0.000201    |
|    std                  | 0.307       |
|    value_loss           | 0.0384      |
-----------------------------------------
------------------------------------------
| rollout/                |              |
|    ep_len_mean          | 150          |
|    ep_rew_mean          | 31.2         |
| time/                   |              |
|    fps                  | 196          |
|    iterations           | 93           |
|    time_elapsed         | 3870         |
|    total_timesteps      | 761856       |
| train/                  |              |
|    approx_kl            | 0.0065344307 |
|    clip_fraction        | 0.0993       |
|    clip_range           | 0.2          |
|    entropy_loss         | -0.233       |
|    explained_variance   | 0.983        |
|    learning_rate        | 0.0003       |
|    loss                 | 0.0203       |
|    n_updates            | 920          |
|    policy_gradient_loss | 0.00171      |
|    std                  | 0.304        |
|    value_loss           | 0.0397       |
------------------------------------------
-----------------------------------------
| rollout/                |             |
|    ep_len_mean          | 150         |
|    ep_rew_mean          | 31          |
| time/                   |             |
|    fps                  | 196         |
|    iterations           | 94          |
|    time_elapsed         | 3909        |
|    total_timesteps      | 770048      |
| train/                  |             |
|    approx_kl            | 0.008183891 |
|    clip_fraction        | 0.118       |
|    clip_range           | 0.2         |
|    entropy_loss         | -0.225      |
|    explained_variance   | 0.779       |
|    learning_rate        | 0.0003      |
|    loss                 | 0.752       |
|    n_updates            | 930         |
|    policy_gradient_loss | 0.000177    |
|    std                  | 0.302       |
|    value_loss           | 0.68        |
-----------------------------------------
-----------------------------------------
| rollout/                |             |
|    ep_len_mean          | 151         |
|    ep_rew_mean          | 30.9        |
| time/                   |             |
|    fps                  | 197         |
|    iterations           | 95          |
|    time_elapsed         | 3950        |
|    total_timesteps      | 778240      |
| train/                  |             |
|    approx_kl            | 0.008830074 |
|    clip_fraction        | 0.13        |
|    clip_range           | 0.2         |
|    entropy_loss         | -0.214      |
|    explained_variance   | 0.813       |
|    learning_rate        | 0.0003      |
|    loss                 | 0.0433      |
|    n_updates            | 940         |
|    policy_gradient_loss | 0.00163     |
|    std                  | 0.299       |
|    value_loss           | 0.618       |
-----------------------------------------
------------------------------------------
| rollout/                |              |
|    ep_len_mean          | 151          |
|    ep_rew_mean          | 31.1         |
| time/                   |              |
|    fps                  | 197          |
|    iterations           | 96           |
|    time_elapsed         | 3991         |
|    total_timesteps      | 786432       |
| train/                  |              |
|    approx_kl            | 0.0076096095 |
|    clip_fraction        | 0.114        |
|    clip_range           | 0.2          |
|    entropy_loss         | -0.2         |
|    explained_variance   | 0.978        |
|    learning_rate        | 0.0003       |
|    loss                 | 0.0251       |
|    n_updates            | 950          |
|    policy_gradient_loss | 0.00151      |
|    std                  | 0.297        |
|    value_loss           | 0.0464       |
------------------------------------------
-----------------------------------------
| rollout/                |             |
|    ep_len_mean          | 150         |
|    ep_rew_mean          | 31          |
| time/                   |             |
|    fps                  | 196         |
|    iterations           | 97          |
|    time_elapsed         | 4036        |
|    total_timesteps      | 794624      |
| train/                  |             |
|    approx_kl            | 0.016066678 |
|    clip_fraction        | 0.124       |
|    clip_range           | 0.2         |
|    entropy_loss         | -0.203      |
|    explained_variance   | 0.744       |
|    learning_rate        | 0.0003      |
|    loss                 | 1.86        |
|    n_updates            | 960         |
|    policy_gradient_loss | 0.00118     |
|    std                  | 0.296       |
|    value_loss           | 1.1         |
-----------------------------------------
-----------------------------------------
| rollout/                |             |
|    ep_len_mean          | 150         |
|    ep_rew_mean          | 30.6        |
| time/                   |             |
|    fps                  | 196         |
|    iterations           | 98          |
|    time_elapsed         | 4075        |
|    total_timesteps      | 802816      |
| train/                  |             |
|    approx_kl            | 0.009116841 |
|    clip_fraction        | 0.13        |
|    clip_range           | 0.2         |
|    entropy_loss         | -0.187      |
|    explained_variance   | 0.86        |
|    learning_rate        | 0.0003      |
|    loss                 | 0.0166      |
|    n_updates            | 970         |
|    policy_gradient_loss | 0.00182     |
|    std                  | 0.291       |
|    value_loss           | 0.566       |
-----------------------------------------
----------------------------------------
| rollout/                |            |
|    ep_len_mean          | 150        |
|    ep_rew_mean          | 30.5       |
| time/                   |            |
|    fps                  | 197        |
|    iterations           | 99         |
|    time_elapsed         | 4114       |
|    total_timesteps      | 811008     |
| train/                  |            |
|    approx_kl            | 0.00641484 |
|    clip_fraction        | 0.14       |
|    clip_range           | 0.2        |
|    entropy_loss         | -0.201     |
|    explained_variance   | 0.753      |
|    learning_rate        | 0.0003     |
|    loss                 | 0.104      |
|    n_updates            | 980        |
|    policy_gradient_loss | 0.00358    |
|    std                  | 0.299      |
|    value_loss           | 1.01       |
----------------------------------------
-----------------------------------------
| rollout/                |             |
|    ep_len_mean          | 150         |
|    ep_rew_mean          | 30.7        |
| time/                   |             |
|    fps                  | 197         |
|    iterations           | 100         |
|    time_elapsed         | 4156        |
|    total_timesteps      | 819200      |
| train/                  |             |
|    approx_kl            | 0.008220088 |
|    clip_fraction        | 0.108       |
|    clip_range           | 0.2         |
|    entropy_loss         | -0.208      |
|    explained_variance   | 0.971       |
|    learning_rate        | 0.0003      |
|    loss                 | 0.0166      |
|    n_updates            | 990         |
|    policy_gradient_loss | 0.002       |
|    std                  | 0.298       |
|    value_loss           | 0.0564      |
-----------------------------------------
-----------------------------------------
| rollout/                |             |
|    ep_len_mean          | 149         |
|    ep_rew_mean          | 30.6        |
| time/                   |             |
|    fps                  | 197         |
|    iterations           | 101         |
|    time_elapsed         | 4194        |
|    total_timesteps      | 827392      |
| train/                  |             |
|    approx_kl            | 0.007480465 |
|    clip_fraction        | 0.116       |
|    clip_range           | 0.2         |
|    entropy_loss         | -0.207      |
|    explained_variance   | 0.836       |
|    learning_rate        | 0.0003      |
|    loss                 | 0.88        |
|    n_updates            | 1000        |
|    policy_gradient_loss | 0.00321     |
|    std                  | 0.297       |
|    value_loss           | 0.536       |
-----------------------------------------
-----------------------------------------
| rollout/                |             |
|    ep_len_mean          | 143         |
|    ep_rew_mean          | 29.1        |
| time/                   |             |
|    fps                  | 197         |
|    iterations           | 102         |
|    time_elapsed         | 4235        |
|    total_timesteps      | 835584      |
| train/                  |             |
|    approx_kl            | 0.016649144 |
|    clip_fraction        | 0.122       |
|    clip_range           | 0.2         |
|    entropy_loss         | -0.203      |
|    explained_variance   | 0.717       |
|    learning_rate        | 0.0003      |
|    loss                 | 1.19        |
|    n_updates            | 1010        |
|    policy_gradient_loss | 0.00174     |
|    std                  | 0.296       |
|    value_loss           | 1.12        |
-----------------------------------------
-----------------------------------------
| rollout/                |             |
|    ep_len_mean          | 145         |
|    ep_rew_mean          | 29.8        |
| time/                   |             |
|    fps                  | 197         |
|    iterations           | 103         |
|    time_elapsed         | 4276        |
|    total_timesteps      | 843776      |
| train/                  |             |
|    approx_kl            | 0.008441477 |
|    clip_fraction        | 0.0938      |
|    clip_range           | 0.2         |
|    entropy_loss         | -0.205      |
|    explained_variance   | 0.514       |
|    learning_rate        | 0.0003      |
|    loss                 | 1.07        |
|    n_updates            | 1020        |
|    policy_gradient_loss | -0.00177    |
|    std                  | 0.3         |
|    value_loss           | 3.94        |
-----------------------------------------
-----------------------------------------
| rollout/                |             |
|    ep_len_mean          | 148         |
|    ep_rew_mean          | 30.3        |
| time/                   |             |
|    fps                  | 197         |
|    iterations           | 104         |
|    time_elapsed         | 4316        |
|    total_timesteps      | 851968      |
| train/                  |             |
|    approx_kl            | 0.033997975 |
|    clip_fraction        | 0.182       |
|    clip_range           | 0.2         |
|    entropy_loss         | -0.209      |
|    explained_variance   | 0.668       |
|    learning_rate        | 0.0003      |
|    loss                 | 0.838       |
|    n_updates            | 1030        |
|    policy_gradient_loss | -0.0057     |
|    std                  | 0.297       |
|    value_loss           | 2.67        |
-----------------------------------------
-----------------------------------------
| rollout/                |             |
|    ep_len_mean          | 150         |
|    ep_rew_mean          | 31          |
| time/                   |             |
|    fps                  | 197         |
|    iterations           | 105         |
|    time_elapsed         | 4356        |
|    total_timesteps      | 860160      |
| train/                  |             |
|    approx_kl            | 0.020883288 |
|    clip_fraction        | 0.199       |
|    clip_range           | 0.2         |
|    entropy_loss         | -0.198      |
|    explained_variance   | 0.77        |
|    learning_rate        | 0.0003      |
|    loss                 | 0.78        |
|    n_updates            | 1040        |
|    policy_gradient_loss | -0.00395    |
|    std                  | 0.294       |
|    value_loss           | 1.36        |
-----------------------------------------
-----------------------------------------
| rollout/                |             |
|    ep_len_mean          | 150         |
|    ep_rew_mean          | 30.9        |
| time/                   |             |
|    fps                  | 197         |
|    iterations           | 106         |
|    time_elapsed         | 4395        |
|    total_timesteps      | 868352      |
| train/                  |             |
|    approx_kl            | 0.010570663 |
|    clip_fraction        | 0.153       |
|    clip_range           | 0.2         |
|    entropy_loss         | -0.168      |
|    explained_variance   | 0.94        |
|    learning_rate        | 0.0003      |
|    loss                 | 0.0653      |
|    n_updates            | 1050        |
|    policy_gradient_loss | 0.000918    |
|    std                  | 0.285       |
|    value_loss           | 0.112       |
-----------------------------------------
-----------------------------------------
| rollout/                |             |
|    ep_len_mean          | 147         |
|    ep_rew_mean          | 30.1        |
| time/                   |             |
|    fps                  | 197         |
|    iterations           | 107         |
|    time_elapsed         | 4436        |
|    total_timesteps      | 876544      |
| train/                  |             |
|    approx_kl            | 0.013246504 |
|    clip_fraction        | 0.142       |
|    clip_range           | 0.2         |
|    entropy_loss         | -0.156      |
|    explained_variance   | 0.735       |
|    learning_rate        | 0.0003      |
|    loss                 | 0.0339      |
|    n_updates            | 1060        |
|    policy_gradient_loss | -0.00126    |
|    std                  | 0.282       |
|    value_loss           | 1.31        |
-----------------------------------------
-----------------------------------------
| rollout/                |             |
|    ep_len_mean          | 148         |
|    ep_rew_mean          | 30.5        |
| time/                   |             |
|    fps                  | 197         |
|    iterations           | 108         |
|    time_elapsed         | 4475        |
|    total_timesteps      | 884736      |
| train/                  |             |
|    approx_kl            | 0.008920208 |
|    clip_fraction        | 0.107       |
|    clip_range           | 0.2         |
|    entropy_loss         | -0.147      |
|    explained_variance   | 0.664       |
|    learning_rate        | 0.0003      |
|    loss                 | 0.0889      |
|    n_updates            | 1070        |
|    policy_gradient_loss | -0.000533   |
|    std                  | 0.279       |
|    value_loss           | 1.26        |
-----------------------------------------
-----------------------------------------
| rollout/                |             |
|    ep_len_mean          | 151         |
|    ep_rew_mean          | 31.2        |
| time/                   |             |
|    fps                  | 197         |
|    iterations           | 109         |
|    time_elapsed         | 4513        |
|    total_timesteps      | 892928      |
| train/                  |             |
|    approx_kl            | 0.013422451 |
|    clip_fraction        | 0.141       |
|    clip_range           | 0.2         |
|    entropy_loss         | -0.128      |
|    explained_variance   | 0.942       |
|    learning_rate        | 0.0003      |
|    loss                 | 0.0121      |
|    n_updates            | 1080        |
|    policy_gradient_loss | 0.00229     |
|    std                  | 0.275       |
|    value_loss           | 0.0719      |
-----------------------------------------
-----------------------------------------
| rollout/                |             |
|    ep_len_mean          | 151         |
|    ep_rew_mean          | 31.2        |
| time/                   |             |
|    fps                  | 197         |
|    iterations           | 110         |
|    time_elapsed         | 4554        |
|    total_timesteps      | 901120      |
| train/                  |             |
|    approx_kl            | 0.013768417 |
|    clip_fraction        | 0.108       |
|    clip_range           | 0.2         |
|    entropy_loss         | -0.118      |
|    explained_variance   | 0.977       |
|    learning_rate        | 0.0003      |
|    loss                 | 0.0428      |
|    n_updates            | 1090        |
|    policy_gradient_loss | 0.00196     |
|    std                  | 0.272       |
|    value_loss           | 0.0539      |
-----------------------------------------
-----------------------------------------
| rollout/                |             |
|    ep_len_mean          | 151         |
|    ep_rew_mean          | 31.3        |
| time/                   |             |
|    fps                  | 197         |
|    iterations           | 111         |
|    time_elapsed         | 4595        |
|    total_timesteps      | 909312      |
| train/                  |             |
|    approx_kl            | 0.010044685 |
|    clip_fraction        | 0.124       |
|    clip_range           | 0.2         |
|    entropy_loss         | -0.113      |
|    explained_variance   | 0.982       |
|    learning_rate        | 0.0003      |
|    loss                 | 0.0317      |
|    n_updates            | 1100        |
|    policy_gradient_loss | -0.000875   |
|    std                  | 0.272       |
|    value_loss           | 0.0511      |
-----------------------------------------
------------------------------------------
| rollout/                |              |
|    ep_len_mean          | 151          |
|    ep_rew_mean          | 31.2         |
| time/                   |              |
|    fps                  | 197          |
|    iterations           | 112          |
|    time_elapsed         | 4636         |
|    total_timesteps      | 917504       |
| train/                  |              |
|    approx_kl            | 0.0107317865 |
|    clip_fraction        | 0.135        |
|    clip_range           | 0.2          |
|    entropy_loss         | -0.114       |
|    explained_variance   | 0.981        |
|    learning_rate        | 0.0003       |
|    loss                 | 0.0321       |
|    n_updates            | 1110         |
|    policy_gradient_loss | -0.00148     |
|    std                  | 0.272        |
|    value_loss           | 0.0534       |
------------------------------------------
----------------------------------------
| rollout/                |            |
|    ep_len_mean          | 150        |
|    ep_rew_mean          | 31         |
| time/                   |            |
|    fps                  | 197        |
|    iterations           | 113        |
|    time_elapsed         | 4677       |
|    total_timesteps      | 925696     |
| train/                  |            |
|    approx_kl            | 0.00875693 |
|    clip_fraction        | 0.105      |
|    clip_range           | 0.2        |
|    entropy_loss         | -0.113     |
|    explained_variance   | 0.757      |
|    learning_rate        | 0.0003     |
|    loss                 | 0.0358     |
|    n_updates            | 1120       |
|    policy_gradient_loss | 0.00104    |
|    std                  | 0.27       |
|    value_loss           | 0.775      |
----------------------------------------
-----------------------------------------
| rollout/                |             |
|    ep_len_mean          | 135         |
|    ep_rew_mean          | 26.1        |
| time/                   |             |
|    fps                  | 197         |
|    iterations           | 114         |
|    time_elapsed         | 4716        |
|    total_timesteps      | 933888      |
| train/                  |             |
|    approx_kl            | 0.008699771 |
|    clip_fraction        | 0.105       |
|    clip_range           | 0.2         |
|    entropy_loss         | -0.115      |
|    explained_variance   | 0.682       |
|    learning_rate        | 0.0003      |
|    loss                 | 1.59        |
|    n_updates            | 1130        |
|    policy_gradient_loss | 0.00153     |
|    std                  | 0.273       |
|    value_loss           | 1.27        |
-----------------------------------------
------------------------------------------
| rollout/                |              |
|    ep_len_mean          | 137          |
|    ep_rew_mean          | 26.4         |
| time/                   |              |
|    fps                  | 198          |
|    iterations           | 115          |
|    time_elapsed         | 4757         |
|    total_timesteps      | 942080       |
| train/                  |              |
|    approx_kl            | 0.0109827155 |
|    clip_fraction        | 0.144        |
|    clip_range           | 0.2          |
|    entropy_loss         | -0.122       |
|    explained_variance   | 0.288        |
|    learning_rate        | 0.0003       |
|    loss                 | 6.34         |
|    n_updates            | 1140         |
|    policy_gradient_loss | -0.00998     |
|    std                  | 0.273        |
|    value_loss           | 11.1         |
------------------------------------------
-----------------------------------------
| rollout/                |             |
|    ep_len_mean          | 149         |
|    ep_rew_mean          | 30.4        |
| time/                   |             |
|    fps                  | 198         |
|    iterations           | 116         |
|    time_elapsed         | 4797        |
|    total_timesteps      | 950272      |
| train/                  |             |
|    approx_kl            | 0.015890423 |
|    clip_fraction        | 0.201       |
|    clip_range           | 0.2         |
|    entropy_loss         | -0.118      |
|    explained_variance   | 0.574       |
|    learning_rate        | 0.0003      |
|    loss                 | 5.44        |
|    n_updates            | 1150        |
|    policy_gradient_loss | -0.0081     |
|    std                  | 0.271       |
|    value_loss           | 5.09        |
-----------------------------------------
-----------------------------------------
| rollout/                |             |
|    ep_len_mean          | 151         |
|    ep_rew_mean          | 31.1        |
| time/                   |             |
|    fps                  | 198         |
|    iterations           | 117         |
|    time_elapsed         | 4838        |
|    total_timesteps      | 958464      |
| train/                  |             |
|    approx_kl            | 0.009168942 |
|    clip_fraction        | 0.113       |
|    clip_range           | 0.2         |
|    entropy_loss         | -0.101      |
|    explained_variance   | 0.939       |
|    learning_rate        | 0.0003      |
|    loss                 | 0.0424      |
|    n_updates            | 1160        |
|    policy_gradient_loss | 0.00251     |
|    std                  | 0.265       |
|    value_loss           | 0.0809      |
-----------------------------------------
-----------------------------------------
| rollout/                |             |
|    ep_len_mean          | 151         |
|    ep_rew_mean          | 31          |
| time/                   |             |
|    fps                  | 198         |
|    iterations           | 118         |
|    time_elapsed         | 4878        |
|    total_timesteps      | 966656      |
| train/                  |             |
|    approx_kl            | 0.010593447 |
|    clip_fraction        | 0.11        |
|    clip_range           | 0.2         |
|    entropy_loss         | -0.0853     |
|    explained_variance   | 0.974       |
|    learning_rate        | 0.0003      |
|    loss                 | 0.0507      |
|    n_updates            | 1170        |
|    policy_gradient_loss | 0.00376     |
|    std                  | 0.263       |
|    value_loss           | 0.0389      |
-----------------------------------------
-----------------------------------------
| rollout/                |             |
|    ep_len_mean          | 151         |
|    ep_rew_mean          | 31          |
| time/                   |             |
|    fps                  | 198         |
|    iterations           | 119         |
|    time_elapsed         | 4919        |
|    total_timesteps      | 974848      |
| train/                  |             |
|    approx_kl            | 0.006211891 |
|    clip_fraction        | 0.0878      |
|    clip_range           | 0.2         |
|    entropy_loss         | -0.0737     |
|    explained_variance   | 0.985       |
|    learning_rate        | 0.0003      |
|    loss                 | 0.0313      |
|    n_updates            | 1180        |
|    policy_gradient_loss | 0.00388     |
|    std                  | 0.258       |
|    value_loss           | 0.0374      |
-----------------------------------------
-----------------------------------------
| rollout/                |             |
|    ep_len_mean          | 151         |
|    ep_rew_mean          | 31          |
| time/                   |             |
|    fps                  | 198         |
|    iterations           | 120         |
|    time_elapsed         | 4960        |
|    total_timesteps      | 983040      |
| train/                  |             |
|    approx_kl            | 0.009478176 |
|    clip_fraction        | 0.103       |
|    clip_range           | 0.2         |
|    entropy_loss         | -0.0566     |
|    explained_variance   | 0.986       |
|    learning_rate        | 0.0003      |
|    loss                 | 0.0323      |
|    n_updates            | 1190        |
|    policy_gradient_loss | 0.00263     |
|    std                  | 0.256       |
|    value_loss           | 0.0408      |
-----------------------------------------
-----------------------------------------
| rollout/                |             |
|    ep_len_mean          | 150         |
|    ep_rew_mean          | 31          |
| time/                   |             |
|    fps                  | 198         |
|    iterations           | 121         |
|    time_elapsed         | 5000        |
|    total_timesteps      | 991232      |
| train/                  |             |
|    approx_kl            | 0.005668126 |
|    clip_fraction        | 0.0797      |
|    clip_range           | 0.2         |
|    entropy_loss         | -0.0513     |
|    explained_variance   | 0.984       |
|    learning_rate        | 0.0003      |
|    loss                 | 0.00682     |
|    n_updates            | 1200        |
|    policy_gradient_loss | 0.00226     |
|    std                  | 0.253       |
|    value_loss           | 0.0478      |
-----------------------------------------
-----------------------------------------
| rollout/                |             |
|    ep_len_mean          | 150         |
|    ep_rew_mean          | 31          |
| time/                   |             |
|    fps                  | 198         |
|    iterations           | 122         |
|    time_elapsed         | 5040        |
|    total_timesteps      | 999424      |
| train/                  |             |
|    approx_kl            | 0.010123387 |
|    clip_fraction        | 0.0878      |
|    clip_range           | 0.2         |
|    entropy_loss         | -0.0421     |
|    explained_variance   | 0.829       |
|    learning_rate        | 0.0003      |
|    loss                 | 0.0142      |
|    n_updates            | 1210        |
|    policy_gradient_loss | 0.00125     |
|    std                  | 0.251       |
|    value_loss           | 0.586       |
-----------------------------------------
-----------------------------------------
| rollout/                |             |
|    ep_len_mean          | 151         |
|    ep_rew_mean          | 31.4        |
| time/                   |             |
|    fps                  | 198         |
|    iterations           | 123         |
|    time_elapsed         | 5080        |
|    total_timesteps      | 1007616     |
| train/                  |             |
|    approx_kl            | 0.009526338 |
|    clip_fraction        | 0.11        |
|    clip_range           | 0.2         |
|    entropy_loss         | -0.0223     |
|    explained_variance   | 0.981       |
|    learning_rate        | 0.0003      |
|    loss                 | 0.0298      |
|    n_updates            | 1220        |
|    policy_gradient_loss | 0.00318     |
|    std                  | 0.246       |
|    value_loss           | 0.0486      |
-----------------------------------------


###############################################################################
TCHPC Cluster: callan
Job 171070 (base_cf_obs15_seed1_v12) for User 'hadjitot' in Account 'callan_hadjitot'
Finished at: Sat Mar 28 03:08:31 GMT 2026

Job efficiency estimates:
=========================

Job ID: 171070
Cluster: callan
User/Group: hadjitot/hadjitot
State: COMPLETED (exit code 0)
Nodes: 1
Cores per node: 16
CPU Utilized: 04:45:29
CPU Efficiency: 20.87% of 22:47:44 core-walltime
Job Wall-clock time: 01:25:29
Memory Utilized: 1.84 GB
Memory Efficiency: 5.76% of 32.00 GB (32.00 GB/node)

Job completion status:
======================

JobID           JobName AllocCPUS NTasks NNodes     MaxRSS    MaxRSSNode  MaxDiskRead MaxDiskWrite    Elapsed      State ExitCode 
------------ ---------- --------- ------ ------ ---------- ------------- ------------ ------------ ---------- ---------- -------- 
171070       base_cf_o+        16             1                                                      01:25:29  COMPLETED      0:0 
171070.batch      batch        16      1      1   1933200K    callan-n09     1224.68M     1030.18M   01:25:29  COMPLETED      0:0 
171070.exte+     extern        16      1      1                                                      01:25:29  COMPLETED      0:0 


Job details:
============

JobId=171070 JobName=base_cf_obs15_seed1_v12
   UserId=hadjitot(2357) GroupId=hadjitot(2300) MCS_label=N/A
   Priority=111246 Nice=0 Account=callan_hadjitot QOS=normal
   JobState=COMPLETING Reason=None Dependency=(null)
   Requeue=0 Restarts=0 BatchFlag=1 Reboot=0 ExitCode=0:0
   DerivedExitCode=0:0
   RunTime=01:25:29 TimeLimit=2-00:00:00 TimeMin=N/A
   SubmitTime=2026-03-27T20:37:56 EligibleTime=2026-03-27T20:37:56
   AccrueTime=2026-03-27T20:37:56
   StartTime=2026-03-28T01:43:02 EndTime=2026-03-28T03:08:31 Deadline=N/A
   SuspendTime=None SecsPreSuspend=0 LastSchedEval=2026-03-28T01:43:02 Scheduler=Backfill
   Partition=compute AllocNode:Sid=callan01:1076092
   ReqNodeList=(null) ExcNodeList=(null)
   NodeList=callan-n09
   BatchHost=callan-n09
   NumNodes=1 NumCPUs=16 NumTasks=1 CPUs/Task=16 ReqB:S:C:T=0:0:*:*
   ReqTRES=cpu=16,mem=32G,node=1,billing=16
   AllocTRES=cpu=16,mem=32G,node=1,billing=16
   Socks/Node=* NtasksPerN:B:S:C=0:0:*:* CoreSpec=*
   JOB_GRES=(null)
     Nodes=callan-n09 CPU_IDs=2-9,45-52 Mem=32768 GRES=
   MinCPUsNode=16 MinMemoryNode=32G MinTmpDiskNode=0
   Features=(null) DelayBoot=00:00:00
   OverSubscribe=OK Contiguous=0 Licenses=(null) LicensesAlloc=(null) Network=(null)
   Command=/home/users/hadjitot/fyp/HighwayEnv/slurm/train_baseline.sbatch
   WorkDir=/home/users/hadjitot/fyp/HighwayEnv
   StdErr=/home/users/hadjitot/fyp/HighwayEnv/slurm_out/base_cf_obs15_seed1_v12_171070.err
   StdIn=/dev/null
   StdOut=/home/users/hadjitot/fyp/HighwayEnv/slurm_out/base_cf_obs15_seed1_v12_171070.out
   TresPerTask=cpu=16
   


Disk quota details:
===================

                         Block Limits                                    |                     File Limits
Name       type             MB      quota      limit   in_doubt    grace |    files   quota    limit in_doubt    grace
root       USR         4965784          0          0       1592     none |   397802       0        0      776     none
root       FILESET     5133248          0          0       4720     none |  9899215       0        0     1735     none


SLURM Bank Statement:
=====================

User           Usage |        Account     Usage | Account Limit Available (CPU hrs)
---------- --------- + -------------- --------- + ------------- ---------
hadjitot      11,981 | CALLAN_HADJITOT    11,981 |       300,000   288,019


Acknowledgements:
=================

Note that usage of TCHPC Resources *must* be acknowledged in all publications.

Please see this page for details relevant to this cluster:

http://www.tchpc.tcd.ie/resources/acknowledgementpolicy

################################################################################
