Loading Anaconda 3 2024.02-1
ppo_baseline_cf_v2_v12_seed2 obs shape: (5, 5) action space: Box(-1.0, 1.0, (1,), float32)
Using cpu device
Logging to runs/tb/ppo_baseline_cf_v2_v12_seed2_1
---------------------------------
| rollout/           |          |
|    ep_len_mean     | 17.4     |
|    ep_rew_mean     | 3.32     |
| time/              |          |
|    fps             | 186      |
|    iterations      | 1        |
|    time_elapsed    | 43       |
|    total_timesteps | 8192     |
---------------------------------
------------------------------------------
| rollout/                |              |
|    ep_len_mean          | 17.8         |
|    ep_rew_mean          | 3.27         |
| time/                   |              |
|    fps                  | 191          |
|    iterations           | 2            |
|    time_elapsed         | 85           |
|    total_timesteps      | 16384        |
| train/                  |              |
|    approx_kl            | 0.0040628584 |
|    clip_fraction        | 0.0178       |
|    clip_range           | 0.2          |
|    entropy_loss         | -1.42        |
|    explained_variance   | -0.000432    |
|    learning_rate        | 0.0003       |
|    loss                 | 0.246        |
|    n_updates            | 10           |
|    policy_gradient_loss | -0.000856    |
|    std                  | 1            |
|    value_loss           | 5.48         |
------------------------------------------
-----------------------------------------
| rollout/                |             |
|    ep_len_mean          | 19.6        |
|    ep_rew_mean          | 3.8         |
| time/                   |             |
|    fps                  | 199         |
|    iterations           | 3           |
|    time_elapsed         | 123         |
|    total_timesteps      | 24576       |
| train/                  |             |
|    approx_kl            | 0.015629236 |
|    clip_fraction        | 0.209       |
|    clip_range           | 0.2         |
|    entropy_loss         | -1.39       |
|    explained_variance   | 0.979       |
|    learning_rate        | 0.0003      |
|    loss                 | 0.153       |
|    n_updates            | 20          |
|    policy_gradient_loss | -0.0239     |
|    std                  | 0.965       |
|    value_loss           | 0.293       |
-----------------------------------------
----------------------------------------
| rollout/                |            |
|    ep_len_mean          | 21.9       |
|    ep_rew_mean          | 4.15       |
| time/                   |            |
|    fps                  | 198        |
|    iterations           | 4          |
|    time_elapsed         | 164        |
|    total_timesteps      | 32768      |
| train/                  |            |
|    approx_kl            | 0.02314097 |
|    clip_fraction        | 0.278      |
|    clip_range           | 0.2        |
|    entropy_loss         | -1.34      |
|    explained_variance   | 0.987      |
|    learning_rate        | 0.0003     |
|    loss                 | 0.085      |
|    n_updates            | 30         |
|    policy_gradient_loss | -0.0334    |
|    std                  | 0.913      |
|    value_loss           | 0.228      |
----------------------------------------
-----------------------------------------
| rollout/                |             |
|    ep_len_mean          | 31.4        |
|    ep_rew_mean          | 4.2         |
| time/                   |             |
|    fps                  | 196         |
|    iterations           | 5           |
|    time_elapsed         | 208         |
|    total_timesteps      | 40960       |
| train/                  |             |
|    approx_kl            | 0.014256932 |
|    clip_fraction        | 0.211       |
|    clip_range           | 0.2         |
|    entropy_loss         | -1.32       |
|    explained_variance   | 0.891       |
|    learning_rate        | 0.0003      |
|    loss                 | 0.335       |
|    n_updates            | 40          |
|    policy_gradient_loss | -0.0118     |
|    std                  | 0.898       |
|    value_loss           | 1.19        |
-----------------------------------------
-----------------------------------------
| rollout/                |             |
|    ep_len_mean          | 61.6        |
|    ep_rew_mean          | 3.28        |
| time/                   |             |
|    fps                  | 202         |
|    iterations           | 6           |
|    time_elapsed         | 243         |
|    total_timesteps      | 49152       |
| train/                  |             |
|    approx_kl            | 0.017209176 |
|    clip_fraction        | 0.164       |
|    clip_range           | 0.2         |
|    entropy_loss         | -1.28       |
|    explained_variance   | 0.561       |
|    learning_rate        | 0.0003      |
|    loss                 | 1.29        |
|    n_updates            | 50          |
|    policy_gradient_loss | -0.00911    |
|    std                  | 0.855       |
|    value_loss           | 4.05        |
-----------------------------------------
-----------------------------------------
| rollout/                |             |
|    ep_len_mean          | 82.3        |
|    ep_rew_mean          | 0.393       |
| time/                   |             |
|    fps                  | 207         |
|    iterations           | 7           |
|    time_elapsed         | 276         |
|    total_timesteps      | 57344       |
| train/                  |             |
|    approx_kl            | 0.011435249 |
|    clip_fraction        | 0.105       |
|    clip_range           | 0.2         |
|    entropy_loss         | -1.23       |
|    explained_variance   | 0.172       |
|    learning_rate        | 0.0003      |
|    loss                 | 2.28        |
|    n_updates            | 60          |
|    policy_gradient_loss | -0.00808    |
|    std                  | 0.811       |
|    value_loss           | 7.54        |
-----------------------------------------
------------------------------------------
| rollout/                |              |
|    ep_len_mean          | 94.9         |
|    ep_rew_mean          | 2.25         |
| time/                   |              |
|    fps                  | 205          |
|    iterations           | 8            |
|    time_elapsed         | 318          |
|    total_timesteps      | 65536        |
| train/                  |              |
|    approx_kl            | 0.0064744754 |
|    clip_fraction        | 0.0815       |
|    clip_range           | 0.2          |
|    entropy_loss         | -1.21        |
|    explained_variance   | 0.558        |
|    learning_rate        | 0.0003       |
|    loss                 | 2.72         |
|    n_updates            | 70           |
|    policy_gradient_loss | -0.00638     |
|    std                  | 0.814        |
|    value_loss           | 6.8          |
------------------------------------------
-----------------------------------------
| rollout/                |             |
|    ep_len_mean          | 101         |
|    ep_rew_mean          | 7.26        |
| time/                   |             |
|    fps                  | 206         |
|    iterations           | 9           |
|    time_elapsed         | 356         |
|    total_timesteps      | 73728       |
| train/                  |             |
|    approx_kl            | 0.010296196 |
|    clip_fraction        | 0.135       |
|    clip_range           | 0.2         |
|    entropy_loss         | -1.2        |
|    explained_variance   | 0.837       |
|    learning_rate        | 0.0003      |
|    loss                 | 1.96        |
|    n_updates            | 80          |
|    policy_gradient_loss | -0.0111     |
|    std                  | 0.804       |
|    value_loss           | 4.22        |
-----------------------------------------
----------------------------------------
| rollout/                |            |
|    ep_len_mean          | 112        |
|    ep_rew_mean          | 12.7       |
| time/                   |            |
|    fps                  | 208        |
|    iterations           | 10         |
|    time_elapsed         | 393        |
|    total_timesteps      | 81920      |
| train/                  |            |
|    approx_kl            | 0.01286233 |
|    clip_fraction        | 0.166      |
|    clip_range           | 0.2        |
|    entropy_loss         | -1.18      |
|    explained_variance   | 0.899      |
|    learning_rate        | 0.0003     |
|    loss                 | 2.04       |
|    n_updates            | 90         |
|    policy_gradient_loss | -0.0153    |
|    std                  | 0.778      |
|    value_loss           | 3.07       |
----------------------------------------
-----------------------------------------
| rollout/                |             |
|    ep_len_mean          | 109         |
|    ep_rew_mean          | 15          |
| time/                   |             |
|    fps                  | 211         |
|    iterations           | 11          |
|    time_elapsed         | 426         |
|    total_timesteps      | 90112       |
| train/                  |             |
|    approx_kl            | 0.011227425 |
|    clip_fraction        | 0.159       |
|    clip_range           | 0.2         |
|    entropy_loss         | -1.15       |
|    explained_variance   | 0.866       |
|    learning_rate        | 0.0003      |
|    loss                 | 0.758       |
|    n_updates            | 100         |
|    policy_gradient_loss | -0.0116     |
|    std                  | 0.76        |
|    value_loss           | 1.62        |
-----------------------------------------
-----------------------------------------
| rollout/                |             |
|    ep_len_mean          | 115         |
|    ep_rew_mean          | 16.7        |
| time/                   |             |
|    fps                  | 213         |
|    iterations           | 12          |
|    time_elapsed         | 461         |
|    total_timesteps      | 98304       |
| train/                  |             |
|    approx_kl            | 0.009944413 |
|    clip_fraction        | 0.134       |
|    clip_range           | 0.2         |
|    entropy_loss         | -1.13       |
|    explained_variance   | 0.873       |
|    learning_rate        | 0.0003      |
|    loss                 | 0.551       |
|    n_updates            | 110         |
|    policy_gradient_loss | -0.00955    |
|    std                  | 0.745       |
|    value_loss           | 1.29        |
-----------------------------------------
-----------------------------------------
| rollout/                |             |
|    ep_len_mean          | 116         |
|    ep_rew_mean          | 19.2        |
| time/                   |             |
|    fps                  | 213         |
|    iterations           | 13          |
|    time_elapsed         | 498         |
|    total_timesteps      | 106496      |
| train/                  |             |
|    approx_kl            | 0.012865811 |
|    clip_fraction        | 0.163       |
|    clip_range           | 0.2         |
|    entropy_loss         | -1.1        |
|    explained_variance   | 0.906       |
|    learning_rate        | 0.0003      |
|    loss                 | 0.323       |
|    n_updates            | 120         |
|    policy_gradient_loss | -0.0115     |
|    std                  | 0.717       |
|    value_loss           | 0.802       |
-----------------------------------------
-----------------------------------------
| rollout/                |             |
|    ep_len_mean          | 111         |
|    ep_rew_mean          | 22.4        |
| time/                   |             |
|    fps                  | 214         |
|    iterations           | 14          |
|    time_elapsed         | 534         |
|    total_timesteps      | 114688      |
| train/                  |             |
|    approx_kl            | 0.013904575 |
|    clip_fraction        | 0.18        |
|    clip_range           | 0.2         |
|    entropy_loss         | -1.07       |
|    explained_variance   | 0.909       |
|    learning_rate        | 0.0003      |
|    loss                 | 0.183       |
|    n_updates            | 130         |
|    policy_gradient_loss | -0.0114     |
|    std                  | 0.693       |
|    value_loss           | 0.912       |
-----------------------------------------
----------------------------------------
| rollout/                |            |
|    ep_len_mean          | 117        |
|    ep_rew_mean          | 27.2       |
| time/                   |            |
|    fps                  | 215        |
|    iterations           | 15         |
|    time_elapsed         | 568        |
|    total_timesteps      | 122880     |
| train/                  |            |
|    approx_kl            | 0.01693711 |
|    clip_fraction        | 0.185      |
|    clip_range           | 0.2        |
|    entropy_loss         | -1.02      |
|    explained_variance   | 0.851      |
|    learning_rate        | 0.0003     |
|    loss                 | 0.321      |
|    n_updates            | 140        |
|    policy_gradient_loss | -0.0115    |
|    std                  | 0.657      |
|    value_loss           | 1.59       |
----------------------------------------
----------------------------------------
| rollout/                |            |
|    ep_len_mean          | 124        |
|    ep_rew_mean          | 32.1       |
| time/                   |            |
|    fps                  | 217        |
|    iterations           | 16         |
|    time_elapsed         | 602        |
|    total_timesteps      | 131072     |
| train/                  |            |
|    approx_kl            | 0.01558318 |
|    clip_fraction        | 0.19       |
|    clip_range           | 0.2        |
|    entropy_loss         | -0.986     |
|    explained_variance   | 0.865      |
|    learning_rate        | 0.0003     |
|    loss                 | 0.268      |
|    n_updates            | 150        |
|    policy_gradient_loss | -0.0165    |
|    std                  | 0.644      |
|    value_loss           | 1.22       |
----------------------------------------
-----------------------------------------
| rollout/                |             |
|    ep_len_mean          | 118         |
|    ep_rew_mean          | 32.3        |
| time/                   |             |
|    fps                  | 219         |
|    iterations           | 17          |
|    time_elapsed         | 633         |
|    total_timesteps      | 139264      |
| train/                  |             |
|    approx_kl            | 0.017641224 |
|    clip_fraction        | 0.229       |
|    clip_range           | 0.2         |
|    entropy_loss         | -0.948      |
|    explained_variance   | 0.876       |
|    learning_rate        | 0.0003      |
|    loss                 | 0.203       |
|    n_updates            | 160         |
|    policy_gradient_loss | -0.0233     |
|    std                  | 0.615       |
|    value_loss           | 0.808       |
-----------------------------------------
-----------------------------------------
| rollout/                |             |
|    ep_len_mean          | 123         |
|    ep_rew_mean          | 34.6        |
| time/                   |             |
|    fps                  | 219         |
|    iterations           | 18          |
|    time_elapsed         | 673         |
|    total_timesteps      | 147456      |
| train/                  |             |
|    approx_kl            | 0.008531781 |
|    clip_fraction        | 0.0698      |
|    clip_range           | 0.2         |
|    entropy_loss         | -0.935      |
|    explained_variance   | 0.506       |
|    learning_rate        | 0.0003      |
|    loss                 | 1.71        |
|    n_updates            | 170         |
|    policy_gradient_loss | -0.00457    |
|    std                  | 0.621       |
|    value_loss           | 4.39        |
-----------------------------------------
-----------------------------------------
| rollout/                |             |
|    ep_len_mean          | 125         |
|    ep_rew_mean          | 36.1        |
| time/                   |             |
|    fps                  | 220         |
|    iterations           | 19          |
|    time_elapsed         | 704         |
|    total_timesteps      | 155648      |
| train/                  |             |
|    approx_kl            | 0.012054643 |
|    clip_fraction        | 0.164       |
|    clip_range           | 0.2         |
|    entropy_loss         | -0.926      |
|    explained_variance   | 0.784       |
|    learning_rate        | 0.0003      |
|    loss                 | 0.209       |
|    n_updates            | 180         |
|    policy_gradient_loss | -0.0152     |
|    std                  | 0.607       |
|    value_loss           | 0.883       |
-----------------------------------------
-----------------------------------------
| rollout/                |             |
|    ep_len_mean          | 125         |
|    ep_rew_mean          | 36.9        |
| time/                   |             |
|    fps                  | 222         |
|    iterations           | 20          |
|    time_elapsed         | 737         |
|    total_timesteps      | 163840      |
| train/                  |             |
|    approx_kl            | 0.013025399 |
|    clip_fraction        | 0.161       |
|    clip_range           | 0.2         |
|    entropy_loss         | -0.9        |
|    explained_variance   | 0.866       |
|    learning_rate        | 0.0003      |
|    loss                 | 0.0889      |
|    n_updates            | 190         |
|    policy_gradient_loss | -0.0124     |
|    std                  | 0.591       |
|    value_loss           | 0.48        |
-----------------------------------------
------------------------------------------
| rollout/                |              |
|    ep_len_mean          | 125          |
|    ep_rew_mean          | 36.3         |
| time/                   |              |
|    fps                  | 222          |
|    iterations           | 21           |
|    time_elapsed         | 773          |
|    total_timesteps      | 172032       |
| train/                  |              |
|    approx_kl            | 0.0065450133 |
|    clip_fraction        | 0.0835       |
|    clip_range           | 0.2          |
|    entropy_loss         | -0.884       |
|    explained_variance   | 0.699        |
|    learning_rate        | 0.0003       |
|    loss                 | 0.43         |
|    n_updates            | 200          |
|    policy_gradient_loss | -0.0039      |
|    std                  | 0.584        |
|    value_loss           | 1.28         |
------------------------------------------
-----------------------------------------
| rollout/                |             |
|    ep_len_mean          | 125         |
|    ep_rew_mean          | 36.7        |
| time/                   |             |
|    fps                  | 222         |
|    iterations           | 22          |
|    time_elapsed         | 808         |
|    total_timesteps      | 180224      |
| train/                  |             |
|    approx_kl            | 0.006790603 |
|    clip_fraction        | 0.108       |
|    clip_range           | 0.2         |
|    entropy_loss         | -0.883      |
|    explained_variance   | 0.401       |
|    learning_rate        | 0.0003      |
|    loss                 | 3.86        |
|    n_updates            | 210         |
|    policy_gradient_loss | -0.00313    |
|    std                  | 0.587       |
|    value_loss           | 4.94        |
-----------------------------------------
------------------------------------------
| rollout/                |              |
|    ep_len_mean          | 126          |
|    ep_rew_mean          | 37.2         |
| time/                   |              |
|    fps                  | 222          |
|    iterations           | 23           |
|    time_elapsed         | 845          |
|    total_timesteps      | 188416       |
| train/                  |              |
|    approx_kl            | 0.0057283025 |
|    clip_fraction        | 0.088        |
|    clip_range           | 0.2          |
|    entropy_loss         | -0.872       |
|    explained_variance   | 0.714        |
|    learning_rate        | 0.0003       |
|    loss                 | 1.93         |
|    n_updates            | 220          |
|    policy_gradient_loss | -0.00396     |
|    std                  | 0.576        |
|    value_loss           | 1.35         |
------------------------------------------
-----------------------------------------
| rollout/                |             |
|    ep_len_mean          | 126         |
|    ep_rew_mean          | 37.1        |
| time/                   |             |
|    fps                  | 223         |
|    iterations           | 24          |
|    time_elapsed         | 880         |
|    total_timesteps      | 196608      |
| train/                  |             |
|    approx_kl            | 0.004172191 |
|    clip_fraction        | 0.077       |
|    clip_range           | 0.2         |
|    entropy_loss         | -0.862      |
|    explained_variance   | 0.925       |
|    learning_rate        | 0.0003      |
|    loss                 | 0.0636      |
|    n_updates            | 230         |
|    policy_gradient_loss | 0.000922    |
|    std                  | 0.571       |
|    value_loss           | 0.125       |
-----------------------------------------
-----------------------------------------
| rollout/                |             |
|    ep_len_mean          | 126         |
|    ep_rew_mean          | 37.1        |
| time/                   |             |
|    fps                  | 224         |
|    iterations           | 25          |
|    time_elapsed         | 910         |
|    total_timesteps      | 204800      |
| train/                  |             |
|    approx_kl            | 0.005857177 |
|    clip_fraction        | 0.0614      |
|    clip_range           | 0.2         |
|    entropy_loss         | -0.838      |
|    explained_variance   | 0.945       |
|    learning_rate        | 0.0003      |
|    loss                 | 0.0513      |
|    n_updates            | 240         |
|    policy_gradient_loss | 0.000499    |
|    std                  | 0.555       |
|    value_loss           | 0.0978      |
-----------------------------------------
------------------------------------------
| rollout/                |              |
|    ep_len_mean          | 126          |
|    ep_rew_mean          | 37           |
| time/                   |              |
|    fps                  | 225          |
|    iterations           | 26           |
|    time_elapsed         | 946          |
|    total_timesteps      | 212992       |
| train/                  |              |
|    approx_kl            | 0.0043546143 |
|    clip_fraction        | 0.0595       |
|    clip_range           | 0.2          |
|    entropy_loss         | -0.829       |
|    explained_variance   | 0.928        |
|    learning_rate        | 0.0003       |
|    loss                 | 0.0381       |
|    n_updates            | 250          |
|    policy_gradient_loss | 0.00165      |
|    std                  | 0.554        |
|    value_loss           | 0.0972       |
------------------------------------------
-----------------------------------------
| rollout/                |             |
|    ep_len_mean          | 126         |
|    ep_rew_mean          | 36.9        |
| time/                   |             |
|    fps                  | 226         |
|    iterations           | 27          |
|    time_elapsed         | 977         |
|    total_timesteps      | 221184      |
| train/                  |             |
|    approx_kl            | 0.005919927 |
|    clip_fraction        | 0.0667      |
|    clip_range           | 0.2         |
|    entropy_loss         | -0.82       |
|    explained_variance   | 0.932       |
|    learning_rate        | 0.0003      |
|    loss                 | 0.0268      |
|    n_updates            | 260         |
|    policy_gradient_loss | -0.00084    |
|    std                  | 0.548       |
|    value_loss           | 0.0851      |
-----------------------------------------
------------------------------------------
| rollout/                |              |
|    ep_len_mean          | 126          |
|    ep_rew_mean          | 37           |
| time/                   |              |
|    fps                  | 226          |
|    iterations           | 28           |
|    time_elapsed         | 1011         |
|    total_timesteps      | 229376       |
| train/                  |              |
|    approx_kl            | 0.0050082505 |
|    clip_fraction        | 0.0586       |
|    clip_range           | 0.2          |
|    entropy_loss         | -0.804       |
|    explained_variance   | 0.928        |
|    learning_rate        | 0.0003       |
|    loss                 | 0.0314       |
|    n_updates            | 270          |
|    policy_gradient_loss | 0.000695     |
|    std                  | 0.54         |
|    value_loss           | 0.0868       |
------------------------------------------
-----------------------------------------
| rollout/                |             |
|    ep_len_mean          | 126         |
|    ep_rew_mean          | 37.4        |
| time/                   |             |
|    fps                  | 227         |
|    iterations           | 29          |
|    time_elapsed         | 1042        |
|    total_timesteps      | 237568      |
| train/                  |             |
|    approx_kl            | 0.006364771 |
|    clip_fraction        | 0.0618      |
|    clip_range           | 0.2         |
|    entropy_loss         | -0.792      |
|    explained_variance   | 0.935       |
|    learning_rate        | 0.0003      |
|    loss                 | 0.024       |
|    n_updates            | 280         |
|    policy_gradient_loss | 0.000824    |
|    std                  | 0.531       |
|    value_loss           | 0.0802      |
-----------------------------------------
----------------------------------------
| rollout/                |            |
|    ep_len_mean          | 126        |
|    ep_rew_mean          | 37.7       |
| time/                   |            |
|    fps                  | 227        |
|    iterations           | 30         |
|    time_elapsed         | 1079       |
|    total_timesteps      | 245760     |
| train/                  |            |
|    approx_kl            | 0.00808289 |
|    clip_fraction        | 0.0625     |
|    clip_range           | 0.2        |
|    entropy_loss         | -0.786     |
|    explained_variance   | 0.938      |
|    learning_rate        | 0.0003     |
|    loss                 | 0.00583    |
|    n_updates            | 290        |
|    policy_gradient_loss | 0.000554   |
|    std                  | 0.531      |
|    value_loss           | 0.0878     |
----------------------------------------
-----------------------------------------
| rollout/                |             |
|    ep_len_mean          | 126         |
|    ep_rew_mean          | 37.6        |
| time/                   |             |
|    fps                  | 228         |
|    iterations           | 31          |
|    time_elapsed         | 1113        |
|    total_timesteps      | 253952      |
| train/                  |             |
|    approx_kl            | 0.003402622 |
|    clip_fraction        | 0.0559      |
|    clip_range           | 0.2         |
|    entropy_loss         | -0.777      |
|    explained_variance   | 0.944       |
|    learning_rate        | 0.0003      |
|    loss                 | 0.0388      |
|    n_updates            | 300         |
|    policy_gradient_loss | 0.0016      |
|    std                  | 0.526       |
|    value_loss           | 0.0931      |
-----------------------------------------
------------------------------------------
| rollout/                |              |
|    ep_len_mean          | 125          |
|    ep_rew_mean          | 36.4         |
| time/                   |              |
|    fps                  | 227          |
|    iterations           | 32           |
|    time_elapsed         | 1150         |
|    total_timesteps      | 262144       |
| train/                  |              |
|    approx_kl            | 0.0030300617 |
|    clip_fraction        | 0.0552       |
|    clip_range           | 0.2          |
|    entropy_loss         | -0.778       |
|    explained_variance   | 0.406        |
|    learning_rate        | 0.0003       |
|    loss                 | 0.0707       |
|    n_updates            | 310          |
|    policy_gradient_loss | 0.00157      |
|    std                  | 0.528        |
|    value_loss           | 2.59         |
------------------------------------------
------------------------------------------
| rollout/                |              |
|    ep_len_mean          | 126          |
|    ep_rew_mean          | 36.5         |
| time/                   |              |
|    fps                  | 227          |
|    iterations           | 33           |
|    time_elapsed         | 1185         |
|    total_timesteps      | 270336       |
| train/                  |              |
|    approx_kl            | 0.0089218095 |
|    clip_fraction        | 0.108        |
|    clip_range           | 0.2          |
|    entropy_loss         | -0.781       |
|    explained_variance   | 0.0308       |
|    learning_rate        | 0.0003       |
|    loss                 | 2.66         |
|    n_updates            | 320          |
|    policy_gradient_loss | -0.00199     |
|    std                  | 0.53         |
|    value_loss           | 14.6         |
------------------------------------------
-----------------------------------------
| rollout/                |             |
|    ep_len_mean          | 126         |
|    ep_rew_mean          | 37.5        |
| time/                   |             |
|    fps                  | 228         |
|    iterations           | 34          |
|    time_elapsed         | 1219        |
|    total_timesteps      | 278528      |
| train/                  |             |
|    approx_kl            | 0.014571866 |
|    clip_fraction        | 0.168       |
|    clip_range           | 0.2         |
|    entropy_loss         | -0.766      |
|    explained_variance   | 0.443       |
|    learning_rate        | 0.0003      |
|    loss                 | 2.65        |
|    n_updates            | 330         |
|    policy_gradient_loss | -0.00953    |
|    std                  | 0.517       |
|    value_loss           | 3.34        |
-----------------------------------------
----------------------------------------
| rollout/                |            |
|    ep_len_mean          | 126        |
|    ep_rew_mean          | 37.6       |
| time/                   |            |
|    fps                  | 228        |
|    iterations           | 35         |
|    time_elapsed         | 1256       |
|    total_timesteps      | 286720     |
| train/                  |            |
|    approx_kl            | 0.00919473 |
|    clip_fraction        | 0.114      |
|    clip_range           | 0.2        |
|    entropy_loss         | -0.74      |
|    explained_variance   | 0.942      |
|    learning_rate        | 0.0003     |
|    loss                 | 0.0159     |
|    n_updates            | 340        |
|    policy_gradient_loss | -0.00343   |
|    std                  | 0.503      |
|    value_loss           | 0.0489     |
----------------------------------------
-----------------------------------------
| rollout/                |             |
|    ep_len_mean          | 126         |
|    ep_rew_mean          | 37.4        |
| time/                   |             |
|    fps                  | 228         |
|    iterations           | 36          |
|    time_elapsed         | 1293        |
|    total_timesteps      | 294912      |
| train/                  |             |
|    approx_kl            | 0.005326269 |
|    clip_fraction        | 0.0708      |
|    clip_range           | 0.2         |
|    entropy_loss         | -0.716      |
|    explained_variance   | 0.952       |
|    learning_rate        | 0.0003      |
|    loss                 | 0.0212      |
|    n_updates            | 350         |
|    policy_gradient_loss | -0.00145    |
|    std                  | 0.493       |
|    value_loss           | 0.0471      |
-----------------------------------------
------------------------------------------
| rollout/                |              |
|    ep_len_mean          | 126          |
|    ep_rew_mean          | 37.4         |
| time/                   |              |
|    fps                  | 227          |
|    iterations           | 37           |
|    time_elapsed         | 1329         |
|    total_timesteps      | 303104       |
| train/                  |              |
|    approx_kl            | 0.0031561926 |
|    clip_fraction        | 0.0519       |
|    clip_range           | 0.2          |
|    entropy_loss         | -0.696       |
|    explained_variance   | 0.959        |
|    learning_rate        | 0.0003       |
|    loss                 | 0.0458       |
|    n_updates            | 360          |
|    policy_gradient_loss | 0.00105      |
|    std                  | 0.48         |
|    value_loss           | 0.0475       |
------------------------------------------
-----------------------------------------
| rollout/                |             |
|    ep_len_mean          | 126         |
|    ep_rew_mean          | 37.6        |
| time/                   |             |
|    fps                  | 228         |
|    iterations           | 38          |
|    time_elapsed         | 1365        |
|    total_timesteps      | 311296      |
| train/                  |             |
|    approx_kl            | 0.004919435 |
|    clip_fraction        | 0.0576      |
|    clip_range           | 0.2         |
|    entropy_loss         | -0.684      |
|    explained_variance   | 0.966       |
|    learning_rate        | 0.0003      |
|    loss                 | 0.0552      |
|    n_updates            | 370         |
|    policy_gradient_loss | 0.0014      |
|    std                  | 0.481       |
|    value_loss           | 0.0576      |
-----------------------------------------
------------------------------------------
| rollout/                |              |
|    ep_len_mean          | 126          |
|    ep_rew_mean          | 36.9         |
| time/                   |              |
|    fps                  | 228          |
|    iterations           | 39           |
|    time_elapsed         | 1401         |
|    total_timesteps      | 319488       |
| train/                  |              |
|    approx_kl            | 0.0073433365 |
|    clip_fraction        | 0.0794       |
|    clip_range           | 0.2          |
|    entropy_loss         | -0.684       |
|    explained_variance   | 0.971        |
|    learning_rate        | 0.0003       |
|    loss                 | 0.0258       |
|    n_updates            | 380          |
|    policy_gradient_loss | 0.000822     |
|    std                  | 0.479        |
|    value_loss           | 0.0496       |
------------------------------------------
------------------------------------------
| rollout/                |              |
|    ep_len_mean          | 126          |
|    ep_rew_mean          | 37           |
| time/                   |              |
|    fps                  | 228          |
|    iterations           | 40           |
|    time_elapsed         | 1434         |
|    total_timesteps      | 327680       |
| train/                  |              |
|    approx_kl            | 0.0043355543 |
|    clip_fraction        | 0.0596       |
|    clip_range           | 0.2          |
|    entropy_loss         | -0.685       |
|    explained_variance   | 0.972        |
|    learning_rate        | 0.0003       |
|    loss                 | 0.00161      |
|    n_updates            | 390          |
|    policy_gradient_loss | 0.000595     |
|    std                  | 0.481        |
|    value_loss           | 0.0542       |
------------------------------------------
------------------------------------------
| rollout/                |              |
|    ep_len_mean          | 126          |
|    ep_rew_mean          | 37           |
| time/                   |              |
|    fps                  | 228          |
|    iterations           | 41           |
|    time_elapsed         | 1468         |
|    total_timesteps      | 335872       |
| train/                  |              |
|    approx_kl            | 0.0036953092 |
|    clip_fraction        | 0.0649       |
|    clip_range           | 0.2          |
|    entropy_loss         | -0.683       |
|    explained_variance   | 0.971        |
|    learning_rate        | 0.0003       |
|    loss                 | 0.0108       |
|    n_updates            | 400          |
|    policy_gradient_loss | 0.000186     |
|    std                  | 0.477        |
|    value_loss           | 0.0597       |
------------------------------------------
------------------------------------------
| rollout/                |              |
|    ep_len_mean          | 126          |
|    ep_rew_mean          | 37.5         |
| time/                   |              |
|    fps                  | 228          |
|    iterations           | 42           |
|    time_elapsed         | 1506         |
|    total_timesteps      | 344064       |
| train/                  |              |
|    approx_kl            | 0.0050214324 |
|    clip_fraction        | 0.0687       |
|    clip_range           | 0.2          |
|    entropy_loss         | -0.668       |
|    explained_variance   | 0.973        |
|    learning_rate        | 0.0003       |
|    loss                 | 0.0466       |
|    n_updates            | 410          |
|    policy_gradient_loss | 7.52e-05     |
|    std                  | 0.47         |
|    value_loss           | 0.0573       |
------------------------------------------
-----------------------------------------
| rollout/                |             |
|    ep_len_mean          | 126         |
|    ep_rew_mean          | 37.4        |
| time/                   |             |
|    fps                  | 228         |
|    iterations           | 43          |
|    time_elapsed         | 1542        |
|    total_timesteps      | 352256      |
| train/                  |             |
|    approx_kl            | 0.009081316 |
|    clip_fraction        | 0.0985      |
|    clip_range           | 0.2         |
|    entropy_loss         | -0.646      |
|    explained_variance   | 0.966       |
|    learning_rate        | 0.0003      |
|    loss                 | 0.0333      |
|    n_updates            | 420         |
|    policy_gradient_loss | -0.00316    |
|    std                  | 0.457       |
|    value_loss           | 0.0592      |
-----------------------------------------
------------------------------------------
| rollout/                |              |
|    ep_len_mean          | 126          |
|    ep_rew_mean          | 37.1         |
| time/                   |              |
|    fps                  | 228          |
|    iterations           | 44           |
|    time_elapsed         | 1578         |
|    total_timesteps      | 360448       |
| train/                  |              |
|    approx_kl            | 0.0049683587 |
|    clip_fraction        | 0.067        |
|    clip_range           | 0.2          |
|    entropy_loss         | -0.629       |
|    explained_variance   | 0.972        |
|    learning_rate        | 0.0003       |
|    loss                 | 0.0164       |
|    n_updates            | 430          |
|    policy_gradient_loss | 0.000758     |
|    std                  | 0.453        |
|    value_loss           | 0.0577       |
------------------------------------------
------------------------------------------
| rollout/                |              |
|    ep_len_mean          | 126          |
|    ep_rew_mean          | 37.2         |
| time/                   |              |
|    fps                  | 228          |
|    iterations           | 45           |
|    time_elapsed         | 1614         |
|    total_timesteps      | 368640       |
| train/                  |              |
|    approx_kl            | 0.0048023826 |
|    clip_fraction        | 0.0746       |
|    clip_range           | 0.2          |
|    entropy_loss         | -0.624       |
|    explained_variance   | 0.975        |
|    learning_rate        | 0.0003       |
|    loss                 | 0.0188       |
|    n_updates            | 440          |
|    policy_gradient_loss | 0.00183      |
|    std                  | 0.45         |
|    value_loss           | 0.054        |
------------------------------------------
------------------------------------------
| rollout/                |              |
|    ep_len_mean          | 126          |
|    ep_rew_mean          | 37.1         |
| time/                   |              |
|    fps                  | 228          |
|    iterations           | 46           |
|    time_elapsed         | 1652         |
|    total_timesteps      | 376832       |
| train/                  |              |
|    approx_kl            | 0.0071580647 |
|    clip_fraction        | 0.0675       |
|    clip_range           | 0.2          |
|    entropy_loss         | -0.611       |
|    explained_variance   | 0.97         |
|    learning_rate        | 0.0003       |
|    loss                 | 0.0297       |
|    n_updates            | 450          |
|    policy_gradient_loss | 0.000693     |
|    std                  | 0.446        |
|    value_loss           | 0.0615       |
------------------------------------------
------------------------------------------
| rollout/                |              |
|    ep_len_mean          | 126          |
|    ep_rew_mean          | 37.1         |
| time/                   |              |
|    fps                  | 228          |
|    iterations           | 47           |
|    time_elapsed         | 1685         |
|    total_timesteps      | 385024       |
| train/                  |              |
|    approx_kl            | 0.0035500242 |
|    clip_fraction        | 0.0807       |
|    clip_range           | 0.2          |
|    entropy_loss         | -0.608       |
|    explained_variance   | 0.974        |
|    learning_rate        | 0.0003       |
|    loss                 | 0.0206       |
|    n_updates            | 460          |
|    policy_gradient_loss | 0.00155      |
|    std                  | 0.445        |
|    value_loss           | 0.0553       |
------------------------------------------
---------------------------------------
| rollout/                |           |
|    ep_len_mean          | 126       |
|    ep_rew_mean          | 37.3      |
| time/                   |           |
|    fps                  | 229       |
|    iterations           | 48        |
|    time_elapsed         | 1715      |
|    total_timesteps      | 393216    |
| train/                  |           |
|    approx_kl            | 0.0058899 |
|    clip_fraction        | 0.0663    |
|    clip_range           | 0.2       |
|    entropy_loss         | -0.602    |
|    explained_variance   | 0.978     |
|    learning_rate        | 0.0003    |
|    loss                 | 0.0191    |
|    n_updates            | 470       |
|    policy_gradient_loss | 0.00173   |
|    std                  | 0.442     |
|    value_loss           | 0.048     |
---------------------------------------
----------------------------------------
| rollout/                |            |
|    ep_len_mean          | 126        |
|    ep_rew_mean          | 37.1       |
| time/                   |            |
|    fps                  | 229        |
|    iterations           | 49         |
|    time_elapsed         | 1749       |
|    total_timesteps      | 401408     |
| train/                  |            |
|    approx_kl            | 0.00884714 |
|    clip_fraction        | 0.0739     |
|    clip_range           | 0.2        |
|    entropy_loss         | -0.589     |
|    explained_variance   | 0.975      |
|    learning_rate        | 0.0003     |
|    loss                 | 0.025      |
|    n_updates            | 480        |
|    policy_gradient_loss | 0.00154    |
|    std                  | 0.436      |
|    value_loss           | 0.057      |
----------------------------------------
-----------------------------------------
| rollout/                |             |
|    ep_len_mean          | 126         |
|    ep_rew_mean          | 36.8        |
| time/                   |             |
|    fps                  | 229         |
|    iterations           | 50          |
|    time_elapsed         | 1783        |
|    total_timesteps      | 409600      |
| train/                  |             |
|    approx_kl            | 0.008066207 |
|    clip_fraction        | 0.077       |
|    clip_range           | 0.2         |
|    entropy_loss         | -0.593      |
|    explained_variance   | 0.975       |
|    learning_rate        | 0.0003      |
|    loss                 | 0.0133      |
|    n_updates            | 490         |
|    policy_gradient_loss | 0.000376    |
|    std                  | 0.436       |
|    value_loss           | 0.0538      |
-----------------------------------------
------------------------------------------
| rollout/                |              |
|    ep_len_mean          | 126          |
|    ep_rew_mean          | 36.6         |
| time/                   |              |
|    fps                  | 229          |
|    iterations           | 51           |
|    time_elapsed         | 1817         |
|    total_timesteps      | 417792       |
| train/                  |              |
|    approx_kl            | 0.0068397126 |
|    clip_fraction        | 0.0931       |
|    clip_range           | 0.2          |
|    entropy_loss         | -0.591       |
|    explained_variance   | 0.972        |
|    learning_rate        | 0.0003       |
|    loss                 | 0.0225       |
|    n_updates            | 500          |
|    policy_gradient_loss | -0.000518    |
|    std                  | 0.438        |
|    value_loss           | 0.0531       |
------------------------------------------
-----------------------------------------
| rollout/                |             |
|    ep_len_mean          | 126         |
|    ep_rew_mean          | 36.7        |
| time/                   |             |
|    fps                  | 230         |
|    iterations           | 52          |
|    time_elapsed         | 1851        |
|    total_timesteps      | 425984      |
| train/                  |             |
|    approx_kl            | 0.004976439 |
|    clip_fraction        | 0.0776      |
|    clip_range           | 0.2         |
|    entropy_loss         | -0.589      |
|    explained_variance   | 0.972       |
|    learning_rate        | 0.0003      |
|    loss                 | 0.0179      |
|    n_updates            | 510         |
|    policy_gradient_loss | 0.00223     |
|    std                  | 0.433       |
|    value_loss           | 0.0561      |
-----------------------------------------
------------------------------------------
| rollout/                |              |
|    ep_len_mean          | 126          |
|    ep_rew_mean          | 36.6         |
| time/                   |              |
|    fps                  | 229          |
|    iterations           | 53           |
|    time_elapsed         | 1888         |
|    total_timesteps      | 434176       |
| train/                  |              |
|    approx_kl            | 0.0067224987 |
|    clip_fraction        | 0.0758       |
|    clip_range           | 0.2          |
|    entropy_loss         | -0.582       |
|    explained_variance   | 0.976        |
|    learning_rate        | 0.0003       |
|    loss                 | 0.034        |
|    n_updates            | 520          |
|    policy_gradient_loss | 0.00195      |
|    std                  | 0.432        |
|    value_loss           | 0.0567       |
------------------------------------------
------------------------------------------
| rollout/                |              |
|    ep_len_mean          | 126          |
|    ep_rew_mean          | 37           |
| time/                   |              |
|    fps                  | 230          |
|    iterations           | 54           |
|    time_elapsed         | 1919         |
|    total_timesteps      | 442368       |
| train/                  |              |
|    approx_kl            | 0.0073929024 |
|    clip_fraction        | 0.0758       |
|    clip_range           | 0.2          |
|    entropy_loss         | -0.572       |
|    explained_variance   | 0.977        |
|    learning_rate        | 0.0003       |
|    loss                 | 0.0287       |
|    n_updates            | 530          |
|    policy_gradient_loss | 0.00246      |
|    std                  | 0.429        |
|    value_loss           | 0.0548       |
------------------------------------------
----------------------------------------
| rollout/                |            |
|    ep_len_mean          | 126        |
|    ep_rew_mean          | 36.8       |
| time/                   |            |
|    fps                  | 230        |
|    iterations           | 55         |
|    time_elapsed         | 1953       |
|    total_timesteps      | 450560     |
| train/                  |            |
|    approx_kl            | 0.00748437 |
|    clip_fraction        | 0.0742     |
|    clip_range           | 0.2        |
|    entropy_loss         | -0.559     |
|    explained_variance   | 0.98       |
|    learning_rate        | 0.0003     |
|    loss                 | -0.00506   |
|    n_updates            | 540        |
|    policy_gradient_loss | 0.00145    |
|    std                  | 0.42       |
|    value_loss           | 0.0481     |
----------------------------------------
------------------------------------------
| rollout/                |              |
|    ep_len_mean          | 126          |
|    ep_rew_mean          | 36.5         |
| time/                   |              |
|    fps                  | 230          |
|    iterations           | 56           |
|    time_elapsed         | 1991         |
|    total_timesteps      | 458752       |
| train/                  |              |
|    approx_kl            | 0.0132447425 |
|    clip_fraction        | 0.082        |
|    clip_range           | 0.2          |
|    entropy_loss         | -0.555       |
|    explained_variance   | 0.979        |
|    learning_rate        | 0.0003       |
|    loss                 | 0.0238       |
|    n_updates            | 550          |
|    policy_gradient_loss | 0.00259      |
|    std                  | 0.422        |
|    value_loss           | 0.0496       |
------------------------------------------
-----------------------------------------
| rollout/                |             |
|    ep_len_mean          | 126         |
|    ep_rew_mean          | 36.9        |
| time/                   |             |
|    fps                  | 230         |
|    iterations           | 57          |
|    time_elapsed         | 2030        |
|    total_timesteps      | 466944      |
| train/                  |             |
|    approx_kl            | 0.006891078 |
|    clip_fraction        | 0.0692      |
|    clip_range           | 0.2         |
|    entropy_loss         | -0.554      |
|    explained_variance   | 0.978       |
|    learning_rate        | 0.0003      |
|    loss                 | 0.00977     |
|    n_updates            | 560         |
|    policy_gradient_loss | 0.00214     |
|    std                  | 0.421       |
|    value_loss           | 0.0558      |
-----------------------------------------
-----------------------------------------
| rollout/                |             |
|    ep_len_mean          | 126         |
|    ep_rew_mean          | 36.9        |
| time/                   |             |
|    fps                  | 229         |
|    iterations           | 58          |
|    time_elapsed         | 2066        |
|    total_timesteps      | 475136      |
| train/                  |             |
|    approx_kl            | 0.005420325 |
|    clip_fraction        | 0.0673      |
|    clip_range           | 0.2         |
|    entropy_loss         | -0.55       |
|    explained_variance   | 0.977       |
|    learning_rate        | 0.0003      |
|    loss                 | 0.032       |
|    n_updates            | 570         |
|    policy_gradient_loss | 0.00195     |
|    std                  | 0.421       |
|    value_loss           | 0.057       |
-----------------------------------------
-----------------------------------------
| rollout/                |             |
|    ep_len_mean          | 126         |
|    ep_rew_mean          | 36.7        |
| time/                   |             |
|    fps                  | 229         |
|    iterations           | 59          |
|    time_elapsed         | 2101        |
|    total_timesteps      | 483328      |
| train/                  |             |
|    approx_kl            | 0.004081485 |
|    clip_fraction        | 0.0629      |
|    clip_range           | 0.2         |
|    entropy_loss         | -0.547      |
|    explained_variance   | 0.981       |
|    learning_rate        | 0.0003      |
|    loss                 | 0.0457      |
|    n_updates            | 580         |
|    policy_gradient_loss | 0.00124     |
|    std                  | 0.417       |
|    value_loss           | 0.0526      |
-----------------------------------------
-----------------------------------------
| rollout/                |             |
|    ep_len_mean          | 126         |
|    ep_rew_mean          | 36.7        |
| time/                   |             |
|    fps                  | 229         |
|    iterations           | 60          |
|    time_elapsed         | 2138        |
|    total_timesteps      | 491520      |
| train/                  |             |
|    approx_kl            | 0.005403946 |
|    clip_fraction        | 0.0649      |
|    clip_range           | 0.2         |
|    entropy_loss         | -0.537      |
|    explained_variance   | 0.982       |
|    learning_rate        | 0.0003      |
|    loss                 | 0.026       |
|    n_updates            | 590         |
|    policy_gradient_loss | 0.00167     |
|    std                  | 0.411       |
|    value_loss           | 0.0468      |
-----------------------------------------
------------------------------------------
| rollout/                |              |
|    ep_len_mean          | 126          |
|    ep_rew_mean          | 36.8         |
| time/                   |              |
|    fps                  | 229          |
|    iterations           | 61           |
|    time_elapsed         | 2173         |
|    total_timesteps      | 499712       |
| train/                  |              |
|    approx_kl            | 0.0040754443 |
|    clip_fraction        | 0.0777       |
|    clip_range           | 0.2          |
|    entropy_loss         | -0.526       |
|    explained_variance   | 0.982        |
|    learning_rate        | 0.0003       |
|    loss                 | 0.0261       |
|    n_updates            | 600          |
|    policy_gradient_loss | 0.000715     |
|    std                  | 0.41         |
|    value_loss           | 0.0467       |
------------------------------------------
------------------------------------------
| rollout/                |              |
|    ep_len_mean          | 126          |
|    ep_rew_mean          | 37           |
| time/                   |              |
|    fps                  | 229          |
|    iterations           | 62           |
|    time_elapsed         | 2209         |
|    total_timesteps      | 507904       |
| train/                  |              |
|    approx_kl            | 0.0051592137 |
|    clip_fraction        | 0.0655       |
|    clip_range           | 0.2          |
|    entropy_loss         | -0.521       |
|    explained_variance   | 0.979        |
|    learning_rate        | 0.0003       |
|    loss                 | 0.0285       |
|    n_updates            | 610          |
|    policy_gradient_loss | 0.00122      |
|    std                  | 0.406        |
|    value_loss           | 0.06         |
------------------------------------------
------------------------------------------
| rollout/                |              |
|    ep_len_mean          | 126          |
|    ep_rew_mean          | 36.9         |
| time/                   |              |
|    fps                  | 229          |
|    iterations           | 63           |
|    time_elapsed         | 2245         |
|    total_timesteps      | 516096       |
| train/                  |              |
|    approx_kl            | 0.0070708613 |
|    clip_fraction        | 0.0747       |
|    clip_range           | 0.2          |
|    entropy_loss         | -0.507       |
|    explained_variance   | 0.977        |
|    learning_rate        | 0.0003       |
|    loss                 | 0.0463       |
|    n_updates            | 620          |
|    policy_gradient_loss | 0.00138      |
|    std                  | 0.401        |
|    value_loss           | 0.0646       |
------------------------------------------
------------------------------------------
| rollout/                |              |
|    ep_len_mean          | 126          |
|    ep_rew_mean          | 36.7         |
| time/                   |              |
|    fps                  | 229          |
|    iterations           | 64           |
|    time_elapsed         | 2279         |
|    total_timesteps      | 524288       |
| train/                  |              |
|    approx_kl            | 0.0058366926 |
|    clip_fraction        | 0.072        |
|    clip_range           | 0.2          |
|    entropy_loss         | -0.498       |
|    explained_variance   | 0.981        |
|    learning_rate        | 0.0003       |
|    loss                 | 0.022        |
|    n_updates            | 630          |
|    policy_gradient_loss | 0.00127      |
|    std                  | 0.398        |
|    value_loss           | 0.056        |
------------------------------------------
-----------------------------------------
| rollout/                |             |
|    ep_len_mean          | 126         |
|    ep_rew_mean          | 36.9        |
| time/                   |             |
|    fps                  | 230         |
|    iterations           | 65          |
|    time_elapsed         | 2313        |
|    total_timesteps      | 532480      |
| train/                  |             |
|    approx_kl            | 0.007924055 |
|    clip_fraction        | 0.0862      |
|    clip_range           | 0.2         |
|    entropy_loss         | -0.491      |
|    explained_variance   | 0.977       |
|    learning_rate        | 0.0003      |
|    loss                 | 0.0571      |
|    n_updates            | 640         |
|    policy_gradient_loss | 0.00181     |
|    std                  | 0.394       |
|    value_loss           | 0.0668      |
-----------------------------------------
-----------------------------------------
| rollout/                |             |
|    ep_len_mean          | 126         |
|    ep_rew_mean          | 37          |
| time/                   |             |
|    fps                  | 230         |
|    iterations           | 66          |
|    time_elapsed         | 2349        |
|    total_timesteps      | 540672      |
| train/                  |             |
|    approx_kl            | 0.006091135 |
|    clip_fraction        | 0.0874      |
|    clip_range           | 0.2         |
|    entropy_loss         | -0.488      |
|    explained_variance   | 0.983       |
|    learning_rate        | 0.0003      |
|    loss                 | 0.0385      |
|    n_updates            | 650         |
|    policy_gradient_loss | 0.00242     |
|    std                  | 0.395       |
|    value_loss           | 0.0499      |
-----------------------------------------
------------------------------------------
| rollout/                |              |
|    ep_len_mean          | 126          |
|    ep_rew_mean          | 37.1         |
| time/                   |              |
|    fps                  | 230          |
|    iterations           | 67           |
|    time_elapsed         | 2384         |
|    total_timesteps      | 548864       |
| train/                  |              |
|    approx_kl            | 0.0067386664 |
|    clip_fraction        | 0.0792       |
|    clip_range           | 0.2          |
|    entropy_loss         | -0.483       |
|    explained_variance   | 0.98         |
|    learning_rate        | 0.0003       |
|    loss                 | 0.035        |
|    n_updates            | 660          |
|    policy_gradient_loss | 0.00207      |
|    std                  | 0.392        |
|    value_loss           | 0.0631       |
------------------------------------------
-----------------------------------------
| rollout/                |             |
|    ep_len_mean          | 126         |
|    ep_rew_mean          | 37          |
| time/                   |             |
|    fps                  | 229         |
|    iterations           | 68          |
|    time_elapsed         | 2422        |
|    total_timesteps      | 557056      |
| train/                  |             |
|    approx_kl            | 0.006920212 |
|    clip_fraction        | 0.0748      |
|    clip_range           | 0.2         |
|    entropy_loss         | -0.469      |
|    explained_variance   | 0.981       |
|    learning_rate        | 0.0003      |
|    loss                 | 0.0217      |
|    n_updates            | 670         |
|    policy_gradient_loss | 0.00154     |
|    std                  | 0.385       |
|    value_loss           | 0.0582      |
-----------------------------------------
------------------------------------------
| rollout/                |              |
|    ep_len_mean          | 126          |
|    ep_rew_mean          | 36.8         |
| time/                   |              |
|    fps                  | 230          |
|    iterations           | 69           |
|    time_elapsed         | 2455         |
|    total_timesteps      | 565248       |
| train/                  |              |
|    approx_kl            | 0.0043302746 |
|    clip_fraction        | 0.0808       |
|    clip_range           | 0.2          |
|    entropy_loss         | -0.452       |
|    explained_variance   | 0.982        |
|    learning_rate        | 0.0003       |
|    loss                 | 0.0284       |
|    n_updates            | 680          |
|    policy_gradient_loss | 0.00173      |
|    std                  | 0.379        |
|    value_loss           | 0.0531       |
------------------------------------------
------------------------------------------
| rollout/                |              |
|    ep_len_mean          | 126          |
|    ep_rew_mean          | 36.9         |
| time/                   |              |
|    fps                  | 230          |
|    iterations           | 70           |
|    time_elapsed         | 2486         |
|    total_timesteps      | 573440       |
| train/                  |              |
|    approx_kl            | 0.0060900487 |
|    clip_fraction        | 0.0797       |
|    clip_range           | 0.2          |
|    entropy_loss         | -0.436       |
|    explained_variance   | 0.984        |
|    learning_rate        | 0.0003       |
|    loss                 | 0.00538      |
|    n_updates            | 690          |
|    policy_gradient_loss | 0.00196      |
|    std                  | 0.374        |
|    value_loss           | 0.0477       |
------------------------------------------
-----------------------------------------
| rollout/                |             |
|    ep_len_mean          | 126         |
|    ep_rew_mean          | 37.2        |
| time/                   |             |
|    fps                  | 230         |
|    iterations           | 71          |
|    time_elapsed         | 2520        |
|    total_timesteps      | 581632      |
| train/                  |             |
|    approx_kl            | 0.006026961 |
|    clip_fraction        | 0.0774      |
|    clip_range           | 0.2         |
|    entropy_loss         | -0.428      |
|    explained_variance   | 0.982       |
|    learning_rate        | 0.0003      |
|    loss                 | 0.0287      |
|    n_updates            | 700         |
|    policy_gradient_loss | 0.00158     |
|    std                  | 0.369       |
|    value_loss           | 0.053       |
-----------------------------------------
-----------------------------------------
| rollout/                |             |
|    ep_len_mean          | 126         |
|    ep_rew_mean          | 37          |
| time/                   |             |
|    fps                  | 230         |
|    iterations           | 72          |
|    time_elapsed         | 2554        |
|    total_timesteps      | 589824      |
| train/                  |             |
|    approx_kl            | 0.008405981 |
|    clip_fraction        | 0.0877      |
|    clip_range           | 0.2         |
|    entropy_loss         | -0.421      |
|    explained_variance   | 0.98        |
|    learning_rate        | 0.0003      |
|    loss                 | 0.0422      |
|    n_updates            | 710         |
|    policy_gradient_loss | 0.00265     |
|    std                  | 0.367       |
|    value_loss           | 0.0623      |
-----------------------------------------
-----------------------------------------
| rollout/                |             |
|    ep_len_mean          | 126         |
|    ep_rew_mean          | 36.8        |
| time/                   |             |
|    fps                  | 231         |
|    iterations           | 73          |
|    time_elapsed         | 2586        |
|    total_timesteps      | 598016      |
| train/                  |             |
|    approx_kl            | 0.009888408 |
|    clip_fraction        | 0.0837      |
|    clip_range           | 0.2         |
|    entropy_loss         | -0.413      |
|    explained_variance   | 0.981       |
|    learning_rate        | 0.0003      |
|    loss                 | 0.0405      |
|    n_updates            | 720         |
|    policy_gradient_loss | 0.00198     |
|    std                  | 0.366       |
|    value_loss           | 0.0625      |
-----------------------------------------
-----------------------------------------
| rollout/                |             |
|    ep_len_mean          | 126         |
|    ep_rew_mean          | 37          |
| time/                   |             |
|    fps                  | 231         |
|    iterations           | 74          |
|    time_elapsed         | 2621        |
|    total_timesteps      | 606208      |
| train/                  |             |
|    approx_kl            | 0.009029818 |
|    clip_fraction        | 0.0949      |
|    clip_range           | 0.2         |
|    entropy_loss         | -0.41       |
|    explained_variance   | 0.977       |
|    learning_rate        | 0.0003      |
|    loss                 | 0.0229      |
|    n_updates            | 730         |
|    policy_gradient_loss | 0.00273     |
|    std                  | 0.365       |
|    value_loss           | 0.0566      |
-----------------------------------------
-----------------------------------------
| rollout/                |             |
|    ep_len_mean          | 126         |
|    ep_rew_mean          | 37.2        |
| time/                   |             |
|    fps                  | 231         |
|    iterations           | 75          |
|    time_elapsed         | 2656        |
|    total_timesteps      | 614400      |
| train/                  |             |
|    approx_kl            | 0.007800177 |
|    clip_fraction        | 0.0899      |
|    clip_range           | 0.2         |
|    entropy_loss         | -0.392      |
|    explained_variance   | 0.982       |
|    learning_rate        | 0.0003      |
|    loss                 | 0.0328      |
|    n_updates            | 740         |
|    policy_gradient_loss | 0.00241     |
|    std                  | 0.355       |
|    value_loss           | 0.0544      |
-----------------------------------------
-----------------------------------------
| rollout/                |             |
|    ep_len_mean          | 126         |
|    ep_rew_mean          | 37.1        |
| time/                   |             |
|    fps                  | 231         |
|    iterations           | 76          |
|    time_elapsed         | 2687        |
|    total_timesteps      | 622592      |
| train/                  |             |
|    approx_kl            | 0.009760309 |
|    clip_fraction        | 0.0933      |
|    clip_range           | 0.2         |
|    entropy_loss         | -0.375      |
|    explained_variance   | 0.982       |
|    learning_rate        | 0.0003      |
|    loss                 | 0.0306      |
|    n_updates            | 750         |
|    policy_gradient_loss | 0.00242     |
|    std                  | 0.35        |
|    value_loss           | 0.0556      |
-----------------------------------------
-----------------------------------------
| rollout/                |             |
|    ep_len_mean          | 126         |
|    ep_rew_mean          | 37.2        |
| time/                   |             |
|    fps                  | 231         |
|    iterations           | 77          |
|    time_elapsed         | 2723        |
|    total_timesteps      | 630784      |
| train/                  |             |
|    approx_kl            | 0.010442223 |
|    clip_fraction        | 0.0907      |
|    clip_range           | 0.2         |
|    entropy_loss         | -0.373      |
|    explained_variance   | 0.981       |
|    learning_rate        | 0.0003      |
|    loss                 | 0.0151      |
|    n_updates            | 760         |
|    policy_gradient_loss | 0.00169     |
|    std                  | 0.353       |
|    value_loss           | 0.0596      |
-----------------------------------------
------------------------------------------
| rollout/                |              |
|    ep_len_mean          | 126          |
|    ep_rew_mean          | 37.2         |
| time/                   |              |
|    fps                  | 231          |
|    iterations           | 78           |
|    time_elapsed         | 2754         |
|    total_timesteps      | 638976       |
| train/                  |              |
|    approx_kl            | 0.0057110465 |
|    clip_fraction        | 0.0913       |
|    clip_range           | 0.2          |
|    entropy_loss         | -0.381       |
|    explained_variance   | 0.982        |
|    learning_rate        | 0.0003       |
|    loss                 | 0.03         |
|    n_updates            | 770          |
|    policy_gradient_loss | 0.00145      |
|    std                  | 0.354        |
|    value_loss           | 0.054        |
------------------------------------------
-----------------------------------------
| rollout/                |             |
|    ep_len_mean          | 126         |
|    ep_rew_mean          | 37.1        |
| time/                   |             |
|    fps                  | 232         |
|    iterations           | 79          |
|    time_elapsed         | 2785        |
|    total_timesteps      | 647168      |
| train/                  |             |
|    approx_kl            | 0.008691413 |
|    clip_fraction        | 0.0927      |
|    clip_range           | 0.2         |
|    entropy_loss         | -0.378      |
|    explained_variance   | 0.98        |
|    learning_rate        | 0.0003      |
|    loss                 | 0.00185     |
|    n_updates            | 780         |
|    policy_gradient_loss | 0.00215     |
|    std                  | 0.351       |
|    value_loss           | 0.0609      |
-----------------------------------------
----------------------------------------
| rollout/                |            |
|    ep_len_mean          | 126        |
|    ep_rew_mean          | 37         |
| time/                   |            |
|    fps                  | 232        |
|    iterations           | 80         |
|    time_elapsed         | 2818       |
|    total_timesteps      | 655360     |
| train/                  |            |
|    approx_kl            | 0.00535204 |
|    clip_fraction        | 0.0906     |
|    clip_range           | 0.2        |
|    entropy_loss         | -0.376     |
|    explained_variance   | 0.979      |
|    learning_rate        | 0.0003     |
|    loss                 | 0.0551     |
|    n_updates            | 790        |
|    policy_gradient_loss | 0.00099    |
|    std                  | 0.353      |
|    value_loss           | 0.069      |
----------------------------------------
-----------------------------------------
| rollout/                |             |
|    ep_len_mean          | 126         |
|    ep_rew_mean          | 36.9        |
| time/                   |             |
|    fps                  | 232         |
|    iterations           | 81          |
|    time_elapsed         | 2853        |
|    total_timesteps      | 663552      |
| train/                  |             |
|    approx_kl            | 0.004554097 |
|    clip_fraction        | 0.0908      |
|    clip_range           | 0.2         |
|    entropy_loss         | -0.387      |
|    explained_variance   | 0.979       |
|    learning_rate        | 0.0003      |
|    loss                 | 0.0291      |
|    n_updates            | 800         |
|    policy_gradient_loss | 0.00195     |
|    std                  | 0.356       |
|    value_loss           | 0.0638      |
-----------------------------------------
----------------------------------------
| rollout/                |            |
|    ep_len_mean          | 126        |
|    ep_rew_mean          | 36.8       |
| time/                   |            |
|    fps                  | 232        |
|    iterations           | 82         |
|    time_elapsed         | 2887       |
|    total_timesteps      | 671744     |
| train/                  |            |
|    approx_kl            | 0.00693608 |
|    clip_fraction        | 0.0802     |
|    clip_range           | 0.2        |
|    entropy_loss         | -0.388     |
|    explained_variance   | 0.981      |
|    learning_rate        | 0.0003     |
|    loss                 | 0.0349     |
|    n_updates            | 810        |
|    policy_gradient_loss | 0.00135    |
|    std                  | 0.359      |
|    value_loss           | 0.0579     |
----------------------------------------
------------------------------------------
| rollout/                |              |
|    ep_len_mean          | 126          |
|    ep_rew_mean          | 36.7         |
| time/                   |              |
|    fps                  | 232          |
|    iterations           | 83           |
|    time_elapsed         | 2923         |
|    total_timesteps      | 679936       |
| train/                  |              |
|    approx_kl            | 0.0075013274 |
|    clip_fraction        | 0.0902       |
|    clip_range           | 0.2          |
|    entropy_loss         | -0.388       |
|    explained_variance   | 0.979        |
|    learning_rate        | 0.0003       |
|    loss                 | 0.0473       |
|    n_updates            | 820          |
|    policy_gradient_loss | 0.00103      |
|    std                  | 0.355        |
|    value_loss           | 0.0634       |
------------------------------------------
------------------------------------------
| rollout/                |              |
|    ep_len_mean          | 126          |
|    ep_rew_mean          | 36.5         |
| time/                   |              |
|    fps                  | 232          |
|    iterations           | 84           |
|    time_elapsed         | 2955         |
|    total_timesteps      | 688128       |
| train/                  |              |
|    approx_kl            | 0.0061125266 |
|    clip_fraction        | 0.0934       |
|    clip_range           | 0.2          |
|    entropy_loss         | -0.37        |
|    explained_variance   | 0.978        |
|    learning_rate        | 0.0003       |
|    loss                 | 0.0279       |
|    n_updates            | 830          |
|    policy_gradient_loss | 0.00206      |
|    std                  | 0.349        |
|    value_loss           | 0.0654       |
------------------------------------------
-----------------------------------------
| rollout/                |             |
|    ep_len_mean          | 126         |
|    ep_rew_mean          | 36.6        |
| time/                   |             |
|    fps                  | 233         |
|    iterations           | 85          |
|    time_elapsed         | 2985        |
|    total_timesteps      | 696320      |
| train/                  |             |
|    approx_kl            | 0.006237706 |
|    clip_fraction        | 0.0934      |
|    clip_range           | 0.2         |
|    entropy_loss         | -0.371      |
|    explained_variance   | 0.979       |
|    learning_rate        | 0.0003      |
|    loss                 | 0.0132      |
|    n_updates            | 840         |
|    policy_gradient_loss | 0.00198     |
|    std                  | 0.352       |
|    value_loss           | 0.0634      |
-----------------------------------------
-----------------------------------------
| rollout/                |             |
|    ep_len_mean          | 126         |
|    ep_rew_mean          | 36.6        |
| time/                   |             |
|    fps                  | 233         |
|    iterations           | 86          |
|    time_elapsed         | 3019        |
|    total_timesteps      | 704512      |
| train/                  |             |
|    approx_kl            | 0.007977519 |
|    clip_fraction        | 0.085       |
|    clip_range           | 0.2         |
|    entropy_loss         | -0.363      |
|    explained_variance   | 0.983       |
|    learning_rate        | 0.0003      |
|    loss                 | 0.0165      |
|    n_updates            | 850         |
|    policy_gradient_loss | 0.000874    |
|    std                  | 0.346       |
|    value_loss           | 0.0607      |
-----------------------------------------
-----------------------------------------
| rollout/                |             |
|    ep_len_mean          | 126         |
|    ep_rew_mean          | 36.6        |
| time/                   |             |
|    fps                  | 233         |
|    iterations           | 87          |
|    time_elapsed         | 3053        |
|    total_timesteps      | 712704      |
| train/                  |             |
|    approx_kl            | 0.008170411 |
|    clip_fraction        | 0.081       |
|    clip_range           | 0.2         |
|    entropy_loss         | -0.345      |
|    explained_variance   | 0.982       |
|    learning_rate        | 0.0003      |
|    loss                 | 0.0343      |
|    n_updates            | 860         |
|    policy_gradient_loss | 0.00137     |
|    std                  | 0.339       |
|    value_loss           | 0.0693      |
-----------------------------------------
------------------------------------------
| rollout/                |              |
|    ep_len_mean          | 126          |
|    ep_rew_mean          | 36.7         |
| time/                   |              |
|    fps                  | 233          |
|    iterations           | 88           |
|    time_elapsed         | 3085         |
|    total_timesteps      | 720896       |
| train/                  |              |
|    approx_kl            | 0.0050746324 |
|    clip_fraction        | 0.0722       |
|    clip_range           | 0.2          |
|    entropy_loss         | -0.337       |
|    explained_variance   | 0.984        |
|    learning_rate        | 0.0003       |
|    loss                 | 0.0161       |
|    n_updates            | 870          |
|    policy_gradient_loss | 0.00214      |
|    std                  | 0.339        |
|    value_loss           | 0.062        |
------------------------------------------
------------------------------------------
| rollout/                |              |
|    ep_len_mean          | 126          |
|    ep_rew_mean          | 36.8         |
| time/                   |              |
|    fps                  | 233          |
|    iterations           | 89           |
|    time_elapsed         | 3119         |
|    total_timesteps      | 729088       |
| train/                  |              |
|    approx_kl            | 0.0076634195 |
|    clip_fraction        | 0.0841       |
|    clip_range           | 0.2          |
|    entropy_loss         | -0.324       |
|    explained_variance   | 0.984        |
|    learning_rate        | 0.0003       |
|    loss                 | 0.0144       |
|    n_updates            | 880          |
|    policy_gradient_loss | 0.00153      |
|    std                  | 0.333        |
|    value_loss           | 0.066        |
------------------------------------------
-----------------------------------------
| rollout/                |             |
|    ep_len_mean          | 126         |
|    ep_rew_mean          | 36.6        |
| time/                   |             |
|    fps                  | 233         |
|    iterations           | 90          |
|    time_elapsed         | 3154        |
|    total_timesteps      | 737280      |
| train/                  |             |
|    approx_kl            | 0.006591889 |
|    clip_fraction        | 0.0856      |
|    clip_range           | 0.2         |
|    entropy_loss         | -0.303      |
|    explained_variance   | 0.981       |
|    learning_rate        | 0.0003      |
|    loss                 | 0.0357      |
|    n_updates            | 890         |
|    policy_gradient_loss | 0.00201     |
|    std                  | 0.325       |
|    value_loss           | 0.0682      |
-----------------------------------------
------------------------------------------
| rollout/                |              |
|    ep_len_mean          | 126          |
|    ep_rew_mean          | 36.6         |
| time/                   |              |
|    fps                  | 234          |
|    iterations           | 91           |
|    time_elapsed         | 3182         |
|    total_timesteps      | 745472       |
| train/                  |              |
|    approx_kl            | 0.0064673075 |
|    clip_fraction        | 0.0763       |
|    clip_range           | 0.2          |
|    entropy_loss         | -0.288       |
|    explained_variance   | 0.984        |
|    learning_rate        | 0.0003       |
|    loss                 | 0.0151       |
|    n_updates            | 900          |
|    policy_gradient_loss | 0.00131      |
|    std                  | 0.321        |
|    value_loss           | 0.0566       |
------------------------------------------
-----------------------------------------
| rollout/                |             |
|    ep_len_mean          | 126         |
|    ep_rew_mean          | 36.6        |
| time/                   |             |
|    fps                  | 234         |
|    iterations           | 92          |
|    time_elapsed         | 3215        |
|    total_timesteps      | 753664      |
| train/                  |             |
|    approx_kl            | 0.006683689 |
|    clip_fraction        | 0.0889      |
|    clip_range           | 0.2         |
|    entropy_loss         | -0.279      |
|    explained_variance   | 0.98        |
|    learning_rate        | 0.0003      |
|    loss                 | 0.0654      |
|    n_updates            | 910         |
|    policy_gradient_loss | 0.00234     |
|    std                  | 0.32        |
|    value_loss           | 0.0784      |
-----------------------------------------
------------------------------------------
| rollout/                |              |
|    ep_len_mean          | 126          |
|    ep_rew_mean          | 36.3         |
| time/                   |              |
|    fps                  | 234          |
|    iterations           | 93           |
|    time_elapsed         | 3251         |
|    total_timesteps      | 761856       |
| train/                  |              |
|    approx_kl            | 0.0063108737 |
|    clip_fraction        | 0.0876       |
|    clip_range           | 0.2          |
|    entropy_loss         | -0.267       |
|    explained_variance   | 0.985        |
|    learning_rate        | 0.0003       |
|    loss                 | 0.0352       |
|    n_updates            | 920          |
|    policy_gradient_loss | 0.00172      |
|    std                  | 0.315        |
|    value_loss           | 0.0666       |
------------------------------------------
------------------------------------------
| rollout/                |              |
|    ep_len_mean          | 126          |
|    ep_rew_mean          | 36.6         |
| time/                   |              |
|    fps                  | 234          |
|    iterations           | 94           |
|    time_elapsed         | 3283         |
|    total_timesteps      | 770048       |
| train/                  |              |
|    approx_kl            | 0.0063051684 |
|    clip_fraction        | 0.0947       |
|    clip_range           | 0.2          |
|    entropy_loss         | -0.253       |
|    explained_variance   | 0.985        |
|    learning_rate        | 0.0003       |
|    loss                 | 0.0393       |
|    n_updates            | 930          |
|    policy_gradient_loss | 0.00151      |
|    std                  | 0.312        |
|    value_loss           | 0.0643       |
------------------------------------------
-----------------------------------------
| rollout/                |             |
|    ep_len_mean          | 126         |
|    ep_rew_mean          | 36.6        |
| time/                   |             |
|    fps                  | 234         |
|    iterations           | 95          |
|    time_elapsed         | 3316        |
|    total_timesteps      | 778240      |
| train/                  |             |
|    approx_kl            | 0.008544545 |
|    clip_fraction        | 0.104       |
|    clip_range           | 0.2         |
|    entropy_loss         | -0.254      |
|    explained_variance   | 0.984       |
|    learning_rate        | 0.0003      |
|    loss                 | 0.0203      |
|    n_updates            | 940         |
|    policy_gradient_loss | 0.00149     |
|    std                  | 0.313       |
|    value_loss           | 0.0627      |
-----------------------------------------
-----------------------------------------
| rollout/                |             |
|    ep_len_mean          | 126         |
|    ep_rew_mean          | 36.9        |
| time/                   |             |
|    fps                  | 234         |
|    iterations           | 96          |
|    time_elapsed         | 3349        |
|    total_timesteps      | 786432      |
| train/                  |             |
|    approx_kl            | 0.004008229 |
|    clip_fraction        | 0.0808      |
|    clip_range           | 0.2         |
|    entropy_loss         | -0.264      |
|    explained_variance   | 0.983       |
|    learning_rate        | 0.0003      |
|    loss                 | 0.0543      |
|    n_updates            | 950         |
|    policy_gradient_loss | 0.00129     |
|    std                  | 0.316       |
|    value_loss           | 0.0744      |
-----------------------------------------
------------------------------------------
| rollout/                |              |
|    ep_len_mean          | 126          |
|    ep_rew_mean          | 36.8         |
| time/                   |              |
|    fps                  | 235          |
|    iterations           | 97           |
|    time_elapsed         | 3380         |
|    total_timesteps      | 794624       |
| train/                  |              |
|    approx_kl            | 0.0048381435 |
|    clip_fraction        | 0.0786       |
|    clip_range           | 0.2          |
|    entropy_loss         | -0.261       |
|    explained_variance   | 0.982        |
|    learning_rate        | 0.0003       |
|    loss                 | 0.0275       |
|    n_updates            | 960          |
|    policy_gradient_loss | 0.00259      |
|    std                  | 0.314        |
|    value_loss           | 0.0751       |
------------------------------------------
------------------------------------------
| rollout/                |              |
|    ep_len_mean          | 126          |
|    ep_rew_mean          | 36.4         |
| time/                   |              |
|    fps                  | 235          |
|    iterations           | 98           |
|    time_elapsed         | 3412         |
|    total_timesteps      | 802816       |
| train/                  |              |
|    approx_kl            | 0.0058182096 |
|    clip_fraction        | 0.0973       |
|    clip_range           | 0.2          |
|    entropy_loss         | -0.256       |
|    explained_variance   | 0.982        |
|    learning_rate        | 0.0003       |
|    loss                 | 0.0601       |
|    n_updates            | 970          |
|    policy_gradient_loss | 0.00184      |
|    std                  | 0.312        |
|    value_loss           | 0.0832       |
------------------------------------------
------------------------------------------
| rollout/                |              |
|    ep_len_mean          | 126          |
|    ep_rew_mean          | 36.6         |
| time/                   |              |
|    fps                  | 235          |
|    iterations           | 99           |
|    time_elapsed         | 3446         |
|    total_timesteps      | 811008       |
| train/                  |              |
|    approx_kl            | 0.0068213455 |
|    clip_fraction        | 0.0918       |
|    clip_range           | 0.2          |
|    entropy_loss         | -0.242       |
|    explained_variance   | 0.985        |
|    learning_rate        | 0.0003       |
|    loss                 | 0.0234       |
|    n_updates            | 980          |
|    policy_gradient_loss | 0.000786     |
|    std                  | 0.306        |
|    value_loss           | 0.068        |
------------------------------------------
-----------------------------------------
| rollout/                |             |
|    ep_len_mean          | 126         |
|    ep_rew_mean          | 36.8        |
| time/                   |             |
|    fps                  | 235         |
|    iterations           | 100         |
|    time_elapsed         | 3475        |
|    total_timesteps      | 819200      |
| train/                  |             |
|    approx_kl            | 0.008128017 |
|    clip_fraction        | 0.107       |
|    clip_range           | 0.2         |
|    entropy_loss         | -0.225      |
|    explained_variance   | 0.986       |
|    learning_rate        | 0.0003      |
|    loss                 | 0.03        |
|    n_updates            | 990         |
|    policy_gradient_loss | 0.00182     |
|    std                  | 0.301       |
|    value_loss           | 0.0658      |
-----------------------------------------
------------------------------------------
| rollout/                |              |
|    ep_len_mean          | 126          |
|    ep_rew_mean          | 36.4         |
| time/                   |              |
|    fps                  | 235          |
|    iterations           | 101          |
|    time_elapsed         | 3509         |
|    total_timesteps      | 827392       |
| train/                  |              |
|    approx_kl            | 0.0078275865 |
|    clip_fraction        | 0.0957       |
|    clip_range           | 0.2          |
|    entropy_loss         | -0.228       |
|    explained_variance   | 0.981        |
|    learning_rate        | 0.0003       |
|    loss                 | 0.0317       |
|    n_updates            | 1000         |
|    policy_gradient_loss | 0.00235      |
|    std                  | 0.304        |
|    value_loss           | 0.0727       |
------------------------------------------
-----------------------------------------
| rollout/                |             |
|    ep_len_mean          | 126         |
|    ep_rew_mean          | 36.4        |
| time/                   |             |
|    fps                  | 236         |
|    iterations           | 102         |
|    time_elapsed         | 3540        |
|    total_timesteps      | 835584      |
| train/                  |             |
|    approx_kl            | 0.011183206 |
|    clip_fraction        | 0.0923      |
|    clip_range           | 0.2         |
|    entropy_loss         | -0.22       |
|    explained_variance   | 0.982       |
|    learning_rate        | 0.0003      |
|    loss                 | 0.0184      |
|    n_updates            | 1010        |
|    policy_gradient_loss | 0.0015      |
|    std                  | 0.299       |
|    value_loss           | 0.0891      |
-----------------------------------------
------------------------------------------
| rollout/                |              |
|    ep_len_mean          | 126          |
|    ep_rew_mean          | 36.5         |
| time/                   |              |
|    fps                  | 236          |
|    iterations           | 103          |
|    time_elapsed         | 3574         |
|    total_timesteps      | 843776       |
| train/                  |              |
|    approx_kl            | 0.0051859925 |
|    clip_fraction        | 0.0708       |
|    clip_range           | 0.2          |
|    entropy_loss         | -0.213       |
|    explained_variance   | 0.986        |
|    learning_rate        | 0.0003       |
|    loss                 | 0.0317       |
|    n_updates            | 1020         |
|    policy_gradient_loss | 0.0019       |
|    std                  | 0.298        |
|    value_loss           | 0.0676       |
------------------------------------------
-----------------------------------------
| rollout/                |             |
|    ep_len_mean          | 126         |
|    ep_rew_mean          | 36.4        |
| time/                   |             |
|    fps                  | 236         |
|    iterations           | 104         |
|    time_elapsed         | 3607        |
|    total_timesteps      | 851968      |
| train/                  |             |
|    approx_kl            | 0.005014753 |
|    clip_fraction        | 0.0952      |
|    clip_range           | 0.2         |
|    entropy_loss         | -0.206      |
|    explained_variance   | 0.986       |
|    learning_rate        | 0.0003      |
|    loss                 | -0.00636    |
|    n_updates            | 1030        |
|    policy_gradient_loss | 0.00274     |
|    std                  | 0.296       |
|    value_loss           | 0.0676      |
-----------------------------------------
----------------------------------------
| rollout/                |            |
|    ep_len_mean          | 126        |
|    ep_rew_mean          | 36.4       |
| time/                   |            |
|    fps                  | 236        |
|    iterations           | 105        |
|    time_elapsed         | 3644       |
|    total_timesteps      | 860160     |
| train/                  |            |
|    approx_kl            | 0.00517164 |
|    clip_fraction        | 0.0795     |
|    clip_range           | 0.2        |
|    entropy_loss         | -0.193     |
|    explained_variance   | 0.983      |
|    learning_rate        | 0.0003     |
|    loss                 | 0.0323     |
|    n_updates            | 1040       |
|    policy_gradient_loss | 0.00236    |
|    std                  | 0.293      |
|    value_loss           | 0.084      |
----------------------------------------
-----------------------------------------
| rollout/                |             |
|    ep_len_mean          | 126         |
|    ep_rew_mean          | 36.3        |
| time/                   |             |
|    fps                  | 236         |
|    iterations           | 106         |
|    time_elapsed         | 3677        |
|    total_timesteps      | 868352      |
| train/                  |             |
|    approx_kl            | 0.011348451 |
|    clip_fraction        | 0.0993      |
|    clip_range           | 0.2         |
|    entropy_loss         | -0.183      |
|    explained_variance   | 0.984       |
|    learning_rate        | 0.0003      |
|    loss                 | 0.0273      |
|    n_updates            | 1050        |
|    policy_gradient_loss | 0.00279     |
|    std                  | 0.291       |
|    value_loss           | 0.085       |
-----------------------------------------
-----------------------------------------
| rollout/                |             |
|    ep_len_mean          | 126         |
|    ep_rew_mean          | 36.4        |
| time/                   |             |
|    fps                  | 236         |
|    iterations           | 107         |
|    time_elapsed         | 3712        |
|    total_timesteps      | 876544      |
| train/                  |             |
|    approx_kl            | 0.008550193 |
|    clip_fraction        | 0.0918      |
|    clip_range           | 0.2         |
|    entropy_loss         | -0.178      |
|    explained_variance   | 0.982       |
|    learning_rate        | 0.0003      |
|    loss                 | 0.06        |
|    n_updates            | 1060        |
|    policy_gradient_loss | 0.00254     |
|    std                  | 0.288       |
|    value_loss           | 0.0916      |
-----------------------------------------
-----------------------------------------
| rollout/                |             |
|    ep_len_mean          | 126         |
|    ep_rew_mean          | 36.5        |
| time/                   |             |
|    fps                  | 236         |
|    iterations           | 108         |
|    time_elapsed         | 3744        |
|    total_timesteps      | 884736      |
| train/                  |             |
|    approx_kl            | 0.009333102 |
|    clip_fraction        | 0.116       |
|    clip_range           | 0.2         |
|    entropy_loss         | -0.182      |
|    explained_variance   | 0.986       |
|    learning_rate        | 0.0003      |
|    loss                 | 0.0555      |
|    n_updates            | 1070        |
|    policy_gradient_loss | 0.000126    |
|    std                  | 0.291       |
|    value_loss           | 0.0798      |
-----------------------------------------
------------------------------------------
| rollout/                |              |
|    ep_len_mean          | 126          |
|    ep_rew_mean          | 36.5         |
| time/                   |              |
|    fps                  | 236          |
|    iterations           | 109          |
|    time_elapsed         | 3782         |
|    total_timesteps      | 892928       |
| train/                  |              |
|    approx_kl            | 0.0075803436 |
|    clip_fraction        | 0.106        |
|    clip_range           | 0.2          |
|    entropy_loss         | -0.172       |
|    explained_variance   | 0.986        |
|    learning_rate        | 0.0003       |
|    loss                 | 0.0271       |
|    n_updates            | 1080         |
|    policy_gradient_loss | 0.00107      |
|    std                  | 0.287        |
|    value_loss           | 0.0801       |
------------------------------------------
-----------------------------------------
| rollout/                |             |
|    ep_len_mean          | 126         |
|    ep_rew_mean          | 36.7        |
| time/                   |             |
|    fps                  | 236         |
|    iterations           | 110         |
|    time_elapsed         | 3815        |
|    total_timesteps      | 901120      |
| train/                  |             |
|    approx_kl            | 0.008360457 |
|    clip_fraction        | 0.0953      |
|    clip_range           | 0.2         |
|    entropy_loss         | -0.166      |
|    explained_variance   | 0.989       |
|    learning_rate        | 0.0003      |
|    loss                 | 0.0367      |
|    n_updates            | 1090        |
|    policy_gradient_loss | 0.00259     |
|    std                  | 0.285       |
|    value_loss           | 0.0661      |
-----------------------------------------
-----------------------------------------
| rollout/                |             |
|    ep_len_mean          | 126         |
|    ep_rew_mean          | 36.5        |
| time/                   |             |
|    fps                  | 236         |
|    iterations           | 111         |
|    time_elapsed         | 3850        |
|    total_timesteps      | 909312      |
| train/                  |             |
|    approx_kl            | 0.010680582 |
|    clip_fraction        | 0.107       |
|    clip_range           | 0.2         |
|    entropy_loss         | -0.15       |
|    explained_variance   | 0.986       |
|    learning_rate        | 0.0003      |
|    loss                 | 0.0505      |
|    n_updates            | 1100        |
|    policy_gradient_loss | 0.00298     |
|    std                  | 0.28        |
|    value_loss           | 0.0824      |
-----------------------------------------
-----------------------------------------
| rollout/                |             |
|    ep_len_mean          | 126         |
|    ep_rew_mean          | 36.6        |
| time/                   |             |
|    fps                  | 236         |
|    iterations           | 112         |
|    time_elapsed         | 3882        |
|    total_timesteps      | 917504      |
| train/                  |             |
|    approx_kl            | 0.008985741 |
|    clip_fraction        | 0.101       |
|    clip_range           | 0.2         |
|    entropy_loss         | -0.134      |
|    explained_variance   | 0.986       |
|    learning_rate        | 0.0003      |
|    loss                 | 0.0272      |
|    n_updates            | 1110        |
|    policy_gradient_loss | 0.00279     |
|    std                  | 0.276       |
|    value_loss           | 0.0698      |
-----------------------------------------
----------------------------------------
| rollout/                |            |
|    ep_len_mean          | 126        |
|    ep_rew_mean          | 36.7       |
| time/                   |            |
|    fps                  | 236        |
|    iterations           | 113        |
|    time_elapsed         | 3916       |
|    total_timesteps      | 925696     |
| train/                  |            |
|    approx_kl            | 0.00861471 |
|    clip_fraction        | 0.102      |
|    clip_range           | 0.2        |
|    entropy_loss         | -0.122     |
|    explained_variance   | 0.989      |
|    learning_rate        | 0.0003     |
|    loss                 | 0.0141     |
|    n_updates            | 1120       |
|    policy_gradient_loss | 0.000792   |
|    std                  | 0.271      |
|    value_loss           | 0.0629     |
----------------------------------------
-----------------------------------------
| rollout/                |             |
|    ep_len_mean          | 126         |
|    ep_rew_mean          | 36.5        |
| time/                   |             |
|    fps                  | 236         |
|    iterations           | 114         |
|    time_elapsed         | 3947        |
|    total_timesteps      | 933888      |
| train/                  |             |
|    approx_kl            | 0.005187271 |
|    clip_fraction        | 0.0948      |
|    clip_range           | 0.2         |
|    entropy_loss         | -0.111      |
|    explained_variance   | 0.987       |
|    learning_rate        | 0.0003      |
|    loss                 | 0.0589      |
|    n_updates            | 1130        |
|    policy_gradient_loss | 0.00249     |
|    std                  | 0.27        |
|    value_loss           | 0.0755      |
-----------------------------------------
-----------------------------------------
| rollout/                |             |
|    ep_len_mean          | 126         |
|    ep_rew_mean          | 36.4        |
| time/                   |             |
|    fps                  | 236         |
|    iterations           | 115         |
|    time_elapsed         | 3983        |
|    total_timesteps      | 942080      |
| train/                  |             |
|    approx_kl            | 0.005860187 |
|    clip_fraction        | 0.0963      |
|    clip_range           | 0.2         |
|    entropy_loss         | -0.102      |
|    explained_variance   | 0.984       |
|    learning_rate        | 0.0003      |
|    loss                 | 0.0374      |
|    n_updates            | 1140        |
|    policy_gradient_loss | 0.00226     |
|    std                  | 0.267       |
|    value_loss           | 0.0846      |
-----------------------------------------
-----------------------------------------
| rollout/                |             |
|    ep_len_mean          | 126         |
|    ep_rew_mean          | 36.5        |
| time/                   |             |
|    fps                  | 236         |
|    iterations           | 116         |
|    time_elapsed         | 4019        |
|    total_timesteps      | 950272      |
| train/                  |             |
|    approx_kl            | 0.009656594 |
|    clip_fraction        | 0.112       |
|    clip_range           | 0.2         |
|    entropy_loss         | -0.0814     |
|    explained_variance   | 0.985       |
|    learning_rate        | 0.0003      |
|    loss                 | 0.0603      |
|    n_updates            | 1150        |
|    policy_gradient_loss | 0.00234     |
|    std                  | 0.261       |
|    value_loss           | 0.0788      |
-----------------------------------------
------------------------------------------
| rollout/                |              |
|    ep_len_mean          | 126          |
|    ep_rew_mean          | 36.3         |
| time/                   |              |
|    fps                  | 236          |
|    iterations           | 117          |
|    time_elapsed         | 4053         |
|    total_timesteps      | 958464       |
| train/                  |              |
|    approx_kl            | 0.0066561727 |
|    clip_fraction        | 0.0951       |
|    clip_range           | 0.2          |
|    entropy_loss         | -0.064       |
|    explained_variance   | 0.987        |
|    learning_rate        | 0.0003       |
|    loss                 | 0.0384       |
|    n_updates            | 1160         |
|    policy_gradient_loss | 0.00195      |
|    std                  | 0.257        |
|    value_loss           | 0.0739       |
------------------------------------------
----------------------------------------
| rollout/                |            |
|    ep_len_mean          | 126        |
|    ep_rew_mean          | 36.4       |
| time/                   |            |
|    fps                  | 236        |
|    iterations           | 118        |
|    time_elapsed         | 4087       |
|    total_timesteps      | 966656     |
| train/                  |            |
|    approx_kl            | 0.01055547 |
|    clip_fraction        | 0.104      |
|    clip_range           | 0.2        |
|    entropy_loss         | -0.0605    |
|    explained_variance   | 0.985      |
|    learning_rate        | 0.0003     |
|    loss                 | 0.0382     |
|    n_updates            | 1170       |
|    policy_gradient_loss | 0.00283    |
|    std                  | 0.257      |
|    value_loss           | 0.0939     |
----------------------------------------
-----------------------------------------
| rollout/                |             |
|    ep_len_mean          | 126         |
|    ep_rew_mean          | 36.4        |
| time/                   |             |
|    fps                  | 236         |
|    iterations           | 119         |
|    time_elapsed         | 4123        |
|    total_timesteps      | 974848      |
| train/                  |             |
|    approx_kl            | 0.009200351 |
|    clip_fraction        | 0.101       |
|    clip_range           | 0.2         |
|    entropy_loss         | -0.0568     |
|    explained_variance   | 0.988       |
|    learning_rate        | 0.0003      |
|    loss                 | 0.0852      |
|    n_updates            | 1180        |
|    policy_gradient_loss | 0.00288     |
|    std                  | 0.255       |
|    value_loss           | 0.0746      |
-----------------------------------------
-----------------------------------------
| rollout/                |             |
|    ep_len_mean          | 126         |
|    ep_rew_mean          | 36.5        |
| time/                   |             |
|    fps                  | 236         |
|    iterations           | 120         |
|    time_elapsed         | 4153        |
|    total_timesteps      | 983040      |
| train/                  |             |
|    approx_kl            | 0.008057794 |
|    clip_fraction        | 0.113       |
|    clip_range           | 0.2         |
|    entropy_loss         | -0.0402     |
|    explained_variance   | 0.985       |
|    learning_rate        | 0.0003      |
|    loss                 | 0.0391      |
|    n_updates            | 1190        |
|    policy_gradient_loss | 0.00306     |
|    std                  | 0.25        |
|    value_loss           | 0.0851      |
-----------------------------------------
----------------------------------------
| rollout/                |            |
|    ep_len_mean          | 126        |
|    ep_rew_mean          | 36.4       |
| time/                   |            |
|    fps                  | 236        |
|    iterations           | 121        |
|    time_elapsed         | 4186       |
|    total_timesteps      | 991232     |
| train/                  |            |
|    approx_kl            | 0.00726748 |
|    clip_fraction        | 0.114      |
|    clip_range           | 0.2        |
|    entropy_loss         | -0.0355    |
|    explained_variance   | 0.987      |
|    learning_rate        | 0.0003     |
|    loss                 | 0.033      |
|    n_updates            | 1200       |
|    policy_gradient_loss | 0.00324    |
|    std                  | 0.25       |
|    value_loss           | 0.0823     |
----------------------------------------
-----------------------------------------
| rollout/                |             |
|    ep_len_mean          | 126         |
|    ep_rew_mean          | 36.4        |
| time/                   |             |
|    fps                  | 236         |
|    iterations           | 122         |
|    time_elapsed         | 4218        |
|    total_timesteps      | 999424      |
| train/                  |             |
|    approx_kl            | 0.007619014 |
|    clip_fraction        | 0.108       |
|    clip_range           | 0.2         |
|    entropy_loss         | -0.0368     |
|    explained_variance   | 0.987       |
|    learning_rate        | 0.0003      |
|    loss                 | 0.0196      |
|    n_updates            | 1210        |
|    policy_gradient_loss | 0.0029      |
|    std                  | 0.251       |
|    value_loss           | 0.0785      |
-----------------------------------------
-----------------------------------------
| rollout/                |             |
|    ep_len_mean          | 126         |
|    ep_rew_mean          | 36.5        |
| time/                   |             |
|    fps                  | 237         |
|    iterations           | 123         |
|    time_elapsed         | 4251        |
|    total_timesteps      | 1007616     |
| train/                  |             |
|    approx_kl            | 0.010610225 |
|    clip_fraction        | 0.106       |
|    clip_range           | 0.2         |
|    entropy_loss         | -0.0178     |
|    explained_variance   | 0.984       |
|    learning_rate        | 0.0003      |
|    loss                 | 0.0457      |
|    n_updates            | 1220        |
|    policy_gradient_loss | 0.00145     |
|    std                  | 0.245       |
|    value_loss           | 0.0968      |
-----------------------------------------


###############################################################################
TCHPC Cluster: callan
Job 171051 (base_cf_v2_seed2_v12) for User 'hadjitot' in Account 'callan_hadjitot'
Finished at: Sat Mar 28 00:17:38 GMT 2026

Job efficiency estimates:
=========================

Job ID: 171051
Cluster: callan
User/Group: hadjitot/hadjitot
State: COMPLETED (exit code 0)
Nodes: 1
Cores per node: 16
CPU Utilized: 02:59:57
CPU Efficiency: 15.57% of 19:15:44 core-walltime
Job Wall-clock time: 01:12:14
Memory Utilized: 1.92 GB
Memory Efficiency: 6.01% of 32.00 GB (32.00 GB/node)

Job completion status:
======================

JobID           JobName AllocCPUS NTasks NNodes     MaxRSS    MaxRSSNode  MaxDiskRead MaxDiskWrite    Elapsed      State ExitCode 
------------ ---------- --------- ------ ------ ---------- ------------- ------------ ------------ ---------- ---------- -------- 
171051       base_cf_v+        16             1                                                      01:12:14  COMPLETED      0:0 
171051.batch      batch        16      1      1   2017368K    callan-n05     1030.80M      836.28M   01:12:14  COMPLETED      0:0 
171051.exte+     extern        16      1      1                                                      01:12:14  COMPLETED      0:0 


Job details:
============

JobId=171051 JobName=base_cf_v2_seed2_v12
   UserId=hadjitot(2357) GroupId=hadjitot(2300) MCS_label=N/A
   Priority=113881 Nice=0 Account=callan_hadjitot QOS=normal
   JobState=COMPLETING Reason=None Dependency=(null)
   Requeue=0 Restarts=0 BatchFlag=1 Reboot=0 ExitCode=0:0
   DerivedExitCode=0:0
   RunTime=01:12:14 TimeLimit=2-00:00:00 TimeMin=N/A
   SubmitTime=2026-03-27T20:37:56 EligibleTime=2026-03-27T20:37:56
   AccrueTime=2026-03-27T20:37:56
   StartTime=2026-03-27T23:05:24 EndTime=2026-03-28T00:17:38 Deadline=N/A
   SuspendTime=None SecsPreSuspend=0 LastSchedEval=2026-03-27T23:05:24 Scheduler=Main
   Partition=compute AllocNode:Sid=callan01:1076092
   ReqNodeList=(null) ExcNodeList=(null)
   NodeList=callan-n05
   BatchHost=callan-n05
   NumNodes=1 NumCPUs=16 NumTasks=1 CPUs/Task=16 ReqB:S:C:T=0:0:*:*
   ReqTRES=cpu=16,mem=32G,node=1,billing=16
   AllocTRES=cpu=16,mem=32G,node=1,billing=16
   Socks/Node=* NtasksPerN:B:S:C=0:0:*:* CoreSpec=*
   JOB_GRES=(null)
     Nodes=callan-n05 CPU_IDs=0-1,26-31,40-47 Mem=32768 GRES=
   MinCPUsNode=16 MinMemoryNode=32G MinTmpDiskNode=0
   Features=(null) DelayBoot=00:00:00
   OverSubscribe=OK Contiguous=0 Licenses=(null) LicensesAlloc=(null) Network=(null)
   Command=/home/users/hadjitot/fyp/HighwayEnv/slurm/train_baseline.sbatch
   WorkDir=/home/users/hadjitot/fyp/HighwayEnv
   StdErr=/home/users/hadjitot/fyp/HighwayEnv/slurm_out/base_cf_v2_seed2_v12_171051.err
   StdIn=/dev/null
   StdOut=/home/users/hadjitot/fyp/HighwayEnv/slurm_out/base_cf_v2_seed2_v12_171051.out
   TresPerTask=cpu=16
   


Disk quota details:
===================

                         Block Limits                                    |                     File Limits
Name       type             MB      quota      limit   in_doubt    grace |    files   quota    limit in_doubt    grace
root       USR         4963855          0          0       1778     none |   397671       0        0      644     none
root       FILESET     5032119          0          0       5402     none |  9895884       0        0     1744     none


SLURM Bank Statement:
=====================

User           Usage |        Account     Usage | Account Limit Available (CPU hrs)
---------- --------- + -------------- --------- + ------------- ---------
hadjitot      11,869 | CALLAN_HADJITOT    11,869 |       300,000   288,131


Acknowledgements:
=================

Note that usage of TCHPC Resources *must* be acknowledged in all publications.

Please see this page for details relevant to this cluster:

http://www.tchpc.tcd.ie/resources/acknowledgementpolicy

################################################################################
