Loading Anaconda 3 2024.02-1
ppo_baseline_cf_obs15_stopgo_v2_seed0 obs shape: (15, 5) action space: Box(-1.0, 1.0, (1,), float32)
Using cpu device
Logging to runs/tb/ppo_baseline_cf_obs15_stopgo_v2_seed0_1
---------------------------------
| rollout/           |          |
|    ep_len_mean     | 54.1     |
|    ep_rew_mean     | 35.6     |
| time/              |          |
|    fps             | 35       |
|    iterations      | 1        |
|    time_elapsed    | 457      |
|    total_timesteps | 16384    |
---------------------------------
-----------------------------------------
| rollout/                |             |
|    ep_len_mean          | 75.9        |
|    ep_rew_mean          | 55.5        |
| time/                   |             |
|    fps                  | 35          |
|    iterations           | 2           |
|    time_elapsed         | 920         |
|    total_timesteps      | 32768       |
| train/                  |             |
|    approx_kl            | 0.009764573 |
|    clip_fraction        | 0.108       |
|    clip_range           | 0.2         |
|    entropy_loss         | -1.39       |
|    explained_variance   | 0.0138      |
|    learning_rate        | 0.0003      |
|    loss                 | 2.57        |
|    n_updates            | 10          |
|    policy_gradient_loss | -0.00855    |
|    std                  | 0.971       |
|    value_loss           | 10.1        |
-----------------------------------------
-----------------------------------------
| rollout/                |             |
|    ep_len_mean          | 98.1        |
|    ep_rew_mean          | 75.4        |
| time/                   |             |
|    fps                  | 35          |
|    iterations           | 3           |
|    time_elapsed         | 1383        |
|    total_timesteps      | 49152       |
| train/                  |             |
|    approx_kl            | 0.007766052 |
|    clip_fraction        | 0.101       |
|    clip_range           | 0.2         |
|    entropy_loss         | -1.38       |
|    explained_variance   | 0.512       |
|    learning_rate        | 0.0003      |
|    loss                 | 6.18        |
|    n_updates            | 20          |
|    policy_gradient_loss | -0.0135     |
|    std                  | 0.961       |
|    value_loss           | 16.9        |
-----------------------------------------
-----------------------------------------
| rollout/                |             |
|    ep_len_mean          | 122         |
|    ep_rew_mean          | 96.4        |
| time/                   |             |
|    fps                  | 35          |
|    iterations           | 4           |
|    time_elapsed         | 1845        |
|    total_timesteps      | 65536       |
| train/                  |             |
|    approx_kl            | 0.007894448 |
|    clip_fraction        | 0.0879      |
|    clip_range           | 0.2         |
|    entropy_loss         | -1.36       |
|    explained_variance   | 0.496       |
|    learning_rate        | 0.0003      |
|    loss                 | 12.8        |
|    n_updates            | 30          |
|    policy_gradient_loss | -0.0123     |
|    std                  | 0.936       |
|    value_loss           | 20.3        |
-----------------------------------------
-----------------------------------------
| rollout/                |             |
|    ep_len_mean          | 130         |
|    ep_rew_mean          | 102         |
| time/                   |             |
|    fps                  | 35          |
|    iterations           | 5           |
|    time_elapsed         | 2308        |
|    total_timesteps      | 81920       |
| train/                  |             |
|    approx_kl            | 0.007825062 |
|    clip_fraction        | 0.0898      |
|    clip_range           | 0.2         |
|    entropy_loss         | -1.32       |
|    explained_variance   | 0.17        |
|    learning_rate        | 0.0003      |
|    loss                 | 14.8        |
|    n_updates            | 40          |
|    policy_gradient_loss | -0.00904    |
|    std                  | 0.905       |
|    value_loss           | 19.4        |
-----------------------------------------
-----------------------------------------
| rollout/                |             |
|    ep_len_mean          | 133         |
|    ep_rew_mean          | 104         |
| time/                   |             |
|    fps                  | 35          |
|    iterations           | 6           |
|    time_elapsed         | 2771        |
|    total_timesteps      | 98304       |
| train/                  |             |
|    approx_kl            | 0.007358113 |
|    clip_fraction        | 0.0617      |
|    clip_range           | 0.2         |
|    entropy_loss         | -1.29       |
|    explained_variance   | 0.297       |
|    learning_rate        | 0.0003      |
|    loss                 | 10.4        |
|    n_updates            | 50          |
|    policy_gradient_loss | -0.00638    |
|    std                  | 0.877       |
|    value_loss           | 18.5        |
-----------------------------------------
------------------------------------------
| rollout/                |              |
|    ep_len_mean          | 137          |
|    ep_rew_mean          | 108          |
| time/                   |              |
|    fps                  | 35           |
|    iterations           | 7            |
|    time_elapsed         | 3233         |
|    total_timesteps      | 114688       |
| train/                  |              |
|    approx_kl            | 0.0039606546 |
|    clip_fraction        | 0.0433       |
|    clip_range           | 0.2          |
|    entropy_loss         | -1.27        |
|    explained_variance   | 0.205        |
|    learning_rate        | 0.0003       |
|    loss                 | 6.96         |
|    n_updates            | 60           |
|    policy_gradient_loss | -0.00258     |
|    std                  | 0.86         |
|    value_loss           | 13.8         |
------------------------------------------
-----------------------------------------
| rollout/                |             |
|    ep_len_mean          | 129         |
|    ep_rew_mean          | 102         |
| time/                   |             |
|    fps                  | 35          |
|    iterations           | 8           |
|    time_elapsed         | 3696        |
|    total_timesteps      | 131072      |
| train/                  |             |
|    approx_kl            | 0.004287826 |
|    clip_fraction        | 0.0439      |
|    clip_range           | 0.2         |
|    entropy_loss         | -1.26       |
|    explained_variance   | 0.406       |
|    learning_rate        | 0.0003      |
|    loss                 | 0.757       |
|    n_updates            | 70          |
|    policy_gradient_loss | -0.0016     |
|    std                  | 0.859       |
|    value_loss           | 6.1         |
-----------------------------------------
------------------------------------------
| rollout/                |              |
|    ep_len_mean          | 134          |
|    ep_rew_mean          | 106          |
| time/                   |              |
|    fps                  | 35           |
|    iterations           | 9            |
|    time_elapsed         | 4160         |
|    total_timesteps      | 147456       |
| train/                  |              |
|    approx_kl            | 0.0061321016 |
|    clip_fraction        | 0.06         |
|    clip_range           | 0.2          |
|    entropy_loss         | -1.25        |
|    explained_variance   | 0.209        |
|    learning_rate        | 0.0003       |
|    loss                 | 11           |
|    n_updates            | 80           |
|    policy_gradient_loss | -0.00344     |
|    std                  | 0.844        |
|    value_loss           | 16.3         |
------------------------------------------
-----------------------------------------
| rollout/                |             |
|    ep_len_mean          | 131         |
|    ep_rew_mean          | 104         |
| time/                   |             |
|    fps                  | 35          |
|    iterations           | 10          |
|    time_elapsed         | 4623        |
|    total_timesteps      | 163840      |
| train/                  |             |
|    approx_kl            | 0.004866249 |
|    clip_fraction        | 0.0408      |
|    clip_range           | 0.2         |
|    entropy_loss         | -1.24       |
|    explained_variance   | 0.189       |
|    learning_rate        | 0.0003      |
|    loss                 | 23          |
|    n_updates            | 90          |
|    policy_gradient_loss | -0.00173    |
|    std                  | 0.835       |
|    value_loss           | 23.8        |
-----------------------------------------
-----------------------------------------
| rollout/                |             |
|    ep_len_mean          | 134         |
|    ep_rew_mean          | 106         |
| time/                   |             |
|    fps                  | 35          |
|    iterations           | 11          |
|    time_elapsed         | 5086        |
|    total_timesteps      | 180224      |
| train/                  |             |
|    approx_kl            | 0.005254018 |
|    clip_fraction        | 0.0506      |
|    clip_range           | 0.2         |
|    entropy_loss         | -1.23       |
|    explained_variance   | 0.23        |
|    learning_rate        | 0.0003      |
|    loss                 | 2.39        |
|    n_updates            | 100         |
|    policy_gradient_loss | -0.00124    |
|    std                  | 0.829       |
|    value_loss           | 24.8        |
-----------------------------------------
------------------------------------------
| rollout/                |              |
|    ep_len_mean          | 134          |
|    ep_rew_mean          | 106          |
| time/                   |              |
|    fps                  | 35           |
|    iterations           | 12           |
|    time_elapsed         | 5548         |
|    total_timesteps      | 196608       |
| train/                  |              |
|    approx_kl            | 0.0032271442 |
|    clip_fraction        | 0.0388       |
|    clip_range           | 0.2          |
|    entropy_loss         | -1.22        |
|    explained_variance   | 0.161        |
|    learning_rate        | 0.0003       |
|    loss                 | 13.7         |
|    n_updates            | 110          |
|    policy_gradient_loss | -0.00116     |
|    std                  | 0.821        |
|    value_loss           | 23.6         |
------------------------------------------
------------------------------------------
| rollout/                |              |
|    ep_len_mean          | 135          |
|    ep_rew_mean          | 107          |
| time/                   |              |
|    fps                  | 35           |
|    iterations           | 13           |
|    time_elapsed         | 6012         |
|    total_timesteps      | 212992       |
| train/                  |              |
|    approx_kl            | 0.0046602045 |
|    clip_fraction        | 0.0412       |
|    clip_range           | 0.2          |
|    entropy_loss         | -1.21        |
|    explained_variance   | 0.234        |
|    learning_rate        | 0.0003       |
|    loss                 | 21.2         |
|    n_updates            | 120          |
|    policy_gradient_loss | -0.00124     |
|    std                  | 0.81         |
|    value_loss           | 19.7         |
------------------------------------------
------------------------------------------
| rollout/                |              |
|    ep_len_mean          | 132          |
|    ep_rew_mean          | 105          |
| time/                   |              |
|    fps                  | 35           |
|    iterations           | 14           |
|    time_elapsed         | 6474         |
|    total_timesteps      | 229376       |
| train/                  |              |
|    approx_kl            | 0.0050279833 |
|    clip_fraction        | 0.0567       |
|    clip_range           | 0.2          |
|    entropy_loss         | -1.2         |
|    explained_variance   | 0.3          |
|    learning_rate        | 0.0003       |
|    loss                 | 0.749        |
|    n_updates            | 130          |
|    policy_gradient_loss | -0.00161     |
|    std                  | 0.801        |
|    value_loss           | 15.8         |
------------------------------------------
------------------------------------------
| rollout/                |              |
|    ep_len_mean          | 133          |
|    ep_rew_mean          | 107          |
| time/                   |              |
|    fps                  | 35           |
|    iterations           | 15           |
|    time_elapsed         | 6937         |
|    total_timesteps      | 245760       |
| train/                  |              |
|    approx_kl            | 0.0023948988 |
|    clip_fraction        | 0.0252       |
|    clip_range           | 0.2          |
|    entropy_loss         | -1.19        |
|    explained_variance   | 0.245        |
|    learning_rate        | 0.0003       |
|    loss                 | 13.8         |
|    n_updates            | 140          |
|    policy_gradient_loss | -0.00153     |
|    std                  | 0.795        |
|    value_loss           | 26.7         |
------------------------------------------
-----------------------------------------
| rollout/                |             |
|    ep_len_mean          | 137         |
|    ep_rew_mean          | 109         |
| time/                   |             |
|    fps                  | 35          |
|    iterations           | 16          |
|    time_elapsed         | 7400        |
|    total_timesteps      | 262144      |
| train/                  |             |
|    approx_kl            | 0.002585675 |
|    clip_fraction        | 0.0334      |
|    clip_range           | 0.2         |
|    entropy_loss         | -1.19       |
|    explained_variance   | 0.304       |
|    learning_rate        | 0.0003      |
|    loss                 | 14.6        |
|    n_updates            | 150         |
|    policy_gradient_loss | -0.0016     |
|    std                  | 0.793       |
|    value_loss           | 30.3        |
-----------------------------------------
------------------------------------------
| rollout/                |              |
|    ep_len_mean          | 136          |
|    ep_rew_mean          | 109          |
| time/                   |              |
|    fps                  | 35           |
|    iterations           | 17           |
|    time_elapsed         | 7861         |
|    total_timesteps      | 278528       |
| train/                  |              |
|    approx_kl            | 0.0053890585 |
|    clip_fraction        | 0.0554       |
|    clip_range           | 0.2          |
|    entropy_loss         | -1.17        |
|    explained_variance   | 0.306        |
|    learning_rate        | 0.0003       |
|    loss                 | 5.2          |
|    n_updates            | 160          |
|    policy_gradient_loss | -0.00223     |
|    std                  | 0.775        |
|    value_loss           | 18.9         |
------------------------------------------
------------------------------------------
| rollout/                |              |
|    ep_len_mean          | 136          |
|    ep_rew_mean          | 109          |
| time/                   |              |
|    fps                  | 35           |
|    iterations           | 18           |
|    time_elapsed         | 8323         |
|    total_timesteps      | 294912       |
| train/                  |              |
|    approx_kl            | 0.0047794404 |
|    clip_fraction        | 0.052        |
|    clip_range           | 0.2          |
|    entropy_loss         | -1.16        |
|    explained_variance   | 0.317        |
|    learning_rate        | 0.0003       |
|    loss                 | 22.5         |
|    n_updates            | 170          |
|    policy_gradient_loss | -0.00114     |
|    std                  | 0.768        |
|    value_loss           | 20.5         |
------------------------------------------
-----------------------------------------
| rollout/                |             |
|    ep_len_mean          | 135         |
|    ep_rew_mean          | 109         |
| time/                   |             |
|    fps                  | 35          |
|    iterations           | 19          |
|    time_elapsed         | 8786        |
|    total_timesteps      | 311296      |
| train/                  |             |
|    approx_kl            | 0.003522024 |
|    clip_fraction        | 0.0367      |
|    clip_range           | 0.2         |
|    entropy_loss         | -1.14       |
|    explained_variance   | 0.41        |
|    learning_rate        | 0.0003      |
|    loss                 | 12.4        |
|    n_updates            | 180         |
|    policy_gradient_loss | -0.00096    |
|    std                  | 0.758       |
|    value_loss           | 12.8        |
-----------------------------------------
------------------------------------------
| rollout/                |              |
|    ep_len_mean          | 137          |
|    ep_rew_mean          | 111          |
| time/                   |              |
|    fps                  | 35           |
|    iterations           | 20           |
|    time_elapsed         | 9249         |
|    total_timesteps      | 327680       |
| train/                  |              |
|    approx_kl            | 0.0031837702 |
|    clip_fraction        | 0.0426       |
|    clip_range           | 0.2          |
|    entropy_loss         | -1.14        |
|    explained_variance   | 0.292        |
|    learning_rate        | 0.0003       |
|    loss                 | 0.628        |
|    n_updates            | 190          |
|    policy_gradient_loss | -0.00143     |
|    std                  | 0.752        |
|    value_loss           | 21.3         |
------------------------------------------
-----------------------------------------
| rollout/                |             |
|    ep_len_mean          | 139         |
|    ep_rew_mean          | 112         |
| time/                   |             |
|    fps                  | 35          |
|    iterations           | 21          |
|    time_elapsed         | 9713        |
|    total_timesteps      | 344064      |
| train/                  |             |
|    approx_kl            | 0.004279383 |
|    clip_fraction        | 0.0519      |
|    clip_range           | 0.2         |
|    entropy_loss         | -1.12       |
|    explained_variance   | 0.412       |
|    learning_rate        | 0.0003      |
|    loss                 | 0.579       |
|    n_updates            | 200         |
|    policy_gradient_loss | -0.00191    |
|    std                  | 0.746       |
|    value_loss           | 13.9        |
-----------------------------------------
------------------------------------------
| rollout/                |              |
|    ep_len_mean          | 138          |
|    ep_rew_mean          | 111          |
| time/                   |              |
|    fps                  | 35           |
|    iterations           | 22           |
|    time_elapsed         | 10176        |
|    total_timesteps      | 360448       |
| train/                  |              |
|    approx_kl            | 0.0043611927 |
|    clip_fraction        | 0.0414       |
|    clip_range           | 0.2          |
|    entropy_loss         | -1.11        |
|    explained_variance   | 0.556        |
|    learning_rate        | 0.0003       |
|    loss                 | 9.14         |
|    n_updates            | 210          |
|    policy_gradient_loss | -0.00133     |
|    std                  | 0.732        |
|    value_loss           | 7.24         |
------------------------------------------
------------------------------------------
| rollout/                |              |
|    ep_len_mean          | 138          |
|    ep_rew_mean          | 112          |
| time/                   |              |
|    fps                  | 35           |
|    iterations           | 23           |
|    time_elapsed         | 10638        |
|    total_timesteps      | 376832       |
| train/                  |              |
|    approx_kl            | 0.0039189635 |
|    clip_fraction        | 0.0422       |
|    clip_range           | 0.2          |
|    entropy_loss         | -1.1         |
|    explained_variance   | 0.51         |
|    learning_rate        | 0.0003       |
|    loss                 | 22.3         |
|    n_updates            | 220          |
|    policy_gradient_loss | -0.000514    |
|    std                  | 0.723        |
|    value_loss           | 8.08         |
------------------------------------------
------------------------------------------
| rollout/                |              |
|    ep_len_mean          | 137          |
|    ep_rew_mean          | 110          |
| time/                   |              |
|    fps                  | 35           |
|    iterations           | 24           |
|    time_elapsed         | 11102        |
|    total_timesteps      | 393216       |
| train/                  |              |
|    approx_kl            | 0.0052410346 |
|    clip_fraction        | 0.0456       |
|    clip_range           | 0.2          |
|    entropy_loss         | -1.09        |
|    explained_variance   | 0.418        |
|    learning_rate        | 0.0003       |
|    loss                 | 2.71         |
|    n_updates            | 230          |
|    policy_gradient_loss | -0.000608    |
|    std                  | 0.716        |
|    value_loss           | 10.7         |
------------------------------------------
------------------------------------------
| rollout/                |              |
|    ep_len_mean          | 139          |
|    ep_rew_mean          | 113          |
| time/                   |              |
|    fps                  | 35           |
|    iterations           | 25           |
|    time_elapsed         | 11564        |
|    total_timesteps      | 409600       |
| train/                  |              |
|    approx_kl            | 0.0061532278 |
|    clip_fraction        | 0.0448       |
|    clip_range           | 0.2          |
|    entropy_loss         | -1.07        |
|    explained_variance   | 0.366        |
|    learning_rate        | 0.0003       |
|    loss                 | 25.6         |
|    n_updates            | 240          |
|    policy_gradient_loss | -0.00096     |
|    std                  | 0.699        |
|    value_loss           | 16.6         |
------------------------------------------
------------------------------------------
| rollout/                |              |
|    ep_len_mean          | 139          |
|    ep_rew_mean          | 113          |
| time/                   |              |
|    fps                  | 35           |
|    iterations           | 26           |
|    time_elapsed         | 12027        |
|    total_timesteps      | 425984       |
| train/                  |              |
|    approx_kl            | 0.0063898666 |
|    clip_fraction        | 0.0669       |
|    clip_range           | 0.2          |
|    entropy_loss         | -1.04        |
|    explained_variance   | 0.523        |
|    learning_rate        | 0.0003       |
|    loss                 | 0.384        |
|    n_updates            | 250          |
|    policy_gradient_loss | -0.00187     |
|    std                  | 0.681        |
|    value_loss           | 10.7         |
------------------------------------------
------------------------------------------
| rollout/                |              |
|    ep_len_mean          | 137          |
|    ep_rew_mean          | 112          |
| time/                   |              |
|    fps                  | 35           |
|    iterations           | 27           |
|    time_elapsed         | 12487        |
|    total_timesteps      | 442368       |
| train/                  |              |
|    approx_kl            | 0.0056676567 |
|    clip_fraction        | 0.0547       |
|    clip_range           | 0.2          |
|    entropy_loss         | -1.03        |
|    explained_variance   | 0.607        |
|    learning_rate        | 0.0003       |
|    loss                 | 1.03         |
|    n_updates            | 260          |
|    policy_gradient_loss | -0.00111     |
|    std                  | 0.679        |
|    value_loss           | 6.11         |
------------------------------------------
-----------------------------------------
| rollout/                |             |
|    ep_len_mean          | 134         |
|    ep_rew_mean          | 110         |
| time/                   |             |
|    fps                  | 35          |
|    iterations           | 28          |
|    time_elapsed         | 12947       |
|    total_timesteps      | 458752      |
| train/                  |             |
|    approx_kl            | 0.006849342 |
|    clip_fraction        | 0.066       |
|    clip_range           | 0.2         |
|    entropy_loss         | -1.02       |
|    explained_variance   | 0.582       |
|    learning_rate        | 0.0003      |
|    loss                 | 4.34        |
|    n_updates            | 270         |
|    policy_gradient_loss | -0.00169    |
|    std                  | 0.671       |
|    value_loss           | 8.81        |
-----------------------------------------
------------------------------------------
| rollout/                |              |
|    ep_len_mean          | 136          |
|    ep_rew_mean          | 112          |
| time/                   |              |
|    fps                  | 35           |
|    iterations           | 29           |
|    time_elapsed         | 13406        |
|    total_timesteps      | 475136       |
| train/                  |              |
|    approx_kl            | 0.0042649964 |
|    clip_fraction        | 0.0399       |
|    clip_range           | 0.2          |
|    entropy_loss         | -1.02        |
|    explained_variance   | 0.309        |
|    learning_rate        | 0.0003       |
|    loss                 | 23.7         |
|    n_updates            | 280          |
|    policy_gradient_loss | -0.000515    |
|    std                  | 0.669        |
|    value_loss           | 27.4         |
------------------------------------------
------------------------------------------
| rollout/                |              |
|    ep_len_mean          | 139          |
|    ep_rew_mean          | 114          |
| time/                   |              |
|    fps                  | 35           |
|    iterations           | 30           |
|    time_elapsed         | 13864        |
|    total_timesteps      | 491520       |
| train/                  |              |
|    approx_kl            | 0.0062125335 |
|    clip_fraction        | 0.0672       |
|    clip_range           | 0.2          |
|    entropy_loss         | -1           |
|    explained_variance   | 0.441        |
|    learning_rate        | 0.0003       |
|    loss                 | 15.5         |
|    n_updates            | 290          |
|    policy_gradient_loss | -0.00228     |
|    std                  | 0.656        |
|    value_loss           | 18.5         |
------------------------------------------
----------------------------------------
| rollout/                |            |
|    ep_len_mean          | 140        |
|    ep_rew_mean          | 115        |
| time/                   |            |
|    fps                  | 35         |
|    iterations           | 31         |
|    time_elapsed         | 14319      |
|    total_timesteps      | 507904     |
| train/                  |            |
|    approx_kl            | 0.00604437 |
|    clip_fraction        | 0.0666     |
|    clip_range           | 0.2        |
|    entropy_loss         | -0.981     |
|    explained_variance   | 0.566      |
|    learning_rate        | 0.0003     |
|    loss                 | 12.8       |
|    n_updates            | 300        |
|    policy_gradient_loss | -0.00136   |
|    std                  | 0.643      |
|    value_loss           | 8.94       |
----------------------------------------
-----------------------------------------
| rollout/                |             |
|    ep_len_mean          | 137         |
|    ep_rew_mean          | 112         |
| time/                   |             |
|    fps                  | 35          |
|    iterations           | 32          |
|    time_elapsed         | 14770       |
|    total_timesteps      | 524288      |
| train/                  |             |
|    approx_kl            | 0.005567737 |
|    clip_fraction        | 0.0581      |
|    clip_range           | 0.2         |
|    entropy_loss         | -0.96       |
|    explained_variance   | 0.958       |
|    learning_rate        | 0.0003      |
|    loss                 | 0.124       |
|    n_updates            | 310         |
|    policy_gradient_loss | -0.00188    |
|    std                  | 0.629       |
|    value_loss           | 0.32        |
-----------------------------------------
-----------------------------------------
| rollout/                |             |
|    ep_len_mean          | 140         |
|    ep_rew_mean          | 116         |
| time/                   |             |
|    fps                  | 35          |
|    iterations           | 33          |
|    time_elapsed         | 15222       |
|    total_timesteps      | 540672      |
| train/                  |             |
|    approx_kl            | 0.006422264 |
|    clip_fraction        | 0.0545      |
|    clip_range           | 0.2         |
|    entropy_loss         | -0.955      |
|    explained_variance   | 0.382       |
|    learning_rate        | 0.0003      |
|    loss                 | 0.324       |
|    n_updates            | 320         |
|    policy_gradient_loss | -0.000362   |
|    std                  | 0.63        |
|    value_loss           | 16          |
-----------------------------------------
-----------------------------------------
| rollout/                |             |
|    ep_len_mean          | 137         |
|    ep_rew_mean          | 113         |
| time/                   |             |
|    fps                  | 35          |
|    iterations           | 34          |
|    time_elapsed         | 15674       |
|    total_timesteps      | 557056      |
| train/                  |             |
|    approx_kl            | 0.007384984 |
|    clip_fraction        | 0.0704      |
|    clip_range           | 0.2         |
|    entropy_loss         | -0.939      |
|    explained_variance   | 0.75        |
|    learning_rate        | 0.0003      |
|    loss                 | 0.179       |
|    n_updates            | 330         |
|    policy_gradient_loss | -0.00245    |
|    std                  | 0.618       |
|    value_loss           | 3.17        |
-----------------------------------------
------------------------------------------
| rollout/                |              |
|    ep_len_mean          | 140          |
|    ep_rew_mean          | 116          |
| time/                   |              |
|    fps                  | 35           |
|    iterations           | 35           |
|    time_elapsed         | 16126        |
|    total_timesteps      | 573440       |
| train/                  |              |
|    approx_kl            | 0.0046621775 |
|    clip_fraction        | 0.0453       |
|    clip_range           | 0.2          |
|    entropy_loss         | -0.933       |
|    explained_variance   | 0.374        |
|    learning_rate        | 0.0003       |
|    loss                 | 3.3          |
|    n_updates            | 340          |
|    policy_gradient_loss | -0.000301    |
|    std                  | 0.613        |
|    value_loss           | 19.3         |
------------------------------------------
------------------------------------------
| rollout/                |              |
|    ep_len_mean          | 137          |
|    ep_rew_mean          | 114          |
| time/                   |              |
|    fps                  | 35           |
|    iterations           | 36           |
|    time_elapsed         | 16578        |
|    total_timesteps      | 589824       |
| train/                  |              |
|    approx_kl            | 0.0052509657 |
|    clip_fraction        | 0.0644       |
|    clip_range           | 0.2          |
|    entropy_loss         | -0.916       |
|    explained_variance   | 0.679        |
|    learning_rate        | 0.0003       |
|    loss                 | 0.096        |
|    n_updates            | 350          |
|    policy_gradient_loss | -0.00119     |
|    std                  | 0.603        |
|    value_loss           | 3.96         |
------------------------------------------
-----------------------------------------
| rollout/                |             |
|    ep_len_mean          | 138         |
|    ep_rew_mean          | 115         |
| time/                   |             |
|    fps                  | 35          |
|    iterations           | 37          |
|    time_elapsed         | 17031       |
|    total_timesteps      | 606208      |
| train/                  |             |
|    approx_kl            | 0.005874293 |
|    clip_fraction        | 0.0584      |
|    clip_range           | 0.2         |
|    entropy_loss         | -0.902      |
|    explained_variance   | 0.455       |
|    learning_rate        | 0.0003      |
|    loss                 | 1.29        |
|    n_updates            | 360         |
|    policy_gradient_loss | 0.000307    |
|    std                  | 0.592       |
|    value_loss           | 12.1        |
-----------------------------------------
-----------------------------------------
| rollout/                |             |
|    ep_len_mean          | 137         |
|    ep_rew_mean          | 114         |
| time/                   |             |
|    fps                  | 35          |
|    iterations           | 38          |
|    time_elapsed         | 17483       |
|    total_timesteps      | 622592      |
| train/                  |             |
|    approx_kl            | 0.005927231 |
|    clip_fraction        | 0.0616      |
|    clip_range           | 0.2         |
|    entropy_loss         | -0.895      |
|    explained_variance   | 0.393       |
|    learning_rate        | 0.0003      |
|    loss                 | 0.259       |
|    n_updates            | 370         |
|    policy_gradient_loss | -0.000647   |
|    std                  | 0.59        |
|    value_loss           | 13.1        |
-----------------------------------------
-----------------------------------------
| rollout/                |             |
|    ep_len_mean          | 138         |
|    ep_rew_mean          | 116         |
| time/                   |             |
|    fps                  | 35          |
|    iterations           | 39          |
|    time_elapsed         | 17935       |
|    total_timesteps      | 638976      |
| train/                  |             |
|    approx_kl            | 0.006780726 |
|    clip_fraction        | 0.0725      |
|    clip_range           | 0.2         |
|    entropy_loss         | -0.869      |
|    explained_variance   | 0.285       |
|    learning_rate        | 0.0003      |
|    loss                 | 0.237       |
|    n_updates            | 380         |
|    policy_gradient_loss | -0.000653   |
|    std                  | 0.575       |
|    value_loss           | 19.3        |
-----------------------------------------
-----------------------------------------
| rollout/                |             |
|    ep_len_mean          | 138         |
|    ep_rew_mean          | 115         |
| time/                   |             |
|    fps                  | 35          |
|    iterations           | 40          |
|    time_elapsed         | 18388       |
|    total_timesteps      | 655360      |
| train/                  |             |
|    approx_kl            | 0.006817137 |
|    clip_fraction        | 0.0782      |
|    clip_range           | 0.2         |
|    entropy_loss         | -0.857      |
|    explained_variance   | 0.405       |
|    learning_rate        | 0.0003      |
|    loss                 | 45.8        |
|    n_updates            | 390         |
|    policy_gradient_loss | -0.000623   |
|    std                  | 0.57        |
|    value_loss           | 13.3        |
-----------------------------------------
-----------------------------------------
| rollout/                |             |
|    ep_len_mean          | 136         |
|    ep_rew_mean          | 114         |
| time/                   |             |
|    fps                  | 35          |
|    iterations           | 41          |
|    time_elapsed         | 18840       |
|    total_timesteps      | 671744      |
| train/                  |             |
|    approx_kl            | 0.006411282 |
|    clip_fraction        | 0.0653      |
|    clip_range           | 0.2         |
|    entropy_loss         | -0.844      |
|    explained_variance   | 0.532       |
|    learning_rate        | 0.0003      |
|    loss                 | 0.249       |
|    n_updates            | 400         |
|    policy_gradient_loss | -0.000199   |
|    std                  | 0.558       |
|    value_loss           | 8.49        |
-----------------------------------------
------------------------------------------
| rollout/                |              |
|    ep_len_mean          | 139          |
|    ep_rew_mean          | 117          |
| time/                   |              |
|    fps                  | 35           |
|    iterations           | 42           |
|    time_elapsed         | 19292        |
|    total_timesteps      | 688128       |
| train/                  |              |
|    approx_kl            | 0.0063258056 |
|    clip_fraction        | 0.0569       |
|    clip_range           | 0.2          |
|    entropy_loss         | -0.825       |
|    explained_variance   | 0.28         |
|    learning_rate        | 0.0003       |
|    loss                 | 22.7         |
|    n_updates            | 410          |
|    policy_gradient_loss | -0.000855    |
|    std                  | 0.549        |
|    value_loss           | 30.4         |
------------------------------------------
------------------------------------------
| rollout/                |              |
|    ep_len_mean          | 138          |
|    ep_rew_mean          | 116          |
| time/                   |              |
|    fps                  | 35           |
|    iterations           | 43           |
|    time_elapsed         | 19744        |
|    total_timesteps      | 704512       |
| train/                  |              |
|    approx_kl            | 0.0065076733 |
|    clip_fraction        | 0.0738       |
|    clip_range           | 0.2          |
|    entropy_loss         | -0.793       |
|    explained_variance   | 0.635        |
|    learning_rate        | 0.0003       |
|    loss                 | 0.129        |
|    n_updates            | 420          |
|    policy_gradient_loss | 0.000571     |
|    std                  | 0.532        |
|    value_loss           | 4.13         |
------------------------------------------
-----------------------------------------
| rollout/                |             |
|    ep_len_mean          | 139         |
|    ep_rew_mean          | 117         |
| time/                   |             |
|    fps                  | 35          |
|    iterations           | 44          |
|    time_elapsed         | 20196       |
|    total_timesteps      | 720896      |
| train/                  |             |
|    approx_kl            | 0.006357578 |
|    clip_fraction        | 0.0636      |
|    clip_range           | 0.2         |
|    entropy_loss         | -0.786      |
|    explained_variance   | 0.408       |
|    learning_rate        | 0.0003      |
|    loss                 | 0.164       |
|    n_updates            | 430         |
|    policy_gradient_loss | -0.000731   |
|    std                  | 0.528       |
|    value_loss           | 12.8        |
-----------------------------------------
-----------------------------------------
| rollout/                |             |
|    ep_len_mean          | 139         |
|    ep_rew_mean          | 116         |
| time/                   |             |
|    fps                  | 35          |
|    iterations           | 45          |
|    time_elapsed         | 20649       |
|    total_timesteps      | 737280      |
| train/                  |             |
|    approx_kl            | 0.005532132 |
|    clip_fraction        | 0.0655      |
|    clip_range           | 0.2         |
|    entropy_loss         | -0.769      |
|    explained_variance   | 0.548       |
|    learning_rate        | 0.0003      |
|    loss                 | 4.08        |
|    n_updates            | 440         |
|    policy_gradient_loss | -0.000566   |
|    std                  | 0.52        |
|    value_loss           | 6.87        |
-----------------------------------------
------------------------------------------
| rollout/                |              |
|    ep_len_mean          | 136          |
|    ep_rew_mean          | 115          |
| time/                   |              |
|    fps                  | 35           |
|    iterations           | 46           |
|    time_elapsed         | 21100        |
|    total_timesteps      | 753664       |
| train/                  |              |
|    approx_kl            | 0.0058136876 |
|    clip_fraction        | 0.066        |
|    clip_range           | 0.2          |
|    entropy_loss         | -0.758       |
|    explained_variance   | 0.484        |
|    learning_rate        | 0.0003       |
|    loss                 | 5.26         |
|    n_updates            | 450          |
|    policy_gradient_loss | 0.000474     |
|    std                  | 0.517        |
|    value_loss           | 8.97         |
------------------------------------------
------------------------------------------
| rollout/                |              |
|    ep_len_mean          | 138          |
|    ep_rew_mean          | 116          |
| time/                   |              |
|    fps                  | 35           |
|    iterations           | 47           |
|    time_elapsed         | 21553        |
|    total_timesteps      | 770048       |
| train/                  |              |
|    approx_kl            | 0.0072216736 |
|    clip_fraction        | 0.0662       |
|    clip_range           | 0.2          |
|    entropy_loss         | -0.753       |
|    explained_variance   | 0.327        |
|    learning_rate        | 0.0003       |
|    loss                 | 14.2         |
|    n_updates            | 460          |
|    policy_gradient_loss | -0.000941    |
|    std                  | 0.513        |
|    value_loss           | 22.8         |
------------------------------------------
-----------------------------------------
| rollout/                |             |
|    ep_len_mean          | 139         |
|    ep_rew_mean          | 116         |
| time/                   |             |
|    fps                  | 35          |
|    iterations           | 48          |
|    time_elapsed         | 22005       |
|    total_timesteps      | 786432      |
| train/                  |             |
|    approx_kl            | 0.007847713 |
|    clip_fraction        | 0.0843      |
|    clip_range           | 0.2         |
|    entropy_loss         | -0.747      |
|    explained_variance   | 0.462       |
|    learning_rate        | 0.0003      |
|    loss                 | 0.246       |
|    n_updates            | 470         |
|    policy_gradient_loss | 2.35e-06    |
|    std                  | 0.508       |
|    value_loss           | 10.2        |
-----------------------------------------
------------------------------------------
| rollout/                |              |
|    ep_len_mean          | 136          |
|    ep_rew_mean          | 114          |
| time/                   |              |
|    fps                  | 35           |
|    iterations           | 49           |
|    time_elapsed         | 22459        |
|    total_timesteps      | 802816       |
| train/                  |              |
|    approx_kl            | 0.0062727956 |
|    clip_fraction        | 0.071        |
|    clip_range           | 0.2          |
|    entropy_loss         | -0.74        |
|    explained_variance   | 0.329        |
|    learning_rate        | 0.0003       |
|    loss                 | 0.282        |
|    n_updates            | 480          |
|    policy_gradient_loss | -0.000421    |
|    std                  | 0.507        |
|    value_loss           | 19.8         |
------------------------------------------
-----------------------------------------
| rollout/                |             |
|    ep_len_mean          | 138         |
|    ep_rew_mean          | 115         |
| time/                   |             |
|    fps                  | 35          |
|    iterations           | 50          |
|    time_elapsed         | 22912       |
|    total_timesteps      | 819200      |
| train/                  |             |
|    approx_kl            | 0.009525258 |
|    clip_fraction        | 0.0791      |
|    clip_range           | 0.2         |
|    entropy_loss         | -0.735      |
|    explained_variance   | 0.332       |
|    learning_rate        | 0.0003      |
|    loss                 | 20.7        |
|    n_updates            | 490         |
|    policy_gradient_loss | 0.000269    |
|    std                  | 0.504       |
|    value_loss           | 23.8        |
-----------------------------------------
-----------------------------------------
| rollout/                |             |
|    ep_len_mean          | 140         |
|    ep_rew_mean          | 117         |
| time/                   |             |
|    fps                  | 35          |
|    iterations           | 51          |
|    time_elapsed         | 23365       |
|    total_timesteps      | 835584      |
| train/                  |             |
|    approx_kl            | 0.007761324 |
|    clip_fraction        | 0.0941      |
|    clip_range           | 0.2         |
|    entropy_loss         | -0.718      |
|    explained_variance   | 0.459       |
|    learning_rate        | 0.0003      |
|    loss                 | 0.937       |
|    n_updates            | 500         |
|    policy_gradient_loss | -0.000678   |
|    std                  | 0.496       |
|    value_loss           | 13.5        |
-----------------------------------------
------------------------------------------
| rollout/                |              |
|    ep_len_mean          | 135          |
|    ep_rew_mean          | 114          |
| time/                   |              |
|    fps                  | 35           |
|    iterations           | 52           |
|    time_elapsed         | 23819        |
|    total_timesteps      | 851968       |
| train/                  |              |
|    approx_kl            | 0.0069035613 |
|    clip_fraction        | 0.0732       |
|    clip_range           | 0.2          |
|    entropy_loss         | -0.697       |
|    explained_variance   | 0.945        |
|    learning_rate        | 0.0003       |
|    loss                 | 0.208        |
|    n_updates            | 510          |
|    policy_gradient_loss | -0.00082     |
|    std                  | 0.485        |
|    value_loss           | 0.325        |
------------------------------------------
------------------------------------------
| rollout/                |              |
|    ep_len_mean          | 139          |
|    ep_rew_mean          | 117          |
| time/                   |              |
|    fps                  | 35           |
|    iterations           | 53           |
|    time_elapsed         | 24272        |
|    total_timesteps      | 868352       |
| train/                  |              |
|    approx_kl            | 0.0057627372 |
|    clip_fraction        | 0.0632       |
|    clip_range           | 0.2          |
|    entropy_loss         | -0.701       |
|    explained_variance   | 0.274        |
|    learning_rate        | 0.0003       |
|    loss                 | 1.8          |
|    n_updates            | 520          |
|    policy_gradient_loss | -0.000863    |
|    std                  | 0.489        |
|    value_loss           | 27.9         |
------------------------------------------
-----------------------------------------
| rollout/                |             |
|    ep_len_mean          | 137         |
|    ep_rew_mean          | 115         |
| time/                   |             |
|    fps                  | 35          |
|    iterations           | 54          |
|    time_elapsed         | 24726       |
|    total_timesteps      | 884736      |
| train/                  |             |
|    approx_kl            | 0.008457506 |
|    clip_fraction        | 0.0805      |
|    clip_range           | 0.2         |
|    entropy_loss         | -0.687      |
|    explained_variance   | 0.431       |
|    learning_rate        | 0.0003      |
|    loss                 | 0.257       |
|    n_updates            | 530         |
|    policy_gradient_loss | 0.000552    |
|    std                  | 0.481       |
|    value_loss           | 15.2        |
-----------------------------------------
-----------------------------------------
| rollout/                |             |
|    ep_len_mean          | 134         |
|    ep_rew_mean          | 113         |
| time/                   |             |
|    fps                  | 35          |
|    iterations           | 55          |
|    time_elapsed         | 25180       |
|    total_timesteps      | 901120      |
| train/                  |             |
|    approx_kl            | 0.009466342 |
|    clip_fraction        | 0.0925      |
|    clip_range           | 0.2         |
|    entropy_loss         | -0.671      |
|    explained_variance   | 0.374       |
|    learning_rate        | 0.0003      |
|    loss                 | 21.4        |
|    n_updates            | 540         |
|    policy_gradient_loss | -0.000571   |
|    std                  | 0.47        |
|    value_loss           | 17.1        |
-----------------------------------------
----------------------------------------
| rollout/                |            |
|    ep_len_mean          | 137        |
|    ep_rew_mean          | 115        |
| time/                   |            |
|    fps                  | 35         |
|    iterations           | 56         |
|    time_elapsed         | 25634      |
|    total_timesteps      | 917504     |
| train/                  |            |
|    approx_kl            | 0.00567233 |
|    clip_fraction        | 0.0628     |
|    clip_range           | 0.2        |
|    entropy_loss         | -0.667     |
|    explained_variance   | 0.317      |
|    learning_rate        | 0.0003     |
|    loss                 | 21.5       |
|    n_updates            | 550        |
|    policy_gradient_loss | 0.000262   |
|    std                  | 0.471      |
|    value_loss           | 33.9       |
----------------------------------------
-----------------------------------------
| rollout/                |             |
|    ep_len_mean          | 139         |
|    ep_rew_mean          | 116         |
| time/                   |             |
|    fps                  | 35          |
|    iterations           | 57          |
|    time_elapsed         | 26087       |
|    total_timesteps      | 933888      |
| train/                  |             |
|    approx_kl            | 0.006585914 |
|    clip_fraction        | 0.0967      |
|    clip_range           | 0.2         |
|    entropy_loss         | -0.66       |
|    explained_variance   | 0.349       |
|    learning_rate        | 0.0003      |
|    loss                 | 34.8        |
|    n_updates            | 560         |
|    policy_gradient_loss | -0.000109   |
|    std                  | 0.467       |
|    value_loss           | 21.4        |
-----------------------------------------
-----------------------------------------
| rollout/                |             |
|    ep_len_mean          | 139         |
|    ep_rew_mean          | 117         |
| time/                   |             |
|    fps                  | 35          |
|    iterations           | 58          |
|    time_elapsed         | 26542       |
|    total_timesteps      | 950272      |
| train/                  |             |
|    approx_kl            | 0.007528878 |
|    clip_fraction        | 0.0813      |
|    clip_range           | 0.2         |
|    entropy_loss         | -0.643      |
|    explained_variance   | 0.528       |
|    learning_rate        | 0.0003      |
|    loss                 | 0.251       |
|    n_updates            | 570         |
|    policy_gradient_loss | -0.000432   |
|    std                  | 0.458       |
|    value_loss           | 10.2        |
-----------------------------------------
------------------------------------------
| rollout/                |              |
|    ep_len_mean          | 139          |
|    ep_rew_mean          | 118          |
| time/                   |              |
|    fps                  | 35           |
|    iterations           | 59           |
|    time_elapsed         | 26995        |
|    total_timesteps      | 966656       |
| train/                  |              |
|    approx_kl            | 0.0068511916 |
|    clip_fraction        | 0.0763       |
|    clip_range           | 0.2          |
|    entropy_loss         | -0.635       |
|    explained_variance   | 0.706        |
|    learning_rate        | 0.0003       |
|    loss                 | 0.171        |
|    n_updates            | 580          |
|    policy_gradient_loss | -0.00069     |
|    std                  | 0.457        |
|    value_loss           | 3.87         |
------------------------------------------
-----------------------------------------
| rollout/                |             |
|    ep_len_mean          | 139         |
|    ep_rew_mean          | 116         |
| time/                   |             |
|    fps                  | 35          |
|    iterations           | 60          |
|    time_elapsed         | 27450       |
|    total_timesteps      | 983040      |
| train/                  |             |
|    approx_kl            | 0.006665606 |
|    clip_fraction        | 0.0675      |
|    clip_range           | 0.2         |
|    entropy_loss         | -0.638      |
|    explained_variance   | 0.628       |
|    learning_rate        | 0.0003      |
|    loss                 | 1.28        |
|    n_updates            | 590         |
|    policy_gradient_loss | 0.0003      |
|    std                  | 0.457       |
|    value_loss           | 4.87        |
-----------------------------------------
-----------------------------------------
| rollout/                |             |
|    ep_len_mean          | 138         |
|    ep_rew_mean          | 117         |
| time/                   |             |
|    fps                  | 35          |
|    iterations           | 61          |
|    time_elapsed         | 27905       |
|    total_timesteps      | 999424      |
| train/                  |             |
|    approx_kl            | 0.007817781 |
|    clip_fraction        | 0.088       |
|    clip_range           | 0.2         |
|    entropy_loss         | -0.63       |
|    explained_variance   | 0.636       |
|    learning_rate        | 0.0003      |
|    loss                 | 0.231       |
|    n_updates            | 600         |
|    policy_gradient_loss | -0.000166   |
|    std                  | 0.453       |
|    value_loss           | 7.42        |
-----------------------------------------
-----------------------------------------
| rollout/                |             |
|    ep_len_mean          | 138         |
|    ep_rew_mean          | 116         |
| time/                   |             |
|    fps                  | 35          |
|    iterations           | 62          |
|    time_elapsed         | 28360       |
|    total_timesteps      | 1015808     |
| train/                  |             |
|    approx_kl            | 0.007967892 |
|    clip_fraction        | 0.0819      |
|    clip_range           | 0.2         |
|    entropy_loss         | -0.618      |
|    explained_variance   | 0.383       |
|    learning_rate        | 0.0003      |
|    loss                 | 1.29        |
|    n_updates            | 610         |
|    policy_gradient_loss | 0.000593    |
|    std                  | 0.449       |
|    value_loss           | 17.3        |
-----------------------------------------
ppo_baseline_cf_obs15_stopgo_v2_seed1 obs shape: (15, 5) action space: Box(-1.0, 1.0, (1,), float32)
Using cpu device
Logging to runs/tb/ppo_baseline_cf_obs15_stopgo_v2_seed1_1
---------------------------------
| rollout/           |          |
|    ep_len_mean     | 61.7     |
|    ep_rew_mean     | 40.4     |
| time/              |          |
|    fps             | 35       |
|    iterations      | 1        |
|    time_elapsed    | 460      |
|    total_timesteps | 16384    |
---------------------------------
-----------------------------------------
| rollout/                |             |
|    ep_len_mean          | 83.6        |
|    ep_rew_mean          | 59.4        |
| time/                   |             |
|    fps                  | 35          |
|    iterations           | 2           |
|    time_elapsed         | 926         |
|    total_timesteps      | 32768       |
| train/                  |             |
|    approx_kl            | 0.008632714 |
|    clip_fraction        | 0.101       |
|    clip_range           | 0.2         |
|    entropy_loss         | -1.4        |
|    explained_variance   | 0.0311      |
|    learning_rate        | 0.0003      |
|    loss                 | 3.31        |
|    n_updates            | 10          |
|    policy_gradient_loss | -0.00881    |
|    std                  | 0.983       |
|    value_loss           | 10.8        |
-----------------------------------------
-----------------------------------------
| rollout/                |             |
|    ep_len_mean          | 111         |
|    ep_rew_mean          | 84.8        |
| time/                   |             |
|    fps                  | 35          |
|    iterations           | 3           |
|    time_elapsed         | 1390        |
|    total_timesteps      | 49152       |
| train/                  |             |
|    approx_kl            | 0.010370199 |
|    clip_fraction        | 0.117       |
|    clip_range           | 0.2         |
|    entropy_loss         | -1.38       |
|    explained_variance   | 0.588       |
|    learning_rate        | 0.0003      |
|    loss                 | 4.69        |
|    n_updates            | 20          |
|    policy_gradient_loss | -0.0139     |
|    std                  | 0.957       |
|    value_loss           | 15.3        |
-----------------------------------------
-----------------------------------------
| rollout/                |             |
|    ep_len_mean          | 126         |
|    ep_rew_mean          | 99.3        |
| time/                   |             |
|    fps                  | 35          |
|    iterations           | 4           |
|    time_elapsed         | 1850        |
|    total_timesteps      | 65536       |
| train/                  |             |
|    approx_kl            | 0.008766663 |
|    clip_fraction        | 0.0985      |
|    clip_range           | 0.2         |
|    entropy_loss         | -1.35       |
|    explained_variance   | 0.501       |
|    learning_rate        | 0.0003      |
|    loss                 | 11.3        |
|    n_updates            | 30          |
|    policy_gradient_loss | -0.0115     |
|    std                  | 0.927       |
|    value_loss           | 19.2        |
-----------------------------------------
-----------------------------------------
| rollout/                |             |
|    ep_len_mean          | 123         |
|    ep_rew_mean          | 97.3        |
| time/                   |             |
|    fps                  | 35          |
|    iterations           | 5           |
|    time_elapsed         | 2310        |
|    total_timesteps      | 81920       |
| train/                  |             |
|    approx_kl            | 0.006142703 |
|    clip_fraction        | 0.0598      |
|    clip_range           | 0.2         |
|    entropy_loss         | -1.32       |
|    explained_variance   | 0.226       |
|    learning_rate        | 0.0003      |
|    loss                 | 5.44        |
|    n_updates            | 40          |
|    policy_gradient_loss | -0.00707    |
|    std                  | 0.907       |
|    value_loss           | 18.8        |
-----------------------------------------
------------------------------------------
| rollout/                |              |
|    ep_len_mean          | 135          |
|    ep_rew_mean          | 106          |
| time/                   |              |
|    fps                  | 35           |
|    iterations           | 6            |
|    time_elapsed         | 2771         |
|    total_timesteps      | 98304        |
| train/                  |              |
|    approx_kl            | 0.0048164083 |
|    clip_fraction        | 0.0414       |
|    clip_range           | 0.2          |
|    entropy_loss         | -1.32        |
|    explained_variance   | 0.163        |
|    learning_rate        | 0.0003       |
|    loss                 | 2.23         |
|    n_updates            | 50           |
|    policy_gradient_loss | -0.00228     |
|    std                  | 0.906        |
|    value_loss           | 20.6         |
------------------------------------------
------------------------------------------
| rollout/                |              |
|    ep_len_mean          | 133          |
|    ep_rew_mean          | 105          |
| time/                   |              |
|    fps                  | 35           |
|    iterations           | 7            |
|    time_elapsed         | 3231         |
|    total_timesteps      | 114688       |
| train/                  |              |
|    approx_kl            | 0.0043246555 |
|    clip_fraction        | 0.047        |
|    clip_range           | 0.2          |
|    entropy_loss         | -1.31        |
|    explained_variance   | 0.231        |
|    learning_rate        | 0.0003       |
|    loss                 | 1.37         |
|    n_updates            | 60           |
|    policy_gradient_loss | -0.00291     |
|    std                  | 0.898        |
|    value_loss           | 8            |
------------------------------------------
------------------------------------------
| rollout/                |              |
|    ep_len_mean          | 137          |
|    ep_rew_mean          | 108          |
| time/                   |              |
|    fps                  | 35           |
|    iterations           | 8            |
|    time_elapsed         | 3691         |
|    total_timesteps      | 131072       |
| train/                  |              |
|    approx_kl            | 0.0027912024 |
|    clip_fraction        | 0.0274       |
|    clip_range           | 0.2          |
|    entropy_loss         | -1.31        |
|    explained_variance   | 0.142        |
|    learning_rate        | 0.0003       |
|    loss                 | 20.8         |
|    n_updates            | 70           |
|    policy_gradient_loss | -0.00108     |
|    std                  | 0.897        |
|    value_loss           | 22           |
------------------------------------------
------------------------------------------
| rollout/                |              |
|    ep_len_mean          | 130          |
|    ep_rew_mean          | 104          |
| time/                   |              |
|    fps                  | 35           |
|    iterations           | 9            |
|    time_elapsed         | 4150         |
|    total_timesteps      | 147456       |
| train/                  |              |
|    approx_kl            | 0.0045079836 |
|    clip_fraction        | 0.043        |
|    clip_range           | 0.2          |
|    entropy_loss         | -1.3         |
|    explained_variance   | 0.206        |
|    learning_rate        | 0.0003       |
|    loss                 | 1.15         |
|    n_updates            | 80           |
|    policy_gradient_loss | -0.000808    |
|    std                  | 0.888        |
|    value_loss           | 14.7         |
------------------------------------------
-----------------------------------------
| rollout/                |             |
|    ep_len_mean          | 131         |
|    ep_rew_mean          | 104         |
| time/                   |             |
|    fps                  | 35          |
|    iterations           | 10          |
|    time_elapsed         | 4611        |
|    total_timesteps      | 163840      |
| train/                  |             |
|    approx_kl            | 0.003438701 |
|    clip_fraction        | 0.0237      |
|    clip_range           | 0.2         |
|    entropy_loss         | -1.28       |
|    explained_variance   | 0.179       |
|    learning_rate        | 0.0003      |
|    loss                 | 4.54        |
|    n_updates            | 90          |
|    policy_gradient_loss | -0.000936   |
|    std                  | 0.87        |
|    value_loss           | 28          |
-----------------------------------------
------------------------------------------
| rollout/                |              |
|    ep_len_mean          | 130          |
|    ep_rew_mean          | 104          |
| time/                   |              |
|    fps                  | 35           |
|    iterations           | 11           |
|    time_elapsed         | 5071         |
|    total_timesteps      | 180224       |
| train/                  |              |
|    approx_kl            | 0.0046996977 |
|    clip_fraction        | 0.0463       |
|    clip_range           | 0.2          |
|    entropy_loss         | -1.27        |
|    explained_variance   | 0.279        |
|    learning_rate        | 0.0003       |
|    loss                 | 1.97         |
|    n_updates            | 100          |
|    policy_gradient_loss | -0.00195     |
|    std                  | 0.863        |
|    value_loss           | 25           |
------------------------------------------
------------------------------------------
| rollout/                |              |
|    ep_len_mean          | 132          |
|    ep_rew_mean          | 105          |
| time/                   |              |
|    fps                  | 35           |
|    iterations           | 12           |
|    time_elapsed         | 5531         |
|    total_timesteps      | 196608       |
| train/                  |              |
|    approx_kl            | 0.0035333794 |
|    clip_fraction        | 0.0331       |
|    clip_range           | 0.2          |
|    entropy_loss         | -1.26        |
|    explained_variance   | 0.228        |
|    learning_rate        | 0.0003       |
|    loss                 | 8.37         |
|    n_updates            | 110          |
|    policy_gradient_loss | -0.000435    |
|    std                  | 0.856        |
|    value_loss           | 30.1         |
------------------------------------------
-----------------------------------------
| rollout/                |             |
|    ep_len_mean          | 129         |
|    ep_rew_mean          | 103         |
| time/                   |             |
|    fps                  | 35          |
|    iterations           | 13          |
|    time_elapsed         | 5992        |
|    total_timesteps      | 212992      |
| train/                  |             |
|    approx_kl            | 0.003564026 |
|    clip_fraction        | 0.0256      |
|    clip_range           | 0.2         |
|    entropy_loss         | -1.26       |
|    explained_variance   | 0.295       |
|    learning_rate        | 0.0003      |
|    loss                 | 11.1        |
|    n_updates            | 120         |
|    policy_gradient_loss | -0.000924   |
|    std                  | 0.851       |
|    value_loss           | 27.2        |
-----------------------------------------
------------------------------------------
| rollout/                |              |
|    ep_len_mean          | 134          |
|    ep_rew_mean          | 107          |
| time/                   |              |
|    fps                  | 35           |
|    iterations           | 14           |
|    time_elapsed         | 6452         |
|    total_timesteps      | 229376       |
| train/                  |              |
|    approx_kl            | 0.0034892475 |
|    clip_fraction        | 0.0344       |
|    clip_range           | 0.2          |
|    entropy_loss         | -1.24        |
|    explained_variance   | 0.302        |
|    learning_rate        | 0.0003       |
|    loss                 | 2.06         |
|    n_updates            | 130          |
|    policy_gradient_loss | -0.000814    |
|    std                  | 0.832        |
|    value_loss           | 27.7         |
------------------------------------------
-----------------------------------------
| rollout/                |             |
|    ep_len_mean          | 133         |
|    ep_rew_mean          | 106         |
| time/                   |             |
|    fps                  | 35          |
|    iterations           | 15          |
|    time_elapsed         | 6912        |
|    total_timesteps      | 245760      |
| train/                  |             |
|    approx_kl            | 0.004113146 |
|    clip_fraction        | 0.047       |
|    clip_range           | 0.2         |
|    entropy_loss         | -1.23       |
|    explained_variance   | 0.349       |
|    learning_rate        | 0.0003      |
|    loss                 | 11.2        |
|    n_updates            | 140         |
|    policy_gradient_loss | -0.00122    |
|    std                  | 0.829       |
|    value_loss           | 18.1        |
-----------------------------------------
-----------------------------------------
| rollout/                |             |
|    ep_len_mean          | 136         |
|    ep_rew_mean          | 109         |
| time/                   |             |
|    fps                  | 35          |
|    iterations           | 16          |
|    time_elapsed         | 7372        |
|    total_timesteps      | 262144      |
| train/                  |             |
|    approx_kl            | 0.003799178 |
|    clip_fraction        | 0.0451      |
|    clip_range           | 0.2         |
|    entropy_loss         | -1.23       |
|    explained_variance   | 0.315       |
|    learning_rate        | 0.0003      |
|    loss                 | 1.8         |
|    n_updates            | 150         |
|    policy_gradient_loss | -0.00162    |
|    std                  | 0.826       |
|    value_loss           | 23.8        |
-----------------------------------------
------------------------------------------
| rollout/                |              |
|    ep_len_mean          | 131          |
|    ep_rew_mean          | 105          |
| time/                   |              |
|    fps                  | 35           |
|    iterations           | 17           |
|    time_elapsed         | 7831         |
|    total_timesteps      | 278528       |
| train/                  |              |
|    approx_kl            | 0.0027449238 |
|    clip_fraction        | 0.0325       |
|    clip_range           | 0.2          |
|    entropy_loss         | -1.22        |
|    explained_variance   | 0.354        |
|    learning_rate        | 0.0003       |
|    loss                 | 2.84         |
|    n_updates            | 160          |
|    policy_gradient_loss | -0.000561    |
|    std                  | 0.81         |
|    value_loss           | 21.6         |
------------------------------------------
-----------------------------------------
| rollout/                |             |
|    ep_len_mean          | 133         |
|    ep_rew_mean          | 107         |
| time/                   |             |
|    fps                  | 35          |
|    iterations           | 18          |
|    time_elapsed         | 8291        |
|    total_timesteps      | 294912      |
| train/                  |             |
|    approx_kl            | 0.003915626 |
|    clip_fraction        | 0.0315      |
|    clip_range           | 0.2         |
|    entropy_loss         | -1.2        |
|    explained_variance   | 0.366       |
|    learning_rate        | 0.0003      |
|    loss                 | 7.29        |
|    n_updates            | 170         |
|    policy_gradient_loss | -0.000444   |
|    std                  | 0.803       |
|    value_loss           | 27.1        |
-----------------------------------------
------------------------------------------
| rollout/                |              |
|    ep_len_mean          | 138          |
|    ep_rew_mean          | 110          |
| time/                   |              |
|    fps                  | 35           |
|    iterations           | 19           |
|    time_elapsed         | 8752         |
|    total_timesteps      | 311296       |
| train/                  |              |
|    approx_kl            | 0.0032764503 |
|    clip_fraction        | 0.0445       |
|    clip_range           | 0.2          |
|    entropy_loss         | -1.19        |
|    explained_variance   | 0.366        |
|    learning_rate        | 0.0003       |
|    loss                 | 3.75         |
|    n_updates            | 180          |
|    policy_gradient_loss | -0.000849    |
|    std                  | 0.789        |
|    value_loss           | 28.1         |
------------------------------------------
------------------------------------------
| rollout/                |              |
|    ep_len_mean          | 139          |
|    ep_rew_mean          | 111          |
| time/                   |              |
|    fps                  | 35           |
|    iterations           | 20           |
|    time_elapsed         | 9214         |
|    total_timesteps      | 327680       |
| train/                  |              |
|    approx_kl            | 0.0050829276 |
|    clip_fraction        | 0.047        |
|    clip_range           | 0.2          |
|    entropy_loss         | -1.18        |
|    explained_variance   | 0.453        |
|    learning_rate        | 0.0003       |
|    loss                 | 8.34         |
|    n_updates            | 190          |
|    policy_gradient_loss | -0.000437    |
|    std                  | 0.778        |
|    value_loss           | 15.1         |
------------------------------------------
------------------------------------------
| rollout/                |              |
|    ep_len_mean          | 134          |
|    ep_rew_mean          | 108          |
| time/                   |              |
|    fps                  | 35           |
|    iterations           | 21           |
|    time_elapsed         | 9675         |
|    total_timesteps      | 344064       |
| train/                  |              |
|    approx_kl            | 0.0034462048 |
|    clip_fraction        | 0.0486       |
|    clip_range           | 0.2          |
|    entropy_loss         | -1.15        |
|    explained_variance   | 0.517        |
|    learning_rate        | 0.0003       |
|    loss                 | 0.427        |
|    n_updates            | 200          |
|    policy_gradient_loss | -0.00151     |
|    std                  | 0.77         |
|    value_loss           | 8.51         |
------------------------------------------
------------------------------------------
| rollout/                |              |
|    ep_len_mean          | 136          |
|    ep_rew_mean          | 110          |
| time/                   |              |
|    fps                  | 35           |
|    iterations           | 22           |
|    time_elapsed         | 10135        |
|    total_timesteps      | 360448       |
| train/                  |              |
|    approx_kl            | 0.0058740554 |
|    clip_fraction        | 0.0592       |
|    clip_range           | 0.2          |
|    entropy_loss         | -1.15        |
|    explained_variance   | 0.397        |
|    learning_rate        | 0.0003       |
|    loss                 | 9.78         |
|    n_updates            | 210          |
|    policy_gradient_loss | -0.000793    |
|    std                  | 0.766        |
|    value_loss           | 15.8         |
------------------------------------------
------------------------------------------
| rollout/                |              |
|    ep_len_mean          | 136          |
|    ep_rew_mean          | 110          |
| time/                   |              |
|    fps                  | 35           |
|    iterations           | 23           |
|    time_elapsed         | 10597        |
|    total_timesteps      | 376832       |
| train/                  |              |
|    approx_kl            | 0.0065037156 |
|    clip_fraction        | 0.0521       |
|    clip_range           | 0.2          |
|    entropy_loss         | -1.13        |
|    explained_variance   | 0.434        |
|    learning_rate        | 0.0003       |
|    loss                 | 0.384        |
|    n_updates            | 220          |
|    policy_gradient_loss | -0.000976    |
|    std                  | 0.744        |
|    value_loss           | 18.4         |
------------------------------------------
-----------------------------------------
| rollout/                |             |
|    ep_len_mean          | 134         |
|    ep_rew_mean          | 109         |
| time/                   |             |
|    fps                  | 35          |
|    iterations           | 24          |
|    time_elapsed         | 11060       |
|    total_timesteps      | 393216      |
| train/                  |             |
|    approx_kl            | 0.004804738 |
|    clip_fraction        | 0.0528      |
|    clip_range           | 0.2         |
|    entropy_loss         | -1.11       |
|    explained_variance   | 0.444       |
|    learning_rate        | 0.0003      |
|    loss                 | 23.4        |
|    n_updates            | 230         |
|    policy_gradient_loss | -0.00122    |
|    std                  | 0.739       |
|    value_loss           | 18.7        |
-----------------------------------------
------------------------------------------
| rollout/                |              |
|    ep_len_mean          | 138          |
|    ep_rew_mean          | 111          |
| time/                   |              |
|    fps                  | 35           |
|    iterations           | 25           |
|    time_elapsed         | 11520        |
|    total_timesteps      | 409600       |
| train/                  |              |
|    approx_kl            | 0.0040653967 |
|    clip_fraction        | 0.0469       |
|    clip_range           | 0.2          |
|    entropy_loss         | -1.12        |
|    explained_variance   | 0.373        |
|    learning_rate        | 0.0003       |
|    loss                 | 14.5         |
|    n_updates            | 240          |
|    policy_gradient_loss | -0.00118     |
|    std                  | 0.742        |
|    value_loss           | 20.9         |
------------------------------------------
------------------------------------------
| rollout/                |              |
|    ep_len_mean          | 138          |
|    ep_rew_mean          | 112          |
| time/                   |              |
|    fps                  | 35           |
|    iterations           | 26           |
|    time_elapsed         | 11980        |
|    total_timesteps      | 425984       |
| train/                  |              |
|    approx_kl            | 0.0045865234 |
|    clip_fraction        | 0.0467       |
|    clip_range           | 0.2          |
|    entropy_loss         | -1.11        |
|    explained_variance   | 0.4          |
|    learning_rate        | 0.0003       |
|    loss                 | 6.63         |
|    n_updates            | 250          |
|    policy_gradient_loss | -0.00121     |
|    std                  | 0.731        |
|    value_loss           | 20.6         |
------------------------------------------
------------------------------------------
| rollout/                |              |
|    ep_len_mean          | 139          |
|    ep_rew_mean          | 113          |
| time/                   |              |
|    fps                  | 35           |
|    iterations           | 27           |
|    time_elapsed         | 12442        |
|    total_timesteps      | 442368       |
| train/                  |              |
|    approx_kl            | 0.0048650736 |
|    clip_fraction        | 0.0509       |
|    clip_range           | 0.2          |
|    entropy_loss         | -1.1         |
|    explained_variance   | 0.589        |
|    learning_rate        | 0.0003       |
|    loss                 | 2.04         |
|    n_updates            | 260          |
|    policy_gradient_loss | -0.00167     |
|    std                  | 0.731        |
|    value_loss           | 9.42         |
------------------------------------------
------------------------------------------
| rollout/                |              |
|    ep_len_mean          | 137          |
|    ep_rew_mean          | 112          |
| time/                   |              |
|    fps                  | 35           |
|    iterations           | 28           |
|    time_elapsed         | 12906        |
|    total_timesteps      | 458752       |
| train/                  |              |
|    approx_kl            | 0.0060572587 |
|    clip_fraction        | 0.0606       |
|    clip_range           | 0.2          |
|    entropy_loss         | -1.11        |
|    explained_variance   | 0.431        |
|    learning_rate        | 0.0003       |
|    loss                 | 0.183        |
|    n_updates            | 270          |
|    policy_gradient_loss | -0.00188     |
|    std                  | 0.728        |
|    value_loss           | 13.8         |
------------------------------------------
------------------------------------------
| rollout/                |              |
|    ep_len_mean          | 137          |
|    ep_rew_mean          | 113          |
| time/                   |              |
|    fps                  | 35           |
|    iterations           | 29           |
|    time_elapsed         | 13368        |
|    total_timesteps      | 475136       |
| train/                  |              |
|    approx_kl            | 0.0064945323 |
|    clip_fraction        | 0.0554       |
|    clip_range           | 0.2          |
|    entropy_loss         | -1.09        |
|    explained_variance   | 0.334        |
|    learning_rate        | 0.0003       |
|    loss                 | 19.6         |
|    n_updates            | 280          |
|    policy_gradient_loss | -5.53e-05    |
|    std                  | 0.719        |
|    value_loss           | 17.4         |
------------------------------------------
-----------------------------------------
| rollout/                |             |
|    ep_len_mean          | 136         |
|    ep_rew_mean          | 112         |
| time/                   |             |
|    fps                  | 35          |
|    iterations           | 30          |
|    time_elapsed         | 13831       |
|    total_timesteps      | 491520      |
| train/                  |             |
|    approx_kl            | 0.008867808 |
|    clip_fraction        | 0.0619      |
|    clip_range           | 0.2         |
|    entropy_loss         | -1.07       |
|    explained_variance   | 0.367       |
|    learning_rate        | 0.0003      |
|    loss                 | 0.284       |
|    n_updates            | 290         |
|    policy_gradient_loss | -0.00123    |
|    std                  | 0.701       |
|    value_loss           | 22.2        |
-----------------------------------------
------------------------------------------
| rollout/                |              |
|    ep_len_mean          | 133          |
|    ep_rew_mean          | 110          |
| time/                   |              |
|    fps                  | 35           |
|    iterations           | 31           |
|    time_elapsed         | 14294        |
|    total_timesteps      | 507904       |
| train/                  |              |
|    approx_kl            | 0.0061825807 |
|    clip_fraction        | 0.0612       |
|    clip_range           | 0.2          |
|    entropy_loss         | -1.04        |
|    explained_variance   | 0.254        |
|    learning_rate        | 0.0003       |
|    loss                 | 22           |
|    n_updates            | 300          |
|    policy_gradient_loss | -0.0014      |
|    std                  | 0.688        |
|    value_loss           | 25.2         |
------------------------------------------
------------------------------------------
| rollout/                |              |
|    ep_len_mean          | 137          |
|    ep_rew_mean          | 113          |
| time/                   |              |
|    fps                  | 35           |
|    iterations           | 32           |
|    time_elapsed         | 14757        |
|    total_timesteps      | 524288       |
| train/                  |              |
|    approx_kl            | 0.0037708955 |
|    clip_fraction        | 0.0491       |
|    clip_range           | 0.2          |
|    entropy_loss         | -1.05        |
|    explained_variance   | 0.27         |
|    learning_rate        | 0.0003       |
|    loss                 | 37.2         |
|    n_updates            | 310          |
|    policy_gradient_loss | -0.000202    |
|    std                  | 0.7          |
|    value_loss           | 29.8         |
------------------------------------------
------------------------------------------
| rollout/                |              |
|    ep_len_mean          | 138          |
|    ep_rew_mean          | 114          |
| time/                   |              |
|    fps                  | 35           |
|    iterations           | 33           |
|    time_elapsed         | 15220        |
|    total_timesteps      | 540672       |
| train/                  |              |
|    approx_kl            | 0.0053665917 |
|    clip_fraction        | 0.0561       |
|    clip_range           | 0.2          |
|    entropy_loss         | -1.05        |
|    explained_variance   | 0.295        |
|    learning_rate        | 0.0003       |
|    loss                 | 25.2         |
|    n_updates            | 320          |
|    policy_gradient_loss | -0.000298    |
|    std                  | 0.694        |
|    value_loss           | 27.5         |
------------------------------------------
------------------------------------------
| rollout/                |              |
|    ep_len_mean          | 139          |
|    ep_rew_mean          | 114          |
| time/                   |              |
|    fps                  | 35           |
|    iterations           | 34           |
|    time_elapsed         | 15682        |
|    total_timesteps      | 557056       |
| train/                  |              |
|    approx_kl            | 0.0055056144 |
|    clip_fraction        | 0.0542       |
|    clip_range           | 0.2          |
|    entropy_loss         | -1.05        |
|    explained_variance   | 0.392        |
|    learning_rate        | 0.0003       |
|    loss                 | 0.132        |
|    n_updates            | 330          |
|    policy_gradient_loss | -0.000829    |
|    std                  | 0.689        |
|    value_loss           | 20           |
------------------------------------------
------------------------------------------
| rollout/                |              |
|    ep_len_mean          | 135          |
|    ep_rew_mean          | 112          |
| time/                   |              |
|    fps                  | 35           |
|    iterations           | 35           |
|    time_elapsed         | 16146        |
|    total_timesteps      | 573440       |
| train/                  |              |
|    approx_kl            | 0.0050467327 |
|    clip_fraction        | 0.0546       |
|    clip_range           | 0.2          |
|    entropy_loss         | -1.03        |
|    explained_variance   | 0.521        |
|    learning_rate        | 0.0003       |
|    loss                 | 0.102        |
|    n_updates            | 340          |
|    policy_gradient_loss | -0.000798    |
|    std                  | 0.675        |
|    value_loss           | 9.61         |
------------------------------------------
-----------------------------------------
| rollout/                |             |
|    ep_len_mean          | 138         |
|    ep_rew_mean          | 115         |
| time/                   |             |
|    fps                  | 35          |
|    iterations           | 36          |
|    time_elapsed         | 16608       |
|    total_timesteps      | 589824      |
| train/                  |             |
|    approx_kl            | 0.004429315 |
|    clip_fraction        | 0.0315      |
|    clip_range           | 0.2         |
|    entropy_loss         | -1.02       |
|    explained_variance   | 0.306       |
|    learning_rate        | 0.0003      |
|    loss                 | 5.88        |
|    n_updates            | 350         |
|    policy_gradient_loss | -0.00107    |
|    std                  | 0.666       |
|    value_loss           | 29.5        |
-----------------------------------------
------------------------------------------
| rollout/                |              |
|    ep_len_mean          | 138          |
|    ep_rew_mean          | 114          |
| time/                   |              |
|    fps                  | 35           |
|    iterations           | 37           |
|    time_elapsed         | 17071        |
|    total_timesteps      | 606208       |
| train/                  |              |
|    approx_kl            | 0.0057742293 |
|    clip_fraction        | 0.0675       |
|    clip_range           | 0.2          |
|    entropy_loss         | -1.01        |
|    explained_variance   | 0.485        |
|    learning_rate        | 0.0003       |
|    loss                 | 0.168        |
|    n_updates            | 360          |
|    policy_gradient_loss | -0.00128     |
|    std                  | 0.66         |
|    value_loss           | 8.99         |
------------------------------------------
------------------------------------------
| rollout/                |              |
|    ep_len_mean          | 138          |
|    ep_rew_mean          | 115          |
| time/                   |              |
|    fps                  | 35           |
|    iterations           | 38           |
|    time_elapsed         | 17534        |
|    total_timesteps      | 622592       |
| train/                  |              |
|    approx_kl            | 0.0055532567 |
|    clip_fraction        | 0.0523       |
|    clip_range           | 0.2          |
|    entropy_loss         | -0.995       |
|    explained_variance   | 0.553        |
|    learning_rate        | 0.0003       |
|    loss                 | 6.12         |
|    n_updates            | 370          |
|    policy_gradient_loss | -0.00188     |
|    std                  | 0.655        |
|    value_loss           | 9.59         |
------------------------------------------
-----------------------------------------
| rollout/                |             |
|    ep_len_mean          | 138         |
|    ep_rew_mean          | 114         |
| time/                   |             |
|    fps                  | 35          |
|    iterations           | 39          |
|    time_elapsed         | 17999       |
|    total_timesteps      | 638976      |
| train/                  |             |
|    approx_kl            | 0.008356498 |
|    clip_fraction        | 0.0736      |
|    clip_range           | 0.2         |
|    entropy_loss         | -0.984      |
|    explained_variance   | 0.541       |
|    learning_rate        | 0.0003      |
|    loss                 | 1.49        |
|    n_updates            | 380         |
|    policy_gradient_loss | -0.00352    |
|    std                  | 0.646       |
|    value_loss           | 8.54        |
-----------------------------------------
------------------------------------------
| rollout/                |              |
|    ep_len_mean          | 138          |
|    ep_rew_mean          | 115          |
| time/                   |              |
|    fps                  | 35           |
|    iterations           | 40           |
|    time_elapsed         | 18460        |
|    total_timesteps      | 655360       |
| train/                  |              |
|    approx_kl            | 0.0047355266 |
|    clip_fraction        | 0.0502       |
|    clip_range           | 0.2          |
|    entropy_loss         | -0.983       |
|    explained_variance   | 0.421        |
|    learning_rate        | 0.0003       |
|    loss                 | 0.439        |
|    n_updates            | 390          |
|    policy_gradient_loss | -0.000656    |
|    std                  | 0.645        |
|    value_loss           | 16.2         |
------------------------------------------
------------------------------------------
| rollout/                |              |
|    ep_len_mean          | 138          |
|    ep_rew_mean          | 115          |
| time/                   |              |
|    fps                  | 35           |
|    iterations           | 41           |
|    time_elapsed         | 18925        |
|    total_timesteps      | 671744       |
| train/                  |              |
|    approx_kl            | 0.0058005536 |
|    clip_fraction        | 0.0659       |
|    clip_range           | 0.2          |
|    entropy_loss         | -0.968       |
|    explained_variance   | 0.52         |
|    learning_rate        | 0.0003       |
|    loss                 | 0.167        |
|    n_updates            | 400          |
|    policy_gradient_loss | -0.00115     |
|    std                  | 0.637        |
|    value_loss           | 11.4         |
------------------------------------------
------------------------------------------
| rollout/                |              |
|    ep_len_mean          | 137          |
|    ep_rew_mean          | 115          |
| time/                   |              |
|    fps                  | 35           |
|    iterations           | 42           |
|    time_elapsed         | 19382        |
|    total_timesteps      | 688128       |
| train/                  |              |
|    approx_kl            | 0.0057310928 |
|    clip_fraction        | 0.0636       |
|    clip_range           | 0.2          |
|    entropy_loss         | -0.958       |
|    explained_variance   | 0.508        |
|    learning_rate        | 0.0003       |
|    loss                 | 2.14         |
|    n_updates            | 410          |
|    policy_gradient_loss | -0.00135     |
|    std                  | 0.629        |
|    value_loss           | 12.2         |
------------------------------------------
-----------------------------------------
| rollout/                |             |
|    ep_len_mean          | 134         |
|    ep_rew_mean          | 112         |
| time/                   |             |
|    fps                  | 35          |
|    iterations           | 43          |
|    time_elapsed         | 19840       |
|    total_timesteps      | 704512      |
| train/                  |             |
|    approx_kl            | 0.006524408 |
|    clip_fraction        | 0.0612      |
|    clip_range           | 0.2         |
|    entropy_loss         | -0.949      |
|    explained_variance   | 0.309       |
|    learning_rate        | 0.0003      |
|    loss                 | 0.341       |
|    n_updates            | 420         |
|    policy_gradient_loss | -0.000751   |
|    std                  | 0.621       |
|    value_loss           | 20.6        |
-----------------------------------------
------------------------------------------
| rollout/                |              |
|    ep_len_mean          | 139          |
|    ep_rew_mean          | 116          |
| time/                   |              |
|    fps                  | 35           |
|    iterations           | 44           |
|    time_elapsed         | 20297        |
|    total_timesteps      | 720896       |
| train/                  |              |
|    approx_kl            | 0.0065366393 |
|    clip_fraction        | 0.0666       |
|    clip_range           | 0.2          |
|    entropy_loss         | -0.928       |
|    explained_variance   | 0.266        |
|    learning_rate        | 0.0003       |
|    loss                 | 0.381        |
|    n_updates            | 430          |
|    policy_gradient_loss | -0.000738    |
|    std                  | 0.61         |
|    value_loss           | 24.5         |
------------------------------------------
-----------------------------------------
| rollout/                |             |
|    ep_len_mean          | 139         |
|    ep_rew_mean          | 117         |
| time/                   |             |
|    fps                  | 35          |
|    iterations           | 45          |
|    time_elapsed         | 20754       |
|    total_timesteps      | 737280      |
| train/                  |             |
|    approx_kl            | 0.007183055 |
|    clip_fraction        | 0.0746      |
|    clip_range           | 0.2         |
|    entropy_loss         | -0.903      |
|    explained_variance   | 0.308       |
|    learning_rate        | 0.0003      |
|    loss                 | 0.424       |
|    n_updates            | 440         |
|    policy_gradient_loss | -0.000799   |
|    std                  | 0.593       |
|    value_loss           | 22.4        |
-----------------------------------------
------------------------------------------
| rollout/                |              |
|    ep_len_mean          | 138          |
|    ep_rew_mean          | 115          |
| time/                   |              |
|    fps                  | 35           |
|    iterations           | 46           |
|    time_elapsed         | 21212        |
|    total_timesteps      | 753664       |
| train/                  |              |
|    approx_kl            | 0.0090818275 |
|    clip_fraction        | 0.0763       |
|    clip_range           | 0.2          |
|    entropy_loss         | -0.878       |
|    explained_variance   | 0.298        |
|    learning_rate        | 0.0003       |
|    loss                 | 32.1         |
|    n_updates            | 450          |
|    policy_gradient_loss | -0.000249    |
|    std                  | 0.575        |
|    value_loss           | 19.6         |
------------------------------------------
-----------------------------------------
| rollout/                |             |
|    ep_len_mean          | 137         |
|    ep_rew_mean          | 114         |
| time/                   |             |
|    fps                  | 35          |
|    iterations           | 47          |
|    time_elapsed         | 21669       |
|    total_timesteps      | 770048      |
| train/                  |             |
|    approx_kl            | 0.006698837 |
|    clip_fraction        | 0.0717      |
|    clip_range           | 0.2         |
|    entropy_loss         | -0.85       |
|    explained_variance   | 0.338       |
|    learning_rate        | 0.0003      |
|    loss                 | 0.324       |
|    n_updates            | 460         |
|    policy_gradient_loss | 2.54e-05    |
|    std                  | 0.56        |
|    value_loss           | 25.9        |
-----------------------------------------
-----------------------------------------
| rollout/                |             |
|    ep_len_mean          | 138         |
|    ep_rew_mean          | 115         |
| time/                   |             |
|    fps                  | 35          |
|    iterations           | 48          |
|    time_elapsed         | 22127       |
|    total_timesteps      | 786432      |
| train/                  |             |
|    approx_kl            | 0.007644753 |
|    clip_fraction        | 0.0797      |
|    clip_range           | 0.2         |
|    entropy_loss         | -0.83       |
|    explained_variance   | 0.296       |
|    learning_rate        | 0.0003      |
|    loss                 | 46.9        |
|    n_updates            | 470         |
|    policy_gradient_loss | -0.000216   |
|    std                  | 0.552       |
|    value_loss           | 16.6        |
-----------------------------------------
-----------------------------------------
| rollout/                |             |
|    ep_len_mean          | 139         |
|    ep_rew_mean          | 116         |
| time/                   |             |
|    fps                  | 35          |
|    iterations           | 49          |
|    time_elapsed         | 22584       |
|    total_timesteps      | 802816      |
| train/                  |             |
|    approx_kl            | 0.008908987 |
|    clip_fraction        | 0.0737      |
|    clip_range           | 0.2         |
|    entropy_loss         | -0.816      |
|    explained_variance   | 0.434       |
|    learning_rate        | 0.0003      |
|    loss                 | 0.599       |
|    n_updates            | 480         |
|    policy_gradient_loss | -6.59e-05   |
|    std                  | 0.545       |
|    value_loss           | 16.9        |
-----------------------------------------
----------------------------------------
| rollout/                |            |
|    ep_len_mean          | 138        |
|    ep_rew_mean          | 115        |
| time/                   |            |
|    fps                  | 35         |
|    iterations           | 50         |
|    time_elapsed         | 23041      |
|    total_timesteps      | 819200     |
| train/                  |            |
|    approx_kl            | 0.00730451 |
|    clip_fraction        | 0.0769     |
|    clip_range           | 0.2        |
|    entropy_loss         | -0.799     |
|    explained_variance   | 0.357      |
|    learning_rate        | 0.0003     |
|    loss                 | 10.1       |
|    n_updates            | 490        |
|    policy_gradient_loss | -0.000569  |
|    std                  | 0.53       |
|    value_loss           | 18.7       |
----------------------------------------
------------------------------------------
| rollout/                |              |
|    ep_len_mean          | 139          |
|    ep_rew_mean          | 116          |
| time/                   |              |
|    fps                  | 35           |
|    iterations           | 51           |
|    time_elapsed         | 23499        |
|    total_timesteps      | 835584       |
| train/                  |              |
|    approx_kl            | 0.0067787934 |
|    clip_fraction        | 0.0753       |
|    clip_range           | 0.2          |
|    entropy_loss         | -0.78        |
|    explained_variance   | 0.512        |
|    learning_rate        | 0.0003       |
|    loss                 | 0.214        |
|    n_updates            | 500          |
|    policy_gradient_loss | -0.000358    |
|    std                  | 0.526        |
|    value_loss           | 8.35         |
------------------------------------------
------------------------------------------
| rollout/                |              |
|    ep_len_mean          | 140          |
|    ep_rew_mean          | 118          |
| time/                   |              |
|    fps                  | 35           |
|    iterations           | 52           |
|    time_elapsed         | 23958        |
|    total_timesteps      | 851968       |
| train/                  |              |
|    approx_kl            | 0.0064142537 |
|    clip_fraction        | 0.0678       |
|    clip_range           | 0.2          |
|    entropy_loss         | -0.761       |
|    explained_variance   | 0.434        |
|    learning_rate        | 0.0003       |
|    loss                 | 1.91         |
|    n_updates            | 510          |
|    policy_gradient_loss | -0.000267    |
|    std                  | 0.515        |
|    value_loss           | 11.5         |
------------------------------------------
-----------------------------------------
| rollout/                |             |
|    ep_len_mean          | 139         |
|    ep_rew_mean          | 117         |
| time/                   |             |
|    fps                  | 35          |
|    iterations           | 53          |
|    time_elapsed         | 24415       |
|    total_timesteps      | 868352      |
| train/                  |             |
|    approx_kl            | 0.006525419 |
|    clip_fraction        | 0.0747      |
|    clip_range           | 0.2         |
|    entropy_loss         | -0.738      |
|    explained_variance   | 0.671       |
|    learning_rate        | 0.0003      |
|    loss                 | 0.188       |
|    n_updates            | 520         |
|    policy_gradient_loss | -0.000999   |
|    std                  | 0.504       |
|    value_loss           | 3.45        |
-----------------------------------------
-----------------------------------------
| rollout/                |             |
|    ep_len_mean          | 139         |
|    ep_rew_mean          | 117         |
| time/                   |             |
|    fps                  | 35          |
|    iterations           | 54          |
|    time_elapsed         | 24874       |
|    total_timesteps      | 884736      |
| train/                  |             |
|    approx_kl            | 0.006176075 |
|    clip_fraction        | 0.0649      |
|    clip_range           | 0.2         |
|    entropy_loss         | -0.717      |
|    explained_variance   | 0.511       |
|    learning_rate        | 0.0003      |
|    loss                 | 0.809       |
|    n_updates            | 530         |
|    policy_gradient_loss | 0.000225    |
|    std                  | 0.494       |
|    value_loss           | 6.34        |
-----------------------------------------
-----------------------------------------
| rollout/                |             |
|    ep_len_mean          | 136         |
|    ep_rew_mean          | 115         |
| time/                   |             |
|    fps                  | 35          |
|    iterations           | 55          |
|    time_elapsed         | 25332       |
|    total_timesteps      | 901120      |
| train/                  |             |
|    approx_kl            | 0.007739825 |
|    clip_fraction        | 0.0732      |
|    clip_range           | 0.2         |
|    entropy_loss         | -0.698      |
|    explained_variance   | 0.497       |
|    learning_rate        | 0.0003      |
|    loss                 | 0.255       |
|    n_updates            | 540         |
|    policy_gradient_loss | -0.000427   |
|    std                  | 0.485       |
|    value_loss           | 6.75        |
-----------------------------------------
------------------------------------------
| rollout/                |              |
|    ep_len_mean          | 140          |
|    ep_rew_mean          | 118          |
| time/                   |              |
|    fps                  | 35           |
|    iterations           | 56           |
|    time_elapsed         | 25792        |
|    total_timesteps      | 917504       |
| train/                  |              |
|    approx_kl            | 0.0069139283 |
|    clip_fraction        | 0.0685       |
|    clip_range           | 0.2          |
|    entropy_loss         | -0.696       |
|    explained_variance   | 0.284        |
|    learning_rate        | 0.0003       |
|    loss                 | 1.45         |
|    n_updates            | 550          |
|    policy_gradient_loss | -0.000681    |
|    std                  | 0.487        |
|    value_loss           | 22.8         |
------------------------------------------
-----------------------------------------
| rollout/                |             |
|    ep_len_mean          | 138         |
|    ep_rew_mean          | 115         |
| time/                   |             |
|    fps                  | 35          |
|    iterations           | 57          |
|    time_elapsed         | 26250       |
|    total_timesteps      | 933888      |
| train/                  |             |
|    approx_kl            | 0.006535338 |
|    clip_fraction        | 0.0722      |
|    clip_range           | 0.2         |
|    entropy_loss         | -0.691      |
|    explained_variance   | 0.592       |
|    learning_rate        | 0.0003      |
|    loss                 | 0.117       |
|    n_updates            | 560         |
|    policy_gradient_loss | -0.000958   |
|    std                  | 0.485       |
|    value_loss           | 4.04        |
-----------------------------------------
------------------------------------------
| rollout/                |              |
|    ep_len_mean          | 138          |
|    ep_rew_mean          | 115          |
| time/                   |              |
|    fps                  | 35           |
|    iterations           | 58           |
|    time_elapsed         | 26709        |
|    total_timesteps      | 950272       |
| train/                  |              |
|    approx_kl            | 0.0065918984 |
|    clip_fraction        | 0.063        |
|    clip_range           | 0.2          |
|    entropy_loss         | -0.691       |
|    explained_variance   | 0.261        |
|    learning_rate        | 0.0003       |
|    loss                 | 27.8         |
|    n_updates            | 570          |
|    policy_gradient_loss | 0.000275     |
|    std                  | 0.482        |
|    value_loss           | 12.1         |
------------------------------------------
------------------------------------------
| rollout/                |              |
|    ep_len_mean          | 138          |
|    ep_rew_mean          | 116          |
| time/                   |              |
|    fps                  | 35           |
|    iterations           | 59           |
|    time_elapsed         | 27166        |
|    total_timesteps      | 966656       |
| train/                  |              |
|    approx_kl            | 0.0065480545 |
|    clip_fraction        | 0.0718       |
|    clip_range           | 0.2          |
|    entropy_loss         | -0.692       |
|    explained_variance   | 0.355        |
|    learning_rate        | 0.0003       |
|    loss                 | 23.1         |
|    n_updates            | 580          |
|    policy_gradient_loss | -0.00011     |
|    std                  | 0.483        |
|    value_loss           | 15.7         |
------------------------------------------
-----------------------------------------
| rollout/                |             |
|    ep_len_mean          | 139         |
|    ep_rew_mean          | 117         |
| time/                   |             |
|    fps                  | 35          |
|    iterations           | 60          |
|    time_elapsed         | 27624       |
|    total_timesteps      | 983040      |
| train/                  |             |
|    approx_kl            | 0.008834498 |
|    clip_fraction        | 0.0738      |
|    clip_range           | 0.2         |
|    entropy_loss         | -0.685      |
|    explained_variance   | 0.415       |
|    learning_rate        | 0.0003      |
|    loss                 | 2.32        |
|    n_updates            | 590         |
|    policy_gradient_loss | -0.000186   |
|    std                  | 0.478       |
|    value_loss           | 18.2        |
-----------------------------------------
------------------------------------------
| rollout/                |              |
|    ep_len_mean          | 138          |
|    ep_rew_mean          | 116          |
| time/                   |              |
|    fps                  | 35           |
|    iterations           | 61           |
|    time_elapsed         | 28083        |
|    total_timesteps      | 999424       |
| train/                  |              |
|    approx_kl            | 0.0071221646 |
|    clip_fraction        | 0.0835       |
|    clip_range           | 0.2          |
|    entropy_loss         | -0.67        |
|    explained_variance   | 0.402        |
|    learning_rate        | 0.0003       |
|    loss                 | 0.286        |
|    n_updates            | 600          |
|    policy_gradient_loss | -0.000345    |
|    std                  | 0.471        |
|    value_loss           | 10.2         |
------------------------------------------
-----------------------------------------
| rollout/                |             |
|    ep_len_mean          | 140         |
|    ep_rew_mean          | 118         |
| time/                   |             |
|    fps                  | 35          |
|    iterations           | 62          |
|    time_elapsed         | 28541       |
|    total_timesteps      | 1015808     |
| train/                  |             |
|    approx_kl            | 0.006843113 |
|    clip_fraction        | 0.0696      |
|    clip_range           | 0.2         |
|    entropy_loss         | -0.669      |
|    explained_variance   | 0.398       |
|    learning_rate        | 0.0003      |
|    loss                 | 0.235       |
|    n_updates            | 610         |
|    policy_gradient_loss | 0.000808    |
|    std                  | 0.471       |
|    value_loss           | 13          |
-----------------------------------------
ppo_baseline_cf_obs15_stopgo_v2_seed2 obs shape: (15, 5) action space: Box(-1.0, 1.0, (1,), float32)
Using cpu device
Logging to runs/tb/ppo_baseline_cf_obs15_stopgo_v2_seed2_1
---------------------------------
| rollout/           |          |
|    ep_len_mean     | 51.1     |
|    ep_rew_mean     | 34.2     |
| time/              |          |
|    fps             | 35       |
|    iterations      | 1        |
|    time_elapsed    | 458      |
|    total_timesteps | 16384    |
---------------------------------
-----------------------------------------
| rollout/                |             |
|    ep_len_mean          | 77.8        |
|    ep_rew_mean          | 57.8        |
| time/                   |             |
|    fps                  | 35          |
|    iterations           | 2           |
|    time_elapsed         | 921         |
|    total_timesteps      | 32768       |
| train/                  |             |
|    approx_kl            | 0.009006059 |
|    clip_fraction        | 0.103       |
|    clip_range           | 0.2         |
|    entropy_loss         | -1.39       |
|    explained_variance   | -0.0773     |
|    learning_rate        | 0.0003      |
|    loss                 | 3.81        |
|    n_updates            | 10          |
|    policy_gradient_loss | -0.00782    |
|    std                  | 0.974       |
|    value_loss           | 10.7        |
-----------------------------------------
----------------------------------------
| rollout/                |            |
|    ep_len_mean          | 90.8       |
|    ep_rew_mean          | 70.8       |
| time/                   |            |
|    fps                  | 35         |
|    iterations           | 3          |
|    time_elapsed         | 1382       |
|    total_timesteps      | 49152      |
| train/                  |            |
|    approx_kl            | 0.01009603 |
|    clip_fraction        | 0.112      |
|    clip_range           | 0.2        |
|    entropy_loss         | -1.37      |
|    explained_variance   | 0.533      |
|    learning_rate        | 0.0003     |
|    loss                 | 8.37       |
|    n_updates            | 20         |
|    policy_gradient_loss | -0.0126    |
|    std                  | 0.95       |
|    value_loss           | 15.7       |
----------------------------------------
-----------------------------------------
| rollout/                |             |
|    ep_len_mean          | 110         |
|    ep_rew_mean          | 87.3        |
| time/                   |             |
|    fps                  | 35          |
|    iterations           | 4           |
|    time_elapsed         | 1844        |
|    total_timesteps      | 65536       |
| train/                  |             |
|    approx_kl            | 0.008445664 |
|    clip_fraction        | 0.0922      |
|    clip_range           | 0.2         |
|    entropy_loss         | -1.35       |
|    explained_variance   | 0.44        |
|    learning_rate        | 0.0003      |
|    loss                 | 3.63        |
|    n_updates            | 30          |
|    policy_gradient_loss | -0.0111     |
|    std                  | 0.922       |
|    value_loss           | 20.8        |
-----------------------------------------
------------------------------------------
| rollout/                |              |
|    ep_len_mean          | 132          |
|    ep_rew_mean          | 105          |
| time/                   |              |
|    fps                  | 35           |
|    iterations           | 5            |
|    time_elapsed         | 2306         |
|    total_timesteps      | 81920        |
| train/                  |              |
|    approx_kl            | 0.0065379087 |
|    clip_fraction        | 0.0717       |
|    clip_range           | 0.2          |
|    entropy_loss         | -1.32        |
|    explained_variance   | 0.259        |
|    learning_rate        | 0.0003       |
|    loss                 | 10.7         |
|    n_updates            | 40           |
|    policy_gradient_loss | -0.00894     |
|    std                  | 0.906        |
|    value_loss           | 22.3         |
------------------------------------------
------------------------------------------
| rollout/                |              |
|    ep_len_mean          | 130          |
|    ep_rew_mean          | 98.8         |
| time/                   |              |
|    fps                  | 35           |
|    iterations           | 6            |
|    time_elapsed         | 2769         |
|    total_timesteps      | 98304        |
| train/                  |              |
|    approx_kl            | 0.0028096247 |
|    clip_fraction        | 0.0362       |
|    clip_range           | 0.2          |
|    entropy_loss         | -1.3         |
|    explained_variance   | 0.15         |
|    learning_rate        | 0.0003       |
|    loss                 | 10.3         |
|    n_updates            | 50           |
|    policy_gradient_loss | -0.00209     |
|    std                  | 0.89         |
|    value_loss           | 11.2         |
------------------------------------------
------------------------------------------
| rollout/                |              |
|    ep_len_mean          | 129          |
|    ep_rew_mean          | 99.7         |
| time/                   |              |
|    fps                  | 35           |
|    iterations           | 7            |
|    time_elapsed         | 3230         |
|    total_timesteps      | 114688       |
| train/                  |              |
|    approx_kl            | 0.0067576356 |
|    clip_fraction        | 0.068        |
|    clip_range           | 0.2          |
|    entropy_loss         | -1.29        |
|    explained_variance   | 0.712        |
|    learning_rate        | 0.0003       |
|    loss                 | 4.42         |
|    n_updates            | 60           |
|    policy_gradient_loss | -0.00536     |
|    std                  | 0.879        |
|    value_loss           | 13.9         |
------------------------------------------
----------------------------------------
| rollout/                |            |
|    ep_len_mean          | 135        |
|    ep_rew_mean          | 106        |
| time/                   |            |
|    fps                  | 35         |
|    iterations           | 8          |
|    time_elapsed         | 3693       |
|    total_timesteps      | 131072     |
| train/                  |            |
|    approx_kl            | 0.00616464 |
|    clip_fraction        | 0.0627     |
|    clip_range           | 0.2        |
|    entropy_loss         | -1.27      |
|    explained_variance   | 0.337      |
|    learning_rate        | 0.0003     |
|    loss                 | 11.8       |
|    n_updates            | 70         |
|    policy_gradient_loss | -0.00571   |
|    std                  | 0.863      |
|    value_loss           | 21.9       |
----------------------------------------
------------------------------------------
| rollout/                |              |
|    ep_len_mean          | 133          |
|    ep_rew_mean          | 104          |
| time/                   |              |
|    fps                  | 35           |
|    iterations           | 9            |
|    time_elapsed         | 4155         |
|    total_timesteps      | 147456       |
| train/                  |              |
|    approx_kl            | 0.0033784453 |
|    clip_fraction        | 0.0472       |
|    clip_range           | 0.2          |
|    entropy_loss         | -1.26        |
|    explained_variance   | 0.239        |
|    learning_rate        | 0.0003       |
|    loss                 | 1.93         |
|    n_updates            | 80           |
|    policy_gradient_loss | -0.0019      |
|    std                  | 0.85         |
|    value_loss           | 12.9         |
------------------------------------------
------------------------------------------
| rollout/                |              |
|    ep_len_mean          | 135          |
|    ep_rew_mean          | 106          |
| time/                   |              |
|    fps                  | 35           |
|    iterations           | 10           |
|    time_elapsed         | 4618         |
|    total_timesteps      | 163840       |
| train/                  |              |
|    approx_kl            | 0.0027063154 |
|    clip_fraction        | 0.0359       |
|    clip_range           | 0.2          |
|    entropy_loss         | -1.25        |
|    explained_variance   | 0.236        |
|    learning_rate        | 0.0003       |
|    loss                 | 4.35         |
|    n_updates            | 90           |
|    policy_gradient_loss | -0.00106     |
|    std                  | 0.843        |
|    value_loss           | 19.5         |
------------------------------------------
------------------------------------------
| rollout/                |              |
|    ep_len_mean          | 136          |
|    ep_rew_mean          | 107          |
| time/                   |              |
|    fps                  | 35           |
|    iterations           | 11           |
|    time_elapsed         | 5080         |
|    total_timesteps      | 180224       |
| train/                  |              |
|    approx_kl            | 0.0024200126 |
|    clip_fraction        | 0.0331       |
|    clip_range           | 0.2          |
|    entropy_loss         | -1.25        |
|    explained_variance   | 0.237        |
|    learning_rate        | 0.0003       |
|    loss                 | 26.6         |
|    n_updates            | 100          |
|    policy_gradient_loss | -0.00016     |
|    std                  | 0.844        |
|    value_loss           | 18.1         |
------------------------------------------
------------------------------------------
| rollout/                |              |
|    ep_len_mean          | 130          |
|    ep_rew_mean          | 103          |
| time/                   |              |
|    fps                  | 35           |
|    iterations           | 12           |
|    time_elapsed         | 5543         |
|    total_timesteps      | 196608       |
| train/                  |              |
|    approx_kl            | 0.0049565164 |
|    clip_fraction        | 0.0506       |
|    clip_range           | 0.2          |
|    entropy_loss         | -1.24        |
|    explained_variance   | 0.209        |
|    learning_rate        | 0.0003       |
|    loss                 | 8.97         |
|    n_updates            | 110          |
|    policy_gradient_loss | -0.00132     |
|    std                  | 0.83         |
|    value_loss           | 22.5         |
------------------------------------------
------------------------------------------
| rollout/                |              |
|    ep_len_mean          | 131          |
|    ep_rew_mean          | 105          |
| time/                   |              |
|    fps                  | 35           |
|    iterations           | 13           |
|    time_elapsed         | 6004         |
|    total_timesteps      | 212992       |
| train/                  |              |
|    approx_kl            | 0.0038860757 |
|    clip_fraction        | 0.038        |
|    clip_range           | 0.2          |
|    entropy_loss         | -1.23        |
|    explained_variance   | 0.171        |
|    learning_rate        | 0.0003       |
|    loss                 | 6.95         |
|    n_updates            | 120          |
|    policy_gradient_loss | -0.00239     |
|    std                  | 0.832        |
|    value_loss           | 36.6         |
------------------------------------------
------------------------------------------
| rollout/                |              |
|    ep_len_mean          | 131          |
|    ep_rew_mean          | 103          |
| time/                   |              |
|    fps                  | 35           |
|    iterations           | 14           |
|    time_elapsed         | 6465         |
|    total_timesteps      | 229376       |
| train/                  |              |
|    approx_kl            | 0.0036639087 |
|    clip_fraction        | 0.0321       |
|    clip_range           | 0.2          |
|    entropy_loss         | -1.23        |
|    explained_variance   | 0.265        |
|    learning_rate        | 0.0003       |
|    loss                 | 20.4         |
|    n_updates            | 130          |
|    policy_gradient_loss | -0.000714    |
|    std                  | 0.827        |
|    value_loss           | 37.3         |
------------------------------------------
-----------------------------------------
| rollout/                |             |
|    ep_len_mean          | 134         |
|    ep_rew_mean          | 106         |
| time/                   |             |
|    fps                  | 35          |
|    iterations           | 15          |
|    time_elapsed         | 6926        |
|    total_timesteps      | 245760      |
| train/                  |             |
|    approx_kl            | 0.003808363 |
|    clip_fraction        | 0.0292      |
|    clip_range           | 0.2         |
|    entropy_loss         | -1.23       |
|    explained_variance   | 0.293       |
|    learning_rate        | 0.0003      |
|    loss                 | 16.9        |
|    n_updates            | 140         |
|    policy_gradient_loss | -0.000795   |
|    std                  | 0.819       |
|    value_loss           | 35          |
-----------------------------------------
------------------------------------------
| rollout/                |              |
|    ep_len_mean          | 138          |
|    ep_rew_mean          | 110          |
| time/                   |              |
|    fps                  | 35           |
|    iterations           | 16           |
|    time_elapsed         | 7387         |
|    total_timesteps      | 262144       |
| train/                  |              |
|    approx_kl            | 0.0043939888 |
|    clip_fraction        | 0.0347       |
|    clip_range           | 0.2          |
|    entropy_loss         | -1.21        |
|    explained_variance   | 0.373        |
|    learning_rate        | 0.0003       |
|    loss                 | 16.4         |
|    n_updates            | 150          |
|    policy_gradient_loss | -0.000826    |
|    std                  | 0.813        |
|    value_loss           | 26.3         |
------------------------------------------
------------------------------------------
| rollout/                |              |
|    ep_len_mean          | 134          |
|    ep_rew_mean          | 107          |
| time/                   |              |
|    fps                  | 35           |
|    iterations           | 17           |
|    time_elapsed         | 7846         |
|    total_timesteps      | 278528       |
| train/                  |              |
|    approx_kl            | 0.0060763936 |
|    clip_fraction        | 0.0492       |
|    clip_range           | 0.2          |
|    entropy_loss         | -1.22        |
|    explained_variance   | 0.459        |
|    learning_rate        | 0.0003       |
|    loss                 | 2.57         |
|    n_updates            | 160          |
|    policy_gradient_loss | -0.00136     |
|    std                  | 0.811        |
|    value_loss           | 14.8         |
------------------------------------------
-----------------------------------------
| rollout/                |             |
|    ep_len_mean          | 130         |
|    ep_rew_mean          | 104         |
| time/                   |             |
|    fps                  | 35          |
|    iterations           | 18          |
|    time_elapsed         | 8305        |
|    total_timesteps      | 294912      |
| train/                  |             |
|    approx_kl            | 0.004655794 |
|    clip_fraction        | 0.0477      |
|    clip_range           | 0.2         |
|    entropy_loss         | -1.2        |
|    explained_variance   | 0.455       |
|    learning_rate        | 0.0003      |
|    loss                 | 12.3        |
|    n_updates            | 170         |
|    policy_gradient_loss | -0.00154    |
|    std                  | 0.802       |
|    value_loss           | 24.8        |
-----------------------------------------
------------------------------------------
| rollout/                |              |
|    ep_len_mean          | 129          |
|    ep_rew_mean          | 103          |
| time/                   |              |
|    fps                  | 35           |
|    iterations           | 19           |
|    time_elapsed         | 8758         |
|    total_timesteps      | 311296       |
| train/                  |              |
|    approx_kl            | 0.0038277553 |
|    clip_fraction        | 0.0282       |
|    clip_range           | 0.2          |
|    entropy_loss         | -1.2         |
|    explained_variance   | 0.396        |
|    learning_rate        | 0.0003       |
|    loss                 | 15.5         |
|    n_updates            | 180          |
|    policy_gradient_loss | -0.000358    |
|    std                  | 0.794        |
|    value_loss           | 31.6         |
------------------------------------------
------------------------------------------
| rollout/                |              |
|    ep_len_mean          | 134          |
|    ep_rew_mean          | 107          |
| time/                   |              |
|    fps                  | 35           |
|    iterations           | 20           |
|    time_elapsed         | 9211         |
|    total_timesteps      | 327680       |
| train/                  |              |
|    approx_kl            | 0.0044329423 |
|    clip_fraction        | 0.0468       |
|    clip_range           | 0.2          |
|    entropy_loss         | -1.18        |
|    explained_variance   | 0.408        |
|    learning_rate        | 0.0003       |
|    loss                 | 2.01         |
|    n_updates            | 190          |
|    policy_gradient_loss | -0.00165     |
|    std                  | 0.787        |
|    value_loss           | 37.9         |
------------------------------------------
----------------------------------------
| rollout/                |            |
|    ep_len_mean          | 137        |
|    ep_rew_mean          | 108        |
| time/                   |            |
|    fps                  | 35         |
|    iterations           | 21         |
|    time_elapsed         | 9663       |
|    total_timesteps      | 344064     |
| train/                  |            |
|    approx_kl            | 0.00467002 |
|    clip_fraction        | 0.0524     |
|    clip_range           | 0.2        |
|    entropy_loss         | -1.17      |
|    explained_variance   | 0.539      |
|    learning_rate        | 0.0003     |
|    loss                 | 34.2       |
|    n_updates            | 200        |
|    policy_gradient_loss | -0.000739  |
|    std                  | 0.776      |
|    value_loss           | 27.8       |
----------------------------------------
------------------------------------------
| rollout/                |              |
|    ep_len_mean          | 135          |
|    ep_rew_mean          | 107          |
| time/                   |              |
|    fps                  | 35           |
|    iterations           | 22           |
|    time_elapsed         | 10116        |
|    total_timesteps      | 360448       |
| train/                  |              |
|    approx_kl            | 0.0037739703 |
|    clip_fraction        | 0.0476       |
|    clip_range           | 0.2          |
|    entropy_loss         | -1.16        |
|    explained_variance   | 0.4          |
|    learning_rate        | 0.0003       |
|    loss                 | 1.4          |
|    n_updates            | 210          |
|    policy_gradient_loss | -0.00115     |
|    std                  | 0.767        |
|    value_loss           | 18.4         |
------------------------------------------
------------------------------------------
| rollout/                |              |
|    ep_len_mean          | 134          |
|    ep_rew_mean          | 106          |
| time/                   |              |
|    fps                  | 35           |
|    iterations           | 23           |
|    time_elapsed         | 10569        |
|    total_timesteps      | 376832       |
| train/                  |              |
|    approx_kl            | 0.0048378073 |
|    clip_fraction        | 0.0598       |
|    clip_range           | 0.2          |
|    entropy_loss         | -1.16        |
|    explained_variance   | 0.468        |
|    learning_rate        | 0.0003       |
|    loss                 | 3.45         |
|    n_updates            | 220          |
|    policy_gradient_loss | -0.000425    |
|    std                  | 0.765        |
|    value_loss           | 17.2         |
------------------------------------------
------------------------------------------
| rollout/                |              |
|    ep_len_mean          | 132          |
|    ep_rew_mean          | 106          |
| time/                   |              |
|    fps                  | 35           |
|    iterations           | 24           |
|    time_elapsed         | 11022        |
|    total_timesteps      | 393216       |
| train/                  |              |
|    approx_kl            | 0.0028406684 |
|    clip_fraction        | 0.0405       |
|    clip_range           | 0.2          |
|    entropy_loss         | -1.15        |
|    explained_variance   | 0.404        |
|    learning_rate        | 0.0003       |
|    loss                 | 13.8         |
|    n_updates            | 230          |
|    policy_gradient_loss | -0.00155     |
|    std                  | 0.767        |
|    value_loss           | 22.6         |
------------------------------------------
------------------------------------------
| rollout/                |              |
|    ep_len_mean          | 134          |
|    ep_rew_mean          | 106          |
| time/                   |              |
|    fps                  | 35           |
|    iterations           | 25           |
|    time_elapsed         | 11474        |
|    total_timesteps      | 409600       |
| train/                  |              |
|    approx_kl            | 0.0043930756 |
|    clip_fraction        | 0.0339       |
|    clip_range           | 0.2          |
|    entropy_loss         | -1.15        |
|    explained_variance   | 0.49         |
|    learning_rate        | 0.0003       |
|    loss                 | 1.54         |
|    n_updates            | 240          |
|    policy_gradient_loss | -0.000527    |
|    std                  | 0.761        |
|    value_loss           | 28.7         |
------------------------------------------
------------------------------------------
| rollout/                |              |
|    ep_len_mean          | 134          |
|    ep_rew_mean          | 107          |
| time/                   |              |
|    fps                  | 35           |
|    iterations           | 26           |
|    time_elapsed         | 11928        |
|    total_timesteps      | 425984       |
| train/                  |              |
|    approx_kl            | 0.0031948327 |
|    clip_fraction        | 0.035        |
|    clip_range           | 0.2          |
|    entropy_loss         | -1.14        |
|    explained_variance   | 0.49         |
|    learning_rate        | 0.0003       |
|    loss                 | 6.95         |
|    n_updates            | 250          |
|    policy_gradient_loss | -0.000654    |
|    std                  | 0.758        |
|    value_loss           | 26.8         |
------------------------------------------
------------------------------------------
| rollout/                |              |
|    ep_len_mean          | 132          |
|    ep_rew_mean          | 106          |
| time/                   |              |
|    fps                  | 35           |
|    iterations           | 27           |
|    time_elapsed         | 12381        |
|    total_timesteps      | 442368       |
| train/                  |              |
|    approx_kl            | 0.0044698515 |
|    clip_fraction        | 0.0481       |
|    clip_range           | 0.2          |
|    entropy_loss         | -1.13        |
|    explained_variance   | 0.428        |
|    learning_rate        | 0.0003       |
|    loss                 | 18.3         |
|    n_updates            | 260          |
|    policy_gradient_loss | -0.00242     |
|    std                  | 0.743        |
|    value_loss           | 35.8         |
------------------------------------------
-----------------------------------------
| rollout/                |             |
|    ep_len_mean          | 136         |
|    ep_rew_mean          | 107         |
| time/                   |             |
|    fps                  | 35          |
|    iterations           | 28          |
|    time_elapsed         | 12833       |
|    total_timesteps      | 458752      |
| train/                  |             |
|    approx_kl            | 0.004224476 |
|    clip_fraction        | 0.0511      |
|    clip_range           | 0.2         |
|    entropy_loss         | -1.12       |
|    explained_variance   | 0.473       |
|    learning_rate        | 0.0003      |
|    loss                 | 8.4         |
|    n_updates            | 270         |
|    policy_gradient_loss | -0.000665   |
|    std                  | 0.742       |
|    value_loss           | 36          |
-----------------------------------------
-----------------------------------------
| rollout/                |             |
|    ep_len_mean          | 138         |
|    ep_rew_mean          | 109         |
| time/                   |             |
|    fps                  | 35          |
|    iterations           | 29          |
|    time_elapsed         | 13286       |
|    total_timesteps      | 475136      |
| train/                  |             |
|    approx_kl            | 0.005919546 |
|    clip_fraction        | 0.0538      |
|    clip_range           | 0.2         |
|    entropy_loss         | -1.11       |
|    explained_variance   | 0.638       |
|    learning_rate        | 0.0003      |
|    loss                 | 8.1         |
|    n_updates            | 280         |
|    policy_gradient_loss | -0.0013     |
|    std                  | 0.735       |
|    value_loss           | 18.8        |
-----------------------------------------
-----------------------------------------
| rollout/                |             |
|    ep_len_mean          | 139         |
|    ep_rew_mean          | 110         |
| time/                   |             |
|    fps                  | 35          |
|    iterations           | 30          |
|    time_elapsed         | 13741       |
|    total_timesteps      | 491520      |
| train/                  |             |
|    approx_kl            | 0.006030567 |
|    clip_fraction        | 0.0602      |
|    clip_range           | 0.2         |
|    entropy_loss         | -1.1        |
|    explained_variance   | 0.555       |
|    learning_rate        | 0.0003      |
|    loss                 | 5.23        |
|    n_updates            | 290         |
|    policy_gradient_loss | -0.00125    |
|    std                  | 0.717       |
|    value_loss           | 16.2        |
-----------------------------------------
------------------------------------------
| rollout/                |              |
|    ep_len_mean          | 137          |
|    ep_rew_mean          | 108          |
| time/                   |              |
|    fps                  | 35           |
|    iterations           | 31           |
|    time_elapsed         | 14195        |
|    total_timesteps      | 507904       |
| train/                  |              |
|    approx_kl            | 0.0053181387 |
|    clip_fraction        | 0.0641       |
|    clip_range           | 0.2          |
|    entropy_loss         | -1.08        |
|    explained_variance   | 0.633        |
|    learning_rate        | 0.0003       |
|    loss                 | 8.43         |
|    n_updates            | 300          |
|    policy_gradient_loss | -0.00127     |
|    std                  | 0.711        |
|    value_loss           | 9.99         |
------------------------------------------
------------------------------------------
| rollout/                |              |
|    ep_len_mean          | 138          |
|    ep_rew_mean          | 109          |
| time/                   |              |
|    fps                  | 35           |
|    iterations           | 32           |
|    time_elapsed         | 14649        |
|    total_timesteps      | 524288       |
| train/                  |              |
|    approx_kl            | 0.0049176384 |
|    clip_fraction        | 0.0552       |
|    clip_range           | 0.2          |
|    entropy_loss         | -1.06        |
|    explained_variance   | 0.498        |
|    learning_rate        | 0.0003       |
|    loss                 | 5.28         |
|    n_updates            | 310          |
|    policy_gradient_loss | -0.000505    |
|    std                  | 0.698        |
|    value_loss           | 12.4         |
------------------------------------------
------------------------------------------
| rollout/                |              |
|    ep_len_mean          | 138          |
|    ep_rew_mean          | 111          |
| time/                   |              |
|    fps                  | 35           |
|    iterations           | 33           |
|    time_elapsed         | 15103        |
|    total_timesteps      | 540672       |
| train/                  |              |
|    approx_kl            | 0.0054597137 |
|    clip_fraction        | 0.0617       |
|    clip_range           | 0.2          |
|    entropy_loss         | -1.05        |
|    explained_variance   | 0.715        |
|    learning_rate        | 0.0003       |
|    loss                 | 0.319        |
|    n_updates            | 320          |
|    policy_gradient_loss | -0.00223     |
|    std                  | 0.689        |
|    value_loss           | 4.99         |
------------------------------------------
------------------------------------------
| rollout/                |              |
|    ep_len_mean          | 137          |
|    ep_rew_mean          | 109          |
| time/                   |              |
|    fps                  | 35           |
|    iterations           | 34           |
|    time_elapsed         | 15558        |
|    total_timesteps      | 557056       |
| train/                  |              |
|    approx_kl            | 0.0064858627 |
|    clip_fraction        | 0.0595       |
|    clip_range           | 0.2          |
|    entropy_loss         | -1.04        |
|    explained_variance   | 0.378        |
|    learning_rate        | 0.0003       |
|    loss                 | 0.759        |
|    n_updates            | 330          |
|    policy_gradient_loss | -0.000793    |
|    std                  | 0.682        |
|    value_loss           | 16.9         |
------------------------------------------
-----------------------------------------
| rollout/                |             |
|    ep_len_mean          | 137         |
|    ep_rew_mean          | 111         |
| time/                   |             |
|    fps                  | 35          |
|    iterations           | 35          |
|    time_elapsed         | 16012       |
|    total_timesteps      | 573440      |
| train/                  |             |
|    approx_kl            | 0.005143629 |
|    clip_fraction        | 0.0593      |
|    clip_range           | 0.2         |
|    entropy_loss         | -1.03       |
|    explained_variance   | 0.479       |
|    learning_rate        | 0.0003      |
|    loss                 | 8.2         |
|    n_updates            | 340         |
|    policy_gradient_loss | -0.00129    |
|    std                  | 0.677       |
|    value_loss           | 12.7        |
-----------------------------------------
-----------------------------------------
| rollout/                |             |
|    ep_len_mean          | 137         |
|    ep_rew_mean          | 111         |
| time/                   |             |
|    fps                  | 35          |
|    iterations           | 36          |
|    time_elapsed         | 16466       |
|    total_timesteps      | 589824      |
| train/                  |             |
|    approx_kl            | 0.004894725 |
|    clip_fraction        | 0.0549      |
|    clip_range           | 0.2         |
|    entropy_loss         | -1.02       |
|    explained_variance   | 0.446       |
|    learning_rate        | 0.0003      |
|    loss                 | 0.326       |
|    n_updates            | 350         |
|    policy_gradient_loss | -0.00115    |
|    std                  | 0.673       |
|    value_loss           | 18.1        |
-----------------------------------------
-----------------------------------------
| rollout/                |             |
|    ep_len_mean          | 139         |
|    ep_rew_mean          | 113         |
| time/                   |             |
|    fps                  | 35          |
|    iterations           | 37          |
|    time_elapsed         | 16921       |
|    total_timesteps      | 606208      |
| train/                  |             |
|    approx_kl            | 0.007903425 |
|    clip_fraction        | 0.0682      |
|    clip_range           | 0.2         |
|    entropy_loss         | -1          |
|    explained_variance   | 0.39        |
|    learning_rate        | 0.0003      |
|    loss                 | 0.829       |
|    n_updates            | 360         |
|    policy_gradient_loss | -0.00209    |
|    std                  | 0.65        |
|    value_loss           | 12.4        |
-----------------------------------------
-----------------------------------------
| rollout/                |             |
|    ep_len_mean          | 139         |
|    ep_rew_mean          | 113         |
| time/                   |             |
|    fps                  | 35          |
|    iterations           | 38          |
|    time_elapsed         | 17376       |
|    total_timesteps      | 622592      |
| train/                  |             |
|    approx_kl            | 0.005689918 |
|    clip_fraction        | 0.0598      |
|    clip_range           | 0.2         |
|    entropy_loss         | -0.979      |
|    explained_variance   | 0.65        |
|    learning_rate        | 0.0003      |
|    loss                 | 0.133       |
|    n_updates            | 370         |
|    policy_gradient_loss | -0.00219    |
|    std                  | 0.643       |
|    value_loss           | 5.84        |
-----------------------------------------
-----------------------------------------
| rollout/                |             |
|    ep_len_mean          | 138         |
|    ep_rew_mean          | 113         |
| time/                   |             |
|    fps                  | 35          |
|    iterations           | 39          |
|    time_elapsed         | 17829       |
|    total_timesteps      | 638976      |
| train/                  |             |
|    approx_kl            | 0.005886757 |
|    clip_fraction        | 0.0589      |
|    clip_range           | 0.2         |
|    entropy_loss         | -0.963      |
|    explained_variance   | 0.478       |
|    learning_rate        | 0.0003      |
|    loss                 | 25.3        |
|    n_updates            | 380         |
|    policy_gradient_loss | -0.00119    |
|    std                  | 0.629       |
|    value_loss           | 8.58        |
-----------------------------------------
------------------------------------------
| rollout/                |              |
|    ep_len_mean          | 138          |
|    ep_rew_mean          | 113          |
| time/                   |              |
|    fps                  | 35           |
|    iterations           | 40           |
|    time_elapsed         | 18283        |
|    total_timesteps      | 655360       |
| train/                  |              |
|    approx_kl            | 0.0060425126 |
|    clip_fraction        | 0.0608       |
|    clip_range           | 0.2          |
|    entropy_loss         | -0.939       |
|    explained_variance   | 0.647        |
|    learning_rate        | 0.0003       |
|    loss                 | 0.142        |
|    n_updates            | 390          |
|    policy_gradient_loss | -0.00217     |
|    std                  | 0.615        |
|    value_loss           | 6.05         |
------------------------------------------
-----------------------------------------
| rollout/                |             |
|    ep_len_mean          | 138         |
|    ep_rew_mean          | 114         |
| time/                   |             |
|    fps                  | 35          |
|    iterations           | 41          |
|    time_elapsed         | 18738       |
|    total_timesteps      | 671744      |
| train/                  |             |
|    approx_kl            | 0.005187263 |
|    clip_fraction        | 0.059       |
|    clip_range           | 0.2         |
|    entropy_loss         | -0.926      |
|    explained_variance   | 0.439       |
|    learning_rate        | 0.0003      |
|    loss                 | 0.389       |
|    n_updates            | 400         |
|    policy_gradient_loss | -0.00138    |
|    std                  | 0.61        |
|    value_loss           | 14.8        |
-----------------------------------------
-----------------------------------------
| rollout/                |             |
|    ep_len_mean          | 134         |
|    ep_rew_mean          | 111         |
| time/                   |             |
|    fps                  | 35          |
|    iterations           | 42          |
|    time_elapsed         | 19191       |
|    total_timesteps      | 688128      |
| train/                  |             |
|    approx_kl            | 0.006479785 |
|    clip_fraction        | 0.069       |
|    clip_range           | 0.2         |
|    entropy_loss         | -0.898      |
|    explained_variance   | 0.648       |
|    learning_rate        | 0.0003      |
|    loss                 | 8.37        |
|    n_updates            | 410         |
|    policy_gradient_loss | -0.00247    |
|    std                  | 0.588       |
|    value_loss           | 5.39        |
-----------------------------------------
------------------------------------------
| rollout/                |              |
|    ep_len_mean          | 137          |
|    ep_rew_mean          | 113          |
| time/                   |              |
|    fps                  | 35           |
|    iterations           | 43           |
|    time_elapsed         | 19644        |
|    total_timesteps      | 704512       |
| train/                  |              |
|    approx_kl            | 0.0065257438 |
|    clip_fraction        | 0.0556       |
|    clip_range           | 0.2          |
|    entropy_loss         | -0.876       |
|    explained_variance   | 0.387        |
|    learning_rate        | 0.0003       |
|    loss                 | 8.71         |
|    n_updates            | 420          |
|    policy_gradient_loss | -0.00161     |
|    std                  | 0.577        |
|    value_loss           | 17.2         |
------------------------------------------
------------------------------------------
| rollout/                |              |
|    ep_len_mean          | 139          |
|    ep_rew_mean          | 115          |
| time/                   |              |
|    fps                  | 35           |
|    iterations           | 44           |
|    time_elapsed         | 20097        |
|    total_timesteps      | 720896       |
| train/                  |              |
|    approx_kl            | 0.0048622936 |
|    clip_fraction        | 0.0666       |
|    clip_range           | 0.2          |
|    entropy_loss         | -0.866       |
|    explained_variance   | 0.377        |
|    learning_rate        | 0.0003       |
|    loss                 | 0.52         |
|    n_updates            | 430          |
|    policy_gradient_loss | -0.00123     |
|    std                  | 0.575        |
|    value_loss           | 20.9         |
------------------------------------------
------------------------------------------
| rollout/                |              |
|    ep_len_mean          | 138          |
|    ep_rew_mean          | 114          |
| time/                   |              |
|    fps                  | 35           |
|    iterations           | 45           |
|    time_elapsed         | 20549        |
|    total_timesteps      | 737280       |
| train/                  |              |
|    approx_kl            | 0.0068716127 |
|    clip_fraction        | 0.0703       |
|    clip_range           | 0.2          |
|    entropy_loss         | -0.844       |
|    explained_variance   | 0.487        |
|    learning_rate        | 0.0003       |
|    loss                 | 0.144        |
|    n_updates            | 440          |
|    policy_gradient_loss | -0.000398    |
|    std                  | 0.56         |
|    value_loss           | 9.81         |
------------------------------------------
------------------------------------------
| rollout/                |              |
|    ep_len_mean          | 138          |
|    ep_rew_mean          | 113          |
| time/                   |              |
|    fps                  | 35           |
|    iterations           | 46           |
|    time_elapsed         | 20995        |
|    total_timesteps      | 753664       |
| train/                  |              |
|    approx_kl            | 0.0062475563 |
|    clip_fraction        | 0.0533       |
|    clip_range           | 0.2          |
|    entropy_loss         | -0.837       |
|    explained_variance   | 0.409        |
|    learning_rate        | 0.0003       |
|    loss                 | 20           |
|    n_updates            | 450          |
|    policy_gradient_loss | -0.000881    |
|    std                  | 0.559        |
|    value_loss           | 19           |
------------------------------------------
-----------------------------------------
| rollout/                |             |
|    ep_len_mean          | 138         |
|    ep_rew_mean          | 114         |
| time/                   |             |
|    fps                  | 35          |
|    iterations           | 47          |
|    time_elapsed         | 21441       |
|    total_timesteps      | 770048      |
| train/                  |             |
|    approx_kl            | 0.007958053 |
|    clip_fraction        | 0.0816      |
|    clip_range           | 0.2         |
|    entropy_loss         | -0.839      |
|    explained_variance   | 0.498       |
|    learning_rate        | 0.0003      |
|    loss                 | 32.8        |
|    n_updates            | 460         |
|    policy_gradient_loss | -0.00122    |
|    std                  | 0.562       |
|    value_loss           | 16.4        |
-----------------------------------------
-----------------------------------------
| rollout/                |             |
|    ep_len_mean          | 138         |
|    ep_rew_mean          | 114         |
| time/                   |             |
|    fps                  | 35          |
|    iterations           | 48          |
|    time_elapsed         | 21886       |
|    total_timesteps      | 786432      |
| train/                  |             |
|    approx_kl            | 0.007254123 |
|    clip_fraction        | 0.0708      |
|    clip_range           | 0.2         |
|    entropy_loss         | -0.831      |
|    explained_variance   | 0.521       |
|    learning_rate        | 0.0003      |
|    loss                 | 24.7        |
|    n_updates            | 470         |
|    policy_gradient_loss | -0.000384   |
|    std                  | 0.55        |
|    value_loss           | 13.4        |
-----------------------------------------
------------------------------------------
| rollout/                |              |
|    ep_len_mean          | 135          |
|    ep_rew_mean          | 112          |
| time/                   |              |
|    fps                  | 35           |
|    iterations           | 49           |
|    time_elapsed         | 22331        |
|    total_timesteps      | 802816       |
| train/                  |              |
|    approx_kl            | 0.0073197107 |
|    clip_fraction        | 0.0706       |
|    clip_range           | 0.2          |
|    entropy_loss         | -0.823       |
|    explained_variance   | 0.376        |
|    learning_rate        | 0.0003       |
|    loss                 | 0.111        |
|    n_updates            | 480          |
|    policy_gradient_loss | 8.05e-05     |
|    std                  | 0.548        |
|    value_loss           | 20.2         |
------------------------------------------
-----------------------------------------
| rollout/                |             |
|    ep_len_mean          | 136         |
|    ep_rew_mean          | 112         |
| time/                   |             |
|    fps                  | 35          |
|    iterations           | 50          |
|    time_elapsed         | 22776       |
|    total_timesteps      | 819200      |
| train/                  |             |
|    approx_kl            | 0.006666149 |
|    clip_fraction        | 0.0688      |
|    clip_range           | 0.2         |
|    entropy_loss         | -0.808      |
|    explained_variance   | 0.285       |
|    learning_rate        | 0.0003      |
|    loss                 | 1.82        |
|    n_updates            | 490         |
|    policy_gradient_loss | -0.00235    |
|    std                  | 0.544       |
|    value_loss           | 32.4        |
-----------------------------------------
-----------------------------------------
| rollout/                |             |
|    ep_len_mean          | 137         |
|    ep_rew_mean          | 114         |
| time/                   |             |
|    fps                  | 35          |
|    iterations           | 51          |
|    time_elapsed         | 23221       |
|    total_timesteps      | 835584      |
| train/                  |             |
|    approx_kl            | 0.005802948 |
|    clip_fraction        | 0.0829      |
|    clip_range           | 0.2         |
|    entropy_loss         | -0.81       |
|    explained_variance   | 0.234       |
|    learning_rate        | 0.0003      |
|    loss                 | 23          |
|    n_updates            | 500         |
|    policy_gradient_loss | -0.000314   |
|    std                  | 0.542       |
|    value_loss           | 28.4        |
-----------------------------------------
-----------------------------------------
| rollout/                |             |
|    ep_len_mean          | 133         |
|    ep_rew_mean          | 110         |
| time/                   |             |
|    fps                  | 35          |
|    iterations           | 52          |
|    time_elapsed         | 23666       |
|    total_timesteps      | 851968      |
| train/                  |             |
|    approx_kl            | 0.007034661 |
|    clip_fraction        | 0.0765      |
|    clip_range           | 0.2         |
|    entropy_loss         | -0.803      |
|    explained_variance   | 0.371       |
|    learning_rate        | 0.0003      |
|    loss                 | 22.6        |
|    n_updates            | 510         |
|    policy_gradient_loss | 0.00015     |
|    std                  | 0.537       |
|    value_loss           | 15.9        |
-----------------------------------------
-----------------------------------------
| rollout/                |             |
|    ep_len_mean          | 136         |
|    ep_rew_mean          | 113         |
| time/                   |             |
|    fps                  | 36          |
|    iterations           | 53          |
|    time_elapsed         | 24110       |
|    total_timesteps      | 868352      |
| train/                  |             |
|    approx_kl            | 0.006527204 |
|    clip_fraction        | 0.0626      |
|    clip_range           | 0.2         |
|    entropy_loss         | -0.78       |
|    explained_variance   | 0.24        |
|    learning_rate        | 0.0003      |
|    loss                 | 47.3        |
|    n_updates            | 520         |
|    policy_gradient_loss | 0.000215    |
|    std                  | 0.524       |
|    value_loss           | 33.6        |
-----------------------------------------
-----------------------------------------
| rollout/                |             |
|    ep_len_mean          | 131         |
|    ep_rew_mean          | 109         |
| time/                   |             |
|    fps                  | 36          |
|    iterations           | 54          |
|    time_elapsed         | 24555       |
|    total_timesteps      | 884736      |
| train/                  |             |
|    approx_kl            | 0.008311744 |
|    clip_fraction        | 0.0921      |
|    clip_range           | 0.2         |
|    entropy_loss         | -0.764      |
|    explained_variance   | 0.271       |
|    learning_rate        | 0.0003      |
|    loss                 | 5.62        |
|    n_updates            | 530         |
|    policy_gradient_loss | -0.000803   |
|    std                  | 0.516       |
|    value_loss           | 33.4        |
-----------------------------------------
-----------------------------------------
| rollout/                |             |
|    ep_len_mean          | 134         |
|    ep_rew_mean          | 111         |
| time/                   |             |
|    fps                  | 36          |
|    iterations           | 55          |
|    time_elapsed         | 24999       |
|    total_timesteps      | 901120      |
| train/                  |             |
|    approx_kl            | 0.006494131 |
|    clip_fraction        | 0.0642      |
|    clip_range           | 0.2         |
|    entropy_loss         | -0.761      |
|    explained_variance   | 0.266       |
|    learning_rate        | 0.0003      |
|    loss                 | 13.3        |
|    n_updates            | 540         |
|    policy_gradient_loss | -0.00102    |
|    std                  | 0.522       |
|    value_loss           | 45.1        |
-----------------------------------------
------------------------------------------
| rollout/                |              |
|    ep_len_mean          | 135          |
|    ep_rew_mean          | 112          |
| time/                   |              |
|    fps                  | 36           |
|    iterations           | 56           |
|    time_elapsed         | 25443        |
|    total_timesteps      | 917504       |
| train/                  |              |
|    approx_kl            | 0.0065085175 |
|    clip_fraction        | 0.085        |
|    clip_range           | 0.2          |
|    entropy_loss         | -0.76        |
|    explained_variance   | 0.323        |
|    learning_rate        | 0.0003       |
|    loss                 | 0.695        |
|    n_updates            | 550          |
|    policy_gradient_loss | -0.000395    |
|    std                  | 0.519        |
|    value_loss           | 35.9         |
------------------------------------------
-----------------------------------------
| rollout/                |             |
|    ep_len_mean          | 136         |
|    ep_rew_mean          | 113         |
| time/                   |             |
|    fps                  | 36          |
|    iterations           | 57          |
|    time_elapsed         | 25887       |
|    total_timesteps      | 933888      |
| train/                  |             |
|    approx_kl            | 0.009304643 |
|    clip_fraction        | 0.0833      |
|    clip_range           | 0.2         |
|    entropy_loss         | -0.75       |
|    explained_variance   | 0.485       |
|    learning_rate        | 0.0003      |
|    loss                 | 0.293       |
|    n_updates            | 560         |
|    policy_gradient_loss | -7.88e-05   |
|    std                  | 0.508       |
|    value_loss           | 18.2        |
-----------------------------------------
------------------------------------------
| rollout/                |              |
|    ep_len_mean          | 136          |
|    ep_rew_mean          | 113          |
| time/                   |              |
|    fps                  | 36           |
|    iterations           | 58           |
|    time_elapsed         | 26331        |
|    total_timesteps      | 950272       |
| train/                  |              |
|    approx_kl            | 0.0079104155 |
|    clip_fraction        | 0.0669       |
|    clip_range           | 0.2          |
|    entropy_loss         | -0.727       |
|    explained_variance   | 0.423        |
|    learning_rate        | 0.0003       |
|    loss                 | 8.02         |
|    n_updates            | 570          |
|    policy_gradient_loss | -0.000674    |
|    std                  | 0.497        |
|    value_loss           | 24.8         |
------------------------------------------
----------------------------------------
| rollout/                |            |
|    ep_len_mean          | 136        |
|    ep_rew_mean          | 113        |
| time/                   |            |
|    fps                  | 36         |
|    iterations           | 59         |
|    time_elapsed         | 26775      |
|    total_timesteps      | 966656     |
| train/                  |            |
|    approx_kl            | 0.00639093 |
|    clip_fraction        | 0.081      |
|    clip_range           | 0.2        |
|    entropy_loss         | -0.723     |
|    explained_variance   | 0.397      |
|    learning_rate        | 0.0003     |
|    loss                 | 51.5       |
|    n_updates            | 580        |
|    policy_gradient_loss | -0.000361  |
|    std                  | 0.498      |
|    value_loss           | 21.1       |
----------------------------------------
---------------------------------------
| rollout/                |           |
|    ep_len_mean          | 138       |
|    ep_rew_mean          | 115       |
| time/                   |           |
|    fps                  | 36        |
|    iterations           | 60        |
|    time_elapsed         | 27221     |
|    total_timesteps      | 983040    |
| train/                  |           |
|    approx_kl            | 0.0071433 |
|    clip_fraction        | 0.0688    |
|    clip_range           | 0.2       |
|    entropy_loss         | -0.716    |
|    explained_variance   | 0.384     |
|    learning_rate        | 0.0003    |
|    loss                 | 43.1      |
|    n_updates            | 590       |
|    policy_gradient_loss | -0.000167 |
|    std                  | 0.491     |
|    value_loss           | 31.4      |
---------------------------------------
------------------------------------------
| rollout/                |              |
|    ep_len_mean          | 139          |
|    ep_rew_mean          | 117          |
| time/                   |              |
|    fps                  | 36           |
|    iterations           | 61           |
|    time_elapsed         | 27666        |
|    total_timesteps      | 999424       |
| train/                  |              |
|    approx_kl            | 0.0072853635 |
|    clip_fraction        | 0.0818       |
|    clip_range           | 0.2          |
|    entropy_loss         | -0.7         |
|    explained_variance   | 0.586        |
|    learning_rate        | 0.0003       |
|    loss                 | 0.171        |
|    n_updates            | 600          |
|    policy_gradient_loss | -0.000617    |
|    std                  | 0.487        |
|    value_loss           | 10.3         |
------------------------------------------
-----------------------------------------
| rollout/                |             |
|    ep_len_mean          | 139         |
|    ep_rew_mean          | 115         |
| time/                   |             |
|    fps                  | 36          |
|    iterations           | 62          |
|    time_elapsed         | 28111       |
|    total_timesteps      | 1015808     |
| train/                  |             |
|    approx_kl            | 0.005831263 |
|    clip_fraction        | 0.0709      |
|    clip_range           | 0.2         |
|    entropy_loss         | -0.699      |
|    explained_variance   | 0.68        |
|    learning_rate        | 0.0003      |
|    loss                 | 0.155       |
|    n_updates            | 610         |
|    policy_gradient_loss | -0.000489   |
|    std                  | 0.486       |
|    value_loss           | 3.79        |
-----------------------------------------


###############################################################################
TCHPC Cluster: callan
Job 125742 (base_cf_obs15_stopgo_ne8_1M_v2) for User 'hadjitot' in Account 'callan_hadjitot'
Finished at: Wed Feb 11 22:05:38 GMT 2026

Job efficiency estimates:
=========================

Job ID: 125742
Cluster: callan
User/Group: hadjitot/hadjitot
State: COMPLETED (exit code 0)
Nodes: 1
Cores per node: 16
CPU Utilized: 7-13:05:15
CPU Efficiency: 47.88% of 15-18:13:04 core-walltime
Job Wall-clock time: 23:38:19
Memory Utilized: 3.40 GB
Memory Efficiency: 10.64% of 32.00 GB (32.00 GB/node)

Job completion status:
======================

JobID           JobName AllocCPUS NTasks NNodes     MaxRSS    MaxRSSNode  MaxDiskRead MaxDiskWrite    Elapsed      State ExitCode 
------------ ---------- --------- ------ ------ ---------- ------------- ------------ ------------ ---------- ---------- -------- 
125742       base_cf_o+        16             1                                                      23:38:19  COMPLETED      0:0 
125742.batch      batch        16      1      1   3569488K    callan-n06     3982.68M     3125.59M   23:38:19  COMPLETED      0:0 
125742.exte+     extern        16      1      1                                                      23:38:19  COMPLETED      0:0 


Job details:
============

JobId=125742 JobName=base_cf_obs15_stopgo_ne8_1M_v2
   UserId=hadjitot(2357) GroupId=hadjitot(2300) MCS_label=N/A
   Priority=112383 Nice=0 Account=callan_hadjitot QOS=normal
   JobState=COMPLETING Reason=None Dependency=(null)
   Requeue=0 Restarts=0 BatchFlag=1 Reboot=0 ExitCode=0:0
   DerivedExitCode=0:0
   RunTime=23:38:19 TimeLimit=2-00:00:00 TimeMin=N/A
   SubmitTime=2026-02-10T18:46:57 EligibleTime=2026-02-10T18:46:57
   AccrueTime=2026-02-10T18:46:57
   StartTime=2026-02-10T22:27:19 EndTime=2026-02-11T22:05:38 Deadline=N/A
   SuspendTime=None SecsPreSuspend=0 LastSchedEval=2026-02-10T22:27:19 Scheduler=Backfill
   Partition=compute AllocNode:Sid=callan01.cluster:1498135
   ReqNodeList=(null) ExcNodeList=(null)
   NodeList=callan-n06
   BatchHost=callan-n06
   NumNodes=1 NumCPUs=16 NumTasks=1 CPUs/Task=16 ReqB:S:C:T=0:0:*:*
   ReqTRES=cpu=16,mem=32G,node=1,billing=16
   AllocTRES=cpu=16,mem=32G,node=1,billing=16
   Socks/Node=* NtasksPerN:B:S:C=0:0:*:* CoreSpec=*
   JOB_GRES=(null)
     Nodes=callan-n06 CPU_IDs=32-47 Mem=32768 GRES=
   MinCPUsNode=16 MinMemoryNode=32G MinTmpDiskNode=0
   Features=(null) DelayBoot=00:00:00
   OverSubscribe=OK Contiguous=0 Licenses=(null) LicensesAlloc=(null) Network=(null)
   Command=/home/users/hadjitot/fyp/HighwayEnv/slurm/train_baseline.sbatch
   WorkDir=/home/users/hadjitot/fyp/HighwayEnv
   StdErr=/home/users/hadjitot/fyp/HighwayEnv/slurm_out/base_cf_obs15_stopgo_ne8_1M_v2_125742.err
   StdIn=/dev/null
   StdOut=/home/users/hadjitot/fyp/HighwayEnv/slurm_out/base_cf_obs15_stopgo_ne8_1M_v2_125742.out
   TresPerTask=cpu=16
   


Disk quota details:
===================

                         Block Limits                                    |                     File Limits
Name       type             MB      quota      limit   in_doubt    grace |    files   quota    limit in_doubt    grace
root       USR         4751714          0          0         38     none |   349251       0        0       20     none
root       FILESET     4609033          0          0       2239     none |  9832855       0        0      587     none


SLURM Bank Statement:
=====================

User           Usage |        Account     Usage | Account Limit Available (CPU hrs)
---------- --------- + -------------- --------- + ------------- ---------
hadjitot       8,907 | CALLAN_HADJITOT     8,907 |       300,000   291,093


Acknowledgements:
=================

Note that usage of TCHPC Resources *must* be acknowledged in all publications.

Please see this page for details relevant to this cluster:

http://www.tchpc.tcd.ie/resources/acknowledgementpolicy

################################################################################
