Loading Anaconda 3 2024.02-1
ppo_baseline_highway_lanechange_dense_obs20_v12_seed1 obs shape: (20, 5) action space: Box(-1.0, 1.0, (2,), float32)
Using cpu device
Logging to runs/tb/ppo_baseline_highway_lanechange_dense_obs20_v12_seed1_1
---------------------------------
| rollout/           |          |
|    ep_len_mean     | 5.7      |
|    ep_rew_mean     | -0.278   |
|    success_rate    | 0        |
| time/              |          |
|    fps             | 79       |
|    iterations      | 1        |
|    time_elapsed    | 103      |
|    total_timesteps | 8192     |
---------------------------------
-----------------------------------------
| rollout/                |             |
|    ep_len_mean          | 4.4         |
|    ep_rew_mean          | -0.307      |
|    success_rate         | 0           |
| time/                   |             |
|    fps                  | 87          |
|    iterations           | 2           |
|    time_elapsed         | 187         |
|    total_timesteps      | 16384       |
| train/                  |             |
|    approx_kl            | 0.014056826 |
|    clip_fraction        | 0.183       |
|    clip_range           | 0.2         |
|    entropy_loss         | -2.83       |
|    explained_variance   | 0.0102      |
|    learning_rate        | 0.0003      |
|    loss                 | 6.56        |
|    n_updates            | 10          |
|    policy_gradient_loss | -0.0209     |
|    std                  | 0.997       |
|    value_loss           | 13          |
-----------------------------------------
-----------------------------------------
| rollout/                |             |
|    ep_len_mean          | 4.85        |
|    ep_rew_mean          | 0.735       |
|    success_rate         | 0           |
| time/                   |             |
|    fps                  | 90          |
|    iterations           | 3           |
|    time_elapsed         | 272         |
|    total_timesteps      | 24576       |
| train/                  |             |
|    approx_kl            | 0.016219985 |
|    clip_fraction        | 0.247       |
|    clip_range           | 0.2         |
|    entropy_loss         | -2.82       |
|    explained_variance   | 0.191       |
|    learning_rate        | 0.0003      |
|    loss                 | 6.13        |
|    n_updates            | 20          |
|    policy_gradient_loss | -0.0294     |
|    std                  | 0.985       |
|    value_loss           | 10          |
-----------------------------------------
-----------------------------------------
| rollout/                |             |
|    ep_len_mean          | 3.57        |
|    ep_rew_mean          | 0.423       |
|    success_rate         | 0           |
| time/                   |             |
|    fps                  | 91          |
|    iterations           | 4           |
|    time_elapsed         | 357         |
|    total_timesteps      | 32768       |
| train/                  |             |
|    approx_kl            | 0.010896371 |
|    clip_fraction        | 0.145       |
|    clip_range           | 0.2         |
|    entropy_loss         | -2.78       |
|    explained_variance   | 0.133       |
|    learning_rate        | 0.0003      |
|    loss                 | 4.72        |
|    n_updates            | 30          |
|    policy_gradient_loss | -0.0204     |
|    std                  | 0.973       |
|    value_loss           | 7.83        |
-----------------------------------------
-----------------------------------------
| rollout/                |             |
|    ep_len_mean          | 4.13        |
|    ep_rew_mean          | 0.458       |
|    success_rate         | 0           |
| time/                   |             |
|    fps                  | 92          |
|    iterations           | 5           |
|    time_elapsed         | 441         |
|    total_timesteps      | 40960       |
| train/                  |             |
|    approx_kl            | 0.014518686 |
|    clip_fraction        | 0.138       |
|    clip_range           | 0.2         |
|    entropy_loss         | -2.73       |
|    explained_variance   | 0.0973      |
|    learning_rate        | 0.0003      |
|    loss                 | 1.96        |
|    n_updates            | 40          |
|    policy_gradient_loss | -0.0131     |
|    std                  | 0.94        |
|    value_loss           | 5.03        |
-----------------------------------------
-----------------------------------------
| rollout/                |             |
|    ep_len_mean          | 4.69        |
|    ep_rew_mean          | 1.25        |
|    success_rate         | 0           |
| time/                   |             |
|    fps                  | 93          |
|    iterations           | 6           |
|    time_elapsed         | 525         |
|    total_timesteps      | 49152       |
| train/                  |             |
|    approx_kl            | 0.022809977 |
|    clip_fraction        | 0.194       |
|    clip_range           | 0.2         |
|    entropy_loss         | -2.66       |
|    explained_variance   | 0.118       |
|    learning_rate        | 0.0003      |
|    loss                 | 1.34        |
|    n_updates            | 50          |
|    policy_gradient_loss | -0.0159     |
|    std                  | 0.904       |
|    value_loss           | 4.79        |
-----------------------------------------
-----------------------------------------
| rollout/                |             |
|    ep_len_mean          | 6.28        |
|    ep_rew_mean          | 1.23        |
|    success_rate         | 0           |
| time/                   |             |
|    fps                  | 94          |
|    iterations           | 7           |
|    time_elapsed         | 607         |
|    total_timesteps      | 57344       |
| train/                  |             |
|    approx_kl            | 0.029693704 |
|    clip_fraction        | 0.279       |
|    clip_range           | 0.2         |
|    entropy_loss         | -2.57       |
|    explained_variance   | 0.121       |
|    learning_rate        | 0.0003      |
|    loss                 | 3.51        |
|    n_updates            | 60          |
|    policy_gradient_loss | -0.0223     |
|    std                  | 0.867       |
|    value_loss           | 3.75        |
-----------------------------------------
-----------------------------------------
| rollout/                |             |
|    ep_len_mean          | 8.01        |
|    ep_rew_mean          | 1.56        |
|    success_rate         | 0           |
| time/                   |             |
|    fps                  | 95          |
|    iterations           | 8           |
|    time_elapsed         | 687         |
|    total_timesteps      | 65536       |
| train/                  |             |
|    approx_kl            | 0.037863005 |
|    clip_fraction        | 0.336       |
|    clip_range           | 0.2         |
|    entropy_loss         | -2.47       |
|    explained_variance   | 0.0864      |
|    learning_rate        | 0.0003      |
|    loss                 | 1.5         |
|    n_updates            | 70          |
|    policy_gradient_loss | -0.0284     |
|    std                  | 0.835       |
|    value_loss           | 3.24        |
-----------------------------------------
-----------------------------------------
| rollout/                |             |
|    ep_len_mean          | 18          |
|    ep_rew_mean          | 5.11        |
|    success_rate         | 0.01        |
| time/                   |             |
|    fps                  | 96          |
|    iterations           | 9           |
|    time_elapsed         | 765         |
|    total_timesteps      | 73728       |
| train/                  |             |
|    approx_kl            | 0.031330016 |
|    clip_fraction        | 0.279       |
|    clip_range           | 0.2         |
|    entropy_loss         | -2.39       |
|    explained_variance   | 0.112       |
|    learning_rate        | 0.0003      |
|    loss                 | 1.21        |
|    n_updates            | 80          |
|    policy_gradient_loss | -0.0271     |
|    std                  | 0.804       |
|    value_loss           | 4.23        |
-----------------------------------------
-----------------------------------------
| rollout/                |             |
|    ep_len_mean          | 23.4        |
|    ep_rew_mean          | 5.71        |
|    success_rate         | 0           |
| time/                   |             |
|    fps                  | 97          |
|    iterations           | 10          |
|    time_elapsed         | 840         |
|    total_timesteps      | 81920       |
| train/                  |             |
|    approx_kl            | 0.017449047 |
|    clip_fraction        | 0.165       |
|    clip_range           | 0.2         |
|    entropy_loss         | -2.31       |
|    explained_variance   | 0.0801      |
|    learning_rate        | 0.0003      |
|    loss                 | 4.08        |
|    n_updates            | 90          |
|    policy_gradient_loss | -0.0161     |
|    std                  | 0.78        |
|    value_loss           | 8.58        |
-----------------------------------------
-----------------------------------------
| rollout/                |             |
|    ep_len_mean          | 29.2        |
|    ep_rew_mean          | 7.37        |
|    success_rate         | 0.01        |
| time/                   |             |
|    fps                  | 98          |
|    iterations           | 11          |
|    time_elapsed         | 915         |
|    total_timesteps      | 90112       |
| train/                  |             |
|    approx_kl            | 0.012307976 |
|    clip_fraction        | 0.111       |
|    clip_range           | 0.2         |
|    entropy_loss         | -2.23       |
|    explained_variance   | 0.137       |
|    learning_rate        | 0.0003      |
|    loss                 | 5.15        |
|    n_updates            | 100         |
|    policy_gradient_loss | -0.00993    |
|    std                  | 0.755       |
|    value_loss           | 11.6        |
-----------------------------------------
-----------------------------------------
| rollout/                |             |
|    ep_len_mean          | 46.4        |
|    ep_rew_mean          | 13.3        |
|    success_rate         | 0.01        |
| time/                   |             |
|    fps                  | 99          |
|    iterations           | 12          |
|    time_elapsed         | 989         |
|    total_timesteps      | 98304       |
| train/                  |             |
|    approx_kl            | 0.010610644 |
|    clip_fraction        | 0.104       |
|    clip_range           | 0.2         |
|    entropy_loss         | -2.18       |
|    explained_variance   | 0.237       |
|    learning_rate        | 0.0003      |
|    loss                 | 6.44        |
|    n_updates            | 110         |
|    policy_gradient_loss | -0.0073     |
|    std                  | 0.74        |
|    value_loss           | 12.8        |
-----------------------------------------
-----------------------------------------
| rollout/                |             |
|    ep_len_mean          | 47.5        |
|    ep_rew_mean          | 13.1        |
|    success_rate         | 0.02        |
| time/                   |             |
|    fps                  | 100         |
|    iterations           | 13          |
|    time_elapsed         | 1063        |
|    total_timesteps      | 106496      |
| train/                  |             |
|    approx_kl            | 0.009837631 |
|    clip_fraction        | 0.101       |
|    clip_range           | 0.2         |
|    entropy_loss         | -2.13       |
|    explained_variance   | 0.292       |
|    learning_rate        | 0.0003      |
|    loss                 | 5.58        |
|    n_updates            | 120         |
|    policy_gradient_loss | -0.0057     |
|    std                  | 0.726       |
|    value_loss           | 11.7        |
-----------------------------------------
-----------------------------------------
| rollout/                |             |
|    ep_len_mean          | 55.2        |
|    ep_rew_mean          | 16          |
|    success_rate         | 0.05        |
| time/                   |             |
|    fps                  | 100         |
|    iterations           | 14          |
|    time_elapsed         | 1137        |
|    total_timesteps      | 114688      |
| train/                  |             |
|    approx_kl            | 0.009647796 |
|    clip_fraction        | 0.0986      |
|    clip_range           | 0.2         |
|    entropy_loss         | -2.09       |
|    explained_variance   | 0.337       |
|    learning_rate        | 0.0003      |
|    loss                 | 9.83        |
|    n_updates            | 130         |
|    policy_gradient_loss | -0.0052     |
|    std                  | 0.719       |
|    value_loss           | 16.8        |
-----------------------------------------
-----------------------------------------
| rollout/                |             |
|    ep_len_mean          | 62.3        |
|    ep_rew_mean          | 19.5        |
|    success_rate         | 0.04        |
| time/                   |             |
|    fps                  | 101         |
|    iterations           | 15          |
|    time_elapsed         | 1211        |
|    total_timesteps      | 122880      |
| train/                  |             |
|    approx_kl            | 0.010058396 |
|    clip_fraction        | 0.125       |
|    clip_range           | 0.2         |
|    entropy_loss         | -2.06       |
|    explained_variance   | 0.436       |
|    learning_rate        | 0.0003      |
|    loss                 | 6.37        |
|    n_updates            | 140         |
|    policy_gradient_loss | -0.00577    |
|    std                  | 0.708       |
|    value_loss           | 16.2        |
-----------------------------------------
----------------------------------------
| rollout/                |            |
|    ep_len_mean          | 66.7       |
|    ep_rew_mean          | 21         |
|    success_rate         | 0          |
| time/                   |            |
|    fps                  | 102        |
|    iterations           | 16         |
|    time_elapsed         | 1285       |
|    total_timesteps      | 131072     |
| train/                  |            |
|    approx_kl            | 0.01092173 |
|    clip_fraction        | 0.129      |
|    clip_range           | 0.2        |
|    entropy_loss         | -2.02      |
|    explained_variance   | 0.421      |
|    learning_rate        | 0.0003     |
|    loss                 | 11.4       |
|    n_updates            | 150        |
|    policy_gradient_loss | -0.00386   |
|    std                  | 0.694      |
|    value_loss           | 15.6       |
----------------------------------------
-----------------------------------------
| rollout/                |             |
|    ep_len_mean          | 65.7        |
|    ep_rew_mean          | 21.8        |
|    success_rate         | 0.01        |
| time/                   |             |
|    fps                  | 102         |
|    iterations           | 17          |
|    time_elapsed         | 1358        |
|    total_timesteps      | 139264      |
| train/                  |             |
|    approx_kl            | 0.009985436 |
|    clip_fraction        | 0.121       |
|    clip_range           | 0.2         |
|    entropy_loss         | -1.98       |
|    explained_variance   | 0.527       |
|    learning_rate        | 0.0003      |
|    loss                 | 8.41        |
|    n_updates            | 160         |
|    policy_gradient_loss | -0.0045     |
|    std                  | 0.685       |
|    value_loss           | 11.7        |
-----------------------------------------
-----------------------------------------
| rollout/                |             |
|    ep_len_mean          | 85.8        |
|    ep_rew_mean          | 26.3        |
|    success_rate         | 0.01        |
| time/                   |             |
|    fps                  | 103         |
|    iterations           | 18          |
|    time_elapsed         | 1431        |
|    total_timesteps      | 147456      |
| train/                  |             |
|    approx_kl            | 0.009245897 |
|    clip_fraction        | 0.135       |
|    clip_range           | 0.2         |
|    entropy_loss         | -1.94       |
|    explained_variance   | 0.502       |
|    learning_rate        | 0.0003      |
|    loss                 | 5.04        |
|    n_updates            | 170         |
|    policy_gradient_loss | -0.00223    |
|    std                  | 0.671       |
|    value_loss           | 14.7        |
-----------------------------------------
-----------------------------------------
| rollout/                |             |
|    ep_len_mean          | 94.5        |
|    ep_rew_mean          | 28.3        |
|    success_rate         | 0.01        |
| time/                   |             |
|    fps                  | 103         |
|    iterations           | 19          |
|    time_elapsed         | 1504        |
|    total_timesteps      | 155648      |
| train/                  |             |
|    approx_kl            | 0.010667121 |
|    clip_fraction        | 0.126       |
|    clip_range           | 0.2         |
|    entropy_loss         | -1.89       |
|    explained_variance   | 0.57        |
|    learning_rate        | 0.0003      |
|    loss                 | 10.2        |
|    n_updates            | 180         |
|    policy_gradient_loss | -0.00424    |
|    std                  | 0.661       |
|    value_loss           | 13.1        |
-----------------------------------------
-----------------------------------------
| rollout/                |             |
|    ep_len_mean          | 94.8        |
|    ep_rew_mean          | 26.9        |
|    success_rate         | 0.01        |
| time/                   |             |
|    fps                  | 103         |
|    iterations           | 20          |
|    time_elapsed         | 1577        |
|    total_timesteps      | 163840      |
| train/                  |             |
|    approx_kl            | 0.011886578 |
|    clip_fraction        | 0.124       |
|    clip_range           | 0.2         |
|    entropy_loss         | -1.84       |
|    explained_variance   | 0.527       |
|    learning_rate        | 0.0003      |
|    loss                 | 6.29        |
|    n_updates            | 190         |
|    policy_gradient_loss | -0.00313    |
|    std                  | 0.647       |
|    value_loss           | 15.9        |
-----------------------------------------
-----------------------------------------
| rollout/                |             |
|    ep_len_mean          | 118         |
|    ep_rew_mean          | 32.7        |
|    success_rate         | 0           |
| time/                   |             |
|    fps                  | 104         |
|    iterations           | 21          |
|    time_elapsed         | 1649        |
|    total_timesteps      | 172032      |
| train/                  |             |
|    approx_kl            | 0.010165246 |
|    clip_fraction        | 0.144       |
|    clip_range           | 0.2         |
|    entropy_loss         | -1.81       |
|    explained_variance   | 0.518       |
|    learning_rate        | 0.0003      |
|    loss                 | 6.78        |
|    n_updates            | 200         |
|    policy_gradient_loss | -0.00219    |
|    std                  | 0.647       |
|    value_loss           | 15.6        |
-----------------------------------------
-----------------------------------------
| rollout/                |             |
|    ep_len_mean          | 123         |
|    ep_rew_mean          | 34.5        |
|    success_rate         | 0           |
| time/                   |             |
|    fps                  | 104         |
|    iterations           | 22          |
|    time_elapsed         | 1722        |
|    total_timesteps      | 180224      |
| train/                  |             |
|    approx_kl            | 0.013015959 |
|    clip_fraction        | 0.15        |
|    clip_range           | 0.2         |
|    entropy_loss         | -1.8        |
|    explained_variance   | 0.578       |
|    learning_rate        | 0.0003      |
|    loss                 | 8.56        |
|    n_updates            | 210         |
|    policy_gradient_loss | -0.00238    |
|    std                  | 0.642       |
|    value_loss           | 12.1        |
-----------------------------------------
-----------------------------------------
| rollout/                |             |
|    ep_len_mean          | 125         |
|    ep_rew_mean          | 35.1        |
|    success_rate         | 0.02        |
| time/                   |             |
|    fps                  | 104         |
|    iterations           | 23          |
|    time_elapsed         | 1794        |
|    total_timesteps      | 188416      |
| train/                  |             |
|    approx_kl            | 0.011827132 |
|    clip_fraction        | 0.136       |
|    clip_range           | 0.2         |
|    entropy_loss         | -1.79       |
|    explained_variance   | 0.586       |
|    learning_rate        | 0.0003      |
|    loss                 | 2.61        |
|    n_updates            | 220         |
|    policy_gradient_loss | -0.00155    |
|    std                  | 0.643       |
|    value_loss           | 11.3        |
-----------------------------------------
-----------------------------------------
| rollout/                |             |
|    ep_len_mean          | 125         |
|    ep_rew_mean          | 35.4        |
|    success_rate         | 0.02        |
| time/                   |             |
|    fps                  | 105         |
|    iterations           | 24          |
|    time_elapsed         | 1867        |
|    total_timesteps      | 196608      |
| train/                  |             |
|    approx_kl            | 0.011423815 |
|    clip_fraction        | 0.141       |
|    clip_range           | 0.2         |
|    entropy_loss         | -1.78       |
|    explained_variance   | 0.552       |
|    learning_rate        | 0.0003      |
|    loss                 | 6.68        |
|    n_updates            | 230         |
|    policy_gradient_loss | 0.000108    |
|    std                  | 0.642       |
|    value_loss           | 11.6        |
-----------------------------------------
-----------------------------------------
| rollout/                |             |
|    ep_len_mean          | 130         |
|    ep_rew_mean          | 36.3        |
|    success_rate         | 0           |
| time/                   |             |
|    fps                  | 105         |
|    iterations           | 25          |
|    time_elapsed         | 1939        |
|    total_timesteps      | 204800      |
| train/                  |             |
|    approx_kl            | 0.014246573 |
|    clip_fraction        | 0.137       |
|    clip_range           | 0.2         |
|    entropy_loss         | -1.76       |
|    explained_variance   | 0.627       |
|    learning_rate        | 0.0003      |
|    loss                 | 3.31        |
|    n_updates            | 240         |
|    policy_gradient_loss | 0.000527    |
|    std                  | 0.627       |
|    value_loss           | 13.5        |
-----------------------------------------
-----------------------------------------
| rollout/                |             |
|    ep_len_mean          | 130         |
|    ep_rew_mean          | 37.9        |
|    success_rate         | 0           |
| time/                   |             |
|    fps                  | 105         |
|    iterations           | 26          |
|    time_elapsed         | 2011        |
|    total_timesteps      | 212992      |
| train/                  |             |
|    approx_kl            | 0.011603764 |
|    clip_fraction        | 0.135       |
|    clip_range           | 0.2         |
|    entropy_loss         | -1.73       |
|    explained_variance   | 0.593       |
|    learning_rate        | 0.0003      |
|    loss                 | 7.69        |
|    n_updates            | 250         |
|    policy_gradient_loss | -0.000419   |
|    std                  | 0.622       |
|    value_loss           | 13          |
-----------------------------------------
-----------------------------------------
| rollout/                |             |
|    ep_len_mean          | 143         |
|    ep_rew_mean          | 42.1        |
|    success_rate         | 0           |
| time/                   |             |
|    fps                  | 106         |
|    iterations           | 27          |
|    time_elapsed         | 2083        |
|    total_timesteps      | 221184      |
| train/                  |             |
|    approx_kl            | 0.009068191 |
|    clip_fraction        | 0.133       |
|    clip_range           | 0.2         |
|    entropy_loss         | -1.7        |
|    explained_variance   | 0.633       |
|    learning_rate        | 0.0003      |
|    loss                 | 8.88        |
|    n_updates            | 260         |
|    policy_gradient_loss | 0.000737    |
|    std                  | 0.615       |
|    value_loss           | 13.3        |
-----------------------------------------
-----------------------------------------
| rollout/                |             |
|    ep_len_mean          | 141         |
|    ep_rew_mean          | 40.7        |
|    success_rate         | 0           |
| time/                   |             |
|    fps                  | 106         |
|    iterations           | 28          |
|    time_elapsed         | 2155        |
|    total_timesteps      | 229376      |
| train/                  |             |
|    approx_kl            | 0.009750539 |
|    clip_fraction        | 0.158       |
|    clip_range           | 0.2         |
|    entropy_loss         | -1.7        |
|    explained_variance   | 0.754       |
|    learning_rate        | 0.0003      |
|    loss                 | 2.53        |
|    n_updates            | 270         |
|    policy_gradient_loss | 0.000486    |
|    std                  | 0.614       |
|    value_loss           | 7.29        |
-----------------------------------------
-----------------------------------------
| rollout/                |             |
|    ep_len_mean          | 143         |
|    ep_rew_mean          | 40.1        |
|    success_rate         | 0           |
| time/                   |             |
|    fps                  | 106         |
|    iterations           | 29          |
|    time_elapsed         | 2227        |
|    total_timesteps      | 237568      |
| train/                  |             |
|    approx_kl            | 0.011395907 |
|    clip_fraction        | 0.149       |
|    clip_range           | 0.2         |
|    entropy_loss         | -1.67       |
|    explained_variance   | 0.734       |
|    learning_rate        | 0.0003      |
|    loss                 | 1.5         |
|    n_updates            | 280         |
|    policy_gradient_loss | -0.00031    |
|    std                  | 0.606       |
|    value_loss           | 9.28        |
-----------------------------------------
-----------------------------------------
| rollout/                |             |
|    ep_len_mean          | 134         |
|    ep_rew_mean          | 38          |
|    success_rate         | 0           |
| time/                   |             |
|    fps                  | 106         |
|    iterations           | 30          |
|    time_elapsed         | 2299        |
|    total_timesteps      | 245760      |
| train/                  |             |
|    approx_kl            | 0.011624388 |
|    clip_fraction        | 0.158       |
|    clip_range           | 0.2         |
|    entropy_loss         | -1.65       |
|    explained_variance   | 0.661       |
|    learning_rate        | 0.0003      |
|    loss                 | 4.64        |
|    n_updates            | 290         |
|    policy_gradient_loss | -0.000152   |
|    std                  | 0.606       |
|    value_loss           | 9.65        |
-----------------------------------------
-----------------------------------------
| rollout/                |             |
|    ep_len_mean          | 135         |
|    ep_rew_mean          | 37.4        |
|    success_rate         | 0           |
| time/                   |             |
|    fps                  | 107         |
|    iterations           | 31          |
|    time_elapsed         | 2370        |
|    total_timesteps      | 253952      |
| train/                  |             |
|    approx_kl            | 0.010112304 |
|    clip_fraction        | 0.123       |
|    clip_range           | 0.2         |
|    entropy_loss         | -1.64       |
|    explained_variance   | 0.613       |
|    learning_rate        | 0.0003      |
|    loss                 | 9.12        |
|    n_updates            | 300         |
|    policy_gradient_loss | -0.00169    |
|    std                  | 0.603       |
|    value_loss           | 16.6        |
-----------------------------------------
-----------------------------------------
| rollout/                |             |
|    ep_len_mean          | 147         |
|    ep_rew_mean          | 39.8        |
|    success_rate         | 0           |
| time/                   |             |
|    fps                  | 107         |
|    iterations           | 32          |
|    time_elapsed         | 2442        |
|    total_timesteps      | 262144      |
| train/                  |             |
|    approx_kl            | 0.017204754 |
|    clip_fraction        | 0.167       |
|    clip_range           | 0.2         |
|    entropy_loss         | -1.64       |
|    explained_variance   | 0.669       |
|    learning_rate        | 0.0003      |
|    loss                 | 4.05        |
|    n_updates            | 310         |
|    policy_gradient_loss | -0.00118    |
|    std                  | 0.604       |
|    value_loss           | 11.8        |
-----------------------------------------
-----------------------------------------
| rollout/                |             |
|    ep_len_mean          | 157         |
|    ep_rew_mean          | 43.5        |
|    success_rate         | 0           |
| time/                   |             |
|    fps                  | 107         |
|    iterations           | 33          |
|    time_elapsed         | 2514        |
|    total_timesteps      | 270336      |
| train/                  |             |
|    approx_kl            | 0.011267538 |
|    clip_fraction        | 0.167       |
|    clip_range           | 0.2         |
|    entropy_loss         | -1.63       |
|    explained_variance   | 0.727       |
|    learning_rate        | 0.0003      |
|    loss                 | 3.68        |
|    n_updates            | 320         |
|    policy_gradient_loss | 0.000307    |
|    std                  | 0.604       |
|    value_loss           | 7.33        |
-----------------------------------------
----------------------------------------
| rollout/                |            |
|    ep_len_mean          | 154        |
|    ep_rew_mean          | 42.6       |
|    success_rate         | 0          |
| time/                   |            |
|    fps                  | 107        |
|    iterations           | 34         |
|    time_elapsed         | 2585       |
|    total_timesteps      | 278528     |
| train/                  |            |
|    approx_kl            | 0.01321635 |
|    clip_fraction        | 0.171      |
|    clip_range           | 0.2        |
|    entropy_loss         | -1.63      |
|    explained_variance   | 0.688      |
|    learning_rate        | 0.0003     |
|    loss                 | 2.07       |
|    n_updates            | 330        |
|    policy_gradient_loss | 0.00142    |
|    std                  | 0.602      |
|    value_loss           | 6.64       |
----------------------------------------
----------------------------------------
| rollout/                |            |
|    ep_len_mean          | 152        |
|    ep_rew_mean          | 41.7       |
|    success_rate         | 0          |
| time/                   |            |
|    fps                  | 107        |
|    iterations           | 35         |
|    time_elapsed         | 2657       |
|    total_timesteps      | 286720     |
| train/                  |            |
|    approx_kl            | 0.01589895 |
|    clip_fraction        | 0.142      |
|    clip_range           | 0.2        |
|    entropy_loss         | -1.62      |
|    explained_variance   | 0.672      |
|    learning_rate        | 0.0003     |
|    loss                 | 2.74       |
|    n_updates            | 340        |
|    policy_gradient_loss | -0.000523  |
|    std                  | 0.603      |
|    value_loss           | 6.06       |
----------------------------------------
-----------------------------------------
| rollout/                |             |
|    ep_len_mean          | 154         |
|    ep_rew_mean          | 41          |
|    success_rate         | 0           |
| time/                   |             |
|    fps                  | 108         |
|    iterations           | 36          |
|    time_elapsed         | 2728        |
|    total_timesteps      | 294912      |
| train/                  |             |
|    approx_kl            | 0.014151747 |
|    clip_fraction        | 0.149       |
|    clip_range           | 0.2         |
|    entropy_loss         | -1.59       |
|    explained_variance   | 0.643       |
|    learning_rate        | 0.0003      |
|    loss                 | 3.58        |
|    n_updates            | 350         |
|    policy_gradient_loss | -0.00216    |
|    std                  | 0.589       |
|    value_loss           | 6.78        |
-----------------------------------------
-----------------------------------------
| rollout/                |             |
|    ep_len_mean          | 156         |
|    ep_rew_mean          | 41.8        |
|    success_rate         | 0           |
| time/                   |             |
|    fps                  | 108         |
|    iterations           | 37          |
|    time_elapsed         | 2799        |
|    total_timesteps      | 303104      |
| train/                  |             |
|    approx_kl            | 0.011606738 |
|    clip_fraction        | 0.143       |
|    clip_range           | 0.2         |
|    entropy_loss         | -1.56       |
|    explained_variance   | 0.568       |
|    learning_rate        | 0.0003      |
|    loss                 | 3.64        |
|    n_updates            | 360         |
|    policy_gradient_loss | 9.61e-05    |
|    std                  | 0.584       |
|    value_loss           | 8.29        |
-----------------------------------------
------------------------------------------
| rollout/                |              |
|    ep_len_mean          | 154          |
|    ep_rew_mean          | 42           |
|    success_rate         | 0            |
| time/                   |              |
|    fps                  | 108          |
|    iterations           | 38           |
|    time_elapsed         | 2870         |
|    total_timesteps      | 311296       |
| train/                  |              |
|    approx_kl            | 0.0148799075 |
|    clip_fraction        | 0.167        |
|    clip_range           | 0.2          |
|    entropy_loss         | -1.56        |
|    explained_variance   | 0.687        |
|    learning_rate        | 0.0003       |
|    loss                 | 1.8          |
|    n_updates            | 370          |
|    policy_gradient_loss | -0.000457    |
|    std                  | 0.587        |
|    value_loss           | 5.81         |
------------------------------------------
----------------------------------------
| rollout/                |            |
|    ep_len_mean          | 145        |
|    ep_rew_mean          | 40.1       |
|    success_rate         | 0          |
| time/                   |            |
|    fps                  | 108        |
|    iterations           | 39         |
|    time_elapsed         | 2941       |
|    total_timesteps      | 319488     |
| train/                  |            |
|    approx_kl            | 0.01237478 |
|    clip_fraction        | 0.135      |
|    clip_range           | 0.2        |
|    entropy_loss         | -1.54      |
|    explained_variance   | 0.513      |
|    learning_rate        | 0.0003     |
|    loss                 | 5.84       |
|    n_updates            | 380        |
|    policy_gradient_loss | -0.00222   |
|    std                  | 0.585      |
|    value_loss           | 10.8       |
----------------------------------------
-----------------------------------------
| rollout/                |             |
|    ep_len_mean          | 150         |
|    ep_rew_mean          | 40.1        |
|    success_rate         | 0           |
| time/                   |             |
|    fps                  | 108         |
|    iterations           | 40          |
|    time_elapsed         | 3012        |
|    total_timesteps      | 327680      |
| train/                  |             |
|    approx_kl            | 0.011523824 |
|    clip_fraction        | 0.139       |
|    clip_range           | 0.2         |
|    entropy_loss         | -1.53       |
|    explained_variance   | 0.572       |
|    learning_rate        | 0.0003      |
|    loss                 | 1.63        |
|    n_updates            | 390         |
|    policy_gradient_loss | 0.000565    |
|    std                  | 0.577       |
|    value_loss           | 9.44        |
-----------------------------------------
-----------------------------------------
| rollout/                |             |
|    ep_len_mean          | 152         |
|    ep_rew_mean          | 38.6        |
|    success_rate         | 0           |
| time/                   |             |
|    fps                  | 108         |
|    iterations           | 41          |
|    time_elapsed         | 3082        |
|    total_timesteps      | 335872      |
| train/                  |             |
|    approx_kl            | 0.013642553 |
|    clip_fraction        | 0.164       |
|    clip_range           | 0.2         |
|    entropy_loss         | -1.51       |
|    explained_variance   | 0.543       |
|    learning_rate        | 0.0003      |
|    loss                 | 2.55        |
|    n_updates            | 400         |
|    policy_gradient_loss | 0.000327    |
|    std                  | 0.574       |
|    value_loss           | 10.9        |
-----------------------------------------
----------------------------------------
| rollout/                |            |
|    ep_len_mean          | 155        |
|    ep_rew_mean          | 40.1       |
|    success_rate         | 0          |
| time/                   |            |
|    fps                  | 109        |
|    iterations           | 42         |
|    time_elapsed         | 3152       |
|    total_timesteps      | 344064     |
| train/                  |            |
|    approx_kl            | 0.01796518 |
|    clip_fraction        | 0.17       |
|    clip_range           | 0.2        |
|    entropy_loss         | -1.49      |
|    explained_variance   | 0.627      |
|    learning_rate        | 0.0003     |
|    loss                 | 2.81       |
|    n_updates            | 410        |
|    policy_gradient_loss | 0.000422   |
|    std                  | 0.567      |
|    value_loss           | 8.72       |
----------------------------------------
-----------------------------------------
| rollout/                |             |
|    ep_len_mean          | 163         |
|    ep_rew_mean          | 44.5        |
|    success_rate         | 0           |
| time/                   |             |
|    fps                  | 109         |
|    iterations           | 43          |
|    time_elapsed         | 3222        |
|    total_timesteps      | 352256      |
| train/                  |             |
|    approx_kl            | 0.012237453 |
|    clip_fraction        | 0.179       |
|    clip_range           | 0.2         |
|    entropy_loss         | -1.47       |
|    explained_variance   | 0.685       |
|    learning_rate        | 0.0003      |
|    loss                 | 1.52        |
|    n_updates            | 420         |
|    policy_gradient_loss | 0.00171     |
|    std                  | 0.563       |
|    value_loss           | 6.13        |
-----------------------------------------
----------------------------------------
| rollout/                |            |
|    ep_len_mean          | 154        |
|    ep_rew_mean          | 42.2       |
|    success_rate         | 0          |
| time/                   |            |
|    fps                  | 109        |
|    iterations           | 44         |
|    time_elapsed         | 3292       |
|    total_timesteps      | 360448     |
| train/                  |            |
|    approx_kl            | 0.01564588 |
|    clip_fraction        | 0.189      |
|    clip_range           | 0.2        |
|    entropy_loss         | -1.48      |
|    explained_variance   | 0.664      |
|    learning_rate        | 0.0003     |
|    loss                 | 0.459      |
|    n_updates            | 430        |
|    policy_gradient_loss | -0.000219  |
|    std                  | 0.569      |
|    value_loss           | 4.81       |
----------------------------------------
-----------------------------------------
| rollout/                |             |
|    ep_len_mean          | 142         |
|    ep_rew_mean          | 39.2        |
|    success_rate         | 0           |
| time/                   |             |
|    fps                  | 109         |
|    iterations           | 45          |
|    time_elapsed         | 3363        |
|    total_timesteps      | 368640      |
| train/                  |             |
|    approx_kl            | 0.023936711 |
|    clip_fraction        | 0.161       |
|    clip_range           | 0.2         |
|    entropy_loss         | -1.47       |
|    explained_variance   | 0.618       |
|    learning_rate        | 0.0003      |
|    loss                 | 1.21        |
|    n_updates            | 440         |
|    policy_gradient_loss | -0.00033    |
|    std                  | 0.57        |
|    value_loss           | 8.92        |
-----------------------------------------
-----------------------------------------
| rollout/                |             |
|    ep_len_mean          | 145         |
|    ep_rew_mean          | 41          |
|    success_rate         | 0           |
| time/                   |             |
|    fps                  | 109         |
|    iterations           | 46          |
|    time_elapsed         | 3433        |
|    total_timesteps      | 376832      |
| train/                  |             |
|    approx_kl            | 0.012419095 |
|    clip_fraction        | 0.131       |
|    clip_range           | 0.2         |
|    entropy_loss         | -1.46       |
|    explained_variance   | 0.505       |
|    learning_rate        | 0.0003      |
|    loss                 | 8.65        |
|    n_updates            | 450         |
|    policy_gradient_loss | -0.000826   |
|    std                  | 0.564       |
|    value_loss           | 14.8        |
-----------------------------------------
-----------------------------------------
| rollout/                |             |
|    ep_len_mean          | 159         |
|    ep_rew_mean          | 44.5        |
|    success_rate         | 0           |
| time/                   |             |
|    fps                  | 109         |
|    iterations           | 47          |
|    time_elapsed         | 3503        |
|    total_timesteps      | 385024      |
| train/                  |             |
|    approx_kl            | 0.013755457 |
|    clip_fraction        | 0.152       |
|    clip_range           | 0.2         |
|    entropy_loss         | -1.45       |
|    explained_variance   | 0.557       |
|    learning_rate        | 0.0003      |
|    loss                 | 2.47        |
|    n_updates            | 460         |
|    policy_gradient_loss | 0.00025     |
|    std                  | 0.566       |
|    value_loss           | 11.9        |
-----------------------------------------
-----------------------------------------
| rollout/                |             |
|    ep_len_mean          | 166         |
|    ep_rew_mean          | 48.5        |
|    success_rate         | 0           |
| time/                   |             |
|    fps                  | 110         |
|    iterations           | 48          |
|    time_elapsed         | 3573        |
|    total_timesteps      | 393216      |
| train/                  |             |
|    approx_kl            | 0.014623351 |
|    clip_fraction        | 0.216       |
|    clip_range           | 0.2         |
|    entropy_loss         | -1.45       |
|    explained_variance   | 0.807       |
|    learning_rate        | 0.0003      |
|    loss                 | 0.607       |
|    n_updates            | 470         |
|    policy_gradient_loss | 0.000595    |
|    std                  | 0.567       |
|    value_loss           | 2.26        |
-----------------------------------------
-----------------------------------------
| rollout/                |             |
|    ep_len_mean          | 154         |
|    ep_rew_mean          | 47.8        |
|    success_rate         | 0           |
| time/                   |             |
|    fps                  | 110         |
|    iterations           | 49          |
|    time_elapsed         | 3643        |
|    total_timesteps      | 401408      |
| train/                  |             |
|    approx_kl            | 0.008644298 |
|    clip_fraction        | 0.0936      |
|    clip_range           | 0.2         |
|    entropy_loss         | -1.44       |
|    explained_variance   | 0.541       |
|    learning_rate        | 0.0003      |
|    loss                 | 2.02        |
|    n_updates            | 480         |
|    policy_gradient_loss | -0.00117    |
|    std                  | 0.567       |
|    value_loss           | 11.5        |
-----------------------------------------
------------------------------------------
| rollout/                |              |
|    ep_len_mean          | 144          |
|    ep_rew_mean          | 45.2         |
|    success_rate         | 0            |
| time/                   |              |
|    fps                  | 110          |
|    iterations           | 50           |
|    time_elapsed         | 3713         |
|    total_timesteps      | 409600       |
| train/                  |              |
|    approx_kl            | 0.0116593465 |
|    clip_fraction        | 0.139        |
|    clip_range           | 0.2          |
|    entropy_loss         | -1.42        |
|    explained_variance   | 0.603        |
|    learning_rate        | 0.0003       |
|    loss                 | 2.06         |
|    n_updates            | 490          |
|    policy_gradient_loss | -0.00182     |
|    std                  | 0.564        |
|    value_loss           | 9.71         |
------------------------------------------
-----------------------------------------
| rollout/                |             |
|    ep_len_mean          | 146         |
|    ep_rew_mean          | 47.1        |
|    success_rate         | 0           |
| time/                   |             |
|    fps                  | 110         |
|    iterations           | 51          |
|    time_elapsed         | 3783        |
|    total_timesteps      | 417792      |
| train/                  |             |
|    approx_kl            | 0.017716896 |
|    clip_fraction        | 0.144       |
|    clip_range           | 0.2         |
|    entropy_loss         | -1.41       |
|    explained_variance   | 0.572       |
|    learning_rate        | 0.0003      |
|    loss                 | 6.96        |
|    n_updates            | 500         |
|    policy_gradient_loss | -0.000824   |
|    std                  | 0.562       |
|    value_loss           | 17.2        |
-----------------------------------------
-----------------------------------------
| rollout/                |             |
|    ep_len_mean          | 144         |
|    ep_rew_mean          | 46.6        |
|    success_rate         | 0           |
| time/                   |             |
|    fps                  | 110         |
|    iterations           | 52          |
|    time_elapsed         | 3853        |
|    total_timesteps      | 425984      |
| train/                  |             |
|    approx_kl            | 0.013477549 |
|    clip_fraction        | 0.173       |
|    clip_range           | 0.2         |
|    entropy_loss         | -1.41       |
|    explained_variance   | 0.678       |
|    learning_rate        | 0.0003      |
|    loss                 | 9.38        |
|    n_updates            | 510         |
|    policy_gradient_loss | -0.00244    |
|    std                  | 0.563       |
|    value_loss           | 14.1        |
-----------------------------------------
-----------------------------------------
| rollout/                |             |
|    ep_len_mean          | 135         |
|    ep_rew_mean          | 43.2        |
|    success_rate         | 0           |
| time/                   |             |
|    fps                  | 110         |
|    iterations           | 53          |
|    time_elapsed         | 3923        |
|    total_timesteps      | 434176      |
| train/                  |             |
|    approx_kl            | 0.015431733 |
|    clip_fraction        | 0.169       |
|    clip_range           | 0.2         |
|    entropy_loss         | -1.4        |
|    explained_variance   | 0.681       |
|    learning_rate        | 0.0003      |
|    loss                 | 11.3        |
|    n_updates            | 520         |
|    policy_gradient_loss | -0.0013     |
|    std                  | 0.559       |
|    value_loss           | 16.8        |
-----------------------------------------
------------------------------------------
| rollout/                |              |
|    ep_len_mean          | 144          |
|    ep_rew_mean          | 44.5         |
|    success_rate         | 0            |
| time/                   |              |
|    fps                  | 110          |
|    iterations           | 54           |
|    time_elapsed         | 3993         |
|    total_timesteps      | 442368       |
| train/                  |              |
|    approx_kl            | 0.0132278595 |
|    clip_fraction        | 0.175        |
|    clip_range           | 0.2          |
|    entropy_loss         | -1.37        |
|    explained_variance   | 0.564        |
|    learning_rate        | 0.0003       |
|    loss                 | 4.37         |
|    n_updates            | 530          |
|    policy_gradient_loss | -0.00281     |
|    std                  | 0.553        |
|    value_loss           | 18.2         |
------------------------------------------
-----------------------------------------
| rollout/                |             |
|    ep_len_mean          | 137         |
|    ep_rew_mean          | 41.3        |
|    success_rate         | 0           |
| time/                   |             |
|    fps                  | 110         |
|    iterations           | 55          |
|    time_elapsed         | 4064        |
|    total_timesteps      | 450560      |
| train/                  |             |
|    approx_kl            | 0.011815844 |
|    clip_fraction        | 0.186       |
|    clip_range           | 0.2         |
|    entropy_loss         | -1.35       |
|    explained_variance   | 0.569       |
|    learning_rate        | 0.0003      |
|    loss                 | 4.12        |
|    n_updates            | 540         |
|    policy_gradient_loss | 0.00278     |
|    std                  | 0.55        |
|    value_loss           | 9.93        |
-----------------------------------------
------------------------------------------
| rollout/                |              |
|    ep_len_mean          | 130          |
|    ep_rew_mean          | 39.3         |
|    success_rate         | 0            |
| time/                   |              |
|    fps                  | 110          |
|    iterations           | 56           |
|    time_elapsed         | 4134         |
|    total_timesteps      | 458752       |
| train/                  |              |
|    approx_kl            | 0.0109938495 |
|    clip_fraction        | 0.127        |
|    clip_range           | 0.2          |
|    entropy_loss         | -1.34        |
|    explained_variance   | 0.469        |
|    learning_rate        | 0.0003       |
|    loss                 | 4.03         |
|    n_updates            | 550          |
|    policy_gradient_loss | -0.000734    |
|    std                  | 0.548        |
|    value_loss           | 17.8         |
------------------------------------------
-----------------------------------------
| rollout/                |             |
|    ep_len_mean          | 134         |
|    ep_rew_mean          | 39.6        |
|    success_rate         | 0           |
| time/                   |             |
|    fps                  | 111         |
|    iterations           | 57          |
|    time_elapsed         | 4204        |
|    total_timesteps      | 466944      |
| train/                  |             |
|    approx_kl            | 0.011124641 |
|    clip_fraction        | 0.14        |
|    clip_range           | 0.2         |
|    entropy_loss         | -1.34       |
|    explained_variance   | 0.556       |
|    learning_rate        | 0.0003      |
|    loss                 | 6.13        |
|    n_updates            | 560         |
|    policy_gradient_loss | -0.000142   |
|    std                  | 0.553       |
|    value_loss           | 20.2        |
-----------------------------------------
-----------------------------------------
| rollout/                |             |
|    ep_len_mean          | 129         |
|    ep_rew_mean          | 37.4        |
|    success_rate         | 0           |
| time/                   |             |
|    fps                  | 111         |
|    iterations           | 58          |
|    time_elapsed         | 4275        |
|    total_timesteps      | 475136      |
| train/                  |             |
|    approx_kl            | 0.010810211 |
|    clip_fraction        | 0.192       |
|    clip_range           | 0.2         |
|    entropy_loss         | -1.35       |
|    explained_variance   | 0.495       |
|    learning_rate        | 0.0003      |
|    loss                 | 1.18        |
|    n_updates            | 570         |
|    policy_gradient_loss | -0.00119    |
|    std                  | 0.556       |
|    value_loss           | 13.9        |
-----------------------------------------
-----------------------------------------
| rollout/                |             |
|    ep_len_mean          | 134         |
|    ep_rew_mean          | 40.8        |
|    success_rate         | 0           |
| time/                   |             |
|    fps                  | 111         |
|    iterations           | 59          |
|    time_elapsed         | 4345        |
|    total_timesteps      | 483328      |
| train/                  |             |
|    approx_kl            | 0.021419523 |
|    clip_fraction        | 0.178       |
|    clip_range           | 0.2         |
|    entropy_loss         | -1.35       |
|    explained_variance   | 0.554       |
|    learning_rate        | 0.0003      |
|    loss                 | 15          |
|    n_updates            | 580         |
|    policy_gradient_loss | 0.000577    |
|    std                  | 0.55        |
|    value_loss           | 18.7        |
-----------------------------------------
-----------------------------------------
| rollout/                |             |
|    ep_len_mean          | 140         |
|    ep_rew_mean          | 43.1        |
|    success_rate         | 0           |
| time/                   |             |
|    fps                  | 111         |
|    iterations           | 60          |
|    time_elapsed         | 4416        |
|    total_timesteps      | 491520      |
| train/                  |             |
|    approx_kl            | 0.018235885 |
|    clip_fraction        | 0.198       |
|    clip_range           | 0.2         |
|    entropy_loss         | -1.33       |
|    explained_variance   | 0.585       |
|    learning_rate        | 0.0003      |
|    loss                 | 7.04        |
|    n_updates            | 590         |
|    policy_gradient_loss | 0.00199     |
|    std                  | 0.543       |
|    value_loss           | 12.5        |
-----------------------------------------
-----------------------------------------
| rollout/                |             |
|    ep_len_mean          | 137         |
|    ep_rew_mean          | 42.1        |
|    success_rate         | 0           |
| time/                   |             |
|    fps                  | 111         |
|    iterations           | 61          |
|    time_elapsed         | 4486        |
|    total_timesteps      | 499712      |
| train/                  |             |
|    approx_kl            | 0.013280245 |
|    clip_fraction        | 0.17        |
|    clip_range           | 0.2         |
|    entropy_loss         | -1.31       |
|    explained_variance   | 0.562       |
|    learning_rate        | 0.0003      |
|    loss                 | 4.23        |
|    n_updates            | 600         |
|    policy_gradient_loss | 0.000449    |
|    std                  | 0.539       |
|    value_loss           | 16.4        |
-----------------------------------------
-----------------------------------------
| rollout/                |             |
|    ep_len_mean          | 142         |
|    ep_rew_mean          | 43.9        |
|    success_rate         | 0           |
| time/                   |             |
|    fps                  | 111         |
|    iterations           | 62          |
|    time_elapsed         | 4556        |
|    total_timesteps      | 507904      |
| train/                  |             |
|    approx_kl            | 0.020160124 |
|    clip_fraction        | 0.215       |
|    clip_range           | 0.2         |
|    entropy_loss         | -1.27       |
|    explained_variance   | 0.556       |
|    learning_rate        | 0.0003      |
|    loss                 | 7.3         |
|    n_updates            | 610         |
|    policy_gradient_loss | 0.00055     |
|    std                  | 0.526       |
|    value_loss           | 13.3        |
-----------------------------------------
-----------------------------------------
| rollout/                |             |
|    ep_len_mean          | 142         |
|    ep_rew_mean          | 42.8        |
|    success_rate         | 0           |
| time/                   |             |
|    fps                  | 111         |
|    iterations           | 63          |
|    time_elapsed         | 4626        |
|    total_timesteps      | 516096      |
| train/                  |             |
|    approx_kl            | 0.014946437 |
|    clip_fraction        | 0.192       |
|    clip_range           | 0.2         |
|    entropy_loss         | -1.25       |
|    explained_variance   | 0.568       |
|    learning_rate        | 0.0003      |
|    loss                 | 9.78        |
|    n_updates            | 620         |
|    policy_gradient_loss | -0.000262   |
|    std                  | 0.525       |
|    value_loss           | 14.3        |
-----------------------------------------
------------------------------------------
| rollout/                |              |
|    ep_len_mean          | 144          |
|    ep_rew_mean          | 43.7         |
|    success_rate         | 0            |
| time/                   |              |
|    fps                  | 111          |
|    iterations           | 64           |
|    time_elapsed         | 4695         |
|    total_timesteps      | 524288       |
| train/                  |              |
|    approx_kl            | 0.0133718345 |
|    clip_fraction        | 0.168        |
|    clip_range           | 0.2          |
|    entropy_loss         | -1.25        |
|    explained_variance   | 0.606        |
|    learning_rate        | 0.0003       |
|    loss                 | 3.08         |
|    n_updates            | 630          |
|    policy_gradient_loss | -0.00215     |
|    std                  | 0.527        |
|    value_loss           | 13.5         |
------------------------------------------
-----------------------------------------
| rollout/                |             |
|    ep_len_mean          | 143         |
|    ep_rew_mean          | 43.4        |
|    success_rate         | 0           |
| time/                   |             |
|    fps                  | 111         |
|    iterations           | 65          |
|    time_elapsed         | 4765        |
|    total_timesteps      | 532480      |
| train/                  |             |
|    approx_kl            | 0.014382612 |
|    clip_fraction        | 0.165       |
|    clip_range           | 0.2         |
|    entropy_loss         | -1.27       |
|    explained_variance   | 0.498       |
|    learning_rate        | 0.0003      |
|    loss                 | 5.91        |
|    n_updates            | 640         |
|    policy_gradient_loss | 0.000451    |
|    std                  | 0.53        |
|    value_loss           | 17.8        |
-----------------------------------------
-----------------------------------------
| rollout/                |             |
|    ep_len_mean          | 151         |
|    ep_rew_mean          | 45.9        |
|    success_rate         | 0           |
| time/                   |             |
|    fps                  | 111         |
|    iterations           | 66          |
|    time_elapsed         | 4834        |
|    total_timesteps      | 540672      |
| train/                  |             |
|    approx_kl            | 0.017270379 |
|    clip_fraction        | 0.186       |
|    clip_range           | 0.2         |
|    entropy_loss         | -1.26       |
|    explained_variance   | 0.559       |
|    learning_rate        | 0.0003      |
|    loss                 | 2.07        |
|    n_updates            | 650         |
|    policy_gradient_loss | 0.000222    |
|    std                  | 0.53        |
|    value_loss           | 13.8        |
-----------------------------------------
-----------------------------------------
| rollout/                |             |
|    ep_len_mean          | 145         |
|    ep_rew_mean          | 43.6        |
|    success_rate         | 0           |
| time/                   |             |
|    fps                  | 111         |
|    iterations           | 67          |
|    time_elapsed         | 4904        |
|    total_timesteps      | 548864      |
| train/                  |             |
|    approx_kl            | 0.018230582 |
|    clip_fraction        | 0.202       |
|    clip_range           | 0.2         |
|    entropy_loss         | -1.24       |
|    explained_variance   | 0.489       |
|    learning_rate        | 0.0003      |
|    loss                 | 13.2        |
|    n_updates            | 660         |
|    policy_gradient_loss | -0.000358   |
|    std                  | 0.522       |
|    value_loss           | 12          |
-----------------------------------------
-----------------------------------------
| rollout/                |             |
|    ep_len_mean          | 149         |
|    ep_rew_mean          | 46.4        |
|    success_rate         | 0           |
| time/                   |             |
|    fps                  | 111         |
|    iterations           | 68          |
|    time_elapsed         | 4973        |
|    total_timesteps      | 557056      |
| train/                  |             |
|    approx_kl            | 0.017518198 |
|    clip_fraction        | 0.187       |
|    clip_range           | 0.2         |
|    entropy_loss         | -1.23       |
|    explained_variance   | 0.511       |
|    learning_rate        | 0.0003      |
|    loss                 | 3.77        |
|    n_updates            | 670         |
|    policy_gradient_loss | -0.000198   |
|    std                  | 0.519       |
|    value_loss           | 13          |
-----------------------------------------
-----------------------------------------
| rollout/                |             |
|    ep_len_mean          | 156         |
|    ep_rew_mean          | 48.5        |
|    success_rate         | 0           |
| time/                   |             |
|    fps                  | 112         |
|    iterations           | 69          |
|    time_elapsed         | 5043        |
|    total_timesteps      | 565248      |
| train/                  |             |
|    approx_kl            | 0.012950913 |
|    clip_fraction        | 0.197       |
|    clip_range           | 0.2         |
|    entropy_loss         | -1.21       |
|    explained_variance   | 0.687       |
|    learning_rate        | 0.0003      |
|    loss                 | 1.72        |
|    n_updates            | 680         |
|    policy_gradient_loss | 0.00183     |
|    std                  | 0.514       |
|    value_loss           | 6.78        |
-----------------------------------------
-----------------------------------------
| rollout/                |             |
|    ep_len_mean          | 150         |
|    ep_rew_mean          | 45.3        |
|    success_rate         | 0           |
| time/                   |             |
|    fps                  | 112         |
|    iterations           | 70          |
|    time_elapsed         | 5113        |
|    total_timesteps      | 573440      |
| train/                  |             |
|    approx_kl            | 0.015138451 |
|    clip_fraction        | 0.183       |
|    clip_range           | 0.2         |
|    entropy_loss         | -1.19       |
|    explained_variance   | 0.528       |
|    learning_rate        | 0.0003      |
|    loss                 | 4.02        |
|    n_updates            | 690         |
|    policy_gradient_loss | 0.000363    |
|    std                  | 0.509       |
|    value_loss           | 8.56        |
-----------------------------------------
----------------------------------------
| rollout/                |            |
|    ep_len_mean          | 149        |
|    ep_rew_mean          | 45.9       |
|    success_rate         | 0          |
| time/                   |            |
|    fps                  | 112        |
|    iterations           | 71         |
|    time_elapsed         | 5182       |
|    total_timesteps      | 581632     |
| train/                  |            |
|    approx_kl            | 0.01846103 |
|    clip_fraction        | 0.157      |
|    clip_range           | 0.2        |
|    entropy_loss         | -1.17      |
|    explained_variance   | 0.548      |
|    learning_rate        | 0.0003     |
|    loss                 | 1.48       |
|    n_updates            | 700        |
|    policy_gradient_loss | -0.00105   |
|    std                  | 0.505      |
|    value_loss           | 12.2       |
----------------------------------------
----------------------------------------
| rollout/                |            |
|    ep_len_mean          | 142        |
|    ep_rew_mean          | 44.2       |
|    success_rate         | 0          |
| time/                   |            |
|    fps                  | 112        |
|    iterations           | 72         |
|    time_elapsed         | 5252       |
|    total_timesteps      | 589824     |
| train/                  |            |
|    approx_kl            | 0.01170449 |
|    clip_fraction        | 0.157      |
|    clip_range           | 0.2        |
|    entropy_loss         | -1.16      |
|    explained_variance   | 0.512      |
|    learning_rate        | 0.0003     |
|    loss                 | 17.3       |
|    n_updates            | 710        |
|    policy_gradient_loss | -8.83e-06  |
|    std                  | 0.498      |
|    value_loss           | 11.6       |
----------------------------------------
---------------------------------------
| rollout/                |           |
|    ep_len_mean          | 133       |
|    ep_rew_mean          | 41.7      |
|    success_rate         | 0         |
| time/                   |           |
|    fps                  | 112       |
|    iterations           | 73        |
|    time_elapsed         | 5322      |
|    total_timesteps      | 598016    |
| train/                  |           |
|    approx_kl            | 0.0146062 |
|    clip_fraction        | 0.165     |
|    clip_range           | 0.2       |
|    entropy_loss         | -1.13     |
|    explained_variance   | 0.535     |
|    learning_rate        | 0.0003    |
|    loss                 | 11.6      |
|    n_updates            | 720       |
|    policy_gradient_loss | -0.000695 |
|    std                  | 0.494     |
|    value_loss           | 17.2      |
---------------------------------------
-----------------------------------------
| rollout/                |             |
|    ep_len_mean          | 141         |
|    ep_rew_mean          | 43.6        |
|    success_rate         | 0           |
| time/                   |             |
|    fps                  | 112         |
|    iterations           | 74          |
|    time_elapsed         | 5391        |
|    total_timesteps      | 606208      |
| train/                  |             |
|    approx_kl            | 0.018742796 |
|    clip_fraction        | 0.154       |
|    clip_range           | 0.2         |
|    entropy_loss         | -1.14       |
|    explained_variance   | 0.4         |
|    learning_rate        | 0.0003      |
|    loss                 | 7.27        |
|    n_updates            | 730         |
|    policy_gradient_loss | -0.00289    |
|    std                  | 0.495       |
|    value_loss           | 22.2        |
-----------------------------------------
-----------------------------------------
| rollout/                |             |
|    ep_len_mean          | 155         |
|    ep_rew_mean          | 47          |
|    success_rate         | 0           |
| time/                   |             |
|    fps                  | 112         |
|    iterations           | 75          |
|    time_elapsed         | 5461        |
|    total_timesteps      | 614400      |
| train/                  |             |
|    approx_kl            | 0.019754069 |
|    clip_fraction        | 0.224       |
|    clip_range           | 0.2         |
|    entropy_loss         | -1.14       |
|    explained_variance   | 0.449       |
|    learning_rate        | 0.0003      |
|    loss                 | 6.22        |
|    n_updates            | 740         |
|    policy_gradient_loss | -0.000188   |
|    std                  | 0.493       |
|    value_loss           | 13.1        |
-----------------------------------------
-----------------------------------------
| rollout/                |             |
|    ep_len_mean          | 157         |
|    ep_rew_mean          | 47.6        |
|    success_rate         | 0           |
| time/                   |             |
|    fps                  | 112         |
|    iterations           | 76          |
|    time_elapsed         | 5530        |
|    total_timesteps      | 622592      |
| train/                  |             |
|    approx_kl            | 0.015943095 |
|    clip_fraction        | 0.204       |
|    clip_range           | 0.2         |
|    entropy_loss         | -1.13       |
|    explained_variance   | 0.439       |
|    learning_rate        | 0.0003      |
|    loss                 | 6.84        |
|    n_updates            | 750         |
|    policy_gradient_loss | -3.42e-05   |
|    std                  | 0.486       |
|    value_loss           | 9.44        |
-----------------------------------------
----------------------------------------
| rollout/                |            |
|    ep_len_mean          | 155        |
|    ep_rew_mean          | 46.7       |
|    success_rate         | 0          |
| time/                   |            |
|    fps                  | 112        |
|    iterations           | 77         |
|    time_elapsed         | 5600       |
|    total_timesteps      | 630784     |
| train/                  |            |
|    approx_kl            | 0.02413289 |
|    clip_fraction        | 0.196      |
|    clip_range           | 0.2        |
|    entropy_loss         | -1.12      |
|    explained_variance   | 0.505      |
|    learning_rate        | 0.0003     |
|    loss                 | 5.83       |
|    n_updates            | 760        |
|    policy_gradient_loss | 0.00235    |
|    std                  | 0.487      |
|    value_loss           | 8.5        |
----------------------------------------
-----------------------------------------
| rollout/                |             |
|    ep_len_mean          | 157         |
|    ep_rew_mean          | 47.4        |
|    success_rate         | 0           |
| time/                   |             |
|    fps                  | 112         |
|    iterations           | 78          |
|    time_elapsed         | 5670        |
|    total_timesteps      | 638976      |
| train/                  |             |
|    approx_kl            | 0.014774652 |
|    clip_fraction        | 0.223       |
|    clip_range           | 0.2         |
|    entropy_loss         | -1.1        |
|    explained_variance   | 0.463       |
|    learning_rate        | 0.0003      |
|    loss                 | 0.685       |
|    n_updates            | 770         |
|    policy_gradient_loss | 0.000243    |
|    std                  | 0.482       |
|    value_loss           | 5.95        |
-----------------------------------------
----------------------------------------
| rollout/                |            |
|    ep_len_mean          | 159        |
|    ep_rew_mean          | 48.4       |
|    success_rate         | 0          |
| time/                   |            |
|    fps                  | 112        |
|    iterations           | 79         |
|    time_elapsed         | 5739       |
|    total_timesteps      | 647168     |
| train/                  |            |
|    approx_kl            | 0.01741628 |
|    clip_fraction        | 0.179      |
|    clip_range           | 0.2        |
|    entropy_loss         | -1.1       |
|    explained_variance   | 0.471      |
|    learning_rate        | 0.0003     |
|    loss                 | 7.44       |
|    n_updates            | 780        |
|    policy_gradient_loss | -0.000112  |
|    std                  | 0.485      |
|    value_loss           | 8.5        |
----------------------------------------
-----------------------------------------
| rollout/                |             |
|    ep_len_mean          | 163         |
|    ep_rew_mean          | 49.4        |
|    success_rate         | 0           |
| time/                   |             |
|    fps                  | 112         |
|    iterations           | 80          |
|    time_elapsed         | 5809        |
|    total_timesteps      | 655360      |
| train/                  |             |
|    approx_kl            | 0.016229533 |
|    clip_fraction        | 0.204       |
|    clip_range           | 0.2         |
|    entropy_loss         | -1.1        |
|    explained_variance   | 0.446       |
|    learning_rate        | 0.0003      |
|    loss                 | 9.21        |
|    n_updates            | 790         |
|    policy_gradient_loss | -0.000338   |
|    std                  | 0.485       |
|    value_loss           | 8.05        |
-----------------------------------------
-----------------------------------------
| rollout/                |             |
|    ep_len_mean          | 157         |
|    ep_rew_mean          | 49.7        |
|    success_rate         | 0           |
| time/                   |             |
|    fps                  | 112         |
|    iterations           | 81          |
|    time_elapsed         | 5879        |
|    total_timesteps      | 663552      |
| train/                  |             |
|    approx_kl            | 0.014897427 |
|    clip_fraction        | 0.204       |
|    clip_range           | 0.2         |
|    entropy_loss         | -1.09       |
|    explained_variance   | 0.52        |
|    learning_rate        | 0.0003      |
|    loss                 | 2.82        |
|    n_updates            | 800         |
|    policy_gradient_loss | 0.00168     |
|    std                  | 0.484       |
|    value_loss           | 5.19        |
-----------------------------------------
-----------------------------------------
| rollout/                |             |
|    ep_len_mean          | 158         |
|    ep_rew_mean          | 51.7        |
|    success_rate         | 0           |
| time/                   |             |
|    fps                  | 112         |
|    iterations           | 82          |
|    time_elapsed         | 5949        |
|    total_timesteps      | 671744      |
| train/                  |             |
|    approx_kl            | 0.010344552 |
|    clip_fraction        | 0.143       |
|    clip_range           | 0.2         |
|    entropy_loss         | -1.09       |
|    explained_variance   | 0.51        |
|    learning_rate        | 0.0003      |
|    loss                 | 1.99        |
|    n_updates            | 810         |
|    policy_gradient_loss | -0.00121    |
|    std                  | 0.484       |
|    value_loss           | 11.3        |
-----------------------------------------
-----------------------------------------
| rollout/                |             |
|    ep_len_mean          | 151         |
|    ep_rew_mean          | 47          |
|    success_rate         | 0           |
| time/                   |             |
|    fps                  | 112         |
|    iterations           | 83          |
|    time_elapsed         | 6019        |
|    total_timesteps      | 679936      |
| train/                  |             |
|    approx_kl            | 0.017024588 |
|    clip_fraction        | 0.176       |
|    clip_range           | 0.2         |
|    entropy_loss         | -1.08       |
|    explained_variance   | 0.631       |
|    learning_rate        | 0.0003      |
|    loss                 | 1.28        |
|    n_updates            | 820         |
|    policy_gradient_loss | -0.000483   |
|    std                  | 0.484       |
|    value_loss           | 6.5         |
-----------------------------------------
----------------------------------------
| rollout/                |            |
|    ep_len_mean          | 147        |
|    ep_rew_mean          | 45         |
|    success_rate         | 0          |
| time/                   |            |
|    fps                  | 113        |
|    iterations           | 84         |
|    time_elapsed         | 6088       |
|    total_timesteps      | 688128     |
| train/                  |            |
|    approx_kl            | 0.01686472 |
|    clip_fraction        | 0.125      |
|    clip_range           | 0.2        |
|    entropy_loss         | -1.06      |
|    explained_variance   | 0.535      |
|    learning_rate        | 0.0003     |
|    loss                 | 2.24       |
|    n_updates            | 830        |
|    policy_gradient_loss | -0.00134   |
|    std                  | 0.476      |
|    value_loss           | 15.2       |
----------------------------------------
-----------------------------------------
| rollout/                |             |
|    ep_len_mean          | 151         |
|    ep_rew_mean          | 47.1        |
|    success_rate         | 0           |
| time/                   |             |
|    fps                  | 113         |
|    iterations           | 85          |
|    time_elapsed         | 6158        |
|    total_timesteps      | 696320      |
| train/                  |             |
|    approx_kl            | 0.018861711 |
|    clip_fraction        | 0.186       |
|    clip_range           | 0.2         |
|    entropy_loss         | -1.05       |
|    explained_variance   | 0.583       |
|    learning_rate        | 0.0003      |
|    loss                 | 7.28        |
|    n_updates            | 840         |
|    policy_gradient_loss | 0.000556    |
|    std                  | 0.479       |
|    value_loss           | 10.1        |
-----------------------------------------
-----------------------------------------
| rollout/                |             |
|    ep_len_mean          | 155         |
|    ep_rew_mean          | 48.1        |
|    success_rate         | 0           |
| time/                   |             |
|    fps                  | 113         |
|    iterations           | 86          |
|    time_elapsed         | 6228        |
|    total_timesteps      | 704512      |
| train/                  |             |
|    approx_kl            | 0.010546962 |
|    clip_fraction        | 0.173       |
|    clip_range           | 0.2         |
|    entropy_loss         | -1.04       |
|    explained_variance   | 0.499       |
|    learning_rate        | 0.0003      |
|    loss                 | 7.47        |
|    n_updates            | 850         |
|    policy_gradient_loss | -0.00028    |
|    std                  | 0.478       |
|    value_loss           | 10.1        |
-----------------------------------------
-----------------------------------------
| rollout/                |             |
|    ep_len_mean          | 157         |
|    ep_rew_mean          | 47.7        |
|    success_rate         | 0           |
| time/                   |             |
|    fps                  | 113         |
|    iterations           | 87          |
|    time_elapsed         | 6297        |
|    total_timesteps      | 712704      |
| train/                  |             |
|    approx_kl            | 0.021265402 |
|    clip_fraction        | 0.231       |
|    clip_range           | 0.2         |
|    entropy_loss         | -1.05       |
|    explained_variance   | 0.484       |
|    learning_rate        | 0.0003      |
|    loss                 | 11.2        |
|    n_updates            | 860         |
|    policy_gradient_loss | 0.000799    |
|    std                  | 0.482       |
|    value_loss           | 9.24        |
-----------------------------------------
----------------------------------------
| rollout/                |            |
|    ep_len_mean          | 152        |
|    ep_rew_mean          | 46.1       |
|    success_rate         | 0          |
| time/                   |            |
|    fps                  | 113        |
|    iterations           | 88         |
|    time_elapsed         | 6367       |
|    total_timesteps      | 720896     |
| train/                  |            |
|    approx_kl            | 0.01167199 |
|    clip_fraction        | 0.205      |
|    clip_range           | 0.2        |
|    entropy_loss         | -1.05      |
|    explained_variance   | 0.592      |
|    learning_rate        | 0.0003     |
|    loss                 | 6.84       |
|    n_updates            | 870        |
|    policy_gradient_loss | 0.00406    |
|    std                  | 0.478      |
|    value_loss           | 5.86       |
----------------------------------------
----------------------------------------
| rollout/                |            |
|    ep_len_mean          | 148        |
|    ep_rew_mean          | 45.8       |
|    success_rate         | 0          |
| time/                   |            |
|    fps                  | 113        |
|    iterations           | 89         |
|    time_elapsed         | 6437       |
|    total_timesteps      | 729088     |
| train/                  |            |
|    approx_kl            | 0.01354391 |
|    clip_fraction        | 0.169      |
|    clip_range           | 0.2        |
|    entropy_loss         | -1.04      |
|    explained_variance   | 0.48       |
|    learning_rate        | 0.0003     |
|    loss                 | 1.76       |
|    n_updates            | 880        |
|    policy_gradient_loss | -0.000544  |
|    std                  | 0.479      |
|    value_loss           | 13         |
----------------------------------------
-----------------------------------------
| rollout/                |             |
|    ep_len_mean          | 153         |
|    ep_rew_mean          | 48.1        |
|    success_rate         | 0           |
| time/                   |             |
|    fps                  | 113         |
|    iterations           | 90          |
|    time_elapsed         | 6507        |
|    total_timesteps      | 737280      |
| train/                  |             |
|    approx_kl            | 0.019580342 |
|    clip_fraction        | 0.197       |
|    clip_range           | 0.2         |
|    entropy_loss         | -1.03       |
|    explained_variance   | 0.47        |
|    learning_rate        | 0.0003      |
|    loss                 | 3.76        |
|    n_updates            | 890         |
|    policy_gradient_loss | -0.000899   |
|    std                  | 0.472       |
|    value_loss           | 12          |
-----------------------------------------
----------------------------------------
| rollout/                |            |
|    ep_len_mean          | 152        |
|    ep_rew_mean          | 47.1       |
|    success_rate         | 0          |
| time/                   |            |
|    fps                  | 113        |
|    iterations           | 91         |
|    time_elapsed         | 6577       |
|    total_timesteps      | 745472     |
| train/                  |            |
|    approx_kl            | 0.01293399 |
|    clip_fraction        | 0.194      |
|    clip_range           | 0.2        |
|    entropy_loss         | -1.01      |
|    explained_variance   | 0.524      |
|    learning_rate        | 0.0003     |
|    loss                 | 3.93       |
|    n_updates            | 900        |
|    policy_gradient_loss | 0.00153    |
|    std                  | 0.469      |
|    value_loss           | 11.9       |
----------------------------------------
-----------------------------------------
| rollout/                |             |
|    ep_len_mean          | 159         |
|    ep_rew_mean          | 49.3        |
|    success_rate         | 0           |
| time/                   |             |
|    fps                  | 113         |
|    iterations           | 92          |
|    time_elapsed         | 6647        |
|    total_timesteps      | 753664      |
| train/                  |             |
|    approx_kl            | 0.012253538 |
|    clip_fraction        | 0.183       |
|    clip_range           | 0.2         |
|    entropy_loss         | -0.983      |
|    explained_variance   | 0.516       |
|    learning_rate        | 0.0003      |
|    loss                 | 2.07        |
|    n_updates            | 910         |
|    policy_gradient_loss | -0.000997   |
|    std                  | 0.463       |
|    value_loss           | 12.8        |
-----------------------------------------
-----------------------------------------
| rollout/                |             |
|    ep_len_mean          | 165         |
|    ep_rew_mean          | 51.4        |
|    success_rate         | 0           |
| time/                   |             |
|    fps                  | 113         |
|    iterations           | 93          |
|    time_elapsed         | 6717        |
|    total_timesteps      | 761856      |
| train/                  |             |
|    approx_kl            | 0.018929364 |
|    clip_fraction        | 0.234       |
|    clip_range           | 0.2         |
|    entropy_loss         | -0.964      |
|    explained_variance   | 0.593       |
|    learning_rate        | 0.0003      |
|    loss                 | 3.97        |
|    n_updates            | 920         |
|    policy_gradient_loss | 0.00357     |
|    std                  | 0.457       |
|    value_loss           | 7.63        |
-----------------------------------------
-----------------------------------------
| rollout/                |             |
|    ep_len_mean          | 164         |
|    ep_rew_mean          | 51.6        |
|    success_rate         | 0           |
| time/                   |             |
|    fps                  | 113         |
|    iterations           | 94          |
|    time_elapsed         | 6787        |
|    total_timesteps      | 770048      |
| train/                  |             |
|    approx_kl            | 0.018973151 |
|    clip_fraction        | 0.223       |
|    clip_range           | 0.2         |
|    entropy_loss         | -0.944      |
|    explained_variance   | 0.558       |
|    learning_rate        | 0.0003      |
|    loss                 | 7.89        |
|    n_updates            | 930         |
|    policy_gradient_loss | 9.78e-05    |
|    std                  | 0.45        |
|    value_loss           | 5.68        |
-----------------------------------------
-----------------------------------------
| rollout/                |             |
|    ep_len_mean          | 163         |
|    ep_rew_mean          | 52.4        |
|    success_rate         | 0           |
| time/                   |             |
|    fps                  | 113         |
|    iterations           | 95          |
|    time_elapsed         | 6857        |
|    total_timesteps      | 778240      |
| train/                  |             |
|    approx_kl            | 0.014514296 |
|    clip_fraction        | 0.194       |
|    clip_range           | 0.2         |
|    entropy_loss         | -0.932      |
|    explained_variance   | 0.581       |
|    learning_rate        | 0.0003      |
|    loss                 | 0.884       |
|    n_updates            | 940         |
|    policy_gradient_loss | 0.00198     |
|    std                  | 0.45        |
|    value_loss           | 5.32        |
-----------------------------------------
-----------------------------------------
| rollout/                |             |
|    ep_len_mean          | 161         |
|    ep_rew_mean          | 52.7        |
|    success_rate         | 0           |
| time/                   |             |
|    fps                  | 113         |
|    iterations           | 96          |
|    time_elapsed         | 6926        |
|    total_timesteps      | 786432      |
| train/                  |             |
|    approx_kl            | 0.023189798 |
|    clip_fraction        | 0.186       |
|    clip_range           | 0.2         |
|    entropy_loss         | -0.928      |
|    explained_variance   | 0.663       |
|    learning_rate        | 0.0003      |
|    loss                 | 1.19        |
|    n_updates            | 950         |
|    policy_gradient_loss | 0.000926    |
|    std                  | 0.448       |
|    value_loss           | 6.5         |
-----------------------------------------
----------------------------------------
| rollout/                |            |
|    ep_len_mean          | 149        |
|    ep_rew_mean          | 47.1       |
|    success_rate         | 0          |
| time/                   |            |
|    fps                  | 113        |
|    iterations           | 97         |
|    time_elapsed         | 6996       |
|    total_timesteps      | 794624     |
| train/                  |            |
|    approx_kl            | 0.01358344 |
|    clip_fraction        | 0.172      |
|    clip_range           | 0.2        |
|    entropy_loss         | -0.917     |
|    explained_variance   | 0.606      |
|    learning_rate        | 0.0003     |
|    loss                 | 2.74       |
|    n_updates            | 960        |
|    policy_gradient_loss | 0.00129    |
|    std                  | 0.445      |
|    value_loss           | 9.08       |
----------------------------------------
-----------------------------------------
| rollout/                |             |
|    ep_len_mean          | 150         |
|    ep_rew_mean          | 47          |
|    success_rate         | 0           |
| time/                   |             |
|    fps                  | 113         |
|    iterations           | 98          |
|    time_elapsed         | 7066        |
|    total_timesteps      | 802816      |
| train/                  |             |
|    approx_kl            | 0.010532149 |
|    clip_fraction        | 0.128       |
|    clip_range           | 0.2         |
|    entropy_loss         | -0.924      |
|    explained_variance   | 0.535       |
|    learning_rate        | 0.0003      |
|    loss                 | 12.3        |
|    n_updates            | 970         |
|    policy_gradient_loss | -0.00258    |
|    std                  | 0.447       |
|    value_loss           | 18.4        |
-----------------------------------------
----------------------------------------
| rollout/                |            |
|    ep_len_mean          | 157        |
|    ep_rew_mean          | 50.2       |
|    success_rate         | 0          |
| time/                   |            |
|    fps                  | 113        |
|    iterations           | 99         |
|    time_elapsed         | 7136       |
|    total_timesteps      | 811008     |
| train/                  |            |
|    approx_kl            | 0.01469145 |
|    clip_fraction        | 0.17       |
|    clip_range           | 0.2        |
|    entropy_loss         | -0.921     |
|    explained_variance   | 0.64       |
|    learning_rate        | 0.0003     |
|    loss                 | 6.27       |
|    n_updates            | 980        |
|    policy_gradient_loss | -0.00216   |
|    std                  | 0.444      |
|    value_loss           | 11.5       |
----------------------------------------
-----------------------------------------
| rollout/                |             |
|    ep_len_mean          | 155         |
|    ep_rew_mean          | 49.4        |
|    success_rate         | 0           |
| time/                   |             |
|    fps                  | 113         |
|    iterations           | 100         |
|    time_elapsed         | 7206        |
|    total_timesteps      | 819200      |
| train/                  |             |
|    approx_kl            | 0.015299708 |
|    clip_fraction        | 0.2         |
|    clip_range           | 0.2         |
|    entropy_loss         | -0.921      |
|    explained_variance   | 0.644       |
|    learning_rate        | 0.0003      |
|    loss                 | 1.97        |
|    n_updates            | 990         |
|    policy_gradient_loss | 0.000318    |
|    std                  | 0.446       |
|    value_loss           | 8.37        |
-----------------------------------------
-----------------------------------------
| rollout/                |             |
|    ep_len_mean          | 129         |
|    ep_rew_mean          | 40          |
|    success_rate         | 0           |
| time/                   |             |
|    fps                  | 113         |
|    iterations           | 101         |
|    time_elapsed         | 7276        |
|    total_timesteps      | 827392      |
| train/                  |             |
|    approx_kl            | 0.020094976 |
|    clip_fraction        | 0.201       |
|    clip_range           | 0.2         |
|    entropy_loss         | -0.917      |
|    explained_variance   | 0.506       |
|    learning_rate        | 0.0003      |
|    loss                 | 1.65        |
|    n_updates            | 1000        |
|    policy_gradient_loss | -0.00142    |
|    std                  | 0.442       |
|    value_loss           | 11.4        |
-----------------------------------------
------------------------------------------
| rollout/                |              |
|    ep_len_mean          | 140          |
|    ep_rew_mean          | 44.1         |
|    success_rate         | 0            |
| time/                   |              |
|    fps                  | 113          |
|    iterations           | 102          |
|    time_elapsed         | 7346         |
|    total_timesteps      | 835584       |
| train/                  |              |
|    approx_kl            | 0.0130709335 |
|    clip_fraction        | 0.126        |
|    clip_range           | 0.2          |
|    entropy_loss         | -0.874       |
|    explained_variance   | 0.445        |
|    learning_rate        | 0.0003       |
|    loss                 | 13.3         |
|    n_updates            | 1010         |
|    policy_gradient_loss | -0.00351     |
|    std                  | 0.433        |
|    value_loss           | 24.4         |
------------------------------------------
-----------------------------------------
| rollout/                |             |
|    ep_len_mean          | 152         |
|    ep_rew_mean          | 48.3        |
|    success_rate         | 0           |
| time/                   |             |
|    fps                  | 113         |
|    iterations           | 103         |
|    time_elapsed         | 7416        |
|    total_timesteps      | 843776      |
| train/                  |             |
|    approx_kl            | 0.019655209 |
|    clip_fraction        | 0.222       |
|    clip_range           | 0.2         |
|    entropy_loss         | -0.844      |
|    explained_variance   | 0.566       |
|    learning_rate        | 0.0003      |
|    loss                 | 7.94        |
|    n_updates            | 1020        |
|    policy_gradient_loss | 0.00104     |
|    std                  | 0.429       |
|    value_loss           | 7.65        |
-----------------------------------------
----------------------------------------
| rollout/                |            |
|    ep_len_mean          | 153        |
|    ep_rew_mean          | 50.2       |
|    success_rate         | 0          |
| time/                   |            |
|    fps                  | 113        |
|    iterations           | 104        |
|    time_elapsed         | 7486       |
|    total_timesteps      | 851968     |
| train/                  |            |
|    approx_kl            | 0.02048118 |
|    clip_fraction        | 0.177      |
|    clip_range           | 0.2        |
|    entropy_loss         | -0.816     |
|    explained_variance   | 0.481      |
|    learning_rate        | 0.0003     |
|    loss                 | 15         |
|    n_updates            | 1030       |
|    policy_gradient_loss | -0.00172   |
|    std                  | 0.422      |
|    value_loss           | 17.1       |
----------------------------------------
-----------------------------------------
| rollout/                |             |
|    ep_len_mean          | 146         |
|    ep_rew_mean          | 47.9        |
|    success_rate         | 0           |
| time/                   |             |
|    fps                  | 113         |
|    iterations           | 105         |
|    time_elapsed         | 7556        |
|    total_timesteps      | 860160      |
| train/                  |             |
|    approx_kl            | 0.014793877 |
|    clip_fraction        | 0.208       |
|    clip_range           | 0.2         |
|    entropy_loss         | -0.81       |
|    explained_variance   | 0.431       |
|    learning_rate        | 0.0003      |
|    loss                 | 2.12        |
|    n_updates            | 1040        |
|    policy_gradient_loss | 0.000288    |
|    std                  | 0.423       |
|    value_loss           | 11.3        |
-----------------------------------------
-----------------------------------------
| rollout/                |             |
|    ep_len_mean          | 145         |
|    ep_rew_mean          | 46.3        |
|    success_rate         | 0           |
| time/                   |             |
|    fps                  | 113         |
|    iterations           | 106         |
|    time_elapsed         | 7626        |
|    total_timesteps      | 868352      |
| train/                  |             |
|    approx_kl            | 0.012463406 |
|    clip_fraction        | 0.17        |
|    clip_range           | 0.2         |
|    entropy_loss         | -0.793      |
|    explained_variance   | 0.391       |
|    learning_rate        | 0.0003      |
|    loss                 | 14.9        |
|    n_updates            | 1050        |
|    policy_gradient_loss | -0.00259    |
|    std                  | 0.422       |
|    value_loss           | 24          |
-----------------------------------------
-----------------------------------------
| rollout/                |             |
|    ep_len_mean          | 153         |
|    ep_rew_mean          | 48.6        |
|    success_rate         | 0           |
| time/                   |             |
|    fps                  | 113         |
|    iterations           | 107         |
|    time_elapsed         | 7696        |
|    total_timesteps      | 876544      |
| train/                  |             |
|    approx_kl            | 0.019835556 |
|    clip_fraction        | 0.187       |
|    clip_range           | 0.2         |
|    entropy_loss         | -0.788      |
|    explained_variance   | 0.533       |
|    learning_rate        | 0.0003      |
|    loss                 | 3.65        |
|    n_updates            | 1060        |
|    policy_gradient_loss | -0.00177    |
|    std                  | 0.422       |
|    value_loss           | 14          |
-----------------------------------------
-----------------------------------------
| rollout/                |             |
|    ep_len_mean          | 158         |
|    ep_rew_mean          | 50.4        |
|    success_rate         | 0           |
| time/                   |             |
|    fps                  | 113         |
|    iterations           | 108         |
|    time_elapsed         | 7765        |
|    total_timesteps      | 884736      |
| train/                  |             |
|    approx_kl            | 0.019345004 |
|    clip_fraction        | 0.198       |
|    clip_range           | 0.2         |
|    entropy_loss         | -0.772      |
|    explained_variance   | 0.535       |
|    learning_rate        | 0.0003      |
|    loss                 | 13.1        |
|    n_updates            | 1070        |
|    policy_gradient_loss | 0.000356    |
|    std                  | 0.416       |
|    value_loss           | 16.1        |
-----------------------------------------
-----------------------------------------
| rollout/                |             |
|    ep_len_mean          | 155         |
|    ep_rew_mean          | 50.1        |
|    success_rate         | 0           |
| time/                   |             |
|    fps                  | 113         |
|    iterations           | 109         |
|    time_elapsed         | 7836        |
|    total_timesteps      | 892928      |
| train/                  |             |
|    approx_kl            | 0.015847111 |
|    clip_fraction        | 0.212       |
|    clip_range           | 0.2         |
|    entropy_loss         | -0.764      |
|    explained_variance   | 0.53        |
|    learning_rate        | 0.0003      |
|    loss                 | 1.64        |
|    n_updates            | 1080        |
|    policy_gradient_loss | 0.000764    |
|    std                  | 0.418       |
|    value_loss           | 8.14        |
-----------------------------------------
-----------------------------------------
| rollout/                |             |
|    ep_len_mean          | 149         |
|    ep_rew_mean          | 49.3        |
|    success_rate         | 0           |
| time/                   |             |
|    fps                  | 113         |
|    iterations           | 110         |
|    time_elapsed         | 7906        |
|    total_timesteps      | 901120      |
| train/                  |             |
|    approx_kl            | 0.028134668 |
|    clip_fraction        | 0.201       |
|    clip_range           | 0.2         |
|    entropy_loss         | -0.755      |
|    explained_variance   | 0.506       |
|    learning_rate        | 0.0003      |
|    loss                 | 10.2        |
|    n_updates            | 1090        |
|    policy_gradient_loss | -0.00169    |
|    std                  | 0.414       |
|    value_loss           | 12.8        |
-----------------------------------------
-----------------------------------------
| rollout/                |             |
|    ep_len_mean          | 137         |
|    ep_rew_mean          | 45.2        |
|    success_rate         | 0           |
| time/                   |             |
|    fps                  | 113         |
|    iterations           | 111         |
|    time_elapsed         | 7976        |
|    total_timesteps      | 909312      |
| train/                  |             |
|    approx_kl            | 0.013401914 |
|    clip_fraction        | 0.168       |
|    clip_range           | 0.2         |
|    entropy_loss         | -0.746      |
|    explained_variance   | 0.458       |
|    learning_rate        | 0.0003      |
|    loss                 | 9.98        |
|    n_updates            | 1100        |
|    policy_gradient_loss | -0.00313    |
|    std                  | 0.412       |
|    value_loss           | 19.4        |
-----------------------------------------
-----------------------------------------
| rollout/                |             |
|    ep_len_mean          | 137         |
|    ep_rew_mean          | 45.3        |
|    success_rate         | 0           |
| time/                   |             |
|    fps                  | 114         |
|    iterations           | 112         |
|    time_elapsed         | 8046        |
|    total_timesteps      | 917504      |
| train/                  |             |
|    approx_kl            | 0.014328929 |
|    clip_fraction        | 0.14        |
|    clip_range           | 0.2         |
|    entropy_loss         | -0.741      |
|    explained_variance   | 0.402       |
|    learning_rate        | 0.0003      |
|    loss                 | 21          |
|    n_updates            | 1110        |
|    policy_gradient_loss | -0.0023     |
|    std                  | 0.411       |
|    value_loss           | 26.5        |
-----------------------------------------
-----------------------------------------
| rollout/                |             |
|    ep_len_mean          | 144         |
|    ep_rew_mean          | 47.8        |
|    success_rate         | 0           |
| time/                   |             |
|    fps                  | 114         |
|    iterations           | 113         |
|    time_elapsed         | 8116        |
|    total_timesteps      | 925696      |
| train/                  |             |
|    approx_kl            | 0.022017004 |
|    clip_fraction        | 0.23        |
|    clip_range           | 0.2         |
|    entropy_loss         | -0.744      |
|    explained_variance   | 0.452       |
|    learning_rate        | 0.0003      |
|    loss                 | 3.66        |
|    n_updates            | 1120        |
|    policy_gradient_loss | 0.00114     |
|    std                  | 0.41        |
|    value_loss           | 17.1        |
-----------------------------------------
-----------------------------------------
| rollout/                |             |
|    ep_len_mean          | 149         |
|    ep_rew_mean          | 48.1        |
|    success_rate         | 0           |
| time/                   |             |
|    fps                  | 114         |
|    iterations           | 114         |
|    time_elapsed         | 8186        |
|    total_timesteps      | 933888      |
| train/                  |             |
|    approx_kl            | 0.015415207 |
|    clip_fraction        | 0.209       |
|    clip_range           | 0.2         |
|    entropy_loss         | -0.729      |
|    explained_variance   | 0.445       |
|    learning_rate        | 0.0003      |
|    loss                 | 4.79        |
|    n_updates            | 1130        |
|    policy_gradient_loss | 0.0011      |
|    std                  | 0.407       |
|    value_loss           | 17.8        |
-----------------------------------------
-----------------------------------------
| rollout/                |             |
|    ep_len_mean          | 157         |
|    ep_rew_mean          | 49.9        |
|    success_rate         | 0           |
| time/                   |             |
|    fps                  | 114         |
|    iterations           | 115         |
|    time_elapsed         | 8256        |
|    total_timesteps      | 942080      |
| train/                  |             |
|    approx_kl            | 0.019258078 |
|    clip_fraction        | 0.226       |
|    clip_range           | 0.2         |
|    entropy_loss         | -0.714      |
|    explained_variance   | 0.52        |
|    learning_rate        | 0.0003      |
|    loss                 | 6.4         |
|    n_updates            | 1140        |
|    policy_gradient_loss | 0.0016      |
|    std                  | 0.404       |
|    value_loss           | 11.7        |
-----------------------------------------
-----------------------------------------
| rollout/                |             |
|    ep_len_mean          | 162         |
|    ep_rew_mean          | 50.8        |
|    success_rate         | 0           |
| time/                   |             |
|    fps                  | 114         |
|    iterations           | 116         |
|    time_elapsed         | 8326        |
|    total_timesteps      | 950272      |
| train/                  |             |
|    approx_kl            | 0.015295932 |
|    clip_fraction        | 0.23        |
|    clip_range           | 0.2         |
|    entropy_loss         | -0.696      |
|    explained_variance   | 0.538       |
|    learning_rate        | 0.0003      |
|    loss                 | 3.03        |
|    n_updates            | 1150        |
|    policy_gradient_loss | 0.00154     |
|    std                  | 0.4         |
|    value_loss           | 8.31        |
-----------------------------------------
-----------------------------------------
| rollout/                |             |
|    ep_len_mean          | 164         |
|    ep_rew_mean          | 51.4        |
|    success_rate         | 0           |
| time/                   |             |
|    fps                  | 114         |
|    iterations           | 117         |
|    time_elapsed         | 8396        |
|    total_timesteps      | 958464      |
| train/                  |             |
|    approx_kl            | 0.017380495 |
|    clip_fraction        | 0.205       |
|    clip_range           | 0.2         |
|    entropy_loss         | -0.688      |
|    explained_variance   | 0.572       |
|    learning_rate        | 0.0003      |
|    loss                 | 2.47        |
|    n_updates            | 1160        |
|    policy_gradient_loss | -8.51e-05   |
|    std                  | 0.401       |
|    value_loss           | 7.38        |
-----------------------------------------
-----------------------------------------
| rollout/                |             |
|    ep_len_mean          | 160         |
|    ep_rew_mean          | 50.3        |
|    success_rate         | 0           |
| time/                   |             |
|    fps                  | 114         |
|    iterations           | 118         |
|    time_elapsed         | 8466        |
|    total_timesteps      | 966656      |
| train/                  |             |
|    approx_kl            | 0.019251024 |
|    clip_fraction        | 0.202       |
|    clip_range           | 0.2         |
|    entropy_loss         | -0.678      |
|    explained_variance   | 0.551       |
|    learning_rate        | 0.0003      |
|    loss                 | 0.667       |
|    n_updates            | 1170        |
|    policy_gradient_loss | 0.00113     |
|    std                  | 0.4         |
|    value_loss           | 5.99        |
-----------------------------------------
----------------------------------------
| rollout/                |            |
|    ep_len_mean          | 159        |
|    ep_rew_mean          | 49.8       |
|    success_rate         | 0          |
| time/                   |            |
|    fps                  | 114        |
|    iterations           | 119        |
|    time_elapsed         | 8536       |
|    total_timesteps      | 974848     |
| train/                  |            |
|    approx_kl            | 0.01522851 |
|    clip_fraction        | 0.164      |
|    clip_range           | 0.2        |
|    entropy_loss         | -0.67      |
|    explained_variance   | 0.489      |
|    learning_rate        | 0.0003     |
|    loss                 | 8.19       |
|    n_updates            | 1180       |
|    policy_gradient_loss | 0.00127    |
|    std                  | 0.401      |
|    value_loss           | 11.2       |
----------------------------------------
-----------------------------------------
| rollout/                |             |
|    ep_len_mean          | 164         |
|    ep_rew_mean          | 52.1        |
|    success_rate         | 0           |
| time/                   |             |
|    fps                  | 114         |
|    iterations           | 120         |
|    time_elapsed         | 8606        |
|    total_timesteps      | 983040      |
| train/                  |             |
|    approx_kl            | 0.018036198 |
|    clip_fraction        | 0.227       |
|    clip_range           | 0.2         |
|    entropy_loss         | -0.674      |
|    explained_variance   | 0.631       |
|    learning_rate        | 0.0003      |
|    loss                 | 0.689       |
|    n_updates            | 1190        |
|    policy_gradient_loss | 0.00225     |
|    std                  | 0.399       |
|    value_loss           | 6.32        |
-----------------------------------------
----------------------------------------
| rollout/                |            |
|    ep_len_mean          | 162        |
|    ep_rew_mean          | 51.4       |
|    success_rate         | 0          |
| time/                   |            |
|    fps                  | 114        |
|    iterations           | 121        |
|    time_elapsed         | 8676       |
|    total_timesteps      | 991232     |
| train/                  |            |
|    approx_kl            | 0.01662607 |
|    clip_fraction        | 0.216      |
|    clip_range           | 0.2        |
|    entropy_loss         | -0.663     |
|    explained_variance   | 0.7        |
|    learning_rate        | 0.0003     |
|    loss                 | 0.626      |
|    n_updates            | 1200       |
|    policy_gradient_loss | 0.00123    |
|    std                  | 0.397      |
|    value_loss           | 4.09       |
----------------------------------------
-----------------------------------------
| rollout/                |             |
|    ep_len_mean          | 163         |
|    ep_rew_mean          | 50.4        |
|    success_rate         | 0           |
| time/                   |             |
|    fps                  | 114         |
|    iterations           | 122         |
|    time_elapsed         | 8745        |
|    total_timesteps      | 999424      |
| train/                  |             |
|    approx_kl            | 0.015085783 |
|    clip_fraction        | 0.172       |
|    clip_range           | 0.2         |
|    entropy_loss         | -0.654      |
|    explained_variance   | 0.506       |
|    learning_rate        | 0.0003      |
|    loss                 | 1.45        |
|    n_updates            | 1210        |
|    policy_gradient_loss | -0.00204    |
|    std                  | 0.394       |
|    value_loss           | 9.55        |
-----------------------------------------
-----------------------------------------
| rollout/                |             |
|    ep_len_mean          | 169         |
|    ep_rew_mean          | 52.8        |
|    success_rate         | 0           |
| time/                   |             |
|    fps                  | 114         |
|    iterations           | 123         |
|    time_elapsed         | 8815        |
|    total_timesteps      | 1007616     |
| train/                  |             |
|    approx_kl            | 0.018716883 |
|    clip_fraction        | 0.225       |
|    clip_range           | 0.2         |
|    entropy_loss         | -0.622      |
|    explained_variance   | 0.669       |
|    learning_rate        | 0.0003      |
|    loss                 | 1.39        |
|    n_updates            | 1220        |
|    policy_gradient_loss | -0.00153    |
|    std                  | 0.389       |
|    value_loss           | 4.43        |
-----------------------------------------


###############################################################################
TCHPC Cluster: callan
Job 171157 (base_highway_lanechange_dense_obs20_seed1_v12) for User 'hadjitot' in Account 'callan_hadjitot'
Finished at: Sat Mar 28 17:19:58 GMT 2026

Job efficiency estimates:
=========================

Job ID: 171157
Cluster: callan
User/Group: hadjitot/hadjitot
State: RUNNING
Nodes: 1
Cores per node: 16
CPU Utilized: 08:59:30
CPU Efficiency: 22.82% of 1-15:24:16 core-walltime
Job Wall-clock time: 02:27:46
Memory Utilized: 2.10 GB
Memory Efficiency: 6.58% of 32.00 GB (32.00 GB/node)
WARNING: Efficiency statistics can only be obtained after the job has ended as seff tool is based on the accounting database data.

Job completion status:
======================

JobID           JobName AllocCPUS NTasks NNodes     MaxRSS    MaxRSSNode  MaxDiskRead MaxDiskWrite    Elapsed      State ExitCode 
------------ ---------- --------- ------ ------ ---------- ------------- ------------ ------------ ---------- ---------- -------- 
171157       base_high+        16             1                                                      02:27:46    RUNNING      0:0 
171157.batch      batch        16      1      1   2206248K    callan-n07     1389.97M     1195.69M   02:28:22  COMPLETED      0:0 
171157.exte+     extern        16      1      1                                                      02:27:46    RUNNING      0:0 


Job details:
============

JobId=171157 JobName=base_highway_lanechange_dense_obs20_seed1_v12
   UserId=hadjitot(2357) GroupId=hadjitot(2300) MCS_label=N/A
   Priority=111747 Nice=0 Account=callan_hadjitot QOS=normal
   JobState=COMPLETING Reason=None Dependency=(null)
   Requeue=0 Restarts=0 BatchFlag=1 Reboot=0 ExitCode=0:0
   DerivedExitCode=0:0
   RunTime=02:28:22 TimeLimit=2-00:00:00 TimeMin=N/A
   SubmitTime=2026-03-27T20:37:56 EligibleTime=2026-03-27T20:37:56
   AccrueTime=2026-03-27T20:37:56
   StartTime=2026-03-28T14:51:36 EndTime=2026-03-28T17:19:58 Deadline=N/A
   SuspendTime=None SecsPreSuspend=0 LastSchedEval=2026-03-28T14:51:36 Scheduler=Main
   Partition=compute AllocNode:Sid=callan01:1076092
   ReqNodeList=(null) ExcNodeList=(null)
   NodeList=callan-n07
   BatchHost=callan-n07
   NumNodes=1 NumCPUs=16 NumTasks=1 CPUs/Task=16 ReqB:S:C:T=0:0:*:*
   ReqTRES=cpu=16,mem=32G,node=1,billing=16
   AllocTRES=cpu=16,mem=32G,node=1,billing=16
   Socks/Node=* NtasksPerN:B:S:C=0:0:*:* CoreSpec=*
   JOB_GRES=(null)
     Nodes=callan-n07 CPU_IDs=0-15 Mem=32768 GRES=
   MinCPUsNode=16 MinMemoryNode=32G MinTmpDiskNode=0
   Features=(null) DelayBoot=00:00:00
   OverSubscribe=OK Contiguous=0 Licenses=(null) LicensesAlloc=(null) Network=(null)
   Command=/home/users/hadjitot/fyp/HighwayEnv/slurm/train_baseline.sbatch
   WorkDir=/home/users/hadjitot/fyp/HighwayEnv
   StdErr=/home/users/hadjitot/fyp/HighwayEnv/slurm_out/base_highway_lanechange_dense_obs20_seed1_v12_171157.err
   StdIn=/dev/null
   StdOut=/home/users/hadjitot/fyp/HighwayEnv/slurm_out/base_highway_lanechange_dense_obs20_seed1_v12_171157.out
   TresPerTask=cpu=16
   


Disk quota details:
===================

                         Block Limits                                    |                     File Limits
Name       type             MB      quota      limit   in_doubt    grace |    files   quota    limit in_doubt    grace
root       USR         4975964          0          0       2538     none |   398270       0        0      920     none
root       FILESET     5306313          0          0       4629     none |  9924567       0        0     1631     none


SLURM Bank Statement:
=====================

User           Usage |        Account     Usage | Account Limit Available (CPU hrs)
---------- --------- + -------------- --------- + ------------- ---------
hadjitot      12,999 | CALLAN_HADJITOT    12,999 |       300,000   287,001


Acknowledgements:
=================

Note that usage of TCHPC Resources *must* be acknowledged in all publications.

Please see this page for details relevant to this cluster:

http://www.tchpc.tcd.ie/resources/acknowledgementpolicy

################################################################################
