Loading Anaconda 3 2024.02-1
ppo_baseline_cf_obs20_dense_v6_seed0 obs shape: (20, 5) action space: Box(-1.0, 1.0, (1,), float32)
Using cpu device
Logging to runs/tb/ppo_baseline_cf_obs20_dense_v6_seed0_1
---------------------------------
| rollout/           |          |
|    ep_len_mean     | 19       |
|    ep_rew_mean     | 12       |
| time/              |          |
|    fps             | 12       |
|    iterations      | 1        |
|    time_elapsed    | 1292     |
|    total_timesteps | 16384    |
---------------------------------
------------------------------------------
| rollout/                |              |
|    ep_len_mean          | 33.2         |
|    ep_rew_mean          | 22           |
| time/                   |              |
|    fps                  | 12           |
|    iterations           | 2            |
|    time_elapsed         | 2587         |
|    total_timesteps      | 32768        |
| train/                  |              |
|    approx_kl            | 0.0116091445 |
|    clip_fraction        | 0.142        |
|    clip_range           | 0.2          |
|    entropy_loss         | -1.39        |
|    explained_variance   | -0.0123      |
|    learning_rate        | 0.0003       |
|    loss                 | 5.28         |
|    n_updates            | 10           |
|    policy_gradient_loss | -0.0136      |
|    std                  | 0.97         |
|    value_loss           | 10.6         |
------------------------------------------
-----------------------------------------
| rollout/                |             |
|    ep_len_mean          | 41.7        |
|    ep_rew_mean          | 31.1        |
| time/                   |             |
|    fps                  | 12          |
|    iterations           | 3           |
|    time_elapsed         | 3878        |
|    total_timesteps      | 49152       |
| train/                  |             |
|    approx_kl            | 0.008818945 |
|    clip_fraction        | 0.109       |
|    clip_range           | 0.2         |
|    entropy_loss         | -1.38       |
|    explained_variance   | 0.524       |
|    learning_rate        | 0.0003      |
|    loss                 | 12.2        |
|    n_updates            | 20          |
|    policy_gradient_loss | -0.017      |
|    std                  | 0.964       |
|    value_loss           | 20.1        |
-----------------------------------------
-----------------------------------------
| rollout/                |             |
|    ep_len_mean          | 64.8        |
|    ep_rew_mean          | 48.5        |
| time/                   |             |
|    fps                  | 12          |
|    iterations           | 4           |
|    time_elapsed         | 5177        |
|    total_timesteps      | 65536       |
| train/                  |             |
|    approx_kl            | 0.009888683 |
|    clip_fraction        | 0.115       |
|    clip_range           | 0.2         |
|    entropy_loss         | -1.35       |
|    explained_variance   | 0.496       |
|    learning_rate        | 0.0003      |
|    loss                 | 23.7        |
|    n_updates            | 30          |
|    policy_gradient_loss | -0.0186     |
|    std                  | 0.926       |
|    value_loss           | 28.8        |
-----------------------------------------
-----------------------------------------
| rollout/                |             |
|    ep_len_mean          | 78.6        |
|    ep_rew_mean          | 59.3        |
| time/                   |             |
|    fps                  | 12          |
|    iterations           | 5           |
|    time_elapsed         | 6472        |
|    total_timesteps      | 81920       |
| train/                  |             |
|    approx_kl            | 0.010998812 |
|    clip_fraction        | 0.11        |
|    clip_range           | 0.2         |
|    entropy_loss         | -1.3        |
|    explained_variance   | 0.482       |
|    learning_rate        | 0.0003      |
|    loss                 | 9.06        |
|    n_updates            | 40          |
|    policy_gradient_loss | -0.0149     |
|    std                  | 0.886       |
|    value_loss           | 24.5        |
-----------------------------------------
------------------------------------------
| rollout/                |              |
|    ep_len_mean          | 95.8         |
|    ep_rew_mean          | 71.3         |
| time/                   |              |
|    fps                  | 12           |
|    iterations           | 6            |
|    time_elapsed         | 7762         |
|    total_timesteps      | 98304        |
| train/                  |              |
|    approx_kl            | 0.0068462007 |
|    clip_fraction        | 0.0707       |
|    clip_range           | 0.2          |
|    entropy_loss         | -1.26        |
|    explained_variance   | 0.329        |
|    learning_rate        | 0.0003       |
|    loss                 | 4.06         |
|    n_updates            | 50           |
|    policy_gradient_loss | -0.00873     |
|    std                  | 0.853        |
|    value_loss           | 19           |
------------------------------------------
-----------------------------------------
| rollout/                |             |
|    ep_len_mean          | 96.1        |
|    ep_rew_mean          | 72.6        |
| time/                   |             |
|    fps                  | 12          |
|    iterations           | 7           |
|    time_elapsed         | 9056        |
|    total_timesteps      | 114688      |
| train/                  |             |
|    approx_kl            | 0.007665036 |
|    clip_fraction        | 0.068       |
|    clip_range           | 0.2         |
|    entropy_loss         | -1.22       |
|    explained_variance   | 0.3         |
|    learning_rate        | 0.0003      |
|    loss                 | 4           |
|    n_updates            | 60          |
|    policy_gradient_loss | -0.0055     |
|    std                  | 0.818       |
|    value_loss           | 14.5        |
-----------------------------------------
------------------------------------------
| rollout/                |              |
|    ep_len_mean          | 104          |
|    ep_rew_mean          | 78.3         |
| time/                   |              |
|    fps                  | 12           |
|    iterations           | 8            |
|    time_elapsed         | 10351        |
|    total_timesteps      | 131072       |
| train/                  |              |
|    approx_kl            | 0.0059463466 |
|    clip_fraction        | 0.0516       |
|    clip_range           | 0.2          |
|    entropy_loss         | -1.21        |
|    explained_variance   | 0.277        |
|    learning_rate        | 0.0003       |
|    loss                 | 0.85         |
|    n_updates            | 70           |
|    policy_gradient_loss | -0.00394     |
|    std                  | 0.814        |
|    value_loss           | 13.5         |
------------------------------------------
------------------------------------------
| rollout/                |              |
|    ep_len_mean          | 107          |
|    ep_rew_mean          | 81.5         |
| time/                   |              |
|    fps                  | 12           |
|    iterations           | 9            |
|    time_elapsed         | 11650        |
|    total_timesteps      | 147456       |
| train/                  |              |
|    approx_kl            | 0.0055828276 |
|    clip_fraction        | 0.057        |
|    clip_range           | 0.2          |
|    entropy_loss         | -1.2         |
|    explained_variance   | 0.23         |
|    learning_rate        | 0.0003       |
|    loss                 | 1.8          |
|    n_updates            | 80           |
|    policy_gradient_loss | -0.00433     |
|    std                  | 0.801        |
|    value_loss           | 13.8         |
------------------------------------------
-----------------------------------------
| rollout/                |             |
|    ep_len_mean          | 110         |
|    ep_rew_mean          | 84.2        |
| time/                   |             |
|    fps                  | 12          |
|    iterations           | 10          |
|    time_elapsed         | 12944       |
|    total_timesteps      | 163840      |
| train/                  |             |
|    approx_kl            | 0.006108393 |
|    clip_fraction        | 0.0587      |
|    clip_range           | 0.2         |
|    entropy_loss         | -1.18       |
|    explained_variance   | 0.195       |
|    learning_rate        | 0.0003      |
|    loss                 | 4.78        |
|    n_updates            | 90          |
|    policy_gradient_loss | -0.00272    |
|    std                  | 0.787       |
|    value_loss           | 15.4        |
-----------------------------------------
-----------------------------------------
| rollout/                |             |
|    ep_len_mean          | 106         |
|    ep_rew_mean          | 80.8        |
| time/                   |             |
|    fps                  | 12          |
|    iterations           | 11          |
|    time_elapsed         | 14236       |
|    total_timesteps      | 180224      |
| train/                  |             |
|    approx_kl            | 0.006009436 |
|    clip_fraction        | 0.0615      |
|    clip_range           | 0.2         |
|    entropy_loss         | -1.17       |
|    explained_variance   | 0.268       |
|    learning_rate        | 0.0003      |
|    loss                 | 7.7         |
|    n_updates            | 100         |
|    policy_gradient_loss | -0.00355    |
|    std                  | 0.778       |
|    value_loss           | 18.5        |
-----------------------------------------
-----------------------------------------
| rollout/                |             |
|    ep_len_mean          | 106         |
|    ep_rew_mean          | 81.7        |
| time/                   |             |
|    fps                  | 12          |
|    iterations           | 12          |
|    time_elapsed         | 15531       |
|    total_timesteps      | 196608      |
| train/                  |             |
|    approx_kl            | 0.006420389 |
|    clip_fraction        | 0.0602      |
|    clip_range           | 0.2         |
|    entropy_loss         | -1.16       |
|    explained_variance   | 0.191       |
|    learning_rate        | 0.0003      |
|    loss                 | 4.91        |
|    n_updates            | 110         |
|    policy_gradient_loss | -0.00323    |
|    std                  | 0.773       |
|    value_loss           | 24.1        |
-----------------------------------------
-----------------------------------------
| rollout/                |             |
|    ep_len_mean          | 106         |
|    ep_rew_mean          | 81.5        |
| time/                   |             |
|    fps                  | 12          |
|    iterations           | 13          |
|    time_elapsed         | 16823       |
|    total_timesteps      | 212992      |
| train/                  |             |
|    approx_kl            | 0.006575043 |
|    clip_fraction        | 0.079       |
|    clip_range           | 0.2         |
|    entropy_loss         | -1.14       |
|    explained_variance   | 0.217       |
|    learning_rate        | 0.0003      |
|    loss                 | 1.75        |
|    n_updates            | 120         |
|    policy_gradient_loss | -0.00446    |
|    std                  | 0.75        |
|    value_loss           | 18          |
-----------------------------------------
------------------------------------------
| rollout/                |              |
|    ep_len_mean          | 109          |
|    ep_rew_mean          | 84.6         |
| time/                   |              |
|    fps                  | 12           |
|    iterations           | 14           |
|    time_elapsed         | 18119        |
|    total_timesteps      | 229376       |
| train/                  |              |
|    approx_kl            | 0.0066127023 |
|    clip_fraction        | 0.0724       |
|    clip_range           | 0.2          |
|    entropy_loss         | -1.11        |
|    explained_variance   | 0.251        |
|    learning_rate        | 0.0003       |
|    loss                 | 0.4          |
|    n_updates            | 130          |
|    policy_gradient_loss | -0.00388     |
|    std                  | 0.732        |
|    value_loss           | 19.2         |
------------------------------------------
------------------------------------------
| rollout/                |              |
|    ep_len_mean          | 118          |
|    ep_rew_mean          | 91.6         |
| time/                   |              |
|    fps                  | 12           |
|    iterations           | 15           |
|    time_elapsed         | 19382        |
|    total_timesteps      | 245760       |
| train/                  |              |
|    approx_kl            | 0.0045385435 |
|    clip_fraction        | 0.0503       |
|    clip_range           | 0.2          |
|    entropy_loss         | -1.09        |
|    explained_variance   | 0.222        |
|    learning_rate        | 0.0003       |
|    loss                 | 33.9         |
|    n_updates            | 140          |
|    policy_gradient_loss | -0.0028      |
|    std                  | 0.72         |
|    value_loss           | 23.5         |
------------------------------------------
-----------------------------------------
| rollout/                |             |
|    ep_len_mean          | 111         |
|    ep_rew_mean          | 86.6        |
| time/                   |             |
|    fps                  | 12          |
|    iterations           | 16          |
|    time_elapsed         | 20618       |
|    total_timesteps      | 262144      |
| train/                  |             |
|    approx_kl            | 0.005451293 |
|    clip_fraction        | 0.0688      |
|    clip_range           | 0.2         |
|    entropy_loss         | -1.09       |
|    explained_variance   | 0.382       |
|    learning_rate        | 0.0003      |
|    loss                 | 0.263       |
|    n_updates            | 150         |
|    policy_gradient_loss | -0.00204    |
|    std                  | 0.716       |
|    value_loss           | 9.88        |
-----------------------------------------
-----------------------------------------
| rollout/                |             |
|    ep_len_mean          | 116         |
|    ep_rew_mean          | 91.5        |
| time/                   |             |
|    fps                  | 12          |
|    iterations           | 17          |
|    time_elapsed         | 21848       |
|    total_timesteps      | 278528      |
| train/                  |             |
|    approx_kl            | 0.006623841 |
|    clip_fraction        | 0.0753      |
|    clip_range           | 0.2         |
|    entropy_loss         | -1.07       |
|    explained_variance   | 0.261       |
|    learning_rate        | 0.0003      |
|    loss                 | 0.052       |
|    n_updates            | 160         |
|    policy_gradient_loss | -0.0035     |
|    std                  | 0.702       |
|    value_loss           | 13.5        |
-----------------------------------------
------------------------------------------
| rollout/                |              |
|    ep_len_mean          | 110          |
|    ep_rew_mean          | 86.9         |
| time/                   |              |
|    fps                  | 12           |
|    iterations           | 18           |
|    time_elapsed         | 23073        |
|    total_timesteps      | 294912       |
| train/                  |              |
|    approx_kl            | 0.0071596853 |
|    clip_fraction        | 0.0655       |
|    clip_range           | 0.2          |
|    entropy_loss         | -1.04        |
|    explained_variance   | 0.299        |
|    learning_rate        | 0.0003       |
|    loss                 | 4.44         |
|    n_updates            | 170          |
|    policy_gradient_loss | -0.00179     |
|    std                  | 0.685        |
|    value_loss           | 13.6         |
------------------------------------------
------------------------------------------
| rollout/                |              |
|    ep_len_mean          | 108          |
|    ep_rew_mean          | 86.2         |
| time/                   |              |
|    fps                  | 12           |
|    iterations           | 19           |
|    time_elapsed         | 24285        |
|    total_timesteps      | 311296       |
| train/                  |              |
|    approx_kl            | 0.0057460414 |
|    clip_fraction        | 0.0638       |
|    clip_range           | 0.2          |
|    entropy_loss         | -1.03        |
|    explained_variance   | 0.149        |
|    learning_rate        | 0.0003       |
|    loss                 | 2.45         |
|    n_updates            | 180          |
|    policy_gradient_loss | -0.00307     |
|    std                  | 0.674        |
|    value_loss           | 32           |
------------------------------------------
------------------------------------------
| rollout/                |              |
|    ep_len_mean          | 113          |
|    ep_rew_mean          | 90.4         |
| time/                   |              |
|    fps                  | 12           |
|    iterations           | 20           |
|    time_elapsed         | 25494        |
|    total_timesteps      | 327680       |
| train/                  |              |
|    approx_kl            | 0.0056853737 |
|    clip_fraction        | 0.0707       |
|    clip_range           | 0.2          |
|    entropy_loss         | -1.01        |
|    explained_variance   | 0.174        |
|    learning_rate        | 0.0003       |
|    loss                 | 19.4         |
|    n_updates            | 190          |
|    policy_gradient_loss | -0.000781    |
|    std                  | 0.669        |
|    value_loss           | 36.9         |
------------------------------------------
------------------------------------------
| rollout/                |              |
|    ep_len_mean          | 112          |
|    ep_rew_mean          | 90.1         |
| time/                   |              |
|    fps                  | 12           |
|    iterations           | 21           |
|    time_elapsed         | 26699        |
|    total_timesteps      | 344064       |
| train/                  |              |
|    approx_kl            | 0.0061361017 |
|    clip_fraction        | 0.0691       |
|    clip_range           | 0.2          |
|    entropy_loss         | -1.01        |
|    explained_variance   | 0.359        |
|    learning_rate        | 0.0003       |
|    loss                 | 0.179        |
|    n_updates            | 200          |
|    policy_gradient_loss | -0.00117     |
|    std                  | 0.656        |
|    value_loss           | 11.3         |
------------------------------------------
----------------------------------------
| rollout/                |            |
|    ep_len_mean          | 113        |
|    ep_rew_mean          | 91.1       |
| time/                   |            |
|    fps                  | 12         |
|    iterations           | 22         |
|    time_elapsed         | 27901      |
|    total_timesteps      | 360448     |
| train/                  |            |
|    approx_kl            | 0.00916674 |
|    clip_fraction        | 0.0892     |
|    clip_range           | 0.2        |
|    entropy_loss         | -0.99      |
|    explained_variance   | 0.178      |
|    learning_rate        | 0.0003     |
|    loss                 | 0.0934     |
|    n_updates            | 210        |
|    policy_gradient_loss | -0.00288   |
|    std                  | 0.646      |
|    value_loss           | 15         |
----------------------------------------
------------------------------------------
| rollout/                |              |
|    ep_len_mean          | 113          |
|    ep_rew_mean          | 91           |
| time/                   |              |
|    fps                  | 12           |
|    iterations           | 23           |
|    time_elapsed         | 29104        |
|    total_timesteps      | 376832       |
| train/                  |              |
|    approx_kl            | 0.0062074447 |
|    clip_fraction        | 0.0706       |
|    clip_range           | 0.2          |
|    entropy_loss         | -0.97        |
|    explained_variance   | 0.264        |
|    learning_rate        | 0.0003       |
|    loss                 | 0.192        |
|    n_updates            | 220          |
|    policy_gradient_loss | -0.00226     |
|    std                  | 0.635        |
|    value_loss           | 12.7         |
------------------------------------------
-----------------------------------------
| rollout/                |             |
|    ep_len_mean          | 112         |
|    ep_rew_mean          | 90.9        |
| time/                   |             |
|    fps                  | 12          |
|    iterations           | 24          |
|    time_elapsed         | 30311       |
|    total_timesteps      | 393216      |
| train/                  |             |
|    approx_kl            | 0.006327515 |
|    clip_fraction        | 0.0816      |
|    clip_range           | 0.2         |
|    entropy_loss         | -0.948      |
|    explained_variance   | 0.316       |
|    learning_rate        | 0.0003      |
|    loss                 | 0.198       |
|    n_updates            | 230         |
|    policy_gradient_loss | -0.00294    |
|    std                  | 0.621       |
|    value_loss           | 10.9        |
-----------------------------------------
-----------------------------------------
| rollout/                |             |
|    ep_len_mean          | 111         |
|    ep_rew_mean          | 90.8        |
| time/                   |             |
|    fps                  | 12          |
|    iterations           | 25          |
|    time_elapsed         | 31511       |
|    total_timesteps      | 409600      |
| train/                  |             |
|    approx_kl            | 0.005923941 |
|    clip_fraction        | 0.0665      |
|    clip_range           | 0.2         |
|    entropy_loss         | -0.934      |
|    explained_variance   | 0.247       |
|    learning_rate        | 0.0003      |
|    loss                 | 0.087       |
|    n_updates            | 240         |
|    policy_gradient_loss | -0.00156    |
|    std                  | 0.615       |
|    value_loss           | 22          |
-----------------------------------------
-----------------------------------------
| rollout/                |             |
|    ep_len_mean          | 114         |
|    ep_rew_mean          | 92.8        |
| time/                   |             |
|    fps                  | 13          |
|    iterations           | 26          |
|    time_elapsed         | 32713       |
|    total_timesteps      | 425984      |
| train/                  |             |
|    approx_kl            | 0.006828811 |
|    clip_fraction        | 0.068       |
|    clip_range           | 0.2         |
|    entropy_loss         | -0.926      |
|    explained_variance   | 0.185       |
|    learning_rate        | 0.0003      |
|    loss                 | 0.398       |
|    n_updates            | 250         |
|    policy_gradient_loss | -0.000844   |
|    std                  | 0.609       |
|    value_loss           | 27.7        |
-----------------------------------------
-----------------------------------------
| rollout/                |             |
|    ep_len_mean          | 113         |
|    ep_rew_mean          | 91.8        |
| time/                   |             |
|    fps                  | 13          |
|    iterations           | 27          |
|    time_elapsed         | 33916       |
|    total_timesteps      | 442368      |
| train/                  |             |
|    approx_kl            | 0.008705975 |
|    clip_fraction        | 0.0898      |
|    clip_range           | 0.2         |
|    entropy_loss         | -0.914      |
|    explained_variance   | 0.17        |
|    learning_rate        | 0.0003      |
|    loss                 | 6.26        |
|    n_updates            | 260         |
|    policy_gradient_loss | -0.00124    |
|    std                  | 0.601       |
|    value_loss           | 25.6        |
-----------------------------------------
-----------------------------------------
| rollout/                |             |
|    ep_len_mean          | 109         |
|    ep_rew_mean          | 88.7        |
| time/                   |             |
|    fps                  | 13          |
|    iterations           | 28          |
|    time_elapsed         | 35119       |
|    total_timesteps      | 458752      |
| train/                  |             |
|    approx_kl            | 0.006936429 |
|    clip_fraction        | 0.0673      |
|    clip_range           | 0.2         |
|    entropy_loss         | -0.903      |
|    explained_variance   | 0.156       |
|    learning_rate        | 0.0003      |
|    loss                 | 0.312       |
|    n_updates            | 270         |
|    policy_gradient_loss | -0.00165    |
|    std                  | 0.595       |
|    value_loss           | 38.1        |
-----------------------------------------
-----------------------------------------
| rollout/                |             |
|    ep_len_mean          | 108         |
|    ep_rew_mean          | 88.4        |
| time/                   |             |
|    fps                  | 13          |
|    iterations           | 29          |
|    time_elapsed         | 36322       |
|    total_timesteps      | 475136      |
| train/                  |             |
|    approx_kl            | 0.007901714 |
|    clip_fraction        | 0.0829      |
|    clip_range           | 0.2         |
|    entropy_loss         | -0.886      |
|    explained_variance   | 0.16        |
|    learning_rate        | 0.0003      |
|    loss                 | 0.291       |
|    n_updates            | 280         |
|    policy_gradient_loss | -0.00128    |
|    std                  | 0.582       |
|    value_loss           | 31.2        |
-----------------------------------------
------------------------------------------
| rollout/                |              |
|    ep_len_mean          | 113          |
|    ep_rew_mean          | 92.4         |
| time/                   |              |
|    fps                  | 13           |
|    iterations           | 30           |
|    time_elapsed         | 37526        |
|    total_timesteps      | 491520       |
| train/                  |              |
|    approx_kl            | 0.0070441496 |
|    clip_fraction        | 0.0697       |
|    clip_range           | 0.2          |
|    entropy_loss         | -0.874       |
|    explained_variance   | 0.152        |
|    learning_rate        | 0.0003       |
|    loss                 | 23.4         |
|    n_updates            | 290          |
|    policy_gradient_loss | -0.00258     |
|    std                  | 0.575        |
|    value_loss           | 56.8         |
------------------------------------------
-----------------------------------------
| rollout/                |             |
|    ep_len_mean          | 115         |
|    ep_rew_mean          | 94.2        |
| time/                   |             |
|    fps                  | 13          |
|    iterations           | 31          |
|    time_elapsed         | 38728       |
|    total_timesteps      | 507904      |
| train/                  |             |
|    approx_kl            | 0.007744215 |
|    clip_fraction        | 0.0841      |
|    clip_range           | 0.2         |
|    entropy_loss         | -0.847      |
|    explained_variance   | 0.279       |
|    learning_rate        | 0.0003      |
|    loss                 | 4.75        |
|    n_updates            | 300         |
|    policy_gradient_loss | -0.00199    |
|    std                  | 0.558       |
|    value_loss           | 41.4        |
-----------------------------------------
-----------------------------------------
| rollout/                |             |
|    ep_len_mean          | 116         |
|    ep_rew_mean          | 94          |
| time/                   |             |
|    fps                  | 13          |
|    iterations           | 32          |
|    time_elapsed         | 39932       |
|    total_timesteps      | 524288      |
| train/                  |             |
|    approx_kl            | 0.007530893 |
|    clip_fraction        | 0.0921      |
|    clip_range           | 0.2         |
|    entropy_loss         | -0.828      |
|    explained_variance   | 0.23        |
|    learning_rate        | 0.0003      |
|    loss                 | 0.803       |
|    n_updates            | 310         |
|    policy_gradient_loss | -0.000904   |
|    std                  | 0.557       |
|    value_loss           | 43.9        |
-----------------------------------------
-----------------------------------------
| rollout/                |             |
|    ep_len_mean          | 112         |
|    ep_rew_mean          | 90.5        |
| time/                   |             |
|    fps                  | 13          |
|    iterations           | 33          |
|    time_elapsed         | 41133       |
|    total_timesteps      | 540672      |
| train/                  |             |
|    approx_kl            | 0.008919194 |
|    clip_fraction        | 0.0836      |
|    clip_range           | 0.2         |
|    entropy_loss         | -0.83       |
|    explained_variance   | 0.382       |
|    learning_rate        | 0.0003      |
|    loss                 | 50.1        |
|    n_updates            | 320         |
|    policy_gradient_loss | -0.000424   |
|    std                  | 0.553       |
|    value_loss           | 31.4        |
-----------------------------------------
-----------------------------------------
| rollout/                |             |
|    ep_len_mean          | 113         |
|    ep_rew_mean          | 91.7        |
| time/                   |             |
|    fps                  | 13          |
|    iterations           | 34          |
|    time_elapsed         | 42330       |
|    total_timesteps      | 557056      |
| train/                  |             |
|    approx_kl            | 0.009038923 |
|    clip_fraction        | 0.0771      |
|    clip_range           | 0.2         |
|    entropy_loss         | -0.826      |
|    explained_variance   | 0.257       |
|    learning_rate        | 0.0003      |
|    loss                 | 1.46        |
|    n_updates            | 330         |
|    policy_gradient_loss | -0.00144    |
|    std                  | 0.554       |
|    value_loss           | 43.5        |
-----------------------------------------
-----------------------------------------
| rollout/                |             |
|    ep_len_mean          | 116         |
|    ep_rew_mean          | 94.5        |
| time/                   |             |
|    fps                  | 13          |
|    iterations           | 35          |
|    time_elapsed         | 43523       |
|    total_timesteps      | 573440      |
| train/                  |             |
|    approx_kl            | 0.010502727 |
|    clip_fraction        | 0.0901      |
|    clip_range           | 0.2         |
|    entropy_loss         | -0.805      |
|    explained_variance   | 0.322       |
|    learning_rate        | 0.0003      |
|    loss                 | 8.29        |
|    n_updates            | 340         |
|    policy_gradient_loss | -0.00019    |
|    std                  | 0.534       |
|    value_loss           | 27.7        |
-----------------------------------------
-----------------------------------------
| rollout/                |             |
|    ep_len_mean          | 115         |
|    ep_rew_mean          | 94.1        |
| time/                   |             |
|    fps                  | 13          |
|    iterations           | 36          |
|    time_elapsed         | 44721       |
|    total_timesteps      | 589824      |
| train/                  |             |
|    approx_kl            | 0.006506275 |
|    clip_fraction        | 0.0791      |
|    clip_range           | 0.2         |
|    entropy_loss         | -0.786      |
|    explained_variance   | 0.496       |
|    learning_rate        | 0.0003      |
|    loss                 | 0.319       |
|    n_updates            | 350         |
|    policy_gradient_loss | -0.000458   |
|    std                  | 0.53        |
|    value_loss           | 11.6        |
-----------------------------------------
-----------------------------------------
| rollout/                |             |
|    ep_len_mean          | 114         |
|    ep_rew_mean          | 93.3        |
| time/                   |             |
|    fps                  | 13          |
|    iterations           | 37          |
|    time_elapsed         | 45922       |
|    total_timesteps      | 606208      |
| train/                  |             |
|    approx_kl            | 0.007096843 |
|    clip_fraction        | 0.0709      |
|    clip_range           | 0.2         |
|    entropy_loss         | -0.778      |
|    explained_variance   | 0.438       |
|    learning_rate        | 0.0003      |
|    loss                 | 0.158       |
|    n_updates            | 360         |
|    policy_gradient_loss | -0.000629   |
|    std                  | 0.527       |
|    value_loss           | 17.2        |
-----------------------------------------
-----------------------------------------
| rollout/                |             |
|    ep_len_mean          | 114         |
|    ep_rew_mean          | 93.1        |
| time/                   |             |
|    fps                  | 13          |
|    iterations           | 38          |
|    time_elapsed         | 47118       |
|    total_timesteps      | 622592      |
| train/                  |             |
|    approx_kl            | 0.009144761 |
|    clip_fraction        | 0.069       |
|    clip_range           | 0.2         |
|    entropy_loss         | -0.771      |
|    explained_variance   | 0.363       |
|    learning_rate        | 0.0003      |
|    loss                 | 8.43        |
|    n_updates            | 370         |
|    policy_gradient_loss | -0.00087    |
|    std                  | 0.517       |
|    value_loss           | 25.5        |
-----------------------------------------
------------------------------------------
| rollout/                |              |
|    ep_len_mean          | 111          |
|    ep_rew_mean          | 90.1         |
| time/                   |              |
|    fps                  | 13           |
|    iterations           | 39           |
|    time_elapsed         | 48310        |
|    total_timesteps      | 638976       |
| train/                  |              |
|    approx_kl            | 0.0071139806 |
|    clip_fraction        | 0.0802       |
|    clip_range           | 0.2          |
|    entropy_loss         | -0.754       |
|    explained_variance   | 0.332        |
|    learning_rate        | 0.0003       |
|    loss                 | 0.631        |
|    n_updates            | 380          |
|    policy_gradient_loss | -0.000703    |
|    std                  | 0.512        |
|    value_loss           | 26.9         |
------------------------------------------
-----------------------------------------
| rollout/                |             |
|    ep_len_mean          | 113         |
|    ep_rew_mean          | 92.7        |
| time/                   |             |
|    fps                  | 13          |
|    iterations           | 40          |
|    time_elapsed         | 49506       |
|    total_timesteps      | 655360      |
| train/                  |             |
|    approx_kl            | 0.008183232 |
|    clip_fraction        | 0.0935      |
|    clip_range           | 0.2         |
|    entropy_loss         | -0.726      |
|    explained_variance   | 0.305       |
|    learning_rate        | 0.0003      |
|    loss                 | 1.18        |
|    n_updates            | 390         |
|    policy_gradient_loss | -0.0018     |
|    std                  | 0.495       |
|    value_loss           | 38.3        |
-----------------------------------------
-----------------------------------------
| rollout/                |             |
|    ep_len_mean          | 113         |
|    ep_rew_mean          | 92.4        |
| time/                   |             |
|    fps                  | 13          |
|    iterations           | 41          |
|    time_elapsed         | 50711       |
|    total_timesteps      | 671744      |
| train/                  |             |
|    approx_kl            | 0.009703746 |
|    clip_fraction        | 0.105       |
|    clip_range           | 0.2         |
|    entropy_loss         | -0.715      |
|    explained_variance   | 0.535       |
|    learning_rate        | 0.0003      |
|    loss                 | 17.8        |
|    n_updates            | 400         |
|    policy_gradient_loss | 0.000934    |
|    std                  | 0.492       |
|    value_loss           | 17.9        |
-----------------------------------------
-----------------------------------------
| rollout/                |             |
|    ep_len_mean          | 117         |
|    ep_rew_mean          | 95.2        |
| time/                   |             |
|    fps                  | 13          |
|    iterations           | 42          |
|    time_elapsed         | 51903       |
|    total_timesteps      | 688128      |
| train/                  |             |
|    approx_kl            | 0.007147402 |
|    clip_fraction        | 0.0832      |
|    clip_range           | 0.2         |
|    entropy_loss         | -0.691      |
|    explained_variance   | 0.412       |
|    learning_rate        | 0.0003      |
|    loss                 | 0.0719      |
|    n_updates            | 410         |
|    policy_gradient_loss | 0.000107    |
|    std                  | 0.479       |
|    value_loss           | 16.2        |
-----------------------------------------
-----------------------------------------
| rollout/                |             |
|    ep_len_mean          | 107         |
|    ep_rew_mean          | 87.9        |
| time/                   |             |
|    fps                  | 13          |
|    iterations           | 43          |
|    time_elapsed         | 53098       |
|    total_timesteps      | 704512      |
| train/                  |             |
|    approx_kl            | 0.008099413 |
|    clip_fraction        | 0.0862      |
|    clip_range           | 0.2         |
|    entropy_loss         | -0.68       |
|    explained_variance   | 0.369       |
|    learning_rate        | 0.0003      |
|    loss                 | 0.413       |
|    n_updates            | 420         |
|    policy_gradient_loss | -7.17e-05   |
|    std                  | 0.476       |
|    value_loss           | 14.5        |
-----------------------------------------
------------------------------------------
| rollout/                |              |
|    ep_len_mean          | 112          |
|    ep_rew_mean          | 91.9         |
| time/                   |              |
|    fps                  | 13           |
|    iterations           | 44           |
|    time_elapsed         | 54297        |
|    total_timesteps      | 720896       |
| train/                  |              |
|    approx_kl            | 0.0070332224 |
|    clip_fraction        | 0.0682       |
|    clip_range           | 0.2          |
|    entropy_loss         | -0.668       |
|    explained_variance   | 0.337        |
|    learning_rate        | 0.0003       |
|    loss                 | 0.129        |
|    n_updates            | 430          |
|    policy_gradient_loss | 0.000179     |
|    std                  | 0.467        |
|    value_loss           | 22.5         |
------------------------------------------
-----------------------------------------
| rollout/                |             |
|    ep_len_mean          | 118         |
|    ep_rew_mean          | 96.9        |
| time/                   |             |
|    fps                  | 13          |
|    iterations           | 45          |
|    time_elapsed         | 55501       |
|    total_timesteps      | 737280      |
| train/                  |             |
|    approx_kl            | 0.010592671 |
|    clip_fraction        | 0.0888      |
|    clip_range           | 0.2         |
|    entropy_loss         | -0.647      |
|    explained_variance   | 0.307       |
|    learning_rate        | 0.0003      |
|    loss                 | 17.8        |
|    n_updates            | 440         |
|    policy_gradient_loss | 0.000465    |
|    std                  | 0.458       |
|    value_loss           | 27.6        |
-----------------------------------------
-----------------------------------------
| rollout/                |             |
|    ep_len_mean          | 113         |
|    ep_rew_mean          | 92.6        |
| time/                   |             |
|    fps                  | 13          |
|    iterations           | 46          |
|    time_elapsed         | 56707       |
|    total_timesteps      | 753664      |
| train/                  |             |
|    approx_kl            | 0.010985616 |
|    clip_fraction        | 0.111       |
|    clip_range           | 0.2         |
|    entropy_loss         | -0.63       |
|    explained_variance   | 0.385       |
|    learning_rate        | 0.0003      |
|    loss                 | 2.31        |
|    n_updates            | 450         |
|    policy_gradient_loss | -0.000218   |
|    std                  | 0.455       |
|    value_loss           | 15.7        |
-----------------------------------------
------------------------------------------
| rollout/                |              |
|    ep_len_mean          | 111          |
|    ep_rew_mean          | 89.9         |
| time/                   |              |
|    fps                  | 13           |
|    iterations           | 47           |
|    time_elapsed         | 57904        |
|    total_timesteps      | 770048       |
| train/                  |              |
|    approx_kl            | 0.0058700815 |
|    clip_fraction        | 0.0844       |
|    clip_range           | 0.2          |
|    entropy_loss         | -0.632       |
|    explained_variance   | 0.405        |
|    learning_rate        | 0.0003       |
|    loss                 | 0.848        |
|    n_updates            | 460          |
|    policy_gradient_loss | -0.000972    |
|    std                  | 0.456        |
|    value_loss           | 24.9         |
------------------------------------------
------------------------------------------
| rollout/                |              |
|    ep_len_mean          | 111          |
|    ep_rew_mean          | 91.6         |
| time/                   |              |
|    fps                  | 13           |
|    iterations           | 48           |
|    time_elapsed         | 59096        |
|    total_timesteps      | 786432       |
| train/                  |              |
|    approx_kl            | 0.0072535807 |
|    clip_fraction        | 0.107        |
|    clip_range           | 0.2          |
|    entropy_loss         | -0.624       |
|    explained_variance   | 0.359        |
|    learning_rate        | 0.0003       |
|    loss                 | 0.449        |
|    n_updates            | 470          |
|    policy_gradient_loss | -0.000244    |
|    std                  | 0.452        |
|    value_loss           | 23.4         |
------------------------------------------
-----------------------------------------
| rollout/                |             |
|    ep_len_mean          | 116         |
|    ep_rew_mean          | 94.9        |
| time/                   |             |
|    fps                  | 13          |
|    iterations           | 49          |
|    time_elapsed         | 60286       |
|    total_timesteps      | 802816      |
| train/                  |             |
|    approx_kl            | 0.011025809 |
|    clip_fraction        | 0.101       |
|    clip_range           | 0.2         |
|    entropy_loss         | -0.617      |
|    explained_variance   | 0.368       |
|    learning_rate        | 0.0003      |
|    loss                 | 4.94        |
|    n_updates            | 480         |
|    policy_gradient_loss | 0.000406    |
|    std                  | 0.447       |
|    value_loss           | 24.2        |
-----------------------------------------
----------------------------------------
| rollout/                |            |
|    ep_len_mean          | 114        |
|    ep_rew_mean          | 93.7       |
| time/                   |            |
|    fps                  | 13         |
|    iterations           | 50         |
|    time_elapsed         | 61479      |
|    total_timesteps      | 819200     |
| train/                  |            |
|    approx_kl            | 0.00991646 |
|    clip_fraction        | 0.0975     |
|    clip_range           | 0.2        |
|    entropy_loss         | -0.61      |
|    explained_variance   | 0.331      |
|    learning_rate        | 0.0003     |
|    loss                 | 0.0656     |
|    n_updates            | 490        |
|    policy_gradient_loss | -0.000611  |
|    std                  | 0.442      |
|    value_loss           | 19         |
----------------------------------------
-----------------------------------------
| rollout/                |             |
|    ep_len_mean          | 114         |
|    ep_rew_mean          | 93.6        |
| time/                   |             |
|    fps                  | 13          |
|    iterations           | 51          |
|    time_elapsed         | 62674       |
|    total_timesteps      | 835584      |
| train/                  |             |
|    approx_kl            | 0.008906085 |
|    clip_fraction        | 0.0855      |
|    clip_range           | 0.2         |
|    entropy_loss         | -0.594      |
|    explained_variance   | 0.257       |
|    learning_rate        | 0.0003      |
|    loss                 | 0.342       |
|    n_updates            | 500         |
|    policy_gradient_loss | 2.11e-05    |
|    std                  | 0.434       |
|    value_loss           | 22.7        |
-----------------------------------------
-----------------------------------------
| rollout/                |             |
|    ep_len_mean          | 119         |
|    ep_rew_mean          | 97.6        |
| time/                   |             |
|    fps                  | 13          |
|    iterations           | 52          |
|    time_elapsed         | 63868       |
|    total_timesteps      | 851968      |
| train/                  |             |
|    approx_kl            | 0.008346684 |
|    clip_fraction        | 0.0957      |
|    clip_range           | 0.2         |
|    entropy_loss         | -0.581      |
|    explained_variance   | 0.419       |
|    learning_rate        | 0.0003      |
|    loss                 | 0.0354      |
|    n_updates            | 510         |
|    policy_gradient_loss | 0.00079     |
|    std                  | 0.43        |
|    value_loss           | 15.4        |
-----------------------------------------
-----------------------------------------
| rollout/                |             |
|    ep_len_mean          | 116         |
|    ep_rew_mean          | 95.2        |
| time/                   |             |
|    fps                  | 13          |
|    iterations           | 53          |
|    time_elapsed         | 65066       |
|    total_timesteps      | 868352      |
| train/                  |             |
|    approx_kl            | 0.009352274 |
|    clip_fraction        | 0.0886      |
|    clip_range           | 0.2         |
|    entropy_loss         | -0.571      |
|    explained_variance   | 0.321       |
|    learning_rate        | 0.0003      |
|    loss                 | 0.0827      |
|    n_updates            | 520         |
|    policy_gradient_loss | -3.49e-05   |
|    std                  | 0.428       |
|    value_loss           | 20.2        |
-----------------------------------------
-----------------------------------------
| rollout/                |             |
|    ep_len_mean          | 112         |
|    ep_rew_mean          | 91.4        |
| time/                   |             |
|    fps                  | 13          |
|    iterations           | 54          |
|    time_elapsed         | 66262       |
|    total_timesteps      | 884736      |
| train/                  |             |
|    approx_kl            | 0.008722602 |
|    clip_fraction        | 0.091       |
|    clip_range           | 0.2         |
|    entropy_loss         | -0.575      |
|    explained_variance   | 0.262       |
|    learning_rate        | 0.0003      |
|    loss                 | 12.2        |
|    n_updates            | 530         |
|    policy_gradient_loss | -0.000423   |
|    std                  | 0.43        |
|    value_loss           | 13.6        |
-----------------------------------------
-----------------------------------------
| rollout/                |             |
|    ep_len_mean          | 119         |
|    ep_rew_mean          | 97.1        |
| time/                   |             |
|    fps                  | 13          |
|    iterations           | 55          |
|    time_elapsed         | 67461       |
|    total_timesteps      | 901120      |
| train/                  |             |
|    approx_kl            | 0.007896446 |
|    clip_fraction        | 0.0835      |
|    clip_range           | 0.2         |
|    entropy_loss         | -0.569      |
|    explained_variance   | 0.431       |
|    learning_rate        | 0.0003      |
|    loss                 | 0.156       |
|    n_updates            | 540         |
|    policy_gradient_loss | -0.000871   |
|    std                  | 0.426       |
|    value_loss           | 10.4        |
-----------------------------------------
-----------------------------------------
| rollout/                |             |
|    ep_len_mean          | 116         |
|    ep_rew_mean          | 95.1        |
| time/                   |             |
|    fps                  | 13          |
|    iterations           | 56          |
|    time_elapsed         | 68658       |
|    total_timesteps      | 917504      |
| train/                  |             |
|    approx_kl            | 0.008195154 |
|    clip_fraction        | 0.0899      |
|    clip_range           | 0.2         |
|    entropy_loss         | -0.552      |
|    explained_variance   | 0.308       |
|    learning_rate        | 0.0003      |
|    loss                 | 6.84        |
|    n_updates            | 550         |
|    policy_gradient_loss | -0.000418   |
|    std                  | 0.42        |
|    value_loss           | 12.9        |
-----------------------------------------
-----------------------------------------
| rollout/                |             |
|    ep_len_mean          | 116         |
|    ep_rew_mean          | 95.6        |
| time/                   |             |
|    fps                  | 13          |
|    iterations           | 57          |
|    time_elapsed         | 69856       |
|    total_timesteps      | 933888      |
| train/                  |             |
|    approx_kl            | 0.008371078 |
|    clip_fraction        | 0.0913      |
|    clip_range           | 0.2         |
|    entropy_loss         | -0.544      |
|    explained_variance   | 0.353       |
|    learning_rate        | 0.0003      |
|    loss                 | 0.0505      |
|    n_updates            | 560         |
|    policy_gradient_loss | -0.00124    |
|    std                  | 0.416       |
|    value_loss           | 10.3        |
-----------------------------------------
-----------------------------------------
| rollout/                |             |
|    ep_len_mean          | 116         |
|    ep_rew_mean          | 95.4        |
| time/                   |             |
|    fps                  | 13          |
|    iterations           | 58          |
|    time_elapsed         | 71058       |
|    total_timesteps      | 950272      |
| train/                  |             |
|    approx_kl            | 0.008402465 |
|    clip_fraction        | 0.0863      |
|    clip_range           | 0.2         |
|    entropy_loss         | -0.533      |
|    explained_variance   | 0.307       |
|    learning_rate        | 0.0003      |
|    loss                 | 2.49        |
|    n_updates            | 570         |
|    policy_gradient_loss | -0.000174   |
|    std                  | 0.41        |
|    value_loss           | 17.4        |
-----------------------------------------
-----------------------------------------
| rollout/                |             |
|    ep_len_mean          | 117         |
|    ep_rew_mean          | 96.7        |
| time/                   |             |
|    fps                  | 13          |
|    iterations           | 59          |
|    time_elapsed         | 72262       |
|    total_timesteps      | 966656      |
| train/                  |             |
|    approx_kl            | 0.009210172 |
|    clip_fraction        | 0.103       |
|    clip_range           | 0.2         |
|    entropy_loss         | -0.525      |
|    explained_variance   | 0.377       |
|    learning_rate        | 0.0003      |
|    loss                 | 32.3        |
|    n_updates            | 580         |
|    policy_gradient_loss | -0.000269   |
|    std                  | 0.409       |
|    value_loss           | 17.8        |
-----------------------------------------
-----------------------------------------
| rollout/                |             |
|    ep_len_mean          | 114         |
|    ep_rew_mean          | 93.7        |
| time/                   |             |
|    fps                  | 13          |
|    iterations           | 60          |
|    time_elapsed         | 73464       |
|    total_timesteps      | 983040      |
| train/                  |             |
|    approx_kl            | 0.010342896 |
|    clip_fraction        | 0.0956      |
|    clip_range           | 0.2         |
|    entropy_loss         | -0.505      |
|    explained_variance   | 0.436       |
|    learning_rate        | 0.0003      |
|    loss                 | 0.0842      |
|    n_updates            | 590         |
|    policy_gradient_loss | -0.00107    |
|    std                  | 0.399       |
|    value_loss           | 5.19        |
-----------------------------------------
-----------------------------------------
| rollout/                |             |
|    ep_len_mean          | 112         |
|    ep_rew_mean          | 90.8        |
| time/                   |             |
|    fps                  | 13          |
|    iterations           | 61          |
|    time_elapsed         | 74667       |
|    total_timesteps      | 999424      |
| train/                  |             |
|    approx_kl            | 0.012349311 |
|    clip_fraction        | 0.0911      |
|    clip_range           | 0.2         |
|    entropy_loss         | -0.504      |
|    explained_variance   | 0.229       |
|    learning_rate        | 0.0003      |
|    loss                 | 0.167       |
|    n_updates            | 600         |
|    policy_gradient_loss | -0.000498   |
|    std                  | 0.401       |
|    value_loss           | 16.5        |
-----------------------------------------
-----------------------------------------
| rollout/                |             |
|    ep_len_mean          | 114         |
|    ep_rew_mean          | 93.3        |
| time/                   |             |
|    fps                  | 13          |
|    iterations           | 62          |
|    time_elapsed         | 75872       |
|    total_timesteps      | 1015808     |
| train/                  |             |
|    approx_kl            | 0.011524288 |
|    clip_fraction        | 0.0979      |
|    clip_range           | 0.2         |
|    entropy_loss         | -0.507      |
|    explained_variance   | 0.219       |
|    learning_rate        | 0.0003      |
|    loss                 | 0.233       |
|    n_updates            | 610         |
|    policy_gradient_loss | -0.000451   |
|    std                  | 0.4         |
|    value_loss           | 17.1        |
-----------------------------------------
ppo_baseline_cf_obs20_dense_v6_seed1 obs shape: (20, 5) action space: Box(-1.0, 1.0, (1,), float32)
Using cpu device
Logging to runs/tb/ppo_baseline_cf_obs20_dense_v6_seed1_1
---------------------------------
| rollout/           |          |
|    ep_len_mean     | 26.7     |
|    ep_rew_mean     | 14.9     |
| time/              |          |
|    fps             | 13       |
|    iterations      | 1        |
|    time_elapsed    | 1234     |
|    total_timesteps | 16384    |
---------------------------------
-----------------------------------------
| rollout/                |             |
|    ep_len_mean          | 39.5        |
|    ep_rew_mean          | 26.2        |
| time/                   |             |
|    fps                  | 13          |
|    iterations           | 2           |
|    time_elapsed         | 2449        |
|    total_timesteps      | 32768       |
| train/                  |             |
|    approx_kl            | 0.008467328 |
|    clip_fraction        | 0.117       |
|    clip_range           | 0.2         |
|    entropy_loss         | -1.42       |
|    explained_variance   | 0.00451     |
|    learning_rate        | 0.0003      |
|    loss                 | 3.29        |
|    n_updates            | 10          |
|    policy_gradient_loss | -0.0131     |
|    std                  | 0.991       |
|    value_loss           | 10.3        |
-----------------------------------------
-----------------------------------------
| rollout/                |             |
|    ep_len_mean          | 52.2        |
|    ep_rew_mean          | 37.7        |
| time/                   |             |
|    fps                  | 13          |
|    iterations           | 3           |
|    time_elapsed         | 3658        |
|    total_timesteps      | 49152       |
| train/                  |             |
|    approx_kl            | 0.010118085 |
|    clip_fraction        | 0.122       |
|    clip_range           | 0.2         |
|    entropy_loss         | -1.4        |
|    explained_variance   | 0.535       |
|    learning_rate        | 0.0003      |
|    loss                 | 8.71        |
|    n_updates            | 20          |
|    policy_gradient_loss | -0.0169     |
|    std                  | 0.971       |
|    value_loss           | 19.8        |
-----------------------------------------
-----------------------------------------
| rollout/                |             |
|    ep_len_mean          | 70.6        |
|    ep_rew_mean          | 52.5        |
| time/                   |             |
|    fps                  | 13          |
|    iterations           | 4           |
|    time_elapsed         | 4867        |
|    total_timesteps      | 65536       |
| train/                  |             |
|    approx_kl            | 0.010345174 |
|    clip_fraction        | 0.122       |
|    clip_range           | 0.2         |
|    entropy_loss         | -1.37       |
|    explained_variance   | 0.513       |
|    learning_rate        | 0.0003      |
|    loss                 | 19.9        |
|    n_updates            | 30          |
|    policy_gradient_loss | -0.0185     |
|    std                  | 0.94        |
|    value_loss           | 29.3        |
-----------------------------------------
-----------------------------------------
| rollout/                |             |
|    ep_len_mean          | 74.8        |
|    ep_rew_mean          | 56          |
| time/                   |             |
|    fps                  | 13          |
|    iterations           | 5           |
|    time_elapsed         | 6080        |
|    total_timesteps      | 81920       |
| train/                  |             |
|    approx_kl            | 0.010154857 |
|    clip_fraction        | 0.109       |
|    clip_range           | 0.2         |
|    entropy_loss         | -1.32       |
|    explained_variance   | 0.404       |
|    learning_rate        | 0.0003      |
|    loss                 | 5.41        |
|    n_updates            | 40          |
|    policy_gradient_loss | -0.0163     |
|    std                  | 0.904       |
|    value_loss           | 26.3        |
-----------------------------------------
------------------------------------------
| rollout/                |              |
|    ep_len_mean          | 92.1         |
|    ep_rew_mean          | 68.4         |
| time/                   |              |
|    fps                  | 13           |
|    iterations           | 6            |
|    time_elapsed         | 7205         |
|    total_timesteps      | 98304        |
| train/                  |              |
|    approx_kl            | 0.0059419675 |
|    clip_fraction        | 0.0613       |
|    clip_range           | 0.2          |
|    entropy_loss         | -1.29        |
|    explained_variance   | 0.332        |
|    learning_rate        | 0.0003       |
|    loss                 | 16.1         |
|    n_updates            | 50           |
|    policy_gradient_loss | -0.00852     |
|    std                  | 0.874        |
|    value_loss           | 20           |
------------------------------------------
------------------------------------------
| rollout/                |              |
|    ep_len_mean          | 100          |
|    ep_rew_mean          | 74.5         |
| time/                   |              |
|    fps                  | 13           |
|    iterations           | 7            |
|    time_elapsed         | 8327         |
|    total_timesteps      | 114688       |
| train/                  |              |
|    approx_kl            | 0.0073363613 |
|    clip_fraction        | 0.0642       |
|    clip_range           | 0.2          |
|    entropy_loss         | -1.26        |
|    explained_variance   | 0.231        |
|    learning_rate        | 0.0003       |
|    loss                 | 0.949        |
|    n_updates            | 60           |
|    policy_gradient_loss | -0.00541     |
|    std                  | 0.851        |
|    value_loss           | 11.8         |
------------------------------------------
-----------------------------------------
| rollout/                |             |
|    ep_len_mean          | 103         |
|    ep_rew_mean          | 76.9        |
| time/                   |             |
|    fps                  | 13          |
|    iterations           | 8           |
|    time_elapsed         | 9445        |
|    total_timesteps      | 131072      |
| train/                  |             |
|    approx_kl            | 0.004962947 |
|    clip_fraction        | 0.0596      |
|    clip_range           | 0.2         |
|    entropy_loss         | -1.24       |
|    explained_variance   | 0.221       |
|    learning_rate        | 0.0003      |
|    loss                 | 0.521       |
|    n_updates            | 70          |
|    policy_gradient_loss | -0.00368    |
|    std                  | 0.838       |
|    value_loss           | 9.74        |
-----------------------------------------
-----------------------------------------
| rollout/                |             |
|    ep_len_mean          | 106         |
|    ep_rew_mean          | 80.6        |
| time/                   |             |
|    fps                  | 13          |
|    iterations           | 9           |
|    time_elapsed         | 10562       |
|    total_timesteps      | 147456      |
| train/                  |             |
|    approx_kl            | 0.006279623 |
|    clip_fraction        | 0.071       |
|    clip_range           | 0.2         |
|    entropy_loss         | -1.23       |
|    explained_variance   | 0.182       |
|    learning_rate        | 0.0003      |
|    loss                 | 14.7        |
|    n_updates            | 80          |
|    policy_gradient_loss | -0.00368    |
|    std                  | 0.829       |
|    value_loss           | 11.8        |
-----------------------------------------
------------------------------------------
| rollout/                |              |
|    ep_len_mean          | 110          |
|    ep_rew_mean          | 84.2         |
| time/                   |              |
|    fps                  | 14           |
|    iterations           | 10           |
|    time_elapsed         | 11675        |
|    total_timesteps      | 163840       |
| train/                  |              |
|    approx_kl            | 0.0068604182 |
|    clip_fraction        | 0.0698       |
|    clip_range           | 0.2          |
|    entropy_loss         | -1.23        |
|    explained_variance   | 0.22         |
|    learning_rate        | 0.0003       |
|    loss                 | 23           |
|    n_updates            | 90           |
|    policy_gradient_loss | -0.00367     |
|    std                  | 0.824        |
|    value_loss           | 11.6         |
------------------------------------------
-----------------------------------------
| rollout/                |             |
|    ep_len_mean          | 105         |
|    ep_rew_mean          | 80.8        |
| time/                   |             |
|    fps                  | 14          |
|    iterations           | 11          |
|    time_elapsed         | 12797       |
|    total_timesteps      | 180224      |
| train/                  |             |
|    approx_kl            | 0.007219469 |
|    clip_fraction        | 0.0727      |
|    clip_range           | 0.2         |
|    entropy_loss         | -1.22       |
|    explained_variance   | 0.237       |
|    learning_rate        | 0.0003      |
|    loss                 | 0.458       |
|    n_updates            | 100         |
|    policy_gradient_loss | -0.00379    |
|    std                  | 0.817       |
|    value_loss           | 10.5        |
-----------------------------------------
------------------------------------------
| rollout/                |              |
|    ep_len_mean          | 106          |
|    ep_rew_mean          | 82.1         |
| time/                   |              |
|    fps                  | 14           |
|    iterations           | 12           |
|    time_elapsed         | 13936        |
|    total_timesteps      | 196608       |
| train/                  |              |
|    approx_kl            | 0.0052757394 |
|    clip_fraction        | 0.0602       |
|    clip_range           | 0.2          |
|    entropy_loss         | -1.21        |
|    explained_variance   | 0.183        |
|    learning_rate        | 0.0003       |
|    loss                 | 34           |
|    n_updates            | 110          |
|    policy_gradient_loss | -0.00314     |
|    std                  | 0.803        |
|    value_loss           | 16.6         |
------------------------------------------
-----------------------------------------
| rollout/                |             |
|    ep_len_mean          | 112         |
|    ep_rew_mean          | 86.1        |
| time/                   |             |
|    fps                  | 14          |
|    iterations           | 13          |
|    time_elapsed         | 15139       |
|    total_timesteps      | 212992      |
| train/                  |             |
|    approx_kl            | 0.005542208 |
|    clip_fraction        | 0.0652      |
|    clip_range           | 0.2         |
|    entropy_loss         | -1.19       |
|    explained_variance   | 0.121       |
|    learning_rate        | 0.0003      |
|    loss                 | 20.6        |
|    n_updates            | 120         |
|    policy_gradient_loss | -0.00251    |
|    std                  | 0.793       |
|    value_loss           | 24.5        |
-----------------------------------------
------------------------------------------
| rollout/                |              |
|    ep_len_mean          | 106          |
|    ep_rew_mean          | 82.5         |
| time/                   |              |
|    fps                  | 14           |
|    iterations           | 14           |
|    time_elapsed         | 16293        |
|    total_timesteps      | 229376       |
| train/                  |              |
|    approx_kl            | 0.0063578924 |
|    clip_fraction        | 0.0697       |
|    clip_range           | 0.2          |
|    entropy_loss         | -1.17        |
|    explained_variance   | 0.178        |
|    learning_rate        | 0.0003       |
|    loss                 | 17.8         |
|    n_updates            | 130          |
|    policy_gradient_loss | -0.00237     |
|    std                  | 0.772        |
|    value_loss           | 16.6         |
------------------------------------------
-----------------------------------------
| rollout/                |             |
|    ep_len_mean          | 108         |
|    ep_rew_mean          | 84.8        |
| time/                   |             |
|    fps                  | 14          |
|    iterations           | 15          |
|    time_elapsed         | 17401       |
|    total_timesteps      | 245760      |
| train/                  |             |
|    approx_kl            | 0.005623224 |
|    clip_fraction        | 0.0622      |
|    clip_range           | 0.2         |
|    entropy_loss         | -1.14       |
|    explained_variance   | 0.129       |
|    learning_rate        | 0.0003      |
|    loss                 | 3.4         |
|    n_updates            | 140         |
|    policy_gradient_loss | -0.00196    |
|    std                  | 0.752       |
|    value_loss           | 22.7        |
-----------------------------------------
-----------------------------------------
| rollout/                |             |
|    ep_len_mean          | 115         |
|    ep_rew_mean          | 89.5        |
| time/                   |             |
|    fps                  | 14          |
|    iterations           | 16          |
|    time_elapsed         | 18515       |
|    total_timesteps      | 262144      |
| train/                  |             |
|    approx_kl            | 0.005385012 |
|    clip_fraction        | 0.0508      |
|    clip_range           | 0.2         |
|    entropy_loss         | -1.12       |
|    explained_variance   | 0.117       |
|    learning_rate        | 0.0003      |
|    loss                 | 34.9        |
|    n_updates            | 150         |
|    policy_gradient_loss | -0.00294    |
|    std                  | 0.739       |
|    value_loss           | 33.7        |
-----------------------------------------
-----------------------------------------
| rollout/                |             |
|    ep_len_mean          | 115         |
|    ep_rew_mean          | 90.6        |
| time/                   |             |
|    fps                  | 14          |
|    iterations           | 17          |
|    time_elapsed         | 19621       |
|    total_timesteps      | 278528      |
| train/                  |             |
|    approx_kl            | 0.006594615 |
|    clip_fraction        | 0.0652      |
|    clip_range           | 0.2         |
|    entropy_loss         | -1.1        |
|    explained_variance   | 0.163       |
|    learning_rate        | 0.0003      |
|    loss                 | 34.3        |
|    n_updates            | 160         |
|    policy_gradient_loss | -0.00148    |
|    std                  | 0.731       |
|    value_loss           | 21.8        |
-----------------------------------------
------------------------------------------
| rollout/                |              |
|    ep_len_mean          | 115          |
|    ep_rew_mean          | 90.7         |
| time/                   |              |
|    fps                  | 14           |
|    iterations           | 18           |
|    time_elapsed         | 20745        |
|    total_timesteps      | 294912       |
| train/                  |              |
|    approx_kl            | 0.0052603018 |
|    clip_fraction        | 0.0576       |
|    clip_range           | 0.2          |
|    entropy_loss         | -1.09        |
|    explained_variance   | 0.175        |
|    learning_rate        | 0.0003       |
|    loss                 | 0.193        |
|    n_updates            | 170          |
|    policy_gradient_loss | -0.00168     |
|    std                  | 0.726        |
|    value_loss           | 22.2         |
------------------------------------------
-----------------------------------------
| rollout/                |             |
|    ep_len_mean          | 116         |
|    ep_rew_mean          | 92.2        |
| time/                   |             |
|    fps                  | 14          |
|    iterations           | 19          |
|    time_elapsed         | 21856       |
|    total_timesteps      | 311296      |
| train/                  |             |
|    approx_kl            | 0.006170688 |
|    clip_fraction        | 0.0733      |
|    clip_range           | 0.2         |
|    entropy_loss         | -1.09       |
|    explained_variance   | 0.171       |
|    learning_rate        | 0.0003      |
|    loss                 | 24.7        |
|    n_updates            | 180         |
|    policy_gradient_loss | -0.00164    |
|    std                  | 0.715       |
|    value_loss           | 14.7        |
-----------------------------------------
------------------------------------------
| rollout/                |              |
|    ep_len_mean          | 113          |
|    ep_rew_mean          | 88.9         |
| time/                   |              |
|    fps                  | 14           |
|    iterations           | 20           |
|    time_elapsed         | 22974        |
|    total_timesteps      | 327680       |
| train/                  |              |
|    approx_kl            | 0.0059259804 |
|    clip_fraction        | 0.0806       |
|    clip_range           | 0.2          |
|    entropy_loss         | -1.06        |
|    explained_variance   | 0.208        |
|    learning_rate        | 0.0003       |
|    loss                 | 0.0736       |
|    n_updates            | 190          |
|    policy_gradient_loss | -0.00231     |
|    std                  | 0.699        |
|    value_loss           | 10.1         |
------------------------------------------
------------------------------------------
| rollout/                |              |
|    ep_len_mean          | 108          |
|    ep_rew_mean          | 86.1         |
| time/                   |              |
|    fps                  | 14           |
|    iterations           | 21           |
|    time_elapsed         | 24096        |
|    total_timesteps      | 344064       |
| train/                  |              |
|    approx_kl            | 0.0050720624 |
|    clip_fraction        | 0.0506       |
|    clip_range           | 0.2          |
|    entropy_loss         | -1.05        |
|    explained_variance   | 0.164        |
|    learning_rate        | 0.0003       |
|    loss                 | 15.1         |
|    n_updates            | 200          |
|    policy_gradient_loss | -0.00177     |
|    std                  | 0.691        |
|    value_loss           | 25.9         |
------------------------------------------
------------------------------------------
| rollout/                |              |
|    ep_len_mean          | 115          |
|    ep_rew_mean          | 91.1         |
| time/                   |              |
|    fps                  | 14           |
|    iterations           | 22           |
|    time_elapsed         | 25221        |
|    total_timesteps      | 360448       |
| train/                  |              |
|    approx_kl            | 0.0062186597 |
|    clip_fraction        | 0.0701       |
|    clip_range           | 0.2          |
|    entropy_loss         | -1.03        |
|    explained_variance   | 0.175        |
|    learning_rate        | 0.0003       |
|    loss                 | 42.7         |
|    n_updates            | 210          |
|    policy_gradient_loss | -0.00107     |
|    std                  | 0.678        |
|    value_loss           | 28.9         |
------------------------------------------
-----------------------------------------
| rollout/                |             |
|    ep_len_mean          | 113         |
|    ep_rew_mean          | 89.6        |
| time/                   |             |
|    fps                  | 14          |
|    iterations           | 23          |
|    time_elapsed         | 26338       |
|    total_timesteps      | 376832      |
| train/                  |             |
|    approx_kl            | 0.007912465 |
|    clip_fraction        | 0.0704      |
|    clip_range           | 0.2         |
|    entropy_loss         | -1.01       |
|    explained_variance   | 0.173       |
|    learning_rate        | 0.0003      |
|    loss                 | 41.6        |
|    n_updates            | 220         |
|    policy_gradient_loss | -0.00144    |
|    std                  | 0.656       |
|    value_loss           | 22.8        |
-----------------------------------------
-----------------------------------------
| rollout/                |             |
|    ep_len_mean          | 113         |
|    ep_rew_mean          | 89.5        |
| time/                   |             |
|    fps                  | 14          |
|    iterations           | 24          |
|    time_elapsed         | 27446       |
|    total_timesteps      | 393216      |
| train/                  |             |
|    approx_kl            | 0.006727756 |
|    clip_fraction        | 0.0708      |
|    clip_range           | 0.2         |
|    entropy_loss         | -0.997      |
|    explained_variance   | 0.155       |
|    learning_rate        | 0.0003      |
|    loss                 | 2.78        |
|    n_updates            | 230         |
|    policy_gradient_loss | -0.00222    |
|    std                  | 0.656       |
|    value_loss           | 36.7        |
-----------------------------------------
------------------------------------------
| rollout/                |              |
|    ep_len_mean          | 116          |
|    ep_rew_mean          | 93           |
| time/                   |              |
|    fps                  | 14           |
|    iterations           | 25           |
|    time_elapsed         | 28559        |
|    total_timesteps      | 409600       |
| train/                  |              |
|    approx_kl            | 0.0054031764 |
|    clip_fraction        | 0.0699       |
|    clip_range           | 0.2          |
|    entropy_loss         | -0.977       |
|    explained_variance   | 0.281        |
|    learning_rate        | 0.0003       |
|    loss                 | 0.0875       |
|    n_updates            | 240          |
|    policy_gradient_loss | -0.000661    |
|    std                  | 0.642        |
|    value_loss           | 13.8         |
------------------------------------------
-----------------------------------------
| rollout/                |             |
|    ep_len_mean          | 111         |
|    ep_rew_mean          | 88.3        |
| time/                   |             |
|    fps                  | 14          |
|    iterations           | 26          |
|    time_elapsed         | 29674       |
|    total_timesteps      | 425984      |
| train/                  |             |
|    approx_kl            | 0.007188038 |
|    clip_fraction        | 0.0686      |
|    clip_range           | 0.2         |
|    entropy_loss         | -0.969      |
|    explained_variance   | 0.243       |
|    learning_rate        | 0.0003      |
|    loss                 | 34.9        |
|    n_updates            | 250         |
|    policy_gradient_loss | -0.000954   |
|    std                  | 0.632       |
|    value_loss           | 16.6        |
-----------------------------------------
----------------------------------------
| rollout/                |            |
|    ep_len_mean          | 111        |
|    ep_rew_mean          | 88.6       |
| time/                   |            |
|    fps                  | 14         |
|    iterations           | 27         |
|    time_elapsed         | 30825      |
|    total_timesteps      | 442368     |
| train/                  |            |
|    approx_kl            | 0.00518238 |
|    clip_fraction        | 0.0581     |
|    clip_range           | 0.2        |
|    entropy_loss         | -0.955     |
|    explained_variance   | 0.183      |
|    learning_rate        | 0.0003     |
|    loss                 | 0.133      |
|    n_updates            | 260        |
|    policy_gradient_loss | -0.000838  |
|    std                  | 0.629      |
|    value_loss           | 25.6       |
----------------------------------------
----------------------------------------
| rollout/                |            |
|    ep_len_mean          | 113        |
|    ep_rew_mean          | 91         |
| time/                   |            |
|    fps                  | 14         |
|    iterations           | 28         |
|    time_elapsed         | 31992      |
|    total_timesteps      | 458752     |
| train/                  |            |
|    approx_kl            | 0.00624371 |
|    clip_fraction        | 0.0505     |
|    clip_range           | 0.2        |
|    entropy_loss         | -0.953     |
|    explained_variance   | 0.142      |
|    learning_rate        | 0.0003     |
|    loss                 | 4.98       |
|    n_updates            | 270        |
|    policy_gradient_loss | -0.00129   |
|    std                  | 0.631      |
|    value_loss           | 47.7       |
----------------------------------------
------------------------------------------
| rollout/                |              |
|    ep_len_mean          | 114          |
|    ep_rew_mean          | 91.5         |
| time/                   |              |
|    fps                  | 14           |
|    iterations           | 29           |
|    time_elapsed         | 33155        |
|    total_timesteps      | 475136       |
| train/                  |              |
|    approx_kl            | 0.0065323506 |
|    clip_fraction        | 0.0884       |
|    clip_range           | 0.2          |
|    entropy_loss         | -0.963       |
|    explained_variance   | 0.167        |
|    learning_rate        | 0.0003       |
|    loss                 | 0.363        |
|    n_updates            | 280          |
|    policy_gradient_loss | -0.00199     |
|    std                  | 0.641        |
|    value_loss           | 27.4         |
------------------------------------------
------------------------------------------
| rollout/                |              |
|    ep_len_mean          | 116          |
|    ep_rew_mean          | 92.2         |
| time/                   |              |
|    fps                  | 14           |
|    iterations           | 30           |
|    time_elapsed         | 34318        |
|    total_timesteps      | 491520       |
| train/                  |              |
|    approx_kl            | 0.0067097475 |
|    clip_fraction        | 0.0762       |
|    clip_range           | 0.2          |
|    entropy_loss         | -0.964       |
|    explained_variance   | 0.195        |
|    learning_rate        | 0.0003       |
|    loss                 | 0.0538       |
|    n_updates            | 290          |
|    policy_gradient_loss | -0.00149     |
|    std                  | 0.639        |
|    value_loss           | 20.8         |
------------------------------------------
------------------------------------------
| rollout/                |              |
|    ep_len_mean          | 112          |
|    ep_rew_mean          | 89.6         |
| time/                   |              |
|    fps                  | 14           |
|    iterations           | 31           |
|    time_elapsed         | 35494        |
|    total_timesteps      | 507904       |
| train/                  |              |
|    approx_kl            | 0.0068049836 |
|    clip_fraction        | 0.079        |
|    clip_range           | 0.2          |
|    entropy_loss         | -0.965       |
|    explained_variance   | 0.153        |
|    learning_rate        | 0.0003       |
|    loss                 | 25.4         |
|    n_updates            | 300          |
|    policy_gradient_loss | -0.000818    |
|    std                  | 0.635        |
|    value_loss           | 28.8         |
------------------------------------------
-----------------------------------------
| rollout/                |             |
|    ep_len_mean          | 112         |
|    ep_rew_mean          | 89.4        |
| time/                   |             |
|    fps                  | 14          |
|    iterations           | 32          |
|    time_elapsed         | 36536       |
|    total_timesteps      | 524288      |
| train/                  |             |
|    approx_kl            | 0.006926754 |
|    clip_fraction        | 0.0768      |
|    clip_range           | 0.2         |
|    entropy_loss         | -0.964      |
|    explained_variance   | 0.325       |
|    learning_rate        | 0.0003      |
|    loss                 | 13.6        |
|    n_updates            | 310         |
|    policy_gradient_loss | -0.000954   |
|    std                  | 0.637       |
|    value_loss           | 21.9        |
-----------------------------------------
------------------------------------------
| rollout/                |              |
|    ep_len_mean          | 116          |
|    ep_rew_mean          | 92.9         |
| time/                   |              |
|    fps                  | 14           |
|    iterations           | 33           |
|    time_elapsed         | 37530        |
|    total_timesteps      | 540672       |
| train/                  |              |
|    approx_kl            | 0.0062283436 |
|    clip_fraction        | 0.0583       |
|    clip_range           | 0.2          |
|    entropy_loss         | -0.967       |
|    explained_variance   | 0.23         |
|    learning_rate        | 0.0003       |
|    loss                 | 6.76         |
|    n_updates            | 320          |
|    policy_gradient_loss | -0.000479    |
|    std                  | 0.632        |
|    value_loss           | 24.5         |
------------------------------------------
------------------------------------------
| rollout/                |              |
|    ep_len_mean          | 112          |
|    ep_rew_mean          | 89.3         |
| time/                   |              |
|    fps                  | 14           |
|    iterations           | 34           |
|    time_elapsed         | 38526        |
|    total_timesteps      | 557056       |
| train/                  |              |
|    approx_kl            | 0.0062562213 |
|    clip_fraction        | 0.0778       |
|    clip_range           | 0.2          |
|    entropy_loss         | -0.947       |
|    explained_variance   | 0.269        |
|    learning_rate        | 0.0003       |
|    loss                 | 26.8         |
|    n_updates            | 330          |
|    policy_gradient_loss | -0.0005      |
|    std                  | 0.629        |
|    value_loss           | 19.9         |
------------------------------------------
------------------------------------------
| rollout/                |              |
|    ep_len_mean          | 113          |
|    ep_rew_mean          | 90.7         |
| time/                   |              |
|    fps                  | 14           |
|    iterations           | 35           |
|    time_elapsed         | 39517        |
|    total_timesteps      | 573440       |
| train/                  |              |
|    approx_kl            | 0.0067477324 |
|    clip_fraction        | 0.0559       |
|    clip_range           | 0.2          |
|    entropy_loss         | -0.955       |
|    explained_variance   | 0.259        |
|    learning_rate        | 0.0003       |
|    loss                 | 6.9          |
|    n_updates            | 340          |
|    policy_gradient_loss | -0.00121     |
|    std                  | 0.628        |
|    value_loss           | 32.9         |
------------------------------------------
-----------------------------------------
| rollout/                |             |
|    ep_len_mean          | 109         |
|    ep_rew_mean          | 88.1        |
| time/                   |             |
|    fps                  | 14          |
|    iterations           | 36          |
|    time_elapsed         | 40516       |
|    total_timesteps      | 589824      |
| train/                  |             |
|    approx_kl            | 0.005322395 |
|    clip_fraction        | 0.0747      |
|    clip_range           | 0.2         |
|    entropy_loss         | -0.95       |
|    explained_variance   | 0.264       |
|    learning_rate        | 0.0003      |
|    loss                 | 21.8        |
|    n_updates            | 350         |
|    policy_gradient_loss | -0.000171   |
|    std                  | 0.625       |
|    value_loss           | 22.6        |
-----------------------------------------
-----------------------------------------
| rollout/                |             |
|    ep_len_mean          | 115         |
|    ep_rew_mean          | 92.4        |
| time/                   |             |
|    fps                  | 14          |
|    iterations           | 37          |
|    time_elapsed         | 41505       |
|    total_timesteps      | 606208      |
| train/                  |             |
|    approx_kl            | 0.007336326 |
|    clip_fraction        | 0.0605      |
|    clip_range           | 0.2         |
|    entropy_loss         | -0.947      |
|    explained_variance   | 0.169       |
|    learning_rate        | 0.0003      |
|    loss                 | 56.8        |
|    n_updates            | 360         |
|    policy_gradient_loss | -0.00152    |
|    std                  | 0.623       |
|    value_loss           | 44.5        |
-----------------------------------------
------------------------------------------
| rollout/                |              |
|    ep_len_mean          | 111          |
|    ep_rew_mean          | 88.4         |
| time/                   |              |
|    fps                  | 14           |
|    iterations           | 38           |
|    time_elapsed         | 42491        |
|    total_timesteps      | 622592       |
| train/                  |              |
|    approx_kl            | 0.0066505168 |
|    clip_fraction        | 0.0745       |
|    clip_range           | 0.2          |
|    entropy_loss         | -0.951       |
|    explained_variance   | 0.357        |
|    learning_rate        | 0.0003       |
|    loss                 | 6.28         |
|    n_updates            | 370          |
|    policy_gradient_loss | -0.000868    |
|    std                  | 0.626        |
|    value_loss           | 14.8         |
------------------------------------------
----------------------------------------
| rollout/                |            |
|    ep_len_mean          | 110        |
|    ep_rew_mean          | 88.5       |
| time/                   |            |
|    fps                  | 14         |
|    iterations           | 39         |
|    time_elapsed         | 43477      |
|    total_timesteps      | 638976     |
| train/                  |            |
|    approx_kl            | 0.00621247 |
|    clip_fraction        | 0.0516     |
|    clip_range           | 0.2        |
|    entropy_loss         | -0.946     |
|    explained_variance   | 0.199      |
|    learning_rate        | 0.0003     |
|    loss                 | 7.06       |
|    n_updates            | 380        |
|    policy_gradient_loss | -8.29e-05  |
|    std                  | 0.622      |
|    value_loss           | 29.1       |
----------------------------------------
-----------------------------------------
| rollout/                |             |
|    ep_len_mean          | 114         |
|    ep_rew_mean          | 91.2        |
| time/                   |             |
|    fps                  | 14          |
|    iterations           | 40          |
|    time_elapsed         | 44466       |
|    total_timesteps      | 655360      |
| train/                  |             |
|    approx_kl            | 0.006006993 |
|    clip_fraction        | 0.0766      |
|    clip_range           | 0.2         |
|    entropy_loss         | -0.942      |
|    explained_variance   | 0.294       |
|    learning_rate        | 0.0003      |
|    loss                 | 30.7        |
|    n_updates            | 390         |
|    policy_gradient_loss | -0.00222    |
|    std                  | 0.614       |
|    value_loss           | 31          |
-----------------------------------------
-----------------------------------------
| rollout/                |             |
|    ep_len_mean          | 109         |
|    ep_rew_mean          | 87.3        |
| time/                   |             |
|    fps                  | 14          |
|    iterations           | 41          |
|    time_elapsed         | 45455       |
|    total_timesteps      | 671744      |
| train/                  |             |
|    approx_kl            | 0.008944733 |
|    clip_fraction        | 0.0825      |
|    clip_range           | 0.2         |
|    entropy_loss         | -0.931      |
|    explained_variance   | 0.304       |
|    learning_rate        | 0.0003      |
|    loss                 | 23.7        |
|    n_updates            | 400         |
|    policy_gradient_loss | -0.00323    |
|    std                  | 0.617       |
|    value_loss           | 35.4        |
-----------------------------------------
------------------------------------------
| rollout/                |              |
|    ep_len_mean          | 112          |
|    ep_rew_mean          | 89.8         |
| time/                   |              |
|    fps                  | 14           |
|    iterations           | 42           |
|    time_elapsed         | 46445        |
|    total_timesteps      | 688128       |
| train/                  |              |
|    approx_kl            | 0.0072341957 |
|    clip_fraction        | 0.087        |
|    clip_range           | 0.2          |
|    entropy_loss         | -0.935       |
|    explained_variance   | 0.307        |
|    learning_rate        | 0.0003       |
|    loss                 | 8.04         |
|    n_updates            | 410          |
|    policy_gradient_loss | -0.000802    |
|    std                  | 0.617        |
|    value_loss           | 36.3         |
------------------------------------------
-----------------------------------------
| rollout/                |             |
|    ep_len_mean          | 109         |
|    ep_rew_mean          | 87.1        |
| time/                   |             |
|    fps                  | 14          |
|    iterations           | 43          |
|    time_elapsed         | 47435       |
|    total_timesteps      | 704512      |
| train/                  |             |
|    approx_kl            | 0.006655351 |
|    clip_fraction        | 0.0785      |
|    clip_range           | 0.2         |
|    entropy_loss         | -0.933      |
|    explained_variance   | 0.356       |
|    learning_rate        | 0.0003      |
|    loss                 | 6.87        |
|    n_updates            | 420         |
|    policy_gradient_loss | -0.000439   |
|    std                  | 0.619       |
|    value_loss           | 28.3        |
-----------------------------------------
------------------------------------------
| rollout/                |              |
|    ep_len_mean          | 116          |
|    ep_rew_mean          | 92.5         |
| time/                   |              |
|    fps                  | 14           |
|    iterations           | 44           |
|    time_elapsed         | 48423        |
|    total_timesteps      | 720896       |
| train/                  |              |
|    approx_kl            | 0.0065259654 |
|    clip_fraction        | 0.0788       |
|    clip_range           | 0.2          |
|    entropy_loss         | -0.947       |
|    explained_variance   | 0.453        |
|    learning_rate        | 0.0003       |
|    loss                 | 1.48         |
|    n_updates            | 430          |
|    policy_gradient_loss | -3.1e-05     |
|    std                  | 0.623        |
|    value_loss           | 17.2         |
------------------------------------------
-----------------------------------------
| rollout/                |             |
|    ep_len_mean          | 111         |
|    ep_rew_mean          | 89.4        |
| time/                   |             |
|    fps                  | 14          |
|    iterations           | 45          |
|    time_elapsed         | 49413       |
|    total_timesteps      | 737280      |
| train/                  |             |
|    approx_kl            | 0.006915125 |
|    clip_fraction        | 0.0686      |
|    clip_range           | 0.2         |
|    entropy_loss         | -0.942      |
|    explained_variance   | 0.405       |
|    learning_rate        | 0.0003      |
|    loss                 | 4.04        |
|    n_updates            | 440         |
|    policy_gradient_loss | -0.000442   |
|    std                  | 0.618       |
|    value_loss           | 19.4        |
-----------------------------------------
------------------------------------------
| rollout/                |              |
|    ep_len_mean          | 115          |
|    ep_rew_mean          | 92.5         |
| time/                   |              |
|    fps                  | 14           |
|    iterations           | 46           |
|    time_elapsed         | 50399        |
|    total_timesteps      | 753664       |
| train/                  |              |
|    approx_kl            | 0.0066273264 |
|    clip_fraction        | 0.0629       |
|    clip_range           | 0.2          |
|    entropy_loss         | -0.931       |
|    explained_variance   | 0.295        |
|    learning_rate        | 0.0003       |
|    loss                 | 3.04         |
|    n_updates            | 450          |
|    policy_gradient_loss | -0.00101     |
|    std                  | 0.611        |
|    value_loss           | 34.1         |
------------------------------------------
-----------------------------------------
| rollout/                |             |
|    ep_len_mean          | 114         |
|    ep_rew_mean          | 91.6        |
| time/                   |             |
|    fps                  | 14          |
|    iterations           | 47          |
|    time_elapsed         | 51389       |
|    total_timesteps      | 770048      |
| train/                  |             |
|    approx_kl            | 0.007238687 |
|    clip_fraction        | 0.0822      |
|    clip_range           | 0.2         |
|    entropy_loss         | -0.924      |
|    explained_variance   | 0.354       |
|    learning_rate        | 0.0003      |
|    loss                 | 0.0877      |
|    n_updates            | 460         |
|    policy_gradient_loss | -0.000396   |
|    std                  | 0.607       |
|    value_loss           | 19.7        |
-----------------------------------------
-----------------------------------------
| rollout/                |             |
|    ep_len_mean          | 114         |
|    ep_rew_mean          | 91.6        |
| time/                   |             |
|    fps                  | 15          |
|    iterations           | 48          |
|    time_elapsed         | 52378       |
|    total_timesteps      | 786432      |
| train/                  |             |
|    approx_kl            | 0.006355351 |
|    clip_fraction        | 0.0706      |
|    clip_range           | 0.2         |
|    entropy_loss         | -0.918      |
|    explained_variance   | 0.431       |
|    learning_rate        | 0.0003      |
|    loss                 | 6.37        |
|    n_updates            | 470         |
|    policy_gradient_loss | -0.00126    |
|    std                  | 0.604       |
|    value_loss           | 16          |
-----------------------------------------
------------------------------------------
| rollout/                |              |
|    ep_len_mean          | 115          |
|    ep_rew_mean          | 92.2         |
| time/                   |              |
|    fps                  | 15           |
|    iterations           | 49           |
|    time_elapsed         | 53367        |
|    total_timesteps      | 802816       |
| train/                  |              |
|    approx_kl            | 0.0074767782 |
|    clip_fraction        | 0.0832       |
|    clip_range           | 0.2          |
|    entropy_loss         | -0.904       |
|    explained_variance   | 0.426        |
|    learning_rate        | 0.0003       |
|    loss                 | 0.262        |
|    n_updates            | 480          |
|    policy_gradient_loss | -0.00119     |
|    std                  | 0.591        |
|    value_loss           | 13.7         |
------------------------------------------
-----------------------------------------
| rollout/                |             |
|    ep_len_mean          | 111         |
|    ep_rew_mean          | 89          |
| time/                   |             |
|    fps                  | 15          |
|    iterations           | 50          |
|    time_elapsed         | 54353       |
|    total_timesteps      | 819200      |
| train/                  |             |
|    approx_kl            | 0.007143084 |
|    clip_fraction        | 0.0729      |
|    clip_range           | 0.2         |
|    entropy_loss         | -0.896      |
|    explained_variance   | 0.424       |
|    learning_rate        | 0.0003      |
|    loss                 | 0.891       |
|    n_updates            | 490         |
|    policy_gradient_loss | -0.00158    |
|    std                  | 0.588       |
|    value_loss           | 19.2        |
-----------------------------------------
------------------------------------------
| rollout/                |              |
|    ep_len_mean          | 118          |
|    ep_rew_mean          | 95.3         |
| time/                   |              |
|    fps                  | 15           |
|    iterations           | 51           |
|    time_elapsed         | 55340        |
|    total_timesteps      | 835584       |
| train/                  |              |
|    approx_kl            | 0.0071280985 |
|    clip_fraction        | 0.0867       |
|    clip_range           | 0.2          |
|    entropy_loss         | -0.891       |
|    explained_variance   | 0.359        |
|    learning_rate        | 0.0003       |
|    loss                 | 0.118        |
|    n_updates            | 500          |
|    policy_gradient_loss | -0.0006      |
|    std                  | 0.588        |
|    value_loss           | 20.1         |
------------------------------------------
----------------------------------------
| rollout/                |            |
|    ep_len_mean          | 117        |
|    ep_rew_mean          | 93.6       |
| time/                   |            |
|    fps                  | 15         |
|    iterations           | 52         |
|    time_elapsed         | 56328      |
|    total_timesteps      | 851968     |
| train/                  |            |
|    approx_kl            | 0.00701124 |
|    clip_fraction        | 0.0863     |
|    clip_range           | 0.2        |
|    entropy_loss         | -0.876     |
|    explained_variance   | 0.356      |
|    learning_rate        | 0.0003     |
|    loss                 | 27         |
|    n_updates            | 510        |
|    policy_gradient_loss | -0.000729  |
|    std                  | 0.582      |
|    value_loss           | 10.8       |
----------------------------------------
------------------------------------------
| rollout/                |              |
|    ep_len_mean          | 115          |
|    ep_rew_mean          | 92.7         |
| time/                   |              |
|    fps                  | 15           |
|    iterations           | 53           |
|    time_elapsed         | 57314        |
|    total_timesteps      | 868352       |
| train/                  |              |
|    approx_kl            | 0.0069756443 |
|    clip_fraction        | 0.0777       |
|    clip_range           | 0.2          |
|    entropy_loss         | -0.863       |
|    explained_variance   | 0.478        |
|    learning_rate        | 0.0003       |
|    loss                 | 6.82         |
|    n_updates            | 520          |
|    policy_gradient_loss | -0.00256     |
|    std                  | 0.573        |
|    value_loss           | 9.23         |
------------------------------------------
-----------------------------------------
| rollout/                |             |
|    ep_len_mean          | 118         |
|    ep_rew_mean          | 95.3        |
| time/                   |             |
|    fps                  | 15          |
|    iterations           | 54          |
|    time_elapsed         | 58300       |
|    total_timesteps      | 884736      |
| train/                  |             |
|    approx_kl            | 0.006697259 |
|    clip_fraction        | 0.0733      |
|    clip_range           | 0.2         |
|    entropy_loss         | -0.861      |
|    explained_variance   | 0.359       |
|    learning_rate        | 0.0003      |
|    loss                 | 0.0334      |
|    n_updates            | 530         |
|    policy_gradient_loss | -0.00167    |
|    std                  | 0.572       |
|    value_loss           | 14.5        |
-----------------------------------------
-----------------------------------------
| rollout/                |             |
|    ep_len_mean          | 117         |
|    ep_rew_mean          | 94.6        |
| time/                   |             |
|    fps                  | 15          |
|    iterations           | 55          |
|    time_elapsed         | 59286       |
|    total_timesteps      | 901120      |
| train/                  |             |
|    approx_kl            | 0.005581445 |
|    clip_fraction        | 0.0651      |
|    clip_range           | 0.2         |
|    entropy_loss         | -0.86       |
|    explained_variance   | 0.218       |
|    learning_rate        | 0.0003      |
|    loss                 | 0.68        |
|    n_updates            | 540         |
|    policy_gradient_loss | -0.0011     |
|    std                  | 0.575       |
|    value_loss           | 24.8        |
-----------------------------------------
-----------------------------------------
| rollout/                |             |
|    ep_len_mean          | 118         |
|    ep_rew_mean          | 94.7        |
| time/                   |             |
|    fps                  | 15          |
|    iterations           | 56          |
|    time_elapsed         | 60272       |
|    total_timesteps      | 917504      |
| train/                  |             |
|    approx_kl            | 0.008428418 |
|    clip_fraction        | 0.0881      |
|    clip_range           | 0.2         |
|    entropy_loss         | -0.849      |
|    explained_variance   | 0.444       |
|    learning_rate        | 0.0003      |
|    loss                 | 4.95        |
|    n_updates            | 550         |
|    policy_gradient_loss | -0.00144    |
|    std                  | 0.563       |
|    value_loss           | 7.59        |
-----------------------------------------
----------------------------------------
| rollout/                |            |
|    ep_len_mean          | 116        |
|    ep_rew_mean          | 93.6       |
| time/                   |            |
|    fps                  | 15         |
|    iterations           | 57         |
|    time_elapsed         | 61258      |
|    total_timesteps      | 933888     |
| train/                  |            |
|    approx_kl            | 0.00867627 |
|    clip_fraction        | 0.0717     |
|    clip_range           | 0.2        |
|    entropy_loss         | -0.849     |
|    explained_variance   | 0.296      |
|    learning_rate        | 0.0003     |
|    loss                 | 0.192      |
|    n_updates            | 560        |
|    policy_gradient_loss | -0.000196  |
|    std                  | 0.567      |
|    value_loss           | 19.9       |
----------------------------------------
-----------------------------------------
| rollout/                |             |
|    ep_len_mean          | 110         |
|    ep_rew_mean          | 88.2        |
| time/                   |             |
|    fps                  | 15          |
|    iterations           | 58          |
|    time_elapsed         | 62246       |
|    total_timesteps      | 950272      |
| train/                  |             |
|    approx_kl            | 0.007823722 |
|    clip_fraction        | 0.0849      |
|    clip_range           | 0.2         |
|    entropy_loss         | -0.844      |
|    explained_variance   | 0.375       |
|    learning_rate        | 0.0003      |
|    loss                 | 0.176       |
|    n_updates            | 570         |
|    policy_gradient_loss | -0.00114    |
|    std                  | 0.562       |
|    value_loss           | 14.7        |
-----------------------------------------
-----------------------------------------
| rollout/                |             |
|    ep_len_mean          | 116         |
|    ep_rew_mean          | 93.8        |
| time/                   |             |
|    fps                  | 15          |
|    iterations           | 59          |
|    time_elapsed         | 63233       |
|    total_timesteps      | 966656      |
| train/                  |             |
|    approx_kl            | 0.007816981 |
|    clip_fraction        | 0.0945      |
|    clip_range           | 0.2         |
|    entropy_loss         | -0.843      |
|    explained_variance   | 0.263       |
|    learning_rate        | 0.0003      |
|    loss                 | 1.24        |
|    n_updates            | 580         |
|    policy_gradient_loss | -0.00127    |
|    std                  | 0.56        |
|    value_loss           | 16.1        |
-----------------------------------------
-----------------------------------------
| rollout/                |             |
|    ep_len_mean          | 117         |
|    ep_rew_mean          | 93.9        |
| time/                   |             |
|    fps                  | 15          |
|    iterations           | 60          |
|    time_elapsed         | 64222       |
|    total_timesteps      | 983040      |
| train/                  |             |
|    approx_kl            | 0.008392554 |
|    clip_fraction        | 0.0981      |
|    clip_range           | 0.2         |
|    entropy_loss         | -0.827      |
|    explained_variance   | 0.507       |
|    learning_rate        | 0.0003      |
|    loss                 | 13.3        |
|    n_updates            | 590         |
|    policy_gradient_loss | -0.00176    |
|    std                  | 0.555       |
|    value_loss           | 9.92        |
-----------------------------------------
-----------------------------------------
| rollout/                |             |
|    ep_len_mean          | 114         |
|    ep_rew_mean          | 91.8        |
| time/                   |             |
|    fps                  | 15          |
|    iterations           | 61          |
|    time_elapsed         | 65210       |
|    total_timesteps      | 999424      |
| train/                  |             |
|    approx_kl            | 0.009687878 |
|    clip_fraction        | 0.103       |
|    clip_range           | 0.2         |
|    entropy_loss         | -0.826      |
|    explained_variance   | 0.444       |
|    learning_rate        | 0.0003      |
|    loss                 | 0.046       |
|    n_updates            | 600         |
|    policy_gradient_loss | -0.0025     |
|    std                  | 0.551       |
|    value_loss           | 9.78        |
-----------------------------------------
-----------------------------------------
| rollout/                |             |
|    ep_len_mean          | 119         |
|    ep_rew_mean          | 95.8        |
| time/                   |             |
|    fps                  | 15          |
|    iterations           | 62          |
|    time_elapsed         | 66198       |
|    total_timesteps      | 1015808     |
| train/                  |             |
|    approx_kl            | 0.008916075 |
|    clip_fraction        | 0.0926      |
|    clip_range           | 0.2         |
|    entropy_loss         | -0.82       |
|    explained_variance   | 0.264       |
|    learning_rate        | 0.0003      |
|    loss                 | 0.512       |
|    n_updates            | 610         |
|    policy_gradient_loss | -0.00111    |
|    std                  | 0.549       |
|    value_loss           | 14.4        |
-----------------------------------------
ppo_baseline_cf_obs20_dense_v6_seed2 obs shape: (20, 5) action space: Box(-1.0, 1.0, (1,), float32)
Using cpu device
Logging to runs/tb/ppo_baseline_cf_obs20_dense_v6_seed2_1
---------------------------------
| rollout/           |          |
|    ep_len_mean     | 15.1     |
|    ep_rew_mean     | 8.91     |
| time/              |          |
|    fps             | 16       |
|    iterations      | 1        |
|    time_elapsed    | 1010     |
|    total_timesteps | 16384    |
---------------------------------
-----------------------------------------
| rollout/                |             |
|    ep_len_mean          | 31.8        |
|    ep_rew_mean          | 21.6        |
| time/                   |             |
|    fps                  | 16          |
|    iterations           | 2           |
|    time_elapsed         | 2022        |
|    total_timesteps      | 32768       |
| train/                  |             |
|    approx_kl            | 0.009517811 |
|    clip_fraction        | 0.127       |
|    clip_range           | 0.2         |
|    entropy_loss         | -1.4        |
|    explained_variance   | 0.0435      |
|    learning_rate        | 0.0003      |
|    loss                 | 3.33        |
|    n_updates            | 10          |
|    policy_gradient_loss | -0.0122     |
|    std                  | 0.979       |
|    value_loss           | 10.1        |
-----------------------------------------
-----------------------------------------
| rollout/                |             |
|    ep_len_mean          | 43.4        |
|    ep_rew_mean          | 32.6        |
| time/                   |             |
|    fps                  | 16          |
|    iterations           | 3           |
|    time_elapsed         | 3017        |
|    total_timesteps      | 49152       |
| train/                  |             |
|    approx_kl            | 0.009780005 |
|    clip_fraction        | 0.122       |
|    clip_range           | 0.2         |
|    entropy_loss         | -1.38       |
|    explained_variance   | 0.502       |
|    learning_rate        | 0.0003      |
|    loss                 | 8.15        |
|    n_updates            | 20          |
|    policy_gradient_loss | -0.0174     |
|    std                  | 0.963       |
|    value_loss           | 20.2        |
-----------------------------------------
-----------------------------------------
| rollout/                |             |
|    ep_len_mean          | 85          |
|    ep_rew_mean          | 63.6        |
| time/                   |             |
|    fps                  | 16          |
|    iterations           | 4           |
|    time_elapsed         | 4006        |
|    total_timesteps      | 65536       |
| train/                  |             |
|    approx_kl            | 0.008706311 |
|    clip_fraction        | 0.108       |
|    clip_range           | 0.2         |
|    entropy_loss         | -1.36       |
|    explained_variance   | 0.527       |
|    learning_rate        | 0.0003      |
|    loss                 | 24.8        |
|    n_updates            | 30          |
|    policy_gradient_loss | -0.0178     |
|    std                  | 0.939       |
|    value_loss           | 28.5        |
-----------------------------------------
-----------------------------------------
| rollout/                |             |
|    ep_len_mean          | 95.9        |
|    ep_rew_mean          | 70.4        |
| time/                   |             |
|    fps                  | 16          |
|    iterations           | 5           |
|    time_elapsed         | 4996        |
|    total_timesteps      | 81920       |
| train/                  |             |
|    approx_kl            | 0.008109234 |
|    clip_fraction        | 0.0931      |
|    clip_range           | 0.2         |
|    entropy_loss         | -1.33       |
|    explained_variance   | 0.467       |
|    learning_rate        | 0.0003      |
|    loss                 | 11.7        |
|    n_updates            | 40          |
|    policy_gradient_loss | -0.0121     |
|    std                  | 0.908       |
|    value_loss           | 21.7        |
-----------------------------------------
------------------------------------------
| rollout/                |              |
|    ep_len_mean          | 99.1         |
|    ep_rew_mean          | 72.6         |
| time/                   |              |
|    fps                  | 16           |
|    iterations           | 6            |
|    time_elapsed         | 5984         |
|    total_timesteps      | 98304        |
| train/                  |              |
|    approx_kl            | 0.0056576408 |
|    clip_fraction        | 0.0628       |
|    clip_range           | 0.2          |
|    entropy_loss         | -1.29        |
|    explained_variance   | 0.396        |
|    learning_rate        | 0.0003       |
|    loss                 | 8.32         |
|    n_updates            | 50           |
|    policy_gradient_loss | -0.00744     |
|    std                  | 0.875        |
|    value_loss           | 15.4         |
------------------------------------------
-----------------------------------------
| rollout/                |             |
|    ep_len_mean          | 94.9        |
|    ep_rew_mean          | 71.1        |
| time/                   |             |
|    fps                  | 16          |
|    iterations           | 7           |
|    time_elapsed         | 6972        |
|    total_timesteps      | 114688      |
| train/                  |             |
|    approx_kl            | 0.006402102 |
|    clip_fraction        | 0.076       |
|    clip_range           | 0.2         |
|    entropy_loss         | -1.27       |
|    explained_variance   | 0.464       |
|    learning_rate        | 0.0003      |
|    loss                 | 5.59        |
|    n_updates            | 60          |
|    policy_gradient_loss | -0.00637    |
|    std                  | 0.864       |
|    value_loss           | 12          |
-----------------------------------------
-----------------------------------------
| rollout/                |             |
|    ep_len_mean          | 111         |
|    ep_rew_mean          | 83.4        |
| time/                   |             |
|    fps                  | 16          |
|    iterations           | 8           |
|    time_elapsed         | 7958        |
|    total_timesteps      | 131072      |
| train/                  |             |
|    approx_kl            | 0.009687277 |
|    clip_fraction        | 0.114       |
|    clip_range           | 0.2         |
|    entropy_loss         | -1.25       |
|    explained_variance   | 0.232       |
|    learning_rate        | 0.0003      |
|    loss                 | 0.915       |
|    n_updates            | 70          |
|    policy_gradient_loss | -0.00767    |
|    std                  | 0.843       |
|    value_loss           | 11          |
-----------------------------------------
-----------------------------------------
| rollout/                |             |
|    ep_len_mean          | 111         |
|    ep_rew_mean          | 84.6        |
| time/                   |             |
|    fps                  | 16          |
|    iterations           | 9           |
|    time_elapsed         | 8944        |
|    total_timesteps      | 147456      |
| train/                  |             |
|    approx_kl            | 0.007612378 |
|    clip_fraction        | 0.0787      |
|    clip_range           | 0.2         |
|    entropy_loss         | -1.22       |
|    explained_variance   | 0.294       |
|    learning_rate        | 0.0003      |
|    loss                 | 0.633       |
|    n_updates            | 80          |
|    policy_gradient_loss | -0.00569    |
|    std                  | 0.819       |
|    value_loss           | 5.6         |
-----------------------------------------
------------------------------------------
| rollout/                |              |
|    ep_len_mean          | 106          |
|    ep_rew_mean          | 81.7         |
| time/                   |              |
|    fps                  | 16           |
|    iterations           | 10           |
|    time_elapsed         | 9931         |
|    total_timesteps      | 163840       |
| train/                  |              |
|    approx_kl            | 0.0070591895 |
|    clip_fraction        | 0.0825       |
|    clip_range           | 0.2          |
|    entropy_loss         | -1.2         |
|    explained_variance   | 0.332        |
|    learning_rate        | 0.0003       |
|    loss                 | 11.7         |
|    n_updates            | 90           |
|    policy_gradient_loss | -0.00525     |
|    std                  | 0.804        |
|    value_loss           | 6.02         |
------------------------------------------
----------------------------------------
| rollout/                |            |
|    ep_len_mean          | 106        |
|    ep_rew_mean          | 81.7       |
| time/                   |            |
|    fps                  | 16         |
|    iterations           | 11         |
|    time_elapsed         | 10915      |
|    total_timesteps      | 180224     |
| train/                  |            |
|    approx_kl            | 0.00550304 |
|    clip_fraction        | 0.0569     |
|    clip_range           | 0.2        |
|    entropy_loss         | -1.19      |
|    explained_variance   | 0.193      |
|    learning_rate        | 0.0003     |
|    loss                 | 5.83       |
|    n_updates            | 100        |
|    policy_gradient_loss | -0.00276   |
|    std                  | 0.786      |
|    value_loss           | 14         |
----------------------------------------
-----------------------------------------
| rollout/                |             |
|    ep_len_mean          | 111         |
|    ep_rew_mean          | 86.7        |
| time/                   |             |
|    fps                  | 16          |
|    iterations           | 12          |
|    time_elapsed         | 11901       |
|    total_timesteps      | 196608      |
| train/                  |             |
|    approx_kl            | 0.005208814 |
|    clip_fraction        | 0.0558      |
|    clip_range           | 0.2         |
|    entropy_loss         | -1.17       |
|    explained_variance   | 0.122       |
|    learning_rate        | 0.0003      |
|    loss                 | 1.55        |
|    n_updates            | 110         |
|    policy_gradient_loss | -0.0023     |
|    std                  | 0.78        |
|    value_loss           | 17.7        |
-----------------------------------------
------------------------------------------
| rollout/                |              |
|    ep_len_mean          | 112          |
|    ep_rew_mean          | 87.6         |
| time/                   |              |
|    fps                  | 16           |
|    iterations           | 13           |
|    time_elapsed         | 12885        |
|    total_timesteps      | 212992       |
| train/                  |              |
|    approx_kl            | 0.0064971815 |
|    clip_fraction        | 0.0732       |
|    clip_range           | 0.2          |
|    entropy_loss         | -1.16        |
|    explained_variance   | 0.126        |
|    learning_rate        | 0.0003       |
|    loss                 | 0.286        |
|    n_updates            | 120          |
|    policy_gradient_loss | -0.00228     |
|    std                  | 0.774        |
|    value_loss           | 15           |
------------------------------------------
------------------------------------------
| rollout/                |              |
|    ep_len_mean          | 114          |
|    ep_rew_mean          | 89.7         |
| time/                   |              |
|    fps                  | 16           |
|    iterations           | 14           |
|    time_elapsed         | 13870        |
|    total_timesteps      | 229376       |
| train/                  |              |
|    approx_kl            | 0.0036169933 |
|    clip_fraction        | 0.0509       |
|    clip_range           | 0.2          |
|    entropy_loss         | -1.16        |
|    explained_variance   | 0.144        |
|    learning_rate        | 0.0003       |
|    loss                 | 11.6         |
|    n_updates            | 130          |
|    policy_gradient_loss | -0.00112     |
|    std                  | 0.769        |
|    value_loss           | 18.4         |
------------------------------------------
-----------------------------------------
| rollout/                |             |
|    ep_len_mean          | 112         |
|    ep_rew_mean          | 88.2        |
| time/                   |             |
|    fps                  | 16          |
|    iterations           | 15          |
|    time_elapsed         | 14855       |
|    total_timesteps      | 245760      |
| train/                  |             |
|    approx_kl            | 0.007327935 |
|    clip_fraction        | 0.0748      |
|    clip_range           | 0.2         |
|    entropy_loss         | -1.15       |
|    explained_variance   | 0.043       |
|    learning_rate        | 0.0003      |
|    loss                 | 0.239       |
|    n_updates            | 140         |
|    policy_gradient_loss | -0.00296    |
|    std                  | 0.764       |
|    value_loss           | 7.69        |
-----------------------------------------
------------------------------------------
| rollout/                |              |
|    ep_len_mean          | 112          |
|    ep_rew_mean          | 88.3         |
| time/                   |              |
|    fps                  | 16           |
|    iterations           | 16           |
|    time_elapsed         | 15838        |
|    total_timesteps      | 262144       |
| train/                  |              |
|    approx_kl            | 0.0063893227 |
|    clip_fraction        | 0.0669       |
|    clip_range           | 0.2          |
|    entropy_loss         | -1.14        |
|    explained_variance   | 0.172        |
|    learning_rate        | 0.0003       |
|    loss                 | 0.347        |
|    n_updates            | 150          |
|    policy_gradient_loss | -0.00152     |
|    std                  | 0.755        |
|    value_loss           | 13           |
------------------------------------------
------------------------------------------
| rollout/                |              |
|    ep_len_mean          | 116          |
|    ep_rew_mean          | 92.1         |
| time/                   |              |
|    fps                  | 16           |
|    iterations           | 17           |
|    time_elapsed         | 16822        |
|    total_timesteps      | 278528       |
| train/                  |              |
|    approx_kl            | 0.0048927395 |
|    clip_fraction        | 0.0482       |
|    clip_range           | 0.2          |
|    entropy_loss         | -1.13        |
|    explained_variance   | 0.159        |
|    learning_rate        | 0.0003       |
|    loss                 | 22.3         |
|    n_updates            | 160          |
|    policy_gradient_loss | -0.002       |
|    std                  | 0.745        |
|    value_loss           | 26           |
------------------------------------------
----------------------------------------
| rollout/                |            |
|    ep_len_mean          | 112        |
|    ep_rew_mean          | 89.3       |
| time/                   |            |
|    fps                  | 16         |
|    iterations           | 18         |
|    time_elapsed         | 17807      |
|    total_timesteps      | 294912     |
| train/                  |            |
|    approx_kl            | 0.00612229 |
|    clip_fraction        | 0.0727     |
|    clip_range           | 0.2        |
|    entropy_loss         | -1.11      |
|    explained_variance   | 0.198      |
|    learning_rate        | 0.0003     |
|    loss                 | 0.14       |
|    n_updates            | 170        |
|    policy_gradient_loss | -0.00185   |
|    std                  | 0.731      |
|    value_loss           | 16.8       |
----------------------------------------
-----------------------------------------
| rollout/                |             |
|    ep_len_mean          | 114         |
|    ep_rew_mean          | 91.4        |
| time/                   |             |
|    fps                  | 16          |
|    iterations           | 19          |
|    time_elapsed         | 18791       |
|    total_timesteps      | 311296      |
| train/                  |             |
|    approx_kl            | 0.005468428 |
|    clip_fraction        | 0.0585      |
|    clip_range           | 0.2         |
|    entropy_loss         | -1.11       |
|    explained_variance   | 0.184       |
|    learning_rate        | 0.0003      |
|    loss                 | 24.7        |
|    n_updates            | 180         |
|    policy_gradient_loss | -0.00129    |
|    std                  | 0.732       |
|    value_loss           | 25.8        |
-----------------------------------------
------------------------------------------
| rollout/                |              |
|    ep_len_mean          | 112          |
|    ep_rew_mean          | 89           |
| time/                   |              |
|    fps                  | 16           |
|    iterations           | 20           |
|    time_elapsed         | 19777        |
|    total_timesteps      | 327680       |
| train/                  |              |
|    approx_kl            | 0.0052682757 |
|    clip_fraction        | 0.0477       |
|    clip_range           | 0.2          |
|    entropy_loss         | -1.1         |
|    explained_variance   | 0.088        |
|    learning_rate        | 0.0003       |
|    loss                 | 3.74         |
|    n_updates            | 190          |
|    policy_gradient_loss | -0.00104     |
|    std                  | 0.724        |
|    value_loss           | 35.5         |
------------------------------------------
------------------------------------------
| rollout/                |              |
|    ep_len_mean          | 112          |
|    ep_rew_mean          | 90.2         |
| time/                   |              |
|    fps                  | 16           |
|    iterations           | 21           |
|    time_elapsed         | 20763        |
|    total_timesteps      | 344064       |
| train/                  |              |
|    approx_kl            | 0.0046777194 |
|    clip_fraction        | 0.0618       |
|    clip_range           | 0.2          |
|    entropy_loss         | -1.08        |
|    explained_variance   | 0.0815       |
|    learning_rate        | 0.0003       |
|    loss                 | 2.68         |
|    n_updates            | 200          |
|    policy_gradient_loss | -0.00235     |
|    std                  | 0.71         |
|    value_loss           | 44.3         |
------------------------------------------
-----------------------------------------
| rollout/                |             |
|    ep_len_mean          | 112         |
|    ep_rew_mean          | 90.5        |
| time/                   |             |
|    fps                  | 16          |
|    iterations           | 22          |
|    time_elapsed         | 21748       |
|    total_timesteps      | 360448      |
| train/                  |             |
|    approx_kl            | 0.006881577 |
|    clip_fraction        | 0.0714      |
|    clip_range           | 0.2         |
|    entropy_loss         | -1.05       |
|    explained_variance   | 0.19        |
|    learning_rate        | 0.0003      |
|    loss                 | 34.5        |
|    n_updates            | 210         |
|    policy_gradient_loss | -0.00161    |
|    std                  | 0.686       |
|    value_loss           | 30.4        |
-----------------------------------------
------------------------------------------
| rollout/                |              |
|    ep_len_mean          | 108          |
|    ep_rew_mean          | 86.6         |
| time/                   |              |
|    fps                  | 16           |
|    iterations           | 23           |
|    time_elapsed         | 22734        |
|    total_timesteps      | 376832       |
| train/                  |              |
|    approx_kl            | 0.0041839685 |
|    clip_fraction        | 0.0532       |
|    clip_range           | 0.2          |
|    entropy_loss         | -1.03        |
|    explained_variance   | 0.185        |
|    learning_rate        | 0.0003       |
|    loss                 | 1.35         |
|    n_updates            | 220          |
|    policy_gradient_loss | -0.000541    |
|    std                  | 0.676        |
|    value_loss           | 25.7         |
------------------------------------------
-----------------------------------------
| rollout/                |             |
|    ep_len_mean          | 112         |
|    ep_rew_mean          | 89.6        |
| time/                   |             |
|    fps                  | 16          |
|    iterations           | 24          |
|    time_elapsed         | 23722       |
|    total_timesteps      | 393216      |
| train/                  |             |
|    approx_kl            | 0.004766938 |
|    clip_fraction        | 0.0443      |
|    clip_range           | 0.2         |
|    entropy_loss         | -1.03       |
|    explained_variance   | 0.134       |
|    learning_rate        | 0.0003      |
|    loss                 | 0.663       |
|    n_updates            | 230         |
|    policy_gradient_loss | -0.000847   |
|    std                  | 0.679       |
|    value_loss           | 36.6        |
-----------------------------------------
------------------------------------------
| rollout/                |              |
|    ep_len_mean          | 109          |
|    ep_rew_mean          | 87.6         |
| time/                   |              |
|    fps                  | 16           |
|    iterations           | 25           |
|    time_elapsed         | 24708        |
|    total_timesteps      | 409600       |
| train/                  |              |
|    approx_kl            | 0.0055355825 |
|    clip_fraction        | 0.0551       |
|    clip_range           | 0.2          |
|    entropy_loss         | -1.02        |
|    explained_variance   | 0.152        |
|    learning_rate        | 0.0003       |
|    loss                 | 0.141        |
|    n_updates            | 240          |
|    policy_gradient_loss | -0.000698    |
|    std                  | 0.668        |
|    value_loss           | 24.2         |
------------------------------------------
-----------------------------------------
| rollout/                |             |
|    ep_len_mean          | 116         |
|    ep_rew_mean          | 93.5        |
| time/                   |             |
|    fps                  | 16          |
|    iterations           | 26          |
|    time_elapsed         | 25693       |
|    total_timesteps      | 425984      |
| train/                  |             |
|    approx_kl            | 0.005279865 |
|    clip_fraction        | 0.0596      |
|    clip_range           | 0.2         |
|    entropy_loss         | -1          |
|    explained_variance   | 0.29        |
|    learning_rate        | 0.0003      |
|    loss                 | 25.9        |
|    n_updates            | 250         |
|    policy_gradient_loss | -0.000843   |
|    std                  | 0.658       |
|    value_loss           | 17.1        |
-----------------------------------------
------------------------------------------
| rollout/                |              |
|    ep_len_mean          | 110          |
|    ep_rew_mean          | 88.9         |
| time/                   |              |
|    fps                  | 16           |
|    iterations           | 27           |
|    time_elapsed         | 26679        |
|    total_timesteps      | 442368       |
| train/                  |              |
|    approx_kl            | 0.0065397946 |
|    clip_fraction        | 0.0583       |
|    clip_range           | 0.2          |
|    entropy_loss         | -0.997       |
|    explained_variance   | 0.228        |
|    learning_rate        | 0.0003       |
|    loss                 | 0.768        |
|    n_updates            | 260          |
|    policy_gradient_loss | -0.00157     |
|    std                  | 0.656        |
|    value_loss           | 24.9         |
------------------------------------------
-----------------------------------------
| rollout/                |             |
|    ep_len_mean          | 113         |
|    ep_rew_mean          | 90.9        |
| time/                   |             |
|    fps                  | 16          |
|    iterations           | 28          |
|    time_elapsed         | 27663       |
|    total_timesteps      | 458752      |
| train/                  |             |
|    approx_kl            | 0.006572107 |
|    clip_fraction        | 0.0614      |
|    clip_range           | 0.2         |
|    entropy_loss         | -0.994      |
|    explained_variance   | 0.152       |
|    learning_rate        | 0.0003      |
|    loss                 | 28.6        |
|    n_updates            | 270         |
|    policy_gradient_loss | -0.00202    |
|    std                  | 0.65        |
|    value_loss           | 44.1        |
-----------------------------------------
------------------------------------------
| rollout/                |              |
|    ep_len_mean          | 116          |
|    ep_rew_mean          | 93.2         |
| time/                   |              |
|    fps                  | 16           |
|    iterations           | 29           |
|    time_elapsed         | 28649        |
|    total_timesteps      | 475136       |
| train/                  |              |
|    approx_kl            | 0.0066934675 |
|    clip_fraction        | 0.061        |
|    clip_range           | 0.2          |
|    entropy_loss         | -0.987       |
|    explained_variance   | 0.202        |
|    learning_rate        | 0.0003       |
|    loss                 | 44.5         |
|    n_updates            | 280          |
|    policy_gradient_loss | -0.00168     |
|    std                  | 0.65         |
|    value_loss           | 32           |
------------------------------------------
----------------------------------------
| rollout/                |            |
|    ep_len_mean          | 111        |
|    ep_rew_mean          | 89.2       |
| time/                   |            |
|    fps                  | 16         |
|    iterations           | 30         |
|    time_elapsed         | 29634      |
|    total_timesteps      | 491520     |
| train/                  |            |
|    approx_kl            | 0.00559416 |
|    clip_fraction        | 0.0576     |
|    clip_range           | 0.2        |
|    entropy_loss         | -0.976     |
|    explained_variance   | 0.205      |
|    learning_rate        | 0.0003     |
|    loss                 | 29.3       |
|    n_updates            | 290        |
|    policy_gradient_loss | -0.00112   |
|    std                  | 0.636      |
|    value_loss           | 32.2       |
----------------------------------------
-----------------------------------------
| rollout/                |             |
|    ep_len_mean          | 108         |
|    ep_rew_mean          | 86.9        |
| time/                   |             |
|    fps                  | 16          |
|    iterations           | 31          |
|    time_elapsed         | 30619       |
|    total_timesteps      | 507904      |
| train/                  |             |
|    approx_kl            | 0.005037388 |
|    clip_fraction        | 0.0626      |
|    clip_range           | 0.2         |
|    entropy_loss         | -0.96       |
|    explained_variance   | 0.264       |
|    learning_rate        | 0.0003      |
|    loss                 | 16.5        |
|    n_updates            | 300         |
|    policy_gradient_loss | -0.000401   |
|    std                  | 0.631       |
|    value_loss           | 24.1        |
-----------------------------------------


###############################################################################
TCHPC Cluster: callan
Job 156756 (base_cf_obs20_dense_ne8_1000000_v6) for User 'hadjitot' in Account 'callan_hadjitot'
Finished at: Sat Mar  7 15:05:17 GMT 2026

Job efficiency estimates:
=========================

Job ID: 156756
Cluster: callan
User/Group: hadjitot/hadjitot
State: TIMEOUT (exit code 0)
Nodes: 1
Cores per node: 16
CPU Utilized: 00:00:00
CPU Efficiency: 0.00% of 32-00:01:20 core-walltime
Job Wall-clock time: 2-00:00:05
Memory Utilized: 0.00 MB
Memory Efficiency: 0.00% of 32.00 GB (32.00 GB/node)

Job completion status:
======================

JobID           JobName AllocCPUS NTasks NNodes     MaxRSS    MaxRSSNode  MaxDiskRead MaxDiskWrite    Elapsed      State ExitCode 
------------ ---------- --------- ------ ------ ---------- ------------- ------------ ------------ ---------- ---------- -------- 
156756       base_cf_o+        16             1                                                    2-00:00:05    TIMEOUT      0:0 
156756.batch      batch        16      1      1                                                    2-00:00:05    TIMEOUT      0:0 
156756.exte+     extern        16      1      1                                                    2-00:00:05    TIMEOUT      0:0 


Job details:
============

JobId=156756 JobName=base_cf_obs20_dense_ne8_1000000_v6
   UserId=hadjitot(2357) GroupId=hadjitot(2300) MCS_label=N/A
   Priority=104235 Nice=0 Account=callan_hadjitot QOS=normal
   JobState=COMPLETING Reason=TimeLimit Dependency=(null)
   Requeue=0 Restarts=0 BatchFlag=1 Reboot=0 ExitCode=0:0
   DerivedExitCode=0:0
   RunTime=2-00:00:05 TimeLimit=2-00:00:00 TimeMin=N/A
   SubmitTime=2026-03-05T15:05:07 EligibleTime=2026-03-05T15:05:07
   AccrueTime=2026-03-05T15:05:07
   StartTime=2026-03-05T15:05:11 EndTime=2026-03-07T15:05:16 Deadline=N/A
   SuspendTime=None SecsPreSuspend=0 LastSchedEval=2026-03-05T15:05:11 Scheduler=Backfill
   Partition=compute AllocNode:Sid=callan01:23784
   ReqNodeList=(null) ExcNodeList=(null)
   NodeList=callan-n04
   BatchHost=callan-n04
   NumNodes=1 NumCPUs=16 NumTasks=1 CPUs/Task=16 ReqB:S:C:T=0:0:*:*
   ReqTRES=cpu=16,mem=32G,node=1,billing=16
   AllocTRES=cpu=16,mem=32G,node=1,billing=16
   Socks/Node=* NtasksPerN:B:S:C=0:0:*:* CoreSpec=*
   JOB_GRES=(null)
     Nodes=callan-n04 CPU_IDs=28-31,52-63 Mem=32768 GRES=
   MinCPUsNode=16 MinMemoryNode=32G MinTmpDiskNode=0
   Features=(null) DelayBoot=00:00:00
   OverSubscribe=OK Contiguous=0 Licenses=(null) LicensesAlloc=(null) Network=(null)
   Command=/home/users/hadjitot/fyp/HighwayEnv/slurm/train_baseline.sbatch
   WorkDir=/home/users/hadjitot/fyp/HighwayEnv
   StdErr=/home/users/hadjitot/fyp/HighwayEnv/slurm_out/base_cf_obs20_dense_ne8_1000000_v6_156756.err
   StdIn=/dev/null
   StdOut=/home/users/hadjitot/fyp/HighwayEnv/slurm_out/base_cf_obs20_dense_ne8_1000000_v6_156756.out
   TresPerTask=cpu=16
   


Disk quota details:
===================

                         Block Limits                                    |                     File Limits
Name       type             MB      quota      limit   in_doubt    grace |    files   quota    limit in_doubt    grace
root       USR         4824702          0          0          0     none |   383869       0        0        0     none
root       FILESET     4633364          0          0       2289     none |  9859564       0        0      647     none


SLURM Bank Statement:
=====================

User           Usage |        Account     Usage | Account Limit Available (CPU hrs)
---------- --------- + -------------- --------- + ------------- ---------
hadjitot      17,844 | CALLAN_HADJITOT    17,844 |       300,000   282,156


Acknowledgements:
=================

Note that usage of TCHPC Resources *must* be acknowledged in all publications.

Please see this page for details relevant to this cluster:

http://www.tchpc.tcd.ie/resources/acknowledgementpolicy

################################################################################
