Loading Anaconda 3 2024.02-1
ppo_baseline_cf_obs20_dense_v12_seed1 obs shape: (20, 5) action space: Box(-1.0, 1.0, (1,), float32)
Using cpu device
Logging to runs/tb/ppo_baseline_cf_obs20_dense_v12_seed1_1
---------------------------------
| rollout/           |          |
|    ep_len_mean     | 12       |
|    ep_rew_mean     | -0.886   |
| time/              |          |
|    fps             | 146      |
|    iterations      | 1        |
|    time_elapsed    | 55       |
|    total_timesteps | 8192     |
---------------------------------
------------------------------------------
| rollout/                |              |
|    ep_len_mean          | 12.2         |
|    ep_rew_mean          | -0.867       |
| time/                   |              |
|    fps                  | 145          |
|    iterations           | 2            |
|    time_elapsed         | 112          |
|    total_timesteps      | 16384        |
| train/                  |              |
|    approx_kl            | 0.0028940234 |
|    clip_fraction        | 0.0117       |
|    clip_range           | 0.2          |
|    entropy_loss         | -1.41        |
|    explained_variance   | 0.000672     |
|    learning_rate        | 0.0003       |
|    loss                 | 0.372        |
|    n_updates            | 10           |
|    policy_gradient_loss | -0.000783    |
|    std                  | 0.995        |
|    value_loss           | 2.86         |
------------------------------------------
-----------------------------------------
| rollout/                |             |
|    ep_len_mean          | 12.5        |
|    ep_rew_mean          | -0.79       |
| time/                   |             |
|    fps                  | 145         |
|    iterations           | 3           |
|    time_elapsed         | 168         |
|    total_timesteps      | 24576       |
| train/                  |             |
|    approx_kl            | 0.012343291 |
|    clip_fraction        | 0.154       |
|    clip_range           | 0.2         |
|    entropy_loss         | -1.42       |
|    explained_variance   | 0.953       |
|    learning_rate        | 0.0003      |
|    loss                 | 0.0622      |
|    n_updates            | 20          |
|    policy_gradient_loss | -0.0135     |
|    std                  | 1.01        |
|    value_loss           | 0.194       |
-----------------------------------------
----------------------------------------
| rollout/                |            |
|    ep_len_mean          | 13.1       |
|    ep_rew_mean          | -0.792     |
| time/                   |            |
|    fps                  | 145        |
|    iterations           | 4          |
|    time_elapsed         | 224        |
|    total_timesteps      | 32768      |
| train/                  |            |
|    approx_kl            | 0.01281212 |
|    clip_fraction        | 0.169      |
|    clip_range           | 0.2        |
|    entropy_loss         | -1.44      |
|    explained_variance   | 0.985      |
|    learning_rate        | 0.0003     |
|    loss                 | 0.0365     |
|    n_updates            | 30         |
|    policy_gradient_loss | -0.0182    |
|    std                  | 1.02       |
|    value_loss           | 0.0953     |
----------------------------------------
------------------------------------------
| rollout/                |              |
|    ep_len_mean          | 13.8         |
|    ep_rew_mean          | -0.582       |
| time/                   |              |
|    fps                  | 145          |
|    iterations           | 5            |
|    time_elapsed         | 281          |
|    total_timesteps      | 40960        |
| train/                  |              |
|    approx_kl            | 0.0139352605 |
|    clip_fraction        | 0.171        |
|    clip_range           | 0.2          |
|    entropy_loss         | -1.42        |
|    explained_variance   | 0.992        |
|    learning_rate        | 0.0003       |
|    loss                 | 0.00928      |
|    n_updates            | 40           |
|    policy_gradient_loss | -0.0182      |
|    std                  | 0.976        |
|    value_loss           | 0.0718       |
------------------------------------------
-----------------------------------------
| rollout/                |             |
|    ep_len_mean          | 14.3        |
|    ep_rew_mean          | -0.537      |
| time/                   |             |
|    fps                  | 146         |
|    iterations           | 6           |
|    time_elapsed         | 335         |
|    total_timesteps      | 49152       |
| train/                  |             |
|    approx_kl            | 0.017229497 |
|    clip_fraction        | 0.178       |
|    clip_range           | 0.2         |
|    entropy_loss         | -1.36       |
|    explained_variance   | 0.994       |
|    learning_rate        | 0.0003      |
|    loss                 | 0.0291      |
|    n_updates            | 50          |
|    policy_gradient_loss | -0.0204     |
|    std                  | 0.925       |
|    value_loss           | 0.0599      |
-----------------------------------------
-----------------------------------------
| rollout/                |             |
|    ep_len_mean          | 15          |
|    ep_rew_mean          | -0.538      |
| time/                   |             |
|    fps                  | 146         |
|    iterations           | 7           |
|    time_elapsed         | 391         |
|    total_timesteps      | 57344       |
| train/                  |             |
|    approx_kl            | 0.014931751 |
|    clip_fraction        | 0.168       |
|    clip_range           | 0.2         |
|    entropy_loss         | -1.3        |
|    explained_variance   | 0.995       |
|    learning_rate        | 0.0003      |
|    loss                 | 0.0293      |
|    n_updates            | 60          |
|    policy_gradient_loss | -0.018      |
|    std                  | 0.876       |
|    value_loss           | 0.0474      |
-----------------------------------------
-----------------------------------------
| rollout/                |             |
|    ep_len_mean          | 15.6        |
|    ep_rew_mean          | -0.456      |
| time/                   |             |
|    fps                  | 146         |
|    iterations           | 8           |
|    time_elapsed         | 446         |
|    total_timesteps      | 65536       |
| train/                  |             |
|    approx_kl            | 0.016669312 |
|    clip_fraction        | 0.153       |
|    clip_range           | 0.2         |
|    entropy_loss         | -1.24       |
|    explained_variance   | 0.995       |
|    learning_rate        | 0.0003      |
|    loss                 | 0.0138      |
|    n_updates            | 70          |
|    policy_gradient_loss | -0.0166     |
|    std                  | 0.817       |
|    value_loss           | 0.0456      |
-----------------------------------------
----------------------------------------
| rollout/                |            |
|    ep_len_mean          | 16.8       |
|    ep_rew_mean          | -0.36      |
| time/                   |            |
|    fps                  | 146        |
|    iterations           | 9          |
|    time_elapsed         | 502        |
|    total_timesteps      | 73728      |
| train/                  |            |
|    approx_kl            | 0.01930521 |
|    clip_fraction        | 0.159      |
|    clip_range           | 0.2        |
|    entropy_loss         | -1.16      |
|    explained_variance   | 0.996      |
|    learning_rate        | 0.0003     |
|    loss                 | 0.0111     |
|    n_updates            | 80         |
|    policy_gradient_loss | -0.0181    |
|    std                  | 0.757      |
|    value_loss           | 0.0403     |
----------------------------------------
------------------------------------------
| rollout/                |              |
|    ep_len_mean          | 22           |
|    ep_rew_mean          | -1.73        |
| time/                   |              |
|    fps                  | 146          |
|    iterations           | 10           |
|    time_elapsed         | 558          |
|    total_timesteps      | 81920        |
| train/                  |              |
|    approx_kl            | 0.0076609156 |
|    clip_fraction        | 0.082        |
|    clip_range           | 0.2          |
|    entropy_loss         | -1.12        |
|    explained_variance   | 0.586        |
|    learning_rate        | 0.0003       |
|    loss                 | 0.0745       |
|    n_updates            | 90           |
|    policy_gradient_loss | -0.0025      |
|    std                  | 0.742        |
|    value_loss           | 0.655        |
------------------------------------------
------------------------------------------
| rollout/                |              |
|    ep_len_mean          | 21           |
|    ep_rew_mean          | -0.981       |
| time/                   |              |
|    fps                  | 146          |
|    iterations           | 11           |
|    time_elapsed         | 613          |
|    total_timesteps      | 90112        |
| train/                  |              |
|    approx_kl            | 0.0063685006 |
|    clip_fraction        | 0.0696       |
|    clip_range           | 0.2          |
|    entropy_loss         | -1.11        |
|    explained_variance   | 0.5          |
|    learning_rate        | 0.0003       |
|    loss                 | 0.261        |
|    n_updates            | 100          |
|    policy_gradient_loss | -0.00192     |
|    std                  | 0.727        |
|    value_loss           | 0.887        |
------------------------------------------
-----------------------------------------
| rollout/                |             |
|    ep_len_mean          | 22.3        |
|    ep_rew_mean          | -1.61       |
| time/                   |             |
|    fps                  | 146         |
|    iterations           | 12          |
|    time_elapsed         | 668         |
|    total_timesteps      | 98304       |
| train/                  |             |
|    approx_kl            | 0.005597853 |
|    clip_fraction        | 0.0505      |
|    clip_range           | 0.2         |
|    entropy_loss         | -1.09       |
|    explained_variance   | 0.713       |
|    learning_rate        | 0.0003      |
|    loss                 | 0.228       |
|    n_updates            | 110         |
|    policy_gradient_loss | -0.00168    |
|    std                  | 0.719       |
|    value_loss           | 0.666       |
-----------------------------------------
------------------------------------------
| rollout/                |              |
|    ep_len_mean          | 24.7         |
|    ep_rew_mean          | -1.94        |
| time/                   |              |
|    fps                  | 147          |
|    iterations           | 13           |
|    time_elapsed         | 724          |
|    total_timesteps      | 106496       |
| train/                  |              |
|    approx_kl            | 0.0038727683 |
|    clip_fraction        | 0.0291       |
|    clip_range           | 0.2          |
|    entropy_loss         | -1.07        |
|    explained_variance   | 0.869        |
|    learning_rate        | 0.0003       |
|    loss                 | 0.0711       |
|    n_updates            | 120          |
|    policy_gradient_loss | -0.000429    |
|    std                  | 0.707        |
|    value_loss           | 0.408        |
------------------------------------------
------------------------------------------
| rollout/                |              |
|    ep_len_mean          | 24.6         |
|    ep_rew_mean          | -1.96        |
| time/                   |              |
|    fps                  | 147          |
|    iterations           | 14           |
|    time_elapsed         | 777          |
|    total_timesteps      | 114688       |
| train/                  |              |
|    approx_kl            | 0.0028962772 |
|    clip_fraction        | 0.0391       |
|    clip_range           | 0.2          |
|    entropy_loss         | -1.07        |
|    explained_variance   | 0.939        |
|    learning_rate        | 0.0003       |
|    loss                 | 0.102        |
|    n_updates            | 130          |
|    policy_gradient_loss | -0.000261    |
|    std                  | 0.703        |
|    value_loss           | 0.505        |
------------------------------------------
-----------------------------------------
| rollout/                |             |
|    ep_len_mean          | 26.3        |
|    ep_rew_mean          | -2.24       |
| time/                   |             |
|    fps                  | 147         |
|    iterations           | 15          |
|    time_elapsed         | 832         |
|    total_timesteps      | 122880      |
| train/                  |             |
|    approx_kl            | 0.004941416 |
|    clip_fraction        | 0.045       |
|    clip_range           | 0.2         |
|    entropy_loss         | -1.07       |
|    explained_variance   | 0.96        |
|    learning_rate        | 0.0003      |
|    loss                 | 0.479       |
|    n_updates            | 140         |
|    policy_gradient_loss | -0.00187    |
|    std                  | 0.702       |
|    value_loss           | 1.06        |
-----------------------------------------
-----------------------------------------
| rollout/                |             |
|    ep_len_mean          | 20.9        |
|    ep_rew_mean          | -1.21       |
| time/                   |             |
|    fps                  | 147         |
|    iterations           | 16          |
|    time_elapsed         | 888         |
|    total_timesteps      | 131072      |
| train/                  |             |
|    approx_kl            | 0.004693257 |
|    clip_fraction        | 0.052       |
|    clip_range           | 0.2         |
|    entropy_loss         | -1.06       |
|    explained_variance   | 0.968       |
|    learning_rate        | 0.0003      |
|    loss                 | 0.655       |
|    n_updates            | 150         |
|    policy_gradient_loss | -0.00199    |
|    std                  | 0.701       |
|    value_loss           | 1.56        |
-----------------------------------------
------------------------------------------
| rollout/                |              |
|    ep_len_mean          | 19.5         |
|    ep_rew_mean          | -0.681       |
| time/                   |              |
|    fps                  | 147          |
|    iterations           | 17           |
|    time_elapsed         | 943          |
|    total_timesteps      | 139264       |
| train/                  |              |
|    approx_kl            | 0.0052118683 |
|    clip_fraction        | 0.0594       |
|    clip_range           | 0.2          |
|    entropy_loss         | -1.08        |
|    explained_variance   | 0.968        |
|    learning_rate        | 0.0003       |
|    loss                 | 1.13         |
|    n_updates            | 160          |
|    policy_gradient_loss | -0.00296     |
|    std                  | 0.716        |
|    value_loss           | 1.91         |
------------------------------------------
-----------------------------------------
| rollout/                |             |
|    ep_len_mean          | 17.6        |
|    ep_rew_mean          | -0.309      |
| time/                   |             |
|    fps                  | 147         |
|    iterations           | 18          |
|    time_elapsed         | 998         |
|    total_timesteps      | 147456      |
| train/                  |             |
|    approx_kl            | 0.006409796 |
|    clip_fraction        | 0.061       |
|    clip_range           | 0.2         |
|    entropy_loss         | -1.1        |
|    explained_variance   | 0.971       |
|    learning_rate        | 0.0003      |
|    loss                 | 1.06        |
|    n_updates            | 170         |
|    policy_gradient_loss | -0.00242    |
|    std                  | 0.733       |
|    value_loss           | 1.58        |
-----------------------------------------
-----------------------------------------
| rollout/                |             |
|    ep_len_mean          | 17.4        |
|    ep_rew_mean          | -0.305      |
| time/                   |             |
|    fps                  | 147         |
|    iterations           | 19          |
|    time_elapsed         | 1055        |
|    total_timesteps      | 155648      |
| train/                  |             |
|    approx_kl            | 0.003325167 |
|    clip_fraction        | 0.0363      |
|    clip_range           | 0.2         |
|    entropy_loss         | -1.11       |
|    explained_variance   | 0.967       |
|    learning_rate        | 0.0003      |
|    loss                 | 0.0914      |
|    n_updates            | 180         |
|    policy_gradient_loss | 4.71e-05    |
|    std                  | 0.736       |
|    value_loss           | 0.773       |
-----------------------------------------
-----------------------------------------
| rollout/                |             |
|    ep_len_mean          | 16.8        |
|    ep_rew_mean          | -0.416      |
| time/                   |             |
|    fps                  | 147         |
|    iterations           | 20          |
|    time_elapsed         | 1112        |
|    total_timesteps      | 163840      |
| train/                  |             |
|    approx_kl            | 0.005415299 |
|    clip_fraction        | 0.0418      |
|    clip_range           | 0.2         |
|    entropy_loss         | -1.11       |
|    explained_variance   | 0.958       |
|    learning_rate        | 0.0003      |
|    loss                 | 0.0854      |
|    n_updates            | 190         |
|    policy_gradient_loss | 7.8e-05     |
|    std                  | 0.729       |
|    value_loss           | 0.71        |
-----------------------------------------
------------------------------------------
| rollout/                |              |
|    ep_len_mean          | 18.5         |
|    ep_rew_mean          | -0.715       |
| time/                   |              |
|    fps                  | 147          |
|    iterations           | 21           |
|    time_elapsed         | 1167         |
|    total_timesteps      | 172032       |
| train/                  |              |
|    approx_kl            | 0.0033286032 |
|    clip_fraction        | 0.0403       |
|    clip_range           | 0.2          |
|    entropy_loss         | -1.09        |
|    explained_variance   | 0.978        |
|    learning_rate        | 0.0003       |
|    loss                 | 0.394        |
|    n_updates            | 200          |
|    policy_gradient_loss | 0.000262     |
|    std                  | 0.718        |
|    value_loss           | 0.267        |
------------------------------------------
------------------------------------------
| rollout/                |              |
|    ep_len_mean          | 17.2         |
|    ep_rew_mean          | -0.273       |
| time/                   |              |
|    fps                  | 147          |
|    iterations           | 22           |
|    time_elapsed         | 1223         |
|    total_timesteps      | 180224       |
| train/                  |              |
|    approx_kl            | 0.0061787777 |
|    clip_fraction        | 0.0706       |
|    clip_range           | 0.2          |
|    entropy_loss         | -1.08        |
|    explained_variance   | 0.984        |
|    learning_rate        | 0.0003       |
|    loss                 | 0.175        |
|    n_updates            | 210          |
|    policy_gradient_loss | -0.00341     |
|    std                  | 0.705        |
|    value_loss           | 0.331        |
------------------------------------------
-----------------------------------------
| rollout/                |             |
|    ep_len_mean          | 17.1        |
|    ep_rew_mean          | -0.34       |
| time/                   |             |
|    fps                  | 147         |
|    iterations           | 23          |
|    time_elapsed         | 1279        |
|    total_timesteps      | 188416      |
| train/                  |             |
|    approx_kl            | 0.008773409 |
|    clip_fraction        | 0.0966      |
|    clip_range           | 0.2         |
|    entropy_loss         | -1.04       |
|    explained_variance   | 0.98        |
|    learning_rate        | 0.0003      |
|    loss                 | 0.0254      |
|    n_updates            | 220         |
|    policy_gradient_loss | -0.00493    |
|    std                  | 0.679       |
|    value_loss           | 0.265       |
-----------------------------------------
-----------------------------------------
| rollout/                |             |
|    ep_len_mean          | 17.3        |
|    ep_rew_mean          | -0.317      |
| time/                   |             |
|    fps                  | 147         |
|    iterations           | 24          |
|    time_elapsed         | 1335        |
|    total_timesteps      | 196608      |
| train/                  |             |
|    approx_kl            | 0.007661315 |
|    clip_fraction        | 0.0762      |
|    clip_range           | 0.2         |
|    entropy_loss         | -1.02       |
|    explained_variance   | 0.984       |
|    learning_rate        | 0.0003      |
|    loss                 | 0.0411      |
|    n_updates            | 230         |
|    policy_gradient_loss | -0.00311    |
|    std                  | 0.665       |
|    value_loss           | 0.394       |
-----------------------------------------
------------------------------------------
| rollout/                |              |
|    ep_len_mean          | 18           |
|    ep_rew_mean          | -0.249       |
| time/                   |              |
|    fps                  | 147          |
|    iterations           | 25           |
|    time_elapsed         | 1390         |
|    total_timesteps      | 204800       |
| train/                  |              |
|    approx_kl            | 0.0058011524 |
|    clip_fraction        | 0.091        |
|    clip_range           | 0.2          |
|    entropy_loss         | -0.981       |
|    explained_variance   | 0.971        |
|    learning_rate        | 0.0003       |
|    loss                 | 0.0154       |
|    n_updates            | 240          |
|    policy_gradient_loss | -0.00386     |
|    std                  | 0.642        |
|    value_loss           | 0.0945       |
------------------------------------------
-----------------------------------------
| rollout/                |             |
|    ep_len_mean          | 18.1        |
|    ep_rew_mean          | -0.237      |
| time/                   |             |
|    fps                  | 147         |
|    iterations           | 26          |
|    time_elapsed         | 1445        |
|    total_timesteps      | 212992      |
| train/                  |             |
|    approx_kl            | 0.008706668 |
|    clip_fraction        | 0.101       |
|    clip_range           | 0.2         |
|    entropy_loss         | -0.944      |
|    explained_variance   | 0.987       |
|    learning_rate        | 0.0003      |
|    loss                 | 0.0148      |
|    n_updates            | 250         |
|    policy_gradient_loss | -0.00498    |
|    std                  | 0.61        |
|    value_loss           | 0.173       |
-----------------------------------------
-----------------------------------------
| rollout/                |             |
|    ep_len_mean          | 18.9        |
|    ep_rew_mean          | -0.132      |
| time/                   |             |
|    fps                  | 147         |
|    iterations           | 27          |
|    time_elapsed         | 1501        |
|    total_timesteps      | 221184      |
| train/                  |             |
|    approx_kl            | 0.007684936 |
|    clip_fraction        | 0.0672      |
|    clip_range           | 0.2         |
|    entropy_loss         | -0.905      |
|    explained_variance   | 0.976       |
|    learning_rate        | 0.0003      |
|    loss                 | 0.0368      |
|    n_updates            | 260         |
|    policy_gradient_loss | -0.0014     |
|    std                  | 0.59        |
|    value_loss           | 0.503       |
-----------------------------------------
-----------------------------------------
| rollout/                |             |
|    ep_len_mean          | 18.6        |
|    ep_rew_mean          | -0.208      |
| time/                   |             |
|    fps                  | 147         |
|    iterations           | 28          |
|    time_elapsed         | 1556        |
|    total_timesteps      | 229376      |
| train/                  |             |
|    approx_kl            | 0.009308422 |
|    clip_fraction        | 0.0863      |
|    clip_range           | 0.2         |
|    entropy_loss         | -0.874      |
|    explained_variance   | 0.97        |
|    learning_rate        | 0.0003      |
|    loss                 | 0.0504      |
|    n_updates            | 270         |
|    policy_gradient_loss | -0.000144   |
|    std                  | 0.576       |
|    value_loss           | 0.581       |
-----------------------------------------
-----------------------------------------
| rollout/                |             |
|    ep_len_mean          | 18.7        |
|    ep_rew_mean          | -0.07       |
| time/                   |             |
|    fps                  | 147         |
|    iterations           | 29          |
|    time_elapsed         | 1612        |
|    total_timesteps      | 237568      |
| train/                  |             |
|    approx_kl            | 0.008104626 |
|    clip_fraction        | 0.0813      |
|    clip_range           | 0.2         |
|    entropy_loss         | -0.823      |
|    explained_variance   | 0.977       |
|    learning_rate        | 0.0003      |
|    loss                 | 0.0246      |
|    n_updates            | 280         |
|    policy_gradient_loss | -0.00132    |
|    std                  | 0.54        |
|    value_loss           | 0.235       |
-----------------------------------------
-----------------------------------------
| rollout/                |             |
|    ep_len_mean          | 18.5        |
|    ep_rew_mean          | -0.285      |
| time/                   |             |
|    fps                  | 147         |
|    iterations           | 30          |
|    time_elapsed         | 1667        |
|    total_timesteps      | 245760      |
| train/                  |             |
|    approx_kl            | 0.011157023 |
|    clip_fraction        | 0.118       |
|    clip_range           | 0.2         |
|    entropy_loss         | -0.757      |
|    explained_variance   | 0.995       |
|    learning_rate        | 0.0003      |
|    loss                 | 0.00338     |
|    n_updates            | 290         |
|    policy_gradient_loss | -0.00782    |
|    std                  | 0.509       |
|    value_loss           | 0.0408      |
-----------------------------------------
-----------------------------------------
| rollout/                |             |
|    ep_len_mean          | 25.5        |
|    ep_rew_mean          | -1.62       |
| time/                   |             |
|    fps                  | 147         |
|    iterations           | 31          |
|    time_elapsed         | 1722        |
|    total_timesteps      | 253952      |
| train/                  |             |
|    approx_kl            | 0.013049578 |
|    clip_fraction        | 0.129       |
|    clip_range           | 0.2         |
|    entropy_loss         | -0.708      |
|    explained_variance   | 0.994       |
|    learning_rate        | 0.0003      |
|    loss                 | 0.0179      |
|    n_updates            | 300         |
|    policy_gradient_loss | -0.00797    |
|    std                  | 0.482       |
|    value_loss           | 0.0458      |
-----------------------------------------
------------------------------------------
| rollout/                |              |
|    ep_len_mean          | 20.6         |
|    ep_rew_mean          | -0.598       |
| time/                   |              |
|    fps                  | 147          |
|    iterations           | 32           |
|    time_elapsed         | 1777         |
|    total_timesteps      | 262144       |
| train/                  |              |
|    approx_kl            | 0.0057160268 |
|    clip_fraction        | 0.054        |
|    clip_range           | 0.2          |
|    entropy_loss         | -0.69        |
|    explained_variance   | 0.965        |
|    learning_rate        | 0.0003       |
|    loss                 | 0.0555       |
|    n_updates            | 310          |
|    policy_gradient_loss | 0.00124      |
|    std                  | 0.483        |
|    value_loss           | 0.261        |
------------------------------------------
-----------------------------------------
| rollout/                |             |
|    ep_len_mean          | 24.1        |
|    ep_rew_mean          | -1.25       |
| time/                   |             |
|    fps                  | 147         |
|    iterations           | 33          |
|    time_elapsed         | 1831        |
|    total_timesteps      | 270336      |
| train/                  |             |
|    approx_kl            | 0.009332105 |
|    clip_fraction        | 0.0983      |
|    clip_range           | 0.2         |
|    entropy_loss         | -0.667      |
|    explained_variance   | 0.988       |
|    learning_rate        | 0.0003      |
|    loss                 | 0.272       |
|    n_updates            | 320         |
|    policy_gradient_loss | -0.00173    |
|    std                  | 0.465       |
|    value_loss           | 0.18        |
-----------------------------------------
-----------------------------------------
| rollout/                |             |
|    ep_len_mean          | 29.6        |
|    ep_rew_mean          | -2.24       |
| time/                   |             |
|    fps                  | 147         |
|    iterations           | 34          |
|    time_elapsed         | 1884        |
|    total_timesteps      | 278528      |
| train/                  |             |
|    approx_kl            | 0.012070803 |
|    clip_fraction        | 0.114       |
|    clip_range           | 0.2         |
|    entropy_loss         | -0.63       |
|    explained_variance   | 0.984       |
|    learning_rate        | 0.0003      |
|    loss                 | 0.0217      |
|    n_updates            | 330         |
|    policy_gradient_loss | -0.00104    |
|    std                  | 0.448       |
|    value_loss           | 0.346       |
-----------------------------------------
-----------------------------------------
| rollout/                |             |
|    ep_len_mean          | 25.2        |
|    ep_rew_mean          | -1.07       |
| time/                   |             |
|    fps                  | 147         |
|    iterations           | 35          |
|    time_elapsed         | 1940        |
|    total_timesteps      | 286720      |
| train/                  |             |
|    approx_kl            | 0.007041433 |
|    clip_fraction        | 0.0841      |
|    clip_range           | 0.2         |
|    entropy_loss         | -0.624      |
|    explained_variance   | 0.981       |
|    learning_rate        | 0.0003      |
|    loss                 | 0.103       |
|    n_updates            | 340         |
|    policy_gradient_loss | -0.00129    |
|    std                  | 0.454       |
|    value_loss           | 0.733       |
-----------------------------------------
------------------------------------------
| rollout/                |              |
|    ep_len_mean          | 28.6         |
|    ep_rew_mean          | -1.66        |
| time/                   |              |
|    fps                  | 147          |
|    iterations           | 36           |
|    time_elapsed         | 1994         |
|    total_timesteps      | 294912       |
| train/                  |              |
|    approx_kl            | 0.0066761402 |
|    clip_fraction        | 0.0992       |
|    clip_range           | 0.2          |
|    entropy_loss         | -0.634       |
|    explained_variance   | 0.985        |
|    learning_rate        | 0.0003       |
|    loss                 | 0.199        |
|    n_updates            | 350          |
|    policy_gradient_loss | -0.00267     |
|    std                  | 0.458        |
|    value_loss           | 0.776        |
------------------------------------------
-----------------------------------------
| rollout/                |             |
|    ep_len_mean          | 24.1        |
|    ep_rew_mean          | -0.307      |
| time/                   |             |
|    fps                  | 147         |
|    iterations           | 37          |
|    time_elapsed         | 2049        |
|    total_timesteps      | 303104      |
| train/                  |             |
|    approx_kl            | 0.006350601 |
|    clip_fraction        | 0.0848      |
|    clip_range           | 0.2         |
|    entropy_loss         | -0.628      |
|    explained_variance   | 0.986       |
|    learning_rate        | 0.0003      |
|    loss                 | 0.182       |
|    n_updates            | 360         |
|    policy_gradient_loss | -0.00331    |
|    std                  | 0.452       |
|    value_loss           | 0.679       |
-----------------------------------------
-----------------------------------------
| rollout/                |             |
|    ep_len_mean          | 22.3        |
|    ep_rew_mean          | -0.474      |
| time/                   |             |
|    fps                  | 147         |
|    iterations           | 38          |
|    time_elapsed         | 2103        |
|    total_timesteps      | 311296      |
| train/                  |             |
|    approx_kl            | 0.007964956 |
|    clip_fraction        | 0.0845      |
|    clip_range           | 0.2         |
|    entropy_loss         | -0.609      |
|    explained_variance   | 0.976       |
|    learning_rate        | 0.0003      |
|    loss                 | 0.514       |
|    n_updates            | 370         |
|    policy_gradient_loss | 0.00018     |
|    std                  | 0.442       |
|    value_loss           | 0.599       |
-----------------------------------------
------------------------------------------
| rollout/                |              |
|    ep_len_mean          | 28.5         |
|    ep_rew_mean          | -1.74        |
| time/                   |              |
|    fps                  | 148          |
|    iterations           | 39           |
|    time_elapsed         | 2157         |
|    total_timesteps      | 319488       |
| train/                  |              |
|    approx_kl            | 0.0061890325 |
|    clip_fraction        | 0.0614       |
|    clip_range           | 0.2          |
|    entropy_loss         | -0.59        |
|    explained_variance   | 0.98         |
|    learning_rate        | 0.0003       |
|    loss                 | 0.467        |
|    n_updates            | 380          |
|    policy_gradient_loss | 0.000893     |
|    std                  | 0.434        |
|    value_loss           | 0.675        |
------------------------------------------
-----------------------------------------
| rollout/                |             |
|    ep_len_mean          | 22.8        |
|    ep_rew_mean          | -0.417      |
| time/                   |             |
|    fps                  | 148         |
|    iterations           | 40          |
|    time_elapsed         | 2212        |
|    total_timesteps      | 327680      |
| train/                  |             |
|    approx_kl            | 0.004264174 |
|    clip_fraction        | 0.0726      |
|    clip_range           | 0.2         |
|    entropy_loss         | -0.573      |
|    explained_variance   | 0.985       |
|    learning_rate        | 0.0003      |
|    loss                 | 0.561       |
|    n_updates            | 390         |
|    policy_gradient_loss | 0.00109     |
|    std                  | 0.428       |
|    value_loss           | 0.769       |
-----------------------------------------
----------------------------------------
| rollout/                |            |
|    ep_len_mean          | 28.5       |
|    ep_rew_mean          | -1.17      |
| time/                   |            |
|    fps                  | 148        |
|    iterations           | 41         |
|    time_elapsed         | 2266       |
|    total_timesteps      | 335872     |
| train/                  |            |
|    approx_kl            | 0.00780282 |
|    clip_fraction        | 0.0759     |
|    clip_range           | 0.2        |
|    entropy_loss         | -0.553     |
|    explained_variance   | 0.98       |
|    learning_rate        | 0.0003     |
|    loss                 | 0.461      |
|    n_updates            | 400        |
|    policy_gradient_loss | -0.000931  |
|    std                  | 0.418      |
|    value_loss           | 0.515      |
----------------------------------------
------------------------------------------
| rollout/                |              |
|    ep_len_mean          | 34.1         |
|    ep_rew_mean          | -2.53        |
| time/                   |              |
|    fps                  | 148          |
|    iterations           | 42           |
|    time_elapsed         | 2321         |
|    total_timesteps      | 344064       |
| train/                  |              |
|    approx_kl            | 0.0054287715 |
|    clip_fraction        | 0.0652       |
|    clip_range           | 0.2          |
|    entropy_loss         | -0.54        |
|    explained_variance   | 0.985        |
|    learning_rate        | 0.0003       |
|    loss                 | 0.294        |
|    n_updates            | 410          |
|    policy_gradient_loss | -0.0028      |
|    std                  | 0.414        |
|    value_loss           | 0.659        |
------------------------------------------
------------------------------------------
| rollout/                |              |
|    ep_len_mean          | 26.7         |
|    ep_rew_mean          | -0.541       |
| time/                   |              |
|    fps                  | 148          |
|    iterations           | 43           |
|    time_elapsed         | 2376         |
|    total_timesteps      | 352256       |
| train/                  |              |
|    approx_kl            | 0.0077817263 |
|    clip_fraction        | 0.083        |
|    clip_range           | 0.2          |
|    entropy_loss         | -0.525       |
|    explained_variance   | 0.984        |
|    learning_rate        | 0.0003       |
|    loss                 | 0.346        |
|    n_updates            | 420          |
|    policy_gradient_loss | -0.00158     |
|    std                  | 0.406        |
|    value_loss           | 0.917        |
------------------------------------------
-----------------------------------------
| rollout/                |             |
|    ep_len_mean          | 30.2        |
|    ep_rew_mean          | -1.35       |
| time/                   |             |
|    fps                  | 148         |
|    iterations           | 44          |
|    time_elapsed         | 2430        |
|    total_timesteps      | 360448      |
| train/                  |             |
|    approx_kl            | 0.009335376 |
|    clip_fraction        | 0.0921      |
|    clip_range           | 0.2         |
|    entropy_loss         | -0.515      |
|    explained_variance   | 0.979       |
|    learning_rate        | 0.0003      |
|    loss                 | 0.354       |
|    n_updates            | 430         |
|    policy_gradient_loss | -0.000896   |
|    std                  | 0.407       |
|    value_loss           | 0.674       |
-----------------------------------------
-----------------------------------------
| rollout/                |             |
|    ep_len_mean          | 31.4        |
|    ep_rew_mean          | -1.38       |
| time/                   |             |
|    fps                  | 148         |
|    iterations           | 45          |
|    time_elapsed         | 2484        |
|    total_timesteps      | 368640      |
| train/                  |             |
|    approx_kl            | 0.005651852 |
|    clip_fraction        | 0.0653      |
|    clip_range           | 0.2         |
|    entropy_loss         | -0.503      |
|    explained_variance   | 0.98        |
|    learning_rate        | 0.0003      |
|    loss                 | 0.169       |
|    n_updates            | 440         |
|    policy_gradient_loss | 1.2e-05     |
|    std                  | 0.397       |
|    value_loss           | 0.702       |
-----------------------------------------
------------------------------------------
| rollout/                |              |
|    ep_len_mean          | 34.1         |
|    ep_rew_mean          | -1.91        |
| time/                   |              |
|    fps                  | 148          |
|    iterations           | 46           |
|    time_elapsed         | 2539         |
|    total_timesteps      | 376832       |
| train/                  |              |
|    approx_kl            | 0.0071349246 |
|    clip_fraction        | 0.0856       |
|    clip_range           | 0.2          |
|    entropy_loss         | -0.481       |
|    explained_variance   | 0.987        |
|    learning_rate        | 0.0003       |
|    loss                 | 0.146        |
|    n_updates            | 450          |
|    policy_gradient_loss | 0.00045      |
|    std                  | 0.387        |
|    value_loss           | 0.603        |
------------------------------------------
-----------------------------------------
| rollout/                |             |
|    ep_len_mean          | 26.9        |
|    ep_rew_mean          | -1.05       |
| time/                   |             |
|    fps                  | 148         |
|    iterations           | 47          |
|    time_elapsed         | 2594        |
|    total_timesteps      | 385024      |
| train/                  |             |
|    approx_kl            | 0.008306982 |
|    clip_fraction        | 0.0821      |
|    clip_range           | 0.2         |
|    entropy_loss         | -0.458      |
|    explained_variance   | 0.983       |
|    learning_rate        | 0.0003      |
|    loss                 | 0.415       |
|    n_updates            | 460         |
|    policy_gradient_loss | 9.25e-05    |
|    std                  | 0.381       |
|    value_loss           | 0.758       |
-----------------------------------------
-----------------------------------------
| rollout/                |             |
|    ep_len_mean          | 25          |
|    ep_rew_mean          | -0.176      |
| time/                   |             |
|    fps                  | 148         |
|    iterations           | 48          |
|    time_elapsed         | 2650        |
|    total_timesteps      | 393216      |
| train/                  |             |
|    approx_kl            | 0.007184463 |
|    clip_fraction        | 0.0751      |
|    clip_range           | 0.2         |
|    entropy_loss         | -0.434      |
|    explained_variance   | 0.983       |
|    learning_rate        | 0.0003      |
|    loss                 | 0.0881      |
|    n_updates            | 470         |
|    policy_gradient_loss | 0.000346    |
|    std                  | 0.372       |
|    value_loss           | 0.388       |
-----------------------------------------
-----------------------------------------
| rollout/                |             |
|    ep_len_mean          | 23.9        |
|    ep_rew_mean          | -0.192      |
| time/                   |             |
|    fps                  | 148         |
|    iterations           | 49          |
|    time_elapsed         | 2705        |
|    total_timesteps      | 401408      |
| train/                  |             |
|    approx_kl            | 0.008027429 |
|    clip_fraction        | 0.0945      |
|    clip_range           | 0.2         |
|    entropy_loss         | -0.415      |
|    explained_variance   | 0.971       |
|    learning_rate        | 0.0003      |
|    loss                 | 0.146       |
|    n_updates            | 480         |
|    policy_gradient_loss | 0.00217     |
|    std                  | 0.364       |
|    value_loss           | 0.239       |
-----------------------------------------
------------------------------------------
| rollout/                |              |
|    ep_len_mean          | 25.2         |
|    ep_rew_mean          | -0.0715      |
| time/                   |              |
|    fps                  | 148          |
|    iterations           | 50           |
|    time_elapsed         | 2761         |
|    total_timesteps      | 409600       |
| train/                  |              |
|    approx_kl            | 0.0058640754 |
|    clip_fraction        | 0.0786       |
|    clip_range           | 0.2          |
|    entropy_loss         | -0.407       |
|    explained_variance   | 0.984        |
|    learning_rate        | 0.0003       |
|    loss                 | 0.172        |
|    n_updates            | 490          |
|    policy_gradient_loss | 0.00111      |
|    std                  | 0.364        |
|    value_loss           | 0.351        |
------------------------------------------
------------------------------------------
| rollout/                |              |
|    ep_len_mean          | 27.8         |
|    ep_rew_mean          | -0.376       |
| time/                   |              |
|    fps                  | 148          |
|    iterations           | 51           |
|    time_elapsed         | 2814         |
|    total_timesteps      | 417792       |
| train/                  |              |
|    approx_kl            | 0.0070398217 |
|    clip_fraction        | 0.0806       |
|    clip_range           | 0.2          |
|    entropy_loss         | -0.407       |
|    explained_variance   | 0.977        |
|    learning_rate        | 0.0003       |
|    loss                 | 0.226        |
|    n_updates            | 500          |
|    policy_gradient_loss | -0.000398    |
|    std                  | 0.364        |
|    value_loss           | 0.475        |
------------------------------------------
-----------------------------------------
| rollout/                |             |
|    ep_len_mean          | 34.7        |
|    ep_rew_mean          | 0.473       |
| time/                   |             |
|    fps                  | 148         |
|    iterations           | 52          |
|    time_elapsed         | 2869        |
|    total_timesteps      | 425984      |
| train/                  |             |
|    approx_kl            | 0.008999108 |
|    clip_fraction        | 0.0838      |
|    clip_range           | 0.2         |
|    entropy_loss         | -0.396      |
|    explained_variance   | 0.981       |
|    learning_rate        | 0.0003      |
|    loss                 | 0.26        |
|    n_updates            | 510         |
|    policy_gradient_loss | 0.00117     |
|    std                  | 0.358       |
|    value_loss           | 0.594       |
-----------------------------------------
-----------------------------------------
| rollout/                |             |
|    ep_len_mean          | 38.4        |
|    ep_rew_mean          | -0.476      |
| time/                   |             |
|    fps                  | 148         |
|    iterations           | 53          |
|    time_elapsed         | 2923        |
|    total_timesteps      | 434176      |
| train/                  |             |
|    approx_kl            | 0.008061296 |
|    clip_fraction        | 0.0822      |
|    clip_range           | 0.2         |
|    entropy_loss         | -0.374      |
|    explained_variance   | 0.969       |
|    learning_rate        | 0.0003      |
|    loss                 | 0.298       |
|    n_updates            | 520         |
|    policy_gradient_loss | -0.000299   |
|    std                  | 0.349       |
|    value_loss           | 0.887       |
-----------------------------------------
----------------------------------------
| rollout/                |            |
|    ep_len_mean          | 35.9       |
|    ep_rew_mean          | 0.521      |
| time/                   |            |
|    fps                  | 148        |
|    iterations           | 54         |
|    time_elapsed         | 2977       |
|    total_timesteps      | 442368     |
| train/                  |            |
|    approx_kl            | 0.00996059 |
|    clip_fraction        | 0.107      |
|    clip_range           | 0.2        |
|    entropy_loss         | -0.346     |
|    explained_variance   | 0.972      |
|    learning_rate        | 0.0003     |
|    loss                 | 0.371      |
|    n_updates            | 530        |
|    policy_gradient_loss | -0.000938  |
|    std                  | 0.341      |
|    value_loss           | 0.875      |
----------------------------------------
-----------------------------------------
| rollout/                |             |
|    ep_len_mean          | 32.9        |
|    ep_rew_mean          | 0.278       |
| time/                   |             |
|    fps                  | 148         |
|    iterations           | 55          |
|    time_elapsed         | 3031        |
|    total_timesteps      | 450560      |
| train/                  |             |
|    approx_kl            | 0.006427879 |
|    clip_fraction        | 0.0881      |
|    clip_range           | 0.2         |
|    entropy_loss         | -0.329      |
|    explained_variance   | 0.956       |
|    learning_rate        | 0.0003      |
|    loss                 | 0.443       |
|    n_updates            | 540         |
|    policy_gradient_loss | 0.000607    |
|    std                  | 0.334       |
|    value_loss           | 0.906       |
-----------------------------------------
-----------------------------------------
| rollout/                |             |
|    ep_len_mean          | 29          |
|    ep_rew_mean          | 0.405       |
| time/                   |             |
|    fps                  | 148         |
|    iterations           | 56          |
|    time_elapsed         | 3085        |
|    total_timesteps      | 458752      |
| train/                  |             |
|    approx_kl            | 0.009022962 |
|    clip_fraction        | 0.106       |
|    clip_range           | 0.2         |
|    entropy_loss         | -0.3        |
|    explained_variance   | 0.962       |
|    learning_rate        | 0.0003      |
|    loss                 | 0.151       |
|    n_updates            | 550         |
|    policy_gradient_loss | 0.000928    |
|    std                  | 0.324       |
|    value_loss           | 0.667       |
-----------------------------------------
-----------------------------------------
| rollout/                |             |
|    ep_len_mean          | 31.8        |
|    ep_rew_mean          | 0.664       |
| time/                   |             |
|    fps                  | 148         |
|    iterations           | 57          |
|    time_elapsed         | 3141        |
|    total_timesteps      | 466944      |
| train/                  |             |
|    approx_kl            | 0.009497201 |
|    clip_fraction        | 0.104       |
|    clip_range           | 0.2         |
|    entropy_loss         | -0.273      |
|    explained_variance   | 0.951       |
|    learning_rate        | 0.0003      |
|    loss                 | 0.262       |
|    n_updates            | 560         |
|    policy_gradient_loss | -0.000359   |
|    std                  | 0.316       |
|    value_loss           | 0.608       |
-----------------------------------------
-----------------------------------------
| rollout/                |             |
|    ep_len_mean          | 26.6        |
|    ep_rew_mean          | 0.288       |
| time/                   |             |
|    fps                  | 148         |
|    iterations           | 58          |
|    time_elapsed         | 3196        |
|    total_timesteps      | 475136      |
| train/                  |             |
|    approx_kl            | 0.009984757 |
|    clip_fraction        | 0.0996      |
|    clip_range           | 0.2         |
|    entropy_loss         | -0.265      |
|    explained_variance   | 0.926       |
|    learning_rate        | 0.0003      |
|    loss                 | 0.245       |
|    n_updates            | 570         |
|    policy_gradient_loss | -0.000193   |
|    std                  | 0.314       |
|    value_loss           | 0.646       |
-----------------------------------------
------------------------------------------
| rollout/                |              |
|    ep_len_mean          | 31.5         |
|    ep_rew_mean          | 0.556        |
| time/                   |              |
|    fps                  | 148          |
|    iterations           | 59           |
|    time_elapsed         | 3250         |
|    total_timesteps      | 483328       |
| train/                  |              |
|    approx_kl            | 0.0076689143 |
|    clip_fraction        | 0.0933       |
|    clip_range           | 0.2          |
|    entropy_loss         | -0.248       |
|    explained_variance   | 0.949        |
|    learning_rate        | 0.0003       |
|    loss                 | 0.246        |
|    n_updates            | 580          |
|    policy_gradient_loss | -0.00306     |
|    std                  | 0.309        |
|    value_loss           | 0.588        |
------------------------------------------
-----------------------------------------
| rollout/                |             |
|    ep_len_mean          | 35.8        |
|    ep_rew_mean          | 1.08        |
| time/                   |             |
|    fps                  | 148         |
|    iterations           | 60          |
|    time_elapsed         | 3304        |
|    total_timesteps      | 491520      |
| train/                  |             |
|    approx_kl            | 0.008774439 |
|    clip_fraction        | 0.112       |
|    clip_range           | 0.2         |
|    entropy_loss         | -0.233      |
|    explained_variance   | 0.95        |
|    learning_rate        | 0.0003      |
|    loss                 | 0.181       |
|    n_updates            | 590         |
|    policy_gradient_loss | -0.00357    |
|    std                  | 0.304       |
|    value_loss           | 0.58        |
-----------------------------------------
------------------------------------------
| rollout/                |              |
|    ep_len_mean          | 38.5         |
|    ep_rew_mean          | 1.02         |
| time/                   |              |
|    fps                  | 148          |
|    iterations           | 61           |
|    time_elapsed         | 3358         |
|    total_timesteps      | 499712       |
| train/                  |              |
|    approx_kl            | 0.0070974543 |
|    clip_fraction        | 0.102        |
|    clip_range           | 0.2          |
|    entropy_loss         | -0.211       |
|    explained_variance   | 0.926        |
|    learning_rate        | 0.0003       |
|    loss                 | 0.319        |
|    n_updates            | 600          |
|    policy_gradient_loss | -0.00152     |
|    std                  | 0.296        |
|    value_loss           | 0.715        |
------------------------------------------
-----------------------------------------
| rollout/                |             |
|    ep_len_mean          | 47.5        |
|    ep_rew_mean          | 2.06        |
| time/                   |             |
|    fps                  | 148         |
|    iterations           | 62          |
|    time_elapsed         | 3413        |
|    total_timesteps      | 507904      |
| train/                  |             |
|    approx_kl            | 0.013975775 |
|    clip_fraction        | 0.102       |
|    clip_range           | 0.2         |
|    entropy_loss         | -0.186      |
|    explained_variance   | 0.908       |
|    learning_rate        | 0.0003      |
|    loss                 | 0.411       |
|    n_updates            | 610         |
|    policy_gradient_loss | -0.00178    |
|    std                  | 0.29        |
|    value_loss           | 0.898       |
-----------------------------------------
------------------------------------------
| rollout/                |              |
|    ep_len_mean          | 51.3         |
|    ep_rew_mean          | 2.41         |
| time/                   |              |
|    fps                  | 148          |
|    iterations           | 63           |
|    time_elapsed         | 3467         |
|    total_timesteps      | 516096       |
| train/                  |              |
|    approx_kl            | 0.0098024495 |
|    clip_fraction        | 0.109        |
|    clip_range           | 0.2          |
|    entropy_loss         | -0.158       |
|    explained_variance   | 0.92         |
|    learning_rate        | 0.0003       |
|    loss                 | 0.471        |
|    n_updates            | 620          |
|    policy_gradient_loss | -0.00367     |
|    std                  | 0.281        |
|    value_loss           | 0.753        |
------------------------------------------
-----------------------------------------
| rollout/                |             |
|    ep_len_mean          | 61          |
|    ep_rew_mean          | 3.28        |
| time/                   |             |
|    fps                  | 148         |
|    iterations           | 64          |
|    time_elapsed         | 3520        |
|    total_timesteps      | 524288      |
| train/                  |             |
|    approx_kl            | 0.013597025 |
|    clip_fraction        | 0.108       |
|    clip_range           | 0.2         |
|    entropy_loss         | -0.141      |
|    explained_variance   | 0.893       |
|    learning_rate        | 0.0003      |
|    loss                 | 0.419       |
|    n_updates            | 630         |
|    policy_gradient_loss | -0.000228   |
|    std                  | 0.28        |
|    value_loss           | 0.811       |
-----------------------------------------
-----------------------------------------
| rollout/                |             |
|    ep_len_mean          | 55          |
|    ep_rew_mean          | 2.81        |
| time/                   |             |
|    fps                  | 148         |
|    iterations           | 65          |
|    time_elapsed         | 3575        |
|    total_timesteps      | 532480      |
| train/                  |             |
|    approx_kl            | 0.008486971 |
|    clip_fraction        | 0.092       |
|    clip_range           | 0.2         |
|    entropy_loss         | -0.138      |
|    explained_variance   | 0.873       |
|    learning_rate        | 0.0003      |
|    loss                 | 0.982       |
|    n_updates            | 640         |
|    policy_gradient_loss | 0.0015      |
|    std                  | 0.277       |
|    value_loss           | 1.22        |
-----------------------------------------
------------------------------------------
| rollout/                |              |
|    ep_len_mean          | 58.5         |
|    ep_rew_mean          | 3.18         |
| time/                   |              |
|    fps                  | 148          |
|    iterations           | 66           |
|    time_elapsed         | 3628         |
|    total_timesteps      | 540672       |
| train/                  |              |
|    approx_kl            | 0.0043691867 |
|    clip_fraction        | 0.088        |
|    clip_range           | 0.2          |
|    entropy_loss         | -0.126       |
|    explained_variance   | 0.885        |
|    learning_rate        | 0.0003       |
|    loss                 | 0.254        |
|    n_updates            | 650          |
|    policy_gradient_loss | 0.00138      |
|    std                  | 0.273        |
|    value_loss           | 1.22         |
------------------------------------------
-----------------------------------------
| rollout/                |             |
|    ep_len_mean          | 53.4        |
|    ep_rew_mean          | 2.6         |
| time/                   |             |
|    fps                  | 149         |
|    iterations           | 67          |
|    time_elapsed         | 3681        |
|    total_timesteps      | 548864      |
| train/                  |             |
|    approx_kl            | 0.010339489 |
|    clip_fraction        | 0.0886      |
|    clip_range           | 0.2         |
|    entropy_loss         | -0.113      |
|    explained_variance   | 0.885       |
|    learning_rate        | 0.0003      |
|    loss                 | 0.553       |
|    n_updates            | 660         |
|    policy_gradient_loss | 0.00282     |
|    std                  | 0.27        |
|    value_loss           | 1.14        |
-----------------------------------------
-----------------------------------------
| rollout/                |             |
|    ep_len_mean          | 57.1        |
|    ep_rew_mean          | 3.15        |
| time/                   |             |
|    fps                  | 149         |
|    iterations           | 68          |
|    time_elapsed         | 3735        |
|    total_timesteps      | 557056      |
| train/                  |             |
|    approx_kl            | 0.008665111 |
|    clip_fraction        | 0.106       |
|    clip_range           | 0.2         |
|    entropy_loss         | -0.104      |
|    explained_variance   | 0.871       |
|    learning_rate        | 0.0003      |
|    loss                 | 0.612       |
|    n_updates            | 670         |
|    policy_gradient_loss | 0.00175     |
|    std                  | 0.267       |
|    value_loss           | 1.26        |
-----------------------------------------
-----------------------------------------
| rollout/                |             |
|    ep_len_mean          | 51.4        |
|    ep_rew_mean          | 2.28        |
| time/                   |             |
|    fps                  | 149         |
|    iterations           | 69          |
|    time_elapsed         | 3791        |
|    total_timesteps      | 565248      |
| train/                  |             |
|    approx_kl            | 0.009087736 |
|    clip_fraction        | 0.113       |
|    clip_range           | 0.2         |
|    entropy_loss         | -0.0846     |
|    explained_variance   | 0.883       |
|    learning_rate        | 0.0003      |
|    loss                 | 1.46        |
|    n_updates            | 680         |
|    policy_gradient_loss | 0.00105     |
|    std                  | 0.263       |
|    value_loss           | 1.28        |
-----------------------------------------
-----------------------------------------
| rollout/                |             |
|    ep_len_mean          | 44.1        |
|    ep_rew_mean          | 1.9         |
| time/                   |             |
|    fps                  | 149         |
|    iterations           | 70          |
|    time_elapsed         | 3843        |
|    total_timesteps      | 573440      |
| train/                  |             |
|    approx_kl            | 0.008485759 |
|    clip_fraction        | 0.108       |
|    clip_range           | 0.2         |
|    entropy_loss         | -0.0715     |
|    explained_variance   | 0.855       |
|    learning_rate        | 0.0003      |
|    loss                 | 0.383       |
|    n_updates            | 690         |
|    policy_gradient_loss | 0.00339     |
|    std                  | 0.261       |
|    value_loss           | 1.53        |
-----------------------------------------
-----------------------------------------
| rollout/                |             |
|    ep_len_mean          | 56.1        |
|    ep_rew_mean          | 2.89        |
| time/                   |             |
|    fps                  | 149         |
|    iterations           | 71          |
|    time_elapsed         | 3897        |
|    total_timesteps      | 581632      |
| train/                  |             |
|    approx_kl            | 0.008633895 |
|    clip_fraction        | 0.103       |
|    clip_range           | 0.2         |
|    entropy_loss         | -0.0698     |
|    explained_variance   | 0.861       |
|    learning_rate        | 0.0003      |
|    loss                 | 0.667       |
|    n_updates            | 700         |
|    policy_gradient_loss | -0.000693   |
|    std                  | 0.259       |
|    value_loss           | 1.97        |
-----------------------------------------
-----------------------------------------
| rollout/                |             |
|    ep_len_mean          | 63.1        |
|    ep_rew_mean          | 3.91        |
| time/                   |             |
|    fps                  | 149         |
|    iterations           | 72          |
|    time_elapsed         | 3950        |
|    total_timesteps      | 589824      |
| train/                  |             |
|    approx_kl            | 0.009964364 |
|    clip_fraction        | 0.133       |
|    clip_range           | 0.2         |
|    entropy_loss         | -0.0595     |
|    explained_variance   | 0.89        |
|    learning_rate        | 0.0003      |
|    loss                 | 0.502       |
|    n_updates            | 710         |
|    policy_gradient_loss | -0.00115    |
|    std                  | 0.255       |
|    value_loss           | 1.16        |
-----------------------------------------
------------------------------------------
| rollout/                |              |
|    ep_len_mean          | 53           |
|    ep_rew_mean          | 2.84         |
| time/                   |              |
|    fps                  | 149          |
|    iterations           | 73           |
|    time_elapsed         | 4003         |
|    total_timesteps      | 598016       |
| train/                  |              |
|    approx_kl            | 0.0072487285 |
|    clip_fraction        | 0.104        |
|    clip_range           | 0.2          |
|    entropy_loss         | -0.046       |
|    explained_variance   | 0.874        |
|    learning_rate        | 0.0003       |
|    loss                 | 0.905        |
|    n_updates            | 720          |
|    policy_gradient_loss | 0.00203      |
|    std                  | 0.252        |
|    value_loss           | 1.36         |
------------------------------------------
----------------------------------------
| rollout/                |            |
|    ep_len_mean          | 58.8       |
|    ep_rew_mean          | 3.28       |
| time/                   |            |
|    fps                  | 149        |
|    iterations           | 74         |
|    time_elapsed         | 4058       |
|    total_timesteps      | 606208     |
| train/                  |            |
|    approx_kl            | 0.00804215 |
|    clip_fraction        | 0.105      |
|    clip_range           | 0.2        |
|    entropy_loss         | -0.0335    |
|    explained_variance   | 0.898      |
|    learning_rate        | 0.0003     |
|    loss                 | 0.394      |
|    n_updates            | 730        |
|    policy_gradient_loss | 0.00176    |
|    std                  | 0.249      |
|    value_loss           | 1.08       |
----------------------------------------
-----------------------------------------
| rollout/                |             |
|    ep_len_mean          | 76.1        |
|    ep_rew_mean          | 5           |
| time/                   |             |
|    fps                  | 149         |
|    iterations           | 75          |
|    time_elapsed         | 4112        |
|    total_timesteps      | 614400      |
| train/                  |             |
|    approx_kl            | 0.008550965 |
|    clip_fraction        | 0.108       |
|    clip_range           | 0.2         |
|    entropy_loss         | -0.00452    |
|    explained_variance   | 0.892       |
|    learning_rate        | 0.0003      |
|    loss                 | 0.625       |
|    n_updates            | 740         |
|    policy_gradient_loss | 0.00136     |
|    std                  | 0.239       |
|    value_loss           | 1.32        |
-----------------------------------------
-----------------------------------------
| rollout/                |             |
|    ep_len_mean          | 67.6        |
|    ep_rew_mean          | 4.25        |
| time/                   |             |
|    fps                  | 149         |
|    iterations           | 76          |
|    time_elapsed         | 4165        |
|    total_timesteps      | 622592      |
| train/                  |             |
|    approx_kl            | 0.009695084 |
|    clip_fraction        | 0.108       |
|    clip_range           | 0.2         |
|    entropy_loss         | 0.0133      |
|    explained_variance   | 0.887       |
|    learning_rate        | 0.0003      |
|    loss                 | 0.48        |
|    n_updates            | 750         |
|    policy_gradient_loss | 0.00249     |
|    std                  | 0.238       |
|    value_loss           | 1.1         |
-----------------------------------------
-----------------------------------------
| rollout/                |             |
|    ep_len_mean          | 62.6        |
|    ep_rew_mean          | 3.71        |
| time/                   |             |
|    fps                  | 149         |
|    iterations           | 77          |
|    time_elapsed         | 4219        |
|    total_timesteps      | 630784      |
| train/                  |             |
|    approx_kl            | 0.018084904 |
|    clip_fraction        | 0.128       |
|    clip_range           | 0.2         |
|    entropy_loss         | 0.0175      |
|    explained_variance   | 0.902       |
|    learning_rate        | 0.0003      |
|    loss                 | 0.38        |
|    n_updates            | 760         |
|    policy_gradient_loss | 0.00159     |
|    std                  | 0.239       |
|    value_loss           | 1.28        |
-----------------------------------------
------------------------------------------
| rollout/                |              |
|    ep_len_mean          | 76.1         |
|    ep_rew_mean          | 5.25         |
| time/                   |              |
|    fps                  | 149          |
|    iterations           | 78           |
|    time_elapsed         | 4274         |
|    total_timesteps      | 638976       |
| train/                  |              |
|    approx_kl            | 0.0065725115 |
|    clip_fraction        | 0.0984       |
|    clip_range           | 0.2          |
|    entropy_loss         | 0.0222       |
|    explained_variance   | 0.896        |
|    learning_rate        | 0.0003       |
|    loss                 | 0.372        |
|    n_updates            | 770          |
|    policy_gradient_loss | 0.00201      |
|    std                  | 0.236        |
|    value_loss           | 1.39         |
------------------------------------------
-----------------------------------------
| rollout/                |             |
|    ep_len_mean          | 57          |
|    ep_rew_mean          | 3.26        |
| time/                   |             |
|    fps                  | 149         |
|    iterations           | 79          |
|    time_elapsed         | 4327        |
|    total_timesteps      | 647168      |
| train/                  |             |
|    approx_kl            | 0.011344134 |
|    clip_fraction        | 0.125       |
|    clip_range           | 0.2         |
|    entropy_loss         | 0.0424      |
|    explained_variance   | 0.9         |
|    learning_rate        | 0.0003      |
|    loss                 | 0.281       |
|    n_updates            | 780         |
|    policy_gradient_loss | 0.00263     |
|    std                  | 0.231       |
|    value_loss           | 1.24        |
-----------------------------------------
------------------------------------------
| rollout/                |              |
|    ep_len_mean          | 41.4         |
|    ep_rew_mean          | 1.68         |
| time/                   |              |
|    fps                  | 149          |
|    iterations           | 80           |
|    time_elapsed         | 4381         |
|    total_timesteps      | 655360       |
| train/                  |              |
|    approx_kl            | 0.0057950136 |
|    clip_fraction        | 0.105        |
|    clip_range           | 0.2          |
|    entropy_loss         | 0.051        |
|    explained_variance   | 0.923        |
|    learning_rate        | 0.0003       |
|    loss                 | 0.344        |
|    n_updates            | 790          |
|    policy_gradient_loss | 0.00207      |
|    std                  | 0.23         |
|    value_loss           | 1.25         |
------------------------------------------
-----------------------------------------
| rollout/                |             |
|    ep_len_mean          | 63.8        |
|    ep_rew_mean          | 3.84        |
| time/                   |             |
|    fps                  | 149         |
|    iterations           | 81          |
|    time_elapsed         | 4434        |
|    total_timesteps      | 663552      |
| train/                  |             |
|    approx_kl            | 0.012881136 |
|    clip_fraction        | 0.104       |
|    clip_range           | 0.2         |
|    entropy_loss         | 0.0504      |
|    explained_variance   | 0.925       |
|    learning_rate        | 0.0003      |
|    loss                 | 0.528       |
|    n_updates            | 800         |
|    policy_gradient_loss | 0.00231     |
|    std                  | 0.23        |
|    value_loss           | 1.44        |
-----------------------------------------
-----------------------------------------
| rollout/                |             |
|    ep_len_mean          | 67.7        |
|    ep_rew_mean          | 4.23        |
| time/                   |             |
|    fps                  | 149         |
|    iterations           | 82          |
|    time_elapsed         | 4486        |
|    total_timesteps      | 671744      |
| train/                  |             |
|    approx_kl            | 0.014842398 |
|    clip_fraction        | 0.111       |
|    clip_range           | 0.2         |
|    entropy_loss         | 0.0634      |
|    explained_variance   | 0.918       |
|    learning_rate        | 0.0003      |
|    loss                 | 0.425       |
|    n_updates            | 810         |
|    policy_gradient_loss | 0.00181     |
|    std                  | 0.225       |
|    value_loss           | 1.28        |
-----------------------------------------
-----------------------------------------
| rollout/                |             |
|    ep_len_mean          | 71.9        |
|    ep_rew_mean          | 4.78        |
| time/                   |             |
|    fps                  | 149         |
|    iterations           | 83          |
|    time_elapsed         | 4540        |
|    total_timesteps      | 679936      |
| train/                  |             |
|    approx_kl            | 0.015447046 |
|    clip_fraction        | 0.136       |
|    clip_range           | 0.2         |
|    entropy_loss         | 0.0884      |
|    explained_variance   | 0.864       |
|    learning_rate        | 0.0003      |
|    loss                 | 2.26        |
|    n_updates            | 820         |
|    policy_gradient_loss | 0.00179     |
|    std                  | 0.219       |
|    value_loss           | 1.71        |
-----------------------------------------
-----------------------------------------
| rollout/                |             |
|    ep_len_mean          | 62.8        |
|    ep_rew_mean          | 3.74        |
| time/                   |             |
|    fps                  | 149         |
|    iterations           | 84          |
|    time_elapsed         | 4593        |
|    total_timesteps      | 688128      |
| train/                  |             |
|    approx_kl            | 0.012736501 |
|    clip_fraction        | 0.116       |
|    clip_range           | 0.2         |
|    entropy_loss         | 0.108       |
|    explained_variance   | 0.886       |
|    learning_rate        | 0.0003      |
|    loss                 | 0.871       |
|    n_updates            | 830         |
|    policy_gradient_loss | 0.002       |
|    std                  | 0.216       |
|    value_loss           | 1.56        |
-----------------------------------------
-----------------------------------------
| rollout/                |             |
|    ep_len_mean          | 71.9        |
|    ep_rew_mean          | 4.71        |
| time/                   |             |
|    fps                  | 149         |
|    iterations           | 85          |
|    time_elapsed         | 4647        |
|    total_timesteps      | 696320      |
| train/                  |             |
|    approx_kl            | 0.009417738 |
|    clip_fraction        | 0.123       |
|    clip_range           | 0.2         |
|    entropy_loss         | 0.136       |
|    explained_variance   | 0.898       |
|    learning_rate        | 0.0003      |
|    loss                 | 0.481       |
|    n_updates            | 840         |
|    policy_gradient_loss | 0.00252     |
|    std                  | 0.208       |
|    value_loss           | 1.65        |
-----------------------------------------
-----------------------------------------
| rollout/                |             |
|    ep_len_mean          | 67.2        |
|    ep_rew_mean          | 4.2         |
| time/                   |             |
|    fps                  | 149         |
|    iterations           | 86          |
|    time_elapsed         | 4702        |
|    total_timesteps      | 704512      |
| train/                  |             |
|    approx_kl            | 0.010472382 |
|    clip_fraction        | 0.122       |
|    clip_range           | 0.2         |
|    entropy_loss         | 0.16        |
|    explained_variance   | 0.908       |
|    learning_rate        | 0.0003      |
|    loss                 | 0.316       |
|    n_updates            | 850         |
|    policy_gradient_loss | 0.00185     |
|    std                  | 0.206       |
|    value_loss           | 1.29        |
-----------------------------------------
-----------------------------------------
| rollout/                |             |
|    ep_len_mean          | 74.5        |
|    ep_rew_mean          | 4.99        |
| time/                   |             |
|    fps                  | 149         |
|    iterations           | 87          |
|    time_elapsed         | 4756        |
|    total_timesteps      | 712704      |
| train/                  |             |
|    approx_kl            | 0.008387455 |
|    clip_fraction        | 0.115       |
|    clip_range           | 0.2         |
|    entropy_loss         | 0.177       |
|    explained_variance   | 0.889       |
|    learning_rate        | 0.0003      |
|    loss                 | 0.309       |
|    n_updates            | 860         |
|    policy_gradient_loss | 0.00064     |
|    std                  | 0.201       |
|    value_loss           | 1.54        |
-----------------------------------------
----------------------------------------
| rollout/                |            |
|    ep_len_mean          | 65.8       |
|    ep_rew_mean          | 3.98       |
| time/                   |            |
|    fps                  | 149        |
|    iterations           | 88         |
|    time_elapsed         | 4807       |
|    total_timesteps      | 720896     |
| train/                  |            |
|    approx_kl            | 0.02133691 |
|    clip_fraction        | 0.145      |
|    clip_range           | 0.2        |
|    entropy_loss         | 0.189      |
|    explained_variance   | 0.887      |
|    learning_rate        | 0.0003     |
|    loss                 | 0.531      |
|    n_updates            | 870        |
|    policy_gradient_loss | 0.00382    |
|    std                  | 0.199      |
|    value_loss           | 1.69       |
----------------------------------------
-----------------------------------------
| rollout/                |             |
|    ep_len_mean          | 62.9        |
|    ep_rew_mean          | 3.86        |
| time/                   |             |
|    fps                  | 149         |
|    iterations           | 89          |
|    time_elapsed         | 4862        |
|    total_timesteps      | 729088      |
| train/                  |             |
|    approx_kl            | 0.025806155 |
|    clip_fraction        | 0.145       |
|    clip_range           | 0.2         |
|    entropy_loss         | 0.195       |
|    explained_variance   | 0.899       |
|    learning_rate        | 0.0003      |
|    loss                 | 0.906       |
|    n_updates            | 880         |
|    policy_gradient_loss | 0.00473     |
|    std                  | 0.199       |
|    value_loss           | 1.51        |
-----------------------------------------
-----------------------------------------
| rollout/                |             |
|    ep_len_mean          | 56.3        |
|    ep_rew_mean          | 3.26        |
| time/                   |             |
|    fps                  | 149         |
|    iterations           | 90          |
|    time_elapsed         | 4917        |
|    total_timesteps      | 737280      |
| train/                  |             |
|    approx_kl            | 0.014631012 |
|    clip_fraction        | 0.128       |
|    clip_range           | 0.2         |
|    entropy_loss         | 0.203       |
|    explained_variance   | 0.901       |
|    learning_rate        | 0.0003      |
|    loss                 | 0.687       |
|    n_updates            | 890         |
|    policy_gradient_loss | 0.00158     |
|    std                  | 0.197       |
|    value_loss           | 1.64        |
-----------------------------------------
-----------------------------------------
| rollout/                |             |
|    ep_len_mean          | 65.3        |
|    ep_rew_mean          | 3.92        |
| time/                   |             |
|    fps                  | 149         |
|    iterations           | 91          |
|    time_elapsed         | 4970        |
|    total_timesteps      | 745472      |
| train/                  |             |
|    approx_kl            | 0.011606705 |
|    clip_fraction        | 0.142       |
|    clip_range           | 0.2         |
|    entropy_loss         | 0.201       |
|    explained_variance   | 0.923       |
|    learning_rate        | 0.0003      |
|    loss                 | 0.993       |
|    n_updates            | 900         |
|    policy_gradient_loss | 0.00246     |
|    std                  | 0.199       |
|    value_loss           | 1.37        |
-----------------------------------------
-----------------------------------------
| rollout/                |             |
|    ep_len_mean          | 61.5        |
|    ep_rew_mean          | 3.66        |
| time/                   |             |
|    fps                  | 149         |
|    iterations           | 92          |
|    time_elapsed         | 5026        |
|    total_timesteps      | 753664      |
| train/                  |             |
|    approx_kl            | 0.014864777 |
|    clip_fraction        | 0.141       |
|    clip_range           | 0.2         |
|    entropy_loss         | 0.205       |
|    explained_variance   | 0.894       |
|    learning_rate        | 0.0003      |
|    loss                 | 0.964       |
|    n_updates            | 910         |
|    policy_gradient_loss | 0.00321     |
|    std                  | 0.197       |
|    value_loss           | 1.45        |
-----------------------------------------
-----------------------------------------
| rollout/                |             |
|    ep_len_mean          | 55          |
|    ep_rew_mean          | 3.09        |
| time/                   |             |
|    fps                  | 149         |
|    iterations           | 93          |
|    time_elapsed         | 5084        |
|    total_timesteps      | 761856      |
| train/                  |             |
|    approx_kl            | 0.034431394 |
|    clip_fraction        | 0.129       |
|    clip_range           | 0.2         |
|    entropy_loss         | 0.211       |
|    explained_variance   | 0.857       |
|    learning_rate        | 0.0003      |
|    loss                 | 0.965       |
|    n_updates            | 920         |
|    policy_gradient_loss | 0.00168     |
|    std                  | 0.195       |
|    value_loss           | 2.21        |
-----------------------------------------
-----------------------------------------
| rollout/                |             |
|    ep_len_mean          | 55          |
|    ep_rew_mean          | 3.18        |
| time/                   |             |
|    fps                  | 149         |
|    iterations           | 94          |
|    time_elapsed         | 5139        |
|    total_timesteps      | 770048      |
| train/                  |             |
|    approx_kl            | 0.013022358 |
|    clip_fraction        | 0.151       |
|    clip_range           | 0.2         |
|    entropy_loss         | 0.23        |
|    explained_variance   | 0.908       |
|    learning_rate        | 0.0003      |
|    loss                 | 1.08        |
|    n_updates            | 930         |
|    policy_gradient_loss | 0.00411     |
|    std                  | 0.191       |
|    value_loss           | 1.69        |
-----------------------------------------
-----------------------------------------
| rollout/                |             |
|    ep_len_mean          | 51.8        |
|    ep_rew_mean          | 2.66        |
| time/                   |             |
|    fps                  | 149         |
|    iterations           | 95          |
|    time_elapsed         | 5194        |
|    total_timesteps      | 778240      |
| train/                  |             |
|    approx_kl            | 0.011201671 |
|    clip_fraction        | 0.123       |
|    clip_range           | 0.2         |
|    entropy_loss         | 0.242       |
|    explained_variance   | 0.915       |
|    learning_rate        | 0.0003      |
|    loss                 | 0.203       |
|    n_updates            | 940         |
|    policy_gradient_loss | 0.0017      |
|    std                  | 0.189       |
|    value_loss           | 1.32        |
-----------------------------------------
-----------------------------------------
| rollout/                |             |
|    ep_len_mean          | 66.9        |
|    ep_rew_mean          | 4.3         |
| time/                   |             |
|    fps                  | 149         |
|    iterations           | 96          |
|    time_elapsed         | 5246        |
|    total_timesteps      | 786432      |
| train/                  |             |
|    approx_kl            | 0.018962221 |
|    clip_fraction        | 0.171       |
|    clip_range           | 0.2         |
|    entropy_loss         | 0.241       |
|    explained_variance   | 0.872       |
|    learning_rate        | 0.0003      |
|    loss                 | 1.17        |
|    n_updates            | 950         |
|    policy_gradient_loss | 0.00257     |
|    std                  | 0.191       |
|    value_loss           | 1.99        |
-----------------------------------------
-----------------------------------------
| rollout/                |             |
|    ep_len_mean          | 60.5        |
|    ep_rew_mean          | 3.49        |
| time/                   |             |
|    fps                  | 149         |
|    iterations           | 97          |
|    time_elapsed         | 5297        |
|    total_timesteps      | 794624      |
| train/                  |             |
|    approx_kl            | 0.007182286 |
|    clip_fraction        | 0.107       |
|    clip_range           | 0.2         |
|    entropy_loss         | 0.245       |
|    explained_variance   | 0.917       |
|    learning_rate        | 0.0003      |
|    loss                 | 0.358       |
|    n_updates            | 960         |
|    policy_gradient_loss | 0.000996    |
|    std                  | 0.189       |
|    value_loss           | 1.09        |
-----------------------------------------
-----------------------------------------
| rollout/                |             |
|    ep_len_mean          | 59          |
|    ep_rew_mean          | 3.23        |
| time/                   |             |
|    fps                  | 150         |
|    iterations           | 98          |
|    time_elapsed         | 5350        |
|    total_timesteps      | 802816      |
| train/                  |             |
|    approx_kl            | 0.007821523 |
|    clip_fraction        | 0.119       |
|    clip_range           | 0.2         |
|    entropy_loss         | 0.235       |
|    explained_variance   | 0.919       |
|    learning_rate        | 0.0003      |
|    loss                 | 0.676       |
|    n_updates            | 970         |
|    policy_gradient_loss | 0.00215     |
|    std                  | 0.191       |
|    value_loss           | 1.35        |
-----------------------------------------
-----------------------------------------
| rollout/                |             |
|    ep_len_mean          | 57.7        |
|    ep_rew_mean          | 3.29        |
| time/                   |             |
|    fps                  | 150         |
|    iterations           | 99          |
|    time_elapsed         | 5402        |
|    total_timesteps      | 811008      |
| train/                  |             |
|    approx_kl            | 0.009060545 |
|    clip_fraction        | 0.14        |
|    clip_range           | 0.2         |
|    entropy_loss         | 0.246       |
|    explained_variance   | 0.93        |
|    learning_rate        | 0.0003      |
|    loss                 | 0.267       |
|    n_updates            | 980         |
|    policy_gradient_loss | 0.00403     |
|    std                  | 0.188       |
|    value_loss           | 1.1         |
-----------------------------------------
-----------------------------------------
| rollout/                |             |
|    ep_len_mean          | 61.4        |
|    ep_rew_mean          | 3.88        |
| time/                   |             |
|    fps                  | 150         |
|    iterations           | 100         |
|    time_elapsed         | 5455        |
|    total_timesteps      | 819200      |
| train/                  |             |
|    approx_kl            | 0.007915337 |
|    clip_fraction        | 0.127       |
|    clip_range           | 0.2         |
|    entropy_loss         | 0.267       |
|    explained_variance   | 0.91        |
|    learning_rate        | 0.0003      |
|    loss                 | 0.595       |
|    n_updates            | 990         |
|    policy_gradient_loss | 0.00222     |
|    std                  | 0.184       |
|    value_loss           | 1.48        |
-----------------------------------------
-----------------------------------------
| rollout/                |             |
|    ep_len_mean          | 62.9        |
|    ep_rew_mean          | 3.88        |
| time/                   |             |
|    fps                  | 150         |
|    iterations           | 101         |
|    time_elapsed         | 5507        |
|    total_timesteps      | 827392      |
| train/                  |             |
|    approx_kl            | 0.014826788 |
|    clip_fraction        | 0.147       |
|    clip_range           | 0.2         |
|    entropy_loss         | 0.271       |
|    explained_variance   | 0.921       |
|    learning_rate        | 0.0003      |
|    loss                 | 1.52        |
|    n_updates            | 1000        |
|    policy_gradient_loss | 0.00417     |
|    std                  | 0.185       |
|    value_loss           | 1.46        |
-----------------------------------------
-----------------------------------------
| rollout/                |             |
|    ep_len_mean          | 56.8        |
|    ep_rew_mean          | 3.4         |
| time/                   |             |
|    fps                  | 150         |
|    iterations           | 102         |
|    time_elapsed         | 5560        |
|    total_timesteps      | 835584      |
| train/                  |             |
|    approx_kl            | 0.013610627 |
|    clip_fraction        | 0.13        |
|    clip_range           | 0.2         |
|    entropy_loss         | 0.277       |
|    explained_variance   | 0.925       |
|    learning_rate        | 0.0003      |
|    loss                 | 0.579       |
|    n_updates            | 1010        |
|    policy_gradient_loss | 0.00279     |
|    std                  | 0.182       |
|    value_loss           | 1.23        |
-----------------------------------------
-----------------------------------------
| rollout/                |             |
|    ep_len_mean          | 54          |
|    ep_rew_mean          | 3.22        |
| time/                   |             |
|    fps                  | 150         |
|    iterations           | 103         |
|    time_elapsed         | 5611        |
|    total_timesteps      | 843776      |
| train/                  |             |
|    approx_kl            | 0.017804556 |
|    clip_fraction        | 0.163       |
|    clip_range           | 0.2         |
|    entropy_loss         | 0.296       |
|    explained_variance   | 0.93        |
|    learning_rate        | 0.0003      |
|    loss                 | 0.563       |
|    n_updates            | 1020        |
|    policy_gradient_loss | 0.00487     |
|    std                  | 0.179       |
|    value_loss           | 1.3         |
-----------------------------------------
-----------------------------------------
| rollout/                |             |
|    ep_len_mean          | 54.2        |
|    ep_rew_mean          | 3.08        |
| time/                   |             |
|    fps                  | 150         |
|    iterations           | 104         |
|    time_elapsed         | 5662        |
|    total_timesteps      | 851968      |
| train/                  |             |
|    approx_kl            | 0.007488693 |
|    clip_fraction        | 0.127       |
|    clip_range           | 0.2         |
|    entropy_loss         | 0.294       |
|    explained_variance   | 0.913       |
|    learning_rate        | 0.0003      |
|    loss                 | 0.312       |
|    n_updates            | 1030        |
|    policy_gradient_loss | 0.00117     |
|    std                  | 0.183       |
|    value_loss           | 1.5         |
-----------------------------------------
-----------------------------------------
| rollout/                |             |
|    ep_len_mean          | 68.3        |
|    ep_rew_mean          | 4.43        |
| time/                   |             |
|    fps                  | 150         |
|    iterations           | 105         |
|    time_elapsed         | 5714        |
|    total_timesteps      | 860160      |
| train/                  |             |
|    approx_kl            | 0.017950173 |
|    clip_fraction        | 0.158       |
|    clip_range           | 0.2         |
|    entropy_loss         | 0.29        |
|    explained_variance   | 0.938       |
|    learning_rate        | 0.0003      |
|    loss                 | 0.494       |
|    n_updates            | 1040        |
|    policy_gradient_loss | 0.00392     |
|    std                  | 0.179       |
|    value_loss           | 1.19        |
-----------------------------------------
-----------------------------------------
| rollout/                |             |
|    ep_len_mean          | 78          |
|    ep_rew_mean          | 5.28        |
| time/                   |             |
|    fps                  | 150         |
|    iterations           | 106         |
|    time_elapsed         | 5766        |
|    total_timesteps      | 868352      |
| train/                  |             |
|    approx_kl            | 0.017507538 |
|    clip_fraction        | 0.121       |
|    clip_range           | 0.2         |
|    entropy_loss         | 0.294       |
|    explained_variance   | 0.933       |
|    learning_rate        | 0.0003      |
|    loss                 | 0.465       |
|    n_updates            | 1050        |
|    policy_gradient_loss | 0.00259     |
|    std                  | 0.181       |
|    value_loss           | 0.941       |
-----------------------------------------
-----------------------------------------
| rollout/                |             |
|    ep_len_mean          | 69.5        |
|    ep_rew_mean          | 4.44        |
| time/                   |             |
|    fps                  | 150         |
|    iterations           | 107         |
|    time_elapsed         | 5817        |
|    total_timesteps      | 876544      |
| train/                  |             |
|    approx_kl            | 0.020382032 |
|    clip_fraction        | 0.134       |
|    clip_range           | 0.2         |
|    entropy_loss         | 0.297       |
|    explained_variance   | 0.908       |
|    learning_rate        | 0.0003      |
|    loss                 | 0.518       |
|    n_updates            | 1060        |
|    policy_gradient_loss | 0.00255     |
|    std                  | 0.179       |
|    value_loss           | 1.16        |
-----------------------------------------
-----------------------------------------
| rollout/                |             |
|    ep_len_mean          | 64.9        |
|    ep_rew_mean          | 3.98        |
| time/                   |             |
|    fps                  | 150         |
|    iterations           | 108         |
|    time_elapsed         | 5869        |
|    total_timesteps      | 884736      |
| train/                  |             |
|    approx_kl            | 0.029559843 |
|    clip_fraction        | 0.155       |
|    clip_range           | 0.2         |
|    entropy_loss         | 0.306       |
|    explained_variance   | 0.913       |
|    learning_rate        | 0.0003      |
|    loss                 | 0.786       |
|    n_updates            | 1070        |
|    policy_gradient_loss | 0.00445     |
|    std                  | 0.178       |
|    value_loss           | 1.4         |
-----------------------------------------
-----------------------------------------
| rollout/                |             |
|    ep_len_mean          | 74.1        |
|    ep_rew_mean          | 4.77        |
| time/                   |             |
|    fps                  | 150         |
|    iterations           | 109         |
|    time_elapsed         | 5921        |
|    total_timesteps      | 892928      |
| train/                  |             |
|    approx_kl            | 0.009235097 |
|    clip_fraction        | 0.132       |
|    clip_range           | 0.2         |
|    entropy_loss         | 0.319       |
|    explained_variance   | 0.925       |
|    learning_rate        | 0.0003      |
|    loss                 | 0.483       |
|    n_updates            | 1080        |
|    policy_gradient_loss | 0.0023      |
|    std                  | 0.175       |
|    value_loss           | 1.27        |
-----------------------------------------
-----------------------------------------
| rollout/                |             |
|    ep_len_mean          | 63.8        |
|    ep_rew_mean          | 3.99        |
| time/                   |             |
|    fps                  | 150         |
|    iterations           | 110         |
|    time_elapsed         | 5972        |
|    total_timesteps      | 901120      |
| train/                  |             |
|    approx_kl            | 0.015757512 |
|    clip_fraction        | 0.148       |
|    clip_range           | 0.2         |
|    entropy_loss         | 0.333       |
|    explained_variance   | 0.938       |
|    learning_rate        | 0.0003      |
|    loss                 | 0.178       |
|    n_updates            | 1090        |
|    policy_gradient_loss | 0.00266     |
|    std                  | 0.173       |
|    value_loss           | 0.945       |
-----------------------------------------
-----------------------------------------
| rollout/                |             |
|    ep_len_mean          | 72.8        |
|    ep_rew_mean          | 4.69        |
| time/                   |             |
|    fps                  | 150         |
|    iterations           | 111         |
|    time_elapsed         | 6025        |
|    total_timesteps      | 909312      |
| train/                  |             |
|    approx_kl            | 0.030500967 |
|    clip_fraction        | 0.146       |
|    clip_range           | 0.2         |
|    entropy_loss         | 0.332       |
|    explained_variance   | 0.9         |
|    learning_rate        | 0.0003      |
|    loss                 | 0.511       |
|    n_updates            | 1100        |
|    policy_gradient_loss | 0.00354     |
|    std                  | 0.174       |
|    value_loss           | 1.27        |
-----------------------------------------
-----------------------------------------
| rollout/                |             |
|    ep_len_mean          | 80.5        |
|    ep_rew_mean          | 5.55        |
| time/                   |             |
|    fps                  | 150         |
|    iterations           | 112         |
|    time_elapsed         | 6077        |
|    total_timesteps      | 917504      |
| train/                  |             |
|    approx_kl            | 0.007860087 |
|    clip_fraction        | 0.122       |
|    clip_range           | 0.2         |
|    entropy_loss         | 0.348       |
|    explained_variance   | 0.943       |
|    learning_rate        | 0.0003      |
|    loss                 | 0.272       |
|    n_updates            | 1110        |
|    policy_gradient_loss | 0.00154     |
|    std                  | 0.17        |
|    value_loss           | 0.994       |
-----------------------------------------
-----------------------------------------
| rollout/                |             |
|    ep_len_mean          | 71.4        |
|    ep_rew_mean          | 4.46        |
| time/                   |             |
|    fps                  | 151         |
|    iterations           | 113         |
|    time_elapsed         | 6130        |
|    total_timesteps      | 925696      |
| train/                  |             |
|    approx_kl            | 0.014407523 |
|    clip_fraction        | 0.158       |
|    clip_range           | 0.2         |
|    entropy_loss         | 0.347       |
|    explained_variance   | 0.91        |
|    learning_rate        | 0.0003      |
|    loss                 | 0.507       |
|    n_updates            | 1120        |
|    policy_gradient_loss | 0.00411     |
|    std                  | 0.172       |
|    value_loss           | 1.2         |
-----------------------------------------
-----------------------------------------
| rollout/                |             |
|    ep_len_mean          | 73          |
|    ep_rew_mean          | 4.75        |
| time/                   |             |
|    fps                  | 151         |
|    iterations           | 114         |
|    time_elapsed         | 6181        |
|    total_timesteps      | 933888      |
| train/                  |             |
|    approx_kl            | 0.016432852 |
|    clip_fraction        | 0.136       |
|    clip_range           | 0.2         |
|    entropy_loss         | 0.342       |
|    explained_variance   | 0.917       |
|    learning_rate        | 0.0003      |
|    loss                 | 0.475       |
|    n_updates            | 1130        |
|    policy_gradient_loss | 0.00455     |
|    std                  | 0.171       |
|    value_loss           | 1.36        |
-----------------------------------------
-----------------------------------------
| rollout/                |             |
|    ep_len_mean          | 77.3        |
|    ep_rew_mean          | 5.11        |
| time/                   |             |
|    fps                  | 151         |
|    iterations           | 115         |
|    time_elapsed         | 6233        |
|    total_timesteps      | 942080      |
| train/                  |             |
|    approx_kl            | 0.007490227 |
|    clip_fraction        | 0.113       |
|    clip_range           | 0.2         |
|    entropy_loss         | 0.342       |
|    explained_variance   | 0.9         |
|    learning_rate        | 0.0003      |
|    loss                 | 0.519       |
|    n_updates            | 1140        |
|    policy_gradient_loss | 0.00192     |
|    std                  | 0.172       |
|    value_loss           | 1.24        |
-----------------------------------------
-----------------------------------------
| rollout/                |             |
|    ep_len_mean          | 63.8        |
|    ep_rew_mean          | 3.93        |
| time/                   |             |
|    fps                  | 151         |
|    iterations           | 116         |
|    time_elapsed         | 6285        |
|    total_timesteps      | 950272      |
| train/                  |             |
|    approx_kl            | 0.009550199 |
|    clip_fraction        | 0.125       |
|    clip_range           | 0.2         |
|    entropy_loss         | 0.343       |
|    explained_variance   | 0.918       |
|    learning_rate        | 0.0003      |
|    loss                 | 0.476       |
|    n_updates            | 1150        |
|    policy_gradient_loss | 0.00462     |
|    std                  | 0.173       |
|    value_loss           | 1.02        |
-----------------------------------------
----------------------------------------
| rollout/                |            |
|    ep_len_mean          | 57.6       |
|    ep_rew_mean          | 3.49       |
| time/                   |            |
|    fps                  | 151        |
|    iterations           | 117        |
|    time_elapsed         | 6339       |
|    total_timesteps      | 958464     |
| train/                  |            |
|    approx_kl            | 0.01990659 |
|    clip_fraction        | 0.128      |
|    clip_range           | 0.2        |
|    entropy_loss         | 0.358      |
|    explained_variance   | 0.934      |
|    learning_rate        | 0.0003     |
|    loss                 | 0.246      |
|    n_updates            | 1160       |
|    policy_gradient_loss | 0.00163    |
|    std                  | 0.166      |
|    value_loss           | 1.15       |
----------------------------------------
---------------------------------------
| rollout/                |           |
|    ep_len_mean          | 79.2      |
|    ep_rew_mean          | 5.77      |
| time/                   |           |
|    fps                  | 151       |
|    iterations           | 118       |
|    time_elapsed         | 6397      |
|    total_timesteps      | 966656    |
| train/                  |           |
|    approx_kl            | 0.0137979 |
|    clip_fraction        | 0.147     |
|    clip_range           | 0.2       |
|    entropy_loss         | 0.38      |
|    explained_variance   | 0.944     |
|    learning_rate        | 0.0003    |
|    loss                 | 0.665     |
|    n_updates            | 1170      |
|    policy_gradient_loss | 0.0039    |
|    std                  | 0.165     |
|    value_loss           | 1.09      |
---------------------------------------
-----------------------------------------
| rollout/                |             |
|    ep_len_mean          | 58.9        |
|    ep_rew_mean          | 3.3         |
| time/                   |             |
|    fps                  | 151         |
|    iterations           | 119         |
|    time_elapsed         | 6448        |
|    total_timesteps      | 974848      |
| train/                  |             |
|    approx_kl            | 0.012885913 |
|    clip_fraction        | 0.137       |
|    clip_range           | 0.2         |
|    entropy_loss         | 0.392       |
|    explained_variance   | 0.926       |
|    learning_rate        | 0.0003      |
|    loss                 | 0.37        |
|    n_updates            | 1180        |
|    policy_gradient_loss | 0.00242     |
|    std                  | 0.162       |
|    value_loss           | 0.834       |
-----------------------------------------
-----------------------------------------
| rollout/                |             |
|    ep_len_mean          | 74.1        |
|    ep_rew_mean          | 4.92        |
| time/                   |             |
|    fps                  | 151         |
|    iterations           | 120         |
|    time_elapsed         | 6500        |
|    total_timesteps      | 983040      |
| train/                  |             |
|    approx_kl            | 0.011421513 |
|    clip_fraction        | 0.126       |
|    clip_range           | 0.2         |
|    entropy_loss         | 0.403       |
|    explained_variance   | 0.91        |
|    learning_rate        | 0.0003      |
|    loss                 | 0.433       |
|    n_updates            | 1190        |
|    policy_gradient_loss | 0.00355     |
|    std                  | 0.161       |
|    value_loss           | 1.49        |
-----------------------------------------
-----------------------------------------
| rollout/                |             |
|    ep_len_mean          | 71.7        |
|    ep_rew_mean          | 4.77        |
| time/                   |             |
|    fps                  | 151         |
|    iterations           | 121         |
|    time_elapsed         | 6552        |
|    total_timesteps      | 991232      |
| train/                  |             |
|    approx_kl            | 0.014558533 |
|    clip_fraction        | 0.138       |
|    clip_range           | 0.2         |
|    entropy_loss         | 0.404       |
|    explained_variance   | 0.933       |
|    learning_rate        | 0.0003      |
|    loss                 | 0.168       |
|    n_updates            | 1200        |
|    policy_gradient_loss | 0.00403     |
|    std                  | 0.162       |
|    value_loss           | 0.817       |
-----------------------------------------
------------------------------------------
| rollout/                |              |
|    ep_len_mean          | 58.2         |
|    ep_rew_mean          | 3.28         |
| time/                   |              |
|    fps                  | 151          |
|    iterations           | 122          |
|    time_elapsed         | 6604         |
|    total_timesteps      | 999424       |
| train/                  |              |
|    approx_kl            | 0.0065243617 |
|    clip_fraction        | 0.105        |
|    clip_range           | 0.2          |
|    entropy_loss         | 0.412        |
|    explained_variance   | 0.941        |
|    learning_rate        | 0.0003       |
|    loss                 | 0.271        |
|    n_updates            | 1210         |
|    policy_gradient_loss | 0.00381      |
|    std                  | 0.159        |
|    value_loss           | 1.04         |
------------------------------------------
-----------------------------------------
| rollout/                |             |
|    ep_len_mean          | 69.6        |
|    ep_rew_mean          | 4.27        |
| time/                   |             |
|    fps                  | 151         |
|    iterations           | 123         |
|    time_elapsed         | 6655        |
|    total_timesteps      | 1007616     |
| train/                  |             |
|    approx_kl            | 0.010547428 |
|    clip_fraction        | 0.124       |
|    clip_range           | 0.2         |
|    entropy_loss         | 0.421       |
|    explained_variance   | 0.952       |
|    learning_rate        | 0.0003      |
|    loss                 | 0.742       |
|    n_updates            | 1220        |
|    policy_gradient_loss | 0.00269     |
|    std                  | 0.159       |
|    value_loss           | 1.12        |
-----------------------------------------


###############################################################################
TCHPC Cluster: callan
Job 171125 (base_cf_obs20_dense_seed1_v12) for User 'hadjitot' in Account 'callan_hadjitot'
Finished at: Sat Mar 28 14:24:01 GMT 2026

Job efficiency estimates:
=========================

Job ID: 171125
Cluster: callan
User/Group: hadjitot/hadjitot
State: COMPLETED (exit code 0)
Nodes: 1
Cores per node: 16
CPU Utilized: 06:16:30
CPU Efficiency: 21.06% of 1-05:48:00 core-walltime
Job Wall-clock time: 01:51:45
Memory Utilized: 1.89 GB
Memory Efficiency: 5.90% of 32.00 GB (32.00 GB/node)

Job completion status:
======================

JobID           JobName AllocCPUS NTasks NNodes     MaxRSS    MaxRSSNode  MaxDiskRead MaxDiskWrite    Elapsed      State ExitCode 
------------ ---------- --------- ------ ------ ---------- ------------- ------------ ------------ ---------- ---------- -------- 
171125       base_cf_o+        16             1                                                      01:51:45  COMPLETED      0:0 
171125.batch      batch        16      1      1   1978644K    callan-n09     1334.98M     1140.96M   01:51:45  COMPLETED      0:0 
171125.exte+     extern        16      1      1                                                      01:51:45  COMPLETED      0:0 


Job details:
============

JobId=171125 JobName=base_cf_obs20_dense_seed1_v12
   UserId=hadjitot(2357) GroupId=hadjitot(2300) MCS_label=N/A
   Priority=111058 Nice=0 Account=callan_hadjitot QOS=normal
   JobState=COMPLETING Reason=None Dependency=(null)
   Requeue=0 Restarts=0 BatchFlag=1 Reboot=0 ExitCode=0:0
   DerivedExitCode=0:0
   RunTime=01:51:45 TimeLimit=2-00:00:00 TimeMin=N/A
   SubmitTime=2026-03-27T20:37:56 EligibleTime=2026-03-27T20:37:56
   AccrueTime=2026-03-27T20:37:56
   StartTime=2026-03-28T12:32:16 EndTime=2026-03-28T14:24:01 Deadline=N/A
   SuspendTime=None SecsPreSuspend=0 LastSchedEval=2026-03-28T12:32:16 Scheduler=Backfill
   Partition=compute AllocNode:Sid=callan01:1076092
   ReqNodeList=(null) ExcNodeList=(null)
   NodeList=callan-n09
   BatchHost=callan-n09
   NumNodes=1 NumCPUs=16 NumTasks=1 CPUs/Task=16 ReqB:S:C:T=0:0:*:*
   ReqTRES=cpu=16,mem=32G,node=1,billing=16
   AllocTRES=cpu=16,mem=32G,node=1,billing=16
   Socks/Node=* NtasksPerN:B:S:C=0:0:*:* CoreSpec=*
   JOB_GRES=(null)
     Nodes=callan-n09 CPU_IDs=2-9,45-52 Mem=32768 GRES=
   MinCPUsNode=16 MinMemoryNode=32G MinTmpDiskNode=0
   Features=(null) DelayBoot=00:00:00
   OverSubscribe=OK Contiguous=0 Licenses=(null) LicensesAlloc=(null) Network=(null)
   Command=/home/users/hadjitot/fyp/HighwayEnv/slurm/train_baseline.sbatch
   WorkDir=/home/users/hadjitot/fyp/HighwayEnv
   StdErr=/home/users/hadjitot/fyp/HighwayEnv/slurm_out/base_cf_obs20_dense_seed1_v12_171125.err
   StdIn=/dev/null
   StdOut=/home/users/hadjitot/fyp/HighwayEnv/slurm_out/base_cf_obs20_dense_seed1_v12_171125.out
   TresPerTask=cpu=16
   


Disk quota details:
===================

                         Block Limits                                    |                     File Limits
Name       type             MB      quota      limit   in_doubt    grace |    files   quota    limit in_doubt    grace
root       USR         4974392          0          0       1642     none |   398136       0        0      723     none
root       FILESET     5233134          0          0       4591     none |  9915612       0        0     1588     none


SLURM Bank Statement:
=====================

User           Usage |        Account     Usage | Account Limit Available (CPU hrs)
---------- --------- + -------------- --------- + ------------- ---------
hadjitot      12,474 | CALLAN_HADJITOT    12,474 |       300,000   287,526


Acknowledgements:
=================

Note that usage of TCHPC Resources *must* be acknowledged in all publications.

Please see this page for details relevant to this cluster:

http://www.tchpc.tcd.ie/resources/acknowledgementpolicy

################################################################################
