Loading Anaconda 3 2024.02-1
SCENARIO_NAME=cf_v2
EXP_VERSION=v12
TOTAL_TIMESTEPS=1000000
N_ENVS=4
DEEPSETS_HIDDEN=64
ppo_deepsets_cf_v2_v12_seed2 obs shape: (5, 5) action space: Box(-1.0, 1.0, (1,), float32)
Using cpu device
Logging to runs/tb/ppo_deepsets_cf_v2_v12_seed2_1
---------------------------------
| rollout/           |          |
|    ep_len_mean     | 17.3     |
|    ep_rew_mean     | 3.28     |
| time/              |          |
|    fps             | 338      |
|    iterations      | 1        |
|    time_elapsed    | 24       |
|    total_timesteps | 8192     |
---------------------------------
-------------------------------------------
| rollout/                |               |
|    ep_len_mean          | 17.8          |
|    ep_rew_mean          | 3.29          |
| time/                   |               |
|    fps                  | 298           |
|    iterations           | 2             |
|    time_elapsed         | 54            |
|    total_timesteps      | 16384         |
| train/                  |               |
|    approx_kl            | 0.00090769795 |
|    clip_fraction        | 0.00437       |
|    clip_range           | 0.2           |
|    entropy_loss         | -1.42         |
|    explained_variance   | 0.015         |
|    learning_rate        | 0.0003        |
|    loss                 | 0.215         |
|    n_updates            | 10            |
|    policy_gradient_loss | 0.000261      |
|    std                  | 1.01          |
|    value_loss           | 1.59          |
-------------------------------------------
-----------------------------------------
| rollout/                |             |
|    ep_len_mean          | 19.1        |
|    ep_rew_mean          | 3.68        |
| time/                   |             |
|    fps                  | 293         |
|    iterations           | 3           |
|    time_elapsed         | 83          |
|    total_timesteps      | 24576       |
| train/                  |             |
|    approx_kl            | 0.015495818 |
|    clip_fraction        | 0.182       |
|    clip_range           | 0.2         |
|    entropy_loss         | -1.4        |
|    explained_variance   | 0.978       |
|    learning_rate        | 0.0003      |
|    loss                 | 0.0919      |
|    n_updates            | 20          |
|    policy_gradient_loss | -0.0206     |
|    std                  | 0.965       |
|    value_loss           | 0.266       |
-----------------------------------------
-----------------------------------------
| rollout/                |             |
|    ep_len_mean          | 20.6        |
|    ep_rew_mean          | 3.81        |
| time/                   |             |
|    fps                  | 275         |
|    iterations           | 4           |
|    time_elapsed         | 118         |
|    total_timesteps      | 32768       |
| train/                  |             |
|    approx_kl            | 0.017979378 |
|    clip_fraction        | 0.235       |
|    clip_range           | 0.2         |
|    entropy_loss         | -1.39       |
|    explained_variance   | 0.985       |
|    learning_rate        | 0.0003      |
|    loss                 | 0.376       |
|    n_updates            | 30          |
|    policy_gradient_loss | -0.0303     |
|    std                  | 0.967       |
|    value_loss           | 0.272       |
-----------------------------------------
-----------------------------------------
| rollout/                |             |
|    ep_len_mean          | 28.5        |
|    ep_rew_mean          | 5.05        |
| time/                   |             |
|    fps                  | 265         |
|    iterations           | 5           |
|    time_elapsed         | 154         |
|    total_timesteps      | 40960       |
| train/                  |             |
|    approx_kl            | 0.017411856 |
|    clip_fraction        | 0.215       |
|    clip_range           | 0.2         |
|    entropy_loss         | -1.36       |
|    explained_variance   | 0.933       |
|    learning_rate        | 0.0003      |
|    loss                 | 0.318       |
|    n_updates            | 40          |
|    policy_gradient_loss | -0.0188     |
|    std                  | 0.919       |
|    value_loss           | 0.703       |
-----------------------------------------
-----------------------------------------
| rollout/                |             |
|    ep_len_mean          | 51          |
|    ep_rew_mean          | 6.56        |
| time/                   |             |
|    fps                  | 272         |
|    iterations           | 6           |
|    time_elapsed         | 180         |
|    total_timesteps      | 49152       |
| train/                  |             |
|    approx_kl            | 0.012211941 |
|    clip_fraction        | 0.192       |
|    clip_range           | 0.2         |
|    entropy_loss         | -1.32       |
|    explained_variance   | 0.788       |
|    learning_rate        | 0.0003      |
|    loss                 | 1.45        |
|    n_updates            | 50          |
|    policy_gradient_loss | -0.0138     |
|    std                  | 0.895       |
|    value_loss           | 2.96        |
-----------------------------------------
-----------------------------------------
| rollout/                |             |
|    ep_len_mean          | 80.8        |
|    ep_rew_mean          | 12.4        |
| time/                   |             |
|    fps                  | 276         |
|    iterations           | 7           |
|    time_elapsed         | 207         |
|    total_timesteps      | 57344       |
| train/                  |             |
|    approx_kl            | 0.011834869 |
|    clip_fraction        | 0.189       |
|    clip_range           | 0.2         |
|    entropy_loss         | -1.3        |
|    explained_variance   | 0.649       |
|    learning_rate        | 0.0003      |
|    loss                 | 2.24        |
|    n_updates            | 60          |
|    policy_gradient_loss | -0.0159     |
|    std                  | 0.875       |
|    value_loss           | 4.92        |
-----------------------------------------
-----------------------------------------
| rollout/                |             |
|    ep_len_mean          | 103         |
|    ep_rew_mean          | 17.2        |
| time/                   |             |
|    fps                  | 277         |
|    iterations           | 8           |
|    time_elapsed         | 236         |
|    total_timesteps      | 65536       |
| train/                  |             |
|    approx_kl            | 0.020429403 |
|    clip_fraction        | 0.248       |
|    clip_range           | 0.2         |
|    entropy_loss         | -1.27       |
|    explained_variance   | 0.754       |
|    learning_rate        | 0.0003      |
|    loss                 | 1.53        |
|    n_updates            | 70          |
|    policy_gradient_loss | -0.0212     |
|    std                  | 0.849       |
|    value_loss           | 3.54        |
-----------------------------------------
-----------------------------------------
| rollout/                |             |
|    ep_len_mean          | 113         |
|    ep_rew_mean          | 25.4        |
| time/                   |             |
|    fps                  | 277         |
|    iterations           | 9           |
|    time_elapsed         | 265         |
|    total_timesteps      | 73728       |
| train/                  |             |
|    approx_kl            | 0.020464651 |
|    clip_fraction        | 0.285       |
|    clip_range           | 0.2         |
|    entropy_loss         | -1.23       |
|    explained_variance   | 0.779       |
|    learning_rate        | 0.0003      |
|    loss                 | 0.666       |
|    n_updates            | 80          |
|    policy_gradient_loss | -0.0231     |
|    std                  | 0.816       |
|    value_loss           | 2.3         |
-----------------------------------------
-----------------------------------------
| rollout/                |             |
|    ep_len_mean          | 111         |
|    ep_rew_mean          | 29.4        |
| time/                   |             |
|    fps                  | 280         |
|    iterations           | 10          |
|    time_elapsed         | 292         |
|    total_timesteps      | 81920       |
| train/                  |             |
|    approx_kl            | 0.020008354 |
|    clip_fraction        | 0.253       |
|    clip_range           | 0.2         |
|    entropy_loss         | -1.18       |
|    explained_variance   | 0.825       |
|    learning_rate        | 0.0003      |
|    loss                 | 0.497       |
|    n_updates            | 90          |
|    policy_gradient_loss | -0.0244     |
|    std                  | 0.778       |
|    value_loss           | 1.71        |
-----------------------------------------
-----------------------------------------
| rollout/                |             |
|    ep_len_mean          | 115         |
|    ep_rew_mean          | 31.7        |
| time/                   |             |
|    fps                  | 281         |
|    iterations           | 11          |
|    time_elapsed         | 320         |
|    total_timesteps      | 90112       |
| train/                  |             |
|    approx_kl            | 0.012313992 |
|    clip_fraction        | 0.163       |
|    clip_range           | 0.2         |
|    entropy_loss         | -1.16       |
|    explained_variance   | 0.555       |
|    learning_rate        | 0.0003      |
|    loss                 | 0.805       |
|    n_updates            | 100         |
|    policy_gradient_loss | -0.0103     |
|    std                  | 0.76        |
|    value_loss           | 3.76        |
-----------------------------------------
-----------------------------------------
| rollout/                |             |
|    ep_len_mean          | 121         |
|    ep_rew_mean          | 34.8        |
| time/                   |             |
|    fps                  | 282         |
|    iterations           | 12          |
|    time_elapsed         | 347         |
|    total_timesteps      | 98304       |
| train/                  |             |
|    approx_kl            | 0.012871869 |
|    clip_fraction        | 0.154       |
|    clip_range           | 0.2         |
|    entropy_loss         | -1.12       |
|    explained_variance   | 0.694       |
|    learning_rate        | 0.0003      |
|    loss                 | 2.91        |
|    n_updates            | 110         |
|    policy_gradient_loss | -0.00843    |
|    std                  | 0.737       |
|    value_loss           | 3.89        |
-----------------------------------------
-----------------------------------------
| rollout/                |             |
|    ep_len_mean          | 123         |
|    ep_rew_mean          | 36          |
| time/                   |             |
|    fps                  | 283         |
|    iterations           | 13          |
|    time_elapsed         | 375         |
|    total_timesteps      | 106496      |
| train/                  |             |
|    approx_kl            | 0.021064619 |
|    clip_fraction        | 0.193       |
|    clip_range           | 0.2         |
|    entropy_loss         | -1.09       |
|    explained_variance   | 0.744       |
|    learning_rate        | 0.0003      |
|    loss                 | 0.297       |
|    n_updates            | 120         |
|    policy_gradient_loss | 0.00196     |
|    std                  | 0.72        |
|    value_loss           | 1.56        |
-----------------------------------------
-----------------------------------------
| rollout/                |             |
|    ep_len_mean          | 126         |
|    ep_rew_mean          | 36.9        |
| time/                   |             |
|    fps                  | 283         |
|    iterations           | 14          |
|    time_elapsed         | 404         |
|    total_timesteps      | 114688      |
| train/                  |             |
|    approx_kl            | 0.011446776 |
|    clip_fraction        | 0.226       |
|    clip_range           | 0.2         |
|    entropy_loss         | -1.08       |
|    explained_variance   | 0.661       |
|    learning_rate        | 0.0003      |
|    loss                 | 2.74        |
|    n_updates            | 130         |
|    policy_gradient_loss | 0.00146     |
|    std                  | 0.708       |
|    value_loss           | 2.77        |
-----------------------------------------
-----------------------------------------
| rollout/                |             |
|    ep_len_mean          | 126         |
|    ep_rew_mean          | 36.9        |
| time/                   |             |
|    fps                  | 286         |
|    iterations           | 15          |
|    time_elapsed         | 429         |
|    total_timesteps      | 122880      |
| train/                  |             |
|    approx_kl            | 0.007898286 |
|    clip_fraction        | 0.116       |
|    clip_range           | 0.2         |
|    entropy_loss         | -1.06       |
|    explained_variance   | 0.963       |
|    learning_rate        | 0.0003      |
|    loss                 | 0.0235      |
|    n_updates            | 140         |
|    policy_gradient_loss | 0.00415     |
|    std                  | 0.698       |
|    value_loss           | 0.134       |
-----------------------------------------
------------------------------------------
| rollout/                |              |
|    ep_len_mean          | 126          |
|    ep_rew_mean          | 37.4         |
| time/                   |              |
|    fps                  | 287          |
|    iterations           | 16           |
|    time_elapsed         | 456          |
|    total_timesteps      | 131072       |
| train/                  |              |
|    approx_kl            | 0.0063257962 |
|    clip_fraction        | 0.11         |
|    clip_range           | 0.2          |
|    entropy_loss         | -1.06        |
|    explained_variance   | 0.978        |
|    learning_rate        | 0.0003       |
|    loss                 | 0.0607       |
|    n_updates            | 150          |
|    policy_gradient_loss | 0.00269      |
|    std                  | 0.697        |
|    value_loss           | 0.093        |
------------------------------------------
------------------------------------------
| rollout/                |              |
|    ep_len_mean          | 117          |
|    ep_rew_mean          | 34           |
| time/                   |              |
|    fps                  | 287          |
|    iterations           | 17           |
|    time_elapsed         | 484          |
|    total_timesteps      | 139264       |
| train/                  |              |
|    approx_kl            | 0.0068495665 |
|    clip_fraction        | 0.0831       |
|    clip_range           | 0.2          |
|    entropy_loss         | -1.06        |
|    explained_variance   | 0.983        |
|    learning_rate        | 0.0003       |
|    loss                 | 0.0428       |
|    n_updates            | 160          |
|    policy_gradient_loss | 0.000717     |
|    std                  | 0.698        |
|    value_loss           | 0.0844       |
------------------------------------------
-----------------------------------------
| rollout/                |             |
|    ep_len_mean          | 121         |
|    ep_rew_mean          | 35.1        |
| time/                   |             |
|    fps                  | 288         |
|    iterations           | 18          |
|    time_elapsed         | 511         |
|    total_timesteps      | 147456      |
| train/                  |             |
|    approx_kl            | 0.016810004 |
|    clip_fraction        | 0.192       |
|    clip_range           | 0.2         |
|    entropy_loss         | -1.06       |
|    explained_variance   | 0.462       |
|    learning_rate        | 0.0003      |
|    loss                 | 3.41        |
|    n_updates            | 170         |
|    policy_gradient_loss | 0.000367    |
|    std                  | 0.697       |
|    value_loss           | 6.57        |
-----------------------------------------
-----------------------------------------
| rollout/                |             |
|    ep_len_mean          | 126         |
|    ep_rew_mean          | 36.9        |
| time/                   |             |
|    fps                  | 289         |
|    iterations           | 19          |
|    time_elapsed         | 537         |
|    total_timesteps      | 155648      |
| train/                  |             |
|    approx_kl            | 0.010207631 |
|    clip_fraction        | 0.128       |
|    clip_range           | 0.2         |
|    entropy_loss         | -1.03       |
|    explained_variance   | 0.927       |
|    learning_rate        | 0.0003      |
|    loss                 | 0.126       |
|    n_updates            | 180         |
|    policy_gradient_loss | -0.00272    |
|    std                  | 0.677       |
|    value_loss           | 0.145       |
-----------------------------------------
-----------------------------------------
| rollout/                |             |
|    ep_len_mean          | 126         |
|    ep_rew_mean          | 36.8        |
| time/                   |             |
|    fps                  | 290         |
|    iterations           | 20          |
|    time_elapsed         | 563         |
|    total_timesteps      | 163840      |
| train/                  |             |
|    approx_kl            | 0.007768315 |
|    clip_fraction        | 0.0992      |
|    clip_range           | 0.2         |
|    entropy_loss         | -1.02       |
|    explained_variance   | 0.982       |
|    learning_rate        | 0.0003      |
|    loss                 | 0.0247      |
|    n_updates            | 190         |
|    policy_gradient_loss | 0.000535    |
|    std                  | 0.664       |
|    value_loss           | 0.0861      |
-----------------------------------------
-----------------------------------------
| rollout/                |             |
|    ep_len_mean          | 126         |
|    ep_rew_mean          | 36.8        |
| time/                   |             |
|    fps                  | 290         |
|    iterations           | 21          |
|    time_elapsed         | 591         |
|    total_timesteps      | 172032      |
| train/                  |             |
|    approx_kl            | 0.008481365 |
|    clip_fraction        | 0.0953      |
|    clip_range           | 0.2         |
|    entropy_loss         | -1.01       |
|    explained_variance   | 0.989       |
|    learning_rate        | 0.0003      |
|    loss                 | 0.064       |
|    n_updates            | 200         |
|    policy_gradient_loss | 0.002       |
|    std                  | 0.668       |
|    value_loss           | 0.0864      |
-----------------------------------------
------------------------------------------
| rollout/                |              |
|    ep_len_mean          | 126          |
|    ep_rew_mean          | 36.6         |
| time/                   |              |
|    fps                  | 291          |
|    iterations           | 22           |
|    time_elapsed         | 619          |
|    total_timesteps      | 180224       |
| train/                  |              |
|    approx_kl            | 0.0063073747 |
|    clip_fraction        | 0.0737       |
|    clip_range           | 0.2          |
|    entropy_loss         | -1           |
|    explained_variance   | 0.987        |
|    learning_rate        | 0.0003       |
|    loss                 | 0.0261       |
|    n_updates            | 210          |
|    policy_gradient_loss | 0.00142      |
|    std                  | 0.657        |
|    value_loss           | 0.0758       |
------------------------------------------
------------------------------------------
| rollout/                |              |
|    ep_len_mean          | 126          |
|    ep_rew_mean          | 36.7         |
| time/                   |              |
|    fps                  | 291          |
|    iterations           | 23           |
|    time_elapsed         | 647          |
|    total_timesteps      | 188416       |
| train/                  |              |
|    approx_kl            | 0.0057440507 |
|    clip_fraction        | 0.0818       |
|    clip_range           | 0.2          |
|    entropy_loss         | -1           |
|    explained_variance   | 0.988        |
|    learning_rate        | 0.0003       |
|    loss                 | 0.0408       |
|    n_updates            | 220          |
|    policy_gradient_loss | 0.00211      |
|    std                  | 0.659        |
|    value_loss           | 0.0702       |
------------------------------------------
------------------------------------------
| rollout/                |              |
|    ep_len_mean          | 126          |
|    ep_rew_mean          | 36.8         |
| time/                   |              |
|    fps                  | 291          |
|    iterations           | 24           |
|    time_elapsed         | 674          |
|    total_timesteps      | 196608       |
| train/                  |              |
|    approx_kl            | 0.0069949236 |
|    clip_fraction        | 0.0878       |
|    clip_range           | 0.2          |
|    entropy_loss         | -0.999       |
|    explained_variance   | 0.989        |
|    learning_rate        | 0.0003       |
|    loss                 | 0.0205       |
|    n_updates            | 230          |
|    policy_gradient_loss | -0.000296    |
|    std                  | 0.658        |
|    value_loss           | 0.0699       |
------------------------------------------
------------------------------------------
| rollout/                |              |
|    ep_len_mean          | 126          |
|    ep_rew_mean          | 36.7         |
| time/                   |              |
|    fps                  | 292          |
|    iterations           | 25           |
|    time_elapsed         | 700          |
|    total_timesteps      | 204800       |
| train/                  |              |
|    approx_kl            | 0.0068288413 |
|    clip_fraction        | 0.0975       |
|    clip_range           | 0.2          |
|    entropy_loss         | -0.999       |
|    explained_variance   | 0.989        |
|    learning_rate        | 0.0003       |
|    loss                 | 0.0548       |
|    n_updates            | 240          |
|    policy_gradient_loss | -0.0017      |
|    std                  | 0.655        |
|    value_loss           | 0.073        |
------------------------------------------
-----------------------------------------
| rollout/                |             |
|    ep_len_mean          | 124         |
|    ep_rew_mean          | 36.2        |
| time/                   |             |
|    fps                  | 292         |
|    iterations           | 26          |
|    time_elapsed         | 728         |
|    total_timesteps      | 212992      |
| train/                  |             |
|    approx_kl            | 0.009217724 |
|    clip_fraction        | 0.0821      |
|    clip_range           | 0.2         |
|    entropy_loss         | -0.977      |
|    explained_variance   | 0.895       |
|    learning_rate        | 0.0003      |
|    loss                 | 0.0297      |
|    n_updates            | 250         |
|    policy_gradient_loss | 0.000197    |
|    std                  | 0.637       |
|    value_loss           | 0.782       |
-----------------------------------------
----------------------------------------
| rollout/                |            |
|    ep_len_mean          | 124        |
|    ep_rew_mean          | 36.5       |
| time/                   |            |
|    fps                  | 292        |
|    iterations           | 27         |
|    time_elapsed         | 755        |
|    total_timesteps      | 221184     |
| train/                  |            |
|    approx_kl            | 0.00788627 |
|    clip_fraction        | 0.0997     |
|    clip_range           | 0.2        |
|    entropy_loss         | -0.962     |
|    explained_variance   | 0.661      |
|    learning_rate        | 0.0003     |
|    loss                 | 2.32       |
|    n_updates            | 260        |
|    policy_gradient_loss | -0.000145  |
|    std                  | 0.632      |
|    value_loss           | 3.18       |
----------------------------------------
------------------------------------------
| rollout/                |              |
|    ep_len_mean          | 126          |
|    ep_rew_mean          | 37.1         |
| time/                   |              |
|    fps                  | 292          |
|    iterations           | 28           |
|    time_elapsed         | 784          |
|    total_timesteps      | 229376       |
| train/                  |              |
|    approx_kl            | 0.0071569355 |
|    clip_fraction        | 0.0995       |
|    clip_range           | 0.2          |
|    entropy_loss         | -0.946       |
|    explained_variance   | 0.97         |
|    learning_rate        | 0.0003       |
|    loss                 | 0.0706       |
|    n_updates            | 270          |
|    policy_gradient_loss | 5.92e-05     |
|    std                  | 0.623        |
|    value_loss           | 0.0904       |
------------------------------------------
-----------------------------------------
| rollout/                |             |
|    ep_len_mean          | 124         |
|    ep_rew_mean          | 36.8        |
| time/                   |             |
|    fps                  | 292         |
|    iterations           | 29          |
|    time_elapsed         | 811         |
|    total_timesteps      | 237568      |
| train/                  |             |
|    approx_kl            | 0.018069327 |
|    clip_fraction        | 0.127       |
|    clip_range           | 0.2         |
|    entropy_loss         | -0.942      |
|    explained_variance   | 0.789       |
|    learning_rate        | 0.0003      |
|    loss                 | 1.32        |
|    n_updates            | 280         |
|    policy_gradient_loss | 0.00159     |
|    std                  | 0.618       |
|    value_loss           | 1.82        |
-----------------------------------------
-----------------------------------------
| rollout/                |             |
|    ep_len_mean          | 124         |
|    ep_rew_mean          | 36.7        |
| time/                   |             |
|    fps                  | 293         |
|    iterations           | 30          |
|    time_elapsed         | 838         |
|    total_timesteps      | 245760      |
| train/                  |             |
|    approx_kl            | 0.011403875 |
|    clip_fraction        | 0.101       |
|    clip_range           | 0.2         |
|    entropy_loss         | -0.918      |
|    explained_variance   | 0.812       |
|    learning_rate        | 0.0003      |
|    loss                 | 0.148       |
|    n_updates            | 290         |
|    policy_gradient_loss | 0.00147     |
|    std                  | 0.599       |
|    value_loss           | 1.06        |
-----------------------------------------
------------------------------------------
| rollout/                |              |
|    ep_len_mean          | 125          |
|    ep_rew_mean          | 36.7         |
| time/                   |              |
|    fps                  | 293          |
|    iterations           | 31           |
|    time_elapsed         | 865          |
|    total_timesteps      | 253952       |
| train/                  |              |
|    approx_kl            | 0.0077745924 |
|    clip_fraction        | 0.0976       |
|    clip_range           | 0.2          |
|    entropy_loss         | -0.872       |
|    explained_variance   | 0.939        |
|    learning_rate        | 0.0003       |
|    loss                 | 0.0574       |
|    n_updates            | 300          |
|    policy_gradient_loss | -4.19e-05    |
|    std                  | 0.576        |
|    value_loss           | 0.0796       |
------------------------------------------
-----------------------------------------
| rollout/                |             |
|    ep_len_mean          | 121         |
|    ep_rew_mean          | 35.1        |
| time/                   |             |
|    fps                  | 293         |
|    iterations           | 32          |
|    time_elapsed         | 893         |
|    total_timesteps      | 262144      |
| train/                  |             |
|    approx_kl            | 0.007896239 |
|    clip_fraction        | 0.0883      |
|    clip_range           | 0.2         |
|    entropy_loss         | -0.861      |
|    explained_variance   | 0.883       |
|    learning_rate        | 0.0003      |
|    loss                 | 0.613       |
|    n_updates            | 310         |
|    policy_gradient_loss | 0.000768    |
|    std                  | 0.569       |
|    value_loss           | 0.653       |
-----------------------------------------
----------------------------------------
| rollout/                |            |
|    ep_len_mean          | 124        |
|    ep_rew_mean          | 36         |
| time/                   |            |
|    fps                  | 293        |
|    iterations           | 33         |
|    time_elapsed         | 920        |
|    total_timesteps      | 270336     |
| train/                  |            |
|    approx_kl            | 0.02216196 |
|    clip_fraction        | 0.216      |
|    clip_range           | 0.2        |
|    entropy_loss         | -0.855     |
|    explained_variance   | 0.492      |
|    learning_rate        | 0.0003     |
|    loss                 | 0.302      |
|    n_updates            | 320        |
|    policy_gradient_loss | -0.00172   |
|    std                  | 0.567      |
|    value_loss           | 6.93       |
----------------------------------------
-----------------------------------------
| rollout/                |             |
|    ep_len_mean          | 126         |
|    ep_rew_mean          | 36.9        |
| time/                   |             |
|    fps                  | 293         |
|    iterations           | 34          |
|    time_elapsed         | 947         |
|    total_timesteps      | 278528      |
| train/                  |             |
|    approx_kl            | 0.008206639 |
|    clip_fraction        | 0.102       |
|    clip_range           | 0.2         |
|    entropy_loss         | -0.819      |
|    explained_variance   | 0.974       |
|    learning_rate        | 0.0003      |
|    loss                 | 0.049       |
|    n_updates            | 330         |
|    policy_gradient_loss | -0.00222    |
|    std                  | 0.547       |
|    value_loss           | 0.0655      |
-----------------------------------------
-----------------------------------------
| rollout/                |             |
|    ep_len_mean          | 126         |
|    ep_rew_mean          | 37.4        |
| time/                   |             |
|    fps                  | 294         |
|    iterations           | 35          |
|    time_elapsed         | 974         |
|    total_timesteps      | 286720      |
| train/                  |             |
|    approx_kl            | 0.007853853 |
|    clip_fraction        | 0.0743      |
|    clip_range           | 0.2         |
|    entropy_loss         | -0.814      |
|    explained_variance   | 0.985       |
|    learning_rate        | 0.0003      |
|    loss                 | 0.00873     |
|    n_updates            | 340         |
|    policy_gradient_loss | 0.000768    |
|    std                  | 0.545       |
|    value_loss           | 0.051       |
-----------------------------------------
------------------------------------------
| rollout/                |              |
|    ep_len_mean          | 126          |
|    ep_rew_mean          | 37.5         |
| time/                   |              |
|    fps                  | 294          |
|    iterations           | 36           |
|    time_elapsed         | 1000         |
|    total_timesteps      | 294912       |
| train/                  |              |
|    approx_kl            | 0.0067158467 |
|    clip_fraction        | 0.0779       |
|    clip_range           | 0.2          |
|    entropy_loss         | -0.795       |
|    explained_variance   | 0.986        |
|    learning_rate        | 0.0003       |
|    loss                 | 0.0422       |
|    n_updates            | 350          |
|    policy_gradient_loss | -0.000216    |
|    std                  | 0.531        |
|    value_loss           | 0.0502       |
------------------------------------------
-----------------------------------------
| rollout/                |             |
|    ep_len_mean          | 126         |
|    ep_rew_mean          | 37.8        |
| time/                   |             |
|    fps                  | 294         |
|    iterations           | 37          |
|    time_elapsed         | 1027        |
|    total_timesteps      | 303104      |
| train/                  |             |
|    approx_kl            | 0.008328522 |
|    clip_fraction        | 0.099       |
|    clip_range           | 0.2         |
|    entropy_loss         | -0.775      |
|    explained_variance   | 0.983       |
|    learning_rate        | 0.0003      |
|    loss                 | 0.0168      |
|    n_updates            | 360         |
|    policy_gradient_loss | -0.00109    |
|    std                  | 0.521       |
|    value_loss           | 0.0455      |
-----------------------------------------
-----------------------------------------
| rollout/                |             |
|    ep_len_mean          | 125         |
|    ep_rew_mean          | 37.2        |
| time/                   |             |
|    fps                  | 295         |
|    iterations           | 38          |
|    time_elapsed         | 1054        |
|    total_timesteps      | 311296      |
| train/                  |             |
|    approx_kl            | 0.010866262 |
|    clip_fraction        | 0.134       |
|    clip_range           | 0.2         |
|    entropy_loss         | -0.753      |
|    explained_variance   | 0.987       |
|    learning_rate        | 0.0003      |
|    loss                 | 0.00869     |
|    n_updates            | 370         |
|    policy_gradient_loss | -0.00528    |
|    std                  | 0.51        |
|    value_loss           | 0.0551      |
-----------------------------------------
------------------------------------------
| rollout/                |              |
|    ep_len_mean          | 105          |
|    ep_rew_mean          | 27.5         |
| time/                   |              |
|    fps                  | 295          |
|    iterations           | 39           |
|    time_elapsed         | 1082         |
|    total_timesteps      | 319488       |
| train/                  |              |
|    approx_kl            | 0.0115822265 |
|    clip_fraction        | 0.131        |
|    clip_range           | 0.2          |
|    entropy_loss         | -0.735       |
|    explained_variance   | 0.712        |
|    learning_rate        | 0.0003       |
|    loss                 | 4.47         |
|    n_updates            | 380          |
|    policy_gradient_loss | 0.00296      |
|    std                  | 0.5          |
|    value_loss           | 1.56         |
------------------------------------------
-----------------------------------------
| rollout/                |             |
|    ep_len_mean          | 107         |
|    ep_rew_mean          | 29.7        |
| time/                   |             |
|    fps                  | 295         |
|    iterations           | 40          |
|    time_elapsed         | 1109        |
|    total_timesteps      | 327680      |
| train/                  |             |
|    approx_kl            | 0.023193114 |
|    clip_fraction        | 0.254       |
|    clip_range           | 0.2         |
|    entropy_loss         | -0.726      |
|    explained_variance   | 0.267       |
|    learning_rate        | 0.0003      |
|    loss                 | 5.55        |
|    n_updates            | 390         |
|    policy_gradient_loss | 0.0015      |
|    std                  | 0.501       |
|    value_loss           | 25.2        |
-----------------------------------------
-----------------------------------------
| rollout/                |             |
|    ep_len_mean          | 120         |
|    ep_rew_mean          | 35          |
| time/                   |             |
|    fps                  | 295         |
|    iterations           | 41          |
|    time_elapsed         | 1136        |
|    total_timesteps      | 335872      |
| train/                  |             |
|    approx_kl            | 0.030531611 |
|    clip_fraction        | 0.272       |
|    clip_range           | 0.2         |
|    entropy_loss         | -0.723      |
|    explained_variance   | 0.534       |
|    learning_rate        | 0.0003      |
|    loss                 | 3.49        |
|    n_updates            | 400         |
|    policy_gradient_loss | -0.00867    |
|    std                  | 0.497       |
|    value_loss           | 13.9        |
-----------------------------------------
-----------------------------------------
| rollout/                |             |
|    ep_len_mean          | 125         |
|    ep_rew_mean          | 37          |
| time/                   |             |
|    fps                  | 295         |
|    iterations           | 42          |
|    time_elapsed         | 1163        |
|    total_timesteps      | 344064      |
| train/                  |             |
|    approx_kl            | 0.022991449 |
|    clip_fraction        | 0.297       |
|    clip_range           | 0.2         |
|    entropy_loss         | -0.706      |
|    explained_variance   | 0.629       |
|    learning_rate        | 0.0003      |
|    loss                 | 0.182       |
|    n_updates            | 410         |
|    policy_gradient_loss | -0.00634    |
|    std                  | 0.483       |
|    value_loss           | 1.86        |
-----------------------------------------
-----------------------------------------
| rollout/                |             |
|    ep_len_mean          | 126         |
|    ep_rew_mean          | 36.8        |
| time/                   |             |
|    fps                  | 295         |
|    iterations           | 43          |
|    time_elapsed         | 1191        |
|    total_timesteps      | 352256      |
| train/                  |             |
|    approx_kl            | 0.013787229 |
|    clip_fraction        | 0.159       |
|    clip_range           | 0.2         |
|    entropy_loss         | -0.674      |
|    explained_variance   | 0.935       |
|    learning_rate        | 0.0003      |
|    loss                 | 0.0436      |
|    n_updates            | 420         |
|    policy_gradient_loss | -0.00513    |
|    std                  | 0.476       |
|    value_loss           | 0.06        |
-----------------------------------------
-----------------------------------------
| rollout/                |             |
|    ep_len_mean          | 126         |
|    ep_rew_mean          | 36.6        |
| time/                   |             |
|    fps                  | 295         |
|    iterations           | 44          |
|    time_elapsed         | 1218        |
|    total_timesteps      | 360448      |
| train/                  |             |
|    approx_kl            | 0.008222617 |
|    clip_fraction        | 0.0859      |
|    clip_range           | 0.2         |
|    entropy_loss         | -0.659      |
|    explained_variance   | 0.971       |
|    learning_rate        | 0.0003      |
|    loss                 | 0.0326      |
|    n_updates            | 430         |
|    policy_gradient_loss | -0.00201    |
|    std                  | 0.466       |
|    value_loss           | 0.0443      |
-----------------------------------------
----------------------------------------
| rollout/                |            |
|    ep_len_mean          | 126        |
|    ep_rew_mean          | 36.7       |
| time/                   |            |
|    fps                  | 295        |
|    iterations           | 45         |
|    time_elapsed         | 1246       |
|    total_timesteps      | 368640     |
| train/                  |            |
|    approx_kl            | 0.00751659 |
|    clip_fraction        | 0.0788     |
|    clip_range           | 0.2        |
|    entropy_loss         | -0.655     |
|    explained_variance   | 0.982      |
|    learning_rate        | 0.0003     |
|    loss                 | -0.00871   |
|    n_updates            | 440        |
|    policy_gradient_loss | 0.000184   |
|    std                  | 0.468      |
|    value_loss           | 0.0448     |
----------------------------------------
------------------------------------------
| rollout/                |              |
|    ep_len_mean          | 118          |
|    ep_rew_mean          | 33.9         |
| time/                   |              |
|    fps                  | 295          |
|    iterations           | 46           |
|    time_elapsed         | 1273         |
|    total_timesteps      | 376832       |
| train/                  |              |
|    approx_kl            | 0.0072606173 |
|    clip_fraction        | 0.0869       |
|    clip_range           | 0.2          |
|    entropy_loss         | -0.654       |
|    explained_variance   | 0.985        |
|    learning_rate        | 0.0003       |
|    loss                 | 0.00357      |
|    n_updates            | 450          |
|    policy_gradient_loss | -0.00188     |
|    std                  | 0.464        |
|    value_loss           | 0.0374       |
------------------------------------------
-----------------------------------------
| rollout/                |             |
|    ep_len_mean          | 120         |
|    ep_rew_mean          | 35          |
| time/                   |             |
|    fps                  | 296         |
|    iterations           | 47          |
|    time_elapsed         | 1300        |
|    total_timesteps      | 385024      |
| train/                  |             |
|    approx_kl            | 0.010673702 |
|    clip_fraction        | 0.174       |
|    clip_range           | 0.2         |
|    entropy_loss         | -0.651      |
|    explained_variance   | 0.323       |
|    learning_rate        | 0.0003      |
|    loss                 | 5.65        |
|    n_updates            | 460         |
|    policy_gradient_loss | -0.000761   |
|    std                  | 0.465       |
|    value_loss           | 6.52        |
-----------------------------------------
-----------------------------------------
| rollout/                |             |
|    ep_len_mean          | 125         |
|    ep_rew_mean          | 36.8        |
| time/                   |             |
|    fps                  | 296         |
|    iterations           | 48          |
|    time_elapsed         | 1327        |
|    total_timesteps      | 393216      |
| train/                  |             |
|    approx_kl            | 0.021445518 |
|    clip_fraction        | 0.147       |
|    clip_range           | 0.2         |
|    entropy_loss         | -0.635      |
|    explained_variance   | 0.723       |
|    learning_rate        | 0.0003      |
|    loss                 | 0.0754      |
|    n_updates            | 470         |
|    policy_gradient_loss | -0.00315    |
|    std                  | 0.451       |
|    value_loss           | 1.74        |
-----------------------------------------
-----------------------------------------
| rollout/                |             |
|    ep_len_mean          | 126         |
|    ep_rew_mean          | 37.3        |
| time/                   |             |
|    fps                  | 296         |
|    iterations           | 49          |
|    time_elapsed         | 1354        |
|    total_timesteps      | 401408      |
| train/                  |             |
|    approx_kl            | 0.009272242 |
|    clip_fraction        | 0.116       |
|    clip_range           | 0.2         |
|    entropy_loss         | -0.596      |
|    explained_variance   | 0.875       |
|    learning_rate        | 0.0003      |
|    loss                 | 0.0546      |
|    n_updates            | 480         |
|    policy_gradient_loss | 0.000514    |
|    std                  | 0.435       |
|    value_loss           | 0.118       |
-----------------------------------------
----------------------------------------
| rollout/                |            |
|    ep_len_mean          | 126        |
|    ep_rew_mean          | 37.3       |
| time/                   |            |
|    fps                  | 296        |
|    iterations           | 50         |
|    time_elapsed         | 1381       |
|    total_timesteps      | 409600     |
| train/                  |            |
|    approx_kl            | 0.00668134 |
|    clip_fraction        | 0.0869     |
|    clip_range           | 0.2        |
|    entropy_loss         | -0.576     |
|    explained_variance   | 0.984      |
|    learning_rate        | 0.0003     |
|    loss                 | 0.0483     |
|    n_updates            | 490        |
|    policy_gradient_loss | 0.00183    |
|    std                  | 0.428      |
|    value_loss           | 0.0424     |
----------------------------------------
------------------------------------------
| rollout/                |              |
|    ep_len_mean          | 126          |
|    ep_rew_mean          | 37.2         |
| time/                   |              |
|    fps                  | 296          |
|    iterations           | 51           |
|    time_elapsed         | 1409         |
|    total_timesteps      | 417792       |
| train/                  |              |
|    approx_kl            | 0.0067854812 |
|    clip_fraction        | 0.101        |
|    clip_range           | 0.2          |
|    entropy_loss         | -0.572       |
|    explained_variance   | 0.986        |
|    learning_rate        | 0.0003       |
|    loss                 | 0.0195       |
|    n_updates            | 500          |
|    policy_gradient_loss | 0.00157      |
|    std                  | 0.428        |
|    value_loss           | 0.0442       |
------------------------------------------
-----------------------------------------
| rollout/                |             |
|    ep_len_mean          | 126         |
|    ep_rew_mean          | 37.3        |
| time/                   |             |
|    fps                  | 295         |
|    iterations           | 52          |
|    time_elapsed         | 1439        |
|    total_timesteps      | 425984      |
| train/                  |             |
|    approx_kl            | 0.007956173 |
|    clip_fraction        | 0.0957      |
|    clip_range           | 0.2         |
|    entropy_loss         | -0.562      |
|    explained_variance   | 0.986       |
|    learning_rate        | 0.0003      |
|    loss                 | 0.0288      |
|    n_updates            | 510         |
|    policy_gradient_loss | 0.00122     |
|    std                  | 0.422       |
|    value_loss           | 0.0437      |
-----------------------------------------
------------------------------------------
| rollout/                |              |
|    ep_len_mean          | 126          |
|    ep_rew_mean          | 37.6         |
| time/                   |              |
|    fps                  | 295          |
|    iterations           | 53           |
|    time_elapsed         | 1469         |
|    total_timesteps      | 434176       |
| train/                  |              |
|    approx_kl            | 0.0071616606 |
|    clip_fraction        | 0.0906       |
|    clip_range           | 0.2          |
|    entropy_loss         | -0.564       |
|    explained_variance   | 0.989        |
|    learning_rate        | 0.0003       |
|    loss                 | 0.0183       |
|    n_updates            | 520          |
|    policy_gradient_loss | 0.000529     |
|    std                  | 0.429        |
|    value_loss           | 0.0386       |
------------------------------------------
-----------------------------------------
| rollout/                |             |
|    ep_len_mean          | 126         |
|    ep_rew_mean          | 37.7        |
| time/                   |             |
|    fps                  | 295         |
|    iterations           | 54          |
|    time_elapsed         | 1495        |
|    total_timesteps      | 442368      |
| train/                  |             |
|    approx_kl            | 0.008290939 |
|    clip_fraction        | 0.0879      |
|    clip_range           | 0.2         |
|    entropy_loss         | -0.579      |
|    explained_variance   | 0.987       |
|    learning_rate        | 0.0003      |
|    loss                 | 0.0104      |
|    n_updates            | 530         |
|    policy_gradient_loss | 0.000495    |
|    std                  | 0.435       |
|    value_loss           | 0.043       |
-----------------------------------------
----------------------------------------
| rollout/                |            |
|    ep_len_mean          | 125        |
|    ep_rew_mean          | 37         |
| time/                   |            |
|    fps                  | 295        |
|    iterations           | 55         |
|    time_elapsed         | 1522       |
|    total_timesteps      | 450560     |
| train/                  |            |
|    approx_kl            | 0.00785155 |
|    clip_fraction        | 0.0957     |
|    clip_range           | 0.2        |
|    entropy_loss         | -0.582     |
|    explained_variance   | 0.988      |
|    learning_rate        | 0.0003     |
|    loss                 | 0.0085     |
|    n_updates            | 540        |
|    policy_gradient_loss | -0.000496  |
|    std                  | 0.432      |
|    value_loss           | 0.0404     |
----------------------------------------
-----------------------------------------
| rollout/                |             |
|    ep_len_mean          | 126         |
|    ep_rew_mean          | 37.5        |
| time/                   |             |
|    fps                  | 295         |
|    iterations           | 56          |
|    time_elapsed         | 1551        |
|    total_timesteps      | 458752      |
| train/                  |             |
|    approx_kl            | 0.007395801 |
|    clip_fraction        | 0.093       |
|    clip_range           | 0.2         |
|    entropy_loss         | -0.583      |
|    explained_variance   | 0.768       |
|    learning_rate        | 0.0003      |
|    loss                 | 5.22        |
|    n_updates            | 550         |
|    policy_gradient_loss | 0.000934    |
|    std                  | 0.434       |
|    value_loss           | 0.863       |
-----------------------------------------
-----------------------------------------
| rollout/                |             |
|    ep_len_mean          | 126         |
|    ep_rew_mean          | 37.6        |
| time/                   |             |
|    fps                  | 295         |
|    iterations           | 57          |
|    time_elapsed         | 1578        |
|    total_timesteps      | 466944      |
| train/                  |             |
|    approx_kl            | 0.007877039 |
|    clip_fraction        | 0.107       |
|    clip_range           | 0.2         |
|    entropy_loss         | -0.561      |
|    explained_variance   | 0.982       |
|    learning_rate        | 0.0003      |
|    loss                 | 0.0217      |
|    n_updates            | 560         |
|    policy_gradient_loss | -0.00236    |
|    std                  | 0.422       |
|    value_loss           | 0.0423      |
-----------------------------------------
------------------------------------------
| rollout/                |              |
|    ep_len_mean          | 125          |
|    ep_rew_mean          | 37.4         |
| time/                   |              |
|    fps                  | 296          |
|    iterations           | 58           |
|    time_elapsed         | 1605         |
|    total_timesteps      | 475136       |
| train/                  |              |
|    approx_kl            | 0.0076470035 |
|    clip_fraction        | 0.0983       |
|    clip_range           | 0.2          |
|    entropy_loss         | -0.556       |
|    explained_variance   | 0.985        |
|    learning_rate        | 0.0003       |
|    loss                 | 0.0015       |
|    n_updates            | 570          |
|    policy_gradient_loss | -0.00222     |
|    std                  | 0.422        |
|    value_loss           | 0.041        |
------------------------------------------
-----------------------------------------
| rollout/                |             |
|    ep_len_mean          | 113         |
|    ep_rew_mean          | 31.3        |
| time/                   |             |
|    fps                  | 295         |
|    iterations           | 59          |
|    time_elapsed         | 1633        |
|    total_timesteps      | 483328      |
| train/                  |             |
|    approx_kl            | 0.008801253 |
|    clip_fraction        | 0.11        |
|    clip_range           | 0.2         |
|    entropy_loss         | -0.56       |
|    explained_variance   | 0.586       |
|    learning_rate        | 0.0003      |
|    loss                 | 0.376       |
|    n_updates            | 580         |
|    policy_gradient_loss | 0.00254     |
|    std                  | 0.423       |
|    value_loss           | 2.1         |
-----------------------------------------
-----------------------------------------
| rollout/                |             |
|    ep_len_mean          | 115         |
|    ep_rew_mean          | 32.5        |
| time/                   |             |
|    fps                  | 295         |
|    iterations           | 60          |
|    time_elapsed         | 1661        |
|    total_timesteps      | 491520      |
| train/                  |             |
|    approx_kl            | 0.014849591 |
|    clip_fraction        | 0.287       |
|    clip_range           | 0.2         |
|    entropy_loss         | -0.558      |
|    explained_variance   | 0.189       |
|    learning_rate        | 0.0003      |
|    loss                 | 11.7        |
|    n_updates            | 590         |
|    policy_gradient_loss | -0.000766   |
|    std                  | 0.423       |
|    value_loss           | 18.7        |
-----------------------------------------
-----------------------------------------
| rollout/                |             |
|    ep_len_mean          | 124         |
|    ep_rew_mean          | 37.2        |
| time/                   |             |
|    fps                  | 295         |
|    iterations           | 61          |
|    time_elapsed         | 1691        |
|    total_timesteps      | 499712      |
| train/                  |             |
|    approx_kl            | 0.018093828 |
|    clip_fraction        | 0.256       |
|    clip_range           | 0.2         |
|    entropy_loss         | -0.553      |
|    explained_variance   | 0.48        |
|    learning_rate        | 0.0003      |
|    loss                 | 6.4         |
|    n_updates            | 600         |
|    policy_gradient_loss | -0.00739    |
|    std                  | 0.419       |
|    value_loss           | 8.97        |
-----------------------------------------
-----------------------------------------
| rollout/                |             |
|    ep_len_mean          | 126         |
|    ep_rew_mean          | 37.5        |
| time/                   |             |
|    fps                  | 295         |
|    iterations           | 62          |
|    time_elapsed         | 1718        |
|    total_timesteps      | 507904      |
| train/                  |             |
|    approx_kl            | 0.014784314 |
|    clip_fraction        | 0.186       |
|    clip_range           | 0.2         |
|    entropy_loss         | -0.547      |
|    explained_variance   | 0.826       |
|    learning_rate        | 0.0003      |
|    loss                 | 0.0329      |
|    n_updates            | 610         |
|    policy_gradient_loss | -0.0054     |
|    std                  | 0.416       |
|    value_loss           | 0.146       |
-----------------------------------------
------------------------------------------
| rollout/                |              |
|    ep_len_mean          | 126          |
|    ep_rew_mean          | 37.3         |
| time/                   |              |
|    fps                  | 295          |
|    iterations           | 63           |
|    time_elapsed         | 1745         |
|    total_timesteps      | 516096       |
| train/                  |              |
|    approx_kl            | 0.0077949744 |
|    clip_fraction        | 0.113        |
|    clip_range           | 0.2          |
|    entropy_loss         | -0.537       |
|    explained_variance   | 0.955        |
|    learning_rate        | 0.0003       |
|    loss                 | 0.0141       |
|    n_updates            | 620          |
|    policy_gradient_loss | 0.000942     |
|    std                  | 0.413        |
|    value_loss           | 0.0477       |
------------------------------------------
-----------------------------------------
| rollout/                |             |
|    ep_len_mean          | 126         |
|    ep_rew_mean          | 37.6        |
| time/                   |             |
|    fps                  | 295         |
|    iterations           | 64          |
|    time_elapsed         | 1773        |
|    total_timesteps      | 524288      |
| train/                  |             |
|    approx_kl            | 0.005464307 |
|    clip_fraction        | 0.0907      |
|    clip_range           | 0.2         |
|    entropy_loss         | -0.53       |
|    explained_variance   | 0.969       |
|    learning_rate        | 0.0003      |
|    loss                 | 0.0337      |
|    n_updates            | 630         |
|    policy_gradient_loss | 0.00143     |
|    std                  | 0.41        |
|    value_loss           | 0.0486      |
-----------------------------------------
-----------------------------------------
| rollout/                |             |
|    ep_len_mean          | 126         |
|    ep_rew_mean          | 37.7        |
| time/                   |             |
|    fps                  | 295         |
|    iterations           | 65          |
|    time_elapsed         | 1801        |
|    total_timesteps      | 532480      |
| train/                  |             |
|    approx_kl            | 0.010463299 |
|    clip_fraction        | 0.101       |
|    clip_range           | 0.2         |
|    entropy_loss         | -0.539      |
|    explained_variance   | 0.976       |
|    learning_rate        | 0.0003      |
|    loss                 | 0.0171      |
|    n_updates            | 640         |
|    policy_gradient_loss | 0.00177     |
|    std                  | 0.417       |
|    value_loss           | 0.0452      |
-----------------------------------------
-----------------------------------------
| rollout/                |             |
|    ep_len_mean          | 125         |
|    ep_rew_mean          | 36.9        |
| time/                   |             |
|    fps                  | 295         |
|    iterations           | 66          |
|    time_elapsed         | 1829        |
|    total_timesteps      | 540672      |
| train/                  |             |
|    approx_kl            | 0.009456486 |
|    clip_fraction        | 0.109       |
|    clip_range           | 0.2         |
|    entropy_loss         | -0.541      |
|    explained_variance   | 0.974       |
|    learning_rate        | 0.0003      |
|    loss                 | 0.0202      |
|    n_updates            | 650         |
|    policy_gradient_loss | -0.000295   |
|    std                  | 0.416       |
|    value_loss           | 0.0476      |
-----------------------------------------
-----------------------------------------
| rollout/                |             |
|    ep_len_mean          | 125         |
|    ep_rew_mean          | 37.3        |
| time/                   |             |
|    fps                  | 295         |
|    iterations           | 67          |
|    time_elapsed         | 1858        |
|    total_timesteps      | 548864      |
| train/                  |             |
|    approx_kl            | 0.032998852 |
|    clip_fraction        | 0.245       |
|    clip_range           | 0.2         |
|    entropy_loss         | -0.543      |
|    explained_variance   | 0.19        |
|    learning_rate        | 0.0003      |
|    loss                 | 3.99        |
|    n_updates            | 660         |
|    policy_gradient_loss | 0.000453    |
|    std                  | 0.417       |
|    value_loss           | 7.41        |
-----------------------------------------
-----------------------------------------
| rollout/                |             |
|    ep_len_mean          | 121         |
|    ep_rew_mean          | 35.7        |
| time/                   |             |
|    fps                  | 295         |
|    iterations           | 68          |
|    time_elapsed         | 1886        |
|    total_timesteps      | 557056      |
| train/                  |             |
|    approx_kl            | 0.019391889 |
|    clip_fraction        | 0.206       |
|    clip_range           | 0.2         |
|    entropy_loss         | -0.541      |
|    explained_variance   | 0.418       |
|    learning_rate        | 0.0003      |
|    loss                 | 0.114       |
|    n_updates            | 670         |
|    policy_gradient_loss | -0.000488   |
|    std                  | 0.415       |
|    value_loss           | 3.46        |
-----------------------------------------
-----------------------------------------
| rollout/                |             |
|    ep_len_mean          | 117         |
|    ep_rew_mean          | 33.6        |
| time/                   |             |
|    fps                  | 295         |
|    iterations           | 69          |
|    time_elapsed         | 1915        |
|    total_timesteps      | 565248      |
| train/                  |             |
|    approx_kl            | 0.022549547 |
|    clip_fraction        | 0.283       |
|    clip_range           | 0.2         |
|    entropy_loss         | -0.538      |
|    explained_variance   | 0.331       |
|    learning_rate        | 0.0003      |
|    loss                 | 0.832       |
|    n_updates            | 680         |
|    policy_gradient_loss | 0.0011      |
|    std                  | 0.413       |
|    value_loss           | 5.37        |
-----------------------------------------
-----------------------------------------
| rollout/                |             |
|    ep_len_mean          | 122         |
|    ep_rew_mean          | 35.9        |
| time/                   |             |
|    fps                  | 294         |
|    iterations           | 70          |
|    time_elapsed         | 1946        |
|    total_timesteps      | 573440      |
| train/                  |             |
|    approx_kl            | 0.015482193 |
|    clip_fraction        | 0.274       |
|    clip_range           | 0.2         |
|    entropy_loss         | -0.536      |
|    explained_variance   | 0.201       |
|    learning_rate        | 0.0003      |
|    loss                 | 8.68        |
|    n_updates            | 690         |
|    policy_gradient_loss | 0.000286    |
|    std                  | 0.413       |
|    value_loss           | 13.1        |
-----------------------------------------
-----------------------------------------
| rollout/                |             |
|    ep_len_mean          | 125         |
|    ep_rew_mean          | 37.1        |
| time/                   |             |
|    fps                  | 294         |
|    iterations           | 71          |
|    time_elapsed         | 1974        |
|    total_timesteps      | 581632      |
| train/                  |             |
|    approx_kl            | 0.024964008 |
|    clip_fraction        | 0.324       |
|    clip_range           | 0.2         |
|    entropy_loss         | -0.511      |
|    explained_variance   | 0.659       |
|    learning_rate        | 0.0003      |
|    loss                 | 1.52        |
|    n_updates            | 700         |
|    policy_gradient_loss | -0.00194    |
|    std                  | 0.4         |
|    value_loss           | 3.97        |
-----------------------------------------
-----------------------------------------
| rollout/                |             |
|    ep_len_mean          | 126         |
|    ep_rew_mean          | 37.4        |
| time/                   |             |
|    fps                  | 294         |
|    iterations           | 72          |
|    time_elapsed         | 2002        |
|    total_timesteps      | 589824      |
| train/                  |             |
|    approx_kl            | 0.009967996 |
|    clip_fraction        | 0.152       |
|    clip_range           | 0.2         |
|    entropy_loss         | -0.493      |
|    explained_variance   | 0.949       |
|    learning_rate        | 0.0003      |
|    loss                 | 0.0108      |
|    n_updates            | 710         |
|    policy_gradient_loss | -0.00107    |
|    std                  | 0.394       |
|    value_loss           | 0.0579      |
-----------------------------------------
----------------------------------------
| rollout/                |            |
|    ep_len_mean          | 126        |
|    ep_rew_mean          | 37.6       |
| time/                   |            |
|    fps                  | 294        |
|    iterations           | 73         |
|    time_elapsed         | 2030       |
|    total_timesteps      | 598016     |
| train/                  |            |
|    approx_kl            | 0.00618947 |
|    clip_fraction        | 0.0828     |
|    clip_range           | 0.2        |
|    entropy_loss         | -0.497     |
|    explained_variance   | 0.976      |
|    learning_rate        | 0.0003     |
|    loss                 | 0.0135     |
|    n_updates            | 720        |
|    policy_gradient_loss | 0.000305   |
|    std                  | 0.397      |
|    value_loss           | 0.0455     |
----------------------------------------
------------------------------------------
| rollout/                |              |
|    ep_len_mean          | 126          |
|    ep_rew_mean          | 37.5         |
| time/                   |              |
|    fps                  | 294          |
|    iterations           | 74           |
|    time_elapsed         | 2059         |
|    total_timesteps      | 606208       |
| train/                  |              |
|    approx_kl            | 0.0074171824 |
|    clip_fraction        | 0.0908       |
|    clip_range           | 0.2          |
|    entropy_loss         | -0.495       |
|    explained_variance   | 0.981        |
|    learning_rate        | 0.0003       |
|    loss                 | 0.0204       |
|    n_updates            | 730          |
|    policy_gradient_loss | -0.000133    |
|    std                  | 0.396        |
|    value_loss           | 0.0463       |
------------------------------------------
------------------------------------------
| rollout/                |              |
|    ep_len_mean          | 126          |
|    ep_rew_mean          | 37.5         |
| time/                   |              |
|    fps                  | 294          |
|    iterations           | 75           |
|    time_elapsed         | 2086         |
|    total_timesteps      | 614400       |
| train/                  |              |
|    approx_kl            | 0.0066890083 |
|    clip_fraction        | 0.0799       |
|    clip_range           | 0.2          |
|    entropy_loss         | -0.49        |
|    explained_variance   | 0.98         |
|    learning_rate        | 0.0003       |
|    loss                 | 0.0197       |
|    n_updates            | 740          |
|    policy_gradient_loss | 0.000434     |
|    std                  | 0.395        |
|    value_loss           | 0.0463       |
------------------------------------------
-----------------------------------------
| rollout/                |             |
|    ep_len_mean          | 126         |
|    ep_rew_mean          | 37.9        |
| time/                   |             |
|    fps                  | 294         |
|    iterations           | 76          |
|    time_elapsed         | 2113        |
|    total_timesteps      | 622592      |
| train/                  |             |
|    approx_kl            | 0.008668497 |
|    clip_fraction        | 0.0874      |
|    clip_range           | 0.2         |
|    entropy_loss         | -0.489      |
|    explained_variance   | 0.979       |
|    learning_rate        | 0.0003      |
|    loss                 | 0.0208      |
|    n_updates            | 750         |
|    policy_gradient_loss | 0.000466    |
|    std                  | 0.395       |
|    value_loss           | 0.0524      |
-----------------------------------------
------------------------------------------
| rollout/                |              |
|    ep_len_mean          | 126          |
|    ep_rew_mean          | 37.9         |
| time/                   |              |
|    fps                  | 294          |
|    iterations           | 77           |
|    time_elapsed         | 2141         |
|    total_timesteps      | 630784       |
| train/                  |              |
|    approx_kl            | 0.0066901073 |
|    clip_fraction        | 0.0895       |
|    clip_range           | 0.2          |
|    entropy_loss         | -0.48        |
|    explained_variance   | 0.979        |
|    learning_rate        | 0.0003       |
|    loss                 | 0.0236       |
|    n_updates            | 760          |
|    policy_gradient_loss | -0.000489    |
|    std                  | 0.392        |
|    value_loss           | 0.0508       |
------------------------------------------
-----------------------------------------
| rollout/                |             |
|    ep_len_mean          | 126         |
|    ep_rew_mean          | 37.9        |
| time/                   |             |
|    fps                  | 294         |
|    iterations           | 78          |
|    time_elapsed         | 2170        |
|    total_timesteps      | 638976      |
| train/                  |             |
|    approx_kl            | 0.007368099 |
|    clip_fraction        | 0.0869      |
|    clip_range           | 0.2         |
|    entropy_loss         | -0.477      |
|    explained_variance   | 0.979       |
|    learning_rate        | 0.0003      |
|    loss                 | 0.0057      |
|    n_updates            | 770         |
|    policy_gradient_loss | 0.00117     |
|    std                  | 0.39        |
|    value_loss           | 0.0552      |
-----------------------------------------
-----------------------------------------
| rollout/                |             |
|    ep_len_mean          | 125         |
|    ep_rew_mean          | 37.3        |
| time/                   |             |
|    fps                  | 294         |
|    iterations           | 79          |
|    time_elapsed         | 2200        |
|    total_timesteps      | 647168      |
| train/                  |             |
|    approx_kl            | 0.007375366 |
|    clip_fraction        | 0.0871      |
|    clip_range           | 0.2         |
|    entropy_loss         | -0.475      |
|    explained_variance   | 0.608       |
|    learning_rate        | 0.0003      |
|    loss                 | 0.124       |
|    n_updates            | 780         |
|    policy_gradient_loss | 0.00121     |
|    std                  | 0.388       |
|    value_loss           | 1.51        |
-----------------------------------------
---------------------------------------
| rollout/                |           |
|    ep_len_mean          | 124       |
|    ep_rew_mean          | 37        |
| time/                   |           |
|    fps                  | 294       |
|    iterations           | 80        |
|    time_elapsed         | 2229      |
|    total_timesteps      | 655360    |
| train/                  |           |
|    approx_kl            | 0.0090036 |
|    clip_fraction        | 0.103     |
|    clip_range           | 0.2       |
|    entropy_loss         | -0.473    |
|    explained_variance   | 0.72      |
|    learning_rate        | 0.0003    |
|    loss                 | 0.0113    |
|    n_updates            | 790       |
|    policy_gradient_loss | 2.61e-05  |
|    std                  | 0.388     |
|    value_loss           | 0.475     |
---------------------------------------
------------------------------------------
| rollout/                |              |
|    ep_len_mean          | 123          |
|    ep_rew_mean          | 36.9         |
| time/                   |              |
|    fps                  | 293          |
|    iterations           | 81           |
|    time_elapsed         | 2258         |
|    total_timesteps      | 663552       |
| train/                  |              |
|    approx_kl            | 0.0075104614 |
|    clip_fraction        | 0.115        |
|    clip_range           | 0.2          |
|    entropy_loss         | -0.459       |
|    explained_variance   | 0.838        |
|    learning_rate        | 0.0003       |
|    loss                 | 0.0109       |
|    n_updates            | 800          |
|    policy_gradient_loss | 1.95e-05     |
|    std                  | 0.382        |
|    value_loss           | 0.395        |
------------------------------------------
----------------------------------------
| rollout/                |            |
|    ep_len_mean          | 126        |
|    ep_rew_mean          | 37.8       |
| time/                   |            |
|    fps                  | 293        |
|    iterations           | 82         |
|    time_elapsed         | 2287       |
|    total_timesteps      | 671744     |
| train/                  |            |
|    approx_kl            | 0.00979347 |
|    clip_fraction        | 0.113      |
|    clip_range           | 0.2        |
|    entropy_loss         | -0.452     |
|    explained_variance   | 0.863      |
|    learning_rate        | 0.0003     |
|    loss                 | 2.54       |
|    n_updates            | 810        |
|    policy_gradient_loss | 0.000361   |
|    std                  | 0.38       |
|    value_loss           | 0.877      |
----------------------------------------
-----------------------------------------
| rollout/                |             |
|    ep_len_mean          | 126         |
|    ep_rew_mean          | 37.3        |
| time/                   |             |
|    fps                  | 293         |
|    iterations           | 83          |
|    time_elapsed         | 2316        |
|    total_timesteps      | 679936      |
| train/                  |             |
|    approx_kl            | 0.008555746 |
|    clip_fraction        | 0.117       |
|    clip_range           | 0.2         |
|    entropy_loss         | -0.453      |
|    explained_variance   | 0.961       |
|    learning_rate        | 0.0003      |
|    loss                 | 0.0365      |
|    n_updates            | 820         |
|    policy_gradient_loss | -0.0024     |
|    std                  | 0.382       |
|    value_loss           | 0.0648      |
-----------------------------------------
-----------------------------------------
| rollout/                |             |
|    ep_len_mean          | 125         |
|    ep_rew_mean          | 35.8        |
| time/                   |             |
|    fps                  | 293         |
|    iterations           | 84          |
|    time_elapsed         | 2345        |
|    total_timesteps      | 688128      |
| train/                  |             |
|    approx_kl            | 0.018123183 |
|    clip_fraction        | 0.181       |
|    clip_range           | 0.2         |
|    entropy_loss         | -0.463      |
|    explained_variance   | 0.192       |
|    learning_rate        | 0.0003      |
|    loss                 | 1.12        |
|    n_updates            | 830         |
|    policy_gradient_loss | 0.00916     |
|    std                  | 0.388       |
|    value_loss           | 7.01        |
-----------------------------------------
----------------------------------------
| rollout/                |            |
|    ep_len_mean          | 124        |
|    ep_rew_mean          | 35         |
| time/                   |            |
|    fps                  | 293        |
|    iterations           | 85         |
|    time_elapsed         | 2372       |
|    total_timesteps      | 696320     |
| train/                  |            |
|    approx_kl            | 0.01578793 |
|    clip_fraction        | 0.238      |
|    clip_range           | 0.2        |
|    entropy_loss         | -0.475     |
|    explained_variance   | 0.0331     |
|    learning_rate        | 0.0003     |
|    loss                 | 0.701      |
|    n_updates            | 840        |
|    policy_gradient_loss | 0.0109     |
|    std                  | 0.39       |
|    value_loss           | 14.2       |
----------------------------------------
-----------------------------------------
| rollout/                |             |
|    ep_len_mean          | 123         |
|    ep_rew_mean          | 35.4        |
| time/                   |             |
|    fps                  | 293         |
|    iterations           | 86          |
|    time_elapsed         | 2400        |
|    total_timesteps      | 704512      |
| train/                  |             |
|    approx_kl            | 0.013780277 |
|    clip_fraction        | 0.178       |
|    clip_range           | 0.2         |
|    entropy_loss         | -0.481      |
|    explained_variance   | 0.197       |
|    learning_rate        | 0.0003      |
|    loss                 | 9.37        |
|    n_updates            | 850         |
|    policy_gradient_loss | -0.00366    |
|    std                  | 0.393       |
|    value_loss           | 12.1        |
-----------------------------------------
----------------------------------------
| rollout/                |            |
|    ep_len_mean          | 123        |
|    ep_rew_mean          | 36.5       |
| time/                   |            |
|    fps                  | 293        |
|    iterations           | 87         |
|    time_elapsed         | 2428       |
|    total_timesteps      | 712704     |
| train/                  |            |
|    approx_kl            | 0.01961951 |
|    clip_fraction        | 0.203      |
|    clip_range           | 0.2        |
|    entropy_loss         | -0.481     |
|    explained_variance   | 0.535      |
|    learning_rate        | 0.0003     |
|    loss                 | 4.86       |
|    n_updates            | 860        |
|    policy_gradient_loss | -0.00516   |
|    std                  | 0.392      |
|    value_loss           | 5.71       |
----------------------------------------
-----------------------------------------
| rollout/                |             |
|    ep_len_mean          | 123         |
|    ep_rew_mean          | 36.1        |
| time/                   |             |
|    fps                  | 293         |
|    iterations           | 88          |
|    time_elapsed         | 2456        |
|    total_timesteps      | 720896      |
| train/                  |             |
|    approx_kl            | 0.012066375 |
|    clip_fraction        | 0.146       |
|    clip_range           | 0.2         |
|    entropy_loss         | -0.451      |
|    explained_variance   | 0.779       |
|    learning_rate        | 0.0003      |
|    loss                 | 0.0925      |
|    n_updates            | 870         |
|    policy_gradient_loss | -0.00547    |
|    std                  | 0.378       |
|    value_loss           | 0.826       |
-----------------------------------------
-----------------------------------------
| rollout/                |             |
|    ep_len_mean          | 125         |
|    ep_rew_mean          | 35.5        |
| time/                   |             |
|    fps                  | 293         |
|    iterations           | 89          |
|    time_elapsed         | 2484        |
|    total_timesteps      | 729088      |
| train/                  |             |
|    approx_kl            | 0.008665186 |
|    clip_fraction        | 0.102       |
|    clip_range           | 0.2         |
|    entropy_loss         | -0.428      |
|    explained_variance   | 0.762       |
|    learning_rate        | 0.0003      |
|    loss                 | 0.0607      |
|    n_updates            | 880         |
|    policy_gradient_loss | -0.000821   |
|    std                  | 0.37        |
|    value_loss           | 1.25        |
-----------------------------------------
------------------------------------------
| rollout/                |              |
|    ep_len_mean          | 126          |
|    ep_rew_mean          | 35.5         |
| time/                   |              |
|    fps                  | 293          |
|    iterations           | 90           |
|    time_elapsed         | 2513         |
|    total_timesteps      | 737280       |
| train/                  |              |
|    approx_kl            | 0.0068982304 |
|    clip_fraction        | 0.0849       |
|    clip_range           | 0.2          |
|    entropy_loss         | -0.422       |
|    explained_variance   | 0.96         |
|    learning_rate        | 0.0003       |
|    loss                 | 0.0138       |
|    n_updates            | 890          |
|    policy_gradient_loss | 0.00021      |
|    std                  | 0.37         |
|    value_loss           | 0.0456       |
------------------------------------------
-----------------------------------------
| rollout/                |             |
|    ep_len_mean          | 126         |
|    ep_rew_mean          | 35.7        |
| time/                   |             |
|    fps                  | 293         |
|    iterations           | 91          |
|    time_elapsed         | 2541        |
|    total_timesteps      | 745472      |
| train/                  |             |
|    approx_kl            | 0.008400101 |
|    clip_fraction        | 0.0982      |
|    clip_range           | 0.2         |
|    entropy_loss         | -0.431      |
|    explained_variance   | 0.988       |
|    learning_rate        | 0.0003      |
|    loss                 | 0.00297     |
|    n_updates            | 900         |
|    policy_gradient_loss | -0.000723   |
|    std                  | 0.374       |
|    value_loss           | 0.0387      |
-----------------------------------------
------------------------------------------
| rollout/                |              |
|    ep_len_mean          | 126          |
|    ep_rew_mean          | 36.2         |
| time/                   |              |
|    fps                  | 293          |
|    iterations           | 92           |
|    time_elapsed         | 2571         |
|    total_timesteps      | 753664       |
| train/                  |              |
|    approx_kl            | 0.0092310235 |
|    clip_fraction        | 0.132        |
|    clip_range           | 0.2          |
|    entropy_loss         | -0.435       |
|    explained_variance   | 0.987        |
|    learning_rate        | 0.0003       |
|    loss                 | 0.02         |
|    n_updates            | 910          |
|    policy_gradient_loss | -0.0029      |
|    std                  | 0.373        |
|    value_loss           | 0.046        |
------------------------------------------
-----------------------------------------
| rollout/                |             |
|    ep_len_mean          | 126         |
|    ep_rew_mean          | 36.5        |
| time/                   |             |
|    fps                  | 293         |
|    iterations           | 93          |
|    time_elapsed         | 2599        |
|    total_timesteps      | 761856      |
| train/                  |             |
|    approx_kl            | 0.010816965 |
|    clip_fraction        | 0.117       |
|    clip_range           | 0.2         |
|    entropy_loss         | -0.433      |
|    explained_variance   | 0.987       |
|    learning_rate        | 0.0003      |
|    loss                 | 0.0136      |
|    n_updates            | 920         |
|    policy_gradient_loss | -0.00142    |
|    std                  | 0.373       |
|    value_loss           | 0.0472      |
-----------------------------------------
-----------------------------------------
| rollout/                |             |
|    ep_len_mean          | 126         |
|    ep_rew_mean          | 36.6        |
| time/                   |             |
|    fps                  | 293         |
|    iterations           | 94          |
|    time_elapsed         | 2627        |
|    total_timesteps      | 770048      |
| train/                  |             |
|    approx_kl            | 0.010939714 |
|    clip_fraction        | 0.118       |
|    clip_range           | 0.2         |
|    entropy_loss         | -0.426      |
|    explained_variance   | 0.987       |
|    learning_rate        | 0.0003      |
|    loss                 | 0.0136      |
|    n_updates            | 930         |
|    policy_gradient_loss | -0.00154    |
|    std                  | 0.37        |
|    value_loss           | 0.0469      |
-----------------------------------------
-----------------------------------------
| rollout/                |             |
|    ep_len_mean          | 125         |
|    ep_rew_mean          | 36.9        |
| time/                   |             |
|    fps                  | 292         |
|    iterations           | 95          |
|    time_elapsed         | 2656        |
|    total_timesteps      | 778240      |
| train/                  |             |
|    approx_kl            | 0.007988561 |
|    clip_fraction        | 0.101       |
|    clip_range           | 0.2         |
|    entropy_loss         | -0.415      |
|    explained_variance   | 0.986       |
|    learning_rate        | 0.0003      |
|    loss                 | 0.0387      |
|    n_updates            | 940         |
|    policy_gradient_loss | -0.0003     |
|    std                  | 0.365       |
|    value_loss           | 0.0468      |
-----------------------------------------
-----------------------------------------
| rollout/                |             |
|    ep_len_mean          | 124         |
|    ep_rew_mean          | 36.2        |
| time/                   |             |
|    fps                  | 292         |
|    iterations           | 96          |
|    time_elapsed         | 2684        |
|    total_timesteps      | 786432      |
| train/                  |             |
|    approx_kl            | 0.009340383 |
|    clip_fraction        | 0.13        |
|    clip_range           | 0.2         |
|    entropy_loss         | -0.406      |
|    explained_variance   | 0.755       |
|    learning_rate        | 0.0003      |
|    loss                 | 0.0444      |
|    n_updates            | 950         |
|    policy_gradient_loss | 0.001       |
|    std                  | 0.361       |
|    value_loss           | 0.419       |
-----------------------------------------
-----------------------------------------
| rollout/                |             |
|    ep_len_mean          | 125         |
|    ep_rew_mean          | 36.2        |
| time/                   |             |
|    fps                  | 292         |
|    iterations           | 97          |
|    time_elapsed         | 2712        |
|    total_timesteps      | 794624      |
| train/                  |             |
|    approx_kl            | 0.009587151 |
|    clip_fraction        | 0.125       |
|    clip_range           | 0.2         |
|    entropy_loss         | -0.391      |
|    explained_variance   | 0.762       |
|    learning_rate        | 0.0003      |
|    loss                 | 0.0962      |
|    n_updates            | 960         |
|    policy_gradient_loss | -0.00114    |
|    std                  | 0.357       |
|    value_loss           | 0.703       |
-----------------------------------------
-----------------------------------------
| rollout/                |             |
|    ep_len_mean          | 126         |
|    ep_rew_mean          | 36.8        |
| time/                   |             |
|    fps                  | 292         |
|    iterations           | 98          |
|    time_elapsed         | 2742        |
|    total_timesteps      | 802816      |
| train/                  |             |
|    approx_kl            | 0.009952526 |
|    clip_fraction        | 0.13        |
|    clip_range           | 0.2         |
|    entropy_loss         | -0.364      |
|    explained_variance   | 0.98        |
|    learning_rate        | 0.0003      |
|    loss                 | 0.0129      |
|    n_updates            | 970         |
|    policy_gradient_loss | -0.00129    |
|    std                  | 0.345       |
|    value_loss           | 0.0397      |
-----------------------------------------
-----------------------------------------
| rollout/                |             |
|    ep_len_mean          | 126         |
|    ep_rew_mean          | 37.2        |
| time/                   |             |
|    fps                  | 292         |
|    iterations           | 99          |
|    time_elapsed         | 2770        |
|    total_timesteps      | 811008      |
| train/                  |             |
|    approx_kl            | 0.008537939 |
|    clip_fraction        | 0.113       |
|    clip_range           | 0.2         |
|    entropy_loss         | -0.348      |
|    explained_variance   | 0.981       |
|    learning_rate        | 0.0003      |
|    loss                 | 0.0234      |
|    n_updates            | 980         |
|    policy_gradient_loss | 0.00126     |
|    std                  | 0.343       |
|    value_loss           | 0.0471      |
-----------------------------------------
-----------------------------------------
| rollout/                |             |
|    ep_len_mean          | 126         |
|    ep_rew_mean          | 36.9        |
| time/                   |             |
|    fps                  | 292         |
|    iterations           | 100         |
|    time_elapsed         | 2797        |
|    total_timesteps      | 819200      |
| train/                  |             |
|    approx_kl            | 0.012356159 |
|    clip_fraction        | 0.116       |
|    clip_range           | 0.2         |
|    entropy_loss         | -0.338      |
|    explained_variance   | 0.979       |
|    learning_rate        | 0.0003      |
|    loss                 | 0.00532     |
|    n_updates            | 990         |
|    policy_gradient_loss | -0.000148   |
|    std                  | 0.338       |
|    value_loss           | 0.0526      |
-----------------------------------------
----------------------------------------
| rollout/                |            |
|    ep_len_mean          | 126        |
|    ep_rew_mean          | 37.4       |
| time/                   |            |
|    fps                  | 292        |
|    iterations           | 101        |
|    time_elapsed         | 2825       |
|    total_timesteps      | 827392     |
| train/                  |            |
|    approx_kl            | 0.00836798 |
|    clip_fraction        | 0.106      |
|    clip_range           | 0.2        |
|    entropy_loss         | -0.329     |
|    explained_variance   | 0.979      |
|    learning_rate        | 0.0003     |
|    loss                 | 0.0332     |
|    n_updates            | 1000       |
|    policy_gradient_loss | 0.000495   |
|    std                  | 0.335      |
|    value_loss           | 0.0535     |
----------------------------------------
-----------------------------------------
| rollout/                |             |
|    ep_len_mean          | 126         |
|    ep_rew_mean          | 37.7        |
| time/                   |             |
|    fps                  | 292         |
|    iterations           | 102         |
|    time_elapsed         | 2853        |
|    total_timesteps      | 835584      |
| train/                  |             |
|    approx_kl            | 0.008120574 |
|    clip_fraction        | 0.115       |
|    clip_range           | 0.2         |
|    entropy_loss         | -0.329      |
|    explained_variance   | 0.979       |
|    learning_rate        | 0.0003      |
|    loss                 | 0.041       |
|    n_updates            | 1010        |
|    policy_gradient_loss | 0.0013      |
|    std                  | 0.337       |
|    value_loss           | 0.0572      |
-----------------------------------------
-----------------------------------------
| rollout/                |             |
|    ep_len_mean          | 126         |
|    ep_rew_mean          | 37.5        |
| time/                   |             |
|    fps                  | 292         |
|    iterations           | 103         |
|    time_elapsed         | 2881        |
|    total_timesteps      | 843776      |
| train/                  |             |
|    approx_kl            | 0.008043018 |
|    clip_fraction        | 0.121       |
|    clip_range           | 0.2         |
|    entropy_loss         | -0.312      |
|    explained_variance   | 0.98        |
|    learning_rate        | 0.0003      |
|    loss                 | 0.0417      |
|    n_updates            | 1020        |
|    policy_gradient_loss | 0.000648    |
|    std                  | 0.328       |
|    value_loss           | 0.0551      |
-----------------------------------------
-----------------------------------------
| rollout/                |             |
|    ep_len_mean          | 126         |
|    ep_rew_mean          | 37.7        |
| time/                   |             |
|    fps                  | 292         |
|    iterations           | 104         |
|    time_elapsed         | 2908        |
|    total_timesteps      | 851968      |
| train/                  |             |
|    approx_kl            | 0.010756966 |
|    clip_fraction        | 0.128       |
|    clip_range           | 0.2         |
|    entropy_loss         | -0.303      |
|    explained_variance   | 0.975       |
|    learning_rate        | 0.0003      |
|    loss                 | 0.0218      |
|    n_updates            | 1030        |
|    policy_gradient_loss | -0.000382   |
|    std                  | 0.327       |
|    value_loss           | 0.0639      |
-----------------------------------------
-----------------------------------------
| rollout/                |             |
|    ep_len_mean          | 126         |
|    ep_rew_mean          | 37.7        |
| time/                   |             |
|    fps                  | 292         |
|    iterations           | 105         |
|    time_elapsed         | 2936        |
|    total_timesteps      | 860160      |
| train/                  |             |
|    approx_kl            | 0.010318937 |
|    clip_fraction        | 0.127       |
|    clip_range           | 0.2         |
|    entropy_loss         | -0.311      |
|    explained_variance   | 0.972       |
|    learning_rate        | 0.0003      |
|    loss                 | 0.039       |
|    n_updates            | 1040        |
|    policy_gradient_loss | 0.000453    |
|    std                  | 0.333       |
|    value_loss           | 0.0748      |
-----------------------------------------
-----------------------------------------
| rollout/                |             |
|    ep_len_mean          | 126         |
|    ep_rew_mean          | 37.7        |
| time/                   |             |
|    fps                  | 292         |
|    iterations           | 106         |
|    time_elapsed         | 2963        |
|    total_timesteps      | 868352      |
| train/                  |             |
|    approx_kl            | 0.011405615 |
|    clip_fraction        | 0.114       |
|    clip_range           | 0.2         |
|    entropy_loss         | -0.31       |
|    explained_variance   | 0.965       |
|    learning_rate        | 0.0003      |
|    loss                 | 0.0354      |
|    n_updates            | 1050        |
|    policy_gradient_loss | 0.00101     |
|    std                  | 0.329       |
|    value_loss           | 0.0808      |
-----------------------------------------
-----------------------------------------
| rollout/                |             |
|    ep_len_mean          | 126         |
|    ep_rew_mean          | 37.7        |
| time/                   |             |
|    fps                  | 292         |
|    iterations           | 107         |
|    time_elapsed         | 2991        |
|    total_timesteps      | 876544      |
| train/                  |             |
|    approx_kl            | 0.009865245 |
|    clip_fraction        | 0.114       |
|    clip_range           | 0.2         |
|    entropy_loss         | -0.299      |
|    explained_variance   | 0.97        |
|    learning_rate        | 0.0003      |
|    loss                 | 0.044       |
|    n_updates            | 1060        |
|    policy_gradient_loss | -0.000482   |
|    std                  | 0.324       |
|    value_loss           | 0.072       |
-----------------------------------------
------------------------------------------
| rollout/                |              |
|    ep_len_mean          | 126          |
|    ep_rew_mean          | 37.8         |
| time/                   |              |
|    fps                  | 292          |
|    iterations           | 108          |
|    time_elapsed         | 3020         |
|    total_timesteps      | 884736       |
| train/                  |              |
|    approx_kl            | 0.0114856735 |
|    clip_fraction        | 0.14         |
|    clip_range           | 0.2          |
|    entropy_loss         | -0.294       |
|    explained_variance   | 0.583        |
|    learning_rate        | 0.0003       |
|    loss                 | 0.0347       |
|    n_updates            | 1070         |
|    policy_gradient_loss | 0.00215      |
|    std                  | 0.326        |
|    value_loss           | 1.64         |
------------------------------------------
-----------------------------------------
| rollout/                |             |
|    ep_len_mean          | 126         |
|    ep_rew_mean          | 37.9        |
| time/                   |             |
|    fps                  | 292         |
|    iterations           | 109         |
|    time_elapsed         | 3048        |
|    total_timesteps      | 892928      |
| train/                  |             |
|    approx_kl            | 0.008929008 |
|    clip_fraction        | 0.113       |
|    clip_range           | 0.2         |
|    entropy_loss         | -0.291      |
|    explained_variance   | 0.964       |
|    learning_rate        | 0.0003      |
|    loss                 | 0.0608      |
|    n_updates            | 1080        |
|    policy_gradient_loss | 0.000964    |
|    std                  | 0.324       |
|    value_loss           | 0.0619      |
-----------------------------------------
-----------------------------------------
| rollout/                |             |
|    ep_len_mean          | 126         |
|    ep_rew_mean          | 37.7        |
| time/                   |             |
|    fps                  | 292         |
|    iterations           | 110         |
|    time_elapsed         | 3075        |
|    total_timesteps      | 901120      |
| train/                  |             |
|    approx_kl            | 0.005789318 |
|    clip_fraction        | 0.0891      |
|    clip_range           | 0.2         |
|    entropy_loss         | -0.293      |
|    explained_variance   | 0.964       |
|    learning_rate        | 0.0003      |
|    loss                 | 0.0292      |
|    n_updates            | 1090        |
|    policy_gradient_loss | 0.00226     |
|    std                  | 0.325       |
|    value_loss           | 0.0673      |
-----------------------------------------
-----------------------------------------
| rollout/                |             |
|    ep_len_mean          | 126         |
|    ep_rew_mean          | 37.7        |
| time/                   |             |
|    fps                  | 292         |
|    iterations           | 111         |
|    time_elapsed         | 3104        |
|    total_timesteps      | 909312      |
| train/                  |             |
|    approx_kl            | 0.008168075 |
|    clip_fraction        | 0.105       |
|    clip_range           | 0.2         |
|    entropy_loss         | -0.297      |
|    explained_variance   | 0.973       |
|    learning_rate        | 0.0003      |
|    loss                 | 0.0301      |
|    n_updates            | 1100        |
|    policy_gradient_loss | 0.000127    |
|    std                  | 0.325       |
|    value_loss           | 0.0558      |
-----------------------------------------
-----------------------------------------
| rollout/                |             |
|    ep_len_mean          | 126         |
|    ep_rew_mean          | 37.7        |
| time/                   |             |
|    fps                  | 292         |
|    iterations           | 112         |
|    time_elapsed         | 3134        |
|    total_timesteps      | 917504      |
| train/                  |             |
|    approx_kl            | 0.011502173 |
|    clip_fraction        | 0.122       |
|    clip_range           | 0.2         |
|    entropy_loss         | -0.295      |
|    explained_variance   | 0.973       |
|    learning_rate        | 0.0003      |
|    loss                 | 0.0143      |
|    n_updates            | 1110        |
|    policy_gradient_loss | 0.000681    |
|    std                  | 0.325       |
|    value_loss           | 0.0604      |
-----------------------------------------
------------------------------------------
| rollout/                |              |
|    ep_len_mean          | 126          |
|    ep_rew_mean          | 37.6         |
| time/                   |              |
|    fps                  | 292          |
|    iterations           | 113          |
|    time_elapsed         | 3162         |
|    total_timesteps      | 925696       |
| train/                  |              |
|    approx_kl            | 0.0102344025 |
|    clip_fraction        | 0.105        |
|    clip_range           | 0.2          |
|    entropy_loss         | -0.29        |
|    explained_variance   | 0.971        |
|    learning_rate        | 0.0003       |
|    loss                 | 0.0189       |
|    n_updates            | 1120         |
|    policy_gradient_loss | 0.000249     |
|    std                  | 0.323        |
|    value_loss           | 0.0633       |
------------------------------------------
-----------------------------------------
| rollout/                |             |
|    ep_len_mean          | 126         |
|    ep_rew_mean          | 37.7        |
| time/                   |             |
|    fps                  | 292         |
|    iterations           | 114         |
|    time_elapsed         | 3191        |
|    total_timesteps      | 933888      |
| train/                  |             |
|    approx_kl            | 0.008521389 |
|    clip_fraction        | 0.118       |
|    clip_range           | 0.2         |
|    entropy_loss         | -0.298      |
|    explained_variance   | 0.975       |
|    learning_rate        | 0.0003      |
|    loss                 | 0.039       |
|    n_updates            | 1130        |
|    policy_gradient_loss | -9.85e-05   |
|    std                  | 0.327       |
|    value_loss           | 0.0613      |
-----------------------------------------
-----------------------------------------
| rollout/                |             |
|    ep_len_mean          | 126         |
|    ep_rew_mean          | 37.6        |
| time/                   |             |
|    fps                  | 292         |
|    iterations           | 115         |
|    time_elapsed         | 3220        |
|    total_timesteps      | 942080      |
| train/                  |             |
|    approx_kl            | 0.012774284 |
|    clip_fraction        | 0.124       |
|    clip_range           | 0.2         |
|    entropy_loss         | -0.289      |
|    explained_variance   | 0.97        |
|    learning_rate        | 0.0003      |
|    loss                 | 0.00604     |
|    n_updates            | 1140        |
|    policy_gradient_loss | -0.000632   |
|    std                  | 0.322       |
|    value_loss           | 0.0751      |
-----------------------------------------
-----------------------------------------
| rollout/                |             |
|    ep_len_mean          | 126         |
|    ep_rew_mean          | 37.6        |
| time/                   |             |
|    fps                  | 292         |
|    iterations           | 116         |
|    time_elapsed         | 3248        |
|    total_timesteps      | 950272      |
| train/                  |             |
|    approx_kl            | 0.011496291 |
|    clip_fraction        | 0.122       |
|    clip_range           | 0.2         |
|    entropy_loss         | -0.275      |
|    explained_variance   | 0.97        |
|    learning_rate        | 0.0003      |
|    loss                 | 0.073       |
|    n_updates            | 1150        |
|    policy_gradient_loss | 1.99e-05    |
|    std                  | 0.318       |
|    value_loss           | 0.0711      |
-----------------------------------------
------------------------------------------
| rollout/                |              |
|    ep_len_mean          | 126          |
|    ep_rew_mean          | 37.6         |
| time/                   |              |
|    fps                  | 292          |
|    iterations           | 117          |
|    time_elapsed         | 3277         |
|    total_timesteps      | 958464       |
| train/                  |              |
|    approx_kl            | 0.0113166785 |
|    clip_fraction        | 0.121        |
|    clip_range           | 0.2          |
|    entropy_loss         | -0.275       |
|    explained_variance   | 0.967        |
|    learning_rate        | 0.0003       |
|    loss                 | 0.0451       |
|    n_updates            | 1160         |
|    policy_gradient_loss | 0.000137     |
|    std                  | 0.319        |
|    value_loss           | 0.0687       |
------------------------------------------
----------------------------------------
| rollout/                |            |
|    ep_len_mean          | 126        |
|    ep_rew_mean          | 38         |
| time/                   |            |
|    fps                  | 292        |
|    iterations           | 118        |
|    time_elapsed         | 3305       |
|    total_timesteps      | 966656     |
| train/                  |            |
|    approx_kl            | 0.00933797 |
|    clip_fraction        | 0.123      |
|    clip_range           | 0.2        |
|    entropy_loss         | -0.272     |
|    explained_variance   | 0.964      |
|    learning_rate        | 0.0003     |
|    loss                 | 0.0395     |
|    n_updates            | 1170       |
|    policy_gradient_loss | 0.000201   |
|    std                  | 0.318      |
|    value_loss           | 0.0731     |
----------------------------------------
-----------------------------------------
| rollout/                |             |
|    ep_len_mean          | 126         |
|    ep_rew_mean          | 37.7        |
| time/                   |             |
|    fps                  | 292         |
|    iterations           | 119         |
|    time_elapsed         | 3332        |
|    total_timesteps      | 974848      |
| train/                  |             |
|    approx_kl            | 0.013005841 |
|    clip_fraction        | 0.148       |
|    clip_range           | 0.2         |
|    entropy_loss         | -0.26       |
|    explained_variance   | 0.971       |
|    learning_rate        | 0.0003      |
|    loss                 | 0.028       |
|    n_updates            | 1180        |
|    policy_gradient_loss | -0.00147    |
|    std                  | 0.313       |
|    value_loss           | 0.0692      |
-----------------------------------------
-----------------------------------------
| rollout/                |             |
|    ep_len_mean          | 126         |
|    ep_rew_mean          | 37.5        |
| time/                   |             |
|    fps                  | 292         |
|    iterations           | 120         |
|    time_elapsed         | 3362        |
|    total_timesteps      | 983040      |
| train/                  |             |
|    approx_kl            | 0.017709095 |
|    clip_fraction        | 0.167       |
|    clip_range           | 0.2         |
|    entropy_loss         | -0.256      |
|    explained_variance   | 0.343       |
|    learning_rate        | 0.0003      |
|    loss                 | 0.0408      |
|    n_updates            | 1190        |
|    policy_gradient_loss | 0.00439     |
|    std                  | 0.312       |
|    value_loss           | 3.23        |
-----------------------------------------
-----------------------------------------
| rollout/                |             |
|    ep_len_mean          | 126         |
|    ep_rew_mean          | 37.5        |
| time/                   |             |
|    fps                  | 292         |
|    iterations           | 121         |
|    time_elapsed         | 3388        |
|    total_timesteps      | 991232      |
| train/                  |             |
|    approx_kl            | 0.010508914 |
|    clip_fraction        | 0.127       |
|    clip_range           | 0.2         |
|    entropy_loss         | -0.247      |
|    explained_variance   | 0.583       |
|    learning_rate        | 0.0003      |
|    loss                 | 0.0577      |
|    n_updates            | 1200        |
|    policy_gradient_loss | 0.000624    |
|    std                  | 0.31        |
|    value_loss           | 1.72        |
-----------------------------------------
-----------------------------------------
| rollout/                |             |
|    ep_len_mean          | 126         |
|    ep_rew_mean          | 37.3        |
| time/                   |             |
|    fps                  | 292         |
|    iterations           | 122         |
|    time_elapsed         | 3416        |
|    total_timesteps      | 999424      |
| train/                  |             |
|    approx_kl            | 0.011685952 |
|    clip_fraction        | 0.12        |
|    clip_range           | 0.2         |
|    entropy_loss         | -0.24       |
|    explained_variance   | 0.97        |
|    learning_rate        | 0.0003      |
|    loss                 | 0.0162      |
|    n_updates            | 1210        |
|    policy_gradient_loss | -0.00094    |
|    std                  | 0.304       |
|    value_loss           | 0.0783      |
-----------------------------------------
-----------------------------------------
| rollout/                |             |
|    ep_len_mean          | 126         |
|    ep_rew_mean          | 37.2        |
| time/                   |             |
|    fps                  | 292         |
|    iterations           | 123         |
|    time_elapsed         | 3445        |
|    total_timesteps      | 1007616     |
| train/                  |             |
|    approx_kl            | 0.009635733 |
|    clip_fraction        | 0.11        |
|    clip_range           | 0.2         |
|    entropy_loss         | -0.213      |
|    explained_variance   | 0.967       |
|    learning_rate        | 0.0003      |
|    loss                 | 0.0225      |
|    n_updates            | 1220        |
|    policy_gradient_loss | 0.00154     |
|    std                  | 0.297       |
|    value_loss           | 0.088       |
-----------------------------------------


###############################################################################
TCHPC Cluster: callan
Job 171054 (deepsets_cf_v2_seed2_v12) for User 'hadjitot' in Account 'callan_hadjitot'
Finished at: Sat Mar 28 00:30:54 GMT 2026

Job efficiency estimates:
=========================

Job ID: 171054
Cluster: callan
User/Group: hadjitot/hadjitot
State: COMPLETED (exit code 0)
Nodes: 1
Cores per node: 16
CPU Utilized: 02:44:58
CPU Efficiency: 17.62% of 15:36:16 core-walltime
Job Wall-clock time: 00:58:31
Memory Utilized: 1.79 GB
Memory Efficiency: 5.61% of 32.00 GB (32.00 GB/node)

Job completion status:
======================

JobID           JobName AllocCPUS NTasks NNodes     MaxRSS    MaxRSSNode  MaxDiskRead MaxDiskWrite    Elapsed      State ExitCode 
------------ ---------- --------- ------ ------ ---------- ------------- ------------ ------------ ---------- ---------- -------- 
171054       deepsets_+        16             1                                                      00:58:31  COMPLETED      0:0 
171054.batch      batch        16      1      1   1881356K    callan-n09     1026.11M      831.57M   00:58:31  COMPLETED      0:0 
171054.exte+     extern        16      1      1                                                      00:58:31  COMPLETED      0:0 


Job details:
============

JobId=171054 JobName=deepsets_cf_v2_seed2_v12
   UserId=hadjitot(2357) GroupId=hadjitot(2300) MCS_label=N/A
   Priority=114015 Nice=0 Account=callan_hadjitot QOS=normal
   JobState=COMPLETING Reason=None Dependency=(null)
   Requeue=0 Restarts=0 BatchFlag=1 Reboot=0 ExitCode=0:0
   DerivedExitCode=0:0
   RunTime=00:58:31 TimeLimit=2-00:00:00 TimeMin=N/A
   SubmitTime=2026-03-27T20:37:56 EligibleTime=2026-03-27T20:37:56
   AccrueTime=2026-03-27T20:37:56
   StartTime=2026-03-27T23:32:23 EndTime=2026-03-28T00:30:54 Deadline=N/A
   SuspendTime=None SecsPreSuspend=0 LastSchedEval=2026-03-27T23:32:23 Scheduler=Main
   Partition=compute AllocNode:Sid=callan01:1076092
   ReqNodeList=(null) ExcNodeList=(null)
   NodeList=callan-n09
   BatchHost=callan-n09
   NumNodes=1 NumCPUs=16 NumTasks=1 CPUs/Task=16 ReqB:S:C:T=0:0:*:*
   ReqTRES=cpu=16,mem=32G,node=1,billing=16
   AllocTRES=cpu=16,mem=32G,node=1,billing=16
   Socks/Node=* NtasksPerN:B:S:C=0:0:*:* CoreSpec=*
   JOB_GRES=(null)
     Nodes=callan-n09 CPU_IDs=0-1,10-13,27-31,40-44 Mem=32768 GRES=
   MinCPUsNode=16 MinMemoryNode=32G MinTmpDiskNode=0
   Features=(null) DelayBoot=00:00:00
   OverSubscribe=OK Contiguous=0 Licenses=(null) LicensesAlloc=(null) Network=(null)
   Command=/home/users/hadjitot/fyp/HighwayEnv/slurm/train_deepsets.sbatch
   WorkDir=/home/users/hadjitot/fyp/HighwayEnv
   StdErr=/home/users/hadjitot/fyp/HighwayEnv/slurm_out/deepsets_cf_v2_seed2_v12_171054.err
   StdIn=/dev/null
   StdOut=/home/users/hadjitot/fyp/HighwayEnv/slurm_out/deepsets_cf_v2_seed2_v12_171054.out
   TresPerTask=cpu=16
   


Disk quota details:
===================

                         Block Limits                                    |                     File Limits
Name       type             MB      quota      limit   in_doubt    grace |    files   quota    limit in_doubt    grace
root       USR         4963669          0          0       2176     none |   397687       0        0      684     none
root       FILESET     5057415          0          0       4998     none |  9896314       0        0     1734     none


SLURM Bank Statement:
=====================

User           Usage |        Account     Usage | Account Limit Available (CPU hrs)
---------- --------- + -------------- --------- + ------------- ---------
hadjitot      11,877 | CALLAN_HADJITOT    11,877 |       300,000   288,123


Acknowledgements:
=================

Note that usage of TCHPC Resources *must* be acknowledged in all publications.

Please see this page for details relevant to this cluster:

http://www.tchpc.tcd.ie/resources/acknowledgementpolicy

################################################################################
