Loading Anaconda 3 2024.02-1
SCENARIO_NAME=cf_obs15_stopgo
EXP_VERSION=v12
TOTAL_TIMESTEPS=1000000
N_ENVS=4
DEEPSETS_HIDDEN=64
ppo_deepsets_cf_obs15_stopgo_v12_seed1 obs shape: (15, 5) action space: Box(-1.0, 1.0, (1,), float32)
Using cpu device
Logging to runs/tb/ppo_deepsets_cf_obs15_stopgo_v12_seed1_1
---------------------------------
| rollout/           |          |
|    ep_len_mean     | 15       |
|    ep_rew_mean     | 1.4      |
| time/              |          |
|    fps             | 193      |
|    iterations      | 1        |
|    time_elapsed    | 42       |
|    total_timesteps | 8192     |
---------------------------------
-----------------------------------------
| rollout/                |             |
|    ep_len_mean          | 15.6        |
|    ep_rew_mean          | 1.57        |
| time/                   |             |
|    fps                  | 185         |
|    iterations           | 2           |
|    time_elapsed         | 88          |
|    total_timesteps      | 16384       |
| train/                  |             |
|    approx_kl            | 0.005716913 |
|    clip_fraction        | 0.0439      |
|    clip_range           | 0.2         |
|    entropy_loss         | -1.41       |
|    explained_variance   | 0.00715     |
|    learning_rate        | 0.0003      |
|    loss                 | 0.126       |
|    n_updates            | 10          |
|    policy_gradient_loss | -0.00249    |
|    std                  | 0.989       |
|    value_loss           | 1.86        |
-----------------------------------------
----------------------------------------
| rollout/                |            |
|    ep_len_mean          | 16.2       |
|    ep_rew_mean          | 1.71       |
| time/                   |            |
|    fps                  | 180        |
|    iterations           | 3          |
|    time_elapsed         | 135        |
|    total_timesteps      | 24576      |
| train/                  |            |
|    approx_kl            | 0.01088292 |
|    clip_fraction        | 0.174      |
|    clip_range           | 0.2        |
|    entropy_loss         | -1.39      |
|    explained_variance   | 0.978      |
|    learning_rate        | 0.0003     |
|    loss                 | 0.0733     |
|    n_updates            | 20         |
|    policy_gradient_loss | -0.0189    |
|    std                  | 0.973      |
|    value_loss           | 0.244      |
----------------------------------------
-----------------------------------------
| rollout/                |             |
|    ep_len_mean          | 17.9        |
|    ep_rew_mean          | 1.95        |
| time/                   |             |
|    fps                  | 180         |
|    iterations           | 4           |
|    time_elapsed         | 181         |
|    total_timesteps      | 32768       |
| train/                  |             |
|    approx_kl            | 0.019934006 |
|    clip_fraction        | 0.233       |
|    clip_range           | 0.2         |
|    entropy_loss         | -1.37       |
|    explained_variance   | 0.992       |
|    learning_rate        | 0.0003      |
|    loss                 | 0.0287      |
|    n_updates            | 30          |
|    policy_gradient_loss | -0.0288     |
|    std                  | 0.949       |
|    value_loss           | 0.155       |
-----------------------------------------
-----------------------------------------
| rollout/                |             |
|    ep_len_mean          | 21.3        |
|    ep_rew_mean          | 1.9         |
| time/                   |             |
|    fps                  | 179         |
|    iterations           | 5           |
|    time_elapsed         | 228         |
|    total_timesteps      | 40960       |
| train/                  |             |
|    approx_kl            | 0.025973856 |
|    clip_fraction        | 0.229       |
|    clip_range           | 0.2         |
|    entropy_loss         | -1.32       |
|    explained_variance   | 0.99        |
|    learning_rate        | 0.0003      |
|    loss                 | 0.0242      |
|    n_updates            | 40          |
|    policy_gradient_loss | -0.0326     |
|    std                  | 0.875       |
|    value_loss           | 0.19        |
-----------------------------------------
-----------------------------------------
| rollout/                |             |
|    ep_len_mean          | 25.2        |
|    ep_rew_mean          | 1.02        |
| time/                   |             |
|    fps                  | 179         |
|    iterations           | 6           |
|    time_elapsed         | 274         |
|    total_timesteps      | 49152       |
| train/                  |             |
|    approx_kl            | 0.012239514 |
|    clip_fraction        | 0.121       |
|    clip_range           | 0.2         |
|    entropy_loss         | -1.27       |
|    explained_variance   | 0.536       |
|    learning_rate        | 0.0003      |
|    loss                 | 0.362       |
|    n_updates            | 50          |
|    policy_gradient_loss | -0.00405    |
|    std                  | 0.843       |
|    value_loss           | 0.647       |
-----------------------------------------
----------------------------------------
| rollout/                |            |
|    ep_len_mean          | 45.1       |
|    ep_rew_mean          | -2.94      |
| time/                   |            |
|    fps                  | 180        |
|    iterations           | 7          |
|    time_elapsed         | 318        |
|    total_timesteps      | 57344      |
| train/                  |            |
|    approx_kl            | 0.01085227 |
|    clip_fraction        | 0.117      |
|    clip_range           | 0.2        |
|    entropy_loss         | -1.22      |
|    explained_variance   | 0.572      |
|    learning_rate        | 0.0003     |
|    loss                 | 0.441      |
|    n_updates            | 60         |
|    policy_gradient_loss | -0.00452   |
|    std                  | 0.808      |
|    value_loss           | 0.83       |
----------------------------------------
------------------------------------------
| rollout/                |              |
|    ep_len_mean          | 51.3         |
|    ep_rew_mean          | -5.46        |
| time/                   |              |
|    fps                  | 181          |
|    iterations           | 8            |
|    time_elapsed         | 361          |
|    total_timesteps      | 65536        |
| train/                  |              |
|    approx_kl            | 0.0062045967 |
|    clip_fraction        | 0.0585       |
|    clip_range           | 0.2          |
|    entropy_loss         | -1.18        |
|    explained_variance   | 0.743        |
|    learning_rate        | 0.0003       |
|    loss                 | 0.502        |
|    n_updates            | 70           |
|    policy_gradient_loss | -0.00276     |
|    std                  | 0.775        |
|    value_loss           | 1.77         |
------------------------------------------
------------------------------------------
| rollout/                |              |
|    ep_len_mean          | 60.5         |
|    ep_rew_mean          | -7.14        |
| time/                   |              |
|    fps                  | 181          |
|    iterations           | 9            |
|    time_elapsed         | 405          |
|    total_timesteps      | 73728        |
| train/                  |              |
|    approx_kl            | 0.0043948414 |
|    clip_fraction        | 0.0563       |
|    clip_range           | 0.2          |
|    entropy_loss         | -1.16        |
|    explained_variance   | 0.889        |
|    learning_rate        | 0.0003       |
|    loss                 | 0.626        |
|    n_updates            | 80           |
|    policy_gradient_loss | -0.0019      |
|    std                  | 0.774        |
|    value_loss           | 1.35         |
------------------------------------------
-----------------------------------------
| rollout/                |             |
|    ep_len_mean          | 78.1        |
|    ep_rew_mean          | -9.75       |
| time/                   |             |
|    fps                  | 182         |
|    iterations           | 10          |
|    time_elapsed         | 449         |
|    total_timesteps      | 81920       |
| train/                  |             |
|    approx_kl            | 0.008642109 |
|    clip_fraction        | 0.101       |
|    clip_range           | 0.2         |
|    entropy_loss         | -1.18       |
|    explained_variance   | 0.948       |
|    learning_rate        | 0.0003      |
|    loss                 | 0.411       |
|    n_updates            | 90          |
|    policy_gradient_loss | -0.00575    |
|    std                  | 0.788       |
|    value_loss           | 1.09        |
-----------------------------------------
-----------------------------------------
| rollout/                |             |
|    ep_len_mean          | 71.6        |
|    ep_rew_mean          | -5.11       |
| time/                   |             |
|    fps                  | 182         |
|    iterations           | 11          |
|    time_elapsed         | 493         |
|    total_timesteps      | 90112       |
| train/                  |             |
|    approx_kl            | 0.009672978 |
|    clip_fraction        | 0.119       |
|    clip_range           | 0.2         |
|    entropy_loss         | -1.19       |
|    explained_variance   | 0.974       |
|    learning_rate        | 0.0003      |
|    loss                 | 0.726       |
|    n_updates            | 100         |
|    policy_gradient_loss | -0.00997    |
|    std                  | 0.799       |
|    value_loss           | 1.21        |
-----------------------------------------
-----------------------------------------
| rollout/                |             |
|    ep_len_mean          | 69.8        |
|    ep_rew_mean          | 0.815       |
| time/                   |             |
|    fps                  | 182         |
|    iterations           | 12          |
|    time_elapsed         | 537         |
|    total_timesteps      | 98304       |
| train/                  |             |
|    approx_kl            | 0.009547415 |
|    clip_fraction        | 0.137       |
|    clip_range           | 0.2         |
|    entropy_loss         | -1.2        |
|    explained_variance   | 0.979       |
|    learning_rate        | 0.0003      |
|    loss                 | 0.573       |
|    n_updates            | 110         |
|    policy_gradient_loss | -0.0145     |
|    std                  | 0.8         |
|    value_loss           | 1.37        |
-----------------------------------------
-----------------------------------------
| rollout/                |             |
|    ep_len_mean          | 44          |
|    ep_rew_mean          | 4.46        |
| time/                   |             |
|    fps                  | 182         |
|    iterations           | 13          |
|    time_elapsed         | 583         |
|    total_timesteps      | 106496      |
| train/                  |             |
|    approx_kl            | 0.013268055 |
|    clip_fraction        | 0.174       |
|    clip_range           | 0.2         |
|    entropy_loss         | -1.18       |
|    explained_variance   | 0.977       |
|    learning_rate        | 0.0003      |
|    loss                 | 0.884       |
|    n_updates            | 120         |
|    policy_gradient_loss | -0.0194     |
|    std                  | 0.785       |
|    value_loss           | 1.76        |
-----------------------------------------
---------------------------------------
| rollout/                |           |
|    ep_len_mean          | 46.9      |
|    ep_rew_mean          | 6.17      |
| time/                   |           |
|    fps                  | 182       |
|    iterations           | 14        |
|    time_elapsed         | 628       |
|    total_timesteps      | 114688    |
| train/                  |           |
|    approx_kl            | 0.0112567 |
|    clip_fraction        | 0.125     |
|    clip_range           | 0.2       |
|    entropy_loss         | -1.15     |
|    explained_variance   | 0.978     |
|    learning_rate        | 0.0003    |
|    loss                 | 0.165     |
|    n_updates            | 130       |
|    policy_gradient_loss | -0.0126   |
|    std                  | 0.756     |
|    value_loss           | 0.978     |
---------------------------------------
-----------------------------------------
| rollout/                |             |
|    ep_len_mean          | 43.5        |
|    ep_rew_mean          | 5.62        |
| time/                   |             |
|    fps                  | 182         |
|    iterations           | 15          |
|    time_elapsed         | 671         |
|    total_timesteps      | 122880      |
| train/                  |             |
|    approx_kl            | 0.012437057 |
|    clip_fraction        | 0.114       |
|    clip_range           | 0.2         |
|    entropy_loss         | -1.12       |
|    explained_variance   | 0.936       |
|    learning_rate        | 0.0003      |
|    loss                 | 0.529       |
|    n_updates            | 140         |
|    policy_gradient_loss | -0.00749    |
|    std                  | 0.732       |
|    value_loss           | 0.994       |
-----------------------------------------
------------------------------------------
| rollout/                |              |
|    ep_len_mean          | 54.3         |
|    ep_rew_mean          | 7.22         |
| time/                   |              |
|    fps                  | 183          |
|    iterations           | 16           |
|    time_elapsed         | 712          |
|    total_timesteps      | 131072       |
| train/                  |              |
|    approx_kl            | 0.0086847525 |
|    clip_fraction        | 0.0999       |
|    clip_range           | 0.2          |
|    entropy_loss         | -1.08        |
|    explained_variance   | 0.878        |
|    learning_rate        | 0.0003       |
|    loss                 | 0.631        |
|    n_updates            | 150          |
|    policy_gradient_loss | -0.00644     |
|    std                  | 0.709        |
|    value_loss           | 1.29         |
------------------------------------------
-----------------------------------------
| rollout/                |             |
|    ep_len_mean          | 75.9        |
|    ep_rew_mean          | 10.7        |
| time/                   |             |
|    fps                  | 185         |
|    iterations           | 17          |
|    time_elapsed         | 752         |
|    total_timesteps      | 139264      |
| train/                  |             |
|    approx_kl            | 0.009976907 |
|    clip_fraction        | 0.13        |
|    clip_range           | 0.2         |
|    entropy_loss         | -1.07       |
|    explained_variance   | 0.833       |
|    learning_rate        | 0.0003      |
|    loss                 | 0.942       |
|    n_updates            | 160         |
|    policy_gradient_loss | -0.00822    |
|    std                  | 0.701       |
|    value_loss           | 2.13        |
-----------------------------------------
------------------------------------------
| rollout/                |              |
|    ep_len_mean          | 84.6         |
|    ep_rew_mean          | 12.2         |
| time/                   |              |
|    fps                  | 186          |
|    iterations           | 18           |
|    time_elapsed         | 792          |
|    total_timesteps      | 147456       |
| train/                  |              |
|    approx_kl            | 0.0076649524 |
|    clip_fraction        | 0.104        |
|    clip_range           | 0.2          |
|    entropy_loss         | -1.05        |
|    explained_variance   | 0.719        |
|    learning_rate        | 0.0003       |
|    loss                 | 1.93         |
|    n_updates            | 170          |
|    policy_gradient_loss | -0.00378     |
|    std                  | 0.695        |
|    value_loss           | 3.81         |
------------------------------------------
-----------------------------------------
| rollout/                |             |
|    ep_len_mean          | 94.8        |
|    ep_rew_mean          | 13.9        |
| time/                   |             |
|    fps                  | 186         |
|    iterations           | 19          |
|    time_elapsed         | 832         |
|    total_timesteps      | 155648      |
| train/                  |             |
|    approx_kl            | 0.008062018 |
|    clip_fraction        | 0.128       |
|    clip_range           | 0.2         |
|    entropy_loss         | -1.04       |
|    explained_variance   | 0.7         |
|    learning_rate        | 0.0003      |
|    loss                 | 1.62        |
|    n_updates            | 180         |
|    policy_gradient_loss | -0.0054     |
|    std                  | 0.681       |
|    value_loss           | 5.1         |
-----------------------------------------
-----------------------------------------
| rollout/                |             |
|    ep_len_mean          | 101         |
|    ep_rew_mean          | 15.2        |
| time/                   |             |
|    fps                  | 187         |
|    iterations           | 20          |
|    time_elapsed         | 872         |
|    total_timesteps      | 163840      |
| train/                  |             |
|    approx_kl            | 0.010307333 |
|    clip_fraction        | 0.116       |
|    clip_range           | 0.2         |
|    entropy_loss         | -1.03       |
|    explained_variance   | 0.696       |
|    learning_rate        | 0.0003      |
|    loss                 | 2.35        |
|    n_updates            | 190         |
|    policy_gradient_loss | 0.000123    |
|    std                  | 0.675       |
|    value_loss           | 5.6         |
-----------------------------------------
-----------------------------------------
| rollout/                |             |
|    ep_len_mean          | 123         |
|    ep_rew_mean          | 19.4        |
| time/                   |             |
|    fps                  | 188         |
|    iterations           | 21          |
|    time_elapsed         | 912         |
|    total_timesteps      | 172032      |
| train/                  |             |
|    approx_kl            | 0.007437299 |
|    clip_fraction        | 0.105       |
|    clip_range           | 0.2         |
|    entropy_loss         | -1          |
|    explained_variance   | 0.674       |
|    learning_rate        | 0.0003      |
|    loss                 | 1.39        |
|    n_updates            | 200         |
|    policy_gradient_loss | -0.000977   |
|    std                  | 0.651       |
|    value_loss           | 6.03        |
-----------------------------------------
-----------------------------------------
| rollout/                |             |
|    ep_len_mean          | 140         |
|    ep_rew_mean          | 22.9        |
| time/                   |             |
|    fps                  | 189         |
|    iterations           | 22          |
|    time_elapsed         | 952         |
|    total_timesteps      | 180224      |
| train/                  |             |
|    approx_kl            | 0.007055766 |
|    clip_fraction        | 0.101       |
|    clip_range           | 0.2         |
|    entropy_loss         | -0.981      |
|    explained_variance   | 0.596       |
|    learning_rate        | 0.0003      |
|    loss                 | 3.05        |
|    n_updates            | 210         |
|    policy_gradient_loss | -0.000608   |
|    std                  | 0.643       |
|    value_loss           | 5.07        |
-----------------------------------------
-----------------------------------------
| rollout/                |             |
|    ep_len_mean          | 148         |
|    ep_rew_mean          | 24.5        |
| time/                   |             |
|    fps                  | 189         |
|    iterations           | 23          |
|    time_elapsed         | 992         |
|    total_timesteps      | 188416      |
| train/                  |             |
|    approx_kl            | 0.009937501 |
|    clip_fraction        | 0.107       |
|    clip_range           | 0.2         |
|    entropy_loss         | -0.975      |
|    explained_variance   | 0.549       |
|    learning_rate        | 0.0003      |
|    loss                 | 2.13        |
|    n_updates            | 220         |
|    policy_gradient_loss | 0.000971    |
|    std                  | 0.641       |
|    value_loss           | 4.89        |
-----------------------------------------
-----------------------------------------
| rollout/                |             |
|    ep_len_mean          | 150         |
|    ep_rew_mean          | 25.6        |
| time/                   |             |
|    fps                  | 190         |
|    iterations           | 24          |
|    time_elapsed         | 1032        |
|    total_timesteps      | 196608      |
| train/                  |             |
|    approx_kl            | 0.008946879 |
|    clip_fraction        | 0.101       |
|    clip_range           | 0.2         |
|    entropy_loss         | -0.966      |
|    explained_variance   | 0.639       |
|    learning_rate        | 0.0003      |
|    loss                 | 0.81        |
|    n_updates            | 230         |
|    policy_gradient_loss | -0.00182    |
|    std                  | 0.634       |
|    value_loss           | 4.15        |
-----------------------------------------
-----------------------------------------
| rollout/                |             |
|    ep_len_mean          | 157         |
|    ep_rew_mean          | 27.3        |
| time/                   |             |
|    fps                  | 191         |
|    iterations           | 25          |
|    time_elapsed         | 1071        |
|    total_timesteps      | 204800      |
| train/                  |             |
|    approx_kl            | 0.012015947 |
|    clip_fraction        | 0.148       |
|    clip_range           | 0.2         |
|    entropy_loss         | -0.947      |
|    explained_variance   | 0.595       |
|    learning_rate        | 0.0003      |
|    loss                 | 4.93        |
|    n_updates            | 240         |
|    policy_gradient_loss | 0.000948    |
|    std                  | 0.616       |
|    value_loss           | 4.14        |
-----------------------------------------
-----------------------------------------
| rollout/                |             |
|    ep_len_mean          | 165         |
|    ep_rew_mean          | 29.4        |
| time/                   |             |
|    fps                  | 191         |
|    iterations           | 26          |
|    time_elapsed         | 1111        |
|    total_timesteps      | 212992      |
| train/                  |             |
|    approx_kl            | 0.012643386 |
|    clip_fraction        | 0.146       |
|    clip_range           | 0.2         |
|    entropy_loss         | -0.921      |
|    explained_variance   | 0.606       |
|    learning_rate        | 0.0003      |
|    loss                 | 0.754       |
|    n_updates            | 250         |
|    policy_gradient_loss | 0.00385     |
|    std                  | 0.603       |
|    value_loss           | 2.09        |
-----------------------------------------
-----------------------------------------
| rollout/                |             |
|    ep_len_mean          | 169         |
|    ep_rew_mean          | 30.1        |
| time/                   |             |
|    fps                  | 192         |
|    iterations           | 27          |
|    time_elapsed         | 1151        |
|    total_timesteps      | 221184      |
| train/                  |             |
|    approx_kl            | 0.011573745 |
|    clip_fraction        | 0.156       |
|    clip_range           | 0.2         |
|    entropy_loss         | -0.907      |
|    explained_variance   | 0.691       |
|    learning_rate        | 0.0003      |
|    loss                 | 1.03        |
|    n_updates            | 260         |
|    policy_gradient_loss | 0.00506     |
|    std                  | 0.602       |
|    value_loss           | 1.24        |
-----------------------------------------
-----------------------------------------
| rollout/                |             |
|    ep_len_mean          | 172         |
|    ep_rew_mean          | 30.5        |
| time/                   |             |
|    fps                  | 192         |
|    iterations           | 28          |
|    time_elapsed         | 1191        |
|    total_timesteps      | 229376      |
| train/                  |             |
|    approx_kl            | 0.025366275 |
|    clip_fraction        | 0.167       |
|    clip_range           | 0.2         |
|    entropy_loss         | -0.899      |
|    explained_variance   | 0.671       |
|    learning_rate        | 0.0003      |
|    loss                 | 0.517       |
|    n_updates            | 270         |
|    policy_gradient_loss | 0.00661     |
|    std                  | 0.595       |
|    value_loss           | 1.18        |
-----------------------------------------
------------------------------------------
| rollout/                |              |
|    ep_len_mean          | 175          |
|    ep_rew_mean          | 30.7         |
| time/                   |              |
|    fps                  | 192          |
|    iterations           | 29           |
|    time_elapsed         | 1232         |
|    total_timesteps      | 237568       |
| train/                  |              |
|    approx_kl            | 0.0078031267 |
|    clip_fraction        | 0.129        |
|    clip_range           | 0.2          |
|    entropy_loss         | -0.886       |
|    explained_variance   | 0.809        |
|    learning_rate        | 0.0003       |
|    loss                 | 0.119        |
|    n_updates            | 280          |
|    policy_gradient_loss | 0.00375      |
|    std                  | 0.585        |
|    value_loss           | 0.475        |
------------------------------------------
------------------------------------------
| rollout/                |              |
|    ep_len_mean          | 172          |
|    ep_rew_mean          | 30.2         |
| time/                   |              |
|    fps                  | 192          |
|    iterations           | 30           |
|    time_elapsed         | 1274         |
|    total_timesteps      | 245760       |
| train/                  |              |
|    approx_kl            | 0.0068959105 |
|    clip_fraction        | 0.118        |
|    clip_range           | 0.2          |
|    entropy_loss         | -0.877       |
|    explained_variance   | 0.738        |
|    learning_rate        | 0.0003       |
|    loss                 | 0.182        |
|    n_updates            | 290          |
|    policy_gradient_loss | 0.00298      |
|    std                  | 0.583        |
|    value_loss           | 0.738        |
------------------------------------------
-----------------------------------------
| rollout/                |             |
|    ep_len_mean          | 172         |
|    ep_rew_mean          | 30.8        |
| time/                   |             |
|    fps                  | 193         |
|    iterations           | 31          |
|    time_elapsed         | 1313        |
|    total_timesteps      | 253952      |
| train/                  |             |
|    approx_kl            | 0.009861482 |
|    clip_fraction        | 0.161       |
|    clip_range           | 0.2         |
|    entropy_loss         | -0.874      |
|    explained_variance   | 0.666       |
|    learning_rate        | 0.0003      |
|    loss                 | 0.411       |
|    n_updates            | 300         |
|    policy_gradient_loss | 0.00567     |
|    std                  | 0.577       |
|    value_loss           | 1.16        |
-----------------------------------------
-----------------------------------------
| rollout/                |             |
|    ep_len_mean          | 167         |
|    ep_rew_mean          | 29.8        |
| time/                   |             |
|    fps                  | 193         |
|    iterations           | 32          |
|    time_elapsed         | 1354        |
|    total_timesteps      | 262144      |
| train/                  |             |
|    approx_kl            | 0.008544616 |
|    clip_fraction        | 0.137       |
|    clip_range           | 0.2         |
|    entropy_loss         | -0.857      |
|    explained_variance   | 0.911       |
|    learning_rate        | 0.0003      |
|    loss                 | 0.0858      |
|    n_updates            | 310         |
|    policy_gradient_loss | 0.00482     |
|    std                  | 0.567       |
|    value_loss           | 0.218       |
-----------------------------------------
----------------------------------------
| rollout/                |            |
|    ep_len_mean          | 166        |
|    ep_rew_mean          | 29.8       |
| time/                   |            |
|    fps                  | 193        |
|    iterations           | 33         |
|    time_elapsed         | 1397       |
|    total_timesteps      | 270336     |
| train/                  |            |
|    approx_kl            | 0.00802188 |
|    clip_fraction        | 0.18       |
|    clip_range           | 0.2        |
|    entropy_loss         | -0.847     |
|    explained_variance   | 0.5        |
|    learning_rate        | 0.0003     |
|    loss                 | 1.75       |
|    n_updates            | 320        |
|    policy_gradient_loss | 0.0045     |
|    std                  | 0.564      |
|    value_loss           | 2.68       |
----------------------------------------
-----------------------------------------
| rollout/                |             |
|    ep_len_mean          | 169         |
|    ep_rew_mean          | 30.6        |
| time/                   |             |
|    fps                  | 193         |
|    iterations           | 34          |
|    time_elapsed         | 1442        |
|    total_timesteps      | 278528      |
| train/                  |             |
|    approx_kl            | 0.009520911 |
|    clip_fraction        | 0.142       |
|    clip_range           | 0.2         |
|    entropy_loss         | -0.841      |
|    explained_variance   | 0.728       |
|    learning_rate        | 0.0003      |
|    loss                 | 0.0847      |
|    n_updates            | 330         |
|    policy_gradient_loss | 0.0056      |
|    std                  | 0.56        |
|    value_loss           | 1.06        |
-----------------------------------------
-----------------------------------------
| rollout/                |             |
|    ep_len_mean          | 170         |
|    ep_rew_mean          | 31          |
| time/                   |             |
|    fps                  | 193         |
|    iterations           | 35          |
|    time_elapsed         | 1484        |
|    total_timesteps      | 286720      |
| train/                  |             |
|    approx_kl            | 0.018445868 |
|    clip_fraction        | 0.192       |
|    clip_range           | 0.2         |
|    entropy_loss         | -0.845      |
|    explained_variance   | 0.585       |
|    learning_rate        | 0.0003      |
|    loss                 | 1.7         |
|    n_updates            | 340         |
|    policy_gradient_loss | 0.00759     |
|    std                  | 0.564       |
|    value_loss           | 2.39        |
-----------------------------------------
-----------------------------------------
| rollout/                |             |
|    ep_len_mean          | 169         |
|    ep_rew_mean          | 30.7        |
| time/                   |             |
|    fps                  | 193         |
|    iterations           | 36          |
|    time_elapsed         | 1527        |
|    total_timesteps      | 294912      |
| train/                  |             |
|    approx_kl            | 0.019947642 |
|    clip_fraction        | 0.154       |
|    clip_range           | 0.2         |
|    entropy_loss         | -0.832      |
|    explained_variance   | 0.805       |
|    learning_rate        | 0.0003      |
|    loss                 | 0.12        |
|    n_updates            | 350         |
|    policy_gradient_loss | 0.00615     |
|    std                  | 0.551       |
|    value_loss           | 0.647       |
-----------------------------------------
------------------------------------------
| rollout/                |              |
|    ep_len_mean          | 169          |
|    ep_rew_mean          | 30           |
| time/                   |              |
|    fps                  | 193          |
|    iterations           | 37           |
|    time_elapsed         | 1569         |
|    total_timesteps      | 303104       |
| train/                  |              |
|    approx_kl            | 0.0129595455 |
|    clip_fraction        | 0.16         |
|    clip_range           | 0.2          |
|    entropy_loss         | -0.825       |
|    explained_variance   | 0.68         |
|    learning_rate        | 0.0003       |
|    loss                 | 2.57         |
|    n_updates            | 360          |
|    policy_gradient_loss | 0.00673      |
|    std                  | 0.551        |
|    value_loss           | 1.74         |
------------------------------------------
----------------------------------------
| rollout/                |            |
|    ep_len_mean          | 173        |
|    ep_rew_mean          | 30.7       |
| time/                   |            |
|    fps                  | 193        |
|    iterations           | 38         |
|    time_elapsed         | 1612       |
|    total_timesteps      | 311296     |
| train/                  |            |
|    approx_kl            | 0.00997605 |
|    clip_fraction        | 0.124      |
|    clip_range           | 0.2        |
|    entropy_loss         | -0.81      |
|    explained_variance   | 0.794      |
|    learning_rate        | 0.0003     |
|    loss                 | 0.0597     |
|    n_updates            | 370        |
|    policy_gradient_loss | 0.000287   |
|    std                  | 0.539      |
|    value_loss           | 0.596      |
----------------------------------------
-----------------------------------------
| rollout/                |             |
|    ep_len_mean          | 176         |
|    ep_rew_mean          | 31.2        |
| time/                   |             |
|    fps                  | 192         |
|    iterations           | 39          |
|    time_elapsed         | 1657        |
|    total_timesteps      | 319488      |
| train/                  |             |
|    approx_kl            | 0.009841209 |
|    clip_fraction        | 0.118       |
|    clip_range           | 0.2         |
|    entropy_loss         | -0.791      |
|    explained_variance   | 0.931       |
|    learning_rate        | 0.0003      |
|    loss                 | 0.0973      |
|    n_updates            | 380         |
|    policy_gradient_loss | 0.00292     |
|    std                  | 0.528       |
|    value_loss           | 0.162       |
-----------------------------------------
-----------------------------------------
| rollout/                |             |
|    ep_len_mean          | 176         |
|    ep_rew_mean          | 31          |
| time/                   |             |
|    fps                  | 192         |
|    iterations           | 40          |
|    time_elapsed         | 1700        |
|    total_timesteps      | 327680      |
| train/                  |             |
|    approx_kl            | 0.012601886 |
|    clip_fraction        | 0.103       |
|    clip_range           | 0.2         |
|    entropy_loss         | -0.783      |
|    explained_variance   | 0.928       |
|    learning_rate        | 0.0003      |
|    loss                 | 0.116       |
|    n_updates            | 390         |
|    policy_gradient_loss | 0.00202     |
|    std                  | 0.53        |
|    value_loss           | 0.174       |
-----------------------------------------
-----------------------------------------
| rollout/                |             |
|    ep_len_mean          | 175         |
|    ep_rew_mean          | 30.2        |
| time/                   |             |
|    fps                  | 192         |
|    iterations           | 41          |
|    time_elapsed         | 1743        |
|    total_timesteps      | 335872      |
| train/                  |             |
|    approx_kl            | 0.009278018 |
|    clip_fraction        | 0.105       |
|    clip_range           | 0.2         |
|    entropy_loss         | -0.784      |
|    explained_variance   | 0.922       |
|    learning_rate        | 0.0003      |
|    loss                 | 0.0632      |
|    n_updates            | 400         |
|    policy_gradient_loss | -0.000277   |
|    std                  | 0.529       |
|    value_loss           | 0.176       |
-----------------------------------------
-----------------------------------------
| rollout/                |             |
|    ep_len_mean          | 175         |
|    ep_rew_mean          | 30.2        |
| time/                   |             |
|    fps                  | 192         |
|    iterations           | 42          |
|    time_elapsed         | 1788        |
|    total_timesteps      | 344064      |
| train/                  |             |
|    approx_kl            | 0.014140778 |
|    clip_fraction        | 0.131       |
|    clip_range           | 0.2         |
|    entropy_loss         | -0.776      |
|    explained_variance   | 0.823       |
|    learning_rate        | 0.0003      |
|    loss                 | 0.0985      |
|    n_updates            | 410         |
|    policy_gradient_loss | 0.00162     |
|    std                  | 0.527       |
|    value_loss           | 0.343       |
-----------------------------------------
-----------------------------------------
| rollout/                |             |
|    ep_len_mean          | 175         |
|    ep_rew_mean          | 30.4        |
| time/                   |             |
|    fps                  | 192         |
|    iterations           | 43          |
|    time_elapsed         | 1831        |
|    total_timesteps      | 352256      |
| train/                  |             |
|    approx_kl            | 0.012694087 |
|    clip_fraction        | 0.13        |
|    clip_range           | 0.2         |
|    entropy_loss         | -0.774      |
|    explained_variance   | 0.922       |
|    learning_rate        | 0.0003      |
|    loss                 | 0.0828      |
|    n_updates            | 420         |
|    policy_gradient_loss | 0.00111     |
|    std                  | 0.526       |
|    value_loss           | 0.183       |
-----------------------------------------
-----------------------------------------
| rollout/                |             |
|    ep_len_mean          | 175         |
|    ep_rew_mean          | 30.3        |
| time/                   |             |
|    fps                  | 192         |
|    iterations           | 44          |
|    time_elapsed         | 1874        |
|    total_timesteps      | 360448      |
| train/                  |             |
|    approx_kl            | 0.012647959 |
|    clip_fraction        | 0.115       |
|    clip_range           | 0.2         |
|    entropy_loss         | -0.766      |
|    explained_variance   | 0.805       |
|    learning_rate        | 0.0003      |
|    loss                 | 0.0952      |
|    n_updates            | 430         |
|    policy_gradient_loss | 0.000431    |
|    std                  | 0.516       |
|    value_loss           | 0.367       |
-----------------------------------------
-----------------------------------------
| rollout/                |             |
|    ep_len_mean          | 175         |
|    ep_rew_mean          | 30.6        |
| time/                   |             |
|    fps                  | 192         |
|    iterations           | 45          |
|    time_elapsed         | 1917        |
|    total_timesteps      | 368640      |
| train/                  |             |
|    approx_kl            | 0.006682586 |
|    clip_fraction        | 0.0991      |
|    clip_range           | 0.2         |
|    entropy_loss         | -0.753      |
|    explained_variance   | 0.927       |
|    learning_rate        | 0.0003      |
|    loss                 | 0.0963      |
|    n_updates            | 440         |
|    policy_gradient_loss | 0.000621    |
|    std                  | 0.508       |
|    value_loss           | 0.184       |
-----------------------------------------
-----------------------------------------
| rollout/                |             |
|    ep_len_mean          | 172         |
|    ep_rew_mean          | 30.4        |
| time/                   |             |
|    fps                  | 192         |
|    iterations           | 46          |
|    time_elapsed         | 1961        |
|    total_timesteps      | 376832      |
| train/                  |             |
|    approx_kl            | 0.008945169 |
|    clip_fraction        | 0.118       |
|    clip_range           | 0.2         |
|    entropy_loss         | -0.742      |
|    explained_variance   | 0.818       |
|    learning_rate        | 0.0003      |
|    loss                 | 0.128       |
|    n_updates            | 450         |
|    policy_gradient_loss | 0.00317     |
|    std                  | 0.509       |
|    value_loss           | 0.565       |
-----------------------------------------
----------------------------------------
| rollout/                |            |
|    ep_len_mean          | 173        |
|    ep_rew_mean          | 30.4       |
| time/                   |            |
|    fps                  | 191        |
|    iterations           | 47         |
|    time_elapsed         | 2005       |
|    total_timesteps      | 385024     |
| train/                  |            |
|    approx_kl            | 0.00855631 |
|    clip_fraction        | 0.0984     |
|    clip_range           | 0.2        |
|    entropy_loss         | -0.75      |
|    explained_variance   | 0.747      |
|    learning_rate        | 0.0003     |
|    loss                 | 0.105      |
|    n_updates            | 460        |
|    policy_gradient_loss | 0.00138    |
|    std                  | 0.516      |
|    value_loss           | 1.13       |
----------------------------------------
-----------------------------------------
| rollout/                |             |
|    ep_len_mean          | 170         |
|    ep_rew_mean          | 30.1        |
| time/                   |             |
|    fps                  | 192         |
|    iterations           | 48          |
|    time_elapsed         | 2047        |
|    total_timesteps      | 393216      |
| train/                  |             |
|    approx_kl            | 0.007814413 |
|    clip_fraction        | 0.112       |
|    clip_range           | 0.2         |
|    entropy_loss         | -0.749      |
|    explained_variance   | 0.766       |
|    learning_rate        | 0.0003      |
|    loss                 | 0.12        |
|    n_updates            | 470         |
|    policy_gradient_loss | 0.00219     |
|    std                  | 0.51        |
|    value_loss           | 0.246       |
-----------------------------------------
-----------------------------------------
| rollout/                |             |
|    ep_len_mean          | 170         |
|    ep_rew_mean          | 30.5        |
| time/                   |             |
|    fps                  | 191         |
|    iterations           | 49          |
|    time_elapsed         | 2091        |
|    total_timesteps      | 401408      |
| train/                  |             |
|    approx_kl            | 0.008829799 |
|    clip_fraction        | 0.132       |
|    clip_range           | 0.2         |
|    entropy_loss         | -0.738      |
|    explained_variance   | 0.593       |
|    learning_rate        | 0.0003      |
|    loss                 | 1.04        |
|    n_updates            | 480         |
|    policy_gradient_loss | 0.00434     |
|    std                  | 0.508       |
|    value_loss           | 0.995       |
-----------------------------------------
-----------------------------------------
| rollout/                |             |
|    ep_len_mean          | 176         |
|    ep_rew_mean          | 31.7        |
| time/                   |             |
|    fps                  | 192         |
|    iterations           | 50          |
|    time_elapsed         | 2133        |
|    total_timesteps      | 409600      |
| train/                  |             |
|    approx_kl            | 0.009088052 |
|    clip_fraction        | 0.1         |
|    clip_range           | 0.2         |
|    entropy_loss         | -0.727      |
|    explained_variance   | 0.889       |
|    learning_rate        | 0.0003      |
|    loss                 | 0.107       |
|    n_updates            | 490         |
|    policy_gradient_loss | 0.00233     |
|    std                  | 0.498       |
|    value_loss           | 0.155       |
-----------------------------------------
------------------------------------------
| rollout/                |              |
|    ep_len_mean          | 174          |
|    ep_rew_mean          | 31.5         |
| time/                   |              |
|    fps                  | 192          |
|    iterations           | 51           |
|    time_elapsed         | 2175         |
|    total_timesteps      | 417792       |
| train/                  |              |
|    approx_kl            | 0.0071910103 |
|    clip_fraction        | 0.0976       |
|    clip_range           | 0.2          |
|    entropy_loss         | -0.722       |
|    explained_variance   | 0.946        |
|    learning_rate        | 0.0003       |
|    loss                 | 0.0588       |
|    n_updates            | 500          |
|    policy_gradient_loss | 0.000649     |
|    std                  | 0.498        |
|    value_loss           | 0.139        |
------------------------------------------
-----------------------------------------
| rollout/                |             |
|    ep_len_mean          | 173         |
|    ep_rew_mean          | 30.9        |
| time/                   |             |
|    fps                  | 192         |
|    iterations           | 52          |
|    time_elapsed         | 2217        |
|    total_timesteps      | 425984      |
| train/                  |             |
|    approx_kl            | 0.011231935 |
|    clip_fraction        | 0.104       |
|    clip_range           | 0.2         |
|    entropy_loss         | -0.713      |
|    explained_variance   | 0.677       |
|    learning_rate        | 0.0003      |
|    loss                 | 1.03        |
|    n_updates            | 510         |
|    policy_gradient_loss | 0.00367     |
|    std                  | 0.492       |
|    value_loss           | 0.995       |
-----------------------------------------
-----------------------------------------
| rollout/                |             |
|    ep_len_mean          | 175         |
|    ep_rew_mean          | 31.3        |
| time/                   |             |
|    fps                  | 191         |
|    iterations           | 53          |
|    time_elapsed         | 2261        |
|    total_timesteps      | 434176      |
| train/                  |             |
|    approx_kl            | 0.011900794 |
|    clip_fraction        | 0.0969      |
|    clip_range           | 0.2         |
|    entropy_loss         | -0.706      |
|    explained_variance   | 0.827       |
|    learning_rate        | 0.0003      |
|    loss                 | 0.0298      |
|    n_updates            | 520         |
|    policy_gradient_loss | 0.00229     |
|    std                  | 0.488       |
|    value_loss           | 0.403       |
-----------------------------------------
-----------------------------------------
| rollout/                |             |
|    ep_len_mean          | 175         |
|    ep_rew_mean          | 31.5        |
| time/                   |             |
|    fps                  | 191         |
|    iterations           | 54          |
|    time_elapsed         | 2305        |
|    total_timesteps      | 442368      |
| train/                  |             |
|    approx_kl            | 0.006886566 |
|    clip_fraction        | 0.105       |
|    clip_range           | 0.2         |
|    entropy_loss         | -0.688      |
|    explained_variance   | 0.885       |
|    learning_rate        | 0.0003      |
|    loss                 | 0.0996      |
|    n_updates            | 530         |
|    policy_gradient_loss | 0.00348     |
|    std                  | 0.477       |
|    value_loss           | 0.178       |
-----------------------------------------
---------------------------------------
| rollout/                |           |
|    ep_len_mean          | 175       |
|    ep_rew_mean          | 31.3      |
| time/                   |           |
|    fps                  | 191       |
|    iterations           | 55        |
|    time_elapsed         | 2348      |
|    total_timesteps      | 450560    |
| train/                  |           |
|    approx_kl            | 0.0073259 |
|    clip_fraction        | 0.0897    |
|    clip_range           | 0.2       |
|    entropy_loss         | -0.68     |
|    explained_variance   | 0.953     |
|    learning_rate        | 0.0003    |
|    loss                 | 0.044     |
|    n_updates            | 540       |
|    policy_gradient_loss | 0.00241   |
|    std                  | 0.476     |
|    value_loss           | 0.139     |
---------------------------------------
-----------------------------------------
| rollout/                |             |
|    ep_len_mean          | 164         |
|    ep_rew_mean          | 29          |
| time/                   |             |
|    fps                  | 191         |
|    iterations           | 56          |
|    time_elapsed         | 2390        |
|    total_timesteps      | 458752      |
| train/                  |             |
|    approx_kl            | 0.008016681 |
|    clip_fraction        | 0.112       |
|    clip_range           | 0.2         |
|    entropy_loss         | -0.684      |
|    explained_variance   | 0.811       |
|    learning_rate        | 0.0003      |
|    loss                 | 0.159       |
|    n_updates            | 550         |
|    policy_gradient_loss | 0.00293     |
|    std                  | 0.479       |
|    value_loss           | 0.55        |
-----------------------------------------
----------------------------------------
| rollout/                |            |
|    ep_len_mean          | 163        |
|    ep_rew_mean          | 29         |
| time/                   |            |
|    fps                  | 191        |
|    iterations           | 57         |
|    time_elapsed         | 2433       |
|    total_timesteps      | 466944     |
| train/                  |            |
|    approx_kl            | 0.01639915 |
|    clip_fraction        | 0.177      |
|    clip_range           | 0.2        |
|    entropy_loss         | -0.684     |
|    explained_variance   | 0.339      |
|    learning_rate        | 0.0003     |
|    loss                 | 2.87       |
|    n_updates            | 560        |
|    policy_gradient_loss | 0.00764    |
|    std                  | 0.479      |
|    value_loss           | 5.05       |
----------------------------------------
-----------------------------------------
| rollout/                |             |
|    ep_len_mean          | 172         |
|    ep_rew_mean          | 31.3        |
| time/                   |             |
|    fps                  | 191         |
|    iterations           | 58          |
|    time_elapsed         | 2476        |
|    total_timesteps      | 475136      |
| train/                  |             |
|    approx_kl            | 0.009924246 |
|    clip_fraction        | 0.151       |
|    clip_range           | 0.2         |
|    entropy_loss         | -0.684      |
|    explained_variance   | 0.45        |
|    learning_rate        | 0.0003      |
|    loss                 | 0.998       |
|    n_updates            | 570         |
|    policy_gradient_loss | 0.00396     |
|    std                  | 0.483       |
|    value_loss           | 2.15        |
-----------------------------------------
-----------------------------------------
| rollout/                |             |
|    ep_len_mean          | 174         |
|    ep_rew_mean          | 31.4        |
| time/                   |             |
|    fps                  | 191         |
|    iterations           | 59          |
|    time_elapsed         | 2519        |
|    total_timesteps      | 483328      |
| train/                  |             |
|    approx_kl            | 0.009203944 |
|    clip_fraction        | 0.102       |
|    clip_range           | 0.2         |
|    entropy_loss         | -0.69       |
|    explained_variance   | 0.725       |
|    learning_rate        | 0.0003      |
|    loss                 | 0.188       |
|    n_updates            | 580         |
|    policy_gradient_loss | 0.00268     |
|    std                  | 0.482       |
|    value_loss           | 0.965       |
-----------------------------------------
-----------------------------------------
| rollout/                |             |
|    ep_len_mean          | 170         |
|    ep_rew_mean          | 30.4        |
| time/                   |             |
|    fps                  | 191         |
|    iterations           | 60          |
|    time_elapsed         | 2561        |
|    total_timesteps      | 491520      |
| train/                  |             |
|    approx_kl            | 0.008074305 |
|    clip_fraction        | 0.0898      |
|    clip_range           | 0.2         |
|    entropy_loss         | -0.681      |
|    explained_variance   | 0.512       |
|    learning_rate        | 0.0003      |
|    loss                 | 0.235       |
|    n_updates            | 590         |
|    policy_gradient_loss | 0.00142     |
|    std                  | 0.475       |
|    value_loss           | 1.71        |
-----------------------------------------
-----------------------------------------
| rollout/                |             |
|    ep_len_mean          | 171         |
|    ep_rew_mean          | 30.7        |
| time/                   |             |
|    fps                  | 191         |
|    iterations           | 61          |
|    time_elapsed         | 2604        |
|    total_timesteps      | 499712      |
| train/                  |             |
|    approx_kl            | 0.012021497 |
|    clip_fraction        | 0.122       |
|    clip_range           | 0.2         |
|    entropy_loss         | -0.655      |
|    explained_variance   | 0.737       |
|    learning_rate        | 0.0003      |
|    loss                 | 0.18        |
|    n_updates            | 600         |
|    policy_gradient_loss | 0.00385     |
|    std                  | 0.464       |
|    value_loss           | 0.842       |
-----------------------------------------
-----------------------------------------
| rollout/                |             |
|    ep_len_mean          | 176         |
|    ep_rew_mean          | 31.7        |
| time/                   |             |
|    fps                  | 191         |
|    iterations           | 62          |
|    time_elapsed         | 2647        |
|    total_timesteps      | 507904      |
| train/                  |             |
|    approx_kl            | 0.007162787 |
|    clip_fraction        | 0.111       |
|    clip_range           | 0.2         |
|    entropy_loss         | -0.646      |
|    explained_variance   | 0.863       |
|    learning_rate        | 0.0003      |
|    loss                 | 0.106       |
|    n_updates            | 610         |
|    policy_gradient_loss | -0.000132   |
|    std                  | 0.461       |
|    value_loss           | 0.216       |
-----------------------------------------
-----------------------------------------
| rollout/                |             |
|    ep_len_mean          | 175         |
|    ep_rew_mean          | 31.5        |
| time/                   |             |
|    fps                  | 191         |
|    iterations           | 63          |
|    time_elapsed         | 2689        |
|    total_timesteps      | 516096      |
| train/                  |             |
|    approx_kl            | 0.008603754 |
|    clip_fraction        | 0.0848      |
|    clip_range           | 0.2         |
|    entropy_loss         | -0.635      |
|    explained_variance   | 0.925       |
|    learning_rate        | 0.0003      |
|    loss                 | 0.0738      |
|    n_updates            | 620         |
|    policy_gradient_loss | 0.00189     |
|    std                  | 0.454       |
|    value_loss           | 0.205       |
-----------------------------------------
------------------------------------------
| rollout/                |              |
|    ep_len_mean          | 175          |
|    ep_rew_mean          | 31.1         |
| time/                   |              |
|    fps                  | 191          |
|    iterations           | 64           |
|    time_elapsed         | 2732         |
|    total_timesteps      | 524288       |
| train/                  |              |
|    approx_kl            | 0.0074798185 |
|    clip_fraction        | 0.095        |
|    clip_range           | 0.2          |
|    entropy_loss         | -0.626       |
|    explained_variance   | 0.791        |
|    learning_rate        | 0.0003       |
|    loss                 | 0.0299       |
|    n_updates            | 630          |
|    policy_gradient_loss | -4.86e-05    |
|    std                  | 0.454        |
|    value_loss           | 0.415        |
------------------------------------------
-----------------------------------------
| rollout/                |             |
|    ep_len_mean          | 176         |
|    ep_rew_mean          | 31.2        |
| time/                   |             |
|    fps                  | 191         |
|    iterations           | 65          |
|    time_elapsed         | 2775        |
|    total_timesteps      | 532480      |
| train/                  |             |
|    approx_kl            | 0.007571333 |
|    clip_fraction        | 0.0915      |
|    clip_range           | 0.2         |
|    entropy_loss         | -0.62       |
|    explained_variance   | 0.894       |
|    learning_rate        | 0.0003      |
|    loss                 | 0.0601      |
|    n_updates            | 640         |
|    policy_gradient_loss | 0.00262     |
|    std                  | 0.446       |
|    value_loss           | 0.19        |
-----------------------------------------
-----------------------------------------
| rollout/                |             |
|    ep_len_mean          | 176         |
|    ep_rew_mean          | 31.4        |
| time/                   |             |
|    fps                  | 191         |
|    iterations           | 66          |
|    time_elapsed         | 2817        |
|    total_timesteps      | 540672      |
| train/                  |             |
|    approx_kl            | 0.010141842 |
|    clip_fraction        | 0.109       |
|    clip_range           | 0.2         |
|    entropy_loss         | -0.594      |
|    explained_variance   | 0.934       |
|    learning_rate        | 0.0003      |
|    loss                 | 0.0559      |
|    n_updates            | 650         |
|    policy_gradient_loss | 0.000374    |
|    std                  | 0.433       |
|    value_loss           | 0.173       |
-----------------------------------------
-----------------------------------------
| rollout/                |             |
|    ep_len_mean          | 175         |
|    ep_rew_mean          | 31.6        |
| time/                   |             |
|    fps                  | 191         |
|    iterations           | 67          |
|    time_elapsed         | 2860        |
|    total_timesteps      | 548864      |
| train/                  |             |
|    approx_kl            | 0.011019308 |
|    clip_fraction        | 0.115       |
|    clip_range           | 0.2         |
|    entropy_loss         | -0.589      |
|    explained_variance   | 0.95        |
|    learning_rate        | 0.0003      |
|    loss                 | 0.0831      |
|    n_updates            | 660         |
|    policy_gradient_loss | 0.00042     |
|    std                  | 0.438       |
|    value_loss           | 0.128       |
-----------------------------------------
-----------------------------------------
| rollout/                |             |
|    ep_len_mean          | 170         |
|    ep_rew_mean          | 30.7        |
| time/                   |             |
|    fps                  | 191         |
|    iterations           | 68          |
|    time_elapsed         | 2902        |
|    total_timesteps      | 557056      |
| train/                  |             |
|    approx_kl            | 0.008401222 |
|    clip_fraction        | 0.0912      |
|    clip_range           | 0.2         |
|    entropy_loss         | -0.602      |
|    explained_variance   | 0.788       |
|    learning_rate        | 0.0003      |
|    loss                 | 0.0687      |
|    n_updates            | 670         |
|    policy_gradient_loss | 0.0014      |
|    std                  | 0.442       |
|    value_loss           | 0.479       |
-----------------------------------------
-----------------------------------------
| rollout/                |             |
|    ep_len_mean          | 170         |
|    ep_rew_mean          | 31          |
| time/                   |             |
|    fps                  | 191         |
|    iterations           | 69          |
|    time_elapsed         | 2944        |
|    total_timesteps      | 565248      |
| train/                  |             |
|    approx_kl            | 0.019793708 |
|    clip_fraction        | 0.138       |
|    clip_range           | 0.2         |
|    entropy_loss         | -0.601      |
|    explained_variance   | 0.596       |
|    learning_rate        | 0.0003      |
|    loss                 | 0.295       |
|    n_updates            | 680         |
|    policy_gradient_loss | 0.00234     |
|    std                  | 0.442       |
|    value_loss           | 2.29        |
-----------------------------------------
-----------------------------------------
| rollout/                |             |
|    ep_len_mean          | 172         |
|    ep_rew_mean          | 31.6        |
| time/                   |             |
|    fps                  | 191         |
|    iterations           | 70          |
|    time_elapsed         | 2987        |
|    total_timesteps      | 573440      |
| train/                  |             |
|    approx_kl            | 0.011451719 |
|    clip_fraction        | 0.129       |
|    clip_range           | 0.2         |
|    entropy_loss         | -0.597      |
|    explained_variance   | 0.756       |
|    learning_rate        | 0.0003      |
|    loss                 | 0.127       |
|    n_updates            | 690         |
|    policy_gradient_loss | 0.00134     |
|    std                  | 0.438       |
|    value_loss           | 0.748       |
-----------------------------------------
-----------------------------------------
| rollout/                |             |
|    ep_len_mean          | 174         |
|    ep_rew_mean          | 32          |
| time/                   |             |
|    fps                  | 191         |
|    iterations           | 71          |
|    time_elapsed         | 3030        |
|    total_timesteps      | 581632      |
| train/                  |             |
|    approx_kl            | 0.007846184 |
|    clip_fraction        | 0.118       |
|    clip_range           | 0.2         |
|    entropy_loss         | -0.592      |
|    explained_variance   | 0.814       |
|    learning_rate        | 0.0003      |
|    loss                 | 0.0717      |
|    n_updates            | 700         |
|    policy_gradient_loss | 0.00244     |
|    std                  | 0.436       |
|    value_loss           | 0.558       |
-----------------------------------------
-----------------------------------------
| rollout/                |             |
|    ep_len_mean          | 175         |
|    ep_rew_mean          | 31.7        |
| time/                   |             |
|    fps                  | 191         |
|    iterations           | 72          |
|    time_elapsed         | 3075        |
|    total_timesteps      | 589824      |
| train/                  |             |
|    approx_kl            | 0.011700695 |
|    clip_fraction        | 0.128       |
|    clip_range           | 0.2         |
|    entropy_loss         | -0.593      |
|    explained_variance   | 0.735       |
|    learning_rate        | 0.0003      |
|    loss                 | 0.106       |
|    n_updates            | 710         |
|    policy_gradient_loss | 0.00373     |
|    std                  | 0.44        |
|    value_loss           | 0.832       |
-----------------------------------------
-----------------------------------------
| rollout/                |             |
|    ep_len_mean          | 176         |
|    ep_rew_mean          | 32.2        |
| time/                   |             |
|    fps                  | 191         |
|    iterations           | 73          |
|    time_elapsed         | 3119        |
|    total_timesteps      | 598016      |
| train/                  |             |
|    approx_kl            | 0.008224578 |
|    clip_fraction        | 0.105       |
|    clip_range           | 0.2         |
|    entropy_loss         | -0.598      |
|    explained_variance   | 0.938       |
|    learning_rate        | 0.0003      |
|    loss                 | 0.068       |
|    n_updates            | 720         |
|    policy_gradient_loss | 0.00305     |
|    std                  | 0.441       |
|    value_loss           | 0.154       |
-----------------------------------------
------------------------------------------
| rollout/                |              |
|    ep_len_mean          | 176          |
|    ep_rew_mean          | 32.4         |
| time/                   |              |
|    fps                  | 191          |
|    iterations           | 74           |
|    time_elapsed         | 3158         |
|    total_timesteps      | 606208       |
| train/                  |              |
|    approx_kl            | 0.0071905684 |
|    clip_fraction        | 0.0874       |
|    clip_range           | 0.2          |
|    entropy_loss         | -0.595       |
|    explained_variance   | 0.95         |
|    learning_rate        | 0.0003       |
|    loss                 | 0.0757       |
|    n_updates            | 730          |
|    policy_gradient_loss | 0.00312      |
|    std                  | 0.439        |
|    value_loss           | 0.118        |
------------------------------------------
-----------------------------------------
| rollout/                |             |
|    ep_len_mean          | 174         |
|    ep_rew_mean          | 32          |
| time/                   |             |
|    fps                  | 192         |
|    iterations           | 75          |
|    time_elapsed         | 3197        |
|    total_timesteps      | 614400      |
| train/                  |             |
|    approx_kl            | 0.011990944 |
|    clip_fraction        | 0.122       |
|    clip_range           | 0.2         |
|    entropy_loss         | -0.592      |
|    explained_variance   | 0.664       |
|    learning_rate        | 0.0003      |
|    loss                 | 0.0804      |
|    n_updates            | 740         |
|    policy_gradient_loss | 0.00309     |
|    std                  | 0.438       |
|    value_loss           | 1.24        |
-----------------------------------------
-----------------------------------------
| rollout/                |             |
|    ep_len_mean          | 174         |
|    ep_rew_mean          | 31.6        |
| time/                   |             |
|    fps                  | 192         |
|    iterations           | 76          |
|    time_elapsed         | 3237        |
|    total_timesteps      | 622592      |
| train/                  |             |
|    approx_kl            | 0.008837184 |
|    clip_fraction        | 0.11        |
|    clip_range           | 0.2         |
|    entropy_loss         | -0.587      |
|    explained_variance   | 0.846       |
|    learning_rate        | 0.0003      |
|    loss                 | 0.482       |
|    n_updates            | 750         |
|    policy_gradient_loss | 0.00314     |
|    std                  | 0.434       |
|    value_loss           | 0.548       |
-----------------------------------------
-----------------------------------------
| rollout/                |             |
|    ep_len_mean          | 176         |
|    ep_rew_mean          | 32.2        |
| time/                   |             |
|    fps                  | 192         |
|    iterations           | 77          |
|    time_elapsed         | 3276        |
|    total_timesteps      | 630784      |
| train/                  |             |
|    approx_kl            | 0.005549674 |
|    clip_fraction        | 0.0889      |
|    clip_range           | 0.2         |
|    entropy_loss         | -0.584      |
|    explained_variance   | 0.89        |
|    learning_rate        | 0.0003      |
|    loss                 | 0.0766      |
|    n_updates            | 760         |
|    policy_gradient_loss | 0.00214     |
|    std                  | 0.435       |
|    value_loss           | 0.139       |
-----------------------------------------
-----------------------------------------
| rollout/                |             |
|    ep_len_mean          | 175         |
|    ep_rew_mean          | 32.2        |
| time/                   |             |
|    fps                  | 192         |
|    iterations           | 78          |
|    time_elapsed         | 3315        |
|    total_timesteps      | 638976      |
| train/                  |             |
|    approx_kl            | 0.009864391 |
|    clip_fraction        | 0.113       |
|    clip_range           | 0.2         |
|    entropy_loss         | -0.579      |
|    explained_variance   | 0.955       |
|    learning_rate        | 0.0003      |
|    loss                 | 0.0589      |
|    n_updates            | 770         |
|    policy_gradient_loss | -0.00118    |
|    std                  | 0.431       |
|    value_loss           | 0.121       |
-----------------------------------------
-----------------------------------------
| rollout/                |             |
|    ep_len_mean          | 172         |
|    ep_rew_mean          | 31.3        |
| time/                   |             |
|    fps                  | 192         |
|    iterations           | 79          |
|    time_elapsed         | 3355        |
|    total_timesteps      | 647168      |
| train/                  |             |
|    approx_kl            | 0.011801995 |
|    clip_fraction        | 0.107       |
|    clip_range           | 0.2         |
|    entropy_loss         | -0.575      |
|    explained_variance   | 0.81        |
|    learning_rate        | 0.0003      |
|    loss                 | 0.102       |
|    n_updates            | 780         |
|    policy_gradient_loss | 0.00155     |
|    std                  | 0.428       |
|    value_loss           | 0.627       |
-----------------------------------------
-----------------------------------------
| rollout/                |             |
|    ep_len_mean          | 172         |
|    ep_rew_mean          | 31.1        |
| time/                   |             |
|    fps                  | 193         |
|    iterations           | 80          |
|    time_elapsed         | 3395        |
|    total_timesteps      | 655360      |
| train/                  |             |
|    approx_kl            | 0.010940196 |
|    clip_fraction        | 0.119       |
|    clip_range           | 0.2         |
|    entropy_loss         | -0.569      |
|    explained_variance   | 0.81        |
|    learning_rate        | 0.0003      |
|    loss                 | 0.117       |
|    n_updates            | 790         |
|    policy_gradient_loss | 0.00321     |
|    std                  | 0.424       |
|    value_loss           | 0.831       |
-----------------------------------------
-----------------------------------------
| rollout/                |             |
|    ep_len_mean          | 171         |
|    ep_rew_mean          | 30.9        |
| time/                   |             |
|    fps                  | 193         |
|    iterations           | 81          |
|    time_elapsed         | 3435        |
|    total_timesteps      | 663552      |
| train/                  |             |
|    approx_kl            | 0.008023353 |
|    clip_fraction        | 0.0923      |
|    clip_range           | 0.2         |
|    entropy_loss         | -0.575      |
|    explained_variance   | 0.827       |
|    learning_rate        | 0.0003      |
|    loss                 | 0.0646      |
|    n_updates            | 800         |
|    policy_gradient_loss | 0.00182     |
|    std                  | 0.432       |
|    value_loss           | 0.239       |
-----------------------------------------
-----------------------------------------
| rollout/                |             |
|    ep_len_mean          | 167         |
|    ep_rew_mean          | 30.2        |
| time/                   |             |
|    fps                  | 193         |
|    iterations           | 82          |
|    time_elapsed         | 3475        |
|    total_timesteps      | 671744      |
| train/                  |             |
|    approx_kl            | 0.011472357 |
|    clip_fraction        | 0.132       |
|    clip_range           | 0.2         |
|    entropy_loss         | -0.573      |
|    explained_variance   | 0.574       |
|    learning_rate        | 0.0003      |
|    loss                 | 0.51        |
|    n_updates            | 810         |
|    policy_gradient_loss | 0.00407     |
|    std                  | 0.425       |
|    value_loss           | 1.9         |
-----------------------------------------
-----------------------------------------
| rollout/                |             |
|    ep_len_mean          | 170         |
|    ep_rew_mean          | 30.7        |
| time/                   |             |
|    fps                  | 193         |
|    iterations           | 83          |
|    time_elapsed         | 3515        |
|    total_timesteps      | 679936      |
| train/                  |             |
|    approx_kl            | 0.008678721 |
|    clip_fraction        | 0.127       |
|    clip_range           | 0.2         |
|    entropy_loss         | -0.566      |
|    explained_variance   | 0.675       |
|    learning_rate        | 0.0003      |
|    loss                 | 0.199       |
|    n_updates            | 820         |
|    policy_gradient_loss | 0.00362     |
|    std                  | 0.429       |
|    value_loss           | 1.66        |
-----------------------------------------
-----------------------------------------
| rollout/                |             |
|    ep_len_mean          | 174         |
|    ep_rew_mean          | 31.7        |
| time/                   |             |
|    fps                  | 193         |
|    iterations           | 84          |
|    time_elapsed         | 3555        |
|    total_timesteps      | 688128      |
| train/                  |             |
|    approx_kl            | 0.011076499 |
|    clip_fraction        | 0.146       |
|    clip_range           | 0.2         |
|    entropy_loss         | -0.56       |
|    explained_variance   | 0.557       |
|    learning_rate        | 0.0003      |
|    loss                 | 1.7         |
|    n_updates            | 830         |
|    policy_gradient_loss | 0.000378    |
|    std                  | 0.422       |
|    value_loss           | 1.86        |
-----------------------------------------
-----------------------------------------
| rollout/                |             |
|    ep_len_mean          | 169         |
|    ep_rew_mean          | 30.6        |
| time/                   |             |
|    fps                  | 193         |
|    iterations           | 85          |
|    time_elapsed         | 3594        |
|    total_timesteps      | 696320      |
| train/                  |             |
|    approx_kl            | 0.008073367 |
|    clip_fraction        | 0.103       |
|    clip_range           | 0.2         |
|    entropy_loss         | -0.539      |
|    explained_variance   | 0.766       |
|    learning_rate        | 0.0003      |
|    loss                 | 0.0715      |
|    n_updates            | 840         |
|    policy_gradient_loss | 0.00224     |
|    std                  | 0.414       |
|    value_loss           | 0.247       |
-----------------------------------------
-----------------------------------------
| rollout/                |             |
|    ep_len_mean          | 166         |
|    ep_rew_mean          | 30.2        |
| time/                   |             |
|    fps                  | 193         |
|    iterations           | 86          |
|    time_elapsed         | 3636        |
|    total_timesteps      | 704512      |
| train/                  |             |
|    approx_kl            | 0.009399476 |
|    clip_fraction        | 0.111       |
|    clip_range           | 0.2         |
|    entropy_loss         | -0.542      |
|    explained_variance   | 0.493       |
|    learning_rate        | 0.0003      |
|    loss                 | 2.38        |
|    n_updates            | 850         |
|    policy_gradient_loss | 0.00235     |
|    std                  | 0.419       |
|    value_loss           | 2.46        |
-----------------------------------------
-----------------------------------------
| rollout/                |             |
|    ep_len_mean          | 171         |
|    ep_rew_mean          | 31          |
| time/                   |             |
|    fps                  | 193         |
|    iterations           | 87          |
|    time_elapsed         | 3679        |
|    total_timesteps      | 712704      |
| train/                  |             |
|    approx_kl            | 0.013677329 |
|    clip_fraction        | 0.129       |
|    clip_range           | 0.2         |
|    entropy_loss         | -0.558      |
|    explained_variance   | 0.679       |
|    learning_rate        | 0.0003      |
|    loss                 | 0.226       |
|    n_updates            | 860         |
|    policy_gradient_loss | 0.00234     |
|    std                  | 0.423       |
|    value_loss           | 1.71        |
-----------------------------------------
-----------------------------------------
| rollout/                |             |
|    ep_len_mean          | 173         |
|    ep_rew_mean          | 31.2        |
| time/                   |             |
|    fps                  | 193         |
|    iterations           | 88          |
|    time_elapsed         | 3721        |
|    total_timesteps      | 720896      |
| train/                  |             |
|    approx_kl            | 0.008784416 |
|    clip_fraction        | 0.0992      |
|    clip_range           | 0.2         |
|    entropy_loss         | -0.537      |
|    explained_variance   | 0.941       |
|    learning_rate        | 0.0003      |
|    loss                 | 0.0667      |
|    n_updates            | 870         |
|    policy_gradient_loss | 0.00133     |
|    std                  | 0.411       |
|    value_loss           | 0.148       |
-----------------------------------------
-----------------------------------------
| rollout/                |             |
|    ep_len_mean          | 174         |
|    ep_rew_mean          | 31.3        |
| time/                   |             |
|    fps                  | 193         |
|    iterations           | 89          |
|    time_elapsed         | 3765        |
|    total_timesteps      | 729088      |
| train/                  |             |
|    approx_kl            | 0.012561912 |
|    clip_fraction        | 0.122       |
|    clip_range           | 0.2         |
|    entropy_loss         | -0.518      |
|    explained_variance   | 0.678       |
|    learning_rate        | 0.0003      |
|    loss                 | 2.1         |
|    n_updates            | 880         |
|    policy_gradient_loss | 0.0029      |
|    std                  | 0.405       |
|    value_loss           | 1.12        |
-----------------------------------------
-----------------------------------------
| rollout/                |             |
|    ep_len_mean          | 174         |
|    ep_rew_mean          | 31.8        |
| time/                   |             |
|    fps                  | 193         |
|    iterations           | 90          |
|    time_elapsed         | 3808        |
|    total_timesteps      | 737280      |
| train/                  |             |
|    approx_kl            | 0.013518577 |
|    clip_fraction        | 0.13        |
|    clip_range           | 0.2         |
|    entropy_loss         | -0.5        |
|    explained_variance   | 0.705       |
|    learning_rate        | 0.0003      |
|    loss                 | 0.149       |
|    n_updates            | 890         |
|    policy_gradient_loss | 0.00174     |
|    std                  | 0.398       |
|    value_loss           | 0.866       |
-----------------------------------------
-----------------------------------------
| rollout/                |             |
|    ep_len_mean          | 175         |
|    ep_rew_mean          | 31.7        |
| time/                   |             |
|    fps                  | 193         |
|    iterations           | 91          |
|    time_elapsed         | 3852        |
|    total_timesteps      | 745472      |
| train/                  |             |
|    approx_kl            | 0.013744766 |
|    clip_fraction        | 0.133       |
|    clip_range           | 0.2         |
|    entropy_loss         | -0.493      |
|    explained_variance   | 0.837       |
|    learning_rate        | 0.0003      |
|    loss                 | 0.0509      |
|    n_updates            | 900         |
|    policy_gradient_loss | 0.00306     |
|    std                  | 0.396       |
|    value_loss           | 0.524       |
-----------------------------------------
------------------------------------------
| rollout/                |              |
|    ep_len_mean          | 176          |
|    ep_rew_mean          | 31.6         |
| time/                   |              |
|    fps                  | 193          |
|    iterations           | 92           |
|    time_elapsed         | 3894         |
|    total_timesteps      | 753664       |
| train/                  |              |
|    approx_kl            | 0.0074514644 |
|    clip_fraction        | 0.109        |
|    clip_range           | 0.2          |
|    entropy_loss         | -0.484       |
|    explained_variance   | 0.941        |
|    learning_rate        | 0.0003       |
|    loss                 | 0.0756       |
|    n_updates            | 910          |
|    policy_gradient_loss | 0.00266      |
|    std                  | 0.391        |
|    value_loss           | 0.143        |
------------------------------------------
-----------------------------------------
| rollout/                |             |
|    ep_len_mean          | 175         |
|    ep_rew_mean          | 31.3        |
| time/                   |             |
|    fps                  | 193         |
|    iterations           | 93          |
|    time_elapsed         | 3940        |
|    total_timesteps      | 761856      |
| train/                  |             |
|    approx_kl            | 0.012489904 |
|    clip_fraction        | 0.101       |
|    clip_range           | 0.2         |
|    entropy_loss         | -0.478      |
|    explained_variance   | 0.936       |
|    learning_rate        | 0.0003      |
|    loss                 | 0.0828      |
|    n_updates            | 920         |
|    policy_gradient_loss | 0.00199     |
|    std                  | 0.391       |
|    value_loss           | 0.143       |
-----------------------------------------
------------------------------------------
| rollout/                |              |
|    ep_len_mean          | 173          |
|    ep_rew_mean          | 31.4         |
| time/                   |              |
|    fps                  | 193          |
|    iterations           | 94           |
|    time_elapsed         | 3984         |
|    total_timesteps      | 770048       |
| train/                  |              |
|    approx_kl            | 0.0074818945 |
|    clip_fraction        | 0.0909       |
|    clip_range           | 0.2          |
|    entropy_loss         | -0.475       |
|    explained_variance   | 0.804        |
|    learning_rate        | 0.0003       |
|    loss                 | 0.0828       |
|    n_updates            | 930          |
|    policy_gradient_loss | 0.00203      |
|    std                  | 0.387        |
|    value_loss           | 0.533        |
------------------------------------------
-----------------------------------------
| rollout/                |             |
|    ep_len_mean          | 172         |
|    ep_rew_mean          | 31.2        |
| time/                   |             |
|    fps                  | 193         |
|    iterations           | 95          |
|    time_elapsed         | 4026        |
|    total_timesteps      | 778240      |
| train/                  |             |
|    approx_kl            | 0.008572893 |
|    clip_fraction        | 0.108       |
|    clip_range           | 0.2         |
|    entropy_loss         | -0.458      |
|    explained_variance   | 0.844       |
|    learning_rate        | 0.0003      |
|    loss                 | 0.0644      |
|    n_updates            | 940         |
|    policy_gradient_loss | 0.00286     |
|    std                  | 0.381       |
|    value_loss           | 0.534       |
-----------------------------------------
------------------------------------------
| rollout/                |              |
|    ep_len_mean          | 173          |
|    ep_rew_mean          | 31.5         |
| time/                   |              |
|    fps                  | 193          |
|    iterations           | 96           |
|    time_elapsed         | 4070         |
|    total_timesteps      | 786432       |
| train/                  |              |
|    approx_kl            | 0.0066527054 |
|    clip_fraction        | 0.0956       |
|    clip_range           | 0.2          |
|    entropy_loss         | -0.448       |
|    explained_variance   | 0.834        |
|    learning_rate        | 0.0003       |
|    loss                 | 0.107        |
|    n_updates            | 950          |
|    policy_gradient_loss | 0.00317      |
|    std                  | 0.377        |
|    value_loss           | 0.563        |
------------------------------------------
-----------------------------------------
| rollout/                |             |
|    ep_len_mean          | 174         |
|    ep_rew_mean          | 31.3        |
| time/                   |             |
|    fps                  | 193         |
|    iterations           | 97          |
|    time_elapsed         | 4112        |
|    total_timesteps      | 794624      |
| train/                  |             |
|    approx_kl            | 0.006597664 |
|    clip_fraction        | 0.0957      |
|    clip_range           | 0.2         |
|    entropy_loss         | -0.438      |
|    explained_variance   | 0.948       |
|    learning_rate        | 0.0003      |
|    loss                 | 0.0529      |
|    n_updates            | 960         |
|    policy_gradient_loss | 0.00271     |
|    std                  | 0.374       |
|    value_loss           | 0.131       |
-----------------------------------------
-----------------------------------------
| rollout/                |             |
|    ep_len_mean          | 175         |
|    ep_rew_mean          | 31.2        |
| time/                   |             |
|    fps                  | 193         |
|    iterations           | 98          |
|    time_elapsed         | 4155        |
|    total_timesteps      | 802816      |
| train/                  |             |
|    approx_kl            | 0.008672092 |
|    clip_fraction        | 0.102       |
|    clip_range           | 0.2         |
|    entropy_loss         | -0.434      |
|    explained_variance   | 0.845       |
|    learning_rate        | 0.0003      |
|    loss                 | 1.63        |
|    n_updates            | 970         |
|    policy_gradient_loss | 0.000393    |
|    std                  | 0.374       |
|    value_loss           | 0.367       |
-----------------------------------------
-----------------------------------------
| rollout/                |             |
|    ep_len_mean          | 176         |
|    ep_rew_mean          | 31.6        |
| time/                   |             |
|    fps                  | 193         |
|    iterations           | 99          |
|    time_elapsed         | 4199        |
|    total_timesteps      | 811008      |
| train/                  |             |
|    approx_kl            | 0.011417601 |
|    clip_fraction        | 0.109       |
|    clip_range           | 0.2         |
|    entropy_loss         | -0.439      |
|    explained_variance   | 0.896       |
|    learning_rate        | 0.0003      |
|    loss                 | 0.0258      |
|    n_updates            | 980         |
|    policy_gradient_loss | 0.00142     |
|    std                  | 0.376       |
|    value_loss           | 0.158       |
-----------------------------------------
-----------------------------------------
| rollout/                |             |
|    ep_len_mean          | 176         |
|    ep_rew_mean          | 32          |
| time/                   |             |
|    fps                  | 193         |
|    iterations           | 100         |
|    time_elapsed         | 4241        |
|    total_timesteps      | 819200      |
| train/                  |             |
|    approx_kl            | 0.007652539 |
|    clip_fraction        | 0.102       |
|    clip_range           | 0.2         |
|    entropy_loss         | -0.436      |
|    explained_variance   | 0.949       |
|    learning_rate        | 0.0003      |
|    loss                 | 0.0802      |
|    n_updates            | 990         |
|    policy_gradient_loss | 0.0012      |
|    std                  | 0.372       |
|    value_loss           | 0.14        |
-----------------------------------------
-----------------------------------------
| rollout/                |             |
|    ep_len_mean          | 174         |
|    ep_rew_mean          | 31.7        |
| time/                   |             |
|    fps                  | 193         |
|    iterations           | 101         |
|    time_elapsed         | 4284        |
|    total_timesteps      | 827392      |
| train/                  |             |
|    approx_kl            | 0.006428331 |
|    clip_fraction        | 0.102       |
|    clip_range           | 0.2         |
|    entropy_loss         | -0.432      |
|    explained_variance   | 0.955       |
|    learning_rate        | 0.0003      |
|    loss                 | 0.062       |
|    n_updates            | 1000        |
|    policy_gradient_loss | 0.00215     |
|    std                  | 0.372       |
|    value_loss           | 0.131       |
-----------------------------------------
-----------------------------------------
| rollout/                |             |
|    ep_len_mean          | 172         |
|    ep_rew_mean          | 31.3        |
| time/                   |             |
|    fps                  | 193         |
|    iterations           | 102         |
|    time_elapsed         | 4327        |
|    total_timesteps      | 835584      |
| train/                  |             |
|    approx_kl            | 0.008081449 |
|    clip_fraction        | 0.0964      |
|    clip_range           | 0.2         |
|    entropy_loss         | -0.42       |
|    explained_variance   | 0.705       |
|    learning_rate        | 0.0003      |
|    loss                 | 0.0593      |
|    n_updates            | 1010        |
|    policy_gradient_loss | 0.00265     |
|    std                  | 0.365       |
|    value_loss           | 1           |
-----------------------------------------
------------------------------------------
| rollout/                |              |
|    ep_len_mean          | 174          |
|    ep_rew_mean          | 31.5         |
| time/                   |              |
|    fps                  | 193          |
|    iterations           | 103          |
|    time_elapsed         | 4369         |
|    total_timesteps      | 843776       |
| train/                  |              |
|    approx_kl            | 0.0077725695 |
|    clip_fraction        | 0.123        |
|    clip_range           | 0.2          |
|    entropy_loss         | -0.404       |
|    explained_variance   | 0.705        |
|    learning_rate        | 0.0003       |
|    loss                 | 0.103        |
|    n_updates            | 1020         |
|    policy_gradient_loss | 0.00278      |
|    std                  | 0.362        |
|    value_loss           | 1.44         |
------------------------------------------
-----------------------------------------
| rollout/                |             |
|    ep_len_mean          | 174         |
|    ep_rew_mean          | 31          |
| time/                   |             |
|    fps                  | 193         |
|    iterations           | 104         |
|    time_elapsed         | 4412        |
|    total_timesteps      | 851968      |
| train/                  |             |
|    approx_kl            | 0.008766325 |
|    clip_fraction        | 0.11        |
|    clip_range           | 0.2         |
|    entropy_loss         | -0.394      |
|    explained_variance   | 0.917       |
|    learning_rate        | 0.0003      |
|    loss                 | 0.0965      |
|    n_updates            | 1030        |
|    policy_gradient_loss | 0.00308     |
|    std                  | 0.357       |
|    value_loss           | 0.216       |
-----------------------------------------
-----------------------------------------
| rollout/                |             |
|    ep_len_mean          | 176         |
|    ep_rew_mean          | 31.4        |
| time/                   |             |
|    fps                  | 193         |
|    iterations           | 105         |
|    time_elapsed         | 4456        |
|    total_timesteps      | 860160      |
| train/                  |             |
|    approx_kl            | 0.008425758 |
|    clip_fraction        | 0.106       |
|    clip_range           | 0.2         |
|    entropy_loss         | -0.378      |
|    explained_variance   | 0.93        |
|    learning_rate        | 0.0003      |
|    loss                 | 0.147       |
|    n_updates            | 1040        |
|    policy_gradient_loss | 0.00244     |
|    std                  | 0.351       |
|    value_loss           | 0.197       |
-----------------------------------------
-----------------------------------------
| rollout/                |             |
|    ep_len_mean          | 176         |
|    ep_rew_mean          | 31.4        |
| time/                   |             |
|    fps                  | 192         |
|    iterations           | 106         |
|    time_elapsed         | 4499        |
|    total_timesteps      | 868352      |
| train/                  |             |
|    approx_kl            | 0.010079416 |
|    clip_fraction        | 0.114       |
|    clip_range           | 0.2         |
|    entropy_loss         | -0.362      |
|    explained_variance   | 0.934       |
|    learning_rate        | 0.0003      |
|    loss                 | 0.0808      |
|    n_updates            | 1050        |
|    policy_gradient_loss | 0.00288     |
|    std                  | 0.346       |
|    value_loss           | 0.163       |
-----------------------------------------
-----------------------------------------
| rollout/                |             |
|    ep_len_mean          | 175         |
|    ep_rew_mean          | 31.2        |
| time/                   |             |
|    fps                  | 192         |
|    iterations           | 107         |
|    time_elapsed         | 4544        |
|    total_timesteps      | 876544      |
| train/                  |             |
|    approx_kl            | 0.010055259 |
|    clip_fraction        | 0.109       |
|    clip_range           | 0.2         |
|    entropy_loss         | -0.363      |
|    explained_variance   | 0.912       |
|    learning_rate        | 0.0003      |
|    loss                 | 0.0698      |
|    n_updates            | 1060        |
|    policy_gradient_loss | 0.0014      |
|    std                  | 0.349       |
|    value_loss           | 0.174       |
-----------------------------------------
------------------------------------------
| rollout/                |              |
|    ep_len_mean          | 173          |
|    ep_rew_mean          | 31           |
| time/                   |              |
|    fps                  | 192          |
|    iterations           | 108          |
|    time_elapsed         | 4586         |
|    total_timesteps      | 884736       |
| train/                  |              |
|    approx_kl            | 0.0088526625 |
|    clip_fraction        | 0.127        |
|    clip_range           | 0.2          |
|    entropy_loss         | -0.362       |
|    explained_variance   | 0.781        |
|    learning_rate        | 0.0003       |
|    loss                 | 0.144        |
|    n_updates            | 1070         |
|    policy_gradient_loss | 0.00297      |
|    std                  | 0.346        |
|    value_loss           | 0.728        |
------------------------------------------
-----------------------------------------
| rollout/                |             |
|    ep_len_mean          | 171         |
|    ep_rew_mean          | 30.6        |
| time/                   |             |
|    fps                  | 192         |
|    iterations           | 109         |
|    time_elapsed         | 4629        |
|    total_timesteps      | 892928      |
| train/                  |             |
|    approx_kl            | 0.010621505 |
|    clip_fraction        | 0.138       |
|    clip_range           | 0.2         |
|    entropy_loss         | -0.349      |
|    explained_variance   | 0.787       |
|    learning_rate        | 0.0003      |
|    loss                 | 0.155       |
|    n_updates            | 1080        |
|    policy_gradient_loss | 0.00349     |
|    std                  | 0.343       |
|    value_loss           | 0.725       |
-----------------------------------------
-----------------------------------------
| rollout/                |             |
|    ep_len_mean          | 173         |
|    ep_rew_mean          | 31.5        |
| time/                   |             |
|    fps                  | 192         |
|    iterations           | 110         |
|    time_elapsed         | 4672        |
|    total_timesteps      | 901120      |
| train/                  |             |
|    approx_kl            | 0.016971175 |
|    clip_fraction        | 0.182       |
|    clip_range           | 0.2         |
|    entropy_loss         | -0.354      |
|    explained_variance   | 0.434       |
|    learning_rate        | 0.0003      |
|    loss                 | 3.18        |
|    n_updates            | 1090        |
|    policy_gradient_loss | 0.00334     |
|    std                  | 0.347       |
|    value_loss           | 3.76        |
-----------------------------------------
------------------------------------------
| rollout/                |              |
|    ep_len_mean          | 176          |
|    ep_rew_mean          | 32.5         |
| time/                   |              |
|    fps                  | 192          |
|    iterations           | 111          |
|    time_elapsed         | 4717         |
|    total_timesteps      | 909312       |
| train/                  |              |
|    approx_kl            | 0.0112615805 |
|    clip_fraction        | 0.129        |
|    clip_range           | 0.2          |
|    entropy_loss         | -0.351       |
|    explained_variance   | 0.763        |
|    learning_rate        | 0.0003       |
|    loss                 | 0.2          |
|    n_updates            | 1100         |
|    policy_gradient_loss | 0.00296      |
|    std                  | 0.341        |
|    value_loss           | 0.281        |
------------------------------------------
-----------------------------------------
| rollout/                |             |
|    ep_len_mean          | 176         |
|    ep_rew_mean          | 32.8        |
| time/                   |             |
|    fps                  | 192         |
|    iterations           | 112         |
|    time_elapsed         | 4760        |
|    total_timesteps      | 917504      |
| train/                  |             |
|    approx_kl            | 0.011028011 |
|    clip_fraction        | 0.108       |
|    clip_range           | 0.2         |
|    entropy_loss         | -0.35       |
|    explained_variance   | 0.932       |
|    learning_rate        | 0.0003      |
|    loss                 | 0.0646      |
|    n_updates            | 1110        |
|    policy_gradient_loss | 0.00211     |
|    std                  | 0.343       |
|    value_loss           | 0.147       |
-----------------------------------------
------------------------------------------
| rollout/                |              |
|    ep_len_mean          | 175          |
|    ep_rew_mean          | 32.2         |
| time/                   |              |
|    fps                  | 192          |
|    iterations           | 113          |
|    time_elapsed         | 4802         |
|    total_timesteps      | 925696       |
| train/                  |              |
|    approx_kl            | 0.0146295475 |
|    clip_fraction        | 0.11         |
|    clip_range           | 0.2          |
|    entropy_loss         | -0.346       |
|    explained_variance   | 0.931        |
|    learning_rate        | 0.0003       |
|    loss                 | 0.0758       |
|    n_updates            | 1120         |
|    policy_gradient_loss | 0.00109      |
|    std                  | 0.342        |
|    value_loss           | 0.175        |
------------------------------------------
------------------------------------------
| rollout/                |              |
|    ep_len_mean          | 175          |
|    ep_rew_mean          | 31.6         |
| time/                   |              |
|    fps                  | 192          |
|    iterations           | 114          |
|    time_elapsed         | 4844         |
|    total_timesteps      | 933888       |
| train/                  |              |
|    approx_kl            | 0.0073683257 |
|    clip_fraction        | 0.118        |
|    clip_range           | 0.2          |
|    entropy_loss         | -0.344       |
|    explained_variance   | 0.671        |
|    learning_rate        | 0.0003       |
|    loss                 | 0.0862       |
|    n_updates            | 1130         |
|    policy_gradient_loss | 0.00247      |
|    std                  | 0.341        |
|    value_loss           | 0.738        |
------------------------------------------
----------------------------------------
| rollout/                |            |
|    ep_len_mean          | 176        |
|    ep_rew_mean          | 32.2       |
| time/                   |            |
|    fps                  | 192        |
|    iterations           | 115        |
|    time_elapsed         | 4888       |
|    total_timesteps      | 942080     |
| train/                  |            |
|    approx_kl            | 0.00860407 |
|    clip_fraction        | 0.113      |
|    clip_range           | 0.2        |
|    entropy_loss         | -0.334     |
|    explained_variance   | 0.893      |
|    learning_rate        | 0.0003     |
|    loss                 | 0.114      |
|    n_updates            | 1140       |
|    policy_gradient_loss | 0.00287    |
|    std                  | 0.337      |
|    value_loss           | 0.264      |
----------------------------------------
-----------------------------------------
| rollout/                |             |
|    ep_len_mean          | 176         |
|    ep_rew_mean          | 32.2        |
| time/                   |             |
|    fps                  | 192         |
|    iterations           | 116         |
|    time_elapsed         | 4929        |
|    total_timesteps      | 950272      |
| train/                  |             |
|    approx_kl            | 0.010753636 |
|    clip_fraction        | 0.108       |
|    clip_range           | 0.2         |
|    entropy_loss         | -0.339      |
|    explained_variance   | 0.902       |
|    learning_rate        | 0.0003      |
|    loss                 | 0.187       |
|    n_updates            | 1150        |
|    policy_gradient_loss | 0.00363     |
|    std                  | 0.341       |
|    value_loss           | 0.235       |
-----------------------------------------
------------------------------------------
| rollout/                |              |
|    ep_len_mean          | 176          |
|    ep_rew_mean          | 31.7         |
| time/                   |              |
|    fps                  | 192          |
|    iterations           | 117          |
|    time_elapsed         | 4973         |
|    total_timesteps      | 958464       |
| train/                  |              |
|    approx_kl            | 0.0076061487 |
|    clip_fraction        | 0.0909       |
|    clip_range           | 0.2          |
|    entropy_loss         | -0.348       |
|    explained_variance   | 0.899        |
|    learning_rate        | 0.0003       |
|    loss                 | 0.14         |
|    n_updates            | 1160         |
|    policy_gradient_loss | 0.00166      |
|    std                  | 0.342        |
|    value_loss           | 0.227        |
------------------------------------------
-----------------------------------------
| rollout/                |             |
|    ep_len_mean          | 176         |
|    ep_rew_mean          | 31.9        |
| time/                   |             |
|    fps                  | 192         |
|    iterations           | 118         |
|    time_elapsed         | 5015        |
|    total_timesteps      | 966656      |
| train/                  |             |
|    approx_kl            | 0.007889699 |
|    clip_fraction        | 0.103       |
|    clip_range           | 0.2         |
|    entropy_loss         | -0.34       |
|    explained_variance   | 0.921       |
|    learning_rate        | 0.0003      |
|    loss                 | 0.114       |
|    n_updates            | 1170        |
|    policy_gradient_loss | 0.00325     |
|    std                  | 0.338       |
|    value_loss           | 0.192       |
-----------------------------------------
------------------------------------------
| rollout/                |              |
|    ep_len_mean          | 176          |
|    ep_rew_mean          | 32.3         |
| time/                   |              |
|    fps                  | 192          |
|    iterations           | 119          |
|    time_elapsed         | 5060         |
|    total_timesteps      | 974848       |
| train/                  |              |
|    approx_kl            | 0.0077701206 |
|    clip_fraction        | 0.102        |
|    clip_range           | 0.2          |
|    entropy_loss         | -0.336       |
|    explained_variance   | 0.935        |
|    learning_rate        | 0.0003       |
|    loss                 | 0.0418       |
|    n_updates            | 1180         |
|    policy_gradient_loss | 0.00214      |
|    std                  | 0.339        |
|    value_loss           | 0.186        |
------------------------------------------
----------------------------------------
| rollout/                |            |
|    ep_len_mean          | 175        |
|    ep_rew_mean          | 30.1       |
| time/                   |            |
|    fps                  | 192        |
|    iterations           | 120        |
|    time_elapsed         | 5105       |
|    total_timesteps      | 983040     |
| train/                  |            |
|    approx_kl            | 0.00919283 |
|    clip_fraction        | 0.0893     |
|    clip_range           | 0.2        |
|    entropy_loss         | -0.334     |
|    explained_variance   | 0.862      |
|    learning_rate        | 0.0003     |
|    loss                 | 0.0797     |
|    n_updates            | 1190       |
|    policy_gradient_loss | 0.00255    |
|    std                  | 0.337      |
|    value_loss           | 0.181      |
----------------------------------------
-----------------------------------------
| rollout/                |             |
|    ep_len_mean          | 173         |
|    ep_rew_mean          | 29.4        |
| time/                   |             |
|    fps                  | 192         |
|    iterations           | 121         |
|    time_elapsed         | 5147        |
|    total_timesteps      | 991232      |
| train/                  |             |
|    approx_kl            | 0.012510266 |
|    clip_fraction        | 0.12        |
|    clip_range           | 0.2         |
|    entropy_loss         | -0.34       |
|    explained_variance   | 0.363       |
|    learning_rate        | 0.0003      |
|    loss                 | 3.84        |
|    n_updates            | 1200        |
|    policy_gradient_loss | 0.00549     |
|    std                  | 0.343       |
|    value_loss           | 1.86        |
-----------------------------------------
-----------------------------------------
| rollout/                |             |
|    ep_len_mean          | 173         |
|    ep_rew_mean          | 31.4        |
| time/                   |             |
|    fps                  | 192         |
|    iterations           | 122         |
|    time_elapsed         | 5190        |
|    total_timesteps      | 999424      |
| train/                  |             |
|    approx_kl            | 0.011278218 |
|    clip_fraction        | 0.129       |
|    clip_range           | 0.2         |
|    entropy_loss         | -0.356      |
|    explained_variance   | 0.676       |
|    learning_rate        | 0.0003      |
|    loss                 | 1.53        |
|    n_updates            | 1210        |
|    policy_gradient_loss | 0.00222     |
|    std                  | 0.347       |
|    value_loss           | 1.33        |
-----------------------------------------
-----------------------------------------
| rollout/                |             |
|    ep_len_mean          | 174         |
|    ep_rew_mean          | 32          |
| time/                   |             |
|    fps                  | 192         |
|    iterations           | 123         |
|    time_elapsed         | 5232        |
|    total_timesteps      | 1007616     |
| train/                  |             |
|    approx_kl            | 0.011300393 |
|    clip_fraction        | 0.108       |
|    clip_range           | 0.2         |
|    entropy_loss         | -0.355      |
|    explained_variance   | 0.641       |
|    learning_rate        | 0.0003      |
|    loss                 | 0.454       |
|    n_updates            | 1220        |
|    policy_gradient_loss | 0.000271    |
|    std                  | 0.343       |
|    value_loss           | 1.81        |
-----------------------------------------


###############################################################################
TCHPC Cluster: callan
Job 171102 (deepsets_cf_obs15_stopgo_seed1_v12) for User 'hadjitot' in Account 'callan_hadjitot'
Finished at: Sat Mar 28 09:36:10 GMT 2026

Job efficiency estimates:
=========================

Job ID: 171102
Cluster: callan
User/Group: hadjitot/hadjitot
State: COMPLETED (exit code 0)
Nodes: 1
Cores per node: 16
CPU Utilized: 04:46:34
CPU Efficiency: 20.36% of 23:27:44 core-walltime
Job Wall-clock time: 01:27:59
Memory Utilized: 1.86 GB
Memory Efficiency: 5.80% of 32.00 GB (32.00 GB/node)

Job completion status:
======================

JobID           JobName AllocCPUS NTasks NNodes     MaxRSS    MaxRSSNode  MaxDiskRead MaxDiskWrite    Elapsed      State ExitCode 
------------ ---------- --------- ------ ------ ---------- ------------- ------------ ------------ ---------- ---------- -------- 
171102       deepsets_+        16             1                                                      01:27:59  COMPLETED      0:0 
171102.batch      batch        16      1      1   1945672K    callan-n09     1224.77M     1030.22M   01:27:59  COMPLETED      0:0 
171102.exte+     extern        16      1      1                                                      01:27:59  COMPLETED      0:0 


Job details:
============

JobId=171102 JobName=deepsets_cf_obs15_stopgo_seed1_v12
   UserId=hadjitot(2357) GroupId=hadjitot(2300) MCS_label=N/A
   Priority=109748 Nice=0 Account=callan_hadjitot QOS=normal
   JobState=COMPLETING Reason=None Dependency=(null)
   Requeue=0 Restarts=0 BatchFlag=1 Reboot=0 ExitCode=0:0
   DerivedExitCode=0:0
   RunTime=01:27:59 TimeLimit=2-00:00:00 TimeMin=N/A
   SubmitTime=2026-03-27T20:37:56 EligibleTime=2026-03-27T20:37:56
   AccrueTime=2026-03-27T20:37:56
   StartTime=2026-03-28T08:08:11 EndTime=2026-03-28T09:36:10 Deadline=N/A
   SuspendTime=None SecsPreSuspend=0 LastSchedEval=2026-03-28T08:08:11 Scheduler=Backfill
   Partition=compute AllocNode:Sid=callan01:1076092
   ReqNodeList=(null) ExcNodeList=(null)
   NodeList=callan-n09
   BatchHost=callan-n09
   NumNodes=1 NumCPUs=16 NumTasks=1 CPUs/Task=16 ReqB:S:C:T=0:0:*:*
   ReqTRES=cpu=16,mem=32G,node=1,billing=16
   AllocTRES=cpu=16,mem=32G,node=1,billing=16
   Socks/Node=* NtasksPerN:B:S:C=0:0:*:* CoreSpec=*
   JOB_GRES=(null)
     Nodes=callan-n09 CPU_IDs=0-1,10-13,27-31,40-44 Mem=32768 GRES=
   MinCPUsNode=16 MinMemoryNode=32G MinTmpDiskNode=0
   Features=(null) DelayBoot=00:00:00
   OverSubscribe=OK Contiguous=0 Licenses=(null) LicensesAlloc=(null) Network=(null)
   Command=/home/users/hadjitot/fyp/HighwayEnv/slurm/train_deepsets.sbatch
   WorkDir=/home/users/hadjitot/fyp/HighwayEnv
   StdErr=/home/users/hadjitot/fyp/HighwayEnv/slurm_out/deepsets_cf_obs15_stopgo_seed1_v12_171102.err
   StdIn=/dev/null
   StdOut=/home/users/hadjitot/fyp/HighwayEnv/slurm_out/deepsets_cf_obs15_stopgo_seed1_v12_171102.out
   TresPerTask=cpu=16
   


Disk quota details:
===================

                         Block Limits                                    |                     File Limits
Name       type             MB      quota      limit   in_doubt    grace |    files   quota    limit in_doubt    grace
root       USR         4970592          0          0       1572     none |   397991       0        0      664     none
root       FILESET     5170983          0          0       4364     none |  9900935       0        0     1433     none


SLURM Bank Statement:
=====================

User           Usage |        Account     Usage | Account Limit Available (CPU hrs)
---------- --------- + -------------- --------- + ------------- ---------
hadjitot      12,232 | CALLAN_HADJITOT    12,232 |       300,000   287,768


Acknowledgements:
=================

Note that usage of TCHPC Resources *must* be acknowledged in all publications.

Please see this page for details relevant to this cluster:

http://www.tchpc.tcd.ie/resources/acknowledgementpolicy

################################################################################
