Loading Anaconda 3 2024.02-1
SCENARIO_NAME=highway_lanechange_dense_obs20
EXP_VERSION=v12
TOTAL_TIMESTEPS=1000000
N_ENVS=4
DEEPSETS_HIDDEN=64
ppo_deepsets_highway_lanechange_dense_obs20_v12_seed2 obs shape: (20, 5) action space: Box(-1.0, 1.0, (2,), float32)
Using cpu device
Logging to runs/tb/ppo_deepsets_highway_lanechange_dense_obs20_v12_seed2_1
---------------------------------
| rollout/           |          |
|    ep_len_mean     | 5.14     |
|    ep_rew_mean     | -1.23    |
|    success_rate    | 0        |
| time/              |          |
|    fps             | 71       |
|    iterations      | 1        |
|    time_elapsed    | 114      |
|    total_timesteps | 8192     |
---------------------------------
-----------------------------------------
| rollout/                |             |
|    ep_len_mean          | 4.24        |
|    ep_rew_mean          | -0.264      |
|    success_rate         | 0           |
| time/                   |             |
|    fps                  | 69          |
|    iterations           | 2           |
|    time_elapsed         | 236         |
|    total_timesteps      | 16384       |
| train/                  |             |
|    approx_kl            | 0.014592474 |
|    clip_fraction        | 0.191       |
|    clip_range           | 0.2         |
|    entropy_loss         | -2.83       |
|    explained_variance   | 0.0108      |
|    learning_rate        | 0.0003      |
|    loss                 | 5.69        |
|    n_updates            | 10          |
|    policy_gradient_loss | -0.0223     |
|    std                  | 1           |
|    value_loss           | 13.7        |
-----------------------------------------
-----------------------------------------
| rollout/                |             |
|    ep_len_mean          | 4.39        |
|    ep_rew_mean          | 0.369       |
|    success_rate         | 0           |
| time/                   |             |
|    fps                  | 68          |
|    iterations           | 3           |
|    time_elapsed         | 358         |
|    total_timesteps      | 24576       |
| train/                  |             |
|    approx_kl            | 0.016193049 |
|    clip_fraction        | 0.239       |
|    clip_range           | 0.2         |
|    entropy_loss         | -2.83       |
|    explained_variance   | 0.145       |
|    learning_rate        | 0.0003      |
|    loss                 | 5.28        |
|    n_updates            | 20          |
|    policy_gradient_loss | -0.0261     |
|    std                  | 0.994       |
|    value_loss           | 11          |
-----------------------------------------
-----------------------------------------
| rollout/                |             |
|    ep_len_mean          | 4.31        |
|    ep_rew_mean          | 0.804       |
|    success_rate         | 0           |
| time/                   |             |
|    fps                  | 68          |
|    iterations           | 4           |
|    time_elapsed         | 476         |
|    total_timesteps      | 32768       |
| train/                  |             |
|    approx_kl            | 0.015405588 |
|    clip_fraction        | 0.179       |
|    clip_range           | 0.2         |
|    entropy_loss         | -2.79       |
|    explained_variance   | 0.153       |
|    learning_rate        | 0.0003      |
|    loss                 | 5.61        |
|    n_updates            | 30          |
|    policy_gradient_loss | -0.0188     |
|    std                  | 0.971       |
|    value_loss           | 7.51        |
-----------------------------------------
----------------------------------------
| rollout/                |            |
|    ep_len_mean          | 4.87       |
|    ep_rew_mean          | 1.41       |
|    success_rate         | 0          |
| time/                   |            |
|    fps                  | 68         |
|    iterations           | 5          |
|    time_elapsed         | 599        |
|    total_timesteps      | 40960      |
| train/                  |            |
|    approx_kl            | 0.02079562 |
|    clip_fraction        | 0.206      |
|    clip_range           | 0.2        |
|    entropy_loss         | -2.72      |
|    explained_variance   | 0.0502     |
|    learning_rate        | 0.0003     |
|    loss                 | 2.68       |
|    n_updates            | 40         |
|    policy_gradient_loss | -0.0151    |
|    std                  | 0.941      |
|    value_loss           | 4.73       |
----------------------------------------
-----------------------------------------
| rollout/                |             |
|    ep_len_mean          | 7.51        |
|    ep_rew_mean          | 1.61        |
|    success_rate         | 0           |
| time/                   |             |
|    fps                  | 68          |
|    iterations           | 6           |
|    time_elapsed         | 718         |
|    total_timesteps      | 49152       |
| train/                  |             |
|    approx_kl            | 0.040486384 |
|    clip_fraction        | 0.344       |
|    clip_range           | 0.2         |
|    entropy_loss         | -2.66       |
|    explained_variance   | 0.0721      |
|    learning_rate        | 0.0003      |
|    loss                 | 3.54        |
|    n_updates            | 50          |
|    policy_gradient_loss | -0.0243     |
|    std                  | 0.911       |
|    value_loss           | 2.91        |
-----------------------------------------
----------------------------------------
| rollout/                |            |
|    ep_len_mean          | 11.6       |
|    ep_rew_mean          | 2.73       |
|    success_rate         | 0          |
| time/                   |            |
|    fps                  | 68         |
|    iterations           | 7          |
|    time_elapsed         | 833        |
|    total_timesteps      | 57344      |
| train/                  |            |
|    approx_kl            | 0.03387787 |
|    clip_fraction        | 0.295      |
|    clip_range           | 0.2        |
|    entropy_loss         | -2.58      |
|    explained_variance   | 0.0875     |
|    learning_rate        | 0.0003     |
|    loss                 | 2.85       |
|    n_updates            | 60         |
|    policy_gradient_loss | -0.0195    |
|    std                  | 0.879      |
|    value_loss           | 4.46       |
----------------------------------------
-----------------------------------------
| rollout/                |             |
|    ep_len_mean          | 19.6        |
|    ep_rew_mean          | 5.36        |
|    success_rate         | 0.02        |
| time/                   |             |
|    fps                  | 69          |
|    iterations           | 8           |
|    time_elapsed         | 949         |
|    total_timesteps      | 65536       |
| train/                  |             |
|    approx_kl            | 0.016163006 |
|    clip_fraction        | 0.192       |
|    clip_range           | 0.2         |
|    entropy_loss         | -2.53       |
|    explained_variance   | 0.0509      |
|    learning_rate        | 0.0003      |
|    loss                 | 3.34        |
|    n_updates            | 70          |
|    policy_gradient_loss | -0.0139     |
|    std                  | 0.866       |
|    value_loss           | 7.58        |
-----------------------------------------
-----------------------------------------
| rollout/                |             |
|    ep_len_mean          | 21.1        |
|    ep_rew_mean          | 6.12        |
|    success_rate         | 0.03        |
| time/                   |             |
|    fps                  | 69          |
|    iterations           | 9           |
|    time_elapsed         | 1062        |
|    total_timesteps      | 73728       |
| train/                  |             |
|    approx_kl            | 0.015676051 |
|    clip_fraction        | 0.147       |
|    clip_range           | 0.2         |
|    entropy_loss         | -2.49       |
|    explained_variance   | 0.201       |
|    learning_rate        | 0.0003      |
|    loss                 | 5.06        |
|    n_updates            | 80          |
|    policy_gradient_loss | -0.0134     |
|    std                  | 0.847       |
|    value_loss           | 8.54        |
-----------------------------------------
----------------------------------------
| rollout/                |            |
|    ep_len_mean          | 36.8       |
|    ep_rew_mean          | 9.57       |
|    success_rate         | 0.04       |
| time/                   |            |
|    fps                  | 69         |
|    iterations           | 10         |
|    time_elapsed         | 1175       |
|    total_timesteps      | 81920      |
| train/                  |            |
|    approx_kl            | 0.01851204 |
|    clip_fraction        | 0.176      |
|    clip_range           | 0.2        |
|    entropy_loss         | -2.43      |
|    explained_variance   | 0.274      |
|    learning_rate        | 0.0003     |
|    loss                 | 2.62       |
|    n_updates            | 90         |
|    policy_gradient_loss | -0.00991   |
|    std                  | 0.83       |
|    value_loss           | 6.84       |
----------------------------------------
----------------------------------------
| rollout/                |            |
|    ep_len_mean          | 31.7       |
|    ep_rew_mean          | 9.2        |
|    success_rate         | 0.06       |
| time/                   |            |
|    fps                  | 69         |
|    iterations           | 11         |
|    time_elapsed         | 1288       |
|    total_timesteps      | 90112      |
| train/                  |            |
|    approx_kl            | 0.01279969 |
|    clip_fraction        | 0.142      |
|    clip_range           | 0.2        |
|    entropy_loss         | -2.38      |
|    explained_variance   | 0.347      |
|    learning_rate        | 0.0003     |
|    loss                 | 3.73       |
|    n_updates            | 100        |
|    policy_gradient_loss | -0.00211   |
|    std                  | 0.816      |
|    value_loss           | 10.2       |
----------------------------------------
-----------------------------------------
| rollout/                |             |
|    ep_len_mean          | 50.5        |
|    ep_rew_mean          | 11.6        |
|    success_rate         | 0.08        |
| time/                   |             |
|    fps                  | 70          |
|    iterations           | 12          |
|    time_elapsed         | 1398        |
|    total_timesteps      | 98304       |
| train/                  |             |
|    approx_kl            | 0.015520714 |
|    clip_fraction        | 0.175       |
|    clip_range           | 0.2         |
|    entropy_loss         | -2.33       |
|    explained_variance   | 0.456       |
|    learning_rate        | 0.0003      |
|    loss                 | 3.05        |
|    n_updates            | 110         |
|    policy_gradient_loss | -0.00133    |
|    std                  | 0.799       |
|    value_loss           | 10.3        |
-----------------------------------------
-----------------------------------------
| rollout/                |             |
|    ep_len_mean          | 57.8        |
|    ep_rew_mean          | 13.9        |
|    success_rate         | 0.06        |
| time/                   |             |
|    fps                  | 70          |
|    iterations           | 13          |
|    time_elapsed         | 1507        |
|    total_timesteps      | 106496      |
| train/                  |             |
|    approx_kl            | 0.016913537 |
|    clip_fraction        | 0.164       |
|    clip_range           | 0.2         |
|    entropy_loss         | -2.28       |
|    explained_variance   | 0.502       |
|    learning_rate        | 0.0003      |
|    loss                 | 6.19        |
|    n_updates            | 120         |
|    policy_gradient_loss | 0.00308     |
|    std                  | 0.782       |
|    value_loss           | 13          |
-----------------------------------------
-----------------------------------------
| rollout/                |             |
|    ep_len_mean          | 62          |
|    ep_rew_mean          | 16.9        |
|    success_rate         | 0.17        |
| time/                   |             |
|    fps                  | 70          |
|    iterations           | 14          |
|    time_elapsed         | 1616        |
|    total_timesteps      | 114688      |
| train/                  |             |
|    approx_kl            | 0.021164138 |
|    clip_fraction        | 0.196       |
|    clip_range           | 0.2         |
|    entropy_loss         | -2.25       |
|    explained_variance   | 0.572       |
|    learning_rate        | 0.0003      |
|    loss                 | 4.63        |
|    n_updates            | 130         |
|    policy_gradient_loss | 0.00757     |
|    std                  | 0.774       |
|    value_loss           | 11.4        |
-----------------------------------------
-----------------------------------------
| rollout/                |             |
|    ep_len_mean          | 73.5        |
|    ep_rew_mean          | 19          |
|    success_rate         | 0.06        |
| time/                   |             |
|    fps                  | 71          |
|    iterations           | 15          |
|    time_elapsed         | 1724        |
|    total_timesteps      | 122880      |
| train/                  |             |
|    approx_kl            | 0.021347564 |
|    clip_fraction        | 0.202       |
|    clip_range           | 0.2         |
|    entropy_loss         | -2.21       |
|    explained_variance   | 0.518       |
|    learning_rate        | 0.0003      |
|    loss                 | 5.6         |
|    n_updates            | 140         |
|    policy_gradient_loss | 0.0091      |
|    std                  | 0.766       |
|    value_loss           | 11.7        |
-----------------------------------------
----------------------------------------
| rollout/                |            |
|    ep_len_mean          | 68.3       |
|    ep_rew_mean          | 17.4       |
|    success_rate         | 0.1        |
| time/                   |            |
|    fps                  | 71         |
|    iterations           | 16         |
|    time_elapsed         | 1835       |
|    total_timesteps      | 131072     |
| train/                  |            |
|    approx_kl            | 0.02029102 |
|    clip_fraction        | 0.203      |
|    clip_range           | 0.2        |
|    entropy_loss         | -2.18      |
|    explained_variance   | 0.623      |
|    learning_rate        | 0.0003     |
|    loss                 | 3.63       |
|    n_updates            | 150        |
|    policy_gradient_loss | 0.011      |
|    std                  | 0.756      |
|    value_loss           | 11         |
----------------------------------------
-----------------------------------------
| rollout/                |             |
|    ep_len_mean          | 61.9        |
|    ep_rew_mean          | 16          |
|    success_rate         | 0.06        |
| time/                   |             |
|    fps                  | 71          |
|    iterations           | 17          |
|    time_elapsed         | 1944        |
|    total_timesteps      | 139264      |
| train/                  |             |
|    approx_kl            | 0.027742093 |
|    clip_fraction        | 0.224       |
|    clip_range           | 0.2         |
|    entropy_loss         | -2.15       |
|    explained_variance   | 0.611       |
|    learning_rate        | 0.0003      |
|    loss                 | 4.52        |
|    n_updates            | 160         |
|    policy_gradient_loss | 0.0115      |
|    std                  | 0.743       |
|    value_loss           | 14.5        |
-----------------------------------------
-----------------------------------------
| rollout/                |             |
|    ep_len_mean          | 67.6        |
|    ep_rew_mean          | 20.1        |
|    success_rate         | 0.07        |
| time/                   |             |
|    fps                  | 71          |
|    iterations           | 18          |
|    time_elapsed         | 2055        |
|    total_timesteps      | 147456      |
| train/                  |             |
|    approx_kl            | 0.022393156 |
|    clip_fraction        | 0.22        |
|    clip_range           | 0.2         |
|    entropy_loss         | -2.1        |
|    explained_variance   | 0.649       |
|    learning_rate        | 0.0003      |
|    loss                 | 6.3         |
|    n_updates            | 170         |
|    policy_gradient_loss | 0.00739     |
|    std                  | 0.727       |
|    value_loss           | 13.5        |
-----------------------------------------
-----------------------------------------
| rollout/                |             |
|    ep_len_mean          | 70.2        |
|    ep_rew_mean          | 19.2        |
|    success_rate         | 0.08        |
| time/                   |             |
|    fps                  | 71          |
|    iterations           | 19          |
|    time_elapsed         | 2165        |
|    total_timesteps      | 155648      |
| train/                  |             |
|    approx_kl            | 0.025072612 |
|    clip_fraction        | 0.234       |
|    clip_range           | 0.2         |
|    entropy_loss         | -2.06       |
|    explained_variance   | 0.696       |
|    learning_rate        | 0.0003      |
|    loss                 | 2.52        |
|    n_updates            | 180         |
|    policy_gradient_loss | 0.00902     |
|    std                  | 0.715       |
|    value_loss           | 8.27        |
-----------------------------------------
----------------------------------------
| rollout/                |            |
|    ep_len_mean          | 83.7       |
|    ep_rew_mean          | 23.3       |
|    success_rate         | 0.09       |
| time/                   |            |
|    fps                  | 71         |
|    iterations           | 20         |
|    time_elapsed         | 2275       |
|    total_timesteps      | 163840     |
| train/                  |            |
|    approx_kl            | 0.03157481 |
|    clip_fraction        | 0.271      |
|    clip_range           | 0.2        |
|    entropy_loss         | -2.02      |
|    explained_variance   | 0.686      |
|    learning_rate        | 0.0003     |
|    loss                 | 3.6        |
|    n_updates            | 190        |
|    policy_gradient_loss | 0.00748    |
|    std                  | 0.703      |
|    value_loss           | 8.63       |
----------------------------------------
-----------------------------------------
| rollout/                |             |
|    ep_len_mean          | 81          |
|    ep_rew_mean          | 23.6        |
|    success_rate         | 0.04        |
| time/                   |             |
|    fps                  | 72          |
|    iterations           | 21          |
|    time_elapsed         | 2386        |
|    total_timesteps      | 172032      |
| train/                  |             |
|    approx_kl            | 0.032417666 |
|    clip_fraction        | 0.288       |
|    clip_range           | 0.2         |
|    entropy_loss         | -1.99       |
|    explained_variance   | 0.716       |
|    learning_rate        | 0.0003      |
|    loss                 | 2.11        |
|    n_updates            | 200         |
|    policy_gradient_loss | 0.0167      |
|    std                  | 0.7         |
|    value_loss           | 6.97        |
-----------------------------------------
-----------------------------------------
| rollout/                |             |
|    ep_len_mean          | 82.3        |
|    ep_rew_mean          | 23.9        |
|    success_rate         | 0.04        |
| time/                   |             |
|    fps                  | 72          |
|    iterations           | 22          |
|    time_elapsed         | 2498        |
|    total_timesteps      | 180224      |
| train/                  |             |
|    approx_kl            | 0.036394786 |
|    clip_fraction        | 0.298       |
|    clip_range           | 0.2         |
|    entropy_loss         | -1.96       |
|    explained_variance   | 0.687       |
|    learning_rate        | 0.0003      |
|    loss                 | 2.95        |
|    n_updates            | 210         |
|    policy_gradient_loss | 0.0128      |
|    std                  | 0.686       |
|    value_loss           | 8.12        |
-----------------------------------------
-----------------------------------------
| rollout/                |             |
|    ep_len_mean          | 79.5        |
|    ep_rew_mean          | 23.8        |
|    success_rate         | 0.01        |
| time/                   |             |
|    fps                  | 72          |
|    iterations           | 23          |
|    time_elapsed         | 2608        |
|    total_timesteps      | 188416      |
| train/                  |             |
|    approx_kl            | 0.038258605 |
|    clip_fraction        | 0.309       |
|    clip_range           | 0.2         |
|    entropy_loss         | -1.92       |
|    explained_variance   | 0.728       |
|    learning_rate        | 0.0003      |
|    loss                 | 1.97        |
|    n_updates            | 220         |
|    policy_gradient_loss | 0.0179      |
|    std                  | 0.677       |
|    value_loss           | 6.21        |
-----------------------------------------
----------------------------------------
| rollout/                |            |
|    ep_len_mean          | 73         |
|    ep_rew_mean          | 22.1       |
|    success_rate         | 0.01       |
| time/                   |            |
|    fps                  | 72         |
|    iterations           | 24         |
|    time_elapsed         | 2720       |
|    total_timesteps      | 196608     |
| train/                  |            |
|    approx_kl            | 0.04520663 |
|    clip_fraction        | 0.291      |
|    clip_range           | 0.2        |
|    entropy_loss         | -1.89      |
|    explained_variance   | 0.598      |
|    learning_rate        | 0.0003     |
|    loss                 | 2.52       |
|    n_updates            | 230        |
|    policy_gradient_loss | 0.0147     |
|    std                  | 0.666      |
|    value_loss           | 9.59       |
----------------------------------------
----------------------------------------
| rollout/                |            |
|    ep_len_mean          | 97         |
|    ep_rew_mean          | 29.8       |
|    success_rate         | 0          |
| time/                   |            |
|    fps                  | 72         |
|    iterations           | 25         |
|    time_elapsed         | 2831       |
|    total_timesteps      | 204800     |
| train/                  |            |
|    approx_kl            | 0.05238828 |
|    clip_fraction        | 0.323      |
|    clip_range           | 0.2        |
|    entropy_loss         | -1.85      |
|    explained_variance   | 0.664      |
|    learning_rate        | 0.0003     |
|    loss                 | 3.75       |
|    n_updates            | 240        |
|    policy_gradient_loss | 0.0168     |
|    std                  | 0.652      |
|    value_loss           | 8.14       |
----------------------------------------
----------------------------------------
| rollout/                |            |
|    ep_len_mean          | 110        |
|    ep_rew_mean          | 32.2       |
|    success_rate         | 0          |
| time/                   |            |
|    fps                  | 72         |
|    iterations           | 26         |
|    time_elapsed         | 2942       |
|    total_timesteps      | 212992     |
| train/                  |            |
|    approx_kl            | 0.02932835 |
|    clip_fraction        | 0.3        |
|    clip_range           | 0.2        |
|    entropy_loss         | -1.81      |
|    explained_variance   | 0.74       |
|    learning_rate        | 0.0003     |
|    loss                 | 2.89       |
|    n_updates            | 250        |
|    policy_gradient_loss | 0.0132     |
|    std                  | 0.647      |
|    value_loss           | 5.33       |
----------------------------------------
-----------------------------------------
| rollout/                |             |
|    ep_len_mean          | 114         |
|    ep_rew_mean          | 32.6        |
|    success_rate         | 0.01        |
| time/                   |             |
|    fps                  | 72          |
|    iterations           | 27          |
|    time_elapsed         | 3053        |
|    total_timesteps      | 221184      |
| train/                  |             |
|    approx_kl            | 0.033871356 |
|    clip_fraction        | 0.286       |
|    clip_range           | 0.2         |
|    entropy_loss         | -1.79       |
|    explained_variance   | 0.697       |
|    learning_rate        | 0.0003      |
|    loss                 | 2.53        |
|    n_updates            | 260         |
|    policy_gradient_loss | 0.014       |
|    std                  | 0.64        |
|    value_loss           | 6.69        |
-----------------------------------------
-----------------------------------------
| rollout/                |             |
|    ep_len_mean          | 113         |
|    ep_rew_mean          | 32.9        |
|    success_rate         | 0.01        |
| time/                   |             |
|    fps                  | 72          |
|    iterations           | 28          |
|    time_elapsed         | 3163        |
|    total_timesteps      | 229376      |
| train/                  |             |
|    approx_kl            | 0.059615146 |
|    clip_fraction        | 0.332       |
|    clip_range           | 0.2         |
|    entropy_loss         | -1.77       |
|    explained_variance   | 0.737       |
|    learning_rate        | 0.0003      |
|    loss                 | 2.17        |
|    n_updates            | 270         |
|    policy_gradient_loss | 0.0191      |
|    std                  | 0.638       |
|    value_loss           | 6.86        |
-----------------------------------------
-----------------------------------------
| rollout/                |             |
|    ep_len_mean          | 117         |
|    ep_rew_mean          | 35.2        |
|    success_rate         | 0           |
| time/                   |             |
|    fps                  | 72          |
|    iterations           | 29          |
|    time_elapsed         | 3274        |
|    total_timesteps      | 237568      |
| train/                  |             |
|    approx_kl            | 0.047627375 |
|    clip_fraction        | 0.308       |
|    clip_range           | 0.2         |
|    entropy_loss         | -1.76       |
|    explained_variance   | 0.781       |
|    learning_rate        | 0.0003      |
|    loss                 | 2.29        |
|    n_updates            | 280         |
|    policy_gradient_loss | 0.0171      |
|    std                  | 0.632       |
|    value_loss           | 6.22        |
-----------------------------------------
----------------------------------------
| rollout/                |            |
|    ep_len_mean          | 115        |
|    ep_rew_mean          | 33.7       |
|    success_rate         | 0          |
| time/                   |            |
|    fps                  | 72         |
|    iterations           | 30         |
|    time_elapsed         | 3383       |
|    total_timesteps      | 245760     |
| train/                  |            |
|    approx_kl            | 0.03171614 |
|    clip_fraction        | 0.307      |
|    clip_range           | 0.2        |
|    entropy_loss         | -1.74      |
|    explained_variance   | 0.776      |
|    learning_rate        | 0.0003     |
|    loss                 | 0.87       |
|    n_updates            | 290        |
|    policy_gradient_loss | 0.013      |
|    std                  | 0.625      |
|    value_loss           | 5.24       |
----------------------------------------
----------------------------------------
| rollout/                |            |
|    ep_len_mean          | 117        |
|    ep_rew_mean          | 35.5       |
|    success_rate         | 0          |
| time/                   |            |
|    fps                  | 72         |
|    iterations           | 31         |
|    time_elapsed         | 3497       |
|    total_timesteps      | 253952     |
| train/                  |            |
|    approx_kl            | 0.03965035 |
|    clip_fraction        | 0.31       |
|    clip_range           | 0.2        |
|    entropy_loss         | -1.71      |
|    explained_variance   | 0.784      |
|    learning_rate        | 0.0003     |
|    loss                 | 1.85       |
|    n_updates            | 300        |
|    policy_gradient_loss | 0.0131     |
|    std                  | 0.615      |
|    value_loss           | 5.23       |
----------------------------------------
-----------------------------------------
| rollout/                |             |
|    ep_len_mean          | 109         |
|    ep_rew_mean          | 34.1        |
|    success_rate         | 0           |
| time/                   |             |
|    fps                  | 72          |
|    iterations           | 32          |
|    time_elapsed         | 3606        |
|    total_timesteps      | 262144      |
| train/                  |             |
|    approx_kl            | 0.029192153 |
|    clip_fraction        | 0.305       |
|    clip_range           | 0.2         |
|    entropy_loss         | -1.69       |
|    explained_variance   | 0.815       |
|    learning_rate        | 0.0003      |
|    loss                 | 4.38        |
|    n_updates            | 310         |
|    policy_gradient_loss | 0.0173      |
|    std                  | 0.614       |
|    value_loss           | 4.39        |
-----------------------------------------
-----------------------------------------
| rollout/                |             |
|    ep_len_mean          | 106         |
|    ep_rew_mean          | 33.4        |
|    success_rate         | 0           |
| time/                   |             |
|    fps                  | 72          |
|    iterations           | 33          |
|    time_elapsed         | 3714        |
|    total_timesteps      | 270336      |
| train/                  |             |
|    approx_kl            | 0.041827116 |
|    clip_fraction        | 0.32        |
|    clip_range           | 0.2         |
|    entropy_loss         | -1.67       |
|    explained_variance   | 0.785       |
|    learning_rate        | 0.0003      |
|    loss                 | 2.55        |
|    n_updates            | 320         |
|    policy_gradient_loss | 0.0151      |
|    std                  | 0.605       |
|    value_loss           | 5.16        |
-----------------------------------------
-----------------------------------------
| rollout/                |             |
|    ep_len_mean          | 95.9        |
|    ep_rew_mean          | 30.2        |
|    success_rate         | 0           |
| time/                   |             |
|    fps                  | 72          |
|    iterations           | 34          |
|    time_elapsed         | 3823        |
|    total_timesteps      | 278528      |
| train/                  |             |
|    approx_kl            | 0.038555585 |
|    clip_fraction        | 0.311       |
|    clip_range           | 0.2         |
|    entropy_loss         | -1.66       |
|    explained_variance   | 0.795       |
|    learning_rate        | 0.0003      |
|    loss                 | 1.83        |
|    n_updates            | 330         |
|    policy_gradient_loss | 0.0112      |
|    std                  | 0.603       |
|    value_loss           | 5           |
-----------------------------------------
-----------------------------------------
| rollout/                |             |
|    ep_len_mean          | 119         |
|    ep_rew_mean          | 36.9        |
|    success_rate         | 0           |
| time/                   |             |
|    fps                  | 72          |
|    iterations           | 35          |
|    time_elapsed         | 3931        |
|    total_timesteps      | 286720      |
| train/                  |             |
|    approx_kl            | 0.052602652 |
|    clip_fraction        | 0.335       |
|    clip_range           | 0.2         |
|    entropy_loss         | -1.64       |
|    explained_variance   | 0.68        |
|    learning_rate        | 0.0003      |
|    loss                 | 1.36        |
|    n_updates            | 340         |
|    policy_gradient_loss | 0.0128      |
|    std                  | 0.6         |
|    value_loss           | 6.9         |
-----------------------------------------
----------------------------------------
| rollout/                |            |
|    ep_len_mean          | 132        |
|    ep_rew_mean          | 40.1       |
|    success_rate         | 0          |
| time/                   |            |
|    fps                  | 73         |
|    iterations           | 36         |
|    time_elapsed         | 4039       |
|    total_timesteps      | 294912     |
| train/                  |            |
|    approx_kl            | 0.04636939 |
|    clip_fraction        | 0.311      |
|    clip_range           | 0.2        |
|    entropy_loss         | -1.6       |
|    explained_variance   | 0.749      |
|    learning_rate        | 0.0003     |
|    loss                 | 2.24       |
|    n_updates            | 350        |
|    policy_gradient_loss | 0.0132     |
|    std                  | 0.586      |
|    value_loss           | 4.38       |
----------------------------------------
-----------------------------------------
| rollout/                |             |
|    ep_len_mean          | 135         |
|    ep_rew_mean          | 44.4        |
|    success_rate         | 0           |
| time/                   |             |
|    fps                  | 73          |
|    iterations           | 37          |
|    time_elapsed         | 4148        |
|    total_timesteps      | 303104      |
| train/                  |             |
|    approx_kl            | 0.055905882 |
|    clip_fraction        | 0.302       |
|    clip_range           | 0.2         |
|    entropy_loss         | -1.56       |
|    explained_variance   | 0.747       |
|    learning_rate        | 0.0003      |
|    loss                 | 2.69        |
|    n_updates            | 360         |
|    policy_gradient_loss | 0.0122      |
|    std                  | 0.579       |
|    value_loss           | 5.97        |
-----------------------------------------
----------------------------------------
| rollout/                |            |
|    ep_len_mean          | 134        |
|    ep_rew_mean          | 43.9       |
|    success_rate         | 0          |
| time/                   |            |
|    fps                  | 73         |
|    iterations           | 38         |
|    time_elapsed         | 4256       |
|    total_timesteps      | 311296     |
| train/                  |            |
|    approx_kl            | 0.04535576 |
|    clip_fraction        | 0.357      |
|    clip_range           | 0.2        |
|    entropy_loss         | -1.53      |
|    explained_variance   | 0.698      |
|    learning_rate        | 0.0003     |
|    loss                 | 3.53       |
|    n_updates            | 370        |
|    policy_gradient_loss | 0.0212     |
|    std                  | 0.575      |
|    value_loss           | 6.29       |
----------------------------------------
----------------------------------------
| rollout/                |            |
|    ep_len_mean          | 131        |
|    ep_rew_mean          | 42.8       |
|    success_rate         | 0          |
| time/                   |            |
|    fps                  | 73         |
|    iterations           | 39         |
|    time_elapsed         | 4363       |
|    total_timesteps      | 319488     |
| train/                  |            |
|    approx_kl            | 0.06022504 |
|    clip_fraction        | 0.347      |
|    clip_range           | 0.2        |
|    entropy_loss         | -1.52      |
|    explained_variance   | 0.546      |
|    learning_rate        | 0.0003     |
|    loss                 | 5          |
|    n_updates            | 380        |
|    policy_gradient_loss | 0.0206     |
|    std                  | 0.574      |
|    value_loss           | 11.2       |
----------------------------------------
-----------------------------------------
| rollout/                |             |
|    ep_len_mean          | 135         |
|    ep_rew_mean          | 43.8        |
|    success_rate         | 0           |
| time/                   |             |
|    fps                  | 73          |
|    iterations           | 40          |
|    time_elapsed         | 4470        |
|    total_timesteps      | 327680      |
| train/                  |             |
|    approx_kl            | 0.056250878 |
|    clip_fraction        | 0.339       |
|    clip_range           | 0.2         |
|    entropy_loss         | -1.5        |
|    explained_variance   | 0.656       |
|    learning_rate        | 0.0003      |
|    loss                 | 1.76        |
|    n_updates            | 390         |
|    policy_gradient_loss | 0.0193      |
|    std                  | 0.568       |
|    value_loss           | 8.86        |
-----------------------------------------
----------------------------------------
| rollout/                |            |
|    ep_len_mean          | 143        |
|    ep_rew_mean          | 47.3       |
|    success_rate         | 0          |
| time/                   |            |
|    fps                  | 73         |
|    iterations           | 41         |
|    time_elapsed         | 4577       |
|    total_timesteps      | 335872     |
| train/                  |            |
|    approx_kl            | 0.04687906 |
|    clip_fraction        | 0.348      |
|    clip_range           | 0.2        |
|    entropy_loss         | -1.47      |
|    explained_variance   | 0.583      |
|    learning_rate        | 0.0003     |
|    loss                 | 7.64       |
|    n_updates            | 400        |
|    policy_gradient_loss | 0.0166     |
|    std                  | 0.561      |
|    value_loss           | 8.55       |
----------------------------------------
-----------------------------------------
| rollout/                |             |
|    ep_len_mean          | 135         |
|    ep_rew_mean          | 46.4        |
|    success_rate         | 0           |
| time/                   |             |
|    fps                  | 73          |
|    iterations           | 42          |
|    time_elapsed         | 4683        |
|    total_timesteps      | 344064      |
| train/                  |             |
|    approx_kl            | 0.043409653 |
|    clip_fraction        | 0.323       |
|    clip_range           | 0.2         |
|    entropy_loss         | -1.45       |
|    explained_variance   | 0.786       |
|    learning_rate        | 0.0003      |
|    loss                 | 2.09        |
|    n_updates            | 410         |
|    policy_gradient_loss | 0.0166      |
|    std                  | 0.566       |
|    value_loss           | 5.62        |
-----------------------------------------
----------------------------------------
| rollout/                |            |
|    ep_len_mean          | 127        |
|    ep_rew_mean          | 42.6       |
|    success_rate         | 0          |
| time/                   |            |
|    fps                  | 73         |
|    iterations           | 43         |
|    time_elapsed         | 4794       |
|    total_timesteps      | 352256     |
| train/                  |            |
|    approx_kl            | 0.04098489 |
|    clip_fraction        | 0.335      |
|    clip_range           | 0.2        |
|    entropy_loss         | -1.43      |
|    explained_variance   | 0.6        |
|    learning_rate        | 0.0003     |
|    loss                 | 3.19       |
|    n_updates            | 420        |
|    policy_gradient_loss | 0.019      |
|    std                  | 0.557      |
|    value_loss           | 9.5        |
----------------------------------------
----------------------------------------
| rollout/                |            |
|    ep_len_mean          | 128        |
|    ep_rew_mean          | 42.7       |
|    success_rate         | 0          |
| time/                   |            |
|    fps                  | 73         |
|    iterations           | 44         |
|    time_elapsed         | 4899       |
|    total_timesteps      | 360448     |
| train/                  |            |
|    approx_kl            | 0.05185771 |
|    clip_fraction        | 0.335      |
|    clip_range           | 0.2        |
|    entropy_loss         | -1.39      |
|    explained_variance   | 0.588      |
|    learning_rate        | 0.0003     |
|    loss                 | 4.25       |
|    n_updates            | 430        |
|    policy_gradient_loss | 0.0147     |
|    std                  | 0.549      |
|    value_loss           | 14         |
----------------------------------------
----------------------------------------
| rollout/                |            |
|    ep_len_mean          | 136        |
|    ep_rew_mean          | 45.8       |
|    success_rate         | 0          |
| time/                   |            |
|    fps                  | 73         |
|    iterations           | 45         |
|    time_elapsed         | 5008       |
|    total_timesteps      | 368640     |
| train/                  |            |
|    approx_kl            | 0.04780177 |
|    clip_fraction        | 0.345      |
|    clip_range           | 0.2        |
|    entropy_loss         | -1.37      |
|    explained_variance   | 0.601      |
|    learning_rate        | 0.0003     |
|    loss                 | 7.85       |
|    n_updates            | 440        |
|    policy_gradient_loss | 0.0196     |
|    std                  | 0.546      |
|    value_loss           | 11.7       |
----------------------------------------
---------------------------------------
| rollout/                |           |
|    ep_len_mean          | 137       |
|    ep_rew_mean          | 46.9      |
|    success_rate         | 0         |
| time/                   |           |
|    fps                  | 73        |
|    iterations           | 46        |
|    time_elapsed         | 5113      |
|    total_timesteps      | 376832    |
| train/                  |           |
|    approx_kl            | 0.0481998 |
|    clip_fraction        | 0.35      |
|    clip_range           | 0.2       |
|    entropy_loss         | -1.35     |
|    explained_variance   | 0.698     |
|    learning_rate        | 0.0003    |
|    loss                 | 1.04      |
|    n_updates            | 450       |
|    policy_gradient_loss | 0.0169    |
|    std                  | 0.541     |
|    value_loss           | 4.41      |
---------------------------------------
-----------------------------------------
| rollout/                |             |
|    ep_len_mean          | 139         |
|    ep_rew_mean          | 47.4        |
|    success_rate         | 0           |
| time/                   |             |
|    fps                  | 73          |
|    iterations           | 47          |
|    time_elapsed         | 5218        |
|    total_timesteps      | 385024      |
| train/                  |             |
|    approx_kl            | 0.061609127 |
|    clip_fraction        | 0.337       |
|    clip_range           | 0.2         |
|    entropy_loss         | -1.32       |
|    explained_variance   | 0.688       |
|    learning_rate        | 0.0003      |
|    loss                 | 5.28        |
|    n_updates            | 460         |
|    policy_gradient_loss | 0.015       |
|    std                  | 0.536       |
|    value_loss           | 7.74        |
-----------------------------------------
-----------------------------------------
| rollout/                |             |
|    ep_len_mean          | 143         |
|    ep_rew_mean          | 48.8        |
|    success_rate         | 0           |
| time/                   |             |
|    fps                  | 73          |
|    iterations           | 48          |
|    time_elapsed         | 5324        |
|    total_timesteps      | 393216      |
| train/                  |             |
|    approx_kl            | 0.053969927 |
|    clip_fraction        | 0.34        |
|    clip_range           | 0.2         |
|    entropy_loss         | -1.3        |
|    explained_variance   | 0.797       |
|    learning_rate        | 0.0003      |
|    loss                 | 1.86        |
|    n_updates            | 470         |
|    policy_gradient_loss | 0.0212      |
|    std                  | 0.532       |
|    value_loss           | 4.47        |
-----------------------------------------
----------------------------------------
| rollout/                |            |
|    ep_len_mean          | 78.5       |
|    ep_rew_mean          | 21.3       |
|    success_rate         | 0          |
| time/                   |            |
|    fps                  | 73         |
|    iterations           | 49         |
|    time_elapsed         | 5432       |
|    total_timesteps      | 401408     |
| train/                  |            |
|    approx_kl            | 0.06286608 |
|    clip_fraction        | 0.376      |
|    clip_range           | 0.2        |
|    entropy_loss         | -1.28      |
|    explained_variance   | 0.71       |
|    learning_rate        | 0.0003     |
|    loss                 | 2.26       |
|    n_updates            | 480        |
|    policy_gradient_loss | 0.0231     |
|    std                  | 0.529      |
|    value_loss           | 6.08       |
----------------------------------------
-----------------------------------------
| rollout/                |             |
|    ep_len_mean          | 109         |
|    ep_rew_mean          | 32.6        |
|    success_rate         | 0           |
| time/                   |             |
|    fps                  | 73          |
|    iterations           | 50          |
|    time_elapsed         | 5539        |
|    total_timesteps      | 409600      |
| train/                  |             |
|    approx_kl            | 0.055067133 |
|    clip_fraction        | 0.352       |
|    clip_range           | 0.2         |
|    entropy_loss         | -1.27       |
|    explained_variance   | 0.156       |
|    learning_rate        | 0.0003      |
|    loss                 | 7.22        |
|    n_updates            | 490         |
|    policy_gradient_loss | 0.0193      |
|    std                  | 0.529       |
|    value_loss           | 27.5        |
-----------------------------------------
----------------------------------------
| rollout/                |            |
|    ep_len_mean          | 122        |
|    ep_rew_mean          | 38.4       |
|    success_rate         | 0          |
| time/                   |            |
|    fps                  | 73         |
|    iterations           | 51         |
|    time_elapsed         | 5650       |
|    total_timesteps      | 417792     |
| train/                  |            |
|    approx_kl            | 0.07759933 |
|    clip_fraction        | 0.375      |
|    clip_range           | 0.2        |
|    entropy_loss         | -1.24      |
|    explained_variance   | 0.511      |
|    learning_rate        | 0.0003     |
|    loss                 | 7.17       |
|    n_updates            | 500        |
|    policy_gradient_loss | 0.0241     |
|    std                  | 0.523      |
|    value_loss           | 16.4       |
----------------------------------------
----------------------------------------
| rollout/                |            |
|    ep_len_mean          | 129        |
|    ep_rew_mean          | 42.7       |
|    success_rate         | 0          |
| time/                   |            |
|    fps                  | 73         |
|    iterations           | 52         |
|    time_elapsed         | 5757       |
|    total_timesteps      | 425984     |
| train/                  |            |
|    approx_kl            | 0.06760208 |
|    clip_fraction        | 0.391      |
|    clip_range           | 0.2        |
|    entropy_loss         | -1.24      |
|    explained_variance   | 0.492      |
|    learning_rate        | 0.0003     |
|    loss                 | 3.99       |
|    n_updates            | 510        |
|    policy_gradient_loss | 0.0209     |
|    std                  | 0.526      |
|    value_loss           | 12.8       |
----------------------------------------
-----------------------------------------
| rollout/                |             |
|    ep_len_mean          | 136         |
|    ep_rew_mean          | 45.2        |
|    success_rate         | 0           |
| time/                   |             |
|    fps                  | 74          |
|    iterations           | 53          |
|    time_elapsed         | 5864        |
|    total_timesteps      | 434176      |
| train/                  |             |
|    approx_kl            | 0.059401896 |
|    clip_fraction        | 0.377       |
|    clip_range           | 0.2         |
|    entropy_loss         | -1.21       |
|    explained_variance   | 0.501       |
|    learning_rate        | 0.0003      |
|    loss                 | 2.39        |
|    n_updates            | 520         |
|    policy_gradient_loss | 0.0127      |
|    std                  | 0.514       |
|    value_loss           | 11.6        |
-----------------------------------------
----------------------------------------
| rollout/                |            |
|    ep_len_mean          | 140        |
|    ep_rew_mean          | 46         |
|    success_rate         | 0          |
| time/                   |            |
|    fps                  | 74         |
|    iterations           | 54         |
|    time_elapsed         | 5969       |
|    total_timesteps      | 442368     |
| train/                  |            |
|    approx_kl            | 0.08086707 |
|    clip_fraction        | 0.406      |
|    clip_range           | 0.2        |
|    entropy_loss         | -1.18      |
|    explained_variance   | 0.609      |
|    learning_rate        | 0.0003     |
|    loss                 | 3.07       |
|    n_updates            | 530        |
|    policy_gradient_loss | 0.0253     |
|    std                  | 0.514      |
|    value_loss           | 6.53       |
----------------------------------------
-----------------------------------------
| rollout/                |             |
|    ep_len_mean          | 129         |
|    ep_rew_mean          | 42.9        |
|    success_rate         | 0           |
| time/                   |             |
|    fps                  | 74          |
|    iterations           | 55          |
|    time_elapsed         | 6076        |
|    total_timesteps      | 450560      |
| train/                  |             |
|    approx_kl            | 0.041612588 |
|    clip_fraction        | 0.335       |
|    clip_range           | 0.2         |
|    entropy_loss         | -1.17       |
|    explained_variance   | 0.6         |
|    learning_rate        | 0.0003      |
|    loss                 | 3.07        |
|    n_updates            | 540         |
|    policy_gradient_loss | 0.0192      |
|    std                  | 0.508       |
|    value_loss           | 6.24        |
-----------------------------------------
-----------------------------------------
| rollout/                |             |
|    ep_len_mean          | 130         |
|    ep_rew_mean          | 42.4        |
|    success_rate         | 0           |
| time/                   |             |
|    fps                  | 74          |
|    iterations           | 56          |
|    time_elapsed         | 6181        |
|    total_timesteps      | 458752      |
| train/                  |             |
|    approx_kl            | 0.062241524 |
|    clip_fraction        | 0.354       |
|    clip_range           | 0.2         |
|    entropy_loss         | -1.18       |
|    explained_variance   | 0.685       |
|    learning_rate        | 0.0003      |
|    loss                 | 1.42        |
|    n_updates            | 550         |
|    policy_gradient_loss | 0.0191      |
|    std                  | 0.516       |
|    value_loss           | 7.23        |
-----------------------------------------
-----------------------------------------
| rollout/                |             |
|    ep_len_mean          | 143         |
|    ep_rew_mean          | 47.3        |
|    success_rate         | 0           |
| time/                   |             |
|    fps                  | 74          |
|    iterations           | 57          |
|    time_elapsed         | 6287        |
|    total_timesteps      | 466944      |
| train/                  |             |
|    approx_kl            | 0.043795366 |
|    clip_fraction        | 0.356       |
|    clip_range           | 0.2         |
|    entropy_loss         | -1.19       |
|    explained_variance   | 0.561       |
|    learning_rate        | 0.0003      |
|    loss                 | 3.79        |
|    n_updates            | 560         |
|    policy_gradient_loss | 0.0186      |
|    std                  | 0.515       |
|    value_loss           | 8.07        |
-----------------------------------------
----------------------------------------
| rollout/                |            |
|    ep_len_mean          | 140        |
|    ep_rew_mean          | 46.8       |
|    success_rate         | 0          |
| time/                   |            |
|    fps                  | 74         |
|    iterations           | 58         |
|    time_elapsed         | 6393       |
|    total_timesteps      | 475136     |
| train/                  |            |
|    approx_kl            | 0.05313632 |
|    clip_fraction        | 0.349      |
|    clip_range           | 0.2        |
|    entropy_loss         | -1.19      |
|    explained_variance   | 0.767      |
|    learning_rate        | 0.0003     |
|    loss                 | 5.84       |
|    n_updates            | 570        |
|    policy_gradient_loss | 0.0135     |
|    std                  | 0.516      |
|    value_loss           | 4.89       |
----------------------------------------
----------------------------------------
| rollout/                |            |
|    ep_len_mean          | 110        |
|    ep_rew_mean          | 34.6       |
|    success_rate         | 0          |
| time/                   |            |
|    fps                  | 74         |
|    iterations           | 59         |
|    time_elapsed         | 6500       |
|    total_timesteps      | 483328     |
| train/                  |            |
|    approx_kl            | 0.05534298 |
|    clip_fraction        | 0.349      |
|    clip_range           | 0.2        |
|    entropy_loss         | -1.19      |
|    explained_variance   | 0.542      |
|    learning_rate        | 0.0003     |
|    loss                 | 4.5        |
|    n_updates            | 580        |
|    policy_gradient_loss | 0.0183     |
|    std                  | 0.511      |
|    value_loss           | 13.2       |
----------------------------------------
-----------------------------------------
| rollout/                |             |
|    ep_len_mean          | 123         |
|    ep_rew_mean          | 38.5        |
|    success_rate         | 0           |
| time/                   |             |
|    fps                  | 74          |
|    iterations           | 60          |
|    time_elapsed         | 6607        |
|    total_timesteps      | 491520      |
| train/                  |             |
|    approx_kl            | 0.052537948 |
|    clip_fraction        | 0.35        |
|    clip_range           | 0.2         |
|    entropy_loss         | -1.17       |
|    explained_variance   | 0.39        |
|    learning_rate        | 0.0003      |
|    loss                 | 9.88        |
|    n_updates            | 590         |
|    policy_gradient_loss | 0.0148      |
|    std                  | 0.509       |
|    value_loss           | 17.9        |
-----------------------------------------
----------------------------------------
| rollout/                |            |
|    ep_len_mean          | 133        |
|    ep_rew_mean          | 43.1       |
|    success_rate         | 0          |
| time/                   |            |
|    fps                  | 74         |
|    iterations           | 61         |
|    time_elapsed         | 6713       |
|    total_timesteps      | 499712     |
| train/                  |            |
|    approx_kl            | 0.05629866 |
|    clip_fraction        | 0.349      |
|    clip_range           | 0.2        |
|    entropy_loss         | -1.15      |
|    explained_variance   | 0.569      |
|    learning_rate        | 0.0003     |
|    loss                 | 1.83       |
|    n_updates            | 600        |
|    policy_gradient_loss | 0.0169     |
|    std                  | 0.502      |
|    value_loss           | 9.76       |
----------------------------------------
----------------------------------------
| rollout/                |            |
|    ep_len_mean          | 118        |
|    ep_rew_mean          | 37.7       |
|    success_rate         | 0          |
| time/                   |            |
|    fps                  | 74         |
|    iterations           | 62         |
|    time_elapsed         | 6816       |
|    total_timesteps      | 507904     |
| train/                  |            |
|    approx_kl            | 0.04908207 |
|    clip_fraction        | 0.369      |
|    clip_range           | 0.2        |
|    entropy_loss         | -1.13      |
|    explained_variance   | 0.493      |
|    learning_rate        | 0.0003     |
|    loss                 | 1.55       |
|    n_updates            | 610        |
|    policy_gradient_loss | 0.0192     |
|    std                  | 0.499      |
|    value_loss           | 12.1       |
----------------------------------------
-----------------------------------------
| rollout/                |             |
|    ep_len_mean          | 131         |
|    ep_rew_mean          | 42.1        |
|    success_rate         | 0           |
| time/                   |             |
|    fps                  | 74          |
|    iterations           | 63          |
|    time_elapsed         | 6921        |
|    total_timesteps      | 516096      |
| train/                  |             |
|    approx_kl            | 0.043142002 |
|    clip_fraction        | 0.283       |
|    clip_range           | 0.2         |
|    entropy_loss         | -1.11       |
|    explained_variance   | 0.555       |
|    learning_rate        | 0.0003      |
|    loss                 | 9.73        |
|    n_updates            | 620         |
|    policy_gradient_loss | 0.00766     |
|    std                  | 0.492       |
|    value_loss           | 17.6        |
-----------------------------------------
-----------------------------------------
| rollout/                |             |
|    ep_len_mean          | 134         |
|    ep_rew_mean          | 44.1        |
|    success_rate         | 0           |
| time/                   |             |
|    fps                  | 74          |
|    iterations           | 64          |
|    time_elapsed         | 7029        |
|    total_timesteps      | 524288      |
| train/                  |             |
|    approx_kl            | 0.044521302 |
|    clip_fraction        | 0.36        |
|    clip_range           | 0.2         |
|    entropy_loss         | -1.08       |
|    explained_variance   | 0.551       |
|    learning_rate        | 0.0003      |
|    loss                 | 2.81        |
|    n_updates            | 630         |
|    policy_gradient_loss | 0.0121      |
|    std                  | 0.489       |
|    value_loss           | 10.1        |
-----------------------------------------
----------------------------------------
| rollout/                |            |
|    ep_len_mean          | 124        |
|    ep_rew_mean          | 40.1       |
|    success_rate         | 0          |
| time/                   |            |
|    fps                  | 74         |
|    iterations           | 65         |
|    time_elapsed         | 7135       |
|    total_timesteps      | 532480     |
| train/                  |            |
|    approx_kl            | 0.04060458 |
|    clip_fraction        | 0.3        |
|    clip_range           | 0.2        |
|    entropy_loss         | -1.07      |
|    explained_variance   | 0.668      |
|    learning_rate        | 0.0003     |
|    loss                 | 3.32       |
|    n_updates            | 640        |
|    policy_gradient_loss | 0.014      |
|    std                  | 0.488      |
|    value_loss           | 9.7        |
----------------------------------------
---------------------------------------
| rollout/                |           |
|    ep_len_mean          | 96.6      |
|    ep_rew_mean          | 29.9      |
|    success_rate         | 0         |
| time/                   |           |
|    fps                  | 74        |
|    iterations           | 66        |
|    time_elapsed         | 7243      |
|    total_timesteps      | 540672    |
| train/                  |           |
|    approx_kl            | 0.0504537 |
|    clip_fraction        | 0.334     |
|    clip_range           | 0.2       |
|    entropy_loss         | -1.06     |
|    explained_variance   | 0.562     |
|    learning_rate        | 0.0003    |
|    loss                 | 5.34      |
|    n_updates            | 650       |
|    policy_gradient_loss | 0.0189    |
|    std                  | 0.483     |
|    value_loss           | 12.1      |
---------------------------------------
-----------------------------------------
| rollout/                |             |
|    ep_len_mean          | 111         |
|    ep_rew_mean          | 34.8        |
|    success_rate         | 0           |
| time/                   |             |
|    fps                  | 74          |
|    iterations           | 67          |
|    time_elapsed         | 7348        |
|    total_timesteps      | 548864      |
| train/                  |             |
|    approx_kl            | 0.043623712 |
|    clip_fraction        | 0.319       |
|    clip_range           | 0.2         |
|    entropy_loss         | -1.03       |
|    explained_variance   | 0.43        |
|    learning_rate        | 0.0003      |
|    loss                 | 7.91        |
|    n_updates            | 660         |
|    policy_gradient_loss | 0.0148      |
|    std                  | 0.475       |
|    value_loss           | 16.7        |
-----------------------------------------
-----------------------------------------
| rollout/                |             |
|    ep_len_mean          | 60.3        |
|    ep_rew_mean          | 20          |
|    success_rate         | 0           |
| time/                   |             |
|    fps                  | 74          |
|    iterations           | 68          |
|    time_elapsed         | 7454        |
|    total_timesteps      | 557056      |
| train/                  |             |
|    approx_kl            | 0.035814032 |
|    clip_fraction        | 0.305       |
|    clip_range           | 0.2         |
|    entropy_loss         | -1.02       |
|    explained_variance   | 0.543       |
|    learning_rate        | 0.0003      |
|    loss                 | 7.67        |
|    n_updates            | 670         |
|    policy_gradient_loss | 0.00945     |
|    std                  | 0.476       |
|    value_loss           | 9.24        |
-----------------------------------------
-----------------------------------------
| rollout/                |             |
|    ep_len_mean          | 87.3        |
|    ep_rew_mean          | 28.2        |
|    success_rate         | 0           |
| time/                   |             |
|    fps                  | 74          |
|    iterations           | 69          |
|    time_elapsed         | 7562        |
|    total_timesteps      | 565248      |
| train/                  |             |
|    approx_kl            | 0.041187417 |
|    clip_fraction        | 0.307       |
|    clip_range           | 0.2         |
|    entropy_loss         | -1.01       |
|    explained_variance   | 0.374       |
|    learning_rate        | 0.0003      |
|    loss                 | 15.4        |
|    n_updates            | 680         |
|    policy_gradient_loss | 0.00757     |
|    std                  | 0.481       |
|    value_loss           | 22.9        |
-----------------------------------------
-----------------------------------------
| rollout/                |             |
|    ep_len_mean          | 115         |
|    ep_rew_mean          | 38.6        |
|    success_rate         | 0           |
| time/                   |             |
|    fps                  | 74          |
|    iterations           | 70          |
|    time_elapsed         | 7668        |
|    total_timesteps      | 573440      |
| train/                  |             |
|    approx_kl            | 0.039810374 |
|    clip_fraction        | 0.301       |
|    clip_range           | 0.2         |
|    entropy_loss         | -0.998      |
|    explained_variance   | 0.554       |
|    learning_rate        | 0.0003      |
|    loss                 | 3.66        |
|    n_updates            | 690         |
|    policy_gradient_loss | 0.00511     |
|    std                  | 0.476       |
|    value_loss           | 14.2        |
-----------------------------------------
-----------------------------------------
| rollout/                |             |
|    ep_len_mean          | 127         |
|    ep_rew_mean          | 39          |
|    success_rate         | 0           |
| time/                   |             |
|    fps                  | 74          |
|    iterations           | 71          |
|    time_elapsed         | 7776        |
|    total_timesteps      | 581632      |
| train/                  |             |
|    approx_kl            | 0.035381135 |
|    clip_fraction        | 0.293       |
|    clip_range           | 0.2         |
|    entropy_loss         | -0.99       |
|    explained_variance   | 0.719       |
|    learning_rate        | 0.0003      |
|    loss                 | 2.12        |
|    n_updates            | 700         |
|    policy_gradient_loss | 0.0105      |
|    std                  | 0.479       |
|    value_loss           | 5.23        |
-----------------------------------------
-----------------------------------------
| rollout/                |             |
|    ep_len_mean          | 122         |
|    ep_rew_mean          | 36.8        |
|    success_rate         | 0           |
| time/                   |             |
|    fps                  | 74          |
|    iterations           | 72          |
|    time_elapsed         | 7881        |
|    total_timesteps      | 589824      |
| train/                  |             |
|    approx_kl            | 0.029283617 |
|    clip_fraction        | 0.264       |
|    clip_range           | 0.2         |
|    entropy_loss         | -0.973      |
|    explained_variance   | 0.294       |
|    learning_rate        | 0.0003      |
|    loss                 | 5.04        |
|    n_updates            | 710         |
|    policy_gradient_loss | 0.00323     |
|    std                  | 0.474       |
|    value_loss           | 16.3        |
-----------------------------------------
----------------------------------------
| rollout/                |            |
|    ep_len_mean          | 135        |
|    ep_rew_mean          | 41.6       |
|    success_rate         | 0          |
| time/                   |            |
|    fps                  | 74         |
|    iterations           | 73         |
|    time_elapsed         | 7989       |
|    total_timesteps      | 598016     |
| train/                  |            |
|    approx_kl            | 0.04513167 |
|    clip_fraction        | 0.3        |
|    clip_range           | 0.2        |
|    entropy_loss         | -0.963     |
|    explained_variance   | 0.369      |
|    learning_rate        | 0.0003     |
|    loss                 | 2.32       |
|    n_updates            | 720        |
|    policy_gradient_loss | 0.013      |
|    std                  | 0.474      |
|    value_loss           | 9.71       |
----------------------------------------
----------------------------------------
| rollout/                |            |
|    ep_len_mean          | 128        |
|    ep_rew_mean          | 39.5       |
|    success_rate         | 0          |
| time/                   |            |
|    fps                  | 74         |
|    iterations           | 74         |
|    time_elapsed         | 8095       |
|    total_timesteps      | 606208     |
| train/                  |            |
|    approx_kl            | 0.04271009 |
|    clip_fraction        | 0.316      |
|    clip_range           | 0.2        |
|    entropy_loss         | -0.956     |
|    explained_variance   | 0.407      |
|    learning_rate        | 0.0003     |
|    loss                 | 1.03       |
|    n_updates            | 730        |
|    policy_gradient_loss | 0.01       |
|    std                  | 0.475      |
|    value_loss           | 7.04       |
----------------------------------------
-----------------------------------------
| rollout/                |             |
|    ep_len_mean          | 122         |
|    ep_rew_mean          | 38.4        |
|    success_rate         | 0           |
| time/                   |             |
|    fps                  | 74          |
|    iterations           | 75          |
|    time_elapsed         | 8200        |
|    total_timesteps      | 614400      |
| train/                  |             |
|    approx_kl            | 0.039293878 |
|    clip_fraction        | 0.311       |
|    clip_range           | 0.2         |
|    entropy_loss         | -0.943      |
|    explained_variance   | 0.351       |
|    learning_rate        | 0.0003      |
|    loss                 | 1.12        |
|    n_updates            | 740         |
|    policy_gradient_loss | 0.0111      |
|    std                  | 0.468       |
|    value_loss           | 9.92        |
-----------------------------------------
----------------------------------------
| rollout/                |            |
|    ep_len_mean          | 130        |
|    ep_rew_mean          | 41.3       |
|    success_rate         | 0          |
| time/                   |            |
|    fps                  | 74         |
|    iterations           | 76         |
|    time_elapsed         | 8307       |
|    total_timesteps      | 622592     |
| train/                  |            |
|    approx_kl            | 0.04657288 |
|    clip_fraction        | 0.347      |
|    clip_range           | 0.2        |
|    entropy_loss         | -0.924     |
|    explained_variance   | 0.375      |
|    learning_rate        | 0.0003     |
|    loss                 | 2.88       |
|    n_updates            | 750        |
|    policy_gradient_loss | 0.0153     |
|    std                  | 0.461      |
|    value_loss           | 7.41       |
----------------------------------------
-----------------------------------------
| rollout/                |             |
|    ep_len_mean          | 132         |
|    ep_rew_mean          | 43.2        |
|    success_rate         | 0           |
| time/                   |             |
|    fps                  | 75          |
|    iterations           | 77          |
|    time_elapsed         | 8402        |
|    total_timesteps      | 630784      |
| train/                  |             |
|    approx_kl            | 0.045162972 |
|    clip_fraction        | 0.341       |
|    clip_range           | 0.2         |
|    entropy_loss         | -0.907      |
|    explained_variance   | 0.297       |
|    learning_rate        | 0.0003      |
|    loss                 | 4.08        |
|    n_updates            | 760         |
|    policy_gradient_loss | 0.0135      |
|    std                  | 0.456       |
|    value_loss           | 12.3        |
-----------------------------------------
-----------------------------------------
| rollout/                |             |
|    ep_len_mean          | 122         |
|    ep_rew_mean          | 39.6        |
|    success_rate         | 0           |
| time/                   |             |
|    fps                  | 75          |
|    iterations           | 78          |
|    time_elapsed         | 8496        |
|    total_timesteps      | 638976      |
| train/                  |             |
|    approx_kl            | 0.051605564 |
|    clip_fraction        | 0.335       |
|    clip_range           | 0.2         |
|    entropy_loss         | -0.907      |
|    explained_variance   | 0.665       |
|    learning_rate        | 0.0003      |
|    loss                 | 1.17        |
|    n_updates            | 770         |
|    policy_gradient_loss | 0.0163      |
|    std                  | 0.456       |
|    value_loss           | 3.58        |
-----------------------------------------
-----------------------------------------
| rollout/                |             |
|    ep_len_mean          | 100         |
|    ep_rew_mean          | 32          |
|    success_rate         | 0           |
| time/                   |             |
|    fps                  | 75          |
|    iterations           | 79          |
|    time_elapsed         | 8591        |
|    total_timesteps      | 647168      |
| train/                  |             |
|    approx_kl            | 0.058183923 |
|    clip_fraction        | 0.334       |
|    clip_range           | 0.2         |
|    entropy_loss         | -0.908      |
|    explained_variance   | 0.518       |
|    learning_rate        | 0.0003      |
|    loss                 | 1.94        |
|    n_updates            | 780         |
|    policy_gradient_loss | 0.0125      |
|    std                  | 0.455       |
|    value_loss           | 8.39        |
-----------------------------------------
-----------------------------------------
| rollout/                |             |
|    ep_len_mean          | 94.3        |
|    ep_rew_mean          | 31.3        |
|    success_rate         | 0           |
| time/                   |             |
|    fps                  | 75          |
|    iterations           | 80          |
|    time_elapsed         | 8686        |
|    total_timesteps      | 655360      |
| train/                  |             |
|    approx_kl            | 0.040039927 |
|    clip_fraction        | 0.298       |
|    clip_range           | 0.2         |
|    entropy_loss         | -0.895      |
|    explained_variance   | 0.555       |
|    learning_rate        | 0.0003      |
|    loss                 | 1.56        |
|    n_updates            | 790         |
|    policy_gradient_loss | 0.00648     |
|    std                  | 0.449       |
|    value_loss           | 12.1        |
-----------------------------------------
-----------------------------------------
| rollout/                |             |
|    ep_len_mean          | 91          |
|    ep_rew_mean          | 29.2        |
|    success_rate         | 0           |
| time/                   |             |
|    fps                  | 75          |
|    iterations           | 81          |
|    time_elapsed         | 8780        |
|    total_timesteps      | 663552      |
| train/                  |             |
|    approx_kl            | 0.041795984 |
|    clip_fraction        | 0.331       |
|    clip_range           | 0.2         |
|    entropy_loss         | -0.879      |
|    explained_variance   | 0.496       |
|    learning_rate        | 0.0003      |
|    loss                 | 2.44        |
|    n_updates            | 800         |
|    policy_gradient_loss | 0.0125      |
|    std                  | 0.45        |
|    value_loss           | 13.2        |
-----------------------------------------
-----------------------------------------
| rollout/                |             |
|    ep_len_mean          | 94.1        |
|    ep_rew_mean          | 28.9        |
|    success_rate         | 0           |
| time/                   |             |
|    fps                  | 75          |
|    iterations           | 82          |
|    time_elapsed         | 8877        |
|    total_timesteps      | 671744      |
| train/                  |             |
|    approx_kl            | 0.049405526 |
|    clip_fraction        | 0.364       |
|    clip_range           | 0.2         |
|    entropy_loss         | -0.851      |
|    explained_variance   | 0.434       |
|    learning_rate        | 0.0003      |
|    loss                 | 5.97        |
|    n_updates            | 810         |
|    policy_gradient_loss | 0.0116      |
|    std                  | 0.444       |
|    value_loss           | 12.7        |
-----------------------------------------
-----------------------------------------
| rollout/                |             |
|    ep_len_mean          | 103         |
|    ep_rew_mean          | 32.7        |
|    success_rate         | 0           |
| time/                   |             |
|    fps                  | 75          |
|    iterations           | 83          |
|    time_elapsed         | 8973        |
|    total_timesteps      | 679936      |
| train/                  |             |
|    approx_kl            | 0.048999853 |
|    clip_fraction        | 0.357       |
|    clip_range           | 0.2         |
|    entropy_loss         | -0.822      |
|    explained_variance   | 0.425       |
|    learning_rate        | 0.0003      |
|    loss                 | 2.51        |
|    n_updates            | 820         |
|    policy_gradient_loss | 0.012       |
|    std                  | 0.442       |
|    value_loss           | 14.8        |
-----------------------------------------
----------------------------------------
| rollout/                |            |
|    ep_len_mean          | 125        |
|    ep_rew_mean          | 38.3       |
|    success_rate         | 0          |
| time/                   |            |
|    fps                  | 75         |
|    iterations           | 84         |
|    time_elapsed         | 9066       |
|    total_timesteps      | 688128     |
| train/                  |            |
|    approx_kl            | 0.04644923 |
|    clip_fraction        | 0.365      |
|    clip_range           | 0.2        |
|    entropy_loss         | -0.801     |
|    explained_variance   | 0.323      |
|    learning_rate        | 0.0003     |
|    loss                 | 5.14       |
|    n_updates            | 830        |
|    policy_gradient_loss | 0.0152     |
|    std                  | 0.442      |
|    value_loss           | 14.8       |
----------------------------------------
-----------------------------------------
| rollout/                |             |
|    ep_len_mean          | 149         |
|    ep_rew_mean          | 44          |
|    success_rate         | 0           |
| time/                   |             |
|    fps                  | 75          |
|    iterations           | 85          |
|    time_elapsed         | 9162        |
|    total_timesteps      | 696320      |
| train/                  |             |
|    approx_kl            | 0.059828226 |
|    clip_fraction        | 0.372       |
|    clip_range           | 0.2         |
|    entropy_loss         | -0.8        |
|    explained_variance   | 0.436       |
|    learning_rate        | 0.0003      |
|    loss                 | 1.17        |
|    n_updates            | 840         |
|    policy_gradient_loss | 0.0183      |
|    std                  | 0.44        |
|    value_loss           | 5.45        |
-----------------------------------------
----------------------------------------
| rollout/                |            |
|    ep_len_mean          | 146        |
|    ep_rew_mean          | 42.8       |
|    success_rate         | 0          |
| time/                   |            |
|    fps                  | 76         |
|    iterations           | 86         |
|    time_elapsed         | 9257       |
|    total_timesteps      | 704512     |
| train/                  |            |
|    approx_kl            | 0.04032629 |
|    clip_fraction        | 0.327      |
|    clip_range           | 0.2        |
|    entropy_loss         | -0.783     |
|    explained_variance   | 0.495      |
|    learning_rate        | 0.0003     |
|    loss                 | 2.16       |
|    n_updates            | 850        |
|    policy_gradient_loss | 0.0135     |
|    std                  | 0.437      |
|    value_loss           | 5.22       |
----------------------------------------
-----------------------------------------
| rollout/                |             |
|    ep_len_mean          | 145         |
|    ep_rew_mean          | 43.2        |
|    success_rate         | 0           |
| time/                   |             |
|    fps                  | 76          |
|    iterations           | 87          |
|    time_elapsed         | 9352        |
|    total_timesteps      | 712704      |
| train/                  |             |
|    approx_kl            | 0.054192748 |
|    clip_fraction        | 0.35        |
|    clip_range           | 0.2         |
|    entropy_loss         | -0.787      |
|    explained_variance   | 0.425       |
|    learning_rate        | 0.0003      |
|    loss                 | 6.81        |
|    n_updates            | 860         |
|    policy_gradient_loss | 0.0145      |
|    std                  | 0.436       |
|    value_loss           | 5.59        |
-----------------------------------------
----------------------------------------
| rollout/                |            |
|    ep_len_mean          | 135        |
|    ep_rew_mean          | 41.2       |
|    success_rate         | 0          |
| time/                   |            |
|    fps                  | 76         |
|    iterations           | 88         |
|    time_elapsed         | 9445       |
|    total_timesteps      | 720896     |
| train/                  |            |
|    approx_kl            | 0.04361538 |
|    clip_fraction        | 0.324      |
|    clip_range           | 0.2        |
|    entropy_loss         | -0.78      |
|    explained_variance   | 0.366      |
|    learning_rate        | 0.0003     |
|    loss                 | 2.06       |
|    n_updates            | 870        |
|    policy_gradient_loss | 0.0118     |
|    std                  | 0.434      |
|    value_loss           | 9.93       |
----------------------------------------
----------------------------------------
| rollout/                |            |
|    ep_len_mean          | 126        |
|    ep_rew_mean          | 38         |
|    success_rate         | 0.03       |
| time/                   |            |
|    fps                  | 76         |
|    iterations           | 89         |
|    time_elapsed         | 9541       |
|    total_timesteps      | 729088     |
| train/                  |            |
|    approx_kl            | 0.07247286 |
|    clip_fraction        | 0.335      |
|    clip_range           | 0.2        |
|    entropy_loss         | -0.746     |
|    explained_variance   | 0.556      |
|    learning_rate        | 0.0003     |
|    loss                 | 7.35       |
|    n_updates            | 880        |
|    policy_gradient_loss | 0.0111     |
|    std                  | 0.425      |
|    value_loss           | 9.08       |
----------------------------------------
-----------------------------------------
| rollout/                |             |
|    ep_len_mean          | 123         |
|    ep_rew_mean          | 35.9        |
|    success_rate         | 0           |
| time/                   |             |
|    fps                  | 76          |
|    iterations           | 90          |
|    time_elapsed         | 9635        |
|    total_timesteps      | 737280      |
| train/                  |             |
|    approx_kl            | 0.050377686 |
|    clip_fraction        | 0.348       |
|    clip_range           | 0.2         |
|    entropy_loss         | -0.725      |
|    explained_variance   | 0.371       |
|    learning_rate        | 0.0003      |
|    loss                 | 7.68        |
|    n_updates            | 890         |
|    policy_gradient_loss | 0.0147      |
|    std                  | 0.423       |
|    value_loss           | 14.8        |
-----------------------------------------
----------------------------------------
| rollout/                |            |
|    ep_len_mean          | 124        |
|    ep_rew_mean          | 36.8       |
|    success_rate         | 0          |
| time/                   |            |
|    fps                  | 76         |
|    iterations           | 91         |
|    time_elapsed         | 9735       |
|    total_timesteps      | 745472     |
| train/                  |            |
|    approx_kl            | 0.04851151 |
|    clip_fraction        | 0.317      |
|    clip_range           | 0.2        |
|    entropy_loss         | -0.707     |
|    explained_variance   | 0.272      |
|    learning_rate        | 0.0003     |
|    loss                 | 7.63       |
|    n_updates            | 900        |
|    policy_gradient_loss | 0.00899    |
|    std                  | 0.423      |
|    value_loss           | 15.2       |
----------------------------------------
----------------------------------------
| rollout/                |            |
|    ep_len_mean          | 112        |
|    ep_rew_mean          | 32.1       |
|    success_rate         | 0          |
| time/                   |            |
|    fps                  | 76         |
|    iterations           | 92         |
|    time_elapsed         | 9836       |
|    total_timesteps      | 753664     |
| train/                  |            |
|    approx_kl            | 0.04954893 |
|    clip_fraction        | 0.302      |
|    clip_range           | 0.2        |
|    entropy_loss         | -0.694     |
|    explained_variance   | 0.444      |
|    learning_rate        | 0.0003     |
|    loss                 | 3.03       |
|    n_updates            | 910        |
|    policy_gradient_loss | 0.00852    |
|    std                  | 0.421      |
|    value_loss           | 14.4       |
----------------------------------------
----------------------------------------
| rollout/                |            |
|    ep_len_mean          | 122        |
|    ep_rew_mean          | 36.8       |
|    success_rate         | 0          |
| time/                   |            |
|    fps                  | 76         |
|    iterations           | 93         |
|    time_elapsed         | 9929       |
|    total_timesteps      | 761856     |
| train/                  |            |
|    approx_kl            | 0.03864485 |
|    clip_fraction        | 0.277      |
|    clip_range           | 0.2        |
|    entropy_loss         | -0.682     |
|    explained_variance   | 0.395      |
|    learning_rate        | 0.0003     |
|    loss                 | 5.28       |
|    n_updates            | 920        |
|    policy_gradient_loss | 0.00531    |
|    std                  | 0.418      |
|    value_loss           | 23.2       |
----------------------------------------
----------------------------------------
| rollout/                |            |
|    ep_len_mean          | 129        |
|    ep_rew_mean          | 41.1       |
|    success_rate         | 0          |
| time/                   |            |
|    fps                  | 76         |
|    iterations           | 94         |
|    time_elapsed         | 10025      |
|    total_timesteps      | 770048     |
| train/                  |            |
|    approx_kl            | 0.03127888 |
|    clip_fraction        | 0.295      |
|    clip_range           | 0.2        |
|    entropy_loss         | -0.642     |
|    explained_variance   | 0.33       |
|    learning_rate        | 0.0003     |
|    loss                 | 8.36       |
|    n_updates            | 930        |
|    policy_gradient_loss | 0.00742    |
|    std                  | 0.408      |
|    value_loss           | 14.7       |
----------------------------------------
-----------------------------------------
| rollout/                |             |
|    ep_len_mean          | 127         |
|    ep_rew_mean          | 41.4        |
|    success_rate         | 0           |
| time/                   |             |
|    fps                  | 76          |
|    iterations           | 95          |
|    time_elapsed         | 10121       |
|    total_timesteps      | 778240      |
| train/                  |             |
|    approx_kl            | 0.033476062 |
|    clip_fraction        | 0.293       |
|    clip_range           | 0.2         |
|    entropy_loss         | -0.622      |
|    explained_variance   | 0.447       |
|    learning_rate        | 0.0003      |
|    loss                 | 2.57        |
|    n_updates            | 940         |
|    policy_gradient_loss | 0.00466     |
|    std                  | 0.408       |
|    value_loss           | 14.2        |
-----------------------------------------
-----------------------------------------
| rollout/                |             |
|    ep_len_mean          | 109         |
|    ep_rew_mean          | 35.3        |
|    success_rate         | 0           |
| time/                   |             |
|    fps                  | 76          |
|    iterations           | 96          |
|    time_elapsed         | 10219       |
|    total_timesteps      | 786432      |
| train/                  |             |
|    approx_kl            | 0.042881716 |
|    clip_fraction        | 0.308       |
|    clip_range           | 0.2         |
|    entropy_loss         | -0.592      |
|    explained_variance   | 0.43        |
|    learning_rate        | 0.0003      |
|    loss                 | 5.03        |
|    n_updates            | 950         |
|    policy_gradient_loss | 0.00875     |
|    std                  | 0.401       |
|    value_loss           | 10.8        |
-----------------------------------------
-----------------------------------------
| rollout/                |             |
|    ep_len_mean          | 114         |
|    ep_rew_mean          | 38.3        |
|    success_rate         | 0           |
| time/                   |             |
|    fps                  | 77          |
|    iterations           | 97          |
|    time_elapsed         | 10317       |
|    total_timesteps      | 794624      |
| train/                  |             |
|    approx_kl            | 0.047725752 |
|    clip_fraction        | 0.332       |
|    clip_range           | 0.2         |
|    entropy_loss         | -0.562      |
|    explained_variance   | 0.38        |
|    learning_rate        | 0.0003      |
|    loss                 | 6.09        |
|    n_updates            | 960         |
|    policy_gradient_loss | 0.013       |
|    std                  | 0.398       |
|    value_loss           | 18.8        |
-----------------------------------------
----------------------------------------
| rollout/                |            |
|    ep_len_mean          | 116        |
|    ep_rew_mean          | 39.5       |
|    success_rate         | 0          |
| time/                   |            |
|    fps                  | 77         |
|    iterations           | 98         |
|    time_elapsed         | 10413      |
|    total_timesteps      | 802816     |
| train/                  |            |
|    approx_kl            | 0.03659582 |
|    clip_fraction        | 0.304      |
|    clip_range           | 0.2        |
|    entropy_loss         | -0.557     |
|    explained_variance   | 0.515      |
|    learning_rate        | 0.0003     |
|    loss                 | 2.68       |
|    n_updates            | 970        |
|    policy_gradient_loss | 0.0122     |
|    std                  | 0.399      |
|    value_loss           | 11.3       |
----------------------------------------
-----------------------------------------
| rollout/                |             |
|    ep_len_mean          | 116         |
|    ep_rew_mean          | 41.4        |
|    success_rate         | 0           |
| time/                   |             |
|    fps                  | 77          |
|    iterations           | 99          |
|    time_elapsed         | 10514       |
|    total_timesteps      | 811008      |
| train/                  |             |
|    approx_kl            | 0.042873956 |
|    clip_fraction        | 0.308       |
|    clip_range           | 0.2         |
|    entropy_loss         | -0.558      |
|    explained_variance   | 0.445       |
|    learning_rate        | 0.0003      |
|    loss                 | 5.51        |
|    n_updates            | 980         |
|    policy_gradient_loss | 0.00577     |
|    std                  | 0.398       |
|    value_loss           | 14.8        |
-----------------------------------------
-----------------------------------------
| rollout/                |             |
|    ep_len_mean          | 101         |
|    ep_rew_mean          | 37.1        |
|    success_rate         | 0           |
| time/                   |             |
|    fps                  | 77          |
|    iterations           | 100         |
|    time_elapsed         | 10609       |
|    total_timesteps      | 819200      |
| train/                  |             |
|    approx_kl            | 0.041339967 |
|    clip_fraction        | 0.335       |
|    clip_range           | 0.2         |
|    entropy_loss         | -0.538      |
|    explained_variance   | 0.68        |
|    learning_rate        | 0.0003      |
|    loss                 | 4.13        |
|    n_updates            | 990         |
|    policy_gradient_loss | 0.0133      |
|    std                  | 0.396       |
|    value_loss           | 9.89        |
-----------------------------------------
-----------------------------------------
| rollout/                |             |
|    ep_len_mean          | 104         |
|    ep_rew_mean          | 33.6        |
|    success_rate         | 0           |
| time/                   |             |
|    fps                  | 77          |
|    iterations           | 101         |
|    time_elapsed         | 10704       |
|    total_timesteps      | 827392      |
| train/                  |             |
|    approx_kl            | 0.045908894 |
|    clip_fraction        | 0.317       |
|    clip_range           | 0.2         |
|    entropy_loss         | -0.516      |
|    explained_variance   | 0.638       |
|    learning_rate        | 0.0003      |
|    loss                 | 6.2         |
|    n_updates            | 1000        |
|    policy_gradient_loss | 0.00882     |
|    std                  | 0.393       |
|    value_loss           | 13.2        |
-----------------------------------------
----------------------------------------
| rollout/                |            |
|    ep_len_mean          | 81.5       |
|    ep_rew_mean          | 30.1       |
|    success_rate         | 0          |
| time/                   |            |
|    fps                  | 77         |
|    iterations           | 102        |
|    time_elapsed         | 10801      |
|    total_timesteps      | 835584     |
| train/                  |            |
|    approx_kl            | 0.05042854 |
|    clip_fraction        | 0.33       |
|    clip_range           | 0.2        |
|    entropy_loss         | -0.497     |
|    explained_variance   | 0.473      |
|    learning_rate        | 0.0003     |
|    loss                 | 7.42       |
|    n_updates            | 1010       |
|    policy_gradient_loss | 0.0115     |
|    std                  | 0.395      |
|    value_loss           | 21.1       |
----------------------------------------
-----------------------------------------
| rollout/                |             |
|    ep_len_mean          | 55.7        |
|    ep_rew_mean          | 20.2        |
|    success_rate         | 0           |
| time/                   |             |
|    fps                  | 77          |
|    iterations           | 103         |
|    time_elapsed         | 10902       |
|    total_timesteps      | 843776      |
| train/                  |             |
|    approx_kl            | 0.061951432 |
|    clip_fraction        | 0.356       |
|    clip_range           | 0.2         |
|    entropy_loss         | -0.507      |
|    explained_variance   | 0.589       |
|    learning_rate        | 0.0003      |
|    loss                 | 6.84        |
|    n_updates            | 1020        |
|    policy_gradient_loss | 0.0237      |
|    std                  | 0.399       |
|    value_loss           | 15.6        |
-----------------------------------------
-----------------------------------------
| rollout/                |             |
|    ep_len_mean          | 82.8        |
|    ep_rew_mean          | 29.4        |
|    success_rate         | 0           |
| time/                   |             |
|    fps                  | 77          |
|    iterations           | 104         |
|    time_elapsed         | 11000       |
|    total_timesteps      | 851968      |
| train/                  |             |
|    approx_kl            | 0.058831267 |
|    clip_fraction        | 0.354       |
|    clip_range           | 0.2         |
|    entropy_loss         | -0.504      |
|    explained_variance   | 0.527       |
|    learning_rate        | 0.0003      |
|    loss                 | 9.24        |
|    n_updates            | 1030        |
|    policy_gradient_loss | 0.0177      |
|    std                  | 0.402       |
|    value_loss           | 17.9        |
-----------------------------------------
----------------------------------------
| rollout/                |            |
|    ep_len_mean          | 78.7       |
|    ep_rew_mean          | 27.9       |
|    success_rate         | 0          |
| time/                   |            |
|    fps                  | 77         |
|    iterations           | 105        |
|    time_elapsed         | 11098      |
|    total_timesteps      | 860160     |
| train/                  |            |
|    approx_kl            | 0.04492788 |
|    clip_fraction        | 0.317      |
|    clip_range           | 0.2        |
|    entropy_loss         | -0.501     |
|    explained_variance   | 0.64       |
|    learning_rate        | 0.0003     |
|    loss                 | 6.44       |
|    n_updates            | 1040       |
|    policy_gradient_loss | 0.00946    |
|    std                  | 0.398      |
|    value_loss           | 12.8       |
----------------------------------------
----------------------------------------
| rollout/                |            |
|    ep_len_mean          | 87.4       |
|    ep_rew_mean          | 31.2       |
|    success_rate         | 0          |
| time/                   |            |
|    fps                  | 77         |
|    iterations           | 106        |
|    time_elapsed         | 11200      |
|    total_timesteps      | 868352     |
| train/                  |            |
|    approx_kl            | 0.06471002 |
|    clip_fraction        | 0.376      |
|    clip_range           | 0.2        |
|    entropy_loss         | -0.485     |
|    explained_variance   | 0.329      |
|    learning_rate        | 0.0003     |
|    loss                 | 12.1       |
|    n_updates            | 1050       |
|    policy_gradient_loss | 0.0186     |
|    std                  | 0.396      |
|    value_loss           | 21.7       |
----------------------------------------
----------------------------------------
| rollout/                |            |
|    ep_len_mean          | 65.3       |
|    ep_rew_mean          | 23.2       |
|    success_rate         | 0          |
| time/                   |            |
|    fps                  | 77         |
|    iterations           | 107        |
|    time_elapsed         | 11297      |
|    total_timesteps      | 876544     |
| train/                  |            |
|    approx_kl            | 0.05466363 |
|    clip_fraction        | 0.353      |
|    clip_range           | 0.2        |
|    entropy_loss         | -0.466     |
|    explained_variance   | 0.464      |
|    learning_rate        | 0.0003     |
|    loss                 | 6.2        |
|    n_updates            | 1060       |
|    policy_gradient_loss | 0.0134     |
|    std                  | 0.393      |
|    value_loss           | 19.2       |
----------------------------------------
---------------------------------------
| rollout/                |           |
|    ep_len_mean          | 93.9      |
|    ep_rew_mean          | 34.5      |
|    success_rate         | 0         |
| time/                   |           |
|    fps                  | 77        |
|    iterations           | 108       |
|    time_elapsed         | 11392     |
|    total_timesteps      | 884736    |
| train/                  |           |
|    approx_kl            | 0.0747062 |
|    clip_fraction        | 0.364     |
|    clip_range           | 0.2       |
|    entropy_loss         | -0.46     |
|    explained_variance   | 0.343     |
|    learning_rate        | 0.0003    |
|    loss                 | 12.1      |
|    n_updates            | 1070      |
|    policy_gradient_loss | 0.0202    |
|    std                  | 0.395     |
|    value_loss           | 25.4      |
---------------------------------------
-----------------------------------------
| rollout/                |             |
|    ep_len_mean          | 116         |
|    ep_rew_mean          | 44.5        |
|    success_rate         | 0           |
| time/                   |             |
|    fps                  | 77          |
|    iterations           | 109         |
|    time_elapsed         | 11488       |
|    total_timesteps      | 892928      |
| train/                  |             |
|    approx_kl            | 0.050449617 |
|    clip_fraction        | 0.361       |
|    clip_range           | 0.2         |
|    entropy_loss         | -0.444      |
|    explained_variance   | 0.427       |
|    learning_rate        | 0.0003      |
|    loss                 | 4.5         |
|    n_updates            | 1080        |
|    policy_gradient_loss | 0.0202      |
|    std                  | 0.392       |
|    value_loss           | 15.1        |
-----------------------------------------
----------------------------------------
| rollout/                |            |
|    ep_len_mean          | 106        |
|    ep_rew_mean          | 38.3       |
|    success_rate         | 0          |
| time/                   |            |
|    fps                  | 77         |
|    iterations           | 110        |
|    time_elapsed         | 11586      |
|    total_timesteps      | 901120     |
| train/                  |            |
|    approx_kl            | 0.04904418 |
|    clip_fraction        | 0.354      |
|    clip_range           | 0.2        |
|    entropy_loss         | -0.427     |
|    explained_variance   | 0.549      |
|    learning_rate        | 0.0003     |
|    loss                 | 7.01       |
|    n_updates            | 1090       |
|    policy_gradient_loss | 0.0196     |
|    std                  | 0.39       |
|    value_loss           | 11.9       |
----------------------------------------
-----------------------------------------
| rollout/                |             |
|    ep_len_mean          | 107         |
|    ep_rew_mean          | 37          |
|    success_rate         | 0           |
| time/                   |             |
|    fps                  | 77          |
|    iterations           | 111         |
|    time_elapsed         | 11683       |
|    total_timesteps      | 909312      |
| train/                  |             |
|    approx_kl            | 0.048126895 |
|    clip_fraction        | 0.332       |
|    clip_range           | 0.2         |
|    entropy_loss         | -0.403      |
|    explained_variance   | 0.545       |
|    learning_rate        | 0.0003      |
|    loss                 | 8.41        |
|    n_updates            | 1100        |
|    policy_gradient_loss | 0.0129      |
|    std                  | 0.39        |
|    value_loss           | 20.6        |
-----------------------------------------
----------------------------------------
| rollout/                |            |
|    ep_len_mean          | 113        |
|    ep_rew_mean          | 39.4       |
|    success_rate         | 0          |
| time/                   |            |
|    fps                  | 77         |
|    iterations           | 112        |
|    time_elapsed         | 11780      |
|    total_timesteps      | 917504     |
| train/                  |            |
|    approx_kl            | 0.04474999 |
|    clip_fraction        | 0.341      |
|    clip_range           | 0.2        |
|    entropy_loss         | -0.384     |
|    explained_variance   | 0.512      |
|    learning_rate        | 0.0003     |
|    loss                 | 10.2       |
|    n_updates            | 1110       |
|    policy_gradient_loss | 0.0137     |
|    std                  | 0.386      |
|    value_loss           | 19.7       |
----------------------------------------
---------------------------------------
| rollout/                |           |
|    ep_len_mean          | 116       |
|    ep_rew_mean          | 40.9      |
|    success_rate         | 0         |
| time/                   |           |
|    fps                  | 77        |
|    iterations           | 113       |
|    time_elapsed         | 11879     |
|    total_timesteps      | 925696    |
| train/                  |           |
|    approx_kl            | 0.0665265 |
|    clip_fraction        | 0.393     |
|    clip_range           | 0.2       |
|    entropy_loss         | -0.379    |
|    explained_variance   | 0.517     |
|    learning_rate        | 0.0003    |
|    loss                 | 8         |
|    n_updates            | 1120      |
|    policy_gradient_loss | 0.0218    |
|    std                  | 0.386     |
|    value_loss           | 17.6      |
---------------------------------------
-----------------------------------------
| rollout/                |             |
|    ep_len_mean          | 109         |
|    ep_rew_mean          | 38.2        |
|    success_rate         | 0           |
| time/                   |             |
|    fps                  | 77          |
|    iterations           | 114         |
|    time_elapsed         | 11978       |
|    total_timesteps      | 933888      |
| train/                  |             |
|    approx_kl            | 0.051565703 |
|    clip_fraction        | 0.334       |
|    clip_range           | 0.2         |
|    entropy_loss         | -0.357      |
|    explained_variance   | 0.599       |
|    learning_rate        | 0.0003      |
|    loss                 | 4.25        |
|    n_updates            | 1130        |
|    policy_gradient_loss | 0.0145      |
|    std                  | 0.381       |
|    value_loss           | 14.1        |
-----------------------------------------
----------------------------------------
| rollout/                |            |
|    ep_len_mean          | 82.3       |
|    ep_rew_mean          | 27.1       |
|    success_rate         | 0          |
| time/                   |            |
|    fps                  | 78         |
|    iterations           | 115        |
|    time_elapsed         | 12076      |
|    total_timesteps      | 942080     |
| train/                  |            |
|    approx_kl            | 0.06038592 |
|    clip_fraction        | 0.358      |
|    clip_range           | 0.2        |
|    entropy_loss         | -0.333     |
|    explained_variance   | 0.467      |
|    learning_rate        | 0.0003     |
|    loss                 | 6.8        |
|    n_updates            | 1140       |
|    policy_gradient_loss | 0.0199     |
|    std                  | 0.376      |
|    value_loss           | 17.7       |
----------------------------------------
-----------------------------------------
| rollout/                |             |
|    ep_len_mean          | 90.4        |
|    ep_rew_mean          | 30          |
|    success_rate         | 0           |
| time/                   |             |
|    fps                  | 78          |
|    iterations           | 116         |
|    time_elapsed         | 12176       |
|    total_timesteps      | 950272      |
| train/                  |             |
|    approx_kl            | 0.049323753 |
|    clip_fraction        | 0.355       |
|    clip_range           | 0.2         |
|    entropy_loss         | -0.341      |
|    explained_variance   | 0.246       |
|    learning_rate        | 0.0003      |
|    loss                 | 12.5        |
|    n_updates            | 1150        |
|    policy_gradient_loss | 0.0148      |
|    std                  | 0.379       |
|    value_loss           | 28.4        |
-----------------------------------------
-----------------------------------------
| rollout/                |             |
|    ep_len_mean          | 115         |
|    ep_rew_mean          | 41.6        |
|    success_rate         | 0           |
| time/                   |             |
|    fps                  | 78          |
|    iterations           | 117         |
|    time_elapsed         | 12273       |
|    total_timesteps      | 958464      |
| train/                  |             |
|    approx_kl            | 0.036560155 |
|    clip_fraction        | 0.3         |
|    clip_range           | 0.2         |
|    entropy_loss         | -0.349      |
|    explained_variance   | 0.264       |
|    learning_rate        | 0.0003      |
|    loss                 | 10.2        |
|    n_updates            | 1160        |
|    policy_gradient_loss | 0.00578     |
|    std                  | 0.382       |
|    value_loss           | 27          |
-----------------------------------------
----------------------------------------
| rollout/                |            |
|    ep_len_mean          | 133        |
|    ep_rew_mean          | 48.9       |
|    success_rate         | 0          |
| time/                   |            |
|    fps                  | 78         |
|    iterations           | 118        |
|    time_elapsed         | 12370      |
|    total_timesteps      | 966656     |
| train/                  |            |
|    approx_kl            | 0.04211527 |
|    clip_fraction        | 0.304      |
|    clip_range           | 0.2        |
|    entropy_loss         | -0.334     |
|    explained_variance   | 0.427      |
|    learning_rate        | 0.0003     |
|    loss                 | 8.41       |
|    n_updates            | 1170       |
|    policy_gradient_loss | 0.00366    |
|    std                  | 0.378      |
|    value_loss           | 15.7       |
----------------------------------------
----------------------------------------
| rollout/                |            |
|    ep_len_mean          | 128        |
|    ep_rew_mean          | 46.8       |
|    success_rate         | 0          |
| time/                   |            |
|    fps                  | 78         |
|    iterations           | 119        |
|    time_elapsed         | 12469      |
|    total_timesteps      | 974848     |
| train/                  |            |
|    approx_kl            | 0.05114746 |
|    clip_fraction        | 0.339      |
|    clip_range           | 0.2        |
|    entropy_loss         | -0.312     |
|    explained_variance   | 0.591      |
|    learning_rate        | 0.0003     |
|    loss                 | 2.66       |
|    n_updates            | 1180       |
|    policy_gradient_loss | 0.0158     |
|    std                  | 0.374      |
|    value_loss           | 9.99       |
----------------------------------------
-----------------------------------------
| rollout/                |             |
|    ep_len_mean          | 123         |
|    ep_rew_mean          | 44.4        |
|    success_rate         | 0           |
| time/                   |             |
|    fps                  | 78          |
|    iterations           | 120         |
|    time_elapsed         | 12565       |
|    total_timesteps      | 983040      |
| train/                  |             |
|    approx_kl            | 0.046508864 |
|    clip_fraction        | 0.321       |
|    clip_range           | 0.2         |
|    entropy_loss         | -0.273      |
|    explained_variance   | 0.612       |
|    learning_rate        | 0.0003      |
|    loss                 | 2.2         |
|    n_updates            | 1190        |
|    policy_gradient_loss | 0.0138      |
|    std                  | 0.369       |
|    value_loss           | 8.53        |
-----------------------------------------
-----------------------------------------
| rollout/                |             |
|    ep_len_mean          | 126         |
|    ep_rew_mean          | 46.7        |
|    success_rate         | 0           |
| time/                   |             |
|    fps                  | 78          |
|    iterations           | 121         |
|    time_elapsed         | 12666       |
|    total_timesteps      | 991232      |
| train/                  |             |
|    approx_kl            | 0.052838337 |
|    clip_fraction        | 0.309       |
|    clip_range           | 0.2         |
|    entropy_loss         | -0.261      |
|    explained_variance   | 0.591       |
|    learning_rate        | 0.0003      |
|    loss                 | 3.12        |
|    n_updates            | 1200        |
|    policy_gradient_loss | 0.00787     |
|    std                  | 0.367       |
|    value_loss           | 11          |
-----------------------------------------
----------------------------------------
| rollout/                |            |
|    ep_len_mean          | 75.5       |
|    ep_rew_mean          | 28.1       |
|    success_rate         | 0          |
| time/                   |            |
|    fps                  | 78         |
|    iterations           | 122        |
|    time_elapsed         | 12765      |
|    total_timesteps      | 999424     |
| train/                  |            |
|    approx_kl            | 0.05546296 |
|    clip_fraction        | 0.364      |
|    clip_range           | 0.2        |
|    entropy_loss         | -0.262     |
|    explained_variance   | 0.666      |
|    learning_rate        | 0.0003     |
|    loss                 | 1.85       |
|    n_updates            | 1210       |
|    policy_gradient_loss | 0.0205     |
|    std                  | 0.364      |
|    value_loss           | 8.52       |
----------------------------------------
-----------------------------------------
| rollout/                |             |
|    ep_len_mean          | 87.7        |
|    ep_rew_mean          | 31.5        |
|    success_rate         | 0           |
| time/                   |             |
|    fps                  | 78          |
|    iterations           | 123         |
|    time_elapsed         | 12868       |
|    total_timesteps      | 1007616     |
| train/                  |             |
|    approx_kl            | 0.049177207 |
|    clip_fraction        | 0.33        |
|    clip_range           | 0.2         |
|    entropy_loss         | -0.254      |
|    explained_variance   | 0.49        |
|    learning_rate        | 0.0003      |
|    loss                 | 10.4        |
|    n_updates            | 1220        |
|    policy_gradient_loss | 0.0216      |
|    std                  | 0.361       |
|    value_loss           | 17          |
-----------------------------------------


###############################################################################
TCHPC Cluster: callan
Job 171170 (deepsets_highway_lanechange_dense_obs20_seed2_v12) for User 'hadjitot' in Account 'callan_hadjitot'
Finished at: Sat Mar 28 18:56:41 GMT 2026

Job efficiency estimates:
=========================

Job ID: 171170
Cluster: callan
User/Group: hadjitot/hadjitot
State: COMPLETED (exit code 0)
Nodes: 1
Cores per node: 16
CPU Utilized: 11:21:22
CPU Efficiency: 19.78% of 2-09:25:20 core-walltime
Job Wall-clock time: 03:35:20
Memory Utilized: 1.90 GB
Memory Efficiency: 5.93% of 32.00 GB (32.00 GB/node)

Job completion status:
======================

JobID           JobName AllocCPUS NTasks NNodes     MaxRSS    MaxRSSNode  MaxDiskRead MaxDiskWrite    Elapsed      State ExitCode 
------------ ---------- --------- ------ ------ ---------- ------------- ------------ ------------ ---------- ---------- -------- 
171170       deepsets_+        16             1                                                      03:35:20  COMPLETED      0:0 
171170.batch      batch        16      1      1   1989088K    callan-n02     1391.24M     1196.95M   03:35:20  COMPLETED      0:0 
171170.exte+     extern        16      1      1                                                      03:35:20  COMPLETED      0:0 


Job details:
============

JobId=171170 JobName=deepsets_highway_lanechange_dense_obs20_seed2_v12
   UserId=hadjitot(2357) GroupId=hadjitot(2300) MCS_label=N/A
   Priority=111896 Nice=0 Account=callan_hadjitot QOS=normal
   JobState=COMPLETING Reason=None Dependency=(null)
   Requeue=0 Restarts=0 BatchFlag=1 Reboot=0 ExitCode=0:0
   DerivedExitCode=0:0
   RunTime=03:35:20 TimeLimit=2-00:00:00 TimeMin=N/A
   SubmitTime=2026-03-27T20:37:57 EligibleTime=2026-03-27T20:37:57
   AccrueTime=2026-03-27T20:37:57
   StartTime=2026-03-28T15:21:21 EndTime=2026-03-28T18:56:41 Deadline=N/A
   SuspendTime=None SecsPreSuspend=0 LastSchedEval=2026-03-28T15:21:21 Scheduler=Backfill
   Partition=compute AllocNode:Sid=callan01:1076092
   ReqNodeList=(null) ExcNodeList=(null)
   NodeList=callan-n02
   BatchHost=callan-n02
   NumNodes=1 NumCPUs=16 NumTasks=1 CPUs/Task=16 ReqB:S:C:T=0:0:*:*
   ReqTRES=cpu=16,mem=32G,node=1,billing=16
   AllocTRES=cpu=16,mem=32G,node=1,billing=16
   Socks/Node=* NtasksPerN:B:S:C=0:0:*:* CoreSpec=*
   JOB_GRES=(null)
     Nodes=callan-n02 CPU_IDs=10-15,19,28-31,42-46 Mem=32768 GRES=
   MinCPUsNode=16 MinMemoryNode=32G MinTmpDiskNode=0
   Features=(null) DelayBoot=00:00:00
   OverSubscribe=OK Contiguous=0 Licenses=(null) LicensesAlloc=(null) Network=(null)
   Command=/home/users/hadjitot/fyp/HighwayEnv/slurm/train_deepsets.sbatch
   WorkDir=/home/users/hadjitot/fyp/HighwayEnv
   StdErr=/home/users/hadjitot/fyp/HighwayEnv/slurm_out/deepsets_highway_lanechange_dense_obs20_seed2_v12_171170.err
   StdIn=/dev/null
   StdOut=/home/users/hadjitot/fyp/HighwayEnv/slurm_out/deepsets_highway_lanechange_dense_obs20_seed2_v12_171170.out
   TresPerTask=cpu=16
   


Disk quota details:
===================

                         Block Limits                                    |                     File Limits
Name       type             MB      quota      limit   in_doubt    grace |    files   quota    limit in_doubt    grace
root       USR         4978025          0          0       2280     none |   398404       0        0      942     none
root       FILESET     5319604          0          0       4835     none |  9918533       0        0     1614     none


SLURM Bank Statement:
=====================

User           Usage |        Account     Usage | Account Limit Available (CPU hrs)
---------- --------- + -------------- --------- + ------------- ---------
hadjitot      13,135 | CALLAN_HADJITOT    13,135 |       300,000   286,865


Acknowledgements:
=================

Note that usage of TCHPC Resources *must* be acknowledged in all publications.

Please see this page for details relevant to this cluster:

http://www.tchpc.tcd.ie/resources/acknowledgementpolicy

################################################################################
