Loading Anaconda 3 2024.02-1
SCENARIO_NAME=cf_v2
EXP_VERSION=v12
TOTAL_TIMESTEPS=1000000
N_ENVS=4
DEEPSETS_HIDDEN=64
ppo_deepsets_cf_v2_v12_seed1 obs shape: (5, 5) action space: Box(-1.0, 1.0, (1,), float32)
Using cpu device
Logging to runs/tb/ppo_deepsets_cf_v2_v12_seed1_1
---------------------------------
| rollout/           |          |
|    ep_len_mean     | 17.6     |
|    ep_rew_mean     | 3.36     |
| time/              |          |
|    fps             | 329      |
|    iterations      | 1        |
|    time_elapsed    | 24       |
|    total_timesteps | 8192     |
---------------------------------
------------------------------------------
| rollout/                |              |
|    ep_len_mean          | 18.4         |
|    ep_rew_mean          | 3.48         |
| time/                   |              |
|    fps                  | 314          |
|    iterations           | 2            |
|    time_elapsed         | 52           |
|    total_timesteps      | 16384        |
| train/                  |              |
|    approx_kl            | 0.0038875611 |
|    clip_fraction        | 0.0294       |
|    clip_range           | 0.2          |
|    entropy_loss         | -1.41        |
|    explained_variance   | 0.000236     |
|    learning_rate        | 0.0003       |
|    loss                 | 0.254        |
|    n_updates            | 10           |
|    policy_gradient_loss | -0.00217     |
|    std                  | 0.993        |
|    value_loss           | 1.69         |
------------------------------------------
-----------------------------------------
| rollout/                |             |
|    ep_len_mean          | 19.3        |
|    ep_rew_mean          | 3.73        |
| time/                   |             |
|    fps                  | 309         |
|    iterations           | 3           |
|    time_elapsed         | 79          |
|    total_timesteps      | 24576       |
| train/                  |             |
|    approx_kl            | 0.012278905 |
|    clip_fraction        | 0.186       |
|    clip_range           | 0.2         |
|    entropy_loss         | -1.39       |
|    explained_variance   | 0.98        |
|    learning_rate        | 0.0003      |
|    loss                 | 0.0858      |
|    n_updates            | 20          |
|    policy_gradient_loss | -0.0206     |
|    std                  | 0.973       |
|    value_loss           | 0.205       |
-----------------------------------------
-----------------------------------------
| rollout/                |             |
|    ep_len_mean          | 23.6        |
|    ep_rew_mean          | 4.06        |
| time/                   |             |
|    fps                  | 302         |
|    iterations           | 4           |
|    time_elapsed         | 108         |
|    total_timesteps      | 32768       |
| train/                  |             |
|    approx_kl            | 0.019138472 |
|    clip_fraction        | 0.266       |
|    clip_range           | 0.2         |
|    entropy_loss         | -1.38       |
|    explained_variance   | 0.989       |
|    learning_rate        | 0.0003      |
|    loss                 | 0.0382      |
|    n_updates            | 30          |
|    policy_gradient_loss | -0.0352     |
|    std                  | 0.961       |
|    value_loss           | 0.204       |
-----------------------------------------
-----------------------------------------
| rollout/                |             |
|    ep_len_mean          | 41.1        |
|    ep_rew_mean          | 5.22        |
| time/                   |             |
|    fps                  | 304         |
|    iterations           | 5           |
|    time_elapsed         | 134         |
|    total_timesteps      | 40960       |
| train/                  |             |
|    approx_kl            | 0.017226543 |
|    clip_fraction        | 0.214       |
|    clip_range           | 0.2         |
|    entropy_loss         | -1.35       |
|    explained_variance   | 0.836       |
|    learning_rate        | 0.0003      |
|    loss                 | 0.2         |
|    n_updates            | 40          |
|    policy_gradient_loss | -0.0133     |
|    std                  | 0.92        |
|    value_loss           | 0.809       |
-----------------------------------------
-----------------------------------------
| rollout/                |             |
|    ep_len_mean          | 60.4        |
|    ep_rew_mean          | 6.29        |
| time/                   |             |
|    fps                  | 307         |
|    iterations           | 6           |
|    time_elapsed         | 159         |
|    total_timesteps      | 49152       |
| train/                  |             |
|    approx_kl            | 0.012428955 |
|    clip_fraction        | 0.166       |
|    clip_range           | 0.2         |
|    entropy_loss         | -1.32       |
|    explained_variance   | 0.63        |
|    learning_rate        | 0.0003      |
|    loss                 | 1.18        |
|    n_updates            | 50          |
|    policy_gradient_loss | -0.0135     |
|    std                  | 0.888       |
|    value_loss           | 3.2         |
-----------------------------------------
-----------------------------------------
| rollout/                |             |
|    ep_len_mean          | 86.1        |
|    ep_rew_mean          | 11.7        |
| time/                   |             |
|    fps                  | 307         |
|    iterations           | 7           |
|    time_elapsed         | 186         |
|    total_timesteps      | 57344       |
| train/                  |             |
|    approx_kl            | 0.012996738 |
|    clip_fraction        | 0.168       |
|    clip_range           | 0.2         |
|    entropy_loss         | -1.29       |
|    explained_variance   | 0.632       |
|    learning_rate        | 0.0003      |
|    loss                 | 1.84        |
|    n_updates            | 60          |
|    policy_gradient_loss | -0.0163     |
|    std                  | 0.866       |
|    value_loss           | 4.74        |
-----------------------------------------
----------------------------------------
| rollout/                |            |
|    ep_len_mean          | 112        |
|    ep_rew_mean          | 17.1       |
| time/                   |            |
|    fps                  | 310        |
|    iterations           | 8          |
|    time_elapsed         | 211        |
|    total_timesteps      | 65536      |
| train/                  |            |
|    approx_kl            | 0.01590788 |
|    clip_fraction        | 0.24       |
|    clip_range           | 0.2        |
|    entropy_loss         | -1.26      |
|    explained_variance   | 0.753      |
|    learning_rate        | 0.0003     |
|    loss                 | 1.65       |
|    n_updates            | 70         |
|    policy_gradient_loss | -0.0192    |
|    std                  | 0.852      |
|    value_loss           | 3.12       |
----------------------------------------
-----------------------------------------
| rollout/                |             |
|    ep_len_mean          | 120         |
|    ep_rew_mean          | 21          |
| time/                   |             |
|    fps                  | 311         |
|    iterations           | 9           |
|    time_elapsed         | 236         |
|    total_timesteps      | 73728       |
| train/                  |             |
|    approx_kl            | 0.020324176 |
|    clip_fraction        | 0.266       |
|    clip_range           | 0.2         |
|    entropy_loss         | -1.25       |
|    explained_variance   | 0.834       |
|    learning_rate        | 0.0003      |
|    loss                 | 0.842       |
|    n_updates            | 80          |
|    policy_gradient_loss | -0.0223     |
|    std                  | 0.845       |
|    value_loss           | 1.55        |
-----------------------------------------
----------------------------------------
| rollout/                |            |
|    ep_len_mean          | 122        |
|    ep_rew_mean          | 25.4       |
| time/                   |            |
|    fps                  | 312        |
|    iterations           | 10         |
|    time_elapsed         | 262        |
|    total_timesteps      | 81920      |
| train/                  |            |
|    approx_kl            | 0.01994561 |
|    clip_fraction        | 0.266      |
|    clip_range           | 0.2        |
|    entropy_loss         | -1.23      |
|    explained_variance   | 0.882      |
|    learning_rate        | 0.0003     |
|    loss                 | 0.639      |
|    n_updates            | 90         |
|    policy_gradient_loss | -0.0284    |
|    std                  | 0.826      |
|    value_loss           | 1.3        |
----------------------------------------
-----------------------------------------
| rollout/                |             |
|    ep_len_mean          | 118         |
|    ep_rew_mean          | 30.4        |
| time/                   |             |
|    fps                  | 313         |
|    iterations           | 11          |
|    time_elapsed         | 287         |
|    total_timesteps      | 90112       |
| train/                  |             |
|    approx_kl            | 0.021978166 |
|    clip_fraction        | 0.267       |
|    clip_range           | 0.2         |
|    entropy_loss         | -1.2        |
|    explained_variance   | 0.838       |
|    learning_rate        | 0.0003      |
|    loss                 | 0.448       |
|    n_updates            | 100         |
|    policy_gradient_loss | -0.027      |
|    std                  | 0.791       |
|    value_loss           | 1.52        |
-----------------------------------------
-----------------------------------------
| rollout/                |             |
|    ep_len_mean          | 121         |
|    ep_rew_mean          | 33.5        |
| time/                   |             |
|    fps                  | 314         |
|    iterations           | 12          |
|    time_elapsed         | 313         |
|    total_timesteps      | 98304       |
| train/                  |             |
|    approx_kl            | 0.017424293 |
|    clip_fraction        | 0.207       |
|    clip_range           | 0.2         |
|    entropy_loss         | -1.16       |
|    explained_variance   | 0.627       |
|    learning_rate        | 0.0003      |
|    loss                 | 0.917       |
|    n_updates            | 110         |
|    policy_gradient_loss | -0.0126     |
|    std                  | 0.761       |
|    value_loss           | 2.16        |
-----------------------------------------
-----------------------------------------
| rollout/                |             |
|    ep_len_mean          | 125         |
|    ep_rew_mean          | 35.9        |
| time/                   |             |
|    fps                  | 312         |
|    iterations           | 13          |
|    time_elapsed         | 340         |
|    total_timesteps      | 106496      |
| train/                  |             |
|    approx_kl            | 0.011704769 |
|    clip_fraction        | 0.172       |
|    clip_range           | 0.2         |
|    entropy_loss         | -1.11       |
|    explained_variance   | 0.673       |
|    learning_rate        | 0.0003      |
|    loss                 | 0.344       |
|    n_updates            | 120         |
|    policy_gradient_loss | -0.00912    |
|    std                  | 0.726       |
|    value_loss           | 1.84        |
-----------------------------------------
----------------------------------------
| rollout/                |            |
|    ep_len_mean          | 125        |
|    ep_rew_mean          | 36.6       |
| time/                   |            |
|    fps                  | 313        |
|    iterations           | 14         |
|    time_elapsed         | 365        |
|    total_timesteps      | 114688     |
| train/                  |            |
|    approx_kl            | 0.01410374 |
|    clip_fraction        | 0.191      |
|    clip_range           | 0.2        |
|    entropy_loss         | -1.09      |
|    explained_variance   | 0.632      |
|    learning_rate        | 0.0003     |
|    loss                 | 0.359      |
|    n_updates            | 130        |
|    policy_gradient_loss | -0.00315   |
|    std                  | 0.711      |
|    value_loss           | 2.35       |
----------------------------------------
------------------------------------------
| rollout/                |              |
|    ep_len_mean          | 126          |
|    ep_rew_mean          | 36.9         |
| time/                   |              |
|    fps                  | 314          |
|    iterations           | 15           |
|    time_elapsed         | 390          |
|    total_timesteps      | 122880       |
| train/                  |              |
|    approx_kl            | 0.0071147075 |
|    clip_fraction        | 0.122        |
|    clip_range           | 0.2          |
|    entropy_loss         | -1.05        |
|    explained_variance   | 0.933        |
|    learning_rate        | 0.0003       |
|    loss                 | 0.021        |
|    n_updates            | 140          |
|    policy_gradient_loss | 0.00121      |
|    std                  | 0.685        |
|    value_loss           | 0.126        |
------------------------------------------
-----------------------------------------
| rollout/                |             |
|    ep_len_mean          | 126         |
|    ep_rew_mean          | 37.3        |
| time/                   |             |
|    fps                  | 315         |
|    iterations           | 16          |
|    time_elapsed         | 415         |
|    total_timesteps      | 131072      |
| train/                  |             |
|    approx_kl            | 0.004598377 |
|    clip_fraction        | 0.0927      |
|    clip_range           | 0.2         |
|    entropy_loss         | -1.05       |
|    explained_variance   | 0.967       |
|    learning_rate        | 0.0003      |
|    loss                 | 0.0181      |
|    n_updates            | 150         |
|    policy_gradient_loss | 0.00135     |
|    std                  | 0.688       |
|    value_loss           | 0.0708      |
-----------------------------------------
------------------------------------------
| rollout/                |              |
|    ep_len_mean          | 126          |
|    ep_rew_mean          | 37           |
| time/                   |              |
|    fps                  | 313          |
|    iterations           | 17           |
|    time_elapsed         | 443          |
|    total_timesteps      | 139264       |
| train/                  |              |
|    approx_kl            | 0.0051785354 |
|    clip_fraction        | 0.0948       |
|    clip_range           | 0.2          |
|    entropy_loss         | -1.04        |
|    explained_variance   | 0.975        |
|    learning_rate        | 0.0003       |
|    loss                 | 0.0268       |
|    n_updates            | 160          |
|    policy_gradient_loss | 0.00287      |
|    std                  | 0.684        |
|    value_loss           | 0.0661       |
------------------------------------------
-----------------------------------------
| rollout/                |             |
|    ep_len_mean          | 126         |
|    ep_rew_mean          | 37.1        |
| time/                   |             |
|    fps                  | 315         |
|    iterations           | 18          |
|    time_elapsed         | 467         |
|    total_timesteps      | 147456      |
| train/                  |             |
|    approx_kl            | 0.005223836 |
|    clip_fraction        | 0.0901      |
|    clip_range           | 0.2         |
|    entropy_loss         | -1.04       |
|    explained_variance   | 0.978       |
|    learning_rate        | 0.0003      |
|    loss                 | 0.0305      |
|    n_updates            | 170         |
|    policy_gradient_loss | 0.00231     |
|    std                  | 0.681       |
|    value_loss           | 0.0674      |
-----------------------------------------
------------------------------------------
| rollout/                |              |
|    ep_len_mean          | 126          |
|    ep_rew_mean          | 37.3         |
| time/                   |              |
|    fps                  | 314          |
|    iterations           | 19           |
|    time_elapsed         | 495          |
|    total_timesteps      | 155648       |
| train/                  |              |
|    approx_kl            | 0.0070556803 |
|    clip_fraction        | 0.0838       |
|    clip_range           | 0.2          |
|    entropy_loss         | -1.02        |
|    explained_variance   | 0.984        |
|    learning_rate        | 0.0003       |
|    loss                 | 0.0216       |
|    n_updates            | 180          |
|    policy_gradient_loss | 0.00269      |
|    std                  | 0.668        |
|    value_loss           | 0.0688       |
------------------------------------------
------------------------------------------
| rollout/                |              |
|    ep_len_mean          | 126          |
|    ep_rew_mean          | 37.5         |
| time/                   |              |
|    fps                  | 315          |
|    iterations           | 20           |
|    time_elapsed         | 519          |
|    total_timesteps      | 163840       |
| train/                  |              |
|    approx_kl            | 0.0041531688 |
|    clip_fraction        | 0.0866       |
|    clip_range           | 0.2          |
|    entropy_loss         | -1.01        |
|    explained_variance   | 0.988        |
|    learning_rate        | 0.0003       |
|    loss                 | 0.0277       |
|    n_updates            | 190          |
|    policy_gradient_loss | 0.00201      |
|    std                  | 0.658        |
|    value_loss           | 0.0776       |
------------------------------------------
-----------------------------------------
| rollout/                |             |
|    ep_len_mean          | 126         |
|    ep_rew_mean          | 37.1        |
| time/                   |             |
|    fps                  | 315         |
|    iterations           | 21          |
|    time_elapsed         | 545         |
|    total_timesteps      | 172032      |
| train/                  |             |
|    approx_kl            | 0.005467534 |
|    clip_fraction        | 0.078       |
|    clip_range           | 0.2         |
|    entropy_loss         | -0.994      |
|    explained_variance   | 0.99        |
|    learning_rate        | 0.0003      |
|    loss                 | 0.0333      |
|    n_updates            | 200         |
|    policy_gradient_loss | 0.00207     |
|    std                  | 0.648       |
|    value_loss           | 0.0748      |
-----------------------------------------
----------------------------------------
| rollout/                |            |
|    ep_len_mean          | 126        |
|    ep_rew_mean          | 36.9       |
| time/                   |            |
|    fps                  | 315        |
|    iterations           | 22         |
|    time_elapsed         | 572        |
|    total_timesteps      | 180224     |
| train/                  |            |
|    approx_kl            | 0.00613138 |
|    clip_fraction        | 0.0919     |
|    clip_range           | 0.2        |
|    entropy_loss         | -0.99      |
|    explained_variance   | 0.99       |
|    learning_rate        | 0.0003     |
|    loss                 | 0.0383     |
|    n_updates            | 210        |
|    policy_gradient_loss | 0.00231    |
|    std                  | 0.655      |
|    value_loss           | 0.0673     |
----------------------------------------
------------------------------------------
| rollout/                |              |
|    ep_len_mean          | 126          |
|    ep_rew_mean          | 36.8         |
| time/                   |              |
|    fps                  | 315          |
|    iterations           | 23           |
|    time_elapsed         | 597          |
|    total_timesteps      | 188416       |
| train/                  |              |
|    approx_kl            | 0.0054739537 |
|    clip_fraction        | 0.0713       |
|    clip_range           | 0.2          |
|    entropy_loss         | -0.997       |
|    explained_variance   | 0.99         |
|    learning_rate        | 0.0003       |
|    loss                 | 0.0406       |
|    n_updates            | 220          |
|    policy_gradient_loss | 0.00241      |
|    std                  | 0.656        |
|    value_loss           | 0.0666       |
------------------------------------------
-----------------------------------------
| rollout/                |             |
|    ep_len_mean          | 126         |
|    ep_rew_mean          | 36.7        |
| time/                   |             |
|    fps                  | 315         |
|    iterations           | 24          |
|    time_elapsed         | 623         |
|    total_timesteps      | 196608      |
| train/                  |             |
|    approx_kl            | 0.005318377 |
|    clip_fraction        | 0.0802      |
|    clip_range           | 0.2         |
|    entropy_loss         | -0.998      |
|    explained_variance   | 0.991       |
|    learning_rate        | 0.0003      |
|    loss                 | 0.0388      |
|    n_updates            | 230         |
|    policy_gradient_loss | 0.00291     |
|    std                  | 0.657       |
|    value_loss           | 0.0641      |
-----------------------------------------
----------------------------------------
| rollout/                |            |
|    ep_len_mean          | 126        |
|    ep_rew_mean          | 36.4       |
| time/                   |            |
|    fps                  | 315        |
|    iterations           | 25         |
|    time_elapsed         | 648        |
|    total_timesteps      | 204800     |
| train/                  |            |
|    approx_kl            | 0.00805822 |
|    clip_fraction        | 0.0715     |
|    clip_range           | 0.2        |
|    entropy_loss         | -0.998     |
|    explained_variance   | 0.986      |
|    learning_rate        | 0.0003     |
|    loss                 | 0.0363     |
|    n_updates            | 240        |
|    policy_gradient_loss | 0.00218    |
|    std                  | 0.655      |
|    value_loss           | 0.0847     |
----------------------------------------
------------------------------------------
| rollout/                |              |
|    ep_len_mean          | 126          |
|    ep_rew_mean          | 36.5         |
| time/                   |              |
|    fps                  | 316          |
|    iterations           | 26           |
|    time_elapsed         | 673          |
|    total_timesteps      | 212992       |
| train/                  |              |
|    approx_kl            | 0.0073437267 |
|    clip_fraction        | 0.0835       |
|    clip_range           | 0.2          |
|    entropy_loss         | -0.99        |
|    explained_variance   | 0.987        |
|    learning_rate        | 0.0003       |
|    loss                 | 0.0254       |
|    n_updates            | 250          |
|    policy_gradient_loss | -0.000616    |
|    std                  | 0.649        |
|    value_loss           | 0.0783       |
------------------------------------------
------------------------------------------
| rollout/                |              |
|    ep_len_mean          | 126          |
|    ep_rew_mean          | 36.4         |
| time/                   |              |
|    fps                  | 316          |
|    iterations           | 27           |
|    time_elapsed         | 699          |
|    total_timesteps      | 221184       |
| train/                  |              |
|    approx_kl            | 0.0053196335 |
|    clip_fraction        | 0.0639       |
|    clip_range           | 0.2          |
|    entropy_loss         | -0.978       |
|    explained_variance   | 0.987        |
|    learning_rate        | 0.0003       |
|    loss                 | 0.0133       |
|    n_updates            | 260          |
|    policy_gradient_loss | -7.75e-05    |
|    std                  | 0.639        |
|    value_loss           | 0.0727       |
------------------------------------------
-----------------------------------------
| rollout/                |             |
|    ep_len_mean          | 126         |
|    ep_rew_mean          | 36.5        |
| time/                   |             |
|    fps                  | 315         |
|    iterations           | 28          |
|    time_elapsed         | 727         |
|    total_timesteps      | 229376      |
| train/                  |             |
|    approx_kl            | 0.007254989 |
|    clip_fraction        | 0.0753      |
|    clip_range           | 0.2         |
|    entropy_loss         | -0.959      |
|    explained_variance   | 0.983       |
|    learning_rate        | 0.0003      |
|    loss                 | 0.0291      |
|    n_updates            | 270         |
|    policy_gradient_loss | -0.000871   |
|    std                  | 0.633       |
|    value_loss           | 0.0829      |
-----------------------------------------
-----------------------------------------
| rollout/                |             |
|    ep_len_mean          | 126         |
|    ep_rew_mean          | 37.1        |
| time/                   |             |
|    fps                  | 315         |
|    iterations           | 29          |
|    time_elapsed         | 753         |
|    total_timesteps      | 237568      |
| train/                  |             |
|    approx_kl            | 0.006370493 |
|    clip_fraction        | 0.0876      |
|    clip_range           | 0.2         |
|    entropy_loss         | -0.949      |
|    explained_variance   | 0.986       |
|    learning_rate        | 0.0003      |
|    loss                 | 0.0113      |
|    n_updates            | 280         |
|    policy_gradient_loss | -0.00306    |
|    std                  | 0.624       |
|    value_loss           | 0.0689      |
-----------------------------------------
------------------------------------------
| rollout/                |              |
|    ep_len_mean          | 126          |
|    ep_rew_mean          | 37.1         |
| time/                   |              |
|    fps                  | 315          |
|    iterations           | 30           |
|    time_elapsed         | 777          |
|    total_timesteps      | 245760       |
| train/                  |              |
|    approx_kl            | 0.0087725315 |
|    clip_fraction        | 0.0807       |
|    clip_range           | 0.2          |
|    entropy_loss         | -0.943       |
|    explained_variance   | 0.824        |
|    learning_rate        | 0.0003       |
|    loss                 | 0.0525       |
|    n_updates            | 290          |
|    policy_gradient_loss | 5.88e-05     |
|    std                  | 0.62         |
|    value_loss           | 0.812        |
------------------------------------------
------------------------------------------
| rollout/                |              |
|    ep_len_mean          | 126          |
|    ep_rew_mean          | 37.2         |
| time/                   |              |
|    fps                  | 315          |
|    iterations           | 31           |
|    time_elapsed         | 804          |
|    total_timesteps      | 253952       |
| train/                  |              |
|    approx_kl            | 0.0066471193 |
|    clip_fraction        | 0.0787       |
|    clip_range           | 0.2          |
|    entropy_loss         | -0.939       |
|    explained_variance   | 0.825        |
|    learning_rate        | 0.0003       |
|    loss                 | 0.0494       |
|    n_updates            | 300          |
|    policy_gradient_loss | 4.61e-05     |
|    std                  | 0.617        |
|    value_loss           | 0.842        |
------------------------------------------
-----------------------------------------
| rollout/                |             |
|    ep_len_mean          | 126         |
|    ep_rew_mean          | 37.3        |
| time/                   |             |
|    fps                  | 315         |
|    iterations           | 32          |
|    time_elapsed         | 830         |
|    total_timesteps      | 262144      |
| train/                  |             |
|    approx_kl            | 0.006618156 |
|    clip_fraction        | 0.0765      |
|    clip_range           | 0.2         |
|    entropy_loss         | -0.93       |
|    explained_variance   | 0.984       |
|    learning_rate        | 0.0003      |
|    loss                 | 0.02        |
|    n_updates            | 310         |
|    policy_gradient_loss | -0.00102    |
|    std                  | 0.61        |
|    value_loss           | 0.0657      |
-----------------------------------------
----------------------------------------
| rollout/                |            |
|    ep_len_mean          | 126        |
|    ep_rew_mean          | 37.3       |
| time/                   |            |
|    fps                  | 315        |
|    iterations           | 33         |
|    time_elapsed         | 856        |
|    total_timesteps      | 270336     |
| train/                  |            |
|    approx_kl            | 0.00959586 |
|    clip_fraction        | 0.0868     |
|    clip_range           | 0.2        |
|    entropy_loss         | -0.911     |
|    explained_variance   | 0.99       |
|    learning_rate        | 0.0003     |
|    loss                 | 0.0389     |
|    n_updates            | 320        |
|    policy_gradient_loss | -0.00221   |
|    std                  | 0.6        |
|    value_loss           | 0.0538     |
----------------------------------------
------------------------------------------
| rollout/                |              |
|    ep_len_mean          | 121          |
|    ep_rew_mean          | 34.9         |
| time/                   |              |
|    fps                  | 315          |
|    iterations           | 34           |
|    time_elapsed         | 882          |
|    total_timesteps      | 278528       |
| train/                  |              |
|    approx_kl            | 0.0053228796 |
|    clip_fraction        | 0.0841       |
|    clip_range           | 0.2          |
|    entropy_loss         | -0.904       |
|    explained_variance   | 0.837        |
|    learning_rate        | 0.0003       |
|    loss                 | 0.0686       |
|    n_updates            | 330          |
|    policy_gradient_loss | 0.000391     |
|    std                  | 0.596        |
|    value_loss           | 0.959        |
------------------------------------------
-----------------------------------------
| rollout/                |             |
|    ep_len_mean          | 123         |
|    ep_rew_mean          | 36.4        |
| time/                   |             |
|    fps                  | 315         |
|    iterations           | 35          |
|    time_elapsed         | 908         |
|    total_timesteps      | 286720      |
| train/                  |             |
|    approx_kl            | 0.021069923 |
|    clip_fraction        | 0.234       |
|    clip_range           | 0.2         |
|    entropy_loss         | -0.901      |
|    explained_variance   | 0.398       |
|    learning_rate        | 0.0003      |
|    loss                 | 8.6         |
|    n_updates            | 340         |
|    policy_gradient_loss | -0.000191   |
|    std                  | 0.595       |
|    value_loss           | 8.4         |
-----------------------------------------
--------------------------------------
| rollout/                |          |
|    ep_len_mean          | 126      |
|    ep_rew_mean          | 37.3     |
| time/                   |          |
|    fps                  | 315      |
|    iterations           | 36       |
|    time_elapsed         | 935      |
|    total_timesteps      | 294912   |
| train/                  |          |
|    approx_kl            | 0.015858 |
|    clip_fraction        | 0.179    |
|    clip_range           | 0.2      |
|    entropy_loss         | -0.877   |
|    explained_variance   | 0.734    |
|    learning_rate        | 0.0003   |
|    loss                 | 0.0547   |
|    n_updates            | 350      |
|    policy_gradient_loss | -0.0056  |
|    std                  | 0.574    |
|    value_loss           | 1.04     |
--------------------------------------
-----------------------------------------
| rollout/                |             |
|    ep_len_mean          | 126         |
|    ep_rew_mean          | 37.4        |
| time/                   |             |
|    fps                  | 315         |
|    iterations           | 37          |
|    time_elapsed         | 961         |
|    total_timesteps      | 303104      |
| train/                  |             |
|    approx_kl            | 0.009756042 |
|    clip_fraction        | 0.114       |
|    clip_range           | 0.2         |
|    entropy_loss         | -0.845      |
|    explained_variance   | 0.959       |
|    learning_rate        | 0.0003      |
|    loss                 | 0.0504      |
|    n_updates            | 360         |
|    policy_gradient_loss | -0.00198    |
|    std                  | 0.56        |
|    value_loss           | 0.0589      |
-----------------------------------------
------------------------------------------
| rollout/                |              |
|    ep_len_mean          | 126          |
|    ep_rew_mean          | 37.1         |
| time/                   |              |
|    fps                  | 315          |
|    iterations           | 38           |
|    time_elapsed         | 987          |
|    total_timesteps      | 311296       |
| train/                  |              |
|    approx_kl            | 0.0067415615 |
|    clip_fraction        | 0.0809       |
|    clip_range           | 0.2          |
|    entropy_loss         | -0.835       |
|    explained_variance   | 0.976        |
|    learning_rate        | 0.0003       |
|    loss                 | 0.0251       |
|    n_updates            | 370          |
|    policy_gradient_loss | -0.000569    |
|    std                  | 0.556        |
|    value_loss           | 0.0519       |
------------------------------------------
-----------------------------------------
| rollout/                |             |
|    ep_len_mean          | 126         |
|    ep_rew_mean          | 37.3        |
| time/                   |             |
|    fps                  | 315         |
|    iterations           | 39          |
|    time_elapsed         | 1013        |
|    total_timesteps      | 319488      |
| train/                  |             |
|    approx_kl            | 0.006951551 |
|    clip_fraction        | 0.0727      |
|    clip_range           | 0.2         |
|    entropy_loss         | -0.825      |
|    explained_variance   | 0.98        |
|    learning_rate        | 0.0003      |
|    loss                 | 0.00422     |
|    n_updates            | 380         |
|    policy_gradient_loss | 4.66e-05    |
|    std                  | 0.551       |
|    value_loss           | 0.0459      |
-----------------------------------------
-----------------------------------------
| rollout/                |             |
|    ep_len_mean          | 125         |
|    ep_rew_mean          | 37.1        |
| time/                   |             |
|    fps                  | 315         |
|    iterations           | 40          |
|    time_elapsed         | 1038        |
|    total_timesteps      | 327680      |
| train/                  |             |
|    approx_kl            | 0.004294626 |
|    clip_fraction        | 0.0766      |
|    clip_range           | 0.2         |
|    entropy_loss         | -0.825      |
|    explained_variance   | 0.979       |
|    learning_rate        | 0.0003      |
|    loss                 | 0.0218      |
|    n_updates            | 390         |
|    policy_gradient_loss | 0.000329    |
|    std                  | 0.552       |
|    value_loss           | 0.0535      |
-----------------------------------------
-----------------------------------------
| rollout/                |             |
|    ep_len_mean          | 125         |
|    ep_rew_mean          | 37          |
| time/                   |             |
|    fps                  | 315         |
|    iterations           | 41          |
|    time_elapsed         | 1064        |
|    total_timesteps      | 335872      |
| train/                  |             |
|    approx_kl            | 0.006021351 |
|    clip_fraction        | 0.0729      |
|    clip_range           | 0.2         |
|    entropy_loss         | -0.816      |
|    explained_variance   | 0.772       |
|    learning_rate        | 0.0003      |
|    loss                 | 0.00343     |
|    n_updates            | 400         |
|    policy_gradient_loss | 0.000636    |
|    std                  | 0.548       |
|    value_loss           | 0.34        |
-----------------------------------------
------------------------------------------
| rollout/                |              |
|    ep_len_mean          | 125          |
|    ep_rew_mean          | 37.2         |
| time/                   |              |
|    fps                  | 315          |
|    iterations           | 42           |
|    time_elapsed         | 1091         |
|    total_timesteps      | 344064       |
| train/                  |              |
|    approx_kl            | 0.0058245184 |
|    clip_fraction        | 0.102        |
|    clip_range           | 0.2          |
|    entropy_loss         | -0.804       |
|    explained_variance   | 0.65         |
|    learning_rate        | 0.0003       |
|    loss                 | 0.87         |
|    n_updates            | 410          |
|    policy_gradient_loss | 0.00122      |
|    std                  | 0.535        |
|    value_loss           | 1.71         |
------------------------------------------
------------------------------------------
| rollout/                |              |
|    ep_len_mean          | 125          |
|    ep_rew_mean          | 37.4         |
| time/                   |              |
|    fps                  | 314          |
|    iterations           | 43           |
|    time_elapsed         | 1118         |
|    total_timesteps      | 352256       |
| train/                  |              |
|    approx_kl            | 0.0068557994 |
|    clip_fraction        | 0.0996       |
|    clip_range           | 0.2          |
|    entropy_loss         | -0.784       |
|    explained_variance   | 0.984        |
|    learning_rate        | 0.0003       |
|    loss                 | 0.0514       |
|    n_updates            | 420          |
|    policy_gradient_loss | 0.000229     |
|    std                  | 0.529        |
|    value_loss           | 0.0428       |
------------------------------------------
----------------------------------------
| rollout/                |            |
|    ep_len_mean          | 81.7       |
|    ep_rew_mean          | 19.3       |
| time/                   |            |
|    fps                  | 314        |
|    iterations           | 44         |
|    time_elapsed         | 1144       |
|    total_timesteps      | 360448     |
| train/                  |            |
|    approx_kl            | 0.00599978 |
|    clip_fraction        | 0.101      |
|    clip_range           | 0.2        |
|    entropy_loss         | -0.781     |
|    explained_variance   | 0.645      |
|    learning_rate        | 0.0003     |
|    loss                 | 0.0939     |
|    n_updates            | 430        |
|    policy_gradient_loss | 0.00304    |
|    std                  | 0.528      |
|    value_loss           | 1.97       |
----------------------------------------
--------------------------------------
| rollout/                |          |
|    ep_len_mean          | 73.5     |
|    ep_rew_mean          | 19.6     |
| time/                   |          |
|    fps                  | 315      |
|    iterations           | 45       |
|    time_elapsed         | 1169     |
|    total_timesteps      | 368640   |
| train/                  |          |
|    approx_kl            | 0.025307 |
|    clip_fraction        | 0.284    |
|    clip_range           | 0.2      |
|    entropy_loss         | -0.782   |
|    explained_variance   | 0.227    |
|    learning_rate        | 0.0003   |
|    loss                 | 22       |
|    n_updates            | 440      |
|    policy_gradient_loss | 0.00484  |
|    std                  | 0.529    |
|    value_loss           | 32.8     |
--------------------------------------
-----------------------------------------
| rollout/                |             |
|    ep_len_mean          | 92          |
|    ep_rew_mean          | 25.7        |
| time/                   |             |
|    fps                  | 315         |
|    iterations           | 46          |
|    time_elapsed         | 1193        |
|    total_timesteps      | 376832      |
| train/                  |             |
|    approx_kl            | 0.015069765 |
|    clip_fraction        | 0.199       |
|    clip_range           | 0.2         |
|    entropy_loss         | -0.78       |
|    explained_variance   | 0.484       |
|    learning_rate        | 0.0003      |
|    loss                 | 8.27        |
|    n_updates            | 450         |
|    policy_gradient_loss | -0.00354    |
|    std                  | 0.527       |
|    value_loss           | 21.6        |
-----------------------------------------
-----------------------------------------
| rollout/                |             |
|    ep_len_mean          | 106         |
|    ep_rew_mean          | 30.6        |
| time/                   |             |
|    fps                  | 315         |
|    iterations           | 47          |
|    time_elapsed         | 1220        |
|    total_timesteps      | 385024      |
| train/                  |             |
|    approx_kl            | 0.021005053 |
|    clip_fraction        | 0.228       |
|    clip_range           | 0.2         |
|    entropy_loss         | -0.774      |
|    explained_variance   | 0.529       |
|    learning_rate        | 0.0003      |
|    loss                 | 8.23        |
|    n_updates            | 460         |
|    policy_gradient_loss | -0.0117     |
|    std                  | 0.522       |
|    value_loss           | 19.4        |
-----------------------------------------
-----------------------------------------
| rollout/                |             |
|    ep_len_mean          | 122         |
|    ep_rew_mean          | 36.3        |
| time/                   |             |
|    fps                  | 314         |
|    iterations           | 48          |
|    time_elapsed         | 1248        |
|    total_timesteps      | 393216      |
| train/                  |             |
|    approx_kl            | 0.021904368 |
|    clip_fraction        | 0.232       |
|    clip_range           | 0.2         |
|    entropy_loss         | -0.749      |
|    explained_variance   | 0.587       |
|    learning_rate        | 0.0003      |
|    loss                 | 2.78        |
|    n_updates            | 470         |
|    policy_gradient_loss | -0.00648    |
|    std                  | 0.502       |
|    value_loss           | 6.6         |
-----------------------------------------
-----------------------------------------
| rollout/                |             |
|    ep_len_mean          | 126         |
|    ep_rew_mean          | 37.3        |
| time/                   |             |
|    fps                  | 314         |
|    iterations           | 49          |
|    time_elapsed         | 1275        |
|    total_timesteps      | 401408      |
| train/                  |             |
|    approx_kl            | 0.010437147 |
|    clip_fraction        | 0.119       |
|    clip_range           | 0.2         |
|    entropy_loss         | -0.692      |
|    explained_variance   | -0.0416     |
|    learning_rate        | 0.0003      |
|    loss                 | 0.507       |
|    n_updates            | 480         |
|    policy_gradient_loss | -0.00123    |
|    std                  | 0.479       |
|    value_loss           | 0.277       |
-----------------------------------------
-----------------------------------------
| rollout/                |             |
|    ep_len_mean          | 126         |
|    ep_rew_mean          | 37.4        |
| time/                   |             |
|    fps                  | 313         |
|    iterations           | 50          |
|    time_elapsed         | 1305        |
|    total_timesteps      | 409600      |
| train/                  |             |
|    approx_kl            | 0.005193819 |
|    clip_fraction        | 0.0929      |
|    clip_range           | 0.2         |
|    entropy_loss         | -0.667      |
|    explained_variance   | 0.751       |
|    learning_rate        | 0.0003      |
|    loss                 | 0.0441      |
|    n_updates            | 490         |
|    policy_gradient_loss | 0.000471    |
|    std                  | 0.467       |
|    value_loss           | 0.0706      |
-----------------------------------------
-----------------------------------------
| rollout/                |             |
|    ep_len_mean          | 126         |
|    ep_rew_mean          | 37.3        |
| time/                   |             |
|    fps                  | 313         |
|    iterations           | 51          |
|    time_elapsed         | 1333        |
|    total_timesteps      | 417792      |
| train/                  |             |
|    approx_kl            | 0.005259056 |
|    clip_fraction        | 0.0925      |
|    clip_range           | 0.2         |
|    entropy_loss         | -0.663      |
|    explained_variance   | 0.936       |
|    learning_rate        | 0.0003      |
|    loss                 | -0.00173    |
|    n_updates            | 500         |
|    policy_gradient_loss | 0.00175     |
|    std                  | 0.469       |
|    value_loss           | 0.046       |
-----------------------------------------
-----------------------------------------
| rollout/                |             |
|    ep_len_mean          | 126         |
|    ep_rew_mean          | 37.3        |
| time/                   |             |
|    fps                  | 313         |
|    iterations           | 52          |
|    time_elapsed         | 1360        |
|    total_timesteps      | 425984      |
| train/                  |             |
|    approx_kl            | 0.006583684 |
|    clip_fraction        | 0.0981      |
|    clip_range           | 0.2         |
|    entropy_loss         | -0.662      |
|    explained_variance   | 0.965       |
|    learning_rate        | 0.0003      |
|    loss                 | 0.0244      |
|    n_updates            | 510         |
|    policy_gradient_loss | 0.00114     |
|    std                  | 0.47        |
|    value_loss           | 0.0455      |
-----------------------------------------
-----------------------------------------
| rollout/                |             |
|    ep_len_mean          | 126         |
|    ep_rew_mean          | 37.4        |
| time/                   |             |
|    fps                  | 312         |
|    iterations           | 53          |
|    time_elapsed         | 1388        |
|    total_timesteps      | 434176      |
| train/                  |             |
|    approx_kl            | 0.006500362 |
|    clip_fraction        | 0.0806      |
|    clip_range           | 0.2         |
|    entropy_loss         | -0.665      |
|    explained_variance   | 0.979       |
|    learning_rate        | 0.0003      |
|    loss                 | 0.0421      |
|    n_updates            | 520         |
|    policy_gradient_loss | 0.00138     |
|    std                  | 0.472       |
|    value_loss           | 0.0487      |
-----------------------------------------
-----------------------------------------
| rollout/                |             |
|    ep_len_mean          | 125         |
|    ep_rew_mean          | 37.3        |
| time/                   |             |
|    fps                  | 311         |
|    iterations           | 54          |
|    time_elapsed         | 1418        |
|    total_timesteps      | 442368      |
| train/                  |             |
|    approx_kl            | 0.012023095 |
|    clip_fraction        | 0.0916      |
|    clip_range           | 0.2         |
|    entropy_loss         | -0.653      |
|    explained_variance   | 0.985       |
|    learning_rate        | 0.0003      |
|    loss                 | 0.0182      |
|    n_updates            | 530         |
|    policy_gradient_loss | 0.00187     |
|    std                  | 0.461       |
|    value_loss           | 0.0369      |
-----------------------------------------
------------------------------------------
| rollout/                |              |
|    ep_len_mean          | 125          |
|    ep_rew_mean          | 37.1         |
| time/                   |              |
|    fps                  | 311          |
|    iterations           | 55           |
|    time_elapsed         | 1448         |
|    total_timesteps      | 450560       |
| train/                  |              |
|    approx_kl            | 0.0046636043 |
|    clip_fraction        | 0.0819       |
|    clip_range           | 0.2          |
|    entropy_loss         | -0.64        |
|    explained_variance   | 0.716        |
|    learning_rate        | 0.0003       |
|    loss                 | 0.0183       |
|    n_updates            | 540          |
|    policy_gradient_loss | 0.00185      |
|    std                  | 0.458        |
|    value_loss           | 0.315        |
------------------------------------------
-----------------------------------------
| rollout/                |             |
|    ep_len_mean          | 126         |
|    ep_rew_mean          | 37.3        |
| time/                   |             |
|    fps                  | 310         |
|    iterations           | 56          |
|    time_elapsed         | 1477        |
|    total_timesteps      | 458752      |
| train/                  |             |
|    approx_kl            | 0.006679227 |
|    clip_fraction        | 0.0809      |
|    clip_range           | 0.2         |
|    entropy_loss         | -0.626      |
|    explained_variance   | 0.959       |
|    learning_rate        | 0.0003      |
|    loss                 | 0.0167      |
|    n_updates            | 550         |
|    policy_gradient_loss | 0.000202    |
|    std                  | 0.451       |
|    value_loss           | 0.0446      |
-----------------------------------------
------------------------------------------
| rollout/                |              |
|    ep_len_mean          | 126          |
|    ep_rew_mean          | 37.5         |
| time/                   |              |
|    fps                  | 310          |
|    iterations           | 57           |
|    time_elapsed         | 1504         |
|    total_timesteps      | 466944       |
| train/                  |              |
|    approx_kl            | 0.0074777454 |
|    clip_fraction        | 0.0816       |
|    clip_range           | 0.2          |
|    entropy_loss         | -0.621       |
|    explained_variance   | 0.983        |
|    learning_rate        | 0.0003       |
|    loss                 | 0.00478      |
|    n_updates            | 560          |
|    policy_gradient_loss | 0.000312     |
|    std                  | 0.449        |
|    value_loss           | 0.0415       |
------------------------------------------
-----------------------------------------
| rollout/                |             |
|    ep_len_mean          | 126         |
|    ep_rew_mean          | 37.6        |
| time/                   |             |
|    fps                  | 310         |
|    iterations           | 58          |
|    time_elapsed         | 1532        |
|    total_timesteps      | 475136      |
| train/                  |             |
|    approx_kl            | 0.008357393 |
|    clip_fraction        | 0.105       |
|    clip_range           | 0.2         |
|    entropy_loss         | -0.605      |
|    explained_variance   | 0.984       |
|    learning_rate        | 0.0003      |
|    loss                 | 0.0117      |
|    n_updates            | 570         |
|    policy_gradient_loss | 0.000232    |
|    std                  | 0.442       |
|    value_loss           | 0.0408      |
-----------------------------------------
----------------------------------------
| rollout/                |            |
|    ep_len_mean          | 126        |
|    ep_rew_mean          | 37.7       |
| time/                   |            |
|    fps                  | 309        |
|    iterations           | 59         |
|    time_elapsed         | 1560       |
|    total_timesteps      | 483328     |
| train/                  |            |
|    approx_kl            | 0.01074646 |
|    clip_fraction        | 0.111      |
|    clip_range           | 0.2        |
|    entropy_loss         | -0.599     |
|    explained_variance   | 0.979      |
|    learning_rate        | 0.0003     |
|    loss                 | 0.00661    |
|    n_updates            | 580        |
|    policy_gradient_loss | -0.000234  |
|    std                  | 0.44       |
|    value_loss           | 0.0487     |
----------------------------------------
------------------------------------------
| rollout/                |              |
|    ep_len_mean          | 125          |
|    ep_rew_mean          | 37.4         |
| time/                   |              |
|    fps                  | 309          |
|    iterations           | 60           |
|    time_elapsed         | 1590         |
|    total_timesteps      | 491520       |
| train/                  |              |
|    approx_kl            | 0.0063365926 |
|    clip_fraction        | 0.0924       |
|    clip_range           | 0.2          |
|    entropy_loss         | -0.611       |
|    explained_variance   | 0.981        |
|    learning_rate        | 0.0003       |
|    loss                 | 0.0295       |
|    n_updates            | 590          |
|    policy_gradient_loss | -0.00193     |
|    std                  | 0.447        |
|    value_loss           | 0.0463       |
------------------------------------------
------------------------------------------
| rollout/                |              |
|    ep_len_mean          | 124          |
|    ep_rew_mean          | 36.6         |
| time/                   |              |
|    fps                  | 307          |
|    iterations           | 61           |
|    time_elapsed         | 1623         |
|    total_timesteps      | 499712       |
| train/                  |              |
|    approx_kl            | 0.0060590133 |
|    clip_fraction        | 0.0866       |
|    clip_range           | 0.2          |
|    entropy_loss         | -0.601       |
|    explained_variance   | 0.7          |
|    learning_rate        | 0.0003       |
|    loss                 | 0.0283       |
|    n_updates            | 600          |
|    policy_gradient_loss | -0.00025     |
|    std                  | 0.442        |
|    value_loss           | 0.249        |
------------------------------------------
-----------------------------------------
| rollout/                |             |
|    ep_len_mean          | 126         |
|    ep_rew_mean          | 37.2        |
| time/                   |             |
|    fps                  | 307         |
|    iterations           | 62          |
|    time_elapsed         | 1651        |
|    total_timesteps      | 507904      |
| train/                  |             |
|    approx_kl            | 0.011668974 |
|    clip_fraction        | 0.128       |
|    clip_range           | 0.2         |
|    entropy_loss         | -0.605      |
|    explained_variance   | 0.411       |
|    learning_rate        | 0.0003      |
|    loss                 | 4.7         |
|    n_updates            | 610         |
|    policy_gradient_loss | 0.00167     |
|    std                  | 0.445       |
|    value_loss           | 3.02        |
-----------------------------------------
------------------------------------------
| rollout/                |              |
|    ep_len_mean          | 126          |
|    ep_rew_mean          | 37.4         |
| time/                   |              |
|    fps                  | 307          |
|    iterations           | 63           |
|    time_elapsed         | 1679         |
|    total_timesteps      | 516096       |
| train/                  |              |
|    approx_kl            | 0.0074458346 |
|    clip_fraction        | 0.1          |
|    clip_range           | 0.2          |
|    entropy_loss         | -0.602       |
|    explained_variance   | 0.964        |
|    learning_rate        | 0.0003       |
|    loss                 | 0.0157       |
|    n_updates            | 620          |
|    policy_gradient_loss | 0.000916     |
|    std                  | 0.443        |
|    value_loss           | 0.0365       |
------------------------------------------
-----------------------------------------
| rollout/                |             |
|    ep_len_mean          | 126         |
|    ep_rew_mean          | 37.3        |
| time/                   |             |
|    fps                  | 306         |
|    iterations           | 64          |
|    time_elapsed         | 1708        |
|    total_timesteps      | 524288      |
| train/                  |             |
|    approx_kl            | 0.008483646 |
|    clip_fraction        | 0.086       |
|    clip_range           | 0.2         |
|    entropy_loss         | -0.601      |
|    explained_variance   | 0.982       |
|    learning_rate        | 0.0003      |
|    loss                 | -0.00268    |
|    n_updates            | 630         |
|    policy_gradient_loss | -0.000207   |
|    std                  | 0.441       |
|    value_loss           | 0.0304      |
-----------------------------------------
-----------------------------------------
| rollout/                |             |
|    ep_len_mean          | 126         |
|    ep_rew_mean          | 37.2        |
| time/                   |             |
|    fps                  | 306         |
|    iterations           | 65          |
|    time_elapsed         | 1739        |
|    total_timesteps      | 532480      |
| train/                  |             |
|    approx_kl            | 0.005767536 |
|    clip_fraction        | 0.0776      |
|    clip_range           | 0.2         |
|    entropy_loss         | -0.61       |
|    explained_variance   | 0.98        |
|    learning_rate        | 0.0003      |
|    loss                 | 0.0113      |
|    n_updates            | 640         |
|    policy_gradient_loss | -0.000275   |
|    std                  | 0.448       |
|    value_loss           | 0.0424      |
-----------------------------------------
-----------------------------------------
| rollout/                |             |
|    ep_len_mean          | 124         |
|    ep_rew_mean          | 36.9        |
| time/                   |             |
|    fps                  | 305         |
|    iterations           | 66          |
|    time_elapsed         | 1767        |
|    total_timesteps      | 540672      |
| train/                  |             |
|    approx_kl            | 0.007633392 |
|    clip_fraction        | 0.104       |
|    clip_range           | 0.2         |
|    entropy_loss         | -0.616      |
|    explained_variance   | 0.984       |
|    learning_rate        | 0.0003      |
|    loss                 | -0.000517   |
|    n_updates            | 650         |
|    policy_gradient_loss | -0.00178    |
|    std                  | 0.448       |
|    value_loss           | 0.0331      |
-----------------------------------------
-----------------------------------------
| rollout/                |             |
|    ep_len_mean          | 119         |
|    ep_rew_mean          | 34.6        |
| time/                   |             |
|    fps                  | 305         |
|    iterations           | 67          |
|    time_elapsed         | 1797        |
|    total_timesteps      | 548864      |
| train/                  |             |
|    approx_kl            | 0.011227826 |
|    clip_fraction        | 0.125       |
|    clip_range           | 0.2         |
|    entropy_loss         | -0.618      |
|    explained_variance   | 0.399       |
|    learning_rate        | 0.0003      |
|    loss                 | 5.94        |
|    n_updates            | 660         |
|    policy_gradient_loss | 0.00291     |
|    std                  | 0.45        |
|    value_loss           | 3.95        |
-----------------------------------------
-----------------------------------------
| rollout/                |             |
|    ep_len_mean          | 122         |
|    ep_rew_mean          | 35.9        |
| time/                   |             |
|    fps                  | 305         |
|    iterations           | 68          |
|    time_elapsed         | 1824        |
|    total_timesteps      | 557056      |
| train/                  |             |
|    approx_kl            | 0.022737285 |
|    clip_fraction        | 0.29        |
|    clip_range           | 0.2         |
|    entropy_loss         | -0.62       |
|    explained_variance   | 0.244       |
|    learning_rate        | 0.0003      |
|    loss                 | 7.81        |
|    n_updates            | 670         |
|    policy_gradient_loss | -0.0022     |
|    std                  | 0.45        |
|    value_loss           | 13.9        |
-----------------------------------------
-----------------------------------------
| rollout/                |             |
|    ep_len_mean          | 125         |
|    ep_rew_mean          | 37.3        |
| time/                   |             |
|    fps                  | 305         |
|    iterations           | 69          |
|    time_elapsed         | 1852        |
|    total_timesteps      | 565248      |
| train/                  |             |
|    approx_kl            | 0.041686337 |
|    clip_fraction        | 0.264       |
|    clip_range           | 0.2         |
|    entropy_loss         | -0.601      |
|    explained_variance   | 0.473       |
|    learning_rate        | 0.0003      |
|    loss                 | 0.49        |
|    n_updates            | 680         |
|    policy_gradient_loss | -0.003      |
|    std                  | 0.434       |
|    value_loss           | 2.64        |
-----------------------------------------
-----------------------------------------
| rollout/                |             |
|    ep_len_mean          | 126         |
|    ep_rew_mean          | 37.8        |
| time/                   |             |
|    fps                  | 304         |
|    iterations           | 70          |
|    time_elapsed         | 1881        |
|    total_timesteps      | 573440      |
| train/                  |             |
|    approx_kl            | 0.010737512 |
|    clip_fraction        | 0.113       |
|    clip_range           | 0.2         |
|    entropy_loss         | -0.562      |
|    explained_variance   | 0.965       |
|    learning_rate        | 0.0003      |
|    loss                 | 0.0181      |
|    n_updates            | 690         |
|    policy_gradient_loss | -0.000733   |
|    std                  | 0.422       |
|    value_loss           | 0.0433      |
-----------------------------------------
------------------------------------------
| rollout/                |              |
|    ep_len_mean          | 125          |
|    ep_rew_mean          | 37.3         |
| time/                   |              |
|    fps                  | 304          |
|    iterations           | 71           |
|    time_elapsed         | 1909         |
|    total_timesteps      | 581632       |
| train/                  |              |
|    approx_kl            | 0.0062175067 |
|    clip_fraction        | 0.0863       |
|    clip_range           | 0.2          |
|    entropy_loss         | -0.556       |
|    explained_variance   | 0.979        |
|    learning_rate        | 0.0003       |
|    loss                 | 0.00501      |
|    n_updates            | 700          |
|    policy_gradient_loss | 0.00164      |
|    std                  | 0.423        |
|    value_loss           | 0.0413       |
------------------------------------------
-----------------------------------------
| rollout/                |             |
|    ep_len_mean          | 124         |
|    ep_rew_mean          | 36.9        |
| time/                   |             |
|    fps                  | 304         |
|    iterations           | 72          |
|    time_elapsed         | 1939        |
|    total_timesteps      | 589824      |
| train/                  |             |
|    approx_kl            | 0.010474115 |
|    clip_fraction        | 0.101       |
|    clip_range           | 0.2         |
|    entropy_loss         | -0.559      |
|    explained_variance   | 0.482       |
|    learning_rate        | 0.0003      |
|    loss                 | 2.25        |
|    n_updates            | 710         |
|    policy_gradient_loss | 0.002       |
|    std                  | 0.423       |
|    value_loss           | 2.26        |
-----------------------------------------
----------------------------------------
| rollout/                |            |
|    ep_len_mean          | 125        |
|    ep_rew_mean          | 37.2       |
| time/                   |            |
|    fps                  | 303        |
|    iterations           | 73         |
|    time_elapsed         | 1969       |
|    total_timesteps      | 598016     |
| train/                  |            |
|    approx_kl            | 0.00695666 |
|    clip_fraction        | 0.0943     |
|    clip_range           | 0.2        |
|    entropy_loss         | -0.554     |
|    explained_variance   | 0.7        |
|    learning_rate        | 0.0003     |
|    loss                 | 0.257      |
|    n_updates            | 720        |
|    policy_gradient_loss | 0.000445   |
|    std                  | 0.42       |
|    value_loss           | 1          |
----------------------------------------
------------------------------------------
| rollout/                |              |
|    ep_len_mean          | 123          |
|    ep_rew_mean          | 36.1         |
| time/                   |              |
|    fps                  | 303          |
|    iterations           | 74           |
|    time_elapsed         | 1995         |
|    total_timesteps      | 606208       |
| train/                  |              |
|    approx_kl            | 0.0102245025 |
|    clip_fraction        | 0.115        |
|    clip_range           | 0.2          |
|    entropy_loss         | -0.559       |
|    explained_variance   | 0.686        |
|    learning_rate        | 0.0003       |
|    loss                 | 1.02         |
|    n_updates            | 730          |
|    policy_gradient_loss | 0.00034      |
|    std                  | 0.426        |
|    value_loss           | 1.06         |
------------------------------------------
----------------------------------------
| rollout/                |            |
|    ep_len_mean          | 123        |
|    ep_rew_mean          | 36.2       |
| time/                   |            |
|    fps                  | 303        |
|    iterations           | 75         |
|    time_elapsed         | 2023       |
|    total_timesteps      | 614400     |
| train/                  |            |
|    approx_kl            | 0.02372985 |
|    clip_fraction        | 0.276      |
|    clip_range           | 0.2        |
|    entropy_loss         | -0.561     |
|    explained_variance   | 0.274      |
|    learning_rate        | 0.0003     |
|    loss                 | 0.139      |
|    n_updates            | 740        |
|    policy_gradient_loss | 0.000527   |
|    std                  | 0.422      |
|    value_loss           | 7.59       |
----------------------------------------
----------------------------------------
| rollout/                |            |
|    ep_len_mean          | 126        |
|    ep_rew_mean          | 37.7       |
| time/                   |            |
|    fps                  | 303        |
|    iterations           | 76         |
|    time_elapsed         | 2051       |
|    total_timesteps      | 622592     |
| train/                  |            |
|    approx_kl            | 0.01279757 |
|    clip_fraction        | 0.156      |
|    clip_range           | 0.2        |
|    entropy_loss         | -0.548     |
|    explained_variance   | 0.7        |
|    learning_rate        | 0.0003     |
|    loss                 | 0.00625    |
|    n_updates            | 750        |
|    policy_gradient_loss | -0.00229   |
|    std                  | 0.417      |
|    value_loss           | 0.968      |
----------------------------------------
-----------------------------------------
| rollout/                |             |
|    ep_len_mean          | 126         |
|    ep_rew_mean          | 37.7        |
| time/                   |             |
|    fps                  | 303         |
|    iterations           | 77          |
|    time_elapsed         | 2080        |
|    total_timesteps      | 630784      |
| train/                  |             |
|    approx_kl            | 0.008916824 |
|    clip_fraction        | 0.0937      |
|    clip_range           | 0.2         |
|    entropy_loss         | -0.539      |
|    explained_variance   | 0.942       |
|    learning_rate        | 0.0003      |
|    loss                 | 0.00522     |
|    n_updates            | 760         |
|    policy_gradient_loss | 8.78e-05    |
|    std                  | 0.414       |
|    value_loss           | 0.0399      |
-----------------------------------------
-----------------------------------------
| rollout/                |             |
|    ep_len_mean          | 126         |
|    ep_rew_mean          | 37.6        |
| time/                   |             |
|    fps                  | 302         |
|    iterations           | 78          |
|    time_elapsed         | 2109        |
|    total_timesteps      | 638976      |
| train/                  |             |
|    approx_kl            | 0.006035157 |
|    clip_fraction        | 0.0899      |
|    clip_range           | 0.2         |
|    entropy_loss         | -0.528      |
|    explained_variance   | 0.982       |
|    learning_rate        | 0.0003      |
|    loss                 | 0.0375      |
|    n_updates            | 770         |
|    policy_gradient_loss | 0.00033     |
|    std                  | 0.409       |
|    value_loss           | 0.0356      |
-----------------------------------------
------------------------------------------
| rollout/                |              |
|    ep_len_mean          | 123          |
|    ep_rew_mean          | 36.7         |
| time/                   |              |
|    fps                  | 302          |
|    iterations           | 79           |
|    time_elapsed         | 2137         |
|    total_timesteps      | 647168       |
| train/                  |              |
|    approx_kl            | 0.0078747505 |
|    clip_fraction        | 0.0902       |
|    clip_range           | 0.2          |
|    entropy_loss         | -0.522       |
|    explained_variance   | 0.646        |
|    learning_rate        | 0.0003       |
|    loss                 | 0.0334       |
|    n_updates            | 780          |
|    policy_gradient_loss | 0.00053      |
|    std                  | 0.408        |
|    value_loss           | 1.3          |
------------------------------------------
---------------------------------------
| rollout/                |           |
|    ep_len_mean          | 124       |
|    ep_rew_mean          | 36.7      |
| time/                   |           |
|    fps                  | 302       |
|    iterations           | 80        |
|    time_elapsed         | 2166      |
|    total_timesteps      | 655360    |
| train/                  |           |
|    approx_kl            | 0.0115784 |
|    clip_fraction        | 0.152     |
|    clip_range           | 0.2       |
|    entropy_loss         | -0.518    |
|    explained_variance   | 0.354     |
|    learning_rate        | 0.0003    |
|    loss                 | 0.431     |
|    n_updates            | 790       |
|    policy_gradient_loss | 0.00195   |
|    std                  | 0.406     |
|    value_loss           | 3.51      |
---------------------------------------
------------------------------------------
| rollout/                |              |
|    ep_len_mean          | 126          |
|    ep_rew_mean          | 37.3         |
| time/                   |              |
|    fps                  | 302          |
|    iterations           | 81           |
|    time_elapsed         | 2193         |
|    total_timesteps      | 663552       |
| train/                  |              |
|    approx_kl            | 0.0095431805 |
|    clip_fraction        | 0.117        |
|    clip_range           | 0.2          |
|    entropy_loss         | -0.493       |
|    explained_variance   | 0.676        |
|    learning_rate        | 0.0003       |
|    loss                 | 0.0568       |
|    n_updates            | 800          |
|    policy_gradient_loss | -0.000861    |
|    std                  | 0.392        |
|    value_loss           | 0.16         |
------------------------------------------
-----------------------------------------
| rollout/                |             |
|    ep_len_mean          | 126         |
|    ep_rew_mean          | 37.2        |
| time/                   |             |
|    fps                  | 302         |
|    iterations           | 82          |
|    time_elapsed         | 2222        |
|    total_timesteps      | 671744      |
| train/                  |             |
|    approx_kl            | 0.007952463 |
|    clip_fraction        | 0.0997      |
|    clip_range           | 0.2         |
|    entropy_loss         | -0.471      |
|    explained_variance   | 0.981       |
|    learning_rate        | 0.0003      |
|    loss                 | -0.00756    |
|    n_updates            | 810         |
|    policy_gradient_loss | 0.00093     |
|    std                  | 0.384       |
|    value_loss           | 0.0328      |
-----------------------------------------
------------------------------------------
| rollout/                |              |
|    ep_len_mean          | 126          |
|    ep_rew_mean          | 36.8         |
| time/                   |              |
|    fps                  | 302          |
|    iterations           | 83           |
|    time_elapsed         | 2251         |
|    total_timesteps      | 679936       |
| train/                  |              |
|    approx_kl            | 0.0059063584 |
|    clip_fraction        | 0.0869       |
|    clip_range           | 0.2          |
|    entropy_loss         | -0.449       |
|    explained_variance   | 0.98         |
|    learning_rate        | 0.0003       |
|    loss                 | 0.00184      |
|    n_updates            | 820          |
|    policy_gradient_loss | 0.00118      |
|    std                  | 0.377        |
|    value_loss           | 0.036        |
------------------------------------------
-----------------------------------------
| rollout/                |             |
|    ep_len_mean          | 126         |
|    ep_rew_mean          | 36.8        |
| time/                   |             |
|    fps                  | 302         |
|    iterations           | 84          |
|    time_elapsed         | 2277        |
|    total_timesteps      | 688128      |
| train/                  |             |
|    approx_kl            | 0.008625429 |
|    clip_fraction        | 0.0921      |
|    clip_range           | 0.2         |
|    entropy_loss         | -0.437      |
|    explained_variance   | 0.979       |
|    learning_rate        | 0.0003      |
|    loss                 | -0.00072    |
|    n_updates            | 830         |
|    policy_gradient_loss | 1.11e-05    |
|    std                  | 0.376       |
|    value_loss           | 0.0385      |
-----------------------------------------
------------------------------------------
| rollout/                |              |
|    ep_len_mean          | 125          |
|    ep_rew_mean          | 37           |
| time/                   |              |
|    fps                  | 302          |
|    iterations           | 85           |
|    time_elapsed         | 2304         |
|    total_timesteps      | 696320       |
| train/                  |              |
|    approx_kl            | 0.0084450245 |
|    clip_fraction        | 0.101        |
|    clip_range           | 0.2          |
|    entropy_loss         | -0.44        |
|    explained_variance   | 0.982        |
|    learning_rate        | 0.0003       |
|    loss                 | 0.0103       |
|    n_updates            | 840          |
|    policy_gradient_loss | -0.00307     |
|    std                  | 0.377        |
|    value_loss           | 0.0421       |
------------------------------------------
-----------------------------------------
| rollout/                |             |
|    ep_len_mean          | 125         |
|    ep_rew_mean          | 37.6        |
| time/                   |             |
|    fps                  | 301         |
|    iterations           | 86          |
|    time_elapsed         | 2333        |
|    total_timesteps      | 704512      |
| train/                  |             |
|    approx_kl            | 0.009239946 |
|    clip_fraction        | 0.0779      |
|    clip_range           | 0.2         |
|    entropy_loss         | -0.43       |
|    explained_variance   | 0.711       |
|    learning_rate        | 0.0003      |
|    loss                 | 0.0563      |
|    n_updates            | 850         |
|    policy_gradient_loss | 9.22e-05    |
|    std                  | 0.37        |
|    value_loss           | 0.182       |
-----------------------------------------
-----------------------------------------
| rollout/                |             |
|    ep_len_mean          | 125         |
|    ep_rew_mean          | 37          |
| time/                   |             |
|    fps                  | 301         |
|    iterations           | 87          |
|    time_elapsed         | 2361        |
|    total_timesteps      | 712704      |
| train/                  |             |
|    approx_kl            | 0.009079775 |
|    clip_fraction        | 0.116       |
|    clip_range           | 0.2         |
|    entropy_loss         | -0.423      |
|    explained_variance   | 0.725       |
|    learning_rate        | 0.0003      |
|    loss                 | 0.0438      |
|    n_updates            | 860         |
|    policy_gradient_loss | -0.00085    |
|    std                  | 0.369       |
|    value_loss           | 0.757       |
-----------------------------------------
----------------------------------------
| rollout/                |            |
|    ep_len_mean          | 120        |
|    ep_rew_mean          | 35.2       |
| time/                   |            |
|    fps                  | 301        |
|    iterations           | 88         |
|    time_elapsed         | 2389       |
|    total_timesteps      | 720896     |
| train/                  |            |
|    approx_kl            | 0.01836775 |
|    clip_fraction        | 0.208      |
|    clip_range           | 0.2        |
|    entropy_loss         | -0.421     |
|    explained_variance   | 0.205      |
|    learning_rate        | 0.0003     |
|    loss                 | 1.31       |
|    n_updates            | 870        |
|    policy_gradient_loss | -0.000402  |
|    std                  | 0.368      |
|    value_loss           | 6.86       |
----------------------------------------
-----------------------------------------
| rollout/                |             |
|    ep_len_mean          | 123         |
|    ep_rew_mean          | 36.9        |
| time/                   |             |
|    fps                  | 301         |
|    iterations           | 89          |
|    time_elapsed         | 2417        |
|    total_timesteps      | 729088      |
| train/                  |             |
|    approx_kl            | 0.024670813 |
|    clip_fraction        | 0.303       |
|    clip_range           | 0.2         |
|    entropy_loss         | -0.419      |
|    explained_variance   | 0.203       |
|    learning_rate        | 0.0003      |
|    loss                 | 21.8        |
|    n_updates            | 880         |
|    policy_gradient_loss | 0.000635    |
|    std                  | 0.368       |
|    value_loss           | 10.8        |
-----------------------------------------
-----------------------------------------
| rollout/                |             |
|    ep_len_mean          | 126         |
|    ep_rew_mean          | 37.9        |
| time/                   |             |
|    fps                  | 301         |
|    iterations           | 90          |
|    time_elapsed         | 2447        |
|    total_timesteps      | 737280      |
| train/                  |             |
|    approx_kl            | 0.013744948 |
|    clip_fraction        | 0.154       |
|    clip_range           | 0.2         |
|    entropy_loss         | -0.393      |
|    explained_variance   | 0.689       |
|    learning_rate        | 0.0003      |
|    loss                 | 0.0882      |
|    n_updates            | 890         |
|    policy_gradient_loss | -0.00393    |
|    std                  | 0.359       |
|    value_loss           | 0.124       |
-----------------------------------------
-----------------------------------------
| rollout/                |             |
|    ep_len_mean          | 126         |
|    ep_rew_mean          | 37.9        |
| time/                   |             |
|    fps                  | 301         |
|    iterations           | 91          |
|    time_elapsed         | 2474        |
|    total_timesteps      | 745472      |
| train/                  |             |
|    approx_kl            | 0.009405976 |
|    clip_fraction        | 0.0914      |
|    clip_range           | 0.2         |
|    entropy_loss         | -0.388      |
|    explained_variance   | 0.968       |
|    learning_rate        | 0.0003      |
|    loss                 | 0.035       |
|    n_updates            | 900         |
|    policy_gradient_loss | 0.00208     |
|    std                  | 0.356       |
|    value_loss           | 0.0495      |
-----------------------------------------
-----------------------------------------
| rollout/                |             |
|    ep_len_mean          | 124         |
|    ep_rew_mean          | 35.8        |
| time/                   |             |
|    fps                  | 301         |
|    iterations           | 92          |
|    time_elapsed         | 2503        |
|    total_timesteps      | 753664      |
| train/                  |             |
|    approx_kl            | 0.008526301 |
|    clip_fraction        | 0.101       |
|    clip_range           | 0.2         |
|    entropy_loss         | -0.382      |
|    explained_variance   | 0.979       |
|    learning_rate        | 0.0003      |
|    loss                 | 0.00822     |
|    n_updates            | 910         |
|    policy_gradient_loss | 0.00107     |
|    std                  | 0.354       |
|    value_loss           | 0.0449      |
-----------------------------------------
-----------------------------------------
| rollout/                |             |
|    ep_len_mean          | 123         |
|    ep_rew_mean          | 36          |
| time/                   |             |
|    fps                  | 300         |
|    iterations           | 93          |
|    time_elapsed         | 2531        |
|    total_timesteps      | 761856      |
| train/                  |             |
|    approx_kl            | 0.015284848 |
|    clip_fraction        | 0.234       |
|    clip_range           | 0.2         |
|    entropy_loss         | -0.382      |
|    explained_variance   | 0.0755      |
|    learning_rate        | 0.0003      |
|    loss                 | 2.98        |
|    n_updates            | 920         |
|    policy_gradient_loss | -0.00235    |
|    std                  | 0.355       |
|    value_loss           | 13.5        |
-----------------------------------------
-----------------------------------------
| rollout/                |             |
|    ep_len_mean          | 125         |
|    ep_rew_mean          | 37.3        |
| time/                   |             |
|    fps                  | 300         |
|    iterations           | 94          |
|    time_elapsed         | 2560        |
|    total_timesteps      | 770048      |
| train/                  |             |
|    approx_kl            | 0.013474146 |
|    clip_fraction        | 0.16        |
|    clip_range           | 0.2         |
|    entropy_loss         | -0.359      |
|    explained_variance   | 0.694       |
|    learning_rate        | 0.0003      |
|    loss                 | 0.109       |
|    n_updates            | 930         |
|    policy_gradient_loss | -0.00342    |
|    std                  | 0.342       |
|    value_loss           | 0.352       |
-----------------------------------------
-----------------------------------------
| rollout/                |             |
|    ep_len_mean          | 126         |
|    ep_rew_mean          | 37.7        |
| time/                   |             |
|    fps                  | 300         |
|    iterations           | 95          |
|    time_elapsed         | 2588        |
|    total_timesteps      | 778240      |
| train/                  |             |
|    approx_kl            | 0.008059418 |
|    clip_fraction        | 0.104       |
|    clip_range           | 0.2         |
|    entropy_loss         | -0.337      |
|    explained_variance   | 0.93        |
|    learning_rate        | 0.0003      |
|    loss                 | 0.0147      |
|    n_updates            | 940         |
|    policy_gradient_loss | 0.00232     |
|    std                  | 0.337       |
|    value_loss           | 0.0505      |
-----------------------------------------
------------------------------------------
| rollout/                |              |
|    ep_len_mean          | 126          |
|    ep_rew_mean          | 37.7         |
| time/                   |              |
|    fps                  | 300          |
|    iterations           | 96           |
|    time_elapsed         | 2618         |
|    total_timesteps      | 786432       |
| train/                  |              |
|    approx_kl            | 0.0062795966 |
|    clip_fraction        | 0.096        |
|    clip_range           | 0.2          |
|    entropy_loss         | -0.32        |
|    explained_variance   | 0.98         |
|    learning_rate        | 0.0003       |
|    loss                 | 0.00082      |
|    n_updates            | 950          |
|    policy_gradient_loss | 0.00213      |
|    std                  | 0.33         |
|    value_loss           | 0.0421       |
------------------------------------------
-----------------------------------------
| rollout/                |             |
|    ep_len_mean          | 126         |
|    ep_rew_mean          | 37.4        |
| time/                   |             |
|    fps                  | 300         |
|    iterations           | 97          |
|    time_elapsed         | 2646        |
|    total_timesteps      | 794624      |
| train/                  |             |
|    approx_kl            | 0.006074875 |
|    clip_fraction        | 0.0864      |
|    clip_range           | 0.2         |
|    entropy_loss         | -0.316      |
|    explained_variance   | 0.979       |
|    learning_rate        | 0.0003      |
|    loss                 | -0.00302    |
|    n_updates            | 960         |
|    policy_gradient_loss | 0.00189     |
|    std                  | 0.333       |
|    value_loss           | 0.0542      |
-----------------------------------------
------------------------------------------
| rollout/                |              |
|    ep_len_mean          | 126          |
|    ep_rew_mean          | 37.4         |
| time/                   |              |
|    fps                  | 300          |
|    iterations           | 98           |
|    time_elapsed         | 2674         |
|    total_timesteps      | 802816       |
| train/                  |              |
|    approx_kl            | 0.0077030184 |
|    clip_fraction        | 0.102        |
|    clip_range           | 0.2          |
|    entropy_loss         | -0.325       |
|    explained_variance   | 0.98         |
|    learning_rate        | 0.0003       |
|    loss                 | 0.028        |
|    n_updates            | 970          |
|    policy_gradient_loss | 0.000818     |
|    std                  | 0.335        |
|    value_loss           | 0.0493       |
------------------------------------------
-----------------------------------------
| rollout/                |             |
|    ep_len_mean          | 126         |
|    ep_rew_mean          | 37.2        |
| time/                   |             |
|    fps                  | 300         |
|    iterations           | 99          |
|    time_elapsed         | 2702        |
|    total_timesteps      | 811008      |
| train/                  |             |
|    approx_kl            | 0.007880084 |
|    clip_fraction        | 0.0899      |
|    clip_range           | 0.2         |
|    entropy_loss         | -0.328      |
|    explained_variance   | 0.982       |
|    learning_rate        | 0.0003      |
|    loss                 | 0.011       |
|    n_updates            | 980         |
|    policy_gradient_loss | 0.00171     |
|    std                  | 0.334       |
|    value_loss           | 0.0365      |
-----------------------------------------
------------------------------------------
| rollout/                |              |
|    ep_len_mean          | 126          |
|    ep_rew_mean          | 37.2         |
| time/                   |              |
|    fps                  | 299          |
|    iterations           | 100          |
|    time_elapsed         | 2731         |
|    total_timesteps      | 819200       |
| train/                  |              |
|    approx_kl            | 0.0059297727 |
|    clip_fraction        | 0.1          |
|    clip_range           | 0.2          |
|    entropy_loss         | -0.321       |
|    explained_variance   | 0.98         |
|    learning_rate        | 0.0003       |
|    loss                 | 0.0149       |
|    n_updates            | 990          |
|    policy_gradient_loss | 0.00146      |
|    std                  | 0.332        |
|    value_loss           | 0.0409       |
------------------------------------------
------------------------------------------
| rollout/                |              |
|    ep_len_mean          | 126          |
|    ep_rew_mean          | 37.1         |
| time/                   |              |
|    fps                  | 299          |
|    iterations           | 101          |
|    time_elapsed         | 2760         |
|    total_timesteps      | 827392       |
| train/                  |              |
|    approx_kl            | 0.0062838374 |
|    clip_fraction        | 0.104        |
|    clip_range           | 0.2          |
|    entropy_loss         | -0.322       |
|    explained_variance   | 0.982        |
|    learning_rate        | 0.0003       |
|    loss                 | 0.0105       |
|    n_updates            | 1000         |
|    policy_gradient_loss | 0.00281      |
|    std                  | 0.334        |
|    value_loss           | 0.0442       |
------------------------------------------
-----------------------------------------
| rollout/                |             |
|    ep_len_mean          | 126         |
|    ep_rew_mean          | 37.2        |
| time/                   |             |
|    fps                  | 299         |
|    iterations           | 102         |
|    time_elapsed         | 2789        |
|    total_timesteps      | 835584      |
| train/                  |             |
|    approx_kl            | 0.008145206 |
|    clip_fraction        | 0.1         |
|    clip_range           | 0.2         |
|    entropy_loss         | -0.325      |
|    explained_variance   | 0.98        |
|    learning_rate        | 0.0003      |
|    loss                 | 0.0262      |
|    n_updates            | 1010        |
|    policy_gradient_loss | 0.00132     |
|    std                  | 0.336       |
|    value_loss           | 0.0413      |
-----------------------------------------
-----------------------------------------
| rollout/                |             |
|    ep_len_mean          | 126         |
|    ep_rew_mean          | 37.4        |
| time/                   |             |
|    fps                  | 299         |
|    iterations           | 103         |
|    time_elapsed         | 2817        |
|    total_timesteps      | 843776      |
| train/                  |             |
|    approx_kl            | 0.008413288 |
|    clip_fraction        | 0.0945      |
|    clip_range           | 0.2         |
|    entropy_loss         | -0.324      |
|    explained_variance   | 0.98        |
|    learning_rate        | 0.0003      |
|    loss                 | 0.0228      |
|    n_updates            | 1020        |
|    policy_gradient_loss | 0.00136     |
|    std                  | 0.334       |
|    value_loss           | 0.0451      |
-----------------------------------------
-----------------------------------------
| rollout/                |             |
|    ep_len_mean          | 126         |
|    ep_rew_mean          | 37.6        |
| time/                   |             |
|    fps                  | 299         |
|    iterations           | 104         |
|    time_elapsed         | 2846        |
|    total_timesteps      | 851968      |
| train/                  |             |
|    approx_kl            | 0.010221124 |
|    clip_fraction        | 0.0994      |
|    clip_range           | 0.2         |
|    entropy_loss         | -0.333      |
|    explained_variance   | 0.979       |
|    learning_rate        | 0.0003      |
|    loss                 | 0.0015      |
|    n_updates            | 1030        |
|    policy_gradient_loss | 0.000956    |
|    std                  | 0.339       |
|    value_loss           | 0.0471      |
-----------------------------------------
-----------------------------------------
| rollout/                |             |
|    ep_len_mean          | 126         |
|    ep_rew_mean          | 37.6        |
| time/                   |             |
|    fps                  | 299         |
|    iterations           | 105         |
|    time_elapsed         | 2875        |
|    total_timesteps      | 860160      |
| train/                  |             |
|    approx_kl            | 0.007219265 |
|    clip_fraction        | 0.103       |
|    clip_range           | 0.2         |
|    entropy_loss         | -0.338      |
|    explained_variance   | 0.976       |
|    learning_rate        | 0.0003      |
|    loss                 | 0.0335      |
|    n_updates            | 1040        |
|    policy_gradient_loss | -0.000148   |
|    std                  | 0.341       |
|    value_loss           | 0.0516      |
-----------------------------------------
------------------------------------------
| rollout/                |              |
|    ep_len_mean          | 126          |
|    ep_rew_mean          | 37.8         |
| time/                   |              |
|    fps                  | 298          |
|    iterations           | 106          |
|    time_elapsed         | 2905         |
|    total_timesteps      | 868352       |
| train/                  |              |
|    approx_kl            | 0.0057570105 |
|    clip_fraction        | 0.0837       |
|    clip_range           | 0.2          |
|    entropy_loss         | -0.333       |
|    explained_variance   | 0.975        |
|    learning_rate        | 0.0003       |
|    loss                 | 0.0245       |
|    n_updates            | 1050         |
|    policy_gradient_loss | 0.00105      |
|    std                  | 0.336        |
|    value_loss           | 0.0566       |
------------------------------------------
-----------------------------------------
| rollout/                |             |
|    ep_len_mean          | 125         |
|    ep_rew_mean          | 37.6        |
| time/                   |             |
|    fps                  | 298         |
|    iterations           | 107         |
|    time_elapsed         | 2933        |
|    total_timesteps      | 876544      |
| train/                  |             |
|    approx_kl            | 0.010933183 |
|    clip_fraction        | 0.0984      |
|    clip_range           | 0.2         |
|    entropy_loss         | -0.335      |
|    explained_variance   | 0.967       |
|    learning_rate        | 0.0003      |
|    loss                 | 0.0552      |
|    n_updates            | 1060        |
|    policy_gradient_loss | 0.000349    |
|    std                  | 0.338       |
|    value_loss           | 0.0662      |
-----------------------------------------
------------------------------------------
| rollout/                |              |
|    ep_len_mean          | 126          |
|    ep_rew_mean          | 37.6         |
| time/                   |              |
|    fps                  | 298          |
|    iterations           | 108          |
|    time_elapsed         | 2961         |
|    total_timesteps      | 884736       |
| train/                  |              |
|    approx_kl            | 0.0060560666 |
|    clip_fraction        | 0.0785       |
|    clip_range           | 0.2          |
|    entropy_loss         | -0.33        |
|    explained_variance   | 0.649        |
|    learning_rate        | 0.0003       |
|    loss                 | 0.0498       |
|    n_updates            | 1070         |
|    policy_gradient_loss | -0.000621    |
|    std                  | 0.337        |
|    value_loss           | 0.195        |
------------------------------------------
-----------------------------------------
| rollout/                |             |
|    ep_len_mean          | 126         |
|    ep_rew_mean          | 37.9        |
| time/                   |             |
|    fps                  | 298         |
|    iterations           | 109         |
|    time_elapsed         | 2988        |
|    total_timesteps      | 892928      |
| train/                  |             |
|    approx_kl            | 0.011977256 |
|    clip_fraction        | 0.109       |
|    clip_range           | 0.2         |
|    entropy_loss         | -0.328      |
|    explained_variance   | 0.366       |
|    learning_rate        | 0.0003      |
|    loss                 | 0.0534      |
|    n_updates            | 1080        |
|    policy_gradient_loss | 0.000392    |
|    std                  | 0.335       |
|    value_loss           | 2.76        |
-----------------------------------------
------------------------------------------
| rollout/                |              |
|    ep_len_mean          | 126          |
|    ep_rew_mean          | 38.1         |
| time/                   |              |
|    fps                  | 298          |
|    iterations           | 110          |
|    time_elapsed         | 3017         |
|    total_timesteps      | 901120       |
| train/                  |              |
|    approx_kl            | 0.0045329183 |
|    clip_fraction        | 0.0933       |
|    clip_range           | 0.2          |
|    entropy_loss         | -0.323       |
|    explained_variance   | 0.971        |
|    learning_rate        | 0.0003       |
|    loss                 | 0.0294       |
|    n_updates            | 1090         |
|    policy_gradient_loss | 0.00192      |
|    std                  | 0.334        |
|    value_loss           | 0.0512       |
------------------------------------------
------------------------------------------
| rollout/                |              |
|    ep_len_mean          | 126          |
|    ep_rew_mean          | 38.1         |
| time/                   |              |
|    fps                  | 298          |
|    iterations           | 111          |
|    time_elapsed         | 3045         |
|    total_timesteps      | 909312       |
| train/                  |              |
|    approx_kl            | 0.0065750903 |
|    clip_fraction        | 0.0845       |
|    clip_range           | 0.2          |
|    entropy_loss         | -0.306       |
|    explained_variance   | 0.975        |
|    learning_rate        | 0.0003       |
|    loss                 | 0.00704      |
|    n_updates            | 1100         |
|    policy_gradient_loss | 0.000253     |
|    std                  | 0.326        |
|    value_loss           | 0.055        |
------------------------------------------
-----------------------------------------
| rollout/                |             |
|    ep_len_mean          | 126         |
|    ep_rew_mean          | 37.9        |
| time/                   |             |
|    fps                  | 298         |
|    iterations           | 112         |
|    time_elapsed         | 3072        |
|    total_timesteps      | 917504      |
| train/                  |             |
|    approx_kl            | 0.008340687 |
|    clip_fraction        | 0.11        |
|    clip_range           | 0.2         |
|    entropy_loss         | -0.295      |
|    explained_variance   | 0.973       |
|    learning_rate        | 0.0003      |
|    loss                 | 0.0413      |
|    n_updates            | 1110        |
|    policy_gradient_loss | -0.000146   |
|    std                  | 0.324       |
|    value_loss           | 0.0558      |
-----------------------------------------
-----------------------------------------
| rollout/                |             |
|    ep_len_mean          | 126         |
|    ep_rew_mean          | 37.2        |
| time/                   |             |
|    fps                  | 298         |
|    iterations           | 113         |
|    time_elapsed         | 3100        |
|    total_timesteps      | 925696      |
| train/                  |             |
|    approx_kl            | 0.011773275 |
|    clip_fraction        | 0.0899      |
|    clip_range           | 0.2         |
|    entropy_loss         | -0.295      |
|    explained_variance   | 0.581       |
|    learning_rate        | 0.0003      |
|    loss                 | 0.369       |
|    n_updates            | 1120        |
|    policy_gradient_loss | 0.00318     |
|    std                  | 0.327       |
|    value_loss           | 1.52        |
-----------------------------------------
-----------------------------------------
| rollout/                |             |
|    ep_len_mean          | 126         |
|    ep_rew_mean          | 37.3        |
| time/                   |             |
|    fps                  | 298         |
|    iterations           | 114         |
|    time_elapsed         | 3130        |
|    total_timesteps      | 933888      |
| train/                  |             |
|    approx_kl            | 0.026750378 |
|    clip_fraction        | 0.232       |
|    clip_range           | 0.2         |
|    entropy_loss         | -0.304      |
|    explained_variance   | 0.111       |
|    learning_rate        | 0.0003      |
|    loss                 | 8.59        |
|    n_updates            | 1130        |
|    policy_gradient_loss | 0.00295     |
|    std                  | 0.328       |
|    value_loss           | 8.76        |
-----------------------------------------
----------------------------------------
| rollout/                |            |
|    ep_len_mean          | 126        |
|    ep_rew_mean          | 37.9       |
| time/                   |            |
|    fps                  | 298        |
|    iterations           | 115        |
|    time_elapsed         | 3158       |
|    total_timesteps      | 942080     |
| train/                  |            |
|    approx_kl            | 0.00989982 |
|    clip_fraction        | 0.113      |
|    clip_range           | 0.2        |
|    entropy_loss         | -0.289     |
|    explained_variance   | 0.952      |
|    learning_rate        | 0.0003     |
|    loss                 | 0.00674    |
|    n_updates            | 1140       |
|    policy_gradient_loss | -0.00602   |
|    std                  | 0.322      |
|    value_loss           | 0.082      |
----------------------------------------
-----------------------------------------
| rollout/                |             |
|    ep_len_mean          | 126         |
|    ep_rew_mean          | 37.8        |
| time/                   |             |
|    fps                  | 298         |
|    iterations           | 116         |
|    time_elapsed         | 3187        |
|    total_timesteps      | 950272      |
| train/                  |             |
|    approx_kl            | 0.012502138 |
|    clip_fraction        | 0.111       |
|    clip_range           | 0.2         |
|    entropy_loss         | -0.277      |
|    explained_variance   | 0.973       |
|    learning_rate        | 0.0003      |
|    loss                 | 0.0166      |
|    n_updates            | 1150        |
|    policy_gradient_loss | -0.000838   |
|    std                  | 0.318       |
|    value_loss           | 0.0574      |
-----------------------------------------
-----------------------------------------
| rollout/                |             |
|    ep_len_mean          | 126         |
|    ep_rew_mean          | 37.7        |
| time/                   |             |
|    fps                  | 298         |
|    iterations           | 117         |
|    time_elapsed         | 3216        |
|    total_timesteps      | 958464      |
| train/                  |             |
|    approx_kl            | 0.011722153 |
|    clip_fraction        | 0.115       |
|    clip_range           | 0.2         |
|    entropy_loss         | -0.269      |
|    explained_variance   | 0.97        |
|    learning_rate        | 0.0003      |
|    loss                 | 0.0603      |
|    n_updates            | 1160        |
|    policy_gradient_loss | 0.00115     |
|    std                  | 0.316       |
|    value_loss           | 0.059       |
-----------------------------------------
-----------------------------------------
| rollout/                |             |
|    ep_len_mean          | 126         |
|    ep_rew_mean          | 37.5        |
| time/                   |             |
|    fps                  | 297         |
|    iterations           | 118         |
|    time_elapsed         | 3244        |
|    total_timesteps      | 966656      |
| train/                  |             |
|    approx_kl            | 0.006985133 |
|    clip_fraction        | 0.105       |
|    clip_range           | 0.2         |
|    entropy_loss         | -0.258      |
|    explained_variance   | 0.968       |
|    learning_rate        | 0.0003      |
|    loss                 | 0.0495      |
|    n_updates            | 1170        |
|    policy_gradient_loss | 0.00166     |
|    std                  | 0.311       |
|    value_loss           | 0.0642      |
-----------------------------------------
-----------------------------------------
| rollout/                |             |
|    ep_len_mean          | 126         |
|    ep_rew_mean          | 37.5        |
| time/                   |             |
|    fps                  | 297         |
|    iterations           | 119         |
|    time_elapsed         | 3273        |
|    total_timesteps      | 974848      |
| train/                  |             |
|    approx_kl            | 0.006870389 |
|    clip_fraction        | 0.0934      |
|    clip_range           | 0.2         |
|    entropy_loss         | -0.245      |
|    explained_variance   | 0.971       |
|    learning_rate        | 0.0003      |
|    loss                 | 0.0386      |
|    n_updates            | 1180        |
|    policy_gradient_loss | 0.00275     |
|    std                  | 0.309       |
|    value_loss           | 0.0573      |
-----------------------------------------
-----------------------------------------
| rollout/                |             |
|    ep_len_mean          | 126         |
|    ep_rew_mean          | 37.3        |
| time/                   |             |
|    fps                  | 297         |
|    iterations           | 120         |
|    time_elapsed         | 3301        |
|    total_timesteps      | 983040      |
| train/                  |             |
|    approx_kl            | 0.008599076 |
|    clip_fraction        | 0.0919      |
|    clip_range           | 0.2         |
|    entropy_loss         | -0.232      |
|    explained_variance   | 0.973       |
|    learning_rate        | 0.0003      |
|    loss                 | 0.0127      |
|    n_updates            | 1190        |
|    policy_gradient_loss | 0.00106     |
|    std                  | 0.304       |
|    value_loss           | 0.058       |
-----------------------------------------
-----------------------------------------
| rollout/                |             |
|    ep_len_mean          | 126         |
|    ep_rew_mean          | 37.1        |
| time/                   |             |
|    fps                  | 297         |
|    iterations           | 121         |
|    time_elapsed         | 3331        |
|    total_timesteps      | 991232      |
| train/                  |             |
|    approx_kl            | 0.006616592 |
|    clip_fraction        | 0.0951      |
|    clip_range           | 0.2         |
|    entropy_loss         | -0.228      |
|    explained_variance   | 0.972       |
|    learning_rate        | 0.0003      |
|    loss                 | 0.029       |
|    n_updates            | 1200        |
|    policy_gradient_loss | 0.00206     |
|    std                  | 0.304       |
|    value_loss           | 0.0601      |
-----------------------------------------
-----------------------------------------
| rollout/                |             |
|    ep_len_mean          | 126         |
|    ep_rew_mean          | 37.1        |
| time/                   |             |
|    fps                  | 297         |
|    iterations           | 122         |
|    time_elapsed         | 3360        |
|    total_timesteps      | 999424      |
| train/                  |             |
|    approx_kl            | 0.005327898 |
|    clip_fraction        | 0.0805      |
|    clip_range           | 0.2         |
|    entropy_loss         | -0.222      |
|    explained_variance   | 0.971       |
|    learning_rate        | 0.0003      |
|    loss                 | 0.0346      |
|    n_updates            | 1210        |
|    policy_gradient_loss | 0.000772    |
|    std                  | 0.301       |
|    value_loss           | 0.0717      |
-----------------------------------------
------------------------------------------
| rollout/                |              |
|    ep_len_mean          | 126          |
|    ep_rew_mean          | 37.2         |
| time/                   |              |
|    fps                  | 297          |
|    iterations           | 123          |
|    time_elapsed         | 3390         |
|    total_timesteps      | 1007616      |
| train/                  |              |
|    approx_kl            | 0.0072856196 |
|    clip_fraction        | 0.0973       |
|    clip_range           | 0.2          |
|    entropy_loss         | -0.223       |
|    explained_variance   | 0.973        |
|    learning_rate        | 0.0003       |
|    loss                 | 0.0629       |
|    n_updates            | 1220         |
|    policy_gradient_loss | 0.00112      |
|    std                  | 0.304        |
|    value_loss           | 0.0634       |
------------------------------------------


###############################################################################
TCHPC Cluster: callan
Job 171047 (deepsets_cf_v2_seed1_v12) for User 'hadjitot' in Account 'callan_hadjitot'
Finished at: Fri Mar 27 23:32:07 GMT 2026

Job efficiency estimates:
=========================

Job ID: 171047
Cluster: callan
User/Group: hadjitot/hadjitot
State: COMPLETED (exit code 0)
Nodes: 1
Cores per node: 16
CPU Utilized: 02:44:44
CPU Efficiency: 18.01% of 15:14:40 core-walltime
Job Wall-clock time: 00:57:10
Memory Utilized: 1.78 GB
Memory Efficiency: 5.57% of 32.00 GB (32.00 GB/node)

Job completion status:
======================

JobID           JobName AllocCPUS NTasks NNodes     MaxRSS    MaxRSSNode  MaxDiskRead MaxDiskWrite    Elapsed      State ExitCode 
------------ ---------- --------- ------ ------ ---------- ------------- ------------ ------------ ---------- ---------- -------- 
171047       deepsets_+        16             1                                                      00:57:10  COMPLETED      0:0 
171047.batch      batch        16      1      1   1869148K    callan-n09     1031.81M      837.27M   00:57:10  COMPLETED      0:0 
171047.exte+     extern        16      1      1                                                      00:57:10  COMPLETED      0:0 


Job details:
============

JobId=171047 JobName=deepsets_cf_v2_seed1_v12
   UserId=hadjitot(2357) GroupId=hadjitot(2300) MCS_label=N/A
   Priority=113727 Nice=0 Account=callan_hadjitot QOS=normal
   JobState=COMPLETING Reason=None Dependency=(null)
   Requeue=0 Restarts=0 BatchFlag=1 Reboot=0 ExitCode=0:0
   DerivedExitCode=0:0
   RunTime=00:57:10 TimeLimit=2-00:00:00 TimeMin=N/A
   SubmitTime=2026-03-27T20:37:56 EligibleTime=2026-03-27T20:37:56
   AccrueTime=2026-03-27T20:37:56
   StartTime=2026-03-27T22:34:57 EndTime=2026-03-27T23:32:07 Deadline=N/A
   SuspendTime=None SecsPreSuspend=0 LastSchedEval=2026-03-27T22:34:57 Scheduler=Backfill
   Partition=compute AllocNode:Sid=callan01:1076092
   ReqNodeList=(null) ExcNodeList=(null)
   NodeList=callan-n09
   BatchHost=callan-n09
   NumNodes=1 NumCPUs=16 NumTasks=1 CPUs/Task=16 ReqB:S:C:T=0:0:*:*
   ReqTRES=cpu=16,mem=32G,node=1,billing=16
   AllocTRES=cpu=16,mem=32G,node=1,billing=16
   Socks/Node=* NtasksPerN:B:S:C=0:0:*:* CoreSpec=*
   JOB_GRES=(null)
     Nodes=callan-n09 CPU_IDs=0-1,10-13,27-31,40-44 Mem=32768 GRES=
   MinCPUsNode=16 MinMemoryNode=32G MinTmpDiskNode=0
   Features=(null) DelayBoot=00:00:00
   OverSubscribe=OK Contiguous=0 Licenses=(null) LicensesAlloc=(null) Network=(null)
   Command=/home/users/hadjitot/fyp/HighwayEnv/slurm/train_deepsets.sbatch
   WorkDir=/home/users/hadjitot/fyp/HighwayEnv
   StdErr=/home/users/hadjitot/fyp/HighwayEnv/slurm_out/deepsets_cf_v2_seed1_v12_171047.err
   StdIn=/dev/null
   StdOut=/home/users/hadjitot/fyp/HighwayEnv/slurm_out/deepsets_cf_v2_seed1_v12_171047.out
   TresPerTask=cpu=16
   


Disk quota details:
===================

                         Block Limits                                    |                     File Limits
Name       type             MB      quota      limit   in_doubt    grace |    files   quota    limit in_doubt    grace
root       USR         4963095          0          0       2062     none |   397650       0        0      729     none
root       FILESET     5014048          0          0       5260     none |  9896607       0        0     1806     none


SLURM Bank Statement:
=====================

User           Usage |        Account     Usage | Account Limit Available (CPU hrs)
---------- --------- + -------------- --------- + ------------- ---------
hadjitot      11,839 | CALLAN_HADJITOT    11,839 |       300,000   288,161


Acknowledgements:
=================

Note that usage of TCHPC Resources *must* be acknowledged in all publications.

Please see this page for details relevant to this cluster:

http://www.tchpc.tcd.ie/resources/acknowledgementpolicy

################################################################################
