Loading Anaconda 3 2024.02-1
SCENARIO_NAME=cf_obs15
EXP_VERSION=v12
TOTAL_TIMESTEPS=1000000
N_ENVS=4
DEEPSETS_HIDDEN=64
ppo_deepsets_cf_obs15_v12_seed0 obs shape: (15, 5) action space: Box(-1.0, 1.0, (1,), float32)
Using cpu device
Logging to runs/tb/ppo_deepsets_cf_obs15_v12_seed0_1
---------------------------------
| rollout/           |          |
|    ep_len_mean     | 15       |
|    ep_rew_mean     | 1.38     |
| time/              |          |
|    fps             | 130      |
|    iterations      | 1        |
|    time_elapsed    | 62       |
|    total_timesteps | 8192     |
---------------------------------
------------------------------------------
| rollout/                |              |
|    ep_len_mean          | 15.6         |
|    ep_rew_mean          | 1.56         |
| time/                   |              |
|    fps                  | 129          |
|    iterations           | 2            |
|    time_elapsed         | 126          |
|    total_timesteps      | 16384        |
| train/                  |              |
|    approx_kl            | 0.0050177807 |
|    clip_fraction        | 0.0349       |
|    clip_range           | 0.2          |
|    entropy_loss         | -1.42        |
|    explained_variance   | 0.0117       |
|    learning_rate        | 0.0003       |
|    loss                 | 0.137        |
|    n_updates            | 10           |
|    policy_gradient_loss | -0.00215     |
|    std                  | 0.996        |
|    value_loss           | 1.77         |
------------------------------------------
-----------------------------------------
| rollout/                |             |
|    ep_len_mean          | 16.3        |
|    ep_rew_mean          | 1.71        |
| time/                   |             |
|    fps                  | 131         |
|    iterations           | 3           |
|    time_elapsed         | 187         |
|    total_timesteps      | 24576       |
| train/                  |             |
|    approx_kl            | 0.011312617 |
|    clip_fraction        | 0.186       |
|    clip_range           | 0.2         |
|    entropy_loss         | -1.41       |
|    explained_variance   | 0.977       |
|    learning_rate        | 0.0003      |
|    loss                 | 0.0442      |
|    n_updates            | 20          |
|    policy_gradient_loss | -0.0178     |
|    std                  | 0.999       |
|    value_loss           | 0.214       |
-----------------------------------------
-----------------------------------------
| rollout/                |             |
|    ep_len_mean          | 16.9        |
|    ep_rew_mean          | 1.7         |
| time/                   |             |
|    fps                  | 130         |
|    iterations           | 4           |
|    time_elapsed         | 250         |
|    total_timesteps      | 32768       |
| train/                  |             |
|    approx_kl            | 0.016808148 |
|    clip_fraction        | 0.229       |
|    clip_range           | 0.2         |
|    entropy_loss         | -1.4        |
|    explained_variance   | 0.992       |
|    learning_rate        | 0.0003      |
|    loss                 | 0.0401      |
|    n_updates            | 30          |
|    policy_gradient_loss | -0.0316     |
|    std                  | 0.972       |
|    value_loss           | 0.18        |
-----------------------------------------
-----------------------------------------
| rollout/                |             |
|    ep_len_mean          | 20.8        |
|    ep_rew_mean          | 2.07        |
| time/                   |             |
|    fps                  | 129         |
|    iterations           | 5           |
|    time_elapsed         | 317         |
|    total_timesteps      | 40960       |
| train/                  |             |
|    approx_kl            | 0.024416821 |
|    clip_fraction        | 0.287       |
|    clip_range           | 0.2         |
|    entropy_loss         | -1.34       |
|    explained_variance   | 0.991       |
|    learning_rate        | 0.0003      |
|    loss                 | 0.0769      |
|    n_updates            | 40          |
|    policy_gradient_loss | -0.0362     |
|    std                  | 0.905       |
|    value_loss           | 0.182       |
-----------------------------------------
-----------------------------------------
| rollout/                |             |
|    ep_len_mean          | 29.3        |
|    ep_rew_mean          | 0.15        |
| time/                   |             |
|    fps                  | 130         |
|    iterations           | 6           |
|    time_elapsed         | 375         |
|    total_timesteps      | 49152       |
| train/                  |             |
|    approx_kl            | 0.014794773 |
|    clip_fraction        | 0.173       |
|    clip_range           | 0.2         |
|    entropy_loss         | -1.31       |
|    explained_variance   | 0.758       |
|    learning_rate        | 0.0003      |
|    loss                 | 0.106       |
|    n_updates            | 50          |
|    policy_gradient_loss | -0.00706    |
|    std                  | 0.883       |
|    value_loss           | 0.549       |
-----------------------------------------
-----------------------------------------
| rollout/                |             |
|    ep_len_mean          | 42          |
|    ep_rew_mean          | -2.4        |
| time/                   |             |
|    fps                  | 131         |
|    iterations           | 7           |
|    time_elapsed         | 435         |
|    total_timesteps      | 57344       |
| train/                  |             |
|    approx_kl            | 0.012635837 |
|    clip_fraction        | 0.116       |
|    clip_range           | 0.2         |
|    entropy_loss         | -1.26       |
|    explained_variance   | 0.414       |
|    learning_rate        | 0.0003      |
|    loss                 | 0.51        |
|    n_updates            | 60          |
|    policy_gradient_loss | -0.0078     |
|    std                  | 0.839       |
|    value_loss           | 1.65        |
-----------------------------------------
-----------------------------------------
| rollout/                |             |
|    ep_len_mean          | 71.9        |
|    ep_rew_mean          | -10         |
| time/                   |             |
|    fps                  | 131         |
|    iterations           | 8           |
|    time_elapsed         | 496         |
|    total_timesteps      | 65536       |
| train/                  |             |
|    approx_kl            | 0.009884415 |
|    clip_fraction        | 0.0755      |
|    clip_range           | 0.2         |
|    entropy_loss         | -1.22       |
|    explained_variance   | 0.739       |
|    learning_rate        | 0.0003      |
|    loss                 | 1.09        |
|    n_updates            | 70          |
|    policy_gradient_loss | -0.00549    |
|    std                  | 0.801       |
|    value_loss           | 2.28        |
-----------------------------------------
-----------------------------------------
| rollout/                |             |
|    ep_len_mean          | 90.5        |
|    ep_rew_mean          | -13.8       |
| time/                   |             |
|    fps                  | 132         |
|    iterations           | 9           |
|    time_elapsed         | 554         |
|    total_timesteps      | 73728       |
| train/                  |             |
|    approx_kl            | 0.008163713 |
|    clip_fraction        | 0.0966      |
|    clip_range           | 0.2         |
|    entropy_loss         | -1.18       |
|    explained_variance   | 0.905       |
|    learning_rate        | 0.0003      |
|    loss                 | 0.554       |
|    n_updates            | 80          |
|    policy_gradient_loss | -0.00799    |
|    std                  | 0.781       |
|    value_loss           | 1.63        |
-----------------------------------------
-----------------------------------------
| rollout/                |             |
|    ep_len_mean          | 70.2        |
|    ep_rew_mean          | -3.68       |
| time/                   |             |
|    fps                  | 133         |
|    iterations           | 10          |
|    time_elapsed         | 613         |
|    total_timesteps      | 81920       |
| train/                  |             |
|    approx_kl            | 0.011338521 |
|    clip_fraction        | 0.145       |
|    clip_range           | 0.2         |
|    entropy_loss         | -1.19       |
|    explained_variance   | 0.968       |
|    learning_rate        | 0.0003      |
|    loss                 | 0.457       |
|    n_updates            | 90          |
|    policy_gradient_loss | -0.0108     |
|    std                  | 0.803       |
|    value_loss           | 1.22        |
-----------------------------------------
-----------------------------------------
| rollout/                |             |
|    ep_len_mean          | 79.2        |
|    ep_rew_mean          | 2.97        |
| time/                   |             |
|    fps                  | 133         |
|    iterations           | 11          |
|    time_elapsed         | 673         |
|    total_timesteps      | 90112       |
| train/                  |             |
|    approx_kl            | 0.011570689 |
|    clip_fraction        | 0.148       |
|    clip_range           | 0.2         |
|    entropy_loss         | -1.19       |
|    explained_variance   | 0.982       |
|    learning_rate        | 0.0003      |
|    loss                 | 0.308       |
|    n_updates            | 100         |
|    policy_gradient_loss | -0.0181     |
|    std                  | 0.793       |
|    value_loss           | 1.28        |
-----------------------------------------
-----------------------------------------
| rollout/                |             |
|    ep_len_mean          | 89.1        |
|    ep_rew_mean          | 8.1         |
| time/                   |             |
|    fps                  | 134         |
|    iterations           | 12          |
|    time_elapsed         | 733         |
|    total_timesteps      | 98304       |
| train/                  |             |
|    approx_kl            | 0.014030378 |
|    clip_fraction        | 0.186       |
|    clip_range           | 0.2         |
|    entropy_loss         | -1.17       |
|    explained_variance   | 0.976       |
|    learning_rate        | 0.0003      |
|    loss                 | 0.61        |
|    n_updates            | 110         |
|    policy_gradient_loss | -0.0211     |
|    std                  | 0.765       |
|    value_loss           | 1.4         |
-----------------------------------------
-----------------------------------------
| rollout/                |             |
|    ep_len_mean          | 108         |
|    ep_rew_mean          | 16.8        |
| time/                   |             |
|    fps                  | 134         |
|    iterations           | 13          |
|    time_elapsed         | 791         |
|    total_timesteps      | 106496      |
| train/                  |             |
|    approx_kl            | 0.018039385 |
|    clip_fraction        | 0.22        |
|    clip_range           | 0.2         |
|    entropy_loss         | -1.12       |
|    explained_variance   | 0.967       |
|    learning_rate        | 0.0003      |
|    loss                 | 0.75        |
|    n_updates            | 120         |
|    policy_gradient_loss | -0.0254     |
|    std                  | 0.729       |
|    value_loss           | 1.84        |
-----------------------------------------
-----------------------------------------
| rollout/                |             |
|    ep_len_mean          | 103         |
|    ep_rew_mean          | 17.9        |
| time/                   |             |
|    fps                  | 135         |
|    iterations           | 14          |
|    time_elapsed         | 846         |
|    total_timesteps      | 114688      |
| train/                  |             |
|    approx_kl            | 0.017460331 |
|    clip_fraction        | 0.219       |
|    clip_range           | 0.2         |
|    entropy_loss         | -1.07       |
|    explained_variance   | 0.892       |
|    learning_rate        | 0.0003      |
|    loss                 | 1.23        |
|    n_updates            | 130         |
|    policy_gradient_loss | -0.0214     |
|    std                  | 0.694       |
|    value_loss           | 2.25        |
-----------------------------------------
-----------------------------------------
| rollout/                |             |
|    ep_len_mean          | 110         |
|    ep_rew_mean          | 19.8        |
| time/                   |             |
|    fps                  | 135         |
|    iterations           | 15          |
|    time_elapsed         | 905         |
|    total_timesteps      | 122880      |
| train/                  |             |
|    approx_kl            | 0.018531222 |
|    clip_fraction        | 0.176       |
|    clip_range           | 0.2         |
|    entropy_loss         | -1.04       |
|    explained_variance   | 0.755       |
|    learning_rate        | 0.0003      |
|    loss                 | 1.04        |
|    n_updates            | 140         |
|    policy_gradient_loss | -0.00604    |
|    std                  | 0.674       |
|    value_loss           | 2           |
-----------------------------------------
-----------------------------------------
| rollout/                |             |
|    ep_len_mean          | 123         |
|    ep_rew_mean          | 23.6        |
| time/                   |             |
|    fps                  | 135         |
|    iterations           | 16          |
|    time_elapsed         | 966         |
|    total_timesteps      | 131072      |
| train/                  |             |
|    approx_kl            | 0.017049173 |
|    clip_fraction        | 0.202       |
|    clip_range           | 0.2         |
|    entropy_loss         | -1          |
|    explained_variance   | 0.786       |
|    learning_rate        | 0.0003      |
|    loss                 | 0.747       |
|    n_updates            | 150         |
|    policy_gradient_loss | -0.00533    |
|    std                  | 0.649       |
|    value_loss           | 2.13        |
-----------------------------------------
----------------------------------------
| rollout/                |            |
|    ep_len_mean          | 142        |
|    ep_rew_mean          | 28.4       |
| time/                   |            |
|    fps                  | 135        |
|    iterations           | 17         |
|    time_elapsed         | 1025       |
|    total_timesteps      | 139264     |
| train/                  |            |
|    approx_kl            | 0.01429582 |
|    clip_fraction        | 0.213      |
|    clip_range           | 0.2        |
|    entropy_loss         | -0.967     |
|    explained_variance   | 0.821      |
|    learning_rate        | 0.0003     |
|    loss                 | 0.752      |
|    n_updates            | 160        |
|    policy_gradient_loss | 0.00728    |
|    std                  | 0.629      |
|    value_loss           | 0.913      |
----------------------------------------
----------------------------------------
| rollout/                |            |
|    ep_len_mean          | 145        |
|    ep_rew_mean          | 29.1       |
| time/                   |            |
|    fps                  | 135        |
|    iterations           | 18         |
|    time_elapsed         | 1087       |
|    total_timesteps      | 147456     |
| train/                  |            |
|    approx_kl            | 0.01302489 |
|    clip_fraction        | 0.165      |
|    clip_range           | 0.2        |
|    entropy_loss         | -0.946     |
|    explained_variance   | 0.842      |
|    learning_rate        | 0.0003     |
|    loss                 | 0.541      |
|    n_updates            | 170        |
|    policy_gradient_loss | 0.00803    |
|    std                  | 0.622      |
|    value_loss           | 0.448      |
----------------------------------------
------------------------------------------
| rollout/                |              |
|    ep_len_mean          | 146          |
|    ep_rew_mean          | 29.6         |
| time/                   |              |
|    fps                  | 135          |
|    iterations           | 19           |
|    time_elapsed         | 1146         |
|    total_timesteps      | 155648       |
| train/                  |              |
|    approx_kl            | 0.0091662165 |
|    clip_fraction        | 0.12         |
|    clip_range           | 0.2          |
|    entropy_loss         | -0.922       |
|    explained_variance   | 0.85         |
|    learning_rate        | 0.0003       |
|    loss                 | 0.0488       |
|    n_updates            | 180          |
|    policy_gradient_loss | 0.00436      |
|    std                  | 0.602        |
|    value_loss           | 0.67         |
------------------------------------------
-----------------------------------------
| rollout/                |             |
|    ep_len_mean          | 148         |
|    ep_rew_mean          | 30.5        |
| time/                   |             |
|    fps                  | 135         |
|    iterations           | 20          |
|    time_elapsed         | 1207        |
|    total_timesteps      | 163840      |
| train/                  |             |
|    approx_kl            | 0.009005239 |
|    clip_fraction        | 0.117       |
|    clip_range           | 0.2         |
|    entropy_loss         | -0.901      |
|    explained_variance   | 0.948       |
|    learning_rate        | 0.0003      |
|    loss                 | 0.0732      |
|    n_updates            | 190         |
|    policy_gradient_loss | 0.00348     |
|    std                  | 0.59        |
|    value_loss           | 0.181       |
-----------------------------------------
-----------------------------------------
| rollout/                |             |
|    ep_len_mean          | 147         |
|    ep_rew_mean          | 30          |
| time/                   |             |
|    fps                  | 135         |
|    iterations           | 21          |
|    time_elapsed         | 1267        |
|    total_timesteps      | 172032      |
| train/                  |             |
|    approx_kl            | 0.034079336 |
|    clip_fraction        | 0.181       |
|    clip_range           | 0.2         |
|    entropy_loss         | -0.887      |
|    explained_variance   | 0.857       |
|    learning_rate        | 0.0003      |
|    loss                 | 0.329       |
|    n_updates            | 200         |
|    policy_gradient_loss | 0.006       |
|    std                  | 0.588       |
|    value_loss           | 0.561       |
-----------------------------------------
-----------------------------------------
| rollout/                |             |
|    ep_len_mean          | 150         |
|    ep_rew_mean          | 30.7        |
| time/                   |             |
|    fps                  | 135         |
|    iterations           | 22          |
|    time_elapsed         | 1327        |
|    total_timesteps      | 180224      |
| train/                  |             |
|    approx_kl            | 0.009054665 |
|    clip_fraction        | 0.169       |
|    clip_range           | 0.2         |
|    entropy_loss         | -0.88       |
|    explained_variance   | 0.888       |
|    learning_rate        | 0.0003      |
|    loss                 | 0.0618      |
|    n_updates            | 210         |
|    policy_gradient_loss | 0.00363     |
|    std                  | 0.579       |
|    value_loss           | 0.45        |
-----------------------------------------
-----------------------------------------
| rollout/                |             |
|    ep_len_mean          | 137         |
|    ep_rew_mean          | 27          |
| time/                   |             |
|    fps                  | 135         |
|    iterations           | 23          |
|    time_elapsed         | 1388        |
|    total_timesteps      | 188416      |
| train/                  |             |
|    approx_kl            | 0.010033731 |
|    clip_fraction        | 0.136       |
|    clip_range           | 0.2         |
|    entropy_loss         | -0.872      |
|    explained_variance   | 0.863       |
|    learning_rate        | 0.0003      |
|    loss                 | 0.592       |
|    n_updates            | 220         |
|    policy_gradient_loss | 0.00493     |
|    std                  | 0.581       |
|    value_loss           | 0.542       |
-----------------------------------------
----------------------------------------
| rollout/                |            |
|    ep_len_mean          | 139        |
|    ep_rew_mean          | 26.6       |
| time/                   |            |
|    fps                  | 135        |
|    iterations           | 24         |
|    time_elapsed         | 1449       |
|    total_timesteps      | 196608     |
| train/                  |            |
|    approx_kl            | 0.02046241 |
|    clip_fraction        | 0.21       |
|    clip_range           | 0.2        |
|    entropy_loss         | -0.877     |
|    explained_variance   | 0.366      |
|    learning_rate        | 0.0003     |
|    loss                 | 2.34       |
|    n_updates            | 230        |
|    policy_gradient_loss | 0.000794   |
|    std                  | 0.582      |
|    value_loss           | 7.07       |
----------------------------------------
-----------------------------------------
| rollout/                |             |
|    ep_len_mean          | 146         |
|    ep_rew_mean          | 25.1        |
| time/                   |             |
|    fps                  | 135         |
|    iterations           | 25          |
|    time_elapsed         | 1509        |
|    total_timesteps      | 204800      |
| train/                  |             |
|    approx_kl            | 0.023475196 |
|    clip_fraction        | 0.249       |
|    clip_range           | 0.2         |
|    entropy_loss         | -0.874      |
|    explained_variance   | 0.714       |
|    learning_rate        | 0.0003      |
|    loss                 | 0.84        |
|    n_updates            | 240         |
|    policy_gradient_loss | -0.000229   |
|    std                  | 0.576       |
|    value_loss           | 0.679       |
-----------------------------------------
-----------------------------------------
| rollout/                |             |
|    ep_len_mean          | 149         |
|    ep_rew_mean          | 24.1        |
| time/                   |             |
|    fps                  | 135         |
|    iterations           | 26          |
|    time_elapsed         | 1567        |
|    total_timesteps      | 212992      |
| train/                  |             |
|    approx_kl            | 0.011269277 |
|    clip_fraction        | 0.111       |
|    clip_range           | 0.2         |
|    entropy_loss         | -0.87       |
|    explained_variance   | 0.865       |
|    learning_rate        | 0.0003      |
|    loss                 | 0.146       |
|    n_updates            | 250         |
|    policy_gradient_loss | 0.000836    |
|    std                  | 0.575       |
|    value_loss           | 0.778       |
-----------------------------------------
-----------------------------------------
| rollout/                |             |
|    ep_len_mean          | 151         |
|    ep_rew_mean          | 25.4        |
| time/                   |             |
|    fps                  | 135         |
|    iterations           | 27          |
|    time_elapsed         | 1626        |
|    total_timesteps      | 221184      |
| train/                  |             |
|    approx_kl            | 0.010424662 |
|    clip_fraction        | 0.123       |
|    clip_range           | 0.2         |
|    entropy_loss         | -0.874      |
|    explained_variance   | 0.927       |
|    learning_rate        | 0.0003      |
|    loss                 | 0.538       |
|    n_updates            | 260         |
|    policy_gradient_loss | -0.0032     |
|    std                  | 0.582       |
|    value_loss           | 0.844       |
-----------------------------------------
-----------------------------------------
| rollout/                |             |
|    ep_len_mean          | 151         |
|    ep_rew_mean          | 28.4        |
| time/                   |             |
|    fps                  | 136         |
|    iterations           | 28          |
|    time_elapsed         | 1685        |
|    total_timesteps      | 229376      |
| train/                  |             |
|    approx_kl            | 0.010816361 |
|    clip_fraction        | 0.144       |
|    clip_range           | 0.2         |
|    entropy_loss         | -0.889      |
|    explained_variance   | 0.952       |
|    learning_rate        | 0.0003      |
|    loss                 | 0.131       |
|    n_updates            | 270         |
|    policy_gradient_loss | -0.00724    |
|    std                  | 0.592       |
|    value_loss           | 0.68        |
-----------------------------------------
-----------------------------------------
| rollout/                |             |
|    ep_len_mean          | 150         |
|    ep_rew_mean          | 30.1        |
| time/                   |             |
|    fps                  | 136         |
|    iterations           | 29          |
|    time_elapsed         | 1744        |
|    total_timesteps      | 237568      |
| train/                  |             |
|    approx_kl            | 0.015704347 |
|    clip_fraction        | 0.169       |
|    clip_range           | 0.2         |
|    entropy_loss         | -0.866      |
|    explained_variance   | 0.953       |
|    learning_rate        | 0.0003      |
|    loss                 | 0.0057      |
|    n_updates            | 280         |
|    policy_gradient_loss | -0.00601    |
|    std                  | 0.571       |
|    value_loss           | 0.0623      |
-----------------------------------------
-----------------------------------------
| rollout/                |             |
|    ep_len_mean          | 151         |
|    ep_rew_mean          | 30.6        |
| time/                   |             |
|    fps                  | 136         |
|    iterations           | 30          |
|    time_elapsed         | 1803        |
|    total_timesteps      | 245760      |
| train/                  |             |
|    approx_kl            | 0.011267332 |
|    clip_fraction        | 0.17        |
|    clip_range           | 0.2         |
|    entropy_loss         | -0.854      |
|    explained_variance   | 0.856       |
|    learning_rate        | 0.0003      |
|    loss                 | 0.0377      |
|    n_updates            | 290         |
|    policy_gradient_loss | 0.00188     |
|    std                  | 0.569       |
|    value_loss           | 0.989       |
-----------------------------------------
----------------------------------------
| rollout/                |            |
|    ep_len_mean          | 151        |
|    ep_rew_mean          | 30.6       |
| time/                   |            |
|    fps                  | 135        |
|    iterations           | 31         |
|    time_elapsed         | 1867       |
|    total_timesteps      | 253952     |
| train/                  |            |
|    approx_kl            | 0.01175554 |
|    clip_fraction        | 0.16       |
|    clip_range           | 0.2        |
|    entropy_loss         | -0.836     |
|    explained_variance   | 0.978      |
|    learning_rate        | 0.0003     |
|    loss                 | 0.0582     |
|    n_updates            | 300        |
|    policy_gradient_loss | 0.00163    |
|    std                  | 0.555      |
|    value_loss           | 0.0423     |
----------------------------------------
-----------------------------------------
| rollout/                |             |
|    ep_len_mean          | 151         |
|    ep_rew_mean          | 30.4        |
| time/                   |             |
|    fps                  | 135         |
|    iterations           | 32          |
|    time_elapsed         | 1934        |
|    total_timesteps      | 262144      |
| train/                  |             |
|    approx_kl            | 0.008735257 |
|    clip_fraction        | 0.111       |
|    clip_range           | 0.2         |
|    entropy_loss         | -0.819      |
|    explained_variance   | 0.988       |
|    learning_rate        | 0.0003      |
|    loss                 | 0.00347     |
|    n_updates            | 310         |
|    policy_gradient_loss | 0.0033      |
|    std                  | 0.544       |
|    value_loss           | 0.0358      |
-----------------------------------------
------------------------------------------
| rollout/                |              |
|    ep_len_mean          | 151          |
|    ep_rew_mean          | 30.6         |
| time/                   |              |
|    fps                  | 135          |
|    iterations           | 33           |
|    time_elapsed         | 1996         |
|    total_timesteps      | 270336       |
| train/                  |              |
|    approx_kl            | 0.0070443815 |
|    clip_fraction        | 0.118        |
|    clip_range           | 0.2          |
|    entropy_loss         | -0.814       |
|    explained_variance   | 0.989        |
|    learning_rate        | 0.0003       |
|    loss                 | 0.0426       |
|    n_updates            | 320          |
|    policy_gradient_loss | 0.00192      |
|    std                  | 0.549        |
|    value_loss           | 0.0509       |
------------------------------------------
-----------------------------------------
| rollout/                |             |
|    ep_len_mean          | 150         |
|    ep_rew_mean          | 30.6        |
| time/                   |             |
|    fps                  | 135         |
|    iterations           | 34          |
|    time_elapsed         | 2056        |
|    total_timesteps      | 278528      |
| train/                  |             |
|    approx_kl            | 0.009833727 |
|    clip_fraction        | 0.136       |
|    clip_range           | 0.2         |
|    entropy_loss         | -0.811      |
|    explained_variance   | 0.99        |
|    learning_rate        | 0.0003      |
|    loss                 | 0.016       |
|    n_updates            | 330         |
|    policy_gradient_loss | -0.00164    |
|    std                  | 0.542       |
|    value_loss           | 0.0428      |
-----------------------------------------
----------------------------------------
| rollout/                |            |
|    ep_len_mean          | 150        |
|    ep_rew_mean          | 30.7       |
| time/                   |            |
|    fps                  | 135        |
|    iterations           | 35         |
|    time_elapsed         | 2115       |
|    total_timesteps      | 286720     |
| train/                  |            |
|    approx_kl            | 0.01633331 |
|    clip_fraction        | 0.137      |
|    clip_range           | 0.2        |
|    entropy_loss         | -0.819     |
|    explained_variance   | 0.824      |
|    learning_rate        | 0.0003     |
|    loss                 | 1.79       |
|    n_updates            | 340        |
|    policy_gradient_loss | 0.00355    |
|    std                  | 0.554      |
|    value_loss           | 0.623      |
----------------------------------------
-----------------------------------------
| rollout/                |             |
|    ep_len_mean          | 151         |
|    ep_rew_mean          | 30.8        |
| time/                   |             |
|    fps                  | 135         |
|    iterations           | 36          |
|    time_elapsed         | 2178        |
|    total_timesteps      | 294912      |
| train/                  |             |
|    approx_kl            | 0.014028197 |
|    clip_fraction        | 0.132       |
|    clip_range           | 0.2         |
|    entropy_loss         | -0.815      |
|    explained_variance   | 0.977       |
|    learning_rate        | 0.0003      |
|    loss                 | 0.0396      |
|    n_updates            | 350         |
|    policy_gradient_loss | 0.00328     |
|    std                  | 0.542       |
|    value_loss           | 0.0444      |
-----------------------------------------
-----------------------------------------
| rollout/                |             |
|    ep_len_mean          | 151         |
|    ep_rew_mean          | 30.6        |
| time/                   |             |
|    fps                  | 135         |
|    iterations           | 37          |
|    time_elapsed         | 2240        |
|    total_timesteps      | 303104      |
| train/                  |             |
|    approx_kl            | 0.004696896 |
|    clip_fraction        | 0.0929      |
|    clip_range           | 0.2         |
|    entropy_loss         | -0.802      |
|    explained_variance   | 0.987       |
|    learning_rate        | 0.0003      |
|    loss                 | 0.0149      |
|    n_updates            | 360         |
|    policy_gradient_loss | 0.00385     |
|    std                  | 0.538       |
|    value_loss           | 0.046       |
-----------------------------------------
-----------------------------------------
| rollout/                |             |
|    ep_len_mean          | 151         |
|    ep_rew_mean          | 30.7        |
| time/                   |             |
|    fps                  | 135         |
|    iterations           | 38          |
|    time_elapsed         | 2302        |
|    total_timesteps      | 311296      |
| train/                  |             |
|    approx_kl            | 0.014069177 |
|    clip_fraction        | 0.122       |
|    clip_range           | 0.2         |
|    entropy_loss         | -0.789      |
|    explained_variance   | 0.987       |
|    learning_rate        | 0.0003      |
|    loss                 | 0.0266      |
|    n_updates            | 370         |
|    policy_gradient_loss | 0.00349     |
|    std                  | 0.529       |
|    value_loss           | 0.0461      |
-----------------------------------------
-----------------------------------------
| rollout/                |             |
|    ep_len_mean          | 150         |
|    ep_rew_mean          | 30.4        |
| time/                   |             |
|    fps                  | 135         |
|    iterations           | 39          |
|    time_elapsed         | 2364        |
|    total_timesteps      | 319488      |
| train/                  |             |
|    approx_kl            | 0.008637619 |
|    clip_fraction        | 0.108       |
|    clip_range           | 0.2         |
|    entropy_loss         | -0.782      |
|    explained_variance   | 0.988       |
|    learning_rate        | 0.0003      |
|    loss                 | -0.00349    |
|    n_updates            | 380         |
|    policy_gradient_loss | 0.00166     |
|    std                  | 0.53        |
|    value_loss           | 0.0573      |
-----------------------------------------
----------------------------------------
| rollout/                |            |
|    ep_len_mean          | 148        |
|    ep_rew_mean          | 29.9       |
| time/                   |            |
|    fps                  | 135        |
|    iterations           | 40         |
|    time_elapsed         | 2427       |
|    total_timesteps      | 327680     |
| train/                  |            |
|    approx_kl            | 0.00926007 |
|    clip_fraction        | 0.133      |
|    clip_range           | 0.2        |
|    entropy_loss         | -0.776     |
|    explained_variance   | 0.706      |
|    learning_rate        | 0.0003     |
|    loss                 | 0.0733     |
|    n_updates            | 390        |
|    policy_gradient_loss | 0.00483    |
|    std                  | 0.527      |
|    value_loss           | 0.809      |
----------------------------------------
----------------------------------------
| rollout/                |            |
|    ep_len_mean          | 149        |
|    ep_rew_mean          | 30         |
| time/                   |            |
|    fps                  | 134        |
|    iterations           | 41         |
|    time_elapsed         | 2490       |
|    total_timesteps      | 335872     |
| train/                  |            |
|    approx_kl            | 0.01745994 |
|    clip_fraction        | 0.125      |
|    clip_range           | 0.2        |
|    entropy_loss         | -0.769     |
|    explained_variance   | 0.89       |
|    learning_rate        | 0.0003     |
|    loss                 | 0.037      |
|    n_updates            | 400        |
|    policy_gradient_loss | 0.00291    |
|    std                  | 0.52       |
|    value_loss           | 0.376      |
----------------------------------------
------------------------------------------
| rollout/                |              |
|    ep_len_mean          | 149          |
|    ep_rew_mean          | 30.3         |
| time/                   |              |
|    fps                  | 134          |
|    iterations           | 42           |
|    time_elapsed         | 2550         |
|    total_timesteps      | 344064       |
| train/                  |              |
|    approx_kl            | 0.0066245114 |
|    clip_fraction        | 0.113        |
|    clip_range           | 0.2          |
|    entropy_loss         | -0.754       |
|    explained_variance   | 0.83         |
|    learning_rate        | 0.0003       |
|    loss                 | 2.44         |
|    n_updates            | 410          |
|    policy_gradient_loss | 0.00439      |
|    std                  | 0.508        |
|    value_loss           | 0.564        |
------------------------------------------
-----------------------------------------
| rollout/                |             |
|    ep_len_mean          | 146         |
|    ep_rew_mean          | 29.7        |
| time/                   |             |
|    fps                  | 134         |
|    iterations           | 43          |
|    time_elapsed         | 2611        |
|    total_timesteps      | 352256      |
| train/                  |             |
|    approx_kl            | 0.018814038 |
|    clip_fraction        | 0.143       |
|    clip_range           | 0.2         |
|    entropy_loss         | -0.723      |
|    explained_variance   | 0.889       |
|    learning_rate        | 0.0003      |
|    loss                 | 0.0318      |
|    n_updates            | 420         |
|    policy_gradient_loss | 0.000827    |
|    std                  | 0.491       |
|    value_loss           | 0.488       |
-----------------------------------------
------------------------------------------
| rollout/                |              |
|    ep_len_mean          | 146          |
|    ep_rew_mean          | 29.8         |
| time/                   |              |
|    fps                  | 134          |
|    iterations           | 44           |
|    time_elapsed         | 2670         |
|    total_timesteps      | 360448       |
| train/                  |              |
|    approx_kl            | 0.0122638345 |
|    clip_fraction        | 0.156        |
|    clip_range           | 0.2          |
|    entropy_loss         | -0.716       |
|    explained_variance   | 0.613        |
|    learning_rate        | 0.0003       |
|    loss                 | 0.193        |
|    n_updates            | 430          |
|    policy_gradient_loss | 0.0024       |
|    std                  | 0.5          |
|    value_loss           | 1.47         |
------------------------------------------
-----------------------------------------
| rollout/                |             |
|    ep_len_mean          | 147         |
|    ep_rew_mean          | 30          |
| time/                   |             |
|    fps                  | 134         |
|    iterations           | 45          |
|    time_elapsed         | 2731        |
|    total_timesteps      | 368640      |
| train/                  |             |
|    approx_kl            | 0.040259935 |
|    clip_fraction        | 0.255       |
|    clip_range           | 0.2         |
|    entropy_loss         | -0.718      |
|    explained_variance   | 0.61        |
|    learning_rate        | 0.0003      |
|    loss                 | 0.492       |
|    n_updates            | 440         |
|    policy_gradient_loss | 0.0047      |
|    std                  | 0.495       |
|    value_loss           | 2.52        |
-----------------------------------------
------------------------------------------
| rollout/                |              |
|    ep_len_mean          | 150          |
|    ep_rew_mean          | 30.7         |
| time/                   |              |
|    fps                  | 135          |
|    iterations           | 46           |
|    time_elapsed         | 2790         |
|    total_timesteps      | 376832       |
| train/                  |              |
|    approx_kl            | 0.0110023925 |
|    clip_fraction        | 0.141        |
|    clip_range           | 0.2          |
|    entropy_loss         | -0.715       |
|    explained_variance   | 0.871        |
|    learning_rate        | 0.0003       |
|    loss                 | 1.38         |
|    n_updates            | 450          |
|    policy_gradient_loss | 0.00517      |
|    std                  | 0.494        |
|    value_loss           | 0.35         |
------------------------------------------
-----------------------------------------
| rollout/                |             |
|    ep_len_mean          | 151         |
|    ep_rew_mean          | 30.9        |
| time/                   |             |
|    fps                  | 135         |
|    iterations           | 47          |
|    time_elapsed         | 2851        |
|    total_timesteps      | 385024      |
| train/                  |             |
|    approx_kl            | 0.008835017 |
|    clip_fraction        | 0.107       |
|    clip_range           | 0.2         |
|    entropy_loss         | -0.71       |
|    explained_variance   | 0.916       |
|    learning_rate        | 0.0003      |
|    loss                 | 0.0476      |
|    n_updates            | 460         |
|    policy_gradient_loss | 0.00349     |
|    std                  | 0.493       |
|    value_loss           | 0.0661      |
-----------------------------------------
----------------------------------------
| rollout/                |            |
|    ep_len_mean          | 151        |
|    ep_rew_mean          | 30.7       |
| time/                   |            |
|    fps                  | 135        |
|    iterations           | 48         |
|    time_elapsed         | 2911       |
|    total_timesteps      | 393216     |
| train/                  |            |
|    approx_kl            | 0.00815911 |
|    clip_fraction        | 0.109      |
|    clip_range           | 0.2        |
|    entropy_loss         | -0.72      |
|    explained_variance   | 0.985      |
|    learning_rate        | 0.0003     |
|    loss                 | 0.0141     |
|    n_updates            | 470        |
|    policy_gradient_loss | 0.00272    |
|    std                  | 0.5        |
|    value_loss           | 0.0566     |
----------------------------------------
-----------------------------------------
| rollout/                |             |
|    ep_len_mean          | 151         |
|    ep_rew_mean          | 30.6        |
| time/                   |             |
|    fps                  | 135         |
|    iterations           | 49          |
|    time_elapsed         | 2970        |
|    total_timesteps      | 401408      |
| train/                  |             |
|    approx_kl            | 0.010628528 |
|    clip_fraction        | 0.109       |
|    clip_range           | 0.2         |
|    entropy_loss         | -0.716      |
|    explained_variance   | 0.983       |
|    learning_rate        | 0.0003      |
|    loss                 | 0.0535      |
|    n_updates            | 480         |
|    policy_gradient_loss | 0.00219     |
|    std                  | 0.493       |
|    value_loss           | 0.0498      |
-----------------------------------------
-----------------------------------------
| rollout/                |             |
|    ep_len_mean          | 151         |
|    ep_rew_mean          | 30.5        |
| time/                   |             |
|    fps                  | 135         |
|    iterations           | 50          |
|    time_elapsed         | 3029        |
|    total_timesteps      | 409600      |
| train/                  |             |
|    approx_kl            | 0.008512074 |
|    clip_fraction        | 0.105       |
|    clip_range           | 0.2         |
|    entropy_loss         | -0.721      |
|    explained_variance   | 0.984       |
|    learning_rate        | 0.0003      |
|    loss                 | 0.0149      |
|    n_updates            | 490         |
|    policy_gradient_loss | 0.00244     |
|    std                  | 0.498       |
|    value_loss           | 0.0541      |
-----------------------------------------
------------------------------------------
| rollout/                |              |
|    ep_len_mean          | 149          |
|    ep_rew_mean          | 30.2         |
| time/                   |              |
|    fps                  | 135          |
|    iterations           | 51           |
|    time_elapsed         | 3088         |
|    total_timesteps      | 417792       |
| train/                  |              |
|    approx_kl            | 0.0072151003 |
|    clip_fraction        | 0.0981       |
|    clip_range           | 0.2          |
|    entropy_loss         | -0.715       |
|    explained_variance   | 0.985        |
|    learning_rate        | 0.0003       |
|    loss                 | -0.0145      |
|    n_updates            | 500          |
|    policy_gradient_loss | 0.00146      |
|    std                  | 0.492        |
|    value_loss           | 0.0542       |
------------------------------------------
-----------------------------------------
| rollout/                |             |
|    ep_len_mean          | 147         |
|    ep_rew_mean          | 30          |
| time/                   |             |
|    fps                  | 135         |
|    iterations           | 52          |
|    time_elapsed         | 3147        |
|    total_timesteps      | 425984      |
| train/                  |             |
|    approx_kl            | 0.006403026 |
|    clip_fraction        | 0.125       |
|    clip_range           | 0.2         |
|    entropy_loss         | -0.709      |
|    explained_variance   | 0.684       |
|    learning_rate        | 0.0003      |
|    loss                 | 0.0632      |
|    n_updates            | 510         |
|    policy_gradient_loss | 0.00517     |
|    std                  | 0.492       |
|    value_loss           | 1.33        |
-----------------------------------------
-----------------------------------------
| rollout/                |             |
|    ep_len_mean          | 149         |
|    ep_rew_mean          | 30.8        |
| time/                   |             |
|    fps                  | 135         |
|    iterations           | 53          |
|    time_elapsed         | 3204        |
|    total_timesteps      | 434176      |
| train/                  |             |
|    approx_kl            | 0.011082165 |
|    clip_fraction        | 0.154       |
|    clip_range           | 0.2         |
|    entropy_loss         | -0.698      |
|    explained_variance   | 0.711       |
|    learning_rate        | 0.0003      |
|    loss                 | 1.95        |
|    n_updates            | 520         |
|    policy_gradient_loss | 0.00394     |
|    std                  | 0.483       |
|    value_loss           | 1.05        |
-----------------------------------------
-----------------------------------------
| rollout/                |             |
|    ep_len_mean          | 150         |
|    ep_rew_mean          | 30.9        |
| time/                   |             |
|    fps                  | 135         |
|    iterations           | 54          |
|    time_elapsed         | 3263        |
|    total_timesteps      | 442368      |
| train/                  |             |
|    approx_kl            | 0.008552772 |
|    clip_fraction        | 0.115       |
|    clip_range           | 0.2         |
|    entropy_loss         | -0.695      |
|    explained_variance   | 0.808       |
|    learning_rate        | 0.0003      |
|    loss                 | 2.04        |
|    n_updates            | 530         |
|    policy_gradient_loss | 0.00341     |
|    std                  | 0.484       |
|    value_loss           | 0.719       |
-----------------------------------------
-----------------------------------------
| rollout/                |             |
|    ep_len_mean          | 151         |
|    ep_rew_mean          | 30.9        |
| time/                   |             |
|    fps                  | 135         |
|    iterations           | 55          |
|    time_elapsed         | 3323        |
|    total_timesteps      | 450560      |
| train/                  |             |
|    approx_kl            | 0.012280554 |
|    clip_fraction        | 0.102       |
|    clip_range           | 0.2         |
|    entropy_loss         | -0.692      |
|    explained_variance   | 0.984       |
|    learning_rate        | 0.0003      |
|    loss                 | 0.036       |
|    n_updates            | 540         |
|    policy_gradient_loss | 0.00372     |
|    std                  | 0.484       |
|    value_loss           | 0.0414      |
-----------------------------------------
---------------------------------------
| rollout/                |           |
|    ep_len_mean          | 150       |
|    ep_rew_mean          | 30.9      |
| time/                   |           |
|    fps                  | 135       |
|    iterations           | 56        |
|    time_elapsed         | 3381      |
|    total_timesteps      | 458752    |
| train/                  |           |
|    approx_kl            | 0.0118201 |
|    clip_fraction        | 0.122     |
|    clip_range           | 0.2       |
|    entropy_loss         | -0.684    |
|    explained_variance   | 0.986     |
|    learning_rate        | 0.0003    |
|    loss                 | -0.00827  |
|    n_updates            | 550       |
|    policy_gradient_loss | 0.00226   |
|    std                  | 0.477     |
|    value_loss           | 0.0435    |
---------------------------------------
-----------------------------------------
| rollout/                |             |
|    ep_len_mean          | 150         |
|    ep_rew_mean          | 30.9        |
| time/                   |             |
|    fps                  | 135         |
|    iterations           | 57          |
|    time_elapsed         | 3437        |
|    total_timesteps      | 466944      |
| train/                  |             |
|    approx_kl            | 0.019683152 |
|    clip_fraction        | 0.111       |
|    clip_range           | 0.2         |
|    entropy_loss         | -0.662      |
|    explained_variance   | 0.827       |
|    learning_rate        | 0.0003      |
|    loss                 | 0.00718     |
|    n_updates            | 560         |
|    policy_gradient_loss | 0.0035      |
|    std                  | 0.468       |
|    value_loss           | 0.624       |
-----------------------------------------
-----------------------------------------
| rollout/                |             |
|    ep_len_mean          | 151         |
|    ep_rew_mean          | 30.8        |
| time/                   |             |
|    fps                  | 135         |
|    iterations           | 58          |
|    time_elapsed         | 3493        |
|    total_timesteps      | 475136      |
| train/                  |             |
|    approx_kl            | 0.009897567 |
|    clip_fraction        | 0.0944      |
|    clip_range           | 0.2         |
|    entropy_loss         | -0.657      |
|    explained_variance   | 0.983       |
|    learning_rate        | 0.0003      |
|    loss                 | 0.036       |
|    n_updates            | 570         |
|    policy_gradient_loss | 0.00287     |
|    std                  | 0.466       |
|    value_loss           | 0.0552      |
-----------------------------------------
-----------------------------------------
| rollout/                |             |
|    ep_len_mean          | 150         |
|    ep_rew_mean          | 30.3        |
| time/                   |             |
|    fps                  | 136         |
|    iterations           | 59          |
|    time_elapsed         | 3550        |
|    total_timesteps      | 483328      |
| train/                  |             |
|    approx_kl            | 0.013421198 |
|    clip_fraction        | 0.114       |
|    clip_range           | 0.2         |
|    entropy_loss         | -0.637      |
|    explained_variance   | 0.986       |
|    learning_rate        | 0.0003      |
|    loss                 | 0.00553     |
|    n_updates            | 580         |
|    policy_gradient_loss | -0.0014     |
|    std                  | 0.456       |
|    value_loss           | 0.0496      |
-----------------------------------------
-----------------------------------------
| rollout/                |             |
|    ep_len_mean          | 150         |
|    ep_rew_mean          | 30.1        |
| time/                   |             |
|    fps                  | 136         |
|    iterations           | 60          |
|    time_elapsed         | 3608        |
|    total_timesteps      | 491520      |
| train/                  |             |
|    approx_kl            | 0.011864929 |
|    clip_fraction        | 0.109       |
|    clip_range           | 0.2         |
|    entropy_loss         | -0.62       |
|    explained_variance   | 0.831       |
|    learning_rate        | 0.0003      |
|    loss                 | 0.0301      |
|    n_updates            | 590         |
|    policy_gradient_loss | 0.00182     |
|    std                  | 0.449       |
|    value_loss           | 0.357       |
-----------------------------------------
------------------------------------------
| rollout/                |              |
|    ep_len_mean          | 151          |
|    ep_rew_mean          | 29.9         |
| time/                   |              |
|    fps                  | 136          |
|    iterations           | 61           |
|    time_elapsed         | 3667         |
|    total_timesteps      | 499712       |
| train/                  |              |
|    approx_kl            | 0.0097472295 |
|    clip_fraction        | 0.1          |
|    clip_range           | 0.2          |
|    entropy_loss         | -0.603       |
|    explained_variance   | 0.558        |
|    learning_rate        | 0.0003       |
|    loss                 | 0.0205       |
|    n_updates            | 600          |
|    policy_gradient_loss | 0.00144      |
|    std                  | 0.438        |
|    value_loss           | 0.116        |
------------------------------------------
----------------------------------------
| rollout/                |            |
|    ep_len_mean          | 151        |
|    ep_rew_mean          | 30.9       |
| time/                   |            |
|    fps                  | 136        |
|    iterations           | 62         |
|    time_elapsed         | 3726       |
|    total_timesteps      | 507904     |
| train/                  |            |
|    approx_kl            | 0.05451563 |
|    clip_fraction        | 0.117      |
|    clip_range           | 0.2        |
|    entropy_loss         | -0.587     |
|    explained_variance   | 0.832      |
|    learning_rate        | 0.0003     |
|    loss                 | 0.0294     |
|    n_updates            | 610        |
|    policy_gradient_loss | 0.000653   |
|    std                  | 0.434      |
|    value_loss           | 0.0827     |
----------------------------------------
-----------------------------------------
| rollout/                |             |
|    ep_len_mean          | 149         |
|    ep_rew_mean          | 30.2        |
| time/                   |             |
|    fps                  | 136         |
|    iterations           | 63          |
|    time_elapsed         | 3791        |
|    total_timesteps      | 516096      |
| train/                  |             |
|    approx_kl            | 0.009504474 |
|    clip_fraction        | 0.11        |
|    clip_range           | 0.2         |
|    entropy_loss         | -0.589      |
|    explained_variance   | 0.974       |
|    learning_rate        | 0.0003      |
|    loss                 | 0.0586      |
|    n_updates            | 620         |
|    policy_gradient_loss | 0.00278     |
|    std                  | 0.434       |
|    value_loss           | 0.0569      |
-----------------------------------------
-----------------------------------------
| rollout/                |             |
|    ep_len_mean          | 144         |
|    ep_rew_mean          | 28.9        |
| time/                   |             |
|    fps                  | 136         |
|    iterations           | 64          |
|    time_elapsed         | 3849        |
|    total_timesteps      | 524288      |
| train/                  |             |
|    approx_kl            | 0.016779175 |
|    clip_fraction        | 0.136       |
|    clip_range           | 0.2         |
|    entropy_loss         | -0.573      |
|    explained_variance   | 0.693       |
|    learning_rate        | 0.0003      |
|    loss                 | 0.0473      |
|    n_updates            | 630         |
|    policy_gradient_loss | 0.00419     |
|    std                  | 0.425       |
|    value_loss           | 0.893       |
-----------------------------------------
-----------------------------------------
| rollout/                |             |
|    ep_len_mean          | 146         |
|    ep_rew_mean          | 29.4        |
| time/                   |             |
|    fps                  | 136         |
|    iterations           | 65          |
|    time_elapsed         | 3908        |
|    total_timesteps      | 532480      |
| train/                  |             |
|    approx_kl            | 0.024675451 |
|    clip_fraction        | 0.153       |
|    clip_range           | 0.2         |
|    entropy_loss         | -0.566      |
|    explained_variance   | 0.576       |
|    learning_rate        | 0.0003      |
|    loss                 | 2.28        |
|    n_updates            | 640         |
|    policy_gradient_loss | 0.00243     |
|    std                  | 0.43        |
|    value_loss           | 2.5         |
-----------------------------------------
------------------------------------------
| rollout/                |              |
|    ep_len_mean          | 151          |
|    ep_rew_mean          | 30.9         |
| time/                   |              |
|    fps                  | 136          |
|    iterations           | 66           |
|    time_elapsed         | 3964         |
|    total_timesteps      | 540672       |
| train/                  |              |
|    approx_kl            | 0.0076805237 |
|    clip_fraction        | 0.109        |
|    clip_range           | 0.2          |
|    entropy_loss         | -0.567       |
|    explained_variance   | 0.965        |
|    learning_rate        | 0.0003       |
|    loss                 | 0.00734      |
|    n_updates            | 650          |
|    policy_gradient_loss | 0.00149      |
|    std                  | 0.425        |
|    value_loss           | 0.0465       |
------------------------------------------
-----------------------------------------
| rollout/                |             |
|    ep_len_mean          | 151         |
|    ep_rew_mean          | 31          |
| time/                   |             |
|    fps                  | 136         |
|    iterations           | 67          |
|    time_elapsed         | 4021        |
|    total_timesteps      | 548864      |
| train/                  |             |
|    approx_kl            | 0.008588561 |
|    clip_fraction        | 0.138       |
|    clip_range           | 0.2         |
|    entropy_loss         | -0.562      |
|    explained_variance   | 0.983       |
|    learning_rate        | 0.0003      |
|    loss                 | 0.01        |
|    n_updates            | 660         |
|    policy_gradient_loss | 0.000935    |
|    std                  | 0.422       |
|    value_loss           | 0.0372      |
-----------------------------------------
-----------------------------------------
| rollout/                |             |
|    ep_len_mean          | 151         |
|    ep_rew_mean          | 31          |
| time/                   |             |
|    fps                  | 136         |
|    iterations           | 68          |
|    time_elapsed         | 4080        |
|    total_timesteps      | 557056      |
| train/                  |             |
|    approx_kl            | 0.009161871 |
|    clip_fraction        | 0.127       |
|    clip_range           | 0.2         |
|    entropy_loss         | -0.552      |
|    explained_variance   | 0.984       |
|    learning_rate        | 0.0003      |
|    loss                 | 0.012       |
|    n_updates            | 670         |
|    policy_gradient_loss | 0.00112     |
|    std                  | 0.419       |
|    value_loss           | 0.0343      |
-----------------------------------------
-----------------------------------------
| rollout/                |             |
|    ep_len_mean          | 151         |
|    ep_rew_mean          | 30.8        |
| time/                   |             |
|    fps                  | 136         |
|    iterations           | 69          |
|    time_elapsed         | 4136        |
|    total_timesteps      | 565248      |
| train/                  |             |
|    approx_kl            | 0.010405259 |
|    clip_fraction        | 0.113       |
|    clip_range           | 0.2         |
|    entropy_loss         | -0.544      |
|    explained_variance   | 0.986       |
|    learning_rate        | 0.0003      |
|    loss                 | 0.0165      |
|    n_updates            | 680         |
|    policy_gradient_loss | 0.00167     |
|    std                  | 0.416       |
|    value_loss           | 0.0369      |
-----------------------------------------
-----------------------------------------
| rollout/                |             |
|    ep_len_mean          | 151         |
|    ep_rew_mean          | 30.5        |
| time/                   |             |
|    fps                  | 136         |
|    iterations           | 70          |
|    time_elapsed         | 4195        |
|    total_timesteps      | 573440      |
| train/                  |             |
|    approx_kl            | 0.012372213 |
|    clip_fraction        | 0.102       |
|    clip_range           | 0.2         |
|    entropy_loss         | -0.534      |
|    explained_variance   | 0.986       |
|    learning_rate        | 0.0003      |
|    loss                 | 0.0508      |
|    n_updates            | 690         |
|    policy_gradient_loss | 0.00189     |
|    std                  | 0.41        |
|    value_loss           | 0.0439      |
-----------------------------------------
------------------------------------------
| rollout/                |              |
|    ep_len_mean          | 151          |
|    ep_rew_mean          | 30.5         |
| time/                   |              |
|    fps                  | 136          |
|    iterations           | 71           |
|    time_elapsed         | 4253         |
|    total_timesteps      | 581632       |
| train/                  |              |
|    approx_kl            | 0.0075924206 |
|    clip_fraction        | 0.0997       |
|    clip_range           | 0.2          |
|    entropy_loss         | -0.515       |
|    explained_variance   | 0.984        |
|    learning_rate        | 0.0003       |
|    loss                 | 0.0475       |
|    n_updates            | 700          |
|    policy_gradient_loss | 0.00301      |
|    std                  | 0.404        |
|    value_loss           | 0.0456       |
------------------------------------------
------------------------------------------
| rollout/                |              |
|    ep_len_mean          | 151          |
|    ep_rew_mean          | 30.6         |
| time/                   |              |
|    fps                  | 136          |
|    iterations           | 72           |
|    time_elapsed         | 4314         |
|    total_timesteps      | 589824       |
| train/                  |              |
|    approx_kl            | 0.0066464823 |
|    clip_fraction        | 0.0936       |
|    clip_range           | 0.2          |
|    entropy_loss         | -0.511       |
|    explained_variance   | 0.982        |
|    learning_rate        | 0.0003       |
|    loss                 | 0.0328       |
|    n_updates            | 710          |
|    policy_gradient_loss | 0.000598     |
|    std                  | 0.402        |
|    value_loss           | 0.0496       |
------------------------------------------
-----------------------------------------
| rollout/                |             |
|    ep_len_mean          | 151         |
|    ep_rew_mean          | 30.3        |
| time/                   |             |
|    fps                  | 136         |
|    iterations           | 73          |
|    time_elapsed         | 4373        |
|    total_timesteps      | 598016      |
| train/                  |             |
|    approx_kl            | 0.007395845 |
|    clip_fraction        | 0.0817      |
|    clip_range           | 0.2         |
|    entropy_loss         | -0.511      |
|    explained_variance   | 0.981       |
|    learning_rate        | 0.0003      |
|    loss                 | -0.00622    |
|    n_updates            | 720         |
|    policy_gradient_loss | 0.00161     |
|    std                  | 0.402       |
|    value_loss           | 0.0521      |
-----------------------------------------
------------------------------------------
| rollout/                |              |
|    ep_len_mean          | 151          |
|    ep_rew_mean          | 30.5         |
| time/                   |              |
|    fps                  | 136          |
|    iterations           | 74           |
|    time_elapsed         | 4432         |
|    total_timesteps      | 606208       |
| train/                  |              |
|    approx_kl            | 0.0056542493 |
|    clip_fraction        | 0.0829       |
|    clip_range           | 0.2          |
|    entropy_loss         | -0.504       |
|    explained_variance   | 0.982        |
|    learning_rate        | 0.0003       |
|    loss                 | 0.0456       |
|    n_updates            | 730          |
|    policy_gradient_loss | 0.00101      |
|    std                  | 0.4          |
|    value_loss           | 0.0559       |
------------------------------------------
------------------------------------------
| rollout/                |              |
|    ep_len_mean          | 151          |
|    ep_rew_mean          | 30.6         |
| time/                   |              |
|    fps                  | 136          |
|    iterations           | 75           |
|    time_elapsed         | 4499         |
|    total_timesteps      | 614400       |
| train/                  |              |
|    approx_kl            | 0.0065811565 |
|    clip_fraction        | 0.0742       |
|    clip_range           | 0.2          |
|    entropy_loss         | -0.497       |
|    explained_variance   | 0.983        |
|    learning_rate        | 0.0003       |
|    loss                 | 0.0396       |
|    n_updates            | 740          |
|    policy_gradient_loss | 0.00237      |
|    std                  | 0.398        |
|    value_loss           | 0.0555       |
------------------------------------------
------------------------------------------
| rollout/                |              |
|    ep_len_mean          | 151          |
|    ep_rew_mean          | 30.8         |
| time/                   |              |
|    fps                  | 136          |
|    iterations           | 76           |
|    time_elapsed         | 4561         |
|    total_timesteps      | 622592       |
| train/                  |              |
|    approx_kl            | 0.0065256786 |
|    clip_fraction        | 0.095        |
|    clip_range           | 0.2          |
|    entropy_loss         | -0.489       |
|    explained_variance   | 0.982        |
|    learning_rate        | 0.0003       |
|    loss                 | 0.0665       |
|    n_updates            | 750          |
|    policy_gradient_loss | 0.00239      |
|    std                  | 0.392        |
|    value_loss           | 0.0603       |
------------------------------------------
-----------------------------------------
| rollout/                |             |
|    ep_len_mean          | 150         |
|    ep_rew_mean          | 30.5        |
| time/                   |             |
|    fps                  | 136         |
|    iterations           | 77          |
|    time_elapsed         | 4623        |
|    total_timesteps      | 630784      |
| train/                  |             |
|    approx_kl            | 0.009937418 |
|    clip_fraction        | 0.0901      |
|    clip_range           | 0.2         |
|    entropy_loss         | -0.478      |
|    explained_variance   | 0.984       |
|    learning_rate        | 0.0003      |
|    loss                 | 0.0246      |
|    n_updates            | 760         |
|    policy_gradient_loss | 0.00309     |
|    std                  | 0.392       |
|    value_loss           | 0.0542      |
-----------------------------------------
-----------------------------------------
| rollout/                |             |
|    ep_len_mean          | 150         |
|    ep_rew_mean          | 30.3        |
| time/                   |             |
|    fps                  | 136         |
|    iterations           | 78          |
|    time_elapsed         | 4679        |
|    total_timesteps      | 638976      |
| train/                  |             |
|    approx_kl            | 0.008895373 |
|    clip_fraction        | 0.114       |
|    clip_range           | 0.2         |
|    entropy_loss         | -0.485      |
|    explained_variance   | 0.776       |
|    learning_rate        | 0.0003      |
|    loss                 | 0.0259      |
|    n_updates            | 770         |
|    policy_gradient_loss | 5.24e-06    |
|    std                  | 0.392       |
|    value_loss           | 0.369       |
-----------------------------------------
-----------------------------------------
| rollout/                |             |
|    ep_len_mean          | 151         |
|    ep_rew_mean          | 30.9        |
| time/                   |             |
|    fps                  | 136         |
|    iterations           | 79          |
|    time_elapsed         | 4741        |
|    total_timesteps      | 647168      |
| train/                  |             |
|    approx_kl            | 0.008220431 |
|    clip_fraction        | 0.095       |
|    clip_range           | 0.2         |
|    entropy_loss         | -0.473      |
|    explained_variance   | 0.947       |
|    learning_rate        | 0.0003      |
|    loss                 | 0.101       |
|    n_updates            | 780         |
|    policy_gradient_loss | -0.00239    |
|    std                  | 0.387       |
|    value_loss           | 0.119       |
-----------------------------------------
-----------------------------------------
| rollout/                |             |
|    ep_len_mean          | 150         |
|    ep_rew_mean          | 30.7        |
| time/                   |             |
|    fps                  | 136         |
|    iterations           | 80          |
|    time_elapsed         | 4801        |
|    total_timesteps      | 655360      |
| train/                  |             |
|    approx_kl            | 0.012422894 |
|    clip_fraction        | 0.105       |
|    clip_range           | 0.2         |
|    entropy_loss         | -0.461      |
|    explained_variance   | 0.981       |
|    learning_rate        | 0.0003      |
|    loss                 | 0.00568     |
|    n_updates            | 790         |
|    policy_gradient_loss | 0.002       |
|    std                  | 0.384       |
|    value_loss           | 0.0515      |
-----------------------------------------
-----------------------------------------
| rollout/                |             |
|    ep_len_mean          | 150         |
|    ep_rew_mean          | 30.9        |
| time/                   |             |
|    fps                  | 136         |
|    iterations           | 81          |
|    time_elapsed         | 4859        |
|    total_timesteps      | 663552      |
| train/                  |             |
|    approx_kl            | 0.018859388 |
|    clip_fraction        | 0.111       |
|    clip_range           | 0.2         |
|    entropy_loss         | -0.458      |
|    explained_variance   | 0.805       |
|    learning_rate        | 0.0003      |
|    loss                 | 0.922       |
|    n_updates            | 800         |
|    policy_gradient_loss | 0.00392     |
|    std                  | 0.382       |
|    value_loss           | 0.347       |
-----------------------------------------
-----------------------------------------
| rollout/                |             |
|    ep_len_mean          | 151         |
|    ep_rew_mean          | 31.2        |
| time/                   |             |
|    fps                  | 136         |
|    iterations           | 82          |
|    time_elapsed         | 4918        |
|    total_timesteps      | 671744      |
| train/                  |             |
|    approx_kl            | 0.009374101 |
|    clip_fraction        | 0.105       |
|    clip_range           | 0.2         |
|    entropy_loss         | -0.457      |
|    explained_variance   | 0.981       |
|    learning_rate        | 0.0003      |
|    loss                 | 0.0209      |
|    n_updates            | 810         |
|    policy_gradient_loss | 0.00209     |
|    std                  | 0.38        |
|    value_loss           | 0.0526      |
-----------------------------------------
------------------------------------------
| rollout/                |              |
|    ep_len_mean          | 151          |
|    ep_rew_mean          | 30.9         |
| time/                   |              |
|    fps                  | 136          |
|    iterations           | 83           |
|    time_elapsed         | 4978         |
|    total_timesteps      | 679936       |
| train/                  |              |
|    approx_kl            | 0.0076598143 |
|    clip_fraction        | 0.104        |
|    clip_range           | 0.2          |
|    entropy_loss         | -0.433       |
|    explained_variance   | 0.98         |
|    learning_rate        | 0.0003       |
|    loss                 | 0.0393       |
|    n_updates            | 820          |
|    policy_gradient_loss | 0.0033       |
|    std                  | 0.372        |
|    value_loss           | 0.0575       |
------------------------------------------
-----------------------------------------
| rollout/                |             |
|    ep_len_mean          | 151         |
|    ep_rew_mean          | 30.7        |
| time/                   |             |
|    fps                  | 136         |
|    iterations           | 84          |
|    time_elapsed         | 5038        |
|    total_timesteps      | 688128      |
| train/                  |             |
|    approx_kl            | 0.013277235 |
|    clip_fraction        | 0.118       |
|    clip_range           | 0.2         |
|    entropy_loss         | -0.429      |
|    explained_variance   | 0.982       |
|    learning_rate        | 0.0003      |
|    loss                 | 0.0168      |
|    n_updates            | 830         |
|    policy_gradient_loss | 0.00217     |
|    std                  | 0.371       |
|    value_loss           | 0.0581      |
-----------------------------------------
-----------------------------------------
| rollout/                |             |
|    ep_len_mean          | 150         |
|    ep_rew_mean          | 30.1        |
| time/                   |             |
|    fps                  | 136         |
|    iterations           | 85          |
|    time_elapsed         | 5098        |
|    total_timesteps      | 696320      |
| train/                  |             |
|    approx_kl            | 0.007600732 |
|    clip_fraction        | 0.11        |
|    clip_range           | 0.2         |
|    entropy_loss         | -0.422      |
|    explained_variance   | 0.979       |
|    learning_rate        | 0.0003      |
|    loss                 | 0.0324      |
|    n_updates            | 840         |
|    policy_gradient_loss | 0.00329     |
|    std                  | 0.369       |
|    value_loss           | 0.0615      |
-----------------------------------------
-----------------------------------------
| rollout/                |             |
|    ep_len_mean          | 150         |
|    ep_rew_mean          | 30.3        |
| time/                   |             |
|    fps                  | 136         |
|    iterations           | 86          |
|    time_elapsed         | 5156        |
|    total_timesteps      | 704512      |
| train/                  |             |
|    approx_kl            | 0.008693992 |
|    clip_fraction        | 0.116       |
|    clip_range           | 0.2         |
|    entropy_loss         | -0.417      |
|    explained_variance   | 0.844       |
|    learning_rate        | 0.0003      |
|    loss                 | 0.0197      |
|    n_updates            | 850         |
|    policy_gradient_loss | 0.000704    |
|    std                  | 0.369       |
|    value_loss           | 0.129       |
-----------------------------------------
-----------------------------------------
| rollout/                |             |
|    ep_len_mean          | 149         |
|    ep_rew_mean          | 30.6        |
| time/                   |             |
|    fps                  | 136         |
|    iterations           | 87          |
|    time_elapsed         | 5214        |
|    total_timesteps      | 712704      |
| train/                  |             |
|    approx_kl            | 0.008165875 |
|    clip_fraction        | 0.0813      |
|    clip_range           | 0.2         |
|    entropy_loss         | -0.419      |
|    explained_variance   | 0.97        |
|    learning_rate        | 0.0003      |
|    loss                 | 0.0357      |
|    n_updates            | 860         |
|    policy_gradient_loss | 0.00225     |
|    std                  | 0.368       |
|    value_loss           | 0.0715      |
-----------------------------------------
-----------------------------------------
| rollout/                |             |
|    ep_len_mean          | 142         |
|    ep_rew_mean          | 29.2        |
| time/                   |             |
|    fps                  | 136         |
|    iterations           | 88          |
|    time_elapsed         | 5272        |
|    total_timesteps      | 720896      |
| train/                  |             |
|    approx_kl            | 0.016836373 |
|    clip_fraction        | 0.14        |
|    clip_range           | 0.2         |
|    entropy_loss         | -0.417      |
|    explained_variance   | 0.719       |
|    learning_rate        | 0.0003      |
|    loss                 | 0.0229      |
|    n_updates            | 870         |
|    policy_gradient_loss | 0.00436     |
|    std                  | 0.368       |
|    value_loss           | 0.757       |
-----------------------------------------
-----------------------------------------
| rollout/                |             |
|    ep_len_mean          | 146         |
|    ep_rew_mean          | 29.8        |
| time/                   |             |
|    fps                  | 136         |
|    iterations           | 89          |
|    time_elapsed         | 5332        |
|    total_timesteps      | 729088      |
| train/                  |             |
|    approx_kl            | 0.011566021 |
|    clip_fraction        | 0.122       |
|    clip_range           | 0.2         |
|    entropy_loss         | -0.411      |
|    explained_variance   | 0.625       |
|    learning_rate        | 0.0003      |
|    loss                 | 0.18        |
|    n_updates            | 880         |
|    policy_gradient_loss | 0.00171     |
|    std                  | 0.363       |
|    value_loss           | 1.94        |
-----------------------------------------
----------------------------------------
| rollout/                |            |
|    ep_len_mean          | 150        |
|    ep_rew_mean          | 30.6       |
| time/                   |            |
|    fps                  | 136        |
|    iterations           | 90         |
|    time_elapsed         | 5392       |
|    total_timesteps      | 737280     |
| train/                  |            |
|    approx_kl            | 0.01329535 |
|    clip_fraction        | 0.138      |
|    clip_range           | 0.2        |
|    entropy_loss         | -0.39      |
|    explained_variance   | 0.853      |
|    learning_rate        | 0.0003     |
|    loss                 | 0.0528     |
|    n_updates            | 890        |
|    policy_gradient_loss | 0.00401    |
|    std                  | 0.354      |
|    value_loss           | 0.605      |
----------------------------------------
-----------------------------------------
| rollout/                |             |
|    ep_len_mean          | 149         |
|    ep_rew_mean          | 30.3        |
| time/                   |             |
|    fps                  | 136         |
|    iterations           | 91          |
|    time_elapsed         | 5453        |
|    total_timesteps      | 745472      |
| train/                  |             |
|    approx_kl            | 0.011072738 |
|    clip_fraction        | 0.127       |
|    clip_range           | 0.2         |
|    entropy_loss         | -0.375      |
|    explained_variance   | 0.822       |
|    learning_rate        | 0.0003      |
|    loss                 | 0.00516     |
|    n_updates            | 900         |
|    policy_gradient_loss | 0.00283     |
|    std                  | 0.353       |
|    value_loss           | 0.379       |
-----------------------------------------
------------------------------------------
| rollout/                |              |
|    ep_len_mean          | 150          |
|    ep_rew_mean          | 30.3         |
| time/                   |              |
|    fps                  | 136          |
|    iterations           | 92           |
|    time_elapsed         | 5514         |
|    total_timesteps      | 753664       |
| train/                  |              |
|    approx_kl            | 0.0064590815 |
|    clip_fraction        | 0.105        |
|    clip_range           | 0.2          |
|    entropy_loss         | -0.384       |
|    explained_variance   | 0.84         |
|    learning_rate        | 0.0003       |
|    loss                 | 0.327        |
|    n_updates            | 910          |
|    policy_gradient_loss | 0.00182      |
|    std                  | 0.355        |
|    value_loss           | 0.311        |
------------------------------------------
------------------------------------------
| rollout/                |              |
|    ep_len_mean          | 151          |
|    ep_rew_mean          | 30.5         |
| time/                   |              |
|    fps                  | 136          |
|    iterations           | 93           |
|    time_elapsed         | 5575         |
|    total_timesteps      | 761856       |
| train/                  |              |
|    approx_kl            | 0.0065701567 |
|    clip_fraction        | 0.106        |
|    clip_range           | 0.2          |
|    entropy_loss         | -0.366       |
|    explained_variance   | 0.521        |
|    learning_rate        | 0.0003       |
|    loss                 | 0.0367       |
|    n_updates            | 920          |
|    policy_gradient_loss | 0.00158      |
|    std                  | 0.345        |
|    value_loss           | 0.219        |
------------------------------------------
------------------------------------------
| rollout/                |              |
|    ep_len_mean          | 151          |
|    ep_rew_mean          | 30.5         |
| time/                   |              |
|    fps                  | 136          |
|    iterations           | 94           |
|    time_elapsed         | 5639         |
|    total_timesteps      | 770048       |
| train/                  |              |
|    approx_kl            | 0.0055176746 |
|    clip_fraction        | 0.097        |
|    clip_range           | 0.2          |
|    entropy_loss         | -0.342       |
|    explained_variance   | 0.955        |
|    learning_rate        | 0.0003       |
|    loss                 | 0.0606       |
|    n_updates            | 930          |
|    policy_gradient_loss | 0.00158      |
|    std                  | 0.341        |
|    value_loss           | 0.0588       |
------------------------------------------
------------------------------------------
| rollout/                |              |
|    ep_len_mean          | 150          |
|    ep_rew_mean          | 30.3         |
| time/                   |              |
|    fps                  | 136          |
|    iterations           | 95           |
|    time_elapsed         | 5699         |
|    total_timesteps      | 778240       |
| train/                  |              |
|    approx_kl            | 0.0063796416 |
|    clip_fraction        | 0.0944       |
|    clip_range           | 0.2          |
|    entropy_loss         | -0.341       |
|    explained_variance   | 0.973        |
|    learning_rate        | 0.0003       |
|    loss                 | 0.0178       |
|    n_updates            | 940          |
|    policy_gradient_loss | 0.00184      |
|    std                  | 0.339        |
|    value_loss           | 0.0513       |
------------------------------------------
------------------------------------------
| rollout/                |              |
|    ep_len_mean          | 148          |
|    ep_rew_mean          | 29.8         |
| time/                   |              |
|    fps                  | 136          |
|    iterations           | 96           |
|    time_elapsed         | 5762         |
|    total_timesteps      | 786432       |
| train/                  |              |
|    approx_kl            | 0.0063476153 |
|    clip_fraction        | 0.103        |
|    clip_range           | 0.2          |
|    entropy_loss         | -0.329       |
|    explained_variance   | 0.814        |
|    learning_rate        | 0.0003       |
|    loss                 | 0.0129       |
|    n_updates            | 950          |
|    policy_gradient_loss | 0.00258      |
|    std                  | 0.334        |
|    value_loss           | 0.193        |
------------------------------------------
-----------------------------------------
| rollout/                |             |
|    ep_len_mean          | 150         |
|    ep_rew_mean          | 30.4        |
| time/                   |             |
|    fps                  | 136         |
|    iterations           | 97          |
|    time_elapsed         | 5827        |
|    total_timesteps      | 794624      |
| train/                  |             |
|    approx_kl            | 0.008081635 |
|    clip_fraction        | 0.0985      |
|    clip_range           | 0.2         |
|    entropy_loss         | -0.315      |
|    explained_variance   | 0.802       |
|    learning_rate        | 0.0003      |
|    loss                 | 0.0351      |
|    n_updates            | 960         |
|    policy_gradient_loss | 0.000807    |
|    std                  | 0.33        |
|    value_loss           | 0.618       |
-----------------------------------------
-----------------------------------------
| rollout/                |             |
|    ep_len_mean          | 151         |
|    ep_rew_mean          | 30.9        |
| time/                   |             |
|    fps                  | 136         |
|    iterations           | 98          |
|    time_elapsed         | 5889        |
|    total_timesteps      | 802816      |
| train/                  |             |
|    approx_kl            | 0.008035189 |
|    clip_fraction        | 0.0923      |
|    clip_range           | 0.2         |
|    entropy_loss         | -0.303      |
|    explained_variance   | 0.985       |
|    learning_rate        | 0.0003      |
|    loss                 | 0.0317      |
|    n_updates            | 970         |
|    policy_gradient_loss | 0.00223     |
|    std                  | 0.326       |
|    value_loss           | 0.0472      |
-----------------------------------------
------------------------------------------
| rollout/                |              |
|    ep_len_mean          | 151          |
|    ep_rew_mean          | 30.7         |
| time/                   |              |
|    fps                  | 136          |
|    iterations           | 99           |
|    time_elapsed         | 5949         |
|    total_timesteps      | 811008       |
| train/                  |              |
|    approx_kl            | 0.0049515823 |
|    clip_fraction        | 0.0777       |
|    clip_range           | 0.2          |
|    entropy_loss         | -0.287       |
|    explained_variance   | 0.982        |
|    learning_rate        | 0.0003       |
|    loss                 | 0.0157       |
|    n_updates            | 980          |
|    policy_gradient_loss | 0.0026       |
|    std                  | 0.32         |
|    value_loss           | 0.0528       |
------------------------------------------
------------------------------------------
| rollout/                |              |
|    ep_len_mean          | 145          |
|    ep_rew_mean          | 29.5         |
| time/                   |              |
|    fps                  | 136          |
|    iterations           | 100          |
|    time_elapsed         | 6012         |
|    total_timesteps      | 819200       |
| train/                  |              |
|    approx_kl            | 0.0076628644 |
|    clip_fraction        | 0.0832       |
|    clip_range           | 0.2          |
|    entropy_loss         | -0.277       |
|    explained_variance   | 0.979        |
|    learning_rate        | 0.0003       |
|    loss                 | 0.0044       |
|    n_updates            | 990          |
|    policy_gradient_loss | 0.00238      |
|    std                  | 0.318        |
|    value_loss           | 0.0566       |
------------------------------------------
-----------------------------------------
| rollout/                |             |
|    ep_len_mean          | 148         |
|    ep_rew_mean          | 30.3        |
| time/                   |             |
|    fps                  | 136         |
|    iterations           | 101         |
|    time_elapsed         | 6070        |
|    total_timesteps      | 827392      |
| train/                  |             |
|    approx_kl            | 0.015173331 |
|    clip_fraction        | 0.114       |
|    clip_range           | 0.2         |
|    entropy_loss         | -0.273      |
|    explained_variance   | 0.499       |
|    learning_rate        | 0.0003      |
|    loss                 | 1.05        |
|    n_updates            | 1000        |
|    policy_gradient_loss | -0.00049    |
|    std                  | 0.318       |
|    value_loss           | 3.06        |
-----------------------------------------
-----------------------------------------
| rollout/                |             |
|    ep_len_mean          | 148         |
|    ep_rew_mean          | 30.2        |
| time/                   |             |
|    fps                  | 136         |
|    iterations           | 102         |
|    time_elapsed         | 6130        |
|    total_timesteps      | 835584      |
| train/                  |             |
|    approx_kl            | 0.008863404 |
|    clip_fraction        | 0.117       |
|    clip_range           | 0.2         |
|    entropy_loss         | -0.26       |
|    explained_variance   | 0.933       |
|    learning_rate        | 0.0003      |
|    loss                 | 0.0465      |
|    n_updates            | 1010        |
|    policy_gradient_loss | -0.000756   |
|    std                  | 0.312       |
|    value_loss           | 0.0969      |
-----------------------------------------
-----------------------------------------
| rollout/                |             |
|    ep_len_mean          | 146         |
|    ep_rew_mean          | 29.7        |
| time/                   |             |
|    fps                  | 136         |
|    iterations           | 103         |
|    time_elapsed         | 6195        |
|    total_timesteps      | 843776      |
| train/                  |             |
|    approx_kl            | 0.011343412 |
|    clip_fraction        | 0.116       |
|    clip_range           | 0.2         |
|    entropy_loss         | -0.25       |
|    explained_variance   | 0.718       |
|    learning_rate        | 0.0003      |
|    loss                 | 0.0657      |
|    n_updates            | 1020        |
|    policy_gradient_loss | 0.00214     |
|    std                  | 0.311       |
|    value_loss           | 1.48        |
-----------------------------------------
-----------------------------------------
| rollout/                |             |
|    ep_len_mean          | 149         |
|    ep_rew_mean          | 30.5        |
| time/                   |             |
|    fps                  | 136         |
|    iterations           | 104         |
|    time_elapsed         | 6256        |
|    total_timesteps      | 851968      |
| train/                  |             |
|    approx_kl            | 0.012834552 |
|    clip_fraction        | 0.13        |
|    clip_range           | 0.2         |
|    entropy_loss         | -0.24       |
|    explained_variance   | 0.79        |
|    learning_rate        | 0.0003      |
|    loss                 | 0.191       |
|    n_updates            | 1030        |
|    policy_gradient_loss | 0.00197     |
|    std                  | 0.307       |
|    value_loss           | 0.418       |
-----------------------------------------
-----------------------------------------
| rollout/                |             |
|    ep_len_mean          | 151         |
|    ep_rew_mean          | 31.3        |
| time/                   |             |
|    fps                  | 136         |
|    iterations           | 105         |
|    time_elapsed         | 6318        |
|    total_timesteps      | 860160      |
| train/                  |             |
|    approx_kl            | 0.007855033 |
|    clip_fraction        | 0.0909      |
|    clip_range           | 0.2         |
|    entropy_loss         | -0.22       |
|    explained_variance   | 0.921       |
|    learning_rate        | 0.0003      |
|    loss                 | 0.0606      |
|    n_updates            | 1040        |
|    policy_gradient_loss | -0.000183   |
|    std                  | 0.298       |
|    value_loss           | 0.094       |
-----------------------------------------
-----------------------------------------
| rollout/                |             |
|    ep_len_mean          | 145         |
|    ep_rew_mean          | 30          |
| time/                   |             |
|    fps                  | 136         |
|    iterations           | 106         |
|    time_elapsed         | 6377        |
|    total_timesteps      | 868352      |
| train/                  |             |
|    approx_kl            | 0.008057287 |
|    clip_fraction        | 0.0997      |
|    clip_range           | 0.2         |
|    entropy_loss         | -0.199      |
|    explained_variance   | 0.966       |
|    learning_rate        | 0.0003      |
|    loss                 | 0.0726      |
|    n_updates            | 1050        |
|    policy_gradient_loss | 0.00266     |
|    std                  | 0.293       |
|    value_loss           | 0.0547      |
-----------------------------------------
-----------------------------------------
| rollout/                |             |
|    ep_len_mean          | 147         |
|    ep_rew_mean          | 30          |
| time/                   |             |
|    fps                  | 136         |
|    iterations           | 107         |
|    time_elapsed         | 6436        |
|    total_timesteps      | 876544      |
| train/                  |             |
|    approx_kl            | 0.009798458 |
|    clip_fraction        | 0.132       |
|    clip_range           | 0.2         |
|    entropy_loss         | -0.195      |
|    explained_variance   | 0.416       |
|    learning_rate        | 0.0003      |
|    loss                 | 0.63        |
|    n_updates            | 1060        |
|    policy_gradient_loss | 0.000621    |
|    std                  | 0.296       |
|    value_loss           | 2.05        |
-----------------------------------------
-----------------------------------------
| rollout/                |             |
|    ep_len_mean          | 151         |
|    ep_rew_mean          | 31          |
| time/                   |             |
|    fps                  | 136         |
|    iterations           | 108         |
|    time_elapsed         | 6496        |
|    total_timesteps      | 884736      |
| train/                  |             |
|    approx_kl            | 0.014128843 |
|    clip_fraction        | 0.138       |
|    clip_range           | 0.2         |
|    entropy_loss         | -0.172      |
|    explained_variance   | 0.775       |
|    learning_rate        | 0.0003      |
|    loss                 | 0.0396      |
|    n_updates            | 1070        |
|    policy_gradient_loss | -0.000501   |
|    std                  | 0.283       |
|    value_loss           | 0.121       |
-----------------------------------------
-----------------------------------------
| rollout/                |             |
|    ep_len_mean          | 150         |
|    ep_rew_mean          | 30.6        |
| time/                   |             |
|    fps                  | 136         |
|    iterations           | 109         |
|    time_elapsed         | 6554        |
|    total_timesteps      | 892928      |
| train/                  |             |
|    approx_kl            | 0.013773544 |
|    clip_fraction        | 0.128       |
|    clip_range           | 0.2         |
|    entropy_loss         | -0.152      |
|    explained_variance   | 0.951       |
|    learning_rate        | 0.0003      |
|    loss                 | 0.06        |
|    n_updates            | 1080        |
|    policy_gradient_loss | 0.00253     |
|    std                  | 0.283       |
|    value_loss           | 0.0751      |
-----------------------------------------
---------------------------------------
| rollout/                |           |
|    ep_len_mean          | 141       |
|    ep_rew_mean          | 28.4      |
| time/                   |           |
|    fps                  | 136       |
|    iterations           | 110       |
|    time_elapsed         | 6614      |
|    total_timesteps      | 901120    |
| train/                  |           |
|    approx_kl            | 0.0097764 |
|    clip_fraction        | 0.126     |
|    clip_range           | 0.2       |
|    entropy_loss         | -0.161    |
|    explained_variance   | 0.794     |
|    learning_rate        | 0.0003    |
|    loss                 | 0.0375    |
|    n_updates            | 1090      |
|    policy_gradient_loss | 0.00332   |
|    std                  | 0.284     |
|    value_loss           | 0.659     |
---------------------------------------
----------------------------------------
| rollout/                |            |
|    ep_len_mean          | 146        |
|    ep_rew_mean          | 29.6       |
| time/                   |            |
|    fps                  | 136        |
|    iterations           | 111        |
|    time_elapsed         | 6673       |
|    total_timesteps      | 909312     |
| train/                  |            |
|    approx_kl            | 0.02281288 |
|    clip_fraction        | 0.249      |
|    clip_range           | 0.2        |
|    entropy_loss         | -0.158     |
|    explained_variance   | 0.385      |
|    learning_rate        | 0.0003     |
|    loss                 | 1.31       |
|    n_updates            | 1100       |
|    policy_gradient_loss | 0.00172    |
|    std                  | 0.282      |
|    value_loss           | 4.92       |
----------------------------------------
-----------------------------------------
| rollout/                |             |
|    ep_len_mean          | 150         |
|    ep_rew_mean          | 31.2        |
| time/                   |             |
|    fps                  | 136         |
|    iterations           | 112         |
|    time_elapsed         | 6733        |
|    total_timesteps      | 917504      |
| train/                  |             |
|    approx_kl            | 0.013226654 |
|    clip_fraction        | 0.122       |
|    clip_range           | 0.2         |
|    entropy_loss         | -0.131      |
|    explained_variance   | 0.968       |
|    learning_rate        | 0.0003      |
|    loss                 | 0.0576      |
|    n_updates            | 1110        |
|    policy_gradient_loss | 0.00347     |
|    std                  | 0.275       |
|    value_loss           | 0.0502      |
-----------------------------------------
-----------------------------------------
| rollout/                |             |
|    ep_len_mean          | 150         |
|    ep_rew_mean          | 31.2        |
| time/                   |             |
|    fps                  | 136         |
|    iterations           | 113         |
|    time_elapsed         | 6793        |
|    total_timesteps      | 925696      |
| train/                  |             |
|    approx_kl            | 0.008102233 |
|    clip_fraction        | 0.116       |
|    clip_range           | 0.2         |
|    entropy_loss         | -0.135      |
|    explained_variance   | 0.82        |
|    learning_rate        | 0.0003      |
|    loss                 | 0.637       |
|    n_updates            | 1120        |
|    policy_gradient_loss | 0.00307     |
|    std                  | 0.276       |
|    value_loss           | 0.526       |
-----------------------------------------
-----------------------------------------
| rollout/                |             |
|    ep_len_mean          | 150         |
|    ep_rew_mean          | 31.2        |
| time/                   |             |
|    fps                  | 136         |
|    iterations           | 114         |
|    time_elapsed         | 6852        |
|    total_timesteps      | 933888      |
| train/                  |             |
|    approx_kl            | 0.009323194 |
|    clip_fraction        | 0.128       |
|    clip_range           | 0.2         |
|    entropy_loss         | -0.139      |
|    explained_variance   | 0.985       |
|    learning_rate        | 0.0003      |
|    loss                 | 0.0282      |
|    n_updates            | 1130        |
|    policy_gradient_loss | 0.00254     |
|    std                  | 0.279       |
|    value_loss           | 0.0381      |
-----------------------------------------
-----------------------------------------
| rollout/                |             |
|    ep_len_mean          | 151         |
|    ep_rew_mean          | 31.4        |
| time/                   |             |
|    fps                  | 136         |
|    iterations           | 115         |
|    time_elapsed         | 6913        |
|    total_timesteps      | 942080      |
| train/                  |             |
|    approx_kl            | 0.008796169 |
|    clip_fraction        | 0.135       |
|    clip_range           | 0.2         |
|    entropy_loss         | -0.135      |
|    explained_variance   | 0.816       |
|    learning_rate        | 0.0003      |
|    loss                 | 0.0235      |
|    n_updates            | 1140        |
|    policy_gradient_loss | 0.004       |
|    std                  | 0.276       |
|    value_loss           | 0.147       |
-----------------------------------------
-----------------------------------------
| rollout/                |             |
|    ep_len_mean          | 151         |
|    ep_rew_mean          | 31.4        |
| time/                   |             |
|    fps                  | 136         |
|    iterations           | 116         |
|    time_elapsed         | 6971        |
|    total_timesteps      | 950272      |
| train/                  |             |
|    approx_kl            | 0.008245416 |
|    clip_fraction        | 0.111       |
|    clip_range           | 0.2         |
|    entropy_loss         | -0.127      |
|    explained_variance   | 0.986       |
|    learning_rate        | 0.0003      |
|    loss                 | 0.0546      |
|    n_updates            | 1150        |
|    policy_gradient_loss | 0.00417     |
|    std                  | 0.274       |
|    value_loss           | 0.0404      |
-----------------------------------------
------------------------------------------
| rollout/                |              |
|    ep_len_mean          | 151          |
|    ep_rew_mean          | 31.3         |
| time/                   |              |
|    fps                  | 136          |
|    iterations           | 117          |
|    time_elapsed         | 7031         |
|    total_timesteps      | 958464       |
| train/                  |              |
|    approx_kl            | 0.0072439807 |
|    clip_fraction        | 0.094        |
|    clip_range           | 0.2          |
|    entropy_loss         | -0.125       |
|    explained_variance   | 0.987        |
|    learning_rate        | 0.0003       |
|    loss                 | 0.0315       |
|    n_updates            | 1160         |
|    policy_gradient_loss | 0.00201      |
|    std                  | 0.274        |
|    value_loss           | 0.0445       |
------------------------------------------
----------------------------------------
| rollout/                |            |
|    ep_len_mean          | 151        |
|    ep_rew_mean          | 31.3       |
| time/                   |            |
|    fps                  | 136        |
|    iterations           | 118        |
|    time_elapsed         | 7087       |
|    total_timesteps      | 966656     |
| train/                  |            |
|    approx_kl            | 0.01000569 |
|    clip_fraction        | 0.0926     |
|    clip_range           | 0.2        |
|    entropy_loss         | -0.118     |
|    explained_variance   | 0.987      |
|    learning_rate        | 0.0003     |
|    loss                 | 0.0112     |
|    n_updates            | 1170       |
|    policy_gradient_loss | 0.00279    |
|    std                  | 0.272      |
|    value_loss           | 0.0435     |
----------------------------------------
-----------------------------------------
| rollout/                |             |
|    ep_len_mean          | 151         |
|    ep_rew_mean          | 31          |
| time/                   |             |
|    fps                  | 136         |
|    iterations           | 119         |
|    time_elapsed         | 7145        |
|    total_timesteps      | 974848      |
| train/                  |             |
|    approx_kl            | 0.009018568 |
|    clip_fraction        | 0.0966      |
|    clip_range           | 0.2         |
|    entropy_loss         | -0.116      |
|    explained_variance   | 0.986       |
|    learning_rate        | 0.0003      |
|    loss                 | 0.0177      |
|    n_updates            | 1180        |
|    policy_gradient_loss | 0.00338     |
|    std                  | 0.272       |
|    value_loss           | 0.0436      |
-----------------------------------------
-----------------------------------------
| rollout/                |             |
|    ep_len_mean          | 151         |
|    ep_rew_mean          | 31          |
| time/                   |             |
|    fps                  | 136         |
|    iterations           | 120         |
|    time_elapsed         | 7203        |
|    total_timesteps      | 983040      |
| train/                  |             |
|    approx_kl            | 0.011349218 |
|    clip_fraction        | 0.107       |
|    clip_range           | 0.2         |
|    entropy_loss         | -0.126      |
|    explained_variance   | 0.983       |
|    learning_rate        | 0.0003      |
|    loss                 | 0.019       |
|    n_updates            | 1190        |
|    policy_gradient_loss | 0.0021      |
|    std                  | 0.276       |
|    value_loss           | 0.0532      |
-----------------------------------------
-----------------------------------------
| rollout/                |             |
|    ep_len_mean          | 150         |
|    ep_rew_mean          | 31.2        |
| time/                   |             |
|    fps                  | 136         |
|    iterations           | 121         |
|    time_elapsed         | 7264        |
|    total_timesteps      | 991232      |
| train/                  |             |
|    approx_kl            | 0.006635237 |
|    clip_fraction        | 0.0862      |
|    clip_range           | 0.2         |
|    entropy_loss         | -0.142      |
|    explained_variance   | 0.98        |
|    learning_rate        | 0.0003      |
|    loss                 | 0.0291      |
|    n_updates            | 1200        |
|    policy_gradient_loss | 0.00313     |
|    std                  | 0.28        |
|    value_loss           | 0.0576      |
-----------------------------------------
-----------------------------------------
| rollout/                |             |
|    ep_len_mean          | 150         |
|    ep_rew_mean          | 30.9        |
| time/                   |             |
|    fps                  | 136         |
|    iterations           | 122         |
|    time_elapsed         | 7325        |
|    total_timesteps      | 999424      |
| train/                  |             |
|    approx_kl            | 0.008109082 |
|    clip_fraction        | 0.0967      |
|    clip_range           | 0.2         |
|    entropy_loss         | -0.142      |
|    explained_variance   | 0.871       |
|    learning_rate        | 0.0003      |
|    loss                 | 0.0244      |
|    n_updates            | 1210        |
|    policy_gradient_loss | 0.00328     |
|    std                  | 0.277       |
|    value_loss           | 0.189       |
-----------------------------------------
-----------------------------------------
| rollout/                |             |
|    ep_len_mean          | 151         |
|    ep_rew_mean          | 31.1        |
| time/                   |             |
|    fps                  | 136         |
|    iterations           | 123         |
|    time_elapsed         | 7385        |
|    total_timesteps      | 1007616     |
| train/                  |             |
|    approx_kl            | 0.006655477 |
|    clip_fraction        | 0.0997      |
|    clip_range           | 0.2         |
|    entropy_loss         | -0.127      |
|    explained_variance   | 0.913       |
|    learning_rate        | 0.0003      |
|    loss                 | 0.0315      |
|    n_updates            | 1220        |
|    policy_gradient_loss | 0.00295     |
|    std                  | 0.274       |
|    value_loss           | 0.0945      |
-----------------------------------------


###############################################################################
TCHPC Cluster: callan
Job 171061 (deepsets_cf_obs15_seed0_v12) for User 'hadjitot' in Account 'callan_hadjitot'
Finished at: Sat Mar 28 02:51:02 GMT 2026

Job efficiency estimates:
=========================

Job ID: 171061
Cluster: callan
User/Group: hadjitot/hadjitot
State: COMPLETED (exit code 0)
Nodes: 1
Cores per node: 16
CPU Utilized: 05:56:47
CPU Efficiency: 17.89% of 1-09:14:08 core-walltime
Job Wall-clock time: 02:04:38
Memory Utilized: 1.94 GB
Memory Efficiency: 6.05% of 32.00 GB (32.00 GB/node)

Job completion status:
======================

JobID           JobName AllocCPUS NTasks NNodes     MaxRSS    MaxRSSNode  MaxDiskRead MaxDiskWrite    Elapsed      State ExitCode 
------------ ---------- --------- ------ ------ ---------- ------------- ------------ ------------ ---------- ---------- -------- 
171061       deepsets_+        16             1                                                      02:04:38  COMPLETED      0:0 
171061.batch      batch        16      1      1   2029028K    callan-n08     1229.62M     1035.08M   02:04:38  COMPLETED      0:0 
171061.exte+     extern        16      1      1                                                      02:04:38  COMPLETED      0:0 


Job details:
============

JobId=171061 JobName=deepsets_cf_obs15_seed0_v12
   UserId=hadjitot(2357) GroupId=hadjitot(2300) MCS_label=N/A
   Priority=114382 Nice=0 Account=callan_hadjitot QOS=normal
   JobState=COMPLETING Reason=None Dependency=(null)
   Requeue=0 Restarts=0 BatchFlag=1 Reboot=0 ExitCode=0:0
   DerivedExitCode=0:0
   RunTime=02:04:38 TimeLimit=2-00:00:00 TimeMin=N/A
   SubmitTime=2026-03-27T20:37:56 EligibleTime=2026-03-27T20:37:56
   AccrueTime=2026-03-27T20:37:56
   StartTime=2026-03-28T00:46:24 EndTime=2026-03-28T02:51:02 Deadline=N/A
   SuspendTime=None SecsPreSuspend=0 LastSchedEval=2026-03-28T00:46:24 Scheduler=Main
   Partition=compute AllocNode:Sid=callan01:1076092
   ReqNodeList=(null) ExcNodeList=(null)
   NodeList=callan-n08
   BatchHost=callan-n08
   NumNodes=1 NumCPUs=16 NumTasks=1 CPUs/Task=16 ReqB:S:C:T=0:0:*:*
   ReqTRES=cpu=16,mem=32G,node=1,billing=16
   AllocTRES=cpu=16,mem=32G,node=1,billing=16
   Socks/Node=* NtasksPerN:B:S:C=0:0:*:* CoreSpec=*
   JOB_GRES=(null)
     Nodes=callan-n08 CPU_IDs=3,5-10,12,15-17,21-22,30-32 Mem=32768 GRES=
   MinCPUsNode=16 MinMemoryNode=32G MinTmpDiskNode=0
   Features=(null) DelayBoot=00:00:00
   OverSubscribe=OK Contiguous=0 Licenses=(null) LicensesAlloc=(null) Network=(null)
   Command=/home/users/hadjitot/fyp/HighwayEnv/slurm/train_deepsets.sbatch
   WorkDir=/home/users/hadjitot/fyp/HighwayEnv
   StdErr=/home/users/hadjitot/fyp/HighwayEnv/slurm_out/deepsets_cf_obs15_seed0_v12_171061.err
   StdIn=/dev/null
   StdOut=/home/users/hadjitot/fyp/HighwayEnv/slurm_out/deepsets_cf_obs15_seed0_v12_171061.out
   TresPerTask=cpu=16
   


Disk quota details:
===================

                         Block Limits                                    |                     File Limits
Name       type             MB      quota      limit   in_doubt    grace |    files   quota    limit in_doubt    grace
root       USR         4965682          0          0       1686     none |   397794       0        0      720     none
root       FILESET     5132391          0          0       4936     none |  9899041       0        0     1649     none


SLURM Bank Statement:
=====================

User           Usage |        Account     Usage | Account Limit Available (CPU hrs)
---------- --------- + -------------- --------- + ------------- ---------
hadjitot      11,969 | CALLAN_HADJITOT    11,969 |       300,000   288,031


Acknowledgements:
=================

Note that usage of TCHPC Resources *must* be acknowledged in all publications.

Please see this page for details relevant to this cluster:

http://www.tchpc.tcd.ie/resources/acknowledgementpolicy

################################################################################
