Loading Anaconda 3 2024.02-1
SCENARIO_NAME=cf_obs20_dense
EXP_VERSION=v12
TOTAL_TIMESTEPS=1000000
N_ENVS=4
DEEPSETS_HIDDEN=64
ppo_deepsets_cf_obs20_dense_v12_seed2 obs shape: (20, 5) action space: Box(-1.0, 1.0, (1,), float32)
Using cpu device
Logging to runs/tb/ppo_deepsets_cf_obs20_dense_v12_seed2_1
---------------------------------
| rollout/           |          |
|    ep_len_mean     | 11.9     |
|    ep_rew_mean     | -0.866   |
| time/              |          |
|    fps             | 165      |
|    iterations      | 1        |
|    time_elapsed    | 49       |
|    total_timesteps | 8192     |
---------------------------------
------------------------------------------
| rollout/                |              |
|    ep_len_mean          | 12.2         |
|    ep_rew_mean          | -0.886       |
| time/                   |              |
|    fps                  | 158          |
|    iterations           | 2            |
|    time_elapsed         | 103          |
|    total_timesteps      | 16384        |
| train/                  |              |
|    approx_kl            | 0.0018550095 |
|    clip_fraction        | 0.00991      |
|    clip_range           | 0.2          |
|    entropy_loss         | -1.42        |
|    explained_variance   | 0.017        |
|    learning_rate        | 0.0003       |
|    loss                 | 0.314        |
|    n_updates            | 10           |
|    policy_gradient_loss | -1.91e-05    |
|    std                  | 0.998        |
|    value_loss           | 1.47         |
------------------------------------------
-----------------------------------------
| rollout/                |             |
|    ep_len_mean          | 12.6        |
|    ep_rew_mean          | -0.797      |
| time/                   |             |
|    fps                  | 157         |
|    iterations           | 3           |
|    time_elapsed         | 156         |
|    total_timesteps      | 24576       |
| train/                  |             |
|    approx_kl            | 0.009414466 |
|    clip_fraction        | 0.113       |
|    clip_range           | 0.2         |
|    entropy_loss         | -1.4        |
|    explained_variance   | 0.972       |
|    learning_rate        | 0.0003      |
|    loss                 | 0.0658      |
|    n_updates            | 20          |
|    policy_gradient_loss | -0.0119     |
|    std                  | 0.977       |
|    value_loss           | 0.268       |
-----------------------------------------
-----------------------------------------
| rollout/                |             |
|    ep_len_mean          | 12.8        |
|    ep_rew_mean          | -0.814      |
| time/                   |             |
|    fps                  | 156         |
|    iterations           | 4           |
|    time_elapsed         | 209         |
|    total_timesteps      | 32768       |
| train/                  |             |
|    approx_kl            | 0.010423186 |
|    clip_fraction        | 0.136       |
|    clip_range           | 0.2         |
|    entropy_loss         | -1.38       |
|    explained_variance   | 0.983       |
|    learning_rate        | 0.0003      |
|    loss                 | 0.0672      |
|    n_updates            | 30          |
|    policy_gradient_loss | -0.0144     |
|    std                  | 0.958       |
|    value_loss           | 0.19        |
-----------------------------------------
-----------------------------------------
| rollout/                |             |
|    ep_len_mean          | 13.6        |
|    ep_rew_mean          | -0.565      |
| time/                   |             |
|    fps                  | 156         |
|    iterations           | 5           |
|    time_elapsed         | 262         |
|    total_timesteps      | 40960       |
| train/                  |             |
|    approx_kl            | 0.011317335 |
|    clip_fraction        | 0.151       |
|    clip_range           | 0.2         |
|    entropy_loss         | -1.35       |
|    explained_variance   | 0.989       |
|    learning_rate        | 0.0003      |
|    loss                 | 0.0201      |
|    n_updates            | 40          |
|    policy_gradient_loss | -0.0166     |
|    std                  | 0.926       |
|    value_loss           | 0.167       |
-----------------------------------------
-----------------------------------------
| rollout/                |             |
|    ep_len_mean          | 13.9        |
|    ep_rew_mean          | -0.617      |
| time/                   |             |
|    fps                  | 155         |
|    iterations           | 6           |
|    time_elapsed         | 315         |
|    total_timesteps      | 49152       |
| train/                  |             |
|    approx_kl            | 0.013020856 |
|    clip_fraction        | 0.191       |
|    clip_range           | 0.2         |
|    entropy_loss         | -1.32       |
|    explained_variance   | 0.992       |
|    learning_rate        | 0.0003      |
|    loss                 | 0.015       |
|    n_updates            | 50          |
|    policy_gradient_loss | -0.0202     |
|    std                  | 0.886       |
|    value_loss           | 0.145       |
-----------------------------------------
-----------------------------------------
| rollout/                |             |
|    ep_len_mean          | 15.1        |
|    ep_rew_mean          | -0.425      |
| time/                   |             |
|    fps                  | 155         |
|    iterations           | 7           |
|    time_elapsed         | 368         |
|    total_timesteps      | 57344       |
| train/                  |             |
|    approx_kl            | 0.021923017 |
|    clip_fraction        | 0.226       |
|    clip_range           | 0.2         |
|    entropy_loss         | -1.25       |
|    explained_variance   | 0.993       |
|    learning_rate        | 0.0003      |
|    loss                 | 0.191       |
|    n_updates            | 60          |
|    policy_gradient_loss | -0.0221     |
|    std                  | 0.832       |
|    value_loss           | 0.126       |
-----------------------------------------
-----------------------------------------
| rollout/                |             |
|    ep_len_mean          | 15.8        |
|    ep_rew_mean          | -0.45       |
| time/                   |             |
|    fps                  | 155         |
|    iterations           | 8           |
|    time_elapsed         | 420         |
|    total_timesteps      | 65536       |
| train/                  |             |
|    approx_kl            | 0.022569185 |
|    clip_fraction        | 0.212       |
|    clip_range           | 0.2         |
|    entropy_loss         | -1.18       |
|    explained_variance   | 0.991       |
|    learning_rate        | 0.0003      |
|    loss                 | -0.0043     |
|    n_updates            | 70          |
|    policy_gradient_loss | -0.0182     |
|    std                  | 0.769       |
|    value_loss           | 0.125       |
-----------------------------------------
-----------------------------------------
| rollout/                |             |
|    ep_len_mean          | 16.1        |
|    ep_rew_mean          | -0.487      |
| time/                   |             |
|    fps                  | 155         |
|    iterations           | 9           |
|    time_elapsed         | 473         |
|    total_timesteps      | 73728       |
| train/                  |             |
|    approx_kl            | 0.016667869 |
|    clip_fraction        | 0.233       |
|    clip_range           | 0.2         |
|    entropy_loss         | -1.12       |
|    explained_variance   | 0.995       |
|    learning_rate        | 0.0003      |
|    loss                 | -0.028      |
|    n_updates            | 80          |
|    policy_gradient_loss | -0.0224     |
|    std                  | 0.73        |
|    value_loss           | 0.0761      |
-----------------------------------------
----------------------------------------
| rollout/                |            |
|    ep_len_mean          | 19.1       |
|    ep_rew_mean          | -0.895     |
| time/                   |            |
|    fps                  | 155        |
|    iterations           | 10         |
|    time_elapsed         | 525        |
|    total_timesteps      | 81920      |
| train/                  |            |
|    approx_kl            | 0.02137568 |
|    clip_fraction        | 0.205      |
|    clip_range           | 0.2        |
|    entropy_loss         | -1.06      |
|    explained_variance   | 0.995      |
|    learning_rate        | 0.0003     |
|    loss                 | 0.00953    |
|    n_updates            | 90         |
|    policy_gradient_loss | -0.018     |
|    std                  | 0.683      |
|    value_loss           | 0.078      |
----------------------------------------
-----------------------------------------
| rollout/                |             |
|    ep_len_mean          | 24.6        |
|    ep_rew_mean          | -2.35       |
| time/                   |             |
|    fps                  | 156         |
|    iterations           | 11          |
|    time_elapsed         | 577         |
|    total_timesteps      | 90112       |
| train/                  |             |
|    approx_kl            | 0.005709028 |
|    clip_fraction        | 0.0604      |
|    clip_range           | 0.2         |
|    entropy_loss         | -1.04       |
|    explained_variance   | 0.441       |
|    learning_rate        | 0.0003      |
|    loss                 | 0.163       |
|    n_updates            | 100         |
|    policy_gradient_loss | -0.000325   |
|    std                  | 0.68        |
|    value_loss           | 0.361       |
-----------------------------------------
-----------------------------------------
| rollout/                |             |
|    ep_len_mean          | 24.7        |
|    ep_rew_mean          | -2.44       |
| time/                   |             |
|    fps                  | 156         |
|    iterations           | 12          |
|    time_elapsed         | 628         |
|    total_timesteps      | 98304       |
| train/                  |             |
|    approx_kl            | 0.004446039 |
|    clip_fraction        | 0.0536      |
|    clip_range           | 0.2         |
|    entropy_loss         | -1.04       |
|    explained_variance   | 0.576       |
|    learning_rate        | 0.0003      |
|    loss                 | 0.303       |
|    n_updates            | 110         |
|    policy_gradient_loss | -0.000965   |
|    std                  | 0.69        |
|    value_loss           | 0.414       |
-----------------------------------------
------------------------------------------
| rollout/                |              |
|    ep_len_mean          | 27.7         |
|    ep_rew_mean          | -3.68        |
| time/                   |              |
|    fps                  | 156          |
|    iterations           | 13           |
|    time_elapsed         | 679          |
|    total_timesteps      | 106496       |
| train/                  |              |
|    approx_kl            | 0.0030505806 |
|    clip_fraction        | 0.0485       |
|    clip_range           | 0.2          |
|    entropy_loss         | -1.05        |
|    explained_variance   | 0.845        |
|    learning_rate        | 0.0003       |
|    loss                 | 0.0416       |
|    n_updates            | 120          |
|    policy_gradient_loss | 0.00126      |
|    std                  | 0.69         |
|    value_loss           | 0.51         |
------------------------------------------
------------------------------------------
| rollout/                |              |
|    ep_len_mean          | 21.4         |
|    ep_rew_mean          | -1.44        |
| time/                   |              |
|    fps                  | 156          |
|    iterations           | 14           |
|    time_elapsed         | 731          |
|    total_timesteps      | 114688       |
| train/                  |              |
|    approx_kl            | 0.0027632092 |
|    clip_fraction        | 0.0311       |
|    clip_range           | 0.2          |
|    entropy_loss         | -1.04        |
|    explained_variance   | 0.93         |
|    learning_rate        | 0.0003       |
|    loss                 | 0.463        |
|    n_updates            | 130          |
|    policy_gradient_loss | 0.000525     |
|    std                  | 0.684        |
|    value_loss           | 0.681        |
------------------------------------------
-----------------------------------------
| rollout/                |             |
|    ep_len_mean          | 34.4        |
|    ep_rew_mean          | -5.95       |
| time/                   |             |
|    fps                  | 157         |
|    iterations           | 15          |
|    time_elapsed         | 782         |
|    total_timesteps      | 122880      |
| train/                  |             |
|    approx_kl            | 0.002864955 |
|    clip_fraction        | 0.0313      |
|    clip_range           | 0.2         |
|    entropy_loss         | -1.03       |
|    explained_variance   | 0.956       |
|    learning_rate        | 0.0003      |
|    loss                 | 0.879       |
|    n_updates            | 140         |
|    policy_gradient_loss | 0.000479    |
|    std                  | 0.67        |
|    value_loss           | 1.07        |
-----------------------------------------
-----------------------------------------
| rollout/                |             |
|    ep_len_mean          | 34.2        |
|    ep_rew_mean          | -5.89       |
| time/                   |             |
|    fps                  | 157         |
|    iterations           | 16          |
|    time_elapsed         | 833         |
|    total_timesteps      | 131072      |
| train/                  |             |
|    approx_kl            | 0.004239899 |
|    clip_fraction        | 0.0425      |
|    clip_range           | 0.2         |
|    entropy_loss         | -1.02       |
|    explained_variance   | 0.97        |
|    learning_rate        | 0.0003      |
|    loss                 | 2.13        |
|    n_updates            | 150         |
|    policy_gradient_loss | -0.00197    |
|    std                  | 0.671       |
|    value_loss           | 2.6         |
-----------------------------------------
-----------------------------------------
| rollout/                |             |
|    ep_len_mean          | 23          |
|    ep_rew_mean          | -2.01       |
| time/                   |             |
|    fps                  | 157         |
|    iterations           | 17          |
|    time_elapsed         | 884         |
|    total_timesteps      | 139264      |
| train/                  |             |
|    approx_kl            | 0.003804749 |
|    clip_fraction        | 0.034       |
|    clip_range           | 0.2         |
|    entropy_loss         | -1.03       |
|    explained_variance   | 0.972       |
|    learning_rate        | 0.0003      |
|    loss                 | 2.18        |
|    n_updates            | 160         |
|    policy_gradient_loss | -0.00163    |
|    std                  | 0.687       |
|    value_loss           | 3.2         |
-----------------------------------------
-----------------------------------------
| rollout/                |             |
|    ep_len_mean          | 21.6        |
|    ep_rew_mean          | -1.36       |
| time/                   |             |
|    fps                  | 157         |
|    iterations           | 18          |
|    time_elapsed         | 936         |
|    total_timesteps      | 147456      |
| train/                  |             |
|    approx_kl            | 0.004064529 |
|    clip_fraction        | 0.0467      |
|    clip_range           | 0.2         |
|    entropy_loss         | -1.04       |
|    explained_variance   | 0.975       |
|    learning_rate        | 0.0003      |
|    loss                 | 1.54        |
|    n_updates            | 170         |
|    policy_gradient_loss | -0.00204    |
|    std                  | 0.685       |
|    value_loss           | 3.25        |
-----------------------------------------
------------------------------------------
| rollout/                |              |
|    ep_len_mean          | 25           |
|    ep_rew_mean          | -2.32        |
| time/                   |              |
|    fps                  | 157          |
|    iterations           | 19           |
|    time_elapsed         | 988          |
|    total_timesteps      | 155648       |
| train/                  |              |
|    approx_kl            | 0.0021741388 |
|    clip_fraction        | 0.0463       |
|    clip_range           | 0.2          |
|    entropy_loss         | -1.04        |
|    explained_variance   | 0.976        |
|    learning_rate        | 0.0003       |
|    loss                 | 0.673        |
|    n_updates            | 180          |
|    policy_gradient_loss | -0.00157     |
|    std                  | 0.691        |
|    value_loss           | 3.64         |
------------------------------------------
------------------------------------------
| rollout/                |              |
|    ep_len_mean          | 22.5         |
|    ep_rew_mean          | -2           |
| time/                   |              |
|    fps                  | 157          |
|    iterations           | 20           |
|    time_elapsed         | 1040         |
|    total_timesteps      | 163840       |
| train/                  |              |
|    approx_kl            | 0.0073964605 |
|    clip_fraction        | 0.0694       |
|    clip_range           | 0.2          |
|    entropy_loss         | -1.05        |
|    explained_variance   | 0.974        |
|    learning_rate        | 0.0003       |
|    loss                 | 0.104        |
|    n_updates            | 190          |
|    policy_gradient_loss | -0.00494     |
|    std                  | 0.681        |
|    value_loss           | 4.16         |
------------------------------------------
------------------------------------------
| rollout/                |              |
|    ep_len_mean          | 19.4         |
|    ep_rew_mean          | -0.836       |
| time/                   |              |
|    fps                  | 157          |
|    iterations           | 21           |
|    time_elapsed         | 1093         |
|    total_timesteps      | 172032       |
| train/                  |              |
|    approx_kl            | 0.0055348305 |
|    clip_fraction        | 0.0647       |
|    clip_range           | 0.2          |
|    entropy_loss         | -1.03        |
|    explained_variance   | 0.981        |
|    learning_rate        | 0.0003       |
|    loss                 | 4.11         |
|    n_updates            | 200          |
|    policy_gradient_loss | -0.0014      |
|    std                  | 0.671        |
|    value_loss           | 2.84         |
------------------------------------------
------------------------------------------
| rollout/                |              |
|    ep_len_mean          | 18           |
|    ep_rew_mean          | -0.316       |
| time/                   |              |
|    fps                  | 157          |
|    iterations           | 22           |
|    time_elapsed         | 1145         |
|    total_timesteps      | 180224       |
| train/                  |              |
|    approx_kl            | 0.0056879157 |
|    clip_fraction        | 0.082        |
|    clip_range           | 0.2          |
|    entropy_loss         | -1.02        |
|    explained_variance   | 0.972        |
|    learning_rate        | 0.0003       |
|    loss                 | 0.555        |
|    n_updates            | 210          |
|    policy_gradient_loss | -0.00137     |
|    std                  | 0.668        |
|    value_loss           | 2.58         |
------------------------------------------
------------------------------------------
| rollout/                |              |
|    ep_len_mean          | 19.3         |
|    ep_rew_mean          | -0.954       |
| time/                   |              |
|    fps                  | 157          |
|    iterations           | 23           |
|    time_elapsed         | 1197         |
|    total_timesteps      | 188416       |
| train/                  |              |
|    approx_kl            | 0.0045519546 |
|    clip_fraction        | 0.0626       |
|    clip_range           | 0.2          |
|    entropy_loss         | -1.03        |
|    explained_variance   | 0.98         |
|    learning_rate        | 0.0003       |
|    loss                 | 0.211        |
|    n_updates            | 220          |
|    policy_gradient_loss | -0.000411    |
|    std                  | 0.68         |
|    value_loss           | 1.94         |
------------------------------------------
-----------------------------------------
| rollout/                |             |
|    ep_len_mean          | 18.6        |
|    ep_rew_mean          | -0.201      |
| time/                   |             |
|    fps                  | 157         |
|    iterations           | 24          |
|    time_elapsed         | 1250        |
|    total_timesteps      | 196608      |
| train/                  |             |
|    approx_kl            | 0.007007258 |
|    clip_fraction        | 0.0669      |
|    clip_range           | 0.2         |
|    entropy_loss         | -1.02       |
|    explained_variance   | 0.982       |
|    learning_rate        | 0.0003      |
|    loss                 | 0.0451      |
|    n_updates            | 230         |
|    policy_gradient_loss | -0.00209    |
|    std                  | 0.666       |
|    value_loss           | 1.69        |
-----------------------------------------
-----------------------------------------
| rollout/                |             |
|    ep_len_mean          | 18.5        |
|    ep_rew_mean          | -0.284      |
| time/                   |             |
|    fps                  | 157         |
|    iterations           | 25          |
|    time_elapsed         | 1302        |
|    total_timesteps      | 204800      |
| train/                  |             |
|    approx_kl            | 0.004599075 |
|    clip_fraction        | 0.0484      |
|    clip_range           | 0.2         |
|    entropy_loss         | -0.999      |
|    explained_variance   | 0.97        |
|    learning_rate        | 0.0003      |
|    loss                 | 1.87        |
|    n_updates            | 240         |
|    policy_gradient_loss | 0.000419    |
|    std                  | 0.653       |
|    value_loss           | 1.56        |
-----------------------------------------
-----------------------------------------
| rollout/                |             |
|    ep_len_mean          | 18.4        |
|    ep_rew_mean          | -0.329      |
| time/                   |             |
|    fps                  | 157         |
|    iterations           | 26          |
|    time_elapsed         | 1355        |
|    total_timesteps      | 212992      |
| train/                  |             |
|    approx_kl            | 0.005824706 |
|    clip_fraction        | 0.0676      |
|    clip_range           | 0.2         |
|    entropy_loss         | -0.985      |
|    explained_variance   | 0.972       |
|    learning_rate        | 0.0003      |
|    loss                 | 4.18        |
|    n_updates            | 250         |
|    policy_gradient_loss | 0.000113    |
|    std                  | 0.641       |
|    value_loss           | 2.97        |
-----------------------------------------
-----------------------------------------
| rollout/                |             |
|    ep_len_mean          | 19          |
|    ep_rew_mean          | -0.225      |
| time/                   |             |
|    fps                  | 157         |
|    iterations           | 27          |
|    time_elapsed         | 1407        |
|    total_timesteps      | 221184      |
| train/                  |             |
|    approx_kl            | 0.011166679 |
|    clip_fraction        | 0.106       |
|    clip_range           | 0.2         |
|    entropy_loss         | -0.947      |
|    explained_variance   | 0.982       |
|    learning_rate        | 0.0003      |
|    loss                 | 0.0288      |
|    n_updates            | 260         |
|    policy_gradient_loss | -0.00215    |
|    std                  | 0.622       |
|    value_loss           | 0.684       |
-----------------------------------------
-----------------------------------------
| rollout/                |             |
|    ep_len_mean          | 19.8        |
|    ep_rew_mean          | -0.168      |
| time/                   |             |
|    fps                  | 157         |
|    iterations           | 28          |
|    time_elapsed         | 1460        |
|    total_timesteps      | 229376      |
| train/                  |             |
|    approx_kl            | 0.008836771 |
|    clip_fraction        | 0.089       |
|    clip_range           | 0.2         |
|    entropy_loss         | -0.9        |
|    explained_variance   | 0.983       |
|    learning_rate        | 0.0003      |
|    loss                 | 0.00619     |
|    n_updates            | 270         |
|    policy_gradient_loss | -0.00284    |
|    std                  | 0.589       |
|    value_loss           | 0.0393      |
-----------------------------------------
-----------------------------------------
| rollout/                |             |
|    ep_len_mean          | 20.3        |
|    ep_rew_mean          | -0.0927     |
| time/                   |             |
|    fps                  | 157         |
|    iterations           | 29          |
|    time_elapsed         | 1513        |
|    total_timesteps      | 237568      |
| train/                  |             |
|    approx_kl            | 0.012500857 |
|    clip_fraction        | 0.112       |
|    clip_range           | 0.2         |
|    entropy_loss         | -0.848      |
|    explained_variance   | 0.996       |
|    learning_rate        | 0.0003      |
|    loss                 | -0.00261    |
|    n_updates            | 280         |
|    policy_gradient_loss | -0.00688    |
|    std                  | 0.558       |
|    value_loss           | 0.0318      |
-----------------------------------------
-----------------------------------------
| rollout/                |             |
|    ep_len_mean          | 20.5        |
|    ep_rew_mean          | -0.0802     |
| time/                   |             |
|    fps                  | 156         |
|    iterations           | 30          |
|    time_elapsed         | 1565        |
|    total_timesteps      | 245760      |
| train/                  |             |
|    approx_kl            | 0.014320226 |
|    clip_fraction        | 0.124       |
|    clip_range           | 0.2         |
|    entropy_loss         | -0.779      |
|    explained_variance   | 0.997       |
|    learning_rate        | 0.0003      |
|    loss                 | -0.0112     |
|    n_updates            | 290         |
|    policy_gradient_loss | -0.00764    |
|    std                  | 0.516       |
|    value_loss           | 0.0282      |
-----------------------------------------
-----------------------------------------
| rollout/                |             |
|    ep_len_mean          | 21.6        |
|    ep_rew_mean          | 0.0998      |
| time/                   |             |
|    fps                  | 156         |
|    iterations           | 31          |
|    time_elapsed         | 1617        |
|    total_timesteps      | 253952      |
| train/                  |             |
|    approx_kl            | 0.014581967 |
|    clip_fraction        | 0.141       |
|    clip_range           | 0.2         |
|    entropy_loss         | -0.721      |
|    explained_variance   | 0.998       |
|    learning_rate        | 0.0003      |
|    loss                 | 0.000965    |
|    n_updates            | 300         |
|    policy_gradient_loss | -0.00924    |
|    std                  | 0.492       |
|    value_loss           | 0.0284      |
-----------------------------------------
-----------------------------------------
| rollout/                |             |
|    ep_len_mean          | 31.8        |
|    ep_rew_mean          | -2.61       |
| time/                   |             |
|    fps                  | 157         |
|    iterations           | 32          |
|    time_elapsed         | 1669        |
|    total_timesteps      | 262144      |
| train/                  |             |
|    approx_kl            | 0.013556844 |
|    clip_fraction        | 0.129       |
|    clip_range           | 0.2         |
|    entropy_loss         | -0.672      |
|    explained_variance   | 0.997       |
|    learning_rate        | 0.0003      |
|    loss                 | 0.0211      |
|    n_updates            | 310         |
|    policy_gradient_loss | -0.00952    |
|    std                  | 0.466       |
|    value_loss           | 0.0327      |
-----------------------------------------
------------------------------------------
| rollout/                |              |
|    ep_len_mean          | 22.8         |
|    ep_rew_mean          | 0.0597       |
| time/                   |              |
|    fps                  | 156          |
|    iterations           | 33           |
|    time_elapsed         | 1721         |
|    total_timesteps      | 270336       |
| train/                  |              |
|    approx_kl            | 0.0063395128 |
|    clip_fraction        | 0.0855       |
|    clip_range           | 0.2          |
|    entropy_loss         | -0.66        |
|    explained_variance   | 0.963        |
|    learning_rate        | 0.0003       |
|    loss                 | 3.76         |
|    n_updates            | 320          |
|    policy_gradient_loss | -0.000368    |
|    std                  | 0.47         |
|    value_loss           | 3.48         |
------------------------------------------
-----------------------------------------
| rollout/                |             |
|    ep_len_mean          | 22.1        |
|    ep_rew_mean          | 0.0489      |
| time/                   |             |
|    fps                  | 156         |
|    iterations           | 34          |
|    time_elapsed         | 1774        |
|    total_timesteps      | 278528      |
| train/                  |             |
|    approx_kl            | 0.008930557 |
|    clip_fraction        | 0.1         |
|    clip_range           | 0.2         |
|    entropy_loss         | -0.644      |
|    explained_variance   | 0.923       |
|    learning_rate        | 0.0003      |
|    loss                 | 0.00724     |
|    n_updates            | 330         |
|    policy_gradient_loss | -0.00189    |
|    std                  | 0.457       |
|    value_loss           | 0.147       |
-----------------------------------------
----------------------------------------
| rollout/                |            |
|    ep_len_mean          | 22         |
|    ep_rew_mean          | 0.0252     |
| time/                   |            |
|    fps                  | 156        |
|    iterations           | 35         |
|    time_elapsed         | 1826       |
|    total_timesteps      | 286720     |
| train/                  |            |
|    approx_kl            | 0.00795694 |
|    clip_fraction        | 0.0874     |
|    clip_range           | 0.2        |
|    entropy_loss         | -0.603     |
|    explained_variance   | 0.984      |
|    learning_rate        | 0.0003     |
|    loss                 | 0.0192     |
|    n_updates            | 340        |
|    policy_gradient_loss | -0.000122  |
|    std                  | 0.437      |
|    value_loss           | 0.0419     |
----------------------------------------
-----------------------------------------
| rollout/                |             |
|    ep_len_mean          | 21.9        |
|    ep_rew_mean          | -0.024      |
| time/                   |             |
|    fps                  | 156         |
|    iterations           | 36          |
|    time_elapsed         | 1878        |
|    total_timesteps      | 294912      |
| train/                  |             |
|    approx_kl            | 0.010689111 |
|    clip_fraction        | 0.095       |
|    clip_range           | 0.2         |
|    entropy_loss         | -0.578      |
|    explained_variance   | 0.995       |
|    learning_rate        | 0.0003      |
|    loss                 | 0.0129      |
|    n_updates            | 350         |
|    policy_gradient_loss | -0.00421    |
|    std                  | 0.431       |
|    value_loss           | 0.0477      |
-----------------------------------------
-----------------------------------------
| rollout/                |             |
|    ep_len_mean          | 23.3        |
|    ep_rew_mean          | 0.154       |
| time/                   |             |
|    fps                  | 156         |
|    iterations           | 37          |
|    time_elapsed         | 1931        |
|    total_timesteps      | 303104      |
| train/                  |             |
|    approx_kl            | 0.008943544 |
|    clip_fraction        | 0.114       |
|    clip_range           | 0.2         |
|    entropy_loss         | -0.557      |
|    explained_variance   | 0.996       |
|    learning_rate        | 0.0003      |
|    loss                 | 0.0224      |
|    n_updates            | 360         |
|    policy_gradient_loss | -0.00632    |
|    std                  | 0.418       |
|    value_loss           | 0.0615      |
-----------------------------------------
-----------------------------------------
| rollout/                |             |
|    ep_len_mean          | 33          |
|    ep_rew_mean          | 1.04        |
| time/                   |             |
|    fps                  | 157         |
|    iterations           | 38          |
|    time_elapsed         | 1982        |
|    total_timesteps      | 311296      |
| train/                  |             |
|    approx_kl            | 0.009525158 |
|    clip_fraction        | 0.103       |
|    clip_range           | 0.2         |
|    entropy_loss         | -0.521      |
|    explained_variance   | 0.985       |
|    learning_rate        | 0.0003      |
|    loss                 | 0.0956      |
|    n_updates            | 370         |
|    policy_gradient_loss | -0.00697    |
|    std                  | 0.403       |
|    value_loss           | 0.153       |
-----------------------------------------
----------------------------------------
| rollout/                |            |
|    ep_len_mean          | 49.7       |
|    ep_rew_mean          | 2.58       |
| time/                   |            |
|    fps                  | 157        |
|    iterations           | 39         |
|    time_elapsed         | 2033       |
|    total_timesteps      | 319488     |
| train/                  |            |
|    approx_kl            | 0.00826663 |
|    clip_fraction        | 0.0988     |
|    clip_range           | 0.2        |
|    entropy_loss         | -0.487     |
|    explained_variance   | 0.889      |
|    learning_rate        | 0.0003     |
|    loss                 | 0.151      |
|    n_updates            | 380        |
|    policy_gradient_loss | -0.0064    |
|    std                  | 0.388      |
|    value_loss           | 0.486      |
----------------------------------------
-----------------------------------------
| rollout/                |             |
|    ep_len_mean          | 58.8        |
|    ep_rew_mean          | 3.31        |
| time/                   |             |
|    fps                  | 157         |
|    iterations           | 40          |
|    time_elapsed         | 2084        |
|    total_timesteps      | 327680      |
| train/                  |             |
|    approx_kl            | 0.010414904 |
|    clip_fraction        | 0.117       |
|    clip_range           | 0.2         |
|    entropy_loss         | -0.459      |
|    explained_variance   | 0.786       |
|    learning_rate        | 0.0003      |
|    loss                 | 0.445       |
|    n_updates            | 390         |
|    policy_gradient_loss | 0.00381     |
|    std                  | 0.38        |
|    value_loss           | 0.859       |
-----------------------------------------
-----------------------------------------
| rollout/                |             |
|    ep_len_mean          | 57.6        |
|    ep_rew_mean          | 3.72        |
| time/                   |             |
|    fps                  | 157         |
|    iterations           | 41          |
|    time_elapsed         | 2134        |
|    total_timesteps      | 335872      |
| train/                  |             |
|    approx_kl            | 0.009151952 |
|    clip_fraction        | 0.107       |
|    clip_range           | 0.2         |
|    entropy_loss         | -0.444      |
|    explained_variance   | 0.905       |
|    learning_rate        | 0.0003      |
|    loss                 | 0.305       |
|    n_updates            | 400         |
|    policy_gradient_loss | -0.00158    |
|    std                  | 0.376       |
|    value_loss           | 1.15        |
-----------------------------------------
-----------------------------------------
| rollout/                |             |
|    ep_len_mean          | 59.4        |
|    ep_rew_mean          | 3.81        |
| time/                   |             |
|    fps                  | 157         |
|    iterations           | 42          |
|    time_elapsed         | 2185        |
|    total_timesteps      | 344064      |
| train/                  |             |
|    approx_kl            | 0.008833153 |
|    clip_fraction        | 0.0885      |
|    clip_range           | 0.2         |
|    entropy_loss         | -0.435      |
|    explained_variance   | 0.905       |
|    learning_rate        | 0.0003      |
|    loss                 | 0.159       |
|    n_updates            | 410         |
|    policy_gradient_loss | 0.000989    |
|    std                  | 0.372       |
|    value_loss           | 0.607       |
-----------------------------------------
-----------------------------------------
| rollout/                |             |
|    ep_len_mean          | 49.5        |
|    ep_rew_mean          | 2.77        |
| time/                   |             |
|    fps                  | 157         |
|    iterations           | 43          |
|    time_elapsed         | 2235        |
|    total_timesteps      | 352256      |
| train/                  |             |
|    approx_kl            | 0.007233975 |
|    clip_fraction        | 0.103       |
|    clip_range           | 0.2         |
|    entropy_loss         | -0.412      |
|    explained_variance   | 0.908       |
|    learning_rate        | 0.0003      |
|    loss                 | 0.627       |
|    n_updates            | 420         |
|    policy_gradient_loss | 0.001       |
|    std                  | 0.364       |
|    value_loss           | 0.923       |
-----------------------------------------
-----------------------------------------
| rollout/                |             |
|    ep_len_mean          | 67.7        |
|    ep_rew_mean          | 4.55        |
| time/                   |             |
|    fps                  | 157         |
|    iterations           | 44          |
|    time_elapsed         | 2286        |
|    total_timesteps      | 360448      |
| train/                  |             |
|    approx_kl            | 0.012010616 |
|    clip_fraction        | 0.116       |
|    clip_range           | 0.2         |
|    entropy_loss         | -0.391      |
|    explained_variance   | 0.928       |
|    learning_rate        | 0.0003      |
|    loss                 | 0.134       |
|    n_updates            | 430         |
|    policy_gradient_loss | 0.00217     |
|    std                  | 0.355       |
|    value_loss           | 0.772       |
-----------------------------------------
-----------------------------------------
| rollout/                |             |
|    ep_len_mean          | 58.5        |
|    ep_rew_mean          | 3.77        |
| time/                   |             |
|    fps                  | 157         |
|    iterations           | 45          |
|    time_elapsed         | 2337        |
|    total_timesteps      | 368640      |
| train/                  |             |
|    approx_kl            | 0.012247814 |
|    clip_fraction        | 0.129       |
|    clip_range           | 0.2         |
|    entropy_loss         | -0.378      |
|    explained_variance   | 0.888       |
|    learning_rate        | 0.0003      |
|    loss                 | 0.204       |
|    n_updates            | 440         |
|    policy_gradient_loss | 0.0026      |
|    std                  | 0.352       |
|    value_loss           | 0.778       |
-----------------------------------------
-----------------------------------------
| rollout/                |             |
|    ep_len_mean          | 66.4        |
|    ep_rew_mean          | 4.57        |
| time/                   |             |
|    fps                  | 157         |
|    iterations           | 46          |
|    time_elapsed         | 2387        |
|    total_timesteps      | 376832      |
| train/                  |             |
|    approx_kl            | 0.009276759 |
|    clip_fraction        | 0.112       |
|    clip_range           | 0.2         |
|    entropy_loss         | -0.374      |
|    explained_variance   | 0.927       |
|    learning_rate        | 0.0003      |
|    loss                 | 0.359       |
|    n_updates            | 450         |
|    policy_gradient_loss | 0.0017      |
|    std                  | 0.353       |
|    value_loss           | 0.911       |
-----------------------------------------
-----------------------------------------
| rollout/                |             |
|    ep_len_mean          | 68          |
|    ep_rew_mean          | 4.76        |
| time/                   |             |
|    fps                  | 157         |
|    iterations           | 47          |
|    time_elapsed         | 2438        |
|    total_timesteps      | 385024      |
| train/                  |             |
|    approx_kl            | 0.009957133 |
|    clip_fraction        | 0.114       |
|    clip_range           | 0.2         |
|    entropy_loss         | -0.388      |
|    explained_variance   | 0.905       |
|    learning_rate        | 0.0003      |
|    loss                 | 0.218       |
|    n_updates            | 460         |
|    policy_gradient_loss | 0.00245     |
|    std                  | 0.361       |
|    value_loss           | 0.81        |
-----------------------------------------
-----------------------------------------
| rollout/                |             |
|    ep_len_mean          | 67.7        |
|    ep_rew_mean          | 4.75        |
| time/                   |             |
|    fps                  | 158         |
|    iterations           | 48          |
|    time_elapsed         | 2488        |
|    total_timesteps      | 393216      |
| train/                  |             |
|    approx_kl            | 0.011499916 |
|    clip_fraction        | 0.107       |
|    clip_range           | 0.2         |
|    entropy_loss         | -0.392      |
|    explained_variance   | 0.933       |
|    learning_rate        | 0.0003      |
|    loss                 | 0.397       |
|    n_updates            | 470         |
|    policy_gradient_loss | 0.00188     |
|    std                  | 0.356       |
|    value_loss           | 0.906       |
-----------------------------------------
-----------------------------------------
| rollout/                |             |
|    ep_len_mean          | 64.4        |
|    ep_rew_mean          | 4.27        |
| time/                   |             |
|    fps                  | 158         |
|    iterations           | 49          |
|    time_elapsed         | 2539        |
|    total_timesteps      | 401408      |
| train/                  |             |
|    approx_kl            | 0.013162225 |
|    clip_fraction        | 0.134       |
|    clip_range           | 0.2         |
|    entropy_loss         | -0.377      |
|    explained_variance   | 0.938       |
|    learning_rate        | 0.0003      |
|    loss                 | 1.03        |
|    n_updates            | 480         |
|    policy_gradient_loss | 0.00238     |
|    std                  | 0.349       |
|    value_loss           | 1.12        |
-----------------------------------------
-----------------------------------------
| rollout/                |             |
|    ep_len_mean          | 71.3        |
|    ep_rew_mean          | 5.11        |
| time/                   |             |
|    fps                  | 158         |
|    iterations           | 50          |
|    time_elapsed         | 2589        |
|    total_timesteps      | 409600      |
| train/                  |             |
|    approx_kl            | 0.010806441 |
|    clip_fraction        | 0.126       |
|    clip_range           | 0.2         |
|    entropy_loss         | -0.362      |
|    explained_variance   | 0.911       |
|    learning_rate        | 0.0003      |
|    loss                 | 1.16        |
|    n_updates            | 490         |
|    policy_gradient_loss | 0.00174     |
|    std                  | 0.346       |
|    value_loss           | 1.09        |
-----------------------------------------
-----------------------------------------
| rollout/                |             |
|    ep_len_mean          | 51          |
|    ep_rew_mean          | 2.87        |
| time/                   |             |
|    fps                  | 158         |
|    iterations           | 51          |
|    time_elapsed         | 2640        |
|    total_timesteps      | 417792      |
| train/                  |             |
|    approx_kl            | 0.017331813 |
|    clip_fraction        | 0.151       |
|    clip_range           | 0.2         |
|    entropy_loss         | -0.342      |
|    explained_variance   | 0.876       |
|    learning_rate        | 0.0003      |
|    loss                 | 0.79        |
|    n_updates            | 500         |
|    policy_gradient_loss | 0.00317     |
|    std                  | 0.336       |
|    value_loss           | 1.04        |
-----------------------------------------
-----------------------------------------
| rollout/                |             |
|    ep_len_mean          | 66.1        |
|    ep_rew_mean          | 4.4         |
| time/                   |             |
|    fps                  | 158         |
|    iterations           | 52          |
|    time_elapsed         | 2690        |
|    total_timesteps      | 425984      |
| train/                  |             |
|    approx_kl            | 0.014641274 |
|    clip_fraction        | 0.154       |
|    clip_range           | 0.2         |
|    entropy_loss         | -0.32       |
|    explained_variance   | 0.904       |
|    learning_rate        | 0.0003      |
|    loss                 | 0.341       |
|    n_updates            | 510         |
|    policy_gradient_loss | 0.00365     |
|    std                  | 0.332       |
|    value_loss           | 1.18        |
-----------------------------------------
-----------------------------------------
| rollout/                |             |
|    ep_len_mean          | 82.2        |
|    ep_rew_mean          | 6.09        |
| time/                   |             |
|    fps                  | 158         |
|    iterations           | 53          |
|    time_elapsed         | 2741        |
|    total_timesteps      | 434176      |
| train/                  |             |
|    approx_kl            | 0.013065486 |
|    clip_fraction        | 0.13        |
|    clip_range           | 0.2         |
|    entropy_loss         | -0.317      |
|    explained_variance   | 0.912       |
|    learning_rate        | 0.0003      |
|    loss                 | 0.82        |
|    n_updates            | 520         |
|    policy_gradient_loss | 0.00254     |
|    std                  | 0.331       |
|    value_loss           | 1.12        |
-----------------------------------------
----------------------------------------
| rollout/                |            |
|    ep_len_mean          | 87.1       |
|    ep_rew_mean          | 6.8        |
| time/                   |            |
|    fps                  | 158        |
|    iterations           | 54         |
|    time_elapsed         | 2791       |
|    total_timesteps      | 442368     |
| train/                  |            |
|    approx_kl            | 0.01522719 |
|    clip_fraction        | 0.157      |
|    clip_range           | 0.2        |
|    entropy_loss         | -0.304     |
|    explained_variance   | 0.818      |
|    learning_rate        | 0.0003     |
|    loss                 | 0.251      |
|    n_updates            | 530        |
|    policy_gradient_loss | 0.00267    |
|    std                  | 0.327      |
|    value_loss           | 0.819      |
----------------------------------------
-----------------------------------------
| rollout/                |             |
|    ep_len_mean          | 93          |
|    ep_rew_mean          | 7.27        |
| time/                   |             |
|    fps                  | 158         |
|    iterations           | 55          |
|    time_elapsed         | 2842        |
|    total_timesteps      | 450560      |
| train/                  |             |
|    approx_kl            | 0.012970807 |
|    clip_fraction        | 0.152       |
|    clip_range           | 0.2         |
|    entropy_loss         | -0.299      |
|    explained_variance   | 0.926       |
|    learning_rate        | 0.0003      |
|    loss                 | 0.176       |
|    n_updates            | 540         |
|    policy_gradient_loss | 0.0047      |
|    std                  | 0.327       |
|    value_loss           | 0.95        |
-----------------------------------------
----------------------------------------
| rollout/                |            |
|    ep_len_mean          | 61.5       |
|    ep_rew_mean          | 4.09       |
| time/                   |            |
|    fps                  | 158        |
|    iterations           | 56         |
|    time_elapsed         | 2893       |
|    total_timesteps      | 458752     |
| train/                  |            |
|    approx_kl            | 0.01542595 |
|    clip_fraction        | 0.195      |
|    clip_range           | 0.2        |
|    entropy_loss         | -0.295     |
|    explained_variance   | 0.941      |
|    learning_rate        | 0.0003     |
|    loss                 | 1.04       |
|    n_updates            | 550        |
|    policy_gradient_loss | 0.00461    |
|    std                  | 0.323      |
|    value_loss           | 1.08       |
----------------------------------------
-----------------------------------------
| rollout/                |             |
|    ep_len_mean          | 69.2        |
|    ep_rew_mean          | 4.74        |
| time/                   |             |
|    fps                  | 158         |
|    iterations           | 57          |
|    time_elapsed         | 2943        |
|    total_timesteps      | 466944      |
| train/                  |             |
|    approx_kl            | 0.018393535 |
|    clip_fraction        | 0.169       |
|    clip_range           | 0.2         |
|    entropy_loss         | -0.281      |
|    explained_variance   | 0.925       |
|    learning_rate        | 0.0003      |
|    loss                 | 0.611       |
|    n_updates            | 560         |
|    policy_gradient_loss | 0.00273     |
|    std                  | 0.316       |
|    value_loss           | 1.46        |
-----------------------------------------
-----------------------------------------
| rollout/                |             |
|    ep_len_mean          | 77.3        |
|    ep_rew_mean          | 5.75        |
| time/                   |             |
|    fps                  | 158         |
|    iterations           | 58          |
|    time_elapsed         | 2994        |
|    total_timesteps      | 475136      |
| train/                  |             |
|    approx_kl            | 0.015850322 |
|    clip_fraction        | 0.169       |
|    clip_range           | 0.2         |
|    entropy_loss         | -0.258      |
|    explained_variance   | 0.936       |
|    learning_rate        | 0.0003      |
|    loss                 | 0.298       |
|    n_updates            | 570         |
|    policy_gradient_loss | 0.00393     |
|    std                  | 0.309       |
|    value_loss           | 0.873       |
-----------------------------------------
-----------------------------------------
| rollout/                |             |
|    ep_len_mean          | 83.8        |
|    ep_rew_mean          | 6.44        |
| time/                   |             |
|    fps                  | 158         |
|    iterations           | 59          |
|    time_elapsed         | 3044        |
|    total_timesteps      | 483328      |
| train/                  |             |
|    approx_kl            | 0.013842377 |
|    clip_fraction        | 0.167       |
|    clip_range           | 0.2         |
|    entropy_loss         | -0.246      |
|    explained_variance   | 0.942       |
|    learning_rate        | 0.0003      |
|    loss                 | 0.464       |
|    n_updates            | 580         |
|    policy_gradient_loss | 0.00379     |
|    std                  | 0.311       |
|    value_loss           | 1.25        |
-----------------------------------------
-----------------------------------------
| rollout/                |             |
|    ep_len_mean          | 77.5        |
|    ep_rew_mean          | 5.82        |
| time/                   |             |
|    fps                  | 158         |
|    iterations           | 60          |
|    time_elapsed         | 3095        |
|    total_timesteps      | 491520      |
| train/                  |             |
|    approx_kl            | 0.017752623 |
|    clip_fraction        | 0.2         |
|    clip_range           | 0.2         |
|    entropy_loss         | -0.267      |
|    explained_variance   | 0.93        |
|    learning_rate        | 0.0003      |
|    loss                 | 0.316       |
|    n_updates            | 590         |
|    policy_gradient_loss | 0.00755     |
|    std                  | 0.318       |
|    value_loss           | 0.781       |
-----------------------------------------
-----------------------------------------
| rollout/                |             |
|    ep_len_mean          | 82.2        |
|    ep_rew_mean          | 6.17        |
| time/                   |             |
|    fps                  | 158         |
|    iterations           | 61          |
|    time_elapsed         | 3145        |
|    total_timesteps      | 499712      |
| train/                  |             |
|    approx_kl            | 0.021606684 |
|    clip_fraction        | 0.2         |
|    clip_range           | 0.2         |
|    entropy_loss         | -0.271      |
|    explained_variance   | 0.957       |
|    learning_rate        | 0.0003      |
|    loss                 | 0.243       |
|    n_updates            | 600         |
|    policy_gradient_loss | 0.00454     |
|    std                  | 0.316       |
|    value_loss           | 0.898       |
-----------------------------------------
-----------------------------------------
| rollout/                |             |
|    ep_len_mean          | 76          |
|    ep_rew_mean          | 5.57        |
| time/                   |             |
|    fps                  | 158         |
|    iterations           | 62          |
|    time_elapsed         | 3196        |
|    total_timesteps      | 507904      |
| train/                  |             |
|    approx_kl            | 0.027099602 |
|    clip_fraction        | 0.211       |
|    clip_range           | 0.2         |
|    entropy_loss         | -0.261      |
|    explained_variance   | 0.939       |
|    learning_rate        | 0.0003      |
|    loss                 | 1.3         |
|    n_updates            | 610         |
|    policy_gradient_loss | 0.00522     |
|    std                  | 0.311       |
|    value_loss           | 1.21        |
-----------------------------------------
-----------------------------------------
| rollout/                |             |
|    ep_len_mean          | 80.3        |
|    ep_rew_mean          | 6           |
| time/                   |             |
|    fps                  | 158         |
|    iterations           | 63          |
|    time_elapsed         | 3247        |
|    total_timesteps      | 516096      |
| train/                  |             |
|    approx_kl            | 0.017976727 |
|    clip_fraction        | 0.187       |
|    clip_range           | 0.2         |
|    entropy_loss         | -0.251      |
|    explained_variance   | 0.94        |
|    learning_rate        | 0.0003      |
|    loss                 | 0.891       |
|    n_updates            | 620         |
|    policy_gradient_loss | 0.00615     |
|    std                  | 0.308       |
|    value_loss           | 1.17        |
-----------------------------------------
----------------------------------------
| rollout/                |            |
|    ep_len_mean          | 64.7       |
|    ep_rew_mean          | 4.35       |
| time/                   |            |
|    fps                  | 158        |
|    iterations           | 64         |
|    time_elapsed         | 3298       |
|    total_timesteps      | 524288     |
| train/                  |            |
|    approx_kl            | 0.03155555 |
|    clip_fraction        | 0.189      |
|    clip_range           | 0.2        |
|    entropy_loss         | -0.239     |
|    explained_variance   | 0.909      |
|    learning_rate        | 0.0003     |
|    loss                 | 0.237      |
|    n_updates            | 630        |
|    policy_gradient_loss | 0.00599    |
|    std                  | 0.309      |
|    value_loss           | 0.94       |
----------------------------------------
-----------------------------------------
| rollout/                |             |
|    ep_len_mean          | 74.3        |
|    ep_rew_mean          | 5.47        |
| time/                   |             |
|    fps                  | 159         |
|    iterations           | 65          |
|    time_elapsed         | 3348        |
|    total_timesteps      | 532480      |
| train/                  |             |
|    approx_kl            | 0.031326547 |
|    clip_fraction        | 0.177       |
|    clip_range           | 0.2         |
|    entropy_loss         | -0.241      |
|    explained_variance   | 0.959       |
|    learning_rate        | 0.0003      |
|    loss                 | 0.1         |
|    n_updates            | 640         |
|    policy_gradient_loss | 0.00589     |
|    std                  | 0.309       |
|    value_loss           | 0.887       |
-----------------------------------------
-----------------------------------------
| rollout/                |             |
|    ep_len_mean          | 78.7        |
|    ep_rew_mean          | 5.78        |
| time/                   |             |
|    fps                  | 159         |
|    iterations           | 66          |
|    time_elapsed         | 3399        |
|    total_timesteps      | 540672      |
| train/                  |             |
|    approx_kl            | 0.015632927 |
|    clip_fraction        | 0.177       |
|    clip_range           | 0.2         |
|    entropy_loss         | -0.244      |
|    explained_variance   | 0.954       |
|    learning_rate        | 0.0003      |
|    loss                 | 0.708       |
|    n_updates            | 650         |
|    policy_gradient_loss | 0.00527     |
|    std                  | 0.308       |
|    value_loss           | 1.32        |
-----------------------------------------
-----------------------------------------
| rollout/                |             |
|    ep_len_mean          | 83.3        |
|    ep_rew_mean          | 6.38        |
| time/                   |             |
|    fps                  | 159         |
|    iterations           | 67          |
|    time_elapsed         | 3450        |
|    total_timesteps      | 548864      |
| train/                  |             |
|    approx_kl            | 0.024314974 |
|    clip_fraction        | 0.217       |
|    clip_range           | 0.2         |
|    entropy_loss         | -0.24       |
|    explained_variance   | 0.964       |
|    learning_rate        | 0.0003      |
|    loss                 | 0.153       |
|    n_updates            | 660         |
|    policy_gradient_loss | 0.00756     |
|    std                  | 0.307       |
|    value_loss           | 0.898       |
-----------------------------------------
-----------------------------------------
| rollout/                |             |
|    ep_len_mean          | 76          |
|    ep_rew_mean          | 4.43        |
| time/                   |             |
|    fps                  | 159         |
|    iterations           | 68          |
|    time_elapsed         | 3501        |
|    total_timesteps      | 557056      |
| train/                  |             |
|    approx_kl            | 0.023657942 |
|    clip_fraction        | 0.192       |
|    clip_range           | 0.2         |
|    entropy_loss         | -0.244      |
|    explained_variance   | 0.928       |
|    learning_rate        | 0.0003      |
|    loss                 | 1.13        |
|    n_updates            | 670         |
|    policy_gradient_loss | 0.00815     |
|    std                  | 0.309       |
|    value_loss           | 1.24        |
-----------------------------------------
-----------------------------------------
| rollout/                |             |
|    ep_len_mean          | 73.9        |
|    ep_rew_mean          | 4.76        |
| time/                   |             |
|    fps                  | 159         |
|    iterations           | 69          |
|    time_elapsed         | 3551        |
|    total_timesteps      | 565248      |
| train/                  |             |
|    approx_kl            | 0.035615854 |
|    clip_fraction        | 0.191       |
|    clip_range           | 0.2         |
|    entropy_loss         | -0.249      |
|    explained_variance   | 0.886       |
|    learning_rate        | 0.0003      |
|    loss                 | 0.32        |
|    n_updates            | 680         |
|    policy_gradient_loss | 0.0168      |
|    std                  | 0.312       |
|    value_loss           | 2.03        |
-----------------------------------------
-----------------------------------------
| rollout/                |             |
|    ep_len_mean          | 61.8        |
|    ep_rew_mean          | 4.02        |
| time/                   |             |
|    fps                  | 159         |
|    iterations           | 70          |
|    time_elapsed         | 3602        |
|    total_timesteps      | 573440      |
| train/                  |             |
|    approx_kl            | 0.021965006 |
|    clip_fraction        | 0.204       |
|    clip_range           | 0.2         |
|    entropy_loss         | -0.256      |
|    explained_variance   | 0.95        |
|    learning_rate        | 0.0003      |
|    loss                 | 0.933       |
|    n_updates            | 690         |
|    policy_gradient_loss | 0.00668     |
|    std                  | 0.313       |
|    value_loss           | 1.79        |
-----------------------------------------
-----------------------------------------
| rollout/                |             |
|    ep_len_mean          | 63.4        |
|    ep_rew_mean          | 4.11        |
| time/                   |             |
|    fps                  | 159         |
|    iterations           | 71          |
|    time_elapsed         | 3653        |
|    total_timesteps      | 581632      |
| train/                  |             |
|    approx_kl            | 0.013017028 |
|    clip_fraction        | 0.209       |
|    clip_range           | 0.2         |
|    entropy_loss         | -0.25       |
|    explained_variance   | 0.922       |
|    learning_rate        | 0.0003      |
|    loss                 | 0.272       |
|    n_updates            | 700         |
|    policy_gradient_loss | 0.00703     |
|    std                  | 0.31        |
|    value_loss           | 1.02        |
-----------------------------------------
-----------------------------------------
| rollout/                |             |
|    ep_len_mean          | 72.4        |
|    ep_rew_mean          | 5.21        |
| time/                   |             |
|    fps                  | 159         |
|    iterations           | 72          |
|    time_elapsed         | 3704        |
|    total_timesteps      | 589824      |
| train/                  |             |
|    approx_kl            | 0.019123321 |
|    clip_fraction        | 0.2         |
|    clip_range           | 0.2         |
|    entropy_loss         | -0.242      |
|    explained_variance   | 0.965       |
|    learning_rate        | 0.0003      |
|    loss                 | 0.499       |
|    n_updates            | 710         |
|    policy_gradient_loss | 0.00834     |
|    std                  | 0.308       |
|    value_loss           | 1.18        |
-----------------------------------------
-----------------------------------------
| rollout/                |             |
|    ep_len_mean          | 71.3        |
|    ep_rew_mean          | 5.07        |
| time/                   |             |
|    fps                  | 159         |
|    iterations           | 73          |
|    time_elapsed         | 3755        |
|    total_timesteps      | 598016      |
| train/                  |             |
|    approx_kl            | 0.018528117 |
|    clip_fraction        | 0.181       |
|    clip_range           | 0.2         |
|    entropy_loss         | -0.238      |
|    explained_variance   | 0.918       |
|    learning_rate        | 0.0003      |
|    loss                 | 0.251       |
|    n_updates            | 720         |
|    policy_gradient_loss | 0.00562     |
|    std                  | 0.308       |
|    value_loss           | 0.994       |
-----------------------------------------
-----------------------------------------
| rollout/                |             |
|    ep_len_mean          | 64.6        |
|    ep_rew_mean          | 3.82        |
| time/                   |             |
|    fps                  | 159         |
|    iterations           | 74          |
|    time_elapsed         | 3806        |
|    total_timesteps      | 606208      |
| train/                  |             |
|    approx_kl            | 0.018776098 |
|    clip_fraction        | 0.187       |
|    clip_range           | 0.2         |
|    entropy_loss         | -0.23       |
|    explained_variance   | 0.964       |
|    learning_rate        | 0.0003      |
|    loss                 | 0.102       |
|    n_updates            | 730         |
|    policy_gradient_loss | 0.00675     |
|    std                  | 0.301       |
|    value_loss           | 1.13        |
-----------------------------------------
-----------------------------------------
| rollout/                |             |
|    ep_len_mean          | 80.8        |
|    ep_rew_mean          | 6.17        |
| time/                   |             |
|    fps                  | 159         |
|    iterations           | 75          |
|    time_elapsed         | 3856        |
|    total_timesteps      | 614400      |
| train/                  |             |
|    approx_kl            | 0.020802945 |
|    clip_fraction        | 0.187       |
|    clip_range           | 0.2         |
|    entropy_loss         | -0.228      |
|    explained_variance   | 0.959       |
|    learning_rate        | 0.0003      |
|    loss                 | 0.688       |
|    n_updates            | 740         |
|    policy_gradient_loss | 0.00705     |
|    std                  | 0.305       |
|    value_loss           | 1.1         |
-----------------------------------------
-----------------------------------------
| rollout/                |             |
|    ep_len_mean          | 68.1        |
|    ep_rew_mean          | 4.62        |
| time/                   |             |
|    fps                  | 159         |
|    iterations           | 76          |
|    time_elapsed         | 3907        |
|    total_timesteps      | 622592      |
| train/                  |             |
|    approx_kl            | 0.029177435 |
|    clip_fraction        | 0.171       |
|    clip_range           | 0.2         |
|    entropy_loss         | -0.233      |
|    explained_variance   | 0.927       |
|    learning_rate        | 0.0003      |
|    loss                 | 0.914       |
|    n_updates            | 750         |
|    policy_gradient_loss | 0.00695     |
|    std                  | 0.304       |
|    value_loss           | 1.52        |
-----------------------------------------
-----------------------------------------
| rollout/                |             |
|    ep_len_mean          | 67.6        |
|    ep_rew_mean          | 4.58        |
| time/                   |             |
|    fps                  | 159         |
|    iterations           | 77          |
|    time_elapsed         | 3958        |
|    total_timesteps      | 630784      |
| train/                  |             |
|    approx_kl            | 0.019907087 |
|    clip_fraction        | 0.197       |
|    clip_range           | 0.2         |
|    entropy_loss         | -0.225      |
|    explained_variance   | 0.941       |
|    learning_rate        | 0.0003      |
|    loss                 | 0.336       |
|    n_updates            | 760         |
|    policy_gradient_loss | 0.00608     |
|    std                  | 0.304       |
|    value_loss           | 0.968       |
-----------------------------------------
-----------------------------------------
| rollout/                |             |
|    ep_len_mean          | 79.4        |
|    ep_rew_mean          | 5.94        |
| time/                   |             |
|    fps                  | 159         |
|    iterations           | 78          |
|    time_elapsed         | 4009        |
|    total_timesteps      | 638976      |
| train/                  |             |
|    approx_kl            | 0.054122344 |
|    clip_fraction        | 0.23        |
|    clip_range           | 0.2         |
|    entropy_loss         | -0.231      |
|    explained_variance   | 0.959       |
|    learning_rate        | 0.0003      |
|    loss                 | 0.0147      |
|    n_updates            | 770         |
|    policy_gradient_loss | 0.00622     |
|    std                  | 0.307       |
|    value_loss           | 0.951       |
-----------------------------------------
----------------------------------------
| rollout/                |            |
|    ep_len_mean          | 79.5       |
|    ep_rew_mean          | 5.8        |
| time/                   |            |
|    fps                  | 159        |
|    iterations           | 79         |
|    time_elapsed         | 4060       |
|    total_timesteps      | 647168     |
| train/                  |            |
|    approx_kl            | 0.02185143 |
|    clip_fraction        | 0.179      |
|    clip_range           | 0.2        |
|    entropy_loss         | -0.242     |
|    explained_variance   | 0.962      |
|    learning_rate        | 0.0003     |
|    loss                 | 0.0995     |
|    n_updates            | 780        |
|    policy_gradient_loss | 0.00507    |
|    std                  | 0.311      |
|    value_loss           | 1.29       |
----------------------------------------
-----------------------------------------
| rollout/                |             |
|    ep_len_mean          | 77.6        |
|    ep_rew_mean          | 5.57        |
| time/                   |             |
|    fps                  | 159         |
|    iterations           | 80          |
|    time_elapsed         | 4111        |
|    total_timesteps      | 655360      |
| train/                  |             |
|    approx_kl            | 0.048056446 |
|    clip_fraction        | 0.183       |
|    clip_range           | 0.2         |
|    entropy_loss         | -0.242      |
|    explained_variance   | 0.902       |
|    learning_rate        | 0.0003      |
|    loss                 | 0.88        |
|    n_updates            | 790         |
|    policy_gradient_loss | 0.00436     |
|    std                  | 0.307       |
|    value_loss           | 0.911       |
-----------------------------------------
----------------------------------------
| rollout/                |            |
|    ep_len_mean          | 77.3       |
|    ep_rew_mean          | 5.66       |
| time/                   |            |
|    fps                  | 159        |
|    iterations           | 81         |
|    time_elapsed         | 4162       |
|    total_timesteps      | 663552     |
| train/                  |            |
|    approx_kl            | 0.01791142 |
|    clip_fraction        | 0.199      |
|    clip_range           | 0.2        |
|    entropy_loss         | -0.239     |
|    explained_variance   | 0.867      |
|    learning_rate        | 0.0003     |
|    loss                 | 0.0262     |
|    n_updates            | 800        |
|    policy_gradient_loss | 0.00614    |
|    std                  | 0.306      |
|    value_loss           | 1.01       |
----------------------------------------
-----------------------------------------
| rollout/                |             |
|    ep_len_mean          | 94.2        |
|    ep_rew_mean          | 7.02        |
| time/                   |             |
|    fps                  | 159         |
|    iterations           | 82          |
|    time_elapsed         | 4212        |
|    total_timesteps      | 671744      |
| train/                  |             |
|    approx_kl            | 0.016770773 |
|    clip_fraction        | 0.2         |
|    clip_range           | 0.2         |
|    entropy_loss         | -0.24       |
|    explained_variance   | 0.944       |
|    learning_rate        | 0.0003      |
|    loss                 | 1.04        |
|    n_updates            | 810         |
|    policy_gradient_loss | 0.00525     |
|    std                  | 0.31        |
|    value_loss           | 1.13        |
-----------------------------------------
----------------------------------------
| rollout/                |            |
|    ep_len_mean          | 77.5       |
|    ep_rew_mean          | 5.62       |
| time/                   |            |
|    fps                  | 159        |
|    iterations           | 83         |
|    time_elapsed         | 4263       |
|    total_timesteps      | 679936     |
| train/                  |            |
|    approx_kl            | 0.03049932 |
|    clip_fraction        | 0.225      |
|    clip_range           | 0.2        |
|    entropy_loss         | -0.242     |
|    explained_variance   | 0.95       |
|    learning_rate        | 0.0003     |
|    loss                 | 0.15       |
|    n_updates            | 820        |
|    policy_gradient_loss | 0.011      |
|    std                  | 0.31       |
|    value_loss           | 0.994      |
----------------------------------------
-----------------------------------------
| rollout/                |             |
|    ep_len_mean          | 77.4        |
|    ep_rew_mean          | 5.68        |
| time/                   |             |
|    fps                  | 159         |
|    iterations           | 84          |
|    time_elapsed         | 4314        |
|    total_timesteps      | 688128      |
| train/                  |             |
|    approx_kl            | 0.030369036 |
|    clip_fraction        | 0.208       |
|    clip_range           | 0.2         |
|    entropy_loss         | -0.252      |
|    explained_variance   | 0.964       |
|    learning_rate        | 0.0003      |
|    loss                 | 0.467       |
|    n_updates            | 830         |
|    policy_gradient_loss | 0.00679     |
|    std                  | 0.315       |
|    value_loss           | 0.982       |
-----------------------------------------
-----------------------------------------
| rollout/                |             |
|    ep_len_mean          | 74.5        |
|    ep_rew_mean          | 5.5         |
| time/                   |             |
|    fps                  | 159         |
|    iterations           | 85          |
|    time_elapsed         | 4364        |
|    total_timesteps      | 696320      |
| train/                  |             |
|    approx_kl            | 0.030248942 |
|    clip_fraction        | 0.219       |
|    clip_range           | 0.2         |
|    entropy_loss         | -0.273      |
|    explained_variance   | 0.914       |
|    learning_rate        | 0.0003      |
|    loss                 | 0.0131      |
|    n_updates            | 840         |
|    policy_gradient_loss | 0.00537     |
|    std                  | 0.32        |
|    value_loss           | 1.11        |
-----------------------------------------
-----------------------------------------
| rollout/                |             |
|    ep_len_mean          | 88.6        |
|    ep_rew_mean          | 7.18        |
| time/                   |             |
|    fps                  | 159         |
|    iterations           | 86          |
|    time_elapsed         | 4415        |
|    total_timesteps      | 704512      |
| train/                  |             |
|    approx_kl            | 0.022360362 |
|    clip_fraction        | 0.207       |
|    clip_range           | 0.2         |
|    entropy_loss         | -0.272      |
|    explained_variance   | 0.983       |
|    learning_rate        | 0.0003      |
|    loss                 | 0.186       |
|    n_updates            | 850         |
|    policy_gradient_loss | 0.00745     |
|    std                  | 0.316       |
|    value_loss           | 0.74        |
-----------------------------------------
-----------------------------------------
| rollout/                |             |
|    ep_len_mean          | 74          |
|    ep_rew_mean          | 5.58        |
| time/                   |             |
|    fps                  | 159         |
|    iterations           | 87          |
|    time_elapsed         | 4466        |
|    total_timesteps      | 712704      |
| train/                  |             |
|    approx_kl            | 0.023034954 |
|    clip_fraction        | 0.225       |
|    clip_range           | 0.2         |
|    entropy_loss         | -0.269      |
|    explained_variance   | 0.961       |
|    learning_rate        | 0.0003      |
|    loss                 | 0.112       |
|    n_updates            | 860         |
|    policy_gradient_loss | 0.0058      |
|    std                  | 0.318       |
|    value_loss           | 0.768       |
-----------------------------------------
-----------------------------------------
| rollout/                |             |
|    ep_len_mean          | 71.2        |
|    ep_rew_mean          | 5.26        |
| time/                   |             |
|    fps                  | 159         |
|    iterations           | 88          |
|    time_elapsed         | 4517        |
|    total_timesteps      | 720896      |
| train/                  |             |
|    approx_kl            | 0.052854847 |
|    clip_fraction        | 0.233       |
|    clip_range           | 0.2         |
|    entropy_loss         | -0.276      |
|    explained_variance   | 0.952       |
|    learning_rate        | 0.0003      |
|    loss                 | 0.913       |
|    n_updates            | 870         |
|    policy_gradient_loss | 0.00656     |
|    std                  | 0.318       |
|    value_loss           | 1.11        |
-----------------------------------------
-----------------------------------------
| rollout/                |             |
|    ep_len_mean          | 86.7        |
|    ep_rew_mean          | 7.17        |
| time/                   |             |
|    fps                  | 159         |
|    iterations           | 89          |
|    time_elapsed         | 4567        |
|    total_timesteps      | 729088      |
| train/                  |             |
|    approx_kl            | 0.018389765 |
|    clip_fraction        | 0.188       |
|    clip_range           | 0.2         |
|    entropy_loss         | -0.266      |
|    explained_variance   | 0.911       |
|    learning_rate        | 0.0003      |
|    loss                 | 0.13        |
|    n_updates            | 880         |
|    policy_gradient_loss | 0.0064      |
|    std                  | 0.315       |
|    value_loss           | 0.89        |
-----------------------------------------
----------------------------------------
| rollout/                |            |
|    ep_len_mean          | 75.7       |
|    ep_rew_mean          | 5.48       |
| time/                   |            |
|    fps                  | 159        |
|    iterations           | 90         |
|    time_elapsed         | 4618       |
|    total_timesteps      | 737280     |
| train/                  |            |
|    approx_kl            | 0.02953175 |
|    clip_fraction        | 0.237      |
|    clip_range           | 0.2        |
|    entropy_loss         | -0.26      |
|    explained_variance   | 0.958      |
|    learning_rate        | 0.0003     |
|    loss                 | 0.19       |
|    n_updates            | 890        |
|    policy_gradient_loss | 0.00969    |
|    std                  | 0.312      |
|    value_loss           | 0.828      |
----------------------------------------
---------------------------------------
| rollout/                |           |
|    ep_len_mean          | 90.2      |
|    ep_rew_mean          | 7.77      |
| time/                   |           |
|    fps                  | 159       |
|    iterations           | 91        |
|    time_elapsed         | 4669      |
|    total_timesteps      | 745472    |
| train/                  |           |
|    approx_kl            | 0.0251575 |
|    clip_fraction        | 0.209     |
|    clip_range           | 0.2       |
|    entropy_loss         | -0.258    |
|    explained_variance   | 0.96      |
|    learning_rate        | 0.0003    |
|    loss                 | 1.83      |
|    n_updates            | 900       |
|    policy_gradient_loss | 0.0144    |
|    std                  | 0.315     |
|    value_loss           | 1.34      |
---------------------------------------
-----------------------------------------
| rollout/                |             |
|    ep_len_mean          | 67.9        |
|    ep_rew_mean          | 5.12        |
| time/                   |             |
|    fps                  | 159         |
|    iterations           | 92          |
|    time_elapsed         | 4720        |
|    total_timesteps      | 753664      |
| train/                  |             |
|    approx_kl            | 0.039904766 |
|    clip_fraction        | 0.196       |
|    clip_range           | 0.2         |
|    entropy_loss         | -0.266      |
|    explained_variance   | 0.856       |
|    learning_rate        | 0.0003      |
|    loss                 | 0.592       |
|    n_updates            | 910         |
|    policy_gradient_loss | 0.0062      |
|    std                  | 0.317       |
|    value_loss           | 1.31        |
-----------------------------------------
-----------------------------------------
| rollout/                |             |
|    ep_len_mean          | 72.6        |
|    ep_rew_mean          | 5.78        |
| time/                   |             |
|    fps                  | 159         |
|    iterations           | 93          |
|    time_elapsed         | 4770        |
|    total_timesteps      | 761856      |
| train/                  |             |
|    approx_kl            | 0.033816896 |
|    clip_fraction        | 0.234       |
|    clip_range           | 0.2         |
|    entropy_loss         | -0.279      |
|    explained_variance   | 0.951       |
|    learning_rate        | 0.0003      |
|    loss                 | 3.3         |
|    n_updates            | 920         |
|    policy_gradient_loss | 0.00743     |
|    std                  | 0.322       |
|    value_loss           | 1.16        |
-----------------------------------------
-----------------------------------------
| rollout/                |             |
|    ep_len_mean          | 72.7        |
|    ep_rew_mean          | 5.37        |
| time/                   |             |
|    fps                  | 159         |
|    iterations           | 94          |
|    time_elapsed         | 4821        |
|    total_timesteps      | 770048      |
| train/                  |             |
|    approx_kl            | 0.026623648 |
|    clip_fraction        | 0.213       |
|    clip_range           | 0.2         |
|    entropy_loss         | -0.288      |
|    explained_variance   | 0.887       |
|    learning_rate        | 0.0003      |
|    loss                 | 0.31        |
|    n_updates            | 930         |
|    policy_gradient_loss | 0.00517     |
|    std                  | 0.323       |
|    value_loss           | 0.811       |
-----------------------------------------
-----------------------------------------
| rollout/                |             |
|    ep_len_mean          | 80.2        |
|    ep_rew_mean          | 6.86        |
| time/                   |             |
|    fps                  | 159         |
|    iterations           | 95          |
|    time_elapsed         | 4872        |
|    total_timesteps      | 778240      |
| train/                  |             |
|    approx_kl            | 0.061733868 |
|    clip_fraction        | 0.219       |
|    clip_range           | 0.2         |
|    entropy_loss         | -0.287      |
|    explained_variance   | 0.963       |
|    learning_rate        | 0.0003      |
|    loss                 | 0.069       |
|    n_updates            | 940         |
|    policy_gradient_loss | 0.00966     |
|    std                  | 0.322       |
|    value_loss           | 1.68        |
-----------------------------------------
-----------------------------------------
| rollout/                |             |
|    ep_len_mean          | 69.3        |
|    ep_rew_mean          | 5.5         |
| time/                   |             |
|    fps                  | 159         |
|    iterations           | 96          |
|    time_elapsed         | 4923        |
|    total_timesteps      | 786432      |
| train/                  |             |
|    approx_kl            | 0.032122422 |
|    clip_fraction        | 0.238       |
|    clip_range           | 0.2         |
|    entropy_loss         | -0.285      |
|    explained_variance   | 0.962       |
|    learning_rate        | 0.0003      |
|    loss                 | 0.0521      |
|    n_updates            | 950         |
|    policy_gradient_loss | 0.00844     |
|    std                  | 0.323       |
|    value_loss           | 0.963       |
-----------------------------------------
-----------------------------------------
| rollout/                |             |
|    ep_len_mean          | 77.3        |
|    ep_rew_mean          | 5.99        |
| time/                   |             |
|    fps                  | 159         |
|    iterations           | 97          |
|    time_elapsed         | 4973        |
|    total_timesteps      | 794624      |
| train/                  |             |
|    approx_kl            | 0.028781522 |
|    clip_fraction        | 0.215       |
|    clip_range           | 0.2         |
|    entropy_loss         | -0.284      |
|    explained_variance   | 0.943       |
|    learning_rate        | 0.0003      |
|    loss                 | 0.0279      |
|    n_updates            | 960         |
|    policy_gradient_loss | 0.00793     |
|    std                  | 0.321       |
|    value_loss           | 0.88        |
-----------------------------------------
-----------------------------------------
| rollout/                |             |
|    ep_len_mean          | 77.1        |
|    ep_rew_mean          | 6.43        |
| time/                   |             |
|    fps                  | 159         |
|    iterations           | 98          |
|    time_elapsed         | 5024        |
|    total_timesteps      | 802816      |
| train/                  |             |
|    approx_kl            | 0.049373496 |
|    clip_fraction        | 0.225       |
|    clip_range           | 0.2         |
|    entropy_loss         | -0.282      |
|    explained_variance   | 0.949       |
|    learning_rate        | 0.0003      |
|    loss                 | 1.58        |
|    n_updates            | 970         |
|    policy_gradient_loss | 0.00791     |
|    std                  | 0.322       |
|    value_loss           | 1.91        |
-----------------------------------------
-----------------------------------------
| rollout/                |             |
|    ep_len_mean          | 88.2        |
|    ep_rew_mean          | 7.87        |
| time/                   |             |
|    fps                  | 159         |
|    iterations           | 99          |
|    time_elapsed         | 5075        |
|    total_timesteps      | 811008      |
| train/                  |             |
|    approx_kl            | 0.025741696 |
|    clip_fraction        | 0.237       |
|    clip_range           | 0.2         |
|    entropy_loss         | -0.29       |
|    explained_variance   | 0.93        |
|    learning_rate        | 0.0003      |
|    loss                 | 0.195       |
|    n_updates            | 980         |
|    policy_gradient_loss | 0.00899     |
|    std                  | 0.324       |
|    value_loss           | 1.17        |
-----------------------------------------
-----------------------------------------
| rollout/                |             |
|    ep_len_mean          | 71.1        |
|    ep_rew_mean          | 5.85        |
| time/                   |             |
|    fps                  | 159         |
|    iterations           | 100         |
|    time_elapsed         | 5125        |
|    total_timesteps      | 819200      |
| train/                  |             |
|    approx_kl            | 0.027648939 |
|    clip_fraction        | 0.229       |
|    clip_range           | 0.2         |
|    entropy_loss         | -0.291      |
|    explained_variance   | 0.982       |
|    learning_rate        | 0.0003      |
|    loss                 | 1.63        |
|    n_updates            | 990         |
|    policy_gradient_loss | 0.00708     |
|    std                  | 0.323       |
|    value_loss           | 0.745       |
-----------------------------------------
-----------------------------------------
| rollout/                |             |
|    ep_len_mean          | 70.9        |
|    ep_rew_mean          | 5.3         |
| time/                   |             |
|    fps                  | 159         |
|    iterations           | 101         |
|    time_elapsed         | 5176        |
|    total_timesteps      | 827392      |
| train/                  |             |
|    approx_kl            | 0.031086331 |
|    clip_fraction        | 0.195       |
|    clip_range           | 0.2         |
|    entropy_loss         | -0.28       |
|    explained_variance   | 0.936       |
|    learning_rate        | 0.0003      |
|    loss                 | 0.82        |
|    n_updates            | 1000        |
|    policy_gradient_loss | 0.00521     |
|    std                  | 0.319       |
|    value_loss           | 1.43        |
-----------------------------------------
-----------------------------------------
| rollout/                |             |
|    ep_len_mean          | 77.3        |
|    ep_rew_mean          | 6.76        |
| time/                   |             |
|    fps                  | 159         |
|    iterations           | 102         |
|    time_elapsed         | 5227        |
|    total_timesteps      | 835584      |
| train/                  |             |
|    approx_kl            | 0.036444433 |
|    clip_fraction        | 0.209       |
|    clip_range           | 0.2         |
|    entropy_loss         | -0.275      |
|    explained_variance   | 0.909       |
|    learning_rate        | 0.0003      |
|    loss                 | 0.253       |
|    n_updates            | 1010        |
|    policy_gradient_loss | 0.00637     |
|    std                  | 0.32        |
|    value_loss           | 2.56        |
-----------------------------------------
----------------------------------------
| rollout/                |            |
|    ep_len_mean          | 82.1       |
|    ep_rew_mean          | 7.98       |
| time/                   |            |
|    fps                  | 159        |
|    iterations           | 103        |
|    time_elapsed         | 5278       |
|    total_timesteps      | 843776     |
| train/                  |            |
|    approx_kl            | 0.03211824 |
|    clip_fraction        | 0.229      |
|    clip_range           | 0.2        |
|    entropy_loss         | -0.273     |
|    explained_variance   | 0.971      |
|    learning_rate        | 0.0003     |
|    loss                 | 0.947      |
|    n_updates            | 1020       |
|    policy_gradient_loss | 0.00638    |
|    std                  | 0.319      |
|    value_loss           | 0.895      |
----------------------------------------
-----------------------------------------
| rollout/                |             |
|    ep_len_mean          | 69.4        |
|    ep_rew_mean          | 6.3         |
| time/                   |             |
|    fps                  | 159         |
|    iterations           | 104         |
|    time_elapsed         | 5328        |
|    total_timesteps      | 851968      |
| train/                  |             |
|    approx_kl            | 0.028817657 |
|    clip_fraction        | 0.264       |
|    clip_range           | 0.2         |
|    entropy_loss         | -0.278      |
|    explained_variance   | 0.973       |
|    learning_rate        | 0.0003      |
|    loss                 | 0.0535      |
|    n_updates            | 1030        |
|    policy_gradient_loss | 0.00914     |
|    std                  | 0.319       |
|    value_loss           | 1.65        |
-----------------------------------------
-----------------------------------------
| rollout/                |             |
|    ep_len_mean          | 68.2        |
|    ep_rew_mean          | 6.44        |
| time/                   |             |
|    fps                  | 159         |
|    iterations           | 105         |
|    time_elapsed         | 5379        |
|    total_timesteps      | 860160      |
| train/                  |             |
|    approx_kl            | 0.059136964 |
|    clip_fraction        | 0.236       |
|    clip_range           | 0.2         |
|    entropy_loss         | -0.267      |
|    explained_variance   | 0.928       |
|    learning_rate        | 0.0003      |
|    loss                 | 0.238       |
|    n_updates            | 1040        |
|    policy_gradient_loss | 0.00903     |
|    std                  | 0.316       |
|    value_loss           | 1.63        |
-----------------------------------------
-----------------------------------------
| rollout/                |             |
|    ep_len_mean          | 79.2        |
|    ep_rew_mean          | 8           |
| time/                   |             |
|    fps                  | 159         |
|    iterations           | 106         |
|    time_elapsed         | 5430        |
|    total_timesteps      | 868352      |
| train/                  |             |
|    approx_kl            | 0.054244284 |
|    clip_fraction        | 0.246       |
|    clip_range           | 0.2         |
|    entropy_loss         | -0.256      |
|    explained_variance   | 0.952       |
|    learning_rate        | 0.0003      |
|    loss                 | 0.595       |
|    n_updates            | 1050        |
|    policy_gradient_loss | 0.00933     |
|    std                  | 0.312       |
|    value_loss           | 1.56        |
-----------------------------------------
-----------------------------------------
| rollout/                |             |
|    ep_len_mean          | 65.1        |
|    ep_rew_mean          | 6.19        |
| time/                   |             |
|    fps                  | 159         |
|    iterations           | 107         |
|    time_elapsed         | 5481        |
|    total_timesteps      | 876544      |
| train/                  |             |
|    approx_kl            | 0.034287944 |
|    clip_fraction        | 0.227       |
|    clip_range           | 0.2         |
|    entropy_loss         | -0.253      |
|    explained_variance   | 0.946       |
|    learning_rate        | 0.0003      |
|    loss                 | 0.715       |
|    n_updates            | 1060        |
|    policy_gradient_loss | 0.0037      |
|    std                  | 0.312       |
|    value_loss           | 2.14        |
-----------------------------------------
----------------------------------------
| rollout/                |            |
|    ep_len_mean          | 75.7       |
|    ep_rew_mean          | 7.87       |
| time/                   |            |
|    fps                  | 159        |
|    iterations           | 108        |
|    time_elapsed         | 5532       |
|    total_timesteps      | 884736     |
| train/                  |            |
|    approx_kl            | 0.03698851 |
|    clip_fraction        | 0.274      |
|    clip_range           | 0.2        |
|    entropy_loss         | -0.251     |
|    explained_variance   | 0.944      |
|    learning_rate        | 0.0003     |
|    loss                 | 1.42       |
|    n_updates            | 1070       |
|    policy_gradient_loss | 0.0124     |
|    std                  | 0.311      |
|    value_loss           | 1.15       |
----------------------------------------
-----------------------------------------
| rollout/                |             |
|    ep_len_mean          | 96.2        |
|    ep_rew_mean          | 11.1        |
| time/                   |             |
|    fps                  | 159         |
|    iterations           | 109         |
|    time_elapsed         | 5582        |
|    total_timesteps      | 892928      |
| train/                  |             |
|    approx_kl            | 0.044932857 |
|    clip_fraction        | 0.322       |
|    clip_range           | 0.2         |
|    entropy_loss         | -0.266      |
|    explained_variance   | 0.957       |
|    learning_rate        | 0.0003      |
|    loss                 | 0.8         |
|    n_updates            | 1080        |
|    policy_gradient_loss | 0.0129      |
|    std                  | 0.318       |
|    value_loss           | 1.41        |
-----------------------------------------
---------------------------------------
| rollout/                |           |
|    ep_len_mean          | 62.9      |
|    ep_rew_mean          | 6.22      |
| time/                   |           |
|    fps                  | 159       |
|    iterations           | 110       |
|    time_elapsed         | 5633      |
|    total_timesteps      | 901120    |
| train/                  |           |
|    approx_kl            | 0.0804203 |
|    clip_fraction        | 0.304     |
|    clip_range           | 0.2       |
|    entropy_loss         | -0.276    |
|    explained_variance   | 0.935     |
|    learning_rate        | 0.0003    |
|    loss                 | 0.251     |
|    n_updates            | 1090      |
|    policy_gradient_loss | 0.00816   |
|    std                  | 0.319     |
|    value_loss           | 1.79      |
---------------------------------------
-----------------------------------------
| rollout/                |             |
|    ep_len_mean          | 83.4        |
|    ep_rew_mean          | 9.27        |
| time/                   |             |
|    fps                  | 159         |
|    iterations           | 111         |
|    time_elapsed         | 5684        |
|    total_timesteps      | 909312      |
| train/                  |             |
|    approx_kl            | 0.050733503 |
|    clip_fraction        | 0.249       |
|    clip_range           | 0.2         |
|    entropy_loss         | -0.271      |
|    explained_variance   | 0.968       |
|    learning_rate        | 0.0003      |
|    loss                 | 0.737       |
|    n_updates            | 1100        |
|    policy_gradient_loss | 0.00888     |
|    std                  | 0.316       |
|    value_loss           | 1.76        |
-----------------------------------------
-----------------------------------------
| rollout/                |             |
|    ep_len_mean          | 80.3        |
|    ep_rew_mean          | 8.97        |
| time/                   |             |
|    fps                  | 159         |
|    iterations           | 112         |
|    time_elapsed         | 5734        |
|    total_timesteps      | 917504      |
| train/                  |             |
|    approx_kl            | 0.028420968 |
|    clip_fraction        | 0.289       |
|    clip_range           | 0.2         |
|    entropy_loss         | -0.272      |
|    explained_variance   | 0.931       |
|    learning_rate        | 0.0003      |
|    loss                 | 1.2         |
|    n_updates            | 1110        |
|    policy_gradient_loss | 0.0119      |
|    std                  | 0.316       |
|    value_loss           | 1.37        |
-----------------------------------------
-----------------------------------------
| rollout/                |             |
|    ep_len_mean          | 77.2        |
|    ep_rew_mean          | 8.74        |
| time/                   |             |
|    fps                  | 160         |
|    iterations           | 113         |
|    time_elapsed         | 5785        |
|    total_timesteps      | 925696      |
| train/                  |             |
|    approx_kl            | 0.029110799 |
|    clip_fraction        | 0.277       |
|    clip_range           | 0.2         |
|    entropy_loss         | -0.265      |
|    explained_variance   | 0.982       |
|    learning_rate        | 0.0003      |
|    loss                 | 0.047       |
|    n_updates            | 1120        |
|    policy_gradient_loss | 0.012       |
|    std                  | 0.315       |
|    value_loss           | 0.914       |
-----------------------------------------
-----------------------------------------
| rollout/                |             |
|    ep_len_mean          | 70.8        |
|    ep_rew_mean          | 7.82        |
| time/                   |             |
|    fps                  | 160         |
|    iterations           | 114         |
|    time_elapsed         | 5836        |
|    total_timesteps      | 933888      |
| train/                  |             |
|    approx_kl            | 0.027281996 |
|    clip_fraction        | 0.263       |
|    clip_range           | 0.2         |
|    entropy_loss         | -0.267      |
|    explained_variance   | 0.976       |
|    learning_rate        | 0.0003      |
|    loss                 | 0.122       |
|    n_updates            | 1130        |
|    policy_gradient_loss | 0.0113      |
|    std                  | 0.316       |
|    value_loss           | 1.15        |
-----------------------------------------
-----------------------------------------
| rollout/                |             |
|    ep_len_mean          | 74.1        |
|    ep_rew_mean          | 8.62        |
| time/                   |             |
|    fps                  | 160         |
|    iterations           | 115         |
|    time_elapsed         | 5886        |
|    total_timesteps      | 942080      |
| train/                  |             |
|    approx_kl            | 0.032995757 |
|    clip_fraction        | 0.232       |
|    clip_range           | 0.2         |
|    entropy_loss         | -0.261      |
|    explained_variance   | 0.95        |
|    learning_rate        | 0.0003      |
|    loss                 | 0.161       |
|    n_updates            | 1140        |
|    policy_gradient_loss | 0.01        |
|    std                  | 0.313       |
|    value_loss           | 1.26        |
-----------------------------------------
-----------------------------------------
| rollout/                |             |
|    ep_len_mean          | 78.7        |
|    ep_rew_mean          | 9.55        |
| time/                   |             |
|    fps                  | 160         |
|    iterations           | 116         |
|    time_elapsed         | 5937        |
|    total_timesteps      | 950272      |
| train/                  |             |
|    approx_kl            | 0.045623764 |
|    clip_fraction        | 0.242       |
|    clip_range           | 0.2         |
|    entropy_loss         | -0.243      |
|    explained_variance   | 0.953       |
|    learning_rate        | 0.0003      |
|    loss                 | 0.212       |
|    n_updates            | 1150        |
|    policy_gradient_loss | 0.00894     |
|    std                  | 0.307       |
|    value_loss           | 2.02        |
-----------------------------------------
-----------------------------------------
| rollout/                |             |
|    ep_len_mean          | 75.7        |
|    ep_rew_mean          | 9.06        |
| time/                   |             |
|    fps                  | 160         |
|    iterations           | 117         |
|    time_elapsed         | 5988        |
|    total_timesteps      | 958464      |
| train/                  |             |
|    approx_kl            | 0.031900905 |
|    clip_fraction        | 0.254       |
|    clip_range           | 0.2         |
|    entropy_loss         | -0.236      |
|    explained_variance   | 0.946       |
|    learning_rate        | 0.0003      |
|    loss                 | 0.0897      |
|    n_updates            | 1160        |
|    policy_gradient_loss | 0.00786     |
|    std                  | 0.308       |
|    value_loss           | 1.73        |
-----------------------------------------
-----------------------------------------
| rollout/                |             |
|    ep_len_mean          | 71          |
|    ep_rew_mean          | 8.16        |
| time/                   |             |
|    fps                  | 160         |
|    iterations           | 118         |
|    time_elapsed         | 6038        |
|    total_timesteps      | 966656      |
| train/                  |             |
|    approx_kl            | 0.046415545 |
|    clip_fraction        | 0.266       |
|    clip_range           | 0.2         |
|    entropy_loss         | -0.24       |
|    explained_variance   | 0.963       |
|    learning_rate        | 0.0003      |
|    loss                 | 0.0792      |
|    n_updates            | 1170        |
|    policy_gradient_loss | 0.00854     |
|    std                  | 0.303       |
|    value_loss           | 1.29        |
-----------------------------------------
----------------------------------------
| rollout/                |            |
|    ep_len_mean          | 68.1       |
|    ep_rew_mean          | 7.68       |
| time/                   |            |
|    fps                  | 160        |
|    iterations           | 119        |
|    time_elapsed         | 6089       |
|    total_timesteps      | 974848     |
| train/                  |            |
|    approx_kl            | 0.03207336 |
|    clip_fraction        | 0.253      |
|    clip_range           | 0.2        |
|    entropy_loss         | -0.22      |
|    explained_variance   | 0.968      |
|    learning_rate        | 0.0003     |
|    loss                 | 0.34       |
|    n_updates            | 1180       |
|    policy_gradient_loss | 0.0082     |
|    std                  | 0.303      |
|    value_loss           | 2.1        |
----------------------------------------
----------------------------------------
| rollout/                |            |
|    ep_len_mean          | 94.4       |
|    ep_rew_mean          | 12.1       |
| time/                   |            |
|    fps                  | 160        |
|    iterations           | 120        |
|    time_elapsed         | 6140       |
|    total_timesteps      | 983040     |
| train/                  |            |
|    approx_kl            | 0.07797265 |
|    clip_fraction        | 0.268      |
|    clip_range           | 0.2        |
|    entropy_loss         | -0.223     |
|    explained_variance   | 0.956      |
|    learning_rate        | 0.0003     |
|    loss                 | 0.173      |
|    n_updates            | 1190       |
|    policy_gradient_loss | 0.00806    |
|    std                  | 0.302      |
|    value_loss           | 1.45       |
----------------------------------------
----------------------------------------
| rollout/                |            |
|    ep_len_mean          | 75.6       |
|    ep_rew_mean          | 8.59       |
| time/                   |            |
|    fps                  | 160        |
|    iterations           | 121        |
|    time_elapsed         | 6190       |
|    total_timesteps      | 991232     |
| train/                  |            |
|    approx_kl            | 0.08564852 |
|    clip_fraction        | 0.252      |
|    clip_range           | 0.2        |
|    entropy_loss         | -0.221     |
|    explained_variance   | 0.893      |
|    learning_rate        | 0.0003     |
|    loss                 | 0.147      |
|    n_updates            | 1200       |
|    policy_gradient_loss | 0.00837    |
|    std                  | 0.301      |
|    value_loss           | 1.16       |
----------------------------------------
-----------------------------------------
| rollout/                |             |
|    ep_len_mean          | 66.4        |
|    ep_rew_mean          | 7.18        |
| time/                   |             |
|    fps                  | 160         |
|    iterations           | 122         |
|    time_elapsed         | 6241        |
|    total_timesteps      | 999424      |
| train/                  |             |
|    approx_kl            | 0.033254806 |
|    clip_fraction        | 0.252       |
|    clip_range           | 0.2         |
|    entropy_loss         | -0.229      |
|    explained_variance   | 0.981       |
|    learning_rate        | 0.0003      |
|    loss                 | 0.922       |
|    n_updates            | 1210        |
|    policy_gradient_loss | 0.00992     |
|    std                  | 0.303       |
|    value_loss           | 1.14        |
-----------------------------------------
-----------------------------------------
| rollout/                |             |
|    ep_len_mean          | 84.9        |
|    ep_rew_mean          | 10.1        |
| time/                   |             |
|    fps                  | 160         |
|    iterations           | 123         |
|    time_elapsed         | 6291        |
|    total_timesteps      | 1007616     |
| train/                  |             |
|    approx_kl            | 0.037779562 |
|    clip_fraction        | 0.272       |
|    clip_range           | 0.2         |
|    entropy_loss         | -0.228      |
|    explained_variance   | 0.979       |
|    learning_rate        | 0.0003      |
|    loss                 | 0.69        |
|    n_updates            | 1220        |
|    policy_gradient_loss | 0.00872     |
|    std                  | 0.305       |
|    value_loss           | 1.5         |
-----------------------------------------


###############################################################################
TCHPC Cluster: callan
Job 171138 (deepsets_cf_obs20_dense_seed2_v12) for User 'hadjitot' in Account 'callan_hadjitot'
Finished at: Sat Mar 28 16:01:20 GMT 2026

Job efficiency estimates:
=========================

Job ID: 171138
Cluster: callan
User/Group: hadjitot/hadjitot
State: COMPLETED (exit code 0)
Nodes: 1
Cores per node: 16
CPU Utilized: 06:06:00
CPU Efficiency: 21.64% of 1-04:10:56 core-walltime
Job Wall-clock time: 01:45:41
Memory Utilized: 1.93 GB
Memory Efficiency: 6.03% of 32.00 GB (32.00 GB/node)

Job completion status:
======================

JobID           JobName AllocCPUS NTasks NNodes     MaxRSS    MaxRSSNode  MaxDiskRead MaxDiskWrite    Elapsed      State ExitCode 
------------ ---------- --------- ------ ------ ---------- ------------- ------------ ------------ ---------- ---------- -------- 
171138       deepsets_+        16             1                                                      01:45:41  COMPLETED      0:0 
171138.batch      batch        16      1      1   2024932K    callan-n06     1333.24M     1139.07M   01:45:41  COMPLETED      0:0 
171138.exte+     extern        16      1      1                                                      01:45:41  COMPLETED      0:0 


Job details:
============

JobId=171138 JobName=deepsets_cf_obs20_dense_seed2_v12
   UserId=hadjitot(2357) GroupId=hadjitot(2300) MCS_label=N/A
   Priority=111569 Nice=0 Account=callan_hadjitot QOS=normal
   JobState=COMPLETING Reason=None Dependency=(null)
   Requeue=0 Restarts=0 BatchFlag=1 Reboot=0 ExitCode=0:0
   DerivedExitCode=0:0
   RunTime=01:45:41 TimeLimit=2-00:00:00 TimeMin=N/A
   SubmitTime=2026-03-27T20:37:56 EligibleTime=2026-03-27T20:37:56
   AccrueTime=2026-03-27T20:37:56
   StartTime=2026-03-28T14:15:39 EndTime=2026-03-28T16:01:20 Deadline=N/A
   SuspendTime=None SecsPreSuspend=0 LastSchedEval=2026-03-28T14:15:39 Scheduler=Main
   Partition=compute AllocNode:Sid=callan01:1076092
   ReqNodeList=(null) ExcNodeList=(null)
   NodeList=callan-n06
   BatchHost=callan-n06
   NumNodes=1 NumCPUs=16 NumTasks=1 CPUs/Task=16 ReqB:S:C:T=0:0:*:*
   ReqTRES=cpu=16,mem=32G,node=1,billing=16
   AllocTRES=cpu=16,mem=32G,node=1,billing=16
   Socks/Node=* NtasksPerN:B:S:C=0:0:*:* CoreSpec=*
   JOB_GRES=(null)
     Nodes=callan-n06 CPU_IDs=16-31 Mem=32768 GRES=
   MinCPUsNode=16 MinMemoryNode=32G MinTmpDiskNode=0
   Features=(null) DelayBoot=00:00:00
   OverSubscribe=OK Contiguous=0 Licenses=(null) LicensesAlloc=(null) Network=(null)
   Command=/home/users/hadjitot/fyp/HighwayEnv/slurm/train_deepsets.sbatch
   WorkDir=/home/users/hadjitot/fyp/HighwayEnv
   StdErr=/home/users/hadjitot/fyp/HighwayEnv/slurm_out/deepsets_cf_obs20_dense_seed2_v12_171138.err
   StdIn=/dev/null
   StdOut=/home/users/hadjitot/fyp/HighwayEnv/slurm_out/deepsets_cf_obs20_dense_seed2_v12_171138.out
   TresPerTask=cpu=16
   


Disk quota details:
===================

                         Block Limits                                    |                     File Limits
Name       type             MB      quota      limit   in_doubt    grace |    files   quota    limit in_doubt    grace
root       USR         4975646          0          0       1918     none |   398222       0        0      583     none
root       FILESET     5293213          0          0       4301     none |  9925791       0        0     1530     none


SLURM Bank Statement:
=====================

User           Usage |        Account     Usage | Account Limit Available (CPU hrs)
---------- --------- + -------------- --------- + ------------- ---------
hadjitot      12,793 | CALLAN_HADJITOT    12,793 |       300,000   287,207


Acknowledgements:
=================

Note that usage of TCHPC Resources *must* be acknowledged in all publications.

Please see this page for details relevant to this cluster:

http://www.tchpc.tcd.ie/resources/acknowledgementpolicy

################################################################################
