#{"t_start": 1773764932.818975, "env_id": "continuous-highway-v0"}
r,l,t
3.700085,11,7.594222
3.636773,11,7.934483
2.891335,10,8.260435
3.677637,11,8.620591
-0.649102,11,8.988879
2.958978,10,9.326018
3.097518,10,9.648228
-0.361794,12,10.028978
-0.938409,12,10.41118
3.780704,11,10.784564
4.059701,13,11.240569
3.000473,10,11.616373
4.911838,13,12.094514
-1.191638,12,12.525184
-1.254865,11,12.900776
3.228064,11,13.303178
2.803394,10,13.633313
3.889525,12,14.044056
3.662492,11,14.409962
3.383796,11,14.787918
3.647087,11,15.142023
-0.276449,12,15.538884
3.487018,12,15.944832
3.977288,12,16.382286
3.418205,11,16.792475
4.110182,12,17.254393
3.269391,11,17.615372
-0.325962,12,18.029084
3.963855,12,18.470742
3.601921,12,18.899981
3.349107,11,19.272293
3.78668,12,19.682119
3.579394,11,20.039713
4.431313,12,20.453426
4.422205,12,20.854227
-0.122906,14,21.301353
2.5564,10,21.65674
4.34376,12,22.071124
-1.31346,12,22.479959
4.222476,12,22.885923
3.350392,10,23.232595
-0.771034,13,23.675148
3.89663,12,24.074164
3.549497,11,24.442809
-1.451474,11,24.874515
-1.135826,12,25.284764
2.848607,10,25.60872
3.302624,11,25.961367
4.07078,11,26.309952
3.440899,11,26.673053
-1.866826,11,27.021879
3.510942,11,27.393173
2.797722,10,27.714895
3.875249,11,28.077134
4.325503,12,28.472981
3.369274,11,28.932127
2.691865,10,29.289234
4.058187,13,29.693686
-1.705996,11,30.061064
3.257985,11,30.42448
2.964144,11,30.790182
4.315557,13,31.20961
3.37854,11,31.574917
2.798618,10,31.901636
4.08478,12,32.285906
3.233446,11,32.65846
2.802192,10,33.020205
-0.929865,12,33.483122
2.789672,10,33.895378
2.718702,10,34.299366
-1.209814,12,34.785867
3.440382,11,35.253895
3.254949,11,35.735054
2.81081,10,36.171664
3.248268,11,36.665502
-0.224138,13,37.359218
-0.886802,12,38.024829
-1.178433,11,38.553038
2.958962,10,39.028064
3.12044,10,39.525475
4.486195,13,40.107993
4.068491,12,40.646411
2.857236,10,41.138014
-0.524266,12,41.648694
3.490959,11,42.115544
4.476999,12,42.62679
2.801272,10,43.935774
2.698981,10,47.919557
3.966698,13,49.406644
3.988881,11,49.895807
-0.547689,12,50.414676
2.533479,10,50.830163
4.280413,12,51.33644
4.544286,13,51.902354
-0.826154,12,52.453422
3.175031,11,52.932392
-0.723766,12,53.4778
3.254564,11,53.993937
4.016922,12,54.528067
3.32178,11,55.02173
4.020774,12,55.533202
2.800791,10,55.97849
3.172652,11,56.549139
3.597607,11,56.922428
-0.138198,13,57.496403
-1.461696,11,58.02048
2.344663,9,58.442492
3.923431,12,58.979758
3.346313,11,59.418138
3.150906,11,59.893455
3.779686,11,60.383783
3.435351,11,60.861736
4.132572,12,61.452234
3.844132,11,61.978229
4.376977,12,62.511259
-2.038786,11,63.042904
3.021568,11,63.581086
-1.584671,11,64.102776
4.485714,12,64.620572
3.992618,12,65.18227
-1.217202,11,65.773958
2.666646,10,66.238798
3.374232,11,66.826525
2.88039,11,67.36796
2.363424,10,67.849104
3.862543,11,68.333684
1.930523,9,68.750423
3.739335,12,69.282802
3.183119,11,69.796006
3.301932,11,70.374241
4.447922,13,70.886287
-1.201887,11,71.366188
2.876499,10,71.895984
0.067683,14,72.482708
3.757353,11,72.985643
-0.521796,13,75.005484
2.986395,11,77.572697
1.988528,9,77.920479
-1.181565,12,78.5575
2.895681,10,78.96491
3.663869,11,79.405459
3.011517,11,79.869211
-1.118894,11,80.38069
3.109122,10,80.837188
3.34731,11,81.411335
2.767928,10,81.832715
-0.783475,12,82.419742
3.670376,11,82.886802
3.269605,10,83.440688
3.857678,12,84.014542
3.693083,12,84.57177
3.370038,11,85.115708
4.129884,12,85.696717
-1.242983,11,86.233524
3.993385,12,86.763747
3.377667,11,87.278456
3.744784,11,87.892474
3.530453,11,88.469293
4.223118,11,88.969563
-1.239888,11,89.490748
-2.140036,10,89.98381
3.474729,11,90.516093
2.93591,10,91.046085
4.015368,11,91.54778
3.608581,11,92.002712
2.665054,10,92.45113
2.745036,10,92.899295
4.182658,12,93.441901
-1.189748,11,93.9283
3.338975,11,94.274786
5.117364,13,94.934037
-2.009955,10,95.381801
-0.643369,13,96.00162
4.316471,13,96.51358
4.648604,12,97.058943
-1.539042,11,97.533569
4.045063,12,98.043519
2.516142,10,98.573014
3.171196,11,99.050352
4.383677,12,99.619576
4.579107,13,100.208244
4.313634,13,112.095707
-0.043239,13,112.693436
3.374038,11,113.157856
-0.587727,12,113.732934
-0.710353,13,114.327109
2.739674,10,114.797541
3.158606,11,115.310698
-0.965174,12,115.856143
3.590022,11,116.355782
-1.080516,12,116.926576
-0.815842,12,117.468537
3.510969,11,117.980863
3.557244,11,118.48081
3.875993,11,118.967758
3.660072,12,119.513727
3.853366,12,120.066855
2.921184,10,120.527191
3.637719,12,121.06866
-0.421753,12,121.605869
3.508959,11,122.090612
3.654174,12,122.586256
3.509061,11,125.722767
4.089695,11,128.981521
2.66387,10,129.448432
4.261511,13,130.010534
4.388383,13,130.578126
4.075739,12,131.116605
4.414808,12,131.644813
3.230837,11,132.101271
3.980232,11,132.59451
-0.825182,12,133.113301
4.560196,12,133.643841
2.887262,10,134.075067
-2.17997,10,134.492038
3.610091,11,134.964993
-0.287249,13,135.527671
3.362332,11,136.003762
0.113048,14,136.610276
-1.286682,11,137.087249
-0.168026,13,137.679082
3.194485,11,138.178921
2.215602,9,138.541394
3.552458,11,138.986886
4.312395,13,139.446447
2.790554,10,139.869177
3.450959,11,140.295942
2.432425,9,143.335559
2.880851,10,146.020338
2.410833,10,146.43582
3.025549,10,146.869164
-0.902965,11,147.332538
3.644745,12,147.852015
3.648925,11,148.314493
3.720956,12,148.81874
4.251366,12,149.341346
-0.633943,12,149.85241
-0.800034,12,150.407952
3.406221,11,150.881592
3.477431,11,151.369303
3.644015,11,151.843214
-0.956642,12,152.336318
3.679632,11,152.797526
4.150289,13,153.387471
2.547721,10,153.812747
3.297662,11,154.248353
3.946422,12,154.693624
3.129851,11,157.020675
3.162393,11,161.251337
2.688262,10,161.653967
4.433179,12,162.165827
2.809157,11,162.641067
3.768013,12,163.155377
2.812993,10,163.572042
0.125181,14,164.175091
3.249638,10,164.59517
4.171849,12,165.10357
3.780095,11,165.559371
3.577149,12,166.051953
4.304612,12,166.554445
0.460081,14,167.142331
3.746013,12,167.66584
3.420383,11,168.137965
4.014249,12,168.682516
2.611344,10,169.127677
4.338852,12,169.631106
4.043199,12,170.110745
4.082533,12,170.607358
2.826566,10,171.053576
3.362644,11,175.194445
4.298824,12,178.310593
3.427255,11,178.755147
4.191228,12,179.245172
3.441912,11,179.611258
3.563315,11,179.988909
4.288472,11,180.3608
2.644819,10,180.704342
-0.036892,14,181.161665
4.415818,13,181.598476
2.610667,10,181.937207
4.064899,11,182.303586
-1.93822,11,182.671572
3.948889,12,183.067784
4.657623,13,183.4965
3.014411,10,183.824203
3.860339,12,184.217596
-0.632631,12,184.611455
3.683007,12,185.005279
2.985065,11,185.341823
-1.204894,11,185.693404
2.67068,10,186.00103
3.254139,11,186.349098
2.863017,10,186.669757
3.350637,11,187.019922
-1.184475,11,187.382501
3.828423,12,187.758559
3.30845,11,188.121485
3.803373,11,188.476719
2.883142,10,188.800573
3.905035,12,189.191898
3.385207,11,189.556872
4.375615,12,189.950642
5.007289,13,190.372613
4.151474,12,190.763875
3.300643,11,191.114198
-0.767447,12,191.521555
3.482409,11,191.871846
3.864548,11,192.208829
-0.60107,12,192.60041
-0.168659,14,193.0633
3.662112,12,193.458292
3.238486,11,193.824039
2.555625,10,194.14563
-1.752947,11,194.497358
4.100685,11,194.848337
3.728748,12,195.24172
3.486264,11,195.579978
3.337474,11,195.929256
-1.216289,11,196.294818
3.576953,11,196.630852
3.654465,11,196.996424
3.566186,11,197.362154
-0.695286,13,197.781909
-1.234422,12,198.179959
3.898791,12,198.573343
3.010611,11,198.937745
4.632107,13,199.35808
3.903691,12,199.752316
3.508549,11,200.118257
4.462467,12,200.510971
2.371599,10,200.833093
-0.56831,12,201.225589
4.37734,12,201.618614
3.033212,10,201.954836
-0.264961,13,202.376798
3.754702,12,202.76963
3.654705,11,203.13275
3.23256,11,203.489134
2.098056,9,203.782366
2.804537,10,204.129251
5.510868,14,204.641607
3.496876,11,205.004401
3.773023,11,205.367147
3.48265,11,205.731953
3.066846,11,206.112054
3.761603,12,206.494198
4.521016,12,206.885481
3.64861,12,207.278757
2.812016,10,207.588034
2.632246,10,207.89681
2.997527,10,208.225062
-0.942717,12,208.618231
3.296276,11,208.984249
-0.875885,12,209.37752
3.073176,11,209.715018
3.82442,12,210.107974
3.824183,12,210.503668
3.203214,11,210.86806
3.010733,10,211.204039
3.984966,12,211.597687
-1.326529,11,211.96405
2.518248,10,221.000347
-0.739118,12,221.3948
2.875958,10,221.718087
-0.654881,12,222.096359
4.62373,13,222.521309
-0.743793,12,222.905119
-0.953469,12,223.303634
3.742181,11,223.656883
3.897721,12,224.03852
4.085185,12,224.421478
-1.399786,11,224.773074
5.192889,14,225.223775
-0.007445,13,225.64902
3.702666,11,226.002265
3.879713,12,226.396227
2.684446,10,226.72016
3.533936,11,227.08725
3.117174,11,227.439233
4.885818,13,227.849092
3.635472,12,228.220624
3.707625,12,228.600083
2.418665,10,228.923948
3.117476,10,229.24703
-1.260319,11,229.601155
3.961598,12,229.979544
-0.190981,13,230.386591
3.10165,11,230.723575
3.775698,13,231.130762
3.317908,11,231.495226
2.627257,10,231.802038
3.907907,12,232.20932
3.187473,11,232.560295
-0.530594,13,232.965096
-0.492067,13,233.390152
-2.128258,10,233.728481
3.603699,12,234.120546
3.984741,12,234.513132
3.096379,10,234.822897
4.133262,13,235.245563
2.80169,10,235.585838
3.710478,11,235.952324
3.304111,11,236.317243
-2.399083,10,236.654469
2.823003,10,236.966496
3.625866,11,237.332497
3.255239,10,237.655979
3.900019,12,238.047367
2.990753,11,238.404151
3.347462,11,238.756345
3.879634,12,239.150545
4.852849,13,239.574875
2.745767,10,239.900337
2.637871,10,240.225415
3.444188,11,240.562138
3.147522,11,240.900493
4.136207,12,241.28
-1.136783,11,241.619618
-0.800369,12,242.00084
3.671069,11,242.352213
4.455694,13,242.772141
3.301274,11,243.13792
3.835307,12,243.534993
4.096913,12,243.913448
-0.586099,12,244.293019
3.455901,11,244.659731
3.393922,11,245.026006
3.272971,11,245.391614
4.647258,13,245.814273
3.404539,11,246.179333
3.45822,12,246.574306
0.188599,14,247.038676
3.869765,12,247.427881
-1.123102,11,247.776827
-0.538163,13,248.185712
-0.685256,12,248.553984
-0.598308,12,248.93125
3.428873,11,249.281476
3.854406,12,249.674859
3.693245,11,250.024772
-1.378834,11,250.375691
4.831747,14,250.8232
3.493883,11,251.173413
3.638225,11,251.538603
3.94402,11,251.87569
3.758998,12,252.254712
-0.895612,13,252.676119
2.468466,10,253.01296
3.649669,11,253.36839
4.08729,12,253.762994
3.936089,12,254.158246
-1.344367,12,254.55517
3.421245,11,254.908125
4.029238,12,255.301934
3.936396,12,255.694155
4.093773,12,256.088294
3.544737,11,256.441453
-0.895413,12,256.835643
4.422019,13,257.245391
3.680443,12,257.624802
3.863826,12,258.018824
3.695084,11,258.359144
2.815385,10,258.668604
3.401525,11,259.032403
3.526932,11,259.399862
2.596217,11,259.752406
2.739484,10,260.090577
4.097504,12,260.484132
3.967371,12,260.877867
2.764064,10,261.216022
3.994774,12,261.610824
3.185093,11,261.963114
4.51956,13,262.389176
3.313801,11,262.74299
2.366051,9,263.052398
4.698396,13,263.464313
3.561855,11,263.802639
3.852005,12,264.183938
2.823302,10,264.506018
2.665475,10,264.842744
3.365057,11,265.207135
-1.89827,11,265.569529
4.291947,13,265.992483
3.411507,11,266.357368
4.0886,12,266.749355
4.484378,13,267.170554
3.967315,12,267.56426
3.473833,11,267.914787
3.494592,11,268.271554
3.257164,11,268.621362
4.423925,13,269.042984
3.73471,12,269.436447
3.467222,11,269.802846
4.365469,12,270.182508
3.4541,11,270.535574
3.792188,11,270.887901
3.692067,11,271.25071
4.038105,12,271.656274
-2.275637,10,271.979218
2.502141,9,272.289346
4.089601,12,272.682017
3.233548,11,273.047034
4.137224,12,273.428892
2.565694,10,273.752563
3.988048,12,274.148586
4.259285,13,274.58412
4.598013,13,275.006739
2.320102,10,275.331768
4.314938,12,275.726296
3.423671,11,276.093112
3.578332,11,276.444176
3.802011,12,276.824376
-0.5279,12,277.221437
4.025045,13,277.657623
4.257115,12,278.052492
3.349087,11,278.409037
3.09579,11,278.745824
2.7003,10,279.056175
3.807212,12,279.450537
4.082213,13,279.887764
2.876248,10,280.21128
-1.891636,11,280.577808
4.136763,12,280.971921
4.284202,12,281.367455
-0.267417,13,281.787805
4.672376,13,282.209689
-1.230924,13,282.630108
4.196254,12,283.008232
3.020965,11,283.374569
3.53608,12,283.768244
-1.057324,12,284.160327
4.37109,13,284.580007
3.003481,11,284.930277
3.856652,12,285.324836
2.598718,10,285.635032
4.101952,12,286.011328
3.659518,11,286.347559
-0.690975,12,286.713077
2.759711,10,287.036578
-1.574936,11,296.071151
3.731083,12,296.449845
3.902736,12,296.843332
3.663301,11,297.192901
-1.175696,12,297.586206
3.869225,11,297.936662
3.1432,11,298.293413
3.974709,12,298.671074
-0.99491,12,299.053569
-1.667022,11,299.403026
4.235552,12,299.797906
3.917077,12,300.178089
-0.254859,13,300.616035
3.344378,11,300.968946
2.443272,10,301.307401
3.57273,11,301.672967
3.793295,12,302.068373
3.902472,12,302.463414
4.092192,12,302.854378
4.479236,14,303.310079
3.42127,11,303.663134
3.244581,11,304.014607
3.77752,11,304.381551
-1.605024,11,304.749311
4.506626,13,305.171727
3.700841,11,305.539294
4.790976,13,305.962835
3.914544,12,306.354558
4.17281,12,306.747365
3.422776,11,307.114851
3.553999,12,307.507789
3.367949,11,307.862481
2.796383,10,308.185282
4.254917,12,308.583038
3.917443,12,308.97362
0.019706,14,309.405063
2.535762,10,309.726104
4.6959,14,310.174864
0.263365,14,310.621253
-1.292224,12,311.000004
3.540392,12,311.377236
4.763824,13,311.79817
-0.720702,13,312.217597
4.35251,12,312.610316
3.035501,11,312.972475
4.029897,12,313.356234
-0.800406,13,313.775629
3.238231,11,314.112134
4.049176,13,314.530437
3.584349,12,314.925041
2.460845,10,315.233962
-0.271123,13,315.644079
3.315915,11,315.994685
3.339565,11,316.330716
3.82449,12,316.698103
3.495635,11,317.033619
2.635765,10,317.371692
3.485975,12,317.751172
3.85033,12,318.146429
5.24141,13,318.555959
2.691022,10,318.894263
4.287856,13,319.314519
-0.452305,13,319.737422
4.009219,11,320.088089
4.244826,13,320.496603
-1.037654,13,320.916253
-1.165825,12,321.296739
4.013461,12,321.674797
3.677637,12,322.082475
3.752425,12,322.46314
4.062531,12,322.844361
3.259219,12,323.238402
4.187954,13,323.663884
2.922481,10,324.000824
2.21397,9,324.296122
3.586895,11,324.649892
-0.64635,13,325.059027
4.01532,12,325.452235
4.6348,13,325.876097
-0.111007,14,326.311199
3.574598,12,326.702515
4.709313,13,327.120339
3.825759,12,327.496677
4.411351,13,327.930876
3.084544,11,328.296517
3.888137,12,328.672282
3.094446,11,329.021039
3.000786,11,329.370918
4.115601,12,329.763194
3.533811,11,330.12735
3.464533,12,330.51963
3.019815,11,330.871563
3.268037,11,331.234918
3.818903,11,331.600017
3.532832,11,331.948471
2.778045,11,332.284213
3.452916,11,332.635493
0.229766,14,333.082641
2.51343,10,333.424921
3.143754,11,333.789507
-1.126432,11,334.141789
3.205122,11,334.491706
3.994088,13,334.913279
3.660412,12,335.307468
-1.307919,12,335.701793
3.789295,12,336.094539
4.668346,13,336.501562
2.668549,10,336.824792
-0.889061,12,337.219585
4.287194,13,337.639956
3.010489,10,337.963491
3.144452,11,338.332941
3.356242,12,338.72674
3.36646,12,339.123158
2.971,11,339.48867
2.736089,10,339.810636
-0.411449,13,340.217474
-1.064955,12,340.610882
4.416457,13,341.045954
3.245252,11,341.396689
4.189973,12,341.761982
2.85286,11,342.129361
3.403174,11,342.493464
3.702362,12,342.884121
3.621895,11,343.249358
3.841244,12,343.648134
-0.781208,12,344.041842
-0.947563,13,344.463526
2.358101,10,344.784141
3.976422,12,345.175568
-1.195914,12,345.568236
-0.322462,13,346.000095
-0.478717,13,346.406372
-1.711303,11,346.756681
3.133784,11,347.1069
-0.913764,13,347.512619
2.951714,10,347.819631
3.456296,12,348.196862
3.366931,11,348.567427
4.939889,14,349.015714
2.83151,11,349.365247
4.495652,13,349.772841
2.934939,11,350.137673
3.072347,10,350.459397
-0.993311,12,350.836224
3.962077,12,351.214508
3.158764,11,351.566665
-0.509131,12,351.961952
-1.255551,11,352.327223
4.554279,13,352.748307
3.330056,11,353.098496
3.263325,11,353.44318
3.371299,12,353.808556
-0.382465,13,354.242701
2.752651,10,354.568863
4.380896,12,354.968786
3.775614,12,355.367157
-0.154092,13,355.798181
3.309222,11,356.164397
3.895038,12,356.546558
-0.221319,14,357.001646
2.838559,10,357.328347
-1.072866,12,357.725821
3.37857,11,358.094129
-1.665701,11,358.468596
3.90501,13,358.882265
-0.958559,12,359.277551
3.558491,11,359.633906
3.653303,11,359.991042
3.551352,11,360.358609
4.33071,12,360.740058
4.913529,14,361.190613
-0.145861,14,361.642623
3.162811,11,362.00699
-1.539292,11,371.174465
3.006067,11,371.538792
3.041837,11,371.87801
2.798096,10,372.201095
3.767001,12,372.593564
4.444642,13,373.015754
4.344569,12,373.400013
2.988207,10,373.724492
4.169189,13,374.133898
4.1858,13,374.559277
4.178756,13,374.985501
3.301756,11,375.339169
-0.215245,13,375.778012
2.48833,10,376.08872
4.480683,13,376.498549
2.96703,11,376.853889
3.984641,13,377.278507
3.405768,12,377.659285
4.264036,13,378.083782
3.482476,11,378.442292
4.146281,12,378.825209
4.031683,12,379.22248
4.591231,14,379.676224
2.19826,10,380.002758
3.446617,12,380.383822
4.559903,13,380.806682
-1.053443,12,381.172726
3.089806,11,381.525777
2.760279,10,381.863974
3.410263,11,382.232344
3.945269,12,382.614149
4.135573,14,383.054651
3.965785,12,383.454009
3.494682,12,383.848428
4.319436,13,384.272606
2.898094,10,384.613316
3.082089,10,384.939855
3.540621,11,385.307319
3.150132,11,385.675284
3.523498,12,386.071747
-1.30362,12,386.466871
3.429634,11,386.818364
4.033922,12,387.214846
4.052993,13,387.636828
-0.210263,14,388.101012
-0.735366,13,388.529696
-0.711575,12,388.910644
3.280334,11,389.260842
2.707258,11,389.597524
3.087196,10,389.890454
4.199591,13,390.297183
3.135288,11,390.622887
3.572447,12,391.001407
3.702235,12,391.379905
0.004879,14,391.827789
4.292664,14,392.276237
3.022115,10,392.584983
-1.260521,12,392.979484
3.218985,11,393.348663
3.047486,11,393.699221
4.056204,12,394.079859
3.228394,11,394.430671
3.440318,11,394.769319
4.229346,13,395.177407
3.544279,12,395.571123
3.527378,12,395.949932
3.465883,11,396.303683
4.038512,13,396.739602
4.195874,13,397.133291
3.928353,12,397.526719
3.708034,12,397.920313
-1.39971,12,398.315584
3.19786,12,398.70256
-0.946842,12,399.083884
4.376829,12,399.463751
-1.389883,11,399.801564
-0.325683,14,400.256667
2.633828,10,400.593618
-0.416773,13,401.016505
3.551751,11,401.384138
3.747069,12,401.779348
-0.567663,13,402.214585
-0.377656,13,402.638845
3.019295,11,403.005255
3.177281,11,403.3778
-1.482061,12,403.760313
-0.580235,13,404.185807
3.184601,11,404.5397
2.678631,10,404.865593
4.136427,12,405.261462
3.235504,11,405.628161
3.462425,12,406.011019
-1.333692,12,406.420359
3.262341,11,406.772813
3.119648,11,407.126333
-0.385309,13,407.548173
4.435659,12,407.928035
-0.696837,13,408.352597
3.516897,11,408.707177
3.663993,12,409.101815
2.725905,11,409.453162
3.477571,11,409.80535
3.617896,12,410.200001
2.644165,10,410.522448
2.992211,11,410.874423
3.45269,12,411.269636
2.721982,11,411.636297
3.924562,12,412.031698
3.188735,11,412.385694
2.934803,11,412.752312
1.76566,9,413.032374
4.220121,13,413.460212
2.727936,10,413.785812
2.859768,11,414.1526
4.265185,13,414.57605
3.528991,12,414.969184
3.743184,12,415.365374
2.916653,11,415.717412
3.636463,11,416.069081
-0.557999,13,416.492617
0.14825,14,416.943662
4.522354,13,417.366237
3.49746,12,417.774703
3.885817,12,418.156981
-1.344798,12,418.554645
4.118707,13,418.977578
4.794976,14,419.442007
3.378529,11,419.810156
3.484046,11,420.161956
3.596502,11,420.516521
3.990608,11,420.867617
3.152617,11,421.237223
3.572689,12,421.632736
2.255103,10,421.944892
3.589254,13,422.380195
2.956614,11,422.733433
2.759321,11,423.100271
3.539043,12,423.485522
-1.093248,13,423.907656
-0.668677,13,424.344502
2.153214,9,424.655631
4.851547,12,425.031969
3.020184,11,425.369555
-1.3479,12,425.762315
2.419122,10,426.083797
-0.796573,13,426.506186
3.643709,12,426.884628
3.244824,11,427.236022
-1.161301,11,427.575502
3.972093,12,427.954121
3.909119,12,428.333111
4.533804,13,428.756741
3.213097,11,429.107286
-0.474615,14,429.572806
2.946364,11,429.922673
4.516752,13,430.348629
3.274539,11,430.713981
3.826733,12,431.09342
2.025901,9,431.389222
3.091733,11,431.75689
2.615858,10,432.09407
3.347193,11,432.445101
3.651414,11,432.808664
3.158967,11,433.161402
4.137334,13,433.59177
-1.652984,11,433.946333
2.798573,10,434.271205
3.197185,11,434.638951
3.409364,11,434.993363
3.142978,11,435.36098
3.58674,12,435.755004
3.20506,11,436.119699
3.096651,11,436.485372
4.598189,14,436.936412
-0.988985,12,437.318802
3.214707,12,446.567008
-0.969279,13,447.004395
3.21001,11,447.356682
3.275884,12,447.752632
3.530912,13,448.178036
4.046479,13,448.592626
4.085199,12,448.973023
4.00446,12,449.342015
4.309679,13,449.768495
-0.888512,13,450.193467
-1.211049,12,450.573535
4.120497,12,450.954603
4.39038,14,451.405776
3.713005,12,451.800569
2.745145,11,452.166118
3.096357,11,452.532075
2.368239,10,452.870407
4.350582,12,453.251409
4.372676,13,453.662378
3.2588,11,454.029035
4.906868,14,454.478326
3.41756,11,454.831549
3.132192,11,455.196311
4.194694,13,455.60469
3.414299,11,455.969707
4.097693,12,456.349912
3.63462,12,456.745039
-1.411742,11,457.097073
4.873012,14,457.546945
4.36759,14,458.011988
2.433491,10,458.323659
3.670354,12,458.722952
4.017971,12,459.117618
4.276799,14,459.582323
3.05867,11,459.935853
4.379996,14,460.372959
3.946428,12,460.753832
2.955661,11,461.122659
3.410701,12,461.519376
-1.386448,12,461.90167
2.447784,10,462.23996
3.740044,12,462.635107
4.202701,12,463.016863
2.573561,10,463.34132
3.790579,12,463.744171
4.42943,12,464.127012
4.879387,15,464.624791
4.488045,13,465.047461
-1.292313,12,465.430194
-1.202599,12,465.810893
3.786346,12,466.193068
2.956351,11,466.557977
2.960433,11,466.912096
4.341176,13,467.322866
2.899754,11,467.677089
2.514464,10,468.01766
-1.88124,12,468.420216
-0.977587,13,468.842705
4.979892,13,469.252411
-0.82633,13,469.67681
4.00409,12,470.070644
4.298858,13,470.490104
2.987117,11,470.841341
-0.846833,13,471.248964
3.157375,11,471.602077
-0.411699,14,472.049963
3.9199,12,472.427548
-1.444664,12,472.807439
3.170212,11,473.158083
2.686969,10,473.485144
-0.950448,13,473.907631
3.892331,12,474.274136
4.116086,13,474.695929
3.925211,12,475.07484
3.618098,12,475.452793
-2.242738,10,475.777726
3.680053,12,476.17171
-1.295612,12,476.566422
4.446662,13,476.973939
-0.973637,13,477.396868
3.25021,11,477.762181
3.752658,12,478.155686
-1.005824,13,478.58211
3.811901,12,478.978264
3.557502,11,479.345998
3.174802,11,479.715124
-0.694898,12,480.112465
3.817669,12,480.506894
4.055647,12,480.900774
3.801944,12,481.295992
4.052676,12,481.690253
2.808457,10,482.014676
-0.249303,14,482.466339
3.236216,11,482.834729
3.446772,12,483.230126
3.597756,11,483.600627
3.98064,13,484.009974
2.974479,10,484.320763
3.030324,11,484.674143
3.395851,12,485.068972
3.164372,11,485.436428
-1.001066,12,485.832196
3.744198,12,486.215424
-0.727259,12,486.610479
2.689311,11,486.962219
3.326406,12,487.343045
3.883711,12,487.741682
2.787228,11,488.107354
3.614197,11,488.466447
3.872827,13,488.902812
2.608148,10,489.22649
4.767267,13,489.646047
3.696907,12,490.039996
3.612488,11,490.390474
-1.218166,12,490.784429
2.974306,11,491.119776
-0.946398,12,491.49766
4.354987,13,491.918654
3.889261,13,492.337709
-1.109859,12,492.716881
3.168266,11,493.081781
4.016929,13,493.508383
-0.284986,13,493.932246
3.614872,13,494.368552
-0.785774,13,494.79363
-0.870875,13,495.203758
3.410717,12,495.598343
3.336202,11,495.935082
-0.487784,13,496.358887
2.619103,10,496.668942
3.371961,11,497.035244
4.273669,12,497.4298
3.811831,12,497.811023
-1.215297,12,498.20748
3.131919,11,498.581425
-1.193494,12,498.977419
3.787903,13,499.406513
0.164336,15,499.88955
-1.794793,11,500.230558
3.393607,11,500.585198
4.503093,13,501.012722
2.954878,11,501.381624
0.260749,14,501.82233
-1.197344,12,502.22025
4.075268,12,502.616547
3.583868,12,503.014085
4.08523,13,503.442202
-0.994794,13,503.86538
3.375596,11,504.233155
3.758524,12,504.627218
2.66235,10,504.96374
4.083822,12,505.344892
3.581439,12,505.742076
3.46687,12,506.12419
-1.230242,12,506.505321
-2.140156,11,506.84517
-0.647787,13,507.281597
-0.132821,14,507.730587
3.087852,11,508.192708
2.390912,10,508.613022
3.84906,12,509.085168
3.630406,11,509.521067
3.574064,12,509.899483
4.241762,12,510.290724
2.634008,10,510.613063
-1.140356,13,511.033805
3.465896,12,511.428235
4.350087,13,511.849607
-0.63647,13,512.271266
2.595136,10,512.606442
2.577604,10,512.928326
3.813846,13,522.19421
2.689442,11,522.530951
3.696153,13,522.951416
3.602583,12,523.315787
3.060633,11,523.659046
-0.386081,13,524.079714
-0.369175,13,524.50492
5.015535,15,524.982591
4.358595,13,525.405719
-0.045756,14,525.841221
3.698562,12,526.224599
-0.431602,14,526.674475
2.756621,10,526.99942
3.493528,11,527.365924
3.878809,12,527.763245
2.865073,11,528.114832
-0.48486,13,528.54584
4.075534,14,529.008422
4.35503,13,529.433141
-1.494814,12,529.843569
2.977848,11,530.209637
-0.917476,13,530.619606
3.696187,11,530.971751
3.932555,12,531.35252
3.800294,12,531.731542
3.725056,12,532.114301
4.311895,14,532.564399
3.119151,11,532.931846
3.739813,11,533.283867
-1.438081,12,533.682015
-0.941702,12,534.076675
2.853109,10,534.401349
4.050721,13,534.82629
0.294167,16,535.336114
2.755947,11,535.671356
-0.092559,14,536.126863
3.670298,13,536.549319
3.315773,12,536.932085
3.730169,12,537.314076
4.704367,14,537.764925
2.969114,11,538.130587
3.948352,12,538.501738
4.042411,13,538.923407
3.154918,11,539.274826
3.178128,12,539.661054
4.17713,12,540.026273
-0.532286,13,540.447993
4.304224,13,540.882148
-0.27894,14,541.332956
4.057165,12,541.72492
3.623706,11,542.074996
-0.565999,13,542.482316
-0.67441,12,542.846874
3.649238,12,543.211217
3.658902,12,543.607999
4.04428,13,544.00211
-0.711373,12,544.383054
0.382593,15,544.872677
2.840287,11,545.238885
3.975715,12,545.633062
3.545013,12,546.026467
3.930002,12,546.408624
3.53676,12,546.789144
3.620976,13,547.197167
3.073258,11,547.55034
2.939233,11,547.888102
4.417893,14,548.339827
4.004498,13,548.768805
4.20578,13,549.180174
2.842556,11,549.531271
4.399213,13,549.952502
2.365457,10,550.289378
2.902227,11,550.656695
3.374322,12,551.037909
3.170405,11,551.402652
3.191251,11,551.768959
4.142556,14,552.207159
3.567112,12,552.587706
4.503105,14,553.03915
-0.729876,13,553.464502
4.606604,15,553.944955
4.361693,13,554.369168
-1.209956,13,554.792373
4.147056,13,555.202942
4.305837,13,555.611885
3.343602,11,555.962638
3.053561,11,556.300777
2.964922,11,556.655345
3.568996,12,557.022978
3.107033,11,557.374226
2.506262,10,557.710488
4.310367,13,558.132918
-0.66514,13,558.563774
2.081154,10,558.88525
3.505788,12,559.276859
3.958667,13,559.683432
-0.88236,13,560.104553
-1.480338,11,560.440403
4.046443,12,560.846601
3.764994,13,561.264841
-0.869266,13,561.68824
3.405065,11,562.052675
-0.063315,14,562.505213
3.303858,12,562.896751
-1.341644,12,563.29114
3.288121,12,563.674923
3.965291,12,564.068935
3.988473,13,564.489953
4.318604,13,564.914273
-0.500214,13,565.323404
3.877495,13,565.73312
3.489005,12,566.099292
2.758718,11,566.452707
3.669526,12,566.833225
2.906083,11,567.198019
3.629232,12,567.578404
-0.698737,13,567.999294
3.813931,12,568.394829
4.286808,12,568.795751
-1.811538,11,569.150404
-0.845227,13,569.572429
4.008706,12,569.968656
-0.310258,14,570.404574
3.099348,11,570.769907
3.035752,11,571.13512
2.947771,11,571.488224
4.069324,12,571.882167
4.312538,14,572.336107
4.500071,14,572.786156
-1.256227,11,573.139407
-1.256057,12,573.525959
3.624781,12,573.921241
3.571915,12,574.313985
3.403303,12,574.708692
-0.269053,15,575.190022
3.98387,12,575.570766
3.567012,13,575.993419
3.181461,11,576.360698
2.755572,10,576.699744
3.152843,11,577.051454
3.776551,12,577.433234
3.371505,12,577.814196
3.096955,11,578.179268
3.454568,12,578.579452
2.944519,11,578.931106
3.685609,12,579.310803
5.152952,14,579.76134
3.722621,12,580.154929
2.958185,11,580.504048
3.931062,12,580.896564
4.08326,14,581.360768
-1.238529,12,581.755898
3.70075,12,582.147559
-1.003112,12,582.542378
3.598406,12,582.937606
-0.848136,12,583.330496
2.863028,11,583.687818
3.757679,13,584.097225
3.890981,12,584.491271
2.492559,10,584.814431
4.116543,13,585.233686
2.873594,11,585.585382
-1.263088,12,585.980482
3.447601,12,586.376024
3.903973,12,586.769089
5.44506,16,587.276875
4.608943,13,587.686003
3.071862,11,597.007513
3.84703,12,597.414717
-1.196356,12,597.806261
2.569042,10,598.116447
-0.84816,12,598.501005
-1.193313,12,598.903154
3.550508,12,599.283802
3.429578,11,599.651112
3.961819,14,600.101665
4.013556,13,600.510528
3.15356,11,600.861735
-0.338344,14,601.311717
3.911387,13,601.721116
-0.547767,13,602.144311
4.377663,14,602.595653
3.584998,12,602.991719
3.751372,12,603.3875
3.762269,12,603.77289
3.355437,12,604.154211
-0.178526,13,604.563652
5.305998,15,605.044285
4.535205,13,605.466917
3.348314,11,605.832538
4.832733,14,606.282962
3.357303,12,606.685229
3.196677,11,607.051128
3.59957,13,607.457721
4.024937,13,607.866319
4.658065,13,608.274415
3.775805,12,608.659245
-1.630182,11,609.024813
3.732089,12,609.415604
3.214724,11,609.768823
2.701106,10,610.077995
2.158867,10,610.388433
3.881928,12,610.781912
2.599632,10,611.09118
3.015842,11,611.429354
4.017396,13,611.851465
2.991831,11,612.202193
3.875721,13,612.623422
2.937926,11,612.991587
3.555395,13,613.415093
3.497376,11,613.7874
4.6936,13,614.207381
3.930534,12,614.603832
2.297792,10,614.940184
-0.468306,13,615.36441
-0.598014,13,615.786195
3.017835,11,616.154484
3.273171,11,616.504953
3.471697,11,616.857494
3.518601,11,617.224548
2.708099,10,617.546714
3.87418,12,617.928723
3.163437,12,618.308211
-1.499915,12,618.709836
3.92366,13,619.131813
3.120045,11,619.487381
4.314764,13,619.894918
-1.349636,12,620.290484
4.85,14,620.739018
4.789033,14,621.193809
2.912883,11,621.558056
-0.323149,13,621.978959
3.598508,13,622.402146
4.3558,13,622.826522
4.690982,13,623.235224
2.558702,10,623.580428
4.374028,13,624.001868
4.489243,12,624.383977
-0.473171,13,624.806346
3.770402,12,625.172382
3.90489,12,625.565464
-1.117562,12,625.948035
3.545815,12,626.314091
4.041055,13,626.720886
5.163079,14,627.185317
3.65101,12,627.580096
3.807259,12,627.958925
-0.543721,13,628.380248
2.898651,11,628.739975
4.851613,15,629.234248
3.691532,12,629.61386
3.410447,12,629.99332
3.35139,12,630.361942
-1.301614,12,630.742301
3.29739,11,631.06697
3.449239,11,631.403286
3.455241,12,631.78499
2.162164,10,632.109958
3.961585,12,632.488515
2.709467,11,632.854573
-1.167256,13,633.261843
-1.308349,12,633.650061
-0.178295,13,634.072339
3.337135,11,634.426144
3.647774,12,634.818292
3.866946,12,635.199353
3.697012,12,635.595992
3.884049,12,635.99157
4.801697,13,636.41375
0.058992,14,636.852324
-1.407266,12,637.247486
3.220696,11,637.600514
-0.597029,13,638.024097
3.66843,12,638.405657
4.087541,13,638.821776
4.250048,14,639.2885
3.143349,11,639.641353
0.052739,14,640.079646
3.558404,12,640.47591
3.020353,11,640.842669
4.256994,13,641.267361
3.82228,13,641.690732
-0.546153,12,642.071738
3.532543,12,642.452982
2.605253,10,642.777129
3.99393,13,643.199735
4.302965,14,643.657348
-1.459083,12,644.036845
3.329763,11,644.391987
2.76198,11,644.745768
4.436182,13,645.182879
0.132165,14,645.637841
3.799724,12,646.017933
3.659448,12,646.401
-1.952594,11,646.755964
3.924565,12,647.151238
2.976972,11,647.517761
-1.172546,12,647.916803
3.627183,12,648.314854
4.308799,13,648.731855
2.820414,11,649.098994
3.491302,11,649.453876
3.586978,12,649.823236
3.811402,11,650.164592
3.978988,12,650.547456
4.862289,15,651.058781
3.873807,12,651.455348
4.31336,14,651.910457
3.517596,11,652.265198
2.557245,10,652.577178
2.623508,11,652.917851
3.884531,13,653.330047
-0.738989,13,653.761469
-1.024446,12,654.146208
-1.105922,12,654.545943
3.616126,13,654.974147
3.275785,11,655.330993
4.025008,13,655.757996
4.562138,13,656.18557
4.197171,12,656.557065
3.691247,12,656.939896
-0.569058,13,657.364304
4.319609,14,657.818028
4.682711,14,658.25776
3.377592,12,658.658911
-0.682546,13,659.085898
3.85447,12,659.469207
2.925944,11,659.840117
4.091999,13,660.251768
4.366608,13,660.676436
3.297853,11,661.043498
-0.648206,13,661.46936
3.350574,12,661.866696
3.086718,11,662.232467
3.314056,12,662.6175
4.405131,13,663.04183
3.592402,12,672.300186
-0.930645,13,672.722373
3.637196,12,673.11793
-0.215442,13,673.55496
2.720682,11,673.896937
2.94384,11,674.222315
4.316417,14,674.674364
-0.721373,13,675.111735
3.469319,11,675.4496
3.287147,12,675.832688
2.790973,10,676.159346
3.887998,13,676.58331
-1.11934,12,676.981113
5.001949,14,677.419369
4.553652,14,677.859636
4.099468,13,678.284461
-0.070369,14,678.744715
4.459684,14,679.198255
2.728658,11,679.554194
-0.272829,14,680.008026
2.956842,11,680.376075
-0.888111,13,680.788553
4.295499,13,681.216103
-0.23567,14,681.670459
4.332875,14,682.126177
4.386798,14,682.578795
5.240571,15,683.062023
4.136051,13,683.488497
2.92917,11,683.847686
3.84546,12,684.245698
-0.754452,13,684.672314
3.747536,12,685.055032
3.921816,13,685.482418
2.392388,10,685.811614
3.843987,13,686.237585
4.726611,14,686.692613
4.634475,15,687.175732
2.869479,11,687.531818
3.872307,13,687.955571
3.103058,11,688.311182
-0.720621,13,688.728319
2.507053,10,689.067377
3.545431,12,689.464325
3.709355,13,689.890667
3.909296,12,690.286133
-1.074336,12,690.669553
3.316886,12,691.066489
4.269509,13,691.490071
3.357712,12,691.886919
3.58994,12,692.284219
3.513395,12,692.681269
2.791196,11,693.048351
4.713388,14,693.503037
3.282068,11,693.860191
4.24573,13,694.285729
-0.100407,14,694.73962
3.959828,13,695.165356
4.325627,13,695.591017
4.362822,13,696.016186
2.959326,11,696.386635
3.688164,12,696.770808
-0.323109,14,697.225853
4.160751,14,697.678664
-0.484662,13,698.103992
4.430712,14,698.559194
3.353915,11,698.93122
-0.83787,13,699.34449
4.018783,13,699.771457
3.605974,12,700.169915
4.396094,12,700.56867
4.16496,13,700.993621
4.2707,13,701.421944
-1.572608,12,701.821116
-1.020471,12,702.220222
3.62851,11,702.589564
2.9736,11,702.944288
2.616821,11,703.299486
0.611455,16,703.81418
4.281505,13,704.22641
4.133851,12,704.610458
-0.169085,14,705.080905
0.230096,14,705.535625
3.53992,13,705.961507
3.628345,12,706.345791
3.735925,12,706.730919
4.469469,13,707.157792
3.750786,12,707.554445
2.989411,11,707.909217
4.504718,14,708.361695
3.495509,11,708.708977
-0.029625,14,709.150301
4.497856,13,709.575731
3.077123,11,709.928259
3.907671,13,710.337861
3.527077,12,710.734435
3.758124,12,711.11713
2.829068,11,711.486066
4.914787,14,711.938266
3.55218,12,712.335819
3.066507,11,712.703216
4.244615,13,713.126037
2.62019,10,713.452444
3.651261,12,713.840154
2.465055,10,714.151334
3.562536,11,714.507491
-1.586195,12,714.888706
3.783376,12,715.273032
4.31496,14,715.726024
2.581055,10,716.052317
4.756023,15,716.535764
3.459757,13,716.962272
4.708091,14,717.416769
4.670087,15,717.899746
4.336694,14,718.355743
-0.442283,13,718.78637
3.97275,14,719.241834
3.44442,12,719.640809
3.322844,12,720.039407
4.211776,13,720.466225
4.010576,12,720.864323
3.503479,12,721.262485
1.997825,9,721.561336
0.22514,15,722.058631
3.417937,12,722.442933
3.899594,12,722.827734
3.219321,11,723.196581
2.734304,11,723.564845
3.60287,12,723.952549
4.650747,15,724.421931
3.406177,11,724.780129
3.584916,12,725.17765
2.505638,10,725.517861
3.116645,11,725.874405
3.023699,11,726.215979
3.791366,13,726.625254
4.012045,13,727.03703
3.841424,13,727.448922
3.039468,11,727.791005
3.38703,12,728.1724
3.634629,12,728.567685
-0.809339,12,728.955541
2.93831,11,729.310871
3.45521,12,729.706191
3.951254,12,730.074826
3.27461,11,730.413918
4.23863,13,730.810642
4.035647,12,731.191518
3.950726,12,731.574298
-1.160035,12,731.942486
2.858577,10,732.268952
-1.390438,13,732.694193
3.971801,14,733.163093
4.577916,14,733.616255
-0.40523,13,734.031639
2.729729,10,734.372546
3.492633,11,734.741664
3.391676,12,735.139568
3.28773,12,735.536635
2.649617,11,735.892662
-0.411371,14,736.347949
4.119615,13,736.775215
4.379624,13,737.187842
0.153279,15,737.683743
3.881267,13,738.096443
3.237358,12,738.481044
2.747808,11,747.826558
3.727434,12,748.194888
3.055681,11,748.533994
3.168558,12,748.935846
3.82575,12,749.318841
3.321213,11,749.687734
3.470545,13,750.113005
3.902899,12,750.510341
3.94007,13,750.934407
4.729134,15,751.41469
4.619645,14,751.868762
4.749017,14,752.30842
3.358193,12,752.691222
2.972649,11,753.045971
3.598515,12,753.428412
3.478424,12,753.813074
2.873536,11,754.168503
2.760167,10,754.507161
3.06988,11,754.846974
5.146353,15,755.328751
-0.794081,13,755.753054
3.849379,12,756.149992
3.877293,13,756.573294
2.897954,11,756.926258
4.654358,14,757.377953
4.267111,13,757.788275
4.688643,14,758.240702
-1.02266,13,758.665448
-1.228992,12,759.047467
4.432917,13,759.456667
3.102449,11,759.796346
3.846817,13,760.220442
4.543261,14,760.674213
3.246892,12,761.056884
3.493286,12,761.426332
3.533476,12,761.796099
2.396404,10,762.108026
5.108614,14,762.575658
-0.618679,14,763.031966
2.876844,11,763.372961
2.862883,11,763.732889
3.436182,12,764.130774
4.522225,14,764.584727
3.451332,12,764.9699
4.310005,13,765.399166
3.644205,12,765.797323
3.946693,13,766.223746
3.134515,12,766.621697
-0.491844,14,767.078173
3.943131,13,767.505839
4.332352,14,767.947349
2.793537,11,768.303864
3.970669,13,768.735326
-0.323648,14,769.206347
3.683269,12,769.604378
4.513297,14,770.060232
3.7679,13,770.471606
0.611561,15,770.955957
3.594251,12,771.339551
3.057909,12,771.737695
0.353705,16,772.249109
2.697437,10,772.561992
3.517855,12,772.932297
3.177733,12,773.329529
4.227173,14,773.800817
3.725152,12,774.183589
4.415621,15,774.666155
2.953251,11,775.020919
3.335812,12,775.416087
4.330547,13,775.842083
3.695943,12,776.236965
3.594387,12,776.63172
3.156522,11,776.984238
3.318617,12,777.367296
3.349983,11,777.706267
-0.586109,14,778.160854
4.604054,14,778.614685
3.192977,12,779.000633
3.786842,12,779.369637
4.410505,14,779.810877
3.592899,13,780.223041
3.823123,13,780.649891
3.382574,11,781.004766
3.408574,12,781.35974
4.101425,13,781.770297
3.571273,12,782.139783
3.851006,13,782.550345
4.185499,13,782.97694
4.054986,14,783.443982
2.699032,11,783.789715
3.216443,12,784.173478
4.373154,14,784.628225
-1.183362,13,785.040381
3.163647,11,785.39555
3.876695,12,785.77927
-0.028157,14,786.235216
3.143602,11,786.604025
3.627935,12,787.002852
4.039346,13,787.41508
-0.741722,13,787.842473
4.172889,13,788.255232
4.318671,14,788.713696
-0.546916,14,789.166688
4.526717,14,789.621756
3.901382,13,790.033946
2.990178,11,790.403504
-0.352316,14,790.858058
4.392525,13,791.282279
4.040977,14,791.747826
4.563007,13,792.173062
-1.196968,13,792.583478
2.862205,11,792.938808
3.170965,12,793.336149
3.498204,12,793.736433
3.284432,11,794.072934
2.869643,11,794.413124
4.475947,13,794.835316
4.561698,13,795.259226
4.147663,13,795.682195
2.926168,11,796.048346
3.013956,11,796.41735
-0.147803,14,796.855773
3.598949,12,797.253672
3.572612,12,797.636774
5.219687,14,798.090925
3.439047,11,798.443976
4.340084,14,798.887604
4.06926,12,799.283061
4.233594,14,799.735947
4.205532,13,800.14601
2.340464,11,800.514074
-0.452086,14,800.968382
4.35831,14,801.420399
-0.407242,14,801.872711
4.052596,13,802.297657
3.340868,11,802.652569
3.833622,12,803.050715
3.765108,12,803.432197
3.382709,12,803.835188
-1.2489,12,804.23255
2.265226,10,804.573325
-0.950758,12,804.969165
3.910197,13,805.394016
2.351509,10,805.720794
3.156885,11,806.0776
3.932191,12,806.48069
3.756243,13,806.920553
3.887647,12,807.318403
3.798715,13,807.744012
0.391175,16,808.254163
3.592425,12,808.652559
2.843107,11,809.015751
3.884252,14,809.4691
-0.281854,14,809.923002
3.708794,12,810.306181
-1.381104,12,810.705155
2.562684,10,811.03203
4.274238,13,811.430009
4.119572,12,811.813282
2.690553,11,812.182524
4.038394,13,812.594303
3.312737,12,812.989988
4.028322,13,813.415887
4.199243,13,822.768849
2.702348,11,823.138548
3.072201,11,823.490592
-0.506226,14,823.946875
-0.404441,14,824.397678
0.09447,14,824.849334
3.927374,13,825.257933
3.770808,12,825.638153
3.696555,13,826.04703
0.102422,14,826.498844
-0.980369,13,826.907142
3.669245,12,827.303662
3.724552,12,827.688506
3.513234,12,828.083272
4.1408,13,828.494826
3.814923,13,828.92422
3.79187,12,829.306926
3.32559,12,829.674667
4.917344,14,830.116282
4.103426,13,830.528951
3.038316,11,830.886981
3.152336,12,831.284403
-0.137324,14,831.739375
3.528002,12,832.134221
-0.701057,13,832.560275
4.912946,15,833.042046
2.631913,11,833.396251
-0.623411,13,833.827944
3.876173,12,834.225923
-0.088005,14,834.680994
2.71737,11,835.050751
4.271021,13,835.47764
4.210869,13,835.904712
3.902814,13,836.330003
-1.277897,12,836.72544
3.177332,11,837.097103
3.742533,13,837.5102
3.823551,12,837.906923
3.107149,11,838.245729
-0.042586,13,838.656858
3.732102,13,839.075562
2.701648,11,839.417415
3.244281,12,839.801721
3.711478,12,840.182944
2.849926,10,840.522054
4.538867,13,840.945952
3.206917,11,841.313228
-1.906522,11,841.680012
-0.555146,13,842.105073
5.028881,15,842.583056
4.357271,14,843.034925
3.420451,12,843.41508
3.936554,13,843.84515
4.472683,13,844.255184
4.481615,15,844.733995
3.871376,12,845.118028
3.162811,12,845.486669
0.03718,14,845.925253
-1.123565,12,846.306797
4.388015,13,846.734716
4.44551,13,847.158704
4.027306,12,847.553992
3.147995,11,847.92087
4.066045,13,848.345427
4.197602,12,848.74766
4.13377,13,849.175017
4.318773,15,849.657017
3.824051,13,850.083628
4.280558,14,850.54902
5.480533,16,851.058279
3.807462,13,851.484228
4.519749,14,851.924564
2.960184,11,852.267089
4.290091,13,852.693663
3.013786,12,853.090437
3.447922,12,853.489061
3.182742,12,853.893751
3.085648,11,854.26417
4.097544,12,854.649506
3.976844,13,855.076909
2.549878,10,855.4037
3.568749,13,855.815323
-0.305798,14,856.271892
3.55662,11,856.627053
3.886755,12,857.00842
0.337709,15,857.491849
3.94294,13,857.901573
3.213857,12,858.29809
3.546431,12,858.692399
-0.324416,14,859.149686
3.932766,13,859.573402
2.966125,11,859.92684
3.807733,12,860.324754
3.43901,12,860.720706
4.540948,14,861.172034
-0.662094,13,861.582906
3.360364,12,861.966109
-1.105248,13,862.390391
3.429741,12,862.757485
-0.865725,12,863.138676
-0.446988,14,863.605052
2.736631,10,863.923231
2.881729,11,864.289012
-0.803552,13,864.701637
2.668297,10,865.042626
-0.025408,14,865.484368
4.069497,13,865.899948
3.949249,12,866.29829
2.612125,11,866.669989
4.728772,14,867.126586
2.31429,10,867.454057
4.764142,14,867.91026
3.910483,13,868.32399
4.286659,14,868.784461
4.825435,14,869.237779
4.824039,14,869.707165
4.456129,14,870.162097
-1.061672,12,870.562602
4.405448,14,871.019294
-1.216278,13,871.446881
4.095765,13,871.860024
-1.227258,13,872.286175
4.249973,13,872.698471
-0.390519,14,873.168823
3.070759,11,873.523063
3.95645,13,873.939767
3.031867,11,874.295704
4.124084,13,874.720917
3.627102,12,875.10655
4.592508,13,875.531812
3.237112,11,875.887867
4.167829,12,876.28697
4.109663,13,876.714686
3.267105,12,877.112759
2.753636,10,877.452165
0.396054,14,877.905396
3.229127,12,878.289185
4.390542,14,878.74257
4.013187,13,879.168251
3.821944,13,879.591808
2.56361,11,879.945457
4.737744,13,880.384828
4.050538,13,880.809252
4.253452,13,881.219808
-1.56117,12,881.61478
2.16292,10,881.924726
4.698583,14,882.375756
4.998748,15,882.854301
3.969469,13,883.276705
-0.838089,12,883.672145
3.175227,11,884.031037
3.086688,11,884.397913
4.451938,13,884.82335
-1.004451,12,885.2202
3.184528,12,885.615978
3.845147,13,886.04217
4.12256,13,886.468769
3.72204,12,886.865812
2.671318,11,887.234675
2.21079,10,887.560651
3.372568,12,887.944209
-0.442772,13,888.369912
4.210058,13,888.80036
3.508636,13,889.225939
3.094151,12,898.610046
3.738496,12,899.042335
4.3972,15,899.524372
4.75389,14,899.993562
3.227554,11,900.371679
-1.861481,11,900.725965
3.073197,11,901.087283
3.735014,12,901.496881
3.574736,12,901.897155
3.119666,11,902.286942
2.272261,10,902.617337
-0.520422,14,903.069508
3.656333,12,903.457596
4.149281,13,903.909294
0.680455,16,904.425176
2.848788,10,904.778154
3.66579,12,905.18518
-0.714211,13,905.596814
-0.194476,15,906.082198
3.468887,12,906.492999
3.90988,13,906.926903
4.438597,14,907.363253
2.877077,11,907.728598
3.770266,12,908.123004
3.287192,12,908.503114
0.320583,16,909.028042
3.673636,12,909.421667
3.848195,13,909.844415
3.254523,12,910.225332
4.495958,13,910.647664
2.429205,10,910.98536
3.673894,13,911.408864
3.78175,13,911.831013
2.990557,11,912.183905
3.949299,12,912.577564
2.93247,11,912.930794
-1.313402,13,913.353545
4.141254,13,913.778077
4.270134,14,914.229103
3.767872,13,914.65209
3.952875,13,915.076148
4.151443,14,915.542455
4.163645,13,915.937454
3.114471,11,916.275149
3.971002,13,916.698653
3.540913,12,917.093725
3.253002,12,917.474425
-1.148285,13,917.898168
-0.157416,14,918.337306
3.0429,11,918.675758
3.510263,12,919.061267
3.530073,12,919.441512
3.694709,12,919.837546
3.555877,12,920.217438
-0.434856,14,920.656684
4.039919,13,921.06454
3.569554,12,921.446251
3.531006,12,921.82834
-0.747042,14,922.281729
4.079592,13,922.692973
-0.136138,14,923.131136
4.499285,14,923.5805
-1.031565,12,923.966304
4.266902,14,924.420284
3.07769,11,924.772199
4.080897,13,925.179909
3.836633,13,925.572143
-0.06983,15,926.065839
4.243136,13,926.486022
-0.889808,12,926.878875
-0.345727,14,927.326764
3.712876,12,927.72072
3.068499,12,928.099229
3.353352,12,928.490688
3.082652,11,928.845167
-0.07182,15,929.322523
3.501998,12,929.7006
3.625477,12,930.09453
3.25524,11,930.445397
3.23457,11,930.796618
4.094495,14,931.245894
3.700789,13,931.665604
4.127842,14,932.101905
4.976024,14,932.537791
3.854447,13,932.958476
3.543624,12,933.338078
3.992813,12,933.716902
4.520843,14,934.166303
3.461699,12,934.532163
3.379304,12,934.92877
4.199892,14,935.365775
3.323396,11,935.705493
-0.465569,13,936.114906
3.210088,12,936.499698
3.251632,12,936.882219
3.959394,13,937.306959
3.825255,13,937.729731
3.572024,13,938.155057
4.313997,14,938.606801
2.82661,11,938.965652
4.379326,13,939.390292
-1.729529,12,939.788674
4.531007,14,940.244524
4.001949,13,940.672947
4.859146,13,941.098485
-0.58292,13,941.510107
2.901409,11,941.863008
3.481388,13,942.288654
3.491655,13,942.714145
3.677575,12,943.110329
4.176738,13,943.518698
3.87249,12,943.890965
-1.334021,12,944.288173
4.495613,14,944.738231
3.326079,11,945.0755
3.8344,12,945.468294
3.861965,13,945.893598
3.62023,12,946.286715
3.060543,12,946.665613
3.784336,12,947.059548
2.714498,10,947.384426
4.081831,12,947.779878
3.87575,13,948.187465
-0.75837,13,948.60922
3.062049,11,948.967551
3.845763,13,949.392101
3.14644,11,949.74579
-0.354079,14,950.198171
-1.293801,12,950.592484
3.657075,12,950.973307
4.777934,15,951.438445
3.701745,13,951.861089
4.047236,13,952.284609
2.913367,11,952.637271
4.371653,14,953.102142
3.626308,12,953.498147
4.112549,12,953.896987
3.591384,12,954.276737
4.09859,13,954.685176
2.790727,11,955.051653
3.215908,12,955.432598
3.181619,12,955.814845
3.184901,12,956.212527
3.951534,13,956.635652
-1.33262,12,957.03307
-0.500518,13,957.441581
3.53299,12,957.823155
2.892045,11,958.188828
3.598304,12,958.583422
4.574675,13,959.010206
3.214597,11,959.363446
-1.32257,12,959.759214
3.1483,12,960.144539
2.700335,11,960.497784
4.096932,13,960.904873
3.955593,12,961.284477
2.711752,11,961.652698
4.22635,13,962.076595
2.748818,11,962.428897
3.536958,12,962.824205
2.823834,11,963.188728
4.091123,13,963.599089
3.061957,11,963.970371
2.351008,10,964.290671
3.586079,12,973.652473
3.927356,13,974.062198
2.698007,11,974.384092
4.41944,14,974.832731
3.613772,12,975.19556
3.433409,12,975.558957
4.699162,14,975.992632
4.511979,14,976.426178
4.124138,13,976.84528
4.894484,15,977.320749
4.287979,13,977.741465
4.686114,14,978.191538
-0.741577,14,978.660121
3.732229,13,979.085886
4.014296,13,979.496145
4.111513,13,979.919179
3.807137,13,980.341539
-0.071081,14,980.793793
4.343378,14,981.24896
-1.206852,13,981.660737
5.328802,15,982.154664
3.08089,11,982.508956
3.70979,12,982.889994
3.586134,12,983.258315
3.580935,12,983.641241
3.292181,12,984.027041
4.043859,14,984.492382
4.124495,14,984.93176
4.044614,13,985.329978
3.313359,12,985.711647
4.192695,13,986.138472
3.136098,12,986.533659
4.106472,12,986.916488
4.131955,14,987.369057
3.829871,13,987.794111
3.86027,12,988.191016
2.941245,11,988.545659
3.020056,11,988.890433
3.212223,12,989.286638
3.418561,12,989.669699
2.77065,11,990.023902
4.372106,13,990.447024
4.54966,14,990.898782
4.518169,15,991.380623
4.089247,14,991.832108
2.814507,11,992.184802
3.162452,12,992.564933
3.03213,11,992.929391
3.812293,13,993.338868
4.848332,15,993.817618
4.226888,13,994.244251
3.781984,13,994.667146
-0.715546,14,995.11927
3.765334,13,995.541287
2.628171,11,995.893274
3.722103,12,996.274933
-0.738354,13,996.700308
4.14199,14,997.15054
-0.177598,14,997.600605
2.359626,10,997.925847
3.908267,13,998.349568
-0.75348,13,998.77171
3.122682,11,999.129485
4.098286,14,999.584372
3.639097,13,999.994337
3.039828,12,1000.375032
3.192618,12,1000.769628
3.805259,13,1001.180799
4.112261,13,1001.591069
3.308511,12,1001.972491
4.333393,14,1002.424787
3.230141,12,1002.795719
4.161214,13,1003.204678
-0.60443,14,1003.655017
4.107043,13,1004.083296
3.782264,13,1004.495329
4.221291,13,1004.92029
3.012226,11,1005.259985
3.62392,12,1005.640617
4.283449,13,1006.051585
3.639643,13,1006.46249
2.908538,11,1006.800875
3.22589,12,1007.197414
4.590992,14,1007.652845
-1.204089,12,1008.034705
3.321662,12,1008.429733
3.198909,12,1008.810885
3.537239,12,1009.210961
3.753164,12,1009.606171
4.323058,13,1010.016402
3.537079,12,1010.411847
4.371684,13,1010.823252
2.468436,10,1011.162291
4.218523,13,1011.569844
3.215668,12,1011.963727
3.668802,13,1012.387394
3.215929,12,1012.782259
0.034777,14,1013.233045
3.684157,12,1013.626039
3.7363,13,1014.052969
2.940536,11,1014.418844
4.933466,15,1014.896927
-1.101608,13,1015.318734
5.004933,15,1015.799434
3.41034,12,1016.179461
4.854446,15,1016.659762
4.144899,13,1017.068413
-0.522479,13,1017.491612
-1.372939,12,1017.87196
4.414949,13,1018.294291
4.184463,14,1018.730587
2.884174,11,1019.073159
3.779634,12,1019.468544
3.671429,12,1019.849836
3.237761,12,1020.233938
4.694842,13,1020.643104
4.568088,14,1021.094551
3.62176,12,1021.463598
3.401766,12,1021.846506
3.713639,12,1022.241576
4.306105,13,1022.664608
4.572384,14,1023.117453
3.014083,11,1023.485401
3.370853,12,1023.884604
-0.139231,14,1024.337135
-0.842345,14,1024.790361
3.490001,12,1025.175297
3.498968,13,1025.600088
3.727653,13,1026.022997
3.721022,12,1026.406448
3.78737,13,1026.830473
2.593577,11,1027.184627
3.535705,12,1027.580152
4.174238,14,1028.036923
2.255855,10,1028.37564
3.645015,12,1028.769647
2.559114,11,1029.141117
3.471382,12,1029.535523
3.192714,12,1029.933926
4.132338,14,1030.384047
-0.92148,13,1030.80594
3.274976,12,1031.198123
3.561061,12,1031.590274
4.592429,14,1032.054286
3.299657,12,1032.448276
2.589165,11,1032.785579
-1.47274,12,1033.152271
-0.446535,14,1033.589458
2.440132,11,1033.958903
4.048687,13,1034.368258
3.07678,11,1034.719609
-0.715665,13,1035.129573
3.757141,12,1035.510287
3.761329,12,1035.890321
4.372186,14,1036.341505
4.58513,14,1036.793326
3.965086,13,1037.215773
4.585757,13,1037.638945
-0.550181,13,1038.062013
4.300981,13,1038.484741
-1.580659,12,1038.880572
3.608988,12,1039.265095
3.719733,12,1048.713903
-1.089248,13,1049.147826
3.055006,12,1049.542279
5.763146,17,1050.065628
3.434047,12,1050.449736
3.587727,12,1050.818289
4.360858,14,1051.283
2.360995,10,1051.607851
3.785655,12,1052.003292
3.15733,11,1052.341767
-0.504554,14,1052.793889
3.758641,13,1053.2043
2.970288,11,1053.542421
2.894411,11,1053.913661
4.073117,13,1054.324563
2.909428,12,1054.708089
3.889221,13,1055.137773
4.3134,15,1055.616643
3.371124,12,1056.01289
-0.676314,14,1056.466757
4.02422,14,1056.918516
3.346228,12,1057.287513
2.960715,12,1057.682572
2.633146,11,1058.051508
3.356243,12,1058.448336
4.043762,14,1058.90337
3.965945,13,1059.315943
2.771438,11,1059.683314
4.003847,13,1060.107616
4.448652,14,1060.575962
3.674693,13,1060.999754
3.880308,12,1061.382793
4.674053,14,1061.822994
-0.647009,14,1062.264843
3.284898,12,1062.66226
2.662972,11,1063.016276
2.159982,10,1063.34216
-0.839845,13,1063.766326
2.908136,11,1064.126518
3.388257,12,1064.510423
4.110955,14,1064.975942
4.027392,13,1065.372598
-0.229973,14,1065.839083
3.928127,13,1066.265302
3.593182,12,1066.632272
4.579943,14,1067.086314
4.479443,14,1067.526998
5.157347,15,1068.007794
-1.213762,13,1068.433764
4.44859,14,1068.873996
3.358545,12,1069.265111
4.253271,13,1069.689788
-0.679813,14,1070.144094
3.762739,13,1070.569009
-0.40272,15,1071.037603
-1.385388,12,1071.436349
4.469975,14,1071.903855
4.234999,13,1072.328691
4.12831,13,1072.739184
3.766385,13,1073.178562
3.74364,13,1073.602945
4.288982,14,1074.051179
3.171735,12,1074.433975
3.216814,11,1074.775767
3.835068,13,1075.202084
2.746266,11,1075.56977
2.951943,11,1075.9386
3.909275,13,1076.36411
3.566298,12,1076.759561
4.139988,14,1077.198075
-0.857919,13,1077.608774
4.766977,16,1078.117939
2.615627,11,1078.469248
5.182926,15,1078.949494
3.806752,12,1079.329242
2.811371,11,1079.668259
4.191445,13,1080.094827
3.881783,12,1080.458272
4.010728,13,1080.853624
3.66033,13,1081.263335
4.231673,14,1081.715187
3.480467,12,1082.094415
-0.140891,14,1082.548584
3.374604,12,1082.929697
3.599417,13,1083.326962
3.816214,13,1083.7374
4.10607,13,1084.155655
4.268171,13,1084.579408
-0.737,13,1085.004739
3.118913,12,1085.386135
3.428678,12,1085.768732
2.743132,11,1086.121119
4.205918,13,1086.51912
3.928675,13,1086.929205
2.554045,11,1087.296877
4.100871,13,1087.72169
3.223775,12,1088.118626
2.776442,11,1088.472838
2.781049,11,1088.841388
2.643152,11,1089.21384
-1.586368,12,1089.610279
3.474547,12,1089.99175
-1.319788,12,1090.360241
4.074262,13,1090.758801
4.56435,14,1091.212961
3.378413,12,1091.609795
3.126423,11,1091.979885
3.164413,12,1092.362469
4.184108,14,1092.819093
-0.783667,13,1093.242616
-0.475388,14,1093.697121
4.194419,12,1094.097158
4.363031,14,1094.550445
3.56119,13,1094.960777
3.930134,13,1095.386211
3.288684,13,1095.797288
3.515772,13,1096.210659
-1.78772,12,1096.607856
-1.387926,12,1097.005346
4.333777,15,1097.486929
-0.396285,14,1097.940505
4.437342,14,1098.377165
3.392453,12,1098.758189
-0.977699,14,1099.215559
2.545979,11,1099.568793
3.70353,12,1099.964183
3.813355,13,1100.389401
-0.71963,13,1100.799206
2.702727,11,1101.166954
4.486758,15,1101.650288
2.474672,10,1101.963758
3.659142,12,1102.345389
-0.473703,14,1102.798411
-1.034455,14,1103.252534
4.225907,13,1103.664446
4.083133,13,1104.093494
4.530632,14,1104.559751
4.621628,14,1105.013159
3.838722,13,1105.438339
-0.293472,13,1105.866602
3.537963,12,1106.264155
2.995647,11,1106.619507
0.019089,15,1107.086695
3.322081,12,1107.48468
3.654613,12,1107.868753
3.536817,13,1108.267548
-0.450962,14,1108.706893
3.79153,13,1109.13727
3.562643,12,1109.519366
2.981931,11,1109.873935
4.00646,13,1110.298734
4.632324,14,1110.767474
3.53087,12,1111.165502
3.182829,11,1111.534574
3.741281,13,1111.959948
3.875416,13,1112.388646
3.98759,13,1112.814123
2.290868,10,1113.140876
4.110884,14,1113.594816
2.955824,11,1113.953331
-0.720811,14,1114.408409
-0.52127,13,1123.83069
-0.528449,14,1124.288288
3.649604,12,1124.674869
-1.128181,13,1125.09904
-0.768461,14,1125.552495
-0.849569,14,1126.006412
4.207008,13,1126.416431
3.973874,13,1126.840026
3.916928,13,1127.262454
2.525404,11,1127.626518
2.939208,11,1127.979653
3.121124,12,1128.374141
5.234371,16,1128.869865
3.329744,12,1129.270524
4.729961,14,1129.722729
4.881669,15,1130.203017
-1.790833,12,1130.58374
3.229392,12,1130.978984
3.861819,13,1131.401638
3.688264,13,1131.826199
4.709523,14,1132.27754
4.165206,13,1132.689187
4.043423,14,1133.154784
3.526045,13,1133.577714
-1.178591,12,1133.976555
3.444501,12,1134.360145
3.93617,14,1134.812736
4.229324,14,1135.26664
3.269451,13,1135.690813
3.052705,12,1136.074231
3.02913,11,1136.42845
-0.576159,14,1136.881973
4.949626,15,1137.365801
3.954628,13,1137.77895
3.4197,12,1138.161312
3.225846,12,1138.559655
3.795368,13,1138.971252
4.245529,13,1139.382761
3.845909,13,1139.783151
3.371793,12,1140.166897
4.759834,15,1140.662248
-0.946608,13,1141.08686
2.418687,11,1141.441718
3.034365,11,1141.795486
4.240309,14,1142.251213
4.863666,15,1142.720615
3.891079,13,1143.133901
2.932112,11,1143.501802
4.169224,13,1143.927197
3.86686,13,1144.35491
2.725254,11,1144.707443
2.839207,11,1145.0453
3.564032,13,1145.457285
3.716636,13,1145.882332
2.768367,11,1146.250461
3.634124,13,1146.672362
0.076685,15,1147.135452
3.452214,12,1147.528575
3.953322,13,1147.925541
-0.002266,15,1148.408287
-1.307553,12,1148.80429
4.124659,13,1149.235045
3.319658,13,1149.657678
3.234166,12,1150.037769
-1.30771,13,1150.460726
3.799246,12,1150.856021
3.523525,13,1151.265327
3.30788,12,1151.645916
-0.693489,14,1152.098711
3.594999,12,1152.483069
4.493226,14,1152.933536
4.402439,14,1153.386188
-0.749771,13,1153.81073
3.29462,12,1154.197462
4.17005,14,1154.648714
4.143129,13,1155.074579
3.852885,13,1155.500122
2.920728,11,1155.853503
3.206121,12,1156.23529
-1.359368,13,1156.659981
3.90339,13,1157.083516
4.084716,13,1157.480911
3.337072,12,1157.862352
3.410862,12,1158.257833
-0.199709,14,1158.695433
3.10854,12,1159.082054
2.905098,11,1159.421814
3.064691,11,1159.773846
2.132872,10,1160.099988
-1.011793,14,1160.553737
4.80646,15,1161.036047
4.49014,14,1161.489614
3.802068,13,1161.904199
-1.148509,13,1162.31538
3.723525,13,1162.740444
4.747754,14,1163.193003
4.450391,14,1163.647514
3.161359,12,1164.047445
3.630665,13,1164.457341
3.497263,12,1164.839365
2.994878,12,1165.220279
3.488037,12,1165.588373
4.424263,14,1166.029591
3.409351,12,1166.423776
4.656319,15,1166.903141
4.175754,13,1167.32546
3.31328,12,1167.705643
4.319191,13,1168.114946
4.356313,13,1168.538092
4.311241,14,1168.990844
4.147603,13,1169.418021
3.344185,12,1169.813146
4.868317,15,1170.277912
4.385174,14,1170.728682
2.838281,11,1171.097249
3.77306,12,1171.480751
3.955837,13,1171.905117
3.8951,14,1172.357838
-0.98342,13,1172.771351
0.315787,15,1173.25444
4.617584,14,1173.721403
4.794359,15,1174.208487
3.512595,12,1174.604976
4.448726,14,1175.05775
-1.300674,12,1175.454506
3.232333,12,1175.851599
4.126611,14,1176.302063
3.987869,12,1176.685228
2.513299,11,1177.026123
4.276601,14,1177.464654
4.492996,15,1177.945775
-0.685911,13,1178.355907
3.926343,14,1178.794409
4.676149,15,1179.282086
4.6594,15,1179.749838
4.830811,14,1180.204815
3.964033,13,1180.628843
-0.768888,13,1181.054821
3.653494,13,1181.452618
3.158962,12,1181.850344
2.470848,11,1182.205356
3.543981,12,1182.570299
3.877637,13,1182.983035
3.757701,12,1183.36588
3.30224,12,1183.749976
4.099194,14,1184.194077
4.029523,13,1184.619277
3.225147,12,1185.015088
3.278683,12,1185.412348
-0.667807,13,1185.823764
2.99053,12,1186.219392
-1.833172,12,1186.600716
-1.042178,14,1187.053984
4.455741,13,1187.477772
3.365902,12,1187.873107
3.590259,12,1188.268606
-0.590831,14,1188.719808
3.770074,13,1189.145989
4.22029,14,1198.609541
2.740446,11,1198.963753
0.127966,15,1199.446553
3.151612,12,1199.843549
-0.073454,14,1200.296062
3.258993,12,1200.678136
3.457771,12,1201.06037
-0.715808,13,1201.484809
3.501421,13,1201.91017
2.93213,12,1202.306227
3.509152,12,1202.702457
3.238476,12,1203.099653
4.251098,15,1203.580216
2.919789,11,1203.947279
3.480071,13,1204.360752
3.741621,12,1204.757849
3.486212,13,1205.181905
3.816169,13,1205.604743
2.497231,11,1205.95767
3.691274,13,1206.382683
-1.170803,13,1206.809306
4.831681,14,1207.263492
4.010267,13,1207.686889
2.9457,11,1208.055438
3.828554,13,1208.481233
3.830809,13,1208.891624
4.611458,15,1209.390579
2.962719,12,1209.757445
3.914739,13,1210.154448
4.785632,16,1210.662886
2.795819,11,1211.014657
4.373884,15,1211.497287
0.35018,15,1211.977888
4.455638,15,1212.458376
3.127531,11,1212.826888
3.527171,13,1213.235968
2.926881,12,1213.63082
4.618927,14,1214.086598
4.683673,14,1214.551934
3.63882,13,1214.96282
3.152904,12,1215.357798
-0.116812,15,1215.850424
3.850503,14,1216.300351
3.192622,12,1216.666515
-0.700106,14,1217.117805
3.091189,12,1217.499283
3.240495,13,1217.922498
4.981846,16,1218.432367
4.147806,14,1218.88445
3.151328,12,1219.255555
-0.656526,13,1219.679354
3.580156,13,1220.10362
4.144999,14,1220.556819
3.265376,12,1220.954227
4.040649,14,1221.393336
-1.663004,12,1221.774905
3.919715,13,1222.201087
-0.207437,15,1222.682042
3.791669,14,1223.1354
2.591223,11,1223.503483
3.901383,14,1223.956615
4.626506,15,1224.443228
4.456316,14,1224.900558
-0.285586,15,1225.385332
4.749717,15,1225.869628
4.887375,16,1226.393729
5.198148,16,1226.919952
3.521649,13,1227.346453
3.674674,13,1227.759106
3.514914,13,1228.171107
4.437011,14,1228.626136
4.552335,14,1229.084862
4.113785,14,1229.539591
3.373712,12,1229.936093
4.707741,14,1230.389294
3.69304,13,1230.79878
3.53437,13,1231.210325
3.713156,13,1231.636514
-0.872718,14,1232.075098
4.848763,16,1232.599318
-0.203056,15,1233.080947
4.10371,14,1233.521123
-0.136487,15,1234.001396
2.722259,11,1234.371763
0.06005,16,1234.879296
3.981322,13,1235.302512
3.361038,13,1235.725954
2.740586,11,1236.077836
0.096494,15,1236.557722
-0.45738,14,1237.008028
3.331072,12,1237.388514
4.354875,14,1237.841163
3.658356,13,1238.263597
3.695253,13,1238.672561
-0.813916,14,1239.129527
3.468668,13,1239.551893
4.145857,14,1239.987808
-0.475029,15,1240.47103
3.625311,13,1240.896129
3.736301,13,1241.304376
2.700553,11,1241.643441
4.793602,15,1242.122324
2.663473,11,1242.475702
3.335812,12,1242.871615
4.837382,15,1243.367521
3.681948,13,1243.776797
-0.924481,14,1244.233271
4.038978,13,1244.644788
-0.700942,14,1245.084238
4.215985,14,1245.523072
0.002231,15,1246.00501
3.699932,13,1246.430463
-0.727302,13,1246.856058
3.752808,13,1247.279402
3.399614,13,1247.702157
3.910251,13,1248.113679
3.404878,12,1248.497338
-0.386056,14,1248.935714
-0.25325,15,1249.419746
2.391996,11,1249.772522
4.061955,14,1250.212202
3.979864,13,1250.622481
3.833978,13,1251.034668
5.322495,15,1251.529778
3.949185,13,1251.940046
4.732795,15,1252.405046
4.282155,14,1252.843283
4.09692,14,1253.282663
4.320928,14,1253.749097
4.350931,13,1254.162802
3.608278,13,1254.555581
4.165859,13,1254.978934
3.988854,14,1255.431918
2.646116,11,1255.799078
-1.430256,12,1256.181235
4.313453,14,1256.617792
-0.512984,15,1257.102171
4.064501,14,1257.541226
3.323472,12,1257.936474
-0.625597,14,1258.389484
-0.713517,14,1258.843483
3.402935,13,1259.259234
2.940626,12,1259.658064
3.91994,13,1260.067319
3.491013,13,1260.465785
3.877021,13,1260.862381
3.682451,13,1261.27378
3.773118,14,1261.726658
-0.781578,14,1262.178901
0.19313,16,1262.690537
-0.495591,14,1263.130268
2.904382,12,1263.513922
4.588191,15,1263.994596
2.684563,11,1264.353114
3.716602,14,1273.812604
4.06493,14,1274.270359
4.041962,14,1274.725469
-0.605053,15,1275.212154
4.790381,15,1275.679134
3.517141,13,1276.090056
4.378377,14,1276.527009
3.253526,12,1276.921323
3.858322,14,1277.373938
3.222506,13,1277.798887
3.762288,13,1278.223379
2.613934,11,1278.579219
4.325914,14,1279.032892
3.671919,13,1279.459897
-1.366712,13,1279.884951
4.475247,14,1280.338087
2.893624,12,1280.734554
3.627427,13,1281.158586
3.221061,12,1281.5417
4.282085,14,1281.991553
4.41464,15,1282.472796
3.901718,14,1282.913347
3.833351,14,1283.366184
3.387536,13,1283.776825
3.978095,14,1284.217506
5.237559,16,1284.724773
-0.510059,15,1285.222566
4.244016,14,1285.659812
3.655504,13,1286.057565
3.17692,12,1286.438971
4.263396,14,1286.890482
4.43926,14,1287.331543
2.818756,12,1287.698438
-1.264609,13,1288.124094
3.764065,13,1288.536962
1.072,18,1289.091048
4.227372,15,1289.561505
0.20177,17,1290.099822
3.784776,14,1290.552552
4.320769,15,1291.037696
3.379103,13,1291.463954
2.826952,12,1291.833717
3.051945,11,1292.174909
0.015325,16,1292.683625
3.971206,13,1293.109526
3.578175,13,1293.534774
3.24397,13,1293.946335
4.02456,14,1294.389368
4.292228,14,1294.843231
4.236823,14,1295.296848
3.835701,13,1295.723844
4.043407,15,1296.206773
3.603521,13,1296.617127
2.955874,11,1296.984945
3.758138,13,1297.396838
-0.440506,15,1297.880035
4.118687,14,1298.320011
4.355002,15,1298.800791
3.626779,14,1299.258553
-1.114199,13,1299.669866
4.508335,15,1300.153425
3.854638,14,1300.605532
4.491309,14,1301.044977
2.471013,11,1301.399665
-0.063573,15,1301.882102
2.900888,12,1302.252096
4.605604,15,1302.74806
3.1495,12,1303.116272
2.795497,11,1303.484988
3.970453,14,1303.925289
3.436541,13,1304.355802
3.362219,13,1304.766628
-0.446595,14,1305.206009
0.223923,17,1305.731675
3.403381,13,1306.154755
3.03833,12,1306.548502
3.471554,13,1306.957622
3.810989,13,1307.381109
0.410797,15,1307.861468
4.465739,13,1308.269915
-1.106211,14,1308.708318
3.83415,13,1309.107698
4.310608,15,1309.591347
3.876487,14,1310.016066
3.243861,13,1310.441012
4.349935,14,1310.894828
5.063732,16,1311.392086
4.55896,14,1311.846549
-0.208232,15,1312.326526
0.172057,16,1312.821126
3.861337,14,1313.273888
2.899499,12,1313.644086
2.524957,11,1313.996876
3.905977,14,1314.453887
2.562543,11,1314.780294
4.266803,14,1315.219671
3.353866,13,1315.644206
3.701739,13,1316.05515
3.451366,13,1316.479347
3.49731,13,1316.889495
4.698876,15,1317.386273
4.468461,14,1317.838508
-0.566016,15,1318.320295
2.953577,12,1318.702349
4.307417,14,1319.160716
3.122966,12,1319.55795
-1.583401,13,1319.983926
2.615415,11,1320.355045
3.373476,12,1320.736435
4.582788,15,1321.20325
4.665982,15,1321.698611
3.383633,13,1322.10986
2.666792,12,1322.489887
5.255388,16,1322.998675
4.064694,13,1323.407405
3.940235,14,1323.84565
4.357451,14,1324.3008
2.902721,12,1324.681244
3.848925,14,1325.135972
3.110464,12,1325.518359
2.92681,12,1325.885673
4.206176,14,1326.323016
-0.878701,14,1326.761312
-1.429829,13,1327.171408
4.426332,15,1327.650358
-0.085357,16,1328.157789
3.932832,14,1328.61076
4.805724,16,1329.134792
3.552392,12,1329.533354
3.327098,12,1329.913756
3.195978,12,1330.308505
4.248637,14,1330.746007
4.457884,15,1331.225246
3.710343,13,1331.649756
4.028227,14,1332.101137
3.816785,13,1332.524737
3.728887,13,1332.950142
2.740557,12,1333.3337
3.657899,13,1333.759038
4.030632,15,1334.248287
3.99127,14,1334.701606
2.789703,12,1335.096957
-0.741633,14,1335.552391
5.119713,16,1336.061739
3.732978,14,1336.513884
3.681458,14,1336.965459
-0.876474,14,1337.405845
3.873344,14,1337.843464
3.539681,12,1338.240607
4.209321,14,1338.694502
4.45239,14,1348.198107
-0.056703,17,1348.751105
3.96609,13,1349.182828
-0.622191,15,1349.666048
4.620051,16,1350.192507
2.957031,12,1350.588177
2.569154,11,1350.942933
3.042201,12,1351.339013
2.474039,11,1351.692396
-0.683493,15,1352.17171
-1.049864,14,1352.610857
5.319764,15,1353.106801
3.250985,12,1353.489052
-1.005246,13,1353.912373
3.800964,13,1354.326435
4.766787,15,1354.804851
-0.795003,13,1355.229574
3.126538,12,1355.611899
3.882159,14,1356.047314
3.290879,13,1356.455878
3.598457,13,1356.878402
4.399673,15,1357.358276
4.306255,14,1357.795257
-0.538032,15,1358.274546
3.263336,13,1358.684113
3.891713,14,1359.136698
4.612795,14,1359.575521
4.401323,15,1360.055028
2.971624,12,1360.40719
4.741824,14,1360.846625
4.207518,14,1361.285787
-1.198476,13,1361.697155
4.159636,14,1362.134314
4.721842,15,1362.632188
2.933987,12,1363.014024
-0.414759,14,1363.439873
4.174544,15,1363.921538
4.995568,17,1364.464635
-0.584619,15,1364.94728
4.706127,15,1365.414894
-0.842754,15,1365.896422
1.805545,10,1366.223243
3.558031,13,1366.64751
3.824073,14,1367.099529
3.809303,14,1367.537685
-1.353259,12,1367.921785
2.52794,11,1368.262658
-0.824347,14,1368.729543
3.874802,13,1369.142646
2.911117,12,1369.50306
4.515848,15,1369.984469
3.24728,12,1370.354768
4.108506,15,1370.834067
3.598809,13,1371.259362
3.393234,12,1371.64168
4.591034,16,1372.15201
-0.876025,15,1372.636475
-0.171616,16,1373.147414
3.405599,13,1373.570538
3.713835,13,1373.99368
4.366432,15,1374.478683
3.599484,13,1374.902167
4.392802,15,1375.381597
4.656414,15,1375.850391
3.435419,13,1376.274483
3.848073,14,1376.726633
3.324793,12,1377.108691
5.074445,15,1377.587471
3.447781,13,1378.012456
4.157329,14,1378.465196
3.781006,13,1378.874101
3.967085,13,1379.300813
3.53974,13,1379.724138
2.946196,12,1380.106349
5.335588,17,1380.629596
3.602896,14,1381.06857
4.272163,15,1381.536313
3.887757,13,1381.94769
-1.035804,14,1382.387067
-1.518754,13,1382.783893
4.847476,15,1383.251008
4.300184,14,1383.704346
-0.067091,15,1384.175231
4.262587,15,1384.645455
3.532054,13,1385.057485
3.472388,13,1385.482585
3.419201,13,1385.894268
3.229301,12,1386.288997
4.436735,15,1386.771777
0.002855,17,1387.296799
3.492931,13,1387.722129
4.113975,15,1388.204396
2.996047,11,1388.570956
3.479378,13,1388.98244
2.84723,12,1389.371075
4.655209,15,1389.83993
2.838775,11,1390.193928
5.363971,17,1390.746761
-0.396883,15,1391.212614
3.554337,13,1391.622671
4.320147,13,1392.045968
4.538817,15,1392.527234
3.530905,13,1392.952929
0.278986,17,1393.476532
0.317777,16,1393.969513
3.559735,13,1394.399484
-0.056139,15,1394.883049
4.16135,15,1395.36363
2.540155,11,1395.71743
-0.817829,14,1396.16819
4.154074,14,1396.621983
4.009507,14,1397.061762
3.423816,13,1397.472051
4.162247,14,1397.926544
3.711045,13,1398.351881
3.743499,13,1398.773588
3.985692,14,1399.228842
3.175977,13,1399.651396
3.961148,14,1400.09281
4.046041,14,1400.545702
4.998791,16,1401.057712
3.851591,14,1401.518912
3.460848,12,1401.91402
2.713593,11,1402.265172
3.586735,13,1402.678273
5.169309,17,1403.228929
3.51462,13,1403.638866
4.059924,13,1404.064716
4.27397,15,1404.550658
0.019084,15,1405.031893
4.38963,15,1405.530462
3.596372,13,1405.953777
4.589385,16,1406.474736
5.109783,16,1406.987304
4.30766,15,1407.469644
4.41264,15,1407.93987
3.060304,12,1408.345994
2.642599,11,1408.714
3.532513,13,1409.136154
3.408353,12,1409.525005
2.66354,11,1409.893797
4.156811,14,1410.352509
4.528339,14,1410.80576
4.022517,15,1411.28948
3.951157,15,1411.755615
2.710916,11,1412.124509
3.97343,13,1412.532298
3.77813,13,1412.945154
3.471127,12,1413.326347
3.020246,12,1413.70856
3.725777,13,1423.207044
3.751609,13,1423.616359
3.31882,13,1424.026134
4.01988,14,1424.483959
4.11476,14,1424.936607
-0.124461,15,1425.414652
3.415754,13,1425.836995
-1.168374,14,1426.294929
-0.457855,14,1426.745084
4.159048,16,1427.252219
3.938965,14,1427.703365
0.929182,18,1428.285998
4.866483,15,1428.766488
3.18076,12,1429.161722
-0.242448,15,1429.647603
3.609199,14,1430.101493
2.453103,11,1430.4562
3.495874,13,1430.880139
3.251664,13,1431.290754
3.097859,12,1431.672878
4.298881,14,1432.12849
3.104183,12,1432.511851
3.625533,13,1432.933839
3.726737,13,1433.343005
3.535063,13,1433.753903
3.468463,13,1434.16504
2.732541,11,1434.535093
3.98551,14,1434.987942
3.47599,13,1435.398653
4.140915,14,1435.84027
2.847331,12,1436.22307
3.936492,14,1436.674943
-0.571083,14,1437.113231
3.810806,14,1437.567472
4.053972,15,1438.050093
-0.910653,13,1438.459671
4.84882,14,1438.898823
4.032233,14,1439.342158
3.899959,14,1439.794807
-0.402783,15,1440.263409
3.790474,14,1440.701442
4.312178,14,1441.153435
3.769191,14,1441.592449
-0.863852,14,1442.04578
5.778543,19,1442.654941
3.268515,13,1443.065134
0.030379,16,1443.575094
3.07313,12,1443.943107
3.783806,13,1444.372196
3.831028,14,1444.811158
3.441129,13,1445.206292
3.224932,13,1445.629365
4.308324,14,1446.080467
-0.640899,15,1446.574954
3.747319,13,1446.984015
3.219827,12,1447.380571
-0.732592,14,1447.831601
4.324727,15,1448.309607
3.581921,14,1448.745193
4.943686,16,1449.256952
4.689447,17,1449.792725
3.480752,13,1450.187132
0.076402,16,1450.68057
4.786974,15,1451.159023
3.468394,13,1451.568783
3.842297,14,1452.006428
4.314168,15,1452.487417
-1.186214,13,1452.911591
2.381826,11,1453.26404
4.969643,17,1453.828573
3.524429,13,1454.238806
3.334911,13,1454.667961
2.856311,12,1455.035199
3.550695,13,1455.447078
2.780806,12,1455.841243
3.654417,14,1456.294
3.290884,12,1456.6775
-0.368523,15,1457.16331
4.22161,14,1457.601239
-0.382699,14,1458.054096
4.487223,15,1458.537848
3.925452,14,1458.991538
3.450432,13,1459.424139
3.457602,13,1459.850304
4.036617,14,1460.303819
4.310311,15,1460.784453
3.238356,13,1461.209402
4.700021,15,1461.692576
3.1984,12,1462.090487
3.324072,13,1462.503221
5.326715,17,1463.057196
4.380422,15,1463.54133
4.698028,15,1464.008571
-0.714984,13,1464.440556
3.611978,13,1464.850814
3.81103,13,1465.275424
4.114459,14,1465.714875
3.42659,13,1466.140829
3.41672,13,1466.567086
4.888981,15,1467.032393
3.534371,13,1467.453934
3.770731,13,1467.862364
3.496252,13,1468.286369
4.412525,14,1468.737328
1.940097,10,1469.062479
2.965703,12,1469.469433
-0.173169,15,1469.936719
-0.189898,16,1470.464116
4.066841,15,1470.944815
4.646432,15,1471.413201
0.100642,16,1471.909831
0.439219,16,1472.421468
2.680434,11,1472.799151
5.141027,16,1473.307974
5.559508,18,1473.87552
3.28822,12,1474.259912
4.346988,14,1474.70113
3.451593,13,1475.11415
3.979574,13,1475.544401
2.390373,11,1475.911222
3.800642,14,1476.364987
3.630003,13,1476.775344
4.461853,15,1477.241958
4.196158,14,1477.682264
4.404796,14,1478.107401
4.12208,15,1478.575924
2.816048,12,1478.958187
3.958086,14,1479.417344
3.703745,13,1479.842314
4.258074,14,1480.296393
3.521124,13,1480.708987
-0.877134,14,1481.149197
-0.454074,14,1481.602955
-1.439123,13,1482.013956
3.78075,13,1482.425739
3.509261,13,1482.837662
4.92423,15,1483.318304
0.993784,18,1483.88455
4.015197,14,1484.343205
4.73411,15,1484.825854
3.845327,14,1485.278735
4.360221,14,1485.731605
3.878775,14,1486.156559
5.531398,18,1486.737859
4.86921,16,1487.232945
-0.962246,14,1487.671278
2.839803,12,1488.052568
4.319878,15,1497.557469
4.677251,15,1498.038203
-0.300501,16,1498.547342
4.741377,16,1499.054745
3.286271,12,1499.457044
2.433871,11,1499.812085
4.500104,15,1500.280511
4.180244,14,1500.733145
4.003537,14,1501.186435
4.374876,15,1501.667079
-0.539694,15,1502.148702
5.108457,16,1502.68499
4.099876,14,1503.136185
5.094679,16,1503.645848
2.81636,12,1504.028646
3.824959,14,1504.484915
4.652649,15,1504.965126
4.203453,14,1505.419431
3.761915,14,1505.872794
-0.031728,15,1506.352569
5.467574,18,1506.932773
4.493948,14,1507.37243
-0.148736,15,1507.85732
3.37151,13,1508.268654
3.146737,12,1508.664887
-1.163575,13,1509.075764
4.102487,14,1509.53305
3.459564,13,1509.943583
4.471002,15,1510.425452
3.541682,14,1510.86456
-0.638449,14,1511.303852
3.957403,14,1511.757303
3.907926,14,1512.22613
3.62228,14,1512.665608
4.784883,15,1513.147054
3.144816,12,1513.529665
3.75868,14,1513.983312
4.296702,14,1514.441016
4.553241,15,1514.92222
4.847281,15,1515.404758
0.664969,17,1515.944271
4.81093,16,1516.45491
-1.433053,13,1516.868609
2.357875,11,1517.223773
4.442573,14,1517.677402
3.706793,13,1518.088748
3.089065,12,1518.470117
-0.398273,16,1518.993455
-0.903485,14,1519.453191
3.863208,14,1519.892515
4.233634,15,1520.372055
4.283419,15,1520.837219
3.614686,13,1521.246252
4.025647,14,1521.69881
-0.939505,15,1522.180681
4.59082,15,1522.662055
3.480302,14,1523.114903
4.148006,14,1523.567225
3.77965,13,1523.992072
-0.64027,14,1524.450607
3.4393,13,1524.859869
-0.657275,15,1525.340682
3.691468,14,1525.778926
3.728045,13,1526.189328
4.126111,14,1526.641033
3.553873,12,1527.024286
4.934561,16,1527.532377
3.267127,12,1527.915357
4.195377,15,1528.394053
4.556507,15,1528.877562
3.501259,12,1529.277159
4.648319,15,1529.766956
2.929238,12,1530.149241
4.617164,15,1530.633155
4.090034,14,1531.087021
2.582164,12,1531.469087
3.84975,14,1531.895458
4.195782,14,1532.348786
2.158746,11,1532.704127
4.596799,15,1533.185507
3.731959,13,1533.595961
4.911259,16,1534.119451
3.997259,14,1534.579832
4.49387,15,1535.063676
4.550446,16,1535.557623
3.387584,13,1535.982813
2.452692,11,1536.336786
3.06687,12,1536.720514
3.973929,14,1537.161471
2.958994,12,1537.556965
3.796257,14,1537.994869
4.052335,14,1538.432728
3.967033,14,1538.871287
4.528985,15,1539.356563
2.776257,12,1539.736473
-0.055679,17,1540.301168
3.571732,13,1540.712522
-1.004034,14,1541.150839
4.705381,15,1541.631685
-0.845785,14,1542.084204
4.828351,15,1542.565259
3.331297,12,1542.946037
3.862193,14,1543.397496
2.77271,12,1543.79305
4.564967,15,1544.262627
2.516975,11,1544.621845
-0.70332,15,1545.092079
3.998616,14,1545.530452
3.586613,13,1545.941833
4.487268,15,1546.424352
3.59862,14,1546.879303
4.914788,16,1547.388763
4.441036,14,1547.844043
3.264928,13,1548.254175
3.684247,13,1548.678891
2.915027,12,1549.060584
5.265178,17,1549.606853
5.073381,17,1550.14561
4.145474,14,1550.586323
4.160314,14,1551.027401
3.617886,13,1551.453858
2.855218,12,1551.838053
3.54222,13,1552.266061
4.480877,15,1552.746311
3.114253,13,1553.173611
-0.12572,15,1553.654912
3.112133,12,1554.053872
3.91925,13,1554.483363
4.124965,15,1554.953243
4.089409,15,1555.436623
4.239572,14,1555.878251
4.090014,14,1556.332563
-0.567036,15,1556.8137
5.354738,17,1557.369861
2.435394,11,1557.709883
4.542866,15,1558.191446
3.761903,14,1558.643904
3.244553,13,1559.066945
4.778896,16,1559.581419
-0.265863,15,1560.058328
2.772856,12,1560.441661
-0.439772,15,1560.934021
3.33516,12,1561.302697
4.006523,14,1561.739559
2.855072,12,1562.121922
0.580613,17,1562.645093
3.988442,15,1572.121866
4.44595,15,1572.602239
5.515922,19,1573.194778
4.621613,16,1573.702379
3.79815,15,1574.182476
4.567761,15,1574.653271
3.940809,14,1575.092802
4.555983,16,1575.616531
4.168056,15,1576.096521
3.947542,14,1576.551703
2.778306,12,1576.9199
4.095895,14,1577.37393
4.095385,14,1577.825305
3.773741,13,1578.238531
3.630699,13,1578.647557
3.836971,14,1579.101683
-0.459467,15,1579.588805
4.210268,15,1580.071546
0.384692,16,1580.568188
4.088355,15,1581.033588
3.725679,14,1581.473326
4.146542,14,1581.913712
4.524361,16,1582.423223
3.176392,13,1582.806433
-1.035216,14,1583.245269
4.453421,15,1583.712954
4.233607,15,1584.181794
5.189971,17,1584.725294
4.23188,14,1585.178086
2.74697,12,1585.545505
4.243105,14,1585.999227
3.598158,14,1586.451578
3.996523,15,1586.930409
4.440675,14,1587.384324
4.138543,15,1587.868316
3.597574,13,1588.265379
4.073583,14,1588.703102
4.126685,15,1589.183346
-0.127701,16,1589.700911
3.962777,14,1590.153356
4.099107,14,1590.605555
3.61204,13,1591.016057
3.433514,13,1591.441662
4.514546,15,1591.909184
4.52122,15,1592.388942
3.649917,13,1592.811599
-1.037205,14,1593.262729
-0.597727,16,1593.772821
3.515142,13,1594.183105
4.660818,16,1594.682914
3.615774,14,1595.118888
4.321033,14,1595.559038
4.006942,15,1596.0406
3.884667,14,1596.479149
4.95609,16,1596.986565
5.043581,17,1597.498381
2.827592,12,1597.879832
4.877651,16,1598.390359
4.244836,15,1598.871405
3.100774,12,1599.240295
3.959713,14,1599.687319
5.164864,17,1600.239545
-0.633812,14,1600.680701
4.137857,15,1601.161613
0.04777,18,1601.730163
4.810305,16,1602.243066
3.452407,13,1602.667091
2.742033,12,1603.050259
3.616339,14,1603.494488
3.262645,12,1603.879227
3.866973,14,1604.334102
0.252046,18,1604.922137
4.992246,16,1605.421258
4.833905,16,1605.932713
3.864815,14,1606.386968
4.198949,14,1606.827513
4.077215,15,1607.311344
2.67617,12,1607.694369
4.533338,16,1608.221982
3.886748,14,1608.676632
4.664995,15,1609.159055
0.209769,17,1609.716769
4.541347,16,1610.230419
-0.182105,15,1610.70015
4.552465,15,1611.167929
3.193557,13,1611.578167
3.715444,14,1612.020558
0.025221,16,1612.530266
0.042775,16,1613.042368
3.795234,14,1613.497214
5.099991,17,1614.047915
4.181136,14,1614.504521
3.526448,14,1614.944788
4.607174,16,1615.456575
3.756111,14,1615.895405
3.128291,13,1616.322395
4.340019,14,1616.778183
4.634827,16,1617.288231
3.891659,14,1617.74016
3.353476,13,1618.148235
3.460274,12,1618.530536
1.067915,18,1619.100227
3.998162,14,1619.542803
0.059874,16,1620.050752
2.153514,11,1620.406659
-0.705087,15,1620.889265
3.315502,13,1621.315273
3.511285,14,1621.769283
4.492689,15,1622.252248
4.813897,16,1622.765353
3.476966,12,1623.149437
3.728652,14,1623.590301
2.773212,12,1623.973598
0.112049,17,1624.516305
3.988922,15,1624.997576
3.882958,14,1625.452088
-1.838928,13,1625.879208
4.057083,14,1626.320668
5.337443,18,1626.885376
3.485638,13,1627.282651
4.091423,14,1627.710542
-0.825353,15,1628.179453
3.113736,13,1628.59045
3.45062,14,1629.045659
3.492562,14,1629.505292
4.5707,15,1629.988328
4.445714,16,1630.504449
3.843135,14,1630.960593
4.218822,15,1631.415424
3.186924,12,1631.81468
3.278486,13,1632.240346
4.171728,15,1632.708208
4.325803,15,1633.188533
3.636795,14,1633.640563
3.240878,13,1634.053222
4.422165,15,1634.537375
-1.358952,14,1634.991442
2.854881,12,1635.375052
4.398318,15,1635.855345
5.080202,17,1636.392701
4.991409,16,1636.899277
4.735246,15,1646.577101
3.691748,14,1647.029796
-0.735704,15,1647.508949
-0.306062,16,1648.019162
4.814595,16,1648.526398
4.277438,15,1649.006086
-0.979923,14,1649.46307
4.105002,14,1649.900702
3.848712,14,1650.342075
4.463103,15,1650.8242
-0.629084,15,1651.306333
4.495944,15,1651.788041
0.34002,17,1652.325536
2.872128,11,1652.680238
3.496091,13,1653.090828
3.434693,13,1653.514677
4.39253,15,1653.985259
2.435838,11,1654.323978
4.342872,16,1654.841914
-0.849798,14,1655.296799
4.772199,16,1655.805535
4.977221,16,1656.303326
4.213155,14,1656.76084
3.814154,14,1657.212604
5.111445,16,1657.721004
3.616118,14,1658.174129
3.919017,14,1658.612859
0.749373,17,1659.164192
3.082067,13,1659.596976
-0.785814,15,1660.064851
4.535979,15,1660.53471
4.126176,14,1660.974683
3.156529,12,1661.343205
4.093962,14,1661.784287
0.335026,17,1662.337896
3.66175,13,1662.750856
4.507052,16,1663.262615
3.254374,12,1663.642477
-0.79239,14,1664.081486
5.007056,16,1664.609623
3.329031,13,1665.021202
5.033773,16,1665.528898
4.194709,14,1665.982548
3.702528,14,1666.422182
4.230561,14,1666.87418
3.420818,13,1667.286194
3.263392,13,1667.709872
3.53453,13,1668.135005
0.143506,17,1668.674113
3.687483,13,1669.084552
3.305998,13,1669.512068
3.059264,13,1669.9372
3.788961,14,1670.375839
2.894555,12,1670.758254
3.243255,13,1671.168278
3.8688,14,1671.609338
3.025937,13,1672.021263
3.229117,13,1672.432671
4.595001,15,1672.915175
3.382777,13,1673.32499
4.255797,15,1673.805852
3.755175,14,1674.262341
4.515511,15,1674.764474
3.216276,12,1675.15974
3.825973,13,1675.584097
3.76558,13,1676.008674
3.679673,13,1676.419849
3.870887,14,1676.861338
4.025799,14,1677.302246
-1.721807,13,1677.699527
3.418132,13,1678.124657
4.684965,15,1678.591741
4.40773,15,1679.072073
4.146772,15,1679.560479
3.992182,14,1680.014014
3.947368,14,1680.47185
5.312287,16,1680.98121
4.468757,15,1681.463185
4.51864,15,1681.945174
-0.788495,15,1682.441923
5.300763,18,1683.008748
4.761513,16,1683.532264
4.648203,15,1684.013847
3.039192,12,1684.408271
3.829356,14,1684.861457
4.01103,14,1685.313967
4.183746,14,1685.754741
4.675331,16,1686.264003
3.746518,14,1686.715445
3.293698,13,1687.11238
3.334535,13,1687.522291
4.762434,16,1688.016328
2.719,12,1688.40971
3.653437,13,1688.832435
3.718254,14,1689.282783
4.449056,15,1689.76832
3.088041,13,1690.191566
3.485012,13,1690.599972
3.913573,14,1691.051481
-0.620223,15,1691.531549
3.694565,14,1691.968226
4.294756,15,1692.463401
4.462882,15,1692.9429
4.021326,14,1693.381459
3.477318,13,1693.791098
4.859577,16,1694.298837
1.981826,10,1694.62887
4.357578,15,1695.109466
3.830776,14,1695.547786
3.830495,14,1695.996706
3.00994,12,1696.378085
3.700702,13,1696.803719
3.721021,14,1697.256062
3.788779,13,1697.679882
2.531503,11,1698.047264
4.440518,15,1698.514449
3.979028,15,1698.982213
4.583051,15,1699.451607
4.731677,16,1699.949953
3.952273,14,1700.390233
4.653355,15,1700.858524
4.423114,15,1701.326883
2.892839,12,1701.723637
3.390398,13,1702.149271
4.189894,14,1702.603234
4.222754,15,1703.087004
4.553336,15,1703.566898
2.87251,12,1703.950591
4.210708,14,1704.404813
3.701618,14,1704.862024
4.674288,16,1705.356854
3.381313,13,1705.766781
0.044552,16,1706.294067
-0.598741,14,1706.732626
0.882102,19,1707.311056
3.649997,13,1707.736962
0.147011,16,1708.249421
3.293235,13,1708.67377
4.342292,15,1709.155906
3.411881,13,1709.587133
3.799811,14,1710.041196
4.468569,16,1710.550565
-0.696684,14,1711.007001
3.263403,13,1711.433223
-0.457166,15,1711.927719
3.626322,13,1721.441623
3.274142,13,1721.854982
-0.591042,15,1722.339197
4.109838,15,1722.81927
4.809406,17,1723.372322
4.498561,15,1723.85755
3.92306,14,1724.311973
4.314419,15,1724.772162
3.647822,14,1725.210226
4.900685,16,1725.705744
3.153708,12,1726.074191
4.425241,15,1726.55617
5.086554,18,1727.138933
4.513879,15,1727.592101
3.352312,13,1728.017673
3.502292,13,1728.415192
-0.274338,16,1728.909676
4.904459,16,1729.40573
3.525613,13,1729.825202
3.975618,15,1730.292504
4.881181,15,1730.773472
3.05548,13,1731.196246
3.279403,13,1731.62021
2.573271,12,1732.003009
4.28462,14,1732.440989
3.819875,13,1732.865239
3.413981,13,1733.274462
3.233418,13,1733.700465
3.780796,14,1734.150997
2.962568,12,1734.551558
0.270963,16,1735.06159
3.358332,13,1735.487824
4.91912,16,1735.995647
-1.074578,14,1736.4489
0.11286,16,1736.971941
3.618295,13,1737.397359
3.968945,14,1737.852711
3.374761,13,1738.263678
3.379894,13,1738.688272
4.414872,15,1739.172215
4.648518,15,1739.642642
-0.230277,16,1740.151717
-0.39166,16,1740.659307
4.444274,16,1741.184227
3.142192,12,1741.57995
3.308769,13,1741.98921
4.200622,15,1742.472793
2.918468,12,1742.854573
3.583064,13,1743.280081
4.135113,15,1743.760313
3.331412,13,1744.185035
4.890656,17,1744.726092
4.09527,14,1745.163181
4.053735,15,1745.633253
4.801231,15,1746.112949
3.943787,14,1746.5508
4.277378,14,1746.991875
4.475667,15,1747.472639
4.480658,15,1747.954636
5.079536,16,1748.463734
3.876799,14,1748.889733
4.28223,15,1749.37318
4.244439,14,1749.831944
4.165683,15,1750.299753
-0.987545,13,1750.713486
-0.741465,14,1751.154012
4.354322,15,1751.637863
3.134404,12,1752.032563
4.853168,16,1752.530263
2.851613,12,1752.914188
4.182548,15,1753.399115
3.544975,14,1753.850351
2.986513,13,1754.274825
3.806618,14,1754.734021
3.55359,13,1755.146829
3.83067,14,1755.571623
3.897519,14,1756.011203
4.551857,15,1756.509499
2.770369,12,1756.865844
4.667199,15,1757.335363
3.594199,14,1757.759441
4.25364,15,1758.226012
4.3997,14,1758.666654
3.534066,13,1759.064649
3.593138,12,1759.4335
2.849373,12,1759.820208
4.199298,15,1760.285148
4.329694,15,1760.751711
3.240727,13,1761.163742
4.445351,15,1761.631902
5.075078,17,1762.168786
-0.444294,15,1762.652475
3.863098,14,1763.107459
3.788092,14,1763.574749
4.203673,15,1764.058678
3.32827,13,1764.46953
3.76072,14,1764.925841
4.852904,16,1765.435281
3.854676,14,1765.890497
4.400748,15,1766.359811
2.890523,12,1766.756677
3.954916,14,1767.211073
-0.494526,16,1767.722862
4.233864,15,1768.188332
4.782965,16,1768.698619
4.50264,15,1769.179791
4.386444,15,1769.663978
0.165976,17,1770.204553
-0.314385,15,1770.68808
5.443765,17,1771.225858
-0.010845,16,1771.737967
-0.048832,16,1772.251077
4.810965,16,1772.764161
3.135164,12,1773.147537
3.23704,13,1773.558653
3.056292,13,1773.986208
-0.307031,16,1774.49761
2.840622,12,1774.870474
3.365698,13,1775.293793
3.409444,12,1775.69189
-0.449496,15,1776.176303
4.405168,15,1776.658838
4.825645,15,1777.142887
4.176085,15,1777.624422
3.33269,13,1778.035932
3.588787,13,1778.44715
4.611064,16,1778.970676
4.202396,15,1779.450558
3.573034,13,1779.883377
3.957279,14,1780.335816
4.221665,15,1780.81742
4.959231,16,1781.328333
0.248441,17,1781.880113
4.682427,16,1782.387505
-0.402888,15,1782.867621
3.860969,14,1783.305221
3.360393,12,1783.686457
3.944334,14,1784.124656
2.914654,12,1784.507834
3.621628,13,1784.921487
4.225415,15,1785.402769
3.507189,13,1785.812938
2.852608,12,1786.196552
4.267998,15,1795.827047
5.40838,17,1796.365971
2.773847,12,1796.7356
4.21374,15,1797.210211
3.036385,12,1797.580806
3.503988,13,1798.005145
4.815743,16,1798.517541
4.368803,15,1799.001127
-0.512977,15,1799.48941
4.75776,16,1800.001735
3.254428,13,1800.426003
3.607642,14,1800.882662
4.242419,15,1801.366279
2.707482,12,1801.751395
4.87544,16,1802.26036
4.245389,15,1802.740857
4.190358,14,1803.184457
4.391599,14,1803.624581
0.071388,15,1804.104177
4.232532,14,1804.547762
4.282432,14,1804.989609
3.546725,13,1805.387196
4.208408,14,1805.840617
5.181068,16,1806.348847
-0.597089,15,1806.831733
4.627494,15,1807.313944
-0.216795,15,1807.794729
4.187473,15,1808.274862
3.224337,12,1808.657966
4.597995,15,1809.126145
-0.754584,14,1809.581024
4.585318,16,1810.102939
4.348214,14,1810.542744
-0.33396,16,1811.054857
4.349014,15,1811.535629
4.471838,15,1812.015408
3.315965,13,1812.425391
4.566883,15,1812.922782
-1.227344,13,1813.332148
3.508745,13,1813.757077
2.662431,11,1814.107826
4.830119,16,1814.623161
4.06826,14,1815.076441
5.194192,17,1815.614783
2.980642,12,1815.995057
3.944241,14,1816.432291
0.049345,16,1816.929495
5.215228,16,1817.441875
2.881641,12,1817.823896
4.388492,15,1818.304107
3.649344,13,1818.715488
3.512666,13,1819.100271
3.807194,14,1819.55456
4.838607,15,1820.048873
4.811203,15,1820.532965
-0.109173,16,1821.031739
-0.8404,14,1821.484422
3.659288,13,1821.894756
3.455299,13,1822.308203
3.914271,14,1822.763534
3.482104,13,1823.188254
3.475189,13,1823.612539
3.939503,14,1824.066146
3.724022,14,1824.521447
4.891895,15,1825.006158
-0.603968,14,1825.458587
5.23151,16,1825.969856
3.445344,13,1826.395837
3.368274,13,1826.821352
4.457499,15,1827.309297
4.684347,15,1827.793221
3.567205,13,1828.220221
3.989354,14,1828.646801
3.381467,13,1829.0584
3.541036,13,1829.483885
4.022839,14,1829.942018
3.301608,13,1830.36651
3.554118,13,1830.77443
3.973633,14,1831.226365
4.615459,15,1831.708155
-0.468271,15,1832.190741
2.387835,11,1832.544548
3.281954,13,1832.967746
4.559319,14,1833.407163
4.998906,17,1833.948446
3.984303,14,1834.401697
-0.345824,14,1834.859644
4.747275,15,1835.326993
4.156107,14,1835.76874
3.760645,13,1836.19458
4.427857,15,1836.674841
-0.89797,15,1837.156575
4.939276,17,1837.710452
3.39771,13,1838.107899
3.744825,14,1838.547205
2.444393,11,1838.900485
3.027369,12,1839.281677
2.93339,12,1839.683107
-0.472521,15,1840.152004
-0.621777,15,1840.620279
3.363644,13,1841.032814
3.754763,14,1841.47478
3.72042,13,1841.899202
4.25971,15,1842.366542
2.794597,12,1842.734715
3.193993,12,1843.118978
4.338695,14,1843.572239
4.913287,15,1844.056163
4.902468,16,1844.567979
4.095073,14,1845.015273
4.382962,15,1845.48394
3.690083,14,1845.937325
4.446442,15,1846.406187
4.594064,15,1846.890687
4.20856,14,1847.345214
3.826447,14,1847.79912
3.41943,13,1848.222514
4.287546,15,1848.688961
3.925426,14,1849.143208
3.789799,14,1849.601496
3.733433,13,1850.028628
-0.495278,15,1850.497789
3.110185,12,1850.866786
4.586313,15,1851.346536
1.837288,10,1851.655664
-0.556923,15,1852.127925
3.146881,12,1852.525476
3.751464,14,1852.978219
4.768349,16,1853.486382
3.380717,13,1853.895346
4.781107,16,1854.415971
4.562846,15,1854.905199
3.8125,14,1855.359656
3.990711,14,1855.811818
3.889485,13,1856.222975
4.3351,15,1856.703946
3.566962,13,1857.131014
3.258003,13,1857.554179
3.868222,14,1858.005963
4.140647,14,1858.44354
4.062095,14,1858.883744
4.137501,14,1859.33563
0.028588,16,1859.850615
3.721334,14,1860.30315
-0.356322,15,1860.783118
4.140379,14,1861.235989
0.030117,16,1870.853639
4.060597,14,1871.304341
4.761976,16,1871.830466
3.268841,13,1872.242652
3.73006,14,1872.694849
4.615414,15,1873.175356
3.90399,14,1873.614985
4.109122,15,1874.096608
2.927607,12,1874.467791
3.568981,13,1874.886453
4.162585,15,1875.354371
4.315466,15,1875.81003
3.29869,13,1876.223313
4.137534,15,1876.691771
5.592641,17,1877.217077
-1.163689,14,1877.65671
3.013433,12,1878.025361
-0.507868,15,1878.505644
4.72439,15,1878.960604
3.432022,13,1879.373611
4.02047,14,1879.832177
3.832665,13,1880.256403
3.311753,13,1880.681326
3.371479,13,1881.106333
2.551102,11,1881.447915
4.400704,15,1881.941489
3.29985,13,1882.336322
4.306244,15,1882.787064
3.409648,13,1883.197191
4.696483,16,1883.692774
4.606856,15,1884.171609
3.704079,13,1884.579316
3.82806,14,1885.038022
3.929014,15,1885.517363
3.437741,13,1885.925878
4.643458,15,1886.406449
4.032727,14,1886.859258
3.246125,13,1887.283969
3.546545,13,1887.707025
4.806181,16,1888.201911
3.370027,13,1888.613195
3.982134,15,1889.096868
3.799171,14,1889.535627
-1.550361,13,1889.953664
3.658624,13,1890.364029
3.613453,14,1890.816739
0.583799,18,1891.399547
3.008951,12,1891.781563
3.667551,14,1892.220827
3.22134,13,1892.647122
-0.614117,15,1893.130586
3.427567,13,1893.541337
4.134646,14,1893.993848
-1.822051,12,1894.391862
4.640228,16,1894.923364
2.85037,12,1895.304667
4.134918,14,1895.744084
4.997801,17,1896.300875
0.110315,16,1896.810842
3.313382,13,1897.236074
3.83708,14,1897.688352
4.861047,16,1898.199013
5.002615,17,1898.741579
3.80892,14,1899.195811
4.536171,15,1899.682799
4.819391,16,1900.207812
2.511011,11,1900.549165
4.929603,16,1901.059335
3.810108,14,1901.513529
4.519996,15,1901.995959
4.188602,14,1902.450706
4.895023,16,1902.959991
4.758925,15,1903.442413
5.313152,17,1903.995114
3.67808,13,1904.4189
3.610661,13,1904.85001
4.602434,15,1905.333534
3.220115,13,1905.745828
-0.65225,14,1906.201343
3.856174,14,1906.653648
4.540079,15,1907.134899
4.53324,16,1907.660161
0.350293,17,1908.211006
-1.416647,13,1908.621832
3.760227,13,1909.032135
4.633137,15,1909.529338
4.320236,14,1909.98721
3.158873,12,1910.371284
3.264184,13,1910.798556
4.485036,15,1911.283282
4.868855,15,1911.767271
-0.619065,14,1912.211466
4.696262,15,1912.693316
5.762877,18,1913.262505
3.755158,14,1913.703536
3.807614,13,1914.116684
4.562914,16,1914.644951
4.721272,16,1915.165344
3.271774,12,1915.563997
3.087496,12,1915.93423
2.955905,12,1916.304149
3.198748,13,1916.718099
3.158672,12,1917.115709
3.632728,13,1917.542092
4.23817,15,1918.023195
5.100112,17,1918.563278
3.620375,13,1918.97658
4.473509,16,1919.487915
3.508257,13,1919.920945
3.829104,13,1920.348716
3.218916,13,1920.781138
4.808737,16,1921.295746
3.704384,14,1921.757351
3.042873,13,1922.175558
3.460256,13,1922.597231
-0.26033,15,1923.091822
3.83412,14,1923.551537
4.155457,15,1924.030432
3.298127,13,1924.444201
3.958408,14,1924.903268
3.32464,13,1925.328398
3.70362,14,1925.783198
3.460642,13,1926.181102
4.597184,16,1926.677897
4.002965,14,1927.145137
4.630224,15,1927.625855
3.79145,14,1928.079278
3.500812,13,1928.490477
3.932565,14,1928.941675
-0.76185,14,1929.395705
-0.218899,15,1929.879455
5.295676,17,1930.404206
3.747157,14,1930.856308
4.101144,14,1931.293308
2.81593,12,1931.687084
3.842511,14,1932.127611
0.594312,18,1932.708676
-0.683156,15,1933.190106
4.045551,15,1933.667846
4.437228,15,1934.150976
-1.161073,13,1934.576149
3.469331,13,1935.003812
3.117144,13,1935.414001
-0.683609,14,1935.855936
3.300243,13,1945.453559
-0.67,15,1945.940024
3.679982,13,1946.350258
2.732299,12,1946.732657
4.70397,16,1947.241822
-0.077318,15,1947.723222
4.082717,14,1948.174723
4.264421,15,1948.651651
3.729894,13,1949.062566
3.945288,14,1949.518279
-1.276495,13,1949.949847
3.86643,14,1950.403139
4.036432,15,1950.886097
4.473082,15,1951.371929
3.642692,13,1951.794055
-0.338554,15,1952.276534
3.838891,14,1952.715091
4.49543,16,1953.223526
3.673799,13,1953.63523
4.694593,15,1954.103237
4.130687,14,1954.541671
3.997994,14,1954.980731
3.852798,14,1955.430237
4.960598,17,1955.977867
3.786616,13,1956.40258
2.550123,11,1956.754219
3.796282,14,1957.218043
4.443159,15,1957.699664
-1.280679,14,1958.149593
3.722993,13,1958.57106
3.61668,13,1958.991799
5.197605,16,1959.497628
4.432554,15,1959.978648
-0.147875,16,1960.485076
3.738519,14,1960.934338
-1.458869,13,1961.355697
4.331496,14,1961.806787
4.092813,14,1962.256461
3.39407,13,1962.664583
1.349079,19,1963.269938
4.497574,15,1963.747711
4.168052,14,1964.185928
3.895345,14,1964.637203
2.818758,12,1965.007115
-0.0511,16,1965.528155
3.755237,14,1965.980314
3.772994,14,1966.418329
3.392529,13,1966.827427
3.24311,13,1967.220577
-1.61286,13,1967.628994
3.461141,13,1968.038256
4.643004,14,1968.490787
4.266592,15,1968.955683
5.343604,17,1969.494846
4.343369,15,1969.977432
4.324218,15,1970.442724
4.449739,15,1970.92217
4.742629,16,1971.41601
3.10382,13,1971.823508
4.416634,15,1972.28915
3.847757,13,1972.711371
3.822761,14,1973.147987
4.232792,14,1973.602
3.392974,13,1974.027261
4.024458,14,1974.478836
3.514351,14,1974.932366
2.810547,12,1975.312207
-0.556557,15,1975.792913
-0.792258,14,1976.243664
4.714651,15,1976.722064
-0.071553,17,1977.241584
4.463817,14,1977.691805
4.494121,15,1978.168245
3.076033,13,1978.57554
4.650173,15,1979.068822
2.454441,11,1979.408367
3.457226,13,1979.835515
4.021427,14,1980.285276
4.501965,15,1980.764771
5.251184,16,1981.272032
3.850858,14,1981.721613
4.025033,14,1982.157785
4.241241,15,1982.651067
4.584509,15,1983.131168
3.12947,12,1983.511492
4.471623,15,1983.98905
4.461283,15,1984.453427
-1.070291,14,1984.907188
5.010906,16,1985.401122
2.972634,12,1985.780955
2.981408,12,1986.131815
-0.329528,15,1986.609437
3.253457,13,1987.003912
3.067197,12,1987.369241
3.366656,13,1987.77641
4.529446,15,1988.255168
2.62329,11,1988.590406
5.050163,16,1989.09759
4.703859,16,1989.604203
4.724101,16,1990.11493
3.719221,14,1990.565909
-0.288967,16,1991.073702
4.103663,15,1991.551905
4.193615,14,1991.972485
-0.891352,14,1992.410589
4.065602,14,1992.862316
3.847257,14,1993.313537
3.727381,13,1993.736334
-0.268189,14,1994.188401
3.787007,14,1994.625169
2.528651,11,1994.983515
3.317641,13,1995.40733
4.396576,15,1995.871834
4.052337,14,1996.310836
4.38898,14,1996.749823
4.617228,15,1997.230016
3.281722,13,1997.654665
3.935268,14,1998.106836
3.359696,13,1998.529977
2.985015,12,1998.910399
3.929541,15,1999.390357
-0.143139,15,1999.873865
-1.036472,14,2000.311875
0.066088,17,2000.847993
0.324691,17,2001.396077
0.633133,17,2001.944922
4.468296,14,2002.380563
3.700434,13,2002.789514
4.95916,16,2003.281263
3.187159,12,2003.663353
4.824579,15,2004.14433
3.851582,14,2004.598743
-0.118626,15,2005.08202
3.825876,14,2005.518687
3.715986,14,2005.979343
-0.972568,14,2006.43779
3.636917,14,2006.890051
3.236545,12,2007.270098
2.696673,12,2007.65004
4.141288,15,2008.128995
3.61303,14,2008.580158
2.722482,11,2008.932353
4.208997,15,2009.425187
2.818443,12,2009.809313
3.645586,13,2010.202786
3.015383,12,2019.950913
3.428968,13,2020.374239
4.139444,13,2020.784263
-0.349226,16,2021.294992
4.500788,15,2021.762247
3.438337,13,2022.185112
-0.421792,15,2022.650306
2.491282,11,2023.003765
3.573853,13,2023.414222
4.366036,15,2023.897
4.420965,15,2024.379111
-0.078616,16,2024.89392
2.571972,11,2025.2469
-0.308409,15,2025.729003
-0.722048,15,2026.209462
3.039711,12,2026.606291
5.645309,18,2027.156704
4.215554,15,2027.623734
4.210342,15,2028.104364
3.568902,14,2028.542732
-0.494856,16,2029.052529
4.206496,14,2029.488015
3.286253,13,2029.898939
4.395244,15,2030.379141
3.781894,14,2030.830447
-0.390887,15,2031.309744
2.828248,12,2031.690769
3.27132,13,2032.099588
3.898411,14,2032.53873
4.245824,15,2033.017808
-0.310702,15,2033.51083
3.767254,14,2033.949837
4.820487,15,2034.438456
3.115087,12,2034.830035
3.903367,14,2035.284751
3.447111,13,2035.695629
3.829174,13,2036.122173
0.355093,17,2036.644644
5.604326,18,2037.244062
0.453232,16,2037.754522
3.220084,13,2038.166117
4.633671,15,2038.646224
4.369478,14,2039.098253
4.326387,14,2039.53856
2.974475,12,2039.92534
-1.134646,13,2040.323313
5.165086,16,2040.81958
3.461051,13,2041.244009
4.432728,14,2041.696382
-1.494497,13,2042.119467
-0.582055,15,2042.601577
-0.244107,15,2043.081349
3.698253,14,2043.535486
3.068026,12,2043.931489
5.160537,16,2044.440679
3.546221,14,2044.882915
4.498429,15,2045.349785
4.256377,15,2045.817448
4.556704,16,2046.340246
3.829262,14,2046.778479
3.482817,13,2047.173374
3.895871,14,2047.626989
-0.382516,15,2048.093413
4.268972,14,2048.529512
4.056942,14,2048.980327
4.345778,15,2049.459628
4.037389,14,2049.914933
4.079236,14,2050.365147
5.04846,16,2050.873871
3.992582,14,2051.327111
-0.32778,15,2051.808912
3.581069,13,2052.231879
4.040339,14,2052.683555
4.423436,15,2053.162061
4.644297,14,2053.600112
4.291437,15,2054.07777
-1.403231,13,2054.484931
4.093309,15,2054.966124
4.174144,15,2055.44507
3.527534,14,2055.880565
-0.307438,15,2056.359051
2.914417,12,2056.727099
4.188386,15,2057.207455
4.265179,15,2057.672888
3.978713,14,2058.12419
3.695854,14,2058.57778
0.176962,16,2059.08857
5.415303,18,2059.655931
4.055296,14,2060.110374
2.652061,12,2060.506043
4.431236,15,2060.974846
-0.604792,16,2061.470356
4.90616,16,2061.979412
4.026624,14,2062.432558
3.443073,13,2062.85918
5.131207,16,2063.368316
-0.776726,15,2063.850982
3.72838,14,2064.290088
3.413392,13,2064.703162
5.319805,16,2065.220381
-0.20949,16,2065.731186
4.018707,14,2066.174262
2.767896,12,2066.559649
3.396058,13,2066.98503
4.526092,16,2067.508649
3.564567,14,2067.947377
2.824652,12,2068.346528
2.983916,12,2068.715642
3.061138,12,2069.096574
5.295101,17,2069.648412
-0.35563,15,2070.135475
3.23854,12,2070.518988
2.927594,12,2070.915924
3.841432,13,2071.325157
-0.182291,16,2071.8335
4.122285,14,2072.290241
-0.633435,15,2072.744674
3.0414,13,2073.154314
3.478354,13,2073.578572
4.154008,14,2074.032227
4.169808,14,2074.487976
-0.888655,14,2074.943176
4.512862,15,2075.423115
2.776901,12,2075.804289
2.926537,12,2076.186207
-0.589669,15,2076.654304
0.760044,18,2077.206468
-0.665308,15,2077.672729
4.343336,15,2078.137605
2.834846,12,2078.533785
3.961122,14,2078.985044
3.44074,13,2079.408697
3.191061,13,2079.837873
4.720053,16,2080.346831
4.186402,14,2080.799469
4.34559,14,2081.252335
2.722701,12,2081.636446
3.915914,14,2082.075596
2.901166,12,2082.456171
3.476483,13,2082.853955
-0.784197,14,2083.310126
4.371339,15,2083.792122
2.88395,12,2084.174782
-0.640099,15,2084.655304
3.670646,13,2085.067971
3.526868,13,2094.851201
5.299327,16,2095.377483
2.721696,11,2095.731495
0.194577,17,2096.258262
-0.666763,15,2096.727086
4.006695,14,2097.169378
2.660506,12,2097.552188
-0.974365,14,2097.994376
4.610291,15,2098.477109
0.521971,18,2099.030887
4.084805,15,2099.485116
3.388915,14,2099.928208
4.776482,16,2100.439047
3.449693,13,2100.837208
4.671411,16,2101.345941
-0.401708,15,2101.827496
4.859727,17,2102.377914
3.939049,14,2102.815845
4.854673,16,2103.309936
3.291639,13,2103.719754
-0.239505,16,2104.227125
4.133007,14,2104.665854
2.996457,12,2105.04925
4.696336,16,2105.556254
4.533502,15,2106.033597
3.819042,14,2106.472392
-0.428963,16,2106.982611
4.204099,15,2107.463583
3.97862,14,2107.916035
-1.3706,14,2108.366699
4.688737,16,2108.878624
4.862664,16,2109.386277
-0.434219,16,2109.904463
3.812638,14,2110.343957
3.332654,13,2110.754991
3.393259,13,2111.180234
3.699675,14,2111.646766
5.676515,18,2112.226474
0.484846,17,2112.765673
-0.791452,15,2113.245794
4.241553,15,2113.726023
4.687455,16,2114.234133
4.042715,15,2114.727692
3.414306,13,2115.143003
4.833315,17,2115.682507
5.005062,16,2116.204568
2.883661,12,2116.603287
5.088457,17,2117.144601
3.287046,13,2117.554431
4.080949,14,2117.992611
2.992038,13,2118.420146
4.819247,15,2118.90251
4.872788,16,2119.412209
3.966474,14,2119.853734
4.607149,16,2120.36695
-0.771366,14,2120.806851
5.089069,16,2121.303015
3.34821,13,2121.713936
-0.305887,15,2122.210173
4.863216,16,2122.7187
4.301708,15,2123.187366
3.868981,14,2123.640628
5.607773,17,2124.17742
4.101439,14,2124.629723
3.304647,13,2125.059002
3.500837,13,2125.47035
-0.739771,15,2125.953354
-0.855598,15,2126.420202
-0.598175,15,2126.902401
3.231141,13,2127.312078
4.184536,15,2127.781052
4.285661,15,2128.247807
-0.83171,14,2128.673217
3.5209,13,2129.082517
4.415913,15,2129.549869
4.767317,15,2130.035111
3.113746,13,2130.458961
3.309936,13,2130.88674
4.426975,15,2131.367373
-0.036492,16,2131.879172
4.624588,15,2132.345286
3.92605,15,2132.827324
4.708862,16,2133.324082
4.128625,15,2133.791754
3.404305,13,2134.217234
4.786509,16,2134.727593
4.294002,15,2135.200033
4.086369,14,2135.651019
3.284014,13,2136.061796
2.864553,12,2136.459265
3.849534,14,2136.899013
3.886037,14,2137.34072
4.282738,15,2137.809484
-0.366735,16,2138.31685
0.432198,18,2138.880827
5.114622,17,2139.43591
4.182785,15,2139.922225
3.364358,13,2140.330505
4.165196,15,2140.81167
4.228194,15,2141.278121
3.995441,14,2141.715271
3.902093,13,2142.138624
3.419324,13,2142.551113
4.767591,16,2143.07495
3.51928,13,2143.484971
-0.346499,15,2143.967875
3.566022,14,2144.425774
4.945395,16,2144.955626
4.482753,15,2145.447461
3.562036,13,2145.856596
-0.902079,15,2146.325567
3.984943,14,2146.763971
3.501659,13,2147.174175
-0.904879,15,2147.639678
-0.47913,16,2148.161153
0.451483,18,2148.727378
2.582679,12,2149.108647
3.301982,13,2149.530768
4.938065,16,2150.044944
4.773186,15,2150.524837
3.909453,13,2150.9503
3.931642,15,2151.419532
4.122265,15,2151.900792
3.89145,15,2152.368225
0.033552,16,2152.880982
4.273403,15,2153.34604
3.878721,14,2153.798691
3.467393,13,2154.221697
3.779563,14,2154.675076
4.596637,15,2155.159231
3.05897,13,2155.584535
-0.270734,16,2156.095866
4.282912,15,2156.577691
3.99505,15,2157.057972
3.093543,13,2157.481158
-1.59178,13,2157.905468
3.523249,13,2158.330261
3.6782,14,2158.787519
3.821408,14,2159.229116
3.444473,13,2159.64098
4.287847,14,2169.648953
-0.444874,15,2170.135911
-0.902871,14,2170.57665
4.013834,14,2171.017404
4.200193,15,2171.500941
4.478214,15,2171.98587
4.140467,15,2172.472034
3.934674,14,2172.911028
3.652362,13,2173.322542
3.894525,13,2173.718579
3.659432,14,2174.158181
3.635717,13,2174.557107
3.401415,13,2174.958401
-1.92282,12,2175.34181
3.81808,14,2175.795185
4.05125,14,2176.232481
3.806271,14,2176.683333
3.187835,13,2177.091892
3.182119,13,2177.516236
3.21417,13,2177.941941
3.260264,13,2178.366216
4.222173,15,2178.847328
4.517611,15,2179.325887
4.115105,14,2179.778235
4.087304,14,2180.232315
3.630627,14,2180.670949
4.68633,15,2181.135933
-0.098907,15,2181.587425
4.130858,14,2182.040469
3.765602,14,2182.492818
4.700147,15,2182.973172
-0.652437,15,2183.45295
4.558761,14,2183.889743
4.770022,16,2184.400195
3.812416,14,2184.852053
4.670069,16,2185.366083
3.891079,14,2185.820253
3.047005,12,2186.203416
4.848941,16,2186.702066
3.876076,14,2187.156535
4.896769,17,2187.696674
4.577519,15,2188.177683
3.228858,13,2188.602587
4.579902,16,2189.099125
3.662253,14,2189.552881
4.119732,14,2189.996927
4.090243,14,2190.449171
4.107125,14,2190.887649
4.888272,16,2191.395462
5.165015,16,2191.891035
4.001832,14,2192.342421
-0.296826,15,2192.825421
4.038363,14,2193.264328
3.620405,13,2193.674552
2.888218,12,2194.0718
3.749387,14,2194.524119
3.641732,14,2194.966141
3.880433,14,2195.4046
-0.244164,15,2195.885612
3.368401,13,2196.311284
5.091715,17,2196.851055
-0.700847,15,2197.332108
5.054603,16,2197.841378
4.91838,16,2198.349864
4.39395,15,2198.834257
3.78056,14,2199.285774
3.839817,14,2199.723058
-1.693386,13,2200.151252
4.274637,15,2200.631085
0.021261,16,2201.125275
3.022889,12,2201.506775
3.874366,14,2201.959277
4.076095,15,2202.440979
3.790718,14,2202.892368
3.226457,13,2203.316693
4.010149,14,2203.769521
4.106198,14,2204.206426
3.395509,13,2204.61692
4.516042,15,2205.072375
2.72126,12,2205.453292
4.290104,15,2205.9336
4.893141,17,2206.485517
3.843237,14,2206.923952
4.078365,15,2207.407199
-0.406584,15,2207.890731
3.765328,13,2208.31599
3.849746,14,2208.771297
4.608708,16,2209.279672
4.313931,15,2209.77696
4.939665,16,2210.288874
3.939153,14,2210.744309
3.259974,13,2211.142177
-0.509949,15,2211.624899
3.404321,13,2212.034174
4.194359,15,2212.500908
3.683827,13,2212.913081
-0.664315,15,2213.412607
3.543543,13,2213.821717
4.442066,16,2214.33249
4.578962,15,2214.815838
3.469845,13,2215.242396
3.988471,15,2215.708596
-0.006212,16,2216.206589
-0.02522,16,2216.731835
3.648057,14,2217.171027
3.845287,14,2217.60869
5.282719,17,2218.147838
2.340838,11,2218.487845
3.37015,13,2218.91476
3.635653,14,2219.354553
3.637457,13,2219.76524
3.909537,14,2220.203916
3.964525,14,2220.65477
4.177656,14,2221.107212
3.240107,13,2221.516995
3.838415,14,2221.95334
3.282089,13,2222.332904
-1.261416,13,2222.742891
5.054602,17,2223.277905
4.477608,15,2223.757267
4.91311,16,2224.25352
3.035141,13,2224.677078
-0.509012,14,2225.116663
4.125422,15,2225.594434
4.341799,15,2226.060415
4.088424,14,2226.511524
4.051104,15,2226.990733
-0.940206,14,2227.417321
4.196741,15,2227.89932
-0.431309,15,2228.370247
3.56894,13,2228.765096
4.113119,14,2229.189441
-0.896313,14,2229.642788
3.57183,13,2230.069362
3.438539,13,2230.495285
3.515074,13,2230.919494
0.124686,17,2231.459156
3.369716,13,2231.884999
4.583125,15,2232.368141
4.307588,14,2232.82162
5.060248,16,2233.333742
3.426063,14,2233.787005
4.055957,14,2234.238736
0.224528,17,2244.319516
3.169916,13,2244.746982
4.330799,14,2245.205834
3.30268,13,2245.632273
3.130456,12,2246.033128
4.815981,16,2246.532279
-0.282725,16,2247.041555
3.328795,13,2247.466363
3.252768,13,2247.889771
-0.377362,15,2248.371404
3.297943,13,2248.782037
4.884883,17,2249.335399
3.876792,14,2249.773499
2.985138,12,2250.165869
4.749369,16,2250.668829
3.969671,14,2251.093142
3.629891,14,2251.546107
3.490057,13,2251.958868
4.324919,15,2252.442363
5.144796,16,2252.95193
3.930242,14,2253.404158
2.952615,12,2253.786599
4.150432,15,2254.256078
3.686757,13,2254.680541
-0.217647,16,2255.194616
4.639565,15,2255.6595
4.399851,14,2256.097809
4.748078,16,2256.592376
3.151065,12,2256.988337
3.396397,13,2257.412088
3.860241,14,2257.865244
4.402737,15,2258.34722
3.431522,13,2258.771455
3.955611,14,2259.222746
4.464189,15,2259.701496
4.132422,14,2260.158203
3.119084,13,2260.567424
4.394786,15,2261.034721
3.472801,13,2261.44445
4.143894,14,2261.884043
4.219109,15,2262.351471
3.868262,13,2262.762332
-0.753528,16,2263.258609
4.524625,15,2263.725578
-1.574852,13,2264.137162
4.498838,15,2264.604546
3.028622,12,2264.9808
4.640009,15,2265.435875
2.942324,12,2265.819026
4.312722,15,2266.300889
4.701613,16,2266.809462
-0.053165,16,2267.318455
-0.832325,14,2267.770188
4.115807,14,2268.220352
4.393293,15,2268.70434
4.289578,15,2269.185448
3.893304,14,2269.623221
3.803151,14,2270.080755
2.352698,11,2270.42134
3.276461,13,2270.831352
4.578367,15,2271.296317
3.80619,14,2271.749464
3.448753,13,2272.172951
3.525436,13,2272.582838
5.013127,16,2273.092934
2.958724,12,2273.488928
3.404126,13,2273.914007
3.576866,13,2274.324823
3.828475,14,2274.764419
4.749001,16,2275.278714
4.837635,16,2275.80326
3.793098,14,2276.256855
3.151338,12,2276.626052
3.559727,13,2277.020684
4.262145,15,2277.498357
4.316556,15,2277.963547
4.238935,14,2278.399519
3.753761,14,2278.837162
3.808713,14,2279.289128
3.59438,13,2279.698872
4.172537,15,2280.180768
3.113868,12,2280.57649
4.712791,16,2281.086032
3.245177,12,2281.481758
3.967515,14,2281.931327
3.931417,14,2282.383276
3.740958,13,2282.80607
4.768841,16,2283.299436
4.54877,15,2283.766175
4.977921,16,2284.275598
5.198543,16,2284.798648
4.49709,15,2285.288363
4.130397,14,2285.74211
4.96954,17,2286.294684
4.096986,14,2286.734473
4.133828,15,2287.202254
3.160981,13,2287.61407
3.622884,13,2288.024629
-1.122433,14,2288.478835
0.199158,17,2289.030309
3.85145,14,2289.482246
3.688323,13,2289.90887
3.762092,14,2290.353712
-0.134393,15,2290.823158
3.861101,14,2291.248864
3.089373,12,2291.632109
4.289084,15,2292.084616
3.726304,14,2292.522579
0.132763,17,2293.062715
3.044578,12,2293.429372
3.480673,13,2293.853589
4.692669,16,2294.36333
-0.220797,16,2294.87458
3.664355,14,2295.333571
3.82717,14,2295.770406
4.503114,15,2296.250366
-0.951328,14,2296.674989
3.968546,14,2297.113313
4.657803,16,2297.636231
4.311158,15,2298.116281
4.424423,15,2298.595997
3.955185,14,2299.049426
3.660707,13,2299.472781
5.400921,17,2300.014162
4.448877,15,2300.496045
4.115464,15,2300.961576
0.326615,17,2301.528536
3.161822,13,2301.940765
-0.080225,16,2302.447535
-0.958612,14,2302.886359
4.052064,14,2303.338443
4.04087,14,2303.77696
3.531236,13,2304.188478
4.879222,16,2304.696362
3.266923,13,2305.110854
-1.296257,13,2305.536934
3.481045,13,2305.951466
2.966649,13,2306.378002
4.447272,15,2306.859857
-0.132841,15,2307.340941
2.789935,12,2307.722727
4.565729,15,2308.20788
4.072413,14,2308.661469
3.780029,13,2309.088876
-0.961956,14,2319.108263
4.183071,15,2319.563659
3.634807,13,2319.988416
4.376144,15,2320.455249
4.355301,15,2320.936666
-0.899623,15,2321.416707
3.596872,13,2321.839879
3.975903,14,2322.294497
3.726641,13,2322.719142
2.948442,12,2323.086368
4.448961,15,2323.565872
3.842093,14,2324.015289
4.300965,15,2324.482583
3.186999,13,2324.890803
3.630296,13,2325.30369
4.460435,15,2325.772868
3.926152,14,2326.226412
4.326797,15,2326.694763
4.934505,16,2327.202704
-1.389156,13,2327.626736
4.26117,15,2328.107776
2.583848,12,2328.48862
4.466013,15,2328.968044
3.34458,13,2329.363529
2.830233,12,2329.745725
3.631997,14,2330.189426
3.363172,13,2330.613313
3.958454,14,2331.052027
4.930651,16,2331.559979
4.655368,15,2332.040324
3.081596,12,2332.436685
2.930932,12,2332.81829
3.159173,12,2333.214023
4.138743,14,2333.664673
-0.959078,14,2334.119561
4.042013,14,2334.570228
4.278742,16,2335.081313
-0.80737,14,2335.534474
-0.38358,15,2336.015358
-0.991732,14,2336.480708
2.514894,12,2336.861845
3.577739,14,2337.313458
0.148884,16,2337.824197
4.00958,14,2338.277013
4.581065,16,2338.784266
5.734287,18,2339.335361
3.528363,13,2339.745723
3.955939,15,2340.229597
-1.412722,14,2340.683649
-0.368646,15,2341.167804
-1.430484,13,2341.580323
-1.919248,12,2341.971856
3.901683,14,2342.425706
4.018745,14,2342.879754
4.461018,15,2343.360617
-0.148092,16,2343.872576
4.571369,15,2344.340889
-1.559876,13,2344.764537
4.604811,16,2345.264724
3.505442,13,2345.689042
-0.701934,14,2346.127468
3.367567,13,2346.538369
-0.574364,15,2347.005524
3.809733,14,2347.443452
4.508771,16,2347.952219
5.548338,17,2348.474379
-1.444649,13,2348.885949
-0.916502,14,2349.338467
3.398648,13,2349.763072
4.151022,15,2350.248356
3.638446,14,2350.688698
-0.645038,15,2351.156135
3.170218,13,2351.578182
3.151019,12,2351.976024
0.269976,17,2352.513275
3.853519,14,2352.966625
2.811349,12,2353.335411
0.199702,17,2353.873655
3.211151,12,2354.257483
0.212676,17,2354.810602
2.971421,12,2355.182432
4.014913,15,2355.649987
5.607039,18,2356.230667
3.590713,13,2356.655852
5.250637,18,2357.237562
5.011243,16,2357.732492
4.176422,15,2358.227591
2.75832,12,2358.598594
4.021068,14,2359.025175
0.127964,17,2359.565987
4.305124,15,2360.051544
-0.573181,15,2360.536084
4.262397,15,2361.03191
3.945019,15,2361.514401
3.984637,15,2361.997357
4.738389,15,2362.479154
4.896922,17,2363.016716
3.389566,13,2363.442698
4.112122,14,2363.895079
3.811195,14,2364.337171
-0.932717,14,2364.777182
0.042386,16,2365.279342
4.540244,16,2365.79198
4.235156,15,2366.27332
2.873329,12,2366.655426
3.950229,14,2367.107572
4.73691,16,2367.60262
4.261262,15,2368.081897
3.721339,14,2368.508528
4.380791,15,2369.003484
4.312423,15,2369.483126
4.354312,15,2369.964244
4.117023,15,2370.435849
3.924326,14,2370.889259
-0.617994,15,2371.371017
4.585863,16,2371.879714
0.279433,17,2372.417359
3.90247,14,2372.870813
4.5999,16,2373.382898
4.626809,15,2373.849914
5.160513,17,2374.402131
4.36298,15,2374.871341
3.945988,14,2375.32817
-0.735785,15,2375.798469
2.942902,12,2376.166274
4.942597,17,2376.702815
3.07997,13,2377.129354
4.350636,15,2377.611397
3.303923,13,2378.038446
-0.137062,16,2378.534921
3.724732,14,2378.987355
4.579193,16,2379.497033
2.162551,11,2379.851326
3.923549,14,2380.294803
4.131827,15,2380.763776
-1.294938,14,2381.189532
3.405741,13,2381.573071
-0.748876,14,2382.01416
3.819332,14,2382.453843
-0.473491,16,2382.962763
0.088501,16,2383.473681
4.59731,16,2383.968643
3.899648,14,2394.129998
5.301381,18,2394.696002
2.658853,12,2395.064763
4.230037,15,2395.537011
-0.751058,15,2396.0214
4.555186,16,2396.516883
3.655538,14,2396.957239
4.443049,16,2397.470401
0.092653,17,2398.010869
4.273979,15,2398.491098
4.80849,16,2398.998735
4.458756,15,2399.481429
5.008631,17,2400.030332
4.828981,17,2400.571005
5.033853,17,2401.095055
3.800194,14,2401.531825
3.921951,15,2402.012762
3.131517,13,2402.43635
2.72487,12,2402.817659
4.210335,16,2403.32564
3.973591,15,2403.805805
3.805011,14,2404.259475
4.179104,15,2404.724935
3.166419,13,2405.124395
0.117443,16,2405.634207
4.060174,15,2406.089929
3.270966,13,2406.484977
-0.169075,17,2407.021129
4.508266,16,2407.530127
3.240417,13,2407.94058
4.018488,14,2408.390918
4.055329,15,2408.868063
-0.896772,14,2409.307259
-0.836411,14,2409.762868
3.075621,13,2410.189672
3.014631,13,2410.613856
3.703649,14,2411.051652
-0.304764,16,2411.576726
3.193677,13,2411.988223
4.373955,15,2412.456111
5.020524,17,2412.994246
4.147698,15,2413.462119
3.707639,14,2413.915437
0.12004,16,2414.422726
2.264486,11,2414.775815
4.509006,15,2415.263623
3.537312,13,2415.689239
2.558048,12,2416.071296
4.010036,15,2416.538758
3.287764,13,2416.964128
3.152209,13,2417.360402
4.840327,16,2417.85823
3.255317,13,2418.267845
-1.167252,14,2418.693927
4.104535,15,2419.189283
2.724694,12,2419.55868
5.155216,16,2420.067265
-0.025077,16,2420.580575
3.58713,14,2421.019003
3.968761,14,2421.468891
3.459529,13,2421.893071
3.8184,14,2422.329811
4.623767,16,2422.839672
2.670398,12,2423.222306
4.292637,15,2423.689204
3.302784,13,2424.098451
3.572898,14,2424.534043
3.006455,12,2424.929887
4.175877,15,2425.402681
3.451083,14,2425.857807
3.736629,14,2426.309674
4.792753,16,2426.817117
3.785554,15,2427.282333
3.064478,13,2427.707946
-1.038253,14,2428.162169
3.575942,14,2428.614345
3.691596,14,2429.067692
0.672131,18,2429.632791
3.180134,13,2430.058422
3.323812,13,2430.473692
3.320323,13,2430.885736
4.475233,16,2431.39541
4.937388,16,2431.904584
-0.082302,16,2432.415012
3.308377,13,2432.826005
5.765751,19,2433.420981
3.341377,14,2433.87409
3.661412,13,2434.283933
3.597616,14,2434.736584
4.737853,16,2435.2511
3.788641,14,2435.705641
0.089377,17,2436.243168
5.131328,17,2436.781484
-0.728701,16,2437.296157
3.934262,14,2437.735489
0.832488,19,2438.328222
2.791983,12,2438.712094
3.818945,14,2439.166582
4.732601,16,2439.678876
3.677429,14,2440.123168
4.86003,17,2440.650779
3.261936,13,2441.064871
-1.181626,14,2441.517909
4.770115,17,2442.056236
3.962299,15,2442.52584
-0.584731,15,2443.007598
-0.411862,16,2443.533154
-0.346184,16,2444.042169
4.278339,15,2444.510329
3.075205,13,2444.908125
3.565488,14,2445.323862
3.221264,13,2445.734416
4.878329,17,2446.283946
-1.312252,14,2446.738473
3.214122,13,2447.148424
5.080973,17,2447.702135
3.608288,14,2448.153657
-0.608487,15,2448.617394
4.187605,15,2449.097693
3.172584,13,2449.507298
6.09635,19,2450.089115
4.033284,14,2450.530734
4.880636,17,2451.068652
3.810349,14,2451.522027
3.411392,13,2451.946339
4.687307,16,2452.470651
4.661489,16,2452.981301
3.292657,13,2453.407904
4.612499,15,2453.890465
-0.339711,15,2454.371751
-1.518296,13,2454.797142
4.474616,15,2455.285013
3.156412,13,2455.708957
3.902166,15,2456.192928
3.179735,13,2456.616756
4.035732,15,2457.098229
4.799939,16,2457.611374
3.844406,14,2458.066318
3.544704,14,2458.519814
3.499151,13,2458.945188
4.446215,15,2469.209003
4.170984,15,2469.690499
4.140313,15,2470.177197
-0.173402,16,2470.676479
-0.069743,17,2471.202238
4.542554,16,2471.683372
0.029636,16,2472.193186
4.321523,15,2472.673948
4.372936,15,2473.157458
3.561264,13,2473.581095
4.697418,16,2474.079807
5.165808,16,2474.588736
3.854766,14,2475.040026
4.033712,15,2475.52411
-0.526581,16,2476.018533
2.638254,12,2476.401755
5.01546,17,2476.923285
3.32854,13,2477.348482
0.172289,17,2477.876455
5.446523,18,2478.442843
3.553052,14,2478.896075
3.399292,14,2479.333471
4.147695,15,2479.800851
4.620767,16,2480.301509
4.455663,16,2480.809445
3.954145,15,2481.291946
3.186952,13,2481.69047
3.949809,15,2482.173239
3.897903,15,2482.654996
3.947031,15,2483.13487
3.864586,14,2483.588151
4.200121,15,2484.069641
-0.591004,15,2484.537068
4.147976,15,2485.017871
4.819897,17,2485.560175
3.930061,14,2486.016586
4.017026,15,2486.496886
4.772014,16,2487.008627
4.613863,16,2487.520691
3.876136,14,2487.975185
-0.496001,16,2488.474213
4.082535,15,2488.955798
-0.153819,16,2489.463684
3.623073,14,2489.919505
-0.790849,15,2490.406714
4.006607,15,2490.887851
4.706006,17,2491.427339
0.34763,18,2491.995736
4.664458,16,2492.505905
3.180902,13,2492.931602
-0.297169,17,2493.45804
5.5661,18,2494.029042
4.529569,16,2494.539799
-0.124593,17,2495.079346
-0.633542,16,2495.583771
4.809464,17,2496.15082
-0.682338,15,2496.605085
4.270378,15,2497.069682
4.348219,15,2497.549684
5.280259,18,2498.104566
3.618259,14,2498.546273
3.631046,14,2498.972275
4.685866,16,2499.483419
4.797604,17,2500.021831
4.444069,15,2500.507457
4.253753,15,2500.988754
4.734718,17,2501.52485
4.596908,16,2502.02204
3.285577,13,2502.445469
3.212523,13,2502.84254
3.829024,14,2503.267178
3.552839,14,2503.689691
4.454215,16,2504.170345
5.676072,20,2504.804317
3.586618,14,2505.246684
3.997871,15,2505.729839
-0.00669,17,2506.267375
-0.516502,16,2506.775641
4.081807,15,2507.258024
3.706107,14,2507.697941
3.753061,14,2508.150527
3.623188,13,2508.560033
2.63265,12,2508.928149
4.377858,16,2509.438113
3.699832,14,2509.875717
4.07537,15,2510.363113
3.75901,15,2510.816436
-0.188367,16,2511.31265
4.582393,15,2511.794776
4.439085,15,2512.261338
3.723328,14,2512.715802
5.001609,18,2513.296458
-1.322838,14,2513.735473
4.00462,14,2514.18891
3.48686,13,2514.59868
-1.29181,14,2515.053333
5.353406,17,2515.596513
3.47436,14,2516.024415
4.333084,14,2516.476134
4.894995,17,2517.030252
3.020553,13,2517.425182
5.325698,17,2517.946031
4.102997,15,2518.413661
3.666548,14,2518.864247
3.611338,14,2519.300853
5.010483,17,2519.85242
4.302632,15,2520.326004
3.536929,14,2520.764906
5.345352,17,2521.314351
4.428597,15,2521.777451
4.744178,16,2522.273494
4.018219,15,2522.74094
4.466541,16,2523.249956
4.46567,16,2523.758504
4.923477,17,2524.29171
3.710296,14,2524.728154
4.357385,15,2525.212718
-0.650607,15,2525.692644
3.557268,14,2526.115606
4.742535,16,2526.608903
4.282938,15,2527.074661
4.363421,16,2527.582787
4.193076,16,2528.077172
4.978993,16,2528.573136
4.192892,15,2529.054662
0.854217,18,2529.636155
-0.726869,15,2530.104406
3.504011,14,2530.549202
4.356583,15,2531.030893
4.435116,15,2531.510447
4.157929,14,2531.936498
-0.080584,16,2532.43513
4.427576,16,2532.931431
4.567365,16,2533.44166
0.295484,17,2543.835255
3.079907,13,2544.260501
3.27399,14,2544.716259
-0.538887,15,2545.203498
-0.676967,15,2545.689003
4.694487,16,2546.205596
4.16826,15,2546.673722
3.864897,15,2547.145351
2.926943,12,2547.529654
3.70063,14,2547.971014
-1.253524,14,2548.411132
-0.553678,16,2548.90914
4.24267,15,2549.391765
4.670814,16,2549.917437
4.178267,15,2550.407345
4.328275,15,2550.891267
3.721436,14,2551.330885
4.425905,16,2551.843009
3.655972,14,2552.296299
3.162513,13,2552.708586
3.347173,13,2553.133689
0.523868,18,2553.713267
4.755482,15,2554.197403
4.493163,15,2554.66247
3.254947,13,2555.07257
4.545162,16,2555.598703
3.999566,14,2556.036093
3.667209,14,2556.475203
4.161743,15,2556.944253
3.66715,14,2557.383245
3.748471,15,2557.849213
3.11126,13,2558.261137
0.583358,19,2558.855738
4.168114,15,2559.320962
4.13051,15,2559.801054
-0.492071,16,2560.299045
3.688613,14,2560.751791
4.592838,16,2561.260799
4.692783,16,2561.784828
3.820007,14,2562.237774
-0.784319,15,2562.720563
4.516623,16,2563.233435
5.257581,17,2563.76998
4.139032,15,2564.254161
4.5699,16,2564.749395
4.368712,16,2565.261293
4.517796,15,2565.744078
3.452976,14,2566.197325
0.410285,18,2566.763886
4.142487,15,2567.23226
-0.975806,15,2567.700643
4.389011,15,2568.180441
3.358274,13,2568.592358
4.555621,17,2569.143986
-0.73798,16,2569.655239
4.197618,15,2570.138571
5.070655,17,2570.682327
4.925848,17,2571.220391
3.989684,15,2571.70363
3.088294,13,2572.128974
0.57377,19,2572.740478
5.469917,18,2573.307096
3.400265,13,2573.732058
4.200487,15,2574.215627
4.647549,17,2574.753623
3.811486,14,2575.194239
-1.221554,14,2575.636979
3.927139,14,2576.088979
3.485496,14,2576.527808
0.019136,17,2577.065649
4.844896,17,2577.592221
2.694197,12,2577.975407
4.04243,15,2578.456271
-0.215374,17,2578.995339
4.836203,17,2579.533644
4.001925,15,2580.012179
4.312936,14,2580.466309
4.466591,16,2580.960939
5.137201,18,2581.515681
4.86174,17,2582.055508
4.828062,17,2582.607147
3.444903,13,2583.016047
3.910663,14,2583.460531
4.831463,17,2583.99774
6.685928,20,2584.637718
0.480185,19,2585.238509
2.600859,12,2585.634932
4.403281,16,2586.145847
-0.918845,15,2586.627164
4.933219,17,2587.164951
-0.029276,17,2587.69122
5.22367,17,2588.228139
2.798471,12,2588.596401
4.830336,16,2589.105907
3.260565,13,2589.530518
4.912424,17,2590.054796
3.743021,14,2590.49989
3.201705,14,2590.954313
4.154929,15,2591.435185
4.369935,16,2591.947329
3.765986,15,2592.427746
3.361597,14,2592.866102
3.822223,15,2593.338006
3.598039,14,2593.778129
0.231692,17,2594.31733
0.677189,19,2594.912894
3.981822,15,2595.40107
4.925898,17,2595.939339
4.886465,16,2596.449734
-0.159348,16,2596.961051
4.916932,17,2597.500208
4.407502,16,2597.995618
3.592539,14,2598.432531
4.567749,16,2598.942002
3.357293,13,2599.351123
3.622845,14,2599.802373
4.334835,15,2600.309377
3.26209,13,2600.719179
4.239333,15,2601.19883
3.476075,14,2601.649573
4.052495,15,2602.11641
3.92883,15,2602.597574
3.223026,13,2603.021636
2.672722,12,2603.403405
3.159669,13,2603.828557
4.248852,15,2604.306351
-0.500726,16,2604.814618
4.339379,15,2605.295688
4.212663,15,2605.760837
3.094917,13,2606.171701
4.27163,16,2606.680556
3.830519,14,2607.132531
3.557005,14,2607.586174
-1.021112,15,2608.068168
5.365859,18,2608.647514
4.25491,15,2619.008932
3.97944,15,2619.490478
0.433868,19,2620.086282
3.981473,15,2620.57144
3.438337,14,2621.023888
-0.139125,17,2621.562248
4.469537,16,2622.072854
3.27112,13,2622.499161
4.836953,17,2623.038165
0.484572,17,2623.577178
4.798724,16,2624.087689
3.098365,13,2624.497828
3.646538,14,2624.938937
3.842761,15,2625.425
3.902993,15,2625.90957
4.532104,17,2626.449586
3.105985,13,2626.861856
5.181581,18,2627.415653
3.37352,14,2627.867886
4.400405,16,2628.36535
4.749068,17,2628.909336
-0.258393,16,2629.418346
3.327862,13,2629.843568
4.499773,16,2630.357049
5.04016,18,2630.936734
4.68752,16,2631.444701
-0.72673,15,2631.911698
0.46039,19,2632.504893
5.061711,17,2633.028154
3.807956,15,2633.505809
3.757389,14,2633.94567
4.051177,15,2634.426371
5.503015,18,2635.005716
3.655062,14,2635.44724
3.421907,14,2635.884767
3.740082,14,2636.32495
5.085272,18,2636.888587
3.993143,15,2637.383574
3.629149,14,2637.821968
2.893382,13,2638.222847
4.15645,15,2638.676864
3.529272,14,2639.102283
-0.301873,17,2639.640518
3.095964,13,2640.050251
4.369007,16,2640.564796
4.778136,17,2641.117338
3.893198,14,2641.556759
4.416337,16,2642.081831
4.506537,16,2642.605896
4.118334,15,2643.088155
3.799886,15,2643.540632
3.697572,14,2643.98135
5.127907,17,2644.507465
4.26023,16,2645.003266
4.396538,16,2645.518051
4.465228,16,2646.043228
3.987854,15,2646.538063
4.153421,15,2647.021226
3.710149,15,2647.474328
4.082523,15,2647.942402
3.979489,15,2648.411208
-0.174793,17,2648.950133
2.787587,13,2649.361609
-0.643802,15,2649.830433
4.651566,16,2650.330523
-0.469523,16,2650.855715
2.952054,13,2651.265176
4.194809,16,2651.789632
4.467256,16,2652.298171
5.221835,17,2652.836694
-1.210714,14,2653.276361
-0.984572,15,2653.758184
4.15816,15,2654.239141
4.517181,16,2654.747071
0.420365,17,2655.276359
0.32785,18,2655.845657
3.652343,14,2656.282451
3.398156,14,2656.720305
4.623976,16,2657.235052
2.703476,12,2657.63267
3.699863,14,2658.069023
4.298894,16,2658.574945
-0.325267,16,2659.069593
5.160782,17,2659.605134
3.957703,15,2660.085264
5.379444,17,2660.625284
4.419105,16,2661.134211
4.145949,16,2661.642096
2.809139,13,2662.065187
4.340526,16,2662.572521
-0.509047,16,2663.066436
4.440098,16,2663.574488
2.963921,13,2663.998112
4.954034,18,2664.575275
4.438309,16,2665.097842
3.147876,13,2665.525484
-0.022182,17,2666.062766
3.745421,15,2666.530377
4.35649,16,2667.024438
3.815399,15,2667.507041
3.126897,13,2667.930814
4.703491,16,2668.440459
-0.607049,16,2668.950439
4.347786,16,2669.447249
5.648421,19,2670.043514
3.047985,13,2670.474781
3.462113,14,2670.914682
3.641992,14,2671.370303
3.598661,14,2671.809963
4.169252,15,2672.293789
4.490034,16,2672.804516
3.523932,14,2673.259911
2.613457,12,2673.631007
4.290853,15,2674.110919
-0.338363,17,2674.650205
3.814915,15,2675.133696
4.061197,15,2675.605236
3.647881,14,2676.045905
3.634885,14,2676.500264
3.874147,15,2676.98069
-0.184787,16,2677.489775
4.829701,16,2677.986105
3.762169,14,2678.42401
4.026715,14,2678.878734
4.163377,15,2679.361264
3.86738,15,2679.842394
3.58938,14,2680.298248
4.796448,16,2680.794771
4.508001,16,2681.305049
4.57543,16,2681.812974
4.481073,16,2682.321263
3.543051,14,2682.774424
3.532757,14,2683.197564
4.680086,16,2683.703815
0.975855,20,2694.153593
4.2208,16,2694.66306
3.729118,15,2695.146812
3.912872,15,2695.631553
4.985642,17,2696.174307
4.804325,17,2696.712981
4.139656,16,2697.22207
1.027406,20,2697.862176
3.427212,14,2698.301736
4.421489,16,2698.812851
-1.049359,15,2699.268398
3.362959,14,2699.709718
3.514609,14,2700.163019
3.615957,14,2700.607236
3.487315,14,2701.062097
4.32462,16,2701.57212
4.563446,16,2702.081708
3.655,14,2702.519568
4.839337,17,2703.055839
4.169698,15,2703.523937
4.966919,18,2704.092115
4.355249,16,2704.603349
3.304377,14,2705.040406
4.046756,15,2705.51037
4.395557,16,2706.006618
3.456601,14,2706.459122
4.238206,16,2706.938807
3.500456,14,2707.375474
3.1873,13,2707.801419
4.04491,15,2708.282231
-0.289541,16,2708.789934
-0.68507,16,2709.283217
4.793836,17,2709.806237
0.172422,17,2710.344486
3.072073,13,2710.73956
5.174487,18,2711.290251
4.678977,17,2711.826733
3.979046,15,2712.29133
4.433655,16,2712.799732
3.620815,14,2713.242238
3.926692,15,2713.722361
-0.619736,16,2714.232843
-0.555842,16,2714.743761
3.4927,14,2715.197403
4.061045,16,2715.700289
4.968748,17,2716.239397
4.833224,16,2716.751309
4.674124,17,2717.2883
4.974273,18,2717.85355
3.448811,14,2718.293324
4.607153,16,2718.801196
4.071943,15,2719.286355
4.300958,15,2719.75364
4.458643,16,2720.262534
0.076251,16,2720.780344
5.101942,18,2721.348548
0.625629,19,2721.94751
4.266516,16,2722.443411
4.590901,17,2722.981971
-1.551395,14,2723.439429
4.044361,15,2723.926271
3.896474,15,2724.41068
4.485213,16,2724.922797
-0.234828,17,2725.471851
5.652373,20,2726.097379
3.991448,15,2726.565716
4.51326,16,2727.065357
4.772247,17,2727.607881
4.163305,15,2728.076742
4.851922,17,2728.620442
3.970532,15,2729.091743
3.684644,14,2729.531777
4.525712,16,2730.042555
4.331453,16,2730.557563
3.972902,15,2731.040052
4.860268,16,2731.552897
-0.265567,17,2732.10823
2.524665,12,2732.491072
3.606953,14,2732.943748
5.273649,18,2733.511075
3.527423,14,2733.949123
4.717217,16,2734.457362
4.574432,16,2734.967155
-0.508189,15,2735.451692
5.10433,18,2736.032338
4.135653,15,2736.512665
4.368502,16,2737.023903
3.691013,15,2737.478418
-0.069801,17,2738.044724
4.360323,15,2738.511642
4.586349,16,2739.00778
3.918021,15,2739.460896
4.874591,17,2740.015589
-0.623345,16,2740.52913
3.622815,14,2740.98305
3.516215,14,2741.437212
4.254423,15,2741.920275
3.540361,14,2742.360496
4.742115,16,2742.869866
3.841262,14,2743.296418
4.001851,15,2743.780434
4.489814,17,2744.321717
4.166496,16,2744.833697
3.83979,15,2745.304601
3.981345,15,2745.791369
3.373643,14,2746.231353
4.193408,15,2746.703204
4.44059,16,2747.186846
3.822931,15,2747.671745
4.699114,17,2748.19682
3.931973,15,2748.697511
3.829096,15,2749.180467
4.24665,16,2749.691224
5.094318,18,2750.273745
3.495833,14,2750.736802
4.681874,17,2751.263253
4.099598,15,2751.733971
4.043091,15,2752.215862
-0.131482,17,2752.758371
4.92995,17,2753.299249
2.459081,12,2753.681566
5.252224,18,2754.25187
2.950282,13,2754.663373
-1.256856,14,2755.104678
5.401016,18,2755.688071
3.851785,15,2756.172151
-0.584493,15,2756.63927
4.410179,16,2757.150627
4.414137,16,2757.662233
4.748705,17,2758.213468
4.312563,16,2768.627192
3.671686,15,2769.109034
-0.633857,16,2769.618956
3.428553,13,2770.030068
5.167624,18,2770.614623
4.083117,16,2771.129346
3.269734,14,2771.585479
3.346051,14,2772.02647
2.505075,12,2772.384017
3.843381,15,2772.855018
2.52546,12,2773.235132
3.890333,15,2773.704194
3.239387,14,2774.160144
3.951425,16,2774.668806
3.50829,14,2775.123213
4.567112,17,2775.652969
3.784764,15,2776.122561
3.891184,15,2776.60653
3.999932,15,2777.076744
3.915177,15,2777.546944
4.590137,17,2778.073179
4.78058,17,2778.614546
3.781238,14,2779.07225
4.418905,16,2779.58594
4.213086,16,2780.098317
-0.82607,16,2780.602253
3.850911,15,2781.073827
-0.979497,15,2781.559546
4.346872,16,2782.058521
4.696831,17,2782.585004
4.361034,16,2783.0842
4.593093,17,2783.625733
-0.301362,17,2784.167697
4.015014,15,2784.650547
3.82045,15,2785.120104
4.121767,15,2785.595004
3.86898,15,2786.079975
3.713785,15,2786.549254
4.303478,16,2787.06197
4.370261,16,2787.561312
5.281994,18,2788.145437
4.446386,16,2788.654973
4.266074,16,2789.162551
3.366,14,2789.600941
4.718821,17,2790.126168
4.137928,16,2790.639725
3.567462,14,2791.091767
4.33273,16,2791.597454
3.987494,15,2792.07806
3.73227,15,2792.547686
-0.520026,17,2793.085249
3.487757,14,2793.52379
2.914578,13,2793.949406
4.561813,16,2794.458542
3.092941,13,2794.869938
3.778001,15,2795.334451
4.032136,15,2795.800611
4.528937,17,2796.336047
4.413585,16,2796.844549
3.279836,14,2797.298542
-1.119218,15,2797.764956
4.467984,17,2798.30269
3.104728,13,2798.72576
3.398503,14,2799.174798
4.114203,16,2799.683941
4.928383,17,2800.220295
3.824906,14,2800.663474
-0.265735,17,2801.200603
4.810183,17,2801.736566
4.935157,18,2802.302988
5.258686,19,2802.913724
4.186297,16,2803.424689
5.229011,18,2803.990287
3.91857,15,2804.471063
-0.442859,17,2805.010611
4.858992,17,2805.541757
-1.070199,15,2805.996084
2.864345,13,2806.407034
0.455364,18,2806.98784
4.199188,16,2807.496052
4.027326,15,2807.961075
3.931063,15,2808.428979
3.985968,16,2808.938463
3.981785,15,2809.396253
3.146837,13,2809.806613
4.409117,16,2810.300768
3.76972,15,2810.775594
4.887167,17,2811.328351
4.23206,16,2811.810963
-0.426085,17,2812.363267
4.385911,16,2812.874642
4.238812,15,2813.342919
4.185188,16,2813.843127
4.563389,16,2814.34007
4.142252,15,2814.806924
3.808923,15,2815.289883
-0.931396,15,2815.780346
3.986235,15,2816.247796
3.312535,14,2816.686528
4.114296,15,2817.156489
5.081104,18,2817.724207
3.283894,14,2818.15195
3.719467,15,2818.620835
-0.874179,15,2819.089921
3.924879,15,2819.570582
4.081603,16,2820.083408
4.245122,16,2820.582591
3.397276,14,2821.021958
4.510256,16,2821.53312
4.392359,16,2822.030668
3.529538,14,2822.456366
-0.471543,16,2822.952653
4.730177,17,2823.495338
3.332156,14,2823.934833
3.523793,14,2824.374938
4.462157,17,2824.91663
4.765189,17,2825.449914
0.485303,19,2826.019408
3.81444,15,2826.49128
3.291822,14,2826.931025
4.85295,17,2827.457862
4.351475,17,2827.997576
5.759564,20,2828.620581
4.615348,17,2829.146125
4.475497,17,2829.667849
4.835636,17,2830.218741
4.956949,18,2830.792482
3.508467,14,2831.245642
3.405191,14,2831.6993
3.853128,15,2832.18274
4.845063,18,2832.749925
3.636252,15,2843.218183
4.117644,15,2843.686375
3.724985,15,2844.170882
3.87959,15,2844.639295
4.292326,16,2845.130538
3.917987,15,2845.574208
4.267159,16,2846.10183
4.657823,17,2846.639508
4.2709,16,2847.136207
5.072511,18,2847.698092
4.091341,15,2848.164258
3.803841,15,2848.658624
4.308658,16,2849.15241
3.594495,14,2849.590915
4.311847,16,2850.101741
3.391854,14,2850.530286
3.797903,15,2850.995131
4.348,16,2851.504397
0.39768,19,2852.101421
-0.872814,16,2852.611111
3.722757,15,2853.094905
4.113894,15,2853.564067
3.385208,14,2854.003475
3.59199,14,2854.443526
4.108641,15,2854.912509
3.148908,14,2855.35469
4.088023,15,2855.839254
3.764338,15,2856.32194
4.130861,16,2856.831412
3.925773,15,2857.313702
4.784357,17,2857.838944
3.879811,15,2858.321612
3.026297,13,2858.732071
3.73351,14,2859.185488
3.960766,16,2859.683625
-0.164407,18,2860.251033
4.978595,18,2860.822855
3.188789,14,2861.27634
-0.968706,15,2861.759885
4.396423,16,2862.268171
3.66987,14,2862.711302
-0.005695,17,2863.254765
4.650223,17,2863.794778
4.339027,15,2864.277322
3.204212,13,2864.689332
4.350937,16,2865.174157
3.679377,14,2865.60653
3.498898,14,2866.048554
3.869208,15,2866.531978
-0.276826,17,2867.073587
3.606711,14,2867.514612
4.160204,15,2867.995522
-0.451563,17,2868.535333
4.213484,16,2869.046523
4.315355,16,2869.57056
3.184571,13,2869.980956
2.964879,13,2870.391185
3.746984,14,2870.847904
4.569709,16,2871.358174
3.371037,14,2871.797359
3.874238,15,2872.27984
4.352314,15,2872.749446
3.382874,14,2873.203658
4.50886,17,2873.743796
3.679535,14,2874.198903
2.515213,12,2874.583035
4.315822,16,2875.079791
4.145881,16,2875.597133
4.340925,16,2876.095547
5.12292,18,2876.664105
2.929639,13,2877.076006
4.21856,16,2877.572962
4.191065,16,2878.085022
0.618577,20,2878.698903
3.879365,15,2879.166226
5.044333,18,2879.747597
4.347012,16,2880.260503
4.329267,16,2880.779463
3.925735,15,2881.261433
4.129122,16,2881.759524
-0.217877,17,2882.300165
4.642821,16,2882.812518
3.434109,14,2883.266944
3.96221,16,2883.77612
-0.715942,16,2884.287536
3.877891,15,2884.77298
3.898965,15,2885.240496
3.378582,14,2885.686491
4.495093,16,2886.185163
3.367693,14,2886.639739
5.558488,18,2887.206924
3.738152,15,2887.677104
3.689371,15,2888.160455
3.500603,14,2888.600133
-0.41482,17,2889.152756
4.453567,17,2889.691115
2.865578,13,2890.102558
4.29337,16,2890.618358
3.942622,14,2891.043045
3.821837,15,2891.509761
4.417332,16,2892.006999
-0.717741,16,2892.51599
3.798879,15,2892.998628
4.257974,15,2893.481208
3.514171,14,2893.931603
3.617023,14,2894.385948
5.494312,18,2894.967171
4.208482,16,2895.476869
4.684409,17,2896.017878
4.503695,17,2896.55638
4.328268,16,2897.066691
2.921945,13,2897.49107
2.936879,13,2897.897581
6.509525,22,2898.57665
-0.261165,17,2899.101942
4.980043,17,2899.641249
3.976537,15,2900.127162
4.237241,16,2900.647895
4.292854,16,2901.161345
-0.828698,15,2901.629716
3.491358,14,2902.081611
4.0784,15,2902.549428
4.570787,17,2903.08699
4.054781,16,2903.597681
3.640577,15,2904.066942
4.589317,17,2904.602539
3.667202,14,2905.057313
-0.813047,16,2905.573168
-0.698337,16,2906.089117
4.290277,16,2906.585442
3.982821,15,2907.055699
5.058178,18,2907.625899
4.376491,16,2918.211347
5.185387,18,2918.794875
3.980821,15,2919.266892
4.134091,15,2919.75225
-0.885324,16,2920.266695
2.915769,13,2920.699239
-1.069587,15,2921.184268
5.427306,19,2921.781839
4.699046,17,2922.324984
0.888826,20,2922.976438
2.487123,12,2923.346452
4.818383,17,2923.874884
3.88617,15,2924.343682
4.376847,17,2924.867272
-0.126153,16,2925.360972
4.324373,16,2925.861618
4.814706,17,2926.414548
4.667368,16,2926.923863
4.50374,16,2927.432276
3.908962,15,2927.89778
4.626544,17,2928.436086
3.499745,14,2928.887119
4.475571,16,2929.380988
5.07002,18,2929.944933
3.26494,14,2930.399138
3.868574,15,2930.886206
4.320427,16,2931.382647
-0.855494,15,2931.85
-0.698697,15,2932.332684
2.821288,13,2932.744681
4.045973,15,2933.212141
5.599533,20,2933.850241
4.415608,16,2934.359126
4.186987,16,2934.871254
-0.378025,16,2935.368362
4.352853,16,2935.87257
5.312387,18,2936.440443
4.818133,17,2936.982058
4.574745,17,2937.52303
2.750024,13,2937.947121
4.558953,16,2938.458244
4.130391,14,2938.910928
4.110943,15,2939.378891
4.681215,17,2939.933172
5.463753,19,2940.551727
4.541958,16,2941.069768
5.200979,17,2941.62512
4.027763,15,2942.107456
4.84567,17,2942.66039
4.099036,15,2943.157716
5.510095,19,2943.751017
3.628018,15,2944.234142
-0.566702,16,2944.753692
4.577085,16,2945.265146
5.107039,18,2945.837712
-0.64453,16,2946.350505
4.545692,17,2946.905896
4.134293,16,2947.401407
4.681794,17,2947.940059
3.659606,14,2948.395402
4.836133,17,2948.935518
3.80714,15,2949.404006
2.560592,12,2949.788907
3.975325,15,2950.257654
-0.500806,15,2950.730283
3.752101,15,2951.211724
3.384012,14,2951.650309
-0.899146,15,2952.132719
4.341315,16,2952.642939
3.722287,15,2953.12751
5.292803,18,2953.682109
3.463881,14,2954.123935
3.896321,15,2954.607467
4.387074,16,2955.117671
3.901269,15,2955.592688
3.574855,14,2956.031646
4.691418,17,2956.57164
3.765083,15,2957.056218
4.964819,17,2957.569321
3.413825,14,2958.023589
4.31007,16,2958.520983
3.625965,14,2958.975072
4.590145,16,2959.486355
4.605147,16,2959.995787
0.401591,19,2960.607036
3.801107,15,2961.089462
3.572925,14,2961.542272
1.200411,20,2962.167916
3.98112,15,2962.635182
4.038431,14,2963.076415
3.151214,13,2963.502266
4.808761,16,2964.013661
3.668897,15,2964.497495
3.284079,14,2964.953076
3.877851,15,2965.435094
4.960599,17,2965.979198
3.775835,15,2966.463006
3.462375,14,2966.917091
5.670823,19,2967.512305
4.807143,17,2968.05086
3.40228,14,2968.503446
4.014458,15,2968.985393
3.012526,13,2969.412021
4.271858,16,2969.922075
3.322337,14,2970.362055
4.452757,16,2970.861317
3.985181,15,2971.329466
4.760025,17,2971.85415
-0.540669,16,2972.348261
5.367146,18,2972.914903
3.803694,14,2973.369858
-0.446972,16,2973.881412
3.424732,14,2974.338432
-0.110847,17,2974.858982
4.48743,16,2975.368008
3.475376,14,2975.810765
3.899255,15,2976.292171
5.246493,18,2976.830681
3.837699,15,2977.31103
4.536483,17,2977.847151
4.020735,15,2978.328772
3.600786,14,2978.780483
3.995897,15,2979.259744
3.795825,15,2979.725584
3.249615,14,2980.14931
5.410309,19,2980.761086
4.519445,16,2981.256465
4.068902,16,2981.767619
5.153038,18,2982.336175
3.805712,15,2982.818501
4.492724,16,2993.27024
4.325242,16,2993.795184
4.090162,15,2994.263464
4.204439,16,2994.787343
4.640815,17,2995.323747
4.94489,17,2995.861235
5.056052,17,2996.403074
4.802283,17,2996.930308
4.11645,15,2997.401254
2.980534,13,2997.813894
4.237891,15,2998.298786
4.233745,15,2998.782172
4.287196,16,2999.278035
3.941844,15,2999.760606
3.410906,14,3000.215261
4.194875,16,3000.745746
3.822677,15,3001.216163
4.060437,15,3001.700571
4.018865,16,3002.225595
4.747038,17,3002.767331
4.586169,16,3003.277177
4.365072,16,3003.774298
4.338529,16,3004.284828
3.333169,14,3004.738039
-0.253484,16,3005.235375
4.331908,16,3005.748895
-0.826032,16,3006.246664
-1.154068,14,3006.674788
4.243441,16,3007.18464
3.436376,14,3007.610805
4.439917,16,3008.106063
3.476137,14,3008.560981
4.05038,15,3009.041999
3.908159,15,3009.507522
4.184774,16,3010.004104
4.155358,16,3010.501742
3.334488,14,3010.958378
4.313949,16,3011.468455
4.280314,16,3011.97816
3.755388,15,3012.460673
2.935878,13,3012.873643
4.282561,16,3013.356445
4.517494,16,3013.868712
3.220506,14,3014.323378
3.060429,13,3014.748349
4.172153,16,3015.260184
4.626574,17,3015.803785
3.779241,15,3016.287508
-0.255323,17,3016.827099
3.913779,15,3017.296535
4.016383,15,3017.781609
4.151407,15,3018.252373
4.917403,18,3018.813137
4.620332,17,3019.355279
3.410788,14,3019.808768
4.582829,16,3020.32215
4.020669,15,3020.806705
3.903763,15,3021.275144
3.89214,14,3021.715626
3.82256,15,3022.19609
5.104645,18,3022.780546
4.311118,16,3023.291147
3.310383,14,3023.717349
3.967022,15,3024.186739
3.849207,15,3024.669922
3.49881,14,3025.09629
4.515404,16,3025.611108
-0.003382,17,3026.150428
3.919931,15,3026.633829
3.9443,15,3027.102815
4.024761,15,3027.568657
3.961331,15,3028.051864
5.389838,18,3028.617332
3.399442,14,3029.071236
3.834802,15,3029.538381
4.060373,15,3030.006243
4.221015,16,3030.516178
3.285024,14,3030.974739
3.545833,14,3031.426124
3.6945,14,3031.849199
3.851597,15,3032.32978
3.440854,14,3032.768326
3.481124,14,3033.207711
3.367163,14,3033.645668
4.264977,16,3034.154223
0.594504,19,3034.750694
5.228518,18,3035.329947
3.891019,15,3035.814022
3.684446,14,3036.266179
3.454533,13,3036.69015
3.575721,14,3037.130651
4.302753,16,3037.641557
3.550077,14,3038.092712
3.481732,14,3038.544771
-0.605195,16,3039.055091
4.196801,16,3039.550744
4.49471,16,3040.060864
3.623755,14,3040.51388
3.945972,15,3040.987179
3.393217,14,3041.412321
-0.476285,16,3041.923619
4.796919,17,3042.461431
3.956373,15,3042.926975
3.842971,15,3043.394307
5.557293,19,3043.993379
3.646358,14,3044.434478
5.249936,18,3045.00204
4.457171,16,3045.512935
2.943023,13,3045.9478
3.762761,15,3046.431468
4.162377,15,3046.913329
3.292885,14,3047.366464
4.423743,16,3047.864214
4.414137,16,3048.362675
4.06674,15,3048.829582
0.358132,18,3049.396498
3.491693,14,3049.848057
4.419976,16,3050.357237
4.631335,17,3050.900694
4.119053,15,3051.382914
4.008106,15,3051.848956
3.477139,14,3052.302092
4.02888,15,3052.782665
5.04319,17,3053.322167
4.407413,16,3053.831882
3.353759,14,3054.272001
2.962755,13,3054.681923
3.997855,15,3055.162351
3.623253,14,3055.600764
4.490385,16,3056.102417
4.335248,16,3056.613998
3.725462,14,3057.067575
3.986522,15,3057.562456
3.791919,15,3058.045487
4.123299,16,3068.555267
3.722612,15,3069.042477
-0.115312,17,3069.584143
4.53288,17,3070.123718
5.319592,19,3070.742998
3.264609,14,3071.169196
4.149727,16,3071.669093
3.327587,14,3072.110588
5.276639,19,3072.735329
5.179329,18,3073.30542
3.871118,15,3073.775866
-0.616571,16,3074.275462
3.663124,15,3074.745637
-0.34875,16,3075.244708
3.307052,14,3075.701717
4.04908,15,3076.187222
3.981174,15,3076.672322
-1.250134,15,3077.158293
4.329456,16,3077.656616
4.972876,18,3078.228305
3.739317,15,3078.712264
4.89736,18,3079.284308
3.603191,15,3079.754295
3.740639,15,3080.238625
3.824232,15,3080.714704
3.921122,15,3081.187467
4.557881,16,3081.702929
3.672955,15,3082.173447
5.397919,20,3082.814359
4.730283,18,3083.383378
0.035218,17,3083.924065
3.443645,15,3084.407634
4.031307,15,3084.864009
4.538046,17,3085.404004
3.995695,15,3085.881045
4.143553,16,3086.380691
4.170886,16,3086.878462
5.064559,18,3087.448329
-0.945733,15,3087.935347
3.554198,14,3088.388955
4.08959,16,3088.898693
4.666169,17,3089.43663
4.186324,16,3089.944603
4.100567,16,3090.457029
4.302042,16,3090.968751
5.064406,18,3091.534513
4.142859,16,3092.044888
4.929059,18,3092.61433
4.226445,16,3093.123503
-0.353502,16,3093.621049
3.176105,14,3094.061667
3.800088,15,3094.51702
3.760286,15,3095.000518
3.858687,15,3095.468696
3.139608,14,3095.910075
4.195287,16,3096.419268
3.969116,15,3096.902598
2.8626,13,3097.299842
2.879549,13,3097.724723
4.162945,16,3098.223577
2.921375,13,3098.634526
-0.136122,17,3099.163683
4.255032,16,3099.663808
3.802042,15,3100.134064
3.952847,15,3100.589716
4.676588,18,3101.176223
3.941053,15,3101.646155
4.419969,16,3102.159456
3.110609,13,3102.572156
3.727084,15,3103.042323
4.713186,17,3103.584042
3.353883,14,3104.039145
-0.773583,16,3104.538971
4.34985,17,3105.067308
-1.245836,14,3105.509075
4.446352,17,3106.054326
3.289677,14,3106.510365
5.30506,18,3107.081982
-0.700862,16,3107.59501
3.425869,14,3108.036155
5.859514,19,3108.646675
1.464519,22,3109.358037
3.387825,14,3109.801532
3.810105,15,3110.256298
4.436152,17,3110.81857
4.612522,17,3111.358648
4.175371,16,3111.871053
4.08296,15,3112.323395
4.5212,17,3112.861106
-0.332694,17,3113.398622
3.889215,15,3113.883765
5.054778,17,3114.422767
3.964336,15,3114.902986
4.534233,17,3115.441604
4.617984,16,3115.95737
3.783309,15,3116.426414
3.431899,14,3116.880148
4.480407,17,3117.419972
3.279184,14,3117.875083
2.901399,13,3118.288001
4.161358,16,3118.800766
4.088636,15,3119.270332
2.890994,13,3119.682898
4.998384,18,3120.251963
3.253954,14,3120.696552
4.659398,17,3121.224062
-0.533342,16,3121.725034
4.1439,16,3122.238632
4.426697,16,3122.738995
-0.931803,15,3123.209055
4.318221,16,3123.721204
5.977404,21,3124.365111
4.727219,17,3124.907372
4.564926,17,3125.431543
4.915546,18,3125.990684
3.649768,15,3126.460717
4.641926,16,3126.959739
4.61796,17,3127.487134
-0.923671,16,3127.99993
3.932759,16,3128.498238
4.502189,17,3129.025925
3.187594,14,3129.465473
3.953352,16,3129.965827
-0.650115,16,3130.466466
0.616842,19,3131.070946
3.377999,14,3131.52502
3.747436,15,3131.991419
4.637648,16,3132.489159
-0.033819,18,3133.046157
3.745977,15,3143.527561
3.61676,14,3143.99797
-1.216874,15,3144.463525
2.903703,13,3144.870436
3.653152,14,3145.336401
4.078207,15,3145.840135
4.689865,17,3146.392996
4.174096,16,3146.911564
4.430124,17,3147.462364
4.644937,16,3147.972357
4.073825,15,3148.454108
-0.698477,16,3148.966262
4.209809,16,3149.475623
3.967347,15,3149.965009
4.449757,16,3150.461428
4.265817,16,3150.975445
-1.058223,16,3151.48537
4.685797,17,3152.011432
3.969001,15,3152.495597
3.435937,14,3152.948099
-0.930303,15,3153.418653
-1.348256,15,3153.902008
5.045109,18,3154.469572
-0.219125,17,3154.997442
4.65227,17,3155.53708
4.363706,16,3156.054011
3.266271,14,3156.506004
0.270438,18,3157.043572
4.313719,16,3157.526312
4.287539,16,3158.040689
4.267077,16,3158.541003
-0.14452,17,3159.081133
4.113083,16,3159.577147
2.937612,13,3159.960704
4.024766,15,3160.429199
4.942585,17,3160.985796
3.758077,14,3161.424429
4.679631,17,3161.96696
3.388098,14,3162.422085
4.984425,18,3162.987733
3.775802,15,3163.469923
4.322905,16,3163.966931
3.548678,14,3164.421841
5.29815,19,3165.003513
-0.532568,16,3165.526267
3.768099,15,3166.01207
3.351366,14,3166.451407
4.529768,17,3166.988355
4.07869,15,3167.467312
3.634371,14,3167.917226
4.487518,17,3168.455205
4.239622,16,3168.965778
2.847726,13,3169.388742
4.369032,16,3169.882655
4.496243,17,3170.418953
4.512036,16,3170.920893
4.522034,17,3171.474039
4.971984,18,3172.02288
3.864818,15,3172.488331
4.798532,17,3173.027444
3.823343,15,3173.504966
4.711112,17,3174.053533
4.760012,17,3174.590056
3.504427,14,3175.014985
3.732461,15,3175.496557
3.352853,14,3175.936579
4.476332,16,3176.448633
4.386258,17,3176.988806
4.656095,17,3177.526949
2.885151,13,3177.939542
4.765029,18,3178.505969
0.064482,18,3179.074489
0.831112,20,3179.699318
3.846615,15,3180.182479
3.652302,14,3180.634408
4.81631,17,3181.180104
5.020717,17,3181.71841
3.902098,15,3182.187694
4.11013,16,3182.698248
3.778437,15,3183.168947
3.366929,14,3183.62334
3.648915,15,3184.105936
4.265038,16,3184.616185
4.816191,18,3185.170373
4.188826,16,3185.666838
3.702453,15,3186.139003
3.477377,14,3186.591973
0.217643,18,3187.145977
5.094783,18,3187.71313
3.433564,14,3188.152858
4.764156,17,3188.689731
3.890548,15,3189.15952
4.781708,17,3189.697146
3.459655,14,3190.135345
5.757148,20,3190.791707
4.66238,16,3191.299413
4.735428,17,3191.848823
3.201465,14,3192.286959
-0.110137,17,3192.82409
3.249916,14,3193.261213
4.043692,15,3193.744836
3.715655,15,3194.228854
-1.072788,15,3194.709412
-0.808722,15,3195.190578
3.424423,14,3195.628519
4.318956,16,3196.143994
0.355691,19,3196.726329
3.339807,14,3197.164307
3.532575,14,3197.60397
3.841329,15,3198.085685
4.25809,16,3198.595374
4.724008,17,3199.134465
-0.583146,16,3199.645576
4.988777,18,3200.2117
3.926369,15,3200.677704
0.563923,19,3201.292439
-0.794128,16,3201.802979
5.57175,19,3202.410329
3.601004,14,3202.836055
3.359703,14,3203.276779
-0.631136,15,3203.729921
-0.182855,17,3204.266202
5.225875,19,3204.859675
4.077345,16,3205.371571
4.478007,16,3205.894747
3.552283,14,3206.359306
-0.666605,16,3206.868273
4.626582,17,3207.393007
3.052303,13,3207.806242
3.993066,15,3218.305461
-0.704568,16,3218.817923
3.189792,14,3219.271655
3.316272,14,3219.711342
4.361273,16,3220.221686
2.831298,13,3220.648207
3.302438,14,3221.079971
4.374238,16,3221.591765
4.608332,17,3222.126122
3.671972,15,3222.610532
4.22867,15,3223.077356
4.609527,17,3223.616363
3.639575,14,3224.041263
-0.502613,16,3224.550199
3.901966,15,3225.028403
3.48751,14,3225.478864
3.798472,15,3225.962686
4.50818,16,3226.469756
2.78198,13,3226.879306
4.633682,17,3227.416891
4.053439,16,3227.927513
3.877484,15,3228.396001
3.767741,15,3228.875066
4.584234,16,3229.383007
3.161311,14,3229.837132
3.742801,15,3230.318937
4.761553,18,3230.886793
3.485167,14,3231.342353
4.220191,16,3231.851148
4.335181,17,3232.386379
4.344235,16,3232.882695
4.296828,16,3233.389478
0.311912,19,3233.984309
4.787845,17,3234.50998
5.039732,18,3235.075209
5.101566,18,3235.653104
-0.222993,17,3236.21382
-0.915735,16,3236.709182
3.64041,15,3237.177583
3.342626,14,3237.600103
3.962731,15,3238.080486
5.32632,19,3238.673582
4.37873,16,3239.18147
4.762282,17,3239.732131
4.01122,15,3240.211852
4.776294,17,3240.736927
3.287534,14,3241.196085
4.254603,16,3241.703646
4.257665,16,3242.213754
4.730189,17,3242.752287
5.316813,18,3243.318902
3.713036,15,3243.798046
3.705007,15,3244.265331
3.768772,15,3244.732894
3.777339,15,3245.200377
3.913237,15,3245.679393
3.51416,14,3246.131919
4.182516,16,3246.638367
3.760194,15,3247.118336
3.763954,15,3247.587314
4.836329,17,3248.107859
4.061454,16,3248.614953
4.568118,17,3249.153372
3.978803,15,3249.621804
3.625207,14,3250.059073
3.375654,14,3250.508738
4.19787,15,3250.976751
4.550213,17,3251.514405
3.311265,14,3251.968467
3.321968,14,3252.419445
-0.352467,17,3252.9417
3.477491,14,3253.394013
4.217306,16,3253.888906
4.45742,17,3254.423492
4.300436,16,3254.917903
5.220166,19,3255.511127
3.350398,14,3255.941107
3.552546,14,3256.378461
3.958399,15,3256.831127
3.875977,15,3257.297997
3.873934,15,3257.765706
3.813041,15,3258.219646
4.551147,17,3258.739996
5.089003,18,3259.318333
3.598789,15,3259.769877
5.042043,18,3260.333569
4.804582,18,3260.900659
5.048196,18,3261.468034
3.994292,15,3261.950343
4.70428,17,3262.489172
-1.136721,15,3262.954615
4.596882,17,3263.48114
4.156551,16,3263.977985
3.502436,14,3264.430587
3.117251,13,3264.854831
4.255524,16,3265.365823
4.893584,17,3265.909649
3.879488,15,3266.376585
3.857926,15,3266.857486
4.141616,16,3267.367462
-0.231328,17,3267.920373
3.838252,15,3268.38719
4.755729,16,3268.895049
3.960127,15,3269.360447
4.445957,16,3269.868559
-1.135266,15,3270.335494
0.152104,18,3270.89413
4.120001,16,3271.401228
4.451867,16,3271.895122
3.767773,15,3272.374851
4.746082,17,3272.897671
5.5915,19,3273.518353
2.857789,13,3273.912558
-0.872559,15,3274.377533
-0.362064,17,3274.913282
4.165808,15,3275.349167
4.808703,17,3275.862833
4.391271,16,3276.355259
3.775576,15,3276.821474
3.484017,14,3277.272605
3.783721,15,3277.73698
4.591035,17,3278.286079
4.320493,16,3278.780108
3.770705,15,3279.246985
3.339854,14,3279.684771
5.114279,18,3280.261539
3.955411,15,3280.728025
4.052497,15,3281.198229
3.885381,15,3281.664187
-0.164159,17,3282.172601
5.397183,19,3292.802636
5.070938,18,3293.35704
3.5042,15,3293.828036
4.225584,16,3294.338767
4.949959,17,3294.88027
3.780109,15,3295.363911
4.555597,16,3295.870482
3.059676,13,3296.296297
4.116585,16,3296.808457
5.126766,18,3297.374943
4.05558,16,3297.883191
3.799748,15,3298.351257
4.241522,16,3298.877242
4.701905,17,3299.404494
4.283025,16,3299.898907
4.649414,17,3300.435904
4.681071,16,3300.953976
3.406683,14,3301.408357
3.363367,14,3301.848041
4.888748,17,3302.387197
4.629419,17,3302.925155
4.225962,16,3303.436367
3.803245,15,3303.902762
4.468662,16,3304.415209
4.24234,16,3304.927396
5.173874,19,3305.50807
3.729027,15,3305.993391
4.866183,18,3306.56021
2.460587,12,3306.941522
4.676067,17,3307.482007
3.50773,14,3307.935458
4.45749,17,3308.472725
4.934277,17,3309.01072
2.955192,13,3309.420655
3.847651,15,3309.90337
3.654221,15,3310.371565
0.365639,19,3310.981619
4.538492,16,3311.490525
3.993832,15,3311.970761
4.055953,15,3312.452379
4.196697,16,3312.950224
4.294315,16,3313.447652
5.274025,19,3314.056398
4.640772,17,3314.583572
3.403318,14,3315.02088
4.495089,16,3315.546319
3.705933,15,3316.029972
5.811504,19,3316.62376
4.356967,16,3317.118791
4.150328,15,3317.58598
3.72005,15,3318.067198
4.29793,16,3318.562398
4.147473,16,3319.071467
-0.483903,17,3319.608832
4.239373,16,3320.117405
5.683752,20,3320.741321
4.656453,16,3321.253627
3.896298,15,3321.735453
-0.742138,16,3322.246826
-0.474561,16,3322.756415
4.019682,15,3323.224173
-1.634629,14,3323.678728
3.770151,15,3324.160454
3.667708,14,3324.615391
4.42376,17,3325.154668
0.07007,17,3325.696087
4.238118,16,3326.210448
3.822781,15,3326.691383
4.171101,16,3327.200323
4.444728,17,3327.740104
5.150781,18,3328.306745
4.476737,17,3328.843838
3.503794,14,3329.296733
3.646652,15,3329.776912
3.391039,14,3330.232579
4.364965,17,3330.770509
5.38853,19,3331.369013
3.323632,14,3331.820536
6.099027,20,3332.455848
3.772991,15,3332.937186
3.799058,15,3333.401994
-0.840657,16,3333.89843
4.068321,16,3334.41031
-0.633256,16,3334.908373
3.929107,15,3335.376547
-1.064134,15,3335.859994
5.344535,19,3336.456339
-1.160489,15,3336.912307
4.727394,17,3337.452081
3.502357,14,3337.879355
4.321562,16,3338.391436
3.5992,14,3338.831025
4.726606,17,3339.372641
4.505671,16,3339.870055
3.698673,15,3340.339832
3.697501,15,3340.825818
3.942238,15,3341.312195
4.176342,16,3341.824048
4.977843,18,3342.407772
4.894528,18,3342.979656
-0.171358,18,3343.552132
4.338503,16,3344.050069
0.167676,18,3344.62166
4.071922,15,3345.093057
4.34182,16,3345.60322
3.686014,15,3346.076067
2.783668,13,3346.504124
4.691039,17,3347.045161
3.964932,15,3347.528187
5.208586,19,3348.124317
4.180696,16,3348.637904
3.826394,15,3349.106733
4.484939,17,3349.644857
3.655115,15,3350.127322
4.644196,17,3350.668705
4.538777,17,3351.21302
4.204229,16,3351.709172
4.902388,18,3352.277913
4.818874,17,3352.814518
4.759073,17,3353.365979
3.353155,14,3353.806135
-0.015573,18,3354.388947
3.836022,15,3354.853305
4.305328,16,3355.347285
3.374564,14,3355.774961
3.166936,14,3356.229772
-0.605785,16,3356.740924
3.239677,14,3357.178907
4.757194,17,3367.752407
2.380781,12,3368.135596
3.679185,15,3368.617861
3.456451,14,3369.071872
2.935626,13,3369.483936
5.060384,18,3370.050967
4.59449,17,3370.577534
3.50227,14,3371.023019
5.322697,19,3371.620025
5.176943,19,3372.227057
4.395129,16,3372.72367
5.091913,18,3373.279261
3.824173,15,3373.746408
4.275589,16,3374.241133
3.654585,15,3374.696998
3.995424,16,3375.211964
3.932111,15,3375.667739
3.825837,15,3376.155655
3.62349,14,3376.61064
3.940438,15,3377.078726
3.535193,14,3377.530591
0.371752,18,3378.100491
5.062604,18,3378.669356
4.51794,17,3379.209903
5.258372,19,3379.808107
5.678614,20,3380.435175
4.696644,16,3380.953602
3.936226,15,3381.434445
3.652955,14,3381.873687
4.365062,16,3382.384602
4.249501,16,3382.880138
4.271334,17,3383.421129
5.045943,18,3384.002188
2.949365,13,3384.426788
3.763875,15,3384.893741
3.574408,14,3385.33427
-0.112366,17,3385.89426
3.994925,15,3386.363057
0.063001,18,3386.942655
4.016735,15,3387.409411
4.144445,16,3387.921026
4.512807,16,3388.431021
3.402041,14,3388.869715
0.335767,19,3389.464954
3.06408,13,3389.879074
3.570452,14,3390.330774
3.210459,14,3390.782705
4.532018,17,3391.33229
4.854925,18,3391.899754
4.278609,16,3392.408825
4.604726,17,3392.944304
5.349405,19,3393.538627
3.896553,15,3394.020977
5.064586,18,3394.58517
4.669878,17,3395.125649
0.648814,19,3395.734748
5.06053,18,3396.303373
2.991497,13,3396.727125
3.905675,15,3397.195045
4.091396,15,3397.662462
4.557265,16,3398.171056
-0.800233,16,3398.682431
5.505047,19,3399.275359
4.622363,17,3399.814203
4.931586,18,3400.386721
4.453347,17,3400.942392
4.785125,17,3401.496786
3.634633,15,3401.965318
4.233517,16,3402.464136
3.290192,14,3402.903886
3.417871,14,3403.330164
4.727553,17,3403.843359
3.726899,15,3404.326614
3.867872,15,3404.795493
3.887245,15,3405.279221
4.027708,15,3405.759559
4.362095,16,3406.273188
5.930165,20,3406.899983
-0.608787,16,3407.397582
4.203582,16,3407.909409
5.067729,18,3408.476972
3.353608,14,3408.902872
0.642132,19,3409.512033
0.393187,19,3410.127626
3.702507,15,3410.609647
3.017099,13,3411.024044
5.404753,18,3411.605335
4.647031,17,3412.145462
3.71894,15,3412.61558
3.648605,15,3413.086969
4.070844,16,3413.570065
0.356609,19,3414.181174
4.553559,16,3414.678186
3.566575,14,3415.116996
4.818863,17,3415.640432
4.742304,17,3416.170619
4.09564,15,3416.638305
4.495679,16,3417.135099
3.830867,15,3417.605133
5.088714,17,3418.129076
4.660103,17,3418.668805
4.750839,17,3419.208504
3.69667,15,3419.678638
3.068443,13,3420.090768
-0.193913,17,3420.646813
4.489071,17,3421.191459
4.946182,18,3421.757698
4.029882,15,3422.240723
4.70377,17,3422.764772
4.431569,16,3423.262241
4.459949,16,3423.760268
4.133802,15,3424.216985
3.979879,15,3424.672249
0.198656,18,3425.252883
4.08853,15,3425.72012
4.161291,16,3426.221807
4.135701,16,3426.719909
3.516109,14,3427.174399
4.172427,16,3427.686363
-0.393186,16,3428.185745
2.950823,13,3428.59857
3.986842,15,3429.082025
4.975764,18,3429.646351
2.823371,13,3430.073338
-0.316405,17,3430.614513
4.520996,17,3431.143734
-0.388577,17,3431.683222
0.005637,17,3432.206113
-0.172367,17,3442.835906
4.529338,16,3443.348849
3.996836,15,3443.817371
4.35303,16,3444.329781
4.429346,16,3444.825652
3.889527,15,3445.294
5.046968,17,3445.839826
4.535985,16,3446.35745
5.399326,18,3446.9238
2.923295,13,3447.337063
3.734831,15,3447.819828
5.324949,19,3448.414845
3.796294,14,3448.868113
4.212291,16,3449.377933
3.898234,15,3449.858617
4.273367,15,3450.337757
4.04613,15,3450.804611
-0.645316,16,3451.305581
4.651376,17,3451.830623
3.827056,14,3452.256555
4.421733,16,3452.755266
4.197437,15,3453.237391
3.544253,14,3453.69152
0.628313,19,3454.28878
-0.673303,16,3454.786933
3.322174,14,3455.24219
4.396584,16,3455.753334
3.848783,15,3456.228116
-0.028084,18,3456.795696
3.304862,14,3457.236839
4.804068,17,3457.766657
3.951477,15,3458.249698
4.651388,16,3458.761163
-0.685523,16,3459.262134
3.938001,15,3459.733193
3.886047,15,3460.217095
4.161679,15,3460.700761
4.106128,16,3461.216522
4.2686,16,3461.729878
4.09915,15,3462.216433
0.424821,19,3462.799475
4.370629,16,3463.296152
3.712399,14,3463.739558
3.866668,15,3464.223341
5.003409,17,3464.763785
4.273865,15,3465.247358
5.136332,18,3465.829062
3.61862,14,3466.286468
4.674775,17,3466.824878
3.861177,14,3467.264194
3.813209,15,3467.746383
-0.410449,17,3468.299394
3.664681,14,3468.740704
5.050999,17,3469.265517
-0.205293,17,3469.820583
4.142375,15,3470.273849
3.480884,14,3470.70026
4.316299,16,3471.215248
4.396965,16,3471.711969
4.874985,17,3472.236527
4.862863,17,3472.77558
4.40708,16,3473.272501
4.265246,16,3473.769094
3.915889,15,3474.236303
4.471421,17,3474.776406
-0.012534,17,3475.316343
3.996147,15,3475.800963
5.520167,19,3476.402047
4.421073,16,3476.912619
3.927043,15,3477.393431
3.911769,15,3477.87634
3.112486,13,3478.30068
3.031701,13,3478.713145
0.352923,18,3479.281709
5.055043,17,3479.810103
3.048226,13,3480.23827
3.658548,14,3480.69264
-0.692256,16,3481.194275
4.649644,16,3481.692598
3.620625,14,3482.118697
0.358927,18,3482.671834
3.939218,15,3483.153218
4.625043,17,3483.695095
3.556028,14,3484.1378
4.226902,16,3484.647914
1.050328,20,3485.28721
5.781501,20,3485.914327
3.670475,14,3486.356805
4.433787,16,3486.853189
-0.578677,16,3487.365604
3.396469,14,3487.819611
3.439327,14,3488.274064
4.64391,16,3488.785354
4.427944,16,3489.296436
3.724241,14,3489.750422
0.278542,19,3490.345664
4.64936,17,3490.883906
4.831024,17,3491.427701
4.357991,16,3491.910156
4.782974,17,3492.449493
5.245866,18,3493.018937
3.980117,15,3493.500968
-0.143615,17,3494.053372
4.940267,17,3494.592128
-0.243167,17,3495.144789
3.085858,13,3495.555717
3.486559,14,3495.999505
4.394615,16,3496.496638
4.465977,16,3496.993818
3.760495,15,3497.461427
-0.452226,16,3497.956761
2.954035,13,3498.36924
5.277103,18,3498.949252
5.314667,19,3499.544855
3.579611,14,3499.985588
-0.444453,16,3500.509442
3.95366,15,3500.979864
3.495408,14,3501.407905
3.956813,15,3501.877333
4.499113,16,3502.387441
3.8849,15,3502.871735
-0.194865,16,3503.385927
0.183176,18,3503.967442
-0.305925,17,3504.506381
4.237139,16,3505.018393
0.050854,17,3505.542883
1.230777,20,3506.191874
4.988565,17,3506.732106
3.978009,15,3507.214223
3.749669,15,3517.927093
2.689847,12,3518.312543
4.526833,17,3518.864888
3.334303,14,3519.319884
4.271717,16,3519.82884
3.819737,15,3520.297833
4.466462,16,3520.793588
5.143414,18,3521.370314
4.358851,16,3521.88166
-0.888522,15,3522.34885
-0.211805,17,3522.900693
3.617424,14,3523.340723
-0.563499,16,3523.852451
4.210197,16,3524.36381
4.875089,18,3524.958497
-0.029156,17,3525.48137
-1.115515,15,3525.951637
4.626542,17,3526.495113
4.416754,16,3527.006706
0.178355,18,3527.571835
4.610989,16,3528.083589
0.451031,18,3528.6646
4.098257,15,3529.148095
4.289686,16,3529.657733
0.350422,19,3530.266805
-1.114612,15,3530.75158
4.438178,16,3531.252927
4.394387,16,3531.749727
5.086882,18,3532.32958
4.755356,17,3532.868936
4.079711,15,3533.352039
4.551961,16,3533.848265
-0.80188,15,3534.316871
3.905556,15,3534.79801
3.95848,15,3535.292759
4.399369,16,3535.806668
3.650763,14,3536.251004
3.329173,14,3536.674817
5.402434,20,3537.329569
4.509297,16,3537.843303
3.586718,14,3538.28244
2.959319,13,3538.681417
4.866395,17,3539.220932
4.497343,16,3539.717904
4.444561,16,3540.228832
4.062473,15,3540.682302
3.90829,15,3541.156245
0.169306,17,3541.69712
-1.439874,14,3542.124964
4.707112,17,3542.647054
5.08393,18,3543.199437
4.10341,16,3543.697286
3.529042,14,3544.143818
5.156693,18,3544.709969
-0.54224,16,3545.224373
3.697304,15,3545.698229
5.14371,18,3546.270086
2.830281,13,3546.665443
3.3744,14,3547.117904
5.160934,17,3547.654455
3.83619,15,3548.120839
3.054001,13,3548.542754
4.386176,16,3549.052152
2.933191,13,3549.480562
3.618371,15,3549.964375
4.440763,16,3550.461072
4.647672,17,3550.985086
3.992347,15,3551.456235
4.1193,15,3551.923542
3.291673,14,3552.349929
3.428214,14,3552.775066
-0.542891,16,3553.269415
4.461804,16,3553.766829
4.388408,17,3554.306664
4.131209,16,3554.815809
5.377009,18,3555.369166
4.088047,15,3555.836772
5.129478,18,3556.408417
3.014686,13,3556.833268
-0.212344,17,3557.370726
3.413576,14,3557.823218
4.12312,16,3558.335509
4.424883,16,3558.843933
5.053465,18,3559.41231
3.809128,15,3559.897064
4.612268,17,3560.439214
5.129926,18,3561.020585
4.923807,17,3561.56305
5.078909,18,3562.12691
2.732154,12,3562.52569
3.427773,14,3562.967316
4.645615,17,3563.479534
4.610471,16,3564.005453
3.877761,15,3564.486485
3.085662,13,3564.899535
-0.529909,16,3565.411457
5.112503,17,3565.951148
4.936596,17,3566.508319
4.490783,17,3567.046323
4.394485,17,3567.600693
0.349104,18,3568.150825
5.779736,20,3568.774143
4.866749,17,3569.313825
3.641594,14,3569.751969
4.043764,15,3570.236212
3.331452,14,3570.688432
5.264521,18,3571.261019
5.181617,18,3571.826008
4.451426,16,3572.323693
4.756352,17,3572.861418
4.184959,15,3573.327836
4.412157,16,3573.837224
3.519195,14,3574.276599
4.294116,16,3574.770571
3.293565,14,3575.209573
4.652828,17,3575.749857
-0.902149,15,3576.238106
2.4879,12,3576.621948
4.341511,16,3577.116172
4.111236,16,3577.626953
4.564425,16,3578.140893
3.902745,15,3578.608974
4.776786,17,3579.149083
3.875747,15,3579.643603
-0.001847,16,3580.1409
4.257301,16,3580.636641
4.376822,16,3581.126534
-0.038288,17,3581.664195
4.812801,17,3582.188669
5.296934,19,3592.952317
4.367981,16,3593.462431
4.610187,17,3594.003818
5.021012,17,3594.531531
4.65212,17,3595.071485
2.992636,13,3595.499439
3.46235,14,3595.926249
3.843028,15,3596.404867
4.073081,15,3596.887319
3.137071,13,3597.312383
3.510865,14,3597.769337
-1.449627,14,3598.225412
4.258569,16,3598.736186
4.191989,16,3599.234983
3.807041,15,3599.718334
4.606082,17,3600.274137
2.535625,12,3600.645139
4.44995,17,3601.191725
4.225977,16,3601.706182
4.406355,16,3602.205676
-0.884387,15,3602.690224
4.085758,15,3603.174655
3.326594,14,3603.616615
4.83663,17,3604.158846
4.3082,16,3604.667049
4.780282,17,3605.206221
3.024228,13,3605.633073
3.340694,14,3606.063099
4.609425,17,3606.593144
-1.529833,14,3607.033989
3.862722,15,3607.516253
4.314404,16,3608.027029
4.432635,16,3608.524214
3.76685,15,3609.007667
3.763137,14,3609.449966
5.433327,19,3610.064827
4.533399,17,3610.590957
4.982777,18,3611.150472
3.603915,14,3611.591143
5.21445,18,3612.161342
4.12152,16,3612.671748
3.92923,15,3613.14199
-1.022726,15,3613.625374
3.952925,15,3614.109326
-0.201773,17,3614.64854
5.292922,18,3615.215262
3.502403,14,3615.669328
4.46479,17,3616.215131
3.412562,14,3616.670499
4.733625,17,3617.211067
5.289257,18,3617.77884
3.549299,15,3618.260411
3.53557,14,3618.714426
5.846524,19,3619.308816
4.895301,17,3619.848054
4.790873,17,3620.386997
3.274958,14,3620.826402
3.08037,13,3621.244424
3.439567,14,3621.684962
4.78521,18,3622.238912
4.354338,16,3622.736911
4.064888,15,3623.189195
2.893505,13,3623.599904
2.632791,12,3623.969057
1.168569,20,3624.608608
3.560054,14,3625.059432
3.355806,14,3625.497574
5.12324,18,3626.053397
4.402618,16,3626.568845
4.425629,16,3627.078236
3.329633,14,3627.516241
4.342153,16,3628.022952
4.268182,16,3628.529273
3.961395,15,3629.011647
3.443849,14,3629.454195
3.423861,14,3629.891658
4.712896,17,3630.433884
3.693905,15,3630.913766
4.060107,16,3631.425156
5.371299,19,3632.01814
4.430206,16,3632.531243
3.26308,14,3632.986438
4.415329,16,3633.496424
4.428297,16,3634.005939
4.249242,16,3634.515396
4.324763,15,3634.998883
4.084636,16,3635.510489
0.066676,18,3636.076941
4.656599,17,3636.616817
3.900774,15,3637.086696
3.878827,15,3637.570848
4.333732,16,3638.081762
3.862666,15,3638.563941
4.682596,17,3639.104087
4.395188,16,3639.618243
4.707272,17,3640.156849
4.840914,17,3640.695404
2.47241,12,3641.080492
4.298435,16,3641.594768
4.812032,16,3642.10669
5.102037,18,3642.674309
5.046793,18,3643.230365
4.301804,16,3643.743514
4.233436,16,3644.241183
-0.423124,17,3644.76809
3.608532,14,3645.223348
-0.70873,16,3645.73576
3.731599,15,3646.235015
2.89075,13,3646.645769
5.751432,19,3647.257426
3.418005,14,3647.713119
4.459702,17,3648.249732
-0.312512,17,3648.78851
3.807497,15,3649.270359
4.503489,16,3649.767207
2.626785,12,3650.134709
3.421983,14,3650.585719
-0.205809,17,3651.126624
0.651085,18,3651.695524
4.368048,16,3652.206139
3.870743,15,3652.688408
2.945723,13,3653.114636
4.238147,16,3653.627062
3.777835,15,3654.093285
6.023433,20,3654.73085
3.953708,15,3655.217292
0.333205,18,3655.783997
4.458553,16,3656.311144
4.792068,17,3656.851411
-0.417445,16,3657.361258
2.918819,13,3668.026399
3.323391,14,3668.467317
4.236468,16,3668.966283
3.623159,14,3669.378977
3.756623,15,3669.86236
4.315633,15,3670.345978
4.742084,17,3670.887307
-0.002186,17,3671.433651
5.230478,18,3672.016888
5.394663,19,3672.615347
3.963922,15,3673.100133
3.057357,13,3673.499178
2.524811,12,3673.883407
4.478533,16,3674.393465
4.952913,17,3674.933074
4.005215,15,3675.414614
0.22236,18,3675.984113
3.911442,15,3676.470287
4.841334,17,3677.023542
3.654976,15,3677.494431
4.899399,17,3678.050192
3.541072,14,3678.489772
4.314947,16,3678.999681
3.264115,14,3679.441195
3.219578,14,3679.895968
4.185293,16,3680.405069
2.977869,13,3680.817763
-1.393546,14,3681.262108
3.795746,15,3681.730595
5.749468,19,3682.32589
4.995601,17,3682.863244
4.851935,18,3683.431963
3.30449,14,3683.883853
3.889169,15,3684.364058
5.559465,19,3684.970078
-0.974861,15,3685.438601
3.673678,14,3685.88036
4.756962,17,3686.426319
3.955954,15,3686.90685
4.290285,16,3687.386597
2.838634,13,3687.782455
4.562125,16,3688.287547
4.442473,16,3688.795673
2.891949,13,3689.205031
-0.123192,17,3689.74293
4.598719,17,3690.281713
5.812388,19,3690.888216
5.767451,20,3691.528303
5.09636,18,3692.096026
4.170999,16,3692.609491
3.769509,15,3693.093628
4.749908,17,3693.647743
3.330655,14,3694.088201
0.057452,18,3694.645053
-0.373116,17,3695.183508
3.851361,15,3695.664857
3.825627,15,3696.148916
3.184169,13,3696.549609
4.665293,17,3697.075975
4.753646,17,3697.614846
2.650475,12,3697.96838
3.959679,15,3698.450569
4.99921,17,3698.976797
3.901313,15,3699.460536
4.331957,16,3699.971448
2.943119,13,3700.395997
3.732133,15,3700.866226
4.4713,16,3701.380713
4.506915,16,3701.876721
3.863653,15,3702.346735
4.3869,16,3702.84303
3.322295,14,3703.298236
3.886469,15,3703.783645
5.215948,18,3704.354879
3.870444,15,3704.839609
5.195903,18,3705.408467
5.680488,19,3706.004517
3.385928,14,3706.460628
-0.842519,16,3706.971398
3.566961,14,3707.425419
4.774304,17,3707.965825
-0.933255,15,3708.448201
-0.522025,16,3708.957765
4.425999,16,3709.469743
5.009346,17,3710.02494
4.087267,16,3710.536138
3.749492,15,3711.003439
4.337205,16,3711.51837
4.157459,16,3712.016643
4.3938,16,3712.528362
4.248303,16,3713.038058
3.576908,14,3713.465516
4.171586,16,3713.963655
3.764006,14,3714.406604
3.35915,14,3714.861452
3.427939,14,3715.303175
4.613169,17,3715.844194
4.451276,16,3716.361066
4.21397,16,3716.881227
4.659026,17,3717.421876
3.272311,14,3717.864106
5.105681,18,3718.435454
4.449647,16,3718.935761
4.608947,16,3719.448773
3.897955,15,3719.920781
4.226489,16,3720.418922
4.410712,16,3720.947862
4.001952,15,3721.4252
3.329061,14,3721.86553
3.739211,15,3722.321884
4.897383,17,3722.875767
3.497325,14,3723.314931
4.106513,15,3723.784964
4.739703,17,3724.324373
4.236305,16,3724.835725
4.063266,15,3725.307005
3.288508,14,3725.733251
4.464206,17,3726.290494
4.352203,16,3726.800664
5.170998,18,3727.369358
3.484578,14,3727.781615
3.816207,15,3728.238578
5.473365,19,3728.822978
3.26188,14,3729.250288
3.405047,14,3729.687063
4.115871,15,3730.155397
4.66821,17,3730.693971
4.2614,16,3731.206892
-0.824376,15,3731.688128
4.676022,17,3732.228282
4.279449,16,3732.739009
3.84289,15,3743.470469
4.436385,17,3744.009992
3.736567,15,3744.476621
-0.195192,17,3745.029623
3.703421,15,3745.499499
4.689994,17,3746.043235
4.187714,15,3746.501696
3.62128,15,3746.971143
3.997958,16,3747.487275
-0.292615,17,3748.039371
3.862334,15,3748.50724
4.705169,17,3749.035747
4.239196,16,3749.548692
4.174286,16,3750.058038
4.72496,17,3750.595824
3.366712,14,3751.034134
5.228246,19,3751.664349
4.0863,16,3752.14851
3.960027,15,3752.622044
3.808878,15,3753.092298
-0.931144,15,3753.565816
4.351246,16,3754.050217
3.525276,14,3754.492262
4.595821,17,3755.034561
-1.137278,15,3755.50577
4.863476,17,3756.048801
4.429101,16,3756.562557
-0.121313,18,3757.135161
-1.291847,15,3757.619572
4.882756,17,3758.161413
4.204387,16,3758.674069
4.313759,16,3759.185343
4.163731,16,3759.682247
3.727902,15,3760.151993
4.405981,16,3760.665172
4.247215,16,3761.175488
5.600532,20,3761.793863
4.910006,17,3762.335071
3.416298,14,3762.790318
4.804452,18,3763.357147
3.56723,15,3763.840832
3.421554,14,3764.294872
-0.590003,16,3764.806119
4.146682,16,3765.317228
3.63523,15,3765.783269
4.421733,17,3766.328416
4.335358,16,3766.838749
3.740294,15,3767.322203
4.2891,16,3767.819421
0.087063,18,3768.387101
4.007708,16,3768.895731
4.094781,16,3769.413796
3.527426,14,3769.882438
4.152622,16,3770.408276
4.606088,17,3770.950992
-1.323034,15,3771.457221
3.483837,14,3771.901196
3.290335,14,3772.33325
3.101294,13,3772.778981
4.376966,17,3773.318647
4.313555,16,3773.834242
4.846649,18,3774.427708
3.678257,15,3774.921872
3.187632,14,3775.391945
3.919593,15,3775.859879
4.748729,17,3776.391884
-0.678695,15,3776.875558
4.893651,18,3777.457759
0.183822,18,3778.026481
4.044857,16,3778.53704
4.272401,16,3779.048446
-0.325425,17,3779.574947
5.367288,19,3780.170121
4.642275,17,3780.708827
4.490222,17,3781.253505
3.726519,15,3781.735198
3.899143,15,3782.216656
4.792496,17,3782.756409
5.50471,19,3783.36345
3.257364,14,3783.801926
3.687354,15,3784.268058
4.952519,18,3784.849754
4.813272,18,3785.417838
4.163216,16,3785.927931
4.512926,17,3786.455966
3.389333,14,3786.88377
5.412017,19,3787.49109
3.771387,15,3787.943922
4.117577,16,3788.425934
4.005554,15,3788.891505
3.584155,14,3789.317216
4.633554,17,3789.867944
4.860679,18,3790.433008
3.16639,14,3790.874319
4.815523,18,3791.434992
2.997207,13,3791.844235
4.228757,16,3792.33849
2.744951,13,3792.748658
3.571394,15,3793.230102
-0.322013,17,3793.764916
-1.626006,14,3794.216805
3.939326,15,3794.699357
4.830243,18,3795.264084
-0.547341,16,3795.758518
3.752562,15,3796.224962
3.372202,14,3796.676077
2.470843,12,3797.055935
3.993781,15,3797.50822
5.379111,19,3798.100818
3.468858,14,3798.537061
4.64592,16,3799.028913
3.677079,15,3799.494519
3.114849,13,3799.890015
4.251031,17,3800.413869
4.466414,17,3800.95118
4.074476,15,3801.422302
4.994948,19,3802.003464
2.810162,13,3802.416672
5.015853,18,3802.996616
4.359653,16,3803.505902
3.351845,14,3803.945512
5.010833,18,3804.525321
0.869183,19,3805.10759
3.435725,14,3805.546909
3.843258,15,3806.025371
4.096767,15,3806.504405
-1.616596,14,3806.928686
3.246808,14,3807.355088
-0.959157,15,3807.830982
4.562204,17,3818.522093
4.096876,16,3819.039196
3.32465,14,3819.485188
4.616544,17,3820.016428
3.746332,15,3820.499294
3.821912,15,3820.985645
3.726605,15,3821.480769
3.908083,15,3821.96385
3.648408,14,3822.405081
4.235383,16,3822.90122
-0.228252,18,3823.486437
4.467087,17,3824.026237
2.79785,13,3824.436702
3.671274,15,3824.919822
4.241914,16,3825.42782
4.158533,16,3825.939525
3.372897,14,3826.399673
3.929408,16,3826.912963
3.546808,15,3827.366929
4.303928,16,3827.879313
4.768789,17,3828.421312
3.880642,15,3828.901959
3.931469,16,3829.411966
4.821004,17,3829.951656
3.473837,14,3830.393161
4.068373,16,3830.889319
3.591157,15,3831.363491
4.296945,16,3831.872897
3.685685,15,3832.35726
4.4424,17,3832.896458
3.76686,15,3833.362785
3.885405,16,3833.8713
3.161245,14,3834.324615
0.602353,19,3834.921442
3.801219,15,3835.389193
3.915922,15,3835.870876
-0.306835,17,3836.414645
4.056034,16,3836.924686
4.911616,17,3837.464647
0.249844,18,3838.03336
4.354317,16,3838.53038
4.153189,16,3839.028666
-0.216472,17,3839.569515
-0.261564,17,3840.107703
4.717332,18,3840.662266
4.67936,17,3841.20141
4.454141,16,3841.685875
3.887377,15,3842.15404
3.382954,14,3842.592862
-0.10266,17,3843.133573
4.619227,17,3843.65685
3.345318,14,3844.095622
3.341692,14,3844.533367
4.365897,16,3845.044919
5.114875,19,3845.639793
3.344006,14,3846.078492
5.397518,19,3846.676475
3.188363,13,3847.088186
-0.692777,16,3847.59728
-0.209112,17,3848.133667
4.501374,17,3848.671575
4.164793,16,3849.182414
4.452125,16,3849.692429
2.939189,13,3850.116585
0.396036,19,3850.71046
4.078283,16,3851.221038
4.128913,16,3851.735428
0.447083,18,3852.302606
4.08859,16,3852.812454
4.803091,17,3853.34729
5.438752,20,3853.997365
3.886228,15,3854.464519
5.285439,19,3855.057659
3.655901,15,3855.52284
3.733458,15,3855.975864
4.194771,16,3856.475737
2.750053,13,3856.883611
4.63275,17,3857.433284
-1.35526,14,3857.870512
4.208034,16,3858.382823
3.837486,15,3858.860761
4.427423,16,3859.369657
3.282358,14,3859.824856
3.070823,13,3860.237151
5.209673,18,3860.815984
4.598328,17,3861.359567
-0.797078,16,3861.871311
4.939089,18,3862.437161
4.030822,16,3862.946404
4.949626,18,3863.513168
0.178361,19,3864.106015
4.667675,17,3864.644392
3.484602,14,3865.096936
4.386209,16,3865.605774
4.230271,16,3866.117478
4.72551,17,3866.661686
3.573864,15,3867.141026
3.637757,15,3867.619617
4.07744,16,3868.128544
3.890311,15,3868.608038
0.164528,18,3869.17404
3.814111,15,3869.642967
4.542799,17,3870.179039
0.976645,21,3870.844025
4.509846,17,3871.383067
3.858263,15,3871.860876
4.266158,16,3872.368791
2.805225,13,3872.777977
-1.124272,15,3873.258424
4.458698,17,3873.806765
4.69118,17,3874.33582
4.512301,17,3874.873248
4.289497,16,3875.36591
3.505054,14,3875.805022
4.510698,17,3876.34733
-0.441592,17,3876.869195
3.420628,14,3877.307113
4.165211,16,3877.814534
3.663764,15,3878.29562
3.264627,14,3878.748282
0.677933,19,3879.342742
-0.718399,16,3879.853044
3.281819,14,3880.304551
4.80864,18,3880.856154
0.476923,19,3881.454482
2.925258,13,3881.86573
3.460349,14,3882.289571
-0.33166,17,3882.827261
4.124695,16,3893.55893
4.812479,17,3894.108963
3.83168,15,3894.577921
3.746446,15,3895.045544
5.234105,18,3895.611238
4.298184,16,3896.119492
4.248153,16,3896.620861
5.272468,19,3897.227951
-0.526119,16,3897.737732
3.35903,14,3898.176276
4.025546,16,3898.685287
3.406679,14,3899.123363
3.802393,15,3899.603305
4.679947,17,3900.124934
3.621048,14,3900.563035
4.879363,17,3901.100866
5.045253,18,3901.67396
3.746295,15,3902.154793
4.984522,17,3902.678646
2.815938,13,3903.102866
5.166462,18,3903.666165
3.025312,13,3904.089565
2.980045,13,3904.488082
3.325112,14,3904.939345
0.132461,19,3905.543381
-0.011082,18,3906.10824
4.644506,17,3906.648221
4.436303,16,3907.140685
3.672479,15,3907.604207
4.002964,15,3908.081684
4.942109,18,3908.646136
3.919501,15,3909.124328
4.302057,16,3909.631153
4.249076,15,3910.095802
4.268821,16,3910.589237
4.855928,18,3911.137069
4.289599,16,3911.646331
3.648436,15,3912.125624
4.231183,16,3912.619513
3.260282,14,3913.041662
-0.445196,17,3913.579044
4.61554,17,3914.116017
5.804732,20,3914.748562
4.885856,18,3915.314183
5.185883,19,3915.907627
4.563246,17,3916.449513
4.43708,16,3916.958858
4.369573,16,3917.466534
3.77155,15,3917.944968
-1.439974,14,3918.396159
5.135125,19,3918.988303
5.054864,18,3919.554327
4.969112,18,3920.118623
3.821415,15,3920.597265
4.625947,17,3921.118027
-0.869038,16,3921.616001
3.703044,15,3922.080899
4.154265,16,3922.572574
5.174979,18,3923.124857
4.353677,16,3923.633103
3.718345,15,3924.098509
3.290287,14,3924.536139
4.388568,16,3925.044791
3.647765,15,3925.525124
4.544973,17,3926.046376
5.24027,19,3926.640162
4.868882,17,3927.187994
3.740357,15,3927.652333
3.751752,15,3928.132826
4.15227,16,3928.641543
4.466742,16,3929.147888
4.410348,16,3929.655702
3.918968,15,3930.133564
4.508824,17,3930.654771
3.535166,14,3931.104203
3.937724,15,3931.585352
3.829795,15,3932.066109
3.750499,15,3932.546038
3.782314,15,3933.010766
-0.339026,17,3933.529845
4.320217,16,3934.038231
-0.267998,17,3934.562551
4.084679,16,3935.05561
0.427658,18,3935.620451
3.320391,14,3936.05549
5.617015,20,3936.693211
4.228148,15,3937.145485
0.226512,18,3937.736533
4.760802,17,3938.25784
4.181413,16,3938.752996
4.997625,18,3939.303356
4.365715,16,3939.812029
4.9724,18,3940.379019
4.726388,17,3940.916998
4.606602,17,3941.443771
4.173221,16,3941.937429
2.880581,13,3942.332758
3.824657,15,3942.799467
5.255808,19,3943.378621
5.379207,19,3943.98723
4.297026,16,3944.497985
3.744863,15,3944.965656
5.181612,19,3945.560146
3.276205,14,3945.984284
-0.288107,18,3946.555254
3.432229,14,3946.980138
2.474466,12,3947.363049
4.296767,16,3947.858528
3.411499,14,3948.308
3.648276,14,3948.760643
3.689492,14,3949.21376
2.834186,13,3949.610911
3.656719,15,3950.078256
4.169082,16,3950.589572
4.233866,16,3951.073392
3.946216,15,3951.557766
3.853875,15,3952.009365
4.149956,16,3952.515096
5.170341,19,3953.123271
5.340286,19,3953.719201
-1.101111,15,3954.199538
4.066241,16,3954.706554
4.398034,16,3955.213544
3.642503,14,3955.664175
4.712537,17,3956.201453
4.761086,17,3956.739858
0.276251,18,3957.304496
-1.049354,15,3967.955013
5.254998,18,3968.506414
-0.192515,17,3969.044781
4.544514,17,3969.580643
3.707659,15,3970.04597
4.196615,16,3970.555674
4.024719,15,3971.033778
4.206439,16,3971.532507
2.51261,12,3971.929596
5.443063,19,3972.524781
4.88694,17,3973.049207
4.504867,17,3973.585162
4.271929,16,3974.093885
3.867523,15,3974.573543
4.607522,16,3975.064215
0.055803,18,3975.643745
4.166806,16,3976.135796
4.140618,16,3976.650017
5.29343,19,3977.258786
5.581519,20,3977.882935
4.247909,16,3978.393182
3.929539,15,3978.874954
4.933019,18,3979.443445
3.910099,15,3979.926899
3.70947,14,3980.381917
4.282345,16,3980.895962
5.500974,19,3981.492746
4.085518,16,3982.001157
4.229531,16,3982.526937
4.902481,17,3983.06571
4.685673,17,3983.606394
4.325291,16,3984.107335
4.08561,16,3984.617125
4.592157,17,3985.155695
4.2239,16,3985.652597
4.399866,16,3986.163588
4.457165,17,3986.708285
4.032829,16,3987.216465
-0.985127,15,3987.698919
4.002994,15,3988.179907
4.545477,17,3988.70349
3.416546,14,3989.128641
4.560291,17,3989.666364
-0.21217,17,3990.179168
3.256902,14,3990.604106
4.391144,16,3991.111597
4.609802,17,3991.638722
-0.449051,17,3992.178358
-0.391105,17,3992.701879
3.473257,14,3993.155154
4.336738,16,3993.661561
3.658613,15,3994.12942
3.605521,15,3994.582509
4.629443,17,3995.117162
3.287012,14,3995.54085
3.46832,14,3995.963657
5.828327,20,3996.618287
4.130987,16,3997.115458
4.0243,16,3997.599325
3.386064,14,3998.024494
4.758297,17,3998.548286
4.395589,16,3999.060644
5.22793,19,3999.65774
3.441708,14,4000.108999
3.729871,15,4000.592126
3.790638,15,4001.06195
3.987853,15,4001.549974
4.527455,17,4002.089007
4.952737,18,4002.671072
4.233733,16,4003.168157
3.370169,14,4003.621242
2.896461,13,4004.049473
4.02827,15,4004.519031
4.710375,17,4005.045076
4.225503,16,4005.55611
4.019397,16,4006.069985
5.318615,19,4006.670738
4.046895,16,4007.18263
3.729695,15,4007.648248
2.960664,13,4008.059318
4.544813,17,4008.585512
4.963907,18,4009.152423
3.254771,14,4009.591693
-0.73314,15,4010.074038
3.408548,14,4010.51276
3.334545,14,4010.936092
5.350289,18,4011.522635
0.186263,18,4012.101173
3.804928,15,4012.57819
4.071985,16,4013.083864
4.031098,16,4013.591175
4.398575,16,4014.100909
4.557115,17,4014.638456
3.979297,16,4015.145803
4.751687,18,4015.713929
4.716724,17,4016.255316
4.981845,19,4016.852228
5.999395,21,4017.517302
5.421641,19,4018.112396
3.945273,15,4018.593524
-0.317824,17,4019.130416
4.712979,17,4019.653576
4.473799,17,4020.192686
3.975209,15,4020.673346
3.860512,15,4021.155013
0.124168,18,4021.726326
3.59284,15,4022.211124
3.362516,14,4022.654002
4.237898,16,4023.150759
2.910165,13,4023.575578
3.601342,15,4024.043813
-0.475352,16,4024.554249
3.8535,15,4025.022588
4.112249,16,4025.533745
4.571861,17,4026.073732
-0.946141,15,4026.54891
4.145603,16,4027.036219
4.944413,18,4027.588427
4.30792,17,4028.113778
-0.66361,16,4028.62537
4.429192,16,4029.13698
4.253332,16,4029.63381
4.026672,15,4030.103107
5.076515,18,4030.675106
-0.717169,16,4031.188325
4.020459,15,4031.663447
5.35443,19,4032.2583
3.826103,15,4042.970841
4.907079,18,4043.551551
4.528147,17,4044.103007
3.831597,15,4044.567389
4.42796,16,4045.063571
3.137902,13,4045.474015
2.544074,12,4045.859481
3.373599,14,4046.298163
4.788799,17,4046.837663
4.965006,18,4047.39022
2.905873,13,4047.78467
4.181168,16,4048.279233
4.915571,17,4048.843478
4.67034,17,4049.379293
3.760281,14,4049.789568
5.698745,20,4050.411679
-0.131094,17,4050.935461
3.374148,14,4051.358788
3.445047,14,4051.806229
4.025463,15,4052.273406
4.478777,16,4052.76929
3.788551,15,4053.248924
-1.105171,15,4053.717792
3.31976,14,4054.157926
4.264652,16,4054.667485
4.400067,16,4055.176925
3.938018,15,4055.644164
0.214556,18,4056.210867
4.547598,16,4056.696801
4.926176,18,4057.263034
4.159516,15,4057.743725
0.025501,18,4058.30793
4.750176,17,4058.861879
3.853562,15,4059.328439
4.398877,17,4059.878956
4.413896,17,4060.433684
4.343997,16,4060.932919
-0.038644,17,4061.472945
3.004359,13,4061.898531
3.784525,15,4062.37988
4.828373,17,4062.906303
4.562185,16,4063.415033
2.482375,12,4063.799225
4.152673,16,4064.310047
3.703763,15,4064.792223
4.392307,16,4065.289233
3.679905,14,4065.727456
4.108085,15,4066.208732
4.743915,17,4066.749876
4.897102,17,4067.287751
4.944331,18,4067.852377
-0.680501,15,4068.321499
5.176332,18,4068.889794
4.311028,16,4069.400054
3.474935,14,4069.850583
4.705476,16,4070.34382
3.626462,14,4070.783169
-1.414365,14,4071.238654
4.214953,16,4071.752543
5.308016,18,4072.30438
3.97503,15,4072.770746
4.793463,17,4073.311809
0.211258,17,4073.850145
4.276802,16,4074.359313
-0.533823,16,4074.855762
3.847339,15,4075.323249
3.319653,14,4075.778066
3.316547,14,4076.232986
4.380866,16,4076.74477
3.467455,14,4077.198588
3.935256,15,4077.679922
-1.227111,15,4078.136362
3.421103,14,4078.563144
4.247418,16,4079.075026
3.325907,14,4079.500335
3.54049,14,4079.941896
3.731128,15,4080.40837
3.956649,15,4080.88928
-0.276207,17,4081.429263
4.463035,16,4081.941456
2.87075,13,4082.367486
4.447075,16,4082.878316
4.19834,16,4083.38951
3.733241,15,4083.871253
3.662961,15,4084.339251
4.804918,17,4084.877089
0.039756,18,4085.441833
-0.789602,15,4085.922358
0.822288,18,4086.491241
5.232999,18,4087.059618
0.278821,18,4087.623402
5.071467,18,4088.189454
5.02057,18,4088.75569
4.418449,16,4089.264293
4.772031,17,4089.800855
4.484031,16,4090.309095
2.954232,13,4090.733438
-0.025394,17,4091.269393
4.234538,16,4091.764904
4.218527,16,4092.26036
5.466913,19,4092.840555
3.016749,13,4093.263677
4.414172,16,4093.770786
3.609705,14,4094.223617
0.000371,17,4094.748489
3.959202,15,4095.214681
-0.126902,17,4095.723478
3.932296,15,4096.178815
3.878391,15,4096.665872
3.877317,15,4097.133394
-0.407555,17,4097.669872
-0.250759,17,4098.209426
3.213673,14,4098.647485
-0.248801,17,4099.187184
0.386122,18,4099.75543
4.221461,16,4100.265074
3.656907,14,4100.719559
4.787635,17,4101.26083
0.434839,19,4101.85999
3.909281,15,4102.328658
3.951531,15,4102.810316
4.548026,16,4103.32198
4.51975,16,4103.832425
4.452603,16,4104.343091
5.010792,18,4104.912389
4.20129,16,4105.41057
3.442201,14,4105.869988
3.01202,13,4106.294841
4.639097,16,4106.812641
-1.107454,15,4107.282873
-0.958401,15,4117.952452
5.183673,18,4118.522448
4.825517,17,4119.049371
5.113535,18,4119.631779
0.572499,19,4120.228999
3.691809,15,4120.71049
5.127541,18,4121.29337
-0.250989,17,4121.838674
2.904827,13,4122.246064
4.463415,16,4122.758667
4.46092,16,4123.275192
0.613436,18,4123.815861
3.992898,15,4124.301498
3.187864,14,4124.757417
-1.177562,15,4125.240582
3.420931,14,4125.695545
3.728468,15,4126.191367
4.297009,16,4126.698181
4.532714,16,4127.212164
3.689143,15,4127.710956
4.294125,16,4128.222877
3.356658,14,4128.652264
2.832091,13,4129.067109
3.342872,14,4129.510984
3.862317,15,4129.980053
0.78706,20,4130.614014
4.402942,16,4131.123036
4.117629,16,4131.637809
3.580932,14,4132.087748
2.394689,12,4132.497643
4.166337,16,4133.010471
4.627171,17,4133.535762
2.963539,13,4133.961963
-0.792075,15,4134.445481
0.671607,20,4135.091591
4.321811,16,4135.603356
5.031215,17,4136.157847
3.31533,14,4136.609017
3.020725,13,4137.021181
0.161861,18,4137.589032
4.254875,16,4138.086987
4.770475,17,4138.632772
3.947348,15,4139.105285
4.308665,16,4139.621676
3.350602,14,4140.065891
3.539546,14,4140.507145
3.084698,13,4140.935231
3.36073,14,4141.376205
4.358221,16,4141.905663
3.003467,13,4142.315615
4.307799,17,4142.855153
4.584125,17,4143.395224
4.057509,15,4143.883066
4.206946,16,4144.395147
4.258987,16,4144.896162
4.120964,16,4145.40708
3.851141,15,4145.891401
4.364524,17,4146.417426
4.972755,18,4146.994734
4.074646,16,4147.505815
5.052255,18,4148.073466
3.530659,14,4148.502157
5.311949,18,4149.069975
3.022916,13,4149.482802
3.611257,14,4149.922743
4.20571,16,4150.421315
4.14002,15,4150.90782
-0.087381,17,4151.446156
4.042709,15,4151.91414
3.841494,15,4152.394295
-0.050854,18,4152.974309
-1.499209,13,4153.387664
3.87387,15,4153.855939
5.17496,18,4154.42251
3.004653,13,4154.834627
-0.165039,17,4155.374071
3.10774,13,4155.784477
3.508735,14,4156.236682
3.726416,15,4156.724006
3.908575,15,4157.194713
-0.194198,17,4157.723912
5.123614,18,4158.290505
-0.470345,16,4158.801543
4.228036,16,4159.287428
-0.17902,17,4159.826007
3.467744,14,4160.25205
5.349918,19,4160.846913
4.209932,16,4161.342658
4.869681,18,4161.928791
5.146146,19,4162.523009
0.315534,18,4163.092274
3.986634,16,4163.604358
4.170575,16,4164.116465
3.433267,14,4164.556858
0.086704,18,4165.138656
4.429065,17,4165.676122
4.429433,16,4166.176037
3.146622,13,4166.595307
4.876562,18,4167.149742
3.609091,14,4167.572615
3.244405,14,4168.029202
3.574066,15,4168.500763
4.222353,16,4168.997781
4.08501,16,4169.501169
0.68793,20,4170.142169
4.757472,17,4170.668015
3.166389,14,4171.106903
2.993648,13,4171.503958
4.372827,16,4172.02243
4.132145,16,4172.516675
4.867678,18,4173.098362
3.26936,14,4173.523396
3.40818,14,4173.965084
3.864834,15,4174.447078
4.299765,16,4174.957525
4.935064,18,4175.525974
3.699256,14,4175.965982
3.952445,15,4176.434874
5.084041,19,4177.053428
3.865332,15,4177.522188
4.862414,18,4178.106365
-0.823294,15,4178.58988
5.43517,20,4179.202138
0.196791,18,4179.785712
4.136455,16,4180.28167
4.291237,16,4180.793184
4.120072,16,4181.307522
3.397045,14,4181.768786
3.732697,15,4182.237007
4.841564,18,4193.094528
4.246984,16,4193.608016
3.403032,14,4194.050073
3.86838,15,4194.534784
3.652361,15,4194.99063
4.890515,18,4195.549585
3.388545,14,4196.005473
-0.414945,17,4196.545233
4.573927,17,4197.089524
-0.153197,17,4197.614954
3.769507,15,4198.101331
4.836372,18,4198.669414
4.309608,16,4199.166114
2.841028,13,4199.565237
4.180229,16,4200.064427
-0.675132,16,4200.564631
3.585372,15,4201.035837
3.281768,14,4201.477753
4.385826,17,4202.038538
4.571864,17,4202.566174
3.816271,15,4203.048321
3.935943,15,4203.516305
0.470314,20,4204.146288
-0.270367,17,4204.686896
4.233957,16,4205.19704
3.79326,15,4205.664594
4.084999,16,4206.173825
4.441196,17,4206.717799
4.576959,17,4207.257095
4.020228,16,4207.769087
-0.385531,17,4208.307869
4.544354,17,4208.850632
4.376164,17,4209.388879
3.616583,15,4209.870741
3.222295,14,4210.310471
5.20194,19,4210.92056
5.494534,19,4211.540462
-0.417242,17,4212.070621
4.478107,16,4212.593212
4.542552,17,4213.117779
4.883198,18,4213.672623
4.783028,17,4214.209587
4.989607,18,4214.760146
3.456898,14,4215.202546
3.273189,14,4215.657227
3.076317,13,4216.067797
3.953672,15,4216.548742
4.858945,18,4217.121381
3.791232,15,4217.604741
4.444272,16,4218.114826
4.511807,17,4218.638553
4.503613,17,4219.163788
0.448868,19,4219.781702
3.487343,14,4220.23737
4.098304,16,4220.737279
4.128172,16,4221.25103
-0.367643,17,4221.779612
3.985934,15,4222.248777
0.199824,18,4222.816043
4.801322,17,4223.340703
4.72085,17,4223.891094
3.396764,14,4224.330809
4.586888,17,4224.872504
5.121017,18,4225.450338
4.453306,17,4226.015345
4.342994,16,4226.514163
4.949113,18,4227.087629
5.287165,18,4227.654244
4.111369,16,4228.181422
4.312226,16,4228.694766
3.841384,15,4229.150212
5.1976,19,4229.74578
3.125436,13,4230.143551
4.451439,17,4230.683956
4.977859,18,4231.252822
3.770581,15,4231.722463
3.741901,15,4232.188045
4.603579,17,4232.730011
3.7293,15,4233.195882
4.363238,16,4233.702622
4.779075,17,4234.213547
4.18626,15,4234.695568
4.472237,17,4235.218904
3.446198,14,4235.656191
3.767794,15,4236.122555
0.114131,18,4236.706574
4.259312,16,4237.203247
3.940156,15,4237.668157
5.393204,19,4238.27619
5.107422,18,4238.857064
3.397098,14,4239.293555
3.332913,14,4239.717632
3.217074,14,4240.139845
4.722992,17,4240.691548
3.97839,16,4241.199075
2.702717,13,4241.612692
-0.291003,16,4242.12649
4.620848,17,4242.676255
4.47244,17,4243.21444
4.924785,17,4243.755123
4.883634,18,4244.32196
4.814878,17,4244.860514
4.74287,17,4245.400246
5.014955,18,4245.981815
-0.77271,16,4246.480346
3.243095,14,4246.923562
3.857495,15,4247.390625
3.777024,15,4247.860407
4.124732,16,4248.344797
4.313525,16,4248.84053
3.843169,15,4249.321526
4.52258,17,4249.860717
3.622121,15,4250.314901
4.704391,17,4250.86785
3.351154,14,4251.292238
3.316924,14,4251.733761
-0.991764,16,4252.245817
3.165464,14,4252.684009
4.470824,17,4253.219938
-0.019965,18,4253.797864
0.5998,19,4254.405241
-0.865167,16,4254.888043
5.400107,20,4255.508668
4.186786,16,4256.017023
4.644252,17,4256.556495
-0.302327,17,4257.097603
3.791362,15,4267.73859
-0.190244,17,4268.277192
5.341572,19,4268.871264
2.767837,13,4269.268534
3.595019,15,4269.749919
3.806978,14,4270.186679
4.34818,16,4270.698101
3.498729,15,4271.176741
3.66079,15,4271.664226
4.320363,16,4272.1743
3.984084,16,4272.670632
4.156966,16,4273.179077
5.218791,18,4273.746604
3.480582,14,4274.200086
3.555256,14,4274.625758
4.783247,17,4275.176327
4.13302,16,4275.686381
3.893214,15,4276.151708
-0.262297,17,4276.697943
4.449739,16,4277.209842
2.986388,13,4277.620285
4.354456,16,4278.131864
4.370428,17,4278.669429
-1.430257,14,4279.10973
4.196034,16,4279.620671
4.49074,17,4280.158997
4.378353,16,4280.668062
3.469684,14,4281.107765
3.80818,15,4281.589183
3.075248,13,4282.003796
4.365644,16,4282.512551
3.720011,15,4282.993264
4.364118,16,4283.489758
3.059124,14,4283.943698
4.374773,16,4284.455096
4.496671,16,4284.949494
4.823653,18,4285.514792
4.486046,17,4286.026835
3.73612,15,4286.507026
-0.267915,17,4287.03563
2.953868,13,4287.459188
-1.058467,15,4287.937758
-0.484987,17,4288.474147
3.477974,15,4288.940296
-0.224443,17,4289.464307
0.576878,20,4290.084148
3.348111,14,4290.522357
4.597615,17,4291.060413
4.552115,17,4291.594532
-0.010764,17,4292.144322
4.247326,16,4292.65241
2.894246,13,4293.060785
2.813981,13,4293.454982
3.218587,14,4293.905051
4.415524,17,4294.441124
4.903654,17,4294.978432
3.937768,15,4295.444275
4.177384,16,4295.954015
3.545019,14,4296.377838
-1.064866,15,4296.864739
4.627981,17,4297.402064
3.80972,15,4297.885368
3.361747,14,4298.337849
5.14919,18,4298.901455
5.226485,18,4299.470098
-0.667743,16,4299.981041
3.234442,14,4300.437911
3.274408,14,4300.876779
3.789756,15,4301.360902
-0.245061,17,4301.906637
4.309168,17,4302.444184
3.779364,14,4302.856825
3.274749,14,4303.283971
4.603907,17,4303.839434
4.447612,17,4304.3555
4.832319,18,4304.924882
-0.047443,17,4305.450957
3.82758,15,4305.936242
3.977253,16,4306.435543
4.368686,16,4306.936027
3.441102,14,4307.36249
3.425923,14,4307.818305
4.107438,16,4308.336838
4.143226,16,4308.832695
4.171115,16,4309.33029
2.530272,12,4309.699587
3.373565,14,4310.152879
4.234793,16,4310.662367
-0.190828,17,4311.188939
4.091073,16,4311.701097
4.635419,16,4312.21142
3.015618,13,4312.635542
4.51193,17,4313.175434
4.852714,18,4313.742121
4.48718,17,4314.280813
4.224357,16,4314.780651
-0.341777,17,4315.318374
4.943825,18,4315.88567
4.177639,16,4316.397827
5.401232,19,4316.993096
3.783735,15,4317.476655
-1.259989,15,4317.960878
4.213979,16,4318.470945
4.236547,16,4318.981718
4.175453,16,4319.491089
3.933075,15,4319.974717
4.180784,16,4320.469791
2.886165,13,4320.880339
-0.859262,16,4321.390507
4.746817,17,4321.935892
3.388589,14,4322.374977
3.060045,13,4322.771996
0.022957,18,4323.326592
3.485847,14,4323.76645
3.587053,14,4324.221297
4.357642,16,4324.732073
3.9247,15,4325.214222
3.527619,14,4325.654138
4.236304,16,4326.178746
3.565715,14,4326.621352
4.767197,18,4327.194818
4.690993,17,4327.722035
4.559983,17,4328.275814
4.90933,18,4328.844414
3.628068,15,4329.329049
4.198902,16,4329.825975
3.24304,14,4330.268671
4.769925,17,4330.822099
0.691481,20,4331.44934
5.214029,19,4332.051759
3.458055,14,4332.506302
4.13881,16,4343.233394
4.835911,17,4343.777219
3.265013,14,4344.232692
3.548892,14,4344.659735
4.976616,17,4345.216087
5.609947,20,4345.849179
-0.411767,17,4346.388855
5.004149,18,4346.97601
3.518388,14,4347.402185
4.018354,15,4347.870853
4.721479,17,4348.394312
3.748968,15,4348.88153
4.464309,16,4349.392462
4.392948,17,4349.930135
4.535844,17,4350.469653
5.254971,19,4351.06508
4.272567,16,4351.573108
3.927015,15,4352.058874
0.440852,19,4352.654593
3.660726,15,4353.124727
4.636488,17,4353.666945
4.414276,16,4354.17674
4.188863,16,4354.684772
4.449313,17,4355.219922
4.717628,17,4355.758203
4.137668,15,4356.239175
0.710445,19,4356.839327
4.824988,17,4357.393214
2.845873,13,4357.803877
4.736557,17,4358.328315
4.21885,16,4358.839605
4.438665,17,4359.381117
3.710863,15,4359.847264
3.909849,15,4360.330249
4.76545,17,4360.870883
4.161082,16,4361.381273
3.448984,14,4361.83803
3.757466,15,4362.320196
3.879297,15,4362.801073
3.476664,14,4363.243372
5.078054,18,4363.812016
3.946301,15,4364.293072
6.181744,21,4364.947478
2.794245,13,4365.372483
4.001319,16,4365.883754
5.366538,19,4366.465857
3.41561,14,4366.90743
-0.539931,16,4367.417682
2.833016,13,4367.815681
4.202128,16,4368.324139
3.812241,15,4368.805715
0.210947,18,4369.373658
-0.752927,16,4369.880616
4.260826,15,4370.359131
5.31966,19,4370.957126
0.436965,19,4371.563839
3.569919,14,4372.005995
3.292945,14,4372.445867
4.224494,16,4372.957164
0.171637,18,4373.524633
5.951714,20,4374.147086
3.698725,15,4374.62601
4.129279,16,4375.13672
4.344607,16,4375.649853
4.311494,16,4376.159004
4.354482,16,4376.667797
4.359119,16,4377.171246
3.366758,14,4377.624878
4.632972,17,4378.149725
3.858598,15,4378.630718
5.090951,18,4379.196322
3.949138,15,4379.679661
3.363536,14,4380.121102
-0.513705,16,4380.615788
4.193101,16,4381.124849
4.613612,17,4381.678293
3.376815,14,4382.121237
5.122079,18,4382.686781
3.504881,14,4383.140971
3.832878,15,4383.62584
3.834743,15,4384.097343
4.180151,16,4384.593893
4.110651,16,4385.106408
-0.7107,16,4385.618886
3.890652,15,4386.08735
2.950064,13,4386.499164
5.61807,19,4387.100101
3.271129,14,4387.541181
4.671018,17,4388.081731
3.683483,15,4388.564494
5.337564,19,4389.160966
5.491226,19,4389.772744
3.744559,15,4390.25643
3.944291,15,4390.724113
-0.642103,16,4391.225089
-0.107909,18,4391.817534
0.040133,18,4392.408539
4.770968,17,4392.926369
4.199819,16,4393.431345
3.378504,14,4393.86008
4.432598,17,4394.40086
-1.18099,15,4394.887116
3.87831,15,4395.356519
4.087487,16,4395.883775
4.91392,18,4396.450807
3.903324,15,4396.938629
4.440719,16,4397.452914
4.136215,16,4397.964691
4.171758,16,4398.47475
3.197187,14,4398.928142
2.800293,13,4399.339591
-0.509424,16,4399.850484
4.243097,17,4400.373493
3.193923,14,4400.814378
4.727831,17,4401.354691
3.021731,13,4401.754744
3.858473,15,4402.225608
-0.183477,18,4402.792494
4.43529,17,4403.333266
4.474754,17,4403.870625
-0.185147,17,4404.393237
-0.175009,17,4404.932011
4.972274,18,4405.497325
-0.61738,16,4406.003001
-0.696416,16,4406.520466
3.654987,15,4407.014872
5.173789,18,4407.583073
3.627415,15,4418.340602
2.902328,13,4418.768071
5.164957,18,4419.337886
3.731636,15,4419.822438
5.190473,19,4420.420059
4.141457,16,4420.931232
-0.755241,16,4421.450494
3.247642,14,4421.894409
3.728721,15,4422.377304
4.489527,17,4422.918766
4.334005,17,4423.462774
2.929066,13,4423.875887
3.693519,15,4424.345298
2.9857,13,4424.743573
3.919296,15,4425.21443
4.339624,17,4425.755078
3.676801,15,4426.22515
4.124441,16,4426.721418
4.503405,17,4427.267131
4.196525,15,4427.735285
-1.153867,15,4428.190666
3.703898,15,4428.658866
-0.467542,16,4429.170827
2.860104,13,4429.584448
4.380736,17,4430.123835
5.757397,21,4430.791034
4.211891,16,4431.289691
5.168931,19,4431.905278
3.765769,15,4432.386059
4.07732,16,4432.89632
3.808591,15,4433.383446
3.151013,14,4433.838206
4.101535,16,4434.352641
-0.371341,17,4434.900899
4.611713,17,4435.439887
4.406301,17,4435.978234
5.621609,20,4436.608377
4.300483,17,4437.152185
3.437518,14,4437.603952
4.617923,17,4438.141164
4.961651,18,4438.708834
3.85571,15,4439.177323
4.047422,16,4439.676882
3.869856,15,4440.156254
3.831072,15,4440.623212
4.677449,18,4441.204324
5.248919,19,4441.807952
4.860925,18,4442.381199
4.363977,17,4442.93826
3.290049,14,4443.393759
3.258535,14,4443.847003
3.754229,15,4444.330779
3.872643,15,4444.80301
3.415816,14,4445.245784
4.949911,18,4445.803359
4.55066,17,4446.329623
4.736925,18,4446.905369
4.952934,19,4447.505792
4.520134,17,4448.047807
4.461149,17,4448.579298
5.400958,19,4449.188711
5.179675,19,4449.789525
4.229913,16,4450.299696
5.220899,19,4450.911259
-0.27174,17,4451.450168
4.496332,17,4451.994596
5.246312,19,4452.593642
3.228143,14,4453.048345
3.171466,14,4453.49259
3.23067,14,4453.952766
2.853738,13,4454.36331
4.284447,16,4454.873482
4.270843,16,4455.384365
4.871761,18,4455.954542
4.323197,17,4456.497078
3.814823,15,4456.97975
0.129098,18,4457.550879
4.254146,16,4458.048239
4.234368,16,4458.545976
3.402943,14,4458.985756
4.382364,17,4459.525068
7.291152,26,4460.337595
4.669949,17,4460.878496
4.55717,17,4461.414995
4.51705,16,4461.926393
4.82072,18,4462.492345
4.733805,18,4463.058517
0.469954,20,4463.681243
6.110029,22,4464.378674
4.06399,16,4464.874253
0.25888,19,4465.467435
4.653879,17,4466.005855
3.819768,15,4466.48779
3.59735,15,4466.971652
-0.99435,15,4467.454117
6.0183,20,4468.075774
4.998464,19,4468.687565
3.773657,15,4469.157666
3.198013,14,4469.608034
4.424954,17,4470.133603
3.628721,15,4470.620611
3.607624,15,4471.105469
4.092182,16,4471.614436
-1.105652,15,4472.106739
4.103039,16,4472.605207
4.56758,17,4473.14869
3.992002,16,4473.66099
5.308547,19,4474.254709
4.373086,17,4474.766057
5.248281,19,4475.352253
4.47906,17,4475.876251
4.08798,16,4476.385445
4.737844,18,4476.95679
5.175079,19,4477.553245
-0.955078,16,4478.061261
3.176553,14,4478.515105
3.694714,15,4478.982531
0.053509,18,4479.551858
3.36393,14,4480.003782
-1.524019,14,4480.442713
4.795238,18,4481.022582
4.495262,17,4481.561363
4.143441,16,4482.076312
3.942913,16,4482.586427
3.551558,15,4493.348982
3.733621,15,4493.803164
4.463318,17,4494.338003
4.891526,18,4494.890737
4.455441,17,4495.430196
4.26998,16,4495.940178
3.462462,14,4496.37879
3.50258,15,4496.863672
3.48761,15,4497.337839
4.378292,17,4497.864866
-0.483285,17,4498.40465
4.336065,16,4498.90119
3.350867,14,4499.342066
4.5294,17,4499.879228
3.798749,16,4500.389886
3.518502,15,4500.872224
4.582156,18,4501.454
4.675977,17,4501.983858
4.814135,18,4502.549837
-0.28502,17,4503.09009
3.299609,14,4503.545381
4.240431,17,4504.083773
3.803433,15,4504.566992
4.343601,16,4505.070271
4.44889,17,4505.593684
4.70695,18,4506.159275
3.775008,15,4506.643227
5.146366,19,4507.246182
3.446754,14,4507.701355
4.215982,16,4508.19698
3.619405,15,4508.666332
4.803592,18,4509.233696
3.620786,15,4509.704779
3.925164,15,4510.188812
4.426379,17,4510.728799
3.834844,15,4511.21331
3.335024,14,4511.668003
3.608518,15,4512.14472
4.639363,17,4512.681079
4.795909,18,4513.261526
4.301883,16,4513.775843
3.598488,15,4514.246583
4.733652,17,4514.785731
3.01396,13,4515.211279
4.227696,16,4515.712018
3.616622,15,4516.1963
3.390643,14,4516.637128
0.215816,19,4517.254016
3.276921,14,4517.695449
3.736485,15,4518.166238
3.262585,14,4518.603421
3.694085,15,4519.095968
4.646838,17,4519.624206
4.772399,17,4520.167768
3.230717,14,4520.638079
4.391108,17,4521.176086
4.339061,17,4521.729541
4.204416,16,4522.249013
3.760912,15,4522.746353
0.856433,21,4523.416833
3.545683,15,4523.907566
4.277697,16,4524.425344
4.2159,16,4524.946476
4.809931,18,4525.530766
3.345457,14,4525.981067
4.831542,18,4526.570555
4.489256,17,4527.126224
4.14151,16,4527.640064
3.344607,14,4528.099506
4.837097,17,4528.627321
2.868205,13,4529.056146
4.864436,18,4529.641068
4.960127,18,4530.222921
4.372135,17,4530.762762
5.838461,21,4531.415304
4.611197,17,4531.962794
3.847827,15,4532.445176
3.515464,15,4532.929249
4.259749,17,4533.455277
4.161568,16,4533.95337
4.455762,17,4534.491745
4.509616,17,4535.031404
5.00448,19,4535.624993
4.964458,18,4536.190223
4.787578,18,4536.756659
4.371154,17,4537.29164
3.279965,14,4537.730241
4.577871,17,4538.267484
3.56488,14,4538.719426
3.177858,14,4539.172211
0.222349,19,4539.776937
4.418516,17,4540.314357
-0.463822,17,4540.855198
4.624128,18,4541.42156
4.817291,18,4541.992757
0.02483,18,4542.560416
5.695265,21,4543.200244
5.241018,19,4543.780252
4.367742,16,4544.290734
4.067633,16,4544.800329
4.553043,18,4545.368707
4.131958,16,4545.87997
4.362012,16,4546.392478
3.639562,15,4546.845911
3.291247,14,4547.288798
-0.701258,16,4547.828994
4.090712,16,4548.350835
4.491201,17,4548.90494
-0.254665,17,4549.456179
3.290961,14,4549.906263
4.892036,18,4550.485746
5.118218,19,4551.091636
3.666562,15,4551.587421
4.425793,16,4552.111753
3.951499,15,4552.597933
5.745471,21,4553.263467
5.458228,20,4553.901728
4.492547,17,4554.457816
3.757953,15,4554.944021
3.763276,15,4555.402101
3.669859,15,4555.870842
4.516599,17,4556.410292
4.078123,16,4556.926582
5.023667,18,4557.501925
5.324625,19,4558.100238
-0.475391,16,4568.869382
4.942512,19,4569.480649
3.76735,15,4569.950033
3.39203,14,4570.373914
4.10511,16,4570.883503
3.193549,14,4571.306462
4.185836,16,4571.799908
3.441949,14,4572.232717
4.476194,17,4572.769432
5.048995,19,4573.380533
3.656669,15,4573.848107
5.602291,21,4574.499029
3.691803,15,4574.955847
4.839739,18,4575.535684
4.997794,18,4576.099605
3.198877,14,4576.527534
4.076695,16,4577.027314
3.905388,15,4577.492934
4.433518,17,4578.034175
1.556137,23,4578.757434
3.434922,15,4579.224431
5.145241,19,4579.820562
-0.817238,17,4580.357244
3.164033,14,4580.795931
4.758173,18,4581.366482
4.223813,16,4581.860187
4.595034,17,4582.404147
4.432331,17,4582.947544
4.394083,17,4583.485286
-0.528972,17,4584.022808
4.247747,16,4584.505363
5.574517,19,4585.100222
-1.681784,14,4585.538514
4.0395,16,4586.018003
4.545186,18,4586.585258
4.463268,17,4587.128662
-0.141835,18,4587.679197
3.382011,14,4588.120449
5.484356,20,4588.730679
4.046059,16,4589.239348
4.592623,17,4589.781669
3.270606,14,4590.237406
4.700352,18,4590.807937
-0.45844,17,4591.346688
3.933367,16,4591.845214
3.357989,14,4592.302592
4.42112,17,4592.842582
-0.20224,17,4593.375113
4.103246,16,4593.890791
3.492374,15,4594.385939
4.704027,18,4594.953773
4.53452,17,4595.505282
4.199614,16,4596.019007
-0.43956,17,4596.559067
4.148495,16,4597.072615
4.08921,16,4597.5837
3.70735,15,4598.053847
3.498513,15,4598.535976
4.731857,17,4599.075927
3.25306,14,4599.531848
3.574849,15,4600.011253
4.754714,18,4600.574335
5.247603,19,4601.176992
4.106361,16,4601.686726
5.244621,20,4602.319084
4.06801,16,4602.816503
4.106978,16,4603.327299
3.551759,15,4603.819678
4.225416,16,4604.338096
-0.605545,17,4604.884516
-1.657998,14,4605.322845
3.840944,15,4605.79429
4.303096,17,4606.327456
4.742577,18,4606.88051
4.981712,18,4607.47348
3.537991,14,4607.922335
3.368041,14,4608.375094
4.160402,16,4608.879236
4.059183,16,4609.390961
3.241739,14,4609.848403
4.194502,17,4610.397343
4.354322,17,4610.933891
5.131706,19,4611.562801
5.013318,18,4612.147656
4.031165,16,4612.671735
4.795086,19,4613.287985
4.508739,17,4613.851066
5.614941,20,4614.471836
5.161505,19,4615.077296
4.077932,16,4615.606626
0.315092,19,4616.226616
4.664174,18,4616.815506
4.198069,16,4617.332416
4.588773,17,4617.88563
3.586055,15,4618.376364
5.440813,20,4619.014213
0.262119,19,4619.611277
4.34735,17,4620.148247
4.538911,17,4620.684275
-0.177983,17,4621.224818
5.198673,19,4621.808117
3.200996,14,4622.238334
3.633126,15,4622.704978
0.432032,20,4623.341851
-0.184554,18,4623.894139
3.872575,15,4624.366638
4.253329,17,4624.877887
4.007771,16,4625.385921
-1.321462,15,4625.868232
5.971343,21,4626.520763
4.508599,17,4627.06812
3.897426,15,4627.535233
3.741504,15,4628.005089
4.577287,18,4628.558643
4.13177,16,4629.069876
0.091855,19,4629.668535
0.063617,18,4630.237252
4.196214,16,4630.747177
4.858142,19,4631.346895
4.942173,18,4631.927745
2.737149,13,4632.344107
4.237376,17,4632.885259
0.092205,18,4633.451639
5.4503,20,4644.358447
3.401614,14,4644.815603
4.114379,16,4645.334615
-0.409863,17,4645.877584
5.099258,19,4646.475829
4.376374,17,4647.021496
4.649906,17,4647.546789
4.718025,18,4648.128552
2.85493,13,4648.542829
4.622353,17,4649.080861
3.430653,14,4649.523433
4.035688,16,4650.037428
5.184497,19,4650.64785
4.410666,17,4651.188099
3.614625,15,4651.658659
3.345616,14,4652.102978
4.548741,17,4652.630275
4.687163,17,4653.167084
4.249718,16,4653.687306
4.58414,17,4654.227399
4.135028,16,4654.828126
3.386445,14,4655.285341
3.412997,14,4655.74151
4.863073,18,4656.281686
-0.124399,18,4656.847562
3.33558,14,4657.39412
3.624498,15,4657.860588
-1.050661,15,4658.343182
4.424061,17,4658.879601
5.59036,21,4659.532523
-0.064303,17,4660.070587
2.909443,13,4660.569354
5.129752,19,4661.164213
4.518945,17,4661.705978
3.781353,15,4662.180835
3.292794,14,4662.63502
3.348649,14,4663.094257
2.850771,13,4663.488325
2.75959,13,4663.885204
3.870594,15,4664.36934
3.9839,16,4664.877233
4.28383,16,4665.393037
4.056837,16,4665.903133
3.867807,15,4666.380746
4.327108,17,4667.015525
4.891592,18,4667.575691
4.059899,16,4668.066539
-0.339254,18,4668.633759
3.812872,15,4669.110868
4.469887,17,4669.635215
4.776738,18,4670.211144
4.595331,17,4670.730224
4.283037,17,4671.264786
4.035483,16,4671.771828
3.861138,16,4672.285715
4.399839,16,4672.807132
4.355363,16,4673.322646
4.094517,16,4673.833412
4.942135,18,4674.405838
3.272529,14,4674.833574
4.026153,16,4675.32761
4.654346,17,4675.850574
4.686656,17,4676.383783
4.039768,16,4676.890075
4.005065,16,4677.400533
3.607408,15,4677.876745
4.349816,17,4678.409657
4.555648,17,4678.944007
3.247895,14,4679.393607
3.792395,15,4679.871467
4.202351,15,4680.335607
4.36682,17,4680.870125
3.943019,15,4681.321588
5.368317,19,4681.926673
4.618173,17,4682.452176
3.804628,15,4682.901204
3.576099,14,4683.351071
0.543247,20,4683.966943
5.252985,20,4684.570976
4.235698,16,4685.062943
2.911863,13,4685.455348
4.600209,17,4685.987444
3.77301,14,4686.436315
-1.125387,15,4686.915199
4.970832,18,4687.482176
5.519672,19,4688.086845
3.596926,14,4688.519203
3.309514,14,4688.953055
-1.208439,15,4689.429762
4.508228,17,4689.960552
2.844251,13,4690.367643
5.05737,19,4690.975939
4.081051,16,4691.483024
4.541136,17,4692.018964
4.517856,17,4692.552419
3.310945,14,4692.989188
3.676145,15,4693.454008
4.70859,18,4694.016247
-1.377409,15,4694.480829
4.768161,17,4695.013592
3.981366,15,4695.478488
3.681747,15,4695.954218
3.542093,15,4696.429378
3.313431,14,4696.851792
5.139852,19,4697.446157
4.019809,16,4697.937245
5.187819,19,4698.527752
-1.462579,14,4698.965794
4.893884,18,4699.543909
4.249695,16,4700.049624
5.319765,19,4700.64351
3.655058,15,4701.124191
-0.196472,18,4701.674947
-0.917578,16,4702.185405
4.665762,18,4702.748021
4.400596,17,4703.296919
3.787508,15,4703.775851
2.8778,13,4704.183817
3.135356,14,4704.623658
3.827828,15,4705.087494
4.505708,17,4705.621891
4.564553,17,4706.14551
4.232582,16,4706.63967
4.838392,18,4707.206959
4.374074,16,4707.711054
-0.25518,17,4708.249137
3.870713,15,4708.716042
