#{"t_start": 1774627233.8743544, "env_id": "continuous-exit-v0"}
r,l,t
0.335545,2,24.930998
0.332144,2,25.080606
1.362183,4,25.363739
0.472494,2,25.469349
1.35389,5,25.761043
0.339931,2,25.860192
1.704839,5,26.140017
2.109912,6,26.46261
0.527707,2,26.584372
0.53211,2,26.692515
0.524857,2,26.792949
1.542287,5,27.052896
-3.004772,5,27.316165
1.00377,4,27.626825
0.496091,2,27.883811
0.531514,2,28.192646
2.662817,8,29.00909
0.509511,2,29.227226
2.178589,6,29.788491
0.540055,2,29.937459
-2.99052,5,30.243352
0.56137,2,30.381238
0.314688,2,30.505978
2.035474,6,30.864934
0.506503,2,30.964167
1.661711,5,31.212358
4.575168,12,31.973568
0.510665,2,32.312001
-3.000604,5,32.871598
0.506492,2,33.124382
-2.10984,7,33.882902
0.514437,2,34.040839
0.334091,2,34.229573
0.495445,2,34.387532
0.923516,3,34.70997
1.719257,5,35.326863
1.329438,5,35.898265
0.88969,3,36.151477
1.570389,5,36.570278
0.521239,2,36.796083
1.390012,5,37.276803
4.04325,11,38.142271
1.277115,4,38.508688
0.56653,2,38.701707
0.516263,2,38.880519
0.829538,3,39.180204
0.547269,2,39.366082
0.326774,2,39.557492
1.739628,5,40.035154
0.516303,2,40.262668
-3.189261,5,40.715023
2.902764,8,41.480859
0.55668,2,41.670738
-2.8335,5,42.08753
0.522365,2,42.231393
0.576033,2,42.408385
0.523653,2,42.644511
0.321667,2,42.835415
0.501336,2,43.082408
0.590355,2,43.259717
-2.810868,6,43.759402
1.332653,4,44.125597
1.607183,5,44.568131
0.861482,3,44.814826
1.581587,5,45.265607
0.8911,3,45.59804
-3.074395,5,46.010904
0.518457,2,46.192612
0.556767,2,46.376751
0.53163,2,46.614096
0.528505,2,46.769927
0.354729,2,46.950832
1.975123,6,47.410606
0.543662,2,47.583925
0.544614,2,47.770684
0.575091,2,47.958398
0.569531,2,48.141192
-1.488828,9,48.900342
0.888175,3,49.081617
0.487109,2,49.229973
0.925428,3,49.489241
0.505578,2,49.633023
3.539199,10,50.489472
0.50601,2,50.647218
0.911433,3,50.860037
0.514796,2,51.022289
2.692171,8,51.623569
0.52704,2,51.785185
8.158889,20,53.286716
2.144082,6,53.713795
0.540898,2,53.839123
0.553562,2,53.979812
1.544468,5,54.296388
0.907104,3,54.530556
2.533848,7,55.014997
-0.970986,10,55.736898
0.887563,3,56.018369
0.522803,2,56.16533
0.511641,2,56.298353
0.528387,2,56.437012
0.559649,2,56.624362
0.553887,2,56.785324
0.33078,2,56.965299
0.516376,2,57.174134
0.583451,2,57.37907
0.337667,2,57.522987
0.509159,2,57.668061
0.525157,2,57.826718
0.317135,2,57.963923
1.23301,4,58.248012
2.217384,7,58.778752
0.969279,3,59.018405
0.533761,2,59.171655
0.344445,2,59.310469
-1.650705,8,59.827736
0.984644,3,60.012936
0.564177,2,60.13003
0.534668,2,60.300623
0.544618,2,60.430189
0.473116,2,60.554248
2.424823,7,61.086729
1.475021,5,61.452262
0.544805,2,61.6257
1.351269,4,62.012377
1.73727,5,62.48889
1.695383,5,63.009318
0.920606,3,63.3556
1.451437,5,63.930394
0.533504,2,64.12191
1.959012,6,64.656801
0.879369,3,64.872835
1.777834,5,65.277992
0.904061,3,65.526963
0.326693,2,65.67252
0.506149,2,65.841907
0.531654,2,66.003251
2.108243,6,66.450719
0.523574,2,66.630228
2.00282,6,67.121346
0.524877,2,67.264561
1.647189,5,67.602739
1.699417,5,67.933001
2.840419,8,68.486175
1.555147,5,68.878788
0.552525,2,69.039919
1.345761,4,69.343348
0.964791,3,69.57513
0.925707,3,69.805027
0.5227,2,69.927284
-3.235634,5,70.339105
0.891912,3,70.555038
0.550148,2,70.702632
0.882371,3,70.88226
-3.414086,4,71.172179
0.549238,2,71.318963
0.489053,2,71.472095
0.537906,2,71.628286
2.032565,6,72.067524
1.259613,4,72.384938
0.933092,3,72.568042
0.934104,3,72.785775
0.337015,2,72.951849
0.531786,2,73.132
0.55546,2,73.29604
2.748214,8,73.910659
0.536593,2,74.135716
0.548725,2,74.299155
0.433279,2,74.443965
2.523868,7,75.000548
0.521784,2,75.136322
1.873243,6,75.539622
0.535617,2,75.674341
0.897719,3,75.930667
0.520533,2,76.080876
0.562545,2,76.251882
0.526761,2,76.41911
0.913228,3,76.634841
3.77743,10,77.402278
0.527445,2,77.595547
0.523872,2,77.773585
0.518914,2,77.960709
2.04185,6,78.479197
0.450396,2,78.69644
0.328409,2,78.847538
0.518957,2,79.035749
0.532246,2,79.245178
1.048302,4,79.647607
0.337028,2,79.886515
4.45011,12,81.007283
0.496111,2,81.179542
0.543381,2,81.351519
0.318309,2,81.553263
1.30613,4,81.932211
0.576104,2,82.106885
-3.233718,5,82.519362
-3.224943,5,82.941255
0.326533,2,83.120681
-3.466767,4,83.452737
0.536812,2,83.606112
1.621609,5,84.007872
1.549603,5,84.34954
0.521632,2,84.484521
-2.470841,6,84.92467
1.686011,5,85.295184
1.294407,4,85.610334
-3.565608,4,85.895824
-3.495197,4,86.180762
0.512893,2,86.355399
3.752433,10,87.091431
2.214844,6,87.701765
0.510996,2,87.894919
0.552485,2,88.039752
2.190832,6,88.608002
2.072333,7,89.113228
0.51086,2,89.28092
0.508986,2,89.457039
2.09183,6,89.97439
0.563807,2,90.124956
0.554625,2,90.275627
0.723469,3,90.520884
1.309899,4,90.842286
0.5662,2,91.02382
0.335605,2,91.184186
1.530243,5,91.519111
1.599566,5,91.904259
0.819991,3,92.116463
0.499059,2,92.255476
1.720825,5,92.693473
0.512837,2,92.892368
0.494971,2,93.088158
0.510808,2,93.260882
1.680655,5,93.647147
0.907066,3,93.863962
3.024732,8,94.476032
1.323159,4,94.746915
0.459379,2,94.890436
1.879288,6,95.313136
2.25413,6,95.735579
2.559339,7,96.312354
0.566392,2,96.530725
0.486738,2,96.710991
0.525251,2,96.901454
0.332018,2,97.140418
0.343079,2,97.301407
0.530526,2,97.431596
0.364421,2,97.553075
0.89421,3,97.772879
0.477397,2,97.917003
0.538439,2,98.092241
-1.271203,11,98.928723
0.523836,2,99.118539
0.540675,2,99.302436
0.67123,3,99.581608
0.548881,2,99.740921
0.522654,2,99.92209
1.148903,4,100.316121
0.387276,2,100.492331
2.51212,7,101.188412
0.94126,3,101.509939
0.548614,2,101.68829
1.284107,4,102.078613
0.47359,2,102.255502
0.846541,3,102.448244
0.546521,2,102.60676
0.540054,2,102.77419
1.571257,5,103.147312
0.841126,3,103.386634
0.505385,2,103.578735
2.735101,7,104.230572
0.526189,2,104.459367
0.532777,2,104.634571
0.521117,2,104.787954
0.560259,2,104.956061
0.505316,2,105.16093
0.52659,2,105.311756
0.523143,2,105.47838
0.885242,3,105.748214
0.517963,2,105.955624
0.318104,2,106.208543
1.666098,5,106.650926
0.538655,2,106.811806
0.512224,2,106.968985
0.452197,2,107.129592
0.521827,2,107.305748
0.465185,2,107.497609
0.531067,2,107.685565
0.514852,2,107.898853
-3.122353,5,108.310907
0.529979,2,108.481813
0.545213,2,108.674742
0.546601,2,108.839041
0.346595,2,109.029071
1.279079,4,109.272682
0.548152,2,109.409848
-1.590958,8,110.019023
1.411238,4,110.29191
1.602217,5,110.644796
0.523219,2,110.779406
1.963094,6,111.240841
0.51378,2,111.370228
1.656318,5,111.724616
0.332904,2,111.885044
0.546361,2,112.062121
3.106774,9,112.762516
0.525648,2,112.893795
0.937268,3,113.116202
2.558872,7,113.638972
3.249844,8,114.259042
3.273814,10,114.933829
1.615615,5,115.31263
2.151599,6,115.754421
0.885091,3,116.009034
1.6151,5,116.37608
0.523101,2,116.524345
0.338129,2,116.681107
0.519891,2,116.813559
0.896619,3,117.030734
0.938152,3,117.255376
0.526223,2,117.405743
1.020782,3,117.63881
0.530793,2,117.785394
0.56699,2,117.9092
-3.446423,4,118.202338
2.360959,7,118.722203
0.900562,3,118.941291
0.51985,2,119.093077
0.875818,3,119.334348
0.532669,2,119.496556
0.545462,2,119.64217
-2.972893,5,119.915419
1.543143,5,120.188053
2.059861,6,120.548958
1.629293,5,120.836643
0.708656,3,120.997896
-2.350725,7,121.618767
0.532234,2,121.781388
1.256993,5,122.196642
0.506303,2,122.350887
0.539524,2,122.54659
0.89043,3,122.845769
0.931686,3,123.098768
-2.201974,7,123.595458
0.811344,3,123.760286
0.539193,2,123.927945
1.596533,5,124.288525
1.559533,5,124.722686
1.717541,5,125.184701
0.532724,2,125.369183
1.38601,4,125.635505
0.523966,2,125.795219
-2.400738,6,126.274226
0.328699,2,126.414561
-3.114737,5,126.799593
0.48119,2,126.954068
0.842378,3,127.252947
0.51943,2,127.419384
0.537634,2,127.61144
0.89253,3,127.875434
0.5559,2,128.044753
1.664108,5,128.511052
0.333143,2,128.682833
0.518628,2,128.849302
1.354561,4,129.203014
0.899349,3,129.553704
0.918777,3,129.793703
0.537456,2,129.970817
0.490469,2,130.097464
0.562569,2,130.200995
0.520091,2,130.374925
-3.028962,5,130.755957
2.154949,6,131.250354
0.931216,3,131.474928
0.536104,2,131.63733
0.346025,2,131.806875
2.220127,6,132.311367
0.533994,2,132.46721
0.520746,2,132.655687
1.379154,4,132.997594
0.91254,3,133.261674
1.311009,4,133.572673
1.272033,4,133.854599
0.679707,3,134.083381
0.938914,3,134.313124
0.90078,3,134.556413
0.529809,2,134.707116
0.939112,3,134.908971
-1.325133,9,135.693191
0.538476,2,135.878422
0.52946,2,136.06762
0.527424,2,136.221103
0.518669,2,136.389372
0.339596,2,136.582355
0.518345,2,136.773226
0.517807,2,136.954804
0.551542,2,137.078043
0.516683,2,137.219573
-0.498184,10,137.92775
1.350279,4,138.217683
0.526103,2,138.343115
1.611142,5,138.614574
0.983175,3,138.785852
0.549657,2,138.889658
1.598314,5,139.152643
0.946629,3,139.293883
0.509454,2,139.417698
1.21489,4,139.641201
-3.337021,5,139.887555
2.57253,7,140.256694
0.493934,2,140.357218
0.508501,2,140.473261
0.343433,2,140.605949
0.513042,2,140.782849
2.085042,6,141.478934
1.658748,5,141.768109
0.547371,2,141.903221
0.506071,2,142.076978
0.570203,2,142.209687
0.552099,2,142.352831
0.506279,2,142.519191
0.564642,2,142.7145
0.947174,3,142.95228
0.888098,3,143.226674
0.50672,2,143.400411
0.534034,2,143.650569
0.330801,2,143.841093
1.293663,4,144.165198
2.0242,6,144.566541
2.076427,6,144.937257
0.545621,2,145.087816
-0.485583,11,145.981136
-3.311538,5,146.268812
0.494273,2,146.390456
1.176741,4,146.59293
0.910666,3,146.77898
0.954303,3,146.956922
0.904219,3,147.118259
0.324428,2,147.236926
-3.193772,5,147.521631
0.503792,2,147.625039
0.962626,3,147.785804
1.66855,5,148.063352
0.513535,2,148.325529
1.622257,5,148.589635
0.52274,2,148.690929
1.306445,4,149.0857
0.361073,2,149.227447
0.962329,3,149.509585
-1.530813,9,150.476587
0.915501,3,150.818807
0.538058,2,151.017948
1.698586,5,151.647365
0.540849,2,151.84138
0.954985,3,152.166871
0.541873,2,152.318257
0.544658,2,152.49222
0.499284,2,152.654087
0.546741,2,152.968916
0.570459,2,153.146443
1.599255,5,153.570834
0.959971,3,153.827492
0.522079,2,153.974475
0.523079,2,154.120584
0.505136,2,154.247645
2.968066,8,154.824901
-2.945965,6,155.274432
0.351352,2,155.3736
0.520628,2,155.494816
0.532345,2,155.618517
0.953971,3,155.792011
0.338856,2,155.9974
0.322197,2,156.219926
0.512586,2,156.502022
1.676643,5,156.807514
0.530658,2,156.91065
0.360334,2,157.064536
1.344441,4,157.368948
0.536376,2,157.638626
0.331661,2,157.858196
0.544023,2,158.037762
0.929354,3,158.280509
-3.437012,5,158.669137
1.764498,5,159.113887
-3.543336,4,159.392407
2.247818,6,159.837058
1.90113,6,160.32235
-3.098709,5,160.749186
2.088075,6,161.191461
0.899392,3,161.437695
0.908787,3,161.693826
-1.929142,8,162.319484
1.685071,5,162.740689
-2.202288,7,163.249567
1.169499,4,163.579227
0.957984,3,163.79206
0.524418,2,163.952123
0.325789,2,164.110469
-1.745917,8,164.836441
0.33842,2,165.048547
1.970989,6,165.54919
0.555353,2,165.6958
3.308621,9,166.395975
0.899609,3,166.646369
2.398739,6,167.146441
-2.251156,7,167.826019
0.518602,2,168.043362
0.555398,2,168.237213
1.256243,4,168.582107
-3.346618,4,168.907431
0.99584,3,169.158638
1.337782,4,169.415071
0.532191,2,169.586543
2.194118,6,170.021927
-3.154225,5,170.401196
1.2718,4,170.734086
3.696849,10,171.449272
0.511709,2,171.608332
1.323103,4,171.967398
0.551162,2,172.098601
0.518373,2,172.254261
0.930199,3,172.481603
1.279543,4,172.7866
0.534124,2,172.964397
0.538718,2,173.105703
0.336733,2,173.250891
-3.402845,4,173.518171
1.330788,4,173.779616
0.542689,2,173.97768
0.89936,3,174.278304
0.929684,3,174.558222
0.910285,3,174.828454
0.531527,2,175.019003
1.649535,5,175.458974
4.015723,10,176.320074
1.257959,4,176.714341
0.52128,2,176.879199
0.519379,2,177.08185
0.53897,2,177.277118
0.502198,2,177.514928
0.524917,2,177.674723
0.952798,3,177.940538
2.4548,7,178.474524
0.543611,2,178.64378
0.547544,2,178.780669
0.496528,2,178.936023
0.928686,3,179.165828
0.518879,2,179.333196
0.516117,2,179.454171
0.533948,2,179.597075
0.326985,2,179.735344
1.277054,4,180.049526
1.635106,5,180.415289
0.523957,2,180.601189
0.549801,2,180.73911
0.529499,2,180.887368
1.968968,6,181.298839
0.46701,2,181.450096
1.556059,5,181.825897
0.930206,3,182.033312
0.979673,3,182.270034
0.530816,2,182.399987
1.246555,4,182.718781
0.543501,2,182.886388
1.921544,6,183.236724
0.928012,3,183.425804
0.529934,2,183.524502
1.635378,5,183.786945
0.909112,3,183.94525
0.563089,2,184.045286
0.547766,2,184.164229
0.529355,2,184.291806
0.3249,2,184.413139
2.286219,6,185.00422
1.230644,4,185.337843
0.982414,3,185.55318
-2.37679,7,186.024526
0.888501,3,186.252586
2.170937,6,186.697053
1.598309,5,186.972005
0.739808,3,187.151785
0.523317,2,187.273602
-2.707873,6,187.579341
0.550771,2,187.679009
0.464226,2,189.441368
0.518887,2,189.553347
0.522269,2,189.673936
0.832013,3,189.84146
0.543089,2,189.943729
1.982665,6,190.254301
0.545526,2,190.373816
2.285394,7,190.734586
0.516033,2,190.851961
0.936493,3,191.012684
0.518082,2,191.111205
0.526874,2,191.210286
0.324892,2,191.329894
0.90863,3,191.486719
-2.471761,7,191.866696
-2.695928,6,192.291835
0.331188,2,192.535607
0.989981,3,192.811701
1.587945,5,193.133601
-3.660467,4,193.423069
0.486213,2,193.551805
0.32452,2,193.656845
0.542181,2,193.764194
0.331942,2,193.886967
0.512694,2,194.012577
0.5018,2,194.137994
0.349698,2,194.262315
0.568507,2,194.396199
0.925621,3,194.69511
0.522589,2,194.939181
0.539104,2,195.151176
0.525174,2,195.329043
0.323317,2,195.545635
0.552903,2,195.735965
2.628569,7,196.110317
0.552094,2,196.276901
0.539453,2,196.438676
-2.339403,7,196.886531
0.562487,2,197.122779
0.528029,2,197.320758
0.52593,2,197.560127
1.275245,4,197.965009
0.531553,2,198.147478
0.562464,2,198.324386
0.360546,2,198.635095
-0.740908,9,199.253605
0.536305,2,199.424724
1.61984,5,199.814317
3.068439,8,200.374315
1.284238,4,200.689347
0.551961,2,200.874786
1.370873,4,201.151765
1.704358,5,201.437936
1.290241,4,201.680354
1.402879,4,201.880831
0.915785,3,202.050236
0.527315,2,202.150841
-1.974137,7,202.775641
0.555587,2,203.008472
0.525903,2,203.269762
0.894184,3,203.527723
2.041265,6,204.098881
0.338079,2,204.280158
0.946497,3,204.524173
0.524855,2,204.654363
0.520043,2,204.775783
0.512786,2,204.941993
1.94073,6,205.409087
0.354798,2,205.579358
0.49248,2,205.751548
0.344429,2,205.896863
0.912041,3,206.14316
-3.768671,4,206.455889
1.372995,4,206.792193
1.562142,5,207.275376
1.756311,5,207.644956
0.702669,3,207.936453
0.902216,3,208.149275
0.335256,2,208.310254
1.078122,4,208.648123
0.337603,2,208.793033
0.813459,3,209.022113
0.561651,2,209.214884
1.305171,4,209.625841
0.529849,2,209.832421
3.524194,10,210.7582
0.546294,2,210.926133
0.325821,2,211.083983
3.5883,9,211.789816
0.542518,2,211.964093
0.560119,2,212.147416
0.930495,3,212.379546
0.538296,2,212.521556
0.936037,3,212.779431
0.542032,2,212.95186
0.530671,2,213.126829
0.320843,2,213.35337
1.584676,5,213.780449
0.529772,2,213.976661
0.900468,3,214.305812
0.526448,2,214.512305
0.518817,2,214.726048
0.890609,3,214.953651
1.544328,5,215.339898
0.694242,3,215.619168
0.315058,2,215.815928
0.561668,2,216.000875
0.334846,2,216.21149
0.324641,2,216.443408
0.787756,3,216.723199
0.329606,2,216.890874
3.152393,8,217.482855
0.544362,2,217.656482
1.305166,4,217.951168
0.548645,2,218.121227
2.419144,7,218.64035
0.569939,2,218.790647
0.936883,3,219.026438
0.538721,2,219.220814
0.523457,2,219.481555
0.532457,2,219.697296
0.881295,3,220.040838
0.922103,3,220.309296
0.34459,2,220.518458
0.530934,2,220.667964
0.560788,2,220.830471
0.542802,2,220.984086
3.61808,10,221.835126
0.552759,2,221.989541
0.518486,2,222.158244
0.569909,2,222.342317
0.332837,2,222.518262
2.784484,7,222.94729
0.876919,3,223.164369
0.344525,2,223.334093
0.006291,11,224.129323
0.553796,2,224.269047
1.563028,5,224.64396
0.916977,3,224.891249
-2.333931,6,225.250417
0.509013,2,225.37629
0.530442,2,225.496972
2.447425,7,225.855693
0.932719,3,226.022665
0.513555,2,226.122506
2.034511,6,226.441301
0.844693,3,226.597906
0.872051,3,226.757141
0.525624,2,226.877334
0.523449,2,226.994025
0.892956,3,227.172831
1.346575,4,227.391336
0.525889,2,227.489476
0.512436,2,227.587759
0.524776,2,227.68639
-0.373785,11,228.286773
2.186875,6,228.585899
0.329751,2,228.685523
0.326162,2,228.784997
0.526959,2,228.90265
0.919378,3,229.139047
0.714085,3,229.450134
0.543856,2,229.632659
0.536767,2,229.788579
2.334849,7,230.186841
1.314302,4,230.477169
0.524729,2,230.633454
1.973503,6,231.103113
0.839694,3,231.306509
0.510856,2,231.423789
-2.850919,6,231.740952
0.526328,2,231.859226
1.04972,4,232.057034
0.504469,2,232.155006
1.376335,4,232.354533
1.567072,5,232.616879
0.516917,2,232.714852
0.568323,2,232.830505
0.330557,2,232.949055
1.082819,4,233.166212
0.53636,2,233.282268
1.646352,5,233.541081
0.525368,2,233.640345
1.278478,5,233.921788
0.878986,3,234.082536
0.529572,2,234.184174
0.329398,2,234.287273
0.517383,2,234.388661
0.533679,2,234.488798
0.540923,2,234.606434
1.774491,5,234.861383
0.89833,3,235.018742
0.913436,3,235.179206
0.53314,2,235.298033
0.538581,2,235.424738
-3.688354,4,235.794027
0.511683,2,235.967792
0.939262,4,236.371069
0.344191,2,236.529508
0.311285,2,236.698898
3.670936,9,237.539009
0.337447,2,237.705668
0.553824,2,237.865166
0.94576,3,238.066549
0.362448,2,238.219795
0.497985,2,238.363061
0.562937,2,238.535276
0.940167,3,238.767685
4.796717,11,239.570165
0.56013,2,239.697416
0.546485,2,239.854458
0.928305,3,240.076708
0.536691,2,240.220058
0.489749,2,240.370347
0.543234,2,240.505384
-3.469319,4,240.784483
0.556163,2,240.938953
0.524555,2,241.086032
0.884284,3,241.310848
0.863076,3,241.540399
1.616855,5,241.962639
0.53244,2,242.156353
0.562645,2,242.347667
0.951475,3,242.616482
0.863811,3,242.889599
0.517431,2,243.082475
1.206741,4,243.443033
1.700011,5,243.878291
2.042572,6,244.251221
-1.630038,9,244.883638
1.753583,5,245.25292
0.885817,3,245.493485
0.332598,2,245.645584
0.337239,2,245.787023
0.542835,2,245.93182
0.94852,3,246.140012
1.247254,4,246.405157
-3.598517,4,246.663792
0.563425,2,246.824692
0.554764,2,246.962823
1.296982,4,247.245854
0.854528,3,247.424951
0.94605,3,247.659314
0.570052,2,247.795417
0.877211,3,248.101195
0.54558,2,248.258291
-2.433382,7,248.764786
0.346182,2,248.888737
4.430703,11,249.488174
-2.29372,7,249.956692
0.324267,2,250.14568
0.552436,2,250.329079
0.509853,2,250.518199
0.369523,2,250.714592
2.385235,7,251.386894
0.540494,2,251.565155
0.554882,2,251.746303
3.745987,9,252.397076
1.672036,5,252.793188
0.540525,2,252.960629
0.31235,2,253.132618
1.513403,5,253.493078
0.952513,3,253.744066
1.246152,4,254.032377
0.333867,2,254.191473
0.547795,2,254.33385
0.324772,2,254.454073
0.559477,2,254.643374
0.572833,2,254.914148
0.952868,3,255.235185
1.981703,6,255.657671
0.530377,2,255.821613
0.563613,2,255.962592
0.555422,2,256.095431
0.538195,2,256.264051
0.911332,3,256.470773
0.53253,2,256.623382
0.543183,2,256.768937
3.263086,8,257.391495
0.57637,2,257.525447
0.527184,2,257.627629
1.042185,4,257.868088
0.435441,2,258.000082
0.545181,2,258.154608
0.550161,2,258.289239
0.575445,2,258.412029
0.532942,2,258.532945
0.879795,3,258.710105
0.550372,2,258.832539
-1.55193,10,259.360753
0.540221,2,259.461481
0.565967,2,259.562201
0.510304,2,259.684042
1.695798,5,259.949095
2.103702,6,260.265657
-3.543167,4,260.501956
0.528124,2,260.692186
0.51905,2,260.887165
0.536361,2,261.055901
0.876906,3,261.298715
0.442423,2,261.445522
0.335069,2,261.583727
0.562815,2,261.727849
4.784081,11,262.703066
0.876844,3,262.936589
0.548012,2,263.106982
1.643523,5,263.495441
0.502255,2,263.646878
3.931354,11,264.554419
0.330146,2,264.723461
0.527617,2,264.883749
2.054004,6,265.308793
0.507425,2,265.512668
0.84617,3,265.785428
0.867457,3,266.047573
0.542279,2,266.210188
0.912053,3,266.504757
0.532587,2,266.690899
2.231427,7,267.475339
0.966128,3,267.808608
0.86856,3,268.090924
0.347654,2,268.262235
0.515072,2,268.389168
0.34786,2,268.542017
-2.91555,6,268.990211
0.534698,2,269.118764
0.564729,2,269.247023
0.35749,2,269.408791
0.51173,2,269.552694
0.516397,2,269.701366
2.664823,8,270.380609
0.552317,2,270.538427
0.943489,3,270.791066
0.311576,2,270.9637
0.513425,2,271.130419
0.507318,2,271.335783
4.141803,10,272.205223
0.511923,2,272.374112
0.347023,2,272.536275
0.491305,2,272.66493
0.899939,3,272.863326
0.34722,2,272.997087
0.500332,2,273.165309
-3.159668,5,273.592903
0.337299,2,273.797067
0.559372,2,273.987404
0.928701,3,274.238486
2.502441,8,274.924732
0.341164,2,275.159501
1.359409,5,275.49368
0.920875,3,275.71356
1.371257,4,276.022676
0.885988,3,276.260543
1.512858,5,276.705175
2.085601,6,277.22116
0.520584,2,277.368872
0.341564,2,277.565507
0.598514,2,277.74614
-3.181643,6,278.210275
0.925553,3,278.504497
0.465655,2,278.644186
0.522147,2,278.830942
0.931817,3,279.077051
0.548017,2,279.269016
0.509752,2,279.454089
0.557632,2,279.589461
0.526686,2,279.799799
0.911547,3,280.045149
0.875228,3,280.340256
0.568373,2,280.47802
0.54467,2,280.609754
0.537628,2,280.757744
0.52941,2,280.921071
0.584189,2,281.04283
0.538823,2,281.182815
0.540326,2,281.359094
0.493453,2,281.5367
0.530937,2,281.726484
1.162384,4,282.042678
2.034892,6,282.566463
0.515801,2,282.708303
1.144828,4,283.053634
-3.277712,5,283.508765
0.510892,2,283.658525
-3.542617,4,284.035349
0.513431,2,284.226956
0.32802,2,284.406512
0.503799,2,284.576227
0.542645,2,284.755853
0.560298,2,284.90422
0.952147,3,285.169421
0.537219,2,285.320462
0.559378,2,285.500972
0.316657,2,285.653419
0.774428,3,285.918438
0.50496,2,286.068989
0.311285,2,286.261029
1.573751,5,286.721726
0.54225,2,286.881859
0.872851,3,287.149233
0.5229,2,287.315046
0.959052,3,287.546016
0.551341,2,287.706421
0.525464,2,287.828244
0.521246,2,288.014096
1.190742,4,288.388901
0.522258,2,288.59409
0.70885,3,288.854693
1.574159,5,289.300845
0.964157,3,289.557531
0.361099,2,289.739692
0.566855,2,289.891857
0.520878,2,290.032014
1.870242,5,290.371135
0.468433,2,290.545689
2.080853,6,291.024545
0.557402,2,291.185344
0.539946,2,291.357754
-3.534568,4,291.698655
0.897028,3,291.913776
0.553423,2,292.058552
0.315679,2,292.193383
0.557621,2,292.352696
0.545382,2,292.546374
1.58605,5,292.872019
1.601571,5,293.286064
0.946956,3,293.518724
0.522934,2,293.71771
1.000163,3,293.913736
0.331319,2,294.071097
0.894973,3,294.302409
1.742455,5,294.643811
0.518696,2,294.815225
0.343785,2,294.95796
0.332867,2,295.13343
0.559297,2,295.333557
0.526553,2,295.478855
0.539266,2,295.660428
0.571267,2,295.870937
2.14721,6,296.40197
0.343659,2,296.55477
0.518536,2,296.717847
0.50277,2,296.869204
0.562985,2,297.035984
-2.957562,5,297.518607
0.547899,2,297.656211
1.717614,5,298.050839
0.546881,2,298.199594
2.51492,7,298.691761
2.773834,8,299.296358
0.537551,2,299.485165
1.647227,5,299.833998
0.958166,3,300.04353
0.556325,2,300.209357
0.364688,2,300.360803
0.537359,2,300.536909
0.558867,2,300.708517
0.902138,3,300.939974
0.893989,3,301.130738
0.322124,2,301.308428
0.33725,2,301.477281
1.287849,4,301.75053
0.921699,3,301.955997
2.79153,7,302.546196
0.545813,2,302.711487
0.507388,2,302.907487
0.324267,2,303.038229
0.530359,2,303.184099
0.538196,2,303.325546
0.350208,2,303.497753
1.266603,4,303.821543
0.536208,2,303.972425
4.145496,9,304.597785
0.543425,2,304.730243
0.513663,2,304.866962
0.534398,2,305.029396
0.916584,3,305.256814
0.536108,2,305.424363
2.187053,6,305.895305
0.868586,3,306.123786
0.917785,3,306.375107
-3.056338,5,306.678817
0.518045,2,306.786841
1.483088,5,307.077362
1.227779,4,307.301374
0.503062,2,307.423186
0.536323,2,307.541606
1.309897,4,307.744477
0.508185,2,307.88757
0.333888,2,308.114151
0.523797,2,308.339951
0.341483,2,308.518548
0.329627,2,308.715976
0.338486,2,308.911603
0.511547,2,309.085853
0.513082,2,309.350781
0.91518,3,309.707835
0.547418,2,309.904641
0.938292,3,310.10583
0.511242,2,310.267414
1.048844,4,310.584646
0.348317,2,310.763481
3.403296,9,311.568119
0.542981,2,311.765629
-2.75146,7,312.402632
1.303856,4,312.696545
0.557891,2,312.844815
0.879266,3,313.008001
0.548864,2,313.164556
0.504268,2,313.302025
0.524436,2,313.481162
0.558079,2,313.64861
0.941267,3,313.886974
0.919993,3,314.125414
0.908243,3,314.345282
2.305447,6,314.916816
-3.106112,5,315.276799
0.526716,2,315.425376
2.609527,7,315.972332
0.529445,2,316.130177
0.553994,2,316.297693
0.541206,2,316.432857
-3.263825,5,316.803685
0.511994,2,316.930521
0.528055,2,317.05234
0.363775,2,317.173648
0.513364,2,317.277687
3.304746,8,317.73147
0.540693,2,317.856142
-2.479304,6,318.186625
0.53523,2,318.309354
3.311957,9,318.792431
0.565038,2,318.913825
0.731106,3,319.083968
1.942237,6,319.432509
0.524811,2,319.552836
0.495712,2,319.682047
0.32008,2,319.866654
0.979735,3,320.11737
0.563577,2,320.359332
0.560229,2,320.547466
1.074596,4,320.943328
0.501652,2,321.103024
0.463888,2,321.27058
2.332064,7,321.882897
0.547106,2,322.044901
1.246566,4,322.299847
1.255479,4,322.578529
-1.969044,7,323.084391
0.536801,2,323.279736
0.509394,2,323.45221
-3.298844,5,323.857884
0.552802,2,324.015852
1.82343,5,324.422604
0.560199,2,324.553433
0.328603,2,324.712411
0.533516,2,324.880882
0.496591,2,325.041131
-0.416166,10,325.867655
0.532292,2,326.071285
0.550792,2,326.25155
0.558762,2,326.389722
0.340483,2,326.541924
1.306698,4,326.814735
0.532283,2,326.978217
3.582407,9,327.702342
1.299532,4,328.042372
0.479182,2,328.219449
0.533917,2,328.377945
0.922031,3,328.617481
0.582496,2,328.818572
0.367407,2,328.951837
0.534978,2,329.09529
0.538456,2,329.234831
0.322543,2,329.371574
0.506565,2,329.534077
0.531299,2,329.673261
0.928097,3,329.879603
-0.358097,11,330.646564
0.560746,2,330.806654
0.523975,2,330.936029
0.890857,3,331.164358
2.246214,6,331.665379
0.886331,3,331.902971
0.492118,2,332.062792
0.535454,2,332.214509
2.507788,7,332.744796
2.674678,7,333.305271
0.330721,2,333.418318
0.532727,2,333.572911
0.505602,2,333.704366
0.513656,2,333.838231
2.950119,8,334.533953
0.881141,3,334.803452
0.512531,2,334.972444
0.325309,2,335.127522
0.51178,2,335.332603
-3.135137,5,335.814082
0.332899,2,335.993234
1.601067,5,336.398776
0.537921,2,336.572019
0.516133,2,336.732293
1.624748,5,337.115149
-2.154733,7,337.71927
0.545148,2,337.899161
1.745842,5,338.280542
0.336215,2,338.447925
0.549107,2,338.608768
0.550445,2,338.757524
0.943373,3,338.97538
0.491177,2,339.084358
2.174341,6,339.541789
0.73579,3,339.755659
0.495338,2,339.90047
0.472476,2,340.025629
0.492899,2,340.177896
0.364583,2,340.320885
0.937296,3,340.552427
0.545253,2,340.718333
0.515254,2,340.856426
-3.205358,5,341.166918
1.32374,5,341.567499
1.053637,4,341.927305
4.695877,12,342.907139
0.714518,3,343.094189
1.892068,6,343.48153
0.904048,3,343.69277
1.224191,4,343.995564
0.928026,3,344.230632
-2.843317,6,344.64726
0.840924,3,344.915375
0.525686,2,345.061884
0.734802,3,345.292608
0.510674,2,345.450336
0.56026,2,345.619987
0.522583,2,345.778175
0.537131,2,345.957698
1.281875,4,346.222814
0.681936,3,346.47603
-1.853438,7,348.598756
1.625776,5,348.925398
0.446216,2,349.045667
2.122552,6,349.509911
0.324164,2,349.699274
0.690785,3,349.919976
-2.962142,6,350.33823
0.572511,2,350.48116
0.580395,2,350.62255
1.535347,5,350.914411
0.930139,3,351.163208
0.314161,2,351.337333
-3.162902,5,351.733979
0.9146,3,351.951323
0.324267,2,352.149217
1.298861,4,352.481183
0.33083,2,352.6673
0.484853,2,352.853353
0.939573,3,353.150131
0.939477,3,353.360973
0.539416,2,353.481444
0.925949,3,353.658463
0.727949,3,353.816264
0.540771,2,353.937441
0.856888,3,354.121791
1.378916,4,354.358941
0.915738,3,354.61135
-2.089224,7,355.09507
0.533747,2,355.224761
1.009296,3,355.463239
0.53202,2,355.600728
0.522576,2,355.760465
2.119382,6,356.212826
0.49643,2,356.364321
0.567479,2,356.533117
-3.324335,5,356.974842
0.567587,2,357.122819
0.910036,3,357.371809
2.113938,6,357.917306
0.529493,2,358.081008
2.767658,7,358.586855
0.55637,2,358.758423
0.513258,2,358.89144
2.328132,6,359.310038
0.569965,2,359.448914
0.519228,2,359.600944
1.802828,5,359.923181
0.898209,3,360.127117
0.530841,2,360.27367
-1.720226,8,360.791809
0.525754,2,360.940947
1.36872,4,361.248699
0.569698,2,361.427894
0.525744,2,361.612921
0.549701,2,361.872105
0.5231,2,362.053659
3.371025,9,362.698319
0.351167,2,362.843616
1.529606,5,363.224172
1.401649,5,363.559444
0.874828,3,363.790925
1.31107,4,364.092647
0.572685,2,364.269951
2.237678,6,364.73421
0.338063,2,364.906149
0.525297,2,365.036254
0.55489,2,365.179289
0.478095,2,365.331745
0.593664,2,365.471924
0.367447,2,365.651049
0.539131,2,365.861071
0.728053,3,366.177779
2.114469,6,366.708291
1.786637,5,367.08265
0.583967,2,367.236476
0.536274,2,367.404136
0.72551,3,367.657535
1.151192,4,367.975942
0.550866,2,368.096272
0.518568,2,368.23714
1.558322,5,368.516253
0.348055,2,368.633813
0.53482,2,368.788371
0.56719,2,368.92181
0.535494,2,369.163354
0.507754,2,369.351079
0.551871,2,369.505301
0.534469,2,369.699558
0.522478,2,369.904401
0.530869,2,370.232316
0.552691,2,370.425694
0.323406,2,370.632996
0.90597,3,370.882433
0.500357,2,371.090806
0.543554,2,371.309472
0.536786,2,371.47182
0.915269,3,371.716207
2.307159,7,372.268293
0.528501,2,372.45665
0.945697,3,372.738482
0.518224,2,372.920619
0.335751,2,373.148938
0.546651,2,373.323102
1.729925,5,373.894483
0.518869,2,374.071486
0.350287,2,374.254514
0.506244,2,374.433418
0.35348,2,374.582374
0.513481,2,374.770889
1.353153,4,375.117818
2.614559,7,375.645944
0.522659,2,375.81507
0.547366,2,375.9893
0.790358,3,376.202546
0.552511,2,376.316803
0.904055,3,376.592381
1.361662,4,376.912531
0.556165,2,377.116057
0.514739,2,377.285967
0.948207,3,377.546139
0.532651,2,377.702912
-3.561791,4,378.053979
0.933574,3,378.318697
0.53773,2,378.542642
0.547472,2,378.718669
-2.888109,5,379.084473
0.540947,2,379.261023
1.005027,4,379.596314
0.335046,2,379.758505
0.522689,2,379.913337
0.549124,2,380.091274
1.641949,5,380.462412
1.616135,5,380.846925
0.543541,2,380.997226
0.531885,2,381.135743
-2.595698,6,381.61037
2.07515,6,382.058855
2.130208,6,382.481227
0.520186,2,382.655183
1.502135,5,383.102091
1.294129,4,383.456527
0.791645,3,383.751571
1.548912,5,384.17641
1.269962,4,384.675441
0.326734,2,384.963902
0.521579,2,385.147789
0.547831,2,385.324789
0.957195,3,385.493292
0.924321,3,385.692112
0.540366,2,385.842946
1.685467,5,386.180741
0.87255,3,386.403357
0.560305,2,386.59066
3.65791,9,387.428331
0.961898,3,387.624593
0.965278,3,387.833122
0.52114,2,388.002856
0.521899,2,388.121115
0.45748,2,388.220534
2.95477,9,388.74101
0.52177,2,388.889638
1.927271,6,389.51541
0.460592,2,389.773045
0.56839,2,389.920076
0.319369,2,390.038477
0.867959,3,390.306297
0.931297,3,390.599845
2.418793,7,391.104747
0.533514,2,391.2215
-3.040663,5,391.545295
0.90968,3,391.802475
0.357855,2,391.976653
0.948642,3,392.268485
0.329393,2,392.453494
0.551804,2,392.694556
0.848765,3,392.935734
0.547532,2,393.035652
3.010306,8,393.622945
0.929844,3,393.784626
-2.739842,6,394.141498
0.512672,2,394.240552
0.907406,3,394.401373
1.340019,4,394.659045
1.282113,4,394.97609
2.643143,7,395.718288
0.455119,2,395.895704
0.515883,2,396.086165
1.330298,4,396.467076
0.946443,3,396.651523
0.569509,2,396.784343
1.608478,5,397.199041
0.501863,2,397.373014
0.522696,2,397.507847
2.10469,6,398.061407
0.534532,2,398.25237
0.475643,2,398.396956
0.781586,3,398.641905
-0.543865,10,399.417116
0.530339,2,399.583264
0.522015,2,399.749257
1.218948,4,400.046406
1.795142,5,400.443887
0.453999,2,400.619143
0.938505,3,400.926911
0.525,2,401.104245
0.916061,3,401.492774
0.930354,3,401.75629
0.510796,2,401.91796
0.361067,2,402.081743
0.540031,2,402.254407
0.525327,2,402.418581
0.328324,2,402.554664
0.514592,2,402.692611
0.954781,3,402.869138
0.486808,2,402.98548
0.520757,2,403.085159
0.913426,3,403.262801
-3.270646,5,403.56445
0.560928,2,403.68731
1.632967,5,403.949845
0.540319,2,404.160321
0.512873,2,404.404445
0.53886,2,404.588268
-2.638592,6,405.155556
0.509488,2,405.304414
1.610192,5,405.55282
0.573116,2,405.707536
0.566155,2,405.852034
0.555424,2,405.975574
0.911216,3,406.146778
-2.792204,6,406.492334
0.534465,2,406.646701
0.35093,2,406.803828
0.550299,2,407.061838
1.323518,4,407.385476
0.956614,3,407.571103
-3.382788,5,407.855456
0.56935,2,408.043532
-3.481115,4,408.368405
0.87867,3,408.588556
1.238609,4,408.858691
0.532656,2,409.020538
1.301949,4,409.353586
0.545221,2,409.523499
0.966777,3,409.751499
0.55866,2,409.880354
1.275228,4,410.215479
0.538517,2,410.409339
0.568145,2,410.621456
2.554448,7,411.283887
0.960812,3,411.528334
0.311975,2,411.686517
1.710929,5,412.105357
0.953822,3,412.268879
0.499745,2,412.386878
0.530087,2,412.510255
0.571735,2,412.670631
0.501813,2,412.819695
0.526519,2,412.945617
2.295344,7,413.556949
5.02739,11,414.709689
0.53306,2,414.881552
1.684303,5,415.205998
0.534157,2,415.369978
0.91504,3,415.611215
0.498506,2,415.753272
0.529426,2,415.891061
0.546627,2,416.159079
1.298357,4,416.549471
0.324267,2,416.762181
0.747806,3,417.022453
0.502765,2,417.206587
0.881708,3,417.441033
0.337281,2,417.585191
0.548521,2,417.751817
0.873478,3,418.053107
0.330292,2,418.202781
0.507895,2,418.346971
0.692323,3,418.54592
0.530326,2,418.689477
-3.424449,5,419.117307
0.554036,2,419.279188
1.945022,6,419.776924
0.577565,2,419.949162
0.514923,2,420.131974
-3.232789,5,420.472578
2.29395,6,420.953014
3.181885,9,421.74132
0.503303,2,421.904346
1.323305,4,422.302958
0.511346,2,422.516948
2.282616,7,423.142055
0.926762,3,423.382244
0.503505,2,423.580736
0.510622,2,423.770758
-3.102764,5,424.242963
1.249128,4,424.60666
0.549096,2,424.823412
0.318932,2,425.058654
1.257002,4,425.431192
0.342958,2,425.59137
0.550667,2,425.793342
0.542219,2,426.007901
0.538221,2,426.176979
1.238067,4,426.472595
0.528097,2,426.636151
1.192334,4,426.937519
1.170435,4,427.239156
0.951087,3,427.475528
0.315079,2,427.64896
2.687112,7,428.247612
0.513528,2,428.460054
0.517788,2,428.652049
0.553422,2,428.821688
0.553726,2,428.980785
1.641918,5,429.482131
0.44139,2,429.684538
2.10735,6,430.157158
0.33725,2,430.278301
0.536427,2,430.433623
-3.006635,5,430.808605
1.237598,4,431.118925
1.385495,4,431.430737
0.344618,2,431.579595
0.922595,3,431.798934
0.523451,2,431.983435
0.574225,2,432.169736
0.5353,2,432.326687
2.694827,7,432.873225
0.321245,2,433.007025
0.552941,2,433.166003
0.337635,2,433.325559
0.566672,2,433.479146
0.462206,2,433.597288
0.535164,2,433.754282
0.526261,2,433.922235
0.52546,2,434.095833
0.894931,3,434.349208
0.364942,2,434.519578
4.181378,11,435.544047
0.53874,2,435.744021
0.476206,2,435.889988
0.490178,2,436.046962
0.532958,2,436.207222
0.557683,2,436.371144
0.320959,2,436.528789
0.921537,3,436.738628
0.534461,2,436.870548
0.890268,3,437.086754
-3.068141,5,437.463336
0.502792,2,437.61417
0.945666,3,437.77607
0.529176,2,437.89436
0.937907,3,438.066312
0.358424,2,438.172916
0.347778,2,438.280005
0.502555,2,438.417672
0.533263,2,438.518862
0.525445,2,438.689204
1.244908,4,439.048656
0.522119,2,439.22495
0.366138,2,439.459964
0.464408,2,439.658219
0.928745,3,439.85008
1.294967,4,440.134115
0.52971,2,440.283144
0.517762,2,440.44788
0.507706,2,440.633469
0.563021,2,440.788888
1.366227,4,441.320495
0.513201,2,441.59374
1.361797,5,441.985521
2.392375,6,442.380805
1.627499,5,442.682608
0.340528,2,442.809475
0.543043,2,442.929076
-3.580106,4,443.210515
0.529625,2,443.358437
0.55695,2,443.534715
0.918066,3,443.843683
0.343275,2,444.050041
0.518763,2,444.28548
0.570265,2,444.455579
0.50296,2,444.636334
0.554782,2,444.77653
0.954091,3,444.944331
0.33328,2,445.096157
0.502219,2,445.338924
0.561641,2,445.577117
0.500364,2,445.802635
0.544813,2,445.98529
1.698604,5,446.469623
0.497984,2,446.635407
0.56228,2,446.808785
0.559661,2,446.977152
0.325772,2,447.161591
-3.408596,4,447.499331
0.522431,2,447.670792
1.978284,6,448.168551
0.939285,3,448.366162
0.532191,2,448.525936
0.371103,2,448.655397
0.47526,2,448.77869
0.510815,2,448.901318
2.398302,6,449.228428
0.33531,2,449.349039
0.57414,2,449.47181
0.484449,2,449.576119
0.545322,2,449.689425
2.506613,7,450.152709
0.699593,3,450.431502
1.684698,5,450.873205
0.509608,2,451.063981
0.557079,2,451.280352
0.55205,2,451.466328
0.459062,2,451.647712
1.921638,6,452.20082
0.372167,2,452.35721
1.951082,6,452.780241
0.533833,2,452.92627
0.541763,2,453.095002
0.577528,2,453.266057
0.903896,3,453.508751
0.515311,2,453.633216
1.260431,4,453.861659
0.742501,3,454.042756
0.334855,2,454.166908
0.557695,2,454.288026
1.163472,4,454.527534
0.466106,2,454.630474
1.611164,5,454.893698
0.538129,2,455.016389
0.960457,3,455.196249
0.512021,2,455.342016
0.546066,2,455.556936
-3.057343,5,456.054506
2.697039,8,456.717058
0.526448,2,456.954718
0.311643,2,457.200047
0.910136,3,457.465195
0.52888,2,457.635207
0.470479,2,457.802731
0.857562,3,458.041859
1.199319,4,458.381497
0.522642,2,458.560223
-1.948055,7,459.232126
0.550009,2,459.391582
0.547548,2,459.590696
0.939089,4,459.901556
0.544836,2,460.078783
2.455742,7,460.554247
0.707786,3,460.789486
0.523591,2,460.927773
0.559114,2,461.094707
0.469947,2,461.279488
0.53754,2,461.481259
-2.948681,5,461.91864
0.534798,2,462.119489
0.993878,3,462.389326
1.315265,4,462.695437
0.471468,2,462.850622
0.887817,3,463.083031
1.21481,4,463.427092
0.538338,2,463.634439
0.504752,2,463.835526
0.542139,2,464.032189
0.53055,2,464.231577
0.348222,2,464.425566
2.220398,7,465.009604
0.528068,2,465.208814
0.533751,2,465.403796
1.889765,6,465.965287
0.365365,2,466.164357
0.524112,2,466.340667
0.368064,2,466.550646
2.743033,7,467.201641
0.560188,2,467.391446
0.543318,2,467.537021
0.914537,3,467.765546
0.94632,3,467.990549
0.525535,2,468.177441
0.523854,2,468.340508
0.571315,2,468.473603
1.768632,5,468.866337
0.939374,3,469.054338
1.565022,5,469.438881
0.905413,3,469.696026
-3.52073,4,470.0089
2.827715,8,470.816911
2.229569,6,471.369809
0.925512,3,471.620476
0.521564,2,471.835211
0.361003,2,472.105423
0.333877,2,472.268658
2.135068,6,472.701125
0.508316,2,472.928964
2.16357,6,473.503726
1.524311,5,473.973569
4.944039,14,475.117033
0.962552,3,475.342032
0.563511,2,475.542779
0.464456,2,475.714309
0.356981,2,475.905187
0.857066,3,476.163045
2.612478,7,476.768347
0.872359,3,477.046981
0.545458,2,477.210517
0.515527,2,477.375714
2.772278,8,478.077516
0.356921,2,478.294992
0.331973,2,478.42175
1.237534,4,478.716068
0.573903,2,478.896607
0.322594,2,479.065283
0.521595,2,479.18797
0.533712,2,479.337261
1.532715,5,479.717889
0.556135,2,479.849571
-3.050366,5,480.25171
0.542021,2,480.412259
0.685806,3,480.64825
-3.626648,4,480.952594
0.334548,2,481.156545
0.362319,2,481.406166
-3.156112,5,481.89502
2.851187,8,482.650098
4.578602,11,483.480805
0.504922,2,483.630323
1.339809,4,483.936882
0.527628,2,484.122996
0.520357,2,484.304282
0.544929,2,484.481753
0.331717,2,484.653513
0.565198,2,484.825783
1.344637,4,485.136143
2.405127,7,485.768701
1.162146,4,486.138308
0.507758,2,486.341594
0.548357,2,486.592886
0.502627,2,486.778391
0.974582,3,486.99528
0.556438,2,487.150669
2.234191,6,487.600257
0.518901,2,487.773832
0.345632,2,487.967437
0.527452,2,488.165401
-1.17661,9,488.977916
0.506325,2,489.143853
0.330976,2,489.343701
0.558657,2,489.552773
1.986014,6,490.061946
0.366135,2,490.255722
0.524322,2,490.440829
0.535028,2,490.613556
-3.026247,5,491.058079
0.329983,2,491.203364
2.16799,6,491.679372
0.56549,2,491.8671
0.566504,2,492.064053
-1.476027,8,492.849902
0.514881,2,492.989709
0.517376,2,493.213412
0.899408,3,493.422629
0.524844,2,493.613502
3.177612,8,494.356478
0.890905,3,494.612499
1.319129,4,494.943423
0.340262,2,495.165272
0.532859,2,495.335602
5.767868,14,496.29484
0.532532,2,496.471152
0.534289,2,496.622008
0.336321,2,496.75954
0.343564,2,496.944505
0.723105,3,497.251323
0.47496,2,497.420092
0.873549,3,497.752066
3.801299,10,498.642731
0.345831,2,498.907027
0.339173,2,499.093418
0.550757,2,499.270232
-3.466111,4,499.630902
0.319823,2,499.778599
0.545477,2,499.944146
4.107056,10,500.622721
0.328429,2,500.763496
-2.029364,7,501.241323
1.057617,4,501.5478
0.473185,2,501.752212
0.326387,2,502.002125
0.52338,2,502.21022
0.537328,2,502.403452
2.258425,7,503.003243
0.330669,2,503.182174
2.82781,8,503.765598
2.678706,7,504.297903
-3.432794,4,504.601947
0.91299,3,504.869658
0.923817,3,505.083327
0.953714,3,505.33846
1.688794,5,505.743225
1.768934,5,506.286648
0.904265,3,506.58558
0.554752,2,506.751107
0.5294,2,506.938397
0.446604,2,507.106563
0.51402,2,507.272921
0.317465,2,507.455797
0.51987,2,507.658657
0.521012,2,507.859557
0.533845,2,508.051994
0.314122,2,508.281566
0.950886,3,508.600021
-2.943572,5,509.011531
0.898361,3,509.276001
-3.129527,5,509.681502
0.548555,2,509.867405
0.562542,2,510.052251
0.564152,2,510.231097
0.5925,2,510.425073
0.343915,2,510.561851
0.539595,2,510.734219
0.56218,2,510.928636
0.512099,2,511.09677
1.661511,5,511.675034
0.548322,2,511.888695
0.328861,2,512.026086
0.520301,2,512.15343
0.892986,3,512.397251
0.517199,2,512.548403
0.535813,2,512.697622
0.499087,2,512.89205
1.490347,5,513.288743
0.877509,3,513.565323
0.550074,2,513.746414
0.545162,2,513.941764
2.190105,6,514.494565
0.50389,2,514.726002
1.417236,4,515.132027
0.572363,2,515.339041
0.894019,3,515.590674
1.359738,4,515.931355
2.108915,6,516.352311
2.30516,6,516.837881
0.545978,2,518.802418
0.923041,3,519.116734
2.197639,6,519.704532
1.563207,5,520.2483
0.942329,3,520.565535
1.655324,5,521.010705
0.866987,3,521.239673
0.501286,2,521.395293
0.976537,3,521.661718
0.56836,2,521.844738
0.517883,2,522.024924
0.512261,2,522.222557
0.91645,3,522.463918
0.33725,2,522.619633
0.516048,2,522.779572
0.462122,2,522.958818
1.725759,5,523.318157
2.12597,6,523.836771
0.895824,3,524.062158
0.536332,2,524.21934
1.347186,4,524.510656
2.349638,7,525.080327
2.19633,6,525.596721
0.457363,2,525.771783
1.608622,5,526.165819
0.874194,3,526.427455
0.494787,2,526.633234
1.403667,4,527.049577
3.051905,8,527.787417
0.53863,2,527.955636
1.564261,5,528.308549
0.557032,2,528.508149
0.327072,2,528.696853
0.507769,2,528.88362
1.291783,4,529.2215
5.155482,13,530.470372
1.384179,4,530.865773
-2.194205,7,531.317817
0.507258,2,531.448896
0.530122,2,531.630648
1.68251,6,532.33882
0.365073,2,532.528862
1.636621,5,533.020296
0.365946,2,533.2382
1.474402,5,533.633957
0.528958,2,533.77361
2.780214,8,534.356032
1.00872,3,534.572386
0.318694,2,534.740057
0.942747,3,535.01596
0.92119,3,535.211907
1.974906,6,535.778766
0.552001,2,535.968481
-2.415165,6,536.551729
0.52267,2,536.724679
0.522665,2,536.925861
0.792124,3,537.215767
0.905716,3,537.460014
3.030307,8,538.105238
0.354444,2,538.26726
0.523151,2,538.437297
0.914973,3,538.667875
0.480535,2,538.829999
0.529106,2,539.027945
0.53802,2,539.210186
0.531092,2,539.367158
0.545882,2,539.535023
1.792145,5,540.018431
-2.618591,6,540.598019
1.431091,5,541.08844
0.938725,3,541.370517
0.545672,2,541.550685
0.512089,2,541.709639
1.416324,4,541.994569
0.944696,3,542.271948
1.324869,4,542.559371
0.566478,2,542.689962
1.290515,4,542.978189
2.161853,6,543.425019
1.227095,4,543.747924
1.133494,4,544.067228
0.328268,2,544.204963
1.276935,4,544.503513
0.914557,3,544.762917
4.034653,10,545.524083
0.533321,2,545.698261
0.551842,2,545.844046
0.960286,3,546.077653
0.516752,2,546.20368
0.539766,2,546.367849
0.510791,2,546.539633
0.528248,2,546.699504
1.281261,4,546.980492
0.479617,2,547.171599
0.495288,2,547.346024
0.507225,2,547.516547
1.892416,6,548.036255
0.509928,2,548.208464
0.518514,2,548.389621
0.534236,2,548.566448
0.889709,3,548.80394
1.280008,4,549.16608
1.094368,4,549.462128
3.723318,9,550.240134
0.529456,2,550.429057
0.474271,2,550.651542
0.916675,3,550.936465
0.838346,3,551.151963
0.965136,3,551.407333
0.539149,2,551.564171
0.369787,2,551.740671
0.507658,2,551.93361
2.194645,7,552.51666
0.959356,3,552.765089
0.513896,2,552.935345
0.375182,2,553.093785
0.541837,2,553.277968
0.562353,2,553.423802
0.52288,2,553.60392
0.526277,2,553.785894
1.401455,5,554.173444
0.527507,2,554.292844
0.538597,2,554.427263
2.920816,8,555.052714
1.272874,4,555.372355
0.538175,2,555.539924
1.28931,4,555.839938
0.925915,3,556.060705
0.519943,2,556.196695
-2.885299,5,556.565228
0.934829,3,556.791488
0.541186,2,556.954395
3.474139,9,557.631214
0.529042,2,557.799957
2.272559,6,558.197371
1.573948,5,558.549604
0.545506,2,558.738651
1.241126,5,559.133139
1.672756,5,559.58373
0.549919,2,559.745808
0.536062,2,559.944412
0.54164,2,560.202229
0.516311,2,560.379472
1.806318,6,560.799478
0.524074,2,560.92549
0.493339,2,561.103196
0.553025,2,561.248075
1.608282,5,561.640608
1.186762,4,561.936954
1.313156,4,562.269442
1.683268,5,562.733487
0.915896,3,562.960603
1.743521,5,563.418242
0.549694,2,563.600732
0.898909,3,563.888114
0.541861,2,564.034114
0.899249,3,564.275451
0.912237,3,564.485155
1.316815,4,564.80194
2.27873,7,565.294195
0.516182,2,565.457161
-3.187751,5,565.843441
0.549592,2,565.991932
2.307343,6,566.428767
0.546122,2,566.563139
0.534151,2,566.70081
0.836617,3,566.938755
0.54849,2,567.091836
0.330666,2,567.311989
1.377733,4,567.620575
0.526006,2,567.796181
0.512533,2,567.986305
0.55533,2,568.166542
0.540577,2,568.326375
3.703549,9,569.070266
0.90503,3,569.31812
0.528052,2,569.497621
0.564806,2,569.655439
0.557418,2,569.83152
0.950275,3,570.065119
0.550848,2,570.209966
0.522475,2,570.352155
0.465495,2,570.495125
0.318265,2,570.673695
1.387485,4,570.979218
0.536326,2,571.157395
1.347915,4,571.5033
1.790467,5,571.905315
1.264498,4,572.268286
2.554248,8,572.927512
0.971938,3,573.190901
0.348918,2,573.3518
4.875992,10,574.296191
0.538871,2,574.435316
0.522546,2,574.598662
0.521966,2,574.753143
0.360849,2,574.908292
0.543881,2,575.071396
0.874639,3,575.309186
0.335913,2,575.45559
0.32922,2,575.633909
0.888151,3,575.86676
0.533711,2,576.031012
2.592338,7,576.721886
0.552744,2,576.883243
1.64981,5,577.305752
0.550806,2,577.491477
2.518116,7,578.14541
1.098038,4,578.524065
0.479421,2,578.697512
0.884715,3,578.94477
0.843216,3,579.164792
1.225861,4,579.513695
0.911986,3,579.721385
2.197301,6,580.185361
2.131455,7,580.674656
1.321805,4,580.994167
0.874223,3,581.254903
0.534962,2,581.38413
0.469015,2,581.527137
0.535909,2,581.667635
1.105751,4,581.949922
0.510343,2,582.101605
1.323821,4,582.433737
0.530181,2,582.659316
1.027244,3,582.914791
0.854236,3,583.220962
0.333914,2,583.450687
0.91061,3,583.659423
0.52381,2,583.782273
0.363266,2,583.930157
5.686811,14,584.990477
0.52055,2,585.112689
0.511001,2,585.233049
0.496182,2,585.35374
0.54885,2,585.473035
0.323929,2,585.591128
0.900006,3,585.762271
-3.605745,4,585.995596
0.568553,2,586.117039
0.49138,2,586.232171
0.323828,2,586.440709
5.392991,13,587.491469
2.315975,7,587.897397
0.5067,2,588.020046
0.948338,3,588.23174
0.529997,2,588.383798
0.547191,2,588.537495
0.514167,2,588.693807
0.908258,3,588.940516
0.868763,3,589.177854
0.541365,2,589.31709
0.497832,2,589.426003
0.539901,2,589.576097
1.286131,4,589.915666
0.945712,3,590.214455
0.33725,2,590.39477
0.515247,2,590.576543
0.897319,3,590.850709
1.896456,6,591.381469
0.529924,2,591.592943
0.550053,2,591.791416
0.56759,2,591.926548
0.533552,2,592.057679
0.959939,3,592.31563
0.504161,2,592.500587
-3.027544,5,592.885994
0.473761,2,593.044733
2.996756,8,593.466886
0.895979,3,593.621376
0.903532,3,593.778969
2.6349,8,594.23027
0.551451,2,594.327907
-2.6228,6,594.630208
0.538712,2,594.730594
-2.246929,7,595.132618
0.508969,2,595.252937
1.618976,5,595.661734
0.47895,2,595.853729
0.896741,3,596.14458
0.537628,2,596.364748
0.609103,2,596.544636
4.089128,10,597.103116
0.531321,2,597.243237
0.342585,2,597.36906
0.934072,3,597.6057
1.265616,4,597.893351
0.512105,2,598.013142
0.555485,2,598.130627
0.523709,2,598.272606
0.529991,2,598.418677
0.514978,2,598.598329
0.513474,2,598.736899
0.894836,3,598.99473
0.521303,2,599.156907
0.516878,2,599.321624
0.550443,2,599.461356
2.482811,7,599.943512
0.904384,3,600.166254
-3.487717,4,600.468206
0.545771,2,600.654398
0.557814,2,600.831299
0.564261,2,600.997197
1.668402,5,601.40783
1.689837,5,601.804156
0.545966,2,601.934561
0.5489,2,602.080274
2.148733,6,602.574198
0.525303,2,602.751323
-3.432574,4,603.081087
0.925968,3,603.233017
0.538538,2,603.332215
0.508821,2,603.449626
0.557196,2,603.568812
0.369044,2,603.667769
2.020813,6,604.006772
0.557518,2,604.104657
-0.556493,10,604.630206
0.572772,2,604.747914
0.567924,2,604.86687
2.540989,7,605.241081
0.320022,2,605.338257
1.265394,4,605.572303
0.596876,2,605.687347
2.457227,7,606.082558
1.292931,4,606.318483
-1.804187,8,606.735269
1.920601,6,607.09363
0.489769,2,607.192441
0.453504,2,607.291089
0.528735,2,607.411651
1.900109,6,607.941031
0.313833,2,608.10685
2.130766,6,608.524631
0.553993,2,608.623455
1.665619,5,609.017413
0.535347,2,609.252683
0.51278,2,609.436451
0.521727,2,609.598372
0.519003,2,609.77038
0.553331,2,609.998163
0.555562,2,610.204255
1.238582,4,610.502454
0.526287,2,610.671788
2.621269,7,611.184718
0.326439,2,611.326926
0.559625,2,611.483613
0.933146,3,611.688232
0.556903,2,611.864673
0.895629,3,612.125725
0.975276,3,612.399664
0.527237,2,612.57548
0.532701,2,612.768739
0.510392,2,612.94448
-3.165347,5,613.302118
0.549062,2,613.477374
2.8237,8,614.074421
2.094616,6,614.403521
0.747307,3,614.607032
-3.558679,4,614.937763
1.251954,4,615.424985
1.400698,4,615.728784
0.91855,3,616.007175
0.880566,3,616.274833
1.627285,5,616.786508
0.518381,2,617.030003
0.554024,2,617.221849
1.71495,5,617.684907
0.835717,3,617.949344
1.999583,6,618.423695
2.200861,6,618.909039
0.544376,2,619.048232
1.219461,4,619.379893
0.53103,2,619.536488
0.524601,2,619.708169
0.331938,2,619.86727
1.278558,4,620.157978
0.470981,2,620.268126
0.530414,2,620.417438
0.492524,2,620.582644
1.338774,4,620.87557
0.53411,2,620.985017
0.551134,2,621.157416
1.509669,5,621.452791
1.420114,5,621.844414
0.942678,3,622.068452
1.882662,5,622.395527
0.554673,2,622.535258
1.17973,4,622.820971
0.327142,2,622.995216
0.525871,2,623.174441
-0.420415,11,624.082146
0.498344,2,624.301223
1.158893,4,624.67433
2.393631,7,625.212156
1.997072,5,625.582946
0.339273,2,625.733512
1.88473,6,626.140641
0.568597,2,626.258065
1.360292,5,626.550632
0.531758,2,626.667968
0.910686,3,626.905248
1.19961,5,627.31367
1.742515,5,627.711441
0.523094,2,627.847073
0.522516,2,627.966676
2.006178,6,628.43191
0.793511,3,628.674221
0.331576,2,628.792248
1.318853,4,629.026838
0.32957,2,629.145496
0.525861,2,629.262404
1.628262,5,629.502462
1.954832,6,629.877032
0.9002,3,630.114566
0.509727,2,630.312373
0.515804,2,630.484338
0.568612,2,630.688771
3.125088,8,631.452125
1.383511,4,631.917594
1.636294,5,632.284555
2.217104,6,632.708472
0.344133,2,632.842914
-2.0322,8,633.310534
0.355971,2,633.410047
0.906572,3,633.571119
0.528976,2,633.728538
0.897751,3,634.022419
0.527864,2,634.182948
2.294631,7,634.823103
0.747713,3,635.075916
1.247806,4,635.431051
3.378944,9,636.089302
0.858156,3,636.287513
0.34836,2,636.421366
2.060117,6,636.822381
0.536608,2,636.943848
1.39217,4,637.183993
0.539366,2,637.337807
0.529959,2,637.495251
2.072306,6,637.974464
2.045772,6,638.404736
0.538883,2,638.578834
0.557115,2,638.764887
1.373292,4,639.10921
0.55478,2,639.263951
0.539274,2,639.438232
0.338546,2,639.626049
0.514593,2,639.803668
0.884161,3,640.076305
0.520128,2,640.240218
2.63249,7,640.824049
0.337317,2,640.969491
0.533087,2,641.131437
0.537409,2,641.299847
0.367972,2,641.443315
2.799872,8,641.969375
1.600104,5,642.416887
0.529028,2,642.601466
1.25837,4,642.97812
0.506118,2,643.186196
0.572836,2,643.389946
0.92036,3,643.613569
0.339216,2,643.803167
-2.059183,7,644.283916
1.695706,5,644.63392
0.690461,3,644.838456
1.717468,5,645.180605
0.533094,2,645.300856
1.297656,4,645.601661
0.518958,2,645.776242
-3.208057,5,646.16651
0.505104,2,646.308532
0.89042,3,646.517139
0.553451,2,646.661306
3.350466,9,647.392926
0.555074,2,647.562036
1.78039,5,647.970083
0.577109,2,648.129929
0.542952,2,648.269936
0.472784,2,648.427774
0.494749,2,648.581967
1.569059,5,648.890574
0.491446,2,649.008091
1.282003,4,649.285126
0.515943,2,649.421834
1.222314,4,649.651365
0.490504,2,649.791053
0.509279,2,649.957342
0.904348,3,650.180824
0.529001,2,650.324117
1.672295,5,650.729806
1.295363,4,650.991779
0.558563,2,651.130903
0.50547,2,651.276185
0.5109,2,651.410113
0.559289,2,651.533951
0.518744,2,651.653306
0.532769,2,651.751684
0.732444,3,651.952785
0.325096,2,652.133727
0.553525,2,652.31004
1.248968,4,652.683036
0.545513,2,652.872744
0.519482,2,653.013614
2.030647,6,653.379141
0.919384,3,653.617178
1.199525,4,654.020052
0.497443,2,654.206703
0.496238,2,654.38211
0.527813,2,654.558088
0.865475,3,654.792979
0.549284,2,654.95562
1.62398,5,655.204259
1.24456,4,655.491789
0.344249,2,655.661741
0.341269,2,655.800967
2.101846,6,656.16677
-3.168802,5,656.412441
0.529944,2,656.511783
0.495211,2,656.612147
1.231552,4,656.831805
0.875829,3,657.004237
1.778729,5,657.278919
2.491307,7,657.63396
0.531804,2,657.738799
0.514729,2,657.843977
0.441507,2,657.968928
0.538816,2,658.086234
2.017583,6,658.401857
0.946108,3,658.541814
0.906302,3,658.702061
0.554009,2,658.820145
1.962838,6,659.157629
0.536651,2,659.257386
0.902077,3,659.402955
0.330143,2,659.506882
0.538299,2,659.692617
0.348444,2,659.819967
0.974003,3,660.102499
0.88921,3,660.357637
1.695106,5,660.740553
0.5645,2,660.856677
0.506421,2,661.013718
2.2279,6,661.37121
0.340116,2,661.472103
0.940851,3,661.629579
2.321178,7,662.148937
0.561357,2,662.323453
0.932278,3,662.62466
0.915256,3,662.82923
0.50972,2,662.957795
0.483553,2,663.060346
0.523136,2,663.201612
0.90036,3,663.446336
0.579311,2,663.626689
0.532806,2,663.781247
4.291719,12,664.795844
0.525905,2,664.913276
1.774933,5,665.223912
-3.447018,4,665.525751
2.269438,6,665.987062
1.681949,5,666.368495
0.541589,2,666.513379
1.200535,4,666.820183
0.344866,2,666.970453
0.499712,2,667.157256
0.562301,2,667.374751
0.543425,2,667.573288
0.919835,3,667.857092
0.752012,3,668.099147
0.855564,3,668.339378
0.53341,2,668.519561
0.937088,3,668.776378
0.506575,2,668.937854
0.534363,2,669.168793
0.369993,2,669.34271
0.529098,2,669.528751
0.346785,2,669.676102
0.958428,3,669.954162
1.519857,5,670.431216
0.352101,2,670.644068
0.49645,2,670.811873
0.51291,2,670.986915
0.504342,2,671.14301
0.499888,2,671.295779
2.26249,7,671.842799
0.93108,3,672.160465
1.6001,5,672.567702
0.540731,2,672.753757
0.542031,2,672.907021
0.330667,2,673.078795
1.598505,5,673.534948
0.979355,3,673.757095
0.880489,3,673.976619
0.955321,3,674.20413
0.943796,3,674.456626
0.531106,2,674.606069
1.17532,4,674.897579
2.011285,6,675.284214
0.557564,2,675.426067
0.538779,2,675.594612
0.537621,2,675.762482
3.15228,8,676.380777
0.707701,3,676.622265
1.266712,4,676.973053
0.558784,2,677.168771
1.172274,4,677.576782
0.547771,2,677.777244
0.511659,2,677.980115
-3.021059,5,679.905165
0.819304,3,680.192895
0.521625,2,680.357074
0.345007,2,680.503751
0.536349,2,680.669506
2.329708,6,681.080043
0.930256,3,681.306135
0.555764,2,681.438337
1.429843,5,681.772832
0.918719,3,681.982852
2.130286,6,682.389158
2.009018,6,682.779506
3.485325,9,683.426146
2.63293,7,683.880566
0.892237,3,684.075761
2.212586,6,684.639657
1.208143,4,684.94225
1.080662,4,685.155412
0.349138,2,685.326902
0.532312,2,685.492604
0.962651,3,685.733603
0.531829,2,685.910375
-3.444749,4,686.143654
-2.679842,6,686.484881
1.670262,5,686.747902
-3.601451,4,686.976268
1.806258,5,687.259582
0.565205,2,687.39261
0.955889,3,687.575076
1.361781,4,687.840528
0.53699,2,688.002774
2.578982,7,688.624546
1.636909,5,688.980844
0.552905,2,689.08856
0.578665,2,689.221729
-3.018812,5,689.600946
6.326618,14,690.446135
0.529979,2,690.553503
0.526433,2,690.67597
0.530382,2,690.797573
2.366915,7,691.173064
4.859889,14,692.248452
0.509328,2,692.364955
0.540554,2,692.485525
1.592903,5,692.732398
2.344555,6,693.060091
6.506077,15,694.24618
1.706797,5,694.656249
0.471925,2,694.814006
1.641327,5,695.433125
1.699719,5,696.001994
0.357203,2,696.20257
0.822119,3,696.488924
1.649819,5,696.935791
1.612832,5,697.307974
0.458956,2,697.448735
0.548805,2,697.601953
0.540743,2,697.737841
1.942319,5,698.167894
-3.385401,4,698.421519
2.116314,6,698.845977
0.88547,3,699.084836
0.537046,2,699.213429
0.510793,2,699.378464
0.447146,2,699.53743
0.50359,2,699.691555
3.331242,8,700.242369
1.330685,4,700.534291
1.178036,4,700.803079
0.525812,2,700.966146
0.511575,2,701.128157
0.922526,3,701.34323
0.480844,2,701.485758
1.245856,4,701.784828
1.718628,5,702.12793
0.580631,2,702.289321
0.518656,2,702.476858
0.950206,3,702.728661
1.255818,4,703.090993
1.688506,5,703.512259
1.37377,4,703.867287
0.533044,2,704.042791
0.564446,2,704.229091
2.686191,7,704.908105
0.89137,3,705.212834
0.538967,2,705.414497
0.536543,2,705.621482
0.584405,2,705.852885
0.366517,2,706.030015
0.970888,3,706.264029
0.554752,2,706.378816
1.597327,5,706.743874
0.894808,3,706.991025
0.912124,3,707.196991
1.566381,5,707.563385
2.825078,7,708.072451
1.852278,6,708.534936
0.54214,2,708.731564
-3.07005,5,709.143491
0.486375,2,709.359722
0.493667,2,709.529777
0.547255,2,709.823774
0.075936,12,710.735944
0.557994,2,710.862155
1.30422,4,711.174856
1.718901,5,711.436376
1.982056,6,711.743094
0.532039,2,711.847575
0.528669,2,711.966782
0.539194,2,712.064721
0.480041,2,712.18632
0.470636,2,712.306674
0.5231,2,712.426523
0.524427,2,712.547172
1.261353,4,712.767058
0.879354,3,712.931372
1.308044,4,713.129526
0.528933,2,713.231372
0.52464,2,713.355168
0.923494,3,713.533834
0.972633,3,713.710907
3.427965,10,714.251425
1.81463,5,714.514817
0.55217,2,714.616424
0.333454,2,714.718163
1.773008,6,715.137319
0.480063,2,715.342705
0.332086,2,715.535819
2.116721,6,715.948054
0.505657,2,716.097681
1.121405,4,716.385398
0.536995,2,716.535065
2.202156,6,716.910951
2.264099,7,717.270493
-3.332545,5,717.546151
0.520896,2,717.711082
0.517879,2,717.857637
0.545181,2,718.06064
4.857652,13,718.873555
2.5998,7,719.348983
0.550078,2,719.467132
0.521192,2,719.588093
0.554619,2,719.685984
-0.906565,10,720.214272
1.702267,5,720.490437
1.400874,5,720.749624
0.54378,2,720.867053
0.468003,2,720.968248
0.329394,2,721.071052
0.327544,2,721.1912
0.556396,2,721.28939
0.526778,2,721.388643
0.522358,2,721.508657
4.255547,11,722.097017
0.315727,2,722.196619
0.547364,2,722.297812
1.321149,4,722.519734
-1.710941,8,723.037918
2.991294,8,723.75977
1.736269,5,724.170642
1.980043,6,724.690194
0.519314,2,724.856146
0.533803,2,725.054846
0.353334,2,725.316409
0.545326,2,725.542489
1.645293,5,725.985754
1.826906,6,726.483756
0.518833,2,726.636386
1.711085,5,727.209925
1.16822,4,727.548064
0.494241,2,727.741651
0.980743,3,728.004308
0.714207,3,728.290266
0.551615,2,728.483207
0.533216,2,728.667774
0.519921,2,728.843091
0.32046,2,729.012775
0.884662,3,729.290479
1.323744,5,729.726101
0.534765,2,729.904037
4.154886,10,730.808801
0.550952,2,730.966922
0.54219,2,731.127035
1.306407,4,731.482568
2.266664,7,732.11347
1.432501,5,732.479165
4.249274,11,733.296098
0.563727,2,733.444612
0.110568,12,734.298174
0.483515,2,734.478871
1.497035,5,734.924875
0.332305,2,735.058102
0.554161,2,735.216619
0.51498,2,735.403113
0.4802,2,735.614456
3.161781,8,736.287925
0.913658,3,736.543547
0.918935,3,736.823347
0.52153,2,737.020353
1.504807,5,737.493609
2.683957,7,738.130736
0.321229,2,738.267022
0.788623,3,738.442791
0.493469,2,738.589418
-1.614972,9,739.161605
0.564447,2,739.326403
0.881132,3,739.545179
0.547932,2,739.683277
0.923713,3,739.905938
0.532736,2,740.074642
0.446378,2,740.250078
1.684774,5,740.70889
-2.32488,7,741.276721
2.50471,7,741.823175
1.659107,5,742.158382
0.489046,2,742.321223
0.528311,2,742.494608
0.929806,3,742.728673
0.521746,2,742.856491
1.8248,5,743.207061
1.308999,4,743.463788
0.889535,3,743.672207
0.547503,2,743.82298
0.538298,2,743.947394
1.316045,4,744.219053
1.315948,4,744.526026
1.850756,6,744.9714
0.520651,2,745.111335
0.73584,3,745.364108
-3.053043,5,745.76871
2.17297,7,746.383715
1.181094,4,746.750609
2.024073,6,747.359148
2.534752,7,747.891668
0.505454,2,748.042058
0.513419,2,748.160674
1.683586,5,748.536766
0.501905,2,748.69513
0.960438,3,748.88594
0.507949,2,749.019483
0.550799,2,749.170664
2.703899,7,749.699401
0.328157,2,749.824927
0.366717,2,749.958637
1.457026,5,750.304255
1.987034,6,750.726729
2.579527,7,751.185184
0.536532,2,751.34298
0.554587,2,751.500313
1.242797,4,752.063274
1.433554,5,752.501897
0.539399,2,752.657911
1.323486,4,752.998925
0.530484,2,753.160215
0.541932,2,753.318211
2.248037,6,753.767407
0.526244,2,753.879378
1.734842,5,754.298353
1.678302,5,754.625072
1.633026,5,755.003877
0.448771,2,755.166217
0.552239,2,755.314839
0.552919,2,755.464749
1.564087,5,755.845626
4.777172,13,756.735813
0.946394,3,756.93403
0.502205,2,757.124041
0.905209,3,757.456792
0.324267,2,757.664609
1.360692,4,757.953426
0.506219,2,758.146022
-2.279552,7,758.753659
1.241412,5,759.135708
1.828607,6,759.67383
1.675403,5,760.197224
0.533283,2,760.347968
0.961739,3,760.599418
0.516506,2,760.768226
0.517572,2,760.935269
1.570312,5,761.399874
1.472164,5,761.857338
0.905899,3,762.122449
1.332952,4,762.510821
0.523602,2,762.712986
2.03373,6,763.132332
0.517801,2,763.259284
0.555276,2,763.385529
1.976404,6,763.805002
0.585732,2,763.957702
2.085866,6,764.449785
1.359838,4,764.760027
0.550828,2,764.921036
2.459801,7,765.47018
1.694939,5,765.852218
0.915666,3,766.13545
1.313747,4,766.419799
-2.296915,7,766.915097
2.726653,7,767.472682
2.754576,8,768.113973
0.529281,2,768.284439
0.527558,2,768.450456
2.279405,6,768.962578
0.369767,2,769.141255
0.542841,2,769.350008
0.929152,3,769.618299
-2.79239,6,770.108747
0.329343,2,770.281513
2.423877,7,770.906401
1.195588,4,771.269118
0.338689,2,771.401118
0.861056,3,771.630131
0.551095,2,771.81327
0.495887,2,771.987331
0.530318,2,772.127619
-2.742765,6,772.566441
0.524658,2,772.720387
0.718136,3,772.976327
0.533921,2,773.150733
0.555175,2,773.328739
1.544882,5,773.761737
0.544573,2,773.958809
0.539014,2,774.153062
-2.633031,6,774.716487
0.538761,2,774.893351
1.003557,3,775.167689
0.567115,2,775.361141
0.533488,2,775.530039
0.533176,2,775.713986
0.550489,2,775.908545
0.537942,2,776.043635
1.797737,5,776.413093
0.507393,2,776.599972
0.576315,2,776.747955
4.516358,12,777.631982
-3.442571,4,777.911717
0.565648,2,778.085896
1.332829,4,778.395518
2.135863,6,778.829391
1.34671,4,779.143175
1.306578,4,779.436429
2.336764,6,779.846507
1.164117,4,780.185579
0.983968,3,780.402817
5.207211,13,781.401484
0.978892,3,781.620733
0.509391,2,781.776174
0.948764,3,781.993062
0.533991,2,782.113524
2.30191,6,782.552412
0.527208,2,782.704885
0.545322,2,782.839562
0.462259,2,782.98196
0.527901,2,783.119637
-1.931984,7,783.652861
1.806894,5,784.108327
0.500526,2,784.292225
1.141856,4,784.676345
1.133673,4,785.034277
0.543185,2,785.212737
0.544823,2,785.406616
2.111826,6,785.942854
2.569642,7,786.539168
0.913721,3,786.816414
0.717295,3,787.045423
0.504158,2,787.202921
1.526598,5,787.614073
2.895708,8,788.33315
0.513349,2,788.44393
2.294674,6,788.889092
1.367217,4,789.196496
4.153666,11,789.977524
0.488641,2,790.158679
0.549035,2,790.336391
0.539511,2,790.546459
1.644401,5,790.94207
0.54733,2,791.127744
0.565486,2,791.277847
0.344885,2,791.44946
0.770124,3,791.688098
0.544928,2,791.911732
0.323984,2,792.093218
0.541039,2,792.265836
0.451628,2,792.390558
0.893961,3,792.632739
1.343523,4,792.883025
3.322083,9,793.488067
-0.574716,10,794.211516
0.530924,2,794.385879
0.538077,2,794.556807
3.09908,8,795.129538
0.498041,2,795.281945
0.881568,3,795.510656
0.525325,2,795.655842
0.549191,2,795.824922
-1.848875,7,796.2888
0.498222,2,796.420263
0.572877,2,796.574932
1.765105,5,796.854124
0.544282,2,796.99724
1.28284,4,797.264705
0.862249,3,797.485401
0.576026,2,797.642167
2.249384,6,798.084038
1.871865,5,798.470646
0.544591,2,798.636531
2.157939,6,799.155924
0.467347,2,799.347723
1.29277,4,799.696438
0.508187,2,799.8964
0.494008,2,800.022207
1.197336,4,800.246819
0.716399,3,800.487327
0.533899,2,800.655689
0.556849,2,800.82429
4.807764,12,801.645111
0.837965,3,801.871562
0.550235,2,802.06234
0.326035,2,802.225185
0.528862,2,802.326306
2.653027,7,802.822113
0.520824,2,802.951011
0.565917,2,803.111795
-2.490511,7,803.611737
0.959088,3,803.837185
0.507691,2,803.988832
0.557423,2,804.108549
-3.100771,5,804.389919
0.92807,3,804.546847
1.643458,5,804.85182
2.566855,7,805.211581
0.911066,3,805.487337
0.922646,3,805.791275
0.765495,3,806.019657
0.570886,2,806.188664
0.961333,3,806.386396
0.912142,3,806.565126
-3.446535,4,806.851499
2.662468,8,807.429696
0.563474,2,807.601347
4.351247,12,808.573321
1.23305,4,808.980472
1.516001,5,809.408305
2.219234,6,809.841859
0.543755,2,810.013802
0.359465,2,810.170767
0.548494,2,810.31141
0.554424,2,810.438321
1.424467,5,810.756152
1.480704,5,811.00344
0.849092,3,811.167531
1.337557,5,811.420993
-2.791168,6,811.773359
0.526964,2,811.874736
2.381999,7,812.268677
2.07338,7,812.628809
-3.614253,4,812.857662
2.162956,6,813.332695
1.248567,4,813.729061
1.654122,5,814.178749
0.542306,2,814.462995
2.123115,6,815.052603
0.536014,2,815.217979
0.503423,2,815.372131
-3.226101,5,815.857893
0.907412,3,816.191885
0.875727,3,816.480454
0.537089,2,816.680479
0.54448,2,816.885736
1.531555,5,817.315311
1.711278,5,817.779852
0.520656,2,817.983634
0.530528,2,818.189349
0.935178,3,818.432281
3.403295,8,819.030804
0.524659,2,819.165298
0.542857,2,819.291402
0.339179,2,819.422964
1.286057,4,819.727652
0.33105,2,819.854104
0.516912,2,820.022734
1.623362,5,820.439539
0.516935,2,820.60281
0.875269,3,820.828652
0.537425,2,821.019519
0.537202,2,821.183816
0.887252,3,821.414351
3.31534,9,822.036707
1.258042,4,822.329159
1.998699,6,822.810837
0.556219,2,822.971163
2.118052,6,823.435985
2.816549,8,823.991941
1.544321,5,824.468148
0.520407,2,824.639904
0.528049,2,824.812632
0.874978,3,825.082285
1.762286,5,825.565229
2.828565,8,826.176292
0.541316,2,826.29645
2.575263,7,826.828355
0.570853,2,826.995873
0.537264,2,827.144233
0.523214,2,827.2873
0.328395,2,827.43293
0.543942,2,827.602628
0.537907,2,827.760846
0.520061,2,827.913075
1.312905,4,828.227945
-1.567941,8,828.830451
2.443332,7,829.408721
0.932068,3,829.618611
0.518645,2,829.753308
0.342083,2,829.887971
0.530132,2,830.029371
0.520184,2,830.172778
0.514965,2,830.331431
0.513693,2,830.488585
0.468614,2,830.616666
1.667338,5,830.992234
2.130904,6,831.437585
0.3265,2,831.57453
0.522951,2,831.725541
0.555896,2,831.901164
-2.1344,8,832.630163
1.840301,5,833.117499
0.531326,2,833.230091
1.618966,5,833.484447
0.533069,2,833.628444
3.129208,8,834.265782
0.459466,2,834.463468
3.120749,9,835.468755
0.936402,3,835.729008
0.567349,2,835.902624
0.529849,2,836.106541
2.726284,7,838.214441
0.519073,2,838.351084
1.081071,4,838.642042
0.906623,3,838.888481
0.551434,2,839.033723
0.975724,3,839.253953
0.522728,2,839.387686
0.720916,3,839.61288
0.575944,2,839.730412
0.505164,2,839.865266
0.981992,3,840.089421
0.53499,2,840.242754
1.080512,4,840.508584
-1.690793,9,841.06978
1.64917,5,841.443169
1.344023,4,841.736952
2.401787,7,842.250885
1.344907,4,842.509754
1.392508,5,842.816882
0.56722,2,842.987267
-3.473608,4,843.249704
0.86814,3,843.449552
0.888366,3,843.664412
0.862999,3,843.884636
2.489092,8,844.347934
0.482587,2,844.451252
2.579144,7,845.092086
2.051626,6,845.490252
0.46272,2,845.607522
2.832526,8,846.247522
0.935969,3,846.520047
0.539231,2,846.689081
2.142651,6,847.21033
0.530196,2,847.378598
1.358134,4,847.814809
0.566659,2,848.00553
0.548447,2,848.161193
-1.994981,7,848.642519
3.71991,10,849.311018
1.750709,5,849.676116
1.63435,5,850.002569
0.500096,2,850.131855
1.699781,5,850.45443
2.584581,7,850.984137
0.544295,2,851.141826
0.545234,2,851.309156
2.179786,7,851.845773
0.901455,3,852.073511
0.447446,2,852.246069
0.885669,3,852.472088
0.517979,2,852.623718
2.794757,8,853.082017
0.314912,2,853.183586
0.506752,2,853.28565
1.493889,5,853.55241
0.55556,2,853.656295
1.681486,5,853.910919
0.544674,2,854.033355
1.55994,6,854.358089
1.649106,5,854.643636
0.596883,2,854.772118
0.532921,2,854.890813
0.563224,2,855.012869
0.515494,2,855.134154
0.891181,3,855.291451
3.011996,8,855.762797
0.917543,3,855.902294
2.160723,6,856.244647
0.962096,3,856.415125
0.501521,2,856.536046
1.34812,4,856.770659
0.329716,2,856.893185
2.363139,6,857.214911
0.908744,3,857.38676
1.815811,5,857.656064
0.523061,2,857.778602
-0.979851,10,858.703078
0.526308,2,858.996853
5.272254,13,860.059497
0.549803,2,860.191576
1.333493,4,860.523048
0.554346,2,860.666217
1.194867,4,860.996984
0.528431,2,861.184257
0.550175,2,861.348951
1.919073,6,861.790338
4.461086,11,862.520772
1.335942,4,862.729226
0.560352,2,862.83499
0.523142,2,862.956321
0.525827,2,863.073605
0.553841,2,863.198469
1.283915,4,863.445365
-1.953913,7,863.8419
0.55372,2,863.962817
0.548742,2,864.08856
0.83129,3,864.248405
0.567508,2,864.349211
0.944836,3,864.511129
1.785899,6,864.822397
0.884395,3,864.995603
0.899293,3,865.162566
0.532178,2,865.322345
0.521907,2,865.492971
0.540711,2,865.631374
0.333514,2,865.887619
0.856773,3,866.202435
0.552591,2,866.378069
0.541708,2,866.62241
-2.338617,7,867.164205
0.530638,2,867.268209
0.537435,2,867.376748
1.121248,4,867.644202
0.338587,2,867.791075
3.525898,10,868.554707
1.314774,4,868.866632
0.508371,2,869.038735
1.268083,4,869.344843
1.775653,5,869.663094
0.528515,2,869.778823
1.295719,4,870.155977
1.538216,5,870.562875
1.768209,5,870.996612
0.357688,2,871.274854
0.93019,3,871.594756
0.550259,2,871.773098
0.581877,2,871.958954
1.774974,6,872.481312
1.06168,4,872.833454
0.948028,3,873.080278
0.931968,3,873.356677
2.19795,6,873.856205
0.54241,2,874.032772
0.896916,3,874.269206
1.766027,5,874.607534
-2.968774,5,874.990151
0.518538,2,875.13892
0.520903,2,875.289696
0.93126,3,875.48837
0.588313,2,875.633545
2.660043,7,876.137941
0.470418,2,876.28515
3.059474,8,876.907412
0.915901,3,877.119178
2.198207,6,877.550625
0.492824,2,877.690355
0.513651,2,877.824085
0.534566,2,877.997398
0.539983,2,878.16651
0.530261,2,878.30643
0.52622,2,878.446678
0.314658,2,878.563408
0.340449,2,878.720242
2.444417,7,879.334513
3.880246,10,880.079107
0.526235,2,880.233793
4.050221,11,881.061075
0.932379,3,881.278953
3.568908,9,881.890095
3.063715,8,882.529815
0.526069,2,882.669583
0.918517,3,882.875602
0.512643,2,883.049636
1.958588,6,883.558115
0.519668,2,883.713292
0.524478,2,883.90503
1.707148,5,884.459646
2.052793,6,885.052972
-3.076609,5,885.368664
1.753459,5,885.723427
0.943865,3,885.888457
1.31596,4,886.128908
1.678515,5,886.399858
-1.799394,8,887.026026
0.950952,3,887.24381
-2.709412,6,887.718927
0.556762,2,887.840534
0.519392,2,887.991284
1.353862,4,888.320484
4.408118,11,889.011014
4.57887,12,889.608267
3.681314,10,890.117334
0.506168,2,890.235772
0.530588,2,890.338012
3.060155,7,890.688922
0.539357,2,890.821469
0.516027,2,891.003659
3.093589,8,891.685225
0.858635,3,891.928262
0.915328,3,892.155266
0.55512,2,892.311124
0.332957,2,892.430418
1.226345,4,892.647541
1.556532,5,892.929506
1.725921,5,893.288662
0.518441,2,893.425648
0.547086,2,893.620112
1.695724,5,894.112637
1.461321,5,894.536429
0.479911,2,894.684676
1.69965,5,895.061342
2.030196,6,895.513965
4.835134,13,896.495448
0.85002,3,896.722723
1.594585,5,897.061919
1.625191,5,897.412962
0.935448,3,897.573218
-3.435331,4,897.80419
4.606439,11,898.341601
0.344162,2,898.461393
3.630588,10,898.984434
0.53837,2,899.104796
1.006625,3,899.267817
0.507768,2,899.39457
0.542368,2,899.506953
0.508038,2,899.612556
1.786065,5,899.875644
2.28292,6,900.18043
1.635099,5,900.446069
1.374913,4,900.662212
2.301086,7,901.021636
0.510136,2,901.121103
0.873325,3,901.286508
-2.975845,5,901.569487
0.515443,2,901.673018
1.808299,5,901.948972
0.540603,2,902.06597
2.633312,7,902.430584
1.731465,5,902.699883
1.513073,5,902.980156
-3.490593,4,903.205189
-2.236745,7,903.579105
0.514882,2,903.682447
2.296695,6,904.037931
0.332834,2,904.213995
2.420216,7,904.779634
1.620084,5,905.123364
1.866595,6,905.54403
1.331282,4,905.911597
1.556753,5,906.451604
0.540512,2,906.666873
0.919101,3,906.882674
1.557384,5,907.368771
0.902194,3,907.597117
1.754752,6,908.145305
0.522349,2,908.312657
2.15955,6,908.778217
0.532903,2,908.940344
-3.097401,5,909.244371
2.234368,6,909.707356
1.560978,5,910.09194
0.910579,3,910.341199
0.503252,2,910.491675
2.694873,8,911.123751
2.964136,8,911.737218
1.330017,4,912.157876
0.523282,2,912.365921
2.83149,7,913.007599
0.522706,2,913.190189
1.376184,4,913.556764
0.523489,2,913.754147
0.706112,3,914.010372
0.926433,3,914.25071
0.539088,2,914.411765
0.568244,2,914.584402
4.451956,12,915.644568
0.576116,2,915.837748
0.557937,2,916.013436
0.513984,2,916.198876
1.206189,4,916.568669
0.527573,2,916.767837
2.779113,8,917.412016
1.918217,5,917.844692
-3.046094,5,918.235975
0.925012,3,918.463816
0.844347,3,918.684029
0.99002,3,918.90828
3.474072,9,919.585267
2.956588,8,920.213984
0.498594,2,920.377456
1.29823,4,920.66495
1.73526,5,920.993947
0.521792,2,921.140802
0.564502,2,921.277347
0.930103,3,921.528512
0.574294,2,921.658145
0.546778,2,921.835621
2.875861,8,922.442862
0.558497,2,922.610751
0.537206,2,922.754889
0.332368,2,922.894178
4.191812,11,923.705252
0.356862,2,923.856414
0.586243,2,924.018384
0.464934,2,924.175198
1.453799,5,924.547651
0.904883,3,924.748152
0.547319,2,924.888721
1.601207,5,925.304835
2.694264,7,925.810448
0.347708,2,925.940169
1.667414,5,926.356125
0.500042,2,926.495509
2.209828,6,926.954774
0.461369,2,927.083162
0.56328,2,927.241227
4.20172,11,928.036508
0.529369,2,928.170966
1.965455,6,928.695227
2.796552,8,929.315945
1.143794,4,929.594893
1.510398,5,930.1451
0.511173,2,930.317529
1.360563,4,930.61897
1.957669,6,931.131181
0.965449,3,931.329072
2.639184,7,931.799384
2.452017,6,932.225987
1.803448,6,932.651183
0.496348,2,932.792585
1.804335,5,933.199974
-2.082058,7,933.652958
0.569741,2,933.805129
2.949612,9,934.410136
3.034521,9,935.104678
1.474586,5,935.46611
0.904884,3,935.645859
0.509512,2,935.74956
3.350307,9,936.205201
1.345935,4,936.424368
1.014794,3,936.57171
-3.174213,5,936.856153
0.543176,2,936.958717
2.661841,7,937.34996
-1.969826,8,937.800772
0.46209,2,937.927952
1.234808,4,938.136348
3.123326,8,938.577402
1.937056,6,939.081738
-2.956449,5,939.57455
0.532188,2,939.69792
0.545344,2,939.867304
-3.060674,5,940.382807
-2.022214,8,941.016907
0.55187,2,941.134488
-3.378983,5,941.429328
0.456804,2,941.560322
0.537535,2,941.68524
1.887663,6,942.039901
0.52601,2,942.158918
0.529056,2,942.277641
2.565617,7,942.642922
0.547201,2,942.764464
0.558533,2,942.882824
0.460783,2,943.003357
2.269863,6,943.424007
0.543006,2,943.607957
0.507723,2,943.763304
0.378958,2,943.874791
0.839166,3,944.017273
2.494974,7,944.570953
0.539822,2,944.777609
0.964817,3,945.044813
0.93923,3,945.327801
1.630184,5,945.729002
1.611561,5,946.080321
2.208921,6,946.532996
1.220239,4,946.857832
1.227866,4,947.18204
0.972253,3,947.427826
0.532027,2,947.620237
-2.612552,6,948.15882
0.569569,2,948.356734
-1.627842,9,949.283141
0.530025,2,949.474809
1.383616,4,949.907284
0.499546,2,950.058577
0.454626,2,950.239622
2.767608,8,950.827572
3.198366,9,951.448076
0.527342,2,951.587776
0.51123,2,951.748045
1.686323,5,952.095656
0.49273,2,952.244001
2.583943,7,952.734337
0.56121,2,952.881271
1.664277,5,953.2787
0.503086,2,953.433674
1.992941,6,953.865488
0.54588,2,953.997939
2.086353,6,954.404637
0.546646,2,954.568598
1.718654,5,954.957301
2.30135,6,955.393289
5.008364,13,956.251449
0.534504,2,956.387286
0.46052,2,956.523803
0.538612,2,956.692658
0.564921,2,956.863572
0.531447,2,957.029191
3.551234,10,957.769598
0.526376,2,957.936068
2.182715,6,958.326819
2.514593,7,958.799328
0.525342,2,958.938516
0.895358,3,959.168213
1.752269,5,959.545898
2.090856,6,959.957949
2.195278,6,960.369045
2.323797,7,961.039835
0.53779,2,961.176525
1.944382,6,961.654284
0.533315,2,961.818095
0.533963,2,961.932503
-2.000106,8,962.411409
0.330367,2,962.534722
1.726824,5,962.927207
1.483991,5,963.308516
0.963053,3,963.542176
1.709398,5,963.881549
0.531982,2,964.061689
0.907672,3,964.256312
3.156495,9,964.867232
1.632528,5,965.250838
0.737314,3,965.477448
1.675824,5,965.79054
1.591694,5,966.077763
0.526806,2,966.236071
5.056028,12,967.32437
1.513212,5,967.718588
3.622244,10,968.428248
2.028625,6,968.841071
1.380018,4,969.157602
0.560758,2,969.33275
0.946827,3,969.548879
-0.061189,11,970.195882
0.52767,2,970.327504
2.472403,7,970.798497
0.530856,2,970.934821
3.764385,10,971.597336
0.519229,2,971.749842
3.440452,9,972.429523
0.928328,3,972.641337
0.524637,2,972.776021
0.538498,2,972.94631
0.521923,2,973.138434
1.268291,4,973.440446
0.928809,3,973.696493
3.687564,9,974.504713
0.898709,3,974.737136
0.539786,2,974.911173
0.948386,3,975.1121
2.132653,6,975.504247
2.821663,7,975.965054
1.9234,6,976.432949
3.331573,9,977.124124
3.145919,8,977.744459
0.534342,2,977.929049
0.905347,3,978.186391
1.64953,5,978.585857
0.5118,2,978.726634
3.401522,9,979.290006
1.231344,4,979.546684
2.976831,8,980.121969
5.266741,13,980.992481
0.558369,2,981.139739
-2.463926,7,981.640507
0.573175,2,981.79881
1.727238,7,982.322892
3.022022,8,983.048729
3.245834,8,983.723306
-2.914169,5,984.137463
0.549491,2,984.285415
0.535219,2,984.447329
2.566079,7,984.984477
0.536173,2,985.138505
2.154365,6,985.563802
0.956553,3,985.77795
0.56619,2,985.920838
0.540115,2,986.067211
0.531252,2,986.183727
1.957176,6,986.554875
0.524709,2,986.726015
1.217418,4,988.681945
1.974163,6,989.089334
0.524433,2,989.239253
0.547753,2,989.441754
4.238961,11,990.505967
-0.816786,11,991.524685
0.552204,2,991.681528
1.219193,4,992.0102
0.558349,2,992.247554
6.770149,19,993.86496
2.212794,6,994.360269
2.475788,7,994.900212
-1.750628,8,995.507046
4.701078,11,996.221759
0.887672,3,996.457858
0.509602,2,996.625379
-0.476247,10,997.383297
0.564493,2,997.539694
2.049048,6,997.960217
1.231142,4,998.244556
0.529296,2,998.41363
0.316524,2,998.546963
2.160497,6,999.00583
5.418773,15,1000.017898
2.685542,8,1000.52002
-2.65123,6,1000.862857
0.926382,3,1001.060367
0.548568,2,1001.176584
1.102402,4,1001.462702
0.899486,3,1001.673667
2.031716,6,1002.045071
0.54859,2,1002.192731
1.766291,5,1002.513301
-3.158187,5,1002.879012
4.766433,13,1003.83897
3.737282,10,1004.565503
6.359019,14,1005.716491
2.011887,6,1006.056296
1.627535,5,1006.325941
0.536444,2,1006.482301
0.900503,3,1006.642629
4.143726,11,1007.520702
3.69198,10,1008.372481
0.438931,2,1008.561255
0.554085,2,1008.745645
2.56325,7,1009.388103
0.865842,3,1009.678559
1.64288,5,1010.021276
0.528349,2,1010.171834
2.927878,8,1010.727214
0.552189,2,1010.893624
2.27614,6,1011.342462
0.523045,2,1011.506842
4.02881,10,1012.223526
4.452433,12,1013.043722
2.947085,8,1013.488395
1.7405,5,1013.736246
2.142358,6,1014.039648
0.54191,2,1014.159799
1.524785,5,1014.405899
3.481879,9,1014.850986
0.880019,3,1015.008583
2.751133,7,1015.35733
0.527947,2,1015.475545
2.13321,6,1015.781778
3.60906,10,1016.329693
1.191095,5,1016.732553
2.124567,6,1017.266087
2.828302,8,1017.754975
3.658606,10,1018.41347
1.826016,6,1018.93481
0.915088,3,1019.218355
1.35059,4,1019.509258
3.596033,10,1020.118773
-1.351609,10,1020.730824
0.534785,2,1020.862161
2.526063,7,1021.42404
3.258413,8,1021.874046
1.738755,5,1022.208268
0.923273,3,1022.469
1.256653,4,1022.824392
0.55056,2,1022.991532
2.672827,7,1023.632244
0.961743,3,1023.810002
0.546429,2,1023.922719
2.10625,6,1024.396298
2.89358,8,1024.875906
0.473458,2,1024.995579
2.297359,7,1025.363046
-2.242208,7,1025.691103
6.447624,17,1027.088366
0.547398,2,1027.281617
4.369762,12,1028.108964
2.292454,6,1028.57809
0.540456,2,1028.711583
0.536046,2,1028.895835
-3.002258,5,1029.43238
0.33725,2,1029.618712
0.547943,2,1029.752066
1.983414,6,1030.25977
3.583181,9,1030.897591
1.563018,5,1031.258253
0.915521,3,1031.452039
2.118584,6,1031.940245
1.824359,6,1032.38897
0.486921,2,1032.516983
0.455948,2,1032.673012
2.072214,6,1033.178569
3.982013,10,1033.952678
2.699519,8,1034.762289
2.035821,6,1035.238409
1.355936,5,1035.702778
1.244386,4,1036.014934
0.528841,2,1036.166138
1.330617,4,1036.480629
2.046585,6,1036.923632
0.534507,2,1037.070721
0.914194,3,1037.31648
0.546731,2,1037.489902
-3.018019,5,1037.839301
0.522414,2,1037.978053
0.530775,2,1038.127831
3.91343,11,1038.819145
0.493133,2,1038.988433
1.666091,5,1039.353373
3.42071,9,1040.092509
2.072819,6,1040.524565
0.545572,2,1040.663354
2.574296,8,1041.169113
0.559448,2,1041.323767
1.720795,5,1041.634733
0.548652,2,1041.761445
3.5472,10,1042.412664
-2.985126,5,1042.706921
1.251124,4,1042.922407
2.843954,8,1043.33836
0.346389,2,1043.454672
0.87475,3,1043.629773
0.526327,2,1043.747274
2.203251,7,1044.146704
0.521037,2,1044.246482
1.685213,5,1044.492005
2.246919,6,1044.833432
0.336966,2,1045.010458
0.547495,2,1045.207988
4.29539,11,1046.386301
1.950324,6,1047.005384
2.913861,8,1047.928426
0.54536,2,1048.080124
2.266876,6,1048.39304
1.617312,5,1048.686165
0.528569,2,1048.845231
1.705408,5,1049.26071
0.566339,2,1049.391499
0.538239,2,1049.563793
0.533142,2,1049.691612
0.469148,2,1049.823845
1.135614,4,1050.128936
-2.97761,5,1050.458453
1.89321,6,1050.973077
0.920352,3,1051.183469
6.534264,17,1052.394172
1.7421,5,1052.749676
0.51872,2,1052.874781
0.464643,2,1052.999747
2.071208,6,1053.41145
3.758887,10,1054.063477
1.565296,5,1054.379143
0.508117,2,1054.51167
3.76758,10,1055.100996
1.862542,5,1055.377728
1.1804,4,1055.578585
0.581916,2,1055.697536
1.583919,5,1055.974374
1.367839,4,1056.164229
3.255448,9,1056.65976
0.524348,2,1056.776609
0.865936,3,1056.951715
3.288731,8,1057.319901
3.400971,8,1057.727911
1.238134,4,1057.936298
1.619464,5,1058.17733
1.71075,5,1058.438525
1.756174,6,1058.743736
1.768654,5,1059.003149
0.565222,2,1059.10158
5.869182,15,1060.142849
0.543317,2,1060.378674
1.54283,5,1060.700708
-2.443055,6,1061.071365
4.199672,12,1061.832658
-1.603776,8,1062.202264
4.834657,13,1063.009351
4.664831,13,1063.843979
0.558109,2,1063.965531
3.576353,9,1064.538717
1.988165,6,1064.938901
0.523362,2,1065.07035
0.518791,2,1065.197323
2.93797,8,1065.905426
1.260841,4,1066.230319
2.087645,6,1066.78725
0.576023,2,1067.012767
2.212228,6,1067.47086
0.838941,3,1067.803804
0.981056,3,1068.043059
1.456288,5,1068.558076
1.245803,4,1068.877898
0.822397,3,1069.171065
2.79419,8,1069.813365
1.987913,6,1070.33193
0.526824,2,1070.512284
0.560448,2,1070.690712
0.534337,2,1070.851629
3.130157,8,1071.458903
3.911454,10,1072.205647
2.56888,7,1072.736936
2.490301,7,1073.376096
2.450635,7,1073.899002
0.881538,3,1074.137522
0.543465,2,1074.32211
2.655009,7,1074.848676
1.386982,4,1075.136902
-1.060482,10,1075.8284
0.357766,2,1075.95337
-0.566892,12,1076.830652
0.531045,2,1076.981378
2.156554,6,1077.441721
3.109196,8,1077.979095
3.672547,10,1078.593729
0.526508,2,1078.750091
2.61798,7,1079.219193
1.7762,5,1079.598763
0.871048,3,1079.782409
2.171895,6,1080.14821
1.707664,5,1080.509924
1.536539,5,1080.862052
0.540014,2,1080.963953
4.092129,11,1081.54028
1.936272,6,1081.893669
0.550227,2,1082.072937
2.830904,7,1082.657068
5.206479,12,1083.372985
4.362074,11,1084.040053
1.987937,6,1084.384241
2.645556,7,1084.83986
2.086042,6,1085.295338
0.872738,3,1085.530622
0.553168,2,1085.648463
0.355371,2,1085.789282
0.896886,3,1086.03106
2.588439,7,1086.638153
1.590895,5,1087.005501
2.917677,8,1087.669533
2.882647,8,1088.345315
1.858838,5,1088.789312
-3.032097,5,1089.141239
3.031035,8,1089.74442
0.529158,2,1089.912051
2.274862,6,1090.355694
1.676735,5,1090.758119
2.581448,7,1091.305226
0.534249,2,1091.50359
4.040355,12,1092.629158
0.452056,2,1092.791172
0.985144,3,1093.073224
4.230214,12,1093.833356
-1.641499,8,1094.429459
0.852023,3,1094.662195
0.539834,2,1094.767894
2.050677,6,1095.143357
0.557582,2,1095.294545
1.076991,4,1095.554283
0.508646,2,1095.711318
0.934925,3,1095.937786
2.146373,6,1096.427128
2.143485,6,1096.96764
0.509792,2,1097.128513
0.50211,2,1097.385045
1.284564,5,1097.855006
3.822229,10,1098.684132
2.797997,8,1099.315593
-2.783343,6,1099.801092
0.557126,2,1099.938243
2.66821,7,1100.422513
0.89879,3,1100.637724
-2.903795,5,1100.902263
2.149232,6,1101.186839
2.483466,7,1101.554647
2.012737,6,1101.835481
4.396851,11,1102.528775
2.719459,7,1103.136526
0.543951,2,1103.260228
3.648111,10,1103.861764
1.673607,5,1104.219523
1.134813,4,1104.513645
3.557996,9,1105.296519
0.550912,2,1105.505366
2.037462,6,1106.006688
2.959938,8,1106.625742
0.557753,2,1106.765604
0.554502,2,1106.892216
0.913077,3,1107.121103
1.485482,5,1107.492667
1.175216,4,1107.732416
0.520636,2,1107.88047
0.529414,2,1108.026599
2.729632,7,1108.550661
2.195237,6,1108.951757
3.710459,9,1109.417325
5.688721,14,1110.16247
2.016971,6,1110.464178
3.705002,9,1111.013421
1.667196,5,1111.458268
2.023546,6,1111.889354
0.523706,2,1111.989633
3.032107,9,1112.519783
0.547044,2,1112.647024
0.524516,2,1112.799017
0.477407,2,1112.936648
1.324247,4,1113.19339
3.504974,9,1113.879767
2.909305,9,1114.599441
2.948877,9,1115.152672
2.118412,6,1115.553608
0.517534,2,1115.721993
0.930903,3,1115.911624
0.5746,2,1116.063096
4.609195,11,1116.884472
2.390464,7,1117.354837
0.521962,2,1117.543231
-1.833511,7,1118.081286
0.951509,3,1118.21914
0.546617,2,1118.33851
2.680051,7,1118.760218
0.843695,3,1118.917741
2.782008,7,1119.303225
1.333481,4,1119.502797
2.259775,6,1119.845549
1.565984,5,1120.264512
3.086649,8,1120.820708
0.956142,3,1120.961255
0.344894,2,1121.064028
2.289534,7,1121.513333
5.098927,13,1122.333854
2.210388,6,1122.652452
4.041553,10,1123.377228
2.983814,8,1123.969094
-1.733656,7,1124.350821
3.410463,10,1124.997538
0.525116,2,1125.121973
0.562217,2,1125.257755
-1.804231,8,1125.762397
1.489969,5,1126.021388
0.779564,3,1126.183892
1.301483,4,1126.393525
3.164297,8,1126.806736
0.564435,2,1126.924818
0.924777,3,1127.087025
0.552885,2,1127.18789
4.464889,12,1127.818385
5.225941,12,1128.864997
1.332128,4,1129.094378
3.028826,9,1129.609172
1.638055,5,1129.965771
-2.282355,7,1130.461232
-3.32496,5,1130.82088
2.491266,7,1131.274473
2.15111,6,1131.724431
-3.32182,4,1131.996543
0.53986,2,1132.160176
0.516235,2,1132.312043
2.180172,6,1132.76398
2.945792,9,1135.167965
0.534417,2,1135.298156
0.529112,2,1135.420959
0.893136,3,1135.657962
2.544967,7,1136.201549
-3.059485,5,1136.591078
0.52034,2,1136.778159
2.275715,6,1137.250792
12.873523,31,1139.321151
2.304891,7,1139.798511
0.518301,2,1139.939789
0.598115,2,1140.069154
-2.002482,7,1140.514514
1.895886,6,1140.958182
1.796735,5,1141.274252
4.270441,11,1141.998592
0.541624,2,1142.143655
3.432101,8,1142.756562
2.344558,7,1143.262029
5.278491,12,1144.107674
0.544709,2,1144.280013
0.550725,2,1144.469272
2.448046,7,1145.029529
4.215391,12,1145.830379
3.083868,8,1146.363
0.516597,2,1146.513993
2.868549,8,1147.074364
-1.975661,7,1147.558287
3.281033,9,1148.2547
2.226954,6,1148.740079
1.357368,4,1149.090955
4.550418,10,1149.923891
2.092437,6,1150.378922
0.521239,2,1150.533106
0.547452,2,1150.713931
7.41384,20,1152.031329
1.658037,5,1152.360961
5.183378,13,1153.385149
1.7269,5,1153.75136
1.902948,6,1154.208236
2.920874,8,1154.729627
3.742059,10,1155.4749
0.538193,2,1155.58125
1.238289,4,1155.898004
0.849804,3,1156.16269
1.919565,6,1156.657177
1.982488,6,1157.121626
2.669431,7,1157.684612
1.698346,5,1158.035051
-2.438405,7,1158.486598
0.333052,2,1158.60813
1.960373,6,1159.011246
3.649857,10,1159.769198
0.548996,2,1159.910344
4.263839,11,1160.666841
0.527622,2,1160.827429
3.12542,8,1161.456894
3.443684,8,1162.061796
6.487581,17,1163.196963
2.638017,7,1163.776752
-2.941695,5,1164.13916
3.982493,11,1164.888185
-1.739723,9,1165.415281
-2.884816,5,1165.758703
2.585316,7,1166.235639
5.422446,14,1167.317487
2.628725,8,1168.001778
0.545844,2,1168.206424
2.886915,8,1168.81189
3.439597,10,1169.461088
2.84206,8,1170.067604
3.730948,10,1170.779789
2.227421,6,1171.181327
2.172116,6,1171.650026
2.3831,6,1172.123937
1.535806,5,1172.455745
0.512805,2,1172.582651
3.294347,10,1173.279076
4.023506,10,1173.946403
-0.126173,12,1174.736992
1.961931,6,1175.165062
0.515852,2,1175.291087
1.54537,5,1175.696379
1.34916,5,1176.044648
1.423868,5,1176.394815
-2.800599,6,1176.758352
2.023418,6,1177.126879
0.88982,3,1177.291535
4.745444,12,1177.860499
0.83434,3,1178.099646
0.498433,2,1178.243185
4.268381,12,1179.162799
-2.752294,6,1179.516697
0.548617,14,1180.474015
-3.489928,4,1180.763562
0.521356,2,1180.90621
2.618807,7,1181.40348
0.540803,2,1181.55526
3.319689,9,1182.255888
0.523492,2,1182.458
2.009673,6,1182.899672
3.209977,8,1183.586806
0.525396,2,1183.75187
-3.104777,5,1184.030646
0.917261,3,1184.260663
0.476167,2,1184.408283
0.535651,2,1184.543031
1.454498,5,1184.884632
2.765103,7,1185.276672
3.476186,10,1186.029104
2.695339,8,1186.564423
3.95053,10,1187.339518
1.388697,4,1187.721269
2.682498,7,1188.25562
1.488979,5,1188.665113
0.934336,3,1188.882052
1.241554,17,1190.089613
4.476633,11,1190.840486
0.47388,2,1190.999976
1.518759,5,1191.386393
0.918627,3,1191.627074
3.090156,9,1192.26743
1.312576,4,1192.564378
0.511084,2,1192.707749
0.959399,3,1192.907689
0.090922,13,1193.758557
5.052799,13,1194.386054
4.755608,12,1195.013655
-3.040604,5,1195.262487
-1.01663,10,1195.760221
4.478667,13,1196.766893
4.309495,12,1197.595205
-0.153261,12,1198.399005
1.596901,5,1198.815828
1.947572,6,1199.258058
2.793671,8,1199.85677
1.605764,5,1200.28865
1.692219,5,1200.615446
-3.605864,4,1200.911407
-2.599744,6,1201.225185
0.556459,2,1201.345351
4.424244,11,1201.896077
1.900654,7,1202.272583
0.54608,2,1202.380183
3.167201,8,1202.903791
3.874518,11,1203.682219
0.512352,2,1203.869361
0.519069,2,1204.036604
0.923735,3,1204.243151
0.519807,2,1204.351012
2.730435,8,1204.876683
1.305404,4,1205.123055
3.993279,11,1205.888837
2.52929,7,1206.518752
2.665537,8,1207.024775
5.241884,14,1208.030505
1.279088,4,1208.365789
1.574905,5,1208.64182
1.850664,6,1209.091045
1.580489,5,1209.51752
-2.435859,6,1210.039308
-2.984035,6,1210.521653
0.455429,2,1210.698204
0.504275,2,1210.860044
1.900497,6,1211.319382
3.003882,9,1211.917848
0.511957,2,1212.069762
-2.885448,5,1212.441912
-2.145387,7,1212.958649
2.790425,8,1213.496038
0.553866,2,1213.627281
2.201477,6,1214.09586
0.55125,2,1214.221548
2.637623,7,1214.653073
1.273923,4,1214.929235
3.758324,10,1215.592651
-2.241467,7,1216.073148
1.27256,4,1216.306761
0.529033,2,1216.444441
1.48883,5,1216.84134
3.517783,9,1217.495659
0.555196,2,1217.652119
-3.109117,5,1218.000313
0.783981,3,1218.226769
1.425778,5,1218.584258
1.245616,4,1218.856876
0.538179,2,1218.985753
0.914976,3,1219.224228
0.543715,2,1219.358467
0.972939,3,1219.555413
-3.135592,5,1219.89876
1.627313,5,1220.234696
-1.314098,9,1220.853837
3.147008,8,1221.432012
2.062916,6,1221.836688
1.367057,4,1222.148878
-2.279517,6,1222.642511
0.556687,2,1222.817329
0.532608,2,1222.977828
0.875001,3,1223.251506
3.133966,8,1224.047418
0.571966,2,1224.313884
1.941543,6,1224.935987
-3.636347,4,1225.40537
1.353473,4,1225.682761
1.652308,5,1226.005828
4.331994,11,1226.731776
1.646366,5,1227.080332
2.062275,6,1227.483415
4.900277,12,1228.285842
2.633963,7,1228.935862
1.563481,5,1229.45368
0.541198,2,1229.601671
2.24477,6,1230.16897
2.213953,6,1230.715212
7.130556,18,1232.215296
0.52712,2,1232.342993
1.393806,5,1232.842696
2.098579,6,1233.23469
2.719773,8,1233.86221
-0.721759,10,1234.629844
0.937483,3,1234.89682
2.009264,6,1235.501443
3.600455,10,1236.248729
1.263539,4,1236.596654
4.029877,12,1237.519143
-0.807515,10,1238.209609
1.361109,4,1238.513454
3.367062,9,1239.142893
0.551015,2,1239.284128
0.515277,2,1239.421727
2.492902,7,1239.892219
-3.008509,6,1240.321365
-1.628084,8,1240.928304
1.210902,4,1241.253179
0.44554,2,1241.393322
1.602774,5,1241.795912
0.527123,2,1241.926419
0.539236,2,1242.069725
1.78094,5,1242.468124
0.532397,2,1242.577869
1.987735,6,1243.009441
0.926741,3,1243.228815
0.519297,2,1243.3618
3.433936,10,1244.093961
0.94509,3,1244.305573
0.537905,2,1244.435155
0.552428,2,1244.579063
1.812835,5,1244.91354
3.080118,9,1245.569133
0.552981,2,1245.729648
4.933796,13,1246.67179
0.482409,2,1246.859861
2.05679,6,1247.320073
2.784697,7,1247.877268
3.222083,9,1248.493492
1.883658,6,1248.920531
0.865588,3,1249.123678
0.512542,2,1249.24599
0.456003,2,1249.41449
1.278696,4,1249.683768
0.540316,2,1249.835089
3.053146,8,1250.449784
5.031614,13,1251.381154
0.448859,2,1251.530379
2.90013,8,1252.073594
3.525452,9,1252.667975
0.460855,2,1252.811494
0.543051,2,1252.972241
0.526126,2,1253.104808
5.626871,15,1254.061341
0.948961,3,1254.218823
0.530673,2,1254.319982
0.560782,2,1254.422074
3.558718,10,1254.927641
3.576514,9,1255.371352
0.558396,2,1255.491054
0.534963,2,1255.606375
2.031064,6,1255.923608
1.536484,5,1256.149509
0.553629,2,1256.266572
2.744542,8,1256.825525
1.358598,4,1257.128482
5.116371,14,1257.947687
4.769886,14,1258.99038
-3.067267,5,1259.310687
4.295047,11,1259.885989
0.935826,3,1260.043057
1.60147,5,1260.300321
0.979198,3,1260.458459
2.700407,8,1260.859923
0.475293,2,1260.976597
4.371794,12,1261.568079
0.512125,2,1261.666405
2.012166,6,1261.981858
0.531687,2,1262.097607
0.545949,2,1262.215392
0.562618,2,1262.333843
10.282017,29,1263.774372
0.949746,3,1263.913189
3.323825,9,1264.378261
1.784362,6,1264.681094
3.480713,8,1265.176503
1.320432,4,1265.589607
3.232325,9,1266.160106
2.175464,6,1266.519694
2.037882,6,1266.978648
4.006577,10,1267.691105
-3.192076,5,1268.047328
1.455173,5,1268.337071
2.269786,6,1268.709969
3.087913,8,1269.29923
2.908985,8,1269.834663
3.268987,9,1270.389246
2.934354,8,1270.801432
1.420051,5,1271.044282
3.285845,9,1271.482768
3.52289,10,1271.93532
6.334554,16,1272.785844
0.559186,2,1272.884007
0.923922,3,1273.042321
0.477681,2,1273.163099
2.050661,6,1273.455909
1.762316,5,1273.717605
1.514815,5,1273.956802
0.568643,2,1274.058002
0.519067,2,1274.178202
1.999099,6,1274.63096
0.899191,3,1274.888567
1.616184,5,1275.260614
0.500068,2,1275.444672
1.684544,5,1275.947985
0.550217,2,1276.14557
0.579736,2,1276.314676
0.918762,3,1276.585821
1.625645,5,1276.966638
0.514632,2,1277.126594
1.33248,4,1277.501819
3.453577,9,1279.847228
0.885417,3,1279.99581
5.044227,13,1280.967584
-2.860631,6,1281.444584
1.948753,6,1281.816967
0.523557,2,1281.958179
-3.416654,5,1282.319032
0.544861,2,1282.464489
3.02253,8,1283.025296
0.529726,2,1283.168072
0.881406,3,1283.39028
3.30249,9,1284.023211
3.675433,10,1284.733965
4.171287,11,1285.627666
0.532249,2,1285.784139
3.807916,11,1286.610427
5.549077,13,1287.442045
4.913741,13,1288.361803
0.849705,3,1288.571643
1.884783,6,1288.982568
1.670218,5,1289.293156
1.631576,5,1289.594147
2.979156,8,1290.234198
8.016998,19,1291.369559
0.532021,2,1291.489462
2.673395,7,1291.817759
4.743926,11,1292.369599
10.554754,27,1293.667659
0.296781,15,1294.386377
1.323131,4,1294.598484
3.052433,8,1295.160664
-2.559453,6,1295.587649
0.509618,2,1295.729896
1.086997,4,1295.985257
2.391218,7,1296.521476
2.538812,7,1297.143684
1.22954,4,1297.525839
4.089693,12,1298.366997
2.507117,7,1298.825341
2.558226,7,1299.328072
3.282441,9,1299.920313
5.542267,15,1300.965114
3.100076,9,1301.627976
0.544368,2,1301.792715
2.764942,7,1302.32051
0.551166,2,1302.494529
2.537929,7,1303.001002
2.780517,8,1303.537622
3.092845,8,1304.076556
2.541288,21,1305.48111
7.666619,20,1306.876201
4.608136,13,1307.776036
-2.940468,5,1308.116076
1.703069,5,1308.502301
5.433279,14,1309.482464
0.926645,3,1309.680886
1.215858,4,1309.982286
2.58918,7,1310.454929
4.633946,12,1311.29523
5.424406,15,1312.335932
3.769927,10,1313.046192
-1.996329,8,1313.557033
0.878817,3,1313.779118
0.508998,2,1313.934046
3.20119,9,1314.607739
2.622474,7,1315.038129
3.659586,10,1315.729481
0.485903,2,1315.969761
2.818003,8,1316.6603
2.636869,7,1317.308019
4.054785,11,1318.06258
0.349138,2,1318.225235
1.471304,5,1318.61684
0.522322,2,1318.771382
0.572201,2,1318.93623
5.314082,13,1319.725476
2.167663,6,1320.124561
4.179838,11,1320.925035
-1.996739,8,1321.475746
2.598224,7,1321.969009
7.220275,17,1323.115937
0.574263,2,1323.263505
3.471555,9,1324.166753
0.499095,2,1324.313745
3.931032,11,1325.098557
2.073571,6,1325.511932
9.219691,27,1327.570053
0.554685,2,1327.732691
2.686056,8,1328.458526
3.766745,11,1329.227607
3.565399,10,1329.998927
5.230951,26,1331.723873
0.558392,2,1331.86385
-2.581043,6,1332.26385
0.46008,2,1332.431702
2.679109,8,1332.984271
1.339741,4,1333.278941
1.233992,4,1333.564919
0.485594,2,1333.711143
0.532169,2,1333.853423
1.365651,4,1334.169547
2.57438,8,1334.736297
2.049827,6,1335.156059
0.500397,2,1335.289282
1.946313,6,1335.677538
2.934642,8,1336.273901
2.660427,7,1336.782949
5.193886,13,1337.844767
0.884715,3,1338.073207
0.930249,3,1338.334717
1.533572,5,1338.714466
0.524604,2,1338.841538
0.938077,3,1339.035086
-0.534611,11,1339.842516
1.528619,5,1340.265859
0.930572,3,1340.502533
1.073501,4,1340.837132
1.223657,4,1341.178371
-3.250927,5,1341.578007
1.883687,6,1342.054334
7.206966,20,1343.585599
0.515246,2,1343.754382
0.505887,2,1343.899806
1.66014,5,1344.222329
0.977026,3,1344.420314
0.496636,2,1344.599001
1.700001,5,1344.946263
0.980494,3,1345.14434
0.948095,3,1345.324449
4.23976,12,1346.143776
3.510595,9,1346.790655
2.972384,8,1347.331806
-3.230951,5,1347.689265
2.773414,7,1348.289729
3.095338,8,1348.936099
0.9112,3,1349.266209
4.796083,13,1350.088202
0.910151,3,1350.299392
4.640428,12,1351.155587
2.096757,6,1351.595088
2.591444,7,1352.125358
2.789787,8,1352.688647
0.901988,3,1352.963121
0.858278,3,1353.245887
2.855639,8,1353.876721
2.888167,9,1354.529476
2.42403,7,1355.018782
2.106625,6,1355.455968
1.245924,4,1355.756227
0.862554,3,1356.016384
3.898823,10,1356.802161
3.244175,9,1357.445487
5.140259,14,1358.539985
2.105305,6,1358.969781
-0.620942,11,1359.799188
4.63821,12,1360.70897
3.137395,9,1361.414769
0.496927,2,1361.546994
3.926544,11,1362.322646
0.87116,3,1362.562873
-0.616469,12,1363.282241
2.814795,7,1363.758241
2.755347,8,1364.251441
2.082133,6,1364.649374
-0.530167,10,1365.378563
4.730222,13,1366.253578
3.945067,10,1366.910253
0.538003,2,1367.063528
0.887427,3,1367.276235
0.534353,2,1367.433002
2.086947,6,1367.94154
1.553679,5,1368.322019
2.335427,7,1368.922597
1.821135,5,1369.265053
4.79534,13,1370.16626
5.064574,13,1371.215763
0.534891,2,1371.395344
3.088668,8,1372.013398
4.130069,11,1372.872216
4.111302,10,1373.582209
-0.05891,12,1374.378662
0.560334,2,1374.538512
0.45086,2,1374.696706
1.270579,16,1375.667084
2.070417,6,1376.070456
0.526689,2,1376.231977
0.576105,2,1376.360091
3.157662,8,1376.908971
0.568599,2,1377.031937
0.513298,2,1377.197162
1.594908,5,1377.458414
2.702236,7,1377.816065
1.430443,5,1378.118777
3.271383,8,1378.596629
4.499077,12,1379.312325
0.525033,2,1379.448904
0.534683,2,1379.564202
5.044076,13,1380.714432
2.11165,6,1381.17972
0.463575,2,1381.375984
2.54388,7,1381.989304
1.982079,6,1382.438162
0.955526,3,1382.725825
2.173827,6,1383.194357
6.588097,18,1384.556125
-0.888182,9,1385.131552
0.458993,2,1385.320644
3.078323,8,1385.83836
1.779216,5,1386.163799
0.92127,3,1386.375283
1.857974,6,1386.856451
1.901844,6,1387.373236
2.902104,8,1388.000187
4.369998,11,1388.742545
0.566136,2,1388.904246
1.547167,5,1389.26702
4.492861,13,1390.104939
1.300448,5,1390.438506
-0.432137,12,1391.352559
0.876781,3,1391.587958
3.560035,10,1392.164738
-2.593888,6,1392.518137
1.491798,17,1393.511659
3.107726,8,1394.059205
2.437198,7,1394.470713
4.325985,12,1395.127848
1.6236,5,1395.45726
4.529964,11,1396.020611
4.844662,13,1396.636908
1.919448,6,1396.979225
3.204039,8,1397.378491
4.285489,12,1397.947595
2.645333,7,1398.284741
0.557686,2,1398.384789
2.140783,6,1398.845623
3.47452,10,1399.557892
1.503148,5,1399.875037
0.519637,2,1399.972811
6.233288,16,1400.777436
2.629576,7,1401.293732
1.050434,4,1401.664473
1.720085,5,1402.041134
0.933328,3,1402.307801
3.433444,8,1402.98876
0.451289,2,1403.151776
6.259277,16,1404.236012
1.971731,6,1404.661238
-2.248458,8,1405.25459
0.536896,2,1405.462514
0.854821,3,1405.729097
0.546652,2,1405.888064
2.186138,6,1406.390992
-1.444972,10,1407.029912
3.572018,10,1407.627462
3.942678,11,1408.388366
1.370191,4,1408.63213
1.516207,5,1408.972848
0.560567,2,1409.108313
1.633389,5,1409.505062
3.254008,8,1410.118742
3.681689,10,1410.833871
3.980809,10,1411.509249
1.554607,5,1411.887052
1.770239,5,1412.278812
2.935033,8,1413.021255
0.931351,3,1413.290145
3.113481,8,1413.804617
4.718541,12,1414.642872
0.537466,2,1414.81882
4.676577,13,1415.691904
7.570452,22,1417.266397
1.20396,4,1417.602591
-3.545863,4,1417.913683
0.5113,2,1418.141988
2.450276,7,1418.708736
-1.311928,9,1419.322001
0.952682,3,1419.544069
2.188096,6,1419.902072
2.00317,6,1420.313188
4.524817,12,1421.114852
2.047739,6,1421.545309
-0.291628,12,1422.348314
-2.237768,7,1422.848479
0.491785,2,1423.024916
3.62142,9,1425.19205
2.42177,7,1425.676578
6.421113,17,1426.821287
0.581083,2,1426.962801
1.39955,4,1427.211834
-1.296012,10,1427.885596
2.143193,6,1428.298081
1.719822,5,1428.638658
0.862915,3,1428.881253
1.903701,5,1429.252913
1.499052,5,1429.612125
2.724671,7,1430.133958
7.279075,22,1431.599992
0.215866,12,1432.415784
0.889152,3,1432.627751
6.066817,15,1433.558734
2.241266,6,1434.023156
-0.930045,9,1434.606009
7.109585,18,1435.769846
0.476451,2,1435.910941
0.891072,3,1436.109007
1.668488,5,1436.461576
0.9364,3,1436.638178
5.386757,14,1437.496248
6.762142,17,1438.474286
-1.990574,7,1438.896379
4.93894,14,1439.587696
3.813277,10,1440.085604
0.569549,2,1440.185914
2.223115,6,1440.475531
3.561476,10,1440.956787
2.847437,8,1441.386297
11.352213,29,1443.441003
2.750145,7,1444.015955
1.324687,4,1444.318596
0.546265,2,1444.418168
1.312675,4,1444.621419
3.781792,10,1445.285371
2.050333,6,1445.731172
2.189281,6,1446.14586
4.37606,12,1446.937164
3.201734,9,1447.526096
4.786139,13,1448.40021
7.558406,22,1449.883182
0.896387,13,1450.818805
0.524676,2,1450.959802
3.303159,19,1452.390459
2.180575,19,1453.642002
-2.962318,5,1454.117834
3.707924,10,1454.833618
0.551122,2,1454.993076
0.553276,2,1455.117619
1.673598,5,1455.470035
1.352412,4,1455.742959
0.541016,2,1455.887526
3.711666,10,1456.513166
6.389262,17,1457.694607
4.294886,11,1458.550447
2.095836,6,1459.022034
2.153445,6,1459.505134
-3.130127,5,1459.882022
3.01848,8,1460.481883
0.894325,3,1460.720453
4.180205,11,1461.589245
3.465526,10,1462.290041
0.515441,2,1462.425502
0.87278,15,1463.382111
-1.545082,9,1463.923139
3.910511,10,1464.502802
5.086004,14,1465.481578
4.297556,12,1466.213942
7.868329,21,1467.474245
3.13319,9,1468.019255
1.343955,5,1468.386136
0.882347,3,1468.602724
2.172019,6,1469.038294
1.691225,5,1469.409971
1.31998,4,1469.792842
3.82191,9,1470.290682
4.756287,13,1471.106572
0.783912,15,1471.9849
7.05965,19,1473.163358
1.516143,5,1473.513764
3.442085,10,1474.101674
2.55337,7,1474.536492
1.696309,5,1474.870381
0.549156,2,1474.987665
5.144751,14,1475.808035
7.509227,19,1476.885806
0.530821,2,1476.985729
3.761481,10,1477.469687
1.694031,5,1477.710956
2.549486,7,1478.032681
1.305004,4,1478.232258
0.543712,2,1478.331975
0.510459,2,1478.431694
1.940455,6,1478.733783
0.55866,2,1478.83261
2.211815,6,1479.100683
-1.055281,9,1479.585458
3.802634,10,1480.080847
-0.402679,12,1480.654702
2.514746,7,1480.985679
4.882826,12,1481.77003
-2.267754,7,1482.303214
2.476539,7,1482.838414
0.02154,13,1483.653752
0.91531,3,1483.874494
3.512545,9,1484.440979
4.002641,10,1484.893086
1.385975,16,1485.640423
7.79614,22,1487.013753
0.56446,2,1487.13743
2.696104,8,1487.712101
4.558757,13,1488.716825
2.849364,8,1489.254017
9.816336,36,1491.914413
4.220631,11,1492.60769
5.058881,14,1493.602011
7.51585,19,1494.762647
2.23018,6,1495.151753
4.917438,14,1496.254425
0.537686,2,1496.407937
2.119682,6,1496.774298
3.350135,10,1497.397043
1.775161,5,1497.763789
5.560161,15,1498.756382
3.894091,11,1499.548102
1.231667,4,1499.78988
0.942024,3,1499.984019
5.896149,17,1501.303133
2.14373,6,1501.638091
2.16686,7,1502.188759
5.164235,15,1503.344781
2.503953,7,1503.837579
2.740235,8,1504.372428
2.045885,6,1504.799047
0.923147,3,1504.990251
2.068615,6,1505.421491
-2.637629,7,1505.934507
0.495527,2,1506.08406
6.259297,16,1507.165586
2.342194,7,1507.617069
7.786149,23,1509.36359
3.37211,9,1509.984164
3.80151,11,1510.722243
0.465211,2,1510.891731
3.481622,9,1511.652045
2.654376,7,1512.205728
7.106432,18,1513.506011
7.195377,20,1514.958826
8.7385,21,1516.609556
0.946806,3,1516.768571
1.295044,4,1517.04185
0.537219,2,1517.185024
1.273534,4,1517.481471
2.015051,6,1517.93308
2.432359,7,1518.423787
2.22153,18,1519.771738
0.565082,2,1519.945348
0.546134,2,1520.109084
0.554158,2,1520.272579
0.517027,2,1520.402385
3.226528,9,1521.129299
4.873787,12,1522.082422
3.919726,11,1522.977463
0.536739,2,1523.178751
1.811046,5,1523.534658
2.506688,7,1524.140333
0.958981,3,1524.430342
-0.498645,11,1525.269215
2.048405,6,1525.689204
2.018247,6,1526.233539
-0.498483,11,1527.090072
5.61481,13,1527.986699
0.532978,2,1528.11095
0.523822,2,1528.247735
0.334278,2,1528.391706
-1.755878,8,1528.974425
4.284139,12,1529.765233
4.128365,11,1530.555581
0.831644,3,1530.764502
2.555522,7,1531.276433
4.359263,11,1532.035066
2.560074,7,1532.47152
0.918283,3,1532.666569
3.531378,10,1533.317537
2.291417,6,1533.721769
0.570044,2,1533.887882
1.319942,4,1534.14472
1.987124,6,1534.508444
0.902043,3,1534.74878
2.064183,6,1535.150251
3.252588,9,1535.789597
4.210371,12,1536.647323
0.55246,2,1536.814386
4.806805,14,1538.066615
4.485649,12,1539.067615
10.10624,28,1541.059654
3.799833,10,1541.706698
3.623699,9,1542.472534
1.596579,5,1542.885976
-0.824489,11,1543.74327
5.534394,15,1544.805822
2.923091,8,1545.289074
2.197062,6,1545.747946
3.106672,8,1546.277092
1.750888,5,1546.627466
1.317199,4,1546.907076
1.258611,4,1547.181017
-1.051619,9,1547.882524
2.247765,7,1548.477898
6.076757,17,1549.77624
2.074846,6,1550.231357
1.540021,5,1550.562771
1.630381,5,1550.895115
2.928225,8,1551.413556
2.741242,8,1551.971367
2.180116,6,1552.418052
1.329293,4,1552.670179
4.083548,10,1553.410655
0.904091,3,1553.634967
0.551519,2,1553.848354
0.560388,2,1553.980923
2.909986,9,1554.666144
4.255442,12,1555.600727
3.269909,9,1556.237107
-2.461822,6,1556.636736
6.043459,16,1557.658362
0.5302,2,1557.788049
8.394557,21,1559.079809
4.587328,12,1559.860809
16.001269,44,1561.939199
4.25844,12,1562.535029
2.558118,7,1562.880003
6.923242,44,1566.821876
1.522847,5,1567.050272
3.280952,9,1567.709087
3.961581,12,1568.419335
2.818431,22,1569.734197
5.698709,17,1570.615248
5.242323,15,1571.816571
0.499977,2,1571.989077
3.190453,8,1572.743168
0.56474,2,1572.886641
1.998209,6,1573.361059
2.577671,7,1573.868165
2.350292,7,1574.416804
3.192894,9,1575.160856
4.240248,12,1576.25135
3.441109,25,1578.219015
0.589467,13,1579.175283
5.064802,13,1580.101195
3.107892,9,1580.737502
0.57911,2,1580.904975
9.383932,25,1582.749468
8.165566,22,1584.200799
-0.47772,12,1585.122622
4.637601,12,1586.050262
5.480096,15,1586.964512
2.093144,19,1588.061556
-2.749002,6,1588.534706
0.518048,2,1588.720538
-0.402704,12,1589.314132
1.982531,6,1589.597615
6.254686,17,1590.895042
2.891185,8,1591.457472
-0.496135,11,1592.286101
3.615953,10,1592.887703
3.726038,11,1593.541905
8.916381,24,1594.977872
0.857182,3,1595.142846
1.809756,5,1595.392259
-2.868066,5,1595.720405
2.186002,6,1596.0514
0.938724,3,1596.205902
4.632946,13,1596.853979
1.657772,5,1597.092472
0.502158,2,1597.192915
5.153444,13,1597.764287
2.717014,7,1598.097197
0.987307,3,1598.261965
-0.493174,10,1598.760347
-2.190768,7,1599.072834
0.895197,3,1599.350906
0.546397,2,1599.530618
0.541399,2,1599.760211
2.846739,8,1600.303175
-2.105488,7,1600.730263
-1.829851,8,1601.284676
0.058683,12,1602.325253
2.24049,7,1602.841389
4.272579,12,1603.702332
-1.193729,9,1604.370376
-1.573185,9,1604.961029
2.060863,6,1605.330849
2.029658,17,1606.487201
3.42948,9,1607.030925
4.759295,13,1607.845018
2.147506,6,1608.258453
0.532758,2,1608.421277
4.719906,12,1608.975994
4.502822,11,1609.51597
1.485656,5,1609.774103
0.61089,15,1610.487223
0.566626,2,1610.587032
5.39862,15,1611.495241
4.120406,11,1612.291717
5.888,16,1613.4918
2.492075,21,1614.961489
5.144632,13,1615.776477
6.775027,17,1617.063216
1.644956,5,1617.494773
5.548512,16,1618.554172
1.533373,5,1618.92206
8.653045,23,1620.518108
1.455466,5,1620.900248
5.948809,16,1621.971909
2.919264,8,1622.502054
4.468398,12,1623.312842
0.908977,3,1623.545296
2.487023,7,1624.043151
0.535577,2,1624.185282
-3.221316,5,1624.519382
0.547245,2,1624.663309
0.552279,2,1624.788419
1.338838,4,1625.089971
7.591297,20,1626.504539
1.722338,16,1627.636051
5.088177,13,1628.677821
0.526543,2,1628.884029
0.755074,14,1629.792147
3.624982,10,1630.440973
7.91995,21,1631.752089
2.042656,6,1632.075084
14.433193,39,1634.482561
2.175644,6,1634.852796
5.055925,14,1635.611455
4.114889,11,1636.273079
2.760559,8,1636.80458
3.863,10,1637.461082
2.035769,6,1637.879888
2.629292,7,1638.363707
5.376892,15,1639.409264
-0.29309,12,1640.37205
1.300084,4,1640.722981
8.702229,23,1642.025072
1.285825,4,1642.294168
4.790363,12,1643.020044
4.308909,12,1643.861001
3.344518,9,1644.326537
2.593054,20,1645.269654
3.996351,11,1645.81481
0.866289,3,1645.953826
-0.924295,10,1646.414577
2.348787,6,1646.719095
0.554088,2,1646.820432
1.600849,5,1647.068964
0.977309,3,1647.212028
9.516859,36,1649.145504
2.453603,7,1649.527125
0.923224,3,1649.688439
2.190103,6,1650.036917
0.58145,2,1650.182237
1.609395,18,1651.211609
2.825707,8,1651.575999
3.55694,10,1652.029955
2.221228,6,1652.317804
1.835063,6,1652.800864
0.568296,2,1652.976192
1.84058,20,1654.293901
0.494791,2,1654.468953
6.508432,18,1655.636497
2.151098,6,1656.053375
1.346925,4,1656.289994
1.944899,6,1656.588527
1.731194,5,1656.853219
5.40241,16,1657.59755
-1.654144,9,1658.026504
-1.80267,8,1658.609514
2.219545,7,1659.055679
1.694385,5,1659.316141
0.905778,3,1659.482178
0.524007,2,1659.615636
0.553026,2,1659.750202
2.16752,6,1660.103728
0.527396,2,1660.202284
2.393135,7,1660.753386
2.153863,6,1661.287388
5.204352,12,1662.254322
5.176835,15,1663.109057
7.264557,18,1664.258514
5.249861,24,1665.869673
2.806426,8,1666.451813
-2.02964,7,1666.972673
0.526669,2,1667.143134
2.675506,7,1667.689595
3.955087,11,1668.40309
1.376982,4,1668.697046
5.792888,15,1669.737219
6.201964,15,1670.70032
3.188156,9,1671.26146
2.341611,6,1671.71334
10.728803,33,1673.634453
0.528505,2,1673.777568
3.928461,10,1674.411246
6.896669,18,1675.563165
4.270283,11,1676.234178
9.115728,24,1677.675956
0.52388,2,1677.793447
2.098892,6,1678.123491
5.284273,14,1679.0
6.655201,17,1680.167461
7.103631,20,1681.503999
3.458515,10,1682.160733
3.572878,9,1682.730227
4.786239,13,1683.627395
1.964072,6,1683.92893
2.541458,7,1684.277117
3.828746,11,1684.779844
3.045134,8,1685.182051
4.977888,13,1685.81498
4.828365,12,1686.719926
-0.522587,11,1687.658547
3.285289,9,1688.395314
2.123881,6,1688.794911
-1.999349,7,1689.215774
5.182478,14,1690.120709
3.233283,9,1690.639839
2.009457,18,1691.742873
-0.382961,12,1692.620882
-1.504301,9,1693.327569
6.010648,16,1694.275311
2.070388,6,1694.63827
4.789011,12,1695.432669
9.035065,24,1698.337202
0.529154,2,1698.436
7.233931,19,1699.382718
0.539807,2,1699.482254
3.431733,9,1699.985634
2.557774,7,1700.490844
10.982774,31,1702.485476
0.500787,2,1702.648233
11.131272,28,1704.389239
3.359019,9,1704.948097
0.547916,2,1705.100467
9.291469,24,1706.791784
2.363466,20,1707.839926
10.90595,30,1709.588546
0.504541,2,1709.706801
-2.374511,7,1710.047711
5.372985,12,1710.857701
4.684484,12,1711.780177
11.504746,29,1713.6902
0.526216,2,1713.848893
2.465166,7,1714.324847
6.837581,17,1715.341726
3.244707,9,1715.822
15.498293,41,1718.466543
3.335439,9,1719.271222
7.745246,18,1720.444927
2.763381,7,1720.911494
3.701039,10,1721.579436
1.739418,5,1721.908426
8.066232,22,1723.478408
3.343401,9,1724.0314
1.932737,6,1724.405806
6.594755,18,1725.575561
0.519546,2,1725.707735
2.160187,7,1726.290067
7.481929,20,1727.793294
-0.409531,11,1728.56773
1.215188,4,1728.815797
-2.300282,7,1729.241422
3.867963,11,1729.949791
4.756872,14,1730.98202
1.764178,5,1731.313253
6.505741,17,1732.465412
-1.679368,7,1732.900131
0.554395,2,1733.027621
5.504232,15,1734.019313
3.284521,9,1734.591068
2.967752,8,1735.110273
2.629685,7,1735.502949
11.361606,29,1737.244492
0.974353,3,1737.446533
2.406741,7,1737.864377
9.630789,25,1739.410673
4.099984,10,1740.031662
0.473733,2,1740.203084
10.686445,28,1742.11639
6.112048,18,1743.279163
5.774074,15,1744.190651
17.180412,49,1747.286491
-2.911312,5,1747.567407
3.643952,23,1749.343843
17.468154,46,1752.136075
5.113622,13,1752.973066
7.092322,18,1753.935633
1.525467,5,1754.224174
3.143405,20,1755.452291
0.155403,12,1756.081612
3.868042,11,1756.807654
4.510417,12,1757.646171
0.902108,3,1757.893558
1.472898,5,1758.230962
10.779913,27,1759.787808
5.634835,15,1760.719265
2.871213,8,1761.231376
1.703084,5,1761.610402
0.932053,3,1761.861772
2.20539,6,1762.334897
1.970748,6,1762.761895
0.496613,2,1762.966891
4.699254,13,1763.922341
1.603692,5,1764.305496
6.591291,17,1765.569819
2.484704,7,1766.047688
6.721969,16,1767.141739
3.423817,9,1767.681253
5.586194,15,1768.711529
0.509485,14,1769.576735
3.919788,11,1770.360153
1.246951,4,1770.685675
3.24093,8,1771.266197
4.652601,12,1772.085513
4.561016,13,1772.966589
1.798768,5,1773.310031
0.520353,2,1773.454484
5.081803,13,1774.092083
3.017238,8,1774.616435
0.458012,2,1774.771519
2.022868,6,1775.169771
0.53715,2,1775.329229
2.768562,21,1776.608818
3.170805,8,1777.194611
5.908937,17,1778.205863
6.58294,18,1779.318683
1.999977,6,1779.706388
2.723982,7,1780.174137
2.154421,6,1780.546258
7.914929,22,1781.885016
-2.279,7,1782.330472
4.103749,23,1783.534481
7.065241,19,1784.693759
2.048127,6,1785.113444
6.036775,17,1786.177032
-2.672556,6,1786.596066
0.515302,2,1786.754916
6.470369,16,1787.951343
4.701242,12,1788.675093
-2.179939,7,1789.102009
3.447894,21,1790.400435
3.320537,20,1791.625678
3.793286,11,1792.361627
-2.457354,7,1792.737493
3.674938,10,1793.365369
3.741594,9,1793.919774
11.489644,36,1796.08394
5.434123,14,1796.919624
3.546339,10,1797.575002
8.424056,23,1798.848141
13.002734,31,1800.858194
10.512515,29,1802.786513
1.692447,5,1803.135943
4.116368,12,1803.877103
0.527809,2,1803.980707
4.756932,12,1804.566723
3.533767,10,1805.026467
15.025235,41,1806.926883
2.782935,8,1807.608074
3.423375,9,1808.068343
3.43717,9,1808.479675
1.590514,5,1808.720845
7.392976,19,1810.076397
4.610511,13,1811.099824
3.980268,22,1812.592176
8.484253,22,1813.792427
1.78185,5,1814.108972
0.540744,2,1814.247875
3.113494,8,1814.789496
2.858111,8,1815.374522
4.009683,11,1816.38081
3.970963,10,1817.241304
2.145685,7,1817.71749
8.191303,22,1818.93692
2.253608,6,1819.413678
5.421164,25,1821.11359
3.877153,11,1821.864605
1.713161,5,1822.224477
2.57375,19,1823.375091
0.569399,2,1823.496711
-2.27318,7,1823.907796
6.036159,16,1824.888123
4.468,12,1825.627916
3.278133,9,1826.119342
1.268205,4,1826.353608
0.876232,3,1826.533996
4.049901,25,1827.941372
22.453336,79,1832.930707
4.074138,11,1833.487368
8.106896,22,1834.798776
-1.566961,9,1835.278743
6.129759,15,1836.2143
2.371999,7,1836.730693
-2.645905,6,1837.216914
0.970857,16,1838.270853
6.484167,18,1839.459639
6.801616,18,1840.728662
5.270924,15,1841.611809
0.516932,2,1841.750808
1.680161,19,1843.05088
4.073375,12,1843.805743
8.546221,25,1844.947081
-0.521418,11,1845.441794
7.840841,20,1846.351027
1.631333,5,1846.592298
0.573918,2,1846.6913
10.301474,26,1847.889293
10.375039,26,1849.07112
0.552668,2,1849.203699
2.677032,8,1849.726486
2.647724,7,1850.29656
9.519747,26,1852.45815
1.836741,17,1853.429063
2.363456,17,1854.661104
1.79987,5,1855.103945
1.344791,4,1855.462396
8.728018,24,1857.238821
1.290812,4,1857.549026
3.299529,8,1858.06539
2.913302,8,1858.659117
4.20323,11,1859.401307
10.390308,26,1861.014453
0.942165,3,1861.234546
3.113526,9,1861.773704
2.142486,6,1862.086196
19.494385,49,1865.20695
9.11946,25,1866.821077
-2.857655,6,1867.22455
6.14053,17,1868.276958
0.569257,2,1868.400908
4.897793,13,1869.16915
3.79463,10,1869.728778
2.587711,21,1870.858565
6.694295,17,1871.859089
2.589066,7,1872.180212
1.992017,6,1872.443264
19.583475,56,1874.971665
6.370204,28,1876.245825
3.275064,8,1876.614035
0.524091,2,1876.731002
4.048808,11,1877.237861
1.754098,17,1878.005997
13.565293,36,1880.127788
4.910483,14,1880.949231
6.682233,18,1882.036259
-0.752523,10,1882.601341
7.01601,18,1883.763965
0.111767,14,1884.48414
7.597237,22,1885.907138
6.412609,17,1886.924734
-2.378368,7,1887.271097
1.269372,4,1887.467797
-1.039007,9,1887.886931
0.342185,11,1888.374967
-1.475448,8,1888.759337
3.370817,9,1889.144034
2.252721,7,1889.471935
1.313708,4,1889.655264
2.056175,6,1889.939641
1.820209,16,1890.691661
10.511746,29,1892.780735
2.85854,8,1893.310276
3.961917,10,1893.978895
2.995191,8,1894.548291
11.327676,43,1897.238455
5.223128,14,1898.185545
2.169942,6,1898.564963
0.528937,2,1898.696725
4.767622,13,1899.644943
7.92721,21,1900.935851
14.528883,41,1903.478145
5.785797,15,1904.490872
2.018035,6,1904.879324
3.392764,10,1905.517411
11.436591,28,1907.265793
7.038775,20,1908.159079
4.546158,12,1908.687195
17.420848,47,1911.307473
19.710444,45,1913.416717
8.375374,23,1914.937151
0.527588,2,1915.036445
0.555288,2,1915.155889
2.952573,8,1915.608829
13.431958,37,1917.863191
5.360533,14,1918.653273
5.953607,15,1919.31777
2.938898,8,1919.702879
0.448753,2,1919.801952
4.673854,13,1920.437251
1.286467,4,1920.743695
-0.95272,10,1921.388749
9.768326,27,1923.105415
4.755137,13,1923.864452
9.887973,24,1925.145016
12.104065,30,1927.08292
1.405337,4,1927.44434
-2.646038,6,1927.862351
3.425827,9,1928.393703
0.51484,2,1928.538698
0.521102,2,1928.641511
1.39532,5,1928.926166
0.543714,2,1929.093536
2.847413,8,1929.601599
3.286175,8,1930.220447
5.997152,17,1931.125803
1.65967,5,1931.402578
4.822477,11,1932.078152
-1.009482,11,1932.752739
8.199696,21,1934.062584
4.567975,12,1934.855732
-2.065419,8,1935.277066
5.808763,15,1936.231538
3.211527,9,1936.731006
2.843183,8,1937.265672
15.261859,44,1940.23005
3.267819,9,1940.737399
2.857315,8,1941.230099
0.919733,3,1941.507856
8.270552,22,1943.163528
-0.992216,9,1943.778568
1.688681,18,1944.850257
3.68769,10,1945.424391
14.628784,37,1947.606908
3.230071,9,1948.18098
20.531003,56,1953.581545
8.278622,21,1954.829934
19.817277,53,1957.973052
6.648776,20,1959.020545
5.642648,25,1960.615396
11.954509,32,1962.359429
13.051967,34,1964.584911
4.195059,12,1965.303107
0.978952,3,1965.477534
2.860319,8,1965.969338
0.856798,3,1966.216645
2.915891,8,1966.707065
3.423534,9,1967.466356
3.816351,10,1968.18805
2.248356,6,1968.665781
8.593906,24,1970.175077
1.829994,6,1970.563459
7.09923,20,1971.849942
11.070601,30,1974.038432
20.394606,60,1978.191267
0.497345,2,1978.319539
0.5434,2,1978.465249
3.541428,10,1979.146118
14.736628,40,1981.727473
-1.680918,8,1982.310287
8.302358,21,1983.690381
11.260308,31,1985.644695
4.833116,12,1986.383036
4.085409,11,1987.059803
6.421805,18,1988.168337
6.548669,18,1989.358494
0.840647,3,1989.547698
8.61277,24,1991.174459
9.554167,32,1993.309958
0.556052,2,1993.46225
0.90562,3,1993.674092
2.489673,7,1994.168113
9.53884,26,1995.886822
26.267904,101,2002.236331
2.668249,7,2002.66275
2.901575,8,2003.173593
4.802089,13,2004.035811
7.92606,21,2005.503328
9.107344,29,2007.37135
5.314803,15,2008.273154
2.330443,7,2008.728371
2.490816,7,2009.146784
1.401294,18,2010.196786
3.385619,9,2010.800605
-1.723933,8,2011.284147
4.418336,12,2012.014723
5.526434,15,2012.871116
1.468822,5,2013.269499
2.102286,6,2013.718982
4.374492,12,2014.606358
1.624854,5,2014.929291
8.562822,24,2016.424226
2.382718,7,2016.844694
5.255327,29,2018.662015
7.311957,18,2019.709997
15.396759,53,2023.096403
6.771061,17,2023.953177
2.804322,20,2025.034157
1.451264,16,2026.09618
3.17888,9,2026.651372
2.69465,7,2027.04975
11.683894,40,2029.674474
0.57242,2,2029.774972
-3.059565,5,2030.075818
0.549262,2,2030.228497
10.978237,29,2031.976272
11.03545,27,2033.310874
2.390591,19,2034.147213
12.716001,31,2036.021022
5.394547,15,2036.925166
12.247048,33,2038.953543
8.041339,23,2040.084255
7.006912,20,2040.993726
4.237519,11,2041.523147
7.207306,22,2042.523298
5.395644,14,2043.240125
5.697275,26,2045.201663
7.669109,21,2046.675611
9.774546,27,2048.251591
0.549201,2,2048.36714
0.783949,15,2049.292055
-3.058473,5,2049.617184
3.596281,10,2050.224615
4.482243,13,2050.985973
5.29372,14,2051.861715
5.886535,17,2052.828999
5.408815,14,2053.652749
11.618414,30,2055.462587
0.500317,2,2055.564744
10.826963,26,2057.312099
1.487952,16,2058.384291
14.064259,35,2060.259011
3.060995,8,2060.709163
19.038457,54,2063.774645
11.642976,33,2065.300742
1.277426,4,2065.499586
5.428108,14,2066.12716
4.068233,11,2066.615833
9.167327,23,2067.635949
13.983119,38,2069.362647
6.618848,21,2070.26764
14.776635,49,2072.651975
2.569825,7,2073.168633
12.881333,33,2074.807982
2.25529,7,2075.167368
7.487891,18,2077.391168
15.930375,41,2079.668904
0.618853,14,2080.400973
15.876953,98,2086.624029
4.015086,11,2087.3135
-1.035462,9,2087.845606
22.589411,59,2091.395646
4.710693,12,2092.136849
2.479074,7,2092.696208
4.848866,14,2093.580349
5.427861,28,2095.350287
10.431231,28,2097.270943
6.570763,18,2098.255518
2.026083,6,2098.674301
10.953369,32,2100.439738
2.010789,6,2100.843848
3.19813,9,2101.36902
2.960979,8,2101.876811
6.854388,18,2102.995134
0.203909,13,2103.557041
0.164391,13,2104.142512
6.258261,17,2104.888253
7.815216,20,2105.851631
2.925081,8,2106.421354
19.150739,53,2109.956653
1.721622,5,2110.275186
6.290716,27,2111.890905
5.227416,26,2113.183078
8.348591,24,2114.296463
3.339567,22,2115.441597
9.237932,24,2116.732264
1.574217,17,2117.783813
0.15755,13,2118.32509
0.567212,2,2118.421044
4.444527,12,2118.944916
4.919379,12,2119.450371
4.721842,13,2120.01803
0.496725,14,2120.609016
1.288746,17,2121.355331
-0.557302,12,2121.874299
5.577884,28,2123.466882
7.298826,19,2124.513652
-2.291211,7,2124.913587
4.052095,25,2126.471334
1.732239,5,2126.792901
-1.782912,8,2127.284425
6.970274,18,2128.501916
16.250707,83,2132.91799
3.133079,9,2133.591556
9.91847,39,2135.885314
2.856648,8,2136.343822
-1.935757,8,2136.76555
4.226932,40,2139.321054
-1.49007,9,2139.878819
19.554107,52,2142.969129
4.171804,10,2143.520756
5.311537,14,2144.39562
10.395568,28,2145.949281
9.925221,31,2147.824889
-0.11123,13,2148.63902
6.785595,46,2151.133591
15.732671,40,2152.878376
7.179022,20,2153.75374
9.56013,39,2155.544785
9.272453,27,2157.574044
9.149294,23,2158.857934
6.985558,30,2160.839637
24.545951,101,2166.581616
15.086104,37,2168.856599
3.08927,8,2169.343285
6.057173,16,2170.279317
0.930602,3,2170.46609
0.525263,2,2170.605252
-1.440229,9,2171.124211
-1.19146,9,2171.554598
18.233833,69,2175.644858
3.273087,9,2176.195105
23.28385,64,2180.196588
11.758239,27,2182.000859
-2.261921,7,2182.508751
25.945427,61,2186.556808
-0.767277,10,2187.191913
12.015584,29,2188.75164
3.458564,22,2190.093779
1.987965,18,2191.079436
12.307198,34,2192.939416
0.641273,14,2193.713388
6.197304,18,2194.787678
2.500478,7,2195.162109
5.128946,14,2197.438933
11.046977,27,2199.270549
7.531168,35,2201.49322
8.094623,21,2202.717084
1.306168,4,2202.932689
8.485328,24,2204.422768
29.714982,84,2210.055752
15.687283,41,2212.599847
6.382155,16,2213.733374
3.040087,19,2214.867406
-0.52038,11,2215.504973
11.974831,33,2217.597678
1.033974,15,2218.602182
-0.064234,12,2219.286554
-2.095982,8,2219.793792
8.734158,22,2221.07935
11.154546,31,2222.801126
11.897814,41,2224.603034
17.516616,45,2226.550269
4.463668,22,2227.978712
4.919923,26,2229.428474
8.150292,20,2230.517828
8.40641,24,2232.102785
6.374939,17,2233.263268
2.994951,20,2234.4138
16.525974,46,2236.967807
44.301032,128,2244.412473
5.569555,28,2246.179731
10.635314,39,2248.397855
21.657893,58,2251.560352
6.648001,18,2252.752744
6.925192,19,2254.280843
5.793659,15,2255.300755
0.582066,2,2255.435184
30.801606,87,2259.745199
12.844796,34,2261.740451
24.14165,74,2266.418109
9.699736,29,2267.957652
7.469409,19,2269.050361
-0.864336,10,2269.602554
6.200423,28,2271.024893
25.527688,69,2274.141582
25.481297,69,2278.506858
2.350691,19,2279.549461
-1.849276,8,2280.049838
8.354419,21,2281.35671
11.279119,39,2283.869305
10.687326,29,2285.527123
5.613562,15,2286.742989
14.418435,56,2289.839189
16.340971,49,2292.063304
3.276056,21,2292.990512
8.572303,22,2294.313148
8.75841,36,2296.174803
14.72245,42,2298.578753
4.47484,12,2299.434384
8.249151,23,2300.866765
7.464578,33,2303.153293
2.884836,34,2305.376006
8.395728,20,2306.637714
14.339968,40,2308.963531
8.370213,36,2311.068382
20.432909,51,2313.878036
0.400131,13,2314.426175
3.708559,20,2315.368272
5.009794,13,2315.932768
4.0958,24,2318.731427
3.495331,10,2319.383481
-1.435559,10,2320.057581
11.476566,28,2321.555285
2.343226,7,2321.954671
7.465753,34,2323.440356
13.466577,36,2324.943829
15.048973,42,2327.389532
17.737116,47,2330.430828
22.129587,55,2333.605736
7.624345,33,2335.657534
11.738046,30,2337.371134
2.822079,21,2338.599029
31.45077,109,2343.505851
20.18482,55,2345.866236
3.157715,9,2346.493701
12.226934,34,2348.726494
2.665215,20,2349.934904
7.287206,20,2351.043748
4.862181,12,2351.819861
3.328572,20,2353.072334
0.510345,2,2353.211234
20.938031,67,2357.123597
5.688921,15,2357.949101
4.197498,11,2358.601664
25.679933,61,2362.333564
7.153591,30,2364.251961
11.810866,29,2366.052153
9.97904,36,2368.413053
19.815136,54,2371.821339
4.811554,25,2373.204298
3.112361,21,2374.526439
9.263592,25,2376.197613
-0.433664,12,2376.80381
13.443008,37,2378.781143
29.254678,86,2383.681319
3.743687,23,2384.830346
4.02667,11,2385.312801
17.163663,43,2387.398299
5.484314,33,2389.794555
8.233242,19,2390.912123
17.879028,60,2394.833528
7.045223,18,2395.971789
25.964049,67,2399.941369
13.27405,36,2401.965272
20.999703,71,2405.931099
14.881476,39,2408.242342
24.417761,74,2412.46918
13.392425,32,2413.88256
2.610976,20,2414.809524
18.011966,50,2417.725616
-0.017717,13,2418.590624
0.819474,15,2419.62048
2.216231,6,2419.948168
5.715097,14,2420.786406
32.479377,90,2426.028265
22.598432,73,2429.507662
25.460574,71,2434.231265
16.721619,46,2438.614414
14.710659,37,2440.782382
-0.075984,13,2441.491718
38.342183,112,2448.118426
0.556785,2,2448.261722
4.030156,25,2449.958836
4.440967,12,2450.518511
-3.249313,5,2450.755963
30.02462,73,2454.7458
2.94496,23,2456.198753
5.016219,13,2456.83985
11.565921,30,2458.596529
-0.10195,12,2459.448016
12.869622,40,2462.048423
24.425507,64,2465.925378
1.767958,18,2466.884377
12.472979,44,2469.358401
9.477992,24,2470.562255
30.879408,80,2474.399204
11.300448,29,2475.985497
16.013418,59,2479.324555
1.839961,17,2480.360356
3.97532,11,2480.999431
4.068594,12,2481.733386
4.529122,28,2483.017874
14.768137,35,2484.539484
3.118533,9,2484.926184
9.19955,26,2486.226531
0.529674,2,2486.373588
24.90314,82,2491.769123
5.619726,15,2492.754452
29.343134,72,2496.89026
-1.00957,10,2497.558257
5.578902,25,2499.246054
11.304153,62,2502.960299
46.937951,172,2512.740514
18.026599,58,2516.011725
-0.260048,12,2516.777285
2.931135,8,2517.247455
21.382058,55,2520.410196
6.942535,18,2521.357455
30.424099,87,2525.513534
3.327933,22,2526.451742
21.980113,60,2529.575568
4.8788,13,2530.362192
0.708503,15,2531.268026
25.895585,81,2535.986886
59.603459,165,2546.40523
5.2455,25,2547.49981
21.256536,57,2551.386699
-1.002165,11,2552.009995
7.369703,35,2555.545937
20.518511,65,2558.710332
-2.243792,7,2559.025728
3.118085,20,2559.872097
12.561907,32,2561.595871
13.802197,37,2563.96115
23.972276,70,2568.789273
-2.224871,7,2569.423268
28.152385,78,2574.363509
10.211735,27,2575.864154
-0.255644,13,2576.656981
5.86583,15,2577.612619
6.246416,16,2578.64948
5.349856,14,2579.468663
10.999832,28,2580.949553
10.931281,42,2582.991384
2.577579,18,2583.792143
-2.241589,7,2584.3498
8.666644,52,2587.265761
7.186226,46,2589.969132
8.270009,23,2591.369166
18.711626,50,2594.535991
-0.056665,12,2595.358207
25.533482,58,2599.035844
24.496994,60,2602.358544
8.285703,22,2603.449936
5.242486,25,2604.916009
3.345654,20,2605.755378
3.467479,23,2606.742169
2.769162,20,2607.581711
0.204023,27,2608.813525
11.553389,47,2612.008219
2.340449,18,2613.150084
2.667486,7,2613.558221
24.9569,72,2617.780335
7.155706,32,2619.145211
0.130332,13,2620.007261
-0.070731,11,2620.810662
0.525562,13,2621.727596
19.800604,50,2624.874348
1.701166,5,2625.302667
0.496028,14,2626.248901
0.922788,3,2626.451408
33.225092,92,2632.256384
17.561691,48,2635.211156
43.375793,128,2643.1631
7.539246,46,2645.87218
9.054462,25,2647.423395
4.865333,22,2648.83203
-1.384149,9,2649.476935
12.889499,43,2652.150276
3.011156,8,2652.693963
9.629896,26,2654.049209
5.449716,14,2654.868477
-0.904776,10,2655.518637
0.413262,14,2656.148834
5.88733,15,2656.836388
9.453238,25,2657.905797
10.195699,27,2659.058568
3.942599,23,2660.044111
4.96717,13,2660.68073
9.749765,49,2663.874097
8.670772,38,2666.152935
6.026053,28,2667.978475
37.267314,85,2672.984044
9.186733,22,2674.215384
20.435218,68,2678.723055
2.775137,19,2679.534724
17.162573,46,2682.033488
1.634809,17,2683.012836
24.114954,77,2687.454099
9.059185,33,2689.430311
1.011017,15,2690.548659
7.656904,19,2691.79263
6.966726,18,2692.882876
4.327252,35,2694.95026
6.866425,31,2696.882945
10.366265,29,2698.603709
11.351879,32,2700.314263
8.052665,23,2701.258018
6.621946,31,2703.431223
9.890566,28,2704.905265
16.899141,46,2707.542396
2.500775,7,2707.98056
7.534277,17,2709.059232
2.50151,19,2710.056742
16.682004,53,2712.309253
2.443285,7,2712.698768
12.399242,30,2714.81069
19.936729,51,2718.008056
10.750674,51,2721.16378
-0.310084,11,2721.881238
7.110327,20,2723.056923
9.087455,24,2724.441644
14.938178,42,2726.788907
1.942476,17,2727.762289
3.407155,22,2728.920177
2.05378,6,2729.217318
2.105132,19,2730.296578
16.065217,42,2732.69663
18.517439,61,2736.910835
10.310621,30,2738.556103
14.199641,48,2741.106084
4.892418,28,2742.758385
23.783039,83,2746.974807
-0.646443,11,2747.451241
2.642136,20,2748.338147
4.856717,13,2748.92088
19.163591,62,2752.219567
28.093367,91,2756.436191
10.489438,28,2757.871808
7.437161,18,2758.833132
1.40335,17,2759.585713
27.728433,80,2763.224817
16.640137,51,2766.444481
26.14114,68,2770.98075
2.822164,19,2772.098992
27.082746,71,2776.011714
6.173558,27,2777.40468
22.828798,84,2781.94541
19.190489,51,2784.849488
1.450015,15,2785.768764
3.588095,9,2786.321464
15.476839,54,2789.617004
6.600354,52,2794.318815
9.21008,56,2797.773986
29.827441,104,2802.724876
28.058093,90,2806.637943
2.862514,8,2807.177808
-0.910351,10,2807.606245
11.117841,28,2809.192925
2.873341,20,2810.031877
16.752984,50,2812.511923
17.580664,55,2816.380843
4.112088,11,2817.128988
11.633886,31,2819.06049
2.918068,8,2819.539205
9.524858,38,2822.080613
19.340132,76,2826.863583
3.941486,24,2828.270584
6.08337,17,2829.278673
11.984416,32,2831.015566
11.455761,30,2832.735808
13.979493,67,2836.554021
0.525948,2,2836.691036
3.457624,9,2837.309606
5.655499,44,2840.205431
11.339487,42,2842.880679
18.194137,52,2846.239384
1.033921,16,2847.335548
19.546312,75,2851.832711
8.064757,32,2853.930327
6.280397,16,2854.899318
8.886813,22,2856.189584
10.081537,27,2857.839051
0.669454,16,2858.852777
31.336945,81,2863.879851
3.611924,10,2864.575102
27.744278,71,2867.980424
4.727922,12,2868.50485
-0.89899,11,2868.99142
9.993725,27,2870.142322
3.024789,8,2870.525198
14.225592,49,2873.112668
2.321038,6,2873.378329
5.972911,16,2874.065892
9.132617,25,2875.096395
25.800517,64,2878.723362
8.009667,21,2880.299256
12.210436,43,2882.859289
2.420641,7,2883.323025
7.654385,37,2885.703342
3.05026,8,2886.207548
7.12064,20,2887.497368
9.534582,28,2889.096842
5.416497,42,2892.014545
4.692415,12,2892.783276
21.995662,59,2896.388976
19.322288,54,2899.662477
12.567727,33,2901.853264
-2.155863,7,2902.484781
6.167663,17,2903.604513
12.762656,52,2906.677002
4.711869,13,2907.440744
14.805084,40,2909.876644
7.724601,52,2913.819441
4.439897,26,2915.347893
-0.768776,11,2915.835805
5.088091,42,2918.225163
48.336818,176,2928.083174
1.688439,5,2928.566212
6.904751,46,2931.258387
15.075278,42,2933.624623
23.058554,65,2937.57336
8.436659,25,2939.062237
31.349604,91,2944.800994
11.106705,64,2948.858514
22.00133,69,2953.53359
2.788062,19,2954.761121
45.973222,176,2965.317456
1.909895,6,2965.643443
2.237573,6,2965.986491
4.064574,23,2967.241169
4.525985,27,2968.69976
3.008553,8,2969.226254
4.242817,11,2969.991142
6.093494,17,2970.913627
4.592291,28,2972.425379
7.942432,35,2974.585429
9.849359,26,2976.084692
26.461565,90,2981.209273
5.633806,26,2982.792323
2.832606,21,2983.779586
18.369527,59,2986.806642
3.885426,24,2988.443981
6.864253,19,2989.778421
3.732561,10,2990.528271
9.195015,36,2992.79433
4.965393,25,2994.410879
6.234714,16,2995.526557
5.84103,14,2996.508327
13.841634,60,2999.300119
13.385735,35,3001.349329
6.180174,17,3002.121854
12.544582,51,3005.23977
11.4422,39,3007.98152
30.416807,97,3013.602925
9.776992,54,3015.887151
0.538477,2,3016.046531
1.963688,6,3016.444904
1.454036,16,3017.580782
10.192502,26,3019.259384
4.358687,12,3020.022191
7.800152,45,3022.964662
12.359672,47,3025.810751
3.288254,9,3026.411444
29.868201,131,3035.962505
20.362872,64,3039.928175
34.5515,74,3044.696104
6.038358,32,3046.477746
22.145362,98,3051.54152
6.256403,30,3053.44793
14.307363,45,3055.698745
7.708987,35,3057.138446
6.801254,20,3058.305696
2.620665,7,3058.62852
2.162191,19,3059.614583
2.556588,7,3059.976414
4.672215,24,3061.448562
7.531698,20,3062.875895
23.423828,77,3066.850549
12.259327,34,3069.248243
3.898531,23,3070.819372
3.221214,8,3071.300353
5.418981,15,3072.204533
18.497164,54,3075.638251
32.612912,90,3080.70535
12.680125,36,3082.405768
3.698602,21,3083.610273
6.485266,18,3084.492118
7.804463,31,3086.167726
11.801444,43,3088.630742
3.517619,9,3089.087811
24.133933,68,3092.894905
8.298678,22,3094.340242
38.21419,112,3101.587041
24.794354,84,3106.699486
-1.354958,9,3107.361876
14.299383,63,3110.810797
0.228221,14,3111.662454
20.021655,82,3116.340792
10.703078,45,3119.057541
25.256779,98,3125.142966
1.787042,5,3125.482738
8.168876,21,3126.583212
10.076082,43,3128.82671
24.778868,74,3133.157467
2.565508,7,3133.473323
11.689855,28,3134.989363
2.5437,7,3135.53841
26.085511,63,3138.481839
43.19954,176,3148.811176
2.727864,22,3150.268963
0.53256,2,3150.416409
2.426778,20,3151.784768
8.076497,38,3154.295792
6.322213,30,3157.745331
27.889563,85,3163.067893
15.321102,48,3165.979846
9.161165,24,3167.576157
13.61382,44,3170.14913
2.472108,20,3171.323842
5.876681,29,3173.014846
9.704302,27,3174.713613
5.823885,16,3175.502505
8.045885,45,3178.097577
22.435568,52,3180.637773
9.505652,25,3181.876919
9.795866,37,3184.258675
6.517648,18,3185.313327
1.53844,16,3186.185189
3.09035,8,3186.634939
15.088388,41,3189.025418
19.38148,53,3191.758833
2.066709,6,3192.169688
45.765084,119,3198.751283
12.655253,34,3200.877146
12.513105,59,3203.854255
18.534571,60,3207.564716
0.424994,15,3208.700326
4.863972,14,3209.592663
8.036459,34,3211.469567
24.449054,64,3215.296492
8.512325,34,3217.010909
-0.448126,11,3217.497317
4.264626,11,3217.96824
2.334042,7,3218.470192
10.2438,44,3221.192205
6.853408,20,3222.243204
50.320217,169,3231.577191
3.73658,22,3232.755457
2.667729,21,3233.908919
2.594188,19,3235.39786
14.862211,70,3239.437069
7.178963,34,3241.543038
16.789636,44,3244.400969
0.501607,2,3244.568565
17.846857,48,3247.690856
-1.081899,11,3248.587226
17.50275,80,3253.130759
9.383667,24,3254.654394
13.356981,63,3258.452336
25.734676,72,3261.835022
6.635781,18,3262.794221
0.548045,2,3262.940883
10.219411,27,3264.532737
3.588037,38,3266.912195
7.019335,19,3268.294175
4.44484,24,3269.746222
16.635702,54,3273.375987
15.401039,64,3278.786513
12.477622,34,3280.793213
13.613123,39,3282.964942
13.060666,53,3286.026092
5.060349,24,3287.618737
6.957343,20,3288.719151
1.842711,17,3289.708164
13.007392,34,3291.850837
-1.552322,9,3292.388512
18.129237,103,3298.786673
0.827701,16,3299.617736
12.606293,32,3301.449715
14.739549,36,3303.312052
23.860904,76,3307.546635
3.60666,23,3308.864015
1.988017,17,3309.779896
34.947556,101,3314.910638
31.10284,96,3320.301755
20.136411,53,3323.178017
1.532837,16,3324.14258
0.535472,2,3324.283489
6.95434,36,3326.173702
8.190384,21,3327.084847
9.765409,27,3328.241268
0.511018,2,3328.338461
9.465269,24,3329.337879
12.126501,43,3331.766583
8.569215,25,3333.280065
5.665485,15,3334.249694
3.405191,20,3335.604923
3.2461,9,3336.171367
6.605011,16,3337.22631
45.988236,133,3345.597168
2.662896,19,3346.5636
-1.028462,10,3347.119583
11.710152,33,3349.34
18.689382,46,3352.080252
16.347292,45,3354.089675
7.53428,32,3355.489261
4.384207,13,3356.09438
7.52583,21,3357.507408
16.278095,40,3360.290784
21.414328,58,3363.818741
3.61012,10,3364.414249
2.323949,7,3364.857337
3.825497,23,3366.339113
1.962363,18,3367.536933
4.373916,25,3369.11838
13.755947,49,3372.809999
13.198743,48,3375.747237
11.434244,29,3377.388269
5.009168,28,3379.00565
17.701183,46,3381.363976
5.256992,14,3381.955807
33.838697,131,3390.401723
1.804293,18,3391.592242
22.768404,57,3394.778699
8.819588,51,3398.796299
3.516615,22,3399.94807
-1.590413,8,3400.562019
5.684447,32,3402.56972
0.57693,2,3402.685102
8.271482,24,3404.241829
5.66457,16,3405.202765
22.016807,74,3409.623345
1.82652,5,3409.93509
5.68346,27,3411.56926
14.4864,36,3413.951791
27.554552,107,3420.260249
-0.290801,12,3421.249198
-0.064338,12,3421.981002
12.122047,66,3425.366601
7.946061,21,3426.805713
15.636948,41,3429.265164
8.467006,60,3432.873737
9.000858,26,3434.448003
15.777564,45,3436.870072
22.614545,58,3440.587178
17.247854,40,3443.068028
7.209621,45,3445.655903
3.540631,10,3446.261282
49.190356,176,3456.516954
1.584526,5,3456.76977
10.489268,29,3458.415458
5.930445,15,3459.199314
16.989422,88,3464.371042
3.253289,21,3465.533086
7.355455,18,3466.692863
6.940859,19,3467.879775
20.631577,67,3471.64989
11.140621,30,3473.097004
6.341381,18,3474.047581
13.379991,34,3475.908538
16.793984,68,3479.195409
8.110291,36,3481.384954
10.878333,29,3482.71448
30.096164,90,3487.951904
0.310989,14,3488.807979
22.480727,88,3494.5616
8.119628,22,3496.05688
2.010468,20,3497.30741
14.064719,62,3501.016333
7.779618,20,3502.288136
1.998467,6,3502.67383
28.302552,73,3506.578272
1.675391,5,3506.854286
3.216601,23,3507.850529
-1.52571,10,3508.273503
1.388958,17,3508.988111
4.631701,26,3510.199605
3.640515,24,3511.654769
0.877901,3,3511.856778
29.29696,121,3520.631081
0.624126,15,3521.546842
0.431934,13,3522.443684
21.523886,55,3525.649739
4.957624,26,3527.286932
3.569153,23,3528.88833
5.76889,27,3530.445994
7.997773,38,3532.581208
15.209328,89,3537.795076
1.279299,15,3538.525836
22.102626,75,3542.646556
15.25592,39,3544.92254
12.223772,33,3547.09647
11.313118,43,3549.502817
19.433923,74,3553.492279
4.188895,12,3554.012421
23.522163,54,3556.60768
13.085831,35,3558.626301
8.333462,52,3560.972499
5.902594,15,3561.614672
3.943052,10,3562.402334
12.20145,46,3564.838245
12.169563,49,3567.995285
10.366728,31,3570.010713
-1.476114,9,3570.557908
3.706296,23,3571.797443
11.993075,32,3573.565647
12.591783,48,3576.786551
24.364982,71,3580.977091
13.143144,33,3582.821589
1.486416,17,3583.991689
6.704857,17,3585.068608
4.934415,28,3586.677216
12.872759,34,3588.563076
1.313271,4,3588.907022
-0.666271,11,3589.757025
3.616402,10,3590.365196
26.98921,103,3596.325463
3.452612,10,3597.090712
8.591105,23,3598.22441
48.338127,176,3608.107158
2.647201,22,3609.476157
46.682014,176,3619.734122
21.991931,65,3623.682416
-0.561727,12,3624.343461
-1.042694,10,3624.935118
18.824212,76,3628.985009
2.096257,17,3630.14445
45.259923,176,3642.143959
5.424052,17,3643.097675
27.326059,76,3647.233228
3.467969,9,3647.646004
-1.49043,9,3648.192219
32.436466,133,3656.325798
19.233255,93,3661.638242
17.275105,61,3665.240721
-0.573761,10,3665.802555
8.613847,52,3668.701649
34.202634,176,3679.70473
13.726198,35,3682.001493
1.071201,15,3682.990182
5.218171,27,3684.512336
5.366981,24,3685.815547
21.530079,92,3690.765698
1.719689,5,3691.155041
56.241994,176,3701.673206
13.067506,50,3704.237249
0.501921,2,3704.347908
28.561551,99,3710.160149
11.634405,47,3713.000739
5.892447,15,3713.864379
3.94494,23,3715.21314
5.527021,27,3717.091112
19.077169,50,3720.002859
-0.035192,12,3720.82077
4.637428,13,3721.536222
4.396474,49,3724.37407
10.165834,24,3725.891232
13.061046,34,3727.880722
10.768515,43,3730.378109
-0.846642,10,3730.844886
11.935246,48,3733.884066
-2.396782,7,3734.266357
0.536405,2,3734.405535
17.848071,49,3737.471474
16.988333,68,3741.507358
8.314036,23,3743.309917
11.508505,32,3745.266402
-2.342905,7,3745.673547
3.982686,11,3746.307605
10.849347,30,3747.754301
3.674193,22,3748.826031
10.543153,55,3752.216834
28.428328,81,3756.682748
6.367451,17,3757.639207
23.908719,135,3767.634922
5.872491,17,3768.752752
-2.795768,6,3769.16451
14.124641,63,3773.13248
40.843237,159,3781.108329
18.009454,53,3784.239097
19.515298,79,3789.394422
-0.074827,13,3790.095682
51.545451,171,3800.030349
13.202454,51,3802.499041
9.500245,37,3804.323386
10.77787,43,3806.524773
8.753633,41,3808.870193
7.152653,35,3810.727708
-1.140276,10,3811.305253
40.014416,176,3821.474475
7.416619,19,3822.530882
5.394677,14,3823.312716
8.296474,39,3825.225347
24.971212,114,3830.254486
18.481517,52,3833.323877
4.732166,23,3834.600334
39.21143,176,3845.386932
22.794516,86,3850.645203
4.37217,24,3852.227291
4.753302,12,3852.986551
44.92918,176,3861.610464
22.049076,63,3864.829236
8.799726,64,3868.415046
8.987165,26,3869.727612
14.071169,41,3871.63733
1.096425,15,3872.645435
13.769478,44,3876.532339
17.640551,49,3878.583561
42.444905,132,3885.510093
2.057636,17,3886.440496
2.871715,21,3887.570819
37.852639,176,3898.158963
1.778583,6,3898.460689
0.084923,13,3899.321127
21.050012,67,3903.112996
6.90378,17,3904.369153
5.777638,29,3906.170732
45.391004,176,3915.828427
34.7196,176,3925.49425
33.099581,151,3934.663739
0.525068,2,3934.764523
16.555394,43,3937.322877
9.459767,41,3939.990431
4.811295,13,3940.854512
11.062989,33,3942.763274
8.766706,25,3944.150958
2.756654,8,3944.656744
10.197252,38,3946.732757
12.546339,32,3948.501775
1.96596,6,3948.841832
11.466848,45,3950.688686
7.300324,29,3952.337422
32.510023,125,3959.298211
0.867325,3,3959.488562
20.3299,63,3963.08414
21.25092,56,3966.288816
20.506317,56,3968.773504
20.699997,76,3972.817014
51.264484,176,3982.882502
2.56431,20,3984.168557
23.496031,87,3989.365134
2.028297,18,3990.564798
12.643145,62,3996.185838
36.51672,176,4006.321791
3.567886,24,4007.640728
9.638179,45,4009.985165
19.671404,58,4012.96801
16.892098,86,4017.242361
7.155448,34,4018.658877
28.203614,122,4025.490828
17.019446,66,4028.897616
2.447423,21,4029.902696
45.14705,176,4037.917383
3.566848,24,4038.910996
10.652987,42,4041.592793
7.962934,46,4044.727844
16.231846,68,4048.772038
12.351372,46,4051.291386
26.203603,176,4061.160128
12.601384,34,4063.030188
30.415094,176,4073.202341
31.652292,121,4080.115472
2.17758,20,4081.276686
10.261913,36,4083.344784
19.520927,67,4086.851161
6.349102,44,4088.696025
11.186056,29,4090.654714
40.264726,126,4098.458402
13.398975,55,4101.612003
12.970612,48,4104.235055
-0.376541,12,4105.038533
12.048437,49,4109.835738
29.183406,98,4115.210769
22.54091,65,4118.174915
54.055196,169,4126.052555
3.829457,23,4127.590882
0.5284,2,4127.756476
1.631889,17,4128.864122
38.131051,129,4136.094047
5.989775,32,4138.040201
13.504674,42,4140.297041
6.712107,54,4143.653344
0.665541,15,4144.636398
0.54505,2,4144.776915
0.325249,14,4145.569722
21.876864,54,4148.921033
44.870612,176,4158.867723
3.651184,42,4160.899616
3.736126,23,4162.238427
2.277245,20,4163.087937
2.251957,18,4164.206946
13.492904,54,4167.722174
18.853309,48,4170.759026
1.453992,18,4171.84044
8.921677,43,4174.180188
4.316043,25,4175.834601
10.14759,63,4179.715578
40.020183,176,4189.354982
34.074315,133,4196.040818
-0.982306,11,4196.510878
48.916091,176,4205.432351
43.197758,176,4215.936646
30.470454,135,4225.602111
40.040223,102,4231.285613
6.39408,19,4232.319716
0.546356,13,4233.242322
7.372293,47,4236.046302
10.986319,30,4238.153057
2.659319,20,4239.172094
11.944621,56,4242.127337
1.839523,18,4243.244638
13.530599,57,4246.234039
2.574573,20,4247.57707
1.338966,16,4248.780426
3.962423,11,4249.540413
10.21008,29,4251.143251
12.747124,32,4252.847059
2.596764,20,4254.254696
12.326986,45,4256.840493
10.573645,44,4259.221911
12.496553,43,4261.45454
1.239942,4,4261.74948
11.918296,44,4264.724176
2.407915,18,4265.816877
13.436118,36,4268.117988
0.434473,14,4268.919283
44.76798,176,4279.727491
13.417321,41,4282.390551
3.035153,21,4283.60445
7.060338,31,4285.203952
0.833933,16,4286.247049
17.504436,50,4289.323793
-0.666651,12,4290.167062
19.791278,99,4296.05874
12.100009,43,4298.607819
21.987583,69,4302.047616
3.080223,9,4302.769191
31.356575,97,4308.191414
7.002836,52,4310.432583
13.584542,53,4313.421139
6.451568,50,4316.460526
20.288767,51,4319.54193
16.493945,73,4324.256943
15.408276,40,4326.559416
2.615485,19,4327.58805
53.867304,176,4337.972306
0.542792,2,4338.12651
11.401568,41,4340.577708
-0.779229,11,4341.224308
15.561903,48,4343.996884
38.6397,129,4351.952116
20.440288,61,4355.761988
18.237322,47,4358.754733
22.742212,87,4363.491583
2.75441,35,4365.551048
26.60277,75,4370.32183
5.21285,25,4371.803848
8.341911,20,4373.090412
3.428504,21,4374.272595
6.600902,30,4376.065181
-1.484402,9,4376.596159
4.007664,10,4377.123989
43.51388,97,4382.457485
21.335838,70,4386.362747
18.631081,51,4389.491509
7.446926,33,4391.394917
14.498744,48,4394.082075
7.070055,31,4395.866067
11.613638,39,4397.980119
27.366979,106,4402.384434
23.3334,72,4406.805219
52.809009,170,4417.016884
15.601724,45,4419.451433
3.395131,21,4420.624098
8.629438,24,4421.870354
12.650903,42,4424.072857
1.526952,16,4424.951247
0.25243,14,4425.687477
-0.311891,11,4426.217238
12.114462,59,4429.683651
21.789972,57,4432.151405
3.579323,24,4433.180915
3.720918,23,4434.159165
24.577456,87,4439.361957
-0.025331,12,4440.017054
14.518792,44,4442.629344
40.778048,115,4449.744569
2.030783,18,4450.906283
19.627974,63,4454.545597
12.243151,58,4457.570822
2.331554,19,4458.527094
2.160717,18,4459.584279
10.810569,39,4463.330956
38.226299,103,4469.632244
31.184579,74,4473.860219
1.863811,17,4474.816131
2.410763,7,4475.252015
11.831407,46,4477.811582
36.666364,88,4481.520318
0.046096,14,4482.146862
21.728065,65,4485.583131
29.532252,69,4488.912811
18.184504,43,4491.534059
4.003655,22,4492.862892
5.843812,29,4494.646734
3.383733,23,4495.972438
5.746405,30,4497.730492
38.450641,106,4504.029075
2.983687,21,4505.291759
10.713268,30,4507.418256
20.643718,55,4510.744275
50.718006,141,4518.726704
34.081734,139,4526.85231
7.766163,29,4528.746362
39.005972,109,4535.263302
29.734956,85,4540.31303
20.646747,61,4544.006397
5.150084,13,4544.717659
16.979069,73,4548.672235
16.721409,68,4551.999303
2.874344,20,4552.856356
5.110319,24,4553.848992
20.538208,51,4556.00161
7.239243,31,4557.318002
14.758881,54,4560.378787
22.898175,64,4564.096425
2.692153,8,4564.724813
12.003772,27,4566.241235
20.061335,52,4568.745305
13.188555,64,4572.506671
17.903593,81,4578.294125
12.145974,31,4580.001269
15.913713,64,4584.067115
4.36906,25,4585.616426
-0.044116,14,4586.44322
13.972636,48,4589.658339
-1.366765,9,4590.315196
36.81313,119,4597.417397
20.897504,78,4601.187652
12.233518,31,4602.944083
5.596299,14,4603.726738
31.82752,80,4608.12457
9.595677,25,4609.817476
42.245858,92,4614.887919
20.382678,71,4618.368949
9.780536,38,4620.608524
2.505864,7,4621.081664
5.489392,14,4621.897392
13.808192,43,4624.741199
11.890489,42,4627.380348
48.568772,144,4635.608969
2.312651,19,4636.799178
32.187231,95,4641.641755
2.7831,19,4642.657021
13.414689,44,4645.223433
13.97952,59,4648.600162
1.877833,17,4649.662313
-1.875557,8,4650.204526
12.990584,58,4653.781714
1.01568,16,4654.711834
17.101635,54,4657.930151
5.110074,25,4659.463062
-0.143668,13,4660.295063
29.3658,82,4665.093945
4.004251,23,4666.36063
0.524597,2,4666.487207
0.588719,14,4667.176446
31.035011,72,4671.086239
-1.129245,11,4671.553165
17.962368,59,4675.079081
26.008316,72,4679.215649
11.772057,40,4680.999262
34.931175,92,4685.947573
-0.216317,13,4686.497994
24.455424,57,4689.68404
2.104668,6,4690.106595
0.455393,13,4690.995617
26.618355,80,4697.597835
40.66574,93,4703.390387
-0.91344,10,4703.983517
-1.806871,9,4704.495889
0.320606,13,4705.243808
32.589937,79,4709.690706
8.412999,32,4711.374392
0.564619,2,4711.515429
11.771635,41,4713.476246
20.480986,68,4716.360473
-1.58697,9,4716.764206
5.382479,29,4718.555229
5.683626,26,4720.348773
17.59265,50,4722.860052
17.560609,55,4725.599189
3.396156,22,4726.909526
16.39905,49,4730.031826
27.040135,73,4733.911213
1.54123,15,4734.85069
24.005883,56,4738.50775
10.667306,27,4740.333076
24.601879,65,4744.431448
19.766922,56,4747.768345
34.338487,98,4753.257037
0.510432,2,4753.402934
25.734811,86,4758.40435
1.307048,27,4759.833888
33.996975,77,4764.490447
27.491443,77,4768.747976
4.697714,13,4769.471712
15.479388,53,4772.661012
1.579123,17,4773.63723
35.524704,83,4777.446109
19.893745,61,4780.072009
18.092842,54,4783.528431
3.380268,9,4784.076887
43.253221,106,4790.589341
8.316301,21,4791.952879
29.997285,75,4796.166068
14.813327,50,4799.007937
1.008184,14,4799.781619
6.621031,29,4801.625622
-0.300418,12,4802.292535
8.359527,32,4804.242691
9.832335,53,4807.580509
5.132907,13,4808.328086
1.359989,4,4808.559014
29.084265,77,4813.084813
15.081821,50,4817.304254
1.083287,16,4818.397123
6.864821,28,4819.980347
11.199414,54,4823.291926
10.324378,27,4824.967186
13.026343,52,4827.903076
3.740348,22,4828.976229
7.022121,28,4830.508987
32.115383,92,4835.797398
12.320462,40,4838.304734
21.081561,55,4841.438472
0.985515,15,4842.087618
7.350677,18,4843.17071
15.921823,50,4845.74965
4.19003,23,4847.158903
15.171695,45,4849.94496
16.617668,60,4853.329737
20.598313,59,4856.976028
44.307819,106,4863.443385
11.275728,39,4865.547946
19.21733,50,4868.25227
44.28491,101,4874.453828
19.723151,58,4877.557994
2.760045,19,4878.413302
8.627439,50,4881.13195
35.039501,87,4886.27605
10.56162,35,4888.328676
2.034476,17,4889.522124
3.676866,10,4890.211661
-1.130368,9,4890.717773
-2.172481,7,4891.168024
13.680027,48,4893.775007
12.889258,41,4895.619562
8.257443,37,4897.178384
2.574647,19,4897.972201
3.520736,21,4898.8893
2.87337,8,4899.254529
34.961321,92,4904.513203
6.136085,28,4906.232434
28.38683,87,4911.398855
21.978256,72,4915.705578
1.998703,18,4916.772936
12.242398,31,4918.63882
1.714083,5,4919.004157
15.423838,52,4921.752101
14.564371,49,4924.711532
19.329762,58,4928.530661
23.204432,60,4931.950584
28.999082,76,4937.318452
7.260433,31,4938.988379
63.89899,163,4947.92553
23.470491,52,4951.495671
18.774,62,4955.466103
27.829631,96,4960.977054
33.769836,101,4966.595157
13.142769,32,4968.34072
22.649335,66,4972.114627
13.228034,45,4974.838985
7.53614,29,4976.519238
31.608845,94,4980.678271
2.01561,6,4980.960693
31.921124,88,4985.9511
6.775021,31,4987.596623
3.943523,24,4988.850643
14.657871,48,4991.287826
27.660247,88,4997.254777
21.205619,77,5001.866096
44.384728,123,5007.916565
4.824404,27,5009.486428
8.020314,21,5010.827579
6.744482,17,5011.92969
49.196583,176,5022.00572
1.953953,17,5023.065156
5.558943,42,5025.468548
10.683882,51,5028.322285
14.408556,49,5030.547803
8.075419,30,5032.045678
2.582403,7,5032.456248
28.448077,92,5037.788985
3.720236,21,5039.129971
22.338649,62,5043.268059
12.665749,42,5045.886116
10.885613,41,5048.176663
12.390774,56,5053.385007
0.673527,14,5054.327229
0.410512,14,5055.097075
-1.059424,11,5055.764981
3.165564,21,5057.043694
39.810637,107,5062.646459
48.416821,147,5070.141895
44.651024,104,5076.906649
25.04269,61,5080.777773
17.186004,54,5084.122288
7.301433,33,5086.0799
4.230759,39,5088.516278
2.815796,20,5089.553571
30.13552,95,5094.884738
11.860812,41,5096.838662
-0.141407,12,5097.34261
4.625648,23,5098.327778
12.909285,45,5100.743324
17.343452,60,5104.594817
33.234833,122,5110.226832
1.573662,5,5110.446549
0.560951,2,5110.544553
4.190338,22,5111.516285
12.53019,43,5113.880955
-1.065759,10,5114.529182
36.763997,112,5119.982973
14.703077,50,5123.261037
8.531869,22,5124.718313
14.602384,37,5127.008245
3.586753,22,5128.388129
2.797389,20,5129.556526
20.03276,60,5133.353062
3.034952,9,5133.925595
7.696609,47,5136.865051
3.879764,23,5138.349861
20.062626,56,5141.666966
3.283475,20,5143.027608
4.950938,13,5143.663805
32.071604,80,5147.8294
26.920161,60,5150.632586
10.067062,42,5152.356874
-1.263503,10,5152.795641
22.23616,53,5155.340065
3.349785,21,5156.396381
9.134704,22,5157.606675
3.19097,21,5158.931951
11.617417,64,5163.012401
6.661618,30,5164.766091
-0.473208,11,5165.381158
22.52162,96,5172.632551
0.229404,12,5173.306211
22.761749,93,5177.620574
7.98553,31,5179.36613
9.050952,23,5180.543886
12.256261,43,5183.130101
6.765141,46,5185.426169
23.727483,62,5189.288265
7.066335,28,5190.942439
33.31917,120,5198.010433
3.952589,23,5199.58272
27.60409,87,5204.830201
17.167048,61,5208.196692
5.650881,30,5209.79004
11.93855,47,5212.170094
4.753885,25,5213.516698
-0.313386,12,5214.300291
2.153985,17,5215.467748
35.21625,110,5222.227956
2.515526,20,5223.441948
2.188283,18,5224.813796
11.765134,40,5227.392562
7.839465,32,5229.148355
3.196029,20,5230.253555
14.297065,54,5233.319744
-1.08453,10,5233.760049
3.861894,23,5235.201093
5.847444,28,5236.630638
5.949851,25,5238.138449
19.561989,88,5242.866415
7.571448,35,5245.019988
33.686881,113,5251.34025
39.945406,114,5257.65902
14.379137,44,5260.269673
6.883008,17,5261.016242
8.934053,31,5262.702342
26.281847,72,5266.818319
9.127118,37,5269.429339
46.317548,126,5277.095942
4.933197,24,5278.71648
21.184241,62,5282.362628
4.333629,11,5282.954026
13.239891,35,5284.719526
10.176046,36,5287.870468
10.875241,39,5289.774136
9.038726,35,5291.700607
27.743114,83,5297.120389
13.121354,44,5299.605252
15.660077,75,5303.61324
29.927816,92,5309.118358
7.39063,29,5310.864256
16.407994,49,5313.897508
6.751488,32,5315.767064
0.274818,15,5316.604631
19.120511,52,5320.067163
17.276949,48,5323.262104
9.877946,34,5325.227739
24.781966,77,5329.929963
9.860704,26,5331.361487
39.107992,151,5339.766671
23.192769,65,5343.666324
17.141139,67,5347.45734
11.062822,44,5350.040897
8.063826,49,5352.855121
28.771698,84,5357.660779
24.816309,72,5361.66058
59.646788,160,5370.906624
21.865331,70,5374.318914
20.065595,65,5378.512315
13.308614,34,5380.777342
23.231629,94,5386.637891
20.603173,66,5390.353533
38.075878,126,5397.086024
2.302521,19,5398.124438
8.612961,22,5399.396055
5.320059,27,5401.058349
10.914013,42,5403.569541
19.001401,56,5408.129253
10.091619,37,5410.070253
18.955269,46,5412.432467
11.898937,45,5415.032898
-0.931718,10,5415.725025
6.612569,17,5416.615684
-0.182944,12,5417.31987
2.568046,21,5418.505696
18.737304,105,5425.344948
16.138329,37,5427.731266
0.208528,14,5428.537549
-0.734332,11,5429.171097
4.178915,23,5430.441594
15.553618,55,5433.284306
17.13875,58,5435.718436
24.320639,79,5440.086252
7.435545,34,5441.879512
5.729769,31,5443.725812
13.432039,51,5446.864728
23.729546,86,5452.015929
2.970887,8,5452.580364
11.861374,40,5454.786562
21.955055,75,5458.650183
37.924826,87,5462.960187
36.218517,97,5468.042004
16.995128,67,5471.598178
3.194416,22,5472.802921
2.979466,21,5474.243446
0.667433,15,5475.200877
12.707342,33,5477.138355
64.372156,161,5486.478597
2.209104,19,5487.353842
32.926489,176,5495.246392
16.811011,70,5499.654953
52.370993,160,5508.952713
0.602546,30,5510.636322
58.988708,167,5519.84132
13.86979,45,5524.060633
0.559991,2,5524.177591
3.631662,23,5525.450655
4.256038,26,5526.837115
3.686281,24,5527.851462
13.702833,47,5530.625721
11.938464,41,5533.147777
19.145413,83,5537.579666
19.903972,66,5540.399346
39.530927,113,5546.997487
24.038699,79,5551.684124
55.291461,176,5561.330061
19.199487,52,5564.013725
7.237443,57,5567.191599
2.887606,20,5568.397592
14.874069,54,5571.700604
16.896321,74,5575.2752
17.518693,62,5578.372921
26.551918,97,5583.560524
8.061623,34,5585.552784
0.919834,15,5586.285538
20.491419,77,5590.680926
7.218855,31,5592.429053
29.357261,135,5599.271852
6.715537,45,5601.434484
29.744929,109,5607.920708
49.49249,176,5617.496707
40.666202,174,5628.132908
21.000757,53,5631.539559
0.157945,14,5632.270782
30.397198,102,5639.803558
-1.297776,10,5640.58285
13.252578,45,5643.372645
6.638091,31,5645.098275
3.648988,10,5645.647639
5.933234,16,5646.522947
17.310434,50,5649.705398
3.649989,11,5650.333852
9.120084,52,5653.202151
17.401378,44,5655.625823
26.105796,70,5659.549379
18.247789,42,5662.233032
26.430665,91,5667.31886
1.650052,19,5668.318453
19.361296,48,5670.982485
-2.104958,8,5671.44726
54.353035,176,5680.701824
12.394682,45,5683.092877
5.967737,25,5684.485339
58.589715,132,5691.527464
2.778821,19,5692.566825
35.175253,103,5698.586297
-0.39159,11,5699.208218
35.791066,141,5707.89576
8.674959,24,5709.440715
26.991558,80,5714.501234
18.031938,61,5717.976271
10.079825,39,5719.629366
0.460846,14,5720.238931
19.865261,75,5724.282551
3.778292,22,5725.635473
3.901383,21,5727.024553
4.872046,26,5728.502545
8.03894,35,5730.381418
10.944969,42,5732.622189
19.581219,45,5735.028071
-1.829758,8,5735.548559
31.841122,79,5740.71117
29.712137,87,5745.6551
31.197625,119,5752.033766
9.100498,53,5757.02089
16.139085,45,5759.882993
4.421863,24,5761.315854
1.253353,15,5762.256964
22.785204,68,5766.240303
62.78321,165,5775.236209
29.124104,115,5781.235838
65.758837,147,5788.784556
9.946452,37,5791.12616
10.881798,40,5793.501961
26.322111,74,5797.227909
3.005644,23,5798.533375
32.785615,110,5805.341223
5.66615,28,5807.168907
23.011468,73,5811.673362
26.141471,100,5817.50681
4.435548,24,5818.766977
1.183099,16,5819.660111
26.043935,87,5825.105906
7.053506,44,5827.532396
17.655285,73,5831.691012
3.151984,21,5832.83012
5.179683,24,5834.295087
5.356133,14,5835.262877
18.111218,63,5839.357255
62.433936,163,5848.425892
16.40881,51,5851.321239
3.820973,10,5851.762921
17.142966,62,5854.972733
3.063695,20,5855.916811
16.620832,66,5859.566105
19.211897,59,5862.606082
5.26825,16,5863.288573
5.685615,47,5865.682718
15.013588,54,5868.221437
5.089056,27,5869.556274
1.347007,16,5870.508502
8.826716,32,5874.326576
0.567499,2,5874.452294
11.770773,42,5876.885996
2.427431,7,5877.27989
-0.934755,10,5877.86669
3.024907,21,5879.221936
56.145916,142,5887.765241
32.496098,103,5893.604506
11.373823,47,5896.400624
0.074043,13,5897.239254
5.596294,28,5898.892265
46.950592,133,5906.179131
11.269944,47,5908.111526
9.537303,39,5909.724503
20.126908,66,5913.396639
23.384522,74,5917.522257
18.694516,49,5919.89518
7.111157,47,5922.374803
2.381818,7,5922.672571
0.488601,15,5923.314684
20.162332,63,5926.709685
6.016143,45,5929.54613
3.359202,21,5930.855824
12.026908,46,5933.850024
-2.183353,7,5934.256589
19.921448,87,5939.871338
21.140978,67,5944.261931
21.251115,49,5947.184246
5.045562,29,5948.803798
8.52371,22,5950.018175
18.295602,62,5953.190391
0.506755,2,5953.290234
3.9622,26,5954.406439
10.046263,37,5955.981658
9.462287,25,5957.075204
9.935925,37,5958.740606
13.969214,45,5961.36259
2.106878,20,5962.248641
24.464965,88,5967.091493
17.091797,46,5969.638389
36.790794,95,5975.365658
27.150321,65,5979.315253
2.267364,19,5980.371209
0.577235,2,5980.494013
0.976636,3,5980.684521
0.528118,2,5980.802907
10.076171,39,5983.012877
25.318361,77,5986.326694
1.707594,18,5988.627779
13.035389,36,5990.754595
0.409535,14,5991.524401
32.027913,80,5995.982701
3.743222,23,5997.251989
3.493838,23,5998.552538
39.247569,111,6004.193499
28.876766,70,6007.915901
25.746631,75,6012.244876
21.284565,72,6016.761757
7.45609,33,6018.978023
30.438011,118,6026.227093
1.605595,17,6027.221361
7.210893,33,6029.103026
28.504141,127,6035.901549
3.616245,23,6037.240901
15.453462,49,6040.291
7.012163,32,6042.378526
13.572247,72,6047.192283
37.451096,122,6053.764522
0.869993,3,6054.003423
19.700445,67,6057.540514
6.581741,32,6058.964652
3.695154,23,6059.937573
1.669936,17,6060.840492
-1.104438,9,6061.405253
19.21438,76,6065.0615
11.316982,49,6067.652003
59.038271,154,6077.52812
2.510181,7,6077.912564
12.563749,47,6080.608627
15.588756,45,6083.14913
17.258009,73,6087.605528
2.838402,20,6088.550504
52.184091,165,6098.718173
5.030977,27,6100.137855
3.886482,11,6100.688889
12.046648,41,6103.031502
3.036919,21,6104.182815
6.404257,40,6108.493937
45.849573,124,6115.545686
48.464379,176,6125.461511
1.964163,16,6126.348526
7.662736,46,6129.127915
7.647905,32,6131.104674
5.631149,28,6132.630841
20.415258,59,6136.38718
6.087459,34,6138.642712
10.479143,56,6142.013698
44.186037,176,6151.940414
-0.264323,13,6152.628322
4.206127,11,6153.348445
22.40685,62,6156.863285
14.948277,60,6160.109917
19.516876,52,6162.720222
1.893212,18,6163.926541
4.565375,26,6165.345524
38.782796,109,6171.767992
15.623174,55,6174.808331
8.919829,40,6176.688302
15.011023,44,6178.910981
6.434977,28,6180.58216
24.418524,77,6185.334812
48.751943,176,6194.188114
0.505896,2,6194.286596
10.947093,41,6196.033798
10.704008,29,6197.375725
0.562248,2,6197.528309
-0.388568,12,6198.318296
16.942798,63,6202.202017
19.000338,45,6204.804252
5.244675,28,6206.389623
57.886531,163,6215.210179
-1.864743,8,6215.556633
25.82634,73,6218.585111
2.379736,18,6219.331138
24.507203,79,6225.609856
6.763706,30,6227.363423
26.066067,89,6232.216481
32.465142,103,6238.612991
6.058093,29,6240.247878
15.705121,48,6242.923244
2.051662,6,6243.251541
22.44773,75,6247.458183
14.89456,55,6250.91006
-0.755088,12,6251.648768
10.268032,26,6253.171673
3.057536,8,6253.68856
4.478169,24,6254.970384
3.278947,9,6255.489644
3.967243,13,6256.298037
7.653343,33,6258.30848
30.153163,100,6264.296842
14.445797,51,6267.340668
17.590199,42,6269.641741
5.155411,42,6272.093316
24.263995,94,6277.477795
18.736476,60,6280.88625
19.784301,66,6284.480998
10.253936,28,6286.365066
0.939936,15,6287.341304
3.250674,21,6288.510014
2.481619,19,6289.603634
4.846636,13,6290.469293
0.154126,14,6291.441286
28.922587,74,6295.767555
14.606957,54,6298.575523
2.0667,18,6299.320263
42.867999,111,6305.494389
21.098351,52,6308.484766
27.281227,76,6312.757123
-0.178348,13,6313.524064
16.935207,75,6318.119139
4.944126,25,6319.639504
8.714984,35,6321.898597
0.880799,3,6322.117317
28.74712,97,6327.884776
43.018868,121,6335.430984
6.617256,27,6336.979226
15.97929,41,6339.108829
6.856333,31,6340.811746
18.488353,51,6345.640156
12.804825,55,6348.872437
22.242673,72,6352.628416
28.627153,80,6356.631754
57.88264,155,6365.416788
27.181878,74,6369.627079
-0.514855,11,6370.149024
4.061668,26,6371.594829
14.001329,39,6373.671643
2.860219,8,6374.111416
19.336448,56,6377.449053
1.904079,6,6377.796221
0.259554,13,6378.559714
2.17007,6,6378.944921
6.398924,29,6380.321603
27.871708,82,6384.78095
15.174939,67,6388.602835
10.870536,41,6391.163371
2.580715,20,6392.576292
-0.63786,11,6393.399432
1.947378,18,6394.624736
17.996035,48,6398.083167
1.45389,17,6399.248091
3.665975,10,6399.975134
16.023502,62,6404.073303
21.993181,79,6408.852522
14.572409,64,6412.637592
9.578558,42,6415.040669
13.712762,54,6418.510235
29.956886,100,6424.532206
19.046289,60,6427.190413
7.04587,17,6428.025035
52.181299,137,6435.093014
5.654759,27,6436.301595
14.528539,47,6439.190332
7.759919,35,6441.503544
8.963856,21,6442.635901
6.800254,30,6444.264215
24.894329,70,6448.319356
19.89422,74,6453.131359
0.532982,2,6453.265128
10.128763,43,6455.575089
16.800954,58,6459.157094
11.247198,36,6461.480503
12.75999,29,6464.87919
56.100967,149,6472.816238
10.161246,38,6475.170025
9.135369,26,6476.722437
8.029514,33,6479.001617
29.986966,109,6485.95138
50.377237,176,6496.683742
0.532185,2,6496.7834
1.231564,4,6496.965746
27.248921,119,6504.853307
11.979413,31,6506.66253
-1.136018,10,6507.229519
27.054696,87,6511.887922
35.891227,93,6516.407266
3.350362,21,6517.978475
44.491563,106,6524.863534
22.755469,75,6529.457921
29.494123,74,6533.042775
6.381586,46,6535.64728
9.737244,40,6538.307339
7.675846,22,6539.880885
0.562248,2,6540.031283
14.26829,37,6542.241913
20.201359,50,6545.17062
6.877223,31,6547.393717
10.190026,41,6549.761408
41.293549,121,6557.3755
7.365773,20,6558.552475
39.743491,90,6563.453912
30.319779,72,6567.879668
12.844254,57,6571.112119
59.010124,138,6579.874207
58.299606,158,6590.236107
28.80292,79,6594.772796
13.248443,45,6597.627201
14.588138,49,6600.566449
22.246191,53,6603.71978
10.140178,25,6605.466793
5.071154,14,6606.294803
19.767475,68,6610.469132
22.902796,55,6614.395508
6.592615,17,6615.399925
0.713168,14,6616.253894
7.990082,19,6617.443936
0.506944,2,6617.555829
41.914417,93,6622.860839
0.527196,2,6622.989522
8.937764,24,6624.445327
8.788662,38,6626.827675
14.843191,52,6629.766989
46.562834,126,6636.968423
61.309677,147,6645.504067
4.368618,24,6647.165558
25.743416,73,6650.70821
9.678623,23,6651.685862
18.765115,57,6654.154726
9.565836,25,6655.673557
22.01027,67,6661.120477
14.566483,35,6663.127514
5.760306,37,6665.321559
19.749282,50,6668.281994
7.729765,34,6670.253761
6.274769,16,6671.211436
25.688658,81,6675.976935
-1.663315,9,6676.564126
30.253321,90,6682.067567
19.981698,64,6685.790412
24.922949,60,6688.921198
17.327983,69,6693.017392
28.872624,90,6698.011211
7.095586,32,6699.70589
25.696734,64,6703.179461
5.304786,28,6705.196182
7.493637,33,6707.463679
23.346754,58,6712.574441
18.822438,61,6716.441427
2.583982,19,6717.541785
7.373771,31,6719.592557
9.34623,34,6721.480452
13.086516,44,6723.903985
8.068301,33,6725.311334
5.238967,13,6726.163844
62.030278,157,6735.040226
-1.816902,9,6735.646467
14.384397,34,6738.018155
13.487555,36,6740.125394
11.229758,27,6741.768977
1.276268,17,6743.087088
-2.590099,6,6743.557127
26.676228,64,6747.489494
10.942482,39,6749.922253
8.233045,34,6751.844595
20.479278,62,6755.733359
49.052695,113,6762.559335
1.629065,5,6762.850843
13.021891,35,6764.971982
10.500249,38,6766.822282
0.515859,2,6766.920747
20.451361,62,6770.57912
0.554632,2,6770.70988
5.51634,14,6771.537416
10.701529,39,6773.665814
14.92016,74,6777.147766
10.526404,59,6781.263116
22.243701,65,6785.114108
2.425906,19,6786.560449
51.164307,127,6794.011481
40.461926,99,6800.534612
30.3867,77,6805.70658
11.155929,27,6807.303924
6.466078,29,6809.003549
23.784032,65,6812.874605
4.46615,29,6814.77029
7.358491,18,6815.883586
16.357975,66,6820.414076
50.660298,128,6827.604415
25.958504,74,6831.502929
3.907928,22,6834.756539
0.310379,13,6835.574851
23.835297,64,6839.657281
2.902919,20,6840.872972
25.016579,73,6844.911914
52.653075,150,6853.423317
-1.186369,11,6854.110742
-0.183922,12,6854.995292
4.278339,24,6856.627557
16.999099,55,6859.943051
1.551051,17,6861.008666
3.072677,8,6861.417896
20.266761,61,6865.123658
3.873875,25,6866.483843
5.292197,29,6868.044608
24.481981,57,6870.866416
2.034475,18,6871.661791
35.669929,94,6876.676292
27.330906,63,6880.599267
-1.075981,10,6881.187302
1.151491,16,6882.126709
36.761644,92,6887.965606
8.334824,36,6890.559276
39.093715,110,6896.822794
8.121105,35,6899.036553
7.967347,31,6900.89224
2.68593,8,6901.398979
3.339279,9,6901.944264
12.470466,44,6904.293836
3.249523,22,6905.557448
2.430939,19,6906.609315
22.454871,53,6910.158892
1.957386,19,6911.234831
10.343996,40,6913.70928
2.502428,21,6915.012908
10.426503,29,6916.631773
18.962466,53,6919.535388
18.78923,50,6922.639531
-0.092646,13,6923.499676
10.110357,38,6925.628646
22.240063,55,6929.231621
0.87011,16,6930.398602
3.521317,21,6931.966424
3.485018,9,6932.610714
-1.192705,10,6933.398642
10.919568,40,6935.97173
9.220525,44,6939.089893
17.015616,58,6943.095564
17.238556,60,6946.496794
21.188873,59,6949.222742
7.251189,18,6949.963676
43.228702,107,6954.967553
7.26749,33,6958.985682
2.462234,18,6960.036847
2.551097,7,6960.449457
45.06834,112,6967.685905
14.156277,35,6970.228376
1.649321,17,6971.467298
8.735396,32,6973.433214
2.547786,21,6974.632245
60.958972,139,6982.96494
10.74735,59,6986.110416
4.766129,13,6986.916733
9.411173,48,6990.102614
1.607546,17,6991.134686
6.169869,28,6993.083151
22.199952,54,6996.53029
4.180986,22,6997.783279
23.528523,66,7001.618648
36.721975,99,7007.746141
17.224389,57,7011.285159
38.013704,90,7016.875046
8.421602,36,7018.821539
51.859821,130,7026.39496
17.670544,45,7029.054451
49.867545,138,7037.777395
22.932825,65,7041.144145
16.955625,40,7042.785216
4.916426,26,7043.896124
21.66833,62,7047.597077
7.176457,32,7049.379968
46.365213,116,7056.779819
3.626916,20,7058.11274
47.545423,129,7066.033048
5.076579,26,7067.570107
55.703035,151,7077.342102
-1.86528,8,7077.869115
1.265223,4,7078.161935
-0.686864,12,7079.420185
3.06461,21,7081.028346
2.923006,20,7082.185303
21.515722,66,7087.527363
0.854617,15,7088.432155
28.47148,70,7092.571938
24.359766,60,7096.868327
13.596467,50,7099.791242
58.623665,146,7107.466613
10.637712,43,7110.511982
7.630056,31,7112.271204
6.651631,29,7114.073981
18.113415,61,7117.611263
10.958838,40,7120.118656
17.776574,47,7122.990006
3.634551,23,7124.395427
15.64017,39,7126.837898
-0.642123,11,7127.661278
18.299165,61,7130.998599
9.983851,26,7132.373808
18.398091,61,7135.612049
3.580195,21,7136.799801
10.098597,39,7138.713712
5.53463,15,7139.49143
8.060141,36,7141.893849
-0.703421,11,7142.695043
30.907845,98,7148.55392
4.583472,22,7149.699163
23.754529,77,7155.056184
6.294398,27,7156.987247
28.691882,68,7161.040225
18.258504,47,7163.674996
36.526306,95,7168.692009
10.717175,38,7170.804329
17.815621,43,7173.546587
32.900892,89,7179.078566
12.85006,41,7181.72601
5.920601,16,7182.63329
0.534969,2,7182.770281
13.043241,33,7184.62578
11.542094,43,7186.95261
32.68832,83,7191.936972
10.667967,56,7196.308176
8.002028,40,7198.643294
9.639137,51,7202.394166
2.873222,21,7203.830942
12.619369,44,7206.348959
18.661395,72,7211.956104
-0.523777,12,7212.472404
19.522713,48,7215.732389
59.223411,139,7223.535731
11.200188,38,7225.808789
0.50426,14,7226.830069
24.542736,69,7231.738761
25.496791,59,7235.26579
6.634463,31,7237.027666
-2.77914,6,7237.395104
8.86276,34,7239.554129
5.02851,39,7241.664502
5.55168,14,7242.589849
16.645789,64,7247.005661
45.595266,144,7254.256312
39.413962,102,7259.306296
4.486027,25,7260.904637
4.479723,22,7262.244696
1.388327,17,7263.273912
22.405011,62,7267.476808
21.479042,62,7272.433323
12.505335,59,7276.222968
20.375458,56,7279.680081
2.910135,8,7280.201516
7.120645,31,7281.991339
0.916093,3,7282.207535
12.071333,31,7284.219159
8.50032,37,7285.873436
1.626599,5,7286.117508
19.053428,52,7288.924817
36.321519,102,7294.7573
2.40853,7,7295.063164
17.161093,46,7297.821406
5.445436,24,7299.303551
19.382763,43,7301.634139
18.751858,51,7304.927197
1.321394,17,7305.908297
17.673667,53,7309.109677
41.201473,98,7315.457374
14.039321,35,7317.490678
4.894368,12,7318.2252
26.209789,66,7322.344442
0.306726,13,7323.066204
0.182438,14,7323.932326
2.375663,7,7324.48684
10.714152,39,7327.160703
-0.138989,13,7328.05962
27.199135,87,7334.071903
38.228298,95,7339.053005
38.282952,118,7346.399279
8.101329,22,7347.926335
6.289083,30,7349.741727
11.862658,37,7352.128667
29.512012,72,7356.942287
0.447643,13,7357.866826
0.555602,2,7358.072005
16.759987,58,7361.841957
28.754414,69,7366.051541
24.039975,74,7370.551622
7.481112,44,7373.301982
11.319994,27,7374.850253
18.394205,58,7377.625298
14.688762,34,7379.735598
13.248248,41,7382.045972
48.878928,130,7387.675329
2.128626,18,7388.83645
29.693248,78,7393.656851
35.201785,92,7399.052125
19.588601,52,7402.151345
32.696767,77,7406.545915
14.216936,35,7408.46497
0.995057,15,7409.230531
15.926021,62,7412.432949
15.684683,53,7415.959854
8.644301,35,7418.410747
28.349357,76,7423.273422
4.286543,24,7424.796514
19.126208,61,7428.273125
3.92166,10,7428.928142
4.068542,25,7430.461646
2.220979,18,7431.450159
11.715828,32,7433.251212
-1.078294,10,7433.875356
-2.753076,6,7434.241766
9.926064,25,7435.80595
8.287919,30,7437.342459
5.698148,26,7438.841896
22.717416,69,7443.055747
30.799155,78,7447.755701
23.787171,74,7451.74733
4.085467,23,7453.041903
25.237399,70,7459.001322
-1.153143,11,7459.749653
17.046814,40,7462.137156
2.15036,18,7463.223295
19.124559,57,7466.472035
9.197882,35,7468.371964
18.343057,48,7471.416939
41.32401,121,7477.803524
-0.097784,13,7478.685669
0.972151,3,7478.828268
23.477364,76,7482.913678
0.368056,13,7483.718035
14.744366,48,7486.769474
10.594337,41,7489.093241
-0.109048,13,7489.85315
13.334452,45,7492.498531
32.993268,82,7497.434654
6.515603,27,7499.300403
7.249482,20,7500.47139
12.920062,59,7503.939758
23.227513,70,7507.746601
20.500987,52,7510.158026
26.511918,61,7513.376766
44.47882,131,7519.650515
9.115479,22,7521.135332
11.789095,45,7523.887764
11.92472,43,7526.413008
24.713056,78,7531.515183
-2.513669,6,7531.898254
4.571725,12,7532.625224
14.436304,51,7535.59604
14.233066,51,7538.370529
6.1709,27,7539.978323
7.282347,23,7541.050327
44.279829,102,7545.544438
3.046727,21,7546.830719
3.876128,11,7547.38231
25.996697,61,7550.578341
24.083155,67,7554.675287
1.053984,16,7555.719053
2.906979,9,7556.2701
15.184127,38,7558.432173
4.74813,13,7559.267076
30.808083,99,7565.037529
28.213936,74,7569.592396
1.149798,15,7570.41398
-0.957856,10,7571.000444
13.870303,45,7575.593468
6.035641,16,7576.532677
9.609628,38,7578.507736
16.431724,50,7580.869093
4.765953,24,7581.872639
26.810182,76,7585.500504
10.560025,41,7588.017457
3.555036,25,7589.749886
2.307105,21,7590.951837
12.41647,47,7593.673144
-1.416424,9,7594.120998
14.185054,49,7597.024531
50.776384,119,7604.239983
18.340716,43,7606.855114
60.7442,146,7615.938493
3.211295,20,7617.061277
11.712163,45,7619.6358
22.441768,63,7623.139937
6.42169,31,7624.548626
31.427349,81,7627.973119
20.526823,72,7631.122212
5.920402,28,7632.732268
19.735733,57,7635.534268
38.099811,90,7641.103103
7.378886,48,7644.035599
24.092652,79,7649.01549
29.949915,86,7653.499975
5.310795,26,7654.958092
14.858496,48,7657.609305
24.597395,75,7662.022775
3.80297,10,7662.691615
8.322534,50,7665.985363
5.331181,27,7667.8335
2.301631,19,7668.96653
23.955813,68,7672.579027
15.619693,42,7674.793771
4.006747,23,7676.069621
48.950858,128,7683.586743
17.139504,42,7685.926995
2.897981,20,7687.204648
