#{"t_start": 1774749722.7222857, "env_id": "continuous-exit-v0"}
r,l,t
-3.729891,4,24.82521
-3.026667,5,25.107188
2.271112,6,25.458197
0.875067,3,25.617941
-3.032013,5,25.875137
3.416735,9,26.375669
1.291294,4,26.590451
2.080105,6,26.91092
0.525972,2,27.014184
2.865783,7,27.384501
0.543693,2,27.501326
0.542608,2,27.601279
0.53822,2,27.707456
2.375502,7,28.123788
0.484983,2,28.261038
-3.536847,4,28.605065
0.518477,2,28.958337
0.35683,2,29.094215
2.050993,6,29.436984
1.004971,3,29.660909
0.497659,2,29.793153
-3.575565,4,30.076098
0.988698,3,30.333234
0.348702,2,30.522651
0.514442,2,30.710686
1.323332,4,31.024637
0.562658,2,31.186098
0.551641,2,31.369617
0.843846,3,31.581253
0.355472,2,31.74403
0.54347,2,31.882593
1.682548,5,32.143478
0.539513,2,32.259633
-3.079159,5,32.587027
1.273936,4,32.920482
0.526966,2,33.04264
0.907386,3,33.254543
0.543296,2,33.413827
0.521013,2,33.546694
-3.90257,5,33.91902
2.422084,7,34.412024
0.880321,3,34.617931
2.159115,6,35.107398
0.337528,2,35.279953
3.132269,9,36.027372
4.112915,11,36.773113
0.921171,3,36.93105
0.54599,2,37.045437
1.529425,5,37.306088
0.562031,2,37.404601
0.582935,2,37.52108
1.330782,4,37.752919
0.471136,2,37.848347
1.639208,5,38.109625
0.563125,2,38.23424
1.225918,4,38.453912
0.56811,2,38.551283
0.322357,2,38.670081
0.907786,3,38.829491
2.182789,6,39.171236
1.61845,5,39.465591
0.907017,3,39.622326
0.336629,2,39.742005
1.489791,5,40.021594
1.451874,5,40.276076
1.671469,5,40.528112
1.446364,5,40.76221
0.513879,2,40.878607
0.579621,2,40.992196
2.253363,6,41.306203
-1.646919,8,41.765918
1.260702,5,42.018429
0.333679,2,42.114203
0.32722,2,42.229958
0.557257,2,42.346087
0.451356,2,42.461225
0.551867,2,42.574259
0.538741,2,42.689592
3.234661,9,43.165127
5.455884,13,43.850757
0.507367,2,43.947527
0.482844,2,44.062655
-2.38915,7,44.439752
0.528723,2,44.553826
1.312192,4,44.768503
0.925054,3,44.923345
0.352221,2,45.019784
1.897192,6,45.331917
0.32698,2,45.446226
1.449584,5,45.70098
0.336228,2,45.816947
0.457991,2,45.932759
0.544347,2,46.031372
-1.713985,8,46.42885
1.732025,5,46.667929
0.5629,2,46.786024
-3.552626,4,47.005612
-3.223926,5,47.277859
0.539578,2,47.393913
1.359453,4,47.608344
0.531375,2,47.722881
2.399024,7,48.116453
1.297578,4,48.292336
-2.833602,6,48.628544
0.556034,2,48.745071
0.537731,2,48.842492
0.54221,2,48.940093
0.803412,4,49.153891
0.534803,2,49.267636
1.212398,4,49.460787
0.527882,2,49.577886
0.782588,3,49.733167
0.542972,2,49.923234
1.594066,5,50.366848
0.48059,2,50.516512
1.315947,4,50.731438
-3.073402,5,51.104572
0.550198,2,51.253668
0.503805,2,51.403901
0.539729,2,51.563937
-2.088766,7,52.111454
-2.990586,5,52.428978
0.536951,2,52.526048
0.539682,2,52.643534
-2.671448,7,53.183023
0.542956,2,53.379957
0.53442,2,53.560549
0.894791,3,53.861524
0.504727,2,54.01167
0.52754,2,54.175435
0.506149,2,54.305564
1.289299,4,54.515861
0.507059,2,54.636876
0.90499,3,54.796933
0.453994,2,54.930994
2.09505,6,55.342728
1.850821,6,55.801887
1.40474,4,56.155779
0.887553,3,56.37711
-3.33456,5,56.755219
0.870688,3,56.989021
0.451169,2,57.179465
1.128675,4,57.473882
1.307583,5,57.844049
0.454293,2,57.982201
0.541115,2,58.115041
0.700266,3,58.346166
0.518176,2,58.49565
1.57276,5,58.905246
0.974047,3,59.156021
0.911561,3,59.357421
0.517127,2,59.512622
1.360219,4,59.796978
1.524564,5,60.173204
0.947725,3,60.368101
0.523131,2,60.539434
0.549758,2,60.661445
0.954288,3,60.856665
0.538843,2,60.983301
0.536635,2,61.080809
4.895227,13,61.833212
0.522133,2,61.932124
0.541585,2,62.029429
0.522133,2,62.14095
1.738498,5,62.560798
0.929779,3,62.800139
1.592251,5,63.153778
0.328362,2,63.274042
1.544296,5,63.53094
0.986966,4,63.848977
0.913535,3,64.119605
0.987512,3,64.339991
0.503186,2,64.516769
0.553669,2,64.701314
-3.331589,4,65.034771
1.726501,5,65.386429
-2.523029,6,65.843252
1.304134,5,66.361517
0.539115,2,66.523329
1.690714,5,66.95759
0.564751,2,67.130898
0.872416,3,67.42969
0.515771,2,67.632314
0.500155,2,67.838592
0.507815,2,68.032461
0.530035,2,68.188941
0.516237,2,68.352628
0.881517,3,68.592629
2.057823,6,69.050037
0.358313,2,69.199042
0.515637,2,69.337881
1.751326,5,69.671398
-3.031683,5,70.002963
0.510928,2,70.147559
0.911763,3,70.388368
0.530837,2,70.507795
0.481336,2,70.633209
1.251534,4,71.000389
4.162099,10,71.804576
1.34745,4,72.131078
0.521263,2,72.322687
3.133975,8,72.87097
1.3616,4,73.179327
0.52819,2,73.346876
0.935639,3,73.577348
0.718474,3,73.785952
0.318918,2,73.937764
0.454952,2,74.084939
0.332422,2,74.267054
0.334468,2,74.426481
0.533672,2,74.586142
0.525372,2,74.774012
0.529191,2,74.915141
0.533954,2,75.04506
-1.765047,8,75.588712
0.546585,2,75.728234
0.879683,3,75.935292
0.51759,2,76.049742
-3.559762,4,76.26316
0.517776,2,76.359704
0.344295,2,76.457668
0.537096,2,76.572526
1.699119,5,76.823972
0.535292,2,76.940129
0.351524,2,77.054777
1.193652,4,77.264917
0.509804,2,77.379721
1.408515,4,77.611517
-2.913657,5,77.86358
1.266918,4,78.075148
-3.030863,5,78.332528
1.931349,6,78.623885
0.523017,2,78.723633
1.547328,5,78.998961
0.885253,3,79.154297
0.500692,2,79.272436
-1.268351,9,79.743131
1.224228,4,79.95806
0.556919,2,80.074483
0.523356,2,80.174679
0.502008,2,80.275659
0.335507,2,80.403306
0.873165,3,80.566889
0.569865,2,80.667259
-3.421525,5,80.942288
1.502325,5,81.240989
0.316746,2,81.341159
0.555303,2,81.439301
1.304373,4,81.655838
0.515829,2,81.770337
1.976447,6,82.268573
0.534019,2,82.429985
0.861991,3,82.683059
0.52612,2,82.81431
-3.015517,5,83.100972
0.53953,2,83.202577
0.543828,2,83.355789
0.916459,3,83.595383
0.519734,2,83.764205
0.538846,2,83.946293
0.529588,2,84.099572
0.518534,2,84.233697
0.518119,2,84.416325
0.886764,3,84.68686
0.339159,2,84.859939
0.49327,2,85.040786
0.753816,3,85.26524
0.881533,3,85.487365
-2.411038,8,86.087184
0.583889,2,86.274788
1.755536,5,86.716638
1.13347,4,87.058364
0.516453,2,87.284481
0.543176,2,87.479668
0.5432,2,87.634539
0.52865,2,87.784652
0.958136,3,88.081682
0.527306,2,88.244843
0.539407,2,88.40461
4.206219,10,89.218576
-2.364491,7,89.668858
0.557203,2,89.796641
0.512735,2,89.922183
0.954617,3,90.094119
0.543814,2,90.212888
-3.170201,5,90.579319
0.549256,2,90.750598
0.55251,2,90.866234
1.660013,5,91.210287
1.644593,5,91.545699
0.852044,3,91.787011
1.368803,5,92.114393
0.448615,2,92.263324
0.320644,2,92.421705
0.556596,2,92.563678
0.510051,2,92.685819
0.560286,2,92.810395
-2.802013,6,93.244008
1.555236,5,93.584401
3.268324,9,94.029527
3.618352,10,94.577577
0.326746,2,94.674243
0.519422,2,94.793328
1.324234,4,95.008974
0.571632,2,95.124799
0.49996,2,95.245372
0.48847,2,95.364872
0.551021,2,95.462496
0.473,2,95.566242
0.354352,2,95.66799
0.533475,2,95.792195
0.548186,2,95.908884
2.097337,6,96.242737
3.783422,10,97.032141
0.987751,3,97.268084
2.046968,6,97.827223
0.546049,2,98.00445
0.349695,2,98.124145
1.341029,4,98.363509
1.833599,5,98.703248
0.901029,3,98.907343
0.512691,2,99.054124
3.006776,8,99.609983
0.324267,2,99.741439
0.817569,3,99.949004
3.982779,10,100.729672
0.329092,2,100.884905
0.537455,2,101.043919
0.894453,3,101.254068
0.576307,2,101.392346
0.47072,2,101.516088
2.207049,6,101.91928
-3.195139,5,102.256958
0.494629,2,102.355218
0.8986,3,102.535467
-2.986788,5,102.847637
1.373506,4,103.214041
0.90114,3,103.462753
1.550709,5,103.816662
0.515724,2,104.020755
1.975755,6,104.455555
0.527159,2,104.559588
0.767515,3,104.721302
-0.766578,10,105.374222
0.92165,3,105.605202
0.561201,2,105.819389
2.158511,6,106.355582
0.910509,3,106.65681
0.513364,2,106.851274
0.546733,2,107.048593
1.953808,6,107.436565
2.086195,6,107.853894
0.888954,3,108.070332
-2.736351,6,108.52805
-3.019451,5,108.869685
0.335522,2,108.997941
0.525573,2,109.133976
1.625951,5,109.512934
1.908379,6,109.966845
0.557176,2,110.122774
0.535742,2,110.263972
-0.375133,12,111.103844
-1.942955,8,111.692189
-3.744019,4,111.985318
0.348912,2,112.117845
0.551169,2,112.274586
0.69,3,112.506271
1.54937,5,112.803425
0.330855,2,112.933164
0.561764,2,113.081192
2.177265,6,113.454369
0.513163,2,113.584959
1.083154,4,113.908258
0.531028,2,114.053481
0.341586,2,114.193726
0.326201,2,114.361546
1.35441,4,114.662121
0.535171,2,114.832752
0.734603,3,115.053639
0.524317,2,115.187057
0.885144,3,115.443696
1.985102,6,115.864442
1.747869,5,116.204978
0.544955,2,116.367812
0.328993,2,116.498436
0.312552,2,116.639328
0.508313,2,116.757341
-2.956395,6,117.17254
2.439499,6,117.668715
-2.634669,7,118.290393
0.955744,3,118.526355
0.54248,2,118.678495
0.552674,2,118.877599
1.34144,5,119.158562
0.908408,3,119.315128
0.973267,3,119.510161
0.546264,2,119.612911
0.534457,2,119.722939
0.921581,3,119.89343
1.993984,6,120.244964
1.668071,5,120.552146
2.124975,6,120.976086
1.255477,4,121.216935
2.18087,6,121.609037
0.503931,2,121.769889
-3.364163,5,122.148866
0.545091,2,122.273004
0.916829,3,122.489223
0.331541,2,122.647949
3.399338,9,123.125484
2.36792,6,123.421477
1.803833,5,123.815978
0.53564,2,123.93193
0.324386,2,124.047853
0.444664,2,124.162807
2.348067,7,124.497711
1.468505,5,124.751501
0.343366,2,124.847431
1.996828,6,125.145854
0.54732,2,125.24396
0.448711,2,125.362251
4.343171,12,125.974689
0.514693,2,126.07177
1.691222,5,126.303999
0.549222,2,126.420598
0.502461,2,126.518316
1.7895,5,126.778036
0.52005,2,126.895331
-2.246885,7,127.269934
0.354854,2,127.385124
0.910467,3,127.549496
1.51067,5,127.791249
0.487423,2,127.88886
0.320846,2,128.002791
0.541618,2,128.121891
2.039422,6,128.454694
0.553307,2,128.570896
0.320589,2,128.668989
1.319799,4,128.88034
1.35749,5,129.139086
0.323056,2,129.258359
3.37853,9,129.807306
0.564089,2,130.004695
0.870933,3,130.140578
0.544778,2,130.237687
0.544916,2,130.357179
-3.096714,5,130.713354
0.518671,2,130.831142
0.942605,3,130.98501
0.571681,2,131.08463
1.681331,6,131.403436
1.059243,4,131.654294
0.350798,2,131.776898
0.886681,3,131.93681
0.513279,2,132.070339
0.324177,2,132.200916
0.32757,2,132.333189
0.336949,2,132.453671
0.555613,2,132.571749
0.337128,2,132.689834
2.032078,6,133.040105
0.532315,2,133.195086
0.511814,2,133.383677
1.357801,4,133.676671
0.915488,3,133.92321
3.066705,8,134.384053
0.320094,2,134.525705
0.33725,2,134.70394
0.330168,2,134.878612
3.212554,8,135.466876
0.549892,2,135.626127
0.461051,2,135.789278
0.942381,3,136.033185
0.335659,2,136.160386
1.605742,5,136.552595
-3.487089,4,136.879439
1.210959,4,137.187375
0.556293,2,137.343511
1.250704,4,137.632141
1.318295,4,137.955189
0.543908,2,138.109579
0.918982,3,138.326246
1.933717,6,138.774822
2.411158,7,139.280408
0.516168,2,139.464081
2.458868,7,140.051431
0.887607,3,140.356948
2.181646,7,141.012155
0.497534,2,141.201946
0.956351,3,141.404705
0.510008,2,141.503721
0.906995,3,141.657201
2.165502,6,142.092398
0.484955,2,142.214477
1.267673,5,142.537511
1.286621,4,142.837933
0.554258,2,142.989431
0.517153,2,143.145164
0.33045,2,143.298143
0.498745,2,143.456182
0.55664,2,143.583522
0.869234,3,143.737444
0.965941,3,143.909346
0.940298,3,144.045373
2.738383,8,144.475494
0.548782,2,144.590273
0.471676,2,144.706484
0.548679,2,144.824764
0.578508,2,144.939352
0.528158,2,145.053452
0.526468,2,145.167295
0.342564,2,145.285023
4.585195,12,146.066872
0.48261,2,146.256953
0.447732,2,146.418002
0.493248,2,146.563387
0.378549,2,146.667568
0.916726,3,146.828488
2.225207,7,147.258259
0.817677,3,147.474965
0.50839,2,147.593295
0.454809,2,147.761051
1.214026,4,148.049246
0.525872,2,148.223105
0.547848,2,148.393522
0.357463,2,148.522238
0.563,2,148.648489
0.563005,2,148.805694
2.518547,7,149.308975
0.550581,2,149.469274
0.532544,2,149.57181
0.333546,2,149.687494
0.547478,2,149.820129
1.365962,4,150.133354
0.506292,2,150.264335
1.264584,4,150.584465
2.388354,7,151.078095
0.357421,2,151.202329
0.482084,2,151.343144
4.578004,12,152.316717
0.699127,3,152.559018
0.56295,2,152.712951
0.373667,2,152.832904
0.503401,2,152.950848
0.530319,2,153.066841
0.336696,2,153.182642
0.883984,3,153.355503
0.549928,2,153.485445
1.228868,4,153.733543
0.53927,2,153.873332
0.538819,2,154.008309
-3.412034,5,154.333663
0.548764,2,154.472758
1.669671,5,154.792349
0.338104,2,154.965438
0.938704,3,155.176128
0.521354,2,155.29636
2.61288,8,155.844378
-3.237152,5,156.193902
0.92034,3,156.465785
0.50679,2,156.620965
0.935933,3,156.831499
-3.172785,5,157.10341
0.571221,2,157.218647
2.514834,7,157.622995
1.673302,5,157.893687
0.88924,3,158.047885
0.546509,2,158.165979
0.546714,2,158.264409
0.542357,2,158.379612
0.490895,2,158.494268
0.323955,2,158.611213
0.52892,2,158.708173
0.348276,2,158.826891
4.324106,11,159.357778
2.427747,7,159.713782
0.548126,2,159.830556
1.291467,4,160.044863
1.437518,5,160.321757
0.537342,2,160.418271
0.456076,2,160.51702
0.318406,2,160.613871
0.551652,2,160.728637
1.166307,5,163.717936
0.532583,2,163.907092
-3.043518,5,164.299144
0.55029,2,164.448023
0.520775,2,164.597342
0.566515,2,164.74955
-2.988986,5,165.118381
0.534359,2,165.268181
1.705294,5,165.629329
3.082339,9,166.231529
0.914874,3,166.444239
0.571495,2,166.600589
0.541849,2,166.757263
0.541154,2,166.88333
0.519574,2,167.020154
2.558561,7,167.464626
0.526989,2,167.584646
-3.089,5,167.963601
0.558786,2,168.095301
0.520438,2,168.252692
0.324848,2,168.397803
0.518406,2,168.559474
0.509466,2,168.704944
2.498483,7,169.174381
1.278837,5,169.558297
2.042227,6,169.958075
2.238921,6,170.275159
1.831483,5,170.529314
0.534043,2,170.643893
0.524703,2,170.760104
0.324071,2,170.876315
0.557624,2,170.992082
0.53575,2,171.107662
-3.525502,4,171.321739
0.515081,2,171.43608
0.540081,2,171.533301
0.552311,2,171.647196
0.51606,2,171.743893
0.55333,2,171.84068
0.325357,2,171.956733
1.269582,4,172.169502
0.543685,2,172.267581
-2.223979,8,172.693059
0.576576,2,172.807257
0.329648,2,172.922615
0.542989,2,173.037843
0.532139,2,173.157918
0.554261,2,173.256392
0.560111,2,173.353288
0.898347,3,173.508743
0.545131,2,173.622681
0.533516,2,173.737167
0.535144,2,173.852751
0.523989,2,173.968731
-2.147708,8,174.387278
0.557149,2,174.503446
0.353628,2,174.602205
-0.034776,11,175.194263
0.541505,2,175.307567
-2.571847,6,175.76899
0.520588,2,175.98861
0.551822,2,176.220471
0.512891,2,176.434973
0.546157,2,176.587117
0.354189,2,176.704432
0.503891,2,176.818388
1.756333,5,177.089294
0.52191,2,177.25034
0.336063,2,177.415144
0.551794,2,177.542193
0.521358,2,177.679308
0.557438,2,177.827525
1.282911,4,178.150588
4.956003,13,179.107164
0.555768,2,179.252863
0.526867,2,179.409575
0.554265,2,179.57606
-3.465151,4,179.891097
0.331389,2,180.059714
0.483735,2,180.218753
0.958216,3,180.475078
1.994715,6,180.889746
0.951751,3,181.067521
2.389515,7,181.461048
0.943386,3,181.619896
0.533678,2,181.718981
0.984056,3,181.895921
0.537864,2,181.993689
0.338341,2,182.100325
0.532871,2,182.231211
1.839169,6,182.570789
0.521203,2,182.690795
0.358005,2,182.799467
0.543757,2,182.904914
0.511959,2,183.006912
0.517153,2,183.111205
0.549449,2,183.231967
0.316431,2,183.349945
1.814086,5,183.802772
0.456399,2,184.079908
0.561721,2,184.29801
0.519686,2,184.436601
1.625987,5,184.700236
1.990077,6,185.15722
0.517137,2,185.308397
0.526467,2,185.462087
0.522853,2,185.611883
0.496753,2,185.749054
0.565576,2,185.92988
0.330801,2,186.089945
0.50685,2,186.285947
3.26386,9,186.989841
0.53321,2,187.15745
0.55888,2,187.332481
0.556755,2,187.488
0.539158,2,187.663483
0.531806,2,187.77773
0.526419,2,187.895846
0.54672,2,188.01352
0.928571,3,188.168197
0.329743,2,188.265368
1.246504,4,188.491315
2.014902,6,188.840983
0.575355,2,188.959636
0.531514,2,189.077162
0.516253,2,189.196199
0.534902,2,189.315939
0.512329,2,189.434057
0.535103,2,189.549852
-1.539187,9,190.055495
0.563843,2,190.175143
-3.604074,4,190.391152
0.952537,3,190.547324
0.538136,2,190.664177
0.534624,2,190.806086
0.512587,2,190.946975
0.546274,2,191.111342
-2.461019,6,191.775652
0.329368,2,191.982406
1.181092,4,192.325402
2.114154,6,192.79036
1.318505,4,193.099587
1.686729,5,193.479151
0.917093,3,193.73956
0.474426,2,193.890685
0.537146,2,194.066893
4.21587,11,194.815274
0.493693,2,194.930025
0.32791,2,195.029211
0.942543,3,195.233562
0.487201,2,195.361428
0.527881,2,195.484576
0.552583,2,195.610062
1.718169,5,195.948704
1.712259,5,196.269018
2.326097,7,196.709588
0.508291,2,196.847043
0.524208,2,197.005656
1.304564,4,197.317804
0.538879,2,197.497122
0.548503,2,197.639697
0.897471,3,197.84408
0.894441,3,198.06235
0.571456,2,198.187902
0.91777,3,198.342596
0.53395,2,198.441823
2.029472,6,198.73989
0.529567,2,198.856134
2.153838,6,199.153189
2.42004,7,199.506417
0.542267,2,199.62152
0.525387,2,199.71819
0.920175,3,199.873183
0.556074,2,199.990744
0.520866,2,200.10936
2.227888,6,200.427649
-2.290741,7,200.783406
0.538721,2,200.881435
0.558089,2,200.979803
2.396432,7,201.374113
0.515812,2,201.488608
0.365042,2,201.602358
0.529845,2,201.717129
-2.955843,6,202.047201
-3.487492,4,202.320633
1.589034,5,202.663013
0.512064,2,202.847097
1.635487,5,203.236958
0.962378,3,203.475722
2.589129,7,203.882462
0.504631,2,204.015918
0.512266,2,204.144717
0.344132,2,204.315087
0.910545,3,204.518939
0.528139,2,204.651463
0.53038,2,204.789732
0.532926,2,204.901268
3.118886,9,205.524855
0.529454,2,205.702522
0.936343,3,205.977718
0.50593,2,206.122644
0.541926,2,206.278964
0.861836,3,206.587899
0.333991,2,206.794438
0.49981,2,206.953493
0.549111,2,207.104254
-2.809322,6,207.484703
0.500591,2,207.60921
2.366958,6,208.033592
0.52109,2,208.182861
0.561059,2,208.344203
0.567147,2,208.50116
3.575462,9,209.262639
0.519689,2,209.446998
0.943732,3,209.683547
0.881529,3,209.930823
3.766436,9,210.653402
2.339971,8,211.225764
-3.280008,5,211.614703
0.913181,3,211.823054
-3.032657,6,212.234365
0.91009,3,212.453004
0.324697,2,212.610411
2.524851,7,213.116608
2.624204,7,213.637921
1.923008,6,213.98775
1.745832,5,214.243313
0.875444,3,214.418169
0.348126,2,214.517509
0.894339,3,214.675887
1.719684,5,214.929873
0.505015,2,215.045804
0.324174,2,215.159902
-2.839709,6,215.456208
0.833866,3,215.610469
0.321435,2,215.708808
0.51492,2,215.826368
0.559923,2,215.942915
0.92096,3,216.09939
0.541841,2,216.197565
0.547435,2,216.314431
0.490914,2,216.430903
0.522034,2,216.547879
0.922077,3,216.707926
0.561814,2,216.806482
0.906239,3,216.961794
0.465066,2,217.078924
0.348649,2,217.195142
1.002311,3,217.350271
0.560278,2,217.467406
1.979564,6,217.78064
0.3411,2,217.895392
0.524982,2,218.010549
0.526453,2,218.127552
0.558125,2,218.242203
0.899772,3,218.413226
0.515277,2,218.533619
0.54244,2,218.652226
0.332184,2,218.748518
2.221216,6,219.045879
1.860443,6,219.38254
0.901753,3,219.554196
1.315762,4,219.749278
0.544314,2,219.867168
0.504867,2,219.985976
0.558284,2,220.103031
1.681486,5,220.341607
-2.239399,7,220.715717
0.492463,2,220.814271
0.885471,3,220.970814
0.533271,2,221.089172
-2.603585,6,221.407082
0.555123,2,221.54165
0.511894,2,221.674612
0.505255,2,221.802988
0.514272,2,221.918726
-2.319397,7,222.293411
0.906526,3,222.432093
0.532941,2,222.549883
0.334615,2,222.666593
1.690087,5,223.086443
0.505334,2,223.255799
0.334956,2,223.489089
0.89404,3,223.720924
1.161541,4,223.95139
1.334135,4,224.208087
0.524699,2,224.362353
0.53848,2,224.515667
0.896432,3,224.728108
0.558031,2,224.865942
0.893358,3,225.091376
0.540331,2,225.244235
0.545818,2,225.375147
0.513625,2,225.544825
-3.444599,5,225.980464
0.717002,3,226.252213
1.702455,5,226.743755
0.31153,2,226.935439
0.536129,2,227.121914
1.411252,4,227.438133
0.577225,2,227.629718
2.095161,6,228.149743
1.585465,5,228.565494
0.987718,3,228.847501
0.533741,2,229.001053
1.559676,5,229.394653
0.346725,2,229.565349
0.91601,3,229.773577
0.534933,2,229.931435
0.512172,2,230.06731
0.543653,2,230.213176
0.569591,2,230.334203
0.934553,3,230.551155
0.331134,2,230.717794
0.32335,2,230.876766
0.567023,2,231.014602
0.520017,2,231.168029
0.352127,2,231.305174
0.521165,2,231.435424
0.679413,3,231.650718
0.542629,2,231.813026
1.656813,5,232.216909
0.942561,3,232.428254
0.475776,2,232.565045
0.563433,2,232.701073
1.696294,5,233.030239
0.524241,2,233.179471
0.542382,2,233.363705
0.505554,2,233.520838
0.96966,3,233.76608
2.092867,6,234.182066
0.345015,2,234.341479
0.54263,2,234.500438
-3.137972,5,234.865676
0.322719,2,235.008267
0.537123,2,235.133679
0.535646,2,235.254698
4.007053,11,235.951877
0.559433,2,236.04899
0.566474,2,236.191266
1.704265,5,236.668807
0.89695,3,236.957812
0.546238,2,237.11981
1.274737,4,237.418709
1.258011,4,237.638949
0.945705,3,237.799657
0.351341,2,237.919237
1.605645,5,238.194031
0.530607,2,238.312845
0.712672,3,238.46997
0.542491,2,238.585542
0.346128,2,238.703643
2.009476,6,239.017266
2.021018,6,239.334427
0.532747,2,239.459011
1.674886,5,239.71484
0.549858,2,239.832739
4.679072,12,240.906807
-1.563803,9,241.395042
0.525509,2,241.510961
0.507623,2,241.65808
1.377524,4,241.929737
-3.248047,5,242.278576
1.312645,4,242.547189
0.341618,2,242.663196
0.505469,2,242.761072
1.856808,6,243.095976
0.508102,2,243.211606
1.350689,4,243.423893
0.571162,2,243.541842
0.453448,2,243.638664
-3.479814,4,243.851686
0.519902,2,243.966739
-2.375356,7,244.325516
4.861622,13,244.999557
0.967711,3,245.210167
1.327681,4,245.506335
0.916407,3,245.740719
0.545695,2,245.857511
0.875425,3,246.013485
0.508138,2,246.112018
0.32526,2,246.230339
2.559872,7,246.761182
2.259538,7,247.269417
0.532187,2,247.393874
0.551628,2,247.562531
1.843053,6,247.98342
1.316993,4,248.196135
0.524016,2,248.31224
0.324267,2,248.430933
0.907486,3,248.659055
0.805255,3,248.969804
-2.180629,7,249.376483
0.546339,2,249.492352
1.631921,5,249.892125
2.135418,6,250.473267
0.897868,3,250.666788
0.543973,2,250.820339
0.920133,3,250.994714
0.336282,2,251.132224
0.530002,2,251.292264
1.282034,4,251.658056
1.570873,5,252.036785
1.342141,4,252.306058
2.078179,6,252.743669
0.559517,2,252.866164
0.899376,3,253.031136
-2.43218,6,253.37882
2.184646,6,253.709625
0.314033,2,253.808376
3.269996,8,254.220367
3.199904,8,254.669901
0.536866,2,254.833172
0.319958,2,255.006089
0.512435,2,255.186938
0.931546,3,255.44222
0.564111,2,255.593041
-1.571571,8,256.012327
3.302581,8,256.618608
0.346729,2,256.777045
0.51309,2,256.923631
0.338723,2,257.077758
0.32874,2,257.248915
0.964127,3,257.475517
0.534647,2,257.650058
0.744615,3,257.845553
3.704044,9,258.546999
0.925103,3,258.775575
3.632368,9,259.383098
-3.191481,5,259.728593
0.506078,2,259.894711
0.941945,3,260.111337
0.529176,2,260.257267
0.903896,3,260.494363
0.523288,2,260.675417
0.324478,2,260.852727
-2.914268,6,261.267256
1.708348,5,261.690736
0.896573,3,261.935597
0.333612,2,262.095862
0.550483,2,262.229362
0.909045,3,262.4396
0.510132,2,262.593052
3.991542,11,263.459388
1.422231,5,263.827086
0.537048,2,263.968231
0.550759,2,264.172469
0.527468,2,264.351822
1.254814,4,264.696877
4.551506,11,265.617856
0.532166,2,265.791181
0.530572,2,265.960629
0.514565,2,266.114445
0.549947,2,266.300792
1.299699,4,266.649822
0.357894,2,266.802516
1.255924,4,267.099121
0.529575,2,267.223627
0.337721,2,267.364802
0.331009,2,267.524904
0.311285,2,267.675497
0.905258,3,267.900076
0.498783,2,268.054617
0.55876,2,268.239801
0.338865,2,268.388406
0.503939,2,268.540099
0.553287,2,268.669132
0.539478,2,268.843736
0.529497,2,268.966733
-2.530036,6,269.416113
1.674037,5,269.736628
0.703153,3,269.943705
1.235838,4,270.262666
0.507311,2,270.422197
0.535035,2,270.597103
0.543923,2,270.725251
0.356642,2,270.833353
2.593265,7,271.284914
-3.723767,4,271.533433
1.226712,4,271.799649
0.53361,2,271.96453
1.637414,5,272.339107
0.554237,2,272.461693
-3.367095,5,272.820391
1.337288,4,273.068655
1.227519,4,273.294439
1.338865,4,273.595078
0.747208,3,273.823654
0.544635,2,273.970218
0.528094,2,274.109768
0.539426,2,274.226204
0.88337,3,274.396887
0.565639,2,274.514576
-2.291854,7,274.904985
0.523713,2,275.021057
0.495425,2,275.119887
0.338985,2,275.24122
0.541213,2,275.356779
3.21925,9,275.796806
2.725305,7,276.182818
0.953102,3,276.321657
0.464655,2,276.439511
0.54368,2,276.539562
0.544145,2,276.639791
0.934391,3,276.778637
0.540842,2,276.89771
0.538237,2,277.014148
0.51039,2,277.13146
-2.963452,6,277.464984
0.974955,3,277.63916
0.590043,2,277.753738
3.898462,11,278.328393
0.550439,2,278.424619
0.517553,2,278.521205
0.34285,2,278.636451
0.489318,2,278.752011
1.713463,5,279.005188
0.517815,2,279.103993
0.511452,2,279.225501
0.597872,2,279.32289
-2.927852,5,279.597123
0.554433,2,279.693242
1.72822,5,279.965965
0.564736,2,280.064353
0.535723,2,280.182006
1.240637,4,280.395547
0.515943,2,280.494749
0.542451,2,280.593921
-2.976683,5,280.885988
0.511188,2,281.0005
0.526493,2,281.098783
0.52733,2,281.216427
0.524024,2,281.334287
0.358097,2,281.45422
0.553479,2,281.551672
0.356868,2,281.647999
0.530171,2,281.745728
0.544548,2,281.843435
0.349219,2,281.959965
1.628168,5,282.216403
0.552564,2,282.314075
0.332922,2,282.430757
0.866772,3,282.605077
0.536596,2,282.72023
0.332028,2,282.83726
1.276997,4,283.035315
1.288143,4,283.235752
0.331391,2,283.352244
1.19038,4,283.568132
1.700104,5,283.840411
-2.734835,6,284.155252
0.559828,2,284.272171
-3.194592,5,284.56563
0.324267,2,284.682672
0.863209,3,284.861472
0.540855,2,284.994646
2.946677,9,285.453326
0.458787,2,285.568299
1.631929,5,285.858471
0.919555,3,286.070616
0.523744,2,286.232898
0.346936,2,286.40867
0.534358,2,286.564602
0.892265,3,286.821438
0.322222,2,287.034736
0.518176,2,287.217458
0.512439,2,287.404262
0.533282,2,287.615985
0.550343,2,287.784014
0.549773,2,287.949827
0.548623,2,288.113191
-2.875649,6,288.657474
0.321636,2,288.82986
1.799986,5,289.161377
3.067532,8,289.786728
0.962247,3,290.034306
1.62972,5,290.42925
1.734413,5,290.786349
0.539685,2,290.944794
1.3172,4,291.257042
0.524984,2,291.405691
-3.584936,4,291.722285
0.367167,2,291.871592
0.577137,2,292.034169
2.062786,6,292.489181
-3.324412,5,292.837194
0.333698,2,292.95239
0.519022,2,293.09321
0.540971,2,293.222371
3.14333,9,293.782929
0.534692,2,293.914306
0.552737,2,294.048017
-2.675974,6,294.414009
0.55096,2,294.562233
0.340579,2,294.718331
1.263948,4,294.998662
1.582984,5,295.300666
4.212025,10,296.030674
2.127849,6,296.324523
0.893617,3,296.482705
-2.960879,6,296.807405
0.535779,2,296.906233
0.470628,2,297.005583
0.547888,2,297.123884
1.186009,4,297.358907
1.336151,4,297.563704
0.541149,2,297.685169
1.393756,5,297.944339
0.54241,2,298.060714
0.523939,2,298.21299
1.143696,4,298.557197
0.515826,2,298.762929
0.528925,2,298.899803
0.346438,2,299.092037
0.694199,3,299.3682
0.942177,3,299.550553
0.507245,2,299.668664
0.504416,2,299.767261
1.391365,5,300.078937
0.536083,2,300.21636
0.524289,2,302.759644
-1.749648,8,303.441453
1.567876,5,303.868247
0.932193,3,304.082068
0.534524,2,304.304495
1.302083,4,304.662744
0.545131,2,304.782092
0.537986,2,304.898337
0.370424,2,305.016748
0.369778,2,305.157987
1.722708,5,305.516601
0.556523,2,305.644652
0.329874,2,305.768057
0.553951,2,305.920804
5.164573,13,306.88536
0.569122,2,307.032469
1.399545,4,307.26599
2.03051,6,307.556476
-3.252315,5,307.847877
0.324232,2,307.966361
0.358019,2,308.063833
0.571222,2,308.180968
3.351365,9,308.695496
2.893817,8,309.108749
0.500578,2,309.206972
0.34507,2,309.303842
0.52714,2,309.420035
0.500706,2,309.534384
1.944133,6,309.829869
2.638857,7,310.18433
0.517407,2,310.283253
1.32127,4,310.514309
0.510455,2,310.631009
0.836243,3,310.80456
0.51481,2,310.920853
0.551942,2,311.03662
3.791485,9,311.508957
0.353349,2,311.609298
3.27285,9,312.069343
0.529315,2,312.187187
0.569705,2,312.285124
0.879434,3,312.442018
0.514135,2,312.539753
1.16065,4,312.7536
0.348092,2,312.870459
0.964402,3,313.027348
0.486411,2,313.143104
0.562366,2,313.262444
0.326679,2,313.380931
1.28121,4,313.614208
0.504921,2,313.733153
0.331129,2,313.866113
0.572581,2,314.000055
0.886753,3,314.200004
0.95882,3,314.374982
2.561413,7,314.731199
0.952768,3,314.887521
0.523505,2,315.002825
0.550505,2,315.156328
0.565378,2,315.295398
0.565202,2,315.509927
0.506713,2,315.700554
0.540027,2,315.851069
0.521596,2,315.992347
0.554936,2,316.198072
0.524422,2,316.357115
0.552344,2,316.471179
0.353066,2,316.586815
0.5287,2,316.702721
0.350214,2,316.868349
1.25006,4,317.190186
-3.019298,5,317.557189
0.519545,2,317.738867
0.48625,2,317.913242
0.527813,2,318.106316
0.574883,2,318.2793
0.522651,2,318.414674
0.892089,3,318.635175
2.187828,6,319.189137
1.368739,5,319.636497
-2.670119,6,320.097671
0.551791,2,320.240742
0.526257,2,320.388926
-3.607625,4,320.718226
1.673433,5,321.090708
0.345853,2,321.258153
0.537884,2,321.399891
0.533856,2,321.578275
0.349612,2,321.719826
1.334348,4,322.055571
0.847238,3,322.302305
0.34553,2,322.491323
0.53294,2,322.682621
0.513279,2,322.881317
0.336917,2,323.060063
0.505363,2,323.213764
0.499642,2,323.366635
0.566631,2,323.501949
0.348962,2,323.670648
2.765852,7,324.250319
-3.273947,5,324.638041
0.548485,2,324.775369
0.324735,2,324.936084
1.003133,3,325.151428
1.259325,4,325.474355
0.902733,3,325.741929
0.522714,2,325.921878
0.528102,2,326.112716
1.754586,5,326.518044
0.907422,3,326.801882
0.854714,3,327.04005
0.327956,2,327.222758
0.514558,2,327.379896
2.955827,8,327.97507
0.552472,2,328.129219
0.899881,3,328.324708
3.540965,9,329.068346
0.320007,2,329.21786
2.449643,7,329.77078
1.216724,4,330.057029
0.53864,2,330.192972
1.230923,5,330.533723
0.537875,2,330.687123
1.306808,5,331.04181
-2.910189,5,331.483303
0.34727,2,331.634827
0.527234,2,331.799019
0.337204,2,331.924639
2.288065,6,332.382242
0.906668,3,332.578776
0.344253,2,332.7268
2.434414,7,333.182961
0.511153,2,333.306245
0.562705,2,333.406179
0.861533,3,333.574461
0.519992,2,333.692466
1.368231,4,333.927233
0.334175,2,334.044823
0.584825,2,334.164604
0.888086,3,334.32552
0.494469,2,334.45804
0.912849,3,334.648813
0.535607,2,334.748626
3.383277,10,335.267807
0.566315,2,335.391791
0.31751,2,335.49025
2.389205,7,335.869217
0.542162,2,335.968744
0.542508,2,336.083861
0.528556,2,336.209809
2.61278,7,336.563636
0.536954,2,336.664068
3.022198,8,337.144132
0.501504,2,337.301728
0.524054,2,337.490953
1.137831,4,337.792073
0.891245,3,338.026498
2.232729,7,338.551765
0.501624,2,338.671105
0.342044,2,338.792783
-2.985791,5,339.149134
0.508009,2,339.309939
0.557583,2,339.464301
0.940059,3,339.671396
0.531439,2,339.818013
0.484378,2,339.96845
0.555261,2,340.154056
-1.333682,10,340.914683
0.359699,2,341.104115
0.722747,3,341.331977
0.510458,2,341.492843
1.136444,4,341.810559
0.532592,2,341.979084
0.538204,2,342.130926
1.521302,5,342.503314
-3.09913,5,342.785935
0.949022,3,342.967422
0.570026,2,343.086211
0.908675,3,343.277152
2.348996,7,343.696718
1.114112,4,343.902004
0.505989,2,344.005967
0.335406,2,344.116736
0.509359,2,344.218807
1.935064,5,344.519363
0.513264,2,344.64168
0.523844,2,344.761925
2.463946,7,345.135716
0.506101,2,345.23507
0.50864,2,345.333187
0.518548,2,345.454719
0.548971,2,345.594998
1.652461,5,346.067378
0.898526,3,346.346163
0.530464,2,346.532269
0.542012,2,346.699148
1.592758,5,347.031447
0.330237,2,347.148368
1.710503,5,347.493607
0.481691,2,347.659274
0.337787,2,347.797225
0.936186,3,348.017124
1.49786,5,348.388379
0.326662,2,348.508533
1.329284,4,348.747858
0.560759,2,348.868025
0.47376,2,348.989989
0.544971,2,349.108075
0.938516,3,349.287275
0.905148,3,349.453536
0.909505,3,349.616337
0.526715,2,349.717767
0.523712,2,349.819899
1.669846,5,350.110081
0.538758,2,350.230015
1.641492,5,350.541976
0.342569,2,350.642079
0.515095,2,350.776715
0.559244,2,350.893297
0.526806,2,351.008126
0.35574,2,351.127617
1.368762,4,351.340153
0.53276,2,351.455223
0.34367,2,351.586157
-2.501983,7,352.199279
0.513254,2,352.429314
-3.116868,5,352.747726
1.967348,6,353.287405
0.333909,2,353.489036
0.342748,2,353.644263
-1.832994,9,354.305786
1.462014,4,354.616245
0.36232,2,354.735448
1.066287,4,355.0408
0.512485,2,355.229934
0.513455,2,355.374978
1.068008,4,355.691012
0.338694,2,355.842279
2.412213,7,356.324103
0.521254,2,356.462368
0.913214,3,356.659924
0.897142,3,356.878268
0.542724,2,357.022022
1.298882,4,357.294432
0.863307,3,357.518163
0.50708,2,357.681109
0.514136,2,357.855723
0.962172,3,358.109933
0.546341,2,358.268893
0.923215,3,358.470998
0.540592,2,358.597516
-3.579701,4,358.887439
0.325835,2,359.059681
1.287724,4,359.377026
1.838742,5,359.679009
0.53928,2,359.794148
0.580749,2,359.911936
0.543415,2,360.028864
2.055845,6,360.363442
2.112176,6,360.674867
0.844781,3,360.833679
0.541143,2,360.947761
0.875077,3,361.102889
0.500994,2,361.217945
0.516702,2,361.332746
0.52014,2,361.446575
0.539924,2,361.597672
1.581685,5,362.074785
0.320797,2,362.210165
1.326232,4,362.422392
1.554464,5,362.800117
0.540453,2,362.972348
0.45627,2,363.141901
0.544828,2,363.321083
0.33202,2,363.457702
0.704123,3,363.669809
1.283903,4,363.952535
0.533264,2,364.067345
0.53001,2,364.182314
0.566004,2,364.29705
0.317441,2,364.412916
-2.513592,6,364.800429
0.505908,2,364.938659
0.972389,3,365.205389
0.544675,2,365.382802
0.845064,3,365.611189
0.915823,3,365.797489
0.53045,2,365.912115
0.539621,2,366.028578
1.335563,5,366.324425
0.943569,3,366.518263
0.555015,2,366.657679
1.138221,4,366.956517
0.511921,2,367.073826
0.907953,3,367.310316
0.852061,3,367.544591
0.90166,3,367.769004
0.522469,2,367.941111
0.342972,2,368.111641
1.23269,4,368.325
1.24008,4,368.537814
0.362065,2,368.635514
0.506159,2,368.752916
0.53115,2,368.868734
-3.354988,5,369.139817
1.181181,4,369.355785
2.06825,6,369.685584
0.5586,2,369.782264
0.36255,2,369.897259
-2.78895,6,370.212899
0.559103,2,370.328405
0.549038,2,370.444
1.2478,4,370.639626
0.860567,3,370.777159
0.529058,2,370.875958
-3.432867,5,371.169515
0.524689,2,371.284693
0.50812,2,371.410685
3.32843,9,371.970507
0.565537,2,372.089764
1.365398,5,372.380268
0.547408,2,372.497619
0.5304,2,372.613725
0.499498,2,372.729287
0.512345,2,372.845773
0.886303,3,373.058929
0.571018,2,373.267826
3.488069,9,374.071243
3.452621,8,374.628223
1.590702,5,375.075078
0.516917,2,375.264059
0.343937,2,375.49498
0.863472,3,375.788252
0.889577,3,376.07069
0.545469,2,376.27543
0.347764,2,376.489738
0.544253,2,376.694769
0.850092,3,377.029419
0.567347,2,377.166312
0.527821,2,377.272963
0.904599,3,377.466614
0.517588,2,377.617401
0.870581,3,377.858025
0.53443,2,378.006789
0.563612,2,378.173518
0.348691,2,378.329787
3.239738,9,378.968749
0.500721,2,379.169083
0.547057,2,379.315263
0.945318,3,379.546772
0.556009,2,379.722471
0.525049,2,379.857223
1.691828,5,380.264136
-1.838532,8,380.785677
-1.779525,8,381.422837
0.545465,2,381.594574
0.694946,3,381.821593
0.510603,2,381.972255
0.358246,2,382.131057
0.45654,2,382.295002
1.270436,5,382.664611
1.246156,4,383.008757
0.555578,2,383.156054
0.53499,2,383.298326
0.54069,2,383.450648
3.731793,9,384.213986
0.55022,2,384.359374
2.577129,7,384.920863
0.510353,2,385.103748
0.884284,3,385.368277
0.339123,2,385.559531
0.532657,2,385.751764
3.930358,11,386.585909
0.534938,2,386.738578
0.551737,2,386.895494
0.541238,2,387.037937
0.545039,2,387.184017
0.546088,2,387.316242
0.514083,2,387.459949
0.539032,2,387.571475
-2.294142,7,388.074453
0.503348,2,388.249747
0.529429,2,388.355991
-3.47009,5,388.71166
0.906514,3,388.899257
0.556992,2,389.05285
0.491747,2,389.208235
0.523338,2,389.373971
0.546031,2,389.521991
0.344495,2,389.658257
0.878477,3,389.842296
-2.792921,6,390.242256
0.531147,2,390.378903
0.544629,2,390.52014
-2.99473,5,390.778636
0.851938,3,390.934082
0.535164,2,391.048528
2.499416,7,391.435612
0.537908,2,391.553133
0.50012,2,391.667652
1.19429,4,391.864247
0.550767,2,391.979807
0.882317,3,392.152246
4.118573,10,392.703666
2.107537,6,392.979457
1.098845,4,393.179726
0.543376,2,393.277675
-1.553723,8,393.675099
0.323001,2,393.792105
0.506324,2,393.90887
0.33088,2,394.023995
-2.618979,6,394.372581
0.542027,2,394.487002
0.574926,2,394.603372
0.531241,2,394.703268
-3.492277,4,394.938163
0.551659,2,395.055281
-1.856523,8,395.451948
0.499235,2,395.569086
0.531247,2,395.684277
0.565351,2,395.800981
0.53713,2,395.898637
0.521888,2,396.015642
0.339523,2,396.131415
0.349882,2,396.250805
0.906347,3,396.410366
1.230009,4,396.628148
0.884137,3,396.787094
0.552896,2,396.9033
0.523929,2,397.017112
0.541638,2,397.13344
0.885795,3,397.310364
0.921334,3,397.465573
0.92285,3,397.622884
0.520923,2,397.73854
0.52962,2,397.85318
1.261947,4,398.050053
1.734346,5,398.302181
-3.163772,5,398.575845
0.495612,2,398.673844
0.470264,2,398.78963
1.695975,5,399.081751
0.969283,3,399.237871
0.548697,2,399.337525
0.359363,2,399.455204
0.971068,3,399.610081
0.349713,2,399.725981
0.911063,3,399.883791
0.527319,2,399.98301
0.363305,2,400.099469
1.635961,5,400.448784
0.488971,2,400.627923
0.500157,2,400.830667
0.542545,2,401.023843
0.541481,2,401.214171
0.572291,2,401.335679
1.896522,6,401.682888
0.541387,2,401.819717
0.548267,2,401.954465
0.527055,2,402.091311
0.343522,2,402.223794
0.887492,3,402.442135
0.526705,2,402.603287
0.538608,2,402.755789
0.915305,3,403.000055
1.112597,4,403.260623
1.199962,4,403.566725
0.536443,2,403.694978
2.089096,6,404.145559
0.518332,2,404.303385
0.554983,2,404.458971
0.522653,2,404.603883
0.324365,2,404.815269
0.327852,2,405.024954
-2.059752,8,405.61291
1.331033,4,405.921744
0.50178,2,406.093677
0.524746,2,406.29071
1.604925,5,406.665288
1.176252,4,406.938362
0.564116,2,407.090551
0.938857,4,407.3645
0.902727,3,407.616897
1.099178,4,407.911941
0.545514,2,408.079357
-3.608514,4,408.315498
0.441255,2,408.433511
0.526867,2,408.548615
0.552864,2,408.667516
0.527603,2,408.846016
0.509295,2,408.973764
0.523846,2,409.136056
0.34698,2,409.315391
-3.124489,5,409.693665
0.924258,3,409.895655
-2.975388,5,410.190905
0.919496,3,410.384791
1.310997,4,410.620252
0.554129,2,410.773606
0.516205,2,410.918912
0.523395,2,411.067733
0.487628,2,411.190325
0.56699,2,411.345167
0.556912,2,411.494902
0.577235,2,411.650383
0.527009,2,411.773944
0.516923,2,411.890544
0.547356,2,412.007619
0.525118,2,412.123176
0.339106,2,412.23812
0.548738,2,412.353822
2.075777,6,412.682371
0.887543,3,412.855152
0.871337,3,413.011379
0.693271,3,413.167732
1.547433,5,413.440164
3.737467,10,413.975097
0.515337,2,414.088936
0.535135,2,414.185807
0.555673,2,414.284819
0.517906,2,414.384416
0.581232,2,414.502828
2.869962,8,414.975555
0.932132,3,415.151846
0.562664,2,415.267388
0.862696,3,415.426305
-2.162057,7,415.801731
0.981774,3,415.956134
0.517743,2,416.07121
0.343574,2,416.187452
1.26968,4,416.465465
0.925096,3,416.72332
0.921031,3,417.009448
0.526716,2,417.155798
0.926754,3,417.313091
0.359239,2,417.412855
-3.354218,5,417.752804
0.514867,2,417.89569
1.714102,5,418.313353
0.531012,2,418.446431
0.352235,2,418.582666
0.524287,2,418.720704
0.342812,2,418.884576
0.58951,2,419.056432
0.956349,3,419.268546
0.549652,2,419.418697
1.748169,5,419.822477
2.875304,8,420.306121
0.900406,3,420.516814
-3.005105,5,420.885682
0.503153,2,421.036503
4.777795,13,421.873178
0.553915,2,422.031764
0.536796,2,422.168672
0.336612,2,422.316412
0.709751,3,422.515958
1.267753,4,422.821168
2.004231,6,423.321493
0.511781,2,423.464549
1.751154,5,423.84077
0.515632,2,424.002757
1.277122,4,424.290488
0.535444,2,424.42837
1.603664,5,424.776751
1.803543,5,425.149503
0.522318,2,425.321419
0.523299,2,425.471772
1.370913,4,425.720549
0.526095,2,425.844567
2.005634,6,426.214642
0.342875,2,426.329315
0.930626,3,426.501391
0.512144,2,426.600404
2.321932,7,426.956057
0.550118,2,427.053816
0.525877,2,427.173087
0.544387,2,427.290222
2.443915,7,427.662961
0.331787,2,427.760454
0.921351,3,427.898057
1.201967,4,428.129837
0.887043,3,428.301983
0.934328,3,428.456546
0.527178,2,428.57268
0.535746,2,428.688693
-3.438367,4,428.920396
1.291701,4,429.16725
0.885867,3,429.343267
0.562663,2,429.450566
0.727122,3,429.639461
0.547533,2,429.754618
0.553495,2,429.869809
3.874628,10,430.420082
0.538562,2,430.517905
0.534767,2,430.655571
0.504047,2,430.842548
0.525561,2,431.019591
0.334437,2,431.230839
0.546391,2,431.43232
0.511419,2,431.551515
0.517287,2,431.668154
0.924489,3,431.843596
0.508683,2,431.97311
0.532092,2,432.143119
0.503632,2,432.303393
0.943306,3,432.548157
0.538164,2,432.710708
0.342436,2,432.880321
0.509924,2,433.022373
0.3375,2,433.199259
0.526152,2,433.357916
1.304402,4,433.689934
0.336191,2,433.825729
1.219015,4,434.10026
0.317858,2,434.254378
0.530192,2,434.41727
0.337303,2,434.594999
-3.459824,4,434.821124
0.523101,2,434.974368
0.530117,2,435.110433
0.513053,2,435.248346
0.547245,2,435.4349
0.512251,2,435.586643
0.563677,2,435.724844
2.1105,6,436.057714
0.543608,2,436.172023
0.526485,2,436.288374
1.645164,5,436.558087
0.531769,2,436.673759
0.577055,2,436.788164
0.348849,2,436.903058
2.554052,7,437.25676
0.474964,2,437.37313
0.518119,2,437.489218
0.56053,2,437.608212
0.332601,2,437.722432
0.947961,3,437.877169
0.534417,2,437.974286
0.543878,2,438.072773
0.335206,2,438.172491
0.55246,2,438.26967
0.545199,2,438.384317
-3.178808,5,438.640709
0.530282,2,438.771091
0.336828,2,438.931033
0.523389,2,439.078716
0.541025,2,439.282318
0.515129,2,439.463116
0.561959,2,439.602368
1.298154,4,439.829469
0.331578,2,439.947871
0.501666,2,440.048578
0.525414,2,440.193643
0.527031,2,440.367725
1.259315,4,440.714119
1.259077,4,443.335664
0.355424,2,443.496081
0.884178,3,443.692141
0.957451,3,443.906199
0.539992,2,444.059518
0.501434,2,444.22702
1.670081,5,444.524064
0.516386,2,444.664396
0.90971,3,444.901479
1.565728,5,445.183918
0.54179,2,445.298881
0.545768,2,445.415401
0.528521,2,445.531854
1.25037,4,445.74466
0.540985,2,445.841605
0.355075,2,445.9408
1.079844,4,446.17564
0.547095,2,446.274038
0.887955,3,446.42968
0.542332,2,446.528127
1.691929,5,446.804838
0.562857,2,446.902096
0.544033,2,447.001165
0.5114,2,447.116161
0.922795,3,447.270328
0.92717,3,447.446642
1.048418,4,447.641618
-1.461808,9,448.157314
0.50521,2,448.273298
1.805887,5,448.527812
0.560401,2,448.645493
0.340258,2,448.76107
0.533564,2,448.873213
0.50448,2,449.069263
0.514975,2,449.276614
0.341252,2,449.468296
0.912435,3,449.703098
0.967919,3,449.991234
2.723119,7,450.58318
0.318237,2,450.6913
1.591315,5,450.943471
0.53758,2,451.046662
0.338424,2,451.206486
1.568602,5,451.598145
0.527697,2,451.794158
0.53633,2,451.999713
0.896813,3,452.219747
1.617078,5,452.618644
0.532139,2,452.753284
0.551828,2,452.894605
0.520068,2,453.067074
0.874583,3,453.292008
0.574975,2,453.422273
1.294726,4,453.747229
0.949661,3,453.983948
0.879522,3,454.262311
0.530174,2,454.410541
1.0623,4,454.685308
0.526776,2,454.843749
3.752379,10,455.535302
-3.615214,4,455.805626
0.905024,3,456.011263
1.330142,4,456.321981
0.892114,3,456.542565
0.906122,3,456.750395
1.323513,4,457.018862
0.516037,2,457.200946
0.51974,2,457.365345
0.541148,2,457.489131
0.361978,2,457.634071
1.253871,4,457.955432
0.892037,3,458.17856
4.103985,10,458.686147
0.858321,3,458.841379
0.808288,3,458.996438
2.5574,7,459.351821
0.505649,2,459.467512
-2.749117,6,459.7813
0.916375,3,459.937059
0.543672,2,460.055099
0.520826,2,460.170891
0.331072,2,460.286078
2.125648,6,460.60168
0.534587,2,460.716055
0.726591,3,460.888424
0.535957,2,461.004225
0.34452,2,461.119552
0.524845,2,461.235499
0.561216,2,461.353795
0.541417,2,461.46957
0.542102,2,461.567672
0.537488,2,461.669338
2.052494,6,461.976296
0.528207,2,462.075377
0.348917,2,462.174195
0.526822,2,462.272764
0.482162,2,462.371571
1.78783,5,462.626691
2.550975,7,463.128691
0.768673,3,463.430384
0.548764,2,463.622768
0.515364,2,463.723385
2.394775,7,464.114086
-3.027079,5,464.352098
0.577005,2,464.457413
1.616211,5,464.755725
4.671697,12,465.46918
1.735386,5,465.796762
2.664971,7,466.32234
1.760646,5,466.670329
0.5324,2,466.825249
3.375206,9,467.449204
0.544821,2,467.607616
0.944288,3,467.796777
0.319838,2,467.91306
3.067789,8,468.330375
2.203766,6,468.666553
0.959828,3,468.840922
0.509448,2,468.956186
4.691246,12,469.608068
5.065497,12,470.243647
0.500288,2,470.34076
0.915398,3,470.51393
1.941199,6,470.866022
0.352427,2,470.982637
0.842849,3,471.143743
0.34726,2,471.318032
0.542913,2,471.525923
1.251065,4,471.883929
0.5452,2,472.079595
2.182558,6,472.511011
0.489343,2,472.627387
2.636155,7,473.13298
0.517528,2,473.289447
0.503008,2,473.456105
0.548504,2,473.574062
0.337454,2,473.690193
0.339244,2,473.807073
0.905247,3,473.967849
0.545022,2,474.082688
0.555462,2,474.199535
-3.708858,4,474.420429
0.536431,2,474.53476
1.243156,4,474.768336
0.553883,2,474.883654
0.542895,2,475.004253
0.338874,2,475.119787
0.567853,2,475.235056
0.507367,2,475.336027
3.472968,9,476.029021
0.962588,3,476.232186
1.429842,5,476.523918
0.53793,2,476.639739
0.895742,3,476.859811
2.790457,8,477.461357
0.713464,3,477.696706
0.546837,2,477.862638
0.454509,2,478.006423
1.290742,4,478.2742
0.563703,2,478.439324
0.542615,2,478.61672
0.528656,2,478.774964
2.710872,7,479.14833
0.902345,3,479.316779
1.586642,5,479.59712
0.909868,3,479.755919
0.354346,2,479.875804
0.326285,2,479.998617
1.626991,5,480.320033
-2.379742,6,480.798222
0.543476,2,480.972352
0.895523,3,481.345423
-3.670331,4,481.605367
1.3434,4,481.848198
0.538644,2,481.997042
1.21715,4,482.264861
0.568521,2,482.387989
1.552721,5,482.821315
0.943628,3,483.091243
0.445172,2,483.310309
0.344767,2,483.47834
0.522266,2,483.655293
0.926576,3,483.887337
0.559669,2,484.027971
0.526949,2,484.149677
-1.311299,9,484.709853
1.566676,5,485.05294
0.536972,2,485.203925
0.522109,2,485.374957
-3.053287,5,485.771436
0.342254,2,485.935728
0.51049,2,486.085495
1.344858,4,486.376821
0.5055,2,486.550166
0.585954,2,486.702378
0.553753,2,486.876107
0.34098,2,487.028645
0.559939,2,487.182318
3.011121,8,487.691082
0.525252,2,487.808555
1.531886,5,488.145395
0.355854,2,488.357444
0.524468,2,488.549133
0.925123,3,488.807903
0.540211,2,488.952342
0.55557,2,489.072263
0.495191,2,489.191178
-2.984981,5,489.513143
0.780962,3,489.750406
0.515425,2,489.884777
1.979391,6,490.340036
1.969493,6,490.817639
1.497207,5,491.19722
0.865987,3,491.466135
0.903482,3,491.676553
0.955167,3,491.920886
1.944584,6,492.325585
0.33984,2,492.457964
2.126925,6,492.926492
0.51593,2,493.076327
0.527728,2,493.201664
0.542091,2,493.320093
-3.699971,4,493.540276
0.573624,2,493.659503
0.536639,2,493.760821
0.506598,2,493.878968
1.218087,4,494.117683
0.856022,3,494.279731
4.143006,12,494.893651
0.91938,3,495.054325
0.557397,2,495.20046
0.522718,2,495.373397
0.51054,2,495.538113
0.966647,3,495.833454
0.551357,2,496.020586
0.488325,2,496.224998
0.530276,2,496.401199
0.525456,2,496.532282
0.523659,2,496.651172
0.457406,2,496.77009
2.088986,6,497.212667
0.540021,2,497.386529
0.521239,2,497.542497
0.540517,2,497.674315
0.546481,2,497.818085
0.33475,2,497.985868
1.31203,4,498.337198
0.524576,2,498.507637
2.754218,8,499.099386
1.667179,5,499.39617
0.522361,2,499.529019
2.509706,7,499.918332
0.545976,2,500.037515
0.556562,2,500.159976
-3.604304,4,500.387876
0.546997,2,500.551224
0.530833,2,500.747189
1.28592,4,501.113459
-3.556046,4,501.520973
0.326012,2,501.630396
2.86015,8,502.116193
0.342036,2,502.240732
0.54224,2,502.397376
0.317025,2,502.576628
0.529632,2,502.757958
0.554458,2,502.943088
2.645968,7,503.528726
0.50019,2,503.67934
1.22459,4,504.151064
0.355482,2,504.322369
1.70974,5,504.66268
1.8488,5,505.015616
-3.671822,4,505.29617
0.776332,3,505.524157
0.371811,2,505.681513
0.34498,2,505.830841
0.587611,2,506.023776
0.555839,2,506.187432
0.557206,2,506.323635
0.53239,2,506.47776
0.987001,3,506.687965
0.501037,2,506.805896
0.503452,2,506.927255
0.547987,2,507.107818
0.529328,2,507.224181
0.542097,2,507.354826
0.536709,2,507.491191
3.677291,10,508.116103
0.9365,3,508.319615
1.239884,4,508.572381
0.518409,2,508.708572
0.521584,2,508.849828
0.319914,2,508.978465
0.535457,2,509.109062
0.50642,2,509.235906
0.848049,3,509.458225
0.898263,3,509.649536
0.562941,2,509.800866
1.492555,5,510.118198
0.897121,3,510.306003
0.470826,2,510.44194
0.515084,2,510.577178
0.547864,2,510.673744
0.544246,2,510.788216
0.513978,2,510.903308
0.565111,2,511.018381
-0.80627,10,511.521577
0.525431,2,511.617436
0.569429,2,511.71365
1.221,4,511.925978
2.055723,6,512.237181
0.526563,2,512.35267
1.884232,5,512.606853
0.559271,2,512.704576
0.553388,2,512.821746
0.9069,3,512.976274
0.888871,3,513.149152
0.56531,2,513.245529
1.775601,5,513.504336
-3.05017,5,513.765359
1.799403,5,514.050997
0.451894,2,514.167562
0.32612,2,514.28231
-3.229732,5,514.551698
0.547924,2,514.666249
0.517185,2,514.780798
0.54402,2,514.895644
0.532635,2,515.013925
0.346898,2,515.128099
1.330844,5,515.417002
0.943812,3,515.58985
0.33725,2,515.704703
0.538141,2,515.818755
0.332225,2,515.916646
1.744916,5,516.171605
0.516807,2,516.268232
0.345655,2,516.366105
0.533795,2,516.466391
0.34693,2,516.56498
0.537957,2,516.679376
0.386521,2,516.793615
0.901241,3,516.947449
0.338744,2,517.044824
0.98867,3,517.199364
0.496883,2,517.314399
0.489361,2,517.430493
0.53588,2,517.545019
0.522463,2,517.662829
0.547154,2,517.779212
-2.099293,7,518.148361
0.691606,3,518.322133
0.53894,2,518.437934
0.34026,2,518.552929
-2.919979,5,518.826188
0.341447,2,518.942966
2.658938,7,519.319272
0.342466,2,519.416248
0.328797,2,519.59679
0.546506,2,519.778136
0.583201,2,519.945903
0.332727,2,520.093484
0.935388,3,520.268142
0.359884,2,520.364514
0.327189,2,520.503829
0.534773,2,520.654383
3.984799,9,521.300609
0.543151,2,521.431886
0.55005,2,521.538767
0.52776,2,521.655855
2.565724,7,522.02919
1.196658,4,522.261362
4.121089,11,522.848117
1.322447,4,523.150815
-3.022596,5,523.564737
2.060733,6,523.971786
3.565257,10,524.516404
1.332214,4,524.776377
3.866201,10,525.489336
5.368639,12,526.294898
2.338138,7,526.699963
0.349212,2,526.814726
0.565306,2,526.928577
0.329507,2,527.025354
1.270897,4,527.38319
-3.405145,5,527.805907
-2.382742,6,528.399923
0.533081,2,528.593642
0.332012,2,528.790539
0.349281,2,528.97356
0.506265,2,529.200569
-0.521638,11,530.214482
0.558451,2,530.344227
0.537396,2,530.460744
1.324412,4,530.727178
0.524958,2,530.857407
0.527716,2,531.030625
0.451623,2,531.169671
2.379854,7,531.709095
0.904938,3,531.922224
1.089884,4,532.244115
0.51286,2,532.398631
-3.11549,5,532.776011
1.243283,4,533.052902
0.541387,2,533.210108
0.582704,2,533.36905
1.278938,4,533.664464
0.528294,2,533.793563
-3.084424,5,534.139757
0.561706,2,534.298588
2.240622,6,534.695516
0.546652,2,534.856158
0.930132,3,535.094631
-1.021853,11,535.783969
0.551581,2,535.914743
0.491971,2,536.052453
1.740551,5,536.370262
0.930998,3,536.596637
0.539182,2,536.721334
0.516584,2,536.819051
0.569101,2,536.917572
0.569429,2,537.01526
0.517741,2,537.133846
3.155444,9,537.65216
0.328877,2,537.768913
0.577235,2,537.884435
0.896354,3,538.058154
0.530099,2,538.172412
0.531621,2,538.286799
3.131515,9,538.775371
2.986126,8,539.224191
2.774774,8,539.637964
0.536018,2,539.73557
1.224504,4,539.953723
-2.82023,6,540.295068
0.917154,3,540.545772
0.50901,2,540.751857
2.933866,8,541.19452
1.236453,4,541.408284
2.647146,7,541.895415
0.898893,3,542.161589
0.540246,2,542.339532
0.529167,2,542.500982
1.182512,4,542.815248
0.543539,2,542.945539
1.982136,6,543.363275
0.330606,2,543.494435
0.521638,2,543.646877
0.503657,2,543.822985
0.50104,2,543.987021
0.529141,2,544.138361
0.497566,2,544.293254
0.33725,2,544.443478
0.51975,2,544.599622
0.901343,3,544.830374
2.577601,7,545.322199
-2.084789,8,545.75103
1.296545,4,545.997411
1.65733,5,546.331773
0.508175,2,546.488726
1.790245,5,546.8342
0.511886,2,546.985258
0.551416,2,547.132577
0.520827,2,547.27418
0.943285,3,547.449368
1.662315,5,547.705581
0.508632,2,547.820576
-2.538377,6,548.117289
1.768849,5,548.391915
1.788786,5,548.646893
0.925377,3,548.803256
0.971231,3,548.959315
0.519983,2,549.076664
0.351684,2,549.193029
0.333539,2,549.310835
1.230354,4,549.522881
0.490612,2,549.638383
0.350557,2,549.754138
1.258311,4,549.969557
0.543061,2,550.067263
1.592937,5,550.357445
0.928445,3,550.511561
0.536408,2,550.61026
0.527951,2,550.707634
0.50945,2,550.824615
3.468616,9,551.345352
0.53552,2,551.459588
0.54372,2,551.574798
0.533227,2,551.690259
0.336184,2,551.805372
1.502795,5,552.079834
0.324084,2,552.175498
0.802423,3,552.331594
0.514346,2,552.428217
-1.992058,8,552.957799
0.45002,2,553.214941
0.537291,2,553.455334
0.555685,2,553.667868
0.546843,2,553.784203
0.343795,2,553.901191
1.224294,4,554.126912
3.788566,10,554.920241
0.361203,2,555.060374
0.945548,3,555.310477
0.56121,2,555.503689
0.907291,3,555.783732
2.079717,6,556.268195
2.298258,6,556.796019
0.53523,2,556.957622
0.523954,2,557.086874
0.516444,2,557.220114
1.514727,5,557.58118
1.298004,4,557.882422
0.539098,2,558.045195
-2.78643,6,558.674007
1.987436,6,559.137376
1.326768,4,559.350245
0.865667,3,559.508226
0.57464,2,559.636067
0.544326,2,559.802178
0.882514,3,560.014847
0.556301,2,560.196771
0.562395,2,560.373522
0.9196,3,560.581294
2.257793,6,560.940513
0.571529,2,561.091588
1.469658,5,561.43941
0.508067,2,561.562744
0.955466,3,561.760428
2.5006,7,562.232431
0.586756,2,562.364681
0.859979,3,562.554923
2.246122,6,562.931316
0.514578,2,563.045731
0.529926,2,563.161385
1.334445,4,563.393785
0.51269,2,563.510119
0.506135,2,563.608267
1.326648,4,563.842397
0.502521,2,563.961722
0.566207,2,564.097178
1.546275,5,564.394595
1.000907,3,564.5534
0.520855,2,564.726764
1.97983,6,565.284176
0.561401,2,565.45552
0.521132,2,565.679862
0.517006,2,565.845442
1.205941,4,566.173545
0.956131,3,566.425803
1.820107,5,566.86633
0.684899,3,567.127924
2.647013,7,567.524933
0.564567,2,567.657846
0.724332,3,567.858142
0.34904,2,568.02764
0.924976,3,568.253246
3.348834,9,568.873425
0.505251,2,569.02816
2.301198,6,569.538244
0.536072,2,569.666816
0.878598,3,569.863349
-3.330871,5,570.231388
0.556836,2,570.39876
0.895179,3,570.634486
0.527406,2,570.775134
0.555219,2,570.918803
0.547092,2,571.080173
0.536515,2,571.221445
1.17141,4,571.435139
0.358075,2,571.589889
0.533449,2,571.746463
2.312796,7,572.283007
0.500948,2,572.453677
0.53927,2,572.619449
0.548634,2,572.761683
0.533221,2,572.924093
0.935731,3,573.162704
3.033378,8,573.711951
1.758059,5,574.047322
0.930593,3,574.295437
0.340537,2,574.450191
0.507237,2,574.619106
2.198236,7,575.099929
3.831367,10,575.751745
0.949634,3,575.960217
0.552308,2,576.124897
0.88166,3,576.316113
0.714024,3,576.52453
-1.144351,9,577.191264
0.895581,3,577.36391
1.906592,6,577.676735
1.300346,4,577.895079
0.53023,2,578.013191
0.511468,2,578.134653
0.529054,2,578.249391
2.240005,7,578.659859
0.372375,2,578.774275
0.525799,2,578.890239
0.569424,2,579.0064
0.902511,3,579.180976
1.397664,4,579.411454
0.514481,2,579.528044
0.333703,2,579.642826
0.510073,2,579.738932
1.864253,6,580.052908
1.32808,4,582.708539
0.889334,3,582.912792
0.524657,2,583.031223
1.251431,4,583.275018
0.548393,2,583.42172
2.384716,7,584.018643
-2.02799,7,584.563436
1.298949,4,584.842613
1.30274,4,585.173614
0.533659,2,585.314141
0.525817,2,585.472929
0.530571,2,585.59197
-2.674984,6,585.963104
0.494601,2,586.082227
0.541713,2,586.187852
0.352337,2,586.313366
0.544497,2,586.439256
1.552977,5,586.781377
0.92141,3,586.991782
0.551945,2,587.131688
0.538209,2,587.246078
0.324267,2,587.361453
0.703944,3,587.642541
2.635306,7,588.177078
0.530905,2,588.274808
0.737016,3,588.432377
0.320073,2,588.534346
0.549372,2,588.633942
1.692336,5,588.872163
4.084924,11,589.722416
1.468401,5,589.975604
0.518411,2,590.089246
1.368512,4,590.322816
0.91833,3,590.548469
0.54953,2,590.723175
1.289037,4,591.160697
1.928469,6,591.479584
0.345639,2,591.57695
0.532317,2,591.676661
0.530945,2,591.793477
0.539884,2,591.956654
0.358004,2,592.095894
1.279578,4,592.557521
0.536136,2,592.698865
0.515597,2,592.814777
-1.890777,8,593.285846
0.864155,3,593.442134
0.337834,2,593.540273
0.858163,3,593.698052
0.529219,2,593.794367
1.258671,4,594.010272
0.688509,3,594.150086
1.529705,5,594.506746
0.538209,2,594.752823
1.633623,5,595.142759
0.916646,3,595.301077
2.515976,7,595.654748
0.556593,2,595.750821
-1.820117,8,596.375337
-2.573039,6,596.841018
0.927786,3,596.996955
0.869254,3,597.16376
0.54453,2,597.305007
4.570819,11,597.891909
0.866424,3,598.066979
1.332633,4,598.277142
1.323844,4,598.526489
0.533927,2,598.732045
-3.863818,4,599.095734
2.094875,6,599.511924
0.511637,2,599.644999
3.795909,10,600.319085
0.537394,2,600.439973
1.535598,5,600.699195
0.561041,2,600.819099
0.541549,2,600.936521
1.842956,6,601.260053
0.55064,2,601.387073
0.552951,2,601.50669
0.933254,3,601.682861
0.976711,3,601.839929
0.548267,2,601.961982
0.31216,2,602.085522
-3.758702,4,602.307374
-3.126412,5,602.551379
0.526232,2,602.649477
0.883884,3,602.817662
1.518094,5,603.07737
0.526431,2,603.199261
0.54232,2,603.296663
0.529698,2,603.412248
1.207319,4,603.630744
0.516568,2,603.754518
0.529867,2,603.855439
0.526079,2,603.976127
1.617479,5,604.259517
0.535072,2,604.422248
1.797068,5,604.821138
0.534387,2,604.973489
2.351309,7,605.513087
0.353488,2,605.650931
0.527209,2,605.752976
3.514302,10,606.462826
1.560816,5,606.836347
1.304768,4,607.231791
1.125375,4,607.559412
1.043263,4,607.893904
1.257498,4,608.242409
1.340243,5,608.639117
0.764502,3,608.86219
1.726919,5,609.296156
0.526255,2,609.519061
-2.619664,6,609.94962
0.508998,2,610.130047
0.542551,2,610.297772
1.744437,5,610.692164
2.796143,8,611.197337
0.52955,2,611.383161
0.55358,2,611.546345
0.564129,2,611.679171
5.646216,13,612.678189
0.329538,2,612.835374
2.491697,7,613.384164
0.532889,2,613.566096
0.509321,2,613.784392
0.340978,2,613.970975
0.331933,2,614.165539
3.853704,10,614.969445
2.476826,7,615.522027
0.504024,2,615.709043
-3.54915,4,616.004442
1.306438,4,616.302477
0.542833,2,616.438882
0.528228,2,616.582877
0.371122,2,616.770541
0.539308,2,616.945223
0.522146,2,617.125751
0.563326,2,617.296595
0.335855,2,617.48139
0.969966,3,617.766785
0.331657,2,617.949736
0.931845,3,618.243628
2.076785,6,618.74521
0.523788,2,618.89384
0.502154,2,619.051316
0.5351,2,619.177061
0.905878,3,619.407896
0.340979,2,619.556651
0.534643,2,619.700403
1.328734,4,619.980114
1.605478,5,620.347051
0.974905,3,620.576823
-3.552058,4,620.905547
0.919322,3,621.150927
0.909861,3,621.379267
1.696232,5,621.846603
0.559331,2,622.002102
0.847803,3,622.260679
0.317128,2,622.470004
2.084742,6,623.030879
0.317302,2,623.21235
-3.497675,4,623.568285
0.546011,2,623.73744
0.560393,2,623.887533
2.675521,7,624.399719
0.54566,2,624.537563
1.36491,4,624.750859
1.364431,4,624.947241
0.349414,2,625.062235
0.563627,2,625.171129
0.045407,13,626.207946
0.519043,2,626.305049
0.512904,2,626.46175
0.341755,2,626.629478
0.551128,2,626.773396
0.716494,3,627.019377
1.330128,4,627.288144
2.776134,7,627.850799
0.551316,2,628.004848
0.526587,2,628.153333
0.528014,2,628.325604
2.045315,6,628.752957
0.544716,2,628.880208
0.508668,2,629.009574
-3.627022,4,629.323734
0.329876,2,629.48174
0.732192,3,629.665177
0.87639,3,629.886914
2.626505,8,630.435955
2.397908,8,630.831924
1.190775,4,631.044198
0.543259,2,631.159765
3.625353,9,631.649817
0.90279,3,631.820791
3.537623,10,632.388357
0.531462,2,632.502572
0.544871,2,632.617894
0.334786,2,632.714222
0.906078,3,632.88475
0.509238,2,632.99798
0.541036,2,633.112337
-2.785894,6,633.552032
0.543236,2,633.759664
1.647998,5,634.13479
0.324267,2,634.232282
1.222649,4,634.453505
0.497541,2,634.596568
1.363392,4,634.841967
0.895575,3,635.063028
0.519375,2,635.19444
1.647304,5,635.520583
1.244443,4,635.820441
0.566711,2,635.986296
0.518825,2,636.137102
0.909959,3,636.360192
2.551879,8,636.872675
0.919013,3,637.088487
0.900766,3,637.296071
4.288873,11,637.999119
2.01222,6,638.308122
0.508137,2,638.405271
1.78443,5,638.657406
1.988818,6,638.986211
4.254487,10,639.445239
0.375339,2,639.561912
-3.423159,4,639.774161
2.508122,7,640.107289
0.340161,2,640.22228
-3.102858,5,640.496283
0.894811,3,640.669996
0.56866,2,640.766979
0.520576,2,640.863478
1.717334,5,641.136068
0.87195,3,641.273866
1.302817,4,641.493091
0.504251,2,641.60704
0.894828,3,641.77828
1.70692,5,642.031175
0.54153,2,642.127668
0.516569,2,642.225744
0.531556,2,642.341011
0.525791,2,642.439423
4.973395,15,643.288198
1.868518,5,643.54718
1.302036,4,643.760112
1.790415,5,644.019391
0.911146,3,644.195257
0.568602,2,644.309921
1.504937,5,644.565894
0.904602,3,644.720945
2.88897,8,645.129048
1.278738,4,645.339219
0.899096,3,645.493261
1.249653,4,645.721215
1.318993,4,645.918193
3.629032,10,646.436741
3.852852,10,646.932962
0.936227,3,647.091104
0.537951,2,647.189784
0.527881,2,647.305517
0.553892,2,647.402745
1.320722,4,647.60189
0.339669,2,647.720885
-3.386913,4,647.933828
2.953953,8,648.350436
2.048192,6,648.696219
0.568871,2,648.810023
1.277052,4,649.040678
0.541966,2,649.157664
0.527052,2,649.273167
0.509558,2,649.387931
0.513773,2,649.503241
0.345956,2,649.61996
2.432726,7,649.990575
0.534368,2,650.10627
0.334656,2,650.221903
0.937284,3,650.379754
1.29067,4,650.57706
1.743906,5,650.839551
0.522541,2,650.958287
0.963515,3,651.112036
-2.495757,6,651.407158
0.538539,2,651.52254
0.951956,3,651.663893
0.536399,2,651.763933
0.567127,2,651.863357
0.534458,2,651.964103
1.539118,5,652.223764
0.507679,2,652.340626
0.564112,2,652.455348
0.54111,2,652.55429
-2.003193,7,652.894026
0.359348,2,653.011016
1.532289,5,653.26449
1.751954,5,653.538665
1.233701,4,653.75185
0.543861,2,653.851124
0.533574,2,653.969049
0.552922,2,654.070559
1.792788,5,654.401132
0.557028,2,654.547135
1.708626,5,654.984185
0.591126,2,655.125485
3.0997,8,655.548255
0.538904,2,655.657194
2.385438,7,656.178094
2.645509,7,656.654945
0.529079,2,656.823546
0.901306,3,657.035381
-2.387177,6,657.48105
1.699284,5,657.931083
2.666856,7,658.447138
-1.797813,8,658.970133
0.520403,2,659.100553
0.54839,2,659.28373
0.553588,2,659.426167
0.528423,2,659.593206
0.880725,3,659.836648
1.19614,4,660.179737
-2.110411,8,660.881803
0.586938,2,661.074608
-2.292334,7,661.622753
0.34297,2,661.81455
0.895227,3,662.028924
0.529751,2,662.175893
0.888975,3,662.405033
1.331486,4,662.669259
1.270032,4,662.959622
2.198828,6,663.411774
4.494634,12,664.207269
1.8296,5,664.613729
2.716561,7,665.139924
0.959834,3,665.352293
0.500895,2,665.508951
0.546863,2,665.667703
3.424841,10,666.375027
0.352954,2,666.544924
1.280801,4,666.809528
0.506187,2,666.962816
0.877641,3,667.118794
0.590472,2,667.23434
2.233206,7,667.590187
0.52873,2,667.688224
0.343231,2,667.803713
1.675457,5,668.074433
0.530709,2,668.188849
0.330177,2,668.28704
0.532016,2,668.403622
3.297566,8,668.800051
0.521223,2,668.935944
0.912149,3,669.114265
1.348963,4,669.348123
0.528273,2,669.445167
0.554245,2,669.560337
0.912818,3,669.73471
0.454457,2,669.830772
0.911345,3,670.017067
0.332479,2,670.184693
0.560295,2,670.350556
0.50736,2,670.514878
0.563643,2,670.672109
0.544173,2,670.808418
0.537855,2,670.911942
0.538479,2,671.026465
0.343885,2,671.141157
0.34508,2,671.238529
0.514133,2,671.35038
1.383705,4,671.654428
1.242918,4,671.905148
-3.056417,5,672.275427
0.72068,3,672.486991
0.540984,2,672.65096
0.537233,2,672.829895
0.497736,2,672.975123
0.536739,2,673.11173
0.529432,2,673.259671
0.521925,2,673.370207
3.148104,9,673.936965
0.475041,2,674.076961
1.331901,4,674.369222
0.57096,2,674.511082
0.516719,2,674.644872
1.293287,4,674.916804
0.555781,2,675.052077
1.730524,5,675.418289
0.517677,2,675.590875
0.887922,3,675.819288
1.683971,5,676.291931
2.827615,8,676.936447
3.343065,9,677.634509
0.533454,2,677.78652
0.538338,2,677.885192
1.118075,14,678.875016
0.560749,2,679.009659
0.550862,2,679.118308
0.571012,2,679.281356
1.686417,5,679.702371
0.980223,3,679.900454
0.549159,2,680.023955
-2.890735,5,680.418472
0.547246,2,680.570175
4.186142,11,681.195699
1.25523,4,681.511559
0.539747,2,681.679117
0.317418,2,681.804616
0.564942,2,681.950339
1.68752,5,682.264496
2.602118,7,682.6416
-2.974205,5,682.982901
2.685985,7,683.487504
0.509917,2,683.628025
2.215022,6,684.0646
0.523128,2,684.187646
0.549093,2,684.337161
0.711401,3,684.563276
0.54634,2,684.715723
1.063354,4,685.006218
1.28824,4,685.31561
2.489514,7,685.745105
2.35577,7,686.213121
0.555558,2,686.401699
1.276444,4,686.677364
0.93227,3,686.856134
0.525648,2,687.027239
0.511228,2,687.184476
0.330901,2,687.342448
1.230269,4,687.602542
0.534609,2,687.698518
-2.515354,6,688.027763
0.320736,2,688.142826
0.513515,2,688.25832
0.544754,2,688.372224
1.783782,5,688.6648
0.56622,2,688.760659
1.211496,4,688.972807
0.56342,2,689.087219
3.974714,11,689.761119
3.882289,10,690.648103
0.373883,2,690.801775
-3.044119,5,691.147325
0.53036,2,691.262445
0.562531,2,691.378161
2.734793,7,691.824632
0.72529,3,692.047854
0.949123,3,692.270229
0.533886,2,692.427277
0.532475,2,692.570646
0.530404,2,692.703534
0.544232,2,692.870252
0.92928,3,693.070571
1.711842,5,693.376457
0.369223,2,693.494497
0.332442,2,693.647996
3.603004,10,694.266983
2.556661,7,694.654783
-2.830138,6,694.98666
0.53374,2,695.100978
-3.052777,5,695.371042
1.293587,4,695.584425
0.500374,2,695.700138
0.562415,2,695.816854
-2.874588,5,696.088874
0.555077,2,696.204144
0.941279,3,696.35916
1.265698,4,696.570959
1.670199,5,696.858495
0.533413,2,696.974243
-3.531857,4,697.185259
0.526986,2,697.282077
0.537347,2,697.378834
0.328952,2,697.476053
4.315295,12,698.048296
0.898773,3,698.222327
0.554089,2,698.318819
0.558965,2,698.41644
0.550765,2,698.513021
0.556522,2,698.611139
0.324267,2,698.728997
0.527798,2,698.846387
-3.271365,5,699.100371
0.533731,2,699.197573
0.522871,2,699.296562
0.523055,2,699.395227
0.494291,2,699.492046
0.331106,2,699.589793
3.346488,9,700.037899
0.950486,3,700.175443
0.547382,2,700.29235
0.524026,2,700.404232
0.518768,2,700.520944
0.565447,2,700.635484
0.54732,2,700.75285
1.82414,5,701.009159
-2.037468,7,701.390513
0.536807,2,701.507289
0.878885,3,701.752155
0.886304,3,702.051119
2.851922,8,702.832614
0.904508,3,703.043995
2.346151,6,703.397404
2.369786,6,703.763723
0.530719,2,703.891256
0.547151,2,704.03035
2.161822,6,704.425102
3.242259,9,704.901799
0.529782,2,705.015573
2.574079,7,705.38505
0.327156,2,705.484912
0.92063,3,705.640089
0.341031,2,705.756497
0.321635,2,705.872336
1.266438,4,706.083489
0.533803,2,706.20035
0.553867,2,706.315595
0.980941,3,706.537256
2.631634,7,707.140848
0.53774,2,707.302845
0.570828,2,707.468563
0.948124,3,707.653213
0.574444,2,707.770114
1.57892,5,708.030238
0.544596,2,708.135911
1.81566,5,708.521565
0.516517,2,708.671048
0.562248,2,708.83157
0.536645,2,708.992705
0.533288,2,709.122507
2.200732,6,709.618354
0.521407,2,709.766227
3.643186,10,710.569861
0.326686,2,710.727227
0.532609,2,710.876532
0.352083,2,711.06909
2.914428,8,711.750412
1.243891,4,712.046597
0.524396,2,712.182881
0.56556,2,712.345029
0.517598,2,712.531459
0.528049,2,712.725944
1.734946,5,713.220025
0.916828,3,713.418437
3.035968,8,714.198371
2.444149,7,714.727743
1.133074,4,715.00195
2.412869,7,715.444259
1.330023,4,715.699358
4.369398,12,716.560566
3.565755,10,717.207404
0.916208,3,717.433873
0.505196,2,717.580602
0.898496,3,717.814336
2.947877,8,720.537206
3.233594,9,721.112412
2.105143,6,721.485414
2.699237,8,722.048306
1.722286,5,722.306291
1.676905,5,722.560888
-1.988848,8,722.954712
3.139099,9,723.43256
0.540146,2,723.547437
1.278576,4,723.761321
1.725921,5,724.032171
2.04304,6,724.346297
0.334699,2,724.46238
3.49138,10,725.000054
1.310005,4,725.213062
1.595023,5,725.518093
-0.202713,11,726.315403
0.362849,2,726.46871
0.336638,2,726.656693
0.533115,2,726.827981
0.525578,2,727.021788
-2.597302,6,727.34262
0.935852,3,727.513506
0.529178,2,727.704037
0.48144,2,727.927519
0.524828,2,728.08276
1.734069,5,728.484714
0.53183,2,728.677593
0.50315,2,728.817356
0.542083,2,728.993532
0.885352,3,729.20763
0.539131,2,729.34397
0.956783,3,729.561115
2.891219,9,730.223885
1.262159,4,730.537932
0.548502,2,730.691203
-2.139278,7,731.138915
1.651155,5,731.515619
1.40625,4,731.781935
0.52208,2,731.936941
0.49534,2,732.091144
2.927654,8,732.661604
-2.747421,6,733.071638
1.534239,5,733.370002
0.540108,2,733.498593
1.284037,4,733.824456
3.048807,8,734.442016
0.580373,2,734.643192
1.199423,4,734.915357
0.901502,3,735.193575
0.530147,2,735.369446
0.711605,3,735.623324
0.586238,2,735.776367
0.540129,2,735.942925
2.116528,6,736.395141
-2.527115,7,736.890313
0.531864,2,737.038328
2.58488,7,737.558457
0.521754,2,737.695638
1.771308,5,738.008279
1.582567,5,738.334284
4.029906,11,738.974211
0.909255,3,739.1306
0.514013,2,739.247112
0.482759,2,739.361863
0.537559,2,739.478917
1.696647,5,739.751648
2.127612,6,740.04909
0.540743,2,740.147494
0.527793,2,740.265371
1.292731,4,740.476791
0.940873,3,740.649254
0.5485,2,740.746537
3.759009,10,741.245242
0.353993,2,741.342363
-3.493312,4,741.558439
3.980868,11,742.110065
0.92991,3,742.265458
-2.94084,5,742.507466
-3.530104,4,742.721888
0.551101,2,742.817812
0.914741,3,742.991828
-3.290541,5,743.244914
3.335929,9,743.745656
0.517833,2,743.860672
4.079985,11,744.467237
1.667095,5,744.737293
0.941461,3,744.912696
1.796112,6,745.201947
4.126545,11,745.953719
1.413072,5,746.363979
-2.032647,8,746.974288
2.590728,7,747.494895
-3.228166,5,747.968488
0.920738,3,748.217762
1.555826,5,748.651571
2.776202,8,749.344898
0.555212,2,749.548596
0.504321,2,749.74286
0.563784,2,749.942719
2.486485,7,750.503215
-3.296917,5,750.884948
0.892088,3,751.124149
-2.592085,6,751.504087
1.704397,5,751.800988
1.317425,4,752.135546
4.921999,13,752.967777
0.529855,2,753.088893
0.521262,2,753.208721
0.934666,3,753.388024
0.537211,2,753.541088
0.531973,2,753.682307
1.292684,4,753.992453
-1.998358,8,754.570837
0.530681,2,754.712272
-3.070382,5,755.093871
0.534937,2,755.218164
1.680177,5,755.612112
4.313552,11,756.237396
0.536239,2,756.355614
-2.643618,6,756.792532
4.604774,12,757.523709
0.53834,2,757.640941
0.518031,2,757.795012
3.112562,9,758.376204
1.903777,6,758.835029
0.971361,3,759.043476
0.322352,2,759.19547
0.517094,2,759.344313
0.331202,2,759.502923
0.536389,2,759.610308
0.545478,2,759.708931
-0.141792,13,760.391711
2.061073,6,760.684543
0.552547,2,760.782471
-2.396434,7,761.155719
0.32645,2,761.252017
0.973489,3,761.406057
0.560547,2,761.522172
0.540388,2,761.639838
0.551638,2,761.758465
1.661303,5,762.018576
0.540634,2,762.133252
6.156775,18,763.010236
1.639294,5,763.268091
0.510415,2,763.385191
0.559077,2,763.500996
0.516922,2,763.616975
3.358322,9,764.083783
0.535722,2,764.198923
1.515555,5,764.456235
2.04277,6,764.753054
0.541852,2,764.86892
1.315673,4,765.065856
0.54869,2,765.181785
-2.952924,6,765.475402
2.541087,7,765.809401
0.959072,3,765.96698
1.651515,5,766.220305
0.535202,2,766.316989
4.407293,11,766.925468
2.032853,6,767.277881
1.28944,4,767.510226
0.50364,2,767.607638
0.502858,2,767.721442
0.532888,2,767.838203
2.128781,7,768.159844
0.509483,2,768.274517
0.919228,3,768.50726
1.211327,4,768.857433
-2.506543,6,769.204912
2.929696,8,769.737345
4.123137,11,770.494687
0.508765,2,770.64073
1.60483,5,771.020218
0.324267,2,771.136303
0.52306,2,771.251225
0.830823,3,771.410561
1.994282,6,771.725614
0.537775,2,771.823537
0.515719,2,771.940376
-2.133276,7,772.415568
0.933022,3,772.625299
0.545378,2,772.799174
0.519693,2,772.972162
3.229069,9,773.449473
0.546106,2,773.56469
1.734663,5,773.921416
0.536808,2,774.040357
0.882416,3,774.270484
0.567302,2,774.423274
1.677332,5,774.770877
0.534031,2,774.9142
0.732469,3,775.136802
2.028147,6,775.545658
-1.005305,10,776.215879
0.890708,3,776.388908
4.314417,11,776.977273
2.445218,7,777.347126
1.258916,4,777.558151
2.264229,6,777.866146
0.568952,2,777.97585
2.179226,6,778.265584
3.65102,10,778.781714
-3.39358,5,779.018107
1.299227,4,779.311271
0.528429,2,779.497451
0.525663,2,779.776748
0.561494,2,779.91278
2.548242,7,780.276093
0.517023,2,780.404425
0.523938,2,780.510812
0.538391,2,780.62033
0.930958,3,780.811978
0.542845,2,780.940931
0.881552,3,781.156137
0.51867,2,781.29162
0.54562,2,781.425065
0.938305,3,781.661439
1.610635,5,781.97325
0.32055,2,782.098182
2.179474,6,782.518064
0.52428,2,782.676379
0.34221,2,782.835959
1.250743,4,783.05232
1.323058,4,783.268612
0.958611,3,783.444713
0.513518,2,783.559481
1.21194,4,783.754084
1.633829,5,783.995048
0.911945,3,784.172235
0.565731,2,784.270151
1.225817,4,784.467553
0.522848,2,784.567633
0.545385,2,784.684296
0.529213,2,784.782398
2.828333,8,785.233706
2.370347,7,785.588579
1.685004,5,785.823426
0.530293,2,785.939374
0.503037,2,786.056966
0.581782,2,786.176407
0.31759,2,786.291414
1.992908,6,786.618938
0.329536,2,786.733376
6.132111,17,787.772017
1.316479,4,788.084071
0.530103,2,788.236315
0.504533,2,788.352301
0.524805,2,788.449834
0.338009,2,788.583514
0.575592,2,788.75661
3.361087,10,789.451796
5.143702,13,790.199853
0.553616,2,790.315368
0.968099,3,790.469316
0.335681,2,790.571189
-2.569639,6,790.89039
0.505799,2,790.989231
0.543019,2,791.085671
2.221949,6,791.683798
0.544753,2,791.902122
0.532566,2,792.124254
2.347734,7,792.771484
0.884448,3,792.982608
0.549356,2,793.085592
1.294104,4,793.265838
0.495937,2,793.388034
0.88772,3,793.591215
-2.75328,6,794.009513
1.342118,4,794.310174
1.647174,5,794.655651
1.265159,4,794.936963
0.550339,2,795.081171
0.522607,2,795.261064
0.545884,2,795.395093
-2.709156,6,795.797234
0.920685,3,796.013444
2.62574,7,796.483235
0.582328,2,796.643873
1.767456,5,796.968029
1.128641,5,797.438374
0.54371,2,797.631713
0.562525,2,797.827902
0.480653,2,797.976485
2.144723,6,798.459381
2.722683,7,799.055195
1.329823,4,799.353464
0.859452,3,799.567014
2.590921,7,800.045142
0.522814,2,800.214536
2.530061,7,800.711893
1.369651,4,800.979743
0.3249,2,801.143535
0.935457,3,801.344387
2.835654,7,801.821408
0.555018,2,801.954604
0.515874,2,802.093741
-3.411015,5,802.438269
1.669228,5,802.839431
2.256888,6,803.307204
1.242583,4,803.588455
0.523703,2,803.734197
2.162631,6,804.295056
0.533512,2,804.435194
1.207944,4,804.703354
1.672107,5,805.088746
-2.026835,7,805.518033
0.744729,3,805.716465
0.555319,2,805.865294
-2.672252,6,806.316343
0.542104,2,806.415988
3.12629,8,806.932571
2.621671,7,807.462623
0.93953,3,807.67363
0.514153,2,807.814932
0.542183,2,807.940355
0.552488,2,808.100821
0.888212,3,808.283705
1.818723,5,808.585744
2.918876,8,809.080008
2.835769,8,809.466437
2.703036,8,809.872852
0.530574,2,809.989751
0.564486,2,810.086065
4.847696,13,810.719092
0.459751,2,810.835725
0.572298,2,810.952181
-2.134323,8,811.366282
0.519593,2,811.482923
0.520562,2,811.597563
0.495189,2,811.694515
2.505744,7,812.072046
-3.078561,5,812.343556
0.861824,3,812.498789
0.587127,2,812.614943
0.976571,3,812.786928
0.554596,2,812.90238
0.577222,2,812.999114
1.776701,5,813.25367
-3.390226,4,813.569225
0.355947,2,813.770859
0.51652,2,813.906698
2.629293,7,814.326857
0.544524,2,814.457801
-0.933297,10,815.1715
-3.523625,4,815.44529
0.532494,2,815.5914
3.402504,8,815.992996
0.540495,2,816.089575
-2.061708,7,816.500179
0.519789,2,816.597058
0.514273,2,816.692411
4.278419,11,817.247823
2.006878,6,817.554626
0.332982,2,817.683362
0.977965,3,817.857794
0.535537,2,817.954101
0.536877,2,818.049827
0.551788,2,818.148207
0.53548,2,818.265306
-3.027229,5,818.513461
1.623759,5,818.870135
0.933736,3,819.149944
0.508367,2,819.33042
-3.429227,4,819.587874
0.91188,3,819.741688
0.550036,2,819.856309
0.485327,2,819.994152
1.693104,5,820.294968
0.963589,3,820.481138
0.828483,3,820.695244
2.186481,7,821.184351
0.51988,2,821.30706
2.71991,8,821.830511
0.524763,2,821.951191
0.318191,2,822.086777
-3.437336,4,822.326959
0.541041,2,822.458841
1.725345,5,822.734294
0.523499,2,822.908448
1.456535,5,823.160525
0.922993,3,823.313964
0.540569,2,823.41066
0.92968,3,823.566075
-3.060886,5,823.818472
1.231623,4,824.015434
1.346492,4,824.215431
0.546434,2,824.316203
0.520949,2,824.417504
0.882132,3,824.575339
0.53285,2,824.692884
1.662141,5,825.010576
0.533219,2,825.178595
0.877849,3,825.405232
0.518568,2,825.567712
0.542536,2,825.740523
0.559942,2,825.868163
0.876254,3,826.119631
0.947672,3,826.290905
0.948295,3,826.447106
0.53718,2,826.566561
0.523945,2,826.737741
1.924518,6,827.117608
0.530777,2,827.248305
0.594318,2,827.426854
0.922267,3,827.651361
0.535191,2,827.808121
0.551321,2,827.974886
0.341218,2,828.155743
0.545279,2,828.30761
0.336512,2,828.484358
0.552982,2,828.658253
-1.859751,8,829.250784
1.694248,5,829.54903
0.864353,3,829.743352
2.011464,6,830.160463
1.556782,5,830.442349
0.856545,3,830.610056
0.540116,2,830.744675
2.504916,7,831.261118
1.401525,4,831.478834
0.512402,2,831.598183
0.311285,2,831.699979
0.47792,2,831.837585
0.543633,2,831.941892
0.507605,2,832.047524
0.52478,2,832.18544
2.060495,6,832.57211
2.613285,7,833.02982
3.207273,9,833.610279
2.154063,6,834.040114
3.009167,9,834.68943
2.530893,7,835.146858
1.603514,5,835.401475
1.543273,5,835.67219
0.928423,3,835.844298
0.908245,3,835.998901
0.556225,2,836.094172
0.494645,2,836.191856
0.33278,2,836.289686
0.337493,2,836.391677
0.895161,3,836.549744
3.090448,8,836.914944
0.527167,2,837.032416
1.286735,4,837.228157
0.527577,2,837.327063
0.529854,2,837.425296
3.577679,9,838.086741
2.637998,7,838.69388
0.557296,2,838.830577
0.932756,3,839.101123
0.539199,2,839.216933
0.525555,2,839.334557
0.542473,2,839.430404
0.516519,2,839.561859
0.33725,2,839.699272
2.981655,8,840.090715
0.914384,3,840.247082
2.428555,7,840.590271
0.912362,3,840.747296
2.554113,7,841.101453
3.032976,9,841.593856
2.056172,6,842.214384
0.320639,2,842.370296
1.485157,5,842.652063
0.56388,2,842.766931
0.538366,2,842.901199
0.529549,2,843.063665
-0.432513,11,843.813045
0.935553,3,844.012242
-3.061601,5,844.379779
1.261641,4,844.700485
-2.102186,7,845.217918
1.287235,4,845.486304
2.599181,8,846.072435
-0.892028,10,846.64972
0.554799,2,846.750824
0.963053,3,846.912339
0.562206,2,847.031093
1.401349,4,847.24853
3.771385,10,847.753922
0.876949,3,847.910959
2.970383,8,848.310221
0.972879,3,848.467227
0.855635,3,848.624914
1.258365,4,848.819816
0.515709,2,848.93629
1.777814,6,849.243408
1.262088,4,849.442334
0.51044,2,849.54048
0.525286,2,849.659928
0.886784,3,849.821194
0.527291,2,849.91961
0.511599,2,850.017987
0.539523,2,850.116977
1.317535,4,852.38445
1.064713,4,852.597862
0.330402,2,852.712165
2.10046,6,853.013015
-1.773769,9,853.659189
1.370933,4,854.003063
4.098492,11,854.853425
-3.250969,5,855.152506
1.714882,5,855.50156
0.345363,2,855.684067
3.882869,10,856.417572
0.526585,2,856.557611
0.528123,2,856.70158
3.891524,10,857.467898
0.896867,3,857.712533
2.330445,7,858.229046
-2.110427,8,858.854912
0.532097,2,859.020229
0.932716,3,859.211002
2.381739,7,859.713946
2.089129,6,860.07005
-2.570462,7,860.57104
3.784309,9,861.143322
0.533221,2,861.26262
0.573646,2,861.391598
3.248237,9,862.091684
0.540961,2,862.271093
0.543892,2,862.44777
1.282954,4,862.736141
0.898467,3,862.980988
0.510444,2,863.159585
0.735128,3,863.366221
2.967321,8,863.987864
2.402296,7,864.369339
0.530237,2,864.487957
5.265015,13,865.307074
0.902718,3,865.504058
0.524596,2,865.651992
-3.014182,5,866.001726
0.490889,2,866.109293
0.898232,3,866.304616
0.530173,2,866.426352
0.540449,2,866.543013
0.504814,2,866.64043
0.549119,2,866.756212
0.521996,2,866.870324
0.543944,2,866.984871
4.51798,11,867.575603
0.50917,2,867.6718
1.219706,4,867.886283
3.087351,8,868.284928
2.155912,6,868.58451
0.53375,2,868.700175
3.139542,9,869.198159
0.487627,2,869.314047
3.842701,10,869.817228
0.527127,2,869.915795
1.496993,5,870.193906
0.544168,2,870.289942
2.367519,7,870.649124
1.693566,5,870.910321
4.382238,11,871.450016
3.416799,9,871.909366
1.378222,4,872.088362
0.9725,3,872.247139
0.523687,2,872.345772
0.347354,2,872.461998
0.892184,3,872.633732
3.385056,9,873.208389
0.526651,2,873.402547
1.422575,4,873.714416
4.369995,12,874.677796
0.533956,2,874.853774
1.286179,15,875.832169
0.932827,3,876.008318
2.730624,7,876.509455
-2.985473,5,876.843488
-3.20402,5,877.191023
0.53021,2,877.355981
0.576672,2,877.48517
0.549659,2,877.615733
4.10599,11,878.377449
0.487135,2,878.517114
0.522784,2,878.699787
0.568623,2,878.827031
1.393441,4,879.097525
0.531612,2,879.242555
-2.957324,5,879.576262
0.837222,3,879.789927
1.780407,5,880.164932
-3.230768,5,880.494748
0.889785,3,880.78904
4.001633,11,881.477502
1.655719,5,881.810178
-3.103182,5,882.114091
1.379814,4,882.408478
0.550454,2,882.559483
-2.577357,6,882.95341
0.564176,2,883.089259
3.221412,9,883.679302
0.883426,3,883.885293
3.793704,10,884.448835
3.433743,9,884.948081
6.092833,16,886.110621
-1.961941,8,886.602972
0.570445,2,886.740098
2.59238,7,887.321192
1.554988,5,887.699359
1.830156,5,888.105607
0.515137,2,888.264297
0.543364,2,888.38869
2.840341,8,888.892109
0.883043,3,889.101939
0.551854,2,889.239697
1.640821,5,889.591024
0.506765,2,889.736372
-3.41027,4,889.996463
0.580176,2,890.131858
0.333338,2,890.26625
0.50724,2,890.391288
0.91072,3,890.551981
4.534298,11,891.112741
-3.169678,5,891.367408
0.341046,2,891.481547
2.037411,6,891.759346
3.938182,10,892.272468
0.543866,2,892.388836
0.5224,2,892.484822
4.171291,10,893.016541
1.900284,6,893.395066
0.494104,2,893.574672
0.876179,3,893.810077
0.559998,2,893.998634
-3.463337,4,894.229683
-3.475563,4,894.444037
0.510466,2,894.573926
0.526058,2,894.737773
1.006039,3,894.96332
2.387268,7,895.373597
3.636298,10,895.978758
3.633577,10,896.593893
3.302229,9,897.267029
1.760941,5,897.529846
1.583644,5,897.80085
0.922048,3,897.974125
0.533129,2,898.072887
2.826499,8,898.469161
0.51694,2,898.565415
0.493032,2,898.679476
0.920215,3,898.81498
0.504956,2,898.912961
0.548458,2,899.01314
0.525521,2,899.113219
0.53774,2,899.230837
1.702831,5,899.51722
0.53026,2,899.612665
1.630081,5,899.850698
1.992582,6,900.134073
1.290576,4,900.349622
0.957613,3,900.501136
2.453856,7,900.887188
0.850441,3,901.04329
1.125763,4,901.241686
4.790422,12,901.842393
6.628942,17,902.70217
1.334405,4,902.899039
1.644926,5,903.173546
3.212072,9,903.62778
1.291653,4,903.987386
0.531284,2,904.147602
2.813137,8,904.694322
2.009178,6,904.968171
1.242451,4,905.228214
2.834412,8,905.731912
-1.738173,8,906.356413
2.694658,8,906.93548
1.644126,5,907.361629
2.236937,6,907.729896
2.002585,6,908.134553
2.632658,8,908.675445
1.751325,5,909.028233
0.348107,2,909.161395
0.539235,2,909.290312
1.312557,4,909.570802
5.613527,14,910.577204
0.529321,2,910.704843
0.967111,3,910.9093
0.54155,2,911.039083
1.261677,4,911.292272
0.976525,3,911.477466
0.530829,2,911.618529
0.909216,3,911.829666
0.893581,3,912.045304
2.792758,8,912.677547
0.551133,2,912.799826
2.191327,6,913.319062
1.704367,5,913.705421
-2.483875,6,914.123343
0.529644,2,914.316855
1.371899,4,914.601729
2.100992,6,914.995181
1.375784,4,915.280526
0.920787,3,915.555251
1.674035,5,915.908859
3.428372,9,916.527922
2.849074,8,917.115707
1.818718,5,917.439308
0.547996,2,917.584958
1.759268,5,917.928515
2.130008,6,918.421032
3.190385,10,919.056852
2.120953,6,919.511903
3.889273,11,920.34692
-1.869474,8,920.948747
2.556446,7,921.45047
2.723303,7,922.015544
-3.094751,5,922.315443
0.934068,3,922.51621
1.666361,5,922.771951
2.602383,7,923.326396
0.344031,2,923.480841
0.884814,3,923.700138
2.620996,7,924.211819
-2.236976,7,924.724189
0.912819,3,924.915824
0.533915,2,925.074334
2.453897,8,925.584466
1.719654,5,925.968335
0.340913,2,926.1257
0.529593,2,926.223813
0.518951,2,926.3404
1.334505,4,926.552951
-3.032541,5,926.839816
0.535587,2,926.953232
2.178012,6,927.231715
1.197907,4,927.430974
0.515378,2,927.528777
-3.010887,5,927.782895
1.294869,4,927.977456
2.329005,6,928.257766
3.097943,9,928.727698
0.509913,2,928.82647
0.938001,3,928.987022
2.455002,7,929.358771
0.532748,2,929.473023
1.661317,5,929.726679
0.867883,3,929.902426
4.525629,13,930.569053
-2.724053,6,930.827285
0.525462,2,930.924666
0.541834,2,931.042763
2.146908,6,931.335658
2.267315,7,931.690436
2.710493,8,932.093771
0.353021,2,932.188477
0.555696,2,932.302717
0.338052,2,932.419231
0.870221,3,932.557705
1.691423,5,932.833678
0.85051,3,932.987668
0.511738,2,933.103379
2.741111,7,933.435414
1.260845,4,933.650104
3.318454,9,934.090315
1.638179,5,934.325634
1.986055,6,934.623112
1.301179,4,934.820518
0.533527,2,934.93749
1.268521,4,935.132443
1.284009,4,935.328216
0.539964,2,935.441815
0.541442,2,935.557218
0.352422,2,935.670978
3.78595,10,936.341608
2.180703,6,936.78466
2.11396,6,937.233845
-0.824542,11,937.853487
0.56015,2,937.976683
-3.120149,5,938.213815
1.238338,4,938.407937
0.940556,3,938.546863
9.613705,25,939.779106
1.996205,6,940.091387
3.98244,11,940.653461
0.927035,3,940.809204
2.98715,8,941.218946
1.288776,4,941.433252
2.988807,8,941.808359
3.347423,10,942.412167
-3.26003,5,942.863205
1.272917,4,943.160963
0.557285,2,943.284741
0.530674,2,943.382813
2.092917,17,944.616811
0.531055,2,944.804203
1.652142,5,945.149498
3.397506,9,945.812287
1.44892,5,946.219402
2.082643,6,946.67169
2.948222,9,947.371446
3.034836,8,947.958516
2.157133,6,948.53194
3.93867,11,949.248739
-0.548885,10,949.992493
2.620776,8,950.653408
1.300099,4,950.908986
0.504001,2,951.097536
0.534333,2,951.289685
0.950441,3,951.595665
3.835919,10,952.407093
0.36569,2,952.557257
3.148857,10,953.217237
2.841782,8,953.820413
2.392762,7,954.240536
0.516204,2,954.371477
3.156079,9,954.974194
-1.999057,8,955.496161
2.448074,7,955.927716
2.818447,8,956.322923
0.940465,3,956.476686
1.683563,5,956.712227
0.529102,2,956.828691
2.135074,6,957.127946
0.540886,2,957.225054
4.586993,12,957.799584
0.95651,3,957.973221
2.351988,7,958.303477
1.585577,5,958.571771
-3.307763,4,958.76592
1.211872,4,958.945672
1.570961,5,959.198641
0.579687,2,959.295361
0.510643,2,959.411819
0.532145,2,959.510276
3.608892,10,959.982097
5.793828,15,960.876406
-2.633039,7,961.399122
0.554218,2,961.589128
2.921098,8,962.067202
0.527908,2,962.163317
-1.758541,9,962.712726
5.830995,16,963.789918
2.448794,7,964.155317
0.513718,2,964.272573
2.963638,8,964.757745
4.216605,12,965.585167
0.575649,2,965.738367
0.502488,2,965.851936
1.3581,4,966.139883
4.546017,13,967.029359
0.705108,3,967.185323
2.446353,7,967.523428
2.744538,7,967.891408
2.099957,6,968.204753
5.875328,16,968.936965
0.494824,2,969.034111
0.939361,3,969.190398
3.399199,10,969.678172
1.385033,4,969.874362
0.984263,3,970.050464
1.35379,4,970.26671
0.530207,2,970.380837
0.466633,2,970.497783
0.532435,2,970.599928
0.522174,2,970.719927
0.531899,2,970.817592
0.480339,2,970.915316
0.516542,2,971.011716
-2.489452,6,971.471377
0.336267,2,971.647614
2.515887,7,972.257866
3.239228,9,972.795071
-2.469013,6,973.152323
-2.953366,5,973.490886
0.521012,2,973.586812
0.54193,2,973.702501
0.519004,2,973.835196
2.179336,6,974.233864
0.883547,3,974.472385
0.515606,2,974.647052
3.085076,9,975.420318
0.522781,2,975.607857
1.701212,5,975.893478
2.011563,6,976.237074
-3.182432,5,976.536491
1.628618,5,976.85815
0.554157,2,976.978672
-2.578089,7,977.458194
1.276998,4,977.701604
-2.13042,7,978.125306
4.878682,13,979.085413
2.073121,6,979.549352
2.080002,6,980.028326
0.90977,3,980.195415
2.098534,6,980.5909
0.558398,2,980.742673
0.341656,2,980.908662
0.936028,3,981.095293
1.690707,5,981.427695
3.234551,9,984.419642
2.089579,6,984.868948
2.136594,6,985.238172
0.540645,2,985.402199
0.518,2,985.536984
1.573049,5,985.839607
1.695182,5,986.170267
1.653076,5,986.542181
0.937811,3,986.771256
0.54162,2,986.915543
2.093953,6,987.322351
1.296648,4,987.61371
2.744598,8,988.135394
3.384566,10,988.936532
2.940488,9,989.638694
4.365968,11,990.287289
0.930096,3,990.501363
1.319605,4,990.769368
1.577931,5,991.081436
0.5283,2,991.23045
1.417854,4,991.529718
0.559436,2,991.664062
0.901408,3,991.884771
0.531966,2,992.017437
2.821867,8,992.615652
6.81884,18,993.740443
0.513983,2,993.870399
4.235024,12,994.714273
3.73429,10,995.267637
3.65295,11,995.799897
0.543615,2,995.898594
-2.522183,6,996.195394
0.352565,2,996.292635
0.55671,2,996.405888
-2.731695,6,996.70138
-2.895218,5,996.934827
2.440798,7,997.285531
-3.136223,5,997.537732
4.008339,11,998.072542
6.221962,17,998.869581
0.54851,2,998.968213
2.096739,6,999.284367
1.753188,5,999.517339
0.520812,2,999.615164
0.559653,2,999.713453
5.282246,14,1000.391577
4.850416,12,1001.022325
0.581807,2,1001.120826
3.455832,9,1001.58891
2.5187,7,1001.9487
5.871954,15,1002.799671
1.361706,4,1003.069411
0.521253,2,1003.217771
0.534263,2,1003.394457
1.286601,4,1003.695174
0.88506,3,1003.884862
2.852121,8,1004.304485
0.531904,2,1004.439762
1.625633,5,1004.742665
1.883619,5,1005.023186
1.661971,5,1005.375184
1.66688,5,1005.689372
2.746113,8,1006.106684
0.540785,2,1006.201538
0.878267,3,1006.339175
1.563995,5,1006.573475
2.872152,8,1006.988176
0.899167,3,1007.128739
4.088539,11,1007.659195
0.477448,2,1007.774636
0.536925,2,1007.874784
-1.778737,8,1008.293135
0.526237,2,1008.391605
3.889509,11,1008.94997
1.666622,5,1009.206828
2.795927,8,1009.621467
-1.796217,8,1010.022364
6.415757,16,1011.189468
0.915497,3,1011.420065
1.197114,4,1011.618622
-1.677491,8,1012.085064
1.272552,4,1012.35984
0.540775,2,1012.488635
0.496753,2,1012.619223
0.5282,2,1012.74178
2.720586,8,1013.3349
0.497131,2,1013.50555
1.303972,4,1013.755026
3.252766,9,1014.450852
0.53156,2,1014.601811
0.540827,2,1014.756963
0.971838,3,1015.023371
5.440774,15,1015.985167
0.521962,2,1016.081316
3.406053,9,1016.558377
4.114339,11,1017.125669
0.536582,2,1017.224458
-2.999513,5,1017.620929
-1.976487,8,1018.172092
0.88169,3,1018.406427
0.520194,2,1018.556399
4.255727,11,1019.410705
0.887015,3,1019.702409
1.224013,4,1019.941856
0.55826,2,1020.080376
1.706979,5,1020.444441
7.979626,23,1021.851957
1.387431,4,1022.077022
-2.281798,7,1022.526757
1.783773,5,1022.902029
-2.215929,7,1023.350648
5.469792,16,1024.351964
2.540217,7,1024.866229
2.767624,8,1025.32964
0.535261,2,1025.48579
4.946584,13,1026.336421
5.525319,15,1027.216249
-1.784288,8,1027.60497
3.019789,9,1028.057475
1.606716,5,1028.291463
2.447613,7,1028.628358
1.691415,5,1028.881935
-1.813254,9,1029.334029
1.306219,4,1029.547233
0.549148,2,1029.662358
0.914683,3,1029.818791
0.542372,2,1029.916764
3.446097,10,1030.378466
0.455599,2,1030.497868
6.185063,16,1031.702327
1.64034,5,1032.014922
2.855551,8,1032.68035
-3.413655,4,1033.01808
4.434521,13,1033.95196
3.445069,9,1034.560824
0.893713,3,1034.73595
0.558087,2,1034.871982
2.02656,6,1035.221286
0.878902,3,1035.420461
0.511817,2,1035.537198
0.573086,2,1035.664448
3.006147,9,1036.20644
4.127631,12,1036.930737
0.927202,3,1037.232096
0.574217,2,1037.404854
0.567266,2,1037.557068
2.325112,7,1038.110095
0.567471,2,1038.257986
2.956954,8,1038.773894
0.502472,2,1038.951321
5.495394,15,1039.988729
1.690965,5,1040.297503
1.608114,5,1040.667759
0.334378,2,1040.817366
5.908386,17,1041.951091
0.93558,3,1042.207765
0.550298,2,1042.35185
0.947467,3,1042.625827
0.543001,2,1042.823196
-1.133437,10,1043.555075
0.531921,2,1043.702698
0.511068,2,1043.82687
6.017362,17,1044.814879
0.536177,2,1044.92043
0.504218,2,1045.050952
0.324214,2,1045.217688
0.894027,3,1045.418782
5.091612,13,1046.238678
3.359013,9,1046.777988
-1.631507,8,1047.281907
6.46535,16,1048.328896
2.934128,8,1048.76703
3.071626,9,1049.465459
-2.613875,6,1050.006407
1.96758,6,1050.399899
0.516461,2,1050.527796
1.994225,6,1050.926776
1.273738,4,1051.121965
2.651928,7,1051.45414
0.918993,3,1051.61001
5.021039,13,1052.381883
0.509596,2,1052.494558
-3.035786,5,1052.732896
2.149623,6,1052.99039
1.876256,6,1053.285537
1.457076,4,1053.480761
1.658838,5,1053.735855
3.639111,9,1054.164793
0.545586,2,1054.278414
0.593604,2,1054.375237
2.348834,7,1054.70749
0.535057,2,1054.821056
1.727806,5,1055.058618
-2.613338,6,1055.369466
0.496532,2,1055.481815
3.146983,9,1055.917724
1.82292,6,1056.227136
2.546304,8,1056.631703
5.17241,14,1057.286318
6.085175,16,1058.221013
1.182044,4,1058.528101
2.749957,7,1059.107082
0.528265,2,1059.238155
-2.65145,6,1059.536321
2.297887,7,1060.022685
0.54187,2,1060.161382
3.276515,9,1060.862701
0.488733,2,1061.003998
2.722015,8,1061.588616
1.731543,5,1061.937274
3.38219,10,1062.568612
1.276453,4,1062.847028
0.520516,2,1062.962203
0.513233,2,1063.060838
0.508641,2,1063.177804
2.605693,7,1063.548604
5.097979,13,1064.175375
0.522074,2,1064.272595
-3.411174,4,1064.45096
1.635168,5,1064.673679
2.519462,7,1065.062292
2.838009,8,1065.43197
1.209005,4,1065.609488
4.151798,11,1066.141892
0.542085,2,1066.280167
3.785195,11,1067.095624
2.110327,6,1067.390126
1.729708,5,1067.66103
4.006479,11,1068.387161
0.544779,2,1068.533389
2.097318,6,1068.940092
2.101112,6,1069.294332
0.898191,3,1069.475348
-1.194033,9,1069.939534
1.272561,4,1070.209653
0.567231,2,1070.334771
2.237143,6,1070.74526
1.232456,4,1070.988145
0.537157,2,1071.127808
1.218914,4,1071.397679
3.109578,8,1071.795966
0.463969,12,1072.397446
0.54688,2,1072.493556
-3.199694,5,1072.745199
1.221028,4,1072.918221
3.029005,8,1073.315449
-1.027761,9,1073.865092
1.283081,4,1074.184593
4.204794,11,1075.035756
1.745429,5,1075.298136
2.918591,8,1075.790052
1.735367,5,1076.157654
0.543811,2,1076.301536
4.931929,13,1077.208556
2.857876,8,1077.806891
4.019894,10,1078.352575
1.727691,5,1078.590973
0.335538,2,1078.687075
1.76805,5,1078.9581
2.039544,20,1079.873199
1.530936,5,1080.103254
0.529496,2,1080.217866
1.256616,4,1080.413556
3.360394,9,1080.860513
0.576011,2,1080.974841
2.404752,7,1081.431586
4.299644,13,1082.432714
2.878115,8,1082.901951
2.102265,6,1083.291243
5.528522,29,1085.247346
3.548744,10,1085.889599
0.515325,2,1086.018801
2.646468,7,1086.469362
1.639529,5,1086.824129
2.112972,6,1087.181046
0.900874,3,1087.354534
0.84428,3,1087.509579
2.131072,6,1087.840571
0.507343,2,1087.953102
0.543585,2,1088.06746
-2.932967,5,1088.4382
5.069728,13,1089.264356
1.411502,4,1089.577872
5.156963,14,1090.706367
2.638683,7,1091.123655
1.294841,4,1091.381597
4.80728,12,1092.079122
1.660902,5,1092.4033
0.546309,2,1092.540462
-1.799618,8,1093.087746
2.524694,7,1093.481324
0.938017,3,1093.661638
3.458266,9,1094.27417
0.572657,2,1094.41588
0.539072,2,1094.538206
3.955191,11,1095.129716
2.540388,8,1095.613597
0.518559,2,1095.727106
2.348302,7,1096.180424
-3.575689,4,1096.414802
0.534648,2,1096.516054
5.157828,14,1097.291115
0.927714,3,1097.434024
3.048114,8,1097.912846
2.420339,7,1098.308121
1.223336,4,1098.542571
0.899462,3,1098.745223
2.247744,6,1099.112343
0.549474,2,1099.236073
3.048663,9,1099.750966
-2.722966,6,1100.067533
0.507727,2,1100.166506
0.460832,2,1100.266068
4.001891,12,1100.845099
1.696736,5,1101.112781
3.62565,10,1101.604166
0.529904,2,1101.716997
0.544994,2,1101.83259
0.496909,2,1101.931149
0.931531,3,1102.087441
5.495765,14,1102.796915
0.530883,2,1102.892412
3.154548,9,1103.34648
-3.101736,5,1103.599
2.294884,7,1104.069964
0.923545,3,1104.330391
0.343243,2,1104.507524
0.556898,2,1104.662953
2.125517,6,1105.121922
8.584006,23,1106.474686
0.943586,3,1106.73554
4.423213,13,1107.610776
1.272698,4,1107.855585
1.708708,5,1108.226184
6.506125,17,1111.780933
1.994591,6,1112.174134
0.495021,2,1112.299893
3.547241,10,1113.023094
3.317292,9,1113.71449
7.264418,21,1114.915939
2.891899,8,1115.494483
6.845633,19,1116.602058
0.589325,2,1116.719375
2.144978,7,1117.088159
2.293605,6,1117.501756
4.184215,12,1118.177794
0.537033,2,1118.275733
0.538586,2,1118.375014
2.872809,8,1118.883288
4.545489,12,1119.599775
1.239689,4,1119.802129
3.875987,11,1120.51472
0.557559,2,1120.622113
11.283417,27,1122.292957
0.967889,3,1122.558488
3.436491,9,1123.223341
2.695024,7,1123.667755
0.57079,2,1123.76537
-2.674457,7,1124.142729
6.582418,16,1125.106077
3.43841,9,1125.669049
1.318671,4,1125.908715
3.659104,10,1126.520944
0.958305,3,1126.721227
2.397402,7,1127.209991
3.319697,9,1127.689843
1.277486,4,1127.883814
0.958041,3,1128.041084
2.990382,8,1128.420844
0.476421,2,1128.534876
1.746977,5,1128.789785
3.808519,11,1129.303179
0.92712,3,1129.457076
-2.982077,5,1129.681806
7.396316,19,1130.70181
0.530389,2,1130.886947
0.538185,2,1131.058073
2.529533,7,1131.482996
4.558544,13,1132.164937
1.662427,5,1132.461687
3.929183,11,1133.195723
2.763455,8,1133.587102
10.527495,26,1134.778059
-2.508741,6,1135.054323
1.244097,4,1135.252497
3.536484,11,1135.772371
-2.378257,7,1136.095797
3.726887,9,1136.532417
0.456486,2,1136.628162
0.509779,2,1136.743223
0.52398,2,1136.859942
3.132026,9,1137.326128
5.585541,15,1138.036365
2.02863,6,1138.344014
1.761512,5,1138.576347
-1.56209,8,1138.986961
1.827808,6,1139.299667
2.351594,7,1139.621603
6.30075,17,1140.402382
1.426212,4,1140.577299
0.53393,2,1140.678509
0.538794,2,1140.795049
10.102407,29,1142.464166
-2.190447,8,1142.973185
-2.463794,6,1143.304876
1.938722,6,1143.731463
0.516498,2,1143.917762
1.688966,5,1144.350402
-1.520845,9,1145.127861
1.334707,4,1145.438847
0.943619,3,1145.65561
2.38923,7,1146.139323
4.621157,12,1146.970843
0.536095,2,1147.135131
0.953168,3,1147.3237
4.45604,11,1148.114586
2.54438,7,1148.595124
0.535188,2,1148.800308
0.526855,2,1148.95442
1.707269,5,1149.328645
2.318517,7,1149.838886
0.913399,3,1150.048163
0.329659,2,1150.188051
2.026408,6,1150.579093
5.486088,14,1151.717958
9.678279,25,1153.57822
5.007022,15,1154.556612
3.010058,8,1155.09069
2.969873,8,1155.649704
2.874857,8,1156.179688
3.396518,10,1156.765938
1.245234,4,1157.069716
3.094927,8,1157.570668
1.268661,4,1157.766994
2.935587,8,1158.15871
4.607342,12,1158.792684
0.516904,2,1158.908517
0.904552,3,1159.081006
2.623424,7,1159.431332
3.751199,10,1160.055119
0.479364,2,1160.196969
0.529159,2,1160.387651
2.09623,6,1160.80726
-1.236221,9,1161.501157
2.133553,6,1161.957114
0.536644,2,1162.100894
3.87179,11,1162.844301
4.321418,12,1163.548652
-2.153316,7,1163.942161
-1.972861,7,1164.34937
1.555925,5,1164.648115
0.537155,2,1164.78028
7.338464,22,1166.239097
1.389389,4,1166.473591
2.079324,6,1166.885711
4.481766,12,1167.612507
-3.166877,5,1167.827929
4.510024,12,1168.437108
0.361882,2,1168.53459
-3.121824,5,1168.786266
-3.15248,5,1169.056973
4.667093,12,1169.615173
4.249232,11,1170.112398
2.309236,6,1170.394685
0.913407,3,1170.533591
2.228659,6,1170.829374
2.707428,8,1171.227751
3.0977,8,1171.60218
-1.123773,10,1172.063552
4.235801,11,1172.588664
4.484049,12,1173.54034
3.025723,9,1174.140779
0.885932,3,1174.294235
0.546962,2,1174.395819
1.67491,5,1174.71861
-0.689851,10,1175.372937
0.923129,3,1175.571673
4.212278,12,1176.39613
5.969745,15,1177.373281
1.803385,5,1177.654664
2.189612,17,1178.565499
3.073974,9,1179.162272
4.210169,11,1179.727495
2.412287,7,1180.0785
4.505491,13,1180.682146
1.922959,6,1180.957296
3.005782,9,1181.397972
0.906582,3,1181.552528
2.184543,6,1181.852612
10.973365,27,1183.259306
8.81877,22,1184.551965
2.026462,6,1184.864289
0.877819,3,1184.998764
2.875142,8,1185.407545
1.629428,5,1185.670302
0.942727,3,1185.845697
3.054022,9,1186.271864
-1.661928,9,1186.713941
-3.470538,4,1186.984653
-2.520416,6,1187.583535
2.441216,7,1188.108846
3.503686,11,1188.894195
2.107708,6,1189.200089
1.294909,4,1189.449495
0.544692,2,1189.589595
-3.239467,5,1189.894182
8.378672,23,1191.282451
3.634369,10,1192.143233
3.297258,10,1192.962195
2.453646,7,1193.453138
2.659045,7,1193.944129
7.247408,19,1195.336906
-3.172907,5,1195.663743
-2.51662,6,1196.141319
0.511177,2,1196.353827
5.770568,15,1197.406027
-2.66163,7,1197.828634
1.734487,5,1198.169121
4.581852,12,1198.979618
3.327807,9,1199.630585
1.334151,4,1199.910799
0.920634,3,1200.117755
3.042368,9,1200.881036
4.282334,12,1201.710394
1.205644,4,1202.101033
2.121385,6,1202.598938
3.152565,9,1203.184191
3.783577,11,1203.95175
0.564918,2,1204.094557
6.162053,16,1205.193536
2.206826,6,1205.545058
-2.137107,7,1205.972642
1.677356,5,1206.30806
0.969859,3,1206.542106
0.332795,2,1206.72604
3.645917,10,1207.372639
0.528616,2,1207.578451
7.900042,20,1208.814373
3.302918,9,1209.221976
-0.067099,13,1210.011642
1.330203,4,1210.267346
0.526399,2,1210.399517
3.169227,8,1210.892914
5.747427,14,1211.777089
0.555905,2,1211.887405
0.507293,2,1212.010299
-3.0499,5,1212.349966
4.69661,12,1213.083343
2.075723,6,1213.377689
4.224633,12,1213.950419
3.354872,10,1214.423704
0.548572,2,1214.5397
-2.12995,7,1214.876445
0.553032,2,1214.974968
0.502616,2,1215.074429
3.028279,8,1215.741179
7.3612,18,1216.793908
6.388163,19,1218.056132
3.864325,10,1218.704305
10.100059,25,1220.310952
5.702879,15,1221.242755
2.127702,6,1221.626454
3.539742,10,1222.277926
0.860961,3,1222.460163
1.718494,5,1222.698865
-1.14475,11,1223.218739
4.97768,27,1224.515406
6.348742,18,1225.404037
3.595624,10,1225.876989
0.516291,2,1225.974052
4.559563,13,1226.586353
0.52368,2,1226.683158
-1.69236,8,1227.062232
2.149419,6,1227.33828
1.424535,4,1227.535151
1.57903,5,1227.790713
2.755385,8,1228.167192
0.942692,3,1228.322873
0.862277,3,1228.477369
0.539562,2,1228.573947
2.101758,7,1228.927561
5.019957,13,1229.575674
4.303013,12,1230.118657
2.279266,6,1230.413984
4.734018,12,1230.993351
4.504263,12,1231.563114
6.87334,16,1232.330968
-1.809673,8,1232.723395
0.887494,3,1232.858484
5.148761,15,1233.5752
0.489929,2,1233.674029
0.522964,2,1235.793383
3.207879,9,1236.363625
6.362123,18,1237.54326
-0.036266,13,1238.284862
-2.295366,7,1238.76815
0.526804,13,1239.544075
4.210404,11,1240.217393
1.538172,16,1240.996524
0.54999,2,1241.093415
0.510538,2,1241.191185
1.336865,4,1241.395963
1.637757,5,1241.815543
1.265143,4,1242.180351
2.207416,7,1242.733276
3.276042,9,1243.199539
0.551155,2,1243.295233
2.386282,7,1243.718807
2.647343,7,1244.173011
2.800045,8,1244.666792
4.119848,11,1245.367746
0.543977,2,1245.530937
0.504429,2,1245.646521
4.55512,12,1246.372152
3.473076,9,1246.822466
1.647002,5,1247.055848
0.522236,2,1247.153454
0.53723,2,1247.270405
3.039712,20,1248.553079
-3.113171,5,1248.873507
0.916771,3,1249.034492
2.76697,8,1249.52428
0.532256,2,1249.681726
3.374484,9,1250.360877
2.753322,8,1250.976235
1.958571,6,1251.399206
2.758418,8,1251.896878
4.645122,13,1252.643904
2.338852,7,1253.080884
5.122491,14,1253.90918
9.477575,25,1255.279975
0.569231,2,1255.376358
4.675458,13,1255.954897
0.519998,2,1256.051301
-1.422851,10,1256.542587
4.59678,12,1257.116567
0.526341,2,1257.215693
-1.676436,8,1257.595148
2.707182,8,1258.143358
2.790542,8,1258.747044
3.013283,8,1259.221894
3.18586,9,1259.708801
-0.462655,12,1260.531545
-3.647188,4,1260.810773
3.773656,10,1261.427566
2.269424,7,1261.867493
2.706179,8,1262.342431
-3.058581,5,1262.676949
3.311574,9,1263.27368
0.517853,2,1263.38852
-0.877539,10,1263.869441
-2.819544,6,1264.164887
-2.879477,5,1264.420004
0.553116,2,1264.533355
1.245584,4,1264.712398
-2.514643,6,1265.030159
-0.997981,10,1265.4912
0.902348,3,1265.645351
1.291486,4,1265.825663
1.723172,5,1266.199297
-0.486659,12,1267.072951
1.318446,4,1267.304943
3.685234,10,1267.894512
5.339158,13,1268.934222
6.808687,18,1270.114336
0.538936,2,1270.249019
7.390935,19,1271.547362
-2.210301,7,1271.929676
0.524451,2,1272.083482
2.044722,6,1272.459254
6.78637,18,1273.539301
9.998905,28,1274.815362
3.897163,21,1275.731564
2.659657,7,1276.066702
5.631588,16,1277.1069
4.157059,11,1277.840698
0.165655,12,1278.458246
3.270481,9,1279.023426
-2.491093,6,1279.373076
0.86837,3,1279.555344
1.28831,4,1279.842323
-3.178818,5,1280.210861
0.912555,3,1280.383746
2.238807,6,1280.718608
2.348328,19,1281.609725
0.961232,3,1281.745347
15.168427,37,1283.535877
3.328172,10,1284.341334
3.858404,23,1285.654609
-0.350054,12,1286.308626
-1.576782,8,1286.740616
0.960666,3,1286.877565
0.554386,2,1286.977529
0.567207,2,1287.077183
7.117817,19,1288.028243
2.873766,8,1288.426585
7.868257,21,1289.551245
1.643566,5,1289.866371
0.506086,2,1290.06057
4.903448,14,1290.89423
4.412385,13,1291.660111
4.804425,12,1292.532811
2.840018,8,1293.104633
2.028131,6,1293.556415
3.526066,9,1294.067107
2.764693,8,1294.511931
1.737311,5,1294.807935
5.478819,14,1295.697999
1.615158,5,1295.972538
5.512421,16,1297.036618
4.379482,12,1297.876119
3.557783,10,1298.553843
-2.944427,5,1298.883145
4.380581,12,1299.461255
0.940284,3,1299.594798
-1.997166,8,1300.036235
0.952543,3,1300.326352
0.578977,2,1300.482436
-2.956203,5,1300.896165
0.956993,3,1301.144273
3.368081,9,1301.886224
0.545394,2,1302.077403
3.399382,9,1302.753811
5.263107,15,1303.829219
0.921549,3,1304.042726
6.714843,17,1305.258178
2.585324,7,1305.838769
5.877048,16,1306.917447
2.864547,8,1307.368399
4.606715,12,1308.072273
6.276225,19,1309.101871
4.169159,11,1309.790471
6.568895,17,1310.972321
-1.972078,8,1311.495744
-3.362578,4,1311.774444
1.780033,17,1312.781951
2.734809,8,1313.265385
0.536675,2,1313.379933
-1.671262,8,1313.890625
3.693174,11,1314.545092
3.930095,11,1315.089436
0.562248,2,1315.18793
-2.597469,6,1315.46845
3.100108,9,1315.887381
2.368891,7,1316.205787
5.618903,15,1316.899364
2.794275,8,1317.344729
3.630798,10,1318.058646
3.267976,10,1318.671954
2.037722,18,1319.523355
0.947151,3,1319.719538
4.069353,11,1320.385428
0.982539,3,1320.531477
-1.493406,8,1320.957635
0.675324,16,1321.782283
5.112345,13,1322.412481
6.462325,16,1323.1857
4.867444,13,1323.808582
5.671736,16,1324.581354
2.740131,8,1324.942755
-2.526054,6,1325.240052
4.228428,12,1325.793389
1.93151,6,1326.089303
4.455843,12,1326.652162
2.239317,17,1327.457157
5.247114,15,1328.187703
4.103398,12,1328.746459
1.76387,6,1329.044508
2.424036,7,1329.380446
-2.133685,7,1329.723764
4.432353,12,1330.320305
2.567459,7,1330.912441
0.54185,2,1331.083253
2.115423,6,1331.443403
6.204096,17,1332.450519
3.609511,10,1333.109911
0.553544,2,1333.246124
3.778311,10,1333.909075
2.026518,6,1334.253141
4.446335,12,1334.897232
-1.683004,9,1335.745311
-2.469327,6,1336.247108
-2.785466,6,1336.761033
3.642967,10,1337.398971
9.519388,27,1339.037775
1.283097,4,1339.319283
8.394666,25,1341.154709
4.787034,12,1341.907024
0.87778,3,1342.117683
7.951177,22,1343.323309
0.986368,3,1343.535058
0.911095,3,1343.716541
5.287194,15,1344.667322
3.789215,10,1345.172815
10.455255,29,1346.464951
2.933621,8,1346.826456
4.984187,14,1347.487377
4.810786,13,1348.086499
0.886604,3,1348.225589
5.734706,15,1348.920721
4.443229,24,1350.175178
11.155269,30,1351.995075
5.209295,13,1352.832702
-3.099595,5,1353.20158
3.09022,9,1353.873565
0.883327,3,1354.199826
0.540696,2,1354.378164
3.159221,9,1354.782887
1.797539,17,1355.780511
3.444301,9,1358.189466
3.622975,10,1358.653595
-3.505821,4,1358.885113
3.470916,10,1359.541679
4.101418,11,1360.377067
1.653553,5,1360.608265
2.484164,7,1360.977251
2.986506,8,1361.50964
3.46136,10,1362.307302
3.74844,10,1363.012441
2.452258,7,1363.577229
0.538403,2,1363.76038
5.795376,16,1364.888479
1.832407,5,1365.278507
1.746165,5,1365.607753
-2.487138,6,1366.069612
1.745563,5,1366.497822
6.460637,19,1367.678493
2.011675,6,1368.050085
3.069392,9,1368.689917
0.570568,2,1368.814187
3.471125,10,1369.44791
0.529416,2,1369.601645
5.380258,14,1370.498368
3.172416,9,1371.082342
7.865972,24,1372.534133
1.59063,20,1373.662324
3.602912,10,1374.280448
10.205902,25,1375.667593
-3.015048,5,1375.884553
1.994405,18,1376.67306
1.513167,5,1376.964826
0.576931,2,1377.126127
9.118278,26,1378.601114
3.597345,10,1379.116773
0.522823,2,1379.266913
9.19842,25,1380.636079
3.829695,10,1381.270993
7.227198,20,1382.369878
5.14435,14,1383.014277
2.732744,8,1383.389236
1.754103,5,1383.627175
5.690481,15,1384.32642
0.531152,2,1384.424173
1.789002,5,1384.665745
7.805937,20,1385.839213
3.162718,9,1386.432016
7.402128,19,1387.719522
6.205914,16,1388.820894
1.786254,5,1389.136129
3.526976,10,1389.686181
3.991954,11,1390.305422
0.575571,2,1390.403767
4.202233,12,1390.963208
9.568538,25,1392.107988
12.084446,34,1393.740012
3.921496,11,1394.242185
6.623658,17,1395.4172
5.739359,15,1396.102194
2.168979,6,1396.381207
2.207423,6,1396.710418
1.389219,4,1396.99145
2.187412,6,1397.487223
-2.402098,7,1397.996764
2.969351,8,1398.82073
-0.31402,12,1399.921982
-2.857555,6,1400.382315
4.179339,11,1401.103257
1.34069,4,1401.303433
1.59728,5,1401.684569
-0.408992,12,1402.519241
1.55208,5,1402.895058
-2.86708,5,1403.220614
3.807845,11,1403.931808
0.880783,3,1404.114796
1.390089,16,1405.075308
4.909562,13,1405.743971
2.846602,8,1406.156159
2.351438,7,1406.524625
-2.216243,8,1407.129769
3.979887,11,1407.882776
2.051586,6,1408.165939
0.522924,2,1408.262934
7.82273,19,1409.204097
3.601642,10,1409.811913
3.765162,10,1410.433202
-0.024074,13,1411.037271
0.549397,2,1411.134512
-2.384444,7,1411.477664
2.245027,7,1411.799297
1.261725,4,1412.02211
0.555852,2,1412.183219
3.112286,9,1412.871923
-2.161135,8,1413.275478
1.22521,16,1413.981426
-2.983641,5,1414.203922
5.182316,24,1415.500349
8.489675,23,1416.765328
-1.730328,9,1417.169795
0.555483,2,1417.268262
7.477929,21,1418.264342
1.256104,4,1418.539487
0.519839,2,1418.709014
2.507829,7,1419.09802
9.547777,24,1420.53786
1.606518,5,1420.994934
-1.879484,8,1421.709862
1.158231,4,1422.056148
5.139116,14,1423.190292
5.805409,16,1424.426632
7.624296,21,1425.849052
0.551259,2,1426.0697
4.028353,12,1427.05893
0.561019,2,1427.198202
7.316289,19,1428.574301
-0.690851,11,1429.307246
0.835145,3,1429.528094
1.277974,4,1429.784093
2.09178,6,1430.153709
-3.065794,5,1430.549116
4.618663,13,1431.488403
1.072165,15,1432.463456
0.537844,2,1432.597981
0.92093,3,1432.79873
0.331876,2,1432.952442
8.753329,23,1434.381582
2.432033,7,1434.826446
6.509845,18,1435.926975
0.584988,2,1436.052596
5.663865,16,1437.047796
2.657194,8,1437.488947
1.571036,5,1437.725818
10.811672,32,1439.177457
0.660242,14,1439.839063
0.537647,2,1439.936869
4.840434,13,1440.53996
4.601959,12,1441.125896
2.141204,6,1441.390311
-3.069461,5,1441.628426
4.189112,11,1442.308107
16.594185,45,1444.833287
2.83139,20,1445.873422
3.946291,10,1446.453338
3.528773,22,1447.46189
2.117814,6,1447.720799
1.935708,6,1447.982609
2.668712,7,1448.335673
-2.069404,7,1448.6597
-1.880843,9,1449.088577
2.270572,7,1449.568354
-0.485043,11,1450.219046
1.99736,6,1450.553321
1.218486,4,1450.80087
4.191308,11,1451.537815
2.815155,8,1452.058535
-3.06793,5,1452.497656
3.496175,10,1453.248413
2.464976,7,1453.792268
1.9954,6,1454.160168
3.363655,9,1454.729377
0.972028,3,1454.939285
2.372919,18,1456.241427
10.672909,28,1457.939809
1.348761,4,1458.156176
14.946275,40,1460.463068
4.32921,12,1461.267002
2.436703,7,1461.718222
0.525918,2,1461.830238
6.032001,17,1462.737298
-0.760613,11,1463.244939
4.206702,11,1463.794546
-3.350267,4,1463.972846
0.548326,2,1464.072279
-2.227538,7,1464.416254
0.518712,2,1464.512995
3.731093,10,1464.955816
1.985111,6,1465.249221
1.990506,6,1465.615971
4.053632,11,1466.497257
4.055049,11,1467.098532
2.130476,6,1467.54708
6.100731,16,1468.515866
0.537385,2,1468.660608
5.762213,15,1469.400031
6.862801,19,1470.341532
3.400556,10,1470.821113
2.630196,7,1471.157299
2.868899,8,1471.51654
4.501901,12,1472.050562
0.919542,3,1472.190304
2.076038,6,1472.488915
2.152305,6,1472.768963
3.207004,10,1473.246471
-1.708221,8,1473.62424
3.697376,10,1474.103426
1.808699,5,1474.361464
4.3537,11,1474.949955
13.901054,36,1477.046408
1.967245,19,1477.932748
4.395785,12,1480.799242
1.271505,4,1481.069093
6.236923,16,1482.085921
9.553024,26,1483.841644
-0.550107,11,1484.328723
0.82697,16,1485.297032
6.442233,16,1486.390045
6.911039,18,1487.594548
0.543817,2,1487.720086
8.843511,23,1489.129264
3.398366,9,1489.701698
12.063185,32,1491.352603
7.737362,21,1492.307187
1.6812,5,1492.562208
6.279683,18,1493.40621
5.435243,14,1494.050021
4.995963,14,1494.696062
0.921717,3,1494.853984
3.081546,9,1495.281358
2.929087,8,1495.700855
4.600437,12,1496.279133
0.093469,13,1496.846901
2.602562,7,1497.306423
9.233587,24,1499.115196
9.367713,26,1501.172911
-2.607402,6,1501.593716
3.623788,10,1502.244749
7.018803,19,1503.41648
-1.867193,8,1503.976736
2.544269,7,1504.402396
1.626826,5,1504.767143
4.793555,12,1505.497485
7.632023,32,1507.638484
1.220529,4,1507.906144
12.242607,31,1509.942806
0.560999,2,1510.049536
5.365526,14,1511.010078
10.22894,28,1512.767915
3.472935,9,1513.330603
7.550298,21,1514.518366
0.515724,2,1514.638134
7.742194,22,1515.907734
3.483007,9,1516.313917
2.625231,18,1517.098631
6.332671,16,1517.85085
1.353154,4,1518.047566
4.970044,15,1518.783178
5.407315,14,1519.378428
2.904242,8,1519.747813
1.373531,4,1519.9472
0.550192,2,1520.047292
3.163353,9,1520.625614
8.790449,23,1522.116997
3.206029,8,1522.518428
12.210225,33,1524.254597
0.885042,3,1524.43687
2.993049,9,1524.86401
2.106097,6,1525.145194
2.87945,8,1525.52034
4.172605,11,1526.060362
-2.48679,7,1526.391467
4.358405,12,1527.111826
0.908081,3,1527.350308
8.52193,23,1528.647243
3.008811,9,1529.061446
7.433537,20,1530.10946
3.99082,11,1530.752965
3.75195,10,1531.392245
1.648468,5,1531.612801
-1.256437,10,1532.091293
11.442126,30,1533.431818
2.444617,7,1533.750951
3.43955,9,1534.166852
3.569153,10,1534.644533
4.250659,24,1535.749979
12.944089,34,1537.222865
3.388981,10,1537.701759
2.874698,8,1538.061087
3.555548,10,1538.560802
5.525561,14,1539.238327
-0.933018,10,1539.78505
-2.399649,6,1540.204687
3.810057,11,1540.860204
-2.531301,6,1541.166343
6.030885,16,1541.898734
5.437939,14,1542.566632
3.603629,24,1544.006916
8.904628,25,1545.657097
17.544025,48,1549.136161
8.083285,20,1550.571115
9.457266,26,1552.359828
5.842831,16,1553.423238
11.261734,31,1555.585852
3.871052,10,1556.266261
5.665577,15,1557.264627
11.999279,32,1559.383397
9.131582,23,1561.166179
0.950182,3,1561.40336
9.831475,27,1563.160562
5.833815,29,1565.037888
-0.583223,11,1565.720304
17.849521,46,1568.029696
5.506243,15,1568.749708
3.457205,10,1569.279464
3.644246,10,1569.783651
4.121733,12,1570.359766
7.504399,19,1571.222705
3.807713,10,1571.682349
-0.959132,11,1572.216594
9.450633,26,1573.399678
9.895939,27,1574.582549
0.522334,2,1574.681094
2.722141,8,1575.065572
5.886146,16,1575.886588
-2.257121,7,1576.395766
-1.879058,8,1576.932318
5.206257,14,1577.706646
9.488004,25,1579.215673
2.57584,7,1579.552023
1.238117,4,1579.731418
-3.115012,5,1579.987861
5.936337,17,1580.71438
4.39185,12,1581.291985
3.776495,10,1581.763929
5.298159,14,1582.371614
4.048936,27,1583.979443
6.155511,16,1584.796915
-0.018177,13,1585.639902
1.372154,17,1586.77862
-1.433031,9,1587.318841
0.530525,2,1587.471285
7.053042,19,1588.742279
8.504277,25,1590.315961
3.487436,10,1591.034348
-1.096561,10,1591.698654
3.911001,11,1592.269733
19.63032,47,1595.228508
3.709193,10,1595.798752
13.697692,43,1598.380594
4.539263,25,1601.991397
5.144241,15,1602.888113
3.394285,9,1603.407623
5.62456,15,1604.302448
8.123314,22,1605.82401
4.661313,12,1606.680177
2.313621,7,1607.063355
8.136525,21,1608.392962
6.169565,16,1609.433047
4.028361,11,1610.066957
15.437388,48,1612.857653
2.756599,8,1613.388914
0.701425,3,1613.573434
5.424134,14,1614.456799
3.277566,9,1614.975369
2.371639,7,1615.410839
10.355809,39,1617.236788
2.827687,8,1617.612553
0.940521,3,1617.766713
2.097315,6,1618.046193
3.985725,11,1618.524923
0.93211,3,1618.681717
13.615141,35,1620.232163
0.52524,2,1620.330185
3.882598,12,1620.879354
7.89598,22,1622.10196
10.27822,28,1623.649968
2.136,6,1623.993425
7.390166,20,1625.178469
2.191596,6,1625.585473
11.109174,28,1626.919375
6.922423,18,1627.730812
-0.049267,14,1628.338252
0.682857,16,1629.045189
4.111112,11,1629.54347
3.61909,10,1629.983737
3.426339,10,1630.460089
6.245366,31,1631.799837
7.94508,22,1632.800591
-2.63423,6,1633.07861
-2.471464,7,1633.380334
8.986081,25,1634.913536
0.521083,2,1635.060485
-2.352495,7,1635.603144
9.139272,23,1636.905174
2.854082,8,1637.393719
-2.931862,6,1637.754971
0.154076,14,1638.615365
1.648531,5,1638.935947
6.22591,16,1639.993499
4.497076,12,1640.903403
5.393889,13,1641.875623
2.085891,6,1642.31228
8.229883,21,1643.513175
1.584172,5,1643.835273
5.152158,13,1644.665815
4.992765,14,1645.477066
1.955592,6,1645.846039
6.618801,17,1646.83128
5.997329,18,1647.759364
5.814571,16,1648.484127
6.231288,16,1649.325746
4.993627,14,1650.335472
5.678589,15,1651.37538
2.895941,8,1651.967062
2.959996,9,1652.448552
2.602352,7,1652.896007
4.536716,23,1654.377721
-3.143305,5,1654.761564
2.630557,7,1655.239624
1.657654,5,1655.561587
7.533002,19,1656.80131
3.846141,41,1659.555403
13.009031,40,1661.944897
1.779119,5,1662.273879
5.150556,14,1663.012676
1.728062,5,1663.252599
8.223317,22,1664.259237
16.438169,46,1666.320167
5.486917,14,1666.938555
2.432585,7,1667.257916
4.977165,15,1667.885124
-0.086263,12,1668.44128
6.92015,18,1669.761169
2.89394,8,1670.14211
14.683745,42,1672.088936
2.514273,7,1672.428317
1.636718,5,1672.66722
0.557488,2,1672.764362
0.891582,3,1672.905584
5.273237,14,1673.546101
0.906273,3,1673.685678
0.93822,3,1673.826692
0.92018,3,1673.983549
3.341735,9,1674.553614
7.569328,21,1676.071507
12.481574,31,1677.767129
-1.919297,8,1678.243211
2.195574,6,1678.681928
4.689638,12,1679.402573
1.75733,5,1679.727875
11.670929,34,1681.93425
9.760221,23,1683.53236
0.531825,2,1683.68544
0.872084,3,1683.905567
6.40968,17,1685.184479
-1.585175,9,1685.977048
4.982362,13,1686.901081
6.334851,18,1688.181011
16.126013,43,1691.181403
-3.542401,4,1691.424235
6.491873,16,1692.280428
3.889348,11,1692.925445
8.091905,22,1694.232502
8.843375,24,1695.676439
1.86515,6,1696.077234
1.399271,4,1696.359825
0.549532,2,1696.48776
3.788196,10,1697.007434
11.157102,30,1698.343088
0.542827,2,1698.439613
1.471465,18,1699.230102
5.118439,14,1699.836083
9.713843,26,1700.992274
3.000156,8,1701.353337
13.819179,37,1702.998903
4.824175,14,1703.650657
-2.28575,7,1703.988897
0.52436,2,1704.086337
2.171269,19,1704.940745
1.729744,5,1705.15779
1.746111,5,1705.381772
4.431641,13,1705.954574
2.781796,8,1706.319335
3.229377,8,1706.674034
1.817191,6,1706.937933
8.99037,26,1708.519773
8.204201,23,1709.923966
2.432936,7,1710.388937
5.128982,14,1711.326936
1.339708,4,1711.589198
2.581891,7,1712.080344
0.269419,12,1712.792438
5.502423,15,1713.622503
8.092118,24,1714.701647
7.885463,23,1716.070427
7.007983,21,1719.399275
11.985788,31,1720.772009
2.025617,6,1721.07386
18.251581,53,1723.825704
-1.446089,10,1724.298422
2.510995,7,1724.605711
4.185266,12,1725.313282
2.48587,7,1725.890563
5.594349,30,1727.696683
0.526319,2,1727.792881
7.484101,21,1728.967182
3.622341,10,1729.595162
0.64137,14,1730.507483
9.448528,26,1731.969318
25.834129,77,1736.06314
14.268774,43,1738.470122
4.128395,11,1739.127027
14.099157,39,1741.534363
5.372767,26,1743.071723
2.749392,8,1743.586749
7.412777,19,1744.75325
0.197284,14,1745.689977
7.991662,23,1747.118647
8.061243,20,1748.194388
0.542896,2,1748.293053
1.450243,17,1749.319281
-2.145053,8,1749.892411
-1.616097,9,1750.551149
20.057539,59,1754.119452
4.262366,12,1754.868481
0.028323,13,1755.607338
4.888706,14,1756.415042
3.615011,10,1757.002203
-2.221598,7,1757.393618
11.622302,30,1758.908753
9.416334,43,1760.770058
6.805391,17,1761.51938
11.060279,29,1762.821165
8.968169,23,1763.854653
6.854063,33,1765.278167
-0.41855,11,1765.764071
4.607918,12,1766.32707
5.099514,14,1766.935725
6.212459,29,1768.484335
-0.331201,13,1769.21982
-2.69843,6,1769.527348
1.847398,17,1770.520528
-3.089332,5,1770.918188
-2.49833,7,1771.361212
10.441161,29,1773.377763
3.005828,8,1773.977771
10.156113,25,1775.591212
3.182357,21,1776.880903
12.435625,34,1778.957305
3.915927,25,1780.071715
1.40445,4,1780.269563
-2.36953,7,1780.605377
2.861065,8,1780.97913
3.327593,9,1781.408654
2.011253,19,1782.297363
8.240548,24,1783.364554
-2.125429,8,1783.743015
13.8927,40,1786.060438
7.457585,21,1787.347575
0.552162,2,1787.509434
7.186665,20,1788.799896
4.24516,12,1789.773687
0.521207,2,1789.928776
-1.304307,10,1790.556517
0.063329,14,1791.661201
3.536776,23,1793.257407
1.67618,5,1793.548851
4.330186,12,1794.275287
3.712185,10,1794.952369
0.535021,2,1795.098304
2.065235,6,1795.509212
3.860596,11,1796.204737
19.570844,57,1799.190614
4.773661,13,1800.155691
8.144,22,1801.771364
8.531485,25,1803.285522
4.747653,13,1804.056292
6.76625,19,1805.199927
4.162122,11,1805.926925
9.95513,25,1807.369914
13.363391,42,1809.694205
8.468066,20,1810.833
6.365754,17,1811.837693
4.659385,27,1813.549197
8.27951,23,1814.961951
8.187273,22,1816.243505
10.789057,29,1817.588294
2.018369,6,1817.977104
-2.405947,7,1818.502455
2.345765,7,1819.088331
4.404164,12,1819.988285
4.1434,11,1820.670233
3.926264,10,1821.379327
17.262553,56,1824.808868
11.159285,31,1826.236168
12.496929,37,1828.137152
0.241952,13,1828.871618
13.246033,42,1831.339769
0.92882,3,1831.510746
1.966832,6,1831.825919
17.162176,59,1834.404424
14.686227,41,1838.890135
11.78539,29,1840.510531
7.103769,21,1841.425051
0.540235,2,1841.52353
-2.537982,6,1841.788512
5.696882,15,1842.451825
33.681783,98,1846.730257
4.613774,12,1847.488317
6.180148,18,1848.648764
13.278353,34,1850.899174
4.283394,24,1852.399449
5.621089,16,1853.562673
3.207493,9,1854.303098
2.28968,7,1854.793799
-2.37502,7,1855.408089
18.395684,50,1858.640404
7.700362,20,1859.756389
0.547093,14,1860.566065
4.329109,48,1863.270014
-2.890945,5,1863.603735
3.176543,9,1864.163021
7.235758,19,1865.323307
9.699673,24,1866.771199
6.38803,17,1867.573207
9.015805,22,1868.522263
0.695337,14,1869.109908
6.284579,15,1869.773644
1.610275,5,1869.995209
10.682815,43,1871.865088
3.438893,10,1872.309906
9.708302,26,1873.411762
5.198723,13,1874.006092
-0.11351,12,1874.518364
0.875153,16,1875.478129
17.625412,47,1878.392968
-0.937598,11,1879.210347
15.470455,47,1882.06035
13.795732,40,1883.799544
3.65817,10,1884.25891
10.708627,28,1885.454655
11.241498,29,1886.725304
9.932799,27,1887.963225
11.762244,32,1889.36868
5.604932,15,1890.053115
-0.957888,11,1890.668766
19.072831,45,1893.778945
7.963474,20,1894.964324
17.34624,51,1897.65869
-0.385026,13,1898.493119
3.329352,9,1899.028382
1.385542,4,1899.335274
2.905346,21,1900.736749
17.543375,53,1904.087776
3.098157,9,1904.752094
7.292626,31,1906.720015
1.737524,5,1907.032396
3.022471,9,1907.640051
7.777374,21,1908.96205
11.089662,28,1910.635838
7.492946,20,1911.822144
1.254818,18,1912.658656
6.492975,18,1913.431597
5.189962,15,1914.300032
10.625662,28,1916.029255
-0.335374,12,1916.905093
1.774224,16,1917.874721
2.528495,21,1919.199122
5.32829,14,1919.955489
8.41522,26,1921.380924
-0.596812,11,1922.039128
11.642507,62,1925.06103
5.681184,15,1925.894598
1.2367,4,1926.169421
4.871481,14,1927.015566
11.332531,31,1928.471437
11.921616,36,1930.315339
14.28769,40,1932.586338
-1.945125,8,1933.013906
2.821682,8,1933.461979
6.697833,18,1934.379022
3.107317,22,1935.405816
4.779006,13,1936.383162
9.24909,27,1937.836843
8.114969,26,1938.996383
2.851758,8,1939.339468
2.924327,8,1939.703116
10.049888,28,1941.994639
-0.782537,10,1942.423661
4.071153,11,1943.022035
10.821943,28,1944.584085
-1.361875,9,1945.153596
7.739334,20,1946.335968
0.939605,3,1946.504242
23.183849,64,1950.030683
6.733397,31,1954.326587
6.675119,18,1955.215595
14.603469,35,1957.166065
0.5771,14,1957.91818
8.689737,37,1959.897662
-1.222859,10,1960.341603
24.188543,69,1963.779193
4.211344,11,1964.476224
-2.473934,7,1964.82461
4.280968,12,1965.349978
9.744893,24,1966.438548
22.543686,60,1969.407441
5.051964,13,1970.281253
8.043681,21,1971.756418
1.11946,17,1972.755808
21.346883,56,1976.026892
-0.038834,13,1976.840949
2.912223,8,1977.236073
7.9739,22,1978.444853
5.642765,16,1979.497222
1.962481,6,1979.805712
5.34884,15,1980.492401
-0.663151,11,1980.957814
-0.005259,13,1981.53906
7.337352,19,1982.441266
3.232697,9,1982.824639
8.947642,26,1984.394418
17.346707,45,1986.916043
22.068175,76,1991.305116
4.529584,13,1992.102711
2.503577,7,1992.538214
0.896378,3,1992.712458
8.039946,21,1993.615766
2.533691,7,1993.919777
15.642906,43,1995.754136
13.726761,41,1997.905869
9.664357,36,2000.007885
0.682697,14,2001.045969
15.845239,47,2004.16866
-0.096333,14,2004.992234
11.522289,30,2006.828049
1.647492,5,2007.143648
9.602505,26,2008.720075
3.339366,9,2009.298008
-2.736474,6,2009.686993
6.432078,17,2010.420175
3.905955,10,2010.866267
-0.597357,12,2011.38487
13.274947,37,2012.969198
4.89335,13,2013.554126
2.493563,7,2013.864896
7.45496,19,2014.701074
7.738101,22,2015.730889
1.871218,19,2016.872425
4.470768,12,2017.431071
11.516643,32,2019.341715
3.592516,9,2019.850456
8.025228,22,2021.079194
4.068709,12,2021.617283
3.087526,21,2022.865352
15.83845,45,2025.122885
7.88135,21,2026.363974
1.928931,6,2026.718938
5.723974,16,2027.65045
18.271893,61,2031.066405
3.822283,12,2031.613496
7.034832,20,2032.488069
4.798434,13,2033.052962
4.203295,12,2033.573293
0.569876,15,2034.22727
18.691367,64,2037.730352
7.271315,33,2039.793456
8.640571,26,2041.336052
12.617974,32,2043.151743
10.48249,46,2045.372582
7.729335,21,2046.286613
9.850242,26,2047.89706
-2.496715,6,2048.183892
4.557088,13,2048.951757
2.180635,20,2049.860398
-0.390578,12,2050.367443
19.265927,49,2052.482576
9.989954,26,2053.644807
4.182123,11,2054.605922
3.314494,9,2055.044509
1.594075,19,2056.120392
9.919059,27,2057.737944
3.476479,22,2059.064277
14.198303,38,2061.352397
8.480185,22,2062.898365
2.625165,20,2066.178809
0.407776,14,2066.807204
14.629662,39,2068.571972
30.71717,91,2074.335692
2.517127,20,2075.535578
10.213402,27,2077.311348
-0.688467,12,2077.855196
1.177722,17,2078.793074
-1.831069,9,2079.201139
8.018732,21,2080.135787
8.625416,24,2081.344061
-2.181921,7,2081.786216
4.786001,13,2082.475408
2.634802,21,2083.607603
-2.218534,7,2084.050924
9.177274,36,2086.287562
24.949281,81,2090.993097
17.773875,63,2094.122044
12.857812,36,2095.617456
-2.283565,7,2095.938996
-0.373057,12,2096.463538
5.618632,15,2097.111643
9.741168,41,2098.884905
4.513046,45,2100.804956
10.608334,29,2102.042745
6.401537,17,2102.770348
-1.598418,9,2103.171412
32.861436,98,2108.943647
16.077883,55,2112.385939
16.338665,43,2114.981992
-3.170288,5,2115.336358
11.77963,31,2116.975561
20.207409,53,2119.760792
0.04309,13,2120.531601
3.031495,9,2121.085023
1.063158,16,2121.98325
15.631378,48,2124.86444
9.575909,27,2126.522464
8.514676,22,2127.805238
16.876449,45,2130.061804
8.397077,22,2131.302901
18.527591,50,2133.874652
33.959967,114,2138.74012
44.531508,132,2144.299529
3.136975,37,2146.622472
12.317192,34,2148.590854
0.085539,12,2149.298963
3.150916,24,2150.910415
13.29737,48,2153.929293
17.008125,48,2156.604685
8.165077,61,2160.398796
8.067451,36,2162.532149
12.663404,35,2164.074086
3.058956,9,2164.459234
7.366563,33,2165.845217
24.254516,94,2169.860034
6.388203,17,2170.625786
4.416831,25,2171.69958
9.035861,53,2176.816264
-2.442384,7,2177.16503
3.045384,20,2178.423705
20.622383,57,2181.644574
4.989002,27,2182.980549
8.128875,22,2183.949916
11.605032,35,2186.04098
4.934151,14,2186.836675
1.984383,6,2187.151039
26.647751,108,2193.162041
4.32428,12,2193.87765
6.890291,18,2194.722543
4.185728,11,2195.304955
5.067961,28,2196.80481
1.596696,18,2197.77935
12.953775,43,2200.048432
30.971387,85,2203.590217
7.484024,22,2204.57182
3.936786,11,2205.057632
9.76427,51,2207.275806
4.523813,13,2207.839469
7.810596,25,2208.921251
31.525387,83,2213.454418
9.869881,31,2215.267435
5.491164,14,2216.129569
6.295622,18,2216.923183
7.923804,53,2219.18908
-2.512467,7,2219.502783
23.253082,87,2223.489053
1.943602,19,2224.696186
11.183987,49,2227.910253
-1.06305,10,2228.623075
3.217658,9,2229.269517
-1.233827,10,2229.925238
4.751398,27,2231.385319
-1.725654,8,2231.958938
11.5498,32,2234.03826
6.652422,21,2235.365778
3.90827,11,2235.946451
32.759104,91,2241.201532
20.571175,75,2245.841247
7.868187,21,2247.085887
1.886614,19,2248.073045
4.35949,12,2248.768883
19.093155,54,2251.516015
9.570483,36,2253.103966
3.57301,26,2254.183391
12.597785,44,2256.173781
12.234128,39,2258.334797
5.233512,15,2259.063109
15.026717,39,2261.151895
1.269575,4,2261.386282
12.727211,38,2263.536468
29.797872,88,2268.688489
28.680659,110,2273.972678
1.576628,19,2274.836876
15.096075,48,2277.484387
2.395735,7,2277.944904
13.96316,93,2283.079747
22.970769,106,2291.234715
18.912883,51,2293.771778
2.909867,21,2294.64261
-0.178706,13,2295.224489
18.515479,62,2297.821533
16.07076,45,2299.739496
-0.601027,12,2300.468747
21.848134,117,2307.410913
40.633275,176,2315.892501
10.713791,62,2319.719876
5.089997,29,2321.43872
10.212001,71,2325.462181
3.113744,21,2326.335071
9.042465,24,2327.359289
10.996742,27,2328.56016
-2.372515,7,2328.869079
0.551715,2,2328.96915
3.583622,10,2329.648412
1.934247,6,2330.200254
9.549047,26,2331.711058
-2.232257,7,2332.138718
12.872181,71,2336.006171
-0.617706,12,2336.705778
0.346098,15,2337.508245
12.115073,65,2341.304896
19.880184,59,2344.041584
7.170661,36,2345.584984
23.308985,82,2349.510668
-2.112615,8,2349.947652
48.826681,152,2357.272031
2.684472,8,2357.692837
3.822031,10,2358.152912
-1.275578,10,2358.615504
4.82838,28,2359.800321
2.165774,6,2360.076183
16.707147,74,2364.431955
14.835255,45,2366.939668
20.132693,76,2371.173764
4.61016,49,2373.933421
15.305927,44,2376.070198
4.778482,46,2378.055002
41.53922,176,2386.114618
11.352237,34,2387.990394
10.65671,62,2391.221111
2.90393,8,2394.022809
9.760106,56,2396.937346
-0.894881,11,2397.495784
9.391613,27,2399.049112
0.532595,15,2399.903393
19.686118,54,2402.405925
10.440953,29,2403.658199
-2.241552,7,2403.960125
0.415632,15,2404.626361
1.316447,16,2405.304845
17.714425,45,2407.168035
24.051199,72,2411.061549
8.689233,55,2414.084455
2.423519,7,2414.40796
14.193869,46,2416.885133
-2.086053,8,2417.290008
7.365808,19,2418.116636
12.581809,34,2419.851894
36.726551,176,2430.100502
24.785343,106,2435.43707
4.642749,13,2436.023307
26.340023,87,2440.794797
0.775333,15,2441.900259
8.242402,22,2443.143472
8.822681,26,2444.557735
4.895469,13,2445.342557
6.669476,34,2447.423157
27.288334,127,2453.08433
-2.304807,7,2453.40591
-0.519983,12,2453.935224
13.218021,60,2456.470431
17.667662,77,2459.797082
13.082589,74,2463.714401
-1.291013,9,2464.189796
3.65703,22,2465.097713
-1.870041,8,2465.491678
16.183663,44,2467.58193
0.175566,15,2468.432244
4.457035,12,2469.166192
13.576132,39,2471.542264
10.484115,28,2473.237936
9.231093,24,2474.560388
14.916222,42,2477.132061
0.650825,14,2477.833967
-2.474668,7,2478.206659
8.737362,36,2479.724873
11.250987,35,2481.226703
11.86706,84,2485.078109
16.763308,54,2488.071374
3.804704,23,2489.499286
17.468138,56,2492.894951
14.832502,55,2496.133791
10.586159,41,2498.77985
-1.121331,11,2499.446025
6.4124,37,2504.072796
6.647135,51,2506.685064
3.220918,39,2508.496382
1.590679,19,2509.353395
4.956478,14,2509.934046
7.818972,23,2510.906293
18.186437,50,2512.958232
13.01419,38,2514.660676
31.760567,119,2520.97855
-2.270956,7,2521.410408
0.346311,14,2522.134286
35.695293,176,2530.322219
2.684697,20,2531.6359
15.059461,70,2536.162411
3.746345,23,2537.570108
28.145224,89,2542.293318
12.153796,34,2544.249161
3.981585,26,2545.829872
3.717213,46,2548.381465
4.257087,24,2549.868648
6.975676,19,2551.161678
13.463595,34,2553.120538
8.877573,22,2554.401276
26.556206,75,2558.334357
38.078972,176,2567.685498
2.79445,20,2568.578768
23.508315,147,2576.412971
38.909993,176,2586.252936
27.897471,121,2592.251004
14.572499,81,2595.795651
7.599262,21,2596.672189
16.122691,42,2598.469287
2.143201,19,2599.429106
15.65312,45,2602.060589
14.940182,61,2605.878642
12.1643,53,2609.145662
8.630038,38,2611.252045
38.416786,149,2620.95486
23.178706,68,2624.85328
16.131665,156,2631.866662
11.020069,30,2633.240262
-1.194328,10,2633.670206
16.774557,74,2637.662085
-2.689393,6,2637.975143
5.14628,28,2639.481757
15.51061,43,2641.800031
11.023089,53,2644.898541
-0.535938,11,2645.640189
11.900978,47,2647.980974
36.428196,176,2657.026853
14.6705,76,2660.172823
18.60268,63,2663.379871
30.869599,176,2672.720339
-2.552132,6,2673.165124
16.094143,46,2675.799704
31.482605,96,2681.464581
-2.5371,7,2681.765069
24.312455,85,2685.368357
7.613751,61,2688.700618
21.203434,148,2696.681786
14.25752,93,2701.772654
12.877554,50,2704.060958
23.437138,132,2709.652192
8.316297,58,2712.532161
5.186789,27,2713.672304
5.12779,28,2714.849541
3.072529,23,2715.795211
10.865032,46,2720.467261
14.048483,61,2724.14461
17.211719,60,2727.709179
13.882889,40,2730.007701
5.544928,31,2731.818853
14.840654,51,2734.755004
12.879147,35,2736.731551
-0.65903,12,2737.437402
18.884312,69,2740.654855
29.771537,166,2748.295881
8.59811,23,2749.268939
5.950378,15,2749.924989
30.512253,176,2757.201695
32.11914,176,2766.640093
11.666772,49,2768.904119
42.679537,176,2778.919659
11.860263,62,2782.585013
8.280679,46,2785.438685
35.581992,176,2794.757284
6.712507,17,2795.457864
-1.364687,9,2795.835717
6.583706,30,2797.084355
6.106004,30,2798.361635
8.534642,60,2800.881804
17.237593,54,2803.149565
7.437327,38,2804.791275
42.854262,176,2813.239422
13.410057,176,2820.960333
15.12858,74,2827.452549
-1.102074,10,2828.064791
11.278837,62,2831.727976
0.642777,14,2832.400914
1.253147,4,2832.818793
39.062575,136,2840.464342
16.768499,45,2842.468762
30.97717,159,2850.865979
14.436536,38,2852.94663
8.959566,66,2856.685269
-1.155916,10,2857.290811
2.402165,19,2858.354994
9.703498,28,2860.046069
29.685225,107,2865.874252
25.833767,71,2869.798917
8.378978,21,2871.080609
9.860391,29,2872.428375
-1.146554,10,2872.850542
13.131947,39,2874.495461
7.842354,21,2875.369877
20.601087,96,2880.778177
-2.201644,7,2881.142017
25.56051,91,2884.959339
5.460317,14,2885.59
6.28683,29,2886.809389
15.613001,41,2889.044004
12.072886,82,2893.088066
13.867641,38,2895.278724
4.827835,41,2897.142308
41.027045,128,2903.789869
3.740971,23,2904.756308
5.619818,16,2905.754219
23.327489,72,2910.050306
15.46022,83,2914.821645
0.421951,15,2915.791803
0.316407,14,2916.720091
18.562763,70,2920.731035
-2.117634,8,2921.250873
-0.301497,13,2922.10127
24.065714,72,2925.872556
4.972886,25,2926.926913
-0.300851,11,2927.384951
23.658903,159,2936.651886
33.847599,98,2941.494676
9.49186,40,2943.740089
22.547788,81,2948.672882
-0.270034,12,2949.460269
19.879522,61,2953.261036
2.664957,21,2954.530225
-0.102831,13,2955.302683
2.134083,18,2956.427674
-2.017599,7,2956.94
15.589924,41,2959.316805
18.761089,58,2961.995771
-2.993528,5,2962.227679
44.918524,176,2972.152689
53.639591,176,2981.057953
6.792773,28,2982.219203
5.076735,24,2983.219549
-1.427863,9,2983.597013
4.498866,26,2984.775847
51.493616,176,2993.642563
16.869842,44,2996.207479
10.452264,41,2998.392922
12.461237,48,3000.855501
26.006044,96,3006.762862
3.036915,21,3008.119445
2.338419,19,3009.240229
-2.048816,7,3009.647454
13.578592,49,3012.417155
39.849263,137,3018.442149
12.162297,64,3021.130817
24.092121,113,3027.286168
1.51254,18,3028.24471
5.018397,30,3030.012768
6.327844,31,3031.607403
20.952517,50,3034.669307
-0.839395,11,3035.307522
41.509914,161,3046.63341
2.111519,19,3047.763614
43.651155,176,3058.09396
42.144634,176,3066.281219
-1.365305,9,3066.887487
7.979245,55,3069.958106
17.211949,73,3074.50516
14.620725,66,3078.389016
22.272495,91,3083.392544
39.286694,172,3092.121448
1.381554,16,3093.130347
8.850447,38,3095.583573
1.156927,17,3096.631792
1.775368,16,3097.534393
8.729307,49,3100.89678
38.552766,176,3110.750815
21.300038,84,3114.441137
4.801276,28,3115.649605
22.262277,72,3118.757559
9.037785,40,3121.021258
21.255001,78,3125.174952
8.505687,38,3127.352089
26.564685,88,3132.42622
4.658058,25,3134.166193
12.402372,36,3136.385282
9.189639,36,3138.389093
9.456202,24,3139.756346
21.250943,56,3142.675654
13.779849,62,3145.815691
6.920432,33,3147.421709
-0.230135,12,3148.164485
10.552545,46,3150.431763
38.929608,176,3161.566618
26.813587,79,3164.878859
12.08072,51,3167.564927
32.295697,145,3176.034489
41.807963,176,3184.694627
23.742256,73,3188.599647
20.387788,66,3192.588835
-0.650737,11,3193.202555
53.277161,176,3201.679023
10.995756,37,3203.289368
0.415583,13,3204.06423
3.95275,39,3205.901938
13.254522,58,3209.230029
43.485743,176,3218.601852
13.595816,37,3220.5726
14.905801,40,3222.944274
20.194517,59,3226.579101
19.527714,106,3231.619978
0.749144,14,3232.223544
-0.791515,10,3232.648357
42.185508,176,3242.175233
-2.390935,6,3242.557658
7.954484,64,3245.516154
8.313697,35,3247.281145
5.804449,45,3249.573734
13.845975,49,3251.79424
13.062854,57,3254.971563
7.59275,50,3257.738003
4.466904,23,3259.024675
-2.583069,6,3259.392737
0.866182,16,3260.358789
13.118081,48,3263.137493
12.194096,29,3265.072895
46.040082,176,3277.208149
4.839263,29,3278.602369
14.005701,37,3280.126141
9.962712,29,3281.369851
49.54441,176,3290.756254
15.1311,55,3293.076333
17.002055,63,3296.639165
26.524634,83,3301.420138
0.321821,14,3302.282175
9.091309,39,3304.36712
41.333632,113,3309.985248
7.065392,31,3311.782341
9.74856,36,3313.903889
11.453567,44,3316.403777
0.199209,14,3317.265146
-0.368274,12,3317.965532
4.992993,49,3320.519584
8.456233,36,3322.050396
5.156215,26,3323.39389
46.131737,166,3331.401525
-2.337732,7,3331.701416
25.852372,109,3336.884337
6.645623,34,3338.304141
10.892189,53,3341.172303
58.309727,176,3350.579988
24.799412,66,3353.275906
47.143007,176,3362.225293
22.33455,61,3364.93899
-2.38424,7,3365.384624
-0.168497,13,3366.034351
39.547063,176,3377.984552
7.482545,29,3379.200721
14.569499,72,3382.505788
4.68635,25,3383.840307
21.137572,70,3387.541553
-1.235845,9,3387.946678
-0.474065,11,3388.410882
24.995938,90,3393.69342
19.773042,62,3397.418505
7.822465,30,3399.176947
-0.491132,12,3399.991551
6.508116,16,3400.955111
13.303393,35,3403.186028
19.492864,60,3406.757919
4.597952,27,3408.338332
7.44931,31,3410.089674
-2.973973,5,3410.335217
4.130432,27,3411.582374
2.086767,17,3412.3094
20.633679,68,3415.103376
3.665101,20,3415.952892
14.591439,53,3418.810937
20.273513,131,3424.63002
0.562612,14,3425.237634
-1.177714,10,3425.658684
2.680776,20,3426.518463
17.899605,73,3430.163827
17.305333,61,3433.213308
17.211905,82,3438.219011
10.96166,63,3441.981235
1.082217,15,3442.908426
56.81971,142,3450.307794
8.736971,39,3451.999341
-2.324973,7,3452.322504
9.33037,24,3453.364044
62.417685,165,3462.354182
19.309503,46,3465.045854
0.970681,15,3465.88903
12.409739,46,3468.131786
4.430721,23,3469.078058
8.510389,35,3470.623605
9.09994,24,3471.888256
7.692596,32,3473.712362
2.472002,20,3474.866885
54.449889,172,3484.934135
10.365455,39,3487.142722
0.888671,16,3488.045627
5.377597,46,3490.479183
37.443934,124,3496.342855
3.120117,22,3497.273963
9.492648,40,3499.010701
1.740982,16,3500.04281
7.956256,22,3501.666378
9.407134,27,3503.349196
6.482593,29,3505.151399
6.467896,31,3506.87001
3.331267,23,3508.048509
12.909541,59,3511.009372
6.360817,29,3512.544242
7.355085,32,3514.181925
2.485961,22,3515.298721
3.03805,21,3516.528202
7.83252,32,3517.984695
27.422276,106,3523.213718
6.904501,18,3524.43426
39.517854,110,3529.790736
8.910658,38,3531.997657
5.354681,49,3534.871747
0.965408,16,3535.797068
10.242905,39,3538.147458
9.637362,37,3540.159587
8.645071,36,3542.024241
29.98041,101,3547.056299
9.389895,36,3549.473295
28.31027,80,3554.147064
3.628714,23,3555.739051
14.613713,71,3559.811175
-0.483709,11,3560.287169
32.915251,100,3566.400491
13.148801,47,3569.388315
16.263646,82,3574.171821
14.957862,83,3579.04816
-0.689304,11,3579.719566
14.017611,36,3581.61045
10.025877,27,3582.760501
4.627281,25,3583.812143
13.978212,38,3585.411141
10.49322,39,3587.529348
-2.259326,7,3587.938929
2.267059,17,3588.947808
31.381526,83,3593.790687
25.252486,69,3599.938111
41.913943,146,3606.045542
32.008822,72,3609.997389
0.921555,15,3610.954882
14.991255,77,3615.723894
2.438804,19,3616.892572
10.034756,53,3619.855247
1.525273,17,3620.773627
12.508764,48,3623.375064
9.15418,39,3625.4008
1.431604,17,3626.116556
37.019132,103,3630.479167
11.512523,43,3632.635962
6.169472,45,3635.267251
32.773388,82,3639.775852
15.231794,48,3641.910314
4.02625,23,3643.206874
-2.478377,6,3643.553476
24.96025,83,3648.33231
14.705641,83,3652.541548
-0.289388,13,3653.139049
18.685333,66,3656.835901
7.409882,30,3658.832498
1.048233,15,3659.774983
59.414846,161,3669.065085
12.913822,47,3671.175263
13.881258,64,3673.893411
11.687211,43,3675.689746
0.062868,13,3676.273697
0.123623,13,3676.82667
-1.351946,9,3677.213694
3.419301,20,3678.066654
1.657014,16,3678.771592
1.405266,17,3679.504769
11.502172,41,3681.224494
23.225532,70,3684.220694
2.745633,19,3685.332896
3.101751,21,3686.679098
1.878286,17,3687.560353
-1.750436,8,3688.113435
-1.940414,8,3688.583023
18.744489,63,3692.333338
44.547919,122,3698.615392
2.770201,32,3700.297479
-1.199305,9,3700.882251
-2.799768,6,3701.344755
21.56714,67,3706.771178
11.373889,30,3708.416602
7.705137,31,3710.133023
16.985486,51,3713.002302
10.553946,39,3714.670947
17.194332,66,3717.873162
11.851708,45,3720.592669
12.537767,58,3724.35125
18.312596,70,3728.116703
1.148184,15,3728.785987
23.099344,60,3731.880329
5.067546,27,3733.376634
14.166453,36,3735.511685
19.712054,71,3739.749796
11.119606,38,3741.911714
21.841466,69,3745.958194
58.365288,161,3753.122106
-0.643385,11,3753.595397
1.778659,18,3754.380977
7.069025,31,3756.119338
14.812795,97,3760.989904
-2.514453,6,3761.275729
2.887073,19,3762.094098
20.857392,78,3765.786803
18.206235,79,3770.448485
15.048918,59,3773.976719
56.555521,171,3781.977232
21.134449,72,3787.287335
21.091078,91,3792.754506
13.56874,61,3796.223432
22.867173,104,3800.913265
4.084648,23,3801.878025
1.251242,15,3802.529905
15.064236,72,3806.400208
36.747998,140,3814.433825
26.919028,89,3820.751911
1.77602,17,3821.62297
14.689769,37,3823.814701
51.40255,176,3833.194585
13.517446,64,3837.162699
23.783505,79,3841.70792
48.338991,176,3850.426601
38.629764,176,3860.517846
27.57003,68,3863.50493
38.802982,126,3870.315654
1.02965,15,3870.971931
31.126069,109,3875.534933
21.717054,89,3879.730012
17.199531,59,3882.939869
6.497183,31,3884.376901
1.409102,18,3885.150269
19.152454,79,3889.050781
-0.737908,11,3889.538045
24.5985,80,3893.235126
2.874877,21,3894.597525
5.531578,28,3896.433425
52.321361,149,3903.785307
18.042266,59,3906.736014
11.437971,53,3909.872901
49.218298,176,3919.634274
46.192881,176,3930.645508
8.700746,50,3933.568659
16.744434,54,3937.030744
-0.203971,11,3937.669496
13.045272,45,3940.404912
-2.704701,6,3940.771854
1.131759,16,3941.625711
56.679605,176,3949.881229
15.474475,54,3952.842412
12.071411,60,3955.717239
45.563799,176,3964.529642
16.318913,59,3967.915364
26.057225,84,3972.947097
9.508013,57,3976.548185
24.275728,64,3980.505332
37.4104,120,3986.77884
48.415357,133,3992.696954
-0.337989,12,3993.501737
30.510297,100,3998.169497
50.655543,128,4005.311594
3.559626,22,4006.611735
6.135274,28,4007.873044
14.731505,35,4009.315912
19.789298,63,4012.062334
4.800709,12,4012.609131
-0.778763,10,4013.199822
20.599188,65,4017.23682
8.372197,36,4019.33285
3.12742,22,4020.607519
45.756287,176,4031.644916
0.025257,12,4032.397466
32.02752,93,4040.157773
13.786401,47,4042.456866
4.942515,26,4043.536425
-0.381753,11,4044.10203
16.380409,56,4047.770407
1.687773,16,4048.720232
21.634749,71,4052.63277
14.990014,65,4055.327392
0.573444,14,4055.925443
38.2356,120,4062.457525
10.70726,58,4064.881447
-1.386795,9,4065.281599
14.748632,45,4067.619272
22.259959,119,4073.107757
0.15533,13,4073.679266
19.175809,81,4077.938466
3.202903,20,4079.108733
1.072781,15,4080.001016
8.186172,34,4081.972428
-1.526929,9,4082.512011
1.034469,15,4083.421542
8.64065,35,4085.230474
12.250258,59,4088.166391
2.244777,18,4089.177934
6.024012,27,4090.651794
10.726844,36,4092.641533
11.312585,30,4093.936764
-2.47425,6,4094.270491
15.687726,47,4096.825581
7.738729,21,4097.996048
11.244938,42,4100.756285
-0.218509,12,4101.597437
-2.081026,7,4102.041499
5.471324,29,4103.844083
15.257685,52,4107.040509
3.164956,20,4108.317709
18.467428,75,4112.956828
54.5085,176,4121.146489
-3.074295,5,4121.364362
20.853687,89,4125.637894
34.917105,102,4130.881361
3.858025,25,4132.358143
-3.209008,5,4132.652694
28.248284,85,4136.193412
14.736139,52,4139.168145
31.571641,124,4144.410117
17.580913,42,4148.652824
2.486926,19,4149.529401
17.515405,52,4152.810335
0.517682,13,4153.70102
15.318643,52,4157.334615
57.248719,166,4166.647477
1.387799,16,4167.32166
27.513446,79,4171.320453
13.993834,48,4173.385989
16.753833,58,4176.418493
21.496755,72,4180.531755
16.624248,74,4184.059363
25.401112,85,4188.094738
12.421124,60,4191.62915
45.110085,143,4199.235393
2.003221,17,4200.307704
37.959462,110,4206.639278
20.216406,68,4210.941066
8.843669,23,4212.414665
-1.863022,8,4212.944307
5.394257,28,4214.704593
-1.063479,10,4215.388869
11.124841,36,4217.526079
-3.049154,5,4217.832656
3.412254,19,4218.985949
-2.111145,7,4219.38055
31.064942,123,4225.091563
1.770968,17,4225.823196
4.370661,24,4226.827083
-0.79513,10,4227.269187
53.672333,141,4235.197201
0.167837,13,4235.947507
12.130273,45,4238.691914
5.519469,25,4240.035177
-2.614106,6,4240.345199
11.156252,37,4242.455194
23.772594,70,4246.117904
0.110214,13,4246.778121
46.416339,123,4253.260616
4.770845,25,4254.659104
15.328007,56,4257.37524
55.534447,146,4267.340969
-1.568485,8,4267.832037
-2.145771,7,4268.255165
22.244757,69,4271.204941
24.443398,70,4274.150032
2.280186,19,4274.979683
-1.468454,9,4275.362983
5.83732,45,4277.789546
28.024904,91,4281.852876
19.999045,79,4286.155608
2.335403,18,4287.545167
2.374723,18,4289.405548
20.654257,70,4294.565247
63.982456,176,4305.261853
-2.889861,5,4305.551894
9.229135,45,4308.144382
22.380702,64,4311.498487
38.885032,115,4316.360292
21.052873,84,4320.975727
26.913818,76,4324.155154
64.678808,166,4331.179499
19.205484,80,4334.619507
7.965363,33,4336.032887
-0.811372,10,4336.462032
12.041314,45,4338.625043
17.373465,57,4342.689232
26.589937,72,4347.25379
11.806377,44,4349.801484
11.940578,42,4352.100331
24.932145,68,4355.732845
8.656324,32,4357.902449
39.578847,104,4364.10594
2.443668,20,4365.211653
-0.614186,10,4365.756486
27.922046,108,4372.332655
-0.001632,12,4372.854203
6.549243,29,4374.070189
24.880207,87,4378.484127
57.892125,176,4387.852826
10.121609,38,4389.519613
18.502572,53,4392.507599
-2.599639,6,4392.844867
15.711684,50,4396.558428
10.60003,41,4398.781359
19.366506,63,4402.197311
-2.847197,5,4402.494809
32.428884,92,4407.15222
2.695609,18,4408.071051
61.914804,152,4417.439217
17.961248,69,4421.252919
8.590941,54,4424.186545
29.549353,108,4430.573196
9.408257,34,4432.567822
15.328208,53,4434.843605
48.936009,140,4442.541129
22.405613,68,4446.425281
2.928673,20,4447.555386
3.664124,23,4448.94067
16.675249,81,4453.43411
2.65011,21,4454.360337
9.433242,42,4456.191804
22.522841,64,4459.470984
1.74417,17,4460.747854
55.162317,176,4469.769876
4.668581,25,4471.261086
3.028367,34,4473.032104
14.384534,48,4475.761078
2.475547,18,4476.524904
27.80179,87,4481.488851
-2.596488,6,4481.779055
25.76338,87,4489.460478
17.570716,78,4492.973782
34.189109,106,4498.729805
4.382884,23,4500.127894
-0.264464,11,4500.71391
16.296189,51,4503.901983
25.022047,84,4507.807164
21.423183,78,4511.13069
20.249571,65,4513.893842
33.333481,75,4517.678812
-2.130365,7,4518.262079
61.040869,158,4528.182516
5.32857,24,4529.495671
19.812498,46,4532.180939
19.698812,47,4534.641378
60.772954,170,4544.169922
55.064421,150,4551.135964
0.48847,14,4552.364926
11.370873,40,4554.440931
13.897515,60,4557.277147
11.6053,62,4560.609366
13.455374,47,4562.944686
11.779813,53,4566.302192
3.899889,23,4567.576325
25.427605,63,4570.996941
36.839895,120,4577.709659
8.443792,51,4580.318091
35.908266,100,4584.921584
14.667293,46,4588.222953
0.343556,14,4588.981291
37.211194,104,4596.538698
-1.145032,9,4597.164916
1.830756,17,4598.379911
7.745798,52,4601.512908
20.482197,64,4605.475579
12.972446,64,4608.9024
21.410805,76,4612.501625
11.608115,40,4614.634943
-0.564328,12,4615.151846
19.421109,63,4617.936911
4.726314,24,4619.327235
4.167205,22,4620.965994
30.272965,90,4626.247679
10.958884,41,4628.815211
-1.260095,10,4629.338991
0.656598,15,4630.449202
6.612269,30,4632.330412
13.866265,59,4635.619959
18.742562,55,4637.93378
27.054281,75,4641.039217
11.133125,29,4642.256453
28.100327,89,4646.003232
-0.8181,10,4646.683012
16.807776,53,4649.813672
12.941442,46,4651.866599
-2.51525,6,4652.128561
21.81067,66,4655.385285
58.520635,176,4665.102445
17.244332,53,4668.013097
0.858114,14,4668.76368
20.803808,76,4673.351796
22.379627,79,4677.26987
3.426485,21,4678.160423
2.837692,18,4679.317618
26.558617,75,4683.082527
33.795315,94,4688.459857
23.632015,65,4692.240043
49.164643,126,4698.124436
-1.389208,9,4698.729684
10.625854,40,4700.935348
6.056401,28,4702.279062
15.16605,77,4708.613415
13.338474,46,4711.149358
16.836853,53,4714.01571
19.21533,78,4717.430087
6.730247,30,4718.682814
57.303935,153,4726.541572
14.153408,51,4728.9076
-2.091377,7,4729.206669
24.287429,75,4733.284655
27.785729,95,4739.12832
15.97182,41,4741.483431
17.951799,75,4744.891593
5.473687,25,4745.921534
8.805648,49,4748.335182
-1.928872,7,4748.655511
4.46974,25,4750.201691
23.000023,56,4753.513365
2.017502,17,4754.445355
-2.641501,6,4754.815469
1.847628,17,4755.81692
20.428727,72,4759.244275
20.004079,57,4762.419284
30.33853,87,4767.152092
11.842619,42,4768.930622
-1.208438,10,4769.374038
4.372476,22,4770.66812
1.815768,17,4771.563813
6.724343,29,4772.984111
26.840107,79,4776.874413
22.325182,71,4781.392571
12.843005,42,4783.679924
-0.065012,12,4784.348895
16.298758,58,4787.577606
4.514405,24,4788.798835
1.201838,15,4789.434615
-0.086911,12,4789.959895
19.551973,63,4792.695039
21.579934,53,4795.319428
10.973816,42,4797.147892
9.715737,48,4799.480454
13.84453,59,4802.90559
4.472466,25,4804.346375
1.907372,17,4805.325963
15.128281,49,4808.209932
-2.566967,6,4808.472095
6.861883,45,4811.033674
5.803641,28,4812.843583
16.340646,40,4817.700029
12.563384,33,4819.405055
18.910482,60,4822.641742
9.869025,36,4824.379591
0.64147,14,4825.009621
26.125037,63,4828.596231
0.899373,15,4829.473109
7.048767,28,4831.11314
10.964948,36,4833.140756
12.629851,58,4836.378306
13.149194,43,4838.364433
1.536715,15,4838.998596
41.01184,145,4845.220295
28.977929,76,4849.482369
-1.339288,9,4850.007046
-1.060975,10,4850.596724
22.193209,70,4853.912933
0.747102,15,4854.597751
16.544711,54,4857.451391
3.821655,23,4858.753114
43.929161,139,4867.096387
10.616967,42,4869.147286
7.380078,50,4871.90038
0.007469,12,4872.424079
29.485499,90,4876.23678
10.68286,37,4878.521683
-1.644559,8,4878.918437
28.948211,72,4883.34292
0.336913,14,4884.402537
32.319916,84,4889.677359
48.053321,112,4894.755446
15.274324,56,4897.604803
8.957608,53,4901.188454
-2.316001,7,4901.711082
2.614124,18,4902.829393
12.656808,50,4905.85029
12.913637,54,4909.060759
-1.705042,8,4909.517078
24.860524,66,4912.282737
60.426653,165,4920.637034
-2.158188,7,4921.027066
0.807186,16,4921.943802
21.882131,63,4925.742812
-1.734069,8,4926.148406
6.305321,27,4929.612873
4.127557,24,4930.653558
1.635187,17,4931.39238
1.196832,15,4932.033764
1.953801,19,4933.153255
21.732537,83,4937.165379
0.015287,13,4937.713691
26.984322,87,4942.880542
16.383977,47,4945.481078
5.474384,24,4947.008547
27.817211,78,4951.768369
7.771258,44,4954.461955
12.995923,46,4957.067067
30.324076,73,4960.723284
12.420092,46,4963.19523
4.480101,23,4964.441861
-0.982486,10,4964.914578
3.129349,19,4965.746734
-1.388247,9,4966.130942
2.045324,16,4966.804911
59.039525,176,4976.353673
10.004772,38,4978.961248
7.690194,49,4981.73392
10.748391,48,4984.180327
26.23522,88,4988.5828
23.264187,64,4992.496316
22.891955,66,4996.831505
-0.872586,10,4997.553001
31.730084,111,5004.062482
16.553089,56,5006.632477
7.812496,30,5007.878836
8.62524,48,5010.37825
2.90712,20,5011.728577
4.961251,25,5013.229582
18.153914,57,5016.675882
8.276246,34,5018.264587
32.241668,100,5023.519343
4.337929,21,5024.720481
22.014604,61,5027.790954
-2.188231,7,5028.271011
1.193393,15,5028.975752
29.72163,84,5033.989274
-2.210708,7,5034.401618
-2.591386,6,5034.764547
-2.009643,7,5035.185095
57.072949,173,5044.860847
6.609545,28,5046.353807
1.00672,14,5047.133307
12.191753,40,5048.893939
-0.586983,11,5049.484547
-1.60361,9,5049.874763
4.620544,25,5051.358368
21.770314,56,5054.577786
2.32552,18,5055.56591
-1.504113,9,5056.102459
1.463483,16,5056.985559
11.213845,54,5059.220656
5.157028,24,5060.271284
20.512396,59,5063.175095
7.532928,31,5064.88566
37.879918,99,5071.304661
11.875384,38,5073.704208
11.429258,40,5076.125458
6.7525,28,5077.807897
44.548386,125,5083.443974
14.866713,65,5087.560126
-0.274593,12,5088.066957
2.893228,21,5089.053979
3.366814,19,5089.920287
3.637978,22,5091.14352
24.651899,62,5095.024761
4.03535,22,5096.254652
8.536283,49,5098.991089
57.563908,155,5107.915989
9.51615,34,5109.58772
8.488403,45,5111.713634
-2.080653,7,5112.229862
3.244492,21,5113.358575
3.057485,22,5114.592434
54.56604,154,5123.153387
60.407553,133,5130.721455
23.77444,122,5136.588594
11.411334,61,5139.39401
5.465692,26,5140.942554
-0.790801,11,5141.725549
-1.447654,9,5142.464705
19.712745,73,5147.06876
-1.553759,9,5147.635659
14.627568,47,5150.414303
-2.295609,7,5150.895787
2.966998,20,5152.117223
1.09896,15,5153.003572
6.97338,28,5156.391068
-2.557438,6,5156.808418
4.927577,29,5158.770642
-1.753325,8,5159.35771
-1.085053,9,5160.034455
51.029938,131,5168.200843
16.702156,41,5170.717292
15.420685,42,5173.280834
38.443203,107,5178.714054
0.438342,14,5179.541292
13.366267,50,5182.613137
23.933196,71,5186.245043
25.893751,71,5189.355806
13.318291,50,5192.043051
22.752249,77,5196.576626
15.355487,46,5198.587749
29.282891,73,5202.305247
11.997792,46,5204.408902
25.130322,103,5209.912131
5.170565,27,5211.315797
8.661071,35,5213.371498
-2.314455,7,5213.790112
15.032617,48,5216.770394
14.318499,47,5219.455292
4.27181,23,5220.777902
35.809942,118,5226.403394
2.278326,18,5227.402066
2.938125,20,5228.535822
13.599321,45,5231.125496
9.62205,24,5232.348847
9.493774,35,5234.374262
36.72146,84,5239.363878
-0.139755,11,5240.023251
4.384701,22,5241.305161
9.607106,33,5242.977715
11.691362,40,5244.694753
3.943266,22,5245.629506
7.621464,32,5246.993518
4.614247,24,5248.01075
11.192085,38,5249.660766
-2.085413,7,5249.968241
35.860533,106,5255.162013
31.452249,82,5259.57475
3.792322,21,5260.712109
5.265385,13,5261.570023
56.897743,147,5272.018649
21.176793,78,5276.843481
21.747743,68,5280.54573
1.326835,15,5281.323692
21.185423,68,5285.282998
15.713596,43,5287.86221
66.000856,150,5294.836244
13.309732,41,5296.735191
18.620754,47,5299.445052
12.787492,44,5301.575385
10.475421,27,5303.320109
32.120683,87,5307.861755
8.319699,32,5309.255719
21.236129,64,5311.972141
6.970396,28,5313.174644
35.570257,99,5318.751511
4.632474,24,5320.157791
5.001996,25,5322.018329
45.169855,110,5328.602212
-1.030301,10,5329.18697
8.520413,32,5331.091062
5.536578,24,5332.461085
34.71303,117,5338.433731
12.631388,40,5340.751152
5.27434,27,5342.272447
0.074578,13,5343.030062
10.527028,37,5345.168429
9.382026,47,5347.456639
-1.775075,8,5347.813177
20.785091,60,5350.279212
8.532203,31,5351.671762
28.004466,83,5356.72213
2.480468,18,5357.950379
7.819814,33,5359.673602
-2.238143,7,5360.091889
-1.334705,9,5360.645843
12.31635,42,5362.668867
10.874743,43,5364.489172
3.436635,18,5365.260335
10.655415,40,5366.963726
3.769734,21,5368.286893
35.087336,89,5372.539327
9.409651,33,5374.56131
4.294024,34,5376.269595
-0.726636,10,5376.80329
1.289543,15,5379.828146
-1.861797,8,5380.365478
49.390736,109,5387.227955
6.653321,43,5389.972694
28.599943,65,5393.406956
7.77308,31,5394.707783
37.400813,101,5401.514598
18.092336,60,5405.053527
16.313549,52,5407.8419
0.764358,14,5408.619668
0.591547,13,5409.350033
0.956694,15,5410.190299
7.919885,32,5411.735733
21.991842,60,5414.477608
38.658069,101,5419.356709
5.045384,13,5420.234651
10.283844,35,5422.101131
3.656403,22,5423.255738
3.73787,23,5424.245187
-2.288343,7,5424.548633
-2.227016,7,5424.869364
23.86768,71,5427.930354
0.415081,13,5428.474562
0.110099,13,5429.32171
2.044504,17,5430.244507
0.68955,14,5431.15598
9.376386,23,5432.681846
-0.078661,11,5433.366335
6.451903,16,5434.557778
2.051496,17,5435.805576
3.143463,21,5437.076809
2.837724,18,5438.199573
17.601096,57,5441.512779
33.913299,76,5444.938052
-2.170154,7,5445.454051
12.774151,42,5447.740634
17.252186,54,5450.931921
20.424014,56,5454.722326
-2.079751,7,5455.289111
31.26077,82,5459.627956
-1.002506,10,5460.190912
5.088096,24,5461.571479
-1.998696,7,5461.898578
11.237975,40,5464.33139
6.560047,27,5465.908789
2.292681,17,5466.661047
5.223845,24,5467.672702
19.274884,59,5470.245713
23.28536,69,5473.173509
22.540078,61,5476.126064
-1.648823,8,5476.846294
27.157626,73,5481.727861
35.466892,104,5486.618273
5.375349,24,5487.74221
23.371562,81,5494.581673
33.308914,86,5499.75953
10.438217,50,5502.652065
14.156236,34,5504.089872
27.124999,66,5507.518037
42.471583,109,5514.354987
-0.278772,12,5515.08245
12.039776,40,5517.470353
13.486235,41,5519.398615
5.999558,26,5520.514734
4.155171,22,5521.486314
18.769188,56,5524.689297
16.165894,56,5528.226946
26.266064,65,5532.17565
-1.072817,10,5532.743168
2.69369,20,5533.858019
13.336363,40,5536.44203
1.13953,16,5537.388628
21.805307,59,5540.138913
2.70141,21,5541.057107
19.171372,49,5543.173346
24.85708,57,5546.43867
4.307242,22,5548.198032
-2.575304,6,5548.724619
7.633298,20,5550.015639
6.718733,27,5551.662455
40.515723,110,5558.597112
6.270084,27,5560.152826
10.893616,53,5562.881688
-2.235274,7,5563.282318
22.231781,55,5566.003369
10.913958,27,5567.811503
-1.612246,9,5568.314064
28.110096,84,5573.180453
4.883672,24,5574.506495
19.136203,58,5577.575563
1.295279,16,5578.258116
1.58216,15,5578.881776
5.716621,25,5579.946713
0.302889,12,5580.476194
22.963335,56,5583.550202
5.113589,13,5584.132948
-1.232076,9,5584.562075
5.182087,25,5585.637936
19.571518,44,5588.596304
-0.51088,11,5589.180221
11.485754,45,5591.756332
6.407388,27,5593.357246
23.416991,82,5597.221416
42.096498,101,5603.284799
45.887537,104,5611.807494
20.334535,46,5614.753585
8.438036,33,5616.442722
29.833228,78,5619.89017
22.941279,52,5622.090328
0.27708,13,5622.668714
9.193676,33,5624.091724
40.400175,106,5630.240605
11.859254,39,5632.316996
0.010138,13,5632.887205
14.402523,44,5634.875041
18.452805,51,5638.146861
12.38268,49,5641.082891
4.458918,22,5642.80514
16.690671,52,5646.091013
12.883521,41,5648.527543
11.90883,39,5651.197702
-0.450952,11,5652.002089
33.691327,88,5656.78281
28.378953,66,5659.620972
9.356802,23,5660.618648
2.642337,17,5661.364702
-2.472074,6,5661.631423
8.337258,47,5663.62528
21.490309,50,5666.132385
45.030462,120,5673.011528
13.177415,56,5676.074809
16.908652,55,5679.202468
20.390478,47,5681.870013
34.184145,98,5687.59931
17.198517,56,5690.395433
4.114416,22,5691.359227
4.278283,22,5692.290205
5.687905,14,5692.911213
48.201296,110,5700.059654
6.616087,29,5702.222063
21.956566,61,5705.812112
20.267766,60,5709.292932
35.475015,94,5714.866639
-1.10824,10,5715.432279
0.750742,14,5716.234679
18.536272,65,5719.476896
27.50173,84,5725.113924
5.643828,25,5726.173605
13.358469,44,5728.019141
21.643515,49,5730.568781
16.101288,39,5732.54031
20.373152,59,5735.974517
2.527933,17,5737.174116
0.444217,13,5738.018276
10.070327,24,5739.411804
32.480045,108,5745.771883
23.397658,64,5748.987881
18.635078,49,5751.105525
7.074512,32,5752.485206
25.771474,65,5756.20154
48.119973,110,5762.852547
0.912222,15,5763.691535
5.804788,24,5765.107543
8.180856,35,5767.079816
-2.559115,6,5767.387061
52.470305,114,5773.054967
24.007898,62,5775.668224
22.294058,56,5778.05993
0.37227,13,5778.638844
0.699495,15,5779.272753
-0.785145,10,5779.71231
12.080033,40,5781.37939
1.355392,17,5782.110241
12.407805,47,5784.14141
11.312034,43,5787.240536
49.423217,104,5793.473314
35.218943,102,5799.7492
23.723676,65,5803.279919
9.19797,33,5805.132696
16.635552,51,5807.700566
22.244251,67,5811.526111
20.469374,59,5815.170958
9.391511,34,5817.07367
12.139709,42,5819.470376
24.673764,66,5822.803684
3.441352,21,5823.940924
23.204204,62,5827.467966
16.878407,40,5829.228904
-1.056304,10,5829.656983
17.599228,67,5832.551702
2.482466,19,5833.379892
3.046764,21,5836.357811
15.540772,44,5838.244218
12.654355,41,5840.018658
27.736672,63,5842.682313
0.709677,13,5843.555077
23.956142,72,5847.667361
7.503226,33,5849.902343
33.506385,107,5856.765923
-1.617925,8,5857.346069
21.515408,51,5860.257051
18.007664,53,5863.214294
8.672875,31,5864.700845
0.032217,12,5865.212368
-2.020562,7,5865.516644
-2.465578,6,5865.781239
10.853926,36,5867.803122
7.670041,30,5869.379615
0.983014,15,5870.264155
19.799075,77,5874.880534
-0.308137,12,5875.601247
1.362888,15,5876.489467
33.747039,89,5881.173412
2.116451,6,5881.524035
11.95877,40,5883.872895
33.505775,76,5887.621973
10.149389,35,5889.422718
2.921732,19,5890.804321
21.184229,53,5893.733636
21.890252,54,5896.625311
11.860487,43,5898.445134
3.032146,19,5899.261616
6.062114,15,5899.919033
-2.670497,6,5900.198297
0.669024,13,5900.763611
12.417741,40,5902.44142
-3.047626,5,5902.656713
29.614603,80,5906.508638
17.804409,43,5909.919912
3.758959,21,5911.144374
26.678892,66,5914.918105
24.704857,70,5919.05397
12.675618,39,5921.192875
63.060063,147,5928.701226
-0.794338,10,5929.149968
34.568776,80,5932.518593
2.362712,19,5933.312333
2.987736,18,5934.211314
24.757084,55,5937.398391
15.33687,49,5940.371757
29.492516,70,5944.034234
17.701822,58,5949.168114
6.093442,29,5950.763146
-1.489796,9,5951.330145
1.518995,16,5952.209406
21.861647,62,5954.853325
4.248724,22,5955.812401
37.335103,100,5961.105382
0.085768,12,5961.632396
9.174451,34,5963.102821
59.111104,133,5970.319304
23.668556,54,5973.793552
9.901887,33,5975.689087
11.67054,59,5978.924698
9.773121,23,5980.013364
17.422996,53,5982.821408
12.8968,46,5985.586087
12.848494,46,5988.677279
7.388199,31,5990.441713
32.575016,83,5995.092001
14.83527,45,5997.344191
23.004884,57,6000.921117
25.980307,83,6005.416452
23.579188,86,6011.163961
52.295972,117,6017.181859
0.465191,13,6017.772909
10.713974,36,6019.48721
4.06741,24,6021.045475
5.346578,25,6022.765525
1.019662,14,6023.570664
28.034587,80,6028.629854
27.293505,59,6032.194105
9.806363,37,6034.41339
-0.640376,11,6035.002036
0.53516,13,6035.552553
0.032229,13,6036.120182
12.900691,49,6038.638511
3.483779,22,6040.18505
33.106109,73,6044.28837
10.312884,37,6046.416252
2.952724,18,6047.471987
18.782095,46,6049.746648
-1.836816,8,6050.109048
3.352929,21,6051.021848
31.678661,85,6054.822049
13.695486,46,6057.338122
-2.261278,7,6057.777765
26.63261,70,6062.970898
4.569719,24,6063.989324
13.012176,31,6065.288182
7.153492,29,6067.056335
22.669831,58,6070.38901
31.921821,87,6075.281658
30.02091,66,6078.719843
24.602591,55,6081.987779
46.864234,116,6087.047243
-0.327011,12,6087.554662
-0.95671,10,6087.995865
18.781824,48,6090.456499
13.794579,33,6092.298069
25.809563,57,6095.232394
19.985542,56,6097.997546
9.322174,36,6099.499544
5.486059,25,6100.524488
14.907938,49,6102.940561
7.537857,30,6104.621427
0.705084,14,6105.65598
20.090793,45,6108.323836
3.598358,19,6109.405447
25.801056,68,6113.206484
2.77115,18,6114.237802
1.939589,17,6115.164559
1.435975,15,6115.940404
11.195688,26,6117.305814
0.706495,15,6118.104551
9.5926,35,6119.591196
5.805372,26,6120.679524
64.252371,139,6127.290391
4.428663,23,6128.423594
10.791912,35,6130.448897
0.64215,14,6131.558871
2.192679,19,6132.511288
6.544144,26,6134.0699
47.926155,109,6140.561247
-0.315792,12,6141.322415
21.928624,51,6144.546729
21.912272,57,6147.7619
6.260113,27,6149.107377
5.968244,28,6150.299607
6.812322,43,6152.071998
29.890271,86,6156.308478
38.229082,89,6161.602024
39.421165,88,6165.777003
2.038895,18,6166.574026
33.667232,80,6172.50695
21.049233,60,6175.132371
30.49048,76,6179.813698
-0.093327,13,6180.584746
8.497141,21,6181.831262
0.56413,2,6181.978633
10.290239,48,6184.333643
4.988346,13,6184.917445
13.100602,30,6186.294037
26.172592,60,6189.836344
-1.829894,8,6190.364158
6.96718,29,6192.058123
10.28288,23,6193.319128
22.279236,53,6196.788042
9.07029,38,6199.169643
-2.530697,7,6199.585437
8.092364,20,6200.817453
20.007924,46,6204.449633
-0.700949,11,6205.050885
7.374526,51,6208.0129
25.753618,70,6212.141254
4.827088,23,6213.427999
26.166846,65,6217.350584
18.684634,42,6219.841207
36.532458,81,6224.415298
11.478795,39,6226.131452
9.554863,21,6227.058418
6.287828,26,6228.173338
26.144148,62,6230.809639
6.13313,41,6233.016028
10.654136,26,6234.425463
7.371948,29,6236.291892
7.186638,32,6238.5799
5.734741,27,6240.161666
1.360841,14,6241.033363
25.048868,59,6243.82134
7.456575,29,6245.064816
4.841829,23,6246.113849
9.255641,47,6248.872291
12.286703,29,6250.796588
-0.563039,10,6251.427033
3.877391,23,6252.929318
15.366419,47,6255.841118
4.73076,25,6257.279963
3.058792,17,6258.238731
0.599342,14,6259.041351
34.895964,76,6262.427375
24.032464,54,6264.771168
25.108467,59,6268.425734
29.448993,72,6273.034357
0.936467,15,6273.927842
11.256726,28,6275.61762
10.960958,39,6277.927641
-1.146709,11,6278.525046
3.495963,20,6279.662946
29.387823,78,6283.393273
21.839289,68,6288.31158
2.797938,20,6289.182509
12.218095,43,6291.071682
-0.500661,11,6291.538471
-0.8188,10,6291.994881
9.010838,22,6293.390865
10.121021,25,6294.841191
10.177284,26,6296.401205
0.49069,14,6297.245821
16.977732,43,6299.300863
23.60477,53,6301.562262
6.899629,28,6302.78164
31.715987,86,6307.293211
6.577375,16,6308.284023
6.309673,27,6309.928196
5.84979,26,6311.294497
4.393354,25,6312.714123
7.448263,28,6314.304966
57.904405,136,6322.098928
44.818756,100,6327.579336
1.738254,17,6328.330453
-1.439322,8,6328.711464
0.969013,14,6329.319162
9.564762,36,6330.834556
-0.356656,12,6331.484153
-2.088809,7,6331.991385
22.762147,67,6335.421021
16.519388,40,6337.777192
15.165406,35,6339.656774
0.130305,12,6340.300329
10.329238,38,6342.515959
17.979783,40,6344.517375
20.732222,49,6347.287228
6.239819,29,6348.520423
14.00389,45,6350.427548
11.772774,39,6352.116877
5.753897,25,6353.211519
21.957507,64,6357.808301
15.390991,58,6361.797617
23.322182,55,6365.312429
18.835552,47,6367.879969
7.434454,30,6369.669407
39.702963,89,6373.767735
23.764585,52,6375.927631
-0.752459,10,6376.364357
20.458175,49,6378.591109
7.380626,28,6380.760854
3.10614,18,6382.156534
19.443087,56,6385.714095
1.777793,18,6386.700324
31.984323,82,6391.256471
8.100512,34,6393.097584
16.312059,39,6395.033327
7.487203,29,6398.56308
10.663491,50,6401.124914
15.603215,37,6402.75324
1.736168,16,6403.43182
17.606565,43,6405.324295
55.140826,121,6411.783459
-1.458989,9,6412.243495
1.338441,15,6413.06826
13.696995,35,6415.088888
20.796195,50,6417.533118
10.192954,35,6419.182718
13.59668,32,6421.070072
3.038911,19,6422.10668
-2.065246,7,6422.42501
13.477623,56,6424.804175
8.159821,20,6425.676089
-0.164689,12,6426.200808
11.733434,29,6427.442401
1.127313,15,6428.092522
15.451497,39,6430.153515
2.193662,19,6431.217659
6.918163,18,6432.113615
12.719959,47,6435.112521
23.33638,57,6437.865349
1.99922,17,6438.593952
33.352784,84,6443.447854
17.792229,62,6447.086316
25.862701,71,6451.265348
35.37376,108,6457.565258
-0.682442,10,6458.103781
35.870638,84,6462.401615
13.953,46,6464.358384
-2.418711,7,6464.677348
2.450151,19,6465.526822
2.296325,19,6466.335154
-2.047341,7,6466.636186
5.101464,25,6467.693748
9.979705,48,6470.182587
30.826425,86,6474.654749
15.146108,49,6476.723372
21.181685,47,6479.170631
11.377393,40,6480.894986
7.827921,30,6482.257134
16.828176,40,6485.062317
9.508962,40,6487.565927
24.068615,57,6491.015134
15.694689,49,6494.172107
11.635369,46,6496.985108
1.147475,15,6497.78395
14.14526,34,6499.746437
19.67125,46,6501.810391
23.05369,54,6504.566047
4.182001,22,6507.975661
24.385818,82,6512.396123
10.119683,36,6514.318501
30.784982,76,6517.519022
3.441993,22,6518.482381
28.404464,68,6522.228116
-1.664964,8,6522.917085
13.990201,48,6525.885032
15.908441,53,6528.871366
2.516367,19,6530.10865
15.796773,49,6532.754417
6.186139,26,6534.236936
28.509474,64,6537.29344
-0.468508,11,6537.758896
13.661785,43,6539.747726
0.392437,13,6540.62263
7.72669,30,6542.350512
44.286137,99,6547.123558
9.6868,32,6549.072819
7.813221,32,6550.623274
10.803002,25,6551.729143
5.161442,26,6553.575659
45.143374,97,6559.02967
13.573166,44,6561.069045
4.754053,24,6562.524023
3.154765,20,6563.625528
3.305775,21,6564.722857
3.506646,21,6566.071398
22.856636,60,6569.101246
-1.281941,9,6569.502291
20.222975,55,6572.608156
48.144693,120,6577.812033
1.189,16,6578.508043
14.247646,45,6581.08525
29.239892,81,6586.378303
9.86603,25,6587.886341
8.120228,22,6589.557111
-0.172708,12,6590.733113
32.100737,70,6594.708724
11.048391,37,6596.75839
4.702494,22,6597.765555
11.892145,28,6599.02852
8.805716,33,6601.062696
20.25254,59,6604.560711
-2.493639,6,6604.90124
16.281805,54,6607.737402
16.393072,39,6610.379873
7.952175,20,6611.565878
14.825305,37,6613.625424
27.794125,65,6616.586493
-0.210983,11,6617.052645
11.020202,39,6621.561051
27.313598,76,6625.274931
15.264674,46,6627.179779
9.044988,47,6629.318656
27.139293,65,6633.502439
17.816458,41,6635.911568
27.427328,80,6639.415393
-1.070559,10,6639.856767
1.898893,16,6640.544927
35.042893,92,6644.457428
21.41112,55,6647.127451
-1.480158,9,6647.614478
20.864126,58,6650.357344
50.643526,113,6657.36365
21.124113,50,6660.508343
-0.989499,9,6661.047395
16.162564,54,6664.13595
4.505132,23,6665.755136
1.546583,15,6666.651319
12.750082,40,6668.861338
16.466346,38,6670.697296
24.226916,57,6673.177184
19.219552,56,6676.130239
9.576998,38,6678.165845
21.232619,48,6680.739741
19.704177,59,6684.251117
16.924724,52,6686.716775
27.042584,62,6689.382288
30.402498,93,6693.339932
8.109658,33,6694.767187
23.726062,58,6698.059817
21.308946,50,6700.953534
21.323882,50,6704.181706
-0.083945,12,6704.918148
29.527049,67,6708.884033
14.149233,45,6711.30867
11.011038,29,6712.512505
-1.385813,9,6712.931276
13.667084,42,6714.785652
20.759992,48,6717.483973
22.165135,64,6720.613646
2.059387,17,6721.955995
32.728682,81,6726.58287
-2.238197,7,6726.891595
3.719151,23,6728.464957
10.463169,27,6732.327966
21.244265,59,6735.530459
24.795371,60,6738.593217
7.489419,31,6739.913577
29.226986,77,6743.150444
9.533677,23,6744.19039
37.267915,83,6748.765335
6.791313,30,6750.468815
32.746197,88,6755.950096
10.839232,39,6758.10051
10.303968,35,6760.013891
26.412437,61,6763.167267
37.885339,88,6766.884606
57.215906,133,6772.502937
22.049551,50,6774.607337
14.275549,34,6776.473355
27.767799,72,6780.964529
9.058844,24,6782.20695
12.281928,41,6784.484991
7.373054,32,6786.297721
3.789249,22,6787.288668
24.402712,65,6790.042485
21.743228,63,6792.700304
1.973045,17,6793.804335
8.669239,23,6795.103556
-0.920098,10,6795.672131
2.907603,20,6796.850672
1.44853,16,6797.766204
-1.685176,9,6798.275698
6.37001,27,6799.639489
0.969432,14,6800.536115
5.83145,27,6802.147727
12.075132,29,6803.873916
14.266882,52,6807.214169
12.729552,42,6809.71123
27.515106,66,6813.696276
18.550143,44,6816.230762
47.937409,120,6821.424173
13.553588,43,6823.229512
25.985355,65,6826.026611
38.299335,86,6829.698489
3.226185,20,6830.553419
18.773274,64,6833.809093
7.112688,43,6839.074929
9.875491,25,6840.637749
30.322749,78,6845.146018
15.072024,38,6847.355371
14.370487,36,6849.70516
6.712954,27,6851.223844
-1.913521,8,6851.706244
55.082952,127,6858.497733
27.955604,63,6861.168353
15.447805,39,6863.214129
6.799305,18,6864.203194
8.046482,48,6866.883535
12.904812,48,6869.332242
-1.238075,10,6869.823841
23.692384,51,6871.979787
19.404144,47,6873.981092
16.965674,65,6876.801506
34.043835,79,6880.76562
11.454541,30,6882.439716
19.444386,54,6885.008919
26.287852,59,6888.998154
22.625928,53,6892.125743
9.018435,33,6894.518321
13.558104,44,6897.0744
6.775874,28,6898.686357
-2.273688,7,6899.111178
46.276701,126,6906.164719
15.536059,39,6908.262336
-0.603858,11,6908.923281
13.24868,30,6910.687402
13.673165,49,6913.7817
33.26099,75,6917.660986
21.140765,47,6919.647136
8.299857,32,6921.001245
25.951275,70,6924.007528
12.87053,41,6925.774092
16.827772,51,6928.400725
2.301838,21,6929.373712
21.800563,53,6932.271709
30.953182,67,6935.386464
4.605105,22,6936.325193
14.147781,41,6938.08636
35.114827,78,6942.832777
14.942224,37,6944.880531
23.637896,56,6950.890085
-1.56861,9,6951.461107
-0.188875,12,6952.241656
29.005275,66,6956.343048
26.24334,65,6959.944732
15.867401,50,6962.043442
5.656214,25,6963.111686
20.407155,58,6965.595315
12.304389,39,6967.244268
6.616269,30,6969.07831
0.397737,14,6969.769748
9.716382,35,6971.723541
7.411823,30,6973.018012
15.798429,36,6974.522332
6.607784,17,6975.346799
33.802403,81,6980.280849
-0.100151,12,6981.47588
4.712212,24,6982.991488
5.086344,23,6984.240339
49.695604,108,6989.529803
8.80704,34,6990.942062
6.734084,28,6992.282773
25.961247,70,6996.565916
17.57436,55,6999.935953
-2.238504,7,7000.384251
39.594851,93,7005.557486
3.347409,22,7006.708927
15.986656,50,7009.862903
22.730958,56,7013.583175
8.868613,22,7015.016085
9.601499,25,7016.44939
-2.556684,6,7016.817899
5.461462,25,7018.271918
22.833024,70,7021.590066
5.942982,27,7022.716048
4.747677,25,7023.808885
11.459538,30,7025.149024
-1.888799,9,7025.586131
9.299721,25,7026.988014
42.835,100,7032.02042
6.246335,30,7033.293306
-2.196192,7,7033.620356
23.761304,54,7035.925295
23.260397,69,7039.397073
26.832465,60,7042.999624
25.046891,60,7046.05392
3.964576,22,7047.013918
32.38091,74,7050.47526
9.970316,25,7051.908921
5.147548,13,7052.688385
-1.961614,8,7053.17515
5.28958,25,7054.652495
11.569298,42,7056.462321
