#{"t_start": 1773764932.8058033, "env_id": "continuous-highway-v0"}
r,l,t
3.161793,10,7.579136
-1.665108,11,7.944175
3.395456,11,8.307553
3.309163,11,8.680665
-1.558188,10,9.018846
2.664221,10,9.356207
2.980869,10,9.690346
3.060545,10,10.013646
4.712737,13,10.455933
2.418175,10,10.78287
3.220807,11,11.134938
2.492162,10,11.457783
3.299197,11,11.822664
2.81119,10,12.13726
3.505892,11,12.486414
3.495286,11,12.823213
2.785501,10,13.164741
3.198149,11,13.530894
3.303378,10,13.87894
3.703163,11,14.253938
4.303245,13,14.672099
3.461775,11,15.022487
4.530423,13,15.439638
-1.283687,11,15.806845
-0.862035,12,16.197519
4.372677,13,16.616869
3.270212,11,16.98046
-0.753509,12,17.375066
2.923161,10,17.711572
4.408585,12,18.106096
-0.581115,12,18.497587
4.242931,12,18.890444
3.819572,11,19.24257
3.215216,11,19.604978
-0.448279,12,20.002182
3.637657,11,20.377011
3.729503,12,20.780003
3.740164,11,21.13974
-1.434537,11,21.500644
3.290431,11,21.884988
4.371685,12,22.297208
2.157076,9,22.59323
3.568488,11,22.966743
-0.681948,12,23.354787
4.281458,12,23.75139
2.795729,10,24.07115
-1.959015,10,24.402148
-0.096313,13,24.928702
4.437771,12,25.331262
-0.620112,12,25.74018
-0.593283,12,26.127538
3.193085,11,26.485843
4.308505,12,26.894926
3.850005,11,27.265599
4.232661,12,27.674714
-1.106285,12,28.08011
3.457142,11,28.452752
4.237214,12,28.912996
4.082763,12,29.333181
-1.157139,12,29.720601
3.558054,11,30.07877
-0.72666,12,30.460171
-1.669258,11,30.836999
4.1088,12,31.235686
-0.692423,13,31.657446
2.857913,10,31.973259
-0.640845,12,32.375053
2.546017,10,32.719335
-1.932479,10,33.094911
-0.800583,12,33.567096
3.941858,12,34.052135
-1.337955,11,34.528406
3.485758,11,35.008875
3.732337,11,35.497343
4.001546,11,35.986126
4.319108,12,36.525968
-0.549061,12,37.16447
-1.494467,11,37.752511
-1.013258,11,38.267165
3.208156,10,38.887784
2.32761,10,39.306207
3.329054,11,39.786866
3.491389,11,40.272445
2.793088,10,40.707954
-0.48968,12,41.242687
-0.338902,12,41.788081
3.018876,10,42.244521
-0.529878,12,42.763649
2.867143,10,46.925257
3.460815,11,49.192479
3.043202,10,49.696188
-1.271392,11,50.180281
2.690773,10,50.617363
2.666453,10,51.05887
-1.207213,11,51.557344
3.181963,11,52.033017
2.32706,10,52.467812
3.445517,11,52.941625
2.25145,9,53.338192
3.974721,12,53.881718
-1.443088,11,54.349372
3.474988,11,54.819059
4.576728,12,55.323705
-0.445552,12,55.865218
-0.804648,12,56.42192
3.111261,11,56.879015
3.633328,12,57.455185
5.050523,13,57.967207
3.748977,12,58.47103
-0.807238,12,58.978945
4.113068,12,59.441991
3.523635,12,59.941013
4.171609,12,60.439283
4.473113,12,61.024153
3.429784,11,61.473377
4.107445,12,61.955509
2.366696,10,62.414162
-1.20978,12,62.919658
5.174185,13,63.450592
3.448516,10,63.934069
3.153086,10,64.392076
3.218817,10,64.828911
3.596915,12,65.378933
3.147328,11,65.888024
4.0801,12,66.491203
4.817508,13,67.03993
4.020752,12,67.671452
2.002478,9,68.0505
2.538389,10,68.492747
3.168142,11,68.956941
3.860866,12,69.534462
3.560017,12,70.022465
3.510655,11,70.502635
3.704844,11,71.056371
2.796257,10,71.449702
4.358927,12,71.94346
2.99631,10,72.415118
-0.575143,12,72.940109
4.08587,12,74.287266
3.269142,11,77.099072
4.057817,11,78.022278
3.610792,11,78.658337
2.694197,10,79.120064
3.495852,11,79.646379
3.428786,11,80.198177
-1.903863,10,80.566708
3.291195,11,81.005201
-0.649925,12,81.439742
2.833609,10,81.931036
2.998214,10,82.314949
2.94649,10,82.680693
3.33834,11,83.086815
-1.278158,12,83.637923
2.919332,10,84.117252
0.059097,14,84.781271
3.290612,11,85.273951
2.456888,10,85.711478
3.646021,12,86.278291
-0.717327,13,86.861954
4.694319,13,87.514349
-0.902874,12,88.111179
3.863954,12,88.76674
3.944094,12,89.25104
3.410452,11,89.711239
4.16447,12,90.285674
-0.947812,12,90.879814
4.201301,11,91.356129
-0.498633,12,91.858134
3.891496,12,92.369453
-1.247173,11,92.879206
3.238975,11,93.426647
3.540674,11,94.046884
-0.988889,11,94.538533
-1.075148,11,95.099223
-0.647831,12,95.601973
-1.275333,11,96.0587
2.950763,10,96.38313
3.354688,11,96.878381
4.041771,12,97.411266
2.498478,10,97.898041
-1.567547,11,98.434853
4.081763,12,98.985127
3.50857,11,105.613776
2.838571,10,106.06389
3.829593,12,106.611594
3.469608,11,107.100902
3.488813,11,107.592711
4.143191,12,108.138134
3.417788,12,108.700001
-1.018635,12,109.246749
4.336185,13,109.815389
3.832962,11,110.292137
3.041921,11,110.771805
-1.164891,11,111.252504
2.171246,9,111.605263
-0.498517,12,112.149458
3.379275,11,112.601092
-1.385409,11,113.0973
-0.870688,12,113.631755
3.84167,12,114.166252
4.159281,12,114.68148
3.757048,11,115.167439
-1.215433,12,115.703373
2.351756,9,116.086906
2.954903,11,116.555485
2.981446,10,116.963427
4.786184,13,117.497987
4.368508,13,118.065371
3.344453,11,118.547756
3.919608,11,119.026516
-0.593131,12,119.536411
-1.467115,11,120.036865
3.398089,11,120.518733
3.582066,11,120.979373
4.156037,12,121.499215
3.62114,11,121.952598
-0.608941,13,122.497369
4.791817,12,124.670181
3.941759,11,125.833252
3.474645,11,128.805758
3.840935,11,129.378798
2.886133,10,129.803249
2.709329,10,130.240809
3.31474,11,130.700035
3.424548,11,131.161122
3.70115,12,131.659339
4.57998,13,132.191049
3.752832,11,132.671971
4.130352,13,133.243334
3.613323,11,133.699173
2.890566,10,134.084352
3.32214,11,134.547247
2.407042,10,134.975248
3.888641,12,135.493633
2.61483,10,135.936992
3.377501,11,136.401784
2.875203,10,136.849013
4.468827,13,137.382671
-1.917781,11,137.858569
3.623519,11,138.296066
3.840157,12,138.745651
2.506772,10,139.147902
3.401567,11,139.618888
4.523037,12,140.088965
3.879078,12,143.401906
2.956859,10,145.999317
2.679464,10,146.422068
2.673034,10,146.868412
4.182014,12,147.383329
3.77474,11,147.866115
2.737037,10,148.282652
3.812443,12,148.802853
4.60263,13,149.357962
-0.960707,11,149.84732
4.340654,12,150.375742
-0.847014,12,150.906709
3.90437,12,151.43688
4.037946,12,151.931027
-0.295959,13,152.466201
3.192914,10,152.886746
4.367684,13,153.438133
3.744578,11,153.913722
4.284752,12,154.334197
2.722133,10,154.679031
3.920801,11,155.066641
3.770731,12,157.286075
3.4991,11,161.064194
3.556652,11,161.547725
3.017685,10,161.955321
1.915033,9,162.36218
3.837271,12,162.877232
-0.870878,12,163.410502
-0.137918,13,163.962582
2.821097,10,164.400856
3.372116,11,164.875136
3.127824,10,165.297193
3.651996,11,165.75406
3.516216,11,166.241248
3.541675,11,166.701594
3.154092,10,167.122163
3.321033,11,167.577322
3.072674,10,167.994819
-1.103454,11,168.436234
2.776647,10,168.856725
2.706593,10,169.284037
3.974364,13,169.832624
3.991768,11,170.264566
3.753113,12,170.734672
2.940366,11,172.120549
4.07279,12,176.190922
4.215089,12,178.552206
3.184742,11,179.007501
3.382508,11,179.41578
3.697937,11,179.766998
2.074738,9,180.061554
3.155354,11,180.425932
3.642418,12,180.819188
3.695021,11,181.184444
3.940833,11,181.5509
3.387321,11,181.91581
-0.260691,13,182.335605
4.416096,13,182.742345
2.631966,10,183.077547
-0.107339,13,183.506724
-0.654921,12,183.899951
3.633292,11,184.268018
3.287889,11,184.619933
4.314749,13,185.026589
3.219934,11,185.364075
3.850495,11,185.716475
3.42674,11,186.08105
-0.545273,12,186.476403
-1.128427,12,186.871688
4.167235,12,187.266028
-1.189981,11,187.632395
3.424234,11,187.984657
3.889451,12,188.382891
-1.601194,11,188.748785
-1.630182,10,189.071604
3.366763,11,189.423399
3.805491,12,189.803275
-0.724992,12,190.1854
2.862241,10,190.509379
2.662655,10,190.847572
-1.045886,12,191.226901
3.369332,11,191.580649
4.094257,12,191.961129
-0.365776,13,192.385112
2.996727,10,192.709934
3.471125,11,193.048056
3.72343,11,193.39159
3.45143,11,193.743666
4.417086,12,194.138997
2.90433,10,194.463938
3.968831,12,194.858757
-0.722178,12,195.253594
4.575382,13,195.677172
3.800869,11,196.029395
3.624246,12,196.423631
3.396685,11,196.773829
-1.092417,12,197.153191
2.989508,10,197.461679
4.543603,13,197.883166
4.128843,12,198.278406
3.546451,11,198.642057
3.790712,11,199.006379
2.700118,10,199.327528
2.694355,10,199.66282
-0.411593,13,200.084857
-1.309031,11,200.436255
4.39815,12,200.829695
3.420168,12,201.223326
3.617226,11,201.588493
3.434249,11,201.953267
3.616519,11,202.306103
3.272756,10,202.643728
3.07391,10,202.966621
-0.743338,13,203.37786
3.945699,11,203.741838
3.46547,12,204.159606
3.391475,11,204.58374
2.262984,9,204.893964
-0.348838,12,205.273937
3.707617,12,205.666323
2.747338,10,210.330924
-0.696912,12,210.725294
3.414656,11,211.079143
-0.734633,12,211.461639
-1.552533,12,211.842345
4.033874,13,212.251124
3.986923,12,212.631528
-0.689563,13,213.05318
-0.05897,13,213.463716
-0.678342,13,213.87303
2.800346,10,214.212215
-0.954933,12,214.6079
4.319492,14,215.058136
3.237487,11,215.425332
4.499735,13,215.848188
3.546301,11,216.199327
3.506099,11,216.552408
3.744974,12,216.932507
-1.092698,11,217.28342
-0.234281,13,217.705129
-1.82311,11,218.044122
-0.005032,13,218.468337
3.564515,11,218.819585
0.297216,14,219.252824
3.874533,12,219.628503
3.529585,11,219.991798
2.907562,11,220.356251
3.866441,12,220.734733
-0.328083,13,221.139549
0.190132,15,221.615284
4.935237,13,222.036231
3.049779,11,222.386987
2.586168,10,222.709551
-1.5697,11,223.076374
3.578683,11,223.431767
2.966499,11,223.78418
-1.082167,12,224.163167
4.062591,12,224.54336
3.390053,11,224.894084
4.013714,12,225.274088
4.368624,12,225.654949
4.23211,12,226.03607
4.35906,12,226.416412
0.048049,13,226.839613
3.876443,11,227.203834
0.026167,13,227.63879
-0.851908,12,228.022736
0.025414,13,228.452728
3.567531,12,228.83359
3.023439,11,229.186391
-1.594238,12,229.570762
2.233168,9,229.866467
4.028817,12,230.260468
0.239644,14,230.698241
-0.999132,12,231.091754
4.844135,13,231.513343
4.005722,12,231.908054
-1.184799,11,232.260533
4.23423,13,232.684717
3.59123,11,233.037802
2.576793,10,233.35534
4.061788,12,233.73545
2.627052,10,234.058633
3.938712,12,234.457426
4.474261,13,234.879477
4.70177,13,235.301853
2.857046,11,235.668553
3.557807,11,236.035358
-1.049026,11,236.401721
2.809623,10,236.724521
3.362306,11,237.087721
4.115745,12,237.46661
2.940468,10,237.804084
2.792741,10,238.141632
3.861785,12,238.539578
-1.485662,12,238.933086
4.777867,13,239.354455
3.599427,12,239.753083
-1.027342,11,240.11635
-0.561687,13,240.537962
3.660788,12,240.917368
1.98748,9,241.198332
4.07719,12,241.578527
2.937568,11,241.93066
3.890072,12,242.323851
3.118027,11,242.687422
3.799354,12,243.067645
3.279332,11,243.427868
-0.492366,12,243.822906
2.825833,11,244.174225
3.645606,12,244.570014
3.516795,11,244.90921
2.890245,11,245.259912
3.622989,11,245.612666
3.140549,11,245.965617
2.856204,10,246.276334
3.165303,11,246.629177
4.269167,12,247.023618
3.865789,12,247.418824
3.708367,11,247.756193
3.809738,12,248.151414
-0.317308,13,248.580997
4.610237,13,249.008692
2.854438,10,249.350098
-0.042547,14,249.803927
3.837192,12,250.200869
4.038843,12,250.598956
3.576688,11,250.955148
3.477108,12,251.335895
4.19069,12,251.732247
3.191819,11,252.098344
-0.701959,12,252.493945
-0.191233,14,252.958661
-1.278562,12,253.361948
4.342317,13,253.773631
4.058847,13,254.18192
3.279062,11,254.537079
-1.80415,11,254.891937
2.946587,11,255.257624
4.24833,12,255.638889
3.706607,11,256.004947
4.110068,12,256.399088
3.399273,11,256.765993
-1.157291,11,257.134197
3.21612,11,257.488085
2.500251,10,257.825815
-0.786882,12,258.222255
4.303297,11,258.593592
-0.186747,13,259.01755
3.750564,12,259.402623
4.157422,12,259.8015
3.182466,11,260.156245
-1.148879,11,260.509388
-1.623192,11,260.876132
2.108209,9,261.171289
-1.43964,11,261.526361
4.137075,12,261.923647
3.926934,11,262.277747
4.079841,13,262.687218
4.316955,12,263.067971
3.681005,12,263.454769
2.271582,10,263.763108
3.201793,12,264.158718
3.457281,11,264.51416
-0.662961,13,264.93881
4.582099,12,265.319518
3.960742,12,265.715966
3.484606,11,266.08435
3.191691,11,266.422912
3.064852,11,266.760951
4.03667,13,267.18493
2.860113,11,267.553061
3.023465,11,267.920529
3.807905,12,268.30811
3.353676,11,268.661533
4.934396,13,269.098571
4.428065,13,269.529247
3.036437,10,269.852371
4.034028,12,270.248905
-0.050734,13,270.649451
3.349086,11,271.001918
4.511772,12,271.396838
3.6596,12,271.776301
0.005599,13,272.183701
-1.027088,12,272.578698
3.868838,12,272.958394
3.940367,12,273.356047
2.503759,10,273.679144
2.681134,10,274.016441
3.506414,11,274.382443
3.875427,12,274.765605
2.832149,10,275.089849
2.947364,10,275.412674
-0.447709,13,275.84914
-1.529328,11,276.201531
4.429403,13,280.986725
-0.097633,13,281.413068
-0.683797,13,281.838404
5.006578,14,282.29053
3.6221,11,282.659638
3.370923,11,283.029265
3.476539,12,283.431751
3.646803,12,283.815007
2.417181,10,284.153616
-1.159404,12,284.553746
4.662679,14,285.00761
3.807485,12,285.388339
2.737673,10,285.728899
3.078469,11,286.099078
3.409716,12,286.498309
3.094829,10,286.840461
-0.595918,13,287.267693
3.637164,12,287.66473
3.319589,12,288.06125
3.024464,11,288.435114
3.246024,11,288.791841
-0.448993,13,289.204987
-1.125783,11,289.561676
3.454864,11,289.919502
4.968727,14,290.375719
4.012989,13,290.803098
2.542598,10,291.127906
3.541296,11,291.466878
-1.713028,11,291.821748
-0.191166,13,292.246364
2.545938,10,292.560065
3.542185,12,292.958417
3.443514,11,293.316734
3.930997,13,293.740327
-1.296591,12,294.135716
3.745392,11,294.500949
2.948101,11,294.853402
4.159504,13,295.263655
3.591175,12,295.646017
2.921983,11,296.013391
5.010817,14,296.463853
3.350837,12,296.859816
3.110923,11,297.228248
2.509946,10,297.566262
3.874741,13,297.992036
-0.803271,12,298.392023
4.990497,13,298.816424
-0.986397,11,299.171636
3.860445,12,299.570889
-0.826451,12,299.970732
4.330745,13,300.381656
-0.625292,12,300.779744
2.911862,11,301.136895
3.794226,12,301.521511
2.88896,10,301.84659
3.348568,11,302.204333
4.169927,12,302.588069
3.547908,12,302.985608
4.085926,13,303.417301
4.330574,13,303.830755
-0.508816,13,304.245235
3.92133,12,304.647356
4.149798,13,305.073955
3.740332,12,305.472957
3.086721,11,305.842755
3.354193,11,306.183928
3.650812,12,306.582728
2.75807,10,306.912743
4.142843,12,307.308058
3.127213,11,307.679075
3.571792,11,308.034959
2.336606,10,308.379076
2.180916,10,308.706965
-0.351407,13,309.133132
4.475262,13,309.573709
3.368981,11,309.930327
3.819189,12,310.314151
2.467567,10,310.639417
-1.444792,11,311.00742
3.541871,11,311.361567
-1.360397,12,311.759163
-0.954034,12,312.140685
3.960648,12,312.521486
3.604974,12,312.916884
-0.446667,13,313.345304
3.412952,11,313.699308
2.999393,11,314.052413
-1.209519,12,314.43538
2.675835,10,314.774788
1.858691,9,315.08559
4.013761,12,315.467256
4.146161,13,315.87783
3.828971,12,316.273592
3.992734,13,316.697645
2.884053,11,317.065025
3.26751,11,317.433308
3.992717,13,317.844347
3.594832,11,318.218264
-0.602031,13,318.649505
3.587531,12,319.032845
3.276554,12,319.417752
3.876808,12,319.816528
-0.170361,14,320.256869
-1.073679,13,320.684611
2.424293,10,320.996959
3.204546,11,321.338013
2.617581,10,321.66468
2.562684,10,322.012089
3.35294,12,322.395612
4.194046,12,322.779667
3.731227,12,323.14746
3.704373,12,323.538824
-0.817477,12,323.920428
4.422448,13,324.345838
3.669899,12,324.743701
3.865015,12,325.129496
1.965057,9,325.442141
3.605605,12,325.839613
3.807292,12,326.235863
3.237237,11,326.578631
-0.835772,12,326.958948
3.971218,12,327.342578
3.849557,12,327.739791
2.929455,10,328.067283
4.663407,13,328.486734
3.891566,12,328.870274
3.510134,11,329.239297
3.652593,12,329.637527
2.476125,10,329.962217
3.449545,12,330.368675
3.485389,11,330.720267
4.027354,12,331.101064
3.948219,12,331.481016
4.298878,13,331.902229
3.595602,12,332.297075
2.99161,11,332.648806
4.960028,15,333.143678
3.713053,12,333.545872
-0.97315,12,333.939595
4.018524,12,334.335149
3.853149,12,334.732929
2.521103,10,335.071591
4.307323,13,335.480427
-1.173483,12,335.8765
3.92122,12,336.273238
3.22431,11,336.640263
-1.602209,12,337.022285
2.840346,11,337.371749
3.831887,12,337.767948
-0.741318,12,338.16248
2.410697,10,338.481317
3.065465,11,338.806414
3.078058,11,339.159741
4.046301,12,339.558726
2.691559,10,339.883391
4.491567,13,340.292378
3.14107,11,340.631279
2.948096,11,340.988191
-1.587521,12,341.37008
2.915047,11,341.738746
4.130042,12,342.120458
3.874042,12,342.503102
4.122075,13,342.929022
3.090829,11,343.270286
3.118764,11,343.641841
3.912466,12,344.025667
2.651944,10,344.354071
2.575813,10,344.695411
3.461929,11,345.061503
3.469797,11,345.429761
3.481842,11,345.797826
3.078048,11,346.154054
-0.431216,13,346.579061
3.110231,11,346.933846
3.630615,12,347.316473
4.726275,14,352.157967
2.255964,10,352.493836
-0.630986,12,352.875301
3.53536,12,353.25632
3.704141,12,353.656072
-1.17597,11,354.010392
3.623042,13,354.436424
-0.351139,13,354.849541
2.822991,10,355.175124
3.75529,11,355.513739
3.895983,13,355.924317
-1.59225,11,356.279654
3.879508,12,356.666285
2.858908,10,356.964552
4.132339,13,357.375748
3.191573,11,357.716587
-0.448865,13,358.143552
0.628814,14,358.630507
4.462332,13,359.040685
2.765568,11,359.378616
4.034789,12,359.751321
-0.863357,13,360.160584
-0.062604,13,360.570621
-2.15577,11,360.895887
3.427636,11,361.249934
-0.761373,12,361.635008
2.349356,10,361.94644
3.112156,11,362.300908
3.522301,12,362.696564
2.357981,10,363.037844
3.089267,11,363.396041
2.416989,10,363.722548
3.77108,12,364.102986
3.739633,11,364.471081
-0.900296,13,364.895528
3.358833,11,365.26088
4.239846,12,365.656386
3.92658,12,366.052178
2.997655,11,366.407365
-0.672304,13,366.830255
3.508727,11,367.197256
3.924458,11,367.565504
2.9703,11,367.932997
3.732712,13,368.346488
3.355651,12,368.739865
4.336575,12,369.134857
3.832781,13,369.576864
3.079301,11,369.93045
4.055561,12,370.311583
3.505633,12,370.70455
3.822676,12,371.098485
2.992843,11,371.450295
-1.480381,12,371.828726
-0.072775,14,372.275891
-0.166705,13,372.695381
4.148977,13,373.116692
4.145754,13,373.541972
4.011927,12,373.935173
3.962744,13,374.344798
-0.811247,12,374.726372
2.559748,10,375.035678
-0.259502,15,375.513929
3.130173,10,375.852818
-1.479555,11,376.206237
3.947505,12,376.574278
3.754816,12,376.969382
4.755554,13,377.394087
3.757059,11,377.744093
3.190055,11,378.111963
4.055674,13,378.540564
4.441467,12,378.921695
3.483,12,379.303356
3.795951,12,379.701454
-0.376866,13,380.125589
-1.104897,12,380.50822
3.5101,11,380.861301
-0.021418,14,381.328318
3.709937,12,381.72199
-0.875688,12,382.116467
3.607277,12,382.511651
3.095177,11,382.880387
3.398473,11,383.248439
4.444729,13,383.678871
3.926173,13,384.104898
4.687426,13,384.518314
-0.636412,13,384.94481
3.643971,12,385.341707
2.792571,10,385.666747
3.490855,11,386.004613
3.050778,11,386.357511
4.918751,14,386.792469
-1.041869,12,387.186102
3.168054,11,387.538624
3.225986,11,387.889799
-0.574217,13,388.312129
-1.15611,12,388.70928
3.196181,11,389.06186
-0.236044,14,389.526082
2.457883,10,389.836632
3.462848,11,390.189751
4.093837,12,390.585041
-0.768082,13,390.993983
3.122347,11,391.361349
4.211834,12,391.741445
-0.857859,13,392.164577
4.956969,15,392.643419
3.486758,12,393.037839
4.406416,13,393.464005
2.873894,10,393.788588
3.942924,12,394.167064
-0.026232,13,394.57886
3.412687,12,394.973134
3.925652,12,395.353729
2.955513,10,395.680205
2.387656,10,395.991046
3.225237,11,396.330869
3.564594,11,396.669528
4.475695,14,397.122683
4.449582,13,397.546605
4.598309,13,397.972369
4.19898,12,398.370122
-1.255346,12,398.768277
4.051969,12,399.148119
4.118095,13,399.561859
3.431354,12,399.94351
-0.289434,13,400.354759
3.635907,12,400.721658
-0.305406,12,401.103787
4.471289,14,401.555611
-0.347005,13,401.966381
4.14368,12,402.348255
-0.849007,12,402.743958
-0.358867,13,403.152954
4.186002,12,403.55376
3.767769,12,403.932719
3.203533,11,404.301215
4.215524,13,404.728971
4.287959,13,405.153978
3.341351,11,405.523529
4.38952,13,405.948287
4.269077,13,406.372533
0.44511,15,406.852485
4.840045,15,407.330889
3.225228,11,407.684334
3.560538,11,408.049109
3.725182,12,408.447149
3.859587,12,408.840713
3.515232,11,409.206664
3.541447,11,409.546264
-0.937539,12,409.912437
3.861189,13,410.336755
3.350431,11,410.688778
3.372474,12,411.084204
4.080575,13,411.519657
3.722119,12,411.898996
3.705289,12,412.295384
3.849269,12,412.703803
4.170587,14,413.15347
3.997251,13,413.566964
3.355354,12,413.960577
0.210425,15,414.426837
0.010209,14,414.894455
-0.098178,13,415.321613
4.266167,13,415.731025
-0.970801,11,416.100002
4.016866,12,416.494303
3.725477,12,416.89005
4.438235,14,417.326807
3.112592,11,417.696953
3.508341,11,418.0504
3.077034,12,422.771838
3.129429,11,423.126141
3.434628,12,423.525373
4.225701,13,423.948113
2.442427,10,424.27396
4.186865,13,424.68434
-0.430256,13,425.124173
-2.073974,10,425.447526
-1.329205,12,425.829607
3.735469,13,426.240034
3.962482,13,426.662042
4.022126,13,427.071018
3.720446,12,427.452871
3.389524,11,427.820905
3.746168,12,428.227173
3.898991,12,428.612611
2.741163,10,428.936902
-0.381822,15,429.406214
3.278825,12,429.788939
2.607892,10,430.113784
3.24417,11,430.450361
4.121146,13,430.843825
4.483385,13,431.251145
4.74628,14,431.685942
3.457778,11,432.05032
4.339807,13,432.473767
3.180592,11,432.824481
3.846823,13,433.247348
3.969946,14,433.699886
-0.328277,13,434.121521
3.02665,11,434.485491
3.45226,12,434.882244
3.072294,11,435.233979
-0.764047,13,435.657105
-0.77206,14,436.094166
3.064772,11,436.459673
-1.048915,12,436.85524
3.864026,12,437.251149
4.133683,13,437.66161
2.408476,10,437.998405
3.839891,12,438.381994
3.036472,11,438.752251
-0.377328,14,439.205208
3.969611,13,439.629446
4.715778,13,440.053654
3.831821,12,440.449788
4.561383,13,440.872745
-0.253636,15,441.353405
4.337791,14,441.819156
3.678736,11,442.173075
3.479531,12,442.56782
-1.221006,12,442.96283
-1.463298,12,443.357145
-0.845377,12,443.740882
0.213232,14,444.192211
4.380932,14,444.643544
-1.857273,12,445.012543
3.219167,11,445.365103
3.998335,13,445.775394
2.178592,10,446.11212
-0.814196,12,446.506999
-0.229817,15,446.985219
4.465963,14,447.434867
2.592813,11,447.787098
4.475507,13,448.224914
3.03031,11,448.581318
-0.286108,14,449.030578
3.166891,11,449.380977
-0.328539,14,449.833638
-0.73608,12,450.214268
-0.663571,13,450.620755
-1.493621,11,450.974183
3.270053,11,451.339588
2.986081,11,451.705517
3.228521,11,452.070974
3.99926,13,452.480805
-0.96386,13,452.890177
4.46619,14,453.326137
3.451516,11,453.683276
4.543919,14,454.134505
-0.702864,13,454.57534
4.54658,15,455.042196
3.738256,12,455.436724
1.985529,9,455.721632
3.410648,11,456.088507
-0.75952,13,456.510198
3.860356,12,456.904099
4.833295,14,457.35863
3.579267,12,457.75555
3.188271,12,458.151617
3.251635,13,458.579915
3.089345,12,458.976419
3.585966,12,459.357066
3.935786,13,459.78402
3.927988,12,460.178109
4.469211,13,460.601082
4.196803,13,461.023713
3.639625,12,461.420367
4.441093,14,461.871351
3.607884,12,462.26688
3.834949,13,462.690357
3.127493,11,463.057672
3.973968,13,463.484798
-1.17866,12,463.877438
2.433782,10,464.203779
3.09283,11,464.55735
-0.106387,15,465.038175
3.001926,12,465.432801
3.136149,12,465.827605
3.974935,13,466.23348
3.273967,11,466.598381
2.770006,11,466.935433
3.270276,12,467.327473
3.607624,12,467.716304
3.325763,12,468.095862
3.794751,12,468.490247
3.338703,11,468.839731
-1.177601,12,469.217718
2.861178,11,469.56755
-0.243092,14,470.017049
3.800966,11,470.366314
2.779387,10,470.689407
4.636671,14,471.138665
3.541144,12,471.531526
5.071798,14,471.978825
-0.388818,14,472.442591
3.144691,11,472.792022
4.092067,12,473.172001
4.107043,13,473.56863
3.532479,12,473.950864
3.63537,12,474.315708
3.992367,12,474.697956
4.445693,14,475.134536
4.233416,14,475.585149
4.073321,13,475.99328
2.82697,11,476.359839
4.447748,13,476.769541
3.657573,11,477.137844
4.197157,13,477.559802
3.43631,12,477.955242
3.370696,12,478.333045
4.21662,14,478.803513
3.593692,12,479.196252
3.290067,12,479.596485
3.793701,13,480.006063
2.269325,10,480.316281
3.447886,12,480.694978
3.836015,12,481.073979
3.325451,11,481.441001
3.704878,12,481.821052
3.467564,12,482.202421
2.971575,11,482.56695
3.594717,12,482.962439
3.013282,11,483.410231
3.595106,12,483.794788
-1.391755,12,484.175179
3.474665,12,484.556375
4.669358,14,485.007946
-0.16046,13,485.430424
4.52139,13,485.956674
2.918256,11,486.304476
4.665215,14,486.763689
3.602654,12,487.126209
3.500159,12,487.507542
2.888452,11,488.04883
4.064217,13,488.469218
4.070478,13,488.902171
4.403016,14,493.657179
3.872647,12,494.019221
4.219539,14,494.449962
2.956598,11,494.800937
3.55319,11,495.150054
3.741245,12,495.540372
-0.919186,13,495.97257
3.012192,11,496.322023
3.827791,13,496.728177
2.875358,11,497.078112
3.716638,12,497.456128
3.361148,12,497.818832
2.714008,11,498.168139
-1.322801,13,498.592791
3.721986,12,498.969609
4.49106,13,499.378313
-0.496519,14,499.842299
3.109304,11,500.177581
-1.048883,13,500.596509
3.69756,13,501.00275
4.302927,14,501.448515
3.702939,13,501.867061
3.908763,12,502.243926
4.752296,15,502.704975
-0.855185,13,503.124629
3.403592,12,503.521679
4.092971,12,503.914158
2.824251,12,504.305789
3.439281,12,504.700572
2.704307,11,505.051203
2.477793,11,505.415161
3.060969,11,505.781075
2.784009,10,506.088766
3.287847,12,506.466614
3.139338,11,506.816706
3.073701,11,507.167215
3.225084,11,507.532962
3.464233,12,507.925526
4.043594,14,508.373733
3.068305,11,508.744935
2.922934,11,509.108166
3.825797,13,509.512827
3.629709,13,509.920127
4.481295,14,510.35458
-0.957606,13,510.775944
3.798262,13,511.209198
3.974945,12,511.600716
3.701937,12,511.994145
3.26122,11,512.359162
4.191754,14,512.810541
3.930965,13,513.216868
4.167395,14,513.670312
4.348055,14,514.131275
-1.012804,13,514.522994
3.289708,11,514.875265
2.90866,11,515.242417
3.704978,12,515.63425
4.252134,13,516.062825
0.106243,14,516.508801
4.157193,13,516.926041
4.168144,13,517.347785
3.016099,11,517.711532
3.98721,12,518.100828
2.348456,10,518.422688
4.827481,14,518.873594
3.541176,12,519.263974
-0.138874,14,519.72421
4.276864,13,520.14319
-0.371933,13,520.565583
-1.040502,12,520.958115
3.996749,12,521.354599
2.517672,10,521.671078
3.781471,13,522.078628
3.728237,13,522.486686
2.976125,12,522.864698
3.447713,12,523.22853
2.690853,10,523.555525
4.318193,14,524.006233
4.547534,14,524.462415
4.491943,13,524.883882
-0.084058,15,525.36272
3.816253,12,525.758379
4.814603,14,526.191837
2.433734,10,526.51678
4.625351,14,526.95503
4.496235,12,527.349598
4.67845,13,527.773035
3.122624,12,528.165577
3.534184,12,528.550363
4.195734,13,528.972455
-0.668651,14,529.422324
3.681481,12,529.818216
3.844845,13,530.243769
3.463341,12,530.637232
4.823758,15,531.114636
2.965506,11,531.479867
-0.677146,13,531.889818
0.069364,15,532.369419
3.981263,13,532.80582
3.638518,12,533.198334
3.045704,12,533.566138
-1.128766,12,533.948079
4.113702,13,534.369597
4.263464,14,534.823114
3.729622,13,535.232577
3.984646,13,535.6535
4.710118,15,536.147789
-0.73417,13,536.559742
3.697149,12,536.9411
4.237965,13,537.351896
-1.233784,12,537.747105
-0.812304,13,538.158415
3.317458,12,538.545762
3.792205,13,538.970068
-1.416472,13,539.382996
-0.148264,14,539.839681
4.694018,15,540.307308
3.271291,12,540.687649
3.822471,12,541.073101
3.498095,12,541.467336
3.297225,12,541.849237
-1.784312,12,542.244311
3.384565,12,542.627475
3.91075,13,543.050317
3.665056,11,543.417822
4.41729,13,543.845065
2.73667,11,544.200095
-1.124966,12,544.579601
3.020388,12,544.962661
3.833612,13,545.371423
-1.641102,12,545.75591
3.222299,11,546.108122
4.099718,13,546.517169
-0.243659,13,546.926794
3.847198,13,547.354255
-1.212388,12,547.751172
-0.823089,14,548.204819
3.423111,12,548.591333
-0.822511,12,548.974901
4.227768,13,549.38415
3.426365,11,549.751481
3.1494,11,550.10558
-0.346599,14,550.533135
3.545232,12,550.9124
2.306879,10,551.251619
2.764666,11,551.604573
-0.081842,14,552.057533
4.015794,12,552.451703
3.97339,13,552.886885
4.476171,14,553.339483
3.816313,13,553.756906
3.621845,12,554.136347
4.928814,15,554.604287
2.969288,11,554.956041
3.492421,11,555.281125
5.001528,15,555.761937
3.942315,13,556.183361
3.698921,12,556.564278
-1.913296,11,556.90429
-0.434631,15,557.382332
4.258503,14,557.818414
-0.981865,13,558.228281
3.602349,12,558.628736
4.017719,13,559.052879
4.605895,13,563.895243
3.533517,13,564.303582
-1.83378,11,564.674023
4.809076,14,565.125459
3.730763,12,565.519565
3.621477,13,565.928714
3.105564,11,566.282746
-1.123155,13,566.678121
3.433663,12,567.071476
2.759247,11,567.423664
4.02956,13,567.846108
4.212678,13,568.285722
2.722058,11,568.649836
1.942825,9,568.930252
3.212599,12,569.324433
-0.170813,13,569.747787
2.828889,11,570.11568
3.919897,13,570.525704
2.916148,11,570.879044
3.980804,13,571.302949
2.911002,11,571.671575
-0.795986,13,572.097275
2.721976,11,572.453844
3.845882,12,572.848966
3.512609,11,573.200704
-0.202742,14,573.65903
-1.708315,11,573.985489
3.346491,12,574.367567
2.945492,11,574.72158
4.427921,13,575.132907
-1.169715,13,575.542031
3.106397,11,575.881803
3.679743,12,576.260179
2.915537,11,576.613337
2.560131,10,576.953587
3.334829,12,577.34927
3.975589,13,577.757481
2.327177,10,578.10406
-0.380043,13,578.518307
-0.387765,14,578.974247
3.432754,12,579.370659
-0.374866,13,579.772788
3.180949,11,580.143502
2.997569,11,580.509522
2.930062,11,580.863463
3.26055,12,581.247886
4.294577,14,581.698249
3.331521,11,582.072142
3.859763,13,582.494129
4.576908,14,582.933274
3.262145,12,583.329224
3.278976,12,583.728945
-0.734969,12,584.100009
3.17694,12,584.483528
2.586235,10,584.799312
4.176481,13,585.211213
3.269768,11,585.565956
2.759112,11,585.922344
3.822828,12,586.317947
3.657778,12,586.717003
3.305273,12,587.101967
3.967771,13,587.514813
3.886161,13,587.954332
3.735613,12,588.343328
3.17024,11,588.717491
3.596222,12,589.110942
-0.523152,13,589.537967
4.44088,14,589.993314
3.304538,12,590.374655
4.371177,13,590.796911
3.238324,12,591.195612
3.699447,12,591.584527
3.025587,11,591.939433
3.622086,13,592.358098
3.836366,12,592.739286
4.261418,13,593.162101
3.437449,12,593.558618
-0.682554,13,593.985645
3.755099,13,594.40784
3.019309,12,594.802752
3.786888,12,595.180778
3.988936,12,595.544609
3.745691,12,595.924965
4.470403,14,596.373235
-1.170338,12,596.750419
-0.227309,14,597.183797
3.934178,13,597.603578
3.166427,12,597.983081
3.110068,11,598.335773
3.852577,12,598.729221
3.166216,12,599.124235
4.620137,15,599.589931
4.542728,14,600.043747
3.163297,11,600.380818
3.950977,13,600.803807
3.519017,12,601.197853
3.385291,12,601.579328
3.011161,11,601.93368
3.927637,13,602.343057
3.92105,12,602.736175
-0.485554,14,603.184801
3.22736,11,603.555304
5.518298,16,604.056435
4.229813,13,604.478385
-1.615431,11,604.850195
-0.523076,13,605.275653
3.5284,12,605.655978
3.496162,11,606.010439
4.535908,14,606.461963
3.765106,12,606.82942
4.205726,13,607.238685
-0.248174,14,607.675619
3.935324,13,608.099994
0.490249,17,608.656285
0.3277,15,609.152987
-0.563402,14,609.605814
-0.306754,13,610.033864
0.02008,15,610.526509
4.718409,14,610.992146
0.290232,15,611.473433
-0.439289,13,611.898598
4.051387,13,612.323197
-0.64801,15,612.803738
3.672691,13,613.226704
3.359269,11,613.598752
3.363016,12,613.99218
3.221974,11,614.343589
3.145623,12,614.74079
3.760122,13,615.164687
-0.850155,13,615.569533
4.360367,13,615.977971
3.28277,12,616.371046
3.661638,12,616.737411
2.827895,11,617.074018
4.568781,14,617.508701
3.645021,13,617.917325
3.03019,11,618.282146
3.285625,12,618.648602
4.104134,13,619.055452
-0.26668,15,619.532588
4.051535,14,619.982646
-1.071504,13,620.404615
-0.461718,14,620.855052
4.273851,13,621.262788
4.497751,14,621.713391
3.811822,13,622.119656
4.902737,15,622.610368
3.570641,12,622.990474
4.230826,14,623.426761
-1.127259,13,623.835441
3.856815,12,624.228941
2.967377,11,624.582567
3.995933,13,625.006955
4.237965,13,625.42902
3.903852,13,625.851275
5.071953,15,626.316579
4.055024,13,626.725719
3.565245,12,627.106139
-0.687089,14,627.542454
3.157676,12,627.923576
2.781233,11,628.290277
3.88275,13,628.700482
3.737664,13,629.108238
3.828473,13,633.936803
4.81113,14,634.373997
-0.102995,14,634.825596
3.657848,12,635.221094
3.318236,13,635.645165
3.186038,12,636.038393
2.702299,11,636.405574
-1.3351,12,636.801447
3.683392,12,637.196984
3.774362,13,637.618038
3.727071,12,638.01411
4.042702,12,638.395763
3.151721,12,638.780754
3.279209,13,639.201475
3.386543,12,639.592524
-0.671225,13,640.002101
3.235351,11,640.366588
2.701217,11,640.716165
3.848656,12,641.108958
3.496731,12,641.488072
3.077315,12,641.864127
3.022797,11,642.184019
3.690369,13,642.588868
4.982348,15,643.06513
-1.829178,11,643.402986
2.785104,11,643.729382
3.881794,12,644.107129
4.707329,14,644.558237
3.948143,13,644.98186
3.410849,13,645.40228
4.391667,14,645.851715
3.706662,13,646.273486
4.062583,13,646.695364
4.616009,15,647.186185
3.431598,13,647.60807
3.330791,12,648.000403
-0.328784,14,648.450267
4.49742,14,648.918178
4.503873,14,649.367533
2.859395,11,649.720255
3.36527,12,650.100373
3.628108,12,650.480369
4.416182,14,650.945903
2.153781,10,651.255584
2.928493,11,651.620182
-1.301417,12,652.013955
3.995474,12,652.407624
4.962818,15,652.885331
3.876566,12,653.265562
4.356749,14,653.706763
-0.050485,14,654.159371
3.692674,12,654.540443
3.859691,13,654.951346
4.744868,14,655.400328
2.274613,10,655.725145
4.161905,13,656.13415
-0.42996,14,656.56883
4.048394,12,656.947333
3.262052,11,657.298992
4.614776,15,657.776295
4.220521,13,658.194491
4.310404,13,658.618038
-0.68965,14,659.065926
3.878074,13,659.48492
4.637895,14,659.93719
3.65486,13,660.356624
4.205897,14,660.805059
-0.140304,15,661.282716
2.517199,10,661.605474
4.142242,13,662.012234
2.830377,11,662.376972
3.909072,14,662.828181
3.388376,12,663.220808
4.760388,15,663.702129
3.869977,13,664.110997
2.856722,11,664.461675
3.117471,12,664.86402
-0.834875,13,665.271708
-0.978791,13,665.67871
3.158243,11,666.033233
3.645337,12,666.413486
4.259475,14,666.849193
2.448242,10,667.186092
2.756086,10,667.49863
3.662266,12,667.878175
3.88161,12,668.246483
3.601997,12,668.61534
-0.548624,14,669.067812
3.410615,12,669.448214
4.361755,14,669.885828
4.394188,14,670.337184
3.641704,12,670.71852
4.256456,14,671.173151
3.364786,12,671.557805
0.73255,17,672.092482
4.194036,13,672.514457
0.074589,16,673.021028
3.414038,12,673.400434
4.13671,14,673.869983
2.617979,11,674.22179
5.29941,15,674.703417
-1.007263,13,675.127243
3.727485,13,675.549189
3.814475,12,675.942543
4.411328,13,676.36446
-0.61131,13,676.789398
5.127603,15,677.255857
4.130926,14,677.703483
-0.771177,12,678.082132
3.91071,13,678.503817
3.241625,12,678.898989
-0.074404,15,679.377506
3.050898,11,679.745375
3.387649,12,680.13857
4.329396,14,680.590122
3.250569,13,680.997459
0.021452,15,681.47738
4.104108,13,681.900356
-0.472549,14,682.351113
-0.95056,13,682.777255
4.141932,13,683.201384
3.123405,11,683.540755
-0.813553,13,683.98065
4.132107,13,684.405191
2.826725,11,684.760533
4.56963,13,685.183651
2.525757,11,685.520743
4.240515,13,685.943595
4.078068,13,686.352063
4.497716,14,686.806289
-1.050385,13,687.218359
3.462073,12,687.584647
4.097862,14,688.007307
4.070095,12,688.357348
3.670094,12,688.741403
3.259502,12,689.122647
3.586439,12,689.505228
3.397398,11,689.859829
3.249183,12,690.255293
3.549521,12,690.650806
3.307758,12,691.046336
3.417149,12,691.425397
-0.64417,13,691.821426
3.319552,12,692.216668
3.798172,12,692.596214
4.564996,13,693.004247
3.839938,12,693.399107
4.237883,14,693.855058
3.652699,12,694.24913
3.475773,12,694.643382
3.614973,13,695.067101
3.393513,12,695.450079
4.505255,14,695.900523
3.718427,13,696.308196
4.612863,14,696.756265
4.371894,14,697.204013
4.321177,12,697.596539
3.777374,13,698.003769
3.15408,11,698.354887
2.890003,11,698.698763
0.34633,15,699.162279
-1.113993,14,703.9844
3.390627,12,704.36419
4.903444,15,704.844205
3.575144,12,705.226447
-0.286639,14,705.662432
4.042455,13,706.071413
-0.578357,14,706.522524
3.280803,12,706.915684
2.645711,11,707.267866
-0.202633,14,707.720958
4.130258,13,708.146098
4.33411,14,708.598697
3.745388,12,709.00077
3.302864,12,709.395121
4.564501,14,709.849084
2.168642,10,710.146156
3.581685,12,710.513768
3.287688,12,710.894187
-1.429186,13,711.31764
4.552561,15,711.811743
3.572917,12,712.194521
-1.054714,13,712.618268
3.603994,13,713.040264
3.332886,12,713.419907
-0.76353,14,713.878441
2.713061,11,714.215473
4.039584,13,714.62262
4.031997,13,715.047801
4.115996,13,715.468274
3.403904,12,715.862456
3.291744,12,716.256878
3.806894,13,716.678374
2.981565,11,717.033908
-0.401607,14,717.455973
3.398459,12,717.83762
-0.385598,15,718.304499
4.104376,14,718.772065
-0.602415,14,719.222644
3.475437,12,719.601714
2.454849,11,719.955586
4.275699,13,720.374723
4.471258,14,720.822808
0.61533,16,721.341469
4.531903,13,721.764825
4.140953,13,722.185529
0.005804,15,722.664855
3.245272,11,723.015976
4.111787,13,723.436966
4.438,13,723.863417
4.051331,13,724.284523
4.787436,14,724.73585
3.145984,12,725.117106
4.163577,13,725.537782
3.951005,13,725.946017
-0.311678,14,726.396686
3.059147,11,726.761264
-0.812637,14,727.197941
3.913265,13,727.619569
3.246003,11,727.987237
4.022704,14,728.437667
4.051592,14,728.892674
-0.324592,15,729.371465
2.650408,11,729.725945
4.663923,14,730.178683
-0.818556,13,730.587276
3.00037,11,730.940342
4.401728,14,731.405677
4.582721,14,731.855374
4.223764,13,732.262926
4.018655,14,732.700043
2.640765,11,733.052105
3.33391,12,733.445993
3.166205,11,733.816135
3.604822,12,734.195268
3.032575,12,734.573491
3.506651,13,734.997581
3.490942,12,735.377287
4.631698,15,735.855428
3.248901,12,736.236766
2.24828,10,736.558069
3.738014,13,736.979784
4.415091,13,737.402202
2.623536,11,737.766145
3.615699,13,738.185445
3.687143,13,738.60653
4.341541,14,739.074534
3.700509,13,739.469539
-0.237624,14,739.920439
2.550201,11,740.284781
0.546483,16,740.805429
0.194104,16,741.296341
4.613865,15,741.773576
3.471948,13,742.193404
2.591767,11,742.558123
-0.020704,16,743.063594
-0.311671,13,743.486569
3.315724,12,743.866922
3.474251,12,744.260463
4.514644,13,744.679174
3.625133,12,745.059632
4.044762,14,745.507016
3.263549,13,745.927342
3.757855,14,746.376058
-0.426512,14,746.825775
3.345305,13,747.24924
4.276661,13,747.65933
4.318908,14,748.108289
3.910958,13,748.528317
4.76338,14,748.967705
3.580622,12,749.360524
3.328685,12,749.741196
3.614997,13,750.164952
-1.032573,13,750.587074
3.89567,12,750.980799
4.267357,13,751.388508
0.991457,19,752.008917
4.509557,14,752.460551
-0.524139,14,752.897458
4.255697,14,753.348062
3.603482,13,753.774244
3.492941,12,754.168806
4.154552,13,754.592211
3.438063,12,754.99012
4.322973,15,755.468616
2.996331,11,755.835077
3.826332,13,756.256373
4.178724,14,756.693166
3.150009,12,757.087997
5.094401,15,757.564802
3.837935,12,757.944774
3.950891,13,758.350855
3.785748,13,758.763798
0.222519,16,759.257655
0.203149,16,759.750796
3.390053,12,760.143858
2.881676,11,760.507273
-1.431974,12,760.888398
-0.116969,14,761.323893
4.090446,14,761.760046
4.456783,13,762.180969
3.533575,12,762.559702
2.914504,11,762.911649
4.33677,14,763.346624
4.413226,14,763.798938
2.78311,11,764.150365
4.424281,13,764.558375
-1.361569,12,764.928097
-1.350334,12,765.308548
2.964228,11,765.659553
-1.191421,13,766.067186
3.996289,12,766.432831
2.984394,12,766.798573
-0.342346,15,767.277593
3.487785,12,767.643987
-0.03124,15,768.124634
3.340305,12,768.504023
3.479602,12,768.89079
0.148238,15,769.357537
4.437028,15,774.210239
-0.87148,13,774.633833
3.696078,13,775.059143
3.703379,12,775.453883
4.651452,14,775.876876
3.167558,12,776.271655
3.967106,13,776.69384
3.252489,12,777.073703
3.274901,11,777.425263
3.362451,13,777.848514
-0.144051,14,778.298328
-1.24459,13,778.72497
3.589499,13,779.133855
3.500416,13,779.542518
3.580235,13,779.971431
2.864702,11,780.322378
-0.737495,13,780.745171
-1.284312,14,781.196328
-1.706013,12,781.589728
4.125106,14,782.037243
3.781086,13,782.444796
3.557754,12,782.825352
-1.023647,13,783.232671
3.01332,11,783.568989
2.925989,11,783.925492
4.487542,14,784.387879
2.719857,11,784.739296
3.292701,12,785.118242
-0.019224,14,785.566524
4.045864,14,786.014918
-1.222632,13,786.422358
3.696929,13,786.814269
4.66214,15,787.304576
3.022074,11,787.640602
3.561559,13,788.047543
3.682878,13,788.455012
3.100458,11,788.826198
4.424074,14,789.275166
2.936332,12,789.667773
-1.659005,12,790.051033
-1.664209,12,790.444309
-1.486585,12,790.824619
4.478471,14,791.274815
4.051683,13,791.69903
3.442315,13,792.121063
-0.562102,14,792.570935
-0.844761,13,792.994493
5.122467,15,793.456872
3.446173,12,793.856447
4.158785,14,794.306119
4.71159,16,794.827084
3.256556,12,795.208187
3.439469,12,795.600896
-1.54752,12,795.979849
3.941033,12,796.344926
4.468139,14,796.780379
3.767072,13,797.202384
-0.599169,13,797.609302
3.001369,11,797.959613
-0.49375,14,798.395993
-1.378594,12,798.779885
3.740111,13,799.204683
3.991292,14,799.654158
3.749497,13,800.050524
4.498433,15,800.528863
3.755686,13,800.949904
3.105021,12,801.341192
4.533542,14,801.789034
3.742018,13,802.210888
4.165729,13,802.617235
-0.656595,14,803.065376
3.025382,12,803.456164
2.567698,11,803.82641
4.03619,13,804.233143
5.077988,15,804.724726
3.98851,12,805.12043
2.643631,11,805.47102
4.18308,14,805.921016
4.030025,14,806.385838
3.569513,13,806.791232
5.130163,17,807.310326
4.476931,14,807.760273
3.316472,12,808.153955
-0.323646,14,808.605244
3.609173,12,808.990113
3.861037,13,809.410719
5.035872,16,809.917267
3.125587,12,810.309782
3.449877,12,810.702835
4.331459,13,811.124621
3.732102,13,811.533018
3.526715,13,811.942262
3.271731,12,812.335322
3.82853,13,812.755976
2.59923,11,813.107356
4.427205,14,813.555942
3.496328,13,813.96952
3.982447,13,814.391835
3.62841,12,814.787043
3.684446,12,815.167896
2.589536,11,815.533339
3.904962,13,815.940859
0.372047,16,816.448099
3.872527,14,816.897733
4.430314,12,817.276932
4.034709,13,817.699224
3.627147,12,818.079746
3.33733,12,818.459795
3.413824,12,818.858775
-1.422555,12,819.239028
4.53945,14,819.674347
3.314333,12,820.041606
3.690568,14,820.491681
2.676613,11,820.826665
2.659675,11,821.163233
3.993563,14,821.598477
4.811633,15,822.063424
3.268145,12,822.440367
3.369286,11,822.802815
3.797238,13,823.209175
3.19032,12,823.601023
-0.598863,14,824.051493
4.366177,13,824.471184
4.081085,13,824.906664
2.521941,11,825.270931
3.785004,13,825.689706
4.040031,14,826.136936
3.565323,12,826.529627
3.606859,13,826.949566
4.537151,15,827.411208
3.630062,13,827.845441
3.086308,12,828.223836
2.952662,11,828.574914
4.578943,14,829.025826
3.954236,13,829.431696
3.76378,12,829.827085
4.31058,14,830.2763
3.207949,12,830.668357
4.028715,14,831.116722
-0.116688,15,831.609319
-0.594459,14,832.045774
3.262834,12,832.424821
3.387597,12,832.821575
2.639358,11,833.173425
3.634276,13,833.581655
4.573043,14,834.037782
4.211991,13,834.460267
4.785112,14,834.915093
2.831854,11,835.267338
-0.914496,13,835.691173
3.583428,12,836.086772
-1.347852,13,836.509016
4.624465,14,836.959663
4.166401,13,837.353512
-1.219493,12,837.719858
3.853611,13,838.143708
4.407704,15,838.622412
3.415783,12,839.006991
0.079767,15,839.48755
-0.72091,14,844.296632
4.820843,15,844.761163
4.02442,13,845.17232
3.226438,12,845.55225
-1.842569,12,845.932024
4.627162,14,846.380992
-0.171612,15,846.845149
3.104011,13,847.251863
5.355737,18,847.828112
3.766438,13,848.249878
-1.598266,12,848.629584
3.284864,13,849.055872
5.069068,15,849.533075
2.945569,12,849.914419
3.95505,13,850.308372
3.268383,12,850.688618
3.423352,12,851.081825
4.152376,14,851.532603
3.98706,13,851.955408
2.924365,11,852.308052
-0.1992,15,852.785832
3.213778,12,853.180515
4.577,14,853.631434
3.125268,12,854.015097
2.314116,10,854.337993
2.451662,11,854.691409
2.11647,10,855.019655
0.511857,17,855.57022
3.246261,13,856.007621
3.375261,13,856.428956
-0.857793,14,856.877862
3.836754,13,857.285671
3.928382,14,857.736567
3.914377,13,858.159846
4.149643,14,858.611885
3.715549,13,859.03817
3.465204,13,859.460463
-0.146146,16,859.970505
4.257344,15,860.45016
4.301714,14,860.900131
3.475027,13,861.321434
3.48532,13,861.731104
3.958092,13,862.166735
4.916979,16,862.689715
4.341633,14,863.126143
4.923612,15,863.619076
0.191688,16,864.118035
-0.629587,14,864.555786
4.164319,14,865.0072
4.799679,14,865.457254
3.442357,12,865.851761
2.88778,12,866.246766
3.27548,12,866.611399
3.223206,12,866.975407
3.445484,12,867.353681
3.721974,13,867.774757
3.893207,13,868.195552
-0.147018,15,868.673076
3.816984,13,869.098296
3.142417,13,869.518317
3.805264,13,869.926879
4.195847,14,870.346817
4.154598,15,870.824203
3.413256,12,871.189291
3.859017,14,871.625155
4.443937,13,872.046633
0.248854,16,872.567025
3.823859,13,872.974242
4.096626,14,873.424174
3.813094,13,873.854273
2.779674,11,874.192941
3.352551,12,874.57231
3.117347,11,874.925958
3.342835,12,875.323021
3.369733,12,875.718066
-0.811546,14,876.16912
3.367129,13,876.592826
3.696079,13,877.015961
-0.214349,15,877.496376
3.314498,13,877.906028
4.070769,14,878.342525
-1.521201,12,878.724936
4.209819,13,879.139349
3.461474,12,879.518795
3.790418,14,879.972314
2.680836,12,880.368048
3.51746,13,880.790336
2.874216,12,881.199713
4.298702,14,881.637275
3.298772,12,882.017734
4.27488,14,882.468331
-0.563249,15,882.931487
3.934691,14,883.382279
4.349723,14,883.823203
4.658289,15,884.290796
4.042643,13,884.697251
3.433226,13,885.110112
3.98914,13,885.534292
4.751845,16,886.057593
2.946575,11,886.422633
4.481788,14,886.8706
4.596292,15,887.34853
0.531191,18,887.912525
3.057939,12,888.278608
-0.448736,15,888.75808
3.738114,13,889.155138
5.166369,15,889.664071
3.671413,12,890.044381
4.605492,15,890.544746
3.560828,12,890.932233
4.283438,13,891.366227
4.541432,14,891.80912
3.755292,13,892.22783
-0.431752,14,892.670903
4.267612,14,893.14062
-0.049074,15,893.627396
3.689626,13,894.051828
2.724869,11,894.411162
-0.41555,15,894.902349
2.349198,10,895.230461
3.225662,13,895.644156
2.649184,12,896.044252
3.795961,13,896.47812
2.639464,11,896.836608
4.399727,13,897.260792
4.430793,14,897.719081
-0.323169,15,898.195135
3.70946,13,898.616547
4.235943,14,899.079636
3.469756,12,899.485534
3.045802,12,899.879386
2.841128,11,900.24681
3.381269,13,900.672332
-1.2326,13,901.10324
3.680696,14,901.55903
3.586031,12,901.946634
4.069674,13,902.367264
2.618945,11,902.696289
3.690555,13,903.130437
4.061561,13,903.547678
-0.426439,15,904.041276
4.263596,14,904.481757
3.63597,13,904.899946
4.433799,14,905.366525
3.922918,14,905.80897
3.295414,12,906.207667
4.93533,16,906.728324
2.868066,12,907.130316
3.751898,13,907.558656
-0.044782,15,908.059381
-0.661738,14,908.520187
3.046484,12,908.92885
3.358856,12,909.321274
3.547819,13,909.754513
4.171569,13,914.543657
3.727314,13,914.971502
4.29283,14,915.422789
2.593564,11,915.776705
3.55404,12,916.178149
2.558683,11,916.537479
2.025938,10,916.879548
3.141109,12,917.278406
3.472262,13,917.706551
4.441928,14,918.162566
3.90768,13,918.596593
2.823892,11,918.977862
3.757518,14,919.446862
4.83708,15,919.923924
2.957526,12,920.33037
3.332336,12,920.717039
4.033495,14,921.171922
3.060716,13,921.597293
-0.041786,15,922.080363
4.68374,17,922.617869
-0.304215,15,923.099401
3.465323,12,923.481323
4.460433,14,923.940901
2.711634,11,924.309111
4.320499,14,924.762542
3.965958,14,925.217749
3.315678,12,925.613828
-0.214344,15,926.097019
2.352972,11,926.449377
4.741913,15,926.931056
4.334236,15,927.415263
4.174365,15,927.894254
5.068877,16,928.418191
3.517385,13,928.831625
3.510668,13,929.257175
3.499445,12,929.633887
2.894675,11,929.988527
4.10343,14,930.427384
-0.584285,14,930.876413
-0.4408,16,931.404191
3.567602,14,931.836899
2.693996,11,932.176067
4.052527,13,932.607342
4.334164,14,933.057133
-0.474956,14,933.494436
4.081319,14,933.967231
4.183651,14,934.428422
3.826069,13,934.866533
2.892286,12,935.2644
3.619265,14,935.732056
4.118923,13,936.169473
3.813529,13,936.590238
-0.253684,15,937.078726
3.712652,13,937.481306
4.404224,15,937.948419
-2.172854,11,938.290988
4.18588,14,938.729264
3.024516,12,939.1152
2.9607,12,939.50803
-0.353284,14,939.964154
3.512427,13,940.388584
4.170559,14,940.841729
3.025988,11,941.193821
3.77903,13,941.608094
3.548308,12,942.00344
-0.05525,15,942.4836
3.71985,14,942.948225
3.327425,13,943.358946
3.466593,13,943.784745
3.684851,13,944.20153
4.412442,14,944.652917
3.828656,14,945.105968
3.6335,12,945.488138
3.469783,12,945.869545
4.04531,13,946.27723
3.069371,12,946.670954
-0.533189,16,947.18062
3.47137,13,947.606302
3.939877,14,948.041109
4.000258,14,948.479416
4.247217,15,948.968517
2.759277,11,949.292867
3.868218,13,949.686494
3.693955,12,950.068532
4.311452,15,950.531503
4.936734,15,951.040838
3.409455,12,951.420952
5.327375,17,951.96793
3.7676,13,952.376625
-1.100528,13,952.798156
-1.215388,13,953.208279
3.525297,12,953.586867
4.234982,13,954.00143
3.862428,13,954.408884
3.82999,13,954.829764
-1.606936,12,955.223986
4.860416,15,955.701183
-0.328324,14,956.150205
3.842063,14,956.59942
-0.523128,15,957.080088
4.816487,16,957.599973
0.097368,15,958.081517
3.124362,12,958.461304
3.308847,13,958.891577
4.570548,15,959.370178
-0.821324,14,959.820332
3.650399,12,960.220175
4.108575,13,960.64219
-1.216789,12,961.021378
4.364541,14,961.457021
0.14087,15,961.936055
4.256374,14,962.38792
3.472442,13,962.811532
2.992718,12,963.1933
-0.903998,14,963.646159
4.25976,14,964.102132
2.208633,10,964.425504
2.893871,11,964.791899
3.347687,13,965.203105
3.18529,12,965.591882
3.335644,12,966.000768
-0.484267,14,966.458916
3.504654,13,966.883071
3.491944,13,967.31775
-1.269874,14,967.773099
3.842512,14,968.249536
-1.248818,14,968.703221
-0.871599,13,969.153769
4.372263,14,969.608484
-0.453676,15,970.092671
3.67184,13,970.517941
3.807833,13,970.942747
4.258346,14,971.392168
2.926229,12,971.770669
3.628611,13,972.192877
3.25864,12,972.576148
3.528019,12,972.958659
3.791523,13,973.37943
3.972346,14,973.82914
3.422234,13,974.241029
4.006896,15,974.722549
-0.640154,14,975.173102
3.416671,12,975.556916
4.073811,14,976.008056
0.023441,16,976.524814
3.697754,12,976.918415
3.789209,13,977.328438
-1.428679,13,977.743104
3.082985,11,978.110801
-1.242574,13,978.534599
3.654601,13,978.950301
3.624426,13,979.373624
4.040207,14,979.811816
3.151189,12,980.210693
4.362748,14,985.014199
3.96365,13,985.443792
0.035206,16,985.947183
3.47007,12,986.345188
2.729528,12,986.726672
5.432192,18,987.297061
4.072349,14,987.754781
5.237821,17,988.292966
4.473511,15,988.775007
3.717277,13,989.193307
-1.005071,14,989.631922
4.585951,15,990.116823
4.225225,13,990.528683
3.150723,12,990.905096
3.803487,13,991.332787
-0.27258,16,991.85957
4.630688,15,992.3469
-0.871496,15,992.829227
3.959997,14,993.283107
3.458921,12,993.676978
4.325291,15,994.176041
3.273549,13,994.587055
4.232609,14,995.047054
3.858127,14,995.497049
3.679234,13,995.919939
-1.625255,13,996.332296
4.168315,16,996.830065
3.782953,14,997.267715
-1.069758,14,997.692111
3.641619,13,998.113354
4.609353,15,998.582096
3.231011,12,998.985893
3.004541,12,999.385921
2.580365,11,999.760595
3.988744,13,1000.188364
3.813527,14,1000.643606
2.965156,12,1001.039045
4.035844,14,1001.475268
3.791832,14,1001.912606
3.136395,12,1002.306479
3.565855,13,1002.715255
-0.006746,17,1003.251873
5.251784,16,1003.761787
4.510933,16,1004.290945
3.133358,12,1004.671489
4.165854,13,1005.071181
4.368427,14,1005.518529
4.540899,15,1005.998285
3.896549,14,1006.445098
4.190741,14,1006.89837
4.270876,15,1007.352152
4.271917,15,1007.832311
4.344323,15,1008.313955
4.701609,16,1008.816689
4.590071,16,1009.334684
3.540138,13,1009.760146
3.657951,13,1010.16087
4.047356,14,1010.615029
4.825548,16,1011.140639
3.407794,12,1011.537353
4.185035,15,1012.036446
3.857324,14,1012.490566
3.650458,13,1012.901059
2.472523,11,1013.253504
3.805228,15,1013.7345
-1.263601,13,1014.164743
3.828157,15,1014.646401
3.641818,13,1015.077622
3.618639,13,1015.504392
4.678792,16,1016.028043
-0.588092,15,1016.527693
3.009298,12,1016.92224
3.581199,12,1017.30795
3.794241,14,1017.756692
4.055151,14,1018.209416
3.893122,14,1018.661903
3.166104,12,1019.065722
2.998251,11,1019.425282
-0.635686,15,1019.910381
-0.622733,15,1020.391886
2.991081,12,1020.788197
-0.730995,14,1021.242177
0.163502,17,1021.798742
3.275946,12,1022.196855
-1.162702,14,1022.637028
3.510507,13,1023.061237
-0.587957,15,1023.544293
3.429901,13,1023.96376
0.164143,16,1024.45932
3.990851,14,1024.914087
3.641603,14,1025.382105
2.873469,11,1025.723635
3.097846,12,1026.107975
3.362702,13,1026.534561
4.694042,14,1026.991123
-1.695946,12,1027.390023
0.438167,17,1027.913071
3.252728,12,1028.308511
4.414734,14,1028.761706
4.669346,16,1029.275711
4.020435,14,1029.728404
2.740282,11,1030.100693
3.688269,13,1030.527903
4.061227,14,1030.966337
2.969529,12,1031.363189
3.666243,13,1031.787173
3.404496,13,1032.19408
3.878782,14,1032.63103
4.496508,15,1033.111941
2.826679,12,1033.494234
3.620995,12,1033.876295
4.749878,15,1034.349696
3.753653,13,1034.773765
3.620986,13,1035.182709
2.626721,12,1035.562882
4.140598,15,1036.041317
3.86003,13,1036.450252
3.994149,14,1036.889444
-0.727142,14,1037.327021
-1.161191,13,1037.736068
3.580232,14,1038.170409
4.20731,15,1038.649143
3.389915,13,1039.061062
4.304168,14,1039.510194
-0.832598,14,1039.962733
3.887615,14,1040.410895
2.714299,11,1040.761726
5.68598,19,1041.380714
0.55158,18,1041.949104
3.72988,14,1042.410461
5.223029,16,1042.933871
-0.165909,16,1043.450841
-1.194128,13,1043.887321
4.085712,14,1044.34072
3.045601,13,1044.77857
4.709976,15,1045.267097
4.364255,16,1045.796408
-1.251458,13,1046.22958
4.1947,15,1046.721077
4.239223,14,1047.185562
4.36517,14,1047.652788
0.205635,15,1048.172188
3.336529,12,1048.565928
5.048102,16,1049.080872
3.488598,14,1049.548958
4.18513,14,1050.002213
4.104867,14,1050.45216
3.054231,12,1055.205509
-0.043721,15,1055.707607
-1.131408,13,1056.127815
4.013785,14,1056.584993
-0.415895,15,1057.065781
4.184298,13,1057.497762
4.074026,15,1057.980231
4.481794,15,1058.460523
-0.370617,16,1058.972936
4.087719,14,1059.427398
3.65277,13,1059.839585
3.12328,12,1060.223046
4.073769,13,1060.628941
3.456589,13,1061.052369
3.838828,14,1061.503173
4.699481,15,1061.983908
3.368086,13,1062.406007
4.25143,14,1062.857214
4.006343,14,1063.318206
3.047202,13,1063.740349
4.63504,16,1064.240207
3.659301,13,1064.660568
3.146655,12,1065.041746
4.115849,14,1065.479745
3.235808,13,1065.886439
4.10447,14,1066.338189
4.429506,16,1066.845024
5.531165,18,1067.42489
3.870498,14,1067.874856
3.806354,14,1068.32595
4.379589,15,1068.805778
3.816916,13,1069.222702
3.773166,13,1069.619161
2.845936,11,1069.987808
3.967964,14,1070.428567
4.010257,13,1070.840967
2.975161,12,1071.223417
3.197775,13,1071.6403
2.98337,11,1071.993486
3.790818,14,1072.447621
3.277695,13,1072.858137
4.604257,16,1073.373788
4.321725,16,1073.872893
4.694672,16,1074.40128
3.136345,12,1074.782773
4.522871,15,1075.278688
-0.371591,16,1075.775102
3.283588,13,1076.202016
4.177121,14,1076.65707
4.69688,15,1077.137312
2.974521,12,1077.5195
3.996008,14,1077.959578
2.940691,12,1078.356384
2.949552,12,1078.73965
2.457768,11,1079.097503
3.884667,14,1079.537118
4.998312,17,1080.079084
3.938613,13,1080.491607
3.870181,13,1080.915876
3.074875,12,1081.311966
3.684632,13,1081.719073
4.738403,16,1082.240503
-0.055777,16,1082.74878
-0.305376,15,1083.228184
3.881941,14,1083.678005
4.544655,14,1084.124548
3.24224,13,1084.540688
4.927009,15,1085.020786
5.378607,17,1085.550591
3.284317,12,1085.943644
3.238817,12,1086.349128
-0.469214,15,1086.830138
4.506908,16,1087.325977
3.921535,15,1087.804131
3.689693,13,1088.2302
4.172003,14,1088.683926
4.215043,14,1089.126276
3.220892,12,1089.523507
4.995068,16,1090.034181
3.766645,13,1090.463966
3.195052,13,1090.893341
4.102283,14,1091.348297
-0.010967,16,1091.859624
3.234163,13,1092.257543
-1.364817,13,1092.682863
4.673061,16,1093.207926
3.302899,13,1093.650216
2.850891,12,1094.023433
3.834268,14,1094.463363
5.342554,18,1095.033509
4.388202,15,1095.515053
3.719686,12,1095.911613
3.186696,13,1096.337194
3.643411,13,1096.765343
3.914775,14,1097.218401
3.246607,12,1097.617481
3.489031,13,1098.043613
3.986629,14,1098.484709
-1.01278,14,1098.937103
3.737071,14,1099.395603
4.072898,13,1099.821422
3.381316,13,1100.236255
3.494217,12,1100.633451
4.307457,15,1101.114564
3.974738,14,1101.570774
3.276563,12,1101.959475
2.916052,12,1102.362959
2.545707,11,1102.714319
3.541473,13,1103.138537
4.159876,14,1103.597512
2.945665,12,1103.985865
5.318093,17,1104.536738
5.015582,15,1105.017113
4.458637,15,1105.51546
-1.171382,13,1105.92431
3.289102,13,1106.346277
4.217849,15,1106.825247
2.905251,12,1107.223962
3.258352,12,1107.620103
-0.522513,14,1108.075282
3.364993,12,1108.455682
4.379164,15,1108.939184
-0.279241,16,1109.45462
3.142436,12,1109.834763
2.936002,12,1110.23233
3.280597,12,1110.61461
4.503936,16,1111.138145
3.999163,13,1111.563918
3.94976,14,1112.015804
3.538395,13,1112.439577
2.65026,12,1112.837275
3.63812,14,1113.277138
-0.893196,13,1113.691216
3.931633,14,1114.149101
4.101552,14,1114.58978
3.183265,12,1114.990463
2.943483,12,1115.388821
3.493517,13,1115.820687
4.236146,15,1116.305822
4.162285,15,1116.80932
4.168266,15,1117.294007
3.366932,13,1117.706893
4.691336,16,1118.238262
-0.2829,14,1118.705432
4.76008,15,1119.206715
3.723491,13,1119.629208
2.778859,11,1119.994875
3.192476,12,1120.407309
3.093744,12,1120.814569
3.845109,15,1121.317429
3.128518,12,1126.061326
3.838633,13,1126.488455
3.491718,13,1126.909001
3.896983,13,1127.309317
4.272454,16,1127.835439
3.236831,12,1128.232652
4.141206,14,1128.689327
3.393425,13,1129.115633
3.060221,12,1129.496539
3.164499,13,1129.906855
2.616353,11,1130.277221
-0.905861,15,1130.757318
3.765486,14,1131.207388
-1.157058,13,1131.628615
4.266732,14,1132.078901
3.521856,13,1132.485993
3.990998,14,1132.93505
5.020871,17,1133.476263
4.082241,13,1133.886094
-0.825915,14,1134.341328
5.108992,17,1134.896418
4.148137,14,1135.340703
4.457914,13,1135.750514
4.215246,14,1136.182154
3.345658,12,1136.549398
3.55435,12,1136.947397
3.728013,14,1137.403012
3.491956,13,1137.828623
4.394523,15,1138.310707
4.847746,17,1138.850121
3.971564,14,1139.29789
3.871878,14,1139.750693
-1.256051,13,1140.179107
4.634214,15,1140.659387
3.710338,14,1141.11178
4.698128,15,1141.592823
3.882637,14,1142.048502
4.320716,15,1142.532006
-0.856735,15,1143.011892
4.942777,17,1143.564998
4.085934,14,1144.00972
4.951375,17,1144.54879
3.56633,14,1144.974367
4.232019,14,1145.413287
-1.558627,12,1145.795861
5.179426,16,1146.311414
4.229479,14,1146.751713
3.931835,14,1147.191755
5.627449,17,1147.73013
3.204826,13,1148.157353
3.676771,13,1148.582885
-0.83585,14,1149.044882
3.482129,12,1149.409978
3.294668,13,1149.809319
3.863206,14,1150.251137
3.922923,15,1150.73387
0.112499,17,1151.28513
3.780525,13,1151.708633
3.817015,14,1152.160058
3.393902,14,1152.620742
3.968157,14,1153.072157
0.642078,16,1153.56792
3.335394,13,1153.992904
3.503049,14,1154.449819
3.593775,13,1154.859891
0.380916,17,1155.386088
4.324416,14,1155.823822
3.859557,14,1156.258247
2.829574,11,1156.61413
3.119252,12,1157.009146
-0.762727,14,1157.461199
-1.144675,13,1157.887969
4.047911,15,1158.355315
2.60831,12,1158.723867
3.364322,12,1159.126142
-0.874489,15,1159.60786
4.556331,15,1160.090931
3.95988,14,1160.544408
4.71938,17,1161.0815
3.04162,12,1161.465181
-0.709888,15,1161.948438
4.022882,15,1162.432943
4.103016,14,1162.887113
3.33388,12,1163.27078
3.091591,13,1163.682416
3.978126,13,1164.112941
3.698374,13,1164.510086
-0.802713,15,1164.992768
3.258861,12,1165.362254
3.826941,13,1165.772214
3.600474,13,1166.184158
-1.679876,12,1166.553084
3.911343,14,1166.990235
3.097178,12,1167.372095
-0.859686,14,1167.83972
0.048735,16,1168.350296
3.2196,13,1168.760345
2.844619,12,1169.16244
4.89785,16,1169.655329
4.321778,14,1170.11027
4.70162,16,1170.620728
2.952613,12,1171.01408
4.707561,16,1171.524463
3.028542,12,1171.921657
4.928159,16,1172.432255
4.372089,16,1172.937898
3.604523,13,1173.346741
3.606551,13,1173.767677
4.561926,15,1174.268465
3.174512,12,1174.662812
4.086127,13,1175.088035
3.512014,13,1175.511282
4.819692,15,1175.97559
4.370151,14,1176.412402
3.397733,13,1176.821282
3.50109,12,1177.204126
4.544203,15,1177.667997
2.60469,11,1178.01949
3.587266,13,1178.413419
3.390661,13,1178.837864
3.656182,14,1179.294189
4.132022,15,1179.776531
3.896646,14,1180.232065
4.341282,15,1180.712799
3.529655,13,1181.122663
3.339541,13,1181.532647
3.242148,13,1181.943807
-0.188613,16,1182.438872
3.207663,12,1182.821574
3.659961,14,1183.261043
3.769121,13,1183.687926
3.440688,12,1184.07519
3.673166,14,1184.513049
3.042414,12,1184.880836
3.452125,13,1185.295001
2.985249,11,1185.649955
3.646299,13,1186.058598
4.786101,14,1186.512782
3.838211,13,1186.939997
-0.987843,13,1187.364582
4.432351,15,1187.844247
3.211657,12,1188.226684
-0.545491,15,1188.691718
3.894933,14,1189.136146
4.16108,14,1189.575498
3.513732,13,1189.998705
0.080218,15,1190.481297
3.692664,13,1190.9055
-0.45178,16,1195.819443
2.496912,11,1196.187117
3.820334,14,1196.639923
-0.458057,15,1197.107747
3.92762,14,1197.560334
-1.551541,13,1197.982256
4.313331,14,1198.41829
3.754608,13,1198.82724
3.637994,14,1199.269772
3.129797,12,1199.650181
3.897613,14,1200.104764
4.312762,15,1200.58448
5.186657,17,1201.120955
3.962824,14,1201.572267
3.613402,13,1201.994675
4.482044,15,1202.460802
2.455075,11,1202.812717
3.317486,12,1203.19474
0.168217,16,1203.702777
3.599787,13,1204.119237
4.705193,15,1204.602898
1.9778,10,1204.928627
4.110721,15,1205.425038
3.648866,14,1205.880208
4.271509,15,1206.347582
4.517758,15,1206.828977
3.384742,13,1207.239348
4.418873,14,1207.693502
4.437655,15,1208.174512
3.492142,13,1208.599263
4.286637,15,1209.085927
2.627333,12,1209.483436
3.773456,13,1209.908548
3.836616,13,1210.323737
4.060589,13,1210.749131
4.146279,14,1211.187918
4.172543,14,1211.62715
3.15116,12,1212.009028
-1.658656,12,1212.392291
4.265178,14,1212.849833
2.591897,11,1213.192604
4.806343,16,1213.718284
3.357986,13,1214.147789
4.550958,15,1214.627143
2.212844,10,1214.952677
4.998569,15,1215.423297
0.000545,16,1215.94676
4.428887,15,1216.426388
4.652486,16,1216.937835
5.723174,18,1217.518449
4.533761,14,1217.971918
3.850892,13,1218.383699
-1.412116,13,1218.79337
4.087458,14,1219.253919
4.084176,14,1219.709428
4.351839,15,1220.17993
3.926664,14,1220.635325
3.172119,12,1221.033647
4.068972,14,1221.487995
0.562555,18,1222.058854
3.175029,13,1222.485054
4.065492,14,1222.939895
3.94955,15,1223.409478
3.920765,15,1223.89339
3.554562,12,1224.285696
3.711033,13,1224.700366
3.344668,13,1225.129129
3.2212,12,1225.51396
3.501817,14,1225.953807
3.735986,14,1226.407602
0.503178,19,1227.020512
3.511867,13,1227.446528
3.643442,13,1227.85788
4.169205,14,1228.311419
4.160277,13,1228.722757
4.313077,15,1229.196667
0.272519,17,1229.753312
3.09736,12,1230.125053
3.738915,13,1230.524708
3.39034,13,1230.952014
3.773581,14,1231.421522
4.090967,15,1231.893393
3.335358,12,1232.276472
0.984241,18,1232.860951
4.169656,14,1233.303205
4.313196,14,1233.761662
4.177175,14,1234.209326
3.543166,12,1234.608248
4.113148,13,1235.036451
3.311278,12,1235.407579
4.778606,16,1235.924011
3.557541,13,1236.323473
3.343516,13,1236.736154
4.647266,16,1237.246625
3.564554,13,1237.659315
-0.761179,15,1238.129985
3.464628,12,1238.517169
3.132759,12,1238.901537
3.349112,13,1239.316641
4.912749,15,1239.795241
3.708743,13,1240.22471
3.230341,12,1240.623193
4.189293,14,1241.062796
4.21968,15,1241.557371
3.230939,12,1241.939936
-0.986135,14,1242.392034
4.059539,14,1242.856502
3.533586,13,1243.270021
4.104213,14,1243.723385
-0.486245,15,1244.199534
3.277586,13,1244.59547
4.091362,14,1245.034472
4.89684,15,1245.501472
4.760929,16,1246.010912
-0.982839,13,1246.437321
-1.355131,13,1246.863294
2.648103,12,1247.261493
3.8332,14,1247.701389
3.10003,13,1248.099652
2.737197,12,1248.484036
4.447659,14,1248.939875
3.283568,12,1249.329617
3.650051,13,1249.757877
2.880738,12,1250.129377
-0.305204,15,1250.614242
4.349092,15,1251.096001
3.688261,14,1251.550771
3.86689,13,1251.978677
4.146766,14,1252.434194
4.043557,15,1252.917005
3.921217,13,1253.345016
4.664577,16,1253.856169
0.041825,15,1254.329952
3.847924,13,1254.742364
3.687042,13,1255.171052
3.207934,12,1255.55711
3.985624,13,1255.953944
-0.530116,16,1256.466448
3.620395,13,1256.878929
4.981621,17,1257.432779
4.667235,15,1257.915741
4.785216,16,1258.424925
0.129843,16,1258.936423
3.153586,12,1259.342091
2.993293,12,1259.724182
3.108633,12,1260.09659
-0.234605,15,1260.565633
3.991025,14,1260.989695
3.110455,12,1265.717165
2.833193,12,1266.113468
2.782253,11,1266.481717
3.640057,13,1266.891073
3.472516,13,1267.31371
3.744618,13,1267.724919
3.605464,14,1268.161615
3.898907,14,1268.602277
3.941336,14,1269.057228
4.109607,14,1269.515564
4.31515,14,1269.953155
3.291245,13,1270.351946
2.723066,11,1270.706897
-1.342049,13,1271.135868
4.462096,15,1271.619498
4.079455,14,1272.075261
-0.269836,16,1272.584612
3.657945,13,1273.009429
5.185833,18,1273.593293
4.404498,16,1274.110582
4.642374,16,1274.637503
3.726208,13,1275.050639
5.034071,16,1275.563606
4.10717,15,1276.033775
2.580873,12,1276.416422
3.334716,13,1276.845172
4.948686,17,1277.400769
4.420445,14,1277.841218
2.932611,12,1278.209575
3.539042,13,1278.637201
2.701821,11,1278.978283
3.286914,13,1279.395843
-0.311872,15,1279.878107
3.856713,14,1280.321332
3.749804,14,1280.77608
4.474769,15,1281.230043
4.114089,14,1281.6703
4.482674,16,1282.195342
5.00899,16,1282.703979
3.022734,13,1283.1164
-0.673801,16,1283.610382
3.353211,13,1284.021191
-0.389932,15,1284.495838
4.433844,16,1285.019151
4.227398,15,1285.486261
3.761955,13,1285.909228
-0.104058,15,1286.374767
4.682495,17,1286.929839
3.988829,14,1287.38591
-0.712682,14,1287.840544
4.052424,14,1288.294365
3.540273,13,1288.719819
4.256402,13,1289.137269
3.748371,14,1289.592019
2.69476,12,1289.990537
-0.342196,16,1290.49151
3.554963,13,1290.905858
3.158272,12,1291.291328
4.011425,13,1291.718196
-1.191582,13,1292.131795
0.066092,16,1292.644648
3.553753,14,1293.085381
4.555799,14,1293.528404
4.763374,15,1293.998777
3.879216,14,1294.461343
-0.836484,14,1294.917964
4.494709,16,1295.433187
3.283293,13,1295.862722
3.496933,13,1296.275019
-0.995658,14,1296.732489
-0.073653,16,1297.229706
3.869838,14,1297.658616
4.337201,15,1298.130162
4.140746,15,1298.599318
3.9657,14,1299.069973
3.661896,13,1299.50388
3.787636,14,1299.960529
-1.134795,14,1300.418635
2.55659,12,1300.806123
3.46989,12,1301.19117
2.328474,11,1301.53356
4.614847,15,1302.016161
4.133787,14,1302.473686
4.132888,14,1302.928303
4.457535,15,1303.416177
4.216133,15,1303.901855
3.895317,14,1304.359166
3.629279,14,1304.815659
3.394166,13,1305.230866
2.83478,12,1305.630771
2.372196,10,1305.943361
3.07461,13,1306.355766
4.235312,14,1306.807666
3.557923,13,1307.220344
4.2111,13,1307.631729
3.564201,14,1308.087066
4.226351,15,1308.569356
2.964087,12,1308.938396
3.15001,12,1309.311237
4.356517,14,1309.764791
3.238714,12,1310.163818
3.771481,13,1310.590127
3.914675,13,1311.00254
3.431286,13,1311.432211
2.773837,11,1311.787855
3.693747,13,1312.201754
-1.249519,13,1312.612891
3.750126,14,1313.069809
4.119425,14,1313.525682
4.407574,16,1314.053021
3.106711,12,1314.444895
4.052791,13,1314.871001
4.308828,14,1315.329349
3.837602,15,1315.825252
3.638966,14,1316.279067
2.6875,11,1316.634253
4.243832,14,1317.090705
4.320085,15,1317.571603
0.083861,17,1318.114534
3.844016,14,1318.557722
3.52167,14,1319.01186
-0.694661,15,1319.498937
3.838696,13,1319.924436
5.689972,17,1320.483318
2.599857,12,1320.882578
4.835577,16,1321.393849
2.687086,12,1321.790819
4.352562,14,1322.247224
3.281829,13,1322.659416
4.633253,16,1323.173048
3.950063,14,1323.616175
3.395457,12,1323.986704
4.397858,15,1324.477671
4.333239,15,1324.964277
3.336063,13,1325.377456
3.324681,13,1325.816978
3.106613,12,1326.19919
4.956459,17,1326.736624
3.233128,13,1327.143816
4.826373,15,1327.610283
4.266041,14,1328.06338
3.908395,13,1328.488951
4.511432,14,1328.931411
4.333641,14,1329.39244
4.439673,15,1329.876566
4.344342,14,1330.334691
3.495634,14,1330.760907
2.896202,12,1331.144647
2.429145,11,1331.487276
2.85001,12,1336.217013
5.12232,15,1336.702666
3.651979,12,1337.100316
4.934036,17,1337.641347
4.801228,17,1338.195429
-0.977845,14,1338.622035
4.149623,13,1339.038157
4.75852,16,1339.540949
3.390882,13,1339.969697
3.505265,14,1340.429798
3.764636,14,1340.883469
-1.292907,13,1341.310626
-0.151968,16,1341.821041
2.849349,11,1342.178833
2.911321,12,1342.562324
-0.590524,15,1343.048259
2.831335,11,1343.401818
3.860231,13,1343.786637
4.544766,15,1344.261803
3.50278,13,1344.660532
4.474036,15,1345.128095
3.632523,14,1345.585024
3.093502,12,1345.966964
3.428652,13,1346.381357
3.555154,13,1346.795262
3.535584,13,1347.192623
5.084813,17,1347.734644
5.207662,18,1348.316616
3.620083,14,1348.771453
4.659925,16,1349.259912
3.402477,14,1349.701755
3.958111,15,1350.187155
3.42072,13,1350.612272
4.374896,16,1351.123676
3.110376,13,1351.548176
3.311744,13,1351.973415
3.87356,13,1352.383112
4.144548,16,1352.892501
3.875432,14,1353.34487
3.180406,13,1353.754985
4.065285,14,1354.211587
3.455445,13,1354.622044
3.268294,13,1355.031888
4.197708,15,1355.517469
5.147201,18,1356.102549
3.880868,14,1356.542966
3.68992,14,1356.983314
4.216403,14,1357.43854
3.397889,13,1357.837452
3.948896,14,1358.292677
4.296616,15,1358.774151
3.495614,13,1359.206392
4.131854,14,1359.663022
3.421027,12,1360.046388
2.786467,12,1360.445122
4.773465,17,1360.970532
-0.588338,15,1361.454281
-0.670841,14,1361.911121
2.698355,11,1362.267944
-0.60174,15,1362.749935
3.998717,14,1363.190485
3.218031,12,1363.590056
3.883402,15,1364.076041
2.721511,12,1364.465034
4.492665,16,1364.978196
3.463332,13,1365.395844
3.751789,14,1365.852078
4.158546,15,1366.324136
3.986503,15,1366.809618
4.563915,16,1367.323277
4.044772,15,1367.795018
4.268701,15,1368.263882
4.317482,16,1368.777143
4.493141,14,1369.22352
3.222881,12,1369.623028
4.165069,14,1370.076966
3.971112,15,1370.562514
5.167016,17,1371.09191
4.111293,15,1371.57436
4.259897,15,1372.030518
4.042695,14,1372.475921
3.055402,13,1372.888282
2.99653,13,1373.284857
4.204251,15,1373.765714
5.175619,18,1374.333717
3.710935,13,1374.744058
3.342403,13,1375.144523
-1.337319,13,1375.555255
4.312591,15,1376.024716
3.804766,14,1376.477284
3.518257,13,1376.888371
4.925281,16,1377.400341
3.686874,14,1377.840513
2.657671,11,1378.19611
5.262482,19,1378.791478
3.467535,14,1379.23926
4.737758,16,1379.765388
4.216505,14,1380.22508
-0.269717,15,1380.71247
4.15063,14,1381.151763
5.234776,17,1381.710055
3.168855,12,1382.107873
3.452901,13,1382.53474
4.066033,14,1382.991088
0.721117,17,1383.515998
2.482525,11,1383.887666
4.474493,15,1384.375607
4.71213,15,1384.863037
4.789258,16,1385.379429
2.557531,12,1385.778426
2.849211,12,1386.162488
4.301013,15,1386.64641
-0.740971,15,1387.118166
4.364154,15,1387.589211
3.64721,13,1388.015663
3.208429,12,1388.39874
3.980428,14,1388.855939
5.210343,16,1389.370013
5.074287,17,1389.909841
3.773553,13,1390.341724
4.640324,16,1390.839343
3.89662,14,1391.296568
4.570165,16,1391.777919
2.576727,11,1392.135031
3.265178,13,1392.560606
3.537639,13,1392.973287
3.951553,15,1393.454423
3.227045,12,1393.85104
5.111334,17,1394.394887
3.704322,13,1394.807379
4.477826,16,1395.319045
4.697827,15,1395.800691
4.11512,15,1396.282384
4.91439,18,1396.850815
2.442024,12,1397.232527
3.619992,14,1397.684865
4.168521,14,1398.137713
3.622774,13,1398.550483
-0.857765,15,1399.017896
4.847837,17,1399.575468
0.417937,16,1400.090906
3.975191,14,1400.532526
4.052148,14,1400.988677
4.270053,15,1405.838263
2.802928,12,1406.226365
4.127213,15,1406.709591
5.362632,17,1407.267139
3.432297,14,1407.722631
3.876256,15,1408.205595
4.719785,17,1408.748743
3.002127,12,1409.14683
3.263955,13,1409.580747
3.590729,14,1410.039275
3.633654,14,1410.483495
3.667135,14,1410.940702
4.070624,15,1411.42393
2.747482,12,1411.822638
3.860758,13,1412.250608
3.510428,13,1412.649742
3.195719,13,1413.051758
4.168645,15,1413.523981
3.209744,13,1413.933771
3.934381,14,1414.382193
-1.496707,12,1414.752811
4.237823,16,1415.271917
3.082337,13,1415.685535
4.123999,15,1416.182472
3.264111,13,1416.582189
4.822117,16,1417.078974
3.325216,13,1417.493959
3.917451,14,1417.934885
3.318092,13,1418.348731
3.626291,14,1418.812614
3.739808,13,1419.211348
3.705028,14,1419.656409
2.892334,12,1420.05498
4.362276,16,1420.571504
4.408671,16,1421.083208
4.365879,14,1421.534553
3.4832,13,1421.960946
2.931941,12,1422.330914
4.153779,16,1422.844074
4.544054,15,1423.327118
4.462867,16,1423.852541
3.697726,13,1424.270966
3.706807,13,1424.700403
3.836911,15,1425.173392
4.102933,14,1425.615983
-1.540382,14,1426.073403
4.300233,16,1426.591208
4.24522,15,1427.076512
3.392933,13,1427.505085
3.341961,13,1427.931674
4.158769,15,1428.419244
3.914153,15,1428.889951
5.185829,18,1429.465007
3.552947,14,1429.905644
3.43301,14,1430.381565
3.59631,14,1430.837406
4.77994,17,1431.379498
4.285661,14,1431.837876
4.125598,14,1432.296052
4.274598,15,1432.792148
3.713758,14,1433.233598
4.334989,16,1433.747718
2.993833,12,1434.13391
3.740071,14,1434.580131
4.333662,17,1435.1206
-0.179414,17,1435.678391
4.875711,15,1436.16312
4.832471,16,1436.676733
5.673263,19,1437.288486
3.155408,13,1437.699821
4.877644,16,1438.229316
3.114201,12,1438.627817
3.138061,13,1439.011269
3.951574,14,1439.460199
3.982438,14,1439.915016
4.69966,17,1440.474658
3.136939,13,1440.88504
4.83378,16,1441.395714
4.536214,17,1441.923214
3.704909,14,1442.364913
3.426138,13,1442.79349
-1.625003,12,1443.193065
2.970063,13,1443.610084
3.306699,14,1444.047722
4.270084,15,1444.535047
3.156071,13,1444.96209
3.359689,14,1445.420689
3.609874,14,1445.875535
3.296744,12,1446.274425
3.781504,13,1446.686713
3.234049,12,1447.057136
3.226084,12,1447.439827
-1.068018,14,1447.881111
4.025046,13,1448.279339
-0.067307,15,1448.765258
4.463089,15,1449.251677
4.310899,14,1449.697048
3.820111,14,1450.140269
5.451279,18,1450.69855
2.77643,12,1451.098144
3.71794,14,1451.539701
4.650072,16,1452.039042
4.259347,15,1452.524796
3.352247,13,1452.922882
5.055231,16,1453.450663
-1.437158,14,1453.878416
4.59998,17,1454.4115
-0.726066,15,1454.885955
4.288022,16,1455.400448
5.365823,18,1455.971398
3.467818,13,1456.398913
4.301657,15,1456.883474
0.641249,17,1457.42471
3.266046,13,1457.835716
3.338144,12,1458.233996
3.5823,13,1458.645981
4.729672,17,1459.186998
4.468463,17,1459.74622
5.051631,18,1460.319723
2.851829,12,1460.706435
4.734571,16,1461.21844
2.555577,11,1461.561411
3.950775,14,1462.017174
4.138394,15,1462.501519
0.041121,16,1462.984143
3.421464,14,1463.425408
2.831262,12,1463.811316
4.36201,15,1464.295734
4.529669,15,1464.763483
2.950479,12,1465.161031
4.415189,15,1465.641916
5.249775,18,1466.208814
4.290006,14,1466.6628
4.053645,14,1467.102197
4.263019,16,1467.611141
-0.233144,16,1468.120364
3.722827,14,1468.560051
4.35946,15,1469.043059
-0.520372,14,1469.490653
4.121374,15,1469.96137
3.20586,12,1470.363395
3.456631,13,1470.776448
3.825785,13,1471.202771
4.272141,14,1476.06553
3.936967,14,1476.52352
2.858835,12,1476.908593
-1.933781,12,1477.280724
-0.554985,15,1477.764378
4.634433,16,1478.263873
3.743098,14,1478.737247
4.49989,15,1479.207662
4.662878,16,1479.727008
4.314364,15,1480.212798
4.178677,15,1480.70136
3.661232,14,1481.158141
3.227024,13,1481.570872
3.539344,14,1482.013183
3.438489,13,1482.429477
3.633623,14,1482.8731
3.487318,14,1483.313853
4.330014,16,1483.826826
4.111138,15,1484.313756
3.833681,15,1484.797962
5.338347,17,1485.343415
3.806012,14,1485.798612
-0.400672,17,1486.342591
3.79117,14,1486.799275
6.076856,19,1487.410048
-1.376853,13,1487.822635
5.136264,17,1488.362848
4.724435,18,1488.933119
4.293073,15,1489.420076
2.853054,12,1489.816079
3.90983,15,1490.287611
3.830058,14,1490.728204
3.181274,13,1491.125149
0.788625,18,1491.692006
4.393262,16,1492.189496
3.900653,15,1492.672659
-1.259326,14,1493.126943
3.127566,13,1493.522922
3.23661,13,1493.934812
-0.029955,17,1494.491069
-0.645931,15,1494.95796
4.04753,15,1495.427865
3.145699,13,1495.854289
-0.380411,14,1496.309203
3.766543,13,1496.721653
3.61387,13,1497.148201
4.358271,16,1497.659273
4.884179,18,1498.240524
4.147932,15,1498.728697
3.938615,14,1499.184417
-0.701021,15,1499.671653
2.530819,11,1500.011925
4.305799,15,1500.51698
4.324554,14,1500.958286
2.748782,12,1501.341171
3.77453,13,1501.7419
4.90132,15,1502.22658
4.559398,16,1502.723028
1.872558,10,1503.048607
-0.416032,17,1503.588578
4.087959,14,1504.028165
2.899191,12,1504.429053
4.219921,14,1504.884078
3.859156,13,1505.300355
5.970027,18,1505.868288
4.03326,14,1506.309878
3.741478,14,1506.736681
3.839647,14,1507.163919
4.045841,14,1507.617319
4.158208,14,1508.073804
3.21471,12,1508.455123
4.965285,17,1508.991152
-0.442192,16,1509.490761
2.804791,12,1509.873053
3.09785,12,1510.272257
4.623244,17,1510.823263
3.930339,14,1511.277265
4.08842,14,1511.731225
3.372815,13,1512.127762
4.596877,16,1512.649726
4.945785,16,1513.15982
4.522621,16,1513.671712
4.177018,14,1514.123056
2.555086,11,1514.495508
4.058839,15,1514.97814
5.037793,16,1515.476083
4.651047,16,1515.999249
3.078615,12,1516.396695
3.38109,13,1516.807855
4.651326,16,1517.317803
4.119257,15,1517.802724
0.357787,17,1518.330786
-0.587019,15,1518.815588
4.512939,17,1519.361317
4.251023,15,1519.844502
3.658918,13,1520.25863
4.281854,16,1520.786311
3.890145,15,1521.272265
5.061175,17,1521.815312
3.944319,14,1522.257154
3.638953,14,1522.699046
4.270212,15,1523.182945
-0.384112,16,1523.695843
2.798425,12,1524.081748
3.41676,13,1524.512479
5.167923,16,1525.025682
3.293363,13,1525.440386
-0.479564,16,1525.942791
3.777905,15,1526.412848
2.843302,12,1526.783506
2.682606,12,1527.155215
3.571445,13,1527.582461
5.097895,16,1528.093194
4.406683,16,1528.590085
4.404451,15,1529.072957
3.688289,14,1529.533298
3.339273,13,1529.946191
4.139613,14,1530.40725
3.675538,14,1530.861716
-0.995299,15,1531.335058
3.70108,14,1531.79045
4.889621,16,1532.303408
4.886128,17,1532.84295
5.135895,17,1533.37049
5.015296,17,1533.927742
3.655335,15,1534.412704
4.127256,16,1534.921028
3.900324,14,1535.362289
2.935175,12,1535.758524
2.860321,11,1536.112782
4.993232,18,1536.679016
4.997426,18,1537.229337
3.546647,13,1537.654019
4.045317,15,1538.14984
3.04931,12,1538.546503
3.991036,15,1539.029575
3.290235,13,1539.447069
4.296185,15,1539.931093
2.830093,12,1540.301465
4.292786,15,1540.770848
-1.286714,13,1541.169391
2.942763,12,1545.951369
2.881261,12,1546.349517
4.060068,14,1546.79029
0.215214,18,1547.358327
3.283792,13,1547.784064
3.558304,13,1548.211862
4.548705,14,1548.668338
4.011994,14,1549.111723
3.996754,14,1549.573943
-0.110358,17,1550.113573
3.780567,14,1550.573059
-1.018229,14,1551.014636
-0.692999,15,1551.499973
4.162588,14,1551.941013
3.76434,14,1552.395368
4.127739,15,1552.878288
3.643952,13,1553.293483
4.926121,16,1553.804255
-0.711247,15,1554.290055
3.857294,14,1554.750992
4.67104,15,1555.236817
3.488544,13,1555.660235
3.91137,14,1556.114723
2.736345,11,1556.470801
-0.877406,14,1556.911083
3.847041,14,1557.366416
3.826306,14,1557.793824
3.860506,14,1558.233639
-1.476087,13,1558.645254
4.011322,14,1559.084987
3.396498,13,1559.516371
3.611589,14,1559.954628
0.291595,16,1560.440814
2.081779,10,1560.738547
5.128609,17,1561.276432
4.739198,16,1561.787058
3.850067,14,1562.240928
3.869667,15,1562.724798
3.94493,14,1563.178482
4.887792,16,1563.689305
4.53184,15,1564.171756
3.870047,15,1564.659859
4.72537,16,1565.169605
3.881432,14,1565.626979
-0.433386,15,1566.111257
4.653264,16,1566.622218
3.108796,13,1567.034096
4.239234,15,1567.517672
4.258337,15,1568.002011
4.691175,15,1568.486797
3.754339,14,1568.942964
4.279902,15,1569.431729
4.154952,15,1569.901069
4.809473,16,1570.401679
4.221245,15,1570.872638
4.456896,16,1571.384139
4.342612,15,1571.854097
5.047944,15,1572.323445
3.393047,13,1572.735758
4.267605,15,1573.232495
4.482133,15,1573.702855
4.546508,15,1574.186969
2.951699,12,1574.562063
3.380487,13,1574.975566
3.460921,13,1575.406675
4.229489,14,1575.861076
3.823599,14,1576.301046
4.2106,15,1576.799681
4.248455,15,1577.28471
4.106918,14,1577.739608
4.281122,15,1578.22466
4.453972,16,1578.7344
2.599548,11,1579.104789
4.068632,14,1579.562375
2.65111,11,1579.903272
2.972563,12,1580.287956
4.24616,15,1580.768539
3.903458,14,1581.221615
3.872202,14,1581.675074
3.695117,13,1582.097709
-0.697131,15,1582.575302
3.991484,15,1583.055126
4.863393,16,1583.54902
3.349558,13,1583.972959
4.322121,15,1584.458226
4.308317,15,1584.938444
4.354778,16,1585.435793
-1.372028,14,1585.888501
4.641143,15,1586.369627
4.007618,14,1586.810398
3.430992,14,1587.262788
4.959112,16,1587.788916
4.399953,15,1588.258351
4.654514,16,1588.770199
4.995177,16,1589.281197
3.353091,13,1589.7135
3.166362,13,1590.112236
1.144453,21,1590.769598
-0.296531,16,1591.268314
3.361657,13,1591.679538
3.02108,12,1592.063166
5.016854,17,1592.605686
2.758972,12,1592.991217
3.221601,12,1593.390379
4.158737,14,1593.83083
3.942481,14,1594.289507
0.29816,17,1594.819087
4.958954,16,1595.318298
-1.192275,14,1595.764031
3.869033,14,1596.228968
3.655009,13,1596.654572
4.806467,16,1597.159957
3.57103,13,1597.572275
3.826546,14,1598.026628
-0.109547,15,1598.512203
4.963521,17,1599.064231
3.499664,13,1599.499514
3.688382,14,1599.954733
3.237086,13,1600.368147
5.037331,16,1600.867173
3.920134,14,1601.308161
3.674571,14,1601.762876
4.631802,16,1602.258191
3.987628,14,1602.697696
3.751973,14,1603.138649
4.474955,14,1603.577477
3.294559,13,1604.003979
3.954138,14,1604.459516
4.41265,15,1604.940026
3.874783,15,1605.427184
-0.49045,15,1605.91136
4.23634,16,1606.405678
-0.496941,14,1606.859084
4.140607,15,1607.34236
3.975148,14,1607.793582
4.063224,15,1608.274373
5.038392,17,1608.864258
3.779884,14,1609.305825
-0.474422,16,1609.816334
4.747224,16,1610.343007
5.164788,15,1610.819253
4.206055,15,1611.308214
3.100927,13,1616.156409
4.248945,15,1616.642081
0.489673,18,1617.219131
3.87487,15,1617.696651
3.079007,13,1618.110501
-1.549383,13,1618.516451
3.857249,15,1618.986877
-1.373084,13,1619.404663
3.613568,13,1619.836421
4.83152,15,1620.315236
-0.273946,16,1620.849167
3.338974,12,1621.242907
4.0338,14,1621.701929
4.332434,16,1622.219966
4.036383,15,1622.703823
3.881217,15,1623.185115
3.008628,12,1623.582297
3.388314,13,1623.999491
3.705455,15,1624.489306
4.625575,16,1625.002669
2.403753,11,1625.360318
5.115064,17,1625.899722
4.914377,17,1626.437415
-0.344466,17,1626.994854
3.980707,14,1627.456726
3.954976,14,1627.902695
4.112306,15,1628.386011
3.476345,13,1628.821476
5.180952,17,1629.376761
4.168202,16,1629.918898
4.035391,15,1630.425382
4.057969,14,1630.875373
-0.857573,15,1631.379469
3.417493,14,1631.839711
4.330162,16,1632.367369
5.30596,18,1632.931489
3.347132,13,1633.359242
3.499389,14,1633.808174
2.637111,12,1634.192273
3.785661,14,1634.659319
2.414983,11,1634.986979
3.983279,15,1635.474209
4.376214,15,1635.941026
4.036819,14,1636.378337
-0.30608,16,1636.894962
2.507172,11,1637.265037
3.744751,14,1637.70381
4.209061,15,1638.204778
4.14114,16,1638.72621
4.329699,15,1639.218488
3.157353,13,1639.641628
4.053024,15,1640.129234
4.018831,14,1640.619255
-0.389827,16,1641.152664
4.130182,15,1641.6424
4.093877,15,1642.126081
3.924125,14,1642.597638
-0.83363,15,1643.068271
4.519632,15,1643.545417
3.239629,13,1643.975071
4.46139,15,1644.470709
3.853441,14,1644.936924
4.024755,15,1645.406292
-0.480642,15,1645.920603
-1.057647,15,1646.402893
3.766513,14,1646.874801
4.125195,15,1647.366133
3.851897,14,1647.817455
3.25944,12,1648.203505
-0.856736,14,1648.653521
3.369177,13,1649.092223
3.985412,16,1649.632616
4.512915,15,1650.112131
3.319593,13,1650.543054
3.325351,13,1650.978348
-1.12321,14,1651.437476
3.43243,13,1651.87367
2.982269,12,1652.271429
3.902079,14,1652.724965
4.785384,16,1653.232009
3.937278,15,1653.694419
4.601086,16,1654.199144
1.350033,22,1654.928987
3.783673,14,1655.370659
3.797827,14,1655.829012
3.433486,13,1656.239599
2.852386,12,1656.655482
4.473152,16,1657.173712
5.2928,18,1657.740184
4.367407,16,1658.256221
4.904899,17,1658.823917
5.245952,19,1659.422942
2.891335,12,1659.828042
-0.09823,16,1660.328194
3.232994,13,1660.754699
3.476112,13,1661.180443
-0.467581,16,1661.675301
4.501344,16,1662.20188
4.763186,16,1662.707723
2.976734,13,1663.131648
4.123479,14,1663.587873
5.098911,18,1664.165511
3.620889,14,1664.622917
3.146829,13,1665.033616
4.441891,14,1665.480774
5.03878,17,1666.007518
3.667914,13,1666.41812
3.997003,15,1666.890199
-0.934461,15,1667.379036
4.518319,17,1667.917189
4.324675,15,1668.401652
0.054934,18,1668.967814
3.34436,13,1669.364553
3.369986,13,1669.781482
4.594016,17,1670.349723
0.614606,19,1670.946131
4.452101,17,1671.510853
2.987361,12,1671.898182
3.48354,14,1672.351299
4.007036,14,1672.80806
3.422248,13,1673.219197
3.775505,14,1673.660025
3.942274,15,1674.14471
-1.615979,13,1674.565646
3.441603,12,1674.940686
3.814354,14,1675.396088
2.901531,12,1675.782739
4.686864,16,1676.292483
4.666173,17,1676.847263
5.704862,18,1677.411285
4.024182,15,1677.891057
3.18894,13,1678.317506
4.247801,16,1678.827251
4.97216,17,1679.357754
4.814158,17,1679.891429
3.875562,14,1680.355254
3.673943,14,1680.810543
3.550946,13,1681.248922
4.796901,16,1681.780142
3.730108,15,1686.664305
5.290983,18,1687.255825
3.245914,13,1687.684435
3.067728,12,1688.089013
0.401955,19,1688.69313
4.110589,15,1689.179565
4.886089,18,1689.77814
-0.935977,15,1690.255026
4.238431,16,1690.776956
3.588985,14,1691.225628
5.614361,20,1691.859076
4.963637,18,1692.440936
3.736168,15,1692.925263
3.411366,13,1693.331906
4.448114,16,1693.850528
4.70423,16,1694.365212
4.313787,15,1694.850089
-0.334219,15,1695.324814
4.540046,17,1695.86897
3.129539,14,1696.309643
3.952343,14,1696.751102
3.765984,13,1697.151476
-0.418936,16,1697.66163
4.321937,16,1698.178507
3.737411,14,1698.632001
4.112079,15,1699.100378
5.227998,18,1699.671329
2.619726,12,1700.068673
4.928488,17,1700.614524
3.616091,14,1701.050943
3.944851,15,1701.518286
3.078316,12,1701.913918
-0.561273,15,1702.394587
3.910127,14,1702.844508
3.313504,13,1703.25455
3.747609,13,1703.678064
4.946835,16,1704.193305
4.30286,15,1704.682011
4.492486,16,1705.192524
4.187012,15,1705.677616
0.465784,18,1706.24408
3.121938,13,1706.668707
3.446117,13,1707.080274
4.243795,15,1707.565862
4.543454,16,1708.06374
3.825174,14,1708.518272
5.262582,17,1709.071722
4.230525,16,1709.577301
4.343959,15,1710.071977
4.216575,15,1710.565878
3.142515,13,1710.994263
3.874628,14,1711.472564
3.617895,13,1711.892308
3.679152,14,1712.365611
4.156187,15,1712.850965
3.584965,14,1713.321737
3.900077,15,1713.812876
-0.643549,15,1714.324115
2.467819,12,1714.722847
4.070987,15,1715.205804
3.078916,13,1715.641493
3.966369,15,1716.140135
4.67209,16,1716.664361
-0.276601,16,1717.207896
4.257433,16,1717.730314
3.512395,13,1718.139479
3.254102,13,1718.582817
-0.125229,16,1719.105387
3.344997,13,1719.544297
3.474677,12,1719.940402
4.166898,14,1720.41188
4.738175,17,1720.969051
4.184983,16,1721.518924
3.076632,12,1721.918429
3.859774,14,1722.388606
4.200561,16,1722.919524
4.369532,15,1723.420742
2.575484,12,1723.813301
4.465168,15,1724.296879
-0.255019,15,1724.783343
3.673987,13,1725.213552
4.857611,17,1725.807785
0.014294,17,1726.363489
3.566128,14,1726.838364
4.079627,15,1727.318569
3.956393,14,1727.770398
3.479635,14,1728.211182
2.688958,12,1728.61484
-0.422507,15,1729.091926
4.30155,16,1729.614884
3.778878,15,1730.11208
4.87491,18,1730.697922
3.807691,14,1731.154142
3.964192,14,1731.614475
2.356053,11,1731.976746
5.39728,19,1732.577707
4.869801,17,1733.124551
5.277745,19,1733.73695
4.334185,16,1734.266446
4.048335,15,1734.753034
2.49119,11,1735.1073
3.465414,14,1735.5712
2.573508,12,1735.956021
3.97982,15,1736.438263
3.317578,14,1736.883367
3.997126,14,1737.326416
4.360755,15,1737.799031
4.844265,17,1738.361422
4.178587,15,1738.850649
3.529365,14,1739.29863
3.700842,15,1739.795576
3.910046,13,1740.199717
2.938384,12,1740.590326
3.741061,14,1741.050795
4.686226,17,1741.591715
-0.957447,15,1742.082076
-1.061668,15,1742.581941
3.829441,15,1743.059237
4.469606,16,1743.580723
0.272429,17,1744.122411
4.243651,15,1744.609892
4.08282,14,1745.069171
-0.604582,16,1745.567606
2.410057,11,1745.93342
4.431564,17,1746.457913
3.544155,14,1746.904372
4.007031,15,1747.371645
4.350275,16,1747.880594
4.917006,17,1748.413787
-0.741555,16,1748.92036
4.95335,18,1749.503087
4.439599,15,1749.990474
3.132675,12,1750.374864
5.000082,17,1750.926805
4.557578,16,1751.438186
3.389836,13,1751.835787
3.509675,12,1752.237219
4.393357,16,1752.7323
4.795035,17,1757.717194
3.085062,13,1758.132539
2.685084,12,1758.517351
4.184613,15,1758.99202
3.562712,14,1759.446383
3.367986,14,1759.910286
0.272264,16,1760.414775
4.3674,15,1760.88564
-0.699743,16,1761.403398
4.414748,16,1761.926891
3.94602,15,1762.415944
4.299267,16,1762.929655
3.140062,13,1763.35566
2.782639,12,1763.743012
4.122694,15,1764.226426
5.039648,17,1764.770101
4.616534,17,1765.311193
3.461571,14,1765.765433
4.084265,14,1766.2167
3.631699,14,1766.671729
-0.191339,17,1767.214178
3.88702,15,1767.69928
3.726327,14,1768.144983
4.85877,16,1768.670141
-2.113467,13,1769.080817
3.34349,13,1769.476857
3.545991,14,1769.922706
3.827174,14,1770.363201
4.722966,18,1770.942046
3.198287,13,1771.367163
3.278219,13,1771.765949
4.259748,15,1772.24057
3.60338,13,1772.652104
3.802735,15,1773.12364
2.923777,12,1773.512689
3.538178,15,1773.966132
4.482485,16,1774.466127
3.499104,13,1774.897242
4.408379,16,1775.407869
-0.538928,14,1775.861036
4.201992,16,1776.358072
4.042164,15,1776.843767
3.299987,14,1777.302785
3.775931,14,1777.769156
0.037808,17,1778.306551
4.364937,15,1778.793092
2.765387,12,1779.190382
-0.347715,16,1779.718581
3.569043,14,1780.155219
4.567655,17,1780.685289
4.274742,15,1781.176867
2.875704,12,1781.567871
4.909884,17,1782.131208
4.592747,16,1782.652393
3.819373,14,1783.112966
4.309304,15,1783.613249
3.724413,13,1784.039434
2.96143,12,1784.41564
4.115918,16,1784.91694
5.390336,19,1785.543988
-0.041064,17,1786.091813
4.296486,15,1786.576805
3.898998,14,1787.036604
3.71219,14,1787.493677
3.645173,14,1787.95857
-0.237509,17,1788.498417
-0.624285,16,1789.020854
-0.531823,16,1789.537545
3.297106,12,1789.93459
4.304515,15,1790.414656
4.010053,15,1790.895308
4.035833,15,1791.370878
3.707631,15,1791.856956
4.316992,16,1792.38959
-0.541272,15,1792.889256
3.411833,14,1793.365613
4.572628,16,1793.894855
5.248489,19,1794.522408
3.493226,14,1794.985625
3.817512,14,1795.444718
3.151989,12,1795.828217
3.515364,13,1796.26989
4.433159,15,1796.761554
3.367738,13,1797.205956
3.896584,15,1797.697009
3.893333,15,1798.191459
-0.971561,14,1798.647209
3.827922,15,1799.136976
4.032308,15,1799.653687
3.891241,14,1800.104372
5.164967,18,1800.686225
4.819771,17,1801.252798
-1.32786,13,1801.687634
3.838651,15,1802.157256
4.484022,16,1802.669659
4.307423,15,1803.139534
-1.101384,14,1803.590359
3.229558,13,1804.01728
3.410079,14,1804.472498
4.105488,15,1804.95731
2.037731,10,1805.269547
2.429204,11,1805.612625
4.202439,15,1806.080136
2.030945,10,1806.407088
3.995772,15,1806.887817
4.085121,16,1807.397914
4.267274,16,1807.907775
4.595563,16,1808.418133
0.196944,18,1808.996833
2.750734,12,1809.361851
3.138182,13,1809.788194
4.25942,16,1810.282673
5.208757,17,1810.821576
4.110649,15,1811.285257
4.595765,15,1811.765244
3.845376,13,1812.195356
3.261251,12,1812.564408
1.408743,9,1812.835768
3.952067,15,1813.303056
3.913731,15,1813.807908
5.686837,19,1814.407488
4.901792,17,1814.936568
2.277998,11,1815.30449
3.349423,14,1815.762168
4.699247,16,1816.272149
3.45586,14,1816.714739
3.984781,15,1817.200317
4.885205,18,1817.769667
3.564366,14,1818.221471
4.138671,15,1818.689033
3.913878,15,1819.167561
3.635983,14,1819.622227
4.199256,15,1820.098833
3.166944,13,1820.509563
3.945332,14,1820.970187
4.687211,17,1821.507471
2.910757,12,1821.874667
3.210848,13,1822.272723
3.15279,13,1822.686879
4.423197,15,1823.16843
-0.316631,17,1828.083344
4.163761,15,1828.565785
3.962908,14,1829.017868
4.234121,15,1829.484365
3.488796,14,1829.939822
4.690834,17,1830.48117
3.591554,14,1830.937449
2.293433,11,1831.276239
3.764652,14,1831.729757
0.391047,18,1832.312987
3.432429,13,1832.722581
3.990005,14,1833.162544
5.705414,22,1833.854907
3.29499,13,1834.251128
0.085649,17,1834.825225
3.500446,14,1835.264972
3.628521,14,1835.695367
4.554347,15,1836.177138
3.447457,13,1836.589721
3.869341,16,1837.100579
3.468776,14,1837.541355
3.972159,15,1838.01027
3.823332,14,1838.452787
3.610954,14,1838.89596
-0.651118,16,1839.404477
3.065342,13,1839.819708
-0.316539,15,1840.301867
3.721583,14,1840.753637
3.524432,14,1841.206696
3.458989,13,1841.631938
4.003881,14,1842.087152
3.716444,14,1842.542068
4.696324,16,1843.052498
1.431501,21,1843.717537
4.00026,15,1844.197946
4.521109,16,1844.706333
2.882945,12,1845.08836
3.488004,13,1845.513028
2.876128,12,1845.905795
3.791641,14,1846.356269
3.162814,13,1846.765624
2.189992,11,1847.133606
-0.642058,16,1847.627796
3.389403,13,1848.03571
2.74677,12,1848.418371
5.617922,19,1849.011293
4.509412,15,1849.489139
4.426927,15,1849.969966
3.265313,13,1850.396754
3.660649,14,1850.846739
5.357035,19,1851.454543
4.073024,16,1851.964576
4.259946,15,1852.427918
4.560233,16,1852.934206
3.822698,14,1853.386539
3.108496,13,1853.797528
4.579694,17,1854.346941
4.885178,18,1854.916441
5.077542,17,1855.440446
3.720836,14,1855.891477
3.643201,14,1856.349713
4.318234,16,1856.859573
2.466086,11,1857.226155
4.51971,15,1857.707276
3.254437,13,1858.105236
2.530941,11,1858.472535
3.761222,14,1858.924935
5.432014,18,1859.491149
4.295931,15,1859.961743
3.753581,15,1860.443484
0.197462,17,1860.996312
4.093441,15,1861.480626
4.443538,15,1861.962162
4.497778,16,1862.471448
0.059032,19,1863.078944
4.352021,16,1863.587402
3.585758,13,1864.00883
-0.571924,15,1864.491994
4.673667,19,1865.09096
3.341619,14,1865.533319
4.57924,17,1866.0718
5.855631,20,1866.706249
5.206865,19,1867.299768
3.97609,15,1867.763894
4.082025,15,1868.228014
2.899558,12,1868.609391
3.893754,14,1869.062658
-1.557267,13,1869.47279
4.196596,15,1869.958164
4.187931,15,1870.438256
4.532288,16,1870.945769
5.660831,20,1871.565633
5.046922,17,1872.102387
-0.859945,15,1872.581031
3.416113,13,1872.975343
3.406145,13,1873.36833
3.080517,13,1873.79188
4.013636,16,1874.286593
3.70503,14,1874.742741
5.287491,19,1875.366661
3.595286,14,1875.806701
2.995104,12,1876.180546
4.004082,14,1876.634191
3.789984,14,1877.086387
3.355622,14,1877.526867
3.588089,13,1877.936614
0.044662,17,1878.474566
3.576477,14,1878.913401
3.315001,13,1879.338589
2.795825,13,1879.766654
3.689125,14,1880.220625
-0.427279,16,1880.736079
3.029452,13,1881.134011
3.615776,15,1881.615714
3.657906,14,1882.069735
4.716631,18,1882.651418
-0.675754,15,1883.122202
4.330516,16,1883.647525
2.963959,12,1884.028153
4.469747,17,1884.535859
3.057052,13,1884.937618
3.348013,13,1885.351966
4.392419,16,1885.861521
4.277371,15,1886.341293
4.795919,17,1886.881852
-0.130061,17,1887.419363
4.358663,15,1887.90491
3.752685,14,1888.356804
3.650764,14,1888.808624
3.849802,14,1889.249064
3.499488,13,1889.676959
4.518172,16,1890.187595
3.88056,14,1890.626952
4.618394,16,1891.138106
3.868069,14,1891.588336
3.831581,14,1892.042671
-0.321636,16,1892.556073
3.32953,14,1893.007737
3.342912,13,1897.807906
3.403292,13,1898.216046
4.790493,16,1898.712881
3.379751,13,1899.12223
3.597402,14,1899.575517
3.681818,14,1900.019657
-0.104318,17,1900.541643
5.196784,18,1901.092259
3.919947,13,1901.503138
4.738333,18,1902.040632
4.313059,16,1902.537829
3.288228,13,1902.934705
-0.295105,17,1903.500982
2.747892,12,1903.870468
4.247316,15,1904.349459
3.847901,14,1904.806251
3.461668,13,1905.229123
4.118832,15,1905.719001
3.44687,13,1906.129959
6.26739,22,1906.83616
4.197294,14,1907.2889
3.815148,15,1907.754123
3.6316,14,1908.18328
3.652544,13,1908.580239
3.444673,13,1908.993681
3.411867,14,1909.449513
4.106945,16,1909.954224
3.239861,13,1910.383601
3.632342,14,1910.841214
0.064792,17,1911.382574
5.098325,17,1911.92447
4.253325,16,1912.45372
4.898083,18,1913.038069
3.686038,14,1913.494134
-0.952842,15,1913.964154
3.764105,14,1914.419535
4.697567,17,1914.950762
3.989196,15,1915.449575
3.459684,14,1915.891669
4.016219,15,1916.361283
2.920842,12,1916.745165
3.519547,13,1917.171242
4.554273,16,1917.699909
4.428812,15,1918.183489
2.736903,12,1918.56858
4.105658,15,1919.051981
4.443789,15,1919.53636
2.804189,12,1919.944246
3.452584,13,1920.373118
-0.236768,16,1920.889951
3.457915,14,1921.344864
3.625037,13,1921.756217
4.364592,15,1922.244296
4.743172,16,1922.770923
3.99019,15,1923.240966
2.700209,12,1923.626377
4.264094,16,1924.153445
3.774558,15,1924.638552
5.810879,20,1925.282666
3.706643,14,1925.740669
4.348669,14,1926.181457
4.328976,16,1926.693617
4.317282,17,1927.236903
3.815511,14,1927.68064
0.237005,17,1928.21014
5.025614,17,1928.753743
3.660851,14,1929.181736
4.763333,16,1929.68641
4.555087,17,1930.243088
4.911308,16,1930.761598
4.293938,15,1931.249043
4.521795,15,1931.731733
-1.383149,13,1932.145521
2.765253,12,1932.530515
3.925476,15,1933.012934
4.09632,15,1933.482716
2.674955,11,1933.839669
3.143008,13,1934.264709
4.890045,18,1934.841026
3.298651,14,1935.294854
3.753742,14,1935.739379
4.486069,16,1936.252031
5.022314,18,1936.831283
4.08085,14,1937.286241
5.074925,19,1937.898765
-1.015085,14,1938.341188
3.577977,14,1938.796253
3.326071,13,1939.209038
4.728073,18,1939.78353
3.77736,14,1940.224872
3.647899,13,1940.652488
3.010884,12,1941.034607
2.432045,11,1941.387512
4.980672,18,1941.955339
2.871808,12,1942.354206
3.566896,13,1942.781518
-0.924468,14,1943.220811
3.93749,16,1943.731387
2.878825,12,1944.129168
4.339071,16,1944.642236
3.791488,15,1945.128981
4.068429,15,1945.598141
3.985362,15,1946.084743
3.836718,15,1946.567905
4.235323,16,1947.078942
3.990986,15,1947.547767
4.092879,16,1948.075189
3.996793,15,1948.546953
4.434411,16,1949.042722
-0.482592,17,1949.584565
4.952961,17,1950.131645
-0.661573,15,1950.617927
4.601953,16,1951.12898
4.07146,15,1951.598284
-0.778642,15,1952.081331
4.391778,16,1952.594851
3.049251,13,1953.019833
-0.441493,17,1953.548353
4.306175,15,1954.033422
3.020692,12,1954.431587
3.640361,14,1954.875787
2.624274,12,1955.260779
3.843539,14,1955.701386
3.763303,13,1956.114416
4.559896,16,1956.626573
5.306727,18,1957.194057
3.713072,13,1957.605834
4.524829,16,1958.114223
4.74513,16,1958.623114
4.106326,15,1959.107024
4.02638,14,1959.542048
3.765438,14,1960.000065
3.461058,14,1960.455803
3.237289,12,1960.855426
3.461792,13,1961.277252
2.011453,10,1961.588012
-0.635139,16,1962.112049
4.480011,15,1962.593533
4.857998,17,1967.548089
2.928814,13,1967.961205
3.792499,15,1968.441995
4.116739,13,1968.866249
4.433327,17,1969.420757
3.859269,15,1969.907756
5.455209,18,1970.490846
3.789924,15,1970.959175
2.342624,11,1971.29985
3.960716,15,1971.770228
4.778475,18,1972.319197
4.469427,17,1972.859038
2.989726,12,1973.229187
3.862921,15,1973.696081
4.624274,17,1974.238398
3.755348,14,1974.692549
4.707934,16,1975.210078
4.436341,16,1975.711068
4.139417,15,1976.2062
2.732173,12,1976.576298
3.561266,14,1977.021719
3.516218,14,1977.465487
-1.17482,14,1977.924646
2.924197,13,1978.340363
4.101376,14,1978.797494
-0.879322,15,1979.272305
4.84405,17,1979.835828
5.027763,18,1980.407017
-0.818556,16,1980.915215
3.194664,13,1981.345317
3.371695,14,1981.803488
4.614834,16,1982.317592
4.535869,16,1982.840601
4.626513,15,1983.325718
5.122858,18,1983.897664
3.836866,14,1984.358331
3.737109,14,1984.808404
3.672864,14,1985.2794
-0.117268,17,1985.811666
3.862273,15,1986.280405
3.453056,13,1986.693542
4.645151,16,1987.206854
4.043274,15,1987.689831
3.351462,14,1988.129755
2.730458,12,1988.511786
4.179605,15,1988.993253
4.37719,16,1989.503921
3.923958,14,1989.963183
4.215435,16,1990.475593
-1.308805,14,1990.930942
4.194531,14,1991.385117
4.559739,15,1991.868484
4.167731,15,1992.353366
2.83429,12,1992.763339
-1.268718,14,1993.216676
2.657805,12,1993.607264
3.738081,15,1994.089854
3.817329,15,1994.562267
4.933864,19,1995.190106
4.897743,17,1995.751188
4.573339,16,1996.28681
3.801552,15,1996.794539
3.953649,15,1997.292057
4.276543,16,1997.801503
4.116313,15,1998.296461
3.550569,13,1998.740458
3.179381,13,1999.157096
4.346383,14,1999.626635
4.633533,18,2000.210905
3.315864,14,2000.681153
5.186181,17,2001.219881
4.107201,15,2001.712842
3.60508,14,2002.181501
3.09119,13,2002.625261
5.102421,19,2003.212367
3.63976,15,2003.685364
3.772959,14,2004.1412
3.143158,12,2004.554724
4.017231,15,2005.060525
3.824458,15,2005.551692
-0.764273,15,2006.039758
4.01936,16,2006.584463
4.607251,17,2007.135082
4.295753,16,2007.648184
5.1818,19,2008.241759
0.063414,18,2008.833187
3.986091,15,2009.327745
4.411214,16,2009.854418
4.702698,18,2010.440159
4.871453,17,2011.000834
0.164549,17,2011.554685
1.878995,10,2011.877975
4.072906,15,2012.37106
4.736198,18,2012.985421
2.838706,12,2013.368302
4.192189,15,2013.871258
3.454189,14,2014.343929
2.852878,13,2014.772926
-1.013825,15,2015.242313
0.11953,17,2015.800838
3.88783,14,2016.258418
4.993553,17,2016.79476
3.002633,13,2017.230849
5.347949,19,2017.878234
4.486544,17,2018.436612
3.741406,14,2018.90739
3.613349,14,2019.374493
3.799225,14,2019.847955
3.610702,14,2020.295974
-0.240128,17,2020.861
3.592092,13,2021.290485
3.371367,13,2021.710658
4.896181,19,2022.32455
3.560403,14,2022.795191
4.572729,17,2023.355729
5.078588,19,2023.999624
3.674915,15,2024.486791
5.510152,18,2025.09585
3.641127,13,2025.519664
4.477513,17,2026.085673
3.490816,14,2026.556548
4.350027,16,2027.083114
3.546663,14,2027.532507
2.506298,11,2027.890785
5.279234,18,2028.46243
2.973564,13,2028.884356
4.154423,15,2029.368882
4.657282,17,2029.940212
-0.53718,16,2030.470185
3.329443,13,2030.903639
4.780013,17,2031.456347
4.714521,17,2032.002306
4.279953,16,2032.518099
3.910389,14,2032.978411
4.467945,15,2033.464017
-0.638638,16,2033.987225
4.201318,16,2038.855012
5.397975,18,2039.449936
2.601589,12,2039.837813
4.198523,16,2040.35816
-0.095324,17,2040.914839
3.909604,14,2041.360237
5.822998,22,2042.066881
0.113393,18,2042.648006
4.324871,16,2043.153623
4.145294,16,2043.669902
3.76968,14,2044.111626
5.188296,18,2044.689886
4.867006,17,2045.251069
4.574616,17,2045.805751
5.276528,18,2046.402841
-0.171746,18,2046.977578
5.395698,18,2047.554708
3.627741,14,2047.999641
4.391517,17,2048.543979
3.65725,14,2048.99921
4.456552,16,2049.497523
5.360211,19,2050.098993
1.732863,9,2050.399664
3.70613,15,2050.89323
3.06351,13,2051.320662
5.479728,18,2051.906472
4.705436,18,2052.490002
-0.582073,16,2052.990874
3.251536,13,2053.390075
-0.874484,15,2053.879633
-0.995442,14,2054.336985
4.092105,15,2054.840996
4.410669,15,2055.309461
3.947632,16,2055.838061
3.547594,14,2056.281851
3.051965,13,2056.695839
3.522008,14,2057.149206
4.635957,16,2057.650975
4.265137,16,2058.163343
3.393393,13,2058.601067
4.230632,16,2059.100508
3.952323,15,2059.593305
4.445882,18,2060.188507
3.855054,15,2060.644807
4.743192,17,2061.22023
4.83509,18,2061.821944
2.219394,11,2062.173001
4.371864,16,2062.686052
0.007302,18,2063.24438
3.929549,13,2063.671577
3.802284,15,2064.171736
3.972594,14,2064.641976
4.094059,15,2065.127133
3.689038,14,2065.595405
3.455711,14,2066.057268
4.299692,16,2066.564631
5.023215,19,2067.175097
3.543225,14,2067.635118
3.211503,13,2068.05146
4.082497,15,2068.547094
5.51166,20,2069.173743
1.874284,10,2069.494569
4.460093,16,2070.020183
-1.089483,14,2070.488621
3.854832,15,2070.977429
3.99827,15,2071.472621
3.868267,15,2071.948159
3.619239,14,2072.404647
3.513475,14,2072.869084
3.715269,14,2073.333397
-0.661727,16,2073.863106
4.424355,16,2074.402009
3.406982,14,2074.861653
3.30048,14,2075.317861
4.127311,15,2075.79743
-0.48991,15,2076.270228
5.18175,18,2076.854005
4.13255,15,2077.332124
-1.77818,13,2077.742426
4.327591,16,2078.255067
4.027451,15,2078.723613
2.969478,13,2079.14229
3.47264,14,2079.598875
4.886154,17,2080.142283
4.697492,15,2080.62221
4.571225,18,2081.22432
2.747715,12,2081.581695
3.505792,14,2082.041716
4.167408,16,2082.549484
0.788579,20,2083.191164
3.672073,14,2083.649294
2.852019,12,2084.060716
3.06917,13,2084.499585
4.443624,16,2085.035532
4.067369,15,2085.535723
3.787819,14,2085.999391
3.392804,14,2086.44664
4.214112,16,2086.969865
4.655777,17,2087.523822
3.917503,14,2087.958561
3.251543,13,2088.39669
4.162894,16,2088.922549
4.218331,15,2089.41971
-0.466442,17,2089.987164
0.519038,18,2090.55938
3.559937,14,2091.040975
3.964682,16,2091.563873
-1.02919,15,2092.052948
4.515177,16,2092.589938
0.435823,19,2093.178915
3.588129,14,2093.626939
3.454563,13,2094.060115
4.197169,15,2094.536472
2.90653,12,2094.929133
3.672505,13,2095.33117
5.253269,18,2095.941736
-0.276696,16,2096.460017
5.242752,18,2097.044842
5.06217,17,2097.618305
4.274702,16,2098.140674
4.315581,17,2098.695832
4.766953,17,2099.240577
-0.024036,17,2099.798224
4.172328,15,2100.284951
3.774562,14,2100.73382
3.733294,15,2101.2159
3.391818,13,2101.64077
4.750426,17,2102.175949
3.865198,14,2102.638243
3.373412,14,2103.081798
3.73224,14,2103.532134
4.175085,16,2104.043481
-0.59928,16,2104.552374
4.33507,15,2109.415884
3.432861,13,2109.830442
-0.369507,16,2110.324828
3.702201,14,2110.775609
4.290384,16,2111.296706
3.448605,13,2111.705309
2.685393,12,2112.088205
4.301644,14,2112.537226
4.63752,17,2113.089259
-0.906999,15,2113.568251
4.112128,14,2114.016994
4.011181,14,2114.467201
4.283114,16,2114.981529
0.472048,18,2115.559607
3.517375,13,2115.967996
3.858695,14,2116.418998
4.555294,17,2116.955343
0.449967,18,2117.535337
3.570152,14,2117.989627
3.475638,13,2118.386606
4.629679,16,2118.911877
4.161551,16,2119.411336
2.746204,12,2119.791723
3.074736,12,2120.188674
-0.418954,16,2120.705748
4.335845,15,2121.173919
4.277554,16,2121.700815
0.000742,17,2122.24088
3.948507,14,2122.69483
3.533168,13,2123.107382
4.585979,16,2123.602186
4.777918,17,2124.154465
4.959327,17,2124.690768
4.140173,15,2125.167554
4.990285,17,2125.712641
3.188794,13,2126.139377
3.276698,13,2126.553374
4.154127,16,2127.067541
3.638492,15,2127.553321
4.408143,15,2128.029051
3.544901,13,2128.441832
6.047066,22,2129.141423
4.361,16,2129.648218
3.64649,14,2130.12602
4.479909,16,2130.64456
3.83359,14,2131.083225
3.556628,14,2131.523443
4.866668,18,2132.104875
4.357963,15,2132.571193
3.776067,14,2132.998781
2.839078,12,2133.394825
3.88594,14,2133.849375
4.176147,16,2134.359561
3.121074,13,2134.770703
4.047175,15,2135.247832
2.984239,12,2135.647898
3.96395,15,2136.131083
4.213231,15,2136.601861
3.170287,13,2137.028183
3.538169,14,2137.494917
4.444135,15,2137.962422
4.140566,15,2138.446265
4.017746,14,2138.900471
3.347124,14,2139.353905
-0.363522,16,2139.85901
3.859564,15,2140.34405
2.748757,12,2140.730481
3.477103,13,2141.157187
4.079289,15,2141.641351
3.416191,13,2142.068147
5.318151,19,2142.661855
4.516596,15,2143.14391
2.742582,12,2143.542285
3.362328,14,2143.999234
4.727491,16,2144.496123
3.865002,14,2144.942231
4.550414,17,2145.500019
5.310034,17,2146.043017
4.14937,15,2146.525367
3.501062,14,2146.979722
4.672344,17,2147.526449
4.397375,15,2148.024956
4.356646,17,2148.566128
3.077845,12,2148.939039
4.101662,15,2149.394325
4.914394,17,2149.937758
-0.239917,16,2150.438161
5.374115,17,2150.995574
4.377124,16,2151.506363
4.053568,14,2151.956894
3.482518,14,2152.419136
4.43949,15,2152.886502
2.836574,12,2153.27059
2.731124,12,2153.656199
4.489105,16,2154.16511
4.753904,15,2154.647549
3.31767,12,2155.034057
-0.158504,16,2155.547704
3.532779,14,2155.987596
4.411745,16,2156.497935
4.069993,14,2156.95164
4.001955,15,2157.434056
4.141197,15,2157.915602
4.287654,15,2158.379915
4.455521,16,2158.88797
2.713468,12,2159.255174
3.786945,15,2159.73431
4.204286,15,2160.218008
4.503696,17,2160.761153
3.68093,14,2161.214319
-1.029792,14,2161.651939
4.815135,18,2162.231169
4.025395,14,2162.667872
3.916448,14,2163.107841
4.217753,14,2163.53452
4.933258,16,2164.01862
4.329058,16,2164.529758
4.143771,15,2165.001916
3.446299,14,2165.424595
5.028402,18,2165.995488
2.948979,12,2166.362571
2.785666,12,2166.745538
3.542055,14,2167.198473
4.856371,16,2167.693327
3.07259,13,2168.102946
3.859221,14,2168.540654
3.615618,14,2168.979449
3.595972,13,2169.390496
0.113537,17,2169.963622
3.067578,13,2170.376711
4.141285,15,2170.862301
1.653502,9,2171.130112
4.42591,15,2171.597156
-0.90988,15,2172.095835
3.579182,14,2172.547046
4.467598,15,2173.02783
3.028144,12,2173.41057
3.836763,15,2173.891531
4.106926,15,2174.372194
4.940163,18,2179.35639
4.81907,18,2179.945751
3.856845,14,2180.399197
4.885584,17,2180.938984
3.617767,14,2181.393918
3.547816,14,2181.848306
-0.125835,16,2182.356288
3.314409,13,2182.782042
0.351427,19,2183.378452
-0.276437,18,2183.930562
4.851901,17,2184.454157
3.78825,14,2184.893453
2.930592,13,2185.304783
4.889143,17,2185.845603
4.533573,15,2186.312774
0.164219,17,2186.851328
3.480941,14,2187.291816
3.263002,12,2187.688955
4.004597,15,2188.154309
4.30183,15,2188.621172
4.750572,18,2189.216088
4.111105,15,2189.682648
4.212892,15,2190.169244
3.886473,15,2190.625561
2.779207,12,2190.995842
3.579111,13,2191.407623
3.665384,14,2191.846509
3.586708,14,2192.299077
4.487325,17,2192.837831
3.264855,13,2193.259984
4.173963,14,2193.714941
4.742841,17,2194.23752
3.801877,14,2194.689745
3.951736,15,2195.160701
3.188579,13,2195.58921
4.8672,17,2196.128164
5.062555,16,2196.639674
4.403224,15,2197.107465
4.074037,15,2197.573851
2.379438,11,2197.941085
4.359335,15,2198.421427
3.962451,14,2198.861893
3.194897,13,2199.271077
-0.541753,16,2199.767656
5.072894,17,2200.340855
3.408197,14,2200.768288
4.034235,16,2201.290341
4.841565,16,2201.783485
4.106779,15,2202.249991
2.824535,13,2202.675107
4.192503,15,2203.158189
5.009449,16,2203.667076
3.947382,15,2204.134318
5.220936,19,2204.747495
-0.669113,15,2205.23555
-0.2472,17,2205.777713
3.761735,14,2206.231454
0.251751,16,2206.741021
3.635738,13,2207.159275
2.8565,12,2207.528587
4.950532,16,2208.023737
4.896357,17,2208.588327
4.258714,16,2209.113021
4.497964,15,2209.582244
2.76091,12,2209.960417
5.131646,17,2210.510932
3.373617,13,2210.909864
3.827517,15,2211.391105
4.420589,16,2211.89015
4.171041,15,2212.355809
4.095418,15,2212.811837
3.545529,13,2213.214364
4.941068,16,2213.720695
3.763963,14,2214.160415
4.341458,16,2214.686527
3.674189,14,2215.134783
4.01918,15,2215.603307
5.080107,18,2216.184861
3.787356,14,2216.608701
4.765359,17,2217.148008
4.308104,16,2217.657831
3.697914,13,2218.081562
4.646138,18,2218.664
3.213724,13,2219.076984
4.176599,15,2219.557178
3.66647,14,2220.003383
4.051542,15,2220.472198
4.130933,16,2220.987332
-0.577256,14,2221.44164
5.240413,17,2221.977612
3.562641,14,2222.417523
4.371656,16,2222.926961
4.897602,17,2223.463002
3.864391,15,2223.9299
4.043606,15,2224.396697
4.735456,15,2224.863626
3.323105,13,2225.26876
4.582923,15,2225.751389
3.121443,13,2226.158769
3.301422,14,2226.608264
-0.83362,14,2227.030322
3.908976,14,2227.482474
4.053861,16,2227.975125
5.141295,17,2228.508996
4.159354,15,2228.987966
3.950821,15,2229.466039
3.066211,13,2229.887264
3.73121,14,2230.329287
3.935885,15,2230.798024
2.991161,13,2231.225735
4.242881,15,2231.705708
4.133659,15,2232.171779
3.692888,13,2232.580772
3.395993,14,2233.033523
0.30737,18,2233.599466
3.20349,13,2234.022471
4.86902,16,2234.530541
3.379428,13,2234.94072
4.138408,16,2235.436909
4.323785,15,2235.903402
3.64382,14,2236.340719
4.41728,16,2236.849574
4.254625,16,2237.360404
4.208129,17,2237.911323
4.598706,17,2238.450356
4.296829,15,2238.932002
3.847738,14,2239.385506
4.254021,16,2239.892694
3.733668,15,2240.377121
3.361353,13,2240.787946
4.52466,16,2241.282937
4.508747,17,2241.818413
5.173385,18,2242.395945
-0.335832,16,2242.90718
3.902464,14,2243.359642
2.836801,11,2243.69694
3.983645,13,2248.552486
5.502592,21,2249.213653
4.85609,18,2249.779834
-1.268524,14,2250.221186
4.515705,16,2250.743243
3.946114,15,2251.224114
3.712472,15,2251.691364
4.39369,15,2252.172287
4.416107,16,2252.678665
4.389345,16,2253.200231
4.227611,15,2253.66751
3.861788,15,2254.148355
4.613288,17,2254.682971
0.231861,18,2255.236307
4.031609,15,2255.717169
4.804093,18,2256.28216
4.500935,16,2256.777446
4.262582,15,2257.241076
5.242916,18,2257.821007
3.639561,14,2258.273297
3.831272,14,2258.725299
3.956467,15,2259.193738
1.521489,9,2259.490127
3.919056,15,2259.957182
4.913193,18,2260.523765
3.852014,15,2260.991856
-0.957525,15,2261.458724
4.149141,15,2261.92374
4.612968,16,2262.418839
0.326124,18,2262.984444
3.880741,15,2263.462923
4.162763,14,2263.901089
3.441804,14,2264.33915
4.46763,16,2264.86191
3.362241,13,2265.260006
3.410382,13,2265.674992
-0.915565,14,2266.111752
4.016726,16,2266.622518
3.72004,15,2267.106469
4.392889,16,2267.629858
3.735894,14,2268.08344
-0.008273,19,2268.678078
-0.274907,15,2269.146401
5.604687,19,2269.74101
4.975114,17,2270.285307
4.956539,18,2270.871024
4.843477,18,2271.436595
3.3462,13,2271.834511
4.55713,17,2272.370823
3.879651,15,2272.851822
4.713419,17,2273.404135
3.117142,13,2273.812306
3.408505,14,2274.263869
5.139722,18,2274.82731
3.607824,14,2275.266414
3.548889,14,2275.718127
4.656188,16,2276.227337
3.604345,14,2276.667938
4.304956,15,2277.146297
4.707101,16,2277.654579
3.711137,15,2278.121109
3.11111,14,2278.574706
0.594053,21,2279.239084
4.716762,16,2279.746996
5.132884,18,2280.332772
4.019218,14,2280.776038
4.275267,16,2281.275149
4.145432,15,2281.758942
4.532207,17,2282.283979
-0.107668,17,2282.818255
5.192057,18,2283.382738
2.799639,12,2283.767129
4.155727,15,2284.24673
4.421311,15,2284.730531
3.512566,14,2285.187585
-0.21532,17,2285.731537
3.625631,14,2286.172938
4.193185,14,2286.627386
3.035102,12,2287.010262
3.21897,13,2287.424307
3.582139,14,2287.880486
4.223113,15,2288.347788
-0.46179,16,2288.843021
3.47408,13,2289.240515
2.95793,12,2289.625092
4.461604,16,2290.129319
4.798983,17,2290.672096
3.552876,15,2291.140451
4.113847,15,2291.623972
3.736692,15,2292.106105
3.69621,14,2292.547413
4.905052,17,2293.086531
4.903879,18,2293.668058
3.801757,14,2294.108939
4.565365,18,2294.674613
4.010719,15,2295.149325
-0.65434,16,2295.674322
3.255559,14,2296.113684
3.272758,13,2296.53665
0.166053,16,2297.04445
3.444418,14,2297.482355
3.575375,14,2297.907191
3.413956,13,2298.291147
4.214445,15,2298.760632
3.979732,15,2299.214396
4.066954,15,2299.680321
3.920526,14,2300.12412
3.971218,14,2300.575585
4.562695,18,2301.144295
3.149509,12,2301.52945
2.652551,12,2301.910844
0.159342,16,2302.408413
3.637115,15,2302.876492
4.100676,15,2303.356364
3.743244,15,2303.822319
4.013046,16,2304.305335
3.150467,13,2304.719625
4.943226,16,2305.232562
3.901567,15,2305.717435
3.990014,14,2306.173941
4.234895,14,2306.614741
2.890856,13,2307.040365
3.541938,14,2307.495622
4.4874,17,2308.037526
4.350581,17,2308.561306
3.099246,13,2308.959441
3.332404,14,2309.414003
3.732885,15,2309.88261
4.636981,16,2310.401308
0.189553,17,2310.941848
4.312396,16,2311.451578
4.405105,15,2311.933972
4.266476,15,2312.41495
5.201941,19,2313.012026
4.11182,16,2317.976528
3.911973,15,2318.458672
4.271283,15,2318.941823
3.819326,14,2319.394544
-0.232266,18,2319.962024
4.227444,15,2320.454993
4.513938,16,2320.966264
3.597225,14,2321.423929
4.8339,17,2321.977665
5.585002,20,2322.587981
4.750928,17,2323.114725
3.460029,13,2323.535583
-1.019116,16,2324.04385
4.181489,16,2324.553628
3.376622,14,2324.993168
4.293931,16,2325.507865
3.058182,13,2325.932849
4.947063,16,2326.441925
3.616247,13,2326.865664
5.137645,17,2327.402718
2.905718,12,2327.771074
3.865172,15,2328.237663
4.519341,17,2328.764218
-0.632926,15,2329.219938
3.849745,14,2329.658632
5.037423,17,2330.202871
5.158795,20,2330.829332
3.013544,13,2331.240684
4.486047,16,2331.750701
0.768658,20,2332.375683
4.389721,15,2332.857376
4.823875,17,2333.380408
3.923907,14,2333.818551
-0.149194,18,2334.400939
4.36754,16,2334.910639
-0.647278,16,2335.410047
3.478118,13,2335.836699
3.618645,15,2336.322115
5.387408,22,2337.032025
3.260342,13,2337.430398
-0.380829,16,2337.928209
3.824672,14,2338.36842
3.969164,16,2338.849384
3.516792,14,2339.302721
3.432585,14,2339.755631
3.791664,14,2340.213554
4.351836,16,2340.740315
3.314273,13,2341.136545
3.484381,14,2341.59161
0.062682,19,2342.187644
5.012256,17,2342.725892
4.25225,16,2343.252798
3.852696,14,2343.690161
-0.881846,15,2344.158171
3.27696,14,2344.595585
4.061255,16,2345.096336
2.740905,12,2345.492112
3.886179,15,2345.973251
4.220278,15,2346.455418
4.411424,17,2346.991075
3.030683,13,2347.399287
4.070311,16,2347.909791
-1.237411,14,2348.344676
3.213554,13,2348.7585
2.855304,12,2349.138425
4.748587,17,2349.663103
5.214225,18,2350.264865
4.165591,15,2350.72173
3.657302,15,2351.206096
3.900465,14,2351.660781
2.541765,12,2352.043066
4.554419,16,2352.553278
3.779355,15,2353.037733
5.235616,18,2353.623492
3.415137,13,2354.035268
4.329139,17,2354.575185
4.073215,14,2355.014898
3.638781,15,2355.504056
-0.854589,16,2356.035599
4.154677,16,2356.546634
4.536487,15,2357.032655
3.513293,14,2357.487055
-0.266967,17,2358.026551
5.200048,19,2358.637937
3.930542,16,2359.136706
4.605596,18,2359.702793
5.208068,20,2360.350463
3.635332,14,2360.80616
4.095968,15,2361.288835
0.061149,17,2361.827799
4.191423,15,2362.295611
4.226266,16,2362.807246
4.448334,15,2363.290833
4.00056,15,2363.774743
4.28738,16,2364.285233
3.046246,13,2364.696329
3.156456,13,2365.125714
4.091771,15,2365.60899
3.910387,14,2366.049351
3.836124,14,2366.48873
4.292861,16,2367.012159
4.278751,16,2367.509161
5.730958,22,2368.178369
5.151323,18,2368.775213
3.255587,13,2369.18746
2.172134,11,2369.5377
-0.055655,17,2370.072856
2.881106,12,2370.470127
4.198912,15,2370.954048
3.423522,13,2371.378292
5.688544,21,2372.045875
3.704778,15,2372.526978
2.645043,11,2372.895303
3.931029,15,2373.377222
2.741795,13,2373.788134
3.754334,14,2374.227481
-0.681628,16,2374.722577
-0.59392,16,2375.242404
3.842228,14,2375.696906
4.518718,17,2376.249126
3.350087,14,2376.687833
4.10153,15,2377.155548
-0.011664,17,2377.698463
4.605402,17,2378.250299
5.352055,19,2378.844041
3.498539,14,2379.299343
5.52508,20,2379.93691
-1.005191,15,2380.412067
-0.694674,15,2380.900853
4.06533,14,2381.328092
2.586726,12,2381.725124
2.949435,13,2382.150071
5.317805,20,2382.774147
3.591994,14,2387.64303
2.906705,12,2388.040934
3.880217,14,2388.481595
3.968616,14,2388.939808
4.286586,16,2389.450989
4.652532,18,2390.018494
4.835382,16,2390.537369
3.030182,13,2390.965548
4.715943,17,2391.505886
-0.851702,15,2391.987234
4.361171,15,2392.455763
4.45409,16,2392.952442
3.361703,14,2393.393107
6.706203,25,2394.196838
4.12607,16,2394.703913
4.574265,16,2395.218783
4.357214,15,2395.689032
4.078996,14,2396.126676
4.992297,19,2396.73654
3.957889,15,2397.187438
-0.178264,15,2397.655144
4.079531,15,2398.122214
3.191915,13,2398.531791
4.724848,17,2399.081753
5.138351,19,2399.67267
3.95832,15,2400.162488
4.534409,16,2400.670827
3.791658,14,2401.125323
3.89766,15,2401.593125
3.425532,14,2402.031744
3.383204,14,2402.471134
4.791668,18,2403.054299
3.706815,15,2403.537113
0.351867,18,2404.103884
4.437629,17,2404.644465
3.703191,15,2405.13016
3.491452,14,2405.582971
4.16801,15,2406.054922
4.941899,18,2406.610938
4.666993,18,2407.177759
5.103206,20,2407.803172
3.690376,14,2408.242416
3.867866,15,2408.723487
3.514936,14,2409.148522
-0.423647,16,2409.643599
3.673865,13,2410.055616
3.973322,15,2410.544948
3.7984,15,2411.031296
3.794978,15,2411.51381
4.707957,16,2412.010477
4.352483,16,2412.52149
2.935163,13,2412.94724
-1.059471,15,2413.429457
3.385879,13,2413.840297
3.803111,15,2414.321977
4.411315,17,2414.874415
2.933485,13,2415.286645
3.72842,14,2415.72826
4.313993,15,2416.213564
4.736033,17,2416.750496
4.484024,16,2417.262902
3.180168,13,2417.68789
5.635975,19,2418.283379
3.401822,13,2418.709799
4.735309,17,2419.235487
3.156845,13,2419.631789
4.280305,15,2420.100184
2.935739,13,2420.499145
2.307152,11,2420.85643
4.200041,16,2421.372009
4.03013,15,2421.855001
3.563563,14,2422.294151
4.0773,15,2422.763303
4.068059,15,2423.247566
3.360589,13,2423.660472
4.570414,16,2424.175145
4.184105,16,2424.687876
4.638396,18,2425.27584
4.613212,16,2425.775359
4.225851,15,2426.259207
4.225945,16,2426.773796
-0.371235,17,2427.301649
4.423286,15,2427.78549
3.172935,13,2428.197762
4.037266,15,2428.664516
5.127504,19,2429.263091
5.353192,19,2429.886334
3.825894,15,2430.360654
4.107488,15,2430.848874
3.533599,13,2431.262707
3.043921,13,2431.676527
4.398533,16,2432.187981
4.953406,17,2432.72885
-0.604901,15,2433.21302
5.363968,20,2433.824059
4.125725,15,2434.306389
3.905534,15,2434.786235
4.406406,17,2435.330442
4.64048,16,2435.843602
4.263562,16,2436.354197
4.559729,17,2436.896099
2.824409,12,2437.279463
-0.36724,17,2437.805251
2.678455,12,2438.173225
3.767117,16,2438.681773
4.270791,16,2439.178982
3.380213,13,2439.602734
4.377153,16,2440.118958
2.355845,11,2440.475949
3.613058,14,2440.917897
3.749614,15,2441.401335
4.856836,17,2441.939666
-0.402282,16,2442.448645
3.764573,14,2442.887673
4.790986,17,2443.423922
4.677195,17,2443.964014
4.526398,16,2444.473658
3.182011,13,2444.89645
1.933941,10,2445.229114
5.096469,18,2445.803772
4.915396,18,2446.372348
4.378797,16,2446.880465
4.048754,14,2447.306153
3.718578,14,2447.734574
-0.066848,16,2448.246583
4.386029,16,2448.75797
3.658227,15,2449.240031
5.888688,22,2449.938497
4.507809,17,2450.486761
4.363557,15,2450.975111
3.945285,15,2451.44548
3.521459,14,2451.89977
-0.134129,18,2452.481475
0.003659,19,2457.467826
3.147652,12,2457.85374
3.492807,14,2458.308341
4.392934,17,2458.849943
5.086231,17,2459.404321
-0.13841,18,2459.973446
3.973502,15,2460.464751
4.234511,15,2460.93885
3.993208,15,2461.409806
4.762858,18,2461.980274
3.254385,13,2462.378968
3.719298,15,2462.836931
4.129536,15,2463.307979
4.344749,16,2463.821304
4.771853,18,2464.389243
4.888749,16,2464.88876
3.973698,15,2465.362189
4.560005,17,2465.889811
3.925907,15,2466.373374
2.921453,13,2466.801587
4.604018,17,2467.331789
3.847958,15,2467.816312
3.514571,14,2468.242381
4.031287,15,2468.709835
4.132982,15,2469.195369
4.521635,16,2469.709843
4.442063,17,2470.255404
4.249334,16,2470.767987
4.470679,16,2471.279613
3.894607,15,2471.737536
2.652432,12,2472.120403
5.156576,17,2472.658444
4.33362,16,2473.171364
3.2778,13,2473.583466
3.46464,14,2474.009369
5.108883,19,2474.593353
3.208422,13,2474.993076
3.303517,13,2475.398789
5.065549,20,2476.056529
5.848025,21,2476.682164
0.238842,18,2477.253683
4.335329,16,2477.768796
4.997927,19,2478.369112
4.718401,16,2478.883334
5.273523,20,2479.524077
4.227423,16,2480.037753
5.023692,18,2480.626512
-0.282169,18,2481.197033
4.703741,16,2481.709464
3.993415,15,2482.192796
4.961595,18,2482.777948
4.869197,17,2483.305515
3.363981,12,2483.69139
3.620183,14,2484.131432
2.840995,13,2484.543572
3.798013,15,2485.015493
4.101317,16,2485.531155
0.402299,20,2486.161273
3.351279,13,2486.558244
3.970684,14,2487.013376
4.443079,16,2487.50009
4.765786,16,2488.013682
4.130377,15,2488.499037
4.619426,17,2489.039613
3.767672,14,2489.481493
-0.749347,16,2489.995093
3.775477,15,2490.47932
5.130473,19,2491.078875
-1.14269,14,2491.534542
4.452154,16,2492.059506
-0.985076,15,2492.524463
3.577395,15,2492.99175
-0.0472,17,2493.545401
4.819275,18,2494.112533
3.449305,14,2494.540534
3.247183,13,2494.953314
4.016965,15,2495.428207
3.344461,13,2495.839884
4.00867,16,2496.347075
4.474807,16,2496.855486
3.307738,14,2497.308622
5.021581,18,2497.877233
5.071266,19,2498.470263
3.924085,14,2498.909081
4.256291,16,2499.421183
-0.322466,17,2499.957356
4.904703,18,2500.527738
3.419439,14,2500.969543
4.130175,15,2501.450016
-0.941565,15,2501.933159
4.09115,15,2502.414093
4.999683,19,2503.008891
2.827449,13,2503.416758
3.714234,15,2503.900177
4.528495,16,2504.412028
4.740458,16,2504.919815
5.390224,19,2505.521357
3.817397,15,2505.997947
3.333305,13,2506.407969
3.470655,14,2506.862506
4.288351,16,2507.372813
4.594816,16,2507.88806
4.709599,18,2508.457925
4.455643,15,2508.927381
3.080931,13,2509.341127
4.443294,16,2509.839575
4.922742,17,2510.384673
3.067596,13,2510.799318
2.835341,12,2511.170579
4.084931,16,2511.669365
4.310787,16,2512.181914
3.86864,15,2512.6649
5.163606,18,2513.232943
2.801013,12,2513.628121
3.682716,14,2514.071038
4.697784,16,2514.582689
4.956001,18,2515.15228
4.194593,15,2515.626732
4.547039,16,2516.138609
3.605906,15,2516.609872
4.09774,16,2517.112465
5.006168,18,2517.708383
3.346685,14,2518.151439
4.147655,16,2518.664792
4.197068,15,2519.149973
4.699492,18,2519.703688
3.273324,13,2520.116804
3.373157,14,2520.567061
5.265239,19,2521.187225
4.07018,15,2521.670185
2.670703,12,2526.507565
3.582784,14,2526.965139
4.649712,18,2527.535929
4.525368,17,2528.093361
-0.560532,16,2528.606803
4.49943,17,2529.135592
4.199797,15,2529.606417
3.683475,15,2530.076659
3.860625,15,2530.578151
4.557651,17,2531.126793
4.019957,14,2531.569839
5.550193,21,2532.226446
3.959659,15,2532.711668
-0.384319,17,2533.254894
4.553363,18,2533.824261
3.347961,14,2534.282473
2.82666,13,2534.696476
3.787407,15,2535.182925
4.473855,16,2535.700212
5.307154,22,2536.416143
4.465882,16,2536.914852
4.348204,16,2537.430496
-0.558933,18,2537.983996
0.254112,19,2538.570109
3.500495,14,2539.028022
3.132864,14,2539.481999
4.704676,18,2540.049454
4.013523,16,2540.565969
2.283887,11,2540.909856
3.992982,16,2541.436491
4.819365,18,2542.00269
3.165184,14,2542.441432
4.586419,17,2542.979137
3.924525,14,2543.418083
3.675668,15,2543.899393
3.241588,13,2544.282797
5.676159,22,2544.975457
3.508986,13,2545.390442
4.400779,15,2545.862654
3.317894,14,2546.303941
4.262301,16,2546.815041
3.032738,13,2547.226581
3.335865,14,2547.677952
4.247528,17,2548.203858
3.698333,14,2548.657953
4.623021,18,2549.210222
4.124521,15,2549.690649
3.584677,14,2550.118203
4.088616,16,2550.622375
3.079392,13,2551.021865
4.938568,18,2551.586054
3.672913,14,2552.037997
4.450873,16,2552.548649
4.622829,17,2553.102305
4.231894,15,2553.570199
3.913623,15,2554.038263
4.143717,15,2554.519625
-0.684395,15,2555.004302
4.177332,16,2555.535816
5.399459,20,2556.161609
3.23263,14,2556.601676
3.443688,14,2557.055531
4.559367,17,2557.593885
3.969915,16,2558.091727
4.181733,15,2558.559645
0.683853,22,2559.242849
3.63563,15,2559.724849
3.721985,15,2560.211412
3.260581,14,2560.652728
4.736752,18,2561.221004
3.188264,13,2561.619808
-0.421573,17,2562.17292
4.380079,16,2562.698768
4.876583,19,2563.29422
3.498953,14,2563.73139
3.23753,13,2564.140903
3.408218,14,2564.595635
5.822836,20,2565.218817
3.776046,15,2565.686884
5.502526,22,2566.381457
4.378796,17,2566.918215
5.454384,20,2567.553098
3.033352,13,2567.963509
5.474485,20,2568.585842
4.559976,17,2569.122355
-0.499896,17,2569.656482
3.94531,15,2570.121079
4.034402,15,2570.594832
5.06048,17,2571.119197
-0.707238,16,2571.613282
4.194153,16,2572.122766
5.183441,20,2572.758282
5.196672,19,2573.354069
4.405502,15,2573.831487
2.961553,13,2574.228058
3.30844,14,2574.65195
4.198681,16,2575.174454
3.448464,14,2575.603279
3.592579,14,2576.059952
4.764524,17,2576.612237
4.568776,18,2577.177756
3.634651,14,2577.604373
5.443653,20,2578.244464
4.455022,16,2578.73931
3.640686,15,2579.235336
4.149321,16,2579.745751
4.296696,16,2580.244075
4.050428,15,2580.724804
3.773531,14,2581.157238
3.163623,13,2581.584907
3.940803,15,2582.066678
3.226607,14,2582.521155
4.302708,16,2583.031843
4.325425,16,2583.542996
4.842522,18,2584.110506
4.709457,17,2584.64708
5.270726,19,2585.244608
5.59395,21,2585.900887
4.735509,19,2586.485654
1.141654,22,2587.177677
3.741478,14,2587.61821
3.992367,16,2588.129931
3.078647,13,2588.55471
4.402645,16,2589.062814
4.581702,18,2589.62559
2.886066,13,2590.049496
3.565349,15,2590.523216
3.987179,16,2591.036163
4.416162,17,2595.949584
3.909997,15,2596.417602
4.792341,18,2596.986202
5.019275,18,2597.536273
4.947374,19,2598.147231
3.893326,14,2598.570241
5.307763,19,2599.190799
-0.089452,18,2599.761667
4.930774,20,2600.393593
4.543719,16,2600.908705
-52.142588,176,2606.310918
-0.566747,17,2606.841526
4.925571,19,2607.435191
4.210134,15,2607.904086
3.686255,15,2608.387295
4.405442,16,2608.90045
5.468566,21,2609.56683
3.836611,14,2610.020494
-0.782419,16,2610.537942
5.373524,20,2611.164307
4.745513,17,2611.686659
-0.357768,16,2612.196856
3.360876,14,2612.651117
3.534218,14,2613.090871
-0.556706,17,2613.62853
4.345861,17,2614.168702
3.920889,15,2614.652305
2.917998,12,2615.034311
2.978576,13,2615.451183
5.12091,19,2616.064903
4.044453,16,2616.576071
4.967124,19,2617.170707
4.174273,17,2617.710584
4.245983,15,2618.186404
5.309468,21,2618.835359
5.552894,21,2619.518043
4.040924,15,2619.986446
4.316408,16,2620.507691
3.596867,14,2620.961382
4.116991,16,2621.457502
4.334634,16,2621.957975
2.81449,13,2622.383959
4.806464,18,2622.950264
4.151146,15,2623.421158
4.111312,16,2623.933611
3.43141,14,2624.389914
0.336395,18,2624.959354
4.658295,16,2625.476433
4.666708,18,2626.037475
3.172858,14,2626.479807
4.172129,16,2626.980033
3.684473,15,2627.453194
4.386378,16,2627.950622
0.124748,19,2628.565357
3.720298,14,2629.006636
4.280201,17,2629.548599
-0.644024,16,2630.063822
3.050956,13,2630.498494
3.839508,16,2631.002208
4.062325,15,2631.473802
3.494433,14,2631.931084
4.206955,15,2632.402281
4.934452,18,2632.971655
2.662318,12,2633.342221
3.93474,16,2633.85574
3.663459,14,2634.298635
-0.165959,18,2634.883061
4.228612,17,2635.42641
0.153254,19,2636.029051
-1.265178,15,2636.513794
3.514441,14,2636.938065
4.009887,15,2637.42128
2.632568,12,2637.818873
3.235567,14,2638.275488
0.026808,17,2638.83029
5.110083,18,2639.38298
3.765853,15,2639.882066
4.230867,16,2640.383845
3.507682,15,2640.838972
4.786462,17,2641.384264
4.078325,17,2641.911022
-0.145994,18,2642.480759
4.402053,17,2642.992083
4.120311,16,2643.508182
4.458008,17,2644.049325
3.792711,14,2644.490589
4.131746,16,2644.984912
4.968548,18,2645.564744
4.297026,16,2646.081887
4.398464,17,2646.59549
3.606173,15,2647.079196
4.666297,17,2647.606409
3.882117,15,2648.07845
4.966319,17,2648.621684
4.622173,18,2649.196351
3.436905,13,2649.610609
3.760267,15,2650.097414
3.010166,13,2650.532368
4.794843,17,2651.066306
4.704939,18,2651.653788
4.777475,17,2652.184124
4.291631,16,2652.700079
3.049686,13,2653.114096
4.742918,16,2653.629647
5.179429,19,2654.230478
4.153158,16,2654.743005
-0.288288,17,2655.289159
4.088631,16,2655.80492
3.555963,14,2656.254591
3.80807,15,2656.725528
4.949077,19,2657.324083
4.916136,19,2657.938908
2.589864,12,2658.323071
4.465623,17,2658.864619
3.057274,13,2659.265234
3.402952,14,2659.721586
3.615703,15,2660.208677
3.37925,14,2665.047534
3.910481,15,2665.526841
3.737955,15,2666.00082
5.181268,19,2666.601068
4.65632,17,2667.158163
3.361295,14,2667.599548
4.337281,17,2668.14349
4.343096,16,2668.657842
4.699799,18,2669.227304
5.152048,20,2669.851159
3.345395,14,2670.292241
3.840921,14,2670.71962
3.626587,14,2671.174226
4.076313,15,2671.657288
4.501123,16,2672.167198
4.727134,17,2672.720783
3.371169,14,2673.147598
3.677247,15,2673.615189
3.729517,15,2674.097142
3.259534,14,2674.550886
3.858241,15,2675.030279
4.695769,18,2675.590609
5.442653,20,2676.230588
3.680053,15,2676.712308
3.280372,14,2677.153671
3.930388,14,2677.596291
3.767566,15,2678.063409
5.122693,19,2678.65845
4.577947,18,2679.241513
4.39006,17,2679.781027
4.927,19,2680.384352
3.1361,13,2680.794611
4.355097,17,2681.32562
3.351556,14,2681.765552
4.864878,18,2682.319715
-0.149294,18,2682.887961
3.712193,15,2683.370898
2.473688,12,2683.755925
4.998213,20,2684.396397
3.99751,16,2684.908701
5.494279,20,2685.53892
3.851274,15,2686.024078
4.192663,16,2686.539105
3.625885,15,2687.023842
3.796816,15,2687.506719
3.847253,15,2687.988246
3.366971,13,2688.398968
3.483012,14,2688.825428
4.348486,17,2689.353023
3.682652,15,2689.83524
3.955809,15,2690.319761
3.579941,13,2690.730845
0.369848,20,2691.375209
4.747506,17,2691.901571
6.0757,22,2692.566846
3.790097,16,2693.078093
3.846899,15,2693.561863
4.441048,18,2694.128633
4.373225,16,2694.635062
5.23748,20,2695.243476
3.450578,15,2695.71673
4.334954,16,2696.228072
3.821895,16,2696.723143
3.581914,15,2697.204016
3.432194,14,2697.642177
3.882683,15,2698.124874
4.126788,16,2698.633738
3.661719,14,2699.071301
-0.418882,17,2699.612104
3.966423,16,2700.124717
4.172645,17,2700.668234
4.408998,17,2701.224653
3.837714,15,2701.707964
3.887516,16,2702.218759
2.882188,13,2702.630711
2.712199,13,2703.040751
2.766854,13,2703.455137
5.371162,19,2704.056026
3.657651,15,2704.526721
4.357899,16,2705.038373
-1.480811,14,2705.500235
4.630649,18,2706.077084
3.644908,15,2706.547267
2.472971,12,2706.9466
4.463984,18,2707.516639
4.137204,16,2708.015265
3.187656,13,2708.428045
5.790835,22,2709.099427
3.613402,14,2709.538511
4.609691,17,2710.064106
4.002012,16,2710.554848
4.70002,18,2711.11339
3.896556,15,2711.568414
4.787739,17,2712.078549
4.879124,18,2712.630644
4.180778,16,2713.128876
4.849827,19,2713.739209
-1.068965,15,2714.221008
3.599581,15,2714.688381
5.645491,20,2715.331124
4.309186,17,2715.87221
2.760793,12,2716.241055
3.348492,14,2716.663942
4.468517,18,2717.231868
3.105355,13,2717.629403
3.833024,15,2718.09582
4.123965,17,2718.630407
4.369614,17,2719.153431
2.908732,13,2719.565424
3.099651,13,2719.975056
4.922253,19,2720.573458
2.314271,11,2720.928737
4.541498,18,2721.497029
3.738425,14,2721.936822
-0.098967,19,2722.531641
4.139893,16,2723.05409
3.775517,15,2723.538146
-0.583087,16,2724.047017
0.344422,18,2724.611837
4.686134,19,2725.208888
-0.100692,18,2725.78186
3.823462,15,2726.254238
2.589618,12,2726.650496
4.329922,17,2727.186924
2.781808,13,2727.599439
3.377459,15,2728.067474
5.221232,19,2728.660522
3.953043,16,2729.157603
2.969848,13,2729.554303
2.240221,11,2734.270804
3.551907,15,2734.736059
5.030469,19,2735.347528
3.830716,15,2735.834446
3.643732,15,2736.289497
5.290195,18,2736.858967
4.002137,16,2737.370072
4.504608,16,2737.882342
3.296112,14,2738.321882
4.239987,16,2738.831766
2.994449,13,2739.258646
4.762177,19,2739.8516
3.885586,15,2740.332316
4.174624,17,2740.882161
2.882683,13,2741.297838
4.469123,18,2741.845891
5.035809,20,2742.474496
3.516205,14,2742.902036
4.558344,18,2743.454193
4.725084,18,2744.008125
4.356942,16,2744.507656
4.447344,17,2745.018202
3.864712,15,2745.492893
3.145709,14,2745.937645
3.861451,16,2746.436031
5.115469,19,2747.048295
-0.502743,17,2747.571156
4.884187,18,2748.139314
4.239231,16,2748.63621
3.578604,14,2749.088566
4.520357,17,2749.62736
3.988803,16,2750.141183
4.638268,17,2750.670774
3.923577,16,2751.184832
4.836092,18,2751.765594
4.449748,16,2752.275609
-0.290463,18,2752.841941
4.946347,20,2753.451633
4.179948,16,2753.960398
3.124149,13,2754.372012
4.00207,15,2754.839953
4.664786,17,2755.380864
3.340634,14,2755.824251
4.752433,19,2756.436623
3.121559,14,2756.874268
4.277608,17,2757.399336
4.75177,18,2757.965411
3.230088,14,2758.403381
3.921495,15,2758.870253
3.904492,15,2759.336461
2.640402,12,2759.720905
5.594985,22,2760.403481
4.621846,18,2760.972706
4.067448,15,2761.442319
0.033396,18,2762.024071
3.954244,15,2762.502928
4.321506,17,2763.028451
5.694694,21,2763.680866
4.460918,18,2764.231309
5.936099,27,2765.061514
3.979028,15,2765.534554
4.515927,17,2766.090002
4.814413,18,2766.653584
3.921264,15,2767.134008
3.29385,14,2767.57014
3.450925,14,2768.011527
4.623399,17,2768.534158
5.56653,20,2769.169237
4.21792,17,2769.710124
4.688426,17,2770.245347
4.50674,17,2770.782812
4.622194,16,2771.290888
4.767412,18,2771.840942
-0.01122,21,2772.477021
4.618873,18,2773.02554
4.123116,16,2773.530565
3.013629,13,2773.909818
3.870101,14,2774.33377
4.229198,17,2774.857166
3.707617,15,2775.304941
3.965031,15,2775.776942
4.876594,19,2776.357812
3.709258,15,2776.822988
4.164579,16,2777.317459
5.353748,21,2777.981608
4.852928,19,2778.57615
4.592635,17,2779.112718
4.089617,16,2779.620091
4.147593,15,2780.071491
4.248266,17,2780.612086
4.878251,18,2781.181713
4.313308,17,2781.719205
4.921985,19,2782.32731
3.17042,13,2782.737676
3.286816,14,2783.176384
4.204295,16,2783.699392
4.472049,16,2784.193473
4.395458,17,2784.719105
4.866349,19,2785.298924
3.982821,16,2785.794741
4.315278,16,2786.292654
3.330111,14,2786.730085
3.625793,15,2787.19569
4.932445,18,2787.751979
0.531095,18,2788.300114
-0.84926,16,2788.792149
4.898377,19,2789.386786
4.024812,15,2789.852606
4.042228,16,2790.361683
4.290639,16,2790.846433
3.904786,16,2791.35541
5.461045,21,2792.021471
4.370301,16,2792.53347
3.816997,15,2793.014817
3.175116,14,2793.455507
6.462691,26,2794.275008
2.602025,12,2794.655582
3.252165,14,2795.091563
3.332206,13,2795.509385
4.667734,18,2796.07446
3.84163,14,2796.512879
-0.435857,17,2797.053033
4.288154,17,2797.587711
4.394867,17,2798.10958
3.824515,15,2803.018667
4.698464,17,2803.556576
4.754987,18,2804.136755
3.930011,16,2804.648246
-0.147524,17,2805.187247
3.683065,15,2805.655777
-0.010739,18,2806.213877
4.706993,17,2806.752227
3.759527,15,2807.223128
3.805814,15,2807.703444
3.662936,15,2808.171959
4.425131,18,2808.737442
4.422043,15,2809.21929
3.805282,15,2809.700332
4.422654,15,2810.182849
4.030225,15,2810.66649
3.685762,15,2811.15255
-0.912909,15,2811.620702
3.729073,15,2812.074027
-2.168247,13,2812.470759
2.683669,13,2812.880039
5.064638,19,2813.473943
-0.082842,19,2814.099017
-0.622995,17,2814.620621
4.813381,18,2815.184642
4.1459,17,2815.727205
4.154371,16,2816.225334
5.410494,21,2816.86436
5.373666,21,2817.531534
4.683428,18,2818.083254
3.975582,16,2818.594522
3.534091,14,2819.034025
3.108379,13,2819.431801
4.254221,16,2819.941128
4.59273,18,2820.513219
2.303499,11,2820.855199
3.66051,15,2821.328426
-0.133738,18,2821.898087
3.934649,15,2822.365236
4.082984,16,2822.846222
4.743827,18,2823.414721
3.955256,16,2823.922648
4.582533,18,2824.505478
4.22831,17,2825.04518
4.066403,16,2825.559522
-0.155642,18,2826.115512
4.171323,16,2826.627755
3.961397,15,2827.080323
4.13994,16,2827.588078
4.695134,16,2828.068575
-1.370172,14,2828.497334
2.868567,13,2828.911975
3.140678,14,2829.366861
3.700673,15,2829.850072
0.045585,19,2830.431663
-0.561332,17,2830.980381
3.471024,14,2831.438961
3.96999,16,2831.949769
4.246827,17,2832.477139
3.238794,14,2832.890294
4.387829,17,2833.432727
3.302314,14,2833.860839
2.827964,13,2834.273636
3.662464,15,2834.756099
4.444239,17,2835.297128
3.831801,15,2835.785917
3.572244,15,2836.272567
4.570265,16,2836.784813
3.505044,14,2837.226512
0.828694,22,2837.925922
3.493576,15,2838.396572
5.017969,18,2838.966309
4.964171,18,2839.551728
3.312231,14,2839.992272
4.830737,19,2840.591191
4.915064,19,2841.19081
3.30767,14,2841.649406
3.968201,16,2842.164519
4.695758,18,2842.720038
4.217512,17,2843.261461
4.166592,16,2843.773769
3.527041,14,2844.231581
0.089602,18,2844.803698
4.591002,17,2845.344765
4.27737,16,2845.863928
3.724785,15,2846.354946
4.450799,17,2846.883282
4.439268,16,2847.394228
3.772941,15,2847.865179
5.250729,19,2848.475884
4.581118,18,2849.047053
5.013743,19,2849.648023
2.779553,12,2850.018022
-1.014895,16,2850.508585
3.834763,15,2850.967446
-0.665638,16,2851.46936
5.042092,20,2852.097057
4.039892,16,2852.582143
3.502116,14,2853.038359
4.137208,16,2853.551067
4.687327,17,2854.090889
4.104889,15,2854.57929
3.48903,14,2855.03742
5.328766,20,2855.660771
3.505536,14,2856.105785
3.830715,15,2856.577307
4.710174,16,2857.090031
3.453141,14,2857.532433
4.221202,16,2858.044936
3.900977,15,2858.528279
4.907997,19,2859.125912
4.451894,17,2859.669452
5.147658,20,2860.298906
3.650184,14,2860.760535
4.411003,16,2861.261972
3.920126,15,2861.745747
4.578907,18,2862.33368
4.696152,18,2862.903795
4.30238,16,2863.402631
3.573128,15,2863.888117
3.484367,15,2864.359389
4.040729,16,2864.870741
4.052999,16,2865.38125
5.358188,21,2866.058144
4.968772,18,2866.629493
4.75455,18,2867.198361
4.897898,18,2872.206116
-1.784288,14,2872.647574
4.237702,17,2873.174405
3.960775,16,2873.687846
-0.402549,18,2874.260435
-1.087133,16,2874.772139
4.795575,18,2875.356483
0.402796,20,2875.991869
3.00497,13,2876.408503
3.673952,14,2876.849411
4.283244,17,2877.392154
5.374859,21,2878.064138
3.753763,15,2878.536011
3.816628,15,2879.020026
3.533168,14,2879.448622
3.900497,15,2879.933377
4.319791,16,2880.4311
3.143551,14,2880.873968
3.568305,15,2881.352635
4.763954,18,2881.90693
4.185375,16,2882.407109
4.058251,15,2882.875461
4.564944,17,2883.389371
-1.919767,13,2883.801286
4.090219,17,2884.33955
4.495297,16,2884.85073
4.602003,18,2885.416757
3.429995,15,2885.902583
5.548071,21,2886.586353
4.845506,18,2887.1392
-0.389725,18,2887.701729
5.382813,20,2888.325387
3.520549,14,2888.779548
4.660035,18,2889.34359
4.407777,16,2889.844066
4.395108,17,2890.370402
4.659298,18,2890.926096
5.390135,19,2891.51812
4.917101,18,2892.060273
3.810322,15,2892.536097
3.844633,16,2893.041836
4.190002,17,2893.568976
-0.479842,18,2894.125132
4.517589,18,2894.69262
4.370978,18,2895.244764
-0.424373,18,2895.817164
4.399459,16,2896.328175
3.463855,14,2896.778859
3.071313,13,2897.189962
3.843754,15,2897.670985
5.397675,20,2898.294168
3.229943,14,2898.74378
4.556416,17,2899.267954
4.358772,16,2899.763877
4.79192,18,2900.34789
4.127314,17,2900.892838
-0.705363,15,2901.366677
3.803117,15,2901.849047
2.836629,13,2902.248711
3.851647,15,2902.719175
3.558151,15,2903.186758
0.39189,17,2903.724477
-0.830592,16,2904.220505
-0.258058,17,2904.757277
2.859226,13,2905.180533
4.976459,19,2905.782163
-1.417549,15,2906.258212
3.909232,16,2906.755863
3.582653,15,2907.239769
5.244,20,2907.879079
-0.774045,17,2908.441671
3.202005,14,2908.878531
4.818363,18,2909.447662
4.72651,18,2910.000687
3.702355,15,2910.484517
5.359564,21,2911.144572
4.765618,17,2911.680698
4.261179,17,2912.21997
4.537278,18,2912.80243
4.597608,17,2913.325368
0.445919,20,2913.979872
3.961946,16,2914.504153
-1.11469,15,2914.990623
3.615689,15,2915.473367
4.386827,17,2916.014729
3.905879,15,2916.517543
5.518893,21,2917.199004
4.019001,16,2917.729594
4.390688,17,2918.276748
4.399128,17,2918.845922
4.40364,17,2919.401529
3.736198,15,2919.907765
4.051485,16,2920.437493
4.05279,16,2920.953431
4.603398,18,2921.544333
4.33678,17,2922.09205
5.783784,22,2922.814409
4.336631,17,2923.359849
4.167312,16,2923.895626
4.110547,16,2924.407033
-0.729207,16,2924.926136
4.004592,14,2925.392363
3.309295,14,2925.873616
4.516482,18,2926.459603
3.602971,15,2926.954343
-0.302977,17,2927.50978
3.246084,14,2927.985506
5.025993,20,2928.646804
5.339712,20,2929.28893
3.349596,14,2929.735476
3.593573,15,2930.220459
4.166741,16,2930.737595
4.771971,18,2931.316823
3.448329,14,2931.739897
3.424763,14,2932.203753
3.474128,14,2932.641575
-0.392365,17,2933.182688
4.895391,19,2933.777004
4.019071,16,2934.286304
5.165137,20,2934.896786
4.818639,18,2935.446549
3.672002,15,2935.923788
3.811781,15,2936.382021
4.554782,17,2936.892069
2.356365,12,2941.796136
4.093633,16,2942.311211
5.088514,18,2942.877357
-0.631495,16,2943.38815
3.032293,13,2943.801721
4.827268,19,2944.393915
4.608712,17,2944.931849
0.148757,18,2945.500716
4.618148,18,2946.073537
3.665105,15,2946.539018
4.062777,16,2947.03129
5.236402,20,2947.649383
-0.093962,19,2948.264971
5.040427,19,2948.858243
4.720518,17,2949.395901
2.694704,12,2949.800339
3.412817,14,2950.237122
4.134791,17,2950.780363
3.728887,14,2951.212434
3.587868,15,2951.682204
3.908297,16,2952.19528
3.067106,13,2952.595377
4.911178,18,2953.185637
4.312076,17,2953.719065
6.118433,22,2954.426096
4.096877,15,2954.912124
5.70907,21,2955.592609
3.71887,15,2956.075597
4.76018,18,2956.660816
4.10913,16,2957.158012
4.544198,17,2957.713945
3.242923,14,2958.153929
4.265553,17,2958.695407
3.391669,14,2959.147477
4.185486,15,2959.613052
4.187476,17,2960.14148
4.751285,19,2960.746335
4.337213,16,2961.254325
-0.775662,17,2961.77615
0.563847,20,2962.401026
3.248977,14,2962.842334
3.582125,15,2963.320041
4.005814,16,2963.815217
4.184221,16,2964.325702
4.565454,18,2964.892956
-0.230456,17,2965.432358
0.202194,19,2966.019333
3.802563,16,2966.514011
3.908562,16,2967.008902
4.263965,17,2967.555766
-0.601179,15,2968.039246
4.825064,19,2968.626541
4.876613,18,2969.194682
4.479895,17,2969.715381
3.652295,14,2970.166657
4.611345,18,2970.755661
3.646513,15,2971.225541
3.770464,15,2971.706564
3.803018,15,2972.18809
5.364615,19,2972.794924
5.044402,19,2973.38717
5.614569,20,2974.012162
4.051556,15,2974.468194
3.696629,15,2974.935134
0.329464,19,2975.545933
5.383636,19,2976.130274
3.748765,15,2976.610239
2.889972,13,2977.036533
3.762307,16,2977.543639
4.891322,17,2978.064389
3.30166,14,2978.505724
4.590956,18,2979.069743
-0.60218,16,2979.579515
3.561258,15,2980.076813
5.153271,20,2980.702403
3.691379,14,2981.155462
5.50216,20,2981.764235
4.830232,18,2982.329761
4.394378,18,2982.878346
0.213579,19,2983.470926
4.630961,18,2984.039423
4.000039,16,2984.542499
5.180825,20,2985.194494
4.457082,16,2985.693952
3.540595,15,2986.175832
3.957969,16,2986.685988
4.252801,16,2987.194214
4.213605,17,2987.733252
4.16799,16,2988.243478
4.901584,18,2988.795018
4.507848,18,2989.358675
4.346892,17,2989.895508
4.708554,19,2990.48812
3.547181,15,2990.974942
1.101478,22,2991.667035
4.57969,16,2992.175617
3.05992,13,2992.584672
3.431671,15,2993.051276
3.456799,13,2993.47508
4.505975,18,2994.05351
3.719406,15,2994.533816
2.553034,12,2994.899682
4.493956,17,2995.448819
3.705459,15,2995.922214
4.093567,16,2996.430364
4.494822,17,2996.937199
4.359399,16,2997.429248
4.254733,16,2997.936276
-1.107784,16,2998.427632
4.67228,18,2998.975863
4.011793,16,2999.480688
4.908915,19,3000.074917
4.517074,18,3000.644277
3.276391,14,3001.096874
3.202177,14,3001.549489
3.923356,14,3001.988137
3.244312,14,3002.442423
4.35167,17,3002.984481
4.893493,17,3003.521815
3.402406,14,3003.959954
4.654267,18,3004.528016
2.725746,13,3004.939552
-1.072959,15,3005.418883
4.300338,17,3005.963485
4.461272,17,3010.928025
3.845766,16,3011.441431
3.965049,16,3011.951778
-0.847613,16,3012.463977
4.602457,17,3013.001443
4.417042,17,3013.539775
4.582581,18,3014.103152
4.357471,17,3014.628914
4.434849,16,3015.135483
3.609139,15,3015.601524
-0.050662,18,3016.167947
3.904147,15,3016.634523
4.078561,16,3017.124797
4.488792,16,3017.619007
3.029446,13,3018.044744
5.010767,20,3018.651597
3.754151,14,3019.091904
3.920208,15,3019.561527
4.306462,17,3020.100263
-1.317488,13,3020.512403
4.023537,16,3021.022708
2.926079,12,3021.413003
4.941396,19,3022.008845
4.491582,17,3022.549724
2.988731,13,3022.975323
2.302128,11,3023.328692
3.437954,14,3023.780501
3.997915,15,3024.26459
4.23494,17,3024.802001
4.530379,18,3025.366881
4.314199,17,3025.908711
-1.39632,13,3026.318141
4.529404,16,3026.814339
4.10087,16,3027.311269
3.890282,15,3027.777952
3.094767,12,3028.130929
4.78952,18,3028.697598
3.784416,16,3029.208719
3.012395,13,3029.604662
3.241758,14,3030.057076
3.488843,14,3030.511315
4.369235,17,3031.055483
3.547262,15,3031.538604
4.040012,16,3032.035222
-0.330718,17,3032.558775
4.75857,17,3033.11065
4.121275,15,3033.580235
3.858098,15,3034.062289
2.878222,13,3034.486445
5.024215,18,3035.039094
3.721225,15,3035.521552
4.151663,16,3036.037378
5.755795,23,3036.775522
5.523983,22,3037.455424
4.460645,17,3037.998947
5.189122,20,3038.607294
3.563473,15,3039.074206
0.023752,18,3039.656063
4.575304,17,3040.179404
0.391896,20,3040.8472
5.847671,22,3041.51254
4.578157,18,3042.07684
4.32204,16,3042.572034
4.453006,16,3043.068147
4.631156,17,3043.592212
3.944602,16,3044.091993
4.563211,18,3044.646008
4.397532,17,3045.183052
4.57808,19,3045.800413
2.843609,13,3046.220302
4.528165,16,3046.716163
4.688064,18,3047.285449
3.885082,16,3047.78561
3.296098,14,3048.230765
3.972815,16,3048.72789
4.63111,18,3049.297315
5.311989,19,3049.892049
4.49243,17,3050.431153
3.933751,15,3050.919372
3.65983,14,3051.347977
4.738354,18,3051.914481
3.884085,15,3052.396511
3.475175,14,3052.834915
3.944712,15,3053.303785
3.284135,13,3053.700013
5.090751,20,3054.339781
4.954735,20,3054.963289
3.169362,13,3055.390075
3.732623,15,3055.87813
-0.055514,19,3056.473484
3.347252,14,3056.912093
3.538828,15,3057.38406
3.400194,14,3057.82609
3.819841,15,3058.292962
3.114034,13,3058.689339
-0.42656,17,3059.229164
4.858048,18,3059.780139
4.532726,17,3060.307226
-0.940062,16,3060.822
4.99309,19,3061.431388
4.661291,19,3062.026772
2.265775,11,3062.381678
4.176079,16,3062.891125
3.915887,15,3063.375422
4.464884,17,3063.913469
3.245544,14,3064.351739
3.919007,15,3064.833949
3.116879,14,3065.287661
-0.914554,16,3065.803433
4.226772,16,3066.328324
3.164012,14,3066.765773
3.235387,14,3067.204457
4.750018,18,3067.799452
2.952281,13,3068.207868
2.95795,12,3068.576495
3.07233,12,3068.958481
3.455046,14,3069.410851
0.670508,20,3070.034716
4.373911,16,3070.543612
2.915606,12,3070.927912
3.185533,14,3071.366426
4.289961,16,3071.873907
3.956849,16,3072.383117
4.667594,17,3072.920309
4.457051,18,3073.498757
3.596052,15,3073.964979
3.997064,16,3074.458695
0.38975,19,3075.066432
3.081721,13,3075.476738
3.990808,16,3080.36614
4.53329,17,3080.908941
4.205641,17,3081.446
4.16953,16,3081.95394
4.300814,16,3082.467331
3.315142,14,3082.920863
-0.055181,18,3083.485484
5.075734,19,3084.080762
3.922973,15,3084.546529
3.804625,14,3084.982976
4.663005,16,3085.480102
5.81815,21,3086.120239
4.102446,16,3086.613108
3.416149,15,3087.082813
3.726149,15,3087.548784
4.525767,16,3088.043304
3.95014,15,3088.512116
3.475028,15,3088.964402
2.67725,12,3089.332198
3.984777,15,3089.79639
3.121714,14,3090.249417
5.509643,20,3090.875838
-0.471482,18,3091.440978
5.072518,19,3092.046863
2.320506,11,3092.384585
2.715224,12,3092.779533
0.169518,19,3093.372606
4.406526,17,3093.894167
4.19758,16,3094.388208
3.915248,16,3094.882826
3.868838,15,3095.346246
2.839608,13,3095.774438
0.278039,19,3096.35206
4.596269,18,3096.942577
3.924016,15,3097.409466
5.025274,19,3098.004575
3.643337,14,3098.441006
3.13494,13,3098.850159
0.854355,22,3099.541136
4.204187,16,3100.032785
-0.922105,15,3100.512301
4.624979,17,3101.02709
4.073332,16,3101.508117
4.128317,16,3101.989359
4.673845,18,3102.553855
3.576665,15,3103.020747
5.104027,19,3103.630281
4.304048,15,3104.084261
3.683851,15,3104.566578
3.762413,15,3105.046541
4.215226,16,3105.570689
2.149943,11,3105.900279
-0.388473,17,3106.44031
4.577983,18,3106.994313
4.896619,18,3107.562397
4.571257,16,3108.071642
3.601837,15,3108.552754
3.507778,15,3109.018283
5.150356,19,3109.614303
4.135645,16,3110.125729
4.549225,17,3110.648386
4.059801,16,3111.148195
4.013554,16,3111.658362
4.236893,16,3112.154026
3.927004,16,3112.65307
2.810928,12,3113.035421
3.605229,15,3113.503173
5.69461,22,3114.196943
4.485077,17,3114.734546
4.214607,16,3115.258123
4.432032,16,3115.772309
4.210774,17,3116.297036
4.191281,16,3116.807253
2.225082,11,3117.147259
3.379062,14,3117.584547
4.045775,15,3118.037801
4.275266,16,3118.547945
4.879127,17,3119.101525
5.244266,21,3119.766653
4.162573,16,3120.273574
4.565661,17,3120.804045
4.212663,15,3121.285173
3.982802,16,3121.779029
3.374086,14,3122.216731
3.706744,15,3122.6858
4.334436,16,3123.196071
3.872623,15,3123.677992
4.107194,16,3124.186683
4.811416,19,3124.782667
3.896878,16,3125.293473
3.644704,15,3125.750446
5.030452,19,3126.344795
4.354217,16,3126.867345
4.498995,17,3127.416761
4.306283,16,3127.911273
2.05361,11,3128.249104
4.525935,17,3128.77337
0.066434,16,3129.254425
3.60021,15,3129.734469
-0.711178,17,3130.25833
3.118331,13,3130.682773
4.401828,16,3131.194742
4.290342,16,3131.707272
-1.256133,15,3132.187908
5.61052,22,3132.850719
4.683441,18,3133.418616
4.113647,15,3133.916283
4.677844,18,3134.45093
3.895201,16,3134.933139
3.734872,15,3135.412546
3.949446,16,3135.924963
5.447515,20,3136.561229
4.324398,16,3137.053969
-0.048894,19,3137.632745
4.495588,16,3138.126143
4.324214,17,3138.664963
3.561918,14,3139.115434
4.075523,16,3139.623415
4.372274,17,3140.156906
5.396855,21,3140.8107
3.804457,15,3141.291647
4.197406,15,3141.769049
3.871039,15,3142.24689
-0.164752,17,3142.783203
4.847401,19,3143.373334
5.035519,19,3143.952412
3.043297,13,3148.728742
4.233279,16,3149.223433
4.637068,18,3149.788114
5.137108,19,3150.396298
4.764912,19,3151.006584
3.190343,14,3151.431075
3.919563,15,3151.900457
4.205179,16,3152.397519
0.094265,18,3152.948886
4.835105,18,3153.51538
5.13117,19,3154.107546
4.462999,17,3154.646031
4.847656,17,3155.18408
4.940276,18,3155.752904
3.685789,14,3156.20577
4.653835,18,3156.759102
0.083014,18,3157.321976
4.410776,17,3157.846526
4.956325,18,3158.39826
3.235202,14,3158.850972
0.21163,20,3159.48869
4.15001,16,3159.997245
3.443553,13,3160.405373
3.965166,15,3160.89566
4.255981,15,3161.364205
0.431734,19,3161.971394
-0.298859,17,3162.494828
4.560156,18,3163.061685
4.337926,18,3163.613226
4.176635,15,3164.082253
3.359598,14,3164.533528
3.529612,15,3165.015761
-0.149637,18,3165.582363
3.883104,16,3166.083357
3.699272,15,3166.566707
2.86119,13,3166.974992
3.739976,15,3167.444018
4.985997,18,3167.996293
0.132319,20,3168.602656
3.596133,15,3169.065965
5.220202,19,3169.660708
4.5455,16,3170.172782
3.507178,13,3170.582182
4.648924,18,3171.152887
4.167016,15,3171.604981
-0.413964,17,3172.142581
4.220902,17,3172.694535
3.231507,13,3173.106148
-1.078956,15,3173.605071
5.402898,21,3174.285253
-0.676999,17,3174.808338
4.058178,16,3175.321272
5.540018,20,3175.948929
4.377237,17,3176.47212
4.165158,16,3176.96608
3.789223,16,3177.477405
4.644311,16,3177.988196
4.917454,17,3178.51439
3.388982,14,3178.966415
4.468927,18,3179.534456
3.905736,15,3180.004239
3.581697,14,3180.459682
3.247751,13,3180.881134
4.345341,16,3181.381211
-0.021094,18,3181.931305
5.711199,22,3182.610075
3.109589,13,3183.007363
3.894406,15,3183.458334
4.08222,16,3183.968516
4.478059,17,3184.492673
5.648802,23,3185.184227
4.119835,15,3185.649006
3.769267,15,3186.124172
4.312386,16,3186.620123
4.116703,16,3187.129375
3.472614,15,3187.595683
3.117494,13,3188.006768
3.81846,16,3188.503045
3.75121,15,3188.968269
3.175638,14,3189.392893
4.923997,19,3189.973975
5.142721,19,3190.571341
4.236732,16,3191.087044
3.572585,15,3191.539318
3.666602,15,3192.007768
4.098239,16,3192.519698
4.497224,17,3193.055551
3.053152,13,3193.468005
5.180773,18,3194.0205
5.671925,21,3194.686337
3.434904,14,3195.13994
3.76396,15,3195.608082
4.641734,17,3196.150402
0.103496,18,3196.704711
5.65248,22,3197.396294
4.174059,16,3197.893402
4.001046,16,3198.406043
4.173992,17,3198.931693
4.938967,19,3199.524075
4.110747,16,3200.01997
3.605572,14,3200.45625
5.721244,22,3201.139907
-1.039339,14,3201.577341
4.858674,19,3202.186958
3.770713,14,3202.624682
3.984965,16,3203.117748
3.66909,14,3203.55757
3.252227,13,3203.979408
4.765222,18,3204.543818
3.930701,15,3205.012251
5.092693,19,3205.621201
4.897917,18,3206.180453
-0.158277,18,3206.745995
3.283337,14,3207.197545
3.564657,14,3207.636333
4.768507,18,3208.201128
2.743508,13,3208.625472
5.156152,20,3209.261271
3.08303,13,3209.656884
3.855899,15,3210.137366
4.923217,17,3210.643608
4.638429,17,3211.186572
-0.330823,17,3211.726587
3.69325,15,3212.192806
4.461275,18,3212.760242
2.997634,13,3217.596355
2.924439,13,3218.0232
3.129458,13,3218.434145
3.605859,15,3218.915902
4.020765,15,3219.395891
2.648981,12,3219.777607
2.804283,12,3220.161481
-0.55418,17,3220.714093
3.64743,14,3221.147599
3.335317,13,3221.543332
5.034429,19,3222.157517
3.433478,14,3222.599298
4.495287,17,3223.136451
4.731985,18,3223.702436
3.145264,14,3224.146108
4.156729,16,3224.656736
4.18566,17,3225.19577
4.736748,18,3225.765035
5.541306,21,3226.421782
3.300421,14,3226.886054
5.18002,19,3227.481349
3.699853,15,3227.963868
3.760938,15,3228.447516
4.651242,18,3229.014883
4.012502,15,3229.508089
5.084809,20,3230.118799
3.729085,14,3230.569309
2.907894,13,3230.985648
5.00912,18,3231.550917
4.438385,17,3232.090827
3.817366,15,3232.573647
3.290815,14,3233.026505
3.470405,15,3233.511716
4.945177,18,3234.073329
3.182622,13,3234.497722
3.75818,14,3234.936573
4.569751,18,3235.5071
-0.714331,16,3236.010423
3.714269,14,3236.450219
4.243553,17,3237.003204
3.23294,14,3237.429629
5.118359,19,3238.040992
3.159892,13,3238.452842
4.023914,16,3238.948079
5.157232,20,3239.581903
3.689243,14,3240.041399
4.169899,16,3240.537551
5.741343,20,3241.178704
5.169672,20,3241.849941
3.381919,14,3242.315448
4.577456,17,3242.864389
4.282948,17,3243.417727
4.512645,16,3243.915062
3.164719,13,3244.337708
3.987789,15,3244.796108
5.033894,19,3245.402898
4.044323,15,3245.875691
4.249169,16,3246.397255
4.070046,16,3246.907938
4.828095,18,3247.474437
3.737478,15,3247.941851
3.627212,14,3248.380812
3.341594,14,3248.831937
2.806033,13,3249.258139
4.455638,17,3249.781565
4.356679,17,3250.31795
5.052124,18,3250.875607
3.348645,14,3251.328289
3.137947,12,3251.722841
3.288026,14,3252.147307
4.194589,16,3252.657343
4.876779,19,3253.251133
4.327665,17,3253.78843
4.331151,15,3254.241477
4.55155,17,3254.778011
5.502902,21,3255.424116
4.465781,16,3255.940397
5.260821,20,3256.581228
4.359727,18,3257.16309
4.158652,16,3257.674581
-0.859883,16,3258.185531
4.414823,17,3258.723008
3.6467,15,3259.205308
4.750693,17,3259.744859
4.278683,16,3260.240048
5.303031,19,3260.849463
4.878215,18,3261.418724
4.936689,18,3261.986346
3.791853,16,3262.498402
4.028375,16,3263.012671
4.447269,16,3263.511613
-1.646721,14,3263.966153
4.240752,16,3264.477607
4.70976,19,3265.078462
4.762095,18,3265.64758
0.701883,20,3266.281365
3.284014,14,3266.727582
5.610469,21,3267.402266
3.093909,14,3267.842424
4.310019,16,3268.354666
0.118334,19,3268.977207
3.60949,15,3269.445504
3.78327,15,3269.913808
0.128235,18,3270.491636
-0.255259,18,3271.068121
-0.403458,17,3271.606229
3.728119,14,3272.061793
3.450161,14,3272.514071
3.983575,15,3272.983793
4.767009,18,3273.555998
4.018416,16,3274.066761
4.160517,17,3274.577379
3.587807,15,3275.052378
4.144681,16,3275.57895
3.315561,14,3276.02513
5.103505,19,3276.631949
0.365106,17,3277.171696
4.121435,16,3277.677885
4.615161,18,3278.246284
3.927623,16,3278.757983
0.017204,19,3279.34855
5.114492,20,3279.974754
4.487581,17,3280.514237
3.828115,15,3281.000856
3.326701,14,3281.454596
3.585676,14,3281.878627
0.441031,20,3286.937934
4.534673,16,3287.437832
5.510676,19,3288.043607
4.767912,18,3288.629451
2.880119,13,3289.042267
4.006418,16,3289.566689
3.7475,15,3290.05337
3.159355,13,3290.496046
0.252578,18,3291.104122
4.86041,19,3291.734471
4.96082,18,3292.315162
4.003392,15,3292.797522
4.468173,17,3293.358803
4.496689,18,3293.942778
4.766768,17,3294.481899
4.603918,17,3295.044971
4.460272,17,3295.59918
5.38253,21,3296.296652
3.407589,14,3296.778298
4.682185,18,3297.359578
4.299158,16,3297.890735
3.800266,15,3298.395849
4.270635,16,3298.915402
4.612583,18,3299.494032
4.151887,17,3300.041584
3.936578,16,3300.5611
4.217295,16,3301.101194
4.637844,18,3301.6808
3.53877,15,3302.160296
3.410643,14,3302.63847
4.099396,15,3303.107916
4.152629,17,3303.668018
0.02009,17,3304.233296
3.930764,16,3304.739513
4.176017,16,3305.25615
5.200973,18,3305.820526
3.777876,15,3306.297848
3.98725,14,3306.748761
6.568779,29,3307.679346
4.040793,15,3308.187357
2.866937,13,3308.59891
3.035412,14,3309.055897
3.174888,13,3309.497476
5.281579,20,3310.145433
2.806542,12,3310.534003
5.170721,21,3311.19745
-0.670618,17,3311.75589
0.060237,19,3312.350753
3.049848,12,3312.751444
4.367346,17,3313.293604
4.460414,18,3313.872959
3.563556,15,3314.358042
3.999251,16,3314.855573
2.043702,11,3315.198697
4.038642,16,3315.712158
4.066135,16,3316.236483
4.289209,16,3316.743838
2.989464,13,3317.181612
4.602128,18,3317.7509
3.965842,16,3318.246146
-0.035364,19,3318.85769
4.917184,18,3319.423162
3.79909,15,3319.902304
3.678729,15,3320.383651
4.170217,16,3320.895861
4.588708,17,3321.43165
3.597984,14,3321.870621
0.009975,18,3322.436202
4.889943,19,3323.032412
3.948244,16,3323.543012
5.888948,23,3324.247397
3.933263,14,3324.698292
3.452257,14,3325.136974
4.174673,16,3325.630048
4.211646,16,3326.1295
1.371387,23,3326.849038
4.962935,19,3327.442081
4.705093,18,3328.006371
4.950133,18,3328.559073
4.120018,16,3329.06807
4.615223,17,3329.607071
0.200772,19,3330.227906
3.30945,14,3330.665074
3.535078,14,3331.107933
4.375067,17,3331.644822
5.060271,19,3332.243815
4.117107,15,3332.707605
0.360684,20,3333.339974
5.133988,19,3333.931703
4.414488,17,3334.484528
4.104919,16,3334.994175
4.392606,18,3335.55938
4.130587,16,3336.062374
5.201878,18,3336.627807
3.959618,15,3337.111254
4.123784,16,3337.623781
-0.449218,17,3338.170245
4.0051,16,3338.687855
4.024664,16,3339.197578
4.337194,16,3339.692312
3.873271,15,3340.173155
3.76911,16,3340.682329
2.986098,13,3341.113323
3.321486,13,3341.525197
5.037029,20,3342.161457
3.931573,15,3342.633226
2.913877,13,3343.016274
4.744695,17,3343.539461
5.078973,18,3344.107635
3.275896,14,3344.546436
4.271567,17,3345.087119
4.001237,16,3345.585625
4.525671,18,3346.162791
4.685617,19,3346.757762
5.276723,20,3347.406113
3.80836,15,3347.886344
3.652245,15,3348.358466
3.002037,13,3348.772879
3.459857,14,3349.229173
3.889524,16,3349.744309
4.394543,16,3350.263597
3.00764,13,3350.678024
0.171616,19,3351.293223
3.624575,15,3351.767905
3.124272,14,3352.224874
3.260889,14,3357.039164
4.483982,17,3357.570193
5.261505,21,3358.23208
3.775694,14,3358.659368
3.435952,14,3359.088263
4.607456,18,3359.657629
4.589131,18,3360.227929
3.947464,16,3360.73114
4.480856,18,3361.32517
3.530495,15,3361.812823
3.686979,15,3362.269813
5.496168,19,3362.887237
3.429438,14,3363.331348
3.26084,14,3363.76468
4.493183,17,3364.308676
4.131196,15,3364.801015
4.509777,18,3365.377871
3.582034,15,3365.853003
3.718204,15,3366.347045
3.978,16,3366.86603
4.641491,18,3367.438469
3.94692,14,3367.897926
4.771491,18,3368.470268
4.736263,19,3369.055954
-0.407065,18,3369.61535
4.728322,17,3370.142836
4.741672,18,3370.71121
3.954624,16,3371.198165
4.355734,17,3371.726243
4.696248,17,3372.255413
3.559819,15,3372.726987
3.92982,16,3373.223632
3.898422,16,3373.736621
2.837391,12,3374.120331
4.90395,18,3374.70438
3.784828,16,3375.202078
4.049826,16,3375.714185
4.264384,17,3376.275883
-0.842654,16,3376.788756
4.251135,17,3377.313321
5.160679,20,3377.941626
4.291714,16,3378.442938
3.707843,15,3378.901008
4.506616,18,3379.471209
3.445157,14,3379.927311
5.165169,19,3380.524638
2.733476,13,3380.956951
4.697681,17,3381.478748
4.267939,17,3382.02127
3.749759,16,3382.535329
4.130952,16,3383.017491
5.298432,20,3383.639116
4.129097,16,3384.121686
3.962711,16,3384.635298
4.549358,18,3385.201321
5.186455,19,3385.78411
4.907399,18,3386.359309
3.704907,15,3386.841239
4.196652,16,3387.352703
4.123093,17,3387.888771
4.531379,18,3388.455897
4.877074,18,3389.010844
3.871398,16,3389.509459
4.853832,18,3390.082368
4.00971,16,3390.597304
4.071237,16,3391.102664
3.96314,16,3391.614476
3.76634,14,3392.071989
4.366859,18,3392.646436
3.708649,16,3393.156471
2.730699,12,3393.555635
4.098444,17,3394.097994
4.35097,17,3394.61282
3.719261,15,3395.069749
3.673967,14,3395.526378
5.313461,19,3396.143336
2.69609,12,3396.529796
3.39783,14,3396.974227
4.362668,16,3397.483909
3.859257,15,3397.944171
3.309752,14,3398.387815
4.842447,17,3398.91359
5.476792,23,3399.623562
4.780495,19,3400.207194
4.431553,16,3400.691731
3.644635,16,3401.181868
3.527173,15,3401.651711
4.599247,18,3402.210605
4.476749,17,3402.739025
4.286162,16,3403.224289
4.296628,17,3403.766143
2.525498,12,3404.148836
4.713314,18,3404.719552
4.302558,17,3405.259823
4.723273,18,3405.82462
5.479421,19,3406.448428
-0.447878,18,3407.007777
4.672198,17,3407.533649
-1.208203,15,3407.990772
3.672802,15,3408.475121
4.162528,16,3408.982864
4.8585,18,3409.568401
3.949014,16,3410.069734
5.085788,17,3410.612671
0.083757,20,3411.269479
4.419672,18,3411.821354
4.872331,18,3412.390615
4.298459,17,3412.953748
3.479235,15,3413.418221
-0.624016,17,3413.96676
3.794497,15,3414.452918
2.015306,10,3414.777531
4.683681,17,3415.318154
4.465894,18,3415.88069
5.167809,20,3416.527232
3.940971,16,3417.02277
4.058013,17,3417.548019
4.920061,19,3418.142332
3.398222,13,3418.565959
3.3561,14,3419.007098
4.861124,19,3419.601197
4.081984,16,3420.108074
5.14204,20,3420.731175
3.584643,14,3421.185674
3.527152,15,3426.113103
3.780805,15,3426.579072
4.639697,17,3427.117097
4.74732,18,3427.697823
5.077058,18,3428.261709
4.805597,19,3428.868166
3.515096,14,3429.304313
4.318509,17,3429.840331
4.187557,16,3430.351608
5.628348,21,3431.007614
4.181088,16,3431.521603
3.18716,14,3431.973464
4.860186,20,3432.581394
3.909677,16,3433.098421
-0.405875,17,3433.627613
5.020362,19,3434.238412
4.160448,16,3434.74277
4.574332,17,3435.278868
4.200657,17,3435.820172
3.669266,15,3436.311444
3.463334,14,3436.776893
5.573112,21,3437.466157
3.615945,15,3437.971346
3.868167,14,3438.413878
3.47187,14,3438.86946
2.662392,12,3439.278181
0.069326,20,3439.916217
4.777018,18,3440.500154
3.536865,15,3441.010967
4.801138,18,3441.601073
5.608421,22,3442.308401
5.334839,20,3442.962667
4.588906,18,3443.549308
4.996325,20,3444.195712
-1.224089,15,3444.703688
3.479159,14,3445.162455
3.649449,15,3445.629833
4.666667,19,3446.268839
4.816761,18,3446.843531
-0.936288,16,3447.340414
5.580185,23,3448.077021
1.386009,24,3448.855494
2.976485,13,3449.269868
4.988758,20,3449.89613
4.128608,16,3450.406161
3.368522,14,3450.852847
3.933655,16,3451.355158
3.691041,16,3451.856081
3.466381,14,3452.279992
4.402192,17,3452.816717
4.164041,17,3453.326145
2.924553,13,3453.754169
3.923058,15,3454.252273
3.620749,15,3454.733014
5.213795,19,3455.323416
4.382721,18,3455.899171
4.003745,16,3456.421482
4.278998,16,3456.93851
4.160049,16,3457.459624
3.253008,14,3457.91437
3.708129,15,3458.413806
4.742664,18,3459.00447
0.205327,19,3459.614522
2.425412,12,3460.008358
4.028315,16,3460.528751
3.020262,13,3460.959174
3.611158,15,3461.449304
4.4029,17,3461.974432
3.667799,15,3462.45248
3.84952,15,3462.933706
3.516614,15,3463.399822
4.209076,15,3463.878218
3.616898,15,3464.340842
5.243,21,3465.002729
4.804398,19,3465.595702
4.282471,16,3466.110405
4.074022,16,3466.617219
3.782157,15,3467.094423
2.502106,12,3467.461125
4.689872,18,3468.028694
4.177912,16,3468.519588
-0.076462,18,3469.081783
4.407597,17,3469.616877
-0.032606,18,3470.181779
2.775621,12,3470.551621
3.432302,14,3470.992394
4.472768,17,3471.527785
3.585575,15,3472.008894
4.727115,19,3472.58804
6.104503,27,3473.419857
5.128,19,3474.027137
4.082329,15,3474.505665
3.041688,13,3474.915345
-0.686832,16,3475.423519
3.45118,14,3475.861895
4.122858,17,3476.431337
2.891984,12,3476.797765
4.243259,16,3477.304607
4.334296,17,3477.853665
2.74032,12,3478.234632
5.190411,19,3478.82813
3.803858,15,3479.294566
5.489977,21,3479.973454
5.385995,20,3480.59267
0.520474,21,3481.250681
3.721672,15,3481.71782
4.874282,19,3482.308221
4.283345,17,3482.834951
2.877704,13,3483.245704
3.850224,16,3483.756906
5.364261,20,3484.394295
4.296467,16,3484.892691
4.163185,16,3485.422538
3.731462,15,3485.906525
3.861501,15,3486.379027
-0.926206,16,3486.885849
5.100119,19,3487.494637
3.491823,15,3487.97455
4.710783,19,3488.568163
4.494377,17,3489.107753
0.166985,18,3489.673413
3.519296,14,3490.123766
3.397722,14,3490.576999
4.451643,16,3491.078981
3.794046,15,3495.90713
5.093551,20,3496.522386
4.019167,15,3497.001071
0.007531,18,3497.568445
4.290305,16,3498.060628
5.142887,20,3498.696961
3.35168,14,3499.121318
3.814155,16,3499.631567
5.19251,18,3500.184582
3.575823,14,3500.621743
5.428716,20,3501.251802
4.215612,16,3501.761117
-0.409171,17,3502.28326
4.751057,18,3502.849922
3.4531,14,3503.287657
4.93081,19,3503.895276
4.274037,17,3504.419255
4.373833,16,3504.914033
5.002329,18,3505.477215
3.644716,14,3505.902735
5.044989,19,3506.50157
4.822864,18,3507.081312
2.444047,12,3507.461755
5.736701,21,3508.113289
3.665565,15,3508.581117
5.707972,23,3509.315423
3.832597,15,3509.781192
5.519556,23,3510.51885
3.211139,14,3510.950259
3.081881,13,3511.367734
3.687628,15,3511.822431
5.888419,22,3512.516462
4.326903,17,3513.060089
4.388135,16,3513.59451
4.419513,17,3514.122577
3.553328,15,3514.60402
4.836258,18,3515.172143
4.85228,18,3515.742176
3.620974,15,3516.214086
4.131388,16,3516.73661
3.602372,14,3517.197408
4.405085,17,3517.757757
3.789934,15,3518.246867
5.142296,19,3518.85252
4.589635,18,3519.436244
4.494806,18,3519.994907
4.101324,17,3520.530226
4.210238,16,3521.077818
4.354148,16,3521.580794
3.248683,14,3522.034794
4.185989,16,3522.541493
4.18283,16,3523.041472
3.64848,15,3523.538014
-1.06128,15,3524.025441
4.912353,18,3524.624741
3.969283,15,3525.116562
4.068983,16,3525.61358
-1.56246,14,3526.05439
2.837651,13,3526.474221
-0.004347,19,3527.105296
4.981654,18,3527.671139
4.327028,16,3528.19771
4.013659,16,3528.701966
4.729161,17,3529.243605
0.404839,20,3529.900649
3.935225,16,3530.412133
3.120986,13,3530.807301
4.720441,20,3531.462564
3.701905,15,3531.931545
4.192649,16,3532.466727
3.414251,14,3532.929485
-1.131153,15,3533.412324
4.165652,16,3533.941259
2.972391,13,3534.367868
3.971049,16,3534.883473
3.606566,15,3535.365704
5.14701,19,3535.973527
3.710628,15,3536.468358
4.526665,17,3536.996863
0.55379,22,3537.681777
4.111714,16,3538.175518
3.06822,13,3538.604649
3.670902,15,3539.092169
3.641961,15,3539.575562
4.3925,17,3540.100165
3.438289,14,3540.562011
3.623264,15,3541.034737
0.483464,20,3541.66347
2.740411,13,3542.090004
3.996516,15,3542.556163
4.657037,19,3543.145019
-0.515727,16,3543.655612
4.46514,18,3544.236494
5.118244,18,3544.798858
4.509018,17,3545.336069
3.937482,16,3545.842937
3.183774,13,3546.270338
5.519847,19,3546.853004
2.594337,12,3547.232814
4.221625,17,3547.740742
3.880088,15,3548.221995
5.037411,19,3548.817256
3.156307,14,3549.255743
4.932077,19,3549.863177
4.583324,17,3550.384405
3.504885,14,3550.838289
0.552419,20,3551.468341
4.263074,16,3551.975297
3.128763,13,3552.384005
5.143049,21,3553.051221
3.297171,14,3553.504656
4.965254,19,3554.086094
5.712323,22,3554.779946
3.583982,15,3555.263041
4.301379,16,3555.746055
3.462798,15,3556.233397
3.9656,16,3556.726711
3.580925,15,3557.208522
3.611538,15,3557.677057
-0.51795,16,3558.186829
4.456419,18,3558.752755
4.935674,19,3559.36428
4.223749,17,3559.902254
3.697252,15,3560.383151
3.852577,15,3565.20562
6.153451,24,3565.960783
5.275964,20,3566.609718
3.497235,14,3567.065432
2.301947,12,3567.447253
3.689527,15,3567.931172
3.261703,14,3568.357645
3.757444,15,3568.82561
3.235634,14,3569.263346
4.456051,17,3569.802194
5.655104,23,3570.484787
3.604999,15,3570.953362
3.654924,15,3571.436708
-0.682366,16,3571.932471
4.167161,17,3572.468834
3.918407,16,3572.962604
4.400298,17,3573.487665
4.762243,19,3574.110655
3.8586,16,3574.605509
3.230563,14,3575.058085
-1.222723,15,3575.509991
5.253487,20,3576.137246
5.58451,21,3576.790047
4.275247,17,3577.312767
4.169892,16,3577.822625
5.122043,20,3578.443799
-0.952909,16,3578.926487
0.017214,19,3579.523503
4.910644,17,3580.044699
4.681913,17,3580.583696
3.538124,15,3581.049062
4.43967,18,3581.617568
5.880248,24,3582.368917
4.011077,16,3582.878016
5.753264,21,3583.529155
4.489854,18,3584.093657
2.816632,13,3584.50332
3.358953,14,3584.944528
5.150833,20,3585.583921
-1.122006,15,3586.051137
3.92527,16,3586.566132
4.811464,18,3587.133721
3.592128,15,3587.613486
5.269096,20,3588.234497
0.139681,20,3588.873631
4.327576,16,3589.366489
3.80883,16,3589.861945
4.259799,17,3590.398598
4.826468,18,3590.949398
4.619772,18,3591.508823
3.857299,16,3592.017664
4.325769,16,3592.525087
4.652636,18,3593.075954
3.138901,14,3593.529319
4.365637,17,3594.051631
3.474415,14,3594.476246
3.468908,15,3594.913239
3.763581,14,3595.336904
-0.57897,17,3595.887216
4.422434,17,3596.424601
4.027398,16,3596.901205
3.000809,13,3597.308092
4.677726,17,3597.845643
4.037056,16,3598.355703
3.887936,15,3598.819272
2.851084,13,3599.243538
5.104236,20,3599.864682
3.63242,15,3600.330488
4.464157,16,3600.823136
4.75576,19,3601.42013
3.693731,15,3601.897977
4.310744,16,3602.37758
4.43415,18,3602.926744
-0.237801,17,3603.476777
4.07575,15,3603.945294
3.699672,15,3604.414634
3.690931,15,3604.894876
3.125198,14,3605.332659
3.657704,15,3605.799407
4.758218,19,3606.384414
3.814277,15,3606.863387
3.362257,14,3607.288114
4.145954,16,3607.781045
4.453488,17,3608.301612
4.01755,17,3608.838016
4.483804,17,3609.375464
4.333136,17,3609.924979
4.889313,19,3610.519583
3.651811,14,3610.943928
-0.323471,18,3611.515513
5.606157,21,3612.150268
5.592552,21,3612.798942
4.730904,19,3613.394722
3.728327,15,3613.875163
3.326969,14,3614.297873
4.168515,16,3614.792008
3.437854,14,3615.217139
3.881886,16,3615.727951
3.817124,16,3616.224319
3.687385,15,3616.690865
4.362562,17,3617.228355
2.987044,13,3617.641444
4.797481,18,3618.204929
4.951394,18,3618.767386
4.136634,17,3619.302197
3.188368,14,3619.754805
3.096201,13,3620.150586
4.42267,17,3620.671972
3.402441,14,3621.125535
2.955612,13,3621.53392
4.345632,16,3622.042849
3.325717,14,3622.4806
4.266315,17,3623.003886
4.840202,18,3623.570519
4.277404,17,3624.106582
5.283926,19,3624.700941
4.390846,18,3625.251441
3.596605,15,3625.720575
3.558998,14,3626.177404
3.800434,15,3626.647398
4.628566,18,3627.213631
4.233475,17,3627.748312
4.415366,18,3628.313118
3.687232,15,3628.780221
4.452165,18,3633.765264
6.016904,26,3634.557929
3.971346,16,3635.05672
4.376085,17,3635.594159
5.126342,19,3636.206209
3.972136,16,3636.713961
4.948771,19,3637.309139
4.706739,18,3637.875712
4.970736,19,3638.468928
5.505101,21,3639.135752
4.843701,17,3639.676342
3.469274,14,3640.128843
3.564554,14,3640.568741
4.734979,18,3641.141254
3.207411,14,3641.594614
4.475563,15,3642.075428
4.542469,18,3642.640935
4.368982,17,3643.163
4.646559,18,3643.730471
3.921663,14,3644.155777
4.780233,18,3644.70564
4.154815,17,3645.255386
4.062605,16,3645.750882
4.309506,17,3646.280737
0.184122,21,3646.946494
4.39158,17,3647.4666
6.132676,25,3648.226174
5.057936,19,3648.822964
3.904214,16,3649.332074
4.853551,18,3649.908319
5.702973,21,3650.553985
-0.208647,18,3651.118082
3.790062,15,3651.601698
3.401134,14,3652.039236
3.646447,15,3652.519873
3.965762,16,3653.013054
-0.015431,19,3653.589391
4.93631,18,3654.13876
4.629511,18,3654.70261
2.768238,12,3655.084089
5.187179,20,3655.705756
3.788046,15,3656.194376
4.188319,17,3656.715656
4.435178,16,3657.207645
2.920262,13,3657.614974
1.049046,24,3658.380016
3.157425,14,3658.824862
3.578256,14,3659.260925
-0.228954,18,3659.813138
3.917146,15,3660.267457
4.790417,19,3660.864523
3.44052,15,3661.352349
3.954685,16,3661.846128
4.750626,19,3662.444692
4.464312,17,3662.970642
3.745554,14,3663.410247
4.611141,18,3663.984267
-0.36446,18,3664.559319
3.074943,14,3665.009813
5.12082,19,3665.619097
4.994162,20,3666.261968
4.661187,17,3666.800179
3.184867,14,3667.242834
3.66668,15,3667.727053
3.640771,15,3668.179844
3.1,14,3668.635438
4.19678,17,3669.17819
5.024375,18,3669.746341
3.988975,16,3670.257345
4.045317,16,3670.757144
2.338032,12,3671.161973
4.795849,18,3671.731235
3.693752,15,3672.184054
3.302194,14,3672.624208
3.479695,14,3673.065029
4.232316,17,3673.604563
4.248721,17,3674.129661
4.195177,16,3674.613043
-1.167149,15,3675.052086
2.931484,13,3675.451446
4.618535,17,3675.991299
3.496057,14,3676.436085
3.319378,14,3676.890434
5.596497,21,3677.516907
5.102909,19,3678.115403
5.501087,20,3678.753744
4.31759,17,3679.292938
3.406752,14,3679.747412
3.104979,13,3680.157709
4.503554,18,3680.724947
-0.408971,18,3681.2842
4.057293,16,3681.765864
4.719471,18,3682.335676
4.272675,17,3682.877091
4.257174,17,3683.417515
4.680028,18,3683.998102
-0.307256,18,3684.566963
3.870279,16,3685.078033
4.982809,18,3685.64593
4.403057,17,3686.192309
3.847553,16,3686.70247
3.911592,15,3687.155849
3.665799,15,3687.63904
4.684454,17,3688.175695
4.395874,17,3688.732267
4.297451,16,3689.244056
-0.729664,17,3689.76794
4.782943,19,3690.360678
1.063491,25,3691.164549
3.567942,14,3691.608896
4.7576,20,3692.247442
5.366642,20,3692.891131
4.411487,17,3693.425313
4.07103,16,3693.960015
3.323336,14,3694.432291
3.598707,14,3694.88062
5.308058,21,3695.5382
4.059166,16,3696.058389
5.289207,22,3696.764932
4.60384,18,3697.321699
4.22236,17,3697.847286
3.216398,14,3702.687186
-0.041518,17,3703.208309
4.97637,19,3703.789607
-0.577387,17,3704.311697
3.898039,15,3704.76129
4.032134,17,3705.296102
3.901454,16,3705.811759
3.603771,15,3706.299975
4.307098,17,3706.838106
3.018608,13,3707.250266
5.05887,21,3707.902841
4.114958,16,3708.424728
3.515652,15,3708.907349
4.338039,17,3709.470444
3.537923,15,3709.960542
5.117828,20,3710.595881
4.260017,17,3711.137447
5.628767,21,3711.811084
3.450784,14,3712.273571
3.575849,15,3712.768013
4.016412,16,3713.282596
4.700461,18,3713.854778
4.206715,17,3714.401034
5.312207,21,3715.06971
3.877571,16,3715.561606
4.574212,18,3716.117793
4.04869,16,3716.642671
4.68822,19,3717.230812
-0.464163,17,3717.772391
5.159376,20,3718.39892
4.02453,15,3718.854779
3.955909,16,3719.350935
3.041513,14,3719.779057
3.290932,14,3720.234712
5.340333,22,3720.916935
4.456388,18,3721.49455
0.879006,21,3722.135508
3.942314,16,3722.647675
3.712047,15,3723.132886
3.303479,14,3723.574244
6.072254,22,3724.271168
3.700136,15,3724.755449
4.24586,17,3725.279095
4.522508,18,3725.848101
4.971829,20,3726.478586
3.787611,15,3726.945893
3.819567,16,3727.459421
3.949701,16,3727.97297
0.410295,20,3728.601544
3.668312,15,3729.083291
3.432261,14,3729.540528
3.525592,15,3730.009465
5.24664,19,3730.602687
4.173048,17,3731.142155
4.093195,16,3731.656296
3.546724,15,3732.123421
4.394523,17,3732.6296
2.878921,13,3733.025769
3.946724,15,3733.505007
3.208878,14,3733.945761
2.742763,12,3734.335826
-0.484518,17,3734.861116
3.92951,15,3735.345668
-0.933066,16,3735.841259
4.047014,17,3736.417925
4.003451,16,3736.940093
4.728104,18,3737.50348
3.685525,15,3737.989263
-0.067016,19,3738.60621
4.054925,16,3739.113329
4.192735,17,3739.666241
4.103215,16,3740.176943
3.834196,15,3740.653592
3.875578,16,3741.167912
4.733603,18,3741.757759
3.588684,15,3742.251267
3.361182,14,3742.713042
3.640794,15,3743.200701
3.381826,15,3743.684675
3.888101,16,3744.211912
4.397348,17,3744.762406
3.29804,14,3745.236608
3.092276,13,3745.64036
3.77797,16,3746.1598
4.041945,17,3746.680375
4.080426,16,3747.197507
4.958851,20,3747.827986
4.391005,17,3748.351483
4.42796,17,3748.88996
2.491518,12,3749.273726
3.800488,16,3749.788793
3.369325,14,3750.247769
3.788474,16,3750.761439
4.625378,19,3751.362252
3.84997,16,3751.857837
3.559838,14,3752.300718
4.873937,19,3752.911376
3.676136,15,3753.383107
4.360653,17,3753.921389
4.450643,18,3754.48707
3.949128,17,3755.02737
-0.985315,16,3755.536101
4.862683,19,3756.130753
3.986797,16,3756.647222
1.825177,10,3756.966909
3.583192,15,3757.435653
5.105822,20,3758.089059
6.140307,24,3758.82916
4.311696,18,3759.39621
4.112034,16,3759.90835
3.277235,14,3760.345579
5.127901,20,3760.97479
3.66088,15,3761.46491
3.515796,14,3761.921726
-0.278342,18,3762.479158
4.876239,20,3763.108497
4.008048,16,3763.618096
3.855398,16,3764.139536
3.212688,14,3764.571132
3.837079,16,3765.06943
0.109294,20,3765.697605
4.211765,17,3766.248336
4.16484,17,3766.776594
3.855964,16,3767.275313
3.736213,15,3772.130092
4.011873,16,3772.647894
4.95666,18,3773.224561
4.60156,18,3773.793257
-1.01047,15,3774.27151
5.323837,21,3774.936112
-38.694068,176,3780.398094
4.422958,17,3780.939214
4.299242,16,3781.454395
5.143979,20,3782.061331
-0.527314,17,3782.600034
3.405384,14,3783.050862
4.041444,16,3783.562773
6.052623,26,3784.37247
3.870419,16,3784.874032
4.292511,17,3785.411851
4.676329,17,3785.947237
2.688968,12,3786.322595
3.464095,15,3786.802849
-0.183378,17,3787.33832
5.276007,21,3787.974619
3.822926,15,3788.441352
3.492991,15,3788.929823
4.917539,19,3789.526506
4.787597,19,3790.121876
4.070234,16,3790.634849
3.136436,14,3791.075905
4.689291,18,3791.653051
5.128025,20,3792.290018
3.811624,16,3792.79898
4.826693,19,3793.395287
3.803962,16,3793.921868
4.393554,18,3794.489042
3.755397,15,3794.957505
0.613953,22,3795.639616
4.766861,19,3796.221886
-1.037939,16,3796.71561
4.045827,16,3797.212565
4.900806,19,3797.821291
-0.564732,18,3798.394759
-1.290551,15,3798.870396
4.1577,17,3799.407827
4.064128,15,3799.891629
3.965903,16,3800.38762
4.073566,16,3800.891965
5.270431,20,3801.522126
4.03654,15,3801.992502
-0.646475,16,3802.489941
4.14197,16,3803.002579
5.391183,20,3803.651745
4.508037,18,3804.222918
4.206595,16,3804.742969
3.966145,16,3805.259873
4.773929,18,3805.84636
4.638905,18,3806.452565
3.05751,13,3806.874832
4.444107,18,3807.46443
4.628442,18,3808.044342
3.855466,15,3808.538425
3.205774,14,3809.00595
-0.220813,19,3809.615489
3.961365,16,3810.14474
3.842645,15,3810.628497
6.282102,28,3811.565803
4.90492,20,3812.21224
4.477059,17,3812.769286
3.301866,13,3813.176871
4.363436,17,3813.737967
4.512539,18,3814.310627
3.586766,15,3814.803632
4.135267,17,3815.383631
4.302451,16,3815.912909
3.995657,15,3816.397833
2.59561,13,3816.816816
4.33299,16,3817.32718
-0.407261,17,3817.880494
3.303747,14,3818.342288
4.410888,18,3818.912215
4.712421,19,3819.522008
5.346521,20,3820.154383
3.911526,16,3820.664195
4.761432,18,3821.24376
4.443118,17,3821.800419
4.414472,18,3822.378826
4.598943,18,3822.951762
4.295355,17,3823.497209
3.73039,15,3823.991402
5.1216,20,3824.639169
3.235628,14,3825.095743
4.702348,18,3825.704799
-0.944262,15,3826.191643
4.956903,19,3826.824078
4.129184,17,3827.350507
3.738106,15,3827.832163
5.432682,21,3828.528109
4.440109,17,3829.080413
3.554658,15,3829.565936
4.411831,17,3830.13267
2.905576,13,3830.56166
4.182547,16,3831.082969
3.523048,15,3831.59323
4.688162,19,3832.210464
4.348915,16,3832.726613
3.589579,15,3833.196055
4.406755,17,3833.758658
4.530415,17,3834.32274
4.066344,16,3834.816151
-0.971359,15,3835.299164
4.224229,16,3835.804857
4.126214,15,3836.306837
4.495047,17,3836.844427
3.954097,16,3841.740264
5.341979,22,3842.453536
4.388411,18,3843.026682
4.03426,15,3843.492354
4.930013,19,3844.084794
5.307718,21,3844.74952
4.474029,17,3845.272218
3.85543,16,3845.779586
3.983942,16,3846.286142
4.444701,17,3846.809418
3.369408,14,3847.24569
3.825216,15,3847.69906
4.969875,19,3848.294414
5.371476,20,3848.915421
-0.189715,19,3849.505429
5.6657,24,3850.238665
3.777833,15,3850.718016
-38.93758,176,3856.067614
5.064806,20,3856.680914
3.62201,15,3857.146313
3.734475,15,3857.615788
4.510696,18,3858.169776
4.685113,18,3858.721544
5.449144,22,3859.415439
3.714759,15,3859.899014
3.355025,14,3860.341805
4.120051,17,3860.878513
5.079383,20,3861.505978
4.441994,17,3862.027606
3.031503,14,3862.449643
4.015105,16,3862.946666
3.996572,16,3863.453347
3.958475,16,3863.945562
3.68185,15,3864.415564
3.95358,15,3864.885976
4.762594,18,3865.452018
3.928225,16,3865.959175
3.899309,16,3866.462257
4.556196,18,3867.015706
4.317412,18,3867.567225
4.208459,17,3868.106177
3.852751,16,3868.596807
4.236226,17,3869.138675
3.906343,16,3869.65245
4.676671,18,3870.220943
4.414202,17,3870.743043
4.618376,18,3871.295921
4.803514,20,3871.911935
3.812323,16,3872.409668
3.476344,15,3872.879594
5.301311,21,3873.539441
2.816954,13,3873.936304
4.483587,17,3874.461066
5.22196,20,3875.067532
4.014883,16,3875.564753
4.509838,17,3876.11953
4.453985,17,3876.655027
3.911586,16,3877.153649
3.921682,16,3877.659741
4.315185,17,3878.189045
5.263405,21,3878.867707
3.83105,16,3879.380996
4.566351,18,3879.950143
2.439045,11,3880.308063
4.190072,17,3880.851611
4.247794,16,3881.35357
3.879933,16,3881.863926
4.5452,18,3882.43541
3.483473,15,3882.903217
3.991185,16,3883.400092
3.725882,15,3883.874244
-0.55888,17,3884.42362
3.141375,14,3884.88997
3.854306,16,3885.371491
3.057842,14,3885.827881
3.561254,15,3886.299146
5.205439,20,3886.917215
3.495179,15,3887.393296
3.802172,16,3887.878892
4.681498,19,3888.468566
4.62478,17,3888.980172
4.705006,18,3889.539837
5.237868,20,3890.158618
4.954337,20,3890.769938
3.925715,15,3891.238608
3.221782,14,3891.68798
3.851447,16,3892.20619
4.299442,17,3892.759397
0.72466,21,3893.421318
-0.360105,17,3893.960388
3.228363,13,3894.386162
3.500171,14,3894.825241
3.936112,16,3895.32005
3.943663,16,3895.814463
3.777399,16,3896.308995
4.103178,17,3896.835593
4.847112,19,3897.42588
4.866264,17,3897.948288
4.640601,19,3898.55591
-0.047926,18,3899.127468
3.246651,14,3899.551811
2.898223,13,3899.949876
5.096141,20,3900.559134
5.478615,21,3901.212817
3.857216,16,3901.696321
3.852553,15,3902.148049
4.901398,20,3902.784934
3.759373,15,3903.236581
4.505594,17,3903.761116
3.959855,16,3904.254642
4.964722,19,3904.833925
3.746898,15,3905.318392
3.917401,16,3910.258202
3.520519,15,3910.758762
4.695941,18,3911.330508
4.718979,19,3911.95177
5.160184,20,3912.580971
4.877448,18,3913.164615
4.754344,18,3913.733322
5.223908,20,3914.341313
5.817749,23,3915.03632
5.084822,20,3915.660096
5.133334,20,3916.266732
3.637354,15,3916.743833
3.993163,16,3917.237052
3.714267,15,3917.687994
3.503384,15,3918.137837
4.814565,19,3918.731452
4.666076,18,3919.282134
4.503664,17,3919.807859
3.611768,15,3920.275186
3.562816,14,3920.727226
5.224015,20,3921.346696
4.615334,18,3921.901573
3.09581,14,3922.323761
3.762563,16,3922.829587
3.525026,15,3923.294436
3.382266,15,3923.772754
4.597185,17,3924.295282
5.265838,20,3924.900316
4.302191,17,3925.434222
3.229365,14,3925.885115
4.908757,19,3926.482241
3.970943,16,3926.990625
4.828851,19,3927.581552
3.605182,15,3928.051605
4.825265,18,3928.617629
3.822805,16,3929.128863
4.331915,18,3929.677592
4.990362,19,3930.270674
4.343555,17,3930.809258
5.175503,21,3931.478091
4.366548,18,3932.044812
5.597095,23,3932.735783
4.739809,19,3933.360281
3.465142,15,3933.829648
3.987036,15,3934.294748
5.062637,21,3934.961461
2.400003,12,3935.341171
4.509066,18,3935.906394
4.7598,19,3936.508902
4.561777,18,3937.090958
4.542774,18,3937.642915
2.820716,13,3938.06754
4.18218,17,3938.592216
4.203754,17,3939.115529
3.588232,15,3939.594182
3.736547,16,3940.092871
4.715434,18,3940.66703
4.198915,17,3941.210989
3.147717,14,3941.653709
4.532626,18,3942.207247
5.378722,22,3942.912532
4.61693,19,3943.505309
3.236984,14,3943.929044
4.825412,20,3944.556518
4.476356,17,3945.095915
2.967436,14,3945.536831
4.793337,19,3946.129741
4.35095,17,3946.643908
3.310464,14,3947.070143
3.960003,16,3947.565111
3.606217,15,3948.044534
4.252664,17,3948.600262
3.982465,16,3949.080629
4.349242,17,3949.588883
4.762718,19,3950.154085
4.579159,18,3950.690701
5.70627,21,3951.338228
4.359042,17,3951.883397
3.895801,16,3952.377223
3.482417,15,3952.843658
5.213474,20,3953.467007
6.24592,27,3954.285769
0.713225,22,3954.952646
3.396579,14,3955.381173
5.423628,22,3956.048005
4.051686,16,3956.550256
3.97942,16,3957.045748
6.208731,25,3957.800714
3.777607,15,3958.268008
3.66656,15,3958.750029
5.052,19,3959.344845
3.359598,15,3959.810475
4.652618,18,3960.376326
4.83419,19,3960.972575
-0.106779,18,3961.546026
3.11064,14,3961.985983
4.46362,17,3962.511251
3.90048,15,3962.990983
5.011219,20,3963.615313
4.272977,17,3964.154912
5.244586,21,3964.806724
3.309442,14,3965.244819
3.760565,16,3965.726844
5.187247,21,3966.378347
3.798228,16,3966.904885
5.01,20,3967.540041
3.525203,14,3967.978262
4.809224,19,3968.57467
3.493277,15,3969.042102
4.622667,18,3969.593358
4.200349,16,3970.091785
3.846142,16,3970.58767
4.582932,19,3971.18318
3.211876,14,3971.629707
2.484626,12,3972.009804
4.12196,16,3972.522227
3.597698,14,3972.960721
3.485197,15,3973.410367
5.28336,21,3978.454303
4.996989,21,3979.091092
4.113268,17,3979.62857
4.750739,19,3980.219897
4.983873,18,3980.78404
-0.203418,19,3981.379107
2.619891,13,3981.795233
4.798287,19,3982.389641
2.961579,13,3982.799191
4.259351,17,3983.335489
-1.149578,16,3983.846898
3.91305,16,3984.35509
5.405827,22,3985.030382
4.846444,19,3985.625943
4.143274,17,3986.149861
5.602473,24,3986.8936
4.3127,18,3987.460079
4.767791,19,3988.068954
4.759417,19,3988.662003
2.601454,12,3989.043877
3.694418,16,3989.539315
4.679605,19,3990.119371
-0.948283,16,3990.613875
4.450034,17,3991.152308
4.888945,19,3991.751467
3.634329,15,3992.232178
6.049435,27,3993.06854
4.118225,16,3993.578007
3.480516,15,3994.043802
4.70156,19,3994.609765
5.396376,22,3995.288941
4.04944,16,3995.797724
4.117179,16,3996.306532
-0.745919,17,3996.833751
4.22536,16,3997.327672
3.190204,14,3997.780796
4.739754,18,3998.330883
5.160941,20,3998.956817
4.691938,18,3999.538767
5.304074,21,4000.204648
5.068579,21,4000.883716
3.179922,14,4001.29532
3.719543,15,4001.766461
4.220171,17,4002.291921
4.593593,18,4002.843959
4.734475,19,4003.411308
2.733357,13,4003.805087
2.803464,13,4004.202684
4.243989,16,4004.683265
3.828201,16,4005.161006
3.782524,16,4005.636958
3.453407,14,4006.05679
4.20499,17,4006.58413
4.229995,17,4007.104695
4.458344,18,4007.655033
4.598272,18,4008.208766
3.831112,16,4008.702917
4.778147,19,4009.296021
3.641358,15,4009.778804
4.536211,18,4010.343104
4.441609,17,4010.863978
5.785655,23,4011.57692
4.751511,19,4012.172417
4.251015,17,4012.71141
3.378238,14,4013.149038
-0.238647,19,4013.744088
4.258076,17,4014.270796
4.550677,18,4014.835001
5.302551,21,4015.499947
4.283682,17,4016.039108
3.660333,15,4016.511179
4.139231,16,4017.008953
4.434628,18,4017.560317
-0.283693,18,4018.128383
3.991452,16,4018.61173
4.634673,19,4019.207753
3.770956,16,4019.702523
5.665163,24,4020.452817
4.805957,19,4021.060414
3.983564,16,4021.549742
3.38785,14,4021.959985
3.160601,14,4022.411525
4.299779,17,4022.949865
5.676245,24,4023.702138
4.261789,17,4024.238585
5.715154,24,4024.973256
3.484282,14,4025.412279
4.499168,16,4025.908057
6.091678,26,4026.717068
4.070027,17,4027.253847
3.862502,15,4027.739104
5.017679,20,4028.365647
3.785945,16,4028.858795
3.756446,16,4029.365221
0.413609,21,4030.032141
4.692373,18,4030.612326
4.057703,17,4031.149671
-1.275452,15,4031.622081
4.22389,17,4032.14519
4.519636,18,4032.710464
4.189253,17,4033.248972
4.435668,18,4033.802478
4.685,18,4034.366013
4.308094,17,4034.902736
4.736508,19,4035.505197
3.234965,14,4035.947468
3.791252,16,4036.462025
3.824994,15,4036.945854
4.495977,18,4037.500198
4.727482,19,4038.097348
5.152269,21,4038.752383
4.968137,20,4039.389502
3.886886,16,4039.885136
0.213609,19,4040.481344
4.165276,17,4040.991027
3.497014,15,4041.476603
5.021689,19,4042.059426
4.290411,17,4046.963686
3.162198,14,4047.405148
-0.081888,20,4048.017425
3.802468,15,4048.484821
3.321474,13,4048.867879
3.684865,15,4049.320493
2.614011,12,4049.702791
5.164791,21,4050.342584
4.801623,18,4050.897037
5.484246,21,4051.541267
4.345443,18,4052.123148
5.181661,21,4052.775379
3.380463,15,4053.242605
4.701576,18,4053.828262
5.467116,22,4054.527455
3.33417,14,4054.96752
4.263677,18,4055.53343
4.572341,18,4056.102277
4.172221,17,4056.656346
2.195555,11,4056.997585
5.517153,22,4057.688616
3.923034,16,4058.198871
5.781965,22,4058.874598
4.370404,18,4059.451534
5.812379,25,4060.228698
4.422004,17,4060.782095
4.641557,19,4061.381431
5.153019,21,4062.049653
4.954373,21,4062.695776
4.258551,17,4063.234278
4.30127,16,4063.742006
4.062531,16,4064.251866
4.057617,17,4064.773334
4.309789,18,4065.338767
4.290707,17,4065.877277
4.46477,17,4066.417274
3.408162,15,4066.904166
3.955428,16,4067.412323
5.052014,20,4068.037686
4.951852,20,4068.6624
-0.271362,18,4069.213969
0.113209,20,4069.832376
4.079876,16,4070.343193
3.835042,16,4070.856076
3.856338,16,4071.364895
4.710582,18,4071.930732
-35.434894,176,4077.354046
5.047277,20,4077.976236
3.885257,16,4078.485004
3.633359,15,4078.965605
4.481982,18,4079.531891
4.771491,18,4080.098545
4.651683,19,4080.692623
-0.058047,19,4081.28623
4.616473,19,4081.903166
3.078207,14,4082.340329
3.841102,16,4082.835081
3.730026,16,4083.32618
4.437679,17,4083.846881
3.161345,14,4084.271489
4.553752,18,4084.809353
0.126338,20,4085.43348
4.416366,18,4085.982914
5.145628,21,4086.628117
4.856156,19,4087.222897
4.824937,19,4087.817518
5.059983,19,4088.40887
4.84775,19,4089.005523
3.819669,16,4089.516379
5.401135,21,4090.165975
3.854474,16,4090.658438
4.283261,17,4091.185364
3.851743,15,4091.673752
3.224537,14,4092.126615
3.343992,14,4092.549567
3.45878,15,4093.029241
3.666567,15,4093.504009
3.960667,16,4093.996515
4.913289,20,4094.61824
3.833805,16,4095.129576
3.25262,14,4095.56108
4.110031,17,4096.082499
3.395604,15,4096.551782
4.32975,18,4097.103441
4.349948,18,4097.671111
4.079177,17,4098.22481
5.167407,21,4098.88014
4.602598,19,4099.492335
3.552499,15,4099.964044
4.198766,17,4100.527868
4.167155,17,4101.085072
3.713563,16,4101.608788
4.422623,18,4102.18242
3.78962,16,4102.713927
4.271429,17,4103.281044
3.745437,16,4103.804222
4.602505,17,4104.353386
4.895879,19,4104.963092
2.820461,13,4105.364667
4.46948,18,4105.955675
3.886525,16,4106.484982
5.151917,20,4107.131725
4.623204,19,4107.758504
4.101231,17,4108.296418
3.733993,16,4108.819408
5.328922,21,4109.509721
5.636094,23,4110.272855
3.811551,16,4110.790982
4.088645,17,4115.772866
3.123298,14,4116.217766
4.859233,19,4116.825424
5.190778,20,4117.469667
4.65922,18,4118.018078
4.623041,18,4118.587646
3.763741,15,4119.052656
3.783715,16,4119.545234
4.831253,19,4120.160204
4.413942,18,4120.744589
5.005745,20,4121.386885
4.315708,18,4121.961014
4.381768,18,4122.565624
2.809604,13,4122.983312
4.554787,17,4123.552641
4.901025,18,4124.135288
5.363127,23,4124.879676
4.539652,18,4125.467968
4.540969,18,4126.067849
4.657761,18,4126.654635
3.448366,15,4127.13911
4.152688,17,4127.692208
4.677531,19,4128.311956
4.743554,19,4128.92722
5.175078,21,4129.587649
-38.030437,176,4135.210417
4.280985,17,4135.755183
3.94309,16,4136.28059
3.417225,15,4136.77219
-0.494533,18,4137.36533
5.351934,21,4138.047231
3.695736,16,4138.563656
4.294283,18,4139.134867
-0.637211,16,4139.658143
3.766533,16,4140.149522
4.511124,19,4140.746046
4.424417,18,4141.311765
4.402184,18,4141.88838
4.300184,17,4142.438284
-37.317236,176,4147.93584
5.198863,21,4148.590882
3.979059,16,4149.088964
4.329749,18,4149.673076
5.502101,22,4150.353874
3.196674,14,4150.807919
4.11292,17,4151.335604
4.090222,17,4151.893563
4.246393,16,4152.395198
4.462502,18,4152.966582
5.313822,23,4153.676942
3.711901,15,4154.153905
4.201866,17,4154.678489
5.854333,23,4155.404537
3.934463,16,4155.90534
4.718881,18,4156.452513
4.29686,18,4157.01288
-37.153865,176,4162.542156
4.459868,18,4163.135622
4.965887,19,4163.759748
4.160944,17,4164.316029
3.613296,15,4164.822813
3.007639,14,4165.275889
4.791392,19,4165.88533
5.202367,21,4166.562574
-0.315346,18,4167.155961
-1.316469,15,4167.633308
5.313215,21,4168.314278
5.542054,23,4169.047504
3.587142,15,4169.536851
4.438151,18,4170.111981
5.10335,20,4170.750397
3.729621,16,4171.275208
4.646182,18,4171.842982
-35.461012,176,4177.3052
3.484045,15,4177.768909
4.122187,16,4178.270915
4.94089,20,4178.893736
4.422815,18,4179.501194
4.412546,17,4180.055998
3.731965,16,4180.588643
5.358477,21,4185.671673
4.574949,18,4186.255249
3.834389,16,4186.770276
3.77119,16,4187.30476
3.402756,15,4187.806901
4.233678,17,4188.365515
4.769091,20,4189.007893
3.617314,15,4189.49748
-0.520381,18,4190.087309
4.988824,19,4190.692895
-1.30113,15,4191.17727
3.919219,16,4191.692155
4.518351,18,4192.298259
5.356924,21,4192.976357
3.50294,15,4193.472354
5.34535,21,4194.160943
-0.597842,17,4194.720913
4.542397,17,4195.287133
4.602862,19,4195.892782
4.45009,18,4196.482284
4.087542,17,4197.047158
4.53668,18,4197.630302
3.647528,16,4198.163613
4.656848,17,4198.718772
4.53564,19,4199.338818
4.299416,18,4199.922853
3.02153,14,4200.392935
4.359467,18,4200.971835
4.655204,18,4201.541168
4.508376,18,4202.11481
5.781174,24,4202.881398
4.123001,17,4203.434518
0.445606,19,4204.051091
3.290681,14,4204.492576
4.474496,18,4205.101244
4.890273,20,4205.744592
4.704093,19,4206.349383
4.53466,18,4206.928298
4.710209,19,4207.523553
4.617578,19,4208.118239
-0.578029,17,4208.657632
4.400358,17,4209.197245
5.086908,19,4209.782213
3.14024,14,4210.220827
4.665978,19,4210.817507
4.62922,19,4211.413243
4.905733,20,4212.052869
4.337842,18,4212.630377
-0.040015,19,4213.209079
4.649532,18,4213.760076
6.143988,24,4214.466326
4.643951,19,4215.061345
4.541875,19,4215.631877
4.566165,17,4216.139077
4.591138,19,4216.738007
4.762348,19,4217.305544
4.177582,17,4217.83194
5.577992,23,4218.542942
4.731099,19,4219.150467
6.040328,25,4219.90372
3.633371,16,4220.401147
4.645987,17,4220.92338
4.640209,19,4221.500161
4.436349,18,4222.051251
3.831891,16,4222.528619
0.196074,20,4223.134636
5.371084,22,4223.811584
5.308845,21,4224.460078
5.356651,22,4225.150017
5.278575,21,4225.8135
0.274082,21,4226.448228
3.870408,16,4226.965765
4.574385,18,4227.501479
4.262873,17,4228.036454
5.293747,21,4228.712424
4.304331,17,4229.256938
0.712884,24,4230.002005
3.525588,15,4230.477952
0.802341,25,4231.246835
4.637652,18,4231.827797
4.425004,18,4232.408272
2.786171,13,4232.840956
4.235159,17,4233.38016
4.480173,18,4233.956048
4.686432,19,4234.526361
4.061877,16,4235.021952
4.112902,17,4235.563258
3.630973,15,4236.045526
3.925262,16,4236.540516
4.530552,18,4237.102409
3.356191,14,4237.525926
3.92294,16,4238.038687
5.472245,22,4238.733021
5.598623,24,4239.474867
3.114514,14,4239.911065
4.02642,17,4240.44999
3.315532,14,4240.875201
5.492495,22,4241.559691
-35.308359,176,4246.896065
3.75253,16,4247.398766
4.539761,19,4247.983746
4.074649,16,4248.494425
5.161395,20,4249.106143
4.605199,19,4254.165089
4.586027,19,4254.758057
3.377428,15,4255.242846
3.741668,16,4255.754444
3.732012,16,4256.235617
4.650034,18,4256.807207
4.493842,18,4257.371006
4.868889,19,4257.974621
3.177312,14,4258.42783
4.053004,17,4258.959496
3.167321,14,4259.39987
3.366942,15,4259.902734
3.60676,15,4260.387176
4.019081,17,4260.929735
-0.945112,16,4261.465322
3.489134,15,4261.962765
4.606529,19,4262.554631
5.390436,21,4263.244452
4.927747,19,4263.848267
3.470975,15,4264.335136
4.472229,18,4264.903603
4.701257,19,4265.538084
4.98125,20,4266.166921
3.842118,16,4266.682826
4.328057,17,4267.23198
5.173789,21,4267.912928
-0.432827,19,4268.543181
4.377753,17,4269.098007
3.885867,15,4269.593083
3.35748,15,4270.075048
3.76796,16,4270.60275
4.542798,19,4271.224384
3.691259,16,4271.742437
4.399249,18,4272.327679
5.30217,21,4273.011725
4.468946,18,4273.615317
4.479615,17,4274.134502
4.314298,17,4274.671641
4.359077,17,4275.197467
5.694139,22,4275.867662
4.373584,17,4276.389194
-1.371146,15,4276.869543
-0.267405,19,4277.433748
3.393785,15,4277.913395
3.628978,15,4278.397388
-0.512177,19,4278.99142
4.666372,19,4279.577926
4.602385,19,4280.175452
4.717552,20,4280.800368
4.34696,17,4281.336691
4.923017,19,4281.935319
3.809132,16,4282.447048
5.085892,20,4283.06748
3.999306,16,4283.565933
4.688137,18,4284.118241
3.52768,15,4284.584217
5.06238,20,4285.194408
4.36325,18,4285.744114
3.37212,15,4286.194717
4.194664,17,4286.720212
3.132829,14,4287.142209
4.626777,18,4287.688784
5.140026,21,4288.323014
4.591733,19,4288.917001
0.175095,20,4289.543027
4.480011,18,4290.10943
4.293049,18,4290.695936
4.408129,18,4291.268522
4.468883,17,4291.823189
3.805863,16,4292.304057
4.337022,17,4292.84455
4.390762,18,4293.411261
4.305667,18,4293.961178
4.607506,18,4294.533826
4.594158,19,4295.136472
4.405219,18,4295.704692
4.308241,16,4296.215792
-32.344449,176,4301.51623
5.327855,21,4302.162036
3.090442,14,4302.585602
4.395804,18,4303.133492
4.723321,19,4303.725499
4.366809,17,4304.254047
-0.789368,18,4304.809903
3.379728,14,4305.233378
4.058057,17,4305.757967
4.21832,17,4306.271266
5.384475,23,4306.973847
0.27063,21,4307.622829
4.061781,17,4308.145779
4.191331,17,4308.659258
5.211363,19,4309.225899
3.376128,15,4309.706015
3.414389,15,4310.172831
2.970144,13,4310.592734
5.239746,21,4311.248537
4.786558,18,4311.821752
3.507164,15,4312.306918
4.988955,20,4312.920096
4.455441,18,4313.478275
3.427925,15,4313.969582
3.542163,15,4314.449358
-0.404006,18,4315.024573
3.153596,14,4315.47785
-0.656739,18,4316.045396
3.435693,15,4316.512253
3.660795,16,4317.029888
4.067094,16,4317.541373
3.838428,15,4317.993655
5.407028,23,4323.173086
5.277218,22,4323.871041
0.176917,21,4324.523236
4.877661,19,4325.105901
3.644146,15,4325.565213
4.323186,18,4326.127891
4.050221,17,4326.674978
4.932489,19,4327.271651
4.248224,17,4327.807189
4.004907,17,4328.359597
3.673005,16,4328.870275
0.089557,21,4329.523391
4.459779,18,4330.09046
4.033399,17,4330.622873
5.240554,20,4331.243419
2.761221,13,4331.661525
0.322125,22,4332.352273
3.79891,16,4332.858783
4.936765,20,4333.484845
4.163545,17,4334.02325
3.703818,16,4334.5528
4.373506,18,4335.132545
4.884602,20,4335.767665
3.486803,15,4336.263889
4.259032,18,4336.839337
4.78855,20,4337.479575
4.756774,20,4338.106322
3.969521,17,4338.631583
5.187477,20,4339.264062
4.273855,17,4339.805296
4.337347,18,4340.368318
3.9107,16,4340.868685
5.071276,21,4341.526852
4.112931,17,4342.077394
3.449711,15,4342.542568
2.718723,13,4342.952511
-1.053015,16,4343.45946
3.538564,15,4343.958897
4.843661,19,4344.568041
4.927244,19,4345.183477
4.485435,19,4345.787104
4.026602,17,4346.355026
5.632313,25,4347.145586
4.164933,17,4347.678113
3.870153,16,4348.190776
4.985896,20,4348.82989
3.746861,16,4349.342673
3.496918,15,4349.820204
5.603708,23,4350.550229
3.484072,15,4351.011637
3.783857,16,4351.508039
3.724873,16,4351.998668
4.924522,19,4352.592584
-0.000709,20,4353.213883
5.32356,20,4353.855823
3.534305,15,4354.308566
4.27539,18,4354.874431
4.753354,19,4355.467316
3.377496,15,4355.933675
4.846363,19,4356.51453
4.318635,17,4357.081379
5.237264,20,4357.717293
5.744922,23,4358.426195
2.661239,13,4358.838279
0.285934,21,4359.504269
3.796534,16,4360.018118
3.405521,15,4360.501878
3.741105,16,4360.981199
3.312107,15,4361.44723
3.668867,16,4361.951655
4.696601,19,4362.545696
3.057369,14,4362.972386
4.335739,17,4363.485808
4.045757,17,4364.00925
4.583416,18,4364.565903
4.974039,20,4365.171932
5.175542,22,4365.849271
4.597986,18,4366.397568
4.689993,18,4366.956193
-0.038717,19,4367.536657
4.726414,20,4368.152419
-1.215355,16,4368.630445
3.085789,14,4369.068886
3.247318,14,4369.508176
3.615926,15,4369.986799
3.474643,14,4370.416197
3.828011,16,4370.925067
4.216131,17,4371.449799
4.517949,18,4372.005518
3.818573,16,4372.51287
3.941424,16,4373.025045
4.572904,18,4373.575741
4.606228,19,4374.152537
3.833767,16,4374.631344
4.750499,20,4375.224113
3.329603,15,4375.694126
3.898119,16,4376.187922
3.926644,16,4376.683865
4.355559,18,4377.244443
4.683456,19,4377.827233
4.750818,18,4378.384162
5.750829,27,4379.210944
2.725248,13,4379.606818
5.324117,21,4380.228717
4.597448,18,4380.782172
3.601304,15,4381.253243
5.029459,20,4381.85561
3.378576,15,4382.325481
-0.995218,16,4382.82317
4.620219,18,4383.393545
3.596367,15,4383.8809
3.05458,14,4384.315036
4.016169,17,4384.847333
4.01744,17,4385.392948
4.039975,16,4385.892689
