#{"t_start": 1773678023.1188908, "env_id": "continuous-highway-v0"}
r,l,t
5.754441,15,6.016603
6.64253,15,6.426567
4.520247,13,6.76731
6.567511,15,7.170526
1.188263,15,7.57258
5.950935,15,7.957512
6.931991,16,8.398592
5.588968,14,8.759893
4.857651,12,9.091746
5.326773,14,9.464898
6.509993,16,9.898903
5.726798,14,10.262325
1.80055,15,10.65898
5.318038,13,11.012787
4.828848,13,11.366773
5.209601,13,11.707261
6.486183,15,12.107552
7.216644,17,12.552727
5.641739,13,12.892066
5.934884,15,13.295819
6.008032,14,13.654331
6.097557,15,14.050564
6.016223,15,14.44535
5.89882,15,14.826956
2.317725,16,15.264287
5.524676,14,15.636391
1.181537,15,16.034887
4.108183,12,16.349176
4.028796,11,16.627712
5.578274,13,16.96597
5.15811,13,17.301984
6.67394,16,17.72069
5.037711,13,18.057524
5.623883,14,18.42978
5.514037,14,18.815411
5.686774,14,19.173716
7.366506,16,19.603766
5.80435,13,19.939576
4.907968,13,20.281523
5.055825,13,20.6165
2.26327,17,21.083941
5.033236,13,21.436123
5.819361,14,21.815604
5.325435,14,22.176759
6.262957,14,22.540534
5.817286,14,22.900997
7.263517,17,23.346261
1.223198,14,23.71962
5.583176,14,24.092929
4.616738,12,24.423508
6.059444,14,24.796039
4.608968,12,25.110715
6.075378,15,25.505574
5.336155,14,25.884515
1.550906,14,26.244086
6.484935,16,26.678133
5.27219,13,27.015898
6.53615,16,27.449755
6.054985,14,27.809405
5.076315,13,28.135675
4.452077,12,28.436699
5.809371,14,28.797267
6.082223,14,29.16907
1.458699,14,29.539999
4.840104,13,29.873371
6.383499,14,30.242744
5.291886,13,30.591292
2.053621,16,30.996249
3.634592,11,31.297864
1.851298,15,31.692317
6.023022,14,32.066653
5.951739,14,32.42341
4.485878,12,32.74863
5.730512,14,33.107803
1.375481,14,33.46579
5.613073,14,33.824764
5.531345,14,34.182188
4.614063,12,34.506763
5.814144,14,34.865464
6.962857,17,35.305073
4.918095,13,35.640894
6.70809,16,36.071311
6.01453,14,36.430712
0.31944,13,36.779404
5.452557,14,37.151695
5.758999,13,37.500166
5.260156,14,37.87352
6.133407,15,38.265994
6.028953,15,38.659677
4.590008,12,38.973834
5.021017,13,39.322376
5.218048,13,39.659031
6.478303,15,40.05545
5.239249,13,40.3924
5.075667,13,40.741097
4.04381,12,41.054825
6.46627,16,41.472422
6.230659,14,41.844511
5.63962,14,42.216233
6.094671,15,42.613127
6.708349,15,43.010235
0.440791,13,43.363144
1.20838,14,43.736126
1.928731,17,44.179644
6.435433,14,44.542689
5.077914,13,44.89543
5.167175,13,45.23153
5.404747,13,45.553835
5.737191,14,45.913345
1.926655,15,46.322284
4.46208,12,46.623783
5.957275,15,47.017891
0.392292,13,47.367463
5.587158,14,47.745033
5.863079,14,48.12052
6.341566,14,48.478166
6.584329,16,48.909068
4.803437,13,49.259589
6.220317,14,49.604035
5.853343,14,49.978284
1.123657,14,50.351435
6.191917,14,50.724371
4.858754,13,51.059474
1.254786,14,51.417536
1.940161,16,51.848376
5.46785,14,52.220479
5.347543,13,52.542941
5.822595,15,52.939801
5.305666,14,53.301995
6.353372,15,53.697072
0.912803,14,54.073784
1.201849,15,54.467988
5.874232,14,54.839403
5.701262,13,55.182312
5.172836,14,55.528104
1.596566,15,55.929894
4.513209,12,56.245098
5.995322,15,56.627299
5.652023,13,56.988444
0.840636,14,57.350578
6.060664,15,57.745796
4.793599,13,58.100199
5.244133,14,58.473163
5.795997,14,58.848843
6.318929,15,59.250942
5.99378,14,63.92662
5.253181,13,64.279051
2.127453,16,64.697927
1.002002,15,65.094852
6.453961,15,65.488946
5.107641,14,65.832716
6.15048,15,66.240951
5.254838,13,66.591025
5.04322,13,66.92621
6.05703,15,67.307093
3.944028,12,67.620323
6.183349,16,68.052099
4.755884,12,68.351826
2.311275,17,68.804325
4.696583,13,69.135682
0.395385,13,69.457028
5.195932,14,69.816914
7.245037,17,70.263919
4.723967,13,70.603237
6.646796,16,71.025362
1.153583,15,71.419564
5.9536,15,71.832403
6.718564,16,72.2433
6.259467,16,72.658641
5.314695,13,73.010471
4.633056,12,73.325258
6.055454,14,73.704211
5.366832,13,74.04952
6.079127,15,74.438535
5.717888,14,74.810778
5.234337,14,75.182351
4.743771,13,75.518607
4.580745,12,75.845097
6.363477,14,76.215949
6.188479,15,76.622278
6.065696,15,77.018135
6.148474,14,77.392603
4.810689,13,77.729583
5.766812,14,78.108125
6.11962,15,78.516974
5.493268,13,78.853695
6.988045,16,79.273482
5.769599,15,79.67465
4.584542,12,79.988987
4.945697,13,80.338717
5.834627,15,80.722397
1.640736,16,81.141845
2.059739,17,81.569091
5.276975,14,81.94275
6.459517,16,82.361073
6.607692,16,82.78537
6.214528,15,83.182351
0.537586,13,83.535611
7.035753,17,83.978045
4.57945,12,84.292592
5.27058,14,84.665245
6.18478,14,85.025183
5.833667,15,85.408263
6.476792,15,85.804685
6.447736,15,86.196723
5.15115,13,86.534562
5.817957,14,86.891275
5.61527,14,87.255934
4.463451,12,87.580779
0.86477,14,87.954629
1.531977,15,88.33567
0.408166,14,88.71005
5.443915,14,89.093311
5.788714,14,89.464285
5.304564,13,89.822331
4.633457,12,90.135206
5.951378,14,90.513885
5.206562,14,90.891734
6.702929,16,91.314074
1.982562,16,91.722893
5.844244,14,92.080026
5.457677,13,92.437775
5.507394,14,92.812472
5.088948,13,93.160886
6.418007,15,93.561231
5.624256,14,93.943726
4.864884,12,94.258044
6.3335,15,94.655828
6.125055,15,95.063373
4.910587,13,95.41238
6.131447,15,95.810141
1.540597,15,96.213613
4.840908,13,96.553501
6.664301,18,97.041063
6.280481,15,97.425737
5.50664,14,97.792333
5.711132,14,98.154855
5.338242,13,98.50492
1.431507,16,98.928337
5.59848,14,99.277514
6.048406,14,99.639303
4.944248,12,99.953853
1.544663,15,100.342939
5.755662,14,100.707241
5.89467,14,101.088403
5.78067,14,101.466512
5.250629,14,101.837722
0.675447,13,102.16252
6.339698,14,102.524312
6.138345,14,102.897109
0.6226,14,103.25879
6.585519,15,103.64339
5.144577,13,103.993488
6.003887,14,104.356473
5.443718,14,104.716901
5.180701,14,105.089372
5.721238,14,105.460924
5.536594,14,105.823218
6.59785,16,106.240912
5.14916,12,106.570383
5.947501,14,106.929239
1.95442,17,107.356565
5.693479,15,107.751755
5.525436,14,108.13864
6.022652,15,108.534351
5.203879,13,108.870765
6.64993,15,109.266206
6.386634,15,109.664312
4.635521,13,110.001738
5.469048,14,110.361977
5.248589,13,110.711104
6.803703,15,111.093087
5.566517,14,111.452472
4.927901,13,111.803344
5.331814,14,112.152259
6.081881,15,112.547761
2.164713,16,112.953907
7.160723,17,113.395231
4.799274,13,113.731953
5.984628,15,114.127378
5.3843,13,114.466631
7.02554,17,114.935722
5.418812,14,115.302156
6.648922,17,115.756741
5.283399,15,116.159812
5.209998,14,116.519852
5.517657,13,116.857957
6.515982,15,117.26008
1.237924,14,117.638541
5.351939,14,122.37802
5.28962,14,122.752053
5.425292,14,123.124476
5.465159,14,123.496657
5.558911,14,123.868492
1.305538,15,124.264762
5.7838,15,124.660072
5.734232,13,124.99538
6.898564,17,125.421454
2.588386,17,125.849096
4.691958,12,126.161477
4.399693,12,126.487835
5.197077,14,126.859621
4.500443,13,127.19452
6.554364,17,127.646545
6.359994,15,128.039884
7.262203,17,128.476696
6.578014,17,128.913574
5.938987,15,129.306838
5.799595,14,129.676811
4.866521,13,130.011659
6.396905,16,130.413466
7.317183,19,130.89554
5.714455,15,131.288037
5.510727,14,131.658847
2.216619,17,132.09734
5.685793,15,132.490192
6.423811,16,132.906302
5.119278,13,133.244705
6.524028,17,133.700077
4.753214,12,134.014889
6.060318,16,134.433097
6.234903,16,134.836682
6.983377,17,135.277938
6.970289,16,135.695005
5.543894,14,136.067736
5.989816,15,136.449047
6.353791,16,136.855061
5.458794,14,137.228404
6.881754,15,137.625135
2.83704,18,138.088766
5.825149,15,138.498237
4.930532,13,138.834605
5.511195,14,139.19447
7.457332,17,139.650375
6.649661,16,140.069545
5.266248,13,140.420638
5.198492,14,140.794456
7.777253,18,141.272076
5.94526,15,141.655414
5.060658,14,142.027785
5.166392,13,142.365246
6.705757,17,142.805895
5.05844,13,143.129913
4.109197,12,143.457015
6.083586,16,143.862754
4.007868,11,144.141674
5.584319,15,144.52451
7.111351,16,144.94159
5.135535,13,145.291845
6.96435,17,145.735629
5.756081,15,146.118975
1.712132,18,146.581203
4.90668,12,146.906967
4.992406,13,147.24163
6.623205,16,147.646212
5.126752,14,148.004024
4.964998,12,148.302724
6.419874,15,148.697297
5.972494,14,149.056895
5.043532,13,149.37785
5.157801,13,149.713295
4.674694,13,150.04985
4.835442,13,150.397874
1.780261,16,150.801651
5.998271,15,151.197962
4.463923,12,151.52467
6.300161,15,151.906895
6.274081,16,152.324336
5.516721,14,152.697723
6.626342,16,153.115747
5.254213,14,153.487666
6.484102,16,153.89229
5.722799,14,154.265344
6.067097,16,154.670731
5.592636,14,155.030705
6.030539,15,155.439015
1.582597,16,155.843852
6.095588,15,156.2397
6.533191,15,156.635464
5.267631,14,156.993533
4.086904,12,157.321441
5.796975,15,157.703976
6.403874,16,158.12398
6.860793,17,158.564778
6.543325,16,158.969276
5.89073,14,159.329872
4.504727,12,159.658652
5.919385,14,160.032064
5.063506,13,160.370999
6.880591,16,160.789316
4.694619,13,161.13863
3.796535,11,161.416695
5.323585,14,161.789738
5.758923,15,162.186211
4.60906,13,162.536966
5.748017,15,162.932873
0.447414,14,163.307161
5.600758,14,163.666616
5.981009,15,164.076347
5.861805,15,164.457726
5.876594,15,164.850218
2.00942,16,165.265248
6.765098,15,165.658736
5.765016,16,166.061397
5.026154,13,166.396382
5.981592,14,166.767293
4.933041,14,167.124882
5.507692,14,167.482819
5.450052,14,167.854328
6.909736,16,168.271755
3.424127,19,168.745389
5.745444,15,169.14128
4.612496,13,169.476686
2.685563,17,169.917038
6.265181,16,170.334601
7.388672,18,170.783714
5.665839,15,171.165595
4.458336,13,171.50234
6.333773,16,171.906953
5.442346,15,172.287464
4.990412,13,172.623065
6.811941,15,173.017869
6.066998,16,173.435928
6.103461,15,173.832424
4.999492,13,174.181227
5.950301,15,174.562627
5.315475,14,174.93738
5.468272,15,175.332331
5.574862,16,180.063384
5.771886,15,180.459679
6.850825,18,180.939442
4.657818,13,181.288981
4.823774,13,181.625488
5.781193,14,181.998558
5.659073,15,182.394386
6.214036,17,182.835822
5.724146,15,183.231648
6.024457,16,183.65037
2.248264,17,184.09275
5.32531,14,184.480344
6.469516,15,184.863574
5.89334,15,185.259569
5.039694,14,185.632538
7.483873,18,186.098256
5.625639,15,186.480661
5.140828,14,186.841806
4.657687,13,187.165576
4.503176,13,187.501277
1.192558,15,187.894136
7.581166,18,188.356179
7.314154,19,188.839297
1.894278,15,189.232073
7.058889,17,189.67094
6.132485,15,190.064569
6.018499,15,190.445202
6.146074,15,190.840083
6.553401,15,191.221656
6.586226,17,191.660259
5.576045,15,192.04116
5.837709,16,192.458636
5.919579,16,192.874479
6.615771,15,193.257004
5.472863,14,193.60267
6.799755,16,194.022615
6.299787,15,194.417869
5.378832,14,194.789435
5.665292,16,195.194323
5.64914,14,195.553803
5.923504,15,195.962203
6.06274,16,196.368257
1.24525,15,196.764626
5.015998,14,197.13673
4.727975,14,197.509654
5.6103,14,197.883803
6.725145,18,198.347443
1.878819,18,198.798319
4.480897,13,199.135375
7.018546,19,199.623146
5.320101,13,199.973671
3.361668,11,200.266455
3.759726,12,200.566357
5.630966,16,200.959117
1.634407,16,201.363614
5.706886,14,201.736557
4.623937,13,202.046257
6.528635,17,202.50144
6.690971,17,202.943433
6.308355,16,203.363353
6.666911,17,203.806305
5.022675,14,204.165634
5.990652,15,204.561929
5.254441,14,204.922319
5.668938,14,205.270141
6.130299,15,205.665545
5.451253,15,206.045962
5.903827,16,206.474541
5.742536,15,206.867913
5.977845,15,207.247193
1.156039,15,207.640687
6.405553,15,208.021365
5.884226,15,208.415063
4.681092,13,208.762318
6.321261,15,209.142565
1.74057,15,209.523339
6.112622,15,209.903692
5.016142,14,210.24797
5.678767,15,210.629989
6.424058,17,211.082703
1.179307,16,211.490267
6.184641,16,211.895524
5.071081,14,212.267686
5.16944,14,212.625254
4.303257,12,212.926026
5.492336,15,213.295011
5.4057,14,213.654119
1.560626,17,214.108502
2.024777,16,214.51413
6.717492,16,214.919172
4.405758,13,215.228205
6.160077,16,215.634609
5.902498,15,216.019044
5.922796,15,216.415193
1.066007,15,216.799046
1.016887,15,217.194656
0.90764,15,217.578326
4.973552,13,217.901481
4.185731,12,218.216349
6.051423,15,218.612014
1.932858,15,219.00736
6.776777,16,219.432031
5.992381,15,219.841997
4.787907,14,220.232506
6.248724,15,220.689587
5.951861,15,221.074503
1.818209,17,221.519756
7.598128,17,221.961969
6.51001,16,222.381342
5.050817,14,222.754433
6.746297,18,223.218749
4.242062,14,223.578947
1.367382,15,223.962769
7.282606,18,224.42514
5.797048,14,224.771211
5.586297,16,225.188488
6.434724,16,225.605289
6.350543,15,225.998348
6.694256,17,226.438152
1.048959,14,226.809975
4.530775,13,227.146395
5.599555,15,227.54182
4.951917,14,227.900388
5.773879,15,228.269418
6.320133,15,228.650028
6.858389,16,229.06858
4.954428,14,229.426762
6.183188,15,229.823577
1.614974,17,230.264723
6.746718,17,230.705721
6.612634,17,231.148531
1.279799,15,231.531123
4.774471,12,231.856791
1.299405,15,232.238982
6.2863,15,232.607599
6.676844,17,237.274609
5.3622,15,237.659099
6.442078,16,238.078848
5.633786,14,238.452554
5.741043,14,238.798709
5.80578,16,239.217469
5.796343,14,239.577107
5.356615,15,239.972559
5.559582,14,240.343822
5.855625,16,240.763683
4.254137,12,241.090968
6.858399,16,241.508841
6.364344,16,241.927665
7.287647,18,242.380395
7.042337,18,242.845615
5.905883,16,243.252324
2.117894,18,243.719039
1.064954,15,244.102462
5.896117,15,244.49901
4.303986,13,244.838042
6.537309,16,245.244845
0.722655,15,245.629053
1.329494,15,246.026728
5.500517,15,246.424975
5.495541,15,246.808497
6.358262,16,247.201926
4.536434,13,247.538223
5.492289,15,247.933047
6.144509,17,248.371547
5.208887,14,248.715338
5.266665,14,249.085014
4.993068,14,249.441581
7.009933,18,249.902692
6.14239,16,250.317622
1.577807,18,250.792501
5.441704,14,251.150531
5.600819,14,251.523308
6.978456,18,251.985603
6.329816,16,252.388815
6.846205,17,252.817306
6.478086,17,253.259552
4.937578,14,253.630046
1.821119,16,254.047607
6.207592,15,254.443689
7.321708,16,254.848895
6.493217,16,255.266779
3.908798,12,255.5933
6.18745,16,256.011496
1.004386,15,256.393665
5.31037,14,256.753314
1.093598,15,257.150232
1.540582,17,257.593129
7.090592,17,258.022306
2.605744,17,258.464854
5.802441,14,258.824929
5.545041,14,259.184968
6.379118,18,259.663386
7.55819,18,260.140071
6.430221,16,260.547379
4.786153,13,260.885266
6.275275,15,261.26845
1.604313,16,261.688376
6.362468,17,262.117582
6.667386,17,262.534715
6.306377,16,262.940178
5.640145,14,263.313404
1.567519,17,263.768958
6.391935,18,264.235471
5.201268,14,264.595381
2.381736,19,265.110199
7.572216,19,265.613624
5.598088,14,265.974558
6.239689,16,266.393027
6.149692,15,266.78785
7.010906,16,267.206078
5.102106,15,267.601295
0.808929,14,267.961825
6.696329,16,268.366706
5.075104,13,268.714557
3.292023,11,269.006161
7.048761,18,269.470378
5.533788,14,269.843383
5.253405,14,270.215118
4.937891,14,270.587738
1.597318,16,271.005995
6.027994,15,271.401778
6.087862,16,271.819381
7.040938,18,272.285016
6.368545,16,272.703923
6.14272,17,273.145773
0.688553,15,273.528704
6.639268,16,273.922355
6.089608,15,274.290628
6.074334,16,274.696261
4.547076,13,275.020176
6.109893,16,275.438478
6.19779,15,275.821631
6.836177,17,276.264673
5.631187,15,276.661859
6.435032,16,277.068804
5.625803,15,277.452436
6.132468,15,277.848476
6.205215,15,278.24382
5.882287,15,278.638926
5.588716,14,279.012892
6.640435,17,279.469687
6.255271,15,279.866394
5.398033,14,280.239756
5.641478,15,280.635762
5.284862,13,280.971517
5.512174,14,281.345088
5.800952,16,281.765627
5.917373,15,282.1625
5.467832,14,282.536074
5.948146,15,282.921442
6.604769,17,283.364943
0.971447,16,283.784531
4.469377,13,284.136296
4.516461,12,284.452049
5.793654,15,284.836877
7.385339,19,285.338072
5.82847,17,285.780551
6.058901,15,286.177179
2.387878,17,286.619376
2.265057,19,287.116425
5.785047,14,287.484628
5.710327,14,287.854653
1.603007,16,288.272107
5.038901,14,288.644131
7.263161,18,289.115898
5.666167,15,289.517168
6.920646,17,289.948347
5.31219,16,290.353513
5.904344,17,295.167689
1.669171,16,295.674177
6.257822,17,296.150089
5.726659,16,296.589445
6.631738,16,297.030676
6.176322,16,297.441928
5.041898,14,297.802424
6.393568,15,298.210853
5.9396,15,298.631898
6.096138,16,299.138422
7.974618,21,299.740308
5.549213,16,300.176111
6.409279,17,300.614564
4.727836,14,300.992059
6.206055,15,301.392606
3.064496,21,301.957345
5.289295,15,302.361409
3.113225,22,302.930865
6.178723,16,303.415797
6.148765,16,303.85726
3.842776,21,304.432894
6.298868,18,304.963532
5.406075,15,305.375343
5.819314,15,305.794621
0.635678,14,306.212993
7.335315,20,306.810854
7.735448,20,307.432251
6.649295,18,308.000215
6.122346,16,308.539467
6.195267,16,309.059351
6.312727,15,309.518644
6.288636,16,310.025854
6.502161,17,310.535069
6.513997,17,311.033414
4.871365,14,311.445558
5.896605,15,311.863057
5.423304,15,312.289008
4.904862,13,312.660413
1.694931,17,313.122411
6.204962,16,313.55399
3.196783,19,314.07189
5.289028,15,314.479058
6.962224,17,314.92987
5.662122,15,315.318366
6.562353,18,315.789175
4.977265,14,316.169538
4.884685,15,316.575483
6.49454,17,317.255943
6.276204,18,318.156194
5.824875,16,318.90163
5.782549,15,319.622491
6.306717,15,320.471052
6.85019,18,321.369652
6.800451,18,322.403477
7.050777,19,323.209906
5.840258,17,323.965369
6.102342,16,324.805543
5.531983,14,325.605655
5.802457,16,326.342293
5.899112,15,327.149441
4.621445,14,327.712145
6.147001,17,328.601157
1.426612,17,329.483197
5.321739,15,330.324346
5.807504,14,331.122604
5.531377,15,331.838367
7.407738,18,332.714648
1.654503,16,333.557857
0.945695,15,334.374818
5.378147,14,335.193994
3.638073,19,336.121099
5.691281,17,337.001318
6.619033,16,337.734036
5.841462,17,338.618821
6.016565,14,339.415446
1.181927,15,340.235705
7.047527,18,341.017396
1.014379,14,341.80787
5.256187,14,342.476776
6.07226,16,343.308569
7.080503,18,344.19596
4.77329,13,344.861347
5.630077,14,345.660807
5.120429,14,346.339614
5.9705,15,347.052915
6.729659,17,347.912655
5.380927,15,348.718125
6.042283,16,349.415525
0.703378,14,350.09285
6.288566,16,350.802868
4.803043,14,351.593078
6.414923,16,352.460135
7.067008,19,353.265495
5.328206,15,354.106936
3.145946,19,355.050335
6.276135,16,355.89894
6.385038,17,356.645211
1.368218,16,357.388349
5.494122,15,357.97164
7.194041,18,358.87385
2.549194,18,359.761132
2.148786,18,360.684833
5.245331,14,361.400099
2.956202,18,362.303582
6.978023,19,363.229062
5.311975,15,363.829281
2.460433,18,364.724817
5.89394,15,365.551525
4.97491,14,366.360862
4.188648,12,367.129377
5.570857,15,367.835569
5.758827,15,368.678223
5.199837,14,369.390166
4.380531,13,369.943716
5.202494,14,370.629365
2.786434,19,371.415754
5.25045,15,372.112085
6.000503,15,372.928287
5.765036,15,373.736994
2.179183,18,374.628053
7.853643,20,375.912549
5.282063,16,376.779796
6.226591,17,377.539465
6.015261,16,378.159103
5.327759,14,378.959993
6.502886,17,379.820905
5.074514,14,380.619876
5.049862,14,392.741158
7.305432,17,393.634753
5.831959,15,394.365357
7.811448,20,395.323771
6.46302,15,396.162021
8.305919,19,397.212861
6.494708,18,398.127432
7.420464,19,399.051046
1.589907,17,400.060027
5.7785,16,400.67892
6.184864,16,401.563493
6.82419,18,402.492337
5.730475,16,403.380313
7.960178,21,404.492373
5.376994,14,405.187645
6.670256,18,406.227573
7.222397,18,407.146411
5.915706,15,407.861717
6.222189,16,408.494723
2.147714,17,409.283823
4.889423,14,409.99013
5.389717,15,410.863388
5.322347,15,411.741588
6.856979,20,412.710769
7.90578,20,413.676487
7.979025,21,414.665555
6.139501,18,415.46552
5.800335,15,416.061905
8.025485,20,417.140464
6.574729,17,418.057473
1.56786,18,418.659665
7.419302,20,419.526687
5.744382,17,420.414769
7.104613,17,421.29987
5.717605,15,422.12822
6.682595,18,423.048127
5.965646,15,423.795019
5.233104,14,424.609609
6.110738,16,425.234782
6.714483,18,426.169749
6.044147,17,427.099609
5.922454,15,427.974509
5.252565,15,428.853586
5.833555,16,429.619366
5.662396,15,430.474832
6.569235,16,431.223503
1.087018,16,432.103677
7.510646,20,433.084565
5.789429,16,433.859726
7.608599,18,434.800663
8.087888,22,435.833205
5.800687,16,436.596902
4.186428,13,437.281746
5.77797,16,438.167665
4.771925,15,439.021997
4.793685,14,439.788987
6.069974,17,440.67449
6.467942,20,441.606807
5.990128,16,442.348523
5.530625,16,443.238552
6.113328,17,444.16442
5.789296,16,445.073589
5.338386,15,445.949674
5.769803,15,446.791122
5.969426,17,447.580033
5.429297,14,448.283017
6.063056,17,449.072955
5.076938,15,449.820977
6.644127,19,450.644934
3.934201,13,451.479538
6.452263,17,452.397691
6.34636,16,453.175335
5.864545,17,453.966778
5.362831,15,454.718025
5.026113,13,455.417162
5.297228,16,456.319798
2.506989,19,457.285585
5.56984,16,458.183431
2.012613,19,459.137571
6.905826,16,460.034578
7.479533,21,461.198946
4.819658,14,461.920171
7.575692,21,462.779136
5.600205,15,463.508077
4.823251,14,464.217278
2.092478,18,464.999904
7.956018,21,465.969232
3.569,12,466.627529
5.556171,16,467.243564
6.89588,19,468.072996
5.695261,15,468.679525
6.88324,17,469.473946
2.255707,19,470.428407
6.317255,17,471.354875
6.893252,18,472.389778
5.692701,16,473.157698
2.065753,18,474.081341
6.562638,17,474.976967
7.301791,20,475.951742
1.250926,15,476.694302
2.383256,18,477.620852
0.463443,15,478.36705
7.670396,19,479.336355
2.239268,19,480.288447
5.636432,15,481.149449
5.586562,16,481.906705
7.139448,19,482.729558
5.948409,16,483.479476
5.618834,15,484.229335
5.220128,15,485.118427
6.412393,18,486.05833
5.995822,17,486.976003
5.645426,17,487.781396
6.510467,17,488.699042
6.297703,17,489.620972
8.700828,21,490.757561
5.996403,18,491.698972
6.496144,18,492.658237
7.148594,18,493.604337
6.832282,17,494.535894
5.95847,16,495.181638
1.038883,16,495.948332
7.647113,21,506.461598
5.396604,15,506.848087
6.561569,18,507.313142
7.273964,20,507.841328
7.211817,20,508.353712
2.188527,17,508.807551
6.015806,17,509.248251
4.596935,14,509.62856
4.012434,12,509.948391
6.039853,16,510.375593
8.015235,21,510.911635
6.822898,17,511.341623
6.533168,17,511.782707
7.327424,20,512.295539
6.410634,17,512.737827
6.534829,17,513.154088
6.81335,17,513.597185
6.195393,17,514.025728
7.336693,18,514.476535
6.523731,17,514.906893
6.804573,19,515.394582
4.420317,13,515.719428
6.73965,17,516.174977
7.457387,19,516.648659
5.906414,16,517.067392
0.747679,15,517.450294
5.464428,15,517.835421
2.237021,18,518.287477
6.314383,17,518.717731
4.166964,13,519.067133
7.734726,21,519.620193
5.55905,14,520.071769
6.366122,17,520.536496
8.266954,23,521.159813
6.100167,16,521.583804
7.650672,21,522.118776
6.772179,18,522.582135
5.451466,16,522.98672
5.452508,16,523.392423
7.86676,21,523.926388
7.969424,23,524.495
2.150471,20,525.020892
7.148074,18,525.486947
6.226118,16,525.892984
4.9781,14,526.266714
6.999614,16,526.686643
6.222756,16,527.171427
6.726975,18,527.678098
5.526871,15,528.072593
7.203914,18,528.561015
6.788866,17,529.013579
5.083229,15,529.398262
6.674174,18,529.866281
6.867053,19,530.342927
6.754752,18,530.809618
6.29835,17,531.253857
7.594807,22,531.813636
4.485233,14,532.188859
2.968585,20,532.71972
6.361822,20,533.233084
6.482287,17,533.677624
6.600561,17,534.112456
8.813237,23,534.696332
7.408506,20,535.209349
8.08044,22,535.782514
0.962956,17,536.216089
6.688555,18,536.659533
6.389062,18,537.116685
6.928763,18,537.593377
6.374254,19,538.072869
7.204031,19,538.565332
5.09612,16,538.965934
7.003609,20,539.486856
4.677141,14,539.844239
7.71744,20,540.370396
6.865259,19,540.845084
0.759515,16,541.242478
2.422609,19,541.733737
4.801029,13,542.071648
6.962912,18,542.537421
6.44765,18,543.00224
6.481295,17,543.443737
6.610133,18,543.895489
6.397613,18,544.359368
5.996839,16,544.778073
6.160729,17,545.209801
5.668244,15,545.595603
6.881024,19,546.083976
6.286447,18,546.538143
7.062832,20,547.064482
0.820123,15,547.448405
7.060094,19,547.951573
5.684394,16,548.358915
6.722119,18,548.824535
5.669251,15,549.221286
7.070136,20,549.720673
6.383982,18,550.187604
6.822138,18,550.641398
7.234066,18,551.096527
8.347875,24,551.716543
6.738459,18,552.169555
2.036486,19,552.659331
6.912747,20,553.172788
6.292072,18,553.638953
5.883995,17,554.086303
6.471903,17,554.51637
7.476707,22,555.089204
5.304827,15,555.473944
6.386921,18,555.954703
7.030518,18,556.42312
8.606436,24,557.028105
6.63735,17,557.473872
6.460813,17,557.920049
7.417048,20,558.418019
5.902126,17,558.861895
5.413006,16,563.757187
7.285673,17,564.213307
3.130541,19,564.826331
5.502039,17,565.28978
4.642475,14,565.664935
5.258465,16,566.090595
5.989722,18,566.56202
6.220566,17,567.005484
6.024163,17,567.434794
2.908297,20,567.919338
4.942208,15,568.318589
5.861351,16,568.723591
1.590636,16,569.129563
6.342464,18,569.593281
8.294048,24,570.22131
6.828063,18,570.68492
7.577329,22,571.239713
6.78707,19,571.727674
5.312351,16,572.159352
6.466819,19,572.632645
6.090531,18,573.096017
7.790191,19,573.583207
6.740332,20,574.093656
6.849247,22,574.651521
6.958918,16,575.07323
5.104754,15,575.47129
6.668005,19,575.958899
6.39937,18,576.397136
5.611917,17,576.827438
2.819632,21,577.361576
6.794909,20,577.873697
4.563067,14,578.220537
6.666455,19,578.70992
6.910389,19,579.199512
8.665257,26,579.861203
7.197863,19,580.349832
6.581821,17,580.793455
7.242642,18,581.263097
6.050212,17,581.694227
6.740724,18,582.160761
8.728734,26,582.824968
1.000431,16,583.246495
6.580187,18,583.71168
5.445023,16,584.119644
6.864682,18,584.586596
6.833412,19,585.089218
5.142809,15,585.459548
6.079927,19,585.950207
1.570914,17,586.393816
7.334312,21,586.955081
8.256344,21,587.488895
7.958191,25,588.112976
5.313644,15,588.496478
6.609861,19,588.9835
6.463978,19,589.470268
6.061066,17,589.911997
2.111929,17,590.342314
6.352152,18,590.7937
6.570981,19,591.294753
2.77245,20,591.806968
1.576118,18,592.272307
6.794067,18,592.738614
7.669265,20,593.250971
5.660727,16,593.657633
7.005321,18,594.111366
7.105512,19,594.586641
4.514103,14,594.960304
6.802578,19,595.448781
7.559657,19,595.952979
7.324353,21,596.501732
6.203489,16,596.909263
0.698432,16,597.329669
5.397609,15,597.713551
6.263827,18,598.166433
5.859005,20,598.678664
7.858702,22,599.263883
7.083915,24,599.867466
4.994319,16,600.288834
6.836863,17,600.733301
7.138284,20,601.244653
5.055382,15,601.64161
6.226,19,602.129934
7.587391,20,602.64197
4.546512,13,602.992901
2.385094,21,603.528197
6.063575,16,603.937214
7.527928,19,604.412932
6.603713,19,604.903487
8.440695,23,605.51273
6.860567,18,605.96523
6.869158,20,606.478302
7.564094,21,607.014297
4.489166,13,607.35472
5.486963,16,607.763602
7.177458,19,608.252876
6.834155,19,608.71562
5.878831,17,609.159265
1.41031,16,609.579785
3.28162,23,610.161618
7.557408,20,610.672816
6.026659,17,611.126994
5.867421,16,611.533887
7.379943,21,612.054501
7.49511,22,612.624184
5.848719,16,613.030863
5.790626,16,613.437313
6.48803,18,613.905246
6.975165,20,614.416061
6.046954,16,614.823973
7.559763,23,615.403275
7.457963,20,615.901169
6.897732,21,620.831984
6.914816,20,621.330373
5.6601,18,621.784153
6.002609,16,622.205183
4.101951,13,622.543518
5.948725,16,622.950097
5.656134,18,623.402437
2.135693,18,623.855172
6.627776,18,624.308114
6.202886,17,624.736546
5.839081,17,625.165373
7.465009,25,625.777488
6.746625,20,626.276972
6.520805,18,626.744074
6.152085,17,627.188526
7.219463,19,627.677181
7.306435,22,628.247027
7.511097,23,628.841153
7.957833,23,629.422951
6.062717,16,629.829834
9.008812,29,630.550681
6.131927,18,631.122509
7.872661,22,631.709962
1.576421,18,632.19069
7.182526,19,632.691388
6.599488,18,633.158539
7.363242,24,633.750937
5.368985,15,634.136166
7.941392,24,634.740811
9.025715,27,635.440732
7.88188,23,636.007071
7.460301,21,636.54092
5.621987,17,636.983296
1.967856,18,637.436034
5.753814,18,637.904542
5.541351,16,638.323634
5.471788,17,638.753283
5.88995,16,639.173409
7.418569,24,639.777352
5.3555,16,640.197266
5.456008,16,640.605232
1.851991,18,641.073277
6.579836,18,641.525522
7.266991,21,642.073561
5.074025,15,642.456307
5.641201,17,642.884597
7.151603,24,643.487291
7.474895,21,644.03503
0.264494,15,644.418489
7.76238,22,644.973009
6.294307,17,645.402405
6.516418,17,645.832334
1.903895,19,646.30838
7.050129,19,646.782285
-27.849255,151,650.4835
5.094641,15,650.882232
6.323458,17,651.325855
6.770231,19,651.800795
4.854892,15,652.184669
7.49931,22,652.741565
6.352031,20,653.254826
7.777353,22,653.801286
6.199465,18,654.26962
2.872469,20,654.784138
8.105381,23,655.36477
6.314665,17,655.795783
5.69768,16,656.215639
6.078642,18,656.667024
10.463474,30,657.435231
6.328131,20,657.946232
6.314401,17,658.390508
8.08528,23,658.956053
7.699438,21,659.488337
7.832545,22,660.059286
6.6806,18,660.511883
6.624422,19,660.998889
5.906235,17,661.427905
4.726252,14,661.787964
7.456453,20,662.313902
5.018245,15,662.698791
8.663913,26,663.360703
6.034385,17,663.787788
5.480358,16,664.180433
6.455915,19,664.65571
5.61928,17,665.09942
7.900994,23,665.680974
6.112713,18,666.147503
4.148737,24,666.764374
7.264935,20,667.274913
6.038192,18,667.727173
5.777569,17,668.144696
6.063314,16,668.550527
8.017833,24,669.167171
6.517046,19,669.656214
6.486286,19,670.130603
6.981529,19,670.603998
6.495503,17,671.031539
6.407557,20,671.528906
9.098175,26,672.163778
9.730788,26,677.096663
7.436756,21,677.631089
7.736849,22,678.187717
6.541358,17,678.617514
7.330923,21,679.153099
5.042743,16,679.573244
6.315346,19,680.049335
5.188145,17,680.478686
6.253836,18,680.931799
6.650962,20,681.429683
4.91683,15,681.91036
7.996984,25,682.586051
6.322576,18,683.040795
7.695753,24,683.647857
6.576472,20,684.150428
7.743899,21,684.687711
6.51506,20,685.187464
7.146134,21,685.710123
4.682383,16,686.102764
7.775088,22,686.672543
2.224738,20,687.185073
7.071828,21,687.733016
1.468944,18,688.233864
5.605981,16,688.688992
6.559222,21,689.23714
7.967427,23,689.815829
-33.704793,151,693.551678
7.45552,22,694.095199
7.439535,22,694.651874
7.007338,21,695.18611
6.602585,20,695.698719
6.016625,18,696.163716
5.300664,15,696.547423
6.625156,19,697.034607
4.569355,15,697.430683
8.006798,23,697.996782
7.172066,22,698.553421
7.874437,23,699.144804
3.754121,23,699.724934
7.97296,23,700.289726
6.711921,19,700.737526
5.927707,18,701.161089
-29.712359,151,704.731034
7.165592,21,705.266284
7.069399,21,705.799767
5.715029,17,706.230026
3.962016,14,706.589066
6.363304,21,707.13512
2.098087,19,707.608782
6.025425,16,708.01456
-27.262694,151,711.775416
7.988449,24,712.379408
5.164102,16,712.800333
3.586854,25,713.4261
7.134759,21,713.972746
1.820658,20,714.471312
6.123057,19,715.000776
6.036686,18,715.735139
-30.720358,151,719.498415
5.434855,16,719.908187
5.10297,15,720.27687
5.726715,18,720.703285
5.041036,15,721.086233
5.996671,18,721.553334
7.526948,24,722.156992
5.539338,17,722.585832
8.189955,24,723.296523
2.227537,20,723.808352
6.48282,20,724.319127
5.855634,19,724.805779
6.972048,21,725.340534
6.116762,18,725.807364
6.03937,18,726.259979
7.014324,20,726.771218
4.494193,14,727.13254
9.122708,28,727.829089
5.050781,16,728.223304
2.544848,22,728.809356
8.250797,30,733.811304
7.181875,22,734.355762
7.206306,24,735.041839
6.906875,20,735.550282
1.362619,20,736.075455
6.832433,18,736.63307
4.67671,16,737.025915
7.403143,20,737.520888
7.227313,22,738.075316
5.780991,19,738.563977
6.330524,20,739.060088
6.016781,18,739.512508
6.452334,19,739.984487
7.257315,20,740.495665
-36.50745,151,744.173577
7.645412,24,744.781421
7.896519,22,745.425512
6.684865,21,745.945266
7.567996,25,746.583256
6.626649,21,747.11569
6.919015,23,747.681861
7.468223,22,748.252558
6.989127,21,748.773245
6.501236,21,749.295747
-32.706971,151,752.960793
4.854224,16,753.35568
0.532028,16,753.746915
8.468808,27,754.392309
5.262445,17,754.807478
5.392377,17,755.220663
5.974781,18,755.658938
7.802719,24,756.236552
7.670616,21,756.743961
7.293055,24,757.331262
6.841637,19,757.793759
6.502206,18,758.232948
4.478358,14,758.565659
-32.775205,151,762.234952
7.487772,23,762.818213
6.363405,19,763.306686
6.242295,20,763.816466
8.799881,26,764.448388
-27.270268,151,768.203136
5.367663,17,768.635145
0.532288,17,769.051991
6.27935,20,769.561911
-32.525414,151,773.2076
-29.237182,151,776.863246
7.357247,23,777.449027
7.147995,19,777.941057
6.784804,21,778.477359
3.593813,23,779.070661
6.134897,18,779.536275
6.244098,18,779.987542
6.134263,19,780.461062
6.729381,22,781.004304
8.013563,23,781.572444
-28.787414,151,789.349658
7.202963,23,789.917506
-25.949339,151,793.469493
6.854509,20,793.942355
6.276,20,794.424235
6.336841,18,794.877823
6.245006,18,795.331037
6.698116,23,795.887229
7.325853,22,796.419477
8.037991,27,797.062546
-25.440988,151,800.657309
7.040077,22,801.188074
6.086119,20,801.671375
6.961805,22,802.186559
7.452266,22,802.847122
-32.104725,151,806.513186
-28.030689,151,810.076112
-33.431048,151,814.015366
7.700941,24,814.618767
7.010324,23,815.172123
6.991822,21,815.694047
6.575446,19,816.141942
7.767798,24,816.744071
8.551837,28,817.437435
-26.909445,151,821.083394
5.855257,20,821.570262
10.10978,35,822.440346
7.863051,25,823.054222
3.690855,13,823.363883
5.62798,19,823.856767
-26.598003,151,827.393662
7.042536,22,827.937318
8.460599,26,828.573688
6.588566,19,829.033651
8.397031,28,829.715844
6.134693,18,830.153857
7.045901,22,830.696515
6.423612,19,831.17254
-33.198232,151,834.83917
6.727139,22,835.387618
-29.043241,151,843.432116
1.545928,18,843.872612
9.562382,29,844.562065
5.325833,17,844.993065
8.174122,25,845.606475
5.920352,20,846.119209
5.517151,18,846.574601
7.507213,22,847.121315
6.862504,22,847.664168
5.547272,17,848.067465
6.631215,20,848.565667
5.971552,19,849.028471
6.920518,20,849.514761
5.932167,18,849.953157
4.180998,14,850.313298
8.073965,25,850.926005
6.31455,19,851.373258
7.487476,23,851.925244
5.123446,16,852.318245
6.305403,20,852.804597
-23.438785,151,856.480344
7.84511,25,857.084723
6.65863,21,857.596303
8.883346,28,858.266151
8.067457,26,858.903826
-24.843199,151,862.515295
4.793379,15,862.876228
8.21246,27,863.548699
6.233306,20,864.019923
5.481193,16,864.427596
5.48306,17,864.858618
-29.058496,151,868.474216
6.266085,17,868.875958
5.763544,18,869.299464
7.045523,23,869.863249
7.389926,26,870.50211
6.113983,20,870.98574
7.029957,23,871.523653
6.698113,21,872.017013
7.969967,21,872.509279
7.793189,26,873.128256
8.497966,25,873.739442
5.404267,18,874.177971
7.423401,23,874.75747
-31.123708,151,878.443403
7.36366,24,879.033622
5.717031,18,879.47245
7.277095,24,880.048647
6.122332,19,880.523458
5.41572,17,880.950353
5.890961,19,881.423734
4.541761,16,881.830464
6.745349,19,882.304912
6.649653,21,882.824561
6.5267,18,883.277294
7.331963,22,883.82224
6.530912,19,884.29766
7.376265,20,884.78245
7.44007,21,885.298923
5.992282,20,885.787888
7.329292,21,886.312543
6.694234,19,886.790928
5.457777,18,887.232658
-26.502114,151,891.005186
8.349175,27,891.690507
6.584639,21,892.22145
8.644719,30,897.309405
5.350149,17,897.735548
5.701981,18,898.200454
6.33826,19,898.68504
7.506521,23,899.364435
8.678876,30,900.193942
8.286937,29,900.95498
6.303869,20,901.494421
6.639936,19,901.994168
5.739453,17,902.446709
6.233319,20,902.952892
6.644503,21,903.533204
4.722956,16,903.965723
6.489399,19,904.498032
-27.098772,151,908.377388
-25.781843,151,912.331184
1.716096,18,912.777715
5.387449,16,913.154502
-24.876743,151,916.836189
6.810043,19,917.285464
-26.212979,151,920.877647
6.812869,20,921.366614
9.707205,32,922.12778
5.746189,19,922.60699
8.121209,30,923.34152
5.02283,15,923.713748
5.093135,17,924.29519
4.818484,17,924.805448
5.536461,17,925.260767
7.743943,25,925.903074
7.095819,21,926.445724
5.391319,17,926.89068
5.552009,16,927.289705
8.197653,24,927.896731
6.917187,20,928.398689
4.944002,15,928.770577
7.655796,23,929.346665
7.433715,21,929.870359
-23.624787,151,933.585786
7.749889,22,934.136397
8.652817,28,934.831472
7.267231,23,935.411494
8.119522,25,936.044005
7.752265,26,936.816784
6.267558,19,937.336335
5.341042,16,937.770074
6.658929,21,938.334813
7.243606,19,938.835298
7.92985,25,939.468156
5.699299,18,939.913306
7.138141,21,940.438452
8.348613,24,941.019249
7.009487,22,941.553212
1.94815,21,942.064248
7.00047,21,942.57519
7.202313,21,943.152842
4.486913,14,943.561454
4.886974,15,943.956833
-23.717511,151,947.64897
5.789497,20,948.137591
6.384148,18,948.57856
5.112316,16,953.240214
5.672224,17,953.660231
6.382862,18,954.12711
7.593099,22,954.693381
5.383365,18,955.164186
4.79065,15,955.552107
5.698978,18,955.994923
7.218738,24,956.602304
8.725477,26,957.269505
7.746032,23,957.853481
5.723226,18,958.308123
2.167745,23,958.89417
6.556845,19,959.373891
5.474738,17,959.794086
7.006357,19,960.272556
7.225935,20,960.777088
4.273614,14,961.140332
5.735959,19,961.618844
6.661881,20,962.089601
6.573196,19,962.566315
6.610854,19,963.04508
5.764571,17,963.479387
5.6001,18,963.934775
7.833068,23,964.504656
5.38889,15,964.874238
8.004173,26,965.523354
8.539691,25,966.136473
6.093936,20,966.622404
6.801395,20,967.11286
6.274017,17,967.530394
6.633981,19,967.978962
6.231706,17,968.381325
9.316387,31,969.143895
6.230661,18,969.599714
5.660906,16,970.007497
6.717873,20,970.494142
5.417475,17,970.923867
5.450923,17,971.35584
5.926223,18,971.808938
7.887365,23,972.404624
5.190588,16,972.801532
8.685339,27,973.493383
6.136168,19,973.960114
6.457175,19,974.45125
5.829061,19,974.959917
6.740985,20,975.487489
6.487131,21,976.024587
6.941483,20,976.525168
5.033052,16,976.949636
5.753268,17,977.36831
6.738719,21,977.896357
6.608889,20,978.398837
-20.825998,151,982.16598
5.328851,16,982.577617
4.864353,16,982.987454
7.315959,20,983.503081
2.016877,20,984.020197
5.895283,18,984.460971
8.032882,25,985.118515
8.063032,25,985.751584
7.620482,23,986.339302
5.586725,17,986.758713
5.509482,17,987.193727
6.268727,18,987.666167
6.952788,20,988.183025
7.786499,25,988.815077
-24.42247,151,992.541327
6.109759,18,993.013921
6.318776,20,993.515976
7.769799,25,994.177621
7.187104,20,994.693844
5.119362,16,995.105241
7.421219,22,995.664624
5.363078,17,996.09692
6.375961,18,996.565364
5.861383,18,997.023599
4.744895,15,997.395655
6.492601,19,997.887033
6.750657,21,998.440225
7.514085,20,998.95649
7.00883,22,999.532876
7.089285,21,1000.058764
7.875694,23,1000.64408
6.253839,18,1001.117965
6.224725,19,1001.595358
7.505025,22,1002.15571
6.678464,21,1002.69553
7.540281,22,1003.257726
6.533699,18,1003.725967
-19.685265,151,1011.900306
6.424927,19,1012.393704
6.70516,21,1012.918617
4.12401,14,1013.267949
6.84683,20,1013.779188
5.395445,16,1014.200133
4.567386,16,1014.609389
6.820389,19,1015.086599
8.022495,21,1015.625601
7.696081,20,1016.126596
6.405714,18,1016.581384
6.657724,20,1017.102834
4.651821,15,1017.477204
8.603343,28,1018.179184
6.108937,17,1018.611991
7.696064,19,1019.091373
7.321718,22,1019.653435
9.106409,28,1020.367373
8.424687,25,1021.01915
7.81341,24,1021.627504
6.407261,18,1022.097621
5.835078,16,1022.56847
6.241676,18,1023.112487
7.901965,23,1023.724542
6.434564,18,1024.215899
7.536952,20,1024.758667
5.282566,16,1025.181878
7.299935,22,1025.740507
5.925146,19,1026.217035
7.269669,20,1026.717838
6.897538,21,1027.261446
7.128669,19,1027.755071
9.67124,32,1028.576384
7.83189,22,1029.149872
4.730478,16,1029.54719
6.000306,18,1030.00374
7.036418,20,1030.507708
4.451403,15,1030.908264
5.684942,18,1031.378363
9.493818,28,1032.069665
8.35964,24,1032.692649
6.407965,18,1033.164488
6.49636,18,1033.610386
8.348021,25,1034.256034
6.398404,19,1034.750193
5.507423,17,1035.184519
8.408433,26,1035.867465
5.437372,16,1036.290244
6.446673,18,1036.743686
6.400384,18,1037.218681
6.918472,20,1037.735915
-18.681035,151,1041.459803
6.164665,18,1041.934919
7.469841,20,1042.453454
6.91617,19,1042.946569
5.517079,18,1043.416904
7.853042,23,1044.015598
6.661185,18,1044.471387
6.365851,18,1044.940903
7.912537,23,1045.616846
6.182872,17,1046.124487
6.291562,18,1046.614365
8.022653,23,1047.319402
7.329672,21,1047.895373
6.666594,19,1048.384805
6.79377,22,1048.971345
6.302976,17,1049.376141
6.344722,19,1049.867854
5.550232,15,1050.240153
6.060269,18,1050.694956
5.858507,17,1051.128588
5.412859,15,1051.515252
7.126341,19,1052.005292
5.69046,18,1052.473293
8.45931,25,1053.116412
4.832788,14,1053.48033
6.467962,20,1053.99554
9.992464,32,1054.813494
7.489898,21,1055.365077
6.195409,17,1055.796911
7.62419,23,1056.384799
5.269805,17,1056.816926
8.242419,24,1057.42574
6.668234,19,1057.918139
6.372672,19,1058.410165
5.335699,17,1058.856361
5.914303,18,1059.31132
8.637026,26,1059.977139
6.847347,20,1060.491552
2.326781,19,1061.113456
7.752127,22,1061.703007
7.138838,21,1062.265444
6.58175,19,1066.995733
7.223618,22,1067.543428
5.867839,19,1068.037027
2.185349,20,1068.553054
6.908465,21,1069.089791
7.558991,23,1069.66111
4.753663,15,1070.060493
7.465574,21,1070.583686
2.172707,22,1071.145288
7.719038,20,1071.648312
6.058737,18,1072.104741
9.504227,30,1072.863457
6.843623,20,1073.368194
6.010109,19,1073.849395
2.468698,21,1074.372714
2.753375,22,1074.934536
6.208979,20,1075.423227
5.827607,17,1075.840061
6.182087,18,1076.291993
5.059544,16,1076.697522
6.198921,20,1077.226051
8.776366,28,1077.923979
7.139937,21,1078.447209
8.76372,27,1079.133843
6.969104,20,1079.622824
6.775367,20,1080.109896
7.604132,22,1080.654841
7.197782,21,1081.178801
7.766368,23,1081.763602
7.136907,22,1082.310437
5.398329,16,1082.719223
-23.282486,151,1086.404181
5.510102,16,1086.799448
7.229597,20,1087.286486
6.99439,20,1087.773193
6.463837,21,1088.282961
6.242429,19,1088.743811
8.018223,24,1089.333969
9.152845,28,1090.032288
6.941323,21,1090.569121
5.087578,16,1090.992182
5.916711,21,1091.530353
8.601744,25,1092.161976
5.969418,19,1092.642202
6.289364,19,1093.133279
5.888348,20,1093.632573
5.801261,17,1094.080535
1.662414,20,1094.584163
6.466114,17,1095.017138
6.155671,18,1095.474199
7.060851,23,1096.043905
4.556846,15,1096.413972
6.371355,21,1096.936897
8.738928,27,1097.625551
7.621649,22,1098.172013
6.584639,18,1098.627939
7.869184,22,1099.177098
7.499825,23,1099.761016
6.421953,19,1100.238548
7.057609,21,1100.760336
8.270911,24,1101.365515
6.984291,21,1101.90309
8.465834,26,1102.541445
8.137978,23,1103.112092
6.385418,18,1103.577522
6.437212,19,1104.052293
7.811116,22,1104.583501
7.482283,21,1105.091588
7.709605,24,1105.682546
5.594274,18,1106.136365
2.264513,21,1106.684424
6.375257,18,1107.165277
3.698337,24,1107.871816
1.637428,19,1108.387628
6.399971,18,1108.880506
7.592106,21,1109.422523
6.031273,18,1109.877359
6.941602,20,1110.392286
4.906705,15,1110.779489
8.718258,23,1111.364049
5.09176,17,1111.796005
7.006221,22,1112.36926
6.84459,21,1112.894006
6.368533,20,1113.42155
6.070494,19,1113.91302
6.341686,20,1114.427345
8.718297,29,1115.162128
5.739534,16,1115.571405
7.791434,21,1116.122234
6.864035,20,1116.638296
7.763274,26,1117.304829
6.693193,20,1117.819335
6.289409,19,1118.310946
8.11128,25,1123.239517
5.596562,17,1123.67419
5.366705,15,1124.075004
7.063198,20,1124.575792
6.949552,20,1125.091429
6.290358,18,1125.531336
1.103486,17,1125.951533
5.699996,17,1126.382524
5.736743,17,1126.815135
5.75106,17,1127.233568
7.549071,20,1127.748465
6.891283,21,1128.275786
6.76799,19,1128.742444
8.738612,26,1129.423878
0.986966,18,1129.893991
5.991142,17,1130.31442
7.576331,21,1130.851754
6.080596,17,1131.297858
8.975821,25,1131.927608
7.743164,25,1132.573867
8.233324,26,1133.227409
6.829755,18,1133.684351
5.724228,17,1134.118609
11.153708,36,1135.031214
6.652147,20,1135.545537
7.505268,21,1136.084436
9.326282,25,1136.716981
6.011446,18,1137.189536
5.630026,15,1137.588229
6.341273,17,1138.01925
7.58496,21,1138.5705
6.299221,18,1139.037905
2.467714,21,1139.549109
7.163038,20,1140.052726
5.889008,18,1140.508759
6.575123,20,1141.022426
6.402102,20,1141.533927
6.064696,19,1141.99738
5.875329,18,1142.451514
5.295426,15,1142.837121
7.923811,22,1143.384597
6.524201,17,1143.816037
4.734919,15,1144.186445
5.9473,18,1144.639579
5.277408,16,1145.155314
6.290735,19,1145.659058
7.77378,23,1146.286685
5.302381,16,1146.704913
6.742796,20,1147.225962
6.575099,18,1147.68125
7.277939,21,1148.233322
6.239072,18,1148.69675
5.549539,17,1149.116759
6.48658,19,1149.597607
6.972729,19,1150.088671
5.728872,16,1150.496927
6.4597,18,1150.999706
3.776071,25,1151.744301
6.585294,18,1152.196358
5.089836,14,1152.580169
7.433656,22,1153.148331
5.156303,16,1153.555289
6.151546,17,1153.98925
8.10497,23,1154.569962
5.381351,16,1154.98368
5.655962,18,1155.423585
6.131894,18,1155.897977
7.423721,22,1156.462071
4.702182,15,1156.846919
5.316278,16,1157.231397
9.868983,31,1158.006643
8.218941,22,1158.554003
7.466842,20,1159.055122
9.688926,30,1159.812163
5.957222,18,1160.282633
7.509314,23,1160.863226
6.743661,19,1161.354252
7.807801,22,1161.91487
6.458381,19,1162.404308
6.657605,20,1162.914943
8.573116,27,1163.616168
7.140023,21,1164.150593
6.995409,20,1164.635216
7.966717,23,1165.229163
-20.509283,151,1169.212456
7.813675,24,1169.834715
6.999234,21,1170.358843
6.148805,18,1170.825675
5.650081,18,1171.305732
5.684464,16,1171.714294
7.519679,22,1172.273257
6.11955,17,1172.717619
6.231465,21,1173.269159
5.944701,18,1173.735615
7.303373,22,1174.279948
10.001967,33,1175.118672
6.025515,18,1179.807574
7.392698,21,1180.342381
6.956752,20,1180.841519
6.244531,18,1181.306921
6.164262,19,1181.76784
6.318387,17,1182.16868
6.344375,18,1182.61978
6.456655,19,1183.096301
5.868935,19,1183.572407
6.634621,20,1184.072036
7.241691,21,1184.595658
5.721788,17,1185.111542
7.726009,21,1185.698045
6.534486,19,1186.214173
7.625101,21,1186.775098
5.881195,17,1187.218526
8.075781,23,1187.800217
8.23382,24,1188.417172
7.04843,20,1188.902467
1.733238,19,1189.378679
5.695859,17,1189.807683
6.740838,20,1190.321546
7.141685,20,1190.833591
7.08223,20,1191.344976
2.339648,20,1191.859221
5.656616,16,1192.252757
5.541707,16,1192.672256
7.622381,21,1193.207954
6.617175,19,1193.687177
7.678213,22,1194.245818
7.207257,20,1194.744469
5.828721,18,1195.211601
7.578423,22,1195.770365
6.408541,20,1196.286384
6.359352,18,1196.752432
6.092838,17,1197.183563
6.60583,20,1197.683214
7.464508,24,1198.276385
1.202086,17,1198.691414
5.682101,17,1199.134838
8.101681,23,1199.703344
5.755578,18,1200.17018
7.001461,20,1200.670251
7.55244,20,1201.185683
7.059574,21,1201.722059
5.6598,16,1202.142821
2.178926,20,1202.6561
5.939435,18,1203.121773
8.962467,26,1203.770696
8.613705,25,1204.528568
1.004139,17,1204.981378
7.274415,20,1205.508518
2.897973,25,1206.14946
6.15022,18,1206.605481
7.254373,21,1207.145298
6.597393,22,1207.704968
4.90151,16,1208.113343
5.791166,17,1208.559398
5.300135,17,1209.005276
6.393197,19,1209.496039
2.740863,22,1210.059322
7.784844,23,1210.643595
4.9506,18,1211.097481
7.130198,20,1211.627448
8.030396,23,1212.194536
7.174234,21,1212.717453
5.440553,16,1213.114209
6.484178,20,1213.64229
6.171475,19,1214.120654
6.696999,20,1214.634705
4.717128,15,1215.035887
6.578162,19,1215.514731
6.790737,19,1215.992476
8.404231,24,1216.59712
6.866098,20,1217.108964
5.787145,17,1217.538579
8.830717,29,1218.270001
7.280552,23,1218.854105
7.684234,21,1219.392243
5.112321,18,1219.860552
7.212826,20,1220.374024
8.778968,25,1220.988732
3.402164,25,1221.630403
7.807944,22,1222.201606
6.420311,19,1222.679033
5.863335,16,1223.101477
6.877087,20,1223.600346
6.865564,21,1224.149874
5.175625,16,1224.570916
7.090873,21,1225.1058
5.391404,16,1225.513843
5.850575,18,1225.96877
7.408778,22,1226.527444
6.167544,19,1227.002221
7.252489,23,1227.582836
6.329798,18,1228.035183
6.612468,20,1228.560508
8.428009,27,1229.233156
6.343184,20,1229.747508
6.326119,18,1230.200942
7.302719,22,1230.760664
6.015796,19,1231.237163
6.321343,18,1231.690707
5.679191,17,1236.346746
6.621488,19,1236.823313
7.821047,23,1237.40637
6.249971,18,1237.861386
6.005074,18,1238.288474
6.789299,21,1238.797107
6.093702,18,1239.251926
5.648611,18,1239.690294
7.428589,22,1240.233604
7.887109,24,1240.837044
7.01273,20,1241.349288
7.670208,22,1241.906893
4.027505,26,1242.587382
5.979988,19,1243.063978
6.725154,21,1243.598724
6.76807,20,1244.084776
-9.491767,151,1247.874796
6.272513,18,1248.330169
6.267159,19,1248.807761
7.614644,24,1249.398175
7.366137,20,1249.897579
8.101916,26,1250.547607
7.382345,23,1251.116682
6.233488,19,1251.592933
6.913227,21,1252.115434
6.576522,20,1252.628191
8.489854,26,1253.279815
6.907966,21,1253.828914
7.93024,24,1254.419387
8.597342,27,1255.09433
6.392285,20,1255.690367
7.046145,22,1256.251377
7.229982,23,1256.831685
6.069152,18,1257.29217
5.783914,19,1257.768452
6.434843,20,1258.280338
7.109623,21,1258.816953
9.200564,28,1259.512859
-10.266097,151,1263.208441
6.90949,22,1263.759403
6.605435,20,1264.275573
6.650554,20,1264.78984
6.022189,18,1265.243334
6.778061,21,1265.781571
-9.803228,151,1269.718087
5.606169,17,1270.154506
6.618047,19,1270.633789
7.288734,20,1271.132071
6.58452,20,1271.632433
6.623395,19,1272.109883
2.202717,23,1272.706562
6.525288,20,1273.203855
6.256736,18,1273.672067
6.039127,18,1274.14351
6.086054,18,1274.600768
6.477435,20,1275.099275
8.54712,26,1275.735883
6.243538,19,1276.213999
7.387976,21,1276.764317
5.080717,18,1277.22014
5.328507,17,1277.639749
4.810494,16,1278.061782
3.034178,23,1278.657773
6.597935,19,1279.135281
7.505959,22,1279.682099
5.150942,17,1280.099434
6.425072,19,1280.590769
6.276268,19,1281.068369
7.154512,21,1281.602594
9.311997,31,1282.398093
8.644793,27,1283.075038
8.795564,27,1283.7372
6.337036,19,1284.216904
-12.335837,151,1292.329511
6.736201,21,1292.857835
6.540937,21,1293.38487
6.377558,19,1293.853264
7.623131,24,1294.463021
-13.83252,151,1298.215761
6.059992,20,1298.731292
7.175155,21,1299.25563
7.637316,25,1299.888892
6.348215,20,1300.390565
6.000427,19,1300.870065
6.467134,23,1301.520747
9.833291,31,1302.326196
5.406799,18,1302.792593
6.782322,23,1303.400969
5.466765,18,1303.871178
7.346536,22,1304.430024
7.729477,22,1304.991124
7.883934,22,1305.524942
6.18601,20,1306.026329
6.427252,19,1306.517991
7.483882,23,1307.1022
7.914666,24,1307.708666
7.654911,23,1308.294396
10.269951,37,1309.275149
2.819321,24,1309.957414
6.173957,21,1310.506846
6.158172,18,1310.972171
5.417372,18,1311.44215
6.364261,19,1311.926884
1.416367,18,1312.370569
4.127796,28,1313.075762
6.735977,21,1313.614347
7.482733,22,1314.180551
8.114008,24,1314.785909
6.246292,19,1315.254374
6.033122,19,1315.722449
6.703953,20,1316.22519
7.305992,24,1316.83004
7.046435,21,1317.355869
7.294274,21,1317.869583
6.611002,19,1318.3612
8.207733,24,1318.969412
6.932606,23,1319.552707
6.977062,21,1320.064579
7.425702,22,1320.612407
1.195028,18,1321.066249
7.150877,19,1321.531184
7.487817,20,1322.03074
6.717694,20,1322.531015
6.51341,20,1323.044138
6.201448,20,1323.552854
8.590882,25,1324.157742
6.544059,20,1324.660698
7.535615,25,1325.272881
7.96282,23,1325.84129
9.582544,33,1326.639047
6.910061,19,1327.103731
5.910827,20,1327.599534
7.623595,24,1328.182018
2.913386,22,1328.723966
1.983963,151,1332.397428
7.512447,24,1332.993419
6.526697,19,1333.472979
6.885077,20,1333.946266
6.407683,20,1334.439111
7.253578,21,1334.97866
6.166308,20,1335.485864
5.350224,19,1335.965395
7.339621,21,1336.524812
7.46891,22,1337.07416
7.80048,23,1337.658329
6.773879,22,1338.209781
7.029758,22,1338.759219
5.174773,16,1339.182478
5.423033,18,1339.639375
6.224691,18,1340.108556
6.367257,21,1340.637516
-7.510683,151,1348.691089
6.536767,19,1349.146192
5.91251,18,1349.601872
5.770018,18,1350.07205
7.403703,21,1350.603987
8.248707,25,1351.236777
8.950854,31,1352.005308
8.201826,27,1352.671447
7.33324,23,1353.261806
7.512469,22,1353.825118
7.04091,20,1354.338346
7.865172,24,1354.943326
7.978826,23,1355.525943
6.012956,19,1356.016525
7.912367,23,1356.587121
5.421842,17,1357.00455
7.838761,24,1357.597069
7.42773,22,1358.157343
7.90694,25,1358.773349
7.697136,22,1359.352611
6.629896,21,1359.990654
5.366014,18,1360.44532
7.058532,22,1361.021529
6.107439,19,1361.518802
6.291468,19,1361.996923
7.994401,24,1362.619981
4.386728,32,1363.411703
6.139625,20,1363.913176
5.925871,19,1364.392217
7.934223,26,1365.071719
7.01267,23,1365.658184
13.185664,151,1369.376507
10.06617,32,1370.171973
8.314995,25,1370.800889
7.979332,26,1371.440359
7.311836,23,1371.999684
6.931296,20,1372.501085
7.609235,24,1373.107358
8.651929,24,1373.702381
8.228948,26,1374.367868
7.414592,25,1374.98349
9.009009,27,1375.661542
8.21824,24,1376.273374
6.144456,19,1376.768454
6.736266,21,1377.307197
5.814913,20,1377.796411
7.709138,23,1378.368586
3.185809,24,1378.961854
7.262204,22,1379.508004
6.208709,20,1379.996783
7.31669,21,1380.506001
4.345269,15,1380.87693
7.55738,24,1381.469254
8.432075,30,1382.228611
7.224,22,1382.802667
6.04696,19,1383.279158
8.486747,27,1383.939536
6.193665,18,1384.394366
5.887608,18,1384.835069
9.118773,30,1385.578714
5.346843,17,1385.998181
2.264831,22,1386.560961
4.031184,14,1386.922014
6.006076,19,1387.400503
-6.028383,151,1391.315301
8.025518,25,1391.959927
6.830107,22,1392.508044
7.622492,21,1393.032979
7.374079,22,1393.579084
8.18916,25,1394.194938
6.005851,18,1394.650198
6.635507,20,1395.152555
6.740583,22,1395.699761
1.411779,19,1396.19126
9.662493,31,1396.971765
6.534045,20,1397.473322
-10.836835,151,1405.614906
9.402928,27,1406.307532
5.500097,19,1406.788287
6.821338,21,1407.31701
7.992035,25,1407.949605
11.07026,38,1408.907804
7.977264,25,1409.557353
5.547937,18,1410.117819
6.574041,20,1410.656876
7.098678,23,1411.252522
6.476257,20,1411.7656
9.703876,36,1412.655216
7.133526,23,1413.226299
9.250803,29,1413.932132
7.677294,22,1414.478223
6.522392,20,1414.992874
9.298436,30,1415.737321
7.307419,21,1416.263495
7.324781,23,1416.833563
6.037836,19,1417.302632
6.194618,19,1417.783387
7.917352,25,1418.390389
6.363313,20,1418.893421
8.988819,27,1419.569438
7.323725,22,1420.130862
6.807136,22,1420.693561
8.410028,27,1421.370803
7.239167,23,1421.95532
5.949993,18,1422.411632
6.738611,20,1422.913099
4.847648,16,1423.32321
8.058383,26,1423.97958
6.264778,21,1424.507102
7.447277,24,1425.128474
8.386008,27,1425.804404
7.232073,21,1426.342919
6.27833,19,1426.835145
6.880662,21,1427.373128
7.545541,21,1427.89911
7.6505,24,1428.518447
9.16934,29,1429.236632
7.209124,22,1429.797713
5.380532,17,1430.244323
5.594454,18,1430.699933
7.329615,23,1431.267991
5.575107,18,1431.7091
5.114722,16,1432.117075
6.698534,21,1432.641308
10.269681,33,1433.497704
8.133007,26,1434.273676
7.071566,20,1434.79815
6.222332,19,1435.310741
26.021405,151,1439.072412
4.004013,27,1439.747239
7.561199,24,1440.367335
6.141937,19,1440.86111
7.662382,25,1441.489622
8.354937,28,1442.187276
5.564331,17,1442.635904
7.133425,23,1443.222609
7.561434,24,1443.843848
6.647109,20,1444.360648
6.16924,19,1444.85467
7.857065,23,1445.444365
2.096486,20,1445.963291
9.425667,28,1446.662222
8.463614,27,1447.328485
8.870143,28,1448.059295
6.239833,18,1448.527659
8.530884,26,1449.195352
6.141859,19,1449.676284
2.515005,23,1450.236823
6.674797,22,1450.827861
8.599405,27,1451.493539
4.662168,15,1451.867091
6.98323,22,1452.416764
6.831141,21,1452.94339
9.83201,37,1453.854188
6.581742,20,1454.356559
6.664494,22,1454.90436
6.175543,20,1455.407831
7.242333,22,1455.955122
8.138633,24,1460.870624
8.051896,26,1461.53801
5.455744,17,1461.969197
5.355461,16,1462.365968
7.916755,24,1462.965954
7.065629,21,1463.617177
7.078314,22,1464.194446
7.461259,23,1464.781652
4.445427,15,1465.17367
8.228214,27,1465.854763
5.790403,18,1466.321816
8.890333,28,1467.004933
6.932697,21,1467.518159
6.328454,19,1467.994806
6.625457,20,1468.508812
7.724681,23,1469.091778
5.641495,18,1469.533032
7.745727,25,1470.151614
7.190558,22,1470.711244
6.713639,22,1471.272004
6.133657,19,1471.738084
6.193568,21,1472.276569
8.073043,25,1472.894972
2.065195,22,1473.456821
6.753123,20,1473.971172
7.940596,25,1474.602545
5.878651,18,1475.056813
7.901722,27,1475.732984
6.348208,20,1476.220985
7.150462,23,1476.817193
2.228102,21,1477.353219
7.392394,23,1477.937424
7.837701,24,1478.542772
8.460085,29,1479.280138
8.601458,28,1479.979597
6.658249,20,1480.480983
6.925855,23,1481.062887
8.026918,26,1481.699149
8.049742,24,1482.319467
7.904489,23,1482.889511
7.306064,22,1483.449396
7.197313,22,1483.997299
7.868701,24,1484.602204
9.227894,31,1485.371418
8.20359,24,1485.979768
6.890655,21,1486.516004
9.136856,30,1487.259913
7.686492,25,1487.900419
5.702226,18,1488.354436
6.775722,22,1488.915037
6.323846,20,1489.415839
9.310236,30,1490.17242
5.117359,16,1490.579977
7.860097,24,1491.19682
6.347966,20,1491.697874
9.614508,29,1492.406331
7.693741,23,1492.973846
8.879849,29,1493.6779
7.42292,24,1494.267351
6.843814,21,1494.788707
7.037512,21,1495.324863
6.515665,19,1495.800962
7.538491,24,1496.392645
6.404257,19,1496.924956
6.544401,20,1497.505674
6.672158,20,1498.015835
8.010444,24,1498.63154
8.437117,27,1499.326861
5.439473,17,1499.756914
7.204424,21,1500.280807
6.496666,20,1500.78153
2.519501,24,1501.399799
6.810271,20,1501.899561
10.244814,34,1502.761763
6.634159,21,1503.300383
5.327017,18,1503.741222
6.934858,22,1504.304621
7.683227,23,1504.880905
9.154342,26,1505.523624
8.558318,28,1506.249109
6.695354,21,1506.795043
7.365241,23,1507.369091
7.343427,22,1507.944024
5.665758,18,1508.405904
4.952008,16,1508.810653
6.571084,20,1509.319417
10.523331,37,1510.21419
7.856161,24,1510.871053
5.693649,17,1511.376093
7.819947,24,1511.999151
7.626748,24,1516.894323
8.829453,27,1517.57243
4.593125,15,1517.959778
6.149689,20,1518.477514
6.717601,22,1519.030407
6.294373,19,1519.513554
7.311817,23,1520.098016
6.754095,21,1520.643819
9.148426,26,1521.304053
6.489691,22,1521.868209
6.870381,20,1522.382555
6.638961,21,1522.905924
6.449979,21,1523.44274
6.759951,21,1523.96833
4.698702,16,1524.376345
3.589635,26,1525.043088
7.283542,23,1525.630421
4.708321,31,1526.416498
5.375424,18,1526.885528
5.488218,18,1527.354243
6.13817,21,1527.878344
7.315895,22,1528.427305
6.030038,19,1528.920316
9.62269,30,1529.667334
6.396474,21,1530.190852
8.988941,27,1531.026446
6.978101,23,1531.671581
6.014536,20,1532.200753
7.098373,22,1532.792357
7.355874,22,1533.34917
6.549706,21,1533.90355
8.348833,29,1534.641136
6.647286,20,1535.157791
5.970724,18,1535.599277
10.14269,35,1536.477835
7.362516,23,1537.053775
8.219181,26,1537.692375
7.321745,23,1538.248357
7.691761,27,1538.951933
7.657862,24,1539.556811
5.514632,18,1540.024018
9.291187,30,1540.752981
6.650555,20,1541.266197
6.713967,21,1541.787983
7.353215,24,1542.394783
6.921434,22,1542.942444
6.091482,20,1543.458036
6.780199,21,1543.998824
10.017575,33,1544.815038
6.307954,20,1545.316777
9.744084,32,1546.12739
5.031503,17,1546.558526
9.075152,30,1547.307821
7.278038,21,1547.849423
6.430255,20,1548.351638
7.089059,22,1548.914586
8.582881,29,1549.652748
6.70204,22,1550.215731
9.229877,31,1551.014952
6.532021,20,1551.502177
5.847699,19,1551.993515
6.44337,21,1552.518833
9.560663,31,1553.303359
6.103137,19,1553.796763
5.742983,19,1554.276182
6.773451,20,1554.780069
8.243137,25,1555.412239
7.988239,26,1556.070174
8.128682,25,1556.701328
7.386785,23,1557.28583
5.524774,18,1557.758065
8.756038,26,1558.426954
5.992272,18,1558.979987
7.443141,23,1559.613898
6.921615,21,1560.179478
8.201594,27,1560.870469
6.854366,22,1561.404185
7.772362,25,1562.006831
5.8305,18,1562.434555
5.501368,18,1562.904302
4.967333,16,1563.312357
7.78862,25,1563.944781
5.78597,18,1564.387034
6.80702,22,1564.932919
5.890403,19,1565.412041
6.983998,23,1565.995423
1.505169,20,1566.498028
6.881968,22,1567.060738
6.474775,19,1567.654533
7.075898,23,1568.249309
7.648889,24,1568.87108
7.493544,22,1573.755303
6.883352,21,1574.294967
7.589001,24,1574.901134
5.347707,17,1575.345104
8.388449,29,1576.066835
7.943023,22,1576.628073
6.711612,21,1577.16488
6.710643,22,1577.72708
5.935069,19,1578.219215
5.586389,19,1578.697002
6.467906,20,1579.211589
6.004608,18,1579.667266
6.137122,20,1580.182847
8.473459,25,1580.816654
7.788843,25,1581.460243
8.413945,24,1582.067054
3.965011,26,1582.723396
5.004956,17,1583.169793
4.237929,28,1583.857736
7.569649,23,1584.440784
5.673108,18,1584.909945
7.81872,24,1585.526465
2.915449,24,1586.138004
6.08248,19,1586.617026
5.355432,17,1587.06646
6.662931,21,1587.607745
7.270347,21,1588.149205
8.859321,27,1588.817393
6.602971,21,1589.358184
6.039846,19,1589.852354
8.983457,28,1590.55636
5.995958,19,1591.036456
6.260069,20,1591.514224
7.963774,25,1592.148861
5.702511,19,1592.643671
4.653969,16,1593.053417
7.997402,24,1593.662119
7.045172,23,1594.250192
10.439203,33,1595.152107
8.652667,27,1595.908522
6.818347,22,1596.497264
8.589514,26,1597.169254
2.014454,22,1597.731061
8.407704,26,1598.385863
6.648705,21,1598.926191
5.610782,18,1599.383879
8.194866,25,1600.01422
5.872959,19,1600.508065
8.208989,25,1601.137607
1.544901,19,1601.629803
8.151694,25,1602.259423
8.188051,25,1602.889931
9.724261,32,1603.680022
7.088639,22,1604.241519
5.156878,17,1604.658652
8.841127,27,1605.348966
7.197968,23,1605.933982
9.456519,31,1606.720201
7.425299,22,1607.281806
9.007246,29,1608.005535
4.676048,17,1608.424109
6.755516,21,1608.948977
11.306133,36,1609.849391
7.706195,24,1610.457476
6.904077,21,1610.96785
7.385944,22,1611.529014
5.203178,17,1611.975813
7.982374,24,1612.571813
7.777688,23,1613.157292
7.16415,21,1613.694354
6.134994,19,1614.159976
7.572003,23,1614.742214
6.199689,19,1615.220368
6.875864,23,1615.791662
5.086915,16,1616.21487
6.165391,19,1616.695665
5.521497,18,1617.153968
6.364677,20,1617.641798
8.32431,26,1618.311388
6.820089,22,1618.871482
8.009279,26,1619.522058
6.708556,22,1620.068537
8.976701,29,1620.787345
6.478782,21,1621.323956
8.93453,28,1622.02382
8.753865,25,1622.651711
7.015975,22,1623.225161
7.370308,24,1623.843951
6.400327,20,1624.34359
7.89047,23,1624.92787
7.358526,24,1625.532943
5.89251,19,1630.289419
6.442886,19,1630.766925
1.45845,19,1631.255984
5.856369,18,1631.708485
5.823963,18,1632.16356
6.425842,20,1632.676512
7.880779,23,1633.258735
7.338636,22,1633.9338
6.868317,20,1634.473595
5.903797,19,1634.973872
8.652742,27,1635.67279
6.663866,21,1636.208059
7.283181,23,1636.777571
6.72741,21,1637.314362
8.733306,26,1637.966408
4.807415,16,1638.37746
7.652665,23,1638.96126
7.789789,23,1639.546933
2.987405,24,1640.139237
6.158845,19,1640.630362
7.893288,24,1641.238701
6.828599,20,1641.754525
5.806858,18,1642.221994
5.303986,18,1642.692553
7.276785,22,1643.253867
6.560848,21,1643.777246
9.015909,29,1644.48369
9.630135,29,1645.218389
8.911592,26,1645.87154
7.909908,24,1646.491664
8.887339,27,1647.184975
7.876311,25,1647.802372
2.050584,20,1648.317504
8.590408,26,1648.970668
8.318274,26,1649.635931
5.959779,18,1650.09074
6.507404,19,1650.584159
8.946116,26,1651.240677
7.208468,22,1651.941365
3.057712,25,1652.604816
7.528868,23,1653.21568
6.928114,22,1653.783175
8.615128,27,1654.46876
6.826259,20,1654.963694
6.952192,22,1655.520705
7.841265,25,1656.156018
5.281306,17,1656.60408
5.383354,17,1657.026113
5.664628,18,1657.498457
9.046915,27,1658.174366
5.853129,19,1658.654021
5.281702,17,1659.106863
6.614454,20,1659.619029
7.726169,22,1660.205181
9.314383,27,1660.892332
8.499364,25,1661.527969
10.0944,31,1662.309408
7.230866,22,1662.881165
7.81617,23,1663.475801
6.562031,20,1664.002352
7.599716,23,1664.58918
9.548609,29,1665.35265
6.837983,21,1665.908961
5.667169,18,1666.376191
7.019195,21,1666.922564
6.962882,21,1667.478784
8.034641,26,1668.1518
7.985017,24,1668.763392
11.753527,42,1669.834014
6.568832,21,1670.378542
6.374052,21,1670.906387
10.013099,29,1671.735404
7.303484,23,1672.336158
8.266644,26,1673.00497
6.399806,20,1673.521544
5.719567,18,1673.990513
7.262142,22,1674.550915
6.612959,19,1675.030646
6.264859,20,1675.532174
5.553488,18,1675.988278
2.818188,23,1676.571683
9.694396,30,1677.330349
7.262607,22,1677.889241
4.827058,16,1678.29836
5.256412,17,1678.743167
7.805501,25,1679.358554
9.218674,28,1680.057697
9.504811,28,1680.75269
8.287063,25,1681.396259
7.111767,21,1681.92028
6.674795,21,1682.455346
9.465427,30,1687.599741
8.884635,28,1688.29836
6.894571,23,1688.8792
8.019269,23,1689.474983
7.890582,25,1690.117765
7.599749,23,1690.684205
5.55861,17,1691.114116
8.946943,29,1691.85886
8.111135,26,1692.645073
8.917752,27,1693.33968
7.468783,24,1693.978612
5.094166,30,1694.750808
6.491424,21,1695.272557
6.729717,21,1695.795778
6.27632,20,1696.310387
6.319546,20,1696.824402
8.852583,28,1697.520601
8.15013,24,1698.12463
8.341909,25,1698.753858
8.344528,25,1699.381029
6.320085,20,1699.891037
6.450855,19,1700.379749
4.705128,16,1700.800466
9.150362,27,1701.474401
6.640793,20,1701.987826
6.007017,19,1702.466776
7.489692,22,1703.028221
8.083571,24,1703.619228
1.45179,19,1704.084611
7.24037,22,1704.645803
3.375773,26,1705.310394
5.924135,19,1705.800237
7.946942,24,1706.404487
5.738419,18,1706.831627
5.811118,19,1707.310898
6.955393,21,1707.849114
6.44519,20,1708.364939
5.030996,17,1708.812066
9.244765,28,1709.509575
9.814384,33,1710.348989
2.809427,25,1710.965423
8.912453,26,1711.615906
7.061333,21,1712.141003
6.15304,19,1712.630167
7.374244,23,1713.224064
7.246964,22,1713.783492
6.50675,21,1714.320182
6.270682,20,1714.822085
2.922008,24,1715.428253
8.932742,26,1716.080134
7.471177,23,1716.65241
7.772558,22,1717.21232
8.758808,27,1717.896984
6.076328,19,1718.37309
8.48809,28,1719.084249
9.607507,29,1719.818895
5.555166,18,1720.286125
8.378316,25,1720.900178
6.500855,20,1721.38745
6.802009,19,1721.887341
6.696762,21,1722.415041
6.698276,21,1722.938763
6.926296,21,1723.481212
5.716963,18,1723.937207
8.795864,28,1724.638958
5.419041,17,1725.081824
6.573044,20,1725.608728
3.163717,25,1726.250167
1.462854,18,1726.731693
5.619519,18,1727.192859
6.916867,20,1727.716715
8.822787,26,1728.377403
2.758893,23,1728.970232
8.989673,28,1729.716362
8.258891,26,1730.394498
7.220947,22,1730.953016
5.389319,18,1731.422293
3.594747,26,1732.085516
8.072406,25,1732.723223
5.972419,19,1733.204836
6.668295,20,1733.719538
9.602252,28,1734.419121
6.223729,19,1734.913162
8.098215,25,1735.543225
7.344901,22,1736.105519
7.481355,23,1736.695864
6.976513,21,1737.231533
6.817834,22,1737.795029
5.777149,18,1738.251912
7.082814,22,1738.802748
6.204706,20,1743.594642
7.93023,26,1744.260942
8.100436,27,1744.922892
8.061229,26,1745.580397
6.979986,21,1746.119318
6.923983,21,1746.656997
3.33224,25,1747.283654
7.017394,22,1747.834414
3.985398,28,1748.552382
4.784384,16,1748.962458
7.598403,23,1749.565138
7.795173,24,1750.173099
7.786461,24,1750.754783
8.870894,28,1751.465581
6.917581,21,1751.988431
7.332318,22,1752.550794
9.069818,28,1753.268392
6.977572,22,1753.848358
8.738723,27,1754.560842
7.828216,25,1755.203069
4.806741,16,1755.633542
8.132262,24,1756.369775
9.076682,28,1757.135578
7.88948,24,1757.789172
5.850488,19,1758.298187
6.995988,22,1758.868682
6.530904,21,1759.422671
7.19134,21,1759.952533
6.011141,19,1760.447875
7.784713,24,1761.094634
5.340575,17,1761.515081
7.84916,23,1762.118279
7.851533,24,1762.734035
6.04987,19,1763.228464
1.39545,20,1763.746526
4.704709,16,1764.143899
8.822876,29,1764.87149
7.567316,23,1765.471189
8.264549,25,1766.115291
6.357097,20,1766.635075
7.858389,26,1767.294418
4.807934,17,1767.734179
7.533898,24,1768.341905
5.757849,19,1768.823779
11.647553,39,1769.842319
8.127503,23,1770.43168
5.950639,19,1770.941292
8.603391,25,1771.569745
7.321517,22,1772.144351
8.347933,26,1772.823868
9.130521,28,1773.724624
6.088889,21,1774.300771
8.397901,27,1775.056058
7.448623,23,1775.725866
8.407323,26,1776.476948
7.159391,22,1777.077385
6.037382,19,1777.588013
6.115904,19,1778.0805
6.833512,21,1778.626417
8.642182,26,1779.293291
11.01676,36,1780.199812
8.184493,26,1780.876404
7.129256,21,1781.4138
13.184034,46,1782.581042
6.989264,21,1783.114121
8.307029,27,1783.820558
8.509477,25,1784.467464
2.538878,22,1785.045592
7.956105,25,1785.663808
8.691726,28,1786.362376
7.248673,22,1786.926577
7.155599,22,1787.473737
6.85322,22,1788.021089
6.786592,22,1788.569067
3.834423,27,1789.231872
6.63363,20,1789.744569
8.150282,24,1790.436333
7.776702,23,1791.04809
6.465237,19,1791.542994
7.506254,23,1792.150332
9.403765,31,1792.909896
5.379119,18,1793.377578
7.499747,23,1793.949078
6.203913,19,1794.429321
7.952083,25,1795.079011
9.329583,30,1795.841037
5.726525,19,1796.319805
6.914282,22,1801.144323
10.909258,33,1801.988575
6.035622,19,1802.439346
8.276018,25,1803.083313
5.79767,19,1803.56503
7.210052,22,1804.125248
6.565459,21,1804.64721
7.310528,22,1805.192343
5.40369,18,1805.636352
5.284405,17,1806.08271
7.185399,22,1806.660433
7.343315,22,1807.303818
9.708056,31,1808.106396
7.537379,24,1808.727498
6.651733,21,1809.259265
7.29391,23,1809.845143
6.621939,21,1810.383501
6.519668,21,1810.925539
2.353352,22,1811.472822
7.024887,23,1812.043377
5.646416,19,1812.536668
6.645632,21,1813.073902
6.521918,20,1813.576185
6.015316,21,1814.101969
8.259779,26,1814.755129
6.075501,20,1815.270009
6.618482,21,1815.801704
6.513906,20,1816.293019
6.447627,20,1816.810182
5.941346,19,1817.304514
7.648796,24,1817.913116
8.659458,28,1818.6145
7.516666,24,1819.206349
6.734362,22,1819.767448
6.548024,21,1820.292067
7.510823,22,1820.854694
7.303958,23,1821.42402
7.621117,22,1821.987886
6.621086,21,1822.509663
8.825652,28,1823.247932
7.34051,23,1823.828408
3.316364,25,1824.457005
7.569241,22,1825.017955
7.337138,22,1825.565003
9.030788,28,1826.265137
7.795827,23,1826.847339
6.113224,20,1827.334174
6.802664,21,1827.861587
6.357525,19,1828.353325
2.833781,24,1828.947084
7.328102,23,1829.546626
6.105092,19,1830.01051
7.865704,26,1830.680557
5.512538,19,1831.161703
5.850236,19,1831.639995
8.195648,26,1832.293246
6.807597,21,1832.831903
4.05281,29,1833.566359
5.787682,18,1833.995018
6.635363,20,1834.507548
7.901463,25,1835.13798
9.499175,28,1835.839349
5.305653,18,1836.30623
7.089625,22,1836.867135
7.752257,25,1837.498514
7.036458,22,1838.046043
7.588301,23,1838.61732
6.575049,21,1839.156393
7.547407,23,1839.740194
6.080623,19,1840.220422
7.203686,23,1840.803645
9.455625,28,1841.5033
7.230777,22,1842.063456
6.14261,20,1842.562432
6.442674,19,1843.027693
7.619032,24,1843.634228
8.45423,26,1844.30002
6.566102,19,1844.777303
6.772427,22,1845.337555
5.658427,18,1845.794127
8.092585,24,1846.400196
7.97275,23,1846.978011
6.335471,21,1847.516433
5.282758,17,1847.94993
5.835207,19,1848.444613
9.44336,28,1849.143908
6.937354,22,1849.692237
7.828286,22,1850.255875
9.008987,28,1850.954628
6.93803,22,1851.503264
3.432909,26,1852.160036
8.124388,25,1857.117263
6.420858,20,1857.606817
7.372468,22,1858.170228
7.359051,23,1858.767749
7.958308,24,1859.376709
9.219619,28,1860.080096
7.190165,23,1860.66777
7.758001,24,1861.278996
7.750406,24,1861.885906
5.853444,19,1862.364022
8.716831,27,1863.045975
6.851542,22,1863.615956
7.008584,21,1864.160976
6.35544,20,1864.662328
7.32464,23,1865.264097
1.90321,22,1865.830952
6.479114,20,1866.333455
8.583568,25,1866.957653
7.311248,22,1867.520018
7.767701,24,1868.156492
7.589962,23,1868.76303
7.675213,24,1869.37913
7.233524,23,1869.958302
7.78092,25,1870.568366
8.481,25,1871.234367
7.443775,22,1871.817597
8.440239,26,1872.482887
7.761254,24,1873.094594
8.853822,27,1873.79667
6.502893,20,1874.307491
8.744906,26,1874.973249
9.894605,31,1875.77214
7.633247,23,1876.372644
7.569959,23,1876.972385
6.082672,19,1877.448398
11.289025,36,1878.460327
7.820856,24,1879.119412
7.071767,22,1879.718127
6.588976,21,1880.39237
7.350853,23,1881.022333
7.174709,22,1881.603355
7.744104,23,1882.215147
7.523526,24,1882.821392
9.002677,27,1883.527249
7.120452,23,1884.132497
7.920948,23,1884.73145
7.951546,25,1885.388187
8.511426,26,1886.052172
8.683056,26,1886.750003
6.622664,21,1887.340641
7.388919,23,1888.031528
6.668242,21,1888.615794
2.128295,23,1889.215585
6.688082,21,1889.770945
6.06132,19,1890.27666
8.534564,27,1890.980117
6.119702,19,1891.466914
6.321195,20,1891.992502
9.662719,30,1892.75625
5.999168,19,1893.2525
3.429968,25,1893.923211
6.645129,21,1894.615623
6.093145,20,1895.2067
9.239745,27,1895.955834
7.110561,22,1896.567836
7.281781,22,1897.151285
6.705134,20,1897.681128
8.538291,26,1898.35163
8.027001,25,1899.00189
7.253753,22,1899.575957
9.106799,29,1900.322426
6.95899,22,1900.894799
6.866169,21,1901.441998
8.434143,26,1902.108872
8.165829,25,1902.760444
6.33372,20,1903.271437
6.254914,20,1903.777958
6.515026,20,1904.30162
6.15336,20,1904.826871
5.093002,17,1905.288281
6.394578,20,1905.798629
3.812175,27,1906.492084
6.183928,20,1906.997126
6.071059,20,1907.503919
6.133057,20,1908.020419
7.872505,23,1908.594588
6.005151,20,1909.11852
8.530137,26,1909.764218
6.419443,19,1910.26683
6.877742,21,1915.145547
7.45239,23,1915.75818
6.799423,21,1916.326592
8.704271,27,1917.018637
7.036564,22,1917.558107
9.84274,31,1918.333914
8.400768,26,1918.989838
8.523652,27,1919.682299
2.987742,23,1920.25837
7.251517,23,1920.829129
8.054445,25,1921.46064
8.003284,25,1922.09184
9.549318,30,1922.838559
10.28336,32,1923.664177
7.827778,24,1924.259859
5.187713,17,1924.694598
7.34556,23,1925.280381
7.852565,24,1925.893472
8.218192,26,1926.549235
5.160564,17,1926.995108
6.51313,21,1927.546217
6.809883,21,1928.089705
8.155815,26,1928.73361
7.400718,22,1929.294671
6.956004,20,1929.797798
8.544741,24,1930.39401
7.833455,24,1931.041327
6.1898,20,1931.606819
8.24017,24,1932.218382
6.767301,21,1932.75723
6.395546,19,1933.229354
7.181914,22,1933.79857
6.421743,22,1934.347109
6.821092,21,1934.901931
7.322817,23,1935.493967
6.143195,19,1935.973218
7.352081,22,1936.519448
6.368395,20,1937.035973
9.737783,32,1937.828921
6.439624,21,1938.370423
6.322149,20,1938.886138
8.284505,25,1939.527837
7.459367,23,1940.116426
6.149715,19,1940.617443
6.12736,19,1941.110668
7.573389,23,1941.683726
7.618978,23,1942.271845
6.282418,19,1942.751048
6.327195,19,1943.232082
8.979737,26,1943.888746
3.858999,27,1944.572981
6.542649,20,1945.075842
5.969424,19,1945.570377
7.787122,24,1946.168291
6.568329,21,1946.710438
6.343569,20,1947.225324
9.256525,28,1947.925776
8.815017,26,1948.583657
7.043182,21,1949.113497
7.934005,26,1949.781136
8.149918,25,1950.429835
5.901502,19,1950.894109
11.465602,36,1951.819076
8.610041,28,1952.522359
6.128236,19,1953.018751
5.164207,17,1953.454189
8.843866,26,1954.108806
2.837882,24,1954.727116
5.776913,18,1955.185027
2.618892,23,1955.781823
5.932238,19,1956.284512
7.688623,26,1956.95028
7.346254,23,1957.538865
8.314065,26,1958.201923
9.31906,30,1958.951541
7.338889,22,1959.528715
9.010325,28,1960.23162
6.28247,20,1960.73352
9.186275,28,1961.439394
8.507603,25,1962.074439
7.231221,22,1962.626671
2.180875,21,1963.166962
5.939628,18,1963.621691
5.492188,17,1964.053889
6.943675,22,1964.615351
7.691022,25,1965.235645
8.704161,27,1965.897579
8.753469,27,1966.600161
8.009314,24,1967.208915
3.139745,25,1972.11384
6.998522,22,1972.661241
7.035761,21,1973.186315
7.570815,23,1973.769471
7.811816,24,1974.389238
8.458856,27,1975.065554
7.7583,24,1975.672928
7.247868,23,1976.27106
8.500017,27,1976.946313
7.867277,24,1977.550559
6.274832,20,1978.050247
7.220774,21,1978.588815
9.038404,28,1979.275186
8.313419,26,1979.941332
6.872573,22,1980.473932
10.192159,33,1981.3158
6.218446,20,1981.80467
9.705739,30,1982.584398
8.404996,26,1983.243624
9.57531,29,1984.063808
5.270478,17,1984.605692
6.363704,36,1985.58774
9.455346,31,1986.37945
9.06994,28,1987.069747
7.080575,23,1987.642096
7.879859,24,1988.24966
8.260746,27,1988.928158
7.730169,23,1989.500578
7.983087,25,1990.146223
7.396218,23,1990.718568
7.24338,22,1991.268877
6.881364,22,1991.816861
7.911331,25,1992.434194
8.58813,26,1993.089985
6.277073,21,1993.61884
9.53731,29,1994.355357
7.269789,23,1994.940871
8.599754,27,1995.604381
12.215995,41,1996.618718
8.976944,27,1997.296985
9.325994,31,1998.065042
6.045343,20,1998.578837
5.059273,17,1999.025229
10.109723,32,1999.801398
5.143385,17,2000.236429
5.449982,18,2000.796621
9.447888,29,2001.553276
8.692519,27,2002.245637
7.057674,21,2002.778841
8.450132,26,2003.450936
8.064582,24,2004.060041
6.433357,20,2004.546582
7.054191,22,2005.110907
7.835019,25,2005.742091
8.020788,26,2006.398552
5.95588,20,2006.901318
6.213569,20,2007.420647
2.645689,23,2007.996375
8.365853,27,2008.693648
7.125475,23,2009.276912
5.771267,19,2009.754634
9.161656,30,2010.499156
7.995644,25,2011.130826
6.674768,21,2011.669063
6.770608,21,2012.206702
6.285191,21,2012.745774
8.591464,27,2013.421672
8.763685,28,2014.136675
7.232145,22,2014.77237
7.658226,23,2015.369321
7.589378,24,2015.978279
6.538313,20,2016.492878
7.120898,23,2017.079403
1.713948,21,2017.618572
7.512738,24,2018.229498
8.518915,27,2018.898409
8.096623,26,2019.568884
9.13863,28,2020.272143
5.572221,18,2020.729225
7.836585,24,2021.339752
7.910642,25,2021.973573
0.901352,19,2022.468891
7.761069,24,2023.064826
7.596446,23,2023.656012
6.09732,20,2028.481265
10.543608,35,2029.35924
8.167773,26,2030.017859
10.319389,32,2030.829289
7.214119,23,2031.41922
5.863733,19,2031.898041
5.9345,19,2032.369851
7.800887,25,2032.988164
4.10858,29,2033.724178
7.430557,24,2034.329574
7.326694,23,2034.911605
5.279805,18,2035.349617
8.237749,26,2036.0006
3.676089,26,2036.654396
7.817641,25,2037.284081
6.309971,20,2037.770717
3.274685,25,2038.412906
3.194122,26,2039.050725
7.122221,23,2039.620098
9.557104,30,2040.389722
6.319738,20,2040.891922
9.656021,30,2041.652445
8.163541,27,2042.312166
8.389163,27,2043.00058
6.125456,20,2043.488962
6.913781,23,2044.071431
7.622071,24,2044.67777
9.438397,31,2045.449062
8.957457,29,2046.191674
6.398637,22,2046.739664
9.36589,30,2047.492239
6.605038,21,2048.032736
7.209275,23,2048.616595
9.219125,30,2049.363629
7.81051,25,2049.980997
6.718777,23,2050.580308
7.85378,26,2051.240456
5.595296,18,2051.696128
9.256025,30,2052.443656
6.145552,21,2052.983143
8.685879,28,2053.685261
7.125277,24,2054.293077
6.517027,22,2054.857006
2.806121,27,2055.543453
6.326286,21,2056.163689
7.353459,24,2056.798116
6.60826,22,2057.370626
9.604935,31,2058.170366
7.63502,24,2058.779739
7.914458,25,2059.408756
7.520995,24,2060.00081
6.346806,21,2060.52746
6.78039,22,2061.080229
9.418313,32,2061.858513
8.224982,26,2062.514764
7.11577,25,2063.144675
5.571706,19,2063.636023
9.124112,29,2064.356431
7.089005,24,2064.965964
8.387793,27,2065.643048
10.652983,35,2066.521955
7.815692,24,2067.115599
9.095406,28,2067.802457
7.935625,26,2068.482594
7.928639,26,2069.135148
8.078841,28,2069.83441
4.255799,28,2070.534729
6.656177,21,2071.076426
7.545605,24,2071.685619
8.230515,26,2072.32879
7.104623,23,2072.914838
7.668512,25,2073.534921
10.103803,31,2074.307911
6.577074,20,2074.825377
2.172868,23,2075.411245
8.061167,26,2076.066754
6.632519,22,2076.63242
7.041777,23,2077.232785
7.049177,22,2077.795565
6.843798,22,2078.35909
9.34458,29,2079.071167
7.36779,24,2079.676521
8.375992,28,2084.796621
5.521404,19,2085.275767
9.468308,33,2086.096505
9.193271,30,2086.84341
6.831743,23,2087.417079
7.112312,24,2088.052626
4.990793,18,2088.584544
3.338782,27,2089.28329
7.310571,24,2089.891578
6.147546,20,2090.397276
10.07154,33,2091.22736
10.400683,36,2092.108691
9.807213,34,2092.964031
3.817312,29,2093.697561
7.87665,26,2094.353748
9.543035,32,2095.140637
7.205576,24,2095.746085
7.753135,26,2096.39863
8.553661,28,2097.101637
6.516154,21,2097.638565
10.437178,34,2098.456592
8.208534,28,2099.15123
7.89966,25,2099.778565
8.477974,28,2100.462591
6.49466,22,2100.993654
10.2944,34,2101.826103
8.053656,26,2102.464077
7.128978,24,2103.056957
8.518885,29,2103.777929
7.127514,24,2104.383651
11.114232,37,2105.314466
7.34391,24,2105.920118
7.235798,24,2106.51402
8.836372,29,2107.236817
9.431844,32,2108.029733
8.343051,26,2108.681482
8.120017,28,2109.379368
7.903981,27,2110.054609
8.180169,28,2110.752605
6.206037,22,2111.313574
7.85705,26,2111.962794
6.215302,21,2112.500657
7.525495,25,2113.120285
7.081142,23,2113.689006
9.854033,32,2114.464124
9.311457,30,2115.220181
5.207725,18,2115.690071
8.987799,30,2116.420537
9.791944,33,2117.246586
8.367379,28,2117.945184
7.422367,24,2118.526661
9.217935,29,2119.262359
9.860551,34,2120.098892
7.598804,24,2120.69234
11.159479,37,2121.623997
8.871182,29,2122.330168
5.673104,18,2122.883317
13.020398,45,2124.02087
7.363624,23,2124.619853
7.117477,24,2125.232324
7.049636,23,2125.803044
6.618615,23,2126.387174
6.622997,22,2126.933828
7.11753,23,2127.504303
8.409948,27,2128.181412
6.313496,21,2128.709442
7.287352,24,2129.303065
8.428807,27,2129.991936
6.762479,22,2130.553506
6.504942,23,2131.135515
8.904549,30,2131.866893
7.301843,24,2132.474671
6.774536,23,2133.045102
7.695772,26,2133.688495
5.692086,19,2134.181287
8.461956,29,2134.905909
8.30327,27,2135.794901
8.423345,29,2140.810386
10.080548,33,2141.6429
7.754605,26,2142.302186
8.084388,27,2142.997085
6.183671,21,2143.527311
7.224459,23,2144.103319
7.235412,23,2144.677352
10.093386,33,2145.498595
7.343628,24,2146.097773
7.646615,24,2146.710159
5.121582,18,2147.167437
8.695778,29,2147.891532
10.680849,37,2148.802428
7.521497,25,2149.4344
7.901396,27,2150.113839
6.49563,21,2150.653179
8.815528,28,2151.357568
7.405459,24,2151.970589
8.237831,27,2152.648828
9.031359,31,2153.425435
7.361758,24,2154.037422
9.661713,32,2154.845776
9.814697,31,2155.620639
6.805171,23,2156.209391
6.543717,22,2156.760122
4.357501,16,2157.169778
9.693834,32,2157.965564
7.582897,24,2158.563114
7.838929,25,2159.196857
9.142469,30,2159.960348
7.002877,23,2160.543176
8.377019,28,2161.244928
6.75204,23,2161.82926
8.335204,28,2162.51903
7.514192,25,2163.149359
10.550917,36,2164.068429
6.410776,21,2164.580131
10.106818,35,2165.446912
9.682746,31,2166.222844
9.407874,31,2167.023897
8.275185,28,2167.72592
6.54129,22,2168.295319
6.466037,37,2169.231954
10.739856,36,2170.125691
8.28442,27,2170.802624
9.762225,31,2171.573025
7.897316,26,2172.229179
6.976704,22,2172.777031
7.080962,23,2173.347531
7.413231,24,2173.94031
7.265059,23,2174.510006
8.15686,26,2175.165885
1.874812,22,2175.715541
8.118273,25,2176.34625
9.323326,33,2177.16084
6.989128,23,2177.745969
6.765507,23,2178.405458
9.378532,31,2179.217521
6.125974,21,2179.769033
8.362379,27,2180.475207
6.767435,22,2181.022736
5.930132,20,2181.619761
6.510976,23,2182.239581
8.072334,26,2182.922507
10.504901,33,2183.808414
9.114377,30,2184.572921
7.015593,22,2185.140133
6.864581,22,2185.704238
10.692651,36,2186.589249
8.38025,27,2187.268536
10.239156,35,2188.143296
7.121988,23,2188.728285
9.357334,30,2189.480373
9.603253,31,2190.221807
7.143295,23,2190.807451
8.186183,27,2191.485235
6.725367,23,2196.424375
10.049363,33,2197.249897
7.207745,25,2197.884313
8.939834,31,2198.669607
8.910861,29,2199.39933
9.515464,32,2200.206724
7.554672,25,2200.84012
8.057245,26,2201.528342
5.582453,19,2202.014946
11.14956,40,2203.033973
8.284782,27,2203.712079
7.691936,26,2204.376484
7.638545,25,2205.016221
6.726821,22,2205.574067
7.291394,24,2206.203174
11.898019,42,2207.268819
7.230456,24,2207.894888
7.191705,24,2208.527166
8.563532,28,2209.254181
7.134641,24,2209.881013
5.677356,20,2210.405823
4.784953,33,2211.256323
7.111181,23,2211.849664
6.720454,22,2212.421051
7.570151,26,2213.085584
4.967178,33,2213.933377
7.331416,24,2214.561856
6.537516,22,2215.119464
7.401977,24,2215.724865
8.245471,28,2216.453451
7.710437,25,2217.102618
7.810937,26,2217.771461
6.906027,24,2218.398943
7.909015,27,2219.095145
8.913452,30,2219.865287
8.243,27,2220.54966
7.644996,24,2221.177989
10.165029,34,2222.042613
7.299086,23,2222.641793
9.09713,31,2223.414608
7.926909,28,2224.114973
6.404202,21,2224.624848
4.715785,17,2225.070527
5.286352,19,2225.534793
8.855419,30,2226.290452
6.459035,22,2226.821154
8.719427,30,2227.548601
5.703201,19,2228.037575
6.86488,24,2228.641513
7.639042,25,2229.22856
6.569674,23,2229.811113
9.559171,32,2230.600106
10.511965,35,2231.458854
9.124381,31,2232.230278
7.737731,25,2232.846912
6.224419,21,2233.361037
7.161414,24,2233.957903
9.066162,30,2234.709947
9.047413,29,2235.450398
7.950868,27,2236.11857
7.200615,23,2236.702171
8.469358,28,2237.404143
9.008586,29,2238.131921
6.753986,23,2238.715019
7.303884,24,2239.323452
8.551579,29,2240.046019
7.900223,26,2240.686598
7.181947,25,2241.304949
9.972399,35,2242.19089
7.65534,26,2242.842054
7.699861,27,2243.508581
9.498868,32,2244.30402
9.698105,34,2245.267082
7.463337,26,2245.937511
8.933112,29,2246.672392
8.951479,28,2247.380715
6.763098,24,2247.987103
8.609811,29,2253.067668
10.015249,32,2253.864135
9.615266,33,2254.68389
6.801642,22,2255.23209
10.924029,37,2256.155986
10.07653,36,2257.203133
6.599477,21,2257.73972
7.029899,23,2258.336639
8.859227,31,2259.099353
10.845015,38,2260.024952
7.35968,24,2260.6326
7.811881,26,2261.271267
6.874878,24,2261.878096
9.167743,30,2262.608887
9.729711,35,2263.494424
6.073207,20,2263.982846
10.111381,34,2264.805734
9.393012,31,2265.586241
7.387136,25,2266.176238
9.223339,31,2266.946403
9.598849,33,2267.776459
8.998995,31,2268.543216
8.344797,28,2269.240757
9.157334,31,2270.008188
7.424845,25,2270.625224
8.077489,28,2271.327127
11.368118,39,2272.281438
6.339769,22,2272.844828
9.340355,31,2273.628124
10.96878,39,2274.593322
10.01728,34,2275.533146
9.536431,32,2276.34137
8.4215,28,2277.050477
7.946826,27,2277.699205
8.747125,28,2278.399801
8.20037,27,2279.072873
8.318517,29,2279.793809
9.918023,32,2280.591907
8.374034,28,2281.294703
7.084574,24,2281.899658
8.010383,29,2282.628913
7.633668,26,2283.2851
10.551423,36,2284.171392
8.072046,26,2284.825394
7.300695,26,2285.480679
7.583845,25,2286.109662
6.897709,22,2286.669555
7.372043,24,2287.267668
8.503672,27,2287.946254
8.415692,28,2288.646376
7.652359,26,2289.300084
10.169383,33,2290.111132
8.244227,27,2290.785374
8.019207,28,2291.481092
8.176807,29,2292.214035
11.800054,40,2293.172456
6.75347,23,2293.757294
9.666602,32,2294.56443
8.519375,29,2295.289326
7.360253,24,2295.887959
6.437582,21,2296.509075
10.261848,36,2297.432562
8.999451,30,2298.197028
7.966454,27,2298.877581
7.080939,25,2299.50006
7.737848,26,2300.170256
6.895072,23,2300.744918
8.014178,26,2301.385446
9.801812,33,2302.229152
9.121812,31,2303.002124
7.139893,24,2303.614062
7.491868,25,2308.678561
8.998906,31,2309.453282
9.176357,31,2310.225658
8.033117,26,2310.880987
8.051543,29,2311.606838
6.518014,22,2312.147149
5.780413,19,2312.628051
9.004071,32,2313.425276
6.873247,24,2314.023316
9.525571,33,2314.852844
6.758215,24,2315.449947
12.095022,46,2316.584543
6.022744,21,2317.096836
9.59326,33,2317.915201
9.120496,32,2318.708807
8.938532,31,2319.467242
7.067169,24,2320.067675
6.596076,22,2320.630417
9.040719,30,2321.381391
4.297646,32,2322.19363
12.579339,46,2323.378133
6.446459,22,2323.926063
11.182893,40,2324.960033
7.899281,28,2325.661935
8.744014,30,2326.448812
9.553612,33,2327.294266
8.994238,31,2328.103505
7.550878,25,2328.71095
7.317105,25,2329.365453
6.66069,24,2329.968937
6.233378,22,2330.54443
10.587888,38,2331.508971
4.34395,34,2332.382689
2.168951,23,2332.966176
3.89951,30,2333.716064
8.36164,29,2334.430323
7.123425,24,2335.05749
8.488588,29,2335.779716
7.213327,24,2336.402868
7.979784,26,2337.084526
7.871056,27,2337.768309
8.718307,30,2338.537675
10.328512,35,2339.435385
6.570349,23,2340.009296
6.509966,22,2340.582585
7.232086,26,2341.228212
7.806481,26,2341.913292
8.659654,28,2342.63484
7.879431,28,2343.353194
12.033414,42,2344.423486
8.019894,27,2345.129514
10.414392,35,2346.013184
5.578873,20,2346.538069
6.857754,24,2347.14186
13.18084,49,2348.341774
8.148316,27,2349.018267
7.411582,25,2349.634612
11.040719,39,2350.598087
9.71574,33,2351.407798
4.308462,32,2352.211723
8.930465,31,2352.966452
8.014416,27,2353.639622
9.217764,31,2354.425861
7.409009,25,2355.05396
9.416295,34,2355.899838
6.079039,21,2356.408067
6.225783,22,2356.95741
7.701859,27,2357.639685
10.151506,35,2358.50644
9.086501,33,2359.345262
7.318336,25,2359.968482
6.432045,22,2364.832326
6.665775,22,2365.376729
7.146001,25,2366.004258
9.803453,33,2366.957578
8.060829,28,2367.700608
10.738886,39,2368.728797
9.300136,32,2369.543345
6.439605,22,2370.111173
5.585237,19,2370.586142
9.257919,31,2371.3599
9.617533,36,2372.414678
9.049795,32,2373.23608
9.227683,31,2374.054753
6.038262,20,2374.566291
7.557964,25,2375.206882
9.050225,32,2376.138413
9.330688,32,2376.969371
8.638319,30,2377.909686
9.454643,33,2378.792588
6.08941,21,2379.353358
9.322892,33,2380.196327
11.165931,38,2381.159973
8.256298,29,2381.892117
9.743815,34,2382.749127
7.574657,25,2383.394642
7.070714,24,2383.989909
5.999591,21,2384.537308
9.630388,33,2385.341028
6.496113,23,2385.904956
6.983961,43,2386.969653
7.958673,27,2387.652821
8.419022,28,2388.34611
8.356717,29,2389.069518
7.362188,25,2389.699494
9.962832,35,2390.560081
7.688313,27,2391.237222
8.388548,29,2391.969185
7.549482,26,2392.616057
9.609013,32,2393.398975
1.813297,22,2393.961015
7.332376,25,2394.579277
7.361884,25,2395.196936
7.020511,25,2395.821979
6.63497,22,2396.374701
5.99163,21,2396.900834
9.234729,32,2397.682116
8.466187,29,2398.410165
8.942426,30,2399.161166
7.789506,27,2399.839472
7.345246,25,2400.459279
8.926641,32,2401.376917
0.595001,19,2401.872486
8.613764,29,2402.613075
8.625071,29,2403.335798
7.088279,25,2403.967731
8.180927,28,2404.667637
8.565449,30,2405.411505
7.940871,26,2406.065127
8.897416,28,2406.763433
11.866751,40,2407.722737
6.824998,41,2408.761009
10.010704,35,2409.620798
7.487617,25,2410.250808
7.95443,27,2410.926975
9.737218,33,2411.752993
9.766619,34,2412.601307
8.354475,29,2413.322566
8.262487,28,2414.021231
7.603155,26,2414.655443
8.179178,29,2415.39306
12.123207,44,2416.477199
9.280925,32,2421.549725
8.88107,31,2422.307057
8.667207,30,2423.053573
9.139516,32,2423.841677
10.306601,37,2424.74381
5.741493,38,2425.684268
7.527189,26,2426.321795
8.310797,30,2427.053478
6.6745,24,2427.658283
9.169967,31,2428.410655
9.030607,33,2429.220917
8.583531,30,2430.037776
9.453679,34,2430.905347
8.991602,32,2431.727863
8.574951,30,2432.460238
10.934669,40,2433.462584
7.61204,26,2434.100825
10.348316,36,2435.011311
12.957004,47,2436.176166
8.350083,30,2436.908937
8.115551,29,2437.616791
11.621243,43,2438.686722
9.870102,37,2439.610446
7.685874,28,2440.295681
7.20833,24,2440.877461
12.587708,47,2442.04546
10.76766,36,2442.944197
5.757156,20,2443.418779
12.083573,42,2444.452105
10.730297,38,2445.396569
6.96813,24,2445.990088
7.935507,29,2446.714977
5.787032,22,2447.263761
10.631441,39,2448.218411
7.195913,25,2448.83646
10.919968,39,2449.818537
8.948553,31,2450.57467
8.268888,31,2451.346287
7.269181,44,2452.431926
10.418042,37,2453.331953
7.124686,25,2453.964248
10.672304,37,2454.873829
10.497035,38,2455.806456
8.25323,29,2456.519481
10.249067,35,2457.396879
7.972084,28,2458.084825
2.058964,25,2458.701813
11.016911,38,2459.632729
7.271978,26,2460.273997
8.550564,30,2461.022122
7.468117,26,2461.674115
8.733465,30,2462.393012
7.399205,27,2463.039641
8.913954,32,2463.817449
7.23957,26,2464.470513
9.747291,36,2465.369035
4.385682,33,2466.186232
9.337991,32,2466.979826
7.43851,27,2467.642718
13.525802,50,2468.875346
7.785605,27,2469.663684
7.832322,27,2470.342705
7.324023,25,2470.973783
7.030524,24,2471.568501
7.429404,26,2476.457629
12.074387,45,2477.56861
10.363655,39,2478.508814
6.011142,22,2479.056084
12.803516,47,2480.208948
9.614271,35,2481.084894
10.38475,39,2482.036309
6.967639,25,2482.637296
8.874749,33,2483.438783
8.541062,32,2484.233061
10.927851,40,2485.223554
9.118232,33,2486.040221
7.068357,26,2486.681014
6.835484,24,2487.266336
7.597463,28,2487.95293
9.73384,36,2488.888385
9.467617,36,2489.829611
10.314052,36,2490.734371
9.816997,37,2491.644427
10.146358,37,2492.568185
9.586449,34,2493.391529
11.30673,42,2494.428035
8.239259,30,2495.183712
10.362174,36,2496.070713
6.572576,23,2496.627896
10.014056,36,2497.512643
8.939776,32,2498.501596
9.100331,33,2499.343152
10.004437,36,2500.278882
9.338881,33,2501.112089
6.506905,23,2501.671084
11.430309,42,2502.72326
10.347789,36,2503.614463
6.292484,22,2504.168299
7.557523,27,2504.908525
10.639062,37,2505.843755
9.858258,37,2506.780562
8.155749,29,2507.508161
10.853066,41,2508.524529
8.43619,31,2509.296932
9.454648,33,2510.116913
9.463245,31,2510.872248
8.143359,29,2511.603621
10.015019,36,2512.493912
9.100163,34,2513.346967
11.197984,44,2514.426042
8.97755,32,2515.224133
6.968084,24,2515.81928
9.148082,35,2516.701888
7.419492,26,2517.324759
8.078664,28,2518.029049
6.135071,22,2518.579772
6.388568,22,2519.115652
9.31533,33,2519.947428
10.01605,35,2520.817728
11.600985,42,2521.84188
7.613972,27,2522.526628
7.215706,26,2523.1812
7.982198,28,2523.880198
12.066836,44,2524.952384
7.803154,29,2525.64631
7.764482,27,2526.320328
11.391055,44,2531.674471
6.008271,22,2532.221222
11.129813,43,2533.287408
8.223777,29,2533.995683
9.000045,33,2534.797642
13.471016,49,2536.000401
7.686179,28,2536.690126
8.463764,30,2537.436553
8.762822,31,2538.217481
11.816278,42,2539.222603
11.20848,40,2540.195314
11.611215,40,2541.18263
12.552782,45,2542.288189
9.115806,33,2543.100232
7.719278,28,2543.785493
7.567633,28,2544.485356
9.405677,35,2545.345816
8.519555,29,2546.068396
5.468387,20,2546.56814
12.505086,47,2547.73538
9.640878,34,2548.572813
9.613187,33,2549.385213
4.358439,34,2550.223262
7.649255,26,2550.877846
12.492684,45,2551.976559
6.399546,23,2552.579591
10.059982,38,2553.54421
9.301369,34,2554.442101
11.507237,42,2555.571764
8.28812,30,2556.357611
8.086074,28,2557.070257
7.400396,25,2557.686379
8.374821,29,2558.409407
9.509042,35,2559.285078
7.292991,26,2559.911887
8.293999,28,2560.602763
10.603802,39,2561.559667
9.709842,36,2562.433809
11.372523,41,2563.452007
8.376231,30,2564.201235
10.15742,38,2565.13657
7.91133,28,2565.842953
9.754024,35,2566.822798
11.669285,43,2567.894359
7.656947,27,2568.568619
7.257668,26,2569.215493
10.341969,36,2570.102663
7.196467,25,2570.703975
9.56004,32,2571.498026
10.066294,36,2572.400892
7.474349,27,2573.055413
10.618609,38,2573.999406
9.334944,33,2574.801104
8.645603,31,2575.573003
11.914587,44,2576.652458
7.338837,26,2577.305476
12.742287,48,2578.467348
8.950243,33,2579.297297
5.256489,36,2580.184581
6.336318,40,2581.158717
7.479689,27,2581.83635
9.347728,35,2586.961406
8.340964,31,2587.716023
8.934176,32,2588.506004
7.929315,29,2589.217048
8.627066,32,2589.998601
10.00871,36,2590.896283
11.121054,41,2591.898377
14.113936,57,2593.30564
8.870844,32,2594.087318
5.157337,19,2594.539921
13.469237,51,2595.814615
7.836532,28,2596.515984
10.015957,39,2597.470299
10.601002,40,2598.447902
6.451218,42,2599.466406
10.484635,39,2600.403827
12.284341,48,2601.586182
7.017518,25,2602.198408
8.627431,31,2602.937324
7.436714,27,2603.611501
10.691805,40,2604.587367
7.899683,29,2605.294276
11.802145,46,2606.407351
10.809865,39,2607.35776
7.345267,27,2608.134797
9.60796,35,2609.016473
13.515747,52,2610.297106
6.086921,22,2610.847785
10.324177,40,2611.81707
9.127772,35,2612.743282
9.727121,35,2613.679742
7.345601,27,2614.357116
10.497711,39,2615.326294
8.575082,31,2616.095443
11.021121,42,2617.1276
10.470139,38,2618.062835
9.352486,33,2618.946828
6.630704,25,2619.736982
8.998396,33,2620.565731
8.046347,30,2621.314703
3.84569,31,2622.087435
7.163775,27,2622.76076
7.433742,27,2623.423956
10.966727,40,2624.399157
9.257531,34,2625.234178
7.700447,29,2625.921741
9.541105,36,2626.832748
8.448572,33,2627.663139
9.328137,35,2628.536179
11.710784,46,2629.715651
9.491008,36,2630.620909
9.15306,34,2631.477428
8.011384,30,2632.225903
10.81915,39,2633.195535
2.918987,28,2633.89768
12.931432,50,2635.132511
11.32442,42,2636.149208
12.559793,48,2637.33869
7.470185,27,2642.234305
7.74371,29,2642.960081
14.655402,59,2644.385661
11.863678,44,2645.467919
9.399987,35,2646.329908
4.88357,37,2647.224727
9.170924,33,2648.024515
9.601499,37,2648.936056
8.318809,31,2649.694371
10.723037,42,2650.736974
7.511498,28,2651.443011
11.73046,45,2652.541416
7.07403,26,2653.185322
7.803945,28,2653.877763
14.160797,56,2655.241899
8.989655,32,2656.038088
13.883317,53,2657.307149
12.952848,55,2658.647213
7.57773,28,2659.327697
10.958192,42,2660.369661
9.179606,37,2661.266649
11.045486,44,2662.350378
6.898015,26,2662.992356
11.962651,48,2664.271883
11.307757,46,2665.403072
10.272996,41,2666.421696
11.1641,45,2667.5281
10.097523,39,2668.459754
7.907326,28,2669.142843
8.981596,32,2669.932909
4.158534,33,2670.734649
10.324421,42,2671.759545
8.465494,31,2672.518135
8.00005,30,2673.252043
7.78656,29,2673.962498
8.435786,32,2674.743017
11.135976,47,2675.88524
6.710786,26,2676.53909
6.167592,23,2677.096145
7.336438,27,2677.764528
8.372854,31,2678.546595
6.924313,27,2679.336117
10.545065,40,2680.343128
9.721512,37,2681.263562
12.197554,48,2682.423063
8.872813,34,2683.260176
11.983314,46,2684.374807
10.065103,40,2685.351298
7.219634,26,2685.991237
12.34882,47,2687.160813
9.214186,34,2687.969881
10.338813,38,2688.884016
7.979095,30,2689.631265
10.748553,41,2690.653843
8.805687,33,2691.493075
10.152082,39,2692.464367
9.359598,34,2697.670989
10.678245,38,2698.633333
11.434918,42,2699.666401
9.109568,35,2700.52043
8.289287,30,2701.265516
8.630473,33,2702.091777
12.000626,47,2703.220221
10.610055,38,2704.157048
7.034297,25,2704.777126
9.451971,35,2705.663973
11.995963,43,2706.718445
9.110293,33,2707.540871
11.890321,48,2708.739071
8.113343,29,2709.438926
10.600136,38,2710.380233
6.8946,24,2710.975526
12.320229,46,2712.140306
7.694079,29,2712.967625
9.381477,37,2713.93905
7.828782,28,2714.651419
9.750156,37,2715.565022
8.78332,33,2716.385895
9.558073,36,2717.272461
6.005106,41,2718.2855
10.575024,41,2719.284341
8.877528,32,2720.069674
10.792428,40,2721.050998
8.066124,30,2721.802731
10.446856,39,2722.774393
4.558838,34,2723.622938
8.322837,30,2724.37254
8.547934,32,2725.163109
7.220801,26,2725.841811
11.190348,42,2726.88983
8.722456,33,2727.714284
10.675063,39,2728.704585
8.300396,31,2729.491664
11.740587,44,2730.566238
7.588861,28,2731.254151
7.766494,27,2731.929566
6.373964,24,2732.522034
8.899526,32,2733.286155
7.463145,27,2733.960478
8.68905,33,2734.910352
8.488772,32,2735.713693
13.116595,50,2736.98083
10.210677,38,2737.895393
11.097584,42,2738.926763
10.824217,40,2739.9912
8.266,30,2740.860508
9.693619,35,2741.776603
6.682949,25,2742.394736
11.693707,41,2743.434735
7.901225,30,2744.180884
10.17705,37,2745.088338
9.764313,37,2745.983003
7.579884,28,2746.692036
8.697415,33,2747.513827
10.457075,39,2752.903532
12.411658,48,2754.087616
8.803093,33,2754.9047
10.378134,38,2755.870379
9.228086,34,2756.707752
12.881517,48,2757.904219
7.450181,28,2758.582902
9.79829,37,2759.498938
13.350834,49,2760.717655
9.782592,37,2761.721185
7.930219,30,2762.494135
9.225051,36,2763.425148
7.643172,28,2764.099972
6.322054,24,2764.700332
13.381595,54,2766.0158
9.24692,35,2766.882388
10.766925,41,2767.885383
11.741669,44,2768.955533
10.162172,40,2769.930805
7.566939,29,2770.674318
9.382713,35,2771.643808
9.893137,36,2772.515651
10.465309,40,2773.476528
10.411322,42,2774.506954
8.464486,33,2775.318076
8.347335,32,2776.099997
7.681822,28,2776.78218
11.434818,45,2777.905442
4.140892,36,2778.795138
8.928291,33,2779.587581
9.153424,36,2780.464238
9.251068,35,2781.329179
14.093978,55,2782.696296
10.971762,44,2783.784975
8.824357,33,2784.614618
11.820781,45,2785.735233
11.313356,46,2786.876178
10.350151,38,2787.827517
7.895905,29,2788.564524
9.298726,34,2789.425812
9.426157,36,2790.296812
8.95691,34,2791.170588
9.571225,37,2792.228256
11.070077,42,2793.281404
10.818849,39,2794.242526
9.535951,37,2795.150774
9.77201,39,2796.104979
11.194718,44,2797.190745
6.969341,25,2797.801138
8.900955,33,2798.606302
8.992826,33,2799.424799
7.276606,27,2800.092314
6.808846,25,2800.715876
11.7349,49,2801.920259
10.797461,41,2803.059349
8.853098,32,2808.143589
10.722835,44,2809.213414
9.840096,40,2810.178431
9.374178,38,2811.120429
10.767403,39,2812.081814
15.2645,61,2813.577444
11.006732,43,2814.647178
9.738784,38,2815.577419
12.92209,48,2816.802339
8.041545,31,2817.633735
8.902748,33,2818.454682
9.648097,36,2819.313946
10.16046,39,2820.268384
10.120511,40,2821.263351
11.123899,43,2822.31291
10.24816,41,2823.316656
10.266361,45,2824.418354
10.929333,42,2825.444013
10.785778,46,2826.55691
10.042966,38,2827.48491
9.343057,36,2828.370113
10.842286,42,2829.393957
11.912097,45,2830.467873
11.432854,47,2831.608257
12.345026,46,2832.729213
9.189249,36,2833.618465
8.105518,32,2834.413513
11.020303,45,2835.505352
10.772284,42,2836.529058
11.991255,46,2837.650854
9.182526,36,2838.540565
10.888196,40,2839.522015
8.547172,32,2840.319825
10.633324,39,2841.251772
8.767259,32,2842.0343
8.848241,33,2842.851618
10.35416,44,2843.933484
10.745284,40,2844.908466
9.254799,34,2845.747284
8.162793,31,2846.504073
10.136893,40,2847.481532
9.905739,40,2848.477538
8.501148,32,2849.296202
12.689494,50,2850.520254
9.127236,36,2851.426157
12.995931,50,2852.640335
9.613707,36,2853.525074
10.617206,41,2854.52349
10.683705,41,2855.519536
10.676149,40,2856.502811
11.353869,43,2857.651434
7.426971,27,2858.333714
11.000399,41,2863.870346
10.224135,43,2864.901459
12.851625,52,2866.169036
7.987755,30,2866.889525
11.404703,44,2867.959749
9.53231,35,2868.8234
8.11063,33,2869.640478
10.449607,40,2870.601336
8.737463,32,2871.393468
11.680455,45,2872.485943
11.152335,41,2873.48176
8.281393,33,2874.252945
12.69128,48,2875.455597
11.69989,44,2876.512076
9.150176,35,2877.345758
13.449234,53,2878.629709
9.772836,38,2879.545768
10.492057,42,2880.560586
14.131513,54,2881.867944
11.380112,45,2882.975969
12.09434,46,2884.091816
11.362379,43,2885.147499
11.916677,46,2886.274396
11.823818,46,2887.384573
9.131839,35,2888.243215
8.367937,31,2889.000105
9.200301,35,2889.875276
9.544324,37,2890.769491
9.532543,38,2891.696838
9.831462,38,2892.626628
9.920029,37,2893.535885
11.110209,40,2894.515129
8.899568,35,2895.375291
13.007941,50,2896.585784
13.308162,55,2897.907761
6.449106,25,2898.541018
12.379296,47,2899.675401
8.077258,32,2900.451981
10.373621,43,2901.494382
7.709194,30,2902.225875
11.663971,43,2903.274295
9.95456,37,2904.181654
7.97801,30,2904.914572
11.938284,50,2906.122328
11.576255,44,2907.191093
7.642143,28,2907.876535
11.863984,46,2908.99052
10.720676,40,2909.956087
10.476422,40,2910.93256
11.718011,45,2912.040227
11.320724,45,2917.38084
13.744306,55,2918.699508
11.345191,44,2919.78544
12.440361,49,2921.014079
6.659746,26,2921.71486
10.726058,44,2922.806707
5.637312,21,2923.347617
10.216381,39,2924.287631
11.777923,47,2925.417385
10.411364,40,2926.382148
8.16336,32,2927.161827
5.729016,43,2928.35175
15.211412,63,2929.941485
8.908236,34,2930.788387
10.342402,41,2931.790666
9.225603,36,2932.677776
10.74674,45,2933.77448
8.079693,31,2934.533797
11.570227,48,2935.713888
11.86207,48,2936.89003
12.24026,49,2938.08826
11.30796,44,2939.155509
12.311122,49,2940.340673
11.539236,44,2941.4173
7.060458,26,2942.05919
8.514783,32,2942.838342
10.14326,41,2943.82428
7.572988,28,2944.513101
10.492218,41,2945.518172
10.177192,39,2946.474265
11.60161,46,2947.590026
13.700018,55,2948.921249
11.611062,49,2950.114847
9.304781,38,2951.048594
10.045344,37,2951.957081
10.403768,42,2952.979094
9.555309,37,2953.862723
12.399323,51,2955.101529
7.750512,31,2955.858699
11.358625,45,2957.082777
10.655023,43,2958.164798
12.151737,49,2959.359331
11.06206,49,2960.575468
12.978957,50,2961.788776
13.649029,53,2963.089083
8.100518,31,2963.834095
7.820092,29,2964.560808
9.434147,38,2965.495582
9.765667,38,2966.417099
12.848271,52,2971.911865
13.691172,54,2973.231574
12.859009,54,2974.55702
13.356979,52,2975.797014
12.925914,53,2977.089372
9.768762,39,2978.054003
11.423216,46,2979.176322
8.510096,34,2980.11963
12.892971,52,2981.580127
9.878313,40,2982.610974
14.364856,59,2984.069313
11.263483,46,2985.200443
7.569692,30,2985.936013
9.837963,39,2986.874149
13.11296,57,2988.257495
14.888096,62,2989.783516
12.181367,49,2990.957967
11.58887,48,2992.128826
10.348454,42,2993.159312
10.560949,43,2994.223696
8.955118,37,2995.118615
7.366475,29,2995.826465
13.828775,57,2997.197392
10.162433,40,2998.164066
11.121518,47,2999.312865
13.223244,51,3000.54861
12.061241,48,3001.72837
11.910065,53,3003.035733
9.216984,37,3003.943298
9.284529,36,3004.824616
9.960918,42,3005.851344
12.611578,50,3007.060778
11.444605,45,3008.155082
10.394617,42,3009.177308
9.829122,41,3010.18219
10.537296,42,3011.198759
10.972296,43,3012.247499
11.222057,44,3013.319198
8.759828,34,3014.158246
13.141912,56,3015.507255
11.132934,46,3016.624339
8.749515,36,3017.513275
9.354481,36,3018.396901
9.699288,44,3019.465384
11.903305,50,3020.67272
12.211911,48,3021.837253
11.204422,46,3027.340633
10.109615,41,3028.325243
12.319795,51,3029.543827
15.713058,70,3031.252472
13.748363,61,3032.717727
11.938485,51,3033.962893
14.358683,61,3035.438932
10.542697,42,3036.452933
13.756883,58,3037.847875
14.483934,60,3039.287787
12.921828,52,3040.560749
12.390163,51,3041.794656
10.647849,42,3042.803895
7.571643,30,3043.535677
10.224145,43,3044.581547
6.557378,26,3045.207778
9.716703,39,3046.156791
11.669978,49,3047.339912
13.902195,60,3048.780525
6.725551,25,3049.401016
10.092555,40,3050.367349
8.636419,62,3051.872512
12.600082,55,3053.35729
8.979417,35,3054.238463
11.94157,51,3055.583355
13.848976,57,3056.975663
10.144664,40,3057.932878
10.525439,43,3058.96302
11.786756,51,3060.173718
14.978196,63,3061.690636
10.755252,47,3062.828113
9.06279,37,3063.739115
13.113787,53,3065.01543
8.822812,35,3065.876999
12.619243,52,3067.126763
12.517298,52,3068.411977
8.82286,35,3069.244579
11.081918,46,3070.358756
8.720253,34,3071.171042
11.694406,48,3072.333207
12.246933,48,3073.496011
12.083454,52,3074.739278
7.461765,30,3075.485428
10.984232,46,3080.831783
8.37331,34,3081.642768
10.443106,46,3082.743479
11.999869,53,3084.030092
10.23819,42,3085.053931
14.841558,62,3086.551702
14.066407,63,3088.041801
10.96045,44,3089.097605
10.945647,46,3090.216806
12.04473,52,3091.470444
14.548817,62,3092.936336
12.796377,53,3094.206212
11.410464,48,3095.370798
13.719114,59,3096.786117
10.924465,51,3098.022733
7.959454,32,3098.784953
13.399135,60,3100.222334
12.992148,54,3101.591497
16.621583,69,3103.529926
10.979495,50,3104.735317
11.183564,47,3105.879724
13.241156,56,3107.244495
14.852383,62,3108.722483
12.924165,59,3110.14878
12.217718,50,3111.355906
8.363921,34,3112.197866
9.948831,41,3113.181117
10.558264,43,3114.200453
14.520361,64,3115.76213
16.057689,66,3117.338869
11.231284,48,3118.505607
11.171925,50,3119.712164
11.012892,49,3120.887233
12.735073,54,3122.18134
12.236631,54,3123.497154
10.675616,43,3124.534336
13.22976,61,3126.021459
13.461733,59,3127.43766
12.616229,57,3128.812435
14.721324,65,3134.757664
14.144307,64,3136.301903
15.379085,65,3137.859876
16.112265,73,3139.606623
15.740035,67,3141.216795
12.305664,56,3142.582179
17.222642,79,3144.462894
15.899272,70,3146.13373
9.790353,44,3147.193066
10.192686,44,3148.26644
9.37071,64,3149.804576
11.450954,56,3151.15389
12.932909,57,3152.656989
16.304724,72,3154.400626
13.653467,63,3155.925787
8.306677,35,3156.761534
13.23875,60,3158.188869
12.211077,55,3159.505612
14.330448,61,3160.965481
10.916179,50,3162.178091
15.047315,67,3163.797718
10.549119,47,3164.925693
13.447608,57,3166.301445
14.530893,68,3167.939308
10.665336,51,3169.158526
12.721126,54,3170.460252
12.794761,59,3171.879641
10.406509,44,3172.949506
13.433806,60,3174.382914
15.15923,67,3176.00719
10.892659,49,3177.291596
13.295721,58,3178.705675
12.92735,57,3180.077396
13.111205,54,3181.382841
14.612572,65,3182.936879
11.969949,56,3188.535542
14.330862,66,3190.118894
13.630776,60,3191.555503
11.616725,53,3192.827501
11.824294,53,3194.105359
12.813495,59,3195.520978
11.886092,55,3196.84751
12.90457,62,3198.330966
9.059236,37,3199.239221
14.709786,65,3200.788414
15.674177,66,3202.361026
17.456231,81,3204.303051
13.377995,61,3205.767123
13.572787,66,3207.350406
12.87845,60,3208.788373
14.696604,66,3210.363074
12.516183,56,3211.711627
12.569783,59,3213.127932
20.175254,87,3215.198423
11.825047,50,3216.405341
15.987192,68,3218.046925
12.363439,53,3219.334197
11.688393,55,3220.642305
13.03454,64,3222.255049
11.825575,52,3223.701923
12.512252,59,3225.195296
16.054389,69,3226.843644
14.86208,67,3228.453911
15.567508,71,3230.145794
13.663243,58,3231.539429
13.326426,61,3233.11169
13.374572,61,3234.613013
10.961212,48,3235.770183
12.921742,57,3237.132437
12.736199,61,3242.832225
14.029165,70,3244.50238
12.423791,58,3245.907932
16.816974,73,3247.647132
16.743254,78,3249.511827
16.708884,76,3251.470052
15.761516,70,3253.170429
12.087405,53,3254.440832
14.898158,71,3256.143659
13.668959,61,3257.59867
13.781013,65,3259.164957
17.646726,77,3261.025068
13.976083,65,3262.56921
13.426851,62,3264.064477
14.238583,66,3265.640543
10.403801,51,3266.853778
14.19169,67,3268.467487
15.071301,69,3270.118419
14.419542,65,3271.689833
13.31119,60,3273.115565
14.249076,66,3274.691923
14.687558,71,3276.397756
13.808427,61,3277.859883
12.440433,56,3279.193033
11.74161,53,3280.444583
14.430466,70,3282.120872
16.089311,74,3283.917514
14.080389,61,3285.37833
11.482513,52,3286.615829
12.8768,59,3288.039168
12.89739,60,3289.481943
10.73795,48,3290.648538
11.87756,51,3296.12252
14.056825,63,3297.620348
13.515553,69,3299.280295
15.223692,71,3301.112362
15.459411,70,3302.777806
10.155842,46,3303.885439
15.686618,77,3305.721038
14.683064,69,3307.380154
15.419884,77,3309.209444
6.219889,25,3309.813312
14.594202,74,3311.568789
15.069677,71,3313.259007
12.950428,60,3314.684541
14.604077,71,3316.385589
16.62769,78,3318.240508
12.880145,66,3319.81529
14.969557,70,3321.4572
15.975278,76,3323.269374
15.917204,74,3325.038748
13.744587,70,3326.744756
16.628837,74,3328.472707
16.341085,78,3330.325675
14.055204,70,3331.978777
14.63694,69,3333.62396
16.80606,74,3335.398659
7.767296,32,3336.266172
14.6987,70,3337.970677
16.479232,81,3339.893356
10.237484,46,3340.992952
17.454348,83,3343.048883
19.726567,87,3349.712435
15.466743,68,3351.329072
19.56793,90,3353.573753
19.652409,93,3355.759933
9.636833,44,3356.813265
15.657021,70,3358.482792
13.679639,67,3360.059382
11.85825,81,3361.990535
14.699582,69,3363.590203
14.398096,69,3365.222975
12.895771,82,3367.187049
12.165629,58,3368.562338
18.31052,92,3370.753569
15.109207,74,3372.499136
14.235737,76,3374.313848
14.983257,75,3376.107337
18.821673,86,3378.156199
16.709931,76,3379.979677
15.84394,71,3381.656746
14.70203,69,3383.31975
14.504762,70,3384.980628
18.44665,84,3386.991549
8.249267,37,3387.89335
37.417492,151,3391.492344
16.621045,80,3393.408174
14.140053,70,3395.091623
14.589537,66,3396.675938
14.562078,68,3398.301903
13.525416,66,3404.15951
35.456408,151,3407.710179
17.758341,84,3409.719872
14.692035,72,3411.422415
18.313572,86,3413.475525
16.153917,83,3415.44614
15.924199,79,3417.329019
13.620314,66,3418.916462
36.46956,151,3422.504503
16.190182,75,3424.421938
16.261722,82,3426.366472
16.429405,79,3428.25119
16.688996,78,3430.095824
17.992276,88,3432.180875
16.172138,76,3433.984445
15.334699,86,3436.024827
13.987686,73,3437.753649
17.683147,82,3439.705325
13.372457,67,3441.428945
17.715064,83,3443.415908
17.129386,78,3445.390125
13.825075,67,3447.02909
17.936012,81,3448.936976
13.773896,70,3450.609158
15.498271,75,3456.737522
18.120197,91,3458.897372
36.542404,151,3462.452919
17.354595,83,3464.626922
17.783695,89,3466.756471
15.830675,74,3468.631744
36.433294,151,3472.218656
14.376551,79,3474.072443
16.33213,77,3475.907804
15.948971,76,3477.707713
36.87635,151,3481.276098
36.265001,151,3484.842315
15.547986,75,3486.61543
16.800057,87,3488.683096
36.861558,151,3492.295092
16.219258,75,3494.126966
15.780115,78,3496.023743
15.507598,72,3497.76702
15.542519,81,3499.747814
17.441705,83,3501.768869
14.687436,72,3503.726406
14.668353,70,3505.523431
16.447,90,3512.948056
35.837593,151,3517.230019
36.579286,151,3521.807266
36.759702,151,3526.369939
37.766111,151,3530.812747
35.124666,151,3535.203603
17.626011,90,3537.75139
38.586726,151,3542.25646
17.434276,81,3544.623279
35.69859,151,3549.164133
36.553474,151,3553.81576
34.036552,151,3558.340808
34.888041,151,3562.720304
37.150627,151,3567.246849
15.21744,78,3569.562817
