#{"t_start": 1774709565.319485, "env_id": "continuous-exit-v0"}
r,l,t
-6.656476,11,15.353814
0.314751,2,15.433954
0.74636,3,15.561483
0.31459,2,15.651073
-8.192929,6,15.874271
0.323262,2,15.95263
4.919692,13,16.454509
2.317472,7,16.713421
-7.679778,6,16.963597
2.891306,9,17.309825
0.332479,2,17.388477
-5.489784,11,17.833074
1.11031,4,17.979447
1.143082,4,18.15025
0.331558,2,18.237171
0.332438,2,18.326215
1.493661,5,18.799109
0.35132,2,19.007433
1.112399,4,19.3338
-6.061578,9,20.036723
-8.141331,5,20.323226
0.322854,2,20.425977
1.061332,4,20.663335
-7.868329,5,20.949052
0.374677,2,21.074925
1.970728,6,21.437678
-8.145344,5,21.754453
1.241348,5,22.055238
0.33725,2,22.184599
0.693869,3,22.383645
1.350846,5,22.657613
-8.410901,5,22.939325
1.461106,5,23.231992
0.33725,2,23.338084
2.0836,6,23.705525
2.541609,8,24.210208
0.330054,2,24.330876
4.43008,12,25.168221
1.3223,5,25.493572
-3.352581,12,26.172738
0.322902,2,26.284589
2.234306,7,26.669793
-8.218482,5,26.987057
0.698647,3,27.201474
1.473394,5,27.525967
-7.925344,5,27.845671
1.142079,4,28.079633
2.264779,7,28.455493
2.437342,7,28.827952
-4.014396,15,29.628167
-8.47652,4,29.83869
-8.057859,5,30.097272
1.312033,5,30.371374
-7.963611,6,30.656674
-8.20154,5,30.866869
-8.387243,5,31.06689
-7.114,7,31.346607
0.319857,2,31.433604
0.317332,2,31.521255
0.331545,2,31.596717
-6.455594,8,31.920637
0.33012,2,31.996853
0.337684,2,32.078133
3.14949,9,32.444224
0.361927,2,32.533405
0.33485,2,32.610091
0.736336,4,32.785434
-8.526555,4,32.942304
-7.353645,6,33.165649
0.356635,2,33.242067
0.343646,2,33.319318
0.331854,2,33.400836
-8.021595,5,33.605855
-8.395271,5,33.811113
-8.524834,4,33.979649
0.737837,3,34.153129
0.697062,3,34.367091
-8.540219,4,34.653523
1.419875,5,35.023891
2.554018,8,35.354037
-7.649962,7,35.717435
1.709732,6,36.074498
-7.968015,5,36.349378
-5.642099,12,37.050537
1.321409,5,37.321952
-7.671452,7,37.718556
0.3293,2,37.84586
1.872765,6,38.082286
1.165188,5,38.316766
-8.596087,4,38.548927
0.354851,2,38.671754
0.697147,3,38.903161
0.342648,2,39.034451
0.31798,2,39.114541
0.333368,2,39.207316
-8.027944,6,39.47379
1.126134,4,39.626259
1.388186,5,39.841739
-3.559506,18,40.623569
-8.61119,4,40.897232
-7.668333,6,41.304522
1.370882,5,41.495936
0.356013,2,41.601771
0.371196,2,41.679936
0.737069,3,41.803023
0.314767,2,41.893183
1.138119,4,42.110942
0.311285,2,42.282894
0.389447,2,42.380165
4.086307,10,42.950922
-8.066596,5,43.138909
-7.418392,6,43.484266
1.083441,5,43.769298
-5.842727,10,44.350821
2.252335,7,44.774186
0.311285,2,44.892849
3.320544,9,45.478282
2.626695,7,45.963477
0.743581,3,46.123379
-5.801744,11,46.806169
1.133755,4,47.017268
1.632646,6,47.382312
1.08478,5,47.659485
1.36691,5,47.935434
2.329385,7,48.322232
0.69295,3,48.497101
-7.711774,7,48.8749
1.220536,5,49.174808
1.348554,5,49.450297
4.441985,12,50.120725
-6.961846,8,50.561546
-8.625819,4,50.806097
0.71595,3,50.955056
0.357587,2,51.071124
2.804037,8,51.606094
-5.178619,11,52.405314
-6.685379,8,52.828904
2.871205,10,53.42716
0.312198,2,53.547801
-8.447918,4,53.765695
0.371092,2,53.869426
1.348528,5,54.140343
0.7333,3,54.298358
2.247561,7,54.686276
0.322674,2,54.793555
1.383164,5,55.070554
0.702892,3,55.23234
0.359889,2,55.343498
0.752285,3,55.518134
0.32168,2,55.623128
0.358046,2,55.746278
0.352617,2,55.864075
4.068587,12,56.518403
1.0605,4,56.76707
0.358964,2,56.869328
0.689248,3,57.055416
0.37859,2,57.149095
0.371634,2,57.272298
0.758651,3,57.445199
-8.578433,4,57.66391
0.707225,3,57.82946
-7.929686,5,58.118193
-6.893976,7,58.420747
2.608879,7,58.709827
-8.655493,4,58.867415
0.695429,3,58.989312
0.355827,2,59.073929
0.702659,3,59.199885
1.277262,5,59.404414
-7.70133,6,59.641409
2.407554,7,59.904011
3.128156,9,60.244654
-8.141448,5,60.457831
-8.080421,5,60.684857
-7.960173,6,60.916764
1.640603,7,61.231517
3.187732,8,61.557441
0.678701,3,61.68223
-8.00042,5,61.911867
2.667956,8,62.221823
-6.240224,10,62.625607
-8.480899,4,62.795673
2.393123,7,63.078277
0.730358,3,63.190362
1.808107,6,63.444458
0.734716,3,63.567797
-7.492846,6,63.87408
-5.441314,12,64.66785
-5.666318,13,65.223773
1.114465,4,65.462995
0.323351,2,65.583991
2.597698,8,66.075983
1.45999,5,66.37407
0.674432,3,66.552058
0.359467,2,66.667658
2.26446,7,67.051826
-7.795872,6,67.296831
3.621093,10,67.719754
1.164443,4,67.861575
1.539501,5,68.074553
-8.659713,4,68.227572
-7.983836,5,68.426454
4.15495,12,69.077145
1.070464,4,69.329338
1.701738,6,69.75089
-7.139541,8,70.105467
0.311285,2,70.223302
-6.298862,9,70.728891
-7.144351,7,71.096877
-7.753498,6,71.482591
0.331243,2,71.584905
0.723918,3,71.756459
1.085288,4,71.936072
0.344771,2,72.012174
1.927504,6,72.246097
4.031564,12,72.733315
1.419334,5,72.94344
-6.382684,8,73.269565
0.33725,2,73.345337
-5.404259,12,73.802505
0.33725,2,73.88977
-6.185693,9,74.245194
2.721918,8,74.556602
-8.510055,4,74.720935
0.318423,2,74.809828
-4.381677,14,75.362317
0.369622,2,75.493235
2.099159,7,75.926333
1.461544,5,76.248812
-7.615097,6,76.549947
3.573974,10,77.061579
0.374873,2,77.200199
1.550182,5,77.539973
-8.549803,4,77.782182
0.734009,4,78.032764
1.363105,5,78.320354
0.340234,2,78.445162
2.103819,7,78.836003
-6.9981,7,79.216901
0.342239,2,79.339844
-7.737596,7,79.710489
-6.04066,10,80.32079
0.324859,2,80.449721
-7.619846,6,80.802566
-7.712258,6,81.16002
3.333868,9,81.633711
-5.81591,10,82.207527
0.717893,3,82.37529
0.314913,2,82.490649
1.458263,5,82.795393
1.13334,4,83.049378
1.731516,6,83.388281
-8.071323,5,83.675797
0.753913,3,83.849039
1.844155,6,84.106969
0.377508,2,84.194339
1.113674,4,84.360572
-7.225328,7,84.642344
1.103618,5,84.830154
0.332886,2,84.909879
0.745143,3,85.033497
1.170064,4,85.19143
0.335433,2,85.279809
-7.520456,6,85.517008
-5.498645,10,86.057179
5.324551,13,86.768423
-6.413822,9,87.12855
0.349281,2,87.205827
-7.245337,7,87.579271
0.741014,3,87.805406
0.677963,3,88.198389
0.311285,2,88.38545
-8.522892,4,88.649958
-6.753239,9,89.204625
2.290312,8,89.677472
0.311285,2,89.811074
1.671188,6,90.254761
-8.507486,4,90.550925
-7.181001,7,90.935262
0.33725,2,91.058422
0.670645,3,91.228972
2.453619,7,91.627032
2.393505,7,92.010142
1.349464,5,92.323566
1.400852,5,92.61727
0.693125,3,92.816597
-7.119074,7,93.249751
1.352109,5,93.541207
1.98509,6,93.894725
-7.45224,6,94.234567
2.662504,7,94.513103
-8.246202,5,94.711318
3.050844,9,95.063487
1.741049,6,95.300417
0.342967,2,95.378689
0.677036,3,95.499747
0.314675,2,95.577483
1.931603,6,95.813501
-8.298327,5,96.016692
0.33725,2,96.104639
0.762863,3,96.227307
-8.562452,4,96.396189
-6.54486,8,96.722981
0.337023,2,96.811249
-7.396172,7,97.080629
-7.489821,6,97.337021
1.946266,6,97.578917
2.211439,8,97.882607
1.522025,5,98.14842
1.148053,4,98.411666
2.435081,8,98.964822
0.680196,3,99.114286
2.221882,7,99.404696
-7.035746,7,99.820565
-8.353911,5,100.154292
-7.978349,5,100.459799
0.323712,2,100.601378
0.311285,2,100.714275
0.320197,2,100.838229
0.33725,2,100.954315
0.70714,3,101.12726
0.725396,3,101.28905
0.719178,3,101.479096
0.385987,2,101.584638
3.570492,10,102.158207
-7.048533,7,102.558465
-7.970736,5,102.836889
0.311285,2,102.933231
-5.410958,11,103.494508
0.316291,2,103.633333
1.930506,6,103.944231
1.10916,4,104.159502
-8.035226,5,104.435364
-7.561804,6,104.787606
3.182681,10,105.332333
-6.206796,9,105.773917
1.400712,5,106.061804
1.764972,6,106.43771
1.123377,5,106.66039
4.30223,12,107.307294
0.346399,2,107.417217
-7.764542,6,107.74611
-8.093668,5,107.95077
-8.60727,4,108.102267
-7.389907,6,108.344831
-7.810301,6,108.577378
-6.58248,8,108.871473
-8.065238,5,109.08276
0.757003,3,109.201279
0.320771,2,109.279265
-8.206629,5,109.497498
3.423683,10,109.895494
2.729223,8,110.201708
-8.020661,6,110.436258
0.756107,3,110.567749
2.103215,7,110.824092
-7.139754,7,111.117995
1.93926,6,111.351994
2.404974,7,111.616781
2.444575,8,111.925349
1.088549,5,112.113182
0.332083,2,112.188985
1.799499,6,112.432022
2.247613,7,112.706816
0.383267,2,112.782252
-6.967355,7,113.069227
2.401974,7,113.358526
2.900964,9,113.70501
0.715254,3,113.815569
1.428453,5,114.006583
0.311285,2,114.084845
1.021169,4,114.240824
3.864868,10,114.621905
1.413558,5,114.819058
-6.579807,8,115.124859
-5.103641,12,115.58567
2.116938,7,115.877538
0.7073,3,115.997413
-8.605378,4,116.162889
-4.232066,15,116.727738
0.356482,2,116.805429
0.311285,2,116.885207
0.738672,3,117.005878
-8.179081,5,117.214276
-7.848137,5,117.388708
0.688626,3,117.520214
7.73941,20,118.288501
-7.952469,5,120.752932
0.330795,2,120.840235
0.386897,2,120.926798
0.716306,3,121.048051
0.33725,2,121.135329
0.703856,3,121.265785
1.05569,4,121.429355
0.322774,2,121.509102
0.317673,2,121.58582
0.322715,2,121.673639
1.05726,4,121.833137
2.618635,8,122.145754
-7.7061,6,122.365651
2.9144,9,122.729567
1.863689,6,122.961255
0.312866,2,123.048712
-6.410027,9,123.39175
0.311285,2,123.46801
-6.99533,7,123.732231
1.080416,5,123.921813
0.326782,2,124.010385
0.311285,2,124.085856
0.371922,2,124.162192
2.65979,8,124.470565
0.710595,3,124.589326
3.459126,10,124.998122
0.317544,2,125.085647
0.311285,2,125.172473
0.700354,3,125.291538
0.33725,2,125.378453
1.672249,7,125.657653
-6.749192,8,125.956229
2.121851,7,126.241678
-8.249683,5,126.437268
-7.212501,7,126.722172
3.23409,9,127.103242
1.745494,6,127.327051
2.053398,7,127.60655
0.311285,2,127.681697
2.572764,8,127.971032
1.531794,5,128.181289
1.825515,6,128.412199
1.989062,6,128.653304
0.33725,2,128.728762
-6.92534,7,128.98392
0.331494,2,129.071005
-5.301825,10,129.470853
2.054092,6,129.722082
0.311399,2,129.809004
1.878841,6,130.041253
1.414925,5,130.248429
1.931558,6,130.469461
0.329202,2,130.545521
0.324321,2,130.62279
0.719156,3,130.73625
0.373068,2,130.826662
-8.108188,5,131.025145
0.453945,5,131.223412
-8.011308,5,131.409256
1.892927,6,131.654405
2.23035,7,131.954569
0.318797,2,132.031055
0.338936,2,132.108137
2.875961,8,132.418026
0.33914,2,132.495283
0.355362,2,132.583443
0.323255,2,132.670877
0.343002,2,132.756848
0.33309,2,132.84289
-7.706863,6,133.098018
1.093273,5,133.303423
0.739674,3,133.423618
1.411449,5,133.622694
1.548566,5,133.808075
0.737225,3,133.928307
1.532109,5,134.125696
0.700936,3,134.246737
1.180257,5,134.455786
0.368653,2,134.544993
0.723881,3,134.67386
1.061006,4,134.829198
0.340168,2,134.905346
0.317576,2,134.98159
0.31192,2,135.059672
0.313726,2,135.145487
-8.087295,5,135.345964
0.321241,2,135.423043
2.109028,7,135.719708
0.311285,2,135.796159
-7.366457,7,136.064655
1.794116,6,136.30851
-8.21188,5,136.510535
0.311285,2,136.59928
0.765527,3,136.7183
1.101616,4,136.882962
-3.648657,15,137.462437
-4.487365,14,138.015438
1.326638,5,138.220623
3.49157,10,138.625168
0.325356,2,138.703817
0.311285,2,138.79232
1.511141,5,138.982928
0.33725,2,139.061564
-8.017934,5,139.254944
0.328648,2,139.330522
1.314076,5,139.540927
0.31461,2,139.628628
1.720473,6,139.860499
0.719652,3,139.981854
1.141014,5,140.19
3.418576,10,140.590341
3.793239,12,141.060749
4.024334,12,141.531801
3.40981,9,141.87885
7.421099,17,142.545606
0.731373,4,142.701019
0.341221,2,142.779202
1.457879,5,142.988732
0.330082,2,143.076148
3.631625,10,143.451187
1.738662,6,143.682304
0.697487,3,143.801441
0.701733,3,143.921721
0.324157,2,143.996966
0.739292,3,144.127304
1.046469,4,144.281549
0.314074,2,144.368329
0.33725,2,144.456711
-6.947426,8,144.757771
3.643886,10,145.17978
1.885759,6,145.437968
0.379105,2,145.526261
0.316124,2,145.601953
3.563395,11,146.028977
0.77547,3,146.150618
0.332522,2,146.236481
-8.610513,4,146.403855
0.33726,2,146.479774
-8.178844,6,146.725495
0.317021,2,146.814189
-7.314026,8,147.116547
1.414966,5,147.326811
3.485392,10,147.732714
2.615885,8,148.04528
0.311285,2,148.121508
2.18805,7,148.382565
1.07379,5,148.58175
0.311285,2,148.657689
-6.454177,9,149.001111
0.687959,3,149.132639
1.392875,5,149.339698
-5.999949,9,149.703272
0.739293,3,149.826097
2.140915,7,150.089406
2.885891,8,150.416741
0.736477,3,150.525619
0.314346,2,150.612862
-8.688562,4,150.76439
2.014926,8,151.077563
0.32252,2,151.154145
1.101763,4,151.311446
-6.167514,10,151.702667
1.094594,4,151.867472
-6.220941,10,152.284764
1.946959,6,152.518685
-8.785841,4,152.662545
-8.344393,4,152.828953
1.018093,5,153.025638
0.33725,2,153.101454
2.652176,8,153.417043
0.33744,2,153.492492
0.332187,2,153.571268
1.861029,6,153.8162
2.208566,7,154.111972
2.748027,8,154.421591
0.713142,3,154.553437
3.157155,10,154.94427
0.33725,2,155.021313
-8.201615,5,155.214348
0.712426,3,155.335124
0.311609,2,155.412497
0.387449,2,155.488994
2.555708,8,155.818684
0.724131,3,155.939106
-8.391907,4,156.084614
0.357904,2,156.161195
0.323945,2,156.239817
2.099301,7,156.517097
0.325701,2,156.603737
0.744055,3,156.723682
0.311285,2,156.81143
-7.991599,5,157.010996
-7.353454,7,157.297479
0.333527,2,157.383427
1.361865,5,157.595092
-8.455935,5,157.814448
0.376976,2,157.901357
4.212055,11,158.345754
2.349444,7,158.615363
2.321476,7,158.893565
-6.278874,9,159.260169
-6.621044,8,159.571528
0.730997,3,159.691413
1.071159,4,159.845934
1.478703,5,160.045352
-6.935826,8,160.385375
-8.233801,5,160.572984
0.365182,2,160.649457
1.453248,5,160.85988
0.32811,2,160.947608
-6.827303,8,161.264627
0.358931,2,161.340145
-7.053409,7,161.607239
0.330718,2,161.694148
1.058784,5,161.882019
0.353944,2,161.959928
0.336886,2,162.036363
0.337312,2,162.12487
3.614623,10,162.506639
2.027925,6,162.742213
-7.192552,8,163.053274
2.309728,7,163.340749
1.147457,5,163.549532
-7.895612,5,163.735918
0.321956,2,163.813284
2.682022,7,164.096009
0.764862,3,164.21525
0.708373,3,164.337367
0.33725,2,164.424219
0.683913,3,164.534851
0.311285,2,164.613247
0.354116,2,164.693309
1.49182,5,164.884921
0.701607,3,165.007388
0.339478,2,165.086494
0.693966,3,165.219209
0.320871,2,165.294897
1.441856,5,165.505079
-6.205058,10,165.904035
-8.4044,5,166.106205
-7.372054,6,166.358366
0.311285,2,166.445676
0.325943,2,166.532647
2.523284,7,166.810188
0.317434,2,166.898308
4.002721,12,167.371671
0.32566,2,167.447212
1.300707,5,167.655011
0.67981,3,167.775595
-7.521541,6,168.018754
1.803018,6,168.272001
2.561491,8,168.580359
1.053014,4,168.73384
0.330413,2,168.82403
0.33725,2,168.899569
-7.326066,6,169.135303
1.392843,5,169.336188
3.681915,11,169.771071
0.340466,2,169.860254
0.345556,2,169.936555
4.447611,11,170.363422
-8.138444,5,170.551962
0.325036,2,170.639506
0.331628,2,170.728099
1.059366,4,170.883971
0.710739,3,170.994926
2.125607,6,171.231329
1.920096,7,171.51751
5.596397,16,172.14137
0.318352,2,172.228749
1.273925,5,172.426892
0.329469,2,172.503145
0.311285,2,172.580257
0.325215,2,172.66564
0.34477,2,172.741794
0.383405,2,172.831822
2.175933,7,173.128367
1.06253,4,173.284751
2.801913,9,173.643771
2.992184,9,173.988087
1.528692,6,174.22123
0.709316,3,174.342006
0.357812,2,174.419122
0.32626,2,174.494628
-7.804606,5,174.695292
0.332108,2,174.782116
5.521302,16,175.395627
2.195853,7,175.684572
1.310784,5,175.893905
-7.793972,6,176.13761
1.722354,6,176.381837
0.740791,3,176.512683
1.990068,6,176.748361
5.665292,15,177.328787
-7.96092,5,177.518729
0.349549,2,177.596726
0.349262,2,177.673084
2.595633,8,178.016171
-8.561935,4,178.179681
-7.95709,6,178.423494
4.614388,13,178.924959
2.669383,9,179.295257
1.515691,5,179.481798
1.061804,4,179.646968
0.693516,3,179.780318
0.316498,2,179.856028
4.331717,14,180.409372
1.534956,5,180.590821
-8.455206,4,180.758546
1.775751,6,181.00994
0.355045,2,181.095969
5.247963,14,181.650129
0.72837,3,181.771523
0.33152,2,181.849519
0.711083,3,181.969193
0.711874,3,182.090686
0.32236,2,182.179005
0.9882,4,182.334157
0.691506,3,182.455036
0.712036,3,182.586025
-6.148733,10,182.99612
1.064115,4,183.160837
0.682486,3,183.280051
-7.877159,5,183.499384
0.325481,2,183.586842
1.364841,5,183.788343
1.34295,5,183.998123
-8.554225,4,184.155584
1.059804,4,184.310231
2.893178,8,184.626703
0.662902,3,184.74624
0.314944,2,184.834437
0.314363,2,184.910101
-7.824113,5,185.107219
-7.401168,6,185.352397
0.344871,2,185.43069
2.965035,9,185.789003
0.328903,2,185.875672
2.401345,7,186.150532
1.80915,6,186.413807
0.709825,3,186.53382
-5.988142,9,186.90576
1.956412,6,187.149666
4.33263,11,187.574658
-7.927724,6,187.804394
0.311386,2,187.893726
0.998022,4,188.049185
0.314016,2,188.137325
1.340465,5,188.347502
0.342471,2,188.435835
4.034328,11,188.865592
1.480354,5,189.065706
-7.185477,7,189.355384
-5.969954,10,189.737224
0.331339,2,189.813483
0.35894,2,189.889646
2.713516,7,190.167331
0.369864,2,190.25479
0.756142,3,190.377195
1.924244,7,190.661456
-8.542386,4,190.817944
4.070238,12,191.282955
1.91568,7,191.564256
-7.655764,7,191.823609
0.380318,2,191.90208
1.922914,6,192.131555
1.564996,5,192.329132
1.001821,5,192.529142
0.371409,2,192.615519
0.326529,2,192.705041
0.347116,2,192.792636
2.16569,7,193.076939
0.384476,2,193.163491
0.343247,2,193.239945
0.311285,2,193.328691
3.86734,12,193.787573
1.536415,5,193.977432
0.328107,2,194.054512
0.74577,3,194.17447
1.528923,5,194.383297
1.562614,5,194.581786
-7.42738,6,194.816771
-7.229168,7,195.082317
1.439829,6,195.32929
0.311285,2,195.405109
1.120559,4,195.582011
0.730888,3,195.70285
2.175652,7,195.979381
0.341746,2,196.056601
0.722764,3,196.179983
0.674368,3,196.293774
0.311285,2,196.372068
1.199328,5,196.584714
2.553335,8,196.887747
-7.354277,6,197.131231
0.346986,2,197.207927
-7.566851,6,197.444731
0.363809,2,197.520693
1.013104,4,197.686956
2.486953,8,198.00561
0.330983,2,198.081921
0.32003,2,198.169375
0.693918,3,198.299187
0.319996,2,198.376079
-7.481624,7,198.665292
0.347349,2,198.739871
1.225047,5,198.949155
0.383161,2,199.025008
4.514955,12,199.515215
0.315732,2,199.59281
3.765077,13,200.134156
0.351448,2,200.211358
0.384574,2,200.29882
0.761463,3,200.417804
0.334096,2,200.504751
2.320702,7,200.772807
0.367135,2,200.859458
0.321965,2,200.947859
3.1075,9,201.31075
1.939257,7,201.591158
-7.196195,7,201.865956
0.334156,2,201.942133
-7.475635,6,202.166049
1.152283,4,202.321683
1.493863,5,202.519966
1.089243,4,204.813173
2.856455,9,205.163569
1.065507,4,205.319112
3.668791,10,205.724392
1.036603,5,205.943726
0.321409,2,206.031217
1.53667,5,206.23092
2.46589,7,206.53274
1.639835,6,206.752315
1.806325,6,206.967203
0.33725,2,207.056443
1.377173,5,207.254211
0.329027,2,207.330953
-8.240537,5,207.540568
0.314015,2,207.618448
0.33725,2,207.69546
0.33725,2,207.783717
1.005519,5,207.991913
1.683302,6,208.242916
0.331347,2,208.329197
1.023102,4,208.494566
1.104069,4,208.650724
-8.34534,5,208.84349
0.371338,2,208.931733
0.349564,2,209.018269
2.987849,9,209.373066
0.344861,2,209.461425
-8.119796,5,209.658674
0.35608,2,209.746406
1.110475,4,209.922412
0.690978,3,210.031882
0.332003,2,210.108282
0.703231,3,210.231588
1.932566,6,210.487431
1.135255,4,210.643485
-8.613658,4,210.809322
2.104428,7,211.074213
0.352331,2,211.152082
2.54039,8,211.487429
1.446723,5,211.684279
1.441444,5,211.884349
1.055706,5,212.082346
0.366955,2,212.168548
0.336605,2,212.256871
3.060139,9,212.62293
-8.335263,5,212.820661
0.70625,3,212.931666
1.23523,5,213.120409
1.06707,4,213.294384
3.009146,8,213.593306
0.716807,3,213.724502
0.33725,2,213.80048
0.311285,2,213.886657
0.313899,2,213.976352
-7.706957,6,214.20977
1.85842,6,214.430447
0.322653,2,214.507785
0.311285,2,214.584394
0.325222,2,214.66141
0.343408,2,214.737962
0.695979,3,214.859812
0.311285,2,214.939488
1.711691,6,215.182323
1.363199,5,215.380934
-8.513746,4,215.544759
0.747533,3,215.664364
0.69694,3,215.796196
3.720703,10,216.184232
-6.327426,8,216.519108
0.336239,2,216.60783
-8.588628,4,216.772099
1.216392,5,216.971956
0.358706,2,217.061264
-4.208638,12,217.527653
1.773094,6,217.773463
1.778031,6,218.018913
0.320236,2,218.105346
0.366564,2,218.192397
1.817867,7,218.480336
0.318222,2,218.566783
0.337656,2,218.653347
1.379481,5,218.850774
0.739227,3,218.971226
-4.876536,13,219.481602
0.333651,2,219.557201
-7.886442,5,219.746229
0.359405,2,219.822921
0.375621,2,219.91348
2.112001,7,220.191692
0.737308,3,220.302945
1.023633,5,220.504065
1.158475,4,220.655699
3.808333,10,221.077688
3.919976,9,221.43365
0.311285,2,221.509483
0.33725,2,221.586304
3.16245,10,221.973126
-7.500476,7,222.249003
2.10587,7,222.538503
-8.037299,5,222.731919
0.737666,3,222.862464
-7.538055,6,223.094615
0.691582,3,223.205742
0.721389,3,223.339735
1.76162,6,223.594549
1.345175,5,223.793694
-7.404014,7,224.060356
2.83017,8,224.360069
2.295953,7,224.638081
2.17276,7,224.901695
0.358013,2,224.979354
1.387306,5,225.180242
0.320451,2,225.25808
-6.641779,9,225.611957
1.754259,6,225.85958
-5.303134,12,226.352688
0.728883,4,226.518003
-7.007719,8,226.829264
0.330865,2,226.907353
-7.371153,7,227.189978
0.33725,2,227.267169
0.34524,2,227.354087
0.380412,2,227.431947
0.311285,2,227.510186
0.697549,3,227.631135
0.702624,3,227.741485
0.334693,2,227.829432
1.793609,6,228.071893
0.33725,2,228.14735
0.75894,3,228.278413
0.719603,3,228.398609
2.229901,7,228.683418
0.37123,2,228.760289
0.354266,2,228.838468
-8.390565,5,229.041234
1.104471,4,229.218051
2.578563,8,229.530708
0.311285,2,229.619007
-5.047481,12,230.10666
1.346061,5,230.307079
1.750381,6,230.527828
1.91252,6,230.762151
1.780253,6,230.995725
0.348458,2,231.081701
0.362806,2,231.169652
0.32513,2,231.256538
-6.732363,8,231.575136
2.070188,7,231.840858
2.124186,7,232.129314
-8.39707,5,232.319573
1.924412,6,232.565842
3.537086,10,232.963097
1.123738,5,233.161807
0.314072,2,233.238001
0.311285,2,233.323718
2.615616,9,233.694967
0.335145,2,233.782225
0.341347,2,233.859236
3.778555,10,234.272352
0.335346,2,234.358522
0.372211,2,234.446968
2.303327,8,234.777535
0.733081,3,234.907608
1.339424,5,235.107445
0.336959,2,235.183387
1.790861,6,235.415552
1.112425,4,235.581004
2.808119,9,235.956226
0.712994,3,236.075056
0.325811,2,236.164014
0.708237,3,236.294341
0.760246,3,236.425538
0.737925,3,236.546978
-8.577456,4,236.711295
0.3178,2,236.797976
-7.80708,5,236.996089
1.390743,5,237.193919
0.33725,2,237.271034
0.698956,3,237.382176
-8.667799,4,237.534298
1.953327,6,237.780634
0.338101,2,237.85819
0.321142,2,237.936679
5.43224,15,238.511011
1.088459,4,238.665318
0.329341,2,238.744133
4.472918,12,239.236719
1.071607,4,239.390729
4.099035,14,239.950616
0.369869,2,240.027574
1.045565,4,240.184793
2.601855,8,240.508497
0.311613,2,240.596586
0.72013,3,240.717348
0.356284,2,240.803308
0.768322,3,240.92364
1.129651,4,241.088194
0.362932,2,241.176708
-7.109983,7,241.453175
-8.45426,4,241.610438
0.338689,2,241.698372
1.908706,6,241.949282
-8.090424,5,242.140763
0.32546,2,242.229462
0.765519,3,242.3494
0.340272,2,242.438085
4.112114,11,242.899454
0.669262,3,243.018693
1.92144,7,243.288073
0.345757,2,243.375551
0.326189,2,243.452055
0.656257,3,243.563039
0.349991,2,243.641169
0.335885,2,243.729227
0.69536,3,243.848816
1.039687,4,244.026408
2.765603,8,244.347773
0.700314,3,244.467715
1.023576,4,244.622235
2.191085,7,244.898176
0.346037,2,244.987033
0.33184,2,245.073737
3.403472,10,245.475167
2.178487,7,245.751229
0.327806,2,245.840675
1.072242,4,245.987
0.324458,2,246.076294
0.328884,2,246.162664
0.334439,2,246.25046
0.33725,2,246.336698
0.322886,2,246.423292
0.769298,3,246.544526
1.716028,6,246.790746
0.749945,3,246.911161
0.33725,2,246.987721
0.371793,2,247.075225
1.134733,4,247.2478
0.33725,2,247.336488
0.317843,2,247.423978
0.312329,2,247.501359
2.131564,7,247.778128
0.357625,2,247.865379
1.734217,6,248.08674
0.334694,2,248.175687
0.350801,2,248.262586
0.346656,2,248.351112
0.773186,3,248.470335
0.745854,3,248.579238
2.45524,7,248.848696
1.053898,4,249.012683
3.815911,12,249.482963
1.869184,6,249.726624
0.318778,2,249.812505
6.353543,16,250.430957
0.354813,2,250.516894
1.101726,4,250.672533
1.319176,5,250.86531
0.367698,2,250.952392
0.314872,2,251.029153
-7.910644,5,251.226825
1.299669,5,251.413423
-8.060934,5,251.613761
0.316032,2,251.701587
-6.997396,8,252.022259
0.658773,3,252.143037
0.336819,2,252.219764
0.750487,3,252.353426
0.373107,2,252.43935
0.697784,3,252.571783
-6.818398,8,252.890129
0.321688,2,252.967757
0.722649,3,253.101083
1.751026,6,253.323016
1.193395,5,253.522583
0.33725,2,253.599679
0.334726,2,253.677796
4.041558,11,254.119272
0.752289,3,254.25101
0.32696,2,254.327352
0.33725,2,254.404913
0.323218,2,254.490576
0.331007,2,254.567941
-6.054471,9,254.914224
0.36177,2,255.000726
0.683655,3,255.119963
1.964898,6,255.351196
-6.578904,8,255.671517
1.044495,4,255.839008
0.311285,2,255.927114
0.963753,5,256.125565
0.32916,2,256.214741
0.359266,2,256.291471
0.33725,2,256.367939
0.336217,2,256.444442
1.107407,4,256.596463
0.321348,2,256.672469
1.054353,4,256.828778
0.371206,2,256.905236
0.343021,2,256.981635
0.363583,2,257.069681
1.441947,5,257.270033
0.360966,2,257.358163
1.508615,5,257.556851
0.322711,2,257.643026
2.394062,8,257.97552
0.322733,2,258.053083
1.580894,5,258.242672
1.777913,6,258.473843
0.376008,2,258.549679
0.33725,2,258.625532
0.311285,2,258.702114
0.347983,2,258.78944
0.311285,2,258.878649
0.371773,2,258.966579
0.316929,2,259.04188
0.696678,3,259.162431
1.047508,4,259.315262
1.388578,5,259.510843
-8.531667,4,259.675707
0.340245,2,259.752552
0.730637,3,259.873523
0.75526,3,259.983239
0.317392,2,260.071864
1.322311,5,260.280122
3.091696,9,260.624151
0.828465,4,260.787981
1.874496,6,261.017711
0.31547,2,261.104746
-8.468986,4,261.270387
0.350959,2,261.35708
0.325243,2,261.434639
2.104845,7,261.722054
0.746614,3,261.84161
1.814003,6,262.072
3.056375,9,262.38941
0.311285,2,262.478184
0.33725,2,262.565264
7.650037,20,263.327276
2.978942,8,263.659439
1.667921,6,263.910208
-6.247562,9,264.267039
1.094264,4,264.424606
4.612462,13,264.958404
1.680221,6,265.189211
0.33725,2,265.265997
3.469907,10,265.654232
0.324742,2,265.741574
0.33136,2,265.831788
1.688575,6,266.094239
0.33725,2,266.180409
0.355249,2,266.267174
3.780643,10,266.692625
1.289067,5,266.891739
1.019743,4,267.058737
0.321138,2,267.145574
1.835159,6,267.379539
2.045308,7,267.676355
1.88058,6,267.929168
-7.754116,6,268.172285
1.300293,5,268.382591
1.003533,4,268.555946
0.359142,2,268.642586
-8.451759,4,268.809911
2.31923,7,269.085093
0.318548,2,269.161768
3.136335,10,269.584762
1.768866,6,269.825878
2.971396,9,270.180865
1.486046,5,270.37907
0.338376,2,270.466102
0.33725,2,270.552782
2.004022,7,270.842145
0.70837,3,270.97271
0.71138,3,271.103154
0.344692,2,271.19194
0.311285,2,271.279425
0.716414,3,271.399246
-6.706857,11,271.83075
0.331284,2,271.916019
0.33725,2,272.004157
1.900832,6,272.245691
-5.828846,10,272.661436
1.798515,6,272.89425
0.745466,3,273.014284
0.326766,2,273.10082
0.786346,3,273.221655
0.356505,2,273.299192
1.428599,5,273.511566
0.339504,2,273.598533
-7.992767,5,273.798225
0.311285,2,273.875705
0.737761,3,273.997799
1.465194,5,274.18826
3.365679,11,274.608315
1.447283,5,274.800365
-6.301174,8,275.127825
-7.023454,8,275.446636
0.329394,2,275.533443
3.880304,10,275.932721
2.560441,8,276.256238
-8.456688,4,276.430419
1.926667,6,276.683756
1.521804,5,276.884863
4.844178,15,277.483651
0.319199,2,277.571719
0.311285,2,277.648249
1.442781,5,277.833537
1.405096,5,278.02632
0.373849,2,278.11494
4.94541,12,278.585788
-8.482028,4,278.740924
0.353159,2,278.829974
1.425744,5,279.026106
0.33725,2,279.112659
1.693749,6,279.349623
0.311285,2,279.437231
0.318462,2,279.523852
0.311285,2,279.610309
0.33604,2,279.68568
0.316182,2,279.761281
-7.04425,7,280.036126
0.311285,2,280.112451
-6.244361,10,280.519654
0.372914,2,280.607328
0.35199,2,280.69419
-6.910272,7,280.960183
0.982619,4,281.116146
0.349009,2,281.192345
1.258222,5,281.404281
1.84912,6,281.645776
0.772983,3,281.764906
1.383709,5,281.964649
0.33725,2,282.040829
1.820644,6,282.28141
0.370168,2,282.357525
1.351382,5,282.546841
1.080155,4,282.712061
0.723939,3,282.8316
0.313885,2,282.907958
3.092083,9,283.265496
1.952152,6,283.494546
0.33725,2,283.571105
1.323751,5,283.762424
0.337016,2,283.850378
-7.859989,5,284.05165
2.224032,7,284.328115
0.353407,2,284.414323
1.065295,4,284.566544
-8.136939,5,284.766791
2.40965,8,285.110521
0.330895,2,285.196808
2.966335,9,285.542073
0.856898,4,285.706565
0.348306,2,285.793475
0.330365,2,285.871736
1.07549,4,286.027329
2.422128,7,286.30437
0.705901,3,286.424597
2.012721,6,286.649267
2.248246,7,286.910246
2.021661,7,289.234987
0.331262,2,289.323696
0.370795,2,289.41068
0.330561,2,289.487697
0.71364,3,289.619545
0.322932,2,289.707367
0.33725,2,289.794254
0.748461,3,289.914397
1.063715,4,290.082367
0.311285,2,290.158501
4.445759,12,290.604856
0.322425,2,290.692999
1.482881,5,290.88955
0.3364,2,290.965919
-7.261976,7,291.255432
0.721491,3,291.385154
1.477478,5,291.582132
2.382989,7,291.84973
3.525366,11,292.303617
0.339014,2,292.379704
3.492796,10,292.750165
1.755114,6,292.987497
0.355289,2,293.075386
1.842906,6,293.328455
0.336362,2,293.414896
0.337485,2,293.490878
0.710043,3,293.621716
1.795148,6,293.884465
2.084283,7,294.149909
4.276531,13,294.68121
1.89361,6,294.912879
1.865642,6,295.165298
0.694074,3,295.29586
-7.531458,6,295.539814
0.312333,2,295.617078
2.965786,9,295.983819
0.311285,2,296.072092
2.448028,8,296.40286
1.892874,6,296.656336
1.862366,6,296.900898
3.421949,10,297.311816
1.404015,5,297.521979
0.311285,2,297.598659
0.338158,2,297.686743
0.330762,2,297.774314
0.312029,2,297.850089
4.101926,12,298.316853
0.330985,2,298.405193
0.387901,2,298.493671
0.695397,3,298.623488
0.330821,2,298.701787
0.368607,2,298.789435
1.134845,4,298.952797
1.52425,5,299.151667
2.812468,8,299.4609
1.896084,6,299.704205
3.722657,12,300.200396
1.424998,5,300.389392
0.329762,2,300.470197
0.745926,3,300.590465
0.353788,2,300.678648
1.056165,4,300.844854
0.319421,2,300.922712
0.311285,2,301.009707
0.746595,3,301.143548
0.70802,3,301.26281
-6.886701,9,301.649979
0.325322,2,301.73671
-7.202775,7,302.02235
0.347194,2,302.098496
0.33725,2,302.185682
0.328384,2,302.27398
1.993429,7,302.559153
2.819097,8,302.878932
3.214787,10,303.268271
0.348966,2,303.355041
0.33725,2,303.442827
0.326565,2,303.519433
0.33725,2,303.595261
0.320639,2,303.684643
0.316499,2,303.770832
1.27266,5,303.957527
0.321068,2,304.034707
-7.596879,6,304.279504
2.454706,8,304.611852
0.377329,2,304.687836
3.896963,11,305.129375
0.33725,2,305.20531
0.349,2,305.29306
3.688301,11,305.725377
0.311285,2,305.810999
3.698144,10,306.197605
0.315636,2,306.284277
0.37386,2,306.372923
0.362468,2,306.450038
3.653828,9,306.819304
0.350739,2,306.906337
0.740189,3,307.027935
0.363203,2,307.114224
1.061833,4,307.288194
0.315674,2,307.364127
0.370388,2,307.45169
0.688371,3,307.570639
0.677426,3,307.691569
0.33283,2,307.782181
1.146017,4,307.935545
0.347009,2,308.022306
0.690893,3,308.141003
0.737513,3,308.24955
0.317967,2,308.325353
0.349399,2,308.412191
0.330365,2,308.500321
0.709626,3,308.619524
0.317431,2,308.707108
0.358542,2,308.793476
3.128943,10,309.191448
0.316422,2,309.267267
1.094991,4,309.42218
0.362466,2,309.508408
0.689466,3,309.640461
0.665791,3,309.762303
1.683387,6,310.004932
0.33725,2,310.09161
0.332058,2,310.178982
0.336333,2,310.265467
1.296267,5,310.463106
0.334497,2,310.539742
0.354017,2,310.626848
0.335694,2,310.703232
0.318747,2,310.781955
0.746309,4,310.946816
-7.062107,8,311.277007
0.72448,3,311.398217
0.321876,2,311.476711
1.250788,5,311.675258
0.313337,2,311.763333
1.037378,4,311.914985
0.335426,2,311.992622
0.322898,2,312.080318
-5.440815,10,312.453871
0.38136,2,312.543252
0.326717,2,312.63174
2.479928,8,312.973131
0.385985,2,313.051358
1.09618,4,313.226604
0.328998,2,313.313043
1.110882,5,313.513057
0.711285,3,313.644949
3.078273,10,314.061113
0.36101,2,314.138221
1.056361,5,314.350111
3.710097,11,314.785146
0.756837,3,314.916047
0.73869,3,315.036868
-6.203746,9,315.391851
0.341357,2,315.479093
-6.95364,7,315.76641
0.696227,3,315.89565
-7.141987,7,316.175793
3.835669,11,316.594527
1.410383,5,316.794237
0.327568,2,316.882001
0.716974,3,317.001994
0.337606,2,317.077806
0.328119,2,317.154566
0.33725,2,317.242168
2.120159,6,317.487901
0.69683,3,317.618371
0.33725,2,317.694862
0.682704,3,317.816368
1.230403,5,318.005682
0.388872,2,318.094053
0.68428,3,318.225405
0.323138,2,318.312694
1.851474,6,318.556516
0.353232,2,318.644056
0.326562,2,318.719599
2.729676,8,319.047724
3.301536,9,319.399374
4.584531,14,319.969915
0.334579,2,320.056485
1.428266,5,320.252946
0.699908,3,320.362255
0.32117,2,320.439953
0.380413,2,320.516213
0.318815,2,320.594253
0.363599,2,320.671437
-7.693687,6,320.909759
0.757094,3,321.030401
1.553503,6,321.265485
0.707446,3,321.395981
0.369153,2,321.484381
0.372755,2,321.559434
0.371656,2,321.636498
0.325532,2,321.713737
2.454157,8,322.038728
0.3138,2,322.126431
1.229786,5,322.322904
0.713018,3,322.453624
0.362174,2,322.530024
0.323297,2,322.615996
0.731023,3,322.748293
0.334149,2,322.835093
0.718463,3,322.966894
0.359716,2,323.042013
0.315878,2,323.118383
0.311285,2,323.205621
1.554056,5,323.415437
1.812275,6,323.65369
2.953246,8,324.003126
3.021462,9,324.361896
0.36549,2,324.448477
2.78979,9,324.802231
1.433011,5,325.018951
2.191223,7,325.304728
1.855876,6,325.536403
4.818421,15,326.122761
0.314168,2,326.210241
1.08151,4,326.375575
0.318189,2,326.463446
0.33725,2,326.539489
4.676851,12,327.027071
0.725809,3,327.146007
0.325496,2,327.232399
0.369296,2,327.308352
0.344259,2,327.39604
0.35818,2,327.471349
1.932673,6,327.735189
2.885598,9,328.097678
1.410615,5,328.295596
0.378414,2,328.381932
0.991596,4,328.556214
0.677184,3,328.675652
1.14272,4,328.843966
0.707075,3,328.972832
6.312192,17,329.625018
0.335345,2,329.712708
1.490622,5,329.914776
0.313751,2,329.993726
0.360797,2,330.081345
0.33725,2,330.167629
0.712563,3,330.299631
1.508301,5,330.497664
0.787232,3,330.616589
0.367492,2,330.692773
2.886671,9,331.072008
1.099366,4,331.234176
0.749351,3,331.354863
0.316492,2,331.443439
1.071298,4,331.606586
3.317069,9,331.990232
1.02446,4,332.133957
1.10887,4,332.289277
0.689375,3,332.410125
0.364762,2,332.487194
0.354772,2,332.565133
0.320352,2,332.652385
0.357486,2,332.738923
0.33725,2,332.825706
1.062251,5,333.035497
0.373626,2,333.122684
0.35921,2,333.198712
0.31323,2,333.27537
0.33725,2,333.352237
0.320382,2,333.431898
0.326502,2,333.522281
0.336944,2,333.608264
0.323808,2,333.694323
0.70543,3,333.826515
0.726179,3,333.946307
0.34888,2,334.033325
0.320132,2,334.110369
0.311285,2,334.187455
1.465445,5,334.385678
0.311285,2,334.462674
-8.569146,4,334.617829
3.757086,11,335.065986
0.658662,3,335.197245
0.318843,2,335.284939
0.323083,2,335.374003
0.35287,2,335.449944
1.381773,5,335.647304
0.353172,2,335.725154
1.865584,6,335.941087
1.162638,5,336.162608
0.33725,2,336.249376
1.724471,6,336.492702
0.326325,2,336.580461
-6.786884,9,336.947179
-7.192516,7,337.194683
1.277911,5,337.402388
2.615112,8,337.702895
0.713864,3,337.83486
1.405241,5,338.054175
0.342772,2,338.14074
1.2058,5,338.348896
1.006103,4,338.514377
0.767229,3,338.634049
0.368435,2,338.710491
0.33725,2,338.788457
4.004097,11,339.224612
2.215242,7,339.49912
0.322301,2,339.574372
1.815789,6,339.807794
2.731532,7,340.09435
0.319819,2,340.180555
0.313889,2,340.258091
0.715175,3,340.380755
0.681418,3,340.512411
0.361554,2,340.589497
3.359514,9,340.925998
0.697225,3,341.055593
3.232516,9,341.400354
2.942207,8,341.725238
1.052955,4,341.887861
0.331445,2,341.974456
1.051507,4,342.149091
1.048752,4,342.302177
0.377749,2,342.378707
1.840457,6,342.624953
0.693325,3,342.744787
0.656257,3,342.865505
0.69576,3,342.986416
0.370136,2,343.074363
0.321592,2,343.150923
0.350804,2,343.226886
0.342811,2,343.303837
0.34587,2,343.381664
0.337872,2,343.458214
2.280788,7,343.746368
1.07906,4,343.900752
0.719145,3,344.023793
0.683421,3,344.154792
0.349912,2,344.242791
0.332542,2,344.33111
0.348276,2,344.407129
1.68214,6,344.648371
0.371609,2,344.735305
2.500375,7,345.028274
1.063317,4,345.185366
0.32543,2,345.262102
0.311285,2,345.349304
0.701577,3,345.479166
0.723659,3,345.599433
1.420502,5,345.808494
-8.138416,5,346.002155
1.475423,5,346.198809
1.067081,4,346.352808
2.738247,8,346.702034
0.331695,2,346.777333
0.353698,2,346.86423
1.658715,6,347.114617
0.362212,2,347.201465
1.046313,4,347.366606
0.935361,5,347.556135
2.41383,7,347.842277
0.336342,2,347.929516
-7.891982,6,348.180652
0.321024,2,348.266599
1.802139,6,348.510454
0.322787,2,348.596785
0.331312,2,348.683252
1.80426,6,348.935704
0.33725,2,349.011548
2.428499,8,349.323158
1.388199,5,349.523282
2.757649,8,349.843934
1.946351,6,350.082355
3.021775,8,350.414003
0.353825,2,350.49002
0.338942,2,350.576649
2.79153,9,350.922133
0.708845,3,351.04196
0.729965,3,351.173107
-6.845035,8,351.483003
0.33725,2,351.569047
3.441621,11,352.012643
1.024365,4,352.166206
1.320891,5,352.366091
-6.406159,10,352.777576
0.311285,2,352.864881
0.326796,2,352.951242
1.131134,4,353.116576
0.719687,3,353.250111
0.352017,2,353.337206
0.335955,2,353.414468
0.691516,3,353.536107
0.38848,2,353.623381
0.745761,3,353.743471
3.125605,10,354.150421
-7.755069,6,354.382237
1.238532,5,354.581481
0.724028,3,354.702232
0.738145,3,354.813159
0.349955,2,354.903363
-7.247996,7,355.180326
0.327066,2,355.255914
-5.835781,12,355.735245
1.345131,5,355.937222
1.823581,6,356.181013
1.737851,6,356.433214
2.667986,8,356.751719
-8.558125,4,356.91729
0.374782,2,357.00641
0.708425,3,357.126409
0.732465,3,357.256421
1.214113,5,357.456021
1.025849,4,357.621485
0.330363,2,357.709651
2.0273,7,357.985605
3.854022,10,358.385472
0.360158,2,358.471947
-7.956639,5,358.663186
1.533279,5,358.850341
3.294439,10,359.236509
0.315977,2,359.313882
0.694067,3,359.44636
1.229073,5,359.646887
0.333294,2,359.722641
0.336364,2,359.810525
0.691521,3,359.930822
0.715486,3,360.052321
0.331093,2,360.128041
0.319517,2,360.215455
0.343931,2,360.304043
0.710992,3,360.433815
0.378256,2,360.510542
0.670228,3,360.631254
1.608327,6,360.87353
1.403943,5,361.070421
0.336924,2,361.160133
0.33103,2,361.235579
3.257371,9,361.601871
0.680426,3,361.711483
5.403561,13,362.237639
0.328088,2,362.312872
1.452599,5,362.512913
0.333138,2,362.588695
1.60616,6,362.822901
1.055245,4,362.978516
0.356059,2,363.056021
0.743752,3,363.176662
0.34707,2,363.264416
5.942174,16,363.885493
1.062449,4,364.05947
0.757507,3,364.178802
0.326273,2,364.267441
0.312241,2,364.354206
1.073038,4,364.510852
0.315319,2,364.587136
1.478205,5,364.805785
0.363063,2,364.892045
0.321155,2,364.968992
0.33725,2,365.047068
0.334802,2,365.136048
1.801837,6,365.367054
0.311285,2,365.444913
0.311285,2,365.523401
0.755865,3,365.647548
2.078285,7,365.922549
1.720549,6,366.147
1.148787,4,366.306241
0.33725,2,366.383068
-5.811193,10,366.78529
0.313816,2,366.861036
0.356672,2,366.947687
1.904468,6,367.182182
0.699074,3,367.306376
0.319276,2,367.383359
-8.044439,5,367.594835
-7.994948,5,367.801603
0.330105,2,367.889384
0.311285,2,367.966652
2.711496,7,368.234904
1.391079,5,368.446051
0.311285,2,368.532769
3.429078,11,368.979051
0.987253,4,369.152407
1.296048,5,369.340285
0.339493,2,369.416963
-8.020529,6,369.658894
1.853778,6,369.888423
2.313519,7,370.18292
0.330191,2,370.269661
0.336048,2,370.345112
0.329704,2,370.422591
0.311285,2,370.512242
0.753624,3,370.642157
0.319409,2,370.730367
2.357123,7,371.017621
2.387299,8,371.346383
2.332069,7,371.611696
0.312307,2,371.698519
0.311285,2,371.776712
0.331683,2,371.852702
0.339132,2,371.929656
-3.201768,17,374.678295
0.338496,2,374.75533
3.725964,12,375.243125
1.532996,5,375.440914
0.311474,2,375.528949
0.332131,2,375.614891
0.660864,3,375.745823
0.387682,2,375.824003
-6.024725,10,376.212319
0.351308,2,376.300405
-6.669218,8,376.609443
0.331671,2,376.68575
1.659646,6,376.918506
2.375475,7,377.188665
0.315008,2,377.264089
2.039206,7,377.540082
2.239487,7,377.834095
0.346574,2,377.910652
0.329567,2,377.989484
-7.583718,6,378.235057
3.179729,10,378.641448
0.697696,3,378.771501
1.435841,5,378.96191
1.212582,5,379.171039
0.717744,3,379.302158
0.717607,3,379.42131
0.348746,2,379.499583
0.314869,2,379.589134
0.720592,3,379.697765
0.978516,4,379.853484
1.145368,4,380.029916
0.709668,3,380.150122
-8.278077,5,380.332146
1.449128,5,380.527711
0.339916,2,380.615409
0.327941,2,380.702265
0.325767,2,380.789815
-7.948513,5,380.997407
2.549708,8,381.309603
1.497828,5,381.509359
1.462369,5,381.720882
0.330595,2,381.797757
0.352896,2,381.886983
0.744274,3,381.996245
0.33725,2,382.082057
1.059651,4,382.237829
0.323945,2,382.315895
0.367838,2,382.394458
0.347367,2,382.482435
0.364459,2,382.571535
1.429875,5,382.768149
0.744552,3,382.898662
0.371857,2,382.986298
0.36042,2,383.061752
2.139789,7,383.33648
1.093155,4,383.493589
0.724759,3,383.622679
0.327339,2,383.700688
0.734888,3,383.821566
0.311285,2,383.900977
-6.93048,8,384.23327
2.599395,8,384.55604
0.354077,2,384.64481
1.03322,4,384.820437
1.723493,6,385.051413
0.345019,2,385.141151
1.695255,6,385.372773
3.306095,10,385.752229
0.320503,2,385.831213
0.338247,2,385.909812
0.346297,2,385.996801
1.141991,5,386.195354
1.01335,4,386.358356
1.765574,6,386.592721
2.698394,8,386.894691
3.687316,11,387.31353
0.311285,2,387.389737
0.311285,2,387.476973
1.838443,6,387.718129
0.34287,2,387.794797
0.311285,2,387.872488
1.386694,5,388.069652
0.311285,2,388.156454
2.556182,7,388.435862
0.319,2,388.512034
1.074971,4,388.678536
0.358689,2,388.765576
0.311285,2,388.851343
1.010041,4,389.009243
0.32548,2,389.086304
0.33725,2,389.165805
0.367231,2,389.242577
1.778552,6,389.488595
1.00167,4,389.635149
4.299584,12,390.101546
0.311285,2,390.178048
0.311285,2,390.265527
0.335147,2,390.343857
1.852014,6,390.564116
2.927441,8,390.887042
0.328945,2,390.974241
1.382371,5,391.184667
2.289882,7,391.472026
1.135553,5,391.661466
2.937662,9,392.025564
0.364704,2,392.101792
1.802957,6,392.339884
0.754812,3,392.461297
0.338456,2,392.537615
-8.249675,5,392.739494
3.667346,11,393.169731
1.799863,6,393.415872
0.327482,2,393.502831
0.332221,2,393.590274
0.76614,3,393.722516
0.709177,3,393.852057
0.731225,3,393.982517
0.351529,2,394.059912
0.385254,2,394.137578
3.752421,12,394.619886
0.329947,2,394.696578
0.327351,2,394.785217
1.940806,6,395.025853
3.557853,11,395.479545
0.38878,2,395.556508
1.362671,5,395.77532
2.29152,8,396.09889
0.33725,2,396.186259
0.741625,3,396.297278
0.750055,3,396.408014
0.33725,2,396.495785
0.656257,3,396.627295
2.495869,7,396.914351
4.647097,14,397.479841
1.103552,4,397.632659
0.315931,2,397.709734
1.095351,4,397.866265
0.353196,2,397.942055
1.291236,5,398.145918
0.686281,3,398.276654
1.886488,6,398.509454
3.667643,12,398.981809
0.33725,2,399.069039
1.223481,5,399.266603
1.053106,4,399.429829
1.974681,6,399.667798
2.640906,9,400.032963
0.347446,2,400.120003
0.999849,4,400.274429
0.35652,2,400.35073
1.868927,6,400.58518
0.311285,2,400.671705
1.070746,4,400.836951
1.626022,6,401.083093
1.841687,6,401.308667
2.471941,8,401.615908
0.313901,2,401.69372
2.159261,7,401.994274
1.828188,6,402.223094
1.050046,4,402.389215
2.739635,7,402.689122
1.068695,4,402.851503
0.685468,3,402.972267
0.692904,3,403.103305
0.332959,2,403.191521
0.948435,5,403.378896
0.687359,3,403.490499
0.311285,2,403.570741
1.255568,5,403.782406
1.014366,5,403.990961
2.753201,8,404.322147
1.79208,6,404.565116
0.714566,3,404.674212
0.311285,2,404.752608
0.322012,2,404.841569
0.311285,2,404.918169
1.143395,4,405.07083
0.752288,4,405.237256
1.741504,6,405.479224
1.868422,6,405.730507
0.311285,2,405.806447
5.613154,17,406.501053
-3.685531,17,407.217004
1.171642,4,407.372322
1.41001,5,407.583232
0.714554,3,407.71282
0.354385,2,407.789529
1.705773,6,408.042294
0.747322,3,408.163391
-7.892343,5,408.36107
2.628266,8,408.680785
1.054943,4,408.833823
1.794324,6,409.077658
0.35788,2,409.165326
1.297065,5,409.363911
1.54173,5,409.560926
2.452322,8,409.872456
0.33725,2,409.958874
1.740705,6,410.190058
2.107062,7,410.466417
0.377266,2,410.542741
0.318217,2,410.620207
0.313351,2,410.707128
0.380867,2,410.78477
1.093027,4,410.953032
1.112215,5,411.155744
-8.503883,5,411.357576
0.347872,2,411.44697
1.098316,4,411.611628
0.32211,2,411.689089
0.758695,3,411.801012
0.331512,2,411.879373
0.33725,2,411.966087
1.458887,5,412.162944
0.351229,2,412.238297
2.207045,7,412.509083
3.72959,11,412.937819
0.33725,2,413.015893
1.84848,6,413.241132
1.822528,6,413.507858
4.454485,13,414.032685
3.082464,9,414.380189
0.332436,2,414.467537
0.358156,2,414.554836
1.560591,5,414.754187
0.311285,2,414.831088
0.384342,2,414.908994
0.328759,2,414.988755
0.311285,2,415.068417
0.727683,3,415.189752
1.579716,5,415.389491
0.337883,2,415.465686
2.311895,7,415.754267
1.854129,6,416.008971
2.621625,8,416.324494
1.128718,4,416.480227
0.721849,3,416.613986
0.311285,2,416.701035
1.121365,4,416.86633
0.321086,2,416.942329
-8.132139,5,417.142586
2.220662,7,417.408856
0.705903,3,417.528048
0.321679,2,417.604715
0.320949,2,417.693431
0.335135,2,417.781723
1.51743,5,417.979001
0.313778,2,418.06703
3.221878,9,418.461551
-6.831726,8,418.793495
0.77796,3,418.924289
1.858078,6,419.174828
0.348083,2,419.25253
0.355257,2,419.33071
0.680334,3,419.452878
0.782648,3,419.564659
0.363433,2,419.65306
4.422511,14,420.19574
1.090924,4,420.359523
-8.381426,5,420.557967
0.314796,2,420.634251
0.334409,2,420.711485
0.679906,3,420.831506
-7.928829,5,421.040475
1.134305,5,421.229807
-8.454507,4,421.406639
0.689874,3,421.537721
1.178129,5,421.736173
1.91087,6,421.997851
-8.175731,5,422.216913
1.068884,4,422.380613
0.337879,2,422.456768
1.073186,4,422.608906
1.842297,6,422.862397
0.755326,3,422.981963
1.918154,6,423.218747
-6.414636,10,423.637583
0.730611,3,423.758043
0.331439,2,423.835541
0.365893,2,423.914293
1.725823,6,424.157723
0.32316,2,424.233871
0.326388,2,424.312265
0.320539,2,424.389403
0.32159,2,424.47623
0.366528,2,424.56369
1.663417,6,424.804363
1.751364,6,425.044695
0.317121,2,425.120433
0.332394,2,425.197123
0.734811,3,425.317924
-7.945728,5,425.506231
0.311285,2,425.593651
0.368273,2,425.671904
1.09761,4,425.827973
0.360707,2,425.916111
0.33725,2,425.992985
1.156556,4,426.155792
2.410314,8,426.464805
0.331525,2,426.540198
1.025122,4,426.693979
0.726486,3,426.803967
0.351759,2,426.892216
0.711425,3,427.013396
0.313428,2,427.10018
0.326237,2,427.178629
2.637824,8,427.491888
0.33725,2,427.579267
4.981782,13,428.091428
-7.749779,6,428.345254
0.33725,2,428.421461
2.462807,7,428.692105
0.697273,3,428.822949
1.622901,6,429.052998
0.379742,2,429.14044
0.333341,2,429.226895
2.245162,7,429.536275
2.784953,8,429.853731
0.668439,3,429.987825
0.318254,2,430.074344
0.724001,3,430.205233
1.04787,5,430.413743
0.33725,2,430.501068
0.311478,2,430.577391
1.897624,6,430.813102
0.364899,2,430.900475
4.353121,12,431.375814
0.316036,2,431.462295
1.849942,6,431.704806
1.39006,5,431.923189
1.507118,5,432.120948
0.353565,2,432.198265
1.013809,4,432.353
2.576169,8,432.675356
0.711034,3,432.795952
0.368703,2,432.88408
3.703931,11,433.318177
0.33725,2,433.405036
0.696723,3,433.534375
2.935592,9,433.879114
1.137251,4,434.047048
0.331882,2,434.132968
0.740045,3,434.255697
1.838104,6,434.498365
0.356298,2,434.58716
2.994088,9,434.947244
3.745218,11,435.391513
0.329273,2,435.467808
2.835835,9,435.83185
0.380565,2,435.907663
0.318668,2,435.995791
0.33725,2,436.072806
2.703755,8,436.381042
0.358007,2,436.45794
-8.201998,5,436.668199
0.733871,3,436.799037
3.816547,10,437.187194
1.475307,5,437.380512
1.150082,4,437.556657
0.326806,2,437.64347
0.323631,2,437.731037
3.308295,11,438.170507
2.496542,7,438.457841
1.268427,5,438.658737
3.076773,8,438.967526
1.707482,6,439.199246
1.900123,6,439.430186
2.632839,8,439.770836
2.868201,9,440.098637
0.314036,2,440.186832
-7.463463,8,440.506134
1.090374,4,440.671217
0.358254,2,440.758593
0.33157,2,440.846833
2.146554,7,441.116153
0.334609,2,441.203112
0.378688,2,441.280829
2.37394,7,441.547927
0.748745,3,441.668338
1.874104,6,441.903624
2.771531,8,442.228262
0.739021,3,442.348385
0.367293,2,442.435875
-7.476149,7,442.710246
0.333912,2,442.797994
3.54938,10,443.18723
6.233448,18,443.91074
1.313857,5,444.099967
1.06252,4,444.258661
1.102681,4,444.425389
0.726485,3,444.54572
1.12206,4,444.711776
0.313249,2,444.799578
1.811936,6,445.052553
1.736644,6,445.286439
0.335181,2,445.374911
2.295545,7,445.653785
1.479811,5,445.841628
1.262837,5,446.04284
1.536707,5,446.244274
0.703329,3,446.365622
0.311285,2,446.445066
1.072017,4,446.602078
0.717431,3,446.721912
0.359546,2,446.810393
0.316285,2,446.898477
0.721888,3,447.020812
1.440225,5,447.228683
0.35855,2,447.304328
0.698795,3,447.414097
0.320114,2,447.492598
0.33725,2,447.580881
0.334409,2,447.656565
0.354797,2,447.734061
0.328008,2,447.811331
1.313345,5,448.01889
0.761418,3,448.141867
0.332832,2,448.218658
1.118998,4,448.373321
1.341123,5,448.573036
0.701416,3,448.702392
0.317304,2,448.788743
1.120236,4,448.954676
1.047348,4,449.108512
2.763433,10,449.486703
0.311285,2,449.564046
0.726429,3,449.685844
2.775302,8,450.00896
-7.284142,7,450.276786
2.611195,8,450.597955
4.987341,15,451.185479
0.331454,2,451.262133
0.727454,3,451.374795
0.69352,3,451.494686
2.378452,8,451.806178
0.327057,2,451.881935
0.373708,2,451.959858
0.325211,2,452.047107
2.402449,7,452.323302
0.731399,3,452.443889
-8.265591,5,452.651743
0.311285,2,452.740007
0.337045,2,452.816242
0.316145,2,452.904364
1.551187,5,453.112969
0.33725,2,453.190464
1.832025,7,453.473295
1.997537,6,453.725979
0.311285,2,453.813486
2.5998,8,454.124086
1.964985,7,454.403241
0.33967,2,454.478846
0.697869,3,454.598479
0.358765,2,454.675679
1.479148,5,454.884112
1.04487,4,455.046419
0.372897,2,455.135445
2.608627,8,455.451784
0.32351,2,455.539996
0.707222,3,455.670191
3.789525,11,456.102793
0.700872,3,456.232179
0.350317,2,456.309864
0.348246,2,456.387896
0.340516,2,456.466181
0.373382,2,456.541753
0.341872,2,458.691073
0.315493,2,458.777826
0.329227,2,458.854353
2.978077,9,459.193638
2.266035,7,459.454596
0.696266,3,459.574944
0.33725,2,459.662804
2.309716,7,459.939942
2.173126,7,460.209583
1.955949,6,460.455402
5.079739,16,461.084797
3.751178,11,461.498054
-5.8274,11,461.927568
3.027121,9,462.276153
2.520506,8,462.597657
0.736964,3,462.721955
1.107176,4,462.875517
1.862582,6,463.106468
0.720062,3,463.217095
4.918137,14,463.746601
1.410954,5,463.947451
3.809995,11,464.381774
0.356128,2,464.457124
-6.208912,11,464.912784
0.33725,2,464.989325
0.331496,2,465.076321
6.951437,21,465.905723
0.347658,2,465.983534
1.044446,4,466.14076
1.492829,5,466.329339
1.118567,5,466.526079
1.357065,5,466.722489
0.689837,3,466.842642
5.014957,14,467.372535
0.366782,2,467.459996
1.948736,7,467.739133
1.305234,5,467.948635
1.13465,5,468.128541
0.707983,3,468.260927
1.908319,6,468.507249
3.275375,10,468.905617
0.715834,3,469.037941
0.755986,3,469.157758
0.348838,2,469.235178
1.473198,5,469.426196
0.703703,3,469.549004
1.103873,4,469.725739
0.331327,2,469.801108
0.330707,2,469.889742
6.030608,16,470.525851
0.33725,2,470.612315
0.705674,3,470.733047
0.344892,2,470.821011
2.074896,7,471.107157
2.502309,8,471.401212
0.698864,3,471.524807
3.016453,9,471.869431
2.187563,7,472.148567
0.317111,2,472.225424
0.33725,2,472.301215
1.131595,4,472.466463
1.439357,5,472.655765
0.354328,2,472.743633
2.267163,7,473.031579
1.451516,5,473.230762
1.474192,6,473.46482
3.976959,10,473.841456
0.365749,2,473.918632
1.661106,6,474.135666
0.708752,3,474.258233
1.63798,6,474.509321
0.320436,2,474.586287
1.392656,5,474.795763
3.050719,9,475.13524
2.254103,7,475.394286
0.32408,2,475.483885
1.102385,4,475.639236
1.73234,6,475.882482
2.126986,7,476.168409
1.378839,5,476.369168
3.708381,11,476.795613
1.830246,6,477.003806
0.720297,3,477.114391
2.36596,8,477.435663
-7.652365,7,477.703298
0.316192,2,477.780729
0.734592,3,477.902509
0.324176,2,477.990115
0.324348,2,478.078607
1.792161,6,478.311091
0.352138,2,478.388373
2.232816,7,478.680844
0.346271,2,478.756892
-7.841886,6,479.001827
1.989685,6,479.253909
0.755578,3,479.385187
1.830497,6,479.616517
0.316695,2,479.693546
0.351235,2,479.771857
1.728939,6,480.016126
3.022248,10,480.419406
1.647432,6,480.671501
1.740458,6,480.917675
0.675395,3,481.038647
0.7381,3,481.170444
2.658953,8,481.481626
0.668151,3,481.603224
1.139763,4,481.766092
-6.279622,11,482.200434
5.357745,16,482.81851
0.33725,2,482.895892
0.331,2,482.982553
0.311285,2,483.059319
4.29499,12,483.533066
1.041377,4,483.687371
0.686647,3,483.799109
2.079158,7,484.057746
0.339652,2,484.135117
2.99564,9,484.475566
0.318916,2,484.562268
0.314086,2,484.649661
0.372523,2,484.735169
0.70941,3,484.856767
1.00618,4,485.02339
1.713074,6,485.268496
1.866917,6,485.505313
3.118597,9,485.867095
1.781877,6,486.107382
-7.789228,6,486.330602
0.681114,3,486.454552
1.110659,4,486.610644
2.911031,9,486.952848
0.33725,2,487.030544
0.345462,2,487.109003
1.006192,5,487.332729
0.319045,2,487.419419
1.883986,6,487.650724
1.322711,5,487.853523
2.339963,7,488.144896
0.316911,2,488.231971
0.380802,2,488.309275
2.475419,7,488.591501
1.088698,4,488.743436
0.687506,3,488.874516
1.065767,4,489.029921
1.747627,6,489.282773
-6.163415,10,489.681324
3.199713,8,489.984239
1.12299,4,490.150403
0.33725,2,490.236272
0.745035,3,490.357194
0.311919,2,490.445045
1.304971,5,490.64298
1.852086,6,490.874833
0.359471,2,490.963081
3.024258,9,491.325779
0.337411,2,491.402565
3.339165,11,491.8514
1.081097,4,492.016865
1.846893,6,492.238698
-5.128994,12,492.714905
0.328428,2,492.791768
0.991502,5,492.991964
-6.494293,8,493.308291
0.721943,3,493.429412
3.473739,10,493.824737
1.78321,6,494.056755
2.122396,7,494.342722
1.480542,5,494.546077
3.591747,11,494.986583
2.704256,8,495.30719
1.430232,5,495.50822
2.538047,8,495.828902
0.360455,2,495.905158
2.653087,7,496.197461
0.362721,2,496.273371
0.323974,2,496.349333
2.138693,7,496.631044
2.976369,9,496.956286
2.10116,7,497.247997
0.750738,3,497.378565
1.163104,4,497.531476
0.363675,2,497.618802
0.328948,2,497.705863
2.168906,7,497.951724
2.730324,8,498.257545
2.121278,7,498.526651
2.118165,7,498.802263
0.319695,2,498.890147
-8.488758,4,499.063875
1.67893,6,499.305128
1.492545,5,499.493499
0.33725,2,499.581926
3.096303,9,499.927703
1.056571,4,500.082684
1.810434,6,500.316437
2.73092,9,500.683289
1.769625,6,500.915918
1.138267,4,501.080013
0.72742,3,501.201386
5.014141,14,501.760465
2.668587,8,502.062798
0.365622,2,502.139615
1.424188,5,502.330575
2.535586,7,502.595485
0.705292,3,502.716085
0.376356,2,502.791678
0.743426,3,502.903542
2.09841,7,503.185053
6.761371,19,503.941246
0.669911,3,504.06277
2.638165,8,504.376457
3.128479,10,504.764349
2.061228,6,504.996209
0.739572,3,505.116644
3.398011,10,505.542277
0.349788,2,505.628508
1.294712,5,505.815753
0.690909,3,505.93732
0.33725,2,506.025892
0.338583,2,506.101593
0.660667,3,506.234016
1.431481,5,506.434284
0.328471,2,506.52236
1.700119,6,506.765267
0.694589,3,506.884791
0.360481,2,506.961396
0.766364,3,507.084726
0.680056,3,507.206132
2.740229,8,507.507308
1.766055,6,507.729095
0.763325,3,507.850888
0.706764,3,507.972647
0.687491,3,508.083707
0.32147,2,508.161115
0.738573,4,508.304046
0.327418,2,508.391539
0.714877,3,508.52398
3.271023,9,508.908804
0.339225,2,508.984884
0.3369,2,509.062332
1.017854,4,509.21975
-8.590232,4,509.384366
0.690427,3,509.495789
0.321162,2,509.584218
1.795175,6,509.830544
1.464351,6,510.065654
2.22031,7,510.333975
0.317015,2,510.421947
0.367432,2,510.510126
0.387123,2,510.586615
1.842028,6,510.831132
0.387654,2,510.908192
2.511646,8,511.210005
0.756308,3,511.331882
0.698913,3,511.45215
4.582352,13,511.974817
1.072091,4,512.130164
1.336857,5,512.335714
1.088685,4,512.490166
1.048736,4,512.658423
2.230458,7,512.935076
0.329718,2,513.023228
1.051597,4,513.190961
2.621504,8,513.483268
0.37346,2,513.571673
5.012391,13,514.090789
-6.9105,8,514.413916
2.539251,8,514.717264
0.695758,3,514.836815
0.359032,2,514.923748
2.480841,8,515.231585
1.831454,6,515.467236
1.424036,5,515.664828
0.682515,3,515.785536
0.313276,2,515.874173
0.311285,2,515.962869
2.723939,8,516.270758
1.777448,6,516.502671
1.117636,4,516.666938
0.677609,3,516.786699
-8.119396,5,516.984853
1.454581,5,517.181499
0.772226,3,517.302848
0.724172,3,517.435827
0.325671,2,517.512702
0.333371,2,517.601713
0.748333,3,517.716093
1.471103,5,517.909523
1.076028,4,518.087825
0.336002,2,518.164283
1.102991,4,518.317073
1.730456,6,518.557587
0.676291,3,518.690104
0.666982,3,518.810727
0.729321,3,518.921536
-6.718192,9,519.269336
1.676656,6,519.515618
1.734399,6,519.758577
2.937818,9,520.112895
1.927715,7,520.378608
4.289322,13,520.870816
2.829152,8,521.184649
1.133036,4,521.337535
0.312764,2,521.426035
3.237082,9,521.782346
0.368317,2,521.858956
3.460518,10,522.24552
0.692732,3,522.379367
2.020194,7,522.655798
0.374242,2,522.731624
0.33725,2,522.81836
-8.475572,4,522.973453
0.33725,2,523.050871
0.72397,3,523.183252
1.732288,6,523.41603
0.362095,2,523.492422
4.787476,14,524.0299
0.33725,2,524.118865
0.352758,2,524.194671
2.464361,7,524.460793
0.322686,2,524.54676
2.485559,8,524.856967
0.330156,2,524.944409
3.682339,11,525.379133
0.340602,2,525.456498
0.326267,2,525.534875
0.33725,2,525.6131
2.279841,7,525.871149
2.319232,7,526.161404
0.33725,2,526.247289
2.160145,7,526.543321
0.33725,2,526.62052
-8.454115,4,526.779034
1.143799,4,526.947122
0.710745,3,527.066718
2.375384,8,527.403206
0.325749,2,527.479549
0.337078,2,527.555795
1.754847,6,527.8002
0.711269,3,527.921107
0.321986,2,528.008573
2.410254,8,528.341751
0.32945,2,528.42927
2.97176,9,528.790524
2.492025,7,529.054065
1.507742,6,529.29178
0.313507,2,529.38088
2.416401,7,529.637914
1.188636,5,529.858417
1.388095,5,530.056014
1.974933,6,530.298105
2.664056,8,530.619866
1.548913,5,530.83085
0.340833,2,530.907811
1.638516,6,531.140662
0.72628,3,531.25282
1.591525,5,531.455292
1.145674,4,531.619812
0.33342,2,531.707966
0.351264,2,531.784478
0.311285,2,531.863582
3.122806,9,532.21395
1.706014,6,532.448994
0.33725,2,532.525921
0.311285,2,532.613735
1.480962,6,532.855247
3.295822,10,533.245153
0.315242,2,533.322575
2.247752,7,533.600183
1.481852,5,533.811632
5.336371,15,534.379203
2.319329,7,534.685367
-7.955445,5,534.896167
4.402612,11,535.312101
1.13472,4,535.47897
0.364762,2,535.555525
0.71534,3,535.677396
0.766055,3,535.788512
0.312083,2,535.867358
4.108872,12,536.377382
0.682343,3,536.496916
2.638769,8,536.827286
1.93787,6,537.078527
3.752579,11,537.531424
1.079809,4,537.699364
0.681753,3,537.820663
0.764304,3,537.940719
5.205395,15,538.535008
0.326528,2,538.623112
0.360897,2,538.69977
0.338343,2,538.775766
1.162105,4,538.932011
2.17073,7,539.220685
0.351352,2,539.307109
4.829316,13,539.811195
1.081109,4,539.964308
0.376775,2,540.051858
2.695012,8,542.428725
0.66805,3,542.550849
0.313917,2,542.639709
1.412255,5,542.836747
0.703928,3,542.948091
0.388718,2,543.037525
1.465765,5,543.239548
2.750034,8,543.560535
0.72567,3,543.670383
2.818966,9,544.013193
2.49751,8,544.33691
1.142648,5,544.5354
0.33725,2,544.623511
3.740589,12,545.074739
0.388629,2,545.151784
1.788792,6,545.396096
2.151392,7,545.674864
0.733859,3,545.796282
0.376688,2,545.882568
0.753902,3,545.994761
0.350477,2,546.082165
1.893719,6,546.32131
4.415669,12,546.798934
2.115273,7,547.081713
0.989123,5,547.271764
0.730637,3,547.406209
0.754039,3,547.53741
-7.431089,7,547.793376
1.000132,4,547.948735
1.917213,6,548.19311
0.740081,3,548.312974
0.375551,2,548.401021
0.316942,2,548.487188
2.849524,9,548.835614
0.360196,2,548.913873
1.416346,5,549.105333
1.440718,5,549.297326
4.059597,12,549.78561
2.306994,7,550.056958
0.72789,3,550.178202
1.419656,5,550.398546
3.397243,11,550.800169
5.347049,16,551.45334
2.203658,8,551.746159
0.703124,3,551.857594
3.412543,10,552.238809
2.030897,6,552.467407
0.367277,2,552.556499
0.700493,3,552.678507
3.18622,10,553.078125
1.933542,6,553.301247
1.462147,5,553.482826
1.650204,6,553.742491
2.276704,7,554.010566
2.255255,7,554.302686
1.031906,4,554.458262
2.35786,7,554.730169
1.071918,4,554.885147
3.16975,9,555.26002
3.893599,11,555.672261
0.743691,3,555.782711
1.051099,4,555.93927
1.572248,6,556.177655
5.808141,19,556.920183
0.339711,2,557.007913
2.119002,7,557.253432
0.356793,2,557.332029
2.11884,7,557.609266
-7.659059,6,557.851721
1.02428,4,558.018716
1.433711,5,558.226479
0.718201,3,558.336576
0.7163,3,558.457981
3.766781,11,558.882766
6.02008,15,559.468627
2.663649,8,559.780404
1.060077,4,559.933658
1.101099,4,560.077764
3.141192,10,560.48964
0.331745,2,560.565238
3.172164,9,560.914134
0.325401,2,561.000367
1.416151,5,561.200085
0.696086,3,561.311372
3.92713,11,561.747308
1.480994,5,561.937591
1.569796,6,562.172112
3.085232,10,562.548496
4.316888,13,563.047568
0.346721,2,563.137008
0.375362,2,563.214322
0.335584,2,563.292782
0.324878,2,563.381493
1.41009,5,563.570044
0.677551,3,563.679983
1.861374,6,563.914511
2.980416,8,564.236569
6.659452,20,565.036204
1.01975,4,565.189647
0.670997,3,565.300758
0.35925,2,565.388844
0.311285,2,565.477335
1.746181,6,565.702815
2.684558,8,566.007525
1.743719,6,566.260489
2.162309,7,566.541306
2.106453,7,566.810824
0.33725,2,566.897644
6.665066,18,567.618201
0.327666,2,567.70476
3.605682,11,568.134069
1.216508,5,568.324058
1.435975,5,568.515568
1.371744,5,568.717395
6.413965,19,569.443576
0.33725,2,569.531571
1.91737,7,569.796056
3.128684,10,570.178985
5.280494,15,570.776837
3.208687,9,571.119305
2.664838,8,571.445875
0.716638,3,571.568427
0.708611,3,571.6899
1.183967,5,571.901485
1.045521,4,572.054543
0.356926,2,572.132381
2.100879,7,572.403753
3.170153,11,572.822502
4.267968,12,573.272261
1.433667,5,573.458492
0.357592,2,573.535585
1.042568,4,573.70015
0.336601,2,573.788043
0.367565,2,573.875398
3.511986,10,574.262094
1.091315,4,574.429282
0.330724,2,574.517465
0.656257,3,574.637043
1.13758,4,574.782906
4.327985,13,575.28863
0.357628,2,575.37502
0.354255,2,575.452312
1.519862,5,575.663475
0.328069,2,575.750168
1.098189,4,575.914289
1.38728,5,576.102143
1.694934,6,576.336704
2.391337,8,576.635138
3.090572,11,577.050911
2.792321,9,577.402351
0.325547,2,577.488905
1.930983,6,577.731155
1.183501,4,577.886274
1.837245,6,578.097931
6.171628,17,578.740562
1.742828,6,578.986406
0.351916,2,579.063644
1.432075,5,579.26731
2.523437,8,579.588491
1.029607,4,579.754556
1.753828,6,580.001838
0.68894,3,580.123723
0.38572,2,580.210918
1.092279,4,580.354412
2.101513,7,580.622799
2.659699,8,580.9431
1.431559,5,581.136254
3.046035,9,581.492569
0.363913,2,581.579098
1.80661,6,581.809936
0.33725,2,581.886998
0.354403,2,581.96355
0.381559,2,582.040182
8.026775,21,582.829411
1.767527,6,583.083993
0.362674,2,583.159962
0.325393,2,583.237411
1.477944,5,583.426107
4.146628,12,583.878792
0.693336,3,583.989625
0.723628,3,584.124149
0.719428,3,584.243345
0.765841,3,584.363013
1.912186,6,584.609732
0.694523,3,584.729017
4.732588,13,585.225923
0.720444,3,585.348003
0.321486,2,585.423703
1.592706,6,585.655599
-8.185951,5,585.855922
0.373865,2,585.943361
0.368487,2,586.031237
0.334719,2,586.118132
0.686626,3,586.238491
0.941,4,586.391904
1.69386,6,586.635072
3.351859,10,587.018807
1.089517,4,587.161583
0.790049,3,587.272641
-5.134204,12,587.747686
2.487924,8,588.045184
0.370007,2,588.132907
1.168103,4,588.296727
1.804325,6,588.521992
-7.652647,6,588.770215
4.559594,14,589.303514
0.33725,2,589.381515
1.06677,4,589.550485
0.348716,2,589.636998
0.340083,2,589.724295
1.133396,5,589.912787
1.416309,5,590.118641
0.333218,2,590.195393
1.461585,5,590.393906
0.352389,2,590.471253
1.107717,5,590.659415
4.09443,12,591.15104
1.811648,6,591.389444
1.848982,6,591.630698
3.367319,10,592.012625
0.329683,2,592.089639
2.723692,8,592.395288
3.135747,11,592.844015
1.820597,6,593.09719
-6.303466,10,593.477314
-7.532261,7,593.762798
0.374228,2,593.839154
0.351653,2,593.915217
0.34923,2,593.99342
3.132028,9,594.332831
5.839972,17,595.00387
0.374664,2,595.091744
0.718142,3,595.212929
1.686227,6,595.439187
0.371193,2,595.527395
1.53743,5,595.724834
0.712024,3,595.843205
3.377493,10,596.244764
2.411295,7,596.545473
0.687513,3,596.674963
0.354931,2,596.752588
1.081073,4,596.907358
2.437777,8,597.213092
0.311285,2,597.290704
0.353024,2,597.380384
1.553727,5,597.572304
0.682824,3,597.693462
0.345633,2,597.781384
2.996443,9,598.134341
0.389379,2,598.211459
0.316441,2,598.28864
2.975729,9,598.637494
4.589845,13,599.139325
2.291749,7,599.4036
2.329282,8,599.710674
3.28687,10,600.115989
1.485196,5,600.303412
1.358033,5,600.511289
1.038174,4,600.67741
0.718105,3,600.79967
1.351528,5,600.989998
4.45138,13,601.495533
0.384408,2,601.583214
2.376942,8,601.892395
1.149461,4,602.0357
0.756138,3,602.156827
1.384774,5,602.357901
0.327456,2,602.434709
0.335797,2,602.525199
0.377322,2,602.602734
0.334292,2,602.689951
0.726452,3,602.822823
0.695367,3,602.933115
1.789844,6,603.17761
0.361149,2,603.264857
6.139748,17,603.955609
-7.035683,8,604.26401
2.188389,7,604.534913
0.751843,3,604.643279
4.80916,15,605.2144
2.149665,7,605.491032
9.801839,27,606.535555
1.002652,4,606.688611
1.707398,6,606.923491
3.348666,10,607.326158
3.076671,9,607.677154
5.502656,16,608.284244
4.487009,13,608.784454
3.617861,12,609.235993
0.321326,2,609.31324
2.827067,9,609.651473
1.455463,5,609.848727
2.559334,8,610.134992
2.855638,9,610.482348
1.273303,5,610.684884
2.033639,7,610.951982
7.748209,22,611.838818
0.742694,3,611.947985
3.589729,11,612.385424
1.025582,4,612.560875
-7.036245,8,612.877016
1.317877,5,613.066648
2.445225,8,613.402678
0.312482,2,613.489743
0.33725,2,613.566817
2.292242,7,613.835152
1.421673,5,614.038864
0.311285,2,614.115705
5.257618,15,614.706824
1.616343,6,614.939442
1.806504,6,615.176724
1.680442,6,615.421018
0.766842,3,615.541194
1.858735,6,615.766691
0.322994,2,615.844855
1.103197,4,616.002601
1.544192,5,616.203957
0.376416,2,616.280728
2.932955,10,616.671997
-8.200339,5,616.868331
2.56098,8,617.169784
4.919508,14,617.721611
1.264076,5,617.898397
2.669563,9,618.256418
5.621484,16,618.863187
1.592103,6,619.078946
1.05545,4,619.237182
5.013285,16,619.856991
7.708855,19,620.599158
1.046424,4,620.762696
0.322462,2,620.84964
0.706459,3,620.981858
0.353491,2,621.071133
0.691616,3,621.191957
3.487983,10,621.588617
3.826726,10,621.997036
3.231505,10,622.406308
7.170446,20,625.234802
1.438714,5,625.448693
0.74911,3,625.557514
0.323144,2,625.634084
4.869603,15,626.191496
10.451097,28,627.25482
5.393215,15,627.807275
2.108472,7,628.097352
1.468702,5,628.287489
5.917002,16,628.890073
3.849126,11,629.290527
2.859892,9,629.62379
0.779763,4,629.791338
1.718944,6,630.017011
0.356044,2,630.094596
0.342511,2,630.172881
4.77661,13,630.677435
1.866253,6,630.89734
2.443289,8,631.222697
0.346031,2,631.310129
2.337781,7,631.575629
0.33157,2,631.652941
2.112245,7,631.934461
0.744246,3,632.043319
0.722037,3,632.16516
3.536322,12,632.60979
7.604656,22,633.424322
5.157576,15,633.982497
7.515694,23,634.865268
-8.090452,5,635.056789
2.962793,9,635.397409
2.81963,8,635.711711
1.055875,4,635.86801
1.782786,6,636.113697
1.081862,4,636.258215
0.373039,2,636.336373
1.44404,5,636.526721
1.445185,5,636.720572
4.846549,14,637.242238
5.323723,16,637.864327
8.484951,23,638.739938
0.359213,2,638.817587
4.124337,12,639.278886
3.271935,10,639.648036
1.698215,6,639.871656
0.340162,2,639.948615
1.900189,6,640.178966
3.227004,10,640.548668
0.330559,2,640.635973
3.110198,9,640.970628
4.698007,14,641.502059
1.783645,6,641.726856
0.665584,3,641.83911
1.814509,6,642.076467
1.737874,6,642.297155
4.179432,13,642.78455
6.720624,22,643.629572
4.494757,14,644.144198
4.580132,13,644.625827
1.812593,6,644.839669
1.099724,4,645.007305
1.415505,5,645.194075
0.359535,2,645.280736
7.583456,20,646.031577
1.052724,4,646.190779
3.427482,10,646.574188
2.931487,9,646.901594
2.624849,8,647.214046
0.311285,2,647.290995
0.695251,3,647.402124
2.244805,7,647.671695
0.983474,4,647.826148
0.34308,2,647.904155
0.756802,3,648.018436
0.709582,3,648.129812
1.407249,5,648.330753
0.705548,3,648.453336
1.296585,5,648.634891
2.578072,7,648.888669
4.470125,12,649.338433
6.651824,21,650.127027
3.800469,11,650.550746
3.092955,9,650.880609
1.148082,4,651.038799
1.069758,4,651.202843
7.541453,22,652.064223
5.020042,15,652.650266
4.26318,14,653.18358
7.608637,21,653.966103
2.356847,7,654.247589
8.569166,23,655.104297
3.239574,10,655.485902
1.45877,5,655.684479
7.676373,22,656.505409
4.140184,13,657.004925
2.03383,6,657.228502
0.736909,4,657.377867
5.526033,16,657.988174
2.814764,9,658.328873
1.883364,6,658.544665
-8.290344,5,658.748999
3.64077,12,659.195531
2.178512,7,659.469267
4.164251,13,659.97532
0.686281,3,660.097917
0.355331,2,660.18674
0.361509,2,660.27552
0.756252,3,660.395479
12.164589,32,661.606741
3.919211,11,662.015732
0.771637,3,662.138307
1.124893,5,662.34938
0.349475,2,662.426522
3.692031,11,662.880031
2.177191,7,663.1534
2.832958,9,663.504348
0.363813,2,663.580944
2.304148,7,663.850396
2.418082,8,664.173617
-5.002624,13,664.638822
1.113877,4,664.783697
1.15368,4,664.931149
0.348589,2,665.009272
3.062382,9,665.3494
2.246726,7,665.600202
2.752411,8,665.893848
3.739387,11,666.322679
4.84248,15,666.876768
4.33706,12,667.325402
0.311285,2,667.412922
1.162143,4,667.557885
1.880939,6,667.78517
1.005558,4,667.954098
2.51899,8,668.257968
10.921712,31,669.434456
0.690862,3,669.543781
0.311285,2,669.620633
1.780416,6,669.86799
2.84239,9,670.208494
2.529632,8,670.531894
1.691438,6,670.745491
1.378809,5,670.948068
1.041179,4,671.095235
1.105071,5,671.309613
0.327987,2,671.386332
2.624303,8,671.711055
2.806109,9,672.039288
3.307956,10,672.417022
7.619871,23,673.286383
0.731903,3,673.398206
3.49518,11,673.831862
1.433945,5,674.019772
3.242722,11,674.415388
2.170777,7,674.698814
4.082782,11,675.123965
4.073502,13,675.612126
7.547149,22,676.444362
0.353797,2,676.522007
1.144756,5,676.704359
1.115673,4,676.86105
1.618012,6,677.075649
1.874912,6,677.304147
1.840152,6,677.540228
3.589318,10,677.929941
0.323485,2,678.007573
2.846943,9,678.339734
4.178827,12,678.794754
2.075198,7,679.083173
2.356651,8,679.394381
4.841198,15,679.963371
3.087937,10,680.313646
1.248181,5,680.513812
0.335164,2,680.590479
4.72495,15,681.146582
6.062439,16,681.719528
7.911114,23,682.593109
6.220828,19,683.325155
2.111192,7,683.597556
1.715457,6,683.831896
0.754969,3,683.95378
8.691261,23,684.850287
3.395043,10,685.230601
2.585514,8,685.513912
1.451469,5,685.693691
3.065971,9,686.046238
3.022612,9,686.377529
6.562099,19,687.085729
0.958273,4,687.249309
2.256718,7,687.505841
0.319798,2,687.594088
5.324803,14,688.118617
0.690995,3,688.240857
5.603485,16,688.845161
2.357853,8,689.166443
1.774098,6,689.388171
0.714106,3,689.509094
1.401124,5,689.706854
5.165946,15,690.268522
2.403537,7,690.540863
0.328002,2,690.618012
5.516846,17,691.278049
4.836682,13,691.75115
3.367767,11,692.174259
4.401541,12,692.620549
1.438009,5,692.814098
-6.478573,8,693.130942
2.876822,10,693.524465
2.458846,8,693.824075
0.710665,3,693.945572
4.438337,13,694.412303
1.818012,6,694.647595
2.340934,8,694.951748
1.430298,5,695.137774
0.73341,3,695.259828
1.775201,6,695.492277
4.838938,15,696.038886
0.377116,2,696.116514
2.988011,9,696.474005
0.342386,2,696.560628
1.420236,5,696.74876
3.336299,10,697.118846
0.699265,3,697.229838
0.741244,4,697.386245
2.214731,7,697.641747
0.336793,2,697.728506
-7.499219,7,698.000608
2.283944,7,698.280354
1.375363,5,698.47924
1.712352,6,698.707343
6.493588,19,699.422334
7.92127,25,700.367917
2.314775,7,700.641422
6.447819,17,701.302405
3.971614,12,701.764546
0.325617,2,701.842437
3.0596,9,702.182962
2.342007,7,702.441612
0.721888,3,702.555112
5.486948,17,705.249965
2.358704,7,705.510788
1.714551,6,705.746746
3.583335,10,706.096916
6.31141,20,706.848035
2.574976,8,707.167634
3.500973,10,707.537837
8.994024,23,708.380321
2.372493,7,708.640912
4.787948,13,709.106773
2.671247,8,709.411514
0.343469,2,709.488745
2.090466,7,709.748045
1.370632,5,709.940896
13.074378,32,711.142915
15.168281,42,712.672677
0.313259,2,712.749743
8.159227,28,713.776501
2.542794,8,714.062148
10.070577,25,714.973173
2.120211,7,715.241277
21.322237,54,717.21594
2.854861,9,717.549015
0.369318,2,717.627331
16.968968,43,719.186379
4.710177,16,719.794408
0.315971,2,719.871431
1.823734,6,720.095787
3.163018,10,720.458471
3.464076,11,720.894174
3.157648,10,721.278689
4.942688,14,721.803612
7.307163,21,722.555084
4.189376,12,722.999441
0.752248,3,723.113789
23.820208,82,726.069688
11.920626,29,727.164993
0.761428,3,727.273604
7.439818,21,728.031907
7.808377,20,728.763551
5.701947,16,729.32159
-8.154753,5,729.512059
2.685081,8,729.798097
15.638154,46,731.455947
4.790368,13,731.94332
1.15825,4,732.090322
0.764105,3,732.213176
-3.222122,22,733.030918
7.339491,22,733.842139
1.445919,5,734.023337
3.404609,11,734.426006
13.152991,36,735.755983
1.452545,5,735.938002
-5.665021,13,736.423844
2.172183,7,736.695581
4.479951,13,737.164006
15.582334,40,738.622055
3.48743,11,739.018851
1.049933,4,739.16583
1.645355,6,739.390737
-0.338341,29,740.424625
2.10715,7,740.695765
6.170831,16,741.276619
8.059209,23,742.107477
-8.124228,5,742.297694
0.357393,2,742.38519
7.569518,20,743.119699
6.776629,19,743.821857
-7.894529,5,744.006854
6.442035,19,744.697647
9.686992,27,745.696556
8.218348,21,746.455277
-8.521034,4,746.612358
3.105835,10,746.966893
1.518577,6,747.208194
-7.368023,6,747.442497
4.381704,11,747.843172
4.821869,15,748.412117
6.229289,16,749.005684
2.402777,7,749.267047
7.798935,21,750.050721
-6.427939,9,750.379464
11.42641,33,751.569571
8.826568,24,752.421414
6.810126,19,753.121466
2.418648,8,753.427073
-2.340594,20,754.183911
8.199399,22,755.013762
1.605476,6,755.234898
5.726142,16,755.82232
6.317299,16,756.431177
-7.357601,7,756.692307
5.569324,14,757.205242
16.821114,40,758.63596
3.725356,12,759.067698
4.270921,12,759.524095
5.728815,17,760.149507
2.114355,34,761.369873
10.338249,33,762.566983
3.739548,10,762.943489
11.163002,30,764.046846
11.414526,32,765.214411
5.982208,16,765.781796
-5.799311,12,766.231055
0.33527,2,766.320035
-4.867802,13,766.812305
3.886482,12,767.263281
-6.985129,8,767.547907
17.966138,48,769.258855
1.876103,6,769.475435
5.592002,15,770.036207
29.580819,69,772.534511
-4.832955,13,773.00281
4.726497,12,773.456372
-4.532313,13,773.933517
10.353006,31,775.047925
1.098707,4,775.204041
3.034586,9,775.524792
2.190317,6,775.743624
20.777614,54,777.716596
7.730196,21,778.502117
6.090465,20,779.220357
3.566393,11,779.617347
7.657858,22,782.45043
14.175955,35,783.709517
3.597951,9,784.035153
2.663634,8,784.346082
2.668996,8,784.626168
6.887984,24,785.488621
26.945095,73,788.104599
2.396385,7,788.374887
9.045054,29,789.403353
24.526222,65,791.726372
21.425814,80,794.612007
0.341651,2,794.688909
2.60732,8,794.974515
1.113246,4,795.1215
-6.578162,9,795.453543
8.819721,24,796.321681
-0.668466,27,797.294879
8.541672,27,798.259463
12.797244,49,799.992874
4.690811,15,800.538671
13.600236,43,802.092858
3.576316,10,802.470765
7.394906,19,803.168359
28.42611,84,806.215282
12.520401,67,808.585534
8.574904,25,809.504965
15.541391,43,811.068667
20.491444,56,813.048141
9.081138,23,813.879531
14.690454,52,815.732135
12.618081,38,817.078497
8.601889,25,817.988119
13.237726,35,819.239794
9.125656,31,820.371047
0.33725,2,820.448801
-4.809925,13,820.904379
10.146231,32,822.060887
25.598608,78,824.830404
6.709106,19,825.508936
4.732461,14,826.029678
6.463242,16,826.608739
5.932025,18,827.2521
1.585195,32,828.410527
2.694307,8,828.697798
19.204593,61,830.867326
0.744665,3,830.980595
13.478732,32,832.14611
7.823412,21,832.932628
-2.939453,18,833.582262
12.27156,38,834.940988
3.554896,10,835.289786
9.635059,28,836.308275
1.4546,5,836.498798
-3.036755,20,837.21938
6.032959,16,837.784733
6.186957,23,838.600512
2.305283,7,838.849123
3.564023,10,839.199262
-0.037504,27,840.206124
13.352596,34,841.42222
1.132722,4,841.569167
-7.826137,6,841.787074
11.255595,60,843.928936
5.313616,16,844.485832
4.68335,14,844.982284
9.916048,25,845.885027
-7.577962,7,846.146829
8.304922,22,846.95473
5.706053,16,847.555278
2.908763,9,847.879201
-0.620641,26,848.79448
14.454376,40,850.226437
9.337898,25,851.143876
9.339382,45,852.747098
16.455963,42,854.261906
23.146456,66,858.656285
15.061936,39,860.009811
17.571955,42,861.510913
24.602407,103,865.172543
20.259973,87,868.303409
21.930823,61,870.45662
16.133221,40,871.868075
17.09202,48,873.554518
-5.609777,13,874.022875
6.064183,18,874.670683
11.471502,30,875.759421
2.436607,32,876.902929
0.722681,3,877.014472
6.457448,42,878.491945
14.140013,36,879.784267
0.893601,32,880.924408
28.633053,89,884.053882
13.929784,42,885.573226
15.214899,35,886.815479
29.170824,77,889.561949
-5.95406,11,889.94566
10.945872,29,890.957005
3.368945,9,891.283962
9.268953,23,892.116108
28.22126,86,895.153403
28.109521,69,897.570302
-1.164375,29,898.575732
2.884936,8,898.857546
22.629307,53,900.781228
2.721786,33,901.958717
6.604661,17,902.574615
-2.381423,19,903.276706
0.335729,2,903.354759
-8.303238,4,903.504082
-0.409389,24,904.359148
5.943146,15,904.92213
-6.332624,9,905.250516
0.685669,3,905.362885
-6.925783,9,905.686243
30.066256,86,908.756421
-3.475325,18,909.397024
6.891139,20,910.115985
22.420891,58,912.194174
-4.43095,16,912.767707
13.727873,75,915.427768
-0.046352,28,916.445101
-5.545996,12,916.877023
-0.386211,29,917.88423
14.299691,39,919.287188
15.460417,88,922.398267
23.820658,56,924.398123
4.355092,14,924.897846
1.99846,6,925.113111
7.244572,20,925.807237
6.844553,18,926.467119
-4.39189,18,927.13066
2.011145,7,927.390282
28.209142,76,930.073741
0.369018,2,930.151802
3.750221,9,930.470303
22.887203,68,934.909538
30.229646,88,938.013323
20.004813,60,940.132088
-7.269647,7,940.3844
28.015982,84,943.271042
41.872807,110,947.153008
4.584714,15,947.70092
4.147698,12,948.127363
15.663117,45,949.719633
4.343238,13,950.184157
6.575464,20,950.886116
20.743703,55,952.80644
5.038967,15,953.353132
8.334996,51,955.172151
10.441995,28,956.15991
16.599645,55,958.148678
25.12496,70,960.61274
1.601598,6,960.825776
32.180485,73,963.376632
3.649482,11,963.773702
1.220711,32,964.909872
25.279503,65,967.187158
23.187778,74,969.830199
6.632173,21,970.576517
1.48952,5,970.759132
28.585481,85,973.744232
18.078131,131,978.312204
25.87848,65,980.58478
24.509797,94,983.890608
9.144022,28,984.862522
-1.082785,24,985.723078
31.222968,108,989.467224
1.901951,6,989.679423
40.67452,118,993.79571
-6.779832,8,994.094046
8.895987,26,995.019974
5.857325,15,995.558771
6.806477,18,996.190788
0.311285,2,996.280102
2.617557,8,996.561435
18.897256,66,998.876114
27.953736,113,1002.83637
7.35962,22,1003.628568
19.563846,84,1008.613638
9.316704,50,1010.358207
29.793362,98,1013.801423
30.174855,69,1016.20676
-7.558642,7,1016.453335
19.143532,76,1019.136342
31.362346,70,1021.590552
8.6355,23,1022.398379
-0.937005,24,1023.232435
35.153663,77,1025.932935
24.08659,68,1028.32214
35.187927,92,1031.504153
8.507958,52,1033.329537
-6.673368,7,1033.588848
-7.340898,7,1033.838907
25.637099,54,1035.727297
21.240341,86,1038.749158
4.057869,12,1039.172566
-1.812379,20,1039.882007
3.711056,11,1040.270713
11.5177,31,1041.354659
31.794911,92,1044.579949
21.285903,64,1046.830664
4.486061,13,1047.287112
10.430312,29,1048.299683
18.325554,77,1050.983572
6.509434,43,1052.495465
1.072382,4,1052.65312
17.563012,72,1055.174229
16.969498,76,1057.839909
17.276353,82,1060.715428
2.323081,7,1060.975348
35.401303,89,1064.134986
26.396116,86,1067.12639
12.455519,58,1069.165989
29.402975,70,1071.632457
-3.634587,17,1072.252118
-6.297308,10,1072.609627
-7.111207,8,1072.907744
5.770649,17,1073.528749
-7.296316,7,1073.783535
20.896373,55,1075.699717
6.18215,18,1076.336017
-2.577113,19,1077.005623
21.666435,65,1081.342404
11.845292,52,1083.126885
35.235367,67,1085.451487
-2.726181,20,1086.166928
14.103896,67,1088.551695
9.029274,25,1089.4522
36.323154,88,1092.547291
6.319317,21,1093.281085
13.728479,61,1095.449762
9.049415,53,1097.335664
37.208897,121,1101.568013
34.926201,80,1104.391532
35.294459,99,1107.863436
24.508899,99,1111.305753
6.327143,56,1113.267705
30.681193,113,1117.225241
-2.61999,23,1118.041281
3.223841,9,1118.376741
43.183719,104,1122.044644
32.061531,95,1125.36885
-6.411183,9,1125.693505
14.601348,39,1127.070106
34.114828,117,1131.171845
29.264063,99,1134.637533
0.507852,27,1135.559249
27.597545,95,1138.848106
12.377785,34,1140.056857
6.161206,44,1141.61534
-4.83002,13,1142.087012
16.826377,40,1143.463999
6.54378,24,1144.315371
30.930013,107,1148.037757
11.368223,56,1149.988703
18.941467,85,1155.005795
33.714111,104,1158.628771
2.842472,10,1158.991847
67.172984,171,1165.000109
1.636328,35,1166.214929
6.191921,15,1166.738087
23.854688,58,1168.762382
-1.05934,26,1169.678087
14.770741,76,1172.363582
10.179752,28,1173.365162
20.915217,73,1175.908256
1.200236,29,1176.91296
18.572642,49,1178.639367
0.360929,2,1178.716857
12.710773,35,1179.943907
10.432127,49,1181.670124
22.983003,67,1184.023184
5.023772,39,1185.378417
30.412704,115,1189.415659
21.464293,57,1191.449928
14.175044,45,1193.009975
2.065953,6,1193.229847
37.36957,104,1196.843288
43.232682,128,1201.307816
17.21513,70,1203.759961
31.703353,78,1206.457148
18.535747,47,1208.095458
-5.81971,11,1208.486066
1.519225,31,1209.586602
24.950875,67,1211.964274
-8.056954,5,1212.1458
35.561977,102,1215.720075
27.705679,82,1218.563774
23.139004,58,1220.604727
1.077692,4,1220.749899
6.666507,51,1222.511509
34.815488,101,1226.048577
54.916657,139,1232.932771
19.897834,48,1234.623985
22.20729,60,1236.726337
7.423506,21,1237.473705
1.396433,5,1237.65383
34.084483,92,1240.881629
10.838079,30,1241.917891
34.355195,92,1245.158392
34.868879,98,1248.570106
7.107674,19,1249.25381
19.519936,89,1252.335239
27.216372,78,1255.042937
38.06787,111,1258.859849
4.562314,13,1259.311538
0.101215,30,1260.370067
40.266553,121,1264.536781
15.918797,67,1266.862147
1.481882,5,1267.041135
4.821875,13,1267.511056
32.297496,94,1270.762715
34.70887,88,1273.863825
13.895612,36,1275.116833
11.18282,63,1277.285172
-3.560345,17,1277.876092
28.279364,75,1280.467355
18.692785,77,1283.145111
-6.812624,9,1283.474075
36.515336,138,1288.234638
43.239122,128,1292.713921
18.721219,50,1294.485896
33.272305,90,1297.595988
38.351688,114,1303.628595
28.12168,96,1306.972436
3.260355,35,1308.20769
17.741366,44,1309.760212
7.36111,49,1311.472629
33.579535,97,1314.84015
52.557084,117,1318.886269
-1.142625,23,1319.702868
4.73315,13,1320.176425
30.704334,94,1323.468008
6.768407,19,1324.146333
46.878774,130,1328.650948
18.340433,44,1330.183074
14.497298,37,1331.49245
4.930831,49,1333.196991
44.229799,154,1338.523012
1.11431,4,1338.667331
32.151407,77,1341.345976
4.509658,35,1342.580678
37.650799,99,1346.038468
-3.090316,18,1346.690207
55.401565,140,1351.563274
1.814778,31,1352.625674
1.109683,4,1352.780375
25.378578,104,1356.412697
31.500966,100,1359.897943
5.880892,18,1360.540814
53.417555,129,1365.018515
37.767277,129,1369.530992
35.66771,79,1372.295565
38.21441,139,1379.144392
47.860965,136,1383.845908
12.988893,50,1385.557921
29.824716,91,1388.66805
10.3331,32,1389.792099
13.962361,58,1391.786581
43.599656,125,1396.110184
38.664169,106,1399.81429
20.142841,53,1401.674491
32.059872,111,1405.536955
12.196959,58,1407.575282
32.389791,87,1410.606218
52.488882,162,1416.202434
10.716699,54,1418.07159
26.055796,71,1420.531456
15.254675,72,1423.033233
9.812871,29,1424.037082
19.131431,79,1426.806358
63.95347,163,1432.359892
32.597116,84,1435.258404
37.669275,131,1439.795476
46.800405,132,1444.346593
58.843225,155,1451.740149
32.44036,100,1455.186678
8.332799,52,1456.961304
11.983375,61,1459.075472
50.247631,141,1463.932958
-6.858112,9,1464.253539
48.414852,155,1469.614861
46.026022,176,1475.674295
17.253644,87,1478.64777
37.79067,160,1484.111799
40.921655,145,1489.101378
24.171242,68,1491.408309
68.637537,159,1496.833687
-7.607857,7,1497.085102
23.269862,80,1499.865194
-1.416626,27,1500.821708
12.095397,34,1501.996094
44.374295,152,1507.261829
-1.928131,24,1508.101217
-3.235305,20,1508.801253
29.685762,84,1511.699883
29.859377,81,1514.522294
14.733495,37,1515.820405
68.836655,162,1523.496679
40.050127,137,1528.276255
45.954938,145,1533.332109
-3.457246,18,1533.96224
36.922426,111,1537.866409
23.925601,89,1540.986879
-1.195387,22,1541.752473
2.129715,35,1542.97228
35.804955,91,1546.154894
48.482917,176,1552.237814
26.050518,83,1555.128689
31.625756,112,1558.985706
-6.556751,10,1559.334865
57.396605,176,1565.398862
53.441284,156,1570.757183
50.125172,176,1576.871351
-0.788101,26,1577.787411
46.350209,117,1581.810169
27.541056,83,1584.667705
48.531132,176,1590.760884
43.605114,130,1597.221221
27.350806,128,1601.637551
-1.153478,24,1602.483266
12.715461,64,1604.692292
42.29915,121,1608.845242
65.99766,176,1614.998607
63.457438,162,1620.536477
50.228007,176,1626.563656
12.24747,37,1627.852042
9.503435,47,1629.480644
31.313123,110,1633.297843
50.002272,176,1639.338508
40.591074,118,1643.397857
4.159257,47,1645.015952
39.230275,176,1651.093287
23.799804,94,1654.333242
48.489729,176,1660.417683
0.456883,29,1661.422039
47.931835,176,1669.533403
63.080387,170,1675.430397
42.696543,143,1680.358306
-2.595519,19,1681.045899
-4.253471,16,1681.612868
48.576901,176,1687.656115
39.533974,128,1692.092408
7.609842,72,1694.573982
53.492945,169,1700.361533
30.036399,97,1703.69613
59.284795,168,1709.404786
54.718937,139,1714.197793
43.4499,176,1720.253009
-7.050177,8,1720.531354
-2.483967,26,1721.411713
62.176735,176,1727.416705
-5.665714,15,1727.946641
1.228789,36,1729.185834
42.096964,176,1735.230576
56.06957,176,1743.364803
-0.976293,28,1744.330232
47.52352,176,1750.359209
62.439261,176,1756.423578
0.829684,36,1757.666877
67.543298,167,1763.388412
47.870263,176,1769.426174
16.454147,82,1772.263562
-6.351572,10,1772.618778
54.745728,176,1778.690969
28.83449,131,1783.218714
-4.95962,14,1783.700771
6.523125,43,1785.177214
32.980925,176,1791.273088
57.515481,176,1797.327216
49.215795,176,1803.362487
40.776501,136,1807.998769
49.395219,138,1814.835746
34.497423,176,1820.938094
46.028076,176,1826.927291
41.979491,176,1832.962948
26.186204,90,1836.086213
37.417165,165,1841.759676
47.960257,151,1846.949628
49.598616,176,1853.055323
4.39046,39,1854.434147
53.7774,176,1860.486325
58.125402,176,1866.524375
-2.70733,24,1867.340463
44.938424,153,1872.580807
53.419961,176,1878.63898
61.815561,172,1886.580893
36.948142,142,1891.443635
66.876281,176,1897.38913
43.210923,176,1903.460028
41.407341,146,1908.469075
-0.37066,28,1909.447387
51.616363,176,1915.489972
-0.781812,25,1916.368819
62.332044,176,1922.364486
61.310672,176,1928.3909
3.834832,42,1929.842845
33.512329,176,1935.92291
51.59573,176,1941.948339
-1.880815,25,1942.812266
68.26222,175,1948.733775
-1.576308,23,1949.54129
-2.41386,22,1950.31255
68.295616,176,1958.346699
-1.387099,26,1959.253812
60.33057,176,1965.300828
58.053119,176,1971.320541
-2.280913,25,1972.191546
57.829567,176,1978.203533
61.820548,176,1984.243712
26.40035,106,1987.924359
41.551743,160,1993.356268
-7.489635,7,1993.598913
46.740839,176,1999.624467
55.760511,176,2005.66786
52.746677,141,2010.50772
25.399367,89,2013.525903
38.016358,154,2018.799549
31.853559,139,2023.58552
63.75818,173,2031.65023
43.92364,140,2036.479485
65.75604,176,2042.481514
62.597058,176,2048.518535
44.16763,172,2054.378644
48.721684,176,2060.439078
65.237098,176,2066.478622
36.814379,123,2070.723565
27.459171,126,2075.065398
54.703202,176,2081.021287
-0.914877,24,2081.853612
62.924943,176,2087.80317
6.340038,18,2088.421321
-6.605007,9,2088.728693
62.492572,176,2094.631972
35.373511,143,2101.5634
48.702145,176,2107.56938
61.292326,176,2113.537629
51.709182,176,2119.559429
44.025846,176,2125.523681
44.871832,176,2131.539325
34.227045,136,2136.189055
39.656125,176,2142.173927
38.596683,171,2148.01094
20.585752,116,2151.911909
57.676338,176,2157.913968
53.903984,176,2163.997288
2.80127,36,2165.225403
35.917321,110,2169.024356
58.535968,155,2176.437229
50.524387,176,2182.445499
68.381951,176,2188.410688
61.509063,176,2194.393105
3.293781,60,2196.463758
28.06292,126,2200.726129
52.577509,142,2205.594541
34.468318,176,2211.568508
52.428954,165,2217.173265
56.539629,176,2223.124341
2.927173,35,2224.323477
62.349928,172,2230.191405
36.923447,176,2236.159699
38.296979,176,2242.117444
38.908533,108,2247.866227
59.70403,176,2253.833885
6.51613,53,2255.671836
64.730227,176,2261.70814
52.480941,176,2267.734151
40.17687,169,2273.473224
56.697234,176,2279.457834
-7.20362,8,2279.736733
-4.57858,16,2280.295178
64.715533,167,2285.989671
58.597834,176,2291.942597
63.032194,176,2297.92803
-5.23058,13,2298.391859
52.590073,176,2304.420831
28.964863,108,2308.147097
57.284638,176,2314.050924
29.028941,145,2321.005787
47.139022,150,2326.095345
-1.334256,25,2326.934421
44.885632,176,2332.887129
34.863188,138,2337.583602
46.162692,163,2343.151232
-2.652913,22,2343.900796
53.104915,176,2349.879503
49.455982,176,2355.793015
45.66139,176,2361.81624
50.026759,176,2367.699245
50.469047,176,2373.651024
35.348428,176,2379.569093
35.418215,176,2385.512891
49.420664,176,2393.453277
57.898806,176,2399.391531
44.923344,176,2405.353485
23.302658,106,2409.006927
28.874092,133,2413.562009
45.773862,176,2419.53706
-1.28672,30,2420.584522
48.500884,176,2426.570087
55.07807,176,2432.529352
49.24807,176,2438.491312
37.5595,175,2444.417925
4.389762,50,2446.147778
-3.352998,18,2446.771976
53.07859,176,2452.729865
35.339192,176,2460.796209
53.911461,176,2466.818316
44.312087,176,2472.778672
54.321095,176,2478.748831
57.833775,176,2484.731003
27.370353,123,2488.935756
48.43694,176,2494.853876
52.006725,176,2500.849588
56.909144,176,2506.817869
54.402624,176,2512.830384
50.628675,176,2518.821803
44.703107,176,2524.845477
54.288499,176,2532.910346
55.113937,176,2538.908359
1.392848,5,2539.086157
39.078441,176,2545.06799
46.688133,176,2551.010447
45.832769,176,2556.940697
39.59728,176,2562.958578
44.650506,176,2568.906332
-1.858046,29,2569.902033
53.433946,176,2575.769461
42.657921,176,2581.835772
51.013955,176,2587.794899
-6.23785,11,2588.1722
43.22131,176,2594.136523
51.217992,176,2600.130598
52.932659,176,2608.142702
55.37731,176,2614.233538
36.18535,176,2620.186803
35.586591,176,2626.064159
57.232089,176,2631.975865
24.530675,103,2635.533736
36.908399,163,2641.089424
43.824627,176,2647.072904
47.294152,176,2652.981455
42.971995,176,2658.920856
48.538684,176,2664.862075
64.215502,176,2670.798193
47.41778,176,2678.752714
51.239431,176,2684.68037
46.742177,176,2690.624808
51.772413,176,2696.57212
53.167378,176,2702.58458
48.252289,176,2708.551159
-2.184759,24,2709.373833
51.119983,176,2715.318683
-6.66499,9,2715.630608
49.601391,176,2721.60941
37.599307,176,2727.526349
41.393206,176,2733.419079
44.248487,176,2739.270864
47.536538,176,2747.270318
46.914335,176,2753.183394
52.227064,176,2759.070498
47.775763,176,2765.035676
45.866119,176,2770.978137
43.747719,176,2776.862272
36.171889,154,2782.022992
-3.515691,17,2782.597763
51.217236,176,2788.484694
44.329971,176,2794.345216
50.846805,176,2800.250483
55.420883,176,2806.18847
48.777066,176,2812.135886
47.638159,176,2820.061474
48.829575,176,2825.959952
51.993212,176,2831.81296
-1.120993,29,2832.799333
-6.199935,11,2833.182507
-4.228574,17,2833.757981
-6.155177,11,2834.132178
52.792553,176,2840.063254
57.811786,176,2846.05099
39.290584,151,2851.224939
37.618061,176,2857.107915
-4.641873,15,2857.624408
52.85146,176,2863.504778
63.455097,176,2869.412083
33.34355,166,2875.050761
49.07988,176,2881.009888
49.260412,176,2889.037201
52.440518,176,2894.924671
41.030397,176,2900.787362
42.936207,176,2906.728981
56.592307,176,2912.610614
45.664021,176,2918.49373
40.142907,176,2924.440983
50.266665,176,2930.381644
41.590229,153,2935.488296
51.432453,176,2941.434531
46.175641,176,2947.40199
49.146218,176,2953.317655
41.692405,176,2961.305577
51.386497,176,2967.228852
46.045481,176,2973.174743
30.217469,126,2977.407337
60.173174,176,2983.351405
47.222393,176,2989.236963
61.298578,176,2995.169401
7.265833,61,2997.260252
35.223255,124,3001.437499
27.49125,138,3006.158082
52.335865,176,3012.035934
51.462288,176,3017.899054
49.165363,176,3023.817127
57.713778,176,3031.853724
46.053937,176,3037.770276
53.234808,176,3043.681985
43.421832,176,3049.547473
38.69261,176,3055.404988
-7.224634,7,3055.647349
44.83397,176,3061.535131
48.572095,176,3067.401184
2.573041,8,3067.681216
54.004884,176,3073.539086
0.474657,40,3074.906977
46.92494,176,3080.749234
41.389443,176,3086.659851
31.552596,141,3091.380067
46.555393,176,3097.23974
47.879418,176,3105.137278
57.004931,176,3111.013274
50.026397,176,3116.875582
52.972614,176,3122.723462
55.649738,176,3128.567009
58.011239,176,3134.480226
49.055803,176,3140.316406
50.642605,176,3146.141774
45.235212,176,3151.946014
49.589791,176,3157.718322
40.471845,176,3163.52203
50.912261,176,3171.395604
44.982962,176,3177.253781
42.641682,176,3183.157992
49.848736,176,3188.979866
48.208998,176,3194.827599
57.815353,176,3200.659218
44.387534,176,3206.522918
60.244986,176,3212.381838
50.899282,176,3218.221429
53.278991,176,3224.082036
50.239517,176,3229.930811
51.206717,176,3235.793633
55.110171,176,3243.724039
50.550846,176,3249.617013
57.616083,176,3255.458856
43.749317,176,3261.330358
56.171509,176,3267.162708
65.899391,176,3273.040365
58.366077,176,3278.888626
41.086296,176,3284.791801
52.015631,176,3290.628165
-4.520144,12,3291.034631
52.114099,176,3296.819755
47.538556,176,3302.679242
48.441216,176,3310.518209
59.732226,176,3316.411536
3.154222,42,3317.851038
58.441083,176,3323.790807
27.645401,113,3327.553197
-5.452829,13,3327.991014
21.931033,96,3331.174691
8.983979,72,3333.573588
50.457815,176,3339.407681
64.292337,176,3345.213702
55.8895,176,3351.100545
55.850536,176,3356.921403
49.077532,176,3362.762718
-0.516328,30,3363.775488
49.164535,176,3369.600906
62.730755,176,3375.40305
-1.381768,31,3376.455064
52.346906,176,3384.316447
50.678272,176,3390.133477
42.459415,176,3395.959415
40.151375,176,3401.73299
51.070689,176,3407.543755
-2.678909,21,3408.249721
66.333906,176,3414.073695
50.94139,176,3419.937734
-4.571057,17,3420.516788
48.680033,176,3426.356953
33.628148,132,3430.725637
50.848367,176,3436.501491
-2.778627,23,3437.268376
28.309215,104,3440.75497
59.738308,176,3446.60211
53.785508,176,3454.471977
56.982854,176,3460.265042
54.674291,176,3466.129331
54.403496,176,3471.971738
51.30309,176,3477.786591
49.967289,176,3483.64672
57.434364,176,3489.519889
44.510696,176,3495.360455
62.053897,176,3501.204663
61.917036,176,3507.07735
55.915731,176,3512.937515
43.026805,176,3520.837591
65.004928,172,3526.568565
24.21379,116,3530.452763
11.759982,79,3533.048956
52.461298,176,3538.854044
69.843592,175,3544.674146
35.878371,137,3549.187114
57.364546,176,3555.030954
50.532512,176,3560.900089
65.735507,176,3566.734936
52.955518,176,3572.555459
60.895228,176,3578.397016
48.931309,160,3583.704761
70.635234,176,3591.594824
45.000407,176,3597.500754
64.518722,170,3603.100967
56.329081,176,3608.951628
57.452179,176,3614.828807
56.717103,176,3620.629291
61.474532,172,3626.3466
32.401873,130,3630.636103
60.546371,173,3636.375716
55.400578,176,3642.227969
-6.152609,10,3642.56888
57.256218,176,3648.392746
49.159165,176,3654.277608
53.900602,176,3662.15796
-6.72896,9,3662.47393
21.378375,100,3665.803586
60.989056,176,3671.661168
56.393782,176,3677.521934
34.204565,86,3680.370439
53.646388,176,3686.158132
53.01955,176,3692.013535
3.350228,10,3692.350365
61.718409,175,3698.231544
64.412729,176,3704.083623
60.696476,176,3709.923402
65.716125,167,3715.535057
24.129629,116,3719.410781
61.723395,171,3725.088571
9.095173,69,3727.407728
56.47852,176,3735.323397
4.199198,38,3736.576795
69.219476,168,3742.121697
60.802324,176,3748.067603
61.845721,171,3753.770942
45.615668,152,3758.751353
56.278369,176,3764.532041
20.994826,99,3767.833436
-4.501785,17,3768.394283
60.092662,176,3774.197757
57.120446,176,3780.028012
54.148996,176,3785.859488
51.673889,176,3791.681217
56.582671,176,3797.530598
-0.231748,29,3800.559797
54.375585,176,3806.376428
53.546855,176,3812.253926
49.683329,176,3818.102453
49.154911,176,3823.921112
69.920956,175,3829.728787
-6.953953,9,3830.041628
62.135316,176,3835.853711
66.23348,176,3841.669898
-1.713877,23,3842.444719
24.505665,116,3846.283173
34.254676,80,3848.958957
61.672571,176,3854.854342
67.712089,163,3860.288072
61.949685,176,3866.126687
60.263588,176,3873.952676
66.704231,176,3879.787231
15.366402,75,3882.330723
27.806566,84,3885.094991
7.334896,55,3886.951039
57.754637,176,3892.815556
64.047409,176,3898.71644
69.825855,176,3904.578842
62.825162,176,3910.424555
19.295463,82,3913.207578
42.963319,176,3919.111838
13.470383,68,3921.380466
58.026604,176,3927.26074
54.182797,176,3933.058815
56.212759,176,3940.9729
59.681712,176,3946.813522
50.847385,176,3952.654038
49.979627,176,3958.495582
50.73691,176,3964.33619
66.407783,176,3970.213055
69.785805,176,3976.087205
60.615383,176,3981.968225
55.432208,176,3987.796731
66.271296,176,3993.606771
44.855648,176,3999.434925
54.577603,176,4005.338596
59.89169,176,4013.237971
54.658145,176,4019.085839
-7.425275,6,4019.306423
52.014251,176,4025.107265
59.469403,176,4031.005447
-2.328574,21,4031.729358
66.055274,176,4037.583543
67.283795,169,4043.229142
-1.720311,26,4044.089037
20.895331,99,4047.419683
53.086558,176,4053.249501
62.9664,176,4059.102828
-7.154566,7,4059.351587
51.690229,176,4065.200532
58.031154,176,4070.996807
49.923625,176,4076.831424
58.100921,176,4084.794876
2.012476,32,4085.882072
48.993152,176,4091.800636
27.471876,96,4095.002735
-6.184548,10,4095.339795
-6.895633,9,4095.644723
65.155168,175,4101.484953
-4.238334,16,4102.019299
49.735474,176,4107.866599
51.600172,176,4113.795649
-5.216659,12,4114.210488
29.029751,114,4117.993387
47.210925,176,4123.866679
-1.046561,26,4124.746582
28.187555,102,4128.177707
8.730649,56,4130.060433
70.415037,174,4135.907277
18.750052,74,4138.399517
9.520071,52,4140.147143
65.136973,176,4145.991293
29.147828,138,4152.627148
55.685105,176,4158.460853
52.912092,176,4164.3188
4.652697,13,4164.767799
50.998499,176,4170.575644
25.953944,107,4174.157792
53.390388,176,4180.017387
21.41789,84,4182.792297
53.374461,176,4188.674991
14.352888,73,4191.094502
20.094892,83,4193.886681
22.95578,116,4197.748535
-0.349764,30,4198.763926
51.725951,176,4204.623864
49.73885,176,4210.530883
62.077259,176,4216.388646
51.798697,176,4224.171608
21.8685,88,4227.099499
56.926148,176,4232.934493
49.352247,176,4238.813405
61.694595,176,4244.739765
18.67677,86,4247.586483
69.270077,176,4253.47977
55.507358,176,4259.385928
-3.131463,19,4260.019288
53.646152,176,4265.878536
58.719816,176,4271.740324
5.192943,39,4273.062985
53.000727,176,4278.98523
51.029153,176,4284.794118
48.955742,176,4292.683624
66.914133,176,4298.579898
50.947852,176,4304.438274
0.228678,28,4305.38676
57.103503,176,4311.31141
49.554363,176,4317.253302
16.629967,105,4320.751987
60.582954,176,4326.580632
57.932734,176,4332.386774
28.267172,106,4335.951902
35.018141,121,4339.996313
47.507576,159,4345.301708
62.065441,176,4351.190092
58.60751,176,4357.050251
52.974744,176,4364.962594
64.544983,176,4370.845599
-5.578894,14,4371.327579
1.052285,32,4372.409217
61.507389,176,4378.267325
63.612418,176,4384.131785
6.579781,42,4385.541692
58.161638,176,4391.435643
55.032084,176,4397.322864
65.070879,176,4403.133695
61.566042,176,4409.017994
40.054133,128,4413.301655
64.298346,174,4419.086788
3.430762,34,4420.217583
59.363559,176,4426.110971
41.317096,138,4430.72775
48.888883,176,4438.609507
63.875141,176,4444.438738
-1.964795,22,4445.194135
61.177272,176,4451.045376
52.633722,176,4456.943818
21.679121,92,4460.040266
53.912073,176,4465.928386
65.451698,176,4471.77996
54.769611,176,4477.631434
59.931193,176,4483.52958
53.989037,176,4489.373374
-0.51405,26,4490.268321
16.483246,67,4492.550146
62.248838,176,4498.362532
60.807601,176,4506.401567
37.275648,140,4511.07159
21.379125,78,4513.666758
6.985164,49,4515.309479
49.720612,176,4521.183546
10.173773,57,4523.06577
42.692758,133,4527.588573
22.987823,88,4530.467586
39.200638,158,4535.859662
29.600472,118,4539.773014
59.760949,176,4545.58418
50.165065,176,4551.341908
55.075806,176,4557.047891
34.336541,172,4562.707111
56.669093,176,4568.516786
59.414687,176,4576.359378
-5.267852,13,4576.802763
14.833608,78,4579.378749
56.289435,176,4585.157033
1.913211,31,4586.164566
-5.268347,13,4586.594414
57.375467,163,4591.945587
0.614588,26,4592.829448
53.137525,176,4598.666004
66.100504,176,4604.510402
56.837274,176,4610.300169
18.782241,109,4613.900588
52.688362,176,4619.691252
36.414103,135,4624.144524
56.995809,176,4629.916647
65.033826,175,4635.705455
-3.107966,20,4636.374156
48.727276,176,4644.274082
48.547651,176,4650.166657
0.165425,30,4651.185383
18.758529,77,4653.74968
14.161902,75,4656.244871
64.236344,176,4662.028079
15.38451,78,4664.627486
55.418911,176,4670.409749
5.29717,46,4671.953077
27.455401,112,4675.653219
20.306653,97,4678.84821
28.892961,114,4682.541576
33.253601,137,4687.011321
60.291197,176,4692.753691
74.289907,162,4698.053234
52.928415,176,4703.810222
54.940081,176,4709.586644
0.826852,37,4712.868725
-7.112352,8,4713.140539
61.319458,176,4718.914933
19.025198,102,4722.286043
61.185599,176,4728.03054
62.283315,176,4733.763725
55.02179,176,4739.58368
55.530645,176,4745.488072
39.811428,176,4751.295983
48.294664,176,4757.117097
-3.872727,17,4757.697231
63.309447,176,4763.518442
66.805276,176,4769.364082
60.051189,176,4775.174317
56.676928,176,4782.956955
32.556369,107,4786.505188
64.533979,176,4792.315379
55.863258,176,4798.071837
36.882398,157,4803.259484
50.981888,176,4809.069632
65.136942,176,4814.888515
55.69399,176,4820.678702
-1.187828,25,4821.500038
61.152607,176,4827.331997
55.368573,176,4833.152545
32.892641,118,4837.046204
23.073843,97,4840.22113
52.383832,176,4846.009482
46.761929,156,4853.204532
61.445205,176,4859.024088
54.665526,176,4864.82144
10.563967,59,4866.792032
56.084428,176,4872.6185
1.622284,5,4872.790012
66.555036,176,4878.614837
60.811347,176,4884.421886
60.439839,176,4890.279367
62.160038,176,4896.112075
13.471483,74,4898.570687
18.523679,88,4901.499294
44.784267,176,4907.294417
62.188829,176,4913.080611
57.788522,176,4918.886799
54.830642,176,4926.768648
58.623584,176,4932.467287
12.927075,40,4933.770947
56.253887,176,4939.566659
56.996353,176,4945.28857
66.532889,176,4951.058537
67.783998,176,4956.871658
10.486611,29,4957.84848
-4.018422,17,4958.414201
66.261158,176,4964.161761
49.435893,176,4969.957412
53.08158,176,4975.749122
52.35828,176,4981.591195
16.326326,101,4984.913342
57.837211,176,4992.758001
42.741813,176,4998.607989
59.527873,176,5004.429785
30.225564,95,5007.592016
53.804589,176,5013.368209
17.035287,46,5014.895684
41.708573,176,5020.699244
49.12213,176,5026.507726
23.483517,100,5029.795397
47.093796,176,5035.624839
2.483228,36,5036.832649
55.086377,176,5042.682901
52.679412,176,5048.538095
56.238665,176,5054.311167
48.776447,176,5062.112055
2.502884,8,5062.38751
57.061402,176,5068.203971
57.414516,176,5074.010687
52.137179,176,5079.775817
55.077115,176,5085.583344
43.816245,176,5091.355021
64.98733,168,5096.903576
52.797792,176,5102.722234
63.218891,176,5108.55982
49.319101,176,5114.41681
55.745251,176,5120.274838
53.756824,176,5126.051002
50.098282,176,5133.881789
69.079221,176,5139.636444
59.2048,176,5145.357989
55.849047,176,5151.187001
-1.76522,24,5151.986703
54.626983,176,5157.79951
58.315303,176,5163.598395
63.148611,176,5169.413084
57.795979,176,5175.183965
16.066962,72,5177.545742
51.876365,176,5183.385859
60.58349,176,5189.121929
54.570813,176,5194.925107
64.30178,173,5202.656
47.273728,176,5208.482942
3.969025,11,5208.84749
56.491951,176,5214.637022
58.670625,176,5220.451745
57.500587,176,5226.251513
23.451345,87,5229.155564
63.728378,171,5234.850042
30.723411,111,5238.54854
65.494439,176,5244.401163
54.810568,176,5250.24166
56.207684,176,5256.062761
64.008846,176,5261.825126
37.637487,131,5266.15267
-7.236819,7,5266.392385
23.562139,85,5271.293617
63.575013,176,5277.080207
57.401567,176,5282.910429
-5.75818,11,5283.287986
58.212782,176,5289.128894
7.236834,40,5290.461231
5.58244,40,5291.783754
63.087175,176,5297.569839
55.353009,176,5303.348186
60.84965,176,5309.209572
10.825491,57,5311.113592
26.669727,111,5314.812555
4.809908,39,5316.10432
19.035852,76,5318.598452
11.821801,60,5320.595586
65.358563,176,5326.422306
64.939832,174,5332.150326
19.100898,72,5334.511933
26.362767,93,5339.636782
59.141807,176,5345.444795
53.102628,176,5351.239681
3.906617,11,5351.605137
55.134046,176,5357.437544
15.078455,73,5359.882432
59.61937,176,5365.714867
13.885928,76,5368.226607
55.222741,176,5374.041532
59.870841,176,5379.8411
53.804611,176,5385.604496
25.213356,93,5388.657529
60.568023,176,5394.48124
54.103485,176,5400.225222
54.75888,176,5405.990698
49.00716,176,5413.840102
63.412151,176,5419.675234
59.546188,176,5425.471098
58.299212,176,5431.282021
42.730535,164,5436.681423
10.879165,74,5439.132233
55.333254,176,5444.90144
49.402169,176,5450.70848
60.096126,176,5456.493481
47.735546,176,5462.26094
60.152275,176,5468.056644
56.532626,176,5473.880759
53.767748,176,5481.716512
47.280625,176,5487.475329
51.189608,176,5493.242351
-7.239087,7,5493.479416
51.277424,176,5499.275339
52.991274,176,5505.099118
23.621168,57,5506.977813
52.055789,176,5512.827748
52.194968,176,5518.584554
60.89369,176,5524.415393
52.960579,176,5530.243358
59.675649,176,5536.040423
46.101177,176,5541.841297
66.112838,176,5549.718768
49.319251,176,5555.5171
50.0615,176,5561.320005
52.57476,176,5567.098686
53.54236,176,5572.87976
50.646548,176,5578.655254
57.805646,176,5584.463506
52.579861,176,5590.298511
52.202319,176,5596.057661
50.832558,176,5601.870484
47.754116,176,5607.700128
49.011576,176,5613.514361
53.327557,176,5621.34924
56.77781,176,5627.172686
60.93996,176,5632.958305
47.538547,176,5638.779512
47.213046,176,5644.614907
5.227487,15,5645.115734
-4.983748,14,5645.591668
63.035297,176,5651.419547
59.442971,176,5657.297765
56.521667,176,5663.103689
44.696874,176,5668.929314
52.162909,176,5674.764145
-0.901194,27,5675.676924
52.92523,176,5681.433139
62.036138,176,5689.2783
53.120725,176,5695.076917
51.198962,176,5700.852105
33.930366,150,5705.753357
50.275701,176,5711.551349
59.337153,176,5717.315914
62.094485,176,5723.071824
47.666248,176,5728.858399
43.889373,176,5734.662872
63.83918,176,5740.444567
-1.650297,25,5741.272952
61.656139,176,5747.067061
53.484436,176,5752.890976
49.982287,176,5760.760831
50.783766,176,5766.569225
20.988508,97,5769.825679
55.572097,176,5775.589686
56.72827,176,5781.443791
54.867422,176,5787.270749
51.833338,176,5793.154925
52.434388,176,5799.00448
55.416314,176,5804.872086
52.074756,176,5810.733825
67.402605,176,5816.553185
59.054647,176,5822.406758
52.972742,176,5830.257744
56.765462,176,5836.060894
-1.071368,27,5836.969534
63.05628,176,5842.760466
65.02049,176,5848.567348
53.326731,176,5854.377131
67.923271,176,5860.135357
59.580747,176,5865.974932
61.03518,176,5871.786586
60.761481,176,5877.624742
60.923593,176,5883.418081
67.195906,176,5889.309253
70.03286,173,5897.133136
63.947045,171,5902.732989
58.228689,176,5908.603536
59.149137,176,5914.380805
54.025057,176,5920.210245
55.40131,176,5926.005238
54.401722,176,5931.829709
54.340812,176,5937.687556
57.440808,176,5943.49034
58.20976,176,5949.363287
12.523636,73,5951.793833
57.953515,176,5957.64223
61.146379,176,5963.436856
61.03571,176,5971.344763
29.904825,110,5974.998671
57.369242,176,5980.800037
63.949332,176,5986.610836
46.802512,176,5992.438468
43.932959,176,5998.305777
62.809858,176,6004.163935
66.388783,176,6009.938637
70.736705,172,6015.682956
58.491385,158,6020.890433
14.486875,77,6023.463883
43.23897,176,6029.375608
-6.545339,9,6029.683858
58.111364,176,6037.563825
-7.42474,7,6037.802809
66.253102,176,6043.609729
59.140176,176,6049.421841
52.027952,176,6055.266153
62.764008,176,6061.110106
52.710219,176,6066.931413
24.942911,93,6069.971855
-3.196087,19,6070.619498
22.555751,80,6073.247471
22.982685,99,6076.516115
51.745849,176,6082.299103
58.270791,176,6088.039315
72.035144,175,6093.805428
-2.61868,24,6094.632221
49.479985,176,6100.405911
54.899584,176,6108.281138
0.636617,35,6109.443952
3.013161,36,6110.654889
46.577332,176,6116.47611
12.807114,61,6118.47605
41.717315,138,6123.035911
10.422197,56,6124.882489
53.863116,176,6130.714008
56.081458,176,6136.506954
56.271055,176,6142.34461
51.364869,176,6148.21701
68.770203,176,6154.045787
53.082918,176,6159.860499
56.798431,176,6165.694108
56.150901,176,6171.511485
49.43661,176,6179.315969
47.843302,176,6185.114028
53.418604,176,6190.909286
61.907495,176,6196.708246
58.75837,176,6202.513999
54.421999,176,6208.289855
24.504522,105,6211.816016
58.448202,176,6217.612258
55.775565,176,6223.434385
2.435641,36,6224.618093
54.118215,176,6230.432154
54.528893,176,6236.245873
51.084989,176,6242.04301
56.207367,176,6249.887831
54.259219,176,6255.679897
48.17802,176,6261.535743
54.924368,176,6267.295663
55.403762,176,6273.09171
47.649351,176,6278.941061
51.064975,176,6284.704434
59.173314,176,6290.506926
51.909458,176,6296.304659
4.309406,49,6297.933552
49.466203,176,6303.659278
35.252538,160,6308.971874
64.07801,176,6316.866242
47.176484,176,6322.678274
63.078697,176,6328.443192
50.092516,176,6334.329624
-1.241484,28,6335.269555
58.595256,176,6341.077183
-0.535849,34,6342.226194
0.22221,27,6343.143376
31.840601,117,6347.035445
56.086907,176,6352.797569
63.653106,176,6358.645739
60.285768,176,6364.42873
64.658998,176,6370.262731
0.366845,32,6371.338339
53.035549,176,6377.171542
53.787881,176,6385.034367
59.08605,176,6390.786014
-1.425819,26,6391.646335
69.10424,176,6397.408124
58.889315,176,6403.215743
-2.546122,26,6404.07698
57.143891,176,6409.954538
48.341235,176,6415.781303
-4.949229,13,6416.209048
57.948354,176,6422.013686
38.075945,145,6426.808011
38.740972,149,6431.775764
54.637376,176,6437.615074
59.870247,176,6443.484619
57.776394,176,6449.380518
58.601669,176,6457.266151
60.844832,176,6463.132548
22.134683,109,6466.73587
50.184239,176,6472.564404
60.86482,176,6478.356014
56.48672,176,6484.166791
53.335131,176,6489.97142
58.39352,176,6495.785226
64.78775,176,6501.653968
59.059698,176,6507.489665
63.537656,176,6513.275757
62.959436,176,6519.1371
53.805985,176,6526.986093
58.528551,176,6532.866917
56.751756,176,6538.748772
63.973079,176,6544.57961
57.82492,176,6550.403172
20.874544,101,6553.743747
57.016705,176,6559.637784
47.113894,176,6565.515854
62.535774,176,6571.340618
46.798851,176,6577.129503
57.979229,176,6583.006595
24.312223,123,6587.094076
57.970707,176,6595.023183
46.661973,176,6600.835593
58.566032,176,6606.675541
55.707347,176,6612.491929
62.637807,176,6618.277077
64.755101,176,6624.080244
51.16013,176,6629.919551
56.030049,176,6635.727821
60.140349,176,6641.576535
66.642641,176,6647.408951
56.855288,176,6653.197452
54.023341,176,6658.995993
61.497475,176,6666.829142
54.586372,176,6672.603768
38.883919,141,6677.317237
-0.510004,31,6678.345529
33.610492,100,6681.6807
61.995858,176,6687.501927
52.171465,176,6693.346506
59.788543,176,6699.187671
46.206899,176,6705.038364
56.08651,176,6710.882787
53.864078,176,6716.691372
65.382956,176,6722.526535
52.694769,176,6728.439978
48.96424,176,6736.30663
57.754091,176,6742.165442
54.060828,176,6748.01293
61.704987,176,6753.794538
66.053436,176,6759.607953
57.619855,176,6765.434806
59.937874,176,6771.287994
62.929084,176,6777.104289
-1.245577,33,6778.207415
54.19428,176,6784.025363
48.821512,176,6789.808748
64.02403,176,6795.650596
62.683963,176,6801.467708
53.489429,176,6809.355921
59.460221,176,6815.272299
57.719897,176,6821.085301
58.368925,176,6826.965214
2.675877,39,6828.278966
54.930147,176,6834.136247
30.804918,134,6838.58068
64.755465,176,6844.434176
68.054964,176,6850.189627
68.642182,176,6855.996255
50.980786,176,6861.82085
58.700242,176,6867.6294
53.080534,176,6875.496051
52.798642,176,6881.321165
63.493446,176,6887.137746
61.372955,176,6892.944668
61.228087,176,6898.691633
56.546464,160,6903.976107
66.70762,176,6909.771549
64.990445,176,6915.638762
57.422912,176,6921.5242
56.888497,176,6927.308106
45.661533,176,6933.168805
63.926694,176,6938.990929
68.743269,176,6946.91482
51.501843,176,6952.794826
12.677579,61,6954.828263
60.583427,176,6960.600965
25.393168,108,6964.18674
33.072477,119,6968.182459
67.016159,176,6974.076413
54.962231,176,6979.913439
33.59623,146,6984.746351
62.004526,176,6990.599739
51.089041,166,6996.044929
65.199919,176,7001.868266
59.812457,176,7007.755184
55.456987,176,7015.628998
64.831479,176,7021.456327
40.200185,155,7026.610678
57.139305,176,7032.393739
59.122181,176,7038.221326
56.302179,176,7044.020204
60.879719,176,7049.897887
63.428219,176,7055.779148
62.02069,176,7061.592922
59.970733,176,7067.41452
-4.276185,16,7067.965991
64.235552,176,7073.766046
58.720589,176,7079.598532
46.658979,176,7087.460887
59.146806,176,7093.296551
60.428237,175,7099.142542
60.707586,176,7105.014297
63.362897,176,7110.8454
8.209511,67,7113.096254
57.482084,176,7118.91903
55.837809,176,7124.776781
58.647004,176,7130.690981
59.729963,176,7136.512971
48.135501,152,7141.532388
57.951459,176,7147.326411
63.725245,176,7155.147357
53.661181,176,7160.933721
55.798321,176,7166.747967
65.451455,176,7172.634195
54.476041,176,7178.435442
57.31244,176,7184.246697
55.54249,176,7190.101674
-5.704554,14,7190.581844
52.303013,176,7196.477916
55.38816,176,7202.296166
56.65421,176,7208.111187
-5.251201,12,7208.518151
49.969288,176,7214.308295
57.003404,176,7220.109592
64.799623,176,7228.06
17.044052,76,7230.566189
63.794814,176,7236.443466
54.145301,176,7242.293368
67.988813,176,7248.145627
62.992717,176,7253.993603
58.699923,176,7259.849936
1.625265,35,7261.029706
52.555981,176,7266.87757
36.373724,139,7271.448225
20.316716,84,7274.261537
-0.655439,24,7275.051032
41.460332,107,7278.618791
-5.770522,11,7279.003383
60.463317,176,7284.80412
62.237706,176,7290.614096
58.351318,176,7298.495739
9.606863,54,7300.300819
62.803817,176,7306.091868
-1.986846,20,7306.771162
59.476701,176,7312.591154
55.805391,176,7318.414882
53.95042,176,7324.218593
9.676772,72,7326.587802
60.323561,176,7332.366976
69.476919,176,7338.085569
52.673936,176,7343.92119
52.755026,176,7349.755688
17.894731,78,7352.366056
68.268293,176,7358.198709
53.620953,176,7366.045997
51.538941,176,7371.865743
-5.079968,12,7372.277663
61.313387,176,7378.149699
-2.220432,23,7378.925545
61.861581,176,7384.72788
66.90532,176,7390.575952
55.345097,176,7396.386914
4.882542,34,7397.546283
56.022499,176,7403.412472
58.739387,176,7409.222759
31.679843,132,7413.554801
9.059832,62,7415.642167
33.495439,132,7419.989926
62.096521,176,7425.838331
60.49787,176,7433.709328
-1.557785,25,7434.552128
43.579049,126,7438.700235
65.642761,176,7444.545762
65.263685,176,7450.41471
63.241887,176,7456.237326
57.868316,176,7462.04213
1.946021,38,7463.321649
30.848432,118,7467.255511
32.244915,127,7471.442171
55.308814,176,7477.222211
58.48952,176,7483.064173
61.780556,176,7488.914783
60.029843,176,7494.770946
55.406788,176,7500.672611
20.393638,105,7506.232943
64.306335,176,7512.021199
62.198504,176,7517.873459
58.71741,176,7523.712181
63.846052,176,7529.618651
59.796285,176,7535.485786
67.119613,176,7541.335482
56.644539,176,7547.141917
15.481406,73,7549.590052
64.120558,176,7555.378676
32.613844,148,7560.287271
35.452868,124,7564.391907
62.045023,176,7570.29968
29.520059,127,7576.584007
64.311559,176,7582.43895
66.206979,176,7588.2788
47.954825,176,7594.072958
57.554938,173,7599.768403
31.336747,136,7604.241405
51.685989,171,7609.930305
62.736808,176,7615.783132
64.337842,176,7621.558053
56.487308,176,7627.382065
59.836502,176,7633.289926
54.491614,176,7639.104657
62.685531,176,7646.953106
53.648992,176,7652.791796
53.832885,163,7658.167283
54.650606,176,7663.926464
61.2748,176,7669.723457
30.619453,138,7674.302131
16.625558,117,7678.207464
41.493908,129,7682.502422
6.068441,45,7684.020512
55.830688,176,7689.861011
59.982742,176,7695.658704
52.267139,176,7701.517974
58.102804,176,7707.379757
58.308455,176,7715.26036
29.578458,118,7719.203567
59.303135,176,7724.98864
57.484065,176,7730.765088
60.474515,176,7736.57578
57.052198,176,7742.427267
59.556735,176,7748.224429
60.530415,176,7754.086422
51.594784,176,7759.89995
20.184894,85,7762.695525
52.070202,176,7768.508433
59.350882,176,7774.328174
56.291467,176,7780.12427
59.710211,176,7788.031067
56.482362,176,7793.865319
19.258833,102,7797.280971
61.458148,176,7803.147129
58.023964,176,7808.992377
63.265831,176,7814.820698
65.333051,176,7820.699653
59.027773,176,7826.570442
24.127859,88,7829.550864
59.702492,176,7835.444466
58.807063,176,7841.256411
55.441652,176,7847.097328
62.148657,176,7854.983883
61.308111,176,7860.835062
1.482793,27,7861.747797
62.254634,176,7867.546621
19.091302,86,7870.425699
54.816905,176,7876.269278
61.315698,176,7882.130013
64.977454,176,7887.978575
65.312936,176,7893.836973
64.111326,176,7899.649804
34.116362,118,7903.551443
68.465343,176,7909.354059
65.060127,176,7915.232618
63.855627,176,7921.105796
60.417898,176,7929.037451
57.374648,176,7934.899686
62.517722,176,7940.669492
56.879471,176,7946.537148
23.410477,82,7949.284062
19.709178,67,7951.568761
68.575124,176,7957.422932
-3.157056,18,7958.03173
60.080083,176,7963.879714
57.82308,176,7969.755942
63.974846,176,7975.650156
59.738044,176,7981.474201
6.183142,39,7982.777378
14.859978,77,7985.290632
66.975589,174,7991.076317
-2.129761,22,7993.862327
34.407614,77,7996.419906
20.594457,84,7999.207006
61.058283,176,8005.096095
59.08385,176,8010.925671
58.929804,176,8016.72439
63.52193,176,8022.524014
67.381941,176,8028.400768
18.246417,74,8030.870271
-7.109965,8,8031.144383
56.767783,176,8037.039747
64.973715,171,8042.708771
56.992298,176,8048.549588
50.585507,148,8053.472811
20.328932,93,8056.569224
59.165582,176,8064.441332
62.902114,176,8070.322241
57.079167,176,8076.122675
58.411067,176,8081.976884
15.354273,74,8084.455658
60.499665,176,8090.328114
42.769149,147,8095.262352
61.307642,176,8101.141207
64.791667,176,8107.022045
59.735109,176,8112.873239
56.757837,176,8118.694906
63.418819,176,8124.516983
60.549663,176,8130.343447
62.401778,176,8138.196869
57.946743,176,8144.008727
53.300721,176,8149.829796
5.255353,42,8151.206499
64.873304,176,8157.055296
60.867447,176,8162.856485
30.361953,112,8166.567549
50.435028,176,8172.435454
66.558187,176,8178.272101
54.090937,176,8184.097852
60.812127,173,8189.86143
57.20405,176,8195.726923
52.112079,176,8203.633471
68.442147,176,8209.449987
66.340191,176,8215.265121
60.130795,176,8221.088396
57.315707,176,8226.919712
55.436434,176,8232.793061
7.43024,82,8235.547624
54.512592,176,8241.371604
57.698395,176,8247.219525
59.444021,176,8253.070769
54.436552,176,8258.904743
56.554764,176,8264.707484
11.653689,64,8266.836124
55.663976,176,8274.747268
54.20618,176,8280.60594
58.467522,176,8286.429091
50.583325,176,8292.264427
52.916366,176,8298.118947
61.457777,176,8303.993379
52.762456,176,8309.827816
56.237387,176,8315.634948
60.430592,176,8321.46471
47.769766,165,8326.935972
58.916599,176,8332.692319
41.618243,126,8336.876487
47.782517,176,8344.782873
60.049766,176,8350.648028
51.789371,176,8356.495975
34.029521,118,8360.427342
56.619883,176,8366.248912
65.235234,176,8372.095747
52.809313,176,8377.9478
43.152169,176,8383.790836
58.107248,176,8389.714809
-5.314416,14,8390.192588
63.633178,176,8396.005471
55.500232,176,8401.811798
56.881469,176,8407.671684
59.542829,176,8415.626754
62.955321,176,8421.449762
51.839711,176,8427.232732
51.415646,176,8433.028841
36.073659,154,8438.132061
61.808936,176,8443.930131
63.591224,176,8449.705615
59.887422,176,8455.525018
58.791253,176,8461.392177
55.139387,176,8467.228077
12.401305,82,8469.956407
56.862457,176,8475.810566
43.611228,149,8480.830874
58.062034,176,8488.724002
54.372628,176,8494.530466
55.280364,176,8500.334235
52.099784,176,8506.145115
17.832048,85,8508.987301
61.87735,176,8514.791286
2.083312,34,8515.930707
52.769454,176,8521.712579
54.791745,176,8527.493984
56.254004,176,8533.279727
60.576556,176,8539.115562
53.487134,176,8544.95762
69.026026,176,8550.808738
22.161787,115,8556.687332
56.165063,176,8562.531929
57.129307,176,8568.376896
65.093495,176,8574.164641
51.718495,176,8580.008701
59.815011,176,8585.832701
51.572387,176,8591.723461
59.982257,176,8597.528672
58.379535,176,8603.387414
61.834399,176,8609.227978
47.25543,176,8615.070853
9.106789,58,8616.980189
48.778963,176,8624.904908
66.764441,176,8630.728867
59.148872,176,8636.592248
43.866011,176,8642.374879
64.537613,176,8648.220783
65.228441,176,8654.001727
59.909832,176,8659.813406
55.825504,176,8665.641035
56.278046,176,8671.530319
60.556377,176,8677.359565
66.249201,176,8683.218341
59.943108,176,8689.040681
52.070813,176,8696.934301
63.639333,176,8702.735119
51.485765,176,8708.531636
50.791489,176,8714.377212
59.650532,176,8720.166173
63.154474,176,8725.985293
49.455693,176,8731.760081
55.69404,176,8737.560768
50.425967,176,8743.361038
59.921384,176,8749.123597
46.135818,176,8754.923448
61.979405,176,8760.665739
52.294334,176,8768.519628
56.736688,176,8774.319165
60.114424,176,8780.111271
54.090066,176,8785.974977
56.781712,176,8791.79569
54.420828,176,8797.640496
61.062519,176,8803.426609
63.525229,176,8809.226767
49.398927,176,8815.032368
49.709076,176,8820.789725
65.223098,176,8826.615955
