#{"t_start": 1774014013.2546508, "env_id": "continuous-exit-v0"}
r,l,t
1.268369,4,118.54897
0.843304,3,118.880064
0.54005,2,119.129522
0.4601,2,119.388668
0.536559,2,119.641868
0.53992,2,119.837414
1.274716,4,120.354825
-2.888803,5,120.870058
4.051311,10,121.856317
2.844503,8,122.840886
0.543592,2,123.098524
1.443594,5,123.670007
2.010147,6,124.442132
1.380526,4,124.861636
2.331929,7,125.660664
0.520661,2,125.866883
-1.880667,8,126.811737
0.564364,2,127.070723
0.456158,2,127.320023
0.505081,2,127.560705
0.43798,2,127.84169
1.6457,5,128.624643
0.507023,2,128.936622
2.709602,7,129.706482
1.373268,4,130.067806
2.476371,7,130.919232
2.553078,7,131.683693
0.329182,2,131.920881
0.552353,2,132.187312
0.886703,3,132.535756
3.07019,9,133.396018
0.918021,3,133.74739
0.54749,2,134.103636
0.696342,3,134.402943
0.54602,2,134.72191
1.96565,6,135.511637
0.532392,2,135.752526
2.254828,6,136.341448
-2.986169,5,137.015811
0.525609,2,137.261423
-2.838573,5,137.985812
0.865771,3,138.369678
-2.457947,6,139.023529
-3.227317,5,139.528377
4.069625,10,140.853175
0.362109,2,141.066281
0.535225,2,141.221452
-1.686438,8,142.032942
0.81223,3,142.54423
-2.732614,6,143.290581
0.855731,3,143.715936
-3.225789,5,144.272871
-3.258107,5,144.828693
0.563363,2,145.293499
0.34872,2,145.718872
0.494486,2,145.978734
0.558793,2,146.196295
0.323941,2,146.524593
0.923151,3,146.932183
0.531644,2,147.193418
3.695082,10,148.462607
1.336637,4,148.943579
-1.819308,8,149.866466
-1.48547,8,150.884712
0.923683,3,151.31451
0.824458,3,151.721389
0.329781,2,151.951099
0.53904,2,152.128251
-3.064598,6,152.701585
1.653651,5,153.298407
0.311285,2,153.551412
1.694997,5,154.08339
-3.369882,5,154.604248
3.534066,9,155.544848
0.524781,2,155.788722
0.502672,2,156.080163
0.532348,2,156.261399
2.643705,7,157.117932
0.543436,2,157.366891
1.356139,5,158.010209
1.333981,4,158.565347
0.362479,2,158.780293
-3.001652,5,159.234049
0.495227,2,159.396398
0.932241,3,159.668639
3.131358,9,160.661867
0.504641,2,160.986094
0.508122,2,161.260968
-1.391143,8,162.164996
1.933054,6,162.888582
1.603642,5,163.356938
0.521023,2,163.655838
1.264888,4,164.127981
0.865767,3,164.563952
0.748319,3,164.867882
0.342634,2,165.06328
1.725002,5,165.621907
0.532529,2,165.88153
0.543977,2,166.127902
-3.171487,5,166.657977
0.51259,2,166.983055
0.912265,3,167.291452
0.51401,2,167.551971
1.474097,5,168.224327
0.539269,2,168.372282
0.550983,2,168.612907
0.52372,2,168.831697
1.662992,5,169.406423
0.568217,2,169.658369
2.010484,6,170.502904
0.334131,2,170.756225
0.509222,2,170.957521
0.541882,2,171.141421
0.523796,2,171.457518
-1.494361,8,172.302499
1.322957,4,172.740685
0.5147,2,172.990391
1.67679,5,173.586148
0.885131,3,173.978453
1.791727,5,174.528836
0.963742,3,174.948311
0.57597,2,175.236026
0.556426,2,175.436562
0.348197,2,175.699596
2.180624,6,176.371069
0.540587,2,176.594167
-0.573975,10,177.658077
0.524495,2,177.825316
0.541165,2,177.980601
-1.016504,10,178.961098
1.83964,5,179.51559
0.521322,2,179.73674
0.525877,2,179.998801
2.671077,7,180.761928
2.073951,6,181.445836
0.563576,2,181.700437
0.542088,2,181.939422
1.842716,5,182.610726
0.507532,2,182.889461
0.36235,2,183.197859
0.470808,2,183.434853
0.467755,2,183.605614
2.213266,6,184.191957
1.769265,5,184.738219
1.77165,5,185.274332
0.540839,2,185.475465
0.456242,2,185.74787
0.524452,2,186.002893
-2.978976,5,186.502598
3.167372,8,187.328341
0.892128,3,187.610631
0.839055,3,188.038184
0.504819,2,188.270715
0.335837,2,188.453493
-1.989209,8,189.367914
2.356569,7,190.126749
1.454805,5,190.792033
1.273049,4,191.269045
3.694382,9,192.440394
0.345371,2,192.704022
0.507925,2,192.954948
0.538931,2,193.21795
0.519187,2,193.426412
-3.148569,5,193.97207
0.893487,3,194.301414
1.876631,6,195.160345
1.750602,5,195.890776
0.560594,2,196.073938
0.534525,2,196.308861
2.621007,7,197.176193
0.326879,2,197.467962
1.137837,4,197.951005
2.387932,7,198.971663
0.955307,3,199.376572
1.574117,5,200.006667
0.572899,2,200.301525
0.529137,2,200.524331
0.513948,2,200.783318
0.352935,2,201.123688
1.931466,6,202.46761
0.514376,2,202.85389
1.373426,4,203.354827
1.623793,5,203.906205
-3.530342,4,204.456616
0.885751,3,204.853033
2.165272,6,205.455829
0.334573,2,205.660479
0.547332,2,205.948758
0.514653,2,206.173107
0.457326,2,206.434344
1.218278,4,206.844999
1.322462,4,207.286595
1.800933,5,208.008971
0.522045,2,208.19433
1.288939,4,208.568059
0.884554,3,208.873836
1.144709,4,209.298285
0.882087,3,209.691436
2.448913,7,210.458535
0.577772,2,210.798777
0.440605,2,211.09812
0.553318,2,211.34436
0.885374,3,211.613653
0.946847,3,211.943394
2.13929,6,212.655452
1.649657,5,213.38913
-3.375138,5,213.805302
1.079231,4,214.289009
0.492067,2,214.519744
0.529083,2,214.895647
-3.608604,4,215.528514
0.706995,3,215.80142
0.553274,2,216.000818
1.710529,5,216.516669
1.604597,5,217.178968
0.520184,2,217.456152
0.950728,3,217.857725
1.507234,5,218.465586
0.452562,2,218.664531
0.336647,2,218.940665
0.551986,2,219.223499
0.326019,2,219.394109
0.558557,2,219.6933
0.554578,2,219.909864
0.926186,3,220.247449
0.53666,2,220.556274
0.560049,2,220.87076
0.54202,2,221.123242
0.542627,2,221.382489
0.725942,3,221.741978
0.540518,2,221.932223
0.533101,2,222.190733
0.56002,2,222.426839
0.527624,2,222.66297
0.338375,2,222.871218
0.511786,2,223.148576
2.154201,6,223.781031
0.729029,3,224.178374
0.542651,2,224.352125
0.492545,2,224.657013
-2.816047,6,225.38694
1.751565,5,225.917219
1.577059,5,226.504916
-3.093217,5,227.075043
1.663576,5,227.644979
0.546371,2,227.969573
0.380436,2,228.157231
0.859754,3,228.481694
1.553285,5,229.023787
0.567935,2,229.291245
0.519707,2,229.568379
0.514243,2,229.913165
1.2696,4,230.37319
1.165848,4,230.765794
-2.226282,7,231.626538
0.931924,3,232.095865
0.926561,3,232.383899
0.51447,2,232.679564
0.916509,3,233.003023
0.550008,2,233.19136
2.47848,7,234.08368
0.572727,2,234.497094
2.058619,6,235.224561
0.550318,2,235.464608
3.076901,8,236.520486
0.726181,3,236.898546
0.562501,2,237.128091
0.476028,2,237.361281
0.93219,3,237.867905
1.306689,4,238.49386
0.545615,2,238.739607
1.644375,5,239.305543
0.573121,2,239.515525
0.556555,2,239.716796
1.916417,6,240.616144
3.53854,8,241.663908
0.55676,2,242.013763
3.649174,9,242.877979
0.547629,2,243.165403
0.90038,3,243.634832
0.716395,3,244.033689
1.55764,5,244.650286
0.871178,3,245.030107
0.86518,3,245.49279
0.540064,2,245.78508
0.543801,2,246.0859
0.487497,2,246.298957
0.314532,2,246.587775
0.893466,3,246.904712
0.533882,2,247.124003
1.532032,5,247.639684
0.526384,2,247.920173
0.479131,2,248.132553
0.955364,3,248.542528
0.518754,2,248.889066
0.939418,3,249.266639
0.914174,3,249.584112
-3.478583,5,250.224813
0.518465,2,250.469723
0.891323,3,250.858282
0.537889,2,251.048657
-3.413259,4,251.542572
0.493561,2,251.838946
0.872139,3,252.200668
0.364597,2,252.395158
-3.511807,4,252.896827
0.552176,2,253.089805
-2.99416,5,253.766474
0.340808,2,254.002422
0.519721,2,254.270167
-3.403495,5,254.736454
1.610927,5,255.468915
0.562949,2,255.816245
-3.048485,5,256.396587
0.544506,2,256.573962
0.527676,2,256.88533
0.365979,2,257.209907
0.530746,2,257.474933
0.332752,2,257.801312
-3.693367,4,258.208256
0.518398,2,258.487063
1.235307,4,258.91069
0.320128,2,259.13115
1.955091,6,259.889911
0.324267,2,260.052836
0.872296,3,260.336941
1.584297,5,261.074134
2.667704,8,261.971074
0.455776,2,262.315429
-1.662125,9,263.50829
1.910801,6,264.459024
-2.777734,6,265.017704
0.330908,2,265.285787
0.737899,3,265.648527
0.525653,2,265.894312
1.637462,5,266.445742
1.245021,4,266.881466
1.474958,5,267.507911
0.857273,3,267.912354
0.364874,2,268.128302
0.550866,2,268.323871
0.527583,2,268.549964
0.90151,3,268.909492
-3.634624,4,269.41633
-3.064466,6,270.138917
1.516768,5,270.901433
2.879506,8,271.646026
0.535221,2,271.815642
1.936697,6,272.567028
0.353806,2,272.9046
0.536533,2,273.163475
0.32903,2,273.494052
0.544164,2,273.683856
1.682115,5,274.260577
-3.263842,5,274.967453
1.122431,4,275.330629
0.558473,2,275.594995
0.556755,2,275.936771
0.528835,2,276.208341
1.262826,4,276.591793
0.571496,2,276.807739
0.330726,2,277.066842
0.522397,2,277.338087
1.868992,5,277.972145
0.499795,2,278.205628
0.334388,2,278.45963
2.206983,6,279.198539
1.37384,4,279.62498
0.549924,2,279.862455
0.495464,2,280.125254
0.353437,2,280.343325
0.539129,2,280.588564
0.488505,2,280.849878
0.518235,2,281.196486
-3.138818,5,281.959046
1.223142,4,282.488162
1.249743,4,282.972156
0.877126,3,283.268495
0.34062,2,283.521675
0.369986,2,283.912892
0.534526,2,284.268674
-3.087388,5,284.935385
-2.827381,6,285.538255
0.540207,2,285.784304
2.083002,6,286.464565
0.928184,3,286.789532
-2.177415,7,287.604323
1.23246,4,288.087611
1.255699,4,288.66637
0.517766,2,288.91554
0.314829,2,289.16086
1.669078,5,289.818821
0.511331,2,290.081849
0.515062,2,290.329085
0.535229,2,290.600476
2.381882,6,291.444128
3.408374,9,292.418703
0.569045,2,292.678573
0.542954,2,292.943689
1.385142,4,293.608655
0.981343,3,294.025155
1.944552,6,294.756263
0.997383,3,295.082617
1.209496,4,295.594187
1.656736,5,296.18729
0.54382,2,296.412348
0.571531,2,296.671297
1.205852,4,297.161528
0.542741,2,297.38389
0.537108,2,297.663254
0.354215,2,297.918718
1.747365,5,298.644466
1.877308,6,299.216277
0.936679,3,299.485919
0.534612,2,299.695684
0.560411,2,299.868284
0.900949,3,300.18215
2.758699,8,301.161149
-2.236368,8,302.237107
1.913461,6,302.982288
1.324445,5,303.844526
0.343843,2,304.087229
0.566882,2,304.327484
0.538343,2,304.531395
0.514732,2,304.714607
0.555145,2,304.864899
1.536288,5,305.396244
1.672438,5,306.062224
0.535621,2,306.331322
0.542025,2,306.578663
0.974217,3,306.892868
4.099189,10,307.967649
0.544276,2,308.195525
0.493435,2,308.483604
0.942681,3,308.885326
1.18857,4,309.332091
-2.724595,7,310.229856
0.510151,2,310.451622
0.963847,3,310.868166
2.600295,7,311.746187
1.241908,4,312.238861
0.57073,2,312.538067
0.317396,2,312.818382
0.525921,2,313.018173
0.870233,3,313.398281
0.44679,2,313.727754
0.528905,2,313.954498
-3.199056,5,314.555257
1.701476,5,315.131145
0.337408,2,315.389908
0.5734,2,315.598381
0.929763,3,315.943937
0.323706,2,316.301586
0.522616,2,316.602162
0.92142,3,317.034692
-2.163555,7,317.770553
0.933761,3,318.102259
1.71687,5,318.635887
0.944062,3,319.006706
1.354228,4,319.544606
0.879257,3,320.037341
2.324739,6,320.734521
2.179023,6,321.43563
1.155511,4,321.971119
2.350711,7,322.908776
0.318902,2,323.118599
1.532314,5,323.798166
0.552277,2,324.13446
0.552467,2,324.381019
0.553664,2,324.636807
0.3141,2,324.871447
-3.169734,5,325.559027
0.537223,2,325.876065
0.561531,2,326.11476
0.917689,3,326.374049
1.587033,5,326.983649
1.183448,4,327.491846
0.336698,2,327.682517
1.66037,5,328.121856
0.538498,2,328.305773
0.52551,2,328.553595
0.345977,2,328.817178
0.528687,2,329.076078
0.352873,2,329.47602
-3.127878,5,329.881557
0.323658,2,330.197773
2.353439,6,330.887615
0.573763,2,331.116774
-2.413952,7,331.78675
0.96738,3,332.30116
2.522563,7,333.231806
0.457909,2,333.649014
1.282769,4,334.213463
0.537412,2,334.558866
2.123946,7,335.398909
0.562157,2,335.792809
0.931265,3,336.165649
0.535291,2,336.39697
2.255778,6,337.210523
0.558788,2,337.668984
1.819629,6,338.636469
0.534447,2,338.915099
0.344971,2,339.234718
0.547024,2,339.435438
0.534621,2,339.641049
0.526177,2,339.844002
0.533755,2,340.097194
0.520534,2,340.4844
0.978365,3,340.844444
0.527264,2,341.073598
-3.585027,4,341.801979
0.501736,2,342.032795
0.519092,2,342.347172
0.513945,2,342.560148
0.533255,2,342.763402
0.515131,2,342.946769
-2.608015,6,343.864419
0.849602,3,344.25525
0.487704,2,344.404892
0.932528,3,344.782547
0.540246,2,345.036822
0.541779,2,345.330166
0.501323,2,345.689674
1.276979,4,346.112906
0.849314,3,346.462756
1.067641,4,346.77403
1.918596,6,347.497072
0.466517,2,347.689062
0.544519,2,347.953974
0.490421,2,348.198336
0.553078,2,348.510591
-2.338013,7,349.559184
2.889246,8,350.463037
0.520166,2,350.658793
-3.661166,4,351.07813
0.517087,2,351.300622
0.475423,2,351.525346
0.550096,2,351.784953
0.542613,2,351.975006
0.530247,2,352.26791
0.883472,3,352.698678
1.765678,5,353.304592
1.505508,5,353.906168
0.924353,3,354.338861
-3.095139,5,354.871204
3.257507,9,356.04193
0.532691,2,356.246211
0.333439,2,356.474263
2.227287,6,357.152421
0.939948,3,357.456623
0.32552,2,357.807519
0.565607,2,358.063668
1.36781,4,358.433396
-2.735905,6,359.239395
0.557118,2,359.425287
1.973384,6,360.14328
0.349801,2,360.398766
0.527905,2,360.704212
0.511695,2,360.951248
0.534535,2,361.19214
2.707085,7,362.109419
0.716808,3,362.607923
0.528762,2,362.870118
0.90195,3,363.243714
0.939197,3,363.593393
-2.574834,6,364.306978
-0.310481,11,365.668727
1.31814,4,366.270204
0.455358,2,366.478467
0.52816,2,366.710534
0.513944,2,366.89314
0.544544,2,367.086149
2.043685,6,367.933944
0.951574,3,368.314672
0.537095,2,368.573756
0.558901,2,368.775682
0.457374,2,368.967635
1.99629,6,376.515609
2.404625,7,377.392549
0.500234,2,377.652691
0.807671,3,377.943905
0.548916,2,378.234504
0.914917,3,378.654238
0.559048,2,378.890138
0.522671,2,379.118165
-1.992395,7,379.814122
0.921608,3,380.182358
0.512114,2,380.52562
1.300832,4,381.100183
4.299903,10,382.075646
0.507861,2,382.259048
-3.021334,5,383.000749
0.518938,2,383.299645
0.54503,2,383.675998
-0.616791,11,384.988613
1.753084,5,385.70101
-2.685356,6,386.343039
1.662257,5,387.029952
0.48096,2,387.263081
0.518187,2,387.55971
0.508607,2,387.823662
0.54987,2,388.017994
0.519646,2,388.288361
0.496232,2,388.692328
0.544622,2,388.940168
0.76622,3,389.556449
2.109804,6,390.23594
0.51905,2,390.488631
0.910769,3,390.773673
0.987237,3,391.109362
1.579902,5,391.5592
0.537013,2,391.829601
-3.799215,4,392.270121
0.911853,3,392.666671
0.530035,2,392.913821
2.168086,6,393.746896
0.560436,2,393.925203
1.14157,4,394.431381
0.534113,2,394.784869
0.544515,2,395.215319
0.522935,2,395.401446
0.529278,2,395.733994
0.547263,2,395.931575
0.329987,2,396.162051
-2.374134,7,396.885778
1.615409,5,397.360124
0.373183,2,397.567467
0.55933,2,397.830384
0.910039,3,398.217691
1.606744,5,398.904779
1.93503,6,399.656426
1.274533,4,400.143856
0.545733,2,400.39091
-2.795937,6,400.957934
0.50644,2,401.236419
0.516467,2,401.506092
0.549945,2,401.723221
-3.074163,5,402.452018
0.918967,3,402.900872
0.548304,2,403.153443
0.545066,2,403.413866
0.311285,2,403.63872
0.505788,2,404.062686
1.338603,4,404.736336
1.787187,5,405.345788
0.545625,2,405.615727
1.772157,5,406.29469
1.814311,5,406.881083
-2.550516,7,407.72763
1.536578,5,408.270843
0.91284,3,408.679266
0.506685,2,408.893517
0.331265,2,409.138483
1.552792,5,409.661598
-2.877715,5,410.216641
-2.983144,6,410.862028
1.626445,5,411.42897
1.627662,5,412.189641
1.083199,4,412.657929
0.922508,3,412.987246
2.68694,7,413.776542
2.222638,7,414.583538
0.442585,2,414.940607
0.807269,3,415.270821
0.518996,2,415.564165
-2.662974,6,416.234328
0.901374,3,416.70716
0.529797,2,417.00488
2.88311,7,417.848288
0.529534,2,418.138023
0.509839,2,418.411228
0.495515,2,418.734862
0.531576,2,418.979952
-2.098299,7,419.978806
0.557838,2,420.254812
1.545643,5,420.931829
2.500464,7,421.884812
0.523032,2,422.206912
0.534477,2,422.41016
0.483076,2,422.66204
0.547382,2,422.930782
0.922362,3,423.302118
-3.707639,5,423.857219
1.374609,4,424.348816
2.521082,7,425.153684
1.494532,5,425.859825
0.94337,3,426.326161
2.054807,6,427.11306
1.614981,5,427.781068
0.507246,2,427.990462
0.534046,2,428.198563
0.529622,2,428.437046
0.336094,2,428.635964
3.132038,9,429.439065
0.749583,3,429.785702
0.863342,3,430.125763
0.540509,2,430.34807
0.53736,2,430.685581
0.528029,2,430.87057
0.538439,2,431.18717
-2.851674,5,431.852812
2.082213,6,432.768496
0.509076,2,433.120969
1.280034,4,433.632638
0.910379,3,433.929884
0.90207,3,434.272003
0.510824,2,434.528845
0.562123,2,434.820714
5.245899,12,436.837105
1.548469,5,437.408574
0.526705,2,437.669811
0.53363,2,437.90502
0.920397,3,438.296532
0.528853,2,438.519595
0.522076,2,438.854291
0.523531,2,439.186115
0.341177,2,439.470586
0.573521,2,439.702677
1.274528,4,440.152011
2.354966,7,441.125827
0.881488,3,441.489852
-2.620283,6,442.316579
1.790912,5,442.808055
0.525488,2,443.064266
0.531076,2,443.316679
0.533278,2,443.534728
-0.695155,10,444.654477
0.551741,2,444.891328
0.45775,2,445.17336
0.328409,2,445.402208
-2.539618,6,446.246367
0.318284,2,446.593057
0.533254,2,446.896363
1.192118,4,447.346823
0.56082,2,447.617453
1.640148,5,448.284438
0.492364,2,448.489675
0.86514,3,448.776994
-3.593357,4,449.408804
2.379739,6,450.165041
1.571004,5,450.741968
0.508949,2,450.993847
0.347079,2,451.233559
2.178764,6,452.060066
1.685217,5,452.834266
0.532247,2,453.121339
0.521685,2,453.326885
1.811036,5,454.056215
0.511408,2,454.242318
0.540099,2,454.471584
0.345156,2,454.817938
0.509848,2,455.063672
0.736791,3,455.411093
5.057871,13,456.945271
0.556206,2,457.2028
0.524738,2,457.453394
1.179166,4,457.848069
0.336231,2,458.242322
0.539205,2,458.438892
0.549259,2,458.722699
1.315929,4,459.055966
0.351417,2,459.239688
0.578813,2,459.430571
1.319772,4,459.847506
1.39492,5,460.504819
1.508269,5,461.104782
0.531834,2,461.479137
0.516943,2,461.717764
2.365635,6,462.610692
0.505463,2,462.909002
0.497257,2,463.17624
0.493586,2,463.475473
0.523899,2,463.70754
0.563887,2,464.017246
0.709438,3,464.51227
1.462199,5,465.170114
0.514912,2,465.422107
0.364623,2,465.625087
0.931803,3,466.135357
0.461263,2,466.460704
0.35385,2,466.766063
0.892376,3,467.28279
-3.391026,4,467.92109
0.772895,3,468.312448
0.50657,2,468.57598
0.846965,3,469.022258
-3.182173,5,469.734913
0.533721,2,469.931095
0.508182,2,470.151695
0.535765,2,470.391907
4.334453,11,471.63986
0.546803,2,471.88277
0.510695,2,472.206805
0.522848,2,472.504267
0.535787,2,472.696015
0.447516,2,472.872312
0.944702,3,473.358282
0.479909,2,473.62123
0.86142,3,473.946743
2.034816,6,474.480566
0.93654,3,474.864284
0.529141,2,475.223193
1.041894,5,475.805569
1.236042,4,476.367244
2.975396,8,477.343302
3.279821,9,478.357053
2.185728,6,479.010775
2.549962,8,479.960254
1.454333,5,480.564404
0.336273,2,480.803463
0.508023,2,481.071243
0.51824,2,481.293277
0.550884,2,481.543654
0.9355,3,481.937681
0.517021,2,482.206938
1.342961,4,482.835187
0.359319,2,483.096198
2.126205,6,483.738743
0.542818,2,484.031631
1.980146,6,484.795665
1.60544,5,485.491331
0.541153,2,485.651176
1.197402,4,486.193179
4.178154,11,487.48942
-0.670601,11,489.0502
0.545123,2,489.291472
1.475117,5,489.848618
0.554485,2,490.088414
0.331954,2,490.431713
2.231488,7,491.128836
-3.73205,4,491.646191
0.92564,3,492.018857
0.545769,2,492.276451
0.531879,2,492.57174
0.937952,3,493.015617
-3.137286,5,493.6123
1.620629,5,494.228745
0.535289,2,494.472864
0.517829,2,494.685297
0.520416,2,494.88449
1.275317,4,495.464696
1.510977,5,496.077643
1.341425,4,496.469327
1.61149,5,497.118881
1.312632,4,497.627294
2.021685,6,498.264612
0.323328,2,498.593425
1.692706,5,499.182624
0.551612,2,499.47455
0.547483,2,499.699977
0.568699,2,500.023727
0.538387,2,500.22186
1.942239,6,501.009842
1.717214,5,501.925923
3.961047,11,503.699762
0.549268,2,503.950693
1.840428,6,504.688279
1.529782,5,505.222591
1.504654,5,505.763421
0.347253,2,506.00446
0.527658,2,506.316986
0.527271,2,506.573134
-2.194777,7,507.426338
0.327221,2,507.691258
0.522846,2,507.90614
1.982163,6,508.586365
1.949555,6,509.4168
0.536551,2,509.739293
0.940582,3,510.087143
0.457313,2,510.30604
-3.099298,5,510.829273
0.351538,2,511.004221
1.002779,3,511.392396
0.475495,2,511.65697
0.51337,2,511.834553
1.823543,6,512.504685
0.326337,2,512.677979
1.83259,5,513.366281
0.460664,2,513.629151
0.453614,2,513.872837
0.912098,3,514.220556
0.488591,2,514.490468
0.848797,3,514.943186
0.910705,3,515.344301
2.413772,7,516.153943
0.783362,3,516.549327
-3.18759,5,517.134306
1.690909,5,517.807982
0.519527,2,518.092823
0.328381,2,518.654205
0.503251,2,518.915718
0.54102,2,519.336056
0.573013,2,519.646396
1.355294,4,520.065497
0.557762,2,520.233491
0.508848,2,520.58551
0.549123,2,520.940213
0.317829,2,521.295504
0.339289,2,521.507449
0.530431,2,521.823124
0.515324,2,522.089491
0.333527,2,522.321469
0.351787,2,522.599146
-1.842676,9,523.631788
0.518319,2,523.922785
1.307601,4,524.32204
0.501145,2,524.616083
2.499411,7,525.496464
1.897587,6,526.330337
0.541916,2,526.582785
1.261806,4,527.376231
-3.0455,5,527.977266
0.909378,3,528.391755
-2.808128,6,529.128422
0.52911,2,529.352283
0.506389,2,529.577655
0.522219,2,529.809228
0.904762,3,530.077132
0.334765,2,530.363928
0.532858,2,530.727225
2.573963,7,531.455579
1.57349,5,532.024177
1.160689,4,532.45473
2.305325,7,533.313992
1.502918,5,533.858164
0.576141,2,534.15522
-3.201713,5,534.871896
3.457138,10,535.906634
0.56041,2,536.202992
0.327753,2,536.468988
0.351494,2,536.629551
1.619289,5,537.120722
0.49612,2,537.371063
0.921237,3,537.742705
0.321593,2,538.051605
1.734802,5,538.655959
0.567481,2,538.869429
1.502641,5,539.493655
1.318618,4,540.033066
0.533295,2,540.230848
1.562385,5,540.922686
1.486317,5,541.383129
2.35934,7,542.30994
0.527027,2,542.652222
1.298787,4,543.174683
0.554537,2,543.360175
0.516499,2,543.563301
0.328107,2,543.844514
1.722786,5,544.439376
0.549263,2,544.743614
0.923389,3,545.116617
0.319199,2,545.42057
1.811206,5,546.113866
1.292841,4,546.605836
0.558442,2,546.771211
1.315626,4,547.182714
0.351352,2,547.535991
1.305481,4,548.067517
3.583525,10,549.260222
0.856617,3,549.612539
1.346066,4,550.220007
0.894751,3,550.538021
0.528154,2,550.775806
0.538559,2,551.086398
0.772417,3,551.441505
2.726377,7,552.125091
2.675833,7,553.057946
-3.502834,5,553.682381
1.806946,5,554.191772
0.533668,2,554.490658
0.559571,2,554.925365
0.461003,2,555.164257
2.842445,8,556.203628
-3.774604,4,556.727216
1.502419,5,557.477277
4.677136,13,559.788476
1.505577,5,560.3977
0.52245,2,560.745006
0.553041,2,561.040725
0.97667,3,561.533669
1.92338,6,562.335333
1.33241,4,562.819829
0.527742,2,563.077252
0.510399,2,563.383463
5.097208,11,564.608615
0.861046,3,564.938449
0.51427,2,565.177023
0.345064,2,565.426373
0.514552,2,565.659758
1.501191,5,566.50359
0.557373,2,566.69095
2.738237,7,567.588152
0.508355,2,567.883085
0.541557,2,568.142539
0.369047,2,568.358678
0.540576,2,568.649288
0.530286,2,568.790275
1.629606,5,569.490897
0.526741,2,569.762043
2.052477,6,570.384253
-3.178111,5,571.064304
0.527262,2,571.306114
1.295126,4,571.849475
0.512909,2,572.132547
0.534685,2,572.346609
0.944699,3,572.748613
1.49873,5,573.338907
2.000774,6,574.026887
0.484387,2,574.202088
1.671343,5,574.83485
2.031376,6,575.580063
0.530673,2,575.827395
0.514924,2,576.109377
2.175854,6,576.870148
1.716724,5,577.396308
0.331119,2,577.659227
0.55811,2,577.846557
0.480503,2,578.174797
1.105341,4,578.798381
0.497908,2,579.042726
0.566772,2,579.216963
2.387304,7,580.083426
0.870224,3,580.485343
0.540918,2,580.887033
0.463134,2,581.171256
0.934654,3,581.470954
1.327032,5,581.98808
1.682711,5,582.561198
0.536048,2,582.776755
0.553032,2,582.992361
1.33146,4,583.59536
0.731693,3,583.916032
2.139201,6,584.886694
0.911293,3,585.233826
3.147517,8,586.20335
2.493017,7,587.278536
3.406611,10,588.53792
0.853809,3,588.840087
0.801612,3,589.280311
0.531527,2,589.654974
0.504535,2,589.900297
-3.553501,4,590.306283
0.865632,3,590.615981
1.62049,5,591.225875
0.684825,3,591.645982
2.360044,7,592.26925
0.558434,2,592.550639
1.264369,4,593.110655
0.891426,3,593.580183
1.418693,4,594.041534
0.537462,2,594.228111
0.522405,2,594.501304
-3.439606,4,594.983795
0.528943,2,595.258878
0.528976,2,595.519874
0.500786,13,597.115314
0.524502,2,597.344359
1.816938,5,597.931385
1.444637,5,598.530262
0.50079,2,598.928952
2.248522,6,599.72325
0.527049,2,600.04795
1.292699,5,600.758605
1.197312,4,601.334629
0.516269,2,601.553999
0.550004,2,601.781002
0.53224,2,602.091439
0.540632,2,602.282127
0.524569,2,602.499529
0.517492,2,602.757731
2.57047,7,603.684844
1.258736,4,604.211879
0.541145,2,604.419306
0.542431,2,604.650448
0.5177,2,604.918724
0.341318,2,605.133125
0.536482,2,605.403711
1.269189,4,605.799436
0.525124,2,605.961318
1.675644,5,606.488843
0.534833,2,606.667646
2.343712,7,607.477499
0.86633,3,607.828992
2.976776,8,608.719607
0.578282,2,609.025582
0.493354,2,609.262874
0.882552,3,609.593513
1.854919,6,610.277566
1.098111,4,610.921592
2.41379,7,611.640561
1.666793,5,612.126226
0.535338,2,612.373653
0.517676,2,612.602587
0.924613,4,612.997074
1.226308,5,613.640859
0.520288,2,613.9091
0.456598,2,614.146531
0.929864,3,614.600416
1.625347,5,615.326484
0.955652,3,615.658497
2.211221,6,616.308844
-2.930646,5,616.816148
0.477897,2,617.090304
0.536208,2,617.320402
0.530236,2,617.622096
2.74631,8,618.716336
0.569878,2,618.912795
0.898594,3,619.298476
0.544191,2,619.629974
-1.26491,9,620.749839
2.12697,6,621.519271
0.351458,2,621.741301
1.598318,5,622.420185
1.343593,5,622.884723
0.563263,2,623.157643
1.549748,5,623.90191
0.514532,2,624.066727
1.157222,4,624.710068
1.742373,5,625.285025
0.560027,2,625.513272
-3.493929,4,625.974243
0.563744,2,626.298914
-3.105172,5,626.913947
0.528041,2,627.161506
1.159059,4,627.720988
0.487077,2,628.05322
0.537468,2,628.195878
0.532183,2,628.424481
0.510187,2,628.703868
0.862499,3,629.113005
0.55124,2,629.326173
0.521913,2,629.611547
0.531267,2,629.922829
0.576579,2,630.146878
0.870349,3,630.595518
0.537697,2,630.816366
-3.475629,4,631.382916
0.521085,2,631.645041
0.9241,3,631.934413
0.885205,3,632.270762
1.629731,5,632.788038
0.482865,2,633.079973
0.470293,2,633.34792
0.987721,3,633.677324
0.539467,2,633.838334
1.536591,5,634.335599
0.50201,2,634.593413
0.855554,3,641.334797
0.53483,2,641.657795
1.676766,5,642.332601
0.344705,2,642.539352
1.084064,4,642.925453
0.909628,3,643.353131
0.550223,2,643.58822
0.949765,3,643.980359
2.007896,6,644.771104
0.361731,2,645.056445
1.446243,5,645.68979
0.934763,3,646.129127
0.527366,2,646.430588
0.556317,2,646.666329
0.519796,2,646.920932
1.167706,4,647.392665
1.929245,6,648.203565
0.524732,2,648.398101
0.343055,2,648.638745
1.823667,5,649.27556
1.53505,5,650.002835
0.734296,3,650.350327
3.630758,9,651.36789
0.501704,2,651.703764
2.740433,8,652.732678
0.906992,3,653.061163
0.854335,3,653.3675
0.51915,2,653.562414
0.532049,2,653.783448
0.531063,2,653.998983
1.751313,5,654.631502
1.658969,5,655.327394
1.920484,6,656.054384
0.534551,2,656.233625
0.570106,2,656.491772
1.413161,5,657.123438
1.475959,5,657.763551
1.26717,4,658.325939
0.526333,2,658.516791
2.087959,6,659.280174
0.537126,2,659.56106
1.790191,5,660.128226
2.167426,6,660.809974
0.516419,2,661.023311
0.557077,2,661.320696
1.672486,5,662.042017
-3.011981,5,662.549844
0.563116,2,662.850548
0.53741,2,663.195688
0.502963,2,663.41773
0.456577,2,663.672732
0.34132,2,663.961639
0.337605,2,664.209042
1.327972,4,664.754634
1.380859,5,665.430966
0.338488,2,665.70636
2.221806,6,666.365565
0.545909,2,666.618912
0.860939,3,667.027156
0.552711,2,667.308758
0.521331,2,667.639207
0.955249,3,667.956546
0.96056,3,668.296162
0.355606,2,668.643753
1.236308,4,669.246645
3.742862,10,670.216713
0.501307,2,670.435402
0.907171,3,670.830784
2.052982,6,671.554356
0.971322,3,671.908278
0.333281,2,672.089286
2.406239,7,673.057001
1.329887,4,673.547204
2.034831,6,674.321693
-3.560695,5,674.913883
0.569232,2,675.220225
0.927147,3,675.637798
0.542574,2,675.904056
0.517204,2,676.255588
0.55886,2,676.585987
0.92799,3,676.88106
0.541981,2,677.071284
0.536675,2,677.367801
0.52669,2,677.619305
1.561786,5,678.286968
3.743719,10,679.454534
0.508054,2,679.644341
0.460702,2,679.819043
0.509375,2,680.087922
0.492529,2,680.276619
0.331579,2,680.470499
0.530841,2,680.739321
1.309008,4,681.18108
0.521167,2,681.497117
1.709304,6,682.513644
0.510914,2,682.823264
2.167741,6,683.787811
0.347113,2,684.075763
0.451049,2,684.31453
0.515378,2,684.583502
0.529062,2,684.767923
0.511939,2,685.02547
4.117336,12,686.515204
1.07968,4,687.062843
0.53713,2,687.28797
0.520064,2,687.562106
7.662525,19,689.549882
0.314495,2,689.926777
0.5421,2,690.269348
1.730975,5,690.877554
1.572822,5,691.511724
0.337252,2,691.781609
-3.080541,5,692.560956
0.532893,2,692.876633
0.948975,3,693.240718
1.755744,5,693.807889
0.531304,2,694.079613
1.514841,5,694.765061
0.894706,3,695.143494
0.335255,2,695.382856
0.914854,3,695.872461
0.334238,2,696.170497
0.829081,3,696.468304
0.556037,2,696.825024
0.503185,2,697.108816
2.107609,6,697.791021
0.471633,2,698.056616
0.913948,3,698.36494
0.53592,2,698.67055
1.054445,4,699.284448
1.636261,5,699.907987
2.138172,6,700.619972
0.913058,3,701.144283
1.726806,5,701.716197
0.513889,2,701.974931
0.520976,2,702.221846
1.279441,4,702.713089
0.567883,2,702.950683
2.159138,6,703.597228
0.522363,2,703.949215
-2.658161,7,704.757021
3.01899,8,705.773664
1.65063,5,706.637105
2.889225,8,707.387933
-3.153313,5,707.867285
0.499859,2,708.170166
-2.511125,6,708.878071
0.505987,2,709.236044
0.549409,2,709.536985
1.997898,6,710.246902
0.510389,2,710.456683
0.891526,3,710.7989
0.550591,2,710.981888
2.088148,6,711.573636
1.645767,5,712.147577
2.469361,7,713.0028
0.348438,2,713.227776
2.741703,7,714.021417
-2.510149,6,714.690605
0.535386,2,714.933526
2.596874,7,715.897872
0.544787,2,716.12869
-3.177917,5,716.785581
1.260135,4,717.186493
0.560293,2,717.462062
0.471246,2,717.706875
0.322943,2,717.926278
0.51834,2,718.171564
0.54289,2,718.429802
-3.549687,4,719.003949
0.50201,2,719.231929
0.513613,2,719.467067
-3.581248,5,720.041038
1.169345,4,720.544899
0.552832,2,720.764498
0.33825,2,721.045387
0.566685,2,721.312164
0.900025,3,721.640842
0.571108,2,721.84511
0.922073,3,722.228462
1.599665,5,722.777351
1.315585,4,723.323576
0.542511,2,723.581367
0.913392,3,723.88885
1.285278,4,724.251966
0.901306,3,724.766219
0.540377,2,725.038268
1.249773,4,725.422783
1.849927,6,726.165058
2.797544,8,727.113311
0.897085,3,727.477113
0.521843,2,727.670922
1.623747,5,728.319674
0.565468,2,728.488968
1.514679,5,728.992408
0.483857,2,729.221609
1.207936,4,729.66778
-0.888837,10,731.054868
0.588342,2,731.238891
0.528,2,731.49921
2.128804,6,732.265799
0.570594,2,732.481443
0.916694,3,732.858515
2.36753,7,733.452189
1.755182,5,733.973891
0.548094,2,734.28991
0.458239,2,734.5847
1.604581,5,735.289884
0.530905,2,735.533683
0.706229,3,735.916913
0.541005,2,736.105672
1.229505,4,736.609437
0.895054,3,737.194535
1.607674,5,737.679067
1.602022,5,738.131391
0.511608,2,738.356002
0.501824,2,738.602592
0.582457,2,738.824093
0.444246,2,739.024187
0.904363,3,739.445552
0.527106,2,739.706978
0.52735,2,739.950356
2.403496,7,740.772161
2.422589,6,741.479351
1.434561,4,741.920822
0.918157,3,742.380672
0.53794,2,742.599616
3.120546,8,743.524527
1.358579,4,743.973312
3.001187,8,744.894048
1.961132,6,745.651101
1.242412,4,746.025911
0.85183,3,746.485043
2.626015,7,747.529921
0.500832,2,747.730619
0.539816,2,747.971678
0.545429,2,748.259092
0.316687,2,748.549689
0.907718,3,748.946157
2.556887,7,749.782467
0.469595,2,750.108718
0.531198,2,750.367103
1.451007,4,750.969181
1.561869,5,751.502127
0.582142,2,751.820904
0.517567,2,752.038462
0.337341,2,752.430651
0.563355,2,752.692819
0.526159,2,752.854086
3.314346,8,753.889397
1.262842,4,754.276461
1.582319,5,754.835507
1.267897,4,755.270792
3.10325,9,756.096312
0.530479,2,756.397604
2.732359,8,757.442118
0.933942,3,757.79756
0.560218,2,758.069305
0.509113,2,758.311411
-3.204027,5,758.890033
0.364123,2,759.136981
0.902258,3,759.49753
0.930834,3,759.826059
1.642213,5,760.326151
1.364261,5,760.887271
0.525748,2,761.119502
0.847458,3,761.450256
0.563752,2,761.667663
0.516294,2,761.86167
2.325086,6,762.516132
0.836234,3,762.931959
1.227145,4,763.338156
0.51395,2,763.597426
0.474554,2,763.902923
0.557407,2,764.093665
-1.114049,10,765.110839
2.77444,7,765.918217
-3.146124,5,766.520601
1.294343,4,767.063776
0.50247,2,767.296579
2.391036,6,767.985464
1.262228,4,768.440862
0.795988,3,768.811793
0.542867,2,769.100443
0.927982,3,769.454422
1.347326,4,769.944221
2.594236,7,770.808378
-3.534282,5,771.376032
4.525765,11,772.549608
0.899261,3,772.921105
1.508391,5,773.568783
0.368397,2,773.800185
0.878965,3,774.107469
0.941309,3,774.490458
0.466923,2,774.669094
1.474807,5,775.266495
0.930582,3,775.681422
1.370438,5,776.261262
0.920825,3,776.574007
0.5249,2,776.78253
0.513218,2,777.106628
0.514442,2,777.41097
-3.502539,5,777.974617
0.539499,2,778.237285
-2.712131,6,778.878014
2.609624,7,779.506915
-3.386765,5,780.235965
0.501788,2,780.447187
0.86217,3,780.775091
4.145849,11,782.116278
0.92797,3,782.522532
0.363977,2,782.736712
0.491448,2,783.021794
0.565744,2,783.278251
-3.512805,4,783.828162
0.516254,2,784.101589
0.511679,2,784.379543
-1.344703,9,785.581767
0.886425,3,786.023863
1.863783,6,786.895922
2.222844,6,787.74386
-3.536981,4,788.237825
0.319941,2,788.551507
0.923108,3,788.898897
0.538347,2,789.250963
1.60144,5,789.992889
1.153404,4,790.594311
1.539499,5,791.267601
0.892818,3,791.57884
0.896023,3,791.923284
0.934891,3,792.347556
0.561039,2,792.645855
0.51821,2,792.826168
0.519489,2,793.132873
0.877015,3,793.52403
0.883813,3,793.826741
0.555166,2,794.132223
0.888536,3,794.482173
1.738851,5,795.014461
0.772623,3,795.322552
3.929864,10,796.41754
1.587589,5,797.020126
0.521372,2,797.241316
1.026978,4,797.725853
0.564096,2,798.068938
2.985572,8,799.0101
1.515728,5,799.663785
1.792477,5,800.247112
1.227265,4,800.614596
2.784636,9,802.008566
0.499298,2,802.231171
2.633947,7,802.96593
0.556509,2,803.15839
0.546693,2,803.401471
1.627331,5,804.01629
2.70258,7,805.045087
0.512868,2,805.301537
0.890157,3,805.683089
0.344958,2,806.021332
0.345738,2,806.221232
1.604502,5,806.858371
1.968156,6,807.528212
0.523833,2,807.833751
0.850797,3,808.231511
0.722544,4,808.69707
1.642644,5,809.265324
0.496604,2,809.469069
0.359703,2,809.683281
0.571081,2,809.968534
0.555228,2,810.19379
3.011049,9,811.209763
2.107146,6,812.170241
0.530338,2,812.387324
-2.195229,8,813.189706
0.332722,2,813.482677
0.551952,2,813.699539
0.933273,3,813.984426
0.527322,2,814.153107
-1.989897,7,815.026677
1.545467,5,815.525858
1.068054,4,816.044158
0.508024,2,816.269689
0.535094,2,816.576955
0.518314,2,816.790175
0.457986,2,817.104976
1.075019,4,817.745435
0.544463,2,818.04274
0.523093,2,818.233746
0.353855,2,818.619354
1.712313,5,819.348488
0.542751,2,819.593741
3.374084,8,820.555469
0.546964,2,820.804837
2.602565,7,821.564227
0.931466,3,821.950522
0.508858,2,822.186085
1.461845,5,822.772418
2.357913,6,823.389079
1.387766,4,823.79963
0.337399,2,824.130035
0.540607,2,824.370183
0.506211,2,824.595939
1.374417,4,825.127466
0.51684,2,825.407519
2.818374,8,826.69464
0.524082,2,827.049077
0.456083,2,827.313071
1.235361,5,827.928934
2.332879,7,828.939275
0.852301,3,829.354899
0.329251,2,829.597304
0.916053,3,829.935071
0.535825,2,830.134361
2.112876,6,830.83022
1.459369,5,831.423091
-3.455271,5,832.13127
-2.46778,6,832.976032
1.661987,5,833.580441
1.42711,5,834.191035
1.653617,5,834.832322
0.526189,2,835.002517
1.760935,5,835.494889
0.869871,3,835.982613
0.555036,2,836.195019
0.511709,2,836.451994
1.290322,4,837.00521
-1.807018,7,837.768768
2.256951,6,838.606502
0.512067,2,838.805079
1.179606,4,839.465533
0.533135,2,839.78603
0.509637,2,840.029474
1.31105,4,840.48791
0.510077,2,840.695616
0.53808,2,840.972909
0.508181,2,841.213899
0.336783,2,841.467427
2.934183,8,842.49353
1.39108,5,842.98787
0.754781,3,843.356091
-3.542279,4,843.886545
0.685427,3,844.214677
1.619945,5,844.815392
0.896434,3,845.110758
0.546574,2,845.307542
0.547943,2,845.504613
0.533273,2,845.758745
-3.563198,4,846.258154
0.32571,2,846.498356
2.83713,8,847.468469
1.309036,4,847.922735
0.546545,2,848.20231
0.901236,3,848.665433
2.088014,6,849.353559
1.956655,6,850.182831
0.548969,2,850.396585
1.115681,4,850.87043
2.757227,7,851.539886
1.46574,5,852.269569
2.145397,6,853.059155
0.571426,2,853.362899
0.934657,3,853.82535
1.263155,4,854.349675
0.551951,2,854.565857
1.224713,5,855.161308
-3.061129,5,855.665568
2.323749,7,856.32142
0.515414,2,856.585088
0.527496,2,856.817541
4.422528,11,858.186384
-3.277327,5,858.728892
1.340373,4,859.051324
-3.590315,4,859.550034
4.30038,11,860.994775
0.514612,2,861.277496
0.594904,2,861.522982
0.542699,2,861.773646
0.530798,2,862.020936
0.520381,2,862.223417
0.729568,3,862.62185
1.318432,4,863.028199
1.781242,5,863.661885
0.503319,2,863.907657
1.026273,4,864.372708
2.459964,7,865.410714
2.122747,6,866.261293
0.505183,2,866.486857
0.564882,2,866.733916
1.885919,6,867.666426
0.554795,2,867.944381
0.432122,2,868.246819
0.346877,2,868.465036
2.295721,7,869.480373
1.714516,5,870.165164
0.567746,2,870.3474
2.861361,8,871.404143
0.951829,3,871.8663
0.541844,2,872.12813
2.126577,6,872.97212
2.047507,6,873.801065
-1.390835,9,874.814001
0.546374,2,875.133951
0.554757,2,875.323131
-2.273192,8,876.266612
1.63762,5,877.092378
1.892911,6,878.149848
0.562722,2,878.581456
0.553346,2,878.837614
0.478741,2,879.214127
0.943734,3,879.704878
0.924148,3,880.042447
0.917449,3,880.420636
0.551919,2,880.732459
1.232287,4,881.165614
1.272494,4,881.606573
0.323478,2,881.816772
0.545374,2,882.083713
0.535517,2,882.275683
0.555808,2,882.530102
0.904311,3,882.802076
-1.999477,7,883.774393
1.951969,6,884.659096
0.343952,2,884.991194
3.026459,8,885.93654
2.442346,7,886.773118
2.167336,6,887.586441
2.414385,7,888.450047
1.124066,4,888.941504
1.667198,5,889.656891
2.692652,7,890.559512
0.535147,2,890.84645
0.91175,3,891.219584
0.461879,2,891.450891
0.534029,2,891.761548
0.861867,3,892.20115
0.915028,3,892.621461
1.185565,4,893.228476
0.325442,2,893.516892
0.537217,2,893.760595
0.507967,2,894.074612
0.344486,2,894.2743
0.539224,2,894.593332
0.550413,2,894.850567
3.102874,9,896.149606
5.247921,14,903.506334
0.513065,2,903.754691
1.284829,4,904.189971
0.912285,3,904.521352
0.509976,2,904.769191
0.357877,2,905.037788
1.296243,4,905.708233
2.206432,6,906.540309
0.529665,2,906.728446
-2.994762,5,907.23229
3.280359,9,908.245206
1.945302,6,908.91027
3.86944,9,909.862993
3.300025,9,910.773826
1.079888,4,911.155783
2.04304,6,911.867488
5.521413,13,913.217639
1.524456,5,913.798988
4.212175,11,914.832367
0.564259,2,915.061649
4.942153,14,916.561409
1.313567,4,916.944301
-2.555208,6,917.730593
3.835545,9,918.804415
0.908041,3,919.126773
2.654437,7,919.918863
3.957334,10,920.937447
2.16492,8,921.875319
0.501785,2,922.11531
3.087506,8,923.260159
0.533218,2,923.58172
1.995019,6,924.29031
1.22869,4,924.744173
3.598138,10,925.816196
2.099475,6,926.451714
0.483488,2,926.706029
2.620097,7,927.550505
1.28322,4,927.903689
-3.70454,4,928.425507
3.097167,8,929.336373
0.532935,2,929.507752
2.729964,8,930.475889
2.189979,6,931.184043
0.904753,3,931.598837
1.761794,6,932.298684
1.347281,4,932.882938
0.870197,3,933.263571
2.202394,6,933.907978
3.189458,8,934.821347
0.887526,3,935.244387
0.520154,2,935.497637
3.723141,9,936.682965
1.009145,3,937.038152
0.892543,3,937.313648
2.965467,8,938.26874
3.548851,10,939.29934
2.616174,8,940.184708
0.535616,2,940.492213
4.739179,12,942.035462
0.924225,3,942.367468
1.858495,5,942.929827
0.542245,2,943.23644
-3.543811,4,943.894874
1.224987,4,944.378446
-2.149753,7,945.035394
2.21686,6,945.813252
5.028742,13,947.087862
0.52365,2,947.315451
0.492249,2,947.496273
0.545112,2,947.727586
0.899374,3,948.025634
0.928145,3,948.354849
0.538028,2,948.56809
0.54306,2,948.865558
0.525976,2,949.064326
2.087581,6,949.597443
-3.527048,4,950.020283
3.615535,9,950.955683
1.300938,4,951.505943
0.563387,2,951.712546
0.50904,2,951.986886
0.496753,2,952.137581
3.112985,8,953.1183
0.892043,3,953.498468
0.918223,3,953.85266
0.525912,2,954.022396
0.336255,2,954.23883
0.508168,2,954.482328
2.411787,7,955.388962
1.856955,6,956.0589
1.253367,4,956.488783
0.882606,3,956.956004
2.077132,6,957.709174
1.500851,5,958.261399
0.537152,2,958.494374
0.547532,2,958.740772
1.768284,5,959.296926
1.550759,5,959.854081
0.551603,2,960.098612
0.975616,3,960.453481
2.59682,7,961.216175
1.389423,5,961.751802
0.531542,2,961.971475
0.530539,2,962.209661
1.142357,4,962.659517
3.544347,9,963.713451
0.504275,2,963.995144
-1.530264,9,964.959473
0.548059,2,965.192325
0.540432,2,965.379581
2.404078,7,966.120606
1.642818,5,966.588428
1.694286,5,967.244881
-2.165105,7,968.259688
0.916822,3,968.521274
1.226328,4,968.898023
1.312494,4,969.405592
1.2243,4,969.899225
0.543764,2,970.271538
1.604193,5,971.017677
2.872505,8,971.775605
4.683989,12,973.122151
1.757645,6,973.728789
1.534509,5,974.332049
1.181241,4,974.766976
0.505957,2,975.059085
-2.781674,6,975.847705
1.760992,5,976.557056
3.217658,9,977.552615
-3.516363,4,977.922893
0.529812,2,978.143899
0.500874,2,978.40042
3.93214,11,979.774688
0.530749,2,979.964225
2.816996,8,980.811506
0.510614,2,981.053109
4.44994,12,982.283154
2.447299,7,983.044031
1.831559,5,983.578878
4.657327,12,984.789746
2.769515,8,985.642273
0.583936,2,985.95971
-2.836348,6,986.79736
1.780433,5,987.29098
2.101961,6,987.884291
0.852946,3,988.22456
0.52267,2,988.470498
-3.190553,5,988.929517
-2.49589,6,989.576443
2.585836,7,990.405857
2.427918,7,991.270042
1.70248,5,991.883336
2.580005,8,992.829657
2.991163,9,993.759814
1.543815,5,994.164774
0.55056,2,994.366118
0.536663,2,994.605489
0.550153,2,994.909383
2.616142,7,995.824578
2.429994,7,996.740887
0.351793,2,996.952982
0.492991,2,997.225981
3.077287,9,998.310663
1.625174,5,999.091395
-3.016706,5,999.721124
3.595305,10,1000.80198
3.236342,8,1001.656346
-0.399038,11,1002.779932
1.257868,4,1003.196549
2.436959,7,1003.974457
2.588482,7,1004.735432
-2.308259,7,1005.612885
0.589367,2,1005.86445
0.350658,2,1006.088559
0.746369,3,1006.40843
1.71291,5,1006.944328
3.524851,10,1007.992988
0.982175,3,1008.383368
4.244578,11,1009.718463
0.548454,2,1009.948478
0.551183,2,1010.265408
3.383047,10,1011.321692
0.948535,3,1011.58036
0.56647,2,1011.803018
0.531533,2,1012.008358
0.552536,2,1012.316642
0.529168,2,1012.538927
0.540403,2,1012.719209
0.932159,3,1012.976257
1.571029,5,1013.462266
0.82385,3,1013.770712
-0.729893,11,1014.918818
0.89542,3,1015.174355
0.348309,2,1015.463093
0.546564,2,1015.721262
0.909847,3,1016.052284
1.711549,5,1016.695031
-3.161631,5,1017.288741
2.402536,7,1018.167385
2.825022,7,1019.071334
2.896282,8,1019.810913
2.169493,6,1020.615668
4.263915,11,1021.758804
0.53846,2,1021.946773
0.481581,2,1022.190534
0.535458,2,1022.543228
0.518845,2,1022.799469
3.038471,8,1023.684412
0.49315,2,1023.920397
0.933668,3,1024.233582
1.04719,4,1024.668991
0.553857,2,1024.914984
1.247825,4,1025.478085
6.180494,16,1027.320724
4.213083,12,1028.491602
2.495345,7,1029.28319
1.678678,5,1029.859351
0.915987,3,1030.160268
1.188757,4,1030.603979
2.609723,7,1031.252224
0.495585,2,1031.427524
0.515354,2,1031.664316
2.121037,6,1032.303075
0.90009,3,1032.602902
2.038681,6,1033.217018
4.785128,12,1034.72272
1.750529,5,1035.259913
2.455548,7,1035.891141
1.445852,5,1036.369981
2.996391,8,1037.17086
3.131093,9,1038.350728
4.222204,10,1039.384892
0.573698,2,1039.619375
0.522275,2,1039.879024
0.578986,12,1041.390291
0.933393,3,1041.765531
0.556656,2,1041.965357
1.588136,5,1042.609545
0.521231,2,1042.89981
0.915119,3,1043.249859
1.586994,5,1043.728415
0.554051,2,1043.944292
2.949287,8,1044.866544
1.379587,4,1045.307425
0.543975,2,1045.564129
0.925277,3,1046.006855
0.913654,3,1046.377424
1.69471,5,1046.960263
-3.061299,5,1047.646479
0.452333,2,1047.904487
3.271152,9,1048.821464
1.995685,6,1049.49433
1.657994,5,1050.105216
0.528655,2,1050.4439
0.553542,2,1050.721008
0.564977,2,1051.027258
0.510241,2,1051.265165
1.679008,5,1052.049989
2.095628,6,1052.81447
1.602646,5,1053.33539
2.101018,6,1054.046665
2.90563,8,1055.086574
0.870416,3,1055.381792
2.222736,6,1056.086567
2.376285,7,1057.021232
0.528988,2,1057.240181
0.853637,3,1057.554383
2.314001,7,1058.255645
1.744561,5,1058.766553
1.616615,5,1059.38961
0.54178,2,1059.728657
2.213378,6,1060.543319
4.142532,11,1062.146189
4.863915,13,1063.567201
2.468814,7,1064.428133
1.298253,4,1065.00107
-2.119074,7,1065.939109
0.540025,2,1066.217993
4.3789,11,1067.547532
1.707489,5,1068.073468
0.519213,2,1068.345932
2.230409,7,1069.467789
-2.879609,5,1070.399446
3.172967,9,1071.697262
0.894436,3,1072.062228
1.272354,4,1072.394022
1.504293,5,1072.8463
0.957773,3,1073.176522
-3.445134,5,1073.816133
1.931722,6,1074.415866
0.511203,2,1074.732342
3.573612,9,1075.898604
1.963249,6,1076.615189
2.622891,7,1077.399933
0.568096,2,1077.752949
5.066835,12,1079.28468
0.536153,2,1079.464435
0.487433,2,1079.658437
1.815666,5,1080.225623
2.103823,6,1080.842314
0.524203,2,1081.085207
1.665809,5,1081.757276
0.521298,2,1082.151591
0.538246,2,1082.490285
6.980923,18,1084.261961
0.887412,3,1084.545019
1.687419,5,1085.152551
-1.310194,9,1086.199318
2.622742,8,1087.216105
1.691546,5,1087.797049
0.544653,2,1088.021777
2.677557,7,1088.814404
1.559449,5,1089.491073
-3.046508,5,1090.17026
1.232828,4,1090.731654
3.95966,10,1091.885095
0.512979,2,1092.142894
2.349294,6,1092.751796
1.501634,5,1093.250178
2.218266,6,1093.987742
0.32366,2,1094.236809
-3.618159,4,1094.688544
0.86351,3,1095.043103
2.159569,6,1095.77675
-2.440285,8,1096.813981
1.392902,4,1097.175192
-1.642116,8,1098.052319
2.448999,7,1098.909871
3.031022,8,1099.822538
0.341391,2,1100.007467
0.533685,2,1100.350156
2.174149,6,1101.010812
0.338567,2,1101.324687
2.823502,8,1102.242092
0.861211,3,1102.579909
0.511587,2,1102.794459
3.384927,9,1103.998807
3.066064,9,1105.010657
4.231205,12,1106.406988
1.73902,5,1106.930354
0.528084,2,1107.20591
-1.583011,10,1108.286609
0.333723,2,1108.474319
1.167084,4,1108.883489
0.545913,2,1109.095459
1.754727,5,1109.664427
1.627558,5,1110.322707
1.895747,6,1111.051727
0.458762,2,1111.246752
0.890365,3,1111.865953
0.534887,2,1112.093707
-3.02318,5,1112.651863
1.564896,5,1113.336166
2.233717,6,1113.997438
0.921404,3,1114.414088
0.520823,2,1114.670276
5.421825,15,1116.503701
0.525101,2,1116.728654
1.935564,6,1117.423714
0.536039,2,1117.597713
0.535336,2,1117.89831
0.535656,2,1118.124794
0.891091,3,1118.412441
6.424177,15,1120.191565
1.192933,4,1120.638396
0.962183,3,1120.968098
0.523451,2,1121.248516
0.491758,2,1121.536134
2.307429,6,1122.26388
3.26742,9,1123.286827
2.093184,6,1123.895639
2.517573,8,1124.843
2.256998,6,1125.459409
0.543874,2,1125.790877
0.522233,2,1126.019728
1.56836,5,1126.640966
2.503622,7,1127.414547
1.269832,4,1127.94995
2.257258,6,1128.659606
-3.56045,4,1129.087135
3.078923,9,1130.122182
0.558354,2,1130.453183
0.51377,2,1130.672273
0.50176,2,1130.892756
1.302157,4,1131.299425
0.543546,2,1131.516919
2.981665,8,1132.515785
0.546908,2,1132.781677
-1.918963,7,1133.534782
1.588041,5,1133.97791
0.537835,2,1134.215905
0.538806,2,1134.550577
4.114634,11,1135.874753
-2.884969,6,1136.49742
1.36084,4,1136.933507
-3.577751,4,1137.286322
1.346042,4,1137.826111
1.278471,4,1138.345722
2.023499,6,1138.990457
0.506057,2,1139.236671
1.306886,4,1139.652127
0.476311,2,1139.920682
3.559478,10,1147.262013
2.633347,8,1148.21779
2.174519,6,1148.900241
1.787799,5,1149.43855
1.977758,6,1150.155456
-3.701579,4,1150.624913
1.120713,4,1151.004287
4.307373,12,1152.518743
5.913637,15,1154.149813
5.275075,13,1155.709512
4.241319,11,1157.084342
2.421619,7,1157.820551
1.514525,5,1158.48662
3.333925,9,1159.613131
2.344396,7,1160.427271
3.643295,10,1161.50572
3.051534,8,1162.492142
0.907327,3,1162.808815
-3.061886,5,1163.429061
5.464207,14,1164.955398
1.36509,4,1165.394364
0.551408,2,1165.652076
3.916352,12,1166.74879
0.930921,3,1167.072336
2.049488,7,1167.954668
1.378988,4,1168.377318
8.597517,22,1170.511566
-2.915563,5,1170.975448
2.40931,7,1171.766537
0.534156,2,1171.97227
3.933825,11,1173.186505
0.550357,2,1173.472704
1.293973,4,1173.88693
3.881553,10,1174.853534
0.875523,3,1175.260975
3.199554,9,1176.332967
5.076878,14,1177.833163
2.686188,7,1178.599914
2.237646,6,1179.347331
0.968981,3,1179.642699
1.177328,4,1180.079765
1.546833,5,1180.697857
-3.405512,5,1181.131471
3.888022,10,1182.336539
0.853421,3,1182.617834
1.294823,4,1182.932257
1.685731,5,1183.462853
0.557318,2,1183.761657
0.513483,2,1184.076888
3.114051,9,1185.174742
0.962185,3,1185.465852
0.469763,2,1185.691432
0.546107,2,1185.940122
4.683753,12,1187.159604
0.502002,2,1187.342501
5.330146,14,1188.766999
3.51268,10,1190.02152
2.635767,7,1190.777074
2.575658,7,1191.647855
3.252227,9,1192.757004
-2.966271,5,1193.545155
1.748941,5,1193.997314
0.573693,2,1194.351857
0.57578,2,1194.714036
0.540176,2,1194.98104
4.661854,11,1196.11589
2.09366,6,1196.726953
2.813909,8,1197.571906
1.501704,5,1198.229272
0.455242,2,1198.492261
3.107547,9,1199.727046
4.349646,12,1200.946297
0.529084,2,1201.226244
3.946308,10,1202.130707
0.54393,2,1202.309974
-3.089799,5,1202.789636
1.680137,5,1203.322397
1.213461,4,1203.632231
6.487147,15,1205.252318
2.199416,7,1206.031466
1.669728,5,1206.532951
2.012387,6,1207.223457
-3.016576,5,1207.659622
3.666812,9,1208.58736
1.585844,5,1209.081624
3.19063,9,1210.150609
2.392227,7,1211.039425
0.757378,3,1211.414697
1.864634,5,1211.856493
0.905318,3,1212.217147
2.134998,6,1212.889232
2.020292,6,1213.497493
3.216492,8,1214.257434
1.445028,5,1214.850247
1.345812,4,1215.164724
2.39884,7,1215.900899
-2.41386,7,1216.517205
4.064643,11,1217.756039
3.846634,10,1218.956917
1.565055,5,1219.434332
0.568831,2,1219.66216
0.542577,2,1219.88121
2.897843,8,1220.62916
-3.620641,4,1221.028921
-3.004754,5,1221.700719
3.096495,9,1222.652488
1.641848,5,1223.190377
-3.096348,5,1223.679602
2.609231,7,1224.415787
2.692539,7,1225.153823
0.903151,3,1225.556734
0.97573,3,1225.978926
0.510772,2,1226.283522
2.449635,7,1226.98653
2.069896,6,1227.587851
0.471892,2,1227.803354
0.549119,2,1228.030239
2.255472,6,1228.670066
0.528166,2,1228.8939
0.882186,3,1229.240942
0.545162,2,1229.462011
4.58988,13,1230.831105
0.529917,2,1231.01544
0.545939,2,1231.184722
0.563401,2,1231.350135
1.639396,5,1231.919227
4.853745,14,1233.968633
3.031188,8,1234.722664
-2.815003,6,1235.364248
5.059103,13,1236.782433
1.518638,5,1237.2538
0.524987,2,1237.508308
2.810047,8,1238.435034
0.954149,3,1238.795462
1.797486,5,1239.253182
3.429256,9,1240.264476
1.418946,4,1240.807223
1.319309,4,1241.132508
1.787333,5,1241.654043
2.158905,6,1242.144245
0.542444,2,1242.338808
0.516244,2,1242.635721
0.525252,2,1242.803608
0.547038,2,1242.993093
3.240396,9,1244.14188
-0.073097,13,1245.444707
1.80827,5,1246.053459
2.582632,7,1246.885478
1.64158,5,1247.347149
0.521945,2,1247.562747
0.51566,2,1247.859665
2.546053,7,1248.517163
0.902592,3,1248.780143
2.386948,7,1249.709638
4.308006,11,1250.81697
0.561853,2,1251.064316
1.224368,4,1251.426352
-0.55338,11,1252.486488
0.542556,2,1252.721735
2.872544,8,1253.79087
3.726077,10,1255.000396
0.507039,2,1255.189367
2.105778,6,1255.822422
0.536929,2,1256.076868
3.840987,9,1256.945407
5.807143,14,1258.352303
-2.229337,7,1258.98121
0.534354,2,1259.219627
2.065996,6,1259.753508
3.784758,10,1260.705673
1.298289,4,1261.185211
3.863437,11,1262.341937
1.636789,5,1262.820214
0.519305,2,1263.030011
0.933413,3,1263.276503
2.088981,6,1263.823844
0.909444,3,1264.152426
0.898849,3,1264.500353
0.521174,2,1264.800153
-2.64866,6,1265.396536
3.101871,9,1266.277457
0.53291,2,1266.5432
4.6785,12,1267.8828
1.326568,5,1268.484869
0.554979,2,1268.639148
0.90402,3,1269.024057
2.778044,8,1269.860883
2.645999,8,1270.680697
0.473852,2,1270.839612
3.556829,9,1271.998486
4.200741,11,1273.571315
1.738402,5,1274.201593
0.537041,2,1274.436871
5.764031,14,1276.022059
-2.387265,7,1276.653748
0.564449,2,1276.908005
0.542084,2,1277.130563
2.237723,7,1277.81202
0.899584,3,1278.169784
0.526528,2,1278.419509
1.282918,4,1278.979177
1.261644,4,1279.520893
1.593648,5,1280.06557
0.506466,2,1280.233028
0.514281,2,1280.421898
2.663098,7,1280.998325
1.323438,5,1281.525994
0.520932,2,1281.758713
2.735155,8,1282.490281
2.172916,6,1283.22841
-2.303034,7,1284.103531
0.482711,2,1284.310155
0.519651,2,1284.498675
0.543117,2,1284.780115
0.452305,2,1285.061178
0.51805,2,1285.289366
3.761086,10,1286.37403
2.613211,7,1287.288349
1.178117,4,1287.762963
2.51043,7,1288.745578
3.436534,9,1289.853169
1.72354,5,1290.336924
4.222329,12,1291.604162
3.160583,8,1292.440343
0.544069,2,1292.665279
2.482275,7,1293.303264
-3.539518,4,1293.821707
0.524178,2,1294.073901
1.338266,4,1294.476202
1.57124,5,1294.949391
0.539034,2,1295.119813
1.288045,4,1295.500636
0.54124,2,1295.787338
-2.790706,6,1296.509802
0.556494,2,1296.807493
2.956667,8,1297.583003
3.016875,8,1298.352541
1.732713,5,1298.84224
2.371713,7,1299.497119
1.280822,4,1299.990009
2.639327,7,1300.812018
2.928977,8,1301.742
2.243153,6,1302.40357
-2.631552,6,1303.062618
2.07662,6,1303.76958
2.419101,7,1304.49832
1.221756,4,1304.948817
2.083197,6,1305.636533
4.175514,11,1306.891354
4.460199,11,1308.319377
-2.482649,6,1308.962377
0.544277,2,1309.195818
0.52102,2,1309.406493
0.770689,3,1309.84163
6.045629,16,1311.541602
0.531636,2,1311.848174
0.538886,2,1312.040618
1.724739,5,1312.486312
6.591191,18,1314.711549
3.604059,9,1315.738761
1.605437,5,1316.247526
1.352818,4,1316.613018
0.534069,2,1316.830527
3.151669,9,1317.857825
3.013376,8,1318.783063
1.084439,4,1319.26891
-3.004837,5,1319.737459
0.518955,2,1320.003588
3.038717,8,1320.984512
0.520305,2,1321.323207
0.547005,2,1321.554799
1.6152,5,1322.178799
2.169744,6,1322.848707
2.617713,7,1323.593016
0.576173,2,1323.804175
2.911296,8,1324.62084
5.591937,16,1326.377458
0.538071,2,1326.648817
4.241291,12,1327.83978
4.600165,13,1329.142228
1.319925,4,1329.574947
0.358439,2,1329.815569
1.685759,5,1330.366391
4.31085,11,1331.43726
3.029508,9,1332.356344
0.534277,2,1332.643515
3.451276,9,1333.468789
2.635544,7,1334.232803
0.463701,2,1334.512702
4.12134,10,1335.77156
0.889816,3,1336.052574
0.517202,2,1336.207416
0.933882,3,1336.525972
1.935191,6,1337.246095
2.842721,7,1337.858457
1.799506,5,1338.33656
1.273029,4,1338.697384
1.612082,5,1339.228418
1.404108,4,1339.713479
2.177641,6,1340.467855
1.218034,4,1340.932692
0.544924,2,1341.21051
0.503999,2,1341.459105
2.437511,7,1342.151706
0.913755,3,1342.513979
0.540457,2,1342.713033
5.445373,13,1343.988825
0.978636,3,1344.439418
0.522663,2,1344.687993
2.036312,6,1345.288873
2.30623,6,1345.909958
2.231322,6,1346.491629
0.567969,2,1346.701743
0.565478,2,1346.914369
3.491223,10,1348.093421
2.098613,6,1348.673305
1.353702,5,1349.260906
0.545547,2,1349.490872
2.187046,6,1350.180288
0.895943,3,1350.597657
1.213437,4,1350.999966
1.958525,6,1351.686097
0.565267,2,1351.840555
1.289195,4,1352.286729
-3.61105,4,1352.690749
2.930268,8,1353.772865
1.546059,5,1354.34133
0.538549,2,1354.584533
0.481261,2,1354.877079
2.872386,8,1355.85657
1.998824,17,1357.373204
3.376928,9,1358.441437
0.926033,3,1358.79601
1.762478,5,1359.315676
0.533603,2,1359.64882
0.582515,2,1359.951931
0.531441,2,1360.222654
2.288855,6,1360.748458
0.523891,2,1360.968203
3.362497,10,1362.141006
2.32488,7,1362.862597
4.267349,11,1364.066303
0.552697,2,1364.285655
3.345016,9,1365.388901
0.475973,2,1365.574735
0.906668,3,1365.956074
1.261313,4,1366.348031
0.47915,2,1366.686877
0.84383,3,1366.995394
-1.917821,7,1367.946582
0.535811,2,1368.194722
4.252279,11,1369.512803
1.318597,4,1370.069154
0.557514,2,1370.338175
4.228543,10,1371.783092
1.72547,5,1372.309075
2.594788,7,1373.030616
1.347737,4,1379.582886
0.929351,3,1379.848326
0.50814,2,1380.03065
3.329495,9,1380.958661
5.375639,14,1382.390378
1.621145,5,1383.029839
1.110389,4,1383.616644
1.543793,5,1384.168716
4.017752,11,1385.533648
3.500801,10,1386.86735
1.308028,4,1387.265765
4.750952,12,1388.487004
3.947104,11,1389.644775
0.875389,14,1391.339735
5.760732,16,1393.047703
1.372056,4,1393.518024
0.544004,2,1393.716556
5.024459,13,1394.916598
0.909614,3,1395.239251
6.390619,16,1396.893639
0.566258,2,1397.133208
6.502177,17,1398.754373
3.807905,10,1400.005971
7.961964,22,1402.139363
0.596407,14,1403.699555
3.073793,9,1404.636452
1.397603,4,1405.06537
2.526191,7,1405.928294
5.745289,16,1407.851336
-2.3891,7,1408.935502
2.960071,9,1409.867821
0.92986,3,1410.14361
3.13627,8,1411.108017
3.466865,9,1412.136702
2.594531,7,1412.882593
9.124928,25,1415.654646
1.752649,5,1416.415984
4.100354,11,1417.473283
3.513793,9,1418.560157
2.865519,8,1419.547407
3.781,10,1420.85598
1.836521,5,1421.384514
0.559175,2,1421.646357
5.227286,12,1423.063406
2.193233,6,1423.823731
1.295422,4,1424.147574
-2.986267,5,1424.668166
3.223527,9,1425.439095
1.352818,4,1425.910437
3.522578,9,1426.891867
2.178698,6,1427.52427
6.599084,19,1429.854757
13.157118,35,1433.468526
4.872715,12,1434.871026
2.168563,6,1435.629336
2.333852,7,1436.4319
4.912592,12,1437.752812
2.539457,7,1438.534636
6.821863,19,1440.589665
2.465894,7,1441.216673
0.267265,14,1442.685263
5.161755,14,1444.05684
6.50475,18,1446.102726
2.515013,7,1446.806985
0.485507,2,1447.029719
1.269182,4,1447.594402
4.367792,12,1448.819939
5.398868,15,1450.3794
0.519449,2,1450.545655
0.521751,2,1450.740461
0.540449,2,1450.959218
0.52913,2,1451.28208
6.468995,18,1453.270646
2.070057,6,1453.948151
0.894269,3,1454.257487
5.307427,15,1456.062635
3.796866,10,1457.175814
3.212983,9,1457.974854
2.580462,7,1458.826403
2.010856,6,1459.507601
0.542072,2,1459.698308
2.626817,7,1460.535546
2.083685,6,1461.108997
4.198421,10,1462.063146
0.513606,2,1462.281317
2.104645,6,1462.980299
2.474685,7,1463.812183
7.636811,21,1465.817037
2.912994,8,1466.747487
2.278003,6,1467.276593
4.393519,11,1468.336602
2.182337,6,1468.914016
2.832168,7,1469.603627
1.814823,6,1470.111961
2.635692,7,1470.874318
6.663139,17,1472.507974
2.41805,7,1473.264478
5.313416,13,1474.398372
1.546477,5,1475.003188
1.689962,5,1475.487866
2.365459,7,1476.26879
6.89783,19,1478.648926
1.910601,6,1479.368115
7.076534,32,1482.607033
1.646367,5,1483.160298
0.525723,2,1483.348604
1.365943,4,1483.786587
3.925287,10,1484.821461
0.546,2,1485.090354
1.667802,5,1485.63957
4.439423,12,1486.881649
3.623688,10,1487.973229
5.743787,14,1489.302498
4.38713,12,1490.550318
4.953265,14,1492.046468
1.773686,5,1492.413354
0.528841,2,1492.640975
2.712963,7,1493.390254
2.090373,6,1493.871461
1.582955,5,1494.552949
1.73733,5,1495.175468
4.39204,11,1496.379093
2.435627,7,1497.20399
-3.54591,4,1497.573897
0.934497,3,1497.95647
3.920465,10,1499.094557
0.532539,2,1499.292333
1.495279,5,1499.721699
2.069901,6,1500.452451
4.92061,13,1501.708939
0.910709,3,1502.011385
3.263036,9,1502.819795
6.597401,19,1504.781573
1.296812,4,1505.311831
6.617623,15,1507.015384
3.456713,9,1507.974627
5.582664,15,1509.403785
2.497738,7,1509.983085
3.668217,10,1511.035226
0.533974,2,1511.257629
1.279211,4,1511.623016
0.531644,2,1511.831589
2.045729,6,1512.662634
1.785852,5,1513.077933
3.459606,9,1513.958399
3.860422,10,1515.156878
0.956663,3,1515.498856
4.720066,12,1516.676016
2.247413,6,1517.339884
5.57347,14,1518.685478
4.214777,10,1519.902055
4.988097,12,1521.17614
7.79374,22,1523.248434
-3.066241,5,1523.842993
1.448055,5,1524.40035
1.700034,5,1524.941076
3.333268,10,1526.113944
-2.564991,6,1526.769824
4.141891,11,1527.86783
1.2962,4,1528.387596
0.514288,2,1528.604266
2.438592,7,1529.312557
3.134388,9,1530.350384
1.187744,4,1530.892323
4.671463,12,1532.084408
4.93824,12,1533.457344
4.898279,13,1534.964347
2.533584,7,1535.730369
4.98189,13,1536.865796
4.936957,13,1538.043796
2.926527,8,1538.785396
6.888219,18,1540.561613
3.824014,10,1541.491637
2.101884,6,1542.052596
0.930311,3,1542.348848
1.702609,5,1542.871989
1.668003,5,1543.530491
3.096684,8,1544.495842
2.476166,7,1545.382777
0.487793,2,1545.544135
3.034477,20,1547.538166
6.415233,17,1549.251971
1.671165,5,1549.842733
1.665105,5,1550.373298
-0.815151,10,1551.280753
1.299916,4,1551.649402
5.566597,15,1553.148128
0.904807,3,1553.442434
1.967447,6,1554.080846
1.726128,5,1554.514345
0.558833,2,1554.813389
2.482502,7,1555.592133
0.546839,2,1555.784995
2.057099,6,1556.467053
2.264421,6,1557.106904
5.862189,16,1558.591964
1.374484,4,1559.073245
2.076495,6,1559.680327
7.785312,19,1561.628339
1.723225,5,1562.126578
1.311098,4,1562.72514
3.597764,9,1563.620572
0.57603,2,1563.847097
1.612523,5,1564.45227
2.570346,7,1565.071174
3.098375,8,1565.945057
4.411199,10,1566.929143
5.875633,16,1568.572537
0.548744,2,1568.952543
4.391249,11,1570.211848
2.221736,6,1570.777692
1.346501,4,1571.161952
1.184601,4,1571.631784
5.574156,15,1573.032312
0.705726,14,1574.324448
1.351593,4,1574.709462
8.848559,23,1576.945359
-3.049018,5,1577.406691
3.064549,8,1578.241983
-0.525545,12,1579.28023
0.511209,2,1579.511147
5.895233,15,1581.065766
3.259783,8,1581.932992
1.670293,5,1582.426206
0.315576,2,1582.631477
1.397212,4,1583.068611
-2.25625,7,1583.817528
2.980327,7,1584.545145
5.291355,14,1585.851687
8.918218,24,1588.557942
2.386288,7,1589.263103
2.963912,8,1590.069368
2.055328,6,1590.818232
-2.68111,6,1591.503463
2.20698,6,1592.075524
2.901048,8,1593.009908
2.319583,7,1593.764065
3.035365,8,1594.602284
3.06454,8,1595.328452
2.312654,6,1595.896207
2.282341,6,1596.582437
0.914937,3,1596.962221
0.531142,2,1603.190493
4.410842,12,1604.26732
6.020262,15,1605.908642
3.978017,11,1606.829262
-2.067564,7,1607.460333
7.134735,18,1609.297377
6.09993,14,1610.831601
4.446746,11,1611.992319
1.167783,4,1612.473528
0.875552,3,1612.758046
3.006017,8,1613.542524
2.780591,7,1614.359786
2.410802,18,1616.204312
2.046543,6,1616.712663
7.135604,18,1618.33962
5.118709,13,1619.605909
2.885212,8,1620.363123
2.657501,7,1621.026515
8.374922,21,1622.784203
4.11348,10,1623.794047
4.955661,14,1625.321272
3.761956,11,1626.32904
5.599356,17,1628.002381
-2.051682,7,1628.866231
5.073544,15,1630.264797
-1.896869,8,1631.123932
3.667695,9,1632.006748
2.573057,7,1632.640879
2.653305,7,1633.348147
5.714583,16,1634.935091
2.08816,6,1635.697663
3.745029,10,1636.790885
3.493052,9,1637.917566
7.08431,18,1639.97493
0.966587,3,1640.265095
3.691041,9,1641.118834
8.007424,20,1643.032648
9.275906,26,1645.537111
1.761527,5,1646.219481
11.869079,31,1649.857724
9.719529,24,1652.187633
17.316306,44,1656.893614
2.08897,6,1657.614837
-0.60977,9,1658.708067
3.538489,9,1659.722016
4.548187,12,1661.057818
3.847904,9,1661.946282
8.829626,23,1664.229541
2.043355,6,1664.839242
5.189758,13,1666.247457
8.119053,19,1668.059865
9.921137,24,1670.467062
3.456641,9,1671.433318
5.488961,13,1672.712952
9.960183,25,1675.394633
0.950705,3,1675.652039
2.653073,8,1676.498699
8.351084,20,1678.396093
-0.894657,10,1679.382381
0.56378,2,1679.557347
-2.617381,7,1680.138774
-2.852448,5,1680.58029
4.175198,10,1681.559781
7.932847,20,1683.36085
3.73339,10,1684.328399
7.222796,18,1685.997107
8.61561,24,1688.393878
9.721055,23,1691.160818
2.98467,8,1691.9347
4.035443,10,1693.094572
5.874517,14,1694.459114
4.637714,12,1695.656438
6.898927,18,1697.397346
7.516675,22,1699.554048
3.047246,8,1700.472421
-1.688813,8,1701.283118
5.212586,13,1702.539986
5.86851,16,1704.003485
-2.720095,6,1704.700935
9.302746,27,1707.490913
2.581094,7,1708.230837
3.166117,8,1709.101731
2.668765,8,1709.98428
3.068914,8,1711.02385
7.79685,20,1713.287692
2.524693,7,1713.977327
5.58718,24,1716.398396
1.323057,4,1716.788678
0.5363,2,1716.994512
9.039083,23,1719.491345
10.296676,26,1722.066282
12.856732,33,1725.822581
2.743716,8,1726.759403
4.172079,11,1728.050843
0.525582,2,1728.312021
1.279747,4,1728.834839
2.828805,8,1729.855691
6.604969,15,1731.518719
5.429673,14,1732.878646
7.272614,18,1734.891535
2.877131,7,1735.626415
4.317508,10,1736.748925
0.89266,15,1738.344359
5.861626,16,1739.839879
13.285641,35,1743.895416
3.409737,9,1744.954151
4.391206,11,1745.882597
8.405534,22,1748.265109
7.440904,18,1750.196465
0.571124,2,1750.412158
14.401528,33,1753.782697
6.993257,18,1755.730412
2.512527,7,1756.499834
1.413061,4,1756.877159
3.203854,8,1757.731781
7.114376,18,1759.810816
1.718847,5,1760.39013
1.924127,6,1761.020868
2.094504,6,1761.709382
6.625914,18,1763.602828
4.715166,13,1764.996771
6.928037,18,1767.143337
1.883414,5,1767.662109
1.897486,19,1769.895741
5.430683,13,1771.288221
6.051329,17,1773.040783
8.764569,23,1775.532002
11.830252,31,1779.057399
3.458608,9,1779.96243
4.345983,10,1781.038465
2.151493,6,1781.87877
6.554714,17,1783.963724
3.17002,8,1784.719517
3.93384,11,1785.724406
2.344157,7,1786.567819
4.212283,10,1787.595368
0.516804,2,1787.854297
6.644184,18,1789.864196
4.20809,10,1791.088713
6.918977,17,1792.85091
9.991088,25,1795.403377
7.510788,20,1797.365325
1.142094,14,1798.87534
3.220092,9,1799.808388
8.708656,22,1802.109019
2.22966,6,1803.220413
4.572539,24,1805.953657
2.166436,6,1806.555474
2.284832,6,1807.232042
4.517584,12,1808.666205
6.95194,18,1810.323141
5.75859,15,1811.775657
1.704255,5,1812.300118
3.716028,20,1814.289256
2.661113,7,1815.084967
8.323037,21,1817.097638
2.202562,6,1817.744585
1.362624,4,1824.193647
5.047824,13,1825.391209
25.740894,61,1831.561665
13.653659,38,1835.083955
1.67681,5,1835.57529
-1.909986,7,1836.438706
-1.816035,8,1837.403072
12.033676,31,1840.524657
8.666498,25,1842.9932
4.194291,11,1844.084855
0.905153,3,1844.334818
3.220749,8,1845.318144
3.239725,9,1846.468224
14.124475,53,1851.676077
4.144873,23,1853.888956
2.147983,6,1854.53296
-0.617335,11,1855.656537
3.364048,10,1856.922668
2.72596,7,1857.604473
5.936373,16,1859.186349
5.703914,14,1860.549006
11.192169,34,1863.844033
2.128492,6,1864.450959
0.514787,2,1864.628985
14.956682,38,1868.573114
6.393242,17,1870.256852
12.743836,33,1873.59588
15.445449,49,1878.410119
11.604285,29,1881.142346
2.113349,18,1883.22546
-3.087513,5,1883.727602
2.262634,6,1884.338294
6.554459,30,1887.430884
7.387003,37,1891.959053
7.225229,18,1893.601356
2.659748,7,1894.215264
2.438059,7,1895.04617
5.617506,15,1896.718123
7.914182,21,1898.697371
1.660896,5,1899.136642
2.660012,7,1899.782932
7.774931,23,1901.940372
1.604193,5,1902.464419
13.183121,36,1905.940079
0.509103,2,1906.173469
1.927984,6,1906.82533
0.571541,2,1907.037448
8.458578,24,1909.621108
20.064414,67,1915.951921
-2.244492,7,1916.665015
3.52073,10,1917.600126
-2.563805,6,1918.21501
2.787202,21,1920.376935
1.992823,6,1920.965049
10.575948,27,1923.658341
3.255638,9,1924.47668
4.812809,13,1925.817904
-0.743461,11,1927.183244
9.368191,25,1929.68886
12.673748,32,1933.00207
7.0384,20,1934.895415
6.806128,18,1937.072731
10.694828,31,1940.202626
5.322741,15,1941.599292
1.974118,6,1942.284888
-1.887698,8,1943.108557
18.204548,48,1948.234505
6.661334,17,1950.120779
3.074246,8,1950.953368
3.60636,10,1951.943536
0.534203,15,1953.580647
4.668845,12,1954.771037
7.838756,22,1957.180996
11.78381,30,1960.243682
4.679185,12,1961.543838
14.065186,35,1965.68594
3.042114,9,1966.731498
6.351272,17,1968.607781
-1.353947,10,1969.758549
5.368852,14,1971.325289
5.007958,13,1972.666461
9.402621,24,1975.233544
5.252546,14,1976.621232
9.175793,23,1979.028327
6.369846,17,1980.616394
12.624426,32,1984.034039
10.965835,29,1987.043634
1.343982,4,1987.505436
4.501641,13,1988.843435
3.818837,11,1989.987383
9.698749,26,1992.706374
3.381143,9,1993.549141
4.080473,11,1994.73156
10.265191,26,1997.366253
3.661821,23,1999.814501
5.912769,15,2001.384562
12.358954,33,2004.897004
3.217455,8,2005.848527
6.116637,17,2007.731425
6.786633,18,2009.681978
9.118153,24,2012.164583
-2.464326,6,2012.708146
5.879723,15,2014.42724
5.472625,14,2016.17727
2.50701,7,2016.897817
6.492954,16,2018.730057
11.455411,29,2021.918493
2.760916,7,2022.831185
14.393182,36,2026.819683
2.57428,19,2028.820725
5.149003,13,2030.249867
2.417276,7,2030.902909
6.921191,17,2032.419022
1.579513,5,2033.09446
1.299123,4,2033.536686
0.569257,2,2033.746708
13.225214,36,2043.353012
9.483403,26,2045.783192
5.57044,14,2047.165271
10.669345,27,2050.103422
0.565869,2,2050.320282
1.696089,15,2051.910526
3.506093,10,2052.943346
9.204548,23,2055.40603
15.683595,45,2059.619369
4.937854,14,2061.056429
0.094023,13,2062.226882
6.605912,28,2065.146456
-0.755389,10,2066.079416
5.244971,14,2067.360262
24.932276,61,2073.702645
9.104875,38,2077.646823
2.521988,7,2078.440024
8.006269,20,2080.529875
16.438772,58,2086.383045
4.60508,12,2087.488874
6.449763,17,2088.938432
18.075202,53,2094.349748
-2.648912,6,2094.937696
3.212489,20,2097.051913
5.809707,15,2098.876861
-2.799186,5,2099.401366
6.890302,18,2101.531079
2.940407,8,2102.534542
10.633729,28,2105.683161
4.868511,12,2107.089757
6.500724,17,2108.856976
14.480341,37,2112.566811
4.558169,11,2113.621727
3.354386,9,2114.525185
5.376719,14,2115.896335
0.552888,2,2116.129972
5.804208,15,2117.801943
12.443871,33,2120.859628
0.549882,2,2121.063819
11.414036,32,2124.309253
3.340623,23,2126.744494
9.828541,37,2129.96309
16.957772,56,2135.457788
7.594524,20,2137.796635
1.203002,15,2139.549987
14.417301,39,2143.389771
9.444409,26,2146.291104
10.426216,28,2149.433714
5.668577,15,2150.874177
0.941403,3,2151.217554
4.542437,11,2152.36434
17.380475,46,2156.701557
6.155776,16,2158.19964
7.059048,19,2160.233223
1.319058,4,2160.587366
11.800167,29,2163.251771
15.589838,68,2169.67085
3.573317,23,2171.841271
1.590208,5,2172.379557
7.825457,20,2174.282846
4.698066,12,2175.627105
7.108702,18,2177.37372
0.565005,2,2177.549349
-0.042612,11,2178.555647
1.322522,4,2179.06859
8.927514,24,2181.35039
12.652415,34,2184.743452
-0.102518,12,2185.882856
2.512612,7,2186.548898
4.43731,13,2187.731858
5.835274,28,2190.264179
4.248144,11,2191.398867
5.484084,15,2192.813699
8.471157,22,2194.834305
2.518272,7,2195.478852
7.117066,19,2197.417923
0.907739,3,2197.655107
10.390099,25,2199.8992
21.190025,93,2209.127138
3.748078,10,2210.09462
9.412497,25,2212.741271
4.225571,11,2214.019928
1.401035,4,2214.521724
14.3499,32,2217.777431
7.503286,19,2219.901292
8.924458,24,2222.183139
13.949761,37,2225.758042
6.468323,17,2227.603768
31.68625,81,2235.797704
17.450808,79,2243.549562
21.961479,86,2257.94454
4.842239,12,2259.234113
5.354623,14,2260.619557
19.29885,46,2265.14851
7.842941,20,2267.171133
19.630141,52,2272.015605
10.876355,28,2275.039472
1.879782,6,2275.583168
6.036401,17,2277.070572
2.519763,7,2277.623409
14.866355,48,2282.786901
16.781,66,2289.423838
2.154326,6,2290.117973
8.662852,23,2292.837098
6.787666,30,2295.559892
6.272292,16,2297.307911
6.633848,17,2298.968294
12.689976,32,2302.515268
-1.981221,7,2303.260172
5.332731,13,2304.527778
6.008502,15,2306.070573
8.303843,23,2308.670397
8.234062,21,2310.743306
12.98049,39,2314.832936
5.222588,13,2316.493022
15.311177,47,2321.3894
8.905943,22,2323.552666
0.925674,3,2323.86891
4.869089,13,2325.022972
14.17557,36,2328.884298
2.947594,8,2329.630802
10.377093,30,2332.614756
7.139679,31,2335.788085
17.346769,44,2339.805093
11.244414,32,2342.803416
5.662854,14,2344.29059
0.926353,3,2344.59338
7.279472,20,2346.409356
9.947754,27,2348.832029
8.404847,23,2350.874593
6.344525,16,2352.55194
1.808386,20,2354.431001
17.749753,47,2358.896982
9.977623,25,2361.167967
5.999646,16,2362.739434
5.684509,15,2364.256922
6.633995,18,2365.848069
15.867972,43,2370.130823
4.986613,13,2371.47419
19.698535,67,2377.552471
11.326919,32,2380.574479
23.757607,66,2386.960141
10.96326,58,2392.439834
8.626356,24,2394.916079
3.480677,21,2397.141809
10.801062,27,2399.930531
8.099265,22,2401.889984
3.348591,9,2402.725164
7.220428,18,2404.738296
5.852593,33,2408.087801
4.87505,12,2409.402844
27.78111,82,2417.457789
7.889171,21,2419.48098
3.843369,10,2420.437817
10.200085,41,2424.416334
16.409886,45,2428.477984
5.795133,15,2429.773353
0.896191,3,2430.082526
9.956541,25,2432.402069
12.335608,33,2435.702828
21.760007,74,2443.214232
3.939763,10,2444.272508
6.630981,17,2446.337522
7.442453,20,2448.247064
3.173774,22,2450.493001
0.526538,2,2450.670648
6.777583,17,2452.290463
6.533602,16,2453.926466
7.040123,18,2455.551585
32.298069,83,2470.176571
14.812021,63,2476.769775
10.415087,26,2479.137847
15.449515,38,2483.146144
2.807032,41,2486.994288
6.146991,17,2488.736878
5.369497,27,2491.203659
11.884035,32,2494.287343
3.564032,38,2497.892971
28.393669,83,2505.652551
2.066694,6,2506.369834
13.952012,38,2510.345489
19.620702,55,2515.543352
21.443504,75,2522.899046
15.495669,43,2527.374995
3.784233,10,2528.237594
9.035908,26,2531.04914
16.982057,46,2535.941969
6.501807,17,2537.668919
3.310257,9,2538.65927
2.099537,19,2540.923126
9.333288,23,2543.301006
12.402393,34,2546.409105
8.326378,22,2548.566536
10.80755,26,2550.771567
3.153013,9,2551.520555
6.414206,27,2554.346058
20.835796,74,2561.37593
13.181655,61,2567.283926
4.780973,12,2568.590597
5.437756,14,2570.129309
15.743852,40,2574.24769
13.827114,37,2578.063518
3.902038,10,2578.974655
2.447842,37,2582.605692
4.922357,14,2583.980392
16.08496,50,2588.65474
2.041733,20,2590.485661
2.155575,6,2591.183297
11.621009,29,2593.780916
-0.048705,12,2595.053101
0.836335,16,2596.470582
12.712208,46,2600.737497
15.746928,43,2604.672381
21.610693,57,2610.11564
17.817608,53,2615.621307
13.466612,53,2621.623464
11.760208,32,2625.112654
3.021167,8,2625.925561
13.34793,40,2630.395727
5.506014,15,2632.022058
12.132787,60,2638.00159
11.282957,33,2641.441855
4.121458,11,2642.392777
2.45546,7,2643.288117
6.424911,17,2645.048091
11.297963,29,2647.558139
3.456162,25,2650.003953
4.628071,12,2651.260156
13.569351,43,2655.480835
14.982924,41,2659.941505
4.945439,13,2661.248178
4.203056,11,2662.365317
9.278631,24,2664.892329
6.623969,16,2666.671637
-0.571277,12,2673.812899
4.397698,26,2676.695389
10.908869,27,2679.647728
-0.768278,10,2680.69835
4.475752,40,2684.554902
14.494271,38,2688.680047
30.40508,90,2697.635877
9.419991,40,2701.431593
14.990447,39,2705.399858
16.4101,59,2711.310191
10.056398,26,2714.222825
3.142132,20,2716.592023
22.609695,76,2725.500654
24.599221,91,2734.684714
6.630773,33,2737.979811
8.102813,35,2741.756615
19.632005,64,2747.428946
15.206472,41,2751.578568
29.967328,74,2759.42963
12.899748,35,2762.746787
2.186093,6,2763.320142
5.018895,23,2765.79658
13.411284,77,2773.102172
25.39772,78,2780.213957
23.56984,66,2786.558533
5.788976,31,2789.470424
7.831529,45,2793.419513
23.047818,68,2799.391384
11.399582,29,2802.024487
13.883468,59,2807.286793
7.144198,18,2808.898845
5.054103,26,2811.269741
8.636644,21,2813.469704
3.187778,19,2815.154172
6.304922,30,2818.237002
18.522755,47,2822.992324
5.637913,15,2824.51633
-0.737854,11,2825.694964
26.489993,82,2834.110537
3.217576,21,2836.299634
4.432852,11,2837.241845
26.252142,112,2847.705551
7.377569,19,2849.473614
14.054604,53,2854.368525
8.996366,22,2856.472865
20.889357,71,2863.67123
6.648969,17,2865.414722
11.586266,31,2868.291421
4.468815,11,2869.258861
8.354359,21,2871.186384
10.891429,32,2874.194228
13.997093,47,2884.686895
12.18522,72,2892.11451
-1.404918,9,2893.08614
11.985508,41,2897.371158
4.123015,23,2899.532703
16.006266,57,2904.914484
19.537579,77,2912.339107
19.657657,61,2918.270121
25.594107,76,2925.958888
-2.213722,7,2926.610103
-2.012166,7,2927.408751
5.084522,36,2930.98111
12.198209,47,2935.288358
5.807118,29,2937.826095
11.050576,29,2940.552879
15.261591,41,2944.426939
3.929418,41,2948.048303
6.456259,16,2949.591331
13.692993,48,2954.159446
17.310473,81,2961.118388
12.274713,30,2963.780371
2.947087,21,2965.633704
11.430318,51,2970.55764
10.515156,27,2973.105026
5.651052,53,2977.951399
-0.083258,12,2979.54478
3.987047,37,2983.525275
22.275425,73,2990.014961
15.00857,54,2995.057451
5.167173,45,2999.164936
4.021161,11,3000.21731
3.321537,21,3002.331958
5.525328,14,3003.615059
2.378178,18,3005.367218
14.387096,40,3008.955983
19.96053,51,3013.622255
32.676869,104,3023.035758
1.983125,17,3024.811781
4.43556,26,3027.228491
19.350196,49,3031.664925
15.277082,54,3036.966022
5.296826,24,3039.377791
22.752289,101,3048.949281
37.787564,117,3059.392762
23.996404,70,3066.033113
6.776951,46,3070.833794
1.56706,17,3072.547366
5.810407,26,3074.762613
5.083434,26,3082.946592
24.311832,79,3090.111828
2.842112,19,3091.863035
19.197979,64,3097.456315
-0.8987,10,3098.292187
18.215963,64,3103.758913
12.41837,34,3106.814307
20.862261,64,3112.348435
30.20809,88,3120.564992
9.593476,36,3123.765468
19.424865,69,3130.112839
3.006232,8,3130.882546
20.915986,84,3137.986548
14.081681,52,3143.292762
25.261852,74,3149.805068
12.908413,64,3155.365206
10.545244,40,3158.896487
24.580281,58,3163.989549
5.564342,28,3166.569397
12.746605,30,3169.326317
8.876417,22,3171.14059
27.179258,79,3178.069922
33.224635,98,3187.158281
14.802329,37,3190.345256
13.844382,48,3194.825473
18.136094,47,3199.054944
12.824982,35,3202.356578
9.170327,50,3206.919895
19.996768,49,3211.30406
10.201222,60,3216.831543
16.40919,57,3222.125013
-1.756326,8,3222.847669
5.092717,12,3223.990091
10.839153,47,3228.269965
-2.823969,5,3228.685698
7.548338,36,3232.34547
33.203104,98,3241.956681
10.709685,58,3247.576027
14.372029,41,3251.781456
-2.308815,7,3252.397143
24.883496,80,3259.745391
0.29438,13,3260.849746
3.476853,9,3261.799734
6.028102,31,3264.846877
25.60857,73,3277.523016
7.425906,31,3280.769082
3.749124,39,3284.319461
28.788122,100,3293.20894
1.694782,15,3294.662929
22.905467,58,3300.170649
7.014724,28,3303.093766
12.867381,56,3308.232713
3.688558,22,3310.237916
28.65331,72,3316.427672
-2.539335,6,3317.065344
18.935692,80,3324.788007
22.886899,83,3332.517318
36.166179,94,3340.931714
10.620441,26,3343.282145
13.923939,55,3348.2832
11.411753,61,3353.882849
13.545537,36,3357.025203
27.797361,75,3363.588645
7.203752,32,3366.577064
29.406371,87,3374.270804
10.153619,62,3379.7796
28.119232,74,3386.566488
1.982459,18,3388.377522
12.546495,44,3392.879502
31.515729,96,3401.705229
25.878073,69,3407.593322
1.635711,17,3409.050825
-0.961866,9,3410.00118
12.220461,59,3415.127383
14.05039,65,3420.966548
25.960693,62,3426.807084
10.459796,26,3429.218877
18.398089,45,3433.218066
32.416744,98,3442.058277
31.663421,83,3449.424852
-0.649634,10,3450.335599
1.564805,16,3451.748333
19.741591,71,3458.27167
23.095789,81,3471.474585
29.906795,92,3480.286141
12.317644,58,3485.931016
14.30552,46,3490.22978
34.858419,92,3498.985617
22.382318,67,3504.904566
1.303221,15,3506.337547
33.466662,98,3515.020124
20.919145,81,3522.188569
13.98192,47,3526.492148
10.956866,40,3530.479164
42.196177,104,3540.368149
-1.576632,9,3541.196074
1.116694,15,3542.531669
8.726727,51,3547.09099
28.846491,74,3554.158722
12.770838,46,3558.266657
3.122739,21,3560.250637
33.183759,93,3568.990248
27.86688,93,3577.399011
15.209632,50,3582.382769
16.568407,58,3588.374796
31.401353,106,3597.779044
23.650812,71,3604.206644
26.479201,91,3612.73806
1.162257,15,3614.154202
45.007673,106,3623.21821
30.77248,75,3630.55123
25.807143,76,3637.827048
6.434014,28,3640.624194
15.123285,58,3645.817467
11.837226,60,3651.120629
22.562434,80,3664.151289
13.952593,53,3668.954396
3.683449,9,3669.963453
13.926039,36,3673.088048
7.998542,32,3675.942594
6.906843,48,3680.536554
3.137926,19,3682.473347
4.347935,40,3686.30662
21.72688,78,3694.326837
-2.252039,7,3695.143556
4.451636,24,3697.246483
20.250411,62,3703.466567
34.695036,103,3712.718204
7.600157,30,3715.181404
9.200504,57,3720.727548
25.695942,87,3729.700337
17.016469,57,3735.452311
22.119661,63,3741.633886
-1.417497,9,3742.738557
16.21937,78,3749.479147
22.870188,87,3757.491997
21.251173,57,3762.3872
23.091742,70,3769.431166
13.222899,48,3773.429234
10.50861,37,3776.639207
7.055731,34,3779.992169
15.914703,78,3787.201203
8.539048,22,3789.065518
11.79774,42,3792.910677
0.631302,13,3794.202823
1.045658,15,3795.47264
13.268825,47,3800.139656
37.786517,106,3810.076731
7.762625,32,3813.150784
2.687195,19,3814.747751
24.88081,73,3821.570872
16.933985,56,3827.026585
2.301449,19,3828.678603
8.385119,22,3830.776384
-1.265182,10,3831.896517
25.20734,90,3840.016868
22.104972,87,3848.176448
10.542569,36,3851.378223
1.14853,16,3852.785485
23.08965,65,3864.405994
-2.133132,7,3865.098318
20.165898,67,3871.575366
24.689717,75,3879.157411
-1.798959,8,3879.865754
1.073718,15,3881.365809
32.208394,104,3890.634593
16.961974,58,3896.458586
31.34252,73,3903.4442
6.257465,28,3906.167905
-1.841053,8,3906.821859
35.482099,105,3916.865431
26.72945,67,3923.174614
16.215206,53,3928.178256
-2.183948,7,3928.903294
14.609446,46,3933.171888
49.839171,135,3945.21619
19.710363,83,3952.964196
7.101573,31,3955.750788
2.498235,18,3957.41537
0.830396,15,3958.827402
19.020378,58,3964.171118
21.326088,64,3969.968145
29.904081,87,3977.864702
14.924942,36,3981.696118
21.865997,73,3988.817391
-1.177666,9,3989.601011
28.883648,87,3997.504292
16.521896,48,4002.029663
6.843634,17,4003.492712
11.690209,42,4007.477936
44.119346,130,4020.148375
8.241881,32,4023.240772
30.526305,82,4030.879681
0.289261,13,4032.109505
18.927094,55,4037.362183
12.487688,45,4041.132926
-0.370419,11,4042.403558
4.312514,24,4044.533825
25.89576,74,4051.570839
7.951064,31,4060.43441
0.888357,14,4061.686077
7.463391,20,4063.609736
12.116644,45,4067.722343
20.006352,60,4073.683786
16.458779,43,4077.855949
39.252068,92,4086.069723
40.201452,96,4095.011329
18.95003,45,4099.377156
11.224762,41,4103.060683
19.440496,72,4109.316515
2.534181,7,4109.949102
12.379751,46,4114.300376
21.705822,63,4120.550296
6.757538,31,4123.812537
30.755666,80,4131.212487
5.111824,24,4133.330418
13.740205,41,4136.705925
56.712653,126,4148.606969
3.640783,22,4150.595141
5.297127,26,4153.305226
12.623435,45,4157.42222
33.290479,96,4166.166356
24.327426,71,4172.537736
17.081894,40,4176.321927
46.00935,109,4186.761095
4.134594,24,4189.032349
1.476355,16,4190.545008
49.949646,115,4202.8288
26.481835,66,4209.368594
13.046456,47,4213.982328
2.023212,18,4215.874597
12.061133,42,4220.331742
53.273433,125,4232.150117
3.560568,21,4234.090403
3.203825,20,4235.776684
0.579113,14,4237.156412
21.606615,58,4242.101125
29.487868,69,4248.281167
7.126149,33,4251.433749
23.545637,54,4262.286193
19.610676,61,4267.681835
-1.450023,9,4268.487942
10.932703,40,4272.163615
0.005847,12,4273.423887
14.635224,35,4276.812314
1.094394,14,4278.362029
42.647833,107,4287.769815
27.461531,93,4296.208596
19.739057,52,4300.800503
36.26295,91,4309.621389
9.732561,22,4312.081242
18.426628,62,4317.931161
12.473169,59,4323.905063
-1.743505,8,4324.694463
7.921941,31,4327.801602
25.555045,72,4334.822078
20.313437,53,4340.04991
20.153184,61,4345.275133
1.144212,15,4346.669173
17.264788,45,4350.769889
9.200201,36,4354.185542
6.565483,30,4357.011598
5.065538,30,4359.803454
1.97127,18,4361.454732
16.156307,50,4366.100489
4.977678,25,4368.854307
23.036213,73,4375.74647
16.968467,59,4381.598221
7.576176,38,4385.903098
-0.739851,10,4386.897578
23.650674,57,4392.761465
6.82506,18,4394.35465
41.800017,108,4404.83679
7.991266,21,4407.246249
6.204061,39,4410.967831
25.798793,80,4418.527481
-0.826401,11,4419.567702
26.880753,73,4426.691938
2.217891,6,4427.196135
31.951539,79,4434.630546
25.28753,83,4441.893549
56.039561,136,4460.371538
14.353868,37,4464.308105
21.819115,56,4469.581436
26.430581,77,4476.98597
26.00542,72,4483.873371
29.44092,76,4491.046874
2.037337,17,4492.679798
13.377944,33,4495.989305
17.070449,45,4500.200097
46.23896,110,4509.834266
20.416686,64,4515.901404
39.720919,108,4525.922987
19.024882,46,4530.429154
55.380014,129,4542.457843
15.293496,48,4546.526043
35.981659,97,4555.511979
12.653018,31,4558.252073
19.961986,61,4563.998868
36.760921,90,4572.291646
28.238098,80,4579.450893
-1.607057,8,4580.179641
23.798394,71,4586.428336
4.694776,12,4587.617735
30.619924,80,4594.28686
7.530394,21,4596.271385
23.85981,78,4602.964972
12.571796,33,4606.176203
12.033783,42,4610.021961
24.455751,72,4617.423666
15.16439,39,4621.19743
36.95744,91,4630.137112
19.989707,54,4635.158366
29.314879,80,4643.3024
29.140203,70,4655.400795
29.504868,71,4661.64595
13.784542,34,4664.844066
11.84642,40,4668.507968
16.86409,52,4673.0169
27.753621,65,4679.064664
8.655944,22,4681.341146
30.075443,81,4689.302619
23.207155,81,4696.5642
9.937391,22,4698.570202
45.437318,125,4709.879917
11.490764,26,4712.222506
46.992205,109,4722.814755
20.708114,63,4728.25654
11.504531,28,4731.011528
11.978102,40,4734.619758
15.293811,39,4738.345959
21.039914,60,4743.826121
15.365222,40,4747.245808
22.682677,74,4753.6514
40.869834,103,4763.567156
28.613655,75,4770.663176
13.957167,50,4775.229296
25.293011,74,4782.782033
49.944231,119,4794.199129
12.881168,43,4798.112764
38.557689,93,4806.468584
6.61964,29,4809.094319
14.412312,60,4814.647897
13.713274,35,4817.846799
22.705106,70,4823.989879
7.354426,20,4826.007007
14.097519,45,4829.974217
0.693932,14,4831.300711
5.111731,13,4832.478667
5.278442,13,4833.807699
23.699714,75,4840.991046
20.587208,60,4852.289291
35.998347,95,4861.439576
19.569001,48,4865.74853
-1.945139,8,4866.550632
11.100188,42,4870.175488
34.720029,81,4877.490174
8.069615,20,4879.284854
47.029463,114,4889.625842
1.510262,15,4890.846593
11.494002,33,4894.213946
51.318064,122,4905.213484
19.848434,62,4911.057092
14.91642,48,4915.578276
31.879725,81,4922.759557
16.964864,47,4927.498583
21.569624,73,4934.276808
33.565296,89,4942.412258
15.52489,50,4947.08361
27.731237,68,4953.780967
14.738829,35,4956.937865
26.131236,73,4963.873163
28.842165,77,4971.212887
11.17776,42,4975.211058
30.761106,81,4982.189699
15.58567,40,4985.807063
5.597721,26,4988.129392
27.642891,71,4994.536785
35.32223,87,5002.735114
44.174879,110,5012.725278
37.427945,87,5021.149106
21.46238,64,5026.81217
38.623584,86,5035.28452
8.086612,32,5038.312883
44.053401,121,5054.753787
12.479672,32,5057.762109
-0.115171,12,5058.963212
16.641947,59,5064.517413
35.103352,99,5073.69887
-1.811778,8,5074.506993
44.265327,98,5083.644582
10.398607,25,5085.921138
26.971373,77,5093.356801
12.460061,65,5099.474628
18.151468,48,5104.340245
26.403274,70,5110.444634
21.676382,58,5115.625478
10.906862,27,5117.958246
5.837173,25,5120.303695
26.668651,66,5126.329092
23.486716,76,5133.009443
35.723341,88,5141.203732
12.950764,34,5144.431708
19.397973,49,5148.82691
34.75167,87,5156.839664
33.371563,82,5163.840833
2.503614,7,5164.408689
9.338336,47,5168.519512
41.575822,109,5178.949364
4.042896,10,5179.925879
1.561951,17,5181.417767
41.177152,106,5191.308915
43.32906,109,5201.067719
12.530346,42,5204.824662
-1.431722,8,5205.540593
32.527766,81,5213.288816
16.694438,39,5216.638801
30.514185,77,5224.119077
4.39391,22,5226.382255
36.580678,93,5240.707331
3.66594,21,5242.593253
47.498979,112,5252.482757
16.474295,44,5256.899543
17.164049,43,5260.911719
30.636266,79,5267.801739
2.594454,7,5268.453849
38.189961,99,5277.501903
18.886545,49,5282.100482
-0.783216,10,5282.879936
30.001541,77,5289.944044
25.103364,61,5295.41277
29.8745,77,5302.587174
11.850612,29,5305.099555
21.202623,56,5310.136143
6.535124,28,5312.803873
21.079601,53,5317.689656
30.651849,72,5324.629519
14.049138,57,5329.622877
42.974798,98,5338.499209
-1.873478,8,5339.39915
59.78325,142,5351.978294
25.668368,67,5357.815346
24.766141,63,5363.402919
25.431011,67,5369.485372
26.134638,72,5376.082257
47.22828,115,5386.401018
7.892332,20,5388.264604
20.987582,58,5393.317486
36.038868,80,5400.176893
33.025384,91,5408.132074
22.59916,60,5413.397769
28.93764,76,5420.76981
28.494221,70,5432.867608
36.932074,95,5441.835198
36.098652,84,5450.191592
12.583181,43,5454.151713
4.745309,24,5456.331128
54.789962,133,5469.019475
32.876755,89,5476.901041
23.108368,68,5483.159868
48.36687,123,5494.595424
17.591759,42,5498.389194
5.041588,12,5499.502365
27.139296,66,5505.638059
28.838617,70,5512.223555
61.958013,152,5527.111187
18.229649,58,5532.780883
32.955384,95,5541.257159
4.644615,25,5543.572011
26.26551,62,5549.56255
7.280741,30,5552.657168
13.630812,36,5556.086465
9.762005,25,5558.348944
33.158526,77,5565.591257
0.425828,13,5566.695334
44.439917,107,5576.149254
8.869482,38,5579.961869
28.134779,77,5587.201706
4.148373,22,5589.323374
43.362236,114,5599.490796
30.873015,81,5606.974126
15.6547,36,5610.086162
38.982424,105,5619.50552
37.570425,88,5633.60251
43.453847,115,5644.617802
55.523022,137,5657.428331
24.713448,66,5663.547355
3.869027,23,5665.61896
34.761114,81,5672.911411
2.119829,6,5673.497297
6.374874,16,5674.812141
25.086421,80,5682.920745
29.008523,71,5690.033776
13.838104,43,5694.640347
19.714552,63,5701.368394
13.046314,35,5704.693038
22.5864,76,5711.435661
61.860962,147,5725.558093
46.185286,113,5736.563073
44.440807,120,5747.589014
40.349365,110,5758.021458
21.096829,71,5764.26096
39.264941,106,5774.809778
28.564609,76,5781.935686
27.403972,68,5788.177978
24.45705,59,5794.22286
6.57418,17,5796.062448
47.451503,126,5807.696101
22.049604,60,5813.361441
32.278187,76,5820.209032
45.21964,117,5836.642102
31.822307,79,5844.109374
57.212926,148,5857.097347
3.510104,21,5859.111555
39.755374,102,5868.803813
61.553532,144,5883.054353
18.422272,59,5888.645373
14.966334,39,5892.326896
24.131181,62,5898.186011
26.471823,71,5905.042817
5.216008,27,5907.84309
47.82854,120,5919.79609
4.2298,24,5922.204596
15.564026,41,5926.473078
7.872257,20,5928.193096
29.624122,79,5935.478266
7.243706,18,5937.105634
21.924584,56,5941.945707
34.09669,109,5952.236102
35.028368,102,5962.581177
25.523983,65,5968.355664
24.045037,56,5973.385115
43.99456,106,5983.069824
32.028476,78,5990.132603
41.670936,99,5999.196716
27.398444,86,6006.727911
12.449782,47,6011.065095
18.049773,58,6016.416941
25.559217,65,6028.025365
18.463408,50,6032.889468
26.327874,66,6039.346313
55.217767,127,6050.664501
18.659897,59,6056.332059
29.101836,112,6066.936327
31.026139,81,6074.302798
36.009956,93,6082.838204
19.388185,50,6087.220247
15.51172,58,6093.428227
27.158666,79,6101.188083
27.002088,66,6108.072499
34.517007,102,6117.557191
6.167232,30,6120.345675
34.270219,114,6130.651364
30.747679,75,6137.408194
17.82028,42,6141.048257
26.435347,67,6146.887587
35.617779,90,6155.709001
45.627284,123,6167.586577
23.655545,67,6173.702037
35.313066,95,6182.621728
41.402218,98,6191.954504
20.99746,65,6197.880872
35.79998,99,6207.741197
30.780191,98,6217.359034
16.254338,51,6228.109355
60.946971,138,6240.515899
-1.729817,8,6241.536612
28.19608,71,6249.167363
38.526375,114,6259.957029
29.079879,77,6266.716983
7.718961,34,6270.995274
63.909796,142,6286.227152
62.955093,150,6299.328298
8.263595,48,6303.700526
7.593221,32,6306.593093
46.062904,121,6317.822059
16.979277,57,6322.6133
54.775887,134,6333.760017
13.576016,47,6337.560377
29.292794,73,6342.933178
38.643831,102,6349.327101
24.722272,61,6353.048029
9.700992,38,6355.255501
26.129961,66,6359.621496
21.733976,54,6363.247025
28.285082,69,6367.546192
15.04869,40,6369.951357
13.340843,44,6372.523205
12.575409,35,6374.515203
6.713873,33,6376.393659
30.132963,94,6381.546595
60.446881,146,6395.168985
1.379866,15,6396.022777
19.796758,55,6399.060042
47.732817,117,6405.526867
48.300456,122,6412.114138
24.427391,65,6415.640515
19.457866,66,6419.208226
23.246544,59,6422.51888
18.941377,50,6425.244844
16.485884,43,6427.591726
27.458856,71,6431.307627
24.998104,61,6434.473636
10.550003,28,6435.961754
19.302483,51,6438.664564
11.42687,28,6440.108824
13.098569,44,6442.400005
2.430157,18,6443.324996
42.09194,116,6449.251422
29.92376,109,6454.789956
32.330139,87,6459.19194
57.512405,139,6466.029285
29.511042,79,6469.973062
3.795385,10,6470.488405
52.280193,122,6476.260538
37.411567,102,6481.059753
24.345839,62,6484.037116
59.110951,155,6491.380328
5.112229,25,6492.57868
25.987445,70,6495.819724
34.122636,102,6505.181726
-1.563019,8,6505.591514
58.950781,149,6512.530927
47.26439,113,6517.70324
40.813794,126,6523.285504
15.782624,65,6526.118396
13.895911,35,6527.669194
21.536686,61,6530.344903
16.841843,61,6533.058019
33.06101,87,6536.838107
11.518631,42,6538.650858
32.880076,108,6543.355442
2.208547,18,6544.177959
29.027958,75,6547.476952
59.02388,155,6554.096598
25.054949,87,6557.79967
20.685811,51,6559.987872
38.219469,108,6564.636481
8.372668,35,6566.171963
58.172166,148,6572.448325
10.2198,25,6573.504202
23.585236,67,6576.31626
27.475984,92,6580.207511
56.446006,141,6586.149269
31.63348,86,6589.818731
30.823175,89,6597.864851
6.696557,17,6598.609941
38.855722,104,6602.982889
59.166873,153,6609.380103
48.604541,144,6615.400329
4.032327,23,6616.39596
39.386849,117,6621.332387
32.14414,104,6625.721974
15.496023,57,6628.134248
30.084576,89,6631.740075
33.206377,86,6635.395317
6.242228,16,6636.094548
35.418107,100,6640.279067
58.22457,150,6646.540102
20.481008,66,6649.356111
28.581533,79,6652.689722
61.716603,144,6658.704715
29.967587,93,6662.640231
41.444598,125,6667.863552
42.16128,143,6673.893795
6.497426,31,6675.207151
27.726261,93,6679.116502
57.416353,148,6689.620732
34.831599,101,6693.836204
32.746117,95,6697.837471
37.700588,120,6702.898683
40.969529,126,6708.141361
60.045713,145,6714.211334
43.56637,130,6719.720054
17.121042,56,6722.081093
41.361306,103,6726.421733
38.84571,104,6730.82778
15.268036,55,6733.156152
8.392687,21,6734.050714
50.155899,138,6739.927776
48.996874,127,6745.298868
47.826322,142,6751.273605
59.810818,153,6757.736924
49.532214,145,6763.881396
40.928395,139,6769.729294
59.022258,151,6780.4377
19.389138,61,6783.018145
39.698382,96,6787.034956
23.371186,72,6790.104061
7.147643,31,6791.413667
48.433572,119,6796.464056
52.600928,148,6802.690456
36.787272,88,6806.360689
59.184078,160,6813.044082
5.449689,27,6814.219659
43.273233,110,6818.843245
60.69752,150,6825.217021
33.441689,94,6829.212921
54.73377,140,6835.095603
43.460154,109,6839.660069
12.535658,46,6841.629274
21.883835,61,6844.21293
36.633136,105,6848.659804
46.898109,112,6853.386052
22.629138,89,6857.157909
39.138869,104,6861.57033
43.73175,114,6870.698575
41.517201,118,6875.617693
18.465231,54,6877.934518
42.355015,109,6882.54747
23.615796,75,6885.69205
25.234855,84,6889.283206
32.689307,94,6893.267493
61.982967,137,6899.024163
42.485761,108,6903.604144
62.415921,145,6909.692488
35.823221,91,6913.608502
51.605735,136,6919.301613
10.285381,35,6920.791155
51.804456,129,6926.253608
38.360117,99,6930.471885
27.936395,76,6933.665624
54.76986,134,6939.327805
41.521093,120,6944.396333
38.004621,103,6948.785179
2.38239,19,6949.601346
52.797677,138,6955.396606
58.45255,134,6965.554611
60.548355,144,6971.579207
51.378727,140,6977.514977
49.819174,128,6982.878859
61.168627,139,6988.758032
64.175872,146,6994.974947
6.489907,16,6995.659664
53.332848,129,7001.124624
13.378487,48,7003.164226
21.190918,63,7005.810467
64.018491,138,7011.637765
43.306536,120,7016.687833
27.328438,73,7019.798547
56.069821,143,7025.877067
5.138541,27,7027.012422
29.635655,70,7029.947718
36.411809,93,7033.91953
5.047949,25,7034.979748
52.872586,134,7040.545847
3.953751,23,7041.530462
25.157918,90,7045.297221
60.549453,147,7055.87503
61.068132,141,7061.822857
9.50412,35,7063.323219
33.0904,91,7067.138711
-0.80618,10,7067.568595
60.718688,153,7073.922184
63.617463,150,7080.240698
54.987146,146,7086.423305
34.279201,81,7089.843396
61.153807,138,7095.656221
60.21706,145,7101.82065
29.476903,69,7104.704992
61.078307,154,7111.227375
61.011272,152,7117.615288
41.402172,104,7121.972803
42.187866,115,7126.829846
31.66291,88,7130.537106
51.950668,143,7136.562759
2.147974,17,7141.682285
2.214622,17,7142.399303
31.254167,79,7145.824232
33.419981,92,7149.713584
18.770087,65,7152.463931
38.11221,92,7156.353952
61.443991,143,7162.375105
15.787983,60,7164.946556
18.932559,52,7167.173787
64.086329,138,7173.010118
33.0895,88,7176.788015
51.845114,135,7182.467609
66.127939,150,7188.775651
63.273906,149,7195.053074
9.621166,35,7196.541611
38.776845,113,7201.293653
27.606468,94,7205.2335
31.422281,87,7208.824674
44.394832,126,7214.111288
23.451166,82,7217.535759
36.673366,106,7221.963043
36.331785,88,7225.646937
14.01907,49,7227.695723
44.106809,111,7236.737649
60.771571,155,7243.251909
61.059963,140,7249.128059
49.548536,139,7255.003351
48.832102,130,7260.519348
12.493647,31,7261.836548
59.270991,147,7268.043381
20.902899,66,7270.814769
32.487107,87,7274.45849
3.461864,21,7275.377474
57.823225,149,7281.631203
49.689861,120,7286.696403
49.741055,120,7291.826453
20.031945,55,7294.124827
28.775684,73,7297.21582
28.933797,78,7300.503669
58.575169,146,7306.678139
63.380756,142,7312.632103
61.335378,144,7323.025259
47.319206,113,7327.718919
59.757468,144,7333.748388
43.231289,110,7338.372941
34.918896,89,7342.147105
60.50923,142,7348.081571
33.677688,90,7351.865067
61.950149,146,7357.978287
59.096046,132,7363.513282
45.609143,110,7368.126226
57.798905,141,7374.015517
6.422331,30,7375.277826
41.34193,108,7379.838
46.888295,117,7384.810483
52.886623,126,7390.051531
57.221995,141,7396.002047
17.251703,55,7398.31279
27.055946,80,7401.683133
34.393189,93,7405.607935
-1.9253,8,7405.978579
59.419209,145,7416.448469
18.196381,74,7419.576796
60.395431,138,7425.329225
61.56515,139,7431.304644
16.234282,57,7433.691153
34.61701,92,7437.563941
38.468573,96,7441.569231
29.433091,89,7445.353455
23.194221,63,7447.977804
57.247953,141,7453.845057
5.721153,14,7454.453547
54.50299,131,7459.886979
55.193017,138,7465.593433
27.921962,85,7469.124006
63.593352,152,7475.375331
44.332925,115,7480.20164
59.075422,135,7485.876612
60.720194,140,7491.706678
62.28657,141,7497.504282
52.138124,119,7506.847378
23.722816,73,7509.936036
6.39062,29,7511.140974
61.818586,141,7517.046753
60.727668,138,7522.85343
60.870772,150,7529.132648
55.228031,138,7534.85369
26.993819,81,7538.219025
15.635449,49,7540.285442
54.950318,142,7546.264713
15.193297,41,7548.006539
61.333095,141,7553.949747
34.659429,88,7557.627207
48.663608,118,7562.565995
48.22157,120,7567.53951
59.531983,139,7573.297219
16.08438,42,7575.066844
21.11586,53,7577.298856
62.288667,145,7583.333133
48.399027,123,7588.48344
29.868362,92,7596.719642
63.055256,139,7602.42509
42.411166,114,7607.121293
14.528102,40,7608.79234
59.619429,141,7614.694915
51.521121,128,7620.065247
52.831075,129,7625.498253
23.121296,68,7628.333325
63.486422,141,7634.249158
63.261587,138,7640.040615
31.091176,90,7643.858696
63.03679,147,7650.009667
54.997665,133,7655.558769
63.534716,144,7661.524681
44.943783,132,7667.085797
51.15371,134,7672.698571
60.50554,140,7678.538192
61.771958,143,7688.771736
36.971468,106,7693.152213
4.993083,13,7693.733155
34.516457,96,7697.702167
60.003136,141,7703.689416
11.50405,29,7704.884667
12.379449,33,7706.266728
45.775246,105,7710.629124
58.981066,137,7716.393059
55.168848,128,7721.767814
19.287291,51,7723.892605
59.988806,142,7729.787863
5.218557,13,7730.360271
39.467407,100,7734.586177
25.250676,70,7737.548729
39.360673,104,7741.91097
27.696652,72,7744.911185
9.043873,23,7745.908292
60.456105,142,7751.844352
54.791907,135,7757.471785
-1.640224,9,7757.862705
43.010292,106,7762.295274
61.649899,148,7768.442142
61.283315,140,7778.729067
14.098999,40,7780.470165
56.908686,133,7785.999592
28.996581,82,7789.424272
61.384917,142,7795.375492
39.100653,93,7799.308105
29.827536,74,7802.437454
22.012342,55,7804.707419
27.759697,66,7807.483402
40.808605,102,7811.662667
60.317547,138,7817.436047
22.136064,64,7820.244786
60.467167,145,7826.276194
43.242556,100,7830.429376
18.733434,51,7832.596501
39.249084,113,7837.316054
49.440114,128,7842.58644
44.956412,123,7847.704455
48.615353,132,7853.174617
45.408971,113,7857.89562
61.235665,140,7868.054329
62.270961,143,7873.981426
54.80009,140,7879.741523
39.943847,107,7884.202842
34.604696,101,7888.40685
45.571202,128,7893.763916
54.166925,139,7899.556007
50.730075,142,7905.463921
6.533277,31,7906.777269
53.41901,139,7912.57064
53.037181,145,7918.626942
30.205572,94,7922.577618
61.768894,141,7928.418309
-0.337334,12,7928.925245
40.979745,117,7933.82878
60.183181,141,7939.710752
15.423981,42,7941.479884
40.934837,109,7946.057925
65.244219,142,7956.308188
52.583927,131,7961.785171
61.369755,143,7967.787532
-0.2091,12,7968.296571
34.586204,97,7972.347924
58.223702,140,7978.18908
63.667766,145,7984.249773
56.196195,135,7989.903899
22.762234,63,7992.52843
25.843389,79,7995.827625
59.67944,145,8001.86275
55.263437,143,8007.809524
61.594731,146,8013.882439
40.860007,119,8018.876311
59.761366,147,8025.047034
60.054652,147,8031.109684
50.518648,129,8036.493477
29.442976,73,8043.970114
61.274614,149,8050.216529
48.678393,128,8055.534524
57.79927,144,8061.527884
28.539352,76,8064.700277
48.952032,130,8070.069528
61.390693,145,8076.080558
17.222486,47,8078.040577
26.264745,82,8081.4439
47.072707,112,8086.188999
26.339255,87,8089.796012
62.545987,141,8095.707629
59.711373,143,8101.688753
29.625415,83,8105.210775
41.725865,115,8109.987485
61.65948,141,8115.861158
62.57366,139,8121.618228
56.753737,147,8127.704875
62.522244,146,8138.176733
61.406384,138,8143.835101
32.720817,92,8147.660924
62.628866,148,8153.822552
-1.719766,8,8154.157909
28.110532,75,8157.325907
41.252874,104,8161.657359
57.481885,145,8167.705528
46.854407,119,8172.634956
61.017811,146,8178.719611
33.24837,86,8182.27954
60.346787,138,8188.056652
59.265585,144,8194.02433
53.332577,137,8199.71762
32.522009,98,8203.817655
13.140306,68,8206.632852
61.396328,144,8212.549831
61.820016,147,8223.000166
63.124816,143,8228.929076
60.186085,146,8234.922413
59.397063,141,8240.768469
62.82727,149,8246.887958
59.976484,139,8252.560952
60.524758,146,8258.563164
62.291962,143,8264.483173
33.183392,83,8267.95253
16.23156,41,8269.67726
53.477328,140,8275.499736
59.425865,142,8281.290555
40.662276,97,8285.337401
11.423554,41,8287.051458
60.067708,150,8293.308614
59.471374,140,8299.093673
64.52579,147,8305.214476
58.078405,148,8315.697194
63.06792,142,8321.585696
56.782065,143,8327.563442
55.849011,145,8333.570399
54.085478,141,8339.403363
62.180547,146,8345.543342
60.505671,153,8351.909517
59.156218,140,8357.705255
26.109719,63,8360.309049
58.385736,149,8366.544313
21.568998,67,8369.342728
52.341043,141,8375.162923
59.423703,145,8381.131857
61.116853,151,8387.422392
59.549614,142,8393.340874
58.952631,148,8403.868349
56.667079,153,8410.232253
59.160329,145,8416.241027
25.86299,77,8419.42193
56.05793,144,8425.442341
59.36428,145,8431.41913
39.525122,113,8436.122012
60.641529,145,8442.151499
59.236858,153,8448.49715
16.218628,60,8450.989162
61.36279,144,8457.022843
59.191908,139,8462.85725
24.568459,77,8466.019139
42.411048,120,8471.011602
53.321639,136,8476.680791
60.845249,149,8482.806377
58.406965,146,8493.172728
57.482829,141,8499.006702
21.608747,59,8501.507689
59.568963,140,8507.255121
22.625952,80,8510.598037
59.766382,146,8516.601947
55.658679,141,8522.381128
55.460391,142,8528.239345
58.010004,145,8534.346179
55.264088,138,8540.02587
37.019136,96,8544.026471
59.209136,147,8550.10746
56.262236,145,8556.098595
61.511345,146,8562.200889
58.205602,144,8568.213335
60.879856,144,8574.207931
36.918886,93,8582.430064
17.343026,59,8584.908806
22.728553,54,8587.181358
59.455396,139,8592.940031
23.116413,59,8595.397079
60.599252,140,8601.246482
58.327717,141,8607.117779
57.171108,146,8613.127431
57.641119,139,8618.897907
51.305721,129,8624.320379
9.782473,36,8625.826938
59.895731,140,8631.644893
44.483038,108,8636.165983
20.089872,53,8638.409558
60.574419,138,8644.125919
59.839097,140,8649.91087
60.400083,148,8656.1267
12.712888,34,8657.561332
28.329752,76,8660.766394
8.644702,23,8661.733541
59.550628,142,8672.177651
62.550623,145,8678.261209
37.039072,110,8682.766445
62.123387,146,8688.743325
56.453979,128,8694.078532
47.147096,125,8699.297701
56.101817,147,8705.418849
22.907405,77,8708.615309
60.194795,140,8714.498883
58.474487,141,8720.292589
59.965799,141,8726.11513
62.687355,142,8731.929501
19.823426,53,8734.168502
42.312209,122,8739.220734
62.00192,145,8745.197625
44.853287,121,8750.171023
28.724195,90,8753.909099
59.413549,146,8764.318741
2.948111,19,8765.130604
57.798256,147,8771.212535
58.233717,150,8777.422209
54.791533,143,8783.364873
62.288745,147,8789.445831
58.247802,144,8795.397242
60.068829,148,8801.52351
55.428275,138,8807.233018
57.190665,154,8813.57636
59.443041,153,8819.936116
57.281239,143,8825.877387
52.346807,147,8831.956415
49.769032,135,8837.563732
56.69935,147,8847.946281
24.564662,95,8851.875767
58.371549,146,8857.939133
54.755418,153,8864.319241
35.628755,122,8869.36777
57.54516,160,8875.985564
59.538946,143,8881.924689
23.145099,79,8885.193956
50.318672,151,8891.415926
24.709162,88,8895.050005
60.309327,148,8901.151283
60.795733,141,8907.003517
58.723786,150,8913.190734
19.909771,79,8916.477583
58.598805,145,8922.486369
45.408915,138,8928.213728
58.119559,154,8938.964191
10.174669,42,8940.734196
55.332521,143,8946.6255
43.949035,133,8952.092073
58.521823,145,8958.126779
59.485806,146,8964.139258
59.996712,146,8970.169001
59.965644,147,8976.286321
34.619665,105,8980.656506
48.414053,138,8986.359439
61.261938,151,8992.659115
56.988751,141,8998.490416
62.376107,149,9004.650408
59.152332,149,9010.87543
62.325047,149,9017.023798
62.667742,149,9027.596633
60.415172,140,9033.353663
36.415591,110,9037.930618
59.92323,146,9043.937505
47.919173,118,9048.781215
59.854989,154,9055.136079
25.492714,74,9058.228688
35.361517,107,9062.692484
47.708565,128,9068.033821
33.670138,97,9072.028486
59.570738,154,9078.356943
44.78189,114,9083.052201
60.161571,145,9089.050765
57.922995,144,9095.021876
59.405335,145,9101.048227
60.254146,159,9107.630522
59.45853,148,9118.043211
17.009034,46,9119.98241
59.089898,156,9126.446768
57.158793,142,9132.415687
14.289453,38,9134.020962
48.604337,126,9139.226505
60.524238,149,9145.412545
57.411587,147,9151.566398
18.955097,56,9153.872585
33.687669,106,9158.280544
56.474584,140,9164.091113
56.216207,138,9169.794659
40.650317,111,9174.445399
57.030308,146,9180.472273
59.979749,144,9186.45619
57.089933,152,9192.791057
59.641644,151,9199.046018
28.37866,76,9206.626639
55.714352,150,9212.85761
56.727174,154,9219.264349
58.873151,151,9225.591604
12.369759,33,9226.984743
59.012628,150,9233.203311
60.23439,150,9239.455685
59.871396,146,9245.493967
59.140876,149,9251.642284
60.209052,143,9257.573881
10.842441,27,9258.698565
58.365222,142,9264.550539
22.325231,79,9267.81717
45.499022,126,9273.139275
52.794649,145,9279.209115
59.783213,150,9285.474581
