#{"t_start": 1774741229.6011522, "env_id": "continuous-highway-v0"}
r,l,t
3.969334,11,23.355986
3.541904,11,23.824051
3.08701,11,24.303734
4.758181,13,24.915585
3.531693,11,25.525449
3.453045,11,26.144095
4.743226,13,26.843802
0.003389,13,27.589672
2.287422,10,28.147736
3.645192,11,28.693887
3.613643,11,29.2061
4.005688,12,29.708434
3.426087,11,30.339047
-0.216845,12,31.056828
3.464514,11,31.681106
-1.398667,11,32.328189
4.032611,12,32.966365
3.800553,12,33.571539
3.734315,12,34.154848
4.055032,12,34.830908
1.951148,9,35.290696
-0.269238,12,35.881001
3.345633,12,36.426148
3.095037,11,36.970381
-0.562197,12,37.535221
-1.256929,11,38.082677
3.986177,12,38.706964
2.898813,10,39.204505
3.828493,12,39.854881
-0.93873,12,40.452718
-0.872304,11,41.016971
0.631551,13,41.629782
3.955512,12,42.197709
3.089548,11,42.706862
3.25918,11,43.220731
3.597968,11,43.739782
-1.329571,11,44.270412
-0.735102,12,44.721763
3.421438,11,45.15536
2.459212,10,45.571515
3.848454,11,46.018525
2.671319,10,46.418021
2.732172,10,46.803514
3.567523,11,47.211349
4.151201,12,47.760296
2.970308,10,48.29874
3.805026,12,48.914391
0.356316,13,49.597222
4.021798,12,50.149385
-0.498143,13,50.622254
-0.850173,12,51.1308
4.237362,12,51.647174
3.070235,10,52.056895
3.331876,11,52.514609
-0.351859,14,53.168236
4.115425,12,53.637851
3.2506,10,53.978091
3.869352,12,54.433469
3.651113,11,54.906299
-0.904668,12,55.423816
2.844003,10,55.808211
4.70211,12,56.360726
4.973447,13,56.841744
3.025245,10,57.217077
4.436168,12,57.663205
-0.477805,12,58.117652
4.338055,11,58.524313
3.754527,11,58.922576
0.467442,14,59.436321
2.994,10,59.866396
-0.293814,13,60.358292
4.277133,12,61.008237
3.556984,10,61.566601
3.513105,11,62.163729
-0.641526,12,62.838079
4.369006,12,63.478614
3.759837,11,64.068152
3.670418,11,64.678916
3.228994,11,65.227485
2.919592,11,65.726056
3.269602,10,66.239277
4.190732,12,66.836902
3.554752,11,67.460721
3.637823,11,68.05837
4.154479,13,68.775042
3.699761,11,69.394624
3.526637,12,70.035802
3.295217,11,70.733567
2.397895,9,71.184916
3.55178,11,71.784392
4.117536,12,72.342243
3.504649,12,72.95972
3.611504,12,73.563119
3.445213,11,74.030152
1.922902,9,74.46751
3.127399,11,74.979721
3.683487,11,75.533586
4.004366,12,76.150618
3.613705,11,76.73922
-0.345899,14,77.474534
3.385337,11,78.091533
-0.54748,12,78.797259
4.0572,12,79.382735
3.512102,11,79.931188
3.47972,11,80.441337
3.48571,11,80.903558
3.574151,11,81.397626
3.65053,12,81.987729
3.590672,11,82.467142
2.81954,10,82.892339
3.611916,11,83.397498
4.015308,12,83.908016
3.39733,10,84.346218
3.607634,12,84.835812
-1.344056,11,85.250518
3.625916,11,85.668694
4.022697,12,86.121811
2.931768,11,86.574506
3.331003,11,87.005883
2.974538,10,87.419959
3.810984,11,87.844206
4.34226,12,88.277762
-0.6281,12,88.848763
2.565806,10,89.345181
4.368317,12,89.962857
3.412578,11,90.49972
4.086835,11,91.076968
3.433357,11,91.682194
2.517401,10,92.182796
4.0215,12,92.915783
4.387272,12,93.832687
3.30024,11,94.521644
2.920566,10,95.079824
3.464175,11,95.679989
3.825191,12,96.292838
3.471291,11,96.909297
3.583412,12,97.477902
3.358633,11,97.990817
2.941051,10,98.486848
-0.50729,12,99.058649
-1.255972,11,99.651958
3.817419,11,100.181495
4.110289,11,100.705642
2.969578,10,101.197795
3.980348,13,101.835253
-0.863087,12,102.333444
-1.92937,11,102.856019
4.038926,12,103.437292
4.613894,13,104.122743
3.72922,11,104.657072
-0.669094,12,105.246809
4.395531,12,105.827128
3.505251,11,106.322741
3.974537,11,106.73697
4.095471,12,107.232371
4.346605,12,107.721342
-1.535779,11,108.207788
2.95943,10,108.710307
-1.396038,11,109.318064
-0.930296,12,110.034467
-0.867887,11,110.66745
-0.973591,12,111.318009
3.762663,12,111.981809
3.469876,11,112.550045
3.51959,11,113.101972
3.411985,11,113.708154
3.30585,11,114.302509
4.855202,13,114.906564
3.095034,11,115.440976
-0.626599,12,115.977813
-0.609055,12,116.564989
4.5248,12,117.08938
3.580192,12,117.661464
3.062943,10,118.137706
4.686968,13,118.721446
0.278018,13,119.416401
-2.061611,10,120.058819
3.576702,11,120.64802
4.699559,13,121.381726
3.383712,11,124.392209
3.681203,11,124.840064
-0.834202,12,125.401052
3.464516,11,125.886518
4.296867,12,126.444773
-1.895882,11,126.929184
-0.463774,13,127.491344
3.352104,11,128.026865
4.620411,13,128.610379
4.775822,13,129.2809
3.55502,11,129.784914
3.410627,11,130.259461
3.582457,11,130.727596
3.370923,11,131.182753
3.274773,11,131.718951
3.461021,11,132.357601
3.667794,11,132.933544
-0.742232,12,133.591153
2.599221,10,134.157008
3.32143,11,134.800551
3.878849,12,135.459942
3.485441,11,135.948185
3.587316,12,136.465389
4.086651,12,137.009588
2.994851,10,137.488108
3.004043,11,137.994025
4.018467,12,138.50055
2.869141,10,138.937636
2.665924,10,139.418276
2.930589,11,139.891908
-0.465025,12,140.381191
-0.441068,13,140.905948
3.543949,12,141.462506
-1.455216,11,141.891397
3.696179,11,142.361375
-0.559138,13,142.92039
4.435759,12,143.495375
-1.444019,11,143.976922
3.187132,11,144.543554
2.635504,10,145.02881
4.250969,13,145.627337
3.056315,10,146.100574
3.250097,11,146.589024
2.850506,10,147.037181
3.153813,11,147.566206
4.08074,12,148.123398
4.517562,13,148.631624
4.516824,12,149.080679
3.480064,11,149.545895
3.877289,12,150.292903
3.901403,12,150.9297
3.698486,11,151.523455
3.881998,12,152.039646
-1.026243,12,152.606912
3.411276,11,153.203261
2.854261,10,153.746761
3.542235,11,154.319598
3.654911,11,154.91929
-1.186033,11,155.473298
4.455748,12,156.003531
-0.995906,12,156.626036
3.717657,11,157.156039
2.79308,10,157.691199
4.218649,12,158.391928
3.669704,11,158.977013
3.556257,11,159.629378
3.33896,11,160.189717
3.28004,11,160.726519
4.688993,14,161.427932
2.928807,10,161.915883
3.93761,11,162.449428
-1.615981,11,163.015636
4.418196,12,163.715437
-0.980481,12,164.277686
3.78815,11,164.812199
3.348366,11,165.311791
-1.112689,11,165.87482
2.669684,10,166.382312
4.23652,12,167.001146
3.002816,10,167.495756
2.43768,10,167.988106
3.584362,11,168.553921
3.389563,12,169.156155
3.203533,10,169.590757
3.67545,11,170.143125
3.951218,12,170.700437
-1.321239,11,171.227817
3.5862,11,171.758347
4.506633,12,172.29792
3.75416,12,172.858254
-1.342949,11,173.385304
3.19609,10,173.798504
3.171601,11,174.285167
3.682561,11,174.782253
-1.439964,11,175.284631
3.79459,12,175.829011
4.279467,13,176.328116
3.708809,11,176.748495
3.058538,11,177.16805
4.455933,13,177.664338
3.468083,11,178.103248
3.839253,11,178.656288
2.446204,10,179.207
2.441473,10,179.806839
-1.001491,12,180.413205
4.343892,12,180.911626
3.428031,11,181.556574
1.92454,9,182.069609
3.358621,11,182.698008
4.570272,13,183.459005
2.580704,10,183.989436
3.325804,11,184.575795
-1.121783,12,185.160444
3.63495,11,185.705696
-1.011432,12,186.304869
-0.145163,13,186.913158
-0.338457,13,187.566984
2.850628,10,188.169468
-1.539805,11,188.757854
3.219445,10,189.344872
4.288755,13,190.083496
3.416176,12,190.745713
2.977944,10,191.366574
3.238048,11,191.956544
3.008744,10,192.454761
-1.6162,12,193.087188
3.345888,11,193.64208
3.931259,11,194.228981
3.39028,11,194.740264
3.578973,11,195.325741
3.92118,12,196.00057
4.703109,13,196.704874
3.071369,10,197.234956
3.953709,12,197.935199
3.546681,11,198.563628
2.766784,10,199.148687
3.690359,11,199.750593
3.607736,11,200.342587
3.393281,11,201.041817
3.797799,12,201.681668
-0.468606,12,202.325181
3.115291,11,202.856377
3.571283,11,203.39743
4.183408,12,204.023539
3.58369,11,204.547442
4.201752,12,205.165377
3.686188,12,205.746884
-0.951847,13,206.538202
3.461686,11,207.082884
-0.58592,12,207.629009
3.213389,10,208.115095
-1.119195,11,208.640812
3.499633,11,209.15553
4.848748,14,209.826864
3.827465,12,210.410438
3.550563,11,210.940384
3.204831,11,211.478983
4.380623,13,212.279944
-1.050262,12,212.960752
0.49814,15,213.873649
-0.840772,12,214.486565
3.7782,12,215.070332
4.257466,12,215.635217
-0.49471,13,216.28833
4.071738,12,216.852859
2.551933,10,217.346383
3.453249,11,217.876956
2.721669,10,218.329534
3.052076,10,218.779287
3.993709,12,219.405881
3.735963,11,219.935849
3.678774,12,220.525805
-1.290061,11,221.073405
-1.29357,11,221.586834
3.508331,11,222.128293
3.898633,11,222.602696
-0.635488,12,223.16592
3.85007,12,223.720988
-1.002418,12,224.350095
3.007491,11,225.009022
-0.960931,12,228.270883
3.329296,11,228.771854
3.515637,12,229.29855
-0.039788,13,229.889132
3.492922,12,230.472305
4.273696,13,231.098543
4.58378,13,231.686989
3.33099,11,232.172098
3.615956,11,232.712421
4.070798,12,233.266484
-0.73564,12,233.786391
3.558605,11,234.24592
4.000358,11,234.683561
3.590312,11,235.125247
4.575465,13,235.636554
4.09315,12,236.098337
2.375246,9,236.457669
2.915841,10,236.829176
3.413139,11,237.265263
4.207758,12,237.889972
3.382852,11,238.501273
2.689173,10,239.044675
2.575555,10,239.54095
-0.917197,12,240.149893
-0.049589,13,240.757376
3.804572,12,241.245499
3.533034,11,241.745476
3.859454,12,242.265792
3.920726,12,242.742894
3.646818,11,243.144872
3.327595,11,243.560708
2.470011,10,243.93689
4.778964,13,244.447703
3.319115,11,244.876203
3.556061,12,245.331372
-0.779267,13,245.821464
3.14867,11,246.252041
3.579695,12,246.786646
3.031545,11,247.420342
3.897479,12,248.154838
4.096316,12,248.867391
2.988454,10,249.555239
3.610815,11,250.229763
4.227123,13,250.937988
3.160636,11,251.455458
2.684792,10,252.143083
3.03274,11,252.721533
-0.705635,12,253.37873
3.968307,11,254.030935
2.860797,10,254.636849
-0.220441,13,255.318044
3.590586,11,255.897988
-1.801865,11,256.557954
3.159584,11,257.165864
3.078421,11,257.719353
-0.626535,12,258.319881
3.463132,11,258.881233
2.702854,11,259.433443
3.324144,11,260.011541
-1.610359,11,260.55934
4.723802,13,261.215421
2.546109,10,261.74368
-0.249672,12,262.328279
-0.878731,12,262.962021
3.426848,12,263.731026
3.332299,11,264.415088
4.16485,13,265.139534
-0.922086,13,265.822109
3.86997,13,266.477852
3.267414,11,267.001357
3.157575,11,267.521847
-1.061501,12,268.042247
3.390394,11,268.53491
4.016477,12,269.104101
3.183973,11,269.601268
4.018054,13,270.227044
0.239107,14,270.899951
3.744876,11,271.447319
4.561042,12,272.094051
3.499221,11,272.685807
3.83557,12,273.338181
4.528888,13,274.114562
3.415739,12,274.804449
4.262223,12,275.455324
2.953691,11,275.973598
2.567439,10,276.431008
-1.246036,12,276.949048
2.725778,10,277.402026
3.192388,11,277.983875
-0.622957,13,278.546918
3.459922,11,279.031194
-0.566102,12,279.58657
3.342602,11,280.107099
4.359701,12,280.701716
3.444674,11,281.262105
4.978377,14,281.9556
2.625346,10,282.509554
3.507819,11,283.085844
4.934978,13,283.927852
3.654306,12,284.607397
4.002495,12,285.184294
4.40971,12,285.825305
4.377648,13,286.402559
3.202915,11,286.921771
3.516251,11,287.623088
3.713145,12,288.159219
2.129335,9,288.577117
3.316545,11,289.087584
3.873526,11,289.579976
3.278377,11,290.123861
3.696871,12,290.721063
3.143435,11,291.235583
3.860252,12,291.757202
2.733614,10,292.176842
2.319532,10,292.591503
4.288271,12,293.140731
2.707814,10,293.541585
-1.443816,11,294.04654
3.854968,12,294.742653
3.690752,12,295.400296
2.678921,10,295.921477
-0.448057,13,296.581428
4.22693,13,297.360251
-0.335113,13,298.069089
3.952017,12,298.631286
4.249043,12,299.205528
-0.757377,13,299.834048
3.637157,11,300.377925
3.299976,11,300.904107
2.093959,9,301.340331
3.934585,12,301.995834
-0.860658,12,302.62344
-0.588163,12,303.198665
-1.68321,11,303.71465
3.657638,12,304.270829
4.673116,12,304.80481
3.454814,12,305.339326
3.777758,12,305.883408
3.702439,12,306.480592
3.12433,11,306.974145
2.917441,11,307.473087
3.36905,11,307.981765
3.290135,11,308.526938
3.641646,11,309.032426
4.673846,13,309.714514
4.086446,12,310.363064
3.573631,11,310.970906
2.914465,10,311.535898
3.435673,11,312.17466
-1.332387,11,312.83946
4.256467,12,313.332524
5.196211,14,313.990183
2.790323,10,314.464033
-0.120415,13,315.163377
-0.998271,12,315.727253
2.937503,10,316.180345
4.513574,12,316.741661
-1.408028,11,317.262211
3.254111,11,317.802603
3.440353,11,318.326823
3.439292,11,318.846617
3.110167,11,319.346501
-0.846851,13,319.988489
4.325147,12,320.534513
3.806089,11,321.049613
3.593301,11,321.565054
-0.14609,13,322.123917
3.51723,12,322.622951
4.027342,13,323.279958
3.494815,11,323.897027
-1.285479,12,324.491102
-0.010498,13,325.191232
4.363903,12,325.91539
3.503024,11,326.520206
3.022716,11,327.162722
3.208264,11,327.805082
-0.086133,13,328.461099
-0.119388,14,331.549836
3.720988,12,332.146484
-1.014796,12,332.709781
2.647796,10,333.232248
3.477451,11,333.778214
-0.372092,13,334.357259
2.671957,10,334.842927
3.54642,11,335.331082
-1.119767,12,335.888989
-1.885528,10,336.401488
-0.187306,13,336.989989
3.292156,11,337.505507
3.14959,11,338.040885
2.519115,10,338.467871
3.932162,13,339.051009
4.103018,12,339.525183
3.316004,11,339.951308
3.435329,11,340.366346
0.230196,14,340.905222
2.84856,10,341.30872
4.347157,12,341.781562
3.545484,12,342.23756
3.076527,11,342.662302
-0.32774,12,343.132758
2.203618,9,343.60879
2.909113,10,344.122414
-1.371002,11,344.661183
3.263587,10,345.236457
3.54522,11,345.728406
3.41416,12,346.454991
3.317959,11,347.151277
5.049117,14,347.954221
-0.484312,12,348.710606
4.052369,12,349.440398
2.888163,11,350.021171
-1.252375,12,350.683898
-0.329408,14,351.315103
3.276811,10,351.796793
3.933599,11,352.354156
2.830594,10,352.779634
3.796791,12,353.273429
2.420381,10,353.716664
4.920776,13,354.309245
4.460182,12,354.892661
4.667223,13,355.493662
-0.636593,13,356.084851
-0.841195,12,356.625437
3.114291,10,357.052275
3.198964,11,357.55826
3.113334,11,358.043804
2.961648,10,358.525413
3.159512,11,359.040537
-0.480158,13,359.683777
4.257572,12,360.309319
3.330172,11,360.750557
4.043813,13,361.369848
2.525581,10,361.845911
-1.246919,12,362.384306
2.072392,10,362.824967
-0.867178,12,363.378888
3.231154,11,363.876162
3.665628,11,364.303544
-0.673169,13,364.854484
3.023277,10,365.264287
3.0834,11,365.721799
4.774691,14,366.375964
-0.424281,12,367.004173
3.327796,11,368.603997
3.069571,11,369.157749
3.857253,11,369.647427
-1.085224,13,370.221145
-1.154727,11,370.704203
2.539584,10,371.105912
3.255764,11,371.558369
4.225908,13,372.11683
3.7775,12,372.67886
4.428892,13,373.294958
-0.296692,13,373.852482
4.30252,12,374.466949
3.97418,12,375.042164
-1.478163,11,375.557994
-0.492836,13,376.152447
2.89245,11,376.71337
3.217139,11,377.308471
-1.495377,11,377.925718
-1.073039,12,378.585758
3.528558,11,379.213479
-1.021189,13,379.866539
3.613164,11,380.443316
3.709952,11,381.005255
2.132528,9,381.398059
-0.016699,14,382.072733
2.764396,10,382.618065
-0.957917,12,383.308945
4.108317,12,383.968286
-1.631255,11,384.578971
-1.911224,10,385.108589
-1.017191,12,385.762977
2.78183,11,386.281327
3.769004,11,386.7725
-0.498707,12,387.30834
3.667408,12,387.821344
2.751747,10,388.327808
-1.132645,11,388.821349
3.579209,12,389.342687
3.298463,11,389.849694
2.698279,10,390.297348
3.404756,11,390.843256
4.220063,12,391.428783
4.01216,12,392.086946
-0.923123,12,392.707601
4.168519,12,393.423514
-0.387877,13,394.143414
-0.943481,12,394.734222
4.559628,13,395.327881
3.221615,11,395.835785
2.796582,10,396.345482
4.03209,12,396.940001
-1.097038,12,397.46703
-1.554607,12,398.116129
3.393448,11,398.842406
3.632706,12,399.382371
2.640624,10,399.862515
3.729132,12,400.402173
-0.946555,12,400.961933
3.310696,11,401.450893
3.290749,11,401.911063
3.985196,11,402.414714
3.838186,12,402.921638
3.089015,11,403.412185
3.965671,12,404.056602
4.280651,12,404.72256
-0.729787,12,405.377938
4.360719,12,405.991102
-1.288708,11,406.609049
3.991331,12,407.262058
-0.466072,14,407.971116
2.679657,10,408.454464
-0.044702,13,409.041405
-1.715462,11,409.55798
3.660858,12,410.094299
3.366306,11,410.582114
3.713911,11,411.08697
2.751745,10,411.532663
4.178936,12,412.076896
3.361464,11,412.62063
2.356755,9,413.067908
-0.219435,14,413.727473
2.658262,10,414.18099
-0.391829,13,414.804466
-0.819361,12,415.386931
3.104815,11,415.905562
4.539272,13,416.531437
3.90782,12,417.067533
3.349559,12,417.604192
-1.485285,11,418.069269
3.646581,12,418.576216
3.766863,12,419.088127
3.571938,11,419.608275
3.747676,12,420.206525
3.28169,11,420.708666
3.98274,13,421.220233
3.928218,12,421.680247
3.284477,11,422.118528
3.071064,10,422.514132
3.703902,11,422.922872
-0.69754,13,423.490724
3.303877,11,424.456357
3.81022,12,425.167259
3.009117,10,425.735201
3.416882,11,426.332045
2.974269,10,426.80121
2.991528,10,427.289725
2.682105,10,427.753705
2.384718,10,428.274866
4.125164,13,428.857597
3.517607,12,429.400418
-0.396419,14,430.093697
4.53495,14,433.214582
3.063926,11,433.770375
4.155307,15,434.616396
2.982134,11,435.210423
4.35841,13,435.827936
3.384655,11,436.3113
3.756541,12,436.960942
3.749968,12,437.497684
-1.16714,12,438.037838
3.570269,12,438.570168
3.926402,12,439.146764
4.251819,13,439.688803
3.85816,13,440.234846
-1.097617,12,440.775745
3.708854,12,441.342882
3.638389,12,441.907283
3.709255,13,442.496567
3.108557,12,443.04451
2.189715,9,443.452461
-0.620229,12,443.984111
3.433549,11,444.539355
-1.085268,13,445.140342
4.196883,13,445.809804
3.234956,11,446.409228
4.433324,13,447.074657
3.399906,11,447.657927
-1.305393,11,448.329571
4.239773,13,448.99535
3.287464,11,449.505512
2.955073,11,449.997035
3.608638,11,450.527578
2.701422,10,450.998701
3.139703,11,451.502733
-0.962593,12,452.054506
4.464635,14,452.723841
2.209558,10,453.203473
3.259857,11,453.71469
3.686023,13,454.338063
3.649352,11,454.802778
3.378251,11,455.233074
4.004354,13,455.727234
3.984926,12,456.183688
4.150646,13,456.684795
3.504767,12,457.130618
3.414584,12,457.731658
3.865029,12,458.386009
3.886861,12,459.098566
3.486799,12,459.672959
3.001465,11,460.128708
-1.513604,11,460.65492
3.456147,12,461.229618
3.642734,11,461.738122
3.205481,11,462.234803
-0.62229,13,462.811493
3.596663,12,463.3892
3.323323,11,463.897851
2.850018,10,464.497943
4.001739,12,465.189501
3.198152,11,465.798287
3.312669,11,466.43166
4.152139,12,467.164425
-1.874476,11,467.787385
4.096262,12,468.442119
3.051484,11,469.028785
3.531114,12,469.762573
3.260056,11,470.478172
-0.990907,12,471.086355
4.382385,13,471.706148
4.590864,13,472.31694
4.857397,14,472.972008
-0.25618,13,473.619201
-0.059497,14,474.255618
2.519948,11,474.778202
4.03755,12,475.408001
-0.336578,13,476.052447
3.32289,12,476.586532
-0.254382,13,477.238185
-0.090595,14,478.08895
4.572422,12,478.646994
4.856593,14,479.482368
2.362721,10,480.007074
-0.372016,13,480.687225
-1.648764,11,481.195968
3.10482,12,481.771753
-1.00289,12,482.30137
2.777624,10,482.783105
2.941345,10,483.284187
3.904883,12,483.873272
3.820564,13,484.438159
-1.249551,12,484.992157
3.286526,12,485.55374
4.311912,13,486.129363
4.021815,12,486.623421
3.434358,11,487.157925
3.910866,13,487.749556
4.839396,14,488.338308
-0.072658,13,488.955456
0.034707,14,489.620238
3.014863,11,490.243764
4.110536,12,490.931318
-1.194685,12,491.583349
-0.75831,13,492.25428
3.446483,11,492.82803
3.003441,11,493.308117
3.76294,11,493.836533
-0.867731,13,494.470494
3.85742,12,495.006504
3.744504,12,495.462451
3.865034,12,495.917219
-1.191316,12,496.389021
4.145656,13,496.916475
3.319731,11,497.341092
-0.915665,12,497.857948
-1.514465,11,498.332778
4.352907,13,498.816832
3.516621,11,499.240146
3.520448,11,499.679977
3.894815,12,500.194419
3.327264,11,500.640169
-0.546458,13,501.22472
3.756113,12,501.897091
0.247145,14,502.670658
3.761037,12,503.242283
-1.093105,12,503.907097
3.634367,12,504.536861
3.688316,12,505.24277
3.920871,12,505.950565
-0.696055,13,506.603322
-1.167514,12,507.154842
4.159181,12,507.727123
3.807914,12,508.272944
4.119499,13,508.830189
3.184496,11,509.3439
3.583954,12,509.894144
0.025868,15,510.781174
4.328349,13,511.48435
2.84325,11,512.058878
3.879708,12,512.696
4.162775,12,513.353436
4.194506,12,513.911298
4.486979,14,514.592999
3.311994,11,515.11258
4.361936,13,515.724085
3.598565,12,516.305752
-1.389226,12,516.940315
3.23197,11,517.552596
3.648257,12,518.22067
4.302405,13,518.899028
-0.418541,13,519.62757
2.44085,10,520.256749
-1.468786,11,520.813776
3.174569,11,521.384636
-1.043944,12,521.973046
-0.812071,12,522.543625
3.370439,11,523.085144
3.750634,12,523.739358
3.527938,11,524.267302
2.75418,10,524.783855
3.558638,11,525.316326
4.382438,14,526.093713
4.014365,12,526.833153
3.544382,12,527.470887
-1.089765,12,528.118429
3.127617,11,528.61665
2.940695,11,529.123459
3.767574,12,529.72682
3.198174,11,530.27753
-1.192965,13,530.875088
-1.127072,12,531.410251
2.910548,11,531.908569
3.645325,12,532.468608
3.936671,12,533.047913
3.431342,12,535.835532
3.537905,12,536.509355
-1.074448,12,537.114929
2.914329,11,537.68945
3.58414,13,538.310104
2.374992,11,538.821143
0.404523,16,539.658144
3.082714,11,540.281981
3.595792,11,540.875331
3.700707,12,541.454013
3.985127,12,541.991489
3.477616,11,542.605002
4.124493,13,543.376242
2.768105,11,543.976514
4.628272,13,544.70714
3.89155,12,545.367622
-2.391583,10,545.797685
3.747454,12,546.420532
3.864135,12,546.95522
-0.752578,13,547.548668
-0.50482,12,548.095525
3.775438,12,548.678104
3.462886,11,549.142209
4.010804,13,549.706418
3.382685,11,550.171537
3.155947,11,550.65376
-0.490038,13,551.197376
-1.174693,12,551.655194
-1.253707,12,552.131882
4.499681,13,552.634661
4.150497,13,553.14606
3.757625,12,553.636904
3.459867,11,554.100972
3.529285,12,554.77182
2.605122,10,555.287401
-0.616421,13,556.033142
3.17346,11,556.603469
3.916478,13,557.336588
3.062197,11,557.958421
2.990941,11,558.598707
3.504182,12,559.323412
3.177485,11,559.912585
-0.340451,13,560.672807
4.135807,13,562.615556
2.865096,11,563.119917
5.224605,15,563.817244
3.652272,12,564.459096
3.998504,12,564.967114
-0.813842,13,565.524297
3.832678,12,566.15642
4.116157,12,566.778048
3.179012,11,567.406113
-0.237767,14,568.200486
2.779583,10,568.769627
2.993166,11,569.293044
2.488731,10,569.787896
3.252446,12,570.386936
2.448145,10,570.899931
3.262366,11,571.498128
-0.748144,13,572.174613
3.071515,11,572.75212
-1.113094,12,573.348227
3.864998,12,573.963602
-1.100369,12,574.525762
2.74089,10,575.008554
-0.062871,14,575.714126
3.530707,12,576.337237
3.313214,11,576.87857
3.43017,11,577.435894
-0.853286,12,578.037168
2.551334,10,578.62788
3.223739,11,579.121844
3.922857,13,579.740869
3.777521,12,580.279607
4.33813,13,580.924781
4.043595,13,581.536114
3.46929,12,582.033594
3.733123,12,582.547217
4.54643,14,583.196991
2.999521,10,583.625397
-1.229302,12,584.146551
-0.966629,12,584.697378
3.953594,13,585.293935
-1.028392,12,585.816503
3.256686,11,586.220382
3.58811,12,586.69786
-1.471303,11,587.234738
3.400048,11,587.659774
3.751195,12,588.136077
4.220786,13,588.667152
4.540114,13,589.173142
-1.296289,12,589.707048
3.055983,11,590.318555
2.214601,10,590.819533
4.281593,13,591.532514
-0.348212,13,592.259902
3.47662,12,592.961371
2.89937,11,593.533143
2.892017,10,594.066936
4.334842,13,594.775691
4.837432,14,595.601478
3.483268,12,596.245054
3.064208,11,596.731024
3.291605,11,597.285125
3.917161,12,598.06345
0.016008,15,598.912575
3.59328,12,599.764835
4.111995,12,600.448952
3.633595,13,601.022514
3.76298,12,601.528286
2.451849,10,602.01031
3.550201,12,602.548663
4.18931,13,603.152701
3.451992,12,603.678657
4.887184,13,604.287248
3.134357,11,604.781134
4.534828,13,605.409255
3.801292,11,605.951276
3.594848,12,606.538166
2.960981,11,607.065657
3.594419,11,607.581021
2.728194,10,608.095469
4.049486,12,608.670063
3.419728,12,609.298268
3.57585,11,609.820036
3.546844,11,610.380265
3.25939,11,610.859303
-0.501501,14,611.489238
3.758498,12,612.051716
3.536686,12,612.593317
3.752543,12,613.11498
4.108168,13,613.740668
3.562843,11,614.217949
3.378355,12,614.765841
2.829991,11,615.276026
3.896316,13,616.00611
4.143801,14,616.764011
2.965265,11,617.355401
4.723948,14,617.968277
3.828939,12,618.561409
4.465688,14,619.183914
3.506158,12,619.768403
3.639122,12,620.428574
4.050561,12,621.077863
4.029623,13,621.753395
3.821702,12,622.415212
3.950049,12,623.036985
4.051525,12,623.598224
3.193143,12,624.145831
3.35876,12,624.726141
4.504387,13,625.416195
4.344127,14,626.067967
4.541361,14,626.668835
3.205295,11,627.196052
-1.566758,12,627.802962
4.27143,14,628.474268
3.462405,12,629.032899
4.476165,12,629.686822
2.592648,10,630.249629
3.069439,11,630.894172
3.317485,11,631.470344
4.156652,13,632.12893
4.247014,13,632.699807
3.926061,12,633.24785
3.529053,12,633.840459
4.198655,13,634.442957
-1.439608,13,635.067003
3.408412,11,635.57626
4.759403,15,636.253318
3.475137,12,636.859153
4.099942,13,640.187747
-1.219997,13,640.768671
3.903712,13,641.398258
2.76703,10,641.888003
4.069694,13,642.46202
2.954981,11,643.005406
-0.77993,13,643.625332
3.232846,12,644.165612
4.217586,13,644.756985
4.042284,13,645.408054
3.679161,12,645.964859
4.063192,12,646.529094
-0.926745,13,647.144706
3.869559,13,647.749799
2.780097,10,648.326296
2.598566,10,648.944438
4.17825,14,649.681695
2.74507,10,650.223783
-1.526599,11,650.805024
4.058022,13,651.542371
3.679569,12,652.223275
-0.347983,14,652.941453
-0.245607,14,653.605303
-0.701273,13,654.233756
3.235946,11,654.794935
3.403668,11,655.332146
-1.10699,12,655.905544
-0.761988,14,656.530219
4.392423,13,657.151856
3.100231,11,657.660201
3.239943,11,658.143908
3.187973,12,658.655698
-1.626478,12,659.117217
3.56973,11,659.566301
3.229026,11,660.039978
3.603259,12,660.56666
2.73772,11,661.021056
3.451468,11,661.676111
3.860726,12,662.383653
2.315447,10,663.017883
3.731679,12,663.725677
2.397817,11,664.532675
3.564107,12,665.167974
4.217543,13,665.705014
-0.578104,14,666.308424
-0.697001,13,666.896363
4.623829,13,667.529028
3.439783,12,668.061301
3.681477,13,668.726171
-0.870163,12,669.418561
3.12419,11,669.991014
4.430916,13,670.674307
2.695621,11,671.280431
0.342761,14,672.029105
-0.335708,14,672.679806
3.857026,13,673.281943
4.486981,13,673.86264
-0.858054,12,674.431593
2.289852,10,674.93713
3.229674,11,675.449158
-1.389218,12,675.998712
-0.24247,14,676.692368
2.505423,10,677.149478
-1.209565,11,677.666005
5.111961,15,678.351573
4.850051,14,679.106748
2.917202,11,679.777524
4.55024,14,680.559848
-0.742597,13,681.389405
3.40402,12,682.10803
2.891805,11,682.704529
3.475999,11,683.305212
3.651383,11,683.857764
4.756678,15,684.55854
3.337306,12,685.194981
4.587892,15,685.906914
3.084412,11,686.452193
4.36558,13,687.096199
3.409015,11,687.587572
2.937963,11,688.16034
3.56106,12,688.850163
4.809763,14,689.549908
3.074654,11,690.116424
-0.735129,14,690.776631
-0.86098,12,691.387312
-0.386206,13,692.020488
-1.665384,12,692.632981
3.719373,12,693.243355
3.77923,13,693.948278
4.207274,13,694.630324
4.502809,13,695.354228
3.899236,12,695.934165
4.279128,14,696.608775
3.049375,11,697.139755
4.086053,13,697.76784
3.085298,11,698.356516
3.688507,13,699.075041
3.921115,12,699.758276
-0.885175,12,700.468352
-0.4969,13,701.194199
3.76686,13,701.889694
3.46117,12,702.604862
-0.788348,12,703.213078
3.105584,11,703.822268
3.533535,12,704.506705
3.599651,12,705.079988
4.035571,12,705.672147
2.894402,11,706.210567
3.631641,12,706.761876
3.316247,12,707.321888
3.723412,12,707.910058
3.119118,11,708.402355
4.447949,14,709.069546
4.225577,13,709.657188
4.089269,13,710.224202
2.861006,10,710.667232
3.554577,12,711.254905
3.492004,12,711.830582
3.353298,12,712.405009
5.370442,16,713.292402
-0.542837,13,713.905565
3.254622,11,714.411392
3.360722,12,714.926936
4.380766,13,715.500736
5.310245,15,716.136955
3.879424,12,716.672803
3.721534,12,717.222431
0.698922,15,717.847766
4.218514,12,718.323979
3.931458,12,718.820215
3.50645,12,719.284815
3.921472,12,719.737827
4.574758,13,720.246697
3.83908,12,720.750558
3.424448,12,721.265951
2.956942,11,721.71775
4.962642,14,722.303599
3.132677,11,722.911833
4.161074,12,723.695111
2.809267,11,725.912214
4.010615,13,726.540205
4.283975,14,727.151119
4.36958,13,727.631439
3.014105,11,728.08854
3.193202,12,728.588597
3.339472,12,729.07174
-0.982761,12,729.551643
-1.396265,12,730.028862
-1.066321,12,730.491874
3.245472,12,730.932305
3.107174,11,731.373486
3.211435,11,731.7832
3.134762,11,732.196319
3.403432,12,732.651764
3.624219,12,733.153524
-0.367342,13,733.888273
3.648503,12,734.570174
4.202707,13,735.354215
-0.154958,15,736.122406
-0.426959,15,736.851753
4.247355,13,737.634867
4.029041,13,738.390875
3.408854,12,739.126004
4.290441,13,739.85588
3.989829,13,740.581734
2.17634,10,741.13544
-0.812163,12,741.721556
3.437473,12,745.075231
4.578705,14,745.75706
3.027585,11,746.277704
3.70108,12,746.828403
3.778454,12,747.373439
3.450734,12,747.958306
3.481907,12,748.485914
3.151811,12,749.029635
2.898339,12,749.601977
2.874746,12,750.151163
3.189044,11,750.662973
-0.541314,14,751.293532
4.036575,13,751.917165
4.183196,13,752.548911
2.885266,11,753.159638
3.929066,13,753.937964
3.219115,11,754.547095
4.166632,13,755.282155
3.377558,12,755.935927
2.569624,10,756.431402
4.032109,13,757.146311
3.263871,12,757.783481
4.891038,14,758.509014
4.481292,12,759.091549
2.79874,11,759.618591
4.129526,12,760.166207
3.930935,12,760.756155
3.512631,12,761.273102
2.526577,11,761.807338
4.349838,13,762.4261
4.766411,15,763.145148
3.475514,12,763.707622
3.475381,11,764.151964
4.101654,13,764.77124
4.928559,15,765.440387
-0.541499,13,766.067547
3.072118,11,766.577861
-0.910895,13,767.215871
3.824453,12,767.854119
3.239399,11,768.377052
2.928797,11,768.903877
-1.86285,11,769.434089
3.750773,12,769.969451
3.756902,12,770.539348
4.721783,13,771.166882
4.121754,14,771.781138
3.469418,12,772.342767
3.606505,12,772.900788
2.770985,11,773.388937
3.403003,12,773.897906
3.622885,12,774.569645
4.363171,14,775.33975
2.580176,11,775.997363
5.251918,17,777.019413
-1.4629,12,777.721677
3.14629,12,778.314413
3.272811,12,778.873778
3.068012,11,779.364736
3.760612,13,779.938433
3.495844,12,780.498635
2.476882,10,780.976574
2.57336,10,781.426989
3.671101,13,782.021353
3.668046,12,782.551108
-0.174705,13,783.256979
4.023177,12,784.014267
4.312088,13,784.660926
4.246535,14,785.328769
3.147569,11,785.823269
4.349517,13,786.410731
-1.792608,11,786.892489
0.035131,14,787.598033
3.679929,12,788.203048
3.499104,12,788.810022
-0.760431,13,789.631503
3.685472,12,790.315434
3.338168,11,790.843802
3.024259,11,791.45645
3.344965,11,792.035604
3.839012,13,792.621767
2.68868,11,793.172111
3.383761,12,793.670669
2.846345,11,794.09993
4.027701,13,794.613262
3.752102,13,795.136604
4.066882,12,795.602812
3.420623,12,796.242426
3.353216,12,796.926511
4.426298,13,797.604878
4.384212,13,798.285991
3.615434,11,798.792143
-0.453025,13,799.419829
2.324893,10,799.916701
3.249106,12,800.603825
4.288557,13,801.356483
3.054575,11,801.996099
-0.634027,13,802.916736
3.941284,13,803.586719
3.467559,12,804.167119
3.342142,12,804.699662
3.708299,12,805.271639
3.502502,12,805.832892
3.423931,12,806.53226
0.061592,15,807.348148
3.223708,11,807.92198
4.864271,14,808.67162
4.289992,14,809.432377
3.258872,12,810.047595
3.384464,12,810.576933
3.712699,12,811.119445
-0.646085,12,811.698448
3.541965,12,812.310795
3.918095,12,812.867082
2.843217,11,813.369881
3.60691,12,813.916922
2.958359,11,814.400488
3.497117,11,814.913121
3.434172,11,815.435361
-0.589143,13,816.18134
3.855524,12,816.760818
3.955429,13,817.358366
-0.724742,13,817.998316
3.9582,13,818.6081
4.130436,13,819.195802
3.708062,12,819.785914
0.589235,16,820.416466
3.1445,12,820.87958
3.997159,12,821.364084
-1.477276,12,821.889169
0.163828,15,822.619681
2.305244,10,823.196671
3.909309,12,823.857736
4.383914,14,824.45218
4.233114,13,825.052812
4.136377,13,825.824562
3.750812,12,826.494615
2.670887,10,827.057958
3.75469,12,827.614074
-1.40566,12,828.123747
4.320745,13,828.728012
3.692194,13,829.506345
3.021825,11,830.118949
2.623878,11,830.767782
2.800306,11,831.477808
3.974805,12,832.186614
4.34313,13,832.90349
4.217919,13,833.653871
4.389044,12,834.372512
3.513255,12,835.090377
3.5096,12,835.787019
-1.102953,12,836.396801
3.804225,13,837.103672
-1.487358,12,837.739807
-0.434627,14,838.494563
4.310669,13,839.21348
-1.266475,12,839.874869
3.703724,12,840.652836
3.807356,12,841.377764
-0.403022,15,842.175258
3.855274,13,842.766125
-0.605909,13,843.371994
3.6742,12,844.043774
-0.035391,15,844.936525
2.937181,11,845.55815
-1.762857,11,846.177334
2.920286,11,846.789498
4.502818,14,847.472916
3.192159,11,850.522502
4.492396,14,851.14429
4.254839,13,851.753415
3.263858,12,852.453343
3.07461,11,853.103802
5.226953,15,853.898806
3.872193,13,854.710852
2.573893,11,855.340694
3.451395,12,855.957998
-0.249451,15,856.778099
4.925717,14,857.547766
3.901428,13,858.287325
-1.449374,12,858.935572
4.17004,13,859.606439
-0.255946,14,860.270901
4.558502,14,860.988742
3.351809,12,861.537311
4.018693,13,862.180734
3.046167,12,862.758826
2.970109,11,863.346288
-0.21729,15,864.123221
3.05095,11,864.749439
4.529993,14,865.457984
-1.258272,13,866.160408
3.865746,12,866.802261
3.897844,13,867.431169
-1.922394,12,868.038736
3.82744,12,868.644365
-0.764963,13,869.327916
4.262492,13,869.960443
5.09919,14,870.655467
-0.165872,15,871.388633
3.348057,12,871.931185
3.00234,12,872.544913
-1.087304,13,873.128727
3.758282,12,873.797194
2.606793,10,874.32052
3.62339,12,874.981003
-0.043487,15,875.896715
4.425543,14,876.526459
3.636573,12,877.035743
2.919586,11,877.505814
3.522251,13,878.087247
3.88355,12,878.640897
3.883628,12,879.134707
4.573228,14,879.742316
2.942156,11,880.208963
3.422596,12,880.675759
2.691233,11,881.103804
4.194733,14,881.829723
3.035015,11,882.410404
5.27366,15,883.15555
3.830252,12,883.663758
2.49307,11,884.139935
2.180161,10,884.592286
3.163158,11,885.071506
3.980427,13,885.71491
0.281017,16,886.45248
3.672026,12,887.034656
3.028475,11,887.674027
3.767768,13,888.340607
3.206484,12,889.031343
-1.423323,12,889.691838
-0.474394,13,890.341772
-0.474041,14,890.96934
3.784718,13,891.543467
3.820914,13,892.137509
3.750734,13,892.793197
-0.642528,13,893.559946
3.948261,12,894.266176
3.605916,12,894.965701
3.550931,12,895.529452
4.766708,14,896.168696
2.881022,11,896.670764
-0.18971,14,897.473706
3.730309,12,898.049014
3.464206,12,898.612599
3.422296,12,899.156466
4.278354,13,899.757211
5.06615,15,900.421941
2.860139,11,900.884027
4.130589,13,901.58712
4.317217,14,902.359738
3.372949,11,902.999115
2.95752,11,903.599645
4.16692,13,904.157755
4.565229,15,904.880424
-1.277544,13,905.496457
3.453419,11,906.132436
3.48586,11,906.976957
3.588795,13,907.827742
3.128788,11,908.457195
4.097623,13,909.070116
3.638942,12,909.651594
3.629557,12,910.226479
0.382485,15,910.962262
2.260168,10,911.436692
4.499434,13,912.054877
4.054335,13,912.66229
-0.656284,14,913.324287
5.009164,14,914.052157
4.352311,14,914.760519
-0.712773,13,915.377629
3.339907,12,915.982289
4.164902,14,916.624837
4.846898,14,917.40136
3.756244,13,918.03097
4.658222,15,918.820496
3.955792,13,919.457223
4.547062,15,920.194859
4.247945,14,921.009011
3.732578,12,921.741282
4.099535,14,922.524459
4.367139,14,923.331655
3.044868,12,923.976125
3.41654,13,924.722613
4.242335,13,925.441276
4.249427,14,926.035055
3.61349,12,926.591146
4.999314,15,927.321913
4.27021,13,927.913395
3.601575,12,928.504369
4.68946,14,929.10254
3.865444,12,929.700661
2.826744,11,930.205326
3.730993,12,930.793458
-0.241826,14,931.472764
3.990087,13,932.082037
3.673122,11,932.60168
3.515432,12,933.148777
3.367947,12,933.652885
3.295649,11,934.070962
4.454208,14,934.651916
3.790749,12,935.110315
2.846247,11,935.550331
3.58421,12,936.008927
3.584787,12,936.478705
3.35029,12,936.951523
3.220435,12,937.416696
5.275019,17,938.06747
3.963638,13,938.560925
3.2998,12,939.012099
3.118994,11,939.430638
3.511477,12,939.888169
4.503087,14,940.584049
3.138241,12,941.292198
4.78432,14,942.0942
2.932981,11,942.571128
3.533459,12,943.101677
3.983423,13,943.710699
-1.458644,12,944.31619
2.9783,11,944.871966
2.925906,11,945.41692
4.443025,13,946.020224
-0.870695,13,946.641397
4.046152,13,947.358558
3.040982,12,948.028871
4.679559,15,948.934853
4.29257,13,949.646677
3.889758,13,950.43149
3.823472,13,951.109723
-0.014282,15,954.649083
0.275303,16,955.348927
-0.513976,14,956.028326
3.980951,12,956.57328
-0.674893,14,957.231673
4.535835,15,958.795902
2.760712,11,959.326924
3.205683,12,959.997122
3.450108,12,960.715245
3.953451,13,961.376046
2.871052,11,961.840054
2.44112,11,962.388024
-1.092386,13,963.01855
4.899184,16,963.77829
3.346556,12,964.285333
3.082888,11,964.93564
2.855559,11,965.605479
-1.830031,12,966.312548
3.385355,12,966.886426
-1.421383,12,967.470365
3.241803,12,968.01392
-0.627427,13,968.688169
3.296972,12,969.338897
4.166238,14,970.183379
-0.715964,13,970.970509
4.215279,14,971.761829
4.907827,15,972.721425
3.789103,13,973.336982
4.760954,15,974.043576
3.61642,13,974.62288
4.567783,14,975.288064
3.606212,12,975.919158
3.826669,14,976.723979
3.856272,12,977.375604
3.445988,12,977.913823
4.12672,13,978.483428
3.881766,13,979.095158
3.158718,11,979.640191
3.600214,12,980.186311
3.265352,12,980.711222
2.751656,11,981.240214
-1.098274,13,981.805117
-0.782761,13,982.371238
4.566209,13,983.009694
3.458338,12,983.566566
-0.615925,14,984.252487
3.168855,13,984.826791
3.240054,12,985.39411
-0.447345,14,986.032619
4.194002,14,986.603935
4.259206,14,987.339824
3.157457,11,987.982294
3.5516,12,988.537652
0.071774,14,989.19626
5.153594,15,989.848079
3.54447,12,990.3799
2.715411,11,990.887891
3.210558,13,991.488713
-0.863176,13,992.095903
4.567005,15,992.796266
3.532378,12,993.411146
3.114673,12,994.01972
3.492281,13,994.752786
3.729118,12,995.447445
-0.806781,13,996.156772
3.370013,11,996.762079
-0.933049,13,997.398756
2.621021,11,997.94114
3.598364,12,998.478879
3.913776,12,999.033427
3.70829,13,999.648554
3.699815,13,1000.260055
-0.782861,13,1000.845292
-0.082813,14,1001.483697
4.397981,15,1002.095684
4.421563,14,1002.65126
3.060808,12,1003.143139
4.195864,13,1003.657623
2.180411,10,1004.037958
2.753899,11,1004.460892
2.750677,11,1004.87633
0.069024,15,1005.458318
2.84505,11,1005.886297
-0.019462,16,1006.498432
2.834048,11,1006.944703
3.756079,13,1007.615962
3.545512,12,1008.345013
4.388459,15,1009.194779
3.288185,12,1009.84749
4.207286,14,1010.448815
3.906594,13,1011.033988
3.459647,12,1011.60647
4.203781,13,1012.230973
3.562354,12,1012.806274
3.134977,12,1013.388931
3.206353,11,1013.899184
-1.190733,13,1014.537264
3.864857,13,1015.065278
2.858511,11,1015.505048
3.382121,12,1016.091428
3.143662,12,1016.841049
4.068682,14,1017.561588
3.207008,13,1018.422446
-1.334118,12,1019.077501
3.116084,12,1019.73059
2.514762,10,1020.287892
3.777829,13,1021.002827
4.775849,15,1021.701659
3.955714,13,1022.320957
4.135483,13,1022.991739
3.630703,12,1023.558396
3.301464,12,1024.057264
3.26829,12,1024.597519
3.049964,11,1025.174541
0.458985,16,1026.118638
4.652289,15,1026.958228
4.241595,15,1027.767371
4.350011,14,1028.419025
4.11361,13,1029.029124
-0.389117,14,1029.70182
3.683051,12,1030.355825
2.786102,11,1030.977841
2.93839,12,1031.719235
4.021805,13,1032.456203
4.115992,14,1033.211413
3.900004,13,1034.004578
-0.167041,14,1034.856695
-1.037863,13,1035.523865
3.806754,13,1036.201353
2.96988,12,1036.792961
3.965266,13,1037.541391
3.055812,11,1038.080197
3.952516,13,1038.688387
3.659989,12,1039.286723
2.398905,11,1039.817897
3.980524,13,1040.432858
2.682216,11,1040.894147
4.189961,15,1041.565524
4.477675,14,1042.184258
4.246966,13,1042.856341
3.675246,13,1043.452493
4.042854,13,1044.111967
3.212054,12,1044.710942
-0.536439,14,1045.388576
4.438728,15,1046.07015
4.734192,15,1046.870625
-0.269906,14,1047.574017
3.665819,12,1048.107389
2.895853,11,1048.643245
4.086634,13,1049.288486
2.840903,11,1049.898716
3.67048,12,1050.525147
3.634586,12,1051.094935
3.740034,13,1051.721608
2.840789,11,1052.232109
3.690561,12,1052.866554
4.268576,13,1053.477798
3.56696,12,1054.081278
4.91282,15,1054.738039
3.51119,12,1055.283053
3.76343,13,1055.889283
3.549106,12,1058.891581
3.790877,14,1059.483798
4.296566,14,1060.06203
4.557966,15,1060.656919
4.210793,14,1061.410628
3.178069,13,1062.10008
2.714107,11,1062.716772
3.342314,12,1063.294298
3.273529,12,1063.778668
3.908992,13,1064.336379
3.773878,13,1064.905613
4.984975,15,1065.540898
4.59861,15,1066.185592
3.512822,12,1066.789462
4.847822,15,1067.428788
4.173624,15,1068.102666
3.968446,14,1068.722236
2.53701,10,1069.190549
4.100736,13,1069.824639
3.340967,13,1070.395065
3.964889,14,1071.010612
2.723574,12,1071.5547
4.586823,15,1072.229618
3.402874,12,1072.789811
4.624466,15,1073.372394
4.135015,13,1073.93991
4.242283,14,1074.718336
-0.462554,15,1075.516675
3.170914,12,1076.226764
4.356126,15,1077.169343
4.615477,14,1077.938967
2.840312,11,1078.569614
4.117653,15,1079.363955
3.721204,13,1079.934103
3.827497,13,1080.578938
3.562298,13,1081.161836
0.239935,16,1081.888542
3.530871,13,1082.46263
3.39225,12,1083.007316
5.026613,15,1083.711013
4.624011,14,1084.364357
3.131655,11,1084.821328
3.499662,12,1085.369897
-0.271931,15,1086.116911
3.269483,13,1086.727592
2.603952,11,1087.238463
2.680299,12,1087.769728
4.35186,15,1088.512617
-0.501765,14,1089.152988
2.982179,12,1089.812558
4.005298,13,1090.535612
3.801434,13,1091.246032
3.881592,14,1092.008734
-0.143533,16,1092.817949
4.060913,13,1093.486126
4.303367,14,1094.187592
4.141913,14,1094.861656
4.777818,14,1095.551136
4.533084,15,1096.175647
2.10159,10,1096.593657
3.485641,13,1097.300721
-0.287722,14,1098.110635
3.690687,13,1098.837948
3.638096,12,1099.412741
-0.570884,14,1100.032367
4.777912,16,1100.757045
0.24515,16,1101.511554
2.610631,11,1102.017801
0.012947,16,1102.789834
-0.172667,15,1103.547193
4.839728,15,1104.384075
4.063023,13,1105.107306
5.074723,15,1105.896153
5.009513,15,1106.562708
3.282668,12,1107.09532
4.001468,14,1107.826546
-0.960895,13,1108.509276
3.974796,13,1109.152056
4.079712,13,1109.836984
3.761856,13,1110.558778
4.789051,15,1111.416409
3.826662,13,1112.106472
3.985631,14,1112.865039
2.886878,11,1113.471777
4.126096,13,1114.075525
3.256654,12,1114.641258
4.323466,15,1115.339842
3.658146,12,1115.884009
4.032205,13,1116.525977
3.745701,12,1117.192956
-1.375082,12,1117.787276
-0.673164,14,1118.453598
2.713593,11,1119.021374
3.541602,12,1119.668047
4.480439,14,1120.404252
3.772145,14,1121.206707
3.977765,13,1121.831792
4.801347,14,1122.460331
4.693311,14,1123.11392
3.222671,12,1123.684395
-0.382405,14,1124.312414
3.387064,12,1124.85722
2.885734,12,1125.422676
-0.351069,14,1126.116052
-1.33927,12,1126.752719
3.522479,13,1127.356618
3.776294,13,1127.994164
3.373819,13,1128.613666
3.772493,14,1129.292144
3.82164,13,1130.068
3.793876,12,1130.785866
0.115185,15,1131.568243
4.300534,13,1132.273347
3.879896,13,1132.977875
3.542376,13,1133.6046
4.074142,13,1134.253547
2.841505,11,1134.734764
4.518456,14,1135.394148
2.709682,11,1135.882447
3.519444,13,1136.508967
5.072927,16,1137.261134
3.444986,12,1137.882549
5.044701,16,1138.769953
3.806116,13,1139.565874
3.958291,15,1140.374619
3.353053,11,1141.017978
2.624441,12,1141.691161
3.076174,12,1142.231734
-0.823576,15,1142.927603
3.038406,11,1143.429706
4.269681,13,1144.073653
4.851871,15,1144.738415
2.511903,10,1145.181893
3.941476,13,1145.789849
4.066086,15,1146.470814
3.129782,12,1147.022134
3.67616,12,1147.569682
-1.592787,12,1148.12502
3.665388,13,1148.752684
3.362925,12,1149.320978
4.231178,14,1149.936077
-0.60954,14,1150.512427
3.867466,13,1151.041488
4.069013,13,1151.554791
2.815218,11,1152.13762
3.558145,13,1152.820889
3.739946,13,1153.56238
4.957674,15,1154.330637
3.339413,12,1154.879802
4.151287,14,1155.565029
-1.349684,13,1156.233768
4.056008,13,1156.785418
2.888285,11,1157.22211
2.453267,11,1157.756334
3.953206,13,1158.436744
2.845837,11,1161.767609
4.416701,14,1162.584451
3.867757,13,1163.392983
4.078027,14,1164.257386
4.497202,15,1165.111632
5.027431,16,1165.976716
5.077246,15,1166.744164
3.795665,13,1167.381306
2.003053,10,1167.884096
2.94089,12,1168.469316
3.871809,14,1169.144671
3.487104,12,1169.79442
4.876092,15,1170.454702
4.098645,14,1171.073771
2.826499,12,1171.783702
5.730819,19,1172.809779
-2.002073,12,1173.467574
3.912813,14,1174.101963
-1.10953,14,1174.646043
3.536534,13,1175.336318
3.501338,12,1175.995104
4.833793,16,1176.899237
3.230382,12,1177.659261
3.126341,12,1178.458376
3.755523,13,1179.234735
4.050857,13,1179.855868
3.809784,14,1180.732176
3.68749,13,1181.492123
4.0895,14,1182.330317
3.822733,14,1183.085016
3.740263,13,1183.739733
3.341186,12,1184.389229
3.98356,13,1185.125851
3.341244,12,1185.761784
3.56387,13,1186.479955
4.045946,15,1187.192805
-1.284673,13,1187.865999
3.86574,13,1188.50695
-1.159703,14,1189.176093
4.715478,15,1189.84362
4.269308,12,1190.313682
3.618329,13,1190.944116
4.448206,14,1191.666178
-0.710029,13,1192.384322
-1.258819,13,1193.121801
4.367861,14,1193.775455
3.182289,12,1194.420109
3.569213,13,1195.122452
3.657227,13,1195.88994
3.544737,13,1196.658387
3.986734,15,1197.898
3.228725,12,1198.535805
3.519579,13,1199.304147
-1.121543,14,1200.03623
4.831941,16,1200.808222
3.52183,14,1201.538921
-1.363533,13,1202.259197
4.21905,13,1203.180732
5.146656,17,1204.196319
3.739793,13,1204.844506
3.93952,14,1205.518824
3.923759,14,1206.192326
4.204409,14,1207.813899
4.366629,14,1208.542887
4.324798,14,1209.317101
4.773249,16,1210.172582
3.784661,13,1210.920333
-0.891935,14,1211.805904
0.043826,15,1212.669751
4.136615,13,1213.350707
-1.163723,13,1213.973228
3.811537,14,1214.640247
3.818941,14,1215.30531
3.450185,12,1215.922705
3.14292,12,1216.497831
-1.46381,12,1217.12205
3.976014,14,1217.922305
2.705089,12,1218.587533
3.929458,13,1219.308346
3.750959,13,1220.024855
4.014771,13,1220.807189
2.482807,10,1221.387515
3.602494,13,1222.056766
3.427752,13,1222.698953
2.891703,12,1223.275357
3.205819,12,1223.832247
3.597941,12,1224.397437
-1.761451,12,1224.995725
-0.842687,13,1225.63536
-1.067254,13,1226.293665
5.162665,17,1227.125429
-0.745978,14,1227.792806
-0.158832,14,1228.436747
4.626028,15,1229.173389
3.515103,13,1229.813818
3.719601,13,1230.448637
3.603997,14,1231.113917
4.288367,15,1231.780984
-0.303713,15,1232.502658
3.437792,14,1233.195533
-0.003457,15,1233.878048
3.919436,14,1234.556317
-0.031119,17,1235.244117
2.976298,12,1235.75909
3.455259,13,1236.285149
4.556857,15,1236.914968
4.097136,14,1237.482935
4.825466,16,1238.119246
3.108307,12,1238.621043
3.832938,13,1239.162096
4.772345,14,1239.887498
0.016689,16,1240.750643
3.561418,14,1241.504992
3.206331,12,1242.173199
3.998298,14,1242.810975
4.821544,16,1243.544034
-1.058561,13,1244.152148
3.53511,13,1244.674031
2.989025,12,1245.157859
4.033612,14,1245.886511
3.168399,13,1246.603272
-0.938232,14,1247.43111
3.298369,13,1248.152196
3.025079,12,1248.815446
3.508101,13,1249.62694
3.879871,13,1250.250626
3.708706,13,1250.877805
4.436821,14,1251.560281
4.286748,14,1252.487967
4.774946,15,1253.42671
3.521151,13,1254.164881
4.429179,15,1255.012702
3.729021,14,1255.752997
2.738115,11,1256.266382
3.572417,13,1256.893793
2.796232,12,1257.463265
4.432284,15,1258.152566
2.67027,12,1258.72373
3.700522,13,1259.336785
4.663122,15,1260.237297
3.55794,13,1260.937401
4.02457,13,1261.570195
2.918193,12,1262.191785
3.558223,14,1263.011287
1.931519,10,1263.468196
4.661105,15,1264.197642
3.053004,12,1264.863434
3.818499,14,1265.591641
3.826256,14,1266.300549
3.732481,13,1267.097001
2.877353,12,1267.742124
2.778096,12,1268.390002
4.053707,13,1271.453265
3.901205,14,1272.128828
-1.19598,13,1272.783201
3.924256,14,1273.406001
3.93613,14,1274.059917
2.980461,11,1274.641357
3.450388,12,1275.212777
4.660073,15,1275.905818
-0.93566,15,1276.585832
3.28427,12,1277.111476
3.585404,14,1277.759957
3.45819,13,1278.347515
4.242177,15,1279.05116
3.748755,13,1279.788104
4.243127,15,1280.499899
3.83805,14,1281.18537
3.301644,12,1281.746765
4.241597,14,1282.373911
-1.611098,13,1282.996733
4.148461,15,1283.679769
3.507119,13,1284.259147
4.578985,15,1285.007059
2.695628,12,1285.574963
-0.671334,15,1286.297516
3.601832,13,1286.848962
3.921451,14,1287.410536
4.062735,15,1288.071582
3.707233,13,1288.821712
4.001465,14,1289.550122
4.225184,14,1290.397553
3.859894,14,1291.143881
4.449371,16,1291.859226
4.148984,15,1292.525861
3.39299,12,1293.081614
3.858193,14,1293.724629
4.041588,14,1294.372232
3.548919,13,1294.973735
3.484599,14,1295.603724
3.120922,11,1296.124344
4.975219,17,1296.805573
4.363883,16,1297.444731
4.424353,15,1298.054135
4.406789,15,1298.661119
5.253062,17,1299.364445
4.440785,15,1299.962209
-0.017019,16,1300.601487
3.059424,12,1301.09708
4.313059,15,1301.696961
4.241951,14,1302.25786
4.489118,16,1302.942246
4.65062,16,1303.777939
-1.736975,13,1304.480884
4.109509,15,1305.238901
3.324764,13,1305.783689
3.152673,12,1306.424195
3.580084,13,1307.134857
2.484474,11,1307.782949
-1.389981,15,1308.561984
3.67251,14,1309.225714
3.322618,13,1309.867628
-0.537654,14,1310.538979
3.333289,13,1311.171842
3.096321,11,1311.619408
3.253494,12,1312.235641
4.497536,14,1312.898132
5.438518,17,1313.844041
3.354704,13,1314.581294
3.536972,14,1315.365797
0.096525,16,1316.256077
3.897927,13,1317.014339
4.122936,13,1317.702796
3.663285,13,1318.40633
0.39978,17,1319.338407
5.583612,18,1320.246878
3.847447,13,1320.841731
4.0063,14,1321.47188
3.452631,13,1322.041903
3.059962,12,1322.579486
3.147995,12,1323.104236
3.397391,13,1323.7539
3.621706,13,1324.498947
3.797062,14,1325.303991
3.495108,13,1326.036743
4.299575,15,1326.842129
3.246987,13,1327.477981
3.322301,13,1328.09588
3.050254,11,1328.59355
3.514708,14,1329.249254
5.0587,17,1330.066219
4.463863,15,1330.765564
4.497976,15,1331.435775
-0.03072,16,1332.186368
2.411612,10,1332.600516
3.657566,13,1333.202216
4.570493,16,1333.896656
-0.634358,15,1334.552828
4.639325,15,1335.401586
4.012704,14,1336.101563
3.738804,13,1336.801624
-0.571758,15,1337.474218
-1.047794,15,1338.132797
4.704852,16,1338.982232
3.591381,13,1339.684908
3.078692,12,1340.387374
3.686713,13,1341.075043
-0.706183,15,1341.713668
-0.734252,15,1342.450662
4.223558,15,1343.163157
3.019854,12,1343.709242
4.979962,17,1344.51551
3.522554,12,1345.039483
-0.446854,15,1345.824038
2.683935,11,1346.40079
3.96616,15,1347.253173
2.838236,12,1347.921571
3.793825,13,1348.577347
4.065222,14,1349.232916
4.450423,14,1349.888027
3.875426,13,1350.484656
3.74265,14,1351.176877
4.1795,15,1351.916626
3.670305,13,1352.503279
2.770946,11,1353.014048
3.374668,13,1353.598767
4.147685,15,1354.30585
3.004918,12,1354.895867
4.596973,15,1355.574909
-1.613785,13,1356.287744
5.122626,17,1357.110014
4.311534,15,1357.89928
3.9433,13,1358.643339
4.330343,15,1359.483539
3.214939,12,1360.105792
3.73485,13,1360.794311
3.075116,12,1361.38682
3.409647,13,1361.957812
-0.923826,13,1362.553054
3.600415,13,1363.153871
3.642485,12,1363.683086
4.562447,16,1364.39473
4.610499,16,1365.106329
3.62766,13,1365.718501
4.117338,15,1366.403522
3.26597,12,1366.976281
4.451171,14,1367.672783
-0.943838,13,1368.278704
5.051569,16,1369.196539
4.333749,15,1370.096416
3.543441,13,1373.552046
2.69204,11,1374.04109
4.311914,15,1374.721641
3.595102,13,1375.337883
4.955276,16,1376.046182
4.852771,15,1376.766208
-0.360628,16,1377.47368
3.469293,13,1378.019554
4.138259,16,1378.637901
4.306449,16,1379.480627
3.623401,14,1380.2431
3.818528,14,1380.967559
2.803796,11,1381.548902
3.888434,14,1382.346532
2.949971,12,1383.019325
4.81104,17,1383.968842
3.002336,12,1384.601912
4.764589,17,1385.404166
3.62592,14,1386.039788
4.339402,14,1386.725501
0.561868,18,1387.532674
3.818718,14,1388.154886
0.544503,19,1388.992682
3.580613,13,1389.574319
3.41228,14,1390.229108
3.711538,13,1390.812005
3.729223,14,1391.441733
-1.163965,14,1392.113378
3.855435,14,1392.799761
5.023121,16,1393.683583
5.482738,18,1394.65891
4.181738,15,1395.481686
4.140228,15,1396.302336
3.423535,14,1397.173994
3.030775,12,1397.85461
5.061953,17,1398.722385
3.238341,13,1399.322045
2.506572,12,1399.925783
4.126293,14,1400.592512
-0.29565,16,1401.376177
3.829146,15,1402.115307
-0.78855,15,1402.84152
3.358386,13,1403.496341
2.979063,12,1404.10706
4.971149,18,1405.027562
3.306611,12,1405.647484
3.64468,14,1406.505739
4.032756,14,1407.313435
4.031715,14,1408.07025
0.593222,18,1409.058623
3.459097,14,1409.737303
3.83109,14,1410.446617
4.599324,15,1411.209966
4.976521,16,1411.946999
4.630505,16,1412.714838
-0.248123,16,1413.492521
4.152997,15,1414.291045
4.286661,15,1415.103242
3.821469,15,1415.982105
3.515431,13,1416.703054
2.568694,11,1417.278522
-0.280754,16,1418.207037
-0.998328,13,1418.880659
3.083823,12,1419.445678
4.342801,15,1420.170121
3.492902,14,1421.082743
3.398012,13,1421.714185
4.547082,16,1422.501017
3.478271,13,1423.177297
3.694533,13,1423.889893
4.438028,16,1424.821222
3.665703,13,1425.532756
4.106446,14,1426.282609
3.170378,13,1426.954724
3.851999,14,1427.661643
3.350301,14,1428.319232
3.361631,14,1429.004689
2.974936,12,1429.619381
5.183391,17,1430.430716
2.9552,13,1431.054496
4.607311,15,1431.735995
3.642356,14,1432.373612
3.495408,13,1433.079355
5.394096,17,1433.947772
-0.253392,16,1434.666687
-0.063644,16,1435.338551
3.181825,12,1435.828127
4.328998,16,1436.462497
3.663405,14,1437.042563
4.954588,17,1437.768936
3.355091,13,1438.562005
3.971562,14,1439.341551
4.133874,14,1440.111899
4.511575,15,1441.022874
4.232995,14,1441.824872
3.614704,15,1442.556123
-0.225527,16,1443.317225
3.794713,14,1443.995698
0.185111,17,1444.802752
-1.464303,13,1445.471727
3.663488,13,1446.165245
3.932046,14,1446.895308
4.015839,14,1447.694035
4.295749,14,1448.448566
3.595197,14,1449.101906
3.730507,14,1449.745692
3.737087,14,1450.403088
-0.703904,14,1451.049125
3.613949,13,1451.651233
4.030648,15,1452.368049
-0.794541,15,1453.111098
-0.962395,14,1453.815788
3.431714,13,1454.504966
4.525139,16,1455.352126
3.476427,14,1456.095969
-0.649231,14,1456.896564
3.532268,14,1457.697397
3.385114,12,1458.266091
-0.745071,15,1458.912596
4.055221,14,1459.595941
4.657399,16,1460.336898
2.896907,12,1460.899734
3.46259,13,1461.490041
3.261684,13,1462.069118
3.403351,14,1462.718683
3.463144,13,1463.306077
4.034242,14,1463.959024
4.025289,15,1464.646221
3.307271,12,1465.14875
0.030481,16,1465.889666
0.163829,15,1466.521133
3.049523,12,1467.003232
4.186051,14,1467.574788
3.407266,13,1468.094153
4.499125,16,1468.726909
3.675649,14,1469.289992
3.550978,13,1469.815246
-0.267155,15,1470.584356
4.973793,17,1471.5409
3.337137,14,1472.284229
4.808377,17,1473.175073
0.430601,17,1473.905776
4.181344,14,1477.186512
3.55839,14,1477.742456
3.209415,12,1478.206758
4.537203,16,1479.066527
4.131811,14,1479.876957
4.036254,16,1480.8223
4.255758,15,1481.695303
4.135427,14,1482.485664
3.30559,13,1483.324636
3.633292,14,1484.193955
5.195106,16,1485.101823
4.785782,16,1485.997764
4.358084,15,1486.710182
3.292214,13,1487.471952
4.087202,14,1488.204024
3.218384,13,1488.905447
-0.317332,15,1489.730562
0.072585,18,1490.796504
4.740891,16,1491.712136
-1.283813,14,1492.502725
4.637751,16,1493.436326
3.945046,15,1494.29098
3.832892,14,1495.072828
3.348634,14,1495.849085
3.910875,15,1496.700868
2.936636,13,1497.429179
3.416649,13,1498.086437
3.68883,14,1498.807263
4.803292,16,1499.606099
2.827973,12,1500.220776
3.525508,13,1500.856354
4.091586,16,1501.825477
4.712209,16,1502.783601
5.328893,17,1503.690449
4.554471,17,1504.46216
4.050706,15,1505.316154
4.793573,16,1506.167235
3.998074,15,1506.97276
2.942582,12,1507.580529
4.540221,15,1508.216848
4.69097,16,1508.996267
3.758781,15,1509.836079
-1.24904,14,1510.609642
4.239885,15,1511.409645
4.050392,15,1512.0366
4.233668,15,1512.828337
3.687175,14,1513.578382
4.215786,15,1514.431751
3.575228,13,1515.287241
3.717507,14,1516.061025
3.964363,14,1516.787246
3.50927,13,1517.392791
-0.149164,18,1518.24878
5.169712,18,1519.110837
3.717552,14,1519.841327
4.837412,18,1520.844882
3.291354,13,1521.643586
-0.406806,15,1522.464281
3.304531,13,1523.10397
4.195589,15,1523.807642
3.236681,13,1524.437411
4.384243,16,1525.21389
3.619729,14,1525.909152
3.738282,14,1526.446962
3.897033,14,1527.288433
3.714617,14,1528.140918
3.501583,14,1529.030497
3.387344,13,1529.932813
5.192835,17,1531.046743
4.399219,15,1531.925592
3.924815,15,1532.716354
4.142495,14,1533.404758
2.532236,12,1534.02197
3.792982,14,1534.724565
2.948377,13,1535.409186
4.458773,16,1536.187852
4.248872,16,1537.003665
3.369139,14,1537.695665
4.635125,17,1538.633851
3.644526,14,1539.477324
4.691218,16,1540.371295
3.070239,13,1541.019276
4.253131,16,1541.904012
2.753443,12,1542.433917
3.497435,14,1543.061212
4.569287,17,1543.940945
5.168769,17,1544.864695
3.200332,13,1545.635835
3.811369,14,1546.41573
5.00875,17,1547.241974
5.124152,18,1548.075174
3.459918,13,1548.704825
4.035191,14,1549.471657
3.727611,14,1550.238037
3.907385,15,1551.06412
3.412679,13,1551.757485
0.201386,17,1552.454876
-0.749914,16,1553.239386
3.659432,14,1554.054688
5.182436,16,1555.074749
-0.95779,14,1555.923125
4.42265,16,1556.821076
4.139307,16,1557.566608
0.114354,18,1558.522998
3.429686,14,1559.309863
4.934667,17,1560.275887
4.197464,15,1561.100424
4.155986,15,1561.832934
4.198336,15,1562.520044
3.319609,13,1563.133629
4.283794,16,1563.923511
4.464834,16,1564.810401
4.36205,14,1565.627623
2.501865,11,1566.26092
4.325165,15,1567.087369
4.409788,15,1567.982873
4.447991,16,1568.903215
3.823981,14,1569.724889
3.978549,14,1570.425821
3.622835,14,1571.23187
5.280319,19,1572.280049
4.429618,15,1573.134817
-0.701668,16,1574.016785
3.571873,13,1574.686943
-0.560005,15,1575.442788
3.790839,15,1576.219594
3.897926,14,1576.933534
4.227552,16,1577.7259
4.489407,16,1578.515644
-0.136039,16,1579.383655
3.791516,15,1580.075848
4.809926,17,1580.933713
3.549496,14,1581.603236
5.036862,16,1582.373713
3.70262,14,1583.025312
-0.321486,18,1583.857948
4.531655,16,1584.573218
4.375873,15,1585.181285
5.150357,17,1589.181482
-0.235623,16,1589.887698
3.776031,14,1590.530949
3.507583,14,1591.163134
3.464944,13,1591.796551
4.731766,17,1592.632481
3.487709,14,1593.312244
3.903996,14,1594.108768
4.70738,16,1594.977947
5.623233,19,1595.980905
4.139497,15,1596.665271
4.630992,17,1597.46525
3.797938,15,1598.209247
3.04436,13,1598.876932
2.954973,13,1599.540233
3.701214,15,1600.240628
-0.084848,17,1601.141987
4.164805,15,1601.937045
4.78378,16,1602.692163
3.016283,13,1603.349177
3.851364,14,1604.14298
4.928542,18,1605.134547
4.490596,16,1605.996535
2.52724,12,1606.552032
4.898288,16,1607.323221
3.650918,14,1608.007273
4.490831,16,1608.796863
0.20328,18,1609.632224
3.696842,14,1610.26374
-1.185762,15,1610.937833
4.57277,17,1611.57506
3.814584,14,1612.111605
5.444239,18,1612.799034
4.178046,15,1613.403882
4.159034,16,1614.033155
4.045267,15,1614.638323
3.661619,14,1615.20309
2.699314,12,1615.627133
3.240504,14,1616.146779
-0.938168,15,1616.981194
4.705378,17,1617.934858
3.867482,14,1618.954031
3.289795,13,1619.754129
-1.146099,15,1620.592138
4.336599,14,1621.418943
4.163714,15,1622.271378
-0.846233,16,1623.162602
3.63392,14,1623.924537
4.14015,15,1624.667684
3.396763,13,1625.298118
4.272533,16,1626.042519
3.014844,13,1626.657831
3.815188,15,1627.493572
2.686106,12,1628.299032
-0.797515,15,1629.22399
4.49532,16,1630.236724
4.396889,16,1631.193324
4.963843,18,1632.229146
5.35531,17,1633.042083
4.449879,16,1633.885766
3.722208,14,1634.561235
4.235213,16,1635.329745
4.424944,16,1636.158566
3.164478,13,1636.769621
4.203854,16,1637.492306
3.074939,13,1638.07144
4.232651,16,1638.789123
4.212707,16,1639.489091
-0.57553,17,1640.221621
4.21608,15,1640.913273
5.856835,19,1641.788409
4.070844,16,1642.436032
3.629584,14,1642.948933
5.070071,17,1643.548994
2.73217,12,1644.004459
4.210198,15,1644.544757
4.873915,17,1645.363366
3.952271,14,1646.082295
4.82892,18,1647.042366
3.706817,15,1647.763802
3.461653,14,1648.319623
3.577251,14,1648.922869
4.57902,17,1649.676654
3.676336,14,1650.312454
4.409931,15,1651.131008
4.790148,17,1652.042236
4.021528,15,1652.749321
3.879071,14,1653.443977
3.952104,15,1654.185266
3.71432,14,1654.90879
3.680216,13,1655.612755
4.410448,16,1656.717947
-0.656167,16,1657.614228
4.889799,17,1658.607566
3.03524,12,1659.161954
3.875898,15,1659.823168
-0.356671,15,1660.423745
3.694311,14,1661.131511
4.72833,17,1661.835443
4.924004,17,1662.647683
-0.293139,16,1663.45622
3.932043,15,1664.413974
4.936291,17,1665.291736
-0.863751,15,1666.09954
4.58659,16,1666.967556
4.089747,15,1667.838737
2.450079,12,1668.474222
3.484463,14,1669.136405
4.626786,17,1669.885973
-0.246488,17,1670.699591
4.008703,15,1671.380285
-0.383462,16,1672.138371
4.617156,16,1672.907661
3.470499,14,1673.609176
2.809754,12,1674.187929
4.238344,14,1674.883901
-0.182698,17,1675.696038
-0.024073,17,1676.511077
3.703949,14,1677.200107
4.371458,17,1678.009041
3.843134,15,1678.765806
4.031672,15,1679.510403
3.126817,13,1680.130281
4.025393,15,1680.809443
4.156925,14,1681.51019
3.922009,15,1682.216266
4.393525,17,1683.03924
3.721767,15,1683.763593
3.083091,13,1684.337841
4.331373,14,1684.861562
3.524316,13,1685.369059
4.067,15,1685.927356
4.37415,15,1686.510906
4.337311,14,1687.048639
4.072609,14,1687.578098
3.763573,15,1688.146794
3.921134,13,1690.954587
4.066593,15,1691.668033
-0.40007,16,1692.450931
4.677657,17,1693.309223
3.528326,14,1694.037644
3.579423,14,1694.614934
3.552616,14,1695.158644
4.110548,15,1695.848121
3.492125,13,1696.43955
4.33948,17,1697.184701
3.110291,13,1697.756601
4.432158,15,1698.454458
3.568632,14,1699.03636
3.414916,14,1699.658504
3.794423,15,1700.304793
3.766148,15,1701.069816
4.268947,16,1701.989839
3.920421,15,1702.749039
3.898532,15,1703.591949
4.386037,16,1704.307088
4.109732,16,1705.027927
3.200078,13,1705.722054
0.838651,21,1706.909395
3.983046,15,1707.784683
4.13634,15,1708.53181
3.586165,14,1709.176499
2.96226,13,1709.792577
3.605284,14,1710.441019
4.189462,15,1711.159082
4.620882,16,1711.953965
4.58315,16,1712.814222
-2.083309,13,1713.646402
3.466092,13,1714.377813
0.221176,19,1715.238779
3.918156,15,1715.892105
3.914287,16,1716.631075
5.014705,19,1717.532582
4.647739,18,1718.478851
3.831085,15,1719.110033
4.440606,17,1719.911794
3.350826,13,1720.525433
4.66456,18,1721.462921
3.167031,14,1722.11682
3.511005,14,1722.723947
4.052083,15,1723.371664
-0.578187,16,1724.059143
4.06555,15,1724.741346
-0.247433,16,1725.458768
4.825748,17,1726.164396
3.48971,13,1726.750219
4.379335,15,1727.466758
4.397657,16,1728.146059
4.641779,17,1728.928815
3.799298,15,1729.477098
3.601007,14,1730.035458
3.55867,14,1730.581996
4.180716,16,1731.187209
4.638338,17,1731.860181
3.149661,13,1732.331985
4.697401,18,1733.004799
4.067681,14,1733.528163
3.613578,14,1734.064913
4.178332,16,1734.671833
3.869822,15,1735.322652
4.190854,15,1736.135227
4.556769,17,1736.998188
3.640989,14,1737.715053
4.249705,16,1738.369776
4.892591,16,1739.078631
3.748202,13,1739.75032
4.714013,17,1740.598516
2.489328,12,1741.248774
4.308536,16,1742.070677
3.051656,13,1742.72287
3.776245,15,1743.432748
3.386381,14,1744.096911
3.664694,15,1744.881488
5.032121,17,1745.836421
-0.692186,16,1746.796089
2.698712,12,1747.488493
3.872982,15,1748.228487
3.593781,15,1748.973608
3.101086,13,1749.721513
4.133506,16,1750.462373
3.726152,14,1751.188694
4.021524,15,1751.925055
5.237265,19,1752.84951
4.701143,17,1753.610009
4.096626,16,1754.264956
4.019299,15,1754.846267
3.663437,14,1755.384377
4.486475,17,1756.049888
3.885433,15,1756.632329
4.138079,15,1757.187464
3.957055,14,1757.74157
3.712545,14,1758.265419
0.671564,19,1758.992593
4.148546,14,1759.579875
3.94561,15,1760.168516
5.043771,18,1761.251902
3.69939,14,1762.1969
4.105054,15,1763.078468
4.009212,15,1764.013119
3.13005,13,1764.719
3.582738,15,1765.455796
4.464193,17,1766.25441
3.857968,15,1767.052005
2.937346,12,1767.682584
4.896947,18,1768.739153
0.417103,19,1769.721292
4.173857,16,1770.563684
5.055802,18,1771.430427
4.17063,14,1772.138091
4.217352,15,1772.89634
-0.932704,14,1773.665044
3.57755,14,1774.461026
5.471539,18,1775.419079
4.524676,17,1776.310283
4.440932,15,1777.102525
4.95103,19,1777.975646
3.364875,14,1778.656743
-0.904338,16,1779.524221
4.843149,18,1780.583235
3.260196,14,1781.408813
3.94401,14,1782.241562
4.718838,17,1783.108255
4.653252,17,1783.981174
3.463846,14,1784.619608
-0.64808,16,1785.511471
4.383912,17,1786.460948
3.175271,13,1787.249535
3.309399,14,1787.94533
4.574117,16,1788.693738
3.908122,15,1789.438423
3.233557,13,1793.015577
3.32229,13,1793.665125
3.992405,15,1794.430989
2.204503,11,1795.055428
3.753896,14,1795.620728
4.821728,16,1796.37327
4.154606,16,1797.165346
4.651453,17,1798.117692
0.184091,19,1799.142919
4.946218,18,1800.095186
3.672689,14,1800.86665
4.237446,17,1801.854623
-0.555036,16,1802.748366
4.106901,15,1803.555658
4.035821,16,1804.297616
3.252236,14,1805.008173
4.825966,16,1805.949088
4.59957,17,1806.763061
4.533265,16,1807.519841
3.575329,14,1808.243543
3.395631,14,1808.930485
2.967181,13,1809.55829
2.832113,13,1810.257252
2.904468,13,1811.001617
3.858573,15,1811.807021
4.099773,17,1812.670341
4.530839,16,1813.428281
4.720479,16,1814.226511
3.507067,13,1814.928869
4.177934,16,1815.727537
4.9572,18,1816.526804
3.764644,15,1817.115941
3.254545,13,1817.756468
3.621272,14,1818.588798
4.560735,17,1819.525137
3.01522,13,1820.072611
4.222299,16,1820.852158
4.72019,15,1821.728582
4.573692,15,1822.607997
4.3493,16,1823.317663
3.992486,14,1823.957409
4.303109,16,1824.850024
3.68336,15,1825.667686
3.774245,14,1826.569775
-0.700668,16,1827.41215
-0.010137,17,1828.221028
5.041568,17,1829.058615
4.013039,14,1829.748633
3.300694,14,1830.433649
4.454236,16,1831.308758
3.178872,13,1832.149525
3.181606,13,1832.824151
3.356962,13,1833.65397
3.914564,15,1834.505049
3.523934,14,1835.203713
5.049527,19,1836.175905
3.97626,15,1836.859867
4.031687,15,1837.615433
4.140534,16,1838.409012
4.833472,18,1839.295836
4.616858,17,1840.137888
4.071625,15,1840.853588
3.960491,15,1841.628581
4.358475,16,1842.518106
4.245076,16,1843.282852
3.285613,13,1844.055806
-0.598624,16,1844.956218
3.457413,14,1845.752602
4.178003,14,1846.53476
5.083426,20,1847.539032
-0.648751,16,1848.333002
3.802887,14,1848.977341
4.341219,17,1849.842546
3.378898,14,1850.498286
3.474554,14,1851.153958
3.814283,15,1851.905075
4.118239,15,1852.573309
5.001067,18,1853.445329
3.017929,13,1854.063253
3.377917,14,1854.728214
-0.050284,17,1855.528676
3.833788,15,1856.222357
3.698404,14,1856.887727
3.217848,13,1857.475834
3.556729,14,1858.202258
4.634793,16,1859.065005
3.479881,14,1859.794882
3.908319,15,1860.519894
5.307176,19,1861.446741
4.025178,16,1862.295724
3.812556,15,1863.104333
4.607264,16,1863.891015
4.255327,17,1864.694886
2.72547,12,1865.411471
4.419878,15,1866.24798
3.392918,14,1867.11002
4.340847,17,1868.093539
4.799765,17,1868.969492
4.215331,15,1869.809026
4.597358,17,1870.783807
3.835075,14,1871.468759
4.292855,16,1872.262972
0.42332,19,1873.245259
3.673428,15,1874.012797
2.918554,13,1874.624804
4.750257,17,1875.470889
4.141616,16,1876.283671
3.721954,15,1877.068931
3.888179,14,1877.744082
3.992179,16,1878.584536
0.750807,21,1879.696231
3.903032,15,1880.448947
0.407524,21,1881.457926
2.805685,12,1882.033339
4.107875,15,1882.748783
-0.492447,16,1883.495768
3.169515,13,1884.138858
4.144301,14,1884.784319
4.736874,17,1885.589235
4.575305,18,1886.458795
5.021229,20,1887.341959
4.5336,16,1888.084364
3.57708,15,1888.819147
3.873801,15,1889.418978
3.80376,15,1889.998808
3.786952,15,1890.578227
4.012557,16,1891.196118
4.160611,16,1891.79547
4.507967,17,1892.437212
4.921519,18,1893.100586
4.952669,18,1893.744312
3.653285,14,1894.268565
4.445183,17,1894.931897
4.679474,17,1898.656338
3.319334,14,1899.549276
-0.76344,16,1900.289188
4.577725,17,1901.073246
3.861059,15,1901.779878
4.52265,17,1902.608421
4.079392,16,1903.376602
4.082386,16,1904.181989
4.194811,16,1904.924304
4.755724,19,1905.831401
3.563287,15,1906.497174
4.352335,17,1907.28576
3.35384,14,1907.952056
2.675272,12,1908.618828
4.113851,15,1909.457832
3.753149,16,1910.36741
-0.985571,16,1911.193342
5.210646,19,1912.042975
-0.040988,18,1912.865267
5.14517,19,1913.777176
4.308073,16,1914.516291
5.098746,18,1915.285463
0.221086,19,1916.154141
4.550824,16,1916.960614
3.947368,16,1917.839549
4.02074,16,1918.730317
3.753262,15,1919.563834
3.604381,14,1920.21778
-0.335362,17,1921.040395
-0.942843,15,1921.719317
4.94503,18,1922.56888
3.346911,14,1923.22682
4.126017,16,1923.976065
4.64088,16,1924.721823
2.850455,13,1925.335351
3.397268,14,1925.971062
3.99142,15,1926.670305
4.335656,16,1927.429618
4.353734,16,1928.174293
4.962124,19,1929.015428
3.819455,14,1929.669173
3.928076,15,1930.446298
4.770418,18,1931.48544
4.766931,17,1932.39959
4.092867,16,1933.179869
3.051232,13,1933.783549
-0.654122,16,1934.53442
4.16233,15,1935.29767
4.327071,17,1936.243936
3.533168,15,1937.093438
3.139761,14,1937.826945
4.656209,18,1938.679344
3.17833,13,1939.253417
3.716408,15,1939.989488
4.041306,16,1940.753657
4.408934,17,1941.602081
3.683116,13,1942.241335
4.057304,15,1943.045838
4.183873,16,1943.858088
3.879263,15,1944.730376
3.921894,15,1945.60366
3.483368,14,1946.327127
3.869932,15,1947.064257
3.503649,14,1947.710706
4.108677,16,1948.619224
4.048395,16,1949.466676
4.350053,16,1950.310237
4.391329,17,1951.173527
4.47826,16,1951.932963
4.562311,18,1952.807278
4.1312,16,1953.636734
4.266236,17,1954.502642
5.444931,21,1955.56849
4.555613,18,1956.559616
3.456467,14,1957.282298
4.186423,16,1958.172249
3.368077,14,1958.940983
4.203395,16,1959.671908
3.024437,13,1960.348731
3.175258,14,1961.042749
4.185519,15,1961.811415
4.199215,16,1962.639238
5.436254,20,1963.57981
3.160277,13,1964.242388
3.976173,16,1965.029742
-0.601544,16,1965.791015
3.082545,13,1966.416518
4.652893,17,1967.190106
4.722347,16,1967.958565
4.509167,16,1968.731171
5.471585,19,1969.518541
4.03958,17,1970.193473
3.439226,15,1970.800432
3.693329,15,1971.398319
3.854073,15,1972.016014
4.452518,17,1972.743241
4.141823,16,1973.40241
3.916454,15,1974.096685
5.041876,19,1975.140501
3.455707,14,1975.856606
3.776243,14,1976.507409
2.997782,13,1977.055444
4.033017,16,1977.807922
3.159691,13,1978.358798
3.550692,14,1978.957159
3.739191,15,1979.592036
4.729816,17,1980.374251
3.419945,14,1981.060584
4.13282,16,1981.751934
2.680099,12,1982.307875
3.071692,14,1982.911571
3.783,14,1983.587286
4.583381,17,1984.511539
3.324912,13,1985.223411
4.584872,16,1986.131941
-0.480917,16,1987.015261
3.053126,14,1987.797636
-0.543305,16,1988.70477
2.896167,13,1989.372442
-0.241533,17,1990.242962
4.571181,16,1991.117109
3.4808,14,1991.779932
4.298776,17,1992.597539
3.915957,15,1993.314604
4.026251,15,1994.051816
3.783377,15,1994.794109
5.061881,18,1995.665196
3.933453,15,1996.479462
0.600652,21,1997.686235
5.45431,20,1998.799018
-0.911705,16,2002.357854
4.173299,16,2003.105253
5.126602,19,2004.12524
-0.576555,16,2005.007331
4.169811,17,2005.961521
3.56011,14,2006.721687
-0.520537,18,2007.758749
4.036179,16,2008.664212
3.651462,15,2009.463913
4.226946,16,2010.329905
-55.434135,176,2018.436311
3.86399,14,2019.145203
3.671407,14,2019.71277
3.726831,14,2020.325783
3.654113,15,2021.011672
4.467167,16,2021.853895
4.008835,16,2022.51435
3.812416,15,2023.115782
4.776761,18,2023.815561
4.040847,16,2024.430084
4.579613,18,2025.127681
4.36387,16,2025.744599
4.51186,17,2026.379362
3.856055,15,2027.00796
4.188993,16,2027.730821
3.524821,15,2028.345138
2.959521,13,2028.987844
4.297141,17,2029.869793
4.804229,18,2030.946609
4.13991,17,2031.906972
4.966472,19,2032.757003
3.352387,14,2033.485884
4.165356,17,2034.327075
4.29943,16,2035.200556
3.807402,15,2036.074935
-0.085987,19,2037.068303
4.925774,19,2037.955288
5.228375,19,2038.845341
4.307189,16,2039.64335
5.653853,21,2040.669753
3.399423,14,2041.355252
3.523484,15,2042.044622
3.22114,14,2042.692509
4.858755,19,2043.647932
3.780777,15,2044.394858
3.415894,14,2045.081826
-0.144924,18,2046.047058
3.579146,15,2046.83616
3.924467,16,2047.699649
4.23238,16,2048.4616
3.079704,13,2049.07193
4.778139,19,2049.977296
4.310937,16,2050.674558
3.57108,15,2051.312894
4.961072,19,2052.187293
3.428457,14,2052.781713
3.517755,15,2053.503321
4.780003,19,2054.389726
4.311715,16,2055.301289
4.261581,17,2056.215988
3.521316,14,2056.957702
4.775247,17,2057.860411
3.530876,14,2058.521885
2.686507,12,2059.106434
3.645811,15,2059.735317
4.017458,15,2060.477425
4.718372,17,2061.335773
4.052111,16,2062.062146
4.206267,17,2062.848165
4.478794,18,2063.652467
4.482625,17,2064.411737
4.838541,19,2065.258421
-0.679451,16,2066.045947
5.259866,21,2067.095341
5.294623,19,2068.067537
3.111986,13,2068.782082
5.31752,20,2069.736435
3.826291,15,2070.454794
3.871051,15,2071.211279
3.841269,14,2072.019756
3.786774,16,2072.882763
3.859978,16,2073.828405
-1.051319,15,2074.585606
5.47879,21,2075.6194
4.265942,17,2076.441346
4.553115,17,2077.275222
4.980028,17,2078.035889
4.241649,17,2078.798989
2.095864,11,2079.312903
-0.688947,16,2080.21903
5.902837,21,2081.21948
3.213907,14,2081.858045
3.862654,15,2082.558131
3.867416,15,2083.165779
4.070616,16,2083.91346
4.74845,18,2084.75032
3.979267,15,2085.41877
4.104792,16,2086.11695
4.387325,16,2086.878116
3.64366,14,2087.493603
4.180475,16,2088.125588
3.288375,14,2088.654951
6.131734,25,2089.620323
4.358344,17,2090.287487
4.448331,17,2090.948328
4.039383,16,2091.573735
3.460592,14,2092.101317
5.063791,18,2092.788465
3.425938,15,2093.492334
4.149258,17,2094.365563
4.541194,16,2095.220543
4.59487,17,2096.004764
3.597655,15,2096.783706
3.944159,16,2097.58781
4.513244,18,2098.512895
4.59496,17,2099.297878
-0.42811,17,2102.871663
4.066456,16,2103.635966
4.667602,19,2104.535922
2.930505,13,2105.19248
2.732608,12,2105.770003
3.157706,14,2106.473331
4.92196,19,2107.321853
4.494013,17,2108.129636
4.202819,16,2108.766666
4.493931,17,2109.410032
4.81507,18,2110.095078
-0.568882,18,2110.770458
2.847085,13,2111.263789
4.627499,17,2112.104009
2.834972,12,2112.712817
-1.788584,13,2113.445558
3.769148,16,2114.300033
4.555774,18,2115.240707
3.527178,15,2116.092438
4.139818,16,2116.930231
3.765552,15,2117.619632
3.442145,14,2118.315722
4.066982,16,2119.068906
3.939661,16,2119.82141
4.350471,16,2120.565534
-0.183952,18,2121.416768
4.115017,16,2122.135749
3.791385,15,2122.849875
2.365676,12,2123.434022
3.617311,14,2124.08373
3.45793,14,2124.766107
3.890875,15,2125.520468
3.062623,14,2126.25939
2.907585,13,2126.968782
4.797482,17,2127.925266
4.099179,16,2128.78291
5.113023,18,2129.791939
2.682435,12,2130.367061
2.974384,13,2130.978091
0.317422,19,2131.837224
-56.576345,176,2140.498509
4.423536,17,2141.259783
3.875376,15,2141.995803
4.829935,18,2142.868535
4.796421,18,2143.686457
5.015893,19,2144.629763
4.154835,16,2145.481835
4.78918,18,2146.42339
3.64247,15,2147.224125
4.234673,16,2147.969955
4.952198,19,2148.78535
-0.876921,16,2149.550109
3.631762,15,2150.230894
3.33184,14,2150.8484
3.967689,16,2151.593041
4.344956,17,2152.365305
3.893903,16,2153.105582
3.839601,15,2153.732054
-0.510977,17,2154.434381
4.348351,16,2155.124876
3.843997,16,2155.801696
4.238787,16,2156.394105
-0.187212,16,2157.025947
4.582239,17,2157.654666
4.087609,15,2158.241728
4.719893,17,2158.90899
4.332084,16,2159.530182
-0.137626,16,2160.316976
4.414826,16,2161.213585
3.253319,14,2161.977257
4.295607,17,2162.779783
4.898109,19,2163.609374
3.386205,14,2164.242702
3.260787,14,2164.866638
3.647249,15,2165.511392
0.211037,18,2166.511035
5.257064,20,2167.619362
4.30428,17,2168.570377
3.638256,15,2169.316857
-0.006495,18,2170.189738
4.777064,17,2171.157384
-0.722466,17,2172.088089
4.149252,16,2172.97473
3.331094,14,2173.637701
4.009803,15,2174.35017
3.820556,16,2175.099917
4.821741,17,2175.90929
4.863375,17,2176.742074
3.247295,13,2177.40982
3.426176,14,2178.081736
3.732201,15,2178.795426
3.677569,15,2179.483631
-1.272684,15,2180.134454
-0.141463,19,2181.018512
3.279701,14,2181.690785
4.745417,18,2182.506668
3.621521,15,2183.214733
4.140669,16,2183.973021
0.233914,18,2184.768205
5.122311,18,2185.638077
4.714087,17,2186.416961
4.211946,17,2187.159416
4.054732,16,2187.804528
3.391007,14,2188.433497
3.795631,15,2189.239047
4.196263,17,2190.113704
4.095486,16,2190.857244
4.23531,16,2191.685443
4.294858,16,2192.551545
4.616663,16,2193.360819
5.002856,17,2194.225003
4.896414,18,2194.981443
5.78914,24,2196.011107
-1.068135,15,2196.661494
3.998372,16,2197.345294
4.165888,17,2198.098095
4.23589,16,2198.835839
3.920209,15,2202.031709
3.512819,15,2202.726381
3.917064,15,2203.344005
4.093329,15,2204.008722
5.251037,19,2205.005685
4.565572,18,2206.104385
4.409641,17,2206.990306
4.079865,16,2207.807663
-56.379373,176,2216.334384
3.709233,14,2217.031475
4.011417,16,2217.755924
-0.523418,17,2218.509895
4.490859,17,2219.315647
3.193079,14,2220.028103
2.715411,13,2220.764564
4.289142,17,2221.684168
5.304275,20,2222.853371
4.525666,18,2223.831677
3.822373,16,2224.741926
4.99817,17,2225.656391
3.876613,16,2226.532007
5.491428,22,2227.559579
3.229501,14,2228.209887
4.395643,17,2229.016574
5.169268,21,2230.015879
4.979047,18,2230.834995
4.907982,18,2231.662039
5.019631,19,2232.542255
3.75619,15,2233.2148
2.438655,12,2233.735477
2.889455,13,2234.345544
4.144688,16,2235.0501
3.396751,14,2235.789652
4.742581,18,2236.603343
3.152875,13,2237.251859
4.752021,19,2238.144652
3.505292,15,2238.864798
3.764714,16,2239.621348
4.078627,16,2240.350808
3.469294,15,2241.085331
5.099174,18,2241.868211
0.344977,21,2242.85188
4.582334,18,2243.660213
3.682889,16,2244.428875
3.887433,16,2245.17557
4.559682,19,2245.935005
4.950412,19,2246.66957
3.865846,16,2247.307132
-0.469803,18,2248.002932
3.848766,15,2248.581467
4.673795,18,2249.310748
0.061448,19,2250.024513
5.072265,19,2251.001283
5.409422,21,2252.118956
4.444837,17,2253.098351
3.923396,16,2253.948921
4.82269,18,2254.904243
-0.521786,16,2255.678002
3.998612,16,2256.463132
4.178362,16,2257.183511
5.014333,19,2258.05065
-0.730503,16,2258.788998
4.207828,17,2259.603279
3.973081,16,2260.328565
4.242602,17,2261.09753
3.311194,14,2261.74658
4.383416,16,2262.473145
3.756819,16,2263.201843
4.906404,19,2264.101354
3.473454,14,2264.740801
4.858115,20,2265.620066
4.196454,17,2266.27235
3.776913,16,2267.005021
0.291463,19,2268.041694
3.877725,15,2268.748055
-0.108327,19,2269.64838
3.516664,15,2270.315415
3.33543,14,2270.870476
5.115622,19,2271.586798
3.73526,15,2272.165786
4.503713,17,2272.806267
0.242588,19,2273.591922
3.097723,13,2274.242784
4.469992,18,2275.086175
4.660764,16,2275.823299
-0.333488,17,2276.600724
3.327052,14,2277.153267
4.458943,17,2278.026314
4.892331,20,2279.107024
4.672152,18,2280.117829
3.84359,16,2281.014352
4.770824,20,2282.089654
3.050036,14,2282.827234
4.413872,17,2283.74672
2.966769,13,2284.327838
5.521707,19,2285.132303
4.277775,18,2285.985846
-0.368537,18,2286.845522
5.274842,19,2287.737264
4.094662,16,2288.445225
3.250695,14,2289.213581
4.138902,17,2290.131664
3.862748,16,2291.077009
5.752982,22,2292.213516
4.156519,17,2293.152602
3.673174,15,2293.957038
5.247459,19,2295.03535
4.803688,19,2296.124565
-0.825934,16,2297.041423
4.405454,18,2298.055436
4.725388,19,2298.989224
4.031937,16,2299.766235
4.436899,18,2303.145466
4.312166,16,2303.932918
5.458171,23,2305.109909
3.810497,15,2305.842951
5.11377,19,2306.724395
4.374972,17,2307.468426
5.48785,22,2308.516363
3.708651,16,2309.192419
5.14978,20,2309.955967
4.536614,18,2310.647846
4.777827,19,2311.3746
4.160687,16,2311.980227
4.259574,17,2312.661005
3.127205,14,2313.25193
4.160643,17,2314.151933
-0.81153,16,2315.034122
4.981321,20,2316.194876
4.691411,18,2317.221099
5.623582,22,2318.458767
3.831726,16,2319.37374
4.112703,16,2320.216344
5.432269,21,2321.197186
-56.154858,176,2329.973702
3.737698,16,2330.749467
3.667546,15,2331.562191
2.384783,12,2332.272718
4.455862,18,2333.200645
3.728163,16,2334.007007
4.286748,17,2334.943819
4.596036,18,2335.820804
0.127031,19,2336.658308
4.069854,17,2337.56139
3.970704,16,2338.473573
-0.584182,18,2339.434037
3.445662,15,2340.216404
5.20245,20,2341.399712
4.749426,19,2342.412343
3.625673,15,2343.266224
4.02303,16,2344.121823
4.894209,19,2345.138289
3.859368,16,2345.938826
5.448313,21,2346.973764
4.036299,16,2347.79828
3.534214,15,2348.528024
3.817214,16,2349.292432
3.763805,15,2350.006977
4.314967,17,2350.786016
3.821893,15,2351.569983
4.709446,18,2352.555395
4.055388,17,2353.452743
4.188653,17,2354.263121
4.165988,16,2354.973314
4.767076,18,2355.904785
5.142356,19,2356.905589
-0.230202,19,2357.921309
4.050424,16,2358.689409
4.359771,17,2359.460129
-0.871617,16,2360.311595
4.451875,18,2361.248242
4.896016,18,2362.17632
3.650852,15,2362.84622
3.652622,15,2363.425211
4.890647,20,2364.40337
5.164261,20,2365.460291
4.349066,17,2366.236208
3.595809,15,2366.945532
5.394942,23,2368.181659
4.737398,18,2369.276693
4.112421,16,2370.251718
4.445908,18,2371.094479
3.569072,15,2371.759862
4.10762,17,2372.544966
4.863695,18,2373.496439
3.705023,15,2374.249485
-0.866957,17,2375.26658
3.615703,15,2375.970596
3.450879,15,2376.714316
5.077768,19,2377.70666
0.467257,19,2378.742726
3.951141,16,2379.616477
4.999161,19,2380.521659
3.584325,15,2381.215401
5.532986,23,2382.342934
-57.476653,176,2391.179157
4.249036,17,2391.899763
4.39206,18,2392.788837
4.720611,18,2393.790114
5.563007,22,2394.943582
3.602322,15,2395.777142
3.380057,15,2396.532877
-1.116843,15,2397.346855
4.299455,17,2398.179394
6.107378,23,2399.202518
4.184498,17,2399.98912
3.726825,15,2400.684431
4.580713,18,2401.682077
4.051979,17,2402.631318
4.876227,19,2403.621414
4.42488,17,2404.372065
4.328697,18,2405.232535
5.042325,20,2408.919787
4.966395,19,2409.85284
5.146678,21,2410.821651
-0.831465,17,2411.586812
3.946889,16,2412.357672
4.739273,19,2413.432315
4.089929,16,2414.304145
3.710977,16,2415.180911
4.35505,18,2416.162127
4.378613,18,2417.17205
4.167792,17,2418.043596
4.24884,16,2418.898635
3.965202,15,2419.704238
4.362235,16,2420.626979
5.599534,21,2421.734428
4.038942,16,2422.553209
5.341297,23,2423.782791
3.079329,14,2424.42306
4.131558,17,2425.237221
2.950331,14,2426.037415
4.886317,19,2427.090184
3.742346,16,2427.934228
3.787952,16,2428.6875
4.228251,17,2429.486992
3.502754,15,2430.315776
5.153111,20,2431.449679
4.922475,20,2432.368268
4.285288,17,2433.156288
3.527188,15,2433.949311
3.744759,16,2434.831333
-1.651203,14,2435.585507
3.867228,16,2436.305979
4.018347,16,2436.941924
5.457756,22,2438.152281
4.878907,17,2438.984596
3.502567,15,2439.609491
3.071764,14,2440.164993
2.851703,13,2440.731184
4.378249,17,2441.61218
4.933949,18,2442.52312
3.138258,14,2443.287697
3.91942,15,2444.112769
4.099033,17,2445.040637
4.246626,17,2445.907537
3.110144,14,2446.67552
5.162855,21,2447.739697
4.800727,19,2448.788444
-0.884088,16,2449.686001
3.670666,15,2450.53333
2.820795,13,2451.12424
3.748363,16,2451.918416
3.397105,15,2452.641689
2.343022,12,2453.208967
4.70434,19,2454.206012
3.956358,15,2454.981102
5.602516,23,2456.277005
3.805053,16,2457.132756
3.269275,14,2457.788168
4.250176,16,2458.602469
5.07859,21,2459.654419
2.659318,13,2460.385844
3.57309,15,2461.216098
4.010849,16,2462.094274
-57.96722,176,2471.197681
4.617771,19,2472.211411
3.989898,16,2473.061251
3.414118,14,2473.808861
4.608848,18,2474.651762
3.279232,15,2475.303054
-0.130649,18,2476.486624
4.388633,17,2477.460849
4.8281,19,2478.375872
3.136627,14,2478.983
5.012064,20,2479.92243
5.501236,22,2480.896789
3.610951,15,2481.583564
3.474143,15,2482.22545
3.671802,15,2482.835511
5.437942,21,2483.725594
3.584833,15,2484.392595
4.505056,17,2485.144492
3.956082,16,2485.839627
4.695395,18,2486.832008
4.180961,17,2487.736889
5.17021,21,2488.941566
4.024551,16,2489.819927
-1.02168,16,2490.619593
3.417604,15,2491.275703
5.057316,20,2492.227243
2.886921,13,2492.806316
4.14052,17,2493.543859
4.804986,18,2494.396935
3.584587,15,2495.062121
3.736557,15,2495.685933
4.070127,16,2496.429322
4.302794,17,2497.174384
5.605372,22,2498.14058
5.270094,20,2499.011185
3.052257,13,2499.707517
4.058217,17,2500.620353
3.802699,16,2501.452883
5.067122,20,2502.436349
3.463986,15,2503.027934
4.500979,18,2503.806973
3.969431,15,2504.519772
4.242073,17,2505.397914
4.667656,17,2506.320928
3.534955,15,2507.040141
-0.427657,19,2507.965036
4.050922,16,2508.673314
3.642936,15,2509.305949
4.613885,18,2510.141941
3.390276,15,2510.883584
4.801344,19,2514.472422
3.993304,16,2515.179602
5.492592,22,2516.154901
-0.40587,17,2516.857799
2.413211,12,2517.511715
4.291207,17,2518.36446
2.91643,14,2519.160251
4.588652,17,2520.11821
5.750754,26,2521.309638
0.590219,24,2522.365217
2.983984,14,2522.978415
3.69563,16,2523.681267
-0.957881,17,2524.497608
5.621448,22,2525.449065
5.099495,20,2526.354224
-56.679024,176,2533.480595
4.79451,19,2534.518552
4.375467,18,2535.321418
4.815175,19,2536.241151
3.58171,15,2536.899524
2.727221,13,2537.433207
4.425606,17,2538.075495
5.058912,20,2538.900136
3.966809,16,2539.499757
4.594877,18,2540.362884
4.03073,16,2541.175979
4.620879,18,2541.965183
2.323266,12,2542.5386
5.020372,20,2543.424016
4.142811,17,2544.376094
4.096555,17,2545.304184
3.550392,14,2546.115128
4.407151,18,2547.095005
4.887962,20,2548.145441
4.805534,17,2549.011972
-1.278715,16,2549.829203
3.27643,14,2550.496585
3.401452,15,2551.177905
3.845845,15,2551.901528
0.481123,21,2553.180253
4.266117,17,2554.156001
3.446506,15,2555.035791
4.405355,16,2555.98302
4.304371,17,2556.881806
3.727863,15,2557.645352
3.625351,15,2558.518623
4.96215,21,2559.652947
-0.106685,19,2560.503843
4.667714,18,2561.294918
3.759922,16,2561.988712
4.781413,18,2562.775618
5.131412,21,2563.692152
4.712735,19,2564.566558
-0.563143,18,2565.48821
2.694285,13,2566.099612
4.205715,16,2566.85906
5.277946,22,2567.865538
4.132381,16,2568.570597
4.151885,17,2569.333638
0.077692,19,2570.138909
5.219277,19,2571.018912
2.777121,13,2571.57994
4.388332,18,2572.349656
5.169671,20,2573.270074
4.5188,18,2574.077737
4.295586,17,2574.817375
3.668018,15,2575.516558
4.432379,16,2576.198991
4.214133,17,2576.970719
4.604692,19,2577.882351
3.710284,15,2578.513355
4.074919,17,2579.168086
3.78536,16,2579.755995
4.663867,18,2580.664926
3.974585,16,2581.523058
4.409867,18,2582.432122
4.66752,18,2583.181965
3.11049,14,2583.759278
3.291914,14,2584.393313
2.660377,13,2584.966859
5.618443,24,2585.953195
5.661941,23,2586.733774
3.778283,16,2587.312168
2.931693,14,2587.822365
2.652961,13,2588.27438
4.5538,19,2588.9774
5.73113,24,2589.820589
4.587976,18,2590.418771
5.029636,19,2591.351667
4.834109,20,2592.34699
-0.761066,17,2593.152671
3.352977,15,2593.791942
0.015671,19,2594.548442
4.79413,19,2595.449453
5.779826,24,2596.899253
4.414153,17,2597.902955
4.626345,19,2598.93932
4.025751,16,2599.697881
3.997926,16,2600.502357
4.809713,19,2601.424392
4.652208,19,2602.36868
-0.641423,18,2603.403989
5.02362,21,2604.512844
4.442118,18,2605.5396
3.37717,15,2606.335204
3.31175,15,2607.004709
3.477177,15,2607.740519
4.246432,17,2608.51426
3.046001,13,2611.817598
3.908448,16,2612.583207
3.92213,16,2613.367674
3.877487,16,2614.112922
4.727433,20,2615.088512
4.25886,17,2615.94084
3.125406,14,2616.612656
2.417953,12,2617.331489
4.51248,18,2618.166585
3.364189,14,2618.784576
3.944621,16,2619.540002
5.471862,23,2620.616141
5.131045,20,2621.549561
4.123254,17,2622.166335
5.030985,20,2622.913913
4.198029,17,2623.555756
4.814671,20,2624.306128
-0.703659,16,2624.902773
5.434104,22,2625.815447
3.51439,15,2626.602843
4.316708,18,2627.554008
4.480017,18,2628.329523
4.699285,18,2629.113395
3.124834,14,2629.717459
4.854737,19,2630.567583
4.250868,18,2631.416507
5.680535,23,2633.01779
4.065428,16,2633.703796
4.11542,17,2634.441275
4.777757,19,2635.229464
4.378202,17,2635.852609
3.829974,16,2636.454896
4.664113,18,2637.152074
3.237639,14,2637.881983
5.549334,22,2638.987556
3.709105,16,2639.726292
4.275035,17,2640.419103
5.557955,25,2641.691358
5.209515,22,2642.80012
4.133482,17,2643.701086
-57.896108,176,2651.208217
4.539868,17,2652.004934
4.930742,20,2652.870102
4.213815,17,2653.597826
5.240726,22,2654.432948
4.719028,19,2655.139012
3.064835,14,2655.669212
4.580854,19,2656.392414
4.27667,18,2657.062661
3.38771,15,2657.616904
4.193125,17,2658.240946
5.301951,22,2659.238179
4.538725,18,2660.211611
4.743062,20,2661.265779
5.002654,20,2662.365822
3.849719,16,2663.186166
4.176661,17,2664.012382
3.839623,16,2664.756843
-0.328421,19,2665.629059
3.919105,16,2666.322855
3.624911,16,2667.124817
3.283785,14,2667.878019
3.606231,15,2668.694141
4.010981,16,2669.55779
3.221598,14,2670.27527
3.801986,16,2670.998702
5.631726,22,2672.022486
4.349032,17,2672.858845
4.856393,20,2673.80284
3.623664,15,2674.515488
4.541778,18,2675.392603
4.632147,18,2676.249728
-0.141665,19,2677.180472
4.643664,18,2678.046981
-0.528056,17,2678.953809
4.087869,17,2679.835997
4.906228,20,2680.847256
4.302256,17,2681.728341
-56.966863,176,2689.853385
4.523653,18,2690.765195
4.613737,19,2691.72867
5.027662,21,2692.6789
5.063445,21,2693.603126
0.011118,20,2694.513
4.586992,19,2695.464898
5.549279,23,2696.616584
4.024955,16,2697.301927
4.095854,17,2698.027781
-1.272568,16,2698.78897
-0.977325,17,2699.576079
4.371651,17,2700.323453
4.733904,19,2701.178945
3.032272,14,2701.806956
3.552082,15,2702.526565
4.050584,17,2703.364365
4.228267,17,2704.179903
3.686197,16,2705.03111
4.740322,19,2706.008184
0.117369,21,2709.466284
3.452704,15,2710.223729
4.274451,17,2711.068031
3.146092,14,2711.833589
4.489833,18,2712.849172
4.159422,17,2713.822029
4.525656,18,2714.703762
4.003585,17,2715.475888
3.148479,14,2716.141234
4.124407,16,2716.871696
5.436229,24,2718.014266
3.852231,16,2718.741201
4.545088,19,2719.535208
4.219371,17,2720.288264
0.335761,20,2721.186414
5.07418,21,2722.164865
3.85379,16,2722.902183
3.486913,15,2723.561735
3.893237,16,2724.387299
3.949954,16,2724.981926
4.005002,17,2725.628519
4.593617,18,2726.347315
4.03473,17,2727.048191
3.844067,16,2727.634254
3.687972,16,2728.36201
3.913075,16,2729.241902
5.186631,20,2730.312012
5.039163,21,2731.466954
3.092484,14,2732.243752
2.913461,13,2732.943958
-0.554323,18,2733.992302
3.486706,15,2734.711696
4.230704,16,2735.397316
3.618286,15,2736.114099
3.97783,17,2736.892349
4.174319,17,2737.731863
4.324013,18,2738.536066
4.102407,17,2739.313445
-57.357821,176,2746.96226
4.405632,17,2747.888769
4.772586,20,2749.203482
3.963636,17,2750.226208
4.863266,20,2751.330569
3.888803,16,2752.085713
0.006557,20,2752.987189
4.659086,19,2753.817168
4.499342,18,2754.624269
5.843884,25,2755.678013
5.083625,20,2756.561645
5.095451,22,2757.602098
0.201715,20,2758.526278
3.322241,14,2759.20748
-58.307097,176,2767.825076
3.635795,15,2768.514343
5.212881,20,2769.619415
5.044047,20,2770.743744
3.683704,16,2771.589607
4.797669,20,2772.448205
4.407501,18,2773.275768
4.3776,17,2774.209851
4.814435,20,2775.3055
3.905347,16,2776.221002
3.090092,14,2776.938731
4.644575,19,2777.89273
3.104938,14,2778.512747
3.981667,17,2779.310208
4.332199,18,2780.002451
3.686017,16,2780.679231
3.989978,17,2781.440758
4.638509,18,2782.179489
5.132786,21,2783.083196
5.032487,21,2783.994894
3.761133,16,2784.74618
-0.293625,19,2785.54913
3.981706,17,2786.241455
3.374295,15,2786.893424
4.060467,17,2787.593655
3.000802,14,2788.157658
3.089974,14,2788.701343
3.995724,17,2789.470532
4.41358,18,2790.222486
4.984822,21,2790.970521
4.752677,19,2791.838242
-0.429994,18,2792.874031
4.132849,17,2793.957406
3.877605,16,2794.972583
5.442736,23,2796.218702
3.37865,15,2797.011433
3.335826,15,2797.727227
3.960724,17,2798.477278
4.320608,18,2799.322207
3.989108,17,2800.075205
4.747786,20,2800.862801
3.733426,16,2801.486253
2.97447,14,2802.095356
4.459206,18,2802.889588
4.868199,19,2803.858066
5.896359,26,2805.158607
4.680603,19,2808.662725
3.795842,16,2809.494395
6.373705,25,2810.765036
-57.59714,176,2817.907673
4.078935,17,2818.643251
4.362168,18,2819.391707
4.082718,17,2820.052489
4.587179,18,2820.703314
3.949665,16,2821.284353
3.065364,14,2821.891727
4.151315,17,2822.637299
4.249706,18,2823.568916
5.206312,21,2824.530975
3.689682,16,2825.206976
5.22586,21,2826.206896
5.062414,21,2827.268853
4.825659,20,2828.233674
3.719595,16,2828.946942
3.989747,17,2829.684095
4.503167,18,2830.498951
3.635773,16,2831.149462
4.360636,18,2831.914468
4.2045,17,2832.626163
3.62424,16,2833.436322
4.954442,19,2834.436604
5.400171,23,2835.572668
4.801992,20,2836.60596
4.970244,20,2837.568815
-0.118936,20,2838.504105
4.626944,19,2839.357978
4.171579,17,2840.316041
3.341264,15,2841.082137
-0.051304,19,2842.115298
5.21848,21,2843.266237
3.867062,16,2844.063447
3.899509,16,2844.801223
4.108063,17,2845.568993
3.7974,16,2846.281203
4.1742,17,2847.11394
3.196817,14,2847.735533
3.458344,15,2848.433129
3.102559,14,2849.04389
3.250996,14,2849.691846
-0.402114,19,2850.574929
5.205631,20,2851.482642
3.099553,14,2852.27311
-57.181824,176,2860.388737
-2.048171,14,2860.958873
5.529416,25,2862.285331
4.037476,17,2863.213779
4.228981,18,2864.145722
3.949596,17,2865.118679
3.996507,17,2865.960151
5.14121,21,2867.110608
4.497574,19,2868.093873
-0.043335,19,2868.964144
4.019802,17,2869.785685
4.031108,17,2870.664077
3.839141,16,2871.503038
3.427491,15,2872.35136
5.544453,25,2873.593631
4.097133,17,2874.447707
3.747934,16,2875.191796
3.738397,16,2875.968234
3.635455,16,2876.817551
0.199276,21,2877.927733
4.067121,17,2878.870945
3.532999,15,2879.578786
4.755765,20,2880.516283
4.063127,17,2881.300505
3.481106,15,2881.976961
5.300923,21,2882.917971
5.30124,23,2883.91915
4.048596,17,2884.66011
5.688524,26,2885.918355
3.357497,15,2886.438703
5.061146,21,2887.22075
4.273548,17,2887.816826
-0.546731,17,2888.434295
4.21809,17,2889.032913
5.060524,20,2889.930356
5.208613,21,2890.98628
4.898869,21,2892.050371
3.780209,16,2892.838156
5.098413,21,2893.904117
4.65187,18,2894.816939
5.185942,21,2895.762789
-0.754545,18,2896.657922
5.113636,22,2897.633476
-1.633606,14,2898.281707
4.832898,20,2899.129249
3.958832,17,2899.863917
4.014233,17,2900.67282
4.47144,17,2901.619063
4.133899,17,2902.507631
4.990538,20,2903.394083
4.94204,20,2907.066954
-0.775058,18,2908.083214
-56.68424,176,2916.14928
4.051413,17,2916.915782
4.529339,18,2917.627784
4.630225,19,2918.431236
5.18058,21,2919.233919
3.549423,15,2919.807719
5.314369,23,2920.812436
5.103448,21,2921.63184
4.214964,17,2922.238424
4.388401,18,2922.86741
4.017986,17,2923.475928
3.765834,16,2924.020487
4.740256,20,2924.764743
4.520477,19,2925.424243
3.731967,15,2925.942306
3.408325,15,2926.523912
3.993287,17,2927.409757
3.667966,16,2928.248748
3.626381,15,2929.104499
5.031103,20,2930.160823
4.7735,20,2931.186498
3.413429,15,2931.975907
4.748764,20,2933.068583
4.522478,19,2933.981993
4.525385,18,2934.808251
5.27219,21,2935.80566
4.61661,19,2936.716374
4.993875,21,2937.768172
3.732637,16,2938.602144
5.283547,23,2939.813771
5.236221,22,2940.914121
-57.898931,176,2948.879711
3.419194,15,2949.566924
0.140669,21,2950.709289
4.481999,19,2951.707845
4.418962,17,2952.491818
4.160533,17,2953.246165
4.616028,19,2954.085749
5.281418,22,2955.013836
3.635455,16,2955.578119
5.536148,25,2956.782983
4.464142,18,2957.721364
5.032042,21,2958.837112
3.95391,17,2959.719719
4.605377,19,2960.684546
3.930141,16,2961.452611
5.025912,21,2962.566577
5.501434,24,2963.844409
4.245455,18,2964.838355
-58.045739,176,2973.111386
5.475188,22,2974.113981
4.867248,20,2975.051397
4.398062,18,2975.86574
5.080108,21,2976.840913
3.049361,14,2977.509237
4.349042,17,2978.241836
-1.359988,15,2978.803893
0.65358,22,2979.640394
-0.036699,21,2980.668412
4.21544,18,2981.522638
4.040974,17,2982.392546
4.039167,17,2983.070191
5.1,22,2984.033292
4.826053,20,2985.115374
3.791174,16,2985.941548
3.776746,16,2986.765091
3.62044,15,2987.433275
-57.944487,176,2995.410572
-58.265158,176,3006.532154
4.288832,18,3007.371237
3.374868,15,3008.087811
4.871778,20,3009.011601
4.793508,20,3010.075897
4.551979,19,3011.068417
4.604033,19,3012.025698
3.170337,14,3012.765428
4.888159,20,3013.637696
5.254145,22,3014.633998
4.796236,18,3015.448032
4.124439,17,3016.149608
4.281338,17,3016.999082
3.780184,15,3017.672644
3.836223,16,3018.386517
-56.975946,176,3026.443238
3.352657,15,3027.438101
-58.117909,176,3035.44653
3.93984,16,3036.113121
4.034391,17,3036.923733
4.346195,18,3037.773106
2.962367,14,3038.462462
4.731297,20,3039.319311
4.537616,19,3040.166512
4.009587,17,3040.895234
5.19655,21,3041.846424
5.213577,21,3042.821193
4.548204,18,3043.660129
4.039319,17,3044.45742
4.504605,19,3045.350981
3.795962,16,3046.199453
4.00015,17,3047.070647
3.425286,15,3047.932437
4.343089,16,3048.767844
4.523166,18,3049.69716
4.636669,19,3050.696712
3.660293,16,3051.605698
3.02688,14,3052.342976
-57.446085,176,3060.421674
-57.858922,176,3067.665169
3.298182,15,3068.242873
4.755838,19,3068.943793
5.014141,21,3069.731215
3.421111,14,3070.230783
4.772706,20,3070.916382
3.928202,17,3071.525624
4.284824,18,3072.420735
3.660994,16,3073.242249
4.314552,18,3074.163567
5.309018,21,3075.000189
4.545052,18,3075.745471
-1.882432,13,3076.304889
4.781838,20,3077.032026
-0.157405,19,3077.812033
4.211778,18,3078.920622
4.316756,18,3079.902619
3.92071,16,3080.709937
4.125593,17,3081.549065
4.461522,18,3082.452879
3.328144,15,3083.205437
4.21604,17,3084.122637
5.532246,26,3085.679309
2.967306,14,3086.439942
3.352618,15,3087.326059
3.37349,15,3088.058111
3.789437,16,3088.75328
4.328117,18,3089.687883
4.365765,18,3090.641799
4.047427,17,3091.498856
5.277979,22,3092.419982
4.245455,18,3093.177839
4.425011,18,3094.058176
5.409261,24,3095.26061
4.54168,18,3096.066733
3.929995,17,3096.798261
4.89662,20,3097.771278
3.418399,15,3098.563863
4.819593,20,3099.620646
4.66606,19,3103.243872
3.944858,17,3104.0404
5.370923,23,3105.131121
4.585517,19,3105.865618
5.036116,21,3106.657289
5.403863,23,3107.881135
4.178711,17,3108.845861
3.973575,17,3109.773636
4.461191,18,3110.501749
3.711354,16,3111.101341
2.971632,14,3111.61711
4.906215,20,3112.361169
5.850066,25,3113.680567
3.371961,15,3114.481687
4.248091,17,3115.470124
5.803379,24,3116.576548
3.056766,14,3117.206882
3.688312,16,3117.955615
4.280519,18,3118.941065
3.113905,14,3119.600228
3.824,16,3120.362573
3.685642,16,3121.106956
3.931743,16,3121.873721
4.514219,17,3122.700466
4.24452,18,3123.603553
4.003352,17,3124.469064
4.964494,20,3125.543519
4.722204,19,3126.585412
3.437893,15,3127.382763
4.294929,17,3128.22747
3.461763,15,3128.959357
-0.544979,18,3129.825348
4.645821,18,3130.657085
-0.692819,18,3131.491631
4.898869,21,3133.39891
4.730051,19,3134.278456
4.648592,19,3135.123488
5.375909,24,3136.210209
3.725439,16,3136.960679
3.957352,17,3137.765256
4.875864,19,3138.600376
4.541725,19,3139.448783
4.74723,19,3140.263419
3.636563,16,3140.950265
5.623545,24,3142.054556
-57.649145,176,3149.358293
5.142911,21,3150.24451
-58.024369,176,3158.672143
4.913038,21,3159.660479
3.951912,16,3160.328825
4.752736,20,3161.306401
3.850448,16,3162.072798
4.415837,18,3162.820194
3.658766,16,3163.473179
5.003317,20,3164.266407
4.36411,18,3164.968363
3.769451,16,3165.663575
3.717905,16,3166.387148
3.70437,15,3167.008672
3.23966,14,3167.55389
4.002572,17,3168.237976
3.514141,15,3168.892278
4.966613,20,3169.686335
3.921186,16,3170.379337
-1.617427,15,3171.10356
3.398808,15,3171.786779
3.970564,17,3172.565742
3.691916,15,3173.37629
3.767548,16,3174.033616
3.356794,15,3174.6867
4.744647,20,3175.557917
3.649517,16,3176.403312
4.138395,17,3177.274329
5.20026,22,3178.422781
4.807529,20,3179.936257
3.674339,16,3181.807939
3.344074,15,3182.499943
3.401049,15,3183.234308
-57.133521,176,3190.037876
4.009355,17,3190.627681
4.61638,19,3191.425038
4.472153,18,3192.293453
5.634402,24,3193.444016
4.358837,17,3194.26398
4.506066,18,3195.09043
3.649795,16,3195.945323
-1.355879,16,3196.79094
5.748693,23,3197.780879
4.296238,17,3201.147095
3.662667,16,3201.810186
4.647455,19,3202.544723
3.938688,16,3203.198145
4.93986,20,3204.115867
3.397008,15,3204.858279
5.01888,20,3205.942137
4.105807,17,3207.033521
3.919574,16,3208.046769
5.207757,21,3209.134225
3.123394,14,3209.994982
3.364217,15,3210.857149
-57.188383,176,3219.285209
4.472064,18,3220.053766
3.660798,15,3220.745123
4.566071,18,3221.578245
4.807743,20,3222.501001
-1.262009,16,3223.245567
3.364041,15,3223.978169
-0.498916,18,3224.783686
4.740474,20,3225.690588
4.099394,17,3226.308774
2.55151,13,3226.829434
3.055297,14,3227.342309
5.412945,22,3228.147873
5.771732,26,3229.106683
4.883621,20,3230.030506
4.012107,17,3230.901632
3.361201,15,3231.639657
4.893531,19,3232.464148
4.254201,18,3233.154465
3.29346,15,3233.755955
4.668263,19,3234.539725
4.484497,19,3235.396687
3.641355,16,3236.037633
4.149989,17,3236.747271
5.291871,22,3237.803205
4.15115,16,3238.66812
3.298182,15,3239.579351
4.29851,18,3240.511037
3.814867,16,3241.255422
4.228756,18,3242.097731
4.99635,21,3243.095248
2.686209,13,3243.780348
4.250931,18,3244.793372
4.83379,20,3245.919792
4.721334,19,3246.961267
3.381562,15,3247.791372
2.570256,13,3248.482276
4.568173,19,3249.492305
4.624067,19,3250.433511
5.259367,22,3252.39642
3.954174,16,3253.098197
4.552667,19,3253.916176
4.469722,18,3254.705781
2.80889,13,3255.312018
4.513772,19,3256.157134
4.587272,19,3257.004662
4.724983,19,3257.84811
5.691539,24,3258.973054
3.752231,16,3259.728251
5.355742,23,3260.807249
3.337239,15,3261.444269
4.15635,17,3262.083564
3.817102,16,3262.699864
3.99483,17,3263.362139
5.156756,20,3264.43211
5.076481,21,3265.597996
3.459452,15,3266.248234
3.410591,14,3266.894181
-1.049451,17,3267.627244
3.021233,14,3268.224957
4.529779,19,3269.041912
4.542846,19,3269.868448
-57.616568,176,3278.333055
3.425484,15,3279.09713
-57.79263,176,3287.700546
4.659685,19,3288.592684
-56.834289,176,3296.875546
3.110514,14,3297.520926
4.149287,17,3300.677375
4.02249,16,3301.386363
4.48761,19,3302.317321
3.986303,17,3303.02537
4.403023,18,3303.896653
3.441877,15,3304.583778
4.889194,20,3305.476655
3.080533,14,3306.085322
3.834297,16,3306.747374
4.645075,19,3307.473474
-57.771057,176,3314.382742
4.352041,18,3315.180332
3.872966,16,3315.953602
4.379609,18,3316.905088
4.216362,17,3317.522101
-0.923185,17,3318.220941
4.422047,18,3319.083587
2.648623,13,3319.685013
3.543591,15,3320.401524
-56.907267,176,3328.472129
3.962101,16,3329.238736
5.687555,26,3330.370315
2.934237,14,3331.016838
3.090491,14,3331.699414
4.402204,17,3332.448005
4.563526,19,3333.425039
4.390516,18,3334.117703
3.748535,16,3334.737943
3.617354,16,3335.332475
3.280195,15,3335.87558
3.964904,16,3336.498744
4.558405,17,3337.247416
4.055351,17,3337.998751
3.678391,16,3338.622374
4.793777,19,3339.364875
4.120492,17,3340.143416
4.742508,19,3341.065541
4.420193,18,3342.051441
4.956306,20,3342.992952
3.692429,16,3343.737704
5.264198,22,3344.615806
3.82594,16,3345.393514
4.073427,17,3346.17695
4.518613,18,3347.001751
3.962303,17,3347.778498
5.006062,21,3348.678632
3.799487,16,3349.416095
3.953646,16,3350.186314
3.323196,15,3350.849744
-0.360061,18,3351.660219
3.919713,16,3352.403978
0.258862,20,3353.171155
3.931359,16,3353.760655
4.069758,17,3354.393686
5.265229,23,3355.384177
4.483636,19,3356.334741
-57.557983,176,3365.117005
5.039687,20,3366.053048
4.713957,19,3366.886266
5.424178,23,3367.792552
5.165995,21,3368.720746
4.275142,18,3369.557878
4.854067,20,3370.432477
4.132724,17,3371.052209
3.977153,17,3371.758616
4.923987,21,3372.663424
3.862791,16,3373.373801
2.968903,14,3373.975367
4.398854,18,3374.781166
-0.563646,18,3375.581757
4.448394,18,3376.384787
4.73589,20,3377.310221
4.987851,20,3378.178607
5.20705,21,3379.128638
4.360893,17,3379.875086
4.01031,17,3380.631742
3.341792,15,3381.367266
5.843813,26,3382.352754
4.491417,19,3383.110908
4.159395,16,3383.759667
3.019765,14,3384.28231
3.717601,16,3384.879247
4.11707,17,3385.75427
4.670416,19,3386.688036
3.494663,15,3387.320019
4.121359,17,3388.030355
4.269306,18,3388.954482
5.281974,23,3389.821157
4.221241,18,3390.454041
4.849839,19,3394.254895
3.742779,16,3395.060411
4.770189,20,3396.021166
4.506719,19,3397.01873
3.993948,16,3397.819571
3.880211,16,3398.522308
-1.171257,16,3399.261732
-0.296446,19,3400.1786
4.577809,18,3400.995997
4.246347,18,3401.8352
3.5283,15,3402.482451
3.640122,16,3403.217397
4.053467,17,3404.041461
3.746836,16,3404.837086
4.33843,17,3405.745866
4.799695,20,3406.781337
4.331802,18,3407.696239
3.760732,16,3408.637489
-57.244455,176,3417.254152
4.197133,17,3418.086697
4.779463,19,3418.843267
3.594175,15,3419.535537
3.9767,17,3420.257843
-58.076311,176,3427.554984
-0.087891,20,3428.350479
4.939203,20,3429.35327
4.737347,20,3430.331821
5.363124,24,3431.39696
4.774657,19,3432.241912
-1.301892,16,3432.895276
3.518215,15,3433.620608
4.215397,17,3434.470341
3.706617,16,3435.279307
5.153091,22,3436.377625
3.659239,16,3437.070676
3.77241,16,3437.893787
3.647812,15,3438.56066
4.927716,20,3439.426679
4.14753,17,3440.16194
5.131127,21,3441.097653
4.614864,18,3441.951441
4.149452,17,3442.790631
0.216399,20,3443.702379
3.73558,16,3444.41479
3.540672,15,3445.11384
4.349757,17,3445.906989
3.89224,16,3446.666051
5.334858,22,3447.927239
5.27024,22,3449.088525
0.160937,22,3450.226041
5.245455,23,3451.293427
4.790863,18,3452.18877
5.808032,24,3453.368439
3.706432,16,3454.051826
5.103239,21,3455.026779
3.061449,14,3455.68132
-57.14561,176,3463.844546
3.708642,16,3464.64675
4.156403,17,3465.508986
3.730247,16,3466.43668
4.105999,17,3467.333735
4.725899,20,3468.350177
4.729453,19,3469.349912
-57.805574,176,3476.967309
5.42375,23,3478.023919
-0.712093,17,3478.823834
3.703723,16,3479.716825
4.171389,16,3480.509552
4.3574,18,3481.389487
5.032468,20,3482.367028
3.454088,15,3483.054767
2.954545,14,3483.764228
3.714823,16,3484.465273
4.373372,17,3485.19878
3.047068,14,3485.80887
4.116998,17,3486.510556
4.245471,18,3487.30432
4.706842,18,3488.248914
5.245455,23,3489.286462
4.236686,17,3492.496716
5.526656,23,3493.316228
3.658176,16,3493.893385
4.57755,19,3494.724447
3.716015,16,3495.5044
4.408549,18,3496.460431
-0.748266,18,3497.372193
4.786135,20,3498.227951
3.976362,17,3498.943752
4.802631,20,3499.780807
2.979446,14,3500.506781
4.57388,19,3501.531514
4.618705,18,3502.512942
3.945455,17,3503.350488
3.928202,17,3504.152763
4.835717,19,3505.007208
4.898862,20,3505.866441
4.768373,20,3506.73102
3.816554,16,3507.423246
4.238213,18,3508.374219
3.81187,16,3509.208716
4.019195,17,3510.108975
4.577092,19,3511.014583
3.303155,15,3511.757996
5.544124,22,3512.83785
5.474032,21,3513.894554
4.638398,19,3514.842841
4.377191,17,3515.540651
4.483636,19,3516.326618
3.021229,14,3516.913539
4.63878,19,3517.693913
3.628114,15,3518.379545
4.368956,18,3519.192442
4.75041,19,3519.983532
2.638834,13,3520.515839
4.656377,18,3521.363045
4.169442,17,3522.162959
4.37734,17,3522.882961
4.447433,18,3523.668449
4.108544,17,3524.431225
3.758194,16,3525.088156
5.092356,21,3526.171792
3.962998,17,3527.080804
-0.31124,19,3528.052976
3.969504,16,3528.928419
5.18961,22,3529.940649
5.189848,21,3530.849267
4.07349,17,3531.619
3.731321,16,3532.276874
4.675632,19,3533.121503
4.301785,18,3533.872122
4.277193,18,3534.685449
4.558041,19,3535.52469
5.137287,21,3536.410644
5.394201,22,3537.340443
4.899976,20,3538.347806
3.982635,17,3539.388093
0.408594,23,3540.610506
5.481746,23,3541.878421
4.504411,19,3542.873436
5.287818,22,3543.898915
4.906901,20,3544.952484
3.755237,16,3545.80667
4.631627,18,3546.758413
4.611803,19,3547.686758
4.247029,18,3548.537579
4.537246,18,3549.387995
4.283292,18,3550.183567
3.707375,16,3550.888395
2.988996,14,3551.487279
4.85627,20,3552.375364
4.774624,19,3553.184523
3.042178,14,3553.792167
3.291299,14,3554.379995
4.801834,19,3555.175344
4.635729,18,3555.940982
4.177169,17,3556.655951
5.468175,25,3557.646901
4.234929,17,3558.386097
4.099553,17,3559.085268
4.105945,17,3559.962643
-0.41253,19,3560.774079
4.753419,20,3561.680492
3.674297,16,3562.393288
3.471312,15,3563.070587
4.794415,19,3563.841448
5.220566,23,3564.839041
4.279307,18,3565.628394
4.091653,17,3566.266402
4.56014,19,3566.958996
4.973338,21,3567.756985
-57.332728,176,3574.586149
3.955913,17,3575.389805
-0.824927,17,3576.079962
4.523585,19,3576.915905
3.909378,16,3577.802823
-57.945492,176,3588.521301
3.92238,16,3589.321635
3.385034,15,3589.905631
-0.783163,17,3590.712268
3.59449,15,3591.355126
4.54449,19,3592.192595
-57.451258,176,3599.203815
3.025444,14,3599.704877
0.6575,22,3600.529689
4.254742,18,3601.205165
4.179377,17,3601.890188
4.768235,19,3602.592957
4.719448,19,3603.51043
3.355058,15,3604.356865
4.002181,17,3605.388768
4.486781,18,3606.315713
2.586391,13,3607.031532
4.106157,17,3607.785441
4.591453,19,3608.622403
4.770494,19,3609.505131
4.969004,20,3610.40236
4.847093,20,3611.529644
4.776958,20,3612.537543
3.585146,15,3613.313599
0.078428,21,3614.433427
4.473235,17,3615.329009
4.439445,18,3616.224353
4.43123,17,3617.047101
-56.926689,176,3625.428352
4.48619,17,3626.157883
3.86932,16,3626.958177
5.376591,23,3628.020645
4.087872,17,3628.791852
4.214026,17,3629.472431
4.10511,17,3630.303158
3.313806,15,3631.089537
4.499052,19,3632.035901
4.278804,18,3632.965326
4.746397,19,3633.733493
5.048143,21,3634.587482
4.392664,18,3635.309715
4.213912,18,3636.086623
3.817477,16,3636.785007
4.340988,18,3637.567921
4.174782,17,3638.314004
5.388062,23,3639.346798
0.705539,23,3640.373527
3.554646,15,3641.119091
3.372074,15,3641.891746
4.935579,20,3642.90082
3.377391,15,3643.578741
4.092857,17,3644.278853
4.141027,17,3644.988282
3.918707,16,3645.662696
-0.294644,19,3646.437092
2.913838,14,3647.006021
3.430891,15,3647.614364
4.087053,17,3648.334582
3.487589,15,3649.000643
3.008075,14,3649.641575
3.351617,15,3650.283091
4.585045,19,3651.095905
4.031956,17,3651.813842
4.3606,17,3652.522123
4.316305,17,3653.168853
4.279458,18,3653.831673
4.039818,17,3654.44805
4.058495,17,3655.0503
-0.583074,17,3655.854844
-58.352258,176,3664.490076
3.749251,16,3665.350379
-56.595528,176,3674.146115
-0.711431,17,3674.924572
3.930884,16,3675.627474
3.799804,16,3676.329332
5.5731,24,3677.416609
4.528752,18,3678.194421
5.016145,21,3679.142964
4.491944,18,3679.891717
3.512992,15,3680.554818
4.522282,19,3684.158838
4.531347,18,3685.045497
4.134098,17,3685.914606
4.827116,20,3686.925573
4.497355,18,3687.755806
5.101542,21,3688.676567
4.228182,18,3689.425969
-0.150321,20,3690.290619
3.951674,17,3691.04608
2.982925,14,3691.637106
4.371698,17,3692.38185
-0.328671,19,3693.177025
3.609374,15,3693.820524
5.63061,25,3694.927314
5.134701,22,3695.85818
4.300812,17,3696.638826
4.676698,18,3697.416852
4.06838,16,3698.066352
-57.367619,176,3705.997357
4.21349,18,3706.900329
2.820423,13,3707.593319
3.596564,15,3708.310318
5.273025,21,3709.144405
4.355188,18,3709.885786
3.725057,15,3710.553538
4.018569,17,3711.298002
4.564125,18,3712.113454
4.262083,18,3712.898245
3.736559,16,3713.605762
4.34932,18,3714.334483
4.830768,19,3715.16125
3.902321,16,3715.74502
4.736143,20,3716.441028
3.752717,16,3716.998578
5.172951,21,3717.928104
3.947452,17,3718.7838
3.359387,15,3719.566819
4.73541,19,3720.337296
4.325604,18,3721.38508
4.421192,17,3722.308565
4.561139,19,3723.19036
4.432766,18,3723.997311
-57.011606,176,3731.588269
3.965375,17,3732.235125
4.539937,18,3733.071913
0.350416,21,3734.079781
4.070866,16,3734.905802
4.33303,18,3735.824486
4.95042,20,3736.795316
-1.309086,15,3737.54887
3.878199,16,3738.423516
5.29865,22,3739.310156
4.249854,18,3740.110111
-0.635769,17,3740.805928
5.062438,19,3741.610639
4.179664,17,3742.32622
4.768421,19,3743.124032
4.822845,20,3743.994222
-0.160891,20,3744.861598
2.913838,14,3745.471262
3.971058,17,3746.187771
4.54112,18,3746.94436
-0.990798,17,3747.641686
4.659774,18,3748.438229
3.37186,15,3749.111508
5.473133,21,3750.16549
3.439339,15,3751.02742
4.048616,16,3751.848507
-56.975222,176,3760.420969
4.754664,20,3761.373558
3.896512,16,3762.035823
5.334278,22,3762.840621
4.245455,18,3763.483319
4.506292,18,3764.13866
5.001985,21,3764.9097
-0.804543,17,3765.540631
4.850965,20,3766.408545
4.281689,18,3767.305166
5.022307,20,3768.332595
5.27087,21,3769.269117
2.691158,13,3769.938431
4.748121,19,3770.989615
4.641599,18,3771.894744
4.211778,18,3772.785578
4.787645,20,3773.814251
3.127763,14,3774.565481
4.066836,17,3775.349107
5.060003,21,3776.247485
4.085792,17,3779.769369
4.5,19,3780.664372
3.746621,16,3781.432662
4.602623,19,3782.399828
4.292236,18,3783.332408
4.309196,18,3784.188262
5.13901,21,3785.084538
-57.423143,176,3792.835936
3.074958,14,3793.553586
4.35387,17,3794.45381
-57.471231,176,3802.758365
4.111731,17,3803.634677
-0.201891,19,3804.477202
5.054214,20,3805.442479
4.515171,19,3806.430662
3.725117,16,3807.314451
4.929443,19,3808.275624
3.75107,16,3809.083038
-0.578346,18,3809.86269
3.945455,17,3810.628861
3.883475,16,3811.405865
0.194653,21,3812.329746
2.672038,13,3812.896227
5.488911,23,3813.903743
4.390478,18,3814.634141
3.967486,17,3815.391656
2.964649,14,3815.987452
3.687397,16,3816.583494
4.373803,18,3817.267319
4.761581,20,3818.227836
-1.486878,15,3818.974028
5.082263,20,3820.007351
3.109071,14,3820.556795
4.041929,17,3821.245938
3.554306,15,3821.904882
3.253023,14,3822.544305
3.43957,15,3823.211284
4.03963,17,3823.994546
4.022391,17,3824.724218
3.038238,14,3825.323597
4.392555,18,3826.18053
-57.408988,176,3835.312592
3.772139,16,3836.121004
3.735423,16,3836.884954
4.875355,19,3837.743343
3.854901,16,3838.463201
4.323688,18,3839.232057
0.123473,21,3840.095089
4.307918,17,3840.803518
4.766261,18,3841.521181
-1.194241,16,3842.182618
4.099712,17,3843.006217
5.442208,23,3844.011596
4.961709,19,3844.909874
3.555823,15,3845.716603
4.244919,18,3846.569824
5.241595,23,3847.698626
4.078825,17,3848.518673
3.036415,14,3849.205651
4.431816,18,3850.036877
3.925848,16,3850.704106
-57.038224,176,3857.682155
3.490669,15,3858.320332
4.481292,18,3859.028611
4.656069,19,3859.883362
4.022041,16,3860.680758
3.694083,16,3861.528553
-57.161086,176,3869.54058
3.628239,16,3870.300648
4.076274,17,3871.044517
4.041919,17,3871.823136
5.093686,21,3872.783955
5.083591,21,3876.560073
-57.186318,176,3884.762884
5.189519,22,3885.754683
5.600776,23,3886.77122
3.650234,16,3887.478193
3.678494,16,3888.188561
4.084791,17,3888.915077
4.491521,19,3889.745276
0.287457,21,3890.653336
5.829285,26,3891.653316
3.025212,14,3892.180444
4.645966,19,3892.921308
3.998645,17,3893.574048
4.303249,18,3894.495222
3.676413,16,3895.323833
4.322319,18,3896.254497
4.5097,18,3897.060162
4.413576,18,3897.847677
4.394237,17,3898.615776
3.375509,15,3899.273806
3.985031,17,3900.000853
3.954659,17,3900.783315
4.552359,19,3901.628328
4.645198,19,3902.34975
4.753714,19,3903.145871
3.711547,16,3903.928861
4.863017,20,3904.957975
3.711333,16,3905.785609
4.673367,19,3906.751721
4.149225,17,3907.667742
5.300149,22,3908.824982
3.851459,16,3909.561818
4.561055,19,3910.435294
4.97062,21,3911.398132
4.619835,19,3912.277665
4.324728,17,3913.028589
3.980758,16,3913.73522
5.245002,23,3914.572893
3.418601,15,3915.123118
4.506424,19,3915.802946
4.508468,19,3916.466534
5.379944,23,3917.433245
4.183226,17,3918.273968
4.870281,19,3919.308233
-0.516364,19,3920.377318
3.617354,16,3921.137762
4.308404,18,3921.913257
3.408259,15,3922.627788
5.229523,22,3923.758391
5.256933,23,3924.927305
5.320191,22,3926.056583
3.962242,17,3926.905143
3.969099,17,3927.701388
3.704975,16,3928.491815
3.959553,17,3929.234008
-0.424203,19,3930.242544
5.65211,26,3931.509614
4.926853,20,3932.609787
3.794841,16,3933.413387
5.116732,22,3934.588017
4.011399,17,3935.446054
3.119442,14,3936.088762
4.442071,18,3936.94841
3.076306,14,3937.620195
4.489842,19,3938.521464
3.711723,16,3939.268518
3.657539,16,3940.018216
5.091445,22,3940.985531
3.945455,17,3941.767246
3.368925,15,3942.388079
3.917373,16,3943.109555
5.130754,21,3944.015673
3.119154,14,3944.675557
4.970326,21,3945.641823
4.929713,21,3946.603089
4.9746,21,3947.518193
3.363408,15,3948.111443
4.598889,19,3948.826847
4.73271,20,3949.599648
4.436278,18,3950.27586
4.29301,18,3950.98527
4.447982,18,3951.656394
4.274722,18,3952.326602
2.649573,13,3952.819797
4.24011,18,3953.491512
4.221398,18,3954.205189
3.963636,17,3954.841
3.654545,16,3955.430894
4.53917,19,3956.112009
5.23706,23,3956.936544
-1.073288,17,3957.56227
4.261437,18,3958.203388
4.348702,18,3958.868529
4.76135,20,3959.591926
4.923942,20,3960.336509
-0.082528,20,3961.304802
3.951542,17,3962.062754
4.552609,19,3963.00233
4.32513,18,3963.869226
3.93215,17,3964.696228
4.726405,20,3965.681525
4.739375,19,3966.520187
4.492751,18,3967.255843
4.233336,18,3970.66835
4.818584,19,3971.626688
3.945455,17,3972.606653
5.012904,20,3973.690936
3.392034,15,3974.509251
4.812311,20,3975.454592
4.68749,19,3976.325493
4.868166,19,3977.173678
4.501629,19,3978.000138
4.104432,17,3978.758255
0.138324,22,3979.733322
4.905888,20,3980.723641
4.684964,19,3981.678124
3.080134,14,3982.375839
4.319583,18,3983.268178
5.228065,22,3984.314168
4.732731,20,3985.31867
5.001078,21,3986.353119
3.979561,17,3987.201622
4.753617,19,3988.345174
4.014602,17,3989.255386
-57.358796,176,3997.361106
4.499764,18,3998.172661
4.407071,18,3999.009653
3.676322,16,3999.81298
4.312721,18,4000.795129
4.465686,18,4001.74204
3.635455,16,4002.585047
4.875098,19,4003.607249
3.963636,17,4004.444855
4.654111,19,4005.314728
5.161019,21,4006.160098
3.980072,17,4007.071445
4.515681,18,4008.050218
4.286849,17,4008.855649
3.647671,15,4009.45191
4.679441,19,4010.311807
3.722226,16,4011.238974
3.335631,15,4012.024522
4.368277,18,4012.861688
-57.644629,176,4020.905717
5.101025,21,4021.768988
4.269259,18,4022.556404
3.318182,15,4023.192431
4.005423,17,4023.882839
4.789963,19,4024.571589
4.680171,19,4025.542186
4.758069,20,4026.581171
4.281522,17,4027.520849
4.773137,20,4028.689908
4.572687,19,4029.679889
4.934719,20,4030.590703
4.613208,19,4031.511113
3.635455,16,4032.273989
4.211778,18,4033.136303
0.231919,23,4034.244633
3.328203,15,4034.940819
4.187844,17,4035.716003
3.30758,15,4036.520221
5.143776,22,4037.680959
4.21206,17,4038.604971
4.281136,18,4039.561308
4.912727,21,4040.507959
2.570792,13,4041.146406
4.701134,19,4042.060632
4.247633,18,4042.914689
-0.218694,20,4043.801798
4.219315,18,4044.6615
4.765538,19,4045.446682
3.807303,16,4046.128076
4.152465,17,4046.740352
4.061151,17,4047.347562
-57.814844,176,4053.49422
-56.781909,176,4061.504689
3.711492,16,4062.206511
5.605598,26,4063.476393
3.166756,14,4064.081429
-58.140056,176,4074.840184
4.801193,20,4075.662626
3.93071,16,4076.335202
3.926527,16,4077.041978
4.727273,20,4077.906772
3.965692,17,4078.632609
3.351327,15,4079.356363
-57.72905,176,4087.127494
-0.420309,19,4088.14331
4.111386,17,4088.796232
-57.610008,176,4097.195607
-57.229631,176,4104.845248
3.559842,15,4105.561675
-57.643164,176,4113.300512
5.18782,22,4114.448861
3.691733,16,4115.168553
4.552577,19,4116.021947
3.945455,17,4116.831629
5.096286,22,4117.840399
4.110603,17,4118.495404
4.393681,18,4119.441206
3.164266,14,4120.151304
4.710999,20,4121.201477
4.638833,19,4122.117105
4.219115,17,4122.873462
3.500222,15,4123.681625
4.748932,19,4124.65145
4.560621,19,4125.580741
4.949898,21,4126.720181
4.086417,17,4127.761237
4.79917,20,4128.760574
-58.249174,176,4136.981725
4.777673,19,4137.828357
4.552362,19,4138.654294
-58.279984,176,4146.39087
4.053279,17,4147.310379
3.225442,14,4148.025483
4.02103,17,4148.855708
4.661572,19,4149.576038
4.409601,18,4150.498413
3.064291,14,4151.322437
5.500386,23,4152.575613
3.318182,15,4153.4251
4.303312,18,4154.409558
3.841091,16,4155.262179
4.857111,19,4156.109157
3.028093,14,4156.77819
4.949881,20,4157.671377
4.255408,18,4158.440053
5.341924,22,4159.450819
5.110762,21,4160.486341
4.491814,19,4161.493448
4.298793,18,4162.46473
3.873032,16,4166.057441
-57.63735,176,4174.564319
4.759764,18,4175.356903
3.992934,16,4176.06578
2.958067,14,4176.685419
4.885161,20,4177.652057
3.658124,16,4178.400922
4.903555,19,4179.40124
5.277826,23,4180.572179
4.500607,19,4181.522887
4.176937,17,4182.344265
3.112962,14,4182.911428
4.652836,19,4183.801376
4.73012,20,4184.638111
4.444663,18,4185.432351
4.036747,17,4186.15272
4.85654,19,4187.004268
3.952761,17,4187.702084
5.233086,21,4188.514779
4.234726,18,4189.218324
5.229213,21,4190.093314
4.07209,17,4190.778931
4.319509,18,4192.008538
3.795615,16,4192.865391
3.480976,15,4193.46345
4.824717,20,4194.388489
5.032932,21,4195.300751
4.719463,19,4196.144903
3.58938,15,4196.917367
4.768502,19,4197.713369
4.453084,18,4198.49034
4.923725,20,4199.379501
4.819981,20,4200.141895
4.217656,17,4200.817618
4.739596,20,4201.573922
3.047119,14,4202.105207
3.669046,16,4202.699187
3.969444,17,4203.330361
4.594093,19,4204.317566
4.006802,17,4205.268163
3.279232,15,4206.060041
4.831465,20,4207.168481
3.928202,17,4208.052499
5.416546,23,4209.105639
4.24873,18,4209.945466
4.469848,17,4210.724959
3.718523,16,4211.442234
3.511131,15,4212.134807
5.256125,22,4213.22644
4.313689,18,4214.094905
4.228182,18,4214.838971
4.330192,18,4215.57167
5.352968,23,4216.578175
3.769274,16,4217.187101
-0.072727,21,4217.955372
5.18055,22,4218.775444
4.802764,19,4219.477641
4.049367,17,4220.095454
4.267613,17,4220.755074
4.917927,20,4221.509094
4.245455,18,4222.206038
-57.374248,176,4230.338591
3.996885,17,4231.106472
5.021613,21,4232.057914
4.535889,19,4232.953959
5.031123,21,4234.01088
5.058962,19,4234.871182
4.262792,18,4235.667624
3.280118,15,4236.350224
5.427774,23,4237.393187
-58.016609,176,4245.456685
4.364112,18,4246.350684
4.781716,20,4247.397477
4.547179,19,4248.251553
3.466191,15,4248.90543
3.301265,15,4249.609117
4.722479,19,4250.516008
4.718568,19,4251.409937
4.63124,19,4252.288124
3.733972,16,4253.019703
4.309579,18,4253.824647
4.132093,17,4254.587779
4.495574,19,4255.504565
3.020919,14,4256.172029
4.485631,18,4256.972131
3.638675,16,4257.729056
4.369309,18,4258.681403
3.659102,15,4261.878038
4.865619,20,4262.604368
5.412894,23,4263.457843
4.370883,18,4264.133507
3.944242,16,4264.848556
4.295009,18,4265.862227
2.934264,14,4266.570401
4.861693,20,4267.593567
4.918673,21,4268.760919
0.538804,23,4270.018409
4.293201,17,4270.890253
4.460115,18,4271.732902
5.539681,22,4272.76528
4.459002,18,4273.581645
2.938106,14,4274.216671
-57.084327,176,4283.122049
3.700191,16,4283.97592
3.689544,16,4284.804999
4.833309,18,4285.598408
0.443275,24,4286.623994
3.994647,17,4287.439825
4.739801,20,4288.396294
4.727273,20,4289.356579
4.377148,17,4290.148849
4.986099,20,4291.153719
3.339097,15,4291.770964
4.098694,17,4292.527019
3.767861,16,4293.235016
4.345874,18,4294.081221
2.667147,13,4294.692511
5.45432,23,4295.788913
3.86767,16,4296.673614
3.056292,14,4297.455571
3.646803,16,4298.309791
3.30175,15,4299.062283
4.296312,18,4299.899524
5.372544,21,4300.921217
5.223161,21,4302.082205
3.964011,17,4302.984777
3.950706,17,4303.723076
4.303056,18,4304.56018
3.678995,16,4305.393717
4.011331,17,4306.301269
5.027111,21,4307.274705
4.034169,17,4308.058273
4.786537,20,4308.940651
-0.527559,19,4309.787938
4.520293,19,4310.785748
4.024815,17,4311.615381
4.913783,20,4312.678513
4.745587,19,4313.480322
4.57792,19,4314.297178
5.880247,25,4315.429855
4.63826,19,4316.283598
5.377915,22,4317.235789
3.412353,15,4317.840765
2.954545,14,4318.371768
4.323798,18,4319.049031
4.045674,17,4319.751264
4.276943,18,4320.644468
4.393835,18,4321.640363
-57.793065,176,4329.435974
3.475031,15,4330.19976
4.655658,19,4331.064528
4.018922,17,4331.823895
3.945455,17,4332.590079
-58.182727,176,4340.952157
5.341548,23,4342.106517
4.655144,19,4342.986997
4.494659,18,4343.854869
3.515856,15,4344.617849
3.941787,17,4345.427807
-57.91983,176,4352.375881
-57.563059,176,4362.546851
4.159373,17,4363.386349
3.298808,15,4364.130275
4.008575,17,4365.023015
3.324719,15,4365.653395
5.014458,21,4366.539133
4.247996,18,4367.363989
4.334555,18,4368.129076
4.594896,19,4369.004783
4.733374,20,4369.921076
4.483636,19,4370.962512
3.664766,16,4371.873624
4.339045,18,4372.860368
3.446217,15,4373.696209
5.084277,21,4374.838656
5.366636,24,4376.062344
3.336018,15,4376.699942
4.223928,18,4377.601282
5.168423,21,4378.621308
4.731334,19,4379.590625
4.491256,19,4380.552777
4.7818,20,4381.422966
3.946223,17,4382.206806
3.346281,15,4382.791203
4.750073,19,4383.61928
4.431921,18,4384.382052
3.687584,16,4385.051134
3.34728,15,4385.719375
3.639017,16,4386.379352
-1.363312,16,4387.052963
4.669721,19,4387.98085
4.7067,20,4389.066696
3.679672,16,4389.90704
4.350958,18,4390.775732
3.712664,16,4391.601107
-57.987498,176,4399.94943
4.517393,19,4400.71834
4.277513,17,4401.441245
-0.411359,19,4402.226624
4.697111,20,4403.129469
4.270022,18,4403.910344
4.063493,17,4404.591468
4.633261,19,4405.410482
3.68866,16,4406.167985
3.002485,14,4406.838009
3.652428,16,4407.631029
-56.789935,176,4415.879134
4.214046,17,4416.656261
3.654545,16,4417.377945
4.230668,17,4418.132263
4.180675,17,4418.869033
5.079257,21,4419.791815
3.928202,17,4420.597986
3.699454,16,4421.513014
4.773836,20,4422.590312
4.294475,18,4423.525226
2.981903,14,4424.124202
4.788929,20,4425.028258
-58.31904,176,4432.306182
5.089982,22,4433.189305
4.37478,18,4433.858872
4.525974,19,4434.615756
4.919296,21,4435.747815
4.24738,18,4436.783035
3.983469,17,4437.529224
4.614083,19,4438.376482
4.114459,17,4439.287032
4.561364,19,4440.260237
3.337304,15,4441.021884
4.912727,21,4442.09824
4.552519,19,4443.068115
-0.757397,18,4443.94285
5.07632,21,4444.823862
4.697111,20,4445.639385
3.222561,14,4446.27228
2.991966,14,4446.847453
5.059907,20,4447.551983
3.961299,17,4448.340942
4.504778,18,4449.312337
3.635455,16,4450.103105
3.106992,14,4450.834867
4.831838,19,4451.565285
5.028088,21,4452.439931
3.963636,17,4453.170266
4.164615,17,4453.81639
4.317715,18,4457.116823
4.466451,18,4458.152364
4.7743,20,4459.252229
3.442168,15,4460.007906
3.979692,17,4460.905031
4.97727,21,4461.958266
4.435251,18,4462.687054
3.992058,17,4463.36269
5.397486,24,4464.333619
4.311888,18,4465.143349
3.946415,17,4465.938871
4.614532,19,4466.791262
-57.965663,176,4474.985593
4.917514,20,4475.863429
4.826546,20,4476.708849
4.381594,18,4477.53299
4.545681,18,4478.236152
4.568569,19,4479.128891
5.035841,21,4479.987887
5.351778,23,4481.157217
4.947463,21,4482.259873
5.322884,23,4483.276298
4.717346,20,4484.149719
5.737186,26,4485.256377
4.317578,18,4485.992387
4.670728,18,4486.736511
0.299274,23,4487.722761
5.190362,22,4488.613979
4.28913,18,4489.302902
3.719385,16,4490.127283
5.66025,23,4491.270421
3.535335,15,4491.864404
3.96441,17,4492.606917
4.923189,21,4493.466155
-57.325142,176,4501.682703
3.833076,16,4502.421864
3.881068,16,4503.109978
3.128814,14,4503.725148
4.48798,18,4504.465241
3.725477,16,4505.129082
4.026035,17,4505.812782
4.227214,17,4506.585829
4.232679,17,4507.37984
-57.767139,176,4515.188766
3.515454,15,4515.950452
4.512519,19,4516.925517
5.093491,21,4517.845924
4.685125,19,4518.618727
-1.054545,17,4519.313357
4.908447,20,4520.151832
3.945455,17,4520.832862
-0.625944,18,4521.610389
4.821088,19,4522.344281
-58.039625,176,4529.679907
3.185875,14,4530.34794
-58.04838,176,4538.23152
4.266721,18,4539.112642
4.257255,18,4539.917522
3.96931,16,4540.596752
4.53105,19,4541.497192
3.708701,16,4542.343771
3.752842,16,4543.128531
4.934592,21,4544.242372
4.09108,17,4545.109893
4.755199,20,4546.176324
4.99304,21,4547.224569
-0.054945,21,4548.126309
5.172112,20,4551.456042
3.298639,15,4552.080045
4.776611,20,4552.925938
3.812638,16,4553.737098
4.679578,19,4554.748772
3.521862,15,4555.512355
4.5877,19,4556.422265
4.228182,18,4557.149037
5.124904,22,4558.07717
4.983159,20,4558.979608
3.318182,15,4559.600691
3.820418,16,4560.353251
0.375171,23,4561.356331
4.797785,19,4562.164385
3.109721,14,4562.856485
3.675509,16,4563.643002
3.987291,17,4564.55236
3.408476,15,4565.318904
-0.737578,18,4566.042639
4.5,19,4566.811965
4.562559,19,4567.628971
3.997741,16,4568.305749
5.016525,21,4569.22085
4.722727,20,4570.09377
3.349698,15,4570.74615
4.487295,19,4571.615694
3.976729,17,4572.475612
4.532151,19,4573.440429
4.822356,20,4574.427568
4.761422,20,4575.321862
4.085968,17,4576.052115
2.928342,14,4576.639687
3.640148,16,4577.364003
4.308176,18,4578.144683
-0.817676,17,4578.88601
3.297323,15,4579.491134
-58.164491,176,4587.455478
4.610612,19,4588.293171
4.564007,18,4589.09328
-57.784345,176,4596.483715
4.866926,20,4597.280876
4.560642,19,4597.987773
4.301704,18,4598.626245
4.245455,18,4599.257018
-0.519372,19,4599.977989
3.996425,17,4600.808662
5.053258,21,4601.748871
4.648598,19,4602.592169
0.39991,23,4603.449031
4.265819,18,4604.224426
-0.750892,18,4605.056899
5.247976,22,4605.968935
4.869401,20,4606.930718
0.004315,21,4607.942132
-57.301442,176,4614.907658
3.688071,16,4615.482759
-57.645707,176,4622.976881
4.028395,17,4623.721182
4.699836,20,4624.537875
3.654545,16,4625.222331
3.197014,14,4625.874777
4.094865,17,4626.636876
3.017901,14,4627.448396
0.276397,23,4628.628315
-0.452115,19,4629.493788
3.650428,16,4630.106914
4.307834,18,4630.844275
-0.208888,19,4631.713428
5.1305,22,4632.794857
4.330057,18,4633.70426
4.87794,20,4634.666988
4.82476,20,4635.49394
3.965202,17,4636.23412
3.302046,15,4636.879939
3.976426,17,4637.590937
4.299174,18,4638.340267
3.335371,15,4638.978445
4.695288,19,4639.746579
4.583689,19,4640.628559
4.28836,18,4643.848058
2.93369,14,4644.398061
3.69657,16,4645.005915
3.681399,16,4645.558962
4.5,19,4646.247082
3.639401,16,4646.846827
4.95642,21,4647.592427
4.121957,17,4648.390698
5.156234,22,4649.443693
4.391439,18,4650.313701
4.442172,18,4651.027043
3.874582,16,4651.661527
5.245455,23,4652.705081
3.38504,15,4653.332391
4.318642,18,4654.137007
4.228182,18,4655.157979
4.327214,18,4656.083831
3.963636,17,4657.023797
4.245455,18,4657.870267
4.624425,18,4658.565857
4.468784,18,4659.328375
5.593793,24,4660.275163
3.98002,17,4660.939505
3.729339,16,4661.629111
4.790102,20,4662.443858
4.714282,20,4663.274905
5.192466,22,4664.243238
4.628215,19,4665.044809
4.409982,18,4665.966591
5.619581,25,4667.07375
3.335638,15,4667.691164
3.963636,17,4668.470713
4.333025,18,4669.266656
3.628633,16,4670.734557
3.675021,16,4671.292891
4.919287,21,4672.021224
3.973253,17,4672.629336
4.235387,18,4673.516959
-0.293308,18,4674.374141
-58.108439,176,4681.544947
4.743619,20,4682.495774
3.654545,16,4683.222908
4.572892,19,4684.14146
3.080859,14,4684.729653
3.654545,16,4685.450742
4.448237,18,4686.142846
-58.065935,176,4693.415268
3.916956,16,4694.224502
5.436468,24,4695.373053
4.383323,18,4696.256084
4.320783,18,4696.95452
4.504481,19,4697.676176
5.302129,23,4698.550165
4.730796,20,4699.422925
4.04227,17,4700.237343
4.521907,19,4701.143787
4.556195,19,4701.950243
5.732993,24,4702.984082
-57.672831,176,4710.336116
3.359706,15,4710.968546
3.965544,17,4711.733924
4.718653,20,4712.681437
3.638176,16,4713.518302
4.93095,21,4714.575229
5.226761,23,4715.539694
3.51451,15,4716.235907
4.24441,18,4717.122423
4.945508,21,4718.176449
-57.784584,176,4726.793635
4.695636,19,4727.5947
2.979157,14,4728.295363
4.086389,17,4729.020107
5.484079,23,4729.977083
4.025601,17,4730.706931
4.581386,19,4731.549713
3.659026,16,4732.252675
3.963636,17,4733.030142
3.672117,16,4736.135994
3.75993,16,4736.885463
3.60984,15,4737.531752
4.664924,19,4738.350965
4.534178,19,4739.190635
5.189525,22,4739.999292
4.585451,19,4740.702487
4.506204,19,4741.385213
3.519067,15,4741.918143
4.858654,19,4742.579883
3.115596,14,4743.070787
-57.738284,176,4750.17394
-0.647099,18,4750.919403
5.198813,21,4751.802797
4.566559,19,4752.567276
4.982959,21,4753.471726
3.404326,15,4754.046368
5.141668,22,4754.806973
3.985144,17,4755.602422
4.896131,20,4756.594238
4.545053,19,4757.510745
3.717897,16,4758.104177
4.44789,18,4758.959683
3.945458,17,4759.775015
4.748424,20,4760.796748
5.455432,24,4761.897738
-57.266048,176,4769.993256
-57.339454,176,4777.484587
5.031542,21,4778.467984
-57.197492,176,4786.323526
-0.500926,19,4787.183381
3.716199,16,4787.985711
4.089133,17,4788.797331
4.236139,17,4789.622668
4.81699,20,4790.542306
5.43172,22,4791.419755
5.180041,22,4792.301013
4.6409,19,4793.088494
5.623201,23,4794.054037
-57.604373,176,4800.651983
3.688706,16,4801.315838
4.564519,19,4802.078165
5.073354,22,4802.870246
4.048375,17,4803.487185
3.713368,16,4804.068364
4.206004,17,4804.688238
4.5,19,4805.36268
-57.610354,176,4812.78583
3.318182,15,4813.374311
4.490684,19,4814.255988
3.511521,15,4815.051781
5.184546,22,4816.185118
4.028518,17,4817.036112
-0.27063,20,4818.16894
4.543241,19,4819.092945
4.341913,18,4819.859526
3.05023,14,4820.478347
-57.189635,176,4830.107809
3.939865,17,4830.760595
4.474124,19,4831.444724
4.996043,21,4832.203634
5.17826,22,4833.296531
5.248087,21,4834.316776
3.93143,17,4835.037762
3.342596,15,4835.602278
3.727622,16,4836.249517
4.27573,18,4836.953879
5.101738,22,4837.853002
-56.690106,176,4845.049598
4.412921,18,4845.999528
3.757909,16,4846.842412
4.020928,17,4847.680685
4.697322,20,4848.628015
3.6943,16,4849.310568
3.874972,16,4849.997155
3.928839,17,4850.790079
4.71277,19,4851.733934
4.25128,18,4852.534368
4.377666,18,4853.303235
5.070519,21,4854.215275
5.379027,24,4855.301573
4.708869,19,4856.271681
3.633536,16,4857.050489
4.814538,20,4857.934685
4.348975,18,4858.784396
4.265492,18,4859.659168
3.303528,15,4860.392758
4.336887,18,4861.297168
-0.854452,17,4862.021276
4.714462,20,4862.894649
5.415232,24,4863.920132
4.205983,17,4864.586273
3.828721,16,4865.301665
5.267193,23,4866.276595
4.650163,19,4867.050281
4.468081,19,4867.802754
5.667693,24,4868.756503
-58.118529,176,4875.988338
4.044701,17,4876.705568
3.731932,16,4877.442291
3.963636,17,4878.25652
5.073354,22,4879.312292
4.5,19,4880.133291
4.439191,18,4880.848818
3.318182,15,4881.450787
5.363636,24,4882.450908
5.604714,25,4883.462119
5.025052,20,4884.293252
4.712327,20,4885.050421
3.654545,16,4885.700584
4.040533,17,4886.38118
3.807328,16,4887.019349
4.505374,19,4887.914365
4.022902,17,4888.652547
3.328209,15,4889.268756
-1.383636,16,4890.086584
-0.321014,19,4890.820932
4.588975,19,4891.626706
-0.271668,20,4892.599232
4.898869,21,4893.698114
5.743888,25,4894.721234
4.391644,18,4895.492383
2.831559,13,4896.048168
4.723571,20,4896.926657
3.963444,17,4897.644126
4.026132,17,4898.316416
4.99895,21,4899.130056
4.033981,17,4899.802489
3.729445,15,4900.401413
3.420469,15,4901.025903
5.064029,21,4901.84582
5.293961,23,4902.809024
0.502606,21,4903.733673
4.618323,19,4904.741567
4.213085,18,4905.592674
4.23515,18,4906.417426
3.32853,15,4907.124624
3.343935,15,4907.738034
4.040087,17,4908.585241
4.243794,18,4909.503039
-57.551133,176,4919.471097
3.665004,16,4920.134869
5.365768,23,4921.080793
4.488641,18,4921.797545
5.308273,22,4922.617599
3.949116,17,4923.203128
4.777266,20,4923.921788
4.627509,19,4924.604829
4.721456,19,4925.278338
4.93721,19,4925.961874
3.715457,16,4926.517439
5.100354,21,4927.252826
5.216387,21,4927.989144
3.864352,16,4928.537647
4.987297,21,4929.275749
3.390679,15,4929.80718
3.735181,16,4930.384228
5.185649,22,4931.149206
-0.109629,20,4931.858056
3.762235,16,4932.415924
4.891713,20,4933.118057
4.711818,20,4933.811622
4.378441,18,4934.425436
4.254054,18,4935.051694
4.755885,20,4935.707087
3.937883,17,4936.256674
3.863313,16,4936.997145
3.960993,17,4937.896446
3.725965,16,4938.720052
4.636586,19,4939.671943
4.315817,18,4940.548159
4.229282,18,4941.328419
3.963282,17,4942.092175
-57.987597,176,4949.813049
4.271098,18,4950.663091
4.648533,19,4951.486633
3.840426,16,4952.116618
3.736512,16,4952.812201
3.158395,14,4953.329152
4.52633,19,4954.207646
4.016897,17,4954.918334
3.465873,15,4955.474031
3.654545,16,4956.308233
3.983199,16,4957.115643
5.062424,21,4958.09494
-0.738077,18,4958.844079
3.425949,15,4959.405764
-57.118972,176,4967.059107
3.938707,16,4967.911437
-57.647715,176,4975.380563
3.968038,17,4976.112744
3.736064,16,4976.785748
4.567755,19,4977.601905
5.19593,22,4978.678517
2.954545,14,4979.401332
4.300526,18,4980.109555
5.023665,21,4981.039587
3.691621,16,4981.769492
4.278628,18,4982.641553
3.574251,15,4983.428691
4.597771,19,4984.30376
3.507785,15,4985.105515
-0.186223,20,4985.960908
4.798,20,4986.803901
5.366308,23,4987.746948
3.757348,16,4988.420163
3.785434,16,4989.061876
5.211654,22,4989.872918
3.546519,15,4990.468917
-56.625178,176,4998.670809
3.61231,15,4999.480505
5.389089,24,5000.51573
-0.447008,19,5001.328599
5.335762,23,5002.28006
3.126632,14,5002.895442
4.143605,17,5006.187017
-58.264605,176,5013.580853
4.242459,18,5014.214758
-57.842771,176,5020.43701
4.818235,20,5021.456144
-57.231507,176,5030.141225
4.338189,18,5030.952544
5.101768,22,5031.895651
4.974389,21,5032.760689
-0.455637,18,5033.449879
3.812702,16,5034.112682
5.179504,22,5035.013606
4.258418,18,5035.753435
-0.413832,19,5036.598362
4.37764,18,5037.378436
4.727273,20,5038.21251
3.687578,16,5038.907101
5.353823,23,5039.88782
4.047194,16,5040.606138
4.28386,18,5041.423094
3.460023,15,5042.174643
3.76494,16,5042.785605
3.660459,16,5043.314923
-0.752245,18,5044.119444
4.58491,19,5045.039651
4.257579,18,5045.910759
4.321153,18,5046.650289
4.562724,19,5047.458408
3.90325,16,5048.146083
4.796145,20,5048.993134
5.50176,23,5050.637878
3.65803,16,5051.213537
3.795374,16,5051.860883
4.84653,20,5052.653279
3.951824,17,5053.227446
4.445283,18,5053.960401
5.396225,23,5055.101795
4.085239,17,5056.076542
4.557626,19,5057.112397
4.112729,17,5057.821968
4.086322,17,5058.531015
3.384378,15,5059.182974
-0.718338,18,5059.987774
5.072604,20,5060.839922
4.5,19,5061.611151
-57.112493,176,5068.408209
3.617354,16,5068.985995
4.073475,17,5069.576912
-0.38727,19,5070.256036
4.001212,17,5070.845878
4.46416,18,5071.481732
4.067127,17,5072.286209
4.811458,20,5073.379435
4.94708,21,5074.447728
3.336624,15,5075.024102
4.024882,16,5075.700029
3.653989,16,5076.438112
4.089565,17,5077.163593
4.03032,17,5078.190978
3.617354,16,5078.846779
-57.715741,176,5086.166157
5.202569,21,5086.888051
-1.12469,16,5087.424336
-57.340765,176,5096.783131
4.543057,19,5097.600838
3.738425,16,5098.303779
-57.869729,176,5106.011737
4.046941,17,5106.86205
-0.084863,21,5107.890584
4.968987,20,5108.943197
4.293158,18,5109.696869
4.538978,18,5110.654302
4.84113,20,5111.507232
5.160986,21,5112.373854
4.334831,18,5113.162688
3.945455,17,5113.850052
4.068509,17,5114.746688
4.571302,19,5115.872948
4.90276,20,5116.848183
4.538075,18,5117.696998
3.359615,15,5118.380588
5.397524,24,5119.452066
3.083479,14,5120.096707
-0.356609,18,5120.958812
3.957246,17,5121.820939
4.357467,18,5122.578788
3.460964,15,5123.127293
3.785029,16,5123.711119
4.350804,18,5124.396922
4.032161,17,5124.993124
5.209505,21,5125.850248
4.343819,18,5126.742994
4.898077,20,5127.733737
3.659999,16,5128.315823
3.815211,16,5129.007386
3.151157,14,5129.613433
5.040517,20,5130.448342
3.392946,15,5131.123211
4.740133,19,5131.989745
2.960224,14,5132.731378
4.522698,19,5133.721461
-57.752588,176,5141.154807
2.635897,13,5141.681808
4.23401,18,5142.486948
-58.043483,176,5150.502701
4.530436,19,5151.346397
3.731744,16,5152.034133
3.494597,15,5152.646673
3.253743,14,5153.255482
4.711818,20,5154.077924
4.51796,19,5154.866534
-57.871365,176,5162.884511
5.09366,21,5163.783036
4.409718,18,5164.541343
-1.632203,15,5165.180168
5.866979,24,5166.245634
4.079094,16,5166.976516
5.025748,21,5168.003109
4.146222,17,5168.885881
5.110695,21,5169.951578
3.96322,17,5170.810766
4.532236,19,5171.686224
3.793108,16,5172.345604
4.2848,18,5173.107469
4.505605,19,5173.926853
4.678919,19,5174.787457
4.002702,17,5175.47427
4.346664,18,5176.210556
5.070263,21,5177.076761
4.27202,18,5177.881253
4.278113,18,5178.663434
4.567003,19,5179.464871
4.379697,18,5180.278722
3.33059,15,5180.948214
3.329516,15,5181.548291
4.885537,19,5182.23275
5.68291,24,5183.133377
-1.060723,17,5184.021353
-57.179387,176,5197.030879
4.03635,17,5197.924615
4.001718,17,5198.795899
4.067483,17,5199.609783
4.36641,18,5200.320961
3.786985,16,5201.000131
-57.34403,176,5208.162589
4.796956,20,5208.980834
4.603823,17,5209.57822
4.014513,16,5210.157987
3.788327,16,5211.008394
4.935583,20,5212.079888
4.391552,18,5212.83534
4.243374,17,5213.500793
3.959528,17,5214.274341
2.967785,14,5214.996234
4.565208,19,5215.923887
4.214742,18,5216.944294
4.290209,18,5217.938151
5.101929,21,5218.856058
-58.179176,176,5226.753776
5.063877,21,5227.703505
3.318182,15,5228.464575
4.470599,19,5229.240085
4.722304,19,5230.100817
4.006191,17,5230.748312
3.660604,16,5231.385402
5.177101,21,5232.225496
-0.105918,21,5233.076122
3.388052,15,5233.711099
4.846745,20,5234.586794
-0.6372,18,5235.371454
5.116644,21,5236.251533
4.187449,17,5236.993974
3.799365,16,5237.646993
4.5,19,5238.468627
4.309743,18,5239.213393
4.701273,19,5240.062232
4.089271,17,5240.954289
3.698392,16,5241.589446
3.286891,14,5242.161746
-0.418246,19,5243.002108
3.99206,17,5243.627732
3.681066,16,5244.210848
4.326202,17,5244.84695
4.359075,18,5245.763127
4.560378,18,5246.675595
4.601672,18,5247.581318
4.941017,20,5248.360486
3.7397,16,5248.990227
2.653381,13,5249.523463
5.587401,22,5250.437347
2.293116,12,5250.920518
4.295985,18,5251.592665
4.573464,19,5252.293226
4.346236,18,5252.946143
5.174019,22,5253.756762
3.344288,15,5254.273386
4.783321,20,5255.02139
4.277544,18,5255.650748
4.042572,16,5256.222232
3.893266,16,5256.818284
4.320085,18,5257.810863
3.408648,15,5258.564826
3.836923,16,5259.346815
-57.987395,176,5267.186245
5.105952,21,5268.217947
4.741745,20,5269.09149
4.587904,19,5270.223773
4.972135,19,5271.057358
4.671948,19,5271.819076
3.392496,15,5272.452462
4.831776,20,5273.343927
3.945455,17,5274.029867
4.048831,16,5274.635709
3.873621,16,5275.250465
5.317162,22,5276.108735
4.706131,19,5277.120359
3.673306,16,5277.937209
4.589038,19,5278.759453
3.047423,14,5279.332963
4.298851,18,5282.61145
3.613637,15,5283.229596
-0.559545,18,5284.018794
5.223716,21,5285.041007
3.976387,17,5285.876776
-57.639795,176,5293.050834
4.905016,20,5293.775975
4.57112,19,5294.474986
0.247709,22,5295.27368
4.687213,19,5296.046126
4.296948,18,5297.063745
3.96472,17,5297.953575
3.818583,16,5298.776273
4.303869,18,5299.524567
4.969282,20,5300.342932
3.450401,15,5300.972369
4.575088,18,5301.692973
5.239966,21,5302.527658
3.43904,15,5303.131448
4.707281,19,5304.061806
4.563616,19,5305.062592
-1.411933,15,5305.844115
4.076972,17,5306.805831
3.327476,15,5307.57198
4.343381,18,5308.307255
4.514085,18,5309.099007
5.688419,24,5310.120462
3.774319,16,5310.840608
4.840439,19,5311.668027
3.759855,16,5312.350959
5.470586,22,5313.293033
5.507616,23,5314.326164
4.122859,17,5315.051419
5.545609,23,5315.981177
5.188693,22,5316.951896
4.693643,17,5317.721577
4.478205,17,5318.458128
4.842331,20,5319.327473
4.270181,17,5320.048169
3.459559,15,5320.676455
4.975194,19,5321.416364
5.029946,20,5322.175636
3.357228,15,5322.718858
4.573849,19,5323.426832
2.99801,14,5323.966863
5.643568,26,5324.900247
4.417274,18,5325.554254
4.303009,18,5326.281779
4.133472,17,5326.948001
-57.215728,176,5335.058511
4.23432,17,5335.802984
3.206883,14,5336.445902
4.388001,18,5337.21137
3.990293,17,5337.961118
3.740548,16,5338.665755
3.971368,17,5339.416371
4.888205,20,5340.280041
5.042733,21,5341.144399
4.949115,20,5342.052044
3.978052,17,5342.771175
4.23453,17,5343.502164
4.265469,17,5344.218295
5.22278,21,5345.184615
4.563703,19,5346.127173
3.648595,16,5346.955833
4.269292,18,5347.759597
4.428918,18,5348.473123
4.63541,19,5349.289122
5.092942,22,5350.171565
4.2373,17,5350.900786
4.784205,20,5351.736774
5.63086,27,5352.876551
4.315731,18,5353.638556
4.12682,17,5354.537065
3.797746,16,5355.206618
4.727646,20,5356.039364
3.049788,14,5356.622029
3.121458,14,5357.172121
4.784724,20,5358.157271
-0.074407,21,5359.182163
3.298182,15,5359.959793
-0.925662,16,5360.5694
5.008224,20,5361.410136
4.623416,19,5362.279524
4.588969,19,5363.06429
4.534077,19,5363.878695
4.072213,17,5364.571429
4.729659,19,5365.350161
4.334455,18,5366.084605
-0.277575,18,5366.833044
4.665931,19,5367.539919
4.370343,18,5368.198654
4.781231,20,5368.92727
-57.656594,176,5380.048411
5.37846,20,5380.899729
4.382878,18,5381.634814
4.528409,19,5382.423908
4.782038,20,5383.211087
3.668536,16,5383.881536
5.013977,20,5384.771308
-57.326773,176,5392.926017
-0.667824,18,5393.744893
3.373218,15,5394.399776
4.90732,20,5395.365915
4.359298,16,5396.100829
4.012906,17,5396.921868
-0.950864,17,5397.734318
3.335446,15,5398.435929
4.132501,17,5399.224869
4.270842,18,5399.999791
5.460133,24,5400.923048
4.15002,17,5401.562887
4.986568,21,5402.355607
-58.012698,176,5410.592945
-57.259939,176,5418.477794
3.817273,16,5419.191433
4.10523,17,5420.147921
3.364843,15,5420.679546
5.043171,21,5421.559099
3.617354,16,5422.422645
4.298101,18,5423.40943
4.751772,20,5424.313554
4.585362,18,5425.283514
3.55538,15,5426.111807
4.770182,19,5427.117998
3.651531,16,5427.863216
4.395761,18,5428.686749
5.265237,23,5429.675601
5.762823,25,5430.723053
4.854581,19,5431.547706
4.103209,17,5432.33572
5.299667,21,5433.361396
5.213947,21,5434.36643
5.006308,21,5435.391377
5.692154,25,5436.39987
3.787194,16,5437.048875
3.907135,16,5437.784982
4.010638,17,5438.481545
5.160277,22,5439.485584
3.423681,15,5440.12049
3.467853,15,5440.782339
-0.49395,18,5441.538432
3.664189,16,5442.217711
3.329319,15,5442.902374
3.425244,15,5443.552439
3.298182,15,5444.239466
4.837847,20,5444.981663
4.766583,19,5445.67275
3.459078,15,5446.222936
4.560526,18,5446.929595
5.402803,24,5447.861995
5.316685,21,5448.647142
5.009038,20,5449.395195
5.30821,23,5450.341734
0.181908,20,5451.150631
4.592404,19,5452.126113
4.516731,19,5453.129478
-0.803491,17,5454.09172
4.227487,17,5455.024017
3.624521,16,5455.836932
4.871799,20,5456.685626
4.405915,18,5457.457232
3.52992,15,5458.153737
0.230847,20,5459.02208
3.875324,16,5459.722902
3.691555,16,5460.428827
-1.5092,15,5461.128639
3.957308,17,5461.878502
-0.26383,19,5462.754027
4.810706,20,5463.599873
5.420393,23,5464.58663
4.517863,19,5465.353865
4.249208,17,5468.691743
5.045754,20,5469.552026
-0.476809,19,5470.26296
4.085561,17,5470.917157
4.237206,18,5471.646432
3.015046,14,5472.25928
5.091303,21,5473.15201
4.115043,17,5473.914524
-0.883044,17,5474.649081
4.852683,20,5476.082952
2.585806,13,5476.544204
3.641792,16,5477.088302
4.651601,19,5477.755084
3.340067,15,5478.294442
4.809613,18,5478.946254
5.515311,25,5479.824266
3.458472,15,5480.337491
3.556024,15,5480.862421
4.557954,19,5481.505339
4.400943,18,5482.127593
4.789377,19,5482.849204
5.310212,23,5483.691193
4.644282,19,5484.672793
3.762851,16,5485.53004
3.928202,17,5486.296273
4.432732,18,5487.030948
4.01879,17,5487.797582
4.94207,21,5488.702284
4.273907,18,5489.486666
2.944761,14,5490.053878
4.818012,20,5490.906648
4.232814,18,5491.620012
5.539949,25,5492.689246
2.719465,13,5493.303975
3.962062,17,5494.228723
4.000948,16,5495.025674
4.703041,18,5495.958749
4.231803,18,5496.976185
3.760778,16,5497.777726
5.098495,20,5498.596725
3.848957,16,5499.384105
5.208275,22,5500.312397
3.724475,16,5500.982696
4.283297,18,5501.794968
5.514968,22,5502.744019
3.37584,15,5503.51947
3.69889,16,5504.244198
3.674999,16,5504.976306
-0.469626,19,5505.920819
4.016377,17,5506.68996
4.385071,18,5507.459435
5.339411,23,5508.396224
4.729152,20,5509.260621
5.975199,25,5510.282645
3.833732,16,5510.893365
4.920305,20,5511.642042
4.026476,17,5512.297604
3.956887,17,5513.010119
-0.223948,20,5513.811661
-57.051626,176,5521.579639
5.1484,22,5522.668518
4.670351,19,5523.595623
4.049468,17,5524.552305
4.882722,20,5525.366812
5.21812,22,5526.233513
4.44197,18,5526.989261
4.34168,18,5527.950775
3.378099,15,5528.578319
3.443345,15,5529.191856
4.205669,16,5529.78195
4.006057,17,5530.434102
3.746592,16,5531.279897
4.314254,18,5532.20547
5.003489,20,5533.220726
4.303955,18,5533.953856
4.999193,20,5534.848306
4.796419,20,5535.790266
3.295186,15,5536.411225
4.05408,17,5537.159432
-1.324063,16,5537.905048
5.041384,20,5538.753903
4.255349,18,5539.595125
4.648754,19,5540.634954
4.485361,19,5541.646819
-56.845675,176,5549.241783
3.505826,15,5550.08354
4.498294,18,5551.088526
4.980845,21,5552.095678
4.367435,18,5552.906366
5.636402,23,5553.882037
3.82028,16,5554.576509
3.732521,16,5555.283003
4.736856,20,5556.064448
4.938592,19,5556.88245
4.284579,18,5557.624723
5.142288,21,5561.120192
5.36422,23,5562.202967
3.738874,16,5562.977287
4.068764,17,5563.857861
4.254758,18,5564.546916
-57.708446,176,5572.196429
4.167083,17,5572.869133
3.69397,16,5573.566635
4.299279,18,5574.312403
5.046151,21,5575.127898
4.168619,17,5575.730773
4.211778,18,5576.363221
5.328879,23,5577.162304
4.741573,19,5577.837186
2.950643,14,5578.345902
5.055129,21,5579.070496
4.377026,18,5579.69681
4.896596,19,5580.358797
3.779136,16,5580.903776
4.249674,17,5581.497976
4.854642,20,5582.332186
3.981482,17,5583.199683
3.638419,16,5584.00784
5.445063,22,5585.10121
3.959119,16,5585.890793
4.295954,18,5586.76012
4.607418,18,5587.60094
3.35934,15,5588.246579
3.755107,15,5588.896532
-0.31505,19,5589.786986
-0.540573,19,5590.588991
3.849341,16,5591.222947
4.836463,20,5592.06166
3.790993,16,5592.706416
5.074929,20,5593.667817
4.16805,17,5594.591499
4.542606,19,5595.544118
4.640975,19,5596.23986
3.816229,16,5596.884888
0.337678,22,5597.762832
4.589981,18,5598.508063
4.790075,19,5599.355501
3.738365,16,5600.016837
4.313006,18,5600.798885
-0.518698,18,5601.568058
5.38468,22,5602.513391
3.171801,14,5603.094019
4.855256,19,5603.945565
4.270206,18,5604.790751
-57.060551,176,5613.29734
4.530991,18,5613.953317
3.838918,16,5614.5348
3.973894,17,5615.162041
3.374589,15,5615.7658
4.612505,19,5616.54025
4.957947,21,5617.366203
5.013586,21,5618.438798
3.605157,15,5619.230013
-1.13326,16,5620.181552
-57.23188,176,5628.399263
3.971614,17,5629.324495
4.07582,17,5630.253517
4.391367,18,5631.182292
4.798206,19,5632.075984
3.58051,15,5632.719722
4.336145,18,5633.551148
-57.506493,176,5640.909343
0.152282,21,5641.717707
4.372882,18,5642.540039
3.940704,16,5643.389966
5.263802,22,5644.451455
4.429839,18,5645.233698
-56.546908,176,5654.669667
5.625822,26,5655.593822
5.71574,26,5656.527361
4.236616,18,5657.182016
4.37685,18,5657.827858
3.717371,16,5658.415243
3.920858,16,5658.971278
4.099682,17,5659.602187
3.699755,16,5660.190974
-0.799251,18,5660.855262
3.370086,15,5661.394131
4.448818,18,5662.03523
4.569629,19,5662.72092
-0.709928,17,5663.336619
4.315413,18,5664.021366
4.697111,20,5665.019127
3.977121,17,5666.019009
4.865902,20,5666.846104
4.507435,19,5667.66959
-57.590041,176,5675.157574
3.355745,15,5675.813299
4.361617,18,5676.613298
4.228182,18,5677.403373
3.299726,15,5678.042526
4.05674,16,5678.76877
-0.862653,17,5679.641392
4.957347,20,5680.72618
3.563989,15,5681.618944
5.248167,23,5683.077948
4.232365,17,5683.954928
3.047564,14,5684.745984
4.522275,19,5685.825711
5.908035,24,5686.942201
4.058652,17,5687.653576
4.390015,18,5688.495133
4.752474,19,5689.392244
4.577585,19,5690.498651
5.289382,22,5691.647192
5.431741,22,5692.649614
-57.146377,176,5700.393265
4.494178,18,5701.060559
4.06528,17,5701.704608
4.287318,18,5702.432848
4.58983,19,5703.383491
3.32016,15,5704.165443
2.963024,14,5704.833481
4.853729,20,5705.858681
-58.023775,176,5713.465991
0.492273,23,5714.314095
5.677736,22,5715.351513
4.007579,17,5716.227533
4.100191,17,5717.077714
5.121369,22,5717.986491
5.009256,21,5718.880508
4.22764,17,5719.800782
3.666291,16,5720.559652
5.241715,21,5721.281342
5.031962,20,5722.172308
3.948648,16,5723.018802
4.109338,17,5723.909957
5.10442,21,5724.828305
-0.480007,18,5725.580585
3.430241,15,5726.222956
4.191491,17,5726.929433
5.027184,21,5727.746998
3.972995,17,5728.349171
4.591398,19,5729.02302
3.351036,15,5729.532047
4.512298,19,5730.222751
4.404149,18,5730.875968
5.634275,25,5731.869024
4.260288,18,5732.774378
3.830791,16,5733.739033
3.869248,16,5734.700595
3.494839,15,5735.470049
4.054766,17,5736.246513
3.108419,14,5736.965526
3.963636,17,5737.782679
4.714363,20,5738.64562
5.480313,23,5739.610757
3.635464,16,5740.278162
4.815181,20,5741.21056
4.652257,19,5742.067425
4.605369,18,5742.926811
4.492815,19,5746.322269
3.304593,15,5746.923508
-57.926168,176,5754.845705
2.991946,14,5755.503597
2.995324,14,5756.297196
4.372685,18,5757.233133
5.214252,21,5758.325354
4.662438,19,5759.13413
3.484847,15,5759.820831
4.21253,17,5760.542562
2.96497,14,5761.145671
4.25369,18,5761.976171
3.960354,16,5762.709034
4.064993,17,5763.533862
4.038571,17,5764.346385
4.295576,18,5765.291596
4.279267,17,5766.15276
5.238292,22,5767.209176
-57.940887,176,5774.783164
4.854431,20,5775.507066
4.591091,18,5776.16472
3.683339,16,5776.810152
4.094418,17,5777.426984
5.369809,23,5778.565231
-1.373167,16,5779.355442
3.715424,15,5780.092073
4.549899,18,5780.794502
4.657078,19,5781.609466
4.740218,20,5782.455058
3.358184,15,5783.135189
-57.651041,176,5791.536331
4.485389,18,5792.372683
4.325888,18,5793.184264
4.336473,17,5793.946647
3.932606,16,5794.693027
5.388179,23,5795.710784
4.468454,19,5796.612973
4.664592,19,5797.554704
3.379755,15,5798.203482
4.008332,16,5798.825812
4.622281,19,5799.52431
4.381611,18,5800.217493
4.059487,17,5800.892891
3.66396,16,5801.506346
4.190612,17,5802.372502
4.573229,18,5803.367159
3.77084,16,5804.18964
3.401092,14,5804.728781
-0.462666,19,5805.523797
5.028946,20,5806.33916
5.382809,24,5807.489174
4.410897,18,5808.457404
5.483342,23,5809.731604
-57.958367,176,5818.434865
-0.577277,18,5819.259344
4.298231,18,5820.034287
4.557342,19,5820.916654
4.51375,19,5821.828461
4.018685,17,5822.571386
5.157393,22,5823.569597
3.635455,16,5824.331007
4.852499,20,5825.273777
4.849377,20,5826.176166
5.24112,22,5827.222608
-1.582749,15,5827.887144
4.316335,18,5828.755179
3.812694,16,5829.478326
4.282349,18,5830.287899
3.857717,16,5831.060993
4.986593,21,5832.03486
3.817251,16,5832.777255
4.954898,21,5833.80479
5.705788,24,5835.041044
3.697802,16,5835.77773
2.834978,13,5836.305168
4.226243,17,5837.009722
4.349954,18,5837.827236
3.339755,15,5838.493997
3.49711,15,5839.151704
5.254145,21,5842.556146
4.980664,21,5843.435478
5.656905,24,5844.61365
3.026243,14,5845.339154
4.228182,18,5846.309301
4.935979,21,5847.436198
-0.663463,18,5848.249348
3.807119,16,5848.90585
4.637913,19,5849.793706
4.253963,18,5850.634233
0.105469,19,5851.465922
-57.436101,176,5858.803902
4.943007,20,5859.868032
4.372357,18,5860.827673
3.817205,16,5861.71977
4.169421,17,5862.537276
3.838648,16,5863.257675
4.398423,18,5864.034776
4.525877,18,5864.772462
3.469426,15,5865.386287
-57.255745,176,5872.570294
3.036681,14,5873.161566
4.699553,19,5873.949624
3.782171,16,5874.68609
4.009549,17,5875.411346
4.697111,20,5876.245536
4.291783,18,5877.032188
4.84242,20,5877.832697
5.086235,20,5878.543084
4.058659,17,5879.154022
4.722384,20,5879.891457
4.97733,19,5880.557999
3.748808,16,5881.338338
5.456387,24,5882.637142
4.830015,20,5883.539908
4.102532,16,5884.210783
3.697674,16,5884.968122
4.635367,19,5885.785404
5.231281,21,5886.617869
4.955021,21,5887.671137
4.10665,17,5888.545362
4.930678,21,5889.604123
3.331776,15,5890.344253
3.779813,16,5891.036044
3.977174,17,5891.79259
4.228182,18,5892.643973
-0.43373,17,5893.335425
-57.856491,176,5899.823724
4.764824,20,5900.533203
4.697111,20,5901.251019
3.732955,16,5901.865083
2.994832,14,5902.623136
4.177004,17,5903.585653
4.256208,18,5904.548427
4.745581,20,5905.350433
4.228182,18,5906.32203
3.922492,16,5907.104378
4.794561,19,5908.061123
3.121611,14,5908.735305
3.681681,16,5909.412465
-57.213393,176,5916.989954
3.300142,15,5917.821383
4.28678,18,5918.739276
4.889505,20,5919.861658
3.813173,16,5920.614036
-0.132259,20,5921.68367
4.846891,20,5922.777789
5.324527,21,5923.920372
3.449359,15,5924.575284
4.179071,17,5925.430472
3.654545,16,5926.148017
3.771881,16,5926.891667
4.570309,19,5927.746275
3.985453,17,5928.519006
-0.970666,17,5929.296965
4.112552,17,5930.081238
3.711454,16,5930.833586
4.388793,18,5931.605485
4.37127,18,5932.448909
3.318182,15,5933.115532
4.642715,19,5936.568591
-58.121072,176,5944.456386
-0.817141,17,5945.181551
4.347813,18,5945.99738
5.654096,24,5947.001726
-0.683492,17,5947.700759
3.928202,17,5948.394389
3.845289,16,5949.229348
4.482263,18,5950.132289
4.936056,21,5951.022498
4.906721,20,5951.854727
4.341011,18,5952.580578
3.729554,16,5953.168244
3.786653,16,5953.718735
3.3431,15,5954.271719
4.30317,18,5954.954671
2.685605,13,5955.478112
4.957757,21,5956.315295
4.561204,17,5957.190696
-57.725305,176,5965.326469
4.289409,18,5966.246571
-57.637839,176,5974.210292
4.408235,18,5975.046362
5.360942,23,5976.080083
4.458342,18,5977.062004
5.876017,27,5978.222214
4.303657,17,5978.937395
4.321775,18,5979.628438
3.397137,15,5980.189306
3.073344,14,5980.715733
2.976331,14,5981.202814
5.428035,23,5982.019634
4.716065,20,5982.78667
4.7051,19,5983.540552
5.116909,21,5984.396293
3.831774,16,5985.285936
4.159787,17,5986.233686
4.147926,17,5987.224777
3.480598,15,5988.063805
3.490222,15,5988.695717
3.499882,15,5989.407899
0.043727,21,5990.472938
3.495625,15,5991.208542
3.937656,17,5992.032123
3.825084,16,5992.811002
4.226989,18,5993.75361
3.555697,15,5994.422445
5.084793,21,5995.408573
4.094973,17,5996.231018
4.986646,21,5997.232541
4.313753,17,5998.087511
4.456578,18,5999.022888
4.119851,17,5999.828258
-0.211672,20,6000.710057
4.345832,18,6001.481836
-57.209827,176,6009.359196
4.521632,19,6010.173886
2.994902,14,6010.71413
4.058459,17,6011.338217
4.326906,17,6011.992761
3.183761,14,6012.581165
4.586382,19,6013.407251
5.392462,22,6014.582613
3.326699,15,6015.39645
4.899066,19,6016.344294
4.95668,21,6017.427038
5.392031,24,6018.62463
3.633292,16,6019.317186
3.798996,16,6020.047358
4.09419,17,6020.762253
4.908152,20,6021.62415
4.707881,19,6022.45179
3.751939,16,6023.133288
4.011262,17,6023.913933
4.762495,20,6024.78492
3.928236,16,6025.511962
4.495568,19,6026.330572
3.689383,16,6027.021853
3.424692,15,6027.726361
