#{"t_start": 1773989506.2142496, "env_id": "continuous-highway-v0"}
r,l,t
5.43706,13,89.626682
1.854231,16,90.611659
5.776183,15,91.526733
5.221782,13,92.496724
5.76219,14,93.459344
6.027663,14,94.36557
5.500933,14,95.336127
4.859806,12,96.134438
6.289399,16,97.531008
5.376857,13,98.448584
4.47897,12,99.261327
1.236481,15,100.246702
6.551529,15,101.087021
5.373351,14,101.906847
6.030463,15,102.818025
5.235152,14,103.911738
1.32028,14,105.032099
7.349218,15,105.979359
6.915936,16,107.08007
4.696939,12,107.822303
5.381191,14,108.785754
5.573338,13,109.473503
6.677133,15,110.469175
6.294527,14,111.321217
4.76739,13,111.934939
6.124954,16,113.007262
0.637366,14,113.97752
5.946064,14,114.984653
2.121216,16,115.932545
6.527665,16,116.948025
5.339143,14,117.830448
5.71962,16,118.847033
1.439999,15,119.892907
6.147461,14,120.777072
2.17872,16,121.853442
3.784919,11,122.748886
4.807811,12,123.430679
0.888177,13,124.333847
2.379703,16,125.260929
6.184219,16,126.277599
5.19121,13,127.143442
6.560779,16,128.089507
6.502018,15,129.11763
6.408836,15,130.144453
5.539491,14,130.995108
6.477035,15,131.953351
4.858266,13,132.882811
6.101816,14,133.75281
7.330574,16,134.901994
4.804512,13,135.696249
5.543921,14,136.70983
5.720721,13,137.623631
5.10933,13,138.656171
6.353934,14,139.402131
5.994188,14,140.100184
1.126249,14,141.137586
1.36905,15,142.066659
6.717496,15,142.992163
1.330338,15,144.065653
6.510956,16,145.188836
1.255779,14,146.117938
1.300394,14,147.250968
5.273201,14,148.0704
5.898728,14,149.126822
5.991232,14,150.061471
6.138247,14,151.150095
5.149232,13,152.018405
5.58436,13,152.798252
5.363537,14,153.677964
6.323135,15,155.096369
6.892203,16,156.228137
1.175427,14,157.143354
4.508817,12,157.837995
6.820824,16,158.961718
5.802422,14,159.852833
3.413695,11,160.514588
5.143245,13,161.239287
5.155486,13,161.984194
1.176167,14,162.823513
5.40158,13,163.687599
5.775488,14,164.589878
4.766713,12,165.268507
5.763044,13,166.093546
6.119273,15,166.978591
6.609549,16,167.86975
1.800101,15,168.777291
4.759398,12,169.391345
4.457405,13,170.147522
5.556921,14,171.037603
5.174634,13,171.767935
3.104381,18,172.930377
4.865403,13,173.707299
5.466508,13,174.553732
6.213154,15,175.443597
5.754155,14,176.363514
5.045766,12,177.208133
5.490133,14,178.141726
6.864948,16,179.269863
4.418408,12,180.08953
4.772474,13,180.84166
6.272561,15,181.803237
1.325663,15,182.94134
5.795874,15,183.83053
1.313464,14,184.733556
5.852388,14,185.549636
6.620791,15,186.532388
1.106217,14,187.377791
6.584337,15,188.327733
5.862487,14,189.258825
-0.39272,13,190.082941
5.089484,13,190.877863
6.392061,15,191.762842
6.663243,15,192.74653
-0.217743,12,193.52011
4.455978,12,194.248596
6.918634,16,195.399714
2.050679,16,196.379682
5.434973,13,197.205124
4.807473,13,198.137669
6.73239,15,199.207382
7.327049,16,200.348137
5.588722,14,201.155653
5.961683,15,202.161154
5.096071,13,202.863277
5.76085,14,203.709216
5.934243,15,204.587276
0.585453,14,205.55666
6.05309,13,206.439107
4.633444,13,207.346227
5.866854,14,208.427564
7.436038,18,209.482866
4.563018,13,210.293664
1.922565,17,211.383659
4.52762,12,212.292649
6.606609,16,213.311552
6.344805,15,214.331435
1.454179,15,215.186446
4.473962,13,216.233287
6.053922,15,217.104435
7.259136,17,218.128961
4.94631,12,219.076762
4.024228,12,219.887679
6.586305,16,221.050199
-0.197271,12,221.957467
4.800284,12,229.202881
6.039987,14,229.951944
4.899963,12,230.795908
4.526507,12,231.593701
6.349883,15,232.641429
4.403789,12,233.310805
5.910736,16,234.274386
5.224422,12,234.919512
6.224103,14,235.835022
1.248639,15,236.809828
6.913519,15,237.832234
4.468258,12,238.752806
6.072704,16,239.796618
5.072361,14,240.593152
6.362857,15,241.492772
4.677367,13,242.41213
5.849411,15,243.368791
5.201694,13,244.107604
6.416064,15,244.962056
5.422898,14,245.784771
6.663504,15,246.788745
5.314512,13,247.58628
5.38583,13,248.430422
6.164223,15,249.495381
6.099227,16,250.476203
4.460847,13,251.462353
6.923047,16,252.466748
6.115209,14,253.305845
5.230958,14,254.301088
5.893448,15,255.29462
5.822422,14,256.291703
6.287986,15,257.672374
5.908981,15,258.791212
1.770062,15,259.973698
3.938417,11,260.606195
1.289958,14,261.553425
6.483852,16,262.637965
6.404078,15,263.589007
5.816454,14,264.825002
4.74379,13,265.710091
5.440954,14,266.788536
5.638648,15,267.734065
5.858864,14,268.612203
6.203854,15,269.882017
5.246037,14,270.711792
0.437679,14,271.839689
6.850878,15,272.896816
5.827109,15,273.940723
6.074265,14,275.16103
5.220186,14,276.005902
5.489672,14,276.895077
4.683501,13,277.636466
1.511637,15,278.528515
6.36642,17,279.446275
5.545007,14,280.232797
4.663546,12,280.987902
6.154477,15,281.948038
5.486499,14,282.723285
6.30553,15,283.505435
1.87093,15,284.216099
6.666165,17,285.247908
4.965357,13,286.064468
6.092334,14,286.889938
5.436475,13,287.629705
6.023326,15,288.443761
7.286717,16,289.36351
1.390934,16,290.333059
4.071797,11,290.984317
6.366351,14,291.756698
4.608203,13,292.495566
6.817929,15,293.326712
6.017647,14,294.12718
1.407562,15,294.974034
6.314252,17,296.056185
4.517363,12,296.749202
6.000747,15,297.644108
5.915863,14,298.509289
4.672306,14,299.835132
6.789091,15,301.043674
5.989077,16,302.178835
5.665703,13,303.006243
4.836177,13,303.786458
5.52616,14,304.596767
5.441135,15,305.519531
5.234054,14,306.467617
4.006322,12,307.107333
4.764832,14,308.230328
4.493087,12,309.128129
5.658674,15,309.980764
6.551914,17,311.01575
4.794032,13,311.803267
5.14588,13,312.492072
6.191866,15,313.399983
6.293909,16,314.548393
5.265642,14,315.258548
4.747029,13,316.01675
4.087731,13,316.82672
2.81559,17,317.885382
7.096532,16,318.792592
5.811732,14,319.753472
5.547474,15,320.574062
4.491085,12,321.325323
0.258818,14,322.252332
4.684307,14,323.232015
1.594776,16,324.448192
5.773123,14,325.406672
5.351843,13,326.139854
5.438187,14,327.046925
5.510717,14,328.04243
5.810599,14,328.987214
1.363863,14,330.07595
5.849556,14,331.037882
6.62257,16,332.229586
5.471103,14,333.196539
6.514873,16,334.276231
5.910287,14,335.046377
5.10518,14,336.056775
5.207079,14,336.984301
4.737142,14,338.008267
6.193155,15,339.260012
5.572871,14,340.336308
5.530913,13,341.450128
6.290726,14,342.387783
6.429095,15,343.444833
6.762324,17,344.585119
6.140212,15,345.480866
5.113754,14,346.517956
1.330985,15,347.515446
4.701717,12,348.241948
5.624467,13,349.071738
5.631935,14,349.891264
6.547251,15,351.039957
6.200872,15,352.025044
5.301228,13,352.715938
1.096049,15,353.652814
6.52072,15,354.55162
5.060007,13,355.519326
4.911653,13,356.328262
0.614222,14,357.396116
6.39535,16,358.544503
7.144969,17,359.83279
5.012618,13,360.629254
1.420095,16,361.653556
5.915742,14,362.360382
6.360533,15,369.273063
5.593097,14,370.288887
5.392404,14,371.082166
5.346643,14,371.946288
2.246149,18,373.076607
6.413136,15,374.186819
5.654949,14,375.327199
6.01334,16,376.506891
4.198702,12,377.162758
4.8446,13,377.918349
1.195153,15,378.89535
4.994066,13,379.626451
6.090327,16,380.573964
4.131939,13,381.410764
5.069003,14,382.270513
4.73478,13,383.066676
6.171944,16,384.110441
6.7757,16,385.014442
1.13964,15,385.933619
6.822289,17,387.165141
5.486224,14,388.295318
4.84451,13,389.23667
6.386295,16,390.291325
5.113813,14,391.230451
6.301824,16,392.221897
5.467607,15,393.045422
6.230952,16,394.121117
6.725823,15,395.150839
5.540031,14,395.950227
5.032903,13,396.677518
6.528881,16,397.659929
6.039997,15,398.64503
4.562891,13,399.476335
6.503679,17,400.618957
5.901187,14,401.431854
6.464191,15,402.479361
1.657212,16,403.463443
5.610568,14,404.360312
5.910231,15,405.368521
0.59591,14,406.256867
5.515249,13,407.15809
0.488874,14,408.034208
5.759225,15,409.095512
5.76185,15,409.99916
0.989624,16,411.020846
4.887898,13,411.828189
5.588761,14,412.655053
6.272048,15,413.614282
1.7747,16,414.538695
1.821013,17,415.568802
1.137361,15,416.417227
5.083628,13,417.189579
5.957061,14,417.972633
6.648927,15,418.744588
4.89125,13,419.458412
5.254801,14,420.204518
6.1758,14,421.026577
5.620464,14,421.8841
5.960617,14,422.717976
6.164514,15,423.611068
5.300791,14,424.405978
7.101413,18,425.459979
6.593944,15,426.400882
5.025534,13,427.154332
5.542615,14,427.906393
5.24044,14,428.792685
6.209561,15,429.684554
5.19695,13,430.346611
4.969773,14,431.155524
1.280088,15,432.050643
1.03379,15,432.856255
6.299084,15,433.716915
6.076715,16,434.819185
0.989106,14,435.615822
6.738834,16,436.562631
5.812746,14,437.666876
1.106765,15,438.760375
5.452546,15,439.618024
5.770285,14,440.684757
4.345415,13,441.465206
6.18209,15,442.545333
5.852046,14,443.376292
5.645345,16,444.541978
0.743349,14,445.300382
1.583016,17,446.295488
6.415102,16,447.187332
4.85561,13,447.892059
5.614117,14,448.753398
5.578709,15,449.735332
6.503125,15,450.727543
5.818877,15,451.787796
5.641508,14,452.794612
6.160894,15,453.735824
6.461297,17,454.79389
5.203075,13,455.69896
4.581302,13,456.572312
5.322374,14,457.515923
2.062623,17,458.852769
6.625664,16,459.793507
5.569559,14,460.691213
5.061602,13,461.518819
5.875466,16,462.435958
6.34283,16,463.455801
3.762079,12,464.210358
6.066974,14,465.164984
6.79815,18,466.351301
4.47489,12,467.070437
6.958703,16,468.129979
4.639436,13,469.203831
1.698458,16,470.092591
6.108821,14,471.122108
4.741056,13,471.999861
5.383973,14,472.945201
5.811657,14,473.880661
5.343865,14,475.018059
4.554942,13,476.366464
5.550193,15,477.191203
7.131378,18,478.405278
4.066699,12,479.271
5.321929,14,480.252248
5.67755,14,481.305973
5.67084,15,482.375959
6.138882,17,483.443624
5.459921,14,484.303951
5.315644,14,485.214256
4.895996,13,485.993176
5.19,13,486.957764
5.811766,16,487.916983
4.850765,14,489.049087
4.468087,13,489.916044
6.524824,15,491.026937
5.36612,14,492.046661
1.647298,17,493.564093
5.12948,14,494.409072
6.358385,15,495.458784
4.935791,14,496.473669
5.295108,14,497.407157
5.10929,14,498.359495
6.267866,15,499.301325
6.128515,14,500.282359
6.020901,15,507.185072
5.447381,15,508.399252
5.647058,14,509.349766
5.0098,14,510.369506
5.192503,14,511.448684
5.165797,13,512.240529
4.932352,13,513.018888
5.540564,15,514.457902
6.336862,16,515.908464
4.534146,14,516.741138
4.307385,13,517.526478
5.769092,15,518.489313
5.025457,15,519.301972
6.909403,18,520.346542
5.264959,14,521.191516
7.303874,17,522.193867
6.516036,16,523.319802
4.966948,13,524.137115
5.533516,13,524.997259
5.713783,14,525.880567
2.140302,18,527.08774
4.847391,13,527.971038
5.244125,14,528.926945
7.010708,16,530.017632
5.954522,15,530.964222
2.003489,17,531.996823
4.863268,13,532.857602
6.054856,15,533.849695
4.296365,13,534.652339
4.680447,13,535.463473
5.320092,15,536.465071
4.509027,13,537.456916
6.081411,15,538.406443
6.449898,16,539.335987
5.638293,15,540.506691
6.557573,16,541.489729
1.35084,17,542.467637
4.817039,13,543.157291
6.055492,17,544.22496
6.859103,17,545.48178
5.050462,13,546.315341
5.028974,13,547.258641
6.90022,18,548.61924
4.598301,13,549.565609
6.011409,17,550.802989
6.187491,15,552.114942
6.213046,14,553.073353
4.578745,14,554.200455
6.173211,16,555.345079
1.343459,16,556.341808
6.649741,17,557.424005
5.709963,14,558.155617
5.921512,17,559.351246
4.900117,14,560.022132
5.512529,14,560.929722
5.742426,15,562.061234
6.0408,15,563.144566
4.569781,13,564.109117
6.919077,18,565.426624
7.213772,19,566.541782
3.062495,20,567.884899
5.900194,16,569.073896
5.07206,14,569.979335
1.272874,16,570.919511
4.965766,14,571.745061
4.809176,14,572.708524
6.963346,18,573.912171
6.19955,15,574.927666
7.197858,17,576.021954
0.827716,14,577.134116
5.857648,17,578.285268
6.253334,17,579.232642
5.412688,15,580.362296
5.057045,14,581.323133
7.397799,19,582.688768
0.644078,15,583.617162
5.427833,15,584.658834
5.822357,15,585.448305
5.06581,13,586.262495
6.96323,17,587.455257
5.921023,15,588.64553
6.841162,16,589.885468
4.295468,12,590.682819
6.160952,15,591.625256
1.930504,17,592.739127
7.228113,17,593.826513
3.860423,22,595.345802
6.341729,16,596.43468
1.76519,17,597.491689
4.478204,13,598.367398
5.935139,14,599.18851
6.618935,16,600.301146
1.937624,17,601.367186
7.152213,18,602.439617
6.550319,17,603.534683
6.148053,15,604.474702
6.739823,16,605.456775
5.466743,15,606.339225
4.579565,13,607.05641
6.911454,17,608.063817
6.354716,17,609.127637
6.263544,15,610.073736
6.946662,16,611.005519
5.9282,16,612.095656
4.875311,13,612.980796
6.662321,16,614.016308
4.629066,13,614.810075
6.426074,16,615.833187
4.516314,13,616.760379
7.705773,19,617.865575
5.881986,14,618.82841
6.241236,17,619.946556
5.192762,15,621.020172
4.930226,14,621.899148
5.900933,16,622.97813
5.439454,14,623.935404
1.67756,16,624.792998
1.724019,16,625.787506
5.615693,14,626.686805
0.190617,13,627.554133
6.078336,15,628.553218
4.84659,13,629.673084
6.219309,15,630.799534
1.602429,15,631.782779
6.588711,16,632.999733
4.598259,13,633.790795
5.263029,14,634.616891
5.201595,13,635.426966
5.985504,15,636.533136
6.359984,16,637.544932
5.004807,15,638.577561
6.983692,18,640.237437
5.080187,13,641.295748
5.685235,14,642.452092
6.165898,15,643.514902
5.08517,15,650.460314
7.19735,19,651.791215
6.443368,18,652.900766
6.224631,15,653.780921
6.660068,17,655.033657
2.573233,19,656.235921
6.952386,18,657.499264
6.766671,17,658.702773
6.73261,17,659.795333
0.218317,14,660.661801
6.740904,17,661.570693
1.362094,15,662.607535
5.259871,14,663.595352
4.657715,13,664.514237
4.74108,13,665.302753
5.633499,15,666.448821
6.090176,16,667.487091
6.991803,18,668.525589
5.664651,15,669.555407
6.257316,16,670.573321
5.78046,16,671.587605
5.042058,13,672.380645
6.031035,15,673.347598
6.958632,20,674.631777
4.49113,12,675.316674
6.436106,15,676.168235
6.687628,17,677.329273
5.881202,14,678.107908
6.574518,17,679.119294
5.474285,15,680.000566
4.636661,14,680.874128
5.735337,14,681.809354
6.260832,16,682.834652
5.639117,16,683.961902
1.537794,17,685.106926
5.016895,13,686.199471
5.807458,15,687.323117
5.270975,14,688.286188
5.245039,14,689.120787
5.562913,14,690.010624
5.631792,15,691.053186
5.791653,16,691.954608
1.061333,15,692.841858
5.585327,15,693.769728
4.704884,14,694.641084
1.834283,17,695.605874
6.52932,17,696.767127
7.811757,20,698.13238
5.915666,17,699.122493
4.958586,14,699.95646
5.050595,16,701.031805
6.050263,16,702.045971
6.314793,17,703.155663
6.460472,17,704.197093
5.514563,14,705.051196
6.395763,17,706.108464
5.977942,15,706.970192
5.360632,14,707.771702
6.780067,16,708.70199
5.311888,16,709.78635
6.179029,15,710.676266
5.938226,15,711.49533
6.583595,18,712.614008
5.180439,14,713.483901
1.937871,17,714.63029
5.23874,14,715.576067
6.169989,16,716.557288
5.852656,15,717.480876
5.465608,16,718.468188
6.152658,17,719.532181
4.490468,13,720.380341
6.258265,15,721.376181
7.218679,19,722.422418
5.43935,14,723.389143
4.297013,12,724.139406
1.269251,17,725.326274
5.838704,15,726.365061
7.941972,19,727.638757
4.514279,13,728.60338
5.055918,14,729.43696
5.734783,16,730.728855
1.749176,15,731.802547
6.963124,19,733.156101
6.774382,16,734.242921
7.068508,19,735.66265
5.35971,14,736.572421
6.267287,16,737.678234
5.658638,15,738.727355
0.979771,16,739.76968
5.633513,15,740.713967
5.032468,14,741.634952
1.337615,16,742.763612
7.339902,18,743.94646
0.819444,15,744.837788
5.808343,15,745.747043
2.137805,19,747.563631
5.4777,16,748.754829
5.077748,14,749.727174
7.236123,18,750.897942
5.246567,15,751.799147
6.726809,16,752.817741
5.688284,15,753.831507
5.234499,15,754.750101
5.062777,14,755.797961
4.316064,12,756.84763
7.389574,18,758.14403
5.659743,14,759.089536
1.134156,16,759.998347
5.74858,16,760.876383
6.091687,16,761.99878
5.326469,15,762.957612
6.303413,17,764.044045
4.919776,13,764.845725
0.443047,14,765.640788
7.120213,18,766.78798
4.290833,12,767.790611
5.118911,15,768.828217
6.289951,16,769.882152
5.439531,15,770.988772
6.495572,16,771.964978
6.357381,17,772.974113
7.368646,19,774.295516
4.681875,13,775.613607
6.536146,17,776.837048
4.950263,14,777.669902
4.159592,13,778.393664
6.361125,16,779.648664
5.121038,15,780.505399
6.24843,16,781.701487
4.238505,12,782.377018
6.503092,15,783.165305
1.601673,18,790.089182
2.086565,18,791.28083
5.17935,14,792.410301
6.210466,15,793.489001
5.895649,15,794.679408
6.139639,17,795.815053
7.854985,20,797.752973
7.500936,21,799.521105
5.522635,15,800.733035
6.76124,22,802.166162
6.412153,17,803.322628
5.269191,14,804.677706
6.108824,16,805.66933
5.589818,15,806.623843
7.13222,18,807.638685
6.35036,16,808.579302
3.275618,23,810.041969
7.731131,19,811.429053
6.092628,16,812.353457
8.859811,25,813.885753
5.680203,15,814.766567
6.368667,16,815.688328
5.943964,17,816.6304
6.816275,18,817.691596
0.867851,16,818.851688
5.542965,15,819.807403
5.19414,14,821.032012
6.749442,18,822.285336
5.774368,15,823.13559
4.595277,13,824.053984
1.803442,17,825.25254
6.105656,17,826.403834
6.438575,16,827.433394
5.514723,15,828.623711
5.769223,15,829.583777
4.502999,13,830.47237
5.733449,16,831.319679
6.406878,17,832.538022
6.701791,18,833.558484
5.492389,16,834.45188
4.598396,14,835.414702
6.714775,17,836.579074
1.796955,18,837.975398
2.056398,18,839.276611
6.90307,16,840.549153
5.851573,16,841.492417
6.734397,18,842.583187
1.338455,15,843.740739
7.713556,18,844.829594
5.329963,14,845.8495
7.256335,17,847.064857
6.612101,17,848.365839
6.170455,16,849.560605
6.993115,18,850.622976
6.202169,16,851.616782
4.633965,14,852.687509
6.310994,16,853.659849
6.363502,17,854.748649
6.277079,17,855.697464
3.755674,12,856.630596
4.881548,13,857.489658
5.819763,14,858.41287
7.335975,19,859.622157
1.971934,17,860.708917
6.369731,16,861.702502
6.681049,18,862.858148
5.438429,15,863.783281
1.353985,16,864.699417
6.139969,18,865.826343
5.354163,15,866.829197
6.359214,15,868.031076
1.447952,17,869.082859
5.34436,15,869.967036
7.274167,19,871.120509
2.234594,17,872.402467
5.882519,15,873.54031
5.255255,15,874.356656
6.197235,17,875.411233
6.606326,17,876.47233
2.54363,18,877.551112
6.202029,15,878.50328
4.608412,14,879.328805
7.270896,18,880.453865
5.960637,14,881.287372
5.43167,15,882.196301
4.897588,14,883.090804
1.48185,17,884.151043
7.013602,18,885.291365
6.129287,17,886.220155
2.587048,18,887.341475
7.195725,18,888.484179
6.170321,16,889.532458
5.435473,14,890.451174
1.862474,17,891.50463
7.183136,19,892.681507
5.494593,15,893.687439
5.494407,15,894.659908
6.10794,15,895.569981
5.594453,16,896.485089
1.079274,17,897.632296
6.61157,16,898.710042
6.542372,17,899.950883
5.783045,15,900.798921
5.148622,14,901.642523
1.663279,17,902.953353
6.846929,19,904.160373
7.28581,19,905.280997
4.921208,15,906.273139
7.816992,19,907.470936
5.829454,15,908.495346
6.382431,17,909.532284
7.668685,18,910.690667
5.534407,15,911.717429
6.539859,17,913.061206
5.441229,16,914.186731
5.218271,15,915.165794
5.133187,14,916.002935
5.623867,15,916.790096
6.05041,15,917.587937
5.93097,16,918.482977
5.527302,15,919.456956
5.275342,14,920.369694
1.889451,17,921.484673
6.220245,15,922.415529
5.547296,15,923.603706
6.49735,16,924.497391
5.784543,16,931.595433
7.587746,21,932.828343
5.370729,15,933.7482
6.499554,17,934.828676
7.671661,23,936.16613
4.449221,14,937.360953
7.390558,19,938.694773
5.724042,17,939.918289
5.351848,16,940.809901
5.930853,16,941.823593
6.875028,21,943.448224
5.644951,16,944.791691
6.558014,17,945.92618
1.555491,16,947.044702
7.006264,18,948.35352
6.900279,17,949.474381
7.504687,21,950.870873
4.681184,13,952.089348
5.760509,15,953.324348
5.103512,14,954.389322
5.980368,17,955.350492
5.627476,15,956.166715
5.160028,14,957.16708
6.685901,15,958.081111
6.459953,18,959.280069
6.357692,16,960.728148
5.346434,15,961.832476
5.594324,15,962.741988
7.837561,20,963.799536
4.418854,14,964.716197
6.52605,16,965.751163
5.554509,15,966.733381
1.447095,16,967.900531
7.417871,18,969.165783
7.86655,23,970.6681
7.821081,21,972.313222
7.2994,19,973.339103
6.238232,16,974.371674
6.675184,17,975.367344
5.72988,16,976.260445
6.150657,17,977.276214
5.918839,15,978.24708
6.518901,18,979.358243
6.185886,16,980.219319
7.051703,18,981.387696
5.048271,14,982.29747
5.791736,16,983.234249
7.633187,20,984.642112
6.399168,16,985.525449
6.439224,18,986.794159
5.304463,15,987.859535
6.243708,16,988.750784
0.571467,15,989.788768
7.746492,19,991.126194
6.669343,16,992.129109
6.275624,16,993.134017
5.829118,15,994.056509
4.447262,13,994.961581
6.19297,16,996.202305
6.090942,16,997.412823
5.280445,14,998.495318
6.02178,16,999.42362
5.943476,17,1000.664346
5.962431,17,1001.737103
6.673066,17,1003.388112
5.3644,15,1004.258213
6.828895,17,1005.410022
5.934074,16,1006.406015
6.049621,16,1007.457284
5.450834,15,1008.389271
5.295088,14,1009.411098
7.076605,17,1010.723298
7.648885,21,1012.321066
5.905732,16,1013.216944
2.988119,20,1014.509402
6.564031,17,1015.65769
8.009662,21,1017.122634
5.239552,14,1017.993363
6.070271,17,1019.059995
0.608807,16,1020.082344
6.828086,18,1021.206866
7.115109,17,1022.441521
5.79248,16,1023.607927
5.785394,16,1024.643718
6.032223,16,1025.728337
6.897437,19,1026.787158
5.980298,16,1028.10461
6.462416,17,1029.476665
1.191071,17,1030.541652
6.84045,17,1031.696331
6.191857,17,1032.806063
5.589669,14,1033.693717
7.010216,18,1034.892944
6.398264,16,1036.688702
6.904099,17,1037.962276
6.330617,17,1039.093666
4.734335,13,1039.927534
5.94422,15,1040.747385
6.448156,17,1041.94101
7.215823,20,1043.187935
5.53681,15,1044.260681
6.239629,17,1045.311233
5.773042,15,1046.249086
5.264045,16,1047.414654
6.612662,19,1048.549651
6.072639,18,1049.869577
5.951065,17,1050.912084
6.747671,18,1052.075255
5.826693,16,1053.028132
7.485597,20,1054.067936
5.014777,14,1054.978211
6.672936,18,1056.173227
4.955126,14,1057.135665
6.441491,16,1058.169483
5.76343,16,1059.171767
6.320758,17,1060.170264
7.518068,21,1061.485046
5.201895,15,1062.767387
5.52347,16,1063.855209
6.604225,19,1064.941441
6.37632,16,1065.968304
2.875586,20,1067.069651
5.654597,15,1073.959797
6.111548,17,1075.236077
7.362468,20,1076.357432
8.717277,23,1078.139485
8.245414,23,1079.64465
4.857357,15,1080.589391
6.054778,16,1081.852341
6.867057,19,1083.197706
5.744906,15,1084.136308
4.455029,13,1085.058073
7.034516,19,1086.538533
5.305576,16,1087.524332
6.715243,19,1088.630177
6.906806,18,1089.950515
5.924881,17,1091.397277
5.948666,16,1092.413338
5.737083,16,1093.817344
4.857285,14,1094.867791
7.335731,18,1096.264598
6.221225,16,1097.461091
6.488651,16,1098.450923
1.867419,17,1099.902545
6.670049,19,1100.960091
7.15566,20,1102.396696
7.965769,19,1103.664522
5.841344,16,1104.79408
5.834353,16,1105.814516
5.907241,16,1107.148871
5.421849,15,1108.180896
4.836783,14,1108.842558
6.622414,19,1110.162422
6.03152,15,1111.152228
6.796677,20,1112.23516
5.35334,15,1113.341612
6.447816,17,1114.3562
1.392418,17,1115.469882
6.147526,18,1116.667371
7.52956,20,1118.498329
7.606813,21,1119.823734
6.119132,16,1120.706193
7.449825,19,1121.848696
6.547288,19,1122.956605
7.465183,19,1124.081098
6.632121,18,1125.371506
6.454864,17,1126.662197
5.775297,18,1128.187268
5.696794,16,1129.184633
6.538965,17,1130.310741
6.49747,17,1131.571389
5.606032,16,1132.47332
5.532441,16,1133.846648
6.467898,16,1135.07348
5.238238,15,1136.010018
7.552546,19,1137.020703
5.929114,16,1137.860371
7.28731,20,1139.125138
7.396959,20,1140.515649
5.476276,15,1142.116516
4.619724,13,1143.381839
6.773219,21,1144.647715
9.325142,27,1146.254291
5.701374,15,1147.29297
6.208832,16,1148.433511
6.576362,18,1149.909414
7.20742,19,1151.625881
5.132027,15,1152.640332
5.45699,16,1153.551112
6.561991,17,1154.668988
5.197439,17,1155.745141
7.344697,20,1156.914076
4.87953,15,1158.090216
6.95581,18,1159.514505
5.48825,17,1160.987677
5.082282,15,1162.197433
5.911102,16,1163.168934
7.327658,21,1164.551342
7.807155,20,1166.027178
7.446643,19,1167.412587
6.741351,20,1168.738896
6.927068,17,1169.860372
5.740041,16,1170.833896
6.692826,18,1171.901312
6.830377,18,1172.851982
6.552021,18,1173.88378
7.00759,19,1175.520512
6.746569,18,1176.705482
6.485721,18,1178.373299
6.025566,17,1179.92903
5.952484,16,1180.885862
8.035128,22,1182.238145
5.819699,18,1183.350899
7.438471,19,1184.417778
7.35531,20,1185.649788
3.4197,12,1186.363988
5.858866,17,1187.469232
6.381495,16,1188.445729
8.272325,22,1189.813788
6.246871,16,1191.27765
5.350897,15,1192.870282
6.902491,18,1194.591372
6.473298,17,1195.447907
7.886625,20,1196.620982
6.772475,19,1197.905747
5.772578,16,1198.917469
4.734363,13,1200.196447
6.060717,17,1201.549483
5.636277,17,1202.799001
6.696398,18,1203.737868
8.990144,26,1205.393014
4.425621,13,1206.269158
6.137578,18,1207.980748
7.327315,19,1209.443558
5.913505,17,1210.531798
6.448417,17,1211.799661
5.300791,16,1212.773405
6.629787,19,1213.8413
6.084241,17,1214.931944
5.482414,16,1222.076288
5.988345,18,1223.401148
4.877556,16,1224.518509
5.697974,16,1225.730981
7.285825,22,1227.10413
5.745524,16,1228.15591
6.098956,18,1229.457941
7.429215,21,1230.744256
5.847906,18,1231.869557
5.519999,16,1232.975002
3.03913,21,1234.424652
6.667789,19,1235.799306
7.442093,22,1237.846167
5.547813,17,1238.884201
4.994707,15,1239.778173
4.685067,15,1240.807598
6.038961,17,1241.712854
7.366777,21,1243.242769
2.656033,19,1244.373081
8.299411,22,1245.978704
4.643741,15,1246.985247
6.970563,19,1248.219701
5.153759,15,1249.087952
4.822207,14,1250.114354
5.178002,15,1250.985088
6.010174,17,1252.109138
5.653988,17,1253.28649
6.170038,17,1254.681942
7.139381,21,1256.080716
6.650225,18,1257.277404
5.916076,17,1258.38872
5.49297,16,1259.327245
5.807685,16,1260.210665
7.04178,20,1261.581144
3.615723,12,1262.572875
5.654816,16,1263.668332
7.384679,19,1264.905409
4.31242,14,1265.718977
6.554135,17,1266.819835
8.064395,26,1268.489204
6.082855,18,1270.211474
5.50001,15,1272.00604
5.507942,16,1273.065171
6.523576,19,1274.144199
7.725418,25,1275.50989
7.951342,24,1277.040929
2.520829,20,1278.552774
4.677347,16,1280.028211
5.919729,16,1280.908829
6.749737,18,1281.819093
4.957607,15,1282.679963
6.663789,18,1283.768156
4.401654,14,1284.743984
6.185798,18,1285.792665
1.286931,16,1286.751119
4.030207,13,1287.523321
5.638608,15,1288.664988
6.563847,18,1290.017439
8.112417,23,1291.538775
1.191303,17,1292.705988
5.772194,15,1293.502342
7.093602,18,1294.572305
6.351539,19,1296.037184
6.827532,20,1297.623149
6.808185,19,1299.264956
7.752127,23,1300.657039
4.038322,13,1301.612159
6.678012,20,1302.935233
5.198117,15,1304.026279
5.933471,16,1304.98057
6.626509,18,1306.288675
6.578355,19,1307.67535
7.55801,20,1309.10878
7.200904,19,1310.496447
5.208436,16,1311.640535
2.148109,21,1313.24755
6.468407,18,1314.805171
6.434632,19,1316.286334
6.714254,19,1317.493098
6.791493,19,1318.772927
5.962603,18,1319.8097
7.047798,20,1320.967744
7.511679,20,1322.367974
1.270291,17,1323.310492
5.712492,17,1324.451247
6.488194,19,1325.820091
5.299428,15,1326.777592
6.570847,17,1327.916962
6.326535,17,1329.021031
6.395319,19,1330.102576
6.91405,19,1331.212505
7.013745,21,1332.639112
5.571834,16,1333.632094
5.222816,16,1334.428501
7.225519,20,1335.695117
7.187253,21,1336.914229
6.89293,18,1338.190659
6.416789,17,1339.662071
8.247117,22,1341.354108
4.955591,15,1342.623276
5.35566,15,1343.636979
7.044526,19,1344.693704
5.337591,16,1345.72695
5.67773,16,1346.951857
5.823799,16,1349.010195
2.898548,22,1351.234044
4.879526,15,1351.98362
7.100508,20,1353.443509
3.738323,12,1354.297874
6.241263,18,1355.528709
5.55286,16,1357.123514
6.290107,19,1359.309453
5.804838,16,1360.265118
6.894015,20,1361.463469
8.381371,22,1362.905749
6.881304,19,1370.088099
7.385148,24,1371.488196
5.096184,16,1372.601629
5.421848,17,1374.246453
1.390568,18,1375.413579
4.907608,15,1376.4531
5.908296,18,1377.560205
6.218076,17,1378.666008
4.87784,15,1379.616076
7.590107,21,1381.149132
7.42127,20,1382.424884
5.126038,16,1383.659959
2.376263,21,1384.943593
8.041717,23,1386.212554
6.441528,18,1387.473687
5.606044,17,1388.696614
6.384854,19,1389.922411
6.809885,19,1391.307985
4.717967,15,1392.605714
10.04872,33,1394.592991
8.707853,26,1396.49023
6.145278,18,1397.61811
6.670098,19,1398.992796
7.184261,22,1400.836522
5.632431,17,1402.090478
6.104937,17,1403.175472
7.369921,20,1404.53281
7.692307,22,1405.911403
6.891818,20,1407.49348
7.0471,20,1409.137891
5.809108,16,1410.240499
8.924459,23,1411.609091
7.214302,21,1413.088209
5.808784,16,1414.348329
6.048891,19,1415.812807
6.248777,16,1417.126632
5.695029,16,1418.68088
6.945053,19,1419.896075
6.413213,20,1421.418715
5.78434,18,1422.597345
5.441145,15,1423.740393
4.586234,14,1424.756652
6.207027,20,1426.669005
5.428889,15,1427.94504
6.553726,19,1429.067142
8.120463,23,1430.586445
6.365039,18,1431.626324
6.098033,19,1432.700101
6.228419,17,1433.970271
6.626952,18,1435.636354
6.32385,19,1436.763863
6.015356,17,1438.010083
7.17183,20,1439.27522
7.888512,20,1440.728162
6.948852,19,1442.072548
5.525287,17,1443.03777
5.746219,17,1444.092408
2.76761,20,1445.318811
6.799278,19,1446.532321
7.357874,22,1448.477277
6.541695,18,1449.721965
1.413805,19,1450.866076
6.710654,18,1451.920804
4.63457,15,1453.035435
6.426094,20,1454.531216
6.223893,18,1456.33273
6.883699,17,1457.58788
5.673649,18,1458.841724
5.803599,16,1459.810731
5.82057,17,1460.976139
6.181719,17,1462.150858
6.104892,17,1463.36102
5.933334,15,1464.603605
7.00552,20,1465.85875
6.357608,17,1466.970441
7.282394,21,1468.224564
5.147484,16,1469.173806
7.830492,23,1470.646609
6.291457,18,1471.843261
6.787246,22,1473.378402
7.847909,24,1474.692386
6.87162,22,1476.345156
8.114139,22,1477.683811
7.433845,22,1479.012823
7.514165,23,1481.179906
5.123404,17,1482.506377
6.600568,19,1483.832509
6.391792,18,1484.954518
6.39647,18,1485.880633
6.063473,18,1486.795471
4.987228,14,1487.691236
6.64206,18,1489.207283
4.934042,15,1490.224729
6.764851,18,1491.173431
6.756239,19,1492.344816
7.184258,19,1493.533983
5.718768,17,1494.550358
6.112305,16,1495.536987
7.547806,21,1496.957901
4.768721,14,1497.804808
6.937514,22,1499.122879
6.011616,20,1500.402383
7.373325,20,1501.65444
5.262034,15,1502.675534
6.125663,18,1503.843674
1.579735,19,1505.142637
8.072445,25,1506.655413
5.585806,17,1507.690784
7.658116,21,1509.32195
5.950662,16,1517.211406
4.485199,14,1518.374035
9.179316,27,1519.954001
8.069625,30,1521.772547
6.449235,20,1523.151939
6.746033,19,1524.199084
5.255727,17,1525.289551
4.774007,15,1526.328223
5.905546,16,1527.607623
7.030617,20,1528.752827
8.222345,27,1530.441417
6.382514,19,1531.595409
6.528741,19,1532.80444
4.332663,14,1533.560302
5.648788,17,1534.634218
6.701528,22,1535.907471
1.927312,18,1536.976301
6.254823,18,1538.061483
7.4217,22,1539.732143
5.029324,16,1540.734744
5.492662,15,1541.743427
5.389733,17,1542.587023
6.004329,18,1543.810922
6.14255,17,1544.818316
6.459357,19,1546.139722
4.713909,16,1547.027965
6.038869,18,1548.384457
7.073555,22,1549.85359
7.374292,23,1551.812572
5.81619,16,1552.985854
5.620824,16,1554.241287
7.503652,22,1555.800884
6.307139,17,1556.814706
5.645305,17,1557.996583
6.42932,20,1559.160837
5.634089,16,1560.206639
7.856963,22,1561.56433
5.586053,17,1562.717768
7.547193,22,1564.040344
8.874452,27,1565.760491
7.937319,23,1567.295141
4.921342,15,1568.340331
5.516276,16,1569.446112
7.905271,21,1570.701829
5.121757,16,1571.747529
7.529131,25,1573.367031
6.748657,21,1574.808127
5.338127,17,1575.868826
0.840256,19,1576.947867
5.663043,16,1578.032404
1.4288,17,1579.254079
7.021964,20,1580.374404
1.468046,18,1581.600971
4.857466,14,1582.390266
6.648998,20,1583.646849
5.775237,17,1584.809403
5.897485,17,1585.941882
-39.18595,176,1597.398243
7.685883,22,1598.658239
7.515739,21,1600.005835
6.798141,19,1601.426227
6.773041,19,1603.322503
6.294274,18,1605.236434
5.98284,19,1606.267895
8.943751,24,1607.619258
7.455912,23,1609.153258
5.626496,19,1610.284859
6.129194,17,1611.297765
4.959167,15,1612.489256
5.725883,18,1613.815185
6.957062,20,1615.090603
6.611362,18,1616.302506
6.674681,19,1617.395865
5.731162,17,1618.294318
5.567941,17,1619.247089
8.39118,28,1621.295931
6.849597,23,1622.727652
4.9041,15,1623.652828
7.511852,21,1624.82084
6.196897,18,1625.888037
7.952194,24,1627.199925
5.002544,16,1628.20489
7.332394,22,1629.44825
5.821071,17,1630.504501
5.721776,17,1631.471813
6.137148,19,1632.777273
5.548783,16,1633.871418
5.401762,17,1634.858622
7.059838,23,1636.364936
6.364613,20,1637.748358
-31.100223,176,1648.320593
6.303409,18,1655.346853
5.485791,16,1656.29078
6.142682,19,1657.539901
5.426826,16,1658.59266
6.204047,17,1659.711132
6.572816,19,1661.067827
4.931541,15,1662.576609
5.707324,18,1663.691218
-33.268044,176,1675.447986
8.095401,25,1676.979825
5.900608,19,1678.093293
6.955836,18,1679.296182
6.761145,20,1680.524274
7.293108,23,1681.937368
8.20812,25,1683.530053
6.480596,21,1684.755671
4.767379,15,1685.630621
5.773833,19,1686.884231
5.147957,16,1688.021075
7.505297,25,1689.975374
3.513628,26,1691.771603
5.548402,17,1692.994569
5.77478,18,1694.129195
7.077064,21,1695.597278
9.298425,29,1697.351355
8.169748,22,1698.84751
5.527253,16,1699.821729
6.837637,19,1701.029437
6.107215,18,1702.043682
6.347856,19,1703.366168
-35.100634,176,1715.111211
8.050815,23,1716.441557
2.6377,21,1717.65088
7.115823,20,1718.832048
-30.510384,176,1730.2947
4.551358,14,1731.101388
6.122542,18,1732.187183
7.491021,21,1733.521635
6.987595,19,1734.668731
7.039767,21,1736.022151
7.474911,20,1737.564305
5.982481,18,1738.778624
6.650116,20,1739.98833
8.297115,23,1741.197734
6.815532,18,1742.319703
6.295482,19,1743.447013
7.262092,21,1744.834044
5.386129,17,1745.745343
7.659418,23,1747.086788
5.956129,17,1748.347986
5.05608,16,1749.368089
7.450043,21,1750.640166
7.644546,22,1752.05108
5.469134,17,1753.574932
4.914935,16,1754.65103
4.952624,15,1755.681486
6.10064,20,1756.841414
9.994229,31,1758.644215
6.604831,19,1759.754202
6.707627,18,1761.043472
6.500536,21,1762.678672
6.944669,18,1763.91301
4.757773,16,1764.848733
7.851127,24,1766.245513
6.259448,20,1767.510659
6.909099,22,1768.851064
6.527382,18,1769.838869
9.180227,28,1771.507487
6.983189,24,1772.977419
7.095527,20,1774.354529
7.238101,20,1775.688773
6.113751,18,1776.718895
7.044314,21,1778.006612
5.709608,18,1779.081606
6.890781,19,1780.441165
7.519202,21,1781.825301
7.13425,20,1783.256695
7.034483,19,1784.582514
8.560482,24,1786.273124
5.117671,15,1787.251294
6.473039,20,1794.687311
6.224445,19,1796.093329
6.406192,20,1797.760947
7.19349,23,1799.595484
7.631465,22,1801.002436
7.342019,24,1802.517281
6.739318,20,1803.818875
3.711473,26,1805.652977
6.674403,22,1807.021386
7.390916,22,1808.635792
2.203332,20,1809.922244
6.791773,20,1811.030462
9.043231,31,1812.984589
-29.53869,176,1822.671035
6.316333,18,1823.691563
8.106291,29,1825.428067
7.450048,25,1826.948368
7.525118,22,1828.243788
6.130267,18,1829.43699
5.395078,17,1830.375391
8.401188,31,1832.246867
5.289357,17,1833.380651
6.388592,20,1834.644352
4.889115,14,1835.370466
5.304736,17,1836.348622
6.572964,19,1837.555261
8.922667,26,1839.197931
7.137638,20,1840.470484
3.701935,28,1842.282243
8.136092,29,1844.132464
7.229448,23,1845.438215
1.428586,20,1846.738419
-30.807648,176,1858.182729
6.613992,20,1859.801026
8.612862,26,1861.340566
-28.433759,176,1872.904976
6.461755,20,1874.213934
6.862279,19,1875.375435
7.348288,21,1876.638921
1.282156,19,1877.746521
7.987309,24,1879.223974
2.791101,21,1880.518218
5.406249,17,1881.796546
7.416533,24,1883.2374
5.846417,19,1884.390465
-28.895217,176,1896.16086
5.359088,16,1897.395716
-39.4641,176,1908.877841
6.907256,19,1910.050555
6.042138,19,1911.481593
5.676987,17,1912.777342
3.89198,13,1913.592138
7.174165,23,1915.119817
9.231595,36,1917.709094
7.297931,22,1918.950714
5.842281,19,1920.360954
-29.497558,176,1936.876226
2.438715,23,1938.270104
6.590061,20,1939.262904
6.705742,20,1940.610666
5.73606,18,1941.756349
5.772675,18,1942.719754
5.485422,16,1943.642531
5.349153,16,1944.812378
6.420398,20,1946.553206
6.301474,22,1947.824961
6.831842,21,1949.023837
7.89379,24,1950.544243
7.232231,24,1952.178539
5.051679,16,1953.235678
7.293769,25,1955.047639
7.582683,24,1956.882599
-26.532306,176,1967.698264
7.767772,25,1969.3639
6.874578,23,1970.839036
6.406069,20,1971.928708
8.218066,27,1973.533941
7.14684,23,1975.329203
7.538596,23,1976.799137
6.611779,20,1978.345308
6.910473,21,1979.648113
6.846625,21,1981.553133
5.636635,18,1982.567122
5.147636,18,1983.564503
8.310186,30,1985.706677
-26.075652,176,1997.588072
5.11732,16,1998.655184
1.800812,21,2000.070583
5.019397,16,2001.210173
5.730228,17,2002.427647
6.29652,17,2003.649833
8.313607,27,2005.658269
8.359503,25,2007.395602
7.862905,24,2008.959076
7.895474,25,2010.601569
6.953093,21,2011.892034
6.598401,22,2013.384433
-26.544948,176,2024.369628
5.131178,17,2025.345143
7.193703,21,2026.489721
6.129647,18,2027.78331
7.793075,25,2029.291432
7.274619,24,2030.881332
7.41421,22,2032.475049
6.969825,22,2033.87473
6.675842,21,2034.918747
-26.492812,176,2045.566334
7.149134,23,2046.822353
4.848903,15,2047.714428
5.01659,15,2048.579114
7.572068,24,2049.8294
6.089927,19,2051.025055
5.908013,19,2052.379416
-23.897628,176,2069.656217
5.507279,17,2070.612077
1.099704,19,2071.842681
7.008786,19,2072.995063
8.718229,24,2074.859686
7.639491,25,2076.733732
7.034199,20,2077.959978
5.368719,17,2079.218148
7.967564,23,2080.664138
7.04737,21,2082.429519
6.928498,21,2083.749665
-25.435255,176,2094.212174
8.559341,27,2095.794799
6.755315,22,2097.244191
6.127771,18,2098.708985
5.14182,17,2100.031583
6.964331,22,2101.275982
6.836204,21,2102.59815
6.227933,19,2103.69632
8.294169,28,2105.564642
6.26278,21,2107.644021
6.948752,24,2109.092019
7.656326,24,2110.375267
-19.546777,176,2121.042753
7.809134,26,2122.629589
7.766134,27,2124.353671
6.851543,22,2125.608406
6.631589,21,2126.981498
8.529366,29,2128.786509
7.446192,23,2130.568174
8.319886,25,2132.118231
4.939943,16,2133.137713
7.565336,23,2134.559331
6.540791,19,2135.843319
7.892029,26,2137.467872
5.799967,19,2138.94822
7.368939,22,2140.396739
5.376015,18,2141.585163
5.59155,18,2142.794123
7.246945,22,2144.251993
6.97963,22,2145.473507
-25.669591,176,2156.130978
-25.31861,176,2168.305839
6.772154,19,2169.68479
3.136475,26,2171.24753
8.683166,26,2172.940526
6.713725,22,2174.18169
7.910528,24,2176.040908
7.979121,23,2177.455646
6.733753,23,2178.810637
6.840387,21,2180.143265
5.159019,17,2181.185342
-26.016874,176,2192.313661
6.709615,22,2193.762344
4.240947,14,2194.415329
1.827265,20,2195.626798
6.433847,19,2196.865421
5.787468,18,2198.043798
7.009225,22,2199.681757
8.661412,29,2207.360538
7.330342,22,2208.742404
7.968747,26,2210.355263
5.427343,19,2211.665586
2.880026,23,2213.350198
6.620368,21,2214.566552
2.082638,19,2215.634701
7.200518,23,2217.047997
-21.704913,176,2228.366873
8.201707,27,2230.382572
6.617903,20,2231.672382
7.052757,21,2233.653054
8.36788,27,2235.797633
6.937566,23,2237.264713
6.40098,20,2238.474884
6.602132,21,2239.780775
6.309699,20,2240.857571
7.265911,21,2242.082212
6.215319,22,2243.378871
6.555594,20,2244.539297
4.995704,16,2245.665962
7.306475,25,2247.34602
7.964869,22,2249.011113
5.573636,18,2250.266919
5.888686,18,2251.303149
6.542723,21,2252.612978
7.439404,24,2253.960661
7.298578,22,2255.230101
7.854905,24,2257.176848
2.632673,23,2258.824522
7.694256,22,2260.282523
8.015443,24,2261.835484
8.022589,24,2263.637047
6.454106,21,2265.543178
7.114802,22,2266.901294
9.01233,32,2268.393676
7.173661,20,2269.479493
6.713057,21,2270.940282
5.843149,18,2272.186203
6.170224,19,2273.585828
8.084386,26,2275.433353
7.537682,23,2277.022769
8.40538,28,2278.894569
5.284894,17,2280.057256
8.5619,26,2281.455588
7.883227,23,2282.723873
7.952052,24,2284.034075
6.093439,19,2285.229656
5.977609,20,2286.375552
7.296398,25,2287.471219
7.292515,23,2288.258442
8.832537,26,2289.165092
7.22967,24,2290.375345
6.459952,22,2291.644826
6.373607,21,2292.696532
7.709364,24,2293.946658
7.439776,25,2295.157734
7.194632,24,2296.167817
7.853291,24,2297.159176
7.32457,23,2298.098265
6.670147,20,2298.952523
5.385552,17,2299.680538
8.112119,28,2300.853766
7.486631,21,2301.721354
6.894863,20,2302.464665
7.10736,22,2303.283167
6.778797,22,2304.034142
7.677909,24,2304.855824
7.720432,25,2305.682126
7.179489,23,2306.462011
5.96365,19,2307.134823
5.151778,17,2307.689947
6.219253,20,2308.376087
5.362957,16,2308.940242
7.872644,25,2309.830154
6.505895,20,2310.529948
1.104073,19,2311.177556
5.373161,17,2311.731775
-23.681516,176,2323.413742
6.08569,19,2324.094337
8.132588,23,2324.890928
7.37389,21,2325.59833
-23.322657,176,2331.28086
6.59173,21,2332.017079
6.441997,20,2332.701092
7.982155,26,2333.583568
7.886509,23,2334.395464
7.292853,21,2335.096158
7.589295,24,2335.899512
5.743044,17,2336.460474
6.467228,19,2337.085997
3.863586,13,2337.522059
7.53381,23,2338.301339
7.232394,22,2339.015314
7.434392,22,2339.763772
7.285594,21,2340.469573
4.173058,14,2340.926376
7.634624,21,2341.645091
7.784895,25,2342.470507
6.355268,21,2343.158699
6.840609,19,2343.777437
6.693465,22,2344.463905
7.726839,24,2345.232906
6.650498,20,2345.879378
7.318141,23,2346.622146
5.402421,17,2347.20552
6.192343,20,2347.903157
5.766703,19,2348.547925
7.792845,24,2349.379302
6.450867,18,2349.993363
5.896635,18,2350.593522
5.371834,18,2351.185291
6.454024,19,2351.83541
7.108751,21,2352.559685
5.524457,18,2353.19152
2.71462,27,2354.115328
2.932286,24,2354.931489
7.415527,25,2355.794878
7.243466,22,2356.558633
6.130633,18,2357.176375
6.177395,19,2357.830451
6.921304,22,2358.598012
6.726948,20,2359.296723
6.831654,23,2360.094332
5.128278,18,2360.734566
6.711144,21,2361.465946
-20.324314,176,2367.348049
7.129764,24,2368.150064
5.371128,17,2368.743057
4.976083,17,2369.322922
8.978978,29,2370.285327
7.664782,26,2371.155258
6.76091,20,2371.828478
4.698913,15,2372.341846
7.26031,22,2373.074653
7.505903,21,2373.76692
6.657124,21,2374.451811
6.693681,20,2375.127564
6.201452,18,2375.721882
6.620803,19,2376.362667
7.193369,22,2377.118607
7.534781,24,2377.960018
6.015404,18,2378.596559
7.128667,23,2379.368484
5.25908,16,2379.937205
6.614256,20,2380.615321
-25.470133,176,2386.48631
7.530294,21,2387.20472
5.72767,19,2387.835412
7.570299,27,2388.753643
7.07638,22,2389.501009
4.725513,15,2389.986407
8.148852,25,2390.844904
2.745863,24,2391.637632
6.559991,21,2398.010094
7.197704,21,2398.737021
5.958695,16,2399.270602
6.245114,19,2399.910241
6.282748,18,2400.5234
1.308727,18,2401.131993
2.255715,22,2401.88674
5.83225,16,2402.434041
8.19562,22,2403.176852
6.432249,19,2403.837218
8.704317,27,2404.745827
6.056463,19,2405.410262
6.944646,20,2406.104818
3.026096,26,2407.005782
7.249142,20,2407.683953
6.640841,20,2408.350393
7.308601,22,2409.089238
7.185036,22,2409.857175
2.893984,24,2410.680008
7.524605,22,2411.412103
5.990657,19,2412.051279
8.153309,25,2412.907964
6.085401,20,2413.597321
6.236664,19,2414.265303
7.021645,20,2414.941417
5.527857,17,2415.519061
6.475541,19,2416.173396
6.472372,19,2416.824973
7.045385,20,2417.515975
5.417846,17,2418.079774
5.943732,17,2418.673718
6.537521,20,2419.36084
1.760216,21,2420.083389
-22.090568,176,2425.952691
7.559985,21,2426.661082
6.652358,20,2427.354356
7.363766,20,2428.037145
6.45046,18,2428.66539
7.459649,23,2429.441818
6.496015,20,2430.144875
6.856364,20,2430.849653
-30.232123,176,2436.871496
8.002499,22,2437.582602
7.403255,20,2438.280251
8.041946,24,2439.130353
5.021309,17,2439.68614
5.475146,17,2440.264788
7.771218,26,2441.156255
6.20496,20,2441.841248
-20.553493,176,2447.712733
6.328408,19,2448.347742
6.677595,19,2448.959231
5.72583,17,2449.533354
4.197618,15,2450.029821
5.059589,15,2450.519923
7.374871,21,2451.195199
7.827674,23,2451.962349
6.370238,19,2452.615658
7.955114,26,2453.492341
6.871594,20,2454.178535
6.337916,19,2454.820328
8.085808,25,2455.68346
-27.811039,176,2461.577683
1.932438,19,2462.256818
8.288795,27,2463.189337
5.631617,18,2463.807312
4.994036,16,2464.345292
7.676784,23,2465.113642
8.007075,25,2465.983845
7.210861,21,2466.718906
8.831374,28,2473.191232
6.645375,20,2473.847807
5.751568,17,2474.417895
7.458816,22,2475.16083
6.226087,18,2475.74159
6.260553,18,2476.349268
7.848014,23,2477.096624
5.655285,17,2477.697133
2.601327,22,2478.466187
6.684683,19,2479.103664
5.329812,16,2479.68169
5.938983,18,2480.321006
6.740782,20,2481.03144
6.556322,19,2481.703042
6.379975,19,2482.346393
6.37995,19,2483.006725
2.247116,22,2483.765418
5.84439,17,2484.336605
5.983302,19,2484.95497
6.504485,20,2485.626646
1.735276,19,2486.260855
6.471047,19,2486.910499
6.254153,19,2487.578219
6.498875,19,2488.207351
2.564269,24,2489.032061
6.897214,20,2489.688004
8.019514,25,2490.503877
7.457716,20,2491.157161
6.640922,18,2491.773124
7.300255,22,2492.546068
6.093801,19,2493.214405
5.791827,17,2493.812442
6.605591,19,2494.457704
6.860536,22,2495.193136
7.465848,20,2495.866039
6.960059,19,2496.510285
5.591448,16,2497.08173
7.999324,22,2497.811267
6.935187,18,2498.437788
7.14771,23,2499.247229
6.19671,17,2499.792053
7.307562,23,2500.535058
6.306531,19,2501.183728
6.353719,17,2501.736225
6.912744,20,2502.407641
5.669462,17,2502.994308
5.287092,16,2503.544375
7.395463,20,2504.223497
6.862097,22,2504.982092
6.788814,20,2505.659787
8.036014,23,2506.439003
6.333337,19,2507.108816
8.558713,29,2508.07118
7.598706,23,2508.851317
6.973636,21,2509.571383
7.565851,23,2510.367502
1.413424,18,2510.954716
6.940803,20,2511.632228
6.271771,17,2512.212432
7.734716,22,2512.944673
8.583221,29,2513.893005
5.370649,16,2514.405232
9.327799,31,2515.450958
6.719322,20,2516.124433
7.243234,21,2516.828801
6.898481,21,2517.544205
6.982012,21,2518.234556
8.198302,24,2519.030445
5.965837,16,2519.580951
6.408015,18,2520.174354
7.269671,22,2520.918492
6.457758,18,2521.529542
6.022722,19,2522.165036
8.372273,23,2522.925453
2.982366,23,2523.725385
8.054977,23,2524.490608
6.878014,21,2525.190205
6.120572,17,2525.769948
5.17557,17,2526.316298
6.392669,20,2526.96664
6.30592,18,2527.585295
7.875463,21,2528.284077
5.900038,17,2528.858262
7.087118,21,2529.586724
6.517572,19,2530.201822
7.361813,23,2530.943446
6.461909,19,2531.574962
7.046946,20,2532.232755
6.928592,20,2532.892495
7.347428,24,2533.65424
7.629625,22,2534.379532
7.455302,20,2535.038454
6.766311,20,2535.689718
5.956668,17,2536.230996
7.086446,19,2536.848089
4.910993,16,2537.362643
5.633812,16,2537.895864
7.708408,24,2538.679951
8.061633,28,2539.609117
8.065411,25,2540.43262
6.929175,21,2541.113519
6.891576,19,2547.23105
6.116982,19,2547.886232
5.077316,16,2548.427616
7.066937,22,2549.140102
6.64497,20,2549.787974
6.634995,20,2550.456534
7.63007,22,2551.168876
6.749132,20,2551.841549
7.367835,22,2552.556706
5.931282,18,2553.169799
7.729401,21,2553.87037
6.210682,19,2554.477226
7.938214,24,2555.28398
4.641823,16,2555.822624
6.826115,22,2556.551788
7.798919,24,2557.318708
7.461315,22,2558.013672
2.388223,21,2558.723342
4.667777,15,2559.219965
7.878831,26,2560.046602
7.180674,21,2560.716924
7.394128,22,2561.417204
9.008905,27,2562.317723
8.659975,25,2563.144495
6.38634,20,2563.801005
5.563349,16,2564.32326
6.909355,22,2565.044379
6.995973,21,2565.715522
4.268909,14,2566.179825
6.931199,20,2566.817212
4.842381,15,2567.305116
7.273666,21,2567.973433
7.800386,25,2568.80813
5.476497,16,2569.331818
7.327656,23,2570.080004
8.450656,24,2570.851586
5.664294,17,2571.420061
6.248428,19,2572.049368
6.23363,18,2572.637687
7.454379,22,2573.354878
7.241436,21,2574.062017
6.423751,18,2574.645604
7.71506,23,2575.408094
7.220085,21,2576.095724
6.78072,19,2576.70608
6.693429,20,2577.36058
8.035124,25,2578.170199
9.979789,33,2579.225882
7.377261,23,2579.970267
6.674234,19,2580.587639
3.527155,22,2581.308316
7.892822,22,2582.024532
6.771742,21,2582.713781
7.348729,21,2583.404408
5.461271,16,2583.945154
6.918195,21,2584.638845
7.965872,24,2585.424645
5.54328,17,2586.001261
6.27373,19,2586.621934
7.156782,21,2587.300726
7.357134,22,2588.026498
5.967412,19,2588.640126
6.948364,22,2589.345774
9.107295,33,2590.423095
6.566798,20,2591.069996
6.280288,19,2591.68133
6.57612,19,2592.298694
7.024353,22,2593.001733
7.630538,24,2593.785167
7.389422,21,2594.491945
6.819974,19,2595.126066
8.072833,22,2595.83474
8.686655,24,2596.588694
7.821578,23,2597.315403
1.407676,18,2597.894129
5.638797,17,2598.446995
7.169245,27,2599.295032
8.972906,27,2600.1468
7.873126,26,2600.951427
6.862645,19,2601.571211
5.679502,18,2602.160322
6.209473,18,2602.767267
6.218927,17,2603.328455
6.406224,19,2603.980127
7.47667,22,2604.702649
4.222293,26,2605.544778
8.958488,28,2606.479243
6.15854,19,2607.094453
7.609669,22,2607.803165
8.40299,28,2608.745128
7.174326,21,2609.4376
5.808534,17,2610.009405
4.787782,15,2610.486441
5.974229,19,2611.116663
1.161166,18,2611.719489
6.408688,20,2612.363596
5.890039,17,2612.928909
5.657191,16,2613.463626
8.786584,30,2619.594552
6.428418,19,2620.227252
7.102031,21,2620.894497
7.306634,22,2621.613052
5.587756,17,2622.167027
7.337978,22,2622.884224
7.011259,21,2623.551616
7.470023,23,2624.286546
7.036729,21,2624.947283
5.446954,16,2625.448065
7.234531,23,2626.170512
8.018385,23,2626.897225
6.782779,21,2627.584557
6.474771,19,2628.157459
6.924739,19,2628.745771
8.711788,30,2629.710267
7.840664,23,2630.448501
1.699913,20,2631.087735
7.052716,22,2631.773821
5.608707,16,2632.285859
7.916261,24,2633.083427
6.249557,20,2633.725022
5.57612,18,2634.292368
2.618135,21,2635.000143
5.323209,16,2635.498591
6.026629,18,2636.06711
5.859445,17,2636.623628
8.574449,29,2637.498677
5.857202,18,2638.077715
7.881693,28,2638.94608
6.199373,18,2639.497339
6.584438,20,2640.127409
6.340112,20,2640.750851
5.11731,16,2641.244005
9.212486,26,2642.033622
6.001681,19,2642.626452
0.875296,18,2643.204352
6.706943,22,2643.873653
7.770471,24,2644.613289
7.481262,24,2645.348452
6.267898,19,2645.976211
5.758551,18,2646.557477
6.328994,20,2647.210775
5.753089,17,2647.780448
1.702177,20,2648.439909
8.669379,26,2649.293731
7.551282,24,2650.082145
7.166399,21,2650.73587
5.408961,17,2651.28874
8.268951,23,2652.016639
6.248021,19,2652.622288
5.452227,18,2653.20036
7.618056,25,2653.970872
7.058907,21,2654.642988
7.821683,25,2655.466974
8.345911,28,2656.366606
5.868351,18,2656.938545
7.556237,23,2657.67926
7.877247,26,2658.523262
5.929538,19,2659.13584
7.490842,22,2659.856661
7.817309,22,2660.557421
6.311908,19,2661.169292
6.300293,19,2661.758682
8.379153,24,2662.540235
2.915085,24,2663.293933
7.683885,25,2664.094146
8.678782,25,2664.903546
9.396474,31,2665.900526
8.193725,26,2666.713264
7.482025,22,2667.409644
7.043735,20,2668.036944
6.372898,20,2668.665582
6.116453,18,2669.21666
5.949763,17,2669.735661
7.186449,22,2670.465907
5.958922,18,2671.039281
6.648412,21,2671.694239
6.618042,21,2672.387666
5.876592,18,2672.96953
8.92641,24,2673.733469
7.228132,21,2674.403168
5.143308,16,2674.911339
7.836033,22,2675.604699
7.231178,22,2676.300239
6.650973,20,2676.915935
6.056687,19,2677.520737
7.903348,25,2678.312001
6.657086,20,2678.945292
6.17749,18,2679.544639
7.516754,20,2680.177773
5.70786,17,2680.719485
8.595863,32,2681.702157
5.592485,18,2682.257
7.988149,26,2683.094335
5.916296,17,2683.62189
6.516642,20,2684.26088
7.232341,22,2689.814249
6.078156,19,2690.423032
5.476544,17,2690.945876
8.382259,26,2691.768374
6.862063,20,2692.418253
7.910863,26,2693.241996
7.823795,23,2693.984002
-19.064502,176,2699.41442
7.848516,23,2700.151877
4.622261,15,2700.619323
1.615124,18,2701.175637
6.894015,23,2701.897413
5.183113,17,2702.442071
7.641563,23,2703.196483
6.899885,21,2703.867301
6.054822,19,2704.478105
5.750805,18,2705.026217
5.119259,16,2705.547128
5.285,17,2706.084225
7.674163,24,2706.851454
8.204637,24,2707.611572
7.201392,20,2708.230197
6.334213,19,2708.83168
7.245759,22,2709.517308
7.16891,20,2710.170636
5.978479,19,2710.75551
6.664893,19,2711.356415
6.349546,18,2711.916126
8.584416,25,2712.720553
3.67628,30,2713.657858
6.064187,19,2714.240106
2.791063,23,2714.971973
6.590402,21,2715.648695
6.547021,19,2716.247949
8.88919,28,2717.143074
5.589804,18,2717.713527
7.25838,23,2718.449654
5.313187,17,2719.008572
5.612255,17,2719.536947
6.834428,21,2720.219155
9.759612,32,2721.238454
8.011563,25,2722.048704
8.220083,26,2722.867118
7.660623,23,2723.570001
6.055839,18,2724.143709
2.202991,22,2724.832182
7.962379,23,2725.541886
7.499513,23,2726.253441
8.789404,26,2727.038811
6.132481,20,2727.648579
4.596107,15,2728.1487
6.415331,20,2728.773944
6.522511,19,2729.359626
7.193285,20,2729.970682
6.39448,18,2730.531984
6.980563,20,2731.138189
6.348847,19,2731.734607
7.648589,22,2732.422131
8.331966,30,2733.346515
6.595697,22,2734.06056
7.719142,22,2734.792428
8.025003,26,2735.639086
5.916788,17,2736.185138
5.984439,19,2736.789705
6.096788,20,2737.393271
5.646694,18,2737.967092
6.974324,23,2738.6868
6.763984,20,2739.330349
7.540869,23,2740.059424
7.450792,23,2740.781033
6.843076,22,2741.483293
6.501654,19,2742.102397
7.683036,21,2742.78382
7.719493,23,2743.511279
7.017428,22,2744.223599
6.32838,19,2744.845253
6.767122,22,2745.567157
1.957501,20,2746.193476
5.737464,17,2746.71236
7.119559,22,2747.406662
6.915001,20,2748.055528
5.887431,18,2748.638799
5.623379,17,2749.200776
7.898577,24,2749.971341
5.750226,17,2750.510387
5.912298,18,2751.092335
6.904137,20,2751.70864
8.092576,26,2752.520273
5.232999,16,2753.022272
4.989918,15,2753.51601
5.933058,19,2758.993867
7.385829,21,2759.671226
6.033497,19,2760.296503
8.324539,23,2761.015814
5.253297,17,2761.549131
6.252393,20,2762.171119
7.092729,19,2762.789666
6.877485,20,2763.42377
3.243546,23,2764.142328
7.31045,20,2764.759088
9.449104,33,2765.774414
5.984771,19,2766.368429
2.855854,23,2767.08401
7.076174,21,2767.738673
6.816115,20,2768.363457
5.62958,17,2768.887217
6.904738,20,2769.507267
6.456518,19,2770.07786
5.892393,16,2770.593783
4.981352,17,2771.118289
9.183655,27,2771.97412
6.56227,19,2772.550691
3.178748,23,2773.256114
6.92778,22,2773.929661
7.412552,22,2774.581603
6.549268,20,2775.19969
2.01766,21,2775.833302
6.444276,19,2776.408987
7.802809,23,2777.119005
8.095007,22,2777.79704
7.443173,22,2778.445719
7.830784,23,2779.146776
6.74785,21,2779.771603
3.138122,24,2780.478348
6.192668,19,2781.048302
7.147115,21,2781.671025
6.482527,19,2782.241729
7.749511,23,2782.944892
5.591281,17,2783.483202
7.071691,21,2784.121268
5.939781,18,2784.688654
7.728724,22,2785.366818
6.545972,23,2786.081293
7.795683,24,2786.827445
6.802143,21,2787.488456
6.79133,19,2788.089708
8.184731,24,2788.82171
7.038349,21,2789.469661
7.512455,24,2790.199643
7.534484,24,2790.934985
7.075036,23,2791.618821
4.694542,16,2792.121107
5.80276,18,2792.670109
6.160773,19,2793.231793
8.042372,24,2793.981162
10.109002,31,2794.899792
7.96763,23,2795.602718
6.884963,20,2796.197216
8.214892,23,2796.887542
5.746016,17,2797.406555
8.5775,27,2798.22076
7.871308,23,2798.922137
7.539448,23,2799.620254
7.709546,23,2800.324379
7.558466,23,2801.033659
6.238299,18,2801.594276
5.395533,18,2802.149939
6.335349,19,2802.701969
5.043104,15,2803.165996
7.110765,24,2803.868153
6.769118,21,2804.474334
5.598374,17,2804.973486
5.621874,17,2805.498125
6.04468,19,2806.079388
7.610112,23,2806.768593
3.992379,14,2807.197408
5.71113,17,2807.724246
5.474203,17,2808.222714
5.32855,16,2808.707386
6.094747,19,2809.288607
3.501456,23,2809.981369
7.956599,24,2810.716241
8.89626,24,2811.412219
8.310638,26,2812.208942
6.591768,21,2812.824467
6.578827,20,2813.411762
7.613097,24,2814.126251
7.635257,24,2814.844233
6.767049,20,2815.449464
5.987095,17,2815.950615
5.474414,16,2816.412853
7.463458,25,2817.144625
5.935337,18,2817.678279
7.315403,21,2818.326445
7.801685,25,2819.059996
7.844089,24,2819.773237
7.40875,21,2820.409776
6.094119,19,2820.987899
6.980279,20,2826.083832
5.816132,20,2826.687782
6.906639,21,2827.322926
7.938908,25,2828.082982
6.922247,22,2828.730882
7.356138,23,2829.404127
7.07484,20,2829.985692
7.474287,23,2830.675236
7.838112,23,2831.362969
6.345832,19,2831.937567
7.061845,20,2832.538326
8.919426,33,2833.520072
6.651785,21,2834.151168
7.12227,22,2834.825285
7.182757,23,2835.500209
7.231407,23,2836.160733
7.898602,24,2836.837986
5.3244,17,2837.333576
6.657261,20,2837.89384
7.659994,23,2838.547432
8.079207,25,2839.251
7.229386,21,2839.856681
7.10599,21,2840.463161
7.902158,25,2841.182563
3.106456,24,2841.893836
6.269944,20,2842.485669
7.082828,21,2843.102603
6.728371,19,2843.672672
5.793421,18,2844.196701
5.293855,17,2844.68856
8.05989,27,2845.487009
6.821287,20,2846.06781
5.125776,17,2846.543845
1.573592,19,2847.106094
8.858658,27,2847.897846
6.428964,19,2848.492065
8.053584,23,2849.177176
7.530316,22,2849.819042
6.676595,22,2850.48184
7.709284,24,2851.207147
7.085692,22,2851.849993
6.219657,19,2852.39311
5.910095,19,2852.985496
5.260731,17,2853.493868
8.048603,23,2854.160106
7.531135,22,2854.819415
6.523678,19,2855.398567
6.826544,19,2855.974796
7.93842,25,2856.71745
6.2849,18,2857.265342
9.376809,31,2858.16568
9.13777,32,2859.108984
8.727344,29,2859.990663
7.324367,23,2860.676391
7.227505,20,2861.267981
6.699629,21,2861.87601
6.632924,20,2862.465733
4.924349,16,2862.955487
7.591405,23,2863.60821
7.171082,22,2864.265502
6.100782,19,2864.812626
5.518251,17,2865.321817
6.957094,21,2865.955393
7.451664,22,2866.616565
6.717936,20,2867.213327
1.254899,19,2867.790449
3.972686,27,2868.55394
5.711394,18,2869.083757
7.62754,25,2869.837793
5.434865,18,2870.385359
6.652127,19,2870.947138
5.78269,17,2871.470345
2.398625,21,2872.08842
6.66228,20,2872.651679
6.735967,21,2873.288762
6.544928,19,2873.837018
8.063809,23,2874.539353
6.508947,19,2875.102436
6.855488,22,2875.746215
8.550822,34,2876.775361
8.214296,27,2877.566792
8.261957,24,2878.267827
6.47424,19,2878.832117
6.359404,19,2879.383587
7.465567,22,2880.018166
8.225455,25,2880.756835
6.41049,20,2881.346229
7.529263,24,2882.046931
7.702866,24,2882.733038
8.003673,25,2883.464994
7.265768,22,2884.087806
7.512792,24,2884.764635
5.961131,17,2885.262859
10.501877,34,2886.213457
5.681818,18,2891.121931
7.56904,23,2891.796759
8.057726,26,2892.552583
5.892277,18,2893.072732
5.545043,17,2893.581765
7.625687,25,2894.287204
7.423141,22,2894.899632
6.436997,22,2895.529296
7.244509,22,2896.177287
6.894001,20,2896.753529
5.643235,18,2897.284345
6.991221,21,2897.87098
6.073709,19,2898.426163
7.346969,24,2899.097908
7.763145,24,2899.76074
6.766039,19,2900.294576
7.759286,22,2900.899053
6.871829,20,2901.457883
7.793674,23,2902.084267
7.62811,24,2902.724307
7.770211,24,2903.396986
7.042282,22,2904.007072
6.810235,21,2904.588645
5.778636,18,2905.09332
6.238046,19,2905.640723
6.053322,20,2906.198113
7.607792,23,2906.850516
7.356551,23,2907.490154
6.059378,17,2907.977142
7.246195,23,2908.641443
6.014596,20,2909.203398
6.374962,20,2909.815151
8.899255,28,2910.610229
6.481002,18,2911.11831
6.685579,22,2911.76533
4.805485,15,2912.179664
5.553897,17,2912.693538
7.718241,23,2913.349411
6.172318,19,2913.901832
7.548984,23,2914.555057
4.818483,16,2915.014099
6.085355,19,2915.554559
6.143309,19,2916.11504
6.644578,21,2916.724447
4.928518,17,2917.223219
7.592423,22,2917.863018
7.691001,24,2918.548728
9.083606,28,2919.345555
8.280722,24,2920.056606
8.303983,25,2920.795398
5.267062,17,2921.267163
5.069442,16,2921.717705
8.316746,23,2922.381827
6.935334,22,2923.025934
9.219056,29,2923.840394
2.086514,21,2924.453145
8.434968,29,2925.254613
7.629203,23,2925.908771
7.661061,27,2926.669603
5.784783,18,2927.1827
4.540367,15,2927.615059
8.89201,27,2928.390973
8.282643,24,2929.073423
7.004278,20,2929.624766
8.770372,25,2930.358034
5.373679,17,2930.827579
10.682682,43,2932.02124
6.391479,19,2932.567641
7.364604,23,2933.225815
7.804424,25,2933.929075
8.231794,26,2934.665514
6.976736,22,2935.294648
6.18677,18,2935.824809
1.04266,18,2936.349678
6.790993,20,2936.907554
8.618421,27,2937.671953
7.654374,23,2938.313999
8.729473,27,2939.089128
6.946052,21,2939.683473
8.347782,25,2940.38988
6.670658,21,2940.997422
7.731151,23,2941.642274
5.533078,17,2942.122543
6.410995,19,2942.655787
1.609236,19,2943.197313
7.76599,27,2943.957963
5.893632,18,2944.45976
6.73545,21,2945.050082
6.163224,18,2945.569254
6.617077,19,2946.112777
6.04427,19,2946.629019
7.20129,21,2947.2031
7.46082,22,2947.848474
6.698255,21,2948.44437
5.393935,16,2948.908187
5.849113,19,2953.762829
7.178991,21,2954.366632
10.663713,43,2955.542051
6.946299,20,2956.095014
8.14862,26,2956.827713
8.450309,29,2957.65137
7.322856,23,2958.30485
5.601111,17,2958.776705
7.46293,23,2959.399105
8.38992,28,2960.172909
8.248187,25,2960.853741
6.897887,23,2961.483707
8.444307,26,2962.201751
7.96031,26,2962.917225
7.651834,23,2963.548026
8.525871,29,2964.351399
7.677646,24,2965.041666
7.35438,21,2965.626215
8.706973,27,2966.380183
6.153243,20,2966.94923
6.477765,20,2967.498524
7.855356,23,2968.12938
6.499043,19,2968.672021
7.37511,23,2969.318972
7.475026,22,2969.93979
6.353532,20,2970.499009
8.34527,24,2971.147024
7.129434,23,2971.78772
7.622473,23,2972.449226
7.619141,22,2973.046448
1.421521,20,2973.605718
4.812937,15,2974.035386
3.384257,27,2974.787718
6.942183,22,2975.399989
9.747917,35,2976.387215
6.470765,19,2976.932678
6.65181,20,2977.499737
7.096304,21,2978.099809
5.40753,18,2978.612362
7.813789,22,2979.224881
7.829913,25,2979.939898
7.3005,22,2980.544908
6.596502,22,2981.150695
7.577817,22,2981.781881
8.08348,25,2982.455635
6.185049,18,2982.946707
9.758844,39,2984.037146
6.523308,21,2984.633678
8.175271,27,2985.360679
6.748773,21,2985.957975
6.185403,20,2986.499805
6.142232,20,2987.084663
7.655533,23,2987.698884
7.65393,22,2988.317098
8.469363,27,2989.066651
4.891603,16,2989.537991
8.481603,26,2990.249087
7.570404,23,2990.895269
6.307789,20,2991.460567
7.945156,24,2992.111207
7.519033,22,2992.729016
6.690427,20,2993.28724
5.516683,17,2993.753268
7.273469,21,2994.350696
-14.728118,176,2999.185228
8.999387,29,3000.041694
8.000352,28,3000.850249
6.714034,21,3001.440597
7.693118,24,3002.112633
6.468938,22,3002.729396
7.960388,26,3003.465173
6.710359,20,3004.039331
7.36204,23,3004.692501
7.718988,26,3005.4347
3.306837,27,3006.223341
7.308145,22,3006.853602
8.983112,29,3007.678762
6.451422,20,3008.278664
5.111105,17,3008.786935
7.15268,22,3009.416862
6.737903,21,3010.019761
8.037683,26,3015.096503
4.799569,17,3015.567717
12.016147,42,3016.742812
7.882712,25,3017.422971
6.31636,19,3017.968453
2.987203,24,3018.667178
9.319256,29,3019.46981
5.830557,18,3019.970668
7.49252,23,3020.6408
8.03889,26,3021.366809
7.64545,22,3021.985362
1.995677,21,3022.570642
8.776428,26,3023.296404
6.54408,21,3023.880505
6.805891,20,3024.431171
5.606516,18,3024.944555
6.069743,19,3025.464051
6.450308,21,3026.044536
7.498395,24,3026.712815
7.670568,25,3027.408647
6.967361,24,3028.100379
6.652041,22,3028.695625
6.432387,19,3029.235313
5.147558,16,3029.681073
7.022367,22,3030.289769
9.663572,33,3031.194954
7.598529,23,3031.821992
5.632275,18,3032.309678
6.021242,20,3032.885308
7.094213,21,3033.477527
7.040056,21,3034.066158
5.823708,20,3034.618234
6.127752,19,3035.149297
7.726069,23,3035.771385
6.539779,20,3036.314764
7.611856,25,3037.032892
5.380846,19,3037.583323
7.923155,25,3038.285305
7.821919,27,3039.042649
7.191254,23,3039.670774
7.031722,23,3040.319924
6.86309,22,3040.929314
7.956086,24,3041.547995
7.064856,21,3042.15489
7.968277,25,3042.838785
8.621287,25,3043.55029
7.505057,23,3044.203688
7.491662,23,3044.844023
7.736604,26,3045.574399
7.614318,25,3046.290762
7.465591,24,3046.983938
5.867083,19,3047.514297
5.284705,18,3048.019187
7.448125,22,3048.625875
8.277919,27,3049.370858
7.234496,23,3050.015054
7.618705,24,3050.68049
7.622527,23,3051.332044
7.187745,23,3051.994208
6.951287,22,3052.623882
9.787014,32,3053.492527
5.901781,18,3054.002725
5.704649,17,3054.491773
7.144942,22,3055.100838
7.165841,21,3055.678517
7.488571,24,3056.350416
6.871912,22,3056.952968
6.098715,19,3057.490498
6.890924,21,3058.082079
7.254971,22,3058.714611
6.630036,21,3059.28669
6.718295,20,3059.849267
9.394664,30,3060.688336
7.810587,23,3061.348653
8.887621,30,3062.192823
7.744905,24,3062.874955
7.863872,27,3063.616719
7.420005,23,3064.25234
7.943644,24,3064.918855
6.598762,22,3065.533707
8.199162,29,3066.336548
8.732805,29,3067.124587
7.712596,25,3067.826032
7.798474,26,3068.550445
7.893832,23,3069.183909
6.522319,23,3069.820683
8.516384,26,3070.534571
7.410101,24,3071.209112
5.684141,19,3071.705376
6.452375,20,3076.545328
5.93401,19,3077.08284
7.835265,25,3077.805349
6.008255,20,3078.362191
6.946312,23,3078.989575
6.132937,20,3079.517184
5.609581,19,3080.025457
7.305394,23,3080.587822
8.579704,27,3081.311787
8.899465,30,3082.091655
4.93188,17,3082.532257
6.233552,19,3083.007369
6.125337,20,3083.531038
7.260035,22,3084.104004
8.197385,31,3084.901608
4.713555,16,3085.310697
8.816299,32,3086.117853
5.565355,17,3086.563881
7.123494,23,3087.146016
5.820393,18,3087.593494
7.6954,23,3088.171125
7.640194,24,3088.80616
7.396727,23,3089.404036
7.269581,23,3090.02094
6.626092,22,3090.597386
6.343158,20,3091.089019
8.124635,25,3091.745221
7.772982,26,3092.409102
6.180349,19,3092.909768
3.145829,26,3093.550574
7.107769,23,3094.121597
7.831695,24,3094.739919
2.899678,25,3095.376163
6.585653,22,3095.931566
8.530184,28,3096.644034
6.220952,21,3097.187869
7.553103,23,3097.764532
7.895821,26,3098.441495
6.688273,22,3098.992419
5.855651,18,3099.453732
6.397191,20,3099.97333
6.441357,21,3100.503601
6.326208,19,3100.984745
9.142966,30,3101.764662
6.751841,23,3102.339174
6.415073,20,3102.877994
6.619611,21,3103.435726
6.79495,21,3103.988415
8.427152,27,3104.702668
6.756407,23,3105.316476
9.27048,31,3106.124324
8.371197,28,3106.844553
7.011611,22,3107.416488
5.841,20,3107.961661
7.948678,26,3108.631901
6.026551,20,3109.165932
6.38826,20,3109.688464
6.596655,21,3110.222961
8.414839,31,3111.019954
8.809034,29,3111.755487
9.004004,30,3112.532726
8.077687,26,3113.181816
8.506435,28,3113.882161
4.971906,17,3114.294991
2.897392,24,3114.892146
8.492688,28,3115.62147
5.896695,19,3116.100634
7.179562,23,3116.688821
6.970763,21,3117.21667
7.393069,25,3117.852535
12.642333,55,3119.226051
6.912677,24,3119.836933
5.663595,19,3120.317832
9.088687,31,3121.103839
7.096952,23,3121.695825
2.694776,25,3122.331602
7.411274,25,3122.980443
6.64679,21,3123.506793
5.599885,19,3123.999057
11.122727,45,3125.139504
5.43806,18,3125.584227
8.925517,30,3126.34614
7.017145,24,3126.955426
7.674368,26,3127.613302
9.079388,33,3128.431076
6.296971,21,3128.971264
5.424545,18,3133.716036
6.090657,20,3134.194422
8.59664,29,3134.920587
0.724377,19,3135.404833
8.513996,27,3136.066181
7.950257,26,3136.708486
7.338896,23,3137.282368
7.623006,22,3137.832397
6.142738,20,3138.338036
7.611975,25,3138.978508
5.765556,19,3139.443463
7.449845,22,3139.995035
6.676914,22,3140.543321
7.652829,24,3141.142057
8.001844,26,3141.801034
9.31796,30,3142.55161
7.685402,27,3143.227511
6.019464,20,3143.745705
5.41528,17,3144.178641
8.883199,30,3144.944145
2.985026,25,3145.575538
7.924617,25,3146.194714
8.500236,27,3146.873537
6.933365,21,3147.411627
3.736158,30,3148.146307
7.398189,25,3148.777802
2.212832,21,3149.305339
5.845109,20,3149.82042
7.264787,24,3150.428734
6.843775,22,3150.992696
5.898581,19,3151.486332
8.392328,29,3152.19409
4.678514,17,3152.62616
5.589489,19,3153.091055
7.188573,24,3153.71234
7.393253,23,3154.285669
6.779862,23,3154.869923
6.391407,20,3155.37281
7.520789,23,3155.943839
9.408902,32,3156.723519
7.011616,23,3157.308349
10.442791,35,3158.183
7.844716,26,3158.808317
9.98102,34,3159.671434
9.080829,29,3160.410486
5.636015,19,3160.8787
8.781536,30,3161.623825
7.51784,24,3162.229883
7.986773,27,3162.922088
6.908541,24,3163.503125
7.619811,25,3164.13239
8.418514,28,3164.863997
5.348119,17,3165.298318
6.288645,22,3165.87585
9.124032,33,3166.732313
8.330403,30,3167.51796
8.107824,27,3168.221673
8.481077,29,3168.986316
6.889794,21,3169.549547
9.260392,33,3170.400001
7.005782,22,3170.98747
3.24823,26,3171.682942
10.064615,37,3172.647174
2.931168,25,3173.309517
7.481318,26,3173.990552
8.332744,25,3174.664903
6.503203,22,3175.252396
8.098086,28,3175.971207
7.964553,25,3176.633726
8.696451,29,3177.366257
7.637074,25,3178.006095
7.673354,25,3178.644418
7.120515,24,3179.242802
7.378553,24,3179.857443
7.934559,24,3180.464032
6.328572,21,3181.007687
7.277148,24,3181.605483
8.002123,30,3182.376089
7.072092,22,3182.944157
6.661105,22,3183.481017
6.828567,24,3184.09415
9.581919,36,3184.990807
7.913821,27,3189.97837
2.75756,25,3190.630064
6.848628,23,3191.224769
9.476389,32,3192.052459
10.582959,35,3192.938472
8.657229,29,3193.663402
6.936031,22,3194.227168
5.543083,19,3194.738496
7.405078,24,3195.378805
7.789391,28,3196.110454
7.370895,24,3196.739397
7.368797,25,3197.363751
6.825313,21,3197.897316
6.598424,21,3198.424963
7.70679,24,3199.041491
8.807375,30,3199.836046
7.042159,20,3200.359269
6.060854,21,3200.922456
7.920776,25,3201.578973
6.445552,20,3202.081306
5.310493,18,3202.55764
6.784632,23,3203.147218
5.501942,18,3203.605709
6.324375,22,3204.171343
7.01435,23,3204.746468
8.771257,33,3205.569279
7.17188,24,3206.181035
7.449613,23,3206.756036
7.965855,26,3207.426592
7.992093,26,3208.076745
7.292745,25,3208.713302
2.534445,23,3209.301838
7.963769,24,3209.915505
7.721879,24,3210.540445
7.622926,25,3211.147908
7.79929,27,3211.824417
7.355131,24,3212.439078
5.860796,21,3212.965834
6.60022,22,3213.500068
6.516637,21,3214.028022
7.598266,24,3214.637262
7.953736,26,3215.289878
7.76278,27,3215.954123
6.123355,20,3216.468266
6.956406,24,3217.08026
7.84334,24,3217.689519
7.954687,27,3218.37976
7.494599,24,3218.977669
6.402598,21,3219.506494
8.045755,25,3220.128442
8.9952,32,3220.947793
6.682339,21,3221.471484
7.10016,25,3222.111028
9.489953,33,3222.929618
7.087392,21,3223.458436
7.598683,25,3224.064638
6.453364,20,3224.581889
8.182983,29,3225.309232
10.5528,38,3226.267021
7.126137,23,3226.857314
7.686817,26,3227.513053
5.624405,18,3227.98416
9.222575,32,3228.785654
7.890105,26,3229.442175
6.962156,22,3230.01119
6.102592,20,3230.50177
7.00676,24,3231.098202
7.949413,27,3231.795349
5.697604,18,3232.254763
7.924269,23,3232.821896
5.81191,19,3233.307484
8.277218,27,3233.974925
5.95432,20,3234.481548
8.071486,27,3235.163374
7.199744,24,3235.775786
7.446084,25,3236.429538
6.425401,21,3236.958877
8.084837,24,3237.572053
8.214469,25,3238.208681
11.514932,37,3239.139553
7.830116,25,3239.750512
9.759022,33,3240.582011
8.973338,30,3241.349414
7.486746,24,3246.269596
5.336276,18,3246.731414
9.784471,35,3247.622464
6.805072,22,3248.182347
6.867868,24,3248.813764
10.622971,35,3249.724388
8.59061,28,3250.449462
7.540409,24,3251.060428
8.183041,29,3251.814213
2.915552,27,3252.526875
7.585545,23,3253.103963
7.991352,28,3253.806298
7.417608,25,3254.443285
5.763727,19,3254.934419
7.793021,24,3255.559381
6.556026,22,3256.130324
6.879635,21,3256.686277
7.556225,24,3257.318765
6.359479,20,3257.828625
3.306521,29,3258.572994
6.645424,20,3259.108268
3.131782,27,3259.792134
6.16224,20,3260.284859
8.738583,26,3260.94506
7.83183,25,3261.5844
6.610369,21,3262.112303
8.706579,28,3262.818752
8.260025,28,3263.523955
7.175797,23,3264.11207
5.568207,19,3264.606946
8.192994,27,3265.2887
6.65769,21,3265.83114
6.841792,21,3266.378041
7.960245,26,3267.019897
7.455941,26,3267.678028
2.072754,22,3268.232027
8.605696,30,3268.968843
7.544486,25,3269.594674
8.55486,33,3270.41614
6.725803,21,3270.957954
7.507398,24,3271.55669
10.510808,38,3272.53646
9.422982,32,3273.334725
6.462274,21,3273.878987
7.660382,25,3274.517344
11.663958,48,3275.722657
7.832525,26,3276.376763
6.704947,23,3276.96706
8.550486,29,3277.694636
8.357991,28,3278.393342
9.942336,33,3279.227326
7.436678,27,3279.894237
7.733492,28,3280.614069
2.871518,27,3281.282973
8.525512,30,3282.041485
8.189456,27,3282.719425
10.692701,40,3283.716796
8.046879,29,3284.443092
9.556584,33,3285.286608
5.87295,19,3285.737085
8.784449,31,3286.605502
7.007147,24,3287.284966
7.521589,26,3288.034593
5.276599,18,3288.555395
3.252883,26,3289.289244
9.186971,28,3290.099485
6.380582,20,3290.66309
8.89347,30,3291.512151
7.529061,23,3292.185192
5.839413,19,3292.726523
8.365474,27,3293.520174
6.752227,22,3294.129479
5.911933,20,3294.702603
7.043156,24,3295.397743
5.552275,18,3295.895863
6.77979,22,3296.530086
6.794976,22,3297.166367
7.260054,23,3297.823092
8.552961,28,3298.618101
8.305621,28,3299.418732
8.089318,26,3304.770728
7.850591,29,3305.60917
7.384609,23,3306.281012
7.910534,28,3307.076861
6.983924,24,3307.757591
7.47756,25,3308.433668
6.404315,23,3309.055587
10.030379,40,3310.161528
5.629263,20,3310.697231
7.855416,27,3311.429573
8.601521,31,3312.286739
7.422031,25,3312.977245
6.982845,24,3313.631313
9.297983,37,3314.651891
5.161073,18,3315.136029
7.134022,24,3315.808482
9.060808,30,3316.634625
8.206374,30,3317.455246
7.813206,28,3318.248734
5.793604,20,3318.823709
7.73926,24,3319.500512
6.229508,21,3320.075086
7.911716,29,3320.895515
7.642389,26,3321.655791
9.538969,34,3322.602211
8.111617,29,3323.411659
7.011883,24,3324.09109
6.79379,25,3324.809056
10.348945,37,3325.850631
8.494001,31,3326.727033
7.022364,24,3327.40485
6.08469,22,3328.041895
9.118918,32,3328.928494
9.746981,34,3329.893432
9.606803,32,3330.798928
7.517033,27,3331.557084
8.160665,26,3332.288628
7.92855,27,3333.047456
6.38264,22,3333.67088
6.503784,22,3334.286421
11.340818,43,3335.524344
6.49413,21,3336.112944
7.754217,25,3336.828377
7.2153,25,3337.549823
7.505663,26,3338.266757
10.748491,43,3339.497998
6.48525,22,3340.123013
10.823756,38,3341.206488
8.31945,28,3342.001722
9.849284,40,3343.148944
13.633918,66,3345.018715
6.474435,22,3345.648927
9.229767,31,3346.535511
7.233452,22,3347.149599
7.506676,25,3347.842861
9.172006,30,3348.680963
8.566315,28,3349.487801
7.137256,24,3350.193218
9.607002,33,3351.111352
8.442546,29,3351.92354
7.126082,25,3352.626419
6.704103,23,3353.285112
10.115201,41,3354.424148
8.400192,31,3355.31989
8.560325,28,3356.128551
5.638217,20,3356.701266
8.533767,28,3357.500897
8.126466,28,3358.29854
5.894282,20,3358.878699
7.475828,27,3359.639136
8.720291,30,3360.513743
11.856948,46,3361.807819
7.945687,26,3367.200817
6.844051,24,3367.903458
7.407322,25,3368.615738
8.132841,30,3369.473001
6.671471,23,3370.150757
7.277373,24,3370.819234
7.286174,25,3371.542495
8.242563,28,3372.331361
8.348218,27,3373.094511
9.187067,32,3373.973458
10.0122,36,3374.949543
5.799362,20,3375.507086
10.984443,47,3376.808472
5.84877,20,3377.360919
8.566704,31,3378.209773
10.612094,44,3379.412738
7.215706,25,3380.114056
8.099038,29,3380.906471
9.648593,32,3381.789782
7.380232,24,3382.443095
7.376144,25,3383.171687
9.791207,39,3384.248547
6.419942,23,3384.908652
7.997875,27,3385.696312
6.87801,24,3386.386145
7.931899,29,3387.232887
13.102882,64,3389.0291
7.3569,25,3389.73874
6.827875,24,3390.398345
7.402405,27,3391.181147
14.77421,67,3393.069239
8.2183,27,3393.840862
8.85453,31,3394.678199
8.597142,31,3395.567086
7.915784,26,3396.306816
15.156856,70,3398.216668
6.766796,23,3398.898239
7.055295,27,3399.668545
8.698913,30,3400.499026
8.454766,32,3401.404696
9.083555,31,3402.284843
7.317936,27,3403.08062
7.946529,29,3403.910227
9.939358,35,3404.876209
8.214391,29,3405.705249
9.823966,36,3406.739804
10.267137,37,3407.769343
8.204311,27,3408.5487
7.86673,26,3409.294141
7.744196,30,3410.135769
8.246944,34,3411.088012
9.338293,38,3412.167705
7.243878,23,3412.812001
10.285803,39,3413.907707
8.549584,29,3414.705202
7.722236,27,3415.461404
9.329431,33,3416.406978
6.340177,22,3417.030818
7.083077,26,3417.786064
7.193187,26,3418.518723
8.891629,30,3419.363086
11.062551,48,3420.713932
10.958857,41,3421.838059
9.694754,39,3422.935251
7.582052,26,3423.634757
11.455609,51,3429.623412
11.165837,44,3430.893384
8.717424,34,3431.832779
9.957333,36,3432.864308
8.013747,28,3433.659405
7.291298,26,3434.400039
7.615855,27,3435.134061
11.128945,43,3436.370122
8.745656,30,3437.215103
8.841963,35,3438.184958
8.808049,37,3439.210967
6.902477,25,3439.909654
4.972885,18,3440.38539
8.126989,30,3441.213698
6.121045,21,3441.81686
7.829272,29,3442.605884
8.100197,27,3443.373283
8.133599,29,3444.145002
8.265968,28,3444.920989
7.200515,23,3445.556231
7.018888,23,3446.208599
6.894395,24,3446.865474
7.205582,28,3447.640074
-2.732233,176,3452.512262
9.096548,40,3453.59171
8.539124,32,3454.500836
6.572599,23,3455.140785
6.572606,21,3455.717486
12.957676,51,3457.129701
7.23548,25,3457.853895
6.587849,22,3458.463973
7.145282,25,3459.157185
8.438958,31,3460.032207
8.469368,33,3460.987056
7.333072,26,3461.7238
6.852697,24,3462.395509
9.626042,41,3463.560655
8.613682,32,3464.429927
8.063291,27,3465.207652
8.874098,30,3466.062206
8.047609,25,3466.760314
6.736673,24,3467.449368
11.266861,53,3468.910383
6.895291,24,3469.592151
4.993566,18,3470.112871
7.154821,24,3470.807709
8.426656,30,3471.662678
9.781805,37,3472.708511
8.836762,31,3473.593719
7.135758,24,3474.270442
8.698382,32,3475.185146
5.078602,18,3475.705758
10.079539,38,3476.764596
8.333812,33,3477.692926
7.607174,27,3478.464538
8.519594,31,3479.350971
6.141089,21,3479.93115
8.070439,29,3480.760653
9.319923,34,3481.7076
7.231612,24,3482.398604
7.486229,28,3483.190036
8.604996,31,3484.055586
9.543915,36,3485.098247
7.279109,25,3485.801034
8.218003,27,3491.136602
8.424916,29,3491.95502
6.605309,22,3492.568271
9.890194,39,3493.658711
6.728234,24,3494.327268
7.467975,24,3495.009266
7.387581,27,3495.752029
8.422106,31,3496.649396
5.577,19,3497.181498
7.880578,27,3497.923428
6.494082,21,3498.498467
6.697859,23,3499.156399
5.972867,20,3499.708698
9.335678,36,3500.733444
9.572149,32,3501.632004
6.929098,25,3502.345654
6.321645,22,3502.946306
9.0471,34,3503.864372
8.596675,30,3504.68613
9.251677,33,3505.584389
7.044677,24,3506.253344
9.015342,32,3507.125303
8.612442,32,3508.014152
6.411858,22,3508.602391
7.586659,25,3509.288399
8.373501,35,3510.235869
7.682189,30,3511.06818
8.347479,27,3511.81939
5.011622,18,3512.337965
3.672378,31,3513.206369
8.287483,30,3514.041024
8.716383,31,3514.916253
7.742061,27,3515.682502
5.443718,20,3516.219692
10.112644,43,3517.442726
7.303842,27,3518.203826
9.065252,32,3519.112953
8.114979,30,3519.952341
7.661125,28,3520.783115
7.661593,25,3521.483052
7.977894,28,3522.258714
7.81631,27,3523.026328
9.22675,35,3524.010825
7.550447,25,3524.753983
7.040764,23,3525.411681
5.751542,20,3525.970789
8.000309,25,3526.67185
8.284101,29,3527.484255
8.069728,31,3528.352892
7.610515,26,3529.078615
10.154816,37,3530.13711
8.409294,30,3530.980633
9.272646,32,3531.847163
8.665029,30,3532.686551
8.236181,29,3533.501598
7.816574,30,3534.3437
8.444907,31,3535.207922
7.624362,27,3535.962578
8.306848,30,3536.801895
6.227633,21,3537.405118
6.223401,22,3538.04124
7.901785,29,3538.846886
10.435228,42,3540.008204
7.686844,26,3540.732388
5.213759,38,3541.787501
6.830646,24,3542.446608
7.59597,26,3543.17222
7.894098,26,3543.921396
8.189643,29,3544.746026
7.511661,25,3545.452582
7.234285,24,3546.119779
6.54025,22,3546.724983
9.521551,38,3547.798545
7.477515,29,3553.278486
6.337722,21,3553.886366
7.495178,24,3554.570149
7.178155,24,3555.241783
7.619363,26,3556.010539
10.975141,43,3557.233641
9.031909,31,3558.126119
9.030599,34,3559.117995
6.79694,23,3559.766535
6.895734,25,3560.461279
13.32992,60,3562.134778
8.134095,27,3562.8943
8.23552,30,3563.747293
6.966313,24,3564.4247
6.846217,24,3565.119492
6.72,24,3565.809692
7.343641,25,3566.53538
6.747912,23,3567.192888
6.807211,24,3567.877438
10.095933,35,3568.82903
6.386958,20,3569.384897
7.606279,27,3570.125761
8.249255,28,3570.866843
11.995907,51,3572.289197
4.967148,17,3572.754976
6.913882,24,3573.426249
2.265563,24,3574.076999
7.61505,25,3574.746316
7.951168,25,3575.427995
7.590334,28,3576.216438
8.771741,33,3577.116803
8.336206,30,3577.950298
6.142325,20,3578.530156
8.390182,29,3579.368223
8.001043,27,3580.116382
7.780806,27,3580.895445
9.666138,37,3581.934234
7.487292,26,3582.671202
5.885878,21,3583.270292
7.438529,25,3583.982884
6.848223,24,3584.673475
6.438333,23,3585.314981
6.084725,21,3585.909654
8.135216,28,3586.685155
8.776049,33,3587.612591
7.134292,24,3588.308756
8.929921,33,3589.228074
15.774649,74,3591.323521
9.087324,35,3592.317025
9.662953,35,3593.308798
5.726177,18,3593.807364
7.812488,26,3594.560436
6.98585,23,3595.217585
6.981487,23,3595.895462
6.859795,23,3596.532875
8.76908,30,3597.362808
24.769494,176,3602.241707
6.381373,23,3602.894847
7.04257,25,3603.622236
5.975363,21,3604.231617
1.340864,21,3604.836663
6.887102,26,3605.5897
6.917178,23,3606.248962
7.891643,30,3607.107593
7.397006,24,3607.799581
8.356609,31,3608.649159
2.787505,28,3609.435338
10.726259,43,3610.656525
8.33176,32,3616.096498
6.33578,21,3616.689652
8.647555,32,3617.590787
11.916854,50,3618.985193
10.441922,38,3620.037785
10.64997,42,3621.190179
8.652104,36,3622.190575
6.773923,24,3622.873095
7.376799,26,3623.626294
8.296405,28,3624.420499
8.06607,30,3625.242717
6.227842,21,3625.836072
7.910526,32,3626.743971
7.204448,25,3627.45557
8.286629,32,3628.366542
6.611277,23,3629.038569
7.621416,28,3629.822171
8.687929,30,3630.658944
9.520529,36,3631.682668
6.299743,23,3632.337135
5.419419,19,3632.868002
7.931123,27,3633.614557
14.138874,65,3635.380563
9.681938,35,3636.338068
7.444118,24,3636.985879
7.946116,28,3637.726773
8.574081,32,3638.580385
11.922098,52,3639.997631
9.35037,37,3640.991521
7.728297,26,3641.708307
9.899309,35,3642.656734
10.14181,41,3643.807539
8.48984,30,3644.681011
10.437323,42,3645.852235
8.017556,28,3646.639125
8.581292,33,3647.572423
6.833465,24,3648.280536
7.492978,26,3649.019076
8.862215,32,3649.92881
8.396098,30,3650.791183
7.356944,25,3651.507814
9.604826,37,3652.557865
9.86337,35,3653.585955
8.346169,27,3654.35582
8.315497,30,3655.220204
7.789086,30,3656.072067
7.968407,28,3656.861003
6.80327,23,3657.524251
8.230748,30,3658.382498
5.399457,19,3658.907962
2.992296,27,3659.689129
11.766544,51,3661.152081
8.092331,30,3661.991763
13.773306,67,3663.884848
8.256149,31,3664.772125
7.5745,28,3665.566123
6.796655,24,3666.26886
11.113194,44,3667.525057
9.112011,31,3668.418767
8.134278,29,3669.256164
7.984896,28,3670.062221
5.497899,18,3670.57262
6.859856,23,3671.243206
7.015431,23,3671.889805
6.219889,22,3672.525563
7.05361,24,3677.861119
8.428103,32,3678.788182
10.002834,37,3679.836375
4.516641,33,3680.778592
8.700548,32,3681.68175
7.136685,24,3682.38158
8.724191,31,3683.254005
13.532815,58,3684.934662
8.344899,30,3685.776716
7.232609,25,3686.482985
6.476408,23,3687.127163
8.897994,33,3688.06859
8.338822,32,3688.991133
6.507093,22,3689.607294
7.829636,27,3690.369343
7.29589,26,3691.135938
6.824242,24,3691.837541
8.057815,30,3692.679541
11.029834,48,3694.042226
8.201557,31,3694.966038
8.70392,35,3695.967252
6.909036,23,3696.630406
8.890622,32,3697.550204
3.186547,27,3698.306104
8.079242,29,3699.104759
8.14724,30,3699.931334
6.921882,25,3700.627505
6.81813,22,3701.252675
7.576771,27,3702.007962
9.274069,33,3702.910723
7.719406,26,3703.626783
5.134358,18,3704.114395
9.052899,33,3705.019054
6.221184,21,3705.595981
10.736533,46,3706.843471
9.341685,35,3707.794363
5.977921,19,3708.335401
8.18952,28,3709.12456
7.267348,25,3709.866832
6.775063,24,3710.549334
1.897619,24,3711.228271
8.887079,34,3712.183881
6.048107,20,3712.772501
7.284183,24,3713.455614
7.497667,27,3714.215471
1.966974,23,3714.868457
8.461097,30,3715.74319
5.512612,19,3716.294064
9.46978,36,3717.291995
6.523173,22,3717.938891
7.272352,24,3718.619661
7.306082,27,3719.384425
5.350547,19,3719.934162
8.49584,33,3720.878637
7.436816,25,3721.604886
8.588355,28,3722.393807
11.806342,47,3723.72932
6.754652,22,3724.353343
7.365528,26,3725.09043
6.466442,22,3725.699069
8.597545,33,3726.625755
6.471574,21,3727.229789
7.787046,28,3728.01698
6.907493,23,3728.67803
9.542187,33,3729.60067
10.876939,40,3730.749163
6.83095,24,3731.432637
8.131044,28,3732.245484
5.583701,20,3732.82361
8.958279,32,3733.745579
7.455774,26,3734.502266
7.041546,23,3735.154629
6.710644,22,3740.387856
7.089093,24,3741.070179
10.287237,46,3742.383074
5.800588,21,3742.967552
7.428429,26,3743.69312
11.726765,52,3745.139088
7.550021,29,3745.943669
8.499908,32,3746.851339
12.040093,52,3748.277815
8.292969,32,3749.168617
14.115365,71,3751.171718
8.043015,32,3752.050212
6.291979,23,3752.68763
6.052767,20,3753.279653
16.615285,87,3755.640856
7.357937,28,3756.417971
5.485371,19,3756.962885
7.553557,29,3757.796128
8.223605,31,3758.679553
7.317924,25,3759.375144
6.465847,24,3760.046063
11.212092,49,3761.417758
7.261367,27,3762.168062
7.441411,28,3762.937128
11.485365,46,3764.161214
7.375167,26,3764.885723
7.962291,29,3765.674145
9.490983,37,3766.685168
10.163262,42,3767.832486
8.5097,33,3768.712462
8.232554,29,3769.498376
6.388005,21,3770.090776
8.13136,30,3770.903679
8.884365,33,3771.808284
9.280338,35,3772.786962
7.135111,25,3773.467897
7.376266,27,3774.214527
7.265151,25,3774.91417
8.488591,33,3775.783882
10.381518,40,3776.85942
8.100431,29,3777.654885
6.990836,24,3778.324462
7.1183,25,3779.008303
8.447396,30,3779.818537
8.510147,30,3780.640121
8.403152,32,3781.513554
6.803209,24,3782.180218
9.560884,34,3783.115997
5.698265,21,3783.67995
8.522419,32,3784.57086
10.233517,39,3785.607513
8.83692,32,3786.483896
8.100943,32,3787.347209
9.958896,41,3788.445411
8.231281,29,3789.268763
6.437233,23,3789.882403
12.022005,64,3791.60739
6.741126,23,3792.261145
6.421679,23,3792.897515
7.756181,28,3793.661837
11.338986,51,3795.056195
7.807421,29,3795.86971
7.087656,27,3796.631997
8.243596,32,3802.101897
14.735946,76,3804.17462
9.305257,36,3805.154177
9.60854,39,3806.210223
12.240367,56,3807.719943
8.717979,33,3808.641563
4.242601,38,3809.695451
10.935064,47,3811.026369
8.453304,33,3811.967811
10.378351,46,3813.268709
13.737861,60,3814.92695
10.320143,52,3816.377152
32.26424,176,3821.287192
5.9649,22,3821.93089
7.107804,25,3822.66778
11.635613,56,3824.266086
10.123115,42,3825.479613
7.624336,28,3826.283875
9.712891,36,3827.308395
11.049558,41,3828.476736
8.270718,31,3829.348777
13.031478,63,3831.116721
7.998772,27,3831.887963
8.567,36,3832.911757
9.269035,35,3833.895844
8.749694,33,3834.818084
8.857614,34,3835.762822
10.839226,47,3837.079906
6.480265,23,3837.712025
9.156276,35,3838.662264
7.208014,28,3839.427937
5.960146,21,3840.017837
6.85604,26,3840.765482
10.57719,50,3842.177613
6.764179,25,3842.906303
11.707408,59,3844.544611
8.973011,35,3845.543467
9.50571,35,3846.557039
5.500225,20,3847.132263
2.112648,27,3847.918242
11.401765,47,3849.253174
7.178252,28,3850.062064
10.017443,43,3851.260056
7.162423,25,3851.958573
5.826287,21,3852.542339
17.570564,99,3855.312305
7.897842,29,3856.134851
7.057119,26,3856.855144
8.588958,32,3857.742769
6.130668,21,3858.334445
6.791363,24,3863.589208
5.989007,21,3864.170775
7.345817,25,3864.878324
6.459436,24,3865.565437
5.431119,20,3866.127498
12.018267,54,3867.640392
6.642708,23,3868.272907
6.561667,23,3868.898066
12.711384,89,3871.345616
7.211431,26,3872.050933
8.619695,36,3873.0372
8.32446,31,3873.889546
18.728164,105,3876.709565
7.918395,29,3877.484722
11.891339,53,3878.936271
8.868873,33,3879.864444
10.576816,43,3881.072245
13.795141,66,3882.938435
8.614383,31,3883.818038
10.075802,37,3884.849101
13.471862,86,3887.223691
6.128463,23,3887.850484
8.472025,30,3888.68906
8.547209,31,3889.573234
8.465539,29,3890.401382
9.494695,38,3891.471188
6.108927,23,3892.146591
8.425546,32,3893.077333
7.590773,27,3893.837425
7.013568,26,3894.575147
8.822253,33,3895.546715
9.564354,33,3896.480066
9.276385,33,3897.438212
11.812954,56,3899.006436
8.96736,35,3899.981954
6.60246,23,3900.640698
7.270352,27,3901.411305
7.399626,26,3902.137837
7.82453,30,3902.975037
9.088683,36,3904.007357
6.714169,25,3904.717264
7.64274,27,3905.473633
8.425354,31,3906.364475
8.857682,34,3907.335316
7.726582,30,3908.180008
10.712502,45,3909.42043
10.921988,46,3910.724372
8.444446,32,3911.635774
8.087259,30,3912.461454
13.469747,62,3914.242747
10.232114,40,3915.368258
11.132877,45,3916.635796
8.342634,32,3917.531684
7.479437,26,3918.279512
7.703639,28,3919.0366
7.30917,26,3919.758003
8.057455,29,3920.580883
30.282068,176,3929.997957
8.382135,31,3930.892698
9.881455,46,3932.186237
8.215382,30,3933.028593
8.831407,32,3933.916067
8.434203,31,3934.802566
9.732905,38,3935.844278
7.765885,29,3936.651938
7.351334,27,3937.37014
7.617748,29,3938.172776
10.985411,53,3939.628781
7.844337,29,3940.422286
7.559184,26,3941.112531
7.658852,28,3941.901419
7.059547,27,3942.624187
9.257747,39,3943.695522
8.838572,37,3944.720441
7.901512,29,3945.51344
8.116027,30,3946.30359
8.260306,34,3947.22743
10.238898,50,3948.57701
8.847068,33,3949.518303
9.596671,36,3950.535228
6.43304,22,3951.181312
20.1442,111,3954.300305
12.391767,66,3956.19959
9.214083,36,3957.215655
19.746429,109,3960.289578
9.121239,39,3961.353214
9.523417,38,3962.38195
6.530096,23,3963.006246
9.337768,35,3963.975223
11.070845,52,3965.426829
11.308698,53,3966.884812
7.872344,28,3967.686052
7.531962,29,3968.500829
7.245872,27,3969.258286
8.208027,30,3970.107813
10.860445,47,3971.46638
6.856029,26,3972.222702
14.159102,76,3974.415334
10.872826,49,3975.774937
13.136428,62,3977.480499
11.644623,52,3978.929415
8.635858,34,3979.903072
5.093085,18,3980.433775
25.438805,123,3988.501022
7.110219,27,3989.290178
7.242297,27,3990.100062
33.86909,176,3995.195053
8.08404,32,3996.125066
8.19525,29,3996.934971
15.968398,98,3999.63741
11.913455,58,4001.205531
14.731768,86,4003.584036
6.908108,26,4004.326671
7.347416,28,4005.088726
20.690296,120,4008.367184
35.103417,176,4013.001213
8.713905,35,4013.955589
10.322676,46,4015.188692
8.247234,31,4015.988539
8.32244,32,4016.827581
8.112679,32,4017.673974
7.110673,26,4018.36571
8.082649,32,4019.243595
7.258765,30,4020.05797
16.135555,101,4022.86722
7.209702,26,4023.609361
26.162327,176,4028.466908
15.31709,93,4031.006586
8.67671,35,4031.95533
2.452144,27,4032.725489
8.926183,35,4033.723369
6.783814,26,4034.449286
6.062453,22,4035.07755
26.187939,176,4039.896005
7.869711,31,4040.768978
9.294408,40,4041.86178
6.274618,24,4042.514881
7.155262,26,4043.216555
7.931798,31,4048.670569
7.381952,28,4049.442466
26.398578,176,4054.208678
6.887538,25,4054.889092
8.152794,32,4055.760143
17.987914,98,4058.457521
29.204532,176,4063.292898
7.868126,30,4064.123235
9.343903,35,4065.080307
33.757116,176,4069.839178
8.117104,31,4070.708904
8.055892,28,4071.478888
15.049411,85,4073.787844
8.204126,30,4074.598116
7.296852,27,4075.319597
14.144727,78,4077.420691
7.086415,28,4078.20132
9.976606,55,4079.772349
13.498489,81,4081.951479
7.303838,26,4082.673943
17.406053,105,4085.438587
8.001019,31,4086.257902
6.961734,27,4086.961409
29.957055,176,4091.737401
6.325869,24,4092.404408
8.755135,35,4093.352827
10.219853,54,4094.869795
15.409064,87,4097.285362
8.561689,35,4098.267704
9.302704,37,4099.276642
16.56579,91,4101.73556
15.534914,108,4109.352028
7.735272,29,4110.133511
33.990509,176,4114.924663
10.507234,58,4116.50121
26.558236,176,4121.341215
17.525405,103,4124.122808
8.998508,38,4125.179741
31.885278,176,4129.978363
15.153812,87,4132.303716
30.719884,176,4137.03326
32.26918,176,4141.737139
28.519467,176,4146.460461
15.124451,97,4149.092166
34.856842,176,4153.754697
6.174223,24,4154.411158
7.043336,27,4155.114473
29.971057,176,4159.741626
6.961726,29,4160.521692
9.763278,49,4161.844081
11.279807,52,4163.242833
37.431367,176,4172.546817
7.683681,31,4173.391364
31.901088,176,4178.09825
34.494068,176,4182.8109
6.171787,22,4183.433128
15.499441,92,4185.943167
9.887836,47,4187.227422
8.757124,37,4188.24346
7.476868,30,4189.054447
18.229479,117,4192.22136
6.567402,24,4192.858593
7.347674,29,4193.643831
34.266733,176,4198.403475
10.945379,59,4199.969282
20.376431,120,4203.242454
7.961446,33,4204.15106
34.470212,176,4208.868419
29.234605,176,4213.559633
35.354026,176,4218.312756
7.345702,29,4219.112994
23.845616,136,4222.685538
7.971492,33,4223.563808
9.584953,48,4229.529356
21.446968,141,4233.271107
17.150165,112,4236.250313
7.511815,31,4237.100806
17.610159,97,4239.730839
15.479034,92,4242.17565
29.354189,176,4246.910815
16.85247,102,4249.669166
7.944708,29,4250.449883
8.32992,34,4251.347392
7.395645,30,4252.156368
18.766627,113,4255.177138
35.990543,176,4259.885015
16.49056,97,4262.539713
7.555369,31,4263.386623
7.769993,33,4264.274535
7.144017,27,4265.012267
9.46158,44,4266.205264
31.539611,176,4270.89492
33.284004,176,4275.566115
8.458654,34,4276.501158
20.071448,139,4280.192214
22.516626,146,4288.695381
29.099974,176,4293.299066
34.552288,176,4297.866857
16.991736,107,4300.753172
33.286863,176,4305.431258
36.274542,176,4310.165258
35.760208,176,4314.814697
13.712063,90,4317.215985
12.480102,95,4319.72328
23.524493,149,4323.635447
33.866972,176,4328.283324
8.424278,33,4329.153354
28.377782,165,4333.491666
19.157177,116,4336.613
9.329193,51,4337.971603
18.252312,109,4340.83607
32.774541,176,4350.194434
34.776872,176,4354.770524
33.70025,176,4359.346939
33.126269,176,4363.831029
30.517833,176,4368.31986
7.808617,34,4369.199985
6.815673,27,4369.913856
37.138905,176,4374.481403
13.764262,92,4376.897925
35.502302,176,4381.471557
16.55878,98,4384.010806
8.140088,35,4384.925161
29.528537,176,4389.522587
6.787662,27,4390.214955
25.061518,150,4394.110116
14.144439,103,4396.807031
31.267903,176,4405.945663
9.114037,61,4407.538561
33.586604,176,4412.1586
6.490921,26,4412.831455
30.875849,176,4417.392404
28.452716,176,4421.95768
39.320904,176,4426.42755
32.609004,176,4430.708595
31.262044,176,4435.046763
30.709799,176,4439.543785
35.499529,176,4444.058413
31.223966,176,4448.569694
34.429131,176,4453.075415
32.688474,176,4461.894553
36.871538,176,4466.358215
9.792995,56,4467.822862
19.401436,114,4470.719961
8.122637,38,4471.694674
36.316042,176,4476.146609
15.865071,100,4478.606195
18.876741,121,4481.588884
31.509261,176,4485.871121
16.754344,101,4488.320096
32.504404,176,4492.511002
38.147374,176,4496.679142
14.564192,105,4499.193635
22.511536,136,4502.471366
19.006753,128,4505.638188
24.29353,138,4508.999846
12.925144,88,4511.148999
33.850679,176,4519.627724
32.424589,176,4523.805318
12.714644,90,4525.965986
7.183317,30,4526.680819
8.297822,41,4527.643536
34.576857,176,4531.822026
26.678105,163,4535.68565
10.090759,64,4537.223801
15.575956,98,4539.544657
23.656846,153,4543.197189
33.44473,176,4547.371048
31.833806,176,4551.512902
34.595241,176,4555.642306
6.777878,28,4556.33519
34.091721,176,4560.497786
8.39135,37,4561.377225
8.808511,56,4562.700133
35.484862,176,4571.109476
7.717876,39,4572.048452
35.200379,176,4576.171546
25.408955,157,4579.88111
38.563782,176,4583.996006
7.514955,37,4584.906432
11.117563,79,4586.780973
38.157402,176,4590.891175
35.731826,176,4595.029437
33.417387,176,4599.194873
33.717617,176,4603.305708
12.765991,100,4605.649482
8.458446,39,4606.561599
35.024932,176,4610.743438
37.586448,176,4614.917539
23.111909,138,4622.528813
37.086508,176,4626.719908
7.703632,38,4627.641327
17.196793,118,4630.392779
31.778008,176,4634.522372
35.492247,176,4638.647703
33.434227,176,4642.758641
32.325569,176,4646.861687
7.024033,32,4647.629352
8.045466,45,4648.684016
7.314741,34,4649.484954
13.376116,90,4651.593408
32.562064,176,4655.707096
18.954586,121,4658.580579
34.785391,176,4662.735399
21.12382,136,4665.927125
37.998581,176,4674.354959
7.903474,35,4675.210274
6.589476,30,4675.935695
38.032891,176,4680.234099
16.378914,100,4682.65071
36.888657,176,4686.889199
34.003287,176,4691.090229
25.972326,159,4694.813379
35.845445,176,4698.921955
39.309485,176,4703.043846
34.998172,176,4707.180556
35.392982,176,4711.333597
34.949308,176,4715.439937
31.526893,176,4719.578248
35.604116,176,4728.09057
37.355796,176,4732.398564
37.502223,176,4736.656242
7.66631,40,4737.637333
36.504351,176,4742.896136
30.847237,176,4747.224489
34.63733,176,4751.361259
34.457513,176,4755.467062
36.156768,176,4759.5725
33.444697,176,4763.676785
36.273957,176,4767.790019
35.126862,176,4771.925608
39.700556,176,4776.045796
31.889696,176,4784.632197
35.508358,176,4788.795617
35.550314,176,4792.923816
34.003829,176,4797.246118
33.31492,176,4801.432561
32.55438,176,4805.679872
35.902072,176,4810.030743
35.132958,176,4814.248397
31.362157,176,4819.485793
38.872138,176,4825.013513
34.171336,176,4830.704448
32.101841,176,4842.233145
39.029348,176,4847.357574
35.665943,176,4851.996181
34.804604,176,4857.028716
35.495621,176,4862.68353
7.370138,31,4863.722443
35.930397,176,4869.422741
14.947616,98,4872.167999
37.650404,176,4876.76228
35.718713,176,4882.804251
31.605416,176,4888.491965
8.043871,35,4889.634571
34.848354,176,4895.317155
34.539538,176,4900.813478
8.40168,36,4901.671499
35.170741,176,4917.697754
31.082384,176,4922.358722
35.744514,176,4928.500334
33.740438,176,4933.84221
36.836588,176,4940.91432
35.724774,176,4946.32917
33.802708,176,4950.579375
34.048789,176,4955.853317
36.543062,176,4960.960168
35.279731,176,4965.1602
37.958278,176,4969.430305
38.11973,176,4978.001341
34.860396,176,4982.233634
34.298417,176,4986.426709
40.109906,176,4990.608006
37.80303,176,4994.770997
7.687222,37,4995.642101
31.531094,176,4999.765393
34.553807,176,5003.946824
37.367312,176,5008.105716
7.536495,38,5009.03534
38.812852,176,5013.193975
30.896009,176,5017.404194
35.491103,176,5021.599502
33.352194,176,5029.996325
34.900598,176,5034.176348
38.910528,176,5038.362728
35.46122,176,5042.623302
7.423665,29,5043.331406
36.215229,176,5047.553774
14.166463,99,5049.904771
36.34578,176,5054.089583
6.705196,28,5054.771903
33.916476,176,5058.943029
36.863745,176,5063.133234
37.024416,176,5067.301315
36.056317,176,5071.461159
18.323173,121,5074.364704
36.976244,176,5078.503568
40.422362,176,5086.998607
34.087634,176,5091.17808
37.196333,176,5095.331156
38.485815,176,5099.543965
7.230111,36,5100.398868
32.879333,176,5104.652686
37.856677,176,5108.801971
37.01889,176,5112.965693
7.226806,30,5113.689827
31.941267,176,5117.866784
33.778392,176,5122.027485
31.762068,176,5126.18768
38.224589,176,5130.382318
