#{"t_start": 1773989506.2428188, "env_id": "continuous-highway-v0"}
r,l,t
5.156965,14,89.659876
5.284663,13,90.463045
5.69105,14,91.287778
6.605457,15,92.390457
5.855352,14,93.346491
5.842879,15,94.340562
5.099891,13,95.220753
6.216214,14,96.173793
4.936875,13,97.230918
5.576092,14,98.332697
5.623431,14,99.309368
1.062983,14,100.216356
0.51459,13,100.946841
5.41276,14,101.703244
6.172821,14,102.628647
5.221276,13,103.571849
4.746674,12,104.492567
4.373927,12,105.312943
0.151766,13,106.263824
5.093201,13,107.119682
1.945084,16,108.156457
5.176245,14,109.034287
1.960982,16,109.969333
5.661055,14,110.923604
5.657515,14,111.61244
6.174628,15,112.575151
2.447505,16,113.599032
6.727008,15,114.627874
7.163077,16,115.615288
5.333675,13,116.495327
1.061477,14,117.3262
6.144716,15,118.301108
7.328702,16,119.314286
2.000706,15,120.407829
5.126277,14,121.278909
5.529943,14,122.329118
5.783922,14,123.241436
5.878791,15,124.226438
5.995453,15,125.124689
4.953976,13,125.91275
5.207121,13,126.744436
4.941045,13,127.622351
4.511277,12,128.392287
5.993659,14,129.304501
4.689133,12,130.115924
6.46951,14,130.991234
5.919545,14,131.877621
7.060349,16,132.991503
5.400804,13,133.819891
5.849334,14,134.771833
6.042493,16,135.816785
1.420394,15,136.978016
6.452372,14,137.889741
5.12741,13,138.861113
1.212651,14,139.575615
6.247991,14,140.340474
5.790265,14,141.439888
5.121635,13,142.174881
5.769241,14,143.034421
6.335676,14,144.026144
5.76049,15,145.098666
6.042913,14,145.988753
5.459148,14,147.077018
6.177916,15,148.051948
6.318252,15,149.178228
5.941713,14,150.104868
5.056044,13,151.140825
5.8054,14,152.077183
6.441998,15,152.940273
4.751766,12,153.781179
6.029121,14,155.072584
6.400521,15,156.126465
5.220924,13,156.952018
5.684651,14,157.807213
5.374222,14,158.822266
6.447216,14,159.700464
5.140035,13,160.494299
0.300148,13,161.21171
5.840848,14,162.014268
5.639622,15,162.973925
2.173745,15,163.88399
5.146014,13,164.7433
5.664368,13,165.557903
4.805504,13,166.345119
5.19439,13,167.086831
6.955733,16,167.955776
5.755632,14,168.809313
4.96502,13,169.534017
4.170615,12,170.17854
4.708168,12,170.925592
5.091904,13,171.65866
5.017111,13,172.493294
4.64088,12,173.279138
6.496837,15,174.234112
7.215393,17,175.247818
4.442526,13,176.083498
5.242321,14,177.012664
1.897649,15,178.054127
4.840469,12,178.92524
5.808729,13,179.796509
5.237671,13,180.561094
6.03664,15,181.523621
4.125292,11,182.362867
6.188326,15,183.36644
5.173956,13,184.171517
1.220257,15,185.054168
6.132986,15,185.975619
5.359012,13,186.827369
5.945178,14,187.673533
1.56366,15,188.681939
5.971265,14,189.583229
4.739152,13,190.393002
6.735855,16,191.336384
4.765794,12,192.131339
7.171307,18,193.161268
5.072047,13,193.962547
5.149367,13,194.967358
4.263285,12,195.704682
0.679491,13,196.526803
5.149419,14,197.50053
5.731956,13,198.36014
5.415639,14,199.38238
5.955676,14,200.407015
1.399623,15,201.281473
5.386621,14,202.191002
5.31832,13,202.883304
6.85486,16,203.849613
5.697076,14,204.691807
4.001844,11,205.472982
5.913096,14,206.434225
4.70472,13,207.327575
5.197534,13,208.297968
5.834801,15,209.185471
5.672674,14,210.080767
5.843856,15,211.025482
4.704008,13,211.967356
-0.078042,12,212.704444
0.407118,13,213.633328
5.15984,14,214.519232
5.190777,13,215.363679
5.754682,15,216.398422
5.955999,15,217.323516
6.351464,16,218.441038
3.999615,12,219.308512
6.480799,14,220.305509
4.885573,13,221.283821
6.624049,15,222.318067
5.5369,14,229.548844
7.517212,17,230.630812
6.056814,15,231.638919
4.242681,12,232.493478
5.11307,15,233.332382
1.47463,15,234.23826
6.30593,15,235.132895
1.964621,15,236.055262
6.969294,15,237.02857
6.459771,15,238.135977
6.375147,15,239.172664
5.775308,14,240.053268
6.296833,15,240.94393
6.713957,15,241.905608
4.919006,13,242.773502
5.336753,13,243.54266
1.581639,15,244.447215
2.812312,18,245.473833
5.781137,14,246.374621
6.056318,14,247.240028
5.012638,13,248.001568
5.897838,14,249.105649
5.992015,15,250.092939
5.352029,14,250.965612
5.212848,14,251.982442
6.021118,15,252.850386
5.45642,14,253.846471
1.534054,15,254.786176
6.601128,15,255.783544
5.837694,15,257.017392
5.555642,13,258.232069
5.559572,14,259.174607
5.541973,14,260.267304
4.99955,12,261.003874
5.610617,14,261.942317
5.493747,14,262.821561
6.024649,14,263.748902
4.09149,12,264.903359
1.84459,15,265.892241
6.737542,16,267.085636
6.278955,15,268.015812
5.470845,14,269.083335
5.409993,13,270.045248
5.837814,13,270.830172
5.168713,13,271.885229
6.425456,15,272.963326
6.129009,15,274.003965
6.091066,15,275.234217
6.192524,15,276.168128
1.437319,15,277.095381
5.327388,13,277.867716
4.321205,12,278.563055
4.648366,13,279.248015
5.533673,14,280.043649
5.714556,15,280.95479
5.439482,15,281.91967
5.676266,14,282.702361
5.916178,15,283.461773
0.981674,15,284.213099
6.400215,16,285.153685
0.874038,15,286.096726
6.608392,16,287.042515
5.68393,14,287.83974
5.169353,13,288.559876
4.690606,13,289.241094
6.549545,15,290.188567
2.191216,16,291.135583
0.67209,15,291.938068
5.240156,14,292.759583
5.587554,14,293.536013
5.74505,14,294.386149
1.159952,14,295.132084
6.463583,15,296.086652
6.951589,16,297.003833
1.104197,15,297.918371
5.730073,14,298.757763
6.672184,16,300.517684
5.820096,14,301.429818
5.782029,15,302.395949
4.617133,12,303.23856
6.532116,16,304.162695
5.374048,13,304.90259
6.16365,15,305.814336
1.516731,15,306.78985
4.961574,13,307.651836
6.353623,15,308.877086
5.740426,15,309.713794
4.634591,12,310.534387
5.422261,14,311.30875
6.090765,15,312.188912
0.526127,14,312.98421
5.942465,14,313.949173
5.03112,13,314.813449
5.103414,15,315.532455
5.629022,15,316.434292
5.002198,13,317.248704
5.873545,14,318.148407
5.697342,14,318.953954
6.043383,15,319.999288
5.705018,14,320.753614
4.636606,13,321.51557
0.799296,15,322.449135
5.752477,14,323.565028
1.685214,15,324.627382
6.452794,15,325.618691
5.132566,13,326.447508
7.050516,17,327.615867
6.517761,16,328.688569
5.685761,14,329.731012
0.572129,13,330.567596
6.285082,15,331.817387
6.221007,15,332.926681
6.118193,15,333.793389
4.601037,13,334.668555
5.613985,14,335.530122
6.223803,16,336.701391
5.526541,13,337.581701
6.163562,15,338.762727
6.191723,14,339.73483
5.415334,15,340.988841
6.186931,14,342.063382
5.837784,15,343.129524
6.193081,14,344.005352
1.637554,15,345.065988
6.251637,15,346.043013
2.133345,16,347.114985
5.803002,15,348.072882
5.250522,14,348.959845
7.380587,16,349.93662
5.463261,14,351.028387
4.924871,13,351.819753
6.190071,15,352.667253
6.426633,15,353.625057
0.344374,13,354.391331
5.505369,15,355.490993
5.019633,13,356.287814
6.712002,16,357.550307
6.23287,15,358.587726
4.893133,13,359.55766
5.54048,14,360.474997
5.903403,14,361.32201
6.313178,15,362.161675
5.314413,14,368.91539
4.490794,12,369.775385
7.055209,16,370.832167
4.298745,12,371.503413
5.14754,13,372.302751
1.642934,16,373.399071
4.393634,13,374.37172
5.654787,14,375.58618
4.898791,13,376.476811
0.958962,14,377.266873
6.860596,17,378.270748
1.570596,15,379.178312
6.573482,16,380.098829
6.996063,18,381.238588
5.509136,13,382.056374
5.525308,15,382.962173
1.06718,17,384.08067
5.957632,15,384.885453
6.087511,15,385.834635
4.869065,13,386.744895
4.77085,13,387.790843
4.990327,13,388.840321
0.814487,15,389.875483
2.32486,17,390.93865
7.366434,19,392.089493
6.441102,16,393.034757
5.668838,15,394.003402
4.876453,13,394.947049
5.309535,13,395.687226
5.835597,15,396.536197
1.57918,16,397.457438
6.036809,15,398.465688
0.925789,15,399.445819
6.042323,14,400.353893
6.229866,15,401.22871
5.267141,14,402.213605
1.481114,16,403.253702
5.967992,15,404.15253
5.964928,16,405.226353
5.91541,15,406.234232
4.923738,13,407.164946
6.210082,16,408.14626
1.080843,15,409.180268
6.420586,16,410.286509
5.179851,13,411.000094
4.593579,13,411.775182
4.595762,13,412.539612
4.513619,13,413.334958
5.416885,13,414.16501
5.738033,13,414.917754
5.95229,15,415.828485
2.577502,17,416.827373
6.12329,16,417.734179
6.026921,15,418.510151
5.281847,14,419.233662
4.728617,14,420.007867
7.503055,18,421.070751
5.497914,14,421.927562
5.826035,15,422.827411
7.016273,17,423.860518
6.258004,16,424.754105
6.009209,16,425.725724
6.353909,16,426.67677
4.907099,13,427.363043
6.509759,17,428.401935
6.417509,16,429.316811
5.905629,14,430.0817
6.005747,14,430.802181
1.903618,16,431.836093
5.070856,13,432.554661
7.312131,17,433.526727
6.422813,15,434.527092
5.858346,15,435.356464
6.146867,16,436.337861
5.234599,14,437.395815
6.132876,16,438.587226
5.465533,14,439.389411
5.997889,14,440.39092
5.120474,13,441.263137
5.543749,15,442.270013
6.024336,16,443.283937
5.519418,14,444.194283
6.262585,16,445.172086
7.179186,16,446.15338
5.213064,14,446.949732
7.500003,17,447.853281
5.501421,14,448.744576
7.356289,19,450.001655
6.215734,16,451.068387
6.739685,17,452.20758
6.317451,16,453.283139
7.192275,17,454.384585
5.519912,13,455.238096
0.787697,15,456.118992
5.114287,13,457.148006
4.835562,13,458.067793
6.030833,15,459.16059
4.916393,13,459.957045
1.394969,15,460.926795
6.383938,16,461.850029
0.903738,15,462.796504
1.391865,15,463.751015
5.78901,15,464.733369
7.466921,17,465.878975
5.735386,15,466.831834
5.824649,14,467.715332
2.410081,16,468.996129
5.928242,15,469.775517
0.798247,14,470.734295
5.589298,14,471.728564
0.506633,14,472.682958
5.924506,15,473.714671
5.454135,14,474.804149
5.492761,15,476.330246
6.010612,15,477.166745
5.077696,14,478.082742
6.066117,15,479.166565
6.374544,15,480.222559
5.753855,15,481.366586
5.503858,14,482.339597
4.593826,13,483.153336
6.289156,16,484.155151
6.610421,16,485.143304
0.917189,15,486.175551
7.185852,18,487.346905
5.136952,13,488.251175
4.555411,13,489.261337
5.785332,14,490.207399
-0.074664,13,491.185529
4.967945,13,492.101994
4.604271,13,493.296227
6.245563,14,494.221811
5.966735,14,495.143435
5.552775,15,496.100091
5.264916,14,497.148328
4.500515,12,498.0676
5.491988,14,498.918085
6.326335,15,499.807759
0.599936,14,500.914031
1.593887,16,507.941259
7.188653,17,509.156825
6.081247,15,510.209501
5.121707,14,511.311631
6.866696,16,512.360955
5.829605,15,513.26514
5.675142,15,514.703979
5.451843,14,516.029739
7.161807,18,517.001517
7.043774,18,518.177838
1.881894,18,519.212693
4.836562,14,520.055577
6.473734,15,520.902278
6.174873,16,521.845362
5.660851,15,522.876206
6.420455,17,523.947959
7.180686,17,525.135026
7.136318,17,526.208138
0.933255,16,527.230918
6.844526,17,528.434781
2.395056,18,529.65297
6.148911,16,530.693277
4.737845,13,531.465453
5.245177,14,532.347637
6.84927,18,533.618057
6.041423,15,534.484404
5.623703,15,535.427048
6.302535,15,536.459418
7.416958,18,537.73646
6.786531,17,538.749568
5.238905,14,539.707195
6.421678,17,540.800943
5.99407,15,541.84835
5.748423,14,542.627173
5.505588,13,543.299184
5.274857,14,544.198426
4.814949,12,544.98684
4.56328,13,545.863523
6.167839,15,546.937094
4.685449,12,547.925762
7.120008,18,549.231575
0.825404,15,550.386213
5.097793,15,551.52068
6.767537,17,552.904569
5.008956,14,553.995862
7.128931,16,555.022731
5.638799,15,556.09535
6.92395,17,557.049415
7.774418,19,558.205993
1.870146,16,559.315175
6.797627,16,560.137141
4.351243,13,560.997426
6.630875,17,562.340723
6.26135,15,563.359205
6.486439,16,564.564281
7.135643,17,565.742899
7.089215,17,566.740437
5.596178,13,567.624245
6.657546,17,568.839336
5.223101,14,569.763186
4.621344,13,570.524624
4.500655,14,571.349085
4.898607,14,572.2668
6.400461,16,573.249446
5.737823,14,574.312623
6.196535,15,575.313896
5.792119,15,576.379966
5.839919,15,577.449311
6.563006,16,578.446171
5.837903,15,579.395372
5.539229,15,580.534043
6.382946,15,581.532527
6.647845,16,582.671106
6.102651,14,583.512691
4.680596,13,584.394475
6.932058,17,585.351475
6.792367,16,586.364952
6.315758,15,587.427825
5.840176,15,588.564777
5.7257,14,589.721802
6.264333,17,590.845794
6.939358,17,591.932812
5.044775,14,592.825092
5.640596,15,593.799265
6.193651,15,594.770446
5.532174,14,595.747324
6.654626,15,596.778579
5.732333,15,597.701164
6.725361,17,598.787939
5.714124,15,599.737278
1.890428,16,600.817544
5.799743,15,601.735334
6.464931,16,602.697618
5.789876,15,603.708413
0.966789,16,604.731234
1.825957,16,605.708707
4.394197,13,606.464156
4.514004,13,607.178629
4.754184,14,607.966811
5.649588,16,608.951056
5.538438,15,609.910146
4.954712,14,610.780223
5.469668,15,611.623722
7.152511,17,612.843154
6.048941,15,613.878801
2.026936,16,614.855061
4.681759,13,615.680258
0.483677,14,616.656081
1.570131,16,617.65328
4.969681,13,618.494884
4.539885,13,619.43206
5.197435,14,620.382596
4.728881,13,621.276145
6.023881,15,622.206261
5.045766,14,623.051381
6.743525,16,624.119493
6.673755,16,625.00195
5.532317,14,625.907977
4.711482,13,626.742562
0.963882,16,627.809877
5.945474,16,629.045689
4.633299,13,629.980417
7.647669,19,631.428012
7.306532,17,632.515993
5.009988,14,633.503892
5.463205,14,634.316699
6.085014,15,635.24552
7.125971,18,636.589611
5.001783,14,637.426546
6.718823,18,638.767585
2.050416,17,640.3056
5.004378,14,641.413842
5.818914,15,642.639732
4.992833,14,643.662801
7.320618,18,650.789455
6.063135,15,651.852404
7.78583,20,653.058181
6.247029,15,653.977936
6.186469,16,655.112484
2.31055,18,656.280164
7.7596,19,657.616972
5.420555,16,658.784101
4.431198,13,659.515831
5.290694,14,660.358289
7.084234,19,661.494286
6.084245,15,662.449589
6.44733,17,663.767579
1.901241,18,664.865222
5.094596,13,665.865909
5.669079,16,666.89066
5.687224,15,667.847613
2.194533,17,668.91335
6.516276,15,669.895847
7.373378,19,671.069761
5.638736,15,672.069324
5.658061,14,672.903189
6.017842,15,673.949906
4.944906,13,674.741709
6.371226,17,675.685745
0.889862,15,676.681432
4.648672,13,677.495364
7.430238,19,678.53458
1.408714,16,679.459316
6.387586,16,680.468423
6.040241,16,681.511959
0.960566,15,682.486899
5.811327,15,683.529414
2.3311,18,684.730209
5.687319,15,685.857339
6.021094,17,687.173441
4.848375,14,688.16853
6.194657,17,689.231932
6.172366,16,690.275432
6.135452,17,691.361973
6.272761,16,692.267047
6.943958,17,693.340218
5.502842,15,694.261677
7.143821,19,695.30225
5.40137,14,696.203954
4.368374,14,697.160001
6.645097,17,698.345038
5.854638,16,699.288495
4.97433,14,700.095555
5.601199,15,701.149266
4.261848,13,701.925505
5.472963,15,702.901415
5.148371,14,703.775628
6.612847,17,704.797606
7.163886,17,705.87613
6.164666,15,706.769106
6.215787,15,707.635952
5.656894,15,708.481477
6.063678,17,709.618335
6.608751,18,710.726652
5.08282,13,711.410071
7.163841,16,712.388926
5.479152,14,713.183753
5.548792,15,714.237159
5.939889,16,715.346642
2.830711,20,716.617419
5.419737,14,717.440563
6.903252,19,718.597476
1.875931,17,719.70005
6.115546,15,720.680502
6.255949,16,721.652656
6.620678,19,722.818028
2.966676,19,724.034201
6.451562,18,725.304756
6.837559,18,726.575934
4.534196,13,727.412572
6.364366,16,728.535691
7.618869,20,729.940816
5.697923,15,731.051085
6.595107,17,732.31228
4.875865,13,733.223702
6.525243,16,734.330849
6.673846,17,735.526967
1.456168,17,736.649948
5.844516,15,737.721754
7.222423,17,738.90552
4.859303,14,739.800192
5.077468,14,740.691313
5.764097,16,741.749826
6.830356,17,742.948529
6.856092,17,744.050728
6.325176,17,745.06601
5.617588,16,745.978775
5.537785,15,747.687328
0.519129,14,748.606253
4.879524,14,749.626126
5.988549,16,750.688023
1.669632,17,751.701831
1.520157,17,752.803031
1.32049,17,753.972738
7.063619,18,755.036091
5.61182,14,756.238229
6.488647,16,757.409619
6.047208,17,758.654903
5.958584,16,759.626682
1.286904,16,760.5406
7.819557,19,761.813489
7.369873,20,763.089555
4.307523,13,763.88701
7.220818,18,764.977016
4.693473,14,765.790176
4.497582,13,766.578926
5.89428,15,767.844175
5.855218,15,768.859812
1.479365,17,769.991888
5.587094,15,771.143754
5.637837,15,772.01187
5.453046,14,772.819828
5.005088,14,773.763853
5.882129,15,775.166086
7.226441,18,776.463982
5.198095,15,777.498784
6.1903,16,778.369876
5.659177,15,779.538726
7.35923,19,780.683254
2.079478,18,782.008561
4.851668,14,782.706476
6.327487,17,783.706383
5.03067,14,790.32955
1.472148,16,791.456955
6.435953,16,792.707517
4.958806,15,793.834397
4.360907,13,794.858349
6.256629,16,795.959892
5.967924,16,797.441355
5.021988,14,798.613599
5.228562,14,799.813717
6.252548,16,801.098184
7.343026,18,802.25957
6.10903,16,803.37418
1.139217,16,804.843588
6.388599,17,805.869363
3.215619,20,807.137737
6.291581,16,808.032287
5.067984,15,808.917087
5.413676,16,809.912023
4.968639,14,810.940214
5.105917,15,811.84899
5.082597,15,812.842398
5.518263,14,813.662834
6.769059,17,814.667066
2.992533,21,815.862123
7.173585,18,816.908921
6.652078,17,818.020146
6.576055,16,819.146935
2.355146,18,820.30294
6.283928,16,821.648167
5.590191,16,822.680089
5.996263,16,823.560863
6.31799,16,824.865112
3.791504,12,825.666253
5.748595,15,826.701597
6.478552,16,827.787796
6.117192,16,828.95093
5.923601,15,829.93197
7.15509,18,830.972625
5.503029,14,831.825197
6.19092,15,832.914694
4.756437,13,833.607547
6.212732,17,834.542662
6.768089,17,835.673661
5.858009,15,836.832399
5.869182,16,838.050377
6.487087,17,839.275881
5.81042,16,840.522309
6.018909,15,841.399293
5.637409,16,842.400493
6.673557,17,843.589876
6.26849,16,844.592558
6.793422,18,845.884718
6.423084,17,847.114761
6.706,17,848.39554
5.981961,15,849.530794
5.850121,15,850.455199
6.745308,16,851.325514
5.498184,15,852.484818
7.683881,20,853.72654
6.103497,17,854.845669
5.667443,17,855.783507
4.852515,14,856.883629
7.241467,18,858.063853
5.176896,14,858.81217
6.751302,18,860.097044
5.607143,15,861.068548
7.766654,20,862.319591
5.16284,14,863.20918
6.615319,16,864.174196
6.449161,17,865.095632
6.180474,16,866.21013
5.515706,15,867.356279
2.892517,18,868.548306
4.67539,14,869.355407
6.185855,16,870.406032
5.315608,15,871.36268
6.651068,18,872.6018
8.895377,23,874.144212
4.490616,13,874.952602
5.198603,14,875.872735
3.756321,12,876.572143
6.867448,18,877.704278
2.401194,18,878.779591
5.928457,15,879.719019
5.90842,16,880.650223
6.702322,17,881.69178
5.299029,13,882.519956
4.480694,12,883.296583
6.170949,15,884.194317
5.644366,14,885.025892
5.120545,14,885.884831
6.405268,17,886.849484
3.966306,12,887.634281
5.927557,16,888.665045
7.51223,19,889.918959
7.597043,21,891.21997
6.213157,17,892.274169
7.637644,18,893.467223
5.676765,15,894.420069
5.613844,16,895.401283
5.653898,15,896.274513
5.924665,16,897.2704
4.974067,15,898.410835
5.767255,15,899.29645
5.984245,17,900.432237
1.679402,18,901.497233
5.977104,15,902.627121
2.741875,18,903.660398
5.778553,15,904.789719
5.939636,15,905.747855
7.464171,18,906.876298
5.056608,14,907.79354
6.072272,16,908.8211
5.305752,15,909.710207
5.222663,14,910.676314
2.504527,19,911.968535
2.963692,19,913.548636
6.687386,16,914.618508
1.625632,16,915.586996
5.82007,15,916.409254
5.992593,16,917.21675
5.773179,16,918.104071
6.194853,16,919.059875
6.618564,17,920.212067
2.175466,18,921.363109
7.074284,18,922.494552
0.809642,16,923.791312
4.279021,13,924.47263
5.570439,14,931.393067
4.865943,14,932.264822
5.954912,17,933.354384
6.263402,16,934.293415
8.108768,20,935.609749
5.688612,16,936.582767
6.754217,18,937.908812
4.08573,13,938.97328
6.605462,18,940.104867
6.168455,16,940.998399
5.80356,16,942.095581
5.197476,14,943.216165
6.584274,17,944.460535
7.064254,18,945.836211
5.047712,15,946.907784
4.934315,15,947.96486
6.736073,17,949.078405
6.791012,18,950.331353
6.489591,18,951.791198
5.789562,15,953.032727
5.057741,14,954.113987
5.181545,15,955.009687
1.752542,17,955.935041
6.843403,17,957.141604
5.709994,16,958.195634
5.523671,15,959.076125
6.267948,16,960.49401
5.947498,15,961.64079
7.423504,21,962.922704
6.597206,18,963.944104
5.174177,14,964.797048
5.445081,15,965.783472
6.979994,18,967.023477
7.122765,18,968.212202
1.90149,18,969.498025
7.418342,18,970.842489
4.862362,13,971.769685
7.454471,19,972.988759
6.039193,17,973.96262
4.174033,13,974.785967
5.648017,17,975.76752
6.207924,17,976.719293
5.335166,15,977.724044
5.484877,15,978.481933
5.919305,16,979.631043
8.034742,21,980.845632
7.420029,20,982.066582
4.835327,14,982.888562
6.390754,17,984.118699
6.933024,20,985.227963
4.822239,14,986.148165
5.266575,14,987.198048
2.600743,20,988.473846
6.655421,18,989.610195
5.10721,15,990.670063
5.2216,15,991.660024
5.973155,16,992.659921
5.970845,17,993.694767
5.376607,15,994.599632
6.160903,16,995.880043
5.498725,15,997.083542
6.187925,17,998.383366
5.961448,16,999.292601
5.0611,16,1000.487013
6.837037,20,1001.784643
6.660396,18,1003.51427
2.013835,16,1004.433438
4.998561,15,1005.464722
5.533972,15,1006.357679
6.921295,19,1007.637881
6.658935,18,1008.730487
6.993875,18,1010.132624
3.955853,12,1011.324645
6.60368,17,1012.350744
2.75102,20,1013.537011
1.408541,17,1014.636316
7.530575,17,1015.817436
5.01034,14,1016.713554
6.109967,17,1017.793164
6.134785,15,1018.79097
7.062711,18,1019.920431
7.275191,20,1021.251822
6.533546,19,1022.562562
5.686472,16,1023.694511
6.644246,19,1025.06804
4.249559,13,1025.823114
5.99007,17,1026.766511
6.276437,18,1028.2386
5.786574,17,1029.565279
6.251873,17,1030.760707
5.725976,15,1031.65628
2.125657,17,1032.78843
6.23061,17,1033.904473
6.204031,18,1035.213188
5.806164,16,1036.864813
6.937192,18,1038.206411
5.502605,16,1039.240807
5.637207,16,1040.212657
6.719536,17,1041.192991
6.941001,19,1042.477956
6.966079,18,1043.750523
6.209691,17,1044.932623
6.07131,16,1045.852142
6.122273,17,1046.943377
5.766432,16,1048.012822
6.503656,17,1049.231102
5.599567,16,1050.30781
6.853733,19,1051.487118
6.435528,18,1052.673528
8.334768,20,1053.664443
8.20385,23,1055.122864
7.250447,20,1056.426201
8.124237,22,1057.818978
5.88473,15,1058.785643
5.505591,16,1059.791083
8.146702,20,1060.920032
6.022761,16,1062.209686
6.721773,18,1063.53785
7.287692,21,1064.744572
7.126969,19,1066.013626
5.468778,15,1066.811778
6.960691,18,1073.853053
7.834284,23,1075.523783
5.955,16,1076.375913
6.826902,17,1077.713235
7.137829,20,1079.06715
5.982684,16,1080.141612
7.521956,22,1081.717788
3.855587,13,1082.724445
2.360573,18,1083.763239
6.39586,17,1084.990751
6.421103,18,1086.38397
8.227407,26,1087.994713
7.088905,20,1089.252898
6.403261,18,1090.792959
6.156368,16,1091.978081
5.435564,15,1093.203151
1.77183,20,1094.664092
5.636542,16,1095.982127
7.106333,22,1097.549695
6.942587,18,1098.914863
6.334837,17,1100.079737
6.317865,18,1101.090831
5.629047,16,1102.284743
5.577989,16,1103.332438
5.656662,16,1104.441848
6.23777,18,1105.656458
5.084067,14,1106.770184
5.031963,15,1107.906948
6.697691,19,1108.872921
5.846091,17,1110.024882
7.907889,22,1111.50361
4.627678,13,1112.123413
5.526559,16,1113.308341
7.383633,23,1114.751547
6.725926,18,1115.893757
6.174234,17,1117.214141
6.126669,17,1118.741107
6.474117,18,1119.810592
4.368754,14,1120.503558
5.601297,15,1121.525431
5.027437,15,1122.403532
7.170941,20,1123.542395
6.332098,17,1124.660718
6.693051,17,1125.857627
7.191865,18,1127.377968
2.640221,19,1128.687201
5.913081,16,1129.818627
2.366914,20,1131.103392
5.701964,15,1132.105977
5.969682,16,1133.323107
6.912838,20,1134.92097
6.539829,17,1136.009971
6.311367,18,1136.921382
6.709189,17,1137.832205
5.297931,16,1138.796607
6.377505,17,1139.874815
6.279727,17,1141.635261
6.268323,18,1143.354627
8.518184,21,1144.617602
5.667543,17,1145.567574
5.525226,17,1146.77894
6.768566,18,1147.841918
6.460247,18,1149.31511
5.597241,15,1150.73764
6.530721,17,1152.126951
3.959494,12,1152.850601
6.875649,19,1154.033859
6.939866,18,1155.115082
5.913926,18,1156.17535
6.066826,17,1157.417165
2.800253,22,1159.227613
5.586743,16,1160.563793
1.489757,18,1161.881665
6.334606,17,1163.002969
6.473019,18,1164.028336
5.596277,16,1165.544941
4.697436,14,1166.407248
6.881263,20,1167.755802
5.531731,15,1168.793214
5.564652,16,1169.836157
7.643494,22,1171.168437
7.682831,20,1172.278594
4.497635,14,1173.026251
5.746474,15,1174.067653
6.7332,18,1175.477313
6.209323,17,1176.57533
4.323841,13,1177.664756
4.33403,13,1179.190538
5.109012,14,1180.140622
2.550424,20,1181.248023
0.378905,16,1182.346367
5.533329,14,1183.178983
6.140788,17,1184.11959
5.791616,16,1185.220395
5.353237,15,1186.037687
7.143013,18,1187.116576
4.579261,14,1187.937832
6.623236,17,1189.05356
5.853022,16,1190.244114
5.4094,16,1191.716893
7.049206,18,1193.949959
5.668769,17,1194.959245
5.332341,15,1195.702997
6.994409,19,1196.840677
5.691078,16,1197.933574
6.450377,19,1199.125776
7.147188,19,1201.113378
4.183072,13,1202.002687
5.589746,16,1203.049424
5.777368,16,1203.855555
6.205972,18,1205.007309
5.962022,18,1206.243228
5.700314,16,1207.762544
5.778044,15,1209.055322
7.103709,20,1210.277826
5.939306,16,1211.438592
4.455872,13,1212.32538
5.565477,15,1213.26591
4.978837,16,1214.102537
5.311836,15,1215.079515
1.635353,16,1222.360169
6.514199,17,1223.527053
7.294965,20,1225.06546
6.926431,19,1226.296444
7.871083,22,1227.689806
6.512991,19,1228.94808
6.573602,19,1230.236814
5.12348,15,1231.054023
4.653772,14,1232.082724
7.860475,21,1233.54818
7.761108,22,1235.148973
6.50939,19,1236.492772
7.585802,21,1238.311087
6.172908,18,1239.346756
7.070365,18,1240.49298
7.322209,20,1241.680806
6.668279,18,1243.032012
5.010336,14,1243.914252
5.732957,16,1244.87327
6.156834,19,1246.277612
5.026,16,1247.34789
6.91255,19,1248.52928
7.884606,20,1249.785756
7.494073,20,1251.11478
8.24033,23,1252.694869
6.980094,20,1254.167837
6.512805,18,1255.618801
5.559472,15,1256.476202
7.031555,19,1257.753398
6.331078,17,1258.833079
6.276131,18,1259.776761
6.319751,18,1261.005267
5.661603,17,1262.205026
8.041173,21,1263.722995
5.966873,17,1264.808867
5.73984,17,1265.910819
7.456005,21,1267.215429
5.889811,17,1268.269547
7.257891,19,1269.922785
4.93038,15,1271.807055
1.5917,18,1273.037745
6.523022,18,1274.047738
6.636532,19,1275.057796
8.089695,22,1276.41559
6.678916,18,1277.502347
6.277487,17,1279.250841
7.655077,22,1280.601827
5.642401,17,1281.538253
5.443665,17,1282.501735
5.677304,17,1283.475887
7.191305,19,1284.787949
7.447057,19,1285.876712
6.713149,19,1287.010706
8.653077,29,1289.104244
7.751557,22,1290.721425
6.612757,20,1291.892983
7.724062,20,1293.214787
6.062153,17,1294.1894
3.908255,13,1295.086923
6.581694,18,1296.544617
6.825997,20,1298.036938
5.825209,16,1299.472253
6.663387,19,1300.566716
6.291238,20,1302.029753
6.169871,18,1303.246193
1.289527,17,1304.430733
7.297692,20,1305.632259
6.128464,18,1307.040031
8.453815,21,1308.511151
7.008917,19,1309.838016
6.514128,20,1311.266622
6.041279,18,1312.802908
1.794958,21,1314.417237
6.030975,18,1315.982698
8.232405,23,1317.361976
7.044665,21,1318.800459
8.173391,23,1320.131822
8.408831,25,1321.61395
6.527183,19,1322.925591
6.81794,20,1324.127057
6.699174,17,1325.462118
6.33693,18,1326.548336
6.324017,18,1327.709726
6.390853,18,1328.931319
4.888459,15,1329.765141
1.741652,19,1330.820183
7.486062,21,1332.266269
6.318747,17,1333.32385
7.319718,19,1334.288435
4.755966,15,1335.265532
2.391174,19,1336.381923
6.446647,18,1337.493533
6.168182,18,1338.894034
5.902561,17,1340.342908
6.257789,20,1341.929396
6.285673,17,1343.232191
7.372883,19,1344.423301
6.184313,18,1345.516411
6.106952,17,1346.582647
4.887349,15,1348.584608
6.589211,19,1350.676574
7.971827,22,1352.023034
6.964528,18,1353.300048
7.642001,24,1354.955312
8.441123,24,1357.21519
6.217843,17,1359.144375
6.519969,18,1360.341627
2.957982,23,1361.743441
5.758634,18,1362.8486
4.121878,13,1369.730678
1.220285,18,1370.712404
4.724173,15,1371.656717
6.515711,18,1373.168169
5.328024,15,1374.467506
6.585904,20,1375.768016
7.904055,23,1377.225731
6.494265,20,1378.485687
6.419994,18,1379.656037
7.218252,19,1381.017228
6.915652,18,1382.187032
5.403093,15,1383.271162
7.096046,18,1384.474517
7.08186,20,1385.613624
6.007275,17,1386.662251
6.529263,18,1387.842646
5.664604,17,1389.061861
5.825755,17,1390.228481
5.415861,16,1391.423304
6.972424,18,1393.03785
5.760999,16,1393.923182
5.648454,16,1394.980045
7.12303,20,1396.331512
7.143424,20,1397.576363
7.444522,20,1399.069615
6.096337,18,1400.58465
6.190358,18,1401.922524
6.733132,20,1403.268261
6.719582,17,1404.391913
5.263562,16,1405.380007
2.306323,20,1406.793387
6.654568,19,1408.465662
8.972951,25,1410.186002
5.402271,16,1411.215631
4.954272,16,1412.158553
7.235373,20,1413.695236
6.803578,21,1415.311774
7.252534,24,1417.232043
6.979877,21,1419.191834
1.752226,19,1420.45238
6.702326,21,1421.837202
3.253179,22,1423.539924
7.927241,24,1425.219896
6.170123,18,1427.009709
5.67597,18,1428.354288
5.57052,17,1429.449802
7.686783,23,1430.896883
8.070924,23,1432.198046
7.575837,21,1433.499515
6.908692,19,1435.330701
8.032059,22,1436.729578
6.333692,16,1437.861895
6.172875,18,1439.027891
7.130138,22,1440.595879
7.858685,23,1442.248817
0.646664,16,1443.118985
5.376387,16,1444.144397
4.914765,15,1445.054192
5.263383,16,1446.020483
1.98523,21,1447.948812
5.049109,15,1448.957825
5.692842,16,1450.064998
6.711508,20,1451.197561
4.683719,15,1452.120617
6.241588,18,1453.374762
7.157594,20,1454.987182
5.222516,16,1456.616225
3.584754,13,1457.562699
7.30597,22,1459.100203
7.328736,20,1460.314278
6.314498,19,1461.653839
6.263101,18,1462.801886
4.482838,14,1463.882533
7.219313,19,1465.449899
5.933918,17,1466.440596
7.581077,22,1467.676489
6.649947,18,1468.832382
6.846149,20,1470.082423
5.504239,16,1471.101322
5.147855,16,1472.279181
5.400236,15,1473.208757
6.682128,19,1474.333189
6.708071,18,1475.510719
5.980498,17,1476.792852
8.494013,28,1478.402864
6.735747,21,1480.101501
6.347155,20,1481.975953
7.743291,22,1483.421514
6.442003,17,1484.543625
4.036794,14,1485.329557
5.98848,17,1486.213259
6.178063,17,1487.125449
6.790955,19,1488.384701
5.481065,16,1489.900826
6.928071,23,1491.08458
6.375437,18,1492.171624
7.454217,23,1493.639066
5.125556,16,1494.587905
8.932626,28,1496.444731
5.600081,16,1497.365121
7.51067,21,1498.718723
8.508427,21,1499.826463
5.568106,16,1500.976878
5.783291,16,1502.153007
6.572478,18,1503.205142
6.122107,17,1504.443636
6.884527,18,1505.548302
6.02017,18,1506.624771
2.487991,22,1508.004156
6.947214,21,1509.83798
5.907978,17,1517.655056
6.532059,17,1518.921071
6.478761,18,1519.930615
6.60962,19,1520.958035
7.410226,21,1522.527269
1.896711,20,1523.69862
4.643536,15,1524.581303
7.158375,19,1525.792392
8.151513,22,1527.476244
6.334333,18,1528.555081
6.310855,18,1529.583588
7.007344,20,1530.923706
8.156913,25,1532.329391
5.199125,17,1533.40739
5.702027,16,1534.411677
7.642666,22,1535.676657
8.586719,23,1537.077097
7.249504,22,1538.454044
6.573576,18,1539.816405
7.674956,25,1541.438459
7.274873,23,1542.798339
6.732671,19,1543.981831
6.156044,17,1545.033682
4.653286,15,1546.004908
7.675513,23,1547.519191
7.162317,20,1548.962742
8.388629,23,1550.390867
6.842568,20,1552.268028
4.673531,14,1553.301244
5.647598,16,1554.498277
5.920258,17,1555.689663
7.283314,20,1556.993032
6.242678,20,1558.346931
6.875874,20,1559.487371
5.470827,17,1560.554014
6.087663,16,1561.533017
5.376906,17,1562.681561
7.729467,22,1564.006555
7.031867,21,1565.380997
5.97893,17,1566.372176
6.781,21,1567.826283
5.12963,16,1568.955403
6.868011,20,1570.211573
7.783714,22,1571.649252
5.899073,17,1572.710021
5.980395,19,1574.091426
5.374984,17,1575.156687
6.551896,18,1576.208597
6.820283,19,1577.350541
2.743597,20,1578.805853
6.226929,19,1579.934197
7.425721,23,1581.447433
7.805057,24,1582.804438
6.184301,18,1584.026563
5.828927,16,1585.118698
5.712877,17,1586.215087
7.353159,20,1587.436731
4.800044,16,1588.425303
5.827115,16,1589.462236
6.773356,21,1590.736192
4.23107,14,1591.63644
6.585893,18,1592.740377
5.953698,18,1593.872724
5.973467,18,1595.477828
5.370768,18,1596.756935
5.879271,18,1597.696244
6.872365,19,1598.799675
5.054686,16,1599.838516
7.119276,20,1601.287074
8.077703,24,1603.792909
4.506723,14,1605.208797
4.689435,14,1606.001652
7.665347,23,1607.22031
7.4284,20,1608.483965
-26.319348,176,1619.710172
5.749207,18,1621.065092
6.604566,18,1622.170163
-33.863926,176,1632.647234
1.795268,19,1633.987156
6.885815,19,1635.074016
5.718316,18,1636.244933
6.785166,20,1637.651611
4.77383,15,1638.547954
6.28571,18,1639.873769
8.602475,24,1641.193822
5.92977,17,1642.177644
5.145,15,1643.095685
6.264931,20,1644.472699
6.2714,18,1645.514195
6.99214,19,1646.596818
6.006952,18,1647.514716
8.340475,28,1655.160462
5.091132,16,1656.054376
7.696775,22,1657.521384
5.909891,18,1658.683632
6.205004,20,1660.015391
6.577807,22,1662.120252
3.659602,23,1663.508814
7.518541,22,1665.00051
4.303078,14,1665.924646
5.902853,17,1666.995665
7.497645,20,1668.501816
5.61088,16,1669.545649
7.037437,26,1671.227549
7.455736,22,1672.551101
6.956526,20,1673.85311
5.283975,16,1675.069685
-33.33198,176,1685.938733
5.605851,17,1687.109107
6.339239,20,1688.591326
7.583157,24,1690.408103
6.704257,20,1691.747464
6.28057,17,1693.008333
7.004692,20,1694.238713
8.100681,26,1696.031454
6.169067,19,1697.164276
6.630528,19,1698.466439
8.012754,26,1700.006927
7.201586,21,1701.355858
5.402087,16,1702.332654
7.822121,23,1703.82084
8.276148,26,1705.295835
6.819061,20,1706.441829
5.263305,17,1707.67876
8.34898,24,1709.095948
4.622812,14,1709.948319
6.655644,20,1711.649862
2.252001,20,1713.30507
6.194573,18,1714.395546
7.114527,19,1715.583989
6.061273,18,1716.657444
5.865225,15,1717.57481
8.480613,24,1719.035029
7.3877,22,1720.213412
4.485226,16,1721.411698
6.635981,20,1722.705723
-33.535508,176,1734.002126
6.494909,19,1735.18317
5.680042,18,1736.44362
6.872109,20,1737.883872
6.386274,19,1739.102994
7.052891,20,1740.3066
6.805193,20,1741.356437
6.675113,20,1742.633866
6.004913,19,1743.68884
1.64345,21,1745.092927
7.971008,26,1746.510696
7.417703,22,1747.999027
5.904193,19,1749.241357
6.844887,20,1750.448112
2.560819,22,1751.906965
7.28204,21,1753.69958
5.180207,16,1754.783478
7.58871,23,1756.192692
6.550603,19,1757.329282
7.182331,22,1758.618814
6.65919,21,1759.843159
4.500794,15,1760.868476
5.689707,17,1762.38766
4.586063,15,1763.290162
5.675963,17,1764.322334
6.853693,20,1765.564815
2.075738,23,1766.943683
5.867995,17,1768.0765
6.864723,21,1769.232538
8.083584,23,1770.554893
8.371365,28,1772.375601
7.181815,26,1773.928192
5.826577,17,1775.077796
5.646527,18,1776.208684
5.496123,16,1777.1507
8.989751,30,1778.945626
7.917864,24,1780.639529
8.312649,27,1782.468029
2.552049,22,1784.058636
6.276967,18,1785.266488
6.46913,20,1786.694005
6.904397,20,1794.064132
5.650759,17,1795.384631
2.404263,23,1797.234031
7.056554,21,1798.861172
5.171194,16,1799.958007
6.094312,20,1801.30303
7.67267,26,1802.889539
7.846659,23,1804.522652
7.468876,23,1806.038249
7.788354,23,1807.596893
5.082458,16,1808.796997
7.105566,20,1810.03677
6.399796,21,1811.31857
6.44637,19,1812.43786
7.770865,23,1813.779622
4.003072,14,1814.637684
-27.131593,176,1824.249845
7.888908,25,1825.748114
8.512705,34,1827.811768
6.428544,19,1828.93622
7.892955,24,1830.460476
6.452475,19,1831.578832
5.330254,16,1832.578429
6.947224,23,1834.006514
7.316312,24,1835.426203
7.732694,21,1836.68232
4.593866,14,1837.531791
5.935164,19,1838.688522
6.849461,19,1839.93692
7.247394,25,1841.449826
8.737204,27,1843.308239
6.27903,21,1844.597025
6.940701,22,1845.83463
5.562849,18,1847.080138
7.172135,22,1848.410161
7.931362,24,1849.999437
7.97029,22,1851.69585
2.820037,23,1853.136779
7.673627,22,1854.715759
8.188353,27,1856.327322
6.542045,20,1857.335749
6.187177,20,1859.107715
7.970567,23,1860.447618
6.936426,20,1861.662671
7.490543,23,1863.138844
5.788049,18,1864.377942
7.060331,21,1865.667745
7.354732,21,1867.536056
-28.533061,176,1878.357138
8.267576,26,1879.96951
7.209392,21,1881.342259
8.070593,25,1882.953445
7.185123,21,1884.197795
5.418249,17,1885.353652
9.535402,29,1887.338321
1.665964,18,1888.390175
8.342631,22,1890.410638
7.658944,24,1891.899986
8.644147,26,1893.463401
5.00059,17,1894.400167
7.240027,22,1895.943804
5.266774,16,1897.110688
5.650627,17,1898.129428
7.493119,29,1900.061084
6.653983,20,1901.418973
8.142768,25,1902.84908
9.600136,31,1905.432827
7.067489,21,1906.610754
7.467958,22,1908.07203
7.851888,23,1909.415821
6.553787,22,1910.84222
6.916281,21,1912.510954
8.044746,24,1914.208616
7.631551,26,1915.937112
7.105014,21,1917.400807
8.889628,27,1918.971604
7.019873,25,1920.88381
6.360625,20,1922.262132
2.153278,20,1923.413864
8.937619,30,1925.076463
3.999766,13,1931.913189
7.375268,24,1933.327394
6.050533,19,1934.463288
8.260016,27,1936.017783
5.583716,17,1936.928754
-32.346188,176,1948.057624
7.415903,23,1949.288659
6.757823,22,1950.902101
5.54412,20,1952.137759
6.891705,21,1953.537794
5.427149,19,1954.91589
8.858403,28,1957.000958
7.989263,24,1958.298094
6.025141,19,1959.734232
7.022281,21,1960.928687
8.603378,30,1962.860368
6.633285,20,1964.109048
5.867036,19,1965.224006
8.128058,28,1966.983246
7.665358,25,1968.59837
5.5787,17,1969.671748
6.646688,21,1970.989424
7.067785,24,1972.235533
4.849463,16,1973.316169
7.640809,25,1975.169189
6.258126,19,1976.376155
6.578712,20,1977.885512
8.754484,32,1980.011685
8.113108,23,1981.960771
2.169471,22,1983.142424
5.966908,19,1984.429723
6.401574,19,1985.779523
9.020083,26,1987.504514
7.928097,28,1989.59926
6.666656,21,1990.774815
5.87145,18,1991.7264
6.822426,21,1993.066128
7.133943,22,1994.646879
4.952932,16,1995.871555
7.700482,22,1997.490867
6.354349,21,1998.910164
5.283835,18,2000.112767
5.807241,18,2001.42042
5.324599,16,2002.622511
8.705972,29,2004.745853
6.812648,19,2006.087526
7.205246,24,2007.702955
1.754877,20,2009.007793
5.99105,18,2010.205732
8.840588,26,2011.776772
6.921039,23,2013.336334
6.749546,22,2014.642991
5.554593,18,2015.774836
8.276177,30,2017.6418
6.796024,20,2018.823008
7.855678,23,2020.257601
7.6408,23,2021.748566
9.177849,33,2023.960435
6.029778,19,2025.009191
8.136607,25,2026.390897
6.70141,20,2027.824846
6.983221,21,2029.02861
5.039444,17,2030.175744
4.555315,14,2031.100006
5.205134,17,2032.345469
6.356692,17,2033.365127
4.44283,14,2034.289752
-26.169855,176,2044.713401
-26.904754,176,2055.156041
6.855779,21,2056.350834
8.065312,26,2058.027222
5.847214,16,2059.273406
6.386384,17,2060.594624
8.290507,26,2062.201107
9.142226,31,2070.100925
8.698793,28,2071.892543
8.457721,25,2073.384707
5.760353,17,2074.830586
6.388742,22,2076.505633
8.700398,30,2078.530466
6.293034,19,2079.693681
8.974463,34,2082.241326
5.858164,20,2083.53989
6.102917,18,2084.776135
6.947969,21,2085.963278
7.341701,22,2087.220786
5.747668,19,2088.401435
-19.798878,176,2099.547687
6.83905,21,2100.772562
8.366259,28,2102.562943
8.577747,25,2103.94758
5.953409,20,2105.358573
7.452546,23,2107.623914
7.617847,25,2109.119397
7.331652,24,2110.426076
7.518139,22,2111.660768
6.562392,23,2113.189465
5.481108,17,2114.349176
7.972459,26,2116.016194
6.153694,19,2117.084367
8.570375,25,2118.441981
8.553037,30,2120.118018
7.49308,24,2121.76361
7.827572,23,2123.127965
4.006482,14,2123.988795
6.420596,19,2125.078129
2.967783,26,2126.765788
5.278876,17,2127.851588
7.216318,21,2129.126364
6.123704,18,2130.6656
7.56105,25,2132.188607
7.137378,23,2133.637267
7.792877,21,2134.961333
7.330717,22,2136.427261
7.68595,26,2138.101688
7.237987,27,2140.008573
5.769884,17,2141.197138
6.446584,20,2142.462399
6.49663,19,2143.815586
-22.766727,176,2154.518487
7.49366,24,2155.770612
6.130815,18,2156.990777
6.812904,24,2158.581163
7.130488,21,2159.872882
6.83225,20,2161.661481
7.531629,24,2163.161726
7.088934,20,2164.404632
6.78801,20,2165.605171
7.620991,23,2167.463352
7.503295,24,2169.305658
3.187153,24,2170.771285
6.49401,21,2172.15347
7.958927,28,2173.784803
8.027795,24,2175.44596
-25.088618,176,2186.209137
7.023912,21,2187.641417
4.919439,15,2188.530352
7.171382,22,2189.881607
2.345348,21,2191.255205
7.778435,23,2193.097383
9.205584,30,2194.741241
6.189383,19,2195.89473
8.906469,32,2197.941518
6.686262,21,2199.532213
7.929451,26,2207.01523
7.62103,24,2208.5498
4.783126,15,2209.389957
7.109528,22,2210.871922
5.104846,16,2211.952665
-24.832037,176,2222.995405
7.684469,24,2224.729335
6.559835,20,2225.969656
7.29549,20,2227.159936
7.601423,23,2228.8494
8.541031,27,2230.735708
4.65105,28,2232.933378
7.879217,30,2235.505085
5.44696,16,2236.60085
7.597486,23,2237.939275
5.779674,19,2239.070791
7.533744,24,2240.504318
-23.987669,176,2251.891412
6.628288,19,2252.975831
-25.437789,176,2265.282476
6.574782,23,2266.772048
1.297927,19,2267.745382
6.404886,21,2268.751561
5.313561,17,2269.780422
7.481078,23,2271.288553
7.243877,24,2273.104044
7.23078,24,2274.704091
6.899629,22,2276.281679
7.523411,24,2277.914224
4.511605,16,2278.988006
7.928704,27,2280.68759
8.603071,30,2282.256041
6.318097,21,2283.462283
5.371421,16,2284.422065
6.587613,20,2285.623322
5.959132,18,2286.643087
7.280982,20,2287.440134
5.575499,16,2287.967767
8.113745,34,2289.210708
8.051606,27,2290.546312
7.885095,24,2291.924183
6.054775,18,2292.872754
4.710717,15,2293.599245
5.763765,18,2294.515923
6.539607,18,2295.305173
4.349949,15,2295.980954
6.446849,20,2296.796925
6.058347,18,2297.54656
7.795655,25,2298.584259
8.209484,24,2299.593035
5.678691,18,2300.343854
5.552245,18,2301.114105
5.972885,19,2301.872513
5.279832,17,2302.51816
-26.378378,176,2308.576631
0.713158,19,2309.217585
5.914734,19,2309.918768
-22.109548,176,2315.799358
6.940967,23,2316.565928
5.459407,17,2317.146956
1.532604,19,2323.613789
7.159248,22,2324.389116
7.525034,23,2325.160012
-20.270995,176,2330.843033
8.214617,26,2331.733805
8.120622,26,2332.62292
7.242756,21,2333.351653
7.964671,25,2334.225138
-21.95354,176,2340.089119
8.757705,26,2340.977765
7.840124,24,2341.790855
-19.738075,176,2347.518354
7.83635,25,2348.375923
7.971395,22,2349.126482
7.884735,24,2349.964811
5.838076,18,2350.565169
7.208269,20,2351.23687
7.267924,22,2351.980125
5.132651,17,2352.578268
6.867811,20,2353.275124
8.899501,30,2354.310297
6.797388,19,2354.951917
7.216012,23,2355.718466
6.610402,20,2356.415897
2.918034,26,2357.326232
5.635886,19,2357.97805
7.702438,26,2358.871133
6.742472,21,2359.602705
5.749478,20,2360.302935
6.817664,22,2361.069768
7.611939,26,2361.9602
7.341897,22,2362.726839
5.069873,16,2363.258944
2.180293,23,2364.019018
7.897133,22,2364.763395
8.785352,27,2365.664683
4.882822,15,2366.150434
6.711328,20,2366.809597
7.143227,25,2367.651218
6.523167,20,2368.326059
8.236141,24,2369.134646
7.303464,21,2369.844498
6.754012,21,2370.553646
7.735623,23,2371.329686
7.696577,24,2372.141782
5.706594,18,2372.750371
8.463838,30,2373.738543
3.081076,24,2374.535572
6.247872,17,2375.101457
6.937198,20,2375.772391
6.633578,20,2376.445668
7.168323,21,2377.170897
6.385076,19,2377.818423
6.02204,20,2378.519905
8.34659,29,2379.531759
7.166211,20,2380.223498
8.143925,25,2381.059507
6.196068,17,2381.64264
7.960466,27,2382.515028
1.952369,20,2383.191525
8.161241,26,2384.072468
6.056121,18,2384.654521
6.963425,19,2385.275989
7.16328,23,2386.06774
5.744711,17,2386.634542
7.255642,21,2387.349861
8.03405,30,2388.346202
7.077844,21,2389.059775
9.070664,30,2390.071685
8.594473,28,2391.021101
7.397268,22,2391.752224
5.553585,17,2397.981466
5.804696,19,2398.607737
6.071343,18,2399.242603
6.330421,19,2399.882045
5.592829,17,2400.44434
7.194851,21,2401.181969
7.398526,22,2401.935323
7.660025,22,2402.68281
7.288996,20,2403.367776
8.780911,27,2404.262093
7.154932,20,2404.953147
7.390966,20,2405.647932
9.528631,29,2406.661068
6.461506,18,2407.278053
2.245776,20,2407.949229
6.135048,18,2408.561497
7.412026,21,2409.289207
6.255291,20,2409.971967
6.148204,19,2410.6039
5.689768,17,2411.184105
7.369717,20,2411.853219
6.598864,19,2412.478602
6.897168,20,2413.184116
5.477712,19,2413.840263
7.475342,24,2414.659424
6.939993,21,2415.379569
6.331577,17,2415.975052
6.908392,22,2416.716753
8.310347,25,2417.596238
6.548968,18,2418.227587
8.573467,25,2419.069055
6.858226,20,2419.73955
7.558697,24,2420.549201
6.776191,20,2421.210807
7.993112,24,2422.00677
7.613208,24,2422.808043
7.896113,21,2423.513695
5.716412,16,2424.058483
8.49404,26,2424.920699
7.990653,23,2425.680582
6.426994,19,2426.314171
5.567801,17,2426.900453
8.199314,26,2427.803876
7.020867,21,2428.527383
6.868794,21,2429.242245
6.218714,17,2429.832008
5.861924,17,2430.435041
5.027117,16,2430.995804
2.084905,21,2431.71486
8.27187,27,2432.606828
5.775939,19,2433.286961
4.938595,16,2433.824211
6.988869,21,2434.558939
6.265129,19,2435.201287
7.000082,21,2435.928236
8.277655,26,2436.798239
8.107218,27,2437.707393
7.066905,21,2438.453757
7.154881,20,2439.149904
7.631755,24,2439.949673
1.578531,18,2440.565664
6.118977,18,2441.17351
1.981175,21,2441.891382
8.62318,37,2443.123352
8.167324,23,2443.878834
8.038186,28,2444.80009
6.181037,19,2445.440879
6.483653,19,2446.090388
3.704394,25,2446.930826
7.877468,22,2447.640498
6.430972,18,2448.240793
7.134941,23,2449.007991
5.789867,17,2449.587369
8.411742,34,2450.688145
6.54359,19,2451.307038
6.353373,19,2451.935458
5.942672,18,2452.53835
6.579907,20,2453.224598
6.27265,19,2453.869812
7.881578,27,2454.792042
3.930333,27,2455.735387
6.83253,20,2456.426527
7.48986,22,2457.160914
6.024937,17,2457.748306
6.087503,18,2458.339287
4.327921,14,2458.815114
7.566455,23,2459.581463
5.522745,17,2460.160079
6.193376,19,2460.767972
6.590742,19,2461.376715
6.10223,17,2461.986537
8.025391,26,2462.875693
6.273806,18,2463.507699
5.161854,16,2464.05025
6.044057,19,2464.691312
6.102893,19,2465.353895
7.0883,22,2466.116426
8.445283,26,2466.985273
6.368672,18,2473.109879
7.886957,23,2473.900537
5.374861,16,2474.435556
6.174772,18,2475.006138
7.578151,23,2475.792118
1.708733,20,2476.466528
8.149022,24,2477.238201
3.098216,24,2478.097792
5.577103,18,2478.719947
6.906515,20,2479.417182
7.426529,21,2480.130688
6.854509,20,2480.830801
4.576449,16,2481.397576
6.443853,17,2482.006618
6.184462,17,2482.60636
3.713647,26,2483.483403
5.367712,17,2484.055658
7.657598,23,2484.815303
6.875621,21,2485.523326
5.802223,17,2486.075528
6.118418,18,2486.68471
7.814189,22,2487.446798
8.241318,20,2488.129403
6.849379,20,2488.818844
7.547222,22,2489.552915
7.477752,22,2490.285168
8.371613,24,2491.051377
6.736941,17,2491.637017
4.112186,13,2492.10352
7.08356,21,2492.836598
7.610314,21,2493.564985
6.175502,17,2494.16023
5.987012,18,2494.777133
6.375425,19,2495.418685
5.518723,16,2495.949062
7.033842,18,2496.559929
2.550953,20,2497.252912
6.238058,17,2497.832327
6.916952,20,2498.565812
-25.067789,176,2504.42802
5.597854,16,2505.002951
6.442788,19,2505.631197
6.974137,20,2506.300186
6.792653,18,2506.929662
6.232321,17,2507.51451
6.814027,22,2508.243469
7.087773,21,2508.986909
6.743854,18,2509.591136
8.379952,23,2510.385631
6.169986,18,2510.972057
7.062445,20,2511.651226
7.745677,26,2512.520325
6.682343,20,2513.184805
7.027935,21,2513.86445
5.330303,16,2514.376835
7.143838,20,2515.028213
7.13125,21,2515.756629
3.296705,25,2516.605154
3.943956,14,2517.069508
6.793201,21,2517.782817
5.963891,17,2518.34548
8.914121,28,2519.275748
8.41373,27,2520.192711
6.632108,18,2520.781188
5.877753,16,2521.333903
1.424728,18,2521.941438
6.238413,17,2522.519097
4.945122,15,2523.0093
5.869202,16,2523.555245
6.738064,20,2524.232127
8.258492,23,2524.9921
7.390244,21,2525.694667
6.756007,19,2526.333643
7.954506,23,2527.076414
6.643967,19,2527.727616
7.305373,20,2528.396537
7.959998,25,2529.233689
6.429246,19,2529.894816
6.708476,19,2530.489029
7.054117,21,2531.176659
8.299044,26,2532.033511
7.515745,23,2532.782222
7.809998,26,2533.625312
6.681473,20,2534.27465
1.249686,19,2534.90144
0.783516,16,2535.41464
6.212228,19,2536.035114
5.293404,16,2536.56472
4.550133,14,2537.017635
7.009781,19,2537.639616
6.900417,21,2538.319659
7.96599,26,2539.186504
5.787161,17,2539.755172
6.378922,18,2540.324564
5.301401,17,2540.887331
5.80404,17,2541.447104
5.797989,18,2547.546574
2.284648,20,2548.228639
7.496044,23,2548.971621
6.368895,19,2549.594083
6.254777,18,2550.186244
7.782496,22,2550.913743
6.4711,19,2551.553592
8.257079,26,2552.390159
6.514888,21,2553.095156
7.053963,20,2553.766912
8.323114,27,2554.665382
2.499703,22,2555.387765
5.962594,18,2555.993483
6.33642,17,2556.571867
7.37339,22,2557.243789
6.700059,20,2557.879174
5.534034,17,2558.454083
5.497266,16,2558.995663
6.064312,18,2559.58078
5.181627,16,2560.095562
5.947956,19,2560.687249
6.963687,22,2561.388834
5.907691,19,2562.00177
5.148394,15,2562.514438
4.848708,16,2563.036965
6.106497,18,2563.637922
7.795538,25,2564.459039
8.800655,25,2565.268036
7.322887,21,2565.938826
7.007938,20,2566.595896
5.407084,18,2567.152665
5.962179,17,2567.720848
6.732937,22,2568.436921
7.46958,22,2569.151613
6.089158,20,2569.808867
5.958278,18,2570.392339
5.848386,18,2570.986699
6.756613,19,2571.613853
5.188303,14,2572.097182
8.257792,26,2572.937953
7.84495,22,2573.6553
5.87881,18,2574.25652
7.43495,20,2574.915793
6.367542,19,2575.546991
6.328761,20,2576.20209
7.915776,27,2577.04699
5.652932,17,2577.618428
7.872569,24,2578.39318
7.239284,22,2579.093012
7.485522,19,2579.717616
6.343927,19,2580.331091
5.986604,17,2580.88928
5.193589,16,2581.414217
7.190343,22,2582.1492
7.074832,21,2582.839611
8.942908,23,2583.587952
7.614977,23,2584.337808
5.841837,17,2584.910611
7.552278,23,2585.672012
2.957164,24,2586.456241
5.981813,20,2587.106631
5.598736,18,2587.696396
6.464817,20,2588.336004
6.558111,20,2588.98449
8.42772,26,2589.839949
5.795449,18,2590.441566
6.083542,20,2591.087404
6.103364,19,2591.699739
7.873289,24,2592.465005
9.28038,28,2593.386756
7.237172,22,2594.088208
6.373811,19,2594.735157
6.870769,23,2595.476577
6.641831,19,2596.105008
7.499796,22,2596.783604
6.267325,19,2597.391201
2.312129,20,2598.033124
7.4601,22,2598.73345
7.314582,21,2599.40268
5.979793,18,2599.967833
6.884607,19,2600.535403
6.962743,19,2601.149612
7.426615,20,2601.816886
6.386338,20,2602.467108
8.320867,24,2603.252535
5.610079,17,2603.827846
7.174434,22,2604.568338
6.050105,18,2605.159412
6.299459,19,2605.773268
6.633633,19,2606.404356
7.179523,20,2607.06601
6.500948,18,2607.634741
6.941113,21,2608.338816
6.589992,19,2608.970485
7.940781,22,2609.693329
6.162024,18,2610.29202
5.898503,18,2610.892033
6.31259,18,2611.47939
6.861662,20,2612.136858
5.999925,18,2612.73605
7.071602,20,2613.389104
3.666493,14,2613.850831
8.065052,25,2619.838452
6.715439,19,2620.44794
6.9566,22,2621.165906
5.254021,17,2621.719645
5.107189,16,2622.243253
5.334938,17,2622.778918
5.733967,18,2623.360569
-14.814915,176,2628.907566
4.547998,15,2629.381402
5.310589,17,2629.938559
5.892897,19,2630.553795
7.547412,23,2631.284688
5.225653,17,2631.821918
5.366657,17,2632.36355
6.309408,19,2632.978637
6.33102,19,2633.592371
8.094245,25,2634.417676
5.111157,17,2634.971483
5.613054,17,2635.516102
6.301773,18,2636.084929
-22.442868,176,2641.539129
8.005086,25,2642.304991
7.02181,19,2642.909367
7.294723,20,2643.539974
8.611844,29,2644.427449
5.197905,16,2644.936195
6.833814,20,2645.558351
5.406744,17,2646.11113
8.185091,25,2646.915639
6.664433,20,2647.571145
5.451404,16,2648.10864
6.700308,20,2648.770403
5.572349,17,2649.341028
6.94486,20,2649.977081
8.967926,31,2650.978614
8.105397,26,2651.793321
7.013574,22,2652.489106
4.910445,16,2653.010027
9.478884,32,2654.017588
8.403162,24,2654.778337
5.377071,16,2655.283214
7.873794,24,2656.065497
6.61868,20,2656.723494
6.096272,17,2657.261873
7.552673,22,2657.985965
-19.21913,176,2663.60434
7.01492,20,2664.26274
-21.365231,176,2669.826042
6.65275,19,2670.437296
2.954676,20,2671.087977
6.116308,20,2671.71138
7.075703,21,2672.404555
7.392352,21,2673.078233
-17.886061,176,2678.635647
6.927653,20,2679.293235
7.379943,22,2679.988145
5.946424,17,2680.534065
6.271016,18,2681.084689
5.311651,17,2681.598804
7.802626,24,2682.378221
6.043314,18,2682.933389
8.238606,29,2683.845623
8.807131,24,2689.480964
8.818425,28,2690.350707
5.081181,17,2690.87272
5.503504,16,2691.383831
5.379417,17,2691.946504
7.892326,26,2692.754351
7.655934,23,2693.494073
7.936792,25,2694.294465
6.16938,19,2694.887524
6.972689,22,2695.565262
8.215708,27,2696.405806
5.034319,15,2696.865025
-18.652431,176,2702.337501
5.392919,17,2702.902833
8.100547,24,2703.661012
5.743042,18,2704.228172
5.239495,18,2704.809133
6.954496,21,2705.474293
5.5131,19,2706.099033
7.403605,22,2706.779267
7.290515,22,2707.479604
8.358281,23,2708.202053
7.195167,23,2708.933922
7.271332,20,2709.564365
5.939446,18,2710.140674
6.747832,19,2710.727333
5.278636,16,2711.207536
3.366899,27,2712.090584
5.96659,19,2712.692497
8.309239,23,2713.396718
9.613181,36,2714.516138
8.558172,30,2715.469631
6.421845,19,2716.072266
6.80303,19,2716.68947
7.686168,23,2717.425691
7.474498,23,2718.158578
6.111038,20,2718.806804
7.753929,22,2719.508461
1.371057,20,2720.14522
5.956828,18,2720.738906
6.919019,21,2721.417785
5.874923,18,2721.972272
7.089519,22,2722.678572
4.596032,15,2723.145645
7.410734,22,2723.821605
7.790451,25,2724.599954
7.618945,24,2725.355887
5.547026,16,2725.842745
8.852032,29,2726.736316
5.921639,19,2727.315645
4.264724,15,2727.782864
7.744925,22,2728.497523
5.812814,19,2729.08324
5.708029,16,2729.575664
8.355187,26,2730.370404
7.518991,23,2731.065407
5.951461,18,2731.632504
7.407455,23,2732.349635
5.44837,16,2732.847317
6.937859,20,2733.496136
6.811998,20,2734.1364
4.855046,16,2734.639225
4.256272,15,2735.149539
7.331778,23,2735.892169
8.642903,26,2736.71479
8.474591,30,2737.660689
6.325343,19,2738.263056
7.177723,21,2738.918919
4.847704,16,2739.433259
7.270673,22,2740.135513
8.229362,24,2740.884011
8.045329,26,2741.717036
7.56779,22,2742.429326
8.0918,23,2743.178052
4.960918,16,2743.689287
3.257904,25,2744.507977
8.655761,28,2745.389848
7.605182,23,2746.119427
8.878111,29,2747.029147
6.730901,20,2747.67351
7.309192,21,2748.350109
8.090498,23,2749.080373
6.498962,19,2749.701609
5.911583,18,2750.293041
6.542589,21,2750.960123
7.387417,22,2751.63634
7.445449,21,2752.302939
7.829303,24,2753.067404
7.84438,24,2753.816022
6.307194,18,2759.308028
5.445515,17,2759.864304
7.950039,25,2760.639256
5.025486,16,2761.165126
5.583205,17,2761.680665
7.454998,22,2762.377388
8.649771,27,2763.221308
5.108591,17,2763.768112
5.983352,17,2764.301095
5.872488,18,2764.86431
7.619865,23,2765.561825
7.582369,23,2766.26821
5.415977,17,2766.79246
5.296281,17,2767.319724
8.305126,26,2768.134396
1.893343,21,2768.7866
7.38213,20,2769.407591
6.8681,22,2770.09258
5.944224,17,2770.636516
7.925886,24,2771.378116
4.400786,15,2771.845788
4.919297,15,2772.315589
5.370903,18,2772.862732
5.878659,19,2773.438018
11.36686,44,2774.782113
7.550285,22,2775.460231
6.573021,20,2776.060669
7.758805,24,2776.785944
8.191516,27,2777.609674
8.859668,30,2778.520213
5.417243,18,2779.048911
5.89006,19,2779.616141
5.534389,18,2780.161689
7.51483,23,2780.83624
4.630304,15,2781.283959
7.519012,22,2781.949593
6.766801,21,2782.565539
5.64748,16,2783.072055
2.077589,20,2783.695075
6.848011,21,2784.348683
2.477282,22,2785.031018
5.638804,17,2785.568548
8.310317,24,2786.306365
6.131006,19,2786.900661
4.695424,15,2787.361747
6.475167,19,2787.942296
5.092755,16,2788.455673
7.865258,23,2789.157899
8.184537,24,2789.90516
6.083347,18,2790.452624
8.122192,26,2791.226938
5.795688,18,2791.786523
8.35922,26,2792.572024
8.656257,25,2793.331028
4.567587,15,2793.796807
9.17057,29,2794.661117
8.204698,23,2795.349315
8.597639,26,2796.125125
6.364411,19,2796.704989
6.020586,19,2797.280311
7.193368,20,2797.883053
6.454349,19,2798.45957
7.863833,22,2799.146595
7.790981,26,2799.943703
5.816918,18,2800.492237
7.035247,20,2801.104891
5.754201,18,2801.662826
5.646918,17,2802.19207
7.464637,24,2802.886103
9.178265,32,2803.839582
8.006859,24,2804.544033
6.405736,20,2805.124742
7.797054,23,2805.845227
5.183909,16,2806.326584
6.04406,18,2806.863201
6.860473,20,2807.473286
10.108363,36,2808.554584
5.957724,18,2809.091024
4.344027,15,2809.550457
5.634454,18,2810.106917
6.123633,18,2810.64563
5.221587,16,2811.122363
7.030022,22,2811.778331
3.847946,13,2812.179584
8.067544,24,2812.893152
8.746787,29,2813.743981
7.565361,23,2814.423785
4.778297,16,2814.914152
5.848746,18,2815.462328
4.95443,16,2815.921909
7.612114,23,2816.619267
6.9536,21,2817.210219
5.913073,18,2817.763669
3.363258,27,2818.55292
6.777648,20,2819.156236
9.242197,30,2820.067749
5.37155,17,2820.574046
5.596185,17,2821.083278
7.360328,23,2826.274713
8.008751,26,2827.059239
6.958331,21,2827.695128
7.165041,24,2828.407652
7.76506,25,2829.132407
2.179482,22,2829.784414
8.046167,24,2830.468267
5.4002,17,2830.990088
1.543207,19,2831.564298
7.659582,25,2832.303636
8.050394,26,2833.107993
7.234359,24,2833.805518
7.018652,23,2834.517054
-14.865536,176,2839.575925
4.615513,15,2839.997084
5.830005,19,2840.554358
6.651111,20,2841.113256
7.667411,24,2841.823514
6.37184,20,2842.415926
6.466982,19,2842.979514
6.524341,18,2843.505318
6.406541,20,2844.098875
7.610153,22,2844.753153
6.835084,20,2845.322774
7.224163,23,2845.997586
2.847147,23,2846.68209
7.978717,25,2847.407498
7.729268,24,2848.117476
6.784995,23,2848.801499
6.804958,19,2849.380987
7.27815,22,2850.026129
4.887084,16,2850.522011
6.330875,20,2851.111566
7.87276,24,2851.819987
6.970589,20,2852.407019
4.555913,15,2852.859524
2.619596,25,2853.615696
7.182238,20,2854.200094
7.130323,22,2854.859098
7.401509,23,2855.547427
5.869946,18,2856.097293
9.727728,34,2857.099374
9.580777,34,2858.095203
2.846219,23,2858.779745
5.797679,18,2859.327439
5.304336,17,2859.833548
5.826891,19,2860.41517
6.402793,18,2860.938079
6.339363,20,2861.524179
7.793786,25,2862.260276
6.621553,20,2862.857995
7.813016,25,2863.579595
6.100788,19,2864.140509
8.865089,28,2864.964686
1.902115,21,2865.611634
7.698041,24,2866.324962
6.666892,19,2866.903619
6.048904,18,2867.432184
6.406591,19,2868.005115
7.379716,24,2868.688108
5.68664,18,2869.221483
6.92645,22,2869.877422
8.987433,26,2870.644896
5.472741,17,2871.167785
5.831084,18,2871.697456
3.374464,26,2872.432102
1.645077,20,2873.038805
9.153829,27,2873.850087
5.756549,19,2874.412186
10.193506,34,2875.430826
7.918714,24,2876.143718
5.958102,19,2876.706985
6.234484,19,2877.266322
3.783844,26,2878.036968
6.509854,19,2878.60205
6.54903,19,2879.138093
7.452191,21,2879.746968
7.760752,25,2880.47288
5.660004,17,2880.983159
6.95888,20,2881.576324
5.870312,17,2882.087127
8.221014,25,2882.799906
6.194493,19,2883.339608
6.361368,20,2883.912401
4.813741,16,2884.364635
7.452546,24,2885.044205
6.341449,19,2885.592382
7.634688,26,2890.722961
8.301376,26,2891.485266
5.8823,18,2891.994654
6.415325,20,2892.590639
6.551314,18,2893.111655
6.894526,22,2893.748411
7.478176,22,2894.375464
6.663701,19,2894.911704
7.142652,22,2895.543764
5.905202,18,2896.056048
6.236347,19,2896.595158
5.745242,18,2897.121731
6.547639,21,2897.725758
7.319759,20,2898.3037
6.247394,19,2898.846793
5.28783,17,2899.333513
7.724233,23,2899.966519
6.916268,21,2900.535139
6.616718,21,2901.118795
8.334492,27,2901.847923
7.835876,23,2902.47622
6.42371,19,2903.006611
8.929419,32,2903.885112
9.418669,27,2904.649764
7.619384,23,2905.301038
9.619357,29,2906.103235
8.035396,24,2906.78214
7.364919,21,2907.366032
6.879879,21,2907.991098
6.146081,18,2908.497658
7.989259,27,2909.282957
4.841525,16,2909.747009
5.165357,17,2910.235954
8.512133,28,2911.024537
5.147152,17,2911.5247
8.139556,26,2912.285823
6.640661,21,2912.887036
8.636938,27,2913.662917
6.883667,21,2914.264623
6.446402,20,2914.842103
6.015132,18,2915.354042
7.225633,23,2916.020502
6.835283,23,2916.696391
8.25195,29,2917.541768
8.807328,27,2918.310654
7.194201,20,2918.898788
6.665297,22,2919.532571
6.087914,20,2920.120867
6.425289,19,2920.670213
6.506086,20,2921.236543
7.969205,26,2921.995577
7.737226,27,2922.768588
7.078059,21,2923.351411
5.710696,18,2923.877805
5.586882,18,2924.384844
8.451783,31,2925.267089
6.239007,19,2925.787515
7.619745,24,2926.456916
6.130136,19,2927.011234
5.696689,18,2927.518802
6.411171,22,2928.137405
7.145102,22,2928.781595
7.944358,25,2929.479361
5.666533,18,2930.009174
7.567201,24,2930.681217
9.095944,31,2931.547782
2.480279,23,2932.216005
7.537768,23,2932.871172
6.777281,23,2933.52242
8.962626,29,2934.319418
6.583389,19,2934.873406
7.107001,22,2935.492379
6.583593,21,2936.096616
6.107723,19,2936.643412
7.245094,22,2937.258046
6.710059,21,2937.866184
7.570053,22,2938.497887
7.361636,22,2939.128434
7.98395,26,2939.865983
5.995099,19,2940.401278
5.84339,19,2940.92628
6.795223,22,2941.548232
8.172646,25,2942.26164
5.586045,18,2942.769414
7.57257,22,2943.385698
5.6021,17,2943.861116
6.554014,21,2944.470949
7.28237,23,2945.112364
5.580803,18,2945.631795
3.585411,26,2946.351771
6.376516,20,2946.905642
7.010602,21,2947.503757
6.996135,21,2948.102301
6.172188,18,2948.621116
6.179627,20,2953.50023
6.486555,21,2954.084332
6.195411,18,2954.610639
8.940237,29,2955.394317
2.95465,24,2956.066979
6.353385,18,2956.57699
9.694567,30,2957.413442
6.739275,23,2958.078497
7.323516,23,2958.707997
7.491989,26,2959.437849
6.55672,20,2959.962695
7.024383,21,2960.535105
9.091401,32,2961.414933
7.467962,24,2962.082176
5.552583,18,2962.581335
6.431472,20,2963.134009
7.768175,24,2963.803131
1.987939,22,2964.416958
6.698644,20,2964.972747
8.447044,26,2965.713555
9.027727,28,2966.496362
8.479487,25,2967.185472
9.822369,30,2968.007934
6.53751,20,2968.577734
6.413309,21,2969.173713
7.913052,24,2969.843985
7.161237,23,2970.512897
7.687464,25,2971.19652
8.059337,24,2971.852563
6.236065,19,2972.376802
6.885266,22,2972.976505
6.135528,20,2973.535427
7.640302,24,2974.22708
8.415615,28,2975.007608
6.338596,20,2975.566369
4.585111,16,2976.021671
7.145971,23,2976.67062
7.829772,24,2977.340543
6.722701,21,2977.952405
7.5873,26,2978.701948
5.529636,17,2979.154661
6.642079,21,2979.738556
7.82386,25,2980.434843
6.346134,21,2981.016994
5.852327,18,2981.533994
6.931625,23,2982.170612
8.654134,29,2982.983363
8.269844,28,2983.747731
6.889861,22,2984.371241
5.473614,18,2984.874465
3.727341,27,2985.617311
7.357556,22,2986.228013
7.219411,22,2986.847218
4.988685,16,2987.298493
5.240437,16,2987.735743
8.394821,27,2988.483404
7.038246,22,2989.103958
8.357024,29,2989.923571
6.84085,20,2990.463957
2.987884,24,2991.136754
6.314815,20,2991.699337
6.534508,21,2992.275374
9.443177,32,2993.153711
8.020914,24,2993.856597
7.623523,26,2994.57846
6.946733,22,2995.175427
5.396095,18,2995.67522
7.303854,23,2996.29767
7.33852,22,2996.880193
2.617353,24,2997.532905
6.801987,22,2998.16002
6.567738,20,2998.698643
5.587372,18,2999.226573
7.333833,21,2999.828466
7.943461,26,3000.568353
6.751766,21,3001.173472
8.727661,29,3001.98777
6.922335,24,3002.660529
8.46433,26,3003.395591
9.472105,31,3004.294929
3.573327,26,3005.046684
5.440895,18,3005.552452
5.355782,17,3006.0327
9.739462,36,3007.088304
9.920926,32,3007.997156
8.12065,23,3008.691133
7.034769,21,3009.295551
6.340261,20,3009.856988
5.256338,17,3010.346234
6.542301,21,3015.295171
7.509214,23,3015.930767
7.234178,23,3016.573388
10.990374,40,3017.693848
8.575045,29,3018.505742
6.356839,22,3019.110538
8.454625,25,3019.814483
6.739942,21,3020.416699
6.194741,20,3020.983482
6.499457,21,3021.595611
8.594843,26,3022.319951
7.955799,25,3023.012919
2.339445,22,3023.612123
6.088089,19,3024.14746
7.923356,26,3024.878103
6.76721,23,3025.523314
6.214325,18,3026.015807
14.11958,60,3027.711429
8.509323,28,3028.454468
7.19541,23,3029.116324
8.002241,27,3029.872077
8.006017,26,3030.598063
7.827011,23,3031.230242
3.732417,26,3031.925543
5.859458,19,3032.453634
7.272928,23,3033.104422
5.049992,16,3033.564201
6.427265,23,3034.202209
8.610393,28,3034.983438
6.675589,21,3035.54689
8.810273,29,3036.353486
6.900952,22,3036.966848
5.330886,18,3037.491821
8.300136,26,3038.217459
7.91583,27,3038.97682
6.09733,20,3039.523174
6.724104,23,3040.175071
6.449752,19,3040.710974
2.175723,22,3041.272942
8.188462,28,3042.059649
8.156042,26,3042.768082
7.334884,22,3043.404636
7.530728,23,3044.045205
5.693992,18,3044.563707
5.22058,18,3045.071119
7.605371,23,3045.719704
6.759827,20,3046.304414
7.124375,22,3046.915043
7.874987,25,3047.630721
6.658428,22,3048.252639
7.538066,24,3048.916549
4.293967,29,3049.703271
6.91623,22,3050.31966
8.396692,24,3051.008752
6.072737,19,3051.534588
7.606126,23,3052.18251
6.907258,21,3052.791747
8.927495,28,3053.569462
2.342085,22,3054.191788
5.338064,17,3054.655723
7.107193,22,3055.265317
6.658895,22,3055.874618
8.969494,29,3056.673418
7.127507,23,3057.305646
7.3865,23,3057.961023
7.207065,24,3058.646807
8.688941,29,3059.476204
7.340839,23,3060.10491
8.48415,28,3060.88165
5.487064,18,3061.408107
6.986441,22,3062.023607
6.761935,21,3062.606804
7.396497,22,3063.228598
7.887,24,3063.907366
8.501342,27,3064.650188
1.695243,21,3065.241884
8.296689,27,3065.961501
8.105558,26,3066.692324
6.177266,20,3067.239321
5.967738,18,3067.735735
6.146551,19,3068.262282
7.49903,25,3068.94982
8.630424,28,3069.728539
6.765735,22,3070.341274
7.857052,25,3071.026964
8.405155,26,3071.742797
8.499771,27,3076.782338
7.0691,23,3077.440205
7.704288,26,3078.150712
6.920212,23,3078.781798
8.713544,27,3079.5265
5.158714,17,3079.956479
9.328206,31,3080.748872
6.309452,22,3081.349282
6.427101,21,3081.884668
7.013833,23,3082.467077
7.466101,23,3083.075557
7.109715,22,3083.631285
6.020876,19,3084.138437
7.296752,22,3084.693645
8.338628,27,3085.389415
7.86198,23,3085.954494
5.631819,18,3086.426309
7.191826,22,3086.985183
7.269865,23,3087.565109
7.47433,23,3088.142325
7.712539,25,3088.816287
8.57038,30,3089.587176
6.958156,22,3090.168088
6.39125,20,3090.697946
9.10087,29,3091.434176
7.833347,28,3092.139616
6.327567,21,3092.686058
12.025601,49,3093.91861
7.9528,26,3094.579862
5.606862,19,3095.077883
13.728074,62,3096.652784
6.214228,20,3097.159495
7.990113,24,3097.773279
7.4196,23,3098.352786
8.883554,27,3099.047895
6.908005,23,3099.637286
8.190351,26,3100.298294
9.279008,31,3101.089066
6.712921,20,3101.593029
7.364856,24,3102.203907
5.80915,20,3102.738522
7.422552,23,3103.343263
7.552865,26,3104.043591
7.528681,25,3104.712804
7.096759,21,3105.25117
6.674697,20,3105.800186
8.89839,28,3106.497913
6.874919,23,3107.102921
6.302086,19,3107.594033
6.437713,21,3108.177141
3.632905,28,3108.898826
6.283883,20,3109.423431
7.714349,24,3110.027151
7.103419,23,3110.626315
6.034246,20,3111.148188
7.693309,26,3111.82294
8.232965,25,3112.444427
8.930148,29,3113.190593
6.704177,22,3113.724936
2.940167,26,3114.386046
6.556361,21,3114.900626
5.7256,19,3115.368101
6.554008,22,3115.929686
8.168987,26,3116.599037
8.073134,25,3117.248002
6.621404,23,3117.823701
7.206128,23,3118.394591
7.225197,21,3118.917518
7.89993,25,3119.547669
6.214257,20,3120.054021
7.385224,24,3120.679219
7.545402,24,3121.288284
7.455589,22,3121.843882
7.459598,23,3122.433103
5.404762,17,3122.866568
8.198458,27,3123.560797
8.12558,26,3124.216189
9.716439,31,3125.005062
6.580323,22,3125.555913
7.550295,24,3126.152523
7.925832,24,3126.761557
6.140649,19,3127.255276
8.394373,31,3128.04177
8.352611,28,3128.743787
7.066941,23,3133.604734
7.577525,27,3134.286172
8.776063,30,3135.024388
7.554012,25,3135.642537
6.970003,22,3136.189481
7.774517,28,3136.879447
9.371115,31,3137.651155
4.713552,17,3138.088087
7.784128,27,3138.773637
8.192592,27,3139.451329
6.828112,21,3139.966676
6.68991,22,3140.514791
3.335544,29,3141.244509
6.716776,21,3141.77252
7.324771,22,3142.324956
5.763285,19,3142.789711
7.748621,23,3143.376657
7.879239,26,3144.029881
8.347199,25,3144.667741
7.190407,25,3145.310983
10.014655,34,3146.166298
7.279386,23,3146.73845
2.329743,22,3147.299914
7.301054,25,3147.919124
6.82734,23,3148.504927
7.869679,25,3149.123692
7.212418,22,3149.685873
7.525157,25,3150.315867
6.269149,19,3150.812004
5.692214,20,3151.328016
6.483426,21,3151.852934
7.679639,26,3152.491168
7.269558,25,3153.135683
6.580445,21,3153.647102
7.094927,25,3154.293657
7.652464,24,3154.901502
8.680103,31,3155.670776
7.054494,23,3156.228143
7.170642,26,3156.885619
9.044105,31,3157.652597
7.001848,23,3158.237405
7.900286,28,3158.922586
7.123187,25,3159.537248
7.217736,22,3160.100339
3.752226,30,3160.850629
9.269982,29,3161.558756
7.743649,26,3162.237979
7.672213,25,3162.856688
8.619148,30,3163.616798
2.775056,25,3164.247508
6.2134,20,3164.752307
8.952862,29,3165.502506
6.410061,20,3166.023637
7.172088,24,3166.639707
6.028183,20,3167.175063
7.806668,26,3167.866787
8.185555,25,3168.521496
4.059436,29,3169.274123
7.488757,26,3169.958132
6.992134,22,3170.545332
6.469502,21,3171.107234
7.824214,24,3171.741371
8.45277,29,3172.482883
7.012144,22,3173.072857
8.092285,25,3173.73239
1.539987,21,3174.28288
2.730827,24,3174.915102
5.697627,19,3175.430013
6.47526,21,3175.980329
6.477074,20,3176.497385
6.805141,24,3177.112713
5.671121,19,3177.59777
6.669874,21,3178.132003
6.001676,19,3178.6162
7.951911,27,3179.297087
7.329783,22,3179.86554
6.785609,24,3180.471784
7.0098,23,3181.06156
7.384347,22,3181.615959
9.122947,33,3182.453472
10.717797,44,3183.572243
6.21613,20,3184.065707
6.718168,22,3184.608553
7.116503,24,3185.223236
8.407793,27,3190.235385
8.27222,28,3190.9387
7.106277,24,3191.571403
8.890278,30,3192.319361
5.373228,17,3192.756602
8.304202,27,3193.43049
7.204749,22,3194.000892
5.341674,17,3194.44661
5.846826,19,3194.94224
7.696923,25,3195.605186
5.516818,18,3196.082154
6.920327,23,3196.673524
7.149854,22,3197.226515
7.727296,27,3197.93064
8.49003,27,3198.623825
5.591749,19,3199.096805
8.207948,28,3199.845479
6.584817,21,3200.395025
6.221082,21,3200.955433
6.42636,22,3201.509997
7.399257,25,3202.176399
9.99969,33,3203.012925
10.40959,35,3203.8925
6.485093,22,3204.457583
6.623995,20,3204.963928
9.384639,36,3205.884144
5.523958,19,3206.366244
7.05496,21,3206.908242
6.302141,20,3207.397741
8.330014,29,3208.130967
1.936419,24,3208.745259
6.542374,20,3209.236287
7.966982,27,3209.947019
6.653207,21,3210.47385
8.242781,27,3211.156137
7.998704,26,3211.795906
2.290804,23,3212.373777
5.977236,19,3212.854692
8.379645,28,3213.554447
8.257693,28,3214.258618
8.358815,29,3214.995312
6.668502,22,3215.529916
5.369361,18,3215.985309
5.76555,19,3216.476284
6.742473,24,3217.089871
7.959333,25,3217.720695
6.780141,22,3218.266431
8.624826,28,3218.985653
8.655737,30,3219.736936
6.455426,21,3220.278878
6.600619,20,3220.751822
9.388511,32,3221.574566
7.742739,25,3222.212197
6.240077,20,3222.701647
7.829795,28,3223.393808
9.257876,33,3224.213488
8.431705,31,3225.012332
8.363794,28,3225.713427
8.183639,27,3226.3927
9.704044,33,3227.224194
7.962977,25,3227.870234
7.396705,24,3228.485914
8.102889,26,3229.145828
8.663572,29,3229.876217
7.813359,24,3230.473254
8.463796,29,3231.201484
6.001267,20,3231.707234
5.500026,18,3232.166286
8.290052,27,3232.853628
6.91171,24,3233.454807
6.663198,23,3234.029131
6.025131,20,3234.535642
8.551361,28,3235.241166
4.055743,32,3236.056383
7.360693,23,3236.645762
7.981912,26,3237.306709
7.195003,26,3237.981295
8.022507,27,3238.667617
8.59767,29,3239.382542
6.589786,21,3239.92437
8.554636,30,3240.672482
8.04107,28,3241.383401
5.158479,18,3246.130798
6.811171,22,3246.702509
5.319383,18,3247.159882
7.727696,27,3247.850195
8.187328,26,3248.519433
5.011427,38,3249.499732
7.094077,22,3250.067763
7.689651,23,3250.671535
8.302459,27,3251.354665
6.128735,19,3251.871495
6.210624,21,3252.412043
5.345373,17,3252.852677
7.622092,26,3253.512715
7.47636,25,3254.129732
6.105642,21,3254.682527
6.039043,21,3255.231183
5.726508,18,3255.686039
7.696226,27,3256.391294
7.609786,26,3257.083377
8.081172,29,3257.836889
5.802586,19,3258.316075
6.506073,22,3258.897752
8.113968,28,3259.597946
11.253857,41,3260.646922
8.880568,31,3261.424967
8.23911,28,3262.143728
7.884486,27,3262.826825
9.56416,32,3263.639877
6.325981,20,3264.143374
9.441468,34,3265.016008
5.513325,19,3265.51068
8.140524,28,3266.202723
8.965178,29,3266.931603
7.669514,23,3267.504569
7.093189,24,3268.120246
4.307334,30,3268.856905
9.022672,30,3269.626752
10.573495,39,3270.588583
6.216009,20,3271.106596
8.074971,28,3271.826465
7.860369,25,3272.44828
7.238263,25,3273.070082
6.761305,24,3273.681845
5.995331,20,3274.205964
7.648902,26,3274.877939
7.48655,24,3275.473039
6.501745,22,3276.030841
8.445347,27,3276.714746
8.690354,29,3277.445052
7.79051,26,3278.085263
7.446448,23,3278.683917
7.736643,25,3279.30552
7.437835,25,3279.92593
6.740184,24,3280.522058
9.244029,31,3281.313941
7.800752,26,3281.953319
7.137764,24,3282.562863
6.637775,22,3283.122783
7.600686,24,3283.72457
8.201653,27,3284.377796
8.022855,26,3285.032314
8.740563,33,3285.862657
7.439077,26,3286.621459
8.191508,27,3287.376631
10.837204,39,3288.485501
8.442993,30,3289.354496
6.504763,20,3289.927315
8.098434,27,3290.7016
8.282005,27,3291.442823
5.950477,19,3292.010626
7.577404,26,3292.765217
6.804439,21,3293.368242
8.503641,26,3294.101258
6.992903,22,3294.74204
6.71877,22,3295.36947
6.460624,21,3295.959991
8.569073,29,3296.796766
7.683908,26,3297.533053
10.572398,35,3298.522093
7.339315,23,3299.187911
7.346319,24,3304.490551
6.455746,24,3305.179688
8.869217,30,3306.034226
8.484874,30,3306.903415
5.946195,20,3307.465959
8.3469,31,3308.315427
7.919443,29,3309.130715
8.548188,27,3309.837788
9.465965,38,3310.890906
10.470052,42,3312.012901
8.825421,32,3312.908797
7.688529,26,3313.641998
8.831358,32,3314.507968
3.846626,30,3315.339476
6.891552,24,3316.00073
6.725322,22,3316.606033
6.886705,22,3317.209764
8.611356,29,3318.021328
6.692957,23,3318.672122
6.333488,22,3319.299684
7.397328,28,3320.087678
4.542854,32,3321.002543
9.177828,32,3321.905264
8.642741,34,3322.851821
6.800318,23,3323.505846
9.468139,34,3324.474142
6.871911,24,3325.166558
7.090607,24,3325.822044
5.676165,20,3326.364704
7.14296,24,3327.058177
7.115226,25,3327.775795
14.140028,63,3329.542856
6.749616,22,3330.185781
13.714319,70,3332.139308
8.202296,29,3332.949289
8.736235,30,3333.815464
7.904787,26,3334.549738
7.446303,23,3335.20064
10.357236,40,3336.350203
9.869611,39,3337.454322
8.28737,29,3338.279702
7.831798,24,3338.963701
8.275634,29,3339.787856
7.869258,26,3340.522638
7.974253,27,3341.295284
7.214286,25,3342.014136
8.635755,30,3342.852436
8.041776,29,3343.702102
8.01141,27,3344.473952
7.877261,28,3345.244497
7.59149,25,3345.965446
4.935086,17,3346.441524
8.015379,28,3347.23891
8.485013,32,3348.144113
6.72108,24,3348.813298
9.296783,32,3349.717424
7.093818,23,3350.388105
9.166443,33,3351.304673
7.975203,30,3352.140873
8.093807,29,3352.969165
8.495308,31,3353.827235
7.403381,25,3354.541173
6.72066,24,3355.222025
6.779096,23,3355.89968
7.226108,24,3356.579253
10.646889,41,3357.749527
6.856515,22,3358.391571
11.261134,45,3359.681213
8.117868,27,3360.443189
7.824865,26,3361.169497
7.399768,26,3361.927864
7.383047,27,3367.348094
9.053367,33,3368.303548
8.533523,28,3369.108461
2.070852,23,3369.768612
8.66598,28,3370.561867
6.238203,21,3371.182622
7.481883,27,3371.945744
6.438321,23,3372.585784
5.698272,20,3373.158269
10.957069,41,3374.278023
7.093569,25,3374.960448
7.778334,27,3375.699498
7.67494,27,3376.447839
7.497395,26,3377.165869
8.73835,36,3378.139953
5.468568,19,3378.672479
9.134891,31,3379.543419
6.508186,23,3380.176694
7.96026,26,3380.877565
7.60806,26,3381.592053
11.737423,48,3382.911396
12.096992,46,3384.219743
6.477698,22,3384.836472
7.881505,27,3385.626416
7.466766,26,3386.398835
7.595788,26,3387.135318
8.473696,32,3388.029758
8.025691,29,3388.851655
7.663176,28,3389.640771
8.111975,30,3390.488166
5.749362,19,3391.03091
9.198747,31,3391.904156
8.528936,33,3392.840868
7.458243,27,3393.577782
9.425422,38,3394.649135
7.73968,30,3395.496854
7.098848,24,3396.180309
5.923789,20,3396.745281
7.694142,29,3397.526495
7.308548,25,3398.230191
9.821446,38,3399.327324
7.275417,25,3400.039348
8.014167,26,3400.779473
8.213906,29,3401.573815
5.985973,21,3402.160705
6.266595,22,3402.808927
7.29928,26,3403.542594
7.299646,26,3404.285785
7.77748,28,3405.08693
6.934257,24,3405.78476
7.700933,27,3406.520086
10.533992,43,3407.740604
7.778184,25,3408.453322
7.592042,25,3409.159084
8.738371,32,3410.065929
6.325829,21,3410.677675
6.02318,21,3411.269214
7.996669,29,3412.073412
7.433847,25,3412.78325
7.5553,29,3413.596231
13.803121,76,3415.725572
7.008754,23,3416.378477
8.216083,29,3417.206562
7.015623,22,3417.853189
7.319039,28,3418.653556
8.436987,34,3419.5867
7.029099,26,3420.298918
7.285329,24,3420.987262
7.728317,28,3421.741867
8.439075,33,3422.664389
15.475273,68,3429.1274
7.802653,28,3429.93309
8.333486,28,3430.715483
7.424741,26,3431.449629
7.881744,28,3432.227604
7.464256,27,3433.012921
7.689973,27,3433.795321
5.102637,19,3434.303134
8.256224,32,3435.214743
9.024841,32,3436.099512
6.386167,22,3436.731464
6.10109,22,3437.358061
8.748874,29,3438.1587
8.634077,30,3438.988225
7.105342,24,3439.645976
7.008264,26,3440.356652
7.040039,25,3441.04106
7.501525,25,3441.74947
7.279964,26,3442.46203
7.556197,26,3443.187383
11.556145,49,3444.531738
6.684165,24,3445.203552
7.669651,28,3445.984139
11.336077,44,3447.182778
6.055408,21,3447.781466
9.992672,41,3448.895617
8.001502,29,3449.722329
7.045868,26,3450.434526
9.254851,34,3451.359984
8.824993,32,3452.247279
12.254339,54,3453.748914
6.251548,21,3454.311486
10.805723,45,3455.570094
5.425352,19,3456.124817
6.047813,46,3457.396797
10.931954,42,3458.579541
8.202449,29,3459.394373
7.333878,28,3460.1883
6.171146,22,3460.795297
7.867504,29,3461.628091
13.347546,60,3463.329384
10.080912,43,3464.522999
11.758301,48,3465.888609
9.89118,36,3466.903253
6.777428,25,3467.617645
7.553677,25,3468.309388
8.993984,31,3469.177866
7.065764,25,3469.885306
8.71917,30,3470.738923
6.254403,21,3471.351665
7.454551,27,3472.112226
9.367022,33,3473.047006
9.563807,36,3474.069209
7.320821,26,3474.822767
7.290442,24,3475.503992
3.07634,28,3476.281876
9.968368,39,3477.385805
6.804537,24,3478.061299
6.986447,24,3478.745917
8.418399,36,3479.757916
9.108096,32,3480.664328
7.041037,25,3481.36308
8.793926,35,3482.369926
11.119215,45,3483.635238
6.855412,25,3484.346329
7.115096,24,3485.028997
8.114705,32,3485.947829
9.051182,30,3491.378386
7.948078,29,3492.189722
9.165879,39,3493.258442
8.320116,31,3494.129327
8.5749,29,3494.940252
8.230621,30,3495.789646
6.893865,23,3496.431091
6.942765,25,3497.152571
12.197231,49,3498.51045
8.963211,30,3499.349738
8.658266,32,3500.23574
8.238342,29,3501.078047
9.15067,32,3501.975629
9.100696,34,3502.91785
7.801172,26,3503.617026
7.918779,28,3504.385623
7.837266,27,3505.119615
9.29874,35,3506.082369
7.908857,29,3506.87509
6.869228,25,3507.569501
11.707625,47,3508.847143
7.79293,28,3509.620972
6.852982,23,3510.245733
8.722326,31,3511.110205
5.940663,20,3511.648676
5.511604,18,3512.154125
8.670055,32,3513.057264
7.424083,27,3513.810362
9.683657,35,3514.794639
7.446192,25,3515.490438
8.274031,30,3516.340557
7.389861,26,3517.07197
7.191212,25,3517.783039
14.255256,68,3519.693474
4.115845,32,3520.617771
8.41585,29,3521.454744
9.775844,37,3522.494256
7.088136,24,3523.183209
8.612694,29,3523.982565
5.711219,20,3524.562895
6.988026,24,3525.247301
7.577074,25,3525.983001
6.997385,25,3526.684037
7.509539,28,3527.455911
6.945852,23,3528.100471
7.891471,25,3528.803468
5.512846,19,3529.340427
7.18109,25,3530.039763
9.302403,32,3530.951955
10.00887,41,3532.069242
10.906625,41,3533.206273
8.436756,28,3533.995562
6.439619,21,3534.592929
7.923929,28,3535.378205
7.055108,24,3536.052073
9.270636,35,3537.038718
8.932073,32,3537.945437
7.60122,27,3538.696069
6.960742,25,3539.394008
8.377566,29,3540.221949
11.322145,50,3541.56894
9.532235,37,3542.634471
7.776168,27,3543.398761
9.783243,38,3544.462667
6.215813,21,3545.051193
7.193022,24,3545.740963
10.724758,41,3546.867005
8.025579,28,3547.632029
9.045154,34,3553.290375
5.876707,20,3553.858211
11.279632,50,3555.28478
7.30798,24,3555.982426
10.246042,37,3557.017507
7.424667,26,3557.771117
8.733526,31,3558.67243
10.335174,39,3559.805864
9.353005,34,3560.735337
8.767426,31,3561.594622
6.046917,21,3562.201279
7.799431,28,3562.987403
8.662996,30,3563.84035
7.148913,25,3564.544505
8.398293,28,3565.355007
7.328547,25,3566.079481
7.755118,26,3566.81291
6.768241,24,3567.500657
7.990129,27,3568.246121
5.975394,20,3568.800849
11.180844,45,3570.032782
9.169563,35,3570.997067
7.908211,25,3571.673513
12.916509,58,3573.281665
6.926351,25,3573.954622
8.808798,28,3574.718002
8.06257,28,3575.490622
6.55502,22,3576.097487
8.742105,33,3576.996809
8.26236,28,3577.774519
8.241201,31,3578.679146
12.61647,55,3580.24901
10.389914,42,3581.437574
7.22833,24,3582.130491
7.678643,25,3582.827653
7.841377,27,3583.595162
6.647965,22,3584.239556
11.555437,50,3585.628819
2.150018,24,3586.302715
7.681515,27,3587.054042
9.264236,33,3587.982332
8.045075,28,3588.788328
7.995985,26,3589.530088
6.623201,23,3590.186334
6.912903,22,3590.78736
12.590768,49,3592.165938
8.397297,26,3592.894348
7.935049,28,3593.685522
6.031147,20,3594.276334
8.807636,34,3595.258134
16.180488,85,3597.656065
2.861887,26,3598.366499
14.846009,82,3600.61707
8.127556,29,3601.423199
8.879316,34,3602.404089
7.071281,24,3603.098329
8.136897,26,3603.849745
5.948902,20,3604.427644
8.370877,34,3605.386714
9.546775,43,3606.605428
9.772302,35,3607.610763
8.212658,26,3608.345442
7.94234,27,3609.104657
6.850764,24,3609.760268
1.649467,22,3610.382411
6.074007,20,3615.532772
9.616088,34,3616.45945
8.944369,34,3617.416476
8.224507,29,3618.226553
7.773302,26,3618.956141
7.84605,28,3619.731127
5.5461,19,3620.257539
12.2202,51,3621.671317
10.562371,42,3622.844255
9.32663,34,3623.826998
7.195974,25,3624.537058
10.201662,36,3625.532261
9.207987,33,3626.447623
7.212604,25,3627.164004
6.556888,22,3627.804126
6.987375,23,3628.458654
6.973955,26,3629.208771
6.375444,21,3629.793821
8.292898,34,3630.750628
7.584495,26,3631.47814
6.94102,23,3632.133579
9.051101,32,3633.048037
10.178066,36,3634.025141
8.104047,28,3634.778887
6.492004,22,3635.391013
9.114626,31,3636.219296
7.965769,26,3636.918516
7.920634,29,3637.698438
7.425246,28,3638.43639
9.071349,34,3639.354569
5.783548,20,3639.904005
7.7117,28,3640.671263
7.320576,27,3641.398542
9.910302,39,3642.462524
7.509901,26,3643.199151
7.668125,24,3643.889706
7.268549,24,3644.558305
9.563351,36,3645.557523
11.034721,49,3646.94953
8.528056,32,3647.882853
8.960884,33,3648.811928
8.073273,28,3649.612764
5.998761,21,3650.233796
8.788781,36,3651.240542
8.680462,32,3652.161219
5.987633,21,3652.770351
6.065786,22,3653.410061
9.779611,41,3654.582232
9.329319,36,3655.616649
7.642971,25,3656.322305
8.494565,32,3657.228405
8.000711,28,3658.037774
8.159629,31,3658.921357
9.000196,33,3659.881696
6.701992,24,3660.552836
10.300641,40,3661.683152
5.396671,19,3662.217497
8.664804,32,3663.121
7.846945,27,3663.898
8.953892,33,3664.843324
8.383623,32,3665.756351
9.488598,33,3666.711415
7.167996,24,3667.377609
5.75222,19,3667.91905
8.624413,30,3668.779337
7.397968,25,3669.505856
6.792035,24,3670.20229
6.751648,23,3670.866049
7.217318,24,3671.550827
6.108748,21,3672.156106
8.729569,35,3677.791041
7.301612,24,3678.491444
7.469617,26,3679.243501
7.735003,26,3679.981452
14.450218,66,3681.853984
9.440972,36,3682.869874
8.643577,32,3683.808332
7.335968,25,3684.524503
7.755905,28,3685.314024
7.03118,25,3686.027444
9.303745,33,3686.947994
6.965036,24,3687.635875
7.081042,23,3688.295264
7.676553,28,3689.110557
8.596706,29,3689.926923
8.414686,30,3690.785418
2.028286,25,3691.512869
6.240273,20,3692.088138
7.037162,24,3692.771509
8.743012,32,3693.675811
8.555621,32,3694.589472
5.78401,20,3695.196595
8.819318,31,3696.090131
8.018805,28,3696.890413
10.276938,40,3698.023292
8.161737,31,3698.88051
7.361669,25,3699.579242
7.364452,27,3700.330188
6.509725,23,3700.977581
8.843915,32,3701.861468
7.104457,25,3702.544155
7.492468,26,3703.251457
7.288249,25,3703.945954
3.035922,27,3704.694114
11.691798,46,3705.95377
6.908358,24,3706.594473
7.449381,27,3707.328102
7.019074,23,3707.960326
5.163949,19,3708.510813
6.125905,22,3709.135943
5.966957,20,3709.716705
10.812691,46,3711.02687
6.756824,24,3711.70597
8.652943,31,3712.594846
6.992133,25,3713.293274
9.040149,34,3714.281799
8.514366,38,3715.36774
8.021243,29,3716.198622
5.350548,19,3716.729374
7.037909,26,3717.465132
8.707559,31,3718.353193
6.545006,22,3718.993504
7.756545,27,3719.75879
8.218913,29,3720.59333
7.624596,26,3721.350026
5.518394,20,3721.908707
6.582262,23,3722.56837
6.413416,23,3723.223388
8.195328,31,3724.100078
24.707216,118,3727.432838
7.252277,26,3728.179032
7.331334,26,3728.898124
7.278659,25,3729.612914
7.912218,27,3730.363499
6.43118,22,3731.001702
8.069338,27,3731.784669
6.354702,22,3732.433999
8.288844,29,3733.272116
5.87485,21,3733.86835
10.666958,49,3735.270466
7.075175,24,3740.557373
10.631943,55,3742.107874
9.467577,43,3743.32053
12.37994,61,3745.015468
12.043026,48,3746.367592
10.460015,47,3747.675475
7.262509,27,3748.420263
6.925448,24,3749.076027
9.531657,38,3750.150164
9.313229,34,3751.101748
8.569472,33,3752.021904
7.557864,27,3752.783385
9.260758,36,3753.804393
15.251263,82,3756.019888
6.436002,23,3756.667146
6.611145,25,3757.392279
8.979047,35,3758.383768
9.812781,36,3759.413772
9.610208,40,3760.513329
7.933527,28,3761.297416
8.594663,34,3762.257813
6.504594,24,3762.908269
13.69078,66,3764.67805
2.668113,31,3765.527241
9.737673,39,3766.592088
6.89085,24,3767.264567
6.727422,25,3767.958785
8.270293,32,3768.813446
8.824106,34,3769.739478
7.605546,28,3770.486677
8.894857,34,3771.414115
8.467888,34,3772.351859
6.313181,24,3773.027247
7.152501,29,3773.820723
7.838689,31,3774.695746
7.982946,31,3775.516421
8.178834,32,3776.369918
6.952263,24,3777.021356
7.784783,29,3777.819112
7.979209,28,3778.593214
7.863222,28,3779.36657
8.09154,31,3780.202718
8.188295,29,3780.997671
8.386657,30,3781.818163
8.188579,33,3782.714363
9.358895,36,3783.717295
7.420388,26,3784.407962
8.731619,33,3785.311256
7.132995,27,3786.056027
9.914201,43,3787.2031
11.796153,54,3788.662613
8.217078,29,3789.486211
8.33946,32,3790.345081
15.002957,67,3792.167553
6.173881,22,3792.775601
8.450712,31,3793.633679
8.047274,30,3794.452572
7.816846,29,3795.249619
10.356866,36,3796.262837
8.897217,35,3801.8272
7.25777,26,3802.537059
7.437319,26,3803.252389
7.599473,27,3803.978354
8.201349,29,3804.772912
7.753132,29,3805.556785
6.49186,23,3806.181511
8.230111,31,3807.023463
7.935811,27,3807.759143
5.896178,21,3808.334282
9.330271,38,3809.386374
7.162104,25,3810.10174
7.963669,28,3810.879044
6.519458,25,3811.591768
8.431891,31,3812.476795
15.859212,83,3814.774459
8.387155,32,3815.682024
7.718998,29,3816.491415
7.772802,31,3817.349293
8.837196,36,3818.365178
12.804958,61,3820.049252
7.899936,28,3820.844167
8.284517,31,3821.730545
6.386787,23,3822.390232
8.505601,35,3823.403267
11.938422,61,3825.150704
8.794212,32,3826.06469
8.59538,34,3827.034415
10.458591,40,3828.182015
9.131221,34,3829.13109
10.148275,42,3830.318144
8.4181,31,3831.214465
7.52922,28,3832.009995
7.942233,27,3832.763551
9.567439,37,3833.800333
9.781682,49,3835.191759
8.759122,32,3836.066544
8.562057,32,3836.957202
7.24421,26,3837.683827
8.563113,35,3838.633933
8.45128,32,3839.531959
16.838146,85,3841.918787
8.779153,31,3842.809929
7.881845,26,3843.559912
11.34087,46,3844.851095
10.551105,41,3846.003511
7.586379,28,3846.824941
7.635235,27,3847.598149
6.708208,23,3848.266322
8.956555,32,3849.155782
13.102081,59,3850.854333
6.29545,22,3851.454009
6.587023,24,3852.130392
6.861416,24,3852.805098
7.210109,25,3853.498062
8.077321,30,3854.327032
7.951318,28,3855.114035
8.782409,36,3856.1464
11.294047,46,3857.40998
13.656951,79,3864.210311
9.345289,36,3865.208303
7.103161,27,3865.977854
8.401083,31,3866.855254
8.101008,29,3867.680507
11.217397,48,3868.991748
10.54066,42,3870.165749
11.722303,50,3871.510051
6.801422,24,3872.162144
7.268115,26,3872.86613
7.87502,30,3873.692256
14.885283,87,3876.032316
6.538895,24,3876.681384
8.844244,37,3877.676991
10.058734,37,3878.675046
8.079082,31,3879.551029
12.993551,60,3881.247271
8.037944,28,3882.03161
6.078525,22,3882.656607
8.982132,32,3883.562615
7.263412,26,3884.284364
10.578196,43,3885.492808
8.472261,30,3886.317644
7.66154,27,3887.045222
11.144665,46,3888.313109
7.641327,28,3889.118271
9.401136,34,3890.090698
11.351895,50,3891.512506
7.473049,26,3892.267704
7.395799,26,3893.008043
6.069551,22,3893.636572
7.572573,27,3894.398529
9.331908,37,3895.476614
9.357192,35,3896.495206
8.099991,29,3897.297018
10.174143,45,3898.588274
16.046929,81,3900.861482
7.182503,25,3901.579596
8.483489,36,3902.587865
13.841451,72,3904.619839
8.100635,31,3905.514488
8.275071,33,3906.45968
16.066157,78,3908.643136
9.02292,36,3909.660249
9.871262,39,3910.76262
6.926368,25,3911.460917
10.110898,40,3912.594111
7.311294,28,3913.38715
7.897182,29,3914.214054
7.511826,26,3914.941177
6.383397,23,3915.587219
8.694516,31,3916.44065
8.549109,32,3917.340326
7.146911,25,3918.073757
11.130958,51,3919.478911
7.867897,30,3920.322202
10.014205,43,3926.119339
16.061326,77,3928.21484
11.82611,57,3929.768519
8.642383,32,3930.675399
10.817605,45,3931.942265
8.410987,31,3932.827434
14.122539,63,3934.596707
7.796557,31,3935.456202
9.617192,37,3936.463503
26.6513,160,3940.840929
7.322563,31,3941.692232
8.063292,29,3942.47933
7.136376,28,3943.252626
7.316905,26,3943.979475
7.798467,28,3944.758422
12.007893,57,3946.275139
8.009169,30,3947.08394
9.482983,45,3948.290359
7.66496,28,3949.084264
7.872505,30,3949.953039
7.483239,29,3950.789917
9.963481,41,3951.929094
7.252892,26,3952.693776
7.738346,28,3953.467425
8.35983,31,3954.342526
5.318984,20,3954.934644
12.899887,67,3956.806382
7.520267,30,3957.673194
11.606379,63,3959.461088
7.081423,25,3960.141266
8.880426,34,3961.075458
6.287687,22,3961.6784
16.515584,81,3963.878655
7.886939,30,3964.726321
10.600667,50,3966.098941
8.514441,33,3967.026923
7.580017,29,3967.855878
7.741498,32,3968.751248
7.814266,31,3969.628421
7.318148,26,3970.358083
6.042622,21,3970.969035
7.462013,26,3971.727953
8.931732,34,3972.720372
9.261611,37,3973.777689
6.718998,23,3974.454782
11.718784,55,3975.968583
7.086445,25,3976.652871
8.381224,33,3977.572143
11.25543,53,3979.049675
7.742239,31,3979.942838
9.014988,38,3981.036117
8.15777,32,3981.927436
8.113454,31,3987.402448
8.241738,28,3988.194308
6.962948,26,3988.918139
10.870918,53,3990.514643
6.453827,24,3991.24082
13.096129,67,3993.17986
8.063309,30,3994.033266
5.339438,19,3994.598131
8.469772,36,3995.622398
7.422709,29,3996.442815
7.528746,28,3997.211231
7.855843,29,3998.00601
30.013457,176,4002.821431
6.291754,24,4003.486967
6.495006,23,4004.144764
9.867741,45,4005.383055
7.353557,26,4006.077735
8.532331,35,4007.028845
8.344411,32,4007.91233
32.49864,176,4012.564718
6.564231,27,4013.311597
7.089032,28,4014.068841
7.588328,30,4014.864839
19.138637,121,4018.043148
6.753574,25,4018.723052
28.661135,176,4023.622185
6.004151,23,4024.297188
10.247864,44,4025.501789
7.693451,30,4026.33469
9.26834,34,4027.268192
14.264705,79,4029.394802
8.240436,32,4030.266413
9.335457,40,4031.362448
7.151683,24,4032.021382
7.279199,27,4032.792305
6.817875,24,4033.46777
8.627439,35,4034.465091
9.362991,49,4035.816667
7.203014,29,4036.616683
23.447744,156,4040.914079
27.413952,176,4050.332793
5.942657,22,4050.931294
32.866222,176,4055.663841
9.071321,38,4056.728961
7.624242,30,4057.552889
23.712372,130,4061.117941
11.0854,50,4062.468402
6.310936,22,4063.07728
6.475609,24,4063.759516
8.570047,38,4064.799068
7.595205,29,4065.592109
19.16134,106,4068.444126
10.216847,50,4069.811758
6.639682,24,4070.468921
15.032015,89,4072.900114
32.224894,176,4077.677599
7.084214,25,4078.387455
6.625647,23,4079.051876
7.328278,26,4079.782714
7.450536,28,4080.53233
5.960966,23,4081.139903
8.173514,33,4082.04007
7.731905,30,4082.866474
7.968229,34,4083.75693
28.997474,176,4088.420688
31.437891,176,4093.200134
16.671316,94,4095.840972
10.432107,50,4097.21599
7.551875,30,4098.063348
32.2267,176,4102.869893
7.866066,31,4103.73595
17.351149,102,4111.151242
7.874342,37,4112.15024
7.794494,29,4112.948289
13.751048,81,4115.153759
12.406733,71,4117.067086
7.755779,31,4117.923743
8.985455,42,4119.091801
7.240597,27,4119.837363
34.017385,176,4124.609552
32.021457,176,4129.402667
8.283524,33,4130.337023
29.875879,176,4135.023808
29.236939,176,4139.712793
6.715179,27,4140.438378
7.51321,28,4141.218669
14.699499,80,4143.395748
33.765398,176,4148.104691
34.379279,176,4152.783021
6.825025,27,4153.50651
6.631375,25,4154.175453
14.287318,84,4156.38179
13.538366,79,4158.413693
8.654984,37,4159.420604
34.016006,176,4168.810891
33.695226,176,4173.507118
5.169248,19,4174.030339
9.78362,46,4175.241236
22.681361,128,4178.68318
14.538883,99,4181.32584
8.228161,34,4182.226418
7.023565,26,4182.927733
8.563214,38,4183.984957
16.313475,89,4186.410609
8.915147,45,4187.645303
15.862539,98,4190.316126
8.602446,37,4191.292486
34.113531,176,4195.997518
7.487013,27,4196.761465
34.653359,176,4201.505122
7.389895,29,4202.323028
21.394598,131,4205.872004
16.307736,97,4208.459392
6.579405,24,4209.119819
21.159099,116,4212.19068
7.369135,30,4212.996975
6.287163,24,4213.650983
9.628936,43,4214.802936
6.811499,27,4215.551166
7.736185,31,4216.392245
16.789991,96,4218.961042
8.377059,34,4219.880879
9.778961,52,4221.244855
6.876616,28,4221.973526
29.142188,176,4231.312335
7.264086,28,4232.051688
18.879673,121,4235.285686
7.458216,28,4236.028223
10.979058,78,4238.174793
9.10327,38,4239.188062
34.974067,176,4243.919228
12.360939,81,4246.055788
6.571426,28,4246.816119
33.517617,176,4251.565521
32.86161,176,4256.269569
6.75936,24,4256.932308
32.72071,176,4261.667864
10.142625,46,4262.922678
31.288238,176,4267.666932
30.104968,176,4272.33738
27.451377,157,4276.565796
33.028156,176,4281.235127
7.963053,34,4282.152891
39.140847,176,4291.372407
35.938333,176,4295.974479
15.894433,104,4298.695167
33.865426,176,4303.374742
6.781669,25,4304.0539
7.519988,35,4304.998467
7.451551,31,4305.835756
14.775874,95,4308.369212
7.860334,31,4309.208557
6.803019,27,4309.943098
17.445233,108,4312.791144
7.171049,29,4313.5595
35.469615,176,4318.255294
16.562994,103,4320.951811
37.203445,176,4325.57905
8.118235,32,4326.451115
31.312115,176,4331.080525
15.735681,96,4333.611034
29.093369,176,4338.318417
34.519084,176,4347.600914
12.296735,78,4349.686686
18.986703,116,4352.729406
37.409487,176,4357.305632
7.129506,30,4358.085396
7.250641,30,4358.874288
15.073342,95,4361.32747
21.925027,134,4364.717286
34.547696,176,4369.235467
33.156043,176,4373.784595
7.752012,41,4374.891322
20.635378,119,4377.995696
19.643631,118,4381.049443
33.41659,176,4385.645256
32.562904,176,4390.225432
10.629639,73,4392.104696
5.836439,23,4392.701858
36.094004,176,4397.303451
34.114704,176,4406.440671
32.213115,176,4411.035258
7.390079,34,4411.937984
15.616144,102,4414.582269
30.071991,176,4419.154325
22.894731,144,4422.884844
32.489809,176,4427.316475
36.10863,176,4431.581753
8.074269,36,4432.458685
33.911347,176,4436.887053
31.052153,176,4441.402354
34.573048,176,4445.904307
7.515117,33,4446.750453
26.697163,158,4450.809232
34.834006,176,4455.278648
22.665551,138,4463.146548
8.343152,38,4464.116922
21.1573,125,4467.295156
23.421292,138,4470.828
32.335641,176,4475.275732
25.41698,144,4478.855389
21.586912,119,4481.793132
40.378036,176,4486.069141
34.700738,176,4490.30195
36.619152,176,4494.472164
18.685048,113,4497.169433
18.198379,114,4499.901195
27.187253,160,4503.756476
15.574137,106,4506.412058
28.96973,155,4510.174734
33.971417,176,4518.663897
34.083564,176,4522.821213
6.736352,28,4523.492435
35.698793,176,4527.722991
33.890491,176,4531.899689
33.717458,176,4536.067237
35.024916,176,4540.272623
32.068891,176,4544.451522
6.789988,28,4545.134305
33.747981,176,4549.272431
32.657352,176,4553.410959
16.588761,119,4556.207735
35.417268,176,4560.373465
21.571839,129,4563.468338
13.10596,87,4569.758109
8.580977,39,4570.67585
20.846471,121,4573.540094
40.360593,176,4577.660868
5.900409,26,4578.302087
11.487076,72,4580.003767
38.370898,176,4584.13223
37.215504,176,4588.306032
36.841635,176,4592.429678
37.086286,176,4596.574302
6.667766,32,4597.341627
27.824824,152,4600.883594
28.872143,158,4604.596332
35.977867,176,4608.721217
6.536038,25,4609.327902
7.225555,31,4610.072352
33.144171,176,4614.242905
36.650309,176,4622.790807
37.201322,176,4626.972859
35.519503,176,4631.125971
34.52896,176,4635.236077
31.714181,176,4639.358533
15.919381,116,4642.0478
36.342207,176,4646.152516
33.95661,176,4650.30849
17.055431,123,4653.186568
31.345059,176,4657.31868
32.547043,176,4661.488466
21.745955,139,4664.750865
37.391732,176,4668.867517
33.87898,176,4677.42338
13.766451,93,4679.685437
36.873274,176,4683.951535
34.497184,176,4688.20172
14.214399,90,4690.335057
24.611396,137,4693.531699
34.899133,176,4697.646578
36.914277,176,4701.77476
33.943666,176,4705.906717
36.453052,176,4710.055537
33.695484,176,4714.159035
36.490225,176,4718.283998
25.143566,141,4721.590209
14.94852,114,4728.706702
35.725242,176,4733.002691
32.637462,176,4737.258539
34.621179,176,4742.484311
37.038427,176,4746.852406
34.345735,176,4750.996939
35.443306,176,4755.101044
38.085483,176,4759.208396
34.934177,176,4763.311105
6.658718,32,4764.07777
36.789353,176,4768.191451
21.334323,145,4771.572941
34.908522,176,4775.688065
31.477539,176,4784.277541
35.646668,176,4788.438322
37.44928,176,4792.565593
34.155933,176,4796.886033
36.149906,176,4801.070695
35.283035,176,4805.314512
35.151098,176,4809.588665
35.84622,176,4813.836635
7.537053,37,4814.848567
5.985094,25,4815.494118
34.391258,176,4821.026988
37.737097,176,4826.527298
35.888749,176,4832.556453
33.378638,176,4843.673331
37.8093,176,4848.656049
30.100474,176,4853.249228
30.554787,176,4858.587183
27.645356,155,4863.571577
29.396695,176,4869.268037
35.54245,176,4874.110651
35.598364,176,4879.55351
37.700889,176,4885.188444
32.321134,176,4890.932645
34.558778,176,4896.553893
33.081099,176,4901.922292
34.523069,176,4917.784133
37.613249,176,4922.598482
32.093481,176,4928.608986
33.997306,176,4934.809853
29.825104,176,4941.023621
33.381737,176,4946.436882
39.208374,176,4950.660149
34.583525,176,4955.943872
36.684555,176,4961.037827
21.321471,139,4964.334511
37.624963,176,4968.612866
37.867134,176,4977.171235
14.452484,99,4979.564322
33.727183,176,4983.798334
36.699098,176,4987.972621
35.678569,176,4992.128906
36.12738,176,4996.298268
34.16473,176,5000.429667
7.044551,30,5001.140772
36.253946,176,5005.307479
19.854461,129,5008.369956
32.970068,176,5012.53702
7.227793,31,5013.300491
12.850627,73,5015.03945
8.056187,40,5015.998612
35.487011,176,5020.1947
40.457373,176,5024.343648
36.29311,176,5032.762862
34.451843,176,5036.95032
24.819687,162,5040.840454
35.035189,176,5045.129816
37.364147,176,5049.302095
38.427321,176,5053.48433
8.131615,41,5054.472207
7.501631,37,5055.384007
38.826571,176,5059.549692
8.38528,58,5060.926864
17.769081,110,5063.552741
40.421966,176,5067.734568
40.835295,176,5071.881086
38.601487,176,5076.046338
38.906358,176,5084.522209
35.113905,176,5088.692563
33.80918,176,5092.8625
31.128633,176,5097.041883
34.918496,176,5101.253395
40.285554,176,5105.5091
36.609683,176,5109.654406
15.61409,100,5112.012215
38.437724,176,5116.200788
38.660415,176,5120.365583
37.861898,176,5124.529197
39.809194,176,5128.699635
