#{"t_start": 1774709417.233123, "env_id": "continuous-exit-v0"}
r,l,t
1.747174,6,15.649889
0.730371,3,15.802886
3.876837,11,16.349941
6.004818,14,17.089577
0.687694,3,17.205115
0.349229,2,17.289394
-7.4379,7,17.86074
0.311649,2,18.045852
-8.435084,4,18.380498
-8.597447,4,18.570719
-6.790154,8,19.047827
2.237825,7,19.443915
3.495486,11,20.060524
-7.440637,6,20.469209
0.752407,3,20.660276
-7.601969,7,21.101249
2.236142,7,21.452151
0.745625,3,21.625702
1.098313,4,21.830554
0.962183,4,22.073585
-6.552079,8,22.515382
0.350493,2,22.6361
3.41437,10,23.238782
-7.869068,6,23.632637
1.993313,6,24.042141
-8.377065,4,24.29572
-8.37443,4,24.614245
-8.251975,5,24.93002
1.574902,5,25.234895
1.342347,5,25.544672
0.33725,2,25.696759
-7.161949,7,26.164452
0.331234,2,26.289224
3.658188,9,26.909355
0.691281,3,27.104219
-7.195965,7,27.524876
0.33725,2,27.635739
1.067539,4,27.834803
0.312084,2,27.952011
0.311957,2,28.049636
-8.665963,4,28.271922
2.493054,7,28.639928
1.278316,5,28.911158
0.363,2,29.00459
-7.340668,7,29.414824
1.00514,4,29.625483
1.465878,6,29.942106
5.276563,13,30.621335
0.320084,2,30.743699
2.413995,8,31.284939
0.734281,4,31.503593
-8.476927,4,31.746641
0.354501,2,31.893551
-7.499512,6,32.274399
1.400472,5,32.593328
1.045146,4,32.845387
1.260495,5,33.175292
1.660628,6,33.503711
-5.679593,12,34.097499
-8.000701,5,34.368695
0.33725,2,34.485852
0.355494,2,34.599458
1.609571,5,34.865062
-7.041745,7,35.269207
0.373098,2,35.38556
0.752441,3,35.550832
0.67637,3,35.689049
-7.988174,5,35.950666
0.776092,3,36.093653
0.359736,2,36.195625
0.358496,2,36.30599
1.909718,6,36.637997
0.314004,2,36.728409
0.719322,3,36.872298
1.142147,4,37.072708
3.64677,12,37.644255
2.852253,9,38.065913
1.085026,4,38.27709
0.682193,3,38.436065
1.486772,5,38.702286
3.593112,10,39.268155
0.336149,2,39.480886
0.359039,2,39.603767
-8.536248,4,39.874851
1.482978,5,40.218248
0.33725,2,40.371458
1.906112,6,40.769247
-6.207678,11,41.805928
0.332703,2,41.943394
-8.088752,5,42.18812
1.043941,4,42.419528
0.712022,3,42.584333
0.357094,2,42.698877
0.679166,3,42.879047
2.629508,8,43.273424
-8.186744,5,43.505366
1.775285,6,43.86109
2.286743,7,44.301759
-7.172866,7,44.70398
1.070103,4,44.915384
-6.054472,11,45.477708
0.348299,2,45.595719
0.33725,2,45.67389
0.718412,3,45.819182
0.744157,3,45.943994
1.057731,4,46.153817
-8.098887,5,46.439747
0.325733,2,46.550643
-7.578713,7,46.921951
0.322329,2,47.02745
7.389089,17,47.851325
-8.551657,5,48.051789
0.320291,2,48.140367
-8.33227,5,48.33764
0.311285,2,48.426751
1.155782,5,48.627474
0.356769,2,48.71341
-7.077074,8,49.023086
0.350957,2,49.115383
2.520696,8,49.671214
0.324677,2,49.794575
-8.544784,4,49.961321
3.946247,10,50.419321
0.690353,3,50.609293
-7.54184,7,50.95475
-7.624017,7,51.323289
5.247661,14,52.012951
0.684714,3,52.205462
-8.245819,4,52.454337
-7.068895,8,52.958733
0.747753,3,53.139488
1.075898,4,53.356512
1.107259,4,53.577177
0.33725,2,53.685232
0.334764,2,53.785005
0.370333,2,53.892063
0.362542,2,53.991769
0.329904,2,54.122765
-7.40676,6,54.549716
1.778953,6,54.957204
0.351651,2,55.078537
-8.294907,5,55.389303
1.309199,5,55.714858
-7.975816,5,56.006301
-7.985684,5,56.243008
0.360309,2,56.342987
-7.895798,5,56.613695
-8.207727,5,56.907678
0.321899,2,57.015747
0.33725,2,57.120421
0.755531,4,57.34503
-7.952581,5,57.604898
2.369003,7,57.928498
0.999428,4,58.13893
-8.525373,4,58.327097
1.600356,5,58.611242
-8.007566,5,58.877954
0.350495,2,58.977268
0.32209,2,59.097394
1.073127,4,59.316688
0.317739,2,59.434023
1.515782,5,59.7152
2.697511,7,60.099592
-7.15644,7,60.499898
1.473469,5,60.752291
1.059725,4,60.951191
2.11616,7,61.357844
5.90415,13,62.107462
-8.477578,5,62.433544
1.960953,6,62.805015
3.016467,9,63.257136
0.311968,2,63.34559
-5.6316,10,63.82883
0.33725,2,63.959198
0.332807,2,64.06158
-7.214079,7,64.389899
0.741484,3,64.529087
0.335124,2,64.632814
-6.521705,8,65.004308
-8.10595,6,65.324625
-8.677819,4,65.507545
2.082924,6,65.816649
0.311285,2,65.901897
0.365425,2,66.001511
-7.551929,6,66.278291
5.005255,13,66.918069
-5.487227,10,67.434881
0.33725,2,67.553571
2.855992,9,67.99651
0.388339,2,68.104875
2.229652,7,68.579782
-6.309126,10,69.293249
-7.701393,6,69.583702
1.431351,5,69.82101
1.374815,5,70.079059
-4.104686,14,70.865994
0.777201,3,71.020362
2.542738,8,71.434452
0.320462,2,71.545386
1.85289,6,71.876943
0.331796,2,71.958074
0.33725,2,72.037141
1.891981,6,72.275178
0.705319,3,72.395804
0.322554,2,72.485182
4.536459,13,73.246296
0.738558,3,73.412648
0.719674,3,73.605745
1.477979,5,73.88829
-7.794832,6,74.153325
1.888,6,74.439365
-8.523018,4,74.661052
-7.061804,8,75.09602
1.023643,4,75.329931
0.388523,2,75.435066
0.334185,2,75.553912
-6.875637,9,76.045596
0.74642,3,76.191723
0.328675,2,76.309857
1.121962,4,76.535888
0.330826,2,76.676487
-7.304319,7,77.110886
0.367435,2,77.232521
0.772477,3,77.422904
0.722883,3,77.627853
1.137909,5,77.976915
0.322518,2,78.114248
2.615409,8,78.531468
0.331771,2,78.609213
0.719945,3,78.742774
1.443363,5,79.03248
1.149898,4,79.276861
3.089514,9,79.769858
0.33725,2,79.877372
0.696797,3,80.056514
0.336958,2,80.168244
-7.3587,7,80.56218
3.148946,10,81.044423
-8.373003,5,81.244776
1.37689,5,81.434449
-7.14152,7,81.713001
0.361362,2,81.801763
1.092039,4,81.977675
-8.17814,5,82.177368
1.040583,5,82.380287
0.347732,2,82.45815
3.465544,10,82.866462
2.12162,7,83.136071
3.020396,9,83.510107
0.369395,2,83.598161
0.327309,2,83.687612
-8.316273,4,83.841466
-2.595321,15,84.424147
1.688544,6,84.65737
-7.16783,7,84.938987
-8.238537,5,85.271629
3.112325,9,85.907149
-7.948329,5,86.320249
0.315469,2,86.442065
-7.988996,5,86.765173
-8.39775,5,87.083887
-7.957274,5,87.380119
-8.008466,5,87.694537
-6.582793,8,88.232202
0.32447,2,88.361376
0.332747,2,88.487763
-8.165819,5,88.818268
1.702255,6,89.20208
0.349332,2,89.311337
0.325912,2,89.493877
0.363368,2,89.622545
0.356587,2,89.736862
2.450026,7,90.246239
-8.193525,5,90.548746
0.324577,2,90.65574
2.649277,8,91.082737
2.948076,9,91.577211
1.234682,5,91.846888
-7.679343,6,92.235433
-6.674439,11,92.886194
2.681161,8,93.386803
1.450025,5,93.69966
-7.40981,6,94.062297
0.721958,3,94.228537
-8.583053,4,94.455988
0.674346,3,94.612826
1.025731,4,94.813486
0.312287,2,94.921149
1.440412,5,95.179393
0.311285,2,95.311959
1.214006,5,95.565054
3.113382,10,96.103571
-8.321455,4,96.311658
1.785841,6,96.653163
-8.559184,4,96.866231
1.274816,5,97.143039
0.350884,2,97.24921
2.93996,9,97.759627
-7.607202,6,98.151587
2.542162,8,98.756017
0.737216,3,98.923629
-8.064798,5,99.269127
0.311285,2,99.390347
1.820766,6,99.811326
4.157068,13,100.616337
-8.04699,5,100.88104
1.691676,6,101.145452
-7.919377,6,101.464742
1.067849,4,101.685519
1.245473,5,101.93656
0.355387,2,102.064679
1.96176,6,102.412548
2.958898,8,102.887481
0.766525,3,103.075559
1.765791,6,103.45046
0.685983,3,103.625118
0.339806,2,103.744425
-6.422779,8,104.201955
1.925167,7,104.628602
-8.407079,4,104.901759
-7.508953,6,105.300332
6.510448,21,106.412933
2.643659,8,106.890943
-6.913165,7,107.318364
-7.70593,6,107.640128
0.332491,2,107.749441
3.573952,10,108.259433
0.317089,2,108.386636
-7.747663,6,108.657843
1.119149,4,108.878388
0.344072,2,108.999132
-6.699704,9,109.462368
0.692332,3,109.640063
1.407134,5,109.92785
1.134341,5,110.189123
0.332483,2,110.306469
-6.63153,8,110.819166
-8.11839,5,111.163261
1.855407,6,111.545105
1.496626,5,111.855476
2.920648,10,112.33844
-8.694278,4,112.579816
2.445013,8,112.993669
0.322875,2,113.114644
0.769847,3,113.286485
0.321248,2,113.413869
0.358441,2,113.514712
0.325972,2,113.627863
1.35786,5,113.910646
-4.972911,12,114.520837
0.693328,3,114.67108
0.33725,2,114.780994
0.311285,2,114.904147
2.4221,8,115.357259
0.753259,3,115.506358
1.050664,4,115.696129
1.894934,6,115.930697
0.331987,2,116.007583
0.703378,3,116.129467
1.118427,4,116.291659
-8.530246,4,116.445876
-8.046404,5,116.732495
0.331149,2,116.886849
-5.946751,10,117.548608
0.366697,2,117.637426
0.691811,3,117.761878
4.037668,11,118.509983
-6.267495,10,118.954035
1.305637,5,119.262916
-7.676457,6,119.652937
0.389435,2,119.772765
0.339853,2,119.899681
-5.11163,14,120.622679
-7.883176,6,120.907666
-8.12123,5,121.143352
2.407922,8,121.572712
4.340023,12,122.295169
0.311285,2,122.407802
-6.20856,9,123.047188
1.10117,4,123.31179
0.316866,2,123.399064
-6.977615,8,123.744454
0.334426,2,123.823406
0.75638,4,123.99905
0.333925,2,124.089928
1.418803,5,124.344856
0.33725,2,124.46259
0.320358,2,124.562449
-7.228601,7,124.967217
0.335219,2,125.095362
1.40709,5,125.360235
2.183776,7,125.709373
0.3601,2,125.795848
1.42808,5,126.083355
0.721349,3,126.214628
0.336298,2,126.335972
0.704461,3,126.498256
0.311285,2,126.605764
0.35079,2,126.722958
2.349906,8,127.125682
1.120753,5,127.396248
1.115827,5,127.652764
0.317997,2,127.757628
0.380589,2,127.870943
0.321756,2,127.984759
1.020338,4,128.213596
-8.519002,4,128.398079
-8.086863,5,128.636976
0.311285,2,128.763424
2.070619,7,134.232641
0.327494,2,134.387983
-8.643628,4,134.667211
0.328013,2,134.806147
-8.058906,5,135.188678
0.701347,3,135.476295
3.835091,12,136.365911
-7.375256,7,136.852842
-7.687486,6,137.303662
-8.175439,5,137.640521
1.091667,4,137.892948
0.311285,2,138.01288
0.714662,3,138.1856
0.336628,2,138.3057
2.403467,8,138.730409
0.327134,2,138.821678
-8.555596,4,139.049634
0.37154,2,139.140208
0.663786,3,139.324008
1.339828,5,139.56762
0.34636,2,139.672469
3.678125,11,140.196244
-8.616471,4,140.449369
0.730078,3,140.643879
0.378338,2,140.748727
0.33725,2,140.902773
0.328176,2,141.010331
0.712453,3,141.202957
0.388011,2,141.31809
0.353073,2,141.483992
-7.635549,6,141.846808
1.446635,5,142.220286
0.686281,3,142.390122
0.752314,3,142.567185
0.326094,2,142.720881
0.321836,2,142.866898
3.902413,10,143.390443
0.332495,2,143.484968
0.350023,2,143.600589
1.039172,4,143.815763
0.323124,2,143.913226
-8.669507,4,144.178594
0.33725,2,144.302675
0.37325,2,144.432324
0.317029,2,144.564824
0.681897,3,144.717435
1.14001,4,144.959633
0.372729,2,145.06983
-7.035471,7,145.424991
1.201162,5,145.742579
0.721689,3,145.921086
0.33725,2,146.01533
0.969204,5,146.271936
0.368005,2,146.396371
-5.202431,11,146.943996
0.311285,2,147.047579
3.460166,9,147.539299
0.323946,2,147.646399
1.472436,5,147.910093
1.69175,6,148.208702
0.311285,2,148.289174
0.33469,2,148.394444
-7.582007,7,148.78248
0.357815,2,148.890007
5.731333,15,149.654511
0.335656,2,149.77468
4.014537,12,150.467458
-8.51253,5,150.828863
2.038777,6,151.225323
-7.575442,6,151.639243
0.32401,2,151.776534
0.372244,2,151.913098
1.949956,6,152.302376
0.719648,3,152.516381
1.405613,5,152.900989
2.494579,8,153.442835
0.311285,2,153.58203
0.331184,2,153.722685
0.716781,3,153.903781
3.404359,10,154.535886
1.843001,6,154.817906
0.314236,2,154.917147
1.047853,4,155.123242
1.339461,5,155.390473
0.33725,2,155.486259
-7.002554,8,155.922879
0.313277,2,156.013427
1.05471,4,156.22037
1.003506,5,156.46621
0.32883,2,156.573452
0.33725,2,156.70644
4.857075,14,157.353844
1.309239,5,157.600504
0.356278,2,157.703233
0.715293,3,157.834543
2.13236,7,158.235027
0.72232,3,158.400053
1.210455,5,158.666242
-8.00949,6,158.999773
6.501457,18,159.913769
3.533783,11,160.467241
-6.615414,9,160.926802
1.157992,4,161.159134
1.020893,4,161.36216
1.472241,5,161.616269
3.851409,10,162.120823
0.364611,2,162.21818
-7.399782,7,162.628633
-8.084718,6,162.963642
1.480936,5,163.246702
1.482168,5,163.507473
0.320383,2,163.638423
2.475876,8,164.070609
0.33725,2,164.173568
0.311285,2,164.27774
-7.449681,6,164.628396
0.318011,2,164.743454
0.339297,2,164.903404
0.333375,2,165.00754
0.330221,2,165.128636
1.079852,4,165.359739
0.718894,3,165.516033
1.946281,6,165.77038
1.462109,6,166.016716
1.043974,4,166.253824
2.24593,8,166.794154
0.332459,2,166.899187
1.768207,6,167.305661
1.814369,6,167.639896
1.139756,4,167.840902
-7.545703,6,168.167698
-7.768722,6,168.484762
0.355337,2,168.582881
0.729271,3,168.728582
1.036627,4,168.930336
0.326887,2,169.049205
0.351578,2,169.152923
0.739076,4,169.375613
0.731084,3,169.499281
1.94806,6,169.785799
0.370473,2,169.905342
0.751018,3,170.071062
2.448086,7,170.657634
0.311285,2,170.751613
0.725761,3,170.883432
1.44109,5,171.08334
0.323252,2,171.174628
0.74413,4,171.352215
1.031163,4,171.597779
4.095337,10,172.103411
3.087802,10,172.631337
0.311285,2,172.745662
2.480011,8,173.177351
-8.128507,5,173.441964
0.311735,2,173.528756
1.38188,5,173.773361
3.631832,12,174.394565
0.748623,3,174.566842
0.336204,2,174.663319
1.026077,4,174.895116
2.016047,6,175.185272
0.707457,3,175.3089
1.488138,5,175.51948
-6.388221,10,175.898016
0.700685,3,176.019376
1.735983,6,176.265963
0.767451,3,176.376225
1.795248,6,176.609676
0.343611,2,176.698749
0.694281,3,176.828997
0.682372,3,176.952372
0.33725,2,177.058428
0.318348,2,177.152387
-7.797738,6,177.520216
0.33725,2,177.640813
1.766475,7,178.128627
0.337231,2,178.255535
1.203556,5,178.470837
0.354829,2,178.586166
0.327124,2,178.681997
0.702579,3,178.868321
0.74595,3,179.020135
0.739445,3,179.17824
-6.656304,10,179.754317
-7.782903,6,180.076844
1.141779,5,180.425849
0.753641,3,180.622175
0.791691,4,180.929833
-7.982551,5,181.308186
0.665805,3,181.470562
0.338064,2,181.629469
-7.541648,6,182.003465
1.821811,6,182.358649
0.327699,2,182.472703
0.33725,2,182.591972
0.68734,3,182.828144
0.324777,2,182.946195
0.351645,2,183.049851
0.33725,2,183.17468
0.33725,2,183.293791
-8.311159,5,183.572102
1.029343,4,183.77723
0.361485,2,183.89702
0.327424,2,183.985776
0.728426,3,184.156746
0.346908,2,184.276232
0.702452,3,184.427562
3.137165,9,184.90697
3.193469,9,185.401491
-8.204899,5,185.721731
2.692646,8,186.293543
-8.136619,5,186.622512
-7.401845,6,186.998863
0.335652,2,187.137613
-8.08748,5,187.401537
1.186595,5,187.703022
0.325229,2,187.832288
-8.004943,5,188.146929
0.346737,2,188.273578
0.33725,2,188.421752
2.630398,7,188.885288
0.374747,2,189.021863
3.28312,8,189.433946
1.126809,5,189.707076
1.041327,4,189.951165
0.357255,2,190.081242
-7.218632,7,190.481735
1.772273,6,190.810648
1.091797,4,191.028875
0.75487,3,191.184267
0.760973,3,191.369675
-8.36292,5,191.64703
0.325086,2,191.753282
4.591034,12,192.305847
1.054442,4,192.533019
2.367926,8,192.962993
0.753879,3,193.151756
0.662258,3,193.369486
2.237969,7,193.840103
0.321865,2,193.9593
0.345633,2,194.120751
1.049105,4,194.375974
1.46355,5,194.707346
0.335365,2,194.810292
0.729269,3,194.97834
0.316273,2,195.081388
1.136125,4,195.284771
0.33725,2,195.394877
2.143161,7,195.770319
-8.255678,5,196.03365
5.250671,15,196.764698
-7.296678,7,197.146067
5.173432,14,197.844646
0.372543,2,197.94198
0.324473,2,198.042016
0.340238,2,198.147562
0.33725,2,198.267401
1.855947,6,198.564928
-6.720321,9,199.013866
1.39311,5,199.241339
1.212478,5,199.43941
0.314911,2,199.528323
0.316524,2,199.616118
1.025527,4,199.776153
0.369914,2,199.868107
1.026344,4,200.035215
0.359153,2,200.113625
0.361751,2,200.203434
0.732585,3,200.31486
-8.710898,4,200.493984
2.053917,6,200.803885
0.330836,2,200.970256
0.386568,2,201.116989
1.158354,5,201.436509
1.86445,6,201.819611
3.548109,11,202.340169
0.320739,2,202.427549
0.356007,2,202.528281
-8.043402,5,202.798303
-8.165091,5,203.064069
0.340077,2,203.174887
0.336691,2,203.282903
0.334339,2,203.376858
1.096117,4,203.593143
0.32186,2,203.680191
2.025142,6,204.026833
0.36514,2,204.135141
1.128757,4,204.429493
0.31693,2,204.573056
3.293863,9,205.298126
0.725453,3,205.446243
1.773959,7,205.846672
2.116228,7,206.194443
1.147752,4,206.383276
0.348262,2,206.492462
-7.792209,6,206.816947
1.078366,4,207.030845
2.514398,8,207.457642
-6.776785,9,207.928673
-8.097092,5,208.241908
-8.153666,5,208.531233
2.703484,9,209.165519
0.321578,2,209.30665
0.31958,2,209.431504
0.706878,3,209.661432
0.328984,2,209.796511
1.366806,5,210.156001
3.931378,11,210.840828
0.330628,2,210.970216
2.577852,8,211.485975
2.851963,8,211.918407
-8.074937,5,212.206004
-8.208957,5,212.464958
0.694268,3,212.631999
0.326928,2,212.727757
0.373549,2,212.843461
0.318827,2,212.94175
0.317175,2,213.051653
0.378168,2,213.15815
-8.301722,5,213.437419
0.337695,2,213.551264
-8.430648,4,213.763925
1.501956,5,214.03718
3.054503,8,214.42232
0.366628,2,214.534784
2.434977,8,214.953289
-6.716198,7,215.295113
0.313998,2,215.400945
0.749959,3,215.567136
0.704723,3,215.738937
-5.683215,11,216.328456
0.314482,2,216.429033
0.33725,2,216.520625
-7.202793,7,216.879973
2.449614,7,217.264175
0.329932,2,217.393954
-8.363786,5,217.654165
1.055244,5,217.931256
-7.272743,7,218.329441
0.757642,3,218.479992
0.694899,3,218.652879
0.695924,3,218.825279
0.348475,2,218.926815
1.368722,5,219.223804
0.376361,2,219.318879
0.346136,2,219.398581
1.014134,4,219.579125
1.654647,6,220.009496
0.333966,2,220.208814
1.485421,5,220.637409
0.34111,2,220.76795
-8.237853,5,221.140269
0.313893,2,221.288814
1.95072,6,221.742837
0.718057,3,221.890655
-7.742198,6,222.143543
-8.572659,4,222.350566
0.37907,2,222.459892
0.743788,3,222.607226
2.500365,8,223.069508
0.365762,2,223.16921
0.34664,2,223.278853
1.786956,6,223.558483
-6.665629,7,223.927772
0.317134,2,224.033644
0.318771,2,224.126205
0.326379,2,224.242365
2.569407,8,224.660728
0.33725,2,224.766319
2.549207,8,225.15003
0.3561,2,225.232924
1.805997,7,225.571896
0.319083,2,225.687366
0.366197,2,225.800792
2.289927,7,226.16825
0.320417,2,226.25562
2.419657,7,226.568192
1.825884,6,226.842795
0.33725,2,226.955783
0.312196,2,227.04247
0.350099,2,227.136775
0.38259,2,227.234123
1.133321,4,227.419679
0.370369,2,227.548745
1.988947,6,227.788842
1.931567,6,228.085248
-6.411913,8,228.498688
0.656815,3,228.676517
-7.030493,8,229.071812
0.316431,2,229.162054
0.317059,2,229.301578
0.721282,3,229.455894
0.733778,3,229.636645
0.375902,2,229.732683
0.33198,2,229.837877
1.44696,5,230.079852
1.482479,5,230.257377
-7.811049,6,230.486382
0.325512,2,230.574085
0.344292,2,230.663655
0.962833,5,230.87508
0.334393,2,230.953237
0.35427,2,231.041276
-2.828253,15,231.648388
1.734251,6,231.891714
0.763091,3,232.073612
0.33725,2,232.173229
0.326191,2,232.333663
0.669285,3,232.524079
0.334551,2,232.649849
-8.102967,5,232.989044
1.885137,6,233.343365
0.718042,3,233.476713
0.356353,2,233.567571
1.031938,4,233.768902
1.122911,5,234.015844
0.327345,2,234.146797
-5.511438,11,234.770563
2.211663,7,235.311725
0.386753,2,235.431632
0.345923,2,235.545638
2.666309,8,235.995306
1.056916,5,236.306882
-1.942987,19,237.328273
1.855425,6,237.660184
0.31385,2,237.765918
2.896491,9,238.215946
-8.170137,5,238.49506
0.332269,2,238.662116
-8.32139,5,238.986101
-5.738409,9,239.704586
1.063908,4,239.891077
0.366812,2,239.983948
0.346023,2,240.12438
0.686202,3,240.282583
0.345683,2,240.39789
2.583559,7,240.714493
0.760652,3,240.85154
0.354073,2,240.971843
1.977456,6,241.329938
0.694248,3,241.541336
0.701778,3,241.747928
-8.085835,5,242.063591
-7.75258,6,242.467592
0.311285,2,242.584754
-5.398704,11,243.246101
0.311285,2,243.362572
1.09876,4,243.595109
0.316225,2,243.708249
-7.734722,7,244.100439
1.082101,4,244.343352
0.690716,3,244.50189
0.333024,2,244.622868
2.533254,7,245.06075
0.769223,3,245.24768
0.739767,3,245.447984
3.758418,11,246.178133
0.32239,2,246.255372
1.919262,6,246.536108
3.65061,9,246.989635
0.715571,3,247.166491
0.334194,2,247.275538
1.130423,4,247.477994
0.312566,2,247.583164
-7.624697,6,247.84271
-8.11973,5,248.166573
0.311285,2,248.287928
3.147943,9,253.918345
0.347166,2,254.031735
2.683787,8,254.481301
-7.56374,7,254.856811
0.704196,3,255.036809
0.345849,2,255.151039
0.365211,2,255.26872
1.360794,5,255.552909
0.993225,4,255.768988
2.842856,8,256.247363
2.616264,8,256.70852
0.320898,2,256.828197
0.323451,2,256.940608
3.743206,11,257.660957
0.311285,2,257.835174
0.379767,2,257.99277
0.324238,2,258.104344
0.311285,2,258.311085
0.311285,2,258.515164
-5.497029,12,259.337023
0.33064,2,259.454918
0.364699,2,259.546192
0.336937,2,259.660386
0.347154,2,259.776999
0.375653,2,259.903015
1.317212,5,260.181019
0.33725,2,260.313242
1.026644,4,260.550982
-5.352133,10,261.069877
3.735,11,261.65145
2.344686,7,262.069731
0.718996,3,262.270927
0.38384,2,262.389386
0.3388,2,262.5147
0.359534,2,262.638506
0.328042,2,262.763298
4.078951,13,263.575878
0.327107,2,263.705497
0.326002,2,263.837605
0.707418,3,264.03623
0.348744,2,264.186487
2.078108,7,264.562529
0.311285,2,264.663184
3.040656,9,265.145823
2.629048,8,265.603398
1.073643,4,265.849125
0.328768,2,265.956005
5.733998,17,266.81532
6.708774,23,268.010915
-6.609089,7,268.371015
1.427968,5,268.620655
0.318663,2,268.697554
0.33725,2,268.785738
0.706482,3,268.91915
1.15356,4,269.09002
0.313532,2,269.175879
0.360375,2,269.252821
-8.202893,5,269.431505
-8.063728,5,269.652983
0.360116,2,269.742014
0.331517,2,269.818436
2.789702,8,270.141167
1.769778,6,270.390067
1.047025,5,270.697824
0.324878,2,270.796708
1.141853,4,271.042837
1.418062,5,271.338707
0.326482,2,271.463555
0.357104,2,271.624956
1.916128,6,272.020583
0.33725,2,272.135797
1.013778,4,272.307026
1.904939,6,272.602821
0.353957,2,272.702795
0.312822,2,272.817852
0.331309,2,272.945088
1.328237,5,273.184787
-6.712679,8,273.692423
0.327339,2,273.825433
1.562022,5,274.113241
0.332678,2,274.2361
4.196686,10,274.932768
-7.693999,7,275.278985
0.362801,2,275.384244
3.090884,10,275.988862
0.33779,2,276.112171
0.71778,3,276.313167
0.388273,2,276.432719
0.730647,3,276.578625
0.369075,2,276.680537
1.047197,4,276.86748
0.701508,3,276.998308
0.333115,2,277.118727
0.343999,2,277.206269
1.360322,5,277.440967
0.323246,2,277.531128
-6.876713,8,277.956214
0.32093,2,278.055875
1.951379,6,278.365074
1.070312,5,278.633874
2.584683,8,279.047996
0.894798,4,279.269664
0.763723,3,279.436575
0.324762,2,279.533691
0.705915,3,279.703547
0.733846,3,279.870697
1.074798,5,280.141683
0.345511,2,280.234974
0.319317,2,280.358742
0.33725,2,280.459265
0.33725,2,280.555617
0.318954,2,280.657158
0.684381,3,280.845531
0.316058,2,280.943556
0.341046,2,281.072486
0.335334,2,281.188573
1.197241,5,281.476536
6.103611,16,282.431971
0.331009,2,282.5436
0.311285,2,282.667768
-8.440314,4,282.844907
-6.632034,8,283.201872
0.720177,3,283.355892
0.386047,2,283.462973
0.996329,4,283.675801
0.349008,2,283.78649
0.352092,2,283.877982
2.491592,8,284.288316
0.314534,2,284.42627
0.313555,2,284.510226
-8.216368,5,284.744995
-7.642054,6,285.053978
0.747827,3,285.23049
0.705554,3,285.384431
0.33725,2,285.498146
0.348355,2,285.628525
0.690584,3,285.785797
1.637268,6,286.115604
0.312826,2,286.202622
0.32486,2,286.316958
1.694273,6,286.637856
0.330596,2,286.743224
0.703768,3,286.909719
0.726503,3,287.064526
0.330657,2,287.196843
-8.533321,4,287.429171
0.33725,2,287.55719
0.33725,2,287.666508
1.043935,4,287.870617
0.345734,2,287.991682
0.690675,3,288.170877
3.453072,9,288.811757
0.314513,2,289.006279
1.075503,4,289.198062
0.326867,2,289.286954
0.342778,2,289.363224
0.31631,2,289.473192
1.644673,6,289.734633
1.037771,4,289.952963
0.323588,2,290.046857
0.369951,2,290.167302
0.743275,3,290.336438
1.095709,4,290.575421
0.365875,2,290.696443
0.369481,2,290.803988
3.536383,9,291.470923
0.686435,3,291.731462
0.315857,2,291.846489
0.319344,2,291.978403
0.345519,2,292.092607
2.176801,7,292.578775
2.435948,8,293.003902
1.741611,6,293.321668
0.711993,3,293.509907
0.33725,2,293.629357
0.311285,2,293.74457
0.326876,2,293.854109
0.692962,3,294.038322
0.385757,2,294.160954
0.767496,3,294.344243
0.698652,3,294.491734
1.264799,5,294.780886
3.915431,10,295.40918
0.311285,2,295.555013
0.311285,2,295.704153
0.33725,2,295.846653
0.319849,2,295.960565
0.311448,2,296.112951
0.311285,2,296.216578
0.976771,5,296.488404
4.442117,14,297.298449
0.321179,2,297.414097
0.331986,2,297.527682
-8.469997,5,297.802747
0.346931,2,297.93112
1.877287,6,298.280599
1.107295,4,298.498323
0.311285,2,298.600073
0.324388,2,298.717921
0.656257,3,298.869329
1.11745,5,299.158193
2.753334,8,299.629524
-7.702155,6,299.944558
-7.103171,8,300.450732
0.351558,2,300.567012
-5.760545,12,301.209255
0.327077,2,301.330729
0.359124,2,301.445946
0.697081,3,301.604009
0.373294,2,301.71419
3.578749,10,302.314464
0.318773,2,302.422479
0.33259,2,302.513959
0.340682,2,302.621677
1.878603,7,303.045887
0.329388,2,303.151475
0.666506,3,303.316882
0.727485,3,303.476903
0.751577,3,303.662064
-6.417119,9,304.146342
0.377387,2,304.249195
1.512329,5,304.514344
1.719918,6,304.815625
0.692438,3,304.973507
1.489583,5,305.238734
0.332951,2,305.342855
0.359189,2,305.433089
1.383299,5,305.7154
0.322829,2,305.838327
2.032055,7,306.227625
2.020998,7,306.674146
0.331628,2,306.791553
1.086039,4,307.019564
0.369233,2,307.150073
0.327522,2,307.293875
0.365257,2,307.394464
1.026402,4,307.575672
1.117452,4,307.750772
1.418648,5,307.990893
-7.90158,5,308.230203
1.538416,5,308.507935
2.682784,9,309.086353
0.311285,2,309.213881
0.381562,2,309.329545
1.476315,5,309.662762
0.77002,3,309.868543
1.428445,5,310.175291
0.330007,2,310.283314
3.327497,9,310.777632
0.321888,2,310.894198
2.803382,8,311.252919
0.379794,2,311.379751
0.356576,2,311.500138
0.331934,2,311.613527
1.316687,5,311.893672
0.358634,2,311.983641
4.815704,14,312.709535
0.318535,2,312.840697
-7.927296,5,313.102937
0.332497,2,313.212939
0.687702,3,313.35083
2.839049,8,313.775826
-6.163162,9,314.264548
1.797824,6,314.592785
1.546827,5,314.891512
0.387644,2,315.011878
1.075398,4,315.344956
0.311285,2,315.464002
0.349729,2,315.599135
1.489983,5,315.915423
1.733821,6,316.306391
2.294355,7,316.665879
0.363325,2,316.744371
1.016609,4,316.950465
1.852129,6,317.284557
3.675726,10,317.875173
1.512616,5,318.149883
1.080799,4,318.401919
2.202647,7,318.770806
3.261929,10,319.190547
0.320655,2,319.276839
3.006186,10,319.704794
0.311285,2,319.792573
0.712216,3,319.91219
0.326802,2,319.999951
0.320281,2,320.07661
0.364869,2,320.208392
2.384752,8,320.798542
0.325186,2,320.944796
0.332269,2,321.090767
0.938872,5,321.290699
1.011548,4,321.457077
0.33725,2,321.543758
2.278817,7,321.877567
2.093113,6,322.149008
-7.129124,6,322.475553
0.686769,3,322.63385
4.294599,12,323.275327
0.328317,2,323.384697
0.730555,3,323.537945
1.073156,4,323.762673
0.342021,2,323.851062
0.349577,2,323.963432
-8.63749,4,324.183213
0.708021,3,324.364856
0.329081,2,324.466888
7.645512,19,325.424974
0.733167,3,325.548043
0.33725,2,325.626143
-8.2308,5,325.834018
0.752794,3,325.953948
0.766548,3,326.073906
-8.09244,5,326.263779
1.798272,6,326.509408
0.372804,2,326.595865
0.757464,3,326.717592
0.312352,2,326.798098
0.353148,2,326.887727
4.589356,14,327.446069
2.673265,8,327.776888
0.364693,2,327.865327
-7.981977,5,328.093693
0.749708,3,328.225345
1.882904,6,328.483821
1.049677,5,328.691283
0.324702,2,328.799153
2.012199,7,329.255926
0.368598,2,329.399666
0.353863,2,329.603339
0.713162,3,329.91594
0.747594,3,330.1156
0.332743,2,330.233337
2.106781,7,330.585829
0.319225,2,330.676552
2.148375,7,331.070771
0.715768,3,331.234515
1.048897,4,331.464262
3.137211,10,332.167652
0.348734,2,332.285483
1.05053,4,332.580682
0.311285,2,332.70754
1.095485,4,332.978723
0.352981,2,333.098571
2.528993,7,333.538286
1.742068,6,333.865124
1.050359,4,334.084939
0.311285,2,334.203087
1.852481,6,334.560835
1.048944,4,334.800652
1.866453,6,335.269299
-7.532657,6,335.69523
0.708388,3,335.882489
0.329694,2,335.98354
0.338394,2,336.104503
0.359825,2,336.224108
0.729027,3,336.420644
-7.335534,7,336.841156
0.332214,2,336.956337
0.320244,2,337.089046
-8.360975,5,337.404443
0.33725,2,337.518258
2.140651,7,337.865168
1.827273,6,338.214035
0.316894,2,338.328874
-6.186714,8,338.813247
0.343368,2,338.917335
0.319458,2,339.028505
1.106584,4,339.294925
0.744765,3,339.483488
0.712648,3,339.701341
0.358844,2,339.837196
-8.051808,5,340.127294
-8.18349,5,340.474228
4.054843,12,341.286682
0.370505,2,341.409024
1.91741,6,341.809289
1.913177,6,342.17385
0.328337,2,342.310352
2.838516,8,342.790285
0.756797,3,342.937315
0.336769,2,343.065338
1.504033,5,343.385509
0.311285,2,343.50148
1.022247,4,343.744085
0.325536,2,343.861471
0.656257,3,344.022346
2.41105,8,344.458657
0.349701,2,344.589738
0.671123,3,344.769053
2.446831,9,345.260694
0.734099,3,345.411912
1.030379,4,345.644424
1.461441,5,345.891853
1.007623,4,346.134197
0.750743,3,346.316678
0.372854,2,346.422401
0.340199,2,346.536054
-4.927567,12,347.222546
0.742295,3,347.405019
-4.050149,12,348.137704
0.353541,2,348.262386
0.709761,3,348.436312
1.766971,6,348.736846
2.446012,8,349.19284
0.32196,2,349.3281
0.33725,2,349.455432
0.745641,3,349.627478
1.842754,6,349.916716
2.658575,7,350.311877
-8.592884,4,350.541703
3.780852,11,351.147535
0.316608,2,351.278002
3.028352,9,351.882348
1.131226,4,352.113065
0.701923,3,352.33659
-7.04734,7,352.807908
0.362284,2,352.92716
4.791732,14,353.686912
5.472249,14,354.420661
-5.224573,12,355.032942
1.183068,4,355.25666
0.311285,2,355.390995
0.323648,2,355.510833
2.413655,8,355.969134
0.336909,2,356.078456
0.717056,3,356.242537
0.311285,2,356.361786
1.535045,5,356.627207
1.44701,5,356.88693
0.341742,2,356.983685
2.910118,9,357.46449
0.312882,2,357.588773
0.682352,3,357.703275
0.377873,2,357.79103
1.154397,4,357.971753
1.074486,4,358.151774
3.128036,8,358.48345
0.363343,2,358.561808
0.726239,3,358.700199
2.547186,8,359.038254
0.371791,2,359.127149
0.333803,2,359.216966
0.350879,2,359.304235
1.469892,5,359.506454
0.348332,2,359.591976
0.360311,2,359.671722
0.320552,2,359.751341
1.907476,6,359.995991
-8.418242,4,360.1594
0.33725,2,360.251342
0.314105,2,360.338942
0.331109,2,360.430011
0.33725,2,360.520503
0.33725,2,360.599256
0.327024,2,360.687636
0.33725,2,360.775574
-5.232493,12,361.502952
0.721626,3,361.708494
1.54458,5,361.924176
1.435171,5,362.166121
0.323805,2,362.280832
0.330709,2,362.386629
0.33102,2,362.518295
2.889154,8,362.953424
1.076044,4,363.196202
1.459233,5,363.500648
4.214351,12,364.211968
0.364461,2,364.316966
1.142074,4,364.552765
2.498528,8,364.992917
0.735526,3,365.146858
-7.943462,5,365.417286
0.718812,3,365.590186
0.328198,2,365.691182
1.321462,5,365.975853
1.097294,4,366.202636
1.890741,6,366.527932
1.590375,6,366.910808
1.349804,5,367.240084
0.750404,3,367.423056
2.267503,7,367.884166
0.356343,2,368.023211
1.885081,6,373.442471
1.528896,5,373.648631
1.153458,4,373.813973
0.371219,2,373.891633
0.692368,3,374.015107
0.370133,2,374.106383
0.705979,3,374.236968
0.36537,2,374.327973
1.389872,5,374.538831
1.41353,5,374.801347
2.54966,8,375.313917
0.358708,2,375.486548
2.71076,9,375.880788
0.977431,4,376.077143
0.344658,2,376.189932
0.364703,2,376.315185
4.858757,14,377.212546
-6.39225,9,377.759366
0.325903,2,377.87025
0.724323,3,378.050705
0.33725,2,378.156095
1.519665,5,378.40914
0.657842,3,378.598864
0.311285,2,378.711499
1.065076,4,378.925099
1.090973,4,379.168481
0.364579,2,379.266037
3.233811,10,379.825658
2.332067,7,380.229576
0.331458,2,380.352372
0.375552,2,380.503095
3.425668,10,381.120563
4.367864,13,381.895768
-6.009484,11,382.607887
0.357226,2,382.724067
0.314238,2,382.858651
0.323434,2,383.010043
0.324358,2,383.181847
0.699526,3,383.405321
1.798416,6,383.814458
0.355175,2,383.94433
2.347503,7,384.473438
1.027902,4,384.694244
0.338251,2,384.812593
0.33725,2,384.92356
0.325036,2,385.034796
1.489094,5,385.338214
1.108391,4,385.609867
0.722215,3,385.783319
1.474295,5,386.066346
0.725629,3,386.249669
0.33725,2,386.352343
0.33725,2,386.45251
1.252732,5,386.73733
0.34121,2,386.845753
0.720914,3,387.021514
0.33013,2,387.122573
1.841232,6,387.509452
-6.477603,8,388.034394
0.709013,3,388.237518
1.518462,5,388.571353
0.33725,2,388.69314
0.316641,2,388.833448
1.9376,6,389.253573
1.106926,4,389.489972
0.311285,2,389.628199
0.319779,2,389.735251
5.889591,17,390.651055
2.329292,7,391.059837
0.754494,3,391.255989
1.366147,5,391.53937
0.328186,2,391.644257
0.699522,3,391.814255
0.354198,2,391.930073
0.382676,2,392.0259
0.311285,2,392.145341
0.332755,2,392.249178
0.370397,2,392.360823
0.681707,3,392.545138
0.311285,2,392.654932
0.311285,2,392.757293
3.038227,9,393.268529
0.705192,3,393.447529
2.768947,8,393.883049
0.73043,3,394.067183
3.770151,10,394.834989
1.385446,5,395.127586
0.311285,2,395.289921
0.372013,2,395.399846
0.312665,2,395.491956
1.42836,5,395.77947
0.359061,2,395.896686
0.690193,3,396.067008
0.32661,2,396.18192
1.313306,5,396.443408
0.32645,2,396.57861
2.264977,7,396.955957
2.550956,7,397.363938
1.468691,5,397.656976
0.367337,2,397.785268
0.311285,2,397.898313
3.803599,11,398.536558
2.941697,9,399.065856
0.335688,2,399.158522
0.382824,2,399.28247
0.344033,2,399.398176
-8.683603,4,399.587735
1.076928,4,399.794282
0.330329,2,399.903957
0.381882,2,400.030859
0.311429,2,400.15185
0.314968,2,400.27961
0.311285,2,400.388955
5.506249,15,401.219782
2.07622,7,401.554559
-8.716213,4,401.720555
0.763342,3,401.852527
1.840416,6,402.102307
1.031594,4,402.262842
1.048807,4,402.441936
0.33725,2,402.52968
0.319576,2,402.619222
0.369214,2,402.704787
0.366799,2,402.786089
2.271153,7,403.104497
1.849746,6,403.343905
2.018007,7,403.637255
1.510473,5,403.829648
0.31148,2,403.922997
0.325685,2,404.015137
0.313705,2,404.097399
1.093759,4,404.257034
4.088132,12,404.74167
3.41826,11,405.184673
0.771466,3,405.318391
0.352823,2,405.396127
2.34105,8,405.729893
0.3329,2,405.80672
-6.621308,10,406.193463
0.727721,3,406.343544
0.311285,2,406.434601
0.33725,2,406.523377
1.154306,4,406.688873
0.333441,2,406.778748
4.836169,14,407.326674
0.324723,2,407.415019
0.69644,3,407.524727
0.330451,2,407.611076
1.100468,4,407.782652
0.38552,2,407.870771
0.319287,2,407.959557
0.354631,2,408.045815
0.331731,2,408.131705
3.124741,10,408.565088
0.336042,2,408.643158
0.311285,2,408.722001
-7.252542,7,408.984663
3.559911,10,409.784228
0.311285,2,409.987716
1.745302,6,410.625481
2.24609,7,411.143487
0.33725,2,411.277905
0.321698,2,411.36844
0.705739,3,411.508599
2.249687,7,411.869928
0.697838,3,412.036675
1.019328,4,412.247464
0.70151,3,412.412641
1.740923,6,412.735008
0.316753,2,412.851187
0.330834,2,412.964282
1.514495,5,413.270554
2.863548,9,413.795557
1.070991,4,414.0491
2.339919,7,414.471721
0.701883,3,414.674503
0.362543,2,414.808975
0.321027,2,414.91869
-5.512999,13,415.724033
1.10561,4,415.984421
1.02095,4,416.29061
0.370467,2,416.462517
0.314636,2,416.579578
1.539561,5,416.901568
0.357482,2,417.012297
0.727062,3,417.201151
0.717674,3,417.386848
0.368083,2,417.498533
0.334579,2,417.65785
0.749662,3,417.856119
0.33725,2,417.980328
0.316495,2,418.115105
0.357583,2,418.230716
0.328912,2,418.343992
0.316396,2,418.430326
0.313974,2,418.550362
0.993765,4,418.797545
0.33725,2,418.906928
0.333949,2,419.011969
0.33725,2,419.118954
0.33725,2,419.229133
0.334268,2,419.329206
4.075605,12,420.082435
2.966287,9,420.628397
0.344043,2,420.765961
1.404888,5,421.127438
0.336776,2,421.251885
1.145666,4,421.51631
0.696095,3,421.696014
0.352055,2,421.876314
0.339188,2,422.012099
0.33725,2,422.10731
0.33725,2,422.225855
0.73296,3,422.388871
1.122454,4,422.644457
0.345117,2,422.766651
1.678101,6,423.125855
0.332499,2,423.230152
0.679616,3,423.404545
0.33725,2,423.547606
2.07707,7,423.909363
0.33725,2,424.034082
0.751528,3,424.186264
0.71016,3,424.368763
0.997318,4,424.62119
1.984801,7,425.051712
1.843003,6,425.43179
0.333745,2,425.57439
0.33725,2,425.706441
0.384125,2,425.832288
0.348084,2,425.984647
1.475017,5,426.296136
0.998074,4,426.482648
0.703009,3,426.648093
0.320123,2,426.75365
1.535202,5,427.028231
0.326024,2,427.121202
2.448362,8,427.499541
0.725961,3,427.692935
3.629003,11,428.264716
2.222781,7,428.626258
1.455528,5,428.914214
3.381194,10,429.511734
-6.715348,8,429.997562
2.314161,7,430.40986
1.839764,6,430.813179
-6.40374,8,431.334427
0.311285,2,431.457442
1.708004,6,431.750285
2.281343,7,432.097478
1.073347,4,432.287969
0.707277,3,432.460209
0.33351,2,432.541649
0.33725,2,432.622278
0.334287,2,432.729282
5.573315,16,433.48005
0.72651,3,433.630121
5.071323,14,434.304453
0.325758,2,434.41241
0.33725,2,434.530552
0.325343,2,434.624123
0.994319,4,434.854443
-8.162309,5,435.082023
0.33725,2,435.187042
2.582276,8,435.595402
0.312914,2,435.688487
-7.639112,6,436.0413
0.335421,2,436.163713
0.351219,2,436.28092
0.782994,3,436.481058
0.384438,2,436.619985
0.715534,3,436.822065
1.698536,6,437.194025
0.313616,2,437.314993
0.348768,2,437.456256
0.332239,2,437.582618
4.251257,12,438.323459
0.329158,2,438.425082
1.126019,4,438.656357
1.449069,5,438.897624
0.323918,2,439.008855
1.283172,5,439.291798
0.332597,2,439.404643
0.317294,2,439.523956
4.412649,13,440.239335
2.555575,8,440.665563
0.743059,3,440.825844
0.319286,2,440.954144
-6.634551,8,441.377407
0.335218,2,441.458916
0.711056,3,441.641824
1.298316,5,441.905859
0.70965,3,442.062058
0.351178,2,442.181455
1.992434,6,442.491086
1.493601,5,442.771958
0.373937,2,442.886916
1.800019,6,443.198856
0.33725,2,443.290115
0.698743,3,443.411101
3.439434,10,444.062271
1.123703,4,444.40657
2.546529,8,445.009447
0.352846,2,445.105174
0.333172,2,445.192122
1.064668,4,445.37257
0.311285,2,445.476694
0.33725,2,445.592356
0.33627,2,445.687178
1.509447,5,445.89179
0.361112,2,445.985335
2.586527,8,446.400476
8.314045,20,447.41403
0.382216,2,447.524799
0.674873,3,447.704448
1.091728,4,447.85762
-7.728103,6,448.091832
1.133519,5,448.301219
1.475094,5,448.485627
0.362057,2,448.562424
-7.814165,5,448.764069
0.737047,3,448.874375
0.311285,2,448.965159
0.705451,3,449.097767
0.345724,2,449.184524
1.941991,6,449.429276
3.587235,10,450.032442
0.746735,3,450.205928
0.75387,3,450.38852
0.331225,2,450.491253
2.151267,7,450.784797
0.70512,3,450.936018
1.930981,6,451.319798
0.373266,2,451.447864
1.974954,6,451.933194
0.333328,2,452.103544
0.345792,2,452.274382
2.580237,8,452.793114
1.472386,5,453.076719
2.795975,9,453.762627
2.75799,8,454.333665
3.752664,11,455.168933
0.7435,3,455.340194
0.350753,2,455.473982
3.427181,10,456.017955
0.332402,2,456.120296
0.322276,2,456.238214
0.712061,3,456.4069
1.886158,6,456.722545
2.675333,8,457.253154
1.948589,6,457.697214
2.659471,8,458.22
0.345052,2,458.315874
5.675466,16,459.130407
1.118015,4,459.341496
0.333125,2,459.475466
0.353155,2,459.583484
-7.709006,6,459.90891
4.105629,14,460.660429
0.345685,2,460.748109
0.697749,3,460.907552
0.319681,2,461.015657
1.714831,6,461.36536
2.203591,7,461.707933
1.707513,6,462.031378
-6.084134,10,462.574995
0.327182,2,462.694008
0.341012,2,462.816201
0.364563,2,462.923383
0.720931,3,463.111047
1.851038,6,463.546905
2.079857,7,463.960355
1.692085,6,464.214792
0.323932,2,464.291594
0.370312,2,464.391216
0.714209,3,464.539617
1.040962,4,464.734679
0.708062,3,464.861111
0.716037,3,465.009603
2.111325,7,465.376438
0.337637,2,465.479315
0.331223,2,465.575301
0.76571,3,465.707536
0.716759,3,465.852802
0.314335,2,465.961284
0.736573,3,466.1422
0.67567,3,466.317155
0.334808,2,466.431784
0.359926,2,466.551904
1.932356,6,466.882315
0.754118,3,467.036257
0.323828,2,467.156369
0.36723,2,467.257604
0.33725,2,467.375065
1.070232,4,467.642703
0.350309,2,467.769881
0.330805,2,467.874938
1.463174,5,468.161963
0.327159,2,468.321865
0.311445,2,468.435856
0.661788,3,468.648264
0.334062,2,468.775912
0.318366,2,468.890908
0.336129,2,469.004788
0.696953,3,469.204455
1.460345,5,469.537587
1.056442,4,469.8054
1.745729,6,470.27103
0.352559,2,470.38456
0.327895,2,470.527537
4.043652,10,471.202214
0.934942,4,471.436354
1.29777,5,471.68583
0.311285,2,471.773564
1.039786,4,471.991838
0.788184,3,472.145407
0.356263,2,472.240299
0.362834,2,472.347018
1.675692,6,472.633972
0.326665,2,472.717204
2.62115,8,473.121051
0.313609,2,473.259462
0.369617,2,473.378856
0.745253,4,473.582491
2.759381,9,474.030203
0.319498,2,474.133516
0.321113,2,474.234119
2.07919,7,474.560278
0.322172,2,474.65294
0.311285,2,474.77905
0.729386,3,474.940283
0.369528,2,475.055913
4.255408,12,475.624983
0.720619,3,475.797237
0.331613,2,475.91025
1.080771,4,476.141756
1.071092,4,476.402747
0.353273,2,476.529852
0.370327,2,476.637616
2.730139,9,477.185809
0.33725,2,477.316797
0.36249,2,477.438865
0.322833,2,477.578173
1.150329,4,477.882621
0.32849,2,477.99505
0.372747,2,478.163304
0.35357,2,478.278983
4.512982,11,478.865041
0.346363,2,478.953996
0.347699,2,479.083765
1.605541,6,479.369684
0.315964,2,479.454384
3.050392,8,479.835967
0.323655,2,479.958327
0.356648,2,480.08445
0.7219,3,480.269954
0.323482,2,480.390221
-4.65224,13,481.096356
-7.131284,7,481.465669
-6.977569,8,481.908193
0.371437,2,482.005796
0.354312,2,482.102734
0.330397,2,482.228263
0.688018,3,482.384944
0.324395,2,482.52618
0.361889,2,482.655868
1.104634,4,482.880508
3.640522,10,483.519452
0.311285,2,483.667155
3.779324,12,484.340829
0.760737,3,484.478695
0.322814,2,484.593553
0.710377,3,484.777654
0.323252,2,484.909334
3.027225,9,485.390363
2.177591,7,485.756307
0.704738,3,485.899288
0.6934,3,486.069002
0.327461,2,486.193878
0.319986,2,486.323817
0.718652,3,486.515188
1.925375,6,486.880248
0.311579,2,487.01528
0.669271,3,487.180882
0.709582,3,487.391459
0.33725,2,487.515162
0.324207,2,487.648442
1.037543,4,487.884332
3.925057,11,493.707505
1.107623,4,493.878808
3.331045,10,494.332865
1.994561,6,494.648503
2.438582,7,494.97422
2.290824,7,495.308022
2.082258,7,495.70029
1.888001,7,496.072508
4.191801,13,496.726863
0.725961,3,496.885712
0.320354,2,496.987261
0.319352,2,497.084255
1.024498,4,497.272748
0.346829,2,497.35391
0.317744,2,497.464754
0.722511,3,497.625733
1.834294,6,497.880113
3.081835,9,498.275202
1.47543,5,498.570633
0.701179,3,498.732185
0.336706,2,498.842555
1.570123,5,499.154396
-7.016345,7,499.55362
0.711598,3,499.674482
0.712196,3,499.827231
1.499396,5,500.119218
1.512953,5,500.404631
0.741439,3,500.556555
0.311285,2,500.674277
2.038143,7,501.041829
0.738535,3,501.225839
0.35528,2,501.337789
0.311285,2,501.424301
3.14663,9,501.757882
2.258766,8,502.078118
2.749496,9,502.434324
1.811463,6,502.681306
1.089772,4,502.858112
0.358197,2,502.935205
-4.327448,15,503.51476
0.738557,3,503.634594
1.47643,5,503.834703
3.170603,10,504.226889
0.315195,2,504.302163
1.129352,4,504.468387
1.516512,5,504.688177
0.311285,2,504.774981
4.015204,12,505.261656
1.351867,5,505.557396
2.395268,8,506.102351
0.359312,2,506.251601
0.369649,2,506.371611
0.716817,3,506.592857
0.34584,2,506.72005
2.913872,9,507.083582
0.321965,2,507.185462
0.658223,3,507.353403
0.730987,3,507.608048
1.472755,5,508.036653
0.736076,3,508.24077
3.620546,11,509.01476
0.33541,2,509.126963
0.363985,2,509.253276
2.715944,9,509.829587
-7.597859,7,510.293694
1.820131,6,510.615948
1.035389,4,510.840022
0.357672,2,510.946631
0.33725,2,511.078166
0.735873,3,511.229074
2.926636,9,511.705477
0.343262,2,511.831256
2.921594,9,512.332515
2.748965,8,512.922044
0.333043,2,513.057913
3.188381,10,513.757823
1.465315,5,514.153858
1.313286,5,514.532669
1.098827,4,514.91042
-8.572218,4,515.184575
0.311522,2,515.33406
0.344946,2,515.457526
0.758384,3,515.647323
2.667353,8,516.077722
-7.927854,5,516.363426
1.138276,4,516.605575
0.311285,2,516.736335
1.007622,4,516.967111
0.323597,2,517.089052
1.903983,6,517.44592
0.324816,2,517.551661
2.812182,9,518.142941
1.537856,5,518.450177
1.502514,5,518.839379
-8.481805,4,519.074988
0.331457,2,519.202679
2.485318,8,519.766729
-5.999696,10,520.362645
0.32274,2,520.47604
0.325884,2,520.578428
2.984329,9,521.071798
0.325849,2,521.19802
0.323951,2,521.302002
0.328324,2,521.426466
0.703049,3,521.630703
1.945584,6,521.979474
2.209925,7,522.383725
2.076903,7,522.815492
3.897756,10,523.317999
3.252664,9,523.836886
0.704394,3,524.024146
1.839796,6,524.332445
4.112947,11,524.911249
2.644818,8,525.361506
0.311285,2,525.475106
1.080624,4,525.635023
2.580645,8,525.965402
0.351748,2,526.043291
0.744134,3,526.184646
1.764596,6,526.42385
0.754936,3,526.539114
0.33725,2,526.621025
-7.225523,7,526.927063
0.326003,2,527.020765
3.031485,9,527.589099
0.371753,2,527.719553
0.33725,2,527.848599
0.3551,2,527.943617
3.216087,11,528.461142
0.327652,2,528.566705
0.315793,2,528.689917
0.778202,3,528.855094
2.912206,9,529.345847
1.108028,4,529.548588
0.348054,2,529.646391
0.327348,2,529.723403
2.22553,7,529.993909
1.41583,5,530.200914
0.715549,3,530.326421
0.359035,2,530.41351
4.037976,11,531.147612
0.351876,2,531.264196
0.311285,2,531.352825
0.37101,2,531.469815
0.775822,3,531.628662
0.338861,2,531.758836
0.349691,2,531.889041
1.811896,6,532.25121
0.326463,2,532.40307
4.555721,13,533.082932
0.745412,3,533.259219
0.370267,2,533.360639
1.038213,4,533.597316
1.870954,6,533.929087
1.142789,4,534.156124
0.316272,2,534.272091
0.710306,3,534.456498
2.659245,8,534.905999
1.460924,5,535.218577
0.311285,2,535.350662
1.076949,4,535.620772
1.373625,5,535.946697
0.339042,2,536.075078
0.374297,2,536.192892
0.783429,3,536.391264
0.686841,3,536.550352
1.472883,5,536.90778
0.721239,3,537.097096
0.316828,2,537.209692
0.754219,3,537.43766
0.33725,2,537.561649
-7.536498,6,537.937032
1.451884,5,538.223015
0.703473,3,538.386587
0.327025,2,538.473535
2.013831,6,538.869036
0.313306,2,538.996578
2.554661,8,539.569093
0.33616,2,539.686324
0.33725,2,539.817239
0.734912,3,540.058197
3.888399,12,540.761842
2.541691,8,541.18825
1.823742,6,541.531872
0.33725,2,541.640897
0.71214,3,541.815779
4.929496,15,542.61719
1.09625,4,542.86733
0.647906,3,543.045036
0.355829,2,543.139993
0.325813,2,543.240442
0.322853,2,543.364189
0.73982,3,543.516665
-5.323359,11,544.263498
2.077092,7,544.751537
0.33725,2,544.879081
1.056878,4,545.132274
0.320384,2,545.251859
0.375912,2,545.335905
1.508306,5,545.597604
0.311285,2,545.717519
0.320518,2,545.847079
1.100764,4,546.10938
1.742245,6,546.463327
1.994312,6,546.826223
1.526742,5,547.13373
0.743149,3,547.303554
2.652189,8,547.757788
1.302509,5,548.03816
0.322754,2,548.142654
1.699673,6,548.477581
1.800258,6,548.802622
0.728275,3,548.9506
0.346014,2,549.063498
0.361727,2,549.169745
0.356558,2,549.293791
0.335731,2,549.39134
2.682633,8,549.843807
1.877053,6,550.13642
2.069119,7,550.489598
0.704366,3,550.693453
3.764903,11,551.486296
0.346824,2,551.615791
1.058767,4,551.855428
1.053521,4,552.080558
2.274732,7,552.503349
0.327262,2,552.602474
0.321471,2,552.714317
0.733302,3,552.841561
0.730678,3,552.988351
4.434373,13,553.690505
0.330907,2,553.791155
0.322108,2,553.889772
2.864503,9,554.349749
0.341186,2,554.444695
0.354937,2,554.529019
1.544793,5,554.820397
2.149859,7,555.213258
1.060741,4,555.423018
1.498268,5,555.718195
-7.78473,6,556.010749
0.747834,3,556.142841
0.311285,2,556.257038
0.311285,2,556.375444
2.235064,7,556.722719
0.33725,2,556.825175
0.341308,2,556.918963
0.681764,3,557.086015
0.68418,3,557.249893
4.048515,12,557.86353
2.202368,7,558.212759
0.336033,2,558.29916
5.200208,15,558.905867
1.007179,4,559.07598
1.961117,7,559.373762
0.358324,2,559.501206
0.999866,4,559.744218
0.343151,2,559.866828
0.36869,2,560.004993
0.318688,2,560.124722
0.311285,2,560.257328
0.312158,2,560.365692
0.367502,2,560.463721
1.612628,6,560.73334
0.734715,3,560.854086
1.014637,4,561.021962
0.708199,3,561.142601
1.696346,6,561.407061
1.426355,5,561.834308
2.14221,7,562.434229
3.620231,11,563.135588
0.686677,3,563.354882
-2.913261,20,564.515313
1.771328,6,565.021752
0.35304,2,565.108688
1.475443,5,565.408248
2.098304,7,565.888558
0.31673,2,566.010875
2.6733,8,566.438858
0.326692,2,566.546179
0.350985,2,566.64985
0.331253,2,566.764603
5.176736,15,567.521864
1.322708,5,567.813032
2.563492,7,568.162018
0.357583,2,568.277747
0.33725,2,568.387591
0.328415,2,568.508382
0.383841,2,568.611243
1.159086,4,568.868761
0.322109,2,569.00356
0.328489,2,569.137729
2.470744,8,569.676983
0.666804,3,569.87134
-4.990122,13,570.65435
2.237466,7,571.035755
0.35508,2,571.136637
-8.458615,4,571.35699
0.31576,2,571.482277
1.046387,4,571.709516
4.704477,14,572.438471
0.325163,2,572.529788
0.335698,2,572.632614
0.33473,2,572.734921
3.289423,10,573.210917
1.882937,6,573.49413
3.078902,9,573.983237
-7.943077,5,574.258315
2.835835,9,574.686387
3.022626,9,575.058002
0.350701,2,575.135028
3.564316,10,575.551484
0.689344,3,575.679219
0.352616,2,575.755549
0.359672,2,575.83153
1.371845,5,576.019498
0.358595,2,576.10048
1.785311,6,576.529418
1.82303,6,576.88613
1.687645,6,577.262971
0.322528,2,577.340334
0.335911,2,577.428425
0.320517,2,577.506367
0.378882,2,577.582373
0.317929,2,577.65922
4.462495,13,578.337994
1.078692,4,578.590837
0.760601,3,578.76627
1.763228,6,579.17928
0.322726,2,579.2992
1.438272,5,579.50655
0.71354,3,579.674343
2.342895,7,580.067895
0.778897,3,580.225739
0.347093,2,580.32881
0.332895,2,580.444774
7.691468,19,581.390121
1.892962,6,581.654943
2.067348,7,582.039637
0.338103,2,582.149891
1.115167,4,582.330018
0.358601,2,582.434829
0.36882,2,582.570488
1.107943,4,582.865669
0.708196,3,583.075001
3.277799,9,583.648515
1.764926,6,584.01504
0.33725,2,584.120895
0.38097,2,584.211281
2.620457,8,584.626803
0.981538,5,584.862897
1.087954,4,585.065478
4.913815,13,585.883776
1.102429,4,586.073873
0.715166,3,586.208286
0.345137,2,586.288439
4.424919,13,587.09609
1.452558,5,587.398036
1.504801,5,587.72166
0.32481,2,587.867671
0.388902,2,587.989492
4.499226,13,588.729961
0.314723,2,588.824442
-5.243292,13,589.572095
3.047167,9,590.063241
0.325372,2,590.186079
0.353393,2,590.309653
0.371298,2,590.453461
1.99819,6,590.801194
1.0589,4,591.062428
0.342301,2,591.181246
0.369772,2,591.305645
2.402155,7,591.728763
0.726163,3,591.929797
2.916984,9,592.413343
0.33725,2,592.504441
1.943553,6,592.810095
1.465322,5,593.039502
0.311285,2,593.139246
-7.266773,7,593.508796
1.040379,4,593.7344
1.092054,4,593.93832
3.587798,11,594.500931
0.331095,2,594.592989
1.098279,4,594.802856
0.33725,2,594.91365
0.361143,2,595.009045
3.316571,10,595.53531
0.324575,2,595.655041
0.335047,2,595.753293
0.321053,2,595.865086
7.62755,25,597.332594
1.824414,6,597.804055
0.970085,4,598.077096
1.87626,6,598.383521
0.349543,2,598.471824
0.33725,2,598.576884
0.358397,2,598.701227
0.749256,3,598.867684
4.785273,15,599.687481
2.615478,8,600.036947
1.127799,4,600.270164
1.084841,4,600.465521
1.493168,5,600.719175
0.33725,2,600.834463
0.328082,2,600.941812
1.013486,4,601.128913
1.405812,5,601.402566
0.316377,2,601.499531
1.445427,5,601.75083
0.992041,4,601.949246
-6.962199,8,602.261953
0.356703,2,602.338294
0.33725,2,602.415524
0.334048,2,602.501997
1.530381,5,602.708833
0.719239,3,602.82888
1.319317,5,603.037137
1.155967,4,603.256459
0.324311,2,603.389986
1.667394,6,603.765956
0.760853,3,603.980638
0.352909,2,604.107253
0.328991,2,604.231704
0.34052,2,604.374909
2.880336,9,605.001569
2.024946,7,605.405409
3.979523,11,605.885646
0.329053,2,605.993305
0.707288,3,606.119989
1.839185,6,606.45437
-8.133164,5,606.724175
0.375739,2,606.831115
0.327946,2,612.314937
1.128039,4,612.522131
2.439865,8,612.985643
0.360568,2,613.072402
0.329474,2,613.148497
1.072676,4,613.32513
0.383903,2,613.448311
0.346043,2,613.561978
1.098623,4,613.79695
0.33557,2,613.89959
1.093414,4,614.125735
0.738609,3,614.302752
0.755306,3,614.471859
4.009031,11,615.102918
0.70956,3,615.417967
0.748395,3,615.960766
0.321942,2,616.271885
0.720441,3,616.477138
1.397201,5,616.878165
0.342613,2,617.118212
1.009415,4,617.424257
0.754446,3,617.649723
0.336072,2,617.769102
0.699017,3,617.946358
1.019539,4,618.137923
0.326429,2,618.252751
2.436276,8,618.659124
1.479821,5,618.927446
1.075503,4,619.121875
2.153397,7,619.497227
0.376689,2,619.619227
0.77304,3,619.774478
0.311285,2,619.891071
3.508039,10,620.502266
4.031779,13,621.235247
1.125675,4,621.467157
5.68944,15,622.331652
2.863776,9,622.784184
0.313479,2,622.878155
2.760279,8,623.262045
2.860579,9,623.728908
1.171386,4,623.92969
0.35227,2,624.050136
4.196063,12,624.71321
1.162595,4,624.921327
0.325903,2,625.024459
8.637425,29,626.574826
2.15279,7,626.970588
3.339625,10,627.523585
1.457288,5,627.803944
0.339667,2,627.896826
-7.851708,5,628.1639
2.911289,9,628.620225
6.23416,20,629.590255
2.340977,8,630.087161
1.662636,6,630.506345
1.149435,4,630.773988
2.00561,6,631.129507
1.796974,6,631.511521
0.319861,2,631.622716
-8.233153,5,631.977597
2.570127,8,632.498667
3.236364,9,633.037206
-7.984544,5,633.385337
0.75954,3,633.570329
0.345466,2,633.695437
3.426779,11,634.343449
9.745743,28,635.99192
1.441755,5,636.24645
2.934513,9,636.776218
2.380316,7,637.134547
1.939585,6,637.472626
0.341468,2,637.586462
0.724445,3,637.725995
0.707782,3,637.871801
0.311285,2,637.958106
3.801503,12,638.57718
2.608038,8,638.931321
2.585892,8,639.281492
1.074408,4,639.496709
1.052954,4,639.705199
2.145909,7,640.092886
0.33725,2,640.191468
3.779765,12,640.744407
1.401219,5,641.030385
3.356881,9,641.393821
4.449873,14,641.927823
2.359148,7,642.195394
0.35498,2,642.273179
2.787434,9,642.675614
1.428725,5,642.984447
0.331359,2,643.11098
3.63019,11,643.686146
0.772763,3,643.80859
2.172972,7,644.176648
3.366711,10,644.684544
-7.502368,7,645.026739
1.372703,5,645.271832
3.928754,11,645.857302
0.951069,4,646.080221
3.170402,10,646.589317
1.099832,4,646.794933
1.392539,5,646.992868
0.33725,2,647.068459
2.628393,8,647.368435
1.649961,6,647.606758
0.707679,3,647.716223
0.695092,3,647.836829
3.723976,11,648.278639
2.55907,8,648.594246
1.099967,4,648.760112
1.425771,5,648.958619
1.093893,4,649.103658
0.311285,2,649.191581
0.328253,2,649.26781
2.078848,7,649.551425
1.688547,6,649.782428
1.813252,6,650.026238
1.041316,4,650.166723
1.82456,6,650.389137
0.677537,3,650.500975
1.774118,6,650.751714
0.33725,2,650.877906
1.456788,5,651.1927
0.712778,3,651.444861
0.35169,2,651.581125
0.372554,2,651.776206
0.335074,2,651.981612
0.372296,2,652.17222
0.352296,2,652.379244
3.854985,11,653.10454
1.345345,5,653.422029
1.729017,6,653.699848
0.311285,2,653.788572
2.20847,7,654.176349
0.73644,3,654.324376
1.849397,6,654.724028
0.355934,2,654.882576
3.490113,10,655.576147
1.11551,4,655.831729
2.232075,8,656.265319
1.713439,6,656.609342
0.314858,2,656.719997
1.409878,5,656.959692
2.315672,7,657.318996
0.336124,2,657.43931
3.90123,11,658.068566
0.355432,2,658.192057
1.802756,6,658.560556
1.95384,6,658.948387
4.611378,13,659.702794
0.704996,3,659.868987
1.409784,5,660.169134
1.098594,4,660.375408
1.084677,4,660.609359
2.575177,8,661.033634
0.337466,2,661.14429
1.866061,6,661.446527
0.762905,3,661.627697
-7.091687,8,662.123289
0.311285,2,662.239347
0.702734,3,662.424488
6.165659,16,663.51073
0.721953,3,663.68441
0.322615,2,663.799693
4.248841,12,664.54706
1.546587,5,664.832315
0.38263,2,664.943834
1.3954,5,665.245079
0.355268,2,665.378951
3.972416,12,666.09182
3.031357,9,666.655499
0.330404,2,666.810497
0.334631,2,666.922056
2.159004,7,667.311123
1.097959,4,667.540424
1.390762,5,667.814267
1.063585,4,667.996628
0.359711,2,668.106029
1.11502,4,668.310637
0.317171,2,668.405701
3.534706,11,668.958674
0.314007,2,669.060585
0.338761,2,669.183903
1.042593,4,669.379405
2.556168,8,669.834233
2.701896,9,670.290154
0.36604,2,670.407186
1.025288,4,670.634704
5.254496,13,671.326334
1.415347,5,671.605636
2.163997,7,671.947167
3.018363,9,672.396141
1.422781,5,672.668609
0.718555,3,672.8149
0.32207,2,672.927438
1.511053,5,673.279243
0.333751,2,673.40121
3.990437,11,673.99371
5.263616,14,674.70507
0.738749,3,674.837893
0.969161,4,675.046284
0.385923,2,675.158845
0.750656,3,675.298466
2.396713,8,675.666013
4.592488,14,676.317085
0.733287,3,676.449465
1.702115,6,676.682722
2.480728,8,677.002219
1.127894,4,677.155005
0.335382,2,677.240844
4.572898,13,678.141557
3.690442,11,678.627723
0.334193,2,678.727061
0.357145,2,678.825577
-5.636612,13,679.496048
1.048767,4,679.70353
3.329792,10,680.201525
0.722927,3,680.376493
5.532726,14,681.056051
-7.679073,6,681.286479
0.32782,2,681.372467
0.350972,2,681.452477
1.525138,5,681.638172
0.333559,2,681.727211
1.388149,5,681.926074
1.060666,4,682.069371
0.679825,3,682.179676
0.311285,2,682.267593
1.419012,5,682.517119
0.73296,3,682.670297
1.330689,5,683.145756
0.33725,2,683.237203
1.730651,6,683.463808
3.079251,10,683.966668
1.422,5,684.237884
2.54391,8,684.808043
0.311285,2,684.974806
4.46472,12,685.805258
2.007946,7,686.154871
5.893811,17,687.089809
1.137452,4,687.301013
0.731293,3,687.482615
0.369779,2,687.581258
2.489556,8,688.055971
0.34087,2,688.159646
3.308429,9,688.637432
4.440865,13,689.315448
1.368506,5,689.592812
1.067006,4,689.794186
2.102779,6,690.146684
2.209606,7,690.578498
1.433602,5,690.887695
2.040401,7,691.310196
3.281541,10,691.88264
5.472928,16,692.790726
0.362731,2,692.911779
3.530091,10,693.567922
0.354155,2,693.654005
1.029585,4,693.824104
0.720431,3,693.98718
-4.493749,13,694.767362
0.318511,2,694.892704
-8.241707,5,695.188529
0.725092,3,695.371861
1.075751,4,695.636281
0.336562,2,695.772733
2.987275,10,696.3401
1.879781,6,696.576432
2.130249,7,696.868782
1.082628,4,697.042676
2.17034,7,697.369533
0.366934,2,697.474492
1.38074,5,697.688123
2.043993,7,698.059607
0.746936,3,698.219504
0.773176,3,698.439368
0.730434,3,698.657498
3.491958,10,699.180788
1.375924,5,699.386482
1.01579,4,699.542803
1.855859,6,699.830698
2.423122,8,700.220149
3.187566,9,700.62716
0.711221,3,700.773576
1.01679,4,700.970457
1.853627,6,701.262268
1.101775,4,701.443591
0.674456,3,701.580905
0.736516,3,701.739825
0.370303,2,701.817945
1.004409,4,702.019594
3.687461,12,702.622372
1.771957,6,702.957272
0.342549,2,703.071921
0.311285,2,703.176307
0.697306,3,703.33317
0.659778,3,703.484774
0.322551,2,703.594152
1.794811,6,703.94704
4.471479,13,704.873027
0.32903,2,704.986135
0.353201,2,705.124733
1.047476,4,705.358077
2.315597,7,705.855067
0.313787,2,706.018515
0.383429,2,706.135369
1.728076,6,706.606941
2.178553,7,707.06919
0.335291,2,707.225652
1.109382,4,707.488081
2.010631,7,707.918205
0.32643,2,708.025023
1.717744,6,708.37064
0.322347,2,708.488079
1.102677,4,708.69939
0.743291,3,708.84623
4.109629,13,709.507672
3.954454,12,710.102791
0.754419,3,710.261508
2.78083,8,710.675035
0.325944,2,710.815105
2.837387,9,711.289619
5.745589,16,712.066513
1.498085,5,712.326313
0.35217,2,712.423979
3.757953,11,713.021634
1.061361,4,713.268611
0.349828,2,713.364072
1.061613,4,713.578751
2.355102,8,714.023212
6.015578,17,714.822855
2.130283,7,715.169143
1.486789,5,715.410747
-6.004093,12,715.982739
2.757187,8,716.397951
1.870195,6,716.706132
0.376931,2,716.817326
1.415679,5,717.036812
0.324232,2,717.145555
0.718462,3,717.310887
1.09317,4,717.484151
4.272769,11,718.027995
1.369769,5,718.316434
1.068842,4,718.528475
0.71923,3,718.659945
0.353345,2,718.746633
2.008318,6,718.983789
1.854636,6,719.217094
0.348015,2,719.293115
0.33004,2,719.379729
1.762477,6,719.609153
0.341147,2,719.695003
1.120304,4,719.860389
-5.399689,13,720.58481
0.731198,3,720.822925
1.065427,4,721.039251
0.683208,3,721.214735
3.047286,10,721.843076
4.625891,13,722.603095
0.340112,2,722.68852
3.972505,11,723.191882
2.64916,8,728.923146
2.405623,8,729.324238
2.818367,9,729.79592
1.072176,4,730.006226
2.40628,8,730.407207
1.391036,5,730.724084
1.09519,4,730.950217
4.596399,13,731.748113
1.922762,6,732.091444
1.068931,4,732.407728
1.087381,4,732.635426
1.85135,6,732.92611
1.790704,6,733.187128
0.714198,3,733.345877
0.359011,2,733.42996
0.333211,2,733.575642
3.037841,9,734.049778
4.309391,12,734.650843
4.833841,16,735.451973
1.643083,6,735.730033
2.050878,7,736.041222
5.861963,17,736.862937
1.054762,4,737.040202
1.831714,6,737.339051
2.843821,9,737.809181
2.913539,9,738.316353
2.35363,8,738.83991
0.722125,3,739.035338
1.114169,4,739.255939
2.253134,7,739.67079
3.076175,9,740.171182
4.172499,13,740.884797
3.603,12,741.456203
0.319841,2,741.56122
0.324902,2,741.687166
0.746116,3,741.881543
1.535903,5,742.229687
1.114395,4,742.491875
1.799635,6,742.842468
1.091996,4,743.160541
0.368335,2,743.303061
0.726265,3,743.516989
1.784665,6,743.834918
0.693289,3,744.001703
2.762685,9,744.593569
0.33502,2,744.745143
-4.511032,15,745.773866
0.778683,3,745.949441
0.326633,2,746.114979
1.545914,5,746.414383
3.529409,10,747.149662
1.425241,5,747.456005
4.745964,13,748.249759
0.749742,3,748.430318
2.135302,7,748.75147
3.30749,9,749.128341
1.053538,4,749.317342
2.863037,9,749.77174
3.690956,10,750.262896
1.067287,4,750.451216
1.817377,6,750.776598
2.236236,7,751.115762
2.955844,9,751.594867
3.242422,10,752.073358
1.068125,4,752.288715
4.030083,11,752.844786
5.98802,17,753.738613
0.699663,3,753.900823
0.378101,2,754.01967
3.200331,9,754.424313
1.931178,6,754.680068
4.986836,15,755.268521
4.016119,12,755.732669
1.732647,6,755.97271
3.201544,9,756.478467
1.451701,5,756.824194
0.330219,2,756.94545
0.352495,2,757.06818
1.114214,4,757.351191
0.357105,2,757.497265
2.687589,9,757.862732
1.099841,4,758.015713
0.681071,3,758.147487
2.718135,8,758.438628
1.533659,5,758.665977
0.316385,2,758.840888
0.746654,3,759.079024
1.088204,4,759.346745
2.805111,9,759.787633
1.536598,5,760.019946
1.035239,4,760.16317
2.975493,8,760.469216
1.045176,4,760.64904
2.404806,8,761.158754
1.761892,6,761.55668
1.066922,4,761.779257
1.767418,6,762.072469
0.748841,3,762.186675
0.311285,2,762.303377
2.260021,7,762.696503
3.249031,11,763.322539
1.112661,4,763.548047
4.170084,12,764.334872
0.341453,2,764.507297
0.331149,2,764.648075
2.733089,9,765.238128
2.253561,7,765.771893
0.711322,3,765.969231
2.179362,7,766.573309
2.1275,7,767.04828
0.31701,2,767.233665
0.684212,3,767.401174
0.33299,2,767.552353
0.377955,2,767.669424
1.451509,5,767.951579
1.077339,4,768.189074
0.337995,2,768.297464
0.326107,2,768.411568
1.514427,5,768.699759
0.71622,3,768.885134
0.765517,3,769.075477
0.346483,2,769.186135
0.718923,3,769.362041
1.586667,5,769.665713
2.856108,9,770.271526
3.334902,10,770.860742
5.118172,15,771.746706
2.699849,8,772.168155
7.428023,21,773.290963
0.325576,2,773.400321
2.177254,7,773.724568
2.482543,8,774.149852
1.442825,5,774.409783
3.174058,10,774.893903
0.695393,3,775.071756
0.332343,2,775.167734
2.477446,8,775.61393
3.005347,10,776.208479
1.074052,4,776.43723
2.545292,8,776.929065
2.024277,7,777.323461
3.589047,11,777.985541
2.672966,8,778.464958
6.244436,17,779.321965
0.348483,2,779.431348
0.313969,2,779.551934
2.533818,8,779.997044
1.41988,5,780.269352
2.115765,7,780.624861
5.37848,16,781.434548
-7.45293,6,781.782946
2.384857,8,782.25039
1.888507,6,782.592569
0.746608,3,782.780747
1.308216,5,783.146332
3.223045,10,783.712514
1.768729,6,783.997139
3.630224,11,784.603055
5.974142,15,785.334846
1.10427,4,785.523839
0.363506,2,785.611153
1.498447,5,785.861888
0.732207,3,786.031208
0.753178,3,786.158327
1.750926,6,786.453136
1.823076,6,786.763788
1.360166,5,787.000753
3.963569,12,787.583973
3.454299,10,788.114021
0.766213,3,788.285772
1.538253,5,788.522459
0.709629,3,788.665823
0.773435,3,788.8239
0.374557,2,788.900617
0.724008,3,789.021836
0.33725,2,789.099376
0.705,3,789.219312
0.311285,2,789.294854
0.378772,2,789.3826
3.86032,11,789.791255
1.454058,5,790.059934
1.275482,5,790.31512
1.12096,4,790.569461
3.836741,12,791.261186
2.388039,8,791.637065
8.880193,27,793.02433
3.839255,11,793.610507
1.754704,6,793.919259
3.66448,10,794.337078
0.33725,2,794.425183
2.258044,7,794.702252
0.733787,3,794.814546
0.722994,3,794.946008
2.512972,8,795.24384
3.839396,11,795.653539
5.42554,15,796.484915
4.055575,11,797.007437
1.566732,5,797.212926
0.33725,2,797.332122
0.77953,3,797.48787
1.626332,6,797.84725
0.365727,2,798.005255
2.914,9,798.705991
0.311861,2,798.840493
0.679547,3,799.026216
2.014439,7,799.540885
0.700967,3,799.759314
3.224242,10,800.420429
3.652059,11,801.032977
4.147844,12,801.623134
1.128314,4,801.834359
0.331594,2,801.915815
7.396663,23,803.055576
3.187229,9,803.502575
1.418281,5,803.710444
4.099926,12,804.291876
1.113955,4,804.491542
0.33725,2,804.595999
4.519394,15,805.354983
1.861964,6,805.673456
1.563329,5,805.9196
-0.515774,28,807.341786
5.168324,14,808.043345
4.926454,13,808.882042
2.063303,7,809.489025
2.626504,8,809.826348
1.106798,4,810.013614
1.018938,4,810.24177
2.274041,7,810.649613
0.374367,2,810.766862
1.985949,6,811.135425
1.03568,4,811.407595
1.15044,4,811.644185
4.163158,12,812.370594
1.112052,4,812.613173
2.979143,10,813.185584
1.88019,6,813.456257
1.601524,5,813.75048
1.854215,6,814.100995
0.341169,2,814.198847
0.334502,2,814.328687
1.025671,4,814.544331
2.168977,7,814.92083
1.391288,5,815.160268
2.220253,7,815.558043
2.133175,7,815.915673
4.137502,13,816.580901
0.324834,2,816.691507
0.349468,2,816.827408
0.330435,2,816.936602
0.355881,2,817.063154
1.538535,5,817.362409
1.374047,5,817.641509
0.989845,4,817.887521
0.316744,2,818.036993
0.322934,2,818.150463
0.319549,2,818.270952
2.680234,8,818.754495
4.240437,13,819.340859
4.025861,12,819.931423
2.955321,9,820.385999
-4.98871,14,821.267333
4.199791,13,822.019389
0.351258,2,822.103687
0.679615,3,822.229049
1.154086,4,822.402387
0.315092,2,822.5187
0.358357,2,822.606714
2.240101,7,822.983027
0.367421,2,823.12027
1.052078,4,823.313365
2.110324,7,823.732813
1.792602,6,824.254237
1.418812,5,824.521184
0.315197,2,824.619599
0.321554,2,824.738389
3.352361,10,825.232393
0.350528,2,825.329409
1.401563,5,825.588205
1.145731,4,825.78635
1.035138,4,826.005352
2.764087,9,826.44808
0.343191,2,826.545776
0.727476,3,826.721274
3.355624,11,827.291938
0.34504,2,827.403572
0.33725,2,827.484292
6.088229,20,828.495554
3.479585,11,829.103605
0.356686,2,829.200765
1.526884,5,829.502024
4.292039,13,830.276425
0.352014,2,830.401323
0.721973,3,830.613488
0.708087,3,830.773526
2.056936,7,831.216724
2.388164,8,831.580868
0.692482,3,831.73038
1.377196,5,831.982244
1.924133,6,832.298421
2.673532,9,832.818017
0.311285,2,832.930743
3.102539,10,833.658793
2.813355,10,834.253883
3.645725,11,834.77825
3.032641,9,835.231108
1.819229,6,835.550164
2.151199,7,835.922468
1.444388,5,836.207402
2.300673,7,836.550193
6.282734,22,837.689838
1.397565,5,837.944457
2.272573,7,838.27039
2.459183,8,838.622849
0.373907,2,838.727062
2.565401,8,839.100898
3.189789,10,839.66178
4.001628,12,845.632382
2.378612,7,845.912262
12.045288,49,848.067535
16.115003,47,850.587946
1.048572,4,850.741519
2.889256,9,851.077489
0.319182,2,851.17037
0.701287,3,851.322155
6.067213,18,852.25885
1.719997,6,852.487251
4.329896,12,852.931149
4.376731,13,853.775493
1.855708,6,854.003052
2.31039,7,854.261328
1.967979,6,854.490899
3.731914,11,854.984785
0.337929,2,855.095209
4.514133,15,856.01312
6.29652,18,857.484054
-7.001154,8,857.981001
4.080567,12,858.58032
0.996328,4,858.766759
2.490383,8,859.135677
7.045668,18,860.008474
2.18094,7,860.442329
0.352583,2,860.583148
2.222185,7,860.947916
3.903135,13,861.730818
3.59373,10,862.290897
2.754939,9,862.682178
0.753885,3,862.858799
0.35528,2,862.956128
3.602467,11,863.564724
1.818623,6,863.887076
3.687695,12,864.486493
3.072427,10,865.018093
1.079753,4,865.230971
0.744295,3,865.381616
2.689433,8,865.793919
1.061568,4,865.988073
0.36313,2,866.095616
8.42349,29,867.50701
8.294083,23,868.572577
3.99654,12,869.03573
0.369098,2,869.112992
3.724484,10,869.486396
4.408313,13,869.97643
1.760573,6,870.214378
5.460469,15,871.207628
3.740932,12,872.09652
4.710563,14,872.877272
2.147165,7,873.255334
5.9428,18,874.114424
5.238661,16,874.922343
1.515347,5,875.165073
1.012545,4,875.350485
2.618664,9,875.739608
5.291471,15,876.50553
2.170581,7,876.90591
2.481516,8,877.326302
4.220036,13,878.148293
3.126024,10,878.857798
2.212444,7,879.196635
9.880157,27,880.5289
3.614451,12,881.269687
4.767047,14,882.215834
2.852079,9,882.864362
-6.992209,7,883.368924
0.338092,2,883.499994
1.392183,5,883.785879
5.929739,15,884.702277
10.008876,26,886.255387
8.763329,26,887.577036
6.641318,19,888.431898
1.411357,5,888.681939
4.801883,14,889.353898
3.067618,10,889.813929
1.000817,4,890.034681
3.475417,11,890.630351
1.765669,6,890.925669
2.558021,8,891.339877
6.042138,20,892.348606
6.928541,22,893.450509
14.609183,37,895.243678
1.131997,4,895.421576
2.14606,7,895.764169
4.353209,12,896.365499
3.433027,10,896.835009
3.057151,9,897.288735
6.112043,18,898.263091
4.65358,14,899.091176
3.277509,10,899.660727
4.250044,12,900.23681
2.583659,8,900.66831
2.793024,8,901.086055
6.226842,18,901.959154
0.700302,3,902.142864
2.405191,7,902.509095
5.35462,17,903.368612
0.334631,2,903.479632
4.549285,13,904.297809
1.397133,5,904.584182
5.688857,17,905.40847
-6.557042,9,905.82544
0.742254,3,905.978138
2.420604,8,906.376895
3.824109,11,906.873208
2.040747,7,907.217693
0.696377,3,907.348028
1.690373,6,907.63996
6.805261,19,908.513949
3.091723,9,908.945131
0.311285,2,909.045145
0.334838,2,909.158128
2.706463,8,909.559484
3.215764,10,910.071842
4.480551,13,910.862918
3.569756,11,911.468767
2.715045,9,911.865453
0.733077,3,912.028113
8.506809,22,913.186874
2.250293,7,913.597773
3.133073,10,914.169729
11.398209,36,916.061496
1.896988,6,916.365801
1.083239,4,916.523329
-7.72387,6,916.734823
10.701803,30,918.348779
5.431767,16,918.940119
2.730401,8,919.243851
3.688837,11,919.85304
0.340283,2,920.071687
6.803073,19,920.975451
1.527531,5,921.226124
2.279152,7,921.584652
5.91557,18,922.447011
3.054327,9,922.891618
2.545188,8,923.330774
3.131825,10,923.831911
2.180112,7,924.192508
3.032966,9,924.587785
1.38384,5,924.769253
2.961029,10,925.161263
1.915457,6,925.400374
7.486614,20,926.84009
12.11334,35,929.101506
2.150432,7,929.571215
3.062235,9,930.190334
3.38087,10,930.821548
2.755445,7,931.181613
0.328259,2,931.291185
1.170603,4,931.504002
3.583138,11,932.004955
1.824725,6,932.295075
0.33725,2,932.389187
0.33725,2,932.498464
2.692944,8,932.885482
4.444199,13,933.553315
3.312753,10,934.017093
2.194545,7,934.379719
0.76639,3,934.511103
6.424866,17,935.345467
4.81248,15,936.033285
0.311285,2,936.108611
1.986847,7,936.399122
2.505225,8,936.702794
1.598234,6,936.958911
3.984863,11,937.623079
8.105976,21,938.603742
2.930234,9,939.064395
4.09584,13,939.549468
4.486719,14,940.066955
2.490355,8,940.375891
8.724792,24,941.742308
1.075148,4,942.068148
2.970889,9,942.700928
0.334815,2,942.827365
3.839361,12,943.309388
4.304145,12,943.915055
6.169198,16,944.639685
1.88081,6,944.978983
2.117639,7,945.339468
15.1782,38,946.98427
-8.153769,5,947.178131
5.077141,15,948.073948
7.636406,25,949.837765
2.555456,8,950.464677
0.324192,2,950.588499
10.798159,30,957.903825
15.373403,46,960.645674
7.58294,21,961.680242
7.420625,20,962.702088
4.384367,12,963.428736
13.412185,48,965.94185
0.381476,2,966.038143
1.987042,7,966.429206
4.590687,14,967.115924
7.715438,21,968.14334
3.321996,11,968.663575
4.067285,12,969.326429
9.115673,23,970.684537
8.430849,28,971.72967
0.346712,2,971.808066
0.385018,2,971.885808
1.059806,4,972.046952
30.170414,98,977.840281
6.561575,19,978.920705
7.638802,23,980.284649
0.681525,3,980.431445
5.287757,15,981.173079
-7.530182,7,981.476043
0.365459,2,981.587614
2.147843,7,981.926271
13.751599,36,983.727645
1.774792,6,984.063821
9.304383,23,985.126328
4.070326,13,985.782894
11.656306,34,988.217452
7.680361,21,989.441743
3.022492,9,989.901423
10.360938,33,991.585768
-6.277676,11,992.233648
5.508483,14,993.018221
18.425012,86,997.743658
5.223499,15,998.673621
3.928779,11,999.280675
1.814234,6,999.666658
5.303387,15,1000.55333
5.652703,16,1001.447537
6.415255,20,1002.39036
3.804441,11,1002.922576
5.506043,15,1003.7488
18.088864,53,1006.505993
4.70239,14,1007.181486
4.57402,13,1007.76664
4.432053,12,1008.374507
12.751389,35,1010.015007
2.136698,7,1010.47784
14.879031,46,1013.564504
4.82592,14,1014.227985
5.87166,16,1015.064268
0.338943,2,1015.161276
3.882772,11,1015.690086
5.688012,17,1016.511161
4.937164,15,1017.275269
15.125625,42,1019.091375
4.31252,13,1019.561601
1.488746,5,1019.764383
17.256049,58,1021.986073
5.624995,15,1022.886819
17.618595,47,1025.137542
0.693047,3,1025.29223
9.823453,29,1026.469035
6.063781,16,1027.041271
8.999991,24,1027.912087
15.643754,52,1031.358583
4.66987,15,1032.722248
-5.490267,13,1033.709433
22.421136,77,1037.357361
6.721815,19,1038.337378
8.057493,25,1039.587024
10.588301,31,1041.461824
1.017383,4,1041.66098
2.776396,8,1042.162893
-4.205712,17,1043.010262
2.40517,8,1043.390265
-7.966427,5,1043.63751
6.21635,19,1044.783148
2.621111,8,1045.258543
4.132784,12,1046.090434
1.49561,5,1046.349065
0.378411,2,1046.465427
13.10149,49,1049.010234
5.029512,14,1049.774534
11.505159,35,1051.509587
6.535094,19,1052.435206
0.352304,2,1052.520921
2.614608,8,1052.991919
1.325265,5,1053.2135
3.828704,13,1053.812753
9.590296,26,1055.13267
2.264534,7,1055.560075
-8.052396,5,1055.856632
19.724905,68,1059.171755
5.14142,14,1059.816529
-4.80158,15,1060.372353
8.103244,24,1061.525036
2.221076,7,1061.930017
3.841223,12,1062.57347
3.869125,13,1063.410165
7.16673,19,1064.969536
3.302698,10,1071.011192
9.615821,27,1072.379085
16.378556,52,1074.976348
3.41298,10,1075.490271
6.585226,18,1076.393046
7.633768,22,1077.328706
2.93598,9,1077.701582
9.543726,29,1079.052869
2.33304,8,1079.458958
-2.066572,23,1080.534777
-7.440568,7,1080.871656
18.262327,78,1085.389745
1.419971,5,1085.645884
6.766593,20,1086.686141
7.247703,25,1088.101233
0.697535,3,1088.255727
7.420121,25,1089.361254
27.582546,60,1092.447738
6.785545,25,1093.645251
0.33725,2,1093.732138
7.943533,22,1094.736351
0.382036,2,1094.831233
8.989442,26,1095.901463
3.820429,11,1096.289015
9.945632,29,1097.324547
4.498472,15,1097.854592
9.721921,30,1098.905275
0.698473,3,1099.025156
0.337426,2,1099.104404
0.348515,2,1099.182729
6.463442,18,1099.873535
2.495633,8,1100.38724
2.021403,7,1100.832361
10.131422,31,1102.244466
-0.905328,24,1103.90627
4.319831,13,1104.63919
5.764679,16,1105.610532
10.913344,30,1107.300752
5.931233,16,1108.295752
2.276282,7,1108.78228
13.775177,44,1111.207
3.303406,10,1111.770668
4.453856,14,1112.463809
-3.894575,17,1113.339585
10.971821,41,1115.426033
14.777545,48,1118.164459
5.276005,15,1119.125217
9.971562,29,1120.419813
18.484476,73,1123.796839
5.754193,16,1124.55154
4.970789,13,1125.166956
6.069833,44,1127.250632
14.330111,41,1129.072859
15.472301,39,1130.9601
1.135577,4,1131.116669
9.593002,31,1132.215003
5.697262,18,1132.879329
3.78456,11,1133.274118
2.364921,7,1133.529307
-1.802745,23,1134.403333
4.070604,11,1135.076756
4.057337,12,1135.88334
5.778152,16,1136.780127
12.585235,31,1138.206714
3.998294,11,1138.701731
2.23674,7,1139.036559
9.690925,25,1140.234765
2.929707,9,1140.696473
9.762231,49,1143.377227
10.451673,28,1144.579898
3.805418,12,1145.135992
-6.894723,8,1145.505642
-8.064606,5,1145.751882
16.959514,46,1148.285978
7.679265,24,1149.463894
3.500999,10,1149.92868
4.136002,12,1150.59343
0.311503,2,1150.7756
8.040405,20,1151.931321
20.246652,49,1154.613911
5.414857,15,1155.356907
10.977908,38,1157.155121
11.21599,41,1159.198176
3.41679,10,1159.76528
2.902805,9,1160.290053
0.325495,2,1160.384282
8.670906,26,1161.667182
7.009998,18,1162.586099
25.831808,65,1165.779005
1.784178,6,1166.048258
6.239505,19,1166.738366
1.399735,5,1166.917237
7.586838,51,1169.331952
4.690194,14,1170.321443
6.738999,22,1171.421104
2.792769,8,1171.851079
12.637165,32,1179.231614
9.756846,32,1180.754505
1.111279,4,1180.97595
2.637897,30,1182.411918
23.667812,121,1188.43354
6.014112,18,1189.337648
0.944324,33,1190.818179
-5.039505,14,1191.478997
3.310822,10,1191.955425
27.446822,87,1195.980213
14.40941,38,1198.038865
24.706014,69,1201.726683
-4.660755,13,1202.355195
5.817599,16,1203.272842
1.76162,37,1205.093145
12.666662,36,1206.805037
8.026629,22,1207.730437
-5.44202,13,1208.363271
24.930001,99,1213.794566
21.992648,106,1218.622295
-4.878194,15,1219.148814
3.431643,11,1219.529921
-1.127794,37,1220.804688
-1.249377,23,1221.625493
6.742084,19,1222.649255
18.157174,50,1226.043443
19.013631,68,1229.443249
2.270454,7,1229.82937
3.579071,38,1232.025619
11.526763,34,1234.219483
25.094689,86,1238.700904
6.730927,18,1239.554363
6.520924,19,1240.406799
3.969254,11,1240.923371
-1.663809,25,1242.110127
14.62608,103,1246.638102
13.074028,62,1249.542954
9.820094,26,1250.713107
11.253765,31,1252.645107
9.62205,64,1255.710125
-5.64212,12,1256.198363
21.692288,94,1260.847685
4.071785,13,1261.551172
32.959276,108,1267.106262
-5.080744,14,1267.747169
-3.337068,22,1268.776767
4.742937,14,1269.759598
17.262736,49,1272.258182
20.70262,94,1276.742804
1.917196,6,1277.023372
-4.97805,14,1277.687654
27.935972,84,1286.449852
20.90551,114,1291.424783
3.599022,11,1291.984738
1.909718,6,1292.279781
24.539714,73,1296.083745
31.428037,99,1301.544044
9.51377,26,1303.101784
10.851345,36,1305.075524
25.861354,87,1309.117269
23.667258,75,1312.639426
33.74532,101,1316.35073
26.819516,115,1322.574857
5.693486,17,1323.534145
-1.429171,22,1324.772734
6.033831,18,1325.652917
5.421725,16,1326.353772
9.021115,52,1329.11786
4.362968,12,1329.925182
4.167509,13,1330.555988
24.502793,77,1335.075841
5.48899,16,1336.294893
-4.774316,15,1337.003744
3.060399,10,1337.462035
25.013596,95,1341.808937
25.848254,107,1347.248567
34.633302,111,1352.258578
21.630289,70,1355.728838
4.17747,12,1356.359489
3.573107,10,1356.929127
24.233977,108,1361.98288
4.684333,16,1362.731456
2.089193,33,1364.649662
7.65297,21,1365.593997
-6.587958,10,1366.065668
9.630498,27,1367.066601
20.923407,62,1369.1953
5.627243,18,1369.825044
13.977408,45,1371.951396
12.347749,34,1373.661993
24.004983,102,1379.699616
22.442315,85,1384.247648
27.048104,106,1395.152967
11.8723,36,1397.018035
-7.488066,7,1397.404399
2.723833,8,1397.812776
9.788368,27,1399.001252
30.264676,76,1402.065397
3.241431,10,1402.416164
13.857825,34,1403.64169
3.129624,9,1403.954779
5.447788,15,1404.484411
-2.469442,24,1405.759867
7.681628,21,1407.131464
10.267439,60,1410.022314
4.380726,15,1410.896913
5.122149,15,1412.320929
47.870107,143,1420.906166
25.281261,110,1426.083456
28.632143,65,1429.01226
12.166615,101,1433.563536
17.191441,111,1437.877628
2.568632,8,1438.236679
4.358539,14,1438.911107
26.717822,132,1444.648693
8.529693,21,1445.972633
41.953024,112,1452.582361
32.843102,91,1457.477537
-0.158509,26,1459.140198
10.479682,75,1462.689261
8.338021,26,1463.988621
15.280245,52,1466.843487
16.126998,94,1471.11847
47.115408,161,1477.229727
38.890375,128,1484.007003
-1.872307,23,1485.577089
19.401379,53,1488.093091
27.950354,89,1497.814262
4.581472,13,1498.456049
17.989775,77,1502.308976
4.452414,13,1503.108355
6.646562,50,1506.047963
22.594783,114,1511.63838
16.563174,37,1513.449848
4.110995,13,1514.157735
36.014019,142,1521.079742
3.413321,11,1521.61588
28.153126,86,1526.288681
31.295792,105,1530.968295
8.65324,58,1533.836922
3.714312,11,1534.547199
4.264325,13,1535.111898
14.108652,48,1537.576569
21.044549,68,1540.666108
12.610967,41,1542.546859
3.236271,10,1543.033025
1.113098,4,1543.222195
6.654054,45,1545.12968
23.362811,80,1548.309026
7.114975,21,1550.011096
37.466397,137,1557.233559
18.161395,97,1561.903921
8.069603,21,1562.972342
6.424341,20,1563.790823
24.344996,108,1570.047575
45.8488,131,1577.263689
28.556773,88,1582.324002
5.046432,14,1583.247673
21.166858,100,1588.853405
30.811148,88,1593.484503
12.58306,34,1595.114971
16.075698,90,1599.144393
21.337732,88,1607.903402
34.22222,120,1613.229348
14.478932,73,1617.349405
52.606978,148,1624.477474
10.803719,29,1625.900109
21.177903,101,1630.811364
48.663051,142,1638.459132
3.248444,11,1639.093794
8.527405,27,1640.63247
3.225595,42,1642.921222
9.271833,30,1644.348352
22.725791,85,1648.203903
-2.648657,21,1649.115495
30.148841,95,1653.702813
0.004423,29,1655.13577
29.981814,88,1658.528968
5.993466,16,1659.098654
18.319098,55,1661.006537
2.219864,7,1661.257921
3.653383,11,1661.647632
38.505271,122,1668.527616
20.063993,58,1671.798384
29.403465,82,1675.797118
26.797118,76,1679.75962
24.975113,92,1684.226045
25.144663,97,1688.946551
2.175643,36,1690.599504
21.818713,56,1693.092277
31.111496,120,1698.757974
24.04934,124,1704.251425
22.275511,56,1712.340711
26.283726,104,1718.10178
34.201913,107,1723.596319
43.818227,127,1729.588667
10.025971,29,1731.164874
26.224205,87,1735.107491
2.544896,37,1736.759659
31.670376,92,1739.995806
15.624703,47,1742.147911
38.478168,108,1747.892454
44.816008,139,1755.59553
31.892986,101,1761.030312
12.059518,36,1762.790765
33.326676,133,1769.228383
23.815203,97,1773.891118
31.721675,122,1778.881205
32.632858,170,1787.962872
4.852789,15,1788.703935
1.85584,6,1788.973085
23.730701,70,1792.173956
2.176802,7,1792.505409
23.898688,84,1795.757505
1.102432,4,1795.947179
33.662233,148,1803.404068
23.157014,103,1808.958923
47.690231,141,1820.779104
28.380259,112,1826.352365
25.283709,86,1830.528519
8.050181,60,1833.70412
14.294504,44,1835.71614
29.836435,82,1840.30812
21.84073,109,1845.680998
29.668667,101,1850.402703
17.350462,79,1854.41619
4.57513,12,1855.128258
34.549312,107,1861.064299
30.520751,111,1866.467937
23.231317,81,1870.411459
30.949137,103,1874.804097
33.983711,118,1881.282469
-6.681458,10,1881.916511
25.928678,99,1887.321375
-0.864472,25,1888.588896
39.604785,109,1894.450982
26.811888,76,1898.675947
28.792243,128,1904.586925
8.184537,29,1905.92462
44.419519,156,1913.619328
32.381162,152,1926.733908
29.264674,94,1931.019042
21.387931,87,1935.700262
55.522855,157,1943.380376
59.778945,162,1950.507176
28.713195,82,1954.589856
59.740601,170,1961.811158
29.173691,102,1967.295455
45.797099,137,1974.585018
25.732974,71,1977.96398
4.186576,12,1978.512426
23.999755,78,1982.72772
10.069841,33,1984.339996
15.393364,47,1987.505313
57.973366,141,1995.357928
28.160988,96,1999.846362
26.070028,126,2004.890272
10.230961,28,2005.842128
3.065992,10,2006.192892
31.085208,121,2011.829698
28.364654,93,2016.564473
43.226707,136,2024.014755
27.450696,72,2033.008259
29.548269,91,2037.213057
41.191351,176,2045.639158
33.67284,110,2050.718903
29.130109,84,2053.933129
42.278207,111,2059.791135
19.35833,102,2065.325698
29.199858,129,2072.240922
54.139276,148,2079.339338
15.755078,95,2083.611143
0.374009,2,2083.687089
42.061027,129,2089.693466
56.579271,176,2097.159762
12.008139,38,2098.473562
54.588321,140,2105.937173
15.40969,52,2108.484518
23.382223,102,2113.402275
27.771546,77,2117.999429
27.900483,87,2122.181897
28.84292,82,2125.7862
39.493761,130,2136.456191
28.449922,113,2144.163031
-1.994777,25,2145.588644
34.501457,111,2151.259803
21.815826,81,2155.139023
18.428796,45,2157.134395
30.803608,107,2162.259619
38.500693,136,2168.828126
32.321019,89,2172.559757
2.285415,32,2174.015073
16.242058,81,2178.014524
45.663289,176,2186.864573
51.238628,133,2193.845626
26.079815,94,2198.438181
28.819253,105,2202.958948
12.015505,36,2204.191934
19.187919,86,2208.156522
0.342297,28,2209.304349
15.953973,84,2213.197785
59.520157,144,2220.01624
50.685765,146,2227.372731
24.321103,114,2233.797759
20.349012,97,2242.987579
57.429195,146,2250.527626
48.344398,172,2259.993978
42.376249,138,2266.704251
58.671357,167,2273.204503
72.580153,162,2281.73586
39.23812,110,2287.535443
37.496562,100,2292.78924
58.926574,176,2301.33554
23.444238,91,2305.807581
59.499675,176,2313.873262
35.807179,100,2318.542289
38.135294,128,2323.295827
57.33236,176,2332.706725
3.159755,10,2333.218379
12.105408,30,2334.914884
54.658601,176,2349.246573
57.736894,151,2356.527001
59.262167,176,2364.776023
48.014548,176,2372.670389
34.757694,104,2378.201815
45.738075,146,2385.90278
53.381992,161,2393.676832
19.572531,107,2398.28606
45.850496,157,2405.498006
32.79912,130,2412.137375
54.619224,169,2420.572717
45.419267,132,2427.751234
24.722201,87,2431.881314
8.305305,57,2434.80732
29.838745,128,2440.001812
59.399582,162,2453.015194
29.043604,78,2456.390532
25.230049,96,2461.06631
43.498552,174,2469.714632
7.430719,54,2472.022689
42.873392,141,2477.543883
28.101116,92,2482.559226
58.967843,168,2491.408182
58.288699,176,2499.974436
54.02787,176,2508.781886
45.504706,176,2517.265804
-1.807402,21,2518.201051
33.618188,109,2523.52938
56.789528,168,2532.034202
17.542912,107,2536.759547
29.69426,112,2540.559196
32.659174,110,2550.584236
49.572015,129,2557.351452
31.399389,133,2565.1598
-1.929502,17,2566.092969
61.389185,176,2574.462651
22.862585,94,2578.763797
66.025424,176,2586.747356
53.07352,176,2595.59962
25.687221,116,2601.748272
-4.761774,14,2602.444556
34.758856,140,2608.033374
55.080966,176,2616.00422
52.98441,176,2623.567065
2.43694,44,2625.059911
39.660676,176,2632.070601
35.048937,176,2639.49466
50.921182,163,2650.264853
68.357584,169,2656.998433
22.284327,78,2660.16774
54.489719,176,2666.305281
-5.675877,13,2666.750981
60.036299,176,2674.718428
1.089694,4,2674.862514
20.870065,153,2680.868835
52.019795,176,2687.42286
31.686445,155,2695.097547
57.401379,160,2703.954239
9.675444,69,2706.955894
52.691953,176,2715.744984
34.333185,126,2721.097355
56.866415,176,2731.022467
54.41172,176,2740.455271
2.408591,44,2747.788596
37.417373,131,2754.275061
57.155331,176,2762.841388
45.172763,176,2771.210681
-7.983467,5,2771.456429
24.715613,113,2777.766048
51.459742,176,2786.126843
67.932201,176,2794.652444
-0.518368,40,2797.618332
53.501934,176,2806.970662
15.92902,113,2812.135974
28.194457,109,2816.771628
64.445318,176,2825.702888
23.021587,102,2830.832541
21.885158,123,2836.234898
2.275143,37,2838.073375
25.07185,102,2842.765445
40.02084,153,2856.077527
59.155462,176,2864.351432
64.712754,176,2872.632738
31.604136,135,2879.92621
45.879963,176,2888.696367
45.067027,176,2895.587969
23.212953,114,2901.460127
-3.920533,16,2902.460809
46.709982,176,2910.634692
52.174738,176,2919.410428
46.599952,176,2928.216554
22.222839,90,2932.12904
47.214751,176,2941.479479
-2.229885,18,2942.360242
-0.335409,35,2944.01333
-5.158973,14,2944.677165
1.690745,38,2946.499454
49.148509,176,2961.356679
45.290835,176,2968.459373
52.620758,176,2977.42853
3.834672,35,2979.313147
55.862517,176,2988.911161
53.769381,176,2996.757903
45.149671,176,3005.229903
54.835229,176,3014.578332
58.020018,176,3023.778746
-4.993724,14,3024.382852
68.359809,151,3030.61112
48.790375,176,3038.932212
-0.825837,23,3040.475685
52.83976,176,3049.549158
2.702778,31,3050.952646
44.57303,176,3065.546732
36.68178,176,3074.609986
22.962674,137,3081.320338
23.54421,95,3086.107471
41.859323,176,3093.134379
16.53076,89,3097.603402
11.233584,67,3100.984
44.451189,161,3109.455706
29.614964,109,3114.439312
14.71289,109,3119.611507
50.497056,167,3127.747965
44.946736,176,3136.592467
46.127865,176,3145.53265
46.43442,176,3153.716538
20.043042,86,3156.591282
41.814077,176,3170.981752
40.02466,176,3179.303202
48.245521,176,3187.92135
56.32459,176,3195.207964
47.528865,168,3204.185494
20.312778,88,3208.821876
46.76132,166,3217.033596
55.496524,176,3225.830598
51.23011,176,3233.76899
10.03642,68,3237.391667
52.877022,144,3244.921812
59.931685,176,3253.939998
48.509339,176,3262.196805
56.265037,176,3276.027633
54.071587,176,3284.78691
55.807084,176,3294.448109
55.90913,176,3303.892674
0.751279,31,3305.330703
38.700463,110,3311.223899
66.496684,163,3318.480689
49.081118,176,3327.006427
47.291549,176,3335.74307
49.765195,176,3344.460389
34.908096,128,3349.777265
20.792956,104,3355.21744
47.657025,176,3365.649763
43.291598,176,3373.752035
48.321415,176,3387.756675
33.795422,104,3393.036831
3.665896,11,3393.539007
48.262717,176,3402.597788
69.433871,176,3411.31676
58.484546,176,3419.794624
60.327557,176,3428.591638
69.690373,176,3437.353796
25.472298,85,3441.685637
-3.73215,17,3442.721087
-6.753991,9,3443.239504
35.452787,167,3450.884552
57.045164,176,3459.227237
56.969293,176,3467.524065
11.527374,48,3469.170634
-7.144515,8,3469.448372
56.347224,176,3476.983299
29.299622,96,3487.244774
63.796313,176,3495.668848
-5.459671,13,3496.272514
57.573947,176,3503.165719
69.791346,164,3509.268864
57.675772,176,3517.970486
7.769476,26,3519.332441
45.910992,176,3527.682556
37.548683,154,3534.832279
56.933373,176,3542.885109
69.848754,174,3549.372202
38.673553,176,3558.633261
49.349113,176,3567.540397
68.247568,176,3576.566024
63.017752,176,3590.121987
26.688789,87,3594.126967
-7.197234,8,3594.480561
45.055309,176,3600.561155
40.994369,146,3607.767118
54.939821,176,3617.063906
-6.544541,10,3617.545179
56.900446,176,3626.44321
56.703323,176,3633.538432
-4.17527,19,3634.629185
62.770189,176,3643.3071
53.566292,176,3652.499547
37.512404,176,3660.666018
-6.005472,11,3661.198862
60.098432,176,3668.866068
50.686477,176,3677.53592
58.347092,176,3691.611318
69.849022,172,3700.155766
51.871202,176,3709.222626
41.788721,176,3718.1478
44.077251,176,3727.181751
69.805427,175,3735.447834
32.832817,117,3739.815324
56.965726,176,3748.177377
43.98398,176,3757.252889
61.647538,176,3765.71944
53.57445,176,3774.658193
45.883229,176,3783.075715
40.499872,176,3797.173162
62.863744,176,3806.161095
33.278482,151,3812.929369
-0.167789,42,3815.119897
44.719894,176,3823.712884
45.57041,176,3834.026134
49.35832,176,3842.586289
49.958156,176,3851.738638
-4.897316,16,3852.630551
69.244145,176,3860.189519
42.028071,176,3867.518197
37.614368,176,3876.566125
37.283667,167,3885.107922
44.9893,176,3893.428594
61.843856,176,3907.202809
48.857636,176,3915.082159
56.097475,176,3923.724502
42.103094,176,3933.125222
58.367081,176,3941.897453
52.115997,176,3949.714841
60.862117,176,3957.792609
68.332884,173,3966.176149
40.851532,176,3977.765294
44.887192,176,3986.345029
58.866074,176,3995.008921
-5.81262,12,3995.552335
45.37537,176,4008.284626
3.18509,53,4010.594479
50.710921,176,4019.009146
36.595123,176,4029.250876
60.142753,176,4037.335446
49.770888,176,4044.584449
1.74065,28,4045.927926
44.451446,176,4056.415325
53.784494,176,4065.418521
-1.552209,36,4067.12714
50.874287,176,4073.496639
60.598752,176,4081.290239
-5.659356,14,4081.962406
57.23416,176,4092.082308
42.121193,176,4101.405309
47.407504,176,4115.581305
51.766727,176,4123.877194
70.789892,172,4134.482818
53.471158,176,4143.915656
20.916083,109,4150.015298
52.032636,176,4159.234312
46.80214,176,4167.753813
-0.541737,33,4169.476904
6.262212,37,4171.970474
-6.262732,11,4172.662383
41.274666,176,4182.103042
35.566731,165,4191.194611
41.318045,176,4200.804234
51.947027,176,4210.085855
-2.234529,23,4211.418864
0.589321,40,4213.472992
66.937834,176,4228.791664
66.499807,150,4236.405366
58.734006,176,4243.987564
54.440225,176,4252.372121
52.744532,176,4261.208457
37.23349,176,4269.592369
23.61687,116,4275.138796
38.596523,176,4284.272962
47.775359,176,4293.408285
57.701894,176,4301.140334
68.095169,176,4309.790324
41.620936,176,4319.831324
56.612136,176,4332.680745
43.502869,176,4340.031678
56.386966,176,4349.38114
44.520252,176,4357.567052
24.501761,94,4362.613312
50.085829,176,4371.539492
-2.780865,17,4372.588068
67.1576,175,4380.595798
55.370877,176,4388.450967
61.483099,135,4394.723002
49.212568,176,4402.902302
48.708873,176,4410.957647
58.177346,176,4421.331729
50.669696,176,4430.231679
48.965099,176,4443.743788
19.873991,107,4447.944783
47.712432,176,4457.154412
52.834022,176,4466.913808
53.79526,176,4475.227012
50.247064,176,4484.04693
2.45415,8,4484.430377
53.54989,176,4491.85728
0.70617,3,4492.035004
10.135197,37,4494.094007
46.503366,176,4503.552569
8.804803,33,4505.266882
39.971189,176,4514.350137
58.020231,176,4523.058122
58.3829,176,4531.766074
4.922025,18,4532.66426
-3.659128,25,4533.919405
-7.137383,9,4534.339257
1.314176,5,4534.582471
47.73291,176,4549.361443
16.068431,68,4552.723433
0.701897,3,4552.846834
43.39133,176,4561.782834
11.660162,45,4563.921759
1.052034,4,4564.148824
9.134508,39,4566.464346
48.375407,176,4575.637104
47.134351,176,4584.874428
42.844863,176,4591.620757
6.084195,25,4592.664338
47.385821,176,4601.442829
44.104664,176,4610.936054
39.540083,176,4618.944406
55.066962,176,4626.843704
57.385071,176,4636.101806
15.171807,34,4637.629183
46.655768,176,4652.798476
56.542788,176,4660.555253
57.733084,176,4670.041681
14.926789,60,4673.314501
59.550047,148,4680.870328
-2.643668,33,4682.319019
20.374665,102,4686.474126
48.029537,176,4694.310095
-4.912649,18,4695.51194
15.398806,81,4700.149169
29.814433,176,4708.399835
43.550263,176,4716.431494
45.596189,176,4725.097102
49.751583,176,4733.29726
8.26439,36,4735.326594
61.497363,176,4743.066213
69.037184,173,4757.757639
27.245596,176,4765.827849
54.511551,176,4774.864278
61.079512,176,4782.971865
46.941002,176,4791.87945
54.826334,176,4801.928947
52.719771,176,4810.70368
55.385528,176,4819.180259
53.224556,176,4828.039559
32.124993,176,4836.57355
50.139054,176,4845.722908
-1.941228,31,4847.155811
52.057353,176,4855.011061
35.20736,176,4870.313157
39.301282,176,4878.603697
54.005586,176,4886.129861
9.205734,40,4887.643967
61.225045,176,4895.693574
32.967082,176,4904.256542
51.557601,176,4913.562381
44.533138,176,4921.091065
38.126505,176,4930.670721
43.36206,176,4939.807503
40.512489,176,4948.900326
46.111158,176,4958.642849
64.160824,175,4974.32565
46.285607,176,4983.502554
57.949226,176,4992.258092
42.397958,176,5000.538103
46.857414,176,5007.260664
66.743299,170,5015.748671
47.916917,176,5024.752603
47.959498,176,5033.554891
47.554565,176,5041.644017
29.993593,176,5049.759122
64.657546,168,5058.246688
7.539953,26,5059.687905
42.728712,176,5068.496533
-7.45759,7,5068.897249
31.762694,176,5082.574726
-0.047356,39,5084.447625
49.451634,176,5093.442499
40.110103,176,5102.272664
51.664656,176,5109.402215
43.058572,176,5117.870333
29.239308,176,5125.960323
50.820407,176,5135.541441
50.894648,176,5143.7044
64.535485,173,5152.600481
-3.774306,24,5153.671629
64.573257,157,5161.545744
41.682534,176,5169.957579
56.8947,176,5184.708561
48.750612,176,5194.961295
49.154039,176,5204.235308
42.108519,176,5213.572458
58.102906,176,5223.031796
60.036197,176,5231.7898
4.083407,11,5232.344938
44.712028,176,5240.704234
48.944137,176,5249.097818
53.762222,176,5257.141759
39.224349,176,5265.783253
36.41514,176,5274.361345
38.775276,176,5283.258327
39.867356,176,5297.54925
59.338397,176,5305.747497
44.55969,176,5315.628208
29.082277,142,5322.77898
39.244434,176,5330.776026
46.981852,176,5338.554436
33.459037,176,5347.769443
63.697301,175,5356.559513
27.702489,176,5364.573552
58.430229,176,5373.730551
31.025721,176,5382.618033
54.408147,176,5395.436154
36.912342,176,5403.45807
62.898374,172,5412.164232
14.626237,49,5414.562845
36.25757,176,5424.099365
57.008669,176,5432.803559
26.316556,113,5437.890695
52.487668,176,5446.566001
42.778068,176,5454.77433
58.344016,176,5461.931536
51.079526,176,5470.37062
41.670587,176,5479.190177
43.846658,176,5487.737072
44.797548,176,5501.653689
39.530737,176,5511.086924
38.919373,176,5519.225306
51.462407,176,5528.180271
36.104844,176,5537.437079
10.754902,25,5538.803279
39.937624,176,5546.970377
44.937135,176,5554.027873
34.130841,176,5563.001881
35.960848,176,5571.632144
42.748056,176,5580.370319
45.146423,176,5589.514176
37.004309,176,5597.058541
40.9566,142,5609.094344
42.644138,103,5614.39478
34.557805,176,5622.978512
3.911728,14,5623.450459
46.403235,176,5631.367345
54.768862,176,5640.560427
36.211918,176,5648.420121
48.681862,176,5656.732225
34.518721,176,5666.417977
44.956351,176,5675.994049
17.69774,130,5682.358819
45.103785,176,5690.150684
40.687823,176,5698.008435
51.518599,176,5711.716766
42.412698,176,5720.779617
46.921343,176,5728.773289
51.039836,176,5737.227783
47.119499,176,5746.004204
1.126934,4,5746.198359
50.645869,176,5755.780159
47.568797,176,5764.513009
2.541415,9,5764.961788
25.354427,101,5770.120167
39.181551,176,5777.903449
40.464593,176,5785.857898
42.234502,176,5795.695997
37.605547,176,5804.314687
51.604525,176,5818.490617
55.319883,176,5826.393284
51.866375,176,5833.739324
51.335236,142,5840.266244
3.549059,11,5840.898276
38.456451,176,5849.486821
44.71529,176,5859.097462
50.268372,176,5868.0495
49.716952,176,5876.151385
4.309597,15,5877.094993
50.855566,176,5885.275085
57.20377,176,5893.74485
47.29458,176,5903.169188
44.085786,176,5913.395713
35.565525,109,5924.320657
8.545182,37,5926.065125
47.653686,176,5935.029284
44.806378,176,5945.115714
48.121513,176,5953.871762
53.799785,176,5962.722954
44.980779,176,5971.977383
-7.873791,6,5972.227612
5.886853,24,5973.415583
39.009278,176,5982.08305
49.497987,176,5990.991745
47.93049,176,5999.377506
42.473684,176,6007.135807
58.154826,176,6015.300715
41.631039,176,6029.718285
50.65904,176,6037.949134
66.379809,176,6045.831809
70.443694,169,6053.838125
39.678465,176,6063.255915
53.703123,176,6071.88014
49.721844,176,6081.49579
63.671374,176,6090.739712
46.80739,176,6099.552286
63.014798,176,6107.273142
40.671012,176,6116.605747
9.678344,48,6119.137307
35.392809,176,6127.6076
51.694027,176,6140.810139
28.415118,101,6146.474728
2.788767,9,6147.022881
13.430191,35,6148.867323
60.735484,176,6157.863301
45.274936,176,6165.714291
4.735659,15,6166.254233
38.171365,176,6172.90947
60.887121,176,6181.651323
44.354102,176,6190.340729
12.564128,52,6192.817653
16.432369,78,6196.880219
-3.477287,14,6197.836341
58.577776,176,6205.543718
16.682754,56,6208.299594
8.116554,68,6211.325828
39.478999,176,6219.819492
0.754082,28,6221.234897
55.441529,176,6229.97604
56.348865,176,6243.767544
51.761517,176,6251.417979
47.319187,176,6261.284135
40.560659,176,6270.733206
50.739471,176,6279.150684
56.362657,176,6286.921581
37.732386,176,6294.687636
3.228584,11,6295.21237
57.841863,176,6304.31361
51.102772,176,6313.085316
62.932064,176,6321.071406
55.681206,176,6330.543488
60.090917,176,6345.127155
1.407811,25,6346.320633
56.349077,176,6354.543031
-5.35729,12,6355.109174
61.051588,176,6364.859245
1.799656,40,6366.973615
3.453782,10,6367.458938
68.423387,168,6376.343675
22.139068,65,6379.38121
55.04199,176,6387.189795
56.821274,176,6395.767091
5.539918,18,6396.603923
16.577276,71,6399.240011
22.492267,125,6405.745493
51.473069,176,6413.644122
57.394062,176,6422.708424
54.496839,176,6431.91735
65.681428,175,6440.166575
3.902918,10,6440.626403
50.267699,176,6453.200064
57.88718,176,6461.79265
64.056351,176,6471.249379
55.382015,176,6480.162902
55.336387,109,6486.359824
1.976811,48,6489.044393
0.856256,47,6491.165247
28.08297,176,6499.998142
69.718069,167,6507.560772
20.317596,66,6510.662382
-1.644533,23,6512.11444
24.279108,93,6516.677069
66.868754,176,6525.530681
59.614152,176,6534.641051
67.162403,176,6542.725984
62.906822,176,6551.42392
-5.46789,14,6557.538312
62.064734,176,6566.268237
4.729567,42,6568.133325
56.819667,176,6576.79652
-1.633925,24,6577.936437
55.326943,176,6586.647352
46.302534,176,6593.857969
44.234446,176,6601.070205
-7.737232,6,6601.387861
48.32851,176,6610.390131
26.084241,110,6616.252496
47.315971,176,6624.425774
50.934703,176,6632.397402
44.899619,176,6639.165562
56.711775,176,6648.037909
44.702,176,6662.151114
17.686354,63,6665.324686
59.246538,176,6674.029595
50.140385,176,6682.373954
52.384198,176,6690.897697
55.327028,176,6699.717696
58.823913,176,6708.459713
44.725048,176,6717.412044
63.660251,176,6725.750253
60.717813,176,6732.962305
13.555503,50,6735.594031
66.697695,176,6744.381914
57.413523,176,6753.923042
63.69515,176,6768.057849
69.734267,172,6775.914853
72.11077,154,6782.455607
41.87656,176,6788.546075
44.9635,176,6798.427338
29.804703,176,6807.938389
69.047268,165,6815.273599
42.248073,176,6822.822984
45.694861,176,6831.969373
59.106887,176,6841.146809
19.396856,108,6846.327255
41.897439,176,6855.535896
49.217183,176,6868.958821
3.228404,31,6870.046867
5.900724,37,6871.762801
56.549073,176,6881.170571
52.140094,176,6890.408851
27.669686,130,6897.516448
64.612368,176,6905.888002
57.566502,176,6913.839236
0.759054,44,6916.045568
58.744164,176,6925.054285
53.46695,176,6932.991918
45.79718,176,6942.043686
53.822708,150,6949.141345
6.760629,83,6953.055118
55.861264,176,6961.369541
50.551864,176,6975.715093
67.021082,171,6982.968109
46.097298,176,6990.664176
51.824963,176,7000.829999
0.908084,40,7002.979173
69.589562,168,7011.120673
53.874057,176,7019.061459
45.653257,176,7025.654628
-1.539655,21,7026.362951
7.912086,27,7027.787913
45.375205,172,7035.248678
6.303212,69,7039.75819
66.422482,176,7048.878797
43.721799,176,7057.165756
50.502182,176,7065.253089
53.506435,176,7077.915789
42.69574,176,7087.511727
51.834284,176,7096.065618
66.563298,176,7104.000256
42.897252,176,7113.10241
25.348359,176,7122.262049
55.472967,176,7131.365028
51.205002,176,7138.706357
-3.960438,15,7139.494726
62.067327,176,7146.87562
-5.9487,13,7147.438889
21.305701,156,7154.968802
42.042042,176,7165.625981
64.352302,176,7174.716189
15.224885,35,7181.576927
41.361714,176,7189.322001
12.358593,51,7191.685915
58.69862,176,7200.715743
57.92743,176,7211.160397
47.202633,176,7220.334799
52.692231,176,7229.654662
34.845015,176,7238.952043
46.225295,176,7248.051543
59.090859,176,7256.452031
4.335928,12,7257.130473
-1.456735,28,7258.653892
14.83985,80,7262.742831
48.80826,176,7271.960227
1.861978,6,7272.225647
60.232407,176,7280.536993
3.016426,78,7284.527964
68.101125,167,7298.03488
37.681921,176,7306.221369
8.973897,32,7307.716677
55.529926,176,7315.621813
56.259316,176,7325.24887
58.764745,176,7333.297132
59.184735,176,7341.67679
52.2848,176,7350.320423
1.008474,4,7350.593385
57.78414,176,7358.725265
41.691779,176,7366.339865
6.076282,17,7367.262492
51.49233,176,7376.332013
56.170797,176,7385.388398
66.38226,176,7398.295936
-7.09296,9,7398.606609
61.823161,176,7407.532521
13.530753,65,7410.968818
19.488239,94,7415.457432
52.109099,176,7423.902573
38.739186,176,7431.709694
-7.432593,7,7431.957336
65.012849,176,7439.500014
1.498376,27,7440.85255
41.540608,176,7449.732902
-0.967807,30,7451.389437
1.362875,32,7452.969545
58.243452,176,7461.882969
1.927232,44,7463.6707
43.52367,176,7471.186306
30.076588,151,7478.775888
49.776271,176,7488.391781
53.79322,176,7502.339344
49.373691,176,7511.356962
2.004466,29,7512.822749
54.211853,176,7521.479781
64.566228,176,7529.85901
4.940191,35,7531.781607
62.46262,176,7540.291841
1.695032,6,7540.543472
47.916409,176,7548.282825
49.136507,176,7556.633749
47.397964,176,7565.412402
4.950927,53,7567.908614
45.288442,176,7575.940191
53.656027,176,7583.450219
59.433416,176,7592.369321
49.064156,176,7606.387776
62.85501,176,7614.980406
28.750209,88,7618.616425
64.799335,172,7629.040334
2.75188,39,7631.046246
51.99896,176,7639.841185
50.037697,176,7649.307214
0.019951,49,7651.78564
1.445494,47,7653.880548
41.526322,176,7662.292113
54.703828,176,7670.472122
68.376933,176,7679.2499
51.856524,176,7688.055678
63.939755,166,7696.001365
50.285195,176,7710.706639
55.779098,176,7718.256484
-3.405863,21,7719.171925
63.300032,176,7726.640942
60.069105,176,7734.750061
50.484843,176,7743.352419
42.381941,176,7751.697547
-3.273273,18,7752.548314
46.945886,176,7760.485325
36.639537,176,7769.155223
36.060314,176,7776.802027
49.104099,176,7785.250301
60.328097,176,7793.373904
51.923884,176,7800.868104
46.117048,176,7815.00058
-5.789115,12,7815.563254
52.596315,176,7823.42737
2.718644,45,7825.530262
49.024535,176,7834.259659
58.902456,176,7842.826175
49.474982,176,7849.858285
52.38117,176,7856.902485
57.698598,176,7863.452341
56.454085,176,7872.001548
63.22785,176,7880.83644
8.261661,27,7882.082508
2.019911,32,7883.807514
40.887444,176,7892.095988
47.704891,176,7899.510194
-2.123625,28,7900.758588
48.95062,176,7915.03997
25.791549,112,7920.052936
60.285224,176,7927.406192
50.324288,176,7935.9316
61.142402,176,7944.532284
48.957123,142,7950.689855
26.84413,89,7954.061663
61.162762,176,7962.786561
11.841886,55,7965.556149
13.545297,65,7968.557682
4.540188,35,7970.28645
53.505173,176,7978.636293
-1.51939,22,7979.680879
24.521233,107,7983.501448
65.274582,176,7991.354193
66.568017,174,8001.79887
55.18546,176,8015.610656
67.352649,173,8024.500198
5.08754,14,8025.277659
-5.421675,15,8026.100595
4.08919,11,8026.878131
58.275109,176,8035.92321
43.66164,176,8043.326813
60.233137,176,8051.834055
49.605848,176,8061.088531
47.268843,176,8070.022802
33.560743,176,8077.926626
34.101793,89,8082.323711
49.880114,176,8091.183097
4.508309,42,8093.456209
37.95931,95,8098.140154
32.806235,111,8103.679163
30.195363,112,8109.590328
63.643172,166,8122.865402
-1.734986,20,8123.868438
12.146777,30,8125.075686
12.334707,33,8126.939914
5.819488,60,8130.21704
-7.733163,5,8130.47645
1.778979,32,8132.139607
-6.064227,10,8132.685387
9.489042,24,8133.987441
32.20732,88,8138.504557
56.36744,176,8147.285807
44.991948,165,8155.182163
30.934633,89,8159.71959
60.263076,176,8169.013926
-1.629229,32,8170.658064
2.01535,36,8172.528776
54.436312,176,8180.369715
-2.306407,18,8180.978498
16.927378,41,8182.371024
47.679283,176,8189.887903
53.907102,176,8198.998501
20.292101,83,8203.002225
13.82436,33,8204.486647
54.526029,176,8212.710175
3.891013,12,8213.236309
16.57707,37,8214.780059
0.324126,35,8221.208976
-2.270677,24,8222.474827
46.009721,176,8231.041667
36.258535,176,8239.679206
13.867569,47,8242.19173
58.559049,176,8250.265735
50.137684,176,8257.807957
50.372353,176,8265.523648
42.397312,176,8273.831583
64.824649,176,8282.548233
52.825209,176,8291.184349
50.591798,176,8300.108093
36.52773,176,8308.040354
44.755315,176,8316.125925
41.789843,176,8331.189285
54.800603,176,8339.573659
23.611595,62,8342.22796
5.821165,15,8342.927071
14.494197,32,8344.220076
45.716369,176,8351.001404
48.200161,176,8359.757909
63.473492,176,8367.901303
31.350135,126,8373.976439
-3.04409,22,8374.977679
-0.608893,41,8376.88748
11.315142,42,8378.838768
17.675532,42,8380.420014
6.563026,26,8381.302397
-3.8363,18,8381.909339
55.890896,176,8389.36544
52.263846,172,8398.018513
60.582934,176,8407.128255
58.346191,176,8415.475166
41.575881,176,8428.988205
52.758705,176,8436.854619
41.915463,176,8445.250697
-4.350122,18,8446.127461
11.491563,44,8448.070381
46.227714,176,8456.770514
25.127539,102,8461.883461
28.208736,77,8464.66969
44.390226,176,8472.599759
53.945247,176,8481.857622
52.958436,170,8489.556304
51.013963,176,8495.425843
57.829229,176,8503.639251
7.533855,18,8504.329452
47.427097,176,8513.038753
35.821342,176,8527.654218
16.770903,121,8533.332318
57.970132,176,8541.655264
21.127223,106,8547.014652
13.225379,81,8551.29446
17.291298,73,8554.417075
56.450723,176,8563.199121
9.727317,40,8565.256122
29.149339,156,8574.167954
-6.230768,9,8574.630267
40.524485,157,8582.875911
57.685531,176,8590.820348
44.559687,176,8598.923772
53.412611,176,8607.062053
48.406485,176,8615.916554
7.232415,20,8617.018565
61.266165,176,8630.539253
58.785321,176,8639.161682
55.650458,176,8648.117088
51.02204,176,8655.755728
56.922768,176,8662.996769
52.426257,176,8670.162263
9.408694,36,8671.961389
35.912311,176,8680.487286
28.737156,176,8689.311535
63.113239,176,8697.228565
42.600666,176,8704.82723
37.023079,176,8712.548355
43.036625,176,8721.600828
57.920232,176,8734.507548
44.257593,176,8743.238554
56.033944,176,8751.132354
57.194498,176,8759.133057
51.78981,176,8767.500098
23.789711,176,8774.608032
49.536539,176,8782.596617
62.544197,176,8791.190844
3.979009,12,8791.744989
52.532774,176,8800.436459
12.664576,76,8804.241354
45.797154,176,8811.09116
60.382761,176,8818.995059
11.635102,31,8820.051679
20.581441,102,8830.561565
65.749514,168,8838.69867
35.98064,176,8847.022571
59.668211,176,8855.253679
5.981519,17,8855.995479
45.19897,176,8863.57116
44.708936,176,8871.593601
22.131704,110,8877.291071
58.611032,176,8885.687052
63.810603,176,8893.205445
0.704451,61,8896.226322
52.682032,176,8904.168313
40.860094,176,8912.808709
33.357065,135,8920.060257
53.87456,176,8933.207465
5.063912,55,8936.022787
61.875653,176,8942.704183
46.117501,176,8950.397808
61.965531,176,8959.566597
42.993557,176,8967.889859
49.720944,176,8975.163266
58.549985,176,8982.295057
41.370054,176,8991.276155
44.216217,176,9000.1258
48.92309,176,9008.779485
47.385975,176,9016.340161
54.090835,176,9029.906233
-2.547948,20,9030.948476
37.477871,176,9039.722302
57.273168,176,9048.549946
44.886511,176,9057.163816
54.923172,176,9065.726006
60.595224,176,9073.637331
-1.247321,28,9074.650537
-7.525374,6,9074.859056
37.694461,175,9084.033845
36.385837,141,9090.508158
52.680236,176,9099.11046
7.113422,41,9101.229279
66.049582,176,9109.683837
10.516742,28,9110.92445
59.78964,176,9118.880794
41.868721,176,9133.763764
41.909673,176,9142.348817
53.511455,176,9150.35745
51.071906,176,9158.282832
46.250573,176,9164.404611
58.995741,176,9173.149934
55.45459,176,9181.629969
58.110496,176,9190.023166
58.901085,176,9198.58695
59.341799,176,9206.698562
54.842904,176,9215.321109
47.33142,176,9222.918929
51.977608,176,9237.353326
56.477718,176,9246.273961
44.541516,176,9255.387129
10.568624,84,9259.077388
4.110453,13,9259.601666
36.156113,176,9267.049882
-4.678069,14,9267.551717
3.681468,40,9269.316201
18.480209,54,9272.17396
7.646064,60,9275.248959
45.565156,176,9284.664376
33.125374,176,9293.069281
49.224377,176,9300.919348
-6.93219,9,9301.406601
42.964552,176,9310.121209
58.150709,176,9318.801843
31.125475,176,9327.190263
62.329395,176,9340.144418
57.828307,176,9349.560229
61.303871,176,9357.544258
51.656147,176,9366.689255
48.483876,176,9373.526686
45.621657,176,9381.842181
-0.100605,31,9383.150786
51.94773,176,9391.155
43.112273,176,9400.581149
61.782129,176,9409.307788
46.150063,176,9416.124243
38.655518,176,9424.724809
57.387789,176,9433.062186
60.206501,176,9448.081766
56.75512,176,9457.440365
62.694089,176,9465.668388
52.533826,176,9474.219898
58.286304,176,9482.491846
65.732945,176,9490.814521
53.693381,176,9499.275878
60.967312,176,9506.12154
46.743764,176,9514.366009
21.472314,111,9519.291685
54.397005,176,9525.611305
62.601576,176,9534.493508
50.209633,176,9548.44474
56.163569,176,9555.783246
6.360255,19,9556.42802
54.645466,176,9566.002403
52.22281,176,9574.834767
1.792108,35,9576.089326
-6.410615,9,9576.401957
6.954659,21,9577.360961
52.674675,176,9586.060877
-5.206552,14,9586.868083
44.765046,176,9596.062475
4.077709,49,9598.385549
54.973754,176,9606.271314
58.838937,176,9614.870649
53.921075,176,9623.256091
5.967108,19,9624.020698
61.442636,176,9632.806174
12.409357,79,9636.227431
63.448401,176,9650.367306
60.818662,176,9658.4833
44.212254,176,9666.927394
-0.931926,29,9668.226161
14.3423,69,9671.502421
-3.185386,23,9672.398344
49.590791,176,9681.321193
55.779811,176,9689.764861
-1.969163,23,9690.866516
51.149939,176,9699.541568
57.363472,176,9707.951988
7.571983,29,9709.353908
56.227924,176,9717.95526
7.04261,18,9718.756155
10.830001,31,9720.333191
58.924556,176,9728.789284
47.808615,176,9736.159246
58.333667,176,9749.616287
9.158659,28,9751.003985
62.404975,176,9759.801266
55.511289,176,9768.153432
55.353706,176,9776.801912
38.83243,134,9783.94285
50.927805,176,9792.534855
53.772071,176,9801.507147
37.30439,149,9809.254566
56.111866,176,9817.373807
56.967219,176,9825.556251
39.597338,176,9834.992624
-1.282001,26,9836.274149
54.688292,176,9845.230297
46.987281,176,9859.728555
9.425503,29,9861.149005
58.912091,176,9869.250049
53.048012,176,9878.878073
37.306401,176,9888.336183
44.807564,176,9897.991638
51.051474,176,9906.507473
43.301659,176,9914.730451
58.412633,176,9923.598732
49.451436,176,9932.429878
40.147071,176,9941.061169
7.438815,21,9942.237212
59.374785,176,9951.058432
12.498924,37,9952.760869
35.969573,176,9966.338936
60.660089,176,9975.419062
50.769259,176,9984.310158
6.292265,16,9985.074842
58.388538,176,9992.838505
-3.347267,23,9993.623262
51.443396,176,9999.814909
30.14581,176,10008.282854
31.161302,176,10016.922686
52.355635,176,10024.528112
58.672436,176,10032.653565
44.397428,176,10041.069675
53.946654,176,10048.403864
46.361667,176,10061.818491
48.283352,176,10070.80278
63.013391,176,10079.841866
48.294838,176,10087.804183
55.058125,176,10095.162221
49.702027,176,10103.348298
10.298231,35,10105.242312
41.194185,176,10114.281219
49.799045,176,10122.83922
46.415921,176,10131.680456
4.36881,13,10132.267374
61.800508,176,10140.092543
11.968189,60,10142.115856
48.701405,176,10149.325874
62.245895,176,10157.952151
55.243624,176,10172.116399
6.946274,20,10173.063779
54.708041,176,10181.385629
56.059675,176,10189.286327
54.214814,176,10197.008648
55.939325,176,10205.208076
45.138277,176,10214.159075
54.793138,176,10222.556782
63.892808,172,10228.878418
52.332017,176,10237.267079
63.848853,176,10246.250004
60.960188,176,10254.503355
64.528936,176,10266.50872
68.273962,164,10275.176213
49.048282,176,10284.05548
55.870266,176,10292.640383
-0.227047,26,10293.763523
61.495624,176,10302.181246
14.103979,114,10306.906764
56.096398,176,10315.430134
61.55472,176,10324.184708
4.766534,14,10324.908455
56.024133,176,10333.237941
43.985713,176,10341.260863
56.30508,176,10348.416711
54.827748,176,10356.734739
58.49866,176,10370.802226
31.636565,164,10378.643098
47.687308,176,10387.363777
57.151865,176,10395.830599
59.473125,176,10403.39404
52.997726,176,10411.164531
57.537997,176,10419.814964
53.735277,176,10428.602116
40.238648,176,10437.14756
60.086639,176,10444.597922
31.002239,152,10452.224635
54.552191,176,10461.484587
-3.810913,16,10462.229075
58.065147,176,10475.946802
50.279665,176,10483.852708
48.672419,176,10491.491673
56.33744,176,10499.694875
51.664362,176,10508.990137
54.15416,176,10517.584123
66.565508,168,10525.133486
62.877871,176,10533.757243
49.94801,176,10542.398577
65.805531,176,10550.838352
58.683658,176,10558.770528
54.51796,176,10572.3044
63.585554,176,10580.728268
38.904446,113,10585.736525
51.638102,176,10594.258431
-2.750009,24,10595.407385
61.037537,176,10604.286864
48.618967,176,10613.505663
9.386233,34,10615.484585
61.113931,176,10624.280571
44.854436,176,10633.075485
63.259299,176,10641.753261
1.36411,5,10642.088725
9.810563,33,10643.707679
42.853542,176,10652.391429
58.849569,176,10661.551591
12.75045,45,10663.91329
7.252737,31,10665.368656
57.577392,176,10679.864799
1.499782,5,10680.038989
62.342587,176,10688.021861
52.919764,176,10696.87603
37.475114,176,10704.984128
53.104974,176,10713.243483
61.08663,176,10720.291941
65.455942,176,10728.584602
47.993465,176,10737.400877
50.2862,102,10742.03726
40.961327,176,10750.222832
52.079608,176,10758.664919
56.52767,176,10767.41674
69.415136,148,10773.950121
41.12883,176,10787.895998
63.939997,176,10796.65311
67.437181,176,10805.14986
7.035704,19,10805.935208
28.096217,112,10810.908779
68.553554,176,10818.967959
54.099512,176,10827.2338
65.227249,176,10835.100043
43.569229,176,10843.644303
62.156275,176,10851.659487
64.349649,176,10860.519183
54.297956,176,10869.038693
60.721454,176,10883.207669
58.403743,176,10891.896469
9.163893,28,10893.263443
61.585333,176,10901.74784
50.957605,176,10910.034238
54.859353,176,10918.553623
50.444192,176,10927.256473
58.139692,176,10935.096794
0.471915,42,10937.291116
54.917484,176,10946.458797
45.888519,176,10955.178581
60.256738,176,10963.195061
60.23492,176,10971.705585
66.882119,171,10979.403079
58.299194,176,10994.401422
48.732692,176,11003.191462
58.10018,176,11011.519081
45.402508,176,11018.923291
15.873318,73,11022.654748
57.215588,176,11031.484716
32.542131,176,11039.849423
59.832448,176,11048.170245
10.614588,56,11050.77318
2.355679,8,11051.210159
58.531593,176,11059.034366
52.906375,176,11067.114713
16.513162,54,11070.013043
55.422592,176,11078.753665
12.043489,39,11080.617763
4.721622,15,11081.411516
21.165186,93,11092.356138
7.759975,24,11093.594717
62.071233,176,11101.3976
58.115729,176,11107.904688
37.693705,176,11117.124681
57.078715,176,11126.158913
50.565456,176,11135.030547
52.746112,176,11142.633221
51.182831,176,11150.003819
1.077916,4,11150.218813
2.074506,7,11150.609311
60.12582,176,11159.608338
50.494947,176,11166.604187
47.033822,176,11175.205401
6.327749,18,11176.143497
12.079847,42,11178.15853
11.656069,41,11180.268502
60.826237,176,11194.468456
56.948094,176,11201.389697
53.082196,176,11210.599545
63.438531,176,11219.775383
50.135383,176,11227.123446
58.041852,176,11235.290265
12.554832,40,11237.030337
49.124262,176,11245.235251
6.546962,20,11246.413959
19.57243,54,11249.224114
56.933031,176,11258.002167
51.528882,176,11266.264001
51.313792,176,11274.788825
44.819964,119,11279.696742
56.00969,176,11286.981523
0.727176,3,11287.141631
60.677555,176,11301.134327
62.62913,176,11310.113002
68.005898,176,11318.730518
62.027451,176,11326.359567
67.890514,165,11333.283741
6.592353,48,11335.321708
12.739902,47,11337.631457
63.036849,176,11346.258119
50.869436,176,11354.840396
0.753419,3,11354.960281
58.545914,174,11363.54822
56.185157,176,11371.931772
54.579743,176,11381.025276
42.193455,176,11388.330231
57.303433,176,11402.42458
60.534524,176,11410.58545
61.284197,176,11418.677185
66.993781,173,11426.798995
55.082342,176,11434.313845
57.202219,176,11442.367425
64.003515,176,11451.705956
60.902951,176,11460.903688
66.20461,176,11469.586381
4.174179,41,11471.663915
47.9163,176,11480.42581
58.109041,176,11488.981169
49.618336,176,11501.728311
57.970639,176,11510.272979
56.545795,176,11519.001854
44.956118,176,11527.226567
14.088631,86,11531.340077
51.331492,176,11540.011325
56.816979,176,11548.522328
32.161892,176,11556.856213
7.936058,69,11560.387154
60.598202,176,11568.451746
9.461159,61,11571.764976
44.777023,176,11580.05562
59.702704,176,11587.632104
62.650492,176,11595.515678
50.011486,176,11609.77414
54.476432,176,11617.624909
12.209229,38,11619.977482
45.427213,176,11628.4047
59.430818,176,11636.750377
65.726699,176,11645.248742
46.82218,176,11653.947219
70.128903,152,11659.962528
43.722638,176,11668.938295
9.581566,31,11670.595513
57.832298,176,11679.879106
53.005656,176,11688.527066
51.400565,176,11697.394444
44.18123,176,11711.834855
65.127957,174,11720.437034
10.462002,83,11725.139427
61.100455,176,11734.574032
56.158077,176,11743.623137
63.513804,176,11751.989526
67.698751,175,11759.691029
64.715223,174,11768.669397
48.79364,176,11776.639874
58.238343,176,11783.388619
57.146246,176,11792.425014
65.03057,176,11801.528918
48.99494,176,11816.134939
48.695266,176,11824.966284
59.625202,176,11833.176033
59.421605,176,11841.093272
58.193198,176,11849.406873
51.119401,109,11854.448193
67.441202,176,11862.880505
54.010466,176,11872.243461
48.956047,176,11881.995603
-0.168427,26,11883.414898
60.183525,176,11893.411153
60.627947,176,11902.494765
-5.748798,12,11903.093734
42.089444,176,11912.070066
67.611006,176,11925.675572
51.758229,176,11935.01232
55.689193,176,11943.513443
65.776969,176,11952.618566
57.949217,176,11961.021673
54.541599,176,11969.797729
58.7426,176,11979.611868
56.115847,176,11988.255149
64.767836,176,11996.71442
65.28619,176,12004.788639
61.408613,176,12013.39136
63.426692,176,12022.227635
54.611557,176,12037.226956
59.007929,176,12046.421129
55.416204,176,12055.884537
16.323556,52,12058.439129
62.632927,176,12067.597019
62.593696,176,12077.981699
1.429474,5,12078.240621
60.717902,176,12087.723691
-0.253804,26,12088.920027
1.044504,4,12089.156032
16.647975,87,12093.550585
49.590073,176,12102.134825
0.423766,33,12103.775092
52.477036,176,12111.89534
55.28202,176,12120.777776
60.252432,176,12129.547609
62.581871,176,12143.395034
58.697357,176,12151.957622
-7.594784,6,12152.229059
57.487506,176,12161.054684
2.563354,34,12162.60338
0.699516,29,12164.01112
56.221505,176,12172.658161
56.199007,176,12181.717876
62.487349,176,12191.610014
60.352253,176,12200.158894
-2.105789,21,12201.140969
57.474169,176,12207.702345
-4.041796,16,12208.638513
47.852015,176,12218.218387
12.808424,64,12221.808695
66.008332,172,12230.960953
1.402546,26,12232.118406
60.857246,176,12240.3597
52.741322,176,12255.316941
65.314704,176,12264.219155
54.6578,176,12273.255791
58.262067,176,12281.697332
62.602907,176,12290.358298
53.148813,176,12299.301276
0.211425,30,12301.140127
-6.026107,11,12301.726352
13.845496,86,12306.295813
65.626845,176,12314.789036
45.996902,176,12323.652646
56.71836,176,12332.830449
57.125591,176,12341.203072
44.692712,176,12355.403301
63.303785,176,12363.826722
56.696047,176,12372.690625
62.236778,176,12381.994236
12.306093,67,12385.228385
47.089351,176,12394.170484
1.514619,35,12395.345192
63.281811,176,12403.177
59.244232,176,12413.588271
61.069488,176,12421.987265
61.832215,176,12428.19516
67.651332,176,12437.095606
62.997571,176,12446.171782
57.31488,176,12455.565484
46.846758,113,12466.423763
45.28116,176,12475.165103
-3.632153,19,12475.843362
53.480646,176,12484.551571
64.506663,176,12493.673144
-5.475532,12,12494.379999
1.013433,27,12495.901271
61.102652,176,12504.714397
57.953644,176,12513.921223
57.079925,176,12522.796336
63.668646,176,12532.238408
63.481936,176,12541.277176
58.183117,176,12550.603171
20.821213,82,12554.734448
-1.222309,25,12555.836635
8.002565,57,12558.481736
70.058891,146,12570.290848
64.331628,176,12579.384538
62.906361,176,12588.207894
55.292608,162,12595.986434
53.984506,176,12604.742313
7.037304,22,12605.561394
9.857966,58,12607.541935
2.403573,36,12609.79661
62.433651,176,12618.555468
62.337481,176,12626.794393
57.390903,176,12635.591805
55.829924,176,12644.172722
59.30666,176,12653.17979
-1.217345,22,12654.23759
51.700207,164,12662.500852
17.009215,84,12666.464036
66.174375,176,12680.595206
58.382656,176,12689.616055
-0.82344,29,12691.169657
-6.89429,9,12691.767129
56.84534,176,12700.931981
59.342228,176,12709.248914
68.221309,165,12716.806627
56.180003,176,12727.203019
51.411976,176,12735.805321
63.871185,176,12743.713117
15.315314,41,12745.243886
56.034461,176,12753.298244
-2.942173,20,12754.247474
5.767343,47,12756.345492
1.322423,26,12757.652026
62.208275,176,12766.408989
70.741786,167,12774.778585
-1.881574,19,12775.572571
61.677023,176,12789.682955
54.086768,176,12797.951425
17.489844,58,12801.452706
31.190947,110,12807.03632
11.187219,64,12809.901641
0.85917,30,12811.296735
69.141809,176,12818.925326
0.992707,37,12820.636152
6.858541,56,12824.496179
69.526587,168,12833.489085
57.094964,176,12843.388633
9.858952,60,12846.206556
54.315502,176,12853.928991
-7.565045,7,12854.181001
62.67963,176,12862.986589
4.103159,31,12864.523804
56.921756,176,12874.229215
10.241199,64,12877.567355
65.936533,176,12893.179141
41.9857,176,12901.932109
-6.762926,10,12902.294625
59.661195,176,12911.516731
53.072022,176,12921.066818
52.981836,176,12930.262144
6.502066,38,12931.995021
3.325814,32,12934.245229
67.468945,176,12943.718923
69.549511,168,12953.327586
60.783376,176,12962.865817
59.984396,176,12971.687356
59.556373,176,12979.560574
-1.431941,23,12980.627037
56.691329,176,12988.819263
