#{"t_start": 1774747322.3695726, "env_id": "continuous-exit-v0"}
r,l,t
0.553336,2,10.88598
1.616008,5,11.249656
0.500921,2,11.367089
0.549235,2,11.501447
0.538117,2,11.628556
0.514215,2,11.764604
0.538542,2,11.917403
0.765424,3,12.167528
0.517621,2,12.325501
0.539617,2,12.486849
-1.853056,8,13.105734
1.018503,3,13.327262
1.656959,5,13.670118
0.525052,2,13.805324
-1.525167,9,14.463025
-2.744196,6,14.881118
0.523722,2,15.019654
2.108641,6,15.402569
1.615664,5,15.702342
0.928503,3,15.894927
2.199926,6,16.271383
-3.504257,4,16.499466
0.545428,2,16.631762
0.506843,2,16.739895
0.559003,2,16.87791
0.546748,2,17.006503
-3.005779,5,17.281053
0.952293,3,17.465239
1.76228,5,17.804014
0.524544,2,17.936007
1.129956,4,18.214036
2.377899,6,18.710873
0.467846,2,18.895427
-3.435368,5,19.324103
0.538537,2,19.533694
0.949906,3,19.798221
1.094881,4,20.095424
0.896334,4,20.409277
-3.511564,4,20.77458
0.523079,2,20.894325
0.525731,2,21.01378
1.507354,5,21.381108
0.560826,2,21.515259
0.976331,3,21.754566
0.543347,2,21.881706
1.35152,4,22.14161
1.578107,5,22.493725
-3.029092,5,22.873383
0.538973,2,23.012917
1.622272,5,23.372943
-3.62611,5,23.658057
0.552208,2,23.792393
0.956149,3,23.966065
-3.529188,4,24.226761
0.529255,2,24.355659
-1.800467,8,24.817073
0.503433,2,24.934617
0.328282,2,25.043023
1.39659,4,25.260249
0.550543,2,25.414881
0.517592,2,25.588203
0.506908,2,25.727007
1.31183,4,26.000989
1.782459,5,26.31034
0.533206,2,26.443042
0.494873,2,26.590389
0.538903,2,26.735116
1.221537,4,26.972958
2.547819,7,27.460358
0.568173,2,27.648307
0.536654,2,27.842695
0.517753,2,28.054538
0.86405,3,28.292411
0.524316,2,28.471741
0.346642,2,28.651638
0.543211,2,28.814968
0.572378,2,28.976962
0.52974,2,29.167656
0.349653,2,29.347606
-3.532206,4,29.706917
2.123481,6,30.182956
2.113401,6,30.707316
-1.708691,8,31.422102
1.362951,4,31.772063
2.369003,7,32.463508
2.426305,7,32.988409
2.197039,6,33.385508
1.655356,5,33.753266
1.297458,4,34.069688
0.709369,3,34.319246
0.335599,2,34.536961
0.862329,3,34.823752
0.534184,2,35.005451
1.383649,4,35.323264
2.54267,8,36.026312
0.909414,3,36.312338
0.54577,2,36.509108
1.36067,5,36.848012
-3.401501,5,37.179307
0.831696,3,37.411294
-3.627184,5,37.796378
3.827881,10,38.626015
0.522229,2,38.791842
1.801409,6,39.337797
-3.01025,5,39.77802
0.529402,2,39.948305
0.532205,2,40.151906
0.545192,2,40.345535
0.871237,3,40.606261
0.527288,2,40.761751
0.888424,3,41.00338
3.268812,9,41.676979
1.60517,5,42.068585
1.638682,5,42.440772
1.952734,6,42.933645
-3.177673,5,43.346377
-3.430222,5,43.720587
1.707564,5,44.137552
0.587375,2,44.279346
-3.164111,5,44.654538
-2.286271,7,45.231391
1.411651,4,45.497283
0.556148,2,45.6303
0.494541,2,45.811737
0.539408,2,45.943455
0.550761,2,46.092473
2.390162,7,46.611658
2.020691,6,47.086393
2.246111,7,47.652992
-3.007941,5,48.079422
-1.745359,9,48.834956
0.564987,2,48.995811
0.54468,2,49.205803
0.511206,2,49.407141
0.515189,2,49.60918
0.878847,3,49.829046
-2.617407,6,50.273045
-2.548934,6,50.635198
0.539305,2,50.770823
0.486409,2,50.910342
0.539182,2,51.043221
0.569585,2,51.199882
0.541135,2,51.374599
0.378419,2,51.543604
-3.403628,5,51.906958
1.404821,5,52.250249
0.546986,2,52.382165
0.527268,2,52.526855
0.512242,2,52.667969
-3.539164,4,52.953287
0.522381,2,53.16349
0.54801,2,53.300448
0.513567,2,53.463757
0.541669,2,53.644669
0.553963,2,53.837606
1.807647,5,54.263791
2.881542,7,54.841728
2.54417,7,55.42213
2.410242,7,55.952888
0.53606,2,56.132467
-2.998526,5,56.5512
-2.180084,8,57.262133
0.59253,2,57.45093
0.481049,2,57.652568
4.599875,12,58.701846
-3.56578,4,59.038289
-3.052058,6,59.590249
0.521762,2,59.764651
4.173138,10,60.519764
0.549245,2,60.690937
0.522141,2,60.852384
0.571716,2,60.990142
-3.630788,4,61.316646
0.516995,2,61.464559
3.557812,9,62.180161
0.528781,2,62.372443
0.513908,2,62.537568
2.124479,6,62.958894
1.639186,5,63.371221
0.927729,3,63.612584
0.529319,2,63.765503
0.515818,2,63.911723
1.398882,4,64.215826
0.859773,3,64.459168
0.916441,3,64.723156
1.282297,5,65.083712
1.564862,5,65.467989
-3.095876,5,65.840128
0.54618,2,65.97396
-3.426897,5,66.299343
0.558898,2,66.461118
0.567754,2,66.588375
-2.917328,5,66.971151
0.363056,2,67.153694
0.86408,3,67.374457
4.172649,11,68.165833
0.541695,2,68.319656
1.24357,4,68.638125
1.606434,5,68.978872
0.991086,3,69.271231
0.530471,2,69.433194
1.079402,4,69.715575
0.519214,2,69.866725
2.78566,8,70.420296
0.538217,2,70.537121
0.916147,3,70.746208
0.558352,2,70.861557
0.529874,2,70.974983
0.494957,2,71.113415
0.53069,2,71.236203
0.523355,2,71.355092
0.523677,2,71.467962
0.539699,2,71.600333
0.524494,2,71.730623
0.699431,3,71.917125
2.467405,7,72.333854
0.558571,2,72.454184
-3.522869,4,72.690813
0.544362,2,72.837156
0.553067,2,72.975551
0.493036,2,73.093213
2.080873,6,73.468185
0.501882,2,73.584417
0.440754,2,73.717357
0.543999,2,73.849764
1.608893,5,74.1392
0.528861,2,74.266408
0.331953,2,74.38022
0.574554,2,74.501163
1.279719,4,74.747829
-2.804508,6,75.173477
0.49957,2,75.292044
0.551212,2,75.411116
0.852895,3,75.602214
-3.052215,5,75.876794
0.50814,2,76.007616
0.345679,2,76.142575
0.923385,3,76.317453
0.943976,3,76.522442
0.36282,2,76.635044
2.240097,6,77.004186
0.544157,2,77.149671
1.582413,5,77.468561
0.569488,2,77.607612
0.553197,2,77.749681
-1.765926,8,78.469293
0.555316,2,78.620512
0.524874,2,78.758823
0.890483,3,78.999371
3.048309,8,79.709952
0.340782,2,79.868659
0.799686,3,80.164058
0.515631,2,80.358591
1.356847,4,80.716868
1.893902,6,81.332704
1.905896,7,81.89458
2.37236,7,82.477658
1.343556,5,82.881217
0.528264,2,83.054003
1.24264,4,83.359207
2.373854,7,83.906725
1.690505,5,84.29501
2.684526,7,84.862179
1.898985,6,85.321149
0.883854,3,85.540895
0.873496,3,85.764346
0.550925,2,85.906845
0.352369,2,86.066015
0.94082,3,86.305831
0.525175,2,86.48249
0.896807,3,86.701569
0.502928,2,86.835868
0.944744,3,87.059805
0.565403,2,87.197771
0.328541,2,87.368224
0.527249,2,87.523741
-3.104777,5,87.916197
0.852332,3,88.159444
0.545084,2,88.326873
0.542022,2,88.490412
2.120496,6,88.927715
0.463137,2,89.083302
0.514398,2,89.231021
3.264453,9,89.885753
0.523863,2,90.055504
2.170844,6,90.529295
0.467855,2,90.721898
2.179654,6,91.266709
3.620718,9,92.079917
2.151224,6,92.58379
0.5545,2,92.753029
0.953408,3,93.011139
-3.06424,5,93.521598
0.545563,2,93.787002
1.3035,4,94.150696
0.961546,3,94.432792
0.526512,2,94.665899
0.50121,2,94.857417
3.495586,9,95.607901
1.381124,4,95.950833
0.732131,3,96.193168
1.108238,4,96.568492
3.307278,8,97.187376
-3.250376,5,97.600499
0.950051,3,97.861679
-3.585188,4,98.295771
0.327207,2,98.49779
0.550289,2,98.637601
0.531894,2,98.835428
1.713985,5,99.254744
2.278475,6,99.748555
-0.157201,12,100.732178
1.27923,4,101.090745
3.155387,8,101.738296
0.495457,2,101.902971
0.92322,3,102.122879
0.547334,2,102.313656
0.531477,2,102.464033
2.027683,6,102.940285
2.686171,7,103.465407
1.393009,5,103.855292
0.702115,3,104.116991
-1.899546,8,104.747612
2.361553,6,105.225393
1.454317,5,105.563327
2.417596,7,106.109252
-2.585747,6,106.556044
3.217339,9,107.243497
0.551623,2,107.403101
0.536136,2,107.561196
0.339959,2,107.711607
2.261278,6,108.152839
0.540484,2,108.330446
1.573566,5,108.779592
-3.194131,5,109.153724
2.948978,9,109.797211
2.510477,7,110.384517
0.990469,4,110.693479
2.091051,6,111.145536
0.565869,2,111.265372
0.493386,2,111.403951
0.567324,2,111.541298
0.554319,2,111.6677
0.515775,2,111.787339
0.970446,3,112.04394
0.550735,2,112.229661
1.800825,5,112.646282
-0.547561,11,113.575901
0.937607,3,113.849828
0.536398,2,114.062356
0.869591,3,114.342494
0.512753,2,114.542901
-1.129881,9,115.533728
0.572487,2,115.736214
0.522715,2,115.921968
-2.072502,8,116.497285
1.527585,5,116.892841
5.028024,14,117.999617
-1.512756,9,118.695083
1.475726,5,119.085202
-2.955734,5,119.495089
1.589223,5,119.871048
-2.6323,6,120.344212
1.284943,4,120.612123
0.539187,2,120.774804
0.897189,3,121.042245
0.52348,2,121.210256
-3.167686,5,121.602453
0.900289,3,121.877201
0.917476,3,122.149835
-3.147968,5,122.519754
1.5058,5,122.940193
0.53593,2,123.106215
1.189505,4,123.400523
0.894049,3,123.622109
0.350151,2,123.814176
1.274842,4,124.145044
0.876366,3,124.373501
2.110179,6,124.933841
0.577864,2,125.113516
0.528391,2,125.246454
2.03047,6,125.684225
0.516108,2,125.851506
0.531888,2,126.020331
0.332038,2,126.192805
1.740813,5,126.557419
4.345956,11,127.434392
0.914676,3,127.712715
0.938996,3,127.973144
0.535062,2,128.169664
1.596639,5,128.64546
0.331384,2,128.854961
0.539288,2,129.016988
0.850247,3,129.276986
1.58998,5,129.737021
0.347477,2,129.861094
0.561556,2,130.018892
1.429729,5,130.363109
0.542602,2,130.524249
1.864245,6,130.968988
0.561135,2,131.137503
0.529294,2,131.268376
2.613196,7,131.771282
0.522433,2,131.933897
0.915911,3,132.16899
-3.138314,5,132.520975
-3.569421,4,132.830977
3.028688,8,133.45499
1.347948,4,133.737639
0.575423,2,133.903346
2.170733,6,134.322481
0.312606,2,134.494761
0.570239,2,134.628058
0.53646,2,134.802606
0.44416,2,134.942587
0.543325,2,135.102112
0.534907,2,135.255
-3.543509,4,135.564137
0.541773,2,135.724959
0.519412,2,135.868755
0.931313,3,136.094018
-2.974492,6,136.529043
0.549834,2,136.67977
0.552994,2,136.816393
0.351879,2,136.998988
1.321079,4,137.26949
0.545407,2,137.432245
0.902188,3,137.64847
0.967286,3,137.887266
0.559216,2,138.050124
0.532311,2,138.177922
1.32861,15,139.115982
0.555736,2,139.254689
0.347782,2,139.405121
2.588067,7,139.8662
0.580083,2,139.985193
-2.646491,6,140.424406
0.551966,2,140.748163
0.546645,2,140.925286
-3.56815,4,141.26798
0.909629,3,141.632397
2.351089,7,142.396811
-3.12756,5,142.982701
0.521726,2,143.127144
0.507917,2,143.343606
2.203668,6,143.851824
0.531331,2,144.050731
-1.46571,8,144.724699
1.700151,5,145.152711
-3.442513,5,145.516131
0.568136,2,145.667525
0.541547,2,145.832855
2.613684,7,146.364016
0.552729,2,146.527456
0.855525,3,146.785377
2.520943,7,147.292196
0.481532,2,147.426573
-2.121833,8,148.105489
2.142662,7,148.677117
2.612409,7,149.217754
1.599751,5,149.599514
1.949872,6,150.063617
1.272174,4,150.404115
0.521841,2,150.555276
0.565587,2,150.718138
1.73647,5,151.123344
0.937133,3,151.326262
0.454206,2,151.508403
-3.042268,5,151.974596
4.617698,12,152.900588
0.504645,2,153.069155
0.51443,2,153.227158
4.159518,10,154.014671
0.58406,2,154.181692
0.897817,3,154.408029
0.555139,2,154.581128
-3.147545,5,154.968474
1.769509,6,155.449765
1.674927,5,155.826319
2.866601,8,156.439059
1.520621,5,156.848727
0.959101,3,157.069288
0.531114,2,157.202216
0.518409,2,157.358571
0.525387,2,157.49694
1.045673,4,157.782517
1.274315,4,158.089373
-2.634679,6,158.529024
0.510667,2,158.684556
-2.974648,6,159.130314
0.888255,3,159.349644
-2.508873,6,159.808472
-1.66794,8,160.367455
0.508417,2,160.502105
0.50698,2,160.612247
2.172667,6,160.976742
0.352535,2,161.121512
0.540627,2,161.243475
-3.095032,5,161.541843
0.538021,2,161.687501
2.526785,7,162.121273
0.545504,2,162.246185
1.754949,6,162.558347
1.371201,4,162.802471
-2.55572,6,163.328272
2.404982,7,163.955325
0.351815,2,164.152847
-0.911851,9,164.928523
1.653988,5,165.401307
0.549957,2,165.555222
0.523101,2,165.735695
0.486074,2,165.9268
0.921156,3,166.208531
1.311901,4,166.525499
0.52403,2,166.705549
0.507751,2,166.892663
-3.318141,5,167.232903
3.197064,8,167.843252
2.080242,6,168.264824
0.525553,2,168.426465
0.523616,2,168.584613
0.954357,3,168.820208
0.842383,3,169.061561
0.352704,2,169.261827
-2.009743,8,169.915962
0.940013,3,170.159343
0.548155,2,170.316401
0.540083,2,170.469394
0.489319,2,170.600863
0.507398,2,172.096786
1.757067,5,172.513874
0.467795,2,172.656713
0.533245,2,172.779167
0.888422,3,172.987505
1.939646,6,173.437445
0.567858,2,173.580158
0.520244,2,173.71258
2.002455,6,174.143914
-0.557874,11,174.916839
0.961935,3,175.138381
0.523795,2,175.293816
0.914389,3,175.512213
0.550647,2,175.691313
-3.131032,5,176.057729
0.341666,2,176.193512
0.37901,2,176.336247
0.51752,2,176.483551
0.55073,2,176.643519
1.712132,5,177.068063
0.338584,2,177.212931
0.346657,2,177.367221
1.526237,5,177.756544
0.974942,3,177.978522
1.701408,5,178.286766
0.547811,2,178.423834
0.575297,2,178.565399
2.639178,7,179.035572
-3.533715,4,179.267887
-1.197841,10,179.847938
0.36251,2,180.000952
0.473928,2,180.198453
0.507078,2,180.386911
1.555629,5,180.844481
1.625673,5,181.2854
0.563439,2,181.472857
1.750368,6,181.95981
-3.020266,5,182.390886
0.499376,2,182.578757
0.533766,2,182.759618
2.047746,6,183.294347
0.461704,2,183.474974
1.719901,5,183.95997
1.772212,6,184.433885
1.983005,6,184.933913
-2.055558,8,185.599339
0.521066,2,185.78088
2.623002,7,186.34055
0.754542,3,186.562023
0.577438,2,186.695158
1.240656,4,186.996389
0.552003,2,187.134808
0.869775,3,187.364056
0.471138,2,187.553982
1.144063,5,187.943919
0.546785,2,188.134988
0.347448,2,188.274565
0.542714,2,188.412097
0.553641,2,188.572451
0.341781,2,188.733986
0.548679,2,188.901644
-2.997234,5,189.245403
-3.774148,4,189.576749
0.915678,3,189.786914
-3.113682,5,190.168079
0.538067,2,190.3082
0.557819,2,190.448315
2.446064,7,190.956378
1.281704,4,191.280103
-3.186424,5,191.66925
0.540234,2,191.815674
2.675307,7,192.324296
0.530822,2,192.4711
0.875001,3,192.696424
0.528925,2,192.843246
0.897924,3,193.086484
-1.659294,7,193.621383
0.498937,2,193.802073
0.542579,2,193.949085
0.461241,2,194.093075
-3.131054,5,194.42382
1.306028,4,194.703618
0.527896,2,194.862312
0.529288,2,195.024205
0.869686,3,195.258957
0.539231,2,195.408478
1.625414,5,195.740768
1.72915,5,196.138708
-2.494691,6,196.504133
0.905484,3,196.669158
0.529166,2,196.81164
0.530115,2,196.935812
1.35415,4,197.197612
2.98362,8,197.706084
0.56916,2,197.839766
0.56087,2,197.97983
0.540938,2,198.107776
0.339692,2,198.220513
2.616931,8,198.7715
0.933117,3,199.086112
0.576167,2,199.258305
0.530114,2,199.433842
0.523785,2,199.583315
-3.084405,5,200.072925
1.346038,4,200.479181
1.273036,4,200.874221
0.819998,3,201.080107
2.463491,8,201.659714
0.898668,3,201.876778
0.464423,2,202.00171
0.917258,3,202.192463
0.549859,2,202.324688
1.2932,4,202.571383
0.538644,2,202.705442
2.74349,8,203.206187
-3.087298,5,203.51215
0.926685,3,203.689044
2.846543,7,204.152239
2.485322,7,204.717718
0.328212,2,204.936162
0.51958,2,205.108993
0.473172,2,205.299339
2.087036,6,205.740669
1.207441,4,206.046467
1.76484,5,206.490203
0.923479,3,206.683385
1.377959,4,206.968518
0.518772,2,207.133548
0.576572,2,207.253675
-3.215179,5,207.688542
-2.977701,5,208.096017
0.555733,2,208.291369
1.300238,4,208.687819
0.356755,2,208.829044
-3.769579,4,209.178942
3.704414,9,209.89763
3.104331,8,210.529377
0.540244,2,210.683443
0.50193,2,210.892826
0.497026,2,211.039865
0.52796,2,211.234828
-3.07182,5,211.732697
0.941514,3,212.050082
1.42936,4,212.470952
0.537957,2,212.74263
0.532931,2,212.942762
0.53604,2,213.157756
0.322594,2,213.382114
1.176055,4,213.818611
0.325302,2,213.972057
0.54318,2,214.205537
0.556357,2,214.434204
0.505538,2,214.692273
2.016545,6,215.257851
0.512839,2,215.416303
0.924946,3,215.693328
0.519351,2,215.868811
0.957459,3,216.127864
0.518713,2,216.321407
1.743379,5,216.764156
0.512269,2,216.904392
0.346433,2,217.086099
0.576454,2,217.245098
0.525385,2,217.414094
0.456441,2,217.574452
0.472586,2,217.720247
1.247643,4,217.970405
-1.305935,11,218.854233
0.553508,2,219.021538
0.532005,2,219.184205
2.268865,6,219.665533
-1.626625,8,220.218816
1.090305,4,220.505988
2.568965,7,221.066589
0.525922,2,221.236217
-3.107344,5,221.611304
-2.921599,5,221.978404
0.515758,2,222.145077
-1.76244,8,222.713085
0.923036,3,222.943619
1.232404,4,223.24648
0.52951,2,223.426187
1.256241,4,223.762039
0.512648,2,223.909603
-1.198072,10,224.538295
-0.930506,10,225.178636
0.352542,2,225.314709
0.869585,3,225.554238
0.5396,2,225.678985
2.229527,6,226.071671
0.898687,3,226.27777
0.891308,3,226.489663
0.528035,2,226.633722
0.352519,2,226.780682
0.577243,2,226.897699
1.654194,5,227.318047
1.694316,5,227.771446
1.620135,5,228.170089
0.532972,2,228.379056
0.512595,2,228.540029
1.977778,6,229.091628
0.53674,2,229.281309
0.567754,2,229.423268
1.715384,5,229.785333
1.377501,4,230.087548
2.079279,6,230.57325
0.874008,3,230.826511
-3.518639,4,231.18328
0.524545,2,231.392478
0.534276,2,231.590798
0.450095,2,231.723788
0.559147,2,231.94471
0.564133,2,232.090447
0.496386,2,232.293929
0.982245,3,232.540119
0.575456,2,232.692948
0.505135,2,232.870761
0.347625,2,233.050261
-2.390892,6,233.539133
2.145849,7,234.027041
0.51224,2,234.19048
1.208754,4,234.49506
0.890918,3,234.724663
-3.338071,4,235.010905
0.912096,3,235.252561
0.542149,2,235.386883
0.569323,2,235.547252
0.752408,3,235.776197
0.564848,2,235.927083
3.455216,9,236.594972
1.67425,5,236.923918
2.440252,7,237.358552
0.927928,3,237.565244
0.555051,2,237.697077
0.897859,3,237.883826
1.533023,5,238.195943
0.362496,2,238.333302
0.521229,2,238.453008
0.529029,2,238.590524
1.849809,6,238.99373
0.528099,2,239.126818
0.515505,2,239.273463
-3.219184,5,239.697668
0.52214,2,239.854302
0.53852,2,239.997923
2.844936,8,240.675384
-2.58335,7,241.26057
2.131129,6,241.809053
4.109632,11,242.590336
0.546183,2,242.733738
4.764763,11,243.604232
3.55599,9,244.289668
0.524689,2,244.418164
0.538331,2,244.606441
3.482956,9,245.394145
0.871044,3,245.68842
0.870492,3,245.957702
1.723565,6,246.480937
0.925397,3,246.788756
-3.374115,5,247.24786
1.87059,6,247.783929
1.139546,4,248.110906
0.862293,3,248.356187
0.972144,3,248.615897
-2.822474,6,249.139728
0.324267,2,249.335828
1.214587,4,249.730828
0.549177,2,249.90242
0.534377,2,250.082343
2.072624,6,250.633042
0.45232,2,250.802812
0.5447,2,250.999521
1.75326,5,251.430333
-3.545879,4,251.770744
0.53503,2,251.962002
0.557317,2,252.129468
0.524191,2,252.324143
2.308299,6,252.837829
0.528043,2,253.000234
0.529254,2,253.177634
1.657048,5,253.614537
-3.548528,4,254.014622
0.327027,2,254.18094
0.52124,2,254.398183
1.697821,5,254.79516
0.548112,2,254.94684
-3.492529,4,255.232882
0.550044,2,255.392886
0.535752,2,255.557244
0.586633,2,255.693244
0.525612,2,255.834332
0.545329,2,256.008345
0.553694,2,256.206059
1.086257,4,256.47103
0.497221,2,256.62269
0.894389,3,256.836355
1.630966,5,257.175077
0.573963,2,257.288633
0.508898,2,257.425059
0.312991,2,257.575135
-3.761478,4,257.851525
0.89657,3,258.076499
1.123771,4,258.353957
0.97434,3,258.578162
-2.959979,5,258.92891
0.713731,3,259.141912
-2.118252,7,259.61551
-2.198075,7,260.119753
0.814104,3,260.346441
1.849451,5,260.799013
0.803516,3,261.069891
-0.205752,12,262.077559
0.517009,2,262.254596
0.500299,2,262.444983
0.883795,3,262.727967
0.334002,2,262.927777
2.168449,6,263.396202
0.943304,3,263.623643
0.334512,2,263.784543
0.333452,2,263.906367
1.06305,4,264.168865
2.178352,6,264.569519
0.556289,2,264.706549
-2.203693,8,265.37229
-3.352291,5,265.769472
0.516288,2,265.959262
0.502389,2,266.155106
2.310372,6,266.725806
0.871889,3,267.019036
0.519761,2,267.219174
0.544666,2,267.43192
0.559632,2,267.623863
0.324655,2,267.828558
0.563225,2,267.993614
0.547921,2,268.139434
0.33725,2,268.335724
1.529323,5,268.750367
0.872687,3,269.063718
0.558955,2,269.228507
0.561744,2,269.468089
0.34539,2,269.671984
0.581475,2,269.846597
1.505562,5,270.269728
0.501541,2,270.468553
1.707738,5,270.859825
0.482423,2,271.010179
1.363637,4,271.359435
0.535327,2,271.498187
0.508419,2,271.651349
1.234145,4,271.97924
0.538964,2,272.136206
4.08755,11,272.992099
0.532076,2,273.155009
0.490905,2,273.375458
0.904848,3,273.606553
0.522986,2,273.781187
0.513251,2,273.93812
-3.620053,4,274.298618
0.568929,2,274.462359
0.500031,2,274.650085
0.451402,2,274.797539
0.868201,3,275.02897
1.858746,6,275.540045
0.950228,3,275.781763
0.94449,3,276.002139
0.51691,2,276.1674
0.498825,2,276.319853
1.542658,5,276.748346
4.486452,12,277.86134
1.084893,4,278.219977
2.594398,7,278.851437
1.871923,6,279.356544
0.330851,2,279.544474
0.590375,2,279.717733
0.538758,2,279.881053
0.519787,2,280.062043
0.544166,2,280.246125
0.51459,2,280.411027
0.52608,2,280.596036
0.34176,2,280.782237
0.537424,2,280.927475
0.922876,3,281.198208
0.537007,2,281.367164
1.302083,4,281.735367
0.325846,2,281.949385
0.507289,2,282.13959
1.373827,5,282.562756
0.568569,2,282.781042
0.340175,2,282.972752
-2.998594,5,283.411539
1.315952,4,283.759791
0.464647,2,283.95219
0.53016,2,284.190035
0.890966,3,284.427126
-2.885734,5,284.832789
1.528235,5,285.258067
0.349971,2,285.466899
0.550529,2,285.686207
1.931595,6,286.119735
0.567669,2,286.293054
1.449064,5,286.742944
-3.297926,5,287.116537
1.246937,4,287.480758
1.406087,5,287.992773
2.249558,6,288.58933
1.332741,4,288.941067
0.5297,2,289.134594
1.283054,4,289.482393
0.54647,2,289.69329
-3.304115,5,290.156427
0.348507,2,290.328304
0.355865,2,290.518385
-3.633222,4,290.921654
0.374034,2,291.069619
1.722827,5,291.506136
1.099513,4,291.81214
0.524528,2,291.947704
-1.298624,9,292.691657
0.554456,2,292.841493
0.345814,2,293.01739
0.564264,2,293.182703
0.532119,2,293.390136
0.871007,3,293.667468
0.53247,2,293.831388
0.719049,3,294.08522
0.550508,2,294.268781
1.213467,4,294.59527
0.982158,3,294.81421
3.547936,9,295.610611
0.910104,3,295.863607
0.537414,2,296.032049
0.557495,2,296.205249
0.862049,3,296.48294
2.619266,7,297.112861
1.491081,5,297.496996
3.067024,8,298.09992
3.661587,10,298.931976
0.532858,2,299.060846
1.374628,4,299.347207
0.578796,2,299.486567
0.525953,2,299.64494
3.282998,9,300.269051
0.907371,3,300.502222
0.471386,2,300.665911
0.527222,2,300.799837
-3.251844,5,301.182411
1.653319,5,301.52403
2.673526,8,302.133495
1.256581,4,302.467901
-3.007715,5,302.858097
1.714602,5,303.235388
0.552098,2,303.369925
0.549784,2,303.54907
0.810585,3,303.817734
1.826332,6,304.371028
2.682803,7,304.934791
1.366184,5,305.380805
0.535235,2,305.559954
0.496698,2,305.742569
0.519566,2,305.932189
-1.520292,8,306.580042
0.946897,3,306.809909
0.517411,2,306.960367
0.476521,2,307.088077
1.42304,5,307.449983
0.544128,2,307.608739
0.579509,2,307.755259
1.048736,4,308.065248
0.951424,3,308.280418
0.539994,2,308.455588
-3.207105,5,308.848904
0.743135,3,309.120156
0.828789,3,309.333956
0.554017,2,309.51498
0.508469,2,309.68111
0.490292,2,309.81942
3.560151,10,310.545498
0.924654,3,310.772844
-3.557516,4,311.079107
1.928543,6,311.527898
0.532311,2,311.656306
0.517285,2,311.784039
0.339769,2,311.937747
-2.876682,5,312.305353
1.715881,5,312.665529
4.250385,11,313.520514
1.42174,5,313.926008
0.574324,2,314.097161
0.570792,2,314.267864
0.937006,3,314.525543
0.509198,2,314.677889
1.68262,5,315.060138
0.512315,2,315.199126
0.477895,2,315.352276
0.833067,3,315.56945
0.528398,2,315.725563
1.635096,5,316.102529
1.635997,5,316.505705
0.546301,2,316.676637
0.723601,3,316.879895
0.561311,2,317.039934
1.662707,5,317.423902
1.377841,4,317.732845
1.077616,4,318.028628
0.323908,2,318.172259
0.494303,2,318.360551
0.535435,2,318.527445
0.517572,2,318.694027
1.361792,4,318.969799
3.314332,9,319.629228
1.714075,5,320.045877
0.701325,3,320.309034
1.824155,5,320.683239
0.574904,2,320.826461
2.124708,6,321.249302
0.347406,2,321.405169
0.529523,2,321.611506
0.540904,2,321.792145
3.391917,9,322.630011
0.50297,2,322.811741
0.548026,2,323.01377
0.914891,3,323.263155
3.233362,8,324.022625
1.998894,6,324.533517
0.45827,2,324.739715
1.322316,4,325.051781
0.489487,2,325.214947
-3.128158,5,325.617227
0.52744,2,325.779452
0.938231,3,326.042426
0.574564,2,326.196225
1.318228,4,326.521933
0.462199,2,326.674961
1.698387,5,327.133535
1.26868,4,327.426207
-2.232923,7,327.929987
0.552688,2,328.088116
-2.780066,5,328.495164
0.514158,2,328.657033
2.114129,6,329.129625
0.565025,2,329.287853
0.901244,3,329.470152
0.537687,2,329.648012
0.514886,2,329.832033
2.292023,7,330.39935
1.606607,5,330.813756
0.517366,2,330.992588
0.569795,2,331.162968
0.534488,2,331.307572
2.316879,6,331.703841
0.32161,2,331.837137
1.414854,5,332.145776
1.69027,5,332.461736
0.95012,3,332.634271
0.813115,3,332.848709
1.320744,4,333.090809
0.348401,2,333.232996
-3.302163,5,333.541132
-2.957522,5,333.861003
2.708673,7,334.317277
0.547284,2,334.495417
0.520859,2,334.703098
1.253295,4,335.089137
1.697268,5,335.587694
0.519003,2,335.735286
0.974335,3,336.020519
0.528995,2,336.227072
1.54651,5,337.715667
0.507384,2,337.841406
1.253449,4,338.178132
3.0395,8,338.765167
0.493205,2,338.912801
0.501573,2,339.053171
1.661763,5,339.393688
1.298709,4,339.704599
1.297316,4,340.037976
0.357309,2,340.201312
0.549988,2,340.338242
-1.195768,9,340.999942
0.554808,2,341.174549
0.524002,2,341.383489
0.520737,2,341.580366
1.741148,5,342.010676
0.870545,3,342.28481
0.355821,2,342.48657
1.50992,5,342.895276
-2.288258,7,343.567657
0.52656,2,343.729618
0.960561,3,343.950531
0.563291,2,344.110986
0.528994,2,344.284916
0.520297,2,344.42986
2.470343,7,344.981358
0.515136,2,345.110613
0.940167,3,345.350999
1.796665,5,345.761977
0.559577,2,345.917361
0.489729,2,346.104557
-3.133464,5,346.531674
0.520839,2,346.711736
-2.551829,6,347.2354
0.456709,2,347.400633
0.503386,2,347.550092
0.512559,2,347.74962
2.528506,7,348.314789
0.51021,2,348.514219
1.239053,4,348.842999
0.908172,3,349.107474
0.538246,2,349.285293
0.328968,2,349.475968
-3.251684,5,349.922121
0.532992,2,350.069404
0.320399,2,350.196527
1.279965,4,350.509028
0.518774,2,350.671887
2.115339,6,351.130585
0.544563,2,351.281975
0.962637,3,351.530334
1.639563,5,351.861148
0.544744,2,352.02442
0.52577,2,352.176122
0.535625,2,352.31366
1.697097,5,352.707501
1.152784,4,353.042541
2.049779,6,353.531129
-2.247079,7,354.01217
0.903226,3,354.245981
0.52647,2,354.378182
-3.293271,5,354.760645
0.499946,2,354.900022
0.50093,2,355.03517
1.302569,4,355.310786
0.537265,2,355.465641
0.997383,4,355.746263
0.530246,2,355.886173
0.548219,2,356.021661
0.514439,2,356.182108
0.51817,2,356.349827
-2.990869,5,356.734639
0.517807,2,356.888371
1.602024,5,357.246043
1.595537,5,357.576661
2.265958,7,358.027743
0.312407,2,358.169431
2.118465,6,358.494303
3.112773,9,359.053803
0.518156,2,359.196542
2.034225,6,359.555306
0.524913,2,359.694516
2.663752,7,360.134695
1.542052,5,360.495241
0.570871,2,360.634621
0.50864,2,360.753952
1.639576,5,361.0884
2.144927,6,361.512493
0.895941,3,361.721073
3.246555,8,362.207552
1.938619,6,362.595805
0.574454,2,362.71391
1.37751,5,363.030605
0.523398,2,363.147273
0.534509,2,363.272005
0.355127,2,363.430407
0.494165,2,363.551592
0.985336,3,363.768317
0.795063,3,363.977161
0.544926,2,364.139699
0.923149,3,364.338848
0.942423,3,364.552153
3.707377,9,365.221129
0.72082,3,365.470029
1.332883,4,365.82183
0.496463,2,365.973687
0.550267,2,366.15845
1.73246,5,366.557237
-2.793432,6,366.998564
0.396151,11,367.762938
-2.97995,5,368.120882
1.111256,4,368.442969
-2.916695,5,368.811204
0.326173,2,368.943997
-2.322269,7,369.518591
-2.262392,7,369.999228
1.630418,5,370.396348
0.879183,3,370.707451
1.722069,5,371.131733
1.745704,5,371.583875
1.841334,5,372.058581
2.619086,7,372.702516
0.545537,2,372.853894
0.564951,2,372.988091
0.343683,2,373.119457
0.51492,2,373.237861
0.521183,2,373.38521
0.928382,3,373.603835
-2.34621,7,374.173172
1.279367,4,374.486904
0.932091,3,374.701887
1.331689,5,375.10232
0.94033,3,375.359714
0.915537,3,375.586865
1.000867,3,375.809224
3.012115,8,376.397889
0.522462,2,376.536725
0.54004,2,376.693833
2.236036,6,377.146714
-1.228954,9,377.851704
0.500996,2,377.996353
0.5949,2,378.13552
0.347385,2,378.28174
0.904069,3,378.477384
-2.094795,7,378.952168
4.653277,11,379.644557
0.507891,2,379.785826
-2.484765,6,380.155908
0.551763,2,380.284181
1.976388,6,380.681119
-3.584486,4,380.981071
1.278905,4,381.233242
0.474303,2,381.371731
2.017702,6,381.755226
0.50862,2,381.881197
3.814399,10,382.687729
0.544267,2,382.858603
1.277834,4,383.14446
0.543409,2,383.338682
1.263765,4,383.664084
1.261843,4,384.008626
0.526779,2,384.166122
1.269733,4,384.49159
0.740602,3,384.69768
0.52308,2,384.844394
0.994152,3,385.074921
0.314039,2,385.229722
2.265389,6,385.696058
0.521879,2,385.858533
0.861404,3,386.108477
0.539192,2,386.284847
0.824124,3,386.561911
0.525673,2,386.755819
0.347188,2,386.916529
1.682658,5,387.341609
3.012823,9,388.180165
0.882329,3,388.466806
0.904666,3,388.72069
0.545413,2,388.887553
0.90822,3,389.138846
3.287223,9,389.918741
0.522825,2,390.082359
1.362212,4,390.435197
0.884173,3,390.695624
0.544211,2,390.914902
0.479453,2,391.120133
0.874166,3,391.441803
0.525087,2,391.606163
1.290285,4,391.987374
1.4531,5,392.43479
0.574184,2,392.60628
1.609738,5,393.035572
1.30936,4,393.407004
0.539886,2,393.592277
0.955489,3,393.820629
0.966675,3,394.037823
0.564141,2,394.205204
1.741325,5,394.667066
0.49592,2,394.80197
0.473692,2,394.931534
2.124135,6,395.455787
1.089686,4,395.784918
0.530663,2,395.932115
0.438469,2,396.067987
1.997093,6,396.526076
1.158568,5,396.966514
1.345212,4,397.232092
0.337744,2,397.41947
0.52796,2,397.560908
3.98956,10,398.368268
3.302541,9,399.17626
0.541398,2,399.402483
0.961914,3,399.639791
0.333262,2,399.793258
0.51374,2,399.97067
0.535792,2,400.169812
2.549386,7,400.760399
0.773482,3,400.995843
0.491072,2,401.141824
0.55515,2,401.315431
0.533509,2,401.45878
2.505359,8,402.092431
0.509356,2,402.262328
-2.265992,7,402.808026
-3.214828,5,403.155943
-3.610435,4,403.462098
0.531878,2,403.605054
-3.58117,4,403.953389
2.077865,6,404.454264
0.532853,2,404.63536
0.483522,2,404.820865
0.507833,2,404.966725
0.53415,2,405.142193
1.720885,5,405.552897
0.494194,2,405.714628
0.528267,2,405.885345
0.513895,2,406.057905
1.365854,4,406.375403
1.272904,4,406.663245
-3.058062,5,407.055309
0.346798,2,407.239857
0.539293,2,407.381624
2.316506,6,407.819001
1.21715,4,408.174921
0.893147,3,408.439843
0.500847,2,408.598532
0.352404,2,408.816986
0.50975,2,409.001418
0.561984,2,409.191567
0.344547,2,409.385605
-3.019254,5,409.825502
1.582041,5,410.262157
0.543539,2,410.433736
0.541756,2,410.605181
1.120823,4,410.944037
0.533703,2,411.137124
0.51302,2,411.353774
1.865993,6,411.895779
1.12376,4,412.274765
0.507062,2,412.445968
0.532153,2,412.623337
1.62111,5,412.977543
0.551566,2,413.182911
1.427884,5,413.64997
0.578485,2,413.820304
-2.975607,5,414.239371
4.259467,10,415.11514
0.555617,2,415.312722
-2.110116,7,416.002303
1.688228,5,416.480983
0.345902,2,416.675063
0.517405,2,416.827499
0.554565,2,416.970611
2.077687,6,417.446494
0.948096,3,417.676995
0.513824,2,417.83994
2.976023,8,418.453984
0.817052,3,418.713408
0.956811,3,418.947119
0.514782,2,419.124177
1.474673,5,419.467714
0.910485,3,419.697577
1.522525,5,420.048817
0.471052,2,420.182257
2.175691,6,420.683018
0.935925,3,420.88839
2.296487,7,421.423825
0.524869,2,421.563319
0.512771,2,421.711283
0.540115,2,421.886633
0.579822,2,422.083967
1.335369,4,422.395226
1.019524,4,422.724032
1.554792,5,423.089444
0.336545,2,423.269485
0.587323,2,423.434215
2.169751,6,423.884655
0.50882,2,424.042933
1.926173,6,424.55107
-3.514122,4,424.804974
0.524042,2,424.925204
2.201898,6,425.315264
0.909865,3,425.529563
0.713202,3,425.714822
0.917046,3,425.927661
0.351544,2,426.045449
0.531475,2,426.190338
0.513022,2,426.315174
0.867526,3,426.520645
0.331886,2,426.635823
2.070664,6,427.013821
0.867786,3,427.200568
0.53613,2,427.351783
0.453269,2,427.492815
0.345199,2,427.639156
0.480494,2,427.781915
2.930504,8,428.348187
0.952074,3,428.526689
2.943927,8,429.016067
1.286912,4,429.272763
1.993777,6,429.641425
0.4972,2,429.799761
1.283873,4,430.099516
0.517632,2,430.25807
2.231942,6,430.664845
0.907611,3,430.84955
3.164831,9,431.423901
0.501528,2,431.604143
1.843018,6,432.19682
0.509707,2,432.415539
0.686487,3,432.698989
0.565531,2,432.983849
0.51344,2,433.210132
2.227646,6,433.802807
0.576877,2,434.001483
0.543991,2,434.161258
0.561696,2,434.359913
1.156865,4,434.814518
2.635043,7,435.544827
2.200381,6,435.978805
-2.993598,5,436.335557
0.334847,2,436.496488
0.515242,2,436.637486
0.33234,2,436.82464
0.540821,2,436.992888
-3.360634,4,437.35313
0.5467,2,437.525844
1.921365,6,437.990068
0.487259,2,438.124315
0.57124,2,438.257164
0.534214,2,438.392217
0.325564,2,438.567892
3.660195,9,439.195069
2.459498,7,439.764683
0.507215,2,439.91231
1.824418,6,440.378099
0.455397,2,440.560643
1.381676,4,440.830122
-1.277102,9,441.427187
4.823852,11,442.285535
1.604024,5,442.675972
2.153495,7,443.204868
0.528285,2,443.343206
-3.437895,4,443.656872
-3.186403,5,444.040316
4.52707,12,444.995215
0.510558,2,445.133775
0.532819,2,445.30802
1.490612,5,445.616446
0.58347,2,445.728457
0.553588,2,445.860557
0.578981,2,446.032322
2.157634,6,446.542521
0.541489,2,446.7356
0.536076,2,446.931568
-3.10881,5,447.357857
0.500782,2,447.533935
0.344582,2,447.695062
0.532211,2,447.865938
1.285112,4,448.214063
0.531319,2,448.34344
-3.525414,4,448.648655
0.523534,2,448.799034
1.700002,6,449.274771
0.529769,2,449.446802
0.933488,3,449.681372
2.217667,6,450.163572
0.866204,3,450.377422
2.603032,7,450.902141
0.538687,2,451.062896
0.326869,2,451.23624
3.688974,10,451.998435
0.515457,2,452.134216
1.181272,4,452.421102
-2.550293,7,452.968029
-2.313823,7,453.470657
0.520111,2,453.627729
0.561088,2,453.765188
0.571494,2,453.908469
-2.414581,7,454.339833
0.471935,2,454.486843
2.0361,6,454.841959
3.5266,9,455.443587
1.113283,4,455.720093
0.33725,2,455.873198
0.56354,2,456.017382
0.511821,2,456.160855
4.221217,11,456.857443
1.290593,5,457.144577
0.947222,3,457.326509
-2.037563,8,457.842696
0.523873,2,458.053197
0.562005,2,458.22015
1.398686,4,458.549584
1.313562,4,458.907905
1.500105,5,459.309479
2.619167,8,460.04038
0.553323,2,460.22858
0.943241,3,460.46697
0.335188,2,460.579504
0.502357,2,460.702631
0.464922,2,460.839689
0.354158,2,460.974455
2.40221,7,461.485693
1.512212,5,461.866213
-2.74605,7,462.459116
1.621904,5,462.872144
0.515846,2,463.093177
0.899484,3,463.34485
1.248536,4,463.694879
4.933962,12,464.832872
0.936437,3,465.189032
0.327914,2,465.352873
0.524808,2,465.561263
0.551833,2,465.777457
2.381147,7,466.49279
0.993342,5,466.923072
0.916121,3,467.186321
0.508041,2,467.394411
1.567758,5,467.809338
1.621422,5,468.152866
0.499447,2,468.314654
0.551749,2,468.477115
3.790947,10,469.206337
0.518897,2,469.371851
2.913248,8,470.02442
1.7142,5,470.424209
0.539016,2,470.596193
1.984388,6,471.022032
1.166199,4,471.331642
3.272635,9,472.038363
-2.695929,6,472.490777
-3.205872,5,472.853326
0.529233,2,473.068609
0.326529,2,473.233472
0.338241,2,473.400995
0.546768,2,473.590738
0.936368,3,473.820049
0.549867,2,473.990561
0.493501,2,474.162224
0.498507,2,474.340006
0.563536,2,474.508112
0.339723,2,474.665198
1.462536,5,475.061168
0.546592,2,475.230068
-1.771686,8,475.813421
0.550064,2,475.990389
0.756664,4,476.265716
0.907344,3,476.482177
0.344939,2,476.691855
1.600433,5,477.104783
2.245125,6,477.623775
0.550295,2,477.821151
1.67671,5,478.283023
2.40485,7,478.888972
2.765532,7,479.556675
1.377962,4,479.850245
1.680455,5,480.224901
0.9489,3,480.434782
0.53046,2,480.61481
-3.123911,5,480.993982
-2.944719,5,481.37992
0.524246,2,481.560735
0.523975,2,481.689704
1.51786,5,482.028203
0.543444,2,482.178668
3.576801,10,482.952677
0.870064,3,483.180492
1.573855,5,483.616628
1.158578,4,483.950836
0.516076,2,484.112693
3.590205,10,484.938472
1.092155,4,485.292974
1.285213,4,485.641268
0.707028,3,485.961322
0.514006,2,486.154108
0.536215,2,486.373518
0.540093,2,486.569781
0.500971,2,486.72704
2.632684,7,487.329119
2.657279,7,487.795235
0.53013,2,487.941993
0.533235,2,488.068497
0.507592,2,488.213843
0.5028,2,488.365822
0.565613,2,488.531744
0.553832,2,488.683385
-3.685033,4,488.982472
0.522816,2,489.156935
2.14883,6,489.601696
0.935034,3,489.830393
0.534942,2,490.003107
1.744603,5,490.372696
0.861093,3,490.553816
1.343166,5,490.932182
0.554614,2,491.060878
3.315623,10,491.833495
0.535589,2,491.959447
2.06896,6,492.399739
0.52799,2,492.545643
1.348293,4,492.855893
1.212478,4,493.150566
0.33892,2,493.305499
0.514676,2,493.445802
0.556799,2,493.600898
1.617495,5,493.946119
0.503545,2,494.111197
0.521357,2,494.283535
1.576882,5,494.663942
0.558659,2,494.833789
0.348423,2,494.972276
0.527355,2,495.15706
2.066376,6,495.573433
1.240515,4,495.867067
0.506492,2,496.065208
0.903966,3,496.284977
4.032003,11,497.256258
0.88386,3,497.523277
1.69264,5,497.956057
0.965638,4,498.315301
0.461789,2,498.483056
0.754009,3,499.780917
2.047416,6,500.338118
1.451956,5,500.794274
2.236975,6,501.297146
1.377057,4,501.638142
1.362766,4,501.991336
0.912886,3,502.201972
-3.510755,4,502.610247
2.109061,6,503.097014
3.117738,8,503.684697
2.414373,7,504.195683
0.560943,2,504.360095
0.493993,2,504.50878
-2.95928,5,504.879896
0.535182,2,505.050601
0.563578,2,505.237516
0.505963,2,505.387244
0.521716,2,505.517278
0.317455,2,505.648285
1.170212,4,505.958965
0.526286,2,506.13304
0.550037,2,506.269993
-3.223315,5,506.649092
0.897265,3,506.928227
0.947022,3,507.138049
1.923001,6,507.518273
0.551965,2,507.684338
2.375498,6,508.20669
1.126939,4,508.53241
1.324321,4,508.843498
2.622331,7,509.391943
-2.900496,6,509.794132
0.540379,2,509.926032
0.505324,2,510.086001
0.556959,2,510.234999
3.412922,8,510.821042
1.130676,5,511.215762
2.824353,8,511.833355
0.55882,2,511.973473
2.72426,7,512.485697
3.476411,10,513.287777
0.54804,2,513.42728
0.539526,2,513.579867
0.5194,2,513.713347
0.342931,2,513.863368
1.424129,5,514.24825
1.838953,5,514.660788
2.739242,7,515.195236
0.709427,3,515.395174
2.098932,6,515.888475
1.556931,5,516.224988
1.30744,4,516.55772
0.566397,2,516.711927
2.526479,7,517.226979
0.537972,2,517.380172
0.538482,2,517.531706
0.889817,3,517.757203
0.575106,2,517.915544
1.230188,4,518.237751
2.395764,7,518.747015
0.527236,2,518.941623
0.367742,2,519.136477
0.537912,2,519.328461
0.818007,3,519.597777
0.574322,2,519.748208
1.270329,4,520.04869
0.895328,3,520.273468
1.328498,4,520.633812
0.522524,2,520.845998
0.52136,2,521.017627
-3.135305,5,521.28706
0.518215,2,521.460612
0.515656,2,521.632752
1.362502,4,521.92419
0.551665,2,522.075269
0.851534,3,522.297309
0.527502,2,522.454409
0.356995,2,522.626049
0.51558,2,522.796592
0.537687,2,522.928711
1.620345,5,523.308506
0.890587,3,523.470097
0.54844,2,523.583183
0.553489,2,523.722136
0.510521,2,523.869366
2.961906,8,524.36846
0.512606,2,524.504031
2.089129,6,524.907788
1.353046,4,525.148907
0.531926,2,525.297367
0.555042,2,525.444588
0.516832,2,525.590277
0.544002,2,525.749742
0.553394,2,525.887333
0.504815,2,526.030943
2.371489,7,526.458698
-3.123765,5,526.775624
0.515023,2,526.91192
1.164535,4,527.158929
-0.136027,12,527.886646
2.93917,8,528.383142
1.65021,5,528.728873
0.512118,2,528.843516
0.494831,2,528.959646
4.88642,12,529.674599
0.942958,3,529.930065
2.178411,6,530.45434
5.119972,12,531.489135
2.717981,7,532.073576
0.915735,3,532.353891
3.182596,8,532.868567
0.521772,2,533.022224
1.983484,6,533.445148
1.121249,4,533.783114
2.735846,7,534.424252
2.227469,6,534.968006
0.529347,2,535.162273
0.922428,3,535.404228
0.511219,2,535.593175
0.894796,3,535.887457
0.508858,2,536.054075
4.382047,11,536.951481
0.527867,2,537.093864
0.929611,3,537.322317
0.54476,2,537.489229
-3.313545,5,537.885999
0.956102,3,538.081107
0.538667,2,538.254705
1.267778,4,538.582607
-3.012108,5,539.009069
1.280688,4,539.280167
0.920435,3,539.515161
-3.334631,5,539.897846
0.554815,2,540.093894
0.53682,2,540.2518
-3.466806,4,540.553739
0.496359,2,540.718292
0.475727,2,540.898978
0.550317,2,541.080483
0.556268,2,541.27863
0.540892,2,541.431765
0.365093,2,541.589225
1.44879,5,541.976793
1.505469,5,542.366588
0.915122,3,542.568078
-3.809966,4,542.872885
0.563842,2,543.016026
3.027544,8,543.614752
1.49392,5,544.019622
0.923448,3,544.222449
0.855334,3,544.469066
0.578514,2,544.656072
0.904756,3,544.927899
2.649717,9,545.638944
1.792133,5,545.969161
0.54461,2,546.118092
0.519304,2,546.278749
0.884719,3,546.535234
0.540665,2,546.670871
0.505535,2,546.814089
0.557723,2,546.954387
0.550773,2,547.14182
0.521348,2,547.296643
0.536258,2,547.467241
0.524532,2,547.633576
-2.850326,5,547.99817
0.524208,2,548.157159
2.052054,6,548.6659
0.524354,2,548.826503
1.997064,6,549.338897
0.940599,3,549.564725
0.957772,3,549.865386
0.351095,2,550.042614
1.585222,5,550.459366
0.933858,3,550.712883
0.565569,2,550.902621
-1.011802,9,551.691303
0.529094,2,551.878178
2.754922,8,552.541092
2.628584,7,553.087086
-3.141658,5,553.442872
2.262156,6,553.845912
1.358603,4,554.124709
3.425163,9,554.774085
0.534393,2,554.931454
1.282344,4,555.213247
0.56296,2,555.363842
0.503869,2,555.531883
0.554352,2,555.657692
0.527473,2,555.831414
1.291433,4,556.157911
1.781142,5,556.500767
3.184641,9,557.138046
0.519004,2,557.295523
1.366549,5,557.651058
0.340473,2,557.7946
2.892718,8,558.364454
0.529283,2,558.530406
0.528177,2,558.693093
0.529288,2,558.85693
0.916991,3,559.114609
0.549644,2,559.274595
0.331851,2,559.422214
1.837512,6,559.870228
0.513839,2,560.024804
0.344044,2,560.184626
0.533854,2,560.366819
5.840707,15,561.496371
1.288159,4,561.795429
1.734245,5,562.160603
0.894002,3,562.409593
0.537006,2,562.56649
0.535919,2,562.724147
4.38105,12,563.689592
1.513668,5,564.127504
0.550018,2,564.283056
-2.96887,5,564.717059
1.966144,6,565.188268
0.529175,2,565.373061
1.279772,4,565.727417
1.904602,6,566.243232
0.55117,2,566.447202
1.64141,5,566.841506
0.548813,2,567.015445
0.533507,2,567.174215
0.53439,2,567.298252
2.740652,8,567.909913
0.883788,3,568.155946
1.17132,4,568.454912
0.522665,2,568.58331
0.557546,2,568.736862
0.545237,2,568.891293
-3.181541,5,569.262771
2.109565,6,569.719812
0.343083,2,569.873117
1.300297,4,570.191309
3.051415,8,570.769411
0.900874,3,570.999024
0.545047,2,571.167319
0.961293,3,571.409727
1.455613,5,571.778372
2.13363,7,572.260142
0.839635,3,572.504308
4.58327,11,573.288215
1.205558,4,573.608417
0.886612,3,573.853325
0.550754,2,574.024843
0.93342,3,574.242462
0.458784,2,574.411402
-3.407068,4,574.741867
0.534894,2,574.893993
0.521999,2,575.06655
0.899271,3,575.285964
-0.673167,10,575.990558
0.546073,2,576.128005
0.760506,3,576.37867
0.508222,2,576.525801
0.462121,2,576.665823
0.537796,2,576.813818
1.958978,6,577.17543
3.816383,9,577.724635
0.552442,2,577.863393
0.708383,3,578.058582
3.760845,11,578.835281
1.805048,6,579.200514
3.297496,9,579.741565
1.650255,5,580.079123
3.44773,10,580.728531
0.918512,3,580.990879
0.555784,2,581.181637
0.346622,2,581.353802
0.531634,2,581.54326
1.133771,4,581.884918
0.31578,2,582.077245
0.332204,2,582.262661
3.343535,10,583.057938
1.7371,6,583.544882
0.556089,2,583.67907
1.718227,5,583.997075
0.5773,2,584.142518
0.362865,2,584.310735
0.456219,2,584.486431
0.521805,2,584.656708
0.533731,2,584.814217
0.527207,2,584.988605
1.296827,4,585.263489
0.510261,2,585.428525
-2.610188,6,585.862268
0.474968,2,586.028559
0.527525,2,586.150758
1.80205,5,586.520208
0.567585,2,586.677865
0.504722,2,586.847473
-1.579744,8,587.434119
0.885184,3,587.644883
1.444017,5,587.979028
1.71518,5,588.343371
0.524397,2,588.516272
1.218101,4,588.831237
1.118592,4,589.084616
1.685726,5,589.45472
1.691796,5,589.836679
0.466504,2,589.986118
0.540826,2,590.123151
0.47968,2,590.261796
0.505286,2,590.393489
0.502026,2,590.530621
1.537549,5,590.858068
2.851107,7,591.308712
0.508929,2,591.433729
0.574665,2,591.573004
0.521666,2,591.709731
0.846591,3,591.898824
0.93025,3,592.111528
-3.452269,5,592.459706
0.959817,3,592.663449
0.528569,2,592.792595
0.553684,2,592.909151
-1.836027,9,593.49111
2.308995,6,593.937135
0.54541,2,594.116032
0.877743,3,594.357754
0.555525,2,594.546788
0.539293,2,594.707896
3.557357,9,595.483723
0.472535,2,595.645235
0.325676,2,595.804545
4.044765,11,596.642126
0.565383,2,596.780852
1.333367,4,597.099729
0.542068,2,597.249336
0.532515,2,597.424201
0.331152,2,597.578603
0.575206,2,597.71259
1.458786,5,598.102464
1.442863,5,598.47524
3.177828,8,599.088404
0.971223,3,599.344968
1.868245,5,599.68727
0.916162,3,599.920408
1.291446,5,600.290252
2.059099,6,600.758988
0.782093,3,600.977408
0.525458,2,601.116395
0.569567,2,601.261036
0.552117,2,601.417089
0.541426,2,601.590567
0.511771,2,601.726757
0.878049,3,601.954266
0.560416,2,602.117251
-3.04531,5,602.460577
0.56855,2,602.626111
0.568413,2,602.784258
1.630717,5,603.122605
0.450825,2,603.247188
0.475747,2,603.368149
0.513364,2,603.488668
1.62283,5,603.841628
0.525465,2,604.029357
2.133627,6,604.566152
0.89594,3,604.793641
0.525886,2,604.971699
0.497393,2,605.150694
0.525545,2,605.309113
0.548426,2,605.474356
3.179648,8,606.270927
0.353733,2,606.474671
0.541737,2,606.694604
1.21723,4,607.117305
0.534006,2,607.343925
-2.403644,7,607.894606
2.428951,7,608.549293
1.266355,4,608.846138
0.931857,3,609.096539
1.506682,5,609.48936
0.458441,2,609.633903
-3.124151,5,609.966626
0.530821,2,610.094048
0.548003,2,610.251643
0.522997,2,610.428663
0.497774,2,610.583068
0.543042,2,610.742891
0.536971,2,610.893587
0.509299,2,611.055631
2.15689,6,611.505953
5.974046,14,612.563457
0.507834,2,612.760034
0.842702,3,613.017474
2.998705,9,613.741461
2.150144,6,614.239557
1.259243,4,614.588975
3.941807,10,615.379935
0.54733,2,615.552211
0.904737,3,615.807762
3.845859,10,616.684605
-3.018909,5,617.073165
0.933391,3,617.294674
0.541125,2,617.448871
0.530242,2,617.605384
-3.488215,4,617.939842
0.887854,3,618.11745
0.326533,2,618.270741
0.860819,3,618.506924
0.523287,2,618.655518
2.014657,6,619.036777
0.552886,2,619.162036
1.800799,5,619.513482
0.55664,2,619.664527
0.534945,2,619.8413
0.925837,3,620.065582
0.84035,3,620.285842
2.397503,7,620.814268
3.401405,9,621.549181
1.353656,4,621.886869
1.117294,4,622.15078
0.550077,2,622.302183
2.150167,6,622.734721
1.1975,4,623.025967
1.314886,5,623.355152
0.524189,2,623.510239
0.573592,2,623.66919
2.685246,7,624.222478
0.531112,2,624.347559
-3.506575,4,624.611745
0.546171,2,624.752778
0.555635,2,624.891779
0.52692,2,625.030771
0.50854,2,625.146837
1.481223,5,625.467684
0.520345,2,625.601249
0.347392,2,625.737282
0.542617,2,625.870905
0.543393,2,626.00624
-2.047609,7,626.547884
0.499681,2,626.724343
1.487417,5,627.204477
0.527762,2,627.398885
0.475916,2,627.5786
2.256012,7,628.252001
3.25807,9,629.052884
0.511693,2,629.256382
2.810361,8,629.857274
2.752025,7,630.425489
2.111684,6,630.964956
0.49544,2,631.192804
0.484875,2,631.412041
-3.061613,5,631.895422
0.511152,2,632.077119
0.484757,2,632.246637
2.212443,7,632.97751
0.466142,2,633.170725
0.868427,14,634.45708
0.475296,2,634.650388
1.726509,5,635.206332
1.501001,6,635.654456
-3.167827,6,636.064066
1.604385,5,636.41758
0.537793,2,636.586376
0.448679,2,636.757754
2.168164,6,637.247879
1.391202,5,637.621105
-0.072561,12,638.554935
0.461522,2,638.701364
0.371019,2,638.8654
1.378328,4,639.123172
1.491442,5,639.508234
0.893972,3,639.763994
5.351749,13,640.792462
2.586569,7,641.227302
2.399302,7,641.720802
0.53649,2,641.888135
0.345169,2,642.051812
2.749091,8,642.636011
3.455622,9,643.254683
2.133461,6,643.695466
3.638007,9,644.263989
2.08649,6,644.617306
0.744918,3,644.808842
0.551774,2,644.927548
0.550471,2,645.046304
1.255926,4,645.283354
0.529955,2,645.420112
0.46195,2,645.540194
0.931158,3,645.731679
0.353452,2,645.853792
1.225213,4,646.11651
4.385149,12,646.911743
0.529072,2,647.098396
-3.582971,4,647.393749
0.547249,2,647.554449
0.537332,2,647.739264
2.665362,7,648.354125
2.179893,7,649.019082
0.543677,2,649.201167
2.192877,6,649.706975
-3.382038,5,650.174539
3.251112,8,650.754098
1.681597,5,651.146345
1.339793,4,651.473562
0.504735,2,651.612426
0.554143,2,651.784375
0.753714,3,652.054171
1.630334,5,652.499858
3.354532,9,653.223843
0.535163,2,653.359541
0.891463,3,653.625203
0.32394,2,653.811075
0.541597,2,654.0028
2.045915,6,654.542317
-3.506725,5,654.984737
0.564533,2,655.139507
2.536739,7,655.766716
0.557937,2,655.948059
0.886466,3,656.181929
0.923018,3,656.434111
0.55876,2,656.588393
0.35653,2,656.761562
2.179695,6,657.243604
1.723604,6,657.766579
1.677809,5,659.264916
2.632682,7,659.901122
1.357481,4,660.233548
0.353727,2,660.418918
2.795747,7,661.114226
0.475918,2,661.28003
0.541636,2,661.451084
0.522747,2,661.643818
0.91833,3,661.901463
1.319173,4,662.275226
0.567484,2,662.405854
0.920326,3,662.614468
2.121082,6,663.076519
0.890679,3,663.297072
-2.982342,5,663.627567
1.299187,4,663.918991
2.453041,7,664.447051
-2.338492,7,664.969583
0.541655,2,665.130098
0.574465,2,665.280306
1.436928,5,665.67048
1.733018,6,666.153949
0.471444,2,666.318339
4.632068,11,667.17871
0.54863,2,667.341475
0.848606,3,667.599211
5.844878,13,668.5337
0.518162,2,668.685615
2.283076,7,669.147302
1.653504,5,669.466564
-2.428637,7,669.966487
3.596624,9,670.581172
0.527754,2,670.707082
0.538273,2,670.848362
2.530494,7,671.31517
0.534403,2,671.467006
0.536611,2,671.654919
0.561504,2,671.837846
1.234959,4,672.178654
0.509782,2,672.362662
1.290552,4,672.708261
0.508707,2,672.86925
0.800352,3,673.170488
0.505634,2,673.323361
-2.407173,7,673.907689
1.547294,5,674.330054
0.924326,3,674.536331
0.537463,2,674.684877
0.525549,2,674.808592
0.475138,2,674.941725
-3.159197,5,675.287949
0.956539,3,675.499074
0.531152,2,675.656659
0.448213,2,675.790682
1.831065,5,676.170927
0.53509,2,676.308501
-3.52416,5,676.694348
0.542095,2,676.827545
0.439048,2,676.985516
0.4905,2,677.155453
2.29637,6,677.588394
1.641335,5,677.98455
1.737048,5,678.353153
0.520147,2,678.501476
0.50489,2,678.649515
1.329793,4,678.90551
1.651434,5,679.239517
0.867819,3,679.472273
1.734969,5,679.785549
0.571906,2,679.909149
1.667273,5,680.252679
0.535305,2,680.394931
0.538702,2,680.53649
3.109721,8,681.023489
1.023322,4,681.288875
0.53827,2,681.407492
3.037473,8,681.899437
0.527266,2,682.063598
0.838134,3,682.324823
0.545821,2,682.4986
2.275694,6,683.10228
1.505515,5,683.53807
0.472164,2,683.707572
1.849638,5,684.22806
0.476836,2,684.412031
2.079307,6,684.921902
0.337931,2,685.094603
0.521773,2,685.271704
0.464442,2,685.438985
0.547869,2,685.612904
1.366532,4,685.997783
-3.56872,4,686.310819
4.43815,11,687.075559
1.713557,5,687.423882
0.952434,3,687.632936
2.182139,7,688.118219
0.527881,2,688.248226
0.537551,2,688.397996
0.461867,2,688.540896
1.69388,5,688.96774
1.961718,6,689.380731
0.898593,3,689.594012
2.592836,7,690.081606
2.633104,7,690.627318
0.927464,3,690.852718
0.561546,2,691.034759
1.408627,4,691.304614
2.868221,8,691.912468
0.871715,3,692.153701
4.211592,11,692.93601
0.550572,2,693.08436
0.695227,3,693.327628
0.526165,2,693.48822
1.54525,5,693.830822
-3.141178,5,694.228828
0.539338,2,694.358875
0.894173,3,694.55415
1.460529,5,694.942402
0.502169,2,695.112994
3.347826,8,695.6445
0.574961,2,695.806909
2.378649,7,696.325907
0.946563,3,696.540294
0.530233,2,696.70234
0.507834,2,696.851816
0.900856,3,697.087085
0.509907,2,697.21235
1.57428,6,697.604617
0.902999,3,697.807335
0.4963,2,697.938204
-1.608113,9,698.535061
1.966799,6,698.938177
0.520437,2,699.058711
0.549042,2,699.198671
0.736,3,699.390903
1.574692,5,699.693037
1.948555,6,700.02915
1.596238,5,700.366495
0.537584,2,700.485655
0.374629,2,700.62428
0.511978,2,700.768994
0.93321,3,700.973382
0.509893,2,701.112768
-2.472782,6,701.508613
0.563916,2,701.631481
2.039575,6,701.997728
1.313275,4,702.247612
0.526527,2,702.38785
2.138825,6,702.775409
1.331306,4,703.031263
0.535175,2,703.155077
0.525268,2,703.28184
0.865589,3,703.478502
1.47185,5,703.815815
0.523716,2,703.958849
0.543058,2,704.084673
0.989708,3,704.32941
0.506183,2,704.498734
2.103578,6,704.929591
1.279514,4,705.193769
0.921903,3,705.391557
1.232288,4,705.674843
0.476837,2,705.835286
0.520262,2,706.022385
-3.020009,5,706.591043
0.535291,2,706.834706
0.555401,2,706.966235
1.78952,5,707.35439
2.621872,7,707.998
-3.114768,5,708.423147
3.379848,9,709.845433
0.829273,3,710.103336
1.990922,6,710.556402
0.910249,3,710.802888
1.64007,5,711.288687
0.356173,2,711.42048
0.570798,2,711.594882
0.973572,3,711.866235
0.898907,3,712.105514
0.525624,2,712.27097
0.535744,2,712.479375
0.518405,2,712.660808
0.535866,2,712.849253
5.706566,14,714.231008
1.932499,6,714.876145
0.566071,2,715.051658
0.969919,3,715.324937
1.651693,5,715.718402
2.358079,6,716.211371
0.532808,2,716.361012
0.547623,2,716.510946
2.414312,7,717.027692
2.018523,6,717.46488
0.890793,3,717.68977
1.685106,5,718.057682
0.502852,2,718.225189
0.474167,13,719.220082
0.548618,2,719.400125
1.53857,5,719.800863
1.921333,6,720.259795
0.464685,2,720.409822
1.202311,4,720.694388
-3.092945,5,721.031633
0.893185,3,721.262146
0.462393,2,721.436846
-1.560333,8,722.002855
0.541431,2,722.178447
0.530304,2,722.340328
2.156948,6,722.813641
-3.512884,4,723.091347
-1.585822,8,723.74481
-2.759371,6,724.209907
2.03442,6,724.695674
2.231713,7,725.234006
0.474502,2,725.392756
-3.214606,5,725.797873
0.538208,2,725.960521
0.738138,3,726.200824
0.523792,2,726.36969
1.745935,5,726.746989
1.326278,4,726.998848
0.495559,2,727.15612
5.216612,15,728.264027
1.609559,5,728.60303
2.157414,6,729.065207
2.619753,7,729.540086
0.518804,2,729.698143
3.907235,10,730.457816
0.913769,3,730.748554
0.557702,2,730.940135
0.550674,2,731.151072
0.54041,2,731.341293
2.612177,7,731.931799
0.541637,2,732.118006
2.046886,6,732.653562
0.531055,2,732.847925
1.064732,4,733.20777
1.956133,6,733.704354
0.563073,2,733.922899
2.463032,6,734.386654
0.375329,2,734.571843
0.336213,2,734.743437
0.350204,2,734.904544
0.525081,2,735.076522
2.726415,8,735.712776
1.440332,4,736.034612
1.223737,4,736.333146
0.746478,3,736.549721
0.516359,2,736.71738
0.556246,2,736.850754
0.506139,2,737.005248
0.890064,3,737.249857
2.298026,6,737.675707
0.322218,2,737.815588
0.558447,2,737.98758
2.338194,6,738.428476
0.712519,3,738.639562
0.523692,2,738.776936
0.546839,2,738.914537
2.785995,8,739.533809
-2.056318,7,740.021672
2.702267,7,740.57172
-3.680639,4,740.881998
2.060897,6,741.283636
0.930824,3,741.529595
0.900513,3,741.733957
0.4886,2,741.848188
0.518586,2,741.965169
0.58981,2,742.116638
0.340136,2,742.229853
0.532009,2,742.364263
1.671561,5,742.732231
0.566863,2,742.897018
1.36203,4,743.270148
0.524143,2,743.457244
-3.541329,4,743.83688
0.457289,2,743.998378
0.542289,2,744.159607
-3.062106,5,744.57939
0.527393,2,744.767172
1.302342,4,745.121307
2.228797,6,745.661335
0.531874,2,745.834458
0.543991,2,745.97226
1.135637,4,746.258767
0.529105,2,746.407313
1.776792,5,746.762034
0.546403,2,746.887733
-0.690306,11,747.779609
-1.643903,10,748.506891
0.549854,2,748.68269
2.300575,6,749.098631
0.516386,2,749.270069
0.533236,2,749.421006
0.504557,2,749.570616
1.555373,5,749.90908
0.535053,2,750.064846
0.540574,2,750.269962
0.56685,2,750.428936
1.174171,4,750.708157
1.498346,5,751.104485
1.261704,4,751.411564
0.523975,2,751.580037
-2.968671,6,752.057343
0.946587,3,752.330636
0.538961,2,752.575257
2.956308,8,753.287196
2.248533,6,753.845137
1.573662,5,754.294712
0.537381,2,754.477048
0.458073,2,754.633553
0.514751,2,754.799807
2.116863,6,755.301498
2.291259,6,755.934044
2.505262,7,756.566071
0.327584,2,756.72647
0.53134,2,756.885273
3.592874,9,757.516236
0.476947,2,757.665621
0.541095,2,757.844261
-2.928115,5,758.268353
0.516644,2,758.40923
2.623398,7,758.898102
1.361507,5,759.263758
2.644758,8,759.865572
0.526101,2,760.018677
-2.407778,7,760.496624
3.396326,9,761.156101
1.711907,5,761.517727
2.018868,6,761.956854
2.306194,7,762.557097
2.36558,7,763.092782
0.539439,2,763.238924
1.255284,4,763.541422
1.751314,5,763.882721
0.345347,2,764.031438
0.551224,2,764.197589
0.561038,2,764.349764
0.524868,2,764.528442
0.324267,2,764.683324
-3.539463,4,764.96116
0.552825,2,765.136877
0.330153,2,765.304677
3.139503,9,765.93786
1.324541,4,766.186698
0.542705,2,766.340606
0.57258,2,766.47069
0.759222,3,766.663727
1.345566,4,766.909831
2.674848,7,767.342973
0.54452,2,767.476359
2.76513,7,767.891868
-1.860291,8,768.362241
0.541285,2,768.483202
2.533145,7,769.00166
0.517869,2,769.145987
0.503304,2,769.269736
0.954771,3,769.480357
0.570477,2,769.631731
0.571535,2,769.84949
2.259282,6,770.302388
0.524694,2,770.444739
0.907484,3,770.648635
2.59527,7,771.074005
-2.833704,6,771.478313
1.391129,5,771.81943
2.540525,7,772.274304
1.311875,4,772.548678
0.528136,2,772.682429
2.327176,7,773.069977
1.812528,5,773.41525
1.432797,5,773.82829
0.565182,2,773.97586
2.272688,7,774.518986
1.274242,4,774.798365
0.877665,3,775.038917
0.545757,2,775.245482
3.011744,8,775.876824
0.929282,3,776.047652
0.509748,2,776.205475
1.77913,5,776.477733
2.317492,7,777.024322
0.481858,2,777.171572
0.339168,2,777.295158
2.527253,7,777.844288
0.957152,3,778.163943
0.359408,2,778.332279
1.774323,5,778.768397
0.547837,2,778.935835
0.506177,2,779.119679
0.565796,2,779.309123
1.650873,5,779.764545
0.548216,2,779.915491
0.989874,3,780.167995
3.910416,10,781.023948
1.222824,4,781.333618
0.503372,2,781.490236
0.465109,2,781.652506
0.552228,2,781.795614
0.96074,3,782.016428
-3.594831,4,782.315225
4.421164,11,783.071896
2.160984,6,783.512227
0.986272,3,783.758699
0.344863,2,783.93258
2.091105,6,784.345168
1.604499,5,784.784269
1.649938,5,785.232656
0.52785,2,785.41594
2.18607,6,785.907017
0.541681,2,786.098383
1.270574,4,786.434189
2.344862,7,787.00942
0.537436,2,787.193144
1.594621,5,787.572323
0.921158,3,787.830983
0.932712,3,788.119722
1.048099,4,788.402825
0.536155,2,788.545766
0.558851,2,788.670699
2.841009,8,789.199829
0.535348,2,789.334244
5.332035,16,790.492556
1.205284,4,790.808391
0.944431,3,791.046072
0.538237,2,791.200443
0.457869,2,791.376641
0.447746,2,791.540267
1.449167,5,791.941265
0.348588,2,792.071666
0.986077,3,792.337264
1.691902,5,792.707529
1.25333,4,793.031871
0.465611,2,793.171499
0.535746,2,793.315388
0.542354,2,793.47229
3.460211,9,794.113982
0.540362,2,794.257427
0.526225,2,794.431202
3.029434,8,795.009262
0.899816,3,795.247788
-1.99178,7,795.71011
3.362497,8,796.270506
1.4762,5,796.598246
2.225817,7,797.17942
-2.81388,6,797.650204
0.543984,2,797.809716
0.55557,2,797.954342
0.465662,2,798.143161
0.518904,2,798.427387
0.952088,3,798.689335
1.293474,4,799.063519
1.272456,4,799.387698
1.648903,5,799.804293
2.371978,7,800.412871
0.545071,2,800.578717
-0.372255,11,801.523029
0.471859,2,801.702844
2.015507,6,802.270836
0.575659,2,802.440243
2.687123,8,802.988073
0.567257,2,803.876435
2.776453,8,805.768197
0.567439,2,805.911525
2.524435,7,806.366849
0.541559,2,806.504817
2.78435,8,807.028539
0.859039,3,807.246924
0.505217,2,807.383185
-1.682467,8,807.858433
0.873005,3,808.027572
1.555832,5,808.333451
0.599183,2,808.473733
2.367947,7,808.91883
1.288869,4,809.166194
3.278339,8,809.860515
0.555774,2,810.032344
0.901837,3,810.286299
0.531624,2,810.443236
0.524116,2,810.6294
0.324267,2,810.815608
0.887333,3,811.051952
4.538107,12,812.095034
0.50909,2,812.219546
0.843107,3,812.423002
2.476944,7,812.881342
0.515379,2,813.055338
1.41756,4,813.380304
1.21508,4,813.65654
0.567308,2,813.827586
-3.431663,4,814.172162
0.498038,2,814.353893
2.191553,6,814.856049
0.521985,2,815.09026
0.551315,2,815.277718
1.54757,5,815.70567
0.55752,2,815.877049
1.732205,5,816.234345
0.933004,3,816.467453
0.545103,2,816.64273
0.541915,2,816.893229
0.529782,2,817.074426
4.34657,10,817.753067
0.512949,2,817.93892
1.149122,4,818.301157
0.912724,3,818.565001
1.622877,5,818.965708
-1.064091,9,820.869277
1.832893,6,821.28438
0.771356,3,821.514222
1.724581,5,821.881642
1.668512,5,822.246096
0.531815,2,822.416199
-3.542715,5,822.728066
1.605237,5,823.092541
3.351136,9,823.752982
-3.422874,4,824.052937
0.560923,2,824.215594
1.791541,5,824.605461
1.6193,5,824.984343
0.551172,2,825.138255
2.276923,6,825.562569
0.58935,2,825.742496
1.662204,5,826.076855
1.301852,4,826.40888
1.772915,5,826.76957
3.318765,9,827.360765
1.99274,6,827.716843
0.553864,2,827.860686
-1.432415,8,828.374169
0.695926,3,828.724811
0.54531,2,828.893676
1.128342,4,829.330395
2.422698,7,829.942289
1.296092,4,830.329294
2.356853,7,831.016762
0.553706,2,831.187882
0.832638,3,831.443778
1.057313,4,831.81829
2.0437,6,832.46024
0.344632,2,832.610441
0.527408,2,832.823267
3.709097,10,833.577499
2.41841,7,834.094536
2.265068,6,834.515923
1.915698,6,834.912324
0.88252,3,835.131283
-1.420562,8,835.717444
0.977231,3,835.971235
2.263057,7,836.520344
-3.057759,5,836.941093
1.33625,4,837.305873
2.058695,6,837.778779
0.543513,2,837.969453
0.549196,2,838.131403
1.642692,5,838.560878
1.62683,5,840.534293
0.532494,2,840.695012
0.538724,2,840.868855
0.841754,3,841.16522
1.710137,5,841.553702
2.11975,6,842.029604
0.835738,3,842.317801
3.280512,9,843.002394
1.439886,5,843.408611
1.343483,4,843.731343
2.293271,6,844.156439
0.520726,2,844.317541
0.531897,2,844.485148
0.521097,2,844.645844
-2.489119,7,845.13516
-3.581809,5,845.514764
0.58125,2,845.640817
0.329634,2,845.780576
1.320692,4,846.121826
1.331991,4,846.429659
1.19293,4,846.789132
0.542499,2,846.976359
0.581415,2,847.166309
2.272979,6,847.748375
1.538688,5,848.183423
0.566452,2,848.391653
2.360118,8,849.08866
0.509435,2,849.284119
2.177684,6,849.818981
0.508753,2,849.961993
2.159315,6,850.394415
0.537507,2,850.553929
1.713715,5,850.961941
1.048777,4,851.309625
0.531374,2,851.463946
1.716784,5,851.822105
1.574489,5,852.17952
-2.192371,7,852.705724
4.277372,12,853.618445
2.265224,6,854.023098
2.55829,7,854.640053
0.552227,2,854.825657
1.306756,4,855.144408
2.950044,8,855.784413
1.098967,4,856.099047
1.683858,5,856.504364
0.894607,3,856.760919
0.519463,2,856.961713
2.006211,6,857.402376
2.738215,7,857.884122
1.682525,5,858.239839
2.44965,7,858.725138
2.521411,7,859.192713
3.196606,8,859.740634
2.625663,7,860.269873
1.176591,4,860.528482
1.723626,5,860.891896
1.345494,4,861.179005
0.541669,2,861.344895
0.514616,2,861.492717
3.568742,10,862.245283
1.852101,6,862.664785
-3.491331,4,862.931622
0.539002,2,863.052079
3.339666,9,863.590641
0.572273,2,863.712075
1.743485,5,864.03143
2.565366,7,864.481543
0.502688,2,864.60282
3.021788,8,865.152697
2.778658,7,865.627076
-2.528932,6,866.072804
1.98807,6,866.415444
1.717349,5,866.801683
0.544761,2,866.977546
0.938027,3,867.246523
2.414431,7,867.79786
4.207421,10,868.523666
0.533677,2,868.720417
1.6412,5,869.197766
2.221697,6,869.649583
0.940088,3,869.852298
1.671588,5,870.186279
3.587374,9,870.840801
3.087734,9,871.454032
1.307717,4,871.732736
2.080755,6,872.182364
4.590335,12,873.042577
1.9989,6,873.485596
0.877262,3,873.73588
1.244741,4,873.996705
2.32384,7,874.608643
1.139845,4,874.906231
1.62687,5,875.325574
0.50122,2,875.493489
0.537729,2,875.657802
0.720623,3,875.8781
4.442274,12,876.861336
1.171546,4,877.199701
1.662777,5,877.606912
1.443156,4,877.944982
0.956135,3,878.147488
0.717503,3,878.368389
-2.943238,5,878.728999
0.505697,2,878.902743
1.655174,5,879.247253
0.527258,2,879.404058
3.15744,9,880.072539
3.80723,10,880.739703
-3.362987,5,881.11975
0.873768,3,881.338411
-0.78146,10,882.01239
0.5349,2,882.164543
0.522939,2,882.293186
3.210364,8,882.807062
2.407573,7,883.304897
0.97751,3,883.530299
0.912891,3,883.7713
2.912666,7,884.261108
0.505586,2,884.408026
2.260816,7,884.958772
2.536552,7,885.525896
0.529406,2,885.682797
0.530731,2,885.86456
1.734947,5,886.306744
0.565699,2,886.479966
1.608159,5,886.892018
2.112615,6,887.389254
2.004326,6,887.778535
0.513458,2,887.927187
-2.952017,5,888.235238
0.558205,2,888.354173
0.894854,3,888.542146
1.263001,4,888.872732
1.755113,5,889.324178
5.3111,14,890.469852
0.534794,2,890.623631
1.619758,5,891.016398
0.543192,2,891.140847
3.382743,9,891.741384
0.534961,2,891.912812
2.048231,6,892.302575
0.55615,2,892.445049
3.687255,10,893.160275
1.879492,6,893.621205
4.715521,12,894.427901
0.930355,3,894.615214
1.258135,4,894.889412
0.554819,2,895.059935
0.537118,2,895.241685
2.792153,8,895.960417
0.546796,2,896.173939
3.294834,9,896.904137
4.072963,11,897.742139
1.476951,5,898.060828
0.880839,3,898.256457
0.520529,2,898.401839
1.412485,5,898.799404
0.499243,2,898.926799
0.534746,2,899.067807
0.519728,2,899.248361
0.530484,2,899.410378
1.80938,5,899.751263
0.54189,2,899.900152
2.652922,7,900.403945
0.550778,2,900.545288
3.337892,10,901.300794
3.634487,10,902.112072
0.5188,2,902.28635
0.87011,3,902.573595
1.637677,5,903.036819
3.013717,8,903.682597
0.432122,2,903.857128
0.34501,2,904.007286
0.944565,3,904.223213
1.100173,4,904.496591
1.834067,6,904.9152
0.450313,2,905.0646
0.851747,3,905.303846
-3.323226,4,905.581376
0.535504,2,905.738734
0.466378,2,905.908572
0.551986,2,906.090066
0.516139,2,906.259228
0.528699,2,906.399391
5.763677,13,907.442802
-3.147489,5,907.823566
2.549223,7,908.338238
0.525817,2,908.524844
2.856019,8,909.133017
1.372937,4,909.403547
0.978796,3,909.597352
4.176999,10,910.188978
0.918281,3,910.37346
6.743388,16,911.632791
3.536954,9,912.433599
3.086316,8,913.117326
2.485287,7,913.665401
1.473013,15,914.68241
0.435675,2,914.851906
0.519028,2,914.994434
0.542293,2,915.144238
0.516514,2,915.281193
-1.499017,8,915.883025
0.589256,2,916.071977
0.880465,3,916.299896
0.881485,3,916.55391
3.097404,8,917.056777
0.557974,2,917.190956
0.448407,2,917.338258
0.899844,3,917.587713
0.750431,13,918.875377
0.525337,2,919.039674
-2.995265,5,919.412577
1.793576,5,920.634935
2.978561,8,921.249254
1.239407,4,921.583861
0.511847,2,921.723305
1.01378,15,922.947936
2.347493,6,923.426615
0.538971,2,923.583988
1.382233,5,923.98452
0.342806,2,924.143479
0.990916,3,924.375072
0.521242,2,924.55282
1.718324,5,924.946122
0.551865,2,925.114257
-2.894154,5,925.551504
0.916368,3,925.79895
4.487245,11,926.654403
0.550451,2,926.798902
-1.710268,8,927.358686
1.329018,4,927.638107
0.514902,2,927.802136
0.545253,2,927.953897
0.890847,3,928.187408
3.166705,9,928.834517
0.535983,2,928.996227
0.551007,2,929.146626
0.476215,2,929.322033
1.375831,4,929.674593
0.537463,2,929.865901
0.458892,2,930.050799
3.153814,8,930.734271
0.44853,2,930.858551
4.859548,12,931.774823
0.555757,2,931.951718
1.645756,5,932.316728
-3.049453,5,932.673194
1.820085,6,933.156374
1.573904,5,933.505795
0.530735,2,933.655162
2.532045,7,934.143211
1.344792,4,934.434309
0.538273,2,934.577076
1.691347,5,934.940012
2.1197,6,935.36806
0.509163,2,935.543025
0.474631,2,935.72981
0.522635,2,935.88031
4.930143,14,936.907231
0.518037,2,937.085698
0.560105,2,937.222035
0.499695,2,937.409112
2.645569,7,937.929121
-2.501621,6,938.338256
3.129269,8,938.841119
1.608753,5,939.152607
0.874551,3,939.334948
0.446138,2,939.469871
0.506167,2,939.584601
-2.789364,6,939.918936
1.852107,5,940.228329
1.786766,5,940.543587
0.542524,2,940.66647
3.34291,9,941.315829
-3.096691,5,941.648277
2.910819,8,942.150929
2.621185,7,942.828017
-3.630771,4,943.106
0.55789,2,943.296438
2.194344,6,943.805058
0.48694,2,943.984146
1.310098,4,944.315073
2.278594,6,944.750766
1.655385,5,945.097142
0.833986,3,945.303616
0.50915,2,945.466073
0.538284,2,945.612844
3.214046,8,946.190128
2.07109,6,946.619046
1.597266,5,947.02913
0.510188,2,947.166071
0.53896,2,947.321836
2.211596,6,947.724508
1.232577,4,948.007992
1.286257,4,948.308051
0.53048,2,948.466563
0.479628,2,948.604668
3.590391,9,949.193336
0.236273,13,950.130329
1.392391,4,950.400224
2.203302,6,950.863977
0.556817,2,951.010446
0.936492,3,951.241399
0.739878,3,951.480326
2.585063,7,952.144539
1.994131,6,952.756853
3.097641,8,953.386126
0.511679,2,953.550048
-2.626889,6,954.112988
0.546988,2,954.301382
0.867699,3,954.502611
0.517545,2,954.674239
1.633183,5,955.099491
5.002931,12,956.083758
0.542806,2,956.24493
2.048906,6,956.700001
0.347165,2,956.882395
0.521648,2,957.03591
2.561633,7,957.498786
2.808893,7,958.059115
2.084562,6,958.48826
-3.48217,4,958.763959
0.522709,2,958.926776
1.33442,4,959.190258
0.328921,2,959.323132
-2.961327,5,959.6737
3.499779,9,960.372183
0.533649,2,960.509564
0.5334,2,960.696173
0.856579,3,960.966138
1.362641,4,961.228885
0.540075,2,961.407734
0.551871,2,961.59977
0.32773,2,961.7453
0.896997,3,962.01985
1.717582,5,962.405582
1.567392,5,962.88358
8.122526,22,964.516547
0.872657,3,964.738652
0.552611,2,964.865056
1.249062,4,965.133558
4.975037,14,966.109886
0.531734,2,966.27597
1.533303,5,966.636477
0.549874,2,966.775328
0.533564,2,966.922557
4.52657,11,967.72284
1.705338,5,968.181925
0.892721,3,968.39583
-2.265287,7,968.967325
0.907607,3,969.269582
1.320593,4,969.618068
-3.1208,5,970.069677
0.521752,2,970.251645
0.910349,3,970.53074
1.528226,5,970.956461
0.532835,2,971.161675
-3.036774,5,971.577399
0.518922,2,971.759413
2.228995,6,972.176437
0.51815,2,972.368676
2.989151,9,973.040185
0.570001,2,973.209122
1.269925,4,973.484232
-2.666033,7,973.975121
1.726241,5,974.37812
2.96278,8,974.927755
1.315976,4,975.220284
0.494749,2,975.393508
0.551013,2,975.554581
1.305544,4,975.832214
0.527604,2,975.983149
3.87385,10,976.674735
3.013227,9,977.301938
0.525821,2,977.4484
1.285249,4,977.693881
2.077281,6,978.107894
1.358673,4,978.348986
0.548433,2,978.469895
1.683538,5,978.822555
0.546669,12,980.432947
0.519998,2,980.548291
2.486805,7,980.944518
0.511679,2,981.064196
0.923406,3,981.268039
0.521892,2,981.383625
1.579903,5,981.642742
2.620352,7,982.069058
-0.355186,11,982.737859
2.464888,7,983.154857
-2.117932,7,983.553482
1.244261,4,983.798841
0.47817,2,983.934829
2.197482,6,984.319098
0.356121,2,984.463437
2.174395,6,984.873592
2.066053,6,985.221077
1.764154,5,985.565004
0.834101,3,985.825807
1.495084,5,986.232201
4.580898,12,987.270829
1.797041,6,987.764501
0.541587,2,987.950039
1.222261,4,988.245924
0.48903,2,988.4279
3.035003,8,989.100184
2.026266,6,989.633017
1.291087,4,989.956005
3.282412,8,990.611217
2.090571,6,991.041919
0.86165,3,991.245944
2.873419,8,991.768662
1.263917,4,992.050525
2.733022,8,992.61658
2.252902,6,993.076571
2.190928,6,993.578321
1.294798,4,993.906778
2.026712,6,994.394601
4.867591,13,995.431228
0.494423,2,995.57496
0.523411,2,995.723395
0.534709,2,995.887947
1.818943,5,996.289968
3.114226,9,996.969783
1.500744,5,997.362568
0.979737,3,997.568254
0.536071,2,997.713245
2.356036,7,998.23142
4.652747,12,999.121908
-2.877622,6,999.526666
0.460484,2,999.693944
1.432462,5,1000.088358
2.092006,6,1000.561989
2.940548,8,1001.149486
2.943405,8,1001.713696
0.522829,2,1001.899999
-0.729171,10,1002.645462
1.438978,5,1003.028367
1.279696,4,1003.315643
0.520983,2,1003.479518
0.555799,2,1003.60346
2.520673,7,1004.085727
1.60756,5,1004.443743
5.9422,15,1005.36237
2.160557,6,1005.722898
0.938406,3,1005.909527
0.468837,2,1006.03195
0.562575,2,1006.153148
-1.414105,8,1006.607431
5.742846,15,1007.480171
-3.008373,5,1007.761389
0.537135,2,1007.896232
3.094307,8,1008.440064
-0.423418,11,1009.185305
-1.815402,8,1009.729181
2.636219,7,1010.324499
1.326941,4,1010.64096
2.685851,7,1011.220633
1.687499,5,1011.673778
0.541136,2,1011.879411
-2.021395,7,1012.411869
0.332135,2,1012.634172
2.004777,6,1013.180805
1.559457,5,1013.615819
5.351358,13,1014.608915
1.743621,5,1015.010274
1.719315,5,1015.41985
3.49723,9,1016.139559
2.064168,6,1016.575629
0.88204,3,1016.844928
0.537443,2,1016.999812
0.314588,2,1017.176908
0.512991,2,1017.306307
4.869319,12,1018.140635
5.949652,15,1019.233723
0.502426,2,1019.382494
0.885159,3,1019.592639
0.530007,2,1019.761546
0.527948,2,1019.899855
0.572389,2,1020.029517
-2.403196,7,1020.557068
2.961572,8,1021.169046
0.878686,3,1021.397307
3.398634,8,1022.090092
6.162922,14,1023.152275
4.577874,12,1024.179522
0.742417,3,1024.499226
-0.802443,11,1025.44711
2.237153,6,1025.940517
2.881443,8,1026.588493
0.500106,2,1026.739986
0.860381,3,1026.990641
1.283103,4,1027.312911
1.776962,5,1027.649785
0.476062,2,1027.823981
3.515541,9,1028.455073
1.350722,4,1028.717246
0.90665,3,1028.932006
0.561967,2,1029.061357
-3.562026,4,1029.365982
1.803538,5,1029.774173
0.538622,2,1029.93001
0.507373,2,1030.112781
0.552748,2,1030.273576
1.716733,5,1030.667276
2.474143,7,1031.241729
0.888354,3,1031.454723
1.387158,4,1031.717627
0.532777,2,1031.88375
0.481521,2,1032.05022
3.729221,10,1032.785248
0.530727,2,1032.917711
-1.719415,8,1033.494021
3.313246,9,1034.092078
4.018392,11,1034.823094
0.539355,2,1034.945503
1.581064,5,1035.239735
0.845341,3,1035.429151
5.228027,14,1036.292726
2.245858,6,1036.652109
0.528888,2,1036.766977
2.221843,6,1037.116956
0.937086,3,1037.307964
1.351732,4,1037.53974
0.845521,3,1037.723881
0.917665,3,1037.931101
0.891066,3,1038.179814
5.565308,15,1039.392722
2.17895,6,1039.815232
2.608992,7,1040.379526
0.574997,2,1040.563063
0.502261,2,1040.74276
2.119668,6,1041.202101
-2.654559,6,1041.637264
0.528724,2,1041.790979
1.651525,5,1042.211051
2.003309,6,1042.691657
1.673785,5,1043.098268
2.133714,6,1043.633443
0.544474,2,1043.794374
3.17146,9,1044.554588
0.568099,2,1044.734308
3.992166,11,1045.484418
2.920003,8,1046.064047
4.972325,12,1046.968839
0.927196,3,1047.17297
2.519515,7,1047.650277
0.913626,3,1047.874815
3.599049,9,1048.493053
1.799264,5,1048.904103
2.694775,7,1049.395991
3.523386,9,1050.010981
0.541727,2,1050.141803
0.542984,2,1050.287298
2.058556,6,1050.701897
1.48455,4,1050.98191
0.511349,2,1051.134523
1.233216,4,1051.432571
2.796328,7,1051.961409
-1.60881,8,1052.528389
-2.328748,7,1053.000309
-1.674502,8,1053.567083
3.995087,10,1054.39607
1.223045,4,1054.672745
3.567635,9,1055.32746
-2.958022,5,1055.712077
3.825533,10,1056.424595
0.902163,3,1056.654413
2.881422,8,1057.227159
0.538499,2,1057.38604
2.66208,7,1057.993201
0.523159,2,1058.180463
-1.917751,9,1058.954743
3.646631,9,1059.643113
2.203869,7,1060.216192
4.719422,12,1061.185685
0.851733,3,1061.407443
-2.802173,6,1061.853326
2.019005,6,1062.274535
2.236824,6,1062.715308
2.502187,7,1063.320601
0.881129,3,1063.528394
0.852634,3,1063.740237
0.906336,3,1063.923559
0.46709,2,1064.104439
1.708407,5,1064.479616
2.049947,6,1064.912654
0.506606,2,1065.059433
1.793429,5,1065.424142
1.842252,5,1065.782856
1.91914,6,1066.243762
0.540484,2,1066.372801
11.478097,29,1068.580769
4.204723,10,1069.325299
0.930054,3,1069.566716
-0.918361,10,1070.193573
3.846464,10,1070.784458
0.942768,3,1070.986908
0.529126,2,1071.123374
1.24475,4,1071.356282
-2.313981,7,1071.751745
2.307239,7,1072.214177
2.542857,7,1072.672444
0.888138,3,1072.897276
0.95376,3,1073.120923
2.392681,7,1073.56144
3.094741,8,1074.12718
0.52646,2,1074.327935
1.554005,5,1074.734374
1.24417,4,1075.091475
1.525794,5,1075.565843
1.332942,4,1075.877664
0.547205,2,1076.074999
0.982824,3,1076.325823
0.987143,3,1076.576931
4.316239,12,1077.686624
0.542241,2,1077.866293
0.53882,2,1078.014678
6.196227,16,1079.195156
-2.656129,6,1079.634988
1.968234,6,1080.075254
2.685059,7,1080.643913
-0.828737,10,1081.429159
1.341969,4,1081.698695
-2.938166,5,1082.080186
2.603997,7,1082.543861
1.772386,5,1082.868979
-3.49924,5,1083.258008
7.164036,18,1084.579089
3.951959,11,1085.477024
1.557656,5,1086.004517
2.209094,7,1086.551924
1.258125,4,1086.865855
3.687102,10,1087.777805
-2.464261,6,1088.226838
0.527059,2,1088.407194
0.460271,2,1088.572539
1.252892,4,1088.868561
1.116991,4,1089.188682
0.949728,4,1089.519981
3.960421,10,1090.274953
1.624164,5,1090.673289
1.381802,4,1090.956978
3.969923,10,1091.766975
1.619016,5,1092.141534
1.722172,5,1092.560175
0.900746,3,1092.792488
0.540214,2,1092.937784
0.51703,2,1093.078955
1.206521,4,1093.389057
1.654987,5,1093.726423
0.537553,2,1093.865105
1.811274,5,1094.223705
-3.703114,4,1094.504935
2.627794,7,1094.96429
0.535787,2,1095.098027
3.139157,8,1095.71098
1.282189,4,1096.030885
0.53317,2,1096.163457
0.534243,2,1096.300477
3.594906,9,1096.868693
1.764291,5,1097.196511
0.86493,3,1097.393427
0.9039,3,1097.568545
1.25347,4,1097.819419
2.255289,6,1098.163436
0.546251,2,1098.317329
2.667864,8,1098.797734
1.260839,4,1099.09442
4.202848,11,1099.760067
1.305737,4,1100.033394
1.315076,4,1100.388863
2.801769,8,1101.018514
0.509411,2,1101.235525
0.915005,3,1101.496289
2.019311,6,1102.069657
0.540088,2,1102.24334
1.710702,5,1102.665982
0.943931,3,1102.876158
0.934073,3,1103.081593
2.095918,6,1103.469829
0.807145,3,1103.68476
1.598457,5,1104.076982
-3.559868,4,1104.380302
0.453366,2,1104.540186
3.095445,9,1105.261635
-2.986755,5,1105.687341
2.513642,7,1106.2528
1.710686,5,1106.671022
0.536835,2,1106.826163
1.169909,4,1107.176512
3.700941,9,1107.864885
0.477286,2,1107.994205
0.910994,3,1108.227846
0.525624,2,1108.379719
1.199507,4,1108.650948
0.346276,2,1108.789007
-1.707183,9,1109.439206
4.303915,11,1110.23376
1.261398,4,1110.539191
0.550199,2,1110.692825
2.700786,8,1111.237157
1.559044,5,1111.606032
2.072211,6,1112.05682
5.156343,13,1113.013291
1.510385,5,1113.366523
3.226037,8,1113.9412
0.918229,3,1114.133895
5.438885,14,1114.969535
-2.74872,6,1115.342541
0.513374,2,1115.457792
0.548298,2,1115.598151
6.423091,16,1116.65227
3.384184,8,1117.102443
2.300774,6,1117.494328
0.340265,2,1117.632624
4.187125,12,1118.405107
0.908903,3,1118.617862
1.990026,6,1119.074452
1.733981,5,1119.425336
1.341312,4,1119.714584
3.543788,9,1120.355496
0.515824,2,1120.510173
0.551237,2,1120.701505
1.450093,5,1121.106402
7.061549,17,1122.406255
0.490048,2,1122.595437
2.1621,6,1123.078727
4.950005,12,1123.865779
1.901958,7,1124.394733
0.503854,2,1124.535146
2.945582,8,1125.095218
3.668035,10,1125.864794
2.029096,6,1126.295113
2.168374,6,1126.726709
-3.484986,4,1127.015136
0.464202,2,1127.16861
2.187998,6,1127.593521
-2.810829,6,1128.063063
2.04823,6,1128.501424
3.291422,8,1129.085211
4.613581,11,1129.842494
0.494509,2,1130.046975
2.382788,7,1130.663077
1.208974,4,1131.029475
0.520404,2,1131.227108
0.558764,2,1132.513312
0.764937,3,1132.786768
3.808458,11,1133.740093
3.543814,9,1134.438905
0.477306,2,1134.578185
3.2899,9,1135.258451
0.475061,14,1136.265336
0.83879,3,1136.492923
5.491632,15,1137.588986
5.659269,13,1138.530861
5.220961,12,1139.315832
1.740848,5,1139.660868
1.451282,5,1140.012259
1.718009,5,1140.359645
2.603149,7,1140.820593
1.548287,5,1141.161144
-2.282881,7,1141.645199
0.948848,3,1141.835184
4.676337,11,1142.52753
5.420771,15,1143.712706
0.351966,2,1143.880502
3.521661,9,1144.731433
3.746544,10,1145.460933
0.928887,3,1145.667526
1.684823,5,1146.008233
3.215985,8,1146.559108
0.879975,3,1146.777751
1.116824,4,1147.048023
0.528969,2,1147.221621
0.421962,12,1148.085362
7.784155,19,1149.43874
0.494741,2,1149.576511
2.976256,8,1150.155144
0.530675,2,1150.314045
-2.237988,7,1150.772664
5.146718,13,1151.58856
0.877218,3,1151.846141
0.489389,13,1152.94273
0.545825,2,1153.125062
1.664725,5,1153.559944
3.650021,9,1154.312688
1.503791,5,1154.687135
0.517631,2,1154.820664
3.087699,8,1155.376344
1.730429,5,1155.764027
0.952087,3,1156.019325
2.172515,6,1156.496323
2.563347,7,1157.015411
4.375507,11,1157.772413
2.252505,6,1158.20473
0.358942,2,1158.372054
0.90898,3,1158.589928
3.642601,10,1159.334814
3.299818,9,1159.982467
0.525352,2,1160.114864
0.916482,3,1160.303574
0.94778,3,1160.520666
2.064163,6,1160.977423
-2.332997,7,1161.588387
2.113583,6,1162.09612
-0.654824,11,1163.112157
-3.565943,4,1163.484766
0.525617,2,1163.639813
0.916918,3,1163.903071
0.886532,3,1164.19646
1.676123,5,1164.641304
0.545855,2,1164.842574
2.628593,7,1165.439027
0.946866,3,1165.637007
2.760928,7,1166.110425
0.818151,3,1166.32367
-1.600959,8,1166.895693
1.393094,4,1167.166403
0.329178,2,1167.315449
1.782762,5,1167.72235
3.621999,9,1168.344727
0.465137,2,1168.494259
2.617433,7,1169.008664
1.755322,16,1170.109441
1.315634,4,1170.381123
0.915508,3,1170.596859
1.3624,4,1170.878179
1.696562,5,1171.226125
3.987991,10,1171.95278
2.694066,7,1172.447375
2.718212,7,1172.983098
0.534913,2,1173.174496
4.232145,10,1173.868948
0.551564,2,1174.033936
3.616115,9,1174.692728
0.955604,3,1174.90625
2.260011,6,1175.293209
2.213939,6,1175.746268
0.316338,2,1175.920289
2.902113,8,1176.492478
1.22256,4,1176.809845
3.27691,9,1177.450119
0.561506,2,1177.609514
2.585273,7,1178.157336
6.141801,17,1179.368918
1.262664,4,1179.699369
1.280775,4,1180.041032
2.205368,6,1180.527154
2.246769,6,1181.032253
5.869822,18,1182.276286
3.754942,10,1182.931669
4.014794,11,1183.733248
2.81467,8,1184.18035
0.91405,3,1184.38966
2.123882,6,1184.758895
-3.185442,5,1185.083238
3.595923,9,1185.641644
1.802556,5,1185.940316
1.938486,6,1186.381381
0.790546,14,1187.309682
0.979942,3,1187.597841
0.911382,3,1187.816038
1.733069,6,1188.369745
2.615011,7,1188.95966
0.533643,2,1189.15429
3.749138,10,1190.018974
2.003278,6,1190.396811
4.288995,11,1191.163836
-0.876426,11,1191.96144
7.643835,18,1193.337425
1.36618,4,1193.643806
-2.063852,7,1194.123813
2.402433,7,1194.62287
0.564089,2,1194.760448
2.828033,8,1195.192025
1.309134,4,1195.426439
1.286682,4,1195.645588
0.548785,2,1195.787406
1.528682,5,1196.073671
-2.292364,7,1196.497415
1.33655,4,1196.715567
6.862339,18,1197.792364
2.978087,8,1198.242857
2.616815,7,1198.646758
2.337002,6,1198.958775
0.880461,3,1199.165397
4.898537,12,1199.840939
4.363355,11,1200.568435
4.20445,11,1201.166144
1.657838,5,1201.464845
5.062205,12,1202.195926
-2.430873,7,1202.584015
1.295777,4,1202.830542
4.223067,11,1203.510389
6.09245,14,1204.361184
2.557002,8,1204.925919
3.744382,9,1205.578611
0.89684,3,1205.836114
-2.93813,5,1206.261983
1.430921,5,1206.65031
1.276861,4,1206.918097
0.492831,2,1207.042001
3.101006,8,1207.527681
6.444441,18,1208.782392
0.550646,2,1208.895036
2.275665,7,1209.306111
1.252246,4,1209.599754
1.37101,4,1209.914743
0.527741,2,1210.097332
2.103998,6,1210.570343
1.311121,4,1210.916453
4.25772,11,1211.801994
4.526014,12,1212.67409
2.583256,7,1213.281852
0.500281,2,1213.438887
3.915554,10,1214.289616
0.524091,2,1214.431269
-0.534261,11,1215.264375
0.570921,2,1215.42417
0.54525,2,1215.578019
0.483308,2,1215.714756
3.121915,8,1216.229573
1.18088,4,1216.508097
2.496631,7,1216.986879
0.546262,2,1217.158272
2.924824,8,1217.77493
-3.014272,5,1218.191661
0.534991,2,1218.328182
0.539703,2,1218.488056
3.604055,9,1219.170231
2.730464,7,1219.709009
-1.524527,8,1220.361897
2.476627,7,1220.892395
2.704457,7,1221.439639
0.531217,2,1221.615832
0.929045,3,1221.884852
0.51939,2,1222.020369
1.238401,4,1222.287169
1.649433,5,1222.627185
2.052486,6,1223.21277
3.967453,10,1224.18404
0.936119,3,1224.475378
1.476002,5,1225.014334
-1.681014,8,1225.818945
0.918013,3,1226.076063
0.886207,3,1226.265332
0.535133,2,1226.426577
4.452445,11,1227.228561
2.670436,8,1227.792516
0.543298,2,1227.992684
7.196988,17,1229.271343
3.138144,9,1229.90536
1.884076,5,1230.234602
1.6759,5,1230.649071
-1.586624,8,1231.260327
4.012523,10,1231.982754
3.528614,9,1232.641859
2.72587,7,1233.251739
1.272934,4,1233.540656
3.320693,9,1234.13031
0.515624,2,1234.276452
6.682979,16,1235.268517
1.511046,5,1235.603662
-2.026993,7,1236.05403
2.507262,7,1236.491274
3.54278,9,1237.112524
3.088454,8,1237.814479
3.667852,10,1238.608909
1.441616,5,1239.044215
0.896649,3,1239.319353
0.895529,3,1239.628525
1.361087,4,1239.972811
0.505251,2,1240.126355
2.050199,6,1240.483565
2.535308,7,1240.967195
2.57713,8,1241.492977
0.898238,3,1241.752672
0.497152,2,1241.919595
2.661664,7,1242.396583
3.570282,9,1243.035003
3.405602,9,1243.707072
1.953658,6,1244.164054
2.501433,7,1244.657326
0.918558,3,1244.881035
4.097983,10,1245.558487
7.886511,20,1247.213102
-2.4586,6,1247.705013
1.571632,5,1248.127745
0.479459,2,1248.332555
0.532337,2,1248.510107
0.904863,3,1248.796813
9.748804,24,1250.591115
3.329781,9,1251.274213
0.93288,3,1251.467716
2.304705,16,1252.71117
3.948918,10,1253.43123
0.53445,2,1253.575987
0.981415,3,1253.799428
0.545335,2,1253.946101
-2.586941,6,1254.292241
4.280923,11,1255.048052
2.875516,8,1255.596461
6.12487,15,1256.51356
2.800518,8,1257.135477
0.895631,3,1257.428917
-2.125522,7,1257.987352
1.322666,4,1258.283454
0.496643,2,1258.463603
1.669759,5,1258.870543
0.900522,3,1259.089508
1.716344,5,1259.4542
1.734276,5,1259.803002
1.995775,6,1260.244334
2.765242,7,1260.749845
0.478931,2,1260.886757
5.347933,12,1261.789936
2.918726,8,1262.408529
2.896725,8,1263.003711
2.438134,7,1263.547293
1.384401,4,1263.823958
0.521226,2,1263.978581
2.468186,7,1264.612112
0.907825,3,1264.856288
1.709352,5,1265.295959
1.57961,5,1265.686359
3.216754,8,1266.433006
0.926024,3,1266.710374
0.961192,3,1266.93386
0.501674,2,1267.187884
2.128327,17,1268.705671
3.908343,10,1269.562129
2.371277,7,1270.174125
4.868819,13,1271.13128
0.525433,2,1271.325854
3.527474,9,1272.078743
0.973711,3,1272.36285
0.332179,2,1272.538088
-2.697779,6,1273.034831
0.526108,2,1273.187463
2.07331,7,1273.747645
5.696342,13,1274.797901
0.907964,3,1275.028138
2.931396,8,1275.621207
5.256403,12,1276.439799
2.032125,6,1276.857981
0.907802,3,1277.058256
7.27841,17,1278.305124
5.454867,13,1281.25574
0.856392,3,1281.431168
0.532658,2,1281.608774
1.969591,6,1281.989337
2.939168,8,1282.462888
-3.533281,4,1282.749143
0.484869,2,1282.886387
0.558624,2,1283.008876
2.292459,6,1283.39187
2.724772,8,1283.862063
0.905949,3,1284.061031
0.525881,2,1284.177408
5.039165,12,1284.914679
3.879554,10,1286.553502
3.723467,10,1287.285968
4.254494,10,1288.162557
2.963302,8,1288.831873
1.444674,5,1289.151268
2.543255,7,1289.59254
1.288372,4,1289.914715
1.751121,5,1290.234139
1.36606,4,1290.505827
2.139067,6,1290.899155
-2.224004,7,1291.425841
0.51724,2,1291.587692
3.262187,8,1292.146493
0.528052,2,1292.324586
0.708803,3,1292.547779
3.040747,8,1293.051564
-1.009419,10,1293.618405
2.178732,6,1294.11006
4.553574,12,1295.119404
1.320879,4,1295.557877
2.702583,7,1296.118055
1.735141,5,1296.542789
0.516634,2,1296.76258
4.155781,10,1297.513511
1.952594,6,1297.970561
5.73051,16,1299.130212
1.659815,5,1299.462532
3.875186,10,1300.188958
-3.54826,4,1300.449405
5.065105,14,1301.422511
8.840124,22,1303.115206
1.625517,5,1303.492955
3.171908,8,1304.175942
3.070442,8,1304.797889
1.384618,5,1305.175735
0.865853,3,1305.424819
-2.977273,5,1305.840378
3.179297,8,1306.482066
5.721342,15,1307.484756
0.913241,3,1307.699174
4.595121,12,1308.449157
0.545916,2,1308.635778
3.934783,10,1309.396094
6.630004,31,1311.612835
1.713547,5,1311.91839
5.3938,15,1313.011182
2.176685,6,1313.429256
6.030424,15,1314.332611
2.167733,6,1314.681657
0.528702,2,1314.805881
0.924261,3,1315.001913
4.685111,12,1315.728687
4.128295,11,1316.375811
2.227109,6,1316.762729
0.492054,2,1316.900113
0.932145,3,1317.063059
1.353181,4,1317.305501
3.078578,9,1317.840878
5.895208,16,1318.989676
4.047356,11,1319.900151
0.888969,3,1320.166955
5.657379,15,1321.362642
0.531602,2,1321.54728
0.551605,2,1321.698202
0.541527,2,1321.858462
1.338042,14,1322.989271
7.142721,18,1324.412412
8.096072,21,1326.174052
0.508664,2,1326.336299
1.288664,4,1326.60416
8.209342,21,1328.083678
1.545331,5,1328.470163
0.459115,2,1328.633228
1.380316,4,1328.903763
7.452375,18,1330.233359
1.586614,5,1330.546048
6.093054,15,1331.730075
3.063201,8,1332.26578
1.162907,4,1332.564795
2.007657,6,1333.000383
7.106516,19,1334.269127
1.842334,5,1334.683629
2.687088,7,1335.205448
0.351476,2,1335.371758
4.134808,10,1336.075546
1.565143,16,1337.248766
7.093156,18,1338.540486
5.980229,16,1339.626826
-0.198309,11,1340.361109
0.915411,3,1340.569405
4.47431,11,1341.437953
5.340828,14,1342.26595
-2.884738,6,1342.602756
2.98788,8,1343.104866
5.651124,15,1344.01005
0.531963,2,1344.128754
10.739472,26,1345.769173
1.352396,4,1346.03013
1.747751,5,1346.32838
1.289627,4,1346.561327
3.970949,10,1347.199578
2.6694,7,1347.56412
4.91368,12,1348.241539
0.499894,2,1348.362216
-0.342599,11,1349.035911
0.548994,2,1349.154802
4.476471,12,1349.816174
4.262927,11,1350.600301
6.53343,16,1351.870945
5.821469,15,1352.824436
3.058879,8,1353.338608
1.578132,5,1353.646882
1.914583,6,1354.056187
4.112559,11,1354.806086
1.885883,6,1355.23154
1.562276,5,1355.551666
1.66652,5,1355.867924
1.213436,4,1356.166425
1.35939,4,1356.441001
4.31532,11,1357.155874
8.211597,20,1358.461697
1.317922,4,1358.735085
3.738284,9,1359.630838
-0.228444,11,1360.611875
0.547238,2,1360.804007
5.496824,14,1361.718161
0.511183,2,1361.8732
1.165923,4,1362.135522
1.513272,5,1362.46109
0.904807,3,1362.650621
1.273851,4,1362.908684
-2.998574,5,1363.181811
0.559358,2,1363.377597
6.175463,19,1364.738082
4.846338,13,1365.628675
0.516025,2,1365.819882
6.445062,16,1366.958344
5.049506,13,1367.818694
-2.048827,7,1368.34274
2.637755,7,1368.901722
4.055681,10,1369.678676
3.611589,9,1370.46471
0.505239,2,1370.624363
1.691849,5,1370.996158
2.018143,6,1371.426816
4.903494,13,1372.30667
1.608566,5,1372.66212
1.972307,6,1373.123237
1.395313,4,1373.433601
0.526697,2,1373.574837
7.568888,19,1374.928243
1.001834,3,1375.162746
2.358305,7,1375.656413
3.536929,9,1376.271364
5.820977,15,1377.261335
3.875382,10,1377.931864
3.631413,10,1378.653044
2.122338,6,1379.114695
1.969338,6,1379.539943
3.152888,9,1380.219557
3.23744,8,1380.807005
4.713923,12,1381.654285
2.662538,7,1382.106616
4.953977,14,1383.107498
0.310775,12,1383.923694
4.469769,12,1384.591401
1.745395,5,1385.023674
2.828782,8,1385.60632
3.414256,9,1386.3564
6.737109,17,1387.671982
9.85242,24,1389.275709
0.913121,3,1389.486284
2.007705,6,1389.929677
3.076569,8,1390.477281
6.435147,16,1391.577138
2.641042,7,1392.031232
0.541184,2,1392.181841
6.038595,28,1394.163954
10.215343,25,1395.788318
3.505304,9,1396.407702
3.926991,10,1397.13324
1.714028,5,1397.466264
3.530344,9,1398.094881
2.598036,7,1398.648083
3.563593,9,1399.246976
0.545832,2,1399.379514
3.298812,20,1400.952977
0.898136,3,1401.192275
3.105428,8,1401.771282
0.552488,2,1401.90931
-0.682533,9,1402.574595
-1.923528,7,1403.169539
1.304944,4,1403.471853
4.887023,12,1404.403953
3.265877,8,1405.056048
6.600686,17,1406.684026
2.022146,6,1407.159422
4.197149,11,1408.219439
0.543446,2,1408.355674
2.913573,8,1408.865335
6.597712,17,1410.024474
2.994478,8,1410.557196
3.404565,9,1411.191402
1.909762,6,1411.585747
0.891386,3,1411.826333
0.55169,2,1411.981363
3.94591,10,1412.667678
4.62877,12,1414.213094
2.118088,6,1414.541877
1.261151,4,1414.782818
1.359768,4,1415.048736
2.618185,7,1415.473991
1.691014,5,1415.743779
3.12277,8,1416.228221
5.404442,15,1417.283786
0.980344,3,1417.498138
0.956154,3,1417.664248
-0.756299,10,1418.287619
2.219217,6,1418.648417
0.798971,3,1418.822803
1.667368,5,1419.101027
0.922638,3,1419.27671
0.548219,2,1419.424901
0.535055,2,1419.54732
2.062515,6,1419.915993
0.8815,3,1420.087606
4.569645,12,1420.833573
4.804149,11,1421.501286
2.561329,7,1421.963748
2.139071,6,1422.299224
2.541428,7,1422.821756
2.129962,6,1423.294825
11.50509,30,1425.610727
1.919873,6,1426.139294
0.97705,3,1426.369627
1.381067,4,1426.741192
0.953735,3,1426.991812
3.174004,8,1427.825297
3.405196,9,1428.493449
4.060035,10,1429.342952
1.218938,4,1429.629058
3.183714,8,1430.180878
3.312565,9,1430.879755
2.610406,7,1431.372125
0.506163,2,1431.52252
-2.905419,5,1431.875301
2.600353,7,1432.370909
1.379616,4,1432.640586
0.551726,2,1432.808768
7.322364,19,1435.219481
4.171083,11,1435.984997
1.833994,6,1436.425273
7.162864,19,1437.68968
0.53098,2,1437.85225
5.663259,14,1438.848311
9.043934,23,1440.49421
-2.140144,7,1441.000079
1.448717,4,1441.376832
4.425289,12,1442.114337
0.95092,3,1442.334406
3.026662,8,1442.862445
-3.077152,5,1443.174923
0.523123,2,1443.311255
0.54821,2,1443.450476
-2.205653,7,1443.92662
4.798503,13,1444.814435
8.256982,19,1446.207824
2.60636,7,1446.754264
3.901763,10,1447.552405
5.00098,13,1448.500389
3.725756,9,1449.128598
1.70569,5,1449.466654
0.506464,2,1449.60509
5.66224,14,1450.505042
2.190189,6,1450.91938
8.292865,22,1452.338801
-2.425764,7,1452.827383
4.903387,12,1453.651614
6.606795,16,1454.708958
3.908111,10,1455.402318
2.528232,7,1455.930556
7.56847,21,1457.509012
4.762893,12,1458.37419
0.546947,2,1458.563017
3.402135,9,1459.194808
8.83714,23,1460.650297
0.548585,2,1460.800236
3.202211,9,1461.400504
3.617896,9,1462.006626
6.094426,18,1463.148134
0.941205,3,1463.340311
2.162964,6,1463.744124
4.289596,11,1464.533063
4.796968,12,1465.541257
0.544278,2,1465.707509
2.730308,7,1466.240999
3.959755,10,1466.937781
2.078687,6,1467.469619
5.239664,12,1468.261753
-2.808185,6,1468.70703
0.557214,2,1468.83667
-3.500235,4,1469.126848
4.24099,11,1469.927836
0.559113,2,1470.072805
4.073828,11,1470.859502
9.336175,23,1472.50579
3.550456,10,1473.169624
2.56054,7,1473.589062
3.462882,9,1474.186436
1.724282,5,1474.527976
1.648816,5,1474.824899
1.693643,5,1475.137662
2.038579,6,1475.516531
-2.062946,7,1475.9586
8.972821,24,1477.449717
2.121879,6,1477.800155
5.563362,14,1478.630109
0.533357,2,1478.756706
0.541907,2,1478.912115
-0.203764,11,1479.524698
0.89726,3,1479.720581
6.076117,16,1480.676652
0.516591,2,1480.808372
0.930979,3,1481.008897
2.440513,7,1481.406738
0.70451,3,1481.579484
4.383828,12,1482.31727
4.06932,11,1483.1956
-1.546591,8,1483.77918
-1.273537,9,1484.518591
5.775097,14,1485.351887
2.249059,6,1485.735915
6.512499,16,1486.793321
7.144084,18,1487.966874
1.700927,5,1488.313577
0.919192,3,1488.513494
4.127188,11,1489.293721
3.147675,20,1490.726634
3.085472,8,1491.367765
2.871701,8,1491.94388
1.309854,4,1492.239031
5.558605,14,1493.25998
3.687963,10,1493.849222
6.590133,19,1495.137384
3.049195,8,1495.70134
6.73247,20,1497.003271
0.497069,2,1497.137381
3.88401,10,1497.794527
3.948514,10,1498.568896
-2.896579,5,1498.945072
4.221566,10,1499.678875
1.074823,15,1500.82995
0.529373,2,1501.00399
7.599129,20,1502.389909
0.531878,2,1502.558337
-0.800952,10,1503.244038
5.019151,13,1504.159394
0.883355,3,1504.394925
6.791992,18,1505.711421
0.539167,2,1505.870475
3.453524,9,1506.496561
7.93911,19,1507.855273
7.549716,19,1509.075296
3.609757,9,1509.684499
3.458957,9,1510.310628
2.950298,8,1510.771337
0.516543,2,1510.887151
0.515718,2,1511.024589
6.227655,15,1511.833726
4.036088,11,1512.473983
0.500478,2,1512.615957
5.637765,14,1513.499972
4.318283,11,1514.134444
2.634466,7,1514.67761
-1.296215,9,1515.559591
2.934946,8,1516.127224
-1.666986,8,1516.677936
2.542319,7,1517.284289
0.571561,2,1517.466592
1.69783,5,1517.976832
6.433704,16,1518.9883
3.373968,9,1519.66258
4.732501,11,1520.407558
-0.648208,10,1521.133149
0.469608,2,1521.271482
3.340209,9,1521.900051
0.871485,3,1522.111965
4.420914,11,1522.936717
1.761513,5,1523.37172
5.598831,14,1524.473775
6.741591,18,1525.930322
-0.123181,12,1527.006305
0.532113,2,1527.179974
1.674806,5,1527.566597
3.409263,9,1528.27901
1.747738,5,1528.701907
1.656941,5,1529.150584
2.939389,8,1529.786833
4.009274,10,1530.466718
7.302937,21,1531.891324
2.944947,8,1532.533552
1.789399,5,1532.920268
2.403031,7,1533.400116
-3.019091,5,1533.719454
3.654025,10,1534.38943
4.887524,12,1535.250501
2.643001,8,1535.874084
5.119532,13,1536.886057
6.749255,18,1538.085382
3.556548,9,1538.748984
3.949964,11,1539.509778
2.51291,7,1540.022423
4.586686,12,1540.873463
2.605152,7,1541.311606
1.84692,6,1541.678617
5.769583,13,1542.580821
8.058987,22,1544.192662
5.384087,13,1544.953034
6.780455,17,1546.019812
7.438599,33,1547.897658
3.153788,8,1548.376702
6.413012,18,1549.453626
1.972475,6,1549.884723
6.149968,15,1550.909829
0.876866,3,1551.162904
3.313084,9,1551.887379
0.511233,2,1552.06831
0.89134,3,1552.299734
2.675045,8,1552.933314
2.143183,6,1553.324452
0.547876,2,1553.442597
9.269371,23,1554.944824
4.623848,12,1555.700778
-3.012311,5,1556.018812
-3.225677,6,1556.490383
1.5931,5,1556.799704
1.915569,6,1557.329336
9.295231,23,1559.145821
5.014766,13,1560.28108
1.227805,4,1560.624348
4.910946,12,1561.537003
3.156675,8,1562.225049
3.414873,9,1562.975779
3.265789,8,1563.489307
-1.321414,9,1564.119546
2.815198,18,1565.345103
-1.383955,9,1566.004569
4.47468,13,1566.890691
7.136542,19,1568.241693
-2.169292,7,1568.727884
6.399602,16,1569.815939
7.266923,18,1571.018991
4.211511,10,1571.746621
1.535166,5,1572.087952
2.160862,6,1572.468755
2.124363,6,1572.904444
0.565071,2,1573.0472
7.133016,19,1574.363078
0.899881,3,1574.574373
0.901369,3,1574.786817
0.532018,2,1574.932574
-0.547216,11,1575.585162
0.939315,3,1575.755126
4.701295,12,1576.482758
3.027162,8,1577.921389
3.01175,8,1578.432865
-2.073508,7,1578.871069
0.522269,2,1579.043068
1.65306,5,1579.38374
1.306399,4,1579.694417
5.029456,13,1580.684118
5.763083,14,1581.714103
6.026644,15,1582.629667
4.432767,11,1583.359254
3.838785,10,1583.998302
1.064961,15,1584.975722
5.930344,15,1586.142407
8.216701,20,1587.651445
3.262743,21,1589.133815
3.967316,10,1589.715418
-1.873304,8,1590.262122
2.053664,6,1590.687234
-1.434523,8,1591.214485
5.360915,13,1592.099511
-1.571296,8,1592.662537
8.132468,21,1594.06163
-2.151408,7,1594.446396
6.634351,18,1595.501228
-3.194184,5,1595.77452
5.426661,14,1596.560021
2.362716,18,1597.503888
-0.154026,12,1598.134188
2.712511,7,1598.571833
1.980377,6,1598.906508
0.551784,2,1599.021618
9.314399,25,1600.413969
7.453343,19,1601.849251
7.871247,19,1603.272784
-1.818838,8,1603.951348
6.799086,17,1605.174535
7.616003,19,1606.482618
2.543377,7,1606.93121
0.552303,2,1607.122117
7.762784,21,1609.092574
-1.025786,10,1609.800463
0.960476,3,1610.001848
4.628422,11,1610.746442
-3.060772,5,1611.091632
2.458117,7,1611.573102
2.157499,6,1612.040718
0.178931,12,1612.844265
2.549013,7,1613.335397
1.295015,4,1613.626802
2.539007,7,1614.079951
11.269097,30,1616.077335
4.686562,12,1616.818667
2.993944,8,1617.337584
-1.791555,8,1617.797379
5.203908,13,1618.489623
7.626049,18,1619.8342
1.27065,4,1620.075387
0.945137,3,1620.258359
-0.48195,11,1620.939785
7.066618,19,1622.123281
6.876964,16,1624.415669
-0.056358,12,1625.159938
4.648397,12,1625.932948
2.966102,21,1627.19994
2.822677,16,1628.085706
2.265087,18,1629.075466
-1.623665,8,1629.526074
6.601104,29,1631.112462
10.487398,26,1632.589788
4.704159,12,1633.32998
-1.32043,9,1634.020625
4.134356,11,1634.841447
2.105706,6,1635.348554
1.57965,5,1635.737559
3.88933,10,1636.452249
5.640009,14,1637.555598
2.374681,7,1638.04379
3.687864,10,1638.686926
4.395566,12,1639.476408
8.218435,21,1640.777319
0.540766,2,1640.911017
5.724787,15,1641.872798
3.636165,9,1642.648335
6.871431,17,1643.873564
3.65135,9,1644.48806
4.394793,12,1645.382033
8.997952,24,1647.20978
8.149642,23,1648.758425
6.675565,17,1650.082997
-0.930054,9,1650.737249
3.969917,10,1651.417453
8.486316,22,1652.885433
0.53906,2,1653.035003
2.603741,7,1653.47833
-1.341823,9,1654.013969
0.896902,3,1654.228737
1.531101,16,1655.278856
9.155972,24,1656.915682
10.290585,26,1658.401832
10.01714,23,1659.886213
0.49098,2,1660.029689
6.148285,14,1661.069243
1.306248,4,1661.405423
3.780858,10,1662.042819
6.963453,18,1663.173752
2.192157,6,1663.571843
9.415673,24,1665.095805
5.480743,14,1665.868773
2.51844,7,1666.303506
3.277705,9,1666.7692
0.526997,2,1666.925559
2.192904,6,1667.343027
6.896682,19,1668.773365
6.059051,16,1669.76507
4.584427,11,1670.476156
1.652052,5,1670.811419
-0.90538,10,1671.489741
2.022953,6,1671.90983
-0.450379,10,1672.578655
-1.316284,8,1673.095477
7.999521,20,1674.379257
2.767445,7,1674.889919
1.716529,5,1675.264434
-2.732609,6,1675.738451
6.735865,37,1678.453522
0.561068,2,1678.588335
5.939364,14,1679.557162
6.452214,16,1680.658387
4.75515,28,1682.551417
11.179627,31,1684.532853
1.753048,5,1684.872824
0.692432,13,1685.720609
6.635584,17,1686.938025
0.875524,3,1687.178564
2.264527,6,1687.599714
4.1684,11,1688.463999
12.078681,33,1690.669324
15.197475,43,1693.623595
7.81123,19,1695.112407
7.14824,18,1696.239838
4.791942,12,1697.079041
6.309242,16,1698.178507
0.543698,2,1698.339982
5.020062,14,1699.343201
0.75209,14,1700.203604
2.494601,7,1700.652387
7.396654,17,1701.749614
8.036708,19,1703.178851
1.640863,5,1703.615628
6.249453,16,1704.796328
2.28071,6,1705.191992
2.289719,6,1705.57942
2.673331,20,1706.909585
10.142195,28,1708.705343
4.228584,11,1709.444546
3.51601,9,1709.978154
0.55134,2,1710.13112
4.448727,11,1710.844716
0.748706,15,1711.816273
1.618782,5,1712.184753
0.90959,3,1712.384201
-3.393331,4,1712.648241
8.815165,26,1714.337281
7.460211,18,1715.492853
1.37175,5,1715.856606
0.531422,2,1715.99852
3.405276,9,1717.775052
-0.485621,12,1718.722754
-3.148716,5,1719.103531
2.145004,6,1719.567836
0.543056,2,1719.760551
1.384131,4,1720.031884
4.808507,12,1720.703425
1.502345,16,1721.653623
5.992968,16,1722.716936
12.913558,37,1725.128755
6.442527,18,1726.283083
3.048737,8,1726.803199
0.931727,15,1727.701989
8.183521,22,1728.960878
2.641507,7,1729.467574
6.727428,16,1730.663268
10.134003,27,1732.726035
7.85791,22,1734.375769
10.205614,34,1736.429543
0.736294,15,1737.403532
2.555805,7,1737.89185
5.86824,15,1738.783999
4.8934,12,1739.568293
8.032102,21,1740.89166
3.135193,8,1741.390116
6.143091,15,1742.346454
0.708865,14,1743.247203
5.687401,16,1744.320287
1.299522,4,1744.626375
5.143035,13,1745.396946
2.654855,7,1745.868671
6.158002,17,1746.973078
5.966052,14,1747.756385
3.195627,8,1748.284281
8.140205,23,1749.684138
-0.776669,10,1750.273901
12.207449,33,1752.049181
11.484268,29,1753.613621
1.247774,4,1753.830757
4.07743,10,1754.383397
4.133184,11,1754.955266
-0.928681,10,1755.497874
0.901321,3,1755.658332
8.451296,22,1756.846448
10.830118,30,1758.625294
4.981752,13,1759.668603
3.06898,8,1760.27168
4.248352,26,1761.951058
11.224015,29,1763.832199
5.731065,16,1765.029855
5.522435,14,1766.134567
4.756467,11,1766.940737
0.576526,2,1767.097625
-1.872771,8,1767.654097
9.481444,25,1769.455218
0.895721,3,1769.659821
10.09649,27,1771.424958
9.385882,28,1773.337917
-2.407397,6,1773.73114
0.922624,3,1773.937624
7.750097,18,1775.179373
9.450845,26,1777.084862
8.605093,21,1778.594419
3.489435,9,1779.253623
2.608884,7,1779.777351
0.488185,2,1779.917866
11.198301,31,1782.17859
4.049595,10,1782.834399
0.497031,2,1782.964224
2.302224,7,1783.41889
2.262558,7,1783.830878
8.476297,39,1786.379076
2.082103,6,1786.797521
3.534943,9,1787.354299
0.966119,3,1787.543459
12.263677,35,1789.694974
-2.651015,7,1790.141907
2.662546,7,1790.637872
1.294693,15,1791.594798
4.429751,11,1792.272072
6.06435,16,1793.126654
11.810505,31,1794.74518
-0.956617,10,1795.354829
9.584166,25,1796.984216
2.910981,21,1798.497241
7.933717,22,1799.931461
12.242852,34,1802.02132
7.366372,20,1803.258181
1.37152,4,1803.527074
-1.870164,8,1804.111925
0.537561,2,1804.261449
-2.126486,8,1804.766915
5.551205,16,1805.678726
3.013092,8,1806.126506
0.585847,2,1806.242059
5.697729,14,1807.010202
6.155558,16,1807.865779
2.300652,7,1808.266088
6.360948,18,1809.25276
3.202736,9,1809.729654
0.533328,2,1809.867313
5.157296,26,1811.569359
9.747759,25,1813.408828
2.352696,6,1813.912517
0.566189,2,1814.112914
5.31764,13,1815.026759
13.99623,37,1817.535223
7.841746,20,1818.876537
2.527978,7,1819.367502
0.89826,3,1819.591415
15.017244,42,1822.400401
7.45528,18,1823.596832
8.059382,22,1825.159429
10.712134,27,1826.959436
4.816095,12,1827.848076
0.461977,13,1828.673348
4.689343,11,1829.388036
-2.973017,5,1829.749137
4.986029,13,1830.622271
4.093965,11,1831.279917
-2.518428,6,1831.693553
4.481154,12,1832.450556
4.037877,11,1833.194836
6.104269,17,1834.259989
2.258146,17,1835.371206
-0.405653,12,1836.143564
0.936595,3,1836.326912
6.73073,19,1837.412613
2.693489,7,1837.80017
6.363708,16,1838.644917
5.454624,14,1839.483668
0.710114,13,1840.171066
3.049473,8,1840.643532
1.810274,5,1841.024986
9.229487,23,1842.747031
2.95359,8,1843.44752
-2.537698,7,1844.03895
4.280674,11,1844.871402
5.767307,16,1845.94652
8.539414,22,1847.417306
6.561348,18,1848.698914
1.995807,6,1849.084769
9.479527,26,1850.989078
4.189265,11,1852.923919
7.465306,20,1854.251448
1.405946,17,1855.454359
7.090296,19,1856.73705
16.155279,55,1860.276169
0.530402,2,1860.433758
-0.201837,11,1861.33574
1.290109,4,1861.601101
7.753127,20,1863.087436
6.344913,16,1864.121013
7.585231,20,1865.472303
-0.385888,10,1866.153508
4.654587,13,1867.035239
5.060713,12,1867.788293
2.858282,20,1869.142242
0.694073,15,1870.145633
6.304574,17,1871.376535
12.060794,32,1873.488411
0.088306,13,1874.327879
2.027106,6,1874.775695
6.391814,18,1876.028877
5.306255,13,1877.080869
5.950961,16,1878.325334
5.439564,26,1880.173082
8.079598,22,1881.756884
12.746146,35,1884.067513
7.646868,21,1885.470105
14.156627,39,1887.783758
-2.180281,7,1888.202851
2.782523,19,1889.233735
-2.618787,6,1889.54098
-1.481978,9,1890.029929
2.268997,19,1891.143179
7.279785,34,1893.480897
0.125928,13,1894.408433
6.484767,16,1895.47121
0.871751,15,1896.538755
10.103622,27,1898.629801
1.108731,17,1899.86933
-2.206405,7,1900.354537
-0.591729,10,1901.034459
12.053971,31,1903.146041
1.322028,4,1903.414133
4.877386,25,1905.061993
-3.089547,5,1905.395545
6.742122,15,1906.425711
10.214833,26,1908.269937
12.496949,32,1910.147019
13.934274,51,1913.582078
16.723942,50,1916.750619
0.564101,2,1916.898474
9.328849,26,1918.51198
0.85611,3,1918.752846
-1.416238,8,1919.507841
7.852781,32,1921.980206
14.589498,43,1924.914516
-1.070404,9,1925.559112
8.149128,53,1929.038661
-1.465373,9,1929.651768
6.856134,28,1931.58642
-0.167687,11,1932.296927
6.234962,15,1933.24441
-3.023012,5,1933.563655
4.701232,12,1934.427643
3.932568,11,1935.179564
5.491815,28,1936.827191
2.123897,6,1937.169677
4.50244,12,1937.900533
-1.545333,8,1938.361547
3.426888,9,1938.882784
5.178172,13,1939.774612
12.715412,32,1942.001993
4.567389,11,1942.694336
16.371777,47,1945.678357
0.305035,14,1946.735117
1.8072,17,1947.989085
5.047595,12,1948.890265
0.973176,3,1949.065918
-0.926838,9,1949.682095
-1.559318,8,1950.182288
17.666824,69,1954.603471
-2.921485,5,1954.904798
7.545969,21,1956.060932
10.603942,27,1957.514354
6.208597,16,1958.359307
10.290711,25,1959.708089
3.118564,8,1960.141869
4.7923,13,1960.841777
1.647708,5,1961.141822
11.148866,29,1963.027913
7.844954,23,1964.584582
3.643486,10,1965.350754
9.546693,39,1967.914372
6.575635,16,1968.889183
-2.000822,7,1969.346779
4.553023,28,1971.159621
-2.977085,5,1971.484099
6.523247,18,1972.549507
-1.766521,8,1973.103412
-1.953231,7,1973.54443
1.685714,5,1973.884374
4.679016,13,1974.716435
4.710149,27,1976.413731
0.946463,3,1976.602452
3.918938,25,1978.157617
5.895425,15,1979.109048
1.436889,16,1979.957538
7.8114,22,1981.114162
8.17905,21,1982.187722
11.066303,29,1983.811305
0.561956,2,1983.950035
10.597766,30,1985.983477
9.483278,58,1990.946066
6.104916,16,1991.991042
4.199793,12,1992.7558
5.08441,14,1993.693907
-2.260383,7,1994.144806
6.575328,39,1996.67928
16.415098,88,2002.536515
5.721607,14,2003.444802
-2.248157,7,2003.844307
4.094201,10,2004.436634
9.56191,28,2006.151727
12.004969,43,2008.934814
4.125366,11,2009.646991
7.121466,18,2010.726285
9.071619,36,2012.938316
-1.456762,9,2013.489524
9.516425,23,2015.005795
2.272734,35,2017.383547
2.365761,17,2018.509985
7.076008,31,2020.296152
7.403027,20,2021.483659
15.305983,42,2024.187022
-1.160137,9,2024.731564
2.04707,19,2025.927891
1.575194,17,2027.048162
4.091028,10,2027.733906
10.526045,28,2029.505806
4.361411,12,2030.28393
7.235428,18,2031.388744
12.821069,65,2035.234789
0.92966,3,2035.427919
-1.842022,8,2035.932265
-2.256346,7,2036.329886
-0.563121,11,2037.008303
18.218384,67,2041.233916
4.71535,12,2042.005994
1.258756,16,2043.019938
8.971357,41,2045.253407
3.361425,21,2046.448372
5.877565,14,2047.203587
-2.684112,6,2047.691114
9.174061,27,2049.749287
14.002301,36,2051.881897
4.573012,12,2052.668096
0.549878,2,2052.803456
6.284188,16,2053.771036
2.07297,16,2054.757769
4.240833,11,2055.521526
8.061477,21,2056.935299
13.736556,37,2059.532898
0.528909,2,2059.667948
4.034229,10,2060.333653
5.822682,15,2061.280176
8.083258,21,2062.59861
6.397547,16,2063.68087
2.679495,7,2064.170012
12.554616,33,2066.260181
6.26096,17,2067.358918
1.772726,5,2067.674817
7.746713,19,2068.875008
-0.240709,12,2069.633434
7.680745,21,2070.854441
5.502064,28,2072.328639
1.860165,5,2072.600174
12.675127,48,2075.130058
2.086153,6,2075.458693
3.604492,9,2075.932457
7.035757,18,2076.973935
19.014197,81,2082.128788
-1.426788,9,2082.700751
7.148942,47,2085.795072
0.552339,2,2085.977005
2.722658,17,2087.257822
8.604773,23,2088.686113
6.332139,16,2089.619067
11.727958,31,2091.587838
0.187676,12,2092.37595
6.732491,17,2093.403897
-2.719283,6,2093.792208
2.189755,6,2094.168873
11.721066,29,2095.96889
1.962113,19,2097.058968
4.319601,24,2098.690488
16.050613,46,2101.475251
8.966513,25,2102.983152
10.256595,25,2104.521499
2.157325,18,2105.574002
5.714133,15,2106.49649
14.366965,41,2108.935387
8.090465,36,2110.954954
4.368915,10,2111.477735
12.234484,51,2114.168056
1.322899,4,2114.392675
2.165509,6,2114.730699
1.496702,16,2116.515136
1.756801,5,2116.785142
3.762834,24,2118.039111
2.832384,8,2118.485477
9.799794,24,2119.708262
0.47846,13,2120.396783
3.369579,9,2120.892135
6.464926,47,2123.373431
11.80816,58,2126.984197
10.397692,29,2129.155123
2.514074,7,2129.701829
11.861397,30,2131.597634
8.794525,25,2133.208246
4.238701,11,2133.923645
3.073732,19,2135.167373
3.980344,10,2135.825991
-0.491288,12,2136.643562
14.975264,44,2139.509799
12.540472,49,2142.61566
6.957544,29,2144.646804
2.87332,21,2145.97339
1.239992,15,2146.966886
7.963239,21,2148.253839
-1.451907,9,2148.837621
11.484774,48,2151.404422
3.700791,10,2151.936884
4.933637,29,2153.5119
-1.345876,9,2154.00362
17.324508,51,2157.29504
-1.464436,9,2157.901206
18.559551,59,2161.777293
18.874149,61,2165.771033
3.122549,8,2166.333707
9.017499,22,2167.73231
0.52168,2,2167.891078
5.878413,17,2169.087388
13.200321,31,2171.214791
5.325868,14,2172.135929
10.478149,50,2175.287897
10.252486,28,2177.085747
4.671649,13,2177.999568
6.506944,16,2179.149758
3.908084,10,2179.830889
-0.148833,11,2180.620698
11.256197,27,2182.293424
4.099217,37,2184.636698
11.072984,52,2188.002724
0.229316,13,2188.92512
8.327769,22,2190.39985
4.250258,11,2191.090486
5.581721,15,2192.051283
7.458375,18,2193.130598
4.714935,12,2193.927506
13.711439,57,2197.479009
6.352736,31,2199.397475
7.685591,21,2200.761881
3.822168,10,2201.384101
-0.752634,10,2202.089479
3.004705,8,2202.590951
4.893801,13,2203.406139
13.699802,37,2205.622803
6.17509,16,2206.471812
10.43501,29,2208.015823
1.188873,4,2208.230193
-0.430511,11,2208.828617
17.48025,48,2211.595531
5.037262,12,2212.543663
7.710376,20,2213.987847
1.185046,4,2214.302135
9.372921,24,2215.918919
4.294681,11,2216.600281
3.836942,23,2217.986708
5.525238,46,2220.684765
0.356536,14,2221.57147
-0.987385,10,2222.194499
5.766053,15,2223.252419
5.474134,14,2224.167771
0.8382,15,2225.118033
4.795423,12,2225.905255
0.761228,16,2226.970857
12.097123,32,2229.00269
-0.627385,11,2229.670132
4.192879,24,2231.479433
20.028173,85,2237.059801
-1.717383,8,2237.623203
1.738893,5,2237.955475
7.427048,20,2239.251251
6.788561,17,2240.297287
1.278791,15,2241.232247
14.376051,40,2243.401495
2.453092,7,2243.845917
12.168152,54,2248.303721
10.442551,25,2249.907056
-0.601939,11,2250.590508
9.243364,23,2252.071615
4.215224,11,2252.783531
2.516439,7,2253.243334
20.760644,70,2256.991277
11.517956,51,2260.397973
12.504607,62,2264.526698
4.656591,13,2265.446541
0.03869,12,2266.263587
1.057371,16,2267.308776
2.460745,19,2268.501193
1.473965,17,2269.671454
7.440257,20,2270.874099
-1.146993,10,2271.531059
0.68931,13,2272.408389
0.834694,3,2272.609574
6.387931,30,2274.51482
16.925921,53,2277.563323
16.823625,67,2281.41985
1.752831,5,2281.810202
7.485657,52,2285.562232
2.304882,18,2286.898017
6.811132,18,2288.262642
9.352398,24,2289.822534
21.474855,54,2293.248337
-2.112427,7,2293.705125
4.346967,24,2295.366892
0.560712,15,2296.350153
0.11692,13,2297.271672
5.936796,29,2299.106913
0.946219,13,2299.977092
0.099314,13,2300.83427
-2.962596,5,2301.180167
6.622163,31,2303.134877
12.035005,35,2305.504375
3.051135,20,2306.752899
22.295306,91,2311.859261
-1.784796,8,2312.287324
2.879943,8,2312.732382
5.319472,13,2313.38335
6.075867,16,2314.258048
9.375115,24,2315.560884
1.200289,15,2316.409554
3.455897,22,2318.037414
16.24614,46,2321.376801
13.572227,49,2324.392324
-2.15791,7,2324.831157
10.605301,43,2327.438119
15.106474,45,2329.879436
27.69019,100,2335.28947
11.117902,44,2338.439645
9.170215,27,2340.335834
2.837364,7,2340.768261
2.167536,6,2341.164508
4.815069,12,2341.927346
28.021946,119,2350.043831
17.000112,46,2353.08695
-1.31889,9,2353.671887
19.546698,84,2358.882984
14.012212,60,2362.317167
5.03178,46,2365.35945
3.44176,9,2365.903613
12.841647,32,2367.800771
8.973736,24,2369.355531
9.340733,23,2370.749129
4.588055,12,2371.582927
0.829509,14,2372.60566
13.381109,35,2374.901049
1.968699,18,2377.08114
2.114597,19,2378.296955
15.989668,43,2380.958377
18.806981,74,2385.883393
-2.15973,7,2386.331458
3.262806,20,2387.570168
-2.097008,7,2388.053695
2.211485,6,2388.471353
9.941052,47,2391.679166
4.197218,11,2392.31582
0.962202,3,2392.512105
2.428048,20,2393.695737
6.542994,16,2394.637259
-2.194221,7,2395.076777
6.048271,33,2396.819559
18.872245,69,2400.918451
1.249301,15,2401.844605
2.166522,6,2402.177147
8.073878,37,2404.419496
6.399185,30,2406.332327
6.430066,31,2408.385373
6.28938,32,2410.422762
4.624386,27,2411.91209
25.586335,91,2418.45086
-1.408433,9,2419.197081
9.185973,25,2420.850527
9.531011,24,2422.295187
13.178262,33,2424.261341
2.786156,18,2425.510384
8.109419,23,2427.136373
4.40896,12,2428.063797
1.357582,16,2429.099937
3.224597,23,2430.607259
17.643222,49,2434.056011
3.563843,10,2434.845184
17.704506,68,2439.217654
13.233245,48,2442.174102
11.83156,32,2444.318776
2.906787,8,2444.822628
8.765715,23,2446.188631
7.287239,18,2447.282144
-2.158437,7,2447.705944
-3.114215,5,2448.027391
6.16086,16,2448.986107
5.639335,15,2449.868511
2.943173,21,2451.302809
13.150968,47,2454.573404
21.309619,78,2459.552835
-0.826166,10,2460.226837
10.276292,37,2462.495738
13.161475,35,2464.712301
2.81635,20,2465.963858
3.391538,9,2466.518553
4.631284,12,2467.201174
0.526901,14,2467.928032
8.657897,22,2469.090683
4.558899,23,2470.34696
4.686922,13,2471.037625
19.179401,49,2473.98635
7.784277,20,2475.381971
15.103739,61,2479.164876
4.495013,24,2480.573853
5.699387,27,2482.16025
10.030405,25,2483.658581
-0.018963,12,2484.378513
2.12127,18,2485.452238
14.407184,40,2487.640411
-2.25646,7,2488.164118
11.393819,28,2490.162167
2.457748,19,2491.322417
2.840065,8,2491.920662
5.013893,29,2493.889083
10.511716,39,2496.2642
18.598563,91,2502.200299
8.662992,21,2503.471198
8.717096,54,2507.813944
15.430669,67,2511.400608
5.335027,14,2512.151947
19.270052,77,2516.065308
7.84233,22,2517.191328
-0.839618,10,2517.698871
10.763726,45,2520.082732
16.235441,73,2524.996493
5.180404,14,2525.983092
-2.468608,6,2526.391356
29.53993,106,2532.650087
10.192383,56,2535.883536
8.020025,34,2538.230616
7.828063,20,2539.474987
-0.365618,12,2540.280011
4.741645,12,2541.120205
2.638944,20,2542.593213
-2.411898,6,2543.047319
3.439106,22,2544.644125
9.935104,24,2546.513804
14.334203,56,2550.354385
5.534622,15,2551.351348
6.516869,35,2553.569448
-1.600474,8,2554.087255
11.003349,52,2557.301329
14.103087,54,2560.637792
7.674634,22,2562.035913
10.649709,30,2563.82839
4.141657,11,2564.531329
25.021056,112,2571.17517
3.854386,10,2571.79225
2.701247,18,2572.882188
9.719796,24,2574.330089
7.795745,21,2575.511473
-2.2103,7,2575.893957
11.397217,31,2577.531409
5.631791,54,2580.393824
11.656869,44,2583.075449
17.774205,79,2587.90455
10.723604,43,2590.505788
17.591077,61,2594.568784
8.55605,37,2597.033863
13.916206,52,2600.075268
0.060012,13,2600.814797
19.761955,82,2605.32146
8.595287,24,2607.181014
8.416231,23,2608.820704
4.738314,23,2610.370238
18.555222,92,2616.027914
10.499842,44,2618.578883
16.491162,53,2621.516565
8.065811,20,2622.962032
2.152353,17,2624.096957
10.623902,29,2625.757084
-3.101262,5,2626.094656
14.08023,63,2630.474828
13.390044,62,2635.467748
13.236274,40,2637.867915
15.37261,40,2640.255948
14.240187,39,2642.600057
1.227418,15,2643.513263
-0.353517,12,2644.303339
17.538306,73,2648.367114
9.374635,26,2649.633508
0.552315,2,2649.747123
5.829206,16,2650.563781
-0.344483,11,2651.112418
3.880608,24,2652.398244
-2.632969,6,2652.771977
10.265273,63,2657.081423
10.857479,29,2658.876422
-0.118244,12,2659.64658
10.526214,27,2661.719254
3.319807,9,2662.399111
6.897473,18,2663.667059
41.608546,92,2669.82726
11.341299,42,2672.358431
9.092447,47,2675.203296
16.162571,43,2677.887877
12.556045,34,2680.116704
1.736998,16,2681.160831
11.335944,49,2684.134987
27.422345,112,2691.021733
5.961052,27,2692.751545
-0.263587,12,2693.623362
6.148212,15,2694.605925
-2.588671,6,2694.956094
24.329854,110,2701.53195
30.282143,87,2707.120197
10.02391,25,2708.702425
7.822445,20,2710.049189
14.351992,35,2712.467367
-3.377528,4,2712.720177
3.308628,24,2714.145429
13.397685,48,2716.899506
2.698006,7,2717.385268
4.873751,23,2718.870941
0.930029,3,2719.086392
6.236051,14,2720.021467
9.229202,61,2723.768741
2.556747,18,2725.052871
19.817775,56,2728.43931
14.098661,81,2733.363681
3.93348,10,2734.168815
12.149943,56,2738.173781
22.010465,97,2744.459304
6.556552,32,2746.541431
4.886802,27,2748.244035
5.707188,27,2749.870834
28.13232,124,2757.469035
1.351537,4,2757.75074
14.715764,43,2760.57487
7.068392,17,2761.626848
10.923024,55,2765.924366
10.950058,28,2767.42669
2.339838,17,2768.32242
3.391377,9,2768.795056
0.567187,2,2768.929528
3.433851,22,2770.09954
17.541792,47,2772.479052
11.967013,55,2775.961862
1.789287,20,2777.254592
7.906679,39,2779.52595
15.152188,54,2782.753324
6.693259,16,2783.652472
3.011949,8,2784.108642
8.712539,81,2788.340189
6.112192,17,2789.454557
9.157704,27,2791.316944
0.856757,3,2791.532689
10.716375,46,2794.156582
2.063077,18,2795.237779
12.620217,49,2799.361066
11.316555,74,2804.359304
-1.02172,10,2804.950526
10.022725,78,2809.483123
1.602076,5,2809.817831
4.148412,11,2810.494762
15.824468,102,2816.380486
8.689879,23,2817.711524
5.588482,16,2818.554689
13.386349,42,2821.212285
1.800622,17,2822.347171
-2.675935,6,2822.683328
12.54854,35,2824.73077
16.463695,84,2829.678868
18.224436,62,2833.149901
16.808071,66,2837.421588
2.274501,6,2837.793356
18.787402,88,2842.577023
5.99942,28,2844.017856
-2.524652,6,2844.337
10.939387,29,2846.169544
0.063843,14,2847.20884
28.43261,105,2853.824939
4.02471,11,2854.57084
7.690991,21,2856.06802
16.019233,47,2858.919676
-0.846829,10,2859.547951
9.397894,26,2861.329535
10.182758,66,2865.450875
10.368242,70,2869.707719
15.510071,80,2874.77802
12.112086,34,2876.957766
8.262412,22,2878.377204
10.81926,53,2881.982397
3.45751,43,2884.552687
0.572929,2,2884.708722
5.784095,28,2886.434389
16.240269,44,2890.130808
4.354063,12,2890.839097
8.32041,23,2892.399488
11.197674,53,2895.682196
8.473842,23,2897.10088
6.874531,18,2898.246857
6.974161,19,2899.620596
6.549355,20,2901.038317
13.183893,60,2904.794709
9.681348,27,2906.605151
11.238907,53,2909.916925
1.577926,5,2910.262327
1.713129,19,2911.511551
6.662451,18,2912.656884
16.632514,60,2916.189935
10.617157,55,2919.559083
0.857749,3,2919.732691
15.293621,52,2922.70545
9.818629,25,2924.174434
13.841071,45,2926.759947
14.454746,61,2929.831894
19.559918,94,2934.582386
2.994578,8,2934.991749
5.226754,61,2938.946194
4.059427,11,2939.614745
9.246442,27,2941.101641
-2.297429,7,2941.477881
13.460702,38,2943.901506
0.836225,15,2944.870175
3.192576,9,2945.484549
14.528787,79,2950.598346
1.184379,17,2951.655239
0.883611,3,2951.844965
32.157938,107,2958.932418
29.457049,142,2966.69698
2.022787,6,2967.01341
9.693336,29,2968.445683
12.791169,36,2970.820229
4.193579,11,2971.514377
6.41006,59,2975.000473
6.57502,18,2975.987936
11.458285,33,2978.011922
-1.484425,9,2978.58976
8.241345,49,2981.465483
6.070747,15,2982.342442
2.915682,21,2983.584403
3.404698,42,2986.425064
10.446779,32,2988.689636
9.743688,26,2990.260136
0.883336,14,2991.086802
0.885066,3,2991.265481
4.371883,25,2992.740876
6.87828,18,2993.848497
16.516528,49,2996.678563
-1.655886,9,2997.225576
9.680878,29,2999.051415
4.597735,12,2999.973475
10.669157,30,3001.823478
9.565028,29,3003.667545
28.342548,127,3011.151586
3.926536,23,3012.761136
4.528557,12,3014.558802
11.243809,40,3016.821074
20.087821,69,3020.706939
4.766686,52,3023.741757
10.293438,27,3025.506434
19.589109,84,3031.177245
13.222586,73,3035.546079
12.369565,53,3038.463493
10.134123,72,3042.555058
6.918476,35,3044.694712
1.939224,17,3045.688914
10.87161,30,3047.67445
5.726047,15,3048.731324
28.484839,130,3056.693869
-2.06416,7,3057.199616
-0.005179,13,3058.065687
6.62293,18,3059.134849
2.205945,20,3060.48735
6.878214,36,3062.841718
28.579497,106,3068.903186
34.147589,116,3075.797671
30.585256,151,3083.998002
1.140676,16,3084.775991
14.953878,59,3087.973224
3.515528,23,3089.471909
9.636055,26,3090.965009
10.938908,28,3092.688318
2.057205,19,3093.998805
10.267301,30,3096.098843
5.416915,26,3097.59641
-2.114741,7,3098.055819
14.632052,49,3101.051219
13.544889,85,3106.198549
12.879041,88,3111.456298
7.448884,67,3115.703381
35.49337,176,3125.31614
4.352184,12,3125.921858
6.389638,16,3126.72216
12.880286,49,3129.155689
12.725993,39,3131.498851
11.061435,73,3137.283568
3.644469,10,3137.896137
8.584594,23,3139.240399
4.226188,11,3139.93018
15.198833,42,3142.550611
11.166637,32,3144.453052
-2.376731,7,3144.874805
4.111472,58,3148.129712
13.963874,40,3150.32192
2.901051,8,3150.76369
10.588634,25,3152.118543
6.850476,19,3153.359659
14.097774,71,3157.580573
2.785405,8,3158.038088
22.02113,63,3161.707483
24.485084,72,3166.420859
6.107452,17,3167.407786
32.476489,137,3175.191921
4.265555,12,3175.969217
2.049514,6,3176.372825
1.334216,4,3176.690176
29.843035,122,3183.94814
3.020809,21,3185.140077
0.453504,15,3186.023663
4.795627,13,3186.739341
5.133293,13,3187.411336
6.498336,17,3188.306556
10.450829,49,3190.764139
9.035247,25,3192.022386
6.862084,20,3193.054849
8.800866,45,3195.669568
1.349036,4,3195.934775
3.272033,9,3196.494476
12.081393,47,3199.047664
2.008261,6,3199.38108
4.681016,14,3200.151464
17.83932,75,3204.417962
22.128861,107,3210.340263
5.507765,15,3211.349072
5.794679,33,3213.201438
3.34454,9,3213.742735
10.393116,28,3215.404316
18.813237,51,3218.424431
9.11215,24,3219.772731
8.054568,58,3222.703807
39.437692,176,3233.053021
31.677548,145,3243.335531
0.542749,2,3243.459361
7.190245,20,3244.623202
10.12222,30,3246.382631
8.538487,25,3248.033987
18.346947,104,3254.611743
12.076554,70,3259.691544
32.419768,128,3267.270226
3.988155,23,3268.601702
8.330758,23,3269.855335
8.311818,24,3271.079222
15.351552,44,3273.29211
25.773145,86,3277.592317
13.543771,41,3279.740489
12.01943,35,3281.991895
10.695436,31,3283.70478
24.284836,69,3288.055207
13.002264,40,3290.377779
26.34122,125,3297.589162
-2.619728,6,3297.926878
11.150035,29,3299.633397
7.33649,19,3300.722573
4.320525,13,3301.510746
9.608395,68,3305.706915
10.191069,27,3307.231097
4.457361,12,3308.083984
7.071036,33,3310.192555
3.995264,26,3311.65219
15.386156,66,3315.261262
10.904223,59,3319.057134
6.408328,33,3321.22253
-1.354041,9,3321.789193
10.650697,57,3325.67207
7.772118,57,3329.124712
27.700784,135,3337.918282
5.992521,16,3338.911815
7.29924,37,3341.199624
15.222505,46,3344.165352
7.978626,20,3345.380374
0.987242,15,3346.227541
9.045296,44,3348.423788
14.290635,48,3350.719721
15.141217,51,3353.69774
2.482675,7,3354.199976
16.188647,57,3357.870063
2.471307,19,3359.16397
5.360079,30,3361.05107
-0.338174,12,3361.84752
11.354693,54,3365.214388
8.38853,44,3367.878641
17.08289,52,3370.967589
6.670348,18,3372.023398
7.966038,22,3373.151356
7.544536,57,3375.986862
0.505022,2,3376.097693
-0.428684,14,3376.855968
9.736024,73,3382.230364
23.656808,129,3389.99806
11.916162,33,3391.831998
10.981704,30,3393.547163
12.869609,45,3396.242099
10.106587,50,3399.390472
6.355137,52,3402.356778
3.263351,9,3402.859618
16.717951,76,3407.254427
15.106618,65,3410.496166
1.639685,5,3410.748367
2.067062,6,3411.049742
4.842585,55,3413.804223
5.680455,30,3415.626148
12.45766,36,3417.908029
2.202952,36,3420.289746
18.711801,80,3424.850048
9.270652,60,3428.352218
0.959976,3,3428.540061
7.300395,37,3430.78884
2.410754,7,3431.229738
9.486271,40,3433.692374
12.867626,51,3436.945096
25.232789,80,3441.555097
2.446704,22,3442.820879
10.649189,27,3444.351675
47.79863,176,3454.561703
14.799976,41,3456.963259
16.239725,52,3459.912524
26.562241,129,3467.595199
7.378712,50,3470.52333
2.459327,7,3470.92417
22.86513,70,3474.712585
34.561709,176,3484.493795
2.437009,7,3484.928639
11.966413,32,3486.878554
18.217753,60,3490.3995
34.418355,117,3496.862253
7.654873,19,3497.908616
10.359093,28,3500.881448
10.059873,30,3502.638956
10.594949,29,3504.686885
3.664769,45,3507.550261
-1.001534,10,3508.128868
13.161049,65,3511.59621
33.237257,176,3522.690511
0.503054,14,3523.504004
4.413301,29,3525.314133
27.396435,147,3534.087272
4.738192,13,3534.868169
9.986366,54,3538.315135
14.315755,46,3540.945956
28.220672,88,3546.049099
15.125788,96,3550.904004
7.410212,22,3552.365875
4.748934,13,3553.238569
0.104125,13,3554.156786
15.676111,59,3557.549669
3.115831,21,3558.760666
3.582541,11,3559.396729
16.407569,98,3564.756413
2.144116,19,3565.715259
17.06702,64,3568.888911
2.447904,7,3569.266552
4.352841,40,3571.879712
16.664172,94,3577.846242
13.461251,40,3580.22972
6.495076,16,3581.199214
17.590159,101,3587.094215
10.497425,33,3588.88682
3.572368,9,3589.349606
6.668139,19,3590.325019
7.914243,21,3591.352524
4.482739,13,3592.022619
4.206466,11,3592.615111
9.818279,28,3594.040226
11.310866,95,3599.683221
0.516001,2,3599.80854
8.198913,22,3601.000422
32.573295,176,3611.469294
2.506382,7,3611.957924
20.577306,87,3617.177612
38.192293,176,3627.811828
7.858056,23,3629.42037
3.23047,22,3630.646776
3.547508,10,3631.220969
5.568477,15,3632.147177
41.017162,176,3643.055908
3.308561,10,3643.623857
6.700802,20,3644.822245
4.291473,26,3646.63256
0.977594,3,3646.904921
17.868855,75,3651.929393
13.692647,42,3654.692161
9.159518,28,3656.428718
-0.345655,12,3657.150833
6.596182,18,3658.280665
0.466702,13,3659.183363
-2.146811,7,3659.65301
23.987083,91,3665.093134
3.939977,10,3665.691438
6.439926,18,3666.74127
5.46139,15,3667.614414
0.698529,15,3668.509604
7.911839,22,3669.830575
19.093968,136,3676.951786
8.612479,25,3678.690107
7.332813,50,3681.618399
4.848182,13,3682.319439
5.353915,14,3683.042064
3.540279,9,3683.540673
12.009379,32,3685.695353
17.006062,66,3689.688972
-1.116297,10,3690.297963
20.000503,68,3694.825775
1.854317,17,3695.801287
41.926335,170,3706.078489
4.322619,11,3706.748159
2.99321,8,3707.244875
3.263281,9,3707.783181
31.615081,176,3717.437351
9.288431,76,3721.831626
-2.148492,7,3722.432086
7.98365,25,3724.159823
11.962596,37,3726.375319
4.502907,13,3727.178997
9.536008,26,3728.78872
-0.877578,10,3729.424494
6.26692,16,3730.639019
30.648629,125,3738.285003
19.264027,79,3742.641236
10.335295,33,3744.888457
6.720345,19,3747.438342
-0.391995,12,3748.146541
20.538766,82,3753.083936
13.659768,54,3756.282684
21.715758,88,3761.767245
8.529771,61,3765.700561
4.538451,13,3766.389388
1.636769,5,3766.674013
13.144573,96,3772.490618
9.525357,41,3775.009351
19.126249,66,3779.233106
8.008771,22,3780.67018
4.480853,27,3782.242013
8.267202,24,3783.626215
8.76558,24,3784.938331
7.874537,68,3788.809709
27.519133,176,3799.80991
11.74664,33,3801.769638
2.455105,7,3802.197955
3.569192,9,3802.768174
26.833126,176,3813.208129
2.325957,21,3814.501709
15.124975,54,3817.856964
0.53022,2,3818.031536
21.429702,68,3822.445064
-2.381436,7,3822.893483
4.461918,12,3823.622719
7.192629,35,3825.812596
3.459332,21,3827.174316
23.416738,106,3833.641788
14.553642,103,3839.99935
36.081798,128,3847.35213
18.245591,78,3851.161447
21.092516,105,3857.255478
5.409947,15,3858.236811
4.522815,13,3859.141578
28.03731,147,3867.784458
5.142137,15,3868.838433
40.80102,176,3880.113461
5.152838,14,3881.04622
-1.695515,8,3881.591435
10.825275,30,3883.696404
25.194599,78,3888.418591
15.340417,43,3891.099391
-1.732471,8,3891.572818
10.588607,29,3893.280789
6.898573,18,3894.390923
22.442199,155,3903.547421
1.299297,16,3904.479078
13.52553,52,3907.385204
23.356991,86,3912.935694
7.590388,22,3914.126523
12.119242,33,3916.209962
13.527664,73,3920.614432
9.733365,25,3922.100639
13.740763,51,3925.081006
20.017162,82,3929.762808
15.686679,48,3932.275154
5.119082,31,3933.787946
14.040893,43,3936.44123
18.31922,78,3940.853845
8.309432,61,3944.282635
7.583246,22,3945.570356
2.179876,6,3945.930433
7.813538,63,3949.195887
9.592231,68,3953.161258
17.953028,58,3956.381312
8.009029,24,3957.821048
-2.105752,8,3958.336109
12.52418,38,3960.58379
2.589382,21,3961.762031
4.570008,25,3963.15237
17.335403,56,3966.487416
36.843962,125,3973.800691
20.391822,70,3977.670395
0.079819,13,3978.528709
15.237021,51,3981.79813
9.589094,27,3983.367208
16.629515,47,3986.419057
7.522761,21,3987.810159
21.565393,99,3994.981102
34.629824,163,4004.5631
31.948439,89,4009.841702
0.528111,2,4009.978582
4.249665,24,4011.313595
27.286378,134,4019.178216
27.875812,165,4028.543149
36.650968,176,4038.105204
6.789869,50,4041.127467
3.3007,24,4042.564851
11.267545,32,4044.340192
13.432026,57,4047.337757
43.19424,176,4057.595645
7.539112,33,4059.930259
21.81171,121,4067.488969
14.129411,103,4073.47013
3.634371,26,4075.006454
25.329146,98,4080.072009
18.316692,67,4084.115021
12.579922,50,4086.975541
55.797611,176,4097.824533
9.587386,23,4099.32838
7.51375,33,4101.252734
38.430379,168,4110.783042
18.275624,75,4115.565117
5.714358,30,4117.673023
7.495723,30,4119.565095
10.666347,46,4122.13227
28.906668,91,4127.198805
6.018702,17,4128.034396
-1.890364,8,4128.459422
-2.209976,7,4128.828683
5.784717,27,4130.192176
22.320547,61,4133.294266
16.430122,49,4136.604696
4.562981,12,4137.445905
37.856467,164,4148.098776
-0.685755,11,4148.779783
10.087037,26,4150.347477
37.538276,113,4156.757884
0.021956,13,4157.460093
5.604489,49,4159.902562
31.589483,122,4165.996854
10.099294,64,4169.83673
25.788559,92,4175.651535
18.870901,65,4179.523087
2.866257,20,4180.799618
35.147871,105,4186.789349
13.035546,77,4191.799191
5.428937,29,4193.583282
6.92784,33,4195.69607
17.221537,42,4198.283299
1.403527,17,4199.369219
23.595905,108,4205.647937
12.798564,47,4208.507161
39.574167,136,4216.909497
28.389306,88,4222.158662
45.713805,140,4230.677365
1.097341,15,4231.486706
3.383403,21,4232.699442
0.436084,14,4233.536846
6.036224,15,4235.383911
40.177612,114,4241.651562
0.708543,14,4242.383993
-0.197618,13,4243.067624
34.704831,125,4249.331181
41.745088,168,4258.221555
8.406111,23,4259.629277
25.731075,105,4266.018617
19.237404,61,4269.676806
19.365723,48,4272.817596
2.556927,8,4273.241898
12.592408,36,4275.265814
-2.439218,6,4275.751656
0.931831,3,4275.985848
40.612376,117,4283.565463
15.614487,36,4285.884523
12.942781,87,4290.889208
7.8294,52,4293.656254
21.94944,70,4297.13599
13.575533,38,4299.036415
17.879138,47,4301.629267
17.5192,84,4306.893131
29.247412,90,4312.772874
13.947549,54,4315.95957
9.90007,26,4317.549985
13.247741,71,4321.853713
10.995257,60,4325.663102
23.543233,84,4330.516703
26.47979,98,4336.344731
2.479328,20,4337.452285
15.858953,58,4340.776109
35.610164,118,4347.902655
3.211227,21,4349.037997
-1.391967,9,4349.503654
5.915402,55,4352.468951
12.637532,39,4356.225369
2.589084,20,4357.615105
24.051925,84,4362.880238
0.211714,13,4363.706098
18.919019,79,4368.998257
22.128483,58,4372.691159
18.757943,56,4376.38147
29.885005,96,4382.103278
6.506654,30,4384.045398
8.411404,23,4385.394022
10.081533,28,4387.008626
-0.607567,12,4387.717948
13.385277,58,4390.718065
24.455827,94,4396.40615
9.290141,39,4399.291566
-1.162685,10,4399.927801
35.824503,123,4407.456551
23.299149,71,4411.776652
1.095946,15,4412.636195
13.999524,58,4416.387387
19.258676,126,4424.147635
3.414456,23,4425.599151
6.237138,44,4428.149808
10.386819,42,4430.544769
1.85035,17,4431.512662
1.210674,16,4432.466502
-1.221319,9,4433.011643
15.563128,52,4436.154172
9.881051,31,4438.017208
9.097042,25,4439.598503
15.097487,41,4442.289259
12.796013,73,4446.606077
15.865734,38,4448.840511
15.662905,43,4451.309099
6.251737,31,4453.452004
17.97744,68,4457.451587
18.942607,96,4462.869167
25.10037,76,4467.739067
8.501843,23,4469.137751
31.364452,127,4476.162659
21.34418,87,4482.539418
6.036855,30,4484.351624
24.77085,78,4489.589638
20.271632,85,4494.880012
25.335894,82,4500.165245
18.767929,122,4506.965384
30.909018,90,4513.174034
23.164462,101,4519.767271
9.396629,55,4523.16553
45.797344,155,4532.724817
18.072233,48,4535.613039
11.665117,46,4538.328328
-2.678167,6,4538.691222
12.986433,64,4542.728447
16.096669,74,4547.138348
10.402262,63,4550.688495
6.500283,34,4552.829667
10.36225,27,4554.548967
27.270609,145,4563.393627
24.166203,68,4567.513381
21.345067,84,4572.29337
3.465788,23,4573.614361
-2.225446,7,4573.981374
35.763945,156,4583.076615
0.94092,16,4584.015593
51.060944,173,4594.372911
8.414844,23,4595.649864
24.550152,65,4599.320369
17.785423,86,4604.324262
40.40865,111,4612.414075
15.354187,44,4615.126855
7.37669,31,4617.009499
45.529381,167,4626.793762
28.190449,71,4630.448498
9.419312,24,4631.696761
7.111102,50,4635.022263
-2.336188,7,4635.565192
21.691415,54,4638.965573
12.129975,33,4641.092388
11.548283,30,4643.080439
4.03698,22,4644.418774
14.925972,39,4646.723398
33.887915,126,4653.571202
19.032039,105,4659.544739
29.408375,115,4666.590011
3.34214,21,4667.939054
11.609174,45,4670.721079
-0.705672,11,4671.444137
-2.07216,8,4671.980423
27.507378,102,4678.132513
1.049991,15,4679.038951
32.521529,176,4689.477818
0.856896,3,4689.71392
29.676834,118,4696.672009
3.969412,22,4697.929265
2.960367,19,4698.999357
27.731698,105,4704.714755
2.068944,19,4705.690378
26.798277,90,4710.246169
27.756098,73,4713.921926
5.252006,46,4716.142919
48.303362,176,4727.821722
40.478378,120,4734.664143
17.732904,101,4740.739741
-0.554488,12,4741.511774
21.476215,71,4745.838435
11.760767,40,4748.288576
1.351303,16,4749.228655
-0.772017,11,4749.851935
3.487594,24,4751.511041
14.63332,63,4755.438936
32.20921,85,4760.27348
7.754419,48,4763.277874
41.148151,114,4770.677864
0.355896,13,4771.675153
0.963508,15,4772.690121
25.198401,71,4777.040441
-2.213505,7,4777.471429
33.723361,114,4783.963153
14.737242,54,4787.031813
6.018558,25,4788.396061
14.315461,50,4790.849598
15.797046,40,4792.827137
52.511836,145,4800.711516
7.953117,34,4803.372258
19.572625,71,4807.695095
5.977264,29,4809.512731
6.174906,48,4812.162693
0.663416,14,4812.932739
-2.0425,7,4813.372396
27.79692,80,4818.358967
-0.032335,13,4819.122333
4.569465,26,4820.655062
9.897389,26,4822.228032
2.226077,19,4823.323793
-1.771632,8,4823.79183
46.941204,137,4832.707917
32.650139,90,4837.860772
15.907105,62,4841.733272
8.607989,21,4842.909728
-2.29076,7,4843.342105
5.495055,45,4845.868755
-2.390137,7,4846.329575
12.469704,45,4848.605412
12.650508,36,4852.066531
40.262387,116,4858.948858
45.404134,112,4865.60834
25.210261,70,4869.805564
7.317732,52,4872.684636
22.272967,85,4878.005759
24.15011,60,4881.75604
18.362045,54,4884.847713
9.002464,47,4887.530516
41.89436,107,4893.71462
14.462219,35,4895.961508
46.264371,117,4902.945964
39.966699,104,4908.45188
6.743026,17,4909.570829
-0.015525,12,4910.298695
15.236113,38,4912.433484
16.591519,59,4916.290076
29.080796,81,4921.455492
1.598015,17,4922.46833
12.32185,33,4924.450116
17.43364,74,4928.711212
6.314005,28,4930.152423
5.946846,27,4931.509769
14.413129,41,4933.602189
16.769467,53,4936.281108
1.061663,34,4938.053022
28.545256,73,4942.300226
11.963122,58,4945.266111
32.108989,77,4948.980352
5.082967,25,4950.774755
31.346767,76,4955.864746
1.563084,18,4957.185429
1.113776,17,4958.183751
13.697839,52,4961.339237
31.948823,86,4966.688199
18.253276,55,4969.814621
12.468628,34,4973.174608
23.701996,59,4976.82184
18.076157,70,4980.826433
-0.090949,12,4981.562121
8.317761,22,4982.791587
-1.509893,10,4983.385498
11.698499,28,4984.787373
11.286416,40,4986.866906
11.622997,46,4989.753955
11.380153,29,4991.466698
22.979145,63,4995.175029
15.061444,50,4997.70449
1.369728,4,4997.91581
11.357658,57,5001.17947
10.16902,61,5004.693076
4.963822,12,5005.42287
24.252128,63,5008.992601
31.957048,86,5014.418843
2.117415,19,5015.489244
6.889158,18,5016.670042
9.345069,37,5019.221085
13.640611,32,5021.018882
16.524242,40,5023.276691
13.27586,34,5025.263251
-1.145462,10,5025.850793
13.069964,33,5027.577092
1.834846,17,5028.43555
-2.018861,8,5028.84362
11.572856,51,5031.40758
11.12379,62,5034.455397
34.788415,107,5040.315157
19.634385,86,5045.867423
13.75733,45,5048.565074
0.512646,2,5048.702635
10.821584,29,5050.597518
-0.174352,12,5051.386171
6.020593,31,5053.465344
25.023037,64,5057.662449
10.649682,26,5059.174502
-1.534178,9,5059.760006
-0.47035,12,5060.510118
33.605273,87,5065.721473
-0.291717,13,5066.472766
23.448624,56,5070.133361
3.119094,21,5071.343391
5.117252,25,5072.777418
17.510377,44,5075.25968
-0.188895,13,5075.995259
27.249643,70,5079.698558
16.781204,42,5081.774873
2.077095,18,5082.671672
6.383031,28,5084.457595
12.694368,30,5086.460096
14.056175,39,5088.780403
32.502861,79,5094.608164
4.687064,24,5096.006752
32.145889,108,5102.893282
8.478362,22,5104.296417
6.773893,17,5105.239057
25.076853,61,5108.773979
12.81523,30,5110.817191
28.617383,63,5114.831049
2.519713,21,5116.269816
20.214935,64,5120.236358
4.708575,12,5121.017296
16.861514,44,5123.86531
9.828598,34,5125.889207
37.716905,98,5131.873216
35.241711,81,5138.481022
12.824911,50,5140.98314
18.488861,42,5143.519845
-2.113262,7,5144.01578
7.269931,18,5145.218633
8.738186,21,5146.645341
28.483475,68,5151.31481
11.65462,29,5153.043501
33.41499,79,5160.767582
19.503364,55,5164.109728
25.95881,60,5168.05839
36.000327,88,5173.444459
-0.498905,12,5174.093395
-0.916239,10,5174.589118
1.282568,4,5174.792997
31.250751,71,5178.577531
10.871691,35,5181.143815
12.470352,32,5183.369317
6.374341,28,5185.027742
13.671586,34,5187.046304
23.196088,75,5191.447614
10.234669,26,5192.950981
34.557286,80,5198.116892
20.02775,49,5200.965669
6.456303,16,5201.962155
7.268227,28,5203.604707
18.37432,53,5206.420223
17.384212,46,5209.723948
48.687708,104,5215.753915
2.155045,18,5216.877528
11.363508,45,5219.547832
6.474046,29,5221.493924
22.112534,63,5226.39156
1.601226,16,5227.329705
4.441967,11,5227.998535
19.859366,52,5230.965584
7.103917,18,5231.878819
17.986681,58,5234.861568
29.615201,67,5238.962619
0.303587,13,5239.758387
41.097858,108,5245.695508
16.437211,39,5247.660922
9.953738,25,5249.087106
12.82752,43,5252.045409
-1.066952,10,5252.705413
28.966744,79,5257.782489
-0.464504,11,5258.559227
22.3285,63,5262.486726
7.223495,18,5263.623945
-0.42392,12,5264.377174
4.08442,22,5265.723385
8.802451,33,5267.91147
25.34152,70,5272.149769
2.276397,19,5273.291307
16.810701,50,5276.222717
2.416492,18,5277.222911
3.556605,9,5277.782519
23.858471,59,5280.925344
8.673279,33,5282.898585
13.101651,45,5285.786796
28.482472,82,5290.502329
1.56041,15,5291.389588
2.266305,19,5292.499784
-0.702137,11,5293.130046
33.211,87,5297.480908
4.426716,26,5298.848538
3.937752,23,5299.982064
2.905014,18,5300.957392
9.882278,40,5303.472016
1.417823,16,5304.554734
29.506563,72,5309.149139
4.314083,12,5309.990088
-0.511705,11,5310.753842
-2.01161,7,5311.226339
15.072566,50,5314.632952
17.199397,39,5316.982247
14.338511,45,5319.650944
18.60475,50,5322.682174
29.858738,84,5328.058122
16.849066,56,5331.105537
13.34522,45,5333.325737
45.478401,97,5338.350703
-1.933827,8,5338.958785
4.309043,22,5340.465138
8.833195,32,5342.280864
7.631693,18,5343.331074
5.454353,23,5345.680299
-2.160367,7,5346.110468
11.836228,45,5348.931951
17.348627,42,5351.634837
42.106316,89,5356.686219
43.046739,91,5361.622041
6.158261,26,5363.049719
30.555098,71,5367.596859
-1.630928,8,5368.060086
7.723721,28,5369.608935
17.703264,52,5372.72771
1.365415,15,5373.595722
10.392923,24,5374.943469
28.771318,73,5379.560291
18.35023,55,5382.823236
11.064553,37,5385.002978
6.116624,26,5386.515463
-0.540175,10,5387.132833
1.555379,16,5388.073061
24.915425,64,5391.270156
4.272115,23,5392.474033
13.945046,44,5395.192223
0.733611,14,5396.161536
4.419428,24,5397.81817
10.588923,26,5399.41349
13.021627,33,5401.405873
26.423122,69,5405.558031
24.388436,58,5409.54844
22.292608,52,5412.60727
22.853959,52,5415.762752
6.009059,26,5417.325383
12.815724,42,5419.795124
9.542335,24,5422.685079
-0.183711,12,5423.449751
27.503162,65,5426.938117
4.125275,11,5427.548067
23.272828,62,5431.512479
10.658311,26,5433.03815
1.839927,17,5434.062014
14.600896,60,5437.467777
1.288561,16,5438.35635
30.748727,69,5442.853924
19.242758,53,5446.285274
13.558706,43,5448.84318
11.980114,44,5451.465615
-2.479038,6,5451.847311
5.940301,16,5452.689772
5.944619,16,5453.639159
10.032719,34,5455.620439
21.239014,56,5458.861612
14.252432,45,5461.091639
-1.856667,8,5461.505278
36.012688,83,5466.047781
16.108721,51,5470.423918
18.990528,43,5474.043269
18.4161,73,5478.460397
18.450983,58,5481.908285
8.032663,18,5482.831297
28.306001,91,5487.465099
2.529189,20,5488.471498
17.13432,42,5491.094592
17.354127,53,5494.276601
3.025578,19,5495.351887
11.780728,27,5497.194272
8.606972,31,5499.014374
7.180782,26,5500.540584
5.395571,24,5502.124953
18.214832,66,5506.225015
16.547829,48,5509.311709
26.001821,88,5514.388644
14.838433,35,5516.869341
20.324763,76,5521.690958
17.625427,42,5524.428308
4.839518,23,5525.779421
7.010587,29,5527.607164
3.410729,21,5528.781674
0.309922,13,5529.517942
35.940727,89,5534.778169
6.700127,27,5536.349931
5.709808,26,5537.818883
3.235285,19,5538.890515
30.157579,72,5542.634737
11.301468,36,5544.490102
11.900296,28,5545.921059
-0.657925,11,5546.49606
11.646355,43,5548.72121
24.799998,62,5551.781301
21.642497,61,5555.583154
25.7958,63,5559.675496
20.925695,51,5562.755035
2.80171,18,5563.853711
0.381533,13,5564.670452
43.223363,101,5571.426053
15.629058,44,5573.976876
25.715255,68,5578.523418
20.661848,60,5582.048173
20.891006,57,5585.132135
3.251486,19,5586.154935
-0.399632,11,5586.752897
15.230183,43,5589.682446
0.022865,12,5590.475737
2.315493,17,5591.442439
30.087332,79,5596.692996
3.262646,21,5597.815924
33.080751,72,5602.519409
14.772049,44,5605.54143
21.493948,69,5609.71483
-2.151901,7,5610.151154
11.800342,42,5612.794461
18.025864,58,5615.971165
21.590928,48,5618.882973
13.38754,42,5621.585192
22.711319,65,5625.641073
10.236622,33,5628.048388
17.55751,57,5631.624731
-0.33539,11,5632.420036
21.939566,58,5636.030196
12.343219,56,5639.401299
18.841728,55,5642.773452
3.379763,18,5643.948709
20.362196,55,5647.251141
6.25088,28,5649.233925
43.251406,99,5654.810565
10.618322,50,5657.493421
9.955689,35,5659.948105
30.39626,66,5664.072904
32.083181,74,5668.596804
10.553281,36,5671.099286
9.608941,33,5673.211
22.187377,63,5677.130594
6.516987,26,5678.741266
9.802373,35,5680.827378
4.570114,23,5682.120312
24.354546,55,5685.342074
-1.260043,9,5685.889798
15.51021,47,5688.486794
-2.197571,7,5688.881936
41.253599,92,5694.504922
10.727188,38,5696.777392
21.073043,54,5699.744091
25.575916,68,5703.907178
11.088849,37,5706.14109
9.821598,35,5708.108511
19.751439,56,5711.756327
2.062895,16,5712.758945
28.62829,66,5716.549803
-1.093,10,5717.16412
12.738679,53,5721.487695
13.419153,43,5723.998135
20.432682,64,5727.845541
37.158681,88,5732.596241
19.88527,54,5736.04419
0.558317,14,5736.854983
1.037034,15,5737.834704
12.308108,42,5740.521067
-0.485697,11,5741.334789
9.203365,32,5743.319745
25.924303,59,5746.843626
0.886626,14,5747.80485
21.580985,51,5750.821628
-1.164469,9,5751.344936
0.518539,13,5752.137711
13.269661,41,5754.55873
10.557203,37,5756.955444
5.666131,26,5758.715025
20.003224,54,5762.313133
4.712594,36,5764.522996
21.098973,50,5767.471075
0.093861,12,5768.168051
18.757887,43,5770.644579
4.478329,22,5771.922854
7.502234,30,5773.546725
3.680874,21,5774.71143
5.821024,28,5776.148173
-2.803391,6,5776.4582
7.612195,29,5777.954774
-2.661684,6,5778.274816
0.37115,12,5778.916966
4.19451,20,5779.939168
33.471109,76,5783.989554
1.382819,16,5784.956846
3.002529,18,5786.043241
8.490048,20,5787.113593
19.016381,52,5789.750665
4.240939,24,5791.127719
10.069148,38,5793.95121
16.386702,51,5797.198859
18.205526,51,5800.674555
4.234439,22,5802.027413
6.843387,28,5803.776326
-0.426128,12,5804.580811
-2.590565,6,5804.939737
41.11782,86,5809.46982
9.613635,33,5811.241795
-1.185645,9,5811.733457
32.114954,71,5816.415752
11.597661,36,5818.645637
3.89991,23,5820.120287
4.094725,11,5820.859764
14.076362,43,5823.463084
8.464707,30,5825.181066
-0.534762,10,5825.811542
50.034949,106,5831.906657
14.691261,38,5834.168882
19.293109,53,5837.493608
2.705499,18,5838.847057
5.595189,23,5840.266775
2.895173,17,5841.315395
2.050866,17,5843.611048
24.318986,62,5847.47218
38.99532,90,5852.933454
12.105186,39,5855.336759
-2.260639,7,5855.769068
26.36711,65,5859.961243
29.17158,70,5864.027054
14.841925,45,5866.728579
-0.853706,10,5867.36439
7.599765,28,5868.930238
11.073013,39,5870.936789
-1.650417,8,5871.329112
19.974214,58,5874.364719
-0.899868,10,5874.879395
3.07208,19,5875.805343
2.091555,16,5876.628996
2.520221,18,5877.572368
16.84955,47,5880.231679
4.2975,23,5881.877784
16.040307,47,5884.507396
7.275806,31,5886.331035
-0.05076,12,5887.032887
8.393657,31,5888.769506
47.198289,106,5894.150615
3.010306,19,5895.117023
11.356999,39,5897.033931
16.531102,38,5898.965521
-0.270182,12,5899.630655
14.308207,34,5901.67467
5.148296,26,5903.375414
15.76509,48,5906.719835
19.703091,56,5910.140785
2.400466,18,5911.223331
4.575051,25,5912.895235
21.968746,69,5917.422201
4.384182,21,5918.730611
28.29815,78,5923.349022
18.0408,51,5926.40897
11.879168,38,5928.291922
32.310508,88,5933.261589
7.353514,28,5935.335489
-1.463923,8,5935.907268
17.335961,48,5938.857674
23.070114,60,5942.697039
12.941968,40,5945.100188
12.82255,53,5948.241544
14.649314,42,5950.836208
17.163882,54,5954.223968
11.578768,37,5956.617695
-0.588135,10,5957.204005
4.172107,23,5958.587223
20.043922,58,5961.926393
1.125148,14,5962.653046
17.697216,50,5966.171605
15.284837,33,5967.900106
38.100322,92,5973.844233
0.599707,13,5974.734547
8.624694,31,5976.585268
18.75487,43,5979.167164
13.73187,44,5981.76894
-1.297244,9,5982.300559
7.766205,28,5983.768821
0.108917,12,5984.344866
6.930747,28,5985.773964
20.368601,57,5988.629267
11.130954,37,5991.242775
4.939398,25,5992.697779
11.073851,38,5995.014797
3.896224,19,5996.144291
14.922926,42,5998.897756
0.398031,13,5999.772952
20.154707,53,6002.835472
15.851911,47,6005.688441
4.989174,22,6006.914881
27.072517,76,6011.76078
5.232788,26,6013.405247
9.554695,34,6015.489925
31.039507,74,6020.333957
30.319247,63,6024.200462
26.547676,58,6027.660468
37.186092,86,6032.719015
-2.247102,7,6033.133259
4.03129,20,6034.291517
14.325905,34,6036.12089
27.838429,65,6039.486986
23.376333,52,6042.825
17.421839,42,6045.168189
17.177933,50,6048.045048
10.755683,39,6049.946109
17.198168,49,6052.343829
7.371797,28,6053.910335
5.28887,24,6055.497157
6.176378,25,6057.358142
0.767032,13,6058.291144
36.17148,88,6063.343932
18.498444,51,6066.270211
1.591411,16,6067.19971
6.686098,25,6068.53769
17.051378,49,6071.600332
2.08783,16,6072.59252
13.004122,39,6074.84584
28.275687,61,6078.642771
8.983255,22,6080.236594
5.715465,23,6081.946183
8.427297,20,6083.387309
4.065714,21,6084.677552
-1.961103,7,6085.300483
27.434574,60,6090.363794
-0.469408,11,6091.037788
15.226917,39,6093.779285
-0.033727,12,6094.662671
20.426021,57,6098.258588
29.27378,64,6102.099037
0.959229,14,6102.918304
-2.142922,7,6103.380535
-2.19322,7,6103.801817
13.356032,55,6106.771084
6.653309,28,6108.425565
6.623253,27,6110.245716
41.507692,88,6115.787979
16.524791,48,6118.643907
2.247137,19,6119.83886
27.394358,72,6124.199409
-1.297349,9,6124.745484
4.193175,22,6126.189312
18.154385,52,6129.574096
5.938012,30,6131.424914
3.605845,19,6132.631136
15.699638,47,6135.93011
23.59143,55,6139.452459
4.102033,22,6140.830207
3.868492,21,6142.107443
13.892281,46,6144.859697
10.345829,24,6146.317481
26.739389,59,6149.505699
8.376198,31,6151.284561
34.600444,76,6156.072349
29.36374,77,6160.6186
3.393941,19,6161.678243
14.545534,46,6164.077308
39.223738,95,6169.467262
18.815292,47,6172.31201
16.326201,49,6175.23039
5.57503,24,6176.66252
-0.490417,11,6177.326699
15.39997,48,6180.560375
30.623883,70,6184.881002
-1.668934,8,6185.408689
-1.649781,8,6185.936337
22.800686,65,6189.679623
10.907651,36,6191.438619
-1.953228,8,6191.85207
-2.700283,6,6192.168239
33.110656,73,6196.300361
5.485078,25,6198.02218
50.899187,107,6204.99109
16.494043,47,6207.724847
7.733857,30,6209.59067
8.590957,20,6210.846317
29.796156,81,6216.922765
-9.9e-05,12,6217.644963
12.368597,40,6220.01449
20.144552,42,6222.404194
1.278319,15,6223.295374
5.768598,23,6224.580254
26.268049,56,6227.517348
4.234353,21,6228.613838
57.767113,123,6234.767125
12.332086,29,6236.584458
7.103449,27,6238.158851
20.455116,46,6240.812027
-1.673495,8,6241.28281
10.002493,38,6243.476969
28.893274,64,6247.302281
13.378757,42,6249.617772
11.772172,39,6251.811557
12.206596,41,6254.163094
31.687375,71,6258.085256
17.835397,68,6261.756543
5.045358,24,6263.38379
-2.104984,7,6263.819298
28.062363,68,6268.230746
11.130118,35,6270.473976
26.266131,59,6274.135441
22.114133,59,6277.661797
3.763015,21,6278.895264
6.854027,27,6280.517862
14.581641,42,6283.339473
17.367993,49,6286.171933
36.030907,85,6291.012968
8.121996,19,6292.114374
29.315245,69,6295.90517
4.857889,22,6297.004356
10.394353,33,6298.639786
2.149942,17,6299.49905
3.898125,22,6300.639266
10.374199,34,6302.474453
21.750795,61,6306.239609
13.959976,42,6308.62158
3.026202,18,6309.526273
12.659139,36,6311.400668
21.962322,57,6314.224912
30.02445,66,6317.576625
1.605303,17,6318.446401
23.823605,69,6321.840838
1.722517,16,6322.667918
19.67885,55,6325.599064
2.616576,18,6326.817663
17.348568,39,6329.537312
5.591549,24,6332.235161
20.347405,60,6335.882868
5.551659,24,6337.330206
28.803905,73,6342.06289
8.368483,30,6343.952499
28.769968,73,6348.49404
-0.139458,12,6349.283146
28.226425,62,6353.100633
0.606296,13,6353.935748
7.105135,27,6355.724136
28.759373,73,6360.255044
20.706896,57,6363.857376
27.44913,57,6367.602813
17.426902,49,6370.850175
11.612572,41,6373.444963
28.541933,63,6377.236983
4.192048,22,6378.556281
18.128997,41,6380.950728
7.118487,28,6382.751159
-0.702616,10,6383.381641
10.180565,34,6385.137714
-0.19361,12,6385.795385
34.168788,72,6390.23093
9.567894,34,6392.312234
16.924985,45,6395.351429
23.254894,60,6399.00542
26.654128,60,6402.438272
8.977984,32,6404.167644
9.957894,48,6406.733128
-0.349618,11,6407.502062
19.124868,41,6410.070086
19.237119,50,6412.862193
-0.080207,12,6413.495434
7.92896,30,6415.142128
13.644857,44,6417.894324
15.938837,40,6420.211301
2.717696,18,6421.218601
28.731706,71,6425.632778
-3.039169,5,6425.95335
10.620891,27,6427.502636
27.706693,61,6431.165496
5.650465,25,6432.712332
17.781942,40,6435.074628
6.204768,27,6436.806392
35.185085,85,6442.212684
11.519456,35,6444.34169
-1.556193,8,6444.826633
4.670875,23,6446.326277
18.717792,50,6449.722708
6.619755,16,6450.779084
11.072859,37,6452.928691
16.860053,38,6455.155298
-1.568798,8,6455.657696
2.481161,18,6456.72781
2.634618,17,6458.843112
0.733532,14,6459.682921
48.117916,105,6465.499748
29.317005,70,6469.090451
8.056748,29,6470.519823
5.907137,24,6471.725806
28.148078,60,6474.802148
2.880022,18,6475.712361
-0.318681,11,6476.308152
15.928788,44,6478.523158
9.266666,34,6480.241783
4.58749,21,6481.292828
-0.392088,11,6481.863457
5.955277,27,6483.20651
28.143664,59,6486.253066
14.872431,36,6488.526
1.441464,14,6489.330672
2.555663,17,6490.397574
11.650678,26,6491.995324
12.368088,39,6494.244562
8.68691,32,6495.853335
23.240013,59,6498.766617
18.74498,48,6501.37747
4.92366,25,6502.938664
14.587656,42,6505.435777
-2.674713,6,6505.853185
34.897365,74,6510.034837
12.951816,29,6511.482398
-2.052155,7,6511.851702
13.936525,40,6513.810728
10.495608,37,6515.608817
6.676109,26,6516.92032
-2.615213,6,6517.239216
5.290929,23,6518.324011
-1.085558,10,6518.873265
-0.131552,11,6519.412194
13.36621,40,6521.341161
15.647138,44,6523.547083
7.486566,30,6525.030823
8.482325,29,6526.778844
16.236708,46,6529.858373
32.793839,69,6534.100642
26.742045,67,6537.923639
17.752644,48,6540.296502
-1.428492,9,6540.763755
8.205646,30,6542.284919
3.989661,18,6543.19912
0.072958,12,6543.75491
-2.145048,7,6544.115082
6.198058,25,6545.836576
11.773942,35,6547.771941
4.625027,22,6549.045537
2.921995,18,6550.12085
6.084691,25,6551.653136
24.064079,62,6555.614434
0.241079,12,6556.338367
14.323456,43,6559.269986
11.433587,38,6561.805616
14.821247,32,6563.886461
13.112388,41,6566.508564
38.166945,83,6571.155836
15.156232,36,6574.457479
0.433317,13,6575.184479
12.122953,30,6576.911841
21.902813,50,6579.849182
5.858516,26,6581.535268
14.574972,42,6584.108469
16.827729,49,6587.022537
7.372641,28,6588.717232
5.364503,23,6590.122265
30.32721,65,6594.313931
8.689027,33,6596.220689
15.382755,34,6598.195781
25.994205,59,6601.496644
29.34998,75,6605.28471
2.799583,19,6606.199807
6.417159,26,6607.442535
11.863783,37,6609.236284
-0.651053,10,6609.716761
30.836128,83,6614.617446
35.072163,85,6619.680175
33.449617,70,6623.885997
19.327849,54,6627.145479
13.973499,40,6629.494351
-2.633919,6,6629.916642
9.466147,33,6632.10488
6.514944,25,6633.551801
5.878504,15,6634.42129
2.737315,18,6635.474223
23.669782,53,6638.440567
21.250087,55,6641.479543
1.56562,15,6642.689013
12.191244,28,6644.651692
6.963032,28,6646.488783
3.18448,18,6647.548335
6.643599,27,6649.151689
7.124709,42,6651.834083
22.240616,64,6655.653537
16.289552,38,6657.965317
-0.563716,10,6658.540757
10.798728,38,6660.859451
-2.174213,7,6661.29898
7.120054,28,6663.124851
47.4375,97,6668.887124
-1.839572,8,6669.395563
16.983715,38,6671.449081
9.445395,21,6672.734116
19.52348,52,6676.235661
1.634686,16,6677.389342
12.965901,29,6679.648199
11.689688,38,6682.106549
17.161871,49,6685.089678
16.477522,41,6687.637846
16.600212,47,6690.53801
19.117106,41,6693.08213
9.262386,23,6694.202811
2.065471,16,6694.985031
10.363371,36,6697.858843
21.515308,56,6701.081598
39.688781,86,6706.164267
14.206275,41,6708.629822
2.561687,18,6709.699959
19.22423,44,6712.573589
28.994029,61,6716.11353
22.747555,52,6719.374635
1.185674,14,6720.275452
7.544492,29,6722.153595
27.288588,62,6726.100682
4.396844,21,6727.358757
21.543547,47,6730.085696
7.537146,30,6731.840815
13.457066,30,6733.370161
24.080307,67,6737.254384
9.352891,24,6738.596958
9.740384,23,6739.940958
23.885027,68,6743.784683
15.039679,36,6745.983472
12.994557,31,6748.141495
7.491231,18,6749.321521
15.776396,35,6751.468551
2.929112,19,6752.612626
19.562876,56,6755.805391
28.766253,74,6760.001256
12.575246,30,6761.768384
6.453139,26,6763.219829
13.373068,42,6765.532258
15.758054,37,6767.345149
15.462944,34,6768.989096
8.853245,30,6770.421641
9.76494,35,6772.170493
16.677322,39,6774.234711
15.655297,36,6776.449077
6.764346,29,6778.036913
12.81058,30,6779.682742
1.849377,17,6780.837856
15.229451,46,6784.346669
8.131389,20,6785.494995
-0.421291,11,6786.15996
21.393457,46,6788.931342
5.493951,24,6790.290245
5.787462,15,6791.185687
5.617381,23,6792.473519
4.154812,21,6793.684656
13.312276,42,6796.25036
14.482394,47,6798.828744
11.422491,39,6801.321282
20.555973,47,6803.86809
24.882984,65,6807.395642
-0.266929,11,6807.904809
0.432347,14,6808.565383
2.96245,18,6809.403945
4.399527,24,6810.540295
2.982708,18,6811.414408
29.478585,75,6816.044364
12.950184,37,6818.612022
8.721337,33,6821.323737
7.532327,28,6823.029554
17.073348,37,6825.111075
11.146409,37,6827.179428
1.38661,15,6828.024065
30.254685,75,6832.185689
-2.100869,7,6832.642947
17.57362,39,6835.009231
3.646166,20,6836.219245
16.153352,36,6838.090819
14.210179,44,6840.505993
15.015205,33,6842.539854
14.504081,34,6844.554899
32.430385,80,6848.883693
9.296289,23,6850.161845
13.550371,31,6852.011428
5.721328,24,6853.200993
13.055717,42,6855.872896
-0.963642,10,6856.560564
17.594424,39,6858.771908
14.707609,35,6860.885524
16.090504,45,6863.535201
16.206805,50,6866.068174
5.0061,23,6867.192551
-1.43538,9,6867.805718
21.138949,46,6870.549841
-0.762462,11,6871.202313
8.51227,34,6873.145215
0.555328,13,6873.889123
9.540669,23,6875.326094
10.611929,35,6877.617197
27.348157,68,6881.463657
3.284772,19,6882.542853
15.805042,35,6884.645397
14.182202,41,6887.242912
25.114318,66,6890.883896
18.965231,51,6894.205124
26.990091,59,6897.609915
24.569889,64,6901.608366
41.058334,89,6907.135831
-1.91159,7,6907.556067
34.551424,84,6912.64078
10.639301,36,6914.627296
18.883866,40,6916.895878
4.670851,22,6918.238415
10.161094,26,6919.613007
3.027385,19,6920.685281
29.67944,80,6925.239292
-2.098037,7,6925.77679
0.519986,13,6926.69322
11.780493,27,6928.406606
5.405246,24,6929.776392
3.6166,21,6931.095247
-1.41065,9,6931.646456
5.72283,24,6933.136066
7.514042,20,6934.219122
21.417374,57,6938.38171
-0.280195,11,6939.139353
15.144556,36,6941.650941
13.637341,40,6943.735575
0.516069,2,6943.879759
9.488136,34,6946.062437
2.382555,17,6947.141822
23.074926,58,6950.681839
2.505917,19,6951.76067
21.136882,55,6954.856262
18.842505,42,6957.272729
30.570309,68,6960.98349
19.031842,55,6963.711257
33.947942,72,6967.174666
6.17671,25,6968.437281
15.291234,44,6970.659186
23.623606,62,6973.682548
-0.563983,11,6974.206437
6.48836,25,6975.414451
4.507753,22,6976.609671
5.330055,24,6978.284514
5.291195,24,6979.409969
11.054385,38,6982.061671
19.736281,42,6984.832293
4.644473,21,6986.004027
10.699694,35,6987.911242
15.07149,46,6990.641812
21.183327,55,6994.395149
4.390963,22,6995.778537
18.323323,41,6998.254115
19.581897,52,7001.314228
4.867849,23,7002.64094
28.585721,63,7006.374971
6.407043,25,7007.788013
23.625893,53,7010.941824
10.284344,36,7012.861641
0.520021,2,7013.009189
10.227372,34,7014.910871
22.057712,53,7017.88341
20.519556,53,7020.499091
17.018648,37,7022.785604
7.827214,18,7023.855208
3.03891,8,7024.254695
6.866156,26,7025.855489
2.278706,19,7026.923188
24.748684,54,7030.533064
9.21521,22,7031.89545
6.112865,24,7033.459844
0.002747,12,7034.245465
12.575364,28,7036.145557
-2.301041,7,7036.592399
11.39982,27,7038.108459
17.013063,37,7040.09189
24.303572,60,7043.568566
6.257686,26,7045.011494
4.467433,21,7046.047812
11.726525,39,7047.925297
19.240054,52,7050.510306
-2.378377,6,7050.813935
17.384005,52,7053.478677
11.084002,27,7056.264673
12.395033,40,7058.762719
21.209532,45,7061.422112
5.450551,26,7062.955373
-1.069939,9,7063.507603
18.530173,41,7065.877194
24.047843,67,7070.084249
33.147946,72,7074.437292
30.627825,64,7077.989956
54.212567,114,7084.905373
6.73101,29,7086.581319
-0.936498,10,7087.194978
21.536758,49,7089.919139
27.150096,63,7093.45128
12.393301,38,7095.339869
12.461408,29,7096.660441
6.356242,15,7097.403917
21.255311,58,7101.09529
21.154081,49,7104.130721
20.870044,55,7107.491219
23.980655,52,7110.680948
19.941987,46,7113.473148
9.147699,22,7114.730247
15.888418,37,7116.924598
0.188443,13,7117.663015
41.751132,93,7122.764204
11.107647,27,7124.038295
9.87508,22,7125.097467
1.666563,16,7125.866451
29.709232,64,7129.676715
21.415625,47,7132.337898
10.824209,26,7133.977996
21.494583,46,7137.138376
1.736548,16,7138.108538
20.982379,45,7140.67244
15.409092,34,7142.714991
15.870047,49,7145.573431
5.433647,23,7147.496007
26.811973,69,7150.741826
17.921612,53,7153.437492
6.990444,27,7155.194342
2.14441,17,7156.42993
-2.080113,7,7156.965253
4.941913,13,7157.993297
0.266644,13,7158.954555
27.507396,65,7163.131215
30.143974,65,7167.263304
2.933795,19,7168.531411
3.902336,22,7169.980965
17.074997,38,7172.137727
11.456489,27,7173.487264
25.01032,56,7177.710641
1.724333,5,7178.105241
10.130887,34,7180.513138
15.581916,47,7183.455257
26.484606,58,7187.202705
14.93057,35,7189.328353
21.807711,49,7192.237879
19.208702,45,7194.895053
5.302997,25,7196.318799
33.683673,73,7200.946206
9.530254,24,7202.432429
22.031504,65,7206.80232
10.843385,34,7208.869885
21.667084,48,7211.810908
23.467159,50,7215.016978
26.116492,58,7218.542066
16.460822,36,7220.698139
5.200505,26,7222.193422
4.379209,22,7223.469014
22.383387,62,7226.955439
35.378975,85,7231.768137
5.886243,24,7233.057007
5.907631,25,7234.618779
0.506904,14,7235.688318
2.282918,17,7236.961989
4.287845,24,7238.76669
-2.146593,7,7239.203808
13.107111,30,7241.064916
4.295091,22,7242.544166
11.961903,37,7244.802095
17.784899,50,7248.067903
13.379628,31,7250.048979
3.415441,20,7251.314977
22.488644,49,7254.577851
13.633508,33,7256.765925
6.009789,24,7258.335159
-2.115396,7,7258.74299
24.22065,53,7261.953287
10.292577,34,7264.350418
54.071068,113,7271.084082
28.452045,63,7274.352294
-1.373393,9,7274.829849
4.791102,23,7276.032408
4.549991,11,7276.613919
6.549302,26,7278.401006
12.142604,39,7280.720964
27.832924,63,7284.396213
4.000362,11,7284.947819
9.828865,34,7286.630955
3.499899,20,7287.560775
26.995086,61,7291.242095
-2.009722,7,7291.64588
6.547,16,7292.596299
26.050113,57,7295.893337
3.428501,20,7297.005391
5.88553,25,7298.279874
4.942436,22,7299.335603
29.123418,60,7303.141439
38.341898,84,7308.528416
36.096496,79,7313.54578
15.66684,44,7316.271884
27.272731,58,7319.963667
12.279922,30,7322.045468
19.270194,42,7324.613078
15.13751,33,7326.497829
21.815311,57,7329.36413
24.219274,54,7332.096743
2.578427,18,7333.391206
14.157544,41,7335.891091
-0.421445,11,7336.539629
8.77084,21,7337.794718
15.277832,33,7339.651225
2.208463,17,7340.636217
11.400716,27,7342.25125
13.312208,30,7343.918872
1.300137,15,7344.694114
1.337006,14,7345.374597
50.315953,106,7350.681504
8.938931,31,7352.260624
32.699093,67,7356.445672
20.198538,44,7359.613173
-1.628749,8,7360.121429
2.413363,18,7361.293605
8.240164,31,7363.211625
5.910436,25,7364.804294
12.174073,28,7366.585382
0.407928,14,7367.631351
10.363028,34,7369.793386
10.003837,32,7371.856714
14.718626,41,7374.670047
4.012687,20,7376.010083
2.532492,17,7377.132282
15.500897,34,7379.447807
5.080991,13,7380.341505
-0.740088,10,7381.029555
0.241303,12,7381.854556
0.823397,14,7382.818314
4.127506,21,7384.120728
5.364931,24,7385.619347
24.448113,53,7388.79634
12.09682,28,7390.423823
6.126794,26,7391.987124
12.713214,44,7394.465628
0.043642,12,7395.183584
9.591165,31,7397.029011
30.806633,70,7400.93699
2.061019,16,7401.770325
28.775172,64,7405.278807
12.794364,30,7407.289621
3.056668,17,7408.207394
21.90356,46,7410.876109
-1.410435,9,7411.436405
2.628153,7,7411.835333
7.537994,19,7412.784226
8.815002,21,7413.861069
16.433084,38,7415.876984
40.363835,88,7421.065345
12.056199,39,7423.402942
23.154319,49,7427.644326
11.196295,36,7429.872607
-2.017846,7,7430.323145
2.158331,6,7430.727895
10.550949,25,7432.233703
35.596358,78,7436.948527
4.809452,23,7438.512537
-2.299951,7,7438.982891
12.110989,28,7440.788999
22.284553,49,7443.894036
-0.001649,11,7444.681732
21.769065,55,7448.181498
10.492522,25,7449.743118
-0.450701,11,7450.302603
15.686892,47,7452.964515
8.690642,21,7454.451444
14.544768,34,7456.591153
7.899781,18,7457.935316
-1.8657,8,7458.469441
10.101025,25,7459.990854
8.122926,33,7462.028712
6.016819,26,7463.651287
13.49542,41,7466.186802
24.846285,55,7469.69279
18.940376,42,7472.226778
12.319711,41,7474.639066
9.653998,24,7476.106408
13.419926,43,7478.777817
0.567395,2,7478.937506
0.211472,13,7479.850296
10.882043,26,7481.620204
0.063271,13,7482.346467
5.149095,14,7483.327295
16.387032,37,7485.523034
2.430882,16,7486.455271
22.460341,51,7489.498665
18.494053,42,7492.155658
18.928348,44,7494.72919
16.661038,40,7496.852737
12.982307,31,7498.430446
5.747976,24,7499.616012
7.504045,18,7500.542643
5.722519,14,7501.2535
11.864532,29,7502.65486
13.288471,31,7504.491881
5.36696,26,7506.311769
22.441625,49,7510.082241
14.585692,34,7512.271454
8.985753,22,7513.649159
1.479655,16,7514.646792
22.228349,52,7517.816027
21.624178,46,7520.801848
9.780007,34,7522.886273
4.306022,11,7523.579853
6.070026,15,7524.666902
11.215691,25,7526.130102
10.578588,33,7527.800804
7.800586,20,7528.846796
14.220945,45,7531.198187
14.755866,46,7534.482493
11.440374,29,7536.462698
10.826189,26,7538.289734
-0.300844,12,7539.22751
3.386313,21,7540.869932
6.455416,16,7541.992459
36.559845,79,7546.965375
26.029458,59,7550.595284
-2.13929,7,7551.072188
3.092701,19,7552.39189
12.93093,31,7555.364017
31.388106,79,7559.553247
23.206277,52,7563.148316
3.451993,9,7563.763178
26.742684,62,7568.31526
0.535423,2,7568.493127
32.145841,78,7573.296253
10.407135,24,7574.7497
11.165029,27,7576.389913
24.009183,53,7579.626317
12.705474,30,7581.614396
21.654174,47,7584.367824
9.049753,22,7585.505623
5.926693,14,7586.218129
28.158738,63,7589.535919
7.848857,30,7591.724791
9.712925,23,7593.582636
4.698203,21,7594.890141
12.158744,43,7597.547505
12.689105,41,7599.956247
9.601265,32,7601.879794
11.660605,27,7603.524802
29.001672,61,7606.912667
22.015953,51,7609.469056
13.099644,32,7611.15999
13.269672,35,7613.705247
10.570505,25,7615.475136
14.325503,42,7618.287722
-0.61663,10,7618.893464
11.105961,28,7620.805575
33.314589,73,7625.045378
10.930068,26,7626.671243
10.136359,49,7629.451523
2.774147,17,7630.290493
10.925041,25,7631.498962
18.322731,44,7633.67894
-1.813405,8,7634.174279
1.721896,16,7635.062277
12.62433,40,7637.907458
3.770183,10,7638.669309
19.504849,46,7641.688342
13.243659,32,7643.712186
0.557407,13,7644.523127
8.89488,32,7646.407759
24.356102,54,7649.68744
19.544909,55,7652.910838
0.545251,2,7653.028515
1.361808,14,7653.79637
23.54387,55,7656.457315
27.161488,60,7659.883259
10.276187,23,7661.380791
7.341013,17,7662.634204
-0.63785,11,7663.424012
21.796442,48,7666.419111
25.548928,60,7669.996712
12.58098,28,7671.621756
16.973265,37,7674.176801
7.496282,29,7675.833309
23.688371,66,7680.789515
3.613725,20,7681.946053
-0.118025,12,7682.860578
13.78557,39,7685.703012
-0.770413,10,7686.321159
2.448567,18,7687.393972
16.716291,37,7689.721035
14.239218,43,7692.403922
2.941446,8,7692.891667
20.520134,47,7695.67215
-0.637589,11,7696.368047
16.857487,47,7698.924565
15.321877,36,7701.134123
18.239382,53,7704.367441
4.944077,24,7705.825675
36.498265,77,7710.409911
2.08638,17,7711.427998
6.217634,15,7712.364418
5.375515,25,7714.151365
20.449638,55,7717.313707
14.716224,47,7719.962689
2.042126,17,7720.846952
56.091308,119,7727.042088
10.388019,35,7730.100594
11.628276,26,7731.711077
25.291012,80,7736.481163
26.393546,60,7739.869841
10.352166,24,7741.072826
6.539726,15,7741.830012
2.466832,7,7742.20606
-2.177408,7,7742.551184
4.458661,23,7743.701176
8.217238,29,7745.289607
50.017152,109,7752.22144
0.966748,15,7753.102015
2.803699,20,7754.370475
8.440835,21,7755.876051
32.39292,69,7759.381695
12.287129,28,7760.881835
24.284547,57,7764.443009
17.624216,50,7767.302965
16.854262,40,7770.066679
27.172601,71,7774.848532
23.61932,68,7779.01425
19.278551,55,7782.330948
22.308677,50,7784.743859
2.074682,16,7785.549474
2.444245,7,7785.894559
-2.045554,7,7786.241714
21.611263,58,7789.407793
5.839098,14,7790.386795
9.632906,34,7793.092239
3.757656,20,7794.438356
26.718611,57,7797.930108
-1.478953,9,7798.461874
0.270784,12,7799.260454
3.846001,20,7800.484917
-1.487694,9,7801.055203
9.758314,33,7804.243361
22.885165,61,7808.275585
4.743365,12,7809.047391
1.112108,14,7809.959522
-0.870944,10,7810.573287
11.418196,38,7812.888278
17.53157,40,7815.364764
6.351219,15,7816.322289
24.111332,56,7819.624144
7.91915,20,7821.043393
14.601008,44,7823.844479
26.059566,59,7827.006472
7.782995,18,7828.026205
7.191843,18,7828.944979
8.580125,30,7830.570267
-0.012429,13,7831.226039
8.404343,31,7832.935221
20.832206,45,7835.659096
5.968352,26,7837.153041
6.70745,17,7838.170032
42.182339,90,7843.227167
6.036137,26,7844.631674
-2.504047,6,7845.000304
37.889572,82,7849.360679
19.663965,43,7851.450575
3.186399,20,7852.501293
3.74961,24,7853.742431
9.764932,34,7855.497133
8.65953,21,7856.614799
22.496216,57,7859.863829
21.805138,47,7863.169417
-2.586861,6,7863.617997
24.419981,57,7867.273072
5.475336,25,7868.825755
38.115943,85,7874.204021
2.924306,8,7874.659084
18.322018,59,7878.297829
9.458866,22,7879.646514
4.488141,12,7880.283071
8.124265,19,7881.578313
14.159382,34,7883.658665
21.332972,48,7886.578469
1.186236,15,7887.441827
34.214505,78,7891.857385
5.736055,24,7893.544484
21.361401,49,7896.584577
6.074162,15,7897.509836
1.366927,15,7898.458438
11.440455,37,7900.963271
2.040995,6,7901.432003
17.653806,39,7903.802888
0.577235,2,7903.956154
21.792704,51,7907.023831
26.903426,58,7910.768222
12.956764,41,7913.589564
-2.356295,7,7914.085234
6.564425,16,7915.206389
0.369353,13,7916.09387
22.877419,53,7919.484186
6.754079,29,7921.253956
14.11098,42,7923.823098
18.675705,56,7926.737458
